# bank_id=11 (bg=2 ba=3) n=4360
# Columns: VA PA s imc ch dimm rank bg ba row col
0x0000723b3d806000 0x0000000c0f758000 0 0 0 0 1 2 3 45554 512
0x0000723b3d806080 0x0000000c0f758080 0 0 0 0 1 2 3 45554 520
0x0000723b3d806100 0x0000000c0f758100 0 1 0 0 1 2 3 45554 512
0x0000723b3d806180 0x0000000c0f758180 0 1 0 0 1 2 3 45554 520
0x0000723b3d806200 0x0000000c0f758200 0 0 1 0 1 2 3 45554 512
0x0000723b3d806280 0x0000000c0f758280 0 0 1 0 1 2 3 45554 520
0x0000723b3d806300 0x0000000c0f758300 0 1 1 0 1 2 3 45554 512
0x0000723b3d806380 0x0000000c0f758380 0 1 1 0 1 2 3 45554 520
0x0000723b3d806400 0x0000000c0f758400 0 0 0 0 1 2 3 45554 528
0x0000723b3d806480 0x0000000c0f758480 0 0 0 0 1 2 3 45554 536
0x0000723b3d806500 0x0000000c0f758500 0 1 0 0 1 2 3 45554 528
0x0000723b3d806580 0x0000000c0f758580 0 1 0 0 1 2 3 45554 536
0x0000723b3d806600 0x0000000c0f758600 0 0 1 0 1 2 3 45554 528
0x0000723b3d806680 0x0000000c0f758680 0 0 1 0 1 2 3 45554 536
0x0000723b3d806700 0x0000000c0f758700 0 1 1 0 1 2 3 45554 528
0x0000723b3d806780 0x0000000c0f758780 0 1 1 0 1 2 3 45554 536
0x0000723b3d806800 0x0000000c0f758800 0 0 0 0 1 2 3 45554 544
0x0000723b3d806880 0x0000000c0f758880 0 0 0 0 1 2 3 45554 552
0x0000723b3d806900 0x0000000c0f758900 0 1 0 0 1 2 3 45554 544
0x0000723b3d806980 0x0000000c0f758980 0 1 0 0 1 2 3 45554 552
0x0000723b3d806a00 0x0000000c0f758a00 0 0 1 0 1 2 3 45554 544
0x0000723b3d806a80 0x0000000c0f758a80 0 0 1 0 1 2 3 45554 552
0x0000723b3d806b00 0x0000000c0f758b00 0 1 1 0 1 2 3 45554 544
0x0000723b3d806b80 0x0000000c0f758b80 0 1 1 0 1 2 3 45554 552
0x0000723b3d806c00 0x0000000c0f758c00 0 0 0 0 1 2 3 45554 560
0x0000723b3d806c80 0x0000000c0f758c80 0 0 0 0 1 2 3 45554 568
0x0000723b3d806d00 0x0000000c0f758d00 0 1 0 0 1 2 3 45554 560
0x0000723b3d806d80 0x0000000c0f758d80 0 1 0 0 1 2 3 45554 568
0x0000723b3d806e00 0x0000000c0f758e00 0 0 1 0 1 2 3 45554 560
0x0000723b3d806e80 0x0000000c0f758e80 0 0 1 0 1 2 3 45554 568
0x0000723b3d806f00 0x0000000c0f758f00 0 1 1 0 1 2 3 45554 560
0x0000723b3d806f80 0x0000000c0f758f80 0 1 1 0 1 2 3 45554 568
0x0000723b3d819000 0x0000000303717000 0 0 0 0 0 2 3 8304 960
0x0000723b3d819080 0x0000000303717080 0 0 0 0 0 2 3 8304 968
0x0000723b3d819100 0x0000000303717100 0 1 0 0 0 2 3 8304 960
0x0000723b3d819180 0x0000000303717180 0 1 0 0 0 2 3 8304 968
0x0000723b3d819200 0x0000000303717200 0 0 1 0 0 2 3 8304 960
0x0000723b3d819280 0x0000000303717280 0 0 1 0 0 2 3 8304 968
0x0000723b3d819300 0x0000000303717300 0 1 1 0 0 2 3 8304 960
0x0000723b3d819380 0x0000000303717380 0 1 1 0 0 2 3 8304 968
0x0000723b3d819400 0x0000000303717400 0 0 0 0 0 2 3 8304 976
0x0000723b3d819480 0x0000000303717480 0 0 0 0 0 2 3 8304 984
0x0000723b3d819500 0x0000000303717500 0 1 0 0 0 2 3 8304 976
0x0000723b3d819580 0x0000000303717580 0 1 0 0 0 2 3 8304 984
0x0000723b3d819600 0x0000000303717600 0 0 1 0 0 2 3 8304 976
0x0000723b3d819680 0x0000000303717680 0 0 1 0 0 2 3 8304 984
0x0000723b3d819700 0x0000000303717700 0 1 1 0 0 2 3 8304 976
0x0000723b3d819780 0x0000000303717780 0 1 1 0 0 2 3 8304 984
0x0000723b3d819800 0x0000000303717800 0 0 0 0 0 2 3 8304 992
0x0000723b3d819880 0x0000000303717880 0 0 0 0 0 2 3 8304 1000
0x0000723b3d819900 0x0000000303717900 0 1 0 0 0 2 3 8304 992
0x0000723b3d819980 0x0000000303717980 0 1 0 0 0 2 3 8304 1000
0x0000723b3d819a00 0x0000000303717a00 0 0 1 0 0 2 3 8304 992
0x0000723b3d819a80 0x0000000303717a80 0 0 1 0 0 2 3 8304 1000
0x0000723b3d819b00 0x0000000303717b00 0 1 1 0 0 2 3 8304 992
0x0000723b3d819b80 0x0000000303717b80 0 1 1 0 0 2 3 8304 1000
0x0000723b3d819c00 0x0000000303717c00 0 0 0 0 0 2 3 8304 1008
0x0000723b3d819c80 0x0000000303717c80 0 0 0 0 0 2 3 8304 1016
0x0000723b3d819d00 0x0000000303717d00 0 1 0 0 0 2 3 8304 1008
0x0000723b3d819d80 0x0000000303717d80 0 1 0 0 0 2 3 8304 1016
0x0000723b3d819e00 0x0000000303717e00 0 0 1 0 0 2 3 8304 1008
0x0000723b3d819e80 0x0000000303717e80 0 0 1 0 0 2 3 8304 1016
0x0000723b3d819f00 0x0000000303717f00 0 1 1 0 0 2 3 8304 1008
0x0000723b3d819f80 0x0000000303717f80 0 1 1 0 0 2 3 8304 1016
0x0000723b3d821000 0x0000000ed4f9f000 0 0 0 0 1 2 3 60044 960
0x0000723b3d821080 0x0000000ed4f9f080 0 0 0 0 1 2 3 60044 968
0x0000723b3d821100 0x0000000ed4f9f100 0 1 0 0 1 2 3 60044 960
0x0000723b3d821180 0x0000000ed4f9f180 0 1 0 0 1 2 3 60044 968
0x0000723b3d821200 0x0000000ed4f9f200 0 0 1 0 1 2 3 60044 960
0x0000723b3d821280 0x0000000ed4f9f280 0 0 1 0 1 2 3 60044 968
0x0000723b3d821300 0x0000000ed4f9f300 0 1 1 0 1 2 3 60044 960
0x0000723b3d821380 0x0000000ed4f9f380 0 1 1 0 1 2 3 60044 968
0x0000723b3d821400 0x0000000ed4f9f400 0 0 0 0 1 2 3 60044 976
0x0000723b3d821480 0x0000000ed4f9f480 0 0 0 0 1 2 3 60044 984
0x0000723b3d821500 0x0000000ed4f9f500 0 1 0 0 1 2 3 60044 976
0x0000723b3d821580 0x0000000ed4f9f580 0 1 0 0 1 2 3 60044 984
0x0000723b3d821600 0x0000000ed4f9f600 0 0 1 0 1 2 3 60044 976
0x0000723b3d821680 0x0000000ed4f9f680 0 0 1 0 1 2 3 60044 984
0x0000723b3d821700 0x0000000ed4f9f700 0 1 1 0 1 2 3 60044 976
0x0000723b3d821780 0x0000000ed4f9f780 0 1 1 0 1 2 3 60044 984
0x0000723b3d821800 0x0000000ed4f9f800 0 0 0 0 1 2 3 60044 992
0x0000723b3d821880 0x0000000ed4f9f880 0 0 0 0 1 2 3 60044 1000
0x0000723b3d821900 0x0000000ed4f9f900 0 1 0 0 1 2 3 60044 992
0x0000723b3d821980 0x0000000ed4f9f980 0 1 0 0 1 2 3 60044 1000
0x0000723b3d821a00 0x0000000ed4f9fa00 0 0 1 0 1 2 3 60044 992
0x0000723b3d821a80 0x0000000ed4f9fa80 0 0 1 0 1 2 3 60044 1000
0x0000723b3d821b00 0x0000000ed4f9fb00 0 1 1 0 1 2 3 60044 992
0x0000723b3d821b80 0x0000000ed4f9fb80 0 1 1 0 1 2 3 60044 1000
0x0000723b3d821c00 0x0000000ed4f9fc00 0 0 0 0 1 2 3 60044 1008
0x0000723b3d821c80 0x0000000ed4f9fc80 0 0 0 0 1 2 3 60044 1016
0x0000723b3d821d00 0x0000000ed4f9fd00 0 1 0 0 1 2 3 60044 1008
0x0000723b3d821d80 0x0000000ed4f9fd80 0 1 0 0 1 2 3 60044 1016
0x0000723b3d821e00 0x0000000ed4f9fe00 0 0 1 0 1 2 3 60044 1008
0x0000723b3d821e80 0x0000000ed4f9fe80 0 0 1 0 1 2 3 60044 1016
0x0000723b3d821f00 0x0000000ed4f9ff00 0 1 1 0 1 2 3 60044 1008
0x0000723b3d821f80 0x0000000ed4f9ff80 0 1 1 0 1 2 3 60044 1016
0x0000723b3d82f000 0x00000007bc70e000 0 0 0 0 1 2 3 30592 384
0x0000723b3d82f080 0x00000007bc70e080 0 0 0 0 1 2 3 30592 392
0x0000723b3d82f100 0x00000007bc70e100 0 1 0 0 1 2 3 30592 384
0x0000723b3d82f180 0x00000007bc70e180 0 1 0 0 1 2 3 30592 392
0x0000723b3d82f200 0x00000007bc70e200 0 0 1 0 1 2 3 30592 384
0x0000723b3d82f280 0x00000007bc70e280 0 0 1 0 1 2 3 30592 392
0x0000723b3d82f300 0x00000007bc70e300 0 1 1 0 1 2 3 30592 384
0x0000723b3d82f380 0x00000007bc70e380 0 1 1 0 1 2 3 30592 392
0x0000723b3d82f400 0x00000007bc70e400 0 0 0 0 1 2 3 30592 400
0x0000723b3d82f480 0x00000007bc70e480 0 0 0 0 1 2 3 30592 408
0x0000723b3d82f500 0x00000007bc70e500 0 1 0 0 1 2 3 30592 400
0x0000723b3d82f580 0x00000007bc70e580 0 1 0 0 1 2 3 30592 408
0x0000723b3d82f600 0x00000007bc70e600 0 0 1 0 1 2 3 30592 400
0x0000723b3d82f680 0x00000007bc70e680 0 0 1 0 1 2 3 30592 408
0x0000723b3d82f700 0x00000007bc70e700 0 1 1 0 1 2 3 30592 400
0x0000723b3d82f780 0x00000007bc70e780 0 1 1 0 1 2 3 30592 408
0x0000723b3d82f800 0x00000007bc70e800 0 0 0 0 1 2 3 30592 416
0x0000723b3d82f880 0x00000007bc70e880 0 0 0 0 1 2 3 30592 424
0x0000723b3d82f900 0x00000007bc70e900 0 1 0 0 1 2 3 30592 416
0x0000723b3d82f980 0x00000007bc70e980 0 1 0 0 1 2 3 30592 424
0x0000723b3d82fa00 0x00000007bc70ea00 0 0 1 0 1 2 3 30592 416
0x0000723b3d82fa80 0x00000007bc70ea80 0 0 1 0 1 2 3 30592 424
0x0000723b3d82fb00 0x00000007bc70eb00 0 1 1 0 1 2 3 30592 416
0x0000723b3d82fb80 0x00000007bc70eb80 0 1 1 0 1 2 3 30592 424
0x0000723b3d82fc00 0x00000007bc70ec00 0 0 0 0 1 2 3 30592 432
0x0000723b3d82fc80 0x00000007bc70ec80 0 0 0 0 1 2 3 30592 440
0x0000723b3d82fd00 0x00000007bc70ed00 0 1 0 0 1 2 3 30592 432
0x0000723b3d82fd80 0x00000007bc70ed80 0 1 0 0 1 2 3 30592 440
0x0000723b3d82fe00 0x00000007bc70ee00 0 0 1 0 1 2 3 30592 432
0x0000723b3d82fe80 0x00000007bc70ee80 0 0 1 0 1 2 3 30592 440
0x0000723b3d82ff00 0x00000007bc70ef00 0 1 1 0 1 2 3 30592 432
0x0000723b3d82ff80 0x00000007bc70ef80 0 1 1 0 1 2 3 30592 440
0x0000723b3d835000 0x0000000ca379d000 0 0 0 0 1 2 3 50276 832
0x0000723b3d835080 0x0000000ca379d080 0 0 0 0 1 2 3 50276 840
0x0000723b3d835100 0x0000000ca379d100 0 1 0 0 1 2 3 50276 832
0x0000723b3d835180 0x0000000ca379d180 0 1 0 0 1 2 3 50276 840
0x0000723b3d835200 0x0000000ca379d200 0 0 1 0 1 2 3 50276 832
0x0000723b3d835280 0x0000000ca379d280 0 0 1 0 1 2 3 50276 840
0x0000723b3d835300 0x0000000ca379d300 0 1 1 0 1 2 3 50276 832
0x0000723b3d835380 0x0000000ca379d380 0 1 1 0 1 2 3 50276 840
0x0000723b3d835400 0x0000000ca379d400 0 0 0 0 1 2 3 50276 848
0x0000723b3d835480 0x0000000ca379d480 0 0 0 0 1 2 3 50276 856
0x0000723b3d835500 0x0000000ca379d500 0 1 0 0 1 2 3 50276 848
0x0000723b3d835580 0x0000000ca379d580 0 1 0 0 1 2 3 50276 856
0x0000723b3d835600 0x0000000ca379d600 0 0 1 0 1 2 3 50276 848
0x0000723b3d835680 0x0000000ca379d680 0 0 1 0 1 2 3 50276 856
0x0000723b3d835700 0x0000000ca379d700 0 1 1 0 1 2 3 50276 848
0x0000723b3d835780 0x0000000ca379d780 0 1 1 0 1 2 3 50276 856
0x0000723b3d835800 0x0000000ca379d800 0 0 0 0 1 2 3 50276 864
0x0000723b3d835880 0x0000000ca379d880 0 0 0 0 1 2 3 50276 872
0x0000723b3d835900 0x0000000ca379d900 0 1 0 0 1 2 3 50276 864
0x0000723b3d835980 0x0000000ca379d980 0 1 0 0 1 2 3 50276 872
0x0000723b3d835a00 0x0000000ca379da00 0 0 1 0 1 2 3 50276 864
0x0000723b3d835a80 0x0000000ca379da80 0 0 1 0 1 2 3 50276 872
0x0000723b3d835b00 0x0000000ca379db00 0 1 1 0 1 2 3 50276 864
0x0000723b3d835b80 0x0000000ca379db80 0 1 1 0 1 2 3 50276 872
0x0000723b3d835c00 0x0000000ca379dc00 0 0 0 0 1 2 3 50276 880
0x0000723b3d835c80 0x0000000ca379dc80 0 0 0 0 1 2 3 50276 888
0x0000723b3d835d00 0x0000000ca379dd00 0 1 0 0 1 2 3 50276 880
0x0000723b3d835d80 0x0000000ca379dd80 0 1 0 0 1 2 3 50276 888
0x0000723b3d835e00 0x0000000ca379de00 0 0 1 0 1 2 3 50276 880
0x0000723b3d835e80 0x0000000ca379de80 0 0 1 0 1 2 3 50276 888
0x0000723b3d835f00 0x0000000ca379df00 0 1 1 0 1 2 3 50276 880
0x0000723b3d835f80 0x0000000ca379df80 0 1 1 0 1 2 3 50276 888
0x0000723b3d836000 0x0000000ca379c000 0 0 0 0 1 2 3 50276 768
0x0000723b3d836080 0x0000000ca379c080 0 0 0 0 1 2 3 50276 776
0x0000723b3d836100 0x0000000ca379c100 0 1 0 0 1 2 3 50276 768
0x0000723b3d836180 0x0000000ca379c180 0 1 0 0 1 2 3 50276 776
0x0000723b3d836200 0x0000000ca379c200 0 0 1 0 1 2 3 50276 768
0x0000723b3d836280 0x0000000ca379c280 0 0 1 0 1 2 3 50276 776
0x0000723b3d836300 0x0000000ca379c300 0 1 1 0 1 2 3 50276 768
0x0000723b3d836380 0x0000000ca379c380 0 1 1 0 1 2 3 50276 776
0x0000723b3d836400 0x0000000ca379c400 0 0 0 0 1 2 3 50276 784
0x0000723b3d836480 0x0000000ca379c480 0 0 0 0 1 2 3 50276 792
0x0000723b3d836500 0x0000000ca379c500 0 1 0 0 1 2 3 50276 784
0x0000723b3d836580 0x0000000ca379c580 0 1 0 0 1 2 3 50276 792
0x0000723b3d836600 0x0000000ca379c600 0 0 1 0 1 2 3 50276 784
0x0000723b3d836680 0x0000000ca379c680 0 0 1 0 1 2 3 50276 792
0x0000723b3d836700 0x0000000ca379c700 0 1 1 0 1 2 3 50276 784
0x0000723b3d836780 0x0000000ca379c780 0 1 1 0 1 2 3 50276 792
0x0000723b3d836800 0x0000000ca379c800 0 0 0 0 1 2 3 50276 800
0x0000723b3d836880 0x0000000ca379c880 0 0 0 0 1 2 3 50276 808
0x0000723b3d836900 0x0000000ca379c900 0 1 0 0 1 2 3 50276 800
0x0000723b3d836980 0x0000000ca379c980 0 1 0 0 1 2 3 50276 808
0x0000723b3d836a00 0x0000000ca379ca00 0 0 1 0 1 2 3 50276 800
0x0000723b3d836a80 0x0000000ca379ca80 0 0 1 0 1 2 3 50276 808
0x0000723b3d836b00 0x0000000ca379cb00 0 1 1 0 1 2 3 50276 800
0x0000723b3d836b80 0x0000000ca379cb80 0 1 1 0 1 2 3 50276 808
0x0000723b3d836c00 0x0000000ca379cc00 0 0 0 0 1 2 3 50276 816
0x0000723b3d836c80 0x0000000ca379cc80 0 0 0 0 1 2 3 50276 824
0x0000723b3d836d00 0x0000000ca379cd00 0 1 0 0 1 2 3 50276 816
0x0000723b3d836d80 0x0000000ca379cd80 0 1 0 0 1 2 3 50276 824
0x0000723b3d836e00 0x0000000ca379ce00 0 0 1 0 1 2 3 50276 816
0x0000723b3d836e80 0x0000000ca379ce80 0 0 1 0 1 2 3 50276 824
0x0000723b3d836f00 0x0000000ca379cf00 0 1 1 0 1 2 3 50276 816
0x0000723b3d836f80 0x0000000ca379cf80 0 1 1 0 1 2 3 50276 824
0x0000723b3d837000 0x0000000ca379f000 0 0 0 0 1 2 3 50276 960
0x0000723b3d837080 0x0000000ca379f080 0 0 0 0 1 2 3 50276 968
0x0000723b3d837100 0x0000000ca379f100 0 1 0 0 1 2 3 50276 960
0x0000723b3d837180 0x0000000ca379f180 0 1 0 0 1 2 3 50276 968
0x0000723b3d837200 0x0000000ca379f200 0 0 1 0 1 2 3 50276 960
0x0000723b3d837280 0x0000000ca379f280 0 0 1 0 1 2 3 50276 968
0x0000723b3d837300 0x0000000ca379f300 0 1 1 0 1 2 3 50276 960
0x0000723b3d837380 0x0000000ca379f380 0 1 1 0 1 2 3 50276 968
0x0000723b3d837400 0x0000000ca379f400 0 0 0 0 1 2 3 50276 976
0x0000723b3d837480 0x0000000ca379f480 0 0 0 0 1 2 3 50276 984
0x0000723b3d837500 0x0000000ca379f500 0 1 0 0 1 2 3 50276 976
0x0000723b3d837580 0x0000000ca379f580 0 1 0 0 1 2 3 50276 984
0x0000723b3d837600 0x0000000ca379f600 0 0 1 0 1 2 3 50276 976
0x0000723b3d837680 0x0000000ca379f680 0 0 1 0 1 2 3 50276 984
0x0000723b3d837700 0x0000000ca379f700 0 1 1 0 1 2 3 50276 976
0x0000723b3d837780 0x0000000ca379f780 0 1 1 0 1 2 3 50276 984
0x0000723b3d837800 0x0000000ca379f800 0 0 0 0 1 2 3 50276 992
0x0000723b3d837880 0x0000000ca379f880 0 0 0 0 1 2 3 50276 1000
0x0000723b3d837900 0x0000000ca379f900 0 1 0 0 1 2 3 50276 992
0x0000723b3d837980 0x0000000ca379f980 0 1 0 0 1 2 3 50276 1000
0x0000723b3d837a00 0x0000000ca379fa00 0 0 1 0 1 2 3 50276 992
0x0000723b3d837a80 0x0000000ca379fa80 0 0 1 0 1 2 3 50276 1000
0x0000723b3d837b00 0x0000000ca379fb00 0 1 1 0 1 2 3 50276 992
0x0000723b3d837b80 0x0000000ca379fb80 0 1 1 0 1 2 3 50276 1000
0x0000723b3d837c00 0x0000000ca379fc00 0 0 0 0 1 2 3 50276 1008
0x0000723b3d837c80 0x0000000ca379fc80 0 0 0 0 1 2 3 50276 1016
0x0000723b3d837d00 0x0000000ca379fd00 0 1 0 0 1 2 3 50276 1008
0x0000723b3d837d80 0x0000000ca379fd80 0 1 0 0 1 2 3 50276 1016
0x0000723b3d837e00 0x0000000ca379fe00 0 0 1 0 1 2 3 50276 1008
0x0000723b3d837e80 0x0000000ca379fe80 0 0 1 0 1 2 3 50276 1016
0x0000723b3d837f00 0x0000000ca379ff00 0 1 1 0 1 2 3 50276 1008
0x0000723b3d837f80 0x0000000ca379ff80 0 1 1 0 1 2 3 50276 1016
0x0000723b3d838000 0x0000000ca379e000 0 0 0 0 1 2 3 50276 896
0x0000723b3d838080 0x0000000ca379e080 0 0 0 0 1 2 3 50276 904
0x0000723b3d838100 0x0000000ca379e100 0 1 0 0 1 2 3 50276 896
0x0000723b3d838180 0x0000000ca379e180 0 1 0 0 1 2 3 50276 904
0x0000723b3d838200 0x0000000ca379e200 0 0 1 0 1 2 3 50276 896
0x0000723b3d838280 0x0000000ca379e280 0 0 1 0 1 2 3 50276 904
0x0000723b3d838300 0x0000000ca379e300 0 1 1 0 1 2 3 50276 896
0x0000723b3d838380 0x0000000ca379e380 0 1 1 0 1 2 3 50276 904
0x0000723b3d838400 0x0000000ca379e400 0 0 0 0 1 2 3 50276 912
0x0000723b3d838480 0x0000000ca379e480 0 0 0 0 1 2 3 50276 920
0x0000723b3d838500 0x0000000ca379e500 0 1 0 0 1 2 3 50276 912
0x0000723b3d838580 0x0000000ca379e580 0 1 0 0 1 2 3 50276 920
0x0000723b3d838600 0x0000000ca379e600 0 0 1 0 1 2 3 50276 912
0x0000723b3d838680 0x0000000ca379e680 0 0 1 0 1 2 3 50276 920
0x0000723b3d838700 0x0000000ca379e700 0 1 1 0 1 2 3 50276 912
0x0000723b3d838780 0x0000000ca379e780 0 1 1 0 1 2 3 50276 920
0x0000723b3d838800 0x0000000ca379e800 0 0 0 0 1 2 3 50276 928
0x0000723b3d838880 0x0000000ca379e880 0 0 0 0 1 2 3 50276 936
0x0000723b3d838900 0x0000000ca379e900 0 1 0 0 1 2 3 50276 928
0x0000723b3d838980 0x0000000ca379e980 0 1 0 0 1 2 3 50276 936
0x0000723b3d838a00 0x0000000ca379ea00 0 0 1 0 1 2 3 50276 928
0x0000723b3d838a80 0x0000000ca379ea80 0 0 1 0 1 2 3 50276 936
0x0000723b3d838b00 0x0000000ca379eb00 0 1 1 0 1 2 3 50276 928
0x0000723b3d838b80 0x0000000ca379eb80 0 1 1 0 1 2 3 50276 936
0x0000723b3d838c00 0x0000000ca379ec00 0 0 0 0 1 2 3 50276 944
0x0000723b3d838c80 0x0000000ca379ec80 0 0 0 0 1 2 3 50276 952
0x0000723b3d838d00 0x0000000ca379ed00 0 1 0 0 1 2 3 50276 944
0x0000723b3d838d80 0x0000000ca379ed80 0 1 0 0 1 2 3 50276 952
0x0000723b3d838e00 0x0000000ca379ee00 0 0 1 0 1 2 3 50276 944
0x0000723b3d838e80 0x0000000ca379ee80 0 0 1 0 1 2 3 50276 952
0x0000723b3d838f00 0x0000000ca379ef00 0 1 1 0 1 2 3 50276 944
0x0000723b3d838f80 0x0000000ca379ef80 0 1 1 0 1 2 3 50276 952
0x0000723b3d839000 0x0000000533f85000 0 0 0 0 0 2 3 18044 320
0x0000723b3d839080 0x0000000533f85080 0 0 0 0 0 2 3 18044 328
0x0000723b3d839100 0x0000000533f85100 0 1 0 0 0 2 3 18044 320
0x0000723b3d839180 0x0000000533f85180 0 1 0 0 0 2 3 18044 328
0x0000723b3d839200 0x0000000533f85200 0 0 1 0 0 2 3 18044 320
0x0000723b3d839280 0x0000000533f85280 0 0 1 0 0 2 3 18044 328
0x0000723b3d839300 0x0000000533f85300 0 1 1 0 0 2 3 18044 320
0x0000723b3d839380 0x0000000533f85380 0 1 1 0 0 2 3 18044 328
0x0000723b3d839400 0x0000000533f85400 0 0 0 0 0 2 3 18044 336
0x0000723b3d839480 0x0000000533f85480 0 0 0 0 0 2 3 18044 344
0x0000723b3d839500 0x0000000533f85500 0 1 0 0 0 2 3 18044 336
0x0000723b3d839580 0x0000000533f85580 0 1 0 0 0 2 3 18044 344
0x0000723b3d839600 0x0000000533f85600 0 0 1 0 0 2 3 18044 336
0x0000723b3d839680 0x0000000533f85680 0 0 1 0 0 2 3 18044 344
0x0000723b3d839700 0x0000000533f85700 0 1 1 0 0 2 3 18044 336
0x0000723b3d839780 0x0000000533f85780 0 1 1 0 0 2 3 18044 344
0x0000723b3d839800 0x0000000533f85800 0 0 0 0 0 2 3 18044 352
0x0000723b3d839880 0x0000000533f85880 0 0 0 0 0 2 3 18044 360
0x0000723b3d839900 0x0000000533f85900 0 1 0 0 0 2 3 18044 352
0x0000723b3d839980 0x0000000533f85980 0 1 0 0 0 2 3 18044 360
0x0000723b3d839a00 0x0000000533f85a00 0 0 1 0 0 2 3 18044 352
0x0000723b3d839a80 0x0000000533f85a80 0 0 1 0 0 2 3 18044 360
0x0000723b3d839b00 0x0000000533f85b00 0 1 1 0 0 2 3 18044 352
0x0000723b3d839b80 0x0000000533f85b80 0 1 1 0 0 2 3 18044 360
0x0000723b3d839c00 0x0000000533f85c00 0 0 0 0 0 2 3 18044 368
0x0000723b3d839c80 0x0000000533f85c80 0 0 0 0 0 2 3 18044 376
0x0000723b3d839d00 0x0000000533f85d00 0 1 0 0 0 2 3 18044 368
0x0000723b3d839d80 0x0000000533f85d80 0 1 0 0 0 2 3 18044 376
0x0000723b3d839e00 0x0000000533f85e00 0 0 1 0 0 2 3 18044 368
0x0000723b3d839e80 0x0000000533f85e80 0 0 1 0 0 2 3 18044 376
0x0000723b3d839f00 0x0000000533f85f00 0 1 1 0 0 2 3 18044 368
0x0000723b3d839f80 0x0000000533f85f80 0 1 1 0 0 2 3 18044 376
0x0000723b3d83a000 0x0000000533f84000 0 0 0 0 0 2 3 18044 256
0x0000723b3d83a080 0x0000000533f84080 0 0 0 0 0 2 3 18044 264
0x0000723b3d83a100 0x0000000533f84100 0 1 0 0 0 2 3 18044 256
0x0000723b3d83a180 0x0000000533f84180 0 1 0 0 0 2 3 18044 264
0x0000723b3d83a200 0x0000000533f84200 0 0 1 0 0 2 3 18044 256
0x0000723b3d83a280 0x0000000533f84280 0 0 1 0 0 2 3 18044 264
0x0000723b3d83a300 0x0000000533f84300 0 1 1 0 0 2 3 18044 256
0x0000723b3d83a380 0x0000000533f84380 0 1 1 0 0 2 3 18044 264
0x0000723b3d83a400 0x0000000533f84400 0 0 0 0 0 2 3 18044 272
0x0000723b3d83a480 0x0000000533f84480 0 0 0 0 0 2 3 18044 280
0x0000723b3d83a500 0x0000000533f84500 0 1 0 0 0 2 3 18044 272
0x0000723b3d83a580 0x0000000533f84580 0 1 0 0 0 2 3 18044 280
0x0000723b3d83a600 0x0000000533f84600 0 0 1 0 0 2 3 18044 272
0x0000723b3d83a680 0x0000000533f84680 0 0 1 0 0 2 3 18044 280
0x0000723b3d83a700 0x0000000533f84700 0 1 1 0 0 2 3 18044 272
0x0000723b3d83a780 0x0000000533f84780 0 1 1 0 0 2 3 18044 280
0x0000723b3d83a800 0x0000000533f84800 0 0 0 0 0 2 3 18044 288
0x0000723b3d83a880 0x0000000533f84880 0 0 0 0 0 2 3 18044 296
0x0000723b3d83a900 0x0000000533f84900 0 1 0 0 0 2 3 18044 288
0x0000723b3d83a980 0x0000000533f84980 0 1 0 0 0 2 3 18044 296
0x0000723b3d83aa00 0x0000000533f84a00 0 0 1 0 0 2 3 18044 288
0x0000723b3d83aa80 0x0000000533f84a80 0 0 1 0 0 2 3 18044 296
0x0000723b3d83ab00 0x0000000533f84b00 0 1 1 0 0 2 3 18044 288
0x0000723b3d83ab80 0x0000000533f84b80 0 1 1 0 0 2 3 18044 296
0x0000723b3d83ac00 0x0000000533f84c00 0 0 0 0 0 2 3 18044 304
0x0000723b3d83ac80 0x0000000533f84c80 0 0 0 0 0 2 3 18044 312
0x0000723b3d83ad00 0x0000000533f84d00 0 1 0 0 0 2 3 18044 304
0x0000723b3d83ad80 0x0000000533f84d80 0 1 0 0 0 2 3 18044 312
0x0000723b3d83ae00 0x0000000533f84e00 0 0 1 0 0 2 3 18044 304
0x0000723b3d83ae80 0x0000000533f84e80 0 0 1 0 0 2 3 18044 312
0x0000723b3d83af00 0x0000000533f84f00 0 1 1 0 0 2 3 18044 304
0x0000723b3d83af80 0x0000000533f84f80 0 1 1 0 0 2 3 18044 312
0x0000723b3d83b000 0x0000000533f87000 0 0 0 0 0 2 3 18044 448
0x0000723b3d83b080 0x0000000533f87080 0 0 0 0 0 2 3 18044 456
0x0000723b3d83b100 0x0000000533f87100 0 1 0 0 0 2 3 18044 448
0x0000723b3d83b180 0x0000000533f87180 0 1 0 0 0 2 3 18044 456
0x0000723b3d83b200 0x0000000533f87200 0 0 1 0 0 2 3 18044 448
0x0000723b3d83b280 0x0000000533f87280 0 0 1 0 0 2 3 18044 456
0x0000723b3d83b300 0x0000000533f87300 0 1 1 0 0 2 3 18044 448
0x0000723b3d83b380 0x0000000533f87380 0 1 1 0 0 2 3 18044 456
0x0000723b3d83b400 0x0000000533f87400 0 0 0 0 0 2 3 18044 464
0x0000723b3d83b480 0x0000000533f87480 0 0 0 0 0 2 3 18044 472
0x0000723b3d83b500 0x0000000533f87500 0 1 0 0 0 2 3 18044 464
0x0000723b3d83b580 0x0000000533f87580 0 1 0 0 0 2 3 18044 472
0x0000723b3d83b600 0x0000000533f87600 0 0 1 0 0 2 3 18044 464
0x0000723b3d83b680 0x0000000533f87680 0 0 1 0 0 2 3 18044 472
0x0000723b3d83b700 0x0000000533f87700 0 1 1 0 0 2 3 18044 464
0x0000723b3d83b780 0x0000000533f87780 0 1 1 0 0 2 3 18044 472
0x0000723b3d83b800 0x0000000533f87800 0 0 0 0 0 2 3 18044 480
0x0000723b3d83b880 0x0000000533f87880 0 0 0 0 0 2 3 18044 488
0x0000723b3d83b900 0x0000000533f87900 0 1 0 0 0 2 3 18044 480
0x0000723b3d83b980 0x0000000533f87980 0 1 0 0 0 2 3 18044 488
0x0000723b3d83ba00 0x0000000533f87a00 0 0 1 0 0 2 3 18044 480
0x0000723b3d83ba80 0x0000000533f87a80 0 0 1 0 0 2 3 18044 488
0x0000723b3d83bb00 0x0000000533f87b00 0 1 1 0 0 2 3 18044 480
0x0000723b3d83bb80 0x0000000533f87b80 0 1 1 0 0 2 3 18044 488
0x0000723b3d83bc00 0x0000000533f87c00 0 0 0 0 0 2 3 18044 496
0x0000723b3d83bc80 0x0000000533f87c80 0 0 0 0 0 2 3 18044 504
0x0000723b3d83bd00 0x0000000533f87d00 0 1 0 0 0 2 3 18044 496
0x0000723b3d83bd80 0x0000000533f87d80 0 1 0 0 0 2 3 18044 504
0x0000723b3d83be00 0x0000000533f87e00 0 0 1 0 0 2 3 18044 496
0x0000723b3d83be80 0x0000000533f87e80 0 0 1 0 0 2 3 18044 504
0x0000723b3d83bf00 0x0000000533f87f00 0 1 1 0 0 2 3 18044 496
0x0000723b3d83bf80 0x0000000533f87f80 0 1 1 0 0 2 3 18044 504
0x0000723b3d83c000 0x0000000533f86000 0 0 0 0 0 2 3 18044 384
0x0000723b3d83c080 0x0000000533f86080 0 0 0 0 0 2 3 18044 392
0x0000723b3d83c100 0x0000000533f86100 0 1 0 0 0 2 3 18044 384
0x0000723b3d83c180 0x0000000533f86180 0 1 0 0 0 2 3 18044 392
0x0000723b3d83c200 0x0000000533f86200 0 0 1 0 0 2 3 18044 384
0x0000723b3d83c280 0x0000000533f86280 0 0 1 0 0 2 3 18044 392
0x0000723b3d83c300 0x0000000533f86300 0 1 1 0 0 2 3 18044 384
0x0000723b3d83c380 0x0000000533f86380 0 1 1 0 0 2 3 18044 392
0x0000723b3d83c400 0x0000000533f86400 0 0 0 0 0 2 3 18044 400
0x0000723b3d83c480 0x0000000533f86480 0 0 0 0 0 2 3 18044 408
0x0000723b3d83c500 0x0000000533f86500 0 1 0 0 0 2 3 18044 400
0x0000723b3d83c580 0x0000000533f86580 0 1 0 0 0 2 3 18044 408
0x0000723b3d83c600 0x0000000533f86600 0 0 1 0 0 2 3 18044 400
0x0000723b3d83c680 0x0000000533f86680 0 0 1 0 0 2 3 18044 408
0x0000723b3d83c700 0x0000000533f86700 0 1 1 0 0 2 3 18044 400
0x0000723b3d83c780 0x0000000533f86780 0 1 1 0 0 2 3 18044 408
0x0000723b3d83c800 0x0000000533f86800 0 0 0 0 0 2 3 18044 416
0x0000723b3d83c880 0x0000000533f86880 0 0 0 0 0 2 3 18044 424
0x0000723b3d83c900 0x0000000533f86900 0 1 0 0 0 2 3 18044 416
0x0000723b3d83c980 0x0000000533f86980 0 1 0 0 0 2 3 18044 424
0x0000723b3d83ca00 0x0000000533f86a00 0 0 1 0 0 2 3 18044 416
0x0000723b3d83ca80 0x0000000533f86a80 0 0 1 0 0 2 3 18044 424
0x0000723b3d83cb00 0x0000000533f86b00 0 1 1 0 0 2 3 18044 416
0x0000723b3d83cb80 0x0000000533f86b80 0 1 1 0 0 2 3 18044 424
0x0000723b3d83cc00 0x0000000533f86c00 0 0 0 0 0 2 3 18044 432
0x0000723b3d83cc80 0x0000000533f86c80 0 0 0 0 0 2 3 18044 440
0x0000723b3d83cd00 0x0000000533f86d00 0 1 0 0 0 2 3 18044 432
0x0000723b3d83cd80 0x0000000533f86d80 0 1 0 0 0 2 3 18044 440
0x0000723b3d83ce00 0x0000000533f86e00 0 0 1 0 0 2 3 18044 432
0x0000723b3d83ce80 0x0000000533f86e80 0 0 1 0 0 2 3 18044 440
0x0000723b3d83cf00 0x0000000533f86f00 0 1 1 0 0 2 3 18044 432
0x0000723b3d83cf80 0x0000000533f86f80 0 1 1 0 0 2 3 18044 440
0x0000723b3d85f000 0x0000000893787000 0 0 0 0 0 2 3 33380 448
0x0000723b3d85f080 0x0000000893787080 0 0 0 0 0 2 3 33380 456
0x0000723b3d85f100 0x0000000893787100 0 1 0 0 0 2 3 33380 448
0x0000723b3d85f180 0x0000000893787180 0 1 0 0 0 2 3 33380 456
0x0000723b3d85f200 0x0000000893787200 0 0 1 0 0 2 3 33380 448
0x0000723b3d85f280 0x0000000893787280 0 0 1 0 0 2 3 33380 456
0x0000723b3d85f300 0x0000000893787300 0 1 1 0 0 2 3 33380 448
0x0000723b3d85f380 0x0000000893787380 0 1 1 0 0 2 3 33380 456
0x0000723b3d85f400 0x0000000893787400 0 0 0 0 0 2 3 33380 464
0x0000723b3d85f480 0x0000000893787480 0 0 0 0 0 2 3 33380 472
0x0000723b3d85f500 0x0000000893787500 0 1 0 0 0 2 3 33380 464
0x0000723b3d85f580 0x0000000893787580 0 1 0 0 0 2 3 33380 472
0x0000723b3d85f600 0x0000000893787600 0 0 1 0 0 2 3 33380 464
0x0000723b3d85f680 0x0000000893787680 0 0 1 0 0 2 3 33380 472
0x0000723b3d85f700 0x0000000893787700 0 1 1 0 0 2 3 33380 464
0x0000723b3d85f780 0x0000000893787780 0 1 1 0 0 2 3 33380 472
0x0000723b3d85f800 0x0000000893787800 0 0 0 0 0 2 3 33380 480
0x0000723b3d85f880 0x0000000893787880 0 0 0 0 0 2 3 33380 488
0x0000723b3d85f900 0x0000000893787900 0 1 0 0 0 2 3 33380 480
0x0000723b3d85f980 0x0000000893787980 0 1 0 0 0 2 3 33380 488
0x0000723b3d85fa00 0x0000000893787a00 0 0 1 0 0 2 3 33380 480
0x0000723b3d85fa80 0x0000000893787a80 0 0 1 0 0 2 3 33380 488
0x0000723b3d85fb00 0x0000000893787b00 0 1 1 0 0 2 3 33380 480
0x0000723b3d85fb80 0x0000000893787b80 0 1 1 0 0 2 3 33380 488
0x0000723b3d85fc00 0x0000000893787c00 0 0 0 0 0 2 3 33380 496
0x0000723b3d85fc80 0x0000000893787c80 0 0 0 0 0 2 3 33380 504
0x0000723b3d85fd00 0x0000000893787d00 0 1 0 0 0 2 3 33380 496
0x0000723b3d85fd80 0x0000000893787d80 0 1 0 0 0 2 3 33380 504
0x0000723b3d85fe00 0x0000000893787e00 0 0 1 0 0 2 3 33380 496
0x0000723b3d85fe80 0x0000000893787e80 0 0 1 0 0 2 3 33380 504
0x0000723b3d85ff00 0x0000000893787f00 0 1 1 0 0 2 3 33380 496
0x0000723b3d85ff80 0x0000000893787f80 0 1 1 0 0 2 3 33380 504
0x0000723b3d861000 0x0000000893784000 0 0 0 0 0 2 3 33380 256
0x0000723b3d861080 0x0000000893784080 0 0 0 0 0 2 3 33380 264
0x0000723b3d861100 0x0000000893784100 0 1 0 0 0 2 3 33380 256
0x0000723b3d861180 0x0000000893784180 0 1 0 0 0 2 3 33380 264
0x0000723b3d861200 0x0000000893784200 0 0 1 0 0 2 3 33380 256
0x0000723b3d861280 0x0000000893784280 0 0 1 0 0 2 3 33380 264
0x0000723b3d861300 0x0000000893784300 0 1 1 0 0 2 3 33380 256
0x0000723b3d861380 0x0000000893784380 0 1 1 0 0 2 3 33380 264
0x0000723b3d861400 0x0000000893784400 0 0 0 0 0 2 3 33380 272
0x0000723b3d861480 0x0000000893784480 0 0 0 0 0 2 3 33380 280
0x0000723b3d861500 0x0000000893784500 0 1 0 0 0 2 3 33380 272
0x0000723b3d861580 0x0000000893784580 0 1 0 0 0 2 3 33380 280
0x0000723b3d861600 0x0000000893784600 0 0 1 0 0 2 3 33380 272
0x0000723b3d861680 0x0000000893784680 0 0 1 0 0 2 3 33380 280
0x0000723b3d861700 0x0000000893784700 0 1 1 0 0 2 3 33380 272
0x0000723b3d861780 0x0000000893784780 0 1 1 0 0 2 3 33380 280
0x0000723b3d861800 0x0000000893784800 0 0 0 0 0 2 3 33380 288
0x0000723b3d861880 0x0000000893784880 0 0 0 0 0 2 3 33380 296
0x0000723b3d861900 0x0000000893784900 0 1 0 0 0 2 3 33380 288
0x0000723b3d861980 0x0000000893784980 0 1 0 0 0 2 3 33380 296
0x0000723b3d861a00 0x0000000893784a00 0 0 1 0 0 2 3 33380 288
0x0000723b3d861a80 0x0000000893784a80 0 0 1 0 0 2 3 33380 296
0x0000723b3d861b00 0x0000000893784b00 0 1 1 0 0 2 3 33380 288
0x0000723b3d861b80 0x0000000893784b80 0 1 1 0 0 2 3 33380 296
0x0000723b3d861c00 0x0000000893784c00 0 0 0 0 0 2 3 33380 304
0x0000723b3d861c80 0x0000000893784c80 0 0 0 0 0 2 3 33380 312
0x0000723b3d861d00 0x0000000893784d00 0 1 0 0 0 2 3 33380 304
0x0000723b3d861d80 0x0000000893784d80 0 1 0 0 0 2 3 33380 312
0x0000723b3d861e00 0x0000000893784e00 0 0 1 0 0 2 3 33380 304
0x0000723b3d861e80 0x0000000893784e80 0 0 1 0 0 2 3 33380 312
0x0000723b3d861f00 0x0000000893784f00 0 1 1 0 0 2 3 33380 304
0x0000723b3d861f80 0x0000000893784f80 0 1 1 0 0 2 3 33380 312
0x0000723b3d862000 0x0000000893785000 0 0 0 0 0 2 3 33380 320
0x0000723b3d862080 0x0000000893785080 0 0 0 0 0 2 3 33380 328
0x0000723b3d862100 0x0000000893785100 0 1 0 0 0 2 3 33380 320
0x0000723b3d862180 0x0000000893785180 0 1 0 0 0 2 3 33380 328
0x0000723b3d862200 0x0000000893785200 0 0 1 0 0 2 3 33380 320
0x0000723b3d862280 0x0000000893785280 0 0 1 0 0 2 3 33380 328
0x0000723b3d862300 0x0000000893785300 0 1 1 0 0 2 3 33380 320
0x0000723b3d862380 0x0000000893785380 0 1 1 0 0 2 3 33380 328
0x0000723b3d862400 0x0000000893785400 0 0 0 0 0 2 3 33380 336
0x0000723b3d862480 0x0000000893785480 0 0 0 0 0 2 3 33380 344
0x0000723b3d862500 0x0000000893785500 0 1 0 0 0 2 3 33380 336
0x0000723b3d862580 0x0000000893785580 0 1 0 0 0 2 3 33380 344
0x0000723b3d862600 0x0000000893785600 0 0 1 0 0 2 3 33380 336
0x0000723b3d862680 0x0000000893785680 0 0 1 0 0 2 3 33380 344
0x0000723b3d862700 0x0000000893785700 0 1 1 0 0 2 3 33380 336
0x0000723b3d862780 0x0000000893785780 0 1 1 0 0 2 3 33380 344
0x0000723b3d862800 0x0000000893785800 0 0 0 0 0 2 3 33380 352
0x0000723b3d862880 0x0000000893785880 0 0 0 0 0 2 3 33380 360
0x0000723b3d862900 0x0000000893785900 0 1 0 0 0 2 3 33380 352
0x0000723b3d862980 0x0000000893785980 0 1 0 0 0 2 3 33380 360
0x0000723b3d862a00 0x0000000893785a00 0 0 1 0 0 2 3 33380 352
0x0000723b3d862a80 0x0000000893785a80 0 0 1 0 0 2 3 33380 360
0x0000723b3d862b00 0x0000000893785b00 0 1 1 0 0 2 3 33380 352
0x0000723b3d862b80 0x0000000893785b80 0 1 1 0 0 2 3 33380 360
0x0000723b3d862c00 0x0000000893785c00 0 0 0 0 0 2 3 33380 368
0x0000723b3d862c80 0x0000000893785c80 0 0 0 0 0 2 3 33380 376
0x0000723b3d862d00 0x0000000893785d00 0 1 0 0 0 2 3 33380 368
0x0000723b3d862d80 0x0000000893785d80 0 1 0 0 0 2 3 33380 376
0x0000723b3d862e00 0x0000000893785e00 0 0 1 0 0 2 3 33380 368
0x0000723b3d862e80 0x0000000893785e80 0 0 1 0 0 2 3 33380 376
0x0000723b3d862f00 0x0000000893785f00 0 1 1 0 0 2 3 33380 368
0x0000723b3d862f80 0x0000000893785f80 0 1 1 0 0 2 3 33380 376
0x0000723b3d86a000 0x0000000198f63000 0 0 0 0 0 2 3 4875 192
0x0000723b3d86a080 0x0000000198f63080 0 0 0 0 0 2 3 4875 200
0x0000723b3d86a100 0x0000000198f63100 0 1 0 0 0 2 3 4875 192
0x0000723b3d86a180 0x0000000198f63180 0 1 0 0 0 2 3 4875 200
0x0000723b3d86a200 0x0000000198f63200 0 0 1 0 0 2 3 4875 192
0x0000723b3d86a280 0x0000000198f63280 0 0 1 0 0 2 3 4875 200
0x0000723b3d86a300 0x0000000198f63300 0 1 1 0 0 2 3 4875 192
0x0000723b3d86a380 0x0000000198f63380 0 1 1 0 0 2 3 4875 200
0x0000723b3d86a400 0x0000000198f63400 0 0 0 0 0 2 3 4875 208
0x0000723b3d86a480 0x0000000198f63480 0 0 0 0 0 2 3 4875 216
0x0000723b3d86a500 0x0000000198f63500 0 1 0 0 0 2 3 4875 208
0x0000723b3d86a580 0x0000000198f63580 0 1 0 0 0 2 3 4875 216
0x0000723b3d86a600 0x0000000198f63600 0 0 1 0 0 2 3 4875 208
0x0000723b3d86a680 0x0000000198f63680 0 0 1 0 0 2 3 4875 216
0x0000723b3d86a700 0x0000000198f63700 0 1 1 0 0 2 3 4875 208
0x0000723b3d86a780 0x0000000198f63780 0 1 1 0 0 2 3 4875 216
0x0000723b3d86a800 0x0000000198f63800 0 0 0 0 0 2 3 4875 224
0x0000723b3d86a880 0x0000000198f63880 0 0 0 0 0 2 3 4875 232
0x0000723b3d86a900 0x0000000198f63900 0 1 0 0 0 2 3 4875 224
0x0000723b3d86a980 0x0000000198f63980 0 1 0 0 0 2 3 4875 232
0x0000723b3d86aa00 0x0000000198f63a00 0 0 1 0 0 2 3 4875 224
0x0000723b3d86aa80 0x0000000198f63a80 0 0 1 0 0 2 3 4875 232
0x0000723b3d86ab00 0x0000000198f63b00 0 1 1 0 0 2 3 4875 224
0x0000723b3d86ab80 0x0000000198f63b80 0 1 1 0 0 2 3 4875 232
0x0000723b3d86ac00 0x0000000198f63c00 0 0 0 0 0 2 3 4875 240
0x0000723b3d86ac80 0x0000000198f63c80 0 0 0 0 0 2 3 4875 248
0x0000723b3d86ad00 0x0000000198f63d00 0 1 0 0 0 2 3 4875 240
0x0000723b3d86ad80 0x0000000198f63d80 0 1 0 0 0 2 3 4875 248
0x0000723b3d86ae00 0x0000000198f63e00 0 0 1 0 0 2 3 4875 240
0x0000723b3d86ae80 0x0000000198f63e80 0 0 1 0 0 2 3 4875 248
0x0000723b3d86af00 0x0000000198f63f00 0 1 1 0 0 2 3 4875 240
0x0000723b3d86af80 0x0000000198f63f80 0 1 1 0 0 2 3 4875 248
0x0000723b3d872000 0x0000000595fce000 0 0 0 0 1 2 3 21166 384
0x0000723b3d872080 0x0000000595fce080 0 0 0 0 1 2 3 21166 392
0x0000723b3d872100 0x0000000595fce100 0 1 0 0 1 2 3 21166 384
0x0000723b3d872180 0x0000000595fce180 0 1 0 0 1 2 3 21166 392
0x0000723b3d872200 0x0000000595fce200 0 0 1 0 1 2 3 21166 384
0x0000723b3d872280 0x0000000595fce280 0 0 1 0 1 2 3 21166 392
0x0000723b3d872300 0x0000000595fce300 0 1 1 0 1 2 3 21166 384
0x0000723b3d872380 0x0000000595fce380 0 1 1 0 1 2 3 21166 392
0x0000723b3d872400 0x0000000595fce400 0 0 0 0 1 2 3 21166 400
0x0000723b3d872480 0x0000000595fce480 0 0 0 0 1 2 3 21166 408
0x0000723b3d872500 0x0000000595fce500 0 1 0 0 1 2 3 21166 400
0x0000723b3d872580 0x0000000595fce580 0 1 0 0 1 2 3 21166 408
0x0000723b3d872600 0x0000000595fce600 0 0 1 0 1 2 3 21166 400
0x0000723b3d872680 0x0000000595fce680 0 0 1 0 1 2 3 21166 408
0x0000723b3d872700 0x0000000595fce700 0 1 1 0 1 2 3 21166 400
0x0000723b3d872780 0x0000000595fce780 0 1 1 0 1 2 3 21166 408
0x0000723b3d872800 0x0000000595fce800 0 0 0 0 1 2 3 21166 416
0x0000723b3d872880 0x0000000595fce880 0 0 0 0 1 2 3 21166 424
0x0000723b3d872900 0x0000000595fce900 0 1 0 0 1 2 3 21166 416
0x0000723b3d872980 0x0000000595fce980 0 1 0 0 1 2 3 21166 424
0x0000723b3d872a00 0x0000000595fcea00 0 0 1 0 1 2 3 21166 416
0x0000723b3d872a80 0x0000000595fcea80 0 0 1 0 1 2 3 21166 424
0x0000723b3d872b00 0x0000000595fceb00 0 1 1 0 1 2 3 21166 416
0x0000723b3d872b80 0x0000000595fceb80 0 1 1 0 1 2 3 21166 424
0x0000723b3d872c00 0x0000000595fcec00 0 0 0 0 1 2 3 21166 432
0x0000723b3d872c80 0x0000000595fcec80 0 0 0 0 1 2 3 21166 440
0x0000723b3d872d00 0x0000000595fced00 0 1 0 0 1 2 3 21166 432
0x0000723b3d872d80 0x0000000595fced80 0 1 0 0 1 2 3 21166 440
0x0000723b3d872e00 0x0000000595fcee00 0 0 1 0 1 2 3 21166 432
0x0000723b3d872e80 0x0000000595fcee80 0 0 1 0 1 2 3 21166 440
0x0000723b3d872f00 0x0000000595fcef00 0 1 1 0 1 2 3 21166 432
0x0000723b3d872f80 0x0000000595fcef80 0 1 1 0 1 2 3 21166 440
0x0000723b3d876000 0x00000008f97e9000 0 0 0 0 1 2 3 36647 64
0x0000723b3d876080 0x00000008f97e9080 0 0 0 0 1 2 3 36647 72
0x0000723b3d876100 0x00000008f97e9100 0 1 0 0 1 2 3 36647 64
0x0000723b3d876180 0x00000008f97e9180 0 1 0 0 1 2 3 36647 72
0x0000723b3d876200 0x00000008f97e9200 0 0 1 0 1 2 3 36647 64
0x0000723b3d876280 0x00000008f97e9280 0 0 1 0 1 2 3 36647 72
0x0000723b3d876300 0x00000008f97e9300 0 1 1 0 1 2 3 36647 64
0x0000723b3d876380 0x00000008f97e9380 0 1 1 0 1 2 3 36647 72
0x0000723b3d876400 0x00000008f97e9400 0 0 0 0 1 2 3 36647 80
0x0000723b3d876480 0x00000008f97e9480 0 0 0 0 1 2 3 36647 88
0x0000723b3d876500 0x00000008f97e9500 0 1 0 0 1 2 3 36647 80
0x0000723b3d876580 0x00000008f97e9580 0 1 0 0 1 2 3 36647 88
0x0000723b3d876600 0x00000008f97e9600 0 0 1 0 1 2 3 36647 80
0x0000723b3d876680 0x00000008f97e9680 0 0 1 0 1 2 3 36647 88
0x0000723b3d876700 0x00000008f97e9700 0 1 1 0 1 2 3 36647 80
0x0000723b3d876780 0x00000008f97e9780 0 1 1 0 1 2 3 36647 88
0x0000723b3d876800 0x00000008f97e9800 0 0 0 0 1 2 3 36647 96
0x0000723b3d876880 0x00000008f97e9880 0 0 0 0 1 2 3 36647 104
0x0000723b3d876900 0x00000008f97e9900 0 1 0 0 1 2 3 36647 96
0x0000723b3d876980 0x00000008f97e9980 0 1 0 0 1 2 3 36647 104
0x0000723b3d876a00 0x00000008f97e9a00 0 0 1 0 1 2 3 36647 96
0x0000723b3d876a80 0x00000008f97e9a80 0 0 1 0 1 2 3 36647 104
0x0000723b3d876b00 0x00000008f97e9b00 0 1 1 0 1 2 3 36647 96
0x0000723b3d876b80 0x00000008f97e9b80 0 1 1 0 1 2 3 36647 104
0x0000723b3d876c00 0x00000008f97e9c00 0 0 0 0 1 2 3 36647 112
0x0000723b3d876c80 0x00000008f97e9c80 0 0 0 0 1 2 3 36647 120
0x0000723b3d876d00 0x00000008f97e9d00 0 1 0 0 1 2 3 36647 112
0x0000723b3d876d80 0x00000008f97e9d80 0 1 0 0 1 2 3 36647 120
0x0000723b3d876e00 0x00000008f97e9e00 0 0 1 0 1 2 3 36647 112
0x0000723b3d876e80 0x00000008f97e9e80 0 0 1 0 1 2 3 36647 120
0x0000723b3d876f00 0x00000008f97e9f00 0 1 1 0 1 2 3 36647 112
0x0000723b3d876f80 0x00000008f97e9f80 0 1 1 0 1 2 3 36647 120
0x0000723b3d87b000 0x00000006267eb000 0 0 0 0 1 2 3 21719 192
0x0000723b3d87b080 0x00000006267eb080 0 0 0 0 1 2 3 21719 200
0x0000723b3d87b100 0x00000006267eb100 0 1 0 0 1 2 3 21719 192
0x0000723b3d87b180 0x00000006267eb180 0 1 0 0 1 2 3 21719 200
0x0000723b3d87b200 0x00000006267eb200 0 0 1 0 1 2 3 21719 192
0x0000723b3d87b280 0x00000006267eb280 0 0 1 0 1 2 3 21719 200
0x0000723b3d87b300 0x00000006267eb300 0 1 1 0 1 2 3 21719 192
0x0000723b3d87b380 0x00000006267eb380 0 1 1 0 1 2 3 21719 200
0x0000723b3d87b400 0x00000006267eb400 0 0 0 0 1 2 3 21719 208
0x0000723b3d87b480 0x00000006267eb480 0 0 0 0 1 2 3 21719 216
0x0000723b3d87b500 0x00000006267eb500 0 1 0 0 1 2 3 21719 208
0x0000723b3d87b580 0x00000006267eb580 0 1 0 0 1 2 3 21719 216
0x0000723b3d87b600 0x00000006267eb600 0 0 1 0 1 2 3 21719 208
0x0000723b3d87b680 0x00000006267eb680 0 0 1 0 1 2 3 21719 216
0x0000723b3d87b700 0x00000006267eb700 0 1 1 0 1 2 3 21719 208
0x0000723b3d87b780 0x00000006267eb780 0 1 1 0 1 2 3 21719 216
0x0000723b3d87b800 0x00000006267eb800 0 0 0 0 1 2 3 21719 224
0x0000723b3d87b880 0x00000006267eb880 0 0 0 0 1 2 3 21719 232
0x0000723b3d87b900 0x00000006267eb900 0 1 0 0 1 2 3 21719 224
0x0000723b3d87b980 0x00000006267eb980 0 1 0 0 1 2 3 21719 232
0x0000723b3d87ba00 0x00000006267eba00 0 0 1 0 1 2 3 21719 224
0x0000723b3d87ba80 0x00000006267eba80 0 0 1 0 1 2 3 21719 232
0x0000723b3d87bb00 0x00000006267ebb00 0 1 1 0 1 2 3 21719 224
0x0000723b3d87bb80 0x00000006267ebb80 0 1 1 0 1 2 3 21719 232
0x0000723b3d87bc00 0x00000006267ebc00 0 0 0 0 1 2 3 21719 240
0x0000723b3d87bc80 0x00000006267ebc80 0 0 0 0 1 2 3 21719 248
0x0000723b3d87bd00 0x00000006267ebd00 0 1 0 0 1 2 3 21719 240
0x0000723b3d87bd80 0x00000006267ebd80 0 1 0 0 1 2 3 21719 248
0x0000723b3d87be00 0x00000006267ebe00 0 0 1 0 1 2 3 21719 240
0x0000723b3d87be80 0x00000006267ebe80 0 0 1 0 1 2 3 21719 248
0x0000723b3d87bf00 0x00000006267ebf00 0 1 1 0 1 2 3 21719 240
0x0000723b3d87bf80 0x00000006267ebf80 0 1 1 0 1 2 3 21719 248
0x0000723b3d88b000 0x0000000d31706000 0 0 0 0 0 2 3 50736 384
0x0000723b3d88b080 0x0000000d31706080 0 0 0 0 0 2 3 50736 392
0x0000723b3d88b100 0x0000000d31706100 0 1 0 0 0 2 3 50736 384
0x0000723b3d88b180 0x0000000d31706180 0 1 0 0 0 2 3 50736 392
0x0000723b3d88b200 0x0000000d31706200 0 0 1 0 0 2 3 50736 384
0x0000723b3d88b280 0x0000000d31706280 0 0 1 0 0 2 3 50736 392
0x0000723b3d88b300 0x0000000d31706300 0 1 1 0 0 2 3 50736 384
0x0000723b3d88b380 0x0000000d31706380 0 1 1 0 0 2 3 50736 392
0x0000723b3d88b400 0x0000000d31706400 0 0 0 0 0 2 3 50736 400
0x0000723b3d88b480 0x0000000d31706480 0 0 0 0 0 2 3 50736 408
0x0000723b3d88b500 0x0000000d31706500 0 1 0 0 0 2 3 50736 400
0x0000723b3d88b580 0x0000000d31706580 0 1 0 0 0 2 3 50736 408
0x0000723b3d88b600 0x0000000d31706600 0 0 1 0 0 2 3 50736 400
0x0000723b3d88b680 0x0000000d31706680 0 0 1 0 0 2 3 50736 408
0x0000723b3d88b700 0x0000000d31706700 0 1 1 0 0 2 3 50736 400
0x0000723b3d88b780 0x0000000d31706780 0 1 1 0 0 2 3 50736 408
0x0000723b3d88b800 0x0000000d31706800 0 0 0 0 0 2 3 50736 416
0x0000723b3d88b880 0x0000000d31706880 0 0 0 0 0 2 3 50736 424
0x0000723b3d88b900 0x0000000d31706900 0 1 0 0 0 2 3 50736 416
0x0000723b3d88b980 0x0000000d31706980 0 1 0 0 0 2 3 50736 424
0x0000723b3d88ba00 0x0000000d31706a00 0 0 1 0 0 2 3 50736 416
0x0000723b3d88ba80 0x0000000d31706a80 0 0 1 0 0 2 3 50736 424
0x0000723b3d88bb00 0x0000000d31706b00 0 1 1 0 0 2 3 50736 416
0x0000723b3d88bb80 0x0000000d31706b80 0 1 1 0 0 2 3 50736 424
0x0000723b3d88bc00 0x0000000d31706c00 0 0 0 0 0 2 3 50736 432
0x0000723b3d88bc80 0x0000000d31706c80 0 0 0 0 0 2 3 50736 440
0x0000723b3d88bd00 0x0000000d31706d00 0 1 0 0 0 2 3 50736 432
0x0000723b3d88bd80 0x0000000d31706d80 0 1 0 0 0 2 3 50736 440
0x0000723b3d88be00 0x0000000d31706e00 0 0 1 0 0 2 3 50736 432
0x0000723b3d88be80 0x0000000d31706e80 0 0 1 0 0 2 3 50736 440
0x0000723b3d88bf00 0x0000000d31706f00 0 1 1 0 0 2 3 50736 432
0x0000723b3d88bf80 0x0000000d31706f80 0 1 1 0 0 2 3 50736 440
0x0000723b3d89f000 0x0000000e93f62000 0 0 0 0 0 2 3 57963 128
0x0000723b3d89f080 0x0000000e93f62080 0 0 0 0 0 2 3 57963 136
0x0000723b3d89f100 0x0000000e93f62100 0 1 0 0 0 2 3 57963 128
0x0000723b3d89f180 0x0000000e93f62180 0 1 0 0 0 2 3 57963 136
0x0000723b3d89f200 0x0000000e93f62200 0 0 1 0 0 2 3 57963 128
0x0000723b3d89f280 0x0000000e93f62280 0 0 1 0 0 2 3 57963 136
0x0000723b3d89f300 0x0000000e93f62300 0 1 1 0 0 2 3 57963 128
0x0000723b3d89f380 0x0000000e93f62380 0 1 1 0 0 2 3 57963 136
0x0000723b3d89f400 0x0000000e93f62400 0 0 0 0 0 2 3 57963 144
0x0000723b3d89f480 0x0000000e93f62480 0 0 0 0 0 2 3 57963 152
0x0000723b3d89f500 0x0000000e93f62500 0 1 0 0 0 2 3 57963 144
0x0000723b3d89f580 0x0000000e93f62580 0 1 0 0 0 2 3 57963 152
0x0000723b3d89f600 0x0000000e93f62600 0 0 1 0 0 2 3 57963 144
0x0000723b3d89f680 0x0000000e93f62680 0 0 1 0 0 2 3 57963 152
0x0000723b3d89f700 0x0000000e93f62700 0 1 1 0 0 2 3 57963 144
0x0000723b3d89f780 0x0000000e93f62780 0 1 1 0 0 2 3 57963 152
0x0000723b3d89f800 0x0000000e93f62800 0 0 0 0 0 2 3 57963 160
0x0000723b3d89f880 0x0000000e93f62880 0 0 0 0 0 2 3 57963 168
0x0000723b3d89f900 0x0000000e93f62900 0 1 0 0 0 2 3 57963 160
0x0000723b3d89f980 0x0000000e93f62980 0 1 0 0 0 2 3 57963 168
0x0000723b3d89fa00 0x0000000e93f62a00 0 0 1 0 0 2 3 57963 160
0x0000723b3d89fa80 0x0000000e93f62a80 0 0 1 0 0 2 3 57963 168
0x0000723b3d89fb00 0x0000000e93f62b00 0 1 1 0 0 2 3 57963 160
0x0000723b3d89fb80 0x0000000e93f62b80 0 1 1 0 0 2 3 57963 168
0x0000723b3d89fc00 0x0000000e93f62c00 0 0 0 0 0 2 3 57963 176
0x0000723b3d89fc80 0x0000000e93f62c80 0 0 0 0 0 2 3 57963 184
0x0000723b3d89fd00 0x0000000e93f62d00 0 1 0 0 0 2 3 57963 176
0x0000723b3d89fd80 0x0000000e93f62d80 0 1 0 0 0 2 3 57963 184
0x0000723b3d89fe00 0x0000000e93f62e00 0 0 1 0 0 2 3 57963 176
0x0000723b3d89fe80 0x0000000e93f62e80 0 0 1 0 0 2 3 57963 184
0x0000723b3d89ff00 0x0000000e93f62f00 0 1 1 0 0 2 3 57963 176
0x0000723b3d89ff80 0x0000000e93f62f80 0 1 1 0 0 2 3 57963 184
0x0000723b3d8a7000 0x0000000d3974f000 0 0 0 0 1 2 3 50994 448
0x0000723b3d8a7080 0x0000000d3974f080 0 0 0 0 1 2 3 50994 456
0x0000723b3d8a7100 0x0000000d3974f100 0 1 0 0 1 2 3 50994 448
0x0000723b3d8a7180 0x0000000d3974f180 0 1 0 0 1 2 3 50994 456
0x0000723b3d8a7200 0x0000000d3974f200 0 0 1 0 1 2 3 50994 448
0x0000723b3d8a7280 0x0000000d3974f280 0 0 1 0 1 2 3 50994 456
0x0000723b3d8a7300 0x0000000d3974f300 0 1 1 0 1 2 3 50994 448
0x0000723b3d8a7380 0x0000000d3974f380 0 1 1 0 1 2 3 50994 456
0x0000723b3d8a7400 0x0000000d3974f400 0 0 0 0 1 2 3 50994 464
0x0000723b3d8a7480 0x0000000d3974f480 0 0 0 0 1 2 3 50994 472
0x0000723b3d8a7500 0x0000000d3974f500 0 1 0 0 1 2 3 50994 464
0x0000723b3d8a7580 0x0000000d3974f580 0 1 0 0 1 2 3 50994 472
0x0000723b3d8a7600 0x0000000d3974f600 0 0 1 0 1 2 3 50994 464
0x0000723b3d8a7680 0x0000000d3974f680 0 0 1 0 1 2 3 50994 472
0x0000723b3d8a7700 0x0000000d3974f700 0 1 1 0 1 2 3 50994 464
0x0000723b3d8a7780 0x0000000d3974f780 0 1 1 0 1 2 3 50994 472
0x0000723b3d8a7800 0x0000000d3974f800 0 0 0 0 1 2 3 50994 480
0x0000723b3d8a7880 0x0000000d3974f880 0 0 0 0 1 2 3 50994 488
0x0000723b3d8a7900 0x0000000d3974f900 0 1 0 0 1 2 3 50994 480
0x0000723b3d8a7980 0x0000000d3974f980 0 1 0 0 1 2 3 50994 488
0x0000723b3d8a7a00 0x0000000d3974fa00 0 0 1 0 1 2 3 50994 480
0x0000723b3d8a7a80 0x0000000d3974fa80 0 0 1 0 1 2 3 50994 488
0x0000723b3d8a7b00 0x0000000d3974fb00 0 1 1 0 1 2 3 50994 480
0x0000723b3d8a7b80 0x0000000d3974fb80 0 1 1 0 1 2 3 50994 488
0x0000723b3d8a7c00 0x0000000d3974fc00 0 0 0 0 1 2 3 50994 496
0x0000723b3d8a7c80 0x0000000d3974fc80 0 0 0 0 1 2 3 50994 504
0x0000723b3d8a7d00 0x0000000d3974fd00 0 1 0 0 1 2 3 50994 496
0x0000723b3d8a7d80 0x0000000d3974fd80 0 1 0 0 1 2 3 50994 504
0x0000723b3d8a7e00 0x0000000d3974fe00 0 0 1 0 1 2 3 50994 496
0x0000723b3d8a7e80 0x0000000d3974fe80 0 0 1 0 1 2 3 50994 504
0x0000723b3d8a7f00 0x0000000d3974ff00 0 1 1 0 1 2 3 50994 496
0x0000723b3d8a7f80 0x0000000d3974ff80 0 1 1 0 1 2 3 50994 504
0x0000723b3d8a8000 0x000000055a794000 0 0 0 0 0 2 3 19284 768
0x0000723b3d8a8080 0x000000055a794080 0 0 0 0 0 2 3 19284 776
0x0000723b3d8a8100 0x000000055a794100 0 1 0 0 0 2 3 19284 768
0x0000723b3d8a8180 0x000000055a794180 0 1 0 0 0 2 3 19284 776
0x0000723b3d8a8200 0x000000055a794200 0 0 1 0 0 2 3 19284 768
0x0000723b3d8a8280 0x000000055a794280 0 0 1 0 0 2 3 19284 776
0x0000723b3d8a8300 0x000000055a794300 0 1 1 0 0 2 3 19284 768
0x0000723b3d8a8380 0x000000055a794380 0 1 1 0 0 2 3 19284 776
0x0000723b3d8a8400 0x000000055a794400 0 0 0 0 0 2 3 19284 784
0x0000723b3d8a8480 0x000000055a794480 0 0 0 0 0 2 3 19284 792
0x0000723b3d8a8500 0x000000055a794500 0 1 0 0 0 2 3 19284 784
0x0000723b3d8a8580 0x000000055a794580 0 1 0 0 0 2 3 19284 792
0x0000723b3d8a8600 0x000000055a794600 0 0 1 0 0 2 3 19284 784
0x0000723b3d8a8680 0x000000055a794680 0 0 1 0 0 2 3 19284 792
0x0000723b3d8a8700 0x000000055a794700 0 1 1 0 0 2 3 19284 784
0x0000723b3d8a8780 0x000000055a794780 0 1 1 0 0 2 3 19284 792
0x0000723b3d8a8800 0x000000055a794800 0 0 0 0 0 2 3 19284 800
0x0000723b3d8a8880 0x000000055a794880 0 0 0 0 0 2 3 19284 808
0x0000723b3d8a8900 0x000000055a794900 0 1 0 0 0 2 3 19284 800
0x0000723b3d8a8980 0x000000055a794980 0 1 0 0 0 2 3 19284 808
0x0000723b3d8a8a00 0x000000055a794a00 0 0 1 0 0 2 3 19284 800
0x0000723b3d8a8a80 0x000000055a794a80 0 0 1 0 0 2 3 19284 808
0x0000723b3d8a8b00 0x000000055a794b00 0 1 1 0 0 2 3 19284 800
0x0000723b3d8a8b80 0x000000055a794b80 0 1 1 0 0 2 3 19284 808
0x0000723b3d8a8c00 0x000000055a794c00 0 0 0 0 0 2 3 19284 816
0x0000723b3d8a8c80 0x000000055a794c80 0 0 0 0 0 2 3 19284 824
0x0000723b3d8a8d00 0x000000055a794d00 0 1 0 0 0 2 3 19284 816
0x0000723b3d8a8d80 0x000000055a794d80 0 1 0 0 0 2 3 19284 824
0x0000723b3d8a8e00 0x000000055a794e00 0 0 1 0 0 2 3 19284 816
0x0000723b3d8a8e80 0x000000055a794e80 0 0 1 0 0 2 3 19284 824
0x0000723b3d8a8f00 0x000000055a794f00 0 1 1 0 0 2 3 19284 816
0x0000723b3d8a8f80 0x000000055a794f80 0 1 1 0 0 2 3 19284 824
0x0000723b3d8ab000 0x0000000a437e2000 0 0 0 0 0 2 3 39031 128
0x0000723b3d8ab080 0x0000000a437e2080 0 0 0 0 0 2 3 39031 136
0x0000723b3d8ab100 0x0000000a437e2100 0 1 0 0 0 2 3 39031 128
0x0000723b3d8ab180 0x0000000a437e2180 0 1 0 0 0 2 3 39031 136
0x0000723b3d8ab200 0x0000000a437e2200 0 0 1 0 0 2 3 39031 128
0x0000723b3d8ab280 0x0000000a437e2280 0 0 1 0 0 2 3 39031 136
0x0000723b3d8ab300 0x0000000a437e2300 0 1 1 0 0 2 3 39031 128
0x0000723b3d8ab380 0x0000000a437e2380 0 1 1 0 0 2 3 39031 136
0x0000723b3d8ab400 0x0000000a437e2400 0 0 0 0 0 2 3 39031 144
0x0000723b3d8ab480 0x0000000a437e2480 0 0 0 0 0 2 3 39031 152
0x0000723b3d8ab500 0x0000000a437e2500 0 1 0 0 0 2 3 39031 144
0x0000723b3d8ab580 0x0000000a437e2580 0 1 0 0 0 2 3 39031 152
0x0000723b3d8ab600 0x0000000a437e2600 0 0 1 0 0 2 3 39031 144
0x0000723b3d8ab680 0x0000000a437e2680 0 0 1 0 0 2 3 39031 152
0x0000723b3d8ab700 0x0000000a437e2700 0 1 1 0 0 2 3 39031 144
0x0000723b3d8ab780 0x0000000a437e2780 0 1 1 0 0 2 3 39031 152
0x0000723b3d8ab800 0x0000000a437e2800 0 0 0 0 0 2 3 39031 160
0x0000723b3d8ab880 0x0000000a437e2880 0 0 0 0 0 2 3 39031 168
0x0000723b3d8ab900 0x0000000a437e2900 0 1 0 0 0 2 3 39031 160
0x0000723b3d8ab980 0x0000000a437e2980 0 1 0 0 0 2 3 39031 168
0x0000723b3d8aba00 0x0000000a437e2a00 0 0 1 0 0 2 3 39031 160
0x0000723b3d8aba80 0x0000000a437e2a80 0 0 1 0 0 2 3 39031 168
0x0000723b3d8abb00 0x0000000a437e2b00 0 1 1 0 0 2 3 39031 160
0x0000723b3d8abb80 0x0000000a437e2b80 0 1 1 0 0 2 3 39031 168
0x0000723b3d8abc00 0x0000000a437e2c00 0 0 0 0 0 2 3 39031 176
0x0000723b3d8abc80 0x0000000a437e2c80 0 0 0 0 0 2 3 39031 184
0x0000723b3d8abd00 0x0000000a437e2d00 0 1 0 0 0 2 3 39031 176
0x0000723b3d8abd80 0x0000000a437e2d80 0 1 0 0 0 2 3 39031 184
0x0000723b3d8abe00 0x0000000a437e2e00 0 0 1 0 0 2 3 39031 176
0x0000723b3d8abe80 0x0000000a437e2e80 0 0 1 0 0 2 3 39031 184
0x0000723b3d8abf00 0x0000000a437e2f00 0 1 1 0 0 2 3 39031 176
0x0000723b3d8abf80 0x0000000a437e2f80 0 1 1 0 0 2 3 39031 184
0x0000723b3d8ad000 0x0000000a1a73a000 0 0 0 0 1 2 3 37713 640
0x0000723b3d8ad080 0x0000000a1a73a080 0 0 0 0 1 2 3 37713 648
0x0000723b3d8ad100 0x0000000a1a73a100 0 1 0 0 1 2 3 37713 640
0x0000723b3d8ad180 0x0000000a1a73a180 0 1 0 0 1 2 3 37713 648
0x0000723b3d8ad200 0x0000000a1a73a200 0 0 1 0 1 2 3 37713 640
0x0000723b3d8ad280 0x0000000a1a73a280 0 0 1 0 1 2 3 37713 648
0x0000723b3d8ad300 0x0000000a1a73a300 0 1 1 0 1 2 3 37713 640
0x0000723b3d8ad380 0x0000000a1a73a380 0 1 1 0 1 2 3 37713 648
0x0000723b3d8ad400 0x0000000a1a73a400 0 0 0 0 1 2 3 37713 656
0x0000723b3d8ad480 0x0000000a1a73a480 0 0 0 0 1 2 3 37713 664
0x0000723b3d8ad500 0x0000000a1a73a500 0 1 0 0 1 2 3 37713 656
0x0000723b3d8ad580 0x0000000a1a73a580 0 1 0 0 1 2 3 37713 664
0x0000723b3d8ad600 0x0000000a1a73a600 0 0 1 0 1 2 3 37713 656
0x0000723b3d8ad680 0x0000000a1a73a680 0 0 1 0 1 2 3 37713 664
0x0000723b3d8ad700 0x0000000a1a73a700 0 1 1 0 1 2 3 37713 656
0x0000723b3d8ad780 0x0000000a1a73a780 0 1 1 0 1 2 3 37713 664
0x0000723b3d8ad800 0x0000000a1a73a800 0 0 0 0 1 2 3 37713 672
0x0000723b3d8ad880 0x0000000a1a73a880 0 0 0 0 1 2 3 37713 680
0x0000723b3d8ad900 0x0000000a1a73a900 0 1 0 0 1 2 3 37713 672
0x0000723b3d8ad980 0x0000000a1a73a980 0 1 0 0 1 2 3 37713 680
0x0000723b3d8ada00 0x0000000a1a73aa00 0 0 1 0 1 2 3 37713 672
0x0000723b3d8ada80 0x0000000a1a73aa80 0 0 1 0 1 2 3 37713 680
0x0000723b3d8adb00 0x0000000a1a73ab00 0 1 1 0 1 2 3 37713 672
0x0000723b3d8adb80 0x0000000a1a73ab80 0 1 1 0 1 2 3 37713 680
0x0000723b3d8adc00 0x0000000a1a73ac00 0 0 0 0 1 2 3 37713 688
0x0000723b3d8adc80 0x0000000a1a73ac80 0 0 0 0 1 2 3 37713 696
0x0000723b3d8add00 0x0000000a1a73ad00 0 1 0 0 1 2 3 37713 688
0x0000723b3d8add80 0x0000000a1a73ad80 0 1 0 0 1 2 3 37713 696
0x0000723b3d8ade00 0x0000000a1a73ae00 0 0 1 0 1 2 3 37713 688
0x0000723b3d8ade80 0x0000000a1a73ae80 0 0 1 0 1 2 3 37713 696
0x0000723b3d8adf00 0x0000000a1a73af00 0 1 1 0 1 2 3 37713 688
0x0000723b3d8adf80 0x0000000a1a73af80 0 1 1 0 1 2 3 37713 696
0x0000723b3d8ae000 0x0000000b76f83000 0 0 0 0 0 2 3 44764 192
0x0000723b3d8ae080 0x0000000b76f83080 0 0 0 0 0 2 3 44764 200
0x0000723b3d8ae100 0x0000000b76f83100 0 1 0 0 0 2 3 44764 192
0x0000723b3d8ae180 0x0000000b76f83180 0 1 0 0 0 2 3 44764 200
0x0000723b3d8ae200 0x0000000b76f83200 0 0 1 0 0 2 3 44764 192
0x0000723b3d8ae280 0x0000000b76f83280 0 0 1 0 0 2 3 44764 200
0x0000723b3d8ae300 0x0000000b76f83300 0 1 1 0 0 2 3 44764 192
0x0000723b3d8ae380 0x0000000b76f83380 0 1 1 0 0 2 3 44764 200
0x0000723b3d8ae400 0x0000000b76f83400 0 0 0 0 0 2 3 44764 208
0x0000723b3d8ae480 0x0000000b76f83480 0 0 0 0 0 2 3 44764 216
0x0000723b3d8ae500 0x0000000b76f83500 0 1 0 0 0 2 3 44764 208
0x0000723b3d8ae580 0x0000000b76f83580 0 1 0 0 0 2 3 44764 216
0x0000723b3d8ae600 0x0000000b76f83600 0 0 1 0 0 2 3 44764 208
0x0000723b3d8ae680 0x0000000b76f83680 0 0 1 0 0 2 3 44764 216
0x0000723b3d8ae700 0x0000000b76f83700 0 1 1 0 0 2 3 44764 208
0x0000723b3d8ae780 0x0000000b76f83780 0 1 1 0 0 2 3 44764 216
0x0000723b3d8ae800 0x0000000b76f83800 0 0 0 0 0 2 3 44764 224
0x0000723b3d8ae880 0x0000000b76f83880 0 0 0 0 0 2 3 44764 232
0x0000723b3d8ae900 0x0000000b76f83900 0 1 0 0 0 2 3 44764 224
0x0000723b3d8ae980 0x0000000b76f83980 0 1 0 0 0 2 3 44764 232
0x0000723b3d8aea00 0x0000000b76f83a00 0 0 1 0 0 2 3 44764 224
0x0000723b3d8aea80 0x0000000b76f83a80 0 0 1 0 0 2 3 44764 232
0x0000723b3d8aeb00 0x0000000b76f83b00 0 1 1 0 0 2 3 44764 224
0x0000723b3d8aeb80 0x0000000b76f83b80 0 1 1 0 0 2 3 44764 232
0x0000723b3d8aec00 0x0000000b76f83c00 0 0 0 0 0 2 3 44764 240
0x0000723b3d8aec80 0x0000000b76f83c80 0 0 0 0 0 2 3 44764 248
0x0000723b3d8aed00 0x0000000b76f83d00 0 1 0 0 0 2 3 44764 240
0x0000723b3d8aed80 0x0000000b76f83d80 0 1 0 0 0 2 3 44764 248
0x0000723b3d8aee00 0x0000000b76f83e00 0 0 1 0 0 2 3 44764 240
0x0000723b3d8aee80 0x0000000b76f83e80 0 0 1 0 0 2 3 44764 248
0x0000723b3d8aef00 0x0000000b76f83f00 0 1 1 0 0 2 3 44764 240
0x0000723b3d8aef80 0x0000000b76f83f80 0 1 1 0 0 2 3 44764 248
0x0000723b3d8b2000 0x0000000af0751000 0 0 0 0 0 2 3 44546 576
0x0000723b3d8b2080 0x0000000af0751080 0 0 0 0 0 2 3 44546 584
0x0000723b3d8b2100 0x0000000af0751100 0 1 0 0 0 2 3 44546 576
0x0000723b3d8b2180 0x0000000af0751180 0 1 0 0 0 2 3 44546 584
0x0000723b3d8b2200 0x0000000af0751200 0 0 1 0 0 2 3 44546 576
0x0000723b3d8b2280 0x0000000af0751280 0 0 1 0 0 2 3 44546 584
0x0000723b3d8b2300 0x0000000af0751300 0 1 1 0 0 2 3 44546 576
0x0000723b3d8b2380 0x0000000af0751380 0 1 1 0 0 2 3 44546 584
0x0000723b3d8b2400 0x0000000af0751400 0 0 0 0 0 2 3 44546 592
0x0000723b3d8b2480 0x0000000af0751480 0 0 0 0 0 2 3 44546 600
0x0000723b3d8b2500 0x0000000af0751500 0 1 0 0 0 2 3 44546 592
0x0000723b3d8b2580 0x0000000af0751580 0 1 0 0 0 2 3 44546 600
0x0000723b3d8b2600 0x0000000af0751600 0 0 1 0 0 2 3 44546 592
0x0000723b3d8b2680 0x0000000af0751680 0 0 1 0 0 2 3 44546 600
0x0000723b3d8b2700 0x0000000af0751700 0 1 1 0 0 2 3 44546 592
0x0000723b3d8b2780 0x0000000af0751780 0 1 1 0 0 2 3 44546 600
0x0000723b3d8b2800 0x0000000af0751800 0 0 0 0 0 2 3 44546 608
0x0000723b3d8b2880 0x0000000af0751880 0 0 0 0 0 2 3 44546 616
0x0000723b3d8b2900 0x0000000af0751900 0 1 0 0 0 2 3 44546 608
0x0000723b3d8b2980 0x0000000af0751980 0 1 0 0 0 2 3 44546 616
0x0000723b3d8b2a00 0x0000000af0751a00 0 0 1 0 0 2 3 44546 608
0x0000723b3d8b2a80 0x0000000af0751a80 0 0 1 0 0 2 3 44546 616
0x0000723b3d8b2b00 0x0000000af0751b00 0 1 1 0 0 2 3 44546 608
0x0000723b3d8b2b80 0x0000000af0751b80 0 1 1 0 0 2 3 44546 616
0x0000723b3d8b2c00 0x0000000af0751c00 0 0 0 0 0 2 3 44546 624
0x0000723b3d8b2c80 0x0000000af0751c80 0 0 0 0 0 2 3 44546 632
0x0000723b3d8b2d00 0x0000000af0751d00 0 1 0 0 0 2 3 44546 624
0x0000723b3d8b2d80 0x0000000af0751d80 0 1 0 0 0 2 3 44546 632
0x0000723b3d8b2e00 0x0000000af0751e00 0 0 1 0 0 2 3 44546 624
0x0000723b3d8b2e80 0x0000000af0751e80 0 0 1 0 0 2 3 44546 632
0x0000723b3d8b2f00 0x0000000af0751f00 0 1 1 0 0 2 3 44546 624
0x0000723b3d8b2f80 0x0000000af0751f80 0 1 1 0 0 2 3 44546 632
0x0000723b3d8b5000 0x0000000c06f32000 0 0 0 0 0 2 3 45273 640
0x0000723b3d8b5080 0x0000000c06f32080 0 0 0 0 0 2 3 45273 648
0x0000723b3d8b5100 0x0000000c06f32100 0 1 0 0 0 2 3 45273 640
0x0000723b3d8b5180 0x0000000c06f32180 0 1 0 0 0 2 3 45273 648
0x0000723b3d8b5200 0x0000000c06f32200 0 0 1 0 0 2 3 45273 640
0x0000723b3d8b5280 0x0000000c06f32280 0 0 1 0 0 2 3 45273 648
0x0000723b3d8b5300 0x0000000c06f32300 0 1 1 0 0 2 3 45273 640
0x0000723b3d8b5380 0x0000000c06f32380 0 1 1 0 0 2 3 45273 648
0x0000723b3d8b5400 0x0000000c06f32400 0 0 0 0 0 2 3 45273 656
0x0000723b3d8b5480 0x0000000c06f32480 0 0 0 0 0 2 3 45273 664
0x0000723b3d8b5500 0x0000000c06f32500 0 1 0 0 0 2 3 45273 656
0x0000723b3d8b5580 0x0000000c06f32580 0 1 0 0 0 2 3 45273 664
0x0000723b3d8b5600 0x0000000c06f32600 0 0 1 0 0 2 3 45273 656
0x0000723b3d8b5680 0x0000000c06f32680 0 0 1 0 0 2 3 45273 664
0x0000723b3d8b5700 0x0000000c06f32700 0 1 1 0 0 2 3 45273 656
0x0000723b3d8b5780 0x0000000c06f32780 0 1 1 0 0 2 3 45273 664
0x0000723b3d8b5800 0x0000000c06f32800 0 0 0 0 0 2 3 45273 672
0x0000723b3d8b5880 0x0000000c06f32880 0 0 0 0 0 2 3 45273 680
0x0000723b3d8b5900 0x0000000c06f32900 0 1 0 0 0 2 3 45273 672
0x0000723b3d8b5980 0x0000000c06f32980 0 1 0 0 0 2 3 45273 680
0x0000723b3d8b5a00 0x0000000c06f32a00 0 0 1 0 0 2 3 45273 672
0x0000723b3d8b5a80 0x0000000c06f32a80 0 0 1 0 0 2 3 45273 680
0x0000723b3d8b5b00 0x0000000c06f32b00 0 1 1 0 0 2 3 45273 672
0x0000723b3d8b5b80 0x0000000c06f32b80 0 1 1 0 0 2 3 45273 680
0x0000723b3d8b5c00 0x0000000c06f32c00 0 0 0 0 0 2 3 45273 688
0x0000723b3d8b5c80 0x0000000c06f32c80 0 0 0 0 0 2 3 45273 696
0x0000723b3d8b5d00 0x0000000c06f32d00 0 1 0 0 0 2 3 45273 688
0x0000723b3d8b5d80 0x0000000c06f32d80 0 1 0 0 0 2 3 45273 696
0x0000723b3d8b5e00 0x0000000c06f32e00 0 0 1 0 0 2 3 45273 688
0x0000723b3d8b5e80 0x0000000c06f32e80 0 0 1 0 0 2 3 45273 696
0x0000723b3d8b5f00 0x0000000c06f32f00 0 1 1 0 0 2 3 45273 688
0x0000723b3d8b5f80 0x0000000c06f32f80 0 1 1 0 0 2 3 45273 696
0x0000723b3d8c0000 0x0000000c3472c000 0 0 0 0 1 2 3 46737 256
0x0000723b3d8c0080 0x0000000c3472c080 0 0 0 0 1 2 3 46737 264
0x0000723b3d8c0100 0x0000000c3472c100 0 1 0 0 1 2 3 46737 256
0x0000723b3d8c0180 0x0000000c3472c180 0 1 0 0 1 2 3 46737 264
0x0000723b3d8c0200 0x0000000c3472c200 0 0 1 0 1 2 3 46737 256
0x0000723b3d8c0280 0x0000000c3472c280 0 0 1 0 1 2 3 46737 264
0x0000723b3d8c0300 0x0000000c3472c300 0 1 1 0 1 2 3 46737 256
0x0000723b3d8c0380 0x0000000c3472c380 0 1 1 0 1 2 3 46737 264
0x0000723b3d8c0400 0x0000000c3472c400 0 0 0 0 1 2 3 46737 272
0x0000723b3d8c0480 0x0000000c3472c480 0 0 0 0 1 2 3 46737 280
0x0000723b3d8c0500 0x0000000c3472c500 0 1 0 0 1 2 3 46737 272
0x0000723b3d8c0580 0x0000000c3472c580 0 1 0 0 1 2 3 46737 280
0x0000723b3d8c0600 0x0000000c3472c600 0 0 1 0 1 2 3 46737 272
0x0000723b3d8c0680 0x0000000c3472c680 0 0 1 0 1 2 3 46737 280
0x0000723b3d8c0700 0x0000000c3472c700 0 1 1 0 1 2 3 46737 272
0x0000723b3d8c0780 0x0000000c3472c780 0 1 1 0 1 2 3 46737 280
0x0000723b3d8c0800 0x0000000c3472c800 0 0 0 0 1 2 3 46737 288
0x0000723b3d8c0880 0x0000000c3472c880 0 0 0 0 1 2 3 46737 296
0x0000723b3d8c0900 0x0000000c3472c900 0 1 0 0 1 2 3 46737 288
0x0000723b3d8c0980 0x0000000c3472c980 0 1 0 0 1 2 3 46737 296
0x0000723b3d8c0a00 0x0000000c3472ca00 0 0 1 0 1 2 3 46737 288
0x0000723b3d8c0a80 0x0000000c3472ca80 0 0 1 0 1 2 3 46737 296
0x0000723b3d8c0b00 0x0000000c3472cb00 0 1 1 0 1 2 3 46737 288
0x0000723b3d8c0b80 0x0000000c3472cb80 0 1 1 0 1 2 3 46737 296
0x0000723b3d8c0c00 0x0000000c3472cc00 0 0 0 0 1 2 3 46737 304
0x0000723b3d8c0c80 0x0000000c3472cc80 0 0 0 0 1 2 3 46737 312
0x0000723b3d8c0d00 0x0000000c3472cd00 0 1 0 0 1 2 3 46737 304
0x0000723b3d8c0d80 0x0000000c3472cd80 0 1 0 0 1 2 3 46737 312
0x0000723b3d8c0e00 0x0000000c3472ce00 0 0 1 0 1 2 3 46737 304
0x0000723b3d8c0e80 0x0000000c3472ce80 0 0 1 0 1 2 3 46737 312
0x0000723b3d8c0f00 0x0000000c3472cf00 0 1 1 0 1 2 3 46737 304
0x0000723b3d8c0f80 0x0000000c3472cf80 0 1 1 0 1 2 3 46737 312
0x0000723b3d8c8000 0x0000000ed576e000 0 0 0 0 1 2 3 60067 384
0x0000723b3d8c8080 0x0000000ed576e080 0 0 0 0 1 2 3 60067 392
0x0000723b3d8c8100 0x0000000ed576e100 0 1 0 0 1 2 3 60067 384
0x0000723b3d8c8180 0x0000000ed576e180 0 1 0 0 1 2 3 60067 392
0x0000723b3d8c8200 0x0000000ed576e200 0 0 1 0 1 2 3 60067 384
0x0000723b3d8c8280 0x0000000ed576e280 0 0 1 0 1 2 3 60067 392
0x0000723b3d8c8300 0x0000000ed576e300 0 1 1 0 1 2 3 60067 384
0x0000723b3d8c8380 0x0000000ed576e380 0 1 1 0 1 2 3 60067 392
0x0000723b3d8c8400 0x0000000ed576e400 0 0 0 0 1 2 3 60067 400
0x0000723b3d8c8480 0x0000000ed576e480 0 0 0 0 1 2 3 60067 408
0x0000723b3d8c8500 0x0000000ed576e500 0 1 0 0 1 2 3 60067 400
0x0000723b3d8c8580 0x0000000ed576e580 0 1 0 0 1 2 3 60067 408
0x0000723b3d8c8600 0x0000000ed576e600 0 0 1 0 1 2 3 60067 400
0x0000723b3d8c8680 0x0000000ed576e680 0 0 1 0 1 2 3 60067 408
0x0000723b3d8c8700 0x0000000ed576e700 0 1 1 0 1 2 3 60067 400
0x0000723b3d8c8780 0x0000000ed576e780 0 1 1 0 1 2 3 60067 408
0x0000723b3d8c8800 0x0000000ed576e800 0 0 0 0 1 2 3 60067 416
0x0000723b3d8c8880 0x0000000ed576e880 0 0 0 0 1 2 3 60067 424
0x0000723b3d8c8900 0x0000000ed576e900 0 1 0 0 1 2 3 60067 416
0x0000723b3d8c8980 0x0000000ed576e980 0 1 0 0 1 2 3 60067 424
0x0000723b3d8c8a00 0x0000000ed576ea00 0 0 1 0 1 2 3 60067 416
0x0000723b3d8c8a80 0x0000000ed576ea80 0 0 1 0 1 2 3 60067 424
0x0000723b3d8c8b00 0x0000000ed576eb00 0 1 1 0 1 2 3 60067 416
0x0000723b3d8c8b80 0x0000000ed576eb80 0 1 1 0 1 2 3 60067 424
0x0000723b3d8c8c00 0x0000000ed576ec00 0 0 0 0 1 2 3 60067 432
0x0000723b3d8c8c80 0x0000000ed576ec80 0 0 0 0 1 2 3 60067 440
0x0000723b3d8c8d00 0x0000000ed576ed00 0 1 0 0 1 2 3 60067 432
0x0000723b3d8c8d80 0x0000000ed576ed80 0 1 0 0 1 2 3 60067 440
0x0000723b3d8c8e00 0x0000000ed576ee00 0 0 1 0 1 2 3 60067 432
0x0000723b3d8c8e80 0x0000000ed576ee80 0 0 1 0 1 2 3 60067 440
0x0000723b3d8c8f00 0x0000000ed576ef00 0 1 1 0 1 2 3 60067 432
0x0000723b3d8c8f80 0x0000000ed576ef80 0 1 1 0 1 2 3 60067 440
0x0000723b3d8dc000 0x00000001effd0000 0 0 0 0 0 2 3 7662 512
0x0000723b3d8dc080 0x00000001effd0080 0 0 0 0 0 2 3 7662 520
0x0000723b3d8dc100 0x00000001effd0100 0 1 0 0 0 2 3 7662 512
0x0000723b3d8dc180 0x00000001effd0180 0 1 0 0 0 2 3 7662 520
0x0000723b3d8dc200 0x00000001effd0200 0 0 1 0 0 2 3 7662 512
0x0000723b3d8dc280 0x00000001effd0280 0 0 1 0 0 2 3 7662 520
0x0000723b3d8dc300 0x00000001effd0300 0 1 1 0 0 2 3 7662 512
0x0000723b3d8dc380 0x00000001effd0380 0 1 1 0 0 2 3 7662 520
0x0000723b3d8dc400 0x00000001effd0400 0 0 0 0 0 2 3 7662 528
0x0000723b3d8dc480 0x00000001effd0480 0 0 0 0 0 2 3 7662 536
0x0000723b3d8dc500 0x00000001effd0500 0 1 0 0 0 2 3 7662 528
0x0000723b3d8dc580 0x00000001effd0580 0 1 0 0 0 2 3 7662 536
0x0000723b3d8dc600 0x00000001effd0600 0 0 1 0 0 2 3 7662 528
0x0000723b3d8dc680 0x00000001effd0680 0 0 1 0 0 2 3 7662 536
0x0000723b3d8dc700 0x00000001effd0700 0 1 1 0 0 2 3 7662 528
0x0000723b3d8dc780 0x00000001effd0780 0 1 1 0 0 2 3 7662 536
0x0000723b3d8dc800 0x00000001effd0800 0 0 0 0 0 2 3 7662 544
0x0000723b3d8dc880 0x00000001effd0880 0 0 0 0 0 2 3 7662 552
0x0000723b3d8dc900 0x00000001effd0900 0 1 0 0 0 2 3 7662 544
0x0000723b3d8dc980 0x00000001effd0980 0 1 0 0 0 2 3 7662 552
0x0000723b3d8dca00 0x00000001effd0a00 0 0 1 0 0 2 3 7662 544
0x0000723b3d8dca80 0x00000001effd0a80 0 0 1 0 0 2 3 7662 552
0x0000723b3d8dcb00 0x00000001effd0b00 0 1 1 0 0 2 3 7662 544
0x0000723b3d8dcb80 0x00000001effd0b80 0 1 1 0 0 2 3 7662 552
0x0000723b3d8dcc00 0x00000001effd0c00 0 0 0 0 0 2 3 7662 560
0x0000723b3d8dcc80 0x00000001effd0c80 0 0 0 0 0 2 3 7662 568
0x0000723b3d8dcd00 0x00000001effd0d00 0 1 0 0 0 2 3 7662 560
0x0000723b3d8dcd80 0x00000001effd0d80 0 1 0 0 0 2 3 7662 568
0x0000723b3d8dce00 0x00000001effd0e00 0 0 1 0 0 2 3 7662 560
0x0000723b3d8dce80 0x00000001effd0e80 0 0 1 0 0 2 3 7662 568
0x0000723b3d8dcf00 0x00000001effd0f00 0 1 1 0 0 2 3 7662 560
0x0000723b3d8dcf80 0x00000001effd0f80 0 1 1 0 0 2 3 7662 568
0x0000723b3d8e0000 0x000000020e704000 0 0 0 0 0 2 3 4560 256
0x0000723b3d8e0080 0x000000020e704080 0 0 0 0 0 2 3 4560 264
0x0000723b3d8e0100 0x000000020e704100 0 1 0 0 0 2 3 4560 256
0x0000723b3d8e0180 0x000000020e704180 0 1 0 0 0 2 3 4560 264
0x0000723b3d8e0200 0x000000020e704200 0 0 1 0 0 2 3 4560 256
0x0000723b3d8e0280 0x000000020e704280 0 0 1 0 0 2 3 4560 264
0x0000723b3d8e0300 0x000000020e704300 0 1 1 0 0 2 3 4560 256
0x0000723b3d8e0380 0x000000020e704380 0 1 1 0 0 2 3 4560 264
0x0000723b3d8e0400 0x000000020e704400 0 0 0 0 0 2 3 4560 272
0x0000723b3d8e0480 0x000000020e704480 0 0 0 0 0 2 3 4560 280
0x0000723b3d8e0500 0x000000020e704500 0 1 0 0 0 2 3 4560 272
0x0000723b3d8e0580 0x000000020e704580 0 1 0 0 0 2 3 4560 280
0x0000723b3d8e0600 0x000000020e704600 0 0 1 0 0 2 3 4560 272
0x0000723b3d8e0680 0x000000020e704680 0 0 1 0 0 2 3 4560 280
0x0000723b3d8e0700 0x000000020e704700 0 1 1 0 0 2 3 4560 272
0x0000723b3d8e0780 0x000000020e704780 0 1 1 0 0 2 3 4560 280
0x0000723b3d8e0800 0x000000020e704800 0 0 0 0 0 2 3 4560 288
0x0000723b3d8e0880 0x000000020e704880 0 0 0 0 0 2 3 4560 296
0x0000723b3d8e0900 0x000000020e704900 0 1 0 0 0 2 3 4560 288
0x0000723b3d8e0980 0x000000020e704980 0 1 0 0 0 2 3 4560 296
0x0000723b3d8e0a00 0x000000020e704a00 0 0 1 0 0 2 3 4560 288
0x0000723b3d8e0a80 0x000000020e704a80 0 0 1 0 0 2 3 4560 296
0x0000723b3d8e0b00 0x000000020e704b00 0 1 1 0 0 2 3 4560 288
0x0000723b3d8e0b80 0x000000020e704b80 0 1 1 0 0 2 3 4560 296
0x0000723b3d8e0c00 0x000000020e704c00 0 0 0 0 0 2 3 4560 304
0x0000723b3d8e0c80 0x000000020e704c80 0 0 0 0 0 2 3 4560 312
0x0000723b3d8e0d00 0x000000020e704d00 0 1 0 0 0 2 3 4560 304
0x0000723b3d8e0d80 0x000000020e704d80 0 1 0 0 0 2 3 4560 312
0x0000723b3d8e0e00 0x000000020e704e00 0 0 1 0 0 2 3 4560 304
0x0000723b3d8e0e80 0x000000020e704e80 0 0 1 0 0 2 3 4560 312
0x0000723b3d8e0f00 0x000000020e704f00 0 1 1 0 0 2 3 4560 304
0x0000723b3d8e0f80 0x000000020e704f80 0 1 1 0 0 2 3 4560 312
0x0000723b3d8e1000 0x0000000e77725000 0 0 0 0 0 2 3 57073 320
0x0000723b3d8e1080 0x0000000e77725080 0 0 0 0 0 2 3 57073 328
0x0000723b3d8e1100 0x0000000e77725100 0 1 0 0 0 2 3 57073 320
0x0000723b3d8e1180 0x0000000e77725180 0 1 0 0 0 2 3 57073 328
0x0000723b3d8e1200 0x0000000e77725200 0 0 1 0 0 2 3 57073 320
0x0000723b3d8e1280 0x0000000e77725280 0 0 1 0 0 2 3 57073 328
0x0000723b3d8e1300 0x0000000e77725300 0 1 1 0 0 2 3 57073 320
0x0000723b3d8e1380 0x0000000e77725380 0 1 1 0 0 2 3 57073 328
0x0000723b3d8e1400 0x0000000e77725400 0 0 0 0 0 2 3 57073 336
0x0000723b3d8e1480 0x0000000e77725480 0 0 0 0 0 2 3 57073 344
0x0000723b3d8e1500 0x0000000e77725500 0 1 0 0 0 2 3 57073 336
0x0000723b3d8e1580 0x0000000e77725580 0 1 0 0 0 2 3 57073 344
0x0000723b3d8e1600 0x0000000e77725600 0 0 1 0 0 2 3 57073 336
0x0000723b3d8e1680 0x0000000e77725680 0 0 1 0 0 2 3 57073 344
0x0000723b3d8e1700 0x0000000e77725700 0 1 1 0 0 2 3 57073 336
0x0000723b3d8e1780 0x0000000e77725780 0 1 1 0 0 2 3 57073 344
0x0000723b3d8e1800 0x0000000e77725800 0 0 0 0 0 2 3 57073 352
0x0000723b3d8e1880 0x0000000e77725880 0 0 0 0 0 2 3 57073 360
0x0000723b3d8e1900 0x0000000e77725900 0 1 0 0 0 2 3 57073 352
0x0000723b3d8e1980 0x0000000e77725980 0 1 0 0 0 2 3 57073 360
0x0000723b3d8e1a00 0x0000000e77725a00 0 0 1 0 0 2 3 57073 352
0x0000723b3d8e1a80 0x0000000e77725a80 0 0 1 0 0 2 3 57073 360
0x0000723b3d8e1b00 0x0000000e77725b00 0 1 1 0 0 2 3 57073 352
0x0000723b3d8e1b80 0x0000000e77725b80 0 1 1 0 0 2 3 57073 360
0x0000723b3d8e1c00 0x0000000e77725c00 0 0 0 0 0 2 3 57073 368
0x0000723b3d8e1c80 0x0000000e77725c80 0 0 0 0 0 2 3 57073 376
0x0000723b3d8e1d00 0x0000000e77725d00 0 1 0 0 0 2 3 57073 368
0x0000723b3d8e1d80 0x0000000e77725d80 0 1 0 0 0 2 3 57073 376
0x0000723b3d8e1e00 0x0000000e77725e00 0 0 1 0 0 2 3 57073 368
0x0000723b3d8e1e80 0x0000000e77725e80 0 0 1 0 0 2 3 57073 376
0x0000723b3d8e1f00 0x0000000e77725f00 0 1 1 0 0 2 3 57073 368
0x0000723b3d8e1f80 0x0000000e77725f80 0 1 1 0 0 2 3 57073 376
0x0000723b3d8e2000 0x0000000a81ff8000 0 0 0 0 1 2 3 41007 512
0x0000723b3d8e2080 0x0000000a81ff8080 0 0 0 0 1 2 3 41007 520
0x0000723b3d8e2100 0x0000000a81ff8100 0 1 0 0 1 2 3 41007 512
0x0000723b3d8e2180 0x0000000a81ff8180 0 1 0 0 1 2 3 41007 520
0x0000723b3d8e2200 0x0000000a81ff8200 0 0 1 0 1 2 3 41007 512
0x0000723b3d8e2280 0x0000000a81ff8280 0 0 1 0 1 2 3 41007 520
0x0000723b3d8e2300 0x0000000a81ff8300 0 1 1 0 1 2 3 41007 512
0x0000723b3d8e2380 0x0000000a81ff8380 0 1 1 0 1 2 3 41007 520
0x0000723b3d8e2400 0x0000000a81ff8400 0 0 0 0 1 2 3 41007 528
0x0000723b3d8e2480 0x0000000a81ff8480 0 0 0 0 1 2 3 41007 536
0x0000723b3d8e2500 0x0000000a81ff8500 0 1 0 0 1 2 3 41007 528
0x0000723b3d8e2580 0x0000000a81ff8580 0 1 0 0 1 2 3 41007 536
0x0000723b3d8e2600 0x0000000a81ff8600 0 0 1 0 1 2 3 41007 528
0x0000723b3d8e2680 0x0000000a81ff8680 0 0 1 0 1 2 3 41007 536
0x0000723b3d8e2700 0x0000000a81ff8700 0 1 1 0 1 2 3 41007 528
0x0000723b3d8e2780 0x0000000a81ff8780 0 1 1 0 1 2 3 41007 536
0x0000723b3d8e2800 0x0000000a81ff8800 0 0 0 0 1 2 3 41007 544
0x0000723b3d8e2880 0x0000000a81ff8880 0 0 0 0 1 2 3 41007 552
0x0000723b3d8e2900 0x0000000a81ff8900 0 1 0 0 1 2 3 41007 544
0x0000723b3d8e2980 0x0000000a81ff8980 0 1 0 0 1 2 3 41007 552
0x0000723b3d8e2a00 0x0000000a81ff8a00 0 0 1 0 1 2 3 41007 544
0x0000723b3d8e2a80 0x0000000a81ff8a80 0 0 1 0 1 2 3 41007 552
0x0000723b3d8e2b00 0x0000000a81ff8b00 0 1 1 0 1 2 3 41007 544
0x0000723b3d8e2b80 0x0000000a81ff8b80 0 1 1 0 1 2 3 41007 552
0x0000723b3d8e2c00 0x0000000a81ff8c00 0 0 0 0 1 2 3 41007 560
0x0000723b3d8e2c80 0x0000000a81ff8c80 0 0 0 0 1 2 3 41007 568
0x0000723b3d8e2d00 0x0000000a81ff8d00 0 1 0 0 1 2 3 41007 560
0x0000723b3d8e2d80 0x0000000a81ff8d80 0 1 0 0 1 2 3 41007 568
0x0000723b3d8e2e00 0x0000000a81ff8e00 0 0 1 0 1 2 3 41007 560
0x0000723b3d8e2e80 0x0000000a81ff8e80 0 0 1 0 1 2 3 41007 568
0x0000723b3d8e2f00 0x0000000a81ff8f00 0 1 1 0 1 2 3 41007 560
0x0000723b3d8e2f80 0x0000000a81ff8f80 0 1 1 0 1 2 3 41007 568
0x0000723b3d8e8000 0x0000000deffa8000 0 0 0 0 1 2 3 56813 0
0x0000723b3d8e8080 0x0000000deffa8080 0 0 0 0 1 2 3 56813 8
0x0000723b3d8e8100 0x0000000deffa8100 0 1 0 0 1 2 3 56813 0
0x0000723b3d8e8180 0x0000000deffa8180 0 1 0 0 1 2 3 56813 8
0x0000723b3d8e8200 0x0000000deffa8200 0 0 1 0 1 2 3 56813 0
0x0000723b3d8e8280 0x0000000deffa8280 0 0 1 0 1 2 3 56813 8
0x0000723b3d8e8300 0x0000000deffa8300 0 1 1 0 1 2 3 56813 0
0x0000723b3d8e8380 0x0000000deffa8380 0 1 1 0 1 2 3 56813 8
0x0000723b3d8e8400 0x0000000deffa8400 0 0 0 0 1 2 3 56813 16
0x0000723b3d8e8480 0x0000000deffa8480 0 0 0 0 1 2 3 56813 24
0x0000723b3d8e8500 0x0000000deffa8500 0 1 0 0 1 2 3 56813 16
0x0000723b3d8e8580 0x0000000deffa8580 0 1 0 0 1 2 3 56813 24
0x0000723b3d8e8600 0x0000000deffa8600 0 0 1 0 1 2 3 56813 16
0x0000723b3d8e8680 0x0000000deffa8680 0 0 1 0 1 2 3 56813 24
0x0000723b3d8e8700 0x0000000deffa8700 0 1 1 0 1 2 3 56813 16
0x0000723b3d8e8780 0x0000000deffa8780 0 1 1 0 1 2 3 56813 24
0x0000723b3d8e8800 0x0000000deffa8800 0 0 0 0 1 2 3 56813 32
0x0000723b3d8e8880 0x0000000deffa8880 0 0 0 0 1 2 3 56813 40
0x0000723b3d8e8900 0x0000000deffa8900 0 1 0 0 1 2 3 56813 32
0x0000723b3d8e8980 0x0000000deffa8980 0 1 0 0 1 2 3 56813 40
0x0000723b3d8e8a00 0x0000000deffa8a00 0 0 1 0 1 2 3 56813 32
0x0000723b3d8e8a80 0x0000000deffa8a80 0 0 1 0 1 2 3 56813 40
0x0000723b3d8e8b00 0x0000000deffa8b00 0 1 1 0 1 2 3 56813 32
0x0000723b3d8e8b80 0x0000000deffa8b80 0 1 1 0 1 2 3 56813 40
0x0000723b3d8e8c00 0x0000000deffa8c00 0 0 0 0 1 2 3 56813 48
0x0000723b3d8e8c80 0x0000000deffa8c80 0 0 0 0 1 2 3 56813 56
0x0000723b3d8e8d00 0x0000000deffa8d00 0 1 0 0 1 2 3 56813 48
0x0000723b3d8e8d80 0x0000000deffa8d80 0 1 0 0 1 2 3 56813 56
0x0000723b3d8e8e00 0x0000000deffa8e00 0 0 1 0 1 2 3 56813 48
0x0000723b3d8e8e80 0x0000000deffa8e80 0 0 1 0 1 2 3 56813 56
0x0000723b3d8e8f00 0x0000000deffa8f00 0 1 1 0 1 2 3 56813 48
0x0000723b3d8e8f80 0x0000000deffa8f80 0 1 1 0 1 2 3 56813 56
0x0000723b3d8e9000 0x000000099bfa6000 0 0 0 0 0 2 3 37741 384
0x0000723b3d8e9080 0x000000099bfa6080 0 0 0 0 0 2 3 37741 392
0x0000723b3d8e9100 0x000000099bfa6100 0 1 0 0 0 2 3 37741 384
0x0000723b3d8e9180 0x000000099bfa6180 0 1 0 0 0 2 3 37741 392
0x0000723b3d8e9200 0x000000099bfa6200 0 0 1 0 0 2 3 37741 384
0x0000723b3d8e9280 0x000000099bfa6280 0 0 1 0 0 2 3 37741 392
0x0000723b3d8e9300 0x000000099bfa6300 0 1 1 0 0 2 3 37741 384
0x0000723b3d8e9380 0x000000099bfa6380 0 1 1 0 0 2 3 37741 392
0x0000723b3d8e9400 0x000000099bfa6400 0 0 0 0 0 2 3 37741 400
0x0000723b3d8e9480 0x000000099bfa6480 0 0 0 0 0 2 3 37741 408
0x0000723b3d8e9500 0x000000099bfa6500 0 1 0 0 0 2 3 37741 400
0x0000723b3d8e9580 0x000000099bfa6580 0 1 0 0 0 2 3 37741 408
0x0000723b3d8e9600 0x000000099bfa6600 0 0 1 0 0 2 3 37741 400
0x0000723b3d8e9680 0x000000099bfa6680 0 0 1 0 0 2 3 37741 408
0x0000723b3d8e9700 0x000000099bfa6700 0 1 1 0 0 2 3 37741 400
0x0000723b3d8e9780 0x000000099bfa6780 0 1 1 0 0 2 3 37741 408
0x0000723b3d8e9800 0x000000099bfa6800 0 0 0 0 0 2 3 37741 416
0x0000723b3d8e9880 0x000000099bfa6880 0 0 0 0 0 2 3 37741 424
0x0000723b3d8e9900 0x000000099bfa6900 0 1 0 0 0 2 3 37741 416
0x0000723b3d8e9980 0x000000099bfa6980 0 1 0 0 0 2 3 37741 424
0x0000723b3d8e9a00 0x000000099bfa6a00 0 0 1 0 0 2 3 37741 416
0x0000723b3d8e9a80 0x000000099bfa6a80 0 0 1 0 0 2 3 37741 424
0x0000723b3d8e9b00 0x000000099bfa6b00 0 1 1 0 0 2 3 37741 416
0x0000723b3d8e9b80 0x000000099bfa6b80 0 1 1 0 0 2 3 37741 424
0x0000723b3d8e9c00 0x000000099bfa6c00 0 0 0 0 0 2 3 37741 432
0x0000723b3d8e9c80 0x000000099bfa6c80 0 0 0 0 0 2 3 37741 440
0x0000723b3d8e9d00 0x000000099bfa6d00 0 1 0 0 0 2 3 37741 432
0x0000723b3d8e9d80 0x000000099bfa6d80 0 1 0 0 0 2 3 37741 440
0x0000723b3d8e9e00 0x000000099bfa6e00 0 0 1 0 0 2 3 37741 432
0x0000723b3d8e9e80 0x000000099bfa6e80 0 0 1 0 0 2 3 37741 440
0x0000723b3d8e9f00 0x000000099bfa6f00 0 1 1 0 0 2 3 37741 432
0x0000723b3d8e9f80 0x000000099bfa6f80 0 1 1 0 0 2 3 37741 440
0x0000723b3d8f1000 0x000000097a775000 0 0 0 0 0 2 3 36691 832
0x0000723b3d8f1080 0x000000097a775080 0 0 0 0 0 2 3 36691 840
0x0000723b3d8f1100 0x000000097a775100 0 1 0 0 0 2 3 36691 832
0x0000723b3d8f1180 0x000000097a775180 0 1 0 0 0 2 3 36691 840
0x0000723b3d8f1200 0x000000097a775200 0 0 1 0 0 2 3 36691 832
0x0000723b3d8f1280 0x000000097a775280 0 0 1 0 0 2 3 36691 840
0x0000723b3d8f1300 0x000000097a775300 0 1 1 0 0 2 3 36691 832
0x0000723b3d8f1380 0x000000097a775380 0 1 1 0 0 2 3 36691 840
0x0000723b3d8f1400 0x000000097a775400 0 0 0 0 0 2 3 36691 848
0x0000723b3d8f1480 0x000000097a775480 0 0 0 0 0 2 3 36691 856
0x0000723b3d8f1500 0x000000097a775500 0 1 0 0 0 2 3 36691 848
0x0000723b3d8f1580 0x000000097a775580 0 1 0 0 0 2 3 36691 856
0x0000723b3d8f1600 0x000000097a775600 0 0 1 0 0 2 3 36691 848
0x0000723b3d8f1680 0x000000097a775680 0 0 1 0 0 2 3 36691 856
0x0000723b3d8f1700 0x000000097a775700 0 1 1 0 0 2 3 36691 848
0x0000723b3d8f1780 0x000000097a775780 0 1 1 0 0 2 3 36691 856
0x0000723b3d8f1800 0x000000097a775800 0 0 0 0 0 2 3 36691 864
0x0000723b3d8f1880 0x000000097a775880 0 0 0 0 0 2 3 36691 872
0x0000723b3d8f1900 0x000000097a775900 0 1 0 0 0 2 3 36691 864
0x0000723b3d8f1980 0x000000097a775980 0 1 0 0 0 2 3 36691 872
0x0000723b3d8f1a00 0x000000097a775a00 0 0 1 0 0 2 3 36691 864
0x0000723b3d8f1a80 0x000000097a775a80 0 0 1 0 0 2 3 36691 872
0x0000723b3d8f1b00 0x000000097a775b00 0 1 1 0 0 2 3 36691 864
0x0000723b3d8f1b80 0x000000097a775b80 0 1 1 0 0 2 3 36691 872
0x0000723b3d8f1c00 0x000000097a775c00 0 0 0 0 0 2 3 36691 880
0x0000723b3d8f1c80 0x000000097a775c80 0 0 0 0 0 2 3 36691 888
0x0000723b3d8f1d00 0x000000097a775d00 0 1 0 0 0 2 3 36691 880
0x0000723b3d8f1d80 0x000000097a775d80 0 1 0 0 0 2 3 36691 888
0x0000723b3d8f1e00 0x000000097a775e00 0 0 1 0 0 2 3 36691 880
0x0000723b3d8f1e80 0x000000097a775e80 0 0 1 0 0 2 3 36691 888
0x0000723b3d8f1f00 0x000000097a775f00 0 1 1 0 0 2 3 36691 880
0x0000723b3d8f1f80 0x000000097a775f80 0 1 1 0 0 2 3 36691 888
0x0000723b3d8f4000 0x000000020c7dc000 0 0 0 0 1 2 3 4502 768
0x0000723b3d8f4080 0x000000020c7dc080 0 0 0 0 1 2 3 4502 776
0x0000723b3d8f4100 0x000000020c7dc100 0 1 0 0 1 2 3 4502 768
0x0000723b3d8f4180 0x000000020c7dc180 0 1 0 0 1 2 3 4502 776
0x0000723b3d8f4200 0x000000020c7dc200 0 0 1 0 1 2 3 4502 768
0x0000723b3d8f4280 0x000000020c7dc280 0 0 1 0 1 2 3 4502 776
0x0000723b3d8f4300 0x000000020c7dc300 0 1 1 0 1 2 3 4502 768
0x0000723b3d8f4380 0x000000020c7dc380 0 1 1 0 1 2 3 4502 776
0x0000723b3d8f4400 0x000000020c7dc400 0 0 0 0 1 2 3 4502 784
0x0000723b3d8f4480 0x000000020c7dc480 0 0 0 0 1 2 3 4502 792
0x0000723b3d8f4500 0x000000020c7dc500 0 1 0 0 1 2 3 4502 784
0x0000723b3d8f4580 0x000000020c7dc580 0 1 0 0 1 2 3 4502 792
0x0000723b3d8f4600 0x000000020c7dc600 0 0 1 0 1 2 3 4502 784
0x0000723b3d8f4680 0x000000020c7dc680 0 0 1 0 1 2 3 4502 792
0x0000723b3d8f4700 0x000000020c7dc700 0 1 1 0 1 2 3 4502 784
0x0000723b3d8f4780 0x000000020c7dc780 0 1 1 0 1 2 3 4502 792
0x0000723b3d8f4800 0x000000020c7dc800 0 0 0 0 1 2 3 4502 800
0x0000723b3d8f4880 0x000000020c7dc880 0 0 0 0 1 2 3 4502 808
0x0000723b3d8f4900 0x000000020c7dc900 0 1 0 0 1 2 3 4502 800
0x0000723b3d8f4980 0x000000020c7dc980 0 1 0 0 1 2 3 4502 808
0x0000723b3d8f4a00 0x000000020c7dca00 0 0 1 0 1 2 3 4502 800
0x0000723b3d8f4a80 0x000000020c7dca80 0 0 1 0 1 2 3 4502 808
0x0000723b3d8f4b00 0x000000020c7dcb00 0 1 1 0 1 2 3 4502 800
0x0000723b3d8f4b80 0x000000020c7dcb80 0 1 1 0 1 2 3 4502 808
0x0000723b3d8f4c00 0x000000020c7dcc00 0 0 0 0 1 2 3 4502 816
0x0000723b3d8f4c80 0x000000020c7dcc80 0 0 0 0 1 2 3 4502 824
0x0000723b3d8f4d00 0x000000020c7dcd00 0 1 0 0 1 2 3 4502 816
0x0000723b3d8f4d80 0x000000020c7dcd80 0 1 0 0 1 2 3 4502 824
0x0000723b3d8f4e00 0x000000020c7dce00 0 0 1 0 1 2 3 4502 816
0x0000723b3d8f4e80 0x000000020c7dce80 0 0 1 0 1 2 3 4502 824
0x0000723b3d8f4f00 0x000000020c7dcf00 0 1 1 0 1 2 3 4502 816
0x0000723b3d8f4f80 0x000000020c7dcf80 0 1 1 0 1 2 3 4502 824
0x0000723b3d901000 0x0000000ae878a000 0 0 0 0 1 2 3 44292 128
0x0000723b3d901080 0x0000000ae878a080 0 0 0 0 1 2 3 44292 136
0x0000723b3d901100 0x0000000ae878a100 0 1 0 0 1 2 3 44292 128
0x0000723b3d901180 0x0000000ae878a180 0 1 0 0 1 2 3 44292 136
0x0000723b3d901200 0x0000000ae878a200 0 0 1 0 1 2 3 44292 128
0x0000723b3d901280 0x0000000ae878a280 0 0 1 0 1 2 3 44292 136
0x0000723b3d901300 0x0000000ae878a300 0 1 1 0 1 2 3 44292 128
0x0000723b3d901380 0x0000000ae878a380 0 1 1 0 1 2 3 44292 136
0x0000723b3d901400 0x0000000ae878a400 0 0 0 0 1 2 3 44292 144
0x0000723b3d901480 0x0000000ae878a480 0 0 0 0 1 2 3 44292 152
0x0000723b3d901500 0x0000000ae878a500 0 1 0 0 1 2 3 44292 144
0x0000723b3d901580 0x0000000ae878a580 0 1 0 0 1 2 3 44292 152
0x0000723b3d901600 0x0000000ae878a600 0 0 1 0 1 2 3 44292 144
0x0000723b3d901680 0x0000000ae878a680 0 0 1 0 1 2 3 44292 152
0x0000723b3d901700 0x0000000ae878a700 0 1 1 0 1 2 3 44292 144
0x0000723b3d901780 0x0000000ae878a780 0 1 1 0 1 2 3 44292 152
0x0000723b3d901800 0x0000000ae878a800 0 0 0 0 1 2 3 44292 160
0x0000723b3d901880 0x0000000ae878a880 0 0 0 0 1 2 3 44292 168
0x0000723b3d901900 0x0000000ae878a900 0 1 0 0 1 2 3 44292 160
0x0000723b3d901980 0x0000000ae878a980 0 1 0 0 1 2 3 44292 168
0x0000723b3d901a00 0x0000000ae878aa00 0 0 1 0 1 2 3 44292 160
0x0000723b3d901a80 0x0000000ae878aa80 0 0 1 0 1 2 3 44292 168
0x0000723b3d901b00 0x0000000ae878ab00 0 1 1 0 1 2 3 44292 160
0x0000723b3d901b80 0x0000000ae878ab80 0 1 1 0 1 2 3 44292 168
0x0000723b3d901c00 0x0000000ae878ac00 0 0 0 0 1 2 3 44292 176
0x0000723b3d901c80 0x0000000ae878ac80 0 0 0 0 1 2 3 44292 184
0x0000723b3d901d00 0x0000000ae878ad00 0 1 0 0 1 2 3 44292 176
0x0000723b3d901d80 0x0000000ae878ad80 0 1 0 0 1 2 3 44292 184
0x0000723b3d901e00 0x0000000ae878ae00 0 0 1 0 1 2 3 44292 176
0x0000723b3d901e80 0x0000000ae878ae80 0 0 1 0 1 2 3 44292 184
0x0000723b3d901f00 0x0000000ae878af00 0 1 1 0 1 2 3 44292 176
0x0000723b3d901f80 0x0000000ae878af80 0 1 1 0 1 2 3 44292 184
0x0000723b3d909000 0x000000047af4c000 0 0 0 0 1 2 3 16218 256
0x0000723b3d909080 0x000000047af4c080 0 0 0 0 1 2 3 16218 264
0x0000723b3d909100 0x000000047af4c100 0 1 0 0 1 2 3 16218 256
0x0000723b3d909180 0x000000047af4c180 0 1 0 0 1 2 3 16218 264
0x0000723b3d909200 0x000000047af4c200 0 0 1 0 1 2 3 16218 256
0x0000723b3d909280 0x000000047af4c280 0 0 1 0 1 2 3 16218 264
0x0000723b3d909300 0x000000047af4c300 0 1 1 0 1 2 3 16218 256
0x0000723b3d909380 0x000000047af4c380 0 1 1 0 1 2 3 16218 264
0x0000723b3d909400 0x000000047af4c400 0 0 0 0 1 2 3 16218 272
0x0000723b3d909480 0x000000047af4c480 0 0 0 0 1 2 3 16218 280
0x0000723b3d909500 0x000000047af4c500 0 1 0 0 1 2 3 16218 272
0x0000723b3d909580 0x000000047af4c580 0 1 0 0 1 2 3 16218 280
0x0000723b3d909600 0x000000047af4c600 0 0 1 0 1 2 3 16218 272
0x0000723b3d909680 0x000000047af4c680 0 0 1 0 1 2 3 16218 280
0x0000723b3d909700 0x000000047af4c700 0 1 1 0 1 2 3 16218 272
0x0000723b3d909780 0x000000047af4c780 0 1 1 0 1 2 3 16218 280
0x0000723b3d909800 0x000000047af4c800 0 0 0 0 1 2 3 16218 288
0x0000723b3d909880 0x000000047af4c880 0 0 0 0 1 2 3 16218 296
0x0000723b3d909900 0x000000047af4c900 0 1 0 0 1 2 3 16218 288
0x0000723b3d909980 0x000000047af4c980 0 1 0 0 1 2 3 16218 296
0x0000723b3d909a00 0x000000047af4ca00 0 0 1 0 1 2 3 16218 288
0x0000723b3d909a80 0x000000047af4ca80 0 0 1 0 1 2 3 16218 296
0x0000723b3d909b00 0x000000047af4cb00 0 1 1 0 1 2 3 16218 288
0x0000723b3d909b80 0x000000047af4cb80 0 1 1 0 1 2 3 16218 296
0x0000723b3d909c00 0x000000047af4cc00 0 0 0 0 1 2 3 16218 304
0x0000723b3d909c80 0x000000047af4cc80 0 0 0 0 1 2 3 16218 312
0x0000723b3d909d00 0x000000047af4cd00 0 1 0 0 1 2 3 16218 304
0x0000723b3d909d80 0x000000047af4cd80 0 1 0 0 1 2 3 16218 312
0x0000723b3d909e00 0x000000047af4ce00 0 0 1 0 1 2 3 16218 304
0x0000723b3d909e80 0x000000047af4ce80 0 0 1 0 1 2 3 16218 312
0x0000723b3d909f00 0x000000047af4cf00 0 1 1 0 1 2 3 16218 304
0x0000723b3d909f80 0x000000047af4cf80 0 1 1 0 1 2 3 16218 312
0x0000723b3d914000 0x000000044d760000 0 0 0 0 0 2 3 14771 0
0x0000723b3d914080 0x000000044d760080 0 0 0 0 0 2 3 14771 8
0x0000723b3d914100 0x000000044d760100 0 1 0 0 0 2 3 14771 0
0x0000723b3d914180 0x000000044d760180 0 1 0 0 0 2 3 14771 8
0x0000723b3d914200 0x000000044d760200 0 0 1 0 0 2 3 14771 0
0x0000723b3d914280 0x000000044d760280 0 0 1 0 0 2 3 14771 8
0x0000723b3d914300 0x000000044d760300 0 1 1 0 0 2 3 14771 0
0x0000723b3d914380 0x000000044d760380 0 1 1 0 0 2 3 14771 8
0x0000723b3d914400 0x000000044d760400 0 0 0 0 0 2 3 14771 16
0x0000723b3d914480 0x000000044d760480 0 0 0 0 0 2 3 14771 24
0x0000723b3d914500 0x000000044d760500 0 1 0 0 0 2 3 14771 16
0x0000723b3d914580 0x000000044d760580 0 1 0 0 0 2 3 14771 24
0x0000723b3d914600 0x000000044d760600 0 0 1 0 0 2 3 14771 16
0x0000723b3d914680 0x000000044d760680 0 0 1 0 0 2 3 14771 24
0x0000723b3d914700 0x000000044d760700 0 1 1 0 0 2 3 14771 16
0x0000723b3d914780 0x000000044d760780 0 1 1 0 0 2 3 14771 24
0x0000723b3d914800 0x000000044d760800 0 0 0 0 0 2 3 14771 32
0x0000723b3d914880 0x000000044d760880 0 0 0 0 0 2 3 14771 40
0x0000723b3d914900 0x000000044d760900 0 1 0 0 0 2 3 14771 32
0x0000723b3d914980 0x000000044d760980 0 1 0 0 0 2 3 14771 40
0x0000723b3d914a00 0x000000044d760a00 0 0 1 0 0 2 3 14771 32
0x0000723b3d914a80 0x000000044d760a80 0 0 1 0 0 2 3 14771 40
0x0000723b3d914b00 0x000000044d760b00 0 1 1 0 0 2 3 14771 32
0x0000723b3d914b80 0x000000044d760b80 0 1 1 0 0 2 3 14771 40
0x0000723b3d914c00 0x000000044d760c00 0 0 0 0 0 2 3 14771 48
0x0000723b3d914c80 0x000000044d760c80 0 0 0 0 0 2 3 14771 56
0x0000723b3d914d00 0x000000044d760d00 0 1 0 0 0 2 3 14771 48
0x0000723b3d914d80 0x000000044d760d80 0 1 0 0 0 2 3 14771 56
0x0000723b3d914e00 0x000000044d760e00 0 0 1 0 0 2 3 14771 48
0x0000723b3d914e80 0x000000044d760e80 0 0 1 0 0 2 3 14771 56
0x0000723b3d914f00 0x000000044d760f00 0 1 1 0 0 2 3 14771 48
0x0000723b3d914f80 0x000000044d760f80 0 1 1 0 0 2 3 14771 56
0x0000723b3d915000 0x0000000c2cfdd000 0 0 0 0 1 2 3 46494 832
0x0000723b3d915080 0x0000000c2cfdd080 0 0 0 0 1 2 3 46494 840
0x0000723b3d915100 0x0000000c2cfdd100 0 1 0 0 1 2 3 46494 832
0x0000723b3d915180 0x0000000c2cfdd180 0 1 0 0 1 2 3 46494 840
0x0000723b3d915200 0x0000000c2cfdd200 0 0 1 0 1 2 3 46494 832
0x0000723b3d915280 0x0000000c2cfdd280 0 0 1 0 1 2 3 46494 840
0x0000723b3d915300 0x0000000c2cfdd300 0 1 1 0 1 2 3 46494 832
0x0000723b3d915380 0x0000000c2cfdd380 0 1 1 0 1 2 3 46494 840
0x0000723b3d915400 0x0000000c2cfdd400 0 0 0 0 1 2 3 46494 848
0x0000723b3d915480 0x0000000c2cfdd480 0 0 0 0 1 2 3 46494 856
0x0000723b3d915500 0x0000000c2cfdd500 0 1 0 0 1 2 3 46494 848
0x0000723b3d915580 0x0000000c2cfdd580 0 1 0 0 1 2 3 46494 856
0x0000723b3d915600 0x0000000c2cfdd600 0 0 1 0 1 2 3 46494 848
0x0000723b3d915680 0x0000000c2cfdd680 0 0 1 0 1 2 3 46494 856
0x0000723b3d915700 0x0000000c2cfdd700 0 1 1 0 1 2 3 46494 848
0x0000723b3d915780 0x0000000c2cfdd780 0 1 1 0 1 2 3 46494 856
0x0000723b3d915800 0x0000000c2cfdd800 0 0 0 0 1 2 3 46494 864
0x0000723b3d915880 0x0000000c2cfdd880 0 0 0 0 1 2 3 46494 872
0x0000723b3d915900 0x0000000c2cfdd900 0 1 0 0 1 2 3 46494 864
0x0000723b3d915980 0x0000000c2cfdd980 0 1 0 0 1 2 3 46494 872
0x0000723b3d915a00 0x0000000c2cfdda00 0 0 1 0 1 2 3 46494 864
0x0000723b3d915a80 0x0000000c2cfdda80 0 0 1 0 1 2 3 46494 872
0x0000723b3d915b00 0x0000000c2cfddb00 0 1 1 0 1 2 3 46494 864
0x0000723b3d915b80 0x0000000c2cfddb80 0 1 1 0 1 2 3 46494 872
0x0000723b3d915c00 0x0000000c2cfddc00 0 0 0 0 1 2 3 46494 880
0x0000723b3d915c80 0x0000000c2cfddc80 0 0 0 0 1 2 3 46494 888
0x0000723b3d915d00 0x0000000c2cfddd00 0 1 0 0 1 2 3 46494 880
0x0000723b3d915d80 0x0000000c2cfddd80 0 1 0 0 1 2 3 46494 888
0x0000723b3d915e00 0x0000000c2cfdde00 0 0 1 0 1 2 3 46494 880
0x0000723b3d915e80 0x0000000c2cfdde80 0 0 1 0 1 2 3 46494 888
0x0000723b3d915f00 0x0000000c2cfddf00 0 1 1 0 1 2 3 46494 880
0x0000723b3d915f80 0x0000000c2cfddf80 0 1 1 0 1 2 3 46494 888
0x0000723b3d919000 0x0000000ca8ffc000 0 0 0 0 1 2 3 50447 768
0x0000723b3d919080 0x0000000ca8ffc080 0 0 0 0 1 2 3 50447 776
0x0000723b3d919100 0x0000000ca8ffc100 0 1 0 0 1 2 3 50447 768
0x0000723b3d919180 0x0000000ca8ffc180 0 1 0 0 1 2 3 50447 776
0x0000723b3d919200 0x0000000ca8ffc200 0 0 1 0 1 2 3 50447 768
0x0000723b3d919280 0x0000000ca8ffc280 0 0 1 0 1 2 3 50447 776
0x0000723b3d919300 0x0000000ca8ffc300 0 1 1 0 1 2 3 50447 768
0x0000723b3d919380 0x0000000ca8ffc380 0 1 1 0 1 2 3 50447 776
0x0000723b3d919400 0x0000000ca8ffc400 0 0 0 0 1 2 3 50447 784
0x0000723b3d919480 0x0000000ca8ffc480 0 0 0 0 1 2 3 50447 792
0x0000723b3d919500 0x0000000ca8ffc500 0 1 0 0 1 2 3 50447 784
0x0000723b3d919580 0x0000000ca8ffc580 0 1 0 0 1 2 3 50447 792
0x0000723b3d919600 0x0000000ca8ffc600 0 0 1 0 1 2 3 50447 784
0x0000723b3d919680 0x0000000ca8ffc680 0 0 1 0 1 2 3 50447 792
0x0000723b3d919700 0x0000000ca8ffc700 0 1 1 0 1 2 3 50447 784
0x0000723b3d919780 0x0000000ca8ffc780 0 1 1 0 1 2 3 50447 792
0x0000723b3d919800 0x0000000ca8ffc800 0 0 0 0 1 2 3 50447 800
0x0000723b3d919880 0x0000000ca8ffc880 0 0 0 0 1 2 3 50447 808
0x0000723b3d919900 0x0000000ca8ffc900 0 1 0 0 1 2 3 50447 800
0x0000723b3d919980 0x0000000ca8ffc980 0 1 0 0 1 2 3 50447 808
0x0000723b3d919a00 0x0000000ca8ffca00 0 0 1 0 1 2 3 50447 800
0x0000723b3d919a80 0x0000000ca8ffca80 0 0 1 0 1 2 3 50447 808
0x0000723b3d919b00 0x0000000ca8ffcb00 0 1 1 0 1 2 3 50447 800
0x0000723b3d919b80 0x0000000ca8ffcb80 0 1 1 0 1 2 3 50447 808
0x0000723b3d919c00 0x0000000ca8ffcc00 0 0 0 0 1 2 3 50447 816
0x0000723b3d919c80 0x0000000ca8ffcc80 0 0 0 0 1 2 3 50447 824
0x0000723b3d919d00 0x0000000ca8ffcd00 0 1 0 0 1 2 3 50447 816
0x0000723b3d919d80 0x0000000ca8ffcd80 0 1 0 0 1 2 3 50447 824
0x0000723b3d919e00 0x0000000ca8ffce00 0 0 1 0 1 2 3 50447 816
0x0000723b3d919e80 0x0000000ca8ffce80 0 0 1 0 1 2 3 50447 824
0x0000723b3d919f00 0x0000000ca8ffcf00 0 1 1 0 1 2 3 50447 816
0x0000723b3d919f80 0x0000000ca8ffcf80 0 1 1 0 1 2 3 50447 824
0x0000723b3d921000 0x0000000c7ffe4000 0 0 0 0 0 2 3 49151 256
0x0000723b3d921080 0x0000000c7ffe4080 0 0 0 0 0 2 3 49151 264
0x0000723b3d921100 0x0000000c7ffe4100 0 1 0 0 0 2 3 49151 256
0x0000723b3d921180 0x0000000c7ffe4180 0 1 0 0 0 2 3 49151 264
0x0000723b3d921200 0x0000000c7ffe4200 0 0 1 0 0 2 3 49151 256
0x0000723b3d921280 0x0000000c7ffe4280 0 0 1 0 0 2 3 49151 264
0x0000723b3d921300 0x0000000c7ffe4300 0 1 1 0 0 2 3 49151 256
0x0000723b3d921380 0x0000000c7ffe4380 0 1 1 0 0 2 3 49151 264
0x0000723b3d921400 0x0000000c7ffe4400 0 0 0 0 0 2 3 49151 272
0x0000723b3d921480 0x0000000c7ffe4480 0 0 0 0 0 2 3 49151 280
0x0000723b3d921500 0x0000000c7ffe4500 0 1 0 0 0 2 3 49151 272
0x0000723b3d921580 0x0000000c7ffe4580 0 1 0 0 0 2 3 49151 280
0x0000723b3d921600 0x0000000c7ffe4600 0 0 1 0 0 2 3 49151 272
0x0000723b3d921680 0x0000000c7ffe4680 0 0 1 0 0 2 3 49151 280
0x0000723b3d921700 0x0000000c7ffe4700 0 1 1 0 0 2 3 49151 272
0x0000723b3d921780 0x0000000c7ffe4780 0 1 1 0 0 2 3 49151 280
0x0000723b3d921800 0x0000000c7ffe4800 0 0 0 0 0 2 3 49151 288
0x0000723b3d921880 0x0000000c7ffe4880 0 0 0 0 0 2 3 49151 296
0x0000723b3d921900 0x0000000c7ffe4900 0 1 0 0 0 2 3 49151 288
0x0000723b3d921980 0x0000000c7ffe4980 0 1 0 0 0 2 3 49151 296
0x0000723b3d921a00 0x0000000c7ffe4a00 0 0 1 0 0 2 3 49151 288
0x0000723b3d921a80 0x0000000c7ffe4a80 0 0 1 0 0 2 3 49151 296
0x0000723b3d921b00 0x0000000c7ffe4b00 0 1 1 0 0 2 3 49151 288
0x0000723b3d921b80 0x0000000c7ffe4b80 0 1 1 0 0 2 3 49151 296
0x0000723b3d921c00 0x0000000c7ffe4c00 0 0 0 0 0 2 3 49151 304
0x0000723b3d921c80 0x0000000c7ffe4c80 0 0 0 0 0 2 3 49151 312
0x0000723b3d921d00 0x0000000c7ffe4d00 0 1 0 0 0 2 3 49151 304
0x0000723b3d921d80 0x0000000c7ffe4d80 0 1 0 0 0 2 3 49151 312
0x0000723b3d921e00 0x0000000c7ffe4e00 0 0 1 0 0 2 3 49151 304
0x0000723b3d921e80 0x0000000c7ffe4e80 0 0 1 0 0 2 3 49151 312
0x0000723b3d921f00 0x0000000c7ffe4f00 0 1 1 0 0 2 3 49151 304
0x0000723b3d921f80 0x0000000c7ffe4f80 0 1 1 0 0 2 3 49151 312
0x0000723b3d922000 0x00000003f4743000 0 0 0 0 0 2 3 16002 192
0x0000723b3d922080 0x00000003f4743080 0 0 0 0 0 2 3 16002 200
0x0000723b3d922100 0x00000003f4743100 0 1 0 0 0 2 3 16002 192
0x0000723b3d922180 0x00000003f4743180 0 1 0 0 0 2 3 16002 200
0x0000723b3d922200 0x00000003f4743200 0 0 1 0 0 2 3 16002 192
0x0000723b3d922280 0x00000003f4743280 0 0 1 0 0 2 3 16002 200
0x0000723b3d922300 0x00000003f4743300 0 1 1 0 0 2 3 16002 192
0x0000723b3d922380 0x00000003f4743380 0 1 1 0 0 2 3 16002 200
0x0000723b3d922400 0x00000003f4743400 0 0 0 0 0 2 3 16002 208
0x0000723b3d922480 0x00000003f4743480 0 0 0 0 0 2 3 16002 216
0x0000723b3d922500 0x00000003f4743500 0 1 0 0 0 2 3 16002 208
0x0000723b3d922580 0x00000003f4743580 0 1 0 0 0 2 3 16002 216
0x0000723b3d922600 0x00000003f4743600 0 0 1 0 0 2 3 16002 208
0x0000723b3d922680 0x00000003f4743680 0 0 1 0 0 2 3 16002 216
0x0000723b3d922700 0x00000003f4743700 0 1 1 0 0 2 3 16002 208
0x0000723b3d922780 0x00000003f4743780 0 1 1 0 0 2 3 16002 216
0x0000723b3d922800 0x00000003f4743800 0 0 0 0 0 2 3 16002 224
0x0000723b3d922880 0x00000003f4743880 0 0 0 0 0 2 3 16002 232
0x0000723b3d922900 0x00000003f4743900 0 1 0 0 0 2 3 16002 224
0x0000723b3d922980 0x00000003f4743980 0 1 0 0 0 2 3 16002 232
0x0000723b3d922a00 0x00000003f4743a00 0 0 1 0 0 2 3 16002 224
0x0000723b3d922a80 0x00000003f4743a80 0 0 1 0 0 2 3 16002 232
0x0000723b3d922b00 0x00000003f4743b00 0 1 1 0 0 2 3 16002 224
0x0000723b3d922b80 0x00000003f4743b80 0 1 1 0 0 2 3 16002 232
0x0000723b3d922c00 0x00000003f4743c00 0 0 0 0 0 2 3 16002 240
0x0000723b3d922c80 0x00000003f4743c80 0 0 0 0 0 2 3 16002 248
0x0000723b3d922d00 0x00000003f4743d00 0 1 0 0 0 2 3 16002 240
0x0000723b3d922d80 0x00000003f4743d80 0 1 0 0 0 2 3 16002 248
0x0000723b3d922e00 0x00000003f4743e00 0 0 1 0 0 2 3 16002 240
0x0000723b3d922e80 0x00000003f4743e80 0 0 1 0 0 2 3 16002 248
0x0000723b3d922f00 0x00000003f4743f00 0 1 1 0 0 2 3 16002 240
0x0000723b3d922f80 0x00000003f4743f80 0 1 1 0 0 2 3 16002 248
0x0000723b3d925000 0x0000000e9af16000 0 0 0 0 0 2 3 58184 896
0x0000723b3d925080 0x0000000e9af16080 0 0 0 0 0 2 3 58184 904
0x0000723b3d925100 0x0000000e9af16100 0 1 0 0 0 2 3 58184 896
0x0000723b3d925180 0x0000000e9af16180 0 1 0 0 0 2 3 58184 904
0x0000723b3d925200 0x0000000e9af16200 0 0 1 0 0 2 3 58184 896
0x0000723b3d925280 0x0000000e9af16280 0 0 1 0 0 2 3 58184 904
0x0000723b3d925300 0x0000000e9af16300 0 1 1 0 0 2 3 58184 896
0x0000723b3d925380 0x0000000e9af16380 0 1 1 0 0 2 3 58184 904
0x0000723b3d925400 0x0000000e9af16400 0 0 0 0 0 2 3 58184 912
0x0000723b3d925480 0x0000000e9af16480 0 0 0 0 0 2 3 58184 920
0x0000723b3d925500 0x0000000e9af16500 0 1 0 0 0 2 3 58184 912
0x0000723b3d925580 0x0000000e9af16580 0 1 0 0 0 2 3 58184 920
0x0000723b3d925600 0x0000000e9af16600 0 0 1 0 0 2 3 58184 912
0x0000723b3d925680 0x0000000e9af16680 0 0 1 0 0 2 3 58184 920
0x0000723b3d925700 0x0000000e9af16700 0 1 1 0 0 2 3 58184 912
0x0000723b3d925780 0x0000000e9af16780 0 1 1 0 0 2 3 58184 920
0x0000723b3d925800 0x0000000e9af16800 0 0 0 0 0 2 3 58184 928
0x0000723b3d925880 0x0000000e9af16880 0 0 0 0 0 2 3 58184 936
0x0000723b3d925900 0x0000000e9af16900 0 1 0 0 0 2 3 58184 928
0x0000723b3d925980 0x0000000e9af16980 0 1 0 0 0 2 3 58184 936
0x0000723b3d925a00 0x0000000e9af16a00 0 0 1 0 0 2 3 58184 928
0x0000723b3d925a80 0x0000000e9af16a80 0 0 1 0 0 2 3 58184 936
0x0000723b3d925b00 0x0000000e9af16b00 0 1 1 0 0 2 3 58184 928
0x0000723b3d925b80 0x0000000e9af16b80 0 1 1 0 0 2 3 58184 936
0x0000723b3d925c00 0x0000000e9af16c00 0 0 0 0 0 2 3 58184 944
0x0000723b3d925c80 0x0000000e9af16c80 0 0 0 0 0 2 3 58184 952
0x0000723b3d925d00 0x0000000e9af16d00 0 1 0 0 0 2 3 58184 944
0x0000723b3d925d80 0x0000000e9af16d80 0 1 0 0 0 2 3 58184 952
0x0000723b3d925e00 0x0000000e9af16e00 0 0 1 0 0 2 3 58184 944
0x0000723b3d925e80 0x0000000e9af16e80 0 0 1 0 0 2 3 58184 952
0x0000723b3d925f00 0x0000000e9af16f00 0 1 1 0 0 2 3 58184 944
0x0000723b3d925f80 0x0000000e9af16f80 0 1 1 0 0 2 3 58184 952
0x0000723b3d929000 0x00000007377e4000 0 0 0 0 0 2 3 26359 256
0x0000723b3d929080 0x00000007377e4080 0 0 0 0 0 2 3 26359 264
0x0000723b3d929100 0x00000007377e4100 0 1 0 0 0 2 3 26359 256
0x0000723b3d929180 0x00000007377e4180 0 1 0 0 0 2 3 26359 264
0x0000723b3d929200 0x00000007377e4200 0 0 1 0 0 2 3 26359 256
0x0000723b3d929280 0x00000007377e4280 0 0 1 0 0 2 3 26359 264
0x0000723b3d929300 0x00000007377e4300 0 1 1 0 0 2 3 26359 256
0x0000723b3d929380 0x00000007377e4380 0 1 1 0 0 2 3 26359 264
0x0000723b3d929400 0x00000007377e4400 0 0 0 0 0 2 3 26359 272
0x0000723b3d929480 0x00000007377e4480 0 0 0 0 0 2 3 26359 280
0x0000723b3d929500 0x00000007377e4500 0 1 0 0 0 2 3 26359 272
0x0000723b3d929580 0x00000007377e4580 0 1 0 0 0 2 3 26359 280
0x0000723b3d929600 0x00000007377e4600 0 0 1 0 0 2 3 26359 272
0x0000723b3d929680 0x00000007377e4680 0 0 1 0 0 2 3 26359 280
0x0000723b3d929700 0x00000007377e4700 0 1 1 0 0 2 3 26359 272
0x0000723b3d929780 0x00000007377e4780 0 1 1 0 0 2 3 26359 280
0x0000723b3d929800 0x00000007377e4800 0 0 0 0 0 2 3 26359 288
0x0000723b3d929880 0x00000007377e4880 0 0 0 0 0 2 3 26359 296
0x0000723b3d929900 0x00000007377e4900 0 1 0 0 0 2 3 26359 288
0x0000723b3d929980 0x00000007377e4980 0 1 0 0 0 2 3 26359 296
0x0000723b3d929a00 0x00000007377e4a00 0 0 1 0 0 2 3 26359 288
0x0000723b3d929a80 0x00000007377e4a80 0 0 1 0 0 2 3 26359 296
0x0000723b3d929b00 0x00000007377e4b00 0 1 1 0 0 2 3 26359 288
0x0000723b3d929b80 0x00000007377e4b80 0 1 1 0 0 2 3 26359 296
0x0000723b3d929c00 0x00000007377e4c00 0 0 0 0 0 2 3 26359 304
0x0000723b3d929c80 0x00000007377e4c80 0 0 0 0 0 2 3 26359 312
0x0000723b3d929d00 0x00000007377e4d00 0 1 0 0 0 2 3 26359 304
0x0000723b3d929d80 0x00000007377e4d80 0 1 0 0 0 2 3 26359 312
0x0000723b3d929e00 0x00000007377e4e00 0 0 1 0 0 2 3 26359 304
0x0000723b3d929e80 0x00000007377e4e80 0 0 1 0 0 2 3 26359 312
0x0000723b3d929f00 0x00000007377e4f00 0 1 1 0 0 2 3 26359 304
0x0000723b3d929f80 0x00000007377e4f80 0 1 1 0 0 2 3 26359 312
0x0000723b3d92f000 0x00000001a2fc5000 0 0 0 0 0 2 3 5198 320
0x0000723b3d92f080 0x00000001a2fc5080 0 0 0 0 0 2 3 5198 328
0x0000723b3d92f100 0x00000001a2fc5100 0 1 0 0 0 2 3 5198 320
0x0000723b3d92f180 0x00000001a2fc5180 0 1 0 0 0 2 3 5198 328
0x0000723b3d92f200 0x00000001a2fc5200 0 0 1 0 0 2 3 5198 320
0x0000723b3d92f280 0x00000001a2fc5280 0 0 1 0 0 2 3 5198 328
0x0000723b3d92f300 0x00000001a2fc5300 0 1 1 0 0 2 3 5198 320
0x0000723b3d92f380 0x00000001a2fc5380 0 1 1 0 0 2 3 5198 328
0x0000723b3d92f400 0x00000001a2fc5400 0 0 0 0 0 2 3 5198 336
0x0000723b3d92f480 0x00000001a2fc5480 0 0 0 0 0 2 3 5198 344
0x0000723b3d92f500 0x00000001a2fc5500 0 1 0 0 0 2 3 5198 336
0x0000723b3d92f580 0x00000001a2fc5580 0 1 0 0 0 2 3 5198 344
0x0000723b3d92f600 0x00000001a2fc5600 0 0 1 0 0 2 3 5198 336
0x0000723b3d92f680 0x00000001a2fc5680 0 0 1 0 0 2 3 5198 344
0x0000723b3d92f700 0x00000001a2fc5700 0 1 1 0 0 2 3 5198 336
0x0000723b3d92f780 0x00000001a2fc5780 0 1 1 0 0 2 3 5198 344
0x0000723b3d92f800 0x00000001a2fc5800 0 0 0 0 0 2 3 5198 352
0x0000723b3d92f880 0x00000001a2fc5880 0 0 0 0 0 2 3 5198 360
0x0000723b3d92f900 0x00000001a2fc5900 0 1 0 0 0 2 3 5198 352
0x0000723b3d92f980 0x00000001a2fc5980 0 1 0 0 0 2 3 5198 360
0x0000723b3d92fa00 0x00000001a2fc5a00 0 0 1 0 0 2 3 5198 352
0x0000723b3d92fa80 0x00000001a2fc5a80 0 0 1 0 0 2 3 5198 360
0x0000723b3d92fb00 0x00000001a2fc5b00 0 1 1 0 0 2 3 5198 352
0x0000723b3d92fb80 0x00000001a2fc5b80 0 1 1 0 0 2 3 5198 360
0x0000723b3d92fc00 0x00000001a2fc5c00 0 0 0 0 0 2 3 5198 368
0x0000723b3d92fc80 0x00000001a2fc5c80 0 0 0 0 0 2 3 5198 376
0x0000723b3d92fd00 0x00000001a2fc5d00 0 1 0 0 0 2 3 5198 368
0x0000723b3d92fd80 0x00000001a2fc5d80 0 1 0 0 0 2 3 5198 376
0x0000723b3d92fe00 0x00000001a2fc5e00 0 0 1 0 0 2 3 5198 368
0x0000723b3d92fe80 0x00000001a2fc5e80 0 0 1 0 0 2 3 5198 376
0x0000723b3d92ff00 0x00000001a2fc5f00 0 1 1 0 0 2 3 5198 368
0x0000723b3d92ff80 0x00000001a2fc5f80 0 1 1 0 0 2 3 5198 376
0x0000723b3d930000 0x00000001a2fca000 0 0 0 0 1 2 3 5198 128
0x0000723b3d930080 0x00000001a2fca080 0 0 0 0 1 2 3 5198 136
0x0000723b3d930100 0x00000001a2fca100 0 1 0 0 1 2 3 5198 128
0x0000723b3d930180 0x00000001a2fca180 0 1 0 0 1 2 3 5198 136
0x0000723b3d930200 0x00000001a2fca200 0 0 1 0 1 2 3 5198 128
0x0000723b3d930280 0x00000001a2fca280 0 0 1 0 1 2 3 5198 136
0x0000723b3d930300 0x00000001a2fca300 0 1 1 0 1 2 3 5198 128
0x0000723b3d930380 0x00000001a2fca380 0 1 1 0 1 2 3 5198 136
0x0000723b3d930400 0x00000001a2fca400 0 0 0 0 1 2 3 5198 144
0x0000723b3d930480 0x00000001a2fca480 0 0 0 0 1 2 3 5198 152
0x0000723b3d930500 0x00000001a2fca500 0 1 0 0 1 2 3 5198 144
0x0000723b3d930580 0x00000001a2fca580 0 1 0 0 1 2 3 5198 152
0x0000723b3d930600 0x00000001a2fca600 0 0 1 0 1 2 3 5198 144
0x0000723b3d930680 0x00000001a2fca680 0 0 1 0 1 2 3 5198 152
0x0000723b3d930700 0x00000001a2fca700 0 1 1 0 1 2 3 5198 144
0x0000723b3d930780 0x00000001a2fca780 0 1 1 0 1 2 3 5198 152
0x0000723b3d930800 0x00000001a2fca800 0 0 0 0 1 2 3 5198 160
0x0000723b3d930880 0x00000001a2fca880 0 0 0 0 1 2 3 5198 168
0x0000723b3d930900 0x00000001a2fca900 0 1 0 0 1 2 3 5198 160
0x0000723b3d930980 0x00000001a2fca980 0 1 0 0 1 2 3 5198 168
0x0000723b3d930a00 0x00000001a2fcaa00 0 0 1 0 1 2 3 5198 160
0x0000723b3d930a80 0x00000001a2fcaa80 0 0 1 0 1 2 3 5198 168
0x0000723b3d930b00 0x00000001a2fcab00 0 1 1 0 1 2 3 5198 160
0x0000723b3d930b80 0x00000001a2fcab80 0 1 1 0 1 2 3 5198 168
0x0000723b3d930c00 0x00000001a2fcac00 0 0 0 0 1 2 3 5198 176
0x0000723b3d930c80 0x00000001a2fcac80 0 0 0 0 1 2 3 5198 184
0x0000723b3d930d00 0x00000001a2fcad00 0 1 0 0 1 2 3 5198 176
0x0000723b3d930d80 0x00000001a2fcad80 0 1 0 0 1 2 3 5198 184
0x0000723b3d930e00 0x00000001a2fcae00 0 0 1 0 1 2 3 5198 176
0x0000723b3d930e80 0x00000001a2fcae80 0 0 1 0 1 2 3 5198 184
0x0000723b3d930f00 0x00000001a2fcaf00 0 1 1 0 1 2 3 5198 176
0x0000723b3d930f80 0x00000001a2fcaf80 0 1 1 0 1 2 3 5198 184
0x0000723b3d931000 0x0000000882fa1000 0 0 0 0 0 2 3 32845 64
0x0000723b3d931080 0x0000000882fa1080 0 0 0 0 0 2 3 32845 72
0x0000723b3d931100 0x0000000882fa1100 0 1 0 0 0 2 3 32845 64
0x0000723b3d931180 0x0000000882fa1180 0 1 0 0 0 2 3 32845 72
0x0000723b3d931200 0x0000000882fa1200 0 0 1 0 0 2 3 32845 64
0x0000723b3d931280 0x0000000882fa1280 0 0 1 0 0 2 3 32845 72
0x0000723b3d931300 0x0000000882fa1300 0 1 1 0 0 2 3 32845 64
0x0000723b3d931380 0x0000000882fa1380 0 1 1 0 0 2 3 32845 72
0x0000723b3d931400 0x0000000882fa1400 0 0 0 0 0 2 3 32845 80
0x0000723b3d931480 0x0000000882fa1480 0 0 0 0 0 2 3 32845 88
0x0000723b3d931500 0x0000000882fa1500 0 1 0 0 0 2 3 32845 80
0x0000723b3d931580 0x0000000882fa1580 0 1 0 0 0 2 3 32845 88
0x0000723b3d931600 0x0000000882fa1600 0 0 1 0 0 2 3 32845 80
0x0000723b3d931680 0x0000000882fa1680 0 0 1 0 0 2 3 32845 88
0x0000723b3d931700 0x0000000882fa1700 0 1 1 0 0 2 3 32845 80
0x0000723b3d931780 0x0000000882fa1780 0 1 1 0 0 2 3 32845 88
0x0000723b3d931800 0x0000000882fa1800 0 0 0 0 0 2 3 32845 96
0x0000723b3d931880 0x0000000882fa1880 0 0 0 0 0 2 3 32845 104
0x0000723b3d931900 0x0000000882fa1900 0 1 0 0 0 2 3 32845 96
0x0000723b3d931980 0x0000000882fa1980 0 1 0 0 0 2 3 32845 104
0x0000723b3d931a00 0x0000000882fa1a00 0 0 1 0 0 2 3 32845 96
0x0000723b3d931a80 0x0000000882fa1a80 0 0 1 0 0 2 3 32845 104
0x0000723b3d931b00 0x0000000882fa1b00 0 1 1 0 0 2 3 32845 96
0x0000723b3d931b80 0x0000000882fa1b80 0 1 1 0 0 2 3 32845 104
0x0000723b3d931c00 0x0000000882fa1c00 0 0 0 0 0 2 3 32845 112
0x0000723b3d931c80 0x0000000882fa1c80 0 0 0 0 0 2 3 32845 120
0x0000723b3d931d00 0x0000000882fa1d00 0 1 0 0 0 2 3 32845 112
0x0000723b3d931d80 0x0000000882fa1d80 0 1 0 0 0 2 3 32845 120
0x0000723b3d931e00 0x0000000882fa1e00 0 0 1 0 0 2 3 32845 112
0x0000723b3d931e80 0x0000000882fa1e80 0 0 1 0 0 2 3 32845 120
0x0000723b3d931f00 0x0000000882fa1f00 0 1 1 0 0 2 3 32845 112
0x0000723b3d931f80 0x0000000882fa1f80 0 1 1 0 0 2 3 32845 120
0x0000723b3d932000 0x00000001a2ff2000 0 0 0 0 0 2 3 5199 640
0x0000723b3d932080 0x00000001a2ff2080 0 0 0 0 0 2 3 5199 648
0x0000723b3d932100 0x00000001a2ff2100 0 1 0 0 0 2 3 5199 640
0x0000723b3d932180 0x00000001a2ff2180 0 1 0 0 0 2 3 5199 648
0x0000723b3d932200 0x00000001a2ff2200 0 0 1 0 0 2 3 5199 640
0x0000723b3d932280 0x00000001a2ff2280 0 0 1 0 0 2 3 5199 648
0x0000723b3d932300 0x00000001a2ff2300 0 1 1 0 0 2 3 5199 640
0x0000723b3d932380 0x00000001a2ff2380 0 1 1 0 0 2 3 5199 648
0x0000723b3d932400 0x00000001a2ff2400 0 0 0 0 0 2 3 5199 656
0x0000723b3d932480 0x00000001a2ff2480 0 0 0 0 0 2 3 5199 664
0x0000723b3d932500 0x00000001a2ff2500 0 1 0 0 0 2 3 5199 656
0x0000723b3d932580 0x00000001a2ff2580 0 1 0 0 0 2 3 5199 664
0x0000723b3d932600 0x00000001a2ff2600 0 0 1 0 0 2 3 5199 656
0x0000723b3d932680 0x00000001a2ff2680 0 0 1 0 0 2 3 5199 664
0x0000723b3d932700 0x00000001a2ff2700 0 1 1 0 0 2 3 5199 656
0x0000723b3d932780 0x00000001a2ff2780 0 1 1 0 0 2 3 5199 664
0x0000723b3d932800 0x00000001a2ff2800 0 0 0 0 0 2 3 5199 672
0x0000723b3d932880 0x00000001a2ff2880 0 0 0 0 0 2 3 5199 680
0x0000723b3d932900 0x00000001a2ff2900 0 1 0 0 0 2 3 5199 672
0x0000723b3d932980 0x00000001a2ff2980 0 1 0 0 0 2 3 5199 680
0x0000723b3d932a00 0x00000001a2ff2a00 0 0 1 0 0 2 3 5199 672
0x0000723b3d932a80 0x00000001a2ff2a80 0 0 1 0 0 2 3 5199 680
0x0000723b3d932b00 0x00000001a2ff2b00 0 1 1 0 0 2 3 5199 672
0x0000723b3d932b80 0x00000001a2ff2b80 0 1 1 0 0 2 3 5199 680
0x0000723b3d932c00 0x00000001a2ff2c00 0 0 0 0 0 2 3 5199 688
0x0000723b3d932c80 0x00000001a2ff2c80 0 0 0 0 0 2 3 5199 696
0x0000723b3d932d00 0x00000001a2ff2d00 0 1 0 0 0 2 3 5199 688
0x0000723b3d932d80 0x00000001a2ff2d80 0 1 0 0 0 2 3 5199 696
0x0000723b3d932e00 0x00000001a2ff2e00 0 0 1 0 0 2 3 5199 688
0x0000723b3d932e80 0x00000001a2ff2e80 0 0 1 0 0 2 3 5199 696
0x0000723b3d932f00 0x00000001a2ff2f00 0 1 1 0 0 2 3 5199 688
0x0000723b3d932f80 0x00000001a2ff2f80 0 1 1 0 0 2 3 5199 696
0x0000723b3d935000 0x0000000bb57b1000 0 0 0 0 0 2 3 46757 576
0x0000723b3d935080 0x0000000bb57b1080 0 0 0 0 0 2 3 46757 584
0x0000723b3d935100 0x0000000bb57b1100 0 1 0 0 0 2 3 46757 576
0x0000723b3d935180 0x0000000bb57b1180 0 1 0 0 0 2 3 46757 584
0x0000723b3d935200 0x0000000bb57b1200 0 0 1 0 0 2 3 46757 576
0x0000723b3d935280 0x0000000bb57b1280 0 0 1 0 0 2 3 46757 584
0x0000723b3d935300 0x0000000bb57b1300 0 1 1 0 0 2 3 46757 576
0x0000723b3d935380 0x0000000bb57b1380 0 1 1 0 0 2 3 46757 584
0x0000723b3d935400 0x0000000bb57b1400 0 0 0 0 0 2 3 46757 592
0x0000723b3d935480 0x0000000bb57b1480 0 0 0 0 0 2 3 46757 600
0x0000723b3d935500 0x0000000bb57b1500 0 1 0 0 0 2 3 46757 592
0x0000723b3d935580 0x0000000bb57b1580 0 1 0 0 0 2 3 46757 600
0x0000723b3d935600 0x0000000bb57b1600 0 0 1 0 0 2 3 46757 592
0x0000723b3d935680 0x0000000bb57b1680 0 0 1 0 0 2 3 46757 600
0x0000723b3d935700 0x0000000bb57b1700 0 1 1 0 0 2 3 46757 592
0x0000723b3d935780 0x0000000bb57b1780 0 1 1 0 0 2 3 46757 600
0x0000723b3d935800 0x0000000bb57b1800 0 0 0 0 0 2 3 46757 608
0x0000723b3d935880 0x0000000bb57b1880 0 0 0 0 0 2 3 46757 616
0x0000723b3d935900 0x0000000bb57b1900 0 1 0 0 0 2 3 46757 608
0x0000723b3d935980 0x0000000bb57b1980 0 1 0 0 0 2 3 46757 616
0x0000723b3d935a00 0x0000000bb57b1a00 0 0 1 0 0 2 3 46757 608
0x0000723b3d935a80 0x0000000bb57b1a80 0 0 1 0 0 2 3 46757 616
0x0000723b3d935b00 0x0000000bb57b1b00 0 1 1 0 0 2 3 46757 608
0x0000723b3d935b80 0x0000000bb57b1b80 0 1 1 0 0 2 3 46757 616
0x0000723b3d935c00 0x0000000bb57b1c00 0 0 0 0 0 2 3 46757 624
0x0000723b3d935c80 0x0000000bb57b1c80 0 0 0 0 0 2 3 46757 632
0x0000723b3d935d00 0x0000000bb57b1d00 0 1 0 0 0 2 3 46757 624
0x0000723b3d935d80 0x0000000bb57b1d80 0 1 0 0 0 2 3 46757 632
0x0000723b3d935e00 0x0000000bb57b1e00 0 0 1 0 0 2 3 46757 624
0x0000723b3d935e80 0x0000000bb57b1e80 0 0 1 0 0 2 3 46757 632
0x0000723b3d935f00 0x0000000bb57b1f00 0 1 1 0 0 2 3 46757 624
0x0000723b3d935f80 0x0000000bb57b1f80 0 1 1 0 0 2 3 46757 632
0x0000723b3d93c000 0x000000078272a000 0 0 0 0 1 2 3 28737 128
0x0000723b3d93c080 0x000000078272a080 0 0 0 0 1 2 3 28737 136
0x0000723b3d93c100 0x000000078272a100 0 1 0 0 1 2 3 28737 128
0x0000723b3d93c180 0x000000078272a180 0 1 0 0 1 2 3 28737 136
0x0000723b3d93c200 0x000000078272a200 0 0 1 0 1 2 3 28737 128
0x0000723b3d93c280 0x000000078272a280 0 0 1 0 1 2 3 28737 136
0x0000723b3d93c300 0x000000078272a300 0 1 1 0 1 2 3 28737 128
0x0000723b3d93c380 0x000000078272a380 0 1 1 0 1 2 3 28737 136
0x0000723b3d93c400 0x000000078272a400 0 0 0 0 1 2 3 28737 144
0x0000723b3d93c480 0x000000078272a480 0 0 0 0 1 2 3 28737 152
0x0000723b3d93c500 0x000000078272a500 0 1 0 0 1 2 3 28737 144
0x0000723b3d93c580 0x000000078272a580 0 1 0 0 1 2 3 28737 152
0x0000723b3d93c600 0x000000078272a600 0 0 1 0 1 2 3 28737 144
0x0000723b3d93c680 0x000000078272a680 0 0 1 0 1 2 3 28737 152
0x0000723b3d93c700 0x000000078272a700 0 1 1 0 1 2 3 28737 144
0x0000723b3d93c780 0x000000078272a780 0 1 1 0 1 2 3 28737 152
0x0000723b3d93c800 0x000000078272a800 0 0 0 0 1 2 3 28737 160
0x0000723b3d93c880 0x000000078272a880 0 0 0 0 1 2 3 28737 168
0x0000723b3d93c900 0x000000078272a900 0 1 0 0 1 2 3 28737 160
0x0000723b3d93c980 0x000000078272a980 0 1 0 0 1 2 3 28737 168
0x0000723b3d93ca00 0x000000078272aa00 0 0 1 0 1 2 3 28737 160
0x0000723b3d93ca80 0x000000078272aa80 0 0 1 0 1 2 3 28737 168
0x0000723b3d93cb00 0x000000078272ab00 0 1 1 0 1 2 3 28737 160
0x0000723b3d93cb80 0x000000078272ab80 0 1 1 0 1 2 3 28737 168
0x0000723b3d93cc00 0x000000078272ac00 0 0 0 0 1 2 3 28737 176
0x0000723b3d93cc80 0x000000078272ac80 0 0 0 0 1 2 3 28737 184
0x0000723b3d93cd00 0x000000078272ad00 0 1 0 0 1 2 3 28737 176
0x0000723b3d93cd80 0x000000078272ad80 0 1 0 0 1 2 3 28737 184
0x0000723b3d93ce00 0x000000078272ae00 0 0 1 0 1 2 3 28737 176
0x0000723b3d93ce80 0x000000078272ae80 0 0 1 0 1 2 3 28737 184
0x0000723b3d93cf00 0x000000078272af00 0 1 1 0 1 2 3 28737 176
0x0000723b3d93cf80 0x000000078272af80 0 1 1 0 1 2 3 28737 184
0x0000723b3d941000 0x00000004e87bd000 0 0 0 0 1 2 3 19717 832
0x0000723b3d941080 0x00000004e87bd080 0 0 0 0 1 2 3 19717 840
0x0000723b3d941100 0x00000004e87bd100 0 1 0 0 1 2 3 19717 832
0x0000723b3d941180 0x00000004e87bd180 0 1 0 0 1 2 3 19717 840
0x0000723b3d941200 0x00000004e87bd200 0 0 1 0 1 2 3 19717 832
0x0000723b3d941280 0x00000004e87bd280 0 0 1 0 1 2 3 19717 840
0x0000723b3d941300 0x00000004e87bd300 0 1 1 0 1 2 3 19717 832
0x0000723b3d941380 0x00000004e87bd380 0 1 1 0 1 2 3 19717 840
0x0000723b3d941400 0x00000004e87bd400 0 0 0 0 1 2 3 19717 848
0x0000723b3d941480 0x00000004e87bd480 0 0 0 0 1 2 3 19717 856
0x0000723b3d941500 0x00000004e87bd500 0 1 0 0 1 2 3 19717 848
0x0000723b3d941580 0x00000004e87bd580 0 1 0 0 1 2 3 19717 856
0x0000723b3d941600 0x00000004e87bd600 0 0 1 0 1 2 3 19717 848
0x0000723b3d941680 0x00000004e87bd680 0 0 1 0 1 2 3 19717 856
0x0000723b3d941700 0x00000004e87bd700 0 1 1 0 1 2 3 19717 848
0x0000723b3d941780 0x00000004e87bd780 0 1 1 0 1 2 3 19717 856
0x0000723b3d941800 0x00000004e87bd800 0 0 0 0 1 2 3 19717 864
0x0000723b3d941880 0x00000004e87bd880 0 0 0 0 1 2 3 19717 872
0x0000723b3d941900 0x00000004e87bd900 0 1 0 0 1 2 3 19717 864
0x0000723b3d941980 0x00000004e87bd980 0 1 0 0 1 2 3 19717 872
0x0000723b3d941a00 0x00000004e87bda00 0 0 1 0 1 2 3 19717 864
0x0000723b3d941a80 0x00000004e87bda80 0 0 1 0 1 2 3 19717 872
0x0000723b3d941b00 0x00000004e87bdb00 0 1 1 0 1 2 3 19717 864
0x0000723b3d941b80 0x00000004e87bdb80 0 1 1 0 1 2 3 19717 872
0x0000723b3d941c00 0x00000004e87bdc00 0 0 0 0 1 2 3 19717 880
0x0000723b3d941c80 0x00000004e87bdc80 0 0 0 0 1 2 3 19717 888
0x0000723b3d941d00 0x00000004e87bdd00 0 1 0 0 1 2 3 19717 880
0x0000723b3d941d80 0x00000004e87bdd80 0 1 0 0 1 2 3 19717 888
0x0000723b3d941e00 0x00000004e87bde00 0 0 1 0 1 2 3 19717 880
0x0000723b3d941e80 0x00000004e87bde80 0 0 1 0 1 2 3 19717 888
0x0000723b3d941f00 0x00000004e87bdf00 0 1 1 0 1 2 3 19717 880
0x0000723b3d941f80 0x00000004e87bdf80 0 1 1 0 1 2 3 19717 888
0x0000723b3d942000 0x0000000dcf772000 0 0 0 0 0 2 3 55779 640
0x0000723b3d942080 0x0000000dcf772080 0 0 0 0 0 2 3 55779 648
0x0000723b3d942100 0x0000000dcf772100 0 1 0 0 0 2 3 55779 640
0x0000723b3d942180 0x0000000dcf772180 0 1 0 0 0 2 3 55779 648
0x0000723b3d942200 0x0000000dcf772200 0 0 1 0 0 2 3 55779 640
0x0000723b3d942280 0x0000000dcf772280 0 0 1 0 0 2 3 55779 648
0x0000723b3d942300 0x0000000dcf772300 0 1 1 0 0 2 3 55779 640
0x0000723b3d942380 0x0000000dcf772380 0 1 1 0 0 2 3 55779 648
0x0000723b3d942400 0x0000000dcf772400 0 0 0 0 0 2 3 55779 656
0x0000723b3d942480 0x0000000dcf772480 0 0 0 0 0 2 3 55779 664
0x0000723b3d942500 0x0000000dcf772500 0 1 0 0 0 2 3 55779 656
0x0000723b3d942580 0x0000000dcf772580 0 1 0 0 0 2 3 55779 664
0x0000723b3d942600 0x0000000dcf772600 0 0 1 0 0 2 3 55779 656
0x0000723b3d942680 0x0000000dcf772680 0 0 1 0 0 2 3 55779 664
0x0000723b3d942700 0x0000000dcf772700 0 1 1 0 0 2 3 55779 656
0x0000723b3d942780 0x0000000dcf772780 0 1 1 0 0 2 3 55779 664
0x0000723b3d942800 0x0000000dcf772800 0 0 0 0 0 2 3 55779 672
0x0000723b3d942880 0x0000000dcf772880 0 0 0 0 0 2 3 55779 680
0x0000723b3d942900 0x0000000dcf772900 0 1 0 0 0 2 3 55779 672
0x0000723b3d942980 0x0000000dcf772980 0 1 0 0 0 2 3 55779 680
0x0000723b3d942a00 0x0000000dcf772a00 0 0 1 0 0 2 3 55779 672
0x0000723b3d942a80 0x0000000dcf772a80 0 0 1 0 0 2 3 55779 680
0x0000723b3d942b00 0x0000000dcf772b00 0 1 1 0 0 2 3 55779 672
0x0000723b3d942b80 0x0000000dcf772b80 0 1 1 0 0 2 3 55779 680
0x0000723b3d942c00 0x0000000dcf772c00 0 0 0 0 0 2 3 55779 688
0x0000723b3d942c80 0x0000000dcf772c80 0 0 0 0 0 2 3 55779 696
0x0000723b3d942d00 0x0000000dcf772d00 0 1 0 0 0 2 3 55779 688
0x0000723b3d942d80 0x0000000dcf772d80 0 1 0 0 0 2 3 55779 696
0x0000723b3d942e00 0x0000000dcf772e00 0 0 1 0 0 2 3 55779 688
0x0000723b3d942e80 0x0000000dcf772e80 0 0 1 0 0 2 3 55779 696
0x0000723b3d942f00 0x0000000dcf772f00 0 1 1 0 0 2 3 55779 688
0x0000723b3d942f80 0x0000000dcf772f80 0 1 1 0 0 2 3 55779 696
0x0000723b3d943000 0x0000000db6fba000 0 0 0 0 1 2 3 54989 640
0x0000723b3d943080 0x0000000db6fba080 0 0 0 0 1 2 3 54989 648
0x0000723b3d943100 0x0000000db6fba100 0 1 0 0 1 2 3 54989 640
0x0000723b3d943180 0x0000000db6fba180 0 1 0 0 1 2 3 54989 648
0x0000723b3d943200 0x0000000db6fba200 0 0 1 0 1 2 3 54989 640
0x0000723b3d943280 0x0000000db6fba280 0 0 1 0 1 2 3 54989 648
0x0000723b3d943300 0x0000000db6fba300 0 1 1 0 1 2 3 54989 640
0x0000723b3d943380 0x0000000db6fba380 0 1 1 0 1 2 3 54989 648
0x0000723b3d943400 0x0000000db6fba400 0 0 0 0 1 2 3 54989 656
0x0000723b3d943480 0x0000000db6fba480 0 0 0 0 1 2 3 54989 664
0x0000723b3d943500 0x0000000db6fba500 0 1 0 0 1 2 3 54989 656
0x0000723b3d943580 0x0000000db6fba580 0 1 0 0 1 2 3 54989 664
0x0000723b3d943600 0x0000000db6fba600 0 0 1 0 1 2 3 54989 656
0x0000723b3d943680 0x0000000db6fba680 0 0 1 0 1 2 3 54989 664
0x0000723b3d943700 0x0000000db6fba700 0 1 1 0 1 2 3 54989 656
0x0000723b3d943780 0x0000000db6fba780 0 1 1 0 1 2 3 54989 664
0x0000723b3d943800 0x0000000db6fba800 0 0 0 0 1 2 3 54989 672
0x0000723b3d943880 0x0000000db6fba880 0 0 0 0 1 2 3 54989 680
0x0000723b3d943900 0x0000000db6fba900 0 1 0 0 1 2 3 54989 672
0x0000723b3d943980 0x0000000db6fba980 0 1 0 0 1 2 3 54989 680
0x0000723b3d943a00 0x0000000db6fbaa00 0 0 1 0 1 2 3 54989 672
0x0000723b3d943a80 0x0000000db6fbaa80 0 0 1 0 1 2 3 54989 680
0x0000723b3d943b00 0x0000000db6fbab00 0 1 1 0 1 2 3 54989 672
0x0000723b3d943b80 0x0000000db6fbab80 0 1 1 0 1 2 3 54989 680
0x0000723b3d943c00 0x0000000db6fbac00 0 0 0 0 1 2 3 54989 688
0x0000723b3d943c80 0x0000000db6fbac80 0 0 0 0 1 2 3 54989 696
0x0000723b3d943d00 0x0000000db6fbad00 0 1 0 0 1 2 3 54989 688
0x0000723b3d943d80 0x0000000db6fbad80 0 1 0 0 1 2 3 54989 696
0x0000723b3d943e00 0x0000000db6fbae00 0 0 1 0 1 2 3 54989 688
0x0000723b3d943e80 0x0000000db6fbae80 0 0 1 0 1 2 3 54989 696
0x0000723b3d943f00 0x0000000db6fbaf00 0 1 1 0 1 2 3 54989 688
0x0000723b3d943f80 0x0000000db6fbaf80 0 1 1 0 1 2 3 54989 696
0x0000723b3d947000 0x0000000e00ffa000 0 0 0 0 1 2 3 53279 640
0x0000723b3d947080 0x0000000e00ffa080 0 0 0 0 1 2 3 53279 648
0x0000723b3d947100 0x0000000e00ffa100 0 1 0 0 1 2 3 53279 640
0x0000723b3d947180 0x0000000e00ffa180 0 1 0 0 1 2 3 53279 648
0x0000723b3d947200 0x0000000e00ffa200 0 0 1 0 1 2 3 53279 640
0x0000723b3d947280 0x0000000e00ffa280 0 0 1 0 1 2 3 53279 648
0x0000723b3d947300 0x0000000e00ffa300 0 1 1 0 1 2 3 53279 640
0x0000723b3d947380 0x0000000e00ffa380 0 1 1 0 1 2 3 53279 648
0x0000723b3d947400 0x0000000e00ffa400 0 0 0 0 1 2 3 53279 656
0x0000723b3d947480 0x0000000e00ffa480 0 0 0 0 1 2 3 53279 664
0x0000723b3d947500 0x0000000e00ffa500 0 1 0 0 1 2 3 53279 656
0x0000723b3d947580 0x0000000e00ffa580 0 1 0 0 1 2 3 53279 664
0x0000723b3d947600 0x0000000e00ffa600 0 0 1 0 1 2 3 53279 656
0x0000723b3d947680 0x0000000e00ffa680 0 0 1 0 1 2 3 53279 664
0x0000723b3d947700 0x0000000e00ffa700 0 1 1 0 1 2 3 53279 656
0x0000723b3d947780 0x0000000e00ffa780 0 1 1 0 1 2 3 53279 664
0x0000723b3d947800 0x0000000e00ffa800 0 0 0 0 1 2 3 53279 672
0x0000723b3d947880 0x0000000e00ffa880 0 0 0 0 1 2 3 53279 680
0x0000723b3d947900 0x0000000e00ffa900 0 1 0 0 1 2 3 53279 672
0x0000723b3d947980 0x0000000e00ffa980 0 1 0 0 1 2 3 53279 680
0x0000723b3d947a00 0x0000000e00ffaa00 0 0 1 0 1 2 3 53279 672
0x0000723b3d947a80 0x0000000e00ffaa80 0 0 1 0 1 2 3 53279 680
0x0000723b3d947b00 0x0000000e00ffab00 0 1 1 0 1 2 3 53279 672
0x0000723b3d947b80 0x0000000e00ffab80 0 1 1 0 1 2 3 53279 680
0x0000723b3d947c00 0x0000000e00ffac00 0 0 0 0 1 2 3 53279 688
0x0000723b3d947c80 0x0000000e00ffac80 0 0 0 0 1 2 3 53279 696
0x0000723b3d947d00 0x0000000e00ffad00 0 1 0 0 1 2 3 53279 688
0x0000723b3d947d80 0x0000000e00ffad80 0 1 0 0 1 2 3 53279 696
0x0000723b3d947e00 0x0000000e00ffae00 0 0 1 0 1 2 3 53279 688
0x0000723b3d947e80 0x0000000e00ffae80 0 0 1 0 1 2 3 53279 696
0x0000723b3d947f00 0x0000000e00ffaf00 0 1 1 0 1 2 3 53279 688
0x0000723b3d947f80 0x0000000e00ffaf80 0 1 1 0 1 2 3 53279 696
0x0000723b3d95c000 0x00000008d37a9000 0 0 0 0 1 2 3 35429 64
0x0000723b3d95c080 0x00000008d37a9080 0 0 0 0 1 2 3 35429 72
0x0000723b3d95c100 0x00000008d37a9100 0 1 0 0 1 2 3 35429 64
0x0000723b3d95c180 0x00000008d37a9180 0 1 0 0 1 2 3 35429 72
0x0000723b3d95c200 0x00000008d37a9200 0 0 1 0 1 2 3 35429 64
0x0000723b3d95c280 0x00000008d37a9280 0 0 1 0 1 2 3 35429 72
0x0000723b3d95c300 0x00000008d37a9300 0 1 1 0 1 2 3 35429 64
0x0000723b3d95c380 0x00000008d37a9380 0 1 1 0 1 2 3 35429 72
0x0000723b3d95c400 0x00000008d37a9400 0 0 0 0 1 2 3 35429 80
0x0000723b3d95c480 0x00000008d37a9480 0 0 0 0 1 2 3 35429 88
0x0000723b3d95c500 0x00000008d37a9500 0 1 0 0 1 2 3 35429 80
0x0000723b3d95c580 0x00000008d37a9580 0 1 0 0 1 2 3 35429 88
0x0000723b3d95c600 0x00000008d37a9600 0 0 1 0 1 2 3 35429 80
0x0000723b3d95c680 0x00000008d37a9680 0 0 1 0 1 2 3 35429 88
0x0000723b3d95c700 0x00000008d37a9700 0 1 1 0 1 2 3 35429 80
0x0000723b3d95c780 0x00000008d37a9780 0 1 1 0 1 2 3 35429 88
0x0000723b3d95c800 0x00000008d37a9800 0 0 0 0 1 2 3 35429 96
0x0000723b3d95c880 0x00000008d37a9880 0 0 0 0 1 2 3 35429 104
0x0000723b3d95c900 0x00000008d37a9900 0 1 0 0 1 2 3 35429 96
0x0000723b3d95c980 0x00000008d37a9980 0 1 0 0 1 2 3 35429 104
0x0000723b3d95ca00 0x00000008d37a9a00 0 0 1 0 1 2 3 35429 96
0x0000723b3d95ca80 0x00000008d37a9a80 0 0 1 0 1 2 3 35429 104
0x0000723b3d95cb00 0x00000008d37a9b00 0 1 1 0 1 2 3 35429 96
0x0000723b3d95cb80 0x00000008d37a9b80 0 1 1 0 1 2 3 35429 104
0x0000723b3d95cc00 0x00000008d37a9c00 0 0 0 0 1 2 3 35429 112
0x0000723b3d95cc80 0x00000008d37a9c80 0 0 0 0 1 2 3 35429 120
0x0000723b3d95cd00 0x00000008d37a9d00 0 1 0 0 1 2 3 35429 112
0x0000723b3d95cd80 0x00000008d37a9d80 0 1 0 0 1 2 3 35429 120
0x0000723b3d95ce00 0x00000008d37a9e00 0 0 1 0 1 2 3 35429 112
0x0000723b3d95ce80 0x00000008d37a9e80 0 0 1 0 1 2 3 35429 120
0x0000723b3d95cf00 0x00000008d37a9f00 0 1 1 0 1 2 3 35429 112
0x0000723b3d95cf80 0x00000008d37a9f80 0 1 1 0 1 2 3 35429 120
0x0000723b3d963000 0x000000093cff0000 0 0 0 0 0 2 3 34719 512
0x0000723b3d963080 0x000000093cff0080 0 0 0 0 0 2 3 34719 520
0x0000723b3d963100 0x000000093cff0100 0 1 0 0 0 2 3 34719 512
0x0000723b3d963180 0x000000093cff0180 0 1 0 0 0 2 3 34719 520
0x0000723b3d963200 0x000000093cff0200 0 0 1 0 0 2 3 34719 512
0x0000723b3d963280 0x000000093cff0280 0 0 1 0 0 2 3 34719 520
0x0000723b3d963300 0x000000093cff0300 0 1 1 0 0 2 3 34719 512
0x0000723b3d963380 0x000000093cff0380 0 1 1 0 0 2 3 34719 520
0x0000723b3d963400 0x000000093cff0400 0 0 0 0 0 2 3 34719 528
0x0000723b3d963480 0x000000093cff0480 0 0 0 0 0 2 3 34719 536
0x0000723b3d963500 0x000000093cff0500 0 1 0 0 0 2 3 34719 528
0x0000723b3d963580 0x000000093cff0580 0 1 0 0 0 2 3 34719 536
0x0000723b3d963600 0x000000093cff0600 0 0 1 0 0 2 3 34719 528
0x0000723b3d963680 0x000000093cff0680 0 0 1 0 0 2 3 34719 536
0x0000723b3d963700 0x000000093cff0700 0 1 1 0 0 2 3 34719 528
0x0000723b3d963780 0x000000093cff0780 0 1 1 0 0 2 3 34719 536
0x0000723b3d963800 0x000000093cff0800 0 0 0 0 0 2 3 34719 544
0x0000723b3d963880 0x000000093cff0880 0 0 0 0 0 2 3 34719 552
0x0000723b3d963900 0x000000093cff0900 0 1 0 0 0 2 3 34719 544
0x0000723b3d963980 0x000000093cff0980 0 1 0 0 0 2 3 34719 552
0x0000723b3d963a00 0x000000093cff0a00 0 0 1 0 0 2 3 34719 544
0x0000723b3d963a80 0x000000093cff0a80 0 0 1 0 0 2 3 34719 552
0x0000723b3d963b00 0x000000093cff0b00 0 1 1 0 0 2 3 34719 544
0x0000723b3d963b80 0x000000093cff0b80 0 1 1 0 0 2 3 34719 552
0x0000723b3d963c00 0x000000093cff0c00 0 0 0 0 0 2 3 34719 560
0x0000723b3d963c80 0x000000093cff0c80 0 0 0 0 0 2 3 34719 568
0x0000723b3d963d00 0x000000093cff0d00 0 1 0 0 0 2 3 34719 560
0x0000723b3d963d80 0x000000093cff0d80 0 1 0 0 0 2 3 34719 568
0x0000723b3d963e00 0x000000093cff0e00 0 0 1 0 0 2 3 34719 560
0x0000723b3d963e80 0x000000093cff0e80 0 0 1 0 0 2 3 34719 568
0x0000723b3d963f00 0x000000093cff0f00 0 1 1 0 0 2 3 34719 560
0x0000723b3d963f80 0x000000093cff0f80 0 1 1 0 0 2 3 34719 568
0x0000723b3d966000 0x0000000e9af3b000 0 0 0 0 1 2 3 58185 704
0x0000723b3d966080 0x0000000e9af3b080 0 0 0 0 1 2 3 58185 712
0x0000723b3d966100 0x0000000e9af3b100 0 1 0 0 1 2 3 58185 704
0x0000723b3d966180 0x0000000e9af3b180 0 1 0 0 1 2 3 58185 712
0x0000723b3d966200 0x0000000e9af3b200 0 0 1 0 1 2 3 58185 704
0x0000723b3d966280 0x0000000e9af3b280 0 0 1 0 1 2 3 58185 712
0x0000723b3d966300 0x0000000e9af3b300 0 1 1 0 1 2 3 58185 704
0x0000723b3d966380 0x0000000e9af3b380 0 1 1 0 1 2 3 58185 712
0x0000723b3d966400 0x0000000e9af3b400 0 0 0 0 1 2 3 58185 720
0x0000723b3d966480 0x0000000e9af3b480 0 0 0 0 1 2 3 58185 728
0x0000723b3d966500 0x0000000e9af3b500 0 1 0 0 1 2 3 58185 720
0x0000723b3d966580 0x0000000e9af3b580 0 1 0 0 1 2 3 58185 728
0x0000723b3d966600 0x0000000e9af3b600 0 0 1 0 1 2 3 58185 720
0x0000723b3d966680 0x0000000e9af3b680 0 0 1 0 1 2 3 58185 728
0x0000723b3d966700 0x0000000e9af3b700 0 1 1 0 1 2 3 58185 720
0x0000723b3d966780 0x0000000e9af3b780 0 1 1 0 1 2 3 58185 728
0x0000723b3d966800 0x0000000e9af3b800 0 0 0 0 1 2 3 58185 736
0x0000723b3d966880 0x0000000e9af3b880 0 0 0 0 1 2 3 58185 744
0x0000723b3d966900 0x0000000e9af3b900 0 1 0 0 1 2 3 58185 736
0x0000723b3d966980 0x0000000e9af3b980 0 1 0 0 1 2 3 58185 744
0x0000723b3d966a00 0x0000000e9af3ba00 0 0 1 0 1 2 3 58185 736
0x0000723b3d966a80 0x0000000e9af3ba80 0 0 1 0 1 2 3 58185 744
0x0000723b3d966b00 0x0000000e9af3bb00 0 1 1 0 1 2 3 58185 736
0x0000723b3d966b80 0x0000000e9af3bb80 0 1 1 0 1 2 3 58185 744
0x0000723b3d966c00 0x0000000e9af3bc00 0 0 0 0 1 2 3 58185 752
0x0000723b3d966c80 0x0000000e9af3bc80 0 0 0 0 1 2 3 58185 760
0x0000723b3d966d00 0x0000000e9af3bd00 0 1 0 0 1 2 3 58185 752
0x0000723b3d966d80 0x0000000e9af3bd80 0 1 0 0 1 2 3 58185 760
0x0000723b3d966e00 0x0000000e9af3be00 0 0 1 0 1 2 3 58185 752
0x0000723b3d966e80 0x0000000e9af3be80 0 0 1 0 1 2 3 58185 760
0x0000723b3d966f00 0x0000000e9af3bf00 0 1 1 0 1 2 3 58185 752
0x0000723b3d966f80 0x0000000e9af3bf80 0 1 1 0 1 2 3 58185 760
0x0000723b3d968000 0x000000072a755000 0 0 0 0 0 2 3 25938 832
0x0000723b3d968080 0x000000072a755080 0 0 0 0 0 2 3 25938 840
0x0000723b3d968100 0x000000072a755100 0 1 0 0 0 2 3 25938 832
0x0000723b3d968180 0x000000072a755180 0 1 0 0 0 2 3 25938 840
0x0000723b3d968200 0x000000072a755200 0 0 1 0 0 2 3 25938 832
0x0000723b3d968280 0x000000072a755280 0 0 1 0 0 2 3 25938 840
0x0000723b3d968300 0x000000072a755300 0 1 1 0 0 2 3 25938 832
0x0000723b3d968380 0x000000072a755380 0 1 1 0 0 2 3 25938 840
0x0000723b3d968400 0x000000072a755400 0 0 0 0 0 2 3 25938 848
0x0000723b3d968480 0x000000072a755480 0 0 0 0 0 2 3 25938 856
0x0000723b3d968500 0x000000072a755500 0 1 0 0 0 2 3 25938 848
0x0000723b3d968580 0x000000072a755580 0 1 0 0 0 2 3 25938 856
0x0000723b3d968600 0x000000072a755600 0 0 1 0 0 2 3 25938 848
0x0000723b3d968680 0x000000072a755680 0 0 1 0 0 2 3 25938 856
0x0000723b3d968700 0x000000072a755700 0 1 1 0 0 2 3 25938 848
0x0000723b3d968780 0x000000072a755780 0 1 1 0 0 2 3 25938 856
0x0000723b3d968800 0x000000072a755800 0 0 0 0 0 2 3 25938 864
0x0000723b3d968880 0x000000072a755880 0 0 0 0 0 2 3 25938 872
0x0000723b3d968900 0x000000072a755900 0 1 0 0 0 2 3 25938 864
0x0000723b3d968980 0x000000072a755980 0 1 0 0 0 2 3 25938 872
0x0000723b3d968a00 0x000000072a755a00 0 0 1 0 0 2 3 25938 864
0x0000723b3d968a80 0x000000072a755a80 0 0 1 0 0 2 3 25938 872
0x0000723b3d968b00 0x000000072a755b00 0 1 1 0 0 2 3 25938 864
0x0000723b3d968b80 0x000000072a755b80 0 1 1 0 0 2 3 25938 872
0x0000723b3d968c00 0x000000072a755c00 0 0 0 0 0 2 3 25938 880
0x0000723b3d968c80 0x000000072a755c80 0 0 0 0 0 2 3 25938 888
0x0000723b3d968d00 0x000000072a755d00 0 1 0 0 0 2 3 25938 880
0x0000723b3d968d80 0x000000072a755d80 0 1 0 0 0 2 3 25938 888
0x0000723b3d968e00 0x000000072a755e00 0 0 1 0 0 2 3 25938 880
0x0000723b3d968e80 0x000000072a755e80 0 0 1 0 0 2 3 25938 888
0x0000723b3d968f00 0x000000072a755f00 0 1 1 0 0 2 3 25938 880
0x0000723b3d968f80 0x000000072a755f80 0 1 1 0 0 2 3 25938 888
0x0000723b3d96d000 0x0000000c7ffaf000 0 0 0 0 1 2 3 49149 448
0x0000723b3d96d080 0x0000000c7ffaf080 0 0 0 0 1 2 3 49149 456
0x0000723b3d96d100 0x0000000c7ffaf100 0 1 0 0 1 2 3 49149 448
0x0000723b3d96d180 0x0000000c7ffaf180 0 1 0 0 1 2 3 49149 456
0x0000723b3d96d200 0x0000000c7ffaf200 0 0 1 0 1 2 3 49149 448
0x0000723b3d96d280 0x0000000c7ffaf280 0 0 1 0 1 2 3 49149 456
0x0000723b3d96d300 0x0000000c7ffaf300 0 1 1 0 1 2 3 49149 448
0x0000723b3d96d380 0x0000000c7ffaf380 0 1 1 0 1 2 3 49149 456
0x0000723b3d96d400 0x0000000c7ffaf400 0 0 0 0 1 2 3 49149 464
0x0000723b3d96d480 0x0000000c7ffaf480 0 0 0 0 1 2 3 49149 472
0x0000723b3d96d500 0x0000000c7ffaf500 0 1 0 0 1 2 3 49149 464
0x0000723b3d96d580 0x0000000c7ffaf580 0 1 0 0 1 2 3 49149 472
0x0000723b3d96d600 0x0000000c7ffaf600 0 0 1 0 1 2 3 49149 464
0x0000723b3d96d680 0x0000000c7ffaf680 0 0 1 0 1 2 3 49149 472
0x0000723b3d96d700 0x0000000c7ffaf700 0 1 1 0 1 2 3 49149 464
0x0000723b3d96d780 0x0000000c7ffaf780 0 1 1 0 1 2 3 49149 472
0x0000723b3d96d800 0x0000000c7ffaf800 0 0 0 0 1 2 3 49149 480
0x0000723b3d96d880 0x0000000c7ffaf880 0 0 0 0 1 2 3 49149 488
0x0000723b3d96d900 0x0000000c7ffaf900 0 1 0 0 1 2 3 49149 480
0x0000723b3d96d980 0x0000000c7ffaf980 0 1 0 0 1 2 3 49149 488
0x0000723b3d96da00 0x0000000c7ffafa00 0 0 1 0 1 2 3 49149 480
0x0000723b3d96da80 0x0000000c7ffafa80 0 0 1 0 1 2 3 49149 488
0x0000723b3d96db00 0x0000000c7ffafb00 0 1 1 0 1 2 3 49149 480
0x0000723b3d96db80 0x0000000c7ffafb80 0 1 1 0 1 2 3 49149 488
0x0000723b3d96dc00 0x0000000c7ffafc00 0 0 0 0 1 2 3 49149 496
0x0000723b3d96dc80 0x0000000c7ffafc80 0 0 0 0 1 2 3 49149 504
0x0000723b3d96dd00 0x0000000c7ffafd00 0 1 0 0 1 2 3 49149 496
0x0000723b3d96dd80 0x0000000c7ffafd80 0 1 0 0 1 2 3 49149 504
0x0000723b3d96de00 0x0000000c7ffafe00 0 0 1 0 1 2 3 49149 496
0x0000723b3d96de80 0x0000000c7ffafe80 0 0 1 0 1 2 3 49149 504
0x0000723b3d96df00 0x0000000c7ffaff00 0 1 1 0 1 2 3 49149 496
0x0000723b3d96df80 0x0000000c7ffaff80 0 1 1 0 1 2 3 49149 504
0x0000723b3d972000 0x0000000bb9760000 0 0 0 0 0 2 3 46883 0
0x0000723b3d972080 0x0000000bb9760080 0 0 0 0 0 2 3 46883 8
0x0000723b3d972100 0x0000000bb9760100 0 1 0 0 0 2 3 46883 0
0x0000723b3d972180 0x0000000bb9760180 0 1 0 0 0 2 3 46883 8
0x0000723b3d972200 0x0000000bb9760200 0 0 1 0 0 2 3 46883 0
0x0000723b3d972280 0x0000000bb9760280 0 0 1 0 0 2 3 46883 8
0x0000723b3d972300 0x0000000bb9760300 0 1 1 0 0 2 3 46883 0
0x0000723b3d972380 0x0000000bb9760380 0 1 1 0 0 2 3 46883 8
0x0000723b3d972400 0x0000000bb9760400 0 0 0 0 0 2 3 46883 16
0x0000723b3d972480 0x0000000bb9760480 0 0 0 0 0 2 3 46883 24
0x0000723b3d972500 0x0000000bb9760500 0 1 0 0 0 2 3 46883 16
0x0000723b3d972580 0x0000000bb9760580 0 1 0 0 0 2 3 46883 24
0x0000723b3d972600 0x0000000bb9760600 0 0 1 0 0 2 3 46883 16
0x0000723b3d972680 0x0000000bb9760680 0 0 1 0 0 2 3 46883 24
0x0000723b3d972700 0x0000000bb9760700 0 1 1 0 0 2 3 46883 16
0x0000723b3d972780 0x0000000bb9760780 0 1 1 0 0 2 3 46883 24
0x0000723b3d972800 0x0000000bb9760800 0 0 0 0 0 2 3 46883 32
0x0000723b3d972880 0x0000000bb9760880 0 0 0 0 0 2 3 46883 40
0x0000723b3d972900 0x0000000bb9760900 0 1 0 0 0 2 3 46883 32
0x0000723b3d972980 0x0000000bb9760980 0 1 0 0 0 2 3 46883 40
0x0000723b3d972a00 0x0000000bb9760a00 0 0 1 0 0 2 3 46883 32
0x0000723b3d972a80 0x0000000bb9760a80 0 0 1 0 0 2 3 46883 40
0x0000723b3d972b00 0x0000000bb9760b00 0 1 1 0 0 2 3 46883 32
0x0000723b3d972b80 0x0000000bb9760b80 0 1 1 0 0 2 3 46883 40
0x0000723b3d972c00 0x0000000bb9760c00 0 0 0 0 0 2 3 46883 48
0x0000723b3d972c80 0x0000000bb9760c80 0 0 0 0 0 2 3 46883 56
0x0000723b3d972d00 0x0000000bb9760d00 0 1 0 0 0 2 3 46883 48
0x0000723b3d972d80 0x0000000bb9760d80 0 1 0 0 0 2 3 46883 56
0x0000723b3d972e00 0x0000000bb9760e00 0 0 1 0 0 2 3 46883 48
0x0000723b3d972e80 0x0000000bb9760e80 0 0 1 0 0 2 3 46883 56
0x0000723b3d972f00 0x0000000bb9760f00 0 1 1 0 0 2 3 46883 48
0x0000723b3d972f80 0x0000000bb9760f80 0 1 1 0 0 2 3 46883 56
0x0000723b3d97e000 0x0000000ae97f7000 0 0 0 0 0 2 3 44327 960
0x0000723b3d97e080 0x0000000ae97f7080 0 0 0 0 0 2 3 44327 968
0x0000723b3d97e100 0x0000000ae97f7100 0 1 0 0 0 2 3 44327 960
0x0000723b3d97e180 0x0000000ae97f7180 0 1 0 0 0 2 3 44327 968
0x0000723b3d97e200 0x0000000ae97f7200 0 0 1 0 0 2 3 44327 960
0x0000723b3d97e280 0x0000000ae97f7280 0 0 1 0 0 2 3 44327 968
0x0000723b3d97e300 0x0000000ae97f7300 0 1 1 0 0 2 3 44327 960
0x0000723b3d97e380 0x0000000ae97f7380 0 1 1 0 0 2 3 44327 968
0x0000723b3d97e400 0x0000000ae97f7400 0 0 0 0 0 2 3 44327 976
0x0000723b3d97e480 0x0000000ae97f7480 0 0 0 0 0 2 3 44327 984
0x0000723b3d97e500 0x0000000ae97f7500 0 1 0 0 0 2 3 44327 976
0x0000723b3d97e580 0x0000000ae97f7580 0 1 0 0 0 2 3 44327 984
0x0000723b3d97e600 0x0000000ae97f7600 0 0 1 0 0 2 3 44327 976
0x0000723b3d97e680 0x0000000ae97f7680 0 0 1 0 0 2 3 44327 984
0x0000723b3d97e700 0x0000000ae97f7700 0 1 1 0 0 2 3 44327 976
0x0000723b3d97e780 0x0000000ae97f7780 0 1 1 0 0 2 3 44327 984
0x0000723b3d97e800 0x0000000ae97f7800 0 0 0 0 0 2 3 44327 992
0x0000723b3d97e880 0x0000000ae97f7880 0 0 0 0 0 2 3 44327 1000
0x0000723b3d97e900 0x0000000ae97f7900 0 1 0 0 0 2 3 44327 992
0x0000723b3d97e980 0x0000000ae97f7980 0 1 0 0 0 2 3 44327 1000
0x0000723b3d97ea00 0x0000000ae97f7a00 0 0 1 0 0 2 3 44327 992
0x0000723b3d97ea80 0x0000000ae97f7a80 0 0 1 0 0 2 3 44327 1000
0x0000723b3d97eb00 0x0000000ae97f7b00 0 1 1 0 0 2 3 44327 992
0x0000723b3d97eb80 0x0000000ae97f7b80 0 1 1 0 0 2 3 44327 1000
0x0000723b3d97ec00 0x0000000ae97f7c00 0 0 0 0 0 2 3 44327 1008
0x0000723b3d97ec80 0x0000000ae97f7c80 0 0 0 0 0 2 3 44327 1016
0x0000723b3d97ed00 0x0000000ae97f7d00 0 1 0 0 0 2 3 44327 1008
0x0000723b3d97ed80 0x0000000ae97f7d80 0 1 0 0 0 2 3 44327 1016
0x0000723b3d97ee00 0x0000000ae97f7e00 0 0 1 0 0 2 3 44327 1008
0x0000723b3d97ee80 0x0000000ae97f7e80 0 0 1 0 0 2 3 44327 1016
0x0000723b3d97ef00 0x0000000ae97f7f00 0 1 1 0 0 2 3 44327 1008
0x0000723b3d97ef80 0x0000000ae97f7f80 0 1 1 0 0 2 3 44327 1016
0x0000723b3d982000 0x0000000ae4f98000 0 0 0 0 1 2 3 44172 512
0x0000723b3d982080 0x0000000ae4f98080 0 0 0 0 1 2 3 44172 520
0x0000723b3d982100 0x0000000ae4f98100 0 1 0 0 1 2 3 44172 512
0x0000723b3d982180 0x0000000ae4f98180 0 1 0 0 1 2 3 44172 520
0x0000723b3d982200 0x0000000ae4f98200 0 0 1 0 1 2 3 44172 512
0x0000723b3d982280 0x0000000ae4f98280 0 0 1 0 1 2 3 44172 520
0x0000723b3d982300 0x0000000ae4f98300 0 1 1 0 1 2 3 44172 512
0x0000723b3d982380 0x0000000ae4f98380 0 1 1 0 1 2 3 44172 520
0x0000723b3d982400 0x0000000ae4f98400 0 0 0 0 1 2 3 44172 528
0x0000723b3d982480 0x0000000ae4f98480 0 0 0 0 1 2 3 44172 536
0x0000723b3d982500 0x0000000ae4f98500 0 1 0 0 1 2 3 44172 528
0x0000723b3d982580 0x0000000ae4f98580 0 1 0 0 1 2 3 44172 536
0x0000723b3d982600 0x0000000ae4f98600 0 0 1 0 1 2 3 44172 528
0x0000723b3d982680 0x0000000ae4f98680 0 0 1 0 1 2 3 44172 536
0x0000723b3d982700 0x0000000ae4f98700 0 1 1 0 1 2 3 44172 528
0x0000723b3d982780 0x0000000ae4f98780 0 1 1 0 1 2 3 44172 536
0x0000723b3d982800 0x0000000ae4f98800 0 0 0 0 1 2 3 44172 544
0x0000723b3d982880 0x0000000ae4f98880 0 0 0 0 1 2 3 44172 552
0x0000723b3d982900 0x0000000ae4f98900 0 1 0 0 1 2 3 44172 544
0x0000723b3d982980 0x0000000ae4f98980 0 1 0 0 1 2 3 44172 552
0x0000723b3d982a00 0x0000000ae4f98a00 0 0 1 0 1 2 3 44172 544
0x0000723b3d982a80 0x0000000ae4f98a80 0 0 1 0 1 2 3 44172 552
0x0000723b3d982b00 0x0000000ae4f98b00 0 1 1 0 1 2 3 44172 544
0x0000723b3d982b80 0x0000000ae4f98b80 0 1 1 0 1 2 3 44172 552
0x0000723b3d982c00 0x0000000ae4f98c00 0 0 0 0 1 2 3 44172 560
0x0000723b3d982c80 0x0000000ae4f98c80 0 0 0 0 1 2 3 44172 568
0x0000723b3d982d00 0x0000000ae4f98d00 0 1 0 0 1 2 3 44172 560
0x0000723b3d982d80 0x0000000ae4f98d80 0 1 0 0 1 2 3 44172 568
0x0000723b3d982e00 0x0000000ae4f98e00 0 0 1 0 1 2 3 44172 560
0x0000723b3d982e80 0x0000000ae4f98e80 0 0 1 0 1 2 3 44172 568
0x0000723b3d982f00 0x0000000ae4f98f00 0 1 1 0 1 2 3 44172 560
0x0000723b3d982f80 0x0000000ae4f98f80 0 1 1 0 1 2 3 44172 568
0x0000723b3d984000 0x0000000ae4f9a000 0 0 0 0 1 2 3 44172 640
0x0000723b3d984080 0x0000000ae4f9a080 0 0 0 0 1 2 3 44172 648
0x0000723b3d984100 0x0000000ae4f9a100 0 1 0 0 1 2 3 44172 640
0x0000723b3d984180 0x0000000ae4f9a180 0 1 0 0 1 2 3 44172 648
0x0000723b3d984200 0x0000000ae4f9a200 0 0 1 0 1 2 3 44172 640
0x0000723b3d984280 0x0000000ae4f9a280 0 0 1 0 1 2 3 44172 648
0x0000723b3d984300 0x0000000ae4f9a300 0 1 1 0 1 2 3 44172 640
0x0000723b3d984380 0x0000000ae4f9a380 0 1 1 0 1 2 3 44172 648
0x0000723b3d984400 0x0000000ae4f9a400 0 0 0 0 1 2 3 44172 656
0x0000723b3d984480 0x0000000ae4f9a480 0 0 0 0 1 2 3 44172 664
0x0000723b3d984500 0x0000000ae4f9a500 0 1 0 0 1 2 3 44172 656
0x0000723b3d984580 0x0000000ae4f9a580 0 1 0 0 1 2 3 44172 664
0x0000723b3d984600 0x0000000ae4f9a600 0 0 1 0 1 2 3 44172 656
0x0000723b3d984680 0x0000000ae4f9a680 0 0 1 0 1 2 3 44172 664
0x0000723b3d984700 0x0000000ae4f9a700 0 1 1 0 1 2 3 44172 656
0x0000723b3d984780 0x0000000ae4f9a780 0 1 1 0 1 2 3 44172 664
0x0000723b3d984800 0x0000000ae4f9a800 0 0 0 0 1 2 3 44172 672
0x0000723b3d984880 0x0000000ae4f9a880 0 0 0 0 1 2 3 44172 680
0x0000723b3d984900 0x0000000ae4f9a900 0 1 0 0 1 2 3 44172 672
0x0000723b3d984980 0x0000000ae4f9a980 0 1 0 0 1 2 3 44172 680
0x0000723b3d984a00 0x0000000ae4f9aa00 0 0 1 0 1 2 3 44172 672
0x0000723b3d984a80 0x0000000ae4f9aa80 0 0 1 0 1 2 3 44172 680
0x0000723b3d984b00 0x0000000ae4f9ab00 0 1 1 0 1 2 3 44172 672
0x0000723b3d984b80 0x0000000ae4f9ab80 0 1 1 0 1 2 3 44172 680
0x0000723b3d984c00 0x0000000ae4f9ac00 0 0 0 0 1 2 3 44172 688
0x0000723b3d984c80 0x0000000ae4f9ac80 0 0 0 0 1 2 3 44172 696
0x0000723b3d984d00 0x0000000ae4f9ad00 0 1 0 0 1 2 3 44172 688
0x0000723b3d984d80 0x0000000ae4f9ad80 0 1 0 0 1 2 3 44172 696
0x0000723b3d984e00 0x0000000ae4f9ae00 0 0 1 0 1 2 3 44172 688
0x0000723b3d984e80 0x0000000ae4f9ae80 0 0 1 0 1 2 3 44172 696
0x0000723b3d984f00 0x0000000ae4f9af00 0 1 1 0 1 2 3 44172 688
0x0000723b3d984f80 0x0000000ae4f9af80 0 1 1 0 1 2 3 44172 696
0x0000723b3d985000 0x0000000ae4f99000 0 0 0 0 1 2 3 44172 576
0x0000723b3d985080 0x0000000ae4f99080 0 0 0 0 1 2 3 44172 584
0x0000723b3d985100 0x0000000ae4f99100 0 1 0 0 1 2 3 44172 576
0x0000723b3d985180 0x0000000ae4f99180 0 1 0 0 1 2 3 44172 584
0x0000723b3d985200 0x0000000ae4f99200 0 0 1 0 1 2 3 44172 576
0x0000723b3d985280 0x0000000ae4f99280 0 0 1 0 1 2 3 44172 584
0x0000723b3d985300 0x0000000ae4f99300 0 1 1 0 1 2 3 44172 576
0x0000723b3d985380 0x0000000ae4f99380 0 1 1 0 1 2 3 44172 584
0x0000723b3d985400 0x0000000ae4f99400 0 0 0 0 1 2 3 44172 592
0x0000723b3d985480 0x0000000ae4f99480 0 0 0 0 1 2 3 44172 600
0x0000723b3d985500 0x0000000ae4f99500 0 1 0 0 1 2 3 44172 592
0x0000723b3d985580 0x0000000ae4f99580 0 1 0 0 1 2 3 44172 600
0x0000723b3d985600 0x0000000ae4f99600 0 0 1 0 1 2 3 44172 592
0x0000723b3d985680 0x0000000ae4f99680 0 0 1 0 1 2 3 44172 600
0x0000723b3d985700 0x0000000ae4f99700 0 1 1 0 1 2 3 44172 592
0x0000723b3d985780 0x0000000ae4f99780 0 1 1 0 1 2 3 44172 600
0x0000723b3d985800 0x0000000ae4f99800 0 0 0 0 1 2 3 44172 608
0x0000723b3d985880 0x0000000ae4f99880 0 0 0 0 1 2 3 44172 616
0x0000723b3d985900 0x0000000ae4f99900 0 1 0 0 1 2 3 44172 608
0x0000723b3d985980 0x0000000ae4f99980 0 1 0 0 1 2 3 44172 616
0x0000723b3d985a00 0x0000000ae4f99a00 0 0 1 0 1 2 3 44172 608
0x0000723b3d985a80 0x0000000ae4f99a80 0 0 1 0 1 2 3 44172 616
0x0000723b3d985b00 0x0000000ae4f99b00 0 1 1 0 1 2 3 44172 608
0x0000723b3d985b80 0x0000000ae4f99b80 0 1 1 0 1 2 3 44172 616
0x0000723b3d985c00 0x0000000ae4f99c00 0 0 0 0 1 2 3 44172 624
0x0000723b3d985c80 0x0000000ae4f99c80 0 0 0 0 1 2 3 44172 632
0x0000723b3d985d00 0x0000000ae4f99d00 0 1 0 0 1 2 3 44172 624
0x0000723b3d985d80 0x0000000ae4f99d80 0 1 0 0 1 2 3 44172 632
0x0000723b3d985e00 0x0000000ae4f99e00 0 0 1 0 1 2 3 44172 624
0x0000723b3d985e80 0x0000000ae4f99e80 0 0 1 0 1 2 3 44172 632
0x0000723b3d985f00 0x0000000ae4f99f00 0 1 1 0 1 2 3 44172 624
0x0000723b3d985f80 0x0000000ae4f99f80 0 1 1 0 1 2 3 44172 632
0x0000723b3d987000 0x0000000ae4f9b000 0 0 0 0 1 2 3 44172 704
0x0000723b3d987080 0x0000000ae4f9b080 0 0 0 0 1 2 3 44172 712
0x0000723b3d987100 0x0000000ae4f9b100 0 1 0 0 1 2 3 44172 704
0x0000723b3d987180 0x0000000ae4f9b180 0 1 0 0 1 2 3 44172 712
0x0000723b3d987200 0x0000000ae4f9b200 0 0 1 0 1 2 3 44172 704
0x0000723b3d987280 0x0000000ae4f9b280 0 0 1 0 1 2 3 44172 712
0x0000723b3d987300 0x0000000ae4f9b300 0 1 1 0 1 2 3 44172 704
0x0000723b3d987380 0x0000000ae4f9b380 0 1 1 0 1 2 3 44172 712
0x0000723b3d987400 0x0000000ae4f9b400 0 0 0 0 1 2 3 44172 720
0x0000723b3d987480 0x0000000ae4f9b480 0 0 0 0 1 2 3 44172 728
0x0000723b3d987500 0x0000000ae4f9b500 0 1 0 0 1 2 3 44172 720
0x0000723b3d987580 0x0000000ae4f9b580 0 1 0 0 1 2 3 44172 728
0x0000723b3d987600 0x0000000ae4f9b600 0 0 1 0 1 2 3 44172 720
0x0000723b3d987680 0x0000000ae4f9b680 0 0 1 0 1 2 3 44172 728
0x0000723b3d987700 0x0000000ae4f9b700 0 1 1 0 1 2 3 44172 720
0x0000723b3d987780 0x0000000ae4f9b780 0 1 1 0 1 2 3 44172 728
0x0000723b3d987800 0x0000000ae4f9b800 0 0 0 0 1 2 3 44172 736
0x0000723b3d987880 0x0000000ae4f9b880 0 0 0 0 1 2 3 44172 744
0x0000723b3d987900 0x0000000ae4f9b900 0 1 0 0 1 2 3 44172 736
0x0000723b3d987980 0x0000000ae4f9b980 0 1 0 0 1 2 3 44172 744
0x0000723b3d987a00 0x0000000ae4f9ba00 0 0 1 0 1 2 3 44172 736
0x0000723b3d987a80 0x0000000ae4f9ba80 0 0 1 0 1 2 3 44172 744
0x0000723b3d987b00 0x0000000ae4f9bb00 0 1 1 0 1 2 3 44172 736
0x0000723b3d987b80 0x0000000ae4f9bb80 0 1 1 0 1 2 3 44172 744
0x0000723b3d987c00 0x0000000ae4f9bc00 0 0 0 0 1 2 3 44172 752
0x0000723b3d987c80 0x0000000ae4f9bc80 0 0 0 0 1 2 3 44172 760
0x0000723b3d987d00 0x0000000ae4f9bd00 0 1 0 0 1 2 3 44172 752
0x0000723b3d987d80 0x0000000ae4f9bd80 0 1 0 0 1 2 3 44172 760
0x0000723b3d987e00 0x0000000ae4f9be00 0 0 1 0 1 2 3 44172 752
0x0000723b3d987e80 0x0000000ae4f9be80 0 0 1 0 1 2 3 44172 760
0x0000723b3d987f00 0x0000000ae4f9bf00 0 1 1 0 1 2 3 44172 752
0x0000723b3d987f80 0x0000000ae4f9bf80 0 1 1 0 1 2 3 44172 760
0x0000723b3d99e000 0x0000000c7d794000 0 0 0 0 0 2 3 49076 768
0x0000723b3d99e080 0x0000000c7d794080 0 0 0 0 0 2 3 49076 776
0x0000723b3d99e100 0x0000000c7d794100 0 1 0 0 0 2 3 49076 768
0x0000723b3d99e180 0x0000000c7d794180 0 1 0 0 0 2 3 49076 776
0x0000723b3d99e200 0x0000000c7d794200 0 0 1 0 0 2 3 49076 768
0x0000723b3d99e280 0x0000000c7d794280 0 0 1 0 0 2 3 49076 776
0x0000723b3d99e300 0x0000000c7d794300 0 1 1 0 0 2 3 49076 768
0x0000723b3d99e380 0x0000000c7d794380 0 1 1 0 0 2 3 49076 776
0x0000723b3d99e400 0x0000000c7d794400 0 0 0 0 0 2 3 49076 784
0x0000723b3d99e480 0x0000000c7d794480 0 0 0 0 0 2 3 49076 792
0x0000723b3d99e500 0x0000000c7d794500 0 1 0 0 0 2 3 49076 784
0x0000723b3d99e580 0x0000000c7d794580 0 1 0 0 0 2 3 49076 792
0x0000723b3d99e600 0x0000000c7d794600 0 0 1 0 0 2 3 49076 784
0x0000723b3d99e680 0x0000000c7d794680 0 0 1 0 0 2 3 49076 792
0x0000723b3d99e700 0x0000000c7d794700 0 1 1 0 0 2 3 49076 784
0x0000723b3d99e780 0x0000000c7d794780 0 1 1 0 0 2 3 49076 792
0x0000723b3d99e800 0x0000000c7d794800 0 0 0 0 0 2 3 49076 800
0x0000723b3d99e880 0x0000000c7d794880 0 0 0 0 0 2 3 49076 808
0x0000723b3d99e900 0x0000000c7d794900 0 1 0 0 0 2 3 49076 800
0x0000723b3d99e980 0x0000000c7d794980 0 1 0 0 0 2 3 49076 808
0x0000723b3d99ea00 0x0000000c7d794a00 0 0 1 0 0 2 3 49076 800
0x0000723b3d99ea80 0x0000000c7d794a80 0 0 1 0 0 2 3 49076 808
0x0000723b3d99eb00 0x0000000c7d794b00 0 1 1 0 0 2 3 49076 800
0x0000723b3d99eb80 0x0000000c7d794b80 0 1 1 0 0 2 3 49076 808
0x0000723b3d99ec00 0x0000000c7d794c00 0 0 0 0 0 2 3 49076 816
0x0000723b3d99ec80 0x0000000c7d794c80 0 0 0 0 0 2 3 49076 824
0x0000723b3d99ed00 0x0000000c7d794d00 0 1 0 0 0 2 3 49076 816
0x0000723b3d99ed80 0x0000000c7d794d80 0 1 0 0 0 2 3 49076 824
0x0000723b3d99ee00 0x0000000c7d794e00 0 0 1 0 0 2 3 49076 816
0x0000723b3d99ee80 0x0000000c7d794e80 0 0 1 0 0 2 3 49076 824
0x0000723b3d99ef00 0x0000000c7d794f00 0 1 1 0 0 2 3 49076 816
0x0000723b3d99ef80 0x0000000c7d794f80 0 1 1 0 0 2 3 49076 824
0x0000723b3d9a0000 0x0000000c7d796000 0 0 0 0 0 2 3 49076 896
0x0000723b3d9a0080 0x0000000c7d796080 0 0 0 0 0 2 3 49076 904
0x0000723b3d9a0100 0x0000000c7d796100 0 1 0 0 0 2 3 49076 896
0x0000723b3d9a0180 0x0000000c7d796180 0 1 0 0 0 2 3 49076 904
0x0000723b3d9a0200 0x0000000c7d796200 0 0 1 0 0 2 3 49076 896
0x0000723b3d9a0280 0x0000000c7d796280 0 0 1 0 0 2 3 49076 904
0x0000723b3d9a0300 0x0000000c7d796300 0 1 1 0 0 2 3 49076 896
0x0000723b3d9a0380 0x0000000c7d796380 0 1 1 0 0 2 3 49076 904
0x0000723b3d9a0400 0x0000000c7d796400 0 0 0 0 0 2 3 49076 912
0x0000723b3d9a0480 0x0000000c7d796480 0 0 0 0 0 2 3 49076 920
0x0000723b3d9a0500 0x0000000c7d796500 0 1 0 0 0 2 3 49076 912
0x0000723b3d9a0580 0x0000000c7d796580 0 1 0 0 0 2 3 49076 920
0x0000723b3d9a0600 0x0000000c7d796600 0 0 1 0 0 2 3 49076 912
0x0000723b3d9a0680 0x0000000c7d796680 0 0 1 0 0 2 3 49076 920
0x0000723b3d9a0700 0x0000000c7d796700 0 1 1 0 0 2 3 49076 912
0x0000723b3d9a0780 0x0000000c7d796780 0 1 1 0 0 2 3 49076 920
0x0000723b3d9a0800 0x0000000c7d796800 0 0 0 0 0 2 3 49076 928
0x0000723b3d9a0880 0x0000000c7d796880 0 0 0 0 0 2 3 49076 936
0x0000723b3d9a0900 0x0000000c7d796900 0 1 0 0 0 2 3 49076 928
0x0000723b3d9a0980 0x0000000c7d796980 0 1 0 0 0 2 3 49076 936
0x0000723b3d9a0a00 0x0000000c7d796a00 0 0 1 0 0 2 3 49076 928
0x0000723b3d9a0a80 0x0000000c7d796a80 0 0 1 0 0 2 3 49076 936
0x0000723b3d9a0b00 0x0000000c7d796b00 0 1 1 0 0 2 3 49076 928
0x0000723b3d9a0b80 0x0000000c7d796b80 0 1 1 0 0 2 3 49076 936
0x0000723b3d9a0c00 0x0000000c7d796c00 0 0 0 0 0 2 3 49076 944
0x0000723b3d9a0c80 0x0000000c7d796c80 0 0 0 0 0 2 3 49076 952
0x0000723b3d9a0d00 0x0000000c7d796d00 0 1 0 0 0 2 3 49076 944
0x0000723b3d9a0d80 0x0000000c7d796d80 0 1 0 0 0 2 3 49076 952
0x0000723b3d9a0e00 0x0000000c7d796e00 0 0 1 0 0 2 3 49076 944
0x0000723b3d9a0e80 0x0000000c7d796e80 0 0 1 0 0 2 3 49076 952
0x0000723b3d9a0f00 0x0000000c7d796f00 0 1 1 0 0 2 3 49076 944
0x0000723b3d9a0f80 0x0000000c7d796f80 0 1 1 0 0 2 3 49076 952
0x0000723b3d9a1000 0x0000000c7d795000 0 0 0 0 0 2 3 49076 832
0x0000723b3d9a1080 0x0000000c7d795080 0 0 0 0 0 2 3 49076 840
0x0000723b3d9a1100 0x0000000c7d795100 0 1 0 0 0 2 3 49076 832
0x0000723b3d9a1180 0x0000000c7d795180 0 1 0 0 0 2 3 49076 840
0x0000723b3d9a1200 0x0000000c7d795200 0 0 1 0 0 2 3 49076 832
0x0000723b3d9a1280 0x0000000c7d795280 0 0 1 0 0 2 3 49076 840
0x0000723b3d9a1300 0x0000000c7d795300 0 1 1 0 0 2 3 49076 832
0x0000723b3d9a1380 0x0000000c7d795380 0 1 1 0 0 2 3 49076 840
0x0000723b3d9a1400 0x0000000c7d795400 0 0 0 0 0 2 3 49076 848
0x0000723b3d9a1480 0x0000000c7d795480 0 0 0 0 0 2 3 49076 856
0x0000723b3d9a1500 0x0000000c7d795500 0 1 0 0 0 2 3 49076 848
0x0000723b3d9a1580 0x0000000c7d795580 0 1 0 0 0 2 3 49076 856
0x0000723b3d9a1600 0x0000000c7d795600 0 0 1 0 0 2 3 49076 848
0x0000723b3d9a1680 0x0000000c7d795680 0 0 1 0 0 2 3 49076 856
0x0000723b3d9a1700 0x0000000c7d795700 0 1 1 0 0 2 3 49076 848
0x0000723b3d9a1780 0x0000000c7d795780 0 1 1 0 0 2 3 49076 856
0x0000723b3d9a1800 0x0000000c7d795800 0 0 0 0 0 2 3 49076 864
0x0000723b3d9a1880 0x0000000c7d795880 0 0 0 0 0 2 3 49076 872
0x0000723b3d9a1900 0x0000000c7d795900 0 1 0 0 0 2 3 49076 864
0x0000723b3d9a1980 0x0000000c7d795980 0 1 0 0 0 2 3 49076 872
0x0000723b3d9a1a00 0x0000000c7d795a00 0 0 1 0 0 2 3 49076 864
0x0000723b3d9a1a80 0x0000000c7d795a80 0 0 1 0 0 2 3 49076 872
0x0000723b3d9a1b00 0x0000000c7d795b00 0 1 1 0 0 2 3 49076 864
0x0000723b3d9a1b80 0x0000000c7d795b80 0 1 1 0 0 2 3 49076 872
0x0000723b3d9a1c00 0x0000000c7d795c00 0 0 0 0 0 2 3 49076 880
0x0000723b3d9a1c80 0x0000000c7d795c80 0 0 0 0 0 2 3 49076 888
0x0000723b3d9a1d00 0x0000000c7d795d00 0 1 0 0 0 2 3 49076 880
0x0000723b3d9a1d80 0x0000000c7d795d80 0 1 0 0 0 2 3 49076 888
0x0000723b3d9a1e00 0x0000000c7d795e00 0 0 1 0 0 2 3 49076 880
0x0000723b3d9a1e80 0x0000000c7d795e80 0 0 1 0 0 2 3 49076 888
0x0000723b3d9a1f00 0x0000000c7d795f00 0 1 1 0 0 2 3 49076 880
0x0000723b3d9a1f80 0x0000000c7d795f80 0 1 1 0 0 2 3 49076 888
0x0000723b3d9a3000 0x0000000c7d797000 0 0 0 0 0 2 3 49076 960
0x0000723b3d9a3080 0x0000000c7d797080 0 0 0 0 0 2 3 49076 968
0x0000723b3d9a3100 0x0000000c7d797100 0 1 0 0 0 2 3 49076 960
0x0000723b3d9a3180 0x0000000c7d797180 0 1 0 0 0 2 3 49076 968
0x0000723b3d9a3200 0x0000000c7d797200 0 0 1 0 0 2 3 49076 960
0x0000723b3d9a3280 0x0000000c7d797280 0 0 1 0 0 2 3 49076 968
0x0000723b3d9a3300 0x0000000c7d797300 0 1 1 0 0 2 3 49076 960
0x0000723b3d9a3380 0x0000000c7d797380 0 1 1 0 0 2 3 49076 968
0x0000723b3d9a3400 0x0000000c7d797400 0 0 0 0 0 2 3 49076 976
0x0000723b3d9a3480 0x0000000c7d797480 0 0 0 0 0 2 3 49076 984
0x0000723b3d9a3500 0x0000000c7d797500 0 1 0 0 0 2 3 49076 976
0x0000723b3d9a3580 0x0000000c7d797580 0 1 0 0 0 2 3 49076 984
0x0000723b3d9a3600 0x0000000c7d797600 0 0 1 0 0 2 3 49076 976
0x0000723b3d9a3680 0x0000000c7d797680 0 0 1 0 0 2 3 49076 984
0x0000723b3d9a3700 0x0000000c7d797700 0 1 1 0 0 2 3 49076 976
0x0000723b3d9a3780 0x0000000c7d797780 0 1 1 0 0 2 3 49076 984
0x0000723b3d9a3800 0x0000000c7d797800 0 0 0 0 0 2 3 49076 992
0x0000723b3d9a3880 0x0000000c7d797880 0 0 0 0 0 2 3 49076 1000
0x0000723b3d9a3900 0x0000000c7d797900 0 1 0 0 0 2 3 49076 992
0x0000723b3d9a3980 0x0000000c7d797980 0 1 0 0 0 2 3 49076 1000
0x0000723b3d9a3a00 0x0000000c7d797a00 0 0 1 0 0 2 3 49076 992
0x0000723b3d9a3a80 0x0000000c7d797a80 0 0 1 0 0 2 3 49076 1000
0x0000723b3d9a3b00 0x0000000c7d797b00 0 1 1 0 0 2 3 49076 992
0x0000723b3d9a3b80 0x0000000c7d797b80 0 1 1 0 0 2 3 49076 1000
0x0000723b3d9a3c00 0x0000000c7d797c00 0 0 0 0 0 2 3 49076 1008
0x0000723b3d9a3c80 0x0000000c7d797c80 0 0 0 0 0 2 3 49076 1016
0x0000723b3d9a3d00 0x0000000c7d797d00 0 1 0 0 0 2 3 49076 1008
0x0000723b3d9a3d80 0x0000000c7d797d80 0 1 0 0 0 2 3 49076 1016
0x0000723b3d9a3e00 0x0000000c7d797e00 0 0 1 0 0 2 3 49076 1008
0x0000723b3d9a3e80 0x0000000c7d797e80 0 0 1 0 0 2 3 49076 1016
0x0000723b3d9a3f00 0x0000000c7d797f00 0 1 1 0 0 2 3 49076 1008
0x0000723b3d9a3f80 0x0000000c7d797f80 0 1 1 0 0 2 3 49076 1016
0x0000723b3d9a6000 0x0000000582f88000 0 0 0 0 1 2 3 20556 0
0x0000723b3d9a6080 0x0000000582f88080 0 0 0 0 1 2 3 20556 8
0x0000723b3d9a6100 0x0000000582f88100 0 1 0 0 1 2 3 20556 0
0x0000723b3d9a6180 0x0000000582f88180 0 1 0 0 1 2 3 20556 8
0x0000723b3d9a6200 0x0000000582f88200 0 0 1 0 1 2 3 20556 0
0x0000723b3d9a6280 0x0000000582f88280 0 0 1 0 1 2 3 20556 8
0x0000723b3d9a6300 0x0000000582f88300 0 1 1 0 1 2 3 20556 0
0x0000723b3d9a6380 0x0000000582f88380 0 1 1 0 1 2 3 20556 8
0x0000723b3d9a6400 0x0000000582f88400 0 0 0 0 1 2 3 20556 16
0x0000723b3d9a6480 0x0000000582f88480 0 0 0 0 1 2 3 20556 24
0x0000723b3d9a6500 0x0000000582f88500 0 1 0 0 1 2 3 20556 16
0x0000723b3d9a6580 0x0000000582f88580 0 1 0 0 1 2 3 20556 24
0x0000723b3d9a6600 0x0000000582f88600 0 0 1 0 1 2 3 20556 16
0x0000723b3d9a6680 0x0000000582f88680 0 0 1 0 1 2 3 20556 24
0x0000723b3d9a6700 0x0000000582f88700 0 1 1 0 1 2 3 20556 16
0x0000723b3d9a6780 0x0000000582f88780 0 1 1 0 1 2 3 20556 24
0x0000723b3d9a6800 0x0000000582f88800 0 0 0 0 1 2 3 20556 32
0x0000723b3d9a6880 0x0000000582f88880 0 0 0 0 1 2 3 20556 40
0x0000723b3d9a6900 0x0000000582f88900 0 1 0 0 1 2 3 20556 32
0x0000723b3d9a6980 0x0000000582f88980 0 1 0 0 1 2 3 20556 40
0x0000723b3d9a6a00 0x0000000582f88a00 0 0 1 0 1 2 3 20556 32
0x0000723b3d9a6a80 0x0000000582f88a80 0 0 1 0 1 2 3 20556 40
0x0000723b3d9a6b00 0x0000000582f88b00 0 1 1 0 1 2 3 20556 32
0x0000723b3d9a6b80 0x0000000582f88b80 0 1 1 0 1 2 3 20556 40
0x0000723b3d9a6c00 0x0000000582f88c00 0 0 0 0 1 2 3 20556 48
0x0000723b3d9a6c80 0x0000000582f88c80 0 0 0 0 1 2 3 20556 56
0x0000723b3d9a6d00 0x0000000582f88d00 0 1 0 0 1 2 3 20556 48
0x0000723b3d9a6d80 0x0000000582f88d80 0 1 0 0 1 2 3 20556 56
0x0000723b3d9a6e00 0x0000000582f88e00 0 0 1 0 1 2 3 20556 48
0x0000723b3d9a6e80 0x0000000582f88e80 0 0 1 0 1 2 3 20556 56
0x0000723b3d9a6f00 0x0000000582f88f00 0 1 1 0 1 2 3 20556 48
0x0000723b3d9a6f80 0x0000000582f88f80 0 1 1 0 1 2 3 20556 56
0x0000723b3d9a8000 0x0000000582f8a000 0 0 0 0 1 2 3 20556 128
0x0000723b3d9a8080 0x0000000582f8a080 0 0 0 0 1 2 3 20556 136
0x0000723b3d9a8100 0x0000000582f8a100 0 1 0 0 1 2 3 20556 128
0x0000723b3d9a8180 0x0000000582f8a180 0 1 0 0 1 2 3 20556 136
0x0000723b3d9a8200 0x0000000582f8a200 0 0 1 0 1 2 3 20556 128
0x0000723b3d9a8280 0x0000000582f8a280 0 0 1 0 1 2 3 20556 136
0x0000723b3d9a8300 0x0000000582f8a300 0 1 1 0 1 2 3 20556 128
0x0000723b3d9a8380 0x0000000582f8a380 0 1 1 0 1 2 3 20556 136
0x0000723b3d9a8400 0x0000000582f8a400 0 0 0 0 1 2 3 20556 144
0x0000723b3d9a8480 0x0000000582f8a480 0 0 0 0 1 2 3 20556 152
0x0000723b3d9a8500 0x0000000582f8a500 0 1 0 0 1 2 3 20556 144
0x0000723b3d9a8580 0x0000000582f8a580 0 1 0 0 1 2 3 20556 152
0x0000723b3d9a8600 0x0000000582f8a600 0 0 1 0 1 2 3 20556 144
0x0000723b3d9a8680 0x0000000582f8a680 0 0 1 0 1 2 3 20556 152
0x0000723b3d9a8700 0x0000000582f8a700 0 1 1 0 1 2 3 20556 144
0x0000723b3d9a8780 0x0000000582f8a780 0 1 1 0 1 2 3 20556 152
0x0000723b3d9a8800 0x0000000582f8a800 0 0 0 0 1 2 3 20556 160
0x0000723b3d9a8880 0x0000000582f8a880 0 0 0 0 1 2 3 20556 168
0x0000723b3d9a8900 0x0000000582f8a900 0 1 0 0 1 2 3 20556 160
0x0000723b3d9a8980 0x0000000582f8a980 0 1 0 0 1 2 3 20556 168
0x0000723b3d9a8a00 0x0000000582f8aa00 0 0 1 0 1 2 3 20556 160
0x0000723b3d9a8a80 0x0000000582f8aa80 0 0 1 0 1 2 3 20556 168
0x0000723b3d9a8b00 0x0000000582f8ab00 0 1 1 0 1 2 3 20556 160
0x0000723b3d9a8b80 0x0000000582f8ab80 0 1 1 0 1 2 3 20556 168
0x0000723b3d9a8c00 0x0000000582f8ac00 0 0 0 0 1 2 3 20556 176
0x0000723b3d9a8c80 0x0000000582f8ac80 0 0 0 0 1 2 3 20556 184
0x0000723b3d9a8d00 0x0000000582f8ad00 0 1 0 0 1 2 3 20556 176
0x0000723b3d9a8d80 0x0000000582f8ad80 0 1 0 0 1 2 3 20556 184
0x0000723b3d9a8e00 0x0000000582f8ae00 0 0 1 0 1 2 3 20556 176
0x0000723b3d9a8e80 0x0000000582f8ae80 0 0 1 0 1 2 3 20556 184
0x0000723b3d9a8f00 0x0000000582f8af00 0 1 1 0 1 2 3 20556 176
0x0000723b3d9a8f80 0x0000000582f8af80 0 1 1 0 1 2 3 20556 184
0x0000723b3d9a9000 0x0000000582f89000 0 0 0 0 1 2 3 20556 64
0x0000723b3d9a9080 0x0000000582f89080 0 0 0 0 1 2 3 20556 72
0x0000723b3d9a9100 0x0000000582f89100 0 1 0 0 1 2 3 20556 64
0x0000723b3d9a9180 0x0000000582f89180 0 1 0 0 1 2 3 20556 72
0x0000723b3d9a9200 0x0000000582f89200 0 0 1 0 1 2 3 20556 64
0x0000723b3d9a9280 0x0000000582f89280 0 0 1 0 1 2 3 20556 72
0x0000723b3d9a9300 0x0000000582f89300 0 1 1 0 1 2 3 20556 64
0x0000723b3d9a9380 0x0000000582f89380 0 1 1 0 1 2 3 20556 72
0x0000723b3d9a9400 0x0000000582f89400 0 0 0 0 1 2 3 20556 80
0x0000723b3d9a9480 0x0000000582f89480 0 0 0 0 1 2 3 20556 88
0x0000723b3d9a9500 0x0000000582f89500 0 1 0 0 1 2 3 20556 80
0x0000723b3d9a9580 0x0000000582f89580 0 1 0 0 1 2 3 20556 88
0x0000723b3d9a9600 0x0000000582f89600 0 0 1 0 1 2 3 20556 80
0x0000723b3d9a9680 0x0000000582f89680 0 0 1 0 1 2 3 20556 88
0x0000723b3d9a9700 0x0000000582f89700 0 1 1 0 1 2 3 20556 80
0x0000723b3d9a9780 0x0000000582f89780 0 1 1 0 1 2 3 20556 88
0x0000723b3d9a9800 0x0000000582f89800 0 0 0 0 1 2 3 20556 96
0x0000723b3d9a9880 0x0000000582f89880 0 0 0 0 1 2 3 20556 104
0x0000723b3d9a9900 0x0000000582f89900 0 1 0 0 1 2 3 20556 96
0x0000723b3d9a9980 0x0000000582f89980 0 1 0 0 1 2 3 20556 104
0x0000723b3d9a9a00 0x0000000582f89a00 0 0 1 0 1 2 3 20556 96
0x0000723b3d9a9a80 0x0000000582f89a80 0 0 1 0 1 2 3 20556 104
0x0000723b3d9a9b00 0x0000000582f89b00 0 1 1 0 1 2 3 20556 96
0x0000723b3d9a9b80 0x0000000582f89b80 0 1 1 0 1 2 3 20556 104
0x0000723b3d9a9c00 0x0000000582f89c00 0 0 0 0 1 2 3 20556 112
0x0000723b3d9a9c80 0x0000000582f89c80 0 0 0 0 1 2 3 20556 120
0x0000723b3d9a9d00 0x0000000582f89d00 0 1 0 0 1 2 3 20556 112
0x0000723b3d9a9d80 0x0000000582f89d80 0 1 0 0 1 2 3 20556 120
0x0000723b3d9a9e00 0x0000000582f89e00 0 0 1 0 1 2 3 20556 112
0x0000723b3d9a9e80 0x0000000582f89e80 0 0 1 0 1 2 3 20556 120
0x0000723b3d9a9f00 0x0000000582f89f00 0 1 1 0 1 2 3 20556 112
0x0000723b3d9a9f80 0x0000000582f89f80 0 1 1 0 1 2 3 20556 120
0x0000723b3d9ab000 0x0000000582f8b000 0 0 0 0 1 2 3 20556 192
0x0000723b3d9ab080 0x0000000582f8b080 0 0 0 0 1 2 3 20556 200
0x0000723b3d9ab100 0x0000000582f8b100 0 1 0 0 1 2 3 20556 192
0x0000723b3d9ab180 0x0000000582f8b180 0 1 0 0 1 2 3 20556 200
0x0000723b3d9ab200 0x0000000582f8b200 0 0 1 0 1 2 3 20556 192
0x0000723b3d9ab280 0x0000000582f8b280 0 0 1 0 1 2 3 20556 200
0x0000723b3d9ab300 0x0000000582f8b300 0 1 1 0 1 2 3 20556 192
0x0000723b3d9ab380 0x0000000582f8b380 0 1 1 0 1 2 3 20556 200
0x0000723b3d9ab400 0x0000000582f8b400 0 0 0 0 1 2 3 20556 208
0x0000723b3d9ab480 0x0000000582f8b480 0 0 0 0 1 2 3 20556 216
0x0000723b3d9ab500 0x0000000582f8b500 0 1 0 0 1 2 3 20556 208
0x0000723b3d9ab580 0x0000000582f8b580 0 1 0 0 1 2 3 20556 216
0x0000723b3d9ab600 0x0000000582f8b600 0 0 1 0 1 2 3 20556 208
0x0000723b3d9ab680 0x0000000582f8b680 0 0 1 0 1 2 3 20556 216
0x0000723b3d9ab700 0x0000000582f8b700 0 1 1 0 1 2 3 20556 208
0x0000723b3d9ab780 0x0000000582f8b780 0 1 1 0 1 2 3 20556 216
0x0000723b3d9ab800 0x0000000582f8b800 0 0 0 0 1 2 3 20556 224
0x0000723b3d9ab880 0x0000000582f8b880 0 0 0 0 1 2 3 20556 232
0x0000723b3d9ab900 0x0000000582f8b900 0 1 0 0 1 2 3 20556 224
0x0000723b3d9ab980 0x0000000582f8b980 0 1 0 0 1 2 3 20556 232
0x0000723b3d9aba00 0x0000000582f8ba00 0 0 1 0 1 2 3 20556 224
0x0000723b3d9aba80 0x0000000582f8ba80 0 0 1 0 1 2 3 20556 232
0x0000723b3d9abb00 0x0000000582f8bb00 0 1 1 0 1 2 3 20556 224
0x0000723b3d9abb80 0x0000000582f8bb80 0 1 1 0 1 2 3 20556 232
0x0000723b3d9abc00 0x0000000582f8bc00 0 0 0 0 1 2 3 20556 240
0x0000723b3d9abc80 0x0000000582f8bc80 0 0 0 0 1 2 3 20556 248
0x0000723b3d9abd00 0x0000000582f8bd00 0 1 0 0 1 2 3 20556 240
0x0000723b3d9abd80 0x0000000582f8bd80 0 1 0 0 1 2 3 20556 248
0x0000723b3d9abe00 0x0000000582f8be00 0 0 1 0 1 2 3 20556 240
0x0000723b3d9abe80 0x0000000582f8be80 0 0 1 0 1 2 3 20556 248
0x0000723b3d9abf00 0x0000000582f8bf00 0 1 1 0 1 2 3 20556 240
0x0000723b3d9abf80 0x0000000582f8bf80 0 1 1 0 1 2 3 20556 248
0x0000723b3d9b6000 0x0000000250fd8000 0 0 0 0 1 2 3 6686 512
0x0000723b3d9b6080 0x0000000250fd8080 0 0 0 0 1 2 3 6686 520
0x0000723b3d9b6100 0x0000000250fd8100 0 1 0 0 1 2 3 6686 512
0x0000723b3d9b6180 0x0000000250fd8180 0 1 0 0 1 2 3 6686 520
0x0000723b3d9b6200 0x0000000250fd8200 0 0 1 0 1 2 3 6686 512
0x0000723b3d9b6280 0x0000000250fd8280 0 0 1 0 1 2 3 6686 520
0x0000723b3d9b6300 0x0000000250fd8300 0 1 1 0 1 2 3 6686 512
0x0000723b3d9b6380 0x0000000250fd8380 0 1 1 0 1 2 3 6686 520
0x0000723b3d9b6400 0x0000000250fd8400 0 0 0 0 1 2 3 6686 528
0x0000723b3d9b6480 0x0000000250fd8480 0 0 0 0 1 2 3 6686 536
0x0000723b3d9b6500 0x0000000250fd8500 0 1 0 0 1 2 3 6686 528
0x0000723b3d9b6580 0x0000000250fd8580 0 1 0 0 1 2 3 6686 536
0x0000723b3d9b6600 0x0000000250fd8600 0 0 1 0 1 2 3 6686 528
0x0000723b3d9b6680 0x0000000250fd8680 0 0 1 0 1 2 3 6686 536
0x0000723b3d9b6700 0x0000000250fd8700 0 1 1 0 1 2 3 6686 528
0x0000723b3d9b6780 0x0000000250fd8780 0 1 1 0 1 2 3 6686 536
0x0000723b3d9b6800 0x0000000250fd8800 0 0 0 0 1 2 3 6686 544
0x0000723b3d9b6880 0x0000000250fd8880 0 0 0 0 1 2 3 6686 552
0x0000723b3d9b6900 0x0000000250fd8900 0 1 0 0 1 2 3 6686 544
0x0000723b3d9b6980 0x0000000250fd8980 0 1 0 0 1 2 3 6686 552
0x0000723b3d9b6a00 0x0000000250fd8a00 0 0 1 0 1 2 3 6686 544
0x0000723b3d9b6a80 0x0000000250fd8a80 0 0 1 0 1 2 3 6686 552
0x0000723b3d9b6b00 0x0000000250fd8b00 0 1 1 0 1 2 3 6686 544
0x0000723b3d9b6b80 0x0000000250fd8b80 0 1 1 0 1 2 3 6686 552
0x0000723b3d9b6c00 0x0000000250fd8c00 0 0 0 0 1 2 3 6686 560
0x0000723b3d9b6c80 0x0000000250fd8c80 0 0 0 0 1 2 3 6686 568
0x0000723b3d9b6d00 0x0000000250fd8d00 0 1 0 0 1 2 3 6686 560
0x0000723b3d9b6d80 0x0000000250fd8d80 0 1 0 0 1 2 3 6686 568
0x0000723b3d9b6e00 0x0000000250fd8e00 0 0 1 0 1 2 3 6686 560
0x0000723b3d9b6e80 0x0000000250fd8e80 0 0 1 0 1 2 3 6686 568
0x0000723b3d9b6f00 0x0000000250fd8f00 0 1 1 0 1 2 3 6686 560
0x0000723b3d9b6f80 0x0000000250fd8f80 0 1 1 0 1 2 3 6686 568
0x0000723b3d9b8000 0x0000000250fda000 0 0 0 0 1 2 3 6686 640
0x0000723b3d9b8080 0x0000000250fda080 0 0 0 0 1 2 3 6686 648
0x0000723b3d9b8100 0x0000000250fda100 0 1 0 0 1 2 3 6686 640
0x0000723b3d9b8180 0x0000000250fda180 0 1 0 0 1 2 3 6686 648
0x0000723b3d9b8200 0x0000000250fda200 0 0 1 0 1 2 3 6686 640
0x0000723b3d9b8280 0x0000000250fda280 0 0 1 0 1 2 3 6686 648
0x0000723b3d9b8300 0x0000000250fda300 0 1 1 0 1 2 3 6686 640
0x0000723b3d9b8380 0x0000000250fda380 0 1 1 0 1 2 3 6686 648
0x0000723b3d9b8400 0x0000000250fda400 0 0 0 0 1 2 3 6686 656
0x0000723b3d9b8480 0x0000000250fda480 0 0 0 0 1 2 3 6686 664
0x0000723b3d9b8500 0x0000000250fda500 0 1 0 0 1 2 3 6686 656
0x0000723b3d9b8580 0x0000000250fda580 0 1 0 0 1 2 3 6686 664
0x0000723b3d9b8600 0x0000000250fda600 0 0 1 0 1 2 3 6686 656
0x0000723b3d9b8680 0x0000000250fda680 0 0 1 0 1 2 3 6686 664
0x0000723b3d9b8700 0x0000000250fda700 0 1 1 0 1 2 3 6686 656
0x0000723b3d9b8780 0x0000000250fda780 0 1 1 0 1 2 3 6686 664
0x0000723b3d9b8800 0x0000000250fda800 0 0 0 0 1 2 3 6686 672
0x0000723b3d9b8880 0x0000000250fda880 0 0 0 0 1 2 3 6686 680
0x0000723b3d9b8900 0x0000000250fda900 0 1 0 0 1 2 3 6686 672
0x0000723b3d9b8980 0x0000000250fda980 0 1 0 0 1 2 3 6686 680
0x0000723b3d9b8a00 0x0000000250fdaa00 0 0 1 0 1 2 3 6686 672
0x0000723b3d9b8a80 0x0000000250fdaa80 0 0 1 0 1 2 3 6686 680
0x0000723b3d9b8b00 0x0000000250fdab00 0 1 1 0 1 2 3 6686 672
0x0000723b3d9b8b80 0x0000000250fdab80 0 1 1 0 1 2 3 6686 680
0x0000723b3d9b8c00 0x0000000250fdac00 0 0 0 0 1 2 3 6686 688
0x0000723b3d9b8c80 0x0000000250fdac80 0 0 0 0 1 2 3 6686 696
0x0000723b3d9b8d00 0x0000000250fdad00 0 1 0 0 1 2 3 6686 688
0x0000723b3d9b8d80 0x0000000250fdad80 0 1 0 0 1 2 3 6686 696
0x0000723b3d9b8e00 0x0000000250fdae00 0 0 1 0 1 2 3 6686 688
0x0000723b3d9b8e80 0x0000000250fdae80 0 0 1 0 1 2 3 6686 696
0x0000723b3d9b8f00 0x0000000250fdaf00 0 1 1 0 1 2 3 6686 688
0x0000723b3d9b8f80 0x0000000250fdaf80 0 1 1 0 1 2 3 6686 696
0x0000723b3d9b9000 0x0000000250fd9000 0 0 0 0 1 2 3 6686 576
0x0000723b3d9b9080 0x0000000250fd9080 0 0 0 0 1 2 3 6686 584
0x0000723b3d9b9100 0x0000000250fd9100 0 1 0 0 1 2 3 6686 576
0x0000723b3d9b9180 0x0000000250fd9180 0 1 0 0 1 2 3 6686 584
0x0000723b3d9b9200 0x0000000250fd9200 0 0 1 0 1 2 3 6686 576
0x0000723b3d9b9280 0x0000000250fd9280 0 0 1 0 1 2 3 6686 584
0x0000723b3d9b9300 0x0000000250fd9300 0 1 1 0 1 2 3 6686 576
0x0000723b3d9b9380 0x0000000250fd9380 0 1 1 0 1 2 3 6686 584
0x0000723b3d9b9400 0x0000000250fd9400 0 0 0 0 1 2 3 6686 592
0x0000723b3d9b9480 0x0000000250fd9480 0 0 0 0 1 2 3 6686 600
0x0000723b3d9b9500 0x0000000250fd9500 0 1 0 0 1 2 3 6686 592
0x0000723b3d9b9580 0x0000000250fd9580 0 1 0 0 1 2 3 6686 600
0x0000723b3d9b9600 0x0000000250fd9600 0 0 1 0 1 2 3 6686 592
0x0000723b3d9b9680 0x0000000250fd9680 0 0 1 0 1 2 3 6686 600
0x0000723b3d9b9700 0x0000000250fd9700 0 1 1 0 1 2 3 6686 592
0x0000723b3d9b9780 0x0000000250fd9780 0 1 1 0 1 2 3 6686 600
0x0000723b3d9b9800 0x0000000250fd9800 0 0 0 0 1 2 3 6686 608
0x0000723b3d9b9880 0x0000000250fd9880 0 0 0 0 1 2 3 6686 616
0x0000723b3d9b9900 0x0000000250fd9900 0 1 0 0 1 2 3 6686 608
0x0000723b3d9b9980 0x0000000250fd9980 0 1 0 0 1 2 3 6686 616
0x0000723b3d9b9a00 0x0000000250fd9a00 0 0 1 0 1 2 3 6686 608
0x0000723b3d9b9a80 0x0000000250fd9a80 0 0 1 0 1 2 3 6686 616
0x0000723b3d9b9b00 0x0000000250fd9b00 0 1 1 0 1 2 3 6686 608
0x0000723b3d9b9b80 0x0000000250fd9b80 0 1 1 0 1 2 3 6686 616
0x0000723b3d9b9c00 0x0000000250fd9c00 0 0 0 0 1 2 3 6686 624
0x0000723b3d9b9c80 0x0000000250fd9c80 0 0 0 0 1 2 3 6686 632
0x0000723b3d9b9d00 0x0000000250fd9d00 0 1 0 0 1 2 3 6686 624
0x0000723b3d9b9d80 0x0000000250fd9d80 0 1 0 0 1 2 3 6686 632
0x0000723b3d9b9e00 0x0000000250fd9e00 0 0 1 0 1 2 3 6686 624
0x0000723b3d9b9e80 0x0000000250fd9e80 0 0 1 0 1 2 3 6686 632
0x0000723b3d9b9f00 0x0000000250fd9f00 0 1 1 0 1 2 3 6686 624
0x0000723b3d9b9f80 0x0000000250fd9f80 0 1 1 0 1 2 3 6686 632
0x0000723b3d9bb000 0x0000000250fdb000 0 0 0 0 1 2 3 6686 704
0x0000723b3d9bb080 0x0000000250fdb080 0 0 0 0 1 2 3 6686 712
0x0000723b3d9bb100 0x0000000250fdb100 0 1 0 0 1 2 3 6686 704
0x0000723b3d9bb180 0x0000000250fdb180 0 1 0 0 1 2 3 6686 712
0x0000723b3d9bb200 0x0000000250fdb200 0 0 1 0 1 2 3 6686 704
0x0000723b3d9bb280 0x0000000250fdb280 0 0 1 0 1 2 3 6686 712
0x0000723b3d9bb300 0x0000000250fdb300 0 1 1 0 1 2 3 6686 704
0x0000723b3d9bb380 0x0000000250fdb380 0 1 1 0 1 2 3 6686 712
0x0000723b3d9bb400 0x0000000250fdb400 0 0 0 0 1 2 3 6686 720
0x0000723b3d9bb480 0x0000000250fdb480 0 0 0 0 1 2 3 6686 728
0x0000723b3d9bb500 0x0000000250fdb500 0 1 0 0 1 2 3 6686 720
0x0000723b3d9bb580 0x0000000250fdb580 0 1 0 0 1 2 3 6686 728
0x0000723b3d9bb600 0x0000000250fdb600 0 0 1 0 1 2 3 6686 720
0x0000723b3d9bb680 0x0000000250fdb680 0 0 1 0 1 2 3 6686 728
0x0000723b3d9bb700 0x0000000250fdb700 0 1 1 0 1 2 3 6686 720
0x0000723b3d9bb780 0x0000000250fdb780 0 1 1 0 1 2 3 6686 728
0x0000723b3d9bb800 0x0000000250fdb800 0 0 0 0 1 2 3 6686 736
0x0000723b3d9bb880 0x0000000250fdb880 0 0 0 0 1 2 3 6686 744
0x0000723b3d9bb900 0x0000000250fdb900 0 1 0 0 1 2 3 6686 736
0x0000723b3d9bb980 0x0000000250fdb980 0 1 0 0 1 2 3 6686 744
0x0000723b3d9bba00 0x0000000250fdba00 0 0 1 0 1 2 3 6686 736
0x0000723b3d9bba80 0x0000000250fdba80 0 0 1 0 1 2 3 6686 744
0x0000723b3d9bbb00 0x0000000250fdbb00 0 1 1 0 1 2 3 6686 736
0x0000723b3d9bbb80 0x0000000250fdbb80 0 1 1 0 1 2 3 6686 744
0x0000723b3d9bbc00 0x0000000250fdbc00 0 0 0 0 1 2 3 6686 752
0x0000723b3d9bbc80 0x0000000250fdbc80 0 0 0 0 1 2 3 6686 760
0x0000723b3d9bbd00 0x0000000250fdbd00 0 1 0 0 1 2 3 6686 752
0x0000723b3d9bbd80 0x0000000250fdbd80 0 1 0 0 1 2 3 6686 760
0x0000723b3d9bbe00 0x0000000250fdbe00 0 0 1 0 1 2 3 6686 752
0x0000723b3d9bbe80 0x0000000250fdbe80 0 0 1 0 1 2 3 6686 760
0x0000723b3d9bbf00 0x0000000250fdbf00 0 1 1 0 1 2 3 6686 752
0x0000723b3d9bbf80 0x0000000250fdbf80 0 1 1 0 1 2 3 6686 760
0x0000723b3d9c2000 0x0000000cef734000 0 0 0 0 0 2 3 52705 768
0x0000723b3d9c2080 0x0000000cef734080 0 0 0 0 0 2 3 52705 776
0x0000723b3d9c2100 0x0000000cef734100 0 1 0 0 0 2 3 52705 768
0x0000723b3d9c2180 0x0000000cef734180 0 1 0 0 0 2 3 52705 776
0x0000723b3d9c2200 0x0000000cef734200 0 0 1 0 0 2 3 52705 768
0x0000723b3d9c2280 0x0000000cef734280 0 0 1 0 0 2 3 52705 776
0x0000723b3d9c2300 0x0000000cef734300 0 1 1 0 0 2 3 52705 768
0x0000723b3d9c2380 0x0000000cef734380 0 1 1 0 0 2 3 52705 776
0x0000723b3d9c2400 0x0000000cef734400 0 0 0 0 0 2 3 52705 784
0x0000723b3d9c2480 0x0000000cef734480 0 0 0 0 0 2 3 52705 792
0x0000723b3d9c2500 0x0000000cef734500 0 1 0 0 0 2 3 52705 784
0x0000723b3d9c2580 0x0000000cef734580 0 1 0 0 0 2 3 52705 792
0x0000723b3d9c2600 0x0000000cef734600 0 0 1 0 0 2 3 52705 784
0x0000723b3d9c2680 0x0000000cef734680 0 0 1 0 0 2 3 52705 792
0x0000723b3d9c2700 0x0000000cef734700 0 1 1 0 0 2 3 52705 784
0x0000723b3d9c2780 0x0000000cef734780 0 1 1 0 0 2 3 52705 792
0x0000723b3d9c2800 0x0000000cef734800 0 0 0 0 0 2 3 52705 800
0x0000723b3d9c2880 0x0000000cef734880 0 0 0 0 0 2 3 52705 808
0x0000723b3d9c2900 0x0000000cef734900 0 1 0 0 0 2 3 52705 800
0x0000723b3d9c2980 0x0000000cef734980 0 1 0 0 0 2 3 52705 808
0x0000723b3d9c2a00 0x0000000cef734a00 0 0 1 0 0 2 3 52705 800
0x0000723b3d9c2a80 0x0000000cef734a80 0 0 1 0 0 2 3 52705 808
0x0000723b3d9c2b00 0x0000000cef734b00 0 1 1 0 0 2 3 52705 800
0x0000723b3d9c2b80 0x0000000cef734b80 0 1 1 0 0 2 3 52705 808
0x0000723b3d9c2c00 0x0000000cef734c00 0 0 0 0 0 2 3 52705 816
0x0000723b3d9c2c80 0x0000000cef734c80 0 0 0 0 0 2 3 52705 824
0x0000723b3d9c2d00 0x0000000cef734d00 0 1 0 0 0 2 3 52705 816
0x0000723b3d9c2d80 0x0000000cef734d80 0 1 0 0 0 2 3 52705 824
0x0000723b3d9c2e00 0x0000000cef734e00 0 0 1 0 0 2 3 52705 816
0x0000723b3d9c2e80 0x0000000cef734e80 0 0 1 0 0 2 3 52705 824
0x0000723b3d9c2f00 0x0000000cef734f00 0 1 1 0 0 2 3 52705 816
0x0000723b3d9c2f80 0x0000000cef734f80 0 1 1 0 0 2 3 52705 824
0x0000723b3d9c4000 0x0000000cef735000 0 0 0 0 0 2 3 52705 832
0x0000723b3d9c4080 0x0000000cef735080 0 0 0 0 0 2 3 52705 840
0x0000723b3d9c4100 0x0000000cef735100 0 1 0 0 0 2 3 52705 832
0x0000723b3d9c4180 0x0000000cef735180 0 1 0 0 0 2 3 52705 840
0x0000723b3d9c4200 0x0000000cef735200 0 0 1 0 0 2 3 52705 832
0x0000723b3d9c4280 0x0000000cef735280 0 0 1 0 0 2 3 52705 840
0x0000723b3d9c4300 0x0000000cef735300 0 1 1 0 0 2 3 52705 832
0x0000723b3d9c4380 0x0000000cef735380 0 1 1 0 0 2 3 52705 840
0x0000723b3d9c4400 0x0000000cef735400 0 0 0 0 0 2 3 52705 848
0x0000723b3d9c4480 0x0000000cef735480 0 0 0 0 0 2 3 52705 856
0x0000723b3d9c4500 0x0000000cef735500 0 1 0 0 0 2 3 52705 848
0x0000723b3d9c4580 0x0000000cef735580 0 1 0 0 0 2 3 52705 856
0x0000723b3d9c4600 0x0000000cef735600 0 0 1 0 0 2 3 52705 848
0x0000723b3d9c4680 0x0000000cef735680 0 0 1 0 0 2 3 52705 856
0x0000723b3d9c4700 0x0000000cef735700 0 1 1 0 0 2 3 52705 848
0x0000723b3d9c4780 0x0000000cef735780 0 1 1 0 0 2 3 52705 856
0x0000723b3d9c4800 0x0000000cef735800 0 0 0 0 0 2 3 52705 864
0x0000723b3d9c4880 0x0000000cef735880 0 0 0 0 0 2 3 52705 872
0x0000723b3d9c4900 0x0000000cef735900 0 1 0 0 0 2 3 52705 864
0x0000723b3d9c4980 0x0000000cef735980 0 1 0 0 0 2 3 52705 872
0x0000723b3d9c4a00 0x0000000cef735a00 0 0 1 0 0 2 3 52705 864
0x0000723b3d9c4a80 0x0000000cef735a80 0 0 1 0 0 2 3 52705 872
0x0000723b3d9c4b00 0x0000000cef735b00 0 1 1 0 0 2 3 52705 864
0x0000723b3d9c4b80 0x0000000cef735b80 0 1 1 0 0 2 3 52705 872
0x0000723b3d9c4c00 0x0000000cef735c00 0 0 0 0 0 2 3 52705 880
0x0000723b3d9c4c80 0x0000000cef735c80 0 0 0 0 0 2 3 52705 888
0x0000723b3d9c4d00 0x0000000cef735d00 0 1 0 0 0 2 3 52705 880
0x0000723b3d9c4d80 0x0000000cef735d80 0 1 0 0 0 2 3 52705 888
0x0000723b3d9c4e00 0x0000000cef735e00 0 0 1 0 0 2 3 52705 880
0x0000723b3d9c4e80 0x0000000cef735e80 0 0 1 0 0 2 3 52705 888
0x0000723b3d9c4f00 0x0000000cef735f00 0 1 1 0 0 2 3 52705 880
0x0000723b3d9c4f80 0x0000000cef735f80 0 1 1 0 0 2 3 52705 888
0x0000723b3d9c6000 0x0000000cef737000 0 0 0 0 0 2 3 52705 960
0x0000723b3d9c6080 0x0000000cef737080 0 0 0 0 0 2 3 52705 968
0x0000723b3d9c6100 0x0000000cef737100 0 1 0 0 0 2 3 52705 960
0x0000723b3d9c6180 0x0000000cef737180 0 1 0 0 0 2 3 52705 968
0x0000723b3d9c6200 0x0000000cef737200 0 0 1 0 0 2 3 52705 960
0x0000723b3d9c6280 0x0000000cef737280 0 0 1 0 0 2 3 52705 968
0x0000723b3d9c6300 0x0000000cef737300 0 1 1 0 0 2 3 52705 960
0x0000723b3d9c6380 0x0000000cef737380 0 1 1 0 0 2 3 52705 968
0x0000723b3d9c6400 0x0000000cef737400 0 0 0 0 0 2 3 52705 976
0x0000723b3d9c6480 0x0000000cef737480 0 0 0 0 0 2 3 52705 984
0x0000723b3d9c6500 0x0000000cef737500 0 1 0 0 0 2 3 52705 976
0x0000723b3d9c6580 0x0000000cef737580 0 1 0 0 0 2 3 52705 984
0x0000723b3d9c6600 0x0000000cef737600 0 0 1 0 0 2 3 52705 976
0x0000723b3d9c6680 0x0000000cef737680 0 0 1 0 0 2 3 52705 984
0x0000723b3d9c6700 0x0000000cef737700 0 1 1 0 0 2 3 52705 976
0x0000723b3d9c6780 0x0000000cef737780 0 1 1 0 0 2 3 52705 984
0x0000723b3d9c6800 0x0000000cef737800 0 0 0 0 0 2 3 52705 992
0x0000723b3d9c6880 0x0000000cef737880 0 0 0 0 0 2 3 52705 1000
0x0000723b3d9c6900 0x0000000cef737900 0 1 0 0 0 2 3 52705 992
0x0000723b3d9c6980 0x0000000cef737980 0 1 0 0 0 2 3 52705 1000
0x0000723b3d9c6a00 0x0000000cef737a00 0 0 1 0 0 2 3 52705 992
0x0000723b3d9c6a80 0x0000000cef737a80 0 0 1 0 0 2 3 52705 1000
0x0000723b3d9c6b00 0x0000000cef737b00 0 1 1 0 0 2 3 52705 992
0x0000723b3d9c6b80 0x0000000cef737b80 0 1 1 0 0 2 3 52705 1000
0x0000723b3d9c6c00 0x0000000cef737c00 0 0 0 0 0 2 3 52705 1008
0x0000723b3d9c6c80 0x0000000cef737c80 0 0 0 0 0 2 3 52705 1016
0x0000723b3d9c6d00 0x0000000cef737d00 0 1 0 0 0 2 3 52705 1008
0x0000723b3d9c6d80 0x0000000cef737d80 0 1 0 0 0 2 3 52705 1016
0x0000723b3d9c6e00 0x0000000cef737e00 0 0 1 0 0 2 3 52705 1008
0x0000723b3d9c6e80 0x0000000cef737e80 0 0 1 0 0 2 3 52705 1016
0x0000723b3d9c6f00 0x0000000cef737f00 0 1 1 0 0 2 3 52705 1008
0x0000723b3d9c6f80 0x0000000cef737f80 0 1 1 0 0 2 3 52705 1016
0x0000723b3d9cb000 0x0000000cef736000 0 0 0 0 0 2 3 52705 896
0x0000723b3d9cb080 0x0000000cef736080 0 0 0 0 0 2 3 52705 904
0x0000723b3d9cb100 0x0000000cef736100 0 1 0 0 0 2 3 52705 896
0x0000723b3d9cb180 0x0000000cef736180 0 1 0 0 0 2 3 52705 904
0x0000723b3d9cb200 0x0000000cef736200 0 0 1 0 0 2 3 52705 896
0x0000723b3d9cb280 0x0000000cef736280 0 0 1 0 0 2 3 52705 904
0x0000723b3d9cb300 0x0000000cef736300 0 1 1 0 0 2 3 52705 896
0x0000723b3d9cb380 0x0000000cef736380 0 1 1 0 0 2 3 52705 904
0x0000723b3d9cb400 0x0000000cef736400 0 0 0 0 0 2 3 52705 912
0x0000723b3d9cb480 0x0000000cef736480 0 0 0 0 0 2 3 52705 920
0x0000723b3d9cb500 0x0000000cef736500 0 1 0 0 0 2 3 52705 912
0x0000723b3d9cb580 0x0000000cef736580 0 1 0 0 0 2 3 52705 920
0x0000723b3d9cb600 0x0000000cef736600 0 0 1 0 0 2 3 52705 912
0x0000723b3d9cb680 0x0000000cef736680 0 0 1 0 0 2 3 52705 920
0x0000723b3d9cb700 0x0000000cef736700 0 1 1 0 0 2 3 52705 912
0x0000723b3d9cb780 0x0000000cef736780 0 1 1 0 0 2 3 52705 920
0x0000723b3d9cb800 0x0000000cef736800 0 0 0 0 0 2 3 52705 928
0x0000723b3d9cb880 0x0000000cef736880 0 0 0 0 0 2 3 52705 936
0x0000723b3d9cb900 0x0000000cef736900 0 1 0 0 0 2 3 52705 928
0x0000723b3d9cb980 0x0000000cef736980 0 1 0 0 0 2 3 52705 936
0x0000723b3d9cba00 0x0000000cef736a00 0 0 1 0 0 2 3 52705 928
0x0000723b3d9cba80 0x0000000cef736a80 0 0 1 0 0 2 3 52705 936
0x0000723b3d9cbb00 0x0000000cef736b00 0 1 1 0 0 2 3 52705 928
0x0000723b3d9cbb80 0x0000000cef736b80 0 1 1 0 0 2 3 52705 936
0x0000723b3d9cbc00 0x0000000cef736c00 0 0 0 0 0 2 3 52705 944
0x0000723b3d9cbc80 0x0000000cef736c80 0 0 0 0 0 2 3 52705 952
0x0000723b3d9cbd00 0x0000000cef736d00 0 1 0 0 0 2 3 52705 944
0x0000723b3d9cbd80 0x0000000cef736d80 0 1 0 0 0 2 3 52705 952
0x0000723b3d9cbe00 0x0000000cef736e00 0 0 1 0 0 2 3 52705 944
0x0000723b3d9cbe80 0x0000000cef736e80 0 0 1 0 0 2 3 52705 952
0x0000723b3d9cbf00 0x0000000cef736f00 0 1 1 0 0 2 3 52705 944
0x0000723b3d9cbf80 0x0000000cef736f80 0 1 1 0 0 2 3 52705 952
0x0000723b3d9d6000 0x00000007777c3000 0 0 0 0 0 2 3 28406 192
0x0000723b3d9d6080 0x00000007777c3080 0 0 0 0 0 2 3 28406 200
0x0000723b3d9d6100 0x00000007777c3100 0 1 0 0 0 2 3 28406 192
0x0000723b3d9d6180 0x00000007777c3180 0 1 0 0 0 2 3 28406 200
0x0000723b3d9d6200 0x00000007777c3200 0 0 1 0 0 2 3 28406 192
0x0000723b3d9d6280 0x00000007777c3280 0 0 1 0 0 2 3 28406 200
0x0000723b3d9d6300 0x00000007777c3300 0 1 1 0 0 2 3 28406 192
0x0000723b3d9d6380 0x00000007777c3380 0 1 1 0 0 2 3 28406 200
0x0000723b3d9d6400 0x00000007777c3400 0 0 0 0 0 2 3 28406 208
0x0000723b3d9d6480 0x00000007777c3480 0 0 0 0 0 2 3 28406 216
0x0000723b3d9d6500 0x00000007777c3500 0 1 0 0 0 2 3 28406 208
0x0000723b3d9d6580 0x00000007777c3580 0 1 0 0 0 2 3 28406 216
0x0000723b3d9d6600 0x00000007777c3600 0 0 1 0 0 2 3 28406 208
0x0000723b3d9d6680 0x00000007777c3680 0 0 1 0 0 2 3 28406 216
0x0000723b3d9d6700 0x00000007777c3700 0 1 1 0 0 2 3 28406 208
0x0000723b3d9d6780 0x00000007777c3780 0 1 1 0 0 2 3 28406 216
0x0000723b3d9d6800 0x00000007777c3800 0 0 0 0 0 2 3 28406 224
0x0000723b3d9d6880 0x00000007777c3880 0 0 0 0 0 2 3 28406 232
0x0000723b3d9d6900 0x00000007777c3900 0 1 0 0 0 2 3 28406 224
0x0000723b3d9d6980 0x00000007777c3980 0 1 0 0 0 2 3 28406 232
0x0000723b3d9d6a00 0x00000007777c3a00 0 0 1 0 0 2 3 28406 224
0x0000723b3d9d6a80 0x00000007777c3a80 0 0 1 0 0 2 3 28406 232
0x0000723b3d9d6b00 0x00000007777c3b00 0 1 1 0 0 2 3 28406 224
0x0000723b3d9d6b80 0x00000007777c3b80 0 1 1 0 0 2 3 28406 232
0x0000723b3d9d6c00 0x00000007777c3c00 0 0 0 0 0 2 3 28406 240
0x0000723b3d9d6c80 0x00000007777c3c80 0 0 0 0 0 2 3 28406 248
0x0000723b3d9d6d00 0x00000007777c3d00 0 1 0 0 0 2 3 28406 240
0x0000723b3d9d6d80 0x00000007777c3d80 0 1 0 0 0 2 3 28406 248
0x0000723b3d9d6e00 0x00000007777c3e00 0 0 1 0 0 2 3 28406 240
0x0000723b3d9d6e80 0x00000007777c3e80 0 0 1 0 0 2 3 28406 248
0x0000723b3d9d6f00 0x00000007777c3f00 0 1 1 0 0 2 3 28406 240
0x0000723b3d9d6f80 0x00000007777c3f80 0 1 1 0 0 2 3 28406 248
0x0000723b3d9da000 0x0000000856f48000 0 0 0 0 1 2 3 31450 0
0x0000723b3d9da080 0x0000000856f48080 0 0 0 0 1 2 3 31450 8
0x0000723b3d9da100 0x0000000856f48100 0 1 0 0 1 2 3 31450 0
0x0000723b3d9da180 0x0000000856f48180 0 1 0 0 1 2 3 31450 8
0x0000723b3d9da200 0x0000000856f48200 0 0 1 0 1 2 3 31450 0
0x0000723b3d9da280 0x0000000856f48280 0 0 1 0 1 2 3 31450 8
0x0000723b3d9da300 0x0000000856f48300 0 1 1 0 1 2 3 31450 0
0x0000723b3d9da380 0x0000000856f48380 0 1 1 0 1 2 3 31450 8
0x0000723b3d9da400 0x0000000856f48400 0 0 0 0 1 2 3 31450 16
0x0000723b3d9da480 0x0000000856f48480 0 0 0 0 1 2 3 31450 24
0x0000723b3d9da500 0x0000000856f48500 0 1 0 0 1 2 3 31450 16
0x0000723b3d9da580 0x0000000856f48580 0 1 0 0 1 2 3 31450 24
0x0000723b3d9da600 0x0000000856f48600 0 0 1 0 1 2 3 31450 16
0x0000723b3d9da680 0x0000000856f48680 0 0 1 0 1 2 3 31450 24
0x0000723b3d9da700 0x0000000856f48700 0 1 1 0 1 2 3 31450 16
0x0000723b3d9da780 0x0000000856f48780 0 1 1 0 1 2 3 31450 24
0x0000723b3d9da800 0x0000000856f48800 0 0 0 0 1 2 3 31450 32
0x0000723b3d9da880 0x0000000856f48880 0 0 0 0 1 2 3 31450 40
0x0000723b3d9da900 0x0000000856f48900 0 1 0 0 1 2 3 31450 32
0x0000723b3d9da980 0x0000000856f48980 0 1 0 0 1 2 3 31450 40
0x0000723b3d9daa00 0x0000000856f48a00 0 0 1 0 1 2 3 31450 32
0x0000723b3d9daa80 0x0000000856f48a80 0 0 1 0 1 2 3 31450 40
0x0000723b3d9dab00 0x0000000856f48b00 0 1 1 0 1 2 3 31450 32
0x0000723b3d9dab80 0x0000000856f48b80 0 1 1 0 1 2 3 31450 40
0x0000723b3d9dac00 0x0000000856f48c00 0 0 0 0 1 2 3 31450 48
0x0000723b3d9dac80 0x0000000856f48c80 0 0 0 0 1 2 3 31450 56
0x0000723b3d9dad00 0x0000000856f48d00 0 1 0 0 1 2 3 31450 48
0x0000723b3d9dad80 0x0000000856f48d80 0 1 0 0 1 2 3 31450 56
0x0000723b3d9dae00 0x0000000856f48e00 0 0 1 0 1 2 3 31450 48
0x0000723b3d9dae80 0x0000000856f48e80 0 0 1 0 1 2 3 31450 56
0x0000723b3d9daf00 0x0000000856f48f00 0 1 1 0 1 2 3 31450 48
0x0000723b3d9daf80 0x0000000856f48f80 0 1 1 0 1 2 3 31450 56
0x0000723b3d9dd000 0x0000000560fe6000 0 0 0 0 0 2 3 19487 384
0x0000723b3d9dd080 0x0000000560fe6080 0 0 0 0 0 2 3 19487 392
0x0000723b3d9dd100 0x0000000560fe6100 0 1 0 0 0 2 3 19487 384
0x0000723b3d9dd180 0x0000000560fe6180 0 1 0 0 0 2 3 19487 392
0x0000723b3d9dd200 0x0000000560fe6200 0 0 1 0 0 2 3 19487 384
0x0000723b3d9dd280 0x0000000560fe6280 0 0 1 0 0 2 3 19487 392
0x0000723b3d9dd300 0x0000000560fe6300 0 1 1 0 0 2 3 19487 384
0x0000723b3d9dd380 0x0000000560fe6380 0 1 1 0 0 2 3 19487 392
0x0000723b3d9dd400 0x0000000560fe6400 0 0 0 0 0 2 3 19487 400
0x0000723b3d9dd480 0x0000000560fe6480 0 0 0 0 0 2 3 19487 408
0x0000723b3d9dd500 0x0000000560fe6500 0 1 0 0 0 2 3 19487 400
0x0000723b3d9dd580 0x0000000560fe6580 0 1 0 0 0 2 3 19487 408
0x0000723b3d9dd600 0x0000000560fe6600 0 0 1 0 0 2 3 19487 400
0x0000723b3d9dd680 0x0000000560fe6680 0 0 1 0 0 2 3 19487 408
0x0000723b3d9dd700 0x0000000560fe6700 0 1 1 0 0 2 3 19487 400
0x0000723b3d9dd780 0x0000000560fe6780 0 1 1 0 0 2 3 19487 408
0x0000723b3d9dd800 0x0000000560fe6800 0 0 0 0 0 2 3 19487 416
0x0000723b3d9dd880 0x0000000560fe6880 0 0 0 0 0 2 3 19487 424
0x0000723b3d9dd900 0x0000000560fe6900 0 1 0 0 0 2 3 19487 416
0x0000723b3d9dd980 0x0000000560fe6980 0 1 0 0 0 2 3 19487 424
0x0000723b3d9dda00 0x0000000560fe6a00 0 0 1 0 0 2 3 19487 416
0x0000723b3d9dda80 0x0000000560fe6a80 0 0 1 0 0 2 3 19487 424
0x0000723b3d9ddb00 0x0000000560fe6b00 0 1 1 0 0 2 3 19487 416
0x0000723b3d9ddb80 0x0000000560fe6b80 0 1 1 0 0 2 3 19487 424
0x0000723b3d9ddc00 0x0000000560fe6c00 0 0 0 0 0 2 3 19487 432
0x0000723b3d9ddc80 0x0000000560fe6c80 0 0 0 0 0 2 3 19487 440
0x0000723b3d9ddd00 0x0000000560fe6d00 0 1 0 0 0 2 3 19487 432
0x0000723b3d9ddd80 0x0000000560fe6d80 0 1 0 0 0 2 3 19487 440
0x0000723b3d9dde00 0x0000000560fe6e00 0 0 1 0 0 2 3 19487 432
0x0000723b3d9dde80 0x0000000560fe6e80 0 0 1 0 0 2 3 19487 440
0x0000723b3d9ddf00 0x0000000560fe6f00 0 1 1 0 0 2 3 19487 432
0x0000723b3d9ddf80 0x0000000560fe6f80 0 1 1 0 0 2 3 19487 440
0x0000723b3d9df000 0x0000000560fe7000 0 0 0 0 0 2 3 19487 448
0x0000723b3d9df080 0x0000000560fe7080 0 0 0 0 0 2 3 19487 456
0x0000723b3d9df100 0x0000000560fe7100 0 1 0 0 0 2 3 19487 448
0x0000723b3d9df180 0x0000000560fe7180 0 1 0 0 0 2 3 19487 456
0x0000723b3d9df200 0x0000000560fe7200 0 0 1 0 0 2 3 19487 448
0x0000723b3d9df280 0x0000000560fe7280 0 0 1 0 0 2 3 19487 456
0x0000723b3d9df300 0x0000000560fe7300 0 1 1 0 0 2 3 19487 448
0x0000723b3d9df380 0x0000000560fe7380 0 1 1 0 0 2 3 19487 456
0x0000723b3d9df400 0x0000000560fe7400 0 0 0 0 0 2 3 19487 464
0x0000723b3d9df480 0x0000000560fe7480 0 0 0 0 0 2 3 19487 472
0x0000723b3d9df500 0x0000000560fe7500 0 1 0 0 0 2 3 19487 464
0x0000723b3d9df580 0x0000000560fe7580 0 1 0 0 0 2 3 19487 472
0x0000723b3d9df600 0x0000000560fe7600 0 0 1 0 0 2 3 19487 464
0x0000723b3d9df680 0x0000000560fe7680 0 0 1 0 0 2 3 19487 472
0x0000723b3d9df700 0x0000000560fe7700 0 1 1 0 0 2 3 19487 464
0x0000723b3d9df780 0x0000000560fe7780 0 1 1 0 0 2 3 19487 472
0x0000723b3d9df800 0x0000000560fe7800 0 0 0 0 0 2 3 19487 480
0x0000723b3d9df880 0x0000000560fe7880 0 0 0 0 0 2 3 19487 488
0x0000723b3d9df900 0x0000000560fe7900 0 1 0 0 0 2 3 19487 480
0x0000723b3d9df980 0x0000000560fe7980 0 1 0 0 0 2 3 19487 488
0x0000723b3d9dfa00 0x0000000560fe7a00 0 0 1 0 0 2 3 19487 480
0x0000723b3d9dfa80 0x0000000560fe7a80 0 0 1 0 0 2 3 19487 488
0x0000723b3d9dfb00 0x0000000560fe7b00 0 1 1 0 0 2 3 19487 480
0x0000723b3d9dfb80 0x0000000560fe7b80 0 1 1 0 0 2 3 19487 488
0x0000723b3d9dfc00 0x0000000560fe7c00 0 0 0 0 0 2 3 19487 496
0x0000723b3d9dfc80 0x0000000560fe7c80 0 0 0 0 0 2 3 19487 504
0x0000723b3d9dfd00 0x0000000560fe7d00 0 1 0 0 0 2 3 19487 496
0x0000723b3d9dfd80 0x0000000560fe7d80 0 1 0 0 0 2 3 19487 504
0x0000723b3d9dfe00 0x0000000560fe7e00 0 0 1 0 0 2 3 19487 496
0x0000723b3d9dfe80 0x0000000560fe7e80 0 0 1 0 0 2 3 19487 504
0x0000723b3d9dff00 0x0000000560fe7f00 0 1 1 0 0 2 3 19487 496
0x0000723b3d9dff80 0x0000000560fe7f80 0 1 1 0 0 2 3 19487 504
0x0000723b3d9e9000 0x0000000788f43000 0 0 0 0 0 2 3 28938 192
0x0000723b3d9e9080 0x0000000788f43080 0 0 0 0 0 2 3 28938 200
0x0000723b3d9e9100 0x0000000788f43100 0 1 0 0 0 2 3 28938 192
0x0000723b3d9e9180 0x0000000788f43180 0 1 0 0 0 2 3 28938 200
0x0000723b3d9e9200 0x0000000788f43200 0 0 1 0 0 2 3 28938 192
0x0000723b3d9e9280 0x0000000788f43280 0 0 1 0 0 2 3 28938 200
0x0000723b3d9e9300 0x0000000788f43300 0 1 1 0 0 2 3 28938 192
0x0000723b3d9e9380 0x0000000788f43380 0 1 1 0 0 2 3 28938 200
0x0000723b3d9e9400 0x0000000788f43400 0 0 0 0 0 2 3 28938 208
0x0000723b3d9e9480 0x0000000788f43480 0 0 0 0 0 2 3 28938 216
0x0000723b3d9e9500 0x0000000788f43500 0 1 0 0 0 2 3 28938 208
0x0000723b3d9e9580 0x0000000788f43580 0 1 0 0 0 2 3 28938 216
0x0000723b3d9e9600 0x0000000788f43600 0 0 1 0 0 2 3 28938 208
0x0000723b3d9e9680 0x0000000788f43680 0 0 1 0 0 2 3 28938 216
0x0000723b3d9e9700 0x0000000788f43700 0 1 1 0 0 2 3 28938 208
0x0000723b3d9e9780 0x0000000788f43780 0 1 1 0 0 2 3 28938 216
0x0000723b3d9e9800 0x0000000788f43800 0 0 0 0 0 2 3 28938 224
0x0000723b3d9e9880 0x0000000788f43880 0 0 0 0 0 2 3 28938 232
0x0000723b3d9e9900 0x0000000788f43900 0 1 0 0 0 2 3 28938 224
0x0000723b3d9e9980 0x0000000788f43980 0 1 0 0 0 2 3 28938 232
0x0000723b3d9e9a00 0x0000000788f43a00 0 0 1 0 0 2 3 28938 224
0x0000723b3d9e9a80 0x0000000788f43a80 0 0 1 0 0 2 3 28938 232
0x0000723b3d9e9b00 0x0000000788f43b00 0 1 1 0 0 2 3 28938 224
0x0000723b3d9e9b80 0x0000000788f43b80 0 1 1 0 0 2 3 28938 232
0x0000723b3d9e9c00 0x0000000788f43c00 0 0 0 0 0 2 3 28938 240
0x0000723b3d9e9c80 0x0000000788f43c80 0 0 0 0 0 2 3 28938 248
0x0000723b3d9e9d00 0x0000000788f43d00 0 1 0 0 0 2 3 28938 240
0x0000723b3d9e9d80 0x0000000788f43d80 0 1 0 0 0 2 3 28938 248
0x0000723b3d9e9e00 0x0000000788f43e00 0 0 1 0 0 2 3 28938 240
0x0000723b3d9e9e80 0x0000000788f43e80 0 0 1 0 0 2 3 28938 248
0x0000723b3d9e9f00 0x0000000788f43f00 0 1 1 0 0 2 3 28938 240
0x0000723b3d9e9f80 0x0000000788f43f80 0 1 1 0 0 2 3 28938 248
0x0000723b3d9eb000 0x0000000d54f4c000 0 0 0 0 1 2 3 51866 256
0x0000723b3d9eb080 0x0000000d54f4c080 0 0 0 0 1 2 3 51866 264
0x0000723b3d9eb100 0x0000000d54f4c100 0 1 0 0 1 2 3 51866 256
0x0000723b3d9eb180 0x0000000d54f4c180 0 1 0 0 1 2 3 51866 264
0x0000723b3d9eb200 0x0000000d54f4c200 0 0 1 0 1 2 3 51866 256
0x0000723b3d9eb280 0x0000000d54f4c280 0 0 1 0 1 2 3 51866 264
0x0000723b3d9eb300 0x0000000d54f4c300 0 1 1 0 1 2 3 51866 256
0x0000723b3d9eb380 0x0000000d54f4c380 0 1 1 0 1 2 3 51866 264
0x0000723b3d9eb400 0x0000000d54f4c400 0 0 0 0 1 2 3 51866 272
0x0000723b3d9eb480 0x0000000d54f4c480 0 0 0 0 1 2 3 51866 280
0x0000723b3d9eb500 0x0000000d54f4c500 0 1 0 0 1 2 3 51866 272
0x0000723b3d9eb580 0x0000000d54f4c580 0 1 0 0 1 2 3 51866 280
0x0000723b3d9eb600 0x0000000d54f4c600 0 0 1 0 1 2 3 51866 272
0x0000723b3d9eb680 0x0000000d54f4c680 0 0 1 0 1 2 3 51866 280
0x0000723b3d9eb700 0x0000000d54f4c700 0 1 1 0 1 2 3 51866 272
0x0000723b3d9eb780 0x0000000d54f4c780 0 1 1 0 1 2 3 51866 280
0x0000723b3d9eb800 0x0000000d54f4c800 0 0 0 0 1 2 3 51866 288
0x0000723b3d9eb880 0x0000000d54f4c880 0 0 0 0 1 2 3 51866 296
0x0000723b3d9eb900 0x0000000d54f4c900 0 1 0 0 1 2 3 51866 288
0x0000723b3d9eb980 0x0000000d54f4c980 0 1 0 0 1 2 3 51866 296
0x0000723b3d9eba00 0x0000000d54f4ca00 0 0 1 0 1 2 3 51866 288
0x0000723b3d9eba80 0x0000000d54f4ca80 0 0 1 0 1 2 3 51866 296
0x0000723b3d9ebb00 0x0000000d54f4cb00 0 1 1 0 1 2 3 51866 288
0x0000723b3d9ebb80 0x0000000d54f4cb80 0 1 1 0 1 2 3 51866 296
0x0000723b3d9ebc00 0x0000000d54f4cc00 0 0 0 0 1 2 3 51866 304
0x0000723b3d9ebc80 0x0000000d54f4cc80 0 0 0 0 1 2 3 51866 312
0x0000723b3d9ebd00 0x0000000d54f4cd00 0 1 0 0 1 2 3 51866 304
0x0000723b3d9ebd80 0x0000000d54f4cd80 0 1 0 0 1 2 3 51866 312
0x0000723b3d9ebe00 0x0000000d54f4ce00 0 0 1 0 1 2 3 51866 304
0x0000723b3d9ebe80 0x0000000d54f4ce80 0 0 1 0 1 2 3 51866 312
0x0000723b3d9ebf00 0x0000000d54f4cf00 0 1 1 0 1 2 3 51866 304
0x0000723b3d9ebf80 0x0000000d54f4cf80 0 1 1 0 1 2 3 51866 312
0x0000723b3d9f4000 0x0000000ca9f8e000 0 0 0 0 1 2 3 50476 384
0x0000723b3d9f4080 0x0000000ca9f8e080 0 0 0 0 1 2 3 50476 392
0x0000723b3d9f4100 0x0000000ca9f8e100 0 1 0 0 1 2 3 50476 384
0x0000723b3d9f4180 0x0000000ca9f8e180 0 1 0 0 1 2 3 50476 392
0x0000723b3d9f4200 0x0000000ca9f8e200 0 0 1 0 1 2 3 50476 384
0x0000723b3d9f4280 0x0000000ca9f8e280 0 0 1 0 1 2 3 50476 392
0x0000723b3d9f4300 0x0000000ca9f8e300 0 1 1 0 1 2 3 50476 384
0x0000723b3d9f4380 0x0000000ca9f8e380 0 1 1 0 1 2 3 50476 392
0x0000723b3d9f4400 0x0000000ca9f8e400 0 0 0 0 1 2 3 50476 400
0x0000723b3d9f4480 0x0000000ca9f8e480 0 0 0 0 1 2 3 50476 408
0x0000723b3d9f4500 0x0000000ca9f8e500 0 1 0 0 1 2 3 50476 400
0x0000723b3d9f4580 0x0000000ca9f8e580 0 1 0 0 1 2 3 50476 408
0x0000723b3d9f4600 0x0000000ca9f8e600 0 0 1 0 1 2 3 50476 400
0x0000723b3d9f4680 0x0000000ca9f8e680 0 0 1 0 1 2 3 50476 408
0x0000723b3d9f4700 0x0000000ca9f8e700 0 1 1 0 1 2 3 50476 400
0x0000723b3d9f4780 0x0000000ca9f8e780 0 1 1 0 1 2 3 50476 408
0x0000723b3d9f4800 0x0000000ca9f8e800 0 0 0 0 1 2 3 50476 416
0x0000723b3d9f4880 0x0000000ca9f8e880 0 0 0 0 1 2 3 50476 424
0x0000723b3d9f4900 0x0000000ca9f8e900 0 1 0 0 1 2 3 50476 416
0x0000723b3d9f4980 0x0000000ca9f8e980 0 1 0 0 1 2 3 50476 424
0x0000723b3d9f4a00 0x0000000ca9f8ea00 0 0 1 0 1 2 3 50476 416
0x0000723b3d9f4a80 0x0000000ca9f8ea80 0 0 1 0 1 2 3 50476 424
0x0000723b3d9f4b00 0x0000000ca9f8eb00 0 1 1 0 1 2 3 50476 416
0x0000723b3d9f4b80 0x0000000ca9f8eb80 0 1 1 0 1 2 3 50476 424
0x0000723b3d9f4c00 0x0000000ca9f8ec00 0 0 0 0 1 2 3 50476 432
0x0000723b3d9f4c80 0x0000000ca9f8ec80 0 0 0 0 1 2 3 50476 440
0x0000723b3d9f4d00 0x0000000ca9f8ed00 0 1 0 0 1 2 3 50476 432
0x0000723b3d9f4d80 0x0000000ca9f8ed80 0 1 0 0 1 2 3 50476 440
0x0000723b3d9f4e00 0x0000000ca9f8ee00 0 0 1 0 1 2 3 50476 432
0x0000723b3d9f4e80 0x0000000ca9f8ee80 0 0 1 0 1 2 3 50476 440
0x0000723b3d9f4f00 0x0000000ca9f8ef00 0 1 1 0 1 2 3 50476 432
0x0000723b3d9f4f80 0x0000000ca9f8ef80 0 1 1 0 1 2 3 50476 440
0x0000723b3da03000 0x0000000d54f4e000 0 0 0 0 1 2 3 51866 384
0x0000723b3da03080 0x0000000d54f4e080 0 0 0 0 1 2 3 51866 392
0x0000723b3da03100 0x0000000d54f4e100 0 1 0 0 1 2 3 51866 384
0x0000723b3da03180 0x0000000d54f4e180 0 1 0 0 1 2 3 51866 392
0x0000723b3da03200 0x0000000d54f4e200 0 0 1 0 1 2 3 51866 384
0x0000723b3da03280 0x0000000d54f4e280 0 0 1 0 1 2 3 51866 392
0x0000723b3da03300 0x0000000d54f4e300 0 1 1 0 1 2 3 51866 384
0x0000723b3da03380 0x0000000d54f4e380 0 1 1 0 1 2 3 51866 392
0x0000723b3da03400 0x0000000d54f4e400 0 0 0 0 1 2 3 51866 400
0x0000723b3da03480 0x0000000d54f4e480 0 0 0 0 1 2 3 51866 408
0x0000723b3da03500 0x0000000d54f4e500 0 1 0 0 1 2 3 51866 400
0x0000723b3da03580 0x0000000d54f4e580 0 1 0 0 1 2 3 51866 408
0x0000723b3da03600 0x0000000d54f4e600 0 0 1 0 1 2 3 51866 400
0x0000723b3da03680 0x0000000d54f4e680 0 0 1 0 1 2 3 51866 408
0x0000723b3da03700 0x0000000d54f4e700 0 1 1 0 1 2 3 51866 400
0x0000723b3da03780 0x0000000d54f4e780 0 1 1 0 1 2 3 51866 408
0x0000723b3da03800 0x0000000d54f4e800 0 0 0 0 1 2 3 51866 416
0x0000723b3da03880 0x0000000d54f4e880 0 0 0 0 1 2 3 51866 424
0x0000723b3da03900 0x0000000d54f4e900 0 1 0 0 1 2 3 51866 416
0x0000723b3da03980 0x0000000d54f4e980 0 1 0 0 1 2 3 51866 424
0x0000723b3da03a00 0x0000000d54f4ea00 0 0 1 0 1 2 3 51866 416
0x0000723b3da03a80 0x0000000d54f4ea80 0 0 1 0 1 2 3 51866 424
0x0000723b3da03b00 0x0000000d54f4eb00 0 1 1 0 1 2 3 51866 416
0x0000723b3da03b80 0x0000000d54f4eb80 0 1 1 0 1 2 3 51866 424
0x0000723b3da03c00 0x0000000d54f4ec00 0 0 0 0 1 2 3 51866 432
0x0000723b3da03c80 0x0000000d54f4ec80 0 0 0 0 1 2 3 51866 440
0x0000723b3da03d00 0x0000000d54f4ed00 0 1 0 0 1 2 3 51866 432
0x0000723b3da03d80 0x0000000d54f4ed80 0 1 0 0 1 2 3 51866 440
0x0000723b3da03e00 0x0000000d54f4ee00 0 0 1 0 1 2 3 51866 432
0x0000723b3da03e80 0x0000000d54f4ee80 0 0 1 0 1 2 3 51866 440
0x0000723b3da03f00 0x0000000d54f4ef00 0 1 1 0 1 2 3 51866 432
0x0000723b3da03f80 0x0000000d54f4ef80 0 1 1 0 1 2 3 51866 440
0x0000723b3da0e000 0x0000000560fe5000 0 0 0 0 0 2 3 19487 320
0x0000723b3da0e080 0x0000000560fe5080 0 0 0 0 0 2 3 19487 328
0x0000723b3da0e100 0x0000000560fe5100 0 1 0 0 0 2 3 19487 320
0x0000723b3da0e180 0x0000000560fe5180 0 1 0 0 0 2 3 19487 328
0x0000723b3da0e200 0x0000000560fe5200 0 0 1 0 0 2 3 19487 320
0x0000723b3da0e280 0x0000000560fe5280 0 0 1 0 0 2 3 19487 328
0x0000723b3da0e300 0x0000000560fe5300 0 1 1 0 0 2 3 19487 320
0x0000723b3da0e380 0x0000000560fe5380 0 1 1 0 0 2 3 19487 328
0x0000723b3da0e400 0x0000000560fe5400 0 0 0 0 0 2 3 19487 336
0x0000723b3da0e480 0x0000000560fe5480 0 0 0 0 0 2 3 19487 344
0x0000723b3da0e500 0x0000000560fe5500 0 1 0 0 0 2 3 19487 336
0x0000723b3da0e580 0x0000000560fe5580 0 1 0 0 0 2 3 19487 344
0x0000723b3da0e600 0x0000000560fe5600 0 0 1 0 0 2 3 19487 336
0x0000723b3da0e680 0x0000000560fe5680 0 0 1 0 0 2 3 19487 344
0x0000723b3da0e700 0x0000000560fe5700 0 1 1 0 0 2 3 19487 336
0x0000723b3da0e780 0x0000000560fe5780 0 1 1 0 0 2 3 19487 344
0x0000723b3da0e800 0x0000000560fe5800 0 0 0 0 0 2 3 19487 352
0x0000723b3da0e880 0x0000000560fe5880 0 0 0 0 0 2 3 19487 360
0x0000723b3da0e900 0x0000000560fe5900 0 1 0 0 0 2 3 19487 352
0x0000723b3da0e980 0x0000000560fe5980 0 1 0 0 0 2 3 19487 360
0x0000723b3da0ea00 0x0000000560fe5a00 0 0 1 0 0 2 3 19487 352
0x0000723b3da0ea80 0x0000000560fe5a80 0 0 1 0 0 2 3 19487 360
0x0000723b3da0eb00 0x0000000560fe5b00 0 1 1 0 0 2 3 19487 352
0x0000723b3da0eb80 0x0000000560fe5b80 0 1 1 0 0 2 3 19487 360
0x0000723b3da0ec00 0x0000000560fe5c00 0 0 0 0 0 2 3 19487 368
0x0000723b3da0ec80 0x0000000560fe5c80 0 0 0 0 0 2 3 19487 376
0x0000723b3da0ed00 0x0000000560fe5d00 0 1 0 0 0 2 3 19487 368
0x0000723b3da0ed80 0x0000000560fe5d80 0 1 0 0 0 2 3 19487 376
0x0000723b3da0ee00 0x0000000560fe5e00 0 0 1 0 0 2 3 19487 368
0x0000723b3da0ee80 0x0000000560fe5e80 0 0 1 0 0 2 3 19487 376
0x0000723b3da0ef00 0x0000000560fe5f00 0 1 1 0 0 2 3 19487 368
0x0000723b3da0ef80 0x0000000560fe5f80 0 1 1 0 0 2 3 19487 376
0x0000723b3da15000 0x0000000856f4b000 0 0 0 0 1 2 3 31450 192
0x0000723b3da15080 0x0000000856f4b080 0 0 0 0 1 2 3 31450 200
0x0000723b3da15100 0x0000000856f4b100 0 1 0 0 1 2 3 31450 192
0x0000723b3da15180 0x0000000856f4b180 0 1 0 0 1 2 3 31450 200
0x0000723b3da15200 0x0000000856f4b200 0 0 1 0 1 2 3 31450 192
0x0000723b3da15280 0x0000000856f4b280 0 0 1 0 1 2 3 31450 200
0x0000723b3da15300 0x0000000856f4b300 0 1 1 0 1 2 3 31450 192
0x0000723b3da15380 0x0000000856f4b380 0 1 1 0 1 2 3 31450 200
0x0000723b3da15400 0x0000000856f4b400 0 0 0 0 1 2 3 31450 208
0x0000723b3da15480 0x0000000856f4b480 0 0 0 0 1 2 3 31450 216
0x0000723b3da15500 0x0000000856f4b500 0 1 0 0 1 2 3 31450 208
0x0000723b3da15580 0x0000000856f4b580 0 1 0 0 1 2 3 31450 216
0x0000723b3da15600 0x0000000856f4b600 0 0 1 0 1 2 3 31450 208
0x0000723b3da15680 0x0000000856f4b680 0 0 1 0 1 2 3 31450 216
0x0000723b3da15700 0x0000000856f4b700 0 1 1 0 1 2 3 31450 208
0x0000723b3da15780 0x0000000856f4b780 0 1 1 0 1 2 3 31450 216
0x0000723b3da15800 0x0000000856f4b800 0 0 0 0 1 2 3 31450 224
0x0000723b3da15880 0x0000000856f4b880 0 0 0 0 1 2 3 31450 232
0x0000723b3da15900 0x0000000856f4b900 0 1 0 0 1 2 3 31450 224
0x0000723b3da15980 0x0000000856f4b980 0 1 0 0 1 2 3 31450 232
0x0000723b3da15a00 0x0000000856f4ba00 0 0 1 0 1 2 3 31450 224
0x0000723b3da15a80 0x0000000856f4ba80 0 0 1 0 1 2 3 31450 232
0x0000723b3da15b00 0x0000000856f4bb00 0 1 1 0 1 2 3 31450 224
0x0000723b3da15b80 0x0000000856f4bb80 0 1 1 0 1 2 3 31450 232
0x0000723b3da15c00 0x0000000856f4bc00 0 0 0 0 1 2 3 31450 240
0x0000723b3da15c80 0x0000000856f4bc80 0 0 0 0 1 2 3 31450 248
0x0000723b3da15d00 0x0000000856f4bd00 0 1 0 0 1 2 3 31450 240
0x0000723b3da15d80 0x0000000856f4bd80 0 1 0 0 1 2 3 31450 248
0x0000723b3da15e00 0x0000000856f4be00 0 0 1 0 1 2 3 31450 240
0x0000723b3da15e80 0x0000000856f4be80 0 0 1 0 1 2 3 31450 248
0x0000723b3da15f00 0x0000000856f4bf00 0 1 1 0 1 2 3 31450 240
0x0000723b3da15f80 0x0000000856f4bf80 0 1 1 0 1 2 3 31450 248
0x0000723b3da1e000 0x0000000a3c7f4000 0 0 0 0 0 2 3 38807 768
0x0000723b3da1e080 0x0000000a3c7f4080 0 0 0 0 0 2 3 38807 776
0x0000723b3da1e100 0x0000000a3c7f4100 0 1 0 0 0 2 3 38807 768
0x0000723b3da1e180 0x0000000a3c7f4180 0 1 0 0 0 2 3 38807 776
0x0000723b3da1e200 0x0000000a3c7f4200 0 0 1 0 0 2 3 38807 768
0x0000723b3da1e280 0x0000000a3c7f4280 0 0 1 0 0 2 3 38807 776
0x0000723b3da1e300 0x0000000a3c7f4300 0 1 1 0 0 2 3 38807 768
0x0000723b3da1e380 0x0000000a3c7f4380 0 1 1 0 0 2 3 38807 776
0x0000723b3da1e400 0x0000000a3c7f4400 0 0 0 0 0 2 3 38807 784
0x0000723b3da1e480 0x0000000a3c7f4480 0 0 0 0 0 2 3 38807 792
0x0000723b3da1e500 0x0000000a3c7f4500 0 1 0 0 0 2 3 38807 784
0x0000723b3da1e580 0x0000000a3c7f4580 0 1 0 0 0 2 3 38807 792
0x0000723b3da1e600 0x0000000a3c7f4600 0 0 1 0 0 2 3 38807 784
0x0000723b3da1e680 0x0000000a3c7f4680 0 0 1 0 0 2 3 38807 792
0x0000723b3da1e700 0x0000000a3c7f4700 0 1 1 0 0 2 3 38807 784
0x0000723b3da1e780 0x0000000a3c7f4780 0 1 1 0 0 2 3 38807 792
0x0000723b3da1e800 0x0000000a3c7f4800 0 0 0 0 0 2 3 38807 800
0x0000723b3da1e880 0x0000000a3c7f4880 0 0 0 0 0 2 3 38807 808
0x0000723b3da1e900 0x0000000a3c7f4900 0 1 0 0 0 2 3 38807 800
0x0000723b3da1e980 0x0000000a3c7f4980 0 1 0 0 0 2 3 38807 808
0x0000723b3da1ea00 0x0000000a3c7f4a00 0 0 1 0 0 2 3 38807 800
0x0000723b3da1ea80 0x0000000a3c7f4a80 0 0 1 0 0 2 3 38807 808
0x0000723b3da1eb00 0x0000000a3c7f4b00 0 1 1 0 0 2 3 38807 800
0x0000723b3da1eb80 0x0000000a3c7f4b80 0 1 1 0 0 2 3 38807 808
0x0000723b3da1ec00 0x0000000a3c7f4c00 0 0 0 0 0 2 3 38807 816
0x0000723b3da1ec80 0x0000000a3c7f4c80 0 0 0 0 0 2 3 38807 824
0x0000723b3da1ed00 0x0000000a3c7f4d00 0 1 0 0 0 2 3 38807 816
0x0000723b3da1ed80 0x0000000a3c7f4d80 0 1 0 0 0 2 3 38807 824
0x0000723b3da1ee00 0x0000000a3c7f4e00 0 0 1 0 0 2 3 38807 816
0x0000723b3da1ee80 0x0000000a3c7f4e80 0 0 1 0 0 2 3 38807 824
0x0000723b3da1ef00 0x0000000a3c7f4f00 0 1 1 0 0 2 3 38807 816
0x0000723b3da1ef80 0x0000000a3c7f4f80 0 1 1 0 0 2 3 38807 824
0x0000723b3da25000 0x0000000a3c7f7000 0 0 0 0 0 2 3 38807 960
0x0000723b3da25080 0x0000000a3c7f7080 0 0 0 0 0 2 3 38807 968
0x0000723b3da25100 0x0000000a3c7f7100 0 1 0 0 0 2 3 38807 960
0x0000723b3da25180 0x0000000a3c7f7180 0 1 0 0 0 2 3 38807 968
0x0000723b3da25200 0x0000000a3c7f7200 0 0 1 0 0 2 3 38807 960
0x0000723b3da25280 0x0000000a3c7f7280 0 0 1 0 0 2 3 38807 968
0x0000723b3da25300 0x0000000a3c7f7300 0 1 1 0 0 2 3 38807 960
0x0000723b3da25380 0x0000000a3c7f7380 0 1 1 0 0 2 3 38807 968
0x0000723b3da25400 0x0000000a3c7f7400 0 0 0 0 0 2 3 38807 976
0x0000723b3da25480 0x0000000a3c7f7480 0 0 0 0 0 2 3 38807 984
0x0000723b3da25500 0x0000000a3c7f7500 0 1 0 0 0 2 3 38807 976
0x0000723b3da25580 0x0000000a3c7f7580 0 1 0 0 0 2 3 38807 984
0x0000723b3da25600 0x0000000a3c7f7600 0 0 1 0 0 2 3 38807 976
0x0000723b3da25680 0x0000000a3c7f7680 0 0 1 0 0 2 3 38807 984
0x0000723b3da25700 0x0000000a3c7f7700 0 1 1 0 0 2 3 38807 976
0x0000723b3da25780 0x0000000a3c7f7780 0 1 1 0 0 2 3 38807 984
0x0000723b3da25800 0x0000000a3c7f7800 0 0 0 0 0 2 3 38807 992
0x0000723b3da25880 0x0000000a3c7f7880 0 0 0 0 0 2 3 38807 1000
0x0000723b3da25900 0x0000000a3c7f7900 0 1 0 0 0 2 3 38807 992
0x0000723b3da25980 0x0000000a3c7f7980 0 1 0 0 0 2 3 38807 1000
0x0000723b3da25a00 0x0000000a3c7f7a00 0 0 1 0 0 2 3 38807 992
0x0000723b3da25a80 0x0000000a3c7f7a80 0 0 1 0 0 2 3 38807 1000
0x0000723b3da25b00 0x0000000a3c7f7b00 0 1 1 0 0 2 3 38807 992
0x0000723b3da25b80 0x0000000a3c7f7b80 0 1 1 0 0 2 3 38807 1000
0x0000723b3da25c00 0x0000000a3c7f7c00 0 0 0 0 0 2 3 38807 1008
0x0000723b3da25c80 0x0000000a3c7f7c80 0 0 0 0 0 2 3 38807 1016
0x0000723b3da25d00 0x0000000a3c7f7d00 0 1 0 0 0 2 3 38807 1008
0x0000723b3da25d80 0x0000000a3c7f7d80 0 1 0 0 0 2 3 38807 1016
0x0000723b3da25e00 0x0000000a3c7f7e00 0 0 1 0 0 2 3 38807 1008
0x0000723b3da25e80 0x0000000a3c7f7e80 0 0 1 0 0 2 3 38807 1016
0x0000723b3da25f00 0x0000000a3c7f7f00 0 1 1 0 0 2 3 38807 1008
0x0000723b3da25f80 0x0000000a3c7f7f80 0 1 1 0 0 2 3 38807 1016
0x0000723b3da2a000 0x0000000788f42000 0 0 0 0 0 2 3 28938 128
0x0000723b3da2a080 0x0000000788f42080 0 0 0 0 0 2 3 28938 136
0x0000723b3da2a100 0x0000000788f42100 0 1 0 0 0 2 3 28938 128
0x0000723b3da2a180 0x0000000788f42180 0 1 0 0 0 2 3 28938 136
0x0000723b3da2a200 0x0000000788f42200 0 0 1 0 0 2 3 28938 128
0x0000723b3da2a280 0x0000000788f42280 0 0 1 0 0 2 3 28938 136
0x0000723b3da2a300 0x0000000788f42300 0 1 1 0 0 2 3 28938 128
0x0000723b3da2a380 0x0000000788f42380 0 1 1 0 0 2 3 28938 136
0x0000723b3da2a400 0x0000000788f42400 0 0 0 0 0 2 3 28938 144
0x0000723b3da2a480 0x0000000788f42480 0 0 0 0 0 2 3 28938 152
0x0000723b3da2a500 0x0000000788f42500 0 1 0 0 0 2 3 28938 144
0x0000723b3da2a580 0x0000000788f42580 0 1 0 0 0 2 3 28938 152
0x0000723b3da2a600 0x0000000788f42600 0 0 1 0 0 2 3 28938 144
0x0000723b3da2a680 0x0000000788f42680 0 0 1 0 0 2 3 28938 152
0x0000723b3da2a700 0x0000000788f42700 0 1 1 0 0 2 3 28938 144
0x0000723b3da2a780 0x0000000788f42780 0 1 1 0 0 2 3 28938 152
0x0000723b3da2a800 0x0000000788f42800 0 0 0 0 0 2 3 28938 160
0x0000723b3da2a880 0x0000000788f42880 0 0 0 0 0 2 3 28938 168
0x0000723b3da2a900 0x0000000788f42900 0 1 0 0 0 2 3 28938 160
0x0000723b3da2a980 0x0000000788f42980 0 1 0 0 0 2 3 28938 168
0x0000723b3da2aa00 0x0000000788f42a00 0 0 1 0 0 2 3 28938 160
0x0000723b3da2aa80 0x0000000788f42a80 0 0 1 0 0 2 3 28938 168
0x0000723b3da2ab00 0x0000000788f42b00 0 1 1 0 0 2 3 28938 160
0x0000723b3da2ab80 0x0000000788f42b80 0 1 1 0 0 2 3 28938 168
0x0000723b3da2ac00 0x0000000788f42c00 0 0 0 0 0 2 3 28938 176
0x0000723b3da2ac80 0x0000000788f42c80 0 0 0 0 0 2 3 28938 184
0x0000723b3da2ad00 0x0000000788f42d00 0 1 0 0 0 2 3 28938 176
0x0000723b3da2ad80 0x0000000788f42d80 0 1 0 0 0 2 3 28938 184
0x0000723b3da2ae00 0x0000000788f42e00 0 0 1 0 0 2 3 28938 176
0x0000723b3da2ae80 0x0000000788f42e80 0 0 1 0 0 2 3 28938 184
0x0000723b3da2af00 0x0000000788f42f00 0 1 1 0 0 2 3 28938 176
0x0000723b3da2af80 0x0000000788f42f80 0 1 1 0 0 2 3 28938 184
0x0000723b3da2d000 0x0000000e3273b000 0 0 0 0 1 2 3 54865 704
0x0000723b3da2d080 0x0000000e3273b080 0 0 0 0 1 2 3 54865 712
0x0000723b3da2d100 0x0000000e3273b100 0 1 0 0 1 2 3 54865 704
0x0000723b3da2d180 0x0000000e3273b180 0 1 0 0 1 2 3 54865 712
0x0000723b3da2d200 0x0000000e3273b200 0 0 1 0 1 2 3 54865 704
0x0000723b3da2d280 0x0000000e3273b280 0 0 1 0 1 2 3 54865 712
0x0000723b3da2d300 0x0000000e3273b300 0 1 1 0 1 2 3 54865 704
0x0000723b3da2d380 0x0000000e3273b380 0 1 1 0 1 2 3 54865 712
0x0000723b3da2d400 0x0000000e3273b400 0 0 0 0 1 2 3 54865 720
0x0000723b3da2d480 0x0000000e3273b480 0 0 0 0 1 2 3 54865 728
0x0000723b3da2d500 0x0000000e3273b500 0 1 0 0 1 2 3 54865 720
0x0000723b3da2d580 0x0000000e3273b580 0 1 0 0 1 2 3 54865 728
0x0000723b3da2d600 0x0000000e3273b600 0 0 1 0 1 2 3 54865 720
0x0000723b3da2d680 0x0000000e3273b680 0 0 1 0 1 2 3 54865 728
0x0000723b3da2d700 0x0000000e3273b700 0 1 1 0 1 2 3 54865 720
0x0000723b3da2d780 0x0000000e3273b780 0 1 1 0 1 2 3 54865 728
0x0000723b3da2d800 0x0000000e3273b800 0 0 0 0 1 2 3 54865 736
0x0000723b3da2d880 0x0000000e3273b880 0 0 0 0 1 2 3 54865 744
0x0000723b3da2d900 0x0000000e3273b900 0 1 0 0 1 2 3 54865 736
0x0000723b3da2d980 0x0000000e3273b980 0 1 0 0 1 2 3 54865 744
0x0000723b3da2da00 0x0000000e3273ba00 0 0 1 0 1 2 3 54865 736
0x0000723b3da2da80 0x0000000e3273ba80 0 0 1 0 1 2 3 54865 744
0x0000723b3da2db00 0x0000000e3273bb00 0 1 1 0 1 2 3 54865 736
0x0000723b3da2db80 0x0000000e3273bb80 0 1 1 0 1 2 3 54865 744
0x0000723b3da2dc00 0x0000000e3273bc00 0 0 0 0 1 2 3 54865 752
0x0000723b3da2dc80 0x0000000e3273bc80 0 0 0 0 1 2 3 54865 760
0x0000723b3da2dd00 0x0000000e3273bd00 0 1 0 0 1 2 3 54865 752
0x0000723b3da2dd80 0x0000000e3273bd80 0 1 0 0 1 2 3 54865 760
0x0000723b3da2de00 0x0000000e3273be00 0 0 1 0 1 2 3 54865 752
0x0000723b3da2de80 0x0000000e3273be80 0 0 1 0 1 2 3 54865 760
0x0000723b3da2df00 0x0000000e3273bf00 0 1 1 0 1 2 3 54865 752
0x0000723b3da2df80 0x0000000e3273bf80 0 1 1 0 1 2 3 54865 760
0x0000723b3da35000 0x00000007777c1000 0 0 0 0 0 2 3 28406 64
0x0000723b3da35080 0x00000007777c1080 0 0 0 0 0 2 3 28406 72
0x0000723b3da35100 0x00000007777c1100 0 1 0 0 0 2 3 28406 64
0x0000723b3da35180 0x00000007777c1180 0 1 0 0 0 2 3 28406 72
0x0000723b3da35200 0x00000007777c1200 0 0 1 0 0 2 3 28406 64
0x0000723b3da35280 0x00000007777c1280 0 0 1 0 0 2 3 28406 72
0x0000723b3da35300 0x00000007777c1300 0 1 1 0 0 2 3 28406 64
0x0000723b3da35380 0x00000007777c1380 0 1 1 0 0 2 3 28406 72
0x0000723b3da35400 0x00000007777c1400 0 0 0 0 0 2 3 28406 80
0x0000723b3da35480 0x00000007777c1480 0 0 0 0 0 2 3 28406 88
0x0000723b3da35500 0x00000007777c1500 0 1 0 0 0 2 3 28406 80
0x0000723b3da35580 0x00000007777c1580 0 1 0 0 0 2 3 28406 88
0x0000723b3da35600 0x00000007777c1600 0 0 1 0 0 2 3 28406 80
0x0000723b3da35680 0x00000007777c1680 0 0 1 0 0 2 3 28406 88
0x0000723b3da35700 0x00000007777c1700 0 1 1 0 0 2 3 28406 80
0x0000723b3da35780 0x00000007777c1780 0 1 1 0 0 2 3 28406 88
0x0000723b3da35800 0x00000007777c1800 0 0 0 0 0 2 3 28406 96
0x0000723b3da35880 0x00000007777c1880 0 0 0 0 0 2 3 28406 104
0x0000723b3da35900 0x00000007777c1900 0 1 0 0 0 2 3 28406 96
0x0000723b3da35980 0x00000007777c1980 0 1 0 0 0 2 3 28406 104
0x0000723b3da35a00 0x00000007777c1a00 0 0 1 0 0 2 3 28406 96
0x0000723b3da35a80 0x00000007777c1a80 0 0 1 0 0 2 3 28406 104
0x0000723b3da35b00 0x00000007777c1b00 0 1 1 0 0 2 3 28406 96
0x0000723b3da35b80 0x00000007777c1b80 0 1 1 0 0 2 3 28406 104
0x0000723b3da35c00 0x00000007777c1c00 0 0 0 0 0 2 3 28406 112
0x0000723b3da35c80 0x00000007777c1c80 0 0 0 0 0 2 3 28406 120
0x0000723b3da35d00 0x00000007777c1d00 0 1 0 0 0 2 3 28406 112
0x0000723b3da35d80 0x00000007777c1d80 0 1 0 0 0 2 3 28406 120
0x0000723b3da35e00 0x00000007777c1e00 0 0 1 0 0 2 3 28406 112
0x0000723b3da35e80 0x00000007777c1e80 0 0 1 0 0 2 3 28406 120
0x0000723b3da35f00 0x00000007777c1f00 0 1 1 0 0 2 3 28406 112
0x0000723b3da35f80 0x00000007777c1f80 0 1 1 0 0 2 3 28406 120
0x0000723b3da39000 0x0000000d54f4d000 0 0 0 0 1 2 3 51866 320
0x0000723b3da39080 0x0000000d54f4d080 0 0 0 0 1 2 3 51866 328
0x0000723b3da39100 0x0000000d54f4d100 0 1 0 0 1 2 3 51866 320
0x0000723b3da39180 0x0000000d54f4d180 0 1 0 0 1 2 3 51866 328
0x0000723b3da39200 0x0000000d54f4d200 0 0 1 0 1 2 3 51866 320
0x0000723b3da39280 0x0000000d54f4d280 0 0 1 0 1 2 3 51866 328
0x0000723b3da39300 0x0000000d54f4d300 0 1 1 0 1 2 3 51866 320
0x0000723b3da39380 0x0000000d54f4d380 0 1 1 0 1 2 3 51866 328
0x0000723b3da39400 0x0000000d54f4d400 0 0 0 0 1 2 3 51866 336
0x0000723b3da39480 0x0000000d54f4d480 0 0 0 0 1 2 3 51866 344
0x0000723b3da39500 0x0000000d54f4d500 0 1 0 0 1 2 3 51866 336
0x0000723b3da39580 0x0000000d54f4d580 0 1 0 0 1 2 3 51866 344
0x0000723b3da39600 0x0000000d54f4d600 0 0 1 0 1 2 3 51866 336
0x0000723b3da39680 0x0000000d54f4d680 0 0 1 0 1 2 3 51866 344
0x0000723b3da39700 0x0000000d54f4d700 0 1 1 0 1 2 3 51866 336
0x0000723b3da39780 0x0000000d54f4d780 0 1 1 0 1 2 3 51866 344
0x0000723b3da39800 0x0000000d54f4d800 0 0 0 0 1 2 3 51866 352
0x0000723b3da39880 0x0000000d54f4d880 0 0 0 0 1 2 3 51866 360
0x0000723b3da39900 0x0000000d54f4d900 0 1 0 0 1 2 3 51866 352
0x0000723b3da39980 0x0000000d54f4d980 0 1 0 0 1 2 3 51866 360
0x0000723b3da39a00 0x0000000d54f4da00 0 0 1 0 1 2 3 51866 352
0x0000723b3da39a80 0x0000000d54f4da80 0 0 1 0 1 2 3 51866 360
0x0000723b3da39b00 0x0000000d54f4db00 0 1 1 0 1 2 3 51866 352
0x0000723b3da39b80 0x0000000d54f4db80 0 1 1 0 1 2 3 51866 360
0x0000723b3da39c00 0x0000000d54f4dc00 0 0 0 0 1 2 3 51866 368
0x0000723b3da39c80 0x0000000d54f4dc80 0 0 0 0 1 2 3 51866 376
0x0000723b3da39d00 0x0000000d54f4dd00 0 1 0 0 1 2 3 51866 368
0x0000723b3da39d80 0x0000000d54f4dd80 0 1 0 0 1 2 3 51866 376
0x0000723b3da39e00 0x0000000d54f4de00 0 0 1 0 1 2 3 51866 368
0x0000723b3da39e80 0x0000000d54f4de80 0 0 1 0 1 2 3 51866 376
0x0000723b3da39f00 0x0000000d54f4df00 0 1 1 0 1 2 3 51866 368
0x0000723b3da39f80 0x0000000d54f4df80 0 1 1 0 1 2 3 51866 376
0x0000723b3da4a000 0x0000000d54f4f000 0 0 0 0 1 2 3 51866 448
0x0000723b3da4a080 0x0000000d54f4f080 0 0 0 0 1 2 3 51866 456
0x0000723b3da4a100 0x0000000d54f4f100 0 1 0 0 1 2 3 51866 448
0x0000723b3da4a180 0x0000000d54f4f180 0 1 0 0 1 2 3 51866 456
0x0000723b3da4a200 0x0000000d54f4f200 0 0 1 0 1 2 3 51866 448
0x0000723b3da4a280 0x0000000d54f4f280 0 0 1 0 1 2 3 51866 456
0x0000723b3da4a300 0x0000000d54f4f300 0 1 1 0 1 2 3 51866 448
0x0000723b3da4a380 0x0000000d54f4f380 0 1 1 0 1 2 3 51866 456
0x0000723b3da4a400 0x0000000d54f4f400 0 0 0 0 1 2 3 51866 464
0x0000723b3da4a480 0x0000000d54f4f480 0 0 0 0 1 2 3 51866 472
0x0000723b3da4a500 0x0000000d54f4f500 0 1 0 0 1 2 3 51866 464
0x0000723b3da4a580 0x0000000d54f4f580 0 1 0 0 1 2 3 51866 472
0x0000723b3da4a600 0x0000000d54f4f600 0 0 1 0 1 2 3 51866 464
0x0000723b3da4a680 0x0000000d54f4f680 0 0 1 0 1 2 3 51866 472
0x0000723b3da4a700 0x0000000d54f4f700 0 1 1 0 1 2 3 51866 464
0x0000723b3da4a780 0x0000000d54f4f780 0 1 1 0 1 2 3 51866 472
0x0000723b3da4a800 0x0000000d54f4f800 0 0 0 0 1 2 3 51866 480
0x0000723b3da4a880 0x0000000d54f4f880 0 0 0 0 1 2 3 51866 488
0x0000723b3da4a900 0x0000000d54f4f900 0 1 0 0 1 2 3 51866 480
0x0000723b3da4a980 0x0000000d54f4f980 0 1 0 0 1 2 3 51866 488
0x0000723b3da4aa00 0x0000000d54f4fa00 0 0 1 0 1 2 3 51866 480
0x0000723b3da4aa80 0x0000000d54f4fa80 0 0 1 0 1 2 3 51866 488
0x0000723b3da4ab00 0x0000000d54f4fb00 0 1 1 0 1 2 3 51866 480
0x0000723b3da4ab80 0x0000000d54f4fb80 0 1 1 0 1 2 3 51866 488
0x0000723b3da4ac00 0x0000000d54f4fc00 0 0 0 0 1 2 3 51866 496
0x0000723b3da4ac80 0x0000000d54f4fc80 0 0 0 0 1 2 3 51866 504
0x0000723b3da4ad00 0x0000000d54f4fd00 0 1 0 0 1 2 3 51866 496
0x0000723b3da4ad80 0x0000000d54f4fd80 0 1 0 0 1 2 3 51866 504
0x0000723b3da4ae00 0x0000000d54f4fe00 0 0 1 0 1 2 3 51866 496
0x0000723b3da4ae80 0x0000000d54f4fe80 0 0 1 0 1 2 3 51866 504
0x0000723b3da4af00 0x0000000d54f4ff00 0 1 1 0 1 2 3 51866 496
0x0000723b3da4af80 0x0000000d54f4ff80 0 1 1 0 1 2 3 51866 504
0x0000723b3da4d000 0x0000000856f4a000 0 0 0 0 1 2 3 31450 128
0x0000723b3da4d080 0x0000000856f4a080 0 0 0 0 1 2 3 31450 136
0x0000723b3da4d100 0x0000000856f4a100 0 1 0 0 1 2 3 31450 128
0x0000723b3da4d180 0x0000000856f4a180 0 1 0 0 1 2 3 31450 136
0x0000723b3da4d200 0x0000000856f4a200 0 0 1 0 1 2 3 31450 128
0x0000723b3da4d280 0x0000000856f4a280 0 0 1 0 1 2 3 31450 136
0x0000723b3da4d300 0x0000000856f4a300 0 1 1 0 1 2 3 31450 128
0x0000723b3da4d380 0x0000000856f4a380 0 1 1 0 1 2 3 31450 136
0x0000723b3da4d400 0x0000000856f4a400 0 0 0 0 1 2 3 31450 144
0x0000723b3da4d480 0x0000000856f4a480 0 0 0 0 1 2 3 31450 152
0x0000723b3da4d500 0x0000000856f4a500 0 1 0 0 1 2 3 31450 144
0x0000723b3da4d580 0x0000000856f4a580 0 1 0 0 1 2 3 31450 152
0x0000723b3da4d600 0x0000000856f4a600 0 0 1 0 1 2 3 31450 144
0x0000723b3da4d680 0x0000000856f4a680 0 0 1 0 1 2 3 31450 152
0x0000723b3da4d700 0x0000000856f4a700 0 1 1 0 1 2 3 31450 144
0x0000723b3da4d780 0x0000000856f4a780 0 1 1 0 1 2 3 31450 152
0x0000723b3da4d800 0x0000000856f4a800 0 0 0 0 1 2 3 31450 160
0x0000723b3da4d880 0x0000000856f4a880 0 0 0 0 1 2 3 31450 168
0x0000723b3da4d900 0x0000000856f4a900 0 1 0 0 1 2 3 31450 160
0x0000723b3da4d980 0x0000000856f4a980 0 1 0 0 1 2 3 31450 168
0x0000723b3da4da00 0x0000000856f4aa00 0 0 1 0 1 2 3 31450 160
0x0000723b3da4da80 0x0000000856f4aa80 0 0 1 0 1 2 3 31450 168
0x0000723b3da4db00 0x0000000856f4ab00 0 1 1 0 1 2 3 31450 160
0x0000723b3da4db80 0x0000000856f4ab80 0 1 1 0 1 2 3 31450 168
0x0000723b3da4dc00 0x0000000856f4ac00 0 0 0 0 1 2 3 31450 176
0x0000723b3da4dc80 0x0000000856f4ac80 0 0 0 0 1 2 3 31450 184
0x0000723b3da4dd00 0x0000000856f4ad00 0 1 0 0 1 2 3 31450 176
0x0000723b3da4dd80 0x0000000856f4ad80 0 1 0 0 1 2 3 31450 184
0x0000723b3da4de00 0x0000000856f4ae00 0 0 1 0 1 2 3 31450 176
0x0000723b3da4de80 0x0000000856f4ae80 0 0 1 0 1 2 3 31450 184
0x0000723b3da4df00 0x0000000856f4af00 0 1 1 0 1 2 3 31450 176
0x0000723b3da4df80 0x0000000856f4af80 0 1 1 0 1 2 3 31450 184
0x0000723b3da5d000 0x0000000cef731000 0 0 0 0 0 2 3 52705 576
0x0000723b3da5d080 0x0000000cef731080 0 0 0 0 0 2 3 52705 584
0x0000723b3da5d100 0x0000000cef731100 0 1 0 0 0 2 3 52705 576
0x0000723b3da5d180 0x0000000cef731180 0 1 0 0 0 2 3 52705 584
0x0000723b3da5d200 0x0000000cef731200 0 0 1 0 0 2 3 52705 576
0x0000723b3da5d280 0x0000000cef731280 0 0 1 0 0 2 3 52705 584
0x0000723b3da5d300 0x0000000cef731300 0 1 1 0 0 2 3 52705 576
0x0000723b3da5d380 0x0000000cef731380 0 1 1 0 0 2 3 52705 584
0x0000723b3da5d400 0x0000000cef731400 0 0 0 0 0 2 3 52705 592
0x0000723b3da5d480 0x0000000cef731480 0 0 0 0 0 2 3 52705 600
0x0000723b3da5d500 0x0000000cef731500 0 1 0 0 0 2 3 52705 592
0x0000723b3da5d580 0x0000000cef731580 0 1 0 0 0 2 3 52705 600
0x0000723b3da5d600 0x0000000cef731600 0 0 1 0 0 2 3 52705 592
0x0000723b3da5d680 0x0000000cef731680 0 0 1 0 0 2 3 52705 600
0x0000723b3da5d700 0x0000000cef731700 0 1 1 0 0 2 3 52705 592
0x0000723b3da5d780 0x0000000cef731780 0 1 1 0 0 2 3 52705 600
0x0000723b3da5d800 0x0000000cef731800 0 0 0 0 0 2 3 52705 608
0x0000723b3da5d880 0x0000000cef731880 0 0 0 0 0 2 3 52705 616
0x0000723b3da5d900 0x0000000cef731900 0 1 0 0 0 2 3 52705 608
0x0000723b3da5d980 0x0000000cef731980 0 1 0 0 0 2 3 52705 616
0x0000723b3da5da00 0x0000000cef731a00 0 0 1 0 0 2 3 52705 608
0x0000723b3da5da80 0x0000000cef731a80 0 0 1 0 0 2 3 52705 616
0x0000723b3da5db00 0x0000000cef731b00 0 1 1 0 0 2 3 52705 608
0x0000723b3da5db80 0x0000000cef731b80 0 1 1 0 0 2 3 52705 616
0x0000723b3da5dc00 0x0000000cef731c00 0 0 0 0 0 2 3 52705 624
0x0000723b3da5dc80 0x0000000cef731c80 0 0 0 0 0 2 3 52705 632
0x0000723b3da5dd00 0x0000000cef731d00 0 1 0 0 0 2 3 52705 624
0x0000723b3da5dd80 0x0000000cef731d80 0 1 0 0 0 2 3 52705 632
0x0000723b3da5de00 0x0000000cef731e00 0 0 1 0 0 2 3 52705 624
0x0000723b3da5de80 0x0000000cef731e80 0 0 1 0 0 2 3 52705 632
0x0000723b3da5df00 0x0000000cef731f00 0 1 1 0 0 2 3 52705 624
0x0000723b3da5df80 0x0000000cef731f80 0 1 1 0 0 2 3 52705 632
0x0000723b3da60000 0x0000000e3a72f000 0 0 0 0 1 2 3 55121 448
0x0000723b3da60080 0x0000000e3a72f080 0 0 0 0 1 2 3 55121 456
0x0000723b3da60100 0x0000000e3a72f100 0 1 0 0 1 2 3 55121 448
0x0000723b3da60180 0x0000000e3a72f180 0 1 0 0 1 2 3 55121 456
0x0000723b3da60200 0x0000000e3a72f200 0 0 1 0 1 2 3 55121 448
0x0000723b3da60280 0x0000000e3a72f280 0 0 1 0 1 2 3 55121 456
0x0000723b3da60300 0x0000000e3a72f300 0 1 1 0 1 2 3 55121 448
0x0000723b3da60380 0x0000000e3a72f380 0 1 1 0 1 2 3 55121 456
0x0000723b3da60400 0x0000000e3a72f400 0 0 0 0 1 2 3 55121 464
0x0000723b3da60480 0x0000000e3a72f480 0 0 0 0 1 2 3 55121 472
0x0000723b3da60500 0x0000000e3a72f500 0 1 0 0 1 2 3 55121 464
0x0000723b3da60580 0x0000000e3a72f580 0 1 0 0 1 2 3 55121 472
0x0000723b3da60600 0x0000000e3a72f600 0 0 1 0 1 2 3 55121 464
0x0000723b3da60680 0x0000000e3a72f680 0 0 1 0 1 2 3 55121 472
0x0000723b3da60700 0x0000000e3a72f700 0 1 1 0 1 2 3 55121 464
0x0000723b3da60780 0x0000000e3a72f780 0 1 1 0 1 2 3 55121 472
0x0000723b3da60800 0x0000000e3a72f800 0 0 0 0 1 2 3 55121 480
0x0000723b3da60880 0x0000000e3a72f880 0 0 0 0 1 2 3 55121 488
0x0000723b3da60900 0x0000000e3a72f900 0 1 0 0 1 2 3 55121 480
0x0000723b3da60980 0x0000000e3a72f980 0 1 0 0 1 2 3 55121 488
0x0000723b3da60a00 0x0000000e3a72fa00 0 0 1 0 1 2 3 55121 480
0x0000723b3da60a80 0x0000000e3a72fa80 0 0 1 0 1 2 3 55121 488
0x0000723b3da60b00 0x0000000e3a72fb00 0 1 1 0 1 2 3 55121 480
0x0000723b3da60b80 0x0000000e3a72fb80 0 1 1 0 1 2 3 55121 488
0x0000723b3da60c00 0x0000000e3a72fc00 0 0 0 0 1 2 3 55121 496
0x0000723b3da60c80 0x0000000e3a72fc80 0 0 0 0 1 2 3 55121 504
0x0000723b3da60d00 0x0000000e3a72fd00 0 1 0 0 1 2 3 55121 496
0x0000723b3da60d80 0x0000000e3a72fd80 0 1 0 0 1 2 3 55121 504
0x0000723b3da60e00 0x0000000e3a72fe00 0 0 1 0 1 2 3 55121 496
0x0000723b3da60e80 0x0000000e3a72fe80 0 0 1 0 1 2 3 55121 504
0x0000723b3da60f00 0x0000000e3a72ff00 0 1 1 0 1 2 3 55121 496
0x0000723b3da60f80 0x0000000e3a72ff80 0 1 1 0 1 2 3 55121 504
0x0000723b3da65000 0x0000000cef730000 0 0 0 0 0 2 3 52705 512
0x0000723b3da65080 0x0000000cef730080 0 0 0 0 0 2 3 52705 520
0x0000723b3da65100 0x0000000cef730100 0 1 0 0 0 2 3 52705 512
0x0000723b3da65180 0x0000000cef730180 0 1 0 0 0 2 3 52705 520
0x0000723b3da65200 0x0000000cef730200 0 0 1 0 0 2 3 52705 512
0x0000723b3da65280 0x0000000cef730280 0 0 1 0 0 2 3 52705 520
0x0000723b3da65300 0x0000000cef730300 0 1 1 0 0 2 3 52705 512
0x0000723b3da65380 0x0000000cef730380 0 1 1 0 0 2 3 52705 520
0x0000723b3da65400 0x0000000cef730400 0 0 0 0 0 2 3 52705 528
0x0000723b3da65480 0x0000000cef730480 0 0 0 0 0 2 3 52705 536
0x0000723b3da65500 0x0000000cef730500 0 1 0 0 0 2 3 52705 528
0x0000723b3da65580 0x0000000cef730580 0 1 0 0 0 2 3 52705 536
0x0000723b3da65600 0x0000000cef730600 0 0 1 0 0 2 3 52705 528
0x0000723b3da65680 0x0000000cef730680 0 0 1 0 0 2 3 52705 536
0x0000723b3da65700 0x0000000cef730700 0 1 1 0 0 2 3 52705 528
0x0000723b3da65780 0x0000000cef730780 0 1 1 0 0 2 3 52705 536
0x0000723b3da65800 0x0000000cef730800 0 0 0 0 0 2 3 52705 544
0x0000723b3da65880 0x0000000cef730880 0 0 0 0 0 2 3 52705 552
0x0000723b3da65900 0x0000000cef730900 0 1 0 0 0 2 3 52705 544
0x0000723b3da65980 0x0000000cef730980 0 1 0 0 0 2 3 52705 552
0x0000723b3da65a00 0x0000000cef730a00 0 0 1 0 0 2 3 52705 544
0x0000723b3da65a80 0x0000000cef730a80 0 0 1 0 0 2 3 52705 552
0x0000723b3da65b00 0x0000000cef730b00 0 1 1 0 0 2 3 52705 544
0x0000723b3da65b80 0x0000000cef730b80 0 1 1 0 0 2 3 52705 552
0x0000723b3da65c00 0x0000000cef730c00 0 0 0 0 0 2 3 52705 560
0x0000723b3da65c80 0x0000000cef730c80 0 0 0 0 0 2 3 52705 568
0x0000723b3da65d00 0x0000000cef730d00 0 1 0 0 0 2 3 52705 560
0x0000723b3da65d80 0x0000000cef730d80 0 1 0 0 0 2 3 52705 568
0x0000723b3da65e00 0x0000000cef730e00 0 0 1 0 0 2 3 52705 560
0x0000723b3da65e80 0x0000000cef730e80 0 0 1 0 0 2 3 52705 568
0x0000723b3da65f00 0x0000000cef730f00 0 1 1 0 0 2 3 52705 560
0x0000723b3da65f80 0x0000000cef730f80 0 1 1 0 0 2 3 52705 568
0x0000723b3da77000 0x0000000788f41000 0 0 0 0 0 2 3 28938 64
0x0000723b3da77080 0x0000000788f41080 0 0 0 0 0 2 3 28938 72
0x0000723b3da77100 0x0000000788f41100 0 1 0 0 0 2 3 28938 64
0x0000723b3da77180 0x0000000788f41180 0 1 0 0 0 2 3 28938 72
0x0000723b3da77200 0x0000000788f41200 0 0 1 0 0 2 3 28938 64
0x0000723b3da77280 0x0000000788f41280 0 0 1 0 0 2 3 28938 72
0x0000723b3da77300 0x0000000788f41300 0 1 1 0 0 2 3 28938 64
0x0000723b3da77380 0x0000000788f41380 0 1 1 0 0 2 3 28938 72
0x0000723b3da77400 0x0000000788f41400 0 0 0 0 0 2 3 28938 80
0x0000723b3da77480 0x0000000788f41480 0 0 0 0 0 2 3 28938 88
0x0000723b3da77500 0x0000000788f41500 0 1 0 0 0 2 3 28938 80
0x0000723b3da77580 0x0000000788f41580 0 1 0 0 0 2 3 28938 88
0x0000723b3da77600 0x0000000788f41600 0 0 1 0 0 2 3 28938 80
0x0000723b3da77680 0x0000000788f41680 0 0 1 0 0 2 3 28938 88
0x0000723b3da77700 0x0000000788f41700 0 1 1 0 0 2 3 28938 80
0x0000723b3da77780 0x0000000788f41780 0 1 1 0 0 2 3 28938 88
0x0000723b3da77800 0x0000000788f41800 0 0 0 0 0 2 3 28938 96
0x0000723b3da77880 0x0000000788f41880 0 0 0 0 0 2 3 28938 104
0x0000723b3da77900 0x0000000788f41900 0 1 0 0 0 2 3 28938 96
0x0000723b3da77980 0x0000000788f41980 0 1 0 0 0 2 3 28938 104
0x0000723b3da77a00 0x0000000788f41a00 0 0 1 0 0 2 3 28938 96
0x0000723b3da77a80 0x0000000788f41a80 0 0 1 0 0 2 3 28938 104
0x0000723b3da77b00 0x0000000788f41b00 0 1 1 0 0 2 3 28938 96
0x0000723b3da77b80 0x0000000788f41b80 0 1 1 0 0 2 3 28938 104
0x0000723b3da77c00 0x0000000788f41c00 0 0 0 0 0 2 3 28938 112
0x0000723b3da77c80 0x0000000788f41c80 0 0 0 0 0 2 3 28938 120
0x0000723b3da77d00 0x0000000788f41d00 0 1 0 0 0 2 3 28938 112
0x0000723b3da77d80 0x0000000788f41d80 0 1 0 0 0 2 3 28938 120
0x0000723b3da77e00 0x0000000788f41e00 0 0 1 0 0 2 3 28938 112
0x0000723b3da77e80 0x0000000788f41e80 0 0 1 0 0 2 3 28938 120
0x0000723b3da77f00 0x0000000788f41f00 0 1 1 0 0 2 3 28938 112
0x0000723b3da77f80 0x0000000788f41f80 0 1 1 0 0 2 3 28938 120
0x0000723b3da78000 0x0000000788f40000 0 0 0 0 0 2 3 28938 0
0x0000723b3da78080 0x0000000788f40080 0 0 0 0 0 2 3 28938 8
0x0000723b3da78100 0x0000000788f40100 0 1 0 0 0 2 3 28938 0
0x0000723b3da78180 0x0000000788f40180 0 1 0 0 0 2 3 28938 8
0x0000723b3da78200 0x0000000788f40200 0 0 1 0 0 2 3 28938 0
0x0000723b3da78280 0x0000000788f40280 0 0 1 0 0 2 3 28938 8
0x0000723b3da78300 0x0000000788f40300 0 1 1 0 0 2 3 28938 0
0x0000723b3da78380 0x0000000788f40380 0 1 1 0 0 2 3 28938 8
0x0000723b3da78400 0x0000000788f40400 0 0 0 0 0 2 3 28938 16
0x0000723b3da78480 0x0000000788f40480 0 0 0 0 0 2 3 28938 24
0x0000723b3da78500 0x0000000788f40500 0 1 0 0 0 2 3 28938 16
0x0000723b3da78580 0x0000000788f40580 0 1 0 0 0 2 3 28938 24
0x0000723b3da78600 0x0000000788f40600 0 0 1 0 0 2 3 28938 16
0x0000723b3da78680 0x0000000788f40680 0 0 1 0 0 2 3 28938 24
0x0000723b3da78700 0x0000000788f40700 0 1 1 0 0 2 3 28938 16
0x0000723b3da78780 0x0000000788f40780 0 1 1 0 0 2 3 28938 24
0x0000723b3da78800 0x0000000788f40800 0 0 0 0 0 2 3 28938 32
0x0000723b3da78880 0x0000000788f40880 0 0 0 0 0 2 3 28938 40
0x0000723b3da78900 0x0000000788f40900 0 1 0 0 0 2 3 28938 32
0x0000723b3da78980 0x0000000788f40980 0 1 0 0 0 2 3 28938 40
0x0000723b3da78a00 0x0000000788f40a00 0 0 1 0 0 2 3 28938 32
0x0000723b3da78a80 0x0000000788f40a80 0 0 1 0 0 2 3 28938 40
0x0000723b3da78b00 0x0000000788f40b00 0 1 1 0 0 2 3 28938 32
0x0000723b3da78b80 0x0000000788f40b80 0 1 1 0 0 2 3 28938 40
0x0000723b3da78c00 0x0000000788f40c00 0 0 0 0 0 2 3 28938 48
0x0000723b3da78c80 0x0000000788f40c80 0 0 0 0 0 2 3 28938 56
0x0000723b3da78d00 0x0000000788f40d00 0 1 0 0 0 2 3 28938 48
0x0000723b3da78d80 0x0000000788f40d80 0 1 0 0 0 2 3 28938 56
0x0000723b3da78e00 0x0000000788f40e00 0 0 1 0 0 2 3 28938 48
0x0000723b3da78e80 0x0000000788f40e80 0 0 1 0 0 2 3 28938 56
0x0000723b3da78f00 0x0000000788f40f00 0 1 1 0 0 2 3 28938 48
0x0000723b3da78f80 0x0000000788f40f80 0 1 1 0 0 2 3 28938 56
0x0000723b3da81000 0x0000000a3c7f6000 0 0 0 0 0 2 3 38807 896
0x0000723b3da81080 0x0000000a3c7f6080 0 0 0 0 0 2 3 38807 904
0x0000723b3da81100 0x0000000a3c7f6100 0 1 0 0 0 2 3 38807 896
0x0000723b3da81180 0x0000000a3c7f6180 0 1 0 0 0 2 3 38807 904
0x0000723b3da81200 0x0000000a3c7f6200 0 0 1 0 0 2 3 38807 896
0x0000723b3da81280 0x0000000a3c7f6280 0 0 1 0 0 2 3 38807 904
0x0000723b3da81300 0x0000000a3c7f6300 0 1 1 0 0 2 3 38807 896
0x0000723b3da81380 0x0000000a3c7f6380 0 1 1 0 0 2 3 38807 904
0x0000723b3da81400 0x0000000a3c7f6400 0 0 0 0 0 2 3 38807 912
0x0000723b3da81480 0x0000000a3c7f6480 0 0 0 0 0 2 3 38807 920
0x0000723b3da81500 0x0000000a3c7f6500 0 1 0 0 0 2 3 38807 912
0x0000723b3da81580 0x0000000a3c7f6580 0 1 0 0 0 2 3 38807 920
0x0000723b3da81600 0x0000000a3c7f6600 0 0 1 0 0 2 3 38807 912
0x0000723b3da81680 0x0000000a3c7f6680 0 0 1 0 0 2 3 38807 920
0x0000723b3da81700 0x0000000a3c7f6700 0 1 1 0 0 2 3 38807 912
0x0000723b3da81780 0x0000000a3c7f6780 0 1 1 0 0 2 3 38807 920
0x0000723b3da81800 0x0000000a3c7f6800 0 0 0 0 0 2 3 38807 928
0x0000723b3da81880 0x0000000a3c7f6880 0 0 0 0 0 2 3 38807 936
0x0000723b3da81900 0x0000000a3c7f6900 0 1 0 0 0 2 3 38807 928
0x0000723b3da81980 0x0000000a3c7f6980 0 1 0 0 0 2 3 38807 936
0x0000723b3da81a00 0x0000000a3c7f6a00 0 0 1 0 0 2 3 38807 928
0x0000723b3da81a80 0x0000000a3c7f6a80 0 0 1 0 0 2 3 38807 936
0x0000723b3da81b00 0x0000000a3c7f6b00 0 1 1 0 0 2 3 38807 928
0x0000723b3da81b80 0x0000000a3c7f6b80 0 1 1 0 0 2 3 38807 936
0x0000723b3da81c00 0x0000000a3c7f6c00 0 0 0 0 0 2 3 38807 944
0x0000723b3da81c80 0x0000000a3c7f6c80 0 0 0 0 0 2 3 38807 952
0x0000723b3da81d00 0x0000000a3c7f6d00 0 1 0 0 0 2 3 38807 944
0x0000723b3da81d80 0x0000000a3c7f6d80 0 1 0 0 0 2 3 38807 952
0x0000723b3da81e00 0x0000000a3c7f6e00 0 0 1 0 0 2 3 38807 944
0x0000723b3da81e80 0x0000000a3c7f6e80 0 0 1 0 0 2 3 38807 952
0x0000723b3da81f00 0x0000000a3c7f6f00 0 1 1 0 0 2 3 38807 944
0x0000723b3da81f80 0x0000000a3c7f6f80 0 1 1 0 0 2 3 38807 952
0x0000723b3da82000 0x0000000a3c7f5000 0 0 0 0 0 2 3 38807 832
0x0000723b3da82080 0x0000000a3c7f5080 0 0 0 0 0 2 3 38807 840
0x0000723b3da82100 0x0000000a3c7f5100 0 1 0 0 0 2 3 38807 832
0x0000723b3da82180 0x0000000a3c7f5180 0 1 0 0 0 2 3 38807 840
0x0000723b3da82200 0x0000000a3c7f5200 0 0 1 0 0 2 3 38807 832
0x0000723b3da82280 0x0000000a3c7f5280 0 0 1 0 0 2 3 38807 840
0x0000723b3da82300 0x0000000a3c7f5300 0 1 1 0 0 2 3 38807 832
0x0000723b3da82380 0x0000000a3c7f5380 0 1 1 0 0 2 3 38807 840
0x0000723b3da82400 0x0000000a3c7f5400 0 0 0 0 0 2 3 38807 848
0x0000723b3da82480 0x0000000a3c7f5480 0 0 0 0 0 2 3 38807 856
0x0000723b3da82500 0x0000000a3c7f5500 0 1 0 0 0 2 3 38807 848
0x0000723b3da82580 0x0000000a3c7f5580 0 1 0 0 0 2 3 38807 856
0x0000723b3da82600 0x0000000a3c7f5600 0 0 1 0 0 2 3 38807 848
0x0000723b3da82680 0x0000000a3c7f5680 0 0 1 0 0 2 3 38807 856
0x0000723b3da82700 0x0000000a3c7f5700 0 1 1 0 0 2 3 38807 848
0x0000723b3da82780 0x0000000a3c7f5780 0 1 1 0 0 2 3 38807 856
0x0000723b3da82800 0x0000000a3c7f5800 0 0 0 0 0 2 3 38807 864
0x0000723b3da82880 0x0000000a3c7f5880 0 0 0 0 0 2 3 38807 872
0x0000723b3da82900 0x0000000a3c7f5900 0 1 0 0 0 2 3 38807 864
0x0000723b3da82980 0x0000000a3c7f5980 0 1 0 0 0 2 3 38807 872
0x0000723b3da82a00 0x0000000a3c7f5a00 0 0 1 0 0 2 3 38807 864
0x0000723b3da82a80 0x0000000a3c7f5a80 0 0 1 0 0 2 3 38807 872
0x0000723b3da82b00 0x0000000a3c7f5b00 0 1 1 0 0 2 3 38807 864
0x0000723b3da82b80 0x0000000a3c7f5b80 0 1 1 0 0 2 3 38807 872
0x0000723b3da82c00 0x0000000a3c7f5c00 0 0 0 0 0 2 3 38807 880
0x0000723b3da82c80 0x0000000a3c7f5c80 0 0 0 0 0 2 3 38807 888
0x0000723b3da82d00 0x0000000a3c7f5d00 0 1 0 0 0 2 3 38807 880
0x0000723b3da82d80 0x0000000a3c7f5d80 0 1 0 0 0 2 3 38807 888
0x0000723b3da82e00 0x0000000a3c7f5e00 0 0 1 0 0 2 3 38807 880
0x0000723b3da82e80 0x0000000a3c7f5e80 0 0 1 0 0 2 3 38807 888
0x0000723b3da82f00 0x0000000a3c7f5f00 0 1 1 0 0 2 3 38807 880
0x0000723b3da82f80 0x0000000a3c7f5f80 0 1 1 0 0 2 3 38807 888
0x0000723b3da87000 0x0000000dbef31000 0 0 0 0 0 2 3 55241 576
0x0000723b3da87080 0x0000000dbef31080 0 0 0 0 0 2 3 55241 584
0x0000723b3da87100 0x0000000dbef31100 0 1 0 0 0 2 3 55241 576
0x0000723b3da87180 0x0000000dbef31180 0 1 0 0 0 2 3 55241 584
0x0000723b3da87200 0x0000000dbef31200 0 0 1 0 0 2 3 55241 576
0x0000723b3da87280 0x0000000dbef31280 0 0 1 0 0 2 3 55241 584
0x0000723b3da87300 0x0000000dbef31300 0 1 1 0 0 2 3 55241 576
0x0000723b3da87380 0x0000000dbef31380 0 1 1 0 0 2 3 55241 584
0x0000723b3da87400 0x0000000dbef31400 0 0 0 0 0 2 3 55241 592
0x0000723b3da87480 0x0000000dbef31480 0 0 0 0 0 2 3 55241 600
0x0000723b3da87500 0x0000000dbef31500 0 1 0 0 0 2 3 55241 592
0x0000723b3da87580 0x0000000dbef31580 0 1 0 0 0 2 3 55241 600
0x0000723b3da87600 0x0000000dbef31600 0 0 1 0 0 2 3 55241 592
0x0000723b3da87680 0x0000000dbef31680 0 0 1 0 0 2 3 55241 600
0x0000723b3da87700 0x0000000dbef31700 0 1 1 0 0 2 3 55241 592
0x0000723b3da87780 0x0000000dbef31780 0 1 1 0 0 2 3 55241 600
0x0000723b3da87800 0x0000000dbef31800 0 0 0 0 0 2 3 55241 608
0x0000723b3da87880 0x0000000dbef31880 0 0 0 0 0 2 3 55241 616
0x0000723b3da87900 0x0000000dbef31900 0 1 0 0 0 2 3 55241 608
0x0000723b3da87980 0x0000000dbef31980 0 1 0 0 0 2 3 55241 616
0x0000723b3da87a00 0x0000000dbef31a00 0 0 1 0 0 2 3 55241 608
0x0000723b3da87a80 0x0000000dbef31a80 0 0 1 0 0 2 3 55241 616
0x0000723b3da87b00 0x0000000dbef31b00 0 1 1 0 0 2 3 55241 608
0x0000723b3da87b80 0x0000000dbef31b80 0 1 1 0 0 2 3 55241 616
0x0000723b3da87c00 0x0000000dbef31c00 0 0 0 0 0 2 3 55241 624
0x0000723b3da87c80 0x0000000dbef31c80 0 0 0 0 0 2 3 55241 632
0x0000723b3da87d00 0x0000000dbef31d00 0 1 0 0 0 2 3 55241 624
0x0000723b3da87d80 0x0000000dbef31d80 0 1 0 0 0 2 3 55241 632
0x0000723b3da87e00 0x0000000dbef31e00 0 0 1 0 0 2 3 55241 624
0x0000723b3da87e80 0x0000000dbef31e80 0 0 1 0 0 2 3 55241 632
0x0000723b3da87f00 0x0000000dbef31f00 0 1 1 0 0 2 3 55241 624
0x0000723b3da87f80 0x0000000dbef31f80 0 1 1 0 0 2 3 55241 632
0x0000723b3da88000 0x0000000dbef32000 0 0 0 0 0 2 3 55241 640
0x0000723b3da88080 0x0000000dbef32080 0 0 0 0 0 2 3 55241 648
0x0000723b3da88100 0x0000000dbef32100 0 1 0 0 0 2 3 55241 640
0x0000723b3da88180 0x0000000dbef32180 0 1 0 0 0 2 3 55241 648
0x0000723b3da88200 0x0000000dbef32200 0 0 1 0 0 2 3 55241 640
0x0000723b3da88280 0x0000000dbef32280 0 0 1 0 0 2 3 55241 648
0x0000723b3da88300 0x0000000dbef32300 0 1 1 0 0 2 3 55241 640
0x0000723b3da88380 0x0000000dbef32380 0 1 1 0 0 2 3 55241 648
0x0000723b3da88400 0x0000000dbef32400 0 0 0 0 0 2 3 55241 656
0x0000723b3da88480 0x0000000dbef32480 0 0 0 0 0 2 3 55241 664
0x0000723b3da88500 0x0000000dbef32500 0 1 0 0 0 2 3 55241 656
0x0000723b3da88580 0x0000000dbef32580 0 1 0 0 0 2 3 55241 664
0x0000723b3da88600 0x0000000dbef32600 0 0 1 0 0 2 3 55241 656
0x0000723b3da88680 0x0000000dbef32680 0 0 1 0 0 2 3 55241 664
0x0000723b3da88700 0x0000000dbef32700 0 1 1 0 0 2 3 55241 656
0x0000723b3da88780 0x0000000dbef32780 0 1 1 0 0 2 3 55241 664
0x0000723b3da88800 0x0000000dbef32800 0 0 0 0 0 2 3 55241 672
0x0000723b3da88880 0x0000000dbef32880 0 0 0 0 0 2 3 55241 680
0x0000723b3da88900 0x0000000dbef32900 0 1 0 0 0 2 3 55241 672
0x0000723b3da88980 0x0000000dbef32980 0 1 0 0 0 2 3 55241 680
0x0000723b3da88a00 0x0000000dbef32a00 0 0 1 0 0 2 3 55241 672
0x0000723b3da88a80 0x0000000dbef32a80 0 0 1 0 0 2 3 55241 680
0x0000723b3da88b00 0x0000000dbef32b00 0 1 1 0 0 2 3 55241 672
0x0000723b3da88b80 0x0000000dbef32b80 0 1 1 0 0 2 3 55241 680
0x0000723b3da88c00 0x0000000dbef32c00 0 0 0 0 0 2 3 55241 688
0x0000723b3da88c80 0x0000000dbef32c80 0 0 0 0 0 2 3 55241 696
0x0000723b3da88d00 0x0000000dbef32d00 0 1 0 0 0 2 3 55241 688
0x0000723b3da88d80 0x0000000dbef32d80 0 1 0 0 0 2 3 55241 696
0x0000723b3da88e00 0x0000000dbef32e00 0 0 1 0 0 2 3 55241 688
0x0000723b3da88e80 0x0000000dbef32e80 0 0 1 0 0 2 3 55241 696
0x0000723b3da88f00 0x0000000dbef32f00 0 1 1 0 0 2 3 55241 688
0x0000723b3da88f80 0x0000000dbef32f80 0 1 1 0 0 2 3 55241 696
0x0000723b3da89000 0x0000000dbef33000 0 0 0 0 0 2 3 55241 704
0x0000723b3da89080 0x0000000dbef33080 0 0 0 0 0 2 3 55241 712
0x0000723b3da89100 0x0000000dbef33100 0 1 0 0 0 2 3 55241 704
0x0000723b3da89180 0x0000000dbef33180 0 1 0 0 0 2 3 55241 712
0x0000723b3da89200 0x0000000dbef33200 0 0 1 0 0 2 3 55241 704
0x0000723b3da89280 0x0000000dbef33280 0 0 1 0 0 2 3 55241 712
0x0000723b3da89300 0x0000000dbef33300 0 1 1 0 0 2 3 55241 704
0x0000723b3da89380 0x0000000dbef33380 0 1 1 0 0 2 3 55241 712
0x0000723b3da89400 0x0000000dbef33400 0 0 0 0 0 2 3 55241 720
0x0000723b3da89480 0x0000000dbef33480 0 0 0 0 0 2 3 55241 728
0x0000723b3da89500 0x0000000dbef33500 0 1 0 0 0 2 3 55241 720
0x0000723b3da89580 0x0000000dbef33580 0 1 0 0 0 2 3 55241 728
0x0000723b3da89600 0x0000000dbef33600 0 0 1 0 0 2 3 55241 720
0x0000723b3da89680 0x0000000dbef33680 0 0 1 0 0 2 3 55241 728
0x0000723b3da89700 0x0000000dbef33700 0 1 1 0 0 2 3 55241 720
0x0000723b3da89780 0x0000000dbef33780 0 1 1 0 0 2 3 55241 728
0x0000723b3da89800 0x0000000dbef33800 0 0 0 0 0 2 3 55241 736
0x0000723b3da89880 0x0000000dbef33880 0 0 0 0 0 2 3 55241 744
0x0000723b3da89900 0x0000000dbef33900 0 1 0 0 0 2 3 55241 736
0x0000723b3da89980 0x0000000dbef33980 0 1 0 0 0 2 3 55241 744
0x0000723b3da89a00 0x0000000dbef33a00 0 0 1 0 0 2 3 55241 736
0x0000723b3da89a80 0x0000000dbef33a80 0 0 1 0 0 2 3 55241 744
0x0000723b3da89b00 0x0000000dbef33b00 0 1 1 0 0 2 3 55241 736
0x0000723b3da89b80 0x0000000dbef33b80 0 1 1 0 0 2 3 55241 744
0x0000723b3da89c00 0x0000000dbef33c00 0 0 0 0 0 2 3 55241 752
0x0000723b3da89c80 0x0000000dbef33c80 0 0 0 0 0 2 3 55241 760
0x0000723b3da89d00 0x0000000dbef33d00 0 1 0 0 0 2 3 55241 752
0x0000723b3da89d80 0x0000000dbef33d80 0 1 0 0 0 2 3 55241 760
0x0000723b3da89e00 0x0000000dbef33e00 0 0 1 0 0 2 3 55241 752
0x0000723b3da89e80 0x0000000dbef33e80 0 0 1 0 0 2 3 55241 760
0x0000723b3da89f00 0x0000000dbef33f00 0 1 1 0 0 2 3 55241 752
0x0000723b3da89f80 0x0000000dbef33f80 0 1 1 0 0 2 3 55241 760
0x0000723b3da8d000 0x0000000dbef30000 0 0 0 0 0 2 3 55241 512
0x0000723b3da8d080 0x0000000dbef30080 0 0 0 0 0 2 3 55241 520
0x0000723b3da8d100 0x0000000dbef30100 0 1 0 0 0 2 3 55241 512
0x0000723b3da8d180 0x0000000dbef30180 0 1 0 0 0 2 3 55241 520
0x0000723b3da8d200 0x0000000dbef30200 0 0 1 0 0 2 3 55241 512
0x0000723b3da8d280 0x0000000dbef30280 0 0 1 0 0 2 3 55241 520
0x0000723b3da8d300 0x0000000dbef30300 0 1 1 0 0 2 3 55241 512
0x0000723b3da8d380 0x0000000dbef30380 0 1 1 0 0 2 3 55241 520
0x0000723b3da8d400 0x0000000dbef30400 0 0 0 0 0 2 3 55241 528
0x0000723b3da8d480 0x0000000dbef30480 0 0 0 0 0 2 3 55241 536
0x0000723b3da8d500 0x0000000dbef30500 0 1 0 0 0 2 3 55241 528
0x0000723b3da8d580 0x0000000dbef30580 0 1 0 0 0 2 3 55241 536
0x0000723b3da8d600 0x0000000dbef30600 0 0 1 0 0 2 3 55241 528
0x0000723b3da8d680 0x0000000dbef30680 0 0 1 0 0 2 3 55241 536
0x0000723b3da8d700 0x0000000dbef30700 0 1 1 0 0 2 3 55241 528
0x0000723b3da8d780 0x0000000dbef30780 0 1 1 0 0 2 3 55241 536
0x0000723b3da8d800 0x0000000dbef30800 0 0 0 0 0 2 3 55241 544
0x0000723b3da8d880 0x0000000dbef30880 0 0 0 0 0 2 3 55241 552
0x0000723b3da8d900 0x0000000dbef30900 0 1 0 0 0 2 3 55241 544
0x0000723b3da8d980 0x0000000dbef30980 0 1 0 0 0 2 3 55241 552
0x0000723b3da8da00 0x0000000dbef30a00 0 0 1 0 0 2 3 55241 544
0x0000723b3da8da80 0x0000000dbef30a80 0 0 1 0 0 2 3 55241 552
0x0000723b3da8db00 0x0000000dbef30b00 0 1 1 0 0 2 3 55241 544
0x0000723b3da8db80 0x0000000dbef30b80 0 1 1 0 0 2 3 55241 552
0x0000723b3da8dc00 0x0000000dbef30c00 0 0 0 0 0 2 3 55241 560
0x0000723b3da8dc80 0x0000000dbef30c80 0 0 0 0 0 2 3 55241 568
0x0000723b3da8dd00 0x0000000dbef30d00 0 1 0 0 0 2 3 55241 560
0x0000723b3da8dd80 0x0000000dbef30d80 0 1 0 0 0 2 3 55241 568
0x0000723b3da8de00 0x0000000dbef30e00 0 0 1 0 0 2 3 55241 560
0x0000723b3da8de80 0x0000000dbef30e80 0 0 1 0 0 2 3 55241 568
0x0000723b3da8df00 0x0000000dbef30f00 0 1 1 0 0 2 3 55241 560
0x0000723b3da8df80 0x0000000dbef30f80 0 1 1 0 0 2 3 55241 568
0x0000723b3da9a000 0x00000002557a9000 0 0 0 0 1 2 3 6837 64
0x0000723b3da9a080 0x00000002557a9080 0 0 0 0 1 2 3 6837 72
0x0000723b3da9a100 0x00000002557a9100 0 1 0 0 1 2 3 6837 64
0x0000723b3da9a180 0x00000002557a9180 0 1 0 0 1 2 3 6837 72
0x0000723b3da9a200 0x00000002557a9200 0 0 1 0 1 2 3 6837 64
0x0000723b3da9a280 0x00000002557a9280 0 0 1 0 1 2 3 6837 72
0x0000723b3da9a300 0x00000002557a9300 0 1 1 0 1 2 3 6837 64
0x0000723b3da9a380 0x00000002557a9380 0 1 1 0 1 2 3 6837 72
0x0000723b3da9a400 0x00000002557a9400 0 0 0 0 1 2 3 6837 80
0x0000723b3da9a480 0x00000002557a9480 0 0 0 0 1 2 3 6837 88
0x0000723b3da9a500 0x00000002557a9500 0 1 0 0 1 2 3 6837 80
0x0000723b3da9a580 0x00000002557a9580 0 1 0 0 1 2 3 6837 88
0x0000723b3da9a600 0x00000002557a9600 0 0 1 0 1 2 3 6837 80
0x0000723b3da9a680 0x00000002557a9680 0 0 1 0 1 2 3 6837 88
0x0000723b3da9a700 0x00000002557a9700 0 1 1 0 1 2 3 6837 80
0x0000723b3da9a780 0x00000002557a9780 0 1 1 0 1 2 3 6837 88
0x0000723b3da9a800 0x00000002557a9800 0 0 0 0 1 2 3 6837 96
0x0000723b3da9a880 0x00000002557a9880 0 0 0 0 1 2 3 6837 104
0x0000723b3da9a900 0x00000002557a9900 0 1 0 0 1 2 3 6837 96
0x0000723b3da9a980 0x00000002557a9980 0 1 0 0 1 2 3 6837 104
0x0000723b3da9aa00 0x00000002557a9a00 0 0 1 0 1 2 3 6837 96
0x0000723b3da9aa80 0x00000002557a9a80 0 0 1 0 1 2 3 6837 104
0x0000723b3da9ab00 0x00000002557a9b00 0 1 1 0 1 2 3 6837 96
0x0000723b3da9ab80 0x00000002557a9b80 0 1 1 0 1 2 3 6837 104
0x0000723b3da9ac00 0x00000002557a9c00 0 0 0 0 1 2 3 6837 112
0x0000723b3da9ac80 0x00000002557a9c80 0 0 0 0 1 2 3 6837 120
0x0000723b3da9ad00 0x00000002557a9d00 0 1 0 0 1 2 3 6837 112
0x0000723b3da9ad80 0x00000002557a9d80 0 1 0 0 1 2 3 6837 120
0x0000723b3da9ae00 0x00000002557a9e00 0 0 1 0 1 2 3 6837 112
0x0000723b3da9ae80 0x00000002557a9e80 0 0 1 0 1 2 3 6837 120
0x0000723b3da9af00 0x00000002557a9f00 0 1 1 0 1 2 3 6837 112
0x0000723b3da9af80 0x00000002557a9f80 0 1 1 0 1 2 3 6837 120
0x0000723b3da9b000 0x00000002557a8000 0 0 0 0 1 2 3 6837 0
0x0000723b3da9b080 0x00000002557a8080 0 0 0 0 1 2 3 6837 8
0x0000723b3da9b100 0x00000002557a8100 0 1 0 0 1 2 3 6837 0
0x0000723b3da9b180 0x00000002557a8180 0 1 0 0 1 2 3 6837 8
0x0000723b3da9b200 0x00000002557a8200 0 0 1 0 1 2 3 6837 0
0x0000723b3da9b280 0x00000002557a8280 0 0 1 0 1 2 3 6837 8
0x0000723b3da9b300 0x00000002557a8300 0 1 1 0 1 2 3 6837 0
0x0000723b3da9b380 0x00000002557a8380 0 1 1 0 1 2 3 6837 8
0x0000723b3da9b400 0x00000002557a8400 0 0 0 0 1 2 3 6837 16
0x0000723b3da9b480 0x00000002557a8480 0 0 0 0 1 2 3 6837 24
0x0000723b3da9b500 0x00000002557a8500 0 1 0 0 1 2 3 6837 16
0x0000723b3da9b580 0x00000002557a8580 0 1 0 0 1 2 3 6837 24
0x0000723b3da9b600 0x00000002557a8600 0 0 1 0 1 2 3 6837 16
0x0000723b3da9b680 0x00000002557a8680 0 0 1 0 1 2 3 6837 24
0x0000723b3da9b700 0x00000002557a8700 0 1 1 0 1 2 3 6837 16
0x0000723b3da9b780 0x00000002557a8780 0 1 1 0 1 2 3 6837 24
0x0000723b3da9b800 0x00000002557a8800 0 0 0 0 1 2 3 6837 32
0x0000723b3da9b880 0x00000002557a8880 0 0 0 0 1 2 3 6837 40
0x0000723b3da9b900 0x00000002557a8900 0 1 0 0 1 2 3 6837 32
0x0000723b3da9b980 0x00000002557a8980 0 1 0 0 1 2 3 6837 40
0x0000723b3da9ba00 0x00000002557a8a00 0 0 1 0 1 2 3 6837 32
0x0000723b3da9ba80 0x00000002557a8a80 0 0 1 0 1 2 3 6837 40
0x0000723b3da9bb00 0x00000002557a8b00 0 1 1 0 1 2 3 6837 32
0x0000723b3da9bb80 0x00000002557a8b80 0 1 1 0 1 2 3 6837 40
0x0000723b3da9bc00 0x00000002557a8c00 0 0 0 0 1 2 3 6837 48
0x0000723b3da9bc80 0x00000002557a8c80 0 0 0 0 1 2 3 6837 56
0x0000723b3da9bd00 0x00000002557a8d00 0 1 0 0 1 2 3 6837 48
0x0000723b3da9bd80 0x00000002557a8d80 0 1 0 0 1 2 3 6837 56
0x0000723b3da9be00 0x00000002557a8e00 0 0 1 0 1 2 3 6837 48
0x0000723b3da9be80 0x00000002557a8e80 0 0 1 0 1 2 3 6837 56
0x0000723b3da9bf00 0x00000002557a8f00 0 1 1 0 1 2 3 6837 48
0x0000723b3da9bf80 0x00000002557a8f80 0 1 1 0 1 2 3 6837 56
0x0000723b3da9c000 0x00000002557ab000 0 0 0 0 1 2 3 6837 192
0x0000723b3da9c080 0x00000002557ab080 0 0 0 0 1 2 3 6837 200
0x0000723b3da9c100 0x00000002557ab100 0 1 0 0 1 2 3 6837 192
0x0000723b3da9c180 0x00000002557ab180 0 1 0 0 1 2 3 6837 200
0x0000723b3da9c200 0x00000002557ab200 0 0 1 0 1 2 3 6837 192
0x0000723b3da9c280 0x00000002557ab280 0 0 1 0 1 2 3 6837 200
0x0000723b3da9c300 0x00000002557ab300 0 1 1 0 1 2 3 6837 192
0x0000723b3da9c380 0x00000002557ab380 0 1 1 0 1 2 3 6837 200
0x0000723b3da9c400 0x00000002557ab400 0 0 0 0 1 2 3 6837 208
0x0000723b3da9c480 0x00000002557ab480 0 0 0 0 1 2 3 6837 216
0x0000723b3da9c500 0x00000002557ab500 0 1 0 0 1 2 3 6837 208
0x0000723b3da9c580 0x00000002557ab580 0 1 0 0 1 2 3 6837 216
0x0000723b3da9c600 0x00000002557ab600 0 0 1 0 1 2 3 6837 208
0x0000723b3da9c680 0x00000002557ab680 0 0 1 0 1 2 3 6837 216
0x0000723b3da9c700 0x00000002557ab700 0 1 1 0 1 2 3 6837 208
0x0000723b3da9c780 0x00000002557ab780 0 1 1 0 1 2 3 6837 216
0x0000723b3da9c800 0x00000002557ab800 0 0 0 0 1 2 3 6837 224
0x0000723b3da9c880 0x00000002557ab880 0 0 0 0 1 2 3 6837 232
0x0000723b3da9c900 0x00000002557ab900 0 1 0 0 1 2 3 6837 224
0x0000723b3da9c980 0x00000002557ab980 0 1 0 0 1 2 3 6837 232
0x0000723b3da9ca00 0x00000002557aba00 0 0 1 0 1 2 3 6837 224
0x0000723b3da9ca80 0x00000002557aba80 0 0 1 0 1 2 3 6837 232
0x0000723b3da9cb00 0x00000002557abb00 0 1 1 0 1 2 3 6837 224
0x0000723b3da9cb80 0x00000002557abb80 0 1 1 0 1 2 3 6837 232
0x0000723b3da9cc00 0x00000002557abc00 0 0 0 0 1 2 3 6837 240
0x0000723b3da9cc80 0x00000002557abc80 0 0 0 0 1 2 3 6837 248
0x0000723b3da9cd00 0x00000002557abd00 0 1 0 0 1 2 3 6837 240
0x0000723b3da9cd80 0x00000002557abd80 0 1 0 0 1 2 3 6837 248
0x0000723b3da9ce00 0x00000002557abe00 0 0 1 0 1 2 3 6837 240
0x0000723b3da9ce80 0x00000002557abe80 0 0 1 0 1 2 3 6837 248
0x0000723b3da9cf00 0x00000002557abf00 0 1 1 0 1 2 3 6837 240
0x0000723b3da9cf80 0x00000002557abf80 0 1 1 0 1 2 3 6837 248
0x0000723b3da9d000 0x00000002557aa000 0 0 0 0 1 2 3 6837 128
0x0000723b3da9d080 0x00000002557aa080 0 0 0 0 1 2 3 6837 136
0x0000723b3da9d100 0x00000002557aa100 0 1 0 0 1 2 3 6837 128
0x0000723b3da9d180 0x00000002557aa180 0 1 0 0 1 2 3 6837 136
0x0000723b3da9d200 0x00000002557aa200 0 0 1 0 1 2 3 6837 128
0x0000723b3da9d280 0x00000002557aa280 0 0 1 0 1 2 3 6837 136
0x0000723b3da9d300 0x00000002557aa300 0 1 1 0 1 2 3 6837 128
0x0000723b3da9d380 0x00000002557aa380 0 1 1 0 1 2 3 6837 136
0x0000723b3da9d400 0x00000002557aa400 0 0 0 0 1 2 3 6837 144
0x0000723b3da9d480 0x00000002557aa480 0 0 0 0 1 2 3 6837 152
0x0000723b3da9d500 0x00000002557aa500 0 1 0 0 1 2 3 6837 144
0x0000723b3da9d580 0x00000002557aa580 0 1 0 0 1 2 3 6837 152
0x0000723b3da9d600 0x00000002557aa600 0 0 1 0 1 2 3 6837 144
0x0000723b3da9d680 0x00000002557aa680 0 0 1 0 1 2 3 6837 152
0x0000723b3da9d700 0x00000002557aa700 0 1 1 0 1 2 3 6837 144
0x0000723b3da9d780 0x00000002557aa780 0 1 1 0 1 2 3 6837 152
0x0000723b3da9d800 0x00000002557aa800 0 0 0 0 1 2 3 6837 160
0x0000723b3da9d880 0x00000002557aa880 0 0 0 0 1 2 3 6837 168
0x0000723b3da9d900 0x00000002557aa900 0 1 0 0 1 2 3 6837 160
0x0000723b3da9d980 0x00000002557aa980 0 1 0 0 1 2 3 6837 168
0x0000723b3da9da00 0x00000002557aaa00 0 0 1 0 1 2 3 6837 160
0x0000723b3da9da80 0x00000002557aaa80 0 0 1 0 1 2 3 6837 168
0x0000723b3da9db00 0x00000002557aab00 0 1 1 0 1 2 3 6837 160
0x0000723b3da9db80 0x00000002557aab80 0 1 1 0 1 2 3 6837 168
0x0000723b3da9dc00 0x00000002557aac00 0 0 0 0 1 2 3 6837 176
0x0000723b3da9dc80 0x00000002557aac80 0 0 0 0 1 2 3 6837 184
0x0000723b3da9dd00 0x00000002557aad00 0 1 0 0 1 2 3 6837 176
0x0000723b3da9dd80 0x00000002557aad80 0 1 0 0 1 2 3 6837 184
0x0000723b3da9de00 0x00000002557aae00 0 0 1 0 1 2 3 6837 176
0x0000723b3da9de80 0x00000002557aae80 0 0 1 0 1 2 3 6837 184
0x0000723b3da9df00 0x00000002557aaf00 0 1 1 0 1 2 3 6837 176
0x0000723b3da9df80 0x00000002557aaf80 0 1 1 0 1 2 3 6837 184
0x0000723b3daae000 0x00000007777c2000 0 0 0 0 0 2 3 28406 128
0x0000723b3daae080 0x00000007777c2080 0 0 0 0 0 2 3 28406 136
0x0000723b3daae100 0x00000007777c2100 0 1 0 0 0 2 3 28406 128
0x0000723b3daae180 0x00000007777c2180 0 1 0 0 0 2 3 28406 136
0x0000723b3daae200 0x00000007777c2200 0 0 1 0 0 2 3 28406 128
0x0000723b3daae280 0x00000007777c2280 0 0 1 0 0 2 3 28406 136
0x0000723b3daae300 0x00000007777c2300 0 1 1 0 0 2 3 28406 128
0x0000723b3daae380 0x00000007777c2380 0 1 1 0 0 2 3 28406 136
0x0000723b3daae400 0x00000007777c2400 0 0 0 0 0 2 3 28406 144
0x0000723b3daae480 0x00000007777c2480 0 0 0 0 0 2 3 28406 152
0x0000723b3daae500 0x00000007777c2500 0 1 0 0 0 2 3 28406 144
0x0000723b3daae580 0x00000007777c2580 0 1 0 0 0 2 3 28406 152
0x0000723b3daae600 0x00000007777c2600 0 0 1 0 0 2 3 28406 144
0x0000723b3daae680 0x00000007777c2680 0 0 1 0 0 2 3 28406 152
0x0000723b3daae700 0x00000007777c2700 0 1 1 0 0 2 3 28406 144
0x0000723b3daae780 0x00000007777c2780 0 1 1 0 0 2 3 28406 152
0x0000723b3daae800 0x00000007777c2800 0 0 0 0 0 2 3 28406 160
0x0000723b3daae880 0x00000007777c2880 0 0 0 0 0 2 3 28406 168
0x0000723b3daae900 0x00000007777c2900 0 1 0 0 0 2 3 28406 160
0x0000723b3daae980 0x00000007777c2980 0 1 0 0 0 2 3 28406 168
0x0000723b3daaea00 0x00000007777c2a00 0 0 1 0 0 2 3 28406 160
0x0000723b3daaea80 0x00000007777c2a80 0 0 1 0 0 2 3 28406 168
0x0000723b3daaeb00 0x00000007777c2b00 0 1 1 0 0 2 3 28406 160
0x0000723b3daaeb80 0x00000007777c2b80 0 1 1 0 0 2 3 28406 168
0x0000723b3daaec00 0x00000007777c2c00 0 0 0 0 0 2 3 28406 176
0x0000723b3daaec80 0x00000007777c2c80 0 0 0 0 0 2 3 28406 184
0x0000723b3daaed00 0x00000007777c2d00 0 1 0 0 0 2 3 28406 176
0x0000723b3daaed80 0x00000007777c2d80 0 1 0 0 0 2 3 28406 184
0x0000723b3daaee00 0x00000007777c2e00 0 0 1 0 0 2 3 28406 176
0x0000723b3daaee80 0x00000007777c2e80 0 0 1 0 0 2 3 28406 184
0x0000723b3daaef00 0x00000007777c2f00 0 1 1 0 0 2 3 28406 176
0x0000723b3daaef80 0x00000007777c2f80 0 1 1 0 0 2 3 28406 184
0x0000723b3daaf000 0x00000007777c0000 0 0 0 0 0 2 3 28406 0
0x0000723b3daaf080 0x00000007777c0080 0 0 0 0 0 2 3 28406 8
0x0000723b3daaf100 0x00000007777c0100 0 1 0 0 0 2 3 28406 0
0x0000723b3daaf180 0x00000007777c0180 0 1 0 0 0 2 3 28406 8
0x0000723b3daaf200 0x00000007777c0200 0 0 1 0 0 2 3 28406 0
0x0000723b3daaf280 0x00000007777c0280 0 0 1 0 0 2 3 28406 8
0x0000723b3daaf300 0x00000007777c0300 0 1 1 0 0 2 3 28406 0
0x0000723b3daaf380 0x00000007777c0380 0 1 1 0 0 2 3 28406 8
0x0000723b3daaf400 0x00000007777c0400 0 0 0 0 0 2 3 28406 16
0x0000723b3daaf480 0x00000007777c0480 0 0 0 0 0 2 3 28406 24
0x0000723b3daaf500 0x00000007777c0500 0 1 0 0 0 2 3 28406 16
0x0000723b3daaf580 0x00000007777c0580 0 1 0 0 0 2 3 28406 24
0x0000723b3daaf600 0x00000007777c0600 0 0 1 0 0 2 3 28406 16
0x0000723b3daaf680 0x00000007777c0680 0 0 1 0 0 2 3 28406 24
0x0000723b3daaf700 0x00000007777c0700 0 1 1 0 0 2 3 28406 16
0x0000723b3daaf780 0x00000007777c0780 0 1 1 0 0 2 3 28406 24
0x0000723b3daaf800 0x00000007777c0800 0 0 0 0 0 2 3 28406 32
0x0000723b3daaf880 0x00000007777c0880 0 0 0 0 0 2 3 28406 40
0x0000723b3daaf900 0x00000007777c0900 0 1 0 0 0 2 3 28406 32
0x0000723b3daaf980 0x00000007777c0980 0 1 0 0 0 2 3 28406 40
0x0000723b3daafa00 0x00000007777c0a00 0 0 1 0 0 2 3 28406 32
0x0000723b3daafa80 0x00000007777c0a80 0 0 1 0 0 2 3 28406 40
0x0000723b3daafb00 0x00000007777c0b00 0 1 1 0 0 2 3 28406 32
0x0000723b3daafb80 0x00000007777c0b80 0 1 1 0 0 2 3 28406 40
0x0000723b3daafc00 0x00000007777c0c00 0 0 0 0 0 2 3 28406 48
0x0000723b3daafc80 0x00000007777c0c80 0 0 0 0 0 2 3 28406 56
0x0000723b3daafd00 0x00000007777c0d00 0 1 0 0 0 2 3 28406 48
0x0000723b3daafd80 0x00000007777c0d80 0 1 0 0 0 2 3 28406 56
0x0000723b3daafe00 0x00000007777c0e00 0 0 1 0 0 2 3 28406 48
0x0000723b3daafe80 0x00000007777c0e80 0 0 1 0 0 2 3 28406 56
0x0000723b3daaff00 0x00000007777c0f00 0 1 1 0 0 2 3 28406 48
0x0000723b3daaff80 0x00000007777c0f80 0 1 1 0 0 2 3 28406 56
0x0000723b3dab0000 0x0000000ca9f8d000 0 0 0 0 1 2 3 50476 320
0x0000723b3dab0080 0x0000000ca9f8d080 0 0 0 0 1 2 3 50476 328
0x0000723b3dab0100 0x0000000ca9f8d100 0 1 0 0 1 2 3 50476 320
0x0000723b3dab0180 0x0000000ca9f8d180 0 1 0 0 1 2 3 50476 328
0x0000723b3dab0200 0x0000000ca9f8d200 0 0 1 0 1 2 3 50476 320
0x0000723b3dab0280 0x0000000ca9f8d280 0 0 1 0 1 2 3 50476 328
0x0000723b3dab0300 0x0000000ca9f8d300 0 1 1 0 1 2 3 50476 320
0x0000723b3dab0380 0x0000000ca9f8d380 0 1 1 0 1 2 3 50476 328
0x0000723b3dab0400 0x0000000ca9f8d400 0 0 0 0 1 2 3 50476 336
0x0000723b3dab0480 0x0000000ca9f8d480 0 0 0 0 1 2 3 50476 344
0x0000723b3dab0500 0x0000000ca9f8d500 0 1 0 0 1 2 3 50476 336
0x0000723b3dab0580 0x0000000ca9f8d580 0 1 0 0 1 2 3 50476 344
0x0000723b3dab0600 0x0000000ca9f8d600 0 0 1 0 1 2 3 50476 336
0x0000723b3dab0680 0x0000000ca9f8d680 0 0 1 0 1 2 3 50476 344
0x0000723b3dab0700 0x0000000ca9f8d700 0 1 1 0 1 2 3 50476 336
0x0000723b3dab0780 0x0000000ca9f8d780 0 1 1 0 1 2 3 50476 344
0x0000723b3dab0800 0x0000000ca9f8d800 0 0 0 0 1 2 3 50476 352
0x0000723b3dab0880 0x0000000ca9f8d880 0 0 0 0 1 2 3 50476 360
0x0000723b3dab0900 0x0000000ca9f8d900 0 1 0 0 1 2 3 50476 352
0x0000723b3dab0980 0x0000000ca9f8d980 0 1 0 0 1 2 3 50476 360
0x0000723b3dab0a00 0x0000000ca9f8da00 0 0 1 0 1 2 3 50476 352
0x0000723b3dab0a80 0x0000000ca9f8da80 0 0 1 0 1 2 3 50476 360
0x0000723b3dab0b00 0x0000000ca9f8db00 0 1 1 0 1 2 3 50476 352
0x0000723b3dab0b80 0x0000000ca9f8db80 0 1 1 0 1 2 3 50476 360
0x0000723b3dab0c00 0x0000000ca9f8dc00 0 0 0 0 1 2 3 50476 368
0x0000723b3dab0c80 0x0000000ca9f8dc80 0 0 0 0 1 2 3 50476 376
0x0000723b3dab0d00 0x0000000ca9f8dd00 0 1 0 0 1 2 3 50476 368
0x0000723b3dab0d80 0x0000000ca9f8dd80 0 1 0 0 1 2 3 50476 376
0x0000723b3dab0e00 0x0000000ca9f8de00 0 0 1 0 1 2 3 50476 368
0x0000723b3dab0e80 0x0000000ca9f8de80 0 0 1 0 1 2 3 50476 376
0x0000723b3dab0f00 0x0000000ca9f8df00 0 1 1 0 1 2 3 50476 368
0x0000723b3dab0f80 0x0000000ca9f8df80 0 1 1 0 1 2 3 50476 376
0x0000723b3dab1000 0x0000000ca9f8c000 0 0 0 0 1 2 3 50476 256
0x0000723b3dab1080 0x0000000ca9f8c080 0 0 0 0 1 2 3 50476 264
0x0000723b3dab1100 0x0000000ca9f8c100 0 1 0 0 1 2 3 50476 256
0x0000723b3dab1180 0x0000000ca9f8c180 0 1 0 0 1 2 3 50476 264
0x0000723b3dab1200 0x0000000ca9f8c200 0 0 1 0 1 2 3 50476 256
0x0000723b3dab1280 0x0000000ca9f8c280 0 0 1 0 1 2 3 50476 264
0x0000723b3dab1300 0x0000000ca9f8c300 0 1 1 0 1 2 3 50476 256
0x0000723b3dab1380 0x0000000ca9f8c380 0 1 1 0 1 2 3 50476 264
0x0000723b3dab1400 0x0000000ca9f8c400 0 0 0 0 1 2 3 50476 272
0x0000723b3dab1480 0x0000000ca9f8c480 0 0 0 0 1 2 3 50476 280
0x0000723b3dab1500 0x0000000ca9f8c500 0 1 0 0 1 2 3 50476 272
0x0000723b3dab1580 0x0000000ca9f8c580 0 1 0 0 1 2 3 50476 280
0x0000723b3dab1600 0x0000000ca9f8c600 0 0 1 0 1 2 3 50476 272
0x0000723b3dab1680 0x0000000ca9f8c680 0 0 1 0 1 2 3 50476 280
0x0000723b3dab1700 0x0000000ca9f8c700 0 1 1 0 1 2 3 50476 272
0x0000723b3dab1780 0x0000000ca9f8c780 0 1 1 0 1 2 3 50476 280
0x0000723b3dab1800 0x0000000ca9f8c800 0 0 0 0 1 2 3 50476 288
0x0000723b3dab1880 0x0000000ca9f8c880 0 0 0 0 1 2 3 50476 296
0x0000723b3dab1900 0x0000000ca9f8c900 0 1 0 0 1 2 3 50476 288
0x0000723b3dab1980 0x0000000ca9f8c980 0 1 0 0 1 2 3 50476 296
0x0000723b3dab1a00 0x0000000ca9f8ca00 0 0 1 0 1 2 3 50476 288
0x0000723b3dab1a80 0x0000000ca9f8ca80 0 0 1 0 1 2 3 50476 296
0x0000723b3dab1b00 0x0000000ca9f8cb00 0 1 1 0 1 2 3 50476 288
0x0000723b3dab1b80 0x0000000ca9f8cb80 0 1 1 0 1 2 3 50476 296
0x0000723b3dab1c00 0x0000000ca9f8cc00 0 0 0 0 1 2 3 50476 304
0x0000723b3dab1c80 0x0000000ca9f8cc80 0 0 0 0 1 2 3 50476 312
0x0000723b3dab1d00 0x0000000ca9f8cd00 0 1 0 0 1 2 3 50476 304
0x0000723b3dab1d80 0x0000000ca9f8cd80 0 1 0 0 1 2 3 50476 312
0x0000723b3dab1e00 0x0000000ca9f8ce00 0 0 1 0 1 2 3 50476 304
0x0000723b3dab1e80 0x0000000ca9f8ce80 0 0 1 0 1 2 3 50476 312
0x0000723b3dab1f00 0x0000000ca9f8cf00 0 1 1 0 1 2 3 50476 304
0x0000723b3dab1f80 0x0000000ca9f8cf80 0 1 1 0 1 2 3 50476 312
0x0000723b3dab3000 0x0000000ca9f8f000 0 0 0 0 1 2 3 50476 448
0x0000723b3dab3080 0x0000000ca9f8f080 0 0 0 0 1 2 3 50476 456
0x0000723b3dab3100 0x0000000ca9f8f100 0 1 0 0 1 2 3 50476 448
0x0000723b3dab3180 0x0000000ca9f8f180 0 1 0 0 1 2 3 50476 456
0x0000723b3dab3200 0x0000000ca9f8f200 0 0 1 0 1 2 3 50476 448
0x0000723b3dab3280 0x0000000ca9f8f280 0 0 1 0 1 2 3 50476 456
0x0000723b3dab3300 0x0000000ca9f8f300 0 1 1 0 1 2 3 50476 448
0x0000723b3dab3380 0x0000000ca9f8f380 0 1 1 0 1 2 3 50476 456
0x0000723b3dab3400 0x0000000ca9f8f400 0 0 0 0 1 2 3 50476 464
0x0000723b3dab3480 0x0000000ca9f8f480 0 0 0 0 1 2 3 50476 472
0x0000723b3dab3500 0x0000000ca9f8f500 0 1 0 0 1 2 3 50476 464
0x0000723b3dab3580 0x0000000ca9f8f580 0 1 0 0 1 2 3 50476 472
0x0000723b3dab3600 0x0000000ca9f8f600 0 0 1 0 1 2 3 50476 464
0x0000723b3dab3680 0x0000000ca9f8f680 0 0 1 0 1 2 3 50476 472
0x0000723b3dab3700 0x0000000ca9f8f700 0 1 1 0 1 2 3 50476 464
0x0000723b3dab3780 0x0000000ca9f8f780 0 1 1 0 1 2 3 50476 472
0x0000723b3dab3800 0x0000000ca9f8f800 0 0 0 0 1 2 3 50476 480
0x0000723b3dab3880 0x0000000ca9f8f880 0 0 0 0 1 2 3 50476 488
0x0000723b3dab3900 0x0000000ca9f8f900 0 1 0 0 1 2 3 50476 480
0x0000723b3dab3980 0x0000000ca9f8f980 0 1 0 0 1 2 3 50476 488
0x0000723b3dab3a00 0x0000000ca9f8fa00 0 0 1 0 1 2 3 50476 480
0x0000723b3dab3a80 0x0000000ca9f8fa80 0 0 1 0 1 2 3 50476 488
0x0000723b3dab3b00 0x0000000ca9f8fb00 0 1 1 0 1 2 3 50476 480
0x0000723b3dab3b80 0x0000000ca9f8fb80 0 1 1 0 1 2 3 50476 488
0x0000723b3dab3c00 0x0000000ca9f8fc00 0 0 0 0 1 2 3 50476 496
0x0000723b3dab3c80 0x0000000ca9f8fc80 0 0 0 0 1 2 3 50476 504
0x0000723b3dab3d00 0x0000000ca9f8fd00 0 1 0 0 1 2 3 50476 496
0x0000723b3dab3d80 0x0000000ca9f8fd80 0 1 0 0 1 2 3 50476 504
0x0000723b3dab3e00 0x0000000ca9f8fe00 0 0 1 0 1 2 3 50476 496
0x0000723b3dab3e80 0x0000000ca9f8fe80 0 0 1 0 1 2 3 50476 504
0x0000723b3dab3f00 0x0000000ca9f8ff00 0 1 1 0 1 2 3 50476 496
0x0000723b3dab3f80 0x0000000ca9f8ff80 0 1 1 0 1 2 3 50476 504
0x0000723b3daba000 0x0000000560fe4000 0 0 0 0 0 2 3 19487 256
0x0000723b3daba080 0x0000000560fe4080 0 0 0 0 0 2 3 19487 264
0x0000723b3daba100 0x0000000560fe4100 0 1 0 0 0 2 3 19487 256
0x0000723b3daba180 0x0000000560fe4180 0 1 0 0 0 2 3 19487 264
0x0000723b3daba200 0x0000000560fe4200 0 0 1 0 0 2 3 19487 256
0x0000723b3daba280 0x0000000560fe4280 0 0 1 0 0 2 3 19487 264
0x0000723b3daba300 0x0000000560fe4300 0 1 1 0 0 2 3 19487 256
0x0000723b3daba380 0x0000000560fe4380 0 1 1 0 0 2 3 19487 264
0x0000723b3daba400 0x0000000560fe4400 0 0 0 0 0 2 3 19487 272
0x0000723b3daba480 0x0000000560fe4480 0 0 0 0 0 2 3 19487 280
0x0000723b3daba500 0x0000000560fe4500 0 1 0 0 0 2 3 19487 272
0x0000723b3daba580 0x0000000560fe4580 0 1 0 0 0 2 3 19487 280
0x0000723b3daba600 0x0000000560fe4600 0 0 1 0 0 2 3 19487 272
0x0000723b3daba680 0x0000000560fe4680 0 0 1 0 0 2 3 19487 280
0x0000723b3daba700 0x0000000560fe4700 0 1 1 0 0 2 3 19487 272
0x0000723b3daba780 0x0000000560fe4780 0 1 1 0 0 2 3 19487 280
0x0000723b3daba800 0x0000000560fe4800 0 0 0 0 0 2 3 19487 288
0x0000723b3daba880 0x0000000560fe4880 0 0 0 0 0 2 3 19487 296
0x0000723b3daba900 0x0000000560fe4900 0 1 0 0 0 2 3 19487 288
0x0000723b3daba980 0x0000000560fe4980 0 1 0 0 0 2 3 19487 296
0x0000723b3dabaa00 0x0000000560fe4a00 0 0 1 0 0 2 3 19487 288
0x0000723b3dabaa80 0x0000000560fe4a80 0 0 1 0 0 2 3 19487 296
0x0000723b3dabab00 0x0000000560fe4b00 0 1 1 0 0 2 3 19487 288
0x0000723b3dabab80 0x0000000560fe4b80 0 1 1 0 0 2 3 19487 296
0x0000723b3dabac00 0x0000000560fe4c00 0 0 0 0 0 2 3 19487 304
0x0000723b3dabac80 0x0000000560fe4c80 0 0 0 0 0 2 3 19487 312
0x0000723b3dabad00 0x0000000560fe4d00 0 1 0 0 0 2 3 19487 304
0x0000723b3dabad80 0x0000000560fe4d80 0 1 0 0 0 2 3 19487 312
0x0000723b3dabae00 0x0000000560fe4e00 0 0 1 0 0 2 3 19487 304
0x0000723b3dabae80 0x0000000560fe4e80 0 0 1 0 0 2 3 19487 312
0x0000723b3dabaf00 0x0000000560fe4f00 0 1 1 0 0 2 3 19487 304
0x0000723b3dabaf80 0x0000000560fe4f80 0 1 1 0 0 2 3 19487 312
0x0000723b3dac8000 0x0000000606f64000 0 0 0 0 0 2 3 20699 256
0x0000723b3dac8080 0x0000000606f64080 0 0 0 0 0 2 3 20699 264
0x0000723b3dac8100 0x0000000606f64100 0 1 0 0 0 2 3 20699 256
0x0000723b3dac8180 0x0000000606f64180 0 1 0 0 0 2 3 20699 264
0x0000723b3dac8200 0x0000000606f64200 0 0 1 0 0 2 3 20699 256
0x0000723b3dac8280 0x0000000606f64280 0 0 1 0 0 2 3 20699 264
0x0000723b3dac8300 0x0000000606f64300 0 1 1 0 0 2 3 20699 256
0x0000723b3dac8380 0x0000000606f64380 0 1 1 0 0 2 3 20699 264
0x0000723b3dac8400 0x0000000606f64400 0 0 0 0 0 2 3 20699 272
0x0000723b3dac8480 0x0000000606f64480 0 0 0 0 0 2 3 20699 280
0x0000723b3dac8500 0x0000000606f64500 0 1 0 0 0 2 3 20699 272
0x0000723b3dac8580 0x0000000606f64580 0 1 0 0 0 2 3 20699 280
0x0000723b3dac8600 0x0000000606f64600 0 0 1 0 0 2 3 20699 272
0x0000723b3dac8680 0x0000000606f64680 0 0 1 0 0 2 3 20699 280
0x0000723b3dac8700 0x0000000606f64700 0 1 1 0 0 2 3 20699 272
0x0000723b3dac8780 0x0000000606f64780 0 1 1 0 0 2 3 20699 280
0x0000723b3dac8800 0x0000000606f64800 0 0 0 0 0 2 3 20699 288
0x0000723b3dac8880 0x0000000606f64880 0 0 0 0 0 2 3 20699 296
0x0000723b3dac8900 0x0000000606f64900 0 1 0 0 0 2 3 20699 288
0x0000723b3dac8980 0x0000000606f64980 0 1 0 0 0 2 3 20699 296
0x0000723b3dac8a00 0x0000000606f64a00 0 0 1 0 0 2 3 20699 288
0x0000723b3dac8a80 0x0000000606f64a80 0 0 1 0 0 2 3 20699 296
0x0000723b3dac8b00 0x0000000606f64b00 0 1 1 0 0 2 3 20699 288
0x0000723b3dac8b80 0x0000000606f64b80 0 1 1 0 0 2 3 20699 296
0x0000723b3dac8c00 0x0000000606f64c00 0 0 0 0 0 2 3 20699 304
0x0000723b3dac8c80 0x0000000606f64c80 0 0 0 0 0 2 3 20699 312
0x0000723b3dac8d00 0x0000000606f64d00 0 1 0 0 0 2 3 20699 304
0x0000723b3dac8d80 0x0000000606f64d80 0 1 0 0 0 2 3 20699 312
0x0000723b3dac8e00 0x0000000606f64e00 0 0 1 0 0 2 3 20699 304
0x0000723b3dac8e80 0x0000000606f64e80 0 0 1 0 0 2 3 20699 312
0x0000723b3dac8f00 0x0000000606f64f00 0 1 1 0 0 2 3 20699 304
0x0000723b3dac8f80 0x0000000606f64f80 0 1 1 0 0 2 3 20699 312
0x0000723b3dacc000 0x0000000e4e73e000 0 0 0 0 1 2 3 55761 896
0x0000723b3dacc080 0x0000000e4e73e080 0 0 0 0 1 2 3 55761 904
0x0000723b3dacc100 0x0000000e4e73e100 0 1 0 0 1 2 3 55761 896
0x0000723b3dacc180 0x0000000e4e73e180 0 1 0 0 1 2 3 55761 904
0x0000723b3dacc200 0x0000000e4e73e200 0 0 1 0 1 2 3 55761 896
0x0000723b3dacc280 0x0000000e4e73e280 0 0 1 0 1 2 3 55761 904
0x0000723b3dacc300 0x0000000e4e73e300 0 1 1 0 1 2 3 55761 896
0x0000723b3dacc380 0x0000000e4e73e380 0 1 1 0 1 2 3 55761 904
0x0000723b3dacc400 0x0000000e4e73e400 0 0 0 0 1 2 3 55761 912
0x0000723b3dacc480 0x0000000e4e73e480 0 0 0 0 1 2 3 55761 920
0x0000723b3dacc500 0x0000000e4e73e500 0 1 0 0 1 2 3 55761 912
0x0000723b3dacc580 0x0000000e4e73e580 0 1 0 0 1 2 3 55761 920
0x0000723b3dacc600 0x0000000e4e73e600 0 0 1 0 1 2 3 55761 912
0x0000723b3dacc680 0x0000000e4e73e680 0 0 1 0 1 2 3 55761 920
0x0000723b3dacc700 0x0000000e4e73e700 0 1 1 0 1 2 3 55761 912
0x0000723b3dacc780 0x0000000e4e73e780 0 1 1 0 1 2 3 55761 920
0x0000723b3dacc800 0x0000000e4e73e800 0 0 0 0 1 2 3 55761 928
0x0000723b3dacc880 0x0000000e4e73e880 0 0 0 0 1 2 3 55761 936
0x0000723b3dacc900 0x0000000e4e73e900 0 1 0 0 1 2 3 55761 928
0x0000723b3dacc980 0x0000000e4e73e980 0 1 0 0 1 2 3 55761 936
0x0000723b3dacca00 0x0000000e4e73ea00 0 0 1 0 1 2 3 55761 928
0x0000723b3dacca80 0x0000000e4e73ea80 0 0 1 0 1 2 3 55761 936
0x0000723b3daccb00 0x0000000e4e73eb00 0 1 1 0 1 2 3 55761 928
0x0000723b3daccb80 0x0000000e4e73eb80 0 1 1 0 1 2 3 55761 936
0x0000723b3daccc00 0x0000000e4e73ec00 0 0 0 0 1 2 3 55761 944
0x0000723b3daccc80 0x0000000e4e73ec80 0 0 0 0 1 2 3 55761 952
0x0000723b3daccd00 0x0000000e4e73ed00 0 1 0 0 1 2 3 55761 944
0x0000723b3daccd80 0x0000000e4e73ed80 0 1 0 0 1 2 3 55761 952
0x0000723b3dacce00 0x0000000e4e73ee00 0 0 1 0 1 2 3 55761 944
0x0000723b3dacce80 0x0000000e4e73ee80 0 0 1 0 1 2 3 55761 952
0x0000723b3daccf00 0x0000000e4e73ef00 0 1 1 0 1 2 3 55761 944
0x0000723b3daccf80 0x0000000e4e73ef80 0 1 1 0 1 2 3 55761 952
0x0000723b3dace000 0x0000000e9171f000 0 0 0 0 1 2 3 57888 960
0x0000723b3dace080 0x0000000e9171f080 0 0 0 0 1 2 3 57888 968
0x0000723b3dace100 0x0000000e9171f100 0 1 0 0 1 2 3 57888 960
0x0000723b3dace180 0x0000000e9171f180 0 1 0 0 1 2 3 57888 968
0x0000723b3dace200 0x0000000e9171f200 0 0 1 0 1 2 3 57888 960
0x0000723b3dace280 0x0000000e9171f280 0 0 1 0 1 2 3 57888 968
0x0000723b3dace300 0x0000000e9171f300 0 1 1 0 1 2 3 57888 960
0x0000723b3dace380 0x0000000e9171f380 0 1 1 0 1 2 3 57888 968
0x0000723b3dace400 0x0000000e9171f400 0 0 0 0 1 2 3 57888 976
0x0000723b3dace480 0x0000000e9171f480 0 0 0 0 1 2 3 57888 984
0x0000723b3dace500 0x0000000e9171f500 0 1 0 0 1 2 3 57888 976
0x0000723b3dace580 0x0000000e9171f580 0 1 0 0 1 2 3 57888 984
0x0000723b3dace600 0x0000000e9171f600 0 0 1 0 1 2 3 57888 976
0x0000723b3dace680 0x0000000e9171f680 0 0 1 0 1 2 3 57888 984
0x0000723b3dace700 0x0000000e9171f700 0 1 1 0 1 2 3 57888 976
0x0000723b3dace780 0x0000000e9171f780 0 1 1 0 1 2 3 57888 984
0x0000723b3dace800 0x0000000e9171f800 0 0 0 0 1 2 3 57888 992
0x0000723b3dace880 0x0000000e9171f880 0 0 0 0 1 2 3 57888 1000
0x0000723b3dace900 0x0000000e9171f900 0 1 0 0 1 2 3 57888 992
0x0000723b3dace980 0x0000000e9171f980 0 1 0 0 1 2 3 57888 1000
0x0000723b3dacea00 0x0000000e9171fa00 0 0 1 0 1 2 3 57888 992
0x0000723b3dacea80 0x0000000e9171fa80 0 0 1 0 1 2 3 57888 1000
0x0000723b3daceb00 0x0000000e9171fb00 0 1 1 0 1 2 3 57888 992
0x0000723b3daceb80 0x0000000e9171fb80 0 1 1 0 1 2 3 57888 1000
0x0000723b3dacec00 0x0000000e9171fc00 0 0 0 0 1 2 3 57888 1008
0x0000723b3dacec80 0x0000000e9171fc80 0 0 0 0 1 2 3 57888 1016
0x0000723b3daced00 0x0000000e9171fd00 0 1 0 0 1 2 3 57888 1008
0x0000723b3daced80 0x0000000e9171fd80 0 1 0 0 1 2 3 57888 1016
0x0000723b3dacee00 0x0000000e9171fe00 0 0 1 0 1 2 3 57888 1008
0x0000723b3dacee80 0x0000000e9171fe80 0 0 1 0 1 2 3 57888 1016
0x0000723b3dacef00 0x0000000e9171ff00 0 1 1 0 1 2 3 57888 1008
0x0000723b3dacef80 0x0000000e9171ff80 0 1 1 0 1 2 3 57888 1016
0x0000723b3dad1000 0x00000008c17f6000 0 0 0 0 0 2 3 34855 896
0x0000723b3dad1080 0x00000008c17f6080 0 0 0 0 0 2 3 34855 904
0x0000723b3dad1100 0x00000008c17f6100 0 1 0 0 0 2 3 34855 896
0x0000723b3dad1180 0x00000008c17f6180 0 1 0 0 0 2 3 34855 904
0x0000723b3dad1200 0x00000008c17f6200 0 0 1 0 0 2 3 34855 896
0x0000723b3dad1280 0x00000008c17f6280 0 0 1 0 0 2 3 34855 904
0x0000723b3dad1300 0x00000008c17f6300 0 1 1 0 0 2 3 34855 896
0x0000723b3dad1380 0x00000008c17f6380 0 1 1 0 0 2 3 34855 904
0x0000723b3dad1400 0x00000008c17f6400 0 0 0 0 0 2 3 34855 912
0x0000723b3dad1480 0x00000008c17f6480 0 0 0 0 0 2 3 34855 920
0x0000723b3dad1500 0x00000008c17f6500 0 1 0 0 0 2 3 34855 912
0x0000723b3dad1580 0x00000008c17f6580 0 1 0 0 0 2 3 34855 920
0x0000723b3dad1600 0x00000008c17f6600 0 0 1 0 0 2 3 34855 912
0x0000723b3dad1680 0x00000008c17f6680 0 0 1 0 0 2 3 34855 920
0x0000723b3dad1700 0x00000008c17f6700 0 1 1 0 0 2 3 34855 912
0x0000723b3dad1780 0x00000008c17f6780 0 1 1 0 0 2 3 34855 920
0x0000723b3dad1800 0x00000008c17f6800 0 0 0 0 0 2 3 34855 928
0x0000723b3dad1880 0x00000008c17f6880 0 0 0 0 0 2 3 34855 936
0x0000723b3dad1900 0x00000008c17f6900 0 1 0 0 0 2 3 34855 928
0x0000723b3dad1980 0x00000008c17f6980 0 1 0 0 0 2 3 34855 936
0x0000723b3dad1a00 0x00000008c17f6a00 0 0 1 0 0 2 3 34855 928
0x0000723b3dad1a80 0x00000008c17f6a80 0 0 1 0 0 2 3 34855 936
0x0000723b3dad1b00 0x00000008c17f6b00 0 1 1 0 0 2 3 34855 928
0x0000723b3dad1b80 0x00000008c17f6b80 0 1 1 0 0 2 3 34855 936
0x0000723b3dad1c00 0x00000008c17f6c00 0 0 0 0 0 2 3 34855 944
0x0000723b3dad1c80 0x00000008c17f6c80 0 0 0 0 0 2 3 34855 952
0x0000723b3dad1d00 0x00000008c17f6d00 0 1 0 0 0 2 3 34855 944
0x0000723b3dad1d80 0x00000008c17f6d80 0 1 0 0 0 2 3 34855 952
0x0000723b3dad1e00 0x00000008c17f6e00 0 0 1 0 0 2 3 34855 944
0x0000723b3dad1e80 0x00000008c17f6e80 0 0 1 0 0 2 3 34855 952
0x0000723b3dad1f00 0x00000008c17f6f00 0 1 1 0 0 2 3 34855 944
0x0000723b3dad1f80 0x00000008c17f6f80 0 1 1 0 0 2 3 34855 952
0x0000723b3dad4000 0x0000000d9d7e2000 0 0 0 0 0 2 3 54183 128
0x0000723b3dad4080 0x0000000d9d7e2080 0 0 0 0 0 2 3 54183 136
0x0000723b3dad4100 0x0000000d9d7e2100 0 1 0 0 0 2 3 54183 128
0x0000723b3dad4180 0x0000000d9d7e2180 0 1 0 0 0 2 3 54183 136
0x0000723b3dad4200 0x0000000d9d7e2200 0 0 1 0 0 2 3 54183 128
0x0000723b3dad4280 0x0000000d9d7e2280 0 0 1 0 0 2 3 54183 136
0x0000723b3dad4300 0x0000000d9d7e2300 0 1 1 0 0 2 3 54183 128
0x0000723b3dad4380 0x0000000d9d7e2380 0 1 1 0 0 2 3 54183 136
0x0000723b3dad4400 0x0000000d9d7e2400 0 0 0 0 0 2 3 54183 144
0x0000723b3dad4480 0x0000000d9d7e2480 0 0 0 0 0 2 3 54183 152
0x0000723b3dad4500 0x0000000d9d7e2500 0 1 0 0 0 2 3 54183 144
0x0000723b3dad4580 0x0000000d9d7e2580 0 1 0 0 0 2 3 54183 152
0x0000723b3dad4600 0x0000000d9d7e2600 0 0 1 0 0 2 3 54183 144
0x0000723b3dad4680 0x0000000d9d7e2680 0 0 1 0 0 2 3 54183 152
0x0000723b3dad4700 0x0000000d9d7e2700 0 1 1 0 0 2 3 54183 144
0x0000723b3dad4780 0x0000000d9d7e2780 0 1 1 0 0 2 3 54183 152
0x0000723b3dad4800 0x0000000d9d7e2800 0 0 0 0 0 2 3 54183 160
0x0000723b3dad4880 0x0000000d9d7e2880 0 0 0 0 0 2 3 54183 168
0x0000723b3dad4900 0x0000000d9d7e2900 0 1 0 0 0 2 3 54183 160
0x0000723b3dad4980 0x0000000d9d7e2980 0 1 0 0 0 2 3 54183 168
0x0000723b3dad4a00 0x0000000d9d7e2a00 0 0 1 0 0 2 3 54183 160
0x0000723b3dad4a80 0x0000000d9d7e2a80 0 0 1 0 0 2 3 54183 168
0x0000723b3dad4b00 0x0000000d9d7e2b00 0 1 1 0 0 2 3 54183 160
0x0000723b3dad4b80 0x0000000d9d7e2b80 0 1 1 0 0 2 3 54183 168
0x0000723b3dad4c00 0x0000000d9d7e2c00 0 0 0 0 0 2 3 54183 176
0x0000723b3dad4c80 0x0000000d9d7e2c80 0 0 0 0 0 2 3 54183 184
0x0000723b3dad4d00 0x0000000d9d7e2d00 0 1 0 0 0 2 3 54183 176
0x0000723b3dad4d80 0x0000000d9d7e2d80 0 1 0 0 0 2 3 54183 184
0x0000723b3dad4e00 0x0000000d9d7e2e00 0 0 1 0 0 2 3 54183 176
0x0000723b3dad4e80 0x0000000d9d7e2e80 0 0 1 0 0 2 3 54183 184
0x0000723b3dad4f00 0x0000000d9d7e2f00 0 1 1 0 0 2 3 54183 176
0x0000723b3dad4f80 0x0000000d9d7e2f80 0 1 1 0 0 2 3 54183 184
0x0000723b3dade000 0x000000050df65000 0 0 0 0 0 2 3 16827 320
0x0000723b3dade080 0x000000050df65080 0 0 0 0 0 2 3 16827 328
0x0000723b3dade100 0x000000050df65100 0 1 0 0 0 2 3 16827 320
0x0000723b3dade180 0x000000050df65180 0 1 0 0 0 2 3 16827 328
0x0000723b3dade200 0x000000050df65200 0 0 1 0 0 2 3 16827 320
0x0000723b3dade280 0x000000050df65280 0 0 1 0 0 2 3 16827 328
0x0000723b3dade300 0x000000050df65300 0 1 1 0 0 2 3 16827 320
0x0000723b3dade380 0x000000050df65380 0 1 1 0 0 2 3 16827 328
0x0000723b3dade400 0x000000050df65400 0 0 0 0 0 2 3 16827 336
0x0000723b3dade480 0x000000050df65480 0 0 0 0 0 2 3 16827 344
0x0000723b3dade500 0x000000050df65500 0 1 0 0 0 2 3 16827 336
0x0000723b3dade580 0x000000050df65580 0 1 0 0 0 2 3 16827 344
0x0000723b3dade600 0x000000050df65600 0 0 1 0 0 2 3 16827 336
0x0000723b3dade680 0x000000050df65680 0 0 1 0 0 2 3 16827 344
0x0000723b3dade700 0x000000050df65700 0 1 1 0 0 2 3 16827 336
0x0000723b3dade780 0x000000050df65780 0 1 1 0 0 2 3 16827 344
0x0000723b3dade800 0x000000050df65800 0 0 0 0 0 2 3 16827 352
0x0000723b3dade880 0x000000050df65880 0 0 0 0 0 2 3 16827 360
0x0000723b3dade900 0x000000050df65900 0 1 0 0 0 2 3 16827 352
0x0000723b3dade980 0x000000050df65980 0 1 0 0 0 2 3 16827 360
0x0000723b3dadea00 0x000000050df65a00 0 0 1 0 0 2 3 16827 352
0x0000723b3dadea80 0x000000050df65a80 0 0 1 0 0 2 3 16827 360
0x0000723b3dadeb00 0x000000050df65b00 0 1 1 0 0 2 3 16827 352
0x0000723b3dadeb80 0x000000050df65b80 0 1 1 0 0 2 3 16827 360
0x0000723b3dadec00 0x000000050df65c00 0 0 0 0 0 2 3 16827 368
0x0000723b3dadec80 0x000000050df65c80 0 0 0 0 0 2 3 16827 376
0x0000723b3daded00 0x000000050df65d00 0 1 0 0 0 2 3 16827 368
0x0000723b3daded80 0x000000050df65d80 0 1 0 0 0 2 3 16827 376
0x0000723b3dadee00 0x000000050df65e00 0 0 1 0 0 2 3 16827 368
0x0000723b3dadee80 0x000000050df65e80 0 0 1 0 0 2 3 16827 376
0x0000723b3dadef00 0x000000050df65f00 0 1 1 0 0 2 3 16827 368
0x0000723b3dadef80 0x000000050df65f80 0 1 1 0 0 2 3 16827 376
0x0000723b3dae7000 0x0000000dd4ffa000 0 0 0 0 1 2 3 55951 640
0x0000723b3dae7080 0x0000000dd4ffa080 0 0 0 0 1 2 3 55951 648
0x0000723b3dae7100 0x0000000dd4ffa100 0 1 0 0 1 2 3 55951 640
0x0000723b3dae7180 0x0000000dd4ffa180 0 1 0 0 1 2 3 55951 648
0x0000723b3dae7200 0x0000000dd4ffa200 0 0 1 0 1 2 3 55951 640
0x0000723b3dae7280 0x0000000dd4ffa280 0 0 1 0 1 2 3 55951 648
0x0000723b3dae7300 0x0000000dd4ffa300 0 1 1 0 1 2 3 55951 640
0x0000723b3dae7380 0x0000000dd4ffa380 0 1 1 0 1 2 3 55951 648
0x0000723b3dae7400 0x0000000dd4ffa400 0 0 0 0 1 2 3 55951 656
0x0000723b3dae7480 0x0000000dd4ffa480 0 0 0 0 1 2 3 55951 664
0x0000723b3dae7500 0x0000000dd4ffa500 0 1 0 0 1 2 3 55951 656
0x0000723b3dae7580 0x0000000dd4ffa580 0 1 0 0 1 2 3 55951 664
0x0000723b3dae7600 0x0000000dd4ffa600 0 0 1 0 1 2 3 55951 656
0x0000723b3dae7680 0x0000000dd4ffa680 0 0 1 0 1 2 3 55951 664
0x0000723b3dae7700 0x0000000dd4ffa700 0 1 1 0 1 2 3 55951 656
0x0000723b3dae7780 0x0000000dd4ffa780 0 1 1 0 1 2 3 55951 664
0x0000723b3dae7800 0x0000000dd4ffa800 0 0 0 0 1 2 3 55951 672
0x0000723b3dae7880 0x0000000dd4ffa880 0 0 0 0 1 2 3 55951 680
0x0000723b3dae7900 0x0000000dd4ffa900 0 1 0 0 1 2 3 55951 672
0x0000723b3dae7980 0x0000000dd4ffa980 0 1 0 0 1 2 3 55951 680
0x0000723b3dae7a00 0x0000000dd4ffaa00 0 0 1 0 1 2 3 55951 672
0x0000723b3dae7a80 0x0000000dd4ffaa80 0 0 1 0 1 2 3 55951 680
0x0000723b3dae7b00 0x0000000dd4ffab00 0 1 1 0 1 2 3 55951 672
0x0000723b3dae7b80 0x0000000dd4ffab80 0 1 1 0 1 2 3 55951 680
0x0000723b3dae7c00 0x0000000dd4ffac00 0 0 0 0 1 2 3 55951 688
0x0000723b3dae7c80 0x0000000dd4ffac80 0 0 0 0 1 2 3 55951 696
0x0000723b3dae7d00 0x0000000dd4ffad00 0 1 0 0 1 2 3 55951 688
0x0000723b3dae7d80 0x0000000dd4ffad80 0 1 0 0 1 2 3 55951 696
0x0000723b3dae7e00 0x0000000dd4ffae00 0 0 1 0 1 2 3 55951 688
0x0000723b3dae7e80 0x0000000dd4ffae80 0 0 1 0 1 2 3 55951 696
0x0000723b3dae7f00 0x0000000dd4ffaf00 0 1 1 0 1 2 3 55951 688
0x0000723b3dae7f80 0x0000000dd4ffaf80 0 1 1 0 1 2 3 55951 696
0x0000723b3dae8000 0x0000000dc8fb1000 0 0 0 0 0 2 3 55565 576
0x0000723b3dae8080 0x0000000dc8fb1080 0 0 0 0 0 2 3 55565 584
0x0000723b3dae8100 0x0000000dc8fb1100 0 1 0 0 0 2 3 55565 576
0x0000723b3dae8180 0x0000000dc8fb1180 0 1 0 0 0 2 3 55565 584
0x0000723b3dae8200 0x0000000dc8fb1200 0 0 1 0 0 2 3 55565 576
0x0000723b3dae8280 0x0000000dc8fb1280 0 0 1 0 0 2 3 55565 584
0x0000723b3dae8300 0x0000000dc8fb1300 0 1 1 0 0 2 3 55565 576
0x0000723b3dae8380 0x0000000dc8fb1380 0 1 1 0 0 2 3 55565 584
0x0000723b3dae8400 0x0000000dc8fb1400 0 0 0 0 0 2 3 55565 592
0x0000723b3dae8480 0x0000000dc8fb1480 0 0 0 0 0 2 3 55565 600
0x0000723b3dae8500 0x0000000dc8fb1500 0 1 0 0 0 2 3 55565 592
0x0000723b3dae8580 0x0000000dc8fb1580 0 1 0 0 0 2 3 55565 600
0x0000723b3dae8600 0x0000000dc8fb1600 0 0 1 0 0 2 3 55565 592
0x0000723b3dae8680 0x0000000dc8fb1680 0 0 1 0 0 2 3 55565 600
0x0000723b3dae8700 0x0000000dc8fb1700 0 1 1 0 0 2 3 55565 592
0x0000723b3dae8780 0x0000000dc8fb1780 0 1 1 0 0 2 3 55565 600
0x0000723b3dae8800 0x0000000dc8fb1800 0 0 0 0 0 2 3 55565 608
0x0000723b3dae8880 0x0000000dc8fb1880 0 0 0 0 0 2 3 55565 616
0x0000723b3dae8900 0x0000000dc8fb1900 0 1 0 0 0 2 3 55565 608
0x0000723b3dae8980 0x0000000dc8fb1980 0 1 0 0 0 2 3 55565 616
0x0000723b3dae8a00 0x0000000dc8fb1a00 0 0 1 0 0 2 3 55565 608
0x0000723b3dae8a80 0x0000000dc8fb1a80 0 0 1 0 0 2 3 55565 616
0x0000723b3dae8b00 0x0000000dc8fb1b00 0 1 1 0 0 2 3 55565 608
0x0000723b3dae8b80 0x0000000dc8fb1b80 0 1 1 0 0 2 3 55565 616
0x0000723b3dae8c00 0x0000000dc8fb1c00 0 0 0 0 0 2 3 55565 624
0x0000723b3dae8c80 0x0000000dc8fb1c80 0 0 0 0 0 2 3 55565 632
0x0000723b3dae8d00 0x0000000dc8fb1d00 0 1 0 0 0 2 3 55565 624
0x0000723b3dae8d80 0x0000000dc8fb1d80 0 1 0 0 0 2 3 55565 632
0x0000723b3dae8e00 0x0000000dc8fb1e00 0 0 1 0 0 2 3 55565 624
0x0000723b3dae8e80 0x0000000dc8fb1e80 0 0 1 0 0 2 3 55565 632
0x0000723b3dae8f00 0x0000000dc8fb1f00 0 1 1 0 0 2 3 55565 624
0x0000723b3dae8f80 0x0000000dc8fb1f80 0 1 1 0 0 2 3 55565 632
0x0000723b3dae9000 0x0000000ed1753000 0 0 0 0 0 2 3 59938 704
0x0000723b3dae9080 0x0000000ed1753080 0 0 0 0 0 2 3 59938 712
0x0000723b3dae9100 0x0000000ed1753100 0 1 0 0 0 2 3 59938 704
0x0000723b3dae9180 0x0000000ed1753180 0 1 0 0 0 2 3 59938 712
0x0000723b3dae9200 0x0000000ed1753200 0 0 1 0 0 2 3 59938 704
0x0000723b3dae9280 0x0000000ed1753280 0 0 1 0 0 2 3 59938 712
0x0000723b3dae9300 0x0000000ed1753300 0 1 1 0 0 2 3 59938 704
0x0000723b3dae9380 0x0000000ed1753380 0 1 1 0 0 2 3 59938 712
0x0000723b3dae9400 0x0000000ed1753400 0 0 0 0 0 2 3 59938 720
0x0000723b3dae9480 0x0000000ed1753480 0 0 0 0 0 2 3 59938 728
0x0000723b3dae9500 0x0000000ed1753500 0 1 0 0 0 2 3 59938 720
0x0000723b3dae9580 0x0000000ed1753580 0 1 0 0 0 2 3 59938 728
0x0000723b3dae9600 0x0000000ed1753600 0 0 1 0 0 2 3 59938 720
0x0000723b3dae9680 0x0000000ed1753680 0 0 1 0 0 2 3 59938 728
0x0000723b3dae9700 0x0000000ed1753700 0 1 1 0 0 2 3 59938 720
0x0000723b3dae9780 0x0000000ed1753780 0 1 1 0 0 2 3 59938 728
0x0000723b3dae9800 0x0000000ed1753800 0 0 0 0 0 2 3 59938 736
0x0000723b3dae9880 0x0000000ed1753880 0 0 0 0 0 2 3 59938 744
0x0000723b3dae9900 0x0000000ed1753900 0 1 0 0 0 2 3 59938 736
0x0000723b3dae9980 0x0000000ed1753980 0 1 0 0 0 2 3 59938 744
0x0000723b3dae9a00 0x0000000ed1753a00 0 0 1 0 0 2 3 59938 736
0x0000723b3dae9a80 0x0000000ed1753a80 0 0 1 0 0 2 3 59938 744
0x0000723b3dae9b00 0x0000000ed1753b00 0 1 1 0 0 2 3 59938 736
0x0000723b3dae9b80 0x0000000ed1753b80 0 1 1 0 0 2 3 59938 744
0x0000723b3dae9c00 0x0000000ed1753c00 0 0 0 0 0 2 3 59938 752
0x0000723b3dae9c80 0x0000000ed1753c80 0 0 0 0 0 2 3 59938 760
0x0000723b3dae9d00 0x0000000ed1753d00 0 1 0 0 0 2 3 59938 752
0x0000723b3dae9d80 0x0000000ed1753d80 0 1 0 0 0 2 3 59938 760
0x0000723b3dae9e00 0x0000000ed1753e00 0 0 1 0 0 2 3 59938 752
0x0000723b3dae9e80 0x0000000ed1753e80 0 0 1 0 0 2 3 59938 760
0x0000723b3dae9f00 0x0000000ed1753f00 0 1 1 0 0 2 3 59938 752
0x0000723b3dae9f80 0x0000000ed1753f80 0 1 1 0 0 2 3 59938 760
0x0000723b3daea000 0x0000000278745000 0 0 0 0 0 2 3 7954 320
0x0000723b3daea080 0x0000000278745080 0 0 0 0 0 2 3 7954 328
0x0000723b3daea100 0x0000000278745100 0 1 0 0 0 2 3 7954 320
0x0000723b3daea180 0x0000000278745180 0 1 0 0 0 2 3 7954 328
0x0000723b3daea200 0x0000000278745200 0 0 1 0 0 2 3 7954 320
0x0000723b3daea280 0x0000000278745280 0 0 1 0 0 2 3 7954 328
0x0000723b3daea300 0x0000000278745300 0 1 1 0 0 2 3 7954 320
0x0000723b3daea380 0x0000000278745380 0 1 1 0 0 2 3 7954 328
0x0000723b3daea400 0x0000000278745400 0 0 0 0 0 2 3 7954 336
0x0000723b3daea480 0x0000000278745480 0 0 0 0 0 2 3 7954 344
0x0000723b3daea500 0x0000000278745500 0 1 0 0 0 2 3 7954 336
0x0000723b3daea580 0x0000000278745580 0 1 0 0 0 2 3 7954 344
0x0000723b3daea600 0x0000000278745600 0 0 1 0 0 2 3 7954 336
0x0000723b3daea680 0x0000000278745680 0 0 1 0 0 2 3 7954 344
0x0000723b3daea700 0x0000000278745700 0 1 1 0 0 2 3 7954 336
0x0000723b3daea780 0x0000000278745780 0 1 1 0 0 2 3 7954 344
0x0000723b3daea800 0x0000000278745800 0 0 0 0 0 2 3 7954 352
0x0000723b3daea880 0x0000000278745880 0 0 0 0 0 2 3 7954 360
0x0000723b3daea900 0x0000000278745900 0 1 0 0 0 2 3 7954 352
0x0000723b3daea980 0x0000000278745980 0 1 0 0 0 2 3 7954 360
0x0000723b3daeaa00 0x0000000278745a00 0 0 1 0 0 2 3 7954 352
0x0000723b3daeaa80 0x0000000278745a80 0 0 1 0 0 2 3 7954 360
0x0000723b3daeab00 0x0000000278745b00 0 1 1 0 0 2 3 7954 352
0x0000723b3daeab80 0x0000000278745b80 0 1 1 0 0 2 3 7954 360
0x0000723b3daeac00 0x0000000278745c00 0 0 0 0 0 2 3 7954 368
0x0000723b3daeac80 0x0000000278745c80 0 0 0 0 0 2 3 7954 376
0x0000723b3daead00 0x0000000278745d00 0 1 0 0 0 2 3 7954 368
0x0000723b3daead80 0x0000000278745d80 0 1 0 0 0 2 3 7954 376
0x0000723b3daeae00 0x0000000278745e00 0 0 1 0 0 2 3 7954 368
0x0000723b3daeae80 0x0000000278745e80 0 0 1 0 0 2 3 7954 376
0x0000723b3daeaf00 0x0000000278745f00 0 1 1 0 0 2 3 7954 368
0x0000723b3daeaf80 0x0000000278745f80 0 1 1 0 0 2 3 7954 376
0x0000723b3daef000 0x0000000dbe7bf000 0 0 0 0 1 2 3 55237 960
0x0000723b3daef080 0x0000000dbe7bf080 0 0 0 0 1 2 3 55237 968
0x0000723b3daef100 0x0000000dbe7bf100 0 1 0 0 1 2 3 55237 960
0x0000723b3daef180 0x0000000dbe7bf180 0 1 0 0 1 2 3 55237 968
0x0000723b3daef200 0x0000000dbe7bf200 0 0 1 0 1 2 3 55237 960
0x0000723b3daef280 0x0000000dbe7bf280 0 0 1 0 1 2 3 55237 968
0x0000723b3daef300 0x0000000dbe7bf300 0 1 1 0 1 2 3 55237 960
0x0000723b3daef380 0x0000000dbe7bf380 0 1 1 0 1 2 3 55237 968
0x0000723b3daef400 0x0000000dbe7bf400 0 0 0 0 1 2 3 55237 976
0x0000723b3daef480 0x0000000dbe7bf480 0 0 0 0 1 2 3 55237 984
0x0000723b3daef500 0x0000000dbe7bf500 0 1 0 0 1 2 3 55237 976
0x0000723b3daef580 0x0000000dbe7bf580 0 1 0 0 1 2 3 55237 984
0x0000723b3daef600 0x0000000dbe7bf600 0 0 1 0 1 2 3 55237 976
0x0000723b3daef680 0x0000000dbe7bf680 0 0 1 0 1 2 3 55237 984
0x0000723b3daef700 0x0000000dbe7bf700 0 1 1 0 1 2 3 55237 976
0x0000723b3daef780 0x0000000dbe7bf780 0 1 1 0 1 2 3 55237 984
0x0000723b3daef800 0x0000000dbe7bf800 0 0 0 0 1 2 3 55237 992
0x0000723b3daef880 0x0000000dbe7bf880 0 0 0 0 1 2 3 55237 1000
0x0000723b3daef900 0x0000000dbe7bf900 0 1 0 0 1 2 3 55237 992
0x0000723b3daef980 0x0000000dbe7bf980 0 1 0 0 1 2 3 55237 1000
0x0000723b3daefa00 0x0000000dbe7bfa00 0 0 1 0 1 2 3 55237 992
0x0000723b3daefa80 0x0000000dbe7bfa80 0 0 1 0 1 2 3 55237 1000
0x0000723b3daefb00 0x0000000dbe7bfb00 0 1 1 0 1 2 3 55237 992
0x0000723b3daefb80 0x0000000dbe7bfb80 0 1 1 0 1 2 3 55237 1000
0x0000723b3daefc00 0x0000000dbe7bfc00 0 0 0 0 1 2 3 55237 1008
0x0000723b3daefc80 0x0000000dbe7bfc80 0 0 0 0 1 2 3 55237 1016
0x0000723b3daefd00 0x0000000dbe7bfd00 0 1 0 0 1 2 3 55237 1008
0x0000723b3daefd80 0x0000000dbe7bfd80 0 1 0 0 1 2 3 55237 1016
0x0000723b3daefe00 0x0000000dbe7bfe00 0 0 1 0 1 2 3 55237 1008
0x0000723b3daefe80 0x0000000dbe7bfe80 0 0 1 0 1 2 3 55237 1016
0x0000723b3daeff00 0x0000000dbe7bff00 0 1 1 0 1 2 3 55237 1008
0x0000723b3daeff80 0x0000000dbe7bff80 0 1 1 0 1 2 3 55237 1016
0x0000723b3db03000 0x0000000bab7cf000 0 0 0 0 1 2 3 46438 448
0x0000723b3db03080 0x0000000bab7cf080 0 0 0 0 1 2 3 46438 456
0x0000723b3db03100 0x0000000bab7cf100 0 1 0 0 1 2 3 46438 448
0x0000723b3db03180 0x0000000bab7cf180 0 1 0 0 1 2 3 46438 456
0x0000723b3db03200 0x0000000bab7cf200 0 0 1 0 1 2 3 46438 448
0x0000723b3db03280 0x0000000bab7cf280 0 0 1 0 1 2 3 46438 456
0x0000723b3db03300 0x0000000bab7cf300 0 1 1 0 1 2 3 46438 448
0x0000723b3db03380 0x0000000bab7cf380 0 1 1 0 1 2 3 46438 456
0x0000723b3db03400 0x0000000bab7cf400 0 0 0 0 1 2 3 46438 464
0x0000723b3db03480 0x0000000bab7cf480 0 0 0 0 1 2 3 46438 472
0x0000723b3db03500 0x0000000bab7cf500 0 1 0 0 1 2 3 46438 464
0x0000723b3db03580 0x0000000bab7cf580 0 1 0 0 1 2 3 46438 472
0x0000723b3db03600 0x0000000bab7cf600 0 0 1 0 1 2 3 46438 464
0x0000723b3db03680 0x0000000bab7cf680 0 0 1 0 1 2 3 46438 472
0x0000723b3db03700 0x0000000bab7cf700 0 1 1 0 1 2 3 46438 464
0x0000723b3db03780 0x0000000bab7cf780 0 1 1 0 1 2 3 46438 472
0x0000723b3db03800 0x0000000bab7cf800 0 0 0 0 1 2 3 46438 480
0x0000723b3db03880 0x0000000bab7cf880 0 0 0 0 1 2 3 46438 488
0x0000723b3db03900 0x0000000bab7cf900 0 1 0 0 1 2 3 46438 480
0x0000723b3db03980 0x0000000bab7cf980 0 1 0 0 1 2 3 46438 488
0x0000723b3db03a00 0x0000000bab7cfa00 0 0 1 0 1 2 3 46438 480
0x0000723b3db03a80 0x0000000bab7cfa80 0 0 1 0 1 2 3 46438 488
0x0000723b3db03b00 0x0000000bab7cfb00 0 1 1 0 1 2 3 46438 480
0x0000723b3db03b80 0x0000000bab7cfb80 0 1 1 0 1 2 3 46438 488
0x0000723b3db03c00 0x0000000bab7cfc00 0 0 0 0 1 2 3 46438 496
0x0000723b3db03c80 0x0000000bab7cfc80 0 0 0 0 1 2 3 46438 504
0x0000723b3db03d00 0x0000000bab7cfd00 0 1 0 0 1 2 3 46438 496
0x0000723b3db03d80 0x0000000bab7cfd80 0 1 0 0 1 2 3 46438 504
0x0000723b3db03e00 0x0000000bab7cfe00 0 0 1 0 1 2 3 46438 496
0x0000723b3db03e80 0x0000000bab7cfe80 0 0 1 0 1 2 3 46438 504
0x0000723b3db03f00 0x0000000bab7cff00 0 1 1 0 1 2 3 46438 496
0x0000723b3db03f80 0x0000000bab7cff80 0 1 1 0 1 2 3 46438 504
0x0000723b3db0b000 0x000000093c747000 0 0 0 0 0 2 3 34706 448
0x0000723b3db0b080 0x000000093c747080 0 0 0 0 0 2 3 34706 456
0x0000723b3db0b100 0x000000093c747100 0 1 0 0 0 2 3 34706 448
0x0000723b3db0b180 0x000000093c747180 0 1 0 0 0 2 3 34706 456
0x0000723b3db0b200 0x000000093c747200 0 0 1 0 0 2 3 34706 448
0x0000723b3db0b280 0x000000093c747280 0 0 1 0 0 2 3 34706 456
0x0000723b3db0b300 0x000000093c747300 0 1 1 0 0 2 3 34706 448
0x0000723b3db0b380 0x000000093c747380 0 1 1 0 0 2 3 34706 456
0x0000723b3db0b400 0x000000093c747400 0 0 0 0 0 2 3 34706 464
0x0000723b3db0b480 0x000000093c747480 0 0 0 0 0 2 3 34706 472
0x0000723b3db0b500 0x000000093c747500 0 1 0 0 0 2 3 34706 464
0x0000723b3db0b580 0x000000093c747580 0 1 0 0 0 2 3 34706 472
0x0000723b3db0b600 0x000000093c747600 0 0 1 0 0 2 3 34706 464
0x0000723b3db0b680 0x000000093c747680 0 0 1 0 0 2 3 34706 472
0x0000723b3db0b700 0x000000093c747700 0 1 1 0 0 2 3 34706 464
0x0000723b3db0b780 0x000000093c747780 0 1 1 0 0 2 3 34706 472
0x0000723b3db0b800 0x000000093c747800 0 0 0 0 0 2 3 34706 480
0x0000723b3db0b880 0x000000093c747880 0 0 0 0 0 2 3 34706 488
0x0000723b3db0b900 0x000000093c747900 0 1 0 0 0 2 3 34706 480
0x0000723b3db0b980 0x000000093c747980 0 1 0 0 0 2 3 34706 488
0x0000723b3db0ba00 0x000000093c747a00 0 0 1 0 0 2 3 34706 480
0x0000723b3db0ba80 0x000000093c747a80 0 0 1 0 0 2 3 34706 488
0x0000723b3db0bb00 0x000000093c747b00 0 1 1 0 0 2 3 34706 480
0x0000723b3db0bb80 0x000000093c747b80 0 1 1 0 0 2 3 34706 488
0x0000723b3db0bc00 0x000000093c747c00 0 0 0 0 0 2 3 34706 496
0x0000723b3db0bc80 0x000000093c747c80 0 0 0 0 0 2 3 34706 504
0x0000723b3db0bd00 0x000000093c747d00 0 1 0 0 0 2 3 34706 496
0x0000723b3db0bd80 0x000000093c747d80 0 1 0 0 0 2 3 34706 504
0x0000723b3db0be00 0x000000093c747e00 0 0 1 0 0 2 3 34706 496
0x0000723b3db0be80 0x000000093c747e80 0 0 1 0 0 2 3 34706 504
0x0000723b3db0bf00 0x000000093c747f00 0 1 1 0 0 2 3 34706 496
0x0000723b3db0bf80 0x000000093c747f80 0 1 1 0 0 2 3 34706 504
0x0000723b3db0c000 0x000000086d70f000 0 0 0 0 1 2 3 32176 448
0x0000723b3db0c080 0x000000086d70f080 0 0 0 0 1 2 3 32176 456
0x0000723b3db0c100 0x000000086d70f100 0 1 0 0 1 2 3 32176 448
0x0000723b3db0c180 0x000000086d70f180 0 1 0 0 1 2 3 32176 456
0x0000723b3db0c200 0x000000086d70f200 0 0 1 0 1 2 3 32176 448
0x0000723b3db0c280 0x000000086d70f280 0 0 1 0 1 2 3 32176 456
0x0000723b3db0c300 0x000000086d70f300 0 1 1 0 1 2 3 32176 448
0x0000723b3db0c380 0x000000086d70f380 0 1 1 0 1 2 3 32176 456
