# bank_id=9 (bg=2 ba=1) n=3904
# Columns: VA PA s imc ch dimm rank bg ba row col
0x0000723b3d817000 0x00000006fe327000 0 0 0 0 0 2 1 28609 448
0x0000723b3d817080 0x00000006fe327080 0 0 0 0 0 2 1 28609 456
0x0000723b3d817100 0x00000006fe327100 0 1 0 0 0 2 1 28609 448
0x0000723b3d817180 0x00000006fe327180 0 1 0 0 0 2 1 28609 456
0x0000723b3d817200 0x00000006fe327200 0 0 1 0 0 2 1 28609 448
0x0000723b3d817280 0x00000006fe327280 0 0 1 0 0 2 1 28609 456
0x0000723b3d817300 0x00000006fe327300 0 1 1 0 0 2 1 28609 448
0x0000723b3d817380 0x00000006fe327380 0 1 1 0 0 2 1 28609 456
0x0000723b3d817400 0x00000006fe327400 0 0 0 0 0 2 1 28609 464
0x0000723b3d817480 0x00000006fe327480 0 0 0 0 0 2 1 28609 472
0x0000723b3d817500 0x00000006fe327500 0 1 0 0 0 2 1 28609 464
0x0000723b3d817580 0x00000006fe327580 0 1 0 0 0 2 1 28609 472
0x0000723b3d817600 0x00000006fe327600 0 0 1 0 0 2 1 28609 464
0x0000723b3d817680 0x00000006fe327680 0 0 1 0 0 2 1 28609 472
0x0000723b3d817700 0x00000006fe327700 0 1 1 0 0 2 1 28609 464
0x0000723b3d817780 0x00000006fe327780 0 1 1 0 0 2 1 28609 472
0x0000723b3d817800 0x00000006fe327800 0 0 0 0 0 2 1 28609 480
0x0000723b3d817880 0x00000006fe327880 0 0 0 0 0 2 1 28609 488
0x0000723b3d817900 0x00000006fe327900 0 1 0 0 0 2 1 28609 480
0x0000723b3d817980 0x00000006fe327980 0 1 0 0 0 2 1 28609 488
0x0000723b3d817a00 0x00000006fe327a00 0 0 1 0 0 2 1 28609 480
0x0000723b3d817a80 0x00000006fe327a80 0 0 1 0 0 2 1 28609 488
0x0000723b3d817b00 0x00000006fe327b00 0 1 1 0 0 2 1 28609 480
0x0000723b3d817b80 0x00000006fe327b80 0 1 1 0 0 2 1 28609 488
0x0000723b3d817c00 0x00000006fe327c00 0 0 0 0 0 2 1 28609 496
0x0000723b3d817c80 0x00000006fe327c80 0 0 0 0 0 2 1 28609 504
0x0000723b3d817d00 0x00000006fe327d00 0 1 0 0 0 2 1 28609 496
0x0000723b3d817d80 0x00000006fe327d80 0 1 0 0 0 2 1 28609 504
0x0000723b3d817e00 0x00000006fe327e00 0 0 1 0 0 2 1 28609 496
0x0000723b3d817e80 0x00000006fe327e80 0 0 1 0 0 2 1 28609 504
0x0000723b3d817f00 0x00000006fe327f00 0 1 1 0 0 2 1 28609 496
0x0000723b3d817f80 0x00000006fe327f80 0 1 1 0 0 2 1 28609 504
0x0000723b3d826000 0x00000009643f5000 0 0 0 0 0 2 1 35991 832
0x0000723b3d826080 0x00000009643f5080 0 0 0 0 0 2 1 35991 840
0x0000723b3d826100 0x00000009643f5100 0 1 0 0 0 2 1 35991 832
0x0000723b3d826180 0x00000009643f5180 0 1 0 0 0 2 1 35991 840
0x0000723b3d826200 0x00000009643f5200 0 0 1 0 0 2 1 35991 832
0x0000723b3d826280 0x00000009643f5280 0 0 1 0 0 2 1 35991 840
0x0000723b3d826300 0x00000009643f5300 0 1 1 0 0 2 1 35991 832
0x0000723b3d826380 0x00000009643f5380 0 1 1 0 0 2 1 35991 840
0x0000723b3d826400 0x00000009643f5400 0 0 0 0 0 2 1 35991 848
0x0000723b3d826480 0x00000009643f5480 0 0 0 0 0 2 1 35991 856
0x0000723b3d826500 0x00000009643f5500 0 1 0 0 0 2 1 35991 848
0x0000723b3d826580 0x00000009643f5580 0 1 0 0 0 2 1 35991 856
0x0000723b3d826600 0x00000009643f5600 0 0 1 0 0 2 1 35991 848
0x0000723b3d826680 0x00000009643f5680 0 0 1 0 0 2 1 35991 856
0x0000723b3d826700 0x00000009643f5700 0 1 1 0 0 2 1 35991 848
0x0000723b3d826780 0x00000009643f5780 0 1 1 0 0 2 1 35991 856
0x0000723b3d826800 0x00000009643f5800 0 0 0 0 0 2 1 35991 864
0x0000723b3d826880 0x00000009643f5880 0 0 0 0 0 2 1 35991 872
0x0000723b3d826900 0x00000009643f5900 0 1 0 0 0 2 1 35991 864
0x0000723b3d826980 0x00000009643f5980 0 1 0 0 0 2 1 35991 872
0x0000723b3d826a00 0x00000009643f5a00 0 0 1 0 0 2 1 35991 864
0x0000723b3d826a80 0x00000009643f5a80 0 0 1 0 0 2 1 35991 872
0x0000723b3d826b00 0x00000009643f5b00 0 1 1 0 0 2 1 35991 864
0x0000723b3d826b80 0x00000009643f5b80 0 1 1 0 0 2 1 35991 872
0x0000723b3d826c00 0x00000009643f5c00 0 0 0 0 0 2 1 35991 880
0x0000723b3d826c80 0x00000009643f5c80 0 0 0 0 0 2 1 35991 888
0x0000723b3d826d00 0x00000009643f5d00 0 1 0 0 0 2 1 35991 880
0x0000723b3d826d80 0x00000009643f5d80 0 1 0 0 0 2 1 35991 888
0x0000723b3d826e00 0x00000009643f5e00 0 0 1 0 0 2 1 35991 880
0x0000723b3d826e80 0x00000009643f5e80 0 0 1 0 0 2 1 35991 888
0x0000723b3d826f00 0x00000009643f5f00 0 1 1 0 0 2 1 35991 880
0x0000723b3d826f80 0x00000009643f5f80 0 1 1 0 0 2 1 35991 888
0x0000723b3d82a000 0x0000000b9f3f7000 0 0 0 0 0 2 1 46055 960
0x0000723b3d82a080 0x0000000b9f3f7080 0 0 0 0 0 2 1 46055 968
0x0000723b3d82a100 0x0000000b9f3f7100 0 1 0 0 0 2 1 46055 960
0x0000723b3d82a180 0x0000000b9f3f7180 0 1 0 0 0 2 1 46055 968
0x0000723b3d82a200 0x0000000b9f3f7200 0 0 1 0 0 2 1 46055 960
0x0000723b3d82a280 0x0000000b9f3f7280 0 0 1 0 0 2 1 46055 968
0x0000723b3d82a300 0x0000000b9f3f7300 0 1 1 0 0 2 1 46055 960
0x0000723b3d82a380 0x0000000b9f3f7380 0 1 1 0 0 2 1 46055 968
0x0000723b3d82a400 0x0000000b9f3f7400 0 0 0 0 0 2 1 46055 976
0x0000723b3d82a480 0x0000000b9f3f7480 0 0 0 0 0 2 1 46055 984
0x0000723b3d82a500 0x0000000b9f3f7500 0 1 0 0 0 2 1 46055 976
0x0000723b3d82a580 0x0000000b9f3f7580 0 1 0 0 0 2 1 46055 984
0x0000723b3d82a600 0x0000000b9f3f7600 0 0 1 0 0 2 1 46055 976
0x0000723b3d82a680 0x0000000b9f3f7680 0 0 1 0 0 2 1 46055 984
0x0000723b3d82a700 0x0000000b9f3f7700 0 1 1 0 0 2 1 46055 976
0x0000723b3d82a780 0x0000000b9f3f7780 0 1 1 0 0 2 1 46055 984
0x0000723b3d82a800 0x0000000b9f3f7800 0 0 0 0 0 2 1 46055 992
0x0000723b3d82a880 0x0000000b9f3f7880 0 0 0 0 0 2 1 46055 1000
0x0000723b3d82a900 0x0000000b9f3f7900 0 1 0 0 0 2 1 46055 992
0x0000723b3d82a980 0x0000000b9f3f7980 0 1 0 0 0 2 1 46055 1000
0x0000723b3d82aa00 0x0000000b9f3f7a00 0 0 1 0 0 2 1 46055 992
0x0000723b3d82aa80 0x0000000b9f3f7a80 0 0 1 0 0 2 1 46055 1000
0x0000723b3d82ab00 0x0000000b9f3f7b00 0 1 1 0 0 2 1 46055 992
0x0000723b3d82ab80 0x0000000b9f3f7b80 0 1 1 0 0 2 1 46055 1000
0x0000723b3d82ac00 0x0000000b9f3f7c00 0 0 0 0 0 2 1 46055 1008
0x0000723b3d82ac80 0x0000000b9f3f7c80 0 0 0 0 0 2 1 46055 1016
0x0000723b3d82ad00 0x0000000b9f3f7d00 0 1 0 0 0 2 1 46055 1008
0x0000723b3d82ad80 0x0000000b9f3f7d80 0 1 0 0 0 2 1 46055 1016
0x0000723b3d82ae00 0x0000000b9f3f7e00 0 0 1 0 0 2 1 46055 1008
0x0000723b3d82ae80 0x0000000b9f3f7e80 0 0 1 0 0 2 1 46055 1016
0x0000723b3d82af00 0x0000000b9f3f7f00 0 1 1 0 0 2 1 46055 1008
0x0000723b3d82af80 0x0000000b9f3f7f80 0 1 1 0 0 2 1 46055 1016
0x0000723b3d82b000 0x00000007c33a6000 0 0 0 0 0 2 1 30821 384
0x0000723b3d82b080 0x00000007c33a6080 0 0 0 0 0 2 1 30821 392
0x0000723b3d82b100 0x00000007c33a6100 0 1 0 0 0 2 1 30821 384
0x0000723b3d82b180 0x00000007c33a6180 0 1 0 0 0 2 1 30821 392
0x0000723b3d82b200 0x00000007c33a6200 0 0 1 0 0 2 1 30821 384
0x0000723b3d82b280 0x00000007c33a6280 0 0 1 0 0 2 1 30821 392
0x0000723b3d82b300 0x00000007c33a6300 0 1 1 0 0 2 1 30821 384
0x0000723b3d82b380 0x00000007c33a6380 0 1 1 0 0 2 1 30821 392
0x0000723b3d82b400 0x00000007c33a6400 0 0 0 0 0 2 1 30821 400
0x0000723b3d82b480 0x00000007c33a6480 0 0 0 0 0 2 1 30821 408
0x0000723b3d82b500 0x00000007c33a6500 0 1 0 0 0 2 1 30821 400
0x0000723b3d82b580 0x00000007c33a6580 0 1 0 0 0 2 1 30821 408
0x0000723b3d82b600 0x00000007c33a6600 0 0 1 0 0 2 1 30821 400
0x0000723b3d82b680 0x00000007c33a6680 0 0 1 0 0 2 1 30821 408
0x0000723b3d82b700 0x00000007c33a6700 0 1 1 0 0 2 1 30821 400
0x0000723b3d82b780 0x00000007c33a6780 0 1 1 0 0 2 1 30821 408
0x0000723b3d82b800 0x00000007c33a6800 0 0 0 0 0 2 1 30821 416
0x0000723b3d82b880 0x00000007c33a6880 0 0 0 0 0 2 1 30821 424
0x0000723b3d82b900 0x00000007c33a6900 0 1 0 0 0 2 1 30821 416
0x0000723b3d82b980 0x00000007c33a6980 0 1 0 0 0 2 1 30821 424
0x0000723b3d82ba00 0x00000007c33a6a00 0 0 1 0 0 2 1 30821 416
0x0000723b3d82ba80 0x00000007c33a6a80 0 0 1 0 0 2 1 30821 424
0x0000723b3d82bb00 0x00000007c33a6b00 0 1 1 0 0 2 1 30821 416
0x0000723b3d82bb80 0x00000007c33a6b80 0 1 1 0 0 2 1 30821 424
0x0000723b3d82bc00 0x00000007c33a6c00 0 0 0 0 0 2 1 30821 432
0x0000723b3d82bc80 0x00000007c33a6c80 0 0 0 0 0 2 1 30821 440
0x0000723b3d82bd00 0x00000007c33a6d00 0 1 0 0 0 2 1 30821 432
0x0000723b3d82bd80 0x00000007c33a6d80 0 1 0 0 0 2 1 30821 440
0x0000723b3d82be00 0x00000007c33a6e00 0 0 1 0 0 2 1 30821 432
0x0000723b3d82be80 0x00000007c33a6e80 0 0 1 0 0 2 1 30821 440
0x0000723b3d82bf00 0x00000007c33a6f00 0 1 1 0 0 2 1 30821 432
0x0000723b3d82bf80 0x00000007c33a6f80 0 1 1 0 0 2 1 30821 440
0x0000723b3d83d000 0x0000000e0e3c0000 0 0 0 0 0 2 1 53718 0
0x0000723b3d83d080 0x0000000e0e3c0080 0 0 0 0 0 2 1 53718 8
0x0000723b3d83d100 0x0000000e0e3c0100 0 1 0 0 0 2 1 53718 0
0x0000723b3d83d180 0x0000000e0e3c0180 0 1 0 0 0 2 1 53718 8
0x0000723b3d83d200 0x0000000e0e3c0200 0 0 1 0 0 2 1 53718 0
0x0000723b3d83d280 0x0000000e0e3c0280 0 0 1 0 0 2 1 53718 8
0x0000723b3d83d300 0x0000000e0e3c0300 0 1 1 0 0 2 1 53718 0
0x0000723b3d83d380 0x0000000e0e3c0380 0 1 1 0 0 2 1 53718 8
0x0000723b3d83d400 0x0000000e0e3c0400 0 0 0 0 0 2 1 53718 16
0x0000723b3d83d480 0x0000000e0e3c0480 0 0 0 0 0 2 1 53718 24
0x0000723b3d83d500 0x0000000e0e3c0500 0 1 0 0 0 2 1 53718 16
0x0000723b3d83d580 0x0000000e0e3c0580 0 1 0 0 0 2 1 53718 24
0x0000723b3d83d600 0x0000000e0e3c0600 0 0 1 0 0 2 1 53718 16
0x0000723b3d83d680 0x0000000e0e3c0680 0 0 1 0 0 2 1 53718 24
0x0000723b3d83d700 0x0000000e0e3c0700 0 1 1 0 0 2 1 53718 16
0x0000723b3d83d780 0x0000000e0e3c0780 0 1 1 0 0 2 1 53718 24
0x0000723b3d83d800 0x0000000e0e3c0800 0 0 0 0 0 2 1 53718 32
0x0000723b3d83d880 0x0000000e0e3c0880 0 0 0 0 0 2 1 53718 40
0x0000723b3d83d900 0x0000000e0e3c0900 0 1 0 0 0 2 1 53718 32
0x0000723b3d83d980 0x0000000e0e3c0980 0 1 0 0 0 2 1 53718 40
0x0000723b3d83da00 0x0000000e0e3c0a00 0 0 1 0 0 2 1 53718 32
0x0000723b3d83da80 0x0000000e0e3c0a80 0 0 1 0 0 2 1 53718 40
0x0000723b3d83db00 0x0000000e0e3c0b00 0 1 1 0 0 2 1 53718 32
0x0000723b3d83db80 0x0000000e0e3c0b80 0 1 1 0 0 2 1 53718 40
0x0000723b3d83dc00 0x0000000e0e3c0c00 0 0 0 0 0 2 1 53718 48
0x0000723b3d83dc80 0x0000000e0e3c0c80 0 0 0 0 0 2 1 53718 56
0x0000723b3d83dd00 0x0000000e0e3c0d00 0 1 0 0 0 2 1 53718 48
0x0000723b3d83dd80 0x0000000e0e3c0d80 0 1 0 0 0 2 1 53718 56
0x0000723b3d83de00 0x0000000e0e3c0e00 0 0 1 0 0 2 1 53718 48
0x0000723b3d83de80 0x0000000e0e3c0e80 0 0 1 0 0 2 1 53718 56
0x0000723b3d83df00 0x0000000e0e3c0f00 0 1 1 0 0 2 1 53718 48
0x0000723b3d83df80 0x0000000e0e3c0f80 0 1 1 0 0 2 1 53718 56
0x0000723b3d845000 0x0000000b4eb5b000 0 0 0 0 1 2 1 43482 704
0x0000723b3d845080 0x0000000b4eb5b080 0 0 0 0 1 2 1 43482 712
0x0000723b3d845100 0x0000000b4eb5b100 0 1 0 0 1 2 1 43482 704
0x0000723b3d845180 0x0000000b4eb5b180 0 1 0 0 1 2 1 43482 712
0x0000723b3d845200 0x0000000b4eb5b200 0 0 1 0 1 2 1 43482 704
0x0000723b3d845280 0x0000000b4eb5b280 0 0 1 0 1 2 1 43482 712
0x0000723b3d845300 0x0000000b4eb5b300 0 1 1 0 1 2 1 43482 704
0x0000723b3d845380 0x0000000b4eb5b380 0 1 1 0 1 2 1 43482 712
0x0000723b3d845400 0x0000000b4eb5b400 0 0 0 0 1 2 1 43482 720
0x0000723b3d845480 0x0000000b4eb5b480 0 0 0 0 1 2 1 43482 728
0x0000723b3d845500 0x0000000b4eb5b500 0 1 0 0 1 2 1 43482 720
0x0000723b3d845580 0x0000000b4eb5b580 0 1 0 0 1 2 1 43482 728
0x0000723b3d845600 0x0000000b4eb5b600 0 0 1 0 1 2 1 43482 720
0x0000723b3d845680 0x0000000b4eb5b680 0 0 1 0 1 2 1 43482 728
0x0000723b3d845700 0x0000000b4eb5b700 0 1 1 0 1 2 1 43482 720
0x0000723b3d845780 0x0000000b4eb5b780 0 1 1 0 1 2 1 43482 728
0x0000723b3d845800 0x0000000b4eb5b800 0 0 0 0 1 2 1 43482 736
0x0000723b3d845880 0x0000000b4eb5b880 0 0 0 0 1 2 1 43482 744
0x0000723b3d845900 0x0000000b4eb5b900 0 1 0 0 1 2 1 43482 736
0x0000723b3d845980 0x0000000b4eb5b980 0 1 0 0 1 2 1 43482 744
0x0000723b3d845a00 0x0000000b4eb5ba00 0 0 1 0 1 2 1 43482 736
0x0000723b3d845a80 0x0000000b4eb5ba80 0 0 1 0 1 2 1 43482 744
0x0000723b3d845b00 0x0000000b4eb5bb00 0 1 1 0 1 2 1 43482 736
0x0000723b3d845b80 0x0000000b4eb5bb80 0 1 1 0 1 2 1 43482 744
0x0000723b3d845c00 0x0000000b4eb5bc00 0 0 0 0 1 2 1 43482 752
0x0000723b3d845c80 0x0000000b4eb5bc80 0 0 0 0 1 2 1 43482 760
0x0000723b3d845d00 0x0000000b4eb5bd00 0 1 0 0 1 2 1 43482 752
0x0000723b3d845d80 0x0000000b4eb5bd80 0 1 0 0 1 2 1 43482 760
0x0000723b3d845e00 0x0000000b4eb5be00 0 0 1 0 1 2 1 43482 752
0x0000723b3d845e80 0x0000000b4eb5be80 0 0 1 0 1 2 1 43482 760
0x0000723b3d845f00 0x0000000b4eb5bf00 0 1 1 0 1 2 1 43482 752
0x0000723b3d845f80 0x0000000b4eb5bf80 0 1 1 0 1 2 1 43482 760
0x0000723b3d848000 0x0000000b4eb58000 0 0 0 0 1 2 1 43482 512
0x0000723b3d848080 0x0000000b4eb58080 0 0 0 0 1 2 1 43482 520
0x0000723b3d848100 0x0000000b4eb58100 0 1 0 0 1 2 1 43482 512
0x0000723b3d848180 0x0000000b4eb58180 0 1 0 0 1 2 1 43482 520
0x0000723b3d848200 0x0000000b4eb58200 0 0 1 0 1 2 1 43482 512
0x0000723b3d848280 0x0000000b4eb58280 0 0 1 0 1 2 1 43482 520
0x0000723b3d848300 0x0000000b4eb58300 0 1 1 0 1 2 1 43482 512
0x0000723b3d848380 0x0000000b4eb58380 0 1 1 0 1 2 1 43482 520
0x0000723b3d848400 0x0000000b4eb58400 0 0 0 0 1 2 1 43482 528
0x0000723b3d848480 0x0000000b4eb58480 0 0 0 0 1 2 1 43482 536
0x0000723b3d848500 0x0000000b4eb58500 0 1 0 0 1 2 1 43482 528
0x0000723b3d848580 0x0000000b4eb58580 0 1 0 0 1 2 1 43482 536
0x0000723b3d848600 0x0000000b4eb58600 0 0 1 0 1 2 1 43482 528
0x0000723b3d848680 0x0000000b4eb58680 0 0 1 0 1 2 1 43482 536
0x0000723b3d848700 0x0000000b4eb58700 0 1 1 0 1 2 1 43482 528
0x0000723b3d848780 0x0000000b4eb58780 0 1 1 0 1 2 1 43482 536
0x0000723b3d848800 0x0000000b4eb58800 0 0 0 0 1 2 1 43482 544
0x0000723b3d848880 0x0000000b4eb58880 0 0 0 0 1 2 1 43482 552
0x0000723b3d848900 0x0000000b4eb58900 0 1 0 0 1 2 1 43482 544
0x0000723b3d848980 0x0000000b4eb58980 0 1 0 0 1 2 1 43482 552
0x0000723b3d848a00 0x0000000b4eb58a00 0 0 1 0 1 2 1 43482 544
0x0000723b3d848a80 0x0000000b4eb58a80 0 0 1 0 1 2 1 43482 552
0x0000723b3d848b00 0x0000000b4eb58b00 0 1 1 0 1 2 1 43482 544
0x0000723b3d848b80 0x0000000b4eb58b80 0 1 1 0 1 2 1 43482 552
0x0000723b3d848c00 0x0000000b4eb58c00 0 0 0 0 1 2 1 43482 560
0x0000723b3d848c80 0x0000000b4eb58c80 0 0 0 0 1 2 1 43482 568
0x0000723b3d848d00 0x0000000b4eb58d00 0 1 0 0 1 2 1 43482 560
0x0000723b3d848d80 0x0000000b4eb58d80 0 1 0 0 1 2 1 43482 568
0x0000723b3d848e00 0x0000000b4eb58e00 0 0 1 0 1 2 1 43482 560
0x0000723b3d848e80 0x0000000b4eb58e80 0 0 1 0 1 2 1 43482 568
0x0000723b3d848f00 0x0000000b4eb58f00 0 1 1 0 1 2 1 43482 560
0x0000723b3d848f80 0x0000000b4eb58f80 0 1 1 0 1 2 1 43482 568
0x0000723b3d850000 0x00000009a43ca000 0 0 0 0 1 2 1 38022 128
0x0000723b3d850080 0x00000009a43ca080 0 0 0 0 1 2 1 38022 136
0x0000723b3d850100 0x00000009a43ca100 0 1 0 0 1 2 1 38022 128
0x0000723b3d850180 0x00000009a43ca180 0 1 0 0 1 2 1 38022 136
0x0000723b3d850200 0x00000009a43ca200 0 0 1 0 1 2 1 38022 128
0x0000723b3d850280 0x00000009a43ca280 0 0 1 0 1 2 1 38022 136
0x0000723b3d850300 0x00000009a43ca300 0 1 1 0 1 2 1 38022 128
0x0000723b3d850380 0x00000009a43ca380 0 1 1 0 1 2 1 38022 136
0x0000723b3d850400 0x00000009a43ca400 0 0 0 0 1 2 1 38022 144
0x0000723b3d850480 0x00000009a43ca480 0 0 0 0 1 2 1 38022 152
0x0000723b3d850500 0x00000009a43ca500 0 1 0 0 1 2 1 38022 144
0x0000723b3d850580 0x00000009a43ca580 0 1 0 0 1 2 1 38022 152
0x0000723b3d850600 0x00000009a43ca600 0 0 1 0 1 2 1 38022 144
0x0000723b3d850680 0x00000009a43ca680 0 0 1 0 1 2 1 38022 152
0x0000723b3d850700 0x00000009a43ca700 0 1 1 0 1 2 1 38022 144
0x0000723b3d850780 0x00000009a43ca780 0 1 1 0 1 2 1 38022 152
0x0000723b3d850800 0x00000009a43ca800 0 0 0 0 1 2 1 38022 160
0x0000723b3d850880 0x00000009a43ca880 0 0 0 0 1 2 1 38022 168
0x0000723b3d850900 0x00000009a43ca900 0 1 0 0 1 2 1 38022 160
0x0000723b3d850980 0x00000009a43ca980 0 1 0 0 1 2 1 38022 168
0x0000723b3d850a00 0x00000009a43caa00 0 0 1 0 1 2 1 38022 160
0x0000723b3d850a80 0x00000009a43caa80 0 0 1 0 1 2 1 38022 168
0x0000723b3d850b00 0x00000009a43cab00 0 1 1 0 1 2 1 38022 160
0x0000723b3d850b80 0x00000009a43cab80 0 1 1 0 1 2 1 38022 168
0x0000723b3d850c00 0x00000009a43cac00 0 0 0 0 1 2 1 38022 176
0x0000723b3d850c80 0x00000009a43cac80 0 0 0 0 1 2 1 38022 184
0x0000723b3d850d00 0x00000009a43cad00 0 1 0 0 1 2 1 38022 176
0x0000723b3d850d80 0x00000009a43cad80 0 1 0 0 1 2 1 38022 184
0x0000723b3d850e00 0x00000009a43cae00 0 0 1 0 1 2 1 38022 176
0x0000723b3d850e80 0x00000009a43cae80 0 0 1 0 1 2 1 38022 184
0x0000723b3d850f00 0x00000009a43caf00 0 1 1 0 1 2 1 38022 176
0x0000723b3d850f80 0x00000009a43caf80 0 1 1 0 1 2 1 38022 184
0x0000723b3d851000 0x00000009a43cb000 0 0 0 0 1 2 1 38022 192
0x0000723b3d851080 0x00000009a43cb080 0 0 0 0 1 2 1 38022 200
0x0000723b3d851100 0x00000009a43cb100 0 1 0 0 1 2 1 38022 192
0x0000723b3d851180 0x00000009a43cb180 0 1 0 0 1 2 1 38022 200
0x0000723b3d851200 0x00000009a43cb200 0 0 1 0 1 2 1 38022 192
0x0000723b3d851280 0x00000009a43cb280 0 0 1 0 1 2 1 38022 200
0x0000723b3d851300 0x00000009a43cb300 0 1 1 0 1 2 1 38022 192
0x0000723b3d851380 0x00000009a43cb380 0 1 1 0 1 2 1 38022 200
0x0000723b3d851400 0x00000009a43cb400 0 0 0 0 1 2 1 38022 208
0x0000723b3d851480 0x00000009a43cb480 0 0 0 0 1 2 1 38022 216
0x0000723b3d851500 0x00000009a43cb500 0 1 0 0 1 2 1 38022 208
0x0000723b3d851580 0x00000009a43cb580 0 1 0 0 1 2 1 38022 216
0x0000723b3d851600 0x00000009a43cb600 0 0 1 0 1 2 1 38022 208
0x0000723b3d851680 0x00000009a43cb680 0 0 1 0 1 2 1 38022 216
0x0000723b3d851700 0x00000009a43cb700 0 1 1 0 1 2 1 38022 208
0x0000723b3d851780 0x00000009a43cb780 0 1 1 0 1 2 1 38022 216
0x0000723b3d851800 0x00000009a43cb800 0 0 0 0 1 2 1 38022 224
0x0000723b3d851880 0x00000009a43cb880 0 0 0 0 1 2 1 38022 232
0x0000723b3d851900 0x00000009a43cb900 0 1 0 0 1 2 1 38022 224
0x0000723b3d851980 0x00000009a43cb980 0 1 0 0 1 2 1 38022 232
0x0000723b3d851a00 0x00000009a43cba00 0 0 1 0 1 2 1 38022 224
0x0000723b3d851a80 0x00000009a43cba80 0 0 1 0 1 2 1 38022 232
0x0000723b3d851b00 0x00000009a43cbb00 0 1 1 0 1 2 1 38022 224
0x0000723b3d851b80 0x00000009a43cbb80 0 1 1 0 1 2 1 38022 232
0x0000723b3d851c00 0x00000009a43cbc00 0 0 0 0 1 2 1 38022 240
0x0000723b3d851c80 0x00000009a43cbc80 0 0 0 0 1 2 1 38022 248
0x0000723b3d851d00 0x00000009a43cbd00 0 1 0 0 1 2 1 38022 240
0x0000723b3d851d80 0x00000009a43cbd80 0 1 0 0 1 2 1 38022 248
0x0000723b3d851e00 0x00000009a43cbe00 0 0 1 0 1 2 1 38022 240
0x0000723b3d851e80 0x00000009a43cbe80 0 0 1 0 1 2 1 38022 248
0x0000723b3d851f00 0x00000009a43cbf00 0 1 1 0 1 2 1 38022 240
0x0000723b3d851f80 0x00000009a43cbf80 0 1 1 0 1 2 1 38022 248
0x0000723b3d852000 0x00000009a43c8000 0 0 0 0 1 2 1 38022 0
0x0000723b3d852080 0x00000009a43c8080 0 0 0 0 1 2 1 38022 8
0x0000723b3d852100 0x00000009a43c8100 0 1 0 0 1 2 1 38022 0
0x0000723b3d852180 0x00000009a43c8180 0 1 0 0 1 2 1 38022 8
0x0000723b3d852200 0x00000009a43c8200 0 0 1 0 1 2 1 38022 0
0x0000723b3d852280 0x00000009a43c8280 0 0 1 0 1 2 1 38022 8
0x0000723b3d852300 0x00000009a43c8300 0 1 1 0 1 2 1 38022 0
0x0000723b3d852380 0x00000009a43c8380 0 1 1 0 1 2 1 38022 8
0x0000723b3d852400 0x00000009a43c8400 0 0 0 0 1 2 1 38022 16
0x0000723b3d852480 0x00000009a43c8480 0 0 0 0 1 2 1 38022 24
0x0000723b3d852500 0x00000009a43c8500 0 1 0 0 1 2 1 38022 16
0x0000723b3d852580 0x00000009a43c8580 0 1 0 0 1 2 1 38022 24
0x0000723b3d852600 0x00000009a43c8600 0 0 1 0 1 2 1 38022 16
0x0000723b3d852680 0x00000009a43c8680 0 0 1 0 1 2 1 38022 24
0x0000723b3d852700 0x00000009a43c8700 0 1 1 0 1 2 1 38022 16
0x0000723b3d852780 0x00000009a43c8780 0 1 1 0 1 2 1 38022 24
0x0000723b3d852800 0x00000009a43c8800 0 0 0 0 1 2 1 38022 32
0x0000723b3d852880 0x00000009a43c8880 0 0 0 0 1 2 1 38022 40
0x0000723b3d852900 0x00000009a43c8900 0 1 0 0 1 2 1 38022 32
0x0000723b3d852980 0x00000009a43c8980 0 1 0 0 1 2 1 38022 40
0x0000723b3d852a00 0x00000009a43c8a00 0 0 1 0 1 2 1 38022 32
0x0000723b3d852a80 0x00000009a43c8a80 0 0 1 0 1 2 1 38022 40
0x0000723b3d852b00 0x00000009a43c8b00 0 1 1 0 1 2 1 38022 32
0x0000723b3d852b80 0x00000009a43c8b80 0 1 1 0 1 2 1 38022 40
0x0000723b3d852c00 0x00000009a43c8c00 0 0 0 0 1 2 1 38022 48
0x0000723b3d852c80 0x00000009a43c8c80 0 0 0 0 1 2 1 38022 56
0x0000723b3d852d00 0x00000009a43c8d00 0 1 0 0 1 2 1 38022 48
0x0000723b3d852d80 0x00000009a43c8d80 0 1 0 0 1 2 1 38022 56
0x0000723b3d852e00 0x00000009a43c8e00 0 0 1 0 1 2 1 38022 48
0x0000723b3d852e80 0x00000009a43c8e80 0 0 1 0 1 2 1 38022 56
0x0000723b3d852f00 0x00000009a43c8f00 0 1 1 0 1 2 1 38022 48
0x0000723b3d852f80 0x00000009a43c8f80 0 1 1 0 1 2 1 38022 56
0x0000723b3d853000 0x0000000b4eb59000 0 0 0 0 1 2 1 43482 576
0x0000723b3d853080 0x0000000b4eb59080 0 0 0 0 1 2 1 43482 584
0x0000723b3d853100 0x0000000b4eb59100 0 1 0 0 1 2 1 43482 576
0x0000723b3d853180 0x0000000b4eb59180 0 1 0 0 1 2 1 43482 584
0x0000723b3d853200 0x0000000b4eb59200 0 0 1 0 1 2 1 43482 576
0x0000723b3d853280 0x0000000b4eb59280 0 0 1 0 1 2 1 43482 584
0x0000723b3d853300 0x0000000b4eb59300 0 1 1 0 1 2 1 43482 576
0x0000723b3d853380 0x0000000b4eb59380 0 1 1 0 1 2 1 43482 584
0x0000723b3d853400 0x0000000b4eb59400 0 0 0 0 1 2 1 43482 592
0x0000723b3d853480 0x0000000b4eb59480 0 0 0 0 1 2 1 43482 600
0x0000723b3d853500 0x0000000b4eb59500 0 1 0 0 1 2 1 43482 592
0x0000723b3d853580 0x0000000b4eb59580 0 1 0 0 1 2 1 43482 600
0x0000723b3d853600 0x0000000b4eb59600 0 0 1 0 1 2 1 43482 592
0x0000723b3d853680 0x0000000b4eb59680 0 0 1 0 1 2 1 43482 600
0x0000723b3d853700 0x0000000b4eb59700 0 1 1 0 1 2 1 43482 592
0x0000723b3d853780 0x0000000b4eb59780 0 1 1 0 1 2 1 43482 600
0x0000723b3d853800 0x0000000b4eb59800 0 0 0 0 1 2 1 43482 608
0x0000723b3d853880 0x0000000b4eb59880 0 0 0 0 1 2 1 43482 616
0x0000723b3d853900 0x0000000b4eb59900 0 1 0 0 1 2 1 43482 608
0x0000723b3d853980 0x0000000b4eb59980 0 1 0 0 1 2 1 43482 616
0x0000723b3d853a00 0x0000000b4eb59a00 0 0 1 0 1 2 1 43482 608
0x0000723b3d853a80 0x0000000b4eb59a80 0 0 1 0 1 2 1 43482 616
0x0000723b3d853b00 0x0000000b4eb59b00 0 1 1 0 1 2 1 43482 608
0x0000723b3d853b80 0x0000000b4eb59b80 0 1 1 0 1 2 1 43482 616
0x0000723b3d853c00 0x0000000b4eb59c00 0 0 0 0 1 2 1 43482 624
0x0000723b3d853c80 0x0000000b4eb59c80 0 0 0 0 1 2 1 43482 632
0x0000723b3d853d00 0x0000000b4eb59d00 0 1 0 0 1 2 1 43482 624
0x0000723b3d853d80 0x0000000b4eb59d80 0 1 0 0 1 2 1 43482 632
0x0000723b3d853e00 0x0000000b4eb59e00 0 0 1 0 1 2 1 43482 624
0x0000723b3d853e80 0x0000000b4eb59e80 0 0 1 0 1 2 1 43482 632
0x0000723b3d853f00 0x0000000b4eb59f00 0 1 1 0 1 2 1 43482 624
0x0000723b3d853f80 0x0000000b4eb59f80 0 1 1 0 1 2 1 43482 632
0x0000723b3d867000 0x0000000c00b64000 0 0 0 0 0 2 1 45083 256
0x0000723b3d867080 0x0000000c00b64080 0 0 0 0 0 2 1 45083 264
0x0000723b3d867100 0x0000000c00b64100 0 1 0 0 0 2 1 45083 256
0x0000723b3d867180 0x0000000c00b64180 0 1 0 0 0 2 1 45083 264
0x0000723b3d867200 0x0000000c00b64200 0 0 1 0 0 2 1 45083 256
0x0000723b3d867280 0x0000000c00b64280 0 0 1 0 0 2 1 45083 264
0x0000723b3d867300 0x0000000c00b64300 0 1 1 0 0 2 1 45083 256
0x0000723b3d867380 0x0000000c00b64380 0 1 1 0 0 2 1 45083 264
0x0000723b3d867400 0x0000000c00b64400 0 0 0 0 0 2 1 45083 272
0x0000723b3d867480 0x0000000c00b64480 0 0 0 0 0 2 1 45083 280
0x0000723b3d867500 0x0000000c00b64500 0 1 0 0 0 2 1 45083 272
0x0000723b3d867580 0x0000000c00b64580 0 1 0 0 0 2 1 45083 280
0x0000723b3d867600 0x0000000c00b64600 0 0 1 0 0 2 1 45083 272
0x0000723b3d867680 0x0000000c00b64680 0 0 1 0 0 2 1 45083 280
0x0000723b3d867700 0x0000000c00b64700 0 1 1 0 0 2 1 45083 272
0x0000723b3d867780 0x0000000c00b64780 0 1 1 0 0 2 1 45083 280
0x0000723b3d867800 0x0000000c00b64800 0 0 0 0 0 2 1 45083 288
0x0000723b3d867880 0x0000000c00b64880 0 0 0 0 0 2 1 45083 296
0x0000723b3d867900 0x0000000c00b64900 0 1 0 0 0 2 1 45083 288
0x0000723b3d867980 0x0000000c00b64980 0 1 0 0 0 2 1 45083 296
0x0000723b3d867a00 0x0000000c00b64a00 0 0 1 0 0 2 1 45083 288
0x0000723b3d867a80 0x0000000c00b64a80 0 0 1 0 0 2 1 45083 296
0x0000723b3d867b00 0x0000000c00b64b00 0 1 1 0 0 2 1 45083 288
0x0000723b3d867b80 0x0000000c00b64b80 0 1 1 0 0 2 1 45083 296
0x0000723b3d867c00 0x0000000c00b64c00 0 0 0 0 0 2 1 45083 304
0x0000723b3d867c80 0x0000000c00b64c80 0 0 0 0 0 2 1 45083 312
0x0000723b3d867d00 0x0000000c00b64d00 0 1 0 0 0 2 1 45083 304
0x0000723b3d867d80 0x0000000c00b64d80 0 1 0 0 0 2 1 45083 312
0x0000723b3d867e00 0x0000000c00b64e00 0 0 1 0 0 2 1 45083 304
0x0000723b3d867e80 0x0000000c00b64e80 0 0 1 0 0 2 1 45083 312
0x0000723b3d867f00 0x0000000c00b64f00 0 1 1 0 0 2 1 45083 304
0x0000723b3d867f80 0x0000000c00b64f80 0 1 1 0 0 2 1 45083 312
0x0000723b3d868000 0x0000000b4eb5a000 0 0 0 0 1 2 1 43482 640
0x0000723b3d868080 0x0000000b4eb5a080 0 0 0 0 1 2 1 43482 648
0x0000723b3d868100 0x0000000b4eb5a100 0 1 0 0 1 2 1 43482 640
0x0000723b3d868180 0x0000000b4eb5a180 0 1 0 0 1 2 1 43482 648
0x0000723b3d868200 0x0000000b4eb5a200 0 0 1 0 1 2 1 43482 640
0x0000723b3d868280 0x0000000b4eb5a280 0 0 1 0 1 2 1 43482 648
0x0000723b3d868300 0x0000000b4eb5a300 0 1 1 0 1 2 1 43482 640
0x0000723b3d868380 0x0000000b4eb5a380 0 1 1 0 1 2 1 43482 648
0x0000723b3d868400 0x0000000b4eb5a400 0 0 0 0 1 2 1 43482 656
0x0000723b3d868480 0x0000000b4eb5a480 0 0 0 0 1 2 1 43482 664
0x0000723b3d868500 0x0000000b4eb5a500 0 1 0 0 1 2 1 43482 656
0x0000723b3d868580 0x0000000b4eb5a580 0 1 0 0 1 2 1 43482 664
0x0000723b3d868600 0x0000000b4eb5a600 0 0 1 0 1 2 1 43482 656
0x0000723b3d868680 0x0000000b4eb5a680 0 0 1 0 1 2 1 43482 664
0x0000723b3d868700 0x0000000b4eb5a700 0 1 1 0 1 2 1 43482 656
0x0000723b3d868780 0x0000000b4eb5a780 0 1 1 0 1 2 1 43482 664
0x0000723b3d868800 0x0000000b4eb5a800 0 0 0 0 1 2 1 43482 672
0x0000723b3d868880 0x0000000b4eb5a880 0 0 0 0 1 2 1 43482 680
0x0000723b3d868900 0x0000000b4eb5a900 0 1 0 0 1 2 1 43482 672
0x0000723b3d868980 0x0000000b4eb5a980 0 1 0 0 1 2 1 43482 680
0x0000723b3d868a00 0x0000000b4eb5aa00 0 0 1 0 1 2 1 43482 672
0x0000723b3d868a80 0x0000000b4eb5aa80 0 0 1 0 1 2 1 43482 680
0x0000723b3d868b00 0x0000000b4eb5ab00 0 1 1 0 1 2 1 43482 672
0x0000723b3d868b80 0x0000000b4eb5ab80 0 1 1 0 1 2 1 43482 680
0x0000723b3d868c00 0x0000000b4eb5ac00 0 0 0 0 1 2 1 43482 688
0x0000723b3d868c80 0x0000000b4eb5ac80 0 0 0 0 1 2 1 43482 696
0x0000723b3d868d00 0x0000000b4eb5ad00 0 1 0 0 1 2 1 43482 688
0x0000723b3d868d80 0x0000000b4eb5ad80 0 1 0 0 1 2 1 43482 696
0x0000723b3d868e00 0x0000000b4eb5ae00 0 0 1 0 1 2 1 43482 688
0x0000723b3d868e80 0x0000000b4eb5ae80 0 0 1 0 1 2 1 43482 696
0x0000723b3d868f00 0x0000000b4eb5af00 0 1 1 0 1 2 1 43482 688
0x0000723b3d868f80 0x0000000b4eb5af80 0 1 1 0 1 2 1 43482 696
0x0000723b3d86c000 0x0000000994b8c000 0 0 0 0 1 2 1 37516 256
0x0000723b3d86c080 0x0000000994b8c080 0 0 0 0 1 2 1 37516 264
0x0000723b3d86c100 0x0000000994b8c100 0 1 0 0 1 2 1 37516 256
0x0000723b3d86c180 0x0000000994b8c180 0 1 0 0 1 2 1 37516 264
0x0000723b3d86c200 0x0000000994b8c200 0 0 1 0 1 2 1 37516 256
0x0000723b3d86c280 0x0000000994b8c280 0 0 1 0 1 2 1 37516 264
0x0000723b3d86c300 0x0000000994b8c300 0 1 1 0 1 2 1 37516 256
0x0000723b3d86c380 0x0000000994b8c380 0 1 1 0 1 2 1 37516 264
0x0000723b3d86c400 0x0000000994b8c400 0 0 0 0 1 2 1 37516 272
0x0000723b3d86c480 0x0000000994b8c480 0 0 0 0 1 2 1 37516 280
0x0000723b3d86c500 0x0000000994b8c500 0 1 0 0 1 2 1 37516 272
0x0000723b3d86c580 0x0000000994b8c580 0 1 0 0 1 2 1 37516 280
0x0000723b3d86c600 0x0000000994b8c600 0 0 1 0 1 2 1 37516 272
0x0000723b3d86c680 0x0000000994b8c680 0 0 1 0 1 2 1 37516 280
0x0000723b3d86c700 0x0000000994b8c700 0 1 1 0 1 2 1 37516 272
0x0000723b3d86c780 0x0000000994b8c780 0 1 1 0 1 2 1 37516 280
0x0000723b3d86c800 0x0000000994b8c800 0 0 0 0 1 2 1 37516 288
0x0000723b3d86c880 0x0000000994b8c880 0 0 0 0 1 2 1 37516 296
0x0000723b3d86c900 0x0000000994b8c900 0 1 0 0 1 2 1 37516 288
0x0000723b3d86c980 0x0000000994b8c980 0 1 0 0 1 2 1 37516 296
0x0000723b3d86ca00 0x0000000994b8ca00 0 0 1 0 1 2 1 37516 288
0x0000723b3d86ca80 0x0000000994b8ca80 0 0 1 0 1 2 1 37516 296
0x0000723b3d86cb00 0x0000000994b8cb00 0 1 1 0 1 2 1 37516 288
0x0000723b3d86cb80 0x0000000994b8cb80 0 1 1 0 1 2 1 37516 296
0x0000723b3d86cc00 0x0000000994b8cc00 0 0 0 0 1 2 1 37516 304
0x0000723b3d86cc80 0x0000000994b8cc80 0 0 0 0 1 2 1 37516 312
0x0000723b3d86cd00 0x0000000994b8cd00 0 1 0 0 1 2 1 37516 304
0x0000723b3d86cd80 0x0000000994b8cd80 0 1 0 0 1 2 1 37516 312
0x0000723b3d86ce00 0x0000000994b8ce00 0 0 1 0 1 2 1 37516 304
0x0000723b3d86ce80 0x0000000994b8ce80 0 0 1 0 1 2 1 37516 312
0x0000723b3d86cf00 0x0000000994b8cf00 0 1 1 0 1 2 1 37516 304
0x0000723b3d86cf80 0x0000000994b8cf80 0 1 1 0 1 2 1 37516 312
0x0000723b3d874000 0x00000005e9bd4000 0 0 0 0 0 2 1 23854 768
0x0000723b3d874080 0x00000005e9bd4080 0 0 0 0 0 2 1 23854 776
0x0000723b3d874100 0x00000005e9bd4100 0 1 0 0 0 2 1 23854 768
0x0000723b3d874180 0x00000005e9bd4180 0 1 0 0 0 2 1 23854 776
0x0000723b3d874200 0x00000005e9bd4200 0 0 1 0 0 2 1 23854 768
0x0000723b3d874280 0x00000005e9bd4280 0 0 1 0 0 2 1 23854 776
0x0000723b3d874300 0x00000005e9bd4300 0 1 1 0 0 2 1 23854 768
0x0000723b3d874380 0x00000005e9bd4380 0 1 1 0 0 2 1 23854 776
0x0000723b3d874400 0x00000005e9bd4400 0 0 0 0 0 2 1 23854 784
0x0000723b3d874480 0x00000005e9bd4480 0 0 0 0 0 2 1 23854 792
0x0000723b3d874500 0x00000005e9bd4500 0 1 0 0 0 2 1 23854 784
0x0000723b3d874580 0x00000005e9bd4580 0 1 0 0 0 2 1 23854 792
0x0000723b3d874600 0x00000005e9bd4600 0 0 1 0 0 2 1 23854 784
0x0000723b3d874680 0x00000005e9bd4680 0 0 1 0 0 2 1 23854 792
0x0000723b3d874700 0x00000005e9bd4700 0 1 1 0 0 2 1 23854 784
0x0000723b3d874780 0x00000005e9bd4780 0 1 1 0 0 2 1 23854 792
0x0000723b3d874800 0x00000005e9bd4800 0 0 0 0 0 2 1 23854 800
0x0000723b3d874880 0x00000005e9bd4880 0 0 0 0 0 2 1 23854 808
0x0000723b3d874900 0x00000005e9bd4900 0 1 0 0 0 2 1 23854 800
0x0000723b3d874980 0x00000005e9bd4980 0 1 0 0 0 2 1 23854 808
0x0000723b3d874a00 0x00000005e9bd4a00 0 0 1 0 0 2 1 23854 800
0x0000723b3d874a80 0x00000005e9bd4a80 0 0 1 0 0 2 1 23854 808
0x0000723b3d874b00 0x00000005e9bd4b00 0 1 1 0 0 2 1 23854 800
0x0000723b3d874b80 0x00000005e9bd4b80 0 1 1 0 0 2 1 23854 808
0x0000723b3d874c00 0x00000005e9bd4c00 0 0 0 0 0 2 1 23854 816
0x0000723b3d874c80 0x00000005e9bd4c80 0 0 0 0 0 2 1 23854 824
0x0000723b3d874d00 0x00000005e9bd4d00 0 1 0 0 0 2 1 23854 816
0x0000723b3d874d80 0x00000005e9bd4d80 0 1 0 0 0 2 1 23854 824
0x0000723b3d874e00 0x00000005e9bd4e00 0 0 1 0 0 2 1 23854 816
0x0000723b3d874e80 0x00000005e9bd4e80 0 0 1 0 0 2 1 23854 824
0x0000723b3d874f00 0x00000005e9bd4f00 0 1 1 0 0 2 1 23854 816
0x0000723b3d874f80 0x00000005e9bd4f80 0 1 1 0 0 2 1 23854 824
0x0000723b3d877000 0x00000009e3bfd000 0 0 0 0 1 2 1 40047 832
0x0000723b3d877080 0x00000009e3bfd080 0 0 0 0 1 2 1 40047 840
0x0000723b3d877100 0x00000009e3bfd100 0 1 0 0 1 2 1 40047 832
0x0000723b3d877180 0x00000009e3bfd180 0 1 0 0 1 2 1 40047 840
0x0000723b3d877200 0x00000009e3bfd200 0 0 1 0 1 2 1 40047 832
0x0000723b3d877280 0x00000009e3bfd280 0 0 1 0 1 2 1 40047 840
0x0000723b3d877300 0x00000009e3bfd300 0 1 1 0 1 2 1 40047 832
0x0000723b3d877380 0x00000009e3bfd380 0 1 1 0 1 2 1 40047 840
0x0000723b3d877400 0x00000009e3bfd400 0 0 0 0 1 2 1 40047 848
0x0000723b3d877480 0x00000009e3bfd480 0 0 0 0 1 2 1 40047 856
0x0000723b3d877500 0x00000009e3bfd500 0 1 0 0 1 2 1 40047 848
0x0000723b3d877580 0x00000009e3bfd580 0 1 0 0 1 2 1 40047 856
0x0000723b3d877600 0x00000009e3bfd600 0 0 1 0 1 2 1 40047 848
0x0000723b3d877680 0x00000009e3bfd680 0 0 1 0 1 2 1 40047 856
0x0000723b3d877700 0x00000009e3bfd700 0 1 1 0 1 2 1 40047 848
0x0000723b3d877780 0x00000009e3bfd780 0 1 1 0 1 2 1 40047 856
0x0000723b3d877800 0x00000009e3bfd800 0 0 0 0 1 2 1 40047 864
0x0000723b3d877880 0x00000009e3bfd880 0 0 0 0 1 2 1 40047 872
0x0000723b3d877900 0x00000009e3bfd900 0 1 0 0 1 2 1 40047 864
0x0000723b3d877980 0x00000009e3bfd980 0 1 0 0 1 2 1 40047 872
0x0000723b3d877a00 0x00000009e3bfda00 0 0 1 0 1 2 1 40047 864
0x0000723b3d877a80 0x00000009e3bfda80 0 0 1 0 1 2 1 40047 872
0x0000723b3d877b00 0x00000009e3bfdb00 0 1 1 0 1 2 1 40047 864
0x0000723b3d877b80 0x00000009e3bfdb80 0 1 1 0 1 2 1 40047 872
0x0000723b3d877c00 0x00000009e3bfdc00 0 0 0 0 1 2 1 40047 880
0x0000723b3d877c80 0x00000009e3bfdc80 0 0 0 0 1 2 1 40047 888
0x0000723b3d877d00 0x00000009e3bfdd00 0 1 0 0 1 2 1 40047 880
0x0000723b3d877d80 0x00000009e3bfdd80 0 1 0 0 1 2 1 40047 888
0x0000723b3d877e00 0x00000009e3bfde00 0 0 1 0 1 2 1 40047 880
0x0000723b3d877e80 0x00000009e3bfde80 0 0 1 0 1 2 1 40047 888
0x0000723b3d877f00 0x00000009e3bfdf00 0 1 1 0 1 2 1 40047 880
0x0000723b3d877f80 0x00000009e3bfdf80 0 1 1 0 1 2 1 40047 888
0x0000723b3d878000 0x0000000c70331000 0 0 0 0 0 2 1 48657 576
0x0000723b3d878080 0x0000000c70331080 0 0 0 0 0 2 1 48657 584
0x0000723b3d878100 0x0000000c70331100 0 1 0 0 0 2 1 48657 576
0x0000723b3d878180 0x0000000c70331180 0 1 0 0 0 2 1 48657 584
0x0000723b3d878200 0x0000000c70331200 0 0 1 0 0 2 1 48657 576
0x0000723b3d878280 0x0000000c70331280 0 0 1 0 0 2 1 48657 584
0x0000723b3d878300 0x0000000c70331300 0 1 1 0 0 2 1 48657 576
0x0000723b3d878380 0x0000000c70331380 0 1 1 0 0 2 1 48657 584
0x0000723b3d878400 0x0000000c70331400 0 0 0 0 0 2 1 48657 592
0x0000723b3d878480 0x0000000c70331480 0 0 0 0 0 2 1 48657 600
0x0000723b3d878500 0x0000000c70331500 0 1 0 0 0 2 1 48657 592
0x0000723b3d878580 0x0000000c70331580 0 1 0 0 0 2 1 48657 600
0x0000723b3d878600 0x0000000c70331600 0 0 1 0 0 2 1 48657 592
0x0000723b3d878680 0x0000000c70331680 0 0 1 0 0 2 1 48657 600
0x0000723b3d878700 0x0000000c70331700 0 1 1 0 0 2 1 48657 592
0x0000723b3d878780 0x0000000c70331780 0 1 1 0 0 2 1 48657 600
0x0000723b3d878800 0x0000000c70331800 0 0 0 0 0 2 1 48657 608
0x0000723b3d878880 0x0000000c70331880 0 0 0 0 0 2 1 48657 616
0x0000723b3d878900 0x0000000c70331900 0 1 0 0 0 2 1 48657 608
0x0000723b3d878980 0x0000000c70331980 0 1 0 0 0 2 1 48657 616
0x0000723b3d878a00 0x0000000c70331a00 0 0 1 0 0 2 1 48657 608
0x0000723b3d878a80 0x0000000c70331a80 0 0 1 0 0 2 1 48657 616
0x0000723b3d878b00 0x0000000c70331b00 0 1 1 0 0 2 1 48657 608
0x0000723b3d878b80 0x0000000c70331b80 0 1 1 0 0 2 1 48657 616
0x0000723b3d878c00 0x0000000c70331c00 0 0 0 0 0 2 1 48657 624
0x0000723b3d878c80 0x0000000c70331c80 0 0 0 0 0 2 1 48657 632
0x0000723b3d878d00 0x0000000c70331d00 0 1 0 0 0 2 1 48657 624
0x0000723b3d878d80 0x0000000c70331d80 0 1 0 0 0 2 1 48657 632
0x0000723b3d878e00 0x0000000c70331e00 0 0 1 0 0 2 1 48657 624
0x0000723b3d878e80 0x0000000c70331e80 0 0 1 0 0 2 1 48657 632
0x0000723b3d878f00 0x0000000c70331f00 0 1 1 0 0 2 1 48657 624
0x0000723b3d878f80 0x0000000c70331f80 0 1 1 0 0 2 1 48657 632
0x0000723b3d87a000 0x0000000250bc6000 0 0 0 0 0 2 1 6686 384
0x0000723b3d87a080 0x0000000250bc6080 0 0 0 0 0 2 1 6686 392
0x0000723b3d87a100 0x0000000250bc6100 0 1 0 0 0 2 1 6686 384
0x0000723b3d87a180 0x0000000250bc6180 0 1 0 0 0 2 1 6686 392
0x0000723b3d87a200 0x0000000250bc6200 0 0 1 0 0 2 1 6686 384
0x0000723b3d87a280 0x0000000250bc6280 0 0 1 0 0 2 1 6686 392
0x0000723b3d87a300 0x0000000250bc6300 0 1 1 0 0 2 1 6686 384
0x0000723b3d87a380 0x0000000250bc6380 0 1 1 0 0 2 1 6686 392
0x0000723b3d87a400 0x0000000250bc6400 0 0 0 0 0 2 1 6686 400
0x0000723b3d87a480 0x0000000250bc6480 0 0 0 0 0 2 1 6686 408
0x0000723b3d87a500 0x0000000250bc6500 0 1 0 0 0 2 1 6686 400
0x0000723b3d87a580 0x0000000250bc6580 0 1 0 0 0 2 1 6686 408
0x0000723b3d87a600 0x0000000250bc6600 0 0 1 0 0 2 1 6686 400
0x0000723b3d87a680 0x0000000250bc6680 0 0 1 0 0 2 1 6686 408
0x0000723b3d87a700 0x0000000250bc6700 0 1 1 0 0 2 1 6686 400
0x0000723b3d87a780 0x0000000250bc6780 0 1 1 0 0 2 1 6686 408
0x0000723b3d87a800 0x0000000250bc6800 0 0 0 0 0 2 1 6686 416
0x0000723b3d87a880 0x0000000250bc6880 0 0 0 0 0 2 1 6686 424
0x0000723b3d87a900 0x0000000250bc6900 0 1 0 0 0 2 1 6686 416
0x0000723b3d87a980 0x0000000250bc6980 0 1 0 0 0 2 1 6686 424
0x0000723b3d87aa00 0x0000000250bc6a00 0 0 1 0 0 2 1 6686 416
0x0000723b3d87aa80 0x0000000250bc6a80 0 0 1 0 0 2 1 6686 424
0x0000723b3d87ab00 0x0000000250bc6b00 0 1 1 0 0 2 1 6686 416
0x0000723b3d87ab80 0x0000000250bc6b80 0 1 1 0 0 2 1 6686 424
0x0000723b3d87ac00 0x0000000250bc6c00 0 0 0 0 0 2 1 6686 432
0x0000723b3d87ac80 0x0000000250bc6c80 0 0 0 0 0 2 1 6686 440
0x0000723b3d87ad00 0x0000000250bc6d00 0 1 0 0 0 2 1 6686 432
0x0000723b3d87ad80 0x0000000250bc6d80 0 1 0 0 0 2 1 6686 440
0x0000723b3d87ae00 0x0000000250bc6e00 0 0 1 0 0 2 1 6686 432
0x0000723b3d87ae80 0x0000000250bc6e80 0 0 1 0 0 2 1 6686 440
0x0000723b3d87af00 0x0000000250bc6f00 0 1 1 0 0 2 1 6686 432
0x0000723b3d87af80 0x0000000250bc6f80 0 1 1 0 0 2 1 6686 440
0x0000723b3d87c000 0x0000000c1436b000 0 0 0 0 1 2 1 45715 192
0x0000723b3d87c080 0x0000000c1436b080 0 0 0 0 1 2 1 45715 200
0x0000723b3d87c100 0x0000000c1436b100 0 1 0 0 1 2 1 45715 192
0x0000723b3d87c180 0x0000000c1436b180 0 1 0 0 1 2 1 45715 200
0x0000723b3d87c200 0x0000000c1436b200 0 0 1 0 1 2 1 45715 192
0x0000723b3d87c280 0x0000000c1436b280 0 0 1 0 1 2 1 45715 200
0x0000723b3d87c300 0x0000000c1436b300 0 1 1 0 1 2 1 45715 192
0x0000723b3d87c380 0x0000000c1436b380 0 1 1 0 1 2 1 45715 200
0x0000723b3d87c400 0x0000000c1436b400 0 0 0 0 1 2 1 45715 208
0x0000723b3d87c480 0x0000000c1436b480 0 0 0 0 1 2 1 45715 216
0x0000723b3d87c500 0x0000000c1436b500 0 1 0 0 1 2 1 45715 208
0x0000723b3d87c580 0x0000000c1436b580 0 1 0 0 1 2 1 45715 216
0x0000723b3d87c600 0x0000000c1436b600 0 0 1 0 1 2 1 45715 208
0x0000723b3d87c680 0x0000000c1436b680 0 0 1 0 1 2 1 45715 216
0x0000723b3d87c700 0x0000000c1436b700 0 1 1 0 1 2 1 45715 208
0x0000723b3d87c780 0x0000000c1436b780 0 1 1 0 1 2 1 45715 216
0x0000723b3d87c800 0x0000000c1436b800 0 0 0 0 1 2 1 45715 224
0x0000723b3d87c880 0x0000000c1436b880 0 0 0 0 1 2 1 45715 232
0x0000723b3d87c900 0x0000000c1436b900 0 1 0 0 1 2 1 45715 224
0x0000723b3d87c980 0x0000000c1436b980 0 1 0 0 1 2 1 45715 232
0x0000723b3d87ca00 0x0000000c1436ba00 0 0 1 0 1 2 1 45715 224
0x0000723b3d87ca80 0x0000000c1436ba80 0 0 1 0 1 2 1 45715 232
0x0000723b3d87cb00 0x0000000c1436bb00 0 1 1 0 1 2 1 45715 224
0x0000723b3d87cb80 0x0000000c1436bb80 0 1 1 0 1 2 1 45715 232
0x0000723b3d87cc00 0x0000000c1436bc00 0 0 0 0 1 2 1 45715 240
0x0000723b3d87cc80 0x0000000c1436bc80 0 0 0 0 1 2 1 45715 248
0x0000723b3d87cd00 0x0000000c1436bd00 0 1 0 0 1 2 1 45715 240
0x0000723b3d87cd80 0x0000000c1436bd80 0 1 0 0 1 2 1 45715 248
0x0000723b3d87ce00 0x0000000c1436be00 0 0 1 0 1 2 1 45715 240
0x0000723b3d87ce80 0x0000000c1436be80 0 0 1 0 1 2 1 45715 248
0x0000723b3d87cf00 0x0000000c1436bf00 0 1 1 0 1 2 1 45715 240
0x0000723b3d87cf80 0x0000000c1436bf80 0 1 1 0 1 2 1 45715 248
0x0000723b3d87d000 0x0000000e203e3000 0 0 0 0 0 2 1 54295 192
0x0000723b3d87d080 0x0000000e203e3080 0 0 0 0 0 2 1 54295 200
0x0000723b3d87d100 0x0000000e203e3100 0 1 0 0 0 2 1 54295 192
0x0000723b3d87d180 0x0000000e203e3180 0 1 0 0 0 2 1 54295 200
0x0000723b3d87d200 0x0000000e203e3200 0 0 1 0 0 2 1 54295 192
0x0000723b3d87d280 0x0000000e203e3280 0 0 1 0 0 2 1 54295 200
0x0000723b3d87d300 0x0000000e203e3300 0 1 1 0 0 2 1 54295 192
0x0000723b3d87d380 0x0000000e203e3380 0 1 1 0 0 2 1 54295 200
0x0000723b3d87d400 0x0000000e203e3400 0 0 0 0 0 2 1 54295 208
0x0000723b3d87d480 0x0000000e203e3480 0 0 0 0 0 2 1 54295 216
0x0000723b3d87d500 0x0000000e203e3500 0 1 0 0 0 2 1 54295 208
0x0000723b3d87d580 0x0000000e203e3580 0 1 0 0 0 2 1 54295 216
0x0000723b3d87d600 0x0000000e203e3600 0 0 1 0 0 2 1 54295 208
0x0000723b3d87d680 0x0000000e203e3680 0 0 1 0 0 2 1 54295 216
0x0000723b3d87d700 0x0000000e203e3700 0 1 1 0 0 2 1 54295 208
0x0000723b3d87d780 0x0000000e203e3780 0 1 1 0 0 2 1 54295 216
0x0000723b3d87d800 0x0000000e203e3800 0 0 0 0 0 2 1 54295 224
0x0000723b3d87d880 0x0000000e203e3880 0 0 0 0 0 2 1 54295 232
0x0000723b3d87d900 0x0000000e203e3900 0 1 0 0 0 2 1 54295 224
0x0000723b3d87d980 0x0000000e203e3980 0 1 0 0 0 2 1 54295 232
0x0000723b3d87da00 0x0000000e203e3a00 0 0 1 0 0 2 1 54295 224
0x0000723b3d87da80 0x0000000e203e3a80 0 0 1 0 0 2 1 54295 232
0x0000723b3d87db00 0x0000000e203e3b00 0 1 1 0 0 2 1 54295 224
0x0000723b3d87db80 0x0000000e203e3b80 0 1 1 0 0 2 1 54295 232
0x0000723b3d87dc00 0x0000000e203e3c00 0 0 0 0 0 2 1 54295 240
0x0000723b3d87dc80 0x0000000e203e3c80 0 0 0 0 0 2 1 54295 248
0x0000723b3d87dd00 0x0000000e203e3d00 0 1 0 0 0 2 1 54295 240
0x0000723b3d87dd80 0x0000000e203e3d80 0 1 0 0 0 2 1 54295 248
0x0000723b3d87de00 0x0000000e203e3e00 0 0 1 0 0 2 1 54295 240
0x0000723b3d87de80 0x0000000e203e3e80 0 0 1 0 0 2 1 54295 248
0x0000723b3d87df00 0x0000000e203e3f00 0 1 1 0 0 2 1 54295 240
0x0000723b3d87df80 0x0000000e203e3f80 0 1 1 0 0 2 1 54295 248
0x0000723b3d881000 0x0000000d6e3c7000 0 0 0 0 0 2 1 52694 448
0x0000723b3d881080 0x0000000d6e3c7080 0 0 0 0 0 2 1 52694 456
0x0000723b3d881100 0x0000000d6e3c7100 0 1 0 0 0 2 1 52694 448
0x0000723b3d881180 0x0000000d6e3c7180 0 1 0 0 0 2 1 52694 456
0x0000723b3d881200 0x0000000d6e3c7200 0 0 1 0 0 2 1 52694 448
0x0000723b3d881280 0x0000000d6e3c7280 0 0 1 0 0 2 1 52694 456
0x0000723b3d881300 0x0000000d6e3c7300 0 1 1 0 0 2 1 52694 448
0x0000723b3d881380 0x0000000d6e3c7380 0 1 1 0 0 2 1 52694 456
0x0000723b3d881400 0x0000000d6e3c7400 0 0 0 0 0 2 1 52694 464
0x0000723b3d881480 0x0000000d6e3c7480 0 0 0 0 0 2 1 52694 472
0x0000723b3d881500 0x0000000d6e3c7500 0 1 0 0 0 2 1 52694 464
0x0000723b3d881580 0x0000000d6e3c7580 0 1 0 0 0 2 1 52694 472
0x0000723b3d881600 0x0000000d6e3c7600 0 0 1 0 0 2 1 52694 464
0x0000723b3d881680 0x0000000d6e3c7680 0 0 1 0 0 2 1 52694 472
0x0000723b3d881700 0x0000000d6e3c7700 0 1 1 0 0 2 1 52694 464
0x0000723b3d881780 0x0000000d6e3c7780 0 1 1 0 0 2 1 52694 472
0x0000723b3d881800 0x0000000d6e3c7800 0 0 0 0 0 2 1 52694 480
0x0000723b3d881880 0x0000000d6e3c7880 0 0 0 0 0 2 1 52694 488
0x0000723b3d881900 0x0000000d6e3c7900 0 1 0 0 0 2 1 52694 480
0x0000723b3d881980 0x0000000d6e3c7980 0 1 0 0 0 2 1 52694 488
0x0000723b3d881a00 0x0000000d6e3c7a00 0 0 1 0 0 2 1 52694 480
0x0000723b3d881a80 0x0000000d6e3c7a80 0 0 1 0 0 2 1 52694 488
0x0000723b3d881b00 0x0000000d6e3c7b00 0 1 1 0 0 2 1 52694 480
0x0000723b3d881b80 0x0000000d6e3c7b80 0 1 1 0 0 2 1 52694 488
0x0000723b3d881c00 0x0000000d6e3c7c00 0 0 0 0 0 2 1 52694 496
0x0000723b3d881c80 0x0000000d6e3c7c80 0 0 0 0 0 2 1 52694 504
0x0000723b3d881d00 0x0000000d6e3c7d00 0 1 0 0 0 2 1 52694 496
0x0000723b3d881d80 0x0000000d6e3c7d80 0 1 0 0 0 2 1 52694 504
0x0000723b3d881e00 0x0000000d6e3c7e00 0 0 1 0 0 2 1 52694 496
0x0000723b3d881e80 0x0000000d6e3c7e80 0 0 1 0 0 2 1 52694 504
0x0000723b3d881f00 0x0000000d6e3c7f00 0 1 1 0 0 2 1 52694 496
0x0000723b3d881f80 0x0000000d6e3c7f80 0 1 1 0 0 2 1 52694 504
0x0000723b3d883000 0x00000005ad386000 0 0 0 0 0 2 1 21924 384
0x0000723b3d883080 0x00000005ad386080 0 0 0 0 0 2 1 21924 392
0x0000723b3d883100 0x00000005ad386100 0 1 0 0 0 2 1 21924 384
0x0000723b3d883180 0x00000005ad386180 0 1 0 0 0 2 1 21924 392
0x0000723b3d883200 0x00000005ad386200 0 0 1 0 0 2 1 21924 384
0x0000723b3d883280 0x00000005ad386280 0 0 1 0 0 2 1 21924 392
0x0000723b3d883300 0x00000005ad386300 0 1 1 0 0 2 1 21924 384
0x0000723b3d883380 0x00000005ad386380 0 1 1 0 0 2 1 21924 392
0x0000723b3d883400 0x00000005ad386400 0 0 0 0 0 2 1 21924 400
0x0000723b3d883480 0x00000005ad386480 0 0 0 0 0 2 1 21924 408
0x0000723b3d883500 0x00000005ad386500 0 1 0 0 0 2 1 21924 400
0x0000723b3d883580 0x00000005ad386580 0 1 0 0 0 2 1 21924 408
0x0000723b3d883600 0x00000005ad386600 0 0 1 0 0 2 1 21924 400
0x0000723b3d883680 0x00000005ad386680 0 0 1 0 0 2 1 21924 408
0x0000723b3d883700 0x00000005ad386700 0 1 1 0 0 2 1 21924 400
0x0000723b3d883780 0x00000005ad386780 0 1 1 0 0 2 1 21924 408
0x0000723b3d883800 0x00000005ad386800 0 0 0 0 0 2 1 21924 416
0x0000723b3d883880 0x00000005ad386880 0 0 0 0 0 2 1 21924 424
0x0000723b3d883900 0x00000005ad386900 0 1 0 0 0 2 1 21924 416
0x0000723b3d883980 0x00000005ad386980 0 1 0 0 0 2 1 21924 424
0x0000723b3d883a00 0x00000005ad386a00 0 0 1 0 0 2 1 21924 416
0x0000723b3d883a80 0x00000005ad386a80 0 0 1 0 0 2 1 21924 424
0x0000723b3d883b00 0x00000005ad386b00 0 1 1 0 0 2 1 21924 416
0x0000723b3d883b80 0x00000005ad386b80 0 1 1 0 0 2 1 21924 424
0x0000723b3d883c00 0x00000005ad386c00 0 0 0 0 0 2 1 21924 432
0x0000723b3d883c80 0x00000005ad386c80 0 0 0 0 0 2 1 21924 440
0x0000723b3d883d00 0x00000005ad386d00 0 1 0 0 0 2 1 21924 432
0x0000723b3d883d80 0x00000005ad386d80 0 1 0 0 0 2 1 21924 440
0x0000723b3d883e00 0x00000005ad386e00 0 0 1 0 0 2 1 21924 432
0x0000723b3d883e80 0x00000005ad386e80 0 0 1 0 0 2 1 21924 440
0x0000723b3d883f00 0x00000005ad386f00 0 1 1 0 0 2 1 21924 432
0x0000723b3d883f80 0x00000005ad386f80 0 1 1 0 0 2 1 21924 440
0x0000723b3d897000 0x0000000f173e3000 0 0 0 0 0 2 1 58103 192
0x0000723b3d897080 0x0000000f173e3080 0 0 0 0 0 2 1 58103 200
0x0000723b3d897100 0x0000000f173e3100 0 1 0 0 0 2 1 58103 192
0x0000723b3d897180 0x0000000f173e3180 0 1 0 0 0 2 1 58103 200
0x0000723b3d897200 0x0000000f173e3200 0 0 1 0 0 2 1 58103 192
0x0000723b3d897280 0x0000000f173e3280 0 0 1 0 0 2 1 58103 200
0x0000723b3d897300 0x0000000f173e3300 0 1 1 0 0 2 1 58103 192
0x0000723b3d897380 0x0000000f173e3380 0 1 1 0 0 2 1 58103 200
0x0000723b3d897400 0x0000000f173e3400 0 0 0 0 0 2 1 58103 208
0x0000723b3d897480 0x0000000f173e3480 0 0 0 0 0 2 1 58103 216
0x0000723b3d897500 0x0000000f173e3500 0 1 0 0 0 2 1 58103 208
0x0000723b3d897580 0x0000000f173e3580 0 1 0 0 0 2 1 58103 216
0x0000723b3d897600 0x0000000f173e3600 0 0 1 0 0 2 1 58103 208
0x0000723b3d897680 0x0000000f173e3680 0 0 1 0 0 2 1 58103 216
0x0000723b3d897700 0x0000000f173e3700 0 1 1 0 0 2 1 58103 208
0x0000723b3d897780 0x0000000f173e3780 0 1 1 0 0 2 1 58103 216
0x0000723b3d897800 0x0000000f173e3800 0 0 0 0 0 2 1 58103 224
0x0000723b3d897880 0x0000000f173e3880 0 0 0 0 0 2 1 58103 232
0x0000723b3d897900 0x0000000f173e3900 0 1 0 0 0 2 1 58103 224
0x0000723b3d897980 0x0000000f173e3980 0 1 0 0 0 2 1 58103 232
0x0000723b3d897a00 0x0000000f173e3a00 0 0 1 0 0 2 1 58103 224
0x0000723b3d897a80 0x0000000f173e3a80 0 0 1 0 0 2 1 58103 232
0x0000723b3d897b00 0x0000000f173e3b00 0 1 1 0 0 2 1 58103 224
0x0000723b3d897b80 0x0000000f173e3b80 0 1 1 0 0 2 1 58103 232
0x0000723b3d897c00 0x0000000f173e3c00 0 0 0 0 0 2 1 58103 240
0x0000723b3d897c80 0x0000000f173e3c80 0 0 0 0 0 2 1 58103 248
0x0000723b3d897d00 0x0000000f173e3d00 0 1 0 0 0 2 1 58103 240
0x0000723b3d897d80 0x0000000f173e3d80 0 1 0 0 0 2 1 58103 248
0x0000723b3d897e00 0x0000000f173e3e00 0 0 1 0 0 2 1 58103 240
0x0000723b3d897e80 0x0000000f173e3e80 0 0 1 0 0 2 1 58103 248
0x0000723b3d897f00 0x0000000f173e3f00 0 1 1 0 0 2 1 58103 240
0x0000723b3d897f80 0x0000000f173e3f80 0 1 1 0 0 2 1 58103 248
0x0000723b3d899000 0x0000000ca6b1e000 0 0 0 0 1 2 1 50376 896
0x0000723b3d899080 0x0000000ca6b1e080 0 0 0 0 1 2 1 50376 904
0x0000723b3d899100 0x0000000ca6b1e100 0 1 0 0 1 2 1 50376 896
0x0000723b3d899180 0x0000000ca6b1e180 0 1 0 0 1 2 1 50376 904
0x0000723b3d899200 0x0000000ca6b1e200 0 0 1 0 1 2 1 50376 896
0x0000723b3d899280 0x0000000ca6b1e280 0 0 1 0 1 2 1 50376 904
0x0000723b3d899300 0x0000000ca6b1e300 0 1 1 0 1 2 1 50376 896
0x0000723b3d899380 0x0000000ca6b1e380 0 1 1 0 1 2 1 50376 904
0x0000723b3d899400 0x0000000ca6b1e400 0 0 0 0 1 2 1 50376 912
0x0000723b3d899480 0x0000000ca6b1e480 0 0 0 0 1 2 1 50376 920
0x0000723b3d899500 0x0000000ca6b1e500 0 1 0 0 1 2 1 50376 912
0x0000723b3d899580 0x0000000ca6b1e580 0 1 0 0 1 2 1 50376 920
0x0000723b3d899600 0x0000000ca6b1e600 0 0 1 0 1 2 1 50376 912
0x0000723b3d899680 0x0000000ca6b1e680 0 0 1 0 1 2 1 50376 920
0x0000723b3d899700 0x0000000ca6b1e700 0 1 1 0 1 2 1 50376 912
0x0000723b3d899780 0x0000000ca6b1e780 0 1 1 0 1 2 1 50376 920
0x0000723b3d899800 0x0000000ca6b1e800 0 0 0 0 1 2 1 50376 928
0x0000723b3d899880 0x0000000ca6b1e880 0 0 0 0 1 2 1 50376 936
0x0000723b3d899900 0x0000000ca6b1e900 0 1 0 0 1 2 1 50376 928
0x0000723b3d899980 0x0000000ca6b1e980 0 1 0 0 1 2 1 50376 936
0x0000723b3d899a00 0x0000000ca6b1ea00 0 0 1 0 1 2 1 50376 928
0x0000723b3d899a80 0x0000000ca6b1ea80 0 0 1 0 1 2 1 50376 936
0x0000723b3d899b00 0x0000000ca6b1eb00 0 1 1 0 1 2 1 50376 928
0x0000723b3d899b80 0x0000000ca6b1eb80 0 1 1 0 1 2 1 50376 936
0x0000723b3d899c00 0x0000000ca6b1ec00 0 0 0 0 1 2 1 50376 944
0x0000723b3d899c80 0x0000000ca6b1ec80 0 0 0 0 1 2 1 50376 952
0x0000723b3d899d00 0x0000000ca6b1ed00 0 1 0 0 1 2 1 50376 944
0x0000723b3d899d80 0x0000000ca6b1ed80 0 1 0 0 1 2 1 50376 952
0x0000723b3d899e00 0x0000000ca6b1ee00 0 0 1 0 1 2 1 50376 944
0x0000723b3d899e80 0x0000000ca6b1ee80 0 0 1 0 1 2 1 50376 952
0x0000723b3d899f00 0x0000000ca6b1ef00 0 1 1 0 1 2 1 50376 944
0x0000723b3d899f80 0x0000000ca6b1ef80 0 1 1 0 1 2 1 50376 952
0x0000723b3d89d000 0x00000003f0bc6000 0 0 0 0 0 2 1 15886 384
0x0000723b3d89d080 0x00000003f0bc6080 0 0 0 0 0 2 1 15886 392
0x0000723b3d89d100 0x00000003f0bc6100 0 1 0 0 0 2 1 15886 384
0x0000723b3d89d180 0x00000003f0bc6180 0 1 0 0 0 2 1 15886 392
0x0000723b3d89d200 0x00000003f0bc6200 0 0 1 0 0 2 1 15886 384
0x0000723b3d89d280 0x00000003f0bc6280 0 0 1 0 0 2 1 15886 392
0x0000723b3d89d300 0x00000003f0bc6300 0 1 1 0 0 2 1 15886 384
0x0000723b3d89d380 0x00000003f0bc6380 0 1 1 0 0 2 1 15886 392
0x0000723b3d89d400 0x00000003f0bc6400 0 0 0 0 0 2 1 15886 400
0x0000723b3d89d480 0x00000003f0bc6480 0 0 0 0 0 2 1 15886 408
0x0000723b3d89d500 0x00000003f0bc6500 0 1 0 0 0 2 1 15886 400
0x0000723b3d89d580 0x00000003f0bc6580 0 1 0 0 0 2 1 15886 408
0x0000723b3d89d600 0x00000003f0bc6600 0 0 1 0 0 2 1 15886 400
0x0000723b3d89d680 0x00000003f0bc6680 0 0 1 0 0 2 1 15886 408
0x0000723b3d89d700 0x00000003f0bc6700 0 1 1 0 0 2 1 15886 400
0x0000723b3d89d780 0x00000003f0bc6780 0 1 1 0 0 2 1 15886 408
0x0000723b3d89d800 0x00000003f0bc6800 0 0 0 0 0 2 1 15886 416
0x0000723b3d89d880 0x00000003f0bc6880 0 0 0 0 0 2 1 15886 424
0x0000723b3d89d900 0x00000003f0bc6900 0 1 0 0 0 2 1 15886 416
0x0000723b3d89d980 0x00000003f0bc6980 0 1 0 0 0 2 1 15886 424
0x0000723b3d89da00 0x00000003f0bc6a00 0 0 1 0 0 2 1 15886 416
0x0000723b3d89da80 0x00000003f0bc6a80 0 0 1 0 0 2 1 15886 424
0x0000723b3d89db00 0x00000003f0bc6b00 0 1 1 0 0 2 1 15886 416
0x0000723b3d89db80 0x00000003f0bc6b80 0 1 1 0 0 2 1 15886 424
0x0000723b3d89dc00 0x00000003f0bc6c00 0 0 0 0 0 2 1 15886 432
0x0000723b3d89dc80 0x00000003f0bc6c80 0 0 0 0 0 2 1 15886 440
0x0000723b3d89dd00 0x00000003f0bc6d00 0 1 0 0 0 2 1 15886 432
0x0000723b3d89dd80 0x00000003f0bc6d80 0 1 0 0 0 2 1 15886 440
0x0000723b3d89de00 0x00000003f0bc6e00 0 0 1 0 0 2 1 15886 432
0x0000723b3d89de80 0x00000003f0bc6e80 0 0 1 0 0 2 1 15886 440
0x0000723b3d89df00 0x00000003f0bc6f00 0 1 1 0 0 2 1 15886 432
0x0000723b3d89df80 0x00000003f0bc6f80 0 1 1 0 0 2 1 15886 440
0x0000723b3d8b0000 0x0000000576bab000 0 0 0 0 1 2 1 20189 192
0x0000723b3d8b0080 0x0000000576bab080 0 0 0 0 1 2 1 20189 200
0x0000723b3d8b0100 0x0000000576bab100 0 1 0 0 1 2 1 20189 192
0x0000723b3d8b0180 0x0000000576bab180 0 1 0 0 1 2 1 20189 200
0x0000723b3d8b0200 0x0000000576bab200 0 0 1 0 1 2 1 20189 192
0x0000723b3d8b0280 0x0000000576bab280 0 0 1 0 1 2 1 20189 200
0x0000723b3d8b0300 0x0000000576bab300 0 1 1 0 1 2 1 20189 192
0x0000723b3d8b0380 0x0000000576bab380 0 1 1 0 1 2 1 20189 200
0x0000723b3d8b0400 0x0000000576bab400 0 0 0 0 1 2 1 20189 208
0x0000723b3d8b0480 0x0000000576bab480 0 0 0 0 1 2 1 20189 216
0x0000723b3d8b0500 0x0000000576bab500 0 1 0 0 1 2 1 20189 208
0x0000723b3d8b0580 0x0000000576bab580 0 1 0 0 1 2 1 20189 216
0x0000723b3d8b0600 0x0000000576bab600 0 0 1 0 1 2 1 20189 208
0x0000723b3d8b0680 0x0000000576bab680 0 0 1 0 1 2 1 20189 216
0x0000723b3d8b0700 0x0000000576bab700 0 1 1 0 1 2 1 20189 208
0x0000723b3d8b0780 0x0000000576bab780 0 1 1 0 1 2 1 20189 216
0x0000723b3d8b0800 0x0000000576bab800 0 0 0 0 1 2 1 20189 224
0x0000723b3d8b0880 0x0000000576bab880 0 0 0 0 1 2 1 20189 232
0x0000723b3d8b0900 0x0000000576bab900 0 1 0 0 1 2 1 20189 224
0x0000723b3d8b0980 0x0000000576bab980 0 1 0 0 1 2 1 20189 232
0x0000723b3d8b0a00 0x0000000576baba00 0 0 1 0 1 2 1 20189 224
0x0000723b3d8b0a80 0x0000000576baba80 0 0 1 0 1 2 1 20189 232
0x0000723b3d8b0b00 0x0000000576babb00 0 1 1 0 1 2 1 20189 224
0x0000723b3d8b0b80 0x0000000576babb80 0 1 1 0 1 2 1 20189 232
0x0000723b3d8b0c00 0x0000000576babc00 0 0 0 0 1 2 1 20189 240
0x0000723b3d8b0c80 0x0000000576babc80 0 0 0 0 1 2 1 20189 248
0x0000723b3d8b0d00 0x0000000576babd00 0 1 0 0 1 2 1 20189 240
0x0000723b3d8b0d80 0x0000000576babd80 0 1 0 0 1 2 1 20189 248
0x0000723b3d8b0e00 0x0000000576babe00 0 0 1 0 1 2 1 20189 240
0x0000723b3d8b0e80 0x0000000576babe80 0 0 1 0 1 2 1 20189 248
0x0000723b3d8b0f00 0x0000000576babf00 0 1 1 0 1 2 1 20189 240
0x0000723b3d8b0f80 0x0000000576babf80 0 1 1 0 1 2 1 20189 248
0x0000723b3d8bb000 0x0000000830bfb000 0 0 0 0 1 2 1 30239 704
0x0000723b3d8bb080 0x0000000830bfb080 0 0 0 0 1 2 1 30239 712
0x0000723b3d8bb100 0x0000000830bfb100 0 1 0 0 1 2 1 30239 704
0x0000723b3d8bb180 0x0000000830bfb180 0 1 0 0 1 2 1 30239 712
0x0000723b3d8bb200 0x0000000830bfb200 0 0 1 0 1 2 1 30239 704
0x0000723b3d8bb280 0x0000000830bfb280 0 0 1 0 1 2 1 30239 712
0x0000723b3d8bb300 0x0000000830bfb300 0 1 1 0 1 2 1 30239 704
0x0000723b3d8bb380 0x0000000830bfb380 0 1 1 0 1 2 1 30239 712
0x0000723b3d8bb400 0x0000000830bfb400 0 0 0 0 1 2 1 30239 720
0x0000723b3d8bb480 0x0000000830bfb480 0 0 0 0 1 2 1 30239 728
0x0000723b3d8bb500 0x0000000830bfb500 0 1 0 0 1 2 1 30239 720
0x0000723b3d8bb580 0x0000000830bfb580 0 1 0 0 1 2 1 30239 728
0x0000723b3d8bb600 0x0000000830bfb600 0 0 1 0 1 2 1 30239 720
0x0000723b3d8bb680 0x0000000830bfb680 0 0 1 0 1 2 1 30239 728
0x0000723b3d8bb700 0x0000000830bfb700 0 1 1 0 1 2 1 30239 720
0x0000723b3d8bb780 0x0000000830bfb780 0 1 1 0 1 2 1 30239 728
0x0000723b3d8bb800 0x0000000830bfb800 0 0 0 0 1 2 1 30239 736
0x0000723b3d8bb880 0x0000000830bfb880 0 0 0 0 1 2 1 30239 744
0x0000723b3d8bb900 0x0000000830bfb900 0 1 0 0 1 2 1 30239 736
0x0000723b3d8bb980 0x0000000830bfb980 0 1 0 0 1 2 1 30239 744
0x0000723b3d8bba00 0x0000000830bfba00 0 0 1 0 1 2 1 30239 736
0x0000723b3d8bba80 0x0000000830bfba80 0 0 1 0 1 2 1 30239 744
0x0000723b3d8bbb00 0x0000000830bfbb00 0 1 1 0 1 2 1 30239 736
0x0000723b3d8bbb80 0x0000000830bfbb80 0 1 1 0 1 2 1 30239 744
0x0000723b3d8bbc00 0x0000000830bfbc00 0 0 0 0 1 2 1 30239 752
0x0000723b3d8bbc80 0x0000000830bfbc80 0 0 0 0 1 2 1 30239 760
0x0000723b3d8bbd00 0x0000000830bfbd00 0 1 0 0 1 2 1 30239 752
0x0000723b3d8bbd80 0x0000000830bfbd80 0 1 0 0 1 2 1 30239 760
0x0000723b3d8bbe00 0x0000000830bfbe00 0 0 1 0 1 2 1 30239 752
0x0000723b3d8bbe80 0x0000000830bfbe80 0 0 1 0 1 2 1 30239 760
0x0000723b3d8bbf00 0x0000000830bfbf00 0 1 1 0 1 2 1 30239 752
0x0000723b3d8bbf80 0x0000000830bfbf80 0 1 1 0 1 2 1 30239 760
0x0000723b3d8c6000 0x0000000e9abfe000 0 0 0 0 1 2 1 58191 896
0x0000723b3d8c6080 0x0000000e9abfe080 0 0 0 0 1 2 1 58191 904
0x0000723b3d8c6100 0x0000000e9abfe100 0 1 0 0 1 2 1 58191 896
0x0000723b3d8c6180 0x0000000e9abfe180 0 1 0 0 1 2 1 58191 904
0x0000723b3d8c6200 0x0000000e9abfe200 0 0 1 0 1 2 1 58191 896
0x0000723b3d8c6280 0x0000000e9abfe280 0 0 1 0 1 2 1 58191 904
0x0000723b3d8c6300 0x0000000e9abfe300 0 1 1 0 1 2 1 58191 896
0x0000723b3d8c6380 0x0000000e9abfe380 0 1 1 0 1 2 1 58191 904
0x0000723b3d8c6400 0x0000000e9abfe400 0 0 0 0 1 2 1 58191 912
0x0000723b3d8c6480 0x0000000e9abfe480 0 0 0 0 1 2 1 58191 920
0x0000723b3d8c6500 0x0000000e9abfe500 0 1 0 0 1 2 1 58191 912
0x0000723b3d8c6580 0x0000000e9abfe580 0 1 0 0 1 2 1 58191 920
0x0000723b3d8c6600 0x0000000e9abfe600 0 0 1 0 1 2 1 58191 912
0x0000723b3d8c6680 0x0000000e9abfe680 0 0 1 0 1 2 1 58191 920
0x0000723b3d8c6700 0x0000000e9abfe700 0 1 1 0 1 2 1 58191 912
0x0000723b3d8c6780 0x0000000e9abfe780 0 1 1 0 1 2 1 58191 920
0x0000723b3d8c6800 0x0000000e9abfe800 0 0 0 0 1 2 1 58191 928
0x0000723b3d8c6880 0x0000000e9abfe880 0 0 0 0 1 2 1 58191 936
0x0000723b3d8c6900 0x0000000e9abfe900 0 1 0 0 1 2 1 58191 928
0x0000723b3d8c6980 0x0000000e9abfe980 0 1 0 0 1 2 1 58191 936
0x0000723b3d8c6a00 0x0000000e9abfea00 0 0 1 0 1 2 1 58191 928
0x0000723b3d8c6a80 0x0000000e9abfea80 0 0 1 0 1 2 1 58191 936
0x0000723b3d8c6b00 0x0000000e9abfeb00 0 1 1 0 1 2 1 58191 928
0x0000723b3d8c6b80 0x0000000e9abfeb80 0 1 1 0 1 2 1 58191 936
0x0000723b3d8c6c00 0x0000000e9abfec00 0 0 0 0 1 2 1 58191 944
0x0000723b3d8c6c80 0x0000000e9abfec80 0 0 0 0 1 2 1 58191 952
0x0000723b3d8c6d00 0x0000000e9abfed00 0 1 0 0 1 2 1 58191 944
0x0000723b3d8c6d80 0x0000000e9abfed80 0 1 0 0 1 2 1 58191 952
0x0000723b3d8c6e00 0x0000000e9abfee00 0 0 1 0 1 2 1 58191 944
0x0000723b3d8c6e80 0x0000000e9abfee80 0 0 1 0 1 2 1 58191 952
0x0000723b3d8c6f00 0x0000000e9abfef00 0 1 1 0 1 2 1 58191 944
0x0000723b3d8c6f80 0x0000000e9abfef80 0 1 1 0 1 2 1 58191 952
0x0000723b3d8d9000 0x0000000cb3b3d000 0 0 0 0 1 2 1 50793 832
0x0000723b3d8d9080 0x0000000cb3b3d080 0 0 0 0 1 2 1 50793 840
0x0000723b3d8d9100 0x0000000cb3b3d100 0 1 0 0 1 2 1 50793 832
0x0000723b3d8d9180 0x0000000cb3b3d180 0 1 0 0 1 2 1 50793 840
0x0000723b3d8d9200 0x0000000cb3b3d200 0 0 1 0 1 2 1 50793 832
0x0000723b3d8d9280 0x0000000cb3b3d280 0 0 1 0 1 2 1 50793 840
0x0000723b3d8d9300 0x0000000cb3b3d300 0 1 1 0 1 2 1 50793 832
0x0000723b3d8d9380 0x0000000cb3b3d380 0 1 1 0 1 2 1 50793 840
0x0000723b3d8d9400 0x0000000cb3b3d400 0 0 0 0 1 2 1 50793 848
0x0000723b3d8d9480 0x0000000cb3b3d480 0 0 0 0 1 2 1 50793 856
0x0000723b3d8d9500 0x0000000cb3b3d500 0 1 0 0 1 2 1 50793 848
0x0000723b3d8d9580 0x0000000cb3b3d580 0 1 0 0 1 2 1 50793 856
0x0000723b3d8d9600 0x0000000cb3b3d600 0 0 1 0 1 2 1 50793 848
0x0000723b3d8d9680 0x0000000cb3b3d680 0 0 1 0 1 2 1 50793 856
0x0000723b3d8d9700 0x0000000cb3b3d700 0 1 1 0 1 2 1 50793 848
0x0000723b3d8d9780 0x0000000cb3b3d780 0 1 1 0 1 2 1 50793 856
0x0000723b3d8d9800 0x0000000cb3b3d800 0 0 0 0 1 2 1 50793 864
0x0000723b3d8d9880 0x0000000cb3b3d880 0 0 0 0 1 2 1 50793 872
0x0000723b3d8d9900 0x0000000cb3b3d900 0 1 0 0 1 2 1 50793 864
0x0000723b3d8d9980 0x0000000cb3b3d980 0 1 0 0 1 2 1 50793 872
0x0000723b3d8d9a00 0x0000000cb3b3da00 0 0 1 0 1 2 1 50793 864
0x0000723b3d8d9a80 0x0000000cb3b3da80 0 0 1 0 1 2 1 50793 872
0x0000723b3d8d9b00 0x0000000cb3b3db00 0 1 1 0 1 2 1 50793 864
0x0000723b3d8d9b80 0x0000000cb3b3db80 0 1 1 0 1 2 1 50793 872
0x0000723b3d8d9c00 0x0000000cb3b3dc00 0 0 0 0 1 2 1 50793 880
0x0000723b3d8d9c80 0x0000000cb3b3dc80 0 0 0 0 1 2 1 50793 888
0x0000723b3d8d9d00 0x0000000cb3b3dd00 0 1 0 0 1 2 1 50793 880
0x0000723b3d8d9d80 0x0000000cb3b3dd80 0 1 0 0 1 2 1 50793 888
0x0000723b3d8d9e00 0x0000000cb3b3de00 0 0 1 0 1 2 1 50793 880
0x0000723b3d8d9e80 0x0000000cb3b3de80 0 0 1 0 1 2 1 50793 888
0x0000723b3d8d9f00 0x0000000cb3b3df00 0 1 1 0 1 2 1 50793 880
0x0000723b3d8d9f80 0x0000000cb3b3df80 0 1 1 0 1 2 1 50793 888
0x0000723b3d8de000 0x0000000d26bb3000 0 0 0 0 0 2 1 50397 704
0x0000723b3d8de080 0x0000000d26bb3080 0 0 0 0 0 2 1 50397 712
0x0000723b3d8de100 0x0000000d26bb3100 0 1 0 0 0 2 1 50397 704
0x0000723b3d8de180 0x0000000d26bb3180 0 1 0 0 0 2 1 50397 712
0x0000723b3d8de200 0x0000000d26bb3200 0 0 1 0 0 2 1 50397 704
0x0000723b3d8de280 0x0000000d26bb3280 0 0 1 0 0 2 1 50397 712
0x0000723b3d8de300 0x0000000d26bb3300 0 1 1 0 0 2 1 50397 704
0x0000723b3d8de380 0x0000000d26bb3380 0 1 1 0 0 2 1 50397 712
0x0000723b3d8de400 0x0000000d26bb3400 0 0 0 0 0 2 1 50397 720
0x0000723b3d8de480 0x0000000d26bb3480 0 0 0 0 0 2 1 50397 728
0x0000723b3d8de500 0x0000000d26bb3500 0 1 0 0 0 2 1 50397 720
0x0000723b3d8de580 0x0000000d26bb3580 0 1 0 0 0 2 1 50397 728
0x0000723b3d8de600 0x0000000d26bb3600 0 0 1 0 0 2 1 50397 720
0x0000723b3d8de680 0x0000000d26bb3680 0 0 1 0 0 2 1 50397 728
0x0000723b3d8de700 0x0000000d26bb3700 0 1 1 0 0 2 1 50397 720
0x0000723b3d8de780 0x0000000d26bb3780 0 1 1 0 0 2 1 50397 728
0x0000723b3d8de800 0x0000000d26bb3800 0 0 0 0 0 2 1 50397 736
0x0000723b3d8de880 0x0000000d26bb3880 0 0 0 0 0 2 1 50397 744
0x0000723b3d8de900 0x0000000d26bb3900 0 1 0 0 0 2 1 50397 736
0x0000723b3d8de980 0x0000000d26bb3980 0 1 0 0 0 2 1 50397 744
0x0000723b3d8dea00 0x0000000d26bb3a00 0 0 1 0 0 2 1 50397 736
0x0000723b3d8dea80 0x0000000d26bb3a80 0 0 1 0 0 2 1 50397 744
0x0000723b3d8deb00 0x0000000d26bb3b00 0 1 1 0 0 2 1 50397 736
0x0000723b3d8deb80 0x0000000d26bb3b80 0 1 1 0 0 2 1 50397 744
0x0000723b3d8dec00 0x0000000d26bb3c00 0 0 0 0 0 2 1 50397 752
0x0000723b3d8dec80 0x0000000d26bb3c80 0 0 0 0 0 2 1 50397 760
0x0000723b3d8ded00 0x0000000d26bb3d00 0 1 0 0 0 2 1 50397 752
0x0000723b3d8ded80 0x0000000d26bb3d80 0 1 0 0 0 2 1 50397 760
0x0000723b3d8dee00 0x0000000d26bb3e00 0 0 1 0 0 2 1 50397 752
0x0000723b3d8dee80 0x0000000d26bb3e80 0 0 1 0 0 2 1 50397 760
0x0000723b3d8def00 0x0000000d26bb3f00 0 1 1 0 0 2 1 50397 752
0x0000723b3d8def80 0x0000000d26bb3f80 0 1 1 0 0 2 1 50397 760
0x0000723b3d8e4000 0x00000006cebe9000 0 0 0 0 1 2 1 27087 64
0x0000723b3d8e4080 0x00000006cebe9080 0 0 0 0 1 2 1 27087 72
0x0000723b3d8e4100 0x00000006cebe9100 0 1 0 0 1 2 1 27087 64
0x0000723b3d8e4180 0x00000006cebe9180 0 1 0 0 1 2 1 27087 72
0x0000723b3d8e4200 0x00000006cebe9200 0 0 1 0 1 2 1 27087 64
0x0000723b3d8e4280 0x00000006cebe9280 0 0 1 0 1 2 1 27087 72
0x0000723b3d8e4300 0x00000006cebe9300 0 1 1 0 1 2 1 27087 64
0x0000723b3d8e4380 0x00000006cebe9380 0 1 1 0 1 2 1 27087 72
0x0000723b3d8e4400 0x00000006cebe9400 0 0 0 0 1 2 1 27087 80
0x0000723b3d8e4480 0x00000006cebe9480 0 0 0 0 1 2 1 27087 88
0x0000723b3d8e4500 0x00000006cebe9500 0 1 0 0 1 2 1 27087 80
0x0000723b3d8e4580 0x00000006cebe9580 0 1 0 0 1 2 1 27087 88
0x0000723b3d8e4600 0x00000006cebe9600 0 0 1 0 1 2 1 27087 80
0x0000723b3d8e4680 0x00000006cebe9680 0 0 1 0 1 2 1 27087 88
0x0000723b3d8e4700 0x00000006cebe9700 0 1 1 0 1 2 1 27087 80
0x0000723b3d8e4780 0x00000006cebe9780 0 1 1 0 1 2 1 27087 88
0x0000723b3d8e4800 0x00000006cebe9800 0 0 0 0 1 2 1 27087 96
0x0000723b3d8e4880 0x00000006cebe9880 0 0 0 0 1 2 1 27087 104
0x0000723b3d8e4900 0x00000006cebe9900 0 1 0 0 1 2 1 27087 96
0x0000723b3d8e4980 0x00000006cebe9980 0 1 0 0 1 2 1 27087 104
0x0000723b3d8e4a00 0x00000006cebe9a00 0 0 1 0 1 2 1 27087 96
0x0000723b3d8e4a80 0x00000006cebe9a80 0 0 1 0 1 2 1 27087 104
0x0000723b3d8e4b00 0x00000006cebe9b00 0 1 1 0 1 2 1 27087 96
0x0000723b3d8e4b80 0x00000006cebe9b80 0 1 1 0 1 2 1 27087 104
0x0000723b3d8e4c00 0x00000006cebe9c00 0 0 0 0 1 2 1 27087 112
0x0000723b3d8e4c80 0x00000006cebe9c80 0 0 0 0 1 2 1 27087 120
0x0000723b3d8e4d00 0x00000006cebe9d00 0 1 0 0 1 2 1 27087 112
0x0000723b3d8e4d80 0x00000006cebe9d80 0 1 0 0 1 2 1 27087 120
0x0000723b3d8e4e00 0x00000006cebe9e00 0 0 1 0 1 2 1 27087 112
0x0000723b3d8e4e80 0x00000006cebe9e80 0 0 1 0 1 2 1 27087 120
0x0000723b3d8e4f00 0x00000006cebe9f00 0 1 1 0 1 2 1 27087 112
0x0000723b3d8e4f80 0x00000006cebe9f80 0 1 1 0 1 2 1 27087 120
0x0000723b3d8e7000 0x0000000e13bfb000 0 0 0 0 1 2 1 53887 704
0x0000723b3d8e7080 0x0000000e13bfb080 0 0 0 0 1 2 1 53887 712
0x0000723b3d8e7100 0x0000000e13bfb100 0 1 0 0 1 2 1 53887 704
0x0000723b3d8e7180 0x0000000e13bfb180 0 1 0 0 1 2 1 53887 712
0x0000723b3d8e7200 0x0000000e13bfb200 0 0 1 0 1 2 1 53887 704
0x0000723b3d8e7280 0x0000000e13bfb280 0 0 1 0 1 2 1 53887 712
0x0000723b3d8e7300 0x0000000e13bfb300 0 1 1 0 1 2 1 53887 704
0x0000723b3d8e7380 0x0000000e13bfb380 0 1 1 0 1 2 1 53887 712
0x0000723b3d8e7400 0x0000000e13bfb400 0 0 0 0 1 2 1 53887 720
0x0000723b3d8e7480 0x0000000e13bfb480 0 0 0 0 1 2 1 53887 728
0x0000723b3d8e7500 0x0000000e13bfb500 0 1 0 0 1 2 1 53887 720
0x0000723b3d8e7580 0x0000000e13bfb580 0 1 0 0 1 2 1 53887 728
0x0000723b3d8e7600 0x0000000e13bfb600 0 0 1 0 1 2 1 53887 720
0x0000723b3d8e7680 0x0000000e13bfb680 0 0 1 0 1 2 1 53887 728
0x0000723b3d8e7700 0x0000000e13bfb700 0 1 1 0 1 2 1 53887 720
0x0000723b3d8e7780 0x0000000e13bfb780 0 1 1 0 1 2 1 53887 728
0x0000723b3d8e7800 0x0000000e13bfb800 0 0 0 0 1 2 1 53887 736
0x0000723b3d8e7880 0x0000000e13bfb880 0 0 0 0 1 2 1 53887 744
0x0000723b3d8e7900 0x0000000e13bfb900 0 1 0 0 1 2 1 53887 736
0x0000723b3d8e7980 0x0000000e13bfb980 0 1 0 0 1 2 1 53887 744
0x0000723b3d8e7a00 0x0000000e13bfba00 0 0 1 0 1 2 1 53887 736
0x0000723b3d8e7a80 0x0000000e13bfba80 0 0 1 0 1 2 1 53887 744
0x0000723b3d8e7b00 0x0000000e13bfbb00 0 1 1 0 1 2 1 53887 736
0x0000723b3d8e7b80 0x0000000e13bfbb80 0 1 1 0 1 2 1 53887 744
0x0000723b3d8e7c00 0x0000000e13bfbc00 0 0 0 0 1 2 1 53887 752
0x0000723b3d8e7c80 0x0000000e13bfbc80 0 0 0 0 1 2 1 53887 760
0x0000723b3d8e7d00 0x0000000e13bfbd00 0 1 0 0 1 2 1 53887 752
0x0000723b3d8e7d80 0x0000000e13bfbd80 0 1 0 0 1 2 1 53887 760
0x0000723b3d8e7e00 0x0000000e13bfbe00 0 0 1 0 1 2 1 53887 752
0x0000723b3d8e7e80 0x0000000e13bfbe80 0 0 1 0 1 2 1 53887 760
0x0000723b3d8e7f00 0x0000000e13bfbf00 0 1 1 0 1 2 1 53887 752
0x0000723b3d8e7f80 0x0000000e13bfbf80 0 1 1 0 1 2 1 53887 760
0x0000723b3d8ea000 0x00000004e63cb000 0 0 0 0 1 2 1 19654 192
0x0000723b3d8ea080 0x00000004e63cb080 0 0 0 0 1 2 1 19654 200
0x0000723b3d8ea100 0x00000004e63cb100 0 1 0 0 1 2 1 19654 192
0x0000723b3d8ea180 0x00000004e63cb180 0 1 0 0 1 2 1 19654 200
0x0000723b3d8ea200 0x00000004e63cb200 0 0 1 0 1 2 1 19654 192
0x0000723b3d8ea280 0x00000004e63cb280 0 0 1 0 1 2 1 19654 200
0x0000723b3d8ea300 0x00000004e63cb300 0 1 1 0 1 2 1 19654 192
0x0000723b3d8ea380 0x00000004e63cb380 0 1 1 0 1 2 1 19654 200
0x0000723b3d8ea400 0x00000004e63cb400 0 0 0 0 1 2 1 19654 208
0x0000723b3d8ea480 0x00000004e63cb480 0 0 0 0 1 2 1 19654 216
0x0000723b3d8ea500 0x00000004e63cb500 0 1 0 0 1 2 1 19654 208
0x0000723b3d8ea580 0x00000004e63cb580 0 1 0 0 1 2 1 19654 216
0x0000723b3d8ea600 0x00000004e63cb600 0 0 1 0 1 2 1 19654 208
0x0000723b3d8ea680 0x00000004e63cb680 0 0 1 0 1 2 1 19654 216
0x0000723b3d8ea700 0x00000004e63cb700 0 1 1 0 1 2 1 19654 208
0x0000723b3d8ea780 0x00000004e63cb780 0 1 1 0 1 2 1 19654 216
0x0000723b3d8ea800 0x00000004e63cb800 0 0 0 0 1 2 1 19654 224
0x0000723b3d8ea880 0x00000004e63cb880 0 0 0 0 1 2 1 19654 232
0x0000723b3d8ea900 0x00000004e63cb900 0 1 0 0 1 2 1 19654 224
0x0000723b3d8ea980 0x00000004e63cb980 0 1 0 0 1 2 1 19654 232
0x0000723b3d8eaa00 0x00000004e63cba00 0 0 1 0 1 2 1 19654 224
0x0000723b3d8eaa80 0x00000004e63cba80 0 0 1 0 1 2 1 19654 232
0x0000723b3d8eab00 0x00000004e63cbb00 0 1 1 0 1 2 1 19654 224
0x0000723b3d8eab80 0x00000004e63cbb80 0 1 1 0 1 2 1 19654 232
0x0000723b3d8eac00 0x00000004e63cbc00 0 0 0 0 1 2 1 19654 240
0x0000723b3d8eac80 0x00000004e63cbc80 0 0 0 0 1 2 1 19654 248
0x0000723b3d8ead00 0x00000004e63cbd00 0 1 0 0 1 2 1 19654 240
0x0000723b3d8ead80 0x00000004e63cbd80 0 1 0 0 1 2 1 19654 248
0x0000723b3d8eae00 0x00000004e63cbe00 0 0 1 0 1 2 1 19654 240
0x0000723b3d8eae80 0x00000004e63cbe80 0 0 1 0 1 2 1 19654 248
0x0000723b3d8eaf00 0x00000004e63cbf00 0 1 1 0 1 2 1 19654 240
0x0000723b3d8eaf80 0x00000004e63cbf80 0 1 1 0 1 2 1 19654 248
0x0000723b3d8f0000 0x00000006bd3f4000 0 0 0 0 0 2 1 26535 768
0x0000723b3d8f0080 0x00000006bd3f4080 0 0 0 0 0 2 1 26535 776
0x0000723b3d8f0100 0x00000006bd3f4100 0 1 0 0 0 2 1 26535 768
0x0000723b3d8f0180 0x00000006bd3f4180 0 1 0 0 0 2 1 26535 776
0x0000723b3d8f0200 0x00000006bd3f4200 0 0 1 0 0 2 1 26535 768
0x0000723b3d8f0280 0x00000006bd3f4280 0 0 1 0 0 2 1 26535 776
0x0000723b3d8f0300 0x00000006bd3f4300 0 1 1 0 0 2 1 26535 768
0x0000723b3d8f0380 0x00000006bd3f4380 0 1 1 0 0 2 1 26535 776
0x0000723b3d8f0400 0x00000006bd3f4400 0 0 0 0 0 2 1 26535 784
0x0000723b3d8f0480 0x00000006bd3f4480 0 0 0 0 0 2 1 26535 792
0x0000723b3d8f0500 0x00000006bd3f4500 0 1 0 0 0 2 1 26535 784
0x0000723b3d8f0580 0x00000006bd3f4580 0 1 0 0 0 2 1 26535 792
0x0000723b3d8f0600 0x00000006bd3f4600 0 0 1 0 0 2 1 26535 784
0x0000723b3d8f0680 0x00000006bd3f4680 0 0 1 0 0 2 1 26535 792
0x0000723b3d8f0700 0x00000006bd3f4700 0 1 1 0 0 2 1 26535 784
0x0000723b3d8f0780 0x00000006bd3f4780 0 1 1 0 0 2 1 26535 792
0x0000723b3d8f0800 0x00000006bd3f4800 0 0 0 0 0 2 1 26535 800
0x0000723b3d8f0880 0x00000006bd3f4880 0 0 0 0 0 2 1 26535 808
0x0000723b3d8f0900 0x00000006bd3f4900 0 1 0 0 0 2 1 26535 800
0x0000723b3d8f0980 0x00000006bd3f4980 0 1 0 0 0 2 1 26535 808
0x0000723b3d8f0a00 0x00000006bd3f4a00 0 0 1 0 0 2 1 26535 800
0x0000723b3d8f0a80 0x00000006bd3f4a80 0 0 1 0 0 2 1 26535 808
0x0000723b3d8f0b00 0x00000006bd3f4b00 0 1 1 0 0 2 1 26535 800
0x0000723b3d8f0b80 0x00000006bd3f4b80 0 1 1 0 0 2 1 26535 808
0x0000723b3d8f0c00 0x00000006bd3f4c00 0 0 0 0 0 2 1 26535 816
0x0000723b3d8f0c80 0x00000006bd3f4c80 0 0 0 0 0 2 1 26535 824
0x0000723b3d8f0d00 0x00000006bd3f4d00 0 1 0 0 0 2 1 26535 816
0x0000723b3d8f0d80 0x00000006bd3f4d80 0 1 0 0 0 2 1 26535 824
0x0000723b3d8f0e00 0x00000006bd3f4e00 0 0 1 0 0 2 1 26535 816
0x0000723b3d8f0e80 0x00000006bd3f4e80 0 0 1 0 0 2 1 26535 824
0x0000723b3d8f0f00 0x00000006bd3f4f00 0 1 1 0 0 2 1 26535 816
0x0000723b3d8f0f80 0x00000006bd3f4f80 0 1 1 0 0 2 1 26535 824
0x0000723b3d8f5000 0x0000000c2cb05000 0 0 0 0 0 2 1 46488 320
0x0000723b3d8f5080 0x0000000c2cb05080 0 0 0 0 0 2 1 46488 328
0x0000723b3d8f5100 0x0000000c2cb05100 0 1 0 0 0 2 1 46488 320
0x0000723b3d8f5180 0x0000000c2cb05180 0 1 0 0 0 2 1 46488 328
0x0000723b3d8f5200 0x0000000c2cb05200 0 0 1 0 0 2 1 46488 320
0x0000723b3d8f5280 0x0000000c2cb05280 0 0 1 0 0 2 1 46488 328
0x0000723b3d8f5300 0x0000000c2cb05300 0 1 1 0 0 2 1 46488 320
0x0000723b3d8f5380 0x0000000c2cb05380 0 1 1 0 0 2 1 46488 328
0x0000723b3d8f5400 0x0000000c2cb05400 0 0 0 0 0 2 1 46488 336
0x0000723b3d8f5480 0x0000000c2cb05480 0 0 0 0 0 2 1 46488 344
0x0000723b3d8f5500 0x0000000c2cb05500 0 1 0 0 0 2 1 46488 336
0x0000723b3d8f5580 0x0000000c2cb05580 0 1 0 0 0 2 1 46488 344
0x0000723b3d8f5600 0x0000000c2cb05600 0 0 1 0 0 2 1 46488 336
0x0000723b3d8f5680 0x0000000c2cb05680 0 0 1 0 0 2 1 46488 344
0x0000723b3d8f5700 0x0000000c2cb05700 0 1 1 0 0 2 1 46488 336
0x0000723b3d8f5780 0x0000000c2cb05780 0 1 1 0 0 2 1 46488 344
0x0000723b3d8f5800 0x0000000c2cb05800 0 0 0 0 0 2 1 46488 352
0x0000723b3d8f5880 0x0000000c2cb05880 0 0 0 0 0 2 1 46488 360
0x0000723b3d8f5900 0x0000000c2cb05900 0 1 0 0 0 2 1 46488 352
0x0000723b3d8f5980 0x0000000c2cb05980 0 1 0 0 0 2 1 46488 360
0x0000723b3d8f5a00 0x0000000c2cb05a00 0 0 1 0 0 2 1 46488 352
0x0000723b3d8f5a80 0x0000000c2cb05a80 0 0 1 0 0 2 1 46488 360
0x0000723b3d8f5b00 0x0000000c2cb05b00 0 1 1 0 0 2 1 46488 352
0x0000723b3d8f5b80 0x0000000c2cb05b80 0 1 1 0 0 2 1 46488 360
0x0000723b3d8f5c00 0x0000000c2cb05c00 0 0 0 0 0 2 1 46488 368
0x0000723b3d8f5c80 0x0000000c2cb05c80 0 0 0 0 0 2 1 46488 376
0x0000723b3d8f5d00 0x0000000c2cb05d00 0 1 0 0 0 2 1 46488 368
0x0000723b3d8f5d80 0x0000000c2cb05d80 0 1 0 0 0 2 1 46488 376
0x0000723b3d8f5e00 0x0000000c2cb05e00 0 0 1 0 0 2 1 46488 368
0x0000723b3d8f5e80 0x0000000c2cb05e80 0 0 1 0 0 2 1 46488 376
0x0000723b3d8f5f00 0x0000000c2cb05f00 0 1 1 0 0 2 1 46488 368
0x0000723b3d8f5f80 0x0000000c2cb05f80 0 1 1 0 0 2 1 46488 376
0x0000723b3d900000 0x00000006d5328000 0 0 0 0 1 2 1 27297 0
0x0000723b3d900080 0x00000006d5328080 0 0 0 0 1 2 1 27297 8
0x0000723b3d900100 0x00000006d5328100 0 1 0 0 1 2 1 27297 0
0x0000723b3d900180 0x00000006d5328180 0 1 0 0 1 2 1 27297 8
0x0000723b3d900200 0x00000006d5328200 0 0 1 0 1 2 1 27297 0
0x0000723b3d900280 0x00000006d5328280 0 0 1 0 1 2 1 27297 8
0x0000723b3d900300 0x00000006d5328300 0 1 1 0 1 2 1 27297 0
0x0000723b3d900380 0x00000006d5328380 0 1 1 0 1 2 1 27297 8
0x0000723b3d900400 0x00000006d5328400 0 0 0 0 1 2 1 27297 16
0x0000723b3d900480 0x00000006d5328480 0 0 0 0 1 2 1 27297 24
0x0000723b3d900500 0x00000006d5328500 0 1 0 0 1 2 1 27297 16
0x0000723b3d900580 0x00000006d5328580 0 1 0 0 1 2 1 27297 24
0x0000723b3d900600 0x00000006d5328600 0 0 1 0 1 2 1 27297 16
0x0000723b3d900680 0x00000006d5328680 0 0 1 0 1 2 1 27297 24
0x0000723b3d900700 0x00000006d5328700 0 1 1 0 1 2 1 27297 16
0x0000723b3d900780 0x00000006d5328780 0 1 1 0 1 2 1 27297 24
0x0000723b3d900800 0x00000006d5328800 0 0 0 0 1 2 1 27297 32
0x0000723b3d900880 0x00000006d5328880 0 0 0 0 1 2 1 27297 40
0x0000723b3d900900 0x00000006d5328900 0 1 0 0 1 2 1 27297 32
0x0000723b3d900980 0x00000006d5328980 0 1 0 0 1 2 1 27297 40
0x0000723b3d900a00 0x00000006d5328a00 0 0 1 0 1 2 1 27297 32
0x0000723b3d900a80 0x00000006d5328a80 0 0 1 0 1 2 1 27297 40
0x0000723b3d900b00 0x00000006d5328b00 0 1 1 0 1 2 1 27297 32
0x0000723b3d900b80 0x00000006d5328b80 0 1 1 0 1 2 1 27297 40
0x0000723b3d900c00 0x00000006d5328c00 0 0 0 0 1 2 1 27297 48
0x0000723b3d900c80 0x00000006d5328c80 0 0 0 0 1 2 1 27297 56
0x0000723b3d900d00 0x00000006d5328d00 0 1 0 0 1 2 1 27297 48
0x0000723b3d900d80 0x00000006d5328d80 0 1 0 0 1 2 1 27297 56
0x0000723b3d900e00 0x00000006d5328e00 0 0 1 0 1 2 1 27297 48
0x0000723b3d900e80 0x00000006d5328e80 0 0 1 0 1 2 1 27297 56
0x0000723b3d900f00 0x00000006d5328f00 0 1 1 0 1 2 1 27297 48
0x0000723b3d900f80 0x00000006d5328f80 0 1 1 0 1 2 1 27297 56
0x0000723b3d904000 0x00000007b6ba7000 0 0 0 0 0 2 1 30413 448
0x0000723b3d904080 0x00000007b6ba7080 0 0 0 0 0 2 1 30413 456
0x0000723b3d904100 0x00000007b6ba7100 0 1 0 0 0 2 1 30413 448
0x0000723b3d904180 0x00000007b6ba7180 0 1 0 0 0 2 1 30413 456
0x0000723b3d904200 0x00000007b6ba7200 0 0 1 0 0 2 1 30413 448
0x0000723b3d904280 0x00000007b6ba7280 0 0 1 0 0 2 1 30413 456
0x0000723b3d904300 0x00000007b6ba7300 0 1 1 0 0 2 1 30413 448
0x0000723b3d904380 0x00000007b6ba7380 0 1 1 0 0 2 1 30413 456
0x0000723b3d904400 0x00000007b6ba7400 0 0 0 0 0 2 1 30413 464
0x0000723b3d904480 0x00000007b6ba7480 0 0 0 0 0 2 1 30413 472
0x0000723b3d904500 0x00000007b6ba7500 0 1 0 0 0 2 1 30413 464
0x0000723b3d904580 0x00000007b6ba7580 0 1 0 0 0 2 1 30413 472
0x0000723b3d904600 0x00000007b6ba7600 0 0 1 0 0 2 1 30413 464
0x0000723b3d904680 0x00000007b6ba7680 0 0 1 0 0 2 1 30413 472
0x0000723b3d904700 0x00000007b6ba7700 0 1 1 0 0 2 1 30413 464
0x0000723b3d904780 0x00000007b6ba7780 0 1 1 0 0 2 1 30413 472
0x0000723b3d904800 0x00000007b6ba7800 0 0 0 0 0 2 1 30413 480
0x0000723b3d904880 0x00000007b6ba7880 0 0 0 0 0 2 1 30413 488
0x0000723b3d904900 0x00000007b6ba7900 0 1 0 0 0 2 1 30413 480
0x0000723b3d904980 0x00000007b6ba7980 0 1 0 0 0 2 1 30413 488
0x0000723b3d904a00 0x00000007b6ba7a00 0 0 1 0 0 2 1 30413 480
0x0000723b3d904a80 0x00000007b6ba7a80 0 0 1 0 0 2 1 30413 488
0x0000723b3d904b00 0x00000007b6ba7b00 0 1 1 0 0 2 1 30413 480
0x0000723b3d904b80 0x00000007b6ba7b80 0 1 1 0 0 2 1 30413 488
0x0000723b3d904c00 0x00000007b6ba7c00 0 0 0 0 0 2 1 30413 496
0x0000723b3d904c80 0x00000007b6ba7c80 0 0 0 0 0 2 1 30413 504
0x0000723b3d904d00 0x00000007b6ba7d00 0 1 0 0 0 2 1 30413 496
0x0000723b3d904d80 0x00000007b6ba7d80 0 1 0 0 0 2 1 30413 504
0x0000723b3d904e00 0x00000007b6ba7e00 0 0 1 0 0 2 1 30413 496
0x0000723b3d904e80 0x00000007b6ba7e80 0 0 1 0 0 2 1 30413 504
0x0000723b3d904f00 0x00000007b6ba7f00 0 1 1 0 0 2 1 30413 496
0x0000723b3d904f80 0x00000007b6ba7f80 0 1 1 0 0 2 1 30413 504
0x0000723b3d913000 0x0000000ef23e1000 0 0 0 0 0 2 1 60999 64
0x0000723b3d913080 0x0000000ef23e1080 0 0 0 0 0 2 1 60999 72
0x0000723b3d913100 0x0000000ef23e1100 0 1 0 0 0 2 1 60999 64
0x0000723b3d913180 0x0000000ef23e1180 0 1 0 0 0 2 1 60999 72
0x0000723b3d913200 0x0000000ef23e1200 0 0 1 0 0 2 1 60999 64
0x0000723b3d913280 0x0000000ef23e1280 0 0 1 0 0 2 1 60999 72
0x0000723b3d913300 0x0000000ef23e1300 0 1 1 0 0 2 1 60999 64
0x0000723b3d913380 0x0000000ef23e1380 0 1 1 0 0 2 1 60999 72
0x0000723b3d913400 0x0000000ef23e1400 0 0 0 0 0 2 1 60999 80
0x0000723b3d913480 0x0000000ef23e1480 0 0 0 0 0 2 1 60999 88
0x0000723b3d913500 0x0000000ef23e1500 0 1 0 0 0 2 1 60999 80
0x0000723b3d913580 0x0000000ef23e1580 0 1 0 0 0 2 1 60999 88
0x0000723b3d913600 0x0000000ef23e1600 0 0 1 0 0 2 1 60999 80
0x0000723b3d913680 0x0000000ef23e1680 0 0 1 0 0 2 1 60999 88
0x0000723b3d913700 0x0000000ef23e1700 0 1 1 0 0 2 1 60999 80
0x0000723b3d913780 0x0000000ef23e1780 0 1 1 0 0 2 1 60999 88
0x0000723b3d913800 0x0000000ef23e1800 0 0 0 0 0 2 1 60999 96
0x0000723b3d913880 0x0000000ef23e1880 0 0 0 0 0 2 1 60999 104
0x0000723b3d913900 0x0000000ef23e1900 0 1 0 0 0 2 1 60999 96
0x0000723b3d913980 0x0000000ef23e1980 0 1 0 0 0 2 1 60999 104
0x0000723b3d913a00 0x0000000ef23e1a00 0 0 1 0 0 2 1 60999 96
0x0000723b3d913a80 0x0000000ef23e1a80 0 0 1 0 0 2 1 60999 104
0x0000723b3d913b00 0x0000000ef23e1b00 0 1 1 0 0 2 1 60999 96
0x0000723b3d913b80 0x0000000ef23e1b80 0 1 1 0 0 2 1 60999 104
0x0000723b3d913c00 0x0000000ef23e1c00 0 0 0 0 0 2 1 60999 112
0x0000723b3d913c80 0x0000000ef23e1c80 0 0 0 0 0 2 1 60999 120
0x0000723b3d913d00 0x0000000ef23e1d00 0 1 0 0 0 2 1 60999 112
0x0000723b3d913d80 0x0000000ef23e1d80 0 1 0 0 0 2 1 60999 120
0x0000723b3d913e00 0x0000000ef23e1e00 0 0 1 0 0 2 1 60999 112
0x0000723b3d913e80 0x0000000ef23e1e80 0 0 1 0 0 2 1 60999 120
0x0000723b3d913f00 0x0000000ef23e1f00 0 1 1 0 0 2 1 60999 112
0x0000723b3d913f80 0x0000000ef23e1f80 0 1 1 0 0 2 1 60999 120
0x0000723b3d916000 0x0000000a9bb10000 0 0 0 0 0 2 1 41832 512
0x0000723b3d916080 0x0000000a9bb10080 0 0 0 0 0 2 1 41832 520
0x0000723b3d916100 0x0000000a9bb10100 0 1 0 0 0 2 1 41832 512
0x0000723b3d916180 0x0000000a9bb10180 0 1 0 0 0 2 1 41832 520
0x0000723b3d916200 0x0000000a9bb10200 0 0 1 0 0 2 1 41832 512
0x0000723b3d916280 0x0000000a9bb10280 0 0 1 0 0 2 1 41832 520
0x0000723b3d916300 0x0000000a9bb10300 0 1 1 0 0 2 1 41832 512
0x0000723b3d916380 0x0000000a9bb10380 0 1 1 0 0 2 1 41832 520
0x0000723b3d916400 0x0000000a9bb10400 0 0 0 0 0 2 1 41832 528
0x0000723b3d916480 0x0000000a9bb10480 0 0 0 0 0 2 1 41832 536
0x0000723b3d916500 0x0000000a9bb10500 0 1 0 0 0 2 1 41832 528
0x0000723b3d916580 0x0000000a9bb10580 0 1 0 0 0 2 1 41832 536
0x0000723b3d916600 0x0000000a9bb10600 0 0 1 0 0 2 1 41832 528
0x0000723b3d916680 0x0000000a9bb10680 0 0 1 0 0 2 1 41832 536
0x0000723b3d916700 0x0000000a9bb10700 0 1 1 0 0 2 1 41832 528
0x0000723b3d916780 0x0000000a9bb10780 0 1 1 0 0 2 1 41832 536
0x0000723b3d916800 0x0000000a9bb10800 0 0 0 0 0 2 1 41832 544
0x0000723b3d916880 0x0000000a9bb10880 0 0 0 0 0 2 1 41832 552
0x0000723b3d916900 0x0000000a9bb10900 0 1 0 0 0 2 1 41832 544
0x0000723b3d916980 0x0000000a9bb10980 0 1 0 0 0 2 1 41832 552
0x0000723b3d916a00 0x0000000a9bb10a00 0 0 1 0 0 2 1 41832 544
0x0000723b3d916a80 0x0000000a9bb10a80 0 0 1 0 0 2 1 41832 552
0x0000723b3d916b00 0x0000000a9bb10b00 0 1 1 0 0 2 1 41832 544
0x0000723b3d916b80 0x0000000a9bb10b80 0 1 1 0 0 2 1 41832 552
0x0000723b3d916c00 0x0000000a9bb10c00 0 0 0 0 0 2 1 41832 560
0x0000723b3d916c80 0x0000000a9bb10c80 0 0 0 0 0 2 1 41832 568
0x0000723b3d916d00 0x0000000a9bb10d00 0 1 0 0 0 2 1 41832 560
0x0000723b3d916d80 0x0000000a9bb10d80 0 1 0 0 0 2 1 41832 568
0x0000723b3d916e00 0x0000000a9bb10e00 0 0 1 0 0 2 1 41832 560
0x0000723b3d916e80 0x0000000a9bb10e80 0 0 1 0 0 2 1 41832 568
0x0000723b3d916f00 0x0000000a9bb10f00 0 1 1 0 0 2 1 41832 560
0x0000723b3d916f80 0x0000000a9bb10f80 0 1 1 0 0 2 1 41832 568
0x0000723b3d920000 0x000000026e3af000 0 0 0 0 1 2 1 7637 448
0x0000723b3d920080 0x000000026e3af080 0 0 0 0 1 2 1 7637 456
0x0000723b3d920100 0x000000026e3af100 0 1 0 0 1 2 1 7637 448
0x0000723b3d920180 0x000000026e3af180 0 1 0 0 1 2 1 7637 456
0x0000723b3d920200 0x000000026e3af200 0 0 1 0 1 2 1 7637 448
0x0000723b3d920280 0x000000026e3af280 0 0 1 0 1 2 1 7637 456
0x0000723b3d920300 0x000000026e3af300 0 1 1 0 1 2 1 7637 448
0x0000723b3d920380 0x000000026e3af380 0 1 1 0 1 2 1 7637 456
0x0000723b3d920400 0x000000026e3af400 0 0 0 0 1 2 1 7637 464
0x0000723b3d920480 0x000000026e3af480 0 0 0 0 1 2 1 7637 472
0x0000723b3d920500 0x000000026e3af500 0 1 0 0 1 2 1 7637 464
0x0000723b3d920580 0x000000026e3af580 0 1 0 0 1 2 1 7637 472
0x0000723b3d920600 0x000000026e3af600 0 0 1 0 1 2 1 7637 464
0x0000723b3d920680 0x000000026e3af680 0 0 1 0 1 2 1 7637 472
0x0000723b3d920700 0x000000026e3af700 0 1 1 0 1 2 1 7637 464
0x0000723b3d920780 0x000000026e3af780 0 1 1 0 1 2 1 7637 472
0x0000723b3d920800 0x000000026e3af800 0 0 0 0 1 2 1 7637 480
0x0000723b3d920880 0x000000026e3af880 0 0 0 0 1 2 1 7637 488
0x0000723b3d920900 0x000000026e3af900 0 1 0 0 1 2 1 7637 480
0x0000723b3d920980 0x000000026e3af980 0 1 0 0 1 2 1 7637 488
0x0000723b3d920a00 0x000000026e3afa00 0 0 1 0 1 2 1 7637 480
0x0000723b3d920a80 0x000000026e3afa80 0 0 1 0 1 2 1 7637 488
0x0000723b3d920b00 0x000000026e3afb00 0 1 1 0 1 2 1 7637 480
0x0000723b3d920b80 0x000000026e3afb80 0 1 1 0 1 2 1 7637 488
0x0000723b3d920c00 0x000000026e3afc00 0 0 0 0 1 2 1 7637 496
0x0000723b3d920c80 0x000000026e3afc80 0 0 0 0 1 2 1 7637 504
0x0000723b3d920d00 0x000000026e3afd00 0 1 0 0 1 2 1 7637 496
0x0000723b3d920d80 0x000000026e3afd80 0 1 0 0 1 2 1 7637 504
0x0000723b3d920e00 0x000000026e3afe00 0 0 1 0 1 2 1 7637 496
0x0000723b3d920e80 0x000000026e3afe80 0 0 1 0 1 2 1 7637 504
0x0000723b3d920f00 0x000000026e3aff00 0 1 1 0 1 2 1 7637 496
0x0000723b3d920f80 0x000000026e3aff80 0 1 1 0 1 2 1 7637 504
0x0000723b3d945000 0x0000000bfab5d000 0 0 0 0 1 2 1 48970 832
0x0000723b3d945080 0x0000000bfab5d080 0 0 0 0 1 2 1 48970 840
0x0000723b3d945100 0x0000000bfab5d100 0 1 0 0 1 2 1 48970 832
0x0000723b3d945180 0x0000000bfab5d180 0 1 0 0 1 2 1 48970 840
0x0000723b3d945200 0x0000000bfab5d200 0 0 1 0 1 2 1 48970 832
0x0000723b3d945280 0x0000000bfab5d280 0 0 1 0 1 2 1 48970 840
0x0000723b3d945300 0x0000000bfab5d300 0 1 1 0 1 2 1 48970 832
0x0000723b3d945380 0x0000000bfab5d380 0 1 1 0 1 2 1 48970 840
0x0000723b3d945400 0x0000000bfab5d400 0 0 0 0 1 2 1 48970 848
0x0000723b3d945480 0x0000000bfab5d480 0 0 0 0 1 2 1 48970 856
0x0000723b3d945500 0x0000000bfab5d500 0 1 0 0 1 2 1 48970 848
0x0000723b3d945580 0x0000000bfab5d580 0 1 0 0 1 2 1 48970 856
0x0000723b3d945600 0x0000000bfab5d600 0 0 1 0 1 2 1 48970 848
0x0000723b3d945680 0x0000000bfab5d680 0 0 1 0 1 2 1 48970 856
0x0000723b3d945700 0x0000000bfab5d700 0 1 1 0 1 2 1 48970 848
0x0000723b3d945780 0x0000000bfab5d780 0 1 1 0 1 2 1 48970 856
0x0000723b3d945800 0x0000000bfab5d800 0 0 0 0 1 2 1 48970 864
0x0000723b3d945880 0x0000000bfab5d880 0 0 0 0 1 2 1 48970 872
0x0000723b3d945900 0x0000000bfab5d900 0 1 0 0 1 2 1 48970 864
0x0000723b3d945980 0x0000000bfab5d980 0 1 0 0 1 2 1 48970 872
0x0000723b3d945a00 0x0000000bfab5da00 0 0 1 0 1 2 1 48970 864
0x0000723b3d945a80 0x0000000bfab5da80 0 0 1 0 1 2 1 48970 872
0x0000723b3d945b00 0x0000000bfab5db00 0 1 1 0 1 2 1 48970 864
0x0000723b3d945b80 0x0000000bfab5db80 0 1 1 0 1 2 1 48970 872
0x0000723b3d945c00 0x0000000bfab5dc00 0 0 0 0 1 2 1 48970 880
0x0000723b3d945c80 0x0000000bfab5dc80 0 0 0 0 1 2 1 48970 888
0x0000723b3d945d00 0x0000000bfab5dd00 0 1 0 0 1 2 1 48970 880
0x0000723b3d945d80 0x0000000bfab5dd80 0 1 0 0 1 2 1 48970 888
0x0000723b3d945e00 0x0000000bfab5de00 0 0 1 0 1 2 1 48970 880
0x0000723b3d945e80 0x0000000bfab5de80 0 0 1 0 1 2 1 48970 888
0x0000723b3d945f00 0x0000000bfab5df00 0 1 1 0 1 2 1 48970 880
0x0000723b3d945f80 0x0000000bfab5df80 0 1 1 0 1 2 1 48970 888
0x0000723b3d94e000 0x00000009fdba5000 0 0 0 0 0 2 1 40877 320
0x0000723b3d94e080 0x00000009fdba5080 0 0 0 0 0 2 1 40877 328
0x0000723b3d94e100 0x00000009fdba5100 0 1 0 0 0 2 1 40877 320
0x0000723b3d94e180 0x00000009fdba5180 0 1 0 0 0 2 1 40877 328
0x0000723b3d94e200 0x00000009fdba5200 0 0 1 0 0 2 1 40877 320
0x0000723b3d94e280 0x00000009fdba5280 0 0 1 0 0 2 1 40877 328
0x0000723b3d94e300 0x00000009fdba5300 0 1 1 0 0 2 1 40877 320
0x0000723b3d94e380 0x00000009fdba5380 0 1 1 0 0 2 1 40877 328
0x0000723b3d94e400 0x00000009fdba5400 0 0 0 0 0 2 1 40877 336
0x0000723b3d94e480 0x00000009fdba5480 0 0 0 0 0 2 1 40877 344
0x0000723b3d94e500 0x00000009fdba5500 0 1 0 0 0 2 1 40877 336
0x0000723b3d94e580 0x00000009fdba5580 0 1 0 0 0 2 1 40877 344
0x0000723b3d94e600 0x00000009fdba5600 0 0 1 0 0 2 1 40877 336
0x0000723b3d94e680 0x00000009fdba5680 0 0 1 0 0 2 1 40877 344
0x0000723b3d94e700 0x00000009fdba5700 0 1 1 0 0 2 1 40877 336
0x0000723b3d94e780 0x00000009fdba5780 0 1 1 0 0 2 1 40877 344
0x0000723b3d94e800 0x00000009fdba5800 0 0 0 0 0 2 1 40877 352
0x0000723b3d94e880 0x00000009fdba5880 0 0 0 0 0 2 1 40877 360
0x0000723b3d94e900 0x00000009fdba5900 0 1 0 0 0 2 1 40877 352
0x0000723b3d94e980 0x00000009fdba5980 0 1 0 0 0 2 1 40877 360
0x0000723b3d94ea00 0x00000009fdba5a00 0 0 1 0 0 2 1 40877 352
0x0000723b3d94ea80 0x00000009fdba5a80 0 0 1 0 0 2 1 40877 360
0x0000723b3d94eb00 0x00000009fdba5b00 0 1 1 0 0 2 1 40877 352
0x0000723b3d94eb80 0x00000009fdba5b80 0 1 1 0 0 2 1 40877 360
0x0000723b3d94ec00 0x00000009fdba5c00 0 0 0 0 0 2 1 40877 368
0x0000723b3d94ec80 0x00000009fdba5c80 0 0 0 0 0 2 1 40877 376
0x0000723b3d94ed00 0x00000009fdba5d00 0 1 0 0 0 2 1 40877 368
0x0000723b3d94ed80 0x00000009fdba5d80 0 1 0 0 0 2 1 40877 376
0x0000723b3d94ee00 0x00000009fdba5e00 0 0 1 0 0 2 1 40877 368
0x0000723b3d94ee80 0x00000009fdba5e80 0 0 1 0 0 2 1 40877 376
0x0000723b3d94ef00 0x00000009fdba5f00 0 1 1 0 0 2 1 40877 368
0x0000723b3d94ef80 0x00000009fdba5f80 0 1 1 0 0 2 1 40877 376
0x0000723b3d950000 0x0000000d093be000 0 0 0 0 1 2 1 49461 896
0x0000723b3d950080 0x0000000d093be080 0 0 0 0 1 2 1 49461 904
0x0000723b3d950100 0x0000000d093be100 0 1 0 0 1 2 1 49461 896
0x0000723b3d950180 0x0000000d093be180 0 1 0 0 1 2 1 49461 904
0x0000723b3d950200 0x0000000d093be200 0 0 1 0 1 2 1 49461 896
0x0000723b3d950280 0x0000000d093be280 0 0 1 0 1 2 1 49461 904
0x0000723b3d950300 0x0000000d093be300 0 1 1 0 1 2 1 49461 896
0x0000723b3d950380 0x0000000d093be380 0 1 1 0 1 2 1 49461 904
0x0000723b3d950400 0x0000000d093be400 0 0 0 0 1 2 1 49461 912
0x0000723b3d950480 0x0000000d093be480 0 0 0 0 1 2 1 49461 920
0x0000723b3d950500 0x0000000d093be500 0 1 0 0 1 2 1 49461 912
0x0000723b3d950580 0x0000000d093be580 0 1 0 0 1 2 1 49461 920
0x0000723b3d950600 0x0000000d093be600 0 0 1 0 1 2 1 49461 912
0x0000723b3d950680 0x0000000d093be680 0 0 1 0 1 2 1 49461 920
0x0000723b3d950700 0x0000000d093be700 0 1 1 0 1 2 1 49461 912
0x0000723b3d950780 0x0000000d093be780 0 1 1 0 1 2 1 49461 920
0x0000723b3d950800 0x0000000d093be800 0 0 0 0 1 2 1 49461 928
0x0000723b3d950880 0x0000000d093be880 0 0 0 0 1 2 1 49461 936
0x0000723b3d950900 0x0000000d093be900 0 1 0 0 1 2 1 49461 928
0x0000723b3d950980 0x0000000d093be980 0 1 0 0 1 2 1 49461 936
0x0000723b3d950a00 0x0000000d093bea00 0 0 1 0 1 2 1 49461 928
0x0000723b3d950a80 0x0000000d093bea80 0 0 1 0 1 2 1 49461 936
0x0000723b3d950b00 0x0000000d093beb00 0 1 1 0 1 2 1 49461 928
0x0000723b3d950b80 0x0000000d093beb80 0 1 1 0 1 2 1 49461 936
0x0000723b3d950c00 0x0000000d093bec00 0 0 0 0 1 2 1 49461 944
0x0000723b3d950c80 0x0000000d093bec80 0 0 0 0 1 2 1 49461 952
0x0000723b3d950d00 0x0000000d093bed00 0 1 0 0 1 2 1 49461 944
0x0000723b3d950d80 0x0000000d093bed80 0 1 0 0 1 2 1 49461 952
0x0000723b3d950e00 0x0000000d093bee00 0 0 1 0 1 2 1 49461 944
0x0000723b3d950e80 0x0000000d093bee80 0 0 1 0 1 2 1 49461 952
0x0000723b3d950f00 0x0000000d093bef00 0 1 1 0 1 2 1 49461 944
0x0000723b3d950f80 0x0000000d093bef80 0 1 1 0 1 2 1 49461 952
0x0000723b3d952000 0x0000000af6bf7000 0 0 0 0 0 2 1 44751 960
0x0000723b3d952080 0x0000000af6bf7080 0 0 0 0 0 2 1 44751 968
0x0000723b3d952100 0x0000000af6bf7100 0 1 0 0 0 2 1 44751 960
0x0000723b3d952180 0x0000000af6bf7180 0 1 0 0 0 2 1 44751 968
0x0000723b3d952200 0x0000000af6bf7200 0 0 1 0 0 2 1 44751 960
0x0000723b3d952280 0x0000000af6bf7280 0 0 1 0 0 2 1 44751 968
0x0000723b3d952300 0x0000000af6bf7300 0 1 1 0 0 2 1 44751 960
0x0000723b3d952380 0x0000000af6bf7380 0 1 1 0 0 2 1 44751 968
0x0000723b3d952400 0x0000000af6bf7400 0 0 0 0 0 2 1 44751 976
0x0000723b3d952480 0x0000000af6bf7480 0 0 0 0 0 2 1 44751 984
0x0000723b3d952500 0x0000000af6bf7500 0 1 0 0 0 2 1 44751 976
0x0000723b3d952580 0x0000000af6bf7580 0 1 0 0 0 2 1 44751 984
0x0000723b3d952600 0x0000000af6bf7600 0 0 1 0 0 2 1 44751 976
0x0000723b3d952680 0x0000000af6bf7680 0 0 1 0 0 2 1 44751 984
0x0000723b3d952700 0x0000000af6bf7700 0 1 1 0 0 2 1 44751 976
0x0000723b3d952780 0x0000000af6bf7780 0 1 1 0 0 2 1 44751 984
0x0000723b3d952800 0x0000000af6bf7800 0 0 0 0 0 2 1 44751 992
0x0000723b3d952880 0x0000000af6bf7880 0 0 0 0 0 2 1 44751 1000
0x0000723b3d952900 0x0000000af6bf7900 0 1 0 0 0 2 1 44751 992
0x0000723b3d952980 0x0000000af6bf7980 0 1 0 0 0 2 1 44751 1000
0x0000723b3d952a00 0x0000000af6bf7a00 0 0 1 0 0 2 1 44751 992
0x0000723b3d952a80 0x0000000af6bf7a80 0 0 1 0 0 2 1 44751 1000
0x0000723b3d952b00 0x0000000af6bf7b00 0 1 1 0 0 2 1 44751 992
0x0000723b3d952b80 0x0000000af6bf7b80 0 1 1 0 0 2 1 44751 1000
0x0000723b3d952c00 0x0000000af6bf7c00 0 0 0 0 0 2 1 44751 1008
0x0000723b3d952c80 0x0000000af6bf7c80 0 0 0 0 0 2 1 44751 1016
0x0000723b3d952d00 0x0000000af6bf7d00 0 1 0 0 0 2 1 44751 1008
0x0000723b3d952d80 0x0000000af6bf7d80 0 1 0 0 0 2 1 44751 1016
0x0000723b3d952e00 0x0000000af6bf7e00 0 0 1 0 0 2 1 44751 1008
0x0000723b3d952e80 0x0000000af6bf7e80 0 0 1 0 0 2 1 44751 1016
0x0000723b3d952f00 0x0000000af6bf7f00 0 1 1 0 0 2 1 44751 1008
0x0000723b3d952f80 0x0000000af6bf7f80 0 1 1 0 0 2 1 44751 1016
0x0000723b3d953000 0x0000000724376000 0 0 0 0 0 2 1 25747 896
0x0000723b3d953080 0x0000000724376080 0 0 0 0 0 2 1 25747 904
0x0000723b3d953100 0x0000000724376100 0 1 0 0 0 2 1 25747 896
0x0000723b3d953180 0x0000000724376180 0 1 0 0 0 2 1 25747 904
0x0000723b3d953200 0x0000000724376200 0 0 1 0 0 2 1 25747 896
0x0000723b3d953280 0x0000000724376280 0 0 1 0 0 2 1 25747 904
0x0000723b3d953300 0x0000000724376300 0 1 1 0 0 2 1 25747 896
0x0000723b3d953380 0x0000000724376380 0 1 1 0 0 2 1 25747 904
0x0000723b3d953400 0x0000000724376400 0 0 0 0 0 2 1 25747 912
0x0000723b3d953480 0x0000000724376480 0 0 0 0 0 2 1 25747 920
0x0000723b3d953500 0x0000000724376500 0 1 0 0 0 2 1 25747 912
0x0000723b3d953580 0x0000000724376580 0 1 0 0 0 2 1 25747 920
0x0000723b3d953600 0x0000000724376600 0 0 1 0 0 2 1 25747 912
0x0000723b3d953680 0x0000000724376680 0 0 1 0 0 2 1 25747 920
0x0000723b3d953700 0x0000000724376700 0 1 1 0 0 2 1 25747 912
0x0000723b3d953780 0x0000000724376780 0 1 1 0 0 2 1 25747 920
0x0000723b3d953800 0x0000000724376800 0 0 0 0 0 2 1 25747 928
0x0000723b3d953880 0x0000000724376880 0 0 0 0 0 2 1 25747 936
0x0000723b3d953900 0x0000000724376900 0 1 0 0 0 2 1 25747 928
0x0000723b3d953980 0x0000000724376980 0 1 0 0 0 2 1 25747 936
0x0000723b3d953a00 0x0000000724376a00 0 0 1 0 0 2 1 25747 928
0x0000723b3d953a80 0x0000000724376a80 0 0 1 0 0 2 1 25747 936
0x0000723b3d953b00 0x0000000724376b00 0 1 1 0 0 2 1 25747 928
0x0000723b3d953b80 0x0000000724376b80 0 1 1 0 0 2 1 25747 936
0x0000723b3d953c00 0x0000000724376c00 0 0 0 0 0 2 1 25747 944
0x0000723b3d953c80 0x0000000724376c80 0 0 0 0 0 2 1 25747 952
0x0000723b3d953d00 0x0000000724376d00 0 1 0 0 0 2 1 25747 944
0x0000723b3d953d80 0x0000000724376d80 0 1 0 0 0 2 1 25747 952
0x0000723b3d953e00 0x0000000724376e00 0 0 1 0 0 2 1 25747 944
0x0000723b3d953e80 0x0000000724376e80 0 0 1 0 0 2 1 25747 952
0x0000723b3d953f00 0x0000000724376f00 0 1 1 0 0 2 1 25747 944
0x0000723b3d953f80 0x0000000724376f80 0 1 1 0 0 2 1 25747 952
0x0000723b3d955000 0x00000006c0bc9000 0 0 0 0 1 2 1 26638 64
0x0000723b3d955080 0x00000006c0bc9080 0 0 0 0 1 2 1 26638 72
0x0000723b3d955100 0x00000006c0bc9100 0 1 0 0 1 2 1 26638 64
0x0000723b3d955180 0x00000006c0bc9180 0 1 0 0 1 2 1 26638 72
0x0000723b3d955200 0x00000006c0bc9200 0 0 1 0 1 2 1 26638 64
0x0000723b3d955280 0x00000006c0bc9280 0 0 1 0 1 2 1 26638 72
0x0000723b3d955300 0x00000006c0bc9300 0 1 1 0 1 2 1 26638 64
0x0000723b3d955380 0x00000006c0bc9380 0 1 1 0 1 2 1 26638 72
0x0000723b3d955400 0x00000006c0bc9400 0 0 0 0 1 2 1 26638 80
0x0000723b3d955480 0x00000006c0bc9480 0 0 0 0 1 2 1 26638 88
0x0000723b3d955500 0x00000006c0bc9500 0 1 0 0 1 2 1 26638 80
0x0000723b3d955580 0x00000006c0bc9580 0 1 0 0 1 2 1 26638 88
0x0000723b3d955600 0x00000006c0bc9600 0 0 1 0 1 2 1 26638 80
0x0000723b3d955680 0x00000006c0bc9680 0 0 1 0 1 2 1 26638 88
0x0000723b3d955700 0x00000006c0bc9700 0 1 1 0 1 2 1 26638 80
0x0000723b3d955780 0x00000006c0bc9780 0 1 1 0 1 2 1 26638 88
0x0000723b3d955800 0x00000006c0bc9800 0 0 0 0 1 2 1 26638 96
0x0000723b3d955880 0x00000006c0bc9880 0 0 0 0 1 2 1 26638 104
0x0000723b3d955900 0x00000006c0bc9900 0 1 0 0 1 2 1 26638 96
0x0000723b3d955980 0x00000006c0bc9980 0 1 0 0 1 2 1 26638 104
0x0000723b3d955a00 0x00000006c0bc9a00 0 0 1 0 1 2 1 26638 96
0x0000723b3d955a80 0x00000006c0bc9a80 0 0 1 0 1 2 1 26638 104
0x0000723b3d955b00 0x00000006c0bc9b00 0 1 1 0 1 2 1 26638 96
0x0000723b3d955b80 0x00000006c0bc9b80 0 1 1 0 1 2 1 26638 104
0x0000723b3d955c00 0x00000006c0bc9c00 0 0 0 0 1 2 1 26638 112
0x0000723b3d955c80 0x00000006c0bc9c80 0 0 0 0 1 2 1 26638 120
0x0000723b3d955d00 0x00000006c0bc9d00 0 1 0 0 1 2 1 26638 112
0x0000723b3d955d80 0x00000006c0bc9d80 0 1 0 0 1 2 1 26638 120
0x0000723b3d955e00 0x00000006c0bc9e00 0 0 1 0 1 2 1 26638 112
0x0000723b3d955e80 0x00000006c0bc9e80 0 0 1 0 1 2 1 26638 120
0x0000723b3d955f00 0x00000006c0bc9f00 0 1 1 0 1 2 1 26638 112
0x0000723b3d955f80 0x00000006c0bc9f80 0 1 1 0 1 2 1 26638 120
0x0000723b3d969000 0x0000000153b91000 0 0 0 0 0 2 1 2684 576
0x0000723b3d969080 0x0000000153b91080 0 0 0 0 0 2 1 2684 584
0x0000723b3d969100 0x0000000153b91100 0 1 0 0 0 2 1 2684 576
0x0000723b3d969180 0x0000000153b91180 0 1 0 0 0 2 1 2684 584
0x0000723b3d969200 0x0000000153b91200 0 0 1 0 0 2 1 2684 576
0x0000723b3d969280 0x0000000153b91280 0 0 1 0 0 2 1 2684 584
0x0000723b3d969300 0x0000000153b91300 0 1 1 0 0 2 1 2684 576
0x0000723b3d969380 0x0000000153b91380 0 1 1 0 0 2 1 2684 584
0x0000723b3d969400 0x0000000153b91400 0 0 0 0 0 2 1 2684 592
0x0000723b3d969480 0x0000000153b91480 0 0 0 0 0 2 1 2684 600
0x0000723b3d969500 0x0000000153b91500 0 1 0 0 0 2 1 2684 592
0x0000723b3d969580 0x0000000153b91580 0 1 0 0 0 2 1 2684 600
0x0000723b3d969600 0x0000000153b91600 0 0 1 0 0 2 1 2684 592
0x0000723b3d969680 0x0000000153b91680 0 0 1 0 0 2 1 2684 600
0x0000723b3d969700 0x0000000153b91700 0 1 1 0 0 2 1 2684 592
0x0000723b3d969780 0x0000000153b91780 0 1 1 0 0 2 1 2684 600
0x0000723b3d969800 0x0000000153b91800 0 0 0 0 0 2 1 2684 608
0x0000723b3d969880 0x0000000153b91880 0 0 0 0 0 2 1 2684 616
0x0000723b3d969900 0x0000000153b91900 0 1 0 0 0 2 1 2684 608
0x0000723b3d969980 0x0000000153b91980 0 1 0 0 0 2 1 2684 616
0x0000723b3d969a00 0x0000000153b91a00 0 0 1 0 0 2 1 2684 608
0x0000723b3d969a80 0x0000000153b91a80 0 0 1 0 0 2 1 2684 616
0x0000723b3d969b00 0x0000000153b91b00 0 1 1 0 0 2 1 2684 608
0x0000723b3d969b80 0x0000000153b91b80 0 1 1 0 0 2 1 2684 616
0x0000723b3d969c00 0x0000000153b91c00 0 0 0 0 0 2 1 2684 624
0x0000723b3d969c80 0x0000000153b91c80 0 0 0 0 0 2 1 2684 632
0x0000723b3d969d00 0x0000000153b91d00 0 1 0 0 0 2 1 2684 624
0x0000723b3d969d80 0x0000000153b91d80 0 1 0 0 0 2 1 2684 632
0x0000723b3d969e00 0x0000000153b91e00 0 0 1 0 0 2 1 2684 624
0x0000723b3d969e80 0x0000000153b91e80 0 0 1 0 0 2 1 2684 632
0x0000723b3d969f00 0x0000000153b91f00 0 1 1 0 0 2 1 2684 624
0x0000723b3d969f80 0x0000000153b91f80 0 1 1 0 0 2 1 2684 632
0x0000723b3d96c000 0x00000001c1bce000 0 0 0 0 1 2 1 6190 384
0x0000723b3d96c080 0x00000001c1bce080 0 0 0 0 1 2 1 6190 392
0x0000723b3d96c100 0x00000001c1bce100 0 1 0 0 1 2 1 6190 384
0x0000723b3d96c180 0x00000001c1bce180 0 1 0 0 1 2 1 6190 392
0x0000723b3d96c200 0x00000001c1bce200 0 0 1 0 1 2 1 6190 384
0x0000723b3d96c280 0x00000001c1bce280 0 0 1 0 1 2 1 6190 392
0x0000723b3d96c300 0x00000001c1bce300 0 1 1 0 1 2 1 6190 384
0x0000723b3d96c380 0x00000001c1bce380 0 1 1 0 1 2 1 6190 392
0x0000723b3d96c400 0x00000001c1bce400 0 0 0 0 1 2 1 6190 400
0x0000723b3d96c480 0x00000001c1bce480 0 0 0 0 1 2 1 6190 408
0x0000723b3d96c500 0x00000001c1bce500 0 1 0 0 1 2 1 6190 400
0x0000723b3d96c580 0x00000001c1bce580 0 1 0 0 1 2 1 6190 408
0x0000723b3d96c600 0x00000001c1bce600 0 0 1 0 1 2 1 6190 400
0x0000723b3d96c680 0x00000001c1bce680 0 0 1 0 1 2 1 6190 408
0x0000723b3d96c700 0x00000001c1bce700 0 1 1 0 1 2 1 6190 400
0x0000723b3d96c780 0x00000001c1bce780 0 1 1 0 1 2 1 6190 408
0x0000723b3d96c800 0x00000001c1bce800 0 0 0 0 1 2 1 6190 416
0x0000723b3d96c880 0x00000001c1bce880 0 0 0 0 1 2 1 6190 424
0x0000723b3d96c900 0x00000001c1bce900 0 1 0 0 1 2 1 6190 416
0x0000723b3d96c980 0x00000001c1bce980 0 1 0 0 1 2 1 6190 424
0x0000723b3d96ca00 0x00000001c1bcea00 0 0 1 0 1 2 1 6190 416
0x0000723b3d96ca80 0x00000001c1bcea80 0 0 1 0 1 2 1 6190 424
0x0000723b3d96cb00 0x00000001c1bceb00 0 1 1 0 1 2 1 6190 416
0x0000723b3d96cb80 0x00000001c1bceb80 0 1 1 0 1 2 1 6190 424
0x0000723b3d96cc00 0x00000001c1bcec00 0 0 0 0 1 2 1 6190 432
0x0000723b3d96cc80 0x00000001c1bcec80 0 0 0 0 1 2 1 6190 440
0x0000723b3d96cd00 0x00000001c1bced00 0 1 0 0 1 2 1 6190 432
0x0000723b3d96cd80 0x00000001c1bced80 0 1 0 0 1 2 1 6190 440
0x0000723b3d96ce00 0x00000001c1bcee00 0 0 1 0 1 2 1 6190 432
0x0000723b3d96ce80 0x00000001c1bcee80 0 0 1 0 1 2 1 6190 440
0x0000723b3d96cf00 0x00000001c1bcef00 0 1 1 0 1 2 1 6190 432
0x0000723b3d96cf80 0x00000001c1bcef80 0 1 1 0 1 2 1 6190 440
0x0000723b3d970000 0x0000000bebb42000 0 0 0 0 0 2 1 48490 128
0x0000723b3d970080 0x0000000bebb42080 0 0 0 0 0 2 1 48490 136
0x0000723b3d970100 0x0000000bebb42100 0 1 0 0 0 2 1 48490 128
0x0000723b3d970180 0x0000000bebb42180 0 1 0 0 0 2 1 48490 136
0x0000723b3d970200 0x0000000bebb42200 0 0 1 0 0 2 1 48490 128
0x0000723b3d970280 0x0000000bebb42280 0 0 1 0 0 2 1 48490 136
0x0000723b3d970300 0x0000000bebb42300 0 1 1 0 0 2 1 48490 128
0x0000723b3d970380 0x0000000bebb42380 0 1 1 0 0 2 1 48490 136
0x0000723b3d970400 0x0000000bebb42400 0 0 0 0 0 2 1 48490 144
0x0000723b3d970480 0x0000000bebb42480 0 0 0 0 0 2 1 48490 152
0x0000723b3d970500 0x0000000bebb42500 0 1 0 0 0 2 1 48490 144
0x0000723b3d970580 0x0000000bebb42580 0 1 0 0 0 2 1 48490 152
0x0000723b3d970600 0x0000000bebb42600 0 0 1 0 0 2 1 48490 144
0x0000723b3d970680 0x0000000bebb42680 0 0 1 0 0 2 1 48490 152
0x0000723b3d970700 0x0000000bebb42700 0 1 1 0 0 2 1 48490 144
0x0000723b3d970780 0x0000000bebb42780 0 1 1 0 0 2 1 48490 152
0x0000723b3d970800 0x0000000bebb42800 0 0 0 0 0 2 1 48490 160
0x0000723b3d970880 0x0000000bebb42880 0 0 0 0 0 2 1 48490 168
0x0000723b3d970900 0x0000000bebb42900 0 1 0 0 0 2 1 48490 160
0x0000723b3d970980 0x0000000bebb42980 0 1 0 0 0 2 1 48490 168
0x0000723b3d970a00 0x0000000bebb42a00 0 0 1 0 0 2 1 48490 160
0x0000723b3d970a80 0x0000000bebb42a80 0 0 1 0 0 2 1 48490 168
0x0000723b3d970b00 0x0000000bebb42b00 0 1 1 0 0 2 1 48490 160
0x0000723b3d970b80 0x0000000bebb42b80 0 1 1 0 0 2 1 48490 168
0x0000723b3d970c00 0x0000000bebb42c00 0 0 0 0 0 2 1 48490 176
0x0000723b3d970c80 0x0000000bebb42c80 0 0 0 0 0 2 1 48490 184
0x0000723b3d970d00 0x0000000bebb42d00 0 1 0 0 0 2 1 48490 176
0x0000723b3d970d80 0x0000000bebb42d80 0 1 0 0 0 2 1 48490 184
0x0000723b3d970e00 0x0000000bebb42e00 0 0 1 0 0 2 1 48490 176
0x0000723b3d970e80 0x0000000bebb42e80 0 0 1 0 0 2 1 48490 184
0x0000723b3d970f00 0x0000000bebb42f00 0 1 1 0 0 2 1 48490 176
0x0000723b3d970f80 0x0000000bebb42f80 0 1 1 0 0 2 1 48490 184
0x0000723b3d971000 0x0000000b213eb000 0 0 0 0 1 2 1 42039 192
0x0000723b3d971080 0x0000000b213eb080 0 0 0 0 1 2 1 42039 200
0x0000723b3d971100 0x0000000b213eb100 0 1 0 0 1 2 1 42039 192
0x0000723b3d971180 0x0000000b213eb180 0 1 0 0 1 2 1 42039 200
0x0000723b3d971200 0x0000000b213eb200 0 0 1 0 1 2 1 42039 192
0x0000723b3d971280 0x0000000b213eb280 0 0 1 0 1 2 1 42039 200
0x0000723b3d971300 0x0000000b213eb300 0 1 1 0 1 2 1 42039 192
0x0000723b3d971380 0x0000000b213eb380 0 1 1 0 1 2 1 42039 200
0x0000723b3d971400 0x0000000b213eb400 0 0 0 0 1 2 1 42039 208
0x0000723b3d971480 0x0000000b213eb480 0 0 0 0 1 2 1 42039 216
0x0000723b3d971500 0x0000000b213eb500 0 1 0 0 1 2 1 42039 208
0x0000723b3d971580 0x0000000b213eb580 0 1 0 0 1 2 1 42039 216
0x0000723b3d971600 0x0000000b213eb600 0 0 1 0 1 2 1 42039 208
0x0000723b3d971680 0x0000000b213eb680 0 0 1 0 1 2 1 42039 216
0x0000723b3d971700 0x0000000b213eb700 0 1 1 0 1 2 1 42039 208
0x0000723b3d971780 0x0000000b213eb780 0 1 1 0 1 2 1 42039 216
0x0000723b3d971800 0x0000000b213eb800 0 0 0 0 1 2 1 42039 224
0x0000723b3d971880 0x0000000b213eb880 0 0 0 0 1 2 1 42039 232
0x0000723b3d971900 0x0000000b213eb900 0 1 0 0 1 2 1 42039 224
0x0000723b3d971980 0x0000000b213eb980 0 1 0 0 1 2 1 42039 232
0x0000723b3d971a00 0x0000000b213eba00 0 0 1 0 1 2 1 42039 224
0x0000723b3d971a80 0x0000000b213eba80 0 0 1 0 1 2 1 42039 232
0x0000723b3d971b00 0x0000000b213ebb00 0 1 1 0 1 2 1 42039 224
0x0000723b3d971b80 0x0000000b213ebb80 0 1 1 0 1 2 1 42039 232
0x0000723b3d971c00 0x0000000b213ebc00 0 0 0 0 1 2 1 42039 240
0x0000723b3d971c80 0x0000000b213ebc80 0 0 0 0 1 2 1 42039 248
0x0000723b3d971d00 0x0000000b213ebd00 0 1 0 0 1 2 1 42039 240
0x0000723b3d971d80 0x0000000b213ebd80 0 1 0 0 1 2 1 42039 248
0x0000723b3d971e00 0x0000000b213ebe00 0 0 1 0 1 2 1 42039 240
0x0000723b3d971e80 0x0000000b213ebe80 0 0 1 0 1 2 1 42039 248
0x0000723b3d971f00 0x0000000b213ebf00 0 1 1 0 1 2 1 42039 240
0x0000723b3d971f80 0x0000000b213ebf80 0 1 1 0 1 2 1 42039 248
0x0000723b3d974000 0x0000000a8eb46000 0 0 0 0 0 2 1 41418 384
0x0000723b3d974080 0x0000000a8eb46080 0 0 0 0 0 2 1 41418 392
0x0000723b3d974100 0x0000000a8eb46100 0 1 0 0 0 2 1 41418 384
0x0000723b3d974180 0x0000000a8eb46180 0 1 0 0 0 2 1 41418 392
0x0000723b3d974200 0x0000000a8eb46200 0 0 1 0 0 2 1 41418 384
0x0000723b3d974280 0x0000000a8eb46280 0 0 1 0 0 2 1 41418 392
0x0000723b3d974300 0x0000000a8eb46300 0 1 1 0 0 2 1 41418 384
0x0000723b3d974380 0x0000000a8eb46380 0 1 1 0 0 2 1 41418 392
0x0000723b3d974400 0x0000000a8eb46400 0 0 0 0 0 2 1 41418 400
0x0000723b3d974480 0x0000000a8eb46480 0 0 0 0 0 2 1 41418 408
0x0000723b3d974500 0x0000000a8eb46500 0 1 0 0 0 2 1 41418 400
0x0000723b3d974580 0x0000000a8eb46580 0 1 0 0 0 2 1 41418 408
0x0000723b3d974600 0x0000000a8eb46600 0 0 1 0 0 2 1 41418 400
0x0000723b3d974680 0x0000000a8eb46680 0 0 1 0 0 2 1 41418 408
0x0000723b3d974700 0x0000000a8eb46700 0 1 1 0 0 2 1 41418 400
0x0000723b3d974780 0x0000000a8eb46780 0 1 1 0 0 2 1 41418 408
0x0000723b3d974800 0x0000000a8eb46800 0 0 0 0 0 2 1 41418 416
0x0000723b3d974880 0x0000000a8eb46880 0 0 0 0 0 2 1 41418 424
0x0000723b3d974900 0x0000000a8eb46900 0 1 0 0 0 2 1 41418 416
0x0000723b3d974980 0x0000000a8eb46980 0 1 0 0 0 2 1 41418 424
0x0000723b3d974a00 0x0000000a8eb46a00 0 0 1 0 0 2 1 41418 416
0x0000723b3d974a80 0x0000000a8eb46a80 0 0 1 0 0 2 1 41418 424
0x0000723b3d974b00 0x0000000a8eb46b00 0 1 1 0 0 2 1 41418 416
0x0000723b3d974b80 0x0000000a8eb46b80 0 1 1 0 0 2 1 41418 424
0x0000723b3d974c00 0x0000000a8eb46c00 0 0 0 0 0 2 1 41418 432
0x0000723b3d974c80 0x0000000a8eb46c80 0 0 0 0 0 2 1 41418 440
0x0000723b3d974d00 0x0000000a8eb46d00 0 1 0 0 0 2 1 41418 432
0x0000723b3d974d80 0x0000000a8eb46d80 0 1 0 0 0 2 1 41418 440
0x0000723b3d974e00 0x0000000a8eb46e00 0 0 1 0 0 2 1 41418 432
0x0000723b3d974e80 0x0000000a8eb46e80 0 0 1 0 0 2 1 41418 440
0x0000723b3d974f00 0x0000000a8eb46f00 0 1 1 0 0 2 1 41418 432
0x0000723b3d974f80 0x0000000a8eb46f80 0 1 1 0 0 2 1 41418 440
0x0000723b3d976000 0x0000000ae9b31000 0 0 0 0 0 2 1 44329 576
0x0000723b3d976080 0x0000000ae9b31080 0 0 0 0 0 2 1 44329 584
0x0000723b3d976100 0x0000000ae9b31100 0 1 0 0 0 2 1 44329 576
0x0000723b3d976180 0x0000000ae9b31180 0 1 0 0 0 2 1 44329 584
0x0000723b3d976200 0x0000000ae9b31200 0 0 1 0 0 2 1 44329 576
0x0000723b3d976280 0x0000000ae9b31280 0 0 1 0 0 2 1 44329 584
0x0000723b3d976300 0x0000000ae9b31300 0 1 1 0 0 2 1 44329 576
0x0000723b3d976380 0x0000000ae9b31380 0 1 1 0 0 2 1 44329 584
0x0000723b3d976400 0x0000000ae9b31400 0 0 0 0 0 2 1 44329 592
0x0000723b3d976480 0x0000000ae9b31480 0 0 0 0 0 2 1 44329 600
0x0000723b3d976500 0x0000000ae9b31500 0 1 0 0 0 2 1 44329 592
0x0000723b3d976580 0x0000000ae9b31580 0 1 0 0 0 2 1 44329 600
0x0000723b3d976600 0x0000000ae9b31600 0 0 1 0 0 2 1 44329 592
0x0000723b3d976680 0x0000000ae9b31680 0 0 1 0 0 2 1 44329 600
0x0000723b3d976700 0x0000000ae9b31700 0 1 1 0 0 2 1 44329 592
0x0000723b3d976780 0x0000000ae9b31780 0 1 1 0 0 2 1 44329 600
0x0000723b3d976800 0x0000000ae9b31800 0 0 0 0 0 2 1 44329 608
0x0000723b3d976880 0x0000000ae9b31880 0 0 0 0 0 2 1 44329 616
0x0000723b3d976900 0x0000000ae9b31900 0 1 0 0 0 2 1 44329 608
0x0000723b3d976980 0x0000000ae9b31980 0 1 0 0 0 2 1 44329 616
0x0000723b3d976a00 0x0000000ae9b31a00 0 0 1 0 0 2 1 44329 608
0x0000723b3d976a80 0x0000000ae9b31a80 0 0 1 0 0 2 1 44329 616
0x0000723b3d976b00 0x0000000ae9b31b00 0 1 1 0 0 2 1 44329 608
0x0000723b3d976b80 0x0000000ae9b31b80 0 1 1 0 0 2 1 44329 616
0x0000723b3d976c00 0x0000000ae9b31c00 0 0 0 0 0 2 1 44329 624
0x0000723b3d976c80 0x0000000ae9b31c80 0 0 0 0 0 2 1 44329 632
0x0000723b3d976d00 0x0000000ae9b31d00 0 1 0 0 0 2 1 44329 624
0x0000723b3d976d80 0x0000000ae9b31d80 0 1 0 0 0 2 1 44329 632
0x0000723b3d976e00 0x0000000ae9b31e00 0 0 1 0 0 2 1 44329 624
0x0000723b3d976e80 0x0000000ae9b31e80 0 0 1 0 0 2 1 44329 632
0x0000723b3d976f00 0x0000000ae9b31f00 0 1 1 0 0 2 1 44329 624
0x0000723b3d976f80 0x0000000ae9b31f80 0 1 1 0 0 2 1 44329 632
0x0000723b3d98e000 0x0000000de035c000 0 0 0 0 1 2 1 56322 768
0x0000723b3d98e080 0x0000000de035c080 0 0 0 0 1 2 1 56322 776
0x0000723b3d98e100 0x0000000de035c100 0 1 0 0 1 2 1 56322 768
0x0000723b3d98e180 0x0000000de035c180 0 1 0 0 1 2 1 56322 776
0x0000723b3d98e200 0x0000000de035c200 0 0 1 0 1 2 1 56322 768
0x0000723b3d98e280 0x0000000de035c280 0 0 1 0 1 2 1 56322 776
0x0000723b3d98e300 0x0000000de035c300 0 1 1 0 1 2 1 56322 768
0x0000723b3d98e380 0x0000000de035c380 0 1 1 0 1 2 1 56322 776
0x0000723b3d98e400 0x0000000de035c400 0 0 0 0 1 2 1 56322 784
0x0000723b3d98e480 0x0000000de035c480 0 0 0 0 1 2 1 56322 792
0x0000723b3d98e500 0x0000000de035c500 0 1 0 0 1 2 1 56322 784
0x0000723b3d98e580 0x0000000de035c580 0 1 0 0 1 2 1 56322 792
0x0000723b3d98e600 0x0000000de035c600 0 0 1 0 1 2 1 56322 784
0x0000723b3d98e680 0x0000000de035c680 0 0 1 0 1 2 1 56322 792
0x0000723b3d98e700 0x0000000de035c700 0 1 1 0 1 2 1 56322 784
0x0000723b3d98e780 0x0000000de035c780 0 1 1 0 1 2 1 56322 792
0x0000723b3d98e800 0x0000000de035c800 0 0 0 0 1 2 1 56322 800
0x0000723b3d98e880 0x0000000de035c880 0 0 0 0 1 2 1 56322 808
0x0000723b3d98e900 0x0000000de035c900 0 1 0 0 1 2 1 56322 800
0x0000723b3d98e980 0x0000000de035c980 0 1 0 0 1 2 1 56322 808
0x0000723b3d98ea00 0x0000000de035ca00 0 0 1 0 1 2 1 56322 800
0x0000723b3d98ea80 0x0000000de035ca80 0 0 1 0 1 2 1 56322 808
0x0000723b3d98eb00 0x0000000de035cb00 0 1 1 0 1 2 1 56322 800
0x0000723b3d98eb80 0x0000000de035cb80 0 1 1 0 1 2 1 56322 808
0x0000723b3d98ec00 0x0000000de035cc00 0 0 0 0 1 2 1 56322 816
0x0000723b3d98ec80 0x0000000de035cc80 0 0 0 0 1 2 1 56322 824
0x0000723b3d98ed00 0x0000000de035cd00 0 1 0 0 1 2 1 56322 816
0x0000723b3d98ed80 0x0000000de035cd80 0 1 0 0 1 2 1 56322 824
0x0000723b3d98ee00 0x0000000de035ce00 0 0 1 0 1 2 1 56322 816
0x0000723b3d98ee80 0x0000000de035ce80 0 0 1 0 1 2 1 56322 824
0x0000723b3d98ef00 0x0000000de035cf00 0 1 1 0 1 2 1 56322 816
0x0000723b3d98ef80 0x0000000de035cf80 0 1 1 0 1 2 1 56322 824
0x0000723b3d990000 0x0000000de035e000 0 0 0 0 1 2 1 56322 896
0x0000723b3d990080 0x0000000de035e080 0 0 0 0 1 2 1 56322 904
0x0000723b3d990100 0x0000000de035e100 0 1 0 0 1 2 1 56322 896
0x0000723b3d990180 0x0000000de035e180 0 1 0 0 1 2 1 56322 904
0x0000723b3d990200 0x0000000de035e200 0 0 1 0 1 2 1 56322 896
0x0000723b3d990280 0x0000000de035e280 0 0 1 0 1 2 1 56322 904
0x0000723b3d990300 0x0000000de035e300 0 1 1 0 1 2 1 56322 896
0x0000723b3d990380 0x0000000de035e380 0 1 1 0 1 2 1 56322 904
0x0000723b3d990400 0x0000000de035e400 0 0 0 0 1 2 1 56322 912
0x0000723b3d990480 0x0000000de035e480 0 0 0 0 1 2 1 56322 920
0x0000723b3d990500 0x0000000de035e500 0 1 0 0 1 2 1 56322 912
0x0000723b3d990580 0x0000000de035e580 0 1 0 0 1 2 1 56322 920
0x0000723b3d990600 0x0000000de035e600 0 0 1 0 1 2 1 56322 912
0x0000723b3d990680 0x0000000de035e680 0 0 1 0 1 2 1 56322 920
0x0000723b3d990700 0x0000000de035e700 0 1 1 0 1 2 1 56322 912
0x0000723b3d990780 0x0000000de035e780 0 1 1 0 1 2 1 56322 920
0x0000723b3d990800 0x0000000de035e800 0 0 0 0 1 2 1 56322 928
0x0000723b3d990880 0x0000000de035e880 0 0 0 0 1 2 1 56322 936
0x0000723b3d990900 0x0000000de035e900 0 1 0 0 1 2 1 56322 928
0x0000723b3d990980 0x0000000de035e980 0 1 0 0 1 2 1 56322 936
0x0000723b3d990a00 0x0000000de035ea00 0 0 1 0 1 2 1 56322 928
0x0000723b3d990a80 0x0000000de035ea80 0 0 1 0 1 2 1 56322 936
0x0000723b3d990b00 0x0000000de035eb00 0 1 1 0 1 2 1 56322 928
0x0000723b3d990b80 0x0000000de035eb80 0 1 1 0 1 2 1 56322 936
0x0000723b3d990c00 0x0000000de035ec00 0 0 0 0 1 2 1 56322 944
0x0000723b3d990c80 0x0000000de035ec80 0 0 0 0 1 2 1 56322 952
0x0000723b3d990d00 0x0000000de035ed00 0 1 0 0 1 2 1 56322 944
0x0000723b3d990d80 0x0000000de035ed80 0 1 0 0 1 2 1 56322 952
0x0000723b3d990e00 0x0000000de035ee00 0 0 1 0 1 2 1 56322 944
0x0000723b3d990e80 0x0000000de035ee80 0 0 1 0 1 2 1 56322 952
0x0000723b3d990f00 0x0000000de035ef00 0 1 1 0 1 2 1 56322 944
0x0000723b3d990f80 0x0000000de035ef80 0 1 1 0 1 2 1 56322 952
0x0000723b3d991000 0x0000000de035d000 0 0 0 0 1 2 1 56322 832
0x0000723b3d991080 0x0000000de035d080 0 0 0 0 1 2 1 56322 840
0x0000723b3d991100 0x0000000de035d100 0 1 0 0 1 2 1 56322 832
0x0000723b3d991180 0x0000000de035d180 0 1 0 0 1 2 1 56322 840
0x0000723b3d991200 0x0000000de035d200 0 0 1 0 1 2 1 56322 832
0x0000723b3d991280 0x0000000de035d280 0 0 1 0 1 2 1 56322 840
0x0000723b3d991300 0x0000000de035d300 0 1 1 0 1 2 1 56322 832
0x0000723b3d991380 0x0000000de035d380 0 1 1 0 1 2 1 56322 840
0x0000723b3d991400 0x0000000de035d400 0 0 0 0 1 2 1 56322 848
0x0000723b3d991480 0x0000000de035d480 0 0 0 0 1 2 1 56322 856
0x0000723b3d991500 0x0000000de035d500 0 1 0 0 1 2 1 56322 848
0x0000723b3d991580 0x0000000de035d580 0 1 0 0 1 2 1 56322 856
0x0000723b3d991600 0x0000000de035d600 0 0 1 0 1 2 1 56322 848
0x0000723b3d991680 0x0000000de035d680 0 0 1 0 1 2 1 56322 856
0x0000723b3d991700 0x0000000de035d700 0 1 1 0 1 2 1 56322 848
0x0000723b3d991780 0x0000000de035d780 0 1 1 0 1 2 1 56322 856
0x0000723b3d991800 0x0000000de035d800 0 0 0 0 1 2 1 56322 864
0x0000723b3d991880 0x0000000de035d880 0 0 0 0 1 2 1 56322 872
0x0000723b3d991900 0x0000000de035d900 0 1 0 0 1 2 1 56322 864
0x0000723b3d991980 0x0000000de035d980 0 1 0 0 1 2 1 56322 872
0x0000723b3d991a00 0x0000000de035da00 0 0 1 0 1 2 1 56322 864
0x0000723b3d991a80 0x0000000de035da80 0 0 1 0 1 2 1 56322 872
0x0000723b3d991b00 0x0000000de035db00 0 1 1 0 1 2 1 56322 864
0x0000723b3d991b80 0x0000000de035db80 0 1 1 0 1 2 1 56322 872
0x0000723b3d991c00 0x0000000de035dc00 0 0 0 0 1 2 1 56322 880
0x0000723b3d991c80 0x0000000de035dc80 0 0 0 0 1 2 1 56322 888
0x0000723b3d991d00 0x0000000de035dd00 0 1 0 0 1 2 1 56322 880
0x0000723b3d991d80 0x0000000de035dd80 0 1 0 0 1 2 1 56322 888
0x0000723b3d991e00 0x0000000de035de00 0 0 1 0 1 2 1 56322 880
0x0000723b3d991e80 0x0000000de035de80 0 0 1 0 1 2 1 56322 888
0x0000723b3d991f00 0x0000000de035df00 0 1 1 0 1 2 1 56322 880
0x0000723b3d991f80 0x0000000de035df80 0 1 1 0 1 2 1 56322 888
0x0000723b3d993000 0x0000000de035f000 0 0 0 0 1 2 1 56322 960
0x0000723b3d993080 0x0000000de035f080 0 0 0 0 1 2 1 56322 968
0x0000723b3d993100 0x0000000de035f100 0 1 0 0 1 2 1 56322 960
0x0000723b3d993180 0x0000000de035f180 0 1 0 0 1 2 1 56322 968
0x0000723b3d993200 0x0000000de035f200 0 0 1 0 1 2 1 56322 960
0x0000723b3d993280 0x0000000de035f280 0 0 1 0 1 2 1 56322 968
0x0000723b3d993300 0x0000000de035f300 0 1 1 0 1 2 1 56322 960
0x0000723b3d993380 0x0000000de035f380 0 1 1 0 1 2 1 56322 968
0x0000723b3d993400 0x0000000de035f400 0 0 0 0 1 2 1 56322 976
0x0000723b3d993480 0x0000000de035f480 0 0 0 0 1 2 1 56322 984
0x0000723b3d993500 0x0000000de035f500 0 1 0 0 1 2 1 56322 976
0x0000723b3d993580 0x0000000de035f580 0 1 0 0 1 2 1 56322 984
0x0000723b3d993600 0x0000000de035f600 0 0 1 0 1 2 1 56322 976
0x0000723b3d993680 0x0000000de035f680 0 0 1 0 1 2 1 56322 984
0x0000723b3d993700 0x0000000de035f700 0 1 1 0 1 2 1 56322 976
0x0000723b3d993780 0x0000000de035f780 0 1 1 0 1 2 1 56322 984
0x0000723b3d993800 0x0000000de035f800 0 0 0 0 1 2 1 56322 992
0x0000723b3d993880 0x0000000de035f880 0 0 0 0 1 2 1 56322 1000
0x0000723b3d993900 0x0000000de035f900 0 1 0 0 1 2 1 56322 992
0x0000723b3d993980 0x0000000de035f980 0 1 0 0 1 2 1 56322 1000
0x0000723b3d993a00 0x0000000de035fa00 0 0 1 0 1 2 1 56322 992
0x0000723b3d993a80 0x0000000de035fa80 0 0 1 0 1 2 1 56322 1000
0x0000723b3d993b00 0x0000000de035fb00 0 1 1 0 1 2 1 56322 992
0x0000723b3d993b80 0x0000000de035fb80 0 1 1 0 1 2 1 56322 1000
0x0000723b3d993c00 0x0000000de035fc00 0 0 0 0 1 2 1 56322 1008
0x0000723b3d993c80 0x0000000de035fc80 0 0 0 0 1 2 1 56322 1016
0x0000723b3d993d00 0x0000000de035fd00 0 1 0 0 1 2 1 56322 1008
0x0000723b3d993d80 0x0000000de035fd80 0 1 0 0 1 2 1 56322 1016
0x0000723b3d993e00 0x0000000de035fe00 0 0 1 0 1 2 1 56322 1008
0x0000723b3d993e80 0x0000000de035fe80 0 0 1 0 1 2 1 56322 1016
0x0000723b3d993f00 0x0000000de035ff00 0 1 1 0 1 2 1 56322 1008
0x0000723b3d993f80 0x0000000de035ff80 0 1 1 0 1 2 1 56322 1016
0x0000723b3d9be000 0x00000006fbbcc000 0 0 0 0 1 2 1 28526 256
0x0000723b3d9be080 0x00000006fbbcc080 0 0 0 0 1 2 1 28526 264
0x0000723b3d9be100 0x00000006fbbcc100 0 1 0 0 1 2 1 28526 256
0x0000723b3d9be180 0x00000006fbbcc180 0 1 0 0 1 2 1 28526 264
0x0000723b3d9be200 0x00000006fbbcc200 0 0 1 0 1 2 1 28526 256
0x0000723b3d9be280 0x00000006fbbcc280 0 0 1 0 1 2 1 28526 264
0x0000723b3d9be300 0x00000006fbbcc300 0 1 1 0 1 2 1 28526 256
0x0000723b3d9be380 0x00000006fbbcc380 0 1 1 0 1 2 1 28526 264
0x0000723b3d9be400 0x00000006fbbcc400 0 0 0 0 1 2 1 28526 272
0x0000723b3d9be480 0x00000006fbbcc480 0 0 0 0 1 2 1 28526 280
0x0000723b3d9be500 0x00000006fbbcc500 0 1 0 0 1 2 1 28526 272
0x0000723b3d9be580 0x00000006fbbcc580 0 1 0 0 1 2 1 28526 280
0x0000723b3d9be600 0x00000006fbbcc600 0 0 1 0 1 2 1 28526 272
0x0000723b3d9be680 0x00000006fbbcc680 0 0 1 0 1 2 1 28526 280
0x0000723b3d9be700 0x00000006fbbcc700 0 1 1 0 1 2 1 28526 272
0x0000723b3d9be780 0x00000006fbbcc780 0 1 1 0 1 2 1 28526 280
0x0000723b3d9be800 0x00000006fbbcc800 0 0 0 0 1 2 1 28526 288
0x0000723b3d9be880 0x00000006fbbcc880 0 0 0 0 1 2 1 28526 296
0x0000723b3d9be900 0x00000006fbbcc900 0 1 0 0 1 2 1 28526 288
0x0000723b3d9be980 0x00000006fbbcc980 0 1 0 0 1 2 1 28526 296
0x0000723b3d9bea00 0x00000006fbbcca00 0 0 1 0 1 2 1 28526 288
0x0000723b3d9bea80 0x00000006fbbcca80 0 0 1 0 1 2 1 28526 296
0x0000723b3d9beb00 0x00000006fbbccb00 0 1 1 0 1 2 1 28526 288
0x0000723b3d9beb80 0x00000006fbbccb80 0 1 1 0 1 2 1 28526 296
0x0000723b3d9bec00 0x00000006fbbccc00 0 0 0 0 1 2 1 28526 304
0x0000723b3d9bec80 0x00000006fbbccc80 0 0 0 0 1 2 1 28526 312
0x0000723b3d9bed00 0x00000006fbbccd00 0 1 0 0 1 2 1 28526 304
0x0000723b3d9bed80 0x00000006fbbccd80 0 1 0 0 1 2 1 28526 312
0x0000723b3d9bee00 0x00000006fbbcce00 0 0 1 0 1 2 1 28526 304
0x0000723b3d9bee80 0x00000006fbbcce80 0 0 1 0 1 2 1 28526 312
0x0000723b3d9bef00 0x00000006fbbccf00 0 1 1 0 1 2 1 28526 304
0x0000723b3d9bef80 0x00000006fbbccf80 0 1 1 0 1 2 1 28526 312
0x0000723b3d9c0000 0x00000006fbbce000 0 0 0 0 1 2 1 28526 384
0x0000723b3d9c0080 0x00000006fbbce080 0 0 0 0 1 2 1 28526 392
0x0000723b3d9c0100 0x00000006fbbce100 0 1 0 0 1 2 1 28526 384
0x0000723b3d9c0180 0x00000006fbbce180 0 1 0 0 1 2 1 28526 392
0x0000723b3d9c0200 0x00000006fbbce200 0 0 1 0 1 2 1 28526 384
0x0000723b3d9c0280 0x00000006fbbce280 0 0 1 0 1 2 1 28526 392
0x0000723b3d9c0300 0x00000006fbbce300 0 1 1 0 1 2 1 28526 384
0x0000723b3d9c0380 0x00000006fbbce380 0 1 1 0 1 2 1 28526 392
0x0000723b3d9c0400 0x00000006fbbce400 0 0 0 0 1 2 1 28526 400
0x0000723b3d9c0480 0x00000006fbbce480 0 0 0 0 1 2 1 28526 408
0x0000723b3d9c0500 0x00000006fbbce500 0 1 0 0 1 2 1 28526 400
0x0000723b3d9c0580 0x00000006fbbce580 0 1 0 0 1 2 1 28526 408
0x0000723b3d9c0600 0x00000006fbbce600 0 0 1 0 1 2 1 28526 400
0x0000723b3d9c0680 0x00000006fbbce680 0 0 1 0 1 2 1 28526 408
0x0000723b3d9c0700 0x00000006fbbce700 0 1 1 0 1 2 1 28526 400
0x0000723b3d9c0780 0x00000006fbbce780 0 1 1 0 1 2 1 28526 408
0x0000723b3d9c0800 0x00000006fbbce800 0 0 0 0 1 2 1 28526 416
0x0000723b3d9c0880 0x00000006fbbce880 0 0 0 0 1 2 1 28526 424
0x0000723b3d9c0900 0x00000006fbbce900 0 1 0 0 1 2 1 28526 416
0x0000723b3d9c0980 0x00000006fbbce980 0 1 0 0 1 2 1 28526 424
0x0000723b3d9c0a00 0x00000006fbbcea00 0 0 1 0 1 2 1 28526 416
0x0000723b3d9c0a80 0x00000006fbbcea80 0 0 1 0 1 2 1 28526 424
0x0000723b3d9c0b00 0x00000006fbbceb00 0 1 1 0 1 2 1 28526 416
0x0000723b3d9c0b80 0x00000006fbbceb80 0 1 1 0 1 2 1 28526 424
0x0000723b3d9c0c00 0x00000006fbbcec00 0 0 0 0 1 2 1 28526 432
0x0000723b3d9c0c80 0x00000006fbbcec80 0 0 0 0 1 2 1 28526 440
0x0000723b3d9c0d00 0x00000006fbbced00 0 1 0 0 1 2 1 28526 432
0x0000723b3d9c0d80 0x00000006fbbced80 0 1 0 0 1 2 1 28526 440
0x0000723b3d9c0e00 0x00000006fbbcee00 0 0 1 0 1 2 1 28526 432
0x0000723b3d9c0e80 0x00000006fbbcee80 0 0 1 0 1 2 1 28526 440
0x0000723b3d9c0f00 0x00000006fbbcef00 0 1 1 0 1 2 1 28526 432
0x0000723b3d9c0f80 0x00000006fbbcef80 0 1 1 0 1 2 1 28526 440
0x0000723b3d9c1000 0x00000006fbbcd000 0 0 0 0 1 2 1 28526 320
0x0000723b3d9c1080 0x00000006fbbcd080 0 0 0 0 1 2 1 28526 328
0x0000723b3d9c1100 0x00000006fbbcd100 0 1 0 0 1 2 1 28526 320
0x0000723b3d9c1180 0x00000006fbbcd180 0 1 0 0 1 2 1 28526 328
0x0000723b3d9c1200 0x00000006fbbcd200 0 0 1 0 1 2 1 28526 320
0x0000723b3d9c1280 0x00000006fbbcd280 0 0 1 0 1 2 1 28526 328
0x0000723b3d9c1300 0x00000006fbbcd300 0 1 1 0 1 2 1 28526 320
0x0000723b3d9c1380 0x00000006fbbcd380 0 1 1 0 1 2 1 28526 328
0x0000723b3d9c1400 0x00000006fbbcd400 0 0 0 0 1 2 1 28526 336
0x0000723b3d9c1480 0x00000006fbbcd480 0 0 0 0 1 2 1 28526 344
0x0000723b3d9c1500 0x00000006fbbcd500 0 1 0 0 1 2 1 28526 336
0x0000723b3d9c1580 0x00000006fbbcd580 0 1 0 0 1 2 1 28526 344
0x0000723b3d9c1600 0x00000006fbbcd600 0 0 1 0 1 2 1 28526 336
0x0000723b3d9c1680 0x00000006fbbcd680 0 0 1 0 1 2 1 28526 344
0x0000723b3d9c1700 0x00000006fbbcd700 0 1 1 0 1 2 1 28526 336
0x0000723b3d9c1780 0x00000006fbbcd780 0 1 1 0 1 2 1 28526 344
0x0000723b3d9c1800 0x00000006fbbcd800 0 0 0 0 1 2 1 28526 352
0x0000723b3d9c1880 0x00000006fbbcd880 0 0 0 0 1 2 1 28526 360
0x0000723b3d9c1900 0x00000006fbbcd900 0 1 0 0 1 2 1 28526 352
0x0000723b3d9c1980 0x00000006fbbcd980 0 1 0 0 1 2 1 28526 360
0x0000723b3d9c1a00 0x00000006fbbcda00 0 0 1 0 1 2 1 28526 352
0x0000723b3d9c1a80 0x00000006fbbcda80 0 0 1 0 1 2 1 28526 360
0x0000723b3d9c1b00 0x00000006fbbcdb00 0 1 1 0 1 2 1 28526 352
0x0000723b3d9c1b80 0x00000006fbbcdb80 0 1 1 0 1 2 1 28526 360
0x0000723b3d9c1c00 0x00000006fbbcdc00 0 0 0 0 1 2 1 28526 368
0x0000723b3d9c1c80 0x00000006fbbcdc80 0 0 0 0 1 2 1 28526 376
0x0000723b3d9c1d00 0x00000006fbbcdd00 0 1 0 0 1 2 1 28526 368
0x0000723b3d9c1d80 0x00000006fbbcdd80 0 1 0 0 1 2 1 28526 376
0x0000723b3d9c1e00 0x00000006fbbcde00 0 0 1 0 1 2 1 28526 368
0x0000723b3d9c1e80 0x00000006fbbcde80 0 0 1 0 1 2 1 28526 376
0x0000723b3d9c1f00 0x00000006fbbcdf00 0 1 1 0 1 2 1 28526 368
0x0000723b3d9c1f80 0x00000006fbbcdf80 0 1 1 0 1 2 1 28526 376
0x0000723b3d9c3000 0x00000006fbbcf000 0 0 0 0 1 2 1 28526 448
0x0000723b3d9c3080 0x00000006fbbcf080 0 0 0 0 1 2 1 28526 456
0x0000723b3d9c3100 0x00000006fbbcf100 0 1 0 0 1 2 1 28526 448
0x0000723b3d9c3180 0x00000006fbbcf180 0 1 0 0 1 2 1 28526 456
0x0000723b3d9c3200 0x00000006fbbcf200 0 0 1 0 1 2 1 28526 448
0x0000723b3d9c3280 0x00000006fbbcf280 0 0 1 0 1 2 1 28526 456
0x0000723b3d9c3300 0x00000006fbbcf300 0 1 1 0 1 2 1 28526 448
0x0000723b3d9c3380 0x00000006fbbcf380 0 1 1 0 1 2 1 28526 456
0x0000723b3d9c3400 0x00000006fbbcf400 0 0 0 0 1 2 1 28526 464
0x0000723b3d9c3480 0x00000006fbbcf480 0 0 0 0 1 2 1 28526 472
0x0000723b3d9c3500 0x00000006fbbcf500 0 1 0 0 1 2 1 28526 464
0x0000723b3d9c3580 0x00000006fbbcf580 0 1 0 0 1 2 1 28526 472
0x0000723b3d9c3600 0x00000006fbbcf600 0 0 1 0 1 2 1 28526 464
0x0000723b3d9c3680 0x00000006fbbcf680 0 0 1 0 1 2 1 28526 472
0x0000723b3d9c3700 0x00000006fbbcf700 0 1 1 0 1 2 1 28526 464
0x0000723b3d9c3780 0x00000006fbbcf780 0 1 1 0 1 2 1 28526 472
0x0000723b3d9c3800 0x00000006fbbcf800 0 0 0 0 1 2 1 28526 480
0x0000723b3d9c3880 0x00000006fbbcf880 0 0 0 0 1 2 1 28526 488
0x0000723b3d9c3900 0x00000006fbbcf900 0 1 0 0 1 2 1 28526 480
0x0000723b3d9c3980 0x00000006fbbcf980 0 1 0 0 1 2 1 28526 488
0x0000723b3d9c3a00 0x00000006fbbcfa00 0 0 1 0 1 2 1 28526 480
0x0000723b3d9c3a80 0x00000006fbbcfa80 0 0 1 0 1 2 1 28526 488
0x0000723b3d9c3b00 0x00000006fbbcfb00 0 1 1 0 1 2 1 28526 480
0x0000723b3d9c3b80 0x00000006fbbcfb80 0 1 1 0 1 2 1 28526 488
0x0000723b3d9c3c00 0x00000006fbbcfc00 0 0 0 0 1 2 1 28526 496
0x0000723b3d9c3c80 0x00000006fbbcfc80 0 0 0 0 1 2 1 28526 504
0x0000723b3d9c3d00 0x00000006fbbcfd00 0 1 0 0 1 2 1 28526 496
0x0000723b3d9c3d80 0x00000006fbbcfd80 0 1 0 0 1 2 1 28526 504
0x0000723b3d9c3e00 0x00000006fbbcfe00 0 0 1 0 1 2 1 28526 496
0x0000723b3d9c3e80 0x00000006fbbcfe80 0 0 1 0 1 2 1 28526 504
0x0000723b3d9c3f00 0x00000006fbbcff00 0 1 1 0 1 2 1 28526 496
0x0000723b3d9c3f80 0x00000006fbbcff80 0 1 1 0 1 2 1 28526 504
0x0000723b3d9d7000 0x0000000b3cb38000 0 0 0 0 1 2 1 42905 512
0x0000723b3d9d7080 0x0000000b3cb38080 0 0 0 0 1 2 1 42905 520
0x0000723b3d9d7100 0x0000000b3cb38100 0 1 0 0 1 2 1 42905 512
0x0000723b3d9d7180 0x0000000b3cb38180 0 1 0 0 1 2 1 42905 520
0x0000723b3d9d7200 0x0000000b3cb38200 0 0 1 0 1 2 1 42905 512
0x0000723b3d9d7280 0x0000000b3cb38280 0 0 1 0 1 2 1 42905 520
0x0000723b3d9d7300 0x0000000b3cb38300 0 1 1 0 1 2 1 42905 512
0x0000723b3d9d7380 0x0000000b3cb38380 0 1 1 0 1 2 1 42905 520
0x0000723b3d9d7400 0x0000000b3cb38400 0 0 0 0 1 2 1 42905 528
0x0000723b3d9d7480 0x0000000b3cb38480 0 0 0 0 1 2 1 42905 536
0x0000723b3d9d7500 0x0000000b3cb38500 0 1 0 0 1 2 1 42905 528
0x0000723b3d9d7580 0x0000000b3cb38580 0 1 0 0 1 2 1 42905 536
0x0000723b3d9d7600 0x0000000b3cb38600 0 0 1 0 1 2 1 42905 528
0x0000723b3d9d7680 0x0000000b3cb38680 0 0 1 0 1 2 1 42905 536
0x0000723b3d9d7700 0x0000000b3cb38700 0 1 1 0 1 2 1 42905 528
0x0000723b3d9d7780 0x0000000b3cb38780 0 1 1 0 1 2 1 42905 536
0x0000723b3d9d7800 0x0000000b3cb38800 0 0 0 0 1 2 1 42905 544
0x0000723b3d9d7880 0x0000000b3cb38880 0 0 0 0 1 2 1 42905 552
0x0000723b3d9d7900 0x0000000b3cb38900 0 1 0 0 1 2 1 42905 544
0x0000723b3d9d7980 0x0000000b3cb38980 0 1 0 0 1 2 1 42905 552
0x0000723b3d9d7a00 0x0000000b3cb38a00 0 0 1 0 1 2 1 42905 544
0x0000723b3d9d7a80 0x0000000b3cb38a80 0 0 1 0 1 2 1 42905 552
0x0000723b3d9d7b00 0x0000000b3cb38b00 0 1 1 0 1 2 1 42905 544
0x0000723b3d9d7b80 0x0000000b3cb38b80 0 1 1 0 1 2 1 42905 552
0x0000723b3d9d7c00 0x0000000b3cb38c00 0 0 0 0 1 2 1 42905 560
0x0000723b3d9d7c80 0x0000000b3cb38c80 0 0 0 0 1 2 1 42905 568
0x0000723b3d9d7d00 0x0000000b3cb38d00 0 1 0 0 1 2 1 42905 560
0x0000723b3d9d7d80 0x0000000b3cb38d80 0 1 0 0 1 2 1 42905 568
0x0000723b3d9d7e00 0x0000000b3cb38e00 0 0 1 0 1 2 1 42905 560
0x0000723b3d9d7e80 0x0000000b3cb38e80 0 0 1 0 1 2 1 42905 568
0x0000723b3d9d7f00 0x0000000b3cb38f00 0 1 1 0 1 2 1 42905 560
0x0000723b3d9d7f80 0x0000000b3cb38f80 0 1 1 0 1 2 1 42905 568
0x0000723b3d9d9000 0x0000000c843f2000 0 0 0 0 0 2 1 49287 640
0x0000723b3d9d9080 0x0000000c843f2080 0 0 0 0 0 2 1 49287 648
0x0000723b3d9d9100 0x0000000c843f2100 0 1 0 0 0 2 1 49287 640
0x0000723b3d9d9180 0x0000000c843f2180 0 1 0 0 0 2 1 49287 648
0x0000723b3d9d9200 0x0000000c843f2200 0 0 1 0 0 2 1 49287 640
0x0000723b3d9d9280 0x0000000c843f2280 0 0 1 0 0 2 1 49287 648
0x0000723b3d9d9300 0x0000000c843f2300 0 1 1 0 0 2 1 49287 640
0x0000723b3d9d9380 0x0000000c843f2380 0 1 1 0 0 2 1 49287 648
0x0000723b3d9d9400 0x0000000c843f2400 0 0 0 0 0 2 1 49287 656
0x0000723b3d9d9480 0x0000000c843f2480 0 0 0 0 0 2 1 49287 664
0x0000723b3d9d9500 0x0000000c843f2500 0 1 0 0 0 2 1 49287 656
0x0000723b3d9d9580 0x0000000c843f2580 0 1 0 0 0 2 1 49287 664
0x0000723b3d9d9600 0x0000000c843f2600 0 0 1 0 0 2 1 49287 656
0x0000723b3d9d9680 0x0000000c843f2680 0 0 1 0 0 2 1 49287 664
0x0000723b3d9d9700 0x0000000c843f2700 0 1 1 0 0 2 1 49287 656
0x0000723b3d9d9780 0x0000000c843f2780 0 1 1 0 0 2 1 49287 664
0x0000723b3d9d9800 0x0000000c843f2800 0 0 0 0 0 2 1 49287 672
0x0000723b3d9d9880 0x0000000c843f2880 0 0 0 0 0 2 1 49287 680
0x0000723b3d9d9900 0x0000000c843f2900 0 1 0 0 0 2 1 49287 672
0x0000723b3d9d9980 0x0000000c843f2980 0 1 0 0 0 2 1 49287 680
0x0000723b3d9d9a00 0x0000000c843f2a00 0 0 1 0 0 2 1 49287 672
0x0000723b3d9d9a80 0x0000000c843f2a80 0 0 1 0 0 2 1 49287 680
0x0000723b3d9d9b00 0x0000000c843f2b00 0 1 1 0 0 2 1 49287 672
0x0000723b3d9d9b80 0x0000000c843f2b80 0 1 1 0 0 2 1 49287 680
0x0000723b3d9d9c00 0x0000000c843f2c00 0 0 0 0 0 2 1 49287 688
0x0000723b3d9d9c80 0x0000000c843f2c80 0 0 0 0 0 2 1 49287 696
0x0000723b3d9d9d00 0x0000000c843f2d00 0 1 0 0 0 2 1 49287 688
0x0000723b3d9d9d80 0x0000000c843f2d80 0 1 0 0 0 2 1 49287 696
0x0000723b3d9d9e00 0x0000000c843f2e00 0 0 1 0 0 2 1 49287 688
0x0000723b3d9d9e80 0x0000000c843f2e80 0 0 1 0 0 2 1 49287 696
0x0000723b3d9d9f00 0x0000000c843f2f00 0 1 1 0 0 2 1 49287 688
0x0000723b3d9d9f80 0x0000000c843f2f80 0 1 1 0 0 2 1 49287 696
0x0000723b3d9f0000 0x0000000665b22000 0 0 0 0 0 2 1 23737 128
0x0000723b3d9f0080 0x0000000665b22080 0 0 0 0 0 2 1 23737 136
0x0000723b3d9f0100 0x0000000665b22100 0 1 0 0 0 2 1 23737 128
0x0000723b3d9f0180 0x0000000665b22180 0 1 0 0 0 2 1 23737 136
0x0000723b3d9f0200 0x0000000665b22200 0 0 1 0 0 2 1 23737 128
0x0000723b3d9f0280 0x0000000665b22280 0 0 1 0 0 2 1 23737 136
0x0000723b3d9f0300 0x0000000665b22300 0 1 1 0 0 2 1 23737 128
0x0000723b3d9f0380 0x0000000665b22380 0 1 1 0 0 2 1 23737 136
0x0000723b3d9f0400 0x0000000665b22400 0 0 0 0 0 2 1 23737 144
0x0000723b3d9f0480 0x0000000665b22480 0 0 0 0 0 2 1 23737 152
0x0000723b3d9f0500 0x0000000665b22500 0 1 0 0 0 2 1 23737 144
0x0000723b3d9f0580 0x0000000665b22580 0 1 0 0 0 2 1 23737 152
0x0000723b3d9f0600 0x0000000665b22600 0 0 1 0 0 2 1 23737 144
0x0000723b3d9f0680 0x0000000665b22680 0 0 1 0 0 2 1 23737 152
0x0000723b3d9f0700 0x0000000665b22700 0 1 1 0 0 2 1 23737 144
0x0000723b3d9f0780 0x0000000665b22780 0 1 1 0 0 2 1 23737 152
0x0000723b3d9f0800 0x0000000665b22800 0 0 0 0 0 2 1 23737 160
0x0000723b3d9f0880 0x0000000665b22880 0 0 0 0 0 2 1 23737 168
0x0000723b3d9f0900 0x0000000665b22900 0 1 0 0 0 2 1 23737 160
0x0000723b3d9f0980 0x0000000665b22980 0 1 0 0 0 2 1 23737 168
0x0000723b3d9f0a00 0x0000000665b22a00 0 0 1 0 0 2 1 23737 160
0x0000723b3d9f0a80 0x0000000665b22a80 0 0 1 0 0 2 1 23737 168
0x0000723b3d9f0b00 0x0000000665b22b00 0 1 1 0 0 2 1 23737 160
0x0000723b3d9f0b80 0x0000000665b22b80 0 1 1 0 0 2 1 23737 168
0x0000723b3d9f0c00 0x0000000665b22c00 0 0 0 0 0 2 1 23737 176
0x0000723b3d9f0c80 0x0000000665b22c80 0 0 0 0 0 2 1 23737 184
0x0000723b3d9f0d00 0x0000000665b22d00 0 1 0 0 0 2 1 23737 176
0x0000723b3d9f0d80 0x0000000665b22d80 0 1 0 0 0 2 1 23737 184
0x0000723b3d9f0e00 0x0000000665b22e00 0 0 1 0 0 2 1 23737 176
0x0000723b3d9f0e80 0x0000000665b22e80 0 0 1 0 0 2 1 23737 184
0x0000723b3d9f0f00 0x0000000665b22f00 0 1 1 0 0 2 1 23737 176
0x0000723b3d9f0f80 0x0000000665b22f80 0 1 1 0 0 2 1 23737 184
0x0000723b3d9f3000 0x00000008373db000 0 0 0 0 1 2 1 30454 704
0x0000723b3d9f3080 0x00000008373db080 0 0 0 0 1 2 1 30454 712
0x0000723b3d9f3100 0x00000008373db100 0 1 0 0 1 2 1 30454 704
0x0000723b3d9f3180 0x00000008373db180 0 1 0 0 1 2 1 30454 712
0x0000723b3d9f3200 0x00000008373db200 0 0 1 0 1 2 1 30454 704
0x0000723b3d9f3280 0x00000008373db280 0 0 1 0 1 2 1 30454 712
0x0000723b3d9f3300 0x00000008373db300 0 1 1 0 1 2 1 30454 704
0x0000723b3d9f3380 0x00000008373db380 0 1 1 0 1 2 1 30454 712
0x0000723b3d9f3400 0x00000008373db400 0 0 0 0 1 2 1 30454 720
0x0000723b3d9f3480 0x00000008373db480 0 0 0 0 1 2 1 30454 728
0x0000723b3d9f3500 0x00000008373db500 0 1 0 0 1 2 1 30454 720
0x0000723b3d9f3580 0x00000008373db580 0 1 0 0 1 2 1 30454 728
0x0000723b3d9f3600 0x00000008373db600 0 0 1 0 1 2 1 30454 720
0x0000723b3d9f3680 0x00000008373db680 0 0 1 0 1 2 1 30454 728
0x0000723b3d9f3700 0x00000008373db700 0 1 1 0 1 2 1 30454 720
0x0000723b3d9f3780 0x00000008373db780 0 1 1 0 1 2 1 30454 728
0x0000723b3d9f3800 0x00000008373db800 0 0 0 0 1 2 1 30454 736
0x0000723b3d9f3880 0x00000008373db880 0 0 0 0 1 2 1 30454 744
0x0000723b3d9f3900 0x00000008373db900 0 1 0 0 1 2 1 30454 736
0x0000723b3d9f3980 0x00000008373db980 0 1 0 0 1 2 1 30454 744
0x0000723b3d9f3a00 0x00000008373dba00 0 0 1 0 1 2 1 30454 736
0x0000723b3d9f3a80 0x00000008373dba80 0 0 1 0 1 2 1 30454 744
0x0000723b3d9f3b00 0x00000008373dbb00 0 1 1 0 1 2 1 30454 736
0x0000723b3d9f3b80 0x00000008373dbb80 0 1 1 0 1 2 1 30454 744
0x0000723b3d9f3c00 0x00000008373dbc00 0 0 0 0 1 2 1 30454 752
0x0000723b3d9f3c80 0x00000008373dbc80 0 0 0 0 1 2 1 30454 760
0x0000723b3d9f3d00 0x00000008373dbd00 0 1 0 0 1 2 1 30454 752
0x0000723b3d9f3d80 0x00000008373dbd80 0 1 0 0 1 2 1 30454 760
0x0000723b3d9f3e00 0x00000008373dbe00 0 0 1 0 1 2 1 30454 752
0x0000723b3d9f3e80 0x00000008373dbe80 0 0 1 0 1 2 1 30454 760
0x0000723b3d9f3f00 0x00000008373dbf00 0 1 1 0 1 2 1 30454 752
0x0000723b3d9f3f80 0x00000008373dbf80 0 1 1 0 1 2 1 30454 760
0x0000723b3d9f7000 0x000000072fb15000 0 0 0 0 0 2 1 26104 832
0x0000723b3d9f7080 0x000000072fb15080 0 0 0 0 0 2 1 26104 840
0x0000723b3d9f7100 0x000000072fb15100 0 1 0 0 0 2 1 26104 832
0x0000723b3d9f7180 0x000000072fb15180 0 1 0 0 0 2 1 26104 840
0x0000723b3d9f7200 0x000000072fb15200 0 0 1 0 0 2 1 26104 832
0x0000723b3d9f7280 0x000000072fb15280 0 0 1 0 0 2 1 26104 840
0x0000723b3d9f7300 0x000000072fb15300 0 1 1 0 0 2 1 26104 832
0x0000723b3d9f7380 0x000000072fb15380 0 1 1 0 0 2 1 26104 840
0x0000723b3d9f7400 0x000000072fb15400 0 0 0 0 0 2 1 26104 848
0x0000723b3d9f7480 0x000000072fb15480 0 0 0 0 0 2 1 26104 856
0x0000723b3d9f7500 0x000000072fb15500 0 1 0 0 0 2 1 26104 848
0x0000723b3d9f7580 0x000000072fb15580 0 1 0 0 0 2 1 26104 856
0x0000723b3d9f7600 0x000000072fb15600 0 0 1 0 0 2 1 26104 848
0x0000723b3d9f7680 0x000000072fb15680 0 0 1 0 0 2 1 26104 856
0x0000723b3d9f7700 0x000000072fb15700 0 1 1 0 0 2 1 26104 848
0x0000723b3d9f7780 0x000000072fb15780 0 1 1 0 0 2 1 26104 856
0x0000723b3d9f7800 0x000000072fb15800 0 0 0 0 0 2 1 26104 864
0x0000723b3d9f7880 0x000000072fb15880 0 0 0 0 0 2 1 26104 872
0x0000723b3d9f7900 0x000000072fb15900 0 1 0 0 0 2 1 26104 864
0x0000723b3d9f7980 0x000000072fb15980 0 1 0 0 0 2 1 26104 872
0x0000723b3d9f7a00 0x000000072fb15a00 0 0 1 0 0 2 1 26104 864
0x0000723b3d9f7a80 0x000000072fb15a80 0 0 1 0 0 2 1 26104 872
0x0000723b3d9f7b00 0x000000072fb15b00 0 1 1 0 0 2 1 26104 864
0x0000723b3d9f7b80 0x000000072fb15b80 0 1 1 0 0 2 1 26104 872
0x0000723b3d9f7c00 0x000000072fb15c00 0 0 0 0 0 2 1 26104 880
0x0000723b3d9f7c80 0x000000072fb15c80 0 0 0 0 0 2 1 26104 888
0x0000723b3d9f7d00 0x000000072fb15d00 0 1 0 0 0 2 1 26104 880
0x0000723b3d9f7d80 0x000000072fb15d80 0 1 0 0 0 2 1 26104 888
0x0000723b3d9f7e00 0x000000072fb15e00 0 0 1 0 0 2 1 26104 880
0x0000723b3d9f7e80 0x000000072fb15e80 0 0 1 0 0 2 1 26104 888
0x0000723b3d9f7f00 0x000000072fb15f00 0 1 1 0 0 2 1 26104 880
0x0000723b3d9f7f80 0x000000072fb15f80 0 1 1 0 0 2 1 26104 888
0x0000723b3d9fd000 0x0000000ce9b9d000 0 0 0 0 1 2 1 52524 832
0x0000723b3d9fd080 0x0000000ce9b9d080 0 0 0 0 1 2 1 52524 840
0x0000723b3d9fd100 0x0000000ce9b9d100 0 1 0 0 1 2 1 52524 832
0x0000723b3d9fd180 0x0000000ce9b9d180 0 1 0 0 1 2 1 52524 840
0x0000723b3d9fd200 0x0000000ce9b9d200 0 0 1 0 1 2 1 52524 832
0x0000723b3d9fd280 0x0000000ce9b9d280 0 0 1 0 1 2 1 52524 840
0x0000723b3d9fd300 0x0000000ce9b9d300 0 1 1 0 1 2 1 52524 832
0x0000723b3d9fd380 0x0000000ce9b9d380 0 1 1 0 1 2 1 52524 840
0x0000723b3d9fd400 0x0000000ce9b9d400 0 0 0 0 1 2 1 52524 848
0x0000723b3d9fd480 0x0000000ce9b9d480 0 0 0 0 1 2 1 52524 856
0x0000723b3d9fd500 0x0000000ce9b9d500 0 1 0 0 1 2 1 52524 848
0x0000723b3d9fd580 0x0000000ce9b9d580 0 1 0 0 1 2 1 52524 856
0x0000723b3d9fd600 0x0000000ce9b9d600 0 0 1 0 1 2 1 52524 848
0x0000723b3d9fd680 0x0000000ce9b9d680 0 0 1 0 1 2 1 52524 856
0x0000723b3d9fd700 0x0000000ce9b9d700 0 1 1 0 1 2 1 52524 848
0x0000723b3d9fd780 0x0000000ce9b9d780 0 1 1 0 1 2 1 52524 856
0x0000723b3d9fd800 0x0000000ce9b9d800 0 0 0 0 1 2 1 52524 864
0x0000723b3d9fd880 0x0000000ce9b9d880 0 0 0 0 1 2 1 52524 872
0x0000723b3d9fd900 0x0000000ce9b9d900 0 1 0 0 1 2 1 52524 864
0x0000723b3d9fd980 0x0000000ce9b9d980 0 1 0 0 1 2 1 52524 872
0x0000723b3d9fda00 0x0000000ce9b9da00 0 0 1 0 1 2 1 52524 864
0x0000723b3d9fda80 0x0000000ce9b9da80 0 0 1 0 1 2 1 52524 872
0x0000723b3d9fdb00 0x0000000ce9b9db00 0 1 1 0 1 2 1 52524 864
0x0000723b3d9fdb80 0x0000000ce9b9db80 0 1 1 0 1 2 1 52524 872
0x0000723b3d9fdc00 0x0000000ce9b9dc00 0 0 0 0 1 2 1 52524 880
0x0000723b3d9fdc80 0x0000000ce9b9dc80 0 0 0 0 1 2 1 52524 888
0x0000723b3d9fdd00 0x0000000ce9b9dd00 0 1 0 0 1 2 1 52524 880
0x0000723b3d9fdd80 0x0000000ce9b9dd80 0 1 0 0 1 2 1 52524 888
0x0000723b3d9fde00 0x0000000ce9b9de00 0 0 1 0 1 2 1 52524 880
0x0000723b3d9fde80 0x0000000ce9b9de80 0 0 1 0 1 2 1 52524 888
0x0000723b3d9fdf00 0x0000000ce9b9df00 0 1 1 0 1 2 1 52524 880
0x0000723b3d9fdf80 0x0000000ce9b9df80 0 1 1 0 1 2 1 52524 888
0x0000723b3da00000 0x0000000ce9b9f000 0 0 0 0 1 2 1 52524 960
0x0000723b3da00080 0x0000000ce9b9f080 0 0 0 0 1 2 1 52524 968
0x0000723b3da00100 0x0000000ce9b9f100 0 1 0 0 1 2 1 52524 960
0x0000723b3da00180 0x0000000ce9b9f180 0 1 0 0 1 2 1 52524 968
0x0000723b3da00200 0x0000000ce9b9f200 0 0 1 0 1 2 1 52524 960
0x0000723b3da00280 0x0000000ce9b9f280 0 0 1 0 1 2 1 52524 968
0x0000723b3da00300 0x0000000ce9b9f300 0 1 1 0 1 2 1 52524 960
0x0000723b3da00380 0x0000000ce9b9f380 0 1 1 0 1 2 1 52524 968
0x0000723b3da00400 0x0000000ce9b9f400 0 0 0 0 1 2 1 52524 976
0x0000723b3da00480 0x0000000ce9b9f480 0 0 0 0 1 2 1 52524 984
0x0000723b3da00500 0x0000000ce9b9f500 0 1 0 0 1 2 1 52524 976
0x0000723b3da00580 0x0000000ce9b9f580 0 1 0 0 1 2 1 52524 984
0x0000723b3da00600 0x0000000ce9b9f600 0 0 1 0 1 2 1 52524 976
0x0000723b3da00680 0x0000000ce9b9f680 0 0 1 0 1 2 1 52524 984
0x0000723b3da00700 0x0000000ce9b9f700 0 1 1 0 1 2 1 52524 976
0x0000723b3da00780 0x0000000ce9b9f780 0 1 1 0 1 2 1 52524 984
0x0000723b3da00800 0x0000000ce9b9f800 0 0 0 0 1 2 1 52524 992
0x0000723b3da00880 0x0000000ce9b9f880 0 0 0 0 1 2 1 52524 1000
0x0000723b3da00900 0x0000000ce9b9f900 0 1 0 0 1 2 1 52524 992
0x0000723b3da00980 0x0000000ce9b9f980 0 1 0 0 1 2 1 52524 1000
0x0000723b3da00a00 0x0000000ce9b9fa00 0 0 1 0 1 2 1 52524 992
0x0000723b3da00a80 0x0000000ce9b9fa80 0 0 1 0 1 2 1 52524 1000
0x0000723b3da00b00 0x0000000ce9b9fb00 0 1 1 0 1 2 1 52524 992
0x0000723b3da00b80 0x0000000ce9b9fb80 0 1 1 0 1 2 1 52524 1000
0x0000723b3da00c00 0x0000000ce9b9fc00 0 0 0 0 1 2 1 52524 1008
0x0000723b3da00c80 0x0000000ce9b9fc80 0 0 0 0 1 2 1 52524 1016
0x0000723b3da00d00 0x0000000ce9b9fd00 0 1 0 0 1 2 1 52524 1008
0x0000723b3da00d80 0x0000000ce9b9fd80 0 1 0 0 1 2 1 52524 1016
0x0000723b3da00e00 0x0000000ce9b9fe00 0 0 1 0 1 2 1 52524 1008
0x0000723b3da00e80 0x0000000ce9b9fe80 0 0 1 0 1 2 1 52524 1016
0x0000723b3da00f00 0x0000000ce9b9ff00 0 1 1 0 1 2 1 52524 1008
0x0000723b3da00f80 0x0000000ce9b9ff80 0 1 1 0 1 2 1 52524 1016
0x0000723b3da02000 0x0000000bb0bf9000 0 0 0 0 1 2 1 46607 576
0x0000723b3da02080 0x0000000bb0bf9080 0 0 0 0 1 2 1 46607 584
0x0000723b3da02100 0x0000000bb0bf9100 0 1 0 0 1 2 1 46607 576
0x0000723b3da02180 0x0000000bb0bf9180 0 1 0 0 1 2 1 46607 584
0x0000723b3da02200 0x0000000bb0bf9200 0 0 1 0 1 2 1 46607 576
0x0000723b3da02280 0x0000000bb0bf9280 0 0 1 0 1 2 1 46607 584
0x0000723b3da02300 0x0000000bb0bf9300 0 1 1 0 1 2 1 46607 576
0x0000723b3da02380 0x0000000bb0bf9380 0 1 1 0 1 2 1 46607 584
0x0000723b3da02400 0x0000000bb0bf9400 0 0 0 0 1 2 1 46607 592
0x0000723b3da02480 0x0000000bb0bf9480 0 0 0 0 1 2 1 46607 600
0x0000723b3da02500 0x0000000bb0bf9500 0 1 0 0 1 2 1 46607 592
0x0000723b3da02580 0x0000000bb0bf9580 0 1 0 0 1 2 1 46607 600
0x0000723b3da02600 0x0000000bb0bf9600 0 0 1 0 1 2 1 46607 592
0x0000723b3da02680 0x0000000bb0bf9680 0 0 1 0 1 2 1 46607 600
0x0000723b3da02700 0x0000000bb0bf9700 0 1 1 0 1 2 1 46607 592
0x0000723b3da02780 0x0000000bb0bf9780 0 1 1 0 1 2 1 46607 600
0x0000723b3da02800 0x0000000bb0bf9800 0 0 0 0 1 2 1 46607 608
0x0000723b3da02880 0x0000000bb0bf9880 0 0 0 0 1 2 1 46607 616
0x0000723b3da02900 0x0000000bb0bf9900 0 1 0 0 1 2 1 46607 608
0x0000723b3da02980 0x0000000bb0bf9980 0 1 0 0 1 2 1 46607 616
0x0000723b3da02a00 0x0000000bb0bf9a00 0 0 1 0 1 2 1 46607 608
0x0000723b3da02a80 0x0000000bb0bf9a80 0 0 1 0 1 2 1 46607 616
0x0000723b3da02b00 0x0000000bb0bf9b00 0 1 1 0 1 2 1 46607 608
0x0000723b3da02b80 0x0000000bb0bf9b80 0 1 1 0 1 2 1 46607 616
0x0000723b3da02c00 0x0000000bb0bf9c00 0 0 0 0 1 2 1 46607 624
0x0000723b3da02c80 0x0000000bb0bf9c80 0 0 0 0 1 2 1 46607 632
0x0000723b3da02d00 0x0000000bb0bf9d00 0 1 0 0 1 2 1 46607 624
0x0000723b3da02d80 0x0000000bb0bf9d80 0 1 0 0 1 2 1 46607 632
0x0000723b3da02e00 0x0000000bb0bf9e00 0 0 1 0 1 2 1 46607 624
0x0000723b3da02e80 0x0000000bb0bf9e80 0 0 1 0 1 2 1 46607 632
0x0000723b3da02f00 0x0000000bb0bf9f00 0 1 1 0 1 2 1 46607 624
0x0000723b3da02f80 0x0000000bb0bf9f80 0 1 1 0 1 2 1 46607 632
0x0000723b3da06000 0x0000000c50b37000 0 0 0 0 0 2 1 47641 960
0x0000723b3da06080 0x0000000c50b37080 0 0 0 0 0 2 1 47641 968
0x0000723b3da06100 0x0000000c50b37100 0 1 0 0 0 2 1 47641 960
0x0000723b3da06180 0x0000000c50b37180 0 1 0 0 0 2 1 47641 968
0x0000723b3da06200 0x0000000c50b37200 0 0 1 0 0 2 1 47641 960
0x0000723b3da06280 0x0000000c50b37280 0 0 1 0 0 2 1 47641 968
0x0000723b3da06300 0x0000000c50b37300 0 1 1 0 0 2 1 47641 960
0x0000723b3da06380 0x0000000c50b37380 0 1 1 0 0 2 1 47641 968
0x0000723b3da06400 0x0000000c50b37400 0 0 0 0 0 2 1 47641 976
0x0000723b3da06480 0x0000000c50b37480 0 0 0 0 0 2 1 47641 984
0x0000723b3da06500 0x0000000c50b37500 0 1 0 0 0 2 1 47641 976
0x0000723b3da06580 0x0000000c50b37580 0 1 0 0 0 2 1 47641 984
0x0000723b3da06600 0x0000000c50b37600 0 0 1 0 0 2 1 47641 976
0x0000723b3da06680 0x0000000c50b37680 0 0 1 0 0 2 1 47641 984
0x0000723b3da06700 0x0000000c50b37700 0 1 1 0 0 2 1 47641 976
0x0000723b3da06780 0x0000000c50b37780 0 1 1 0 0 2 1 47641 984
0x0000723b3da06800 0x0000000c50b37800 0 0 0 0 0 2 1 47641 992
0x0000723b3da06880 0x0000000c50b37880 0 0 0 0 0 2 1 47641 1000
0x0000723b3da06900 0x0000000c50b37900 0 1 0 0 0 2 1 47641 992
0x0000723b3da06980 0x0000000c50b37980 0 1 0 0 0 2 1 47641 1000
0x0000723b3da06a00 0x0000000c50b37a00 0 0 1 0 0 2 1 47641 992
0x0000723b3da06a80 0x0000000c50b37a80 0 0 1 0 0 2 1 47641 1000
0x0000723b3da06b00 0x0000000c50b37b00 0 1 1 0 0 2 1 47641 992
0x0000723b3da06b80 0x0000000c50b37b80 0 1 1 0 0 2 1 47641 1000
0x0000723b3da06c00 0x0000000c50b37c00 0 0 0 0 0 2 1 47641 1008
0x0000723b3da06c80 0x0000000c50b37c80 0 0 0 0 0 2 1 47641 1016
0x0000723b3da06d00 0x0000000c50b37d00 0 1 0 0 0 2 1 47641 1008
0x0000723b3da06d80 0x0000000c50b37d80 0 1 0 0 0 2 1 47641 1016
0x0000723b3da06e00 0x0000000c50b37e00 0 0 1 0 0 2 1 47641 1008
0x0000723b3da06e80 0x0000000c50b37e80 0 0 1 0 0 2 1 47641 1016
0x0000723b3da06f00 0x0000000c50b37f00 0 1 1 0 0 2 1 47641 1008
0x0000723b3da06f80 0x0000000c50b37f80 0 1 1 0 0 2 1 47641 1016
0x0000723b3da0f000 0x0000000665b23000 0 0 0 0 0 2 1 23737 192
0x0000723b3da0f080 0x0000000665b23080 0 0 0 0 0 2 1 23737 200
0x0000723b3da0f100 0x0000000665b23100 0 1 0 0 0 2 1 23737 192
0x0000723b3da0f180 0x0000000665b23180 0 1 0 0 0 2 1 23737 200
0x0000723b3da0f200 0x0000000665b23200 0 0 1 0 0 2 1 23737 192
0x0000723b3da0f280 0x0000000665b23280 0 0 1 0 0 2 1 23737 200
0x0000723b3da0f300 0x0000000665b23300 0 1 1 0 0 2 1 23737 192
0x0000723b3da0f380 0x0000000665b23380 0 1 1 0 0 2 1 23737 200
0x0000723b3da0f400 0x0000000665b23400 0 0 0 0 0 2 1 23737 208
0x0000723b3da0f480 0x0000000665b23480 0 0 0 0 0 2 1 23737 216
0x0000723b3da0f500 0x0000000665b23500 0 1 0 0 0 2 1 23737 208
0x0000723b3da0f580 0x0000000665b23580 0 1 0 0 0 2 1 23737 216
0x0000723b3da0f600 0x0000000665b23600 0 0 1 0 0 2 1 23737 208
0x0000723b3da0f680 0x0000000665b23680 0 0 1 0 0 2 1 23737 216
0x0000723b3da0f700 0x0000000665b23700 0 1 1 0 0 2 1 23737 208
0x0000723b3da0f780 0x0000000665b23780 0 1 1 0 0 2 1 23737 216
0x0000723b3da0f800 0x0000000665b23800 0 0 0 0 0 2 1 23737 224
0x0000723b3da0f880 0x0000000665b23880 0 0 0 0 0 2 1 23737 232
0x0000723b3da0f900 0x0000000665b23900 0 1 0 0 0 2 1 23737 224
0x0000723b3da0f980 0x0000000665b23980 0 1 0 0 0 2 1 23737 232
0x0000723b3da0fa00 0x0000000665b23a00 0 0 1 0 0 2 1 23737 224
0x0000723b3da0fa80 0x0000000665b23a80 0 0 1 0 0 2 1 23737 232
0x0000723b3da0fb00 0x0000000665b23b00 0 1 1 0 0 2 1 23737 224
0x0000723b3da0fb80 0x0000000665b23b80 0 1 1 0 0 2 1 23737 232
0x0000723b3da0fc00 0x0000000665b23c00 0 0 0 0 0 2 1 23737 240
0x0000723b3da0fc80 0x0000000665b23c80 0 0 0 0 0 2 1 23737 248
0x0000723b3da0fd00 0x0000000665b23d00 0 1 0 0 0 2 1 23737 240
0x0000723b3da0fd80 0x0000000665b23d80 0 1 0 0 0 2 1 23737 248
0x0000723b3da0fe00 0x0000000665b23e00 0 0 1 0 0 2 1 23737 240
0x0000723b3da0fe80 0x0000000665b23e80 0 0 1 0 0 2 1 23737 248
0x0000723b3da0ff00 0x0000000665b23f00 0 1 1 0 0 2 1 23737 240
0x0000723b3da0ff80 0x0000000665b23f80 0 1 1 0 0 2 1 23737 248
0x0000723b3da12000 0x0000000d1dba5000 0 0 0 0 0 2 1 50109 320
0x0000723b3da12080 0x0000000d1dba5080 0 0 0 0 0 2 1 50109 328
0x0000723b3da12100 0x0000000d1dba5100 0 1 0 0 0 2 1 50109 320
0x0000723b3da12180 0x0000000d1dba5180 0 1 0 0 0 2 1 50109 328
0x0000723b3da12200 0x0000000d1dba5200 0 0 1 0 0 2 1 50109 320
0x0000723b3da12280 0x0000000d1dba5280 0 0 1 0 0 2 1 50109 328
0x0000723b3da12300 0x0000000d1dba5300 0 1 1 0 0 2 1 50109 320
0x0000723b3da12380 0x0000000d1dba5380 0 1 1 0 0 2 1 50109 328
0x0000723b3da12400 0x0000000d1dba5400 0 0 0 0 0 2 1 50109 336
0x0000723b3da12480 0x0000000d1dba5480 0 0 0 0 0 2 1 50109 344
0x0000723b3da12500 0x0000000d1dba5500 0 1 0 0 0 2 1 50109 336
0x0000723b3da12580 0x0000000d1dba5580 0 1 0 0 0 2 1 50109 344
0x0000723b3da12600 0x0000000d1dba5600 0 0 1 0 0 2 1 50109 336
0x0000723b3da12680 0x0000000d1dba5680 0 0 1 0 0 2 1 50109 344
0x0000723b3da12700 0x0000000d1dba5700 0 1 1 0 0 2 1 50109 336
0x0000723b3da12780 0x0000000d1dba5780 0 1 1 0 0 2 1 50109 344
0x0000723b3da12800 0x0000000d1dba5800 0 0 0 0 0 2 1 50109 352
0x0000723b3da12880 0x0000000d1dba5880 0 0 0 0 0 2 1 50109 360
0x0000723b3da12900 0x0000000d1dba5900 0 1 0 0 0 2 1 50109 352
0x0000723b3da12980 0x0000000d1dba5980 0 1 0 0 0 2 1 50109 360
0x0000723b3da12a00 0x0000000d1dba5a00 0 0 1 0 0 2 1 50109 352
0x0000723b3da12a80 0x0000000d1dba5a80 0 0 1 0 0 2 1 50109 360
0x0000723b3da12b00 0x0000000d1dba5b00 0 1 1 0 0 2 1 50109 352
0x0000723b3da12b80 0x0000000d1dba5b80 0 1 1 0 0 2 1 50109 360
0x0000723b3da12c00 0x0000000d1dba5c00 0 0 0 0 0 2 1 50109 368
0x0000723b3da12c80 0x0000000d1dba5c80 0 0 0 0 0 2 1 50109 376
0x0000723b3da12d00 0x0000000d1dba5d00 0 1 0 0 0 2 1 50109 368
0x0000723b3da12d80 0x0000000d1dba5d80 0 1 0 0 0 2 1 50109 376
0x0000723b3da12e00 0x0000000d1dba5e00 0 0 1 0 0 2 1 50109 368
0x0000723b3da12e80 0x0000000d1dba5e80 0 0 1 0 0 2 1 50109 376
0x0000723b3da12f00 0x0000000d1dba5f00 0 1 1 0 0 2 1 50109 368
0x0000723b3da12f80 0x0000000d1dba5f80 0 1 1 0 0 2 1 50109 376
0x0000723b3da1a000 0x0000000c50b36000 0 0 0 0 0 2 1 47641 896
0x0000723b3da1a080 0x0000000c50b36080 0 0 0 0 0 2 1 47641 904
0x0000723b3da1a100 0x0000000c50b36100 0 1 0 0 0 2 1 47641 896
0x0000723b3da1a180 0x0000000c50b36180 0 1 0 0 0 2 1 47641 904
0x0000723b3da1a200 0x0000000c50b36200 0 0 1 0 0 2 1 47641 896
0x0000723b3da1a280 0x0000000c50b36280 0 0 1 0 0 2 1 47641 904
0x0000723b3da1a300 0x0000000c50b36300 0 1 1 0 0 2 1 47641 896
0x0000723b3da1a380 0x0000000c50b36380 0 1 1 0 0 2 1 47641 904
0x0000723b3da1a400 0x0000000c50b36400 0 0 0 0 0 2 1 47641 912
0x0000723b3da1a480 0x0000000c50b36480 0 0 0 0 0 2 1 47641 920
0x0000723b3da1a500 0x0000000c50b36500 0 1 0 0 0 2 1 47641 912
0x0000723b3da1a580 0x0000000c50b36580 0 1 0 0 0 2 1 47641 920
0x0000723b3da1a600 0x0000000c50b36600 0 0 1 0 0 2 1 47641 912
0x0000723b3da1a680 0x0000000c50b36680 0 0 1 0 0 2 1 47641 920
0x0000723b3da1a700 0x0000000c50b36700 0 1 1 0 0 2 1 47641 912
0x0000723b3da1a780 0x0000000c50b36780 0 1 1 0 0 2 1 47641 920
0x0000723b3da1a800 0x0000000c50b36800 0 0 0 0 0 2 1 47641 928
0x0000723b3da1a880 0x0000000c50b36880 0 0 0 0 0 2 1 47641 936
0x0000723b3da1a900 0x0000000c50b36900 0 1 0 0 0 2 1 47641 928
0x0000723b3da1a980 0x0000000c50b36980 0 1 0 0 0 2 1 47641 936
0x0000723b3da1aa00 0x0000000c50b36a00 0 0 1 0 0 2 1 47641 928
0x0000723b3da1aa80 0x0000000c50b36a80 0 0 1 0 0 2 1 47641 936
0x0000723b3da1ab00 0x0000000c50b36b00 0 1 1 0 0 2 1 47641 928
0x0000723b3da1ab80 0x0000000c50b36b80 0 1 1 0 0 2 1 47641 936
0x0000723b3da1ac00 0x0000000c50b36c00 0 0 0 0 0 2 1 47641 944
0x0000723b3da1ac80 0x0000000c50b36c80 0 0 0 0 0 2 1 47641 952
0x0000723b3da1ad00 0x0000000c50b36d00 0 1 0 0 0 2 1 47641 944
0x0000723b3da1ad80 0x0000000c50b36d80 0 1 0 0 0 2 1 47641 952
0x0000723b3da1ae00 0x0000000c50b36e00 0 0 1 0 0 2 1 47641 944
0x0000723b3da1ae80 0x0000000c50b36e80 0 0 1 0 0 2 1 47641 952
0x0000723b3da1af00 0x0000000c50b36f00 0 1 1 0 0 2 1 47641 944
0x0000723b3da1af80 0x0000000c50b36f80 0 1 1 0 0 2 1 47641 952
0x0000723b3da20000 0x0000000bb3383000 0 0 0 0 0 2 1 46692 192
0x0000723b3da20080 0x0000000bb3383080 0 0 0 0 0 2 1 46692 200
0x0000723b3da20100 0x0000000bb3383100 0 1 0 0 0 2 1 46692 192
0x0000723b3da20180 0x0000000bb3383180 0 1 0 0 0 2 1 46692 200
0x0000723b3da20200 0x0000000bb3383200 0 0 1 0 0 2 1 46692 192
0x0000723b3da20280 0x0000000bb3383280 0 0 1 0 0 2 1 46692 200
0x0000723b3da20300 0x0000000bb3383300 0 1 1 0 0 2 1 46692 192
0x0000723b3da20380 0x0000000bb3383380 0 1 1 0 0 2 1 46692 200
0x0000723b3da20400 0x0000000bb3383400 0 0 0 0 0 2 1 46692 208
0x0000723b3da20480 0x0000000bb3383480 0 0 0 0 0 2 1 46692 216
0x0000723b3da20500 0x0000000bb3383500 0 1 0 0 0 2 1 46692 208
0x0000723b3da20580 0x0000000bb3383580 0 1 0 0 0 2 1 46692 216
0x0000723b3da20600 0x0000000bb3383600 0 0 1 0 0 2 1 46692 208
0x0000723b3da20680 0x0000000bb3383680 0 0 1 0 0 2 1 46692 216
0x0000723b3da20700 0x0000000bb3383700 0 1 1 0 0 2 1 46692 208
0x0000723b3da20780 0x0000000bb3383780 0 1 1 0 0 2 1 46692 216
0x0000723b3da20800 0x0000000bb3383800 0 0 0 0 0 2 1 46692 224
0x0000723b3da20880 0x0000000bb3383880 0 0 0 0 0 2 1 46692 232
0x0000723b3da20900 0x0000000bb3383900 0 1 0 0 0 2 1 46692 224
0x0000723b3da20980 0x0000000bb3383980 0 1 0 0 0 2 1 46692 232
0x0000723b3da20a00 0x0000000bb3383a00 0 0 1 0 0 2 1 46692 224
0x0000723b3da20a80 0x0000000bb3383a80 0 0 1 0 0 2 1 46692 232
0x0000723b3da20b00 0x0000000bb3383b00 0 1 1 0 0 2 1 46692 224
0x0000723b3da20b80 0x0000000bb3383b80 0 1 1 0 0 2 1 46692 232
0x0000723b3da20c00 0x0000000bb3383c00 0 0 0 0 0 2 1 46692 240
0x0000723b3da20c80 0x0000000bb3383c80 0 0 0 0 0 2 1 46692 248
0x0000723b3da20d00 0x0000000bb3383d00 0 1 0 0 0 2 1 46692 240
0x0000723b3da20d80 0x0000000bb3383d80 0 1 0 0 0 2 1 46692 248
0x0000723b3da20e00 0x0000000bb3383e00 0 0 1 0 0 2 1 46692 240
0x0000723b3da20e80 0x0000000bb3383e80 0 0 1 0 0 2 1 46692 248
0x0000723b3da20f00 0x0000000bb3383f00 0 1 1 0 0 2 1 46692 240
0x0000723b3da20f80 0x0000000bb3383f80 0 1 1 0 0 2 1 46692 248
0x0000723b3da22000 0x0000000e17373000 0 0 0 0 0 2 1 54003 704
0x0000723b3da22080 0x0000000e17373080 0 0 0 0 0 2 1 54003 712
0x0000723b3da22100 0x0000000e17373100 0 1 0 0 0 2 1 54003 704
0x0000723b3da22180 0x0000000e17373180 0 1 0 0 0 2 1 54003 712
0x0000723b3da22200 0x0000000e17373200 0 0 1 0 0 2 1 54003 704
0x0000723b3da22280 0x0000000e17373280 0 0 1 0 0 2 1 54003 712
0x0000723b3da22300 0x0000000e17373300 0 1 1 0 0 2 1 54003 704
0x0000723b3da22380 0x0000000e17373380 0 1 1 0 0 2 1 54003 712
0x0000723b3da22400 0x0000000e17373400 0 0 0 0 0 2 1 54003 720
0x0000723b3da22480 0x0000000e17373480 0 0 0 0 0 2 1 54003 728
0x0000723b3da22500 0x0000000e17373500 0 1 0 0 0 2 1 54003 720
0x0000723b3da22580 0x0000000e17373580 0 1 0 0 0 2 1 54003 728
0x0000723b3da22600 0x0000000e17373600 0 0 1 0 0 2 1 54003 720
0x0000723b3da22680 0x0000000e17373680 0 0 1 0 0 2 1 54003 728
0x0000723b3da22700 0x0000000e17373700 0 1 1 0 0 2 1 54003 720
0x0000723b3da22780 0x0000000e17373780 0 1 1 0 0 2 1 54003 728
0x0000723b3da22800 0x0000000e17373800 0 0 0 0 0 2 1 54003 736
0x0000723b3da22880 0x0000000e17373880 0 0 0 0 0 2 1 54003 744
0x0000723b3da22900 0x0000000e17373900 0 1 0 0 0 2 1 54003 736
0x0000723b3da22980 0x0000000e17373980 0 1 0 0 0 2 1 54003 744
0x0000723b3da22a00 0x0000000e17373a00 0 0 1 0 0 2 1 54003 736
0x0000723b3da22a80 0x0000000e17373a80 0 0 1 0 0 2 1 54003 744
0x0000723b3da22b00 0x0000000e17373b00 0 1 1 0 0 2 1 54003 736
0x0000723b3da22b80 0x0000000e17373b80 0 1 1 0 0 2 1 54003 744
0x0000723b3da22c00 0x0000000e17373c00 0 0 0 0 0 2 1 54003 752
0x0000723b3da22c80 0x0000000e17373c80 0 0 0 0 0 2 1 54003 760
0x0000723b3da22d00 0x0000000e17373d00 0 1 0 0 0 2 1 54003 752
0x0000723b3da22d80 0x0000000e17373d80 0 1 0 0 0 2 1 54003 760
0x0000723b3da22e00 0x0000000e17373e00 0 0 1 0 0 2 1 54003 752
0x0000723b3da22e80 0x0000000e17373e80 0 0 1 0 0 2 1 54003 760
0x0000723b3da22f00 0x0000000e17373f00 0 1 1 0 0 2 1 54003 752
0x0000723b3da22f80 0x0000000e17373f80 0 1 1 0 0 2 1 54003 760
0x0000723b3da27000 0x0000000d1dba6000 0 0 0 0 0 2 1 50109 384
0x0000723b3da27080 0x0000000d1dba6080 0 0 0 0 0 2 1 50109 392
0x0000723b3da27100 0x0000000d1dba6100 0 1 0 0 0 2 1 50109 384
0x0000723b3da27180 0x0000000d1dba6180 0 1 0 0 0 2 1 50109 392
0x0000723b3da27200 0x0000000d1dba6200 0 0 1 0 0 2 1 50109 384
0x0000723b3da27280 0x0000000d1dba6280 0 0 1 0 0 2 1 50109 392
0x0000723b3da27300 0x0000000d1dba6300 0 1 1 0 0 2 1 50109 384
0x0000723b3da27380 0x0000000d1dba6380 0 1 1 0 0 2 1 50109 392
0x0000723b3da27400 0x0000000d1dba6400 0 0 0 0 0 2 1 50109 400
0x0000723b3da27480 0x0000000d1dba6480 0 0 0 0 0 2 1 50109 408
0x0000723b3da27500 0x0000000d1dba6500 0 1 0 0 0 2 1 50109 400
0x0000723b3da27580 0x0000000d1dba6580 0 1 0 0 0 2 1 50109 408
0x0000723b3da27600 0x0000000d1dba6600 0 0 1 0 0 2 1 50109 400
0x0000723b3da27680 0x0000000d1dba6680 0 0 1 0 0 2 1 50109 408
0x0000723b3da27700 0x0000000d1dba6700 0 1 1 0 0 2 1 50109 400
0x0000723b3da27780 0x0000000d1dba6780 0 1 1 0 0 2 1 50109 408
0x0000723b3da27800 0x0000000d1dba6800 0 0 0 0 0 2 1 50109 416
0x0000723b3da27880 0x0000000d1dba6880 0 0 0 0 0 2 1 50109 424
0x0000723b3da27900 0x0000000d1dba6900 0 1 0 0 0 2 1 50109 416
0x0000723b3da27980 0x0000000d1dba6980 0 1 0 0 0 2 1 50109 424
0x0000723b3da27a00 0x0000000d1dba6a00 0 0 1 0 0 2 1 50109 416
0x0000723b3da27a80 0x0000000d1dba6a80 0 0 1 0 0 2 1 50109 424
0x0000723b3da27b00 0x0000000d1dba6b00 0 1 1 0 0 2 1 50109 416
0x0000723b3da27b80 0x0000000d1dba6b80 0 1 1 0 0 2 1 50109 424
0x0000723b3da27c00 0x0000000d1dba6c00 0 0 0 0 0 2 1 50109 432
0x0000723b3da27c80 0x0000000d1dba6c80 0 0 0 0 0 2 1 50109 440
0x0000723b3da27d00 0x0000000d1dba6d00 0 1 0 0 0 2 1 50109 432
0x0000723b3da27d80 0x0000000d1dba6d80 0 1 0 0 0 2 1 50109 440
0x0000723b3da27e00 0x0000000d1dba6e00 0 0 1 0 0 2 1 50109 432
0x0000723b3da27e80 0x0000000d1dba6e80 0 0 1 0 0 2 1 50109 440
0x0000723b3da27f00 0x0000000d1dba6f00 0 1 1 0 0 2 1 50109 432
0x0000723b3da27f80 0x0000000d1dba6f80 0 1 1 0 0 2 1 50109 440
0x0000723b3da2b000 0x00000008373d8000 0 0 0 0 1 2 1 30454 512
0x0000723b3da2b080 0x00000008373d8080 0 0 0 0 1 2 1 30454 520
0x0000723b3da2b100 0x00000008373d8100 0 1 0 0 1 2 1 30454 512
0x0000723b3da2b180 0x00000008373d8180 0 1 0 0 1 2 1 30454 520
0x0000723b3da2b200 0x00000008373d8200 0 0 1 0 1 2 1 30454 512
0x0000723b3da2b280 0x00000008373d8280 0 0 1 0 1 2 1 30454 520
0x0000723b3da2b300 0x00000008373d8300 0 1 1 0 1 2 1 30454 512
0x0000723b3da2b380 0x00000008373d8380 0 1 1 0 1 2 1 30454 520
0x0000723b3da2b400 0x00000008373d8400 0 0 0 0 1 2 1 30454 528
0x0000723b3da2b480 0x00000008373d8480 0 0 0 0 1 2 1 30454 536
0x0000723b3da2b500 0x00000008373d8500 0 1 0 0 1 2 1 30454 528
0x0000723b3da2b580 0x00000008373d8580 0 1 0 0 1 2 1 30454 536
0x0000723b3da2b600 0x00000008373d8600 0 0 1 0 1 2 1 30454 528
0x0000723b3da2b680 0x00000008373d8680 0 0 1 0 1 2 1 30454 536
0x0000723b3da2b700 0x00000008373d8700 0 1 1 0 1 2 1 30454 528
0x0000723b3da2b780 0x00000008373d8780 0 1 1 0 1 2 1 30454 536
0x0000723b3da2b800 0x00000008373d8800 0 0 0 0 1 2 1 30454 544
0x0000723b3da2b880 0x00000008373d8880 0 0 0 0 1 2 1 30454 552
0x0000723b3da2b900 0x00000008373d8900 0 1 0 0 1 2 1 30454 544
0x0000723b3da2b980 0x00000008373d8980 0 1 0 0 1 2 1 30454 552
0x0000723b3da2ba00 0x00000008373d8a00 0 0 1 0 1 2 1 30454 544
0x0000723b3da2ba80 0x00000008373d8a80 0 0 1 0 1 2 1 30454 552
0x0000723b3da2bb00 0x00000008373d8b00 0 1 1 0 1 2 1 30454 544
0x0000723b3da2bb80 0x00000008373d8b80 0 1 1 0 1 2 1 30454 552
0x0000723b3da2bc00 0x00000008373d8c00 0 0 0 0 1 2 1 30454 560
0x0000723b3da2bc80 0x00000008373d8c80 0 0 0 0 1 2 1 30454 568
0x0000723b3da2bd00 0x00000008373d8d00 0 1 0 0 1 2 1 30454 560
0x0000723b3da2bd80 0x00000008373d8d80 0 1 0 0 1 2 1 30454 568
0x0000723b3da2be00 0x00000008373d8e00 0 0 1 0 1 2 1 30454 560
0x0000723b3da2be80 0x00000008373d8e80 0 0 1 0 1 2 1 30454 568
0x0000723b3da2bf00 0x00000008373d8f00 0 1 1 0 1 2 1 30454 560
0x0000723b3da2bf80 0x00000008373d8f80 0 1 1 0 1 2 1 30454 568
0x0000723b3da32000 0x0000000e17371000 0 0 0 0 0 2 1 54003 576
0x0000723b3da32080 0x0000000e17371080 0 0 0 0 0 2 1 54003 584
0x0000723b3da32100 0x0000000e17371100 0 1 0 0 0 2 1 54003 576
0x0000723b3da32180 0x0000000e17371180 0 1 0 0 0 2 1 54003 584
0x0000723b3da32200 0x0000000e17371200 0 0 1 0 0 2 1 54003 576
0x0000723b3da32280 0x0000000e17371280 0 0 1 0 0 2 1 54003 584
0x0000723b3da32300 0x0000000e17371300 0 1 1 0 0 2 1 54003 576
0x0000723b3da32380 0x0000000e17371380 0 1 1 0 0 2 1 54003 584
0x0000723b3da32400 0x0000000e17371400 0 0 0 0 0 2 1 54003 592
0x0000723b3da32480 0x0000000e17371480 0 0 0 0 0 2 1 54003 600
0x0000723b3da32500 0x0000000e17371500 0 1 0 0 0 2 1 54003 592
0x0000723b3da32580 0x0000000e17371580 0 1 0 0 0 2 1 54003 600
0x0000723b3da32600 0x0000000e17371600 0 0 1 0 0 2 1 54003 592
0x0000723b3da32680 0x0000000e17371680 0 0 1 0 0 2 1 54003 600
0x0000723b3da32700 0x0000000e17371700 0 1 1 0 0 2 1 54003 592
0x0000723b3da32780 0x0000000e17371780 0 1 1 0 0 2 1 54003 600
0x0000723b3da32800 0x0000000e17371800 0 0 0 0 0 2 1 54003 608
0x0000723b3da32880 0x0000000e17371880 0 0 0 0 0 2 1 54003 616
0x0000723b3da32900 0x0000000e17371900 0 1 0 0 0 2 1 54003 608
0x0000723b3da32980 0x0000000e17371980 0 1 0 0 0 2 1 54003 616
0x0000723b3da32a00 0x0000000e17371a00 0 0 1 0 0 2 1 54003 608
0x0000723b3da32a80 0x0000000e17371a80 0 0 1 0 0 2 1 54003 616
0x0000723b3da32b00 0x0000000e17371b00 0 1 1 0 0 2 1 54003 608
0x0000723b3da32b80 0x0000000e17371b80 0 1 1 0 0 2 1 54003 616
0x0000723b3da32c00 0x0000000e17371c00 0 0 0 0 0 2 1 54003 624
0x0000723b3da32c80 0x0000000e17371c80 0 0 0 0 0 2 1 54003 632
0x0000723b3da32d00 0x0000000e17371d00 0 1 0 0 0 2 1 54003 624
0x0000723b3da32d80 0x0000000e17371d80 0 1 0 0 0 2 1 54003 632
0x0000723b3da32e00 0x0000000e17371e00 0 0 1 0 0 2 1 54003 624
0x0000723b3da32e80 0x0000000e17371e80 0 0 1 0 0 2 1 54003 632
0x0000723b3da32f00 0x0000000e17371f00 0 1 1 0 0 2 1 54003 624
0x0000723b3da32f80 0x0000000e17371f80 0 1 1 0 0 2 1 54003 632
0x0000723b3da3b000 0x0000000d1dba4000 0 0 0 0 0 2 1 50109 256
0x0000723b3da3b080 0x0000000d1dba4080 0 0 0 0 0 2 1 50109 264
0x0000723b3da3b100 0x0000000d1dba4100 0 1 0 0 0 2 1 50109 256
0x0000723b3da3b180 0x0000000d1dba4180 0 1 0 0 0 2 1 50109 264
0x0000723b3da3b200 0x0000000d1dba4200 0 0 1 0 0 2 1 50109 256
0x0000723b3da3b280 0x0000000d1dba4280 0 0 1 0 0 2 1 50109 264
0x0000723b3da3b300 0x0000000d1dba4300 0 1 1 0 0 2 1 50109 256
0x0000723b3da3b380 0x0000000d1dba4380 0 1 1 0 0 2 1 50109 264
0x0000723b3da3b400 0x0000000d1dba4400 0 0 0 0 0 2 1 50109 272
0x0000723b3da3b480 0x0000000d1dba4480 0 0 0 0 0 2 1 50109 280
0x0000723b3da3b500 0x0000000d1dba4500 0 1 0 0 0 2 1 50109 272
0x0000723b3da3b580 0x0000000d1dba4580 0 1 0 0 0 2 1 50109 280
0x0000723b3da3b600 0x0000000d1dba4600 0 0 1 0 0 2 1 50109 272
0x0000723b3da3b680 0x0000000d1dba4680 0 0 1 0 0 2 1 50109 280
0x0000723b3da3b700 0x0000000d1dba4700 0 1 1 0 0 2 1 50109 272
0x0000723b3da3b780 0x0000000d1dba4780 0 1 1 0 0 2 1 50109 280
0x0000723b3da3b800 0x0000000d1dba4800 0 0 0 0 0 2 1 50109 288
0x0000723b3da3b880 0x0000000d1dba4880 0 0 0 0 0 2 1 50109 296
0x0000723b3da3b900 0x0000000d1dba4900 0 1 0 0 0 2 1 50109 288
0x0000723b3da3b980 0x0000000d1dba4980 0 1 0 0 0 2 1 50109 296
0x0000723b3da3ba00 0x0000000d1dba4a00 0 0 1 0 0 2 1 50109 288
0x0000723b3da3ba80 0x0000000d1dba4a80 0 0 1 0 0 2 1 50109 296
0x0000723b3da3bb00 0x0000000d1dba4b00 0 1 1 0 0 2 1 50109 288
0x0000723b3da3bb80 0x0000000d1dba4b80 0 1 1 0 0 2 1 50109 296
0x0000723b3da3bc00 0x0000000d1dba4c00 0 0 0 0 0 2 1 50109 304
0x0000723b3da3bc80 0x0000000d1dba4c80 0 0 0 0 0 2 1 50109 312
0x0000723b3da3bd00 0x0000000d1dba4d00 0 1 0 0 0 2 1 50109 304
0x0000723b3da3bd80 0x0000000d1dba4d80 0 1 0 0 0 2 1 50109 312
0x0000723b3da3be00 0x0000000d1dba4e00 0 0 1 0 0 2 1 50109 304
0x0000723b3da3be80 0x0000000d1dba4e80 0 0 1 0 0 2 1 50109 312
0x0000723b3da3bf00 0x0000000d1dba4f00 0 1 1 0 0 2 1 50109 304
0x0000723b3da3bf80 0x0000000d1dba4f80 0 1 1 0 0 2 1 50109 312
0x0000723b3da3e000 0x0000000665b21000 0 0 0 0 0 2 1 23737 64
0x0000723b3da3e080 0x0000000665b21080 0 0 0 0 0 2 1 23737 72
0x0000723b3da3e100 0x0000000665b21100 0 1 0 0 0 2 1 23737 64
0x0000723b3da3e180 0x0000000665b21180 0 1 0 0 0 2 1 23737 72
0x0000723b3da3e200 0x0000000665b21200 0 0 1 0 0 2 1 23737 64
0x0000723b3da3e280 0x0000000665b21280 0 0 1 0 0 2 1 23737 72
0x0000723b3da3e300 0x0000000665b21300 0 1 1 0 0 2 1 23737 64
0x0000723b3da3e380 0x0000000665b21380 0 1 1 0 0 2 1 23737 72
0x0000723b3da3e400 0x0000000665b21400 0 0 0 0 0 2 1 23737 80
0x0000723b3da3e480 0x0000000665b21480 0 0 0 0 0 2 1 23737 88
0x0000723b3da3e500 0x0000000665b21500 0 1 0 0 0 2 1 23737 80
0x0000723b3da3e580 0x0000000665b21580 0 1 0 0 0 2 1 23737 88
0x0000723b3da3e600 0x0000000665b21600 0 0 1 0 0 2 1 23737 80
0x0000723b3da3e680 0x0000000665b21680 0 0 1 0 0 2 1 23737 88
0x0000723b3da3e700 0x0000000665b21700 0 1 1 0 0 2 1 23737 80
0x0000723b3da3e780 0x0000000665b21780 0 1 1 0 0 2 1 23737 88
0x0000723b3da3e800 0x0000000665b21800 0 0 0 0 0 2 1 23737 96
0x0000723b3da3e880 0x0000000665b21880 0 0 0 0 0 2 1 23737 104
0x0000723b3da3e900 0x0000000665b21900 0 1 0 0 0 2 1 23737 96
0x0000723b3da3e980 0x0000000665b21980 0 1 0 0 0 2 1 23737 104
0x0000723b3da3ea00 0x0000000665b21a00 0 0 1 0 0 2 1 23737 96
0x0000723b3da3ea80 0x0000000665b21a80 0 0 1 0 0 2 1 23737 104
0x0000723b3da3eb00 0x0000000665b21b00 0 1 1 0 0 2 1 23737 96
0x0000723b3da3eb80 0x0000000665b21b80 0 1 1 0 0 2 1 23737 104
0x0000723b3da3ec00 0x0000000665b21c00 0 0 0 0 0 2 1 23737 112
0x0000723b3da3ec80 0x0000000665b21c80 0 0 0 0 0 2 1 23737 120
0x0000723b3da3ed00 0x0000000665b21d00 0 1 0 0 0 2 1 23737 112
0x0000723b3da3ed80 0x0000000665b21d80 0 1 0 0 0 2 1 23737 120
0x0000723b3da3ee00 0x0000000665b21e00 0 0 1 0 0 2 1 23737 112
0x0000723b3da3ee80 0x0000000665b21e80 0 0 1 0 0 2 1 23737 120
0x0000723b3da3ef00 0x0000000665b21f00 0 1 1 0 0 2 1 23737 112
0x0000723b3da3ef80 0x0000000665b21f80 0 1 1 0 0 2 1 23737 120
0x0000723b3da40000 0x0000000bb0bfa000 0 0 0 0 1 2 1 46607 640
0x0000723b3da40080 0x0000000bb0bfa080 0 0 0 0 1 2 1 46607 648
0x0000723b3da40100 0x0000000bb0bfa100 0 1 0 0 1 2 1 46607 640
0x0000723b3da40180 0x0000000bb0bfa180 0 1 0 0 1 2 1 46607 648
0x0000723b3da40200 0x0000000bb0bfa200 0 0 1 0 1 2 1 46607 640
0x0000723b3da40280 0x0000000bb0bfa280 0 0 1 0 1 2 1 46607 648
0x0000723b3da40300 0x0000000bb0bfa300 0 1 1 0 1 2 1 46607 640
0x0000723b3da40380 0x0000000bb0bfa380 0 1 1 0 1 2 1 46607 648
0x0000723b3da40400 0x0000000bb0bfa400 0 0 0 0 1 2 1 46607 656
0x0000723b3da40480 0x0000000bb0bfa480 0 0 0 0 1 2 1 46607 664
0x0000723b3da40500 0x0000000bb0bfa500 0 1 0 0 1 2 1 46607 656
0x0000723b3da40580 0x0000000bb0bfa580 0 1 0 0 1 2 1 46607 664
0x0000723b3da40600 0x0000000bb0bfa600 0 0 1 0 1 2 1 46607 656
0x0000723b3da40680 0x0000000bb0bfa680 0 0 1 0 1 2 1 46607 664
0x0000723b3da40700 0x0000000bb0bfa700 0 1 1 0 1 2 1 46607 656
0x0000723b3da40780 0x0000000bb0bfa780 0 1 1 0 1 2 1 46607 664
0x0000723b3da40800 0x0000000bb0bfa800 0 0 0 0 1 2 1 46607 672
0x0000723b3da40880 0x0000000bb0bfa880 0 0 0 0 1 2 1 46607 680
0x0000723b3da40900 0x0000000bb0bfa900 0 1 0 0 1 2 1 46607 672
0x0000723b3da40980 0x0000000bb0bfa980 0 1 0 0 1 2 1 46607 680
0x0000723b3da40a00 0x0000000bb0bfaa00 0 0 1 0 1 2 1 46607 672
0x0000723b3da40a80 0x0000000bb0bfaa80 0 0 1 0 1 2 1 46607 680
0x0000723b3da40b00 0x0000000bb0bfab00 0 1 1 0 1 2 1 46607 672
0x0000723b3da40b80 0x0000000bb0bfab80 0 1 1 0 1 2 1 46607 680
0x0000723b3da40c00 0x0000000bb0bfac00 0 0 0 0 1 2 1 46607 688
0x0000723b3da40c80 0x0000000bb0bfac80 0 0 0 0 1 2 1 46607 696
0x0000723b3da40d00 0x0000000bb0bfad00 0 1 0 0 1 2 1 46607 688
0x0000723b3da40d80 0x0000000bb0bfad80 0 1 0 0 1 2 1 46607 696
0x0000723b3da40e00 0x0000000bb0bfae00 0 0 1 0 1 2 1 46607 688
0x0000723b3da40e80 0x0000000bb0bfae80 0 0 1 0 1 2 1 46607 696
0x0000723b3da40f00 0x0000000bb0bfaf00 0 1 1 0 1 2 1 46607 688
0x0000723b3da40f80 0x0000000bb0bfaf80 0 1 1 0 1 2 1 46607 696
0x0000723b3da4c000 0x0000000c843f1000 0 0 0 0 0 2 1 49287 576
0x0000723b3da4c080 0x0000000c843f1080 0 0 0 0 0 2 1 49287 584
0x0000723b3da4c100 0x0000000c843f1100 0 1 0 0 0 2 1 49287 576
0x0000723b3da4c180 0x0000000c843f1180 0 1 0 0 0 2 1 49287 584
0x0000723b3da4c200 0x0000000c843f1200 0 0 1 0 0 2 1 49287 576
0x0000723b3da4c280 0x0000000c843f1280 0 0 1 0 0 2 1 49287 584
0x0000723b3da4c300 0x0000000c843f1300 0 1 1 0 0 2 1 49287 576
0x0000723b3da4c380 0x0000000c843f1380 0 1 1 0 0 2 1 49287 584
0x0000723b3da4c400 0x0000000c843f1400 0 0 0 0 0 2 1 49287 592
0x0000723b3da4c480 0x0000000c843f1480 0 0 0 0 0 2 1 49287 600
0x0000723b3da4c500 0x0000000c843f1500 0 1 0 0 0 2 1 49287 592
0x0000723b3da4c580 0x0000000c843f1580 0 1 0 0 0 2 1 49287 600
0x0000723b3da4c600 0x0000000c843f1600 0 0 1 0 0 2 1 49287 592
0x0000723b3da4c680 0x0000000c843f1680 0 0 1 0 0 2 1 49287 600
0x0000723b3da4c700 0x0000000c843f1700 0 1 1 0 0 2 1 49287 592
0x0000723b3da4c780 0x0000000c843f1780 0 1 1 0 0 2 1 49287 600
0x0000723b3da4c800 0x0000000c843f1800 0 0 0 0 0 2 1 49287 608
0x0000723b3da4c880 0x0000000c843f1880 0 0 0 0 0 2 1 49287 616
0x0000723b3da4c900 0x0000000c843f1900 0 1 0 0 0 2 1 49287 608
0x0000723b3da4c980 0x0000000c843f1980 0 1 0 0 0 2 1 49287 616
0x0000723b3da4ca00 0x0000000c843f1a00 0 0 1 0 0 2 1 49287 608
0x0000723b3da4ca80 0x0000000c843f1a80 0 0 1 0 0 2 1 49287 616
0x0000723b3da4cb00 0x0000000c843f1b00 0 1 1 0 0 2 1 49287 608
0x0000723b3da4cb80 0x0000000c843f1b80 0 1 1 0 0 2 1 49287 616
0x0000723b3da4cc00 0x0000000c843f1c00 0 0 0 0 0 2 1 49287 624
0x0000723b3da4cc80 0x0000000c843f1c80 0 0 0 0 0 2 1 49287 632
0x0000723b3da4cd00 0x0000000c843f1d00 0 1 0 0 0 2 1 49287 624
0x0000723b3da4cd80 0x0000000c843f1d80 0 1 0 0 0 2 1 49287 632
0x0000723b3da4ce00 0x0000000c843f1e00 0 0 1 0 0 2 1 49287 624
0x0000723b3da4ce80 0x0000000c843f1e80 0 0 1 0 0 2 1 49287 632
0x0000723b3da4cf00 0x0000000c843f1f00 0 1 1 0 0 2 1 49287 624
0x0000723b3da4cf80 0x0000000c843f1f80 0 1 1 0 0 2 1 49287 632
0x0000723b3da4e000 0x0000000bb3381000 0 0 0 0 0 2 1 46692 64
0x0000723b3da4e080 0x0000000bb3381080 0 0 0 0 0 2 1 46692 72
0x0000723b3da4e100 0x0000000bb3381100 0 1 0 0 0 2 1 46692 64
0x0000723b3da4e180 0x0000000bb3381180 0 1 0 0 0 2 1 46692 72
0x0000723b3da4e200 0x0000000bb3381200 0 0 1 0 0 2 1 46692 64
0x0000723b3da4e280 0x0000000bb3381280 0 0 1 0 0 2 1 46692 72
0x0000723b3da4e300 0x0000000bb3381300 0 1 1 0 0 2 1 46692 64
0x0000723b3da4e380 0x0000000bb3381380 0 1 1 0 0 2 1 46692 72
0x0000723b3da4e400 0x0000000bb3381400 0 0 0 0 0 2 1 46692 80
0x0000723b3da4e480 0x0000000bb3381480 0 0 0 0 0 2 1 46692 88
0x0000723b3da4e500 0x0000000bb3381500 0 1 0 0 0 2 1 46692 80
0x0000723b3da4e580 0x0000000bb3381580 0 1 0 0 0 2 1 46692 88
0x0000723b3da4e600 0x0000000bb3381600 0 0 1 0 0 2 1 46692 80
0x0000723b3da4e680 0x0000000bb3381680 0 0 1 0 0 2 1 46692 88
0x0000723b3da4e700 0x0000000bb3381700 0 1 1 0 0 2 1 46692 80
0x0000723b3da4e780 0x0000000bb3381780 0 1 1 0 0 2 1 46692 88
0x0000723b3da4e800 0x0000000bb3381800 0 0 0 0 0 2 1 46692 96
0x0000723b3da4e880 0x0000000bb3381880 0 0 0 0 0 2 1 46692 104
0x0000723b3da4e900 0x0000000bb3381900 0 1 0 0 0 2 1 46692 96
0x0000723b3da4e980 0x0000000bb3381980 0 1 0 0 0 2 1 46692 104
0x0000723b3da4ea00 0x0000000bb3381a00 0 0 1 0 0 2 1 46692 96
0x0000723b3da4ea80 0x0000000bb3381a80 0 0 1 0 0 2 1 46692 104
0x0000723b3da4eb00 0x0000000bb3381b00 0 1 1 0 0 2 1 46692 96
0x0000723b3da4eb80 0x0000000bb3381b80 0 1 1 0 0 2 1 46692 104
0x0000723b3da4ec00 0x0000000bb3381c00 0 0 0 0 0 2 1 46692 112
0x0000723b3da4ec80 0x0000000bb3381c80 0 0 0 0 0 2 1 46692 120
0x0000723b3da4ed00 0x0000000bb3381d00 0 1 0 0 0 2 1 46692 112
0x0000723b3da4ed80 0x0000000bb3381d80 0 1 0 0 0 2 1 46692 120
0x0000723b3da4ee00 0x0000000bb3381e00 0 0 1 0 0 2 1 46692 112
0x0000723b3da4ee80 0x0000000bb3381e80 0 0 1 0 0 2 1 46692 120
0x0000723b3da4ef00 0x0000000bb3381f00 0 1 1 0 0 2 1 46692 112
0x0000723b3da4ef80 0x0000000bb3381f80 0 1 1 0 0 2 1 46692 120
0x0000723b3da50000 0x0000000e17370000 0 0 0 0 0 2 1 54003 512
0x0000723b3da50080 0x0000000e17370080 0 0 0 0 0 2 1 54003 520
0x0000723b3da50100 0x0000000e17370100 0 1 0 0 0 2 1 54003 512
0x0000723b3da50180 0x0000000e17370180 0 1 0 0 0 2 1 54003 520
0x0000723b3da50200 0x0000000e17370200 0 0 1 0 0 2 1 54003 512
0x0000723b3da50280 0x0000000e17370280 0 0 1 0 0 2 1 54003 520
0x0000723b3da50300 0x0000000e17370300 0 1 1 0 0 2 1 54003 512
0x0000723b3da50380 0x0000000e17370380 0 1 1 0 0 2 1 54003 520
0x0000723b3da50400 0x0000000e17370400 0 0 0 0 0 2 1 54003 528
0x0000723b3da50480 0x0000000e17370480 0 0 0 0 0 2 1 54003 536
0x0000723b3da50500 0x0000000e17370500 0 1 0 0 0 2 1 54003 528
0x0000723b3da50580 0x0000000e17370580 0 1 0 0 0 2 1 54003 536
0x0000723b3da50600 0x0000000e17370600 0 0 1 0 0 2 1 54003 528
0x0000723b3da50680 0x0000000e17370680 0 0 1 0 0 2 1 54003 536
0x0000723b3da50700 0x0000000e17370700 0 1 1 0 0 2 1 54003 528
0x0000723b3da50780 0x0000000e17370780 0 1 1 0 0 2 1 54003 536
0x0000723b3da50800 0x0000000e17370800 0 0 0 0 0 2 1 54003 544
0x0000723b3da50880 0x0000000e17370880 0 0 0 0 0 2 1 54003 552
0x0000723b3da50900 0x0000000e17370900 0 1 0 0 0 2 1 54003 544
0x0000723b3da50980 0x0000000e17370980 0 1 0 0 0 2 1 54003 552
0x0000723b3da50a00 0x0000000e17370a00 0 0 1 0 0 2 1 54003 544
0x0000723b3da50a80 0x0000000e17370a80 0 0 1 0 0 2 1 54003 552
0x0000723b3da50b00 0x0000000e17370b00 0 1 1 0 0 2 1 54003 544
0x0000723b3da50b80 0x0000000e17370b80 0 1 1 0 0 2 1 54003 552
0x0000723b3da50c00 0x0000000e17370c00 0 0 0 0 0 2 1 54003 560
0x0000723b3da50c80 0x0000000e17370c80 0 0 0 0 0 2 1 54003 568
0x0000723b3da50d00 0x0000000e17370d00 0 1 0 0 0 2 1 54003 560
0x0000723b3da50d80 0x0000000e17370d80 0 1 0 0 0 2 1 54003 568
0x0000723b3da50e00 0x0000000e17370e00 0 0 1 0 0 2 1 54003 560
0x0000723b3da50e80 0x0000000e17370e80 0 0 1 0 0 2 1 54003 568
0x0000723b3da50f00 0x0000000e17370f00 0 1 1 0 0 2 1 54003 560
0x0000723b3da50f80 0x0000000e17370f80 0 1 1 0 0 2 1 54003 568
0x0000723b3da52000 0x0000000bb0bfb000 0 0 0 0 1 2 1 46607 704
0x0000723b3da52080 0x0000000bb0bfb080 0 0 0 0 1 2 1 46607 712
0x0000723b3da52100 0x0000000bb0bfb100 0 1 0 0 1 2 1 46607 704
0x0000723b3da52180 0x0000000bb0bfb180 0 1 0 0 1 2 1 46607 712
0x0000723b3da52200 0x0000000bb0bfb200 0 0 1 0 1 2 1 46607 704
0x0000723b3da52280 0x0000000bb0bfb280 0 0 1 0 1 2 1 46607 712
0x0000723b3da52300 0x0000000bb0bfb300 0 1 1 0 1 2 1 46607 704
0x0000723b3da52380 0x0000000bb0bfb380 0 1 1 0 1 2 1 46607 712
0x0000723b3da52400 0x0000000bb0bfb400 0 0 0 0 1 2 1 46607 720
0x0000723b3da52480 0x0000000bb0bfb480 0 0 0 0 1 2 1 46607 728
0x0000723b3da52500 0x0000000bb0bfb500 0 1 0 0 1 2 1 46607 720
0x0000723b3da52580 0x0000000bb0bfb580 0 1 0 0 1 2 1 46607 728
0x0000723b3da52600 0x0000000bb0bfb600 0 0 1 0 1 2 1 46607 720
0x0000723b3da52680 0x0000000bb0bfb680 0 0 1 0 1 2 1 46607 728
0x0000723b3da52700 0x0000000bb0bfb700 0 1 1 0 1 2 1 46607 720
0x0000723b3da52780 0x0000000bb0bfb780 0 1 1 0 1 2 1 46607 728
0x0000723b3da52800 0x0000000bb0bfb800 0 0 0 0 1 2 1 46607 736
0x0000723b3da52880 0x0000000bb0bfb880 0 0 0 0 1 2 1 46607 744
0x0000723b3da52900 0x0000000bb0bfb900 0 1 0 0 1 2 1 46607 736
0x0000723b3da52980 0x0000000bb0bfb980 0 1 0 0 1 2 1 46607 744
0x0000723b3da52a00 0x0000000bb0bfba00 0 0 1 0 1 2 1 46607 736
0x0000723b3da52a80 0x0000000bb0bfba80 0 0 1 0 1 2 1 46607 744
0x0000723b3da52b00 0x0000000bb0bfbb00 0 1 1 0 1 2 1 46607 736
0x0000723b3da52b80 0x0000000bb0bfbb80 0 1 1 0 1 2 1 46607 744
0x0000723b3da52c00 0x0000000bb0bfbc00 0 0 0 0 1 2 1 46607 752
0x0000723b3da52c80 0x0000000bb0bfbc80 0 0 0 0 1 2 1 46607 760
0x0000723b3da52d00 0x0000000bb0bfbd00 0 1 0 0 1 2 1 46607 752
0x0000723b3da52d80 0x0000000bb0bfbd80 0 1 0 0 1 2 1 46607 760
0x0000723b3da52e00 0x0000000bb0bfbe00 0 0 1 0 1 2 1 46607 752
0x0000723b3da52e80 0x0000000bb0bfbe80 0 0 1 0 1 2 1 46607 760
0x0000723b3da52f00 0x0000000bb0bfbf00 0 1 1 0 1 2 1 46607 752
0x0000723b3da52f80 0x0000000bb0bfbf80 0 1 1 0 1 2 1 46607 760
0x0000723b3da54000 0x0000000e0e3c1000 0 0 0 0 0 2 1 53718 64
0x0000723b3da54080 0x0000000e0e3c1080 0 0 0 0 0 2 1 53718 72
0x0000723b3da54100 0x0000000e0e3c1100 0 1 0 0 0 2 1 53718 64
0x0000723b3da54180 0x0000000e0e3c1180 0 1 0 0 0 2 1 53718 72
0x0000723b3da54200 0x0000000e0e3c1200 0 0 1 0 0 2 1 53718 64
0x0000723b3da54280 0x0000000e0e3c1280 0 0 1 0 0 2 1 53718 72
0x0000723b3da54300 0x0000000e0e3c1300 0 1 1 0 0 2 1 53718 64
0x0000723b3da54380 0x0000000e0e3c1380 0 1 1 0 0 2 1 53718 72
0x0000723b3da54400 0x0000000e0e3c1400 0 0 0 0 0 2 1 53718 80
0x0000723b3da54480 0x0000000e0e3c1480 0 0 0 0 0 2 1 53718 88
0x0000723b3da54500 0x0000000e0e3c1500 0 1 0 0 0 2 1 53718 80
0x0000723b3da54580 0x0000000e0e3c1580 0 1 0 0 0 2 1 53718 88
0x0000723b3da54600 0x0000000e0e3c1600 0 0 1 0 0 2 1 53718 80
0x0000723b3da54680 0x0000000e0e3c1680 0 0 1 0 0 2 1 53718 88
0x0000723b3da54700 0x0000000e0e3c1700 0 1 1 0 0 2 1 53718 80
0x0000723b3da54780 0x0000000e0e3c1780 0 1 1 0 0 2 1 53718 88
0x0000723b3da54800 0x0000000e0e3c1800 0 0 0 0 0 2 1 53718 96
0x0000723b3da54880 0x0000000e0e3c1880 0 0 0 0 0 2 1 53718 104
0x0000723b3da54900 0x0000000e0e3c1900 0 1 0 0 0 2 1 53718 96
0x0000723b3da54980 0x0000000e0e3c1980 0 1 0 0 0 2 1 53718 104
0x0000723b3da54a00 0x0000000e0e3c1a00 0 0 1 0 0 2 1 53718 96
0x0000723b3da54a80 0x0000000e0e3c1a80 0 0 1 0 0 2 1 53718 104
0x0000723b3da54b00 0x0000000e0e3c1b00 0 1 1 0 0 2 1 53718 96
0x0000723b3da54b80 0x0000000e0e3c1b80 0 1 1 0 0 2 1 53718 104
0x0000723b3da54c00 0x0000000e0e3c1c00 0 0 0 0 0 2 1 53718 112
0x0000723b3da54c80 0x0000000e0e3c1c80 0 0 0 0 0 2 1 53718 120
0x0000723b3da54d00 0x0000000e0e3c1d00 0 1 0 0 0 2 1 53718 112
0x0000723b3da54d80 0x0000000e0e3c1d80 0 1 0 0 0 2 1 53718 120
0x0000723b3da54e00 0x0000000e0e3c1e00 0 0 1 0 0 2 1 53718 112
0x0000723b3da54e80 0x0000000e0e3c1e80 0 0 1 0 0 2 1 53718 120
0x0000723b3da54f00 0x0000000e0e3c1f00 0 1 1 0 0 2 1 53718 112
0x0000723b3da54f80 0x0000000e0e3c1f80 0 1 1 0 0 2 1 53718 120
0x0000723b3da56000 0x000000085c376000 0 0 0 0 0 2 1 31635 896
0x0000723b3da56080 0x000000085c376080 0 0 0 0 0 2 1 31635 904
0x0000723b3da56100 0x000000085c376100 0 1 0 0 0 2 1 31635 896
0x0000723b3da56180 0x000000085c376180 0 1 0 0 0 2 1 31635 904
0x0000723b3da56200 0x000000085c376200 0 0 1 0 0 2 1 31635 896
0x0000723b3da56280 0x000000085c376280 0 0 1 0 0 2 1 31635 904
0x0000723b3da56300 0x000000085c376300 0 1 1 0 0 2 1 31635 896
0x0000723b3da56380 0x000000085c376380 0 1 1 0 0 2 1 31635 904
0x0000723b3da56400 0x000000085c376400 0 0 0 0 0 2 1 31635 912
0x0000723b3da56480 0x000000085c376480 0 0 0 0 0 2 1 31635 920
0x0000723b3da56500 0x000000085c376500 0 1 0 0 0 2 1 31635 912
0x0000723b3da56580 0x000000085c376580 0 1 0 0 0 2 1 31635 920
0x0000723b3da56600 0x000000085c376600 0 0 1 0 0 2 1 31635 912
0x0000723b3da56680 0x000000085c376680 0 0 1 0 0 2 1 31635 920
0x0000723b3da56700 0x000000085c376700 0 1 1 0 0 2 1 31635 912
0x0000723b3da56780 0x000000085c376780 0 1 1 0 0 2 1 31635 920
0x0000723b3da56800 0x000000085c376800 0 0 0 0 0 2 1 31635 928
0x0000723b3da56880 0x000000085c376880 0 0 0 0 0 2 1 31635 936
0x0000723b3da56900 0x000000085c376900 0 1 0 0 0 2 1 31635 928
0x0000723b3da56980 0x000000085c376980 0 1 0 0 0 2 1 31635 936
0x0000723b3da56a00 0x000000085c376a00 0 0 1 0 0 2 1 31635 928
0x0000723b3da56a80 0x000000085c376a80 0 0 1 0 0 2 1 31635 936
0x0000723b3da56b00 0x000000085c376b00 0 1 1 0 0 2 1 31635 928
0x0000723b3da56b80 0x000000085c376b80 0 1 1 0 0 2 1 31635 936
0x0000723b3da56c00 0x000000085c376c00 0 0 0 0 0 2 1 31635 944
0x0000723b3da56c80 0x000000085c376c80 0 0 0 0 0 2 1 31635 952
0x0000723b3da56d00 0x000000085c376d00 0 1 0 0 0 2 1 31635 944
0x0000723b3da56d80 0x000000085c376d80 0 1 0 0 0 2 1 31635 952
0x0000723b3da56e00 0x000000085c376e00 0 0 1 0 0 2 1 31635 944
0x0000723b3da56e80 0x000000085c376e80 0 0 1 0 0 2 1 31635 952
0x0000723b3da56f00 0x000000085c376f00 0 1 1 0 0 2 1 31635 944
0x0000723b3da56f80 0x000000085c376f80 0 1 1 0 0 2 1 31635 952
0x0000723b3da59000 0x0000000f08b90000 0 0 0 0 0 2 1 57628 512
0x0000723b3da59080 0x0000000f08b90080 0 0 0 0 0 2 1 57628 520
0x0000723b3da59100 0x0000000f08b90100 0 1 0 0 0 2 1 57628 512
0x0000723b3da59180 0x0000000f08b90180 0 1 0 0 0 2 1 57628 520
0x0000723b3da59200 0x0000000f08b90200 0 0 1 0 0 2 1 57628 512
0x0000723b3da59280 0x0000000f08b90280 0 0 1 0 0 2 1 57628 520
0x0000723b3da59300 0x0000000f08b90300 0 1 1 0 0 2 1 57628 512
0x0000723b3da59380 0x0000000f08b90380 0 1 1 0 0 2 1 57628 520
0x0000723b3da59400 0x0000000f08b90400 0 0 0 0 0 2 1 57628 528
0x0000723b3da59480 0x0000000f08b90480 0 0 0 0 0 2 1 57628 536
0x0000723b3da59500 0x0000000f08b90500 0 1 0 0 0 2 1 57628 528
0x0000723b3da59580 0x0000000f08b90580 0 1 0 0 0 2 1 57628 536
0x0000723b3da59600 0x0000000f08b90600 0 0 1 0 0 2 1 57628 528
0x0000723b3da59680 0x0000000f08b90680 0 0 1 0 0 2 1 57628 536
0x0000723b3da59700 0x0000000f08b90700 0 1 1 0 0 2 1 57628 528
0x0000723b3da59780 0x0000000f08b90780 0 1 1 0 0 2 1 57628 536
0x0000723b3da59800 0x0000000f08b90800 0 0 0 0 0 2 1 57628 544
0x0000723b3da59880 0x0000000f08b90880 0 0 0 0 0 2 1 57628 552
0x0000723b3da59900 0x0000000f08b90900 0 1 0 0 0 2 1 57628 544
0x0000723b3da59980 0x0000000f08b90980 0 1 0 0 0 2 1 57628 552
0x0000723b3da59a00 0x0000000f08b90a00 0 0 1 0 0 2 1 57628 544
0x0000723b3da59a80 0x0000000f08b90a80 0 0 1 0 0 2 1 57628 552
0x0000723b3da59b00 0x0000000f08b90b00 0 1 1 0 0 2 1 57628 544
0x0000723b3da59b80 0x0000000f08b90b80 0 1 1 0 0 2 1 57628 552
0x0000723b3da59c00 0x0000000f08b90c00 0 0 0 0 0 2 1 57628 560
0x0000723b3da59c80 0x0000000f08b90c80 0 0 0 0 0 2 1 57628 568
0x0000723b3da59d00 0x0000000f08b90d00 0 1 0 0 0 2 1 57628 560
0x0000723b3da59d80 0x0000000f08b90d80 0 1 0 0 0 2 1 57628 568
0x0000723b3da59e00 0x0000000f08b90e00 0 0 1 0 0 2 1 57628 560
0x0000723b3da59e80 0x0000000f08b90e80 0 0 1 0 0 2 1 57628 568
0x0000723b3da59f00 0x0000000f08b90f00 0 1 1 0 0 2 1 57628 560
0x0000723b3da59f80 0x0000000f08b90f80 0 1 1 0 0 2 1 57628 568
0x0000723b3da5a000 0x000000019fb50000 0 0 0 0 0 2 1 5098 512
0x0000723b3da5a080 0x000000019fb50080 0 0 0 0 0 2 1 5098 520
0x0000723b3da5a100 0x000000019fb50100 0 1 0 0 0 2 1 5098 512
0x0000723b3da5a180 0x000000019fb50180 0 1 0 0 0 2 1 5098 520
0x0000723b3da5a200 0x000000019fb50200 0 0 1 0 0 2 1 5098 512
0x0000723b3da5a280 0x000000019fb50280 0 0 1 0 0 2 1 5098 520
0x0000723b3da5a300 0x000000019fb50300 0 1 1 0 0 2 1 5098 512
0x0000723b3da5a380 0x000000019fb50380 0 1 1 0 0 2 1 5098 520
0x0000723b3da5a400 0x000000019fb50400 0 0 0 0 0 2 1 5098 528
0x0000723b3da5a480 0x000000019fb50480 0 0 0 0 0 2 1 5098 536
0x0000723b3da5a500 0x000000019fb50500 0 1 0 0 0 2 1 5098 528
0x0000723b3da5a580 0x000000019fb50580 0 1 0 0 0 2 1 5098 536
0x0000723b3da5a600 0x000000019fb50600 0 0 1 0 0 2 1 5098 528
0x0000723b3da5a680 0x000000019fb50680 0 0 1 0 0 2 1 5098 536
0x0000723b3da5a700 0x000000019fb50700 0 1 1 0 0 2 1 5098 528
0x0000723b3da5a780 0x000000019fb50780 0 1 1 0 0 2 1 5098 536
0x0000723b3da5a800 0x000000019fb50800 0 0 0 0 0 2 1 5098 544
0x0000723b3da5a880 0x000000019fb50880 0 0 0 0 0 2 1 5098 552
0x0000723b3da5a900 0x000000019fb50900 0 1 0 0 0 2 1 5098 544
0x0000723b3da5a980 0x000000019fb50980 0 1 0 0 0 2 1 5098 552
0x0000723b3da5aa00 0x000000019fb50a00 0 0 1 0 0 2 1 5098 544
0x0000723b3da5aa80 0x000000019fb50a80 0 0 1 0 0 2 1 5098 552
0x0000723b3da5ab00 0x000000019fb50b00 0 1 1 0 0 2 1 5098 544
0x0000723b3da5ab80 0x000000019fb50b80 0 1 1 0 0 2 1 5098 552
0x0000723b3da5ac00 0x000000019fb50c00 0 0 0 0 0 2 1 5098 560
0x0000723b3da5ac80 0x000000019fb50c80 0 0 0 0 0 2 1 5098 568
0x0000723b3da5ad00 0x000000019fb50d00 0 1 0 0 0 2 1 5098 560
0x0000723b3da5ad80 0x000000019fb50d80 0 1 0 0 0 2 1 5098 568
0x0000723b3da5ae00 0x000000019fb50e00 0 0 1 0 0 2 1 5098 560
0x0000723b3da5ae80 0x000000019fb50e80 0 0 1 0 0 2 1 5098 568
0x0000723b3da5af00 0x000000019fb50f00 0 1 1 0 0 2 1 5098 560
0x0000723b3da5af80 0x000000019fb50f80 0 1 1 0 0 2 1 5098 568
0x0000723b3da63000 0x000000019fb51000 0 0 0 0 0 2 1 5098 576
0x0000723b3da63080 0x000000019fb51080 0 0 0 0 0 2 1 5098 584
0x0000723b3da63100 0x000000019fb51100 0 1 0 0 0 2 1 5098 576
0x0000723b3da63180 0x000000019fb51180 0 1 0 0 0 2 1 5098 584
0x0000723b3da63200 0x000000019fb51200 0 0 1 0 0 2 1 5098 576
0x0000723b3da63280 0x000000019fb51280 0 0 1 0 0 2 1 5098 584
0x0000723b3da63300 0x000000019fb51300 0 1 1 0 0 2 1 5098 576
0x0000723b3da63380 0x000000019fb51380 0 1 1 0 0 2 1 5098 584
0x0000723b3da63400 0x000000019fb51400 0 0 0 0 0 2 1 5098 592
0x0000723b3da63480 0x000000019fb51480 0 0 0 0 0 2 1 5098 600
0x0000723b3da63500 0x000000019fb51500 0 1 0 0 0 2 1 5098 592
0x0000723b3da63580 0x000000019fb51580 0 1 0 0 0 2 1 5098 600
0x0000723b3da63600 0x000000019fb51600 0 0 1 0 0 2 1 5098 592
0x0000723b3da63680 0x000000019fb51680 0 0 1 0 0 2 1 5098 600
0x0000723b3da63700 0x000000019fb51700 0 1 1 0 0 2 1 5098 592
0x0000723b3da63780 0x000000019fb51780 0 1 1 0 0 2 1 5098 600
0x0000723b3da63800 0x000000019fb51800 0 0 0 0 0 2 1 5098 608
0x0000723b3da63880 0x000000019fb51880 0 0 0 0 0 2 1 5098 616
0x0000723b3da63900 0x000000019fb51900 0 1 0 0 0 2 1 5098 608
0x0000723b3da63980 0x000000019fb51980 0 1 0 0 0 2 1 5098 616
0x0000723b3da63a00 0x000000019fb51a00 0 0 1 0 0 2 1 5098 608
0x0000723b3da63a80 0x000000019fb51a80 0 0 1 0 0 2 1 5098 616
0x0000723b3da63b00 0x000000019fb51b00 0 1 1 0 0 2 1 5098 608
0x0000723b3da63b80 0x000000019fb51b80 0 1 1 0 0 2 1 5098 616
0x0000723b3da63c00 0x000000019fb51c00 0 0 0 0 0 2 1 5098 624
0x0000723b3da63c80 0x000000019fb51c80 0 0 0 0 0 2 1 5098 632
0x0000723b3da63d00 0x000000019fb51d00 0 1 0 0 0 2 1 5098 624
0x0000723b3da63d80 0x000000019fb51d80 0 1 0 0 0 2 1 5098 632
0x0000723b3da63e00 0x000000019fb51e00 0 0 1 0 0 2 1 5098 624
0x0000723b3da63e80 0x000000019fb51e80 0 0 1 0 0 2 1 5098 632
0x0000723b3da63f00 0x000000019fb51f00 0 1 1 0 0 2 1 5098 624
0x0000723b3da63f80 0x000000019fb51f80 0 1 1 0 0 2 1 5098 632
0x0000723b3da64000 0x0000000f08b91000 0 0 0 0 0 2 1 57628 576
0x0000723b3da64080 0x0000000f08b91080 0 0 0 0 0 2 1 57628 584
0x0000723b3da64100 0x0000000f08b91100 0 1 0 0 0 2 1 57628 576
0x0000723b3da64180 0x0000000f08b91180 0 1 0 0 0 2 1 57628 584
0x0000723b3da64200 0x0000000f08b91200 0 0 1 0 0 2 1 57628 576
0x0000723b3da64280 0x0000000f08b91280 0 0 1 0 0 2 1 57628 584
0x0000723b3da64300 0x0000000f08b91300 0 1 1 0 0 2 1 57628 576
0x0000723b3da64380 0x0000000f08b91380 0 1 1 0 0 2 1 57628 584
0x0000723b3da64400 0x0000000f08b91400 0 0 0 0 0 2 1 57628 592
0x0000723b3da64480 0x0000000f08b91480 0 0 0 0 0 2 1 57628 600
0x0000723b3da64500 0x0000000f08b91500 0 1 0 0 0 2 1 57628 592
0x0000723b3da64580 0x0000000f08b91580 0 1 0 0 0 2 1 57628 600
0x0000723b3da64600 0x0000000f08b91600 0 0 1 0 0 2 1 57628 592
0x0000723b3da64680 0x0000000f08b91680 0 0 1 0 0 2 1 57628 600
0x0000723b3da64700 0x0000000f08b91700 0 1 1 0 0 2 1 57628 592
0x0000723b3da64780 0x0000000f08b91780 0 1 1 0 0 2 1 57628 600
0x0000723b3da64800 0x0000000f08b91800 0 0 0 0 0 2 1 57628 608
0x0000723b3da64880 0x0000000f08b91880 0 0 0 0 0 2 1 57628 616
0x0000723b3da64900 0x0000000f08b91900 0 1 0 0 0 2 1 57628 608
0x0000723b3da64980 0x0000000f08b91980 0 1 0 0 0 2 1 57628 616
0x0000723b3da64a00 0x0000000f08b91a00 0 0 1 0 0 2 1 57628 608
0x0000723b3da64a80 0x0000000f08b91a80 0 0 1 0 0 2 1 57628 616
0x0000723b3da64b00 0x0000000f08b91b00 0 1 1 0 0 2 1 57628 608
0x0000723b3da64b80 0x0000000f08b91b80 0 1 1 0 0 2 1 57628 616
0x0000723b3da64c00 0x0000000f08b91c00 0 0 0 0 0 2 1 57628 624
0x0000723b3da64c80 0x0000000f08b91c80 0 0 0 0 0 2 1 57628 632
0x0000723b3da64d00 0x0000000f08b91d00 0 1 0 0 0 2 1 57628 624
0x0000723b3da64d80 0x0000000f08b91d80 0 1 0 0 0 2 1 57628 632
0x0000723b3da64e00 0x0000000f08b91e00 0 0 1 0 0 2 1 57628 624
0x0000723b3da64e80 0x0000000f08b91e80 0 0 1 0 0 2 1 57628 632
0x0000723b3da64f00 0x0000000f08b91f00 0 1 1 0 0 2 1 57628 624
0x0000723b3da64f80 0x0000000f08b91f80 0 1 1 0 0 2 1 57628 632
0x0000723b3da69000 0x0000000d6e3ea000 0 0 0 0 1 2 1 52695 128
0x0000723b3da69080 0x0000000d6e3ea080 0 0 0 0 1 2 1 52695 136
0x0000723b3da69100 0x0000000d6e3ea100 0 1 0 0 1 2 1 52695 128
0x0000723b3da69180 0x0000000d6e3ea180 0 1 0 0 1 2 1 52695 136
0x0000723b3da69200 0x0000000d6e3ea200 0 0 1 0 1 2 1 52695 128
0x0000723b3da69280 0x0000000d6e3ea280 0 0 1 0 1 2 1 52695 136
0x0000723b3da69300 0x0000000d6e3ea300 0 1 1 0 1 2 1 52695 128
0x0000723b3da69380 0x0000000d6e3ea380 0 1 1 0 1 2 1 52695 136
0x0000723b3da69400 0x0000000d6e3ea400 0 0 0 0 1 2 1 52695 144
0x0000723b3da69480 0x0000000d6e3ea480 0 0 0 0 1 2 1 52695 152
0x0000723b3da69500 0x0000000d6e3ea500 0 1 0 0 1 2 1 52695 144
0x0000723b3da69580 0x0000000d6e3ea580 0 1 0 0 1 2 1 52695 152
0x0000723b3da69600 0x0000000d6e3ea600 0 0 1 0 1 2 1 52695 144
0x0000723b3da69680 0x0000000d6e3ea680 0 0 1 0 1 2 1 52695 152
0x0000723b3da69700 0x0000000d6e3ea700 0 1 1 0 1 2 1 52695 144
0x0000723b3da69780 0x0000000d6e3ea780 0 1 1 0 1 2 1 52695 152
0x0000723b3da69800 0x0000000d6e3ea800 0 0 0 0 1 2 1 52695 160
0x0000723b3da69880 0x0000000d6e3ea880 0 0 0 0 1 2 1 52695 168
0x0000723b3da69900 0x0000000d6e3ea900 0 1 0 0 1 2 1 52695 160
0x0000723b3da69980 0x0000000d6e3ea980 0 1 0 0 1 2 1 52695 168
0x0000723b3da69a00 0x0000000d6e3eaa00 0 0 1 0 1 2 1 52695 160
0x0000723b3da69a80 0x0000000d6e3eaa80 0 0 1 0 1 2 1 52695 168
0x0000723b3da69b00 0x0000000d6e3eab00 0 1 1 0 1 2 1 52695 160
0x0000723b3da69b80 0x0000000d6e3eab80 0 1 1 0 1 2 1 52695 168
0x0000723b3da69c00 0x0000000d6e3eac00 0 0 0 0 1 2 1 52695 176
0x0000723b3da69c80 0x0000000d6e3eac80 0 0 0 0 1 2 1 52695 184
0x0000723b3da69d00 0x0000000d6e3ead00 0 1 0 0 1 2 1 52695 176
0x0000723b3da69d80 0x0000000d6e3ead80 0 1 0 0 1 2 1 52695 184
0x0000723b3da69e00 0x0000000d6e3eae00 0 0 1 0 1 2 1 52695 176
0x0000723b3da69e80 0x0000000d6e3eae80 0 0 1 0 1 2 1 52695 184
0x0000723b3da69f00 0x0000000d6e3eaf00 0 1 1 0 1 2 1 52695 176
0x0000723b3da69f80 0x0000000d6e3eaf80 0 1 1 0 1 2 1 52695 184
0x0000723b3da6f000 0x00000007a5344000 0 0 0 0 0 2 1 29858 256
0x0000723b3da6f080 0x00000007a5344080 0 0 0 0 0 2 1 29858 264
0x0000723b3da6f100 0x00000007a5344100 0 1 0 0 0 2 1 29858 256
0x0000723b3da6f180 0x00000007a5344180 0 1 0 0 0 2 1 29858 264
0x0000723b3da6f200 0x00000007a5344200 0 0 1 0 0 2 1 29858 256
0x0000723b3da6f280 0x00000007a5344280 0 0 1 0 0 2 1 29858 264
0x0000723b3da6f300 0x00000007a5344300 0 1 1 0 0 2 1 29858 256
0x0000723b3da6f380 0x00000007a5344380 0 1 1 0 0 2 1 29858 264
0x0000723b3da6f400 0x00000007a5344400 0 0 0 0 0 2 1 29858 272
0x0000723b3da6f480 0x00000007a5344480 0 0 0 0 0 2 1 29858 280
0x0000723b3da6f500 0x00000007a5344500 0 1 0 0 0 2 1 29858 272
0x0000723b3da6f580 0x00000007a5344580 0 1 0 0 0 2 1 29858 280
0x0000723b3da6f600 0x00000007a5344600 0 0 1 0 0 2 1 29858 272
0x0000723b3da6f680 0x00000007a5344680 0 0 1 0 0 2 1 29858 280
0x0000723b3da6f700 0x00000007a5344700 0 1 1 0 0 2 1 29858 272
0x0000723b3da6f780 0x00000007a5344780 0 1 1 0 0 2 1 29858 280
0x0000723b3da6f800 0x00000007a5344800 0 0 0 0 0 2 1 29858 288
0x0000723b3da6f880 0x00000007a5344880 0 0 0 0 0 2 1 29858 296
0x0000723b3da6f900 0x00000007a5344900 0 1 0 0 0 2 1 29858 288
0x0000723b3da6f980 0x00000007a5344980 0 1 0 0 0 2 1 29858 296
0x0000723b3da6fa00 0x00000007a5344a00 0 0 1 0 0 2 1 29858 288
0x0000723b3da6fa80 0x00000007a5344a80 0 0 1 0 0 2 1 29858 296
0x0000723b3da6fb00 0x00000007a5344b00 0 1 1 0 0 2 1 29858 288
0x0000723b3da6fb80 0x00000007a5344b80 0 1 1 0 0 2 1 29858 296
0x0000723b3da6fc00 0x00000007a5344c00 0 0 0 0 0 2 1 29858 304
0x0000723b3da6fc80 0x00000007a5344c80 0 0 0 0 0 2 1 29858 312
0x0000723b3da6fd00 0x00000007a5344d00 0 1 0 0 0 2 1 29858 304
0x0000723b3da6fd80 0x00000007a5344d80 0 1 0 0 0 2 1 29858 312
0x0000723b3da6fe00 0x00000007a5344e00 0 0 1 0 0 2 1 29858 304
0x0000723b3da6fe80 0x00000007a5344e80 0 0 1 0 0 2 1 29858 312
0x0000723b3da6ff00 0x00000007a5344f00 0 1 1 0 0 2 1 29858 304
0x0000723b3da6ff80 0x00000007a5344f80 0 1 1 0 0 2 1 29858 312
0x0000723b3da75000 0x00000007a5345000 0 0 0 0 0 2 1 29858 320
0x0000723b3da75080 0x00000007a5345080 0 0 0 0 0 2 1 29858 328
0x0000723b3da75100 0x00000007a5345100 0 1 0 0 0 2 1 29858 320
0x0000723b3da75180 0x00000007a5345180 0 1 0 0 0 2 1 29858 328
0x0000723b3da75200 0x00000007a5345200 0 0 1 0 0 2 1 29858 320
0x0000723b3da75280 0x00000007a5345280 0 0 1 0 0 2 1 29858 328
0x0000723b3da75300 0x00000007a5345300 0 1 1 0 0 2 1 29858 320
0x0000723b3da75380 0x00000007a5345380 0 1 1 0 0 2 1 29858 328
0x0000723b3da75400 0x00000007a5345400 0 0 0 0 0 2 1 29858 336
0x0000723b3da75480 0x00000007a5345480 0 0 0 0 0 2 1 29858 344
0x0000723b3da75500 0x00000007a5345500 0 1 0 0 0 2 1 29858 336
0x0000723b3da75580 0x00000007a5345580 0 1 0 0 0 2 1 29858 344
0x0000723b3da75600 0x00000007a5345600 0 0 1 0 0 2 1 29858 336
0x0000723b3da75680 0x00000007a5345680 0 0 1 0 0 2 1 29858 344
0x0000723b3da75700 0x00000007a5345700 0 1 1 0 0 2 1 29858 336
0x0000723b3da75780 0x00000007a5345780 0 1 1 0 0 2 1 29858 344
0x0000723b3da75800 0x00000007a5345800 0 0 0 0 0 2 1 29858 352
0x0000723b3da75880 0x00000007a5345880 0 0 0 0 0 2 1 29858 360
0x0000723b3da75900 0x00000007a5345900 0 1 0 0 0 2 1 29858 352
0x0000723b3da75980 0x00000007a5345980 0 1 0 0 0 2 1 29858 360
0x0000723b3da75a00 0x00000007a5345a00 0 0 1 0 0 2 1 29858 352
0x0000723b3da75a80 0x00000007a5345a80 0 0 1 0 0 2 1 29858 360
0x0000723b3da75b00 0x00000007a5345b00 0 1 1 0 0 2 1 29858 352
0x0000723b3da75b80 0x00000007a5345b80 0 1 1 0 0 2 1 29858 360
0x0000723b3da75c00 0x00000007a5345c00 0 0 0 0 0 2 1 29858 368
0x0000723b3da75c80 0x00000007a5345c80 0 0 0 0 0 2 1 29858 376
0x0000723b3da75d00 0x00000007a5345d00 0 1 0 0 0 2 1 29858 368
0x0000723b3da75d80 0x00000007a5345d80 0 1 0 0 0 2 1 29858 376
0x0000723b3da75e00 0x00000007a5345e00 0 0 1 0 0 2 1 29858 368
0x0000723b3da75e80 0x00000007a5345e80 0 0 1 0 0 2 1 29858 376
0x0000723b3da75f00 0x00000007a5345f00 0 1 1 0 0 2 1 29858 368
0x0000723b3da75f80 0x00000007a5345f80 0 1 1 0 0 2 1 29858 376
0x0000723b3da83000 0x0000000bb0bf8000 0 0 0 0 1 2 1 46607 512
0x0000723b3da83080 0x0000000bb0bf8080 0 0 0 0 1 2 1 46607 520
0x0000723b3da83100 0x0000000bb0bf8100 0 1 0 0 1 2 1 46607 512
0x0000723b3da83180 0x0000000bb0bf8180 0 1 0 0 1 2 1 46607 520
0x0000723b3da83200 0x0000000bb0bf8200 0 0 1 0 1 2 1 46607 512
0x0000723b3da83280 0x0000000bb0bf8280 0 0 1 0 1 2 1 46607 520
0x0000723b3da83300 0x0000000bb0bf8300 0 1 1 0 1 2 1 46607 512
0x0000723b3da83380 0x0000000bb0bf8380 0 1 1 0 1 2 1 46607 520
0x0000723b3da83400 0x0000000bb0bf8400 0 0 0 0 1 2 1 46607 528
0x0000723b3da83480 0x0000000bb0bf8480 0 0 0 0 1 2 1 46607 536
0x0000723b3da83500 0x0000000bb0bf8500 0 1 0 0 1 2 1 46607 528
0x0000723b3da83580 0x0000000bb0bf8580 0 1 0 0 1 2 1 46607 536
0x0000723b3da83600 0x0000000bb0bf8600 0 0 1 0 1 2 1 46607 528
0x0000723b3da83680 0x0000000bb0bf8680 0 0 1 0 1 2 1 46607 536
0x0000723b3da83700 0x0000000bb0bf8700 0 1 1 0 1 2 1 46607 528
0x0000723b3da83780 0x0000000bb0bf8780 0 1 1 0 1 2 1 46607 536
0x0000723b3da83800 0x0000000bb0bf8800 0 0 0 0 1 2 1 46607 544
0x0000723b3da83880 0x0000000bb0bf8880 0 0 0 0 1 2 1 46607 552
0x0000723b3da83900 0x0000000bb0bf8900 0 1 0 0 1 2 1 46607 544
0x0000723b3da83980 0x0000000bb0bf8980 0 1 0 0 1 2 1 46607 552
0x0000723b3da83a00 0x0000000bb0bf8a00 0 0 1 0 1 2 1 46607 544
0x0000723b3da83a80 0x0000000bb0bf8a80 0 0 1 0 1 2 1 46607 552
0x0000723b3da83b00 0x0000000bb0bf8b00 0 1 1 0 1 2 1 46607 544
0x0000723b3da83b80 0x0000000bb0bf8b80 0 1 1 0 1 2 1 46607 552
0x0000723b3da83c00 0x0000000bb0bf8c00 0 0 0 0 1 2 1 46607 560
0x0000723b3da83c80 0x0000000bb0bf8c80 0 0 0 0 1 2 1 46607 568
0x0000723b3da83d00 0x0000000bb0bf8d00 0 1 0 0 1 2 1 46607 560
0x0000723b3da83d80 0x0000000bb0bf8d80 0 1 0 0 1 2 1 46607 568
0x0000723b3da83e00 0x0000000bb0bf8e00 0 0 1 0 1 2 1 46607 560
0x0000723b3da83e80 0x0000000bb0bf8e80 0 0 1 0 1 2 1 46607 568
0x0000723b3da83f00 0x0000000bb0bf8f00 0 1 1 0 1 2 1 46607 560
0x0000723b3da83f80 0x0000000bb0bf8f80 0 1 1 0 1 2 1 46607 568
0x0000723b3da84000 0x0000000d1dba7000 0 0 0 0 0 2 1 50109 448
0x0000723b3da84080 0x0000000d1dba7080 0 0 0 0 0 2 1 50109 456
0x0000723b3da84100 0x0000000d1dba7100 0 1 0 0 0 2 1 50109 448
0x0000723b3da84180 0x0000000d1dba7180 0 1 0 0 0 2 1 50109 456
0x0000723b3da84200 0x0000000d1dba7200 0 0 1 0 0 2 1 50109 448
0x0000723b3da84280 0x0000000d1dba7280 0 0 1 0 0 2 1 50109 456
0x0000723b3da84300 0x0000000d1dba7300 0 1 1 0 0 2 1 50109 448
0x0000723b3da84380 0x0000000d1dba7380 0 1 1 0 0 2 1 50109 456
0x0000723b3da84400 0x0000000d1dba7400 0 0 0 0 0 2 1 50109 464
0x0000723b3da84480 0x0000000d1dba7480 0 0 0 0 0 2 1 50109 472
0x0000723b3da84500 0x0000000d1dba7500 0 1 0 0 0 2 1 50109 464
0x0000723b3da84580 0x0000000d1dba7580 0 1 0 0 0 2 1 50109 472
0x0000723b3da84600 0x0000000d1dba7600 0 0 1 0 0 2 1 50109 464
0x0000723b3da84680 0x0000000d1dba7680 0 0 1 0 0 2 1 50109 472
0x0000723b3da84700 0x0000000d1dba7700 0 1 1 0 0 2 1 50109 464
0x0000723b3da84780 0x0000000d1dba7780 0 1 1 0 0 2 1 50109 472
0x0000723b3da84800 0x0000000d1dba7800 0 0 0 0 0 2 1 50109 480
0x0000723b3da84880 0x0000000d1dba7880 0 0 0 0 0 2 1 50109 488
0x0000723b3da84900 0x0000000d1dba7900 0 1 0 0 0 2 1 50109 480
0x0000723b3da84980 0x0000000d1dba7980 0 1 0 0 0 2 1 50109 488
0x0000723b3da84a00 0x0000000d1dba7a00 0 0 1 0 0 2 1 50109 480
0x0000723b3da84a80 0x0000000d1dba7a80 0 0 1 0 0 2 1 50109 488
0x0000723b3da84b00 0x0000000d1dba7b00 0 1 1 0 0 2 1 50109 480
0x0000723b3da84b80 0x0000000d1dba7b80 0 1 1 0 0 2 1 50109 488
0x0000723b3da84c00 0x0000000d1dba7c00 0 0 0 0 0 2 1 50109 496
0x0000723b3da84c80 0x0000000d1dba7c80 0 0 0 0 0 2 1 50109 504
0x0000723b3da84d00 0x0000000d1dba7d00 0 1 0 0 0 2 1 50109 496
0x0000723b3da84d80 0x0000000d1dba7d80 0 1 0 0 0 2 1 50109 504
0x0000723b3da84e00 0x0000000d1dba7e00 0 0 1 0 0 2 1 50109 496
0x0000723b3da84e80 0x0000000d1dba7e80 0 0 1 0 0 2 1 50109 504
0x0000723b3da84f00 0x0000000d1dba7f00 0 1 1 0 0 2 1 50109 496
0x0000723b3da84f80 0x0000000d1dba7f80 0 1 1 0 0 2 1 50109 504
0x0000723b3da85000 0x0000000c50b35000 0 0 0 0 0 2 1 47641 832
0x0000723b3da85080 0x0000000c50b35080 0 0 0 0 0 2 1 47641 840
0x0000723b3da85100 0x0000000c50b35100 0 1 0 0 0 2 1 47641 832
0x0000723b3da85180 0x0000000c50b35180 0 1 0 0 0 2 1 47641 840
0x0000723b3da85200 0x0000000c50b35200 0 0 1 0 0 2 1 47641 832
0x0000723b3da85280 0x0000000c50b35280 0 0 1 0 0 2 1 47641 840
0x0000723b3da85300 0x0000000c50b35300 0 1 1 0 0 2 1 47641 832
0x0000723b3da85380 0x0000000c50b35380 0 1 1 0 0 2 1 47641 840
0x0000723b3da85400 0x0000000c50b35400 0 0 0 0 0 2 1 47641 848
0x0000723b3da85480 0x0000000c50b35480 0 0 0 0 0 2 1 47641 856
0x0000723b3da85500 0x0000000c50b35500 0 1 0 0 0 2 1 47641 848
0x0000723b3da85580 0x0000000c50b35580 0 1 0 0 0 2 1 47641 856
0x0000723b3da85600 0x0000000c50b35600 0 0 1 0 0 2 1 47641 848
0x0000723b3da85680 0x0000000c50b35680 0 0 1 0 0 2 1 47641 856
0x0000723b3da85700 0x0000000c50b35700 0 1 1 0 0 2 1 47641 848
0x0000723b3da85780 0x0000000c50b35780 0 1 1 0 0 2 1 47641 856
0x0000723b3da85800 0x0000000c50b35800 0 0 0 0 0 2 1 47641 864
0x0000723b3da85880 0x0000000c50b35880 0 0 0 0 0 2 1 47641 872
0x0000723b3da85900 0x0000000c50b35900 0 1 0 0 0 2 1 47641 864
0x0000723b3da85980 0x0000000c50b35980 0 1 0 0 0 2 1 47641 872
0x0000723b3da85a00 0x0000000c50b35a00 0 0 1 0 0 2 1 47641 864
0x0000723b3da85a80 0x0000000c50b35a80 0 0 1 0 0 2 1 47641 872
0x0000723b3da85b00 0x0000000c50b35b00 0 1 1 0 0 2 1 47641 864
0x0000723b3da85b80 0x0000000c50b35b80 0 1 1 0 0 2 1 47641 872
0x0000723b3da85c00 0x0000000c50b35c00 0 0 0 0 0 2 1 47641 880
0x0000723b3da85c80 0x0000000c50b35c80 0 0 0 0 0 2 1 47641 888
0x0000723b3da85d00 0x0000000c50b35d00 0 1 0 0 0 2 1 47641 880
0x0000723b3da85d80 0x0000000c50b35d80 0 1 0 0 0 2 1 47641 888
0x0000723b3da85e00 0x0000000c50b35e00 0 0 1 0 0 2 1 47641 880
0x0000723b3da85e80 0x0000000c50b35e80 0 0 1 0 0 2 1 47641 888
0x0000723b3da85f00 0x0000000c50b35f00 0 1 1 0 0 2 1 47641 880
0x0000723b3da85f80 0x0000000c50b35f80 0 1 1 0 0 2 1 47641 888
0x0000723b3da86000 0x0000000c50b34000 0 0 0 0 0 2 1 47641 768
0x0000723b3da86080 0x0000000c50b34080 0 0 0 0 0 2 1 47641 776
0x0000723b3da86100 0x0000000c50b34100 0 1 0 0 0 2 1 47641 768
0x0000723b3da86180 0x0000000c50b34180 0 1 0 0 0 2 1 47641 776
0x0000723b3da86200 0x0000000c50b34200 0 0 1 0 0 2 1 47641 768
0x0000723b3da86280 0x0000000c50b34280 0 0 1 0 0 2 1 47641 776
0x0000723b3da86300 0x0000000c50b34300 0 1 1 0 0 2 1 47641 768
0x0000723b3da86380 0x0000000c50b34380 0 1 1 0 0 2 1 47641 776
0x0000723b3da86400 0x0000000c50b34400 0 0 0 0 0 2 1 47641 784
0x0000723b3da86480 0x0000000c50b34480 0 0 0 0 0 2 1 47641 792
0x0000723b3da86500 0x0000000c50b34500 0 1 0 0 0 2 1 47641 784
0x0000723b3da86580 0x0000000c50b34580 0 1 0 0 0 2 1 47641 792
0x0000723b3da86600 0x0000000c50b34600 0 0 1 0 0 2 1 47641 784
0x0000723b3da86680 0x0000000c50b34680 0 0 1 0 0 2 1 47641 792
0x0000723b3da86700 0x0000000c50b34700 0 1 1 0 0 2 1 47641 784
0x0000723b3da86780 0x0000000c50b34780 0 1 1 0 0 2 1 47641 792
0x0000723b3da86800 0x0000000c50b34800 0 0 0 0 0 2 1 47641 800
0x0000723b3da86880 0x0000000c50b34880 0 0 0 0 0 2 1 47641 808
0x0000723b3da86900 0x0000000c50b34900 0 1 0 0 0 2 1 47641 800
0x0000723b3da86980 0x0000000c50b34980 0 1 0 0 0 2 1 47641 808
0x0000723b3da86a00 0x0000000c50b34a00 0 0 1 0 0 2 1 47641 800
0x0000723b3da86a80 0x0000000c50b34a80 0 0 1 0 0 2 1 47641 808
0x0000723b3da86b00 0x0000000c50b34b00 0 1 1 0 0 2 1 47641 800
0x0000723b3da86b80 0x0000000c50b34b80 0 1 1 0 0 2 1 47641 808
0x0000723b3da86c00 0x0000000c50b34c00 0 0 0 0 0 2 1 47641 816
0x0000723b3da86c80 0x0000000c50b34c80 0 0 0 0 0 2 1 47641 824
0x0000723b3da86d00 0x0000000c50b34d00 0 1 0 0 0 2 1 47641 816
0x0000723b3da86d80 0x0000000c50b34d80 0 1 0 0 0 2 1 47641 824
0x0000723b3da86e00 0x0000000c50b34e00 0 0 1 0 0 2 1 47641 816
0x0000723b3da86e80 0x0000000c50b34e80 0 0 1 0 0 2 1 47641 824
0x0000723b3da86f00 0x0000000c50b34f00 0 1 1 0 0 2 1 47641 816
0x0000723b3da86f80 0x0000000c50b34f80 0 1 1 0 0 2 1 47641 824
0x0000723b3da94000 0x0000000c843f0000 0 0 0 0 0 2 1 49287 512
0x0000723b3da94080 0x0000000c843f0080 0 0 0 0 0 2 1 49287 520
0x0000723b3da94100 0x0000000c843f0100 0 1 0 0 0 2 1 49287 512
0x0000723b3da94180 0x0000000c843f0180 0 1 0 0 0 2 1 49287 520
0x0000723b3da94200 0x0000000c843f0200 0 0 1 0 0 2 1 49287 512
0x0000723b3da94280 0x0000000c843f0280 0 0 1 0 0 2 1 49287 520
0x0000723b3da94300 0x0000000c843f0300 0 1 1 0 0 2 1 49287 512
0x0000723b3da94380 0x0000000c843f0380 0 1 1 0 0 2 1 49287 520
0x0000723b3da94400 0x0000000c843f0400 0 0 0 0 0 2 1 49287 528
0x0000723b3da94480 0x0000000c843f0480 0 0 0 0 0 2 1 49287 536
0x0000723b3da94500 0x0000000c843f0500 0 1 0 0 0 2 1 49287 528
0x0000723b3da94580 0x0000000c843f0580 0 1 0 0 0 2 1 49287 536
0x0000723b3da94600 0x0000000c843f0600 0 0 1 0 0 2 1 49287 528
0x0000723b3da94680 0x0000000c843f0680 0 0 1 0 0 2 1 49287 536
0x0000723b3da94700 0x0000000c843f0700 0 1 1 0 0 2 1 49287 528
0x0000723b3da94780 0x0000000c843f0780 0 1 1 0 0 2 1 49287 536
0x0000723b3da94800 0x0000000c843f0800 0 0 0 0 0 2 1 49287 544
0x0000723b3da94880 0x0000000c843f0880 0 0 0 0 0 2 1 49287 552
0x0000723b3da94900 0x0000000c843f0900 0 1 0 0 0 2 1 49287 544
0x0000723b3da94980 0x0000000c843f0980 0 1 0 0 0 2 1 49287 552
0x0000723b3da94a00 0x0000000c843f0a00 0 0 1 0 0 2 1 49287 544
0x0000723b3da94a80 0x0000000c843f0a80 0 0 1 0 0 2 1 49287 552
0x0000723b3da94b00 0x0000000c843f0b00 0 1 1 0 0 2 1 49287 544
0x0000723b3da94b80 0x0000000c843f0b80 0 1 1 0 0 2 1 49287 552
0x0000723b3da94c00 0x0000000c843f0c00 0 0 0 0 0 2 1 49287 560
0x0000723b3da94c80 0x0000000c843f0c80 0 0 0 0 0 2 1 49287 568
0x0000723b3da94d00 0x0000000c843f0d00 0 1 0 0 0 2 1 49287 560
0x0000723b3da94d80 0x0000000c843f0d80 0 1 0 0 0 2 1 49287 568
0x0000723b3da94e00 0x0000000c843f0e00 0 0 1 0 0 2 1 49287 560
0x0000723b3da94e80 0x0000000c843f0e80 0 0 1 0 0 2 1 49287 568
0x0000723b3da94f00 0x0000000c843f0f00 0 1 1 0 0 2 1 49287 560
0x0000723b3da94f80 0x0000000c843f0f80 0 1 1 0 0 2 1 49287 568
0x0000723b3da97000 0x0000000c843f3000 0 0 0 0 0 2 1 49287 704
0x0000723b3da97080 0x0000000c843f3080 0 0 0 0 0 2 1 49287 712
0x0000723b3da97100 0x0000000c843f3100 0 1 0 0 0 2 1 49287 704
0x0000723b3da97180 0x0000000c843f3180 0 1 0 0 0 2 1 49287 712
0x0000723b3da97200 0x0000000c843f3200 0 0 1 0 0 2 1 49287 704
0x0000723b3da97280 0x0000000c843f3280 0 0 1 0 0 2 1 49287 712
0x0000723b3da97300 0x0000000c843f3300 0 1 1 0 0 2 1 49287 704
0x0000723b3da97380 0x0000000c843f3380 0 1 1 0 0 2 1 49287 712
0x0000723b3da97400 0x0000000c843f3400 0 0 0 0 0 2 1 49287 720
0x0000723b3da97480 0x0000000c843f3480 0 0 0 0 0 2 1 49287 728
0x0000723b3da97500 0x0000000c843f3500 0 1 0 0 0 2 1 49287 720
0x0000723b3da97580 0x0000000c843f3580 0 1 0 0 0 2 1 49287 728
0x0000723b3da97600 0x0000000c843f3600 0 0 1 0 0 2 1 49287 720
0x0000723b3da97680 0x0000000c843f3680 0 0 1 0 0 2 1 49287 728
0x0000723b3da97700 0x0000000c843f3700 0 1 1 0 0 2 1 49287 720
0x0000723b3da97780 0x0000000c843f3780 0 1 1 0 0 2 1 49287 728
0x0000723b3da97800 0x0000000c843f3800 0 0 0 0 0 2 1 49287 736
0x0000723b3da97880 0x0000000c843f3880 0 0 0 0 0 2 1 49287 744
0x0000723b3da97900 0x0000000c843f3900 0 1 0 0 0 2 1 49287 736
0x0000723b3da97980 0x0000000c843f3980 0 1 0 0 0 2 1 49287 744
0x0000723b3da97a00 0x0000000c843f3a00 0 0 1 0 0 2 1 49287 736
0x0000723b3da97a80 0x0000000c843f3a80 0 0 1 0 0 2 1 49287 744
0x0000723b3da97b00 0x0000000c843f3b00 0 1 1 0 0 2 1 49287 736
0x0000723b3da97b80 0x0000000c843f3b80 0 1 1 0 0 2 1 49287 744
0x0000723b3da97c00 0x0000000c843f3c00 0 0 0 0 0 2 1 49287 752
0x0000723b3da97c80 0x0000000c843f3c80 0 0 0 0 0 2 1 49287 760
0x0000723b3da97d00 0x0000000c843f3d00 0 1 0 0 0 2 1 49287 752
0x0000723b3da97d80 0x0000000c843f3d80 0 1 0 0 0 2 1 49287 760
0x0000723b3da97e00 0x0000000c843f3e00 0 0 1 0 0 2 1 49287 752
0x0000723b3da97e80 0x0000000c843f3e80 0 0 1 0 0 2 1 49287 760
0x0000723b3da97f00 0x0000000c843f3f00 0 1 1 0 0 2 1 49287 752
0x0000723b3da97f80 0x0000000c843f3f80 0 1 1 0 0 2 1 49287 760
0x0000723b3daa1000 0x0000000e17372000 0 0 0 0 0 2 1 54003 640
0x0000723b3daa1080 0x0000000e17372080 0 0 0 0 0 2 1 54003 648
0x0000723b3daa1100 0x0000000e17372100 0 1 0 0 0 2 1 54003 640
0x0000723b3daa1180 0x0000000e17372180 0 1 0 0 0 2 1 54003 648
0x0000723b3daa1200 0x0000000e17372200 0 0 1 0 0 2 1 54003 640
0x0000723b3daa1280 0x0000000e17372280 0 0 1 0 0 2 1 54003 648
0x0000723b3daa1300 0x0000000e17372300 0 1 1 0 0 2 1 54003 640
0x0000723b3daa1380 0x0000000e17372380 0 1 1 0 0 2 1 54003 648
0x0000723b3daa1400 0x0000000e17372400 0 0 0 0 0 2 1 54003 656
0x0000723b3daa1480 0x0000000e17372480 0 0 0 0 0 2 1 54003 664
0x0000723b3daa1500 0x0000000e17372500 0 1 0 0 0 2 1 54003 656
0x0000723b3daa1580 0x0000000e17372580 0 1 0 0 0 2 1 54003 664
0x0000723b3daa1600 0x0000000e17372600 0 0 1 0 0 2 1 54003 656
0x0000723b3daa1680 0x0000000e17372680 0 0 1 0 0 2 1 54003 664
0x0000723b3daa1700 0x0000000e17372700 0 1 1 0 0 2 1 54003 656
0x0000723b3daa1780 0x0000000e17372780 0 1 1 0 0 2 1 54003 664
0x0000723b3daa1800 0x0000000e17372800 0 0 0 0 0 2 1 54003 672
0x0000723b3daa1880 0x0000000e17372880 0 0 0 0 0 2 1 54003 680
0x0000723b3daa1900 0x0000000e17372900 0 1 0 0 0 2 1 54003 672
0x0000723b3daa1980 0x0000000e17372980 0 1 0 0 0 2 1 54003 680
0x0000723b3daa1a00 0x0000000e17372a00 0 0 1 0 0 2 1 54003 672
0x0000723b3daa1a80 0x0000000e17372a80 0 0 1 0 0 2 1 54003 680
0x0000723b3daa1b00 0x0000000e17372b00 0 1 1 0 0 2 1 54003 672
0x0000723b3daa1b80 0x0000000e17372b80 0 1 1 0 0 2 1 54003 680
0x0000723b3daa1c00 0x0000000e17372c00 0 0 0 0 0 2 1 54003 688
0x0000723b3daa1c80 0x0000000e17372c80 0 0 0 0 0 2 1 54003 696
0x0000723b3daa1d00 0x0000000e17372d00 0 1 0 0 0 2 1 54003 688
0x0000723b3daa1d80 0x0000000e17372d80 0 1 0 0 0 2 1 54003 696
0x0000723b3daa1e00 0x0000000e17372e00 0 0 1 0 0 2 1 54003 688
0x0000723b3daa1e80 0x0000000e17372e80 0 0 1 0 0 2 1 54003 696
0x0000723b3daa1f00 0x0000000e17372f00 0 1 1 0 0 2 1 54003 688
0x0000723b3daa1f80 0x0000000e17372f80 0 1 1 0 0 2 1 54003 696
0x0000723b3daa4000 0x000000072fb14000 0 0 0 0 0 2 1 26104 768
0x0000723b3daa4080 0x000000072fb14080 0 0 0 0 0 2 1 26104 776
0x0000723b3daa4100 0x000000072fb14100 0 1 0 0 0 2 1 26104 768
0x0000723b3daa4180 0x000000072fb14180 0 1 0 0 0 2 1 26104 776
0x0000723b3daa4200 0x000000072fb14200 0 0 1 0 0 2 1 26104 768
0x0000723b3daa4280 0x000000072fb14280 0 0 1 0 0 2 1 26104 776
0x0000723b3daa4300 0x000000072fb14300 0 1 1 0 0 2 1 26104 768
0x0000723b3daa4380 0x000000072fb14380 0 1 1 0 0 2 1 26104 776
0x0000723b3daa4400 0x000000072fb14400 0 0 0 0 0 2 1 26104 784
0x0000723b3daa4480 0x000000072fb14480 0 0 0 0 0 2 1 26104 792
0x0000723b3daa4500 0x000000072fb14500 0 1 0 0 0 2 1 26104 784
0x0000723b3daa4580 0x000000072fb14580 0 1 0 0 0 2 1 26104 792
0x0000723b3daa4600 0x000000072fb14600 0 0 1 0 0 2 1 26104 784
0x0000723b3daa4680 0x000000072fb14680 0 0 1 0 0 2 1 26104 792
0x0000723b3daa4700 0x000000072fb14700 0 1 1 0 0 2 1 26104 784
0x0000723b3daa4780 0x000000072fb14780 0 1 1 0 0 2 1 26104 792
0x0000723b3daa4800 0x000000072fb14800 0 0 0 0 0 2 1 26104 800
0x0000723b3daa4880 0x000000072fb14880 0 0 0 0 0 2 1 26104 808
0x0000723b3daa4900 0x000000072fb14900 0 1 0 0 0 2 1 26104 800
0x0000723b3daa4980 0x000000072fb14980 0 1 0 0 0 2 1 26104 808
0x0000723b3daa4a00 0x000000072fb14a00 0 0 1 0 0 2 1 26104 800
0x0000723b3daa4a80 0x000000072fb14a80 0 0 1 0 0 2 1 26104 808
0x0000723b3daa4b00 0x000000072fb14b00 0 1 1 0 0 2 1 26104 800
0x0000723b3daa4b80 0x000000072fb14b80 0 1 1 0 0 2 1 26104 808
0x0000723b3daa4c00 0x000000072fb14c00 0 0 0 0 0 2 1 26104 816
0x0000723b3daa4c80 0x000000072fb14c80 0 0 0 0 0 2 1 26104 824
0x0000723b3daa4d00 0x000000072fb14d00 0 1 0 0 0 2 1 26104 816
0x0000723b3daa4d80 0x000000072fb14d80 0 1 0 0 0 2 1 26104 824
0x0000723b3daa4e00 0x000000072fb14e00 0 0 1 0 0 2 1 26104 816
0x0000723b3daa4e80 0x000000072fb14e80 0 0 1 0 0 2 1 26104 824
0x0000723b3daa4f00 0x000000072fb14f00 0 1 1 0 0 2 1 26104 816
0x0000723b3daa4f80 0x000000072fb14f80 0 1 1 0 0 2 1 26104 824
0x0000723b3daa6000 0x000000072fb17000 0 0 0 0 0 2 1 26104 960
0x0000723b3daa6080 0x000000072fb17080 0 0 0 0 0 2 1 26104 968
0x0000723b3daa6100 0x000000072fb17100 0 1 0 0 0 2 1 26104 960
0x0000723b3daa6180 0x000000072fb17180 0 1 0 0 0 2 1 26104 968
0x0000723b3daa6200 0x000000072fb17200 0 0 1 0 0 2 1 26104 960
0x0000723b3daa6280 0x000000072fb17280 0 0 1 0 0 2 1 26104 968
0x0000723b3daa6300 0x000000072fb17300 0 1 1 0 0 2 1 26104 960
0x0000723b3daa6380 0x000000072fb17380 0 1 1 0 0 2 1 26104 968
0x0000723b3daa6400 0x000000072fb17400 0 0 0 0 0 2 1 26104 976
0x0000723b3daa6480 0x000000072fb17480 0 0 0 0 0 2 1 26104 984
0x0000723b3daa6500 0x000000072fb17500 0 1 0 0 0 2 1 26104 976
0x0000723b3daa6580 0x000000072fb17580 0 1 0 0 0 2 1 26104 984
0x0000723b3daa6600 0x000000072fb17600 0 0 1 0 0 2 1 26104 976
0x0000723b3daa6680 0x000000072fb17680 0 0 1 0 0 2 1 26104 984
0x0000723b3daa6700 0x000000072fb17700 0 1 1 0 0 2 1 26104 976
0x0000723b3daa6780 0x000000072fb17780 0 1 1 0 0 2 1 26104 984
0x0000723b3daa6800 0x000000072fb17800 0 0 0 0 0 2 1 26104 992
0x0000723b3daa6880 0x000000072fb17880 0 0 0 0 0 2 1 26104 1000
0x0000723b3daa6900 0x000000072fb17900 0 1 0 0 0 2 1 26104 992
0x0000723b3daa6980 0x000000072fb17980 0 1 0 0 0 2 1 26104 1000
0x0000723b3daa6a00 0x000000072fb17a00 0 0 1 0 0 2 1 26104 992
0x0000723b3daa6a80 0x000000072fb17a80 0 0 1 0 0 2 1 26104 1000
0x0000723b3daa6b00 0x000000072fb17b00 0 1 1 0 0 2 1 26104 992
0x0000723b3daa6b80 0x000000072fb17b80 0 1 1 0 0 2 1 26104 1000
0x0000723b3daa6c00 0x000000072fb17c00 0 0 0 0 0 2 1 26104 1008
0x0000723b3daa6c80 0x000000072fb17c80 0 0 0 0 0 2 1 26104 1016
0x0000723b3daa6d00 0x000000072fb17d00 0 1 0 0 0 2 1 26104 1008
0x0000723b3daa6d80 0x000000072fb17d80 0 1 0 0 0 2 1 26104 1016
0x0000723b3daa6e00 0x000000072fb17e00 0 0 1 0 0 2 1 26104 1008
0x0000723b3daa6e80 0x000000072fb17e80 0 0 1 0 0 2 1 26104 1016
0x0000723b3daa6f00 0x000000072fb17f00 0 1 1 0 0 2 1 26104 1008
0x0000723b3daa6f80 0x000000072fb17f80 0 1 1 0 0 2 1 26104 1016
0x0000723b3daa7000 0x000000072fb16000 0 0 0 0 0 2 1 26104 896
0x0000723b3daa7080 0x000000072fb16080 0 0 0 0 0 2 1 26104 904
0x0000723b3daa7100 0x000000072fb16100 0 1 0 0 0 2 1 26104 896
0x0000723b3daa7180 0x000000072fb16180 0 1 0 0 0 2 1 26104 904
0x0000723b3daa7200 0x000000072fb16200 0 0 1 0 0 2 1 26104 896
0x0000723b3daa7280 0x000000072fb16280 0 0 1 0 0 2 1 26104 904
0x0000723b3daa7300 0x000000072fb16300 0 1 1 0 0 2 1 26104 896
0x0000723b3daa7380 0x000000072fb16380 0 1 1 0 0 2 1 26104 904
0x0000723b3daa7400 0x000000072fb16400 0 0 0 0 0 2 1 26104 912
0x0000723b3daa7480 0x000000072fb16480 0 0 0 0 0 2 1 26104 920
0x0000723b3daa7500 0x000000072fb16500 0 1 0 0 0 2 1 26104 912
0x0000723b3daa7580 0x000000072fb16580 0 1 0 0 0 2 1 26104 920
0x0000723b3daa7600 0x000000072fb16600 0 0 1 0 0 2 1 26104 912
0x0000723b3daa7680 0x000000072fb16680 0 0 1 0 0 2 1 26104 920
0x0000723b3daa7700 0x000000072fb16700 0 1 1 0 0 2 1 26104 912
0x0000723b3daa7780 0x000000072fb16780 0 1 1 0 0 2 1 26104 920
0x0000723b3daa7800 0x000000072fb16800 0 0 0 0 0 2 1 26104 928
0x0000723b3daa7880 0x000000072fb16880 0 0 0 0 0 2 1 26104 936
0x0000723b3daa7900 0x000000072fb16900 0 1 0 0 0 2 1 26104 928
0x0000723b3daa7980 0x000000072fb16980 0 1 0 0 0 2 1 26104 936
0x0000723b3daa7a00 0x000000072fb16a00 0 0 1 0 0 2 1 26104 928
0x0000723b3daa7a80 0x000000072fb16a80 0 0 1 0 0 2 1 26104 936
0x0000723b3daa7b00 0x000000072fb16b00 0 1 1 0 0 2 1 26104 928
0x0000723b3daa7b80 0x000000072fb16b80 0 1 1 0 0 2 1 26104 936
0x0000723b3daa7c00 0x000000072fb16c00 0 0 0 0 0 2 1 26104 944
0x0000723b3daa7c80 0x000000072fb16c80 0 0 0 0 0 2 1 26104 952
0x0000723b3daa7d00 0x000000072fb16d00 0 1 0 0 0 2 1 26104 944
0x0000723b3daa7d80 0x000000072fb16d80 0 1 0 0 0 2 1 26104 952
0x0000723b3daa7e00 0x000000072fb16e00 0 0 1 0 0 2 1 26104 944
0x0000723b3daa7e80 0x000000072fb16e80 0 0 1 0 0 2 1 26104 952
0x0000723b3daa7f00 0x000000072fb16f00 0 1 1 0 0 2 1 26104 944
0x0000723b3daa7f80 0x000000072fb16f80 0 1 1 0 0 2 1 26104 952
0x0000723b3daaa000 0x000000083634d000 0 0 0 0 1 2 1 30418 320
0x0000723b3daaa080 0x000000083634d080 0 0 0 0 1 2 1 30418 328
0x0000723b3daaa100 0x000000083634d100 0 1 0 0 1 2 1 30418 320
0x0000723b3daaa180 0x000000083634d180 0 1 0 0 1 2 1 30418 328
0x0000723b3daaa200 0x000000083634d200 0 0 1 0 1 2 1 30418 320
0x0000723b3daaa280 0x000000083634d280 0 0 1 0 1 2 1 30418 328
0x0000723b3daaa300 0x000000083634d300 0 1 1 0 1 2 1 30418 320
0x0000723b3daaa380 0x000000083634d380 0 1 1 0 1 2 1 30418 328
0x0000723b3daaa400 0x000000083634d400 0 0 0 0 1 2 1 30418 336
0x0000723b3daaa480 0x000000083634d480 0 0 0 0 1 2 1 30418 344
0x0000723b3daaa500 0x000000083634d500 0 1 0 0 1 2 1 30418 336
0x0000723b3daaa580 0x000000083634d580 0 1 0 0 1 2 1 30418 344
0x0000723b3daaa600 0x000000083634d600 0 0 1 0 1 2 1 30418 336
0x0000723b3daaa680 0x000000083634d680 0 0 1 0 1 2 1 30418 344
0x0000723b3daaa700 0x000000083634d700 0 1 1 0 1 2 1 30418 336
0x0000723b3daaa780 0x000000083634d780 0 1 1 0 1 2 1 30418 344
0x0000723b3daaa800 0x000000083634d800 0 0 0 0 1 2 1 30418 352
0x0000723b3daaa880 0x000000083634d880 0 0 0 0 1 2 1 30418 360
0x0000723b3daaa900 0x000000083634d900 0 1 0 0 1 2 1 30418 352
0x0000723b3daaa980 0x000000083634d980 0 1 0 0 1 2 1 30418 360
0x0000723b3daaaa00 0x000000083634da00 0 0 1 0 1 2 1 30418 352
0x0000723b3daaaa80 0x000000083634da80 0 0 1 0 1 2 1 30418 360
0x0000723b3daaab00 0x000000083634db00 0 1 1 0 1 2 1 30418 352
0x0000723b3daaab80 0x000000083634db80 0 1 1 0 1 2 1 30418 360
0x0000723b3daaac00 0x000000083634dc00 0 0 0 0 1 2 1 30418 368
0x0000723b3daaac80 0x000000083634dc80 0 0 0 0 1 2 1 30418 376
0x0000723b3daaad00 0x000000083634dd00 0 1 0 0 1 2 1 30418 368
0x0000723b3daaad80 0x000000083634dd80 0 1 0 0 1 2 1 30418 376
0x0000723b3daaae00 0x000000083634de00 0 0 1 0 1 2 1 30418 368
0x0000723b3daaae80 0x000000083634de80 0 0 1 0 1 2 1 30418 376
0x0000723b3daaaf00 0x000000083634df00 0 1 1 0 1 2 1 30418 368
0x0000723b3daaaf80 0x000000083634df80 0 1 1 0 1 2 1 30418 376
0x0000723b3daab000 0x000000083634c000 0 0 0 0 1 2 1 30418 256
0x0000723b3daab080 0x000000083634c080 0 0 0 0 1 2 1 30418 264
0x0000723b3daab100 0x000000083634c100 0 1 0 0 1 2 1 30418 256
0x0000723b3daab180 0x000000083634c180 0 1 0 0 1 2 1 30418 264
0x0000723b3daab200 0x000000083634c200 0 0 1 0 1 2 1 30418 256
0x0000723b3daab280 0x000000083634c280 0 0 1 0 1 2 1 30418 264
0x0000723b3daab300 0x000000083634c300 0 1 1 0 1 2 1 30418 256
0x0000723b3daab380 0x000000083634c380 0 1 1 0 1 2 1 30418 264
0x0000723b3daab400 0x000000083634c400 0 0 0 0 1 2 1 30418 272
0x0000723b3daab480 0x000000083634c480 0 0 0 0 1 2 1 30418 280
0x0000723b3daab500 0x000000083634c500 0 1 0 0 1 2 1 30418 272
0x0000723b3daab580 0x000000083634c580 0 1 0 0 1 2 1 30418 280
0x0000723b3daab600 0x000000083634c600 0 0 1 0 1 2 1 30418 272
0x0000723b3daab680 0x000000083634c680 0 0 1 0 1 2 1 30418 280
0x0000723b3daab700 0x000000083634c700 0 1 1 0 1 2 1 30418 272
0x0000723b3daab780 0x000000083634c780 0 1 1 0 1 2 1 30418 280
0x0000723b3daab800 0x000000083634c800 0 0 0 0 1 2 1 30418 288
0x0000723b3daab880 0x000000083634c880 0 0 0 0 1 2 1 30418 296
0x0000723b3daab900 0x000000083634c900 0 1 0 0 1 2 1 30418 288
0x0000723b3daab980 0x000000083634c980 0 1 0 0 1 2 1 30418 296
0x0000723b3daaba00 0x000000083634ca00 0 0 1 0 1 2 1 30418 288
0x0000723b3daaba80 0x000000083634ca80 0 0 1 0 1 2 1 30418 296
0x0000723b3daabb00 0x000000083634cb00 0 1 1 0 1 2 1 30418 288
0x0000723b3daabb80 0x000000083634cb80 0 1 1 0 1 2 1 30418 296
0x0000723b3daabc00 0x000000083634cc00 0 0 0 0 1 2 1 30418 304
0x0000723b3daabc80 0x000000083634cc80 0 0 0 0 1 2 1 30418 312
0x0000723b3daabd00 0x000000083634cd00 0 1 0 0 1 2 1 30418 304
0x0000723b3daabd80 0x000000083634cd80 0 1 0 0 1 2 1 30418 312
0x0000723b3daabe00 0x000000083634ce00 0 0 1 0 1 2 1 30418 304
0x0000723b3daabe80 0x000000083634ce80 0 0 1 0 1 2 1 30418 312
0x0000723b3daabf00 0x000000083634cf00 0 1 1 0 1 2 1 30418 304
0x0000723b3daabf80 0x000000083634cf80 0 1 1 0 1 2 1 30418 312
0x0000723b3daac000 0x000000083634f000 0 0 0 0 1 2 1 30418 448
0x0000723b3daac080 0x000000083634f080 0 0 0 0 1 2 1 30418 456
0x0000723b3daac100 0x000000083634f100 0 1 0 0 1 2 1 30418 448
0x0000723b3daac180 0x000000083634f180 0 1 0 0 1 2 1 30418 456
0x0000723b3daac200 0x000000083634f200 0 0 1 0 1 2 1 30418 448
0x0000723b3daac280 0x000000083634f280 0 0 1 0 1 2 1 30418 456
0x0000723b3daac300 0x000000083634f300 0 1 1 0 1 2 1 30418 448
0x0000723b3daac380 0x000000083634f380 0 1 1 0 1 2 1 30418 456
0x0000723b3daac400 0x000000083634f400 0 0 0 0 1 2 1 30418 464
0x0000723b3daac480 0x000000083634f480 0 0 0 0 1 2 1 30418 472
0x0000723b3daac500 0x000000083634f500 0 1 0 0 1 2 1 30418 464
0x0000723b3daac580 0x000000083634f580 0 1 0 0 1 2 1 30418 472
0x0000723b3daac600 0x000000083634f600 0 0 1 0 1 2 1 30418 464
0x0000723b3daac680 0x000000083634f680 0 0 1 0 1 2 1 30418 472
0x0000723b3daac700 0x000000083634f700 0 1 1 0 1 2 1 30418 464
0x0000723b3daac780 0x000000083634f780 0 1 1 0 1 2 1 30418 472
0x0000723b3daac800 0x000000083634f800 0 0 0 0 1 2 1 30418 480
0x0000723b3daac880 0x000000083634f880 0 0 0 0 1 2 1 30418 488
0x0000723b3daac900 0x000000083634f900 0 1 0 0 1 2 1 30418 480
0x0000723b3daac980 0x000000083634f980 0 1 0 0 1 2 1 30418 488
0x0000723b3daaca00 0x000000083634fa00 0 0 1 0 1 2 1 30418 480
0x0000723b3daaca80 0x000000083634fa80 0 0 1 0 1 2 1 30418 488
0x0000723b3daacb00 0x000000083634fb00 0 1 1 0 1 2 1 30418 480
0x0000723b3daacb80 0x000000083634fb80 0 1 1 0 1 2 1 30418 488
0x0000723b3daacc00 0x000000083634fc00 0 0 0 0 1 2 1 30418 496
0x0000723b3daacc80 0x000000083634fc80 0 0 0 0 1 2 1 30418 504
0x0000723b3daacd00 0x000000083634fd00 0 1 0 0 1 2 1 30418 496
0x0000723b3daacd80 0x000000083634fd80 0 1 0 0 1 2 1 30418 504
0x0000723b3daace00 0x000000083634fe00 0 0 1 0 1 2 1 30418 496
0x0000723b3daace80 0x000000083634fe80 0 0 1 0 1 2 1 30418 504
0x0000723b3daacf00 0x000000083634ff00 0 1 1 0 1 2 1 30418 496
0x0000723b3daacf80 0x000000083634ff80 0 1 1 0 1 2 1 30418 504
0x0000723b3daad000 0x000000083634e000 0 0 0 0 1 2 1 30418 384
0x0000723b3daad080 0x000000083634e080 0 0 0 0 1 2 1 30418 392
0x0000723b3daad100 0x000000083634e100 0 1 0 0 1 2 1 30418 384
0x0000723b3daad180 0x000000083634e180 0 1 0 0 1 2 1 30418 392
0x0000723b3daad200 0x000000083634e200 0 0 1 0 1 2 1 30418 384
0x0000723b3daad280 0x000000083634e280 0 0 1 0 1 2 1 30418 392
0x0000723b3daad300 0x000000083634e300 0 1 1 0 1 2 1 30418 384
0x0000723b3daad380 0x000000083634e380 0 1 1 0 1 2 1 30418 392
0x0000723b3daad400 0x000000083634e400 0 0 0 0 1 2 1 30418 400
0x0000723b3daad480 0x000000083634e480 0 0 0 0 1 2 1 30418 408
0x0000723b3daad500 0x000000083634e500 0 1 0 0 1 2 1 30418 400
0x0000723b3daad580 0x000000083634e580 0 1 0 0 1 2 1 30418 408
0x0000723b3daad600 0x000000083634e600 0 0 1 0 1 2 1 30418 400
0x0000723b3daad680 0x000000083634e680 0 0 1 0 1 2 1 30418 408
0x0000723b3daad700 0x000000083634e700 0 1 1 0 1 2 1 30418 400
0x0000723b3daad780 0x000000083634e780 0 1 1 0 1 2 1 30418 408
0x0000723b3daad800 0x000000083634e800 0 0 0 0 1 2 1 30418 416
0x0000723b3daad880 0x000000083634e880 0 0 0 0 1 2 1 30418 424
0x0000723b3daad900 0x000000083634e900 0 1 0 0 1 2 1 30418 416
0x0000723b3daad980 0x000000083634e980 0 1 0 0 1 2 1 30418 424
0x0000723b3daada00 0x000000083634ea00 0 0 1 0 1 2 1 30418 416
0x0000723b3daada80 0x000000083634ea80 0 0 1 0 1 2 1 30418 424
0x0000723b3daadb00 0x000000083634eb00 0 1 1 0 1 2 1 30418 416
0x0000723b3daadb80 0x000000083634eb80 0 1 1 0 1 2 1 30418 424
0x0000723b3daadc00 0x000000083634ec00 0 0 0 0 1 2 1 30418 432
0x0000723b3daadc80 0x000000083634ec80 0 0 0 0 1 2 1 30418 440
0x0000723b3daadd00 0x000000083634ed00 0 1 0 0 1 2 1 30418 432
0x0000723b3daadd80 0x000000083634ed80 0 1 0 0 1 2 1 30418 440
0x0000723b3daade00 0x000000083634ee00 0 0 1 0 1 2 1 30418 432
0x0000723b3daade80 0x000000083634ee80 0 0 1 0 1 2 1 30418 440
0x0000723b3daadf00 0x000000083634ef00 0 1 1 0 1 2 1 30418 432
0x0000723b3daadf80 0x000000083634ef80 0 1 1 0 1 2 1 30418 440
0x0000723b3dab2000 0x0000000ce9b9c000 0 0 0 0 1 2 1 52524 768
0x0000723b3dab2080 0x0000000ce9b9c080 0 0 0 0 1 2 1 52524 776
0x0000723b3dab2100 0x0000000ce9b9c100 0 1 0 0 1 2 1 52524 768
0x0000723b3dab2180 0x0000000ce9b9c180 0 1 0 0 1 2 1 52524 776
0x0000723b3dab2200 0x0000000ce9b9c200 0 0 1 0 1 2 1 52524 768
0x0000723b3dab2280 0x0000000ce9b9c280 0 0 1 0 1 2 1 52524 776
0x0000723b3dab2300 0x0000000ce9b9c300 0 1 1 0 1 2 1 52524 768
0x0000723b3dab2380 0x0000000ce9b9c380 0 1 1 0 1 2 1 52524 776
0x0000723b3dab2400 0x0000000ce9b9c400 0 0 0 0 1 2 1 52524 784
0x0000723b3dab2480 0x0000000ce9b9c480 0 0 0 0 1 2 1 52524 792
0x0000723b3dab2500 0x0000000ce9b9c500 0 1 0 0 1 2 1 52524 784
0x0000723b3dab2580 0x0000000ce9b9c580 0 1 0 0 1 2 1 52524 792
0x0000723b3dab2600 0x0000000ce9b9c600 0 0 1 0 1 2 1 52524 784
0x0000723b3dab2680 0x0000000ce9b9c680 0 0 1 0 1 2 1 52524 792
0x0000723b3dab2700 0x0000000ce9b9c700 0 1 1 0 1 2 1 52524 784
0x0000723b3dab2780 0x0000000ce9b9c780 0 1 1 0 1 2 1 52524 792
0x0000723b3dab2800 0x0000000ce9b9c800 0 0 0 0 1 2 1 52524 800
0x0000723b3dab2880 0x0000000ce9b9c880 0 0 0 0 1 2 1 52524 808
0x0000723b3dab2900 0x0000000ce9b9c900 0 1 0 0 1 2 1 52524 800
0x0000723b3dab2980 0x0000000ce9b9c980 0 1 0 0 1 2 1 52524 808
0x0000723b3dab2a00 0x0000000ce9b9ca00 0 0 1 0 1 2 1 52524 800
0x0000723b3dab2a80 0x0000000ce9b9ca80 0 0 1 0 1 2 1 52524 808
0x0000723b3dab2b00 0x0000000ce9b9cb00 0 1 1 0 1 2 1 52524 800
0x0000723b3dab2b80 0x0000000ce9b9cb80 0 1 1 0 1 2 1 52524 808
0x0000723b3dab2c00 0x0000000ce9b9cc00 0 0 0 0 1 2 1 52524 816
0x0000723b3dab2c80 0x0000000ce9b9cc80 0 0 0 0 1 2 1 52524 824
0x0000723b3dab2d00 0x0000000ce9b9cd00 0 1 0 0 1 2 1 52524 816
0x0000723b3dab2d80 0x0000000ce9b9cd80 0 1 0 0 1 2 1 52524 824
0x0000723b3dab2e00 0x0000000ce9b9ce00 0 0 1 0 1 2 1 52524 816
0x0000723b3dab2e80 0x0000000ce9b9ce80 0 0 1 0 1 2 1 52524 824
0x0000723b3dab2f00 0x0000000ce9b9cf00 0 1 1 0 1 2 1 52524 816
0x0000723b3dab2f80 0x0000000ce9b9cf80 0 1 1 0 1 2 1 52524 824
0x0000723b3dab5000 0x0000000ce9b9e000 0 0 0 0 1 2 1 52524 896
0x0000723b3dab5080 0x0000000ce9b9e080 0 0 0 0 1 2 1 52524 904
0x0000723b3dab5100 0x0000000ce9b9e100 0 1 0 0 1 2 1 52524 896
0x0000723b3dab5180 0x0000000ce9b9e180 0 1 0 0 1 2 1 52524 904
0x0000723b3dab5200 0x0000000ce9b9e200 0 0 1 0 1 2 1 52524 896
0x0000723b3dab5280 0x0000000ce9b9e280 0 0 1 0 1 2 1 52524 904
0x0000723b3dab5300 0x0000000ce9b9e300 0 1 1 0 1 2 1 52524 896
0x0000723b3dab5380 0x0000000ce9b9e380 0 1 1 0 1 2 1 52524 904
0x0000723b3dab5400 0x0000000ce9b9e400 0 0 0 0 1 2 1 52524 912
0x0000723b3dab5480 0x0000000ce9b9e480 0 0 0 0 1 2 1 52524 920
0x0000723b3dab5500 0x0000000ce9b9e500 0 1 0 0 1 2 1 52524 912
0x0000723b3dab5580 0x0000000ce9b9e580 0 1 0 0 1 2 1 52524 920
0x0000723b3dab5600 0x0000000ce9b9e600 0 0 1 0 1 2 1 52524 912
0x0000723b3dab5680 0x0000000ce9b9e680 0 0 1 0 1 2 1 52524 920
0x0000723b3dab5700 0x0000000ce9b9e700 0 1 1 0 1 2 1 52524 912
0x0000723b3dab5780 0x0000000ce9b9e780 0 1 1 0 1 2 1 52524 920
0x0000723b3dab5800 0x0000000ce9b9e800 0 0 0 0 1 2 1 52524 928
0x0000723b3dab5880 0x0000000ce9b9e880 0 0 0 0 1 2 1 52524 936
0x0000723b3dab5900 0x0000000ce9b9e900 0 1 0 0 1 2 1 52524 928
0x0000723b3dab5980 0x0000000ce9b9e980 0 1 0 0 1 2 1 52524 936
0x0000723b3dab5a00 0x0000000ce9b9ea00 0 0 1 0 1 2 1 52524 928
0x0000723b3dab5a80 0x0000000ce9b9ea80 0 0 1 0 1 2 1 52524 936
0x0000723b3dab5b00 0x0000000ce9b9eb00 0 1 1 0 1 2 1 52524 928
0x0000723b3dab5b80 0x0000000ce9b9eb80 0 1 1 0 1 2 1 52524 936
0x0000723b3dab5c00 0x0000000ce9b9ec00 0 0 0 0 1 2 1 52524 944
0x0000723b3dab5c80 0x0000000ce9b9ec80 0 0 0 0 1 2 1 52524 952
0x0000723b3dab5d00 0x0000000ce9b9ed00 0 1 0 0 1 2 1 52524 944
0x0000723b3dab5d80 0x0000000ce9b9ed80 0 1 0 0 1 2 1 52524 952
0x0000723b3dab5e00 0x0000000ce9b9ee00 0 0 1 0 1 2 1 52524 944
0x0000723b3dab5e80 0x0000000ce9b9ee80 0 0 1 0 1 2 1 52524 952
0x0000723b3dab5f00 0x0000000ce9b9ef00 0 1 1 0 1 2 1 52524 944
0x0000723b3dab5f80 0x0000000ce9b9ef80 0 1 1 0 1 2 1 52524 952
0x0000723b3dac7000 0x0000000a9db33000 0 0 0 0 0 2 1 41897 704
0x0000723b3dac7080 0x0000000a9db33080 0 0 0 0 0 2 1 41897 712
0x0000723b3dac7100 0x0000000a9db33100 0 1 0 0 0 2 1 41897 704
0x0000723b3dac7180 0x0000000a9db33180 0 1 0 0 0 2 1 41897 712
0x0000723b3dac7200 0x0000000a9db33200 0 0 1 0 0 2 1 41897 704
0x0000723b3dac7280 0x0000000a9db33280 0 0 1 0 0 2 1 41897 712
0x0000723b3dac7300 0x0000000a9db33300 0 1 1 0 0 2 1 41897 704
0x0000723b3dac7380 0x0000000a9db33380 0 1 1 0 0 2 1 41897 712
0x0000723b3dac7400 0x0000000a9db33400 0 0 0 0 0 2 1 41897 720
0x0000723b3dac7480 0x0000000a9db33480 0 0 0 0 0 2 1 41897 728
0x0000723b3dac7500 0x0000000a9db33500 0 1 0 0 0 2 1 41897 720
0x0000723b3dac7580 0x0000000a9db33580 0 1 0 0 0 2 1 41897 728
0x0000723b3dac7600 0x0000000a9db33600 0 0 1 0 0 2 1 41897 720
0x0000723b3dac7680 0x0000000a9db33680 0 0 1 0 0 2 1 41897 728
0x0000723b3dac7700 0x0000000a9db33700 0 1 1 0 0 2 1 41897 720
0x0000723b3dac7780 0x0000000a9db33780 0 1 1 0 0 2 1 41897 728
0x0000723b3dac7800 0x0000000a9db33800 0 0 0 0 0 2 1 41897 736
0x0000723b3dac7880 0x0000000a9db33880 0 0 0 0 0 2 1 41897 744
0x0000723b3dac7900 0x0000000a9db33900 0 1 0 0 0 2 1 41897 736
0x0000723b3dac7980 0x0000000a9db33980 0 1 0 0 0 2 1 41897 744
0x0000723b3dac7a00 0x0000000a9db33a00 0 0 1 0 0 2 1 41897 736
0x0000723b3dac7a80 0x0000000a9db33a80 0 0 1 0 0 2 1 41897 744
0x0000723b3dac7b00 0x0000000a9db33b00 0 1 1 0 0 2 1 41897 736
0x0000723b3dac7b80 0x0000000a9db33b80 0 1 1 0 0 2 1 41897 744
0x0000723b3dac7c00 0x0000000a9db33c00 0 0 0 0 0 2 1 41897 752
0x0000723b3dac7c80 0x0000000a9db33c80 0 0 0 0 0 2 1 41897 760
0x0000723b3dac7d00 0x0000000a9db33d00 0 1 0 0 0 2 1 41897 752
0x0000723b3dac7d80 0x0000000a9db33d80 0 1 0 0 0 2 1 41897 760
0x0000723b3dac7e00 0x0000000a9db33e00 0 0 1 0 0 2 1 41897 752
0x0000723b3dac7e80 0x0000000a9db33e80 0 0 1 0 0 2 1 41897 760
0x0000723b3dac7f00 0x0000000a9db33f00 0 1 1 0 0 2 1 41897 752
0x0000723b3dac7f80 0x0000000a9db33f80 0 1 1 0 0 2 1 41897 760
0x0000723b3dad7000 0x000000023c378000 0 0 0 0 1 2 1 6035 512
0x0000723b3dad7080 0x000000023c378080 0 0 0 0 1 2 1 6035 520
0x0000723b3dad7100 0x000000023c378100 0 1 0 0 1 2 1 6035 512
0x0000723b3dad7180 0x000000023c378180 0 1 0 0 1 2 1 6035 520
0x0000723b3dad7200 0x000000023c378200 0 0 1 0 1 2 1 6035 512
0x0000723b3dad7280 0x000000023c378280 0 0 1 0 1 2 1 6035 520
0x0000723b3dad7300 0x000000023c378300 0 1 1 0 1 2 1 6035 512
0x0000723b3dad7380 0x000000023c378380 0 1 1 0 1 2 1 6035 520
0x0000723b3dad7400 0x000000023c378400 0 0 0 0 1 2 1 6035 528
0x0000723b3dad7480 0x000000023c378480 0 0 0 0 1 2 1 6035 536
0x0000723b3dad7500 0x000000023c378500 0 1 0 0 1 2 1 6035 528
0x0000723b3dad7580 0x000000023c378580 0 1 0 0 1 2 1 6035 536
0x0000723b3dad7600 0x000000023c378600 0 0 1 0 1 2 1 6035 528
0x0000723b3dad7680 0x000000023c378680 0 0 1 0 1 2 1 6035 536
0x0000723b3dad7700 0x000000023c378700 0 1 1 0 1 2 1 6035 528
0x0000723b3dad7780 0x000000023c378780 0 1 1 0 1 2 1 6035 536
0x0000723b3dad7800 0x000000023c378800 0 0 0 0 1 2 1 6035 544
0x0000723b3dad7880 0x000000023c378880 0 0 0 0 1 2 1 6035 552
0x0000723b3dad7900 0x000000023c378900 0 1 0 0 1 2 1 6035 544
0x0000723b3dad7980 0x000000023c378980 0 1 0 0 1 2 1 6035 552
0x0000723b3dad7a00 0x000000023c378a00 0 0 1 0 1 2 1 6035 544
0x0000723b3dad7a80 0x000000023c378a80 0 0 1 0 1 2 1 6035 552
0x0000723b3dad7b00 0x000000023c378b00 0 1 1 0 1 2 1 6035 544
0x0000723b3dad7b80 0x000000023c378b80 0 1 1 0 1 2 1 6035 552
0x0000723b3dad7c00 0x000000023c378c00 0 0 0 0 1 2 1 6035 560
0x0000723b3dad7c80 0x000000023c378c80 0 0 0 0 1 2 1 6035 568
0x0000723b3dad7d00 0x000000023c378d00 0 1 0 0 1 2 1 6035 560
0x0000723b3dad7d80 0x000000023c378d80 0 1 0 0 1 2 1 6035 568
0x0000723b3dad7e00 0x000000023c378e00 0 0 1 0 1 2 1 6035 560
0x0000723b3dad7e80 0x000000023c378e80 0 0 1 0 1 2 1 6035 568
0x0000723b3dad7f00 0x000000023c378f00 0 1 1 0 1 2 1 6035 560
0x0000723b3dad7f80 0x000000023c378f80 0 1 1 0 1 2 1 6035 568
0x0000723b3dadc000 0x0000000192bfe000 0 0 0 0 1 2 1 4687 896
0x0000723b3dadc080 0x0000000192bfe080 0 0 0 0 1 2 1 4687 904
0x0000723b3dadc100 0x0000000192bfe100 0 1 0 0 1 2 1 4687 896
0x0000723b3dadc180 0x0000000192bfe180 0 1 0 0 1 2 1 4687 904
0x0000723b3dadc200 0x0000000192bfe200 0 0 1 0 1 2 1 4687 896
0x0000723b3dadc280 0x0000000192bfe280 0 0 1 0 1 2 1 4687 904
0x0000723b3dadc300 0x0000000192bfe300 0 1 1 0 1 2 1 4687 896
0x0000723b3dadc380 0x0000000192bfe380 0 1 1 0 1 2 1 4687 904
0x0000723b3dadc400 0x0000000192bfe400 0 0 0 0 1 2 1 4687 912
0x0000723b3dadc480 0x0000000192bfe480 0 0 0 0 1 2 1 4687 920
0x0000723b3dadc500 0x0000000192bfe500 0 1 0 0 1 2 1 4687 912
0x0000723b3dadc580 0x0000000192bfe580 0 1 0 0 1 2 1 4687 920
0x0000723b3dadc600 0x0000000192bfe600 0 0 1 0 1 2 1 4687 912
0x0000723b3dadc680 0x0000000192bfe680 0 0 1 0 1 2 1 4687 920
0x0000723b3dadc700 0x0000000192bfe700 0 1 1 0 1 2 1 4687 912
0x0000723b3dadc780 0x0000000192bfe780 0 1 1 0 1 2 1 4687 920
0x0000723b3dadc800 0x0000000192bfe800 0 0 0 0 1 2 1 4687 928
0x0000723b3dadc880 0x0000000192bfe880 0 0 0 0 1 2 1 4687 936
0x0000723b3dadc900 0x0000000192bfe900 0 1 0 0 1 2 1 4687 928
0x0000723b3dadc980 0x0000000192bfe980 0 1 0 0 1 2 1 4687 936
0x0000723b3dadca00 0x0000000192bfea00 0 0 1 0 1 2 1 4687 928
0x0000723b3dadca80 0x0000000192bfea80 0 0 1 0 1 2 1 4687 936
0x0000723b3dadcb00 0x0000000192bfeb00 0 1 1 0 1 2 1 4687 928
0x0000723b3dadcb80 0x0000000192bfeb80 0 1 1 0 1 2 1 4687 936
0x0000723b3dadcc00 0x0000000192bfec00 0 0 0 0 1 2 1 4687 944
0x0000723b3dadcc80 0x0000000192bfec80 0 0 0 0 1 2 1 4687 952
0x0000723b3dadcd00 0x0000000192bfed00 0 1 0 0 1 2 1 4687 944
0x0000723b3dadcd80 0x0000000192bfed80 0 1 0 0 1 2 1 4687 952
0x0000723b3dadce00 0x0000000192bfee00 0 0 1 0 1 2 1 4687 944
0x0000723b3dadce80 0x0000000192bfee80 0 0 1 0 1 2 1 4687 952
0x0000723b3dadcf00 0x0000000192bfef00 0 1 1 0 1 2 1 4687 944
0x0000723b3dadcf80 0x0000000192bfef80 0 1 1 0 1 2 1 4687 952
0x0000723b3dadd000 0x0000000192bc0000 0 0 0 0 0 2 1 4686 0
0x0000723b3dadd080 0x0000000192bc0080 0 0 0 0 0 2 1 4686 8
0x0000723b3dadd100 0x0000000192bc0100 0 1 0 0 0 2 1 4686 0
0x0000723b3dadd180 0x0000000192bc0180 0 1 0 0 0 2 1 4686 8
0x0000723b3dadd200 0x0000000192bc0200 0 0 1 0 0 2 1 4686 0
0x0000723b3dadd280 0x0000000192bc0280 0 0 1 0 0 2 1 4686 8
0x0000723b3dadd300 0x0000000192bc0300 0 1 1 0 0 2 1 4686 0
0x0000723b3dadd380 0x0000000192bc0380 0 1 1 0 0 2 1 4686 8
0x0000723b3dadd400 0x0000000192bc0400 0 0 0 0 0 2 1 4686 16
0x0000723b3dadd480 0x0000000192bc0480 0 0 0 0 0 2 1 4686 24
0x0000723b3dadd500 0x0000000192bc0500 0 1 0 0 0 2 1 4686 16
0x0000723b3dadd580 0x0000000192bc0580 0 1 0 0 0 2 1 4686 24
0x0000723b3dadd600 0x0000000192bc0600 0 0 1 0 0 2 1 4686 16
0x0000723b3dadd680 0x0000000192bc0680 0 0 1 0 0 2 1 4686 24
0x0000723b3dadd700 0x0000000192bc0700 0 1 1 0 0 2 1 4686 16
0x0000723b3dadd780 0x0000000192bc0780 0 1 1 0 0 2 1 4686 24
0x0000723b3dadd800 0x0000000192bc0800 0 0 0 0 0 2 1 4686 32
0x0000723b3dadd880 0x0000000192bc0880 0 0 0 0 0 2 1 4686 40
0x0000723b3dadd900 0x0000000192bc0900 0 1 0 0 0 2 1 4686 32
0x0000723b3dadd980 0x0000000192bc0980 0 1 0 0 0 2 1 4686 40
0x0000723b3dadda00 0x0000000192bc0a00 0 0 1 0 0 2 1 4686 32
0x0000723b3dadda80 0x0000000192bc0a80 0 0 1 0 0 2 1 4686 40
0x0000723b3daddb00 0x0000000192bc0b00 0 1 1 0 0 2 1 4686 32
0x0000723b3daddb80 0x0000000192bc0b80 0 1 1 0 0 2 1 4686 40
0x0000723b3daddc00 0x0000000192bc0c00 0 0 0 0 0 2 1 4686 48
0x0000723b3daddc80 0x0000000192bc0c80 0 0 0 0 0 2 1 4686 56
0x0000723b3daddd00 0x0000000192bc0d00 0 1 0 0 0 2 1 4686 48
0x0000723b3daddd80 0x0000000192bc0d80 0 1 0 0 0 2 1 4686 56
0x0000723b3dadde00 0x0000000192bc0e00 0 0 1 0 0 2 1 4686 48
0x0000723b3dadde80 0x0000000192bc0e80 0 0 1 0 0 2 1 4686 56
0x0000723b3daddf00 0x0000000192bc0f00 0 1 1 0 0 2 1 4686 48
0x0000723b3daddf80 0x0000000192bc0f80 0 1 1 0 0 2 1 4686 56
0x0000723b3dae6000 0x0000000aec326000 0 0 0 0 0 2 1 44417 384
0x0000723b3dae6080 0x0000000aec326080 0 0 0 0 0 2 1 44417 392
0x0000723b3dae6100 0x0000000aec326100 0 1 0 0 0 2 1 44417 384
0x0000723b3dae6180 0x0000000aec326180 0 1 0 0 0 2 1 44417 392
0x0000723b3dae6200 0x0000000aec326200 0 0 1 0 0 2 1 44417 384
0x0000723b3dae6280 0x0000000aec326280 0 0 1 0 0 2 1 44417 392
0x0000723b3dae6300 0x0000000aec326300 0 1 1 0 0 2 1 44417 384
0x0000723b3dae6380 0x0000000aec326380 0 1 1 0 0 2 1 44417 392
0x0000723b3dae6400 0x0000000aec326400 0 0 0 0 0 2 1 44417 400
0x0000723b3dae6480 0x0000000aec326480 0 0 0 0 0 2 1 44417 408
0x0000723b3dae6500 0x0000000aec326500 0 1 0 0 0 2 1 44417 400
0x0000723b3dae6580 0x0000000aec326580 0 1 0 0 0 2 1 44417 408
0x0000723b3dae6600 0x0000000aec326600 0 0 1 0 0 2 1 44417 400
0x0000723b3dae6680 0x0000000aec326680 0 0 1 0 0 2 1 44417 408
0x0000723b3dae6700 0x0000000aec326700 0 1 1 0 0 2 1 44417 400
0x0000723b3dae6780 0x0000000aec326780 0 1 1 0 0 2 1 44417 408
0x0000723b3dae6800 0x0000000aec326800 0 0 0 0 0 2 1 44417 416
0x0000723b3dae6880 0x0000000aec326880 0 0 0 0 0 2 1 44417 424
0x0000723b3dae6900 0x0000000aec326900 0 1 0 0 0 2 1 44417 416
0x0000723b3dae6980 0x0000000aec326980 0 1 0 0 0 2 1 44417 424
0x0000723b3dae6a00 0x0000000aec326a00 0 0 1 0 0 2 1 44417 416
0x0000723b3dae6a80 0x0000000aec326a80 0 0 1 0 0 2 1 44417 424
0x0000723b3dae6b00 0x0000000aec326b00 0 1 1 0 0 2 1 44417 416
0x0000723b3dae6b80 0x0000000aec326b80 0 1 1 0 0 2 1 44417 424
0x0000723b3dae6c00 0x0000000aec326c00 0 0 0 0 0 2 1 44417 432
0x0000723b3dae6c80 0x0000000aec326c80 0 0 0 0 0 2 1 44417 440
0x0000723b3dae6d00 0x0000000aec326d00 0 1 0 0 0 2 1 44417 432
0x0000723b3dae6d80 0x0000000aec326d80 0 1 0 0 0 2 1 44417 440
0x0000723b3dae6e00 0x0000000aec326e00 0 0 1 0 0 2 1 44417 432
0x0000723b3dae6e80 0x0000000aec326e80 0 0 1 0 0 2 1 44417 440
0x0000723b3dae6f00 0x0000000aec326f00 0 1 1 0 0 2 1 44417 432
0x0000723b3dae6f80 0x0000000aec326f80 0 1 1 0 0 2 1 44417 440
0x0000723b3daec000 0x00000009fab27000 0 0 0 0 0 2 1 40777 448
0x0000723b3daec080 0x00000009fab27080 0 0 0 0 0 2 1 40777 456
0x0000723b3daec100 0x00000009fab27100 0 1 0 0 0 2 1 40777 448
0x0000723b3daec180 0x00000009fab27180 0 1 0 0 0 2 1 40777 456
0x0000723b3daec200 0x00000009fab27200 0 0 1 0 0 2 1 40777 448
0x0000723b3daec280 0x00000009fab27280 0 0 1 0 0 2 1 40777 456
0x0000723b3daec300 0x00000009fab27300 0 1 1 0 0 2 1 40777 448
0x0000723b3daec380 0x00000009fab27380 0 1 1 0 0 2 1 40777 456
0x0000723b3daec400 0x00000009fab27400 0 0 0 0 0 2 1 40777 464
0x0000723b3daec480 0x00000009fab27480 0 0 0 0 0 2 1 40777 472
0x0000723b3daec500 0x00000009fab27500 0 1 0 0 0 2 1 40777 464
0x0000723b3daec580 0x00000009fab27580 0 1 0 0 0 2 1 40777 472
0x0000723b3daec600 0x00000009fab27600 0 0 1 0 0 2 1 40777 464
0x0000723b3daec680 0x00000009fab27680 0 0 1 0 0 2 1 40777 472
0x0000723b3daec700 0x00000009fab27700 0 1 1 0 0 2 1 40777 464
0x0000723b3daec780 0x00000009fab27780 0 1 1 0 0 2 1 40777 472
0x0000723b3daec800 0x00000009fab27800 0 0 0 0 0 2 1 40777 480
0x0000723b3daec880 0x00000009fab27880 0 0 0 0 0 2 1 40777 488
0x0000723b3daec900 0x00000009fab27900 0 1 0 0 0 2 1 40777 480
0x0000723b3daec980 0x00000009fab27980 0 1 0 0 0 2 1 40777 488
0x0000723b3daeca00 0x00000009fab27a00 0 0 1 0 0 2 1 40777 480
0x0000723b3daeca80 0x00000009fab27a80 0 0 1 0 0 2 1 40777 488
0x0000723b3daecb00 0x00000009fab27b00 0 1 1 0 0 2 1 40777 480
0x0000723b3daecb80 0x00000009fab27b80 0 1 1 0 0 2 1 40777 488
0x0000723b3daecc00 0x00000009fab27c00 0 0 0 0 0 2 1 40777 496
0x0000723b3daecc80 0x00000009fab27c80 0 0 0 0 0 2 1 40777 504
0x0000723b3daecd00 0x00000009fab27d00 0 1 0 0 0 2 1 40777 496
0x0000723b3daecd80 0x00000009fab27d80 0 1 0 0 0 2 1 40777 504
0x0000723b3daece00 0x00000009fab27e00 0 0 1 0 0 2 1 40777 496
0x0000723b3daece80 0x00000009fab27e80 0 0 1 0 0 2 1 40777 504
0x0000723b3daecf00 0x00000009fab27f00 0 1 1 0 0 2 1 40777 496
0x0000723b3daecf80 0x00000009fab27f80 0 1 1 0 0 2 1 40777 504
0x0000723b3daf2000 0x00000006f3b42000 0 0 0 0 0 2 1 28266 128
0x0000723b3daf2080 0x00000006f3b42080 0 0 0 0 0 2 1 28266 136
0x0000723b3daf2100 0x00000006f3b42100 0 1 0 0 0 2 1 28266 128
0x0000723b3daf2180 0x00000006f3b42180 0 1 0 0 0 2 1 28266 136
0x0000723b3daf2200 0x00000006f3b42200 0 0 1 0 0 2 1 28266 128
0x0000723b3daf2280 0x00000006f3b42280 0 0 1 0 0 2 1 28266 136
0x0000723b3daf2300 0x00000006f3b42300 0 1 1 0 0 2 1 28266 128
0x0000723b3daf2380 0x00000006f3b42380 0 1 1 0 0 2 1 28266 136
0x0000723b3daf2400 0x00000006f3b42400 0 0 0 0 0 2 1 28266 144
0x0000723b3daf2480 0x00000006f3b42480 0 0 0 0 0 2 1 28266 152
0x0000723b3daf2500 0x00000006f3b42500 0 1 0 0 0 2 1 28266 144
0x0000723b3daf2580 0x00000006f3b42580 0 1 0 0 0 2 1 28266 152
0x0000723b3daf2600 0x00000006f3b42600 0 0 1 0 0 2 1 28266 144
0x0000723b3daf2680 0x00000006f3b42680 0 0 1 0 0 2 1 28266 152
0x0000723b3daf2700 0x00000006f3b42700 0 1 1 0 0 2 1 28266 144
0x0000723b3daf2780 0x00000006f3b42780 0 1 1 0 0 2 1 28266 152
0x0000723b3daf2800 0x00000006f3b42800 0 0 0 0 0 2 1 28266 160
0x0000723b3daf2880 0x00000006f3b42880 0 0 0 0 0 2 1 28266 168
0x0000723b3daf2900 0x00000006f3b42900 0 1 0 0 0 2 1 28266 160
0x0000723b3daf2980 0x00000006f3b42980 0 1 0 0 0 2 1 28266 168
0x0000723b3daf2a00 0x00000006f3b42a00 0 0 1 0 0 2 1 28266 160
0x0000723b3daf2a80 0x00000006f3b42a80 0 0 1 0 0 2 1 28266 168
0x0000723b3daf2b00 0x00000006f3b42b00 0 1 1 0 0 2 1 28266 160
0x0000723b3daf2b80 0x00000006f3b42b80 0 1 1 0 0 2 1 28266 168
0x0000723b3daf2c00 0x00000006f3b42c00 0 0 0 0 0 2 1 28266 176
0x0000723b3daf2c80 0x00000006f3b42c80 0 0 0 0 0 2 1 28266 184
0x0000723b3daf2d00 0x00000006f3b42d00 0 1 0 0 0 2 1 28266 176
0x0000723b3daf2d80 0x00000006f3b42d80 0 1 0 0 0 2 1 28266 184
0x0000723b3daf2e00 0x00000006f3b42e00 0 0 1 0 0 2 1 28266 176
0x0000723b3daf2e80 0x00000006f3b42e80 0 0 1 0 0 2 1 28266 184
0x0000723b3daf2f00 0x00000006f3b42f00 0 1 1 0 0 2 1 28266 176
0x0000723b3daf2f80 0x00000006f3b42f80 0 1 1 0 0 2 1 28266 184
0x0000723b3daf8000 0x0000000de7b53000 0 0 0 0 0 2 1 56554 704
0x0000723b3daf8080 0x0000000de7b53080 0 0 0 0 0 2 1 56554 712
0x0000723b3daf8100 0x0000000de7b53100 0 1 0 0 0 2 1 56554 704
0x0000723b3daf8180 0x0000000de7b53180 0 1 0 0 0 2 1 56554 712
0x0000723b3daf8200 0x0000000de7b53200 0 0 1 0 0 2 1 56554 704
0x0000723b3daf8280 0x0000000de7b53280 0 0 1 0 0 2 1 56554 712
0x0000723b3daf8300 0x0000000de7b53300 0 1 1 0 0 2 1 56554 704
0x0000723b3daf8380 0x0000000de7b53380 0 1 1 0 0 2 1 56554 712
0x0000723b3daf8400 0x0000000de7b53400 0 0 0 0 0 2 1 56554 720
0x0000723b3daf8480 0x0000000de7b53480 0 0 0 0 0 2 1 56554 728
0x0000723b3daf8500 0x0000000de7b53500 0 1 0 0 0 2 1 56554 720
0x0000723b3daf8580 0x0000000de7b53580 0 1 0 0 0 2 1 56554 728
0x0000723b3daf8600 0x0000000de7b53600 0 0 1 0 0 2 1 56554 720
0x0000723b3daf8680 0x0000000de7b53680 0 0 1 0 0 2 1 56554 728
0x0000723b3daf8700 0x0000000de7b53700 0 1 1 0 0 2 1 56554 720
0x0000723b3daf8780 0x0000000de7b53780 0 1 1 0 0 2 1 56554 728
0x0000723b3daf8800 0x0000000de7b53800 0 0 0 0 0 2 1 56554 736
0x0000723b3daf8880 0x0000000de7b53880 0 0 0 0 0 2 1 56554 744
0x0000723b3daf8900 0x0000000de7b53900 0 1 0 0 0 2 1 56554 736
0x0000723b3daf8980 0x0000000de7b53980 0 1 0 0 0 2 1 56554 744
0x0000723b3daf8a00 0x0000000de7b53a00 0 0 1 0 0 2 1 56554 736
0x0000723b3daf8a80 0x0000000de7b53a80 0 0 1 0 0 2 1 56554 744
0x0000723b3daf8b00 0x0000000de7b53b00 0 1 1 0 0 2 1 56554 736
0x0000723b3daf8b80 0x0000000de7b53b80 0 1 1 0 0 2 1 56554 744
0x0000723b3daf8c00 0x0000000de7b53c00 0 0 0 0 0 2 1 56554 752
0x0000723b3daf8c80 0x0000000de7b53c80 0 0 0 0 0 2 1 56554 760
0x0000723b3daf8d00 0x0000000de7b53d00 0 1 0 0 0 2 1 56554 752
0x0000723b3daf8d80 0x0000000de7b53d80 0 1 0 0 0 2 1 56554 760
0x0000723b3daf8e00 0x0000000de7b53e00 0 0 1 0 0 2 1 56554 752
0x0000723b3daf8e80 0x0000000de7b53e80 0 0 1 0 0 2 1 56554 760
0x0000723b3daf8f00 0x0000000de7b53f00 0 1 1 0 0 2 1 56554 752
0x0000723b3daf8f80 0x0000000de7b53f80 0 1 1 0 0 2 1 56554 760
0x0000723b3daf9000 0x0000000d0134b000 0 0 0 0 1 2 1 49202 192
0x0000723b3daf9080 0x0000000d0134b080 0 0 0 0 1 2 1 49202 200
0x0000723b3daf9100 0x0000000d0134b100 0 1 0 0 1 2 1 49202 192
0x0000723b3daf9180 0x0000000d0134b180 0 1 0 0 1 2 1 49202 200
0x0000723b3daf9200 0x0000000d0134b200 0 0 1 0 1 2 1 49202 192
0x0000723b3daf9280 0x0000000d0134b280 0 0 1 0 1 2 1 49202 200
0x0000723b3daf9300 0x0000000d0134b300 0 1 1 0 1 2 1 49202 192
0x0000723b3daf9380 0x0000000d0134b380 0 1 1 0 1 2 1 49202 200
0x0000723b3daf9400 0x0000000d0134b400 0 0 0 0 1 2 1 49202 208
0x0000723b3daf9480 0x0000000d0134b480 0 0 0 0 1 2 1 49202 216
0x0000723b3daf9500 0x0000000d0134b500 0 1 0 0 1 2 1 49202 208
0x0000723b3daf9580 0x0000000d0134b580 0 1 0 0 1 2 1 49202 216
0x0000723b3daf9600 0x0000000d0134b600 0 0 1 0 1 2 1 49202 208
0x0000723b3daf9680 0x0000000d0134b680 0 0 1 0 1 2 1 49202 216
0x0000723b3daf9700 0x0000000d0134b700 0 1 1 0 1 2 1 49202 208
0x0000723b3daf9780 0x0000000d0134b780 0 1 1 0 1 2 1 49202 216
0x0000723b3daf9800 0x0000000d0134b800 0 0 0 0 1 2 1 49202 224
0x0000723b3daf9880 0x0000000d0134b880 0 0 0 0 1 2 1 49202 232
0x0000723b3daf9900 0x0000000d0134b900 0 1 0 0 1 2 1 49202 224
0x0000723b3daf9980 0x0000000d0134b980 0 1 0 0 1 2 1 49202 232
0x0000723b3daf9a00 0x0000000d0134ba00 0 0 1 0 1 2 1 49202 224
0x0000723b3daf9a80 0x0000000d0134ba80 0 0 1 0 1 2 1 49202 232
0x0000723b3daf9b00 0x0000000d0134bb00 0 1 1 0 1 2 1 49202 224
0x0000723b3daf9b80 0x0000000d0134bb80 0 1 1 0 1 2 1 49202 232
0x0000723b3daf9c00 0x0000000d0134bc00 0 0 0 0 1 2 1 49202 240
0x0000723b3daf9c80 0x0000000d0134bc80 0 0 0 0 1 2 1 49202 248
0x0000723b3daf9d00 0x0000000d0134bd00 0 1 0 0 1 2 1 49202 240
0x0000723b3daf9d80 0x0000000d0134bd80 0 1 0 0 1 2 1 49202 248
0x0000723b3daf9e00 0x0000000d0134be00 0 0 1 0 1 2 1 49202 240
0x0000723b3daf9e80 0x0000000d0134be80 0 0 1 0 1 2 1 49202 248
0x0000723b3daf9f00 0x0000000d0134bf00 0 1 1 0 1 2 1 49202 240
0x0000723b3daf9f80 0x0000000d0134bf80 0 1 1 0 1 2 1 49202 248
0x0000723b3dafa000 0x0000000e9a3a5000 0 0 0 0 0 2 1 58181 320
0x0000723b3dafa080 0x0000000e9a3a5080 0 0 0 0 0 2 1 58181 328
0x0000723b3dafa100 0x0000000e9a3a5100 0 1 0 0 0 2 1 58181 320
0x0000723b3dafa180 0x0000000e9a3a5180 0 1 0 0 0 2 1 58181 328
0x0000723b3dafa200 0x0000000e9a3a5200 0 0 1 0 0 2 1 58181 320
0x0000723b3dafa280 0x0000000e9a3a5280 0 0 1 0 0 2 1 58181 328
0x0000723b3dafa300 0x0000000e9a3a5300 0 1 1 0 0 2 1 58181 320
0x0000723b3dafa380 0x0000000e9a3a5380 0 1 1 0 0 2 1 58181 328
0x0000723b3dafa400 0x0000000e9a3a5400 0 0 0 0 0 2 1 58181 336
0x0000723b3dafa480 0x0000000e9a3a5480 0 0 0 0 0 2 1 58181 344
0x0000723b3dafa500 0x0000000e9a3a5500 0 1 0 0 0 2 1 58181 336
0x0000723b3dafa580 0x0000000e9a3a5580 0 1 0 0 0 2 1 58181 344
0x0000723b3dafa600 0x0000000e9a3a5600 0 0 1 0 0 2 1 58181 336
0x0000723b3dafa680 0x0000000e9a3a5680 0 0 1 0 0 2 1 58181 344
0x0000723b3dafa700 0x0000000e9a3a5700 0 1 1 0 0 2 1 58181 336
0x0000723b3dafa780 0x0000000e9a3a5780 0 1 1 0 0 2 1 58181 344
0x0000723b3dafa800 0x0000000e9a3a5800 0 0 0 0 0 2 1 58181 352
0x0000723b3dafa880 0x0000000e9a3a5880 0 0 0 0 0 2 1 58181 360
0x0000723b3dafa900 0x0000000e9a3a5900 0 1 0 0 0 2 1 58181 352
0x0000723b3dafa980 0x0000000e9a3a5980 0 1 0 0 0 2 1 58181 360
0x0000723b3dafaa00 0x0000000e9a3a5a00 0 0 1 0 0 2 1 58181 352
0x0000723b3dafaa80 0x0000000e9a3a5a80 0 0 1 0 0 2 1 58181 360
0x0000723b3dafab00 0x0000000e9a3a5b00 0 1 1 0 0 2 1 58181 352
0x0000723b3dafab80 0x0000000e9a3a5b80 0 1 1 0 0 2 1 58181 360
0x0000723b3dafac00 0x0000000e9a3a5c00 0 0 0 0 0 2 1 58181 368
0x0000723b3dafac80 0x0000000e9a3a5c80 0 0 0 0 0 2 1 58181 376
0x0000723b3dafad00 0x0000000e9a3a5d00 0 1 0 0 0 2 1 58181 368
0x0000723b3dafad80 0x0000000e9a3a5d80 0 1 0 0 0 2 1 58181 376
0x0000723b3dafae00 0x0000000e9a3a5e00 0 0 1 0 0 2 1 58181 368
0x0000723b3dafae80 0x0000000e9a3a5e80 0 0 1 0 0 2 1 58181 376
0x0000723b3dafaf00 0x0000000e9a3a5f00 0 1 1 0 0 2 1 58181 368
0x0000723b3dafaf80 0x0000000e9a3a5f80 0 1 1 0 0 2 1 58181 376
0x0000723b3dafe000 0x00000007fe301000 0 0 0 0 0 2 1 32704 64
0x0000723b3dafe080 0x00000007fe301080 0 0 0 0 0 2 1 32704 72
0x0000723b3dafe100 0x00000007fe301100 0 1 0 0 0 2 1 32704 64
0x0000723b3dafe180 0x00000007fe301180 0 1 0 0 0 2 1 32704 72
0x0000723b3dafe200 0x00000007fe301200 0 0 1 0 0 2 1 32704 64
0x0000723b3dafe280 0x00000007fe301280 0 0 1 0 0 2 1 32704 72
0x0000723b3dafe300 0x00000007fe301300 0 1 1 0 0 2 1 32704 64
0x0000723b3dafe380 0x00000007fe301380 0 1 1 0 0 2 1 32704 72
0x0000723b3dafe400 0x00000007fe301400 0 0 0 0 0 2 1 32704 80
0x0000723b3dafe480 0x00000007fe301480 0 0 0 0 0 2 1 32704 88
0x0000723b3dafe500 0x00000007fe301500 0 1 0 0 0 2 1 32704 80
0x0000723b3dafe580 0x00000007fe301580 0 1 0 0 0 2 1 32704 88
0x0000723b3dafe600 0x00000007fe301600 0 0 1 0 0 2 1 32704 80
0x0000723b3dafe680 0x00000007fe301680 0 0 1 0 0 2 1 32704 88
0x0000723b3dafe700 0x00000007fe301700 0 1 1 0 0 2 1 32704 80
0x0000723b3dafe780 0x00000007fe301780 0 1 1 0 0 2 1 32704 88
0x0000723b3dafe800 0x00000007fe301800 0 0 0 0 0 2 1 32704 96
0x0000723b3dafe880 0x00000007fe301880 0 0 0 0 0 2 1 32704 104
0x0000723b3dafe900 0x00000007fe301900 0 1 0 0 0 2 1 32704 96
0x0000723b3dafe980 0x00000007fe301980 0 1 0 0 0 2 1 32704 104
0x0000723b3dafea00 0x00000007fe301a00 0 0 1 0 0 2 1 32704 96
0x0000723b3dafea80 0x00000007fe301a80 0 0 1 0 0 2 1 32704 104
0x0000723b3dafeb00 0x00000007fe301b00 0 1 1 0 0 2 1 32704 96
0x0000723b3dafeb80 0x00000007fe301b80 0 1 1 0 0 2 1 32704 104
0x0000723b3dafec00 0x00000007fe301c00 0 0 0 0 0 2 1 32704 112
0x0000723b3dafec80 0x00000007fe301c80 0 0 0 0 0 2 1 32704 120
0x0000723b3dafed00 0x00000007fe301d00 0 1 0 0 0 2 1 32704 112
0x0000723b3dafed80 0x00000007fe301d80 0 1 0 0 0 2 1 32704 120
0x0000723b3dafee00 0x00000007fe301e00 0 0 1 0 0 2 1 32704 112
0x0000723b3dafee80 0x00000007fe301e80 0 0 1 0 0 2 1 32704 120
0x0000723b3dafef00 0x00000007fe301f00 0 1 1 0 0 2 1 32704 112
0x0000723b3dafef80 0x00000007fe301f80 0 1 1 0 0 2 1 32704 120
0x0000723b3db01000 0x0000000c71be5000 0 0 0 0 0 2 1 48703 320
0x0000723b3db01080 0x0000000c71be5080 0 0 0 0 0 2 1 48703 328
0x0000723b3db01100 0x0000000c71be5100 0 1 0 0 0 2 1 48703 320
0x0000723b3db01180 0x0000000c71be5180 0 1 0 0 0 2 1 48703 328
0x0000723b3db01200 0x0000000c71be5200 0 0 1 0 0 2 1 48703 320
0x0000723b3db01280 0x0000000c71be5280 0 0 1 0 0 2 1 48703 328
0x0000723b3db01300 0x0000000c71be5300 0 1 1 0 0 2 1 48703 320
0x0000723b3db01380 0x0000000c71be5380 0 1 1 0 0 2 1 48703 328
0x0000723b3db01400 0x0000000c71be5400 0 0 0 0 0 2 1 48703 336
0x0000723b3db01480 0x0000000c71be5480 0 0 0 0 0 2 1 48703 344
0x0000723b3db01500 0x0000000c71be5500 0 1 0 0 0 2 1 48703 336
0x0000723b3db01580 0x0000000c71be5580 0 1 0 0 0 2 1 48703 344
0x0000723b3db01600 0x0000000c71be5600 0 0 1 0 0 2 1 48703 336
0x0000723b3db01680 0x0000000c71be5680 0 0 1 0 0 2 1 48703 344
0x0000723b3db01700 0x0000000c71be5700 0 1 1 0 0 2 1 48703 336
0x0000723b3db01780 0x0000000c71be5780 0 1 1 0 0 2 1 48703 344
0x0000723b3db01800 0x0000000c71be5800 0 0 0 0 0 2 1 48703 352
0x0000723b3db01880 0x0000000c71be5880 0 0 0 0 0 2 1 48703 360
0x0000723b3db01900 0x0000000c71be5900 0 1 0 0 0 2 1 48703 352
0x0000723b3db01980 0x0000000c71be5980 0 1 0 0 0 2 1 48703 360
0x0000723b3db01a00 0x0000000c71be5a00 0 0 1 0 0 2 1 48703 352
0x0000723b3db01a80 0x0000000c71be5a80 0 0 1 0 0 2 1 48703 360
0x0000723b3db01b00 0x0000000c71be5b00 0 1 1 0 0 2 1 48703 352
0x0000723b3db01b80 0x0000000c71be5b80 0 1 1 0 0 2 1 48703 360
0x0000723b3db01c00 0x0000000c71be5c00 0 0 0 0 0 2 1 48703 368
0x0000723b3db01c80 0x0000000c71be5c80 0 0 0 0 0 2 1 48703 376
0x0000723b3db01d00 0x0000000c71be5d00 0 1 0 0 0 2 1 48703 368
0x0000723b3db01d80 0x0000000c71be5d80 0 1 0 0 0 2 1 48703 376
0x0000723b3db01e00 0x0000000c71be5e00 0 0 1 0 0 2 1 48703 368
0x0000723b3db01e80 0x0000000c71be5e80 0 0 1 0 0 2 1 48703 376
0x0000723b3db01f00 0x0000000c71be5f00 0 1 1 0 0 2 1 48703 368
0x0000723b3db01f80 0x0000000c71be5f80 0 1 1 0 0 2 1 48703 376
0x0000723b3db09000 0x000000030bbe8000 0 0 0 0 1 2 1 8575 0
0x0000723b3db09080 0x000000030bbe8080 0 0 0 0 1 2 1 8575 8
0x0000723b3db09100 0x000000030bbe8100 0 1 0 0 1 2 1 8575 0
0x0000723b3db09180 0x000000030bbe8180 0 1 0 0 1 2 1 8575 8
0x0000723b3db09200 0x000000030bbe8200 0 0 1 0 1 2 1 8575 0
0x0000723b3db09280 0x000000030bbe8280 0 0 1 0 1 2 1 8575 8
0x0000723b3db09300 0x000000030bbe8300 0 1 1 0 1 2 1 8575 0
0x0000723b3db09380 0x000000030bbe8380 0 1 1 0 1 2 1 8575 8
0x0000723b3db09400 0x000000030bbe8400 0 0 0 0 1 2 1 8575 16
0x0000723b3db09480 0x000000030bbe8480 0 0 0 0 1 2 1 8575 24
0x0000723b3db09500 0x000000030bbe8500 0 1 0 0 1 2 1 8575 16
0x0000723b3db09580 0x000000030bbe8580 0 1 0 0 1 2 1 8575 24
0x0000723b3db09600 0x000000030bbe8600 0 0 1 0 1 2 1 8575 16
0x0000723b3db09680 0x000000030bbe8680 0 0 1 0 1 2 1 8575 24
0x0000723b3db09700 0x000000030bbe8700 0 1 1 0 1 2 1 8575 16
0x0000723b3db09780 0x000000030bbe8780 0 1 1 0 1 2 1 8575 24
0x0000723b3db09800 0x000000030bbe8800 0 0 0 0 1 2 1 8575 32
0x0000723b3db09880 0x000000030bbe8880 0 0 0 0 1 2 1 8575 40
0x0000723b3db09900 0x000000030bbe8900 0 1 0 0 1 2 1 8575 32
0x0000723b3db09980 0x000000030bbe8980 0 1 0 0 1 2 1 8575 40
0x0000723b3db09a00 0x000000030bbe8a00 0 0 1 0 1 2 1 8575 32
0x0000723b3db09a80 0x000000030bbe8a80 0 0 1 0 1 2 1 8575 40
0x0000723b3db09b00 0x000000030bbe8b00 0 1 1 0 1 2 1 8575 32
0x0000723b3db09b80 0x000000030bbe8b80 0 1 1 0 1 2 1 8575 40
0x0000723b3db09c00 0x000000030bbe8c00 0 0 0 0 1 2 1 8575 48
0x0000723b3db09c80 0x000000030bbe8c80 0 0 0 0 1 2 1 8575 56
0x0000723b3db09d00 0x000000030bbe8d00 0 1 0 0 1 2 1 8575 48
0x0000723b3db09d80 0x000000030bbe8d80 0 1 0 0 1 2 1 8575 56
0x0000723b3db09e00 0x000000030bbe8e00 0 0 1 0 1 2 1 8575 48
0x0000723b3db09e80 0x000000030bbe8e80 0 0 1 0 1 2 1 8575 56
0x0000723b3db09f00 0x000000030bbe8f00 0 1 1 0 1 2 1 8575 48
0x0000723b3db09f80 0x000000030bbe8f80 0 1 1 0 1 2 1 8575 56
