# bank_id=13 (bg=3 ba=1) n=3904
# Columns: VA PA s imc ch dimm rank bg ba row col
0x0000723b3d817040 0x00000006fe327040 0 0 0 0 0 3 1 28609 448
0x0000723b3d8170c0 0x00000006fe3270c0 0 0 0 0 0 3 1 28609 456
0x0000723b3d817140 0x00000006fe327140 0 1 0 0 0 3 1 28609 448
0x0000723b3d8171c0 0x00000006fe3271c0 0 1 0 0 0 3 1 28609 456
0x0000723b3d817240 0x00000006fe327240 0 0 1 0 0 3 1 28609 448
0x0000723b3d8172c0 0x00000006fe3272c0 0 0 1 0 0 3 1 28609 456
0x0000723b3d817340 0x00000006fe327340 0 1 1 0 0 3 1 28609 448
0x0000723b3d8173c0 0x00000006fe3273c0 0 1 1 0 0 3 1 28609 456
0x0000723b3d817440 0x00000006fe327440 0 0 0 0 0 3 1 28609 464
0x0000723b3d8174c0 0x00000006fe3274c0 0 0 0 0 0 3 1 28609 472
0x0000723b3d817540 0x00000006fe327540 0 1 0 0 0 3 1 28609 464
0x0000723b3d8175c0 0x00000006fe3275c0 0 1 0 0 0 3 1 28609 472
0x0000723b3d817640 0x00000006fe327640 0 0 1 0 0 3 1 28609 464
0x0000723b3d8176c0 0x00000006fe3276c0 0 0 1 0 0 3 1 28609 472
0x0000723b3d817740 0x00000006fe327740 0 1 1 0 0 3 1 28609 464
0x0000723b3d8177c0 0x00000006fe3277c0 0 1 1 0 0 3 1 28609 472
0x0000723b3d817840 0x00000006fe327840 0 0 0 0 0 3 1 28609 480
0x0000723b3d8178c0 0x00000006fe3278c0 0 0 0 0 0 3 1 28609 488
0x0000723b3d817940 0x00000006fe327940 0 1 0 0 0 3 1 28609 480
0x0000723b3d8179c0 0x00000006fe3279c0 0 1 0 0 0 3 1 28609 488
0x0000723b3d817a40 0x00000006fe327a40 0 0 1 0 0 3 1 28609 480
0x0000723b3d817ac0 0x00000006fe327ac0 0 0 1 0 0 3 1 28609 488
0x0000723b3d817b40 0x00000006fe327b40 0 1 1 0 0 3 1 28609 480
0x0000723b3d817bc0 0x00000006fe327bc0 0 1 1 0 0 3 1 28609 488
0x0000723b3d817c40 0x00000006fe327c40 0 0 0 0 0 3 1 28609 496
0x0000723b3d817cc0 0x00000006fe327cc0 0 0 0 0 0 3 1 28609 504
0x0000723b3d817d40 0x00000006fe327d40 0 1 0 0 0 3 1 28609 496
0x0000723b3d817dc0 0x00000006fe327dc0 0 1 0 0 0 3 1 28609 504
0x0000723b3d817e40 0x00000006fe327e40 0 0 1 0 0 3 1 28609 496
0x0000723b3d817ec0 0x00000006fe327ec0 0 0 1 0 0 3 1 28609 504
0x0000723b3d817f40 0x00000006fe327f40 0 1 1 0 0 3 1 28609 496
0x0000723b3d817fc0 0x00000006fe327fc0 0 1 1 0 0 3 1 28609 504
0x0000723b3d826040 0x00000009643f5040 0 0 0 0 0 3 1 35991 832
0x0000723b3d8260c0 0x00000009643f50c0 0 0 0 0 0 3 1 35991 840
0x0000723b3d826140 0x00000009643f5140 0 1 0 0 0 3 1 35991 832
0x0000723b3d8261c0 0x00000009643f51c0 0 1 0 0 0 3 1 35991 840
0x0000723b3d826240 0x00000009643f5240 0 0 1 0 0 3 1 35991 832
0x0000723b3d8262c0 0x00000009643f52c0 0 0 1 0 0 3 1 35991 840
0x0000723b3d826340 0x00000009643f5340 0 1 1 0 0 3 1 35991 832
0x0000723b3d8263c0 0x00000009643f53c0 0 1 1 0 0 3 1 35991 840
0x0000723b3d826440 0x00000009643f5440 0 0 0 0 0 3 1 35991 848
0x0000723b3d8264c0 0x00000009643f54c0 0 0 0 0 0 3 1 35991 856
0x0000723b3d826540 0x00000009643f5540 0 1 0 0 0 3 1 35991 848
0x0000723b3d8265c0 0x00000009643f55c0 0 1 0 0 0 3 1 35991 856
0x0000723b3d826640 0x00000009643f5640 0 0 1 0 0 3 1 35991 848
0x0000723b3d8266c0 0x00000009643f56c0 0 0 1 0 0 3 1 35991 856
0x0000723b3d826740 0x00000009643f5740 0 1 1 0 0 3 1 35991 848
0x0000723b3d8267c0 0x00000009643f57c0 0 1 1 0 0 3 1 35991 856
0x0000723b3d826840 0x00000009643f5840 0 0 0 0 0 3 1 35991 864
0x0000723b3d8268c0 0x00000009643f58c0 0 0 0 0 0 3 1 35991 872
0x0000723b3d826940 0x00000009643f5940 0 1 0 0 0 3 1 35991 864
0x0000723b3d8269c0 0x00000009643f59c0 0 1 0 0 0 3 1 35991 872
0x0000723b3d826a40 0x00000009643f5a40 0 0 1 0 0 3 1 35991 864
0x0000723b3d826ac0 0x00000009643f5ac0 0 0 1 0 0 3 1 35991 872
0x0000723b3d826b40 0x00000009643f5b40 0 1 1 0 0 3 1 35991 864
0x0000723b3d826bc0 0x00000009643f5bc0 0 1 1 0 0 3 1 35991 872
0x0000723b3d826c40 0x00000009643f5c40 0 0 0 0 0 3 1 35991 880
0x0000723b3d826cc0 0x00000009643f5cc0 0 0 0 0 0 3 1 35991 888
0x0000723b3d826d40 0x00000009643f5d40 0 1 0 0 0 3 1 35991 880
0x0000723b3d826dc0 0x00000009643f5dc0 0 1 0 0 0 3 1 35991 888
0x0000723b3d826e40 0x00000009643f5e40 0 0 1 0 0 3 1 35991 880
0x0000723b3d826ec0 0x00000009643f5ec0 0 0 1 0 0 3 1 35991 888
0x0000723b3d826f40 0x00000009643f5f40 0 1 1 0 0 3 1 35991 880
0x0000723b3d826fc0 0x00000009643f5fc0 0 1 1 0 0 3 1 35991 888
0x0000723b3d82a040 0x0000000b9f3f7040 0 0 0 0 0 3 1 46055 960
0x0000723b3d82a0c0 0x0000000b9f3f70c0 0 0 0 0 0 3 1 46055 968
0x0000723b3d82a140 0x0000000b9f3f7140 0 1 0 0 0 3 1 46055 960
0x0000723b3d82a1c0 0x0000000b9f3f71c0 0 1 0 0 0 3 1 46055 968
0x0000723b3d82a240 0x0000000b9f3f7240 0 0 1 0 0 3 1 46055 960
0x0000723b3d82a2c0 0x0000000b9f3f72c0 0 0 1 0 0 3 1 46055 968
0x0000723b3d82a340 0x0000000b9f3f7340 0 1 1 0 0 3 1 46055 960
0x0000723b3d82a3c0 0x0000000b9f3f73c0 0 1 1 0 0 3 1 46055 968
0x0000723b3d82a440 0x0000000b9f3f7440 0 0 0 0 0 3 1 46055 976
0x0000723b3d82a4c0 0x0000000b9f3f74c0 0 0 0 0 0 3 1 46055 984
0x0000723b3d82a540 0x0000000b9f3f7540 0 1 0 0 0 3 1 46055 976
0x0000723b3d82a5c0 0x0000000b9f3f75c0 0 1 0 0 0 3 1 46055 984
0x0000723b3d82a640 0x0000000b9f3f7640 0 0 1 0 0 3 1 46055 976
0x0000723b3d82a6c0 0x0000000b9f3f76c0 0 0 1 0 0 3 1 46055 984
0x0000723b3d82a740 0x0000000b9f3f7740 0 1 1 0 0 3 1 46055 976
0x0000723b3d82a7c0 0x0000000b9f3f77c0 0 1 1 0 0 3 1 46055 984
0x0000723b3d82a840 0x0000000b9f3f7840 0 0 0 0 0 3 1 46055 992
0x0000723b3d82a8c0 0x0000000b9f3f78c0 0 0 0 0 0 3 1 46055 1000
0x0000723b3d82a940 0x0000000b9f3f7940 0 1 0 0 0 3 1 46055 992
0x0000723b3d82a9c0 0x0000000b9f3f79c0 0 1 0 0 0 3 1 46055 1000
0x0000723b3d82aa40 0x0000000b9f3f7a40 0 0 1 0 0 3 1 46055 992
0x0000723b3d82aac0 0x0000000b9f3f7ac0 0 0 1 0 0 3 1 46055 1000
0x0000723b3d82ab40 0x0000000b9f3f7b40 0 1 1 0 0 3 1 46055 992
0x0000723b3d82abc0 0x0000000b9f3f7bc0 0 1 1 0 0 3 1 46055 1000
0x0000723b3d82ac40 0x0000000b9f3f7c40 0 0 0 0 0 3 1 46055 1008
0x0000723b3d82acc0 0x0000000b9f3f7cc0 0 0 0 0 0 3 1 46055 1016
0x0000723b3d82ad40 0x0000000b9f3f7d40 0 1 0 0 0 3 1 46055 1008
0x0000723b3d82adc0 0x0000000b9f3f7dc0 0 1 0 0 0 3 1 46055 1016
0x0000723b3d82ae40 0x0000000b9f3f7e40 0 0 1 0 0 3 1 46055 1008
0x0000723b3d82aec0 0x0000000b9f3f7ec0 0 0 1 0 0 3 1 46055 1016
0x0000723b3d82af40 0x0000000b9f3f7f40 0 1 1 0 0 3 1 46055 1008
0x0000723b3d82afc0 0x0000000b9f3f7fc0 0 1 1 0 0 3 1 46055 1016
0x0000723b3d82b040 0x00000007c33a6040 0 0 0 0 0 3 1 30821 384
0x0000723b3d82b0c0 0x00000007c33a60c0 0 0 0 0 0 3 1 30821 392
0x0000723b3d82b140 0x00000007c33a6140 0 1 0 0 0 3 1 30821 384
0x0000723b3d82b1c0 0x00000007c33a61c0 0 1 0 0 0 3 1 30821 392
0x0000723b3d82b240 0x00000007c33a6240 0 0 1 0 0 3 1 30821 384
0x0000723b3d82b2c0 0x00000007c33a62c0 0 0 1 0 0 3 1 30821 392
0x0000723b3d82b340 0x00000007c33a6340 0 1 1 0 0 3 1 30821 384
0x0000723b3d82b3c0 0x00000007c33a63c0 0 1 1 0 0 3 1 30821 392
0x0000723b3d82b440 0x00000007c33a6440 0 0 0 0 0 3 1 30821 400
0x0000723b3d82b4c0 0x00000007c33a64c0 0 0 0 0 0 3 1 30821 408
0x0000723b3d82b540 0x00000007c33a6540 0 1 0 0 0 3 1 30821 400
0x0000723b3d82b5c0 0x00000007c33a65c0 0 1 0 0 0 3 1 30821 408
0x0000723b3d82b640 0x00000007c33a6640 0 0 1 0 0 3 1 30821 400
0x0000723b3d82b6c0 0x00000007c33a66c0 0 0 1 0 0 3 1 30821 408
0x0000723b3d82b740 0x00000007c33a6740 0 1 1 0 0 3 1 30821 400
0x0000723b3d82b7c0 0x00000007c33a67c0 0 1 1 0 0 3 1 30821 408
0x0000723b3d82b840 0x00000007c33a6840 0 0 0 0 0 3 1 30821 416
0x0000723b3d82b8c0 0x00000007c33a68c0 0 0 0 0 0 3 1 30821 424
0x0000723b3d82b940 0x00000007c33a6940 0 1 0 0 0 3 1 30821 416
0x0000723b3d82b9c0 0x00000007c33a69c0 0 1 0 0 0 3 1 30821 424
0x0000723b3d82ba40 0x00000007c33a6a40 0 0 1 0 0 3 1 30821 416
0x0000723b3d82bac0 0x00000007c33a6ac0 0 0 1 0 0 3 1 30821 424
0x0000723b3d82bb40 0x00000007c33a6b40 0 1 1 0 0 3 1 30821 416
0x0000723b3d82bbc0 0x00000007c33a6bc0 0 1 1 0 0 3 1 30821 424
0x0000723b3d82bc40 0x00000007c33a6c40 0 0 0 0 0 3 1 30821 432
0x0000723b3d82bcc0 0x00000007c33a6cc0 0 0 0 0 0 3 1 30821 440
0x0000723b3d82bd40 0x00000007c33a6d40 0 1 0 0 0 3 1 30821 432
0x0000723b3d82bdc0 0x00000007c33a6dc0 0 1 0 0 0 3 1 30821 440
0x0000723b3d82be40 0x00000007c33a6e40 0 0 1 0 0 3 1 30821 432
0x0000723b3d82bec0 0x00000007c33a6ec0 0 0 1 0 0 3 1 30821 440
0x0000723b3d82bf40 0x00000007c33a6f40 0 1 1 0 0 3 1 30821 432
0x0000723b3d82bfc0 0x00000007c33a6fc0 0 1 1 0 0 3 1 30821 440
0x0000723b3d83d040 0x0000000e0e3c0040 0 0 0 0 0 3 1 53718 0
0x0000723b3d83d0c0 0x0000000e0e3c00c0 0 0 0 0 0 3 1 53718 8
0x0000723b3d83d140 0x0000000e0e3c0140 0 1 0 0 0 3 1 53718 0
0x0000723b3d83d1c0 0x0000000e0e3c01c0 0 1 0 0 0 3 1 53718 8
0x0000723b3d83d240 0x0000000e0e3c0240 0 0 1 0 0 3 1 53718 0
0x0000723b3d83d2c0 0x0000000e0e3c02c0 0 0 1 0 0 3 1 53718 8
0x0000723b3d83d340 0x0000000e0e3c0340 0 1 1 0 0 3 1 53718 0
0x0000723b3d83d3c0 0x0000000e0e3c03c0 0 1 1 0 0 3 1 53718 8
0x0000723b3d83d440 0x0000000e0e3c0440 0 0 0 0 0 3 1 53718 16
0x0000723b3d83d4c0 0x0000000e0e3c04c0 0 0 0 0 0 3 1 53718 24
0x0000723b3d83d540 0x0000000e0e3c0540 0 1 0 0 0 3 1 53718 16
0x0000723b3d83d5c0 0x0000000e0e3c05c0 0 1 0 0 0 3 1 53718 24
0x0000723b3d83d640 0x0000000e0e3c0640 0 0 1 0 0 3 1 53718 16
0x0000723b3d83d6c0 0x0000000e0e3c06c0 0 0 1 0 0 3 1 53718 24
0x0000723b3d83d740 0x0000000e0e3c0740 0 1 1 0 0 3 1 53718 16
0x0000723b3d83d7c0 0x0000000e0e3c07c0 0 1 1 0 0 3 1 53718 24
0x0000723b3d83d840 0x0000000e0e3c0840 0 0 0 0 0 3 1 53718 32
0x0000723b3d83d8c0 0x0000000e0e3c08c0 0 0 0 0 0 3 1 53718 40
0x0000723b3d83d940 0x0000000e0e3c0940 0 1 0 0 0 3 1 53718 32
0x0000723b3d83d9c0 0x0000000e0e3c09c0 0 1 0 0 0 3 1 53718 40
0x0000723b3d83da40 0x0000000e0e3c0a40 0 0 1 0 0 3 1 53718 32
0x0000723b3d83dac0 0x0000000e0e3c0ac0 0 0 1 0 0 3 1 53718 40
0x0000723b3d83db40 0x0000000e0e3c0b40 0 1 1 0 0 3 1 53718 32
0x0000723b3d83dbc0 0x0000000e0e3c0bc0 0 1 1 0 0 3 1 53718 40
0x0000723b3d83dc40 0x0000000e0e3c0c40 0 0 0 0 0 3 1 53718 48
0x0000723b3d83dcc0 0x0000000e0e3c0cc0 0 0 0 0 0 3 1 53718 56
0x0000723b3d83dd40 0x0000000e0e3c0d40 0 1 0 0 0 3 1 53718 48
0x0000723b3d83ddc0 0x0000000e0e3c0dc0 0 1 0 0 0 3 1 53718 56
0x0000723b3d83de40 0x0000000e0e3c0e40 0 0 1 0 0 3 1 53718 48
0x0000723b3d83dec0 0x0000000e0e3c0ec0 0 0 1 0 0 3 1 53718 56
0x0000723b3d83df40 0x0000000e0e3c0f40 0 1 1 0 0 3 1 53718 48
0x0000723b3d83dfc0 0x0000000e0e3c0fc0 0 1 1 0 0 3 1 53718 56
0x0000723b3d845040 0x0000000b4eb5b040 0 0 0 0 1 3 1 43482 704
0x0000723b3d8450c0 0x0000000b4eb5b0c0 0 0 0 0 1 3 1 43482 712
0x0000723b3d845140 0x0000000b4eb5b140 0 1 0 0 1 3 1 43482 704
0x0000723b3d8451c0 0x0000000b4eb5b1c0 0 1 0 0 1 3 1 43482 712
0x0000723b3d845240 0x0000000b4eb5b240 0 0 1 0 1 3 1 43482 704
0x0000723b3d8452c0 0x0000000b4eb5b2c0 0 0 1 0 1 3 1 43482 712
0x0000723b3d845340 0x0000000b4eb5b340 0 1 1 0 1 3 1 43482 704
0x0000723b3d8453c0 0x0000000b4eb5b3c0 0 1 1 0 1 3 1 43482 712
0x0000723b3d845440 0x0000000b4eb5b440 0 0 0 0 1 3 1 43482 720
0x0000723b3d8454c0 0x0000000b4eb5b4c0 0 0 0 0 1 3 1 43482 728
0x0000723b3d845540 0x0000000b4eb5b540 0 1 0 0 1 3 1 43482 720
0x0000723b3d8455c0 0x0000000b4eb5b5c0 0 1 0 0 1 3 1 43482 728
0x0000723b3d845640 0x0000000b4eb5b640 0 0 1 0 1 3 1 43482 720
0x0000723b3d8456c0 0x0000000b4eb5b6c0 0 0 1 0 1 3 1 43482 728
0x0000723b3d845740 0x0000000b4eb5b740 0 1 1 0 1 3 1 43482 720
0x0000723b3d8457c0 0x0000000b4eb5b7c0 0 1 1 0 1 3 1 43482 728
0x0000723b3d845840 0x0000000b4eb5b840 0 0 0 0 1 3 1 43482 736
0x0000723b3d8458c0 0x0000000b4eb5b8c0 0 0 0 0 1 3 1 43482 744
0x0000723b3d845940 0x0000000b4eb5b940 0 1 0 0 1 3 1 43482 736
0x0000723b3d8459c0 0x0000000b4eb5b9c0 0 1 0 0 1 3 1 43482 744
0x0000723b3d845a40 0x0000000b4eb5ba40 0 0 1 0 1 3 1 43482 736
0x0000723b3d845ac0 0x0000000b4eb5bac0 0 0 1 0 1 3 1 43482 744
0x0000723b3d845b40 0x0000000b4eb5bb40 0 1 1 0 1 3 1 43482 736
0x0000723b3d845bc0 0x0000000b4eb5bbc0 0 1 1 0 1 3 1 43482 744
0x0000723b3d845c40 0x0000000b4eb5bc40 0 0 0 0 1 3 1 43482 752
0x0000723b3d845cc0 0x0000000b4eb5bcc0 0 0 0 0 1 3 1 43482 760
0x0000723b3d845d40 0x0000000b4eb5bd40 0 1 0 0 1 3 1 43482 752
0x0000723b3d845dc0 0x0000000b4eb5bdc0 0 1 0 0 1 3 1 43482 760
0x0000723b3d845e40 0x0000000b4eb5be40 0 0 1 0 1 3 1 43482 752
0x0000723b3d845ec0 0x0000000b4eb5bec0 0 0 1 0 1 3 1 43482 760
0x0000723b3d845f40 0x0000000b4eb5bf40 0 1 1 0 1 3 1 43482 752
0x0000723b3d845fc0 0x0000000b4eb5bfc0 0 1 1 0 1 3 1 43482 760
0x0000723b3d848040 0x0000000b4eb58040 0 0 0 0 1 3 1 43482 512
0x0000723b3d8480c0 0x0000000b4eb580c0 0 0 0 0 1 3 1 43482 520
0x0000723b3d848140 0x0000000b4eb58140 0 1 0 0 1 3 1 43482 512
0x0000723b3d8481c0 0x0000000b4eb581c0 0 1 0 0 1 3 1 43482 520
0x0000723b3d848240 0x0000000b4eb58240 0 0 1 0 1 3 1 43482 512
0x0000723b3d8482c0 0x0000000b4eb582c0 0 0 1 0 1 3 1 43482 520
0x0000723b3d848340 0x0000000b4eb58340 0 1 1 0 1 3 1 43482 512
0x0000723b3d8483c0 0x0000000b4eb583c0 0 1 1 0 1 3 1 43482 520
0x0000723b3d848440 0x0000000b4eb58440 0 0 0 0 1 3 1 43482 528
0x0000723b3d8484c0 0x0000000b4eb584c0 0 0 0 0 1 3 1 43482 536
0x0000723b3d848540 0x0000000b4eb58540 0 1 0 0 1 3 1 43482 528
0x0000723b3d8485c0 0x0000000b4eb585c0 0 1 0 0 1 3 1 43482 536
0x0000723b3d848640 0x0000000b4eb58640 0 0 1 0 1 3 1 43482 528
0x0000723b3d8486c0 0x0000000b4eb586c0 0 0 1 0 1 3 1 43482 536
0x0000723b3d848740 0x0000000b4eb58740 0 1 1 0 1 3 1 43482 528
0x0000723b3d8487c0 0x0000000b4eb587c0 0 1 1 0 1 3 1 43482 536
0x0000723b3d848840 0x0000000b4eb58840 0 0 0 0 1 3 1 43482 544
0x0000723b3d8488c0 0x0000000b4eb588c0 0 0 0 0 1 3 1 43482 552
0x0000723b3d848940 0x0000000b4eb58940 0 1 0 0 1 3 1 43482 544
0x0000723b3d8489c0 0x0000000b4eb589c0 0 1 0 0 1 3 1 43482 552
0x0000723b3d848a40 0x0000000b4eb58a40 0 0 1 0 1 3 1 43482 544
0x0000723b3d848ac0 0x0000000b4eb58ac0 0 0 1 0 1 3 1 43482 552
0x0000723b3d848b40 0x0000000b4eb58b40 0 1 1 0 1 3 1 43482 544
0x0000723b3d848bc0 0x0000000b4eb58bc0 0 1 1 0 1 3 1 43482 552
0x0000723b3d848c40 0x0000000b4eb58c40 0 0 0 0 1 3 1 43482 560
0x0000723b3d848cc0 0x0000000b4eb58cc0 0 0 0 0 1 3 1 43482 568
0x0000723b3d848d40 0x0000000b4eb58d40 0 1 0 0 1 3 1 43482 560
0x0000723b3d848dc0 0x0000000b4eb58dc0 0 1 0 0 1 3 1 43482 568
0x0000723b3d848e40 0x0000000b4eb58e40 0 0 1 0 1 3 1 43482 560
0x0000723b3d848ec0 0x0000000b4eb58ec0 0 0 1 0 1 3 1 43482 568
0x0000723b3d848f40 0x0000000b4eb58f40 0 1 1 0 1 3 1 43482 560
0x0000723b3d848fc0 0x0000000b4eb58fc0 0 1 1 0 1 3 1 43482 568
0x0000723b3d850040 0x00000009a43ca040 0 0 0 0 1 3 1 38022 128
0x0000723b3d8500c0 0x00000009a43ca0c0 0 0 0 0 1 3 1 38022 136
0x0000723b3d850140 0x00000009a43ca140 0 1 0 0 1 3 1 38022 128
0x0000723b3d8501c0 0x00000009a43ca1c0 0 1 0 0 1 3 1 38022 136
0x0000723b3d850240 0x00000009a43ca240 0 0 1 0 1 3 1 38022 128
0x0000723b3d8502c0 0x00000009a43ca2c0 0 0 1 0 1 3 1 38022 136
0x0000723b3d850340 0x00000009a43ca340 0 1 1 0 1 3 1 38022 128
0x0000723b3d8503c0 0x00000009a43ca3c0 0 1 1 0 1 3 1 38022 136
0x0000723b3d850440 0x00000009a43ca440 0 0 0 0 1 3 1 38022 144
0x0000723b3d8504c0 0x00000009a43ca4c0 0 0 0 0 1 3 1 38022 152
0x0000723b3d850540 0x00000009a43ca540 0 1 0 0 1 3 1 38022 144
0x0000723b3d8505c0 0x00000009a43ca5c0 0 1 0 0 1 3 1 38022 152
0x0000723b3d850640 0x00000009a43ca640 0 0 1 0 1 3 1 38022 144
0x0000723b3d8506c0 0x00000009a43ca6c0 0 0 1 0 1 3 1 38022 152
0x0000723b3d850740 0x00000009a43ca740 0 1 1 0 1 3 1 38022 144
0x0000723b3d8507c0 0x00000009a43ca7c0 0 1 1 0 1 3 1 38022 152
0x0000723b3d850840 0x00000009a43ca840 0 0 0 0 1 3 1 38022 160
0x0000723b3d8508c0 0x00000009a43ca8c0 0 0 0 0 1 3 1 38022 168
0x0000723b3d850940 0x00000009a43ca940 0 1 0 0 1 3 1 38022 160
0x0000723b3d8509c0 0x00000009a43ca9c0 0 1 0 0 1 3 1 38022 168
0x0000723b3d850a40 0x00000009a43caa40 0 0 1 0 1 3 1 38022 160
0x0000723b3d850ac0 0x00000009a43caac0 0 0 1 0 1 3 1 38022 168
0x0000723b3d850b40 0x00000009a43cab40 0 1 1 0 1 3 1 38022 160
0x0000723b3d850bc0 0x00000009a43cabc0 0 1 1 0 1 3 1 38022 168
0x0000723b3d850c40 0x00000009a43cac40 0 0 0 0 1 3 1 38022 176
0x0000723b3d850cc0 0x00000009a43cacc0 0 0 0 0 1 3 1 38022 184
0x0000723b3d850d40 0x00000009a43cad40 0 1 0 0 1 3 1 38022 176
0x0000723b3d850dc0 0x00000009a43cadc0 0 1 0 0 1 3 1 38022 184
0x0000723b3d850e40 0x00000009a43cae40 0 0 1 0 1 3 1 38022 176
0x0000723b3d850ec0 0x00000009a43caec0 0 0 1 0 1 3 1 38022 184
0x0000723b3d850f40 0x00000009a43caf40 0 1 1 0 1 3 1 38022 176
0x0000723b3d850fc0 0x00000009a43cafc0 0 1 1 0 1 3 1 38022 184
0x0000723b3d851040 0x00000009a43cb040 0 0 0 0 1 3 1 38022 192
0x0000723b3d8510c0 0x00000009a43cb0c0 0 0 0 0 1 3 1 38022 200
0x0000723b3d851140 0x00000009a43cb140 0 1 0 0 1 3 1 38022 192
0x0000723b3d8511c0 0x00000009a43cb1c0 0 1 0 0 1 3 1 38022 200
0x0000723b3d851240 0x00000009a43cb240 0 0 1 0 1 3 1 38022 192
0x0000723b3d8512c0 0x00000009a43cb2c0 0 0 1 0 1 3 1 38022 200
0x0000723b3d851340 0x00000009a43cb340 0 1 1 0 1 3 1 38022 192
0x0000723b3d8513c0 0x00000009a43cb3c0 0 1 1 0 1 3 1 38022 200
0x0000723b3d851440 0x00000009a43cb440 0 0 0 0 1 3 1 38022 208
0x0000723b3d8514c0 0x00000009a43cb4c0 0 0 0 0 1 3 1 38022 216
0x0000723b3d851540 0x00000009a43cb540 0 1 0 0 1 3 1 38022 208
0x0000723b3d8515c0 0x00000009a43cb5c0 0 1 0 0 1 3 1 38022 216
0x0000723b3d851640 0x00000009a43cb640 0 0 1 0 1 3 1 38022 208
0x0000723b3d8516c0 0x00000009a43cb6c0 0 0 1 0 1 3 1 38022 216
0x0000723b3d851740 0x00000009a43cb740 0 1 1 0 1 3 1 38022 208
0x0000723b3d8517c0 0x00000009a43cb7c0 0 1 1 0 1 3 1 38022 216
0x0000723b3d851840 0x00000009a43cb840 0 0 0 0 1 3 1 38022 224
0x0000723b3d8518c0 0x00000009a43cb8c0 0 0 0 0 1 3 1 38022 232
0x0000723b3d851940 0x00000009a43cb940 0 1 0 0 1 3 1 38022 224
0x0000723b3d8519c0 0x00000009a43cb9c0 0 1 0 0 1 3 1 38022 232
0x0000723b3d851a40 0x00000009a43cba40 0 0 1 0 1 3 1 38022 224
0x0000723b3d851ac0 0x00000009a43cbac0 0 0 1 0 1 3 1 38022 232
0x0000723b3d851b40 0x00000009a43cbb40 0 1 1 0 1 3 1 38022 224
0x0000723b3d851bc0 0x00000009a43cbbc0 0 1 1 0 1 3 1 38022 232
0x0000723b3d851c40 0x00000009a43cbc40 0 0 0 0 1 3 1 38022 240
0x0000723b3d851cc0 0x00000009a43cbcc0 0 0 0 0 1 3 1 38022 248
0x0000723b3d851d40 0x00000009a43cbd40 0 1 0 0 1 3 1 38022 240
0x0000723b3d851dc0 0x00000009a43cbdc0 0 1 0 0 1 3 1 38022 248
0x0000723b3d851e40 0x00000009a43cbe40 0 0 1 0 1 3 1 38022 240
0x0000723b3d851ec0 0x00000009a43cbec0 0 0 1 0 1 3 1 38022 248
0x0000723b3d851f40 0x00000009a43cbf40 0 1 1 0 1 3 1 38022 240
0x0000723b3d851fc0 0x00000009a43cbfc0 0 1 1 0 1 3 1 38022 248
0x0000723b3d852040 0x00000009a43c8040 0 0 0 0 1 3 1 38022 0
0x0000723b3d8520c0 0x00000009a43c80c0 0 0 0 0 1 3 1 38022 8
0x0000723b3d852140 0x00000009a43c8140 0 1 0 0 1 3 1 38022 0
0x0000723b3d8521c0 0x00000009a43c81c0 0 1 0 0 1 3 1 38022 8
0x0000723b3d852240 0x00000009a43c8240 0 0 1 0 1 3 1 38022 0
0x0000723b3d8522c0 0x00000009a43c82c0 0 0 1 0 1 3 1 38022 8
0x0000723b3d852340 0x00000009a43c8340 0 1 1 0 1 3 1 38022 0
0x0000723b3d8523c0 0x00000009a43c83c0 0 1 1 0 1 3 1 38022 8
0x0000723b3d852440 0x00000009a43c8440 0 0 0 0 1 3 1 38022 16
0x0000723b3d8524c0 0x00000009a43c84c0 0 0 0 0 1 3 1 38022 24
0x0000723b3d852540 0x00000009a43c8540 0 1 0 0 1 3 1 38022 16
0x0000723b3d8525c0 0x00000009a43c85c0 0 1 0 0 1 3 1 38022 24
0x0000723b3d852640 0x00000009a43c8640 0 0 1 0 1 3 1 38022 16
0x0000723b3d8526c0 0x00000009a43c86c0 0 0 1 0 1 3 1 38022 24
0x0000723b3d852740 0x00000009a43c8740 0 1 1 0 1 3 1 38022 16
0x0000723b3d8527c0 0x00000009a43c87c0 0 1 1 0 1 3 1 38022 24
0x0000723b3d852840 0x00000009a43c8840 0 0 0 0 1 3 1 38022 32
0x0000723b3d8528c0 0x00000009a43c88c0 0 0 0 0 1 3 1 38022 40
0x0000723b3d852940 0x00000009a43c8940 0 1 0 0 1 3 1 38022 32
0x0000723b3d8529c0 0x00000009a43c89c0 0 1 0 0 1 3 1 38022 40
0x0000723b3d852a40 0x00000009a43c8a40 0 0 1 0 1 3 1 38022 32
0x0000723b3d852ac0 0x00000009a43c8ac0 0 0 1 0 1 3 1 38022 40
0x0000723b3d852b40 0x00000009a43c8b40 0 1 1 0 1 3 1 38022 32
0x0000723b3d852bc0 0x00000009a43c8bc0 0 1 1 0 1 3 1 38022 40
0x0000723b3d852c40 0x00000009a43c8c40 0 0 0 0 1 3 1 38022 48
0x0000723b3d852cc0 0x00000009a43c8cc0 0 0 0 0 1 3 1 38022 56
0x0000723b3d852d40 0x00000009a43c8d40 0 1 0 0 1 3 1 38022 48
0x0000723b3d852dc0 0x00000009a43c8dc0 0 1 0 0 1 3 1 38022 56
0x0000723b3d852e40 0x00000009a43c8e40 0 0 1 0 1 3 1 38022 48
0x0000723b3d852ec0 0x00000009a43c8ec0 0 0 1 0 1 3 1 38022 56
0x0000723b3d852f40 0x00000009a43c8f40 0 1 1 0 1 3 1 38022 48
0x0000723b3d852fc0 0x00000009a43c8fc0 0 1 1 0 1 3 1 38022 56
0x0000723b3d853040 0x0000000b4eb59040 0 0 0 0 1 3 1 43482 576
0x0000723b3d8530c0 0x0000000b4eb590c0 0 0 0 0 1 3 1 43482 584
0x0000723b3d853140 0x0000000b4eb59140 0 1 0 0 1 3 1 43482 576
0x0000723b3d8531c0 0x0000000b4eb591c0 0 1 0 0 1 3 1 43482 584
0x0000723b3d853240 0x0000000b4eb59240 0 0 1 0 1 3 1 43482 576
0x0000723b3d8532c0 0x0000000b4eb592c0 0 0 1 0 1 3 1 43482 584
0x0000723b3d853340 0x0000000b4eb59340 0 1 1 0 1 3 1 43482 576
0x0000723b3d8533c0 0x0000000b4eb593c0 0 1 1 0 1 3 1 43482 584
0x0000723b3d853440 0x0000000b4eb59440 0 0 0 0 1 3 1 43482 592
0x0000723b3d8534c0 0x0000000b4eb594c0 0 0 0 0 1 3 1 43482 600
0x0000723b3d853540 0x0000000b4eb59540 0 1 0 0 1 3 1 43482 592
0x0000723b3d8535c0 0x0000000b4eb595c0 0 1 0 0 1 3 1 43482 600
0x0000723b3d853640 0x0000000b4eb59640 0 0 1 0 1 3 1 43482 592
0x0000723b3d8536c0 0x0000000b4eb596c0 0 0 1 0 1 3 1 43482 600
0x0000723b3d853740 0x0000000b4eb59740 0 1 1 0 1 3 1 43482 592
0x0000723b3d8537c0 0x0000000b4eb597c0 0 1 1 0 1 3 1 43482 600
0x0000723b3d853840 0x0000000b4eb59840 0 0 0 0 1 3 1 43482 608
0x0000723b3d8538c0 0x0000000b4eb598c0 0 0 0 0 1 3 1 43482 616
0x0000723b3d853940 0x0000000b4eb59940 0 1 0 0 1 3 1 43482 608
0x0000723b3d8539c0 0x0000000b4eb599c0 0 1 0 0 1 3 1 43482 616
0x0000723b3d853a40 0x0000000b4eb59a40 0 0 1 0 1 3 1 43482 608
0x0000723b3d853ac0 0x0000000b4eb59ac0 0 0 1 0 1 3 1 43482 616
0x0000723b3d853b40 0x0000000b4eb59b40 0 1 1 0 1 3 1 43482 608
0x0000723b3d853bc0 0x0000000b4eb59bc0 0 1 1 0 1 3 1 43482 616
0x0000723b3d853c40 0x0000000b4eb59c40 0 0 0 0 1 3 1 43482 624
0x0000723b3d853cc0 0x0000000b4eb59cc0 0 0 0 0 1 3 1 43482 632
0x0000723b3d853d40 0x0000000b4eb59d40 0 1 0 0 1 3 1 43482 624
0x0000723b3d853dc0 0x0000000b4eb59dc0 0 1 0 0 1 3 1 43482 632
0x0000723b3d853e40 0x0000000b4eb59e40 0 0 1 0 1 3 1 43482 624
0x0000723b3d853ec0 0x0000000b4eb59ec0 0 0 1 0 1 3 1 43482 632
0x0000723b3d853f40 0x0000000b4eb59f40 0 1 1 0 1 3 1 43482 624
0x0000723b3d853fc0 0x0000000b4eb59fc0 0 1 1 0 1 3 1 43482 632
0x0000723b3d867040 0x0000000c00b64040 0 0 0 0 0 3 1 45083 256
0x0000723b3d8670c0 0x0000000c00b640c0 0 0 0 0 0 3 1 45083 264
0x0000723b3d867140 0x0000000c00b64140 0 1 0 0 0 3 1 45083 256
0x0000723b3d8671c0 0x0000000c00b641c0 0 1 0 0 0 3 1 45083 264
0x0000723b3d867240 0x0000000c00b64240 0 0 1 0 0 3 1 45083 256
0x0000723b3d8672c0 0x0000000c00b642c0 0 0 1 0 0 3 1 45083 264
0x0000723b3d867340 0x0000000c00b64340 0 1 1 0 0 3 1 45083 256
0x0000723b3d8673c0 0x0000000c00b643c0 0 1 1 0 0 3 1 45083 264
0x0000723b3d867440 0x0000000c00b64440 0 0 0 0 0 3 1 45083 272
0x0000723b3d8674c0 0x0000000c00b644c0 0 0 0 0 0 3 1 45083 280
0x0000723b3d867540 0x0000000c00b64540 0 1 0 0 0 3 1 45083 272
0x0000723b3d8675c0 0x0000000c00b645c0 0 1 0 0 0 3 1 45083 280
0x0000723b3d867640 0x0000000c00b64640 0 0 1 0 0 3 1 45083 272
0x0000723b3d8676c0 0x0000000c00b646c0 0 0 1 0 0 3 1 45083 280
0x0000723b3d867740 0x0000000c00b64740 0 1 1 0 0 3 1 45083 272
0x0000723b3d8677c0 0x0000000c00b647c0 0 1 1 0 0 3 1 45083 280
0x0000723b3d867840 0x0000000c00b64840 0 0 0 0 0 3 1 45083 288
0x0000723b3d8678c0 0x0000000c00b648c0 0 0 0 0 0 3 1 45083 296
0x0000723b3d867940 0x0000000c00b64940 0 1 0 0 0 3 1 45083 288
0x0000723b3d8679c0 0x0000000c00b649c0 0 1 0 0 0 3 1 45083 296
0x0000723b3d867a40 0x0000000c00b64a40 0 0 1 0 0 3 1 45083 288
0x0000723b3d867ac0 0x0000000c00b64ac0 0 0 1 0 0 3 1 45083 296
0x0000723b3d867b40 0x0000000c00b64b40 0 1 1 0 0 3 1 45083 288
0x0000723b3d867bc0 0x0000000c00b64bc0 0 1 1 0 0 3 1 45083 296
0x0000723b3d867c40 0x0000000c00b64c40 0 0 0 0 0 3 1 45083 304
0x0000723b3d867cc0 0x0000000c00b64cc0 0 0 0 0 0 3 1 45083 312
0x0000723b3d867d40 0x0000000c00b64d40 0 1 0 0 0 3 1 45083 304
0x0000723b3d867dc0 0x0000000c00b64dc0 0 1 0 0 0 3 1 45083 312
0x0000723b3d867e40 0x0000000c00b64e40 0 0 1 0 0 3 1 45083 304
0x0000723b3d867ec0 0x0000000c00b64ec0 0 0 1 0 0 3 1 45083 312
0x0000723b3d867f40 0x0000000c00b64f40 0 1 1 0 0 3 1 45083 304
0x0000723b3d867fc0 0x0000000c00b64fc0 0 1 1 0 0 3 1 45083 312
0x0000723b3d868040 0x0000000b4eb5a040 0 0 0 0 1 3 1 43482 640
0x0000723b3d8680c0 0x0000000b4eb5a0c0 0 0 0 0 1 3 1 43482 648
0x0000723b3d868140 0x0000000b4eb5a140 0 1 0 0 1 3 1 43482 640
0x0000723b3d8681c0 0x0000000b4eb5a1c0 0 1 0 0 1 3 1 43482 648
0x0000723b3d868240 0x0000000b4eb5a240 0 0 1 0 1 3 1 43482 640
0x0000723b3d8682c0 0x0000000b4eb5a2c0 0 0 1 0 1 3 1 43482 648
0x0000723b3d868340 0x0000000b4eb5a340 0 1 1 0 1 3 1 43482 640
0x0000723b3d8683c0 0x0000000b4eb5a3c0 0 1 1 0 1 3 1 43482 648
0x0000723b3d868440 0x0000000b4eb5a440 0 0 0 0 1 3 1 43482 656
0x0000723b3d8684c0 0x0000000b4eb5a4c0 0 0 0 0 1 3 1 43482 664
0x0000723b3d868540 0x0000000b4eb5a540 0 1 0 0 1 3 1 43482 656
0x0000723b3d8685c0 0x0000000b4eb5a5c0 0 1 0 0 1 3 1 43482 664
0x0000723b3d868640 0x0000000b4eb5a640 0 0 1 0 1 3 1 43482 656
0x0000723b3d8686c0 0x0000000b4eb5a6c0 0 0 1 0 1 3 1 43482 664
0x0000723b3d868740 0x0000000b4eb5a740 0 1 1 0 1 3 1 43482 656
0x0000723b3d8687c0 0x0000000b4eb5a7c0 0 1 1 0 1 3 1 43482 664
0x0000723b3d868840 0x0000000b4eb5a840 0 0 0 0 1 3 1 43482 672
0x0000723b3d8688c0 0x0000000b4eb5a8c0 0 0 0 0 1 3 1 43482 680
0x0000723b3d868940 0x0000000b4eb5a940 0 1 0 0 1 3 1 43482 672
0x0000723b3d8689c0 0x0000000b4eb5a9c0 0 1 0 0 1 3 1 43482 680
0x0000723b3d868a40 0x0000000b4eb5aa40 0 0 1 0 1 3 1 43482 672
0x0000723b3d868ac0 0x0000000b4eb5aac0 0 0 1 0 1 3 1 43482 680
0x0000723b3d868b40 0x0000000b4eb5ab40 0 1 1 0 1 3 1 43482 672
0x0000723b3d868bc0 0x0000000b4eb5abc0 0 1 1 0 1 3 1 43482 680
0x0000723b3d868c40 0x0000000b4eb5ac40 0 0 0 0 1 3 1 43482 688
0x0000723b3d868cc0 0x0000000b4eb5acc0 0 0 0 0 1 3 1 43482 696
0x0000723b3d868d40 0x0000000b4eb5ad40 0 1 0 0 1 3 1 43482 688
0x0000723b3d868dc0 0x0000000b4eb5adc0 0 1 0 0 1 3 1 43482 696
0x0000723b3d868e40 0x0000000b4eb5ae40 0 0 1 0 1 3 1 43482 688
0x0000723b3d868ec0 0x0000000b4eb5aec0 0 0 1 0 1 3 1 43482 696
0x0000723b3d868f40 0x0000000b4eb5af40 0 1 1 0 1 3 1 43482 688
0x0000723b3d868fc0 0x0000000b4eb5afc0 0 1 1 0 1 3 1 43482 696
0x0000723b3d86c040 0x0000000994b8c040 0 0 0 0 1 3 1 37516 256
0x0000723b3d86c0c0 0x0000000994b8c0c0 0 0 0 0 1 3 1 37516 264
0x0000723b3d86c140 0x0000000994b8c140 0 1 0 0 1 3 1 37516 256
0x0000723b3d86c1c0 0x0000000994b8c1c0 0 1 0 0 1 3 1 37516 264
0x0000723b3d86c240 0x0000000994b8c240 0 0 1 0 1 3 1 37516 256
0x0000723b3d86c2c0 0x0000000994b8c2c0 0 0 1 0 1 3 1 37516 264
0x0000723b3d86c340 0x0000000994b8c340 0 1 1 0 1 3 1 37516 256
0x0000723b3d86c3c0 0x0000000994b8c3c0 0 1 1 0 1 3 1 37516 264
0x0000723b3d86c440 0x0000000994b8c440 0 0 0 0 1 3 1 37516 272
0x0000723b3d86c4c0 0x0000000994b8c4c0 0 0 0 0 1 3 1 37516 280
0x0000723b3d86c540 0x0000000994b8c540 0 1 0 0 1 3 1 37516 272
0x0000723b3d86c5c0 0x0000000994b8c5c0 0 1 0 0 1 3 1 37516 280
0x0000723b3d86c640 0x0000000994b8c640 0 0 1 0 1 3 1 37516 272
0x0000723b3d86c6c0 0x0000000994b8c6c0 0 0 1 0 1 3 1 37516 280
0x0000723b3d86c740 0x0000000994b8c740 0 1 1 0 1 3 1 37516 272
0x0000723b3d86c7c0 0x0000000994b8c7c0 0 1 1 0 1 3 1 37516 280
0x0000723b3d86c840 0x0000000994b8c840 0 0 0 0 1 3 1 37516 288
0x0000723b3d86c8c0 0x0000000994b8c8c0 0 0 0 0 1 3 1 37516 296
0x0000723b3d86c940 0x0000000994b8c940 0 1 0 0 1 3 1 37516 288
0x0000723b3d86c9c0 0x0000000994b8c9c0 0 1 0 0 1 3 1 37516 296
0x0000723b3d86ca40 0x0000000994b8ca40 0 0 1 0 1 3 1 37516 288
0x0000723b3d86cac0 0x0000000994b8cac0 0 0 1 0 1 3 1 37516 296
0x0000723b3d86cb40 0x0000000994b8cb40 0 1 1 0 1 3 1 37516 288
0x0000723b3d86cbc0 0x0000000994b8cbc0 0 1 1 0 1 3 1 37516 296
0x0000723b3d86cc40 0x0000000994b8cc40 0 0 0 0 1 3 1 37516 304
0x0000723b3d86ccc0 0x0000000994b8ccc0 0 0 0 0 1 3 1 37516 312
0x0000723b3d86cd40 0x0000000994b8cd40 0 1 0 0 1 3 1 37516 304
0x0000723b3d86cdc0 0x0000000994b8cdc0 0 1 0 0 1 3 1 37516 312
0x0000723b3d86ce40 0x0000000994b8ce40 0 0 1 0 1 3 1 37516 304
0x0000723b3d86cec0 0x0000000994b8cec0 0 0 1 0 1 3 1 37516 312
0x0000723b3d86cf40 0x0000000994b8cf40 0 1 1 0 1 3 1 37516 304
0x0000723b3d86cfc0 0x0000000994b8cfc0 0 1 1 0 1 3 1 37516 312
0x0000723b3d874040 0x00000005e9bd4040 0 0 0 0 0 3 1 23854 768
0x0000723b3d8740c0 0x00000005e9bd40c0 0 0 0 0 0 3 1 23854 776
0x0000723b3d874140 0x00000005e9bd4140 0 1 0 0 0 3 1 23854 768
0x0000723b3d8741c0 0x00000005e9bd41c0 0 1 0 0 0 3 1 23854 776
0x0000723b3d874240 0x00000005e9bd4240 0 0 1 0 0 3 1 23854 768
0x0000723b3d8742c0 0x00000005e9bd42c0 0 0 1 0 0 3 1 23854 776
0x0000723b3d874340 0x00000005e9bd4340 0 1 1 0 0 3 1 23854 768
0x0000723b3d8743c0 0x00000005e9bd43c0 0 1 1 0 0 3 1 23854 776
0x0000723b3d874440 0x00000005e9bd4440 0 0 0 0 0 3 1 23854 784
0x0000723b3d8744c0 0x00000005e9bd44c0 0 0 0 0 0 3 1 23854 792
0x0000723b3d874540 0x00000005e9bd4540 0 1 0 0 0 3 1 23854 784
0x0000723b3d8745c0 0x00000005e9bd45c0 0 1 0 0 0 3 1 23854 792
0x0000723b3d874640 0x00000005e9bd4640 0 0 1 0 0 3 1 23854 784
0x0000723b3d8746c0 0x00000005e9bd46c0 0 0 1 0 0 3 1 23854 792
0x0000723b3d874740 0x00000005e9bd4740 0 1 1 0 0 3 1 23854 784
0x0000723b3d8747c0 0x00000005e9bd47c0 0 1 1 0 0 3 1 23854 792
0x0000723b3d874840 0x00000005e9bd4840 0 0 0 0 0 3 1 23854 800
0x0000723b3d8748c0 0x00000005e9bd48c0 0 0 0 0 0 3 1 23854 808
0x0000723b3d874940 0x00000005e9bd4940 0 1 0 0 0 3 1 23854 800
0x0000723b3d8749c0 0x00000005e9bd49c0 0 1 0 0 0 3 1 23854 808
0x0000723b3d874a40 0x00000005e9bd4a40 0 0 1 0 0 3 1 23854 800
0x0000723b3d874ac0 0x00000005e9bd4ac0 0 0 1 0 0 3 1 23854 808
0x0000723b3d874b40 0x00000005e9bd4b40 0 1 1 0 0 3 1 23854 800
0x0000723b3d874bc0 0x00000005e9bd4bc0 0 1 1 0 0 3 1 23854 808
0x0000723b3d874c40 0x00000005e9bd4c40 0 0 0 0 0 3 1 23854 816
0x0000723b3d874cc0 0x00000005e9bd4cc0 0 0 0 0 0 3 1 23854 824
0x0000723b3d874d40 0x00000005e9bd4d40 0 1 0 0 0 3 1 23854 816
0x0000723b3d874dc0 0x00000005e9bd4dc0 0 1 0 0 0 3 1 23854 824
0x0000723b3d874e40 0x00000005e9bd4e40 0 0 1 0 0 3 1 23854 816
0x0000723b3d874ec0 0x00000005e9bd4ec0 0 0 1 0 0 3 1 23854 824
0x0000723b3d874f40 0x00000005e9bd4f40 0 1 1 0 0 3 1 23854 816
0x0000723b3d874fc0 0x00000005e9bd4fc0 0 1 1 0 0 3 1 23854 824
0x0000723b3d877040 0x00000009e3bfd040 0 0 0 0 1 3 1 40047 832
0x0000723b3d8770c0 0x00000009e3bfd0c0 0 0 0 0 1 3 1 40047 840
0x0000723b3d877140 0x00000009e3bfd140 0 1 0 0 1 3 1 40047 832
0x0000723b3d8771c0 0x00000009e3bfd1c0 0 1 0 0 1 3 1 40047 840
0x0000723b3d877240 0x00000009e3bfd240 0 0 1 0 1 3 1 40047 832
0x0000723b3d8772c0 0x00000009e3bfd2c0 0 0 1 0 1 3 1 40047 840
0x0000723b3d877340 0x00000009e3bfd340 0 1 1 0 1 3 1 40047 832
0x0000723b3d8773c0 0x00000009e3bfd3c0 0 1 1 0 1 3 1 40047 840
0x0000723b3d877440 0x00000009e3bfd440 0 0 0 0 1 3 1 40047 848
0x0000723b3d8774c0 0x00000009e3bfd4c0 0 0 0 0 1 3 1 40047 856
0x0000723b3d877540 0x00000009e3bfd540 0 1 0 0 1 3 1 40047 848
0x0000723b3d8775c0 0x00000009e3bfd5c0 0 1 0 0 1 3 1 40047 856
0x0000723b3d877640 0x00000009e3bfd640 0 0 1 0 1 3 1 40047 848
0x0000723b3d8776c0 0x00000009e3bfd6c0 0 0 1 0 1 3 1 40047 856
0x0000723b3d877740 0x00000009e3bfd740 0 1 1 0 1 3 1 40047 848
0x0000723b3d8777c0 0x00000009e3bfd7c0 0 1 1 0 1 3 1 40047 856
0x0000723b3d877840 0x00000009e3bfd840 0 0 0 0 1 3 1 40047 864
0x0000723b3d8778c0 0x00000009e3bfd8c0 0 0 0 0 1 3 1 40047 872
0x0000723b3d877940 0x00000009e3bfd940 0 1 0 0 1 3 1 40047 864
0x0000723b3d8779c0 0x00000009e3bfd9c0 0 1 0 0 1 3 1 40047 872
0x0000723b3d877a40 0x00000009e3bfda40 0 0 1 0 1 3 1 40047 864
0x0000723b3d877ac0 0x00000009e3bfdac0 0 0 1 0 1 3 1 40047 872
0x0000723b3d877b40 0x00000009e3bfdb40 0 1 1 0 1 3 1 40047 864
0x0000723b3d877bc0 0x00000009e3bfdbc0 0 1 1 0 1 3 1 40047 872
0x0000723b3d877c40 0x00000009e3bfdc40 0 0 0 0 1 3 1 40047 880
0x0000723b3d877cc0 0x00000009e3bfdcc0 0 0 0 0 1 3 1 40047 888
0x0000723b3d877d40 0x00000009e3bfdd40 0 1 0 0 1 3 1 40047 880
0x0000723b3d877dc0 0x00000009e3bfddc0 0 1 0 0 1 3 1 40047 888
0x0000723b3d877e40 0x00000009e3bfde40 0 0 1 0 1 3 1 40047 880
0x0000723b3d877ec0 0x00000009e3bfdec0 0 0 1 0 1 3 1 40047 888
0x0000723b3d877f40 0x00000009e3bfdf40 0 1 1 0 1 3 1 40047 880
0x0000723b3d877fc0 0x00000009e3bfdfc0 0 1 1 0 1 3 1 40047 888
0x0000723b3d878040 0x0000000c70331040 0 0 0 0 0 3 1 48657 576
0x0000723b3d8780c0 0x0000000c703310c0 0 0 0 0 0 3 1 48657 584
0x0000723b3d878140 0x0000000c70331140 0 1 0 0 0 3 1 48657 576
0x0000723b3d8781c0 0x0000000c703311c0 0 1 0 0 0 3 1 48657 584
0x0000723b3d878240 0x0000000c70331240 0 0 1 0 0 3 1 48657 576
0x0000723b3d8782c0 0x0000000c703312c0 0 0 1 0 0 3 1 48657 584
0x0000723b3d878340 0x0000000c70331340 0 1 1 0 0 3 1 48657 576
0x0000723b3d8783c0 0x0000000c703313c0 0 1 1 0 0 3 1 48657 584
0x0000723b3d878440 0x0000000c70331440 0 0 0 0 0 3 1 48657 592
0x0000723b3d8784c0 0x0000000c703314c0 0 0 0 0 0 3 1 48657 600
0x0000723b3d878540 0x0000000c70331540 0 1 0 0 0 3 1 48657 592
0x0000723b3d8785c0 0x0000000c703315c0 0 1 0 0 0 3 1 48657 600
0x0000723b3d878640 0x0000000c70331640 0 0 1 0 0 3 1 48657 592
0x0000723b3d8786c0 0x0000000c703316c0 0 0 1 0 0 3 1 48657 600
0x0000723b3d878740 0x0000000c70331740 0 1 1 0 0 3 1 48657 592
0x0000723b3d8787c0 0x0000000c703317c0 0 1 1 0 0 3 1 48657 600
0x0000723b3d878840 0x0000000c70331840 0 0 0 0 0 3 1 48657 608
0x0000723b3d8788c0 0x0000000c703318c0 0 0 0 0 0 3 1 48657 616
0x0000723b3d878940 0x0000000c70331940 0 1 0 0 0 3 1 48657 608
0x0000723b3d8789c0 0x0000000c703319c0 0 1 0 0 0 3 1 48657 616
0x0000723b3d878a40 0x0000000c70331a40 0 0 1 0 0 3 1 48657 608
0x0000723b3d878ac0 0x0000000c70331ac0 0 0 1 0 0 3 1 48657 616
0x0000723b3d878b40 0x0000000c70331b40 0 1 1 0 0 3 1 48657 608
0x0000723b3d878bc0 0x0000000c70331bc0 0 1 1 0 0 3 1 48657 616
0x0000723b3d878c40 0x0000000c70331c40 0 0 0 0 0 3 1 48657 624
0x0000723b3d878cc0 0x0000000c70331cc0 0 0 0 0 0 3 1 48657 632
0x0000723b3d878d40 0x0000000c70331d40 0 1 0 0 0 3 1 48657 624
0x0000723b3d878dc0 0x0000000c70331dc0 0 1 0 0 0 3 1 48657 632
0x0000723b3d878e40 0x0000000c70331e40 0 0 1 0 0 3 1 48657 624
0x0000723b3d878ec0 0x0000000c70331ec0 0 0 1 0 0 3 1 48657 632
0x0000723b3d878f40 0x0000000c70331f40 0 1 1 0 0 3 1 48657 624
0x0000723b3d878fc0 0x0000000c70331fc0 0 1 1 0 0 3 1 48657 632
0x0000723b3d87a040 0x0000000250bc6040 0 0 0 0 0 3 1 6686 384
0x0000723b3d87a0c0 0x0000000250bc60c0 0 0 0 0 0 3 1 6686 392
0x0000723b3d87a140 0x0000000250bc6140 0 1 0 0 0 3 1 6686 384
0x0000723b3d87a1c0 0x0000000250bc61c0 0 1 0 0 0 3 1 6686 392
0x0000723b3d87a240 0x0000000250bc6240 0 0 1 0 0 3 1 6686 384
0x0000723b3d87a2c0 0x0000000250bc62c0 0 0 1 0 0 3 1 6686 392
0x0000723b3d87a340 0x0000000250bc6340 0 1 1 0 0 3 1 6686 384
0x0000723b3d87a3c0 0x0000000250bc63c0 0 1 1 0 0 3 1 6686 392
0x0000723b3d87a440 0x0000000250bc6440 0 0 0 0 0 3 1 6686 400
0x0000723b3d87a4c0 0x0000000250bc64c0 0 0 0 0 0 3 1 6686 408
0x0000723b3d87a540 0x0000000250bc6540 0 1 0 0 0 3 1 6686 400
0x0000723b3d87a5c0 0x0000000250bc65c0 0 1 0 0 0 3 1 6686 408
0x0000723b3d87a640 0x0000000250bc6640 0 0 1 0 0 3 1 6686 400
0x0000723b3d87a6c0 0x0000000250bc66c0 0 0 1 0 0 3 1 6686 408
0x0000723b3d87a740 0x0000000250bc6740 0 1 1 0 0 3 1 6686 400
0x0000723b3d87a7c0 0x0000000250bc67c0 0 1 1 0 0 3 1 6686 408
0x0000723b3d87a840 0x0000000250bc6840 0 0 0 0 0 3 1 6686 416
0x0000723b3d87a8c0 0x0000000250bc68c0 0 0 0 0 0 3 1 6686 424
0x0000723b3d87a940 0x0000000250bc6940 0 1 0 0 0 3 1 6686 416
0x0000723b3d87a9c0 0x0000000250bc69c0 0 1 0 0 0 3 1 6686 424
0x0000723b3d87aa40 0x0000000250bc6a40 0 0 1 0 0 3 1 6686 416
0x0000723b3d87aac0 0x0000000250bc6ac0 0 0 1 0 0 3 1 6686 424
0x0000723b3d87ab40 0x0000000250bc6b40 0 1 1 0 0 3 1 6686 416
0x0000723b3d87abc0 0x0000000250bc6bc0 0 1 1 0 0 3 1 6686 424
0x0000723b3d87ac40 0x0000000250bc6c40 0 0 0 0 0 3 1 6686 432
0x0000723b3d87acc0 0x0000000250bc6cc0 0 0 0 0 0 3 1 6686 440
0x0000723b3d87ad40 0x0000000250bc6d40 0 1 0 0 0 3 1 6686 432
0x0000723b3d87adc0 0x0000000250bc6dc0 0 1 0 0 0 3 1 6686 440
0x0000723b3d87ae40 0x0000000250bc6e40 0 0 1 0 0 3 1 6686 432
0x0000723b3d87aec0 0x0000000250bc6ec0 0 0 1 0 0 3 1 6686 440
0x0000723b3d87af40 0x0000000250bc6f40 0 1 1 0 0 3 1 6686 432
0x0000723b3d87afc0 0x0000000250bc6fc0 0 1 1 0 0 3 1 6686 440
0x0000723b3d87c040 0x0000000c1436b040 0 0 0 0 1 3 1 45715 192
0x0000723b3d87c0c0 0x0000000c1436b0c0 0 0 0 0 1 3 1 45715 200
0x0000723b3d87c140 0x0000000c1436b140 0 1 0 0 1 3 1 45715 192
0x0000723b3d87c1c0 0x0000000c1436b1c0 0 1 0 0 1 3 1 45715 200
0x0000723b3d87c240 0x0000000c1436b240 0 0 1 0 1 3 1 45715 192
0x0000723b3d87c2c0 0x0000000c1436b2c0 0 0 1 0 1 3 1 45715 200
0x0000723b3d87c340 0x0000000c1436b340 0 1 1 0 1 3 1 45715 192
0x0000723b3d87c3c0 0x0000000c1436b3c0 0 1 1 0 1 3 1 45715 200
0x0000723b3d87c440 0x0000000c1436b440 0 0 0 0 1 3 1 45715 208
0x0000723b3d87c4c0 0x0000000c1436b4c0 0 0 0 0 1 3 1 45715 216
0x0000723b3d87c540 0x0000000c1436b540 0 1 0 0 1 3 1 45715 208
0x0000723b3d87c5c0 0x0000000c1436b5c0 0 1 0 0 1 3 1 45715 216
0x0000723b3d87c640 0x0000000c1436b640 0 0 1 0 1 3 1 45715 208
0x0000723b3d87c6c0 0x0000000c1436b6c0 0 0 1 0 1 3 1 45715 216
0x0000723b3d87c740 0x0000000c1436b740 0 1 1 0 1 3 1 45715 208
0x0000723b3d87c7c0 0x0000000c1436b7c0 0 1 1 0 1 3 1 45715 216
0x0000723b3d87c840 0x0000000c1436b840 0 0 0 0 1 3 1 45715 224
0x0000723b3d87c8c0 0x0000000c1436b8c0 0 0 0 0 1 3 1 45715 232
0x0000723b3d87c940 0x0000000c1436b940 0 1 0 0 1 3 1 45715 224
0x0000723b3d87c9c0 0x0000000c1436b9c0 0 1 0 0 1 3 1 45715 232
0x0000723b3d87ca40 0x0000000c1436ba40 0 0 1 0 1 3 1 45715 224
0x0000723b3d87cac0 0x0000000c1436bac0 0 0 1 0 1 3 1 45715 232
0x0000723b3d87cb40 0x0000000c1436bb40 0 1 1 0 1 3 1 45715 224
0x0000723b3d87cbc0 0x0000000c1436bbc0 0 1 1 0 1 3 1 45715 232
0x0000723b3d87cc40 0x0000000c1436bc40 0 0 0 0 1 3 1 45715 240
0x0000723b3d87ccc0 0x0000000c1436bcc0 0 0 0 0 1 3 1 45715 248
0x0000723b3d87cd40 0x0000000c1436bd40 0 1 0 0 1 3 1 45715 240
0x0000723b3d87cdc0 0x0000000c1436bdc0 0 1 0 0 1 3 1 45715 248
0x0000723b3d87ce40 0x0000000c1436be40 0 0 1 0 1 3 1 45715 240
0x0000723b3d87cec0 0x0000000c1436bec0 0 0 1 0 1 3 1 45715 248
0x0000723b3d87cf40 0x0000000c1436bf40 0 1 1 0 1 3 1 45715 240
0x0000723b3d87cfc0 0x0000000c1436bfc0 0 1 1 0 1 3 1 45715 248
0x0000723b3d87d040 0x0000000e203e3040 0 0 0 0 0 3 1 54295 192
0x0000723b3d87d0c0 0x0000000e203e30c0 0 0 0 0 0 3 1 54295 200
0x0000723b3d87d140 0x0000000e203e3140 0 1 0 0 0 3 1 54295 192
0x0000723b3d87d1c0 0x0000000e203e31c0 0 1 0 0 0 3 1 54295 200
0x0000723b3d87d240 0x0000000e203e3240 0 0 1 0 0 3 1 54295 192
0x0000723b3d87d2c0 0x0000000e203e32c0 0 0 1 0 0 3 1 54295 200
0x0000723b3d87d340 0x0000000e203e3340 0 1 1 0 0 3 1 54295 192
0x0000723b3d87d3c0 0x0000000e203e33c0 0 1 1 0 0 3 1 54295 200
0x0000723b3d87d440 0x0000000e203e3440 0 0 0 0 0 3 1 54295 208
0x0000723b3d87d4c0 0x0000000e203e34c0 0 0 0 0 0 3 1 54295 216
0x0000723b3d87d540 0x0000000e203e3540 0 1 0 0 0 3 1 54295 208
0x0000723b3d87d5c0 0x0000000e203e35c0 0 1 0 0 0 3 1 54295 216
0x0000723b3d87d640 0x0000000e203e3640 0 0 1 0 0 3 1 54295 208
0x0000723b3d87d6c0 0x0000000e203e36c0 0 0 1 0 0 3 1 54295 216
0x0000723b3d87d740 0x0000000e203e3740 0 1 1 0 0 3 1 54295 208
0x0000723b3d87d7c0 0x0000000e203e37c0 0 1 1 0 0 3 1 54295 216
0x0000723b3d87d840 0x0000000e203e3840 0 0 0 0 0 3 1 54295 224
0x0000723b3d87d8c0 0x0000000e203e38c0 0 0 0 0 0 3 1 54295 232
0x0000723b3d87d940 0x0000000e203e3940 0 1 0 0 0 3 1 54295 224
0x0000723b3d87d9c0 0x0000000e203e39c0 0 1 0 0 0 3 1 54295 232
0x0000723b3d87da40 0x0000000e203e3a40 0 0 1 0 0 3 1 54295 224
0x0000723b3d87dac0 0x0000000e203e3ac0 0 0 1 0 0 3 1 54295 232
0x0000723b3d87db40 0x0000000e203e3b40 0 1 1 0 0 3 1 54295 224
0x0000723b3d87dbc0 0x0000000e203e3bc0 0 1 1 0 0 3 1 54295 232
0x0000723b3d87dc40 0x0000000e203e3c40 0 0 0 0 0 3 1 54295 240
0x0000723b3d87dcc0 0x0000000e203e3cc0 0 0 0 0 0 3 1 54295 248
0x0000723b3d87dd40 0x0000000e203e3d40 0 1 0 0 0 3 1 54295 240
0x0000723b3d87ddc0 0x0000000e203e3dc0 0 1 0 0 0 3 1 54295 248
0x0000723b3d87de40 0x0000000e203e3e40 0 0 1 0 0 3 1 54295 240
0x0000723b3d87dec0 0x0000000e203e3ec0 0 0 1 0 0 3 1 54295 248
0x0000723b3d87df40 0x0000000e203e3f40 0 1 1 0 0 3 1 54295 240
0x0000723b3d87dfc0 0x0000000e203e3fc0 0 1 1 0 0 3 1 54295 248
0x0000723b3d881040 0x0000000d6e3c7040 0 0 0 0 0 3 1 52694 448
0x0000723b3d8810c0 0x0000000d6e3c70c0 0 0 0 0 0 3 1 52694 456
0x0000723b3d881140 0x0000000d6e3c7140 0 1 0 0 0 3 1 52694 448
0x0000723b3d8811c0 0x0000000d6e3c71c0 0 1 0 0 0 3 1 52694 456
0x0000723b3d881240 0x0000000d6e3c7240 0 0 1 0 0 3 1 52694 448
0x0000723b3d8812c0 0x0000000d6e3c72c0 0 0 1 0 0 3 1 52694 456
0x0000723b3d881340 0x0000000d6e3c7340 0 1 1 0 0 3 1 52694 448
0x0000723b3d8813c0 0x0000000d6e3c73c0 0 1 1 0 0 3 1 52694 456
0x0000723b3d881440 0x0000000d6e3c7440 0 0 0 0 0 3 1 52694 464
0x0000723b3d8814c0 0x0000000d6e3c74c0 0 0 0 0 0 3 1 52694 472
0x0000723b3d881540 0x0000000d6e3c7540 0 1 0 0 0 3 1 52694 464
0x0000723b3d8815c0 0x0000000d6e3c75c0 0 1 0 0 0 3 1 52694 472
0x0000723b3d881640 0x0000000d6e3c7640 0 0 1 0 0 3 1 52694 464
0x0000723b3d8816c0 0x0000000d6e3c76c0 0 0 1 0 0 3 1 52694 472
0x0000723b3d881740 0x0000000d6e3c7740 0 1 1 0 0 3 1 52694 464
0x0000723b3d8817c0 0x0000000d6e3c77c0 0 1 1 0 0 3 1 52694 472
0x0000723b3d881840 0x0000000d6e3c7840 0 0 0 0 0 3 1 52694 480
0x0000723b3d8818c0 0x0000000d6e3c78c0 0 0 0 0 0 3 1 52694 488
0x0000723b3d881940 0x0000000d6e3c7940 0 1 0 0 0 3 1 52694 480
0x0000723b3d8819c0 0x0000000d6e3c79c0 0 1 0 0 0 3 1 52694 488
0x0000723b3d881a40 0x0000000d6e3c7a40 0 0 1 0 0 3 1 52694 480
0x0000723b3d881ac0 0x0000000d6e3c7ac0 0 0 1 0 0 3 1 52694 488
0x0000723b3d881b40 0x0000000d6e3c7b40 0 1 1 0 0 3 1 52694 480
0x0000723b3d881bc0 0x0000000d6e3c7bc0 0 1 1 0 0 3 1 52694 488
0x0000723b3d881c40 0x0000000d6e3c7c40 0 0 0 0 0 3 1 52694 496
0x0000723b3d881cc0 0x0000000d6e3c7cc0 0 0 0 0 0 3 1 52694 504
0x0000723b3d881d40 0x0000000d6e3c7d40 0 1 0 0 0 3 1 52694 496
0x0000723b3d881dc0 0x0000000d6e3c7dc0 0 1 0 0 0 3 1 52694 504
0x0000723b3d881e40 0x0000000d6e3c7e40 0 0 1 0 0 3 1 52694 496
0x0000723b3d881ec0 0x0000000d6e3c7ec0 0 0 1 0 0 3 1 52694 504
0x0000723b3d881f40 0x0000000d6e3c7f40 0 1 1 0 0 3 1 52694 496
0x0000723b3d881fc0 0x0000000d6e3c7fc0 0 1 1 0 0 3 1 52694 504
0x0000723b3d883040 0x00000005ad386040 0 0 0 0 0 3 1 21924 384
0x0000723b3d8830c0 0x00000005ad3860c0 0 0 0 0 0 3 1 21924 392
0x0000723b3d883140 0x00000005ad386140 0 1 0 0 0 3 1 21924 384
0x0000723b3d8831c0 0x00000005ad3861c0 0 1 0 0 0 3 1 21924 392
0x0000723b3d883240 0x00000005ad386240 0 0 1 0 0 3 1 21924 384
0x0000723b3d8832c0 0x00000005ad3862c0 0 0 1 0 0 3 1 21924 392
0x0000723b3d883340 0x00000005ad386340 0 1 1 0 0 3 1 21924 384
0x0000723b3d8833c0 0x00000005ad3863c0 0 1 1 0 0 3 1 21924 392
0x0000723b3d883440 0x00000005ad386440 0 0 0 0 0 3 1 21924 400
0x0000723b3d8834c0 0x00000005ad3864c0 0 0 0 0 0 3 1 21924 408
0x0000723b3d883540 0x00000005ad386540 0 1 0 0 0 3 1 21924 400
0x0000723b3d8835c0 0x00000005ad3865c0 0 1 0 0 0 3 1 21924 408
0x0000723b3d883640 0x00000005ad386640 0 0 1 0 0 3 1 21924 400
0x0000723b3d8836c0 0x00000005ad3866c0 0 0 1 0 0 3 1 21924 408
0x0000723b3d883740 0x00000005ad386740 0 1 1 0 0 3 1 21924 400
0x0000723b3d8837c0 0x00000005ad3867c0 0 1 1 0 0 3 1 21924 408
0x0000723b3d883840 0x00000005ad386840 0 0 0 0 0 3 1 21924 416
0x0000723b3d8838c0 0x00000005ad3868c0 0 0 0 0 0 3 1 21924 424
0x0000723b3d883940 0x00000005ad386940 0 1 0 0 0 3 1 21924 416
0x0000723b3d8839c0 0x00000005ad3869c0 0 1 0 0 0 3 1 21924 424
0x0000723b3d883a40 0x00000005ad386a40 0 0 1 0 0 3 1 21924 416
0x0000723b3d883ac0 0x00000005ad386ac0 0 0 1 0 0 3 1 21924 424
0x0000723b3d883b40 0x00000005ad386b40 0 1 1 0 0 3 1 21924 416
0x0000723b3d883bc0 0x00000005ad386bc0 0 1 1 0 0 3 1 21924 424
0x0000723b3d883c40 0x00000005ad386c40 0 0 0 0 0 3 1 21924 432
0x0000723b3d883cc0 0x00000005ad386cc0 0 0 0 0 0 3 1 21924 440
0x0000723b3d883d40 0x00000005ad386d40 0 1 0 0 0 3 1 21924 432
0x0000723b3d883dc0 0x00000005ad386dc0 0 1 0 0 0 3 1 21924 440
0x0000723b3d883e40 0x00000005ad386e40 0 0 1 0 0 3 1 21924 432
0x0000723b3d883ec0 0x00000005ad386ec0 0 0 1 0 0 3 1 21924 440
0x0000723b3d883f40 0x00000005ad386f40 0 1 1 0 0 3 1 21924 432
0x0000723b3d883fc0 0x00000005ad386fc0 0 1 1 0 0 3 1 21924 440
0x0000723b3d897040 0x0000000f173e3040 0 0 0 0 0 3 1 58103 192
0x0000723b3d8970c0 0x0000000f173e30c0 0 0 0 0 0 3 1 58103 200
0x0000723b3d897140 0x0000000f173e3140 0 1 0 0 0 3 1 58103 192
0x0000723b3d8971c0 0x0000000f173e31c0 0 1 0 0 0 3 1 58103 200
0x0000723b3d897240 0x0000000f173e3240 0 0 1 0 0 3 1 58103 192
0x0000723b3d8972c0 0x0000000f173e32c0 0 0 1 0 0 3 1 58103 200
0x0000723b3d897340 0x0000000f173e3340 0 1 1 0 0 3 1 58103 192
0x0000723b3d8973c0 0x0000000f173e33c0 0 1 1 0 0 3 1 58103 200
0x0000723b3d897440 0x0000000f173e3440 0 0 0 0 0 3 1 58103 208
0x0000723b3d8974c0 0x0000000f173e34c0 0 0 0 0 0 3 1 58103 216
0x0000723b3d897540 0x0000000f173e3540 0 1 0 0 0 3 1 58103 208
0x0000723b3d8975c0 0x0000000f173e35c0 0 1 0 0 0 3 1 58103 216
0x0000723b3d897640 0x0000000f173e3640 0 0 1 0 0 3 1 58103 208
0x0000723b3d8976c0 0x0000000f173e36c0 0 0 1 0 0 3 1 58103 216
0x0000723b3d897740 0x0000000f173e3740 0 1 1 0 0 3 1 58103 208
0x0000723b3d8977c0 0x0000000f173e37c0 0 1 1 0 0 3 1 58103 216
0x0000723b3d897840 0x0000000f173e3840 0 0 0 0 0 3 1 58103 224
0x0000723b3d8978c0 0x0000000f173e38c0 0 0 0 0 0 3 1 58103 232
0x0000723b3d897940 0x0000000f173e3940 0 1 0 0 0 3 1 58103 224
0x0000723b3d8979c0 0x0000000f173e39c0 0 1 0 0 0 3 1 58103 232
0x0000723b3d897a40 0x0000000f173e3a40 0 0 1 0 0 3 1 58103 224
0x0000723b3d897ac0 0x0000000f173e3ac0 0 0 1 0 0 3 1 58103 232
0x0000723b3d897b40 0x0000000f173e3b40 0 1 1 0 0 3 1 58103 224
0x0000723b3d897bc0 0x0000000f173e3bc0 0 1 1 0 0 3 1 58103 232
0x0000723b3d897c40 0x0000000f173e3c40 0 0 0 0 0 3 1 58103 240
0x0000723b3d897cc0 0x0000000f173e3cc0 0 0 0 0 0 3 1 58103 248
0x0000723b3d897d40 0x0000000f173e3d40 0 1 0 0 0 3 1 58103 240
0x0000723b3d897dc0 0x0000000f173e3dc0 0 1 0 0 0 3 1 58103 248
0x0000723b3d897e40 0x0000000f173e3e40 0 0 1 0 0 3 1 58103 240
0x0000723b3d897ec0 0x0000000f173e3ec0 0 0 1 0 0 3 1 58103 248
0x0000723b3d897f40 0x0000000f173e3f40 0 1 1 0 0 3 1 58103 240
0x0000723b3d897fc0 0x0000000f173e3fc0 0 1 1 0 0 3 1 58103 248
0x0000723b3d899040 0x0000000ca6b1e040 0 0 0 0 1 3 1 50376 896
0x0000723b3d8990c0 0x0000000ca6b1e0c0 0 0 0 0 1 3 1 50376 904
0x0000723b3d899140 0x0000000ca6b1e140 0 1 0 0 1 3 1 50376 896
0x0000723b3d8991c0 0x0000000ca6b1e1c0 0 1 0 0 1 3 1 50376 904
0x0000723b3d899240 0x0000000ca6b1e240 0 0 1 0 1 3 1 50376 896
0x0000723b3d8992c0 0x0000000ca6b1e2c0 0 0 1 0 1 3 1 50376 904
0x0000723b3d899340 0x0000000ca6b1e340 0 1 1 0 1 3 1 50376 896
0x0000723b3d8993c0 0x0000000ca6b1e3c0 0 1 1 0 1 3 1 50376 904
0x0000723b3d899440 0x0000000ca6b1e440 0 0 0 0 1 3 1 50376 912
0x0000723b3d8994c0 0x0000000ca6b1e4c0 0 0 0 0 1 3 1 50376 920
0x0000723b3d899540 0x0000000ca6b1e540 0 1 0 0 1 3 1 50376 912
0x0000723b3d8995c0 0x0000000ca6b1e5c0 0 1 0 0 1 3 1 50376 920
0x0000723b3d899640 0x0000000ca6b1e640 0 0 1 0 1 3 1 50376 912
0x0000723b3d8996c0 0x0000000ca6b1e6c0 0 0 1 0 1 3 1 50376 920
0x0000723b3d899740 0x0000000ca6b1e740 0 1 1 0 1 3 1 50376 912
0x0000723b3d8997c0 0x0000000ca6b1e7c0 0 1 1 0 1 3 1 50376 920
0x0000723b3d899840 0x0000000ca6b1e840 0 0 0 0 1 3 1 50376 928
0x0000723b3d8998c0 0x0000000ca6b1e8c0 0 0 0 0 1 3 1 50376 936
0x0000723b3d899940 0x0000000ca6b1e940 0 1 0 0 1 3 1 50376 928
0x0000723b3d8999c0 0x0000000ca6b1e9c0 0 1 0 0 1 3 1 50376 936
0x0000723b3d899a40 0x0000000ca6b1ea40 0 0 1 0 1 3 1 50376 928
0x0000723b3d899ac0 0x0000000ca6b1eac0 0 0 1 0 1 3 1 50376 936
0x0000723b3d899b40 0x0000000ca6b1eb40 0 1 1 0 1 3 1 50376 928
0x0000723b3d899bc0 0x0000000ca6b1ebc0 0 1 1 0 1 3 1 50376 936
0x0000723b3d899c40 0x0000000ca6b1ec40 0 0 0 0 1 3 1 50376 944
0x0000723b3d899cc0 0x0000000ca6b1ecc0 0 0 0 0 1 3 1 50376 952
0x0000723b3d899d40 0x0000000ca6b1ed40 0 1 0 0 1 3 1 50376 944
0x0000723b3d899dc0 0x0000000ca6b1edc0 0 1 0 0 1 3 1 50376 952
0x0000723b3d899e40 0x0000000ca6b1ee40 0 0 1 0 1 3 1 50376 944
0x0000723b3d899ec0 0x0000000ca6b1eec0 0 0 1 0 1 3 1 50376 952
0x0000723b3d899f40 0x0000000ca6b1ef40 0 1 1 0 1 3 1 50376 944
0x0000723b3d899fc0 0x0000000ca6b1efc0 0 1 1 0 1 3 1 50376 952
0x0000723b3d89d040 0x00000003f0bc6040 0 0 0 0 0 3 1 15886 384
0x0000723b3d89d0c0 0x00000003f0bc60c0 0 0 0 0 0 3 1 15886 392
0x0000723b3d89d140 0x00000003f0bc6140 0 1 0 0 0 3 1 15886 384
0x0000723b3d89d1c0 0x00000003f0bc61c0 0 1 0 0 0 3 1 15886 392
0x0000723b3d89d240 0x00000003f0bc6240 0 0 1 0 0 3 1 15886 384
0x0000723b3d89d2c0 0x00000003f0bc62c0 0 0 1 0 0 3 1 15886 392
0x0000723b3d89d340 0x00000003f0bc6340 0 1 1 0 0 3 1 15886 384
0x0000723b3d89d3c0 0x00000003f0bc63c0 0 1 1 0 0 3 1 15886 392
0x0000723b3d89d440 0x00000003f0bc6440 0 0 0 0 0 3 1 15886 400
0x0000723b3d89d4c0 0x00000003f0bc64c0 0 0 0 0 0 3 1 15886 408
0x0000723b3d89d540 0x00000003f0bc6540 0 1 0 0 0 3 1 15886 400
0x0000723b3d89d5c0 0x00000003f0bc65c0 0 1 0 0 0 3 1 15886 408
0x0000723b3d89d640 0x00000003f0bc6640 0 0 1 0 0 3 1 15886 400
0x0000723b3d89d6c0 0x00000003f0bc66c0 0 0 1 0 0 3 1 15886 408
0x0000723b3d89d740 0x00000003f0bc6740 0 1 1 0 0 3 1 15886 400
0x0000723b3d89d7c0 0x00000003f0bc67c0 0 1 1 0 0 3 1 15886 408
0x0000723b3d89d840 0x00000003f0bc6840 0 0 0 0 0 3 1 15886 416
0x0000723b3d89d8c0 0x00000003f0bc68c0 0 0 0 0 0 3 1 15886 424
0x0000723b3d89d940 0x00000003f0bc6940 0 1 0 0 0 3 1 15886 416
0x0000723b3d89d9c0 0x00000003f0bc69c0 0 1 0 0 0 3 1 15886 424
0x0000723b3d89da40 0x00000003f0bc6a40 0 0 1 0 0 3 1 15886 416
0x0000723b3d89dac0 0x00000003f0bc6ac0 0 0 1 0 0 3 1 15886 424
0x0000723b3d89db40 0x00000003f0bc6b40 0 1 1 0 0 3 1 15886 416
0x0000723b3d89dbc0 0x00000003f0bc6bc0 0 1 1 0 0 3 1 15886 424
0x0000723b3d89dc40 0x00000003f0bc6c40 0 0 0 0 0 3 1 15886 432
0x0000723b3d89dcc0 0x00000003f0bc6cc0 0 0 0 0 0 3 1 15886 440
0x0000723b3d89dd40 0x00000003f0bc6d40 0 1 0 0 0 3 1 15886 432
0x0000723b3d89ddc0 0x00000003f0bc6dc0 0 1 0 0 0 3 1 15886 440
0x0000723b3d89de40 0x00000003f0bc6e40 0 0 1 0 0 3 1 15886 432
0x0000723b3d89dec0 0x00000003f0bc6ec0 0 0 1 0 0 3 1 15886 440
0x0000723b3d89df40 0x00000003f0bc6f40 0 1 1 0 0 3 1 15886 432
0x0000723b3d89dfc0 0x00000003f0bc6fc0 0 1 1 0 0 3 1 15886 440
0x0000723b3d8b0040 0x0000000576bab040 0 0 0 0 1 3 1 20189 192
0x0000723b3d8b00c0 0x0000000576bab0c0 0 0 0 0 1 3 1 20189 200
0x0000723b3d8b0140 0x0000000576bab140 0 1 0 0 1 3 1 20189 192
0x0000723b3d8b01c0 0x0000000576bab1c0 0 1 0 0 1 3 1 20189 200
0x0000723b3d8b0240 0x0000000576bab240 0 0 1 0 1 3 1 20189 192
0x0000723b3d8b02c0 0x0000000576bab2c0 0 0 1 0 1 3 1 20189 200
0x0000723b3d8b0340 0x0000000576bab340 0 1 1 0 1 3 1 20189 192
0x0000723b3d8b03c0 0x0000000576bab3c0 0 1 1 0 1 3 1 20189 200
0x0000723b3d8b0440 0x0000000576bab440 0 0 0 0 1 3 1 20189 208
0x0000723b3d8b04c0 0x0000000576bab4c0 0 0 0 0 1 3 1 20189 216
0x0000723b3d8b0540 0x0000000576bab540 0 1 0 0 1 3 1 20189 208
0x0000723b3d8b05c0 0x0000000576bab5c0 0 1 0 0 1 3 1 20189 216
0x0000723b3d8b0640 0x0000000576bab640 0 0 1 0 1 3 1 20189 208
0x0000723b3d8b06c0 0x0000000576bab6c0 0 0 1 0 1 3 1 20189 216
0x0000723b3d8b0740 0x0000000576bab740 0 1 1 0 1 3 1 20189 208
0x0000723b3d8b07c0 0x0000000576bab7c0 0 1 1 0 1 3 1 20189 216
0x0000723b3d8b0840 0x0000000576bab840 0 0 0 0 1 3 1 20189 224
0x0000723b3d8b08c0 0x0000000576bab8c0 0 0 0 0 1 3 1 20189 232
0x0000723b3d8b0940 0x0000000576bab940 0 1 0 0 1 3 1 20189 224
0x0000723b3d8b09c0 0x0000000576bab9c0 0 1 0 0 1 3 1 20189 232
0x0000723b3d8b0a40 0x0000000576baba40 0 0 1 0 1 3 1 20189 224
0x0000723b3d8b0ac0 0x0000000576babac0 0 0 1 0 1 3 1 20189 232
0x0000723b3d8b0b40 0x0000000576babb40 0 1 1 0 1 3 1 20189 224
0x0000723b3d8b0bc0 0x0000000576babbc0 0 1 1 0 1 3 1 20189 232
0x0000723b3d8b0c40 0x0000000576babc40 0 0 0 0 1 3 1 20189 240
0x0000723b3d8b0cc0 0x0000000576babcc0 0 0 0 0 1 3 1 20189 248
0x0000723b3d8b0d40 0x0000000576babd40 0 1 0 0 1 3 1 20189 240
0x0000723b3d8b0dc0 0x0000000576babdc0 0 1 0 0 1 3 1 20189 248
0x0000723b3d8b0e40 0x0000000576babe40 0 0 1 0 1 3 1 20189 240
0x0000723b3d8b0ec0 0x0000000576babec0 0 0 1 0 1 3 1 20189 248
0x0000723b3d8b0f40 0x0000000576babf40 0 1 1 0 1 3 1 20189 240
0x0000723b3d8b0fc0 0x0000000576babfc0 0 1 1 0 1 3 1 20189 248
0x0000723b3d8bb040 0x0000000830bfb040 0 0 0 0 1 3 1 30239 704
0x0000723b3d8bb0c0 0x0000000830bfb0c0 0 0 0 0 1 3 1 30239 712
0x0000723b3d8bb140 0x0000000830bfb140 0 1 0 0 1 3 1 30239 704
0x0000723b3d8bb1c0 0x0000000830bfb1c0 0 1 0 0 1 3 1 30239 712
0x0000723b3d8bb240 0x0000000830bfb240 0 0 1 0 1 3 1 30239 704
0x0000723b3d8bb2c0 0x0000000830bfb2c0 0 0 1 0 1 3 1 30239 712
0x0000723b3d8bb340 0x0000000830bfb340 0 1 1 0 1 3 1 30239 704
0x0000723b3d8bb3c0 0x0000000830bfb3c0 0 1 1 0 1 3 1 30239 712
0x0000723b3d8bb440 0x0000000830bfb440 0 0 0 0 1 3 1 30239 720
0x0000723b3d8bb4c0 0x0000000830bfb4c0 0 0 0 0 1 3 1 30239 728
0x0000723b3d8bb540 0x0000000830bfb540 0 1 0 0 1 3 1 30239 720
0x0000723b3d8bb5c0 0x0000000830bfb5c0 0 1 0 0 1 3 1 30239 728
0x0000723b3d8bb640 0x0000000830bfb640 0 0 1 0 1 3 1 30239 720
0x0000723b3d8bb6c0 0x0000000830bfb6c0 0 0 1 0 1 3 1 30239 728
0x0000723b3d8bb740 0x0000000830bfb740 0 1 1 0 1 3 1 30239 720
0x0000723b3d8bb7c0 0x0000000830bfb7c0 0 1 1 0 1 3 1 30239 728
0x0000723b3d8bb840 0x0000000830bfb840 0 0 0 0 1 3 1 30239 736
0x0000723b3d8bb8c0 0x0000000830bfb8c0 0 0 0 0 1 3 1 30239 744
0x0000723b3d8bb940 0x0000000830bfb940 0 1 0 0 1 3 1 30239 736
0x0000723b3d8bb9c0 0x0000000830bfb9c0 0 1 0 0 1 3 1 30239 744
0x0000723b3d8bba40 0x0000000830bfba40 0 0 1 0 1 3 1 30239 736
0x0000723b3d8bbac0 0x0000000830bfbac0 0 0 1 0 1 3 1 30239 744
0x0000723b3d8bbb40 0x0000000830bfbb40 0 1 1 0 1 3 1 30239 736
0x0000723b3d8bbbc0 0x0000000830bfbbc0 0 1 1 0 1 3 1 30239 744
0x0000723b3d8bbc40 0x0000000830bfbc40 0 0 0 0 1 3 1 30239 752
0x0000723b3d8bbcc0 0x0000000830bfbcc0 0 0 0 0 1 3 1 30239 760
0x0000723b3d8bbd40 0x0000000830bfbd40 0 1 0 0 1 3 1 30239 752
0x0000723b3d8bbdc0 0x0000000830bfbdc0 0 1 0 0 1 3 1 30239 760
0x0000723b3d8bbe40 0x0000000830bfbe40 0 0 1 0 1 3 1 30239 752
0x0000723b3d8bbec0 0x0000000830bfbec0 0 0 1 0 1 3 1 30239 760
0x0000723b3d8bbf40 0x0000000830bfbf40 0 1 1 0 1 3 1 30239 752
0x0000723b3d8bbfc0 0x0000000830bfbfc0 0 1 1 0 1 3 1 30239 760
0x0000723b3d8c6040 0x0000000e9abfe040 0 0 0 0 1 3 1 58191 896
0x0000723b3d8c60c0 0x0000000e9abfe0c0 0 0 0 0 1 3 1 58191 904
0x0000723b3d8c6140 0x0000000e9abfe140 0 1 0 0 1 3 1 58191 896
0x0000723b3d8c61c0 0x0000000e9abfe1c0 0 1 0 0 1 3 1 58191 904
0x0000723b3d8c6240 0x0000000e9abfe240 0 0 1 0 1 3 1 58191 896
0x0000723b3d8c62c0 0x0000000e9abfe2c0 0 0 1 0 1 3 1 58191 904
0x0000723b3d8c6340 0x0000000e9abfe340 0 1 1 0 1 3 1 58191 896
0x0000723b3d8c63c0 0x0000000e9abfe3c0 0 1 1 0 1 3 1 58191 904
0x0000723b3d8c6440 0x0000000e9abfe440 0 0 0 0 1 3 1 58191 912
0x0000723b3d8c64c0 0x0000000e9abfe4c0 0 0 0 0 1 3 1 58191 920
0x0000723b3d8c6540 0x0000000e9abfe540 0 1 0 0 1 3 1 58191 912
0x0000723b3d8c65c0 0x0000000e9abfe5c0 0 1 0 0 1 3 1 58191 920
0x0000723b3d8c6640 0x0000000e9abfe640 0 0 1 0 1 3 1 58191 912
0x0000723b3d8c66c0 0x0000000e9abfe6c0 0 0 1 0 1 3 1 58191 920
0x0000723b3d8c6740 0x0000000e9abfe740 0 1 1 0 1 3 1 58191 912
0x0000723b3d8c67c0 0x0000000e9abfe7c0 0 1 1 0 1 3 1 58191 920
0x0000723b3d8c6840 0x0000000e9abfe840 0 0 0 0 1 3 1 58191 928
0x0000723b3d8c68c0 0x0000000e9abfe8c0 0 0 0 0 1 3 1 58191 936
0x0000723b3d8c6940 0x0000000e9abfe940 0 1 0 0 1 3 1 58191 928
0x0000723b3d8c69c0 0x0000000e9abfe9c0 0 1 0 0 1 3 1 58191 936
0x0000723b3d8c6a40 0x0000000e9abfea40 0 0 1 0 1 3 1 58191 928
0x0000723b3d8c6ac0 0x0000000e9abfeac0 0 0 1 0 1 3 1 58191 936
0x0000723b3d8c6b40 0x0000000e9abfeb40 0 1 1 0 1 3 1 58191 928
0x0000723b3d8c6bc0 0x0000000e9abfebc0 0 1 1 0 1 3 1 58191 936
0x0000723b3d8c6c40 0x0000000e9abfec40 0 0 0 0 1 3 1 58191 944
0x0000723b3d8c6cc0 0x0000000e9abfecc0 0 0 0 0 1 3 1 58191 952
0x0000723b3d8c6d40 0x0000000e9abfed40 0 1 0 0 1 3 1 58191 944
0x0000723b3d8c6dc0 0x0000000e9abfedc0 0 1 0 0 1 3 1 58191 952
0x0000723b3d8c6e40 0x0000000e9abfee40 0 0 1 0 1 3 1 58191 944
0x0000723b3d8c6ec0 0x0000000e9abfeec0 0 0 1 0 1 3 1 58191 952
0x0000723b3d8c6f40 0x0000000e9abfef40 0 1 1 0 1 3 1 58191 944
0x0000723b3d8c6fc0 0x0000000e9abfefc0 0 1 1 0 1 3 1 58191 952
0x0000723b3d8d9040 0x0000000cb3b3d040 0 0 0 0 1 3 1 50793 832
0x0000723b3d8d90c0 0x0000000cb3b3d0c0 0 0 0 0 1 3 1 50793 840
0x0000723b3d8d9140 0x0000000cb3b3d140 0 1 0 0 1 3 1 50793 832
0x0000723b3d8d91c0 0x0000000cb3b3d1c0 0 1 0 0 1 3 1 50793 840
0x0000723b3d8d9240 0x0000000cb3b3d240 0 0 1 0 1 3 1 50793 832
0x0000723b3d8d92c0 0x0000000cb3b3d2c0 0 0 1 0 1 3 1 50793 840
0x0000723b3d8d9340 0x0000000cb3b3d340 0 1 1 0 1 3 1 50793 832
0x0000723b3d8d93c0 0x0000000cb3b3d3c0 0 1 1 0 1 3 1 50793 840
0x0000723b3d8d9440 0x0000000cb3b3d440 0 0 0 0 1 3 1 50793 848
0x0000723b3d8d94c0 0x0000000cb3b3d4c0 0 0 0 0 1 3 1 50793 856
0x0000723b3d8d9540 0x0000000cb3b3d540 0 1 0 0 1 3 1 50793 848
0x0000723b3d8d95c0 0x0000000cb3b3d5c0 0 1 0 0 1 3 1 50793 856
0x0000723b3d8d9640 0x0000000cb3b3d640 0 0 1 0 1 3 1 50793 848
0x0000723b3d8d96c0 0x0000000cb3b3d6c0 0 0 1 0 1 3 1 50793 856
0x0000723b3d8d9740 0x0000000cb3b3d740 0 1 1 0 1 3 1 50793 848
0x0000723b3d8d97c0 0x0000000cb3b3d7c0 0 1 1 0 1 3 1 50793 856
0x0000723b3d8d9840 0x0000000cb3b3d840 0 0 0 0 1 3 1 50793 864
0x0000723b3d8d98c0 0x0000000cb3b3d8c0 0 0 0 0 1 3 1 50793 872
0x0000723b3d8d9940 0x0000000cb3b3d940 0 1 0 0 1 3 1 50793 864
0x0000723b3d8d99c0 0x0000000cb3b3d9c0 0 1 0 0 1 3 1 50793 872
0x0000723b3d8d9a40 0x0000000cb3b3da40 0 0 1 0 1 3 1 50793 864
0x0000723b3d8d9ac0 0x0000000cb3b3dac0 0 0 1 0 1 3 1 50793 872
0x0000723b3d8d9b40 0x0000000cb3b3db40 0 1 1 0 1 3 1 50793 864
0x0000723b3d8d9bc0 0x0000000cb3b3dbc0 0 1 1 0 1 3 1 50793 872
0x0000723b3d8d9c40 0x0000000cb3b3dc40 0 0 0 0 1 3 1 50793 880
0x0000723b3d8d9cc0 0x0000000cb3b3dcc0 0 0 0 0 1 3 1 50793 888
0x0000723b3d8d9d40 0x0000000cb3b3dd40 0 1 0 0 1 3 1 50793 880
0x0000723b3d8d9dc0 0x0000000cb3b3ddc0 0 1 0 0 1 3 1 50793 888
0x0000723b3d8d9e40 0x0000000cb3b3de40 0 0 1 0 1 3 1 50793 880
0x0000723b3d8d9ec0 0x0000000cb3b3dec0 0 0 1 0 1 3 1 50793 888
0x0000723b3d8d9f40 0x0000000cb3b3df40 0 1 1 0 1 3 1 50793 880
0x0000723b3d8d9fc0 0x0000000cb3b3dfc0 0 1 1 0 1 3 1 50793 888
0x0000723b3d8de040 0x0000000d26bb3040 0 0 0 0 0 3 1 50397 704
0x0000723b3d8de0c0 0x0000000d26bb30c0 0 0 0 0 0 3 1 50397 712
0x0000723b3d8de140 0x0000000d26bb3140 0 1 0 0 0 3 1 50397 704
0x0000723b3d8de1c0 0x0000000d26bb31c0 0 1 0 0 0 3 1 50397 712
0x0000723b3d8de240 0x0000000d26bb3240 0 0 1 0 0 3 1 50397 704
0x0000723b3d8de2c0 0x0000000d26bb32c0 0 0 1 0 0 3 1 50397 712
0x0000723b3d8de340 0x0000000d26bb3340 0 1 1 0 0 3 1 50397 704
0x0000723b3d8de3c0 0x0000000d26bb33c0 0 1 1 0 0 3 1 50397 712
0x0000723b3d8de440 0x0000000d26bb3440 0 0 0 0 0 3 1 50397 720
0x0000723b3d8de4c0 0x0000000d26bb34c0 0 0 0 0 0 3 1 50397 728
0x0000723b3d8de540 0x0000000d26bb3540 0 1 0 0 0 3 1 50397 720
0x0000723b3d8de5c0 0x0000000d26bb35c0 0 1 0 0 0 3 1 50397 728
0x0000723b3d8de640 0x0000000d26bb3640 0 0 1 0 0 3 1 50397 720
0x0000723b3d8de6c0 0x0000000d26bb36c0 0 0 1 0 0 3 1 50397 728
0x0000723b3d8de740 0x0000000d26bb3740 0 1 1 0 0 3 1 50397 720
0x0000723b3d8de7c0 0x0000000d26bb37c0 0 1 1 0 0 3 1 50397 728
0x0000723b3d8de840 0x0000000d26bb3840 0 0 0 0 0 3 1 50397 736
0x0000723b3d8de8c0 0x0000000d26bb38c0 0 0 0 0 0 3 1 50397 744
0x0000723b3d8de940 0x0000000d26bb3940 0 1 0 0 0 3 1 50397 736
0x0000723b3d8de9c0 0x0000000d26bb39c0 0 1 0 0 0 3 1 50397 744
0x0000723b3d8dea40 0x0000000d26bb3a40 0 0 1 0 0 3 1 50397 736
0x0000723b3d8deac0 0x0000000d26bb3ac0 0 0 1 0 0 3 1 50397 744
0x0000723b3d8deb40 0x0000000d26bb3b40 0 1 1 0 0 3 1 50397 736
0x0000723b3d8debc0 0x0000000d26bb3bc0 0 1 1 0 0 3 1 50397 744
0x0000723b3d8dec40 0x0000000d26bb3c40 0 0 0 0 0 3 1 50397 752
0x0000723b3d8decc0 0x0000000d26bb3cc0 0 0 0 0 0 3 1 50397 760
0x0000723b3d8ded40 0x0000000d26bb3d40 0 1 0 0 0 3 1 50397 752
0x0000723b3d8dedc0 0x0000000d26bb3dc0 0 1 0 0 0 3 1 50397 760
0x0000723b3d8dee40 0x0000000d26bb3e40 0 0 1 0 0 3 1 50397 752
0x0000723b3d8deec0 0x0000000d26bb3ec0 0 0 1 0 0 3 1 50397 760
0x0000723b3d8def40 0x0000000d26bb3f40 0 1 1 0 0 3 1 50397 752
0x0000723b3d8defc0 0x0000000d26bb3fc0 0 1 1 0 0 3 1 50397 760
0x0000723b3d8e4040 0x00000006cebe9040 0 0 0 0 1 3 1 27087 64
0x0000723b3d8e40c0 0x00000006cebe90c0 0 0 0 0 1 3 1 27087 72
0x0000723b3d8e4140 0x00000006cebe9140 0 1 0 0 1 3 1 27087 64
0x0000723b3d8e41c0 0x00000006cebe91c0 0 1 0 0 1 3 1 27087 72
0x0000723b3d8e4240 0x00000006cebe9240 0 0 1 0 1 3 1 27087 64
0x0000723b3d8e42c0 0x00000006cebe92c0 0 0 1 0 1 3 1 27087 72
0x0000723b3d8e4340 0x00000006cebe9340 0 1 1 0 1 3 1 27087 64
0x0000723b3d8e43c0 0x00000006cebe93c0 0 1 1 0 1 3 1 27087 72
0x0000723b3d8e4440 0x00000006cebe9440 0 0 0 0 1 3 1 27087 80
0x0000723b3d8e44c0 0x00000006cebe94c0 0 0 0 0 1 3 1 27087 88
0x0000723b3d8e4540 0x00000006cebe9540 0 1 0 0 1 3 1 27087 80
0x0000723b3d8e45c0 0x00000006cebe95c0 0 1 0 0 1 3 1 27087 88
0x0000723b3d8e4640 0x00000006cebe9640 0 0 1 0 1 3 1 27087 80
0x0000723b3d8e46c0 0x00000006cebe96c0 0 0 1 0 1 3 1 27087 88
0x0000723b3d8e4740 0x00000006cebe9740 0 1 1 0 1 3 1 27087 80
0x0000723b3d8e47c0 0x00000006cebe97c0 0 1 1 0 1 3 1 27087 88
0x0000723b3d8e4840 0x00000006cebe9840 0 0 0 0 1 3 1 27087 96
0x0000723b3d8e48c0 0x00000006cebe98c0 0 0 0 0 1 3 1 27087 104
0x0000723b3d8e4940 0x00000006cebe9940 0 1 0 0 1 3 1 27087 96
0x0000723b3d8e49c0 0x00000006cebe99c0 0 1 0 0 1 3 1 27087 104
0x0000723b3d8e4a40 0x00000006cebe9a40 0 0 1 0 1 3 1 27087 96
0x0000723b3d8e4ac0 0x00000006cebe9ac0 0 0 1 0 1 3 1 27087 104
0x0000723b3d8e4b40 0x00000006cebe9b40 0 1 1 0 1 3 1 27087 96
0x0000723b3d8e4bc0 0x00000006cebe9bc0 0 1 1 0 1 3 1 27087 104
0x0000723b3d8e4c40 0x00000006cebe9c40 0 0 0 0 1 3 1 27087 112
0x0000723b3d8e4cc0 0x00000006cebe9cc0 0 0 0 0 1 3 1 27087 120
0x0000723b3d8e4d40 0x00000006cebe9d40 0 1 0 0 1 3 1 27087 112
0x0000723b3d8e4dc0 0x00000006cebe9dc0 0 1 0 0 1 3 1 27087 120
0x0000723b3d8e4e40 0x00000006cebe9e40 0 0 1 0 1 3 1 27087 112
0x0000723b3d8e4ec0 0x00000006cebe9ec0 0 0 1 0 1 3 1 27087 120
0x0000723b3d8e4f40 0x00000006cebe9f40 0 1 1 0 1 3 1 27087 112
0x0000723b3d8e4fc0 0x00000006cebe9fc0 0 1 1 0 1 3 1 27087 120
0x0000723b3d8e7040 0x0000000e13bfb040 0 0 0 0 1 3 1 53887 704
0x0000723b3d8e70c0 0x0000000e13bfb0c0 0 0 0 0 1 3 1 53887 712
0x0000723b3d8e7140 0x0000000e13bfb140 0 1 0 0 1 3 1 53887 704
0x0000723b3d8e71c0 0x0000000e13bfb1c0 0 1 0 0 1 3 1 53887 712
0x0000723b3d8e7240 0x0000000e13bfb240 0 0 1 0 1 3 1 53887 704
0x0000723b3d8e72c0 0x0000000e13bfb2c0 0 0 1 0 1 3 1 53887 712
0x0000723b3d8e7340 0x0000000e13bfb340 0 1 1 0 1 3 1 53887 704
0x0000723b3d8e73c0 0x0000000e13bfb3c0 0 1 1 0 1 3 1 53887 712
0x0000723b3d8e7440 0x0000000e13bfb440 0 0 0 0 1 3 1 53887 720
0x0000723b3d8e74c0 0x0000000e13bfb4c0 0 0 0 0 1 3 1 53887 728
0x0000723b3d8e7540 0x0000000e13bfb540 0 1 0 0 1 3 1 53887 720
0x0000723b3d8e75c0 0x0000000e13bfb5c0 0 1 0 0 1 3 1 53887 728
0x0000723b3d8e7640 0x0000000e13bfb640 0 0 1 0 1 3 1 53887 720
0x0000723b3d8e76c0 0x0000000e13bfb6c0 0 0 1 0 1 3 1 53887 728
0x0000723b3d8e7740 0x0000000e13bfb740 0 1 1 0 1 3 1 53887 720
0x0000723b3d8e77c0 0x0000000e13bfb7c0 0 1 1 0 1 3 1 53887 728
0x0000723b3d8e7840 0x0000000e13bfb840 0 0 0 0 1 3 1 53887 736
0x0000723b3d8e78c0 0x0000000e13bfb8c0 0 0 0 0 1 3 1 53887 744
0x0000723b3d8e7940 0x0000000e13bfb940 0 1 0 0 1 3 1 53887 736
0x0000723b3d8e79c0 0x0000000e13bfb9c0 0 1 0 0 1 3 1 53887 744
0x0000723b3d8e7a40 0x0000000e13bfba40 0 0 1 0 1 3 1 53887 736
0x0000723b3d8e7ac0 0x0000000e13bfbac0 0 0 1 0 1 3 1 53887 744
0x0000723b3d8e7b40 0x0000000e13bfbb40 0 1 1 0 1 3 1 53887 736
0x0000723b3d8e7bc0 0x0000000e13bfbbc0 0 1 1 0 1 3 1 53887 744
0x0000723b3d8e7c40 0x0000000e13bfbc40 0 0 0 0 1 3 1 53887 752
0x0000723b3d8e7cc0 0x0000000e13bfbcc0 0 0 0 0 1 3 1 53887 760
0x0000723b3d8e7d40 0x0000000e13bfbd40 0 1 0 0 1 3 1 53887 752
0x0000723b3d8e7dc0 0x0000000e13bfbdc0 0 1 0 0 1 3 1 53887 760
0x0000723b3d8e7e40 0x0000000e13bfbe40 0 0 1 0 1 3 1 53887 752
0x0000723b3d8e7ec0 0x0000000e13bfbec0 0 0 1 0 1 3 1 53887 760
0x0000723b3d8e7f40 0x0000000e13bfbf40 0 1 1 0 1 3 1 53887 752
0x0000723b3d8e7fc0 0x0000000e13bfbfc0 0 1 1 0 1 3 1 53887 760
0x0000723b3d8ea040 0x00000004e63cb040 0 0 0 0 1 3 1 19654 192
0x0000723b3d8ea0c0 0x00000004e63cb0c0 0 0 0 0 1 3 1 19654 200
0x0000723b3d8ea140 0x00000004e63cb140 0 1 0 0 1 3 1 19654 192
0x0000723b3d8ea1c0 0x00000004e63cb1c0 0 1 0 0 1 3 1 19654 200
0x0000723b3d8ea240 0x00000004e63cb240 0 0 1 0 1 3 1 19654 192
0x0000723b3d8ea2c0 0x00000004e63cb2c0 0 0 1 0 1 3 1 19654 200
0x0000723b3d8ea340 0x00000004e63cb340 0 1 1 0 1 3 1 19654 192
0x0000723b3d8ea3c0 0x00000004e63cb3c0 0 1 1 0 1 3 1 19654 200
0x0000723b3d8ea440 0x00000004e63cb440 0 0 0 0 1 3 1 19654 208
0x0000723b3d8ea4c0 0x00000004e63cb4c0 0 0 0 0 1 3 1 19654 216
0x0000723b3d8ea540 0x00000004e63cb540 0 1 0 0 1 3 1 19654 208
0x0000723b3d8ea5c0 0x00000004e63cb5c0 0 1 0 0 1 3 1 19654 216
0x0000723b3d8ea640 0x00000004e63cb640 0 0 1 0 1 3 1 19654 208
0x0000723b3d8ea6c0 0x00000004e63cb6c0 0 0 1 0 1 3 1 19654 216
0x0000723b3d8ea740 0x00000004e63cb740 0 1 1 0 1 3 1 19654 208
0x0000723b3d8ea7c0 0x00000004e63cb7c0 0 1 1 0 1 3 1 19654 216
0x0000723b3d8ea840 0x00000004e63cb840 0 0 0 0 1 3 1 19654 224
0x0000723b3d8ea8c0 0x00000004e63cb8c0 0 0 0 0 1 3 1 19654 232
0x0000723b3d8ea940 0x00000004e63cb940 0 1 0 0 1 3 1 19654 224
0x0000723b3d8ea9c0 0x00000004e63cb9c0 0 1 0 0 1 3 1 19654 232
0x0000723b3d8eaa40 0x00000004e63cba40 0 0 1 0 1 3 1 19654 224
0x0000723b3d8eaac0 0x00000004e63cbac0 0 0 1 0 1 3 1 19654 232
0x0000723b3d8eab40 0x00000004e63cbb40 0 1 1 0 1 3 1 19654 224
0x0000723b3d8eabc0 0x00000004e63cbbc0 0 1 1 0 1 3 1 19654 232
0x0000723b3d8eac40 0x00000004e63cbc40 0 0 0 0 1 3 1 19654 240
0x0000723b3d8eacc0 0x00000004e63cbcc0 0 0 0 0 1 3 1 19654 248
0x0000723b3d8ead40 0x00000004e63cbd40 0 1 0 0 1 3 1 19654 240
0x0000723b3d8eadc0 0x00000004e63cbdc0 0 1 0 0 1 3 1 19654 248
0x0000723b3d8eae40 0x00000004e63cbe40 0 0 1 0 1 3 1 19654 240
0x0000723b3d8eaec0 0x00000004e63cbec0 0 0 1 0 1 3 1 19654 248
0x0000723b3d8eaf40 0x00000004e63cbf40 0 1 1 0 1 3 1 19654 240
0x0000723b3d8eafc0 0x00000004e63cbfc0 0 1 1 0 1 3 1 19654 248
0x0000723b3d8f0040 0x00000006bd3f4040 0 0 0 0 0 3 1 26535 768
0x0000723b3d8f00c0 0x00000006bd3f40c0 0 0 0 0 0 3 1 26535 776
0x0000723b3d8f0140 0x00000006bd3f4140 0 1 0 0 0 3 1 26535 768
0x0000723b3d8f01c0 0x00000006bd3f41c0 0 1 0 0 0 3 1 26535 776
0x0000723b3d8f0240 0x00000006bd3f4240 0 0 1 0 0 3 1 26535 768
0x0000723b3d8f02c0 0x00000006bd3f42c0 0 0 1 0 0 3 1 26535 776
0x0000723b3d8f0340 0x00000006bd3f4340 0 1 1 0 0 3 1 26535 768
0x0000723b3d8f03c0 0x00000006bd3f43c0 0 1 1 0 0 3 1 26535 776
0x0000723b3d8f0440 0x00000006bd3f4440 0 0 0 0 0 3 1 26535 784
0x0000723b3d8f04c0 0x00000006bd3f44c0 0 0 0 0 0 3 1 26535 792
0x0000723b3d8f0540 0x00000006bd3f4540 0 1 0 0 0 3 1 26535 784
0x0000723b3d8f05c0 0x00000006bd3f45c0 0 1 0 0 0 3 1 26535 792
0x0000723b3d8f0640 0x00000006bd3f4640 0 0 1 0 0 3 1 26535 784
0x0000723b3d8f06c0 0x00000006bd3f46c0 0 0 1 0 0 3 1 26535 792
0x0000723b3d8f0740 0x00000006bd3f4740 0 1 1 0 0 3 1 26535 784
0x0000723b3d8f07c0 0x00000006bd3f47c0 0 1 1 0 0 3 1 26535 792
0x0000723b3d8f0840 0x00000006bd3f4840 0 0 0 0 0 3 1 26535 800
0x0000723b3d8f08c0 0x00000006bd3f48c0 0 0 0 0 0 3 1 26535 808
0x0000723b3d8f0940 0x00000006bd3f4940 0 1 0 0 0 3 1 26535 800
0x0000723b3d8f09c0 0x00000006bd3f49c0 0 1 0 0 0 3 1 26535 808
0x0000723b3d8f0a40 0x00000006bd3f4a40 0 0 1 0 0 3 1 26535 800
0x0000723b3d8f0ac0 0x00000006bd3f4ac0 0 0 1 0 0 3 1 26535 808
0x0000723b3d8f0b40 0x00000006bd3f4b40 0 1 1 0 0 3 1 26535 800
0x0000723b3d8f0bc0 0x00000006bd3f4bc0 0 1 1 0 0 3 1 26535 808
0x0000723b3d8f0c40 0x00000006bd3f4c40 0 0 0 0 0 3 1 26535 816
0x0000723b3d8f0cc0 0x00000006bd3f4cc0 0 0 0 0 0 3 1 26535 824
0x0000723b3d8f0d40 0x00000006bd3f4d40 0 1 0 0 0 3 1 26535 816
0x0000723b3d8f0dc0 0x00000006bd3f4dc0 0 1 0 0 0 3 1 26535 824
0x0000723b3d8f0e40 0x00000006bd3f4e40 0 0 1 0 0 3 1 26535 816
0x0000723b3d8f0ec0 0x00000006bd3f4ec0 0 0 1 0 0 3 1 26535 824
0x0000723b3d8f0f40 0x00000006bd3f4f40 0 1 1 0 0 3 1 26535 816
0x0000723b3d8f0fc0 0x00000006bd3f4fc0 0 1 1 0 0 3 1 26535 824
0x0000723b3d8f5040 0x0000000c2cb05040 0 0 0 0 0 3 1 46488 320
0x0000723b3d8f50c0 0x0000000c2cb050c0 0 0 0 0 0 3 1 46488 328
0x0000723b3d8f5140 0x0000000c2cb05140 0 1 0 0 0 3 1 46488 320
0x0000723b3d8f51c0 0x0000000c2cb051c0 0 1 0 0 0 3 1 46488 328
0x0000723b3d8f5240 0x0000000c2cb05240 0 0 1 0 0 3 1 46488 320
0x0000723b3d8f52c0 0x0000000c2cb052c0 0 0 1 0 0 3 1 46488 328
0x0000723b3d8f5340 0x0000000c2cb05340 0 1 1 0 0 3 1 46488 320
0x0000723b3d8f53c0 0x0000000c2cb053c0 0 1 1 0 0 3 1 46488 328
0x0000723b3d8f5440 0x0000000c2cb05440 0 0 0 0 0 3 1 46488 336
0x0000723b3d8f54c0 0x0000000c2cb054c0 0 0 0 0 0 3 1 46488 344
0x0000723b3d8f5540 0x0000000c2cb05540 0 1 0 0 0 3 1 46488 336
0x0000723b3d8f55c0 0x0000000c2cb055c0 0 1 0 0 0 3 1 46488 344
0x0000723b3d8f5640 0x0000000c2cb05640 0 0 1 0 0 3 1 46488 336
0x0000723b3d8f56c0 0x0000000c2cb056c0 0 0 1 0 0 3 1 46488 344
0x0000723b3d8f5740 0x0000000c2cb05740 0 1 1 0 0 3 1 46488 336
0x0000723b3d8f57c0 0x0000000c2cb057c0 0 1 1 0 0 3 1 46488 344
0x0000723b3d8f5840 0x0000000c2cb05840 0 0 0 0 0 3 1 46488 352
0x0000723b3d8f58c0 0x0000000c2cb058c0 0 0 0 0 0 3 1 46488 360
0x0000723b3d8f5940 0x0000000c2cb05940 0 1 0 0 0 3 1 46488 352
0x0000723b3d8f59c0 0x0000000c2cb059c0 0 1 0 0 0 3 1 46488 360
0x0000723b3d8f5a40 0x0000000c2cb05a40 0 0 1 0 0 3 1 46488 352
0x0000723b3d8f5ac0 0x0000000c2cb05ac0 0 0 1 0 0 3 1 46488 360
0x0000723b3d8f5b40 0x0000000c2cb05b40 0 1 1 0 0 3 1 46488 352
0x0000723b3d8f5bc0 0x0000000c2cb05bc0 0 1 1 0 0 3 1 46488 360
0x0000723b3d8f5c40 0x0000000c2cb05c40 0 0 0 0 0 3 1 46488 368
0x0000723b3d8f5cc0 0x0000000c2cb05cc0 0 0 0 0 0 3 1 46488 376
0x0000723b3d8f5d40 0x0000000c2cb05d40 0 1 0 0 0 3 1 46488 368
0x0000723b3d8f5dc0 0x0000000c2cb05dc0 0 1 0 0 0 3 1 46488 376
0x0000723b3d8f5e40 0x0000000c2cb05e40 0 0 1 0 0 3 1 46488 368
0x0000723b3d8f5ec0 0x0000000c2cb05ec0 0 0 1 0 0 3 1 46488 376
0x0000723b3d8f5f40 0x0000000c2cb05f40 0 1 1 0 0 3 1 46488 368
0x0000723b3d8f5fc0 0x0000000c2cb05fc0 0 1 1 0 0 3 1 46488 376
0x0000723b3d900040 0x00000006d5328040 0 0 0 0 1 3 1 27297 0
0x0000723b3d9000c0 0x00000006d53280c0 0 0 0 0 1 3 1 27297 8
0x0000723b3d900140 0x00000006d5328140 0 1 0 0 1 3 1 27297 0
0x0000723b3d9001c0 0x00000006d53281c0 0 1 0 0 1 3 1 27297 8
0x0000723b3d900240 0x00000006d5328240 0 0 1 0 1 3 1 27297 0
0x0000723b3d9002c0 0x00000006d53282c0 0 0 1 0 1 3 1 27297 8
0x0000723b3d900340 0x00000006d5328340 0 1 1 0 1 3 1 27297 0
0x0000723b3d9003c0 0x00000006d53283c0 0 1 1 0 1 3 1 27297 8
0x0000723b3d900440 0x00000006d5328440 0 0 0 0 1 3 1 27297 16
0x0000723b3d9004c0 0x00000006d53284c0 0 0 0 0 1 3 1 27297 24
0x0000723b3d900540 0x00000006d5328540 0 1 0 0 1 3 1 27297 16
0x0000723b3d9005c0 0x00000006d53285c0 0 1 0 0 1 3 1 27297 24
0x0000723b3d900640 0x00000006d5328640 0 0 1 0 1 3 1 27297 16
0x0000723b3d9006c0 0x00000006d53286c0 0 0 1 0 1 3 1 27297 24
0x0000723b3d900740 0x00000006d5328740 0 1 1 0 1 3 1 27297 16
0x0000723b3d9007c0 0x00000006d53287c0 0 1 1 0 1 3 1 27297 24
0x0000723b3d900840 0x00000006d5328840 0 0 0 0 1 3 1 27297 32
0x0000723b3d9008c0 0x00000006d53288c0 0 0 0 0 1 3 1 27297 40
0x0000723b3d900940 0x00000006d5328940 0 1 0 0 1 3 1 27297 32
0x0000723b3d9009c0 0x00000006d53289c0 0 1 0 0 1 3 1 27297 40
0x0000723b3d900a40 0x00000006d5328a40 0 0 1 0 1 3 1 27297 32
0x0000723b3d900ac0 0x00000006d5328ac0 0 0 1 0 1 3 1 27297 40
0x0000723b3d900b40 0x00000006d5328b40 0 1 1 0 1 3 1 27297 32
0x0000723b3d900bc0 0x00000006d5328bc0 0 1 1 0 1 3 1 27297 40
0x0000723b3d900c40 0x00000006d5328c40 0 0 0 0 1 3 1 27297 48
0x0000723b3d900cc0 0x00000006d5328cc0 0 0 0 0 1 3 1 27297 56
0x0000723b3d900d40 0x00000006d5328d40 0 1 0 0 1 3 1 27297 48
0x0000723b3d900dc0 0x00000006d5328dc0 0 1 0 0 1 3 1 27297 56
0x0000723b3d900e40 0x00000006d5328e40 0 0 1 0 1 3 1 27297 48
0x0000723b3d900ec0 0x00000006d5328ec0 0 0 1 0 1 3 1 27297 56
0x0000723b3d900f40 0x00000006d5328f40 0 1 1 0 1 3 1 27297 48
0x0000723b3d900fc0 0x00000006d5328fc0 0 1 1 0 1 3 1 27297 56
0x0000723b3d904040 0x00000007b6ba7040 0 0 0 0 0 3 1 30413 448
0x0000723b3d9040c0 0x00000007b6ba70c0 0 0 0 0 0 3 1 30413 456
0x0000723b3d904140 0x00000007b6ba7140 0 1 0 0 0 3 1 30413 448
0x0000723b3d9041c0 0x00000007b6ba71c0 0 1 0 0 0 3 1 30413 456
0x0000723b3d904240 0x00000007b6ba7240 0 0 1 0 0 3 1 30413 448
0x0000723b3d9042c0 0x00000007b6ba72c0 0 0 1 0 0 3 1 30413 456
0x0000723b3d904340 0x00000007b6ba7340 0 1 1 0 0 3 1 30413 448
0x0000723b3d9043c0 0x00000007b6ba73c0 0 1 1 0 0 3 1 30413 456
0x0000723b3d904440 0x00000007b6ba7440 0 0 0 0 0 3 1 30413 464
0x0000723b3d9044c0 0x00000007b6ba74c0 0 0 0 0 0 3 1 30413 472
0x0000723b3d904540 0x00000007b6ba7540 0 1 0 0 0 3 1 30413 464
0x0000723b3d9045c0 0x00000007b6ba75c0 0 1 0 0 0 3 1 30413 472
0x0000723b3d904640 0x00000007b6ba7640 0 0 1 0 0 3 1 30413 464
0x0000723b3d9046c0 0x00000007b6ba76c0 0 0 1 0 0 3 1 30413 472
0x0000723b3d904740 0x00000007b6ba7740 0 1 1 0 0 3 1 30413 464
0x0000723b3d9047c0 0x00000007b6ba77c0 0 1 1 0 0 3 1 30413 472
0x0000723b3d904840 0x00000007b6ba7840 0 0 0 0 0 3 1 30413 480
0x0000723b3d9048c0 0x00000007b6ba78c0 0 0 0 0 0 3 1 30413 488
0x0000723b3d904940 0x00000007b6ba7940 0 1 0 0 0 3 1 30413 480
0x0000723b3d9049c0 0x00000007b6ba79c0 0 1 0 0 0 3 1 30413 488
0x0000723b3d904a40 0x00000007b6ba7a40 0 0 1 0 0 3 1 30413 480
0x0000723b3d904ac0 0x00000007b6ba7ac0 0 0 1 0 0 3 1 30413 488
0x0000723b3d904b40 0x00000007b6ba7b40 0 1 1 0 0 3 1 30413 480
0x0000723b3d904bc0 0x00000007b6ba7bc0 0 1 1 0 0 3 1 30413 488
0x0000723b3d904c40 0x00000007b6ba7c40 0 0 0 0 0 3 1 30413 496
0x0000723b3d904cc0 0x00000007b6ba7cc0 0 0 0 0 0 3 1 30413 504
0x0000723b3d904d40 0x00000007b6ba7d40 0 1 0 0 0 3 1 30413 496
0x0000723b3d904dc0 0x00000007b6ba7dc0 0 1 0 0 0 3 1 30413 504
0x0000723b3d904e40 0x00000007b6ba7e40 0 0 1 0 0 3 1 30413 496
0x0000723b3d904ec0 0x00000007b6ba7ec0 0 0 1 0 0 3 1 30413 504
0x0000723b3d904f40 0x00000007b6ba7f40 0 1 1 0 0 3 1 30413 496
0x0000723b3d904fc0 0x00000007b6ba7fc0 0 1 1 0 0 3 1 30413 504
0x0000723b3d913040 0x0000000ef23e1040 0 0 0 0 0 3 1 60999 64
0x0000723b3d9130c0 0x0000000ef23e10c0 0 0 0 0 0 3 1 60999 72
0x0000723b3d913140 0x0000000ef23e1140 0 1 0 0 0 3 1 60999 64
0x0000723b3d9131c0 0x0000000ef23e11c0 0 1 0 0 0 3 1 60999 72
0x0000723b3d913240 0x0000000ef23e1240 0 0 1 0 0 3 1 60999 64
0x0000723b3d9132c0 0x0000000ef23e12c0 0 0 1 0 0 3 1 60999 72
0x0000723b3d913340 0x0000000ef23e1340 0 1 1 0 0 3 1 60999 64
0x0000723b3d9133c0 0x0000000ef23e13c0 0 1 1 0 0 3 1 60999 72
0x0000723b3d913440 0x0000000ef23e1440 0 0 0 0 0 3 1 60999 80
0x0000723b3d9134c0 0x0000000ef23e14c0 0 0 0 0 0 3 1 60999 88
0x0000723b3d913540 0x0000000ef23e1540 0 1 0 0 0 3 1 60999 80
0x0000723b3d9135c0 0x0000000ef23e15c0 0 1 0 0 0 3 1 60999 88
0x0000723b3d913640 0x0000000ef23e1640 0 0 1 0 0 3 1 60999 80
0x0000723b3d9136c0 0x0000000ef23e16c0 0 0 1 0 0 3 1 60999 88
0x0000723b3d913740 0x0000000ef23e1740 0 1 1 0 0 3 1 60999 80
0x0000723b3d9137c0 0x0000000ef23e17c0 0 1 1 0 0 3 1 60999 88
0x0000723b3d913840 0x0000000ef23e1840 0 0 0 0 0 3 1 60999 96
0x0000723b3d9138c0 0x0000000ef23e18c0 0 0 0 0 0 3 1 60999 104
0x0000723b3d913940 0x0000000ef23e1940 0 1 0 0 0 3 1 60999 96
0x0000723b3d9139c0 0x0000000ef23e19c0 0 1 0 0 0 3 1 60999 104
0x0000723b3d913a40 0x0000000ef23e1a40 0 0 1 0 0 3 1 60999 96
0x0000723b3d913ac0 0x0000000ef23e1ac0 0 0 1 0 0 3 1 60999 104
0x0000723b3d913b40 0x0000000ef23e1b40 0 1 1 0 0 3 1 60999 96
0x0000723b3d913bc0 0x0000000ef23e1bc0 0 1 1 0 0 3 1 60999 104
0x0000723b3d913c40 0x0000000ef23e1c40 0 0 0 0 0 3 1 60999 112
0x0000723b3d913cc0 0x0000000ef23e1cc0 0 0 0 0 0 3 1 60999 120
0x0000723b3d913d40 0x0000000ef23e1d40 0 1 0 0 0 3 1 60999 112
0x0000723b3d913dc0 0x0000000ef23e1dc0 0 1 0 0 0 3 1 60999 120
0x0000723b3d913e40 0x0000000ef23e1e40 0 0 1 0 0 3 1 60999 112
0x0000723b3d913ec0 0x0000000ef23e1ec0 0 0 1 0 0 3 1 60999 120
0x0000723b3d913f40 0x0000000ef23e1f40 0 1 1 0 0 3 1 60999 112
0x0000723b3d913fc0 0x0000000ef23e1fc0 0 1 1 0 0 3 1 60999 120
0x0000723b3d916040 0x0000000a9bb10040 0 0 0 0 0 3 1 41832 512
0x0000723b3d9160c0 0x0000000a9bb100c0 0 0 0 0 0 3 1 41832 520
0x0000723b3d916140 0x0000000a9bb10140 0 1 0 0 0 3 1 41832 512
0x0000723b3d9161c0 0x0000000a9bb101c0 0 1 0 0 0 3 1 41832 520
0x0000723b3d916240 0x0000000a9bb10240 0 0 1 0 0 3 1 41832 512
0x0000723b3d9162c0 0x0000000a9bb102c0 0 0 1 0 0 3 1 41832 520
0x0000723b3d916340 0x0000000a9bb10340 0 1 1 0 0 3 1 41832 512
0x0000723b3d9163c0 0x0000000a9bb103c0 0 1 1 0 0 3 1 41832 520
0x0000723b3d916440 0x0000000a9bb10440 0 0 0 0 0 3 1 41832 528
0x0000723b3d9164c0 0x0000000a9bb104c0 0 0 0 0 0 3 1 41832 536
0x0000723b3d916540 0x0000000a9bb10540 0 1 0 0 0 3 1 41832 528
0x0000723b3d9165c0 0x0000000a9bb105c0 0 1 0 0 0 3 1 41832 536
0x0000723b3d916640 0x0000000a9bb10640 0 0 1 0 0 3 1 41832 528
0x0000723b3d9166c0 0x0000000a9bb106c0 0 0 1 0 0 3 1 41832 536
0x0000723b3d916740 0x0000000a9bb10740 0 1 1 0 0 3 1 41832 528
0x0000723b3d9167c0 0x0000000a9bb107c0 0 1 1 0 0 3 1 41832 536
0x0000723b3d916840 0x0000000a9bb10840 0 0 0 0 0 3 1 41832 544
0x0000723b3d9168c0 0x0000000a9bb108c0 0 0 0 0 0 3 1 41832 552
0x0000723b3d916940 0x0000000a9bb10940 0 1 0 0 0 3 1 41832 544
0x0000723b3d9169c0 0x0000000a9bb109c0 0 1 0 0 0 3 1 41832 552
0x0000723b3d916a40 0x0000000a9bb10a40 0 0 1 0 0 3 1 41832 544
0x0000723b3d916ac0 0x0000000a9bb10ac0 0 0 1 0 0 3 1 41832 552
0x0000723b3d916b40 0x0000000a9bb10b40 0 1 1 0 0 3 1 41832 544
0x0000723b3d916bc0 0x0000000a9bb10bc0 0 1 1 0 0 3 1 41832 552
0x0000723b3d916c40 0x0000000a9bb10c40 0 0 0 0 0 3 1 41832 560
0x0000723b3d916cc0 0x0000000a9bb10cc0 0 0 0 0 0 3 1 41832 568
0x0000723b3d916d40 0x0000000a9bb10d40 0 1 0 0 0 3 1 41832 560
0x0000723b3d916dc0 0x0000000a9bb10dc0 0 1 0 0 0 3 1 41832 568
0x0000723b3d916e40 0x0000000a9bb10e40 0 0 1 0 0 3 1 41832 560
0x0000723b3d916ec0 0x0000000a9bb10ec0 0 0 1 0 0 3 1 41832 568
0x0000723b3d916f40 0x0000000a9bb10f40 0 1 1 0 0 3 1 41832 560
0x0000723b3d916fc0 0x0000000a9bb10fc0 0 1 1 0 0 3 1 41832 568
0x0000723b3d920040 0x000000026e3af040 0 0 0 0 1 3 1 7637 448
0x0000723b3d9200c0 0x000000026e3af0c0 0 0 0 0 1 3 1 7637 456
0x0000723b3d920140 0x000000026e3af140 0 1 0 0 1 3 1 7637 448
0x0000723b3d9201c0 0x000000026e3af1c0 0 1 0 0 1 3 1 7637 456
0x0000723b3d920240 0x000000026e3af240 0 0 1 0 1 3 1 7637 448
0x0000723b3d9202c0 0x000000026e3af2c0 0 0 1 0 1 3 1 7637 456
0x0000723b3d920340 0x000000026e3af340 0 1 1 0 1 3 1 7637 448
0x0000723b3d9203c0 0x000000026e3af3c0 0 1 1 0 1 3 1 7637 456
0x0000723b3d920440 0x000000026e3af440 0 0 0 0 1 3 1 7637 464
0x0000723b3d9204c0 0x000000026e3af4c0 0 0 0 0 1 3 1 7637 472
0x0000723b3d920540 0x000000026e3af540 0 1 0 0 1 3 1 7637 464
0x0000723b3d9205c0 0x000000026e3af5c0 0 1 0 0 1 3 1 7637 472
0x0000723b3d920640 0x000000026e3af640 0 0 1 0 1 3 1 7637 464
0x0000723b3d9206c0 0x000000026e3af6c0 0 0 1 0 1 3 1 7637 472
0x0000723b3d920740 0x000000026e3af740 0 1 1 0 1 3 1 7637 464
0x0000723b3d9207c0 0x000000026e3af7c0 0 1 1 0 1 3 1 7637 472
0x0000723b3d920840 0x000000026e3af840 0 0 0 0 1 3 1 7637 480
0x0000723b3d9208c0 0x000000026e3af8c0 0 0 0 0 1 3 1 7637 488
0x0000723b3d920940 0x000000026e3af940 0 1 0 0 1 3 1 7637 480
0x0000723b3d9209c0 0x000000026e3af9c0 0 1 0 0 1 3 1 7637 488
0x0000723b3d920a40 0x000000026e3afa40 0 0 1 0 1 3 1 7637 480
0x0000723b3d920ac0 0x000000026e3afac0 0 0 1 0 1 3 1 7637 488
0x0000723b3d920b40 0x000000026e3afb40 0 1 1 0 1 3 1 7637 480
0x0000723b3d920bc0 0x000000026e3afbc0 0 1 1 0 1 3 1 7637 488
0x0000723b3d920c40 0x000000026e3afc40 0 0 0 0 1 3 1 7637 496
0x0000723b3d920cc0 0x000000026e3afcc0 0 0 0 0 1 3 1 7637 504
0x0000723b3d920d40 0x000000026e3afd40 0 1 0 0 1 3 1 7637 496
0x0000723b3d920dc0 0x000000026e3afdc0 0 1 0 0 1 3 1 7637 504
0x0000723b3d920e40 0x000000026e3afe40 0 0 1 0 1 3 1 7637 496
0x0000723b3d920ec0 0x000000026e3afec0 0 0 1 0 1 3 1 7637 504
0x0000723b3d920f40 0x000000026e3aff40 0 1 1 0 1 3 1 7637 496
0x0000723b3d920fc0 0x000000026e3affc0 0 1 1 0 1 3 1 7637 504
0x0000723b3d945040 0x0000000bfab5d040 0 0 0 0 1 3 1 48970 832
0x0000723b3d9450c0 0x0000000bfab5d0c0 0 0 0 0 1 3 1 48970 840
0x0000723b3d945140 0x0000000bfab5d140 0 1 0 0 1 3 1 48970 832
0x0000723b3d9451c0 0x0000000bfab5d1c0 0 1 0 0 1 3 1 48970 840
0x0000723b3d945240 0x0000000bfab5d240 0 0 1 0 1 3 1 48970 832
0x0000723b3d9452c0 0x0000000bfab5d2c0 0 0 1 0 1 3 1 48970 840
0x0000723b3d945340 0x0000000bfab5d340 0 1 1 0 1 3 1 48970 832
0x0000723b3d9453c0 0x0000000bfab5d3c0 0 1 1 0 1 3 1 48970 840
0x0000723b3d945440 0x0000000bfab5d440 0 0 0 0 1 3 1 48970 848
0x0000723b3d9454c0 0x0000000bfab5d4c0 0 0 0 0 1 3 1 48970 856
0x0000723b3d945540 0x0000000bfab5d540 0 1 0 0 1 3 1 48970 848
0x0000723b3d9455c0 0x0000000bfab5d5c0 0 1 0 0 1 3 1 48970 856
0x0000723b3d945640 0x0000000bfab5d640 0 0 1 0 1 3 1 48970 848
0x0000723b3d9456c0 0x0000000bfab5d6c0 0 0 1 0 1 3 1 48970 856
0x0000723b3d945740 0x0000000bfab5d740 0 1 1 0 1 3 1 48970 848
0x0000723b3d9457c0 0x0000000bfab5d7c0 0 1 1 0 1 3 1 48970 856
0x0000723b3d945840 0x0000000bfab5d840 0 0 0 0 1 3 1 48970 864
0x0000723b3d9458c0 0x0000000bfab5d8c0 0 0 0 0 1 3 1 48970 872
0x0000723b3d945940 0x0000000bfab5d940 0 1 0 0 1 3 1 48970 864
0x0000723b3d9459c0 0x0000000bfab5d9c0 0 1 0 0 1 3 1 48970 872
0x0000723b3d945a40 0x0000000bfab5da40 0 0 1 0 1 3 1 48970 864
0x0000723b3d945ac0 0x0000000bfab5dac0 0 0 1 0 1 3 1 48970 872
0x0000723b3d945b40 0x0000000bfab5db40 0 1 1 0 1 3 1 48970 864
0x0000723b3d945bc0 0x0000000bfab5dbc0 0 1 1 0 1 3 1 48970 872
0x0000723b3d945c40 0x0000000bfab5dc40 0 0 0 0 1 3 1 48970 880
0x0000723b3d945cc0 0x0000000bfab5dcc0 0 0 0 0 1 3 1 48970 888
0x0000723b3d945d40 0x0000000bfab5dd40 0 1 0 0 1 3 1 48970 880
0x0000723b3d945dc0 0x0000000bfab5ddc0 0 1 0 0 1 3 1 48970 888
0x0000723b3d945e40 0x0000000bfab5de40 0 0 1 0 1 3 1 48970 880
0x0000723b3d945ec0 0x0000000bfab5dec0 0 0 1 0 1 3 1 48970 888
0x0000723b3d945f40 0x0000000bfab5df40 0 1 1 0 1 3 1 48970 880
0x0000723b3d945fc0 0x0000000bfab5dfc0 0 1 1 0 1 3 1 48970 888
0x0000723b3d94e040 0x00000009fdba5040 0 0 0 0 0 3 1 40877 320
0x0000723b3d94e0c0 0x00000009fdba50c0 0 0 0 0 0 3 1 40877 328
0x0000723b3d94e140 0x00000009fdba5140 0 1 0 0 0 3 1 40877 320
0x0000723b3d94e1c0 0x00000009fdba51c0 0 1 0 0 0 3 1 40877 328
0x0000723b3d94e240 0x00000009fdba5240 0 0 1 0 0 3 1 40877 320
0x0000723b3d94e2c0 0x00000009fdba52c0 0 0 1 0 0 3 1 40877 328
0x0000723b3d94e340 0x00000009fdba5340 0 1 1 0 0 3 1 40877 320
0x0000723b3d94e3c0 0x00000009fdba53c0 0 1 1 0 0 3 1 40877 328
0x0000723b3d94e440 0x00000009fdba5440 0 0 0 0 0 3 1 40877 336
0x0000723b3d94e4c0 0x00000009fdba54c0 0 0 0 0 0 3 1 40877 344
0x0000723b3d94e540 0x00000009fdba5540 0 1 0 0 0 3 1 40877 336
0x0000723b3d94e5c0 0x00000009fdba55c0 0 1 0 0 0 3 1 40877 344
0x0000723b3d94e640 0x00000009fdba5640 0 0 1 0 0 3 1 40877 336
0x0000723b3d94e6c0 0x00000009fdba56c0 0 0 1 0 0 3 1 40877 344
0x0000723b3d94e740 0x00000009fdba5740 0 1 1 0 0 3 1 40877 336
0x0000723b3d94e7c0 0x00000009fdba57c0 0 1 1 0 0 3 1 40877 344
0x0000723b3d94e840 0x00000009fdba5840 0 0 0 0 0 3 1 40877 352
0x0000723b3d94e8c0 0x00000009fdba58c0 0 0 0 0 0 3 1 40877 360
0x0000723b3d94e940 0x00000009fdba5940 0 1 0 0 0 3 1 40877 352
0x0000723b3d94e9c0 0x00000009fdba59c0 0 1 0 0 0 3 1 40877 360
0x0000723b3d94ea40 0x00000009fdba5a40 0 0 1 0 0 3 1 40877 352
0x0000723b3d94eac0 0x00000009fdba5ac0 0 0 1 0 0 3 1 40877 360
0x0000723b3d94eb40 0x00000009fdba5b40 0 1 1 0 0 3 1 40877 352
0x0000723b3d94ebc0 0x00000009fdba5bc0 0 1 1 0 0 3 1 40877 360
0x0000723b3d94ec40 0x00000009fdba5c40 0 0 0 0 0 3 1 40877 368
0x0000723b3d94ecc0 0x00000009fdba5cc0 0 0 0 0 0 3 1 40877 376
0x0000723b3d94ed40 0x00000009fdba5d40 0 1 0 0 0 3 1 40877 368
0x0000723b3d94edc0 0x00000009fdba5dc0 0 1 0 0 0 3 1 40877 376
0x0000723b3d94ee40 0x00000009fdba5e40 0 0 1 0 0 3 1 40877 368
0x0000723b3d94eec0 0x00000009fdba5ec0 0 0 1 0 0 3 1 40877 376
0x0000723b3d94ef40 0x00000009fdba5f40 0 1 1 0 0 3 1 40877 368
0x0000723b3d94efc0 0x00000009fdba5fc0 0 1 1 0 0 3 1 40877 376
0x0000723b3d950040 0x0000000d093be040 0 0 0 0 1 3 1 49461 896
0x0000723b3d9500c0 0x0000000d093be0c0 0 0 0 0 1 3 1 49461 904
0x0000723b3d950140 0x0000000d093be140 0 1 0 0 1 3 1 49461 896
0x0000723b3d9501c0 0x0000000d093be1c0 0 1 0 0 1 3 1 49461 904
0x0000723b3d950240 0x0000000d093be240 0 0 1 0 1 3 1 49461 896
0x0000723b3d9502c0 0x0000000d093be2c0 0 0 1 0 1 3 1 49461 904
0x0000723b3d950340 0x0000000d093be340 0 1 1 0 1 3 1 49461 896
0x0000723b3d9503c0 0x0000000d093be3c0 0 1 1 0 1 3 1 49461 904
0x0000723b3d950440 0x0000000d093be440 0 0 0 0 1 3 1 49461 912
0x0000723b3d9504c0 0x0000000d093be4c0 0 0 0 0 1 3 1 49461 920
0x0000723b3d950540 0x0000000d093be540 0 1 0 0 1 3 1 49461 912
0x0000723b3d9505c0 0x0000000d093be5c0 0 1 0 0 1 3 1 49461 920
0x0000723b3d950640 0x0000000d093be640 0 0 1 0 1 3 1 49461 912
0x0000723b3d9506c0 0x0000000d093be6c0 0 0 1 0 1 3 1 49461 920
0x0000723b3d950740 0x0000000d093be740 0 1 1 0 1 3 1 49461 912
0x0000723b3d9507c0 0x0000000d093be7c0 0 1 1 0 1 3 1 49461 920
0x0000723b3d950840 0x0000000d093be840 0 0 0 0 1 3 1 49461 928
0x0000723b3d9508c0 0x0000000d093be8c0 0 0 0 0 1 3 1 49461 936
0x0000723b3d950940 0x0000000d093be940 0 1 0 0 1 3 1 49461 928
0x0000723b3d9509c0 0x0000000d093be9c0 0 1 0 0 1 3 1 49461 936
0x0000723b3d950a40 0x0000000d093bea40 0 0 1 0 1 3 1 49461 928
0x0000723b3d950ac0 0x0000000d093beac0 0 0 1 0 1 3 1 49461 936
0x0000723b3d950b40 0x0000000d093beb40 0 1 1 0 1 3 1 49461 928
0x0000723b3d950bc0 0x0000000d093bebc0 0 1 1 0 1 3 1 49461 936
0x0000723b3d950c40 0x0000000d093bec40 0 0 0 0 1 3 1 49461 944
0x0000723b3d950cc0 0x0000000d093becc0 0 0 0 0 1 3 1 49461 952
0x0000723b3d950d40 0x0000000d093bed40 0 1 0 0 1 3 1 49461 944
0x0000723b3d950dc0 0x0000000d093bedc0 0 1 0 0 1 3 1 49461 952
0x0000723b3d950e40 0x0000000d093bee40 0 0 1 0 1 3 1 49461 944
0x0000723b3d950ec0 0x0000000d093beec0 0 0 1 0 1 3 1 49461 952
0x0000723b3d950f40 0x0000000d093bef40 0 1 1 0 1 3 1 49461 944
0x0000723b3d950fc0 0x0000000d093befc0 0 1 1 0 1 3 1 49461 952
0x0000723b3d952040 0x0000000af6bf7040 0 0 0 0 0 3 1 44751 960
0x0000723b3d9520c0 0x0000000af6bf70c0 0 0 0 0 0 3 1 44751 968
0x0000723b3d952140 0x0000000af6bf7140 0 1 0 0 0 3 1 44751 960
0x0000723b3d9521c0 0x0000000af6bf71c0 0 1 0 0 0 3 1 44751 968
0x0000723b3d952240 0x0000000af6bf7240 0 0 1 0 0 3 1 44751 960
0x0000723b3d9522c0 0x0000000af6bf72c0 0 0 1 0 0 3 1 44751 968
0x0000723b3d952340 0x0000000af6bf7340 0 1 1 0 0 3 1 44751 960
0x0000723b3d9523c0 0x0000000af6bf73c0 0 1 1 0 0 3 1 44751 968
0x0000723b3d952440 0x0000000af6bf7440 0 0 0 0 0 3 1 44751 976
0x0000723b3d9524c0 0x0000000af6bf74c0 0 0 0 0 0 3 1 44751 984
0x0000723b3d952540 0x0000000af6bf7540 0 1 0 0 0 3 1 44751 976
0x0000723b3d9525c0 0x0000000af6bf75c0 0 1 0 0 0 3 1 44751 984
0x0000723b3d952640 0x0000000af6bf7640 0 0 1 0 0 3 1 44751 976
0x0000723b3d9526c0 0x0000000af6bf76c0 0 0 1 0 0 3 1 44751 984
0x0000723b3d952740 0x0000000af6bf7740 0 1 1 0 0 3 1 44751 976
0x0000723b3d9527c0 0x0000000af6bf77c0 0 1 1 0 0 3 1 44751 984
0x0000723b3d952840 0x0000000af6bf7840 0 0 0 0 0 3 1 44751 992
0x0000723b3d9528c0 0x0000000af6bf78c0 0 0 0 0 0 3 1 44751 1000
0x0000723b3d952940 0x0000000af6bf7940 0 1 0 0 0 3 1 44751 992
0x0000723b3d9529c0 0x0000000af6bf79c0 0 1 0 0 0 3 1 44751 1000
0x0000723b3d952a40 0x0000000af6bf7a40 0 0 1 0 0 3 1 44751 992
0x0000723b3d952ac0 0x0000000af6bf7ac0 0 0 1 0 0 3 1 44751 1000
0x0000723b3d952b40 0x0000000af6bf7b40 0 1 1 0 0 3 1 44751 992
0x0000723b3d952bc0 0x0000000af6bf7bc0 0 1 1 0 0 3 1 44751 1000
0x0000723b3d952c40 0x0000000af6bf7c40 0 0 0 0 0 3 1 44751 1008
0x0000723b3d952cc0 0x0000000af6bf7cc0 0 0 0 0 0 3 1 44751 1016
0x0000723b3d952d40 0x0000000af6bf7d40 0 1 0 0 0 3 1 44751 1008
0x0000723b3d952dc0 0x0000000af6bf7dc0 0 1 0 0 0 3 1 44751 1016
0x0000723b3d952e40 0x0000000af6bf7e40 0 0 1 0 0 3 1 44751 1008
0x0000723b3d952ec0 0x0000000af6bf7ec0 0 0 1 0 0 3 1 44751 1016
0x0000723b3d952f40 0x0000000af6bf7f40 0 1 1 0 0 3 1 44751 1008
0x0000723b3d952fc0 0x0000000af6bf7fc0 0 1 1 0 0 3 1 44751 1016
0x0000723b3d953040 0x0000000724376040 0 0 0 0 0 3 1 25747 896
0x0000723b3d9530c0 0x00000007243760c0 0 0 0 0 0 3 1 25747 904
0x0000723b3d953140 0x0000000724376140 0 1 0 0 0 3 1 25747 896
0x0000723b3d9531c0 0x00000007243761c0 0 1 0 0 0 3 1 25747 904
0x0000723b3d953240 0x0000000724376240 0 0 1 0 0 3 1 25747 896
0x0000723b3d9532c0 0x00000007243762c0 0 0 1 0 0 3 1 25747 904
0x0000723b3d953340 0x0000000724376340 0 1 1 0 0 3 1 25747 896
0x0000723b3d9533c0 0x00000007243763c0 0 1 1 0 0 3 1 25747 904
0x0000723b3d953440 0x0000000724376440 0 0 0 0 0 3 1 25747 912
0x0000723b3d9534c0 0x00000007243764c0 0 0 0 0 0 3 1 25747 920
0x0000723b3d953540 0x0000000724376540 0 1 0 0 0 3 1 25747 912
0x0000723b3d9535c0 0x00000007243765c0 0 1 0 0 0 3 1 25747 920
0x0000723b3d953640 0x0000000724376640 0 0 1 0 0 3 1 25747 912
0x0000723b3d9536c0 0x00000007243766c0 0 0 1 0 0 3 1 25747 920
0x0000723b3d953740 0x0000000724376740 0 1 1 0 0 3 1 25747 912
0x0000723b3d9537c0 0x00000007243767c0 0 1 1 0 0 3 1 25747 920
0x0000723b3d953840 0x0000000724376840 0 0 0 0 0 3 1 25747 928
0x0000723b3d9538c0 0x00000007243768c0 0 0 0 0 0 3 1 25747 936
0x0000723b3d953940 0x0000000724376940 0 1 0 0 0 3 1 25747 928
0x0000723b3d9539c0 0x00000007243769c0 0 1 0 0 0 3 1 25747 936
0x0000723b3d953a40 0x0000000724376a40 0 0 1 0 0 3 1 25747 928
0x0000723b3d953ac0 0x0000000724376ac0 0 0 1 0 0 3 1 25747 936
0x0000723b3d953b40 0x0000000724376b40 0 1 1 0 0 3 1 25747 928
0x0000723b3d953bc0 0x0000000724376bc0 0 1 1 0 0 3 1 25747 936
0x0000723b3d953c40 0x0000000724376c40 0 0 0 0 0 3 1 25747 944
0x0000723b3d953cc0 0x0000000724376cc0 0 0 0 0 0 3 1 25747 952
0x0000723b3d953d40 0x0000000724376d40 0 1 0 0 0 3 1 25747 944
0x0000723b3d953dc0 0x0000000724376dc0 0 1 0 0 0 3 1 25747 952
0x0000723b3d953e40 0x0000000724376e40 0 0 1 0 0 3 1 25747 944
0x0000723b3d953ec0 0x0000000724376ec0 0 0 1 0 0 3 1 25747 952
0x0000723b3d953f40 0x0000000724376f40 0 1 1 0 0 3 1 25747 944
0x0000723b3d953fc0 0x0000000724376fc0 0 1 1 0 0 3 1 25747 952
0x0000723b3d955040 0x00000006c0bc9040 0 0 0 0 1 3 1 26638 64
0x0000723b3d9550c0 0x00000006c0bc90c0 0 0 0 0 1 3 1 26638 72
0x0000723b3d955140 0x00000006c0bc9140 0 1 0 0 1 3 1 26638 64
0x0000723b3d9551c0 0x00000006c0bc91c0 0 1 0 0 1 3 1 26638 72
0x0000723b3d955240 0x00000006c0bc9240 0 0 1 0 1 3 1 26638 64
0x0000723b3d9552c0 0x00000006c0bc92c0 0 0 1 0 1 3 1 26638 72
0x0000723b3d955340 0x00000006c0bc9340 0 1 1 0 1 3 1 26638 64
0x0000723b3d9553c0 0x00000006c0bc93c0 0 1 1 0 1 3 1 26638 72
0x0000723b3d955440 0x00000006c0bc9440 0 0 0 0 1 3 1 26638 80
0x0000723b3d9554c0 0x00000006c0bc94c0 0 0 0 0 1 3 1 26638 88
0x0000723b3d955540 0x00000006c0bc9540 0 1 0 0 1 3 1 26638 80
0x0000723b3d9555c0 0x00000006c0bc95c0 0 1 0 0 1 3 1 26638 88
0x0000723b3d955640 0x00000006c0bc9640 0 0 1 0 1 3 1 26638 80
0x0000723b3d9556c0 0x00000006c0bc96c0 0 0 1 0 1 3 1 26638 88
0x0000723b3d955740 0x00000006c0bc9740 0 1 1 0 1 3 1 26638 80
0x0000723b3d9557c0 0x00000006c0bc97c0 0 1 1 0 1 3 1 26638 88
0x0000723b3d955840 0x00000006c0bc9840 0 0 0 0 1 3 1 26638 96
0x0000723b3d9558c0 0x00000006c0bc98c0 0 0 0 0 1 3 1 26638 104
0x0000723b3d955940 0x00000006c0bc9940 0 1 0 0 1 3 1 26638 96
0x0000723b3d9559c0 0x00000006c0bc99c0 0 1 0 0 1 3 1 26638 104
0x0000723b3d955a40 0x00000006c0bc9a40 0 0 1 0 1 3 1 26638 96
0x0000723b3d955ac0 0x00000006c0bc9ac0 0 0 1 0 1 3 1 26638 104
0x0000723b3d955b40 0x00000006c0bc9b40 0 1 1 0 1 3 1 26638 96
0x0000723b3d955bc0 0x00000006c0bc9bc0 0 1 1 0 1 3 1 26638 104
0x0000723b3d955c40 0x00000006c0bc9c40 0 0 0 0 1 3 1 26638 112
0x0000723b3d955cc0 0x00000006c0bc9cc0 0 0 0 0 1 3 1 26638 120
0x0000723b3d955d40 0x00000006c0bc9d40 0 1 0 0 1 3 1 26638 112
0x0000723b3d955dc0 0x00000006c0bc9dc0 0 1 0 0 1 3 1 26638 120
0x0000723b3d955e40 0x00000006c0bc9e40 0 0 1 0 1 3 1 26638 112
0x0000723b3d955ec0 0x00000006c0bc9ec0 0 0 1 0 1 3 1 26638 120
0x0000723b3d955f40 0x00000006c0bc9f40 0 1 1 0 1 3 1 26638 112
0x0000723b3d955fc0 0x00000006c0bc9fc0 0 1 1 0 1 3 1 26638 120
0x0000723b3d969040 0x0000000153b91040 0 0 0 0 0 3 1 2684 576
0x0000723b3d9690c0 0x0000000153b910c0 0 0 0 0 0 3 1 2684 584
0x0000723b3d969140 0x0000000153b91140 0 1 0 0 0 3 1 2684 576
0x0000723b3d9691c0 0x0000000153b911c0 0 1 0 0 0 3 1 2684 584
0x0000723b3d969240 0x0000000153b91240 0 0 1 0 0 3 1 2684 576
0x0000723b3d9692c0 0x0000000153b912c0 0 0 1 0 0 3 1 2684 584
0x0000723b3d969340 0x0000000153b91340 0 1 1 0 0 3 1 2684 576
0x0000723b3d9693c0 0x0000000153b913c0 0 1 1 0 0 3 1 2684 584
0x0000723b3d969440 0x0000000153b91440 0 0 0 0 0 3 1 2684 592
0x0000723b3d9694c0 0x0000000153b914c0 0 0 0 0 0 3 1 2684 600
0x0000723b3d969540 0x0000000153b91540 0 1 0 0 0 3 1 2684 592
0x0000723b3d9695c0 0x0000000153b915c0 0 1 0 0 0 3 1 2684 600
0x0000723b3d969640 0x0000000153b91640 0 0 1 0 0 3 1 2684 592
0x0000723b3d9696c0 0x0000000153b916c0 0 0 1 0 0 3 1 2684 600
0x0000723b3d969740 0x0000000153b91740 0 1 1 0 0 3 1 2684 592
0x0000723b3d9697c0 0x0000000153b917c0 0 1 1 0 0 3 1 2684 600
0x0000723b3d969840 0x0000000153b91840 0 0 0 0 0 3 1 2684 608
0x0000723b3d9698c0 0x0000000153b918c0 0 0 0 0 0 3 1 2684 616
0x0000723b3d969940 0x0000000153b91940 0 1 0 0 0 3 1 2684 608
0x0000723b3d9699c0 0x0000000153b919c0 0 1 0 0 0 3 1 2684 616
0x0000723b3d969a40 0x0000000153b91a40 0 0 1 0 0 3 1 2684 608
0x0000723b3d969ac0 0x0000000153b91ac0 0 0 1 0 0 3 1 2684 616
0x0000723b3d969b40 0x0000000153b91b40 0 1 1 0 0 3 1 2684 608
0x0000723b3d969bc0 0x0000000153b91bc0 0 1 1 0 0 3 1 2684 616
0x0000723b3d969c40 0x0000000153b91c40 0 0 0 0 0 3 1 2684 624
0x0000723b3d969cc0 0x0000000153b91cc0 0 0 0 0 0 3 1 2684 632
0x0000723b3d969d40 0x0000000153b91d40 0 1 0 0 0 3 1 2684 624
0x0000723b3d969dc0 0x0000000153b91dc0 0 1 0 0 0 3 1 2684 632
0x0000723b3d969e40 0x0000000153b91e40 0 0 1 0 0 3 1 2684 624
0x0000723b3d969ec0 0x0000000153b91ec0 0 0 1 0 0 3 1 2684 632
0x0000723b3d969f40 0x0000000153b91f40 0 1 1 0 0 3 1 2684 624
0x0000723b3d969fc0 0x0000000153b91fc0 0 1 1 0 0 3 1 2684 632
0x0000723b3d96c040 0x00000001c1bce040 0 0 0 0 1 3 1 6190 384
0x0000723b3d96c0c0 0x00000001c1bce0c0 0 0 0 0 1 3 1 6190 392
0x0000723b3d96c140 0x00000001c1bce140 0 1 0 0 1 3 1 6190 384
0x0000723b3d96c1c0 0x00000001c1bce1c0 0 1 0 0 1 3 1 6190 392
0x0000723b3d96c240 0x00000001c1bce240 0 0 1 0 1 3 1 6190 384
0x0000723b3d96c2c0 0x00000001c1bce2c0 0 0 1 0 1 3 1 6190 392
0x0000723b3d96c340 0x00000001c1bce340 0 1 1 0 1 3 1 6190 384
0x0000723b3d96c3c0 0x00000001c1bce3c0 0 1 1 0 1 3 1 6190 392
0x0000723b3d96c440 0x00000001c1bce440 0 0 0 0 1 3 1 6190 400
0x0000723b3d96c4c0 0x00000001c1bce4c0 0 0 0 0 1 3 1 6190 408
0x0000723b3d96c540 0x00000001c1bce540 0 1 0 0 1 3 1 6190 400
0x0000723b3d96c5c0 0x00000001c1bce5c0 0 1 0 0 1 3 1 6190 408
0x0000723b3d96c640 0x00000001c1bce640 0 0 1 0 1 3 1 6190 400
0x0000723b3d96c6c0 0x00000001c1bce6c0 0 0 1 0 1 3 1 6190 408
0x0000723b3d96c740 0x00000001c1bce740 0 1 1 0 1 3 1 6190 400
0x0000723b3d96c7c0 0x00000001c1bce7c0 0 1 1 0 1 3 1 6190 408
0x0000723b3d96c840 0x00000001c1bce840 0 0 0 0 1 3 1 6190 416
0x0000723b3d96c8c0 0x00000001c1bce8c0 0 0 0 0 1 3 1 6190 424
0x0000723b3d96c940 0x00000001c1bce940 0 1 0 0 1 3 1 6190 416
0x0000723b3d96c9c0 0x00000001c1bce9c0 0 1 0 0 1 3 1 6190 424
0x0000723b3d96ca40 0x00000001c1bcea40 0 0 1 0 1 3 1 6190 416
0x0000723b3d96cac0 0x00000001c1bceac0 0 0 1 0 1 3 1 6190 424
0x0000723b3d96cb40 0x00000001c1bceb40 0 1 1 0 1 3 1 6190 416
0x0000723b3d96cbc0 0x00000001c1bcebc0 0 1 1 0 1 3 1 6190 424
0x0000723b3d96cc40 0x00000001c1bcec40 0 0 0 0 1 3 1 6190 432
0x0000723b3d96ccc0 0x00000001c1bcecc0 0 0 0 0 1 3 1 6190 440
0x0000723b3d96cd40 0x00000001c1bced40 0 1 0 0 1 3 1 6190 432
0x0000723b3d96cdc0 0x00000001c1bcedc0 0 1 0 0 1 3 1 6190 440
0x0000723b3d96ce40 0x00000001c1bcee40 0 0 1 0 1 3 1 6190 432
0x0000723b3d96cec0 0x00000001c1bceec0 0 0 1 0 1 3 1 6190 440
0x0000723b3d96cf40 0x00000001c1bcef40 0 1 1 0 1 3 1 6190 432
0x0000723b3d96cfc0 0x00000001c1bcefc0 0 1 1 0 1 3 1 6190 440
0x0000723b3d970040 0x0000000bebb42040 0 0 0 0 0 3 1 48490 128
0x0000723b3d9700c0 0x0000000bebb420c0 0 0 0 0 0 3 1 48490 136
0x0000723b3d970140 0x0000000bebb42140 0 1 0 0 0 3 1 48490 128
0x0000723b3d9701c0 0x0000000bebb421c0 0 1 0 0 0 3 1 48490 136
0x0000723b3d970240 0x0000000bebb42240 0 0 1 0 0 3 1 48490 128
0x0000723b3d9702c0 0x0000000bebb422c0 0 0 1 0 0 3 1 48490 136
0x0000723b3d970340 0x0000000bebb42340 0 1 1 0 0 3 1 48490 128
0x0000723b3d9703c0 0x0000000bebb423c0 0 1 1 0 0 3 1 48490 136
0x0000723b3d970440 0x0000000bebb42440 0 0 0 0 0 3 1 48490 144
0x0000723b3d9704c0 0x0000000bebb424c0 0 0 0 0 0 3 1 48490 152
0x0000723b3d970540 0x0000000bebb42540 0 1 0 0 0 3 1 48490 144
0x0000723b3d9705c0 0x0000000bebb425c0 0 1 0 0 0 3 1 48490 152
0x0000723b3d970640 0x0000000bebb42640 0 0 1 0 0 3 1 48490 144
0x0000723b3d9706c0 0x0000000bebb426c0 0 0 1 0 0 3 1 48490 152
0x0000723b3d970740 0x0000000bebb42740 0 1 1 0 0 3 1 48490 144
0x0000723b3d9707c0 0x0000000bebb427c0 0 1 1 0 0 3 1 48490 152
0x0000723b3d970840 0x0000000bebb42840 0 0 0 0 0 3 1 48490 160
0x0000723b3d9708c0 0x0000000bebb428c0 0 0 0 0 0 3 1 48490 168
0x0000723b3d970940 0x0000000bebb42940 0 1 0 0 0 3 1 48490 160
0x0000723b3d9709c0 0x0000000bebb429c0 0 1 0 0 0 3 1 48490 168
0x0000723b3d970a40 0x0000000bebb42a40 0 0 1 0 0 3 1 48490 160
0x0000723b3d970ac0 0x0000000bebb42ac0 0 0 1 0 0 3 1 48490 168
0x0000723b3d970b40 0x0000000bebb42b40 0 1 1 0 0 3 1 48490 160
0x0000723b3d970bc0 0x0000000bebb42bc0 0 1 1 0 0 3 1 48490 168
0x0000723b3d970c40 0x0000000bebb42c40 0 0 0 0 0 3 1 48490 176
0x0000723b3d970cc0 0x0000000bebb42cc0 0 0 0 0 0 3 1 48490 184
0x0000723b3d970d40 0x0000000bebb42d40 0 1 0 0 0 3 1 48490 176
0x0000723b3d970dc0 0x0000000bebb42dc0 0 1 0 0 0 3 1 48490 184
0x0000723b3d970e40 0x0000000bebb42e40 0 0 1 0 0 3 1 48490 176
0x0000723b3d970ec0 0x0000000bebb42ec0 0 0 1 0 0 3 1 48490 184
0x0000723b3d970f40 0x0000000bebb42f40 0 1 1 0 0 3 1 48490 176
0x0000723b3d970fc0 0x0000000bebb42fc0 0 1 1 0 0 3 1 48490 184
0x0000723b3d971040 0x0000000b213eb040 0 0 0 0 1 3 1 42039 192
0x0000723b3d9710c0 0x0000000b213eb0c0 0 0 0 0 1 3 1 42039 200
0x0000723b3d971140 0x0000000b213eb140 0 1 0 0 1 3 1 42039 192
0x0000723b3d9711c0 0x0000000b213eb1c0 0 1 0 0 1 3 1 42039 200
0x0000723b3d971240 0x0000000b213eb240 0 0 1 0 1 3 1 42039 192
0x0000723b3d9712c0 0x0000000b213eb2c0 0 0 1 0 1 3 1 42039 200
0x0000723b3d971340 0x0000000b213eb340 0 1 1 0 1 3 1 42039 192
0x0000723b3d9713c0 0x0000000b213eb3c0 0 1 1 0 1 3 1 42039 200
0x0000723b3d971440 0x0000000b213eb440 0 0 0 0 1 3 1 42039 208
0x0000723b3d9714c0 0x0000000b213eb4c0 0 0 0 0 1 3 1 42039 216
0x0000723b3d971540 0x0000000b213eb540 0 1 0 0 1 3 1 42039 208
0x0000723b3d9715c0 0x0000000b213eb5c0 0 1 0 0 1 3 1 42039 216
0x0000723b3d971640 0x0000000b213eb640 0 0 1 0 1 3 1 42039 208
0x0000723b3d9716c0 0x0000000b213eb6c0 0 0 1 0 1 3 1 42039 216
0x0000723b3d971740 0x0000000b213eb740 0 1 1 0 1 3 1 42039 208
0x0000723b3d9717c0 0x0000000b213eb7c0 0 1 1 0 1 3 1 42039 216
0x0000723b3d971840 0x0000000b213eb840 0 0 0 0 1 3 1 42039 224
0x0000723b3d9718c0 0x0000000b213eb8c0 0 0 0 0 1 3 1 42039 232
0x0000723b3d971940 0x0000000b213eb940 0 1 0 0 1 3 1 42039 224
0x0000723b3d9719c0 0x0000000b213eb9c0 0 1 0 0 1 3 1 42039 232
0x0000723b3d971a40 0x0000000b213eba40 0 0 1 0 1 3 1 42039 224
0x0000723b3d971ac0 0x0000000b213ebac0 0 0 1 0 1 3 1 42039 232
0x0000723b3d971b40 0x0000000b213ebb40 0 1 1 0 1 3 1 42039 224
0x0000723b3d971bc0 0x0000000b213ebbc0 0 1 1 0 1 3 1 42039 232
0x0000723b3d971c40 0x0000000b213ebc40 0 0 0 0 1 3 1 42039 240
0x0000723b3d971cc0 0x0000000b213ebcc0 0 0 0 0 1 3 1 42039 248
0x0000723b3d971d40 0x0000000b213ebd40 0 1 0 0 1 3 1 42039 240
0x0000723b3d971dc0 0x0000000b213ebdc0 0 1 0 0 1 3 1 42039 248
0x0000723b3d971e40 0x0000000b213ebe40 0 0 1 0 1 3 1 42039 240
0x0000723b3d971ec0 0x0000000b213ebec0 0 0 1 0 1 3 1 42039 248
0x0000723b3d971f40 0x0000000b213ebf40 0 1 1 0 1 3 1 42039 240
0x0000723b3d971fc0 0x0000000b213ebfc0 0 1 1 0 1 3 1 42039 248
0x0000723b3d974040 0x0000000a8eb46040 0 0 0 0 0 3 1 41418 384
0x0000723b3d9740c0 0x0000000a8eb460c0 0 0 0 0 0 3 1 41418 392
0x0000723b3d974140 0x0000000a8eb46140 0 1 0 0 0 3 1 41418 384
0x0000723b3d9741c0 0x0000000a8eb461c0 0 1 0 0 0 3 1 41418 392
0x0000723b3d974240 0x0000000a8eb46240 0 0 1 0 0 3 1 41418 384
0x0000723b3d9742c0 0x0000000a8eb462c0 0 0 1 0 0 3 1 41418 392
0x0000723b3d974340 0x0000000a8eb46340 0 1 1 0 0 3 1 41418 384
0x0000723b3d9743c0 0x0000000a8eb463c0 0 1 1 0 0 3 1 41418 392
0x0000723b3d974440 0x0000000a8eb46440 0 0 0 0 0 3 1 41418 400
0x0000723b3d9744c0 0x0000000a8eb464c0 0 0 0 0 0 3 1 41418 408
0x0000723b3d974540 0x0000000a8eb46540 0 1 0 0 0 3 1 41418 400
0x0000723b3d9745c0 0x0000000a8eb465c0 0 1 0 0 0 3 1 41418 408
0x0000723b3d974640 0x0000000a8eb46640 0 0 1 0 0 3 1 41418 400
0x0000723b3d9746c0 0x0000000a8eb466c0 0 0 1 0 0 3 1 41418 408
0x0000723b3d974740 0x0000000a8eb46740 0 1 1 0 0 3 1 41418 400
0x0000723b3d9747c0 0x0000000a8eb467c0 0 1 1 0 0 3 1 41418 408
0x0000723b3d974840 0x0000000a8eb46840 0 0 0 0 0 3 1 41418 416
0x0000723b3d9748c0 0x0000000a8eb468c0 0 0 0 0 0 3 1 41418 424
0x0000723b3d974940 0x0000000a8eb46940 0 1 0 0 0 3 1 41418 416
0x0000723b3d9749c0 0x0000000a8eb469c0 0 1 0 0 0 3 1 41418 424
0x0000723b3d974a40 0x0000000a8eb46a40 0 0 1 0 0 3 1 41418 416
0x0000723b3d974ac0 0x0000000a8eb46ac0 0 0 1 0 0 3 1 41418 424
0x0000723b3d974b40 0x0000000a8eb46b40 0 1 1 0 0 3 1 41418 416
0x0000723b3d974bc0 0x0000000a8eb46bc0 0 1 1 0 0 3 1 41418 424
0x0000723b3d974c40 0x0000000a8eb46c40 0 0 0 0 0 3 1 41418 432
0x0000723b3d974cc0 0x0000000a8eb46cc0 0 0 0 0 0 3 1 41418 440
0x0000723b3d974d40 0x0000000a8eb46d40 0 1 0 0 0 3 1 41418 432
0x0000723b3d974dc0 0x0000000a8eb46dc0 0 1 0 0 0 3 1 41418 440
0x0000723b3d974e40 0x0000000a8eb46e40 0 0 1 0 0 3 1 41418 432
0x0000723b3d974ec0 0x0000000a8eb46ec0 0 0 1 0 0 3 1 41418 440
0x0000723b3d974f40 0x0000000a8eb46f40 0 1 1 0 0 3 1 41418 432
0x0000723b3d974fc0 0x0000000a8eb46fc0 0 1 1 0 0 3 1 41418 440
0x0000723b3d976040 0x0000000ae9b31040 0 0 0 0 0 3 1 44329 576
0x0000723b3d9760c0 0x0000000ae9b310c0 0 0 0 0 0 3 1 44329 584
0x0000723b3d976140 0x0000000ae9b31140 0 1 0 0 0 3 1 44329 576
0x0000723b3d9761c0 0x0000000ae9b311c0 0 1 0 0 0 3 1 44329 584
0x0000723b3d976240 0x0000000ae9b31240 0 0 1 0 0 3 1 44329 576
0x0000723b3d9762c0 0x0000000ae9b312c0 0 0 1 0 0 3 1 44329 584
0x0000723b3d976340 0x0000000ae9b31340 0 1 1 0 0 3 1 44329 576
0x0000723b3d9763c0 0x0000000ae9b313c0 0 1 1 0 0 3 1 44329 584
0x0000723b3d976440 0x0000000ae9b31440 0 0 0 0 0 3 1 44329 592
0x0000723b3d9764c0 0x0000000ae9b314c0 0 0 0 0 0 3 1 44329 600
0x0000723b3d976540 0x0000000ae9b31540 0 1 0 0 0 3 1 44329 592
0x0000723b3d9765c0 0x0000000ae9b315c0 0 1 0 0 0 3 1 44329 600
0x0000723b3d976640 0x0000000ae9b31640 0 0 1 0 0 3 1 44329 592
0x0000723b3d9766c0 0x0000000ae9b316c0 0 0 1 0 0 3 1 44329 600
0x0000723b3d976740 0x0000000ae9b31740 0 1 1 0 0 3 1 44329 592
0x0000723b3d9767c0 0x0000000ae9b317c0 0 1 1 0 0 3 1 44329 600
0x0000723b3d976840 0x0000000ae9b31840 0 0 0 0 0 3 1 44329 608
0x0000723b3d9768c0 0x0000000ae9b318c0 0 0 0 0 0 3 1 44329 616
0x0000723b3d976940 0x0000000ae9b31940 0 1 0 0 0 3 1 44329 608
0x0000723b3d9769c0 0x0000000ae9b319c0 0 1 0 0 0 3 1 44329 616
0x0000723b3d976a40 0x0000000ae9b31a40 0 0 1 0 0 3 1 44329 608
0x0000723b3d976ac0 0x0000000ae9b31ac0 0 0 1 0 0 3 1 44329 616
0x0000723b3d976b40 0x0000000ae9b31b40 0 1 1 0 0 3 1 44329 608
0x0000723b3d976bc0 0x0000000ae9b31bc0 0 1 1 0 0 3 1 44329 616
0x0000723b3d976c40 0x0000000ae9b31c40 0 0 0 0 0 3 1 44329 624
0x0000723b3d976cc0 0x0000000ae9b31cc0 0 0 0 0 0 3 1 44329 632
0x0000723b3d976d40 0x0000000ae9b31d40 0 1 0 0 0 3 1 44329 624
0x0000723b3d976dc0 0x0000000ae9b31dc0 0 1 0 0 0 3 1 44329 632
0x0000723b3d976e40 0x0000000ae9b31e40 0 0 1 0 0 3 1 44329 624
0x0000723b3d976ec0 0x0000000ae9b31ec0 0 0 1 0 0 3 1 44329 632
0x0000723b3d976f40 0x0000000ae9b31f40 0 1 1 0 0 3 1 44329 624
0x0000723b3d976fc0 0x0000000ae9b31fc0 0 1 1 0 0 3 1 44329 632
0x0000723b3d98e040 0x0000000de035c040 0 0 0 0 1 3 1 56322 768
0x0000723b3d98e0c0 0x0000000de035c0c0 0 0 0 0 1 3 1 56322 776
0x0000723b3d98e140 0x0000000de035c140 0 1 0 0 1 3 1 56322 768
0x0000723b3d98e1c0 0x0000000de035c1c0 0 1 0 0 1 3 1 56322 776
0x0000723b3d98e240 0x0000000de035c240 0 0 1 0 1 3 1 56322 768
0x0000723b3d98e2c0 0x0000000de035c2c0 0 0 1 0 1 3 1 56322 776
0x0000723b3d98e340 0x0000000de035c340 0 1 1 0 1 3 1 56322 768
0x0000723b3d98e3c0 0x0000000de035c3c0 0 1 1 0 1 3 1 56322 776
0x0000723b3d98e440 0x0000000de035c440 0 0 0 0 1 3 1 56322 784
0x0000723b3d98e4c0 0x0000000de035c4c0 0 0 0 0 1 3 1 56322 792
0x0000723b3d98e540 0x0000000de035c540 0 1 0 0 1 3 1 56322 784
0x0000723b3d98e5c0 0x0000000de035c5c0 0 1 0 0 1 3 1 56322 792
0x0000723b3d98e640 0x0000000de035c640 0 0 1 0 1 3 1 56322 784
0x0000723b3d98e6c0 0x0000000de035c6c0 0 0 1 0 1 3 1 56322 792
0x0000723b3d98e740 0x0000000de035c740 0 1 1 0 1 3 1 56322 784
0x0000723b3d98e7c0 0x0000000de035c7c0 0 1 1 0 1 3 1 56322 792
0x0000723b3d98e840 0x0000000de035c840 0 0 0 0 1 3 1 56322 800
0x0000723b3d98e8c0 0x0000000de035c8c0 0 0 0 0 1 3 1 56322 808
0x0000723b3d98e940 0x0000000de035c940 0 1 0 0 1 3 1 56322 800
0x0000723b3d98e9c0 0x0000000de035c9c0 0 1 0 0 1 3 1 56322 808
0x0000723b3d98ea40 0x0000000de035ca40 0 0 1 0 1 3 1 56322 800
0x0000723b3d98eac0 0x0000000de035cac0 0 0 1 0 1 3 1 56322 808
0x0000723b3d98eb40 0x0000000de035cb40 0 1 1 0 1 3 1 56322 800
0x0000723b3d98ebc0 0x0000000de035cbc0 0 1 1 0 1 3 1 56322 808
0x0000723b3d98ec40 0x0000000de035cc40 0 0 0 0 1 3 1 56322 816
0x0000723b3d98ecc0 0x0000000de035ccc0 0 0 0 0 1 3 1 56322 824
0x0000723b3d98ed40 0x0000000de035cd40 0 1 0 0 1 3 1 56322 816
0x0000723b3d98edc0 0x0000000de035cdc0 0 1 0 0 1 3 1 56322 824
0x0000723b3d98ee40 0x0000000de035ce40 0 0 1 0 1 3 1 56322 816
0x0000723b3d98eec0 0x0000000de035cec0 0 0 1 0 1 3 1 56322 824
0x0000723b3d98ef40 0x0000000de035cf40 0 1 1 0 1 3 1 56322 816
0x0000723b3d98efc0 0x0000000de035cfc0 0 1 1 0 1 3 1 56322 824
0x0000723b3d990040 0x0000000de035e040 0 0 0 0 1 3 1 56322 896
0x0000723b3d9900c0 0x0000000de035e0c0 0 0 0 0 1 3 1 56322 904
0x0000723b3d990140 0x0000000de035e140 0 1 0 0 1 3 1 56322 896
0x0000723b3d9901c0 0x0000000de035e1c0 0 1 0 0 1 3 1 56322 904
0x0000723b3d990240 0x0000000de035e240 0 0 1 0 1 3 1 56322 896
0x0000723b3d9902c0 0x0000000de035e2c0 0 0 1 0 1 3 1 56322 904
0x0000723b3d990340 0x0000000de035e340 0 1 1 0 1 3 1 56322 896
0x0000723b3d9903c0 0x0000000de035e3c0 0 1 1 0 1 3 1 56322 904
0x0000723b3d990440 0x0000000de035e440 0 0 0 0 1 3 1 56322 912
0x0000723b3d9904c0 0x0000000de035e4c0 0 0 0 0 1 3 1 56322 920
0x0000723b3d990540 0x0000000de035e540 0 1 0 0 1 3 1 56322 912
0x0000723b3d9905c0 0x0000000de035e5c0 0 1 0 0 1 3 1 56322 920
0x0000723b3d990640 0x0000000de035e640 0 0 1 0 1 3 1 56322 912
0x0000723b3d9906c0 0x0000000de035e6c0 0 0 1 0 1 3 1 56322 920
0x0000723b3d990740 0x0000000de035e740 0 1 1 0 1 3 1 56322 912
0x0000723b3d9907c0 0x0000000de035e7c0 0 1 1 0 1 3 1 56322 920
0x0000723b3d990840 0x0000000de035e840 0 0 0 0 1 3 1 56322 928
0x0000723b3d9908c0 0x0000000de035e8c0 0 0 0 0 1 3 1 56322 936
0x0000723b3d990940 0x0000000de035e940 0 1 0 0 1 3 1 56322 928
0x0000723b3d9909c0 0x0000000de035e9c0 0 1 0 0 1 3 1 56322 936
0x0000723b3d990a40 0x0000000de035ea40 0 0 1 0 1 3 1 56322 928
0x0000723b3d990ac0 0x0000000de035eac0 0 0 1 0 1 3 1 56322 936
0x0000723b3d990b40 0x0000000de035eb40 0 1 1 0 1 3 1 56322 928
0x0000723b3d990bc0 0x0000000de035ebc0 0 1 1 0 1 3 1 56322 936
0x0000723b3d990c40 0x0000000de035ec40 0 0 0 0 1 3 1 56322 944
0x0000723b3d990cc0 0x0000000de035ecc0 0 0 0 0 1 3 1 56322 952
0x0000723b3d990d40 0x0000000de035ed40 0 1 0 0 1 3 1 56322 944
0x0000723b3d990dc0 0x0000000de035edc0 0 1 0 0 1 3 1 56322 952
0x0000723b3d990e40 0x0000000de035ee40 0 0 1 0 1 3 1 56322 944
0x0000723b3d990ec0 0x0000000de035eec0 0 0 1 0 1 3 1 56322 952
0x0000723b3d990f40 0x0000000de035ef40 0 1 1 0 1 3 1 56322 944
0x0000723b3d990fc0 0x0000000de035efc0 0 1 1 0 1 3 1 56322 952
0x0000723b3d991040 0x0000000de035d040 0 0 0 0 1 3 1 56322 832
0x0000723b3d9910c0 0x0000000de035d0c0 0 0 0 0 1 3 1 56322 840
0x0000723b3d991140 0x0000000de035d140 0 1 0 0 1 3 1 56322 832
0x0000723b3d9911c0 0x0000000de035d1c0 0 1 0 0 1 3 1 56322 840
0x0000723b3d991240 0x0000000de035d240 0 0 1 0 1 3 1 56322 832
0x0000723b3d9912c0 0x0000000de035d2c0 0 0 1 0 1 3 1 56322 840
0x0000723b3d991340 0x0000000de035d340 0 1 1 0 1 3 1 56322 832
0x0000723b3d9913c0 0x0000000de035d3c0 0 1 1 0 1 3 1 56322 840
0x0000723b3d991440 0x0000000de035d440 0 0 0 0 1 3 1 56322 848
0x0000723b3d9914c0 0x0000000de035d4c0 0 0 0 0 1 3 1 56322 856
0x0000723b3d991540 0x0000000de035d540 0 1 0 0 1 3 1 56322 848
0x0000723b3d9915c0 0x0000000de035d5c0 0 1 0 0 1 3 1 56322 856
0x0000723b3d991640 0x0000000de035d640 0 0 1 0 1 3 1 56322 848
0x0000723b3d9916c0 0x0000000de035d6c0 0 0 1 0 1 3 1 56322 856
0x0000723b3d991740 0x0000000de035d740 0 1 1 0 1 3 1 56322 848
0x0000723b3d9917c0 0x0000000de035d7c0 0 1 1 0 1 3 1 56322 856
0x0000723b3d991840 0x0000000de035d840 0 0 0 0 1 3 1 56322 864
0x0000723b3d9918c0 0x0000000de035d8c0 0 0 0 0 1 3 1 56322 872
0x0000723b3d991940 0x0000000de035d940 0 1 0 0 1 3 1 56322 864
0x0000723b3d9919c0 0x0000000de035d9c0 0 1 0 0 1 3 1 56322 872
0x0000723b3d991a40 0x0000000de035da40 0 0 1 0 1 3 1 56322 864
0x0000723b3d991ac0 0x0000000de035dac0 0 0 1 0 1 3 1 56322 872
0x0000723b3d991b40 0x0000000de035db40 0 1 1 0 1 3 1 56322 864
0x0000723b3d991bc0 0x0000000de035dbc0 0 1 1 0 1 3 1 56322 872
0x0000723b3d991c40 0x0000000de035dc40 0 0 0 0 1 3 1 56322 880
0x0000723b3d991cc0 0x0000000de035dcc0 0 0 0 0 1 3 1 56322 888
0x0000723b3d991d40 0x0000000de035dd40 0 1 0 0 1 3 1 56322 880
0x0000723b3d991dc0 0x0000000de035ddc0 0 1 0 0 1 3 1 56322 888
0x0000723b3d991e40 0x0000000de035de40 0 0 1 0 1 3 1 56322 880
0x0000723b3d991ec0 0x0000000de035dec0 0 0 1 0 1 3 1 56322 888
0x0000723b3d991f40 0x0000000de035df40 0 1 1 0 1 3 1 56322 880
0x0000723b3d991fc0 0x0000000de035dfc0 0 1 1 0 1 3 1 56322 888
0x0000723b3d993040 0x0000000de035f040 0 0 0 0 1 3 1 56322 960
0x0000723b3d9930c0 0x0000000de035f0c0 0 0 0 0 1 3 1 56322 968
0x0000723b3d993140 0x0000000de035f140 0 1 0 0 1 3 1 56322 960
0x0000723b3d9931c0 0x0000000de035f1c0 0 1 0 0 1 3 1 56322 968
0x0000723b3d993240 0x0000000de035f240 0 0 1 0 1 3 1 56322 960
0x0000723b3d9932c0 0x0000000de035f2c0 0 0 1 0 1 3 1 56322 968
0x0000723b3d993340 0x0000000de035f340 0 1 1 0 1 3 1 56322 960
0x0000723b3d9933c0 0x0000000de035f3c0 0 1 1 0 1 3 1 56322 968
0x0000723b3d993440 0x0000000de035f440 0 0 0 0 1 3 1 56322 976
0x0000723b3d9934c0 0x0000000de035f4c0 0 0 0 0 1 3 1 56322 984
0x0000723b3d993540 0x0000000de035f540 0 1 0 0 1 3 1 56322 976
0x0000723b3d9935c0 0x0000000de035f5c0 0 1 0 0 1 3 1 56322 984
0x0000723b3d993640 0x0000000de035f640 0 0 1 0 1 3 1 56322 976
0x0000723b3d9936c0 0x0000000de035f6c0 0 0 1 0 1 3 1 56322 984
0x0000723b3d993740 0x0000000de035f740 0 1 1 0 1 3 1 56322 976
0x0000723b3d9937c0 0x0000000de035f7c0 0 1 1 0 1 3 1 56322 984
0x0000723b3d993840 0x0000000de035f840 0 0 0 0 1 3 1 56322 992
0x0000723b3d9938c0 0x0000000de035f8c0 0 0 0 0 1 3 1 56322 1000
0x0000723b3d993940 0x0000000de035f940 0 1 0 0 1 3 1 56322 992
0x0000723b3d9939c0 0x0000000de035f9c0 0 1 0 0 1 3 1 56322 1000
0x0000723b3d993a40 0x0000000de035fa40 0 0 1 0 1 3 1 56322 992
0x0000723b3d993ac0 0x0000000de035fac0 0 0 1 0 1 3 1 56322 1000
0x0000723b3d993b40 0x0000000de035fb40 0 1 1 0 1 3 1 56322 992
0x0000723b3d993bc0 0x0000000de035fbc0 0 1 1 0 1 3 1 56322 1000
0x0000723b3d993c40 0x0000000de035fc40 0 0 0 0 1 3 1 56322 1008
0x0000723b3d993cc0 0x0000000de035fcc0 0 0 0 0 1 3 1 56322 1016
0x0000723b3d993d40 0x0000000de035fd40 0 1 0 0 1 3 1 56322 1008
0x0000723b3d993dc0 0x0000000de035fdc0 0 1 0 0 1 3 1 56322 1016
0x0000723b3d993e40 0x0000000de035fe40 0 0 1 0 1 3 1 56322 1008
0x0000723b3d993ec0 0x0000000de035fec0 0 0 1 0 1 3 1 56322 1016
0x0000723b3d993f40 0x0000000de035ff40 0 1 1 0 1 3 1 56322 1008
0x0000723b3d993fc0 0x0000000de035ffc0 0 1 1 0 1 3 1 56322 1016
0x0000723b3d9be040 0x00000006fbbcc040 0 0 0 0 1 3 1 28526 256
0x0000723b3d9be0c0 0x00000006fbbcc0c0 0 0 0 0 1 3 1 28526 264
0x0000723b3d9be140 0x00000006fbbcc140 0 1 0 0 1 3 1 28526 256
0x0000723b3d9be1c0 0x00000006fbbcc1c0 0 1 0 0 1 3 1 28526 264
0x0000723b3d9be240 0x00000006fbbcc240 0 0 1 0 1 3 1 28526 256
0x0000723b3d9be2c0 0x00000006fbbcc2c0 0 0 1 0 1 3 1 28526 264
0x0000723b3d9be340 0x00000006fbbcc340 0 1 1 0 1 3 1 28526 256
0x0000723b3d9be3c0 0x00000006fbbcc3c0 0 1 1 0 1 3 1 28526 264
0x0000723b3d9be440 0x00000006fbbcc440 0 0 0 0 1 3 1 28526 272
0x0000723b3d9be4c0 0x00000006fbbcc4c0 0 0 0 0 1 3 1 28526 280
0x0000723b3d9be540 0x00000006fbbcc540 0 1 0 0 1 3 1 28526 272
0x0000723b3d9be5c0 0x00000006fbbcc5c0 0 1 0 0 1 3 1 28526 280
0x0000723b3d9be640 0x00000006fbbcc640 0 0 1 0 1 3 1 28526 272
0x0000723b3d9be6c0 0x00000006fbbcc6c0 0 0 1 0 1 3 1 28526 280
0x0000723b3d9be740 0x00000006fbbcc740 0 1 1 0 1 3 1 28526 272
0x0000723b3d9be7c0 0x00000006fbbcc7c0 0 1 1 0 1 3 1 28526 280
0x0000723b3d9be840 0x00000006fbbcc840 0 0 0 0 1 3 1 28526 288
0x0000723b3d9be8c0 0x00000006fbbcc8c0 0 0 0 0 1 3 1 28526 296
0x0000723b3d9be940 0x00000006fbbcc940 0 1 0 0 1 3 1 28526 288
0x0000723b3d9be9c0 0x00000006fbbcc9c0 0 1 0 0 1 3 1 28526 296
0x0000723b3d9bea40 0x00000006fbbcca40 0 0 1 0 1 3 1 28526 288
0x0000723b3d9beac0 0x00000006fbbccac0 0 0 1 0 1 3 1 28526 296
0x0000723b3d9beb40 0x00000006fbbccb40 0 1 1 0 1 3 1 28526 288
0x0000723b3d9bebc0 0x00000006fbbccbc0 0 1 1 0 1 3 1 28526 296
0x0000723b3d9bec40 0x00000006fbbccc40 0 0 0 0 1 3 1 28526 304
0x0000723b3d9becc0 0x00000006fbbcccc0 0 0 0 0 1 3 1 28526 312
0x0000723b3d9bed40 0x00000006fbbccd40 0 1 0 0 1 3 1 28526 304
0x0000723b3d9bedc0 0x00000006fbbccdc0 0 1 0 0 1 3 1 28526 312
0x0000723b3d9bee40 0x00000006fbbcce40 0 0 1 0 1 3 1 28526 304
0x0000723b3d9beec0 0x00000006fbbccec0 0 0 1 0 1 3 1 28526 312
0x0000723b3d9bef40 0x00000006fbbccf40 0 1 1 0 1 3 1 28526 304
0x0000723b3d9befc0 0x00000006fbbccfc0 0 1 1 0 1 3 1 28526 312
0x0000723b3d9c0040 0x00000006fbbce040 0 0 0 0 1 3 1 28526 384
0x0000723b3d9c00c0 0x00000006fbbce0c0 0 0 0 0 1 3 1 28526 392
0x0000723b3d9c0140 0x00000006fbbce140 0 1 0 0 1 3 1 28526 384
0x0000723b3d9c01c0 0x00000006fbbce1c0 0 1 0 0 1 3 1 28526 392
0x0000723b3d9c0240 0x00000006fbbce240 0 0 1 0 1 3 1 28526 384
0x0000723b3d9c02c0 0x00000006fbbce2c0 0 0 1 0 1 3 1 28526 392
0x0000723b3d9c0340 0x00000006fbbce340 0 1 1 0 1 3 1 28526 384
0x0000723b3d9c03c0 0x00000006fbbce3c0 0 1 1 0 1 3 1 28526 392
0x0000723b3d9c0440 0x00000006fbbce440 0 0 0 0 1 3 1 28526 400
0x0000723b3d9c04c0 0x00000006fbbce4c0 0 0 0 0 1 3 1 28526 408
0x0000723b3d9c0540 0x00000006fbbce540 0 1 0 0 1 3 1 28526 400
0x0000723b3d9c05c0 0x00000006fbbce5c0 0 1 0 0 1 3 1 28526 408
0x0000723b3d9c0640 0x00000006fbbce640 0 0 1 0 1 3 1 28526 400
0x0000723b3d9c06c0 0x00000006fbbce6c0 0 0 1 0 1 3 1 28526 408
0x0000723b3d9c0740 0x00000006fbbce740 0 1 1 0 1 3 1 28526 400
0x0000723b3d9c07c0 0x00000006fbbce7c0 0 1 1 0 1 3 1 28526 408
0x0000723b3d9c0840 0x00000006fbbce840 0 0 0 0 1 3 1 28526 416
0x0000723b3d9c08c0 0x00000006fbbce8c0 0 0 0 0 1 3 1 28526 424
0x0000723b3d9c0940 0x00000006fbbce940 0 1 0 0 1 3 1 28526 416
0x0000723b3d9c09c0 0x00000006fbbce9c0 0 1 0 0 1 3 1 28526 424
0x0000723b3d9c0a40 0x00000006fbbcea40 0 0 1 0 1 3 1 28526 416
0x0000723b3d9c0ac0 0x00000006fbbceac0 0 0 1 0 1 3 1 28526 424
0x0000723b3d9c0b40 0x00000006fbbceb40 0 1 1 0 1 3 1 28526 416
0x0000723b3d9c0bc0 0x00000006fbbcebc0 0 1 1 0 1 3 1 28526 424
0x0000723b3d9c0c40 0x00000006fbbcec40 0 0 0 0 1 3 1 28526 432
0x0000723b3d9c0cc0 0x00000006fbbcecc0 0 0 0 0 1 3 1 28526 440
0x0000723b3d9c0d40 0x00000006fbbced40 0 1 0 0 1 3 1 28526 432
0x0000723b3d9c0dc0 0x00000006fbbcedc0 0 1 0 0 1 3 1 28526 440
0x0000723b3d9c0e40 0x00000006fbbcee40 0 0 1 0 1 3 1 28526 432
0x0000723b3d9c0ec0 0x00000006fbbceec0 0 0 1 0 1 3 1 28526 440
0x0000723b3d9c0f40 0x00000006fbbcef40 0 1 1 0 1 3 1 28526 432
0x0000723b3d9c0fc0 0x00000006fbbcefc0 0 1 1 0 1 3 1 28526 440
0x0000723b3d9c1040 0x00000006fbbcd040 0 0 0 0 1 3 1 28526 320
0x0000723b3d9c10c0 0x00000006fbbcd0c0 0 0 0 0 1 3 1 28526 328
0x0000723b3d9c1140 0x00000006fbbcd140 0 1 0 0 1 3 1 28526 320
0x0000723b3d9c11c0 0x00000006fbbcd1c0 0 1 0 0 1 3 1 28526 328
0x0000723b3d9c1240 0x00000006fbbcd240 0 0 1 0 1 3 1 28526 320
0x0000723b3d9c12c0 0x00000006fbbcd2c0 0 0 1 0 1 3 1 28526 328
0x0000723b3d9c1340 0x00000006fbbcd340 0 1 1 0 1 3 1 28526 320
0x0000723b3d9c13c0 0x00000006fbbcd3c0 0 1 1 0 1 3 1 28526 328
0x0000723b3d9c1440 0x00000006fbbcd440 0 0 0 0 1 3 1 28526 336
0x0000723b3d9c14c0 0x00000006fbbcd4c0 0 0 0 0 1 3 1 28526 344
0x0000723b3d9c1540 0x00000006fbbcd540 0 1 0 0 1 3 1 28526 336
0x0000723b3d9c15c0 0x00000006fbbcd5c0 0 1 0 0 1 3 1 28526 344
0x0000723b3d9c1640 0x00000006fbbcd640 0 0 1 0 1 3 1 28526 336
0x0000723b3d9c16c0 0x00000006fbbcd6c0 0 0 1 0 1 3 1 28526 344
0x0000723b3d9c1740 0x00000006fbbcd740 0 1 1 0 1 3 1 28526 336
0x0000723b3d9c17c0 0x00000006fbbcd7c0 0 1 1 0 1 3 1 28526 344
0x0000723b3d9c1840 0x00000006fbbcd840 0 0 0 0 1 3 1 28526 352
0x0000723b3d9c18c0 0x00000006fbbcd8c0 0 0 0 0 1 3 1 28526 360
0x0000723b3d9c1940 0x00000006fbbcd940 0 1 0 0 1 3 1 28526 352
0x0000723b3d9c19c0 0x00000006fbbcd9c0 0 1 0 0 1 3 1 28526 360
0x0000723b3d9c1a40 0x00000006fbbcda40 0 0 1 0 1 3 1 28526 352
0x0000723b3d9c1ac0 0x00000006fbbcdac0 0 0 1 0 1 3 1 28526 360
0x0000723b3d9c1b40 0x00000006fbbcdb40 0 1 1 0 1 3 1 28526 352
0x0000723b3d9c1bc0 0x00000006fbbcdbc0 0 1 1 0 1 3 1 28526 360
0x0000723b3d9c1c40 0x00000006fbbcdc40 0 0 0 0 1 3 1 28526 368
0x0000723b3d9c1cc0 0x00000006fbbcdcc0 0 0 0 0 1 3 1 28526 376
0x0000723b3d9c1d40 0x00000006fbbcdd40 0 1 0 0 1 3 1 28526 368
0x0000723b3d9c1dc0 0x00000006fbbcddc0 0 1 0 0 1 3 1 28526 376
0x0000723b3d9c1e40 0x00000006fbbcde40 0 0 1 0 1 3 1 28526 368
0x0000723b3d9c1ec0 0x00000006fbbcdec0 0 0 1 0 1 3 1 28526 376
0x0000723b3d9c1f40 0x00000006fbbcdf40 0 1 1 0 1 3 1 28526 368
0x0000723b3d9c1fc0 0x00000006fbbcdfc0 0 1 1 0 1 3 1 28526 376
0x0000723b3d9c3040 0x00000006fbbcf040 0 0 0 0 1 3 1 28526 448
0x0000723b3d9c30c0 0x00000006fbbcf0c0 0 0 0 0 1 3 1 28526 456
0x0000723b3d9c3140 0x00000006fbbcf140 0 1 0 0 1 3 1 28526 448
0x0000723b3d9c31c0 0x00000006fbbcf1c0 0 1 0 0 1 3 1 28526 456
0x0000723b3d9c3240 0x00000006fbbcf240 0 0 1 0 1 3 1 28526 448
0x0000723b3d9c32c0 0x00000006fbbcf2c0 0 0 1 0 1 3 1 28526 456
0x0000723b3d9c3340 0x00000006fbbcf340 0 1 1 0 1 3 1 28526 448
0x0000723b3d9c33c0 0x00000006fbbcf3c0 0 1 1 0 1 3 1 28526 456
0x0000723b3d9c3440 0x00000006fbbcf440 0 0 0 0 1 3 1 28526 464
0x0000723b3d9c34c0 0x00000006fbbcf4c0 0 0 0 0 1 3 1 28526 472
0x0000723b3d9c3540 0x00000006fbbcf540 0 1 0 0 1 3 1 28526 464
0x0000723b3d9c35c0 0x00000006fbbcf5c0 0 1 0 0 1 3 1 28526 472
0x0000723b3d9c3640 0x00000006fbbcf640 0 0 1 0 1 3 1 28526 464
0x0000723b3d9c36c0 0x00000006fbbcf6c0 0 0 1 0 1 3 1 28526 472
0x0000723b3d9c3740 0x00000006fbbcf740 0 1 1 0 1 3 1 28526 464
0x0000723b3d9c37c0 0x00000006fbbcf7c0 0 1 1 0 1 3 1 28526 472
0x0000723b3d9c3840 0x00000006fbbcf840 0 0 0 0 1 3 1 28526 480
0x0000723b3d9c38c0 0x00000006fbbcf8c0 0 0 0 0 1 3 1 28526 488
0x0000723b3d9c3940 0x00000006fbbcf940 0 1 0 0 1 3 1 28526 480
0x0000723b3d9c39c0 0x00000006fbbcf9c0 0 1 0 0 1 3 1 28526 488
0x0000723b3d9c3a40 0x00000006fbbcfa40 0 0 1 0 1 3 1 28526 480
0x0000723b3d9c3ac0 0x00000006fbbcfac0 0 0 1 0 1 3 1 28526 488
0x0000723b3d9c3b40 0x00000006fbbcfb40 0 1 1 0 1 3 1 28526 480
0x0000723b3d9c3bc0 0x00000006fbbcfbc0 0 1 1 0 1 3 1 28526 488
0x0000723b3d9c3c40 0x00000006fbbcfc40 0 0 0 0 1 3 1 28526 496
0x0000723b3d9c3cc0 0x00000006fbbcfcc0 0 0 0 0 1 3 1 28526 504
0x0000723b3d9c3d40 0x00000006fbbcfd40 0 1 0 0 1 3 1 28526 496
0x0000723b3d9c3dc0 0x00000006fbbcfdc0 0 1 0 0 1 3 1 28526 504
0x0000723b3d9c3e40 0x00000006fbbcfe40 0 0 1 0 1 3 1 28526 496
0x0000723b3d9c3ec0 0x00000006fbbcfec0 0 0 1 0 1 3 1 28526 504
0x0000723b3d9c3f40 0x00000006fbbcff40 0 1 1 0 1 3 1 28526 496
0x0000723b3d9c3fc0 0x00000006fbbcffc0 0 1 1 0 1 3 1 28526 504
0x0000723b3d9d7040 0x0000000b3cb38040 0 0 0 0 1 3 1 42905 512
0x0000723b3d9d70c0 0x0000000b3cb380c0 0 0 0 0 1 3 1 42905 520
0x0000723b3d9d7140 0x0000000b3cb38140 0 1 0 0 1 3 1 42905 512
0x0000723b3d9d71c0 0x0000000b3cb381c0 0 1 0 0 1 3 1 42905 520
0x0000723b3d9d7240 0x0000000b3cb38240 0 0 1 0 1 3 1 42905 512
0x0000723b3d9d72c0 0x0000000b3cb382c0 0 0 1 0 1 3 1 42905 520
0x0000723b3d9d7340 0x0000000b3cb38340 0 1 1 0 1 3 1 42905 512
0x0000723b3d9d73c0 0x0000000b3cb383c0 0 1 1 0 1 3 1 42905 520
0x0000723b3d9d7440 0x0000000b3cb38440 0 0 0 0 1 3 1 42905 528
0x0000723b3d9d74c0 0x0000000b3cb384c0 0 0 0 0 1 3 1 42905 536
0x0000723b3d9d7540 0x0000000b3cb38540 0 1 0 0 1 3 1 42905 528
0x0000723b3d9d75c0 0x0000000b3cb385c0 0 1 0 0 1 3 1 42905 536
0x0000723b3d9d7640 0x0000000b3cb38640 0 0 1 0 1 3 1 42905 528
0x0000723b3d9d76c0 0x0000000b3cb386c0 0 0 1 0 1 3 1 42905 536
0x0000723b3d9d7740 0x0000000b3cb38740 0 1 1 0 1 3 1 42905 528
0x0000723b3d9d77c0 0x0000000b3cb387c0 0 1 1 0 1 3 1 42905 536
0x0000723b3d9d7840 0x0000000b3cb38840 0 0 0 0 1 3 1 42905 544
0x0000723b3d9d78c0 0x0000000b3cb388c0 0 0 0 0 1 3 1 42905 552
0x0000723b3d9d7940 0x0000000b3cb38940 0 1 0 0 1 3 1 42905 544
0x0000723b3d9d79c0 0x0000000b3cb389c0 0 1 0 0 1 3 1 42905 552
0x0000723b3d9d7a40 0x0000000b3cb38a40 0 0 1 0 1 3 1 42905 544
0x0000723b3d9d7ac0 0x0000000b3cb38ac0 0 0 1 0 1 3 1 42905 552
0x0000723b3d9d7b40 0x0000000b3cb38b40 0 1 1 0 1 3 1 42905 544
0x0000723b3d9d7bc0 0x0000000b3cb38bc0 0 1 1 0 1 3 1 42905 552
0x0000723b3d9d7c40 0x0000000b3cb38c40 0 0 0 0 1 3 1 42905 560
0x0000723b3d9d7cc0 0x0000000b3cb38cc0 0 0 0 0 1 3 1 42905 568
0x0000723b3d9d7d40 0x0000000b3cb38d40 0 1 0 0 1 3 1 42905 560
0x0000723b3d9d7dc0 0x0000000b3cb38dc0 0 1 0 0 1 3 1 42905 568
0x0000723b3d9d7e40 0x0000000b3cb38e40 0 0 1 0 1 3 1 42905 560
0x0000723b3d9d7ec0 0x0000000b3cb38ec0 0 0 1 0 1 3 1 42905 568
0x0000723b3d9d7f40 0x0000000b3cb38f40 0 1 1 0 1 3 1 42905 560
0x0000723b3d9d7fc0 0x0000000b3cb38fc0 0 1 1 0 1 3 1 42905 568
0x0000723b3d9d9040 0x0000000c843f2040 0 0 0 0 0 3 1 49287 640
0x0000723b3d9d90c0 0x0000000c843f20c0 0 0 0 0 0 3 1 49287 648
0x0000723b3d9d9140 0x0000000c843f2140 0 1 0 0 0 3 1 49287 640
0x0000723b3d9d91c0 0x0000000c843f21c0 0 1 0 0 0 3 1 49287 648
0x0000723b3d9d9240 0x0000000c843f2240 0 0 1 0 0 3 1 49287 640
0x0000723b3d9d92c0 0x0000000c843f22c0 0 0 1 0 0 3 1 49287 648
0x0000723b3d9d9340 0x0000000c843f2340 0 1 1 0 0 3 1 49287 640
0x0000723b3d9d93c0 0x0000000c843f23c0 0 1 1 0 0 3 1 49287 648
0x0000723b3d9d9440 0x0000000c843f2440 0 0 0 0 0 3 1 49287 656
0x0000723b3d9d94c0 0x0000000c843f24c0 0 0 0 0 0 3 1 49287 664
0x0000723b3d9d9540 0x0000000c843f2540 0 1 0 0 0 3 1 49287 656
0x0000723b3d9d95c0 0x0000000c843f25c0 0 1 0 0 0 3 1 49287 664
0x0000723b3d9d9640 0x0000000c843f2640 0 0 1 0 0 3 1 49287 656
0x0000723b3d9d96c0 0x0000000c843f26c0 0 0 1 0 0 3 1 49287 664
0x0000723b3d9d9740 0x0000000c843f2740 0 1 1 0 0 3 1 49287 656
0x0000723b3d9d97c0 0x0000000c843f27c0 0 1 1 0 0 3 1 49287 664
0x0000723b3d9d9840 0x0000000c843f2840 0 0 0 0 0 3 1 49287 672
0x0000723b3d9d98c0 0x0000000c843f28c0 0 0 0 0 0 3 1 49287 680
0x0000723b3d9d9940 0x0000000c843f2940 0 1 0 0 0 3 1 49287 672
0x0000723b3d9d99c0 0x0000000c843f29c0 0 1 0 0 0 3 1 49287 680
0x0000723b3d9d9a40 0x0000000c843f2a40 0 0 1 0 0 3 1 49287 672
0x0000723b3d9d9ac0 0x0000000c843f2ac0 0 0 1 0 0 3 1 49287 680
0x0000723b3d9d9b40 0x0000000c843f2b40 0 1 1 0 0 3 1 49287 672
0x0000723b3d9d9bc0 0x0000000c843f2bc0 0 1 1 0 0 3 1 49287 680
0x0000723b3d9d9c40 0x0000000c843f2c40 0 0 0 0 0 3 1 49287 688
0x0000723b3d9d9cc0 0x0000000c843f2cc0 0 0 0 0 0 3 1 49287 696
0x0000723b3d9d9d40 0x0000000c843f2d40 0 1 0 0 0 3 1 49287 688
0x0000723b3d9d9dc0 0x0000000c843f2dc0 0 1 0 0 0 3 1 49287 696
0x0000723b3d9d9e40 0x0000000c843f2e40 0 0 1 0 0 3 1 49287 688
0x0000723b3d9d9ec0 0x0000000c843f2ec0 0 0 1 0 0 3 1 49287 696
0x0000723b3d9d9f40 0x0000000c843f2f40 0 1 1 0 0 3 1 49287 688
0x0000723b3d9d9fc0 0x0000000c843f2fc0 0 1 1 0 0 3 1 49287 696
0x0000723b3d9f0040 0x0000000665b22040 0 0 0 0 0 3 1 23737 128
0x0000723b3d9f00c0 0x0000000665b220c0 0 0 0 0 0 3 1 23737 136
0x0000723b3d9f0140 0x0000000665b22140 0 1 0 0 0 3 1 23737 128
0x0000723b3d9f01c0 0x0000000665b221c0 0 1 0 0 0 3 1 23737 136
0x0000723b3d9f0240 0x0000000665b22240 0 0 1 0 0 3 1 23737 128
0x0000723b3d9f02c0 0x0000000665b222c0 0 0 1 0 0 3 1 23737 136
0x0000723b3d9f0340 0x0000000665b22340 0 1 1 0 0 3 1 23737 128
0x0000723b3d9f03c0 0x0000000665b223c0 0 1 1 0 0 3 1 23737 136
0x0000723b3d9f0440 0x0000000665b22440 0 0 0 0 0 3 1 23737 144
0x0000723b3d9f04c0 0x0000000665b224c0 0 0 0 0 0 3 1 23737 152
0x0000723b3d9f0540 0x0000000665b22540 0 1 0 0 0 3 1 23737 144
0x0000723b3d9f05c0 0x0000000665b225c0 0 1 0 0 0 3 1 23737 152
0x0000723b3d9f0640 0x0000000665b22640 0 0 1 0 0 3 1 23737 144
0x0000723b3d9f06c0 0x0000000665b226c0 0 0 1 0 0 3 1 23737 152
0x0000723b3d9f0740 0x0000000665b22740 0 1 1 0 0 3 1 23737 144
0x0000723b3d9f07c0 0x0000000665b227c0 0 1 1 0 0 3 1 23737 152
0x0000723b3d9f0840 0x0000000665b22840 0 0 0 0 0 3 1 23737 160
0x0000723b3d9f08c0 0x0000000665b228c0 0 0 0 0 0 3 1 23737 168
0x0000723b3d9f0940 0x0000000665b22940 0 1 0 0 0 3 1 23737 160
0x0000723b3d9f09c0 0x0000000665b229c0 0 1 0 0 0 3 1 23737 168
0x0000723b3d9f0a40 0x0000000665b22a40 0 0 1 0 0 3 1 23737 160
0x0000723b3d9f0ac0 0x0000000665b22ac0 0 0 1 0 0 3 1 23737 168
0x0000723b3d9f0b40 0x0000000665b22b40 0 1 1 0 0 3 1 23737 160
0x0000723b3d9f0bc0 0x0000000665b22bc0 0 1 1 0 0 3 1 23737 168
0x0000723b3d9f0c40 0x0000000665b22c40 0 0 0 0 0 3 1 23737 176
0x0000723b3d9f0cc0 0x0000000665b22cc0 0 0 0 0 0 3 1 23737 184
0x0000723b3d9f0d40 0x0000000665b22d40 0 1 0 0 0 3 1 23737 176
0x0000723b3d9f0dc0 0x0000000665b22dc0 0 1 0 0 0 3 1 23737 184
0x0000723b3d9f0e40 0x0000000665b22e40 0 0 1 0 0 3 1 23737 176
0x0000723b3d9f0ec0 0x0000000665b22ec0 0 0 1 0 0 3 1 23737 184
0x0000723b3d9f0f40 0x0000000665b22f40 0 1 1 0 0 3 1 23737 176
0x0000723b3d9f0fc0 0x0000000665b22fc0 0 1 1 0 0 3 1 23737 184
0x0000723b3d9f3040 0x00000008373db040 0 0 0 0 1 3 1 30454 704
0x0000723b3d9f30c0 0x00000008373db0c0 0 0 0 0 1 3 1 30454 712
0x0000723b3d9f3140 0x00000008373db140 0 1 0 0 1 3 1 30454 704
0x0000723b3d9f31c0 0x00000008373db1c0 0 1 0 0 1 3 1 30454 712
0x0000723b3d9f3240 0x00000008373db240 0 0 1 0 1 3 1 30454 704
0x0000723b3d9f32c0 0x00000008373db2c0 0 0 1 0 1 3 1 30454 712
0x0000723b3d9f3340 0x00000008373db340 0 1 1 0 1 3 1 30454 704
0x0000723b3d9f33c0 0x00000008373db3c0 0 1 1 0 1 3 1 30454 712
0x0000723b3d9f3440 0x00000008373db440 0 0 0 0 1 3 1 30454 720
0x0000723b3d9f34c0 0x00000008373db4c0 0 0 0 0 1 3 1 30454 728
0x0000723b3d9f3540 0x00000008373db540 0 1 0 0 1 3 1 30454 720
0x0000723b3d9f35c0 0x00000008373db5c0 0 1 0 0 1 3 1 30454 728
0x0000723b3d9f3640 0x00000008373db640 0 0 1 0 1 3 1 30454 720
0x0000723b3d9f36c0 0x00000008373db6c0 0 0 1 0 1 3 1 30454 728
0x0000723b3d9f3740 0x00000008373db740 0 1 1 0 1 3 1 30454 720
0x0000723b3d9f37c0 0x00000008373db7c0 0 1 1 0 1 3 1 30454 728
0x0000723b3d9f3840 0x00000008373db840 0 0 0 0 1 3 1 30454 736
0x0000723b3d9f38c0 0x00000008373db8c0 0 0 0 0 1 3 1 30454 744
0x0000723b3d9f3940 0x00000008373db940 0 1 0 0 1 3 1 30454 736
0x0000723b3d9f39c0 0x00000008373db9c0 0 1 0 0 1 3 1 30454 744
0x0000723b3d9f3a40 0x00000008373dba40 0 0 1 0 1 3 1 30454 736
0x0000723b3d9f3ac0 0x00000008373dbac0 0 0 1 0 1 3 1 30454 744
0x0000723b3d9f3b40 0x00000008373dbb40 0 1 1 0 1 3 1 30454 736
0x0000723b3d9f3bc0 0x00000008373dbbc0 0 1 1 0 1 3 1 30454 744
0x0000723b3d9f3c40 0x00000008373dbc40 0 0 0 0 1 3 1 30454 752
0x0000723b3d9f3cc0 0x00000008373dbcc0 0 0 0 0 1 3 1 30454 760
0x0000723b3d9f3d40 0x00000008373dbd40 0 1 0 0 1 3 1 30454 752
0x0000723b3d9f3dc0 0x00000008373dbdc0 0 1 0 0 1 3 1 30454 760
0x0000723b3d9f3e40 0x00000008373dbe40 0 0 1 0 1 3 1 30454 752
0x0000723b3d9f3ec0 0x00000008373dbec0 0 0 1 0 1 3 1 30454 760
0x0000723b3d9f3f40 0x00000008373dbf40 0 1 1 0 1 3 1 30454 752
0x0000723b3d9f3fc0 0x00000008373dbfc0 0 1 1 0 1 3 1 30454 760
0x0000723b3d9f7040 0x000000072fb15040 0 0 0 0 0 3 1 26104 832
0x0000723b3d9f70c0 0x000000072fb150c0 0 0 0 0 0 3 1 26104 840
0x0000723b3d9f7140 0x000000072fb15140 0 1 0 0 0 3 1 26104 832
0x0000723b3d9f71c0 0x000000072fb151c0 0 1 0 0 0 3 1 26104 840
0x0000723b3d9f7240 0x000000072fb15240 0 0 1 0 0 3 1 26104 832
0x0000723b3d9f72c0 0x000000072fb152c0 0 0 1 0 0 3 1 26104 840
0x0000723b3d9f7340 0x000000072fb15340 0 1 1 0 0 3 1 26104 832
0x0000723b3d9f73c0 0x000000072fb153c0 0 1 1 0 0 3 1 26104 840
0x0000723b3d9f7440 0x000000072fb15440 0 0 0 0 0 3 1 26104 848
0x0000723b3d9f74c0 0x000000072fb154c0 0 0 0 0 0 3 1 26104 856
0x0000723b3d9f7540 0x000000072fb15540 0 1 0 0 0 3 1 26104 848
0x0000723b3d9f75c0 0x000000072fb155c0 0 1 0 0 0 3 1 26104 856
0x0000723b3d9f7640 0x000000072fb15640 0 0 1 0 0 3 1 26104 848
0x0000723b3d9f76c0 0x000000072fb156c0 0 0 1 0 0 3 1 26104 856
0x0000723b3d9f7740 0x000000072fb15740 0 1 1 0 0 3 1 26104 848
0x0000723b3d9f77c0 0x000000072fb157c0 0 1 1 0 0 3 1 26104 856
0x0000723b3d9f7840 0x000000072fb15840 0 0 0 0 0 3 1 26104 864
0x0000723b3d9f78c0 0x000000072fb158c0 0 0 0 0 0 3 1 26104 872
0x0000723b3d9f7940 0x000000072fb15940 0 1 0 0 0 3 1 26104 864
0x0000723b3d9f79c0 0x000000072fb159c0 0 1 0 0 0 3 1 26104 872
0x0000723b3d9f7a40 0x000000072fb15a40 0 0 1 0 0 3 1 26104 864
0x0000723b3d9f7ac0 0x000000072fb15ac0 0 0 1 0 0 3 1 26104 872
0x0000723b3d9f7b40 0x000000072fb15b40 0 1 1 0 0 3 1 26104 864
0x0000723b3d9f7bc0 0x000000072fb15bc0 0 1 1 0 0 3 1 26104 872
0x0000723b3d9f7c40 0x000000072fb15c40 0 0 0 0 0 3 1 26104 880
0x0000723b3d9f7cc0 0x000000072fb15cc0 0 0 0 0 0 3 1 26104 888
0x0000723b3d9f7d40 0x000000072fb15d40 0 1 0 0 0 3 1 26104 880
0x0000723b3d9f7dc0 0x000000072fb15dc0 0 1 0 0 0 3 1 26104 888
0x0000723b3d9f7e40 0x000000072fb15e40 0 0 1 0 0 3 1 26104 880
0x0000723b3d9f7ec0 0x000000072fb15ec0 0 0 1 0 0 3 1 26104 888
0x0000723b3d9f7f40 0x000000072fb15f40 0 1 1 0 0 3 1 26104 880
0x0000723b3d9f7fc0 0x000000072fb15fc0 0 1 1 0 0 3 1 26104 888
0x0000723b3d9fd040 0x0000000ce9b9d040 0 0 0 0 1 3 1 52524 832
0x0000723b3d9fd0c0 0x0000000ce9b9d0c0 0 0 0 0 1 3 1 52524 840
0x0000723b3d9fd140 0x0000000ce9b9d140 0 1 0 0 1 3 1 52524 832
0x0000723b3d9fd1c0 0x0000000ce9b9d1c0 0 1 0 0 1 3 1 52524 840
0x0000723b3d9fd240 0x0000000ce9b9d240 0 0 1 0 1 3 1 52524 832
0x0000723b3d9fd2c0 0x0000000ce9b9d2c0 0 0 1 0 1 3 1 52524 840
0x0000723b3d9fd340 0x0000000ce9b9d340 0 1 1 0 1 3 1 52524 832
0x0000723b3d9fd3c0 0x0000000ce9b9d3c0 0 1 1 0 1 3 1 52524 840
0x0000723b3d9fd440 0x0000000ce9b9d440 0 0 0 0 1 3 1 52524 848
0x0000723b3d9fd4c0 0x0000000ce9b9d4c0 0 0 0 0 1 3 1 52524 856
0x0000723b3d9fd540 0x0000000ce9b9d540 0 1 0 0 1 3 1 52524 848
0x0000723b3d9fd5c0 0x0000000ce9b9d5c0 0 1 0 0 1 3 1 52524 856
0x0000723b3d9fd640 0x0000000ce9b9d640 0 0 1 0 1 3 1 52524 848
0x0000723b3d9fd6c0 0x0000000ce9b9d6c0 0 0 1 0 1 3 1 52524 856
0x0000723b3d9fd740 0x0000000ce9b9d740 0 1 1 0 1 3 1 52524 848
0x0000723b3d9fd7c0 0x0000000ce9b9d7c0 0 1 1 0 1 3 1 52524 856
0x0000723b3d9fd840 0x0000000ce9b9d840 0 0 0 0 1 3 1 52524 864
0x0000723b3d9fd8c0 0x0000000ce9b9d8c0 0 0 0 0 1 3 1 52524 872
0x0000723b3d9fd940 0x0000000ce9b9d940 0 1 0 0 1 3 1 52524 864
0x0000723b3d9fd9c0 0x0000000ce9b9d9c0 0 1 0 0 1 3 1 52524 872
0x0000723b3d9fda40 0x0000000ce9b9da40 0 0 1 0 1 3 1 52524 864
0x0000723b3d9fdac0 0x0000000ce9b9dac0 0 0 1 0 1 3 1 52524 872
0x0000723b3d9fdb40 0x0000000ce9b9db40 0 1 1 0 1 3 1 52524 864
0x0000723b3d9fdbc0 0x0000000ce9b9dbc0 0 1 1 0 1 3 1 52524 872
0x0000723b3d9fdc40 0x0000000ce9b9dc40 0 0 0 0 1 3 1 52524 880
0x0000723b3d9fdcc0 0x0000000ce9b9dcc0 0 0 0 0 1 3 1 52524 888
0x0000723b3d9fdd40 0x0000000ce9b9dd40 0 1 0 0 1 3 1 52524 880
0x0000723b3d9fddc0 0x0000000ce9b9ddc0 0 1 0 0 1 3 1 52524 888
0x0000723b3d9fde40 0x0000000ce9b9de40 0 0 1 0 1 3 1 52524 880
0x0000723b3d9fdec0 0x0000000ce9b9dec0 0 0 1 0 1 3 1 52524 888
0x0000723b3d9fdf40 0x0000000ce9b9df40 0 1 1 0 1 3 1 52524 880
0x0000723b3d9fdfc0 0x0000000ce9b9dfc0 0 1 1 0 1 3 1 52524 888
0x0000723b3da00040 0x0000000ce9b9f040 0 0 0 0 1 3 1 52524 960
0x0000723b3da000c0 0x0000000ce9b9f0c0 0 0 0 0 1 3 1 52524 968
0x0000723b3da00140 0x0000000ce9b9f140 0 1 0 0 1 3 1 52524 960
0x0000723b3da001c0 0x0000000ce9b9f1c0 0 1 0 0 1 3 1 52524 968
0x0000723b3da00240 0x0000000ce9b9f240 0 0 1 0 1 3 1 52524 960
0x0000723b3da002c0 0x0000000ce9b9f2c0 0 0 1 0 1 3 1 52524 968
0x0000723b3da00340 0x0000000ce9b9f340 0 1 1 0 1 3 1 52524 960
0x0000723b3da003c0 0x0000000ce9b9f3c0 0 1 1 0 1 3 1 52524 968
0x0000723b3da00440 0x0000000ce9b9f440 0 0 0 0 1 3 1 52524 976
0x0000723b3da004c0 0x0000000ce9b9f4c0 0 0 0 0 1 3 1 52524 984
0x0000723b3da00540 0x0000000ce9b9f540 0 1 0 0 1 3 1 52524 976
0x0000723b3da005c0 0x0000000ce9b9f5c0 0 1 0 0 1 3 1 52524 984
0x0000723b3da00640 0x0000000ce9b9f640 0 0 1 0 1 3 1 52524 976
0x0000723b3da006c0 0x0000000ce9b9f6c0 0 0 1 0 1 3 1 52524 984
0x0000723b3da00740 0x0000000ce9b9f740 0 1 1 0 1 3 1 52524 976
0x0000723b3da007c0 0x0000000ce9b9f7c0 0 1 1 0 1 3 1 52524 984
0x0000723b3da00840 0x0000000ce9b9f840 0 0 0 0 1 3 1 52524 992
0x0000723b3da008c0 0x0000000ce9b9f8c0 0 0 0 0 1 3 1 52524 1000
0x0000723b3da00940 0x0000000ce9b9f940 0 1 0 0 1 3 1 52524 992
0x0000723b3da009c0 0x0000000ce9b9f9c0 0 1 0 0 1 3 1 52524 1000
0x0000723b3da00a40 0x0000000ce9b9fa40 0 0 1 0 1 3 1 52524 992
0x0000723b3da00ac0 0x0000000ce9b9fac0 0 0 1 0 1 3 1 52524 1000
0x0000723b3da00b40 0x0000000ce9b9fb40 0 1 1 0 1 3 1 52524 992
0x0000723b3da00bc0 0x0000000ce9b9fbc0 0 1 1 0 1 3 1 52524 1000
0x0000723b3da00c40 0x0000000ce9b9fc40 0 0 0 0 1 3 1 52524 1008
0x0000723b3da00cc0 0x0000000ce9b9fcc0 0 0 0 0 1 3 1 52524 1016
0x0000723b3da00d40 0x0000000ce9b9fd40 0 1 0 0 1 3 1 52524 1008
0x0000723b3da00dc0 0x0000000ce9b9fdc0 0 1 0 0 1 3 1 52524 1016
0x0000723b3da00e40 0x0000000ce9b9fe40 0 0 1 0 1 3 1 52524 1008
0x0000723b3da00ec0 0x0000000ce9b9fec0 0 0 1 0 1 3 1 52524 1016
0x0000723b3da00f40 0x0000000ce9b9ff40 0 1 1 0 1 3 1 52524 1008
0x0000723b3da00fc0 0x0000000ce9b9ffc0 0 1 1 0 1 3 1 52524 1016
0x0000723b3da02040 0x0000000bb0bf9040 0 0 0 0 1 3 1 46607 576
0x0000723b3da020c0 0x0000000bb0bf90c0 0 0 0 0 1 3 1 46607 584
0x0000723b3da02140 0x0000000bb0bf9140 0 1 0 0 1 3 1 46607 576
0x0000723b3da021c0 0x0000000bb0bf91c0 0 1 0 0 1 3 1 46607 584
0x0000723b3da02240 0x0000000bb0bf9240 0 0 1 0 1 3 1 46607 576
0x0000723b3da022c0 0x0000000bb0bf92c0 0 0 1 0 1 3 1 46607 584
0x0000723b3da02340 0x0000000bb0bf9340 0 1 1 0 1 3 1 46607 576
0x0000723b3da023c0 0x0000000bb0bf93c0 0 1 1 0 1 3 1 46607 584
0x0000723b3da02440 0x0000000bb0bf9440 0 0 0 0 1 3 1 46607 592
0x0000723b3da024c0 0x0000000bb0bf94c0 0 0 0 0 1 3 1 46607 600
0x0000723b3da02540 0x0000000bb0bf9540 0 1 0 0 1 3 1 46607 592
0x0000723b3da025c0 0x0000000bb0bf95c0 0 1 0 0 1 3 1 46607 600
0x0000723b3da02640 0x0000000bb0bf9640 0 0 1 0 1 3 1 46607 592
0x0000723b3da026c0 0x0000000bb0bf96c0 0 0 1 0 1 3 1 46607 600
0x0000723b3da02740 0x0000000bb0bf9740 0 1 1 0 1 3 1 46607 592
0x0000723b3da027c0 0x0000000bb0bf97c0 0 1 1 0 1 3 1 46607 600
0x0000723b3da02840 0x0000000bb0bf9840 0 0 0 0 1 3 1 46607 608
0x0000723b3da028c0 0x0000000bb0bf98c0 0 0 0 0 1 3 1 46607 616
0x0000723b3da02940 0x0000000bb0bf9940 0 1 0 0 1 3 1 46607 608
0x0000723b3da029c0 0x0000000bb0bf99c0 0 1 0 0 1 3 1 46607 616
0x0000723b3da02a40 0x0000000bb0bf9a40 0 0 1 0 1 3 1 46607 608
0x0000723b3da02ac0 0x0000000bb0bf9ac0 0 0 1 0 1 3 1 46607 616
0x0000723b3da02b40 0x0000000bb0bf9b40 0 1 1 0 1 3 1 46607 608
0x0000723b3da02bc0 0x0000000bb0bf9bc0 0 1 1 0 1 3 1 46607 616
0x0000723b3da02c40 0x0000000bb0bf9c40 0 0 0 0 1 3 1 46607 624
0x0000723b3da02cc0 0x0000000bb0bf9cc0 0 0 0 0 1 3 1 46607 632
0x0000723b3da02d40 0x0000000bb0bf9d40 0 1 0 0 1 3 1 46607 624
0x0000723b3da02dc0 0x0000000bb0bf9dc0 0 1 0 0 1 3 1 46607 632
0x0000723b3da02e40 0x0000000bb0bf9e40 0 0 1 0 1 3 1 46607 624
0x0000723b3da02ec0 0x0000000bb0bf9ec0 0 0 1 0 1 3 1 46607 632
0x0000723b3da02f40 0x0000000bb0bf9f40 0 1 1 0 1 3 1 46607 624
0x0000723b3da02fc0 0x0000000bb0bf9fc0 0 1 1 0 1 3 1 46607 632
0x0000723b3da06040 0x0000000c50b37040 0 0 0 0 0 3 1 47641 960
0x0000723b3da060c0 0x0000000c50b370c0 0 0 0 0 0 3 1 47641 968
0x0000723b3da06140 0x0000000c50b37140 0 1 0 0 0 3 1 47641 960
0x0000723b3da061c0 0x0000000c50b371c0 0 1 0 0 0 3 1 47641 968
0x0000723b3da06240 0x0000000c50b37240 0 0 1 0 0 3 1 47641 960
0x0000723b3da062c0 0x0000000c50b372c0 0 0 1 0 0 3 1 47641 968
0x0000723b3da06340 0x0000000c50b37340 0 1 1 0 0 3 1 47641 960
0x0000723b3da063c0 0x0000000c50b373c0 0 1 1 0 0 3 1 47641 968
0x0000723b3da06440 0x0000000c50b37440 0 0 0 0 0 3 1 47641 976
0x0000723b3da064c0 0x0000000c50b374c0 0 0 0 0 0 3 1 47641 984
0x0000723b3da06540 0x0000000c50b37540 0 1 0 0 0 3 1 47641 976
0x0000723b3da065c0 0x0000000c50b375c0 0 1 0 0 0 3 1 47641 984
0x0000723b3da06640 0x0000000c50b37640 0 0 1 0 0 3 1 47641 976
0x0000723b3da066c0 0x0000000c50b376c0 0 0 1 0 0 3 1 47641 984
0x0000723b3da06740 0x0000000c50b37740 0 1 1 0 0 3 1 47641 976
0x0000723b3da067c0 0x0000000c50b377c0 0 1 1 0 0 3 1 47641 984
0x0000723b3da06840 0x0000000c50b37840 0 0 0 0 0 3 1 47641 992
0x0000723b3da068c0 0x0000000c50b378c0 0 0 0 0 0 3 1 47641 1000
0x0000723b3da06940 0x0000000c50b37940 0 1 0 0 0 3 1 47641 992
0x0000723b3da069c0 0x0000000c50b379c0 0 1 0 0 0 3 1 47641 1000
0x0000723b3da06a40 0x0000000c50b37a40 0 0 1 0 0 3 1 47641 992
0x0000723b3da06ac0 0x0000000c50b37ac0 0 0 1 0 0 3 1 47641 1000
0x0000723b3da06b40 0x0000000c50b37b40 0 1 1 0 0 3 1 47641 992
0x0000723b3da06bc0 0x0000000c50b37bc0 0 1 1 0 0 3 1 47641 1000
0x0000723b3da06c40 0x0000000c50b37c40 0 0 0 0 0 3 1 47641 1008
0x0000723b3da06cc0 0x0000000c50b37cc0 0 0 0 0 0 3 1 47641 1016
0x0000723b3da06d40 0x0000000c50b37d40 0 1 0 0 0 3 1 47641 1008
0x0000723b3da06dc0 0x0000000c50b37dc0 0 1 0 0 0 3 1 47641 1016
0x0000723b3da06e40 0x0000000c50b37e40 0 0 1 0 0 3 1 47641 1008
0x0000723b3da06ec0 0x0000000c50b37ec0 0 0 1 0 0 3 1 47641 1016
0x0000723b3da06f40 0x0000000c50b37f40 0 1 1 0 0 3 1 47641 1008
0x0000723b3da06fc0 0x0000000c50b37fc0 0 1 1 0 0 3 1 47641 1016
0x0000723b3da0f040 0x0000000665b23040 0 0 0 0 0 3 1 23737 192
0x0000723b3da0f0c0 0x0000000665b230c0 0 0 0 0 0 3 1 23737 200
0x0000723b3da0f140 0x0000000665b23140 0 1 0 0 0 3 1 23737 192
0x0000723b3da0f1c0 0x0000000665b231c0 0 1 0 0 0 3 1 23737 200
0x0000723b3da0f240 0x0000000665b23240 0 0 1 0 0 3 1 23737 192
0x0000723b3da0f2c0 0x0000000665b232c0 0 0 1 0 0 3 1 23737 200
0x0000723b3da0f340 0x0000000665b23340 0 1 1 0 0 3 1 23737 192
0x0000723b3da0f3c0 0x0000000665b233c0 0 1 1 0 0 3 1 23737 200
0x0000723b3da0f440 0x0000000665b23440 0 0 0 0 0 3 1 23737 208
0x0000723b3da0f4c0 0x0000000665b234c0 0 0 0 0 0 3 1 23737 216
0x0000723b3da0f540 0x0000000665b23540 0 1 0 0 0 3 1 23737 208
0x0000723b3da0f5c0 0x0000000665b235c0 0 1 0 0 0 3 1 23737 216
0x0000723b3da0f640 0x0000000665b23640 0 0 1 0 0 3 1 23737 208
0x0000723b3da0f6c0 0x0000000665b236c0 0 0 1 0 0 3 1 23737 216
0x0000723b3da0f740 0x0000000665b23740 0 1 1 0 0 3 1 23737 208
0x0000723b3da0f7c0 0x0000000665b237c0 0 1 1 0 0 3 1 23737 216
0x0000723b3da0f840 0x0000000665b23840 0 0 0 0 0 3 1 23737 224
0x0000723b3da0f8c0 0x0000000665b238c0 0 0 0 0 0 3 1 23737 232
0x0000723b3da0f940 0x0000000665b23940 0 1 0 0 0 3 1 23737 224
0x0000723b3da0f9c0 0x0000000665b239c0 0 1 0 0 0 3 1 23737 232
0x0000723b3da0fa40 0x0000000665b23a40 0 0 1 0 0 3 1 23737 224
0x0000723b3da0fac0 0x0000000665b23ac0 0 0 1 0 0 3 1 23737 232
0x0000723b3da0fb40 0x0000000665b23b40 0 1 1 0 0 3 1 23737 224
0x0000723b3da0fbc0 0x0000000665b23bc0 0 1 1 0 0 3 1 23737 232
0x0000723b3da0fc40 0x0000000665b23c40 0 0 0 0 0 3 1 23737 240
0x0000723b3da0fcc0 0x0000000665b23cc0 0 0 0 0 0 3 1 23737 248
0x0000723b3da0fd40 0x0000000665b23d40 0 1 0 0 0 3 1 23737 240
0x0000723b3da0fdc0 0x0000000665b23dc0 0 1 0 0 0 3 1 23737 248
0x0000723b3da0fe40 0x0000000665b23e40 0 0 1 0 0 3 1 23737 240
0x0000723b3da0fec0 0x0000000665b23ec0 0 0 1 0 0 3 1 23737 248
0x0000723b3da0ff40 0x0000000665b23f40 0 1 1 0 0 3 1 23737 240
0x0000723b3da0ffc0 0x0000000665b23fc0 0 1 1 0 0 3 1 23737 248
0x0000723b3da12040 0x0000000d1dba5040 0 0 0 0 0 3 1 50109 320
0x0000723b3da120c0 0x0000000d1dba50c0 0 0 0 0 0 3 1 50109 328
0x0000723b3da12140 0x0000000d1dba5140 0 1 0 0 0 3 1 50109 320
0x0000723b3da121c0 0x0000000d1dba51c0 0 1 0 0 0 3 1 50109 328
0x0000723b3da12240 0x0000000d1dba5240 0 0 1 0 0 3 1 50109 320
0x0000723b3da122c0 0x0000000d1dba52c0 0 0 1 0 0 3 1 50109 328
0x0000723b3da12340 0x0000000d1dba5340 0 1 1 0 0 3 1 50109 320
0x0000723b3da123c0 0x0000000d1dba53c0 0 1 1 0 0 3 1 50109 328
0x0000723b3da12440 0x0000000d1dba5440 0 0 0 0 0 3 1 50109 336
0x0000723b3da124c0 0x0000000d1dba54c0 0 0 0 0 0 3 1 50109 344
0x0000723b3da12540 0x0000000d1dba5540 0 1 0 0 0 3 1 50109 336
0x0000723b3da125c0 0x0000000d1dba55c0 0 1 0 0 0 3 1 50109 344
0x0000723b3da12640 0x0000000d1dba5640 0 0 1 0 0 3 1 50109 336
0x0000723b3da126c0 0x0000000d1dba56c0 0 0 1 0 0 3 1 50109 344
0x0000723b3da12740 0x0000000d1dba5740 0 1 1 0 0 3 1 50109 336
0x0000723b3da127c0 0x0000000d1dba57c0 0 1 1 0 0 3 1 50109 344
0x0000723b3da12840 0x0000000d1dba5840 0 0 0 0 0 3 1 50109 352
0x0000723b3da128c0 0x0000000d1dba58c0 0 0 0 0 0 3 1 50109 360
0x0000723b3da12940 0x0000000d1dba5940 0 1 0 0 0 3 1 50109 352
0x0000723b3da129c0 0x0000000d1dba59c0 0 1 0 0 0 3 1 50109 360
0x0000723b3da12a40 0x0000000d1dba5a40 0 0 1 0 0 3 1 50109 352
0x0000723b3da12ac0 0x0000000d1dba5ac0 0 0 1 0 0 3 1 50109 360
0x0000723b3da12b40 0x0000000d1dba5b40 0 1 1 0 0 3 1 50109 352
0x0000723b3da12bc0 0x0000000d1dba5bc0 0 1 1 0 0 3 1 50109 360
0x0000723b3da12c40 0x0000000d1dba5c40 0 0 0 0 0 3 1 50109 368
0x0000723b3da12cc0 0x0000000d1dba5cc0 0 0 0 0 0 3 1 50109 376
0x0000723b3da12d40 0x0000000d1dba5d40 0 1 0 0 0 3 1 50109 368
0x0000723b3da12dc0 0x0000000d1dba5dc0 0 1 0 0 0 3 1 50109 376
0x0000723b3da12e40 0x0000000d1dba5e40 0 0 1 0 0 3 1 50109 368
0x0000723b3da12ec0 0x0000000d1dba5ec0 0 0 1 0 0 3 1 50109 376
0x0000723b3da12f40 0x0000000d1dba5f40 0 1 1 0 0 3 1 50109 368
0x0000723b3da12fc0 0x0000000d1dba5fc0 0 1 1 0 0 3 1 50109 376
0x0000723b3da1a040 0x0000000c50b36040 0 0 0 0 0 3 1 47641 896
0x0000723b3da1a0c0 0x0000000c50b360c0 0 0 0 0 0 3 1 47641 904
0x0000723b3da1a140 0x0000000c50b36140 0 1 0 0 0 3 1 47641 896
0x0000723b3da1a1c0 0x0000000c50b361c0 0 1 0 0 0 3 1 47641 904
0x0000723b3da1a240 0x0000000c50b36240 0 0 1 0 0 3 1 47641 896
0x0000723b3da1a2c0 0x0000000c50b362c0 0 0 1 0 0 3 1 47641 904
0x0000723b3da1a340 0x0000000c50b36340 0 1 1 0 0 3 1 47641 896
0x0000723b3da1a3c0 0x0000000c50b363c0 0 1 1 0 0 3 1 47641 904
0x0000723b3da1a440 0x0000000c50b36440 0 0 0 0 0 3 1 47641 912
0x0000723b3da1a4c0 0x0000000c50b364c0 0 0 0 0 0 3 1 47641 920
0x0000723b3da1a540 0x0000000c50b36540 0 1 0 0 0 3 1 47641 912
0x0000723b3da1a5c0 0x0000000c50b365c0 0 1 0 0 0 3 1 47641 920
0x0000723b3da1a640 0x0000000c50b36640 0 0 1 0 0 3 1 47641 912
0x0000723b3da1a6c0 0x0000000c50b366c0 0 0 1 0 0 3 1 47641 920
0x0000723b3da1a740 0x0000000c50b36740 0 1 1 0 0 3 1 47641 912
0x0000723b3da1a7c0 0x0000000c50b367c0 0 1 1 0 0 3 1 47641 920
0x0000723b3da1a840 0x0000000c50b36840 0 0 0 0 0 3 1 47641 928
0x0000723b3da1a8c0 0x0000000c50b368c0 0 0 0 0 0 3 1 47641 936
0x0000723b3da1a940 0x0000000c50b36940 0 1 0 0 0 3 1 47641 928
0x0000723b3da1a9c0 0x0000000c50b369c0 0 1 0 0 0 3 1 47641 936
0x0000723b3da1aa40 0x0000000c50b36a40 0 0 1 0 0 3 1 47641 928
0x0000723b3da1aac0 0x0000000c50b36ac0 0 0 1 0 0 3 1 47641 936
0x0000723b3da1ab40 0x0000000c50b36b40 0 1 1 0 0 3 1 47641 928
0x0000723b3da1abc0 0x0000000c50b36bc0 0 1 1 0 0 3 1 47641 936
0x0000723b3da1ac40 0x0000000c50b36c40 0 0 0 0 0 3 1 47641 944
0x0000723b3da1acc0 0x0000000c50b36cc0 0 0 0 0 0 3 1 47641 952
0x0000723b3da1ad40 0x0000000c50b36d40 0 1 0 0 0 3 1 47641 944
0x0000723b3da1adc0 0x0000000c50b36dc0 0 1 0 0 0 3 1 47641 952
0x0000723b3da1ae40 0x0000000c50b36e40 0 0 1 0 0 3 1 47641 944
0x0000723b3da1aec0 0x0000000c50b36ec0 0 0 1 0 0 3 1 47641 952
0x0000723b3da1af40 0x0000000c50b36f40 0 1 1 0 0 3 1 47641 944
0x0000723b3da1afc0 0x0000000c50b36fc0 0 1 1 0 0 3 1 47641 952
0x0000723b3da20040 0x0000000bb3383040 0 0 0 0 0 3 1 46692 192
0x0000723b3da200c0 0x0000000bb33830c0 0 0 0 0 0 3 1 46692 200
0x0000723b3da20140 0x0000000bb3383140 0 1 0 0 0 3 1 46692 192
0x0000723b3da201c0 0x0000000bb33831c0 0 1 0 0 0 3 1 46692 200
0x0000723b3da20240 0x0000000bb3383240 0 0 1 0 0 3 1 46692 192
0x0000723b3da202c0 0x0000000bb33832c0 0 0 1 0 0 3 1 46692 200
0x0000723b3da20340 0x0000000bb3383340 0 1 1 0 0 3 1 46692 192
0x0000723b3da203c0 0x0000000bb33833c0 0 1 1 0 0 3 1 46692 200
0x0000723b3da20440 0x0000000bb3383440 0 0 0 0 0 3 1 46692 208
0x0000723b3da204c0 0x0000000bb33834c0 0 0 0 0 0 3 1 46692 216
0x0000723b3da20540 0x0000000bb3383540 0 1 0 0 0 3 1 46692 208
0x0000723b3da205c0 0x0000000bb33835c0 0 1 0 0 0 3 1 46692 216
0x0000723b3da20640 0x0000000bb3383640 0 0 1 0 0 3 1 46692 208
0x0000723b3da206c0 0x0000000bb33836c0 0 0 1 0 0 3 1 46692 216
0x0000723b3da20740 0x0000000bb3383740 0 1 1 0 0 3 1 46692 208
0x0000723b3da207c0 0x0000000bb33837c0 0 1 1 0 0 3 1 46692 216
0x0000723b3da20840 0x0000000bb3383840 0 0 0 0 0 3 1 46692 224
0x0000723b3da208c0 0x0000000bb33838c0 0 0 0 0 0 3 1 46692 232
0x0000723b3da20940 0x0000000bb3383940 0 1 0 0 0 3 1 46692 224
0x0000723b3da209c0 0x0000000bb33839c0 0 1 0 0 0 3 1 46692 232
0x0000723b3da20a40 0x0000000bb3383a40 0 0 1 0 0 3 1 46692 224
0x0000723b3da20ac0 0x0000000bb3383ac0 0 0 1 0 0 3 1 46692 232
0x0000723b3da20b40 0x0000000bb3383b40 0 1 1 0 0 3 1 46692 224
0x0000723b3da20bc0 0x0000000bb3383bc0 0 1 1 0 0 3 1 46692 232
0x0000723b3da20c40 0x0000000bb3383c40 0 0 0 0 0 3 1 46692 240
0x0000723b3da20cc0 0x0000000bb3383cc0 0 0 0 0 0 3 1 46692 248
0x0000723b3da20d40 0x0000000bb3383d40 0 1 0 0 0 3 1 46692 240
0x0000723b3da20dc0 0x0000000bb3383dc0 0 1 0 0 0 3 1 46692 248
0x0000723b3da20e40 0x0000000bb3383e40 0 0 1 0 0 3 1 46692 240
0x0000723b3da20ec0 0x0000000bb3383ec0 0 0 1 0 0 3 1 46692 248
0x0000723b3da20f40 0x0000000bb3383f40 0 1 1 0 0 3 1 46692 240
0x0000723b3da20fc0 0x0000000bb3383fc0 0 1 1 0 0 3 1 46692 248
0x0000723b3da22040 0x0000000e17373040 0 0 0 0 0 3 1 54003 704
0x0000723b3da220c0 0x0000000e173730c0 0 0 0 0 0 3 1 54003 712
0x0000723b3da22140 0x0000000e17373140 0 1 0 0 0 3 1 54003 704
0x0000723b3da221c0 0x0000000e173731c0 0 1 0 0 0 3 1 54003 712
0x0000723b3da22240 0x0000000e17373240 0 0 1 0 0 3 1 54003 704
0x0000723b3da222c0 0x0000000e173732c0 0 0 1 0 0 3 1 54003 712
0x0000723b3da22340 0x0000000e17373340 0 1 1 0 0 3 1 54003 704
0x0000723b3da223c0 0x0000000e173733c0 0 1 1 0 0 3 1 54003 712
0x0000723b3da22440 0x0000000e17373440 0 0 0 0 0 3 1 54003 720
0x0000723b3da224c0 0x0000000e173734c0 0 0 0 0 0 3 1 54003 728
0x0000723b3da22540 0x0000000e17373540 0 1 0 0 0 3 1 54003 720
0x0000723b3da225c0 0x0000000e173735c0 0 1 0 0 0 3 1 54003 728
0x0000723b3da22640 0x0000000e17373640 0 0 1 0 0 3 1 54003 720
0x0000723b3da226c0 0x0000000e173736c0 0 0 1 0 0 3 1 54003 728
0x0000723b3da22740 0x0000000e17373740 0 1 1 0 0 3 1 54003 720
0x0000723b3da227c0 0x0000000e173737c0 0 1 1 0 0 3 1 54003 728
0x0000723b3da22840 0x0000000e17373840 0 0 0 0 0 3 1 54003 736
0x0000723b3da228c0 0x0000000e173738c0 0 0 0 0 0 3 1 54003 744
0x0000723b3da22940 0x0000000e17373940 0 1 0 0 0 3 1 54003 736
0x0000723b3da229c0 0x0000000e173739c0 0 1 0 0 0 3 1 54003 744
0x0000723b3da22a40 0x0000000e17373a40 0 0 1 0 0 3 1 54003 736
0x0000723b3da22ac0 0x0000000e17373ac0 0 0 1 0 0 3 1 54003 744
0x0000723b3da22b40 0x0000000e17373b40 0 1 1 0 0 3 1 54003 736
0x0000723b3da22bc0 0x0000000e17373bc0 0 1 1 0 0 3 1 54003 744
0x0000723b3da22c40 0x0000000e17373c40 0 0 0 0 0 3 1 54003 752
0x0000723b3da22cc0 0x0000000e17373cc0 0 0 0 0 0 3 1 54003 760
0x0000723b3da22d40 0x0000000e17373d40 0 1 0 0 0 3 1 54003 752
0x0000723b3da22dc0 0x0000000e17373dc0 0 1 0 0 0 3 1 54003 760
0x0000723b3da22e40 0x0000000e17373e40 0 0 1 0 0 3 1 54003 752
0x0000723b3da22ec0 0x0000000e17373ec0 0 0 1 0 0 3 1 54003 760
0x0000723b3da22f40 0x0000000e17373f40 0 1 1 0 0 3 1 54003 752
0x0000723b3da22fc0 0x0000000e17373fc0 0 1 1 0 0 3 1 54003 760
0x0000723b3da27040 0x0000000d1dba6040 0 0 0 0 0 3 1 50109 384
0x0000723b3da270c0 0x0000000d1dba60c0 0 0 0 0 0 3 1 50109 392
0x0000723b3da27140 0x0000000d1dba6140 0 1 0 0 0 3 1 50109 384
0x0000723b3da271c0 0x0000000d1dba61c0 0 1 0 0 0 3 1 50109 392
0x0000723b3da27240 0x0000000d1dba6240 0 0 1 0 0 3 1 50109 384
0x0000723b3da272c0 0x0000000d1dba62c0 0 0 1 0 0 3 1 50109 392
0x0000723b3da27340 0x0000000d1dba6340 0 1 1 0 0 3 1 50109 384
0x0000723b3da273c0 0x0000000d1dba63c0 0 1 1 0 0 3 1 50109 392
0x0000723b3da27440 0x0000000d1dba6440 0 0 0 0 0 3 1 50109 400
0x0000723b3da274c0 0x0000000d1dba64c0 0 0 0 0 0 3 1 50109 408
0x0000723b3da27540 0x0000000d1dba6540 0 1 0 0 0 3 1 50109 400
0x0000723b3da275c0 0x0000000d1dba65c0 0 1 0 0 0 3 1 50109 408
0x0000723b3da27640 0x0000000d1dba6640 0 0 1 0 0 3 1 50109 400
0x0000723b3da276c0 0x0000000d1dba66c0 0 0 1 0 0 3 1 50109 408
0x0000723b3da27740 0x0000000d1dba6740 0 1 1 0 0 3 1 50109 400
0x0000723b3da277c0 0x0000000d1dba67c0 0 1 1 0 0 3 1 50109 408
0x0000723b3da27840 0x0000000d1dba6840 0 0 0 0 0 3 1 50109 416
0x0000723b3da278c0 0x0000000d1dba68c0 0 0 0 0 0 3 1 50109 424
0x0000723b3da27940 0x0000000d1dba6940 0 1 0 0 0 3 1 50109 416
0x0000723b3da279c0 0x0000000d1dba69c0 0 1 0 0 0 3 1 50109 424
0x0000723b3da27a40 0x0000000d1dba6a40 0 0 1 0 0 3 1 50109 416
0x0000723b3da27ac0 0x0000000d1dba6ac0 0 0 1 0 0 3 1 50109 424
0x0000723b3da27b40 0x0000000d1dba6b40 0 1 1 0 0 3 1 50109 416
0x0000723b3da27bc0 0x0000000d1dba6bc0 0 1 1 0 0 3 1 50109 424
0x0000723b3da27c40 0x0000000d1dba6c40 0 0 0 0 0 3 1 50109 432
0x0000723b3da27cc0 0x0000000d1dba6cc0 0 0 0 0 0 3 1 50109 440
0x0000723b3da27d40 0x0000000d1dba6d40 0 1 0 0 0 3 1 50109 432
0x0000723b3da27dc0 0x0000000d1dba6dc0 0 1 0 0 0 3 1 50109 440
0x0000723b3da27e40 0x0000000d1dba6e40 0 0 1 0 0 3 1 50109 432
0x0000723b3da27ec0 0x0000000d1dba6ec0 0 0 1 0 0 3 1 50109 440
0x0000723b3da27f40 0x0000000d1dba6f40 0 1 1 0 0 3 1 50109 432
0x0000723b3da27fc0 0x0000000d1dba6fc0 0 1 1 0 0 3 1 50109 440
0x0000723b3da2b040 0x00000008373d8040 0 0 0 0 1 3 1 30454 512
0x0000723b3da2b0c0 0x00000008373d80c0 0 0 0 0 1 3 1 30454 520
0x0000723b3da2b140 0x00000008373d8140 0 1 0 0 1 3 1 30454 512
0x0000723b3da2b1c0 0x00000008373d81c0 0 1 0 0 1 3 1 30454 520
0x0000723b3da2b240 0x00000008373d8240 0 0 1 0 1 3 1 30454 512
0x0000723b3da2b2c0 0x00000008373d82c0 0 0 1 0 1 3 1 30454 520
0x0000723b3da2b340 0x00000008373d8340 0 1 1 0 1 3 1 30454 512
0x0000723b3da2b3c0 0x00000008373d83c0 0 1 1 0 1 3 1 30454 520
0x0000723b3da2b440 0x00000008373d8440 0 0 0 0 1 3 1 30454 528
0x0000723b3da2b4c0 0x00000008373d84c0 0 0 0 0 1 3 1 30454 536
0x0000723b3da2b540 0x00000008373d8540 0 1 0 0 1 3 1 30454 528
0x0000723b3da2b5c0 0x00000008373d85c0 0 1 0 0 1 3 1 30454 536
0x0000723b3da2b640 0x00000008373d8640 0 0 1 0 1 3 1 30454 528
0x0000723b3da2b6c0 0x00000008373d86c0 0 0 1 0 1 3 1 30454 536
0x0000723b3da2b740 0x00000008373d8740 0 1 1 0 1 3 1 30454 528
0x0000723b3da2b7c0 0x00000008373d87c0 0 1 1 0 1 3 1 30454 536
0x0000723b3da2b840 0x00000008373d8840 0 0 0 0 1 3 1 30454 544
0x0000723b3da2b8c0 0x00000008373d88c0 0 0 0 0 1 3 1 30454 552
0x0000723b3da2b940 0x00000008373d8940 0 1 0 0 1 3 1 30454 544
0x0000723b3da2b9c0 0x00000008373d89c0 0 1 0 0 1 3 1 30454 552
0x0000723b3da2ba40 0x00000008373d8a40 0 0 1 0 1 3 1 30454 544
0x0000723b3da2bac0 0x00000008373d8ac0 0 0 1 0 1 3 1 30454 552
0x0000723b3da2bb40 0x00000008373d8b40 0 1 1 0 1 3 1 30454 544
0x0000723b3da2bbc0 0x00000008373d8bc0 0 1 1 0 1 3 1 30454 552
0x0000723b3da2bc40 0x00000008373d8c40 0 0 0 0 1 3 1 30454 560
0x0000723b3da2bcc0 0x00000008373d8cc0 0 0 0 0 1 3 1 30454 568
0x0000723b3da2bd40 0x00000008373d8d40 0 1 0 0 1 3 1 30454 560
0x0000723b3da2bdc0 0x00000008373d8dc0 0 1 0 0 1 3 1 30454 568
0x0000723b3da2be40 0x00000008373d8e40 0 0 1 0 1 3 1 30454 560
0x0000723b3da2bec0 0x00000008373d8ec0 0 0 1 0 1 3 1 30454 568
0x0000723b3da2bf40 0x00000008373d8f40 0 1 1 0 1 3 1 30454 560
0x0000723b3da2bfc0 0x00000008373d8fc0 0 1 1 0 1 3 1 30454 568
0x0000723b3da32040 0x0000000e17371040 0 0 0 0 0 3 1 54003 576
0x0000723b3da320c0 0x0000000e173710c0 0 0 0 0 0 3 1 54003 584
0x0000723b3da32140 0x0000000e17371140 0 1 0 0 0 3 1 54003 576
0x0000723b3da321c0 0x0000000e173711c0 0 1 0 0 0 3 1 54003 584
0x0000723b3da32240 0x0000000e17371240 0 0 1 0 0 3 1 54003 576
0x0000723b3da322c0 0x0000000e173712c0 0 0 1 0 0 3 1 54003 584
0x0000723b3da32340 0x0000000e17371340 0 1 1 0 0 3 1 54003 576
0x0000723b3da323c0 0x0000000e173713c0 0 1 1 0 0 3 1 54003 584
0x0000723b3da32440 0x0000000e17371440 0 0 0 0 0 3 1 54003 592
0x0000723b3da324c0 0x0000000e173714c0 0 0 0 0 0 3 1 54003 600
0x0000723b3da32540 0x0000000e17371540 0 1 0 0 0 3 1 54003 592
0x0000723b3da325c0 0x0000000e173715c0 0 1 0 0 0 3 1 54003 600
0x0000723b3da32640 0x0000000e17371640 0 0 1 0 0 3 1 54003 592
0x0000723b3da326c0 0x0000000e173716c0 0 0 1 0 0 3 1 54003 600
0x0000723b3da32740 0x0000000e17371740 0 1 1 0 0 3 1 54003 592
0x0000723b3da327c0 0x0000000e173717c0 0 1 1 0 0 3 1 54003 600
0x0000723b3da32840 0x0000000e17371840 0 0 0 0 0 3 1 54003 608
0x0000723b3da328c0 0x0000000e173718c0 0 0 0 0 0 3 1 54003 616
0x0000723b3da32940 0x0000000e17371940 0 1 0 0 0 3 1 54003 608
0x0000723b3da329c0 0x0000000e173719c0 0 1 0 0 0 3 1 54003 616
0x0000723b3da32a40 0x0000000e17371a40 0 0 1 0 0 3 1 54003 608
0x0000723b3da32ac0 0x0000000e17371ac0 0 0 1 0 0 3 1 54003 616
0x0000723b3da32b40 0x0000000e17371b40 0 1 1 0 0 3 1 54003 608
0x0000723b3da32bc0 0x0000000e17371bc0 0 1 1 0 0 3 1 54003 616
0x0000723b3da32c40 0x0000000e17371c40 0 0 0 0 0 3 1 54003 624
0x0000723b3da32cc0 0x0000000e17371cc0 0 0 0 0 0 3 1 54003 632
0x0000723b3da32d40 0x0000000e17371d40 0 1 0 0 0 3 1 54003 624
0x0000723b3da32dc0 0x0000000e17371dc0 0 1 0 0 0 3 1 54003 632
0x0000723b3da32e40 0x0000000e17371e40 0 0 1 0 0 3 1 54003 624
0x0000723b3da32ec0 0x0000000e17371ec0 0 0 1 0 0 3 1 54003 632
0x0000723b3da32f40 0x0000000e17371f40 0 1 1 0 0 3 1 54003 624
0x0000723b3da32fc0 0x0000000e17371fc0 0 1 1 0 0 3 1 54003 632
0x0000723b3da3b040 0x0000000d1dba4040 0 0 0 0 0 3 1 50109 256
0x0000723b3da3b0c0 0x0000000d1dba40c0 0 0 0 0 0 3 1 50109 264
0x0000723b3da3b140 0x0000000d1dba4140 0 1 0 0 0 3 1 50109 256
0x0000723b3da3b1c0 0x0000000d1dba41c0 0 1 0 0 0 3 1 50109 264
0x0000723b3da3b240 0x0000000d1dba4240 0 0 1 0 0 3 1 50109 256
0x0000723b3da3b2c0 0x0000000d1dba42c0 0 0 1 0 0 3 1 50109 264
0x0000723b3da3b340 0x0000000d1dba4340 0 1 1 0 0 3 1 50109 256
0x0000723b3da3b3c0 0x0000000d1dba43c0 0 1 1 0 0 3 1 50109 264
0x0000723b3da3b440 0x0000000d1dba4440 0 0 0 0 0 3 1 50109 272
0x0000723b3da3b4c0 0x0000000d1dba44c0 0 0 0 0 0 3 1 50109 280
0x0000723b3da3b540 0x0000000d1dba4540 0 1 0 0 0 3 1 50109 272
0x0000723b3da3b5c0 0x0000000d1dba45c0 0 1 0 0 0 3 1 50109 280
0x0000723b3da3b640 0x0000000d1dba4640 0 0 1 0 0 3 1 50109 272
0x0000723b3da3b6c0 0x0000000d1dba46c0 0 0 1 0 0 3 1 50109 280
0x0000723b3da3b740 0x0000000d1dba4740 0 1 1 0 0 3 1 50109 272
0x0000723b3da3b7c0 0x0000000d1dba47c0 0 1 1 0 0 3 1 50109 280
0x0000723b3da3b840 0x0000000d1dba4840 0 0 0 0 0 3 1 50109 288
0x0000723b3da3b8c0 0x0000000d1dba48c0 0 0 0 0 0 3 1 50109 296
0x0000723b3da3b940 0x0000000d1dba4940 0 1 0 0 0 3 1 50109 288
0x0000723b3da3b9c0 0x0000000d1dba49c0 0 1 0 0 0 3 1 50109 296
0x0000723b3da3ba40 0x0000000d1dba4a40 0 0 1 0 0 3 1 50109 288
0x0000723b3da3bac0 0x0000000d1dba4ac0 0 0 1 0 0 3 1 50109 296
0x0000723b3da3bb40 0x0000000d1dba4b40 0 1 1 0 0 3 1 50109 288
0x0000723b3da3bbc0 0x0000000d1dba4bc0 0 1 1 0 0 3 1 50109 296
0x0000723b3da3bc40 0x0000000d1dba4c40 0 0 0 0 0 3 1 50109 304
0x0000723b3da3bcc0 0x0000000d1dba4cc0 0 0 0 0 0 3 1 50109 312
0x0000723b3da3bd40 0x0000000d1dba4d40 0 1 0 0 0 3 1 50109 304
0x0000723b3da3bdc0 0x0000000d1dba4dc0 0 1 0 0 0 3 1 50109 312
0x0000723b3da3be40 0x0000000d1dba4e40 0 0 1 0 0 3 1 50109 304
0x0000723b3da3bec0 0x0000000d1dba4ec0 0 0 1 0 0 3 1 50109 312
0x0000723b3da3bf40 0x0000000d1dba4f40 0 1 1 0 0 3 1 50109 304
0x0000723b3da3bfc0 0x0000000d1dba4fc0 0 1 1 0 0 3 1 50109 312
0x0000723b3da3e040 0x0000000665b21040 0 0 0 0 0 3 1 23737 64
0x0000723b3da3e0c0 0x0000000665b210c0 0 0 0 0 0 3 1 23737 72
0x0000723b3da3e140 0x0000000665b21140 0 1 0 0 0 3 1 23737 64
0x0000723b3da3e1c0 0x0000000665b211c0 0 1 0 0 0 3 1 23737 72
0x0000723b3da3e240 0x0000000665b21240 0 0 1 0 0 3 1 23737 64
0x0000723b3da3e2c0 0x0000000665b212c0 0 0 1 0 0 3 1 23737 72
0x0000723b3da3e340 0x0000000665b21340 0 1 1 0 0 3 1 23737 64
0x0000723b3da3e3c0 0x0000000665b213c0 0 1 1 0 0 3 1 23737 72
0x0000723b3da3e440 0x0000000665b21440 0 0 0 0 0 3 1 23737 80
0x0000723b3da3e4c0 0x0000000665b214c0 0 0 0 0 0 3 1 23737 88
0x0000723b3da3e540 0x0000000665b21540 0 1 0 0 0 3 1 23737 80
0x0000723b3da3e5c0 0x0000000665b215c0 0 1 0 0 0 3 1 23737 88
0x0000723b3da3e640 0x0000000665b21640 0 0 1 0 0 3 1 23737 80
0x0000723b3da3e6c0 0x0000000665b216c0 0 0 1 0 0 3 1 23737 88
0x0000723b3da3e740 0x0000000665b21740 0 1 1 0 0 3 1 23737 80
0x0000723b3da3e7c0 0x0000000665b217c0 0 1 1 0 0 3 1 23737 88
0x0000723b3da3e840 0x0000000665b21840 0 0 0 0 0 3 1 23737 96
0x0000723b3da3e8c0 0x0000000665b218c0 0 0 0 0 0 3 1 23737 104
0x0000723b3da3e940 0x0000000665b21940 0 1 0 0 0 3 1 23737 96
0x0000723b3da3e9c0 0x0000000665b219c0 0 1 0 0 0 3 1 23737 104
0x0000723b3da3ea40 0x0000000665b21a40 0 0 1 0 0 3 1 23737 96
0x0000723b3da3eac0 0x0000000665b21ac0 0 0 1 0 0 3 1 23737 104
0x0000723b3da3eb40 0x0000000665b21b40 0 1 1 0 0 3 1 23737 96
0x0000723b3da3ebc0 0x0000000665b21bc0 0 1 1 0 0 3 1 23737 104
0x0000723b3da3ec40 0x0000000665b21c40 0 0 0 0 0 3 1 23737 112
0x0000723b3da3ecc0 0x0000000665b21cc0 0 0 0 0 0 3 1 23737 120
0x0000723b3da3ed40 0x0000000665b21d40 0 1 0 0 0 3 1 23737 112
0x0000723b3da3edc0 0x0000000665b21dc0 0 1 0 0 0 3 1 23737 120
0x0000723b3da3ee40 0x0000000665b21e40 0 0 1 0 0 3 1 23737 112
0x0000723b3da3eec0 0x0000000665b21ec0 0 0 1 0 0 3 1 23737 120
0x0000723b3da3ef40 0x0000000665b21f40 0 1 1 0 0 3 1 23737 112
0x0000723b3da3efc0 0x0000000665b21fc0 0 1 1 0 0 3 1 23737 120
0x0000723b3da40040 0x0000000bb0bfa040 0 0 0 0 1 3 1 46607 640
0x0000723b3da400c0 0x0000000bb0bfa0c0 0 0 0 0 1 3 1 46607 648
0x0000723b3da40140 0x0000000bb0bfa140 0 1 0 0 1 3 1 46607 640
0x0000723b3da401c0 0x0000000bb0bfa1c0 0 1 0 0 1 3 1 46607 648
0x0000723b3da40240 0x0000000bb0bfa240 0 0 1 0 1 3 1 46607 640
0x0000723b3da402c0 0x0000000bb0bfa2c0 0 0 1 0 1 3 1 46607 648
0x0000723b3da40340 0x0000000bb0bfa340 0 1 1 0 1 3 1 46607 640
0x0000723b3da403c0 0x0000000bb0bfa3c0 0 1 1 0 1 3 1 46607 648
0x0000723b3da40440 0x0000000bb0bfa440 0 0 0 0 1 3 1 46607 656
0x0000723b3da404c0 0x0000000bb0bfa4c0 0 0 0 0 1 3 1 46607 664
0x0000723b3da40540 0x0000000bb0bfa540 0 1 0 0 1 3 1 46607 656
0x0000723b3da405c0 0x0000000bb0bfa5c0 0 1 0 0 1 3 1 46607 664
0x0000723b3da40640 0x0000000bb0bfa640 0 0 1 0 1 3 1 46607 656
0x0000723b3da406c0 0x0000000bb0bfa6c0 0 0 1 0 1 3 1 46607 664
0x0000723b3da40740 0x0000000bb0bfa740 0 1 1 0 1 3 1 46607 656
0x0000723b3da407c0 0x0000000bb0bfa7c0 0 1 1 0 1 3 1 46607 664
0x0000723b3da40840 0x0000000bb0bfa840 0 0 0 0 1 3 1 46607 672
0x0000723b3da408c0 0x0000000bb0bfa8c0 0 0 0 0 1 3 1 46607 680
0x0000723b3da40940 0x0000000bb0bfa940 0 1 0 0 1 3 1 46607 672
0x0000723b3da409c0 0x0000000bb0bfa9c0 0 1 0 0 1 3 1 46607 680
0x0000723b3da40a40 0x0000000bb0bfaa40 0 0 1 0 1 3 1 46607 672
0x0000723b3da40ac0 0x0000000bb0bfaac0 0 0 1 0 1 3 1 46607 680
0x0000723b3da40b40 0x0000000bb0bfab40 0 1 1 0 1 3 1 46607 672
0x0000723b3da40bc0 0x0000000bb0bfabc0 0 1 1 0 1 3 1 46607 680
0x0000723b3da40c40 0x0000000bb0bfac40 0 0 0 0 1 3 1 46607 688
0x0000723b3da40cc0 0x0000000bb0bfacc0 0 0 0 0 1 3 1 46607 696
0x0000723b3da40d40 0x0000000bb0bfad40 0 1 0 0 1 3 1 46607 688
0x0000723b3da40dc0 0x0000000bb0bfadc0 0 1 0 0 1 3 1 46607 696
0x0000723b3da40e40 0x0000000bb0bfae40 0 0 1 0 1 3 1 46607 688
0x0000723b3da40ec0 0x0000000bb0bfaec0 0 0 1 0 1 3 1 46607 696
0x0000723b3da40f40 0x0000000bb0bfaf40 0 1 1 0 1 3 1 46607 688
0x0000723b3da40fc0 0x0000000bb0bfafc0 0 1 1 0 1 3 1 46607 696
0x0000723b3da4c040 0x0000000c843f1040 0 0 0 0 0 3 1 49287 576
0x0000723b3da4c0c0 0x0000000c843f10c0 0 0 0 0 0 3 1 49287 584
0x0000723b3da4c140 0x0000000c843f1140 0 1 0 0 0 3 1 49287 576
0x0000723b3da4c1c0 0x0000000c843f11c0 0 1 0 0 0 3 1 49287 584
0x0000723b3da4c240 0x0000000c843f1240 0 0 1 0 0 3 1 49287 576
0x0000723b3da4c2c0 0x0000000c843f12c0 0 0 1 0 0 3 1 49287 584
0x0000723b3da4c340 0x0000000c843f1340 0 1 1 0 0 3 1 49287 576
0x0000723b3da4c3c0 0x0000000c843f13c0 0 1 1 0 0 3 1 49287 584
0x0000723b3da4c440 0x0000000c843f1440 0 0 0 0 0 3 1 49287 592
0x0000723b3da4c4c0 0x0000000c843f14c0 0 0 0 0 0 3 1 49287 600
0x0000723b3da4c540 0x0000000c843f1540 0 1 0 0 0 3 1 49287 592
0x0000723b3da4c5c0 0x0000000c843f15c0 0 1 0 0 0 3 1 49287 600
0x0000723b3da4c640 0x0000000c843f1640 0 0 1 0 0 3 1 49287 592
0x0000723b3da4c6c0 0x0000000c843f16c0 0 0 1 0 0 3 1 49287 600
0x0000723b3da4c740 0x0000000c843f1740 0 1 1 0 0 3 1 49287 592
0x0000723b3da4c7c0 0x0000000c843f17c0 0 1 1 0 0 3 1 49287 600
0x0000723b3da4c840 0x0000000c843f1840 0 0 0 0 0 3 1 49287 608
0x0000723b3da4c8c0 0x0000000c843f18c0 0 0 0 0 0 3 1 49287 616
0x0000723b3da4c940 0x0000000c843f1940 0 1 0 0 0 3 1 49287 608
0x0000723b3da4c9c0 0x0000000c843f19c0 0 1 0 0 0 3 1 49287 616
0x0000723b3da4ca40 0x0000000c843f1a40 0 0 1 0 0 3 1 49287 608
0x0000723b3da4cac0 0x0000000c843f1ac0 0 0 1 0 0 3 1 49287 616
0x0000723b3da4cb40 0x0000000c843f1b40 0 1 1 0 0 3 1 49287 608
0x0000723b3da4cbc0 0x0000000c843f1bc0 0 1 1 0 0 3 1 49287 616
0x0000723b3da4cc40 0x0000000c843f1c40 0 0 0 0 0 3 1 49287 624
0x0000723b3da4ccc0 0x0000000c843f1cc0 0 0 0 0 0 3 1 49287 632
0x0000723b3da4cd40 0x0000000c843f1d40 0 1 0 0 0 3 1 49287 624
0x0000723b3da4cdc0 0x0000000c843f1dc0 0 1 0 0 0 3 1 49287 632
0x0000723b3da4ce40 0x0000000c843f1e40 0 0 1 0 0 3 1 49287 624
0x0000723b3da4cec0 0x0000000c843f1ec0 0 0 1 0 0 3 1 49287 632
0x0000723b3da4cf40 0x0000000c843f1f40 0 1 1 0 0 3 1 49287 624
0x0000723b3da4cfc0 0x0000000c843f1fc0 0 1 1 0 0 3 1 49287 632
0x0000723b3da4e040 0x0000000bb3381040 0 0 0 0 0 3 1 46692 64
0x0000723b3da4e0c0 0x0000000bb33810c0 0 0 0 0 0 3 1 46692 72
0x0000723b3da4e140 0x0000000bb3381140 0 1 0 0 0 3 1 46692 64
0x0000723b3da4e1c0 0x0000000bb33811c0 0 1 0 0 0 3 1 46692 72
0x0000723b3da4e240 0x0000000bb3381240 0 0 1 0 0 3 1 46692 64
0x0000723b3da4e2c0 0x0000000bb33812c0 0 0 1 0 0 3 1 46692 72
0x0000723b3da4e340 0x0000000bb3381340 0 1 1 0 0 3 1 46692 64
0x0000723b3da4e3c0 0x0000000bb33813c0 0 1 1 0 0 3 1 46692 72
0x0000723b3da4e440 0x0000000bb3381440 0 0 0 0 0 3 1 46692 80
0x0000723b3da4e4c0 0x0000000bb33814c0 0 0 0 0 0 3 1 46692 88
0x0000723b3da4e540 0x0000000bb3381540 0 1 0 0 0 3 1 46692 80
0x0000723b3da4e5c0 0x0000000bb33815c0 0 1 0 0 0 3 1 46692 88
0x0000723b3da4e640 0x0000000bb3381640 0 0 1 0 0 3 1 46692 80
0x0000723b3da4e6c0 0x0000000bb33816c0 0 0 1 0 0 3 1 46692 88
0x0000723b3da4e740 0x0000000bb3381740 0 1 1 0 0 3 1 46692 80
0x0000723b3da4e7c0 0x0000000bb33817c0 0 1 1 0 0 3 1 46692 88
0x0000723b3da4e840 0x0000000bb3381840 0 0 0 0 0 3 1 46692 96
0x0000723b3da4e8c0 0x0000000bb33818c0 0 0 0 0 0 3 1 46692 104
0x0000723b3da4e940 0x0000000bb3381940 0 1 0 0 0 3 1 46692 96
0x0000723b3da4e9c0 0x0000000bb33819c0 0 1 0 0 0 3 1 46692 104
0x0000723b3da4ea40 0x0000000bb3381a40 0 0 1 0 0 3 1 46692 96
0x0000723b3da4eac0 0x0000000bb3381ac0 0 0 1 0 0 3 1 46692 104
0x0000723b3da4eb40 0x0000000bb3381b40 0 1 1 0 0 3 1 46692 96
0x0000723b3da4ebc0 0x0000000bb3381bc0 0 1 1 0 0 3 1 46692 104
0x0000723b3da4ec40 0x0000000bb3381c40 0 0 0 0 0 3 1 46692 112
0x0000723b3da4ecc0 0x0000000bb3381cc0 0 0 0 0 0 3 1 46692 120
0x0000723b3da4ed40 0x0000000bb3381d40 0 1 0 0 0 3 1 46692 112
0x0000723b3da4edc0 0x0000000bb3381dc0 0 1 0 0 0 3 1 46692 120
0x0000723b3da4ee40 0x0000000bb3381e40 0 0 1 0 0 3 1 46692 112
0x0000723b3da4eec0 0x0000000bb3381ec0 0 0 1 0 0 3 1 46692 120
0x0000723b3da4ef40 0x0000000bb3381f40 0 1 1 0 0 3 1 46692 112
0x0000723b3da4efc0 0x0000000bb3381fc0 0 1 1 0 0 3 1 46692 120
0x0000723b3da50040 0x0000000e17370040 0 0 0 0 0 3 1 54003 512
0x0000723b3da500c0 0x0000000e173700c0 0 0 0 0 0 3 1 54003 520
0x0000723b3da50140 0x0000000e17370140 0 1 0 0 0 3 1 54003 512
0x0000723b3da501c0 0x0000000e173701c0 0 1 0 0 0 3 1 54003 520
0x0000723b3da50240 0x0000000e17370240 0 0 1 0 0 3 1 54003 512
0x0000723b3da502c0 0x0000000e173702c0 0 0 1 0 0 3 1 54003 520
0x0000723b3da50340 0x0000000e17370340 0 1 1 0 0 3 1 54003 512
0x0000723b3da503c0 0x0000000e173703c0 0 1 1 0 0 3 1 54003 520
0x0000723b3da50440 0x0000000e17370440 0 0 0 0 0 3 1 54003 528
0x0000723b3da504c0 0x0000000e173704c0 0 0 0 0 0 3 1 54003 536
0x0000723b3da50540 0x0000000e17370540 0 1 0 0 0 3 1 54003 528
0x0000723b3da505c0 0x0000000e173705c0 0 1 0 0 0 3 1 54003 536
0x0000723b3da50640 0x0000000e17370640 0 0 1 0 0 3 1 54003 528
0x0000723b3da506c0 0x0000000e173706c0 0 0 1 0 0 3 1 54003 536
0x0000723b3da50740 0x0000000e17370740 0 1 1 0 0 3 1 54003 528
0x0000723b3da507c0 0x0000000e173707c0 0 1 1 0 0 3 1 54003 536
0x0000723b3da50840 0x0000000e17370840 0 0 0 0 0 3 1 54003 544
0x0000723b3da508c0 0x0000000e173708c0 0 0 0 0 0 3 1 54003 552
0x0000723b3da50940 0x0000000e17370940 0 1 0 0 0 3 1 54003 544
0x0000723b3da509c0 0x0000000e173709c0 0 1 0 0 0 3 1 54003 552
0x0000723b3da50a40 0x0000000e17370a40 0 0 1 0 0 3 1 54003 544
0x0000723b3da50ac0 0x0000000e17370ac0 0 0 1 0 0 3 1 54003 552
0x0000723b3da50b40 0x0000000e17370b40 0 1 1 0 0 3 1 54003 544
0x0000723b3da50bc0 0x0000000e17370bc0 0 1 1 0 0 3 1 54003 552
0x0000723b3da50c40 0x0000000e17370c40 0 0 0 0 0 3 1 54003 560
0x0000723b3da50cc0 0x0000000e17370cc0 0 0 0 0 0 3 1 54003 568
0x0000723b3da50d40 0x0000000e17370d40 0 1 0 0 0 3 1 54003 560
0x0000723b3da50dc0 0x0000000e17370dc0 0 1 0 0 0 3 1 54003 568
0x0000723b3da50e40 0x0000000e17370e40 0 0 1 0 0 3 1 54003 560
0x0000723b3da50ec0 0x0000000e17370ec0 0 0 1 0 0 3 1 54003 568
0x0000723b3da50f40 0x0000000e17370f40 0 1 1 0 0 3 1 54003 560
0x0000723b3da50fc0 0x0000000e17370fc0 0 1 1 0 0 3 1 54003 568
0x0000723b3da52040 0x0000000bb0bfb040 0 0 0 0 1 3 1 46607 704
0x0000723b3da520c0 0x0000000bb0bfb0c0 0 0 0 0 1 3 1 46607 712
0x0000723b3da52140 0x0000000bb0bfb140 0 1 0 0 1 3 1 46607 704
0x0000723b3da521c0 0x0000000bb0bfb1c0 0 1 0 0 1 3 1 46607 712
0x0000723b3da52240 0x0000000bb0bfb240 0 0 1 0 1 3 1 46607 704
0x0000723b3da522c0 0x0000000bb0bfb2c0 0 0 1 0 1 3 1 46607 712
0x0000723b3da52340 0x0000000bb0bfb340 0 1 1 0 1 3 1 46607 704
0x0000723b3da523c0 0x0000000bb0bfb3c0 0 1 1 0 1 3 1 46607 712
0x0000723b3da52440 0x0000000bb0bfb440 0 0 0 0 1 3 1 46607 720
0x0000723b3da524c0 0x0000000bb0bfb4c0 0 0 0 0 1 3 1 46607 728
0x0000723b3da52540 0x0000000bb0bfb540 0 1 0 0 1 3 1 46607 720
0x0000723b3da525c0 0x0000000bb0bfb5c0 0 1 0 0 1 3 1 46607 728
0x0000723b3da52640 0x0000000bb0bfb640 0 0 1 0 1 3 1 46607 720
0x0000723b3da526c0 0x0000000bb0bfb6c0 0 0 1 0 1 3 1 46607 728
0x0000723b3da52740 0x0000000bb0bfb740 0 1 1 0 1 3 1 46607 720
0x0000723b3da527c0 0x0000000bb0bfb7c0 0 1 1 0 1 3 1 46607 728
0x0000723b3da52840 0x0000000bb0bfb840 0 0 0 0 1 3 1 46607 736
0x0000723b3da528c0 0x0000000bb0bfb8c0 0 0 0 0 1 3 1 46607 744
0x0000723b3da52940 0x0000000bb0bfb940 0 1 0 0 1 3 1 46607 736
0x0000723b3da529c0 0x0000000bb0bfb9c0 0 1 0 0 1 3 1 46607 744
0x0000723b3da52a40 0x0000000bb0bfba40 0 0 1 0 1 3 1 46607 736
0x0000723b3da52ac0 0x0000000bb0bfbac0 0 0 1 0 1 3 1 46607 744
0x0000723b3da52b40 0x0000000bb0bfbb40 0 1 1 0 1 3 1 46607 736
0x0000723b3da52bc0 0x0000000bb0bfbbc0 0 1 1 0 1 3 1 46607 744
0x0000723b3da52c40 0x0000000bb0bfbc40 0 0 0 0 1 3 1 46607 752
0x0000723b3da52cc0 0x0000000bb0bfbcc0 0 0 0 0 1 3 1 46607 760
0x0000723b3da52d40 0x0000000bb0bfbd40 0 1 0 0 1 3 1 46607 752
0x0000723b3da52dc0 0x0000000bb0bfbdc0 0 1 0 0 1 3 1 46607 760
0x0000723b3da52e40 0x0000000bb0bfbe40 0 0 1 0 1 3 1 46607 752
0x0000723b3da52ec0 0x0000000bb0bfbec0 0 0 1 0 1 3 1 46607 760
0x0000723b3da52f40 0x0000000bb0bfbf40 0 1 1 0 1 3 1 46607 752
0x0000723b3da52fc0 0x0000000bb0bfbfc0 0 1 1 0 1 3 1 46607 760
0x0000723b3da54040 0x0000000e0e3c1040 0 0 0 0 0 3 1 53718 64
0x0000723b3da540c0 0x0000000e0e3c10c0 0 0 0 0 0 3 1 53718 72
0x0000723b3da54140 0x0000000e0e3c1140 0 1 0 0 0 3 1 53718 64
0x0000723b3da541c0 0x0000000e0e3c11c0 0 1 0 0 0 3 1 53718 72
0x0000723b3da54240 0x0000000e0e3c1240 0 0 1 0 0 3 1 53718 64
0x0000723b3da542c0 0x0000000e0e3c12c0 0 0 1 0 0 3 1 53718 72
0x0000723b3da54340 0x0000000e0e3c1340 0 1 1 0 0 3 1 53718 64
0x0000723b3da543c0 0x0000000e0e3c13c0 0 1 1 0 0 3 1 53718 72
0x0000723b3da54440 0x0000000e0e3c1440 0 0 0 0 0 3 1 53718 80
0x0000723b3da544c0 0x0000000e0e3c14c0 0 0 0 0 0 3 1 53718 88
0x0000723b3da54540 0x0000000e0e3c1540 0 1 0 0 0 3 1 53718 80
0x0000723b3da545c0 0x0000000e0e3c15c0 0 1 0 0 0 3 1 53718 88
0x0000723b3da54640 0x0000000e0e3c1640 0 0 1 0 0 3 1 53718 80
0x0000723b3da546c0 0x0000000e0e3c16c0 0 0 1 0 0 3 1 53718 88
0x0000723b3da54740 0x0000000e0e3c1740 0 1 1 0 0 3 1 53718 80
0x0000723b3da547c0 0x0000000e0e3c17c0 0 1 1 0 0 3 1 53718 88
0x0000723b3da54840 0x0000000e0e3c1840 0 0 0 0 0 3 1 53718 96
0x0000723b3da548c0 0x0000000e0e3c18c0 0 0 0 0 0 3 1 53718 104
0x0000723b3da54940 0x0000000e0e3c1940 0 1 0 0 0 3 1 53718 96
0x0000723b3da549c0 0x0000000e0e3c19c0 0 1 0 0 0 3 1 53718 104
0x0000723b3da54a40 0x0000000e0e3c1a40 0 0 1 0 0 3 1 53718 96
0x0000723b3da54ac0 0x0000000e0e3c1ac0 0 0 1 0 0 3 1 53718 104
0x0000723b3da54b40 0x0000000e0e3c1b40 0 1 1 0 0 3 1 53718 96
0x0000723b3da54bc0 0x0000000e0e3c1bc0 0 1 1 0 0 3 1 53718 104
0x0000723b3da54c40 0x0000000e0e3c1c40 0 0 0 0 0 3 1 53718 112
0x0000723b3da54cc0 0x0000000e0e3c1cc0 0 0 0 0 0 3 1 53718 120
0x0000723b3da54d40 0x0000000e0e3c1d40 0 1 0 0 0 3 1 53718 112
0x0000723b3da54dc0 0x0000000e0e3c1dc0 0 1 0 0 0 3 1 53718 120
0x0000723b3da54e40 0x0000000e0e3c1e40 0 0 1 0 0 3 1 53718 112
0x0000723b3da54ec0 0x0000000e0e3c1ec0 0 0 1 0 0 3 1 53718 120
0x0000723b3da54f40 0x0000000e0e3c1f40 0 1 1 0 0 3 1 53718 112
0x0000723b3da54fc0 0x0000000e0e3c1fc0 0 1 1 0 0 3 1 53718 120
0x0000723b3da56040 0x000000085c376040 0 0 0 0 0 3 1 31635 896
0x0000723b3da560c0 0x000000085c3760c0 0 0 0 0 0 3 1 31635 904
0x0000723b3da56140 0x000000085c376140 0 1 0 0 0 3 1 31635 896
0x0000723b3da561c0 0x000000085c3761c0 0 1 0 0 0 3 1 31635 904
0x0000723b3da56240 0x000000085c376240 0 0 1 0 0 3 1 31635 896
0x0000723b3da562c0 0x000000085c3762c0 0 0 1 0 0 3 1 31635 904
0x0000723b3da56340 0x000000085c376340 0 1 1 0 0 3 1 31635 896
0x0000723b3da563c0 0x000000085c3763c0 0 1 1 0 0 3 1 31635 904
0x0000723b3da56440 0x000000085c376440 0 0 0 0 0 3 1 31635 912
0x0000723b3da564c0 0x000000085c3764c0 0 0 0 0 0 3 1 31635 920
0x0000723b3da56540 0x000000085c376540 0 1 0 0 0 3 1 31635 912
0x0000723b3da565c0 0x000000085c3765c0 0 1 0 0 0 3 1 31635 920
0x0000723b3da56640 0x000000085c376640 0 0 1 0 0 3 1 31635 912
0x0000723b3da566c0 0x000000085c3766c0 0 0 1 0 0 3 1 31635 920
0x0000723b3da56740 0x000000085c376740 0 1 1 0 0 3 1 31635 912
0x0000723b3da567c0 0x000000085c3767c0 0 1 1 0 0 3 1 31635 920
0x0000723b3da56840 0x000000085c376840 0 0 0 0 0 3 1 31635 928
0x0000723b3da568c0 0x000000085c3768c0 0 0 0 0 0 3 1 31635 936
0x0000723b3da56940 0x000000085c376940 0 1 0 0 0 3 1 31635 928
0x0000723b3da569c0 0x000000085c3769c0 0 1 0 0 0 3 1 31635 936
0x0000723b3da56a40 0x000000085c376a40 0 0 1 0 0 3 1 31635 928
0x0000723b3da56ac0 0x000000085c376ac0 0 0 1 0 0 3 1 31635 936
0x0000723b3da56b40 0x000000085c376b40 0 1 1 0 0 3 1 31635 928
0x0000723b3da56bc0 0x000000085c376bc0 0 1 1 0 0 3 1 31635 936
0x0000723b3da56c40 0x000000085c376c40 0 0 0 0 0 3 1 31635 944
0x0000723b3da56cc0 0x000000085c376cc0 0 0 0 0 0 3 1 31635 952
0x0000723b3da56d40 0x000000085c376d40 0 1 0 0 0 3 1 31635 944
0x0000723b3da56dc0 0x000000085c376dc0 0 1 0 0 0 3 1 31635 952
0x0000723b3da56e40 0x000000085c376e40 0 0 1 0 0 3 1 31635 944
0x0000723b3da56ec0 0x000000085c376ec0 0 0 1 0 0 3 1 31635 952
0x0000723b3da56f40 0x000000085c376f40 0 1 1 0 0 3 1 31635 944
0x0000723b3da56fc0 0x000000085c376fc0 0 1 1 0 0 3 1 31635 952
0x0000723b3da59040 0x0000000f08b90040 0 0 0 0 0 3 1 57628 512
0x0000723b3da590c0 0x0000000f08b900c0 0 0 0 0 0 3 1 57628 520
0x0000723b3da59140 0x0000000f08b90140 0 1 0 0 0 3 1 57628 512
0x0000723b3da591c0 0x0000000f08b901c0 0 1 0 0 0 3 1 57628 520
0x0000723b3da59240 0x0000000f08b90240 0 0 1 0 0 3 1 57628 512
0x0000723b3da592c0 0x0000000f08b902c0 0 0 1 0 0 3 1 57628 520
0x0000723b3da59340 0x0000000f08b90340 0 1 1 0 0 3 1 57628 512
0x0000723b3da593c0 0x0000000f08b903c0 0 1 1 0 0 3 1 57628 520
0x0000723b3da59440 0x0000000f08b90440 0 0 0 0 0 3 1 57628 528
0x0000723b3da594c0 0x0000000f08b904c0 0 0 0 0 0 3 1 57628 536
0x0000723b3da59540 0x0000000f08b90540 0 1 0 0 0 3 1 57628 528
0x0000723b3da595c0 0x0000000f08b905c0 0 1 0 0 0 3 1 57628 536
0x0000723b3da59640 0x0000000f08b90640 0 0 1 0 0 3 1 57628 528
0x0000723b3da596c0 0x0000000f08b906c0 0 0 1 0 0 3 1 57628 536
0x0000723b3da59740 0x0000000f08b90740 0 1 1 0 0 3 1 57628 528
0x0000723b3da597c0 0x0000000f08b907c0 0 1 1 0 0 3 1 57628 536
0x0000723b3da59840 0x0000000f08b90840 0 0 0 0 0 3 1 57628 544
0x0000723b3da598c0 0x0000000f08b908c0 0 0 0 0 0 3 1 57628 552
0x0000723b3da59940 0x0000000f08b90940 0 1 0 0 0 3 1 57628 544
0x0000723b3da599c0 0x0000000f08b909c0 0 1 0 0 0 3 1 57628 552
0x0000723b3da59a40 0x0000000f08b90a40 0 0 1 0 0 3 1 57628 544
0x0000723b3da59ac0 0x0000000f08b90ac0 0 0 1 0 0 3 1 57628 552
0x0000723b3da59b40 0x0000000f08b90b40 0 1 1 0 0 3 1 57628 544
0x0000723b3da59bc0 0x0000000f08b90bc0 0 1 1 0 0 3 1 57628 552
0x0000723b3da59c40 0x0000000f08b90c40 0 0 0 0 0 3 1 57628 560
0x0000723b3da59cc0 0x0000000f08b90cc0 0 0 0 0 0 3 1 57628 568
0x0000723b3da59d40 0x0000000f08b90d40 0 1 0 0 0 3 1 57628 560
0x0000723b3da59dc0 0x0000000f08b90dc0 0 1 0 0 0 3 1 57628 568
0x0000723b3da59e40 0x0000000f08b90e40 0 0 1 0 0 3 1 57628 560
0x0000723b3da59ec0 0x0000000f08b90ec0 0 0 1 0 0 3 1 57628 568
0x0000723b3da59f40 0x0000000f08b90f40 0 1 1 0 0 3 1 57628 560
0x0000723b3da59fc0 0x0000000f08b90fc0 0 1 1 0 0 3 1 57628 568
0x0000723b3da5a040 0x000000019fb50040 0 0 0 0 0 3 1 5098 512
0x0000723b3da5a0c0 0x000000019fb500c0 0 0 0 0 0 3 1 5098 520
0x0000723b3da5a140 0x000000019fb50140 0 1 0 0 0 3 1 5098 512
0x0000723b3da5a1c0 0x000000019fb501c0 0 1 0 0 0 3 1 5098 520
0x0000723b3da5a240 0x000000019fb50240 0 0 1 0 0 3 1 5098 512
0x0000723b3da5a2c0 0x000000019fb502c0 0 0 1 0 0 3 1 5098 520
0x0000723b3da5a340 0x000000019fb50340 0 1 1 0 0 3 1 5098 512
0x0000723b3da5a3c0 0x000000019fb503c0 0 1 1 0 0 3 1 5098 520
0x0000723b3da5a440 0x000000019fb50440 0 0 0 0 0 3 1 5098 528
0x0000723b3da5a4c0 0x000000019fb504c0 0 0 0 0 0 3 1 5098 536
0x0000723b3da5a540 0x000000019fb50540 0 1 0 0 0 3 1 5098 528
0x0000723b3da5a5c0 0x000000019fb505c0 0 1 0 0 0 3 1 5098 536
0x0000723b3da5a640 0x000000019fb50640 0 0 1 0 0 3 1 5098 528
0x0000723b3da5a6c0 0x000000019fb506c0 0 0 1 0 0 3 1 5098 536
0x0000723b3da5a740 0x000000019fb50740 0 1 1 0 0 3 1 5098 528
0x0000723b3da5a7c0 0x000000019fb507c0 0 1 1 0 0 3 1 5098 536
0x0000723b3da5a840 0x000000019fb50840 0 0 0 0 0 3 1 5098 544
0x0000723b3da5a8c0 0x000000019fb508c0 0 0 0 0 0 3 1 5098 552
0x0000723b3da5a940 0x000000019fb50940 0 1 0 0 0 3 1 5098 544
0x0000723b3da5a9c0 0x000000019fb509c0 0 1 0 0 0 3 1 5098 552
0x0000723b3da5aa40 0x000000019fb50a40 0 0 1 0 0 3 1 5098 544
0x0000723b3da5aac0 0x000000019fb50ac0 0 0 1 0 0 3 1 5098 552
0x0000723b3da5ab40 0x000000019fb50b40 0 1 1 0 0 3 1 5098 544
0x0000723b3da5abc0 0x000000019fb50bc0 0 1 1 0 0 3 1 5098 552
0x0000723b3da5ac40 0x000000019fb50c40 0 0 0 0 0 3 1 5098 560
0x0000723b3da5acc0 0x000000019fb50cc0 0 0 0 0 0 3 1 5098 568
0x0000723b3da5ad40 0x000000019fb50d40 0 1 0 0 0 3 1 5098 560
0x0000723b3da5adc0 0x000000019fb50dc0 0 1 0 0 0 3 1 5098 568
0x0000723b3da5ae40 0x000000019fb50e40 0 0 1 0 0 3 1 5098 560
0x0000723b3da5aec0 0x000000019fb50ec0 0 0 1 0 0 3 1 5098 568
0x0000723b3da5af40 0x000000019fb50f40 0 1 1 0 0 3 1 5098 560
0x0000723b3da5afc0 0x000000019fb50fc0 0 1 1 0 0 3 1 5098 568
0x0000723b3da63040 0x000000019fb51040 0 0 0 0 0 3 1 5098 576
0x0000723b3da630c0 0x000000019fb510c0 0 0 0 0 0 3 1 5098 584
0x0000723b3da63140 0x000000019fb51140 0 1 0 0 0 3 1 5098 576
0x0000723b3da631c0 0x000000019fb511c0 0 1 0 0 0 3 1 5098 584
0x0000723b3da63240 0x000000019fb51240 0 0 1 0 0 3 1 5098 576
0x0000723b3da632c0 0x000000019fb512c0 0 0 1 0 0 3 1 5098 584
0x0000723b3da63340 0x000000019fb51340 0 1 1 0 0 3 1 5098 576
0x0000723b3da633c0 0x000000019fb513c0 0 1 1 0 0 3 1 5098 584
0x0000723b3da63440 0x000000019fb51440 0 0 0 0 0 3 1 5098 592
0x0000723b3da634c0 0x000000019fb514c0 0 0 0 0 0 3 1 5098 600
0x0000723b3da63540 0x000000019fb51540 0 1 0 0 0 3 1 5098 592
0x0000723b3da635c0 0x000000019fb515c0 0 1 0 0 0 3 1 5098 600
0x0000723b3da63640 0x000000019fb51640 0 0 1 0 0 3 1 5098 592
0x0000723b3da636c0 0x000000019fb516c0 0 0 1 0 0 3 1 5098 600
0x0000723b3da63740 0x000000019fb51740 0 1 1 0 0 3 1 5098 592
0x0000723b3da637c0 0x000000019fb517c0 0 1 1 0 0 3 1 5098 600
0x0000723b3da63840 0x000000019fb51840 0 0 0 0 0 3 1 5098 608
0x0000723b3da638c0 0x000000019fb518c0 0 0 0 0 0 3 1 5098 616
0x0000723b3da63940 0x000000019fb51940 0 1 0 0 0 3 1 5098 608
0x0000723b3da639c0 0x000000019fb519c0 0 1 0 0 0 3 1 5098 616
0x0000723b3da63a40 0x000000019fb51a40 0 0 1 0 0 3 1 5098 608
0x0000723b3da63ac0 0x000000019fb51ac0 0 0 1 0 0 3 1 5098 616
0x0000723b3da63b40 0x000000019fb51b40 0 1 1 0 0 3 1 5098 608
0x0000723b3da63bc0 0x000000019fb51bc0 0 1 1 0 0 3 1 5098 616
0x0000723b3da63c40 0x000000019fb51c40 0 0 0 0 0 3 1 5098 624
0x0000723b3da63cc0 0x000000019fb51cc0 0 0 0 0 0 3 1 5098 632
0x0000723b3da63d40 0x000000019fb51d40 0 1 0 0 0 3 1 5098 624
0x0000723b3da63dc0 0x000000019fb51dc0 0 1 0 0 0 3 1 5098 632
0x0000723b3da63e40 0x000000019fb51e40 0 0 1 0 0 3 1 5098 624
0x0000723b3da63ec0 0x000000019fb51ec0 0 0 1 0 0 3 1 5098 632
0x0000723b3da63f40 0x000000019fb51f40 0 1 1 0 0 3 1 5098 624
0x0000723b3da63fc0 0x000000019fb51fc0 0 1 1 0 0 3 1 5098 632
0x0000723b3da64040 0x0000000f08b91040 0 0 0 0 0 3 1 57628 576
0x0000723b3da640c0 0x0000000f08b910c0 0 0 0 0 0 3 1 57628 584
0x0000723b3da64140 0x0000000f08b91140 0 1 0 0 0 3 1 57628 576
0x0000723b3da641c0 0x0000000f08b911c0 0 1 0 0 0 3 1 57628 584
0x0000723b3da64240 0x0000000f08b91240 0 0 1 0 0 3 1 57628 576
0x0000723b3da642c0 0x0000000f08b912c0 0 0 1 0 0 3 1 57628 584
0x0000723b3da64340 0x0000000f08b91340 0 1 1 0 0 3 1 57628 576
0x0000723b3da643c0 0x0000000f08b913c0 0 1 1 0 0 3 1 57628 584
0x0000723b3da64440 0x0000000f08b91440 0 0 0 0 0 3 1 57628 592
0x0000723b3da644c0 0x0000000f08b914c0 0 0 0 0 0 3 1 57628 600
0x0000723b3da64540 0x0000000f08b91540 0 1 0 0 0 3 1 57628 592
0x0000723b3da645c0 0x0000000f08b915c0 0 1 0 0 0 3 1 57628 600
0x0000723b3da64640 0x0000000f08b91640 0 0 1 0 0 3 1 57628 592
0x0000723b3da646c0 0x0000000f08b916c0 0 0 1 0 0 3 1 57628 600
0x0000723b3da64740 0x0000000f08b91740 0 1 1 0 0 3 1 57628 592
0x0000723b3da647c0 0x0000000f08b917c0 0 1 1 0 0 3 1 57628 600
0x0000723b3da64840 0x0000000f08b91840 0 0 0 0 0 3 1 57628 608
0x0000723b3da648c0 0x0000000f08b918c0 0 0 0 0 0 3 1 57628 616
0x0000723b3da64940 0x0000000f08b91940 0 1 0 0 0 3 1 57628 608
0x0000723b3da649c0 0x0000000f08b919c0 0 1 0 0 0 3 1 57628 616
0x0000723b3da64a40 0x0000000f08b91a40 0 0 1 0 0 3 1 57628 608
0x0000723b3da64ac0 0x0000000f08b91ac0 0 0 1 0 0 3 1 57628 616
0x0000723b3da64b40 0x0000000f08b91b40 0 1 1 0 0 3 1 57628 608
0x0000723b3da64bc0 0x0000000f08b91bc0 0 1 1 0 0 3 1 57628 616
0x0000723b3da64c40 0x0000000f08b91c40 0 0 0 0 0 3 1 57628 624
0x0000723b3da64cc0 0x0000000f08b91cc0 0 0 0 0 0 3 1 57628 632
0x0000723b3da64d40 0x0000000f08b91d40 0 1 0 0 0 3 1 57628 624
0x0000723b3da64dc0 0x0000000f08b91dc0 0 1 0 0 0 3 1 57628 632
0x0000723b3da64e40 0x0000000f08b91e40 0 0 1 0 0 3 1 57628 624
0x0000723b3da64ec0 0x0000000f08b91ec0 0 0 1 0 0 3 1 57628 632
0x0000723b3da64f40 0x0000000f08b91f40 0 1 1 0 0 3 1 57628 624
0x0000723b3da64fc0 0x0000000f08b91fc0 0 1 1 0 0 3 1 57628 632
0x0000723b3da69040 0x0000000d6e3ea040 0 0 0 0 1 3 1 52695 128
0x0000723b3da690c0 0x0000000d6e3ea0c0 0 0 0 0 1 3 1 52695 136
0x0000723b3da69140 0x0000000d6e3ea140 0 1 0 0 1 3 1 52695 128
0x0000723b3da691c0 0x0000000d6e3ea1c0 0 1 0 0 1 3 1 52695 136
0x0000723b3da69240 0x0000000d6e3ea240 0 0 1 0 1 3 1 52695 128
0x0000723b3da692c0 0x0000000d6e3ea2c0 0 0 1 0 1 3 1 52695 136
0x0000723b3da69340 0x0000000d6e3ea340 0 1 1 0 1 3 1 52695 128
0x0000723b3da693c0 0x0000000d6e3ea3c0 0 1 1 0 1 3 1 52695 136
0x0000723b3da69440 0x0000000d6e3ea440 0 0 0 0 1 3 1 52695 144
0x0000723b3da694c0 0x0000000d6e3ea4c0 0 0 0 0 1 3 1 52695 152
0x0000723b3da69540 0x0000000d6e3ea540 0 1 0 0 1 3 1 52695 144
0x0000723b3da695c0 0x0000000d6e3ea5c0 0 1 0 0 1 3 1 52695 152
0x0000723b3da69640 0x0000000d6e3ea640 0 0 1 0 1 3 1 52695 144
0x0000723b3da696c0 0x0000000d6e3ea6c0 0 0 1 0 1 3 1 52695 152
0x0000723b3da69740 0x0000000d6e3ea740 0 1 1 0 1 3 1 52695 144
0x0000723b3da697c0 0x0000000d6e3ea7c0 0 1 1 0 1 3 1 52695 152
0x0000723b3da69840 0x0000000d6e3ea840 0 0 0 0 1 3 1 52695 160
0x0000723b3da698c0 0x0000000d6e3ea8c0 0 0 0 0 1 3 1 52695 168
0x0000723b3da69940 0x0000000d6e3ea940 0 1 0 0 1 3 1 52695 160
0x0000723b3da699c0 0x0000000d6e3ea9c0 0 1 0 0 1 3 1 52695 168
0x0000723b3da69a40 0x0000000d6e3eaa40 0 0 1 0 1 3 1 52695 160
0x0000723b3da69ac0 0x0000000d6e3eaac0 0 0 1 0 1 3 1 52695 168
0x0000723b3da69b40 0x0000000d6e3eab40 0 1 1 0 1 3 1 52695 160
0x0000723b3da69bc0 0x0000000d6e3eabc0 0 1 1 0 1 3 1 52695 168
0x0000723b3da69c40 0x0000000d6e3eac40 0 0 0 0 1 3 1 52695 176
0x0000723b3da69cc0 0x0000000d6e3eacc0 0 0 0 0 1 3 1 52695 184
0x0000723b3da69d40 0x0000000d6e3ead40 0 1 0 0 1 3 1 52695 176
0x0000723b3da69dc0 0x0000000d6e3eadc0 0 1 0 0 1 3 1 52695 184
0x0000723b3da69e40 0x0000000d6e3eae40 0 0 1 0 1 3 1 52695 176
0x0000723b3da69ec0 0x0000000d6e3eaec0 0 0 1 0 1 3 1 52695 184
0x0000723b3da69f40 0x0000000d6e3eaf40 0 1 1 0 1 3 1 52695 176
0x0000723b3da69fc0 0x0000000d6e3eafc0 0 1 1 0 1 3 1 52695 184
0x0000723b3da6f040 0x00000007a5344040 0 0 0 0 0 3 1 29858 256
0x0000723b3da6f0c0 0x00000007a53440c0 0 0 0 0 0 3 1 29858 264
0x0000723b3da6f140 0x00000007a5344140 0 1 0 0 0 3 1 29858 256
0x0000723b3da6f1c0 0x00000007a53441c0 0 1 0 0 0 3 1 29858 264
0x0000723b3da6f240 0x00000007a5344240 0 0 1 0 0 3 1 29858 256
0x0000723b3da6f2c0 0x00000007a53442c0 0 0 1 0 0 3 1 29858 264
0x0000723b3da6f340 0x00000007a5344340 0 1 1 0 0 3 1 29858 256
0x0000723b3da6f3c0 0x00000007a53443c0 0 1 1 0 0 3 1 29858 264
0x0000723b3da6f440 0x00000007a5344440 0 0 0 0 0 3 1 29858 272
0x0000723b3da6f4c0 0x00000007a53444c0 0 0 0 0 0 3 1 29858 280
0x0000723b3da6f540 0x00000007a5344540 0 1 0 0 0 3 1 29858 272
0x0000723b3da6f5c0 0x00000007a53445c0 0 1 0 0 0 3 1 29858 280
0x0000723b3da6f640 0x00000007a5344640 0 0 1 0 0 3 1 29858 272
0x0000723b3da6f6c0 0x00000007a53446c0 0 0 1 0 0 3 1 29858 280
0x0000723b3da6f740 0x00000007a5344740 0 1 1 0 0 3 1 29858 272
0x0000723b3da6f7c0 0x00000007a53447c0 0 1 1 0 0 3 1 29858 280
0x0000723b3da6f840 0x00000007a5344840 0 0 0 0 0 3 1 29858 288
0x0000723b3da6f8c0 0x00000007a53448c0 0 0 0 0 0 3 1 29858 296
0x0000723b3da6f940 0x00000007a5344940 0 1 0 0 0 3 1 29858 288
0x0000723b3da6f9c0 0x00000007a53449c0 0 1 0 0 0 3 1 29858 296
0x0000723b3da6fa40 0x00000007a5344a40 0 0 1 0 0 3 1 29858 288
0x0000723b3da6fac0 0x00000007a5344ac0 0 0 1 0 0 3 1 29858 296
0x0000723b3da6fb40 0x00000007a5344b40 0 1 1 0 0 3 1 29858 288
0x0000723b3da6fbc0 0x00000007a5344bc0 0 1 1 0 0 3 1 29858 296
0x0000723b3da6fc40 0x00000007a5344c40 0 0 0 0 0 3 1 29858 304
0x0000723b3da6fcc0 0x00000007a5344cc0 0 0 0 0 0 3 1 29858 312
0x0000723b3da6fd40 0x00000007a5344d40 0 1 0 0 0 3 1 29858 304
0x0000723b3da6fdc0 0x00000007a5344dc0 0 1 0 0 0 3 1 29858 312
0x0000723b3da6fe40 0x00000007a5344e40 0 0 1 0 0 3 1 29858 304
0x0000723b3da6fec0 0x00000007a5344ec0 0 0 1 0 0 3 1 29858 312
0x0000723b3da6ff40 0x00000007a5344f40 0 1 1 0 0 3 1 29858 304
0x0000723b3da6ffc0 0x00000007a5344fc0 0 1 1 0 0 3 1 29858 312
0x0000723b3da75040 0x00000007a5345040 0 0 0 0 0 3 1 29858 320
0x0000723b3da750c0 0x00000007a53450c0 0 0 0 0 0 3 1 29858 328
0x0000723b3da75140 0x00000007a5345140 0 1 0 0 0 3 1 29858 320
0x0000723b3da751c0 0x00000007a53451c0 0 1 0 0 0 3 1 29858 328
0x0000723b3da75240 0x00000007a5345240 0 0 1 0 0 3 1 29858 320
0x0000723b3da752c0 0x00000007a53452c0 0 0 1 0 0 3 1 29858 328
0x0000723b3da75340 0x00000007a5345340 0 1 1 0 0 3 1 29858 320
0x0000723b3da753c0 0x00000007a53453c0 0 1 1 0 0 3 1 29858 328
0x0000723b3da75440 0x00000007a5345440 0 0 0 0 0 3 1 29858 336
0x0000723b3da754c0 0x00000007a53454c0 0 0 0 0 0 3 1 29858 344
0x0000723b3da75540 0x00000007a5345540 0 1 0 0 0 3 1 29858 336
0x0000723b3da755c0 0x00000007a53455c0 0 1 0 0 0 3 1 29858 344
0x0000723b3da75640 0x00000007a5345640 0 0 1 0 0 3 1 29858 336
0x0000723b3da756c0 0x00000007a53456c0 0 0 1 0 0 3 1 29858 344
0x0000723b3da75740 0x00000007a5345740 0 1 1 0 0 3 1 29858 336
0x0000723b3da757c0 0x00000007a53457c0 0 1 1 0 0 3 1 29858 344
0x0000723b3da75840 0x00000007a5345840 0 0 0 0 0 3 1 29858 352
0x0000723b3da758c0 0x00000007a53458c0 0 0 0 0 0 3 1 29858 360
0x0000723b3da75940 0x00000007a5345940 0 1 0 0 0 3 1 29858 352
0x0000723b3da759c0 0x00000007a53459c0 0 1 0 0 0 3 1 29858 360
0x0000723b3da75a40 0x00000007a5345a40 0 0 1 0 0 3 1 29858 352
0x0000723b3da75ac0 0x00000007a5345ac0 0 0 1 0 0 3 1 29858 360
0x0000723b3da75b40 0x00000007a5345b40 0 1 1 0 0 3 1 29858 352
0x0000723b3da75bc0 0x00000007a5345bc0 0 1 1 0 0 3 1 29858 360
0x0000723b3da75c40 0x00000007a5345c40 0 0 0 0 0 3 1 29858 368
0x0000723b3da75cc0 0x00000007a5345cc0 0 0 0 0 0 3 1 29858 376
0x0000723b3da75d40 0x00000007a5345d40 0 1 0 0 0 3 1 29858 368
0x0000723b3da75dc0 0x00000007a5345dc0 0 1 0 0 0 3 1 29858 376
0x0000723b3da75e40 0x00000007a5345e40 0 0 1 0 0 3 1 29858 368
0x0000723b3da75ec0 0x00000007a5345ec0 0 0 1 0 0 3 1 29858 376
0x0000723b3da75f40 0x00000007a5345f40 0 1 1 0 0 3 1 29858 368
0x0000723b3da75fc0 0x00000007a5345fc0 0 1 1 0 0 3 1 29858 376
0x0000723b3da83040 0x0000000bb0bf8040 0 0 0 0 1 3 1 46607 512
0x0000723b3da830c0 0x0000000bb0bf80c0 0 0 0 0 1 3 1 46607 520
0x0000723b3da83140 0x0000000bb0bf8140 0 1 0 0 1 3 1 46607 512
0x0000723b3da831c0 0x0000000bb0bf81c0 0 1 0 0 1 3 1 46607 520
0x0000723b3da83240 0x0000000bb0bf8240 0 0 1 0 1 3 1 46607 512
0x0000723b3da832c0 0x0000000bb0bf82c0 0 0 1 0 1 3 1 46607 520
0x0000723b3da83340 0x0000000bb0bf8340 0 1 1 0 1 3 1 46607 512
0x0000723b3da833c0 0x0000000bb0bf83c0 0 1 1 0 1 3 1 46607 520
0x0000723b3da83440 0x0000000bb0bf8440 0 0 0 0 1 3 1 46607 528
0x0000723b3da834c0 0x0000000bb0bf84c0 0 0 0 0 1 3 1 46607 536
0x0000723b3da83540 0x0000000bb0bf8540 0 1 0 0 1 3 1 46607 528
0x0000723b3da835c0 0x0000000bb0bf85c0 0 1 0 0 1 3 1 46607 536
0x0000723b3da83640 0x0000000bb0bf8640 0 0 1 0 1 3 1 46607 528
0x0000723b3da836c0 0x0000000bb0bf86c0 0 0 1 0 1 3 1 46607 536
0x0000723b3da83740 0x0000000bb0bf8740 0 1 1 0 1 3 1 46607 528
0x0000723b3da837c0 0x0000000bb0bf87c0 0 1 1 0 1 3 1 46607 536
0x0000723b3da83840 0x0000000bb0bf8840 0 0 0 0 1 3 1 46607 544
0x0000723b3da838c0 0x0000000bb0bf88c0 0 0 0 0 1 3 1 46607 552
0x0000723b3da83940 0x0000000bb0bf8940 0 1 0 0 1 3 1 46607 544
0x0000723b3da839c0 0x0000000bb0bf89c0 0 1 0 0 1 3 1 46607 552
0x0000723b3da83a40 0x0000000bb0bf8a40 0 0 1 0 1 3 1 46607 544
0x0000723b3da83ac0 0x0000000bb0bf8ac0 0 0 1 0 1 3 1 46607 552
0x0000723b3da83b40 0x0000000bb0bf8b40 0 1 1 0 1 3 1 46607 544
0x0000723b3da83bc0 0x0000000bb0bf8bc0 0 1 1 0 1 3 1 46607 552
0x0000723b3da83c40 0x0000000bb0bf8c40 0 0 0 0 1 3 1 46607 560
0x0000723b3da83cc0 0x0000000bb0bf8cc0 0 0 0 0 1 3 1 46607 568
0x0000723b3da83d40 0x0000000bb0bf8d40 0 1 0 0 1 3 1 46607 560
0x0000723b3da83dc0 0x0000000bb0bf8dc0 0 1 0 0 1 3 1 46607 568
0x0000723b3da83e40 0x0000000bb0bf8e40 0 0 1 0 1 3 1 46607 560
0x0000723b3da83ec0 0x0000000bb0bf8ec0 0 0 1 0 1 3 1 46607 568
0x0000723b3da83f40 0x0000000bb0bf8f40 0 1 1 0 1 3 1 46607 560
0x0000723b3da83fc0 0x0000000bb0bf8fc0 0 1 1 0 1 3 1 46607 568
0x0000723b3da84040 0x0000000d1dba7040 0 0 0 0 0 3 1 50109 448
0x0000723b3da840c0 0x0000000d1dba70c0 0 0 0 0 0 3 1 50109 456
0x0000723b3da84140 0x0000000d1dba7140 0 1 0 0 0 3 1 50109 448
0x0000723b3da841c0 0x0000000d1dba71c0 0 1 0 0 0 3 1 50109 456
0x0000723b3da84240 0x0000000d1dba7240 0 0 1 0 0 3 1 50109 448
0x0000723b3da842c0 0x0000000d1dba72c0 0 0 1 0 0 3 1 50109 456
0x0000723b3da84340 0x0000000d1dba7340 0 1 1 0 0 3 1 50109 448
0x0000723b3da843c0 0x0000000d1dba73c0 0 1 1 0 0 3 1 50109 456
0x0000723b3da84440 0x0000000d1dba7440 0 0 0 0 0 3 1 50109 464
0x0000723b3da844c0 0x0000000d1dba74c0 0 0 0 0 0 3 1 50109 472
0x0000723b3da84540 0x0000000d1dba7540 0 1 0 0 0 3 1 50109 464
0x0000723b3da845c0 0x0000000d1dba75c0 0 1 0 0 0 3 1 50109 472
0x0000723b3da84640 0x0000000d1dba7640 0 0 1 0 0 3 1 50109 464
0x0000723b3da846c0 0x0000000d1dba76c0 0 0 1 0 0 3 1 50109 472
0x0000723b3da84740 0x0000000d1dba7740 0 1 1 0 0 3 1 50109 464
0x0000723b3da847c0 0x0000000d1dba77c0 0 1 1 0 0 3 1 50109 472
0x0000723b3da84840 0x0000000d1dba7840 0 0 0 0 0 3 1 50109 480
0x0000723b3da848c0 0x0000000d1dba78c0 0 0 0 0 0 3 1 50109 488
0x0000723b3da84940 0x0000000d1dba7940 0 1 0 0 0 3 1 50109 480
0x0000723b3da849c0 0x0000000d1dba79c0 0 1 0 0 0 3 1 50109 488
0x0000723b3da84a40 0x0000000d1dba7a40 0 0 1 0 0 3 1 50109 480
0x0000723b3da84ac0 0x0000000d1dba7ac0 0 0 1 0 0 3 1 50109 488
0x0000723b3da84b40 0x0000000d1dba7b40 0 1 1 0 0 3 1 50109 480
0x0000723b3da84bc0 0x0000000d1dba7bc0 0 1 1 0 0 3 1 50109 488
0x0000723b3da84c40 0x0000000d1dba7c40 0 0 0 0 0 3 1 50109 496
0x0000723b3da84cc0 0x0000000d1dba7cc0 0 0 0 0 0 3 1 50109 504
0x0000723b3da84d40 0x0000000d1dba7d40 0 1 0 0 0 3 1 50109 496
0x0000723b3da84dc0 0x0000000d1dba7dc0 0 1 0 0 0 3 1 50109 504
0x0000723b3da84e40 0x0000000d1dba7e40 0 0 1 0 0 3 1 50109 496
0x0000723b3da84ec0 0x0000000d1dba7ec0 0 0 1 0 0 3 1 50109 504
0x0000723b3da84f40 0x0000000d1dba7f40 0 1 1 0 0 3 1 50109 496
0x0000723b3da84fc0 0x0000000d1dba7fc0 0 1 1 0 0 3 1 50109 504
0x0000723b3da85040 0x0000000c50b35040 0 0 0 0 0 3 1 47641 832
0x0000723b3da850c0 0x0000000c50b350c0 0 0 0 0 0 3 1 47641 840
0x0000723b3da85140 0x0000000c50b35140 0 1 0 0 0 3 1 47641 832
0x0000723b3da851c0 0x0000000c50b351c0 0 1 0 0 0 3 1 47641 840
0x0000723b3da85240 0x0000000c50b35240 0 0 1 0 0 3 1 47641 832
0x0000723b3da852c0 0x0000000c50b352c0 0 0 1 0 0 3 1 47641 840
0x0000723b3da85340 0x0000000c50b35340 0 1 1 0 0 3 1 47641 832
0x0000723b3da853c0 0x0000000c50b353c0 0 1 1 0 0 3 1 47641 840
0x0000723b3da85440 0x0000000c50b35440 0 0 0 0 0 3 1 47641 848
0x0000723b3da854c0 0x0000000c50b354c0 0 0 0 0 0 3 1 47641 856
0x0000723b3da85540 0x0000000c50b35540 0 1 0 0 0 3 1 47641 848
0x0000723b3da855c0 0x0000000c50b355c0 0 1 0 0 0 3 1 47641 856
0x0000723b3da85640 0x0000000c50b35640 0 0 1 0 0 3 1 47641 848
0x0000723b3da856c0 0x0000000c50b356c0 0 0 1 0 0 3 1 47641 856
0x0000723b3da85740 0x0000000c50b35740 0 1 1 0 0 3 1 47641 848
0x0000723b3da857c0 0x0000000c50b357c0 0 1 1 0 0 3 1 47641 856
0x0000723b3da85840 0x0000000c50b35840 0 0 0 0 0 3 1 47641 864
0x0000723b3da858c0 0x0000000c50b358c0 0 0 0 0 0 3 1 47641 872
0x0000723b3da85940 0x0000000c50b35940 0 1 0 0 0 3 1 47641 864
0x0000723b3da859c0 0x0000000c50b359c0 0 1 0 0 0 3 1 47641 872
0x0000723b3da85a40 0x0000000c50b35a40 0 0 1 0 0 3 1 47641 864
0x0000723b3da85ac0 0x0000000c50b35ac0 0 0 1 0 0 3 1 47641 872
0x0000723b3da85b40 0x0000000c50b35b40 0 1 1 0 0 3 1 47641 864
0x0000723b3da85bc0 0x0000000c50b35bc0 0 1 1 0 0 3 1 47641 872
0x0000723b3da85c40 0x0000000c50b35c40 0 0 0 0 0 3 1 47641 880
0x0000723b3da85cc0 0x0000000c50b35cc0 0 0 0 0 0 3 1 47641 888
0x0000723b3da85d40 0x0000000c50b35d40 0 1 0 0 0 3 1 47641 880
0x0000723b3da85dc0 0x0000000c50b35dc0 0 1 0 0 0 3 1 47641 888
0x0000723b3da85e40 0x0000000c50b35e40 0 0 1 0 0 3 1 47641 880
0x0000723b3da85ec0 0x0000000c50b35ec0 0 0 1 0 0 3 1 47641 888
0x0000723b3da85f40 0x0000000c50b35f40 0 1 1 0 0 3 1 47641 880
0x0000723b3da85fc0 0x0000000c50b35fc0 0 1 1 0 0 3 1 47641 888
0x0000723b3da86040 0x0000000c50b34040 0 0 0 0 0 3 1 47641 768
0x0000723b3da860c0 0x0000000c50b340c0 0 0 0 0 0 3 1 47641 776
0x0000723b3da86140 0x0000000c50b34140 0 1 0 0 0 3 1 47641 768
0x0000723b3da861c0 0x0000000c50b341c0 0 1 0 0 0 3 1 47641 776
0x0000723b3da86240 0x0000000c50b34240 0 0 1 0 0 3 1 47641 768
0x0000723b3da862c0 0x0000000c50b342c0 0 0 1 0 0 3 1 47641 776
0x0000723b3da86340 0x0000000c50b34340 0 1 1 0 0 3 1 47641 768
0x0000723b3da863c0 0x0000000c50b343c0 0 1 1 0 0 3 1 47641 776
0x0000723b3da86440 0x0000000c50b34440 0 0 0 0 0 3 1 47641 784
0x0000723b3da864c0 0x0000000c50b344c0 0 0 0 0 0 3 1 47641 792
0x0000723b3da86540 0x0000000c50b34540 0 1 0 0 0 3 1 47641 784
0x0000723b3da865c0 0x0000000c50b345c0 0 1 0 0 0 3 1 47641 792
0x0000723b3da86640 0x0000000c50b34640 0 0 1 0 0 3 1 47641 784
0x0000723b3da866c0 0x0000000c50b346c0 0 0 1 0 0 3 1 47641 792
0x0000723b3da86740 0x0000000c50b34740 0 1 1 0 0 3 1 47641 784
0x0000723b3da867c0 0x0000000c50b347c0 0 1 1 0 0 3 1 47641 792
0x0000723b3da86840 0x0000000c50b34840 0 0 0 0 0 3 1 47641 800
0x0000723b3da868c0 0x0000000c50b348c0 0 0 0 0 0 3 1 47641 808
0x0000723b3da86940 0x0000000c50b34940 0 1 0 0 0 3 1 47641 800
0x0000723b3da869c0 0x0000000c50b349c0 0 1 0 0 0 3 1 47641 808
0x0000723b3da86a40 0x0000000c50b34a40 0 0 1 0 0 3 1 47641 800
0x0000723b3da86ac0 0x0000000c50b34ac0 0 0 1 0 0 3 1 47641 808
0x0000723b3da86b40 0x0000000c50b34b40 0 1 1 0 0 3 1 47641 800
0x0000723b3da86bc0 0x0000000c50b34bc0 0 1 1 0 0 3 1 47641 808
0x0000723b3da86c40 0x0000000c50b34c40 0 0 0 0 0 3 1 47641 816
0x0000723b3da86cc0 0x0000000c50b34cc0 0 0 0 0 0 3 1 47641 824
0x0000723b3da86d40 0x0000000c50b34d40 0 1 0 0 0 3 1 47641 816
0x0000723b3da86dc0 0x0000000c50b34dc0 0 1 0 0 0 3 1 47641 824
0x0000723b3da86e40 0x0000000c50b34e40 0 0 1 0 0 3 1 47641 816
0x0000723b3da86ec0 0x0000000c50b34ec0 0 0 1 0 0 3 1 47641 824
0x0000723b3da86f40 0x0000000c50b34f40 0 1 1 0 0 3 1 47641 816
0x0000723b3da86fc0 0x0000000c50b34fc0 0 1 1 0 0 3 1 47641 824
0x0000723b3da94040 0x0000000c843f0040 0 0 0 0 0 3 1 49287 512
0x0000723b3da940c0 0x0000000c843f00c0 0 0 0 0 0 3 1 49287 520
0x0000723b3da94140 0x0000000c843f0140 0 1 0 0 0 3 1 49287 512
0x0000723b3da941c0 0x0000000c843f01c0 0 1 0 0 0 3 1 49287 520
0x0000723b3da94240 0x0000000c843f0240 0 0 1 0 0 3 1 49287 512
0x0000723b3da942c0 0x0000000c843f02c0 0 0 1 0 0 3 1 49287 520
0x0000723b3da94340 0x0000000c843f0340 0 1 1 0 0 3 1 49287 512
0x0000723b3da943c0 0x0000000c843f03c0 0 1 1 0 0 3 1 49287 520
0x0000723b3da94440 0x0000000c843f0440 0 0 0 0 0 3 1 49287 528
0x0000723b3da944c0 0x0000000c843f04c0 0 0 0 0 0 3 1 49287 536
0x0000723b3da94540 0x0000000c843f0540 0 1 0 0 0 3 1 49287 528
0x0000723b3da945c0 0x0000000c843f05c0 0 1 0 0 0 3 1 49287 536
0x0000723b3da94640 0x0000000c843f0640 0 0 1 0 0 3 1 49287 528
0x0000723b3da946c0 0x0000000c843f06c0 0 0 1 0 0 3 1 49287 536
0x0000723b3da94740 0x0000000c843f0740 0 1 1 0 0 3 1 49287 528
0x0000723b3da947c0 0x0000000c843f07c0 0 1 1 0 0 3 1 49287 536
0x0000723b3da94840 0x0000000c843f0840 0 0 0 0 0 3 1 49287 544
0x0000723b3da948c0 0x0000000c843f08c0 0 0 0 0 0 3 1 49287 552
0x0000723b3da94940 0x0000000c843f0940 0 1 0 0 0 3 1 49287 544
0x0000723b3da949c0 0x0000000c843f09c0 0 1 0 0 0 3 1 49287 552
0x0000723b3da94a40 0x0000000c843f0a40 0 0 1 0 0 3 1 49287 544
0x0000723b3da94ac0 0x0000000c843f0ac0 0 0 1 0 0 3 1 49287 552
0x0000723b3da94b40 0x0000000c843f0b40 0 1 1 0 0 3 1 49287 544
0x0000723b3da94bc0 0x0000000c843f0bc0 0 1 1 0 0 3 1 49287 552
0x0000723b3da94c40 0x0000000c843f0c40 0 0 0 0 0 3 1 49287 560
0x0000723b3da94cc0 0x0000000c843f0cc0 0 0 0 0 0 3 1 49287 568
0x0000723b3da94d40 0x0000000c843f0d40 0 1 0 0 0 3 1 49287 560
0x0000723b3da94dc0 0x0000000c843f0dc0 0 1 0 0 0 3 1 49287 568
0x0000723b3da94e40 0x0000000c843f0e40 0 0 1 0 0 3 1 49287 560
0x0000723b3da94ec0 0x0000000c843f0ec0 0 0 1 0 0 3 1 49287 568
0x0000723b3da94f40 0x0000000c843f0f40 0 1 1 0 0 3 1 49287 560
0x0000723b3da94fc0 0x0000000c843f0fc0 0 1 1 0 0 3 1 49287 568
0x0000723b3da97040 0x0000000c843f3040 0 0 0 0 0 3 1 49287 704
0x0000723b3da970c0 0x0000000c843f30c0 0 0 0 0 0 3 1 49287 712
0x0000723b3da97140 0x0000000c843f3140 0 1 0 0 0 3 1 49287 704
0x0000723b3da971c0 0x0000000c843f31c0 0 1 0 0 0 3 1 49287 712
0x0000723b3da97240 0x0000000c843f3240 0 0 1 0 0 3 1 49287 704
0x0000723b3da972c0 0x0000000c843f32c0 0 0 1 0 0 3 1 49287 712
0x0000723b3da97340 0x0000000c843f3340 0 1 1 0 0 3 1 49287 704
0x0000723b3da973c0 0x0000000c843f33c0 0 1 1 0 0 3 1 49287 712
0x0000723b3da97440 0x0000000c843f3440 0 0 0 0 0 3 1 49287 720
0x0000723b3da974c0 0x0000000c843f34c0 0 0 0 0 0 3 1 49287 728
0x0000723b3da97540 0x0000000c843f3540 0 1 0 0 0 3 1 49287 720
0x0000723b3da975c0 0x0000000c843f35c0 0 1 0 0 0 3 1 49287 728
0x0000723b3da97640 0x0000000c843f3640 0 0 1 0 0 3 1 49287 720
0x0000723b3da976c0 0x0000000c843f36c0 0 0 1 0 0 3 1 49287 728
0x0000723b3da97740 0x0000000c843f3740 0 1 1 0 0 3 1 49287 720
0x0000723b3da977c0 0x0000000c843f37c0 0 1 1 0 0 3 1 49287 728
0x0000723b3da97840 0x0000000c843f3840 0 0 0 0 0 3 1 49287 736
0x0000723b3da978c0 0x0000000c843f38c0 0 0 0 0 0 3 1 49287 744
0x0000723b3da97940 0x0000000c843f3940 0 1 0 0 0 3 1 49287 736
0x0000723b3da979c0 0x0000000c843f39c0 0 1 0 0 0 3 1 49287 744
0x0000723b3da97a40 0x0000000c843f3a40 0 0 1 0 0 3 1 49287 736
0x0000723b3da97ac0 0x0000000c843f3ac0 0 0 1 0 0 3 1 49287 744
0x0000723b3da97b40 0x0000000c843f3b40 0 1 1 0 0 3 1 49287 736
0x0000723b3da97bc0 0x0000000c843f3bc0 0 1 1 0 0 3 1 49287 744
0x0000723b3da97c40 0x0000000c843f3c40 0 0 0 0 0 3 1 49287 752
0x0000723b3da97cc0 0x0000000c843f3cc0 0 0 0 0 0 3 1 49287 760
0x0000723b3da97d40 0x0000000c843f3d40 0 1 0 0 0 3 1 49287 752
0x0000723b3da97dc0 0x0000000c843f3dc0 0 1 0 0 0 3 1 49287 760
0x0000723b3da97e40 0x0000000c843f3e40 0 0 1 0 0 3 1 49287 752
0x0000723b3da97ec0 0x0000000c843f3ec0 0 0 1 0 0 3 1 49287 760
0x0000723b3da97f40 0x0000000c843f3f40 0 1 1 0 0 3 1 49287 752
0x0000723b3da97fc0 0x0000000c843f3fc0 0 1 1 0 0 3 1 49287 760
0x0000723b3daa1040 0x0000000e17372040 0 0 0 0 0 3 1 54003 640
0x0000723b3daa10c0 0x0000000e173720c0 0 0 0 0 0 3 1 54003 648
0x0000723b3daa1140 0x0000000e17372140 0 1 0 0 0 3 1 54003 640
0x0000723b3daa11c0 0x0000000e173721c0 0 1 0 0 0 3 1 54003 648
0x0000723b3daa1240 0x0000000e17372240 0 0 1 0 0 3 1 54003 640
0x0000723b3daa12c0 0x0000000e173722c0 0 0 1 0 0 3 1 54003 648
0x0000723b3daa1340 0x0000000e17372340 0 1 1 0 0 3 1 54003 640
0x0000723b3daa13c0 0x0000000e173723c0 0 1 1 0 0 3 1 54003 648
0x0000723b3daa1440 0x0000000e17372440 0 0 0 0 0 3 1 54003 656
0x0000723b3daa14c0 0x0000000e173724c0 0 0 0 0 0 3 1 54003 664
0x0000723b3daa1540 0x0000000e17372540 0 1 0 0 0 3 1 54003 656
0x0000723b3daa15c0 0x0000000e173725c0 0 1 0 0 0 3 1 54003 664
0x0000723b3daa1640 0x0000000e17372640 0 0 1 0 0 3 1 54003 656
0x0000723b3daa16c0 0x0000000e173726c0 0 0 1 0 0 3 1 54003 664
0x0000723b3daa1740 0x0000000e17372740 0 1 1 0 0 3 1 54003 656
0x0000723b3daa17c0 0x0000000e173727c0 0 1 1 0 0 3 1 54003 664
0x0000723b3daa1840 0x0000000e17372840 0 0 0 0 0 3 1 54003 672
0x0000723b3daa18c0 0x0000000e173728c0 0 0 0 0 0 3 1 54003 680
0x0000723b3daa1940 0x0000000e17372940 0 1 0 0 0 3 1 54003 672
0x0000723b3daa19c0 0x0000000e173729c0 0 1 0 0 0 3 1 54003 680
0x0000723b3daa1a40 0x0000000e17372a40 0 0 1 0 0 3 1 54003 672
0x0000723b3daa1ac0 0x0000000e17372ac0 0 0 1 0 0 3 1 54003 680
0x0000723b3daa1b40 0x0000000e17372b40 0 1 1 0 0 3 1 54003 672
0x0000723b3daa1bc0 0x0000000e17372bc0 0 1 1 0 0 3 1 54003 680
0x0000723b3daa1c40 0x0000000e17372c40 0 0 0 0 0 3 1 54003 688
0x0000723b3daa1cc0 0x0000000e17372cc0 0 0 0 0 0 3 1 54003 696
0x0000723b3daa1d40 0x0000000e17372d40 0 1 0 0 0 3 1 54003 688
0x0000723b3daa1dc0 0x0000000e17372dc0 0 1 0 0 0 3 1 54003 696
0x0000723b3daa1e40 0x0000000e17372e40 0 0 1 0 0 3 1 54003 688
0x0000723b3daa1ec0 0x0000000e17372ec0 0 0 1 0 0 3 1 54003 696
0x0000723b3daa1f40 0x0000000e17372f40 0 1 1 0 0 3 1 54003 688
0x0000723b3daa1fc0 0x0000000e17372fc0 0 1 1 0 0 3 1 54003 696
0x0000723b3daa4040 0x000000072fb14040 0 0 0 0 0 3 1 26104 768
0x0000723b3daa40c0 0x000000072fb140c0 0 0 0 0 0 3 1 26104 776
0x0000723b3daa4140 0x000000072fb14140 0 1 0 0 0 3 1 26104 768
0x0000723b3daa41c0 0x000000072fb141c0 0 1 0 0 0 3 1 26104 776
0x0000723b3daa4240 0x000000072fb14240 0 0 1 0 0 3 1 26104 768
0x0000723b3daa42c0 0x000000072fb142c0 0 0 1 0 0 3 1 26104 776
0x0000723b3daa4340 0x000000072fb14340 0 1 1 0 0 3 1 26104 768
0x0000723b3daa43c0 0x000000072fb143c0 0 1 1 0 0 3 1 26104 776
0x0000723b3daa4440 0x000000072fb14440 0 0 0 0 0 3 1 26104 784
0x0000723b3daa44c0 0x000000072fb144c0 0 0 0 0 0 3 1 26104 792
0x0000723b3daa4540 0x000000072fb14540 0 1 0 0 0 3 1 26104 784
0x0000723b3daa45c0 0x000000072fb145c0 0 1 0 0 0 3 1 26104 792
0x0000723b3daa4640 0x000000072fb14640 0 0 1 0 0 3 1 26104 784
0x0000723b3daa46c0 0x000000072fb146c0 0 0 1 0 0 3 1 26104 792
0x0000723b3daa4740 0x000000072fb14740 0 1 1 0 0 3 1 26104 784
0x0000723b3daa47c0 0x000000072fb147c0 0 1 1 0 0 3 1 26104 792
0x0000723b3daa4840 0x000000072fb14840 0 0 0 0 0 3 1 26104 800
0x0000723b3daa48c0 0x000000072fb148c0 0 0 0 0 0 3 1 26104 808
0x0000723b3daa4940 0x000000072fb14940 0 1 0 0 0 3 1 26104 800
0x0000723b3daa49c0 0x000000072fb149c0 0 1 0 0 0 3 1 26104 808
0x0000723b3daa4a40 0x000000072fb14a40 0 0 1 0 0 3 1 26104 800
0x0000723b3daa4ac0 0x000000072fb14ac0 0 0 1 0 0 3 1 26104 808
0x0000723b3daa4b40 0x000000072fb14b40 0 1 1 0 0 3 1 26104 800
0x0000723b3daa4bc0 0x000000072fb14bc0 0 1 1 0 0 3 1 26104 808
0x0000723b3daa4c40 0x000000072fb14c40 0 0 0 0 0 3 1 26104 816
0x0000723b3daa4cc0 0x000000072fb14cc0 0 0 0 0 0 3 1 26104 824
0x0000723b3daa4d40 0x000000072fb14d40 0 1 0 0 0 3 1 26104 816
0x0000723b3daa4dc0 0x000000072fb14dc0 0 1 0 0 0 3 1 26104 824
0x0000723b3daa4e40 0x000000072fb14e40 0 0 1 0 0 3 1 26104 816
0x0000723b3daa4ec0 0x000000072fb14ec0 0 0 1 0 0 3 1 26104 824
0x0000723b3daa4f40 0x000000072fb14f40 0 1 1 0 0 3 1 26104 816
0x0000723b3daa4fc0 0x000000072fb14fc0 0 1 1 0 0 3 1 26104 824
0x0000723b3daa6040 0x000000072fb17040 0 0 0 0 0 3 1 26104 960
0x0000723b3daa60c0 0x000000072fb170c0 0 0 0 0 0 3 1 26104 968
0x0000723b3daa6140 0x000000072fb17140 0 1 0 0 0 3 1 26104 960
0x0000723b3daa61c0 0x000000072fb171c0 0 1 0 0 0 3 1 26104 968
0x0000723b3daa6240 0x000000072fb17240 0 0 1 0 0 3 1 26104 960
0x0000723b3daa62c0 0x000000072fb172c0 0 0 1 0 0 3 1 26104 968
0x0000723b3daa6340 0x000000072fb17340 0 1 1 0 0 3 1 26104 960
0x0000723b3daa63c0 0x000000072fb173c0 0 1 1 0 0 3 1 26104 968
0x0000723b3daa6440 0x000000072fb17440 0 0 0 0 0 3 1 26104 976
0x0000723b3daa64c0 0x000000072fb174c0 0 0 0 0 0 3 1 26104 984
0x0000723b3daa6540 0x000000072fb17540 0 1 0 0 0 3 1 26104 976
0x0000723b3daa65c0 0x000000072fb175c0 0 1 0 0 0 3 1 26104 984
0x0000723b3daa6640 0x000000072fb17640 0 0 1 0 0 3 1 26104 976
0x0000723b3daa66c0 0x000000072fb176c0 0 0 1 0 0 3 1 26104 984
0x0000723b3daa6740 0x000000072fb17740 0 1 1 0 0 3 1 26104 976
0x0000723b3daa67c0 0x000000072fb177c0 0 1 1 0 0 3 1 26104 984
0x0000723b3daa6840 0x000000072fb17840 0 0 0 0 0 3 1 26104 992
0x0000723b3daa68c0 0x000000072fb178c0 0 0 0 0 0 3 1 26104 1000
0x0000723b3daa6940 0x000000072fb17940 0 1 0 0 0 3 1 26104 992
0x0000723b3daa69c0 0x000000072fb179c0 0 1 0 0 0 3 1 26104 1000
0x0000723b3daa6a40 0x000000072fb17a40 0 0 1 0 0 3 1 26104 992
0x0000723b3daa6ac0 0x000000072fb17ac0 0 0 1 0 0 3 1 26104 1000
0x0000723b3daa6b40 0x000000072fb17b40 0 1 1 0 0 3 1 26104 992
0x0000723b3daa6bc0 0x000000072fb17bc0 0 1 1 0 0 3 1 26104 1000
0x0000723b3daa6c40 0x000000072fb17c40 0 0 0 0 0 3 1 26104 1008
0x0000723b3daa6cc0 0x000000072fb17cc0 0 0 0 0 0 3 1 26104 1016
0x0000723b3daa6d40 0x000000072fb17d40 0 1 0 0 0 3 1 26104 1008
0x0000723b3daa6dc0 0x000000072fb17dc0 0 1 0 0 0 3 1 26104 1016
0x0000723b3daa6e40 0x000000072fb17e40 0 0 1 0 0 3 1 26104 1008
0x0000723b3daa6ec0 0x000000072fb17ec0 0 0 1 0 0 3 1 26104 1016
0x0000723b3daa6f40 0x000000072fb17f40 0 1 1 0 0 3 1 26104 1008
0x0000723b3daa6fc0 0x000000072fb17fc0 0 1 1 0 0 3 1 26104 1016
0x0000723b3daa7040 0x000000072fb16040 0 0 0 0 0 3 1 26104 896
0x0000723b3daa70c0 0x000000072fb160c0 0 0 0 0 0 3 1 26104 904
0x0000723b3daa7140 0x000000072fb16140 0 1 0 0 0 3 1 26104 896
0x0000723b3daa71c0 0x000000072fb161c0 0 1 0 0 0 3 1 26104 904
0x0000723b3daa7240 0x000000072fb16240 0 0 1 0 0 3 1 26104 896
0x0000723b3daa72c0 0x000000072fb162c0 0 0 1 0 0 3 1 26104 904
0x0000723b3daa7340 0x000000072fb16340 0 1 1 0 0 3 1 26104 896
0x0000723b3daa73c0 0x000000072fb163c0 0 1 1 0 0 3 1 26104 904
0x0000723b3daa7440 0x000000072fb16440 0 0 0 0 0 3 1 26104 912
0x0000723b3daa74c0 0x000000072fb164c0 0 0 0 0 0 3 1 26104 920
0x0000723b3daa7540 0x000000072fb16540 0 1 0 0 0 3 1 26104 912
0x0000723b3daa75c0 0x000000072fb165c0 0 1 0 0 0 3 1 26104 920
0x0000723b3daa7640 0x000000072fb16640 0 0 1 0 0 3 1 26104 912
0x0000723b3daa76c0 0x000000072fb166c0 0 0 1 0 0 3 1 26104 920
0x0000723b3daa7740 0x000000072fb16740 0 1 1 0 0 3 1 26104 912
0x0000723b3daa77c0 0x000000072fb167c0 0 1 1 0 0 3 1 26104 920
0x0000723b3daa7840 0x000000072fb16840 0 0 0 0 0 3 1 26104 928
0x0000723b3daa78c0 0x000000072fb168c0 0 0 0 0 0 3 1 26104 936
0x0000723b3daa7940 0x000000072fb16940 0 1 0 0 0 3 1 26104 928
0x0000723b3daa79c0 0x000000072fb169c0 0 1 0 0 0 3 1 26104 936
0x0000723b3daa7a40 0x000000072fb16a40 0 0 1 0 0 3 1 26104 928
0x0000723b3daa7ac0 0x000000072fb16ac0 0 0 1 0 0 3 1 26104 936
0x0000723b3daa7b40 0x000000072fb16b40 0 1 1 0 0 3 1 26104 928
0x0000723b3daa7bc0 0x000000072fb16bc0 0 1 1 0 0 3 1 26104 936
0x0000723b3daa7c40 0x000000072fb16c40 0 0 0 0 0 3 1 26104 944
0x0000723b3daa7cc0 0x000000072fb16cc0 0 0 0 0 0 3 1 26104 952
0x0000723b3daa7d40 0x000000072fb16d40 0 1 0 0 0 3 1 26104 944
0x0000723b3daa7dc0 0x000000072fb16dc0 0 1 0 0 0 3 1 26104 952
0x0000723b3daa7e40 0x000000072fb16e40 0 0 1 0 0 3 1 26104 944
0x0000723b3daa7ec0 0x000000072fb16ec0 0 0 1 0 0 3 1 26104 952
0x0000723b3daa7f40 0x000000072fb16f40 0 1 1 0 0 3 1 26104 944
0x0000723b3daa7fc0 0x000000072fb16fc0 0 1 1 0 0 3 1 26104 952
0x0000723b3daaa040 0x000000083634d040 0 0 0 0 1 3 1 30418 320
0x0000723b3daaa0c0 0x000000083634d0c0 0 0 0 0 1 3 1 30418 328
0x0000723b3daaa140 0x000000083634d140 0 1 0 0 1 3 1 30418 320
0x0000723b3daaa1c0 0x000000083634d1c0 0 1 0 0 1 3 1 30418 328
0x0000723b3daaa240 0x000000083634d240 0 0 1 0 1 3 1 30418 320
0x0000723b3daaa2c0 0x000000083634d2c0 0 0 1 0 1 3 1 30418 328
0x0000723b3daaa340 0x000000083634d340 0 1 1 0 1 3 1 30418 320
0x0000723b3daaa3c0 0x000000083634d3c0 0 1 1 0 1 3 1 30418 328
0x0000723b3daaa440 0x000000083634d440 0 0 0 0 1 3 1 30418 336
0x0000723b3daaa4c0 0x000000083634d4c0 0 0 0 0 1 3 1 30418 344
0x0000723b3daaa540 0x000000083634d540 0 1 0 0 1 3 1 30418 336
0x0000723b3daaa5c0 0x000000083634d5c0 0 1 0 0 1 3 1 30418 344
0x0000723b3daaa640 0x000000083634d640 0 0 1 0 1 3 1 30418 336
0x0000723b3daaa6c0 0x000000083634d6c0 0 0 1 0 1 3 1 30418 344
0x0000723b3daaa740 0x000000083634d740 0 1 1 0 1 3 1 30418 336
0x0000723b3daaa7c0 0x000000083634d7c0 0 1 1 0 1 3 1 30418 344
0x0000723b3daaa840 0x000000083634d840 0 0 0 0 1 3 1 30418 352
0x0000723b3daaa8c0 0x000000083634d8c0 0 0 0 0 1 3 1 30418 360
0x0000723b3daaa940 0x000000083634d940 0 1 0 0 1 3 1 30418 352
0x0000723b3daaa9c0 0x000000083634d9c0 0 1 0 0 1 3 1 30418 360
0x0000723b3daaaa40 0x000000083634da40 0 0 1 0 1 3 1 30418 352
0x0000723b3daaaac0 0x000000083634dac0 0 0 1 0 1 3 1 30418 360
0x0000723b3daaab40 0x000000083634db40 0 1 1 0 1 3 1 30418 352
0x0000723b3daaabc0 0x000000083634dbc0 0 1 1 0 1 3 1 30418 360
0x0000723b3daaac40 0x000000083634dc40 0 0 0 0 1 3 1 30418 368
0x0000723b3daaacc0 0x000000083634dcc0 0 0 0 0 1 3 1 30418 376
0x0000723b3daaad40 0x000000083634dd40 0 1 0 0 1 3 1 30418 368
0x0000723b3daaadc0 0x000000083634ddc0 0 1 0 0 1 3 1 30418 376
0x0000723b3daaae40 0x000000083634de40 0 0 1 0 1 3 1 30418 368
0x0000723b3daaaec0 0x000000083634dec0 0 0 1 0 1 3 1 30418 376
0x0000723b3daaaf40 0x000000083634df40 0 1 1 0 1 3 1 30418 368
0x0000723b3daaafc0 0x000000083634dfc0 0 1 1 0 1 3 1 30418 376
0x0000723b3daab040 0x000000083634c040 0 0 0 0 1 3 1 30418 256
0x0000723b3daab0c0 0x000000083634c0c0 0 0 0 0 1 3 1 30418 264
0x0000723b3daab140 0x000000083634c140 0 1 0 0 1 3 1 30418 256
0x0000723b3daab1c0 0x000000083634c1c0 0 1 0 0 1 3 1 30418 264
0x0000723b3daab240 0x000000083634c240 0 0 1 0 1 3 1 30418 256
0x0000723b3daab2c0 0x000000083634c2c0 0 0 1 0 1 3 1 30418 264
0x0000723b3daab340 0x000000083634c340 0 1 1 0 1 3 1 30418 256
0x0000723b3daab3c0 0x000000083634c3c0 0 1 1 0 1 3 1 30418 264
0x0000723b3daab440 0x000000083634c440 0 0 0 0 1 3 1 30418 272
0x0000723b3daab4c0 0x000000083634c4c0 0 0 0 0 1 3 1 30418 280
0x0000723b3daab540 0x000000083634c540 0 1 0 0 1 3 1 30418 272
0x0000723b3daab5c0 0x000000083634c5c0 0 1 0 0 1 3 1 30418 280
0x0000723b3daab640 0x000000083634c640 0 0 1 0 1 3 1 30418 272
0x0000723b3daab6c0 0x000000083634c6c0 0 0 1 0 1 3 1 30418 280
0x0000723b3daab740 0x000000083634c740 0 1 1 0 1 3 1 30418 272
0x0000723b3daab7c0 0x000000083634c7c0 0 1 1 0 1 3 1 30418 280
0x0000723b3daab840 0x000000083634c840 0 0 0 0 1 3 1 30418 288
0x0000723b3daab8c0 0x000000083634c8c0 0 0 0 0 1 3 1 30418 296
0x0000723b3daab940 0x000000083634c940 0 1 0 0 1 3 1 30418 288
0x0000723b3daab9c0 0x000000083634c9c0 0 1 0 0 1 3 1 30418 296
0x0000723b3daaba40 0x000000083634ca40 0 0 1 0 1 3 1 30418 288
0x0000723b3daabac0 0x000000083634cac0 0 0 1 0 1 3 1 30418 296
0x0000723b3daabb40 0x000000083634cb40 0 1 1 0 1 3 1 30418 288
0x0000723b3daabbc0 0x000000083634cbc0 0 1 1 0 1 3 1 30418 296
0x0000723b3daabc40 0x000000083634cc40 0 0 0 0 1 3 1 30418 304
0x0000723b3daabcc0 0x000000083634ccc0 0 0 0 0 1 3 1 30418 312
0x0000723b3daabd40 0x000000083634cd40 0 1 0 0 1 3 1 30418 304
0x0000723b3daabdc0 0x000000083634cdc0 0 1 0 0 1 3 1 30418 312
0x0000723b3daabe40 0x000000083634ce40 0 0 1 0 1 3 1 30418 304
0x0000723b3daabec0 0x000000083634cec0 0 0 1 0 1 3 1 30418 312
0x0000723b3daabf40 0x000000083634cf40 0 1 1 0 1 3 1 30418 304
0x0000723b3daabfc0 0x000000083634cfc0 0 1 1 0 1 3 1 30418 312
0x0000723b3daac040 0x000000083634f040 0 0 0 0 1 3 1 30418 448
0x0000723b3daac0c0 0x000000083634f0c0 0 0 0 0 1 3 1 30418 456
0x0000723b3daac140 0x000000083634f140 0 1 0 0 1 3 1 30418 448
0x0000723b3daac1c0 0x000000083634f1c0 0 1 0 0 1 3 1 30418 456
0x0000723b3daac240 0x000000083634f240 0 0 1 0 1 3 1 30418 448
0x0000723b3daac2c0 0x000000083634f2c0 0 0 1 0 1 3 1 30418 456
0x0000723b3daac340 0x000000083634f340 0 1 1 0 1 3 1 30418 448
0x0000723b3daac3c0 0x000000083634f3c0 0 1 1 0 1 3 1 30418 456
0x0000723b3daac440 0x000000083634f440 0 0 0 0 1 3 1 30418 464
0x0000723b3daac4c0 0x000000083634f4c0 0 0 0 0 1 3 1 30418 472
0x0000723b3daac540 0x000000083634f540 0 1 0 0 1 3 1 30418 464
0x0000723b3daac5c0 0x000000083634f5c0 0 1 0 0 1 3 1 30418 472
0x0000723b3daac640 0x000000083634f640 0 0 1 0 1 3 1 30418 464
0x0000723b3daac6c0 0x000000083634f6c0 0 0 1 0 1 3 1 30418 472
0x0000723b3daac740 0x000000083634f740 0 1 1 0 1 3 1 30418 464
0x0000723b3daac7c0 0x000000083634f7c0 0 1 1 0 1 3 1 30418 472
0x0000723b3daac840 0x000000083634f840 0 0 0 0 1 3 1 30418 480
0x0000723b3daac8c0 0x000000083634f8c0 0 0 0 0 1 3 1 30418 488
0x0000723b3daac940 0x000000083634f940 0 1 0 0 1 3 1 30418 480
0x0000723b3daac9c0 0x000000083634f9c0 0 1 0 0 1 3 1 30418 488
0x0000723b3daaca40 0x000000083634fa40 0 0 1 0 1 3 1 30418 480
0x0000723b3daacac0 0x000000083634fac0 0 0 1 0 1 3 1 30418 488
0x0000723b3daacb40 0x000000083634fb40 0 1 1 0 1 3 1 30418 480
0x0000723b3daacbc0 0x000000083634fbc0 0 1 1 0 1 3 1 30418 488
0x0000723b3daacc40 0x000000083634fc40 0 0 0 0 1 3 1 30418 496
0x0000723b3daaccc0 0x000000083634fcc0 0 0 0 0 1 3 1 30418 504
0x0000723b3daacd40 0x000000083634fd40 0 1 0 0 1 3 1 30418 496
0x0000723b3daacdc0 0x000000083634fdc0 0 1 0 0 1 3 1 30418 504
0x0000723b3daace40 0x000000083634fe40 0 0 1 0 1 3 1 30418 496
0x0000723b3daacec0 0x000000083634fec0 0 0 1 0 1 3 1 30418 504
0x0000723b3daacf40 0x000000083634ff40 0 1 1 0 1 3 1 30418 496
0x0000723b3daacfc0 0x000000083634ffc0 0 1 1 0 1 3 1 30418 504
0x0000723b3daad040 0x000000083634e040 0 0 0 0 1 3 1 30418 384
0x0000723b3daad0c0 0x000000083634e0c0 0 0 0 0 1 3 1 30418 392
0x0000723b3daad140 0x000000083634e140 0 1 0 0 1 3 1 30418 384
0x0000723b3daad1c0 0x000000083634e1c0 0 1 0 0 1 3 1 30418 392
0x0000723b3daad240 0x000000083634e240 0 0 1 0 1 3 1 30418 384
0x0000723b3daad2c0 0x000000083634e2c0 0 0 1 0 1 3 1 30418 392
0x0000723b3daad340 0x000000083634e340 0 1 1 0 1 3 1 30418 384
0x0000723b3daad3c0 0x000000083634e3c0 0 1 1 0 1 3 1 30418 392
0x0000723b3daad440 0x000000083634e440 0 0 0 0 1 3 1 30418 400
0x0000723b3daad4c0 0x000000083634e4c0 0 0 0 0 1 3 1 30418 408
0x0000723b3daad540 0x000000083634e540 0 1 0 0 1 3 1 30418 400
0x0000723b3daad5c0 0x000000083634e5c0 0 1 0 0 1 3 1 30418 408
0x0000723b3daad640 0x000000083634e640 0 0 1 0 1 3 1 30418 400
0x0000723b3daad6c0 0x000000083634e6c0 0 0 1 0 1 3 1 30418 408
0x0000723b3daad740 0x000000083634e740 0 1 1 0 1 3 1 30418 400
0x0000723b3daad7c0 0x000000083634e7c0 0 1 1 0 1 3 1 30418 408
0x0000723b3daad840 0x000000083634e840 0 0 0 0 1 3 1 30418 416
0x0000723b3daad8c0 0x000000083634e8c0 0 0 0 0 1 3 1 30418 424
0x0000723b3daad940 0x000000083634e940 0 1 0 0 1 3 1 30418 416
0x0000723b3daad9c0 0x000000083634e9c0 0 1 0 0 1 3 1 30418 424
0x0000723b3daada40 0x000000083634ea40 0 0 1 0 1 3 1 30418 416
0x0000723b3daadac0 0x000000083634eac0 0 0 1 0 1 3 1 30418 424
0x0000723b3daadb40 0x000000083634eb40 0 1 1 0 1 3 1 30418 416
0x0000723b3daadbc0 0x000000083634ebc0 0 1 1 0 1 3 1 30418 424
0x0000723b3daadc40 0x000000083634ec40 0 0 0 0 1 3 1 30418 432
0x0000723b3daadcc0 0x000000083634ecc0 0 0 0 0 1 3 1 30418 440
0x0000723b3daadd40 0x000000083634ed40 0 1 0 0 1 3 1 30418 432
0x0000723b3daaddc0 0x000000083634edc0 0 1 0 0 1 3 1 30418 440
0x0000723b3daade40 0x000000083634ee40 0 0 1 0 1 3 1 30418 432
0x0000723b3daadec0 0x000000083634eec0 0 0 1 0 1 3 1 30418 440
0x0000723b3daadf40 0x000000083634ef40 0 1 1 0 1 3 1 30418 432
0x0000723b3daadfc0 0x000000083634efc0 0 1 1 0 1 3 1 30418 440
0x0000723b3dab2040 0x0000000ce9b9c040 0 0 0 0 1 3 1 52524 768
0x0000723b3dab20c0 0x0000000ce9b9c0c0 0 0 0 0 1 3 1 52524 776
0x0000723b3dab2140 0x0000000ce9b9c140 0 1 0 0 1 3 1 52524 768
0x0000723b3dab21c0 0x0000000ce9b9c1c0 0 1 0 0 1 3 1 52524 776
0x0000723b3dab2240 0x0000000ce9b9c240 0 0 1 0 1 3 1 52524 768
0x0000723b3dab22c0 0x0000000ce9b9c2c0 0 0 1 0 1 3 1 52524 776
0x0000723b3dab2340 0x0000000ce9b9c340 0 1 1 0 1 3 1 52524 768
0x0000723b3dab23c0 0x0000000ce9b9c3c0 0 1 1 0 1 3 1 52524 776
0x0000723b3dab2440 0x0000000ce9b9c440 0 0 0 0 1 3 1 52524 784
0x0000723b3dab24c0 0x0000000ce9b9c4c0 0 0 0 0 1 3 1 52524 792
0x0000723b3dab2540 0x0000000ce9b9c540 0 1 0 0 1 3 1 52524 784
0x0000723b3dab25c0 0x0000000ce9b9c5c0 0 1 0 0 1 3 1 52524 792
0x0000723b3dab2640 0x0000000ce9b9c640 0 0 1 0 1 3 1 52524 784
0x0000723b3dab26c0 0x0000000ce9b9c6c0 0 0 1 0 1 3 1 52524 792
0x0000723b3dab2740 0x0000000ce9b9c740 0 1 1 0 1 3 1 52524 784
0x0000723b3dab27c0 0x0000000ce9b9c7c0 0 1 1 0 1 3 1 52524 792
0x0000723b3dab2840 0x0000000ce9b9c840 0 0 0 0 1 3 1 52524 800
0x0000723b3dab28c0 0x0000000ce9b9c8c0 0 0 0 0 1 3 1 52524 808
0x0000723b3dab2940 0x0000000ce9b9c940 0 1 0 0 1 3 1 52524 800
0x0000723b3dab29c0 0x0000000ce9b9c9c0 0 1 0 0 1 3 1 52524 808
0x0000723b3dab2a40 0x0000000ce9b9ca40 0 0 1 0 1 3 1 52524 800
0x0000723b3dab2ac0 0x0000000ce9b9cac0 0 0 1 0 1 3 1 52524 808
0x0000723b3dab2b40 0x0000000ce9b9cb40 0 1 1 0 1 3 1 52524 800
0x0000723b3dab2bc0 0x0000000ce9b9cbc0 0 1 1 0 1 3 1 52524 808
0x0000723b3dab2c40 0x0000000ce9b9cc40 0 0 0 0 1 3 1 52524 816
0x0000723b3dab2cc0 0x0000000ce9b9ccc0 0 0 0 0 1 3 1 52524 824
0x0000723b3dab2d40 0x0000000ce9b9cd40 0 1 0 0 1 3 1 52524 816
0x0000723b3dab2dc0 0x0000000ce9b9cdc0 0 1 0 0 1 3 1 52524 824
0x0000723b3dab2e40 0x0000000ce9b9ce40 0 0 1 0 1 3 1 52524 816
0x0000723b3dab2ec0 0x0000000ce9b9cec0 0 0 1 0 1 3 1 52524 824
0x0000723b3dab2f40 0x0000000ce9b9cf40 0 1 1 0 1 3 1 52524 816
0x0000723b3dab2fc0 0x0000000ce9b9cfc0 0 1 1 0 1 3 1 52524 824
0x0000723b3dab5040 0x0000000ce9b9e040 0 0 0 0 1 3 1 52524 896
0x0000723b3dab50c0 0x0000000ce9b9e0c0 0 0 0 0 1 3 1 52524 904
0x0000723b3dab5140 0x0000000ce9b9e140 0 1 0 0 1 3 1 52524 896
0x0000723b3dab51c0 0x0000000ce9b9e1c0 0 1 0 0 1 3 1 52524 904
0x0000723b3dab5240 0x0000000ce9b9e240 0 0 1 0 1 3 1 52524 896
0x0000723b3dab52c0 0x0000000ce9b9e2c0 0 0 1 0 1 3 1 52524 904
0x0000723b3dab5340 0x0000000ce9b9e340 0 1 1 0 1 3 1 52524 896
0x0000723b3dab53c0 0x0000000ce9b9e3c0 0 1 1 0 1 3 1 52524 904
0x0000723b3dab5440 0x0000000ce9b9e440 0 0 0 0 1 3 1 52524 912
0x0000723b3dab54c0 0x0000000ce9b9e4c0 0 0 0 0 1 3 1 52524 920
0x0000723b3dab5540 0x0000000ce9b9e540 0 1 0 0 1 3 1 52524 912
0x0000723b3dab55c0 0x0000000ce9b9e5c0 0 1 0 0 1 3 1 52524 920
0x0000723b3dab5640 0x0000000ce9b9e640 0 0 1 0 1 3 1 52524 912
0x0000723b3dab56c0 0x0000000ce9b9e6c0 0 0 1 0 1 3 1 52524 920
0x0000723b3dab5740 0x0000000ce9b9e740 0 1 1 0 1 3 1 52524 912
0x0000723b3dab57c0 0x0000000ce9b9e7c0 0 1 1 0 1 3 1 52524 920
0x0000723b3dab5840 0x0000000ce9b9e840 0 0 0 0 1 3 1 52524 928
0x0000723b3dab58c0 0x0000000ce9b9e8c0 0 0 0 0 1 3 1 52524 936
0x0000723b3dab5940 0x0000000ce9b9e940 0 1 0 0 1 3 1 52524 928
0x0000723b3dab59c0 0x0000000ce9b9e9c0 0 1 0 0 1 3 1 52524 936
0x0000723b3dab5a40 0x0000000ce9b9ea40 0 0 1 0 1 3 1 52524 928
0x0000723b3dab5ac0 0x0000000ce9b9eac0 0 0 1 0 1 3 1 52524 936
0x0000723b3dab5b40 0x0000000ce9b9eb40 0 1 1 0 1 3 1 52524 928
0x0000723b3dab5bc0 0x0000000ce9b9ebc0 0 1 1 0 1 3 1 52524 936
0x0000723b3dab5c40 0x0000000ce9b9ec40 0 0 0 0 1 3 1 52524 944
0x0000723b3dab5cc0 0x0000000ce9b9ecc0 0 0 0 0 1 3 1 52524 952
0x0000723b3dab5d40 0x0000000ce9b9ed40 0 1 0 0 1 3 1 52524 944
0x0000723b3dab5dc0 0x0000000ce9b9edc0 0 1 0 0 1 3 1 52524 952
0x0000723b3dab5e40 0x0000000ce9b9ee40 0 0 1 0 1 3 1 52524 944
0x0000723b3dab5ec0 0x0000000ce9b9eec0 0 0 1 0 1 3 1 52524 952
0x0000723b3dab5f40 0x0000000ce9b9ef40 0 1 1 0 1 3 1 52524 944
0x0000723b3dab5fc0 0x0000000ce9b9efc0 0 1 1 0 1 3 1 52524 952
0x0000723b3dac7040 0x0000000a9db33040 0 0 0 0 0 3 1 41897 704
0x0000723b3dac70c0 0x0000000a9db330c0 0 0 0 0 0 3 1 41897 712
0x0000723b3dac7140 0x0000000a9db33140 0 1 0 0 0 3 1 41897 704
0x0000723b3dac71c0 0x0000000a9db331c0 0 1 0 0 0 3 1 41897 712
0x0000723b3dac7240 0x0000000a9db33240 0 0 1 0 0 3 1 41897 704
0x0000723b3dac72c0 0x0000000a9db332c0 0 0 1 0 0 3 1 41897 712
0x0000723b3dac7340 0x0000000a9db33340 0 1 1 0 0 3 1 41897 704
0x0000723b3dac73c0 0x0000000a9db333c0 0 1 1 0 0 3 1 41897 712
0x0000723b3dac7440 0x0000000a9db33440 0 0 0 0 0 3 1 41897 720
0x0000723b3dac74c0 0x0000000a9db334c0 0 0 0 0 0 3 1 41897 728
0x0000723b3dac7540 0x0000000a9db33540 0 1 0 0 0 3 1 41897 720
0x0000723b3dac75c0 0x0000000a9db335c0 0 1 0 0 0 3 1 41897 728
0x0000723b3dac7640 0x0000000a9db33640 0 0 1 0 0 3 1 41897 720
0x0000723b3dac76c0 0x0000000a9db336c0 0 0 1 0 0 3 1 41897 728
0x0000723b3dac7740 0x0000000a9db33740 0 1 1 0 0 3 1 41897 720
0x0000723b3dac77c0 0x0000000a9db337c0 0 1 1 0 0 3 1 41897 728
0x0000723b3dac7840 0x0000000a9db33840 0 0 0 0 0 3 1 41897 736
0x0000723b3dac78c0 0x0000000a9db338c0 0 0 0 0 0 3 1 41897 744
0x0000723b3dac7940 0x0000000a9db33940 0 1 0 0 0 3 1 41897 736
0x0000723b3dac79c0 0x0000000a9db339c0 0 1 0 0 0 3 1 41897 744
0x0000723b3dac7a40 0x0000000a9db33a40 0 0 1 0 0 3 1 41897 736
0x0000723b3dac7ac0 0x0000000a9db33ac0 0 0 1 0 0 3 1 41897 744
0x0000723b3dac7b40 0x0000000a9db33b40 0 1 1 0 0 3 1 41897 736
0x0000723b3dac7bc0 0x0000000a9db33bc0 0 1 1 0 0 3 1 41897 744
0x0000723b3dac7c40 0x0000000a9db33c40 0 0 0 0 0 3 1 41897 752
0x0000723b3dac7cc0 0x0000000a9db33cc0 0 0 0 0 0 3 1 41897 760
0x0000723b3dac7d40 0x0000000a9db33d40 0 1 0 0 0 3 1 41897 752
0x0000723b3dac7dc0 0x0000000a9db33dc0 0 1 0 0 0 3 1 41897 760
0x0000723b3dac7e40 0x0000000a9db33e40 0 0 1 0 0 3 1 41897 752
0x0000723b3dac7ec0 0x0000000a9db33ec0 0 0 1 0 0 3 1 41897 760
0x0000723b3dac7f40 0x0000000a9db33f40 0 1 1 0 0 3 1 41897 752
0x0000723b3dac7fc0 0x0000000a9db33fc0 0 1 1 0 0 3 1 41897 760
0x0000723b3dad7040 0x000000023c378040 0 0 0 0 1 3 1 6035 512
0x0000723b3dad70c0 0x000000023c3780c0 0 0 0 0 1 3 1 6035 520
0x0000723b3dad7140 0x000000023c378140 0 1 0 0 1 3 1 6035 512
0x0000723b3dad71c0 0x000000023c3781c0 0 1 0 0 1 3 1 6035 520
0x0000723b3dad7240 0x000000023c378240 0 0 1 0 1 3 1 6035 512
0x0000723b3dad72c0 0x000000023c3782c0 0 0 1 0 1 3 1 6035 520
0x0000723b3dad7340 0x000000023c378340 0 1 1 0 1 3 1 6035 512
0x0000723b3dad73c0 0x000000023c3783c0 0 1 1 0 1 3 1 6035 520
0x0000723b3dad7440 0x000000023c378440 0 0 0 0 1 3 1 6035 528
0x0000723b3dad74c0 0x000000023c3784c0 0 0 0 0 1 3 1 6035 536
0x0000723b3dad7540 0x000000023c378540 0 1 0 0 1 3 1 6035 528
0x0000723b3dad75c0 0x000000023c3785c0 0 1 0 0 1 3 1 6035 536
0x0000723b3dad7640 0x000000023c378640 0 0 1 0 1 3 1 6035 528
0x0000723b3dad76c0 0x000000023c3786c0 0 0 1 0 1 3 1 6035 536
0x0000723b3dad7740 0x000000023c378740 0 1 1 0 1 3 1 6035 528
0x0000723b3dad77c0 0x000000023c3787c0 0 1 1 0 1 3 1 6035 536
0x0000723b3dad7840 0x000000023c378840 0 0 0 0 1 3 1 6035 544
0x0000723b3dad78c0 0x000000023c3788c0 0 0 0 0 1 3 1 6035 552
0x0000723b3dad7940 0x000000023c378940 0 1 0 0 1 3 1 6035 544
0x0000723b3dad79c0 0x000000023c3789c0 0 1 0 0 1 3 1 6035 552
0x0000723b3dad7a40 0x000000023c378a40 0 0 1 0 1 3 1 6035 544
0x0000723b3dad7ac0 0x000000023c378ac0 0 0 1 0 1 3 1 6035 552
0x0000723b3dad7b40 0x000000023c378b40 0 1 1 0 1 3 1 6035 544
0x0000723b3dad7bc0 0x000000023c378bc0 0 1 1 0 1 3 1 6035 552
0x0000723b3dad7c40 0x000000023c378c40 0 0 0 0 1 3 1 6035 560
0x0000723b3dad7cc0 0x000000023c378cc0 0 0 0 0 1 3 1 6035 568
0x0000723b3dad7d40 0x000000023c378d40 0 1 0 0 1 3 1 6035 560
0x0000723b3dad7dc0 0x000000023c378dc0 0 1 0 0 1 3 1 6035 568
0x0000723b3dad7e40 0x000000023c378e40 0 0 1 0 1 3 1 6035 560
0x0000723b3dad7ec0 0x000000023c378ec0 0 0 1 0 1 3 1 6035 568
0x0000723b3dad7f40 0x000000023c378f40 0 1 1 0 1 3 1 6035 560
0x0000723b3dad7fc0 0x000000023c378fc0 0 1 1 0 1 3 1 6035 568
0x0000723b3dadc040 0x0000000192bfe040 0 0 0 0 1 3 1 4687 896
0x0000723b3dadc0c0 0x0000000192bfe0c0 0 0 0 0 1 3 1 4687 904
0x0000723b3dadc140 0x0000000192bfe140 0 1 0 0 1 3 1 4687 896
0x0000723b3dadc1c0 0x0000000192bfe1c0 0 1 0 0 1 3 1 4687 904
0x0000723b3dadc240 0x0000000192bfe240 0 0 1 0 1 3 1 4687 896
0x0000723b3dadc2c0 0x0000000192bfe2c0 0 0 1 0 1 3 1 4687 904
0x0000723b3dadc340 0x0000000192bfe340 0 1 1 0 1 3 1 4687 896
0x0000723b3dadc3c0 0x0000000192bfe3c0 0 1 1 0 1 3 1 4687 904
0x0000723b3dadc440 0x0000000192bfe440 0 0 0 0 1 3 1 4687 912
0x0000723b3dadc4c0 0x0000000192bfe4c0 0 0 0 0 1 3 1 4687 920
0x0000723b3dadc540 0x0000000192bfe540 0 1 0 0 1 3 1 4687 912
0x0000723b3dadc5c0 0x0000000192bfe5c0 0 1 0 0 1 3 1 4687 920
0x0000723b3dadc640 0x0000000192bfe640 0 0 1 0 1 3 1 4687 912
0x0000723b3dadc6c0 0x0000000192bfe6c0 0 0 1 0 1 3 1 4687 920
0x0000723b3dadc740 0x0000000192bfe740 0 1 1 0 1 3 1 4687 912
0x0000723b3dadc7c0 0x0000000192bfe7c0 0 1 1 0 1 3 1 4687 920
0x0000723b3dadc840 0x0000000192bfe840 0 0 0 0 1 3 1 4687 928
0x0000723b3dadc8c0 0x0000000192bfe8c0 0 0 0 0 1 3 1 4687 936
0x0000723b3dadc940 0x0000000192bfe940 0 1 0 0 1 3 1 4687 928
0x0000723b3dadc9c0 0x0000000192bfe9c0 0 1 0 0 1 3 1 4687 936
0x0000723b3dadca40 0x0000000192bfea40 0 0 1 0 1 3 1 4687 928
0x0000723b3dadcac0 0x0000000192bfeac0 0 0 1 0 1 3 1 4687 936
0x0000723b3dadcb40 0x0000000192bfeb40 0 1 1 0 1 3 1 4687 928
0x0000723b3dadcbc0 0x0000000192bfebc0 0 1 1 0 1 3 1 4687 936
0x0000723b3dadcc40 0x0000000192bfec40 0 0 0 0 1 3 1 4687 944
0x0000723b3dadccc0 0x0000000192bfecc0 0 0 0 0 1 3 1 4687 952
0x0000723b3dadcd40 0x0000000192bfed40 0 1 0 0 1 3 1 4687 944
0x0000723b3dadcdc0 0x0000000192bfedc0 0 1 0 0 1 3 1 4687 952
0x0000723b3dadce40 0x0000000192bfee40 0 0 1 0 1 3 1 4687 944
0x0000723b3dadcec0 0x0000000192bfeec0 0 0 1 0 1 3 1 4687 952
0x0000723b3dadcf40 0x0000000192bfef40 0 1 1 0 1 3 1 4687 944
0x0000723b3dadcfc0 0x0000000192bfefc0 0 1 1 0 1 3 1 4687 952
0x0000723b3dadd040 0x0000000192bc0040 0 0 0 0 0 3 1 4686 0
0x0000723b3dadd0c0 0x0000000192bc00c0 0 0 0 0 0 3 1 4686 8
0x0000723b3dadd140 0x0000000192bc0140 0 1 0 0 0 3 1 4686 0
0x0000723b3dadd1c0 0x0000000192bc01c0 0 1 0 0 0 3 1 4686 8
0x0000723b3dadd240 0x0000000192bc0240 0 0 1 0 0 3 1 4686 0
0x0000723b3dadd2c0 0x0000000192bc02c0 0 0 1 0 0 3 1 4686 8
0x0000723b3dadd340 0x0000000192bc0340 0 1 1 0 0 3 1 4686 0
0x0000723b3dadd3c0 0x0000000192bc03c0 0 1 1 0 0 3 1 4686 8
0x0000723b3dadd440 0x0000000192bc0440 0 0 0 0 0 3 1 4686 16
0x0000723b3dadd4c0 0x0000000192bc04c0 0 0 0 0 0 3 1 4686 24
0x0000723b3dadd540 0x0000000192bc0540 0 1 0 0 0 3 1 4686 16
0x0000723b3dadd5c0 0x0000000192bc05c0 0 1 0 0 0 3 1 4686 24
0x0000723b3dadd640 0x0000000192bc0640 0 0 1 0 0 3 1 4686 16
0x0000723b3dadd6c0 0x0000000192bc06c0 0 0 1 0 0 3 1 4686 24
0x0000723b3dadd740 0x0000000192bc0740 0 1 1 0 0 3 1 4686 16
0x0000723b3dadd7c0 0x0000000192bc07c0 0 1 1 0 0 3 1 4686 24
0x0000723b3dadd840 0x0000000192bc0840 0 0 0 0 0 3 1 4686 32
0x0000723b3dadd8c0 0x0000000192bc08c0 0 0 0 0 0 3 1 4686 40
0x0000723b3dadd940 0x0000000192bc0940 0 1 0 0 0 3 1 4686 32
0x0000723b3dadd9c0 0x0000000192bc09c0 0 1 0 0 0 3 1 4686 40
0x0000723b3dadda40 0x0000000192bc0a40 0 0 1 0 0 3 1 4686 32
0x0000723b3daddac0 0x0000000192bc0ac0 0 0 1 0 0 3 1 4686 40
0x0000723b3daddb40 0x0000000192bc0b40 0 1 1 0 0 3 1 4686 32
0x0000723b3daddbc0 0x0000000192bc0bc0 0 1 1 0 0 3 1 4686 40
0x0000723b3daddc40 0x0000000192bc0c40 0 0 0 0 0 3 1 4686 48
0x0000723b3daddcc0 0x0000000192bc0cc0 0 0 0 0 0 3 1 4686 56
0x0000723b3daddd40 0x0000000192bc0d40 0 1 0 0 0 3 1 4686 48
0x0000723b3dadddc0 0x0000000192bc0dc0 0 1 0 0 0 3 1 4686 56
0x0000723b3dadde40 0x0000000192bc0e40 0 0 1 0 0 3 1 4686 48
0x0000723b3daddec0 0x0000000192bc0ec0 0 0 1 0 0 3 1 4686 56
0x0000723b3daddf40 0x0000000192bc0f40 0 1 1 0 0 3 1 4686 48
0x0000723b3daddfc0 0x0000000192bc0fc0 0 1 1 0 0 3 1 4686 56
0x0000723b3dae6040 0x0000000aec326040 0 0 0 0 0 3 1 44417 384
0x0000723b3dae60c0 0x0000000aec3260c0 0 0 0 0 0 3 1 44417 392
0x0000723b3dae6140 0x0000000aec326140 0 1 0 0 0 3 1 44417 384
0x0000723b3dae61c0 0x0000000aec3261c0 0 1 0 0 0 3 1 44417 392
0x0000723b3dae6240 0x0000000aec326240 0 0 1 0 0 3 1 44417 384
0x0000723b3dae62c0 0x0000000aec3262c0 0 0 1 0 0 3 1 44417 392
0x0000723b3dae6340 0x0000000aec326340 0 1 1 0 0 3 1 44417 384
0x0000723b3dae63c0 0x0000000aec3263c0 0 1 1 0 0 3 1 44417 392
0x0000723b3dae6440 0x0000000aec326440 0 0 0 0 0 3 1 44417 400
0x0000723b3dae64c0 0x0000000aec3264c0 0 0 0 0 0 3 1 44417 408
0x0000723b3dae6540 0x0000000aec326540 0 1 0 0 0 3 1 44417 400
0x0000723b3dae65c0 0x0000000aec3265c0 0 1 0 0 0 3 1 44417 408
0x0000723b3dae6640 0x0000000aec326640 0 0 1 0 0 3 1 44417 400
0x0000723b3dae66c0 0x0000000aec3266c0 0 0 1 0 0 3 1 44417 408
0x0000723b3dae6740 0x0000000aec326740 0 1 1 0 0 3 1 44417 400
0x0000723b3dae67c0 0x0000000aec3267c0 0 1 1 0 0 3 1 44417 408
0x0000723b3dae6840 0x0000000aec326840 0 0 0 0 0 3 1 44417 416
0x0000723b3dae68c0 0x0000000aec3268c0 0 0 0 0 0 3 1 44417 424
0x0000723b3dae6940 0x0000000aec326940 0 1 0 0 0 3 1 44417 416
0x0000723b3dae69c0 0x0000000aec3269c0 0 1 0 0 0 3 1 44417 424
0x0000723b3dae6a40 0x0000000aec326a40 0 0 1 0 0 3 1 44417 416
0x0000723b3dae6ac0 0x0000000aec326ac0 0 0 1 0 0 3 1 44417 424
0x0000723b3dae6b40 0x0000000aec326b40 0 1 1 0 0 3 1 44417 416
0x0000723b3dae6bc0 0x0000000aec326bc0 0 1 1 0 0 3 1 44417 424
0x0000723b3dae6c40 0x0000000aec326c40 0 0 0 0 0 3 1 44417 432
0x0000723b3dae6cc0 0x0000000aec326cc0 0 0 0 0 0 3 1 44417 440
0x0000723b3dae6d40 0x0000000aec326d40 0 1 0 0 0 3 1 44417 432
0x0000723b3dae6dc0 0x0000000aec326dc0 0 1 0 0 0 3 1 44417 440
0x0000723b3dae6e40 0x0000000aec326e40 0 0 1 0 0 3 1 44417 432
0x0000723b3dae6ec0 0x0000000aec326ec0 0 0 1 0 0 3 1 44417 440
0x0000723b3dae6f40 0x0000000aec326f40 0 1 1 0 0 3 1 44417 432
0x0000723b3dae6fc0 0x0000000aec326fc0 0 1 1 0 0 3 1 44417 440
0x0000723b3daec040 0x00000009fab27040 0 0 0 0 0 3 1 40777 448
0x0000723b3daec0c0 0x00000009fab270c0 0 0 0 0 0 3 1 40777 456
0x0000723b3daec140 0x00000009fab27140 0 1 0 0 0 3 1 40777 448
0x0000723b3daec1c0 0x00000009fab271c0 0 1 0 0 0 3 1 40777 456
0x0000723b3daec240 0x00000009fab27240 0 0 1 0 0 3 1 40777 448
0x0000723b3daec2c0 0x00000009fab272c0 0 0 1 0 0 3 1 40777 456
0x0000723b3daec340 0x00000009fab27340 0 1 1 0 0 3 1 40777 448
0x0000723b3daec3c0 0x00000009fab273c0 0 1 1 0 0 3 1 40777 456
0x0000723b3daec440 0x00000009fab27440 0 0 0 0 0 3 1 40777 464
0x0000723b3daec4c0 0x00000009fab274c0 0 0 0 0 0 3 1 40777 472
0x0000723b3daec540 0x00000009fab27540 0 1 0 0 0 3 1 40777 464
0x0000723b3daec5c0 0x00000009fab275c0 0 1 0 0 0 3 1 40777 472
0x0000723b3daec640 0x00000009fab27640 0 0 1 0 0 3 1 40777 464
0x0000723b3daec6c0 0x00000009fab276c0 0 0 1 0 0 3 1 40777 472
0x0000723b3daec740 0x00000009fab27740 0 1 1 0 0 3 1 40777 464
0x0000723b3daec7c0 0x00000009fab277c0 0 1 1 0 0 3 1 40777 472
0x0000723b3daec840 0x00000009fab27840 0 0 0 0 0 3 1 40777 480
0x0000723b3daec8c0 0x00000009fab278c0 0 0 0 0 0 3 1 40777 488
0x0000723b3daec940 0x00000009fab27940 0 1 0 0 0 3 1 40777 480
0x0000723b3daec9c0 0x00000009fab279c0 0 1 0 0 0 3 1 40777 488
0x0000723b3daeca40 0x00000009fab27a40 0 0 1 0 0 3 1 40777 480
0x0000723b3daecac0 0x00000009fab27ac0 0 0 1 0 0 3 1 40777 488
0x0000723b3daecb40 0x00000009fab27b40 0 1 1 0 0 3 1 40777 480
0x0000723b3daecbc0 0x00000009fab27bc0 0 1 1 0 0 3 1 40777 488
0x0000723b3daecc40 0x00000009fab27c40 0 0 0 0 0 3 1 40777 496
0x0000723b3daeccc0 0x00000009fab27cc0 0 0 0 0 0 3 1 40777 504
0x0000723b3daecd40 0x00000009fab27d40 0 1 0 0 0 3 1 40777 496
0x0000723b3daecdc0 0x00000009fab27dc0 0 1 0 0 0 3 1 40777 504
0x0000723b3daece40 0x00000009fab27e40 0 0 1 0 0 3 1 40777 496
0x0000723b3daecec0 0x00000009fab27ec0 0 0 1 0 0 3 1 40777 504
0x0000723b3daecf40 0x00000009fab27f40 0 1 1 0 0 3 1 40777 496
0x0000723b3daecfc0 0x00000009fab27fc0 0 1 1 0 0 3 1 40777 504
0x0000723b3daf2040 0x00000006f3b42040 0 0 0 0 0 3 1 28266 128
0x0000723b3daf20c0 0x00000006f3b420c0 0 0 0 0 0 3 1 28266 136
0x0000723b3daf2140 0x00000006f3b42140 0 1 0 0 0 3 1 28266 128
0x0000723b3daf21c0 0x00000006f3b421c0 0 1 0 0 0 3 1 28266 136
0x0000723b3daf2240 0x00000006f3b42240 0 0 1 0 0 3 1 28266 128
0x0000723b3daf22c0 0x00000006f3b422c0 0 0 1 0 0 3 1 28266 136
0x0000723b3daf2340 0x00000006f3b42340 0 1 1 0 0 3 1 28266 128
0x0000723b3daf23c0 0x00000006f3b423c0 0 1 1 0 0 3 1 28266 136
0x0000723b3daf2440 0x00000006f3b42440 0 0 0 0 0 3 1 28266 144
0x0000723b3daf24c0 0x00000006f3b424c0 0 0 0 0 0 3 1 28266 152
0x0000723b3daf2540 0x00000006f3b42540 0 1 0 0 0 3 1 28266 144
0x0000723b3daf25c0 0x00000006f3b425c0 0 1 0 0 0 3 1 28266 152
0x0000723b3daf2640 0x00000006f3b42640 0 0 1 0 0 3 1 28266 144
0x0000723b3daf26c0 0x00000006f3b426c0 0 0 1 0 0 3 1 28266 152
0x0000723b3daf2740 0x00000006f3b42740 0 1 1 0 0 3 1 28266 144
0x0000723b3daf27c0 0x00000006f3b427c0 0 1 1 0 0 3 1 28266 152
0x0000723b3daf2840 0x00000006f3b42840 0 0 0 0 0 3 1 28266 160
0x0000723b3daf28c0 0x00000006f3b428c0 0 0 0 0 0 3 1 28266 168
0x0000723b3daf2940 0x00000006f3b42940 0 1 0 0 0 3 1 28266 160
0x0000723b3daf29c0 0x00000006f3b429c0 0 1 0 0 0 3 1 28266 168
0x0000723b3daf2a40 0x00000006f3b42a40 0 0 1 0 0 3 1 28266 160
0x0000723b3daf2ac0 0x00000006f3b42ac0 0 0 1 0 0 3 1 28266 168
0x0000723b3daf2b40 0x00000006f3b42b40 0 1 1 0 0 3 1 28266 160
0x0000723b3daf2bc0 0x00000006f3b42bc0 0 1 1 0 0 3 1 28266 168
0x0000723b3daf2c40 0x00000006f3b42c40 0 0 0 0 0 3 1 28266 176
0x0000723b3daf2cc0 0x00000006f3b42cc0 0 0 0 0 0 3 1 28266 184
0x0000723b3daf2d40 0x00000006f3b42d40 0 1 0 0 0 3 1 28266 176
0x0000723b3daf2dc0 0x00000006f3b42dc0 0 1 0 0 0 3 1 28266 184
0x0000723b3daf2e40 0x00000006f3b42e40 0 0 1 0 0 3 1 28266 176
0x0000723b3daf2ec0 0x00000006f3b42ec0 0 0 1 0 0 3 1 28266 184
0x0000723b3daf2f40 0x00000006f3b42f40 0 1 1 0 0 3 1 28266 176
0x0000723b3daf2fc0 0x00000006f3b42fc0 0 1 1 0 0 3 1 28266 184
0x0000723b3daf8040 0x0000000de7b53040 0 0 0 0 0 3 1 56554 704
0x0000723b3daf80c0 0x0000000de7b530c0 0 0 0 0 0 3 1 56554 712
0x0000723b3daf8140 0x0000000de7b53140 0 1 0 0 0 3 1 56554 704
0x0000723b3daf81c0 0x0000000de7b531c0 0 1 0 0 0 3 1 56554 712
0x0000723b3daf8240 0x0000000de7b53240 0 0 1 0 0 3 1 56554 704
0x0000723b3daf82c0 0x0000000de7b532c0 0 0 1 0 0 3 1 56554 712
0x0000723b3daf8340 0x0000000de7b53340 0 1 1 0 0 3 1 56554 704
0x0000723b3daf83c0 0x0000000de7b533c0 0 1 1 0 0 3 1 56554 712
0x0000723b3daf8440 0x0000000de7b53440 0 0 0 0 0 3 1 56554 720
0x0000723b3daf84c0 0x0000000de7b534c0 0 0 0 0 0 3 1 56554 728
0x0000723b3daf8540 0x0000000de7b53540 0 1 0 0 0 3 1 56554 720
0x0000723b3daf85c0 0x0000000de7b535c0 0 1 0 0 0 3 1 56554 728
0x0000723b3daf8640 0x0000000de7b53640 0 0 1 0 0 3 1 56554 720
0x0000723b3daf86c0 0x0000000de7b536c0 0 0 1 0 0 3 1 56554 728
0x0000723b3daf8740 0x0000000de7b53740 0 1 1 0 0 3 1 56554 720
0x0000723b3daf87c0 0x0000000de7b537c0 0 1 1 0 0 3 1 56554 728
0x0000723b3daf8840 0x0000000de7b53840 0 0 0 0 0 3 1 56554 736
0x0000723b3daf88c0 0x0000000de7b538c0 0 0 0 0 0 3 1 56554 744
0x0000723b3daf8940 0x0000000de7b53940 0 1 0 0 0 3 1 56554 736
0x0000723b3daf89c0 0x0000000de7b539c0 0 1 0 0 0 3 1 56554 744
0x0000723b3daf8a40 0x0000000de7b53a40 0 0 1 0 0 3 1 56554 736
0x0000723b3daf8ac0 0x0000000de7b53ac0 0 0 1 0 0 3 1 56554 744
0x0000723b3daf8b40 0x0000000de7b53b40 0 1 1 0 0 3 1 56554 736
0x0000723b3daf8bc0 0x0000000de7b53bc0 0 1 1 0 0 3 1 56554 744
0x0000723b3daf8c40 0x0000000de7b53c40 0 0 0 0 0 3 1 56554 752
0x0000723b3daf8cc0 0x0000000de7b53cc0 0 0 0 0 0 3 1 56554 760
0x0000723b3daf8d40 0x0000000de7b53d40 0 1 0 0 0 3 1 56554 752
0x0000723b3daf8dc0 0x0000000de7b53dc0 0 1 0 0 0 3 1 56554 760
0x0000723b3daf8e40 0x0000000de7b53e40 0 0 1 0 0 3 1 56554 752
0x0000723b3daf8ec0 0x0000000de7b53ec0 0 0 1 0 0 3 1 56554 760
0x0000723b3daf8f40 0x0000000de7b53f40 0 1 1 0 0 3 1 56554 752
0x0000723b3daf8fc0 0x0000000de7b53fc0 0 1 1 0 0 3 1 56554 760
0x0000723b3daf9040 0x0000000d0134b040 0 0 0 0 1 3 1 49202 192
0x0000723b3daf90c0 0x0000000d0134b0c0 0 0 0 0 1 3 1 49202 200
0x0000723b3daf9140 0x0000000d0134b140 0 1 0 0 1 3 1 49202 192
0x0000723b3daf91c0 0x0000000d0134b1c0 0 1 0 0 1 3 1 49202 200
0x0000723b3daf9240 0x0000000d0134b240 0 0 1 0 1 3 1 49202 192
0x0000723b3daf92c0 0x0000000d0134b2c0 0 0 1 0 1 3 1 49202 200
0x0000723b3daf9340 0x0000000d0134b340 0 1 1 0 1 3 1 49202 192
0x0000723b3daf93c0 0x0000000d0134b3c0 0 1 1 0 1 3 1 49202 200
0x0000723b3daf9440 0x0000000d0134b440 0 0 0 0 1 3 1 49202 208
0x0000723b3daf94c0 0x0000000d0134b4c0 0 0 0 0 1 3 1 49202 216
0x0000723b3daf9540 0x0000000d0134b540 0 1 0 0 1 3 1 49202 208
0x0000723b3daf95c0 0x0000000d0134b5c0 0 1 0 0 1 3 1 49202 216
0x0000723b3daf9640 0x0000000d0134b640 0 0 1 0 1 3 1 49202 208
0x0000723b3daf96c0 0x0000000d0134b6c0 0 0 1 0 1 3 1 49202 216
0x0000723b3daf9740 0x0000000d0134b740 0 1 1 0 1 3 1 49202 208
0x0000723b3daf97c0 0x0000000d0134b7c0 0 1 1 0 1 3 1 49202 216
0x0000723b3daf9840 0x0000000d0134b840 0 0 0 0 1 3 1 49202 224
0x0000723b3daf98c0 0x0000000d0134b8c0 0 0 0 0 1 3 1 49202 232
0x0000723b3daf9940 0x0000000d0134b940 0 1 0 0 1 3 1 49202 224
0x0000723b3daf99c0 0x0000000d0134b9c0 0 1 0 0 1 3 1 49202 232
0x0000723b3daf9a40 0x0000000d0134ba40 0 0 1 0 1 3 1 49202 224
0x0000723b3daf9ac0 0x0000000d0134bac0 0 0 1 0 1 3 1 49202 232
0x0000723b3daf9b40 0x0000000d0134bb40 0 1 1 0 1 3 1 49202 224
0x0000723b3daf9bc0 0x0000000d0134bbc0 0 1 1 0 1 3 1 49202 232
0x0000723b3daf9c40 0x0000000d0134bc40 0 0 0 0 1 3 1 49202 240
0x0000723b3daf9cc0 0x0000000d0134bcc0 0 0 0 0 1 3 1 49202 248
0x0000723b3daf9d40 0x0000000d0134bd40 0 1 0 0 1 3 1 49202 240
0x0000723b3daf9dc0 0x0000000d0134bdc0 0 1 0 0 1 3 1 49202 248
0x0000723b3daf9e40 0x0000000d0134be40 0 0 1 0 1 3 1 49202 240
0x0000723b3daf9ec0 0x0000000d0134bec0 0 0 1 0 1 3 1 49202 248
0x0000723b3daf9f40 0x0000000d0134bf40 0 1 1 0 1 3 1 49202 240
0x0000723b3daf9fc0 0x0000000d0134bfc0 0 1 1 0 1 3 1 49202 248
0x0000723b3dafa040 0x0000000e9a3a5040 0 0 0 0 0 3 1 58181 320
0x0000723b3dafa0c0 0x0000000e9a3a50c0 0 0 0 0 0 3 1 58181 328
0x0000723b3dafa140 0x0000000e9a3a5140 0 1 0 0 0 3 1 58181 320
0x0000723b3dafa1c0 0x0000000e9a3a51c0 0 1 0 0 0 3 1 58181 328
0x0000723b3dafa240 0x0000000e9a3a5240 0 0 1 0 0 3 1 58181 320
0x0000723b3dafa2c0 0x0000000e9a3a52c0 0 0 1 0 0 3 1 58181 328
0x0000723b3dafa340 0x0000000e9a3a5340 0 1 1 0 0 3 1 58181 320
0x0000723b3dafa3c0 0x0000000e9a3a53c0 0 1 1 0 0 3 1 58181 328
0x0000723b3dafa440 0x0000000e9a3a5440 0 0 0 0 0 3 1 58181 336
0x0000723b3dafa4c0 0x0000000e9a3a54c0 0 0 0 0 0 3 1 58181 344
0x0000723b3dafa540 0x0000000e9a3a5540 0 1 0 0 0 3 1 58181 336
0x0000723b3dafa5c0 0x0000000e9a3a55c0 0 1 0 0 0 3 1 58181 344
0x0000723b3dafa640 0x0000000e9a3a5640 0 0 1 0 0 3 1 58181 336
0x0000723b3dafa6c0 0x0000000e9a3a56c0 0 0 1 0 0 3 1 58181 344
0x0000723b3dafa740 0x0000000e9a3a5740 0 1 1 0 0 3 1 58181 336
0x0000723b3dafa7c0 0x0000000e9a3a57c0 0 1 1 0 0 3 1 58181 344
0x0000723b3dafa840 0x0000000e9a3a5840 0 0 0 0 0 3 1 58181 352
0x0000723b3dafa8c0 0x0000000e9a3a58c0 0 0 0 0 0 3 1 58181 360
0x0000723b3dafa940 0x0000000e9a3a5940 0 1 0 0 0 3 1 58181 352
0x0000723b3dafa9c0 0x0000000e9a3a59c0 0 1 0 0 0 3 1 58181 360
0x0000723b3dafaa40 0x0000000e9a3a5a40 0 0 1 0 0 3 1 58181 352
0x0000723b3dafaac0 0x0000000e9a3a5ac0 0 0 1 0 0 3 1 58181 360
0x0000723b3dafab40 0x0000000e9a3a5b40 0 1 1 0 0 3 1 58181 352
0x0000723b3dafabc0 0x0000000e9a3a5bc0 0 1 1 0 0 3 1 58181 360
0x0000723b3dafac40 0x0000000e9a3a5c40 0 0 0 0 0 3 1 58181 368
0x0000723b3dafacc0 0x0000000e9a3a5cc0 0 0 0 0 0 3 1 58181 376
0x0000723b3dafad40 0x0000000e9a3a5d40 0 1 0 0 0 3 1 58181 368
0x0000723b3dafadc0 0x0000000e9a3a5dc0 0 1 0 0 0 3 1 58181 376
0x0000723b3dafae40 0x0000000e9a3a5e40 0 0 1 0 0 3 1 58181 368
0x0000723b3dafaec0 0x0000000e9a3a5ec0 0 0 1 0 0 3 1 58181 376
0x0000723b3dafaf40 0x0000000e9a3a5f40 0 1 1 0 0 3 1 58181 368
0x0000723b3dafafc0 0x0000000e9a3a5fc0 0 1 1 0 0 3 1 58181 376
0x0000723b3dafe040 0x00000007fe301040 0 0 0 0 0 3 1 32704 64
0x0000723b3dafe0c0 0x00000007fe3010c0 0 0 0 0 0 3 1 32704 72
0x0000723b3dafe140 0x00000007fe301140 0 1 0 0 0 3 1 32704 64
0x0000723b3dafe1c0 0x00000007fe3011c0 0 1 0 0 0 3 1 32704 72
0x0000723b3dafe240 0x00000007fe301240 0 0 1 0 0 3 1 32704 64
0x0000723b3dafe2c0 0x00000007fe3012c0 0 0 1 0 0 3 1 32704 72
0x0000723b3dafe340 0x00000007fe301340 0 1 1 0 0 3 1 32704 64
0x0000723b3dafe3c0 0x00000007fe3013c0 0 1 1 0 0 3 1 32704 72
0x0000723b3dafe440 0x00000007fe301440 0 0 0 0 0 3 1 32704 80
0x0000723b3dafe4c0 0x00000007fe3014c0 0 0 0 0 0 3 1 32704 88
0x0000723b3dafe540 0x00000007fe301540 0 1 0 0 0 3 1 32704 80
0x0000723b3dafe5c0 0x00000007fe3015c0 0 1 0 0 0 3 1 32704 88
0x0000723b3dafe640 0x00000007fe301640 0 0 1 0 0 3 1 32704 80
0x0000723b3dafe6c0 0x00000007fe3016c0 0 0 1 0 0 3 1 32704 88
0x0000723b3dafe740 0x00000007fe301740 0 1 1 0 0 3 1 32704 80
0x0000723b3dafe7c0 0x00000007fe3017c0 0 1 1 0 0 3 1 32704 88
0x0000723b3dafe840 0x00000007fe301840 0 0 0 0 0 3 1 32704 96
0x0000723b3dafe8c0 0x00000007fe3018c0 0 0 0 0 0 3 1 32704 104
0x0000723b3dafe940 0x00000007fe301940 0 1 0 0 0 3 1 32704 96
0x0000723b3dafe9c0 0x00000007fe3019c0 0 1 0 0 0 3 1 32704 104
0x0000723b3dafea40 0x00000007fe301a40 0 0 1 0 0 3 1 32704 96
0x0000723b3dafeac0 0x00000007fe301ac0 0 0 1 0 0 3 1 32704 104
0x0000723b3dafeb40 0x00000007fe301b40 0 1 1 0 0 3 1 32704 96
0x0000723b3dafebc0 0x00000007fe301bc0 0 1 1 0 0 3 1 32704 104
0x0000723b3dafec40 0x00000007fe301c40 0 0 0 0 0 3 1 32704 112
0x0000723b3dafecc0 0x00000007fe301cc0 0 0 0 0 0 3 1 32704 120
0x0000723b3dafed40 0x00000007fe301d40 0 1 0 0 0 3 1 32704 112
0x0000723b3dafedc0 0x00000007fe301dc0 0 1 0 0 0 3 1 32704 120
0x0000723b3dafee40 0x00000007fe301e40 0 0 1 0 0 3 1 32704 112
0x0000723b3dafeec0 0x00000007fe301ec0 0 0 1 0 0 3 1 32704 120
0x0000723b3dafef40 0x00000007fe301f40 0 1 1 0 0 3 1 32704 112
0x0000723b3dafefc0 0x00000007fe301fc0 0 1 1 0 0 3 1 32704 120
0x0000723b3db01040 0x0000000c71be5040 0 0 0 0 0 3 1 48703 320
0x0000723b3db010c0 0x0000000c71be50c0 0 0 0 0 0 3 1 48703 328
0x0000723b3db01140 0x0000000c71be5140 0 1 0 0 0 3 1 48703 320
0x0000723b3db011c0 0x0000000c71be51c0 0 1 0 0 0 3 1 48703 328
0x0000723b3db01240 0x0000000c71be5240 0 0 1 0 0 3 1 48703 320
0x0000723b3db012c0 0x0000000c71be52c0 0 0 1 0 0 3 1 48703 328
0x0000723b3db01340 0x0000000c71be5340 0 1 1 0 0 3 1 48703 320
0x0000723b3db013c0 0x0000000c71be53c0 0 1 1 0 0 3 1 48703 328
0x0000723b3db01440 0x0000000c71be5440 0 0 0 0 0 3 1 48703 336
0x0000723b3db014c0 0x0000000c71be54c0 0 0 0 0 0 3 1 48703 344
0x0000723b3db01540 0x0000000c71be5540 0 1 0 0 0 3 1 48703 336
0x0000723b3db015c0 0x0000000c71be55c0 0 1 0 0 0 3 1 48703 344
0x0000723b3db01640 0x0000000c71be5640 0 0 1 0 0 3 1 48703 336
0x0000723b3db016c0 0x0000000c71be56c0 0 0 1 0 0 3 1 48703 344
0x0000723b3db01740 0x0000000c71be5740 0 1 1 0 0 3 1 48703 336
0x0000723b3db017c0 0x0000000c71be57c0 0 1 1 0 0 3 1 48703 344
0x0000723b3db01840 0x0000000c71be5840 0 0 0 0 0 3 1 48703 352
0x0000723b3db018c0 0x0000000c71be58c0 0 0 0 0 0 3 1 48703 360
0x0000723b3db01940 0x0000000c71be5940 0 1 0 0 0 3 1 48703 352
0x0000723b3db019c0 0x0000000c71be59c0 0 1 0 0 0 3 1 48703 360
0x0000723b3db01a40 0x0000000c71be5a40 0 0 1 0 0 3 1 48703 352
0x0000723b3db01ac0 0x0000000c71be5ac0 0 0 1 0 0 3 1 48703 360
0x0000723b3db01b40 0x0000000c71be5b40 0 1 1 0 0 3 1 48703 352
0x0000723b3db01bc0 0x0000000c71be5bc0 0 1 1 0 0 3 1 48703 360
0x0000723b3db01c40 0x0000000c71be5c40 0 0 0 0 0 3 1 48703 368
0x0000723b3db01cc0 0x0000000c71be5cc0 0 0 0 0 0 3 1 48703 376
0x0000723b3db01d40 0x0000000c71be5d40 0 1 0 0 0 3 1 48703 368
0x0000723b3db01dc0 0x0000000c71be5dc0 0 1 0 0 0 3 1 48703 376
0x0000723b3db01e40 0x0000000c71be5e40 0 0 1 0 0 3 1 48703 368
0x0000723b3db01ec0 0x0000000c71be5ec0 0 0 1 0 0 3 1 48703 376
0x0000723b3db01f40 0x0000000c71be5f40 0 1 1 0 0 3 1 48703 368
0x0000723b3db01fc0 0x0000000c71be5fc0 0 1 1 0 0 3 1 48703 376
0x0000723b3db09040 0x000000030bbe8040 0 0 0 0 1 3 1 8575 0
0x0000723b3db090c0 0x000000030bbe80c0 0 0 0 0 1 3 1 8575 8
0x0000723b3db09140 0x000000030bbe8140 0 1 0 0 1 3 1 8575 0
0x0000723b3db091c0 0x000000030bbe81c0 0 1 0 0 1 3 1 8575 8
0x0000723b3db09240 0x000000030bbe8240 0 0 1 0 1 3 1 8575 0
0x0000723b3db092c0 0x000000030bbe82c0 0 0 1 0 1 3 1 8575 8
0x0000723b3db09340 0x000000030bbe8340 0 1 1 0 1 3 1 8575 0
0x0000723b3db093c0 0x000000030bbe83c0 0 1 1 0 1 3 1 8575 8
0x0000723b3db09440 0x000000030bbe8440 0 0 0 0 1 3 1 8575 16
0x0000723b3db094c0 0x000000030bbe84c0 0 0 0 0 1 3 1 8575 24
0x0000723b3db09540 0x000000030bbe8540 0 1 0 0 1 3 1 8575 16
0x0000723b3db095c0 0x000000030bbe85c0 0 1 0 0 1 3 1 8575 24
0x0000723b3db09640 0x000000030bbe8640 0 0 1 0 1 3 1 8575 16
0x0000723b3db096c0 0x000000030bbe86c0 0 0 1 0 1 3 1 8575 24
0x0000723b3db09740 0x000000030bbe8740 0 1 1 0 1 3 1 8575 16
0x0000723b3db097c0 0x000000030bbe87c0 0 1 1 0 1 3 1 8575 24
0x0000723b3db09840 0x000000030bbe8840 0 0 0 0 1 3 1 8575 32
0x0000723b3db098c0 0x000000030bbe88c0 0 0 0 0 1 3 1 8575 40
0x0000723b3db09940 0x000000030bbe8940 0 1 0 0 1 3 1 8575 32
0x0000723b3db099c0 0x000000030bbe89c0 0 1 0 0 1 3 1 8575 40
0x0000723b3db09a40 0x000000030bbe8a40 0 0 1 0 1 3 1 8575 32
0x0000723b3db09ac0 0x000000030bbe8ac0 0 0 1 0 1 3 1 8575 40
0x0000723b3db09b40 0x000000030bbe8b40 0 1 1 0 1 3 1 8575 32
0x0000723b3db09bc0 0x000000030bbe8bc0 0 1 1 0 1 3 1 8575 40
0x0000723b3db09c40 0x000000030bbe8c40 0 0 0 0 1 3 1 8575 48
0x0000723b3db09cc0 0x000000030bbe8cc0 0 0 0 0 1 3 1 8575 56
0x0000723b3db09d40 0x000000030bbe8d40 0 1 0 0 1 3 1 8575 48
0x0000723b3db09dc0 0x000000030bbe8dc0 0 1 0 0 1 3 1 8575 56
0x0000723b3db09e40 0x000000030bbe8e40 0 0 1 0 1 3 1 8575 48
0x0000723b3db09ec0 0x000000030bbe8ec0 0 0 1 0 1 3 1 8575 56
0x0000723b3db09f40 0x000000030bbe8f40 0 1 1 0 1 3 1 8575 48
0x0000723b3db09fc0 0x000000030bbe8fc0 0 1 1 0 1 3 1 8575 56
