# bank_id=8 (bg=2 ba=0) n=3744
# Columns: VA PA s imc ch dimm rank bg ba row col
0x0000723b3d7ff000 0x000000098b934000 0 0 0 0 0 2 0 37225 768
0x0000723b3d7ff080 0x000000098b934080 0 0 0 0 0 2 0 37225 776
0x0000723b3d7ff100 0x000000098b934100 0 1 0 0 0 2 0 37225 768
0x0000723b3d7ff180 0x000000098b934180 0 1 0 0 0 2 0 37225 776
0x0000723b3d7ff200 0x000000098b934200 0 0 1 0 0 2 0 37225 768
0x0000723b3d7ff280 0x000000098b934280 0 0 1 0 0 2 0 37225 776
0x0000723b3d7ff300 0x000000098b934300 0 1 1 0 0 2 0 37225 768
0x0000723b3d7ff380 0x000000098b934380 0 1 1 0 0 2 0 37225 776
0x0000723b3d7ff400 0x000000098b934400 0 0 0 0 0 2 0 37225 784
0x0000723b3d7ff480 0x000000098b934480 0 0 0 0 0 2 0 37225 792
0x0000723b3d7ff500 0x000000098b934500 0 1 0 0 0 2 0 37225 784
0x0000723b3d7ff580 0x000000098b934580 0 1 0 0 0 2 0 37225 792
0x0000723b3d7ff600 0x000000098b934600 0 0 1 0 0 2 0 37225 784
0x0000723b3d7ff680 0x000000098b934680 0 0 1 0 0 2 0 37225 792
0x0000723b3d7ff700 0x000000098b934700 0 1 1 0 0 2 0 37225 784
0x0000723b3d7ff780 0x000000098b934780 0 1 1 0 0 2 0 37225 792
0x0000723b3d7ff800 0x000000098b934800 0 0 0 0 0 2 0 37225 800
0x0000723b3d7ff880 0x000000098b934880 0 0 0 0 0 2 0 37225 808
0x0000723b3d7ff900 0x000000098b934900 0 1 0 0 0 2 0 37225 800
0x0000723b3d7ff980 0x000000098b934980 0 1 0 0 0 2 0 37225 808
0x0000723b3d7ffa00 0x000000098b934a00 0 0 1 0 0 2 0 37225 800
0x0000723b3d7ffa80 0x000000098b934a80 0 0 1 0 0 2 0 37225 808
0x0000723b3d7ffb00 0x000000098b934b00 0 1 1 0 0 2 0 37225 800
0x0000723b3d7ffb80 0x000000098b934b80 0 1 1 0 0 2 0 37225 808
0x0000723b3d7ffc00 0x000000098b934c00 0 0 0 0 0 2 0 37225 816
0x0000723b3d7ffc80 0x000000098b934c80 0 0 0 0 0 2 0 37225 824
0x0000723b3d7ffd00 0x000000098b934d00 0 1 0 0 0 2 0 37225 816
0x0000723b3d7ffd80 0x000000098b934d80 0 1 0 0 0 2 0 37225 824
0x0000723b3d7ffe00 0x000000098b934e00 0 0 1 0 0 2 0 37225 816
0x0000723b3d7ffe80 0x000000098b934e80 0 0 1 0 0 2 0 37225 824
0x0000723b3d7fff00 0x000000098b934f00 0 1 1 0 0 2 0 37225 816
0x0000723b3d7fff80 0x000000098b934f80 0 1 1 0 0 2 0 37225 824
0x0000723b3d801000 0x0000000d919f7000 0 0 0 0 0 2 0 53807 960
0x0000723b3d801080 0x0000000d919f7080 0 0 0 0 0 2 0 53807 968
0x0000723b3d801100 0x0000000d919f7100 0 1 0 0 0 2 0 53807 960
0x0000723b3d801180 0x0000000d919f7180 0 1 0 0 0 2 0 53807 968
0x0000723b3d801200 0x0000000d919f7200 0 0 1 0 0 2 0 53807 960
0x0000723b3d801280 0x0000000d919f7280 0 0 1 0 0 2 0 53807 968
0x0000723b3d801300 0x0000000d919f7300 0 1 1 0 0 2 0 53807 960
0x0000723b3d801380 0x0000000d919f7380 0 1 1 0 0 2 0 53807 968
0x0000723b3d801400 0x0000000d919f7400 0 0 0 0 0 2 0 53807 976
0x0000723b3d801480 0x0000000d919f7480 0 0 0 0 0 2 0 53807 984
0x0000723b3d801500 0x0000000d919f7500 0 1 0 0 0 2 0 53807 976
0x0000723b3d801580 0x0000000d919f7580 0 1 0 0 0 2 0 53807 984
0x0000723b3d801600 0x0000000d919f7600 0 0 1 0 0 2 0 53807 976
0x0000723b3d801680 0x0000000d919f7680 0 0 1 0 0 2 0 53807 984
0x0000723b3d801700 0x0000000d919f7700 0 1 1 0 0 2 0 53807 976
0x0000723b3d801780 0x0000000d919f7780 0 1 1 0 0 2 0 53807 984
0x0000723b3d801800 0x0000000d919f7800 0 0 0 0 0 2 0 53807 992
0x0000723b3d801880 0x0000000d919f7880 0 0 0 0 0 2 0 53807 1000
0x0000723b3d801900 0x0000000d919f7900 0 1 0 0 0 2 0 53807 992
0x0000723b3d801980 0x0000000d919f7980 0 1 0 0 0 2 0 53807 1000
0x0000723b3d801a00 0x0000000d919f7a00 0 0 1 0 0 2 0 53807 992
0x0000723b3d801a80 0x0000000d919f7a80 0 0 1 0 0 2 0 53807 1000
0x0000723b3d801b00 0x0000000d919f7b00 0 1 1 0 0 2 0 53807 992
0x0000723b3d801b80 0x0000000d919f7b80 0 1 1 0 0 2 0 53807 1000
0x0000723b3d801c00 0x0000000d919f7c00 0 0 0 0 0 2 0 53807 1008
0x0000723b3d801c80 0x0000000d919f7c80 0 0 0 0 0 2 0 53807 1016
0x0000723b3d801d00 0x0000000d919f7d00 0 1 0 0 0 2 0 53807 1008
0x0000723b3d801d80 0x0000000d919f7d80 0 1 0 0 0 2 0 53807 1016
0x0000723b3d801e00 0x0000000d919f7e00 0 0 1 0 0 2 0 53807 1008
0x0000723b3d801e80 0x0000000d919f7e80 0 0 1 0 0 2 0 53807 1016
0x0000723b3d801f00 0x0000000d919f7f00 0 1 1 0 0 2 0 53807 1008
0x0000723b3d801f80 0x0000000d919f7f80 0 1 1 0 0 2 0 53807 1016
0x0000723b3d804000 0x0000000e301e5000 0 0 0 0 0 2 0 54807 320
0x0000723b3d804080 0x0000000e301e5080 0 0 0 0 0 2 0 54807 328
0x0000723b3d804100 0x0000000e301e5100 0 1 0 0 0 2 0 54807 320
0x0000723b3d804180 0x0000000e301e5180 0 1 0 0 0 2 0 54807 328
0x0000723b3d804200 0x0000000e301e5200 0 0 1 0 0 2 0 54807 320
0x0000723b3d804280 0x0000000e301e5280 0 0 1 0 0 2 0 54807 328
0x0000723b3d804300 0x0000000e301e5300 0 1 1 0 0 2 0 54807 320
0x0000723b3d804380 0x0000000e301e5380 0 1 1 0 0 2 0 54807 328
0x0000723b3d804400 0x0000000e301e5400 0 0 0 0 0 2 0 54807 336
0x0000723b3d804480 0x0000000e301e5480 0 0 0 0 0 2 0 54807 344
0x0000723b3d804500 0x0000000e301e5500 0 1 0 0 0 2 0 54807 336
0x0000723b3d804580 0x0000000e301e5580 0 1 0 0 0 2 0 54807 344
0x0000723b3d804600 0x0000000e301e5600 0 0 1 0 0 2 0 54807 336
0x0000723b3d804680 0x0000000e301e5680 0 0 1 0 0 2 0 54807 344
0x0000723b3d804700 0x0000000e301e5700 0 1 1 0 0 2 0 54807 336
0x0000723b3d804780 0x0000000e301e5780 0 1 1 0 0 2 0 54807 344
0x0000723b3d804800 0x0000000e301e5800 0 0 0 0 0 2 0 54807 352
0x0000723b3d804880 0x0000000e301e5880 0 0 0 0 0 2 0 54807 360
0x0000723b3d804900 0x0000000e301e5900 0 1 0 0 0 2 0 54807 352
0x0000723b3d804980 0x0000000e301e5980 0 1 0 0 0 2 0 54807 360
0x0000723b3d804a00 0x0000000e301e5a00 0 0 1 0 0 2 0 54807 352
0x0000723b3d804a80 0x0000000e301e5a80 0 0 1 0 0 2 0 54807 360
0x0000723b3d804b00 0x0000000e301e5b00 0 1 1 0 0 2 0 54807 352
0x0000723b3d804b80 0x0000000e301e5b80 0 1 1 0 0 2 0 54807 360
0x0000723b3d804c00 0x0000000e301e5c00 0 0 0 0 0 2 0 54807 368
0x0000723b3d804c80 0x0000000e301e5c80 0 0 0 0 0 2 0 54807 376
0x0000723b3d804d00 0x0000000e301e5d00 0 1 0 0 0 2 0 54807 368
0x0000723b3d804d80 0x0000000e301e5d80 0 1 0 0 0 2 0 54807 376
0x0000723b3d804e00 0x0000000e301e5e00 0 0 1 0 0 2 0 54807 368
0x0000723b3d804e80 0x0000000e301e5e80 0 0 1 0 0 2 0 54807 376
0x0000723b3d804f00 0x0000000e301e5f00 0 1 1 0 0 2 0 54807 368
0x0000723b3d804f80 0x0000000e301e5f80 0 1 1 0 0 2 0 54807 376
0x0000723b3d80e000 0x0000000d919f6000 0 0 0 0 0 2 0 53807 896
0x0000723b3d80e080 0x0000000d919f6080 0 0 0 0 0 2 0 53807 904
0x0000723b3d80e100 0x0000000d919f6100 0 1 0 0 0 2 0 53807 896
0x0000723b3d80e180 0x0000000d919f6180 0 1 0 0 0 2 0 53807 904
0x0000723b3d80e200 0x0000000d919f6200 0 0 1 0 0 2 0 53807 896
0x0000723b3d80e280 0x0000000d919f6280 0 0 1 0 0 2 0 53807 904
0x0000723b3d80e300 0x0000000d919f6300 0 1 1 0 0 2 0 53807 896
0x0000723b3d80e380 0x0000000d919f6380 0 1 1 0 0 2 0 53807 904
0x0000723b3d80e400 0x0000000d919f6400 0 0 0 0 0 2 0 53807 912
0x0000723b3d80e480 0x0000000d919f6480 0 0 0 0 0 2 0 53807 920
0x0000723b3d80e500 0x0000000d919f6500 0 1 0 0 0 2 0 53807 912
0x0000723b3d80e580 0x0000000d919f6580 0 1 0 0 0 2 0 53807 920
0x0000723b3d80e600 0x0000000d919f6600 0 0 1 0 0 2 0 53807 912
0x0000723b3d80e680 0x0000000d919f6680 0 0 1 0 0 2 0 53807 920
0x0000723b3d80e700 0x0000000d919f6700 0 1 1 0 0 2 0 53807 912
0x0000723b3d80e780 0x0000000d919f6780 0 1 1 0 0 2 0 53807 920
0x0000723b3d80e800 0x0000000d919f6800 0 0 0 0 0 2 0 53807 928
0x0000723b3d80e880 0x0000000d919f6880 0 0 0 0 0 2 0 53807 936
0x0000723b3d80e900 0x0000000d919f6900 0 1 0 0 0 2 0 53807 928
0x0000723b3d80e980 0x0000000d919f6980 0 1 0 0 0 2 0 53807 936
0x0000723b3d80ea00 0x0000000d919f6a00 0 0 1 0 0 2 0 53807 928
0x0000723b3d80ea80 0x0000000d919f6a80 0 0 1 0 0 2 0 53807 936
0x0000723b3d80eb00 0x0000000d919f6b00 0 1 1 0 0 2 0 53807 928
0x0000723b3d80eb80 0x0000000d919f6b80 0 1 1 0 0 2 0 53807 936
0x0000723b3d80ec00 0x0000000d919f6c00 0 0 0 0 0 2 0 53807 944
0x0000723b3d80ec80 0x0000000d919f6c80 0 0 0 0 0 2 0 53807 952
0x0000723b3d80ed00 0x0000000d919f6d00 0 1 0 0 0 2 0 53807 944
0x0000723b3d80ed80 0x0000000d919f6d80 0 1 0 0 0 2 0 53807 952
0x0000723b3d80ee00 0x0000000d919f6e00 0 0 1 0 0 2 0 53807 944
0x0000723b3d80ee80 0x0000000d919f6e80 0 0 1 0 0 2 0 53807 952
0x0000723b3d80ef00 0x0000000d919f6f00 0 1 1 0 0 2 0 53807 944
0x0000723b3d80ef80 0x0000000d919f6f80 0 1 1 0 0 2 0 53807 952
0x0000723b3d812000 0x000000041b1ff000 0 0 0 0 1 2 0 13175 960
0x0000723b3d812080 0x000000041b1ff080 0 0 0 0 1 2 0 13175 968
0x0000723b3d812100 0x000000041b1ff100 0 1 0 0 1 2 0 13175 960
0x0000723b3d812180 0x000000041b1ff180 0 1 0 0 1 2 0 13175 968
0x0000723b3d812200 0x000000041b1ff200 0 0 1 0 1 2 0 13175 960
0x0000723b3d812280 0x000000041b1ff280 0 0 1 0 1 2 0 13175 968
0x0000723b3d812300 0x000000041b1ff300 0 1 1 0 1 2 0 13175 960
0x0000723b3d812380 0x000000041b1ff380 0 1 1 0 1 2 0 13175 968
0x0000723b3d812400 0x000000041b1ff400 0 0 0 0 1 2 0 13175 976
0x0000723b3d812480 0x000000041b1ff480 0 0 0 0 1 2 0 13175 984
0x0000723b3d812500 0x000000041b1ff500 0 1 0 0 1 2 0 13175 976
0x0000723b3d812580 0x000000041b1ff580 0 1 0 0 1 2 0 13175 984
0x0000723b3d812600 0x000000041b1ff600 0 0 1 0 1 2 0 13175 976
0x0000723b3d812680 0x000000041b1ff680 0 0 1 0 1 2 0 13175 984
0x0000723b3d812700 0x000000041b1ff700 0 1 1 0 1 2 0 13175 976
0x0000723b3d812780 0x000000041b1ff780 0 1 1 0 1 2 0 13175 984
0x0000723b3d812800 0x000000041b1ff800 0 0 0 0 1 2 0 13175 992
0x0000723b3d812880 0x000000041b1ff880 0 0 0 0 1 2 0 13175 1000
0x0000723b3d812900 0x000000041b1ff900 0 1 0 0 1 2 0 13175 992
0x0000723b3d812980 0x000000041b1ff980 0 1 0 0 1 2 0 13175 1000
0x0000723b3d812a00 0x000000041b1ffa00 0 0 1 0 1 2 0 13175 992
0x0000723b3d812a80 0x000000041b1ffa80 0 0 1 0 1 2 0 13175 1000
0x0000723b3d812b00 0x000000041b1ffb00 0 1 1 0 1 2 0 13175 992
0x0000723b3d812b80 0x000000041b1ffb80 0 1 1 0 1 2 0 13175 1000
0x0000723b3d812c00 0x000000041b1ffc00 0 0 0 0 1 2 0 13175 1008
0x0000723b3d812c80 0x000000041b1ffc80 0 0 0 0 1 2 0 13175 1016
0x0000723b3d812d00 0x000000041b1ffd00 0 1 0 0 1 2 0 13175 1008
0x0000723b3d812d80 0x000000041b1ffd80 0 1 0 0 1 2 0 13175 1016
0x0000723b3d812e00 0x000000041b1ffe00 0 0 1 0 1 2 0 13175 1008
0x0000723b3d812e80 0x000000041b1ffe80 0 0 1 0 1 2 0 13175 1016
0x0000723b3d812f00 0x000000041b1fff00 0 1 1 0 1 2 0 13175 1008
0x0000723b3d812f80 0x000000041b1fff80 0 1 1 0 1 2 0 13175 1016
0x0000723b3d815000 0x0000000a129a3000 0 0 0 0 0 2 0 37469 192
0x0000723b3d815080 0x0000000a129a3080 0 0 0 0 0 2 0 37469 200
0x0000723b3d815100 0x0000000a129a3100 0 1 0 0 0 2 0 37469 192
0x0000723b3d815180 0x0000000a129a3180 0 1 0 0 0 2 0 37469 200
0x0000723b3d815200 0x0000000a129a3200 0 0 1 0 0 2 0 37469 192
0x0000723b3d815280 0x0000000a129a3280 0 0 1 0 0 2 0 37469 200
0x0000723b3d815300 0x0000000a129a3300 0 1 1 0 0 2 0 37469 192
0x0000723b3d815380 0x0000000a129a3380 0 1 1 0 0 2 0 37469 200
0x0000723b3d815400 0x0000000a129a3400 0 0 0 0 0 2 0 37469 208
0x0000723b3d815480 0x0000000a129a3480 0 0 0 0 0 2 0 37469 216
0x0000723b3d815500 0x0000000a129a3500 0 1 0 0 0 2 0 37469 208
0x0000723b3d815580 0x0000000a129a3580 0 1 0 0 0 2 0 37469 216
0x0000723b3d815600 0x0000000a129a3600 0 0 1 0 0 2 0 37469 208
0x0000723b3d815680 0x0000000a129a3680 0 0 1 0 0 2 0 37469 216
0x0000723b3d815700 0x0000000a129a3700 0 1 1 0 0 2 0 37469 208
0x0000723b3d815780 0x0000000a129a3780 0 1 1 0 0 2 0 37469 216
0x0000723b3d815800 0x0000000a129a3800 0 0 0 0 0 2 0 37469 224
0x0000723b3d815880 0x0000000a129a3880 0 0 0 0 0 2 0 37469 232
0x0000723b3d815900 0x0000000a129a3900 0 1 0 0 0 2 0 37469 224
0x0000723b3d815980 0x0000000a129a3980 0 1 0 0 0 2 0 37469 232
0x0000723b3d815a00 0x0000000a129a3a00 0 0 1 0 0 2 0 37469 224
0x0000723b3d815a80 0x0000000a129a3a80 0 0 1 0 0 2 0 37469 232
0x0000723b3d815b00 0x0000000a129a3b00 0 1 1 0 0 2 0 37469 224
0x0000723b3d815b80 0x0000000a129a3b80 0 1 1 0 0 2 0 37469 232
0x0000723b3d815c00 0x0000000a129a3c00 0 0 0 0 0 2 0 37469 240
0x0000723b3d815c80 0x0000000a129a3c80 0 0 0 0 0 2 0 37469 248
0x0000723b3d815d00 0x0000000a129a3d00 0 1 0 0 0 2 0 37469 240
0x0000723b3d815d80 0x0000000a129a3d80 0 1 0 0 0 2 0 37469 248
0x0000723b3d815e00 0x0000000a129a3e00 0 0 1 0 0 2 0 37469 240
0x0000723b3d815e80 0x0000000a129a3e80 0 0 1 0 0 2 0 37469 248
0x0000723b3d815f00 0x0000000a129a3f00 0 1 1 0 0 2 0 37469 240
0x0000723b3d815f80 0x0000000a129a3f80 0 1 1 0 0 2 0 37469 248
0x0000723b3d81f000 0x0000000e6f9e0000 0 0 0 0 0 2 0 56831 0
0x0000723b3d81f080 0x0000000e6f9e0080 0 0 0 0 0 2 0 56831 8
0x0000723b3d81f100 0x0000000e6f9e0100 0 1 0 0 0 2 0 56831 0
0x0000723b3d81f180 0x0000000e6f9e0180 0 1 0 0 0 2 0 56831 8
0x0000723b3d81f200 0x0000000e6f9e0200 0 0 1 0 0 2 0 56831 0
0x0000723b3d81f280 0x0000000e6f9e0280 0 0 1 0 0 2 0 56831 8
0x0000723b3d81f300 0x0000000e6f9e0300 0 1 1 0 0 2 0 56831 0
0x0000723b3d81f380 0x0000000e6f9e0380 0 1 1 0 0 2 0 56831 8
0x0000723b3d81f400 0x0000000e6f9e0400 0 0 0 0 0 2 0 56831 16
0x0000723b3d81f480 0x0000000e6f9e0480 0 0 0 0 0 2 0 56831 24
0x0000723b3d81f500 0x0000000e6f9e0500 0 1 0 0 0 2 0 56831 16
0x0000723b3d81f580 0x0000000e6f9e0580 0 1 0 0 0 2 0 56831 24
0x0000723b3d81f600 0x0000000e6f9e0600 0 0 1 0 0 2 0 56831 16
0x0000723b3d81f680 0x0000000e6f9e0680 0 0 1 0 0 2 0 56831 24
0x0000723b3d81f700 0x0000000e6f9e0700 0 1 1 0 0 2 0 56831 16
0x0000723b3d81f780 0x0000000e6f9e0780 0 1 1 0 0 2 0 56831 24
0x0000723b3d81f800 0x0000000e6f9e0800 0 0 0 0 0 2 0 56831 32
0x0000723b3d81f880 0x0000000e6f9e0880 0 0 0 0 0 2 0 56831 40
0x0000723b3d81f900 0x0000000e6f9e0900 0 1 0 0 0 2 0 56831 32
0x0000723b3d81f980 0x0000000e6f9e0980 0 1 0 0 0 2 0 56831 40
0x0000723b3d81fa00 0x0000000e6f9e0a00 0 0 1 0 0 2 0 56831 32
0x0000723b3d81fa80 0x0000000e6f9e0a80 0 0 1 0 0 2 0 56831 40
0x0000723b3d81fb00 0x0000000e6f9e0b00 0 1 1 0 0 2 0 56831 32
0x0000723b3d81fb80 0x0000000e6f9e0b80 0 1 1 0 0 2 0 56831 40
0x0000723b3d81fc00 0x0000000e6f9e0c00 0 0 0 0 0 2 0 56831 48
0x0000723b3d81fc80 0x0000000e6f9e0c80 0 0 0 0 0 2 0 56831 56
0x0000723b3d81fd00 0x0000000e6f9e0d00 0 1 0 0 0 2 0 56831 48
0x0000723b3d81fd80 0x0000000e6f9e0d80 0 1 0 0 0 2 0 56831 56
0x0000723b3d81fe00 0x0000000e6f9e0e00 0 0 1 0 0 2 0 56831 48
0x0000723b3d81fe80 0x0000000e6f9e0e80 0 0 1 0 0 2 0 56831 56
0x0000723b3d81ff00 0x0000000e6f9e0f00 0 1 1 0 0 2 0 56831 48
0x0000723b3d81ff80 0x0000000e6f9e0f80 0 1 1 0 0 2 0 56831 56
0x0000723b3d830000 0x000000055e13c000 0 0 0 0 1 2 0 19409 768
0x0000723b3d830080 0x000000055e13c080 0 0 0 0 1 2 0 19409 776
0x0000723b3d830100 0x000000055e13c100 0 1 0 0 1 2 0 19409 768
0x0000723b3d830180 0x000000055e13c180 0 1 0 0 1 2 0 19409 776
0x0000723b3d830200 0x000000055e13c200 0 0 1 0 1 2 0 19409 768
0x0000723b3d830280 0x000000055e13c280 0 0 1 0 1 2 0 19409 776
0x0000723b3d830300 0x000000055e13c300 0 1 1 0 1 2 0 19409 768
0x0000723b3d830380 0x000000055e13c380 0 1 1 0 1 2 0 19409 776
0x0000723b3d830400 0x000000055e13c400 0 0 0 0 1 2 0 19409 784
0x0000723b3d830480 0x000000055e13c480 0 0 0 0 1 2 0 19409 792
0x0000723b3d830500 0x000000055e13c500 0 1 0 0 1 2 0 19409 784
0x0000723b3d830580 0x000000055e13c580 0 1 0 0 1 2 0 19409 792
0x0000723b3d830600 0x000000055e13c600 0 0 1 0 1 2 0 19409 784
0x0000723b3d830680 0x000000055e13c680 0 0 1 0 1 2 0 19409 792
0x0000723b3d830700 0x000000055e13c700 0 1 1 0 1 2 0 19409 784
0x0000723b3d830780 0x000000055e13c780 0 1 1 0 1 2 0 19409 792
0x0000723b3d830800 0x000000055e13c800 0 0 0 0 1 2 0 19409 800
0x0000723b3d830880 0x000000055e13c880 0 0 0 0 1 2 0 19409 808
0x0000723b3d830900 0x000000055e13c900 0 1 0 0 1 2 0 19409 800
0x0000723b3d830980 0x000000055e13c980 0 1 0 0 1 2 0 19409 808
0x0000723b3d830a00 0x000000055e13ca00 0 0 1 0 1 2 0 19409 800
0x0000723b3d830a80 0x000000055e13ca80 0 0 1 0 1 2 0 19409 808
0x0000723b3d830b00 0x000000055e13cb00 0 1 1 0 1 2 0 19409 800
0x0000723b3d830b80 0x000000055e13cb80 0 1 1 0 1 2 0 19409 808
0x0000723b3d830c00 0x000000055e13cc00 0 0 0 0 1 2 0 19409 816
0x0000723b3d830c80 0x000000055e13cc80 0 0 0 0 1 2 0 19409 824
0x0000723b3d830d00 0x000000055e13cd00 0 1 0 0 1 2 0 19409 816
0x0000723b3d830d80 0x000000055e13cd80 0 1 0 0 1 2 0 19409 824
0x0000723b3d830e00 0x000000055e13ce00 0 0 1 0 1 2 0 19409 816
0x0000723b3d830e80 0x000000055e13ce80 0 0 1 0 1 2 0 19409 824
0x0000723b3d830f00 0x000000055e13cf00 0 1 1 0 1 2 0 19409 816
0x0000723b3d830f80 0x000000055e13cf80 0 1 1 0 1 2 0 19409 824
0x0000723b3d846000 0x0000000dd49c2000 0 0 0 0 0 2 0 55950 128
0x0000723b3d846080 0x0000000dd49c2080 0 0 0 0 0 2 0 55950 136
0x0000723b3d846100 0x0000000dd49c2100 0 1 0 0 0 2 0 55950 128
0x0000723b3d846180 0x0000000dd49c2180 0 1 0 0 0 2 0 55950 136
0x0000723b3d846200 0x0000000dd49c2200 0 0 1 0 0 2 0 55950 128
0x0000723b3d846280 0x0000000dd49c2280 0 0 1 0 0 2 0 55950 136
0x0000723b3d846300 0x0000000dd49c2300 0 1 1 0 0 2 0 55950 128
0x0000723b3d846380 0x0000000dd49c2380 0 1 1 0 0 2 0 55950 136
0x0000723b3d846400 0x0000000dd49c2400 0 0 0 0 0 2 0 55950 144
0x0000723b3d846480 0x0000000dd49c2480 0 0 0 0 0 2 0 55950 152
0x0000723b3d846500 0x0000000dd49c2500 0 1 0 0 0 2 0 55950 144
0x0000723b3d846580 0x0000000dd49c2580 0 1 0 0 0 2 0 55950 152
0x0000723b3d846600 0x0000000dd49c2600 0 0 1 0 0 2 0 55950 144
0x0000723b3d846680 0x0000000dd49c2680 0 0 1 0 0 2 0 55950 152
0x0000723b3d846700 0x0000000dd49c2700 0 1 1 0 0 2 0 55950 144
0x0000723b3d846780 0x0000000dd49c2780 0 1 1 0 0 2 0 55950 152
0x0000723b3d846800 0x0000000dd49c2800 0 0 0 0 0 2 0 55950 160
0x0000723b3d846880 0x0000000dd49c2880 0 0 0 0 0 2 0 55950 168
0x0000723b3d846900 0x0000000dd49c2900 0 1 0 0 0 2 0 55950 160
0x0000723b3d846980 0x0000000dd49c2980 0 1 0 0 0 2 0 55950 168
0x0000723b3d846a00 0x0000000dd49c2a00 0 0 1 0 0 2 0 55950 160
0x0000723b3d846a80 0x0000000dd49c2a80 0 0 1 0 0 2 0 55950 168
0x0000723b3d846b00 0x0000000dd49c2b00 0 1 1 0 0 2 0 55950 160
0x0000723b3d846b80 0x0000000dd49c2b80 0 1 1 0 0 2 0 55950 168
0x0000723b3d846c00 0x0000000dd49c2c00 0 0 0 0 0 2 0 55950 176
0x0000723b3d846c80 0x0000000dd49c2c80 0 0 0 0 0 2 0 55950 184
0x0000723b3d846d00 0x0000000dd49c2d00 0 1 0 0 0 2 0 55950 176
0x0000723b3d846d80 0x0000000dd49c2d80 0 1 0 0 0 2 0 55950 184
0x0000723b3d846e00 0x0000000dd49c2e00 0 0 1 0 0 2 0 55950 176
0x0000723b3d846e80 0x0000000dd49c2e80 0 0 1 0 0 2 0 55950 184
0x0000723b3d846f00 0x0000000dd49c2f00 0 1 1 0 0 2 0 55950 176
0x0000723b3d846f80 0x0000000dd49c2f80 0 1 1 0 0 2 0 55950 184
0x0000723b3d849000 0x0000000e301e6000 0 0 0 0 0 2 0 54807 384
0x0000723b3d849080 0x0000000e301e6080 0 0 0 0 0 2 0 54807 392
0x0000723b3d849100 0x0000000e301e6100 0 1 0 0 0 2 0 54807 384
0x0000723b3d849180 0x0000000e301e6180 0 1 0 0 0 2 0 54807 392
0x0000723b3d849200 0x0000000e301e6200 0 0 1 0 0 2 0 54807 384
0x0000723b3d849280 0x0000000e301e6280 0 0 1 0 0 2 0 54807 392
0x0000723b3d849300 0x0000000e301e6300 0 1 1 0 0 2 0 54807 384
0x0000723b3d849380 0x0000000e301e6380 0 1 1 0 0 2 0 54807 392
0x0000723b3d849400 0x0000000e301e6400 0 0 0 0 0 2 0 54807 400
0x0000723b3d849480 0x0000000e301e6480 0 0 0 0 0 2 0 54807 408
0x0000723b3d849500 0x0000000e301e6500 0 1 0 0 0 2 0 54807 400
0x0000723b3d849580 0x0000000e301e6580 0 1 0 0 0 2 0 54807 408
0x0000723b3d849600 0x0000000e301e6600 0 0 1 0 0 2 0 54807 400
0x0000723b3d849680 0x0000000e301e6680 0 0 1 0 0 2 0 54807 408
0x0000723b3d849700 0x0000000e301e6700 0 1 1 0 0 2 0 54807 400
0x0000723b3d849780 0x0000000e301e6780 0 1 1 0 0 2 0 54807 408
0x0000723b3d849800 0x0000000e301e6800 0 0 0 0 0 2 0 54807 416
0x0000723b3d849880 0x0000000e301e6880 0 0 0 0 0 2 0 54807 424
0x0000723b3d849900 0x0000000e301e6900 0 1 0 0 0 2 0 54807 416
0x0000723b3d849980 0x0000000e301e6980 0 1 0 0 0 2 0 54807 424
0x0000723b3d849a00 0x0000000e301e6a00 0 0 1 0 0 2 0 54807 416
0x0000723b3d849a80 0x0000000e301e6a80 0 0 1 0 0 2 0 54807 424
0x0000723b3d849b00 0x0000000e301e6b00 0 1 1 0 0 2 0 54807 416
0x0000723b3d849b80 0x0000000e301e6b80 0 1 1 0 0 2 0 54807 424
0x0000723b3d849c00 0x0000000e301e6c00 0 0 0 0 0 2 0 54807 432
0x0000723b3d849c80 0x0000000e301e6c80 0 0 0 0 0 2 0 54807 440
0x0000723b3d849d00 0x0000000e301e6d00 0 1 0 0 0 2 0 54807 432
0x0000723b3d849d80 0x0000000e301e6d80 0 1 0 0 0 2 0 54807 440
0x0000723b3d849e00 0x0000000e301e6e00 0 0 1 0 0 2 0 54807 432
0x0000723b3d849e80 0x0000000e301e6e80 0 0 1 0 0 2 0 54807 440
0x0000723b3d849f00 0x0000000e301e6f00 0 1 1 0 0 2 0 54807 432
0x0000723b3d849f80 0x0000000e301e6f80 0 1 1 0 0 2 0 54807 440
0x0000723b3d84b000 0x0000000e301e4000 0 0 0 0 0 2 0 54807 256
0x0000723b3d84b080 0x0000000e301e4080 0 0 0 0 0 2 0 54807 264
0x0000723b3d84b100 0x0000000e301e4100 0 1 0 0 0 2 0 54807 256
0x0000723b3d84b180 0x0000000e301e4180 0 1 0 0 0 2 0 54807 264
0x0000723b3d84b200 0x0000000e301e4200 0 0 1 0 0 2 0 54807 256
0x0000723b3d84b280 0x0000000e301e4280 0 0 1 0 0 2 0 54807 264
0x0000723b3d84b300 0x0000000e301e4300 0 1 1 0 0 2 0 54807 256
0x0000723b3d84b380 0x0000000e301e4380 0 1 1 0 0 2 0 54807 264
0x0000723b3d84b400 0x0000000e301e4400 0 0 0 0 0 2 0 54807 272
0x0000723b3d84b480 0x0000000e301e4480 0 0 0 0 0 2 0 54807 280
0x0000723b3d84b500 0x0000000e301e4500 0 1 0 0 0 2 0 54807 272
0x0000723b3d84b580 0x0000000e301e4580 0 1 0 0 0 2 0 54807 280
0x0000723b3d84b600 0x0000000e301e4600 0 0 1 0 0 2 0 54807 272
0x0000723b3d84b680 0x0000000e301e4680 0 0 1 0 0 2 0 54807 280
0x0000723b3d84b700 0x0000000e301e4700 0 1 1 0 0 2 0 54807 272
0x0000723b3d84b780 0x0000000e301e4780 0 1 1 0 0 2 0 54807 280
0x0000723b3d84b800 0x0000000e301e4800 0 0 0 0 0 2 0 54807 288
0x0000723b3d84b880 0x0000000e301e4880 0 0 0 0 0 2 0 54807 296
0x0000723b3d84b900 0x0000000e301e4900 0 1 0 0 0 2 0 54807 288
0x0000723b3d84b980 0x0000000e301e4980 0 1 0 0 0 2 0 54807 296
0x0000723b3d84ba00 0x0000000e301e4a00 0 0 1 0 0 2 0 54807 288
0x0000723b3d84ba80 0x0000000e301e4a80 0 0 1 0 0 2 0 54807 296
0x0000723b3d84bb00 0x0000000e301e4b00 0 1 1 0 0 2 0 54807 288
0x0000723b3d84bb80 0x0000000e301e4b80 0 1 1 0 0 2 0 54807 296
0x0000723b3d84bc00 0x0000000e301e4c00 0 0 0 0 0 2 0 54807 304
0x0000723b3d84bc80 0x0000000e301e4c80 0 0 0 0 0 2 0 54807 312
0x0000723b3d84bd00 0x0000000e301e4d00 0 1 0 0 0 2 0 54807 304
0x0000723b3d84bd80 0x0000000e301e4d80 0 1 0 0 0 2 0 54807 312
0x0000723b3d84be00 0x0000000e301e4e00 0 0 1 0 0 2 0 54807 304
0x0000723b3d84be80 0x0000000e301e4e80 0 0 1 0 0 2 0 54807 312
0x0000723b3d84bf00 0x0000000e301e4f00 0 1 1 0 0 2 0 54807 304
0x0000723b3d84bf80 0x0000000e301e4f80 0 1 1 0 0 2 0 54807 312
0x0000723b3d84c000 0x00000006881ac000 0 0 0 0 1 2 0 24837 256
0x0000723b3d84c080 0x00000006881ac080 0 0 0 0 1 2 0 24837 264
0x0000723b3d84c100 0x00000006881ac100 0 1 0 0 1 2 0 24837 256
0x0000723b3d84c180 0x00000006881ac180 0 1 0 0 1 2 0 24837 264
0x0000723b3d84c200 0x00000006881ac200 0 0 1 0 1 2 0 24837 256
0x0000723b3d84c280 0x00000006881ac280 0 0 1 0 1 2 0 24837 264
0x0000723b3d84c300 0x00000006881ac300 0 1 1 0 1 2 0 24837 256
0x0000723b3d84c380 0x00000006881ac380 0 1 1 0 1 2 0 24837 264
0x0000723b3d84c400 0x00000006881ac400 0 0 0 0 1 2 0 24837 272
0x0000723b3d84c480 0x00000006881ac480 0 0 0 0 1 2 0 24837 280
0x0000723b3d84c500 0x00000006881ac500 0 1 0 0 1 2 0 24837 272
0x0000723b3d84c580 0x00000006881ac580 0 1 0 0 1 2 0 24837 280
0x0000723b3d84c600 0x00000006881ac600 0 0 1 0 1 2 0 24837 272
0x0000723b3d84c680 0x00000006881ac680 0 0 1 0 1 2 0 24837 280
0x0000723b3d84c700 0x00000006881ac700 0 1 1 0 1 2 0 24837 272
0x0000723b3d84c780 0x00000006881ac780 0 1 1 0 1 2 0 24837 280
0x0000723b3d84c800 0x00000006881ac800 0 0 0 0 1 2 0 24837 288
0x0000723b3d84c880 0x00000006881ac880 0 0 0 0 1 2 0 24837 296
0x0000723b3d84c900 0x00000006881ac900 0 1 0 0 1 2 0 24837 288
0x0000723b3d84c980 0x00000006881ac980 0 1 0 0 1 2 0 24837 296
0x0000723b3d84ca00 0x00000006881aca00 0 0 1 0 1 2 0 24837 288
0x0000723b3d84ca80 0x00000006881aca80 0 0 1 0 1 2 0 24837 296
0x0000723b3d84cb00 0x00000006881acb00 0 1 1 0 1 2 0 24837 288
0x0000723b3d84cb80 0x00000006881acb80 0 1 1 0 1 2 0 24837 296
0x0000723b3d84cc00 0x00000006881acc00 0 0 0 0 1 2 0 24837 304
0x0000723b3d84cc80 0x00000006881acc80 0 0 0 0 1 2 0 24837 312
0x0000723b3d84cd00 0x00000006881acd00 0 1 0 0 1 2 0 24837 304
0x0000723b3d84cd80 0x00000006881acd80 0 1 0 0 1 2 0 24837 312
0x0000723b3d84ce00 0x00000006881ace00 0 0 1 0 1 2 0 24837 304
0x0000723b3d84ce80 0x00000006881ace80 0 0 1 0 1 2 0 24837 312
0x0000723b3d84cf00 0x00000006881acf00 0 1 1 0 1 2 0 24837 304
0x0000723b3d84cf80 0x00000006881acf80 0 1 1 0 1 2 0 24837 312
0x0000723b3d84d000 0x00000006881af000 0 0 0 0 1 2 0 24837 448
0x0000723b3d84d080 0x00000006881af080 0 0 0 0 1 2 0 24837 456
0x0000723b3d84d100 0x00000006881af100 0 1 0 0 1 2 0 24837 448
0x0000723b3d84d180 0x00000006881af180 0 1 0 0 1 2 0 24837 456
0x0000723b3d84d200 0x00000006881af200 0 0 1 0 1 2 0 24837 448
0x0000723b3d84d280 0x00000006881af280 0 0 1 0 1 2 0 24837 456
0x0000723b3d84d300 0x00000006881af300 0 1 1 0 1 2 0 24837 448
0x0000723b3d84d380 0x00000006881af380 0 1 1 0 1 2 0 24837 456
0x0000723b3d84d400 0x00000006881af400 0 0 0 0 1 2 0 24837 464
0x0000723b3d84d480 0x00000006881af480 0 0 0 0 1 2 0 24837 472
0x0000723b3d84d500 0x00000006881af500 0 1 0 0 1 2 0 24837 464
0x0000723b3d84d580 0x00000006881af580 0 1 0 0 1 2 0 24837 472
0x0000723b3d84d600 0x00000006881af600 0 0 1 0 1 2 0 24837 464
0x0000723b3d84d680 0x00000006881af680 0 0 1 0 1 2 0 24837 472
0x0000723b3d84d700 0x00000006881af700 0 1 1 0 1 2 0 24837 464
0x0000723b3d84d780 0x00000006881af780 0 1 1 0 1 2 0 24837 472
0x0000723b3d84d800 0x00000006881af800 0 0 0 0 1 2 0 24837 480
0x0000723b3d84d880 0x00000006881af880 0 0 0 0 1 2 0 24837 488
0x0000723b3d84d900 0x00000006881af900 0 1 0 0 1 2 0 24837 480
0x0000723b3d84d980 0x00000006881af980 0 1 0 0 1 2 0 24837 488
0x0000723b3d84da00 0x00000006881afa00 0 0 1 0 1 2 0 24837 480
0x0000723b3d84da80 0x00000006881afa80 0 0 1 0 1 2 0 24837 488
0x0000723b3d84db00 0x00000006881afb00 0 1 1 0 1 2 0 24837 480
0x0000723b3d84db80 0x00000006881afb80 0 1 1 0 1 2 0 24837 488
0x0000723b3d84dc00 0x00000006881afc00 0 0 0 0 1 2 0 24837 496
0x0000723b3d84dc80 0x00000006881afc80 0 0 0 0 1 2 0 24837 504
0x0000723b3d84dd00 0x00000006881afd00 0 1 0 0 1 2 0 24837 496
0x0000723b3d84dd80 0x00000006881afd80 0 1 0 0 1 2 0 24837 504
0x0000723b3d84de00 0x00000006881afe00 0 0 1 0 1 2 0 24837 496
0x0000723b3d84de80 0x00000006881afe80 0 0 1 0 1 2 0 24837 504
0x0000723b3d84df00 0x00000006881aff00 0 1 1 0 1 2 0 24837 496
0x0000723b3d84df80 0x00000006881aff80 0 1 1 0 1 2 0 24837 504
0x0000723b3d84e000 0x00000008c6955000 0 0 0 0 0 2 0 35018 832
0x0000723b3d84e080 0x00000008c6955080 0 0 0 0 0 2 0 35018 840
0x0000723b3d84e100 0x00000008c6955100 0 1 0 0 0 2 0 35018 832
0x0000723b3d84e180 0x00000008c6955180 0 1 0 0 0 2 0 35018 840
0x0000723b3d84e200 0x00000008c6955200 0 0 1 0 0 2 0 35018 832
0x0000723b3d84e280 0x00000008c6955280 0 0 1 0 0 2 0 35018 840
0x0000723b3d84e300 0x00000008c6955300 0 1 1 0 0 2 0 35018 832
0x0000723b3d84e380 0x00000008c6955380 0 1 1 0 0 2 0 35018 840
0x0000723b3d84e400 0x00000008c6955400 0 0 0 0 0 2 0 35018 848
0x0000723b3d84e480 0x00000008c6955480 0 0 0 0 0 2 0 35018 856
0x0000723b3d84e500 0x00000008c6955500 0 1 0 0 0 2 0 35018 848
0x0000723b3d84e580 0x00000008c6955580 0 1 0 0 0 2 0 35018 856
0x0000723b3d84e600 0x00000008c6955600 0 0 1 0 0 2 0 35018 848
0x0000723b3d84e680 0x00000008c6955680 0 0 1 0 0 2 0 35018 856
0x0000723b3d84e700 0x00000008c6955700 0 1 1 0 0 2 0 35018 848
0x0000723b3d84e780 0x00000008c6955780 0 1 1 0 0 2 0 35018 856
0x0000723b3d84e800 0x00000008c6955800 0 0 0 0 0 2 0 35018 864
0x0000723b3d84e880 0x00000008c6955880 0 0 0 0 0 2 0 35018 872
0x0000723b3d84e900 0x00000008c6955900 0 1 0 0 0 2 0 35018 864
0x0000723b3d84e980 0x00000008c6955980 0 1 0 0 0 2 0 35018 872
0x0000723b3d84ea00 0x00000008c6955a00 0 0 1 0 0 2 0 35018 864
0x0000723b3d84ea80 0x00000008c6955a80 0 0 1 0 0 2 0 35018 872
0x0000723b3d84eb00 0x00000008c6955b00 0 1 1 0 0 2 0 35018 864
0x0000723b3d84eb80 0x00000008c6955b80 0 1 1 0 0 2 0 35018 872
0x0000723b3d84ec00 0x00000008c6955c00 0 0 0 0 0 2 0 35018 880
0x0000723b3d84ec80 0x00000008c6955c80 0 0 0 0 0 2 0 35018 888
0x0000723b3d84ed00 0x00000008c6955d00 0 1 0 0 0 2 0 35018 880
0x0000723b3d84ed80 0x00000008c6955d80 0 1 0 0 0 2 0 35018 888
0x0000723b3d84ee00 0x00000008c6955e00 0 0 1 0 0 2 0 35018 880
0x0000723b3d84ee80 0x00000008c6955e80 0 0 1 0 0 2 0 35018 888
0x0000723b3d84ef00 0x00000008c6955f00 0 1 1 0 0 2 0 35018 880
0x0000723b3d84ef80 0x00000008c6955f80 0 1 1 0 0 2 0 35018 888
0x0000723b3d854000 0x0000000e301e7000 0 0 0 0 0 2 0 54807 448
0x0000723b3d854080 0x0000000e301e7080 0 0 0 0 0 2 0 54807 456
0x0000723b3d854100 0x0000000e301e7100 0 1 0 0 0 2 0 54807 448
0x0000723b3d854180 0x0000000e301e7180 0 1 0 0 0 2 0 54807 456
0x0000723b3d854200 0x0000000e301e7200 0 0 1 0 0 2 0 54807 448
0x0000723b3d854280 0x0000000e301e7280 0 0 1 0 0 2 0 54807 456
0x0000723b3d854300 0x0000000e301e7300 0 1 1 0 0 2 0 54807 448
0x0000723b3d854380 0x0000000e301e7380 0 1 1 0 0 2 0 54807 456
0x0000723b3d854400 0x0000000e301e7400 0 0 0 0 0 2 0 54807 464
0x0000723b3d854480 0x0000000e301e7480 0 0 0 0 0 2 0 54807 472
0x0000723b3d854500 0x0000000e301e7500 0 1 0 0 0 2 0 54807 464
0x0000723b3d854580 0x0000000e301e7580 0 1 0 0 0 2 0 54807 472
0x0000723b3d854600 0x0000000e301e7600 0 0 1 0 0 2 0 54807 464
0x0000723b3d854680 0x0000000e301e7680 0 0 1 0 0 2 0 54807 472
0x0000723b3d854700 0x0000000e301e7700 0 1 1 0 0 2 0 54807 464
0x0000723b3d854780 0x0000000e301e7780 0 1 1 0 0 2 0 54807 472
0x0000723b3d854800 0x0000000e301e7800 0 0 0 0 0 2 0 54807 480
0x0000723b3d854880 0x0000000e301e7880 0 0 0 0 0 2 0 54807 488
0x0000723b3d854900 0x0000000e301e7900 0 1 0 0 0 2 0 54807 480
0x0000723b3d854980 0x0000000e301e7980 0 1 0 0 0 2 0 54807 488
0x0000723b3d854a00 0x0000000e301e7a00 0 0 1 0 0 2 0 54807 480
0x0000723b3d854a80 0x0000000e301e7a80 0 0 1 0 0 2 0 54807 488
0x0000723b3d854b00 0x0000000e301e7b00 0 1 1 0 0 2 0 54807 480
0x0000723b3d854b80 0x0000000e301e7b80 0 1 1 0 0 2 0 54807 488
0x0000723b3d854c00 0x0000000e301e7c00 0 0 0 0 0 2 0 54807 496
0x0000723b3d854c80 0x0000000e301e7c80 0 0 0 0 0 2 0 54807 504
0x0000723b3d854d00 0x0000000e301e7d00 0 1 0 0 0 2 0 54807 496
0x0000723b3d854d80 0x0000000e301e7d80 0 1 0 0 0 2 0 54807 504
0x0000723b3d854e00 0x0000000e301e7e00 0 0 1 0 0 2 0 54807 496
0x0000723b3d854e80 0x0000000e301e7e80 0 0 1 0 0 2 0 54807 504
0x0000723b3d854f00 0x0000000e301e7f00 0 1 1 0 0 2 0 54807 496
0x0000723b3d854f80 0x0000000e301e7f80 0 1 1 0 0 2 0 54807 504
0x0000723b3d855000 0x00000006881ae000 0 0 0 0 1 2 0 24837 384
0x0000723b3d855080 0x00000006881ae080 0 0 0 0 1 2 0 24837 392
0x0000723b3d855100 0x00000006881ae100 0 1 0 0 1 2 0 24837 384
0x0000723b3d855180 0x00000006881ae180 0 1 0 0 1 2 0 24837 392
0x0000723b3d855200 0x00000006881ae200 0 0 1 0 1 2 0 24837 384
0x0000723b3d855280 0x00000006881ae280 0 0 1 0 1 2 0 24837 392
0x0000723b3d855300 0x00000006881ae300 0 1 1 0 1 2 0 24837 384
0x0000723b3d855380 0x00000006881ae380 0 1 1 0 1 2 0 24837 392
0x0000723b3d855400 0x00000006881ae400 0 0 0 0 1 2 0 24837 400
0x0000723b3d855480 0x00000006881ae480 0 0 0 0 1 2 0 24837 408
0x0000723b3d855500 0x00000006881ae500 0 1 0 0 1 2 0 24837 400
0x0000723b3d855580 0x00000006881ae580 0 1 0 0 1 2 0 24837 408
0x0000723b3d855600 0x00000006881ae600 0 0 1 0 1 2 0 24837 400
0x0000723b3d855680 0x00000006881ae680 0 0 1 0 1 2 0 24837 408
0x0000723b3d855700 0x00000006881ae700 0 1 1 0 1 2 0 24837 400
0x0000723b3d855780 0x00000006881ae780 0 1 1 0 1 2 0 24837 408
0x0000723b3d855800 0x00000006881ae800 0 0 0 0 1 2 0 24837 416
0x0000723b3d855880 0x00000006881ae880 0 0 0 0 1 2 0 24837 424
0x0000723b3d855900 0x00000006881ae900 0 1 0 0 1 2 0 24837 416
0x0000723b3d855980 0x00000006881ae980 0 1 0 0 1 2 0 24837 424
0x0000723b3d855a00 0x00000006881aea00 0 0 1 0 1 2 0 24837 416
0x0000723b3d855a80 0x00000006881aea80 0 0 1 0 1 2 0 24837 424
0x0000723b3d855b00 0x00000006881aeb00 0 1 1 0 1 2 0 24837 416
0x0000723b3d855b80 0x00000006881aeb80 0 1 1 0 1 2 0 24837 424
0x0000723b3d855c00 0x00000006881aec00 0 0 0 0 1 2 0 24837 432
0x0000723b3d855c80 0x00000006881aec80 0 0 0 0 1 2 0 24837 440
0x0000723b3d855d00 0x00000006881aed00 0 1 0 0 1 2 0 24837 432
0x0000723b3d855d80 0x00000006881aed80 0 1 0 0 1 2 0 24837 440
0x0000723b3d855e00 0x00000006881aee00 0 0 1 0 1 2 0 24837 432
0x0000723b3d855e80 0x00000006881aee80 0 0 1 0 1 2 0 24837 440
0x0000723b3d855f00 0x00000006881aef00 0 1 1 0 1 2 0 24837 432
0x0000723b3d855f80 0x00000006881aef80 0 1 1 0 1 2 0 24837 440
0x0000723b3d856000 0x00000008c6956000 0 0 0 0 0 2 0 35018 896
0x0000723b3d856080 0x00000008c6956080 0 0 0 0 0 2 0 35018 904
0x0000723b3d856100 0x00000008c6956100 0 1 0 0 0 2 0 35018 896
0x0000723b3d856180 0x00000008c6956180 0 1 0 0 0 2 0 35018 904
0x0000723b3d856200 0x00000008c6956200 0 0 1 0 0 2 0 35018 896
0x0000723b3d856280 0x00000008c6956280 0 0 1 0 0 2 0 35018 904
0x0000723b3d856300 0x00000008c6956300 0 1 1 0 0 2 0 35018 896
0x0000723b3d856380 0x00000008c6956380 0 1 1 0 0 2 0 35018 904
0x0000723b3d856400 0x00000008c6956400 0 0 0 0 0 2 0 35018 912
0x0000723b3d856480 0x00000008c6956480 0 0 0 0 0 2 0 35018 920
0x0000723b3d856500 0x00000008c6956500 0 1 0 0 0 2 0 35018 912
0x0000723b3d856580 0x00000008c6956580 0 1 0 0 0 2 0 35018 920
0x0000723b3d856600 0x00000008c6956600 0 0 1 0 0 2 0 35018 912
0x0000723b3d856680 0x00000008c6956680 0 0 1 0 0 2 0 35018 920
0x0000723b3d856700 0x00000008c6956700 0 1 1 0 0 2 0 35018 912
0x0000723b3d856780 0x00000008c6956780 0 1 1 0 0 2 0 35018 920
0x0000723b3d856800 0x00000008c6956800 0 0 0 0 0 2 0 35018 928
0x0000723b3d856880 0x00000008c6956880 0 0 0 0 0 2 0 35018 936
0x0000723b3d856900 0x00000008c6956900 0 1 0 0 0 2 0 35018 928
0x0000723b3d856980 0x00000008c6956980 0 1 0 0 0 2 0 35018 936
0x0000723b3d856a00 0x00000008c6956a00 0 0 1 0 0 2 0 35018 928
0x0000723b3d856a80 0x00000008c6956a80 0 0 1 0 0 2 0 35018 936
0x0000723b3d856b00 0x00000008c6956b00 0 1 1 0 0 2 0 35018 928
0x0000723b3d856b80 0x00000008c6956b80 0 1 1 0 0 2 0 35018 936
0x0000723b3d856c00 0x00000008c6956c00 0 0 0 0 0 2 0 35018 944
0x0000723b3d856c80 0x00000008c6956c80 0 0 0 0 0 2 0 35018 952
0x0000723b3d856d00 0x00000008c6956d00 0 1 0 0 0 2 0 35018 944
0x0000723b3d856d80 0x00000008c6956d80 0 1 0 0 0 2 0 35018 952
0x0000723b3d856e00 0x00000008c6956e00 0 0 1 0 0 2 0 35018 944
0x0000723b3d856e80 0x00000008c6956e80 0 0 1 0 0 2 0 35018 952
0x0000723b3d856f00 0x00000008c6956f00 0 1 1 0 0 2 0 35018 944
0x0000723b3d856f80 0x00000008c6956f80 0 1 1 0 0 2 0 35018 952
0x0000723b3d857000 0x00000008c6957000 0 0 0 0 0 2 0 35018 960
0x0000723b3d857080 0x00000008c6957080 0 0 0 0 0 2 0 35018 968
0x0000723b3d857100 0x00000008c6957100 0 1 0 0 0 2 0 35018 960
0x0000723b3d857180 0x00000008c6957180 0 1 0 0 0 2 0 35018 968
0x0000723b3d857200 0x00000008c6957200 0 0 1 0 0 2 0 35018 960
0x0000723b3d857280 0x00000008c6957280 0 0 1 0 0 2 0 35018 968
0x0000723b3d857300 0x00000008c6957300 0 1 1 0 0 2 0 35018 960
0x0000723b3d857380 0x00000008c6957380 0 1 1 0 0 2 0 35018 968
0x0000723b3d857400 0x00000008c6957400 0 0 0 0 0 2 0 35018 976
0x0000723b3d857480 0x00000008c6957480 0 0 0 0 0 2 0 35018 984
0x0000723b3d857500 0x00000008c6957500 0 1 0 0 0 2 0 35018 976
0x0000723b3d857580 0x00000008c6957580 0 1 0 0 0 2 0 35018 984
0x0000723b3d857600 0x00000008c6957600 0 0 1 0 0 2 0 35018 976
0x0000723b3d857680 0x00000008c6957680 0 0 1 0 0 2 0 35018 984
0x0000723b3d857700 0x00000008c6957700 0 1 1 0 0 2 0 35018 976
0x0000723b3d857780 0x00000008c6957780 0 1 1 0 0 2 0 35018 984
0x0000723b3d857800 0x00000008c6957800 0 0 0 0 0 2 0 35018 992
0x0000723b3d857880 0x00000008c6957880 0 0 0 0 0 2 0 35018 1000
0x0000723b3d857900 0x00000008c6957900 0 1 0 0 0 2 0 35018 992
0x0000723b3d857980 0x00000008c6957980 0 1 0 0 0 2 0 35018 1000
0x0000723b3d857a00 0x00000008c6957a00 0 0 1 0 0 2 0 35018 992
0x0000723b3d857a80 0x00000008c6957a80 0 0 1 0 0 2 0 35018 1000
0x0000723b3d857b00 0x00000008c6957b00 0 1 1 0 0 2 0 35018 992
0x0000723b3d857b80 0x00000008c6957b80 0 1 1 0 0 2 0 35018 1000
0x0000723b3d857c00 0x00000008c6957c00 0 0 0 0 0 2 0 35018 1008
0x0000723b3d857c80 0x00000008c6957c80 0 0 0 0 0 2 0 35018 1016
0x0000723b3d857d00 0x00000008c6957d00 0 1 0 0 0 2 0 35018 1008
0x0000723b3d857d80 0x00000008c6957d80 0 1 0 0 0 2 0 35018 1016
0x0000723b3d857e00 0x00000008c6957e00 0 0 1 0 0 2 0 35018 1008
0x0000723b3d857e80 0x00000008c6957e80 0 0 1 0 0 2 0 35018 1016
0x0000723b3d857f00 0x00000008c6957f00 0 1 1 0 0 2 0 35018 1008
0x0000723b3d857f80 0x00000008c6957f80 0 1 1 0 0 2 0 35018 1016
0x0000723b3d858000 0x00000007f3109000 0 0 0 0 1 2 0 32352 64
0x0000723b3d858080 0x00000007f3109080 0 0 0 0 1 2 0 32352 72
0x0000723b3d858100 0x00000007f3109100 0 1 0 0 1 2 0 32352 64
0x0000723b3d858180 0x00000007f3109180 0 1 0 0 1 2 0 32352 72
0x0000723b3d858200 0x00000007f3109200 0 0 1 0 1 2 0 32352 64
0x0000723b3d858280 0x00000007f3109280 0 0 1 0 1 2 0 32352 72
0x0000723b3d858300 0x00000007f3109300 0 1 1 0 1 2 0 32352 64
0x0000723b3d858380 0x00000007f3109380 0 1 1 0 1 2 0 32352 72
0x0000723b3d858400 0x00000007f3109400 0 0 0 0 1 2 0 32352 80
0x0000723b3d858480 0x00000007f3109480 0 0 0 0 1 2 0 32352 88
0x0000723b3d858500 0x00000007f3109500 0 1 0 0 1 2 0 32352 80
0x0000723b3d858580 0x00000007f3109580 0 1 0 0 1 2 0 32352 88
0x0000723b3d858600 0x00000007f3109600 0 0 1 0 1 2 0 32352 80
0x0000723b3d858680 0x00000007f3109680 0 0 1 0 1 2 0 32352 88
0x0000723b3d858700 0x00000007f3109700 0 1 1 0 1 2 0 32352 80
0x0000723b3d858780 0x00000007f3109780 0 1 1 0 1 2 0 32352 88
0x0000723b3d858800 0x00000007f3109800 0 0 0 0 1 2 0 32352 96
0x0000723b3d858880 0x00000007f3109880 0 0 0 0 1 2 0 32352 104
0x0000723b3d858900 0x00000007f3109900 0 1 0 0 1 2 0 32352 96
0x0000723b3d858980 0x00000007f3109980 0 1 0 0 1 2 0 32352 104
0x0000723b3d858a00 0x00000007f3109a00 0 0 1 0 1 2 0 32352 96
0x0000723b3d858a80 0x00000007f3109a80 0 0 1 0 1 2 0 32352 104
0x0000723b3d858b00 0x00000007f3109b00 0 1 1 0 1 2 0 32352 96
0x0000723b3d858b80 0x00000007f3109b80 0 1 1 0 1 2 0 32352 104
0x0000723b3d858c00 0x00000007f3109c00 0 0 0 0 1 2 0 32352 112
0x0000723b3d858c80 0x00000007f3109c80 0 0 0 0 1 2 0 32352 120
0x0000723b3d858d00 0x00000007f3109d00 0 1 0 0 1 2 0 32352 112
0x0000723b3d858d80 0x00000007f3109d80 0 1 0 0 1 2 0 32352 120
0x0000723b3d858e00 0x00000007f3109e00 0 0 1 0 1 2 0 32352 112
0x0000723b3d858e80 0x00000007f3109e80 0 0 1 0 1 2 0 32352 120
0x0000723b3d858f00 0x00000007f3109f00 0 1 1 0 1 2 0 32352 112
0x0000723b3d858f80 0x00000007f3109f80 0 1 1 0 1 2 0 32352 120
0x0000723b3d85c000 0x00000006881ad000 0 0 0 0 1 2 0 24837 320
0x0000723b3d85c080 0x00000006881ad080 0 0 0 0 1 2 0 24837 328
0x0000723b3d85c100 0x00000006881ad100 0 1 0 0 1 2 0 24837 320
0x0000723b3d85c180 0x00000006881ad180 0 1 0 0 1 2 0 24837 328
0x0000723b3d85c200 0x00000006881ad200 0 0 1 0 1 2 0 24837 320
0x0000723b3d85c280 0x00000006881ad280 0 0 1 0 1 2 0 24837 328
0x0000723b3d85c300 0x00000006881ad300 0 1 1 0 1 2 0 24837 320
0x0000723b3d85c380 0x00000006881ad380 0 1 1 0 1 2 0 24837 328
0x0000723b3d85c400 0x00000006881ad400 0 0 0 0 1 2 0 24837 336
0x0000723b3d85c480 0x00000006881ad480 0 0 0 0 1 2 0 24837 344
0x0000723b3d85c500 0x00000006881ad500 0 1 0 0 1 2 0 24837 336
0x0000723b3d85c580 0x00000006881ad580 0 1 0 0 1 2 0 24837 344
0x0000723b3d85c600 0x00000006881ad600 0 0 1 0 1 2 0 24837 336
0x0000723b3d85c680 0x00000006881ad680 0 0 1 0 1 2 0 24837 344
0x0000723b3d85c700 0x00000006881ad700 0 1 1 0 1 2 0 24837 336
0x0000723b3d85c780 0x00000006881ad780 0 1 1 0 1 2 0 24837 344
0x0000723b3d85c800 0x00000006881ad800 0 0 0 0 1 2 0 24837 352
0x0000723b3d85c880 0x00000006881ad880 0 0 0 0 1 2 0 24837 360
0x0000723b3d85c900 0x00000006881ad900 0 1 0 0 1 2 0 24837 352
0x0000723b3d85c980 0x00000006881ad980 0 1 0 0 1 2 0 24837 360
0x0000723b3d85ca00 0x00000006881ada00 0 0 1 0 1 2 0 24837 352
0x0000723b3d85ca80 0x00000006881ada80 0 0 1 0 1 2 0 24837 360
0x0000723b3d85cb00 0x00000006881adb00 0 1 1 0 1 2 0 24837 352
0x0000723b3d85cb80 0x00000006881adb80 0 1 1 0 1 2 0 24837 360
0x0000723b3d85cc00 0x00000006881adc00 0 0 0 0 1 2 0 24837 368
0x0000723b3d85cc80 0x00000006881adc80 0 0 0 0 1 2 0 24837 376
0x0000723b3d85cd00 0x00000006881add00 0 1 0 0 1 2 0 24837 368
0x0000723b3d85cd80 0x00000006881add80 0 1 0 0 1 2 0 24837 376
0x0000723b3d85ce00 0x00000006881ade00 0 0 1 0 1 2 0 24837 368
0x0000723b3d85ce80 0x00000006881ade80 0 0 1 0 1 2 0 24837 376
0x0000723b3d85cf00 0x00000006881adf00 0 1 1 0 1 2 0 24837 368
0x0000723b3d85cf80 0x00000006881adf80 0 1 1 0 1 2 0 24837 376
0x0000723b3d863000 0x0000000bd6928000 0 0 0 0 1 2 0 47817 0
0x0000723b3d863080 0x0000000bd6928080 0 0 0 0 1 2 0 47817 8
0x0000723b3d863100 0x0000000bd6928100 0 1 0 0 1 2 0 47817 0
0x0000723b3d863180 0x0000000bd6928180 0 1 0 0 1 2 0 47817 8
0x0000723b3d863200 0x0000000bd6928200 0 0 1 0 1 2 0 47817 0
0x0000723b3d863280 0x0000000bd6928280 0 0 1 0 1 2 0 47817 8
0x0000723b3d863300 0x0000000bd6928300 0 1 1 0 1 2 0 47817 0
0x0000723b3d863380 0x0000000bd6928380 0 1 1 0 1 2 0 47817 8
0x0000723b3d863400 0x0000000bd6928400 0 0 0 0 1 2 0 47817 16
0x0000723b3d863480 0x0000000bd6928480 0 0 0 0 1 2 0 47817 24
0x0000723b3d863500 0x0000000bd6928500 0 1 0 0 1 2 0 47817 16
0x0000723b3d863580 0x0000000bd6928580 0 1 0 0 1 2 0 47817 24
0x0000723b3d863600 0x0000000bd6928600 0 0 1 0 1 2 0 47817 16
0x0000723b3d863680 0x0000000bd6928680 0 0 1 0 1 2 0 47817 24
0x0000723b3d863700 0x0000000bd6928700 0 1 1 0 1 2 0 47817 16
0x0000723b3d863780 0x0000000bd6928780 0 1 1 0 1 2 0 47817 24
0x0000723b3d863800 0x0000000bd6928800 0 0 0 0 1 2 0 47817 32
0x0000723b3d863880 0x0000000bd6928880 0 0 0 0 1 2 0 47817 40
0x0000723b3d863900 0x0000000bd6928900 0 1 0 0 1 2 0 47817 32
0x0000723b3d863980 0x0000000bd6928980 0 1 0 0 1 2 0 47817 40
0x0000723b3d863a00 0x0000000bd6928a00 0 0 1 0 1 2 0 47817 32
0x0000723b3d863a80 0x0000000bd6928a80 0 0 1 0 1 2 0 47817 40
0x0000723b3d863b00 0x0000000bd6928b00 0 1 1 0 1 2 0 47817 32
0x0000723b3d863b80 0x0000000bd6928b80 0 1 1 0 1 2 0 47817 40
0x0000723b3d863c00 0x0000000bd6928c00 0 0 0 0 1 2 0 47817 48
0x0000723b3d863c80 0x0000000bd6928c80 0 0 0 0 1 2 0 47817 56
0x0000723b3d863d00 0x0000000bd6928d00 0 1 0 0 1 2 0 47817 48
0x0000723b3d863d80 0x0000000bd6928d80 0 1 0 0 1 2 0 47817 56
0x0000723b3d863e00 0x0000000bd6928e00 0 0 1 0 1 2 0 47817 48
0x0000723b3d863e80 0x0000000bd6928e80 0 0 1 0 1 2 0 47817 56
0x0000723b3d863f00 0x0000000bd6928f00 0 1 1 0 1 2 0 47817 48
0x0000723b3d863f80 0x0000000bd6928f80 0 1 1 0 1 2 0 47817 56
0x0000723b3d865000 0x00000007c09f9000 0 0 0 0 1 2 0 30735 576
0x0000723b3d865080 0x00000007c09f9080 0 0 0 0 1 2 0 30735 584
0x0000723b3d865100 0x00000007c09f9100 0 1 0 0 1 2 0 30735 576
0x0000723b3d865180 0x00000007c09f9180 0 1 0 0 1 2 0 30735 584
0x0000723b3d865200 0x00000007c09f9200 0 0 1 0 1 2 0 30735 576
0x0000723b3d865280 0x00000007c09f9280 0 0 1 0 1 2 0 30735 584
0x0000723b3d865300 0x00000007c09f9300 0 1 1 0 1 2 0 30735 576
0x0000723b3d865380 0x00000007c09f9380 0 1 1 0 1 2 0 30735 584
0x0000723b3d865400 0x00000007c09f9400 0 0 0 0 1 2 0 30735 592
0x0000723b3d865480 0x00000007c09f9480 0 0 0 0 1 2 0 30735 600
0x0000723b3d865500 0x00000007c09f9500 0 1 0 0 1 2 0 30735 592
0x0000723b3d865580 0x00000007c09f9580 0 1 0 0 1 2 0 30735 600
0x0000723b3d865600 0x00000007c09f9600 0 0 1 0 1 2 0 30735 592
0x0000723b3d865680 0x00000007c09f9680 0 0 1 0 1 2 0 30735 600
0x0000723b3d865700 0x00000007c09f9700 0 1 1 0 1 2 0 30735 592
0x0000723b3d865780 0x00000007c09f9780 0 1 1 0 1 2 0 30735 600
0x0000723b3d865800 0x00000007c09f9800 0 0 0 0 1 2 0 30735 608
0x0000723b3d865880 0x00000007c09f9880 0 0 0 0 1 2 0 30735 616
0x0000723b3d865900 0x00000007c09f9900 0 1 0 0 1 2 0 30735 608
0x0000723b3d865980 0x00000007c09f9980 0 1 0 0 1 2 0 30735 616
0x0000723b3d865a00 0x00000007c09f9a00 0 0 1 0 1 2 0 30735 608
0x0000723b3d865a80 0x00000007c09f9a80 0 0 1 0 1 2 0 30735 616
0x0000723b3d865b00 0x00000007c09f9b00 0 1 1 0 1 2 0 30735 608
0x0000723b3d865b80 0x00000007c09f9b80 0 1 1 0 1 2 0 30735 616
0x0000723b3d865c00 0x00000007c09f9c00 0 0 0 0 1 2 0 30735 624
0x0000723b3d865c80 0x00000007c09f9c80 0 0 0 0 1 2 0 30735 632
0x0000723b3d865d00 0x00000007c09f9d00 0 1 0 0 1 2 0 30735 624
0x0000723b3d865d80 0x00000007c09f9d80 0 1 0 0 1 2 0 30735 632
0x0000723b3d865e00 0x00000007c09f9e00 0 0 1 0 1 2 0 30735 624
0x0000723b3d865e80 0x00000007c09f9e80 0 0 1 0 1 2 0 30735 632
0x0000723b3d865f00 0x00000007c09f9f00 0 1 1 0 1 2 0 30735 624
0x0000723b3d865f80 0x00000007c09f9f80 0 1 1 0 1 2 0 30735 632
0x0000723b3d871000 0x000000070b9f3000 0 0 0 0 0 2 0 24959 704
0x0000723b3d871080 0x000000070b9f3080 0 0 0 0 0 2 0 24959 712
0x0000723b3d871100 0x000000070b9f3100 0 1 0 0 0 2 0 24959 704
0x0000723b3d871180 0x000000070b9f3180 0 1 0 0 0 2 0 24959 712
0x0000723b3d871200 0x000000070b9f3200 0 0 1 0 0 2 0 24959 704
0x0000723b3d871280 0x000000070b9f3280 0 0 1 0 0 2 0 24959 712
0x0000723b3d871300 0x000000070b9f3300 0 1 1 0 0 2 0 24959 704
0x0000723b3d871380 0x000000070b9f3380 0 1 1 0 0 2 0 24959 712
0x0000723b3d871400 0x000000070b9f3400 0 0 0 0 0 2 0 24959 720
0x0000723b3d871480 0x000000070b9f3480 0 0 0 0 0 2 0 24959 728
0x0000723b3d871500 0x000000070b9f3500 0 1 0 0 0 2 0 24959 720
0x0000723b3d871580 0x000000070b9f3580 0 1 0 0 0 2 0 24959 728
0x0000723b3d871600 0x000000070b9f3600 0 0 1 0 0 2 0 24959 720
0x0000723b3d871680 0x000000070b9f3680 0 0 1 0 0 2 0 24959 728
0x0000723b3d871700 0x000000070b9f3700 0 1 1 0 0 2 0 24959 720
0x0000723b3d871780 0x000000070b9f3780 0 1 1 0 0 2 0 24959 728
0x0000723b3d871800 0x000000070b9f3800 0 0 0 0 0 2 0 24959 736
0x0000723b3d871880 0x000000070b9f3880 0 0 0 0 0 2 0 24959 744
0x0000723b3d871900 0x000000070b9f3900 0 1 0 0 0 2 0 24959 736
0x0000723b3d871980 0x000000070b9f3980 0 1 0 0 0 2 0 24959 744
0x0000723b3d871a00 0x000000070b9f3a00 0 0 1 0 0 2 0 24959 736
0x0000723b3d871a80 0x000000070b9f3a80 0 0 1 0 0 2 0 24959 744
0x0000723b3d871b00 0x000000070b9f3b00 0 1 1 0 0 2 0 24959 736
0x0000723b3d871b80 0x000000070b9f3b80 0 1 1 0 0 2 0 24959 744
0x0000723b3d871c00 0x000000070b9f3c00 0 0 0 0 0 2 0 24959 752
0x0000723b3d871c80 0x000000070b9f3c80 0 0 0 0 0 2 0 24959 760
0x0000723b3d871d00 0x000000070b9f3d00 0 1 0 0 0 2 0 24959 752
0x0000723b3d871d80 0x000000070b9f3d80 0 1 0 0 0 2 0 24959 760
0x0000723b3d871e00 0x000000070b9f3e00 0 0 1 0 0 2 0 24959 752
0x0000723b3d871e80 0x000000070b9f3e80 0 0 1 0 0 2 0 24959 760
0x0000723b3d871f00 0x000000070b9f3f00 0 1 1 0 0 2 0 24959 752
0x0000723b3d871f80 0x000000070b9f3f80 0 1 1 0 0 2 0 24959 760
0x0000723b3d873000 0x00000008db1e9000 0 0 0 0 1 2 0 35687 64
0x0000723b3d873080 0x00000008db1e9080 0 0 0 0 1 2 0 35687 72
0x0000723b3d873100 0x00000008db1e9100 0 1 0 0 1 2 0 35687 64
0x0000723b3d873180 0x00000008db1e9180 0 1 0 0 1 2 0 35687 72
0x0000723b3d873200 0x00000008db1e9200 0 0 1 0 1 2 0 35687 64
0x0000723b3d873280 0x00000008db1e9280 0 0 1 0 1 2 0 35687 72
0x0000723b3d873300 0x00000008db1e9300 0 1 1 0 1 2 0 35687 64
0x0000723b3d873380 0x00000008db1e9380 0 1 1 0 1 2 0 35687 72
0x0000723b3d873400 0x00000008db1e9400 0 0 0 0 1 2 0 35687 80
0x0000723b3d873480 0x00000008db1e9480 0 0 0 0 1 2 0 35687 88
0x0000723b3d873500 0x00000008db1e9500 0 1 0 0 1 2 0 35687 80
0x0000723b3d873580 0x00000008db1e9580 0 1 0 0 1 2 0 35687 88
0x0000723b3d873600 0x00000008db1e9600 0 0 1 0 1 2 0 35687 80
0x0000723b3d873680 0x00000008db1e9680 0 0 1 0 1 2 0 35687 88
0x0000723b3d873700 0x00000008db1e9700 0 1 1 0 1 2 0 35687 80
0x0000723b3d873780 0x00000008db1e9780 0 1 1 0 1 2 0 35687 88
0x0000723b3d873800 0x00000008db1e9800 0 0 0 0 1 2 0 35687 96
0x0000723b3d873880 0x00000008db1e9880 0 0 0 0 1 2 0 35687 104
0x0000723b3d873900 0x00000008db1e9900 0 1 0 0 1 2 0 35687 96
0x0000723b3d873980 0x00000008db1e9980 0 1 0 0 1 2 0 35687 104
0x0000723b3d873a00 0x00000008db1e9a00 0 0 1 0 1 2 0 35687 96
0x0000723b3d873a80 0x00000008db1e9a80 0 0 1 0 1 2 0 35687 104
0x0000723b3d873b00 0x00000008db1e9b00 0 1 1 0 1 2 0 35687 96
0x0000723b3d873b80 0x00000008db1e9b80 0 1 1 0 1 2 0 35687 104
0x0000723b3d873c00 0x00000008db1e9c00 0 0 0 0 1 2 0 35687 112
0x0000723b3d873c80 0x00000008db1e9c80 0 0 0 0 1 2 0 35687 120
0x0000723b3d873d00 0x00000008db1e9d00 0 1 0 0 1 2 0 35687 112
0x0000723b3d873d80 0x00000008db1e9d80 0 1 0 0 1 2 0 35687 120
0x0000723b3d873e00 0x00000008db1e9e00 0 0 1 0 1 2 0 35687 112
0x0000723b3d873e80 0x00000008db1e9e80 0 0 1 0 1 2 0 35687 120
0x0000723b3d873f00 0x00000008db1e9f00 0 1 1 0 1 2 0 35687 112
0x0000723b3d873f80 0x00000008db1e9f80 0 1 1 0 1 2 0 35687 120
0x0000723b3d879000 0x00000006721b1000 0 0 0 0 0 2 0 24149 576
0x0000723b3d879080 0x00000006721b1080 0 0 0 0 0 2 0 24149 584
0x0000723b3d879100 0x00000006721b1100 0 1 0 0 0 2 0 24149 576
0x0000723b3d879180 0x00000006721b1180 0 1 0 0 0 2 0 24149 584
0x0000723b3d879200 0x00000006721b1200 0 0 1 0 0 2 0 24149 576
0x0000723b3d879280 0x00000006721b1280 0 0 1 0 0 2 0 24149 584
0x0000723b3d879300 0x00000006721b1300 0 1 1 0 0 2 0 24149 576
0x0000723b3d879380 0x00000006721b1380 0 1 1 0 0 2 0 24149 584
0x0000723b3d879400 0x00000006721b1400 0 0 0 0 0 2 0 24149 592
0x0000723b3d879480 0x00000006721b1480 0 0 0 0 0 2 0 24149 600
0x0000723b3d879500 0x00000006721b1500 0 1 0 0 0 2 0 24149 592
0x0000723b3d879580 0x00000006721b1580 0 1 0 0 0 2 0 24149 600
0x0000723b3d879600 0x00000006721b1600 0 0 1 0 0 2 0 24149 592
0x0000723b3d879680 0x00000006721b1680 0 0 1 0 0 2 0 24149 600
0x0000723b3d879700 0x00000006721b1700 0 1 1 0 0 2 0 24149 592
0x0000723b3d879780 0x00000006721b1780 0 1 1 0 0 2 0 24149 600
0x0000723b3d879800 0x00000006721b1800 0 0 0 0 0 2 0 24149 608
0x0000723b3d879880 0x00000006721b1880 0 0 0 0 0 2 0 24149 616
0x0000723b3d879900 0x00000006721b1900 0 1 0 0 0 2 0 24149 608
0x0000723b3d879980 0x00000006721b1980 0 1 0 0 0 2 0 24149 616
0x0000723b3d879a00 0x00000006721b1a00 0 0 1 0 0 2 0 24149 608
0x0000723b3d879a80 0x00000006721b1a80 0 0 1 0 0 2 0 24149 616
0x0000723b3d879b00 0x00000006721b1b00 0 1 1 0 0 2 0 24149 608
0x0000723b3d879b80 0x00000006721b1b80 0 1 1 0 0 2 0 24149 616
0x0000723b3d879c00 0x00000006721b1c00 0 0 0 0 0 2 0 24149 624
0x0000723b3d879c80 0x00000006721b1c80 0 0 0 0 0 2 0 24149 632
0x0000723b3d879d00 0x00000006721b1d00 0 1 0 0 0 2 0 24149 624
0x0000723b3d879d80 0x00000006721b1d80 0 1 0 0 0 2 0 24149 632
0x0000723b3d879e00 0x00000006721b1e00 0 0 1 0 0 2 0 24149 624
0x0000723b3d879e80 0x00000006721b1e80 0 0 1 0 0 2 0 24149 632
0x0000723b3d879f00 0x00000006721b1f00 0 1 1 0 0 2 0 24149 624
0x0000723b3d879f80 0x00000006721b1f80 0 1 1 0 0 2 0 24149 632
0x0000723b3d88a000 0x00000002c19ba000 0 0 0 0 1 2 0 10285 640
0x0000723b3d88a080 0x00000002c19ba080 0 0 0 0 1 2 0 10285 648
0x0000723b3d88a100 0x00000002c19ba100 0 1 0 0 1 2 0 10285 640
0x0000723b3d88a180 0x00000002c19ba180 0 1 0 0 1 2 0 10285 648
0x0000723b3d88a200 0x00000002c19ba200 0 0 1 0 1 2 0 10285 640
0x0000723b3d88a280 0x00000002c19ba280 0 0 1 0 1 2 0 10285 648
0x0000723b3d88a300 0x00000002c19ba300 0 1 1 0 1 2 0 10285 640
0x0000723b3d88a380 0x00000002c19ba380 0 1 1 0 1 2 0 10285 648
0x0000723b3d88a400 0x00000002c19ba400 0 0 0 0 1 2 0 10285 656
0x0000723b3d88a480 0x00000002c19ba480 0 0 0 0 1 2 0 10285 664
0x0000723b3d88a500 0x00000002c19ba500 0 1 0 0 1 2 0 10285 656
0x0000723b3d88a580 0x00000002c19ba580 0 1 0 0 1 2 0 10285 664
0x0000723b3d88a600 0x00000002c19ba600 0 0 1 0 1 2 0 10285 656
0x0000723b3d88a680 0x00000002c19ba680 0 0 1 0 1 2 0 10285 664
0x0000723b3d88a700 0x00000002c19ba700 0 1 1 0 1 2 0 10285 656
0x0000723b3d88a780 0x00000002c19ba780 0 1 1 0 1 2 0 10285 664
0x0000723b3d88a800 0x00000002c19ba800 0 0 0 0 1 2 0 10285 672
0x0000723b3d88a880 0x00000002c19ba880 0 0 0 0 1 2 0 10285 680
0x0000723b3d88a900 0x00000002c19ba900 0 1 0 0 1 2 0 10285 672
0x0000723b3d88a980 0x00000002c19ba980 0 1 0 0 1 2 0 10285 680
0x0000723b3d88aa00 0x00000002c19baa00 0 0 1 0 1 2 0 10285 672
0x0000723b3d88aa80 0x00000002c19baa80 0 0 1 0 1 2 0 10285 680
0x0000723b3d88ab00 0x00000002c19bab00 0 1 1 0 1 2 0 10285 672
0x0000723b3d88ab80 0x00000002c19bab80 0 1 1 0 1 2 0 10285 680
0x0000723b3d88ac00 0x00000002c19bac00 0 0 0 0 1 2 0 10285 688
0x0000723b3d88ac80 0x00000002c19bac80 0 0 0 0 1 2 0 10285 696
0x0000723b3d88ad00 0x00000002c19bad00 0 1 0 0 1 2 0 10285 688
0x0000723b3d88ad80 0x00000002c19bad80 0 1 0 0 1 2 0 10285 696
0x0000723b3d88ae00 0x00000002c19bae00 0 0 1 0 1 2 0 10285 688
0x0000723b3d88ae80 0x00000002c19bae80 0 0 1 0 1 2 0 10285 696
0x0000723b3d88af00 0x00000002c19baf00 0 1 1 0 1 2 0 10285 688
0x0000723b3d88af80 0x00000002c19baf80 0 1 1 0 1 2 0 10285 696
0x0000723b3d88e000 0x0000000dea199000 0 0 0 0 1 2 0 56644 576
0x0000723b3d88e080 0x0000000dea199080 0 0 0 0 1 2 0 56644 584
0x0000723b3d88e100 0x0000000dea199100 0 1 0 0 1 2 0 56644 576
0x0000723b3d88e180 0x0000000dea199180 0 1 0 0 1 2 0 56644 584
0x0000723b3d88e200 0x0000000dea199200 0 0 1 0 1 2 0 56644 576
0x0000723b3d88e280 0x0000000dea199280 0 0 1 0 1 2 0 56644 584
0x0000723b3d88e300 0x0000000dea199300 0 1 1 0 1 2 0 56644 576
0x0000723b3d88e380 0x0000000dea199380 0 1 1 0 1 2 0 56644 584
0x0000723b3d88e400 0x0000000dea199400 0 0 0 0 1 2 0 56644 592
0x0000723b3d88e480 0x0000000dea199480 0 0 0 0 1 2 0 56644 600
0x0000723b3d88e500 0x0000000dea199500 0 1 0 0 1 2 0 56644 592
0x0000723b3d88e580 0x0000000dea199580 0 1 0 0 1 2 0 56644 600
0x0000723b3d88e600 0x0000000dea199600 0 0 1 0 1 2 0 56644 592
0x0000723b3d88e680 0x0000000dea199680 0 0 1 0 1 2 0 56644 600
0x0000723b3d88e700 0x0000000dea199700 0 1 1 0 1 2 0 56644 592
0x0000723b3d88e780 0x0000000dea199780 0 1 1 0 1 2 0 56644 600
0x0000723b3d88e800 0x0000000dea199800 0 0 0 0 1 2 0 56644 608
0x0000723b3d88e880 0x0000000dea199880 0 0 0 0 1 2 0 56644 616
0x0000723b3d88e900 0x0000000dea199900 0 1 0 0 1 2 0 56644 608
0x0000723b3d88e980 0x0000000dea199980 0 1 0 0 1 2 0 56644 616
0x0000723b3d88ea00 0x0000000dea199a00 0 0 1 0 1 2 0 56644 608
0x0000723b3d88ea80 0x0000000dea199a80 0 0 1 0 1 2 0 56644 616
0x0000723b3d88eb00 0x0000000dea199b00 0 1 1 0 1 2 0 56644 608
0x0000723b3d88eb80 0x0000000dea199b80 0 1 1 0 1 2 0 56644 616
0x0000723b3d88ec00 0x0000000dea199c00 0 0 0 0 1 2 0 56644 624
0x0000723b3d88ec80 0x0000000dea199c80 0 0 0 0 1 2 0 56644 632
0x0000723b3d88ed00 0x0000000dea199d00 0 1 0 0 1 2 0 56644 624
0x0000723b3d88ed80 0x0000000dea199d80 0 1 0 0 1 2 0 56644 632
0x0000723b3d88ee00 0x0000000dea199e00 0 0 1 0 1 2 0 56644 624
0x0000723b3d88ee80 0x0000000dea199e80 0 0 1 0 1 2 0 56644 632
0x0000723b3d88ef00 0x0000000dea199f00 0 1 1 0 1 2 0 56644 624
0x0000723b3d88ef80 0x0000000dea199f80 0 1 1 0 1 2 0 56644 632
0x0000723b3d89a000 0x0000000f07981000 0 0 0 0 0 2 0 57596 64
0x0000723b3d89a080 0x0000000f07981080 0 0 0 0 0 2 0 57596 72
0x0000723b3d89a100 0x0000000f07981100 0 1 0 0 0 2 0 57596 64
0x0000723b3d89a180 0x0000000f07981180 0 1 0 0 0 2 0 57596 72
0x0000723b3d89a200 0x0000000f07981200 0 0 1 0 0 2 0 57596 64
0x0000723b3d89a280 0x0000000f07981280 0 0 1 0 0 2 0 57596 72
0x0000723b3d89a300 0x0000000f07981300 0 1 1 0 0 2 0 57596 64
0x0000723b3d89a380 0x0000000f07981380 0 1 1 0 0 2 0 57596 72
0x0000723b3d89a400 0x0000000f07981400 0 0 0 0 0 2 0 57596 80
0x0000723b3d89a480 0x0000000f07981480 0 0 0 0 0 2 0 57596 88
0x0000723b3d89a500 0x0000000f07981500 0 1 0 0 0 2 0 57596 80
0x0000723b3d89a580 0x0000000f07981580 0 1 0 0 0 2 0 57596 88
0x0000723b3d89a600 0x0000000f07981600 0 0 1 0 0 2 0 57596 80
0x0000723b3d89a680 0x0000000f07981680 0 0 1 0 0 2 0 57596 88
0x0000723b3d89a700 0x0000000f07981700 0 1 1 0 0 2 0 57596 80
0x0000723b3d89a780 0x0000000f07981780 0 1 1 0 0 2 0 57596 88
0x0000723b3d89a800 0x0000000f07981800 0 0 0 0 0 2 0 57596 96
0x0000723b3d89a880 0x0000000f07981880 0 0 0 0 0 2 0 57596 104
0x0000723b3d89a900 0x0000000f07981900 0 1 0 0 0 2 0 57596 96
0x0000723b3d89a980 0x0000000f07981980 0 1 0 0 0 2 0 57596 104
0x0000723b3d89aa00 0x0000000f07981a00 0 0 1 0 0 2 0 57596 96
0x0000723b3d89aa80 0x0000000f07981a80 0 0 1 0 0 2 0 57596 104
0x0000723b3d89ab00 0x0000000f07981b00 0 1 1 0 0 2 0 57596 96
0x0000723b3d89ab80 0x0000000f07981b80 0 1 1 0 0 2 0 57596 104
0x0000723b3d89ac00 0x0000000f07981c00 0 0 0 0 0 2 0 57596 112
0x0000723b3d89ac80 0x0000000f07981c80 0 0 0 0 0 2 0 57596 120
0x0000723b3d89ad00 0x0000000f07981d00 0 1 0 0 0 2 0 57596 112
0x0000723b3d89ad80 0x0000000f07981d80 0 1 0 0 0 2 0 57596 120
0x0000723b3d89ae00 0x0000000f07981e00 0 0 1 0 0 2 0 57596 112
0x0000723b3d89ae80 0x0000000f07981e80 0 0 1 0 0 2 0 57596 120
0x0000723b3d89af00 0x0000000f07981f00 0 1 1 0 0 2 0 57596 112
0x0000723b3d89af80 0x0000000f07981f80 0 1 1 0 0 2 0 57596 120
0x0000723b3d8a4000 0x0000000a77167000 0 0 0 0 0 2 0 40691 448
0x0000723b3d8a4080 0x0000000a77167080 0 0 0 0 0 2 0 40691 456
0x0000723b3d8a4100 0x0000000a77167100 0 1 0 0 0 2 0 40691 448
0x0000723b3d8a4180 0x0000000a77167180 0 1 0 0 0 2 0 40691 456
0x0000723b3d8a4200 0x0000000a77167200 0 0 1 0 0 2 0 40691 448
0x0000723b3d8a4280 0x0000000a77167280 0 0 1 0 0 2 0 40691 456
0x0000723b3d8a4300 0x0000000a77167300 0 1 1 0 0 2 0 40691 448
0x0000723b3d8a4380 0x0000000a77167380 0 1 1 0 0 2 0 40691 456
0x0000723b3d8a4400 0x0000000a77167400 0 0 0 0 0 2 0 40691 464
0x0000723b3d8a4480 0x0000000a77167480 0 0 0 0 0 2 0 40691 472
0x0000723b3d8a4500 0x0000000a77167500 0 1 0 0 0 2 0 40691 464
0x0000723b3d8a4580 0x0000000a77167580 0 1 0 0 0 2 0 40691 472
0x0000723b3d8a4600 0x0000000a77167600 0 0 1 0 0 2 0 40691 464
0x0000723b3d8a4680 0x0000000a77167680 0 0 1 0 0 2 0 40691 472
0x0000723b3d8a4700 0x0000000a77167700 0 1 1 0 0 2 0 40691 464
0x0000723b3d8a4780 0x0000000a77167780 0 1 1 0 0 2 0 40691 472
0x0000723b3d8a4800 0x0000000a77167800 0 0 0 0 0 2 0 40691 480
0x0000723b3d8a4880 0x0000000a77167880 0 0 0 0 0 2 0 40691 488
0x0000723b3d8a4900 0x0000000a77167900 0 1 0 0 0 2 0 40691 480
0x0000723b3d8a4980 0x0000000a77167980 0 1 0 0 0 2 0 40691 488
0x0000723b3d8a4a00 0x0000000a77167a00 0 0 1 0 0 2 0 40691 480
0x0000723b3d8a4a80 0x0000000a77167a80 0 0 1 0 0 2 0 40691 488
0x0000723b3d8a4b00 0x0000000a77167b00 0 1 1 0 0 2 0 40691 480
0x0000723b3d8a4b80 0x0000000a77167b80 0 1 1 0 0 2 0 40691 488
0x0000723b3d8a4c00 0x0000000a77167c00 0 0 0 0 0 2 0 40691 496
0x0000723b3d8a4c80 0x0000000a77167c80 0 0 0 0 0 2 0 40691 504
0x0000723b3d8a4d00 0x0000000a77167d00 0 1 0 0 0 2 0 40691 496
0x0000723b3d8a4d80 0x0000000a77167d80 0 1 0 0 0 2 0 40691 504
0x0000723b3d8a4e00 0x0000000a77167e00 0 0 1 0 0 2 0 40691 496
0x0000723b3d8a4e80 0x0000000a77167e80 0 0 1 0 0 2 0 40691 504
0x0000723b3d8a4f00 0x0000000a77167f00 0 1 1 0 0 2 0 40691 496
0x0000723b3d8a4f80 0x0000000a77167f80 0 1 1 0 0 2 0 40691 504
0x0000723b3d8cc000 0x0000000b8b163000 0 0 0 0 0 2 0 45411 192
0x0000723b3d8cc080 0x0000000b8b163080 0 0 0 0 0 2 0 45411 200
0x0000723b3d8cc100 0x0000000b8b163100 0 1 0 0 0 2 0 45411 192
0x0000723b3d8cc180 0x0000000b8b163180 0 1 0 0 0 2 0 45411 200
0x0000723b3d8cc200 0x0000000b8b163200 0 0 1 0 0 2 0 45411 192
0x0000723b3d8cc280 0x0000000b8b163280 0 0 1 0 0 2 0 45411 200
0x0000723b3d8cc300 0x0000000b8b163300 0 1 1 0 0 2 0 45411 192
0x0000723b3d8cc380 0x0000000b8b163380 0 1 1 0 0 2 0 45411 200
0x0000723b3d8cc400 0x0000000b8b163400 0 0 0 0 0 2 0 45411 208
0x0000723b3d8cc480 0x0000000b8b163480 0 0 0 0 0 2 0 45411 216
0x0000723b3d8cc500 0x0000000b8b163500 0 1 0 0 0 2 0 45411 208
0x0000723b3d8cc580 0x0000000b8b163580 0 1 0 0 0 2 0 45411 216
0x0000723b3d8cc600 0x0000000b8b163600 0 0 1 0 0 2 0 45411 208
0x0000723b3d8cc680 0x0000000b8b163680 0 0 1 0 0 2 0 45411 216
0x0000723b3d8cc700 0x0000000b8b163700 0 1 1 0 0 2 0 45411 208
0x0000723b3d8cc780 0x0000000b8b163780 0 1 1 0 0 2 0 45411 216
0x0000723b3d8cc800 0x0000000b8b163800 0 0 0 0 0 2 0 45411 224
0x0000723b3d8cc880 0x0000000b8b163880 0 0 0 0 0 2 0 45411 232
0x0000723b3d8cc900 0x0000000b8b163900 0 1 0 0 0 2 0 45411 224
0x0000723b3d8cc980 0x0000000b8b163980 0 1 0 0 0 2 0 45411 232
0x0000723b3d8cca00 0x0000000b8b163a00 0 0 1 0 0 2 0 45411 224
0x0000723b3d8cca80 0x0000000b8b163a80 0 0 1 0 0 2 0 45411 232
0x0000723b3d8ccb00 0x0000000b8b163b00 0 1 1 0 0 2 0 45411 224
0x0000723b3d8ccb80 0x0000000b8b163b80 0 1 1 0 0 2 0 45411 232
0x0000723b3d8ccc00 0x0000000b8b163c00 0 0 0 0 0 2 0 45411 240
0x0000723b3d8ccc80 0x0000000b8b163c80 0 0 0 0 0 2 0 45411 248
0x0000723b3d8ccd00 0x0000000b8b163d00 0 1 0 0 0 2 0 45411 240
0x0000723b3d8ccd80 0x0000000b8b163d80 0 1 0 0 0 2 0 45411 248
0x0000723b3d8cce00 0x0000000b8b163e00 0 0 1 0 0 2 0 45411 240
0x0000723b3d8cce80 0x0000000b8b163e80 0 0 1 0 0 2 0 45411 248
0x0000723b3d8ccf00 0x0000000b8b163f00 0 1 1 0 0 2 0 45411 240
0x0000723b3d8ccf80 0x0000000b8b163f80 0 1 1 0 0 2 0 45411 248
0x0000723b3d8d4000 0x00000007f7970000 0 0 0 0 0 2 0 32491 512
0x0000723b3d8d4080 0x00000007f7970080 0 0 0 0 0 2 0 32491 520
0x0000723b3d8d4100 0x00000007f7970100 0 1 0 0 0 2 0 32491 512
0x0000723b3d8d4180 0x00000007f7970180 0 1 0 0 0 2 0 32491 520
0x0000723b3d8d4200 0x00000007f7970200 0 0 1 0 0 2 0 32491 512
0x0000723b3d8d4280 0x00000007f7970280 0 0 1 0 0 2 0 32491 520
0x0000723b3d8d4300 0x00000007f7970300 0 1 1 0 0 2 0 32491 512
0x0000723b3d8d4380 0x00000007f7970380 0 1 1 0 0 2 0 32491 520
0x0000723b3d8d4400 0x00000007f7970400 0 0 0 0 0 2 0 32491 528
0x0000723b3d8d4480 0x00000007f7970480 0 0 0 0 0 2 0 32491 536
0x0000723b3d8d4500 0x00000007f7970500 0 1 0 0 0 2 0 32491 528
0x0000723b3d8d4580 0x00000007f7970580 0 1 0 0 0 2 0 32491 536
0x0000723b3d8d4600 0x00000007f7970600 0 0 1 0 0 2 0 32491 528
0x0000723b3d8d4680 0x00000007f7970680 0 0 1 0 0 2 0 32491 536
0x0000723b3d8d4700 0x00000007f7970700 0 1 1 0 0 2 0 32491 528
0x0000723b3d8d4780 0x00000007f7970780 0 1 1 0 0 2 0 32491 536
0x0000723b3d8d4800 0x00000007f7970800 0 0 0 0 0 2 0 32491 544
0x0000723b3d8d4880 0x00000007f7970880 0 0 0 0 0 2 0 32491 552
0x0000723b3d8d4900 0x00000007f7970900 0 1 0 0 0 2 0 32491 544
0x0000723b3d8d4980 0x00000007f7970980 0 1 0 0 0 2 0 32491 552
0x0000723b3d8d4a00 0x00000007f7970a00 0 0 1 0 0 2 0 32491 544
0x0000723b3d8d4a80 0x00000007f7970a80 0 0 1 0 0 2 0 32491 552
0x0000723b3d8d4b00 0x00000007f7970b00 0 1 1 0 0 2 0 32491 544
0x0000723b3d8d4b80 0x00000007f7970b80 0 1 1 0 0 2 0 32491 552
0x0000723b3d8d4c00 0x00000007f7970c00 0 0 0 0 0 2 0 32491 560
0x0000723b3d8d4c80 0x00000007f7970c80 0 0 0 0 0 2 0 32491 568
0x0000723b3d8d4d00 0x00000007f7970d00 0 1 0 0 0 2 0 32491 560
0x0000723b3d8d4d80 0x00000007f7970d80 0 1 0 0 0 2 0 32491 568
0x0000723b3d8d4e00 0x00000007f7970e00 0 0 1 0 0 2 0 32491 560
0x0000723b3d8d4e80 0x00000007f7970e80 0 0 1 0 0 2 0 32491 568
0x0000723b3d8d4f00 0x00000007f7970f00 0 1 1 0 0 2 0 32491 560
0x0000723b3d8d4f80 0x00000007f7970f80 0 1 1 0 0 2 0 32491 568
0x0000723b3d8d6000 0x0000000c5797d000 0 0 0 0 1 2 0 47867 832
0x0000723b3d8d6080 0x0000000c5797d080 0 0 0 0 1 2 0 47867 840
0x0000723b3d8d6100 0x0000000c5797d100 0 1 0 0 1 2 0 47867 832
0x0000723b3d8d6180 0x0000000c5797d180 0 1 0 0 1 2 0 47867 840
0x0000723b3d8d6200 0x0000000c5797d200 0 0 1 0 1 2 0 47867 832
0x0000723b3d8d6280 0x0000000c5797d280 0 0 1 0 1 2 0 47867 840
0x0000723b3d8d6300 0x0000000c5797d300 0 1 1 0 1 2 0 47867 832
0x0000723b3d8d6380 0x0000000c5797d380 0 1 1 0 1 2 0 47867 840
0x0000723b3d8d6400 0x0000000c5797d400 0 0 0 0 1 2 0 47867 848
0x0000723b3d8d6480 0x0000000c5797d480 0 0 0 0 1 2 0 47867 856
0x0000723b3d8d6500 0x0000000c5797d500 0 1 0 0 1 2 0 47867 848
0x0000723b3d8d6580 0x0000000c5797d580 0 1 0 0 1 2 0 47867 856
0x0000723b3d8d6600 0x0000000c5797d600 0 0 1 0 1 2 0 47867 848
0x0000723b3d8d6680 0x0000000c5797d680 0 0 1 0 1 2 0 47867 856
0x0000723b3d8d6700 0x0000000c5797d700 0 1 1 0 1 2 0 47867 848
0x0000723b3d8d6780 0x0000000c5797d780 0 1 1 0 1 2 0 47867 856
0x0000723b3d8d6800 0x0000000c5797d800 0 0 0 0 1 2 0 47867 864
0x0000723b3d8d6880 0x0000000c5797d880 0 0 0 0 1 2 0 47867 872
0x0000723b3d8d6900 0x0000000c5797d900 0 1 0 0 1 2 0 47867 864
0x0000723b3d8d6980 0x0000000c5797d980 0 1 0 0 1 2 0 47867 872
0x0000723b3d8d6a00 0x0000000c5797da00 0 0 1 0 1 2 0 47867 864
0x0000723b3d8d6a80 0x0000000c5797da80 0 0 1 0 1 2 0 47867 872
0x0000723b3d8d6b00 0x0000000c5797db00 0 1 1 0 1 2 0 47867 864
0x0000723b3d8d6b80 0x0000000c5797db80 0 1 1 0 1 2 0 47867 872
0x0000723b3d8d6c00 0x0000000c5797dc00 0 0 0 0 1 2 0 47867 880
0x0000723b3d8d6c80 0x0000000c5797dc80 0 0 0 0 1 2 0 47867 888
0x0000723b3d8d6d00 0x0000000c5797dd00 0 1 0 0 1 2 0 47867 880
0x0000723b3d8d6d80 0x0000000c5797dd80 0 1 0 0 1 2 0 47867 888
0x0000723b3d8d6e00 0x0000000c5797de00 0 0 1 0 1 2 0 47867 880
0x0000723b3d8d6e80 0x0000000c5797de80 0 0 1 0 1 2 0 47867 888
0x0000723b3d8d6f00 0x0000000c5797df00 0 1 1 0 1 2 0 47867 880
0x0000723b3d8d6f80 0x0000000c5797df80 0 1 1 0 1 2 0 47867 888
0x0000723b3d8e6000 0x0000000dcc1f7000 0 0 0 0 0 2 0 55687 960
0x0000723b3d8e6080 0x0000000dcc1f7080 0 0 0 0 0 2 0 55687 968
0x0000723b3d8e6100 0x0000000dcc1f7100 0 1 0 0 0 2 0 55687 960
0x0000723b3d8e6180 0x0000000dcc1f7180 0 1 0 0 0 2 0 55687 968
0x0000723b3d8e6200 0x0000000dcc1f7200 0 0 1 0 0 2 0 55687 960
0x0000723b3d8e6280 0x0000000dcc1f7280 0 0 1 0 0 2 0 55687 968
0x0000723b3d8e6300 0x0000000dcc1f7300 0 1 1 0 0 2 0 55687 960
0x0000723b3d8e6380 0x0000000dcc1f7380 0 1 1 0 0 2 0 55687 968
0x0000723b3d8e6400 0x0000000dcc1f7400 0 0 0 0 0 2 0 55687 976
0x0000723b3d8e6480 0x0000000dcc1f7480 0 0 0 0 0 2 0 55687 984
0x0000723b3d8e6500 0x0000000dcc1f7500 0 1 0 0 0 2 0 55687 976
0x0000723b3d8e6580 0x0000000dcc1f7580 0 1 0 0 0 2 0 55687 984
0x0000723b3d8e6600 0x0000000dcc1f7600 0 0 1 0 0 2 0 55687 976
0x0000723b3d8e6680 0x0000000dcc1f7680 0 0 1 0 0 2 0 55687 984
0x0000723b3d8e6700 0x0000000dcc1f7700 0 1 1 0 0 2 0 55687 976
0x0000723b3d8e6780 0x0000000dcc1f7780 0 1 1 0 0 2 0 55687 984
0x0000723b3d8e6800 0x0000000dcc1f7800 0 0 0 0 0 2 0 55687 992
0x0000723b3d8e6880 0x0000000dcc1f7880 0 0 0 0 0 2 0 55687 1000
0x0000723b3d8e6900 0x0000000dcc1f7900 0 1 0 0 0 2 0 55687 992
0x0000723b3d8e6980 0x0000000dcc1f7980 0 1 0 0 0 2 0 55687 1000
0x0000723b3d8e6a00 0x0000000dcc1f7a00 0 0 1 0 0 2 0 55687 992
0x0000723b3d8e6a80 0x0000000dcc1f7a80 0 0 1 0 0 2 0 55687 1000
0x0000723b3d8e6b00 0x0000000dcc1f7b00 0 1 1 0 0 2 0 55687 992
0x0000723b3d8e6b80 0x0000000dcc1f7b80 0 1 1 0 0 2 0 55687 1000
0x0000723b3d8e6c00 0x0000000dcc1f7c00 0 0 0 0 0 2 0 55687 1008
0x0000723b3d8e6c80 0x0000000dcc1f7c80 0 0 0 0 0 2 0 55687 1016
0x0000723b3d8e6d00 0x0000000dcc1f7d00 0 1 0 0 0 2 0 55687 1008
0x0000723b3d8e6d80 0x0000000dcc1f7d80 0 1 0 0 0 2 0 55687 1016
0x0000723b3d8e6e00 0x0000000dcc1f7e00 0 0 1 0 0 2 0 55687 1008
0x0000723b3d8e6e80 0x0000000dcc1f7e80 0 0 1 0 0 2 0 55687 1016
0x0000723b3d8e6f00 0x0000000dcc1f7f00 0 1 1 0 0 2 0 55687 1008
0x0000723b3d8e6f80 0x0000000dcc1f7f80 0 1 1 0 0 2 0 55687 1016
0x0000723b3d8ec000 0x0000000a0b1ef000 0 0 0 0 1 2 0 37239 448
0x0000723b3d8ec080 0x0000000a0b1ef080 0 0 0 0 1 2 0 37239 456
0x0000723b3d8ec100 0x0000000a0b1ef100 0 1 0 0 1 2 0 37239 448
0x0000723b3d8ec180 0x0000000a0b1ef180 0 1 0 0 1 2 0 37239 456
0x0000723b3d8ec200 0x0000000a0b1ef200 0 0 1 0 1 2 0 37239 448
0x0000723b3d8ec280 0x0000000a0b1ef280 0 0 1 0 1 2 0 37239 456
0x0000723b3d8ec300 0x0000000a0b1ef300 0 1 1 0 1 2 0 37239 448
0x0000723b3d8ec380 0x0000000a0b1ef380 0 1 1 0 1 2 0 37239 456
0x0000723b3d8ec400 0x0000000a0b1ef400 0 0 0 0 1 2 0 37239 464
0x0000723b3d8ec480 0x0000000a0b1ef480 0 0 0 0 1 2 0 37239 472
0x0000723b3d8ec500 0x0000000a0b1ef500 0 1 0 0 1 2 0 37239 464
0x0000723b3d8ec580 0x0000000a0b1ef580 0 1 0 0 1 2 0 37239 472
0x0000723b3d8ec600 0x0000000a0b1ef600 0 0 1 0 1 2 0 37239 464
0x0000723b3d8ec680 0x0000000a0b1ef680 0 0 1 0 1 2 0 37239 472
0x0000723b3d8ec700 0x0000000a0b1ef700 0 1 1 0 1 2 0 37239 464
0x0000723b3d8ec780 0x0000000a0b1ef780 0 1 1 0 1 2 0 37239 472
0x0000723b3d8ec800 0x0000000a0b1ef800 0 0 0 0 1 2 0 37239 480
0x0000723b3d8ec880 0x0000000a0b1ef880 0 0 0 0 1 2 0 37239 488
0x0000723b3d8ec900 0x0000000a0b1ef900 0 1 0 0 1 2 0 37239 480
0x0000723b3d8ec980 0x0000000a0b1ef980 0 1 0 0 1 2 0 37239 488
0x0000723b3d8eca00 0x0000000a0b1efa00 0 0 1 0 1 2 0 37239 480
0x0000723b3d8eca80 0x0000000a0b1efa80 0 0 1 0 1 2 0 37239 488
0x0000723b3d8ecb00 0x0000000a0b1efb00 0 1 1 0 1 2 0 37239 480
0x0000723b3d8ecb80 0x0000000a0b1efb80 0 1 1 0 1 2 0 37239 488
0x0000723b3d8ecc00 0x0000000a0b1efc00 0 0 0 0 1 2 0 37239 496
0x0000723b3d8ecc80 0x0000000a0b1efc80 0 0 0 0 1 2 0 37239 504
0x0000723b3d8ecd00 0x0000000a0b1efd00 0 1 0 0 1 2 0 37239 496
0x0000723b3d8ecd80 0x0000000a0b1efd80 0 1 0 0 1 2 0 37239 504
0x0000723b3d8ece00 0x0000000a0b1efe00 0 0 1 0 1 2 0 37239 496
0x0000723b3d8ece80 0x0000000a0b1efe80 0 0 1 0 1 2 0 37239 504
0x0000723b3d8ecf00 0x0000000a0b1eff00 0 1 1 0 1 2 0 37239 496
0x0000723b3d8ecf80 0x0000000a0b1eff80 0 1 1 0 1 2 0 37239 504
0x0000723b3d8f6000 0x0000000bff91e000 0 0 0 0 1 2 0 49128 896
0x0000723b3d8f6080 0x0000000bff91e080 0 0 0 0 1 2 0 49128 904
0x0000723b3d8f6100 0x0000000bff91e100 0 1 0 0 1 2 0 49128 896
0x0000723b3d8f6180 0x0000000bff91e180 0 1 0 0 1 2 0 49128 904
0x0000723b3d8f6200 0x0000000bff91e200 0 0 1 0 1 2 0 49128 896
0x0000723b3d8f6280 0x0000000bff91e280 0 0 1 0 1 2 0 49128 904
0x0000723b3d8f6300 0x0000000bff91e300 0 1 1 0 1 2 0 49128 896
0x0000723b3d8f6380 0x0000000bff91e380 0 1 1 0 1 2 0 49128 904
0x0000723b3d8f6400 0x0000000bff91e400 0 0 0 0 1 2 0 49128 912
0x0000723b3d8f6480 0x0000000bff91e480 0 0 0 0 1 2 0 49128 920
0x0000723b3d8f6500 0x0000000bff91e500 0 1 0 0 1 2 0 49128 912
0x0000723b3d8f6580 0x0000000bff91e580 0 1 0 0 1 2 0 49128 920
0x0000723b3d8f6600 0x0000000bff91e600 0 0 1 0 1 2 0 49128 912
0x0000723b3d8f6680 0x0000000bff91e680 0 0 1 0 1 2 0 49128 920
0x0000723b3d8f6700 0x0000000bff91e700 0 1 1 0 1 2 0 49128 912
0x0000723b3d8f6780 0x0000000bff91e780 0 1 1 0 1 2 0 49128 920
0x0000723b3d8f6800 0x0000000bff91e800 0 0 0 0 1 2 0 49128 928
0x0000723b3d8f6880 0x0000000bff91e880 0 0 0 0 1 2 0 49128 936
0x0000723b3d8f6900 0x0000000bff91e900 0 1 0 0 1 2 0 49128 928
0x0000723b3d8f6980 0x0000000bff91e980 0 1 0 0 1 2 0 49128 936
0x0000723b3d8f6a00 0x0000000bff91ea00 0 0 1 0 1 2 0 49128 928
0x0000723b3d8f6a80 0x0000000bff91ea80 0 0 1 0 1 2 0 49128 936
0x0000723b3d8f6b00 0x0000000bff91eb00 0 1 1 0 1 2 0 49128 928
0x0000723b3d8f6b80 0x0000000bff91eb80 0 1 1 0 1 2 0 49128 936
0x0000723b3d8f6c00 0x0000000bff91ec00 0 0 0 0 1 2 0 49128 944
0x0000723b3d8f6c80 0x0000000bff91ec80 0 0 0 0 1 2 0 49128 952
0x0000723b3d8f6d00 0x0000000bff91ed00 0 1 0 0 1 2 0 49128 944
0x0000723b3d8f6d80 0x0000000bff91ed80 0 1 0 0 1 2 0 49128 952
0x0000723b3d8f6e00 0x0000000bff91ee00 0 0 1 0 1 2 0 49128 944
0x0000723b3d8f6e80 0x0000000bff91ee80 0 0 1 0 1 2 0 49128 952
0x0000723b3d8f6f00 0x0000000bff91ef00 0 1 1 0 1 2 0 49128 944
0x0000723b3d8f6f80 0x0000000bff91ef80 0 1 1 0 1 2 0 49128 952
0x0000723b3d8f7000 0x0000000222982000 0 0 0 0 0 2 0 5212 128
0x0000723b3d8f7080 0x0000000222982080 0 0 0 0 0 2 0 5212 136
0x0000723b3d8f7100 0x0000000222982100 0 1 0 0 0 2 0 5212 128
0x0000723b3d8f7180 0x0000000222982180 0 1 0 0 0 2 0 5212 136
0x0000723b3d8f7200 0x0000000222982200 0 0 1 0 0 2 0 5212 128
0x0000723b3d8f7280 0x0000000222982280 0 0 1 0 0 2 0 5212 136
0x0000723b3d8f7300 0x0000000222982300 0 1 1 0 0 2 0 5212 128
0x0000723b3d8f7380 0x0000000222982380 0 1 1 0 0 2 0 5212 136
0x0000723b3d8f7400 0x0000000222982400 0 0 0 0 0 2 0 5212 144
0x0000723b3d8f7480 0x0000000222982480 0 0 0 0 0 2 0 5212 152
0x0000723b3d8f7500 0x0000000222982500 0 1 0 0 0 2 0 5212 144
0x0000723b3d8f7580 0x0000000222982580 0 1 0 0 0 2 0 5212 152
0x0000723b3d8f7600 0x0000000222982600 0 0 1 0 0 2 0 5212 144
0x0000723b3d8f7680 0x0000000222982680 0 0 1 0 0 2 0 5212 152
0x0000723b3d8f7700 0x0000000222982700 0 1 1 0 0 2 0 5212 144
0x0000723b3d8f7780 0x0000000222982780 0 1 1 0 0 2 0 5212 152
0x0000723b3d8f7800 0x0000000222982800 0 0 0 0 0 2 0 5212 160
0x0000723b3d8f7880 0x0000000222982880 0 0 0 0 0 2 0 5212 168
0x0000723b3d8f7900 0x0000000222982900 0 1 0 0 0 2 0 5212 160
0x0000723b3d8f7980 0x0000000222982980 0 1 0 0 0 2 0 5212 168
0x0000723b3d8f7a00 0x0000000222982a00 0 0 1 0 0 2 0 5212 160
0x0000723b3d8f7a80 0x0000000222982a80 0 0 1 0 0 2 0 5212 168
0x0000723b3d8f7b00 0x0000000222982b00 0 1 1 0 0 2 0 5212 160
0x0000723b3d8f7b80 0x0000000222982b80 0 1 1 0 0 2 0 5212 168
0x0000723b3d8f7c00 0x0000000222982c00 0 0 0 0 0 2 0 5212 176
0x0000723b3d8f7c80 0x0000000222982c80 0 0 0 0 0 2 0 5212 184
0x0000723b3d8f7d00 0x0000000222982d00 0 1 0 0 0 2 0 5212 176
0x0000723b3d8f7d80 0x0000000222982d80 0 1 0 0 0 2 0 5212 184
0x0000723b3d8f7e00 0x0000000222982e00 0 0 1 0 0 2 0 5212 176
0x0000723b3d8f7e80 0x0000000222982e80 0 0 1 0 0 2 0 5212 184
0x0000723b3d8f7f00 0x0000000222982f00 0 1 1 0 0 2 0 5212 176
0x0000723b3d8f7f80 0x0000000222982f80 0 1 1 0 0 2 0 5212 184
0x0000723b3d8fd000 0x00000009c31a1000 0 0 0 0 0 2 0 39013 64
0x0000723b3d8fd080 0x00000009c31a1080 0 0 0 0 0 2 0 39013 72
0x0000723b3d8fd100 0x00000009c31a1100 0 1 0 0 0 2 0 39013 64
0x0000723b3d8fd180 0x00000009c31a1180 0 1 0 0 0 2 0 39013 72
0x0000723b3d8fd200 0x00000009c31a1200 0 0 1 0 0 2 0 39013 64
0x0000723b3d8fd280 0x00000009c31a1280 0 0 1 0 0 2 0 39013 72
0x0000723b3d8fd300 0x00000009c31a1300 0 1 1 0 0 2 0 39013 64
0x0000723b3d8fd380 0x00000009c31a1380 0 1 1 0 0 2 0 39013 72
0x0000723b3d8fd400 0x00000009c31a1400 0 0 0 0 0 2 0 39013 80
0x0000723b3d8fd480 0x00000009c31a1480 0 0 0 0 0 2 0 39013 88
0x0000723b3d8fd500 0x00000009c31a1500 0 1 0 0 0 2 0 39013 80
0x0000723b3d8fd580 0x00000009c31a1580 0 1 0 0 0 2 0 39013 88
0x0000723b3d8fd600 0x00000009c31a1600 0 0 1 0 0 2 0 39013 80
0x0000723b3d8fd680 0x00000009c31a1680 0 0 1 0 0 2 0 39013 88
0x0000723b3d8fd700 0x00000009c31a1700 0 1 1 0 0 2 0 39013 80
0x0000723b3d8fd780 0x00000009c31a1780 0 1 1 0 0 2 0 39013 88
0x0000723b3d8fd800 0x00000009c31a1800 0 0 0 0 0 2 0 39013 96
0x0000723b3d8fd880 0x00000009c31a1880 0 0 0 0 0 2 0 39013 104
0x0000723b3d8fd900 0x00000009c31a1900 0 1 0 0 0 2 0 39013 96
0x0000723b3d8fd980 0x00000009c31a1980 0 1 0 0 0 2 0 39013 104
0x0000723b3d8fda00 0x00000009c31a1a00 0 0 1 0 0 2 0 39013 96
0x0000723b3d8fda80 0x00000009c31a1a80 0 0 1 0 0 2 0 39013 104
0x0000723b3d8fdb00 0x00000009c31a1b00 0 1 1 0 0 2 0 39013 96
0x0000723b3d8fdb80 0x00000009c31a1b80 0 1 1 0 0 2 0 39013 104
0x0000723b3d8fdc00 0x00000009c31a1c00 0 0 0 0 0 2 0 39013 112
0x0000723b3d8fdc80 0x00000009c31a1c80 0 0 0 0 0 2 0 39013 120
0x0000723b3d8fdd00 0x00000009c31a1d00 0 1 0 0 0 2 0 39013 112
0x0000723b3d8fdd80 0x00000009c31a1d80 0 1 0 0 0 2 0 39013 120
0x0000723b3d8fde00 0x00000009c31a1e00 0 0 1 0 0 2 0 39013 112
0x0000723b3d8fde80 0x00000009c31a1e80 0 0 1 0 0 2 0 39013 120
0x0000723b3d8fdf00 0x00000009c31a1f00 0 1 1 0 0 2 0 39013 112
0x0000723b3d8fdf80 0x00000009c31a1f80 0 1 1 0 0 2 0 39013 120
0x0000723b3d908000 0x00000003d59e8000 0 0 0 0 1 2 0 15023 0
0x0000723b3d908080 0x00000003d59e8080 0 0 0 0 1 2 0 15023 8
0x0000723b3d908100 0x00000003d59e8100 0 1 0 0 1 2 0 15023 0
0x0000723b3d908180 0x00000003d59e8180 0 1 0 0 1 2 0 15023 8
0x0000723b3d908200 0x00000003d59e8200 0 0 1 0 1 2 0 15023 0
0x0000723b3d908280 0x00000003d59e8280 0 0 1 0 1 2 0 15023 8
0x0000723b3d908300 0x00000003d59e8300 0 1 1 0 1 2 0 15023 0
0x0000723b3d908380 0x00000003d59e8380 0 1 1 0 1 2 0 15023 8
0x0000723b3d908400 0x00000003d59e8400 0 0 0 0 1 2 0 15023 16
0x0000723b3d908480 0x00000003d59e8480 0 0 0 0 1 2 0 15023 24
0x0000723b3d908500 0x00000003d59e8500 0 1 0 0 1 2 0 15023 16
0x0000723b3d908580 0x00000003d59e8580 0 1 0 0 1 2 0 15023 24
0x0000723b3d908600 0x00000003d59e8600 0 0 1 0 1 2 0 15023 16
0x0000723b3d908680 0x00000003d59e8680 0 0 1 0 1 2 0 15023 24
0x0000723b3d908700 0x00000003d59e8700 0 1 1 0 1 2 0 15023 16
0x0000723b3d908780 0x00000003d59e8780 0 1 1 0 1 2 0 15023 24
0x0000723b3d908800 0x00000003d59e8800 0 0 0 0 1 2 0 15023 32
0x0000723b3d908880 0x00000003d59e8880 0 0 0 0 1 2 0 15023 40
0x0000723b3d908900 0x00000003d59e8900 0 1 0 0 1 2 0 15023 32
0x0000723b3d908980 0x00000003d59e8980 0 1 0 0 1 2 0 15023 40
0x0000723b3d908a00 0x00000003d59e8a00 0 0 1 0 1 2 0 15023 32
0x0000723b3d908a80 0x00000003d59e8a80 0 0 1 0 1 2 0 15023 40
0x0000723b3d908b00 0x00000003d59e8b00 0 1 1 0 1 2 0 15023 32
0x0000723b3d908b80 0x00000003d59e8b80 0 1 1 0 1 2 0 15023 40
0x0000723b3d908c00 0x00000003d59e8c00 0 0 0 0 1 2 0 15023 48
0x0000723b3d908c80 0x00000003d59e8c80 0 0 0 0 1 2 0 15023 56
0x0000723b3d908d00 0x00000003d59e8d00 0 1 0 0 1 2 0 15023 48
0x0000723b3d908d80 0x00000003d59e8d80 0 1 0 0 1 2 0 15023 56
0x0000723b3d908e00 0x00000003d59e8e00 0 0 1 0 1 2 0 15023 48
0x0000723b3d908e80 0x00000003d59e8e80 0 0 1 0 1 2 0 15023 56
0x0000723b3d908f00 0x00000003d59e8f00 0 1 1 0 1 2 0 15023 48
0x0000723b3d908f80 0x00000003d59e8f80 0 1 1 0 1 2 0 15023 56
0x0000723b3d917000 0x00000008e9158000 0 0 0 0 1 2 0 36130 512
0x0000723b3d917080 0x00000008e9158080 0 0 0 0 1 2 0 36130 520
0x0000723b3d917100 0x00000008e9158100 0 1 0 0 1 2 0 36130 512
0x0000723b3d917180 0x00000008e9158180 0 1 0 0 1 2 0 36130 520
0x0000723b3d917200 0x00000008e9158200 0 0 1 0 1 2 0 36130 512
0x0000723b3d917280 0x00000008e9158280 0 0 1 0 1 2 0 36130 520
0x0000723b3d917300 0x00000008e9158300 0 1 1 0 1 2 0 36130 512
0x0000723b3d917380 0x00000008e9158380 0 1 1 0 1 2 0 36130 520
0x0000723b3d917400 0x00000008e9158400 0 0 0 0 1 2 0 36130 528
0x0000723b3d917480 0x00000008e9158480 0 0 0 0 1 2 0 36130 536
0x0000723b3d917500 0x00000008e9158500 0 1 0 0 1 2 0 36130 528
0x0000723b3d917580 0x00000008e9158580 0 1 0 0 1 2 0 36130 536
0x0000723b3d917600 0x00000008e9158600 0 0 1 0 1 2 0 36130 528
0x0000723b3d917680 0x00000008e9158680 0 0 1 0 1 2 0 36130 536
0x0000723b3d917700 0x00000008e9158700 0 1 1 0 1 2 0 36130 528
0x0000723b3d917780 0x00000008e9158780 0 1 1 0 1 2 0 36130 536
0x0000723b3d917800 0x00000008e9158800 0 0 0 0 1 2 0 36130 544
0x0000723b3d917880 0x00000008e9158880 0 0 0 0 1 2 0 36130 552
0x0000723b3d917900 0x00000008e9158900 0 1 0 0 1 2 0 36130 544
0x0000723b3d917980 0x00000008e9158980 0 1 0 0 1 2 0 36130 552
0x0000723b3d917a00 0x00000008e9158a00 0 0 1 0 1 2 0 36130 544
0x0000723b3d917a80 0x00000008e9158a80 0 0 1 0 1 2 0 36130 552
0x0000723b3d917b00 0x00000008e9158b00 0 1 1 0 1 2 0 36130 544
0x0000723b3d917b80 0x00000008e9158b80 0 1 1 0 1 2 0 36130 552
0x0000723b3d917c00 0x00000008e9158c00 0 0 0 0 1 2 0 36130 560
0x0000723b3d917c80 0x00000008e9158c80 0 0 0 0 1 2 0 36130 568
0x0000723b3d917d00 0x00000008e9158d00 0 1 0 0 1 2 0 36130 560
0x0000723b3d917d80 0x00000008e9158d80 0 1 0 0 1 2 0 36130 568
0x0000723b3d917e00 0x00000008e9158e00 0 0 1 0 1 2 0 36130 560
0x0000723b3d917e80 0x00000008e9158e80 0 0 1 0 1 2 0 36130 568
0x0000723b3d917f00 0x00000008e9158f00 0 1 1 0 1 2 0 36130 560
0x0000723b3d917f80 0x00000008e9158f80 0 1 1 0 1 2 0 36130 568
0x0000723b3d91d000 0x0000000af91fc000 0 0 0 0 1 2 0 44839 768
0x0000723b3d91d080 0x0000000af91fc080 0 0 0 0 1 2 0 44839 776
0x0000723b3d91d100 0x0000000af91fc100 0 1 0 0 1 2 0 44839 768
0x0000723b3d91d180 0x0000000af91fc180 0 1 0 0 1 2 0 44839 776
0x0000723b3d91d200 0x0000000af91fc200 0 0 1 0 1 2 0 44839 768
0x0000723b3d91d280 0x0000000af91fc280 0 0 1 0 1 2 0 44839 776
0x0000723b3d91d300 0x0000000af91fc300 0 1 1 0 1 2 0 44839 768
0x0000723b3d91d380 0x0000000af91fc380 0 1 1 0 1 2 0 44839 776
0x0000723b3d91d400 0x0000000af91fc400 0 0 0 0 1 2 0 44839 784
0x0000723b3d91d480 0x0000000af91fc480 0 0 0 0 1 2 0 44839 792
0x0000723b3d91d500 0x0000000af91fc500 0 1 0 0 1 2 0 44839 784
0x0000723b3d91d580 0x0000000af91fc580 0 1 0 0 1 2 0 44839 792
0x0000723b3d91d600 0x0000000af91fc600 0 0 1 0 1 2 0 44839 784
0x0000723b3d91d680 0x0000000af91fc680 0 0 1 0 1 2 0 44839 792
0x0000723b3d91d700 0x0000000af91fc700 0 1 1 0 1 2 0 44839 784
0x0000723b3d91d780 0x0000000af91fc780 0 1 1 0 1 2 0 44839 792
0x0000723b3d91d800 0x0000000af91fc800 0 0 0 0 1 2 0 44839 800
0x0000723b3d91d880 0x0000000af91fc880 0 0 0 0 1 2 0 44839 808
0x0000723b3d91d900 0x0000000af91fc900 0 1 0 0 1 2 0 44839 800
0x0000723b3d91d980 0x0000000af91fc980 0 1 0 0 1 2 0 44839 808
0x0000723b3d91da00 0x0000000af91fca00 0 0 1 0 1 2 0 44839 800
0x0000723b3d91da80 0x0000000af91fca80 0 0 1 0 1 2 0 44839 808
0x0000723b3d91db00 0x0000000af91fcb00 0 1 1 0 1 2 0 44839 800
0x0000723b3d91db80 0x0000000af91fcb80 0 1 1 0 1 2 0 44839 808
0x0000723b3d91dc00 0x0000000af91fcc00 0 0 0 0 1 2 0 44839 816
0x0000723b3d91dc80 0x0000000af91fcc80 0 0 0 0 1 2 0 44839 824
0x0000723b3d91dd00 0x0000000af91fcd00 0 1 0 0 1 2 0 44839 816
0x0000723b3d91dd80 0x0000000af91fcd80 0 1 0 0 1 2 0 44839 824
0x0000723b3d91de00 0x0000000af91fce00 0 0 1 0 1 2 0 44839 816
0x0000723b3d91de80 0x0000000af91fce80 0 0 1 0 1 2 0 44839 824
0x0000723b3d91df00 0x0000000af91fcf00 0 1 1 0 1 2 0 44839 816
0x0000723b3d91df80 0x0000000af91fcf80 0 1 1 0 1 2 0 44839 824
0x0000723b3d91f000 0x0000000836983000 0 0 0 0 0 2 0 30428 192
0x0000723b3d91f080 0x0000000836983080 0 0 0 0 0 2 0 30428 200
0x0000723b3d91f100 0x0000000836983100 0 1 0 0 0 2 0 30428 192
0x0000723b3d91f180 0x0000000836983180 0 1 0 0 0 2 0 30428 200
0x0000723b3d91f200 0x0000000836983200 0 0 1 0 0 2 0 30428 192
0x0000723b3d91f280 0x0000000836983280 0 0 1 0 0 2 0 30428 200
0x0000723b3d91f300 0x0000000836983300 0 1 1 0 0 2 0 30428 192
0x0000723b3d91f380 0x0000000836983380 0 1 1 0 0 2 0 30428 200
0x0000723b3d91f400 0x0000000836983400 0 0 0 0 0 2 0 30428 208
0x0000723b3d91f480 0x0000000836983480 0 0 0 0 0 2 0 30428 216
0x0000723b3d91f500 0x0000000836983500 0 1 0 0 0 2 0 30428 208
0x0000723b3d91f580 0x0000000836983580 0 1 0 0 0 2 0 30428 216
0x0000723b3d91f600 0x0000000836983600 0 0 1 0 0 2 0 30428 208
0x0000723b3d91f680 0x0000000836983680 0 0 1 0 0 2 0 30428 216
0x0000723b3d91f700 0x0000000836983700 0 1 1 0 0 2 0 30428 208
0x0000723b3d91f780 0x0000000836983780 0 1 1 0 0 2 0 30428 216
0x0000723b3d91f800 0x0000000836983800 0 0 0 0 0 2 0 30428 224
0x0000723b3d91f880 0x0000000836983880 0 0 0 0 0 2 0 30428 232
0x0000723b3d91f900 0x0000000836983900 0 1 0 0 0 2 0 30428 224
0x0000723b3d91f980 0x0000000836983980 0 1 0 0 0 2 0 30428 232
0x0000723b3d91fa00 0x0000000836983a00 0 0 1 0 0 2 0 30428 224
0x0000723b3d91fa80 0x0000000836983a80 0 0 1 0 0 2 0 30428 232
0x0000723b3d91fb00 0x0000000836983b00 0 1 1 0 0 2 0 30428 224
0x0000723b3d91fb80 0x0000000836983b80 0 1 1 0 0 2 0 30428 232
0x0000723b3d91fc00 0x0000000836983c00 0 0 0 0 0 2 0 30428 240
0x0000723b3d91fc80 0x0000000836983c80 0 0 0 0 0 2 0 30428 248
0x0000723b3d91fd00 0x0000000836983d00 0 1 0 0 0 2 0 30428 240
0x0000723b3d91fd80 0x0000000836983d80 0 1 0 0 0 2 0 30428 248
0x0000723b3d91fe00 0x0000000836983e00 0 0 1 0 0 2 0 30428 240
0x0000723b3d91fe80 0x0000000836983e80 0 0 1 0 0 2 0 30428 248
0x0000723b3d91ff00 0x0000000836983f00 0 1 1 0 0 2 0 30428 240
0x0000723b3d91ff80 0x0000000836983f80 0 1 1 0 0 2 0 30428 248
0x0000723b3d926000 0x00000009c990c000 0 0 0 0 1 2 0 39208 256
0x0000723b3d926080 0x00000009c990c080 0 0 0 0 1 2 0 39208 264
0x0000723b3d926100 0x00000009c990c100 0 1 0 0 1 2 0 39208 256
0x0000723b3d926180 0x00000009c990c180 0 1 0 0 1 2 0 39208 264
0x0000723b3d926200 0x00000009c990c200 0 0 1 0 1 2 0 39208 256
0x0000723b3d926280 0x00000009c990c280 0 0 1 0 1 2 0 39208 264
0x0000723b3d926300 0x00000009c990c300 0 1 1 0 1 2 0 39208 256
0x0000723b3d926380 0x00000009c990c380 0 1 1 0 1 2 0 39208 264
0x0000723b3d926400 0x00000009c990c400 0 0 0 0 1 2 0 39208 272
0x0000723b3d926480 0x00000009c990c480 0 0 0 0 1 2 0 39208 280
0x0000723b3d926500 0x00000009c990c500 0 1 0 0 1 2 0 39208 272
0x0000723b3d926580 0x00000009c990c580 0 1 0 0 1 2 0 39208 280
0x0000723b3d926600 0x00000009c990c600 0 0 1 0 1 2 0 39208 272
0x0000723b3d926680 0x00000009c990c680 0 0 1 0 1 2 0 39208 280
0x0000723b3d926700 0x00000009c990c700 0 1 1 0 1 2 0 39208 272
0x0000723b3d926780 0x00000009c990c780 0 1 1 0 1 2 0 39208 280
0x0000723b3d926800 0x00000009c990c800 0 0 0 0 1 2 0 39208 288
0x0000723b3d926880 0x00000009c990c880 0 0 0 0 1 2 0 39208 296
0x0000723b3d926900 0x00000009c990c900 0 1 0 0 1 2 0 39208 288
0x0000723b3d926980 0x00000009c990c980 0 1 0 0 1 2 0 39208 296
0x0000723b3d926a00 0x00000009c990ca00 0 0 1 0 1 2 0 39208 288
0x0000723b3d926a80 0x00000009c990ca80 0 0 1 0 1 2 0 39208 296
0x0000723b3d926b00 0x00000009c990cb00 0 1 1 0 1 2 0 39208 288
0x0000723b3d926b80 0x00000009c990cb80 0 1 1 0 1 2 0 39208 296
0x0000723b3d926c00 0x00000009c990cc00 0 0 0 0 1 2 0 39208 304
0x0000723b3d926c80 0x00000009c990cc80 0 0 0 0 1 2 0 39208 312
0x0000723b3d926d00 0x00000009c990cd00 0 1 0 0 1 2 0 39208 304
0x0000723b3d926d80 0x00000009c990cd80 0 1 0 0 1 2 0 39208 312
0x0000723b3d926e00 0x00000009c990ce00 0 0 1 0 1 2 0 39208 304
0x0000723b3d926e80 0x00000009c990ce80 0 0 1 0 1 2 0 39208 312
0x0000723b3d926f00 0x00000009c990cf00 0 1 1 0 1 2 0 39208 304
0x0000723b3d926f80 0x00000009c990cf80 0 1 1 0 1 2 0 39208 312
0x0000723b3d92a000 0x0000000595991000 0 0 0 0 0 2 0 21164 576
0x0000723b3d92a080 0x0000000595991080 0 0 0 0 0 2 0 21164 584
0x0000723b3d92a100 0x0000000595991100 0 1 0 0 0 2 0 21164 576
0x0000723b3d92a180 0x0000000595991180 0 1 0 0 0 2 0 21164 584
0x0000723b3d92a200 0x0000000595991200 0 0 1 0 0 2 0 21164 576
0x0000723b3d92a280 0x0000000595991280 0 0 1 0 0 2 0 21164 584
0x0000723b3d92a300 0x0000000595991300 0 1 1 0 0 2 0 21164 576
0x0000723b3d92a380 0x0000000595991380 0 1 1 0 0 2 0 21164 584
0x0000723b3d92a400 0x0000000595991400 0 0 0 0 0 2 0 21164 592
0x0000723b3d92a480 0x0000000595991480 0 0 0 0 0 2 0 21164 600
0x0000723b3d92a500 0x0000000595991500 0 1 0 0 0 2 0 21164 592
0x0000723b3d92a580 0x0000000595991580 0 1 0 0 0 2 0 21164 600
0x0000723b3d92a600 0x0000000595991600 0 0 1 0 0 2 0 21164 592
0x0000723b3d92a680 0x0000000595991680 0 0 1 0 0 2 0 21164 600
0x0000723b3d92a700 0x0000000595991700 0 1 1 0 0 2 0 21164 592
0x0000723b3d92a780 0x0000000595991780 0 1 1 0 0 2 0 21164 600
0x0000723b3d92a800 0x0000000595991800 0 0 0 0 0 2 0 21164 608
0x0000723b3d92a880 0x0000000595991880 0 0 0 0 0 2 0 21164 616
0x0000723b3d92a900 0x0000000595991900 0 1 0 0 0 2 0 21164 608
0x0000723b3d92a980 0x0000000595991980 0 1 0 0 0 2 0 21164 616
0x0000723b3d92aa00 0x0000000595991a00 0 0 1 0 0 2 0 21164 608
0x0000723b3d92aa80 0x0000000595991a80 0 0 1 0 0 2 0 21164 616
0x0000723b3d92ab00 0x0000000595991b00 0 1 1 0 0 2 0 21164 608
0x0000723b3d92ab80 0x0000000595991b80 0 1 1 0 0 2 0 21164 616
0x0000723b3d92ac00 0x0000000595991c00 0 0 0 0 0 2 0 21164 624
0x0000723b3d92ac80 0x0000000595991c80 0 0 0 0 0 2 0 21164 632
0x0000723b3d92ad00 0x0000000595991d00 0 1 0 0 0 2 0 21164 624
0x0000723b3d92ad80 0x0000000595991d80 0 1 0 0 0 2 0 21164 632
0x0000723b3d92ae00 0x0000000595991e00 0 0 1 0 0 2 0 21164 624
0x0000723b3d92ae80 0x0000000595991e80 0 0 1 0 0 2 0 21164 632
0x0000723b3d92af00 0x0000000595991f00 0 1 1 0 0 2 0 21164 624
0x0000723b3d92af80 0x0000000595991f80 0 1 1 0 0 2 0 21164 632
0x0000723b3d92e000 0x000000019b9ff000 0 0 0 0 1 2 0 4975 960
0x0000723b3d92e080 0x000000019b9ff080 0 0 0 0 1 2 0 4975 968
0x0000723b3d92e100 0x000000019b9ff100 0 1 0 0 1 2 0 4975 960
0x0000723b3d92e180 0x000000019b9ff180 0 1 0 0 1 2 0 4975 968
0x0000723b3d92e200 0x000000019b9ff200 0 0 1 0 1 2 0 4975 960
0x0000723b3d92e280 0x000000019b9ff280 0 0 1 0 1 2 0 4975 968
0x0000723b3d92e300 0x000000019b9ff300 0 1 1 0 1 2 0 4975 960
0x0000723b3d92e380 0x000000019b9ff380 0 1 1 0 1 2 0 4975 968
0x0000723b3d92e400 0x000000019b9ff400 0 0 0 0 1 2 0 4975 976
0x0000723b3d92e480 0x000000019b9ff480 0 0 0 0 1 2 0 4975 984
0x0000723b3d92e500 0x000000019b9ff500 0 1 0 0 1 2 0 4975 976
0x0000723b3d92e580 0x000000019b9ff580 0 1 0 0 1 2 0 4975 984
0x0000723b3d92e600 0x000000019b9ff600 0 0 1 0 1 2 0 4975 976
0x0000723b3d92e680 0x000000019b9ff680 0 0 1 0 1 2 0 4975 984
0x0000723b3d92e700 0x000000019b9ff700 0 1 1 0 1 2 0 4975 976
0x0000723b3d92e780 0x000000019b9ff780 0 1 1 0 1 2 0 4975 984
0x0000723b3d92e800 0x000000019b9ff800 0 0 0 0 1 2 0 4975 992
0x0000723b3d92e880 0x000000019b9ff880 0 0 0 0 1 2 0 4975 1000
0x0000723b3d92e900 0x000000019b9ff900 0 1 0 0 1 2 0 4975 992
0x0000723b3d92e980 0x000000019b9ff980 0 1 0 0 1 2 0 4975 1000
0x0000723b3d92ea00 0x000000019b9ffa00 0 0 1 0 1 2 0 4975 992
0x0000723b3d92ea80 0x000000019b9ffa80 0 0 1 0 1 2 0 4975 1000
0x0000723b3d92eb00 0x000000019b9ffb00 0 1 1 0 1 2 0 4975 992
0x0000723b3d92eb80 0x000000019b9ffb80 0 1 1 0 1 2 0 4975 1000
0x0000723b3d92ec00 0x000000019b9ffc00 0 0 0 0 1 2 0 4975 1008
0x0000723b3d92ec80 0x000000019b9ffc80 0 0 0 0 1 2 0 4975 1016
0x0000723b3d92ed00 0x000000019b9ffd00 0 1 0 0 1 2 0 4975 1008
0x0000723b3d92ed80 0x000000019b9ffd80 0 1 0 0 1 2 0 4975 1016
0x0000723b3d92ee00 0x000000019b9ffe00 0 0 1 0 1 2 0 4975 1008
0x0000723b3d92ee80 0x000000019b9ffe80 0 0 1 0 1 2 0 4975 1016
0x0000723b3d92ef00 0x000000019b9fff00 0 1 1 0 1 2 0 4975 1008
0x0000723b3d92ef80 0x000000019b9fff80 0 1 1 0 1 2 0 4975 1016
0x0000723b3d93d000 0x0000000e6f97a000 0 0 0 0 1 2 0 56827 640
0x0000723b3d93d080 0x0000000e6f97a080 0 0 0 0 1 2 0 56827 648
0x0000723b3d93d100 0x0000000e6f97a100 0 1 0 0 1 2 0 56827 640
0x0000723b3d93d180 0x0000000e6f97a180 0 1 0 0 1 2 0 56827 648
0x0000723b3d93d200 0x0000000e6f97a200 0 0 1 0 1 2 0 56827 640
0x0000723b3d93d280 0x0000000e6f97a280 0 0 1 0 1 2 0 56827 648
0x0000723b3d93d300 0x0000000e6f97a300 0 1 1 0 1 2 0 56827 640
0x0000723b3d93d380 0x0000000e6f97a380 0 1 1 0 1 2 0 56827 648
0x0000723b3d93d400 0x0000000e6f97a400 0 0 0 0 1 2 0 56827 656
0x0000723b3d93d480 0x0000000e6f97a480 0 0 0 0 1 2 0 56827 664
0x0000723b3d93d500 0x0000000e6f97a500 0 1 0 0 1 2 0 56827 656
0x0000723b3d93d580 0x0000000e6f97a580 0 1 0 0 1 2 0 56827 664
0x0000723b3d93d600 0x0000000e6f97a600 0 0 1 0 1 2 0 56827 656
0x0000723b3d93d680 0x0000000e6f97a680 0 0 1 0 1 2 0 56827 664
0x0000723b3d93d700 0x0000000e6f97a700 0 1 1 0 1 2 0 56827 656
0x0000723b3d93d780 0x0000000e6f97a780 0 1 1 0 1 2 0 56827 664
0x0000723b3d93d800 0x0000000e6f97a800 0 0 0 0 1 2 0 56827 672
0x0000723b3d93d880 0x0000000e6f97a880 0 0 0 0 1 2 0 56827 680
0x0000723b3d93d900 0x0000000e6f97a900 0 1 0 0 1 2 0 56827 672
0x0000723b3d93d980 0x0000000e6f97a980 0 1 0 0 1 2 0 56827 680
0x0000723b3d93da00 0x0000000e6f97aa00 0 0 1 0 1 2 0 56827 672
0x0000723b3d93da80 0x0000000e6f97aa80 0 0 1 0 1 2 0 56827 680
0x0000723b3d93db00 0x0000000e6f97ab00 0 1 1 0 1 2 0 56827 672
0x0000723b3d93db80 0x0000000e6f97ab80 0 1 1 0 1 2 0 56827 680
0x0000723b3d93dc00 0x0000000e6f97ac00 0 0 0 0 1 2 0 56827 688
0x0000723b3d93dc80 0x0000000e6f97ac80 0 0 0 0 1 2 0 56827 696
0x0000723b3d93dd00 0x0000000e6f97ad00 0 1 0 0 1 2 0 56827 688
0x0000723b3d93dd80 0x0000000e6f97ad80 0 1 0 0 1 2 0 56827 696
0x0000723b3d93de00 0x0000000e6f97ae00 0 0 1 0 1 2 0 56827 688
0x0000723b3d93de80 0x0000000e6f97ae80 0 0 1 0 1 2 0 56827 696
0x0000723b3d93df00 0x0000000e6f97af00 0 1 1 0 1 2 0 56827 688
0x0000723b3d93df80 0x0000000e6f97af80 0 1 1 0 1 2 0 56827 696
0x0000723b3d93f000 0x0000000c061fa000 0 0 0 0 1 2 0 45271 640
0x0000723b3d93f080 0x0000000c061fa080 0 0 0 0 1 2 0 45271 648
0x0000723b3d93f100 0x0000000c061fa100 0 1 0 0 1 2 0 45271 640
0x0000723b3d93f180 0x0000000c061fa180 0 1 0 0 1 2 0 45271 648
0x0000723b3d93f200 0x0000000c061fa200 0 0 1 0 1 2 0 45271 640
0x0000723b3d93f280 0x0000000c061fa280 0 0 1 0 1 2 0 45271 648
0x0000723b3d93f300 0x0000000c061fa300 0 1 1 0 1 2 0 45271 640
0x0000723b3d93f380 0x0000000c061fa380 0 1 1 0 1 2 0 45271 648
0x0000723b3d93f400 0x0000000c061fa400 0 0 0 0 1 2 0 45271 656
0x0000723b3d93f480 0x0000000c061fa480 0 0 0 0 1 2 0 45271 664
0x0000723b3d93f500 0x0000000c061fa500 0 1 0 0 1 2 0 45271 656
0x0000723b3d93f580 0x0000000c061fa580 0 1 0 0 1 2 0 45271 664
0x0000723b3d93f600 0x0000000c061fa600 0 0 1 0 1 2 0 45271 656
0x0000723b3d93f680 0x0000000c061fa680 0 0 1 0 1 2 0 45271 664
0x0000723b3d93f700 0x0000000c061fa700 0 1 1 0 1 2 0 45271 656
0x0000723b3d93f780 0x0000000c061fa780 0 1 1 0 1 2 0 45271 664
0x0000723b3d93f800 0x0000000c061fa800 0 0 0 0 1 2 0 45271 672
0x0000723b3d93f880 0x0000000c061fa880 0 0 0 0 1 2 0 45271 680
0x0000723b3d93f900 0x0000000c061fa900 0 1 0 0 1 2 0 45271 672
0x0000723b3d93f980 0x0000000c061fa980 0 1 0 0 1 2 0 45271 680
0x0000723b3d93fa00 0x0000000c061faa00 0 0 1 0 1 2 0 45271 672
0x0000723b3d93fa80 0x0000000c061faa80 0 0 1 0 1 2 0 45271 680
0x0000723b3d93fb00 0x0000000c061fab00 0 1 1 0 1 2 0 45271 672
0x0000723b3d93fb80 0x0000000c061fab80 0 1 1 0 1 2 0 45271 680
0x0000723b3d93fc00 0x0000000c061fac00 0 0 0 0 1 2 0 45271 688
0x0000723b3d93fc80 0x0000000c061fac80 0 0 0 0 1 2 0 45271 696
0x0000723b3d93fd00 0x0000000c061fad00 0 1 0 0 1 2 0 45271 688
0x0000723b3d93fd80 0x0000000c061fad80 0 1 0 0 1 2 0 45271 696
0x0000723b3d93fe00 0x0000000c061fae00 0 0 1 0 1 2 0 45271 688
0x0000723b3d93fe80 0x0000000c061fae80 0 0 1 0 1 2 0 45271 696
0x0000723b3d93ff00 0x0000000c061faf00 0 1 1 0 1 2 0 45271 688
0x0000723b3d93ff80 0x0000000c061faf80 0 1 1 0 1 2 0 45271 696
0x0000723b3d949000 0x0000000263902000 0 0 0 0 0 2 0 7288 128
0x0000723b3d949080 0x0000000263902080 0 0 0 0 0 2 0 7288 136
0x0000723b3d949100 0x0000000263902100 0 1 0 0 0 2 0 7288 128
0x0000723b3d949180 0x0000000263902180 0 1 0 0 0 2 0 7288 136
0x0000723b3d949200 0x0000000263902200 0 0 1 0 0 2 0 7288 128
0x0000723b3d949280 0x0000000263902280 0 0 1 0 0 2 0 7288 136
0x0000723b3d949300 0x0000000263902300 0 1 1 0 0 2 0 7288 128
0x0000723b3d949380 0x0000000263902380 0 1 1 0 0 2 0 7288 136
0x0000723b3d949400 0x0000000263902400 0 0 0 0 0 2 0 7288 144
0x0000723b3d949480 0x0000000263902480 0 0 0 0 0 2 0 7288 152
0x0000723b3d949500 0x0000000263902500 0 1 0 0 0 2 0 7288 144
0x0000723b3d949580 0x0000000263902580 0 1 0 0 0 2 0 7288 152
0x0000723b3d949600 0x0000000263902600 0 0 1 0 0 2 0 7288 144
0x0000723b3d949680 0x0000000263902680 0 0 1 0 0 2 0 7288 152
0x0000723b3d949700 0x0000000263902700 0 1 1 0 0 2 0 7288 144
0x0000723b3d949780 0x0000000263902780 0 1 1 0 0 2 0 7288 152
0x0000723b3d949800 0x0000000263902800 0 0 0 0 0 2 0 7288 160
0x0000723b3d949880 0x0000000263902880 0 0 0 0 0 2 0 7288 168
0x0000723b3d949900 0x0000000263902900 0 1 0 0 0 2 0 7288 160
0x0000723b3d949980 0x0000000263902980 0 1 0 0 0 2 0 7288 168
0x0000723b3d949a00 0x0000000263902a00 0 0 1 0 0 2 0 7288 160
0x0000723b3d949a80 0x0000000263902a80 0 0 1 0 0 2 0 7288 168
0x0000723b3d949b00 0x0000000263902b00 0 1 1 0 0 2 0 7288 160
0x0000723b3d949b80 0x0000000263902b80 0 1 1 0 0 2 0 7288 168
0x0000723b3d949c00 0x0000000263902c00 0 0 0 0 0 2 0 7288 176
0x0000723b3d949c80 0x0000000263902c80 0 0 0 0 0 2 0 7288 184
0x0000723b3d949d00 0x0000000263902d00 0 1 0 0 0 2 0 7288 176
0x0000723b3d949d80 0x0000000263902d80 0 1 0 0 0 2 0 7288 184
0x0000723b3d949e00 0x0000000263902e00 0 0 1 0 0 2 0 7288 176
0x0000723b3d949e80 0x0000000263902e80 0 0 1 0 0 2 0 7288 184
0x0000723b3d949f00 0x0000000263902f00 0 1 1 0 0 2 0 7288 176
0x0000723b3d949f80 0x0000000263902f80 0 1 1 0 0 2 0 7288 184
0x0000723b3d95a000 0x0000000df1130000 0 0 0 0 0 2 0 56865 512
0x0000723b3d95a080 0x0000000df1130080 0 0 0 0 0 2 0 56865 520
0x0000723b3d95a100 0x0000000df1130100 0 1 0 0 0 2 0 56865 512
0x0000723b3d95a180 0x0000000df1130180 0 1 0 0 0 2 0 56865 520
0x0000723b3d95a200 0x0000000df1130200 0 0 1 0 0 2 0 56865 512
0x0000723b3d95a280 0x0000000df1130280 0 0 1 0 0 2 0 56865 520
0x0000723b3d95a300 0x0000000df1130300 0 1 1 0 0 2 0 56865 512
0x0000723b3d95a380 0x0000000df1130380 0 1 1 0 0 2 0 56865 520
0x0000723b3d95a400 0x0000000df1130400 0 0 0 0 0 2 0 56865 528
0x0000723b3d95a480 0x0000000df1130480 0 0 0 0 0 2 0 56865 536
0x0000723b3d95a500 0x0000000df1130500 0 1 0 0 0 2 0 56865 528
0x0000723b3d95a580 0x0000000df1130580 0 1 0 0 0 2 0 56865 536
0x0000723b3d95a600 0x0000000df1130600 0 0 1 0 0 2 0 56865 528
0x0000723b3d95a680 0x0000000df1130680 0 0 1 0 0 2 0 56865 536
0x0000723b3d95a700 0x0000000df1130700 0 1 1 0 0 2 0 56865 528
0x0000723b3d95a780 0x0000000df1130780 0 1 1 0 0 2 0 56865 536
0x0000723b3d95a800 0x0000000df1130800 0 0 0 0 0 2 0 56865 544
0x0000723b3d95a880 0x0000000df1130880 0 0 0 0 0 2 0 56865 552
0x0000723b3d95a900 0x0000000df1130900 0 1 0 0 0 2 0 56865 544
0x0000723b3d95a980 0x0000000df1130980 0 1 0 0 0 2 0 56865 552
0x0000723b3d95aa00 0x0000000df1130a00 0 0 1 0 0 2 0 56865 544
0x0000723b3d95aa80 0x0000000df1130a80 0 0 1 0 0 2 0 56865 552
0x0000723b3d95ab00 0x0000000df1130b00 0 1 1 0 0 2 0 56865 544
0x0000723b3d95ab80 0x0000000df1130b80 0 1 1 0 0 2 0 56865 552
0x0000723b3d95ac00 0x0000000df1130c00 0 0 0 0 0 2 0 56865 560
0x0000723b3d95ac80 0x0000000df1130c80 0 0 0 0 0 2 0 56865 568
0x0000723b3d95ad00 0x0000000df1130d00 0 1 0 0 0 2 0 56865 560
0x0000723b3d95ad80 0x0000000df1130d80 0 1 0 0 0 2 0 56865 568
0x0000723b3d95ae00 0x0000000df1130e00 0 0 1 0 0 2 0 56865 560
0x0000723b3d95ae80 0x0000000df1130e80 0 0 1 0 0 2 0 56865 568
0x0000723b3d95af00 0x0000000df1130f00 0 1 1 0 0 2 0 56865 560
0x0000723b3d95af80 0x0000000df1130f80 0 1 1 0 0 2 0 56865 568
0x0000723b3d961000 0x0000000857923000 0 0 0 0 0 2 0 31481 192
0x0000723b3d961080 0x0000000857923080 0 0 0 0 0 2 0 31481 200
0x0000723b3d961100 0x0000000857923100 0 1 0 0 0 2 0 31481 192
0x0000723b3d961180 0x0000000857923180 0 1 0 0 0 2 0 31481 200
0x0000723b3d961200 0x0000000857923200 0 0 1 0 0 2 0 31481 192
0x0000723b3d961280 0x0000000857923280 0 0 1 0 0 2 0 31481 200
0x0000723b3d961300 0x0000000857923300 0 1 1 0 0 2 0 31481 192
0x0000723b3d961380 0x0000000857923380 0 1 1 0 0 2 0 31481 200
0x0000723b3d961400 0x0000000857923400 0 0 0 0 0 2 0 31481 208
0x0000723b3d961480 0x0000000857923480 0 0 0 0 0 2 0 31481 216
0x0000723b3d961500 0x0000000857923500 0 1 0 0 0 2 0 31481 208
0x0000723b3d961580 0x0000000857923580 0 1 0 0 0 2 0 31481 216
0x0000723b3d961600 0x0000000857923600 0 0 1 0 0 2 0 31481 208
0x0000723b3d961680 0x0000000857923680 0 0 1 0 0 2 0 31481 216
0x0000723b3d961700 0x0000000857923700 0 1 1 0 0 2 0 31481 208
0x0000723b3d961780 0x0000000857923780 0 1 1 0 0 2 0 31481 216
0x0000723b3d961800 0x0000000857923800 0 0 0 0 0 2 0 31481 224
0x0000723b3d961880 0x0000000857923880 0 0 0 0 0 2 0 31481 232
0x0000723b3d961900 0x0000000857923900 0 1 0 0 0 2 0 31481 224
0x0000723b3d961980 0x0000000857923980 0 1 0 0 0 2 0 31481 232
0x0000723b3d961a00 0x0000000857923a00 0 0 1 0 0 2 0 31481 224
0x0000723b3d961a80 0x0000000857923a80 0 0 1 0 0 2 0 31481 232
0x0000723b3d961b00 0x0000000857923b00 0 1 1 0 0 2 0 31481 224
0x0000723b3d961b80 0x0000000857923b80 0 1 1 0 0 2 0 31481 232
0x0000723b3d961c00 0x0000000857923c00 0 0 0 0 0 2 0 31481 240
0x0000723b3d961c80 0x0000000857923c80 0 0 0 0 0 2 0 31481 248
0x0000723b3d961d00 0x0000000857923d00 0 1 0 0 0 2 0 31481 240
0x0000723b3d961d80 0x0000000857923d80 0 1 0 0 0 2 0 31481 248
0x0000723b3d961e00 0x0000000857923e00 0 0 1 0 0 2 0 31481 240
0x0000723b3d961e80 0x0000000857923e80 0 0 1 0 0 2 0 31481 248
0x0000723b3d961f00 0x0000000857923f00 0 1 1 0 0 2 0 31481 240
0x0000723b3d961f80 0x0000000857923f80 0 1 1 0 0 2 0 31481 248
0x0000723b3d965000 0x000000066395a000 0 0 0 0 1 2 0 23674 640
0x0000723b3d965080 0x000000066395a080 0 0 0 0 1 2 0 23674 648
0x0000723b3d965100 0x000000066395a100 0 1 0 0 1 2 0 23674 640
0x0000723b3d965180 0x000000066395a180 0 1 0 0 1 2 0 23674 648
0x0000723b3d965200 0x000000066395a200 0 0 1 0 1 2 0 23674 640
0x0000723b3d965280 0x000000066395a280 0 0 1 0 1 2 0 23674 648
0x0000723b3d965300 0x000000066395a300 0 1 1 0 1 2 0 23674 640
0x0000723b3d965380 0x000000066395a380 0 1 1 0 1 2 0 23674 648
0x0000723b3d965400 0x000000066395a400 0 0 0 0 1 2 0 23674 656
0x0000723b3d965480 0x000000066395a480 0 0 0 0 1 2 0 23674 664
0x0000723b3d965500 0x000000066395a500 0 1 0 0 1 2 0 23674 656
0x0000723b3d965580 0x000000066395a580 0 1 0 0 1 2 0 23674 664
0x0000723b3d965600 0x000000066395a600 0 0 1 0 1 2 0 23674 656
0x0000723b3d965680 0x000000066395a680 0 0 1 0 1 2 0 23674 664
0x0000723b3d965700 0x000000066395a700 0 1 1 0 1 2 0 23674 656
0x0000723b3d965780 0x000000066395a780 0 1 1 0 1 2 0 23674 664
0x0000723b3d965800 0x000000066395a800 0 0 0 0 1 2 0 23674 672
0x0000723b3d965880 0x000000066395a880 0 0 0 0 1 2 0 23674 680
0x0000723b3d965900 0x000000066395a900 0 1 0 0 1 2 0 23674 672
0x0000723b3d965980 0x000000066395a980 0 1 0 0 1 2 0 23674 680
0x0000723b3d965a00 0x000000066395aa00 0 0 1 0 1 2 0 23674 672
0x0000723b3d965a80 0x000000066395aa80 0 0 1 0 1 2 0 23674 680
0x0000723b3d965b00 0x000000066395ab00 0 1 1 0 1 2 0 23674 672
0x0000723b3d965b80 0x000000066395ab80 0 1 1 0 1 2 0 23674 680
0x0000723b3d965c00 0x000000066395ac00 0 0 0 0 1 2 0 23674 688
0x0000723b3d965c80 0x000000066395ac80 0 0 0 0 1 2 0 23674 696
0x0000723b3d965d00 0x000000066395ad00 0 1 0 0 1 2 0 23674 688
0x0000723b3d965d80 0x000000066395ad80 0 1 0 0 1 2 0 23674 696
0x0000723b3d965e00 0x000000066395ae00 0 0 1 0 1 2 0 23674 688
0x0000723b3d965e80 0x000000066395ae80 0 0 1 0 1 2 0 23674 696
0x0000723b3d965f00 0x000000066395af00 0 1 1 0 1 2 0 23674 688
0x0000723b3d965f80 0x000000066395af80 0 1 1 0 1 2 0 23674 696
0x0000723b3d967000 0x0000000b471dd000 0 0 0 0 1 2 0 43254 832
0x0000723b3d967080 0x0000000b471dd080 0 0 0 0 1 2 0 43254 840
0x0000723b3d967100 0x0000000b471dd100 0 1 0 0 1 2 0 43254 832
0x0000723b3d967180 0x0000000b471dd180 0 1 0 0 1 2 0 43254 840
0x0000723b3d967200 0x0000000b471dd200 0 0 1 0 1 2 0 43254 832
0x0000723b3d967280 0x0000000b471dd280 0 0 1 0 1 2 0 43254 840
0x0000723b3d967300 0x0000000b471dd300 0 1 1 0 1 2 0 43254 832
0x0000723b3d967380 0x0000000b471dd380 0 1 1 0 1 2 0 43254 840
0x0000723b3d967400 0x0000000b471dd400 0 0 0 0 1 2 0 43254 848
0x0000723b3d967480 0x0000000b471dd480 0 0 0 0 1 2 0 43254 856
0x0000723b3d967500 0x0000000b471dd500 0 1 0 0 1 2 0 43254 848
0x0000723b3d967580 0x0000000b471dd580 0 1 0 0 1 2 0 43254 856
0x0000723b3d967600 0x0000000b471dd600 0 0 1 0 1 2 0 43254 848
0x0000723b3d967680 0x0000000b471dd680 0 0 1 0 1 2 0 43254 856
0x0000723b3d967700 0x0000000b471dd700 0 1 1 0 1 2 0 43254 848
0x0000723b3d967780 0x0000000b471dd780 0 1 1 0 1 2 0 43254 856
0x0000723b3d967800 0x0000000b471dd800 0 0 0 0 1 2 0 43254 864
0x0000723b3d967880 0x0000000b471dd880 0 0 0 0 1 2 0 43254 872
0x0000723b3d967900 0x0000000b471dd900 0 1 0 0 1 2 0 43254 864
0x0000723b3d967980 0x0000000b471dd980 0 1 0 0 1 2 0 43254 872
0x0000723b3d967a00 0x0000000b471dda00 0 0 1 0 1 2 0 43254 864
0x0000723b3d967a80 0x0000000b471dda80 0 0 1 0 1 2 0 43254 872
0x0000723b3d967b00 0x0000000b471ddb00 0 1 1 0 1 2 0 43254 864
0x0000723b3d967b80 0x0000000b471ddb80 0 1 1 0 1 2 0 43254 872
0x0000723b3d967c00 0x0000000b471ddc00 0 0 0 0 1 2 0 43254 880
0x0000723b3d967c80 0x0000000b471ddc80 0 0 0 0 1 2 0 43254 888
0x0000723b3d967d00 0x0000000b471ddd00 0 1 0 0 1 2 0 43254 880
0x0000723b3d967d80 0x0000000b471ddd80 0 1 0 0 1 2 0 43254 888
0x0000723b3d967e00 0x0000000b471dde00 0 0 1 0 1 2 0 43254 880
0x0000723b3d967e80 0x0000000b471dde80 0 0 1 0 1 2 0 43254 888
0x0000723b3d967f00 0x0000000b471ddf00 0 1 1 0 1 2 0 43254 880
0x0000723b3d967f80 0x0000000b471ddf80 0 1 1 0 1 2 0 43254 888
0x0000723b3d96a000 0x0000000c4f9c7000 0 0 0 0 0 2 0 47614 448
0x0000723b3d96a080 0x0000000c4f9c7080 0 0 0 0 0 2 0 47614 456
0x0000723b3d96a100 0x0000000c4f9c7100 0 1 0 0 0 2 0 47614 448
0x0000723b3d96a180 0x0000000c4f9c7180 0 1 0 0 0 2 0 47614 456
0x0000723b3d96a200 0x0000000c4f9c7200 0 0 1 0 0 2 0 47614 448
0x0000723b3d96a280 0x0000000c4f9c7280 0 0 1 0 0 2 0 47614 456
0x0000723b3d96a300 0x0000000c4f9c7300 0 1 1 0 0 2 0 47614 448
0x0000723b3d96a380 0x0000000c4f9c7380 0 1 1 0 0 2 0 47614 456
0x0000723b3d96a400 0x0000000c4f9c7400 0 0 0 0 0 2 0 47614 464
0x0000723b3d96a480 0x0000000c4f9c7480 0 0 0 0 0 2 0 47614 472
0x0000723b3d96a500 0x0000000c4f9c7500 0 1 0 0 0 2 0 47614 464
0x0000723b3d96a580 0x0000000c4f9c7580 0 1 0 0 0 2 0 47614 472
0x0000723b3d96a600 0x0000000c4f9c7600 0 0 1 0 0 2 0 47614 464
0x0000723b3d96a680 0x0000000c4f9c7680 0 0 1 0 0 2 0 47614 472
0x0000723b3d96a700 0x0000000c4f9c7700 0 1 1 0 0 2 0 47614 464
0x0000723b3d96a780 0x0000000c4f9c7780 0 1 1 0 0 2 0 47614 472
0x0000723b3d96a800 0x0000000c4f9c7800 0 0 0 0 0 2 0 47614 480
0x0000723b3d96a880 0x0000000c4f9c7880 0 0 0 0 0 2 0 47614 488
0x0000723b3d96a900 0x0000000c4f9c7900 0 1 0 0 0 2 0 47614 480
0x0000723b3d96a980 0x0000000c4f9c7980 0 1 0 0 0 2 0 47614 488
0x0000723b3d96aa00 0x0000000c4f9c7a00 0 0 1 0 0 2 0 47614 480
0x0000723b3d96aa80 0x0000000c4f9c7a80 0 0 1 0 0 2 0 47614 488
0x0000723b3d96ab00 0x0000000c4f9c7b00 0 1 1 0 0 2 0 47614 480
0x0000723b3d96ab80 0x0000000c4f9c7b80 0 1 1 0 0 2 0 47614 488
0x0000723b3d96ac00 0x0000000c4f9c7c00 0 0 0 0 0 2 0 47614 496
0x0000723b3d96ac80 0x0000000c4f9c7c80 0 0 0 0 0 2 0 47614 504
0x0000723b3d96ad00 0x0000000c4f9c7d00 0 1 0 0 0 2 0 47614 496
0x0000723b3d96ad80 0x0000000c4f9c7d80 0 1 0 0 0 2 0 47614 504
0x0000723b3d96ae00 0x0000000c4f9c7e00 0 0 1 0 0 2 0 47614 496
0x0000723b3d96ae80 0x0000000c4f9c7e80 0 0 1 0 0 2 0 47614 504
0x0000723b3d96af00 0x0000000c4f9c7f00 0 1 1 0 0 2 0 47614 496
0x0000723b3d96af80 0x0000000c4f9c7f80 0 1 1 0 0 2 0 47614 504
0x0000723b3d96e000 0x0000000c3e94b000 0 0 0 0 1 2 0 47066 192
0x0000723b3d96e080 0x0000000c3e94b080 0 0 0 0 1 2 0 47066 200
0x0000723b3d96e100 0x0000000c3e94b100 0 1 0 0 1 2 0 47066 192
0x0000723b3d96e180 0x0000000c3e94b180 0 1 0 0 1 2 0 47066 200
0x0000723b3d96e200 0x0000000c3e94b200 0 0 1 0 1 2 0 47066 192
0x0000723b3d96e280 0x0000000c3e94b280 0 0 1 0 1 2 0 47066 200
0x0000723b3d96e300 0x0000000c3e94b300 0 1 1 0 1 2 0 47066 192
0x0000723b3d96e380 0x0000000c3e94b380 0 1 1 0 1 2 0 47066 200
0x0000723b3d96e400 0x0000000c3e94b400 0 0 0 0 1 2 0 47066 208
0x0000723b3d96e480 0x0000000c3e94b480 0 0 0 0 1 2 0 47066 216
0x0000723b3d96e500 0x0000000c3e94b500 0 1 0 0 1 2 0 47066 208
0x0000723b3d96e580 0x0000000c3e94b580 0 1 0 0 1 2 0 47066 216
0x0000723b3d96e600 0x0000000c3e94b600 0 0 1 0 1 2 0 47066 208
0x0000723b3d96e680 0x0000000c3e94b680 0 0 1 0 1 2 0 47066 216
0x0000723b3d96e700 0x0000000c3e94b700 0 1 1 0 1 2 0 47066 208
0x0000723b3d96e780 0x0000000c3e94b780 0 1 1 0 1 2 0 47066 216
0x0000723b3d96e800 0x0000000c3e94b800 0 0 0 0 1 2 0 47066 224
0x0000723b3d96e880 0x0000000c3e94b880 0 0 0 0 1 2 0 47066 232
0x0000723b3d96e900 0x0000000c3e94b900 0 1 0 0 1 2 0 47066 224
0x0000723b3d96e980 0x0000000c3e94b980 0 1 0 0 1 2 0 47066 232
0x0000723b3d96ea00 0x0000000c3e94ba00 0 0 1 0 1 2 0 47066 224
0x0000723b3d96ea80 0x0000000c3e94ba80 0 0 1 0 1 2 0 47066 232
0x0000723b3d96eb00 0x0000000c3e94bb00 0 1 1 0 1 2 0 47066 224
0x0000723b3d96eb80 0x0000000c3e94bb80 0 1 1 0 1 2 0 47066 232
0x0000723b3d96ec00 0x0000000c3e94bc00 0 0 0 0 1 2 0 47066 240
0x0000723b3d96ec80 0x0000000c3e94bc80 0 0 0 0 1 2 0 47066 248
0x0000723b3d96ed00 0x0000000c3e94bd00 0 1 0 0 1 2 0 47066 240
0x0000723b3d96ed80 0x0000000c3e94bd80 0 1 0 0 1 2 0 47066 248
0x0000723b3d96ee00 0x0000000c3e94be00 0 0 1 0 1 2 0 47066 240
0x0000723b3d96ee80 0x0000000c3e94be80 0 0 1 0 1 2 0 47066 248
0x0000723b3d96ef00 0x0000000c3e94bf00 0 1 1 0 1 2 0 47066 240
0x0000723b3d96ef80 0x0000000c3e94bf80 0 1 1 0 1 2 0 47066 248
0x0000723b3d973000 0x0000000a6a1ff000 0 0 0 0 1 2 0 40279 960
0x0000723b3d973080 0x0000000a6a1ff080 0 0 0 0 1 2 0 40279 968
0x0000723b3d973100 0x0000000a6a1ff100 0 1 0 0 1 2 0 40279 960
0x0000723b3d973180 0x0000000a6a1ff180 0 1 0 0 1 2 0 40279 968
0x0000723b3d973200 0x0000000a6a1ff200 0 0 1 0 1 2 0 40279 960
0x0000723b3d973280 0x0000000a6a1ff280 0 0 1 0 1 2 0 40279 968
0x0000723b3d973300 0x0000000a6a1ff300 0 1 1 0 1 2 0 40279 960
0x0000723b3d973380 0x0000000a6a1ff380 0 1 1 0 1 2 0 40279 968
0x0000723b3d973400 0x0000000a6a1ff400 0 0 0 0 1 2 0 40279 976
0x0000723b3d973480 0x0000000a6a1ff480 0 0 0 0 1 2 0 40279 984
0x0000723b3d973500 0x0000000a6a1ff500 0 1 0 0 1 2 0 40279 976
0x0000723b3d973580 0x0000000a6a1ff580 0 1 0 0 1 2 0 40279 984
0x0000723b3d973600 0x0000000a6a1ff600 0 0 1 0 1 2 0 40279 976
0x0000723b3d973680 0x0000000a6a1ff680 0 0 1 0 1 2 0 40279 984
0x0000723b3d973700 0x0000000a6a1ff700 0 1 1 0 1 2 0 40279 976
0x0000723b3d973780 0x0000000a6a1ff780 0 1 1 0 1 2 0 40279 984
0x0000723b3d973800 0x0000000a6a1ff800 0 0 0 0 1 2 0 40279 992
0x0000723b3d973880 0x0000000a6a1ff880 0 0 0 0 1 2 0 40279 1000
0x0000723b3d973900 0x0000000a6a1ff900 0 1 0 0 1 2 0 40279 992
0x0000723b3d973980 0x0000000a6a1ff980 0 1 0 0 1 2 0 40279 1000
0x0000723b3d973a00 0x0000000a6a1ffa00 0 0 1 0 1 2 0 40279 992
0x0000723b3d973a80 0x0000000a6a1ffa80 0 0 1 0 1 2 0 40279 1000
0x0000723b3d973b00 0x0000000a6a1ffb00 0 1 1 0 1 2 0 40279 992
0x0000723b3d973b80 0x0000000a6a1ffb80 0 1 1 0 1 2 0 40279 1000
0x0000723b3d973c00 0x0000000a6a1ffc00 0 0 0 0 1 2 0 40279 1008
0x0000723b3d973c80 0x0000000a6a1ffc80 0 0 0 0 1 2 0 40279 1016
0x0000723b3d973d00 0x0000000a6a1ffd00 0 1 0 0 1 2 0 40279 1008
0x0000723b3d973d80 0x0000000a6a1ffd80 0 1 0 0 1 2 0 40279 1016
0x0000723b3d973e00 0x0000000a6a1ffe00 0 0 1 0 1 2 0 40279 1008
0x0000723b3d973e80 0x0000000a6a1ffe80 0 0 1 0 1 2 0 40279 1016
0x0000723b3d973f00 0x0000000a6a1fff00 0 1 1 0 1 2 0 40279 1008
0x0000723b3d973f80 0x0000000a6a1fff80 0 1 1 0 1 2 0 40279 1016
0x0000723b3d975000 0x0000003f7f16c000 1 0 0 0 1 2 0 126963 256
0x0000723b3d975080 0x0000003f7f16c080 1 0 0 0 1 2 0 126963 264
0x0000723b3d975100 0x0000003f7f16c100 1 1 0 0 1 2 0 126963 256
0x0000723b3d975180 0x0000003f7f16c180 1 1 0 0 1 2 0 126963 264
0x0000723b3d975200 0x0000003f7f16c200 1 0 1 0 1 2 0 126963 256
0x0000723b3d975280 0x0000003f7f16c280 1 0 1 0 1 2 0 126963 264
0x0000723b3d975300 0x0000003f7f16c300 1 1 1 0 1 2 0 126963 256
0x0000723b3d975380 0x0000003f7f16c380 1 1 1 0 1 2 0 126963 264
0x0000723b3d975400 0x0000003f7f16c400 1 0 0 0 1 2 0 126963 272
0x0000723b3d975480 0x0000003f7f16c480 1 0 0 0 1 2 0 126963 280
0x0000723b3d975500 0x0000003f7f16c500 1 1 0 0 1 2 0 126963 272
0x0000723b3d975580 0x0000003f7f16c580 1 1 0 0 1 2 0 126963 280
0x0000723b3d975600 0x0000003f7f16c600 1 0 1 0 1 2 0 126963 272
0x0000723b3d975680 0x0000003f7f16c680 1 0 1 0 1 2 0 126963 280
0x0000723b3d975700 0x0000003f7f16c700 1 1 1 0 1 2 0 126963 272
0x0000723b3d975780 0x0000003f7f16c780 1 1 1 0 1 2 0 126963 280
0x0000723b3d975800 0x0000003f7f16c800 1 0 0 0 1 2 0 126963 288
0x0000723b3d975880 0x0000003f7f16c880 1 0 0 0 1 2 0 126963 296
0x0000723b3d975900 0x0000003f7f16c900 1 1 0 0 1 2 0 126963 288
0x0000723b3d975980 0x0000003f7f16c980 1 1 0 0 1 2 0 126963 296
0x0000723b3d975a00 0x0000003f7f16ca00 1 0 1 0 1 2 0 126963 288
0x0000723b3d975a80 0x0000003f7f16ca80 1 0 1 0 1 2 0 126963 296
0x0000723b3d975b00 0x0000003f7f16cb00 1 1 1 0 1 2 0 126963 288
0x0000723b3d975b80 0x0000003f7f16cb80 1 1 1 0 1 2 0 126963 296
0x0000723b3d975c00 0x0000003f7f16cc00 1 0 0 0 1 2 0 126963 304
0x0000723b3d975c80 0x0000003f7f16cc80 1 0 0 0 1 2 0 126963 312
0x0000723b3d975d00 0x0000003f7f16cd00 1 1 0 0 1 2 0 126963 304
0x0000723b3d975d80 0x0000003f7f16cd80 1 1 0 0 1 2 0 126963 312
0x0000723b3d975e00 0x0000003f7f16ce00 1 0 1 0 1 2 0 126963 304
0x0000723b3d975e80 0x0000003f7f16ce80 1 0 1 0 1 2 0 126963 312
0x0000723b3d975f00 0x0000003f7f16cf00 1 1 1 0 1 2 0 126963 304
0x0000723b3d975f80 0x0000003f7f16cf80 1 1 1 0 1 2 0 126963 312
0x0000723b3d977000 0x0000000673142000 0 0 0 0 0 2 0 24178 128
0x0000723b3d977080 0x0000000673142080 0 0 0 0 0 2 0 24178 136
0x0000723b3d977100 0x0000000673142100 0 1 0 0 0 2 0 24178 128
0x0000723b3d977180 0x0000000673142180 0 1 0 0 0 2 0 24178 136
0x0000723b3d977200 0x0000000673142200 0 0 1 0 0 2 0 24178 128
0x0000723b3d977280 0x0000000673142280 0 0 1 0 0 2 0 24178 136
0x0000723b3d977300 0x0000000673142300 0 1 1 0 0 2 0 24178 128
0x0000723b3d977380 0x0000000673142380 0 1 1 0 0 2 0 24178 136
0x0000723b3d977400 0x0000000673142400 0 0 0 0 0 2 0 24178 144
0x0000723b3d977480 0x0000000673142480 0 0 0 0 0 2 0 24178 152
0x0000723b3d977500 0x0000000673142500 0 1 0 0 0 2 0 24178 144
0x0000723b3d977580 0x0000000673142580 0 1 0 0 0 2 0 24178 152
0x0000723b3d977600 0x0000000673142600 0 0 1 0 0 2 0 24178 144
0x0000723b3d977680 0x0000000673142680 0 0 1 0 0 2 0 24178 152
0x0000723b3d977700 0x0000000673142700 0 1 1 0 0 2 0 24178 144
0x0000723b3d977780 0x0000000673142780 0 1 1 0 0 2 0 24178 152
0x0000723b3d977800 0x0000000673142800 0 0 0 0 0 2 0 24178 160
0x0000723b3d977880 0x0000000673142880 0 0 0 0 0 2 0 24178 168
0x0000723b3d977900 0x0000000673142900 0 1 0 0 0 2 0 24178 160
0x0000723b3d977980 0x0000000673142980 0 1 0 0 0 2 0 24178 168
0x0000723b3d977a00 0x0000000673142a00 0 0 1 0 0 2 0 24178 160
0x0000723b3d977a80 0x0000000673142a80 0 0 1 0 0 2 0 24178 168
0x0000723b3d977b00 0x0000000673142b00 0 1 1 0 0 2 0 24178 160
0x0000723b3d977b80 0x0000000673142b80 0 1 1 0 0 2 0 24178 168
0x0000723b3d977c00 0x0000000673142c00 0 0 0 0 0 2 0 24178 176
0x0000723b3d977c80 0x0000000673142c80 0 0 0 0 0 2 0 24178 184
0x0000723b3d977d00 0x0000000673142d00 0 1 0 0 0 2 0 24178 176
0x0000723b3d977d80 0x0000000673142d80 0 1 0 0 0 2 0 24178 184
0x0000723b3d977e00 0x0000000673142e00 0 0 1 0 0 2 0 24178 176
0x0000723b3d977e80 0x0000000673142e80 0 0 1 0 0 2 0 24178 184
0x0000723b3d977f00 0x0000000673142f00 0 1 1 0 0 2 0 24178 176
0x0000723b3d977f80 0x0000000673142f80 0 1 1 0 0 2 0 24178 184
0x0000723b3d97c000 0x0000000ef314f000 0 0 0 0 1 2 0 61026 448
0x0000723b3d97c080 0x0000000ef314f080 0 0 0 0 1 2 0 61026 456
0x0000723b3d97c100 0x0000000ef314f100 0 1 0 0 1 2 0 61026 448
0x0000723b3d97c180 0x0000000ef314f180 0 1 0 0 1 2 0 61026 456
0x0000723b3d97c200 0x0000000ef314f200 0 0 1 0 1 2 0 61026 448
0x0000723b3d97c280 0x0000000ef314f280 0 0 1 0 1 2 0 61026 456
0x0000723b3d97c300 0x0000000ef314f300 0 1 1 0 1 2 0 61026 448
0x0000723b3d97c380 0x0000000ef314f380 0 1 1 0 1 2 0 61026 456
0x0000723b3d97c400 0x0000000ef314f400 0 0 0 0 1 2 0 61026 464
0x0000723b3d97c480 0x0000000ef314f480 0 0 0 0 1 2 0 61026 472
0x0000723b3d97c500 0x0000000ef314f500 0 1 0 0 1 2 0 61026 464
0x0000723b3d97c580 0x0000000ef314f580 0 1 0 0 1 2 0 61026 472
0x0000723b3d97c600 0x0000000ef314f600 0 0 1 0 1 2 0 61026 464
0x0000723b3d97c680 0x0000000ef314f680 0 0 1 0 1 2 0 61026 472
0x0000723b3d97c700 0x0000000ef314f700 0 1 1 0 1 2 0 61026 464
0x0000723b3d97c780 0x0000000ef314f780 0 1 1 0 1 2 0 61026 472
0x0000723b3d97c800 0x0000000ef314f800 0 0 0 0 1 2 0 61026 480
0x0000723b3d97c880 0x0000000ef314f880 0 0 0 0 1 2 0 61026 488
0x0000723b3d97c900 0x0000000ef314f900 0 1 0 0 1 2 0 61026 480
0x0000723b3d97c980 0x0000000ef314f980 0 1 0 0 1 2 0 61026 488
0x0000723b3d97ca00 0x0000000ef314fa00 0 0 1 0 1 2 0 61026 480
0x0000723b3d97ca80 0x0000000ef314fa80 0 0 1 0 1 2 0 61026 488
0x0000723b3d97cb00 0x0000000ef314fb00 0 1 1 0 1 2 0 61026 480
0x0000723b3d97cb80 0x0000000ef314fb80 0 1 1 0 1 2 0 61026 488
0x0000723b3d97cc00 0x0000000ef314fc00 0 0 0 0 1 2 0 61026 496
0x0000723b3d97cc80 0x0000000ef314fc80 0 0 0 0 1 2 0 61026 504
0x0000723b3d97cd00 0x0000000ef314fd00 0 1 0 0 1 2 0 61026 496
0x0000723b3d97cd80 0x0000000ef314fd80 0 1 0 0 1 2 0 61026 504
0x0000723b3d97ce00 0x0000000ef314fe00 0 0 1 0 1 2 0 61026 496
0x0000723b3d97ce80 0x0000000ef314fe80 0 0 1 0 1 2 0 61026 504
0x0000723b3d97cf00 0x0000000ef314ff00 0 1 1 0 1 2 0 61026 496
0x0000723b3d97cf80 0x0000000ef314ff80 0 1 1 0 1 2 0 61026 504
0x0000723b3d996000 0x0000000e36180000 0 0 0 0 0 2 0 54996 0
0x0000723b3d996080 0x0000000e36180080 0 0 0 0 0 2 0 54996 8
0x0000723b3d996100 0x0000000e36180100 0 1 0 0 0 2 0 54996 0
0x0000723b3d996180 0x0000000e36180180 0 1 0 0 0 2 0 54996 8
0x0000723b3d996200 0x0000000e36180200 0 0 1 0 0 2 0 54996 0
0x0000723b3d996280 0x0000000e36180280 0 0 1 0 0 2 0 54996 8
0x0000723b3d996300 0x0000000e36180300 0 1 1 0 0 2 0 54996 0
0x0000723b3d996380 0x0000000e36180380 0 1 1 0 0 2 0 54996 8
0x0000723b3d996400 0x0000000e36180400 0 0 0 0 0 2 0 54996 16
0x0000723b3d996480 0x0000000e36180480 0 0 0 0 0 2 0 54996 24
0x0000723b3d996500 0x0000000e36180500 0 1 0 0 0 2 0 54996 16
0x0000723b3d996580 0x0000000e36180580 0 1 0 0 0 2 0 54996 24
0x0000723b3d996600 0x0000000e36180600 0 0 1 0 0 2 0 54996 16
0x0000723b3d996680 0x0000000e36180680 0 0 1 0 0 2 0 54996 24
0x0000723b3d996700 0x0000000e36180700 0 1 1 0 0 2 0 54996 16
0x0000723b3d996780 0x0000000e36180780 0 1 1 0 0 2 0 54996 24
0x0000723b3d996800 0x0000000e36180800 0 0 0 0 0 2 0 54996 32
0x0000723b3d996880 0x0000000e36180880 0 0 0 0 0 2 0 54996 40
0x0000723b3d996900 0x0000000e36180900 0 1 0 0 0 2 0 54996 32
0x0000723b3d996980 0x0000000e36180980 0 1 0 0 0 2 0 54996 40
0x0000723b3d996a00 0x0000000e36180a00 0 0 1 0 0 2 0 54996 32
0x0000723b3d996a80 0x0000000e36180a80 0 0 1 0 0 2 0 54996 40
0x0000723b3d996b00 0x0000000e36180b00 0 1 1 0 0 2 0 54996 32
0x0000723b3d996b80 0x0000000e36180b80 0 1 1 0 0 2 0 54996 40
0x0000723b3d996c00 0x0000000e36180c00 0 0 0 0 0 2 0 54996 48
0x0000723b3d996c80 0x0000000e36180c80 0 0 0 0 0 2 0 54996 56
0x0000723b3d996d00 0x0000000e36180d00 0 1 0 0 0 2 0 54996 48
0x0000723b3d996d80 0x0000000e36180d80 0 1 0 0 0 2 0 54996 56
0x0000723b3d996e00 0x0000000e36180e00 0 0 1 0 0 2 0 54996 48
0x0000723b3d996e80 0x0000000e36180e80 0 0 1 0 0 2 0 54996 56
0x0000723b3d996f00 0x0000000e36180f00 0 1 1 0 0 2 0 54996 48
0x0000723b3d996f80 0x0000000e36180f80 0 1 1 0 0 2 0 54996 56
0x0000723b3d998000 0x0000000e36182000 0 0 0 0 0 2 0 54996 128
0x0000723b3d998080 0x0000000e36182080 0 0 0 0 0 2 0 54996 136
0x0000723b3d998100 0x0000000e36182100 0 1 0 0 0 2 0 54996 128
0x0000723b3d998180 0x0000000e36182180 0 1 0 0 0 2 0 54996 136
0x0000723b3d998200 0x0000000e36182200 0 0 1 0 0 2 0 54996 128
0x0000723b3d998280 0x0000000e36182280 0 0 1 0 0 2 0 54996 136
0x0000723b3d998300 0x0000000e36182300 0 1 1 0 0 2 0 54996 128
0x0000723b3d998380 0x0000000e36182380 0 1 1 0 0 2 0 54996 136
0x0000723b3d998400 0x0000000e36182400 0 0 0 0 0 2 0 54996 144
0x0000723b3d998480 0x0000000e36182480 0 0 0 0 0 2 0 54996 152
0x0000723b3d998500 0x0000000e36182500 0 1 0 0 0 2 0 54996 144
0x0000723b3d998580 0x0000000e36182580 0 1 0 0 0 2 0 54996 152
0x0000723b3d998600 0x0000000e36182600 0 0 1 0 0 2 0 54996 144
0x0000723b3d998680 0x0000000e36182680 0 0 1 0 0 2 0 54996 152
0x0000723b3d998700 0x0000000e36182700 0 1 1 0 0 2 0 54996 144
0x0000723b3d998780 0x0000000e36182780 0 1 1 0 0 2 0 54996 152
0x0000723b3d998800 0x0000000e36182800 0 0 0 0 0 2 0 54996 160
0x0000723b3d998880 0x0000000e36182880 0 0 0 0 0 2 0 54996 168
0x0000723b3d998900 0x0000000e36182900 0 1 0 0 0 2 0 54996 160
0x0000723b3d998980 0x0000000e36182980 0 1 0 0 0 2 0 54996 168
0x0000723b3d998a00 0x0000000e36182a00 0 0 1 0 0 2 0 54996 160
0x0000723b3d998a80 0x0000000e36182a80 0 0 1 0 0 2 0 54996 168
0x0000723b3d998b00 0x0000000e36182b00 0 1 1 0 0 2 0 54996 160
0x0000723b3d998b80 0x0000000e36182b80 0 1 1 0 0 2 0 54996 168
0x0000723b3d998c00 0x0000000e36182c00 0 0 0 0 0 2 0 54996 176
0x0000723b3d998c80 0x0000000e36182c80 0 0 0 0 0 2 0 54996 184
0x0000723b3d998d00 0x0000000e36182d00 0 1 0 0 0 2 0 54996 176
0x0000723b3d998d80 0x0000000e36182d80 0 1 0 0 0 2 0 54996 184
0x0000723b3d998e00 0x0000000e36182e00 0 0 1 0 0 2 0 54996 176
0x0000723b3d998e80 0x0000000e36182e80 0 0 1 0 0 2 0 54996 184
0x0000723b3d998f00 0x0000000e36182f00 0 1 1 0 0 2 0 54996 176
0x0000723b3d998f80 0x0000000e36182f80 0 1 1 0 0 2 0 54996 184
0x0000723b3d999000 0x0000000e36181000 0 0 0 0 0 2 0 54996 64
0x0000723b3d999080 0x0000000e36181080 0 0 0 0 0 2 0 54996 72
0x0000723b3d999100 0x0000000e36181100 0 1 0 0 0 2 0 54996 64
0x0000723b3d999180 0x0000000e36181180 0 1 0 0 0 2 0 54996 72
0x0000723b3d999200 0x0000000e36181200 0 0 1 0 0 2 0 54996 64
0x0000723b3d999280 0x0000000e36181280 0 0 1 0 0 2 0 54996 72
0x0000723b3d999300 0x0000000e36181300 0 1 1 0 0 2 0 54996 64
0x0000723b3d999380 0x0000000e36181380 0 1 1 0 0 2 0 54996 72
0x0000723b3d999400 0x0000000e36181400 0 0 0 0 0 2 0 54996 80
0x0000723b3d999480 0x0000000e36181480 0 0 0 0 0 2 0 54996 88
0x0000723b3d999500 0x0000000e36181500 0 1 0 0 0 2 0 54996 80
0x0000723b3d999580 0x0000000e36181580 0 1 0 0 0 2 0 54996 88
0x0000723b3d999600 0x0000000e36181600 0 0 1 0 0 2 0 54996 80
0x0000723b3d999680 0x0000000e36181680 0 0 1 0 0 2 0 54996 88
0x0000723b3d999700 0x0000000e36181700 0 1 1 0 0 2 0 54996 80
0x0000723b3d999780 0x0000000e36181780 0 1 1 0 0 2 0 54996 88
0x0000723b3d999800 0x0000000e36181800 0 0 0 0 0 2 0 54996 96
0x0000723b3d999880 0x0000000e36181880 0 0 0 0 0 2 0 54996 104
0x0000723b3d999900 0x0000000e36181900 0 1 0 0 0 2 0 54996 96
0x0000723b3d999980 0x0000000e36181980 0 1 0 0 0 2 0 54996 104
0x0000723b3d999a00 0x0000000e36181a00 0 0 1 0 0 2 0 54996 96
0x0000723b3d999a80 0x0000000e36181a80 0 0 1 0 0 2 0 54996 104
0x0000723b3d999b00 0x0000000e36181b00 0 1 1 0 0 2 0 54996 96
0x0000723b3d999b80 0x0000000e36181b80 0 1 1 0 0 2 0 54996 104
0x0000723b3d999c00 0x0000000e36181c00 0 0 0 0 0 2 0 54996 112
0x0000723b3d999c80 0x0000000e36181c80 0 0 0 0 0 2 0 54996 120
0x0000723b3d999d00 0x0000000e36181d00 0 1 0 0 0 2 0 54996 112
0x0000723b3d999d80 0x0000000e36181d80 0 1 0 0 0 2 0 54996 120
0x0000723b3d999e00 0x0000000e36181e00 0 0 1 0 0 2 0 54996 112
0x0000723b3d999e80 0x0000000e36181e80 0 0 1 0 0 2 0 54996 120
0x0000723b3d999f00 0x0000000e36181f00 0 1 1 0 0 2 0 54996 112
0x0000723b3d999f80 0x0000000e36181f80 0 1 1 0 0 2 0 54996 120
0x0000723b3d99a000 0x0000000a231b4000 0 0 0 0 0 2 0 38005 768
0x0000723b3d99a080 0x0000000a231b4080 0 0 0 0 0 2 0 38005 776
0x0000723b3d99a100 0x0000000a231b4100 0 1 0 0 0 2 0 38005 768
0x0000723b3d99a180 0x0000000a231b4180 0 1 0 0 0 2 0 38005 776
0x0000723b3d99a200 0x0000000a231b4200 0 0 1 0 0 2 0 38005 768
0x0000723b3d99a280 0x0000000a231b4280 0 0 1 0 0 2 0 38005 776
0x0000723b3d99a300 0x0000000a231b4300 0 1 1 0 0 2 0 38005 768
0x0000723b3d99a380 0x0000000a231b4380 0 1 1 0 0 2 0 38005 776
0x0000723b3d99a400 0x0000000a231b4400 0 0 0 0 0 2 0 38005 784
0x0000723b3d99a480 0x0000000a231b4480 0 0 0 0 0 2 0 38005 792
0x0000723b3d99a500 0x0000000a231b4500 0 1 0 0 0 2 0 38005 784
0x0000723b3d99a580 0x0000000a231b4580 0 1 0 0 0 2 0 38005 792
0x0000723b3d99a600 0x0000000a231b4600 0 0 1 0 0 2 0 38005 784
0x0000723b3d99a680 0x0000000a231b4680 0 0 1 0 0 2 0 38005 792
0x0000723b3d99a700 0x0000000a231b4700 0 1 1 0 0 2 0 38005 784
0x0000723b3d99a780 0x0000000a231b4780 0 1 1 0 0 2 0 38005 792
0x0000723b3d99a800 0x0000000a231b4800 0 0 0 0 0 2 0 38005 800
0x0000723b3d99a880 0x0000000a231b4880 0 0 0 0 0 2 0 38005 808
0x0000723b3d99a900 0x0000000a231b4900 0 1 0 0 0 2 0 38005 800
0x0000723b3d99a980 0x0000000a231b4980 0 1 0 0 0 2 0 38005 808
0x0000723b3d99aa00 0x0000000a231b4a00 0 0 1 0 0 2 0 38005 800
0x0000723b3d99aa80 0x0000000a231b4a80 0 0 1 0 0 2 0 38005 808
0x0000723b3d99ab00 0x0000000a231b4b00 0 1 1 0 0 2 0 38005 800
0x0000723b3d99ab80 0x0000000a231b4b80 0 1 1 0 0 2 0 38005 808
0x0000723b3d99ac00 0x0000000a231b4c00 0 0 0 0 0 2 0 38005 816
0x0000723b3d99ac80 0x0000000a231b4c80 0 0 0 0 0 2 0 38005 824
0x0000723b3d99ad00 0x0000000a231b4d00 0 1 0 0 0 2 0 38005 816
0x0000723b3d99ad80 0x0000000a231b4d80 0 1 0 0 0 2 0 38005 824
0x0000723b3d99ae00 0x0000000a231b4e00 0 0 1 0 0 2 0 38005 816
0x0000723b3d99ae80 0x0000000a231b4e80 0 0 1 0 0 2 0 38005 824
0x0000723b3d99af00 0x0000000a231b4f00 0 1 1 0 0 2 0 38005 816
0x0000723b3d99af80 0x0000000a231b4f80 0 1 1 0 0 2 0 38005 824
0x0000723b3d99b000 0x0000000e36183000 0 0 0 0 0 2 0 54996 192
0x0000723b3d99b080 0x0000000e36183080 0 0 0 0 0 2 0 54996 200
0x0000723b3d99b100 0x0000000e36183100 0 1 0 0 0 2 0 54996 192
0x0000723b3d99b180 0x0000000e36183180 0 1 0 0 0 2 0 54996 200
0x0000723b3d99b200 0x0000000e36183200 0 0 1 0 0 2 0 54996 192
0x0000723b3d99b280 0x0000000e36183280 0 0 1 0 0 2 0 54996 200
0x0000723b3d99b300 0x0000000e36183300 0 1 1 0 0 2 0 54996 192
0x0000723b3d99b380 0x0000000e36183380 0 1 1 0 0 2 0 54996 200
0x0000723b3d99b400 0x0000000e36183400 0 0 0 0 0 2 0 54996 208
0x0000723b3d99b480 0x0000000e36183480 0 0 0 0 0 2 0 54996 216
0x0000723b3d99b500 0x0000000e36183500 0 1 0 0 0 2 0 54996 208
0x0000723b3d99b580 0x0000000e36183580 0 1 0 0 0 2 0 54996 216
0x0000723b3d99b600 0x0000000e36183600 0 0 1 0 0 2 0 54996 208
0x0000723b3d99b680 0x0000000e36183680 0 0 1 0 0 2 0 54996 216
0x0000723b3d99b700 0x0000000e36183700 0 1 1 0 0 2 0 54996 208
0x0000723b3d99b780 0x0000000e36183780 0 1 1 0 0 2 0 54996 216
0x0000723b3d99b800 0x0000000e36183800 0 0 0 0 0 2 0 54996 224
0x0000723b3d99b880 0x0000000e36183880 0 0 0 0 0 2 0 54996 232
0x0000723b3d99b900 0x0000000e36183900 0 1 0 0 0 2 0 54996 224
0x0000723b3d99b980 0x0000000e36183980 0 1 0 0 0 2 0 54996 232
0x0000723b3d99ba00 0x0000000e36183a00 0 0 1 0 0 2 0 54996 224
0x0000723b3d99ba80 0x0000000e36183a80 0 0 1 0 0 2 0 54996 232
0x0000723b3d99bb00 0x0000000e36183b00 0 1 1 0 0 2 0 54996 224
0x0000723b3d99bb80 0x0000000e36183b80 0 1 1 0 0 2 0 54996 232
0x0000723b3d99bc00 0x0000000e36183c00 0 0 0 0 0 2 0 54996 240
0x0000723b3d99bc80 0x0000000e36183c80 0 0 0 0 0 2 0 54996 248
0x0000723b3d99bd00 0x0000000e36183d00 0 1 0 0 0 2 0 54996 240
0x0000723b3d99bd80 0x0000000e36183d80 0 1 0 0 0 2 0 54996 248
0x0000723b3d99be00 0x0000000e36183e00 0 0 1 0 0 2 0 54996 240
0x0000723b3d99be80 0x0000000e36183e80 0 0 1 0 0 2 0 54996 248
0x0000723b3d99bf00 0x0000000e36183f00 0 1 1 0 0 2 0 54996 240
0x0000723b3d99bf80 0x0000000e36183f80 0 1 1 0 0 2 0 54996 248
0x0000723b3d99c000 0x0000000a231b6000 0 0 0 0 0 2 0 38005 896
0x0000723b3d99c080 0x0000000a231b6080 0 0 0 0 0 2 0 38005 904
0x0000723b3d99c100 0x0000000a231b6100 0 1 0 0 0 2 0 38005 896
0x0000723b3d99c180 0x0000000a231b6180 0 1 0 0 0 2 0 38005 904
0x0000723b3d99c200 0x0000000a231b6200 0 0 1 0 0 2 0 38005 896
0x0000723b3d99c280 0x0000000a231b6280 0 0 1 0 0 2 0 38005 904
0x0000723b3d99c300 0x0000000a231b6300 0 1 1 0 0 2 0 38005 896
0x0000723b3d99c380 0x0000000a231b6380 0 1 1 0 0 2 0 38005 904
0x0000723b3d99c400 0x0000000a231b6400 0 0 0 0 0 2 0 38005 912
0x0000723b3d99c480 0x0000000a231b6480 0 0 0 0 0 2 0 38005 920
0x0000723b3d99c500 0x0000000a231b6500 0 1 0 0 0 2 0 38005 912
0x0000723b3d99c580 0x0000000a231b6580 0 1 0 0 0 2 0 38005 920
0x0000723b3d99c600 0x0000000a231b6600 0 0 1 0 0 2 0 38005 912
0x0000723b3d99c680 0x0000000a231b6680 0 0 1 0 0 2 0 38005 920
0x0000723b3d99c700 0x0000000a231b6700 0 1 1 0 0 2 0 38005 912
0x0000723b3d99c780 0x0000000a231b6780 0 1 1 0 0 2 0 38005 920
0x0000723b3d99c800 0x0000000a231b6800 0 0 0 0 0 2 0 38005 928
0x0000723b3d99c880 0x0000000a231b6880 0 0 0 0 0 2 0 38005 936
0x0000723b3d99c900 0x0000000a231b6900 0 1 0 0 0 2 0 38005 928
0x0000723b3d99c980 0x0000000a231b6980 0 1 0 0 0 2 0 38005 936
0x0000723b3d99ca00 0x0000000a231b6a00 0 0 1 0 0 2 0 38005 928
0x0000723b3d99ca80 0x0000000a231b6a80 0 0 1 0 0 2 0 38005 936
0x0000723b3d99cb00 0x0000000a231b6b00 0 1 1 0 0 2 0 38005 928
0x0000723b3d99cb80 0x0000000a231b6b80 0 1 1 0 0 2 0 38005 936
0x0000723b3d99cc00 0x0000000a231b6c00 0 0 0 0 0 2 0 38005 944
0x0000723b3d99cc80 0x0000000a231b6c80 0 0 0 0 0 2 0 38005 952
0x0000723b3d99cd00 0x0000000a231b6d00 0 1 0 0 0 2 0 38005 944
0x0000723b3d99cd80 0x0000000a231b6d80 0 1 0 0 0 2 0 38005 952
0x0000723b3d99ce00 0x0000000a231b6e00 0 0 1 0 0 2 0 38005 944
0x0000723b3d99ce80 0x0000000a231b6e80 0 0 1 0 0 2 0 38005 952
0x0000723b3d99cf00 0x0000000a231b6f00 0 1 1 0 0 2 0 38005 944
0x0000723b3d99cf80 0x0000000a231b6f80 0 1 1 0 0 2 0 38005 952
0x0000723b3d99d000 0x0000000a231b5000 0 0 0 0 0 2 0 38005 832
0x0000723b3d99d080 0x0000000a231b5080 0 0 0 0 0 2 0 38005 840
0x0000723b3d99d100 0x0000000a231b5100 0 1 0 0 0 2 0 38005 832
0x0000723b3d99d180 0x0000000a231b5180 0 1 0 0 0 2 0 38005 840
0x0000723b3d99d200 0x0000000a231b5200 0 0 1 0 0 2 0 38005 832
0x0000723b3d99d280 0x0000000a231b5280 0 0 1 0 0 2 0 38005 840
0x0000723b3d99d300 0x0000000a231b5300 0 1 1 0 0 2 0 38005 832
0x0000723b3d99d380 0x0000000a231b5380 0 1 1 0 0 2 0 38005 840
0x0000723b3d99d400 0x0000000a231b5400 0 0 0 0 0 2 0 38005 848
0x0000723b3d99d480 0x0000000a231b5480 0 0 0 0 0 2 0 38005 856
0x0000723b3d99d500 0x0000000a231b5500 0 1 0 0 0 2 0 38005 848
0x0000723b3d99d580 0x0000000a231b5580 0 1 0 0 0 2 0 38005 856
0x0000723b3d99d600 0x0000000a231b5600 0 0 1 0 0 2 0 38005 848
0x0000723b3d99d680 0x0000000a231b5680 0 0 1 0 0 2 0 38005 856
0x0000723b3d99d700 0x0000000a231b5700 0 1 1 0 0 2 0 38005 848
0x0000723b3d99d780 0x0000000a231b5780 0 1 1 0 0 2 0 38005 856
0x0000723b3d99d800 0x0000000a231b5800 0 0 0 0 0 2 0 38005 864
0x0000723b3d99d880 0x0000000a231b5880 0 0 0 0 0 2 0 38005 872
0x0000723b3d99d900 0x0000000a231b5900 0 1 0 0 0 2 0 38005 864
0x0000723b3d99d980 0x0000000a231b5980 0 1 0 0 0 2 0 38005 872
0x0000723b3d99da00 0x0000000a231b5a00 0 0 1 0 0 2 0 38005 864
0x0000723b3d99da80 0x0000000a231b5a80 0 0 1 0 0 2 0 38005 872
0x0000723b3d99db00 0x0000000a231b5b00 0 1 1 0 0 2 0 38005 864
0x0000723b3d99db80 0x0000000a231b5b80 0 1 1 0 0 2 0 38005 872
0x0000723b3d99dc00 0x0000000a231b5c00 0 0 0 0 0 2 0 38005 880
0x0000723b3d99dc80 0x0000000a231b5c80 0 0 0 0 0 2 0 38005 888
0x0000723b3d99dd00 0x0000000a231b5d00 0 1 0 0 0 2 0 38005 880
0x0000723b3d99dd80 0x0000000a231b5d80 0 1 0 0 0 2 0 38005 888
0x0000723b3d99de00 0x0000000a231b5e00 0 0 1 0 0 2 0 38005 880
0x0000723b3d99de80 0x0000000a231b5e80 0 0 1 0 0 2 0 38005 888
0x0000723b3d99df00 0x0000000a231b5f00 0 1 1 0 0 2 0 38005 880
0x0000723b3d99df80 0x0000000a231b5f80 0 1 1 0 0 2 0 38005 888
0x0000723b3d99f000 0x0000000a231b7000 0 0 0 0 0 2 0 38005 960
0x0000723b3d99f080 0x0000000a231b7080 0 0 0 0 0 2 0 38005 968
0x0000723b3d99f100 0x0000000a231b7100 0 1 0 0 0 2 0 38005 960
0x0000723b3d99f180 0x0000000a231b7180 0 1 0 0 0 2 0 38005 968
0x0000723b3d99f200 0x0000000a231b7200 0 0 1 0 0 2 0 38005 960
0x0000723b3d99f280 0x0000000a231b7280 0 0 1 0 0 2 0 38005 968
0x0000723b3d99f300 0x0000000a231b7300 0 1 1 0 0 2 0 38005 960
0x0000723b3d99f380 0x0000000a231b7380 0 1 1 0 0 2 0 38005 968
0x0000723b3d99f400 0x0000000a231b7400 0 0 0 0 0 2 0 38005 976
0x0000723b3d99f480 0x0000000a231b7480 0 0 0 0 0 2 0 38005 984
0x0000723b3d99f500 0x0000000a231b7500 0 1 0 0 0 2 0 38005 976
0x0000723b3d99f580 0x0000000a231b7580 0 1 0 0 0 2 0 38005 984
0x0000723b3d99f600 0x0000000a231b7600 0 0 1 0 0 2 0 38005 976
0x0000723b3d99f680 0x0000000a231b7680 0 0 1 0 0 2 0 38005 984
0x0000723b3d99f700 0x0000000a231b7700 0 1 1 0 0 2 0 38005 976
0x0000723b3d99f780 0x0000000a231b7780 0 1 1 0 0 2 0 38005 984
0x0000723b3d99f800 0x0000000a231b7800 0 0 0 0 0 2 0 38005 992
0x0000723b3d99f880 0x0000000a231b7880 0 0 0 0 0 2 0 38005 1000
0x0000723b3d99f900 0x0000000a231b7900 0 1 0 0 0 2 0 38005 992
0x0000723b3d99f980 0x0000000a231b7980 0 1 0 0 0 2 0 38005 1000
0x0000723b3d99fa00 0x0000000a231b7a00 0 0 1 0 0 2 0 38005 992
0x0000723b3d99fa80 0x0000000a231b7a80 0 0 1 0 0 2 0 38005 1000
0x0000723b3d99fb00 0x0000000a231b7b00 0 1 1 0 0 2 0 38005 992
0x0000723b3d99fb80 0x0000000a231b7b80 0 1 1 0 0 2 0 38005 1000
0x0000723b3d99fc00 0x0000000a231b7c00 0 0 0 0 0 2 0 38005 1008
0x0000723b3d99fc80 0x0000000a231b7c80 0 0 0 0 0 2 0 38005 1016
0x0000723b3d99fd00 0x0000000a231b7d00 0 1 0 0 0 2 0 38005 1008
0x0000723b3d99fd80 0x0000000a231b7d80 0 1 0 0 0 2 0 38005 1016
0x0000723b3d99fe00 0x0000000a231b7e00 0 0 1 0 0 2 0 38005 1008
0x0000723b3d99fe80 0x0000000a231b7e80 0 0 1 0 0 2 0 38005 1016
0x0000723b3d99ff00 0x0000000a231b7f00 0 1 1 0 0 2 0 38005 1008
0x0000723b3d99ff80 0x0000000a231b7f80 0 1 1 0 0 2 0 38005 1016
0x0000723b3d9a2000 0x0000000d751c4000 0 0 0 0 0 2 0 52918 256
0x0000723b3d9a2080 0x0000000d751c4080 0 0 0 0 0 2 0 52918 264
0x0000723b3d9a2100 0x0000000d751c4100 0 1 0 0 0 2 0 52918 256
0x0000723b3d9a2180 0x0000000d751c4180 0 1 0 0 0 2 0 52918 264
0x0000723b3d9a2200 0x0000000d751c4200 0 0 1 0 0 2 0 52918 256
0x0000723b3d9a2280 0x0000000d751c4280 0 0 1 0 0 2 0 52918 264
0x0000723b3d9a2300 0x0000000d751c4300 0 1 1 0 0 2 0 52918 256
0x0000723b3d9a2380 0x0000000d751c4380 0 1 1 0 0 2 0 52918 264
0x0000723b3d9a2400 0x0000000d751c4400 0 0 0 0 0 2 0 52918 272
0x0000723b3d9a2480 0x0000000d751c4480 0 0 0 0 0 2 0 52918 280
0x0000723b3d9a2500 0x0000000d751c4500 0 1 0 0 0 2 0 52918 272
0x0000723b3d9a2580 0x0000000d751c4580 0 1 0 0 0 2 0 52918 280
0x0000723b3d9a2600 0x0000000d751c4600 0 0 1 0 0 2 0 52918 272
0x0000723b3d9a2680 0x0000000d751c4680 0 0 1 0 0 2 0 52918 280
0x0000723b3d9a2700 0x0000000d751c4700 0 1 1 0 0 2 0 52918 272
0x0000723b3d9a2780 0x0000000d751c4780 0 1 1 0 0 2 0 52918 280
0x0000723b3d9a2800 0x0000000d751c4800 0 0 0 0 0 2 0 52918 288
0x0000723b3d9a2880 0x0000000d751c4880 0 0 0 0 0 2 0 52918 296
0x0000723b3d9a2900 0x0000000d751c4900 0 1 0 0 0 2 0 52918 288
0x0000723b3d9a2980 0x0000000d751c4980 0 1 0 0 0 2 0 52918 296
0x0000723b3d9a2a00 0x0000000d751c4a00 0 0 1 0 0 2 0 52918 288
0x0000723b3d9a2a80 0x0000000d751c4a80 0 0 1 0 0 2 0 52918 296
0x0000723b3d9a2b00 0x0000000d751c4b00 0 1 1 0 0 2 0 52918 288
0x0000723b3d9a2b80 0x0000000d751c4b80 0 1 1 0 0 2 0 52918 296
0x0000723b3d9a2c00 0x0000000d751c4c00 0 0 0 0 0 2 0 52918 304
0x0000723b3d9a2c80 0x0000000d751c4c80 0 0 0 0 0 2 0 52918 312
0x0000723b3d9a2d00 0x0000000d751c4d00 0 1 0 0 0 2 0 52918 304
0x0000723b3d9a2d80 0x0000000d751c4d80 0 1 0 0 0 2 0 52918 312
0x0000723b3d9a2e00 0x0000000d751c4e00 0 0 1 0 0 2 0 52918 304
0x0000723b3d9a2e80 0x0000000d751c4e80 0 0 1 0 0 2 0 52918 312
0x0000723b3d9a2f00 0x0000000d751c4f00 0 1 1 0 0 2 0 52918 304
0x0000723b3d9a2f80 0x0000000d751c4f80 0 1 1 0 0 2 0 52918 312
0x0000723b3d9a4000 0x0000000d751c6000 0 0 0 0 0 2 0 52918 384
0x0000723b3d9a4080 0x0000000d751c6080 0 0 0 0 0 2 0 52918 392
0x0000723b3d9a4100 0x0000000d751c6100 0 1 0 0 0 2 0 52918 384
0x0000723b3d9a4180 0x0000000d751c6180 0 1 0 0 0 2 0 52918 392
0x0000723b3d9a4200 0x0000000d751c6200 0 0 1 0 0 2 0 52918 384
0x0000723b3d9a4280 0x0000000d751c6280 0 0 1 0 0 2 0 52918 392
0x0000723b3d9a4300 0x0000000d751c6300 0 1 1 0 0 2 0 52918 384
0x0000723b3d9a4380 0x0000000d751c6380 0 1 1 0 0 2 0 52918 392
0x0000723b3d9a4400 0x0000000d751c6400 0 0 0 0 0 2 0 52918 400
0x0000723b3d9a4480 0x0000000d751c6480 0 0 0 0 0 2 0 52918 408
0x0000723b3d9a4500 0x0000000d751c6500 0 1 0 0 0 2 0 52918 400
0x0000723b3d9a4580 0x0000000d751c6580 0 1 0 0 0 2 0 52918 408
0x0000723b3d9a4600 0x0000000d751c6600 0 0 1 0 0 2 0 52918 400
0x0000723b3d9a4680 0x0000000d751c6680 0 0 1 0 0 2 0 52918 408
0x0000723b3d9a4700 0x0000000d751c6700 0 1 1 0 0 2 0 52918 400
0x0000723b3d9a4780 0x0000000d751c6780 0 1 1 0 0 2 0 52918 408
0x0000723b3d9a4800 0x0000000d751c6800 0 0 0 0 0 2 0 52918 416
0x0000723b3d9a4880 0x0000000d751c6880 0 0 0 0 0 2 0 52918 424
0x0000723b3d9a4900 0x0000000d751c6900 0 1 0 0 0 2 0 52918 416
0x0000723b3d9a4980 0x0000000d751c6980 0 1 0 0 0 2 0 52918 424
0x0000723b3d9a4a00 0x0000000d751c6a00 0 0 1 0 0 2 0 52918 416
0x0000723b3d9a4a80 0x0000000d751c6a80 0 0 1 0 0 2 0 52918 424
0x0000723b3d9a4b00 0x0000000d751c6b00 0 1 1 0 0 2 0 52918 416
0x0000723b3d9a4b80 0x0000000d751c6b80 0 1 1 0 0 2 0 52918 424
0x0000723b3d9a4c00 0x0000000d751c6c00 0 0 0 0 0 2 0 52918 432
0x0000723b3d9a4c80 0x0000000d751c6c80 0 0 0 0 0 2 0 52918 440
0x0000723b3d9a4d00 0x0000000d751c6d00 0 1 0 0 0 2 0 52918 432
0x0000723b3d9a4d80 0x0000000d751c6d80 0 1 0 0 0 2 0 52918 440
0x0000723b3d9a4e00 0x0000000d751c6e00 0 0 1 0 0 2 0 52918 432
0x0000723b3d9a4e80 0x0000000d751c6e80 0 0 1 0 0 2 0 52918 440
0x0000723b3d9a4f00 0x0000000d751c6f00 0 1 1 0 0 2 0 52918 432
0x0000723b3d9a4f80 0x0000000d751c6f80 0 1 1 0 0 2 0 52918 440
0x0000723b3d9a5000 0x0000000d751c5000 0 0 0 0 0 2 0 52918 320
0x0000723b3d9a5080 0x0000000d751c5080 0 0 0 0 0 2 0 52918 328
0x0000723b3d9a5100 0x0000000d751c5100 0 1 0 0 0 2 0 52918 320
0x0000723b3d9a5180 0x0000000d751c5180 0 1 0 0 0 2 0 52918 328
0x0000723b3d9a5200 0x0000000d751c5200 0 0 1 0 0 2 0 52918 320
0x0000723b3d9a5280 0x0000000d751c5280 0 0 1 0 0 2 0 52918 328
0x0000723b3d9a5300 0x0000000d751c5300 0 1 1 0 0 2 0 52918 320
0x0000723b3d9a5380 0x0000000d751c5380 0 1 1 0 0 2 0 52918 328
0x0000723b3d9a5400 0x0000000d751c5400 0 0 0 0 0 2 0 52918 336
0x0000723b3d9a5480 0x0000000d751c5480 0 0 0 0 0 2 0 52918 344
0x0000723b3d9a5500 0x0000000d751c5500 0 1 0 0 0 2 0 52918 336
0x0000723b3d9a5580 0x0000000d751c5580 0 1 0 0 0 2 0 52918 344
0x0000723b3d9a5600 0x0000000d751c5600 0 0 1 0 0 2 0 52918 336
0x0000723b3d9a5680 0x0000000d751c5680 0 0 1 0 0 2 0 52918 344
0x0000723b3d9a5700 0x0000000d751c5700 0 1 1 0 0 2 0 52918 336
0x0000723b3d9a5780 0x0000000d751c5780 0 1 1 0 0 2 0 52918 344
0x0000723b3d9a5800 0x0000000d751c5800 0 0 0 0 0 2 0 52918 352
0x0000723b3d9a5880 0x0000000d751c5880 0 0 0 0 0 2 0 52918 360
0x0000723b3d9a5900 0x0000000d751c5900 0 1 0 0 0 2 0 52918 352
0x0000723b3d9a5980 0x0000000d751c5980 0 1 0 0 0 2 0 52918 360
0x0000723b3d9a5a00 0x0000000d751c5a00 0 0 1 0 0 2 0 52918 352
0x0000723b3d9a5a80 0x0000000d751c5a80 0 0 1 0 0 2 0 52918 360
0x0000723b3d9a5b00 0x0000000d751c5b00 0 1 1 0 0 2 0 52918 352
0x0000723b3d9a5b80 0x0000000d751c5b80 0 1 1 0 0 2 0 52918 360
0x0000723b3d9a5c00 0x0000000d751c5c00 0 0 0 0 0 2 0 52918 368
0x0000723b3d9a5c80 0x0000000d751c5c80 0 0 0 0 0 2 0 52918 376
0x0000723b3d9a5d00 0x0000000d751c5d00 0 1 0 0 0 2 0 52918 368
0x0000723b3d9a5d80 0x0000000d751c5d80 0 1 0 0 0 2 0 52918 376
0x0000723b3d9a5e00 0x0000000d751c5e00 0 0 1 0 0 2 0 52918 368
0x0000723b3d9a5e80 0x0000000d751c5e80 0 0 1 0 0 2 0 52918 376
0x0000723b3d9a5f00 0x0000000d751c5f00 0 1 1 0 0 2 0 52918 368
0x0000723b3d9a5f80 0x0000000d751c5f80 0 1 1 0 0 2 0 52918 376
0x0000723b3d9a7000 0x0000000d751c7000 0 0 0 0 0 2 0 52918 448
0x0000723b3d9a7080 0x0000000d751c7080 0 0 0 0 0 2 0 52918 456
0x0000723b3d9a7100 0x0000000d751c7100 0 1 0 0 0 2 0 52918 448
0x0000723b3d9a7180 0x0000000d751c7180 0 1 0 0 0 2 0 52918 456
0x0000723b3d9a7200 0x0000000d751c7200 0 0 1 0 0 2 0 52918 448
0x0000723b3d9a7280 0x0000000d751c7280 0 0 1 0 0 2 0 52918 456
0x0000723b3d9a7300 0x0000000d751c7300 0 1 1 0 0 2 0 52918 448
0x0000723b3d9a7380 0x0000000d751c7380 0 1 1 0 0 2 0 52918 456
0x0000723b3d9a7400 0x0000000d751c7400 0 0 0 0 0 2 0 52918 464
0x0000723b3d9a7480 0x0000000d751c7480 0 0 0 0 0 2 0 52918 472
0x0000723b3d9a7500 0x0000000d751c7500 0 1 0 0 0 2 0 52918 464
0x0000723b3d9a7580 0x0000000d751c7580 0 1 0 0 0 2 0 52918 472
0x0000723b3d9a7600 0x0000000d751c7600 0 0 1 0 0 2 0 52918 464
0x0000723b3d9a7680 0x0000000d751c7680 0 0 1 0 0 2 0 52918 472
0x0000723b3d9a7700 0x0000000d751c7700 0 1 1 0 0 2 0 52918 464
0x0000723b3d9a7780 0x0000000d751c7780 0 1 1 0 0 2 0 52918 472
0x0000723b3d9a7800 0x0000000d751c7800 0 0 0 0 0 2 0 52918 480
0x0000723b3d9a7880 0x0000000d751c7880 0 0 0 0 0 2 0 52918 488
0x0000723b3d9a7900 0x0000000d751c7900 0 1 0 0 0 2 0 52918 480
0x0000723b3d9a7980 0x0000000d751c7980 0 1 0 0 0 2 0 52918 488
0x0000723b3d9a7a00 0x0000000d751c7a00 0 0 1 0 0 2 0 52918 480
0x0000723b3d9a7a80 0x0000000d751c7a80 0 0 1 0 0 2 0 52918 488
0x0000723b3d9a7b00 0x0000000d751c7b00 0 1 1 0 0 2 0 52918 480
0x0000723b3d9a7b80 0x0000000d751c7b80 0 1 1 0 0 2 0 52918 488
0x0000723b3d9a7c00 0x0000000d751c7c00 0 0 0 0 0 2 0 52918 496
0x0000723b3d9a7c80 0x0000000d751c7c80 0 0 0 0 0 2 0 52918 504
0x0000723b3d9a7d00 0x0000000d751c7d00 0 1 0 0 0 2 0 52918 496
0x0000723b3d9a7d80 0x0000000d751c7d80 0 1 0 0 0 2 0 52918 504
0x0000723b3d9a7e00 0x0000000d751c7e00 0 0 1 0 0 2 0 52918 496
0x0000723b3d9a7e80 0x0000000d751c7e80 0 0 1 0 0 2 0 52918 504
0x0000723b3d9a7f00 0x0000000d751c7f00 0 1 1 0 0 2 0 52918 496
0x0000723b3d9a7f80 0x0000000d751c7f80 0 1 1 0 0 2 0 52918 504
0x0000723b3d9b2000 0x000000068f944000 0 0 0 0 0 2 0 25066 256
0x0000723b3d9b2080 0x000000068f944080 0 0 0 0 0 2 0 25066 264
0x0000723b3d9b2100 0x000000068f944100 0 1 0 0 0 2 0 25066 256
0x0000723b3d9b2180 0x000000068f944180 0 1 0 0 0 2 0 25066 264
0x0000723b3d9b2200 0x000000068f944200 0 0 1 0 0 2 0 25066 256
0x0000723b3d9b2280 0x000000068f944280 0 0 1 0 0 2 0 25066 264
0x0000723b3d9b2300 0x000000068f944300 0 1 1 0 0 2 0 25066 256
0x0000723b3d9b2380 0x000000068f944380 0 1 1 0 0 2 0 25066 264
0x0000723b3d9b2400 0x000000068f944400 0 0 0 0 0 2 0 25066 272
0x0000723b3d9b2480 0x000000068f944480 0 0 0 0 0 2 0 25066 280
0x0000723b3d9b2500 0x000000068f944500 0 1 0 0 0 2 0 25066 272
0x0000723b3d9b2580 0x000000068f944580 0 1 0 0 0 2 0 25066 280
0x0000723b3d9b2600 0x000000068f944600 0 0 1 0 0 2 0 25066 272
0x0000723b3d9b2680 0x000000068f944680 0 0 1 0 0 2 0 25066 280
0x0000723b3d9b2700 0x000000068f944700 0 1 1 0 0 2 0 25066 272
0x0000723b3d9b2780 0x000000068f944780 0 1 1 0 0 2 0 25066 280
0x0000723b3d9b2800 0x000000068f944800 0 0 0 0 0 2 0 25066 288
0x0000723b3d9b2880 0x000000068f944880 0 0 0 0 0 2 0 25066 296
0x0000723b3d9b2900 0x000000068f944900 0 1 0 0 0 2 0 25066 288
0x0000723b3d9b2980 0x000000068f944980 0 1 0 0 0 2 0 25066 296
0x0000723b3d9b2a00 0x000000068f944a00 0 0 1 0 0 2 0 25066 288
0x0000723b3d9b2a80 0x000000068f944a80 0 0 1 0 0 2 0 25066 296
0x0000723b3d9b2b00 0x000000068f944b00 0 1 1 0 0 2 0 25066 288
0x0000723b3d9b2b80 0x000000068f944b80 0 1 1 0 0 2 0 25066 296
0x0000723b3d9b2c00 0x000000068f944c00 0 0 0 0 0 2 0 25066 304
0x0000723b3d9b2c80 0x000000068f944c80 0 0 0 0 0 2 0 25066 312
0x0000723b3d9b2d00 0x000000068f944d00 0 1 0 0 0 2 0 25066 304
0x0000723b3d9b2d80 0x000000068f944d80 0 1 0 0 0 2 0 25066 312
0x0000723b3d9b2e00 0x000000068f944e00 0 0 1 0 0 2 0 25066 304
0x0000723b3d9b2e80 0x000000068f944e80 0 0 1 0 0 2 0 25066 312
0x0000723b3d9b2f00 0x000000068f944f00 0 1 1 0 0 2 0 25066 304
0x0000723b3d9b2f80 0x000000068f944f80 0 1 1 0 0 2 0 25066 312
0x0000723b3d9b4000 0x000000068f946000 0 0 0 0 0 2 0 25066 384
0x0000723b3d9b4080 0x000000068f946080 0 0 0 0 0 2 0 25066 392
0x0000723b3d9b4100 0x000000068f946100 0 1 0 0 0 2 0 25066 384
0x0000723b3d9b4180 0x000000068f946180 0 1 0 0 0 2 0 25066 392
0x0000723b3d9b4200 0x000000068f946200 0 0 1 0 0 2 0 25066 384
0x0000723b3d9b4280 0x000000068f946280 0 0 1 0 0 2 0 25066 392
0x0000723b3d9b4300 0x000000068f946300 0 1 1 0 0 2 0 25066 384
0x0000723b3d9b4380 0x000000068f946380 0 1 1 0 0 2 0 25066 392
0x0000723b3d9b4400 0x000000068f946400 0 0 0 0 0 2 0 25066 400
0x0000723b3d9b4480 0x000000068f946480 0 0 0 0 0 2 0 25066 408
0x0000723b3d9b4500 0x000000068f946500 0 1 0 0 0 2 0 25066 400
0x0000723b3d9b4580 0x000000068f946580 0 1 0 0 0 2 0 25066 408
0x0000723b3d9b4600 0x000000068f946600 0 0 1 0 0 2 0 25066 400
0x0000723b3d9b4680 0x000000068f946680 0 0 1 0 0 2 0 25066 408
0x0000723b3d9b4700 0x000000068f946700 0 1 1 0 0 2 0 25066 400
0x0000723b3d9b4780 0x000000068f946780 0 1 1 0 0 2 0 25066 408
0x0000723b3d9b4800 0x000000068f946800 0 0 0 0 0 2 0 25066 416
0x0000723b3d9b4880 0x000000068f946880 0 0 0 0 0 2 0 25066 424
0x0000723b3d9b4900 0x000000068f946900 0 1 0 0 0 2 0 25066 416
0x0000723b3d9b4980 0x000000068f946980 0 1 0 0 0 2 0 25066 424
0x0000723b3d9b4a00 0x000000068f946a00 0 0 1 0 0 2 0 25066 416
0x0000723b3d9b4a80 0x000000068f946a80 0 0 1 0 0 2 0 25066 424
0x0000723b3d9b4b00 0x000000068f946b00 0 1 1 0 0 2 0 25066 416
0x0000723b3d9b4b80 0x000000068f946b80 0 1 1 0 0 2 0 25066 424
0x0000723b3d9b4c00 0x000000068f946c00 0 0 0 0 0 2 0 25066 432
0x0000723b3d9b4c80 0x000000068f946c80 0 0 0 0 0 2 0 25066 440
0x0000723b3d9b4d00 0x000000068f946d00 0 1 0 0 0 2 0 25066 432
0x0000723b3d9b4d80 0x000000068f946d80 0 1 0 0 0 2 0 25066 440
0x0000723b3d9b4e00 0x000000068f946e00 0 0 1 0 0 2 0 25066 432
0x0000723b3d9b4e80 0x000000068f946e80 0 0 1 0 0 2 0 25066 440
0x0000723b3d9b4f00 0x000000068f946f00 0 1 1 0 0 2 0 25066 432
0x0000723b3d9b4f80 0x000000068f946f80 0 1 1 0 0 2 0 25066 440
0x0000723b3d9b5000 0x000000068f945000 0 0 0 0 0 2 0 25066 320
0x0000723b3d9b5080 0x000000068f945080 0 0 0 0 0 2 0 25066 328
0x0000723b3d9b5100 0x000000068f945100 0 1 0 0 0 2 0 25066 320
0x0000723b3d9b5180 0x000000068f945180 0 1 0 0 0 2 0 25066 328
0x0000723b3d9b5200 0x000000068f945200 0 0 1 0 0 2 0 25066 320
0x0000723b3d9b5280 0x000000068f945280 0 0 1 0 0 2 0 25066 328
0x0000723b3d9b5300 0x000000068f945300 0 1 1 0 0 2 0 25066 320
0x0000723b3d9b5380 0x000000068f945380 0 1 1 0 0 2 0 25066 328
0x0000723b3d9b5400 0x000000068f945400 0 0 0 0 0 2 0 25066 336
0x0000723b3d9b5480 0x000000068f945480 0 0 0 0 0 2 0 25066 344
0x0000723b3d9b5500 0x000000068f945500 0 1 0 0 0 2 0 25066 336
0x0000723b3d9b5580 0x000000068f945580 0 1 0 0 0 2 0 25066 344
0x0000723b3d9b5600 0x000000068f945600 0 0 1 0 0 2 0 25066 336
0x0000723b3d9b5680 0x000000068f945680 0 0 1 0 0 2 0 25066 344
0x0000723b3d9b5700 0x000000068f945700 0 1 1 0 0 2 0 25066 336
0x0000723b3d9b5780 0x000000068f945780 0 1 1 0 0 2 0 25066 344
0x0000723b3d9b5800 0x000000068f945800 0 0 0 0 0 2 0 25066 352
0x0000723b3d9b5880 0x000000068f945880 0 0 0 0 0 2 0 25066 360
0x0000723b3d9b5900 0x000000068f945900 0 1 0 0 0 2 0 25066 352
0x0000723b3d9b5980 0x000000068f945980 0 1 0 0 0 2 0 25066 360
0x0000723b3d9b5a00 0x000000068f945a00 0 0 1 0 0 2 0 25066 352
0x0000723b3d9b5a80 0x000000068f945a80 0 0 1 0 0 2 0 25066 360
0x0000723b3d9b5b00 0x000000068f945b00 0 1 1 0 0 2 0 25066 352
0x0000723b3d9b5b80 0x000000068f945b80 0 1 1 0 0 2 0 25066 360
0x0000723b3d9b5c00 0x000000068f945c00 0 0 0 0 0 2 0 25066 368
0x0000723b3d9b5c80 0x000000068f945c80 0 0 0 0 0 2 0 25066 376
0x0000723b3d9b5d00 0x000000068f945d00 0 1 0 0 0 2 0 25066 368
0x0000723b3d9b5d80 0x000000068f945d80 0 1 0 0 0 2 0 25066 376
0x0000723b3d9b5e00 0x000000068f945e00 0 0 1 0 0 2 0 25066 368
0x0000723b3d9b5e80 0x000000068f945e80 0 0 1 0 0 2 0 25066 376
0x0000723b3d9b5f00 0x000000068f945f00 0 1 1 0 0 2 0 25066 368
0x0000723b3d9b5f80 0x000000068f945f80 0 1 1 0 0 2 0 25066 376
0x0000723b3d9b7000 0x000000068f947000 0 0 0 0 0 2 0 25066 448
0x0000723b3d9b7080 0x000000068f947080 0 0 0 0 0 2 0 25066 456
0x0000723b3d9b7100 0x000000068f947100 0 1 0 0 0 2 0 25066 448
0x0000723b3d9b7180 0x000000068f947180 0 1 0 0 0 2 0 25066 456
0x0000723b3d9b7200 0x000000068f947200 0 0 1 0 0 2 0 25066 448
0x0000723b3d9b7280 0x000000068f947280 0 0 1 0 0 2 0 25066 456
0x0000723b3d9b7300 0x000000068f947300 0 1 1 0 0 2 0 25066 448
0x0000723b3d9b7380 0x000000068f947380 0 1 1 0 0 2 0 25066 456
0x0000723b3d9b7400 0x000000068f947400 0 0 0 0 0 2 0 25066 464
0x0000723b3d9b7480 0x000000068f947480 0 0 0 0 0 2 0 25066 472
0x0000723b3d9b7500 0x000000068f947500 0 1 0 0 0 2 0 25066 464
0x0000723b3d9b7580 0x000000068f947580 0 1 0 0 0 2 0 25066 472
0x0000723b3d9b7600 0x000000068f947600 0 0 1 0 0 2 0 25066 464
0x0000723b3d9b7680 0x000000068f947680 0 0 1 0 0 2 0 25066 472
0x0000723b3d9b7700 0x000000068f947700 0 1 1 0 0 2 0 25066 464
0x0000723b3d9b7780 0x000000068f947780 0 1 1 0 0 2 0 25066 472
0x0000723b3d9b7800 0x000000068f947800 0 0 0 0 0 2 0 25066 480
0x0000723b3d9b7880 0x000000068f947880 0 0 0 0 0 2 0 25066 488
0x0000723b3d9b7900 0x000000068f947900 0 1 0 0 0 2 0 25066 480
0x0000723b3d9b7980 0x000000068f947980 0 1 0 0 0 2 0 25066 488
0x0000723b3d9b7a00 0x000000068f947a00 0 0 1 0 0 2 0 25066 480
0x0000723b3d9b7a80 0x000000068f947a80 0 0 1 0 0 2 0 25066 488
0x0000723b3d9b7b00 0x000000068f947b00 0 1 1 0 0 2 0 25066 480
0x0000723b3d9b7b80 0x000000068f947b80 0 1 1 0 0 2 0 25066 488
0x0000723b3d9b7c00 0x000000068f947c00 0 0 0 0 0 2 0 25066 496
0x0000723b3d9b7c80 0x000000068f947c80 0 0 0 0 0 2 0 25066 504
0x0000723b3d9b7d00 0x000000068f947d00 0 1 0 0 0 2 0 25066 496
0x0000723b3d9b7d80 0x000000068f947d80 0 1 0 0 0 2 0 25066 504
0x0000723b3d9b7e00 0x000000068f947e00 0 0 1 0 0 2 0 25066 496
0x0000723b3d9b7e80 0x000000068f947e80 0 0 1 0 0 2 0 25066 504
0x0000723b3d9b7f00 0x000000068f947f00 0 1 1 0 0 2 0 25066 496
0x0000723b3d9b7f80 0x000000068f947f80 0 1 1 0 0 2 0 25066 504
0x0000723b3d9d4000 0x000000058f92d000 0 0 0 0 1 2 0 20969 320
0x0000723b3d9d4080 0x000000058f92d080 0 0 0 0 1 2 0 20969 328
0x0000723b3d9d4100 0x000000058f92d100 0 1 0 0 1 2 0 20969 320
0x0000723b3d9d4180 0x000000058f92d180 0 1 0 0 1 2 0 20969 328
0x0000723b3d9d4200 0x000000058f92d200 0 0 1 0 1 2 0 20969 320
0x0000723b3d9d4280 0x000000058f92d280 0 0 1 0 1 2 0 20969 328
0x0000723b3d9d4300 0x000000058f92d300 0 1 1 0 1 2 0 20969 320
0x0000723b3d9d4380 0x000000058f92d380 0 1 1 0 1 2 0 20969 328
0x0000723b3d9d4400 0x000000058f92d400 0 0 0 0 1 2 0 20969 336
0x0000723b3d9d4480 0x000000058f92d480 0 0 0 0 1 2 0 20969 344
0x0000723b3d9d4500 0x000000058f92d500 0 1 0 0 1 2 0 20969 336
0x0000723b3d9d4580 0x000000058f92d580 0 1 0 0 1 2 0 20969 344
0x0000723b3d9d4600 0x000000058f92d600 0 0 1 0 1 2 0 20969 336
0x0000723b3d9d4680 0x000000058f92d680 0 0 1 0 1 2 0 20969 344
0x0000723b3d9d4700 0x000000058f92d700 0 1 1 0 1 2 0 20969 336
0x0000723b3d9d4780 0x000000058f92d780 0 1 1 0 1 2 0 20969 344
0x0000723b3d9d4800 0x000000058f92d800 0 0 0 0 1 2 0 20969 352
0x0000723b3d9d4880 0x000000058f92d880 0 0 0 0 1 2 0 20969 360
0x0000723b3d9d4900 0x000000058f92d900 0 1 0 0 1 2 0 20969 352
0x0000723b3d9d4980 0x000000058f92d980 0 1 0 0 1 2 0 20969 360
0x0000723b3d9d4a00 0x000000058f92da00 0 0 1 0 1 2 0 20969 352
0x0000723b3d9d4a80 0x000000058f92da80 0 0 1 0 1 2 0 20969 360
0x0000723b3d9d4b00 0x000000058f92db00 0 1 1 0 1 2 0 20969 352
0x0000723b3d9d4b80 0x000000058f92db80 0 1 1 0 1 2 0 20969 360
0x0000723b3d9d4c00 0x000000058f92dc00 0 0 0 0 1 2 0 20969 368
0x0000723b3d9d4c80 0x000000058f92dc80 0 0 0 0 1 2 0 20969 376
0x0000723b3d9d4d00 0x000000058f92dd00 0 1 0 0 1 2 0 20969 368
0x0000723b3d9d4d80 0x000000058f92dd80 0 1 0 0 1 2 0 20969 376
0x0000723b3d9d4e00 0x000000058f92de00 0 0 1 0 1 2 0 20969 368
0x0000723b3d9d4e80 0x000000058f92de80 0 0 1 0 1 2 0 20969 376
0x0000723b3d9d4f00 0x000000058f92df00 0 1 1 0 1 2 0 20969 368
0x0000723b3d9d4f80 0x000000058f92df80 0 1 1 0 1 2 0 20969 376
0x0000723b3d9d5000 0x00000005c9123000 0 0 0 0 0 2 0 22817 192
0x0000723b3d9d5080 0x00000005c9123080 0 0 0 0 0 2 0 22817 200
0x0000723b3d9d5100 0x00000005c9123100 0 1 0 0 0 2 0 22817 192
0x0000723b3d9d5180 0x00000005c9123180 0 1 0 0 0 2 0 22817 200
0x0000723b3d9d5200 0x00000005c9123200 0 0 1 0 0 2 0 22817 192
0x0000723b3d9d5280 0x00000005c9123280 0 0 1 0 0 2 0 22817 200
0x0000723b3d9d5300 0x00000005c9123300 0 1 1 0 0 2 0 22817 192
0x0000723b3d9d5380 0x00000005c9123380 0 1 1 0 0 2 0 22817 200
0x0000723b3d9d5400 0x00000005c9123400 0 0 0 0 0 2 0 22817 208
0x0000723b3d9d5480 0x00000005c9123480 0 0 0 0 0 2 0 22817 216
0x0000723b3d9d5500 0x00000005c9123500 0 1 0 0 0 2 0 22817 208
0x0000723b3d9d5580 0x00000005c9123580 0 1 0 0 0 2 0 22817 216
0x0000723b3d9d5600 0x00000005c9123600 0 0 1 0 0 2 0 22817 208
0x0000723b3d9d5680 0x00000005c9123680 0 0 1 0 0 2 0 22817 216
0x0000723b3d9d5700 0x00000005c9123700 0 1 1 0 0 2 0 22817 208
0x0000723b3d9d5780 0x00000005c9123780 0 1 1 0 0 2 0 22817 216
0x0000723b3d9d5800 0x00000005c9123800 0 0 0 0 0 2 0 22817 224
0x0000723b3d9d5880 0x00000005c9123880 0 0 0 0 0 2 0 22817 232
0x0000723b3d9d5900 0x00000005c9123900 0 1 0 0 0 2 0 22817 224
0x0000723b3d9d5980 0x00000005c9123980 0 1 0 0 0 2 0 22817 232
0x0000723b3d9d5a00 0x00000005c9123a00 0 0 1 0 0 2 0 22817 224
0x0000723b3d9d5a80 0x00000005c9123a80 0 0 1 0 0 2 0 22817 232
0x0000723b3d9d5b00 0x00000005c9123b00 0 1 1 0 0 2 0 22817 224
0x0000723b3d9d5b80 0x00000005c9123b80 0 1 1 0 0 2 0 22817 232
0x0000723b3d9d5c00 0x00000005c9123c00 0 0 0 0 0 2 0 22817 240
0x0000723b3d9d5c80 0x00000005c9123c80 0 0 0 0 0 2 0 22817 248
0x0000723b3d9d5d00 0x00000005c9123d00 0 1 0 0 0 2 0 22817 240
0x0000723b3d9d5d80 0x00000005c9123d80 0 1 0 0 0 2 0 22817 248
0x0000723b3d9d5e00 0x00000005c9123e00 0 0 1 0 0 2 0 22817 240
0x0000723b3d9d5e80 0x00000005c9123e80 0 0 1 0 0 2 0 22817 248
0x0000723b3d9d5f00 0x00000005c9123f00 0 1 1 0 0 2 0 22817 240
0x0000723b3d9d5f80 0x00000005c9123f80 0 1 1 0 0 2 0 22817 248
0x0000723b3d9d8000 0x00000008f79d9000 0 0 0 0 1 2 0 36590 576
0x0000723b3d9d8080 0x00000008f79d9080 0 0 0 0 1 2 0 36590 584
0x0000723b3d9d8100 0x00000008f79d9100 0 1 0 0 1 2 0 36590 576
0x0000723b3d9d8180 0x00000008f79d9180 0 1 0 0 1 2 0 36590 584
0x0000723b3d9d8200 0x00000008f79d9200 0 0 1 0 1 2 0 36590 576
0x0000723b3d9d8280 0x00000008f79d9280 0 0 1 0 1 2 0 36590 584
0x0000723b3d9d8300 0x00000008f79d9300 0 1 1 0 1 2 0 36590 576
0x0000723b3d9d8380 0x00000008f79d9380 0 1 1 0 1 2 0 36590 584
0x0000723b3d9d8400 0x00000008f79d9400 0 0 0 0 1 2 0 36590 592
0x0000723b3d9d8480 0x00000008f79d9480 0 0 0 0 1 2 0 36590 600
0x0000723b3d9d8500 0x00000008f79d9500 0 1 0 0 1 2 0 36590 592
0x0000723b3d9d8580 0x00000008f79d9580 0 1 0 0 1 2 0 36590 600
0x0000723b3d9d8600 0x00000008f79d9600 0 0 1 0 1 2 0 36590 592
0x0000723b3d9d8680 0x00000008f79d9680 0 0 1 0 1 2 0 36590 600
0x0000723b3d9d8700 0x00000008f79d9700 0 1 1 0 1 2 0 36590 592
0x0000723b3d9d8780 0x00000008f79d9780 0 1 1 0 1 2 0 36590 600
0x0000723b3d9d8800 0x00000008f79d9800 0 0 0 0 1 2 0 36590 608
0x0000723b3d9d8880 0x00000008f79d9880 0 0 0 0 1 2 0 36590 616
0x0000723b3d9d8900 0x00000008f79d9900 0 1 0 0 1 2 0 36590 608
0x0000723b3d9d8980 0x00000008f79d9980 0 1 0 0 1 2 0 36590 616
0x0000723b3d9d8a00 0x00000008f79d9a00 0 0 1 0 1 2 0 36590 608
0x0000723b3d9d8a80 0x00000008f79d9a80 0 0 1 0 1 2 0 36590 616
0x0000723b3d9d8b00 0x00000008f79d9b00 0 1 1 0 1 2 0 36590 608
0x0000723b3d9d8b80 0x00000008f79d9b80 0 1 1 0 1 2 0 36590 616
0x0000723b3d9d8c00 0x00000008f79d9c00 0 0 0 0 1 2 0 36590 624
0x0000723b3d9d8c80 0x00000008f79d9c80 0 0 0 0 1 2 0 36590 632
0x0000723b3d9d8d00 0x00000008f79d9d00 0 1 0 0 1 2 0 36590 624
0x0000723b3d9d8d80 0x00000008f79d9d80 0 1 0 0 1 2 0 36590 632
0x0000723b3d9d8e00 0x00000008f79d9e00 0 0 1 0 1 2 0 36590 624
0x0000723b3d9d8e80 0x00000008f79d9e80 0 0 1 0 1 2 0 36590 632
0x0000723b3d9d8f00 0x00000008f79d9f00 0 1 1 0 1 2 0 36590 624
0x0000723b3d9d8f80 0x00000008f79d9f80 0 1 1 0 1 2 0 36590 632
0x0000723b3d9e3000 0x0000000ece964000 0 0 0 0 0 2 0 59851 256
0x0000723b3d9e3080 0x0000000ece964080 0 0 0 0 0 2 0 59851 264
0x0000723b3d9e3100 0x0000000ece964100 0 1 0 0 0 2 0 59851 256
0x0000723b3d9e3180 0x0000000ece964180 0 1 0 0 0 2 0 59851 264
0x0000723b3d9e3200 0x0000000ece964200 0 0 1 0 0 2 0 59851 256
0x0000723b3d9e3280 0x0000000ece964280 0 0 1 0 0 2 0 59851 264
0x0000723b3d9e3300 0x0000000ece964300 0 1 1 0 0 2 0 59851 256
0x0000723b3d9e3380 0x0000000ece964380 0 1 1 0 0 2 0 59851 264
0x0000723b3d9e3400 0x0000000ece964400 0 0 0 0 0 2 0 59851 272
0x0000723b3d9e3480 0x0000000ece964480 0 0 0 0 0 2 0 59851 280
0x0000723b3d9e3500 0x0000000ece964500 0 1 0 0 0 2 0 59851 272
0x0000723b3d9e3580 0x0000000ece964580 0 1 0 0 0 2 0 59851 280
0x0000723b3d9e3600 0x0000000ece964600 0 0 1 0 0 2 0 59851 272
0x0000723b3d9e3680 0x0000000ece964680 0 0 1 0 0 2 0 59851 280
0x0000723b3d9e3700 0x0000000ece964700 0 1 1 0 0 2 0 59851 272
0x0000723b3d9e3780 0x0000000ece964780 0 1 1 0 0 2 0 59851 280
0x0000723b3d9e3800 0x0000000ece964800 0 0 0 0 0 2 0 59851 288
0x0000723b3d9e3880 0x0000000ece964880 0 0 0 0 0 2 0 59851 296
0x0000723b3d9e3900 0x0000000ece964900 0 1 0 0 0 2 0 59851 288
0x0000723b3d9e3980 0x0000000ece964980 0 1 0 0 0 2 0 59851 296
0x0000723b3d9e3a00 0x0000000ece964a00 0 0 1 0 0 2 0 59851 288
0x0000723b3d9e3a80 0x0000000ece964a80 0 0 1 0 0 2 0 59851 296
0x0000723b3d9e3b00 0x0000000ece964b00 0 1 1 0 0 2 0 59851 288
0x0000723b3d9e3b80 0x0000000ece964b80 0 1 1 0 0 2 0 59851 296
0x0000723b3d9e3c00 0x0000000ece964c00 0 0 0 0 0 2 0 59851 304
0x0000723b3d9e3c80 0x0000000ece964c80 0 0 0 0 0 2 0 59851 312
0x0000723b3d9e3d00 0x0000000ece964d00 0 1 0 0 0 2 0 59851 304
0x0000723b3d9e3d80 0x0000000ece964d80 0 1 0 0 0 2 0 59851 312
0x0000723b3d9e3e00 0x0000000ece964e00 0 0 1 0 0 2 0 59851 304
0x0000723b3d9e3e80 0x0000000ece964e80 0 0 1 0 0 2 0 59851 312
0x0000723b3d9e3f00 0x0000000ece964f00 0 1 1 0 0 2 0 59851 304
0x0000723b3d9e3f80 0x0000000ece964f80 0 1 1 0 0 2 0 59851 312
0x0000723b3d9e4000 0x0000000b7e9cd000 0 0 0 0 1 2 0 45022 320
0x0000723b3d9e4080 0x0000000b7e9cd080 0 0 0 0 1 2 0 45022 328
0x0000723b3d9e4100 0x0000000b7e9cd100 0 1 0 0 1 2 0 45022 320
0x0000723b3d9e4180 0x0000000b7e9cd180 0 1 0 0 1 2 0 45022 328
0x0000723b3d9e4200 0x0000000b7e9cd200 0 0 1 0 1 2 0 45022 320
0x0000723b3d9e4280 0x0000000b7e9cd280 0 0 1 0 1 2 0 45022 328
0x0000723b3d9e4300 0x0000000b7e9cd300 0 1 1 0 1 2 0 45022 320
0x0000723b3d9e4380 0x0000000b7e9cd380 0 1 1 0 1 2 0 45022 328
0x0000723b3d9e4400 0x0000000b7e9cd400 0 0 0 0 1 2 0 45022 336
0x0000723b3d9e4480 0x0000000b7e9cd480 0 0 0 0 1 2 0 45022 344
0x0000723b3d9e4500 0x0000000b7e9cd500 0 1 0 0 1 2 0 45022 336
0x0000723b3d9e4580 0x0000000b7e9cd580 0 1 0 0 1 2 0 45022 344
0x0000723b3d9e4600 0x0000000b7e9cd600 0 0 1 0 1 2 0 45022 336
0x0000723b3d9e4680 0x0000000b7e9cd680 0 0 1 0 1 2 0 45022 344
0x0000723b3d9e4700 0x0000000b7e9cd700 0 1 1 0 1 2 0 45022 336
0x0000723b3d9e4780 0x0000000b7e9cd780 0 1 1 0 1 2 0 45022 344
0x0000723b3d9e4800 0x0000000b7e9cd800 0 0 0 0 1 2 0 45022 352
0x0000723b3d9e4880 0x0000000b7e9cd880 0 0 0 0 1 2 0 45022 360
0x0000723b3d9e4900 0x0000000b7e9cd900 0 1 0 0 1 2 0 45022 352
0x0000723b3d9e4980 0x0000000b7e9cd980 0 1 0 0 1 2 0 45022 360
0x0000723b3d9e4a00 0x0000000b7e9cda00 0 0 1 0 1 2 0 45022 352
0x0000723b3d9e4a80 0x0000000b7e9cda80 0 0 1 0 1 2 0 45022 360
0x0000723b3d9e4b00 0x0000000b7e9cdb00 0 1 1 0 1 2 0 45022 352
0x0000723b3d9e4b80 0x0000000b7e9cdb80 0 1 1 0 1 2 0 45022 360
0x0000723b3d9e4c00 0x0000000b7e9cdc00 0 0 0 0 1 2 0 45022 368
0x0000723b3d9e4c80 0x0000000b7e9cdc80 0 0 0 0 1 2 0 45022 376
0x0000723b3d9e4d00 0x0000000b7e9cdd00 0 1 0 0 1 2 0 45022 368
0x0000723b3d9e4d80 0x0000000b7e9cdd80 0 1 0 0 1 2 0 45022 376
0x0000723b3d9e4e00 0x0000000b7e9cde00 0 0 1 0 1 2 0 45022 368
0x0000723b3d9e4e80 0x0000000b7e9cde80 0 0 1 0 1 2 0 45022 376
0x0000723b3d9e4f00 0x0000000b7e9cdf00 0 1 1 0 1 2 0 45022 368
0x0000723b3d9e4f80 0x0000000b7e9cdf80 0 1 1 0 1 2 0 45022 376
0x0000723b3d9e7000 0x0000000b7e9ce000 0 0 0 0 1 2 0 45022 384
0x0000723b3d9e7080 0x0000000b7e9ce080 0 0 0 0 1 2 0 45022 392
0x0000723b3d9e7100 0x0000000b7e9ce100 0 1 0 0 1 2 0 45022 384
0x0000723b3d9e7180 0x0000000b7e9ce180 0 1 0 0 1 2 0 45022 392
0x0000723b3d9e7200 0x0000000b7e9ce200 0 0 1 0 1 2 0 45022 384
0x0000723b3d9e7280 0x0000000b7e9ce280 0 0 1 0 1 2 0 45022 392
0x0000723b3d9e7300 0x0000000b7e9ce300 0 1 1 0 1 2 0 45022 384
0x0000723b3d9e7380 0x0000000b7e9ce380 0 1 1 0 1 2 0 45022 392
0x0000723b3d9e7400 0x0000000b7e9ce400 0 0 0 0 1 2 0 45022 400
0x0000723b3d9e7480 0x0000000b7e9ce480 0 0 0 0 1 2 0 45022 408
0x0000723b3d9e7500 0x0000000b7e9ce500 0 1 0 0 1 2 0 45022 400
0x0000723b3d9e7580 0x0000000b7e9ce580 0 1 0 0 1 2 0 45022 408
0x0000723b3d9e7600 0x0000000b7e9ce600 0 0 1 0 1 2 0 45022 400
0x0000723b3d9e7680 0x0000000b7e9ce680 0 0 1 0 1 2 0 45022 408
0x0000723b3d9e7700 0x0000000b7e9ce700 0 1 1 0 1 2 0 45022 400
0x0000723b3d9e7780 0x0000000b7e9ce780 0 1 1 0 1 2 0 45022 408
0x0000723b3d9e7800 0x0000000b7e9ce800 0 0 0 0 1 2 0 45022 416
0x0000723b3d9e7880 0x0000000b7e9ce880 0 0 0 0 1 2 0 45022 424
0x0000723b3d9e7900 0x0000000b7e9ce900 0 1 0 0 1 2 0 45022 416
0x0000723b3d9e7980 0x0000000b7e9ce980 0 1 0 0 1 2 0 45022 424
0x0000723b3d9e7a00 0x0000000b7e9cea00 0 0 1 0 1 2 0 45022 416
0x0000723b3d9e7a80 0x0000000b7e9cea80 0 0 1 0 1 2 0 45022 424
0x0000723b3d9e7b00 0x0000000b7e9ceb00 0 1 1 0 1 2 0 45022 416
0x0000723b3d9e7b80 0x0000000b7e9ceb80 0 1 1 0 1 2 0 45022 424
0x0000723b3d9e7c00 0x0000000b7e9cec00 0 0 0 0 1 2 0 45022 432
0x0000723b3d9e7c80 0x0000000b7e9cec80 0 0 0 0 1 2 0 45022 440
0x0000723b3d9e7d00 0x0000000b7e9ced00 0 1 0 0 1 2 0 45022 432
0x0000723b3d9e7d80 0x0000000b7e9ced80 0 1 0 0 1 2 0 45022 440
0x0000723b3d9e7e00 0x0000000b7e9cee00 0 0 1 0 1 2 0 45022 432
0x0000723b3d9e7e80 0x0000000b7e9cee80 0 0 1 0 1 2 0 45022 440
0x0000723b3d9e7f00 0x0000000b7e9cef00 0 1 1 0 1 2 0 45022 432
0x0000723b3d9e7f80 0x0000000b7e9cef80 0 1 1 0 1 2 0 45022 440
0x0000723b3d9e8000 0x000000059793e000 0 0 0 0 1 2 0 21225 896
0x0000723b3d9e8080 0x000000059793e080 0 0 0 0 1 2 0 21225 904
0x0000723b3d9e8100 0x000000059793e100 0 1 0 0 1 2 0 21225 896
0x0000723b3d9e8180 0x000000059793e180 0 1 0 0 1 2 0 21225 904
0x0000723b3d9e8200 0x000000059793e200 0 0 1 0 1 2 0 21225 896
0x0000723b3d9e8280 0x000000059793e280 0 0 1 0 1 2 0 21225 904
0x0000723b3d9e8300 0x000000059793e300 0 1 1 0 1 2 0 21225 896
0x0000723b3d9e8380 0x000000059793e380 0 1 1 0 1 2 0 21225 904
0x0000723b3d9e8400 0x000000059793e400 0 0 0 0 1 2 0 21225 912
0x0000723b3d9e8480 0x000000059793e480 0 0 0 0 1 2 0 21225 920
0x0000723b3d9e8500 0x000000059793e500 0 1 0 0 1 2 0 21225 912
0x0000723b3d9e8580 0x000000059793e580 0 1 0 0 1 2 0 21225 920
0x0000723b3d9e8600 0x000000059793e600 0 0 1 0 1 2 0 21225 912
0x0000723b3d9e8680 0x000000059793e680 0 0 1 0 1 2 0 21225 920
0x0000723b3d9e8700 0x000000059793e700 0 1 1 0 1 2 0 21225 912
0x0000723b3d9e8780 0x000000059793e780 0 1 1 0 1 2 0 21225 920
0x0000723b3d9e8800 0x000000059793e800 0 0 0 0 1 2 0 21225 928
0x0000723b3d9e8880 0x000000059793e880 0 0 0 0 1 2 0 21225 936
0x0000723b3d9e8900 0x000000059793e900 0 1 0 0 1 2 0 21225 928
0x0000723b3d9e8980 0x000000059793e980 0 1 0 0 1 2 0 21225 936
0x0000723b3d9e8a00 0x000000059793ea00 0 0 1 0 1 2 0 21225 928
0x0000723b3d9e8a80 0x000000059793ea80 0 0 1 0 1 2 0 21225 936
0x0000723b3d9e8b00 0x000000059793eb00 0 1 1 0 1 2 0 21225 928
0x0000723b3d9e8b80 0x000000059793eb80 0 1 1 0 1 2 0 21225 936
0x0000723b3d9e8c00 0x000000059793ec00 0 0 0 0 1 2 0 21225 944
0x0000723b3d9e8c80 0x000000059793ec80 0 0 0 0 1 2 0 21225 952
0x0000723b3d9e8d00 0x000000059793ed00 0 1 0 0 1 2 0 21225 944
0x0000723b3d9e8d80 0x000000059793ed80 0 1 0 0 1 2 0 21225 952
0x0000723b3d9e8e00 0x000000059793ee00 0 0 1 0 1 2 0 21225 944
0x0000723b3d9e8e80 0x000000059793ee80 0 0 1 0 1 2 0 21225 952
0x0000723b3d9e8f00 0x000000059793ef00 0 1 1 0 1 2 0 21225 944
0x0000723b3d9e8f80 0x000000059793ef80 0 1 1 0 1 2 0 21225 952
0x0000723b3d9ec000 0x00000009dd1b0000 0 0 0 0 0 2 0 39845 512
0x0000723b3d9ec080 0x00000009dd1b0080 0 0 0 0 0 2 0 39845 520
0x0000723b3d9ec100 0x00000009dd1b0100 0 1 0 0 0 2 0 39845 512
0x0000723b3d9ec180 0x00000009dd1b0180 0 1 0 0 0 2 0 39845 520
0x0000723b3d9ec200 0x00000009dd1b0200 0 0 1 0 0 2 0 39845 512
0x0000723b3d9ec280 0x00000009dd1b0280 0 0 1 0 0 2 0 39845 520
0x0000723b3d9ec300 0x00000009dd1b0300 0 1 1 0 0 2 0 39845 512
0x0000723b3d9ec380 0x00000009dd1b0380 0 1 1 0 0 2 0 39845 520
0x0000723b3d9ec400 0x00000009dd1b0400 0 0 0 0 0 2 0 39845 528
0x0000723b3d9ec480 0x00000009dd1b0480 0 0 0 0 0 2 0 39845 536
0x0000723b3d9ec500 0x00000009dd1b0500 0 1 0 0 0 2 0 39845 528
0x0000723b3d9ec580 0x00000009dd1b0580 0 1 0 0 0 2 0 39845 536
0x0000723b3d9ec600 0x00000009dd1b0600 0 0 1 0 0 2 0 39845 528
0x0000723b3d9ec680 0x00000009dd1b0680 0 0 1 0 0 2 0 39845 536
0x0000723b3d9ec700 0x00000009dd1b0700 0 1 1 0 0 2 0 39845 528
0x0000723b3d9ec780 0x00000009dd1b0780 0 1 1 0 0 2 0 39845 536
0x0000723b3d9ec800 0x00000009dd1b0800 0 0 0 0 0 2 0 39845 544
0x0000723b3d9ec880 0x00000009dd1b0880 0 0 0 0 0 2 0 39845 552
0x0000723b3d9ec900 0x00000009dd1b0900 0 1 0 0 0 2 0 39845 544
0x0000723b3d9ec980 0x00000009dd1b0980 0 1 0 0 0 2 0 39845 552
0x0000723b3d9eca00 0x00000009dd1b0a00 0 0 1 0 0 2 0 39845 544
0x0000723b3d9eca80 0x00000009dd1b0a80 0 0 1 0 0 2 0 39845 552
0x0000723b3d9ecb00 0x00000009dd1b0b00 0 1 1 0 0 2 0 39845 544
0x0000723b3d9ecb80 0x00000009dd1b0b80 0 1 1 0 0 2 0 39845 552
0x0000723b3d9ecc00 0x00000009dd1b0c00 0 0 0 0 0 2 0 39845 560
0x0000723b3d9ecc80 0x00000009dd1b0c80 0 0 0 0 0 2 0 39845 568
0x0000723b3d9ecd00 0x00000009dd1b0d00 0 1 0 0 0 2 0 39845 560
0x0000723b3d9ecd80 0x00000009dd1b0d80 0 1 0 0 0 2 0 39845 568
0x0000723b3d9ece00 0x00000009dd1b0e00 0 0 1 0 0 2 0 39845 560
0x0000723b3d9ece80 0x00000009dd1b0e80 0 0 1 0 0 2 0 39845 568
0x0000723b3d9ecf00 0x00000009dd1b0f00 0 1 1 0 0 2 0 39845 560
0x0000723b3d9ecf80 0x00000009dd1b0f80 0 1 1 0 0 2 0 39845 568
0x0000723b3d9f1000 0x0000000dc3945000 0 0 0 0 0 2 0 55402 320
0x0000723b3d9f1080 0x0000000dc3945080 0 0 0 0 0 2 0 55402 328
0x0000723b3d9f1100 0x0000000dc3945100 0 1 0 0 0 2 0 55402 320
0x0000723b3d9f1180 0x0000000dc3945180 0 1 0 0 0 2 0 55402 328
0x0000723b3d9f1200 0x0000000dc3945200 0 0 1 0 0 2 0 55402 320
0x0000723b3d9f1280 0x0000000dc3945280 0 0 1 0 0 2 0 55402 328
0x0000723b3d9f1300 0x0000000dc3945300 0 1 1 0 0 2 0 55402 320
0x0000723b3d9f1380 0x0000000dc3945380 0 1 1 0 0 2 0 55402 328
0x0000723b3d9f1400 0x0000000dc3945400 0 0 0 0 0 2 0 55402 336
0x0000723b3d9f1480 0x0000000dc3945480 0 0 0 0 0 2 0 55402 344
0x0000723b3d9f1500 0x0000000dc3945500 0 1 0 0 0 2 0 55402 336
0x0000723b3d9f1580 0x0000000dc3945580 0 1 0 0 0 2 0 55402 344
0x0000723b3d9f1600 0x0000000dc3945600 0 0 1 0 0 2 0 55402 336
0x0000723b3d9f1680 0x0000000dc3945680 0 0 1 0 0 2 0 55402 344
0x0000723b3d9f1700 0x0000000dc3945700 0 1 1 0 0 2 0 55402 336
0x0000723b3d9f1780 0x0000000dc3945780 0 1 1 0 0 2 0 55402 344
0x0000723b3d9f1800 0x0000000dc3945800 0 0 0 0 0 2 0 55402 352
0x0000723b3d9f1880 0x0000000dc3945880 0 0 0 0 0 2 0 55402 360
0x0000723b3d9f1900 0x0000000dc3945900 0 1 0 0 0 2 0 55402 352
0x0000723b3d9f1980 0x0000000dc3945980 0 1 0 0 0 2 0 55402 360
0x0000723b3d9f1a00 0x0000000dc3945a00 0 0 1 0 0 2 0 55402 352
0x0000723b3d9f1a80 0x0000000dc3945a80 0 0 1 0 0 2 0 55402 360
0x0000723b3d9f1b00 0x0000000dc3945b00 0 1 1 0 0 2 0 55402 352
0x0000723b3d9f1b80 0x0000000dc3945b80 0 1 1 0 0 2 0 55402 360
0x0000723b3d9f1c00 0x0000000dc3945c00 0 0 0 0 0 2 0 55402 368
0x0000723b3d9f1c80 0x0000000dc3945c80 0 0 0 0 0 2 0 55402 376
0x0000723b3d9f1d00 0x0000000dc3945d00 0 1 0 0 0 2 0 55402 368
0x0000723b3d9f1d80 0x0000000dc3945d80 0 1 0 0 0 2 0 55402 376
0x0000723b3d9f1e00 0x0000000dc3945e00 0 0 1 0 0 2 0 55402 368
0x0000723b3d9f1e80 0x0000000dc3945e80 0 0 1 0 0 2 0 55402 376
0x0000723b3d9f1f00 0x0000000dc3945f00 0 1 1 0 0 2 0 55402 368
0x0000723b3d9f1f80 0x0000000dc3945f80 0 1 1 0 0 2 0 55402 376
0x0000723b3d9f9000 0x0000000ece966000 0 0 0 0 0 2 0 59851 384
0x0000723b3d9f9080 0x0000000ece966080 0 0 0 0 0 2 0 59851 392
0x0000723b3d9f9100 0x0000000ece966100 0 1 0 0 0 2 0 59851 384
0x0000723b3d9f9180 0x0000000ece966180 0 1 0 0 0 2 0 59851 392
0x0000723b3d9f9200 0x0000000ece966200 0 0 1 0 0 2 0 59851 384
0x0000723b3d9f9280 0x0000000ece966280 0 0 1 0 0 2 0 59851 392
0x0000723b3d9f9300 0x0000000ece966300 0 1 1 0 0 2 0 59851 384
0x0000723b3d9f9380 0x0000000ece966380 0 1 1 0 0 2 0 59851 392
0x0000723b3d9f9400 0x0000000ece966400 0 0 0 0 0 2 0 59851 400
0x0000723b3d9f9480 0x0000000ece966480 0 0 0 0 0 2 0 59851 408
0x0000723b3d9f9500 0x0000000ece966500 0 1 0 0 0 2 0 59851 400
0x0000723b3d9f9580 0x0000000ece966580 0 1 0 0 0 2 0 59851 408
0x0000723b3d9f9600 0x0000000ece966600 0 0 1 0 0 2 0 59851 400
0x0000723b3d9f9680 0x0000000ece966680 0 0 1 0 0 2 0 59851 408
0x0000723b3d9f9700 0x0000000ece966700 0 1 1 0 0 2 0 59851 400
0x0000723b3d9f9780 0x0000000ece966780 0 1 1 0 0 2 0 59851 408
0x0000723b3d9f9800 0x0000000ece966800 0 0 0 0 0 2 0 59851 416
0x0000723b3d9f9880 0x0000000ece966880 0 0 0 0 0 2 0 59851 424
0x0000723b3d9f9900 0x0000000ece966900 0 1 0 0 0 2 0 59851 416
0x0000723b3d9f9980 0x0000000ece966980 0 1 0 0 0 2 0 59851 424
0x0000723b3d9f9a00 0x0000000ece966a00 0 0 1 0 0 2 0 59851 416
0x0000723b3d9f9a80 0x0000000ece966a80 0 0 1 0 0 2 0 59851 424
0x0000723b3d9f9b00 0x0000000ece966b00 0 1 1 0 0 2 0 59851 416
0x0000723b3d9f9b80 0x0000000ece966b80 0 1 1 0 0 2 0 59851 424
0x0000723b3d9f9c00 0x0000000ece966c00 0 0 0 0 0 2 0 59851 432
0x0000723b3d9f9c80 0x0000000ece966c80 0 0 0 0 0 2 0 59851 440
0x0000723b3d9f9d00 0x0000000ece966d00 0 1 0 0 0 2 0 59851 432
0x0000723b3d9f9d80 0x0000000ece966d80 0 1 0 0 0 2 0 59851 440
0x0000723b3d9f9e00 0x0000000ece966e00 0 0 1 0 0 2 0 59851 432
0x0000723b3d9f9e80 0x0000000ece966e80 0 0 1 0 0 2 0 59851 440
0x0000723b3d9f9f00 0x0000000ece966f00 0 1 1 0 0 2 0 59851 432
0x0000723b3d9f9f80 0x0000000ece966f80 0 1 1 0 0 2 0 59851 440
0x0000723b3d9fc000 0x00000005c9121000 0 0 0 0 0 2 0 22817 64
0x0000723b3d9fc080 0x00000005c9121080 0 0 0 0 0 2 0 22817 72
0x0000723b3d9fc100 0x00000005c9121100 0 1 0 0 0 2 0 22817 64
0x0000723b3d9fc180 0x00000005c9121180 0 1 0 0 0 2 0 22817 72
0x0000723b3d9fc200 0x00000005c9121200 0 0 1 0 0 2 0 22817 64
0x0000723b3d9fc280 0x00000005c9121280 0 0 1 0 0 2 0 22817 72
0x0000723b3d9fc300 0x00000005c9121300 0 1 1 0 0 2 0 22817 64
0x0000723b3d9fc380 0x00000005c9121380 0 1 1 0 0 2 0 22817 72
0x0000723b3d9fc400 0x00000005c9121400 0 0 0 0 0 2 0 22817 80
0x0000723b3d9fc480 0x00000005c9121480 0 0 0 0 0 2 0 22817 88
0x0000723b3d9fc500 0x00000005c9121500 0 1 0 0 0 2 0 22817 80
0x0000723b3d9fc580 0x00000005c9121580 0 1 0 0 0 2 0 22817 88
0x0000723b3d9fc600 0x00000005c9121600 0 0 1 0 0 2 0 22817 80
0x0000723b3d9fc680 0x00000005c9121680 0 0 1 0 0 2 0 22817 88
0x0000723b3d9fc700 0x00000005c9121700 0 1 1 0 0 2 0 22817 80
0x0000723b3d9fc780 0x00000005c9121780 0 1 1 0 0 2 0 22817 88
0x0000723b3d9fc800 0x00000005c9121800 0 0 0 0 0 2 0 22817 96
0x0000723b3d9fc880 0x00000005c9121880 0 0 0 0 0 2 0 22817 104
0x0000723b3d9fc900 0x00000005c9121900 0 1 0 0 0 2 0 22817 96
0x0000723b3d9fc980 0x00000005c9121980 0 1 0 0 0 2 0 22817 104
0x0000723b3d9fca00 0x00000005c9121a00 0 0 1 0 0 2 0 22817 96
0x0000723b3d9fca80 0x00000005c9121a80 0 0 1 0 0 2 0 22817 104
0x0000723b3d9fcb00 0x00000005c9121b00 0 1 1 0 0 2 0 22817 96
0x0000723b3d9fcb80 0x00000005c9121b80 0 1 1 0 0 2 0 22817 104
0x0000723b3d9fcc00 0x00000005c9121c00 0 0 0 0 0 2 0 22817 112
0x0000723b3d9fcc80 0x00000005c9121c80 0 0 0 0 0 2 0 22817 120
0x0000723b3d9fcd00 0x00000005c9121d00 0 1 0 0 0 2 0 22817 112
0x0000723b3d9fcd80 0x00000005c9121d80 0 1 0 0 0 2 0 22817 120
0x0000723b3d9fce00 0x00000005c9121e00 0 0 1 0 0 2 0 22817 112
0x0000723b3d9fce80 0x00000005c9121e80 0 0 1 0 0 2 0 22817 120
0x0000723b3d9fcf00 0x00000005c9121f00 0 1 1 0 0 2 0 22817 112
0x0000723b3d9fcf80 0x00000005c9121f80 0 1 1 0 0 2 0 22817 120
0x0000723b3da05000 0x00000009dd1b2000 0 0 0 0 0 2 0 39845 640
0x0000723b3da05080 0x00000009dd1b2080 0 0 0 0 0 2 0 39845 648
0x0000723b3da05100 0x00000009dd1b2100 0 1 0 0 0 2 0 39845 640
0x0000723b3da05180 0x00000009dd1b2180 0 1 0 0 0 2 0 39845 648
0x0000723b3da05200 0x00000009dd1b2200 0 0 1 0 0 2 0 39845 640
0x0000723b3da05280 0x00000009dd1b2280 0 0 1 0 0 2 0 39845 648
0x0000723b3da05300 0x00000009dd1b2300 0 1 1 0 0 2 0 39845 640
0x0000723b3da05380 0x00000009dd1b2380 0 1 1 0 0 2 0 39845 648
0x0000723b3da05400 0x00000009dd1b2400 0 0 0 0 0 2 0 39845 656
0x0000723b3da05480 0x00000009dd1b2480 0 0 0 0 0 2 0 39845 664
0x0000723b3da05500 0x00000009dd1b2500 0 1 0 0 0 2 0 39845 656
0x0000723b3da05580 0x00000009dd1b2580 0 1 0 0 0 2 0 39845 664
0x0000723b3da05600 0x00000009dd1b2600 0 0 1 0 0 2 0 39845 656
0x0000723b3da05680 0x00000009dd1b2680 0 0 1 0 0 2 0 39845 664
0x0000723b3da05700 0x00000009dd1b2700 0 1 1 0 0 2 0 39845 656
0x0000723b3da05780 0x00000009dd1b2780 0 1 1 0 0 2 0 39845 664
0x0000723b3da05800 0x00000009dd1b2800 0 0 0 0 0 2 0 39845 672
0x0000723b3da05880 0x00000009dd1b2880 0 0 0 0 0 2 0 39845 680
0x0000723b3da05900 0x00000009dd1b2900 0 1 0 0 0 2 0 39845 672
0x0000723b3da05980 0x00000009dd1b2980 0 1 0 0 0 2 0 39845 680
0x0000723b3da05a00 0x00000009dd1b2a00 0 0 1 0 0 2 0 39845 672
0x0000723b3da05a80 0x00000009dd1b2a80 0 0 1 0 0 2 0 39845 680
0x0000723b3da05b00 0x00000009dd1b2b00 0 1 1 0 0 2 0 39845 672
0x0000723b3da05b80 0x00000009dd1b2b80 0 1 1 0 0 2 0 39845 680
0x0000723b3da05c00 0x00000009dd1b2c00 0 0 0 0 0 2 0 39845 688
0x0000723b3da05c80 0x00000009dd1b2c80 0 0 0 0 0 2 0 39845 696
0x0000723b3da05d00 0x00000009dd1b2d00 0 1 0 0 0 2 0 39845 688
0x0000723b3da05d80 0x00000009dd1b2d80 0 1 0 0 0 2 0 39845 696
0x0000723b3da05e00 0x00000009dd1b2e00 0 0 1 0 0 2 0 39845 688
0x0000723b3da05e80 0x00000009dd1b2e80 0 0 1 0 0 2 0 39845 696
0x0000723b3da05f00 0x00000009dd1b2f00 0 1 1 0 0 2 0 39845 688
0x0000723b3da05f80 0x00000009dd1b2f80 0 1 1 0 0 2 0 39845 696
0x0000723b3da07000 0x00000008f79d8000 0 0 0 0 1 2 0 36590 512
0x0000723b3da07080 0x00000008f79d8080 0 0 0 0 1 2 0 36590 520
0x0000723b3da07100 0x00000008f79d8100 0 1 0 0 1 2 0 36590 512
0x0000723b3da07180 0x00000008f79d8180 0 1 0 0 1 2 0 36590 520
0x0000723b3da07200 0x00000008f79d8200 0 0 1 0 1 2 0 36590 512
0x0000723b3da07280 0x00000008f79d8280 0 0 1 0 1 2 0 36590 520
0x0000723b3da07300 0x00000008f79d8300 0 1 1 0 1 2 0 36590 512
0x0000723b3da07380 0x00000008f79d8380 0 1 1 0 1 2 0 36590 520
0x0000723b3da07400 0x00000008f79d8400 0 0 0 0 1 2 0 36590 528
0x0000723b3da07480 0x00000008f79d8480 0 0 0 0 1 2 0 36590 536
0x0000723b3da07500 0x00000008f79d8500 0 1 0 0 1 2 0 36590 528
0x0000723b3da07580 0x00000008f79d8580 0 1 0 0 1 2 0 36590 536
0x0000723b3da07600 0x00000008f79d8600 0 0 1 0 1 2 0 36590 528
0x0000723b3da07680 0x00000008f79d8680 0 0 1 0 1 2 0 36590 536
0x0000723b3da07700 0x00000008f79d8700 0 1 1 0 1 2 0 36590 528
0x0000723b3da07780 0x00000008f79d8780 0 1 1 0 1 2 0 36590 536
0x0000723b3da07800 0x00000008f79d8800 0 0 0 0 1 2 0 36590 544
0x0000723b3da07880 0x00000008f79d8880 0 0 0 0 1 2 0 36590 552
0x0000723b3da07900 0x00000008f79d8900 0 1 0 0 1 2 0 36590 544
0x0000723b3da07980 0x00000008f79d8980 0 1 0 0 1 2 0 36590 552
0x0000723b3da07a00 0x00000008f79d8a00 0 0 1 0 1 2 0 36590 544
0x0000723b3da07a80 0x00000008f79d8a80 0 0 1 0 1 2 0 36590 552
0x0000723b3da07b00 0x00000008f79d8b00 0 1 1 0 1 2 0 36590 544
0x0000723b3da07b80 0x00000008f79d8b80 0 1 1 0 1 2 0 36590 552
0x0000723b3da07c00 0x00000008f79d8c00 0 0 0 0 1 2 0 36590 560
0x0000723b3da07c80 0x00000008f79d8c80 0 0 0 0 1 2 0 36590 568
0x0000723b3da07d00 0x00000008f79d8d00 0 1 0 0 1 2 0 36590 560
0x0000723b3da07d80 0x00000008f79d8d80 0 1 0 0 1 2 0 36590 568
0x0000723b3da07e00 0x00000008f79d8e00 0 0 1 0 1 2 0 36590 560
0x0000723b3da07e80 0x00000008f79d8e80 0 0 1 0 1 2 0 36590 568
0x0000723b3da07f00 0x00000008f79d8f00 0 1 1 0 1 2 0 36590 560
0x0000723b3da07f80 0x00000008f79d8f80 0 1 1 0 1 2 0 36590 568
0x0000723b3da0b000 0x00000005c9122000 0 0 0 0 0 2 0 22817 128
0x0000723b3da0b080 0x00000005c9122080 0 0 0 0 0 2 0 22817 136
0x0000723b3da0b100 0x00000005c9122100 0 1 0 0 0 2 0 22817 128
0x0000723b3da0b180 0x00000005c9122180 0 1 0 0 0 2 0 22817 136
0x0000723b3da0b200 0x00000005c9122200 0 0 1 0 0 2 0 22817 128
0x0000723b3da0b280 0x00000005c9122280 0 0 1 0 0 2 0 22817 136
0x0000723b3da0b300 0x00000005c9122300 0 1 1 0 0 2 0 22817 128
0x0000723b3da0b380 0x00000005c9122380 0 1 1 0 0 2 0 22817 136
0x0000723b3da0b400 0x00000005c9122400 0 0 0 0 0 2 0 22817 144
0x0000723b3da0b480 0x00000005c9122480 0 0 0 0 0 2 0 22817 152
0x0000723b3da0b500 0x00000005c9122500 0 1 0 0 0 2 0 22817 144
0x0000723b3da0b580 0x00000005c9122580 0 1 0 0 0 2 0 22817 152
0x0000723b3da0b600 0x00000005c9122600 0 0 1 0 0 2 0 22817 144
0x0000723b3da0b680 0x00000005c9122680 0 0 1 0 0 2 0 22817 152
0x0000723b3da0b700 0x00000005c9122700 0 1 1 0 0 2 0 22817 144
0x0000723b3da0b780 0x00000005c9122780 0 1 1 0 0 2 0 22817 152
0x0000723b3da0b800 0x00000005c9122800 0 0 0 0 0 2 0 22817 160
0x0000723b3da0b880 0x00000005c9122880 0 0 0 0 0 2 0 22817 168
0x0000723b3da0b900 0x00000005c9122900 0 1 0 0 0 2 0 22817 160
0x0000723b3da0b980 0x00000005c9122980 0 1 0 0 0 2 0 22817 168
0x0000723b3da0ba00 0x00000005c9122a00 0 0 1 0 0 2 0 22817 160
0x0000723b3da0ba80 0x00000005c9122a80 0 0 1 0 0 2 0 22817 168
0x0000723b3da0bb00 0x00000005c9122b00 0 1 1 0 0 2 0 22817 160
0x0000723b3da0bb80 0x00000005c9122b80 0 1 1 0 0 2 0 22817 168
0x0000723b3da0bc00 0x00000005c9122c00 0 0 0 0 0 2 0 22817 176
0x0000723b3da0bc80 0x00000005c9122c80 0 0 0 0 0 2 0 22817 184
0x0000723b3da0bd00 0x00000005c9122d00 0 1 0 0 0 2 0 22817 176
0x0000723b3da0bd80 0x00000005c9122d80 0 1 0 0 0 2 0 22817 184
0x0000723b3da0be00 0x00000005c9122e00 0 0 1 0 0 2 0 22817 176
0x0000723b3da0be80 0x00000005c9122e80 0 0 1 0 0 2 0 22817 184
0x0000723b3da0bf00 0x00000005c9122f00 0 1 1 0 0 2 0 22817 176
0x0000723b3da0bf80 0x00000005c9122f80 0 1 1 0 0 2 0 22817 184
0x0000723b3da13000 0x000000059793d000 0 0 0 0 1 2 0 21225 832
0x0000723b3da13080 0x000000059793d080 0 0 0 0 1 2 0 21225 840
0x0000723b3da13100 0x000000059793d100 0 1 0 0 1 2 0 21225 832
0x0000723b3da13180 0x000000059793d180 0 1 0 0 1 2 0 21225 840
0x0000723b3da13200 0x000000059793d200 0 0 1 0 1 2 0 21225 832
0x0000723b3da13280 0x000000059793d280 0 0 1 0 1 2 0 21225 840
0x0000723b3da13300 0x000000059793d300 0 1 1 0 1 2 0 21225 832
0x0000723b3da13380 0x000000059793d380 0 1 1 0 1 2 0 21225 840
0x0000723b3da13400 0x000000059793d400 0 0 0 0 1 2 0 21225 848
0x0000723b3da13480 0x000000059793d480 0 0 0 0 1 2 0 21225 856
0x0000723b3da13500 0x000000059793d500 0 1 0 0 1 2 0 21225 848
0x0000723b3da13580 0x000000059793d580 0 1 0 0 1 2 0 21225 856
0x0000723b3da13600 0x000000059793d600 0 0 1 0 1 2 0 21225 848
0x0000723b3da13680 0x000000059793d680 0 0 1 0 1 2 0 21225 856
0x0000723b3da13700 0x000000059793d700 0 1 1 0 1 2 0 21225 848
0x0000723b3da13780 0x000000059793d780 0 1 1 0 1 2 0 21225 856
0x0000723b3da13800 0x000000059793d800 0 0 0 0 1 2 0 21225 864
0x0000723b3da13880 0x000000059793d880 0 0 0 0 1 2 0 21225 872
0x0000723b3da13900 0x000000059793d900 0 1 0 0 1 2 0 21225 864
0x0000723b3da13980 0x000000059793d980 0 1 0 0 1 2 0 21225 872
0x0000723b3da13a00 0x000000059793da00 0 0 1 0 1 2 0 21225 864
0x0000723b3da13a80 0x000000059793da80 0 0 1 0 1 2 0 21225 872
0x0000723b3da13b00 0x000000059793db00 0 1 1 0 1 2 0 21225 864
0x0000723b3da13b80 0x000000059793db80 0 1 1 0 1 2 0 21225 872
0x0000723b3da13c00 0x000000059793dc00 0 0 0 0 1 2 0 21225 880
0x0000723b3da13c80 0x000000059793dc80 0 0 0 0 1 2 0 21225 888
0x0000723b3da13d00 0x000000059793dd00 0 1 0 0 1 2 0 21225 880
0x0000723b3da13d80 0x000000059793dd80 0 1 0 0 1 2 0 21225 888
0x0000723b3da13e00 0x000000059793de00 0 0 1 0 1 2 0 21225 880
0x0000723b3da13e80 0x000000059793de80 0 0 1 0 1 2 0 21225 888
0x0000723b3da13f00 0x000000059793df00 0 1 1 0 1 2 0 21225 880
0x0000723b3da13f80 0x000000059793df80 0 1 1 0 1 2 0 21225 888
0x0000723b3da16000 0x00000005c9120000 0 0 0 0 0 2 0 22817 0
0x0000723b3da16080 0x00000005c9120080 0 0 0 0 0 2 0 22817 8
0x0000723b3da16100 0x00000005c9120100 0 1 0 0 0 2 0 22817 0
0x0000723b3da16180 0x00000005c9120180 0 1 0 0 0 2 0 22817 8
0x0000723b3da16200 0x00000005c9120200 0 0 1 0 0 2 0 22817 0
0x0000723b3da16280 0x00000005c9120280 0 0 1 0 0 2 0 22817 8
0x0000723b3da16300 0x00000005c9120300 0 1 1 0 0 2 0 22817 0
0x0000723b3da16380 0x00000005c9120380 0 1 1 0 0 2 0 22817 8
0x0000723b3da16400 0x00000005c9120400 0 0 0 0 0 2 0 22817 16
0x0000723b3da16480 0x00000005c9120480 0 0 0 0 0 2 0 22817 24
0x0000723b3da16500 0x00000005c9120500 0 1 0 0 0 2 0 22817 16
0x0000723b3da16580 0x00000005c9120580 0 1 0 0 0 2 0 22817 24
0x0000723b3da16600 0x00000005c9120600 0 0 1 0 0 2 0 22817 16
0x0000723b3da16680 0x00000005c9120680 0 0 1 0 0 2 0 22817 24
0x0000723b3da16700 0x00000005c9120700 0 1 1 0 0 2 0 22817 16
0x0000723b3da16780 0x00000005c9120780 0 1 1 0 0 2 0 22817 24
0x0000723b3da16800 0x00000005c9120800 0 0 0 0 0 2 0 22817 32
0x0000723b3da16880 0x00000005c9120880 0 0 0 0 0 2 0 22817 40
0x0000723b3da16900 0x00000005c9120900 0 1 0 0 0 2 0 22817 32
0x0000723b3da16980 0x00000005c9120980 0 1 0 0 0 2 0 22817 40
0x0000723b3da16a00 0x00000005c9120a00 0 0 1 0 0 2 0 22817 32
0x0000723b3da16a80 0x00000005c9120a80 0 0 1 0 0 2 0 22817 40
0x0000723b3da16b00 0x00000005c9120b00 0 1 1 0 0 2 0 22817 32
0x0000723b3da16b80 0x00000005c9120b80 0 1 1 0 0 2 0 22817 40
0x0000723b3da16c00 0x00000005c9120c00 0 0 0 0 0 2 0 22817 48
0x0000723b3da16c80 0x00000005c9120c80 0 0 0 0 0 2 0 22817 56
0x0000723b3da16d00 0x00000005c9120d00 0 1 0 0 0 2 0 22817 48
0x0000723b3da16d80 0x00000005c9120d80 0 1 0 0 0 2 0 22817 56
0x0000723b3da16e00 0x00000005c9120e00 0 0 1 0 0 2 0 22817 48
0x0000723b3da16e80 0x00000005c9120e80 0 0 1 0 0 2 0 22817 56
0x0000723b3da16f00 0x00000005c9120f00 0 1 1 0 0 2 0 22817 48
0x0000723b3da16f80 0x00000005c9120f80 0 1 1 0 0 2 0 22817 56
0x0000723b3da17000 0x0000000ea41e5000 0 0 0 0 0 2 0 58503 320
0x0000723b3da17080 0x0000000ea41e5080 0 0 0 0 0 2 0 58503 328
0x0000723b3da17100 0x0000000ea41e5100 0 1 0 0 0 2 0 58503 320
0x0000723b3da17180 0x0000000ea41e5180 0 1 0 0 0 2 0 58503 328
0x0000723b3da17200 0x0000000ea41e5200 0 0 1 0 0 2 0 58503 320
0x0000723b3da17280 0x0000000ea41e5280 0 0 1 0 0 2 0 58503 328
0x0000723b3da17300 0x0000000ea41e5300 0 1 1 0 0 2 0 58503 320
0x0000723b3da17380 0x0000000ea41e5380 0 1 1 0 0 2 0 58503 328
0x0000723b3da17400 0x0000000ea41e5400 0 0 0 0 0 2 0 58503 336
0x0000723b3da17480 0x0000000ea41e5480 0 0 0 0 0 2 0 58503 344
0x0000723b3da17500 0x0000000ea41e5500 0 1 0 0 0 2 0 58503 336
0x0000723b3da17580 0x0000000ea41e5580 0 1 0 0 0 2 0 58503 344
0x0000723b3da17600 0x0000000ea41e5600 0 0 1 0 0 2 0 58503 336
0x0000723b3da17680 0x0000000ea41e5680 0 0 1 0 0 2 0 58503 344
0x0000723b3da17700 0x0000000ea41e5700 0 1 1 0 0 2 0 58503 336
0x0000723b3da17780 0x0000000ea41e5780 0 1 1 0 0 2 0 58503 344
0x0000723b3da17800 0x0000000ea41e5800 0 0 0 0 0 2 0 58503 352
0x0000723b3da17880 0x0000000ea41e5880 0 0 0 0 0 2 0 58503 360
0x0000723b3da17900 0x0000000ea41e5900 0 1 0 0 0 2 0 58503 352
0x0000723b3da17980 0x0000000ea41e5980 0 1 0 0 0 2 0 58503 360
0x0000723b3da17a00 0x0000000ea41e5a00 0 0 1 0 0 2 0 58503 352
0x0000723b3da17a80 0x0000000ea41e5a80 0 0 1 0 0 2 0 58503 360
0x0000723b3da17b00 0x0000000ea41e5b00 0 1 1 0 0 2 0 58503 352
0x0000723b3da17b80 0x0000000ea41e5b80 0 1 1 0 0 2 0 58503 360
0x0000723b3da17c00 0x0000000ea41e5c00 0 0 0 0 0 2 0 58503 368
0x0000723b3da17c80 0x0000000ea41e5c80 0 0 0 0 0 2 0 58503 376
0x0000723b3da17d00 0x0000000ea41e5d00 0 1 0 0 0 2 0 58503 368
0x0000723b3da17d80 0x0000000ea41e5d80 0 1 0 0 0 2 0 58503 376
0x0000723b3da17e00 0x0000000ea41e5e00 0 0 1 0 0 2 0 58503 368
0x0000723b3da17e80 0x0000000ea41e5e80 0 0 1 0 0 2 0 58503 376
0x0000723b3da17f00 0x0000000ea41e5f00 0 1 1 0 0 2 0 58503 368
0x0000723b3da17f80 0x0000000ea41e5f80 0 1 1 0 0 2 0 58503 376
0x0000723b3da19000 0x00000008f79da000 0 0 0 0 1 2 0 36590 640
0x0000723b3da19080 0x00000008f79da080 0 0 0 0 1 2 0 36590 648
0x0000723b3da19100 0x00000008f79da100 0 1 0 0 1 2 0 36590 640
0x0000723b3da19180 0x00000008f79da180 0 1 0 0 1 2 0 36590 648
0x0000723b3da19200 0x00000008f79da200 0 0 1 0 1 2 0 36590 640
0x0000723b3da19280 0x00000008f79da280 0 0 1 0 1 2 0 36590 648
0x0000723b3da19300 0x00000008f79da300 0 1 1 0 1 2 0 36590 640
0x0000723b3da19380 0x00000008f79da380 0 1 1 0 1 2 0 36590 648
0x0000723b3da19400 0x00000008f79da400 0 0 0 0 1 2 0 36590 656
0x0000723b3da19480 0x00000008f79da480 0 0 0 0 1 2 0 36590 664
0x0000723b3da19500 0x00000008f79da500 0 1 0 0 1 2 0 36590 656
0x0000723b3da19580 0x00000008f79da580 0 1 0 0 1 2 0 36590 664
0x0000723b3da19600 0x00000008f79da600 0 0 1 0 1 2 0 36590 656
0x0000723b3da19680 0x00000008f79da680 0 0 1 0 1 2 0 36590 664
0x0000723b3da19700 0x00000008f79da700 0 1 1 0 1 2 0 36590 656
0x0000723b3da19780 0x00000008f79da780 0 1 1 0 1 2 0 36590 664
0x0000723b3da19800 0x00000008f79da800 0 0 0 0 1 2 0 36590 672
0x0000723b3da19880 0x00000008f79da880 0 0 0 0 1 2 0 36590 680
0x0000723b3da19900 0x00000008f79da900 0 1 0 0 1 2 0 36590 672
0x0000723b3da19980 0x00000008f79da980 0 1 0 0 1 2 0 36590 680
0x0000723b3da19a00 0x00000008f79daa00 0 0 1 0 1 2 0 36590 672
0x0000723b3da19a80 0x00000008f79daa80 0 0 1 0 1 2 0 36590 680
0x0000723b3da19b00 0x00000008f79dab00 0 1 1 0 1 2 0 36590 672
0x0000723b3da19b80 0x00000008f79dab80 0 1 1 0 1 2 0 36590 680
0x0000723b3da19c00 0x00000008f79dac00 0 0 0 0 1 2 0 36590 688
0x0000723b3da19c80 0x00000008f79dac80 0 0 0 0 1 2 0 36590 696
0x0000723b3da19d00 0x00000008f79dad00 0 1 0 0 1 2 0 36590 688
0x0000723b3da19d80 0x00000008f79dad80 0 1 0 0 1 2 0 36590 696
0x0000723b3da19e00 0x00000008f79dae00 0 0 1 0 1 2 0 36590 688
0x0000723b3da19e80 0x00000008f79dae80 0 0 1 0 1 2 0 36590 696
0x0000723b3da19f00 0x00000008f79daf00 0 1 1 0 1 2 0 36590 688
0x0000723b3da19f80 0x00000008f79daf80 0 1 1 0 1 2 0 36590 696
0x0000723b3da1d000 0x0000000ea41e4000 0 0 0 0 0 2 0 58503 256
0x0000723b3da1d080 0x0000000ea41e4080 0 0 0 0 0 2 0 58503 264
0x0000723b3da1d100 0x0000000ea41e4100 0 1 0 0 0 2 0 58503 256
0x0000723b3da1d180 0x0000000ea41e4180 0 1 0 0 0 2 0 58503 264
0x0000723b3da1d200 0x0000000ea41e4200 0 0 1 0 0 2 0 58503 256
0x0000723b3da1d280 0x0000000ea41e4280 0 0 1 0 0 2 0 58503 264
0x0000723b3da1d300 0x0000000ea41e4300 0 1 1 0 0 2 0 58503 256
0x0000723b3da1d380 0x0000000ea41e4380 0 1 1 0 0 2 0 58503 264
0x0000723b3da1d400 0x0000000ea41e4400 0 0 0 0 0 2 0 58503 272
0x0000723b3da1d480 0x0000000ea41e4480 0 0 0 0 0 2 0 58503 280
0x0000723b3da1d500 0x0000000ea41e4500 0 1 0 0 0 2 0 58503 272
0x0000723b3da1d580 0x0000000ea41e4580 0 1 0 0 0 2 0 58503 280
0x0000723b3da1d600 0x0000000ea41e4600 0 0 1 0 0 2 0 58503 272
0x0000723b3da1d680 0x0000000ea41e4680 0 0 1 0 0 2 0 58503 280
0x0000723b3da1d700 0x0000000ea41e4700 0 1 1 0 0 2 0 58503 272
0x0000723b3da1d780 0x0000000ea41e4780 0 1 1 0 0 2 0 58503 280
0x0000723b3da1d800 0x0000000ea41e4800 0 0 0 0 0 2 0 58503 288
0x0000723b3da1d880 0x0000000ea41e4880 0 0 0 0 0 2 0 58503 296
0x0000723b3da1d900 0x0000000ea41e4900 0 1 0 0 0 2 0 58503 288
0x0000723b3da1d980 0x0000000ea41e4980 0 1 0 0 0 2 0 58503 296
0x0000723b3da1da00 0x0000000ea41e4a00 0 0 1 0 0 2 0 58503 288
0x0000723b3da1da80 0x0000000ea41e4a80 0 0 1 0 0 2 0 58503 296
0x0000723b3da1db00 0x0000000ea41e4b00 0 1 1 0 0 2 0 58503 288
0x0000723b3da1db80 0x0000000ea41e4b80 0 1 1 0 0 2 0 58503 296
0x0000723b3da1dc00 0x0000000ea41e4c00 0 0 0 0 0 2 0 58503 304
0x0000723b3da1dc80 0x0000000ea41e4c80 0 0 0 0 0 2 0 58503 312
0x0000723b3da1dd00 0x0000000ea41e4d00 0 1 0 0 0 2 0 58503 304
0x0000723b3da1dd80 0x0000000ea41e4d80 0 1 0 0 0 2 0 58503 312
0x0000723b3da1de00 0x0000000ea41e4e00 0 0 1 0 0 2 0 58503 304
0x0000723b3da1de80 0x0000000ea41e4e80 0 0 1 0 0 2 0 58503 312
0x0000723b3da1df00 0x0000000ea41e4f00 0 1 1 0 0 2 0 58503 304
0x0000723b3da1df80 0x0000000ea41e4f80 0 1 1 0 0 2 0 58503 312
0x0000723b3da1f000 0x000000059793c000 0 0 0 0 1 2 0 21225 768
0x0000723b3da1f080 0x000000059793c080 0 0 0 0 1 2 0 21225 776
0x0000723b3da1f100 0x000000059793c100 0 1 0 0 1 2 0 21225 768
0x0000723b3da1f180 0x000000059793c180 0 1 0 0 1 2 0 21225 776
0x0000723b3da1f200 0x000000059793c200 0 0 1 0 1 2 0 21225 768
0x0000723b3da1f280 0x000000059793c280 0 0 1 0 1 2 0 21225 776
0x0000723b3da1f300 0x000000059793c300 0 1 1 0 1 2 0 21225 768
0x0000723b3da1f380 0x000000059793c380 0 1 1 0 1 2 0 21225 776
0x0000723b3da1f400 0x000000059793c400 0 0 0 0 1 2 0 21225 784
0x0000723b3da1f480 0x000000059793c480 0 0 0 0 1 2 0 21225 792
0x0000723b3da1f500 0x000000059793c500 0 1 0 0 1 2 0 21225 784
0x0000723b3da1f580 0x000000059793c580 0 1 0 0 1 2 0 21225 792
0x0000723b3da1f600 0x000000059793c600 0 0 1 0 1 2 0 21225 784
0x0000723b3da1f680 0x000000059793c680 0 0 1 0 1 2 0 21225 792
0x0000723b3da1f700 0x000000059793c700 0 1 1 0 1 2 0 21225 784
0x0000723b3da1f780 0x000000059793c780 0 1 1 0 1 2 0 21225 792
0x0000723b3da1f800 0x000000059793c800 0 0 0 0 1 2 0 21225 800
0x0000723b3da1f880 0x000000059793c880 0 0 0 0 1 2 0 21225 808
0x0000723b3da1f900 0x000000059793c900 0 1 0 0 1 2 0 21225 800
0x0000723b3da1f980 0x000000059793c980 0 1 0 0 1 2 0 21225 808
0x0000723b3da1fa00 0x000000059793ca00 0 0 1 0 1 2 0 21225 800
0x0000723b3da1fa80 0x000000059793ca80 0 0 1 0 1 2 0 21225 808
0x0000723b3da1fb00 0x000000059793cb00 0 1 1 0 1 2 0 21225 800
0x0000723b3da1fb80 0x000000059793cb80 0 1 1 0 1 2 0 21225 808
0x0000723b3da1fc00 0x000000059793cc00 0 0 0 0 1 2 0 21225 816
0x0000723b3da1fc80 0x000000059793cc80 0 0 0 0 1 2 0 21225 824
0x0000723b3da1fd00 0x000000059793cd00 0 1 0 0 1 2 0 21225 816
0x0000723b3da1fd80 0x000000059793cd80 0 1 0 0 1 2 0 21225 824
0x0000723b3da1fe00 0x000000059793ce00 0 0 1 0 1 2 0 21225 816
0x0000723b3da1fe80 0x000000059793ce80 0 0 1 0 1 2 0 21225 824
0x0000723b3da1ff00 0x000000059793cf00 0 1 1 0 1 2 0 21225 816
0x0000723b3da1ff80 0x000000059793cf80 0 1 1 0 1 2 0 21225 824
0x0000723b3da21000 0x0000000ece965000 0 0 0 0 0 2 0 59851 320
0x0000723b3da21080 0x0000000ece965080 0 0 0 0 0 2 0 59851 328
0x0000723b3da21100 0x0000000ece965100 0 1 0 0 0 2 0 59851 320
0x0000723b3da21180 0x0000000ece965180 0 1 0 0 0 2 0 59851 328
0x0000723b3da21200 0x0000000ece965200 0 0 1 0 0 2 0 59851 320
0x0000723b3da21280 0x0000000ece965280 0 0 1 0 0 2 0 59851 328
0x0000723b3da21300 0x0000000ece965300 0 1 1 0 0 2 0 59851 320
0x0000723b3da21380 0x0000000ece965380 0 1 1 0 0 2 0 59851 328
0x0000723b3da21400 0x0000000ece965400 0 0 0 0 0 2 0 59851 336
0x0000723b3da21480 0x0000000ece965480 0 0 0 0 0 2 0 59851 344
0x0000723b3da21500 0x0000000ece965500 0 1 0 0 0 2 0 59851 336
0x0000723b3da21580 0x0000000ece965580 0 1 0 0 0 2 0 59851 344
0x0000723b3da21600 0x0000000ece965600 0 0 1 0 0 2 0 59851 336
0x0000723b3da21680 0x0000000ece965680 0 0 1 0 0 2 0 59851 344
0x0000723b3da21700 0x0000000ece965700 0 1 1 0 0 2 0 59851 336
0x0000723b3da21780 0x0000000ece965780 0 1 1 0 0 2 0 59851 344
0x0000723b3da21800 0x0000000ece965800 0 0 0 0 0 2 0 59851 352
0x0000723b3da21880 0x0000000ece965880 0 0 0 0 0 2 0 59851 360
0x0000723b3da21900 0x0000000ece965900 0 1 0 0 0 2 0 59851 352
0x0000723b3da21980 0x0000000ece965980 0 1 0 0 0 2 0 59851 360
0x0000723b3da21a00 0x0000000ece965a00 0 0 1 0 0 2 0 59851 352
0x0000723b3da21a80 0x0000000ece965a80 0 0 1 0 0 2 0 59851 360
0x0000723b3da21b00 0x0000000ece965b00 0 1 1 0 0 2 0 59851 352
0x0000723b3da21b80 0x0000000ece965b80 0 1 1 0 0 2 0 59851 360
0x0000723b3da21c00 0x0000000ece965c00 0 0 0 0 0 2 0 59851 368
0x0000723b3da21c80 0x0000000ece965c80 0 0 0 0 0 2 0 59851 376
0x0000723b3da21d00 0x0000000ece965d00 0 1 0 0 0 2 0 59851 368
0x0000723b3da21d80 0x0000000ece965d80 0 1 0 0 0 2 0 59851 376
0x0000723b3da21e00 0x0000000ece965e00 0 0 1 0 0 2 0 59851 368
0x0000723b3da21e80 0x0000000ece965e80 0 0 1 0 0 2 0 59851 376
0x0000723b3da21f00 0x0000000ece965f00 0 1 1 0 0 2 0 59851 368
0x0000723b3da21f80 0x0000000ece965f80 0 1 1 0 0 2 0 59851 376
0x0000723b3da26000 0x00000009dd1b1000 0 0 0 0 0 2 0 39845 576
0x0000723b3da26080 0x00000009dd1b1080 0 0 0 0 0 2 0 39845 584
0x0000723b3da26100 0x00000009dd1b1100 0 1 0 0 0 2 0 39845 576
0x0000723b3da26180 0x00000009dd1b1180 0 1 0 0 0 2 0 39845 584
0x0000723b3da26200 0x00000009dd1b1200 0 0 1 0 0 2 0 39845 576
0x0000723b3da26280 0x00000009dd1b1280 0 0 1 0 0 2 0 39845 584
0x0000723b3da26300 0x00000009dd1b1300 0 1 1 0 0 2 0 39845 576
0x0000723b3da26380 0x00000009dd1b1380 0 1 1 0 0 2 0 39845 584
0x0000723b3da26400 0x00000009dd1b1400 0 0 0 0 0 2 0 39845 592
0x0000723b3da26480 0x00000009dd1b1480 0 0 0 0 0 2 0 39845 600
0x0000723b3da26500 0x00000009dd1b1500 0 1 0 0 0 2 0 39845 592
0x0000723b3da26580 0x00000009dd1b1580 0 1 0 0 0 2 0 39845 600
0x0000723b3da26600 0x00000009dd1b1600 0 0 1 0 0 2 0 39845 592
0x0000723b3da26680 0x00000009dd1b1680 0 0 1 0 0 2 0 39845 600
0x0000723b3da26700 0x00000009dd1b1700 0 1 1 0 0 2 0 39845 592
0x0000723b3da26780 0x00000009dd1b1780 0 1 1 0 0 2 0 39845 600
0x0000723b3da26800 0x00000009dd1b1800 0 0 0 0 0 2 0 39845 608
0x0000723b3da26880 0x00000009dd1b1880 0 0 0 0 0 2 0 39845 616
0x0000723b3da26900 0x00000009dd1b1900 0 1 0 0 0 2 0 39845 608
0x0000723b3da26980 0x00000009dd1b1980 0 1 0 0 0 2 0 39845 616
0x0000723b3da26a00 0x00000009dd1b1a00 0 0 1 0 0 2 0 39845 608
0x0000723b3da26a80 0x00000009dd1b1a80 0 0 1 0 0 2 0 39845 616
0x0000723b3da26b00 0x00000009dd1b1b00 0 1 1 0 0 2 0 39845 608
0x0000723b3da26b80 0x00000009dd1b1b80 0 1 1 0 0 2 0 39845 616
0x0000723b3da26c00 0x00000009dd1b1c00 0 0 0 0 0 2 0 39845 624
0x0000723b3da26c80 0x00000009dd1b1c80 0 0 0 0 0 2 0 39845 632
0x0000723b3da26d00 0x00000009dd1b1d00 0 1 0 0 0 2 0 39845 624
0x0000723b3da26d80 0x00000009dd1b1d80 0 1 0 0 0 2 0 39845 632
0x0000723b3da26e00 0x00000009dd1b1e00 0 0 1 0 0 2 0 39845 624
0x0000723b3da26e80 0x00000009dd1b1e80 0 0 1 0 0 2 0 39845 632
0x0000723b3da26f00 0x00000009dd1b1f00 0 1 1 0 0 2 0 39845 624
0x0000723b3da26f80 0x00000009dd1b1f80 0 1 1 0 0 2 0 39845 632
0x0000723b3da28000 0x00000009dd1b3000 0 0 0 0 0 2 0 39845 704
0x0000723b3da28080 0x00000009dd1b3080 0 0 0 0 0 2 0 39845 712
0x0000723b3da28100 0x00000009dd1b3100 0 1 0 0 0 2 0 39845 704
0x0000723b3da28180 0x00000009dd1b3180 0 1 0 0 0 2 0 39845 712
0x0000723b3da28200 0x00000009dd1b3200 0 0 1 0 0 2 0 39845 704
0x0000723b3da28280 0x00000009dd1b3280 0 0 1 0 0 2 0 39845 712
0x0000723b3da28300 0x00000009dd1b3300 0 1 1 0 0 2 0 39845 704
0x0000723b3da28380 0x00000009dd1b3380 0 1 1 0 0 2 0 39845 712
0x0000723b3da28400 0x00000009dd1b3400 0 0 0 0 0 2 0 39845 720
0x0000723b3da28480 0x00000009dd1b3480 0 0 0 0 0 2 0 39845 728
0x0000723b3da28500 0x00000009dd1b3500 0 1 0 0 0 2 0 39845 720
0x0000723b3da28580 0x00000009dd1b3580 0 1 0 0 0 2 0 39845 728
0x0000723b3da28600 0x00000009dd1b3600 0 0 1 0 0 2 0 39845 720
0x0000723b3da28680 0x00000009dd1b3680 0 0 1 0 0 2 0 39845 728
0x0000723b3da28700 0x00000009dd1b3700 0 1 1 0 0 2 0 39845 720
0x0000723b3da28780 0x00000009dd1b3780 0 1 1 0 0 2 0 39845 728
0x0000723b3da28800 0x00000009dd1b3800 0 0 0 0 0 2 0 39845 736
0x0000723b3da28880 0x00000009dd1b3880 0 0 0 0 0 2 0 39845 744
0x0000723b3da28900 0x00000009dd1b3900 0 1 0 0 0 2 0 39845 736
0x0000723b3da28980 0x00000009dd1b3980 0 1 0 0 0 2 0 39845 744
0x0000723b3da28a00 0x00000009dd1b3a00 0 0 1 0 0 2 0 39845 736
0x0000723b3da28a80 0x00000009dd1b3a80 0 0 1 0 0 2 0 39845 744
0x0000723b3da28b00 0x00000009dd1b3b00 0 1 1 0 0 2 0 39845 736
0x0000723b3da28b80 0x00000009dd1b3b80 0 1 1 0 0 2 0 39845 744
0x0000723b3da28c00 0x00000009dd1b3c00 0 0 0 0 0 2 0 39845 752
0x0000723b3da28c80 0x00000009dd1b3c80 0 0 0 0 0 2 0 39845 760
0x0000723b3da28d00 0x00000009dd1b3d00 0 1 0 0 0 2 0 39845 752
0x0000723b3da28d80 0x00000009dd1b3d80 0 1 0 0 0 2 0 39845 760
0x0000723b3da28e00 0x00000009dd1b3e00 0 0 1 0 0 2 0 39845 752
0x0000723b3da28e80 0x00000009dd1b3e80 0 0 1 0 0 2 0 39845 760
0x0000723b3da28f00 0x00000009dd1b3f00 0 1 1 0 0 2 0 39845 752
0x0000723b3da28f80 0x00000009dd1b3f80 0 1 1 0 0 2 0 39845 760
0x0000723b3da2c000 0x0000000b7e9cf000 0 0 0 0 1 2 0 45022 448
0x0000723b3da2c080 0x0000000b7e9cf080 0 0 0 0 1 2 0 45022 456
0x0000723b3da2c100 0x0000000b7e9cf100 0 1 0 0 1 2 0 45022 448
0x0000723b3da2c180 0x0000000b7e9cf180 0 1 0 0 1 2 0 45022 456
0x0000723b3da2c200 0x0000000b7e9cf200 0 0 1 0 1 2 0 45022 448
0x0000723b3da2c280 0x0000000b7e9cf280 0 0 1 0 1 2 0 45022 456
0x0000723b3da2c300 0x0000000b7e9cf300 0 1 1 0 1 2 0 45022 448
0x0000723b3da2c380 0x0000000b7e9cf380 0 1 1 0 1 2 0 45022 456
0x0000723b3da2c400 0x0000000b7e9cf400 0 0 0 0 1 2 0 45022 464
0x0000723b3da2c480 0x0000000b7e9cf480 0 0 0 0 1 2 0 45022 472
0x0000723b3da2c500 0x0000000b7e9cf500 0 1 0 0 1 2 0 45022 464
0x0000723b3da2c580 0x0000000b7e9cf580 0 1 0 0 1 2 0 45022 472
0x0000723b3da2c600 0x0000000b7e9cf600 0 0 1 0 1 2 0 45022 464
0x0000723b3da2c680 0x0000000b7e9cf680 0 0 1 0 1 2 0 45022 472
0x0000723b3da2c700 0x0000000b7e9cf700 0 1 1 0 1 2 0 45022 464
0x0000723b3da2c780 0x0000000b7e9cf780 0 1 1 0 1 2 0 45022 472
0x0000723b3da2c800 0x0000000b7e9cf800 0 0 0 0 1 2 0 45022 480
0x0000723b3da2c880 0x0000000b7e9cf880 0 0 0 0 1 2 0 45022 488
0x0000723b3da2c900 0x0000000b7e9cf900 0 1 0 0 1 2 0 45022 480
0x0000723b3da2c980 0x0000000b7e9cf980 0 1 0 0 1 2 0 45022 488
0x0000723b3da2ca00 0x0000000b7e9cfa00 0 0 1 0 1 2 0 45022 480
0x0000723b3da2ca80 0x0000000b7e9cfa80 0 0 1 0 1 2 0 45022 488
0x0000723b3da2cb00 0x0000000b7e9cfb00 0 1 1 0 1 2 0 45022 480
0x0000723b3da2cb80 0x0000000b7e9cfb80 0 1 1 0 1 2 0 45022 488
0x0000723b3da2cc00 0x0000000b7e9cfc00 0 0 0 0 1 2 0 45022 496
0x0000723b3da2cc80 0x0000000b7e9cfc80 0 0 0 0 1 2 0 45022 504
0x0000723b3da2cd00 0x0000000b7e9cfd00 0 1 0 0 1 2 0 45022 496
0x0000723b3da2cd80 0x0000000b7e9cfd80 0 1 0 0 1 2 0 45022 504
0x0000723b3da2ce00 0x0000000b7e9cfe00 0 0 1 0 1 2 0 45022 496
0x0000723b3da2ce80 0x0000000b7e9cfe80 0 0 1 0 1 2 0 45022 504
0x0000723b3da2cf00 0x0000000b7e9cff00 0 1 1 0 1 2 0 45022 496
0x0000723b3da2cf80 0x0000000b7e9cff80 0 1 1 0 1 2 0 45022 504
0x0000723b3da2f000 0x0000000ea41e7000 0 0 0 0 0 2 0 58503 448
0x0000723b3da2f080 0x0000000ea41e7080 0 0 0 0 0 2 0 58503 456
0x0000723b3da2f100 0x0000000ea41e7100 0 1 0 0 0 2 0 58503 448
0x0000723b3da2f180 0x0000000ea41e7180 0 1 0 0 0 2 0 58503 456
0x0000723b3da2f200 0x0000000ea41e7200 0 0 1 0 0 2 0 58503 448
0x0000723b3da2f280 0x0000000ea41e7280 0 0 1 0 0 2 0 58503 456
0x0000723b3da2f300 0x0000000ea41e7300 0 1 1 0 0 2 0 58503 448
0x0000723b3da2f380 0x0000000ea41e7380 0 1 1 0 0 2 0 58503 456
0x0000723b3da2f400 0x0000000ea41e7400 0 0 0 0 0 2 0 58503 464
0x0000723b3da2f480 0x0000000ea41e7480 0 0 0 0 0 2 0 58503 472
0x0000723b3da2f500 0x0000000ea41e7500 0 1 0 0 0 2 0 58503 464
0x0000723b3da2f580 0x0000000ea41e7580 0 1 0 0 0 2 0 58503 472
0x0000723b3da2f600 0x0000000ea41e7600 0 0 1 0 0 2 0 58503 464
0x0000723b3da2f680 0x0000000ea41e7680 0 0 1 0 0 2 0 58503 472
0x0000723b3da2f700 0x0000000ea41e7700 0 1 1 0 0 2 0 58503 464
0x0000723b3da2f780 0x0000000ea41e7780 0 1 1 0 0 2 0 58503 472
0x0000723b3da2f800 0x0000000ea41e7800 0 0 0 0 0 2 0 58503 480
0x0000723b3da2f880 0x0000000ea41e7880 0 0 0 0 0 2 0 58503 488
0x0000723b3da2f900 0x0000000ea41e7900 0 1 0 0 0 2 0 58503 480
0x0000723b3da2f980 0x0000000ea41e7980 0 1 0 0 0 2 0 58503 488
0x0000723b3da2fa00 0x0000000ea41e7a00 0 0 1 0 0 2 0 58503 480
0x0000723b3da2fa80 0x0000000ea41e7a80 0 0 1 0 0 2 0 58503 488
0x0000723b3da2fb00 0x0000000ea41e7b00 0 1 1 0 0 2 0 58503 480
0x0000723b3da2fb80 0x0000000ea41e7b80 0 1 1 0 0 2 0 58503 488
0x0000723b3da2fc00 0x0000000ea41e7c00 0 0 0 0 0 2 0 58503 496
0x0000723b3da2fc80 0x0000000ea41e7c80 0 0 0 0 0 2 0 58503 504
0x0000723b3da2fd00 0x0000000ea41e7d00 0 1 0 0 0 2 0 58503 496
0x0000723b3da2fd80 0x0000000ea41e7d80 0 1 0 0 0 2 0 58503 504
0x0000723b3da2fe00 0x0000000ea41e7e00 0 0 1 0 0 2 0 58503 496
0x0000723b3da2fe80 0x0000000ea41e7e80 0 0 1 0 0 2 0 58503 504
0x0000723b3da2ff00 0x0000000ea41e7f00 0 1 1 0 0 2 0 58503 496
0x0000723b3da2ff80 0x0000000ea41e7f80 0 1 1 0 0 2 0 58503 504
0x0000723b3da30000 0x0000000dc3944000 0 0 0 0 0 2 0 55402 256
0x0000723b3da30080 0x0000000dc3944080 0 0 0 0 0 2 0 55402 264
0x0000723b3da30100 0x0000000dc3944100 0 1 0 0 0 2 0 55402 256
0x0000723b3da30180 0x0000000dc3944180 0 1 0 0 0 2 0 55402 264
0x0000723b3da30200 0x0000000dc3944200 0 0 1 0 0 2 0 55402 256
0x0000723b3da30280 0x0000000dc3944280 0 0 1 0 0 2 0 55402 264
0x0000723b3da30300 0x0000000dc3944300 0 1 1 0 0 2 0 55402 256
0x0000723b3da30380 0x0000000dc3944380 0 1 1 0 0 2 0 55402 264
0x0000723b3da30400 0x0000000dc3944400 0 0 0 0 0 2 0 55402 272
0x0000723b3da30480 0x0000000dc3944480 0 0 0 0 0 2 0 55402 280
0x0000723b3da30500 0x0000000dc3944500 0 1 0 0 0 2 0 55402 272
0x0000723b3da30580 0x0000000dc3944580 0 1 0 0 0 2 0 55402 280
0x0000723b3da30600 0x0000000dc3944600 0 0 1 0 0 2 0 55402 272
0x0000723b3da30680 0x0000000dc3944680 0 0 1 0 0 2 0 55402 280
0x0000723b3da30700 0x0000000dc3944700 0 1 1 0 0 2 0 55402 272
0x0000723b3da30780 0x0000000dc3944780 0 1 1 0 0 2 0 55402 280
0x0000723b3da30800 0x0000000dc3944800 0 0 0 0 0 2 0 55402 288
0x0000723b3da30880 0x0000000dc3944880 0 0 0 0 0 2 0 55402 296
0x0000723b3da30900 0x0000000dc3944900 0 1 0 0 0 2 0 55402 288
0x0000723b3da30980 0x0000000dc3944980 0 1 0 0 0 2 0 55402 296
0x0000723b3da30a00 0x0000000dc3944a00 0 0 1 0 0 2 0 55402 288
0x0000723b3da30a80 0x0000000dc3944a80 0 0 1 0 0 2 0 55402 296
0x0000723b3da30b00 0x0000000dc3944b00 0 1 1 0 0 2 0 55402 288
0x0000723b3da30b80 0x0000000dc3944b80 0 1 1 0 0 2 0 55402 296
0x0000723b3da30c00 0x0000000dc3944c00 0 0 0 0 0 2 0 55402 304
0x0000723b3da30c80 0x0000000dc3944c80 0 0 0 0 0 2 0 55402 312
0x0000723b3da30d00 0x0000000dc3944d00 0 1 0 0 0 2 0 55402 304
0x0000723b3da30d80 0x0000000dc3944d80 0 1 0 0 0 2 0 55402 312
0x0000723b3da30e00 0x0000000dc3944e00 0 0 1 0 0 2 0 55402 304
0x0000723b3da30e80 0x0000000dc3944e80 0 0 1 0 0 2 0 55402 312
0x0000723b3da30f00 0x0000000dc3944f00 0 1 1 0 0 2 0 55402 304
0x0000723b3da30f80 0x0000000dc3944f80 0 1 1 0 0 2 0 55402 312
0x0000723b3da37000 0x000000058f92c000 0 0 0 0 1 2 0 20969 256
0x0000723b3da37080 0x000000058f92c080 0 0 0 0 1 2 0 20969 264
0x0000723b3da37100 0x000000058f92c100 0 1 0 0 1 2 0 20969 256
0x0000723b3da37180 0x000000058f92c180 0 1 0 0 1 2 0 20969 264
0x0000723b3da37200 0x000000058f92c200 0 0 1 0 1 2 0 20969 256
0x0000723b3da37280 0x000000058f92c280 0 0 1 0 1 2 0 20969 264
0x0000723b3da37300 0x000000058f92c300 0 1 1 0 1 2 0 20969 256
0x0000723b3da37380 0x000000058f92c380 0 1 1 0 1 2 0 20969 264
0x0000723b3da37400 0x000000058f92c400 0 0 0 0 1 2 0 20969 272
0x0000723b3da37480 0x000000058f92c480 0 0 0 0 1 2 0 20969 280
0x0000723b3da37500 0x000000058f92c500 0 1 0 0 1 2 0 20969 272
0x0000723b3da37580 0x000000058f92c580 0 1 0 0 1 2 0 20969 280
0x0000723b3da37600 0x000000058f92c600 0 0 1 0 1 2 0 20969 272
0x0000723b3da37680 0x000000058f92c680 0 0 1 0 1 2 0 20969 280
0x0000723b3da37700 0x000000058f92c700 0 1 1 0 1 2 0 20969 272
0x0000723b3da37780 0x000000058f92c780 0 1 1 0 1 2 0 20969 280
0x0000723b3da37800 0x000000058f92c800 0 0 0 0 1 2 0 20969 288
0x0000723b3da37880 0x000000058f92c880 0 0 0 0 1 2 0 20969 296
0x0000723b3da37900 0x000000058f92c900 0 1 0 0 1 2 0 20969 288
0x0000723b3da37980 0x000000058f92c980 0 1 0 0 1 2 0 20969 296
0x0000723b3da37a00 0x000000058f92ca00 0 0 1 0 1 2 0 20969 288
0x0000723b3da37a80 0x000000058f92ca80 0 0 1 0 1 2 0 20969 296
0x0000723b3da37b00 0x000000058f92cb00 0 1 1 0 1 2 0 20969 288
0x0000723b3da37b80 0x000000058f92cb80 0 1 1 0 1 2 0 20969 296
0x0000723b3da37c00 0x000000058f92cc00 0 0 0 0 1 2 0 20969 304
0x0000723b3da37c80 0x000000058f92cc80 0 0 0 0 1 2 0 20969 312
0x0000723b3da37d00 0x000000058f92cd00 0 1 0 0 1 2 0 20969 304
0x0000723b3da37d80 0x000000058f92cd80 0 1 0 0 1 2 0 20969 312
0x0000723b3da37e00 0x000000058f92ce00 0 0 1 0 1 2 0 20969 304
0x0000723b3da37e80 0x000000058f92ce80 0 0 1 0 1 2 0 20969 312
0x0000723b3da37f00 0x000000058f92cf00 0 1 1 0 1 2 0 20969 304
0x0000723b3da37f80 0x000000058f92cf80 0 1 1 0 1 2 0 20969 312
0x0000723b3da3a000 0x0000000ece967000 0 0 0 0 0 2 0 59851 448
0x0000723b3da3a080 0x0000000ece967080 0 0 0 0 0 2 0 59851 456
0x0000723b3da3a100 0x0000000ece967100 0 1 0 0 0 2 0 59851 448
0x0000723b3da3a180 0x0000000ece967180 0 1 0 0 0 2 0 59851 456
0x0000723b3da3a200 0x0000000ece967200 0 0 1 0 0 2 0 59851 448
0x0000723b3da3a280 0x0000000ece967280 0 0 1 0 0 2 0 59851 456
0x0000723b3da3a300 0x0000000ece967300 0 1 1 0 0 2 0 59851 448
0x0000723b3da3a380 0x0000000ece967380 0 1 1 0 0 2 0 59851 456
0x0000723b3da3a400 0x0000000ece967400 0 0 0 0 0 2 0 59851 464
0x0000723b3da3a480 0x0000000ece967480 0 0 0 0 0 2 0 59851 472
0x0000723b3da3a500 0x0000000ece967500 0 1 0 0 0 2 0 59851 464
0x0000723b3da3a580 0x0000000ece967580 0 1 0 0 0 2 0 59851 472
0x0000723b3da3a600 0x0000000ece967600 0 0 1 0 0 2 0 59851 464
0x0000723b3da3a680 0x0000000ece967680 0 0 1 0 0 2 0 59851 472
0x0000723b3da3a700 0x0000000ece967700 0 1 1 0 0 2 0 59851 464
0x0000723b3da3a780 0x0000000ece967780 0 1 1 0 0 2 0 59851 472
0x0000723b3da3a800 0x0000000ece967800 0 0 0 0 0 2 0 59851 480
0x0000723b3da3a880 0x0000000ece967880 0 0 0 0 0 2 0 59851 488
0x0000723b3da3a900 0x0000000ece967900 0 1 0 0 0 2 0 59851 480
0x0000723b3da3a980 0x0000000ece967980 0 1 0 0 0 2 0 59851 488
0x0000723b3da3aa00 0x0000000ece967a00 0 0 1 0 0 2 0 59851 480
0x0000723b3da3aa80 0x0000000ece967a80 0 0 1 0 0 2 0 59851 488
0x0000723b3da3ab00 0x0000000ece967b00 0 1 1 0 0 2 0 59851 480
0x0000723b3da3ab80 0x0000000ece967b80 0 1 1 0 0 2 0 59851 488
0x0000723b3da3ac00 0x0000000ece967c00 0 0 0 0 0 2 0 59851 496
0x0000723b3da3ac80 0x0000000ece967c80 0 0 0 0 0 2 0 59851 504
0x0000723b3da3ad00 0x0000000ece967d00 0 1 0 0 0 2 0 59851 496
0x0000723b3da3ad80 0x0000000ece967d80 0 1 0 0 0 2 0 59851 504
0x0000723b3da3ae00 0x0000000ece967e00 0 0 1 0 0 2 0 59851 496
0x0000723b3da3ae80 0x0000000ece967e80 0 0 1 0 0 2 0 59851 504
0x0000723b3da3af00 0x0000000ece967f00 0 1 1 0 0 2 0 59851 496
0x0000723b3da3af80 0x0000000ece967f80 0 1 1 0 0 2 0 59851 504
0x0000723b3da3f000 0x000000059793f000 0 0 0 0 1 2 0 21225 960
0x0000723b3da3f080 0x000000059793f080 0 0 0 0 1 2 0 21225 968
0x0000723b3da3f100 0x000000059793f100 0 1 0 0 1 2 0 21225 960
0x0000723b3da3f180 0x000000059793f180 0 1 0 0 1 2 0 21225 968
0x0000723b3da3f200 0x000000059793f200 0 0 1 0 1 2 0 21225 960
0x0000723b3da3f280 0x000000059793f280 0 0 1 0 1 2 0 21225 968
0x0000723b3da3f300 0x000000059793f300 0 1 1 0 1 2 0 21225 960
0x0000723b3da3f380 0x000000059793f380 0 1 1 0 1 2 0 21225 968
0x0000723b3da3f400 0x000000059793f400 0 0 0 0 1 2 0 21225 976
0x0000723b3da3f480 0x000000059793f480 0 0 0 0 1 2 0 21225 984
0x0000723b3da3f500 0x000000059793f500 0 1 0 0 1 2 0 21225 976
0x0000723b3da3f580 0x000000059793f580 0 1 0 0 1 2 0 21225 984
0x0000723b3da3f600 0x000000059793f600 0 0 1 0 1 2 0 21225 976
0x0000723b3da3f680 0x000000059793f680 0 0 1 0 1 2 0 21225 984
0x0000723b3da3f700 0x000000059793f700 0 1 1 0 1 2 0 21225 976
0x0000723b3da3f780 0x000000059793f780 0 1 1 0 1 2 0 21225 984
0x0000723b3da3f800 0x000000059793f800 0 0 0 0 1 2 0 21225 992
0x0000723b3da3f880 0x000000059793f880 0 0 0 0 1 2 0 21225 1000
0x0000723b3da3f900 0x000000059793f900 0 1 0 0 1 2 0 21225 992
0x0000723b3da3f980 0x000000059793f980 0 1 0 0 1 2 0 21225 1000
0x0000723b3da3fa00 0x000000059793fa00 0 0 1 0 1 2 0 21225 992
0x0000723b3da3fa80 0x000000059793fa80 0 0 1 0 1 2 0 21225 1000
0x0000723b3da3fb00 0x000000059793fb00 0 1 1 0 1 2 0 21225 992
0x0000723b3da3fb80 0x000000059793fb80 0 1 1 0 1 2 0 21225 1000
0x0000723b3da3fc00 0x000000059793fc00 0 0 0 0 1 2 0 21225 1008
0x0000723b3da3fc80 0x000000059793fc80 0 0 0 0 1 2 0 21225 1016
0x0000723b3da3fd00 0x000000059793fd00 0 1 0 0 1 2 0 21225 1008
0x0000723b3da3fd80 0x000000059793fd80 0 1 0 0 1 2 0 21225 1016
0x0000723b3da3fe00 0x000000059793fe00 0 0 1 0 1 2 0 21225 1008
0x0000723b3da3fe80 0x000000059793fe80 0 0 1 0 1 2 0 21225 1016
0x0000723b3da3ff00 0x000000059793ff00 0 1 1 0 1 2 0 21225 1008
0x0000723b3da3ff80 0x000000059793ff80 0 1 1 0 1 2 0 21225 1016
0x0000723b3da41000 0x0000000dc3947000 0 0 0 0 0 2 0 55402 448
0x0000723b3da41080 0x0000000dc3947080 0 0 0 0 0 2 0 55402 456
0x0000723b3da41100 0x0000000dc3947100 0 1 0 0 0 2 0 55402 448
0x0000723b3da41180 0x0000000dc3947180 0 1 0 0 0 2 0 55402 456
0x0000723b3da41200 0x0000000dc3947200 0 0 1 0 0 2 0 55402 448
0x0000723b3da41280 0x0000000dc3947280 0 0 1 0 0 2 0 55402 456
0x0000723b3da41300 0x0000000dc3947300 0 1 1 0 0 2 0 55402 448
0x0000723b3da41380 0x0000000dc3947380 0 1 1 0 0 2 0 55402 456
0x0000723b3da41400 0x0000000dc3947400 0 0 0 0 0 2 0 55402 464
0x0000723b3da41480 0x0000000dc3947480 0 0 0 0 0 2 0 55402 472
0x0000723b3da41500 0x0000000dc3947500 0 1 0 0 0 2 0 55402 464
0x0000723b3da41580 0x0000000dc3947580 0 1 0 0 0 2 0 55402 472
0x0000723b3da41600 0x0000000dc3947600 0 0 1 0 0 2 0 55402 464
0x0000723b3da41680 0x0000000dc3947680 0 0 1 0 0 2 0 55402 472
0x0000723b3da41700 0x0000000dc3947700 0 1 1 0 0 2 0 55402 464
0x0000723b3da41780 0x0000000dc3947780 0 1 1 0 0 2 0 55402 472
0x0000723b3da41800 0x0000000dc3947800 0 0 0 0 0 2 0 55402 480
0x0000723b3da41880 0x0000000dc3947880 0 0 0 0 0 2 0 55402 488
0x0000723b3da41900 0x0000000dc3947900 0 1 0 0 0 2 0 55402 480
0x0000723b3da41980 0x0000000dc3947980 0 1 0 0 0 2 0 55402 488
0x0000723b3da41a00 0x0000000dc3947a00 0 0 1 0 0 2 0 55402 480
0x0000723b3da41a80 0x0000000dc3947a80 0 0 1 0 0 2 0 55402 488
0x0000723b3da41b00 0x0000000dc3947b00 0 1 1 0 0 2 0 55402 480
0x0000723b3da41b80 0x0000000dc3947b80 0 1 1 0 0 2 0 55402 488
0x0000723b3da41c00 0x0000000dc3947c00 0 0 0 0 0 2 0 55402 496
0x0000723b3da41c80 0x0000000dc3947c80 0 0 0 0 0 2 0 55402 504
0x0000723b3da41d00 0x0000000dc3947d00 0 1 0 0 0 2 0 55402 496
0x0000723b3da41d80 0x0000000dc3947d80 0 1 0 0 0 2 0 55402 504
0x0000723b3da41e00 0x0000000dc3947e00 0 0 1 0 0 2 0 55402 496
0x0000723b3da41e80 0x0000000dc3947e80 0 0 1 0 0 2 0 55402 504
0x0000723b3da41f00 0x0000000dc3947f00 0 1 1 0 0 2 0 55402 496
0x0000723b3da41f80 0x0000000dc3947f80 0 1 1 0 0 2 0 55402 504
0x0000723b3da42000 0x000000088c1cb000 0 0 0 0 1 2 0 33158 192
0x0000723b3da42080 0x000000088c1cb080 0 0 0 0 1 2 0 33158 200
0x0000723b3da42100 0x000000088c1cb100 0 1 0 0 1 2 0 33158 192
0x0000723b3da42180 0x000000088c1cb180 0 1 0 0 1 2 0 33158 200
0x0000723b3da42200 0x000000088c1cb200 0 0 1 0 1 2 0 33158 192
0x0000723b3da42280 0x000000088c1cb280 0 0 1 0 1 2 0 33158 200
0x0000723b3da42300 0x000000088c1cb300 0 1 1 0 1 2 0 33158 192
0x0000723b3da42380 0x000000088c1cb380 0 1 1 0 1 2 0 33158 200
0x0000723b3da42400 0x000000088c1cb400 0 0 0 0 1 2 0 33158 208
0x0000723b3da42480 0x000000088c1cb480 0 0 0 0 1 2 0 33158 216
0x0000723b3da42500 0x000000088c1cb500 0 1 0 0 1 2 0 33158 208
0x0000723b3da42580 0x000000088c1cb580 0 1 0 0 1 2 0 33158 216
0x0000723b3da42600 0x000000088c1cb600 0 0 1 0 1 2 0 33158 208
0x0000723b3da42680 0x000000088c1cb680 0 0 1 0 1 2 0 33158 216
0x0000723b3da42700 0x000000088c1cb700 0 1 1 0 1 2 0 33158 208
0x0000723b3da42780 0x000000088c1cb780 0 1 1 0 1 2 0 33158 216
0x0000723b3da42800 0x000000088c1cb800 0 0 0 0 1 2 0 33158 224
0x0000723b3da42880 0x000000088c1cb880 0 0 0 0 1 2 0 33158 232
0x0000723b3da42900 0x000000088c1cb900 0 1 0 0 1 2 0 33158 224
0x0000723b3da42980 0x000000088c1cb980 0 1 0 0 1 2 0 33158 232
0x0000723b3da42a00 0x000000088c1cba00 0 0 1 0 1 2 0 33158 224
0x0000723b3da42a80 0x000000088c1cba80 0 0 1 0 1 2 0 33158 232
0x0000723b3da42b00 0x000000088c1cbb00 0 1 1 0 1 2 0 33158 224
0x0000723b3da42b80 0x000000088c1cbb80 0 1 1 0 1 2 0 33158 232
0x0000723b3da42c00 0x000000088c1cbc00 0 0 0 0 1 2 0 33158 240
0x0000723b3da42c80 0x000000088c1cbc80 0 0 0 0 1 2 0 33158 248
0x0000723b3da42d00 0x000000088c1cbd00 0 1 0 0 1 2 0 33158 240
0x0000723b3da42d80 0x000000088c1cbd80 0 1 0 0 1 2 0 33158 248
0x0000723b3da42e00 0x000000088c1cbe00 0 0 1 0 1 2 0 33158 240
0x0000723b3da42e80 0x000000088c1cbe80 0 0 1 0 1 2 0 33158 248
0x0000723b3da42f00 0x000000088c1cbf00 0 1 1 0 1 2 0 33158 240
0x0000723b3da42f80 0x000000088c1cbf80 0 1 1 0 1 2 0 33158 248
0x0000723b3da51000 0x0000000b7e9cc000 0 0 0 0 1 2 0 45022 256
0x0000723b3da51080 0x0000000b7e9cc080 0 0 0 0 1 2 0 45022 264
0x0000723b3da51100 0x0000000b7e9cc100 0 1 0 0 1 2 0 45022 256
0x0000723b3da51180 0x0000000b7e9cc180 0 1 0 0 1 2 0 45022 264
0x0000723b3da51200 0x0000000b7e9cc200 0 0 1 0 1 2 0 45022 256
0x0000723b3da51280 0x0000000b7e9cc280 0 0 1 0 1 2 0 45022 264
0x0000723b3da51300 0x0000000b7e9cc300 0 1 1 0 1 2 0 45022 256
0x0000723b3da51380 0x0000000b7e9cc380 0 1 1 0 1 2 0 45022 264
0x0000723b3da51400 0x0000000b7e9cc400 0 0 0 0 1 2 0 45022 272
0x0000723b3da51480 0x0000000b7e9cc480 0 0 0 0 1 2 0 45022 280
0x0000723b3da51500 0x0000000b7e9cc500 0 1 0 0 1 2 0 45022 272
0x0000723b3da51580 0x0000000b7e9cc580 0 1 0 0 1 2 0 45022 280
0x0000723b3da51600 0x0000000b7e9cc600 0 0 1 0 1 2 0 45022 272
0x0000723b3da51680 0x0000000b7e9cc680 0 0 1 0 1 2 0 45022 280
0x0000723b3da51700 0x0000000b7e9cc700 0 1 1 0 1 2 0 45022 272
0x0000723b3da51780 0x0000000b7e9cc780 0 1 1 0 1 2 0 45022 280
0x0000723b3da51800 0x0000000b7e9cc800 0 0 0 0 1 2 0 45022 288
0x0000723b3da51880 0x0000000b7e9cc880 0 0 0 0 1 2 0 45022 296
0x0000723b3da51900 0x0000000b7e9cc900 0 1 0 0 1 2 0 45022 288
0x0000723b3da51980 0x0000000b7e9cc980 0 1 0 0 1 2 0 45022 296
0x0000723b3da51a00 0x0000000b7e9cca00 0 0 1 0 1 2 0 45022 288
0x0000723b3da51a80 0x0000000b7e9cca80 0 0 1 0 1 2 0 45022 296
0x0000723b3da51b00 0x0000000b7e9ccb00 0 1 1 0 1 2 0 45022 288
0x0000723b3da51b80 0x0000000b7e9ccb80 0 1 1 0 1 2 0 45022 296
0x0000723b3da51c00 0x0000000b7e9ccc00 0 0 0 0 1 2 0 45022 304
0x0000723b3da51c80 0x0000000b7e9ccc80 0 0 0 0 1 2 0 45022 312
0x0000723b3da51d00 0x0000000b7e9ccd00 0 1 0 0 1 2 0 45022 304
0x0000723b3da51d80 0x0000000b7e9ccd80 0 1 0 0 1 2 0 45022 312
0x0000723b3da51e00 0x0000000b7e9cce00 0 0 1 0 1 2 0 45022 304
0x0000723b3da51e80 0x0000000b7e9cce80 0 0 1 0 1 2 0 45022 312
0x0000723b3da51f00 0x0000000b7e9ccf00 0 1 1 0 1 2 0 45022 304
0x0000723b3da51f80 0x0000000b7e9ccf80 0 1 1 0 1 2 0 45022 312
0x0000723b3da53000 0x00000008f79db000 0 0 0 0 1 2 0 36590 704
0x0000723b3da53080 0x00000008f79db080 0 0 0 0 1 2 0 36590 712
0x0000723b3da53100 0x00000008f79db100 0 1 0 0 1 2 0 36590 704
0x0000723b3da53180 0x00000008f79db180 0 1 0 0 1 2 0 36590 712
0x0000723b3da53200 0x00000008f79db200 0 0 1 0 1 2 0 36590 704
0x0000723b3da53280 0x00000008f79db280 0 0 1 0 1 2 0 36590 712
0x0000723b3da53300 0x00000008f79db300 0 1 1 0 1 2 0 36590 704
0x0000723b3da53380 0x00000008f79db380 0 1 1 0 1 2 0 36590 712
0x0000723b3da53400 0x00000008f79db400 0 0 0 0 1 2 0 36590 720
0x0000723b3da53480 0x00000008f79db480 0 0 0 0 1 2 0 36590 728
0x0000723b3da53500 0x00000008f79db500 0 1 0 0 1 2 0 36590 720
0x0000723b3da53580 0x00000008f79db580 0 1 0 0 1 2 0 36590 728
0x0000723b3da53600 0x00000008f79db600 0 0 1 0 1 2 0 36590 720
0x0000723b3da53680 0x00000008f79db680 0 0 1 0 1 2 0 36590 728
0x0000723b3da53700 0x00000008f79db700 0 1 1 0 1 2 0 36590 720
0x0000723b3da53780 0x00000008f79db780 0 1 1 0 1 2 0 36590 728
0x0000723b3da53800 0x00000008f79db800 0 0 0 0 1 2 0 36590 736
0x0000723b3da53880 0x00000008f79db880 0 0 0 0 1 2 0 36590 744
0x0000723b3da53900 0x00000008f79db900 0 1 0 0 1 2 0 36590 736
0x0000723b3da53980 0x00000008f79db980 0 1 0 0 1 2 0 36590 744
0x0000723b3da53a00 0x00000008f79dba00 0 0 1 0 1 2 0 36590 736
0x0000723b3da53a80 0x00000008f79dba80 0 0 1 0 1 2 0 36590 744
0x0000723b3da53b00 0x00000008f79dbb00 0 1 1 0 1 2 0 36590 736
0x0000723b3da53b80 0x00000008f79dbb80 0 1 1 0 1 2 0 36590 744
0x0000723b3da53c00 0x00000008f79dbc00 0 0 0 0 1 2 0 36590 752
0x0000723b3da53c80 0x00000008f79dbc80 0 0 0 0 1 2 0 36590 760
0x0000723b3da53d00 0x00000008f79dbd00 0 1 0 0 1 2 0 36590 752
0x0000723b3da53d80 0x00000008f79dbd80 0 1 0 0 1 2 0 36590 760
0x0000723b3da53e00 0x00000008f79dbe00 0 0 1 0 1 2 0 36590 752
0x0000723b3da53e80 0x00000008f79dbe80 0 0 1 0 1 2 0 36590 760
0x0000723b3da53f00 0x00000008f79dbf00 0 1 1 0 1 2 0 36590 752
0x0000723b3da53f80 0x00000008f79dbf80 0 1 1 0 1 2 0 36590 760
0x0000723b3da6d000 0x0000000dcf9a3000 0 0 0 0 0 2 0 55789 192
0x0000723b3da6d080 0x0000000dcf9a3080 0 0 0 0 0 2 0 55789 200
0x0000723b3da6d100 0x0000000dcf9a3100 0 1 0 0 0 2 0 55789 192
0x0000723b3da6d180 0x0000000dcf9a3180 0 1 0 0 0 2 0 55789 200
0x0000723b3da6d200 0x0000000dcf9a3200 0 0 1 0 0 2 0 55789 192
0x0000723b3da6d280 0x0000000dcf9a3280 0 0 1 0 0 2 0 55789 200
0x0000723b3da6d300 0x0000000dcf9a3300 0 1 1 0 0 2 0 55789 192
0x0000723b3da6d380 0x0000000dcf9a3380 0 1 1 0 0 2 0 55789 200
0x0000723b3da6d400 0x0000000dcf9a3400 0 0 0 0 0 2 0 55789 208
0x0000723b3da6d480 0x0000000dcf9a3480 0 0 0 0 0 2 0 55789 216
0x0000723b3da6d500 0x0000000dcf9a3500 0 1 0 0 0 2 0 55789 208
0x0000723b3da6d580 0x0000000dcf9a3580 0 1 0 0 0 2 0 55789 216
0x0000723b3da6d600 0x0000000dcf9a3600 0 0 1 0 0 2 0 55789 208
0x0000723b3da6d680 0x0000000dcf9a3680 0 0 1 0 0 2 0 55789 216
0x0000723b3da6d700 0x0000000dcf9a3700 0 1 1 0 0 2 0 55789 208
0x0000723b3da6d780 0x0000000dcf9a3780 0 1 1 0 0 2 0 55789 216
0x0000723b3da6d800 0x0000000dcf9a3800 0 0 0 0 0 2 0 55789 224
0x0000723b3da6d880 0x0000000dcf9a3880 0 0 0 0 0 2 0 55789 232
0x0000723b3da6d900 0x0000000dcf9a3900 0 1 0 0 0 2 0 55789 224
0x0000723b3da6d980 0x0000000dcf9a3980 0 1 0 0 0 2 0 55789 232
0x0000723b3da6da00 0x0000000dcf9a3a00 0 0 1 0 0 2 0 55789 224
0x0000723b3da6da80 0x0000000dcf9a3a80 0 0 1 0 0 2 0 55789 232
0x0000723b3da6db00 0x0000000dcf9a3b00 0 1 1 0 0 2 0 55789 224
0x0000723b3da6db80 0x0000000dcf9a3b80 0 1 1 0 0 2 0 55789 232
0x0000723b3da6dc00 0x0000000dcf9a3c00 0 0 0 0 0 2 0 55789 240
0x0000723b3da6dc80 0x0000000dcf9a3c80 0 0 0 0 0 2 0 55789 248
0x0000723b3da6dd00 0x0000000dcf9a3d00 0 1 0 0 0 2 0 55789 240
0x0000723b3da6dd80 0x0000000dcf9a3d80 0 1 0 0 0 2 0 55789 248
0x0000723b3da6de00 0x0000000dcf9a3e00 0 0 1 0 0 2 0 55789 240
0x0000723b3da6de80 0x0000000dcf9a3e80 0 0 1 0 0 2 0 55789 248
0x0000723b3da6df00 0x0000000dcf9a3f00 0 1 1 0 0 2 0 55789 240
0x0000723b3da6df80 0x0000000dcf9a3f80 0 1 1 0 0 2 0 55789 248
0x0000723b3da9e000 0x000000058f92f000 0 0 0 0 1 2 0 20969 448
0x0000723b3da9e080 0x000000058f92f080 0 0 0 0 1 2 0 20969 456
0x0000723b3da9e100 0x000000058f92f100 0 1 0 0 1 2 0 20969 448
0x0000723b3da9e180 0x000000058f92f180 0 1 0 0 1 2 0 20969 456
0x0000723b3da9e200 0x000000058f92f200 0 0 1 0 1 2 0 20969 448
0x0000723b3da9e280 0x000000058f92f280 0 0 1 0 1 2 0 20969 456
0x0000723b3da9e300 0x000000058f92f300 0 1 1 0 1 2 0 20969 448
0x0000723b3da9e380 0x000000058f92f380 0 1 1 0 1 2 0 20969 456
0x0000723b3da9e400 0x000000058f92f400 0 0 0 0 1 2 0 20969 464
0x0000723b3da9e480 0x000000058f92f480 0 0 0 0 1 2 0 20969 472
0x0000723b3da9e500 0x000000058f92f500 0 1 0 0 1 2 0 20969 464
0x0000723b3da9e580 0x000000058f92f580 0 1 0 0 1 2 0 20969 472
0x0000723b3da9e600 0x000000058f92f600 0 0 1 0 1 2 0 20969 464
0x0000723b3da9e680 0x000000058f92f680 0 0 1 0 1 2 0 20969 472
0x0000723b3da9e700 0x000000058f92f700 0 1 1 0 1 2 0 20969 464
0x0000723b3da9e780 0x000000058f92f780 0 1 1 0 1 2 0 20969 472
0x0000723b3da9e800 0x000000058f92f800 0 0 0 0 1 2 0 20969 480
0x0000723b3da9e880 0x000000058f92f880 0 0 0 0 1 2 0 20969 488
0x0000723b3da9e900 0x000000058f92f900 0 1 0 0 1 2 0 20969 480
0x0000723b3da9e980 0x000000058f92f980 0 1 0 0 1 2 0 20969 488
0x0000723b3da9ea00 0x000000058f92fa00 0 0 1 0 1 2 0 20969 480
0x0000723b3da9ea80 0x000000058f92fa80 0 0 1 0 1 2 0 20969 488
0x0000723b3da9eb00 0x000000058f92fb00 0 1 1 0 1 2 0 20969 480
0x0000723b3da9eb80 0x000000058f92fb80 0 1 1 0 1 2 0 20969 488
0x0000723b3da9ec00 0x000000058f92fc00 0 0 0 0 1 2 0 20969 496
0x0000723b3da9ec80 0x000000058f92fc80 0 0 0 0 1 2 0 20969 504
0x0000723b3da9ed00 0x000000058f92fd00 0 1 0 0 1 2 0 20969 496
0x0000723b3da9ed80 0x000000058f92fd80 0 1 0 0 1 2 0 20969 504
0x0000723b3da9ee00 0x000000058f92fe00 0 0 1 0 1 2 0 20969 496
0x0000723b3da9ee80 0x000000058f92fe80 0 0 1 0 1 2 0 20969 504
0x0000723b3da9ef00 0x000000058f92ff00 0 1 1 0 1 2 0 20969 496
0x0000723b3da9ef80 0x000000058f92ff80 0 1 1 0 1 2 0 20969 504
0x0000723b3da9f000 0x000000058f92e000 0 0 0 0 1 2 0 20969 384
0x0000723b3da9f080 0x000000058f92e080 0 0 0 0 1 2 0 20969 392
0x0000723b3da9f100 0x000000058f92e100 0 1 0 0 1 2 0 20969 384
0x0000723b3da9f180 0x000000058f92e180 0 1 0 0 1 2 0 20969 392
0x0000723b3da9f200 0x000000058f92e200 0 0 1 0 1 2 0 20969 384
0x0000723b3da9f280 0x000000058f92e280 0 0 1 0 1 2 0 20969 392
0x0000723b3da9f300 0x000000058f92e300 0 1 1 0 1 2 0 20969 384
0x0000723b3da9f380 0x000000058f92e380 0 1 1 0 1 2 0 20969 392
0x0000723b3da9f400 0x000000058f92e400 0 0 0 0 1 2 0 20969 400
0x0000723b3da9f480 0x000000058f92e480 0 0 0 0 1 2 0 20969 408
0x0000723b3da9f500 0x000000058f92e500 0 1 0 0 1 2 0 20969 400
0x0000723b3da9f580 0x000000058f92e580 0 1 0 0 1 2 0 20969 408
0x0000723b3da9f600 0x000000058f92e600 0 0 1 0 1 2 0 20969 400
0x0000723b3da9f680 0x000000058f92e680 0 0 1 0 1 2 0 20969 408
0x0000723b3da9f700 0x000000058f92e700 0 1 1 0 1 2 0 20969 400
0x0000723b3da9f780 0x000000058f92e780 0 1 1 0 1 2 0 20969 408
0x0000723b3da9f800 0x000000058f92e800 0 0 0 0 1 2 0 20969 416
0x0000723b3da9f880 0x000000058f92e880 0 0 0 0 1 2 0 20969 424
0x0000723b3da9f900 0x000000058f92e900 0 1 0 0 1 2 0 20969 416
0x0000723b3da9f980 0x000000058f92e980 0 1 0 0 1 2 0 20969 424
0x0000723b3da9fa00 0x000000058f92ea00 0 0 1 0 1 2 0 20969 416
0x0000723b3da9fa80 0x000000058f92ea80 0 0 1 0 1 2 0 20969 424
0x0000723b3da9fb00 0x000000058f92eb00 0 1 1 0 1 2 0 20969 416
0x0000723b3da9fb80 0x000000058f92eb80 0 1 1 0 1 2 0 20969 424
0x0000723b3da9fc00 0x000000058f92ec00 0 0 0 0 1 2 0 20969 432
0x0000723b3da9fc80 0x000000058f92ec80 0 0 0 0 1 2 0 20969 440
0x0000723b3da9fd00 0x000000058f92ed00 0 1 0 0 1 2 0 20969 432
0x0000723b3da9fd80 0x000000058f92ed80 0 1 0 0 1 2 0 20969 440
0x0000723b3da9fe00 0x000000058f92ee00 0 0 1 0 1 2 0 20969 432
0x0000723b3da9fe80 0x000000058f92ee80 0 0 1 0 1 2 0 20969 440
0x0000723b3da9ff00 0x000000058f92ef00 0 1 1 0 1 2 0 20969 432
0x0000723b3da9ff80 0x000000058f92ef80 0 1 1 0 1 2 0 20969 440
0x0000723b3daa5000 0x0000000ea41e6000 0 0 0 0 0 2 0 58503 384
0x0000723b3daa5080 0x0000000ea41e6080 0 0 0 0 0 2 0 58503 392
0x0000723b3daa5100 0x0000000ea41e6100 0 1 0 0 0 2 0 58503 384
0x0000723b3daa5180 0x0000000ea41e6180 0 1 0 0 0 2 0 58503 392
0x0000723b3daa5200 0x0000000ea41e6200 0 0 1 0 0 2 0 58503 384
0x0000723b3daa5280 0x0000000ea41e6280 0 0 1 0 0 2 0 58503 392
0x0000723b3daa5300 0x0000000ea41e6300 0 1 1 0 0 2 0 58503 384
0x0000723b3daa5380 0x0000000ea41e6380 0 1 1 0 0 2 0 58503 392
0x0000723b3daa5400 0x0000000ea41e6400 0 0 0 0 0 2 0 58503 400
0x0000723b3daa5480 0x0000000ea41e6480 0 0 0 0 0 2 0 58503 408
0x0000723b3daa5500 0x0000000ea41e6500 0 1 0 0 0 2 0 58503 400
0x0000723b3daa5580 0x0000000ea41e6580 0 1 0 0 0 2 0 58503 408
0x0000723b3daa5600 0x0000000ea41e6600 0 0 1 0 0 2 0 58503 400
0x0000723b3daa5680 0x0000000ea41e6680 0 0 1 0 0 2 0 58503 408
0x0000723b3daa5700 0x0000000ea41e6700 0 1 1 0 0 2 0 58503 400
0x0000723b3daa5780 0x0000000ea41e6780 0 1 1 0 0 2 0 58503 408
0x0000723b3daa5800 0x0000000ea41e6800 0 0 0 0 0 2 0 58503 416
0x0000723b3daa5880 0x0000000ea41e6880 0 0 0 0 0 2 0 58503 424
0x0000723b3daa5900 0x0000000ea41e6900 0 1 0 0 0 2 0 58503 416
0x0000723b3daa5980 0x0000000ea41e6980 0 1 0 0 0 2 0 58503 424
0x0000723b3daa5a00 0x0000000ea41e6a00 0 0 1 0 0 2 0 58503 416
0x0000723b3daa5a80 0x0000000ea41e6a80 0 0 1 0 0 2 0 58503 424
0x0000723b3daa5b00 0x0000000ea41e6b00 0 1 1 0 0 2 0 58503 416
0x0000723b3daa5b80 0x0000000ea41e6b80 0 1 1 0 0 2 0 58503 424
0x0000723b3daa5c00 0x0000000ea41e6c00 0 0 0 0 0 2 0 58503 432
0x0000723b3daa5c80 0x0000000ea41e6c80 0 0 0 0 0 2 0 58503 440
0x0000723b3daa5d00 0x0000000ea41e6d00 0 1 0 0 0 2 0 58503 432
0x0000723b3daa5d80 0x0000000ea41e6d80 0 1 0 0 0 2 0 58503 440
0x0000723b3daa5e00 0x0000000ea41e6e00 0 0 1 0 0 2 0 58503 432
0x0000723b3daa5e80 0x0000000ea41e6e80 0 0 1 0 0 2 0 58503 440
0x0000723b3daa5f00 0x0000000ea41e6f00 0 1 1 0 0 2 0 58503 432
0x0000723b3daa5f80 0x0000000ea41e6f80 0 1 1 0 0 2 0 58503 440
0x0000723b3daa9000 0x0000000dc3946000 0 0 0 0 0 2 0 55402 384
0x0000723b3daa9080 0x0000000dc3946080 0 0 0 0 0 2 0 55402 392
0x0000723b3daa9100 0x0000000dc3946100 0 1 0 0 0 2 0 55402 384
0x0000723b3daa9180 0x0000000dc3946180 0 1 0 0 0 2 0 55402 392
0x0000723b3daa9200 0x0000000dc3946200 0 0 1 0 0 2 0 55402 384
0x0000723b3daa9280 0x0000000dc3946280 0 0 1 0 0 2 0 55402 392
0x0000723b3daa9300 0x0000000dc3946300 0 1 1 0 0 2 0 55402 384
0x0000723b3daa9380 0x0000000dc3946380 0 1 1 0 0 2 0 55402 392
0x0000723b3daa9400 0x0000000dc3946400 0 0 0 0 0 2 0 55402 400
0x0000723b3daa9480 0x0000000dc3946480 0 0 0 0 0 2 0 55402 408
0x0000723b3daa9500 0x0000000dc3946500 0 1 0 0 0 2 0 55402 400
0x0000723b3daa9580 0x0000000dc3946580 0 1 0 0 0 2 0 55402 408
0x0000723b3daa9600 0x0000000dc3946600 0 0 1 0 0 2 0 55402 400
0x0000723b3daa9680 0x0000000dc3946680 0 0 1 0 0 2 0 55402 408
0x0000723b3daa9700 0x0000000dc3946700 0 1 1 0 0 2 0 55402 400
0x0000723b3daa9780 0x0000000dc3946780 0 1 1 0 0 2 0 55402 408
0x0000723b3daa9800 0x0000000dc3946800 0 0 0 0 0 2 0 55402 416
0x0000723b3daa9880 0x0000000dc3946880 0 0 0 0 0 2 0 55402 424
0x0000723b3daa9900 0x0000000dc3946900 0 1 0 0 0 2 0 55402 416
0x0000723b3daa9980 0x0000000dc3946980 0 1 0 0 0 2 0 55402 424
0x0000723b3daa9a00 0x0000000dc3946a00 0 0 1 0 0 2 0 55402 416
0x0000723b3daa9a80 0x0000000dc3946a80 0 0 1 0 0 2 0 55402 424
0x0000723b3daa9b00 0x0000000dc3946b00 0 1 1 0 0 2 0 55402 416
0x0000723b3daa9b80 0x0000000dc3946b80 0 1 1 0 0 2 0 55402 424
0x0000723b3daa9c00 0x0000000dc3946c00 0 0 0 0 0 2 0 55402 432
0x0000723b3daa9c80 0x0000000dc3946c80 0 0 0 0 0 2 0 55402 440
0x0000723b3daa9d00 0x0000000dc3946d00 0 1 0 0 0 2 0 55402 432
0x0000723b3daa9d80 0x0000000dc3946d80 0 1 0 0 0 2 0 55402 440
0x0000723b3daa9e00 0x0000000dc3946e00 0 0 1 0 0 2 0 55402 432
0x0000723b3daa9e80 0x0000000dc3946e80 0 0 1 0 0 2 0 55402 440
0x0000723b3daa9f00 0x0000000dc3946f00 0 1 1 0 0 2 0 55402 432
0x0000723b3daa9f80 0x0000000dc3946f80 0 1 1 0 0 2 0 55402 440
0x0000723b3dac0000 0x000000088c1c9000 0 0 0 0 1 2 0 33158 64
0x0000723b3dac0080 0x000000088c1c9080 0 0 0 0 1 2 0 33158 72
0x0000723b3dac0100 0x000000088c1c9100 0 1 0 0 1 2 0 33158 64
0x0000723b3dac0180 0x000000088c1c9180 0 1 0 0 1 2 0 33158 72
0x0000723b3dac0200 0x000000088c1c9200 0 0 1 0 1 2 0 33158 64
0x0000723b3dac0280 0x000000088c1c9280 0 0 1 0 1 2 0 33158 72
0x0000723b3dac0300 0x000000088c1c9300 0 1 1 0 1 2 0 33158 64
0x0000723b3dac0380 0x000000088c1c9380 0 1 1 0 1 2 0 33158 72
0x0000723b3dac0400 0x000000088c1c9400 0 0 0 0 1 2 0 33158 80
0x0000723b3dac0480 0x000000088c1c9480 0 0 0 0 1 2 0 33158 88
0x0000723b3dac0500 0x000000088c1c9500 0 1 0 0 1 2 0 33158 80
0x0000723b3dac0580 0x000000088c1c9580 0 1 0 0 1 2 0 33158 88
0x0000723b3dac0600 0x000000088c1c9600 0 0 1 0 1 2 0 33158 80
0x0000723b3dac0680 0x000000088c1c9680 0 0 1 0 1 2 0 33158 88
0x0000723b3dac0700 0x000000088c1c9700 0 1 1 0 1 2 0 33158 80
0x0000723b3dac0780 0x000000088c1c9780 0 1 1 0 1 2 0 33158 88
0x0000723b3dac0800 0x000000088c1c9800 0 0 0 0 1 2 0 33158 96
0x0000723b3dac0880 0x000000088c1c9880 0 0 0 0 1 2 0 33158 104
0x0000723b3dac0900 0x000000088c1c9900 0 1 0 0 1 2 0 33158 96
0x0000723b3dac0980 0x000000088c1c9980 0 1 0 0 1 2 0 33158 104
0x0000723b3dac0a00 0x000000088c1c9a00 0 0 1 0 1 2 0 33158 96
0x0000723b3dac0a80 0x000000088c1c9a80 0 0 1 0 1 2 0 33158 104
0x0000723b3dac0b00 0x000000088c1c9b00 0 1 1 0 1 2 0 33158 96
0x0000723b3dac0b80 0x000000088c1c9b80 0 1 1 0 1 2 0 33158 104
0x0000723b3dac0c00 0x000000088c1c9c00 0 0 0 0 1 2 0 33158 112
0x0000723b3dac0c80 0x000000088c1c9c80 0 0 0 0 1 2 0 33158 120
0x0000723b3dac0d00 0x000000088c1c9d00 0 1 0 0 1 2 0 33158 112
0x0000723b3dac0d80 0x000000088c1c9d80 0 1 0 0 1 2 0 33158 120
0x0000723b3dac0e00 0x000000088c1c9e00 0 0 1 0 1 2 0 33158 112
0x0000723b3dac0e80 0x000000088c1c9e80 0 0 1 0 1 2 0 33158 120
0x0000723b3dac0f00 0x000000088c1c9f00 0 1 1 0 1 2 0 33158 112
0x0000723b3dac0f80 0x000000088c1c9f80 0 1 1 0 1 2 0 33158 120
0x0000723b3dac1000 0x000000088c1c8000 0 0 0 0 1 2 0 33158 0
0x0000723b3dac1080 0x000000088c1c8080 0 0 0 0 1 2 0 33158 8
0x0000723b3dac1100 0x000000088c1c8100 0 1 0 0 1 2 0 33158 0
0x0000723b3dac1180 0x000000088c1c8180 0 1 0 0 1 2 0 33158 8
0x0000723b3dac1200 0x000000088c1c8200 0 0 1 0 1 2 0 33158 0
0x0000723b3dac1280 0x000000088c1c8280 0 0 1 0 1 2 0 33158 8
0x0000723b3dac1300 0x000000088c1c8300 0 1 1 0 1 2 0 33158 0
0x0000723b3dac1380 0x000000088c1c8380 0 1 1 0 1 2 0 33158 8
0x0000723b3dac1400 0x000000088c1c8400 0 0 0 0 1 2 0 33158 16
0x0000723b3dac1480 0x000000088c1c8480 0 0 0 0 1 2 0 33158 24
0x0000723b3dac1500 0x000000088c1c8500 0 1 0 0 1 2 0 33158 16
0x0000723b3dac1580 0x000000088c1c8580 0 1 0 0 1 2 0 33158 24
0x0000723b3dac1600 0x000000088c1c8600 0 0 1 0 1 2 0 33158 16
0x0000723b3dac1680 0x000000088c1c8680 0 0 1 0 1 2 0 33158 24
0x0000723b3dac1700 0x000000088c1c8700 0 1 1 0 1 2 0 33158 16
0x0000723b3dac1780 0x000000088c1c8780 0 1 1 0 1 2 0 33158 24
0x0000723b3dac1800 0x000000088c1c8800 0 0 0 0 1 2 0 33158 32
0x0000723b3dac1880 0x000000088c1c8880 0 0 0 0 1 2 0 33158 40
0x0000723b3dac1900 0x000000088c1c8900 0 1 0 0 1 2 0 33158 32
0x0000723b3dac1980 0x000000088c1c8980 0 1 0 0 1 2 0 33158 40
0x0000723b3dac1a00 0x000000088c1c8a00 0 0 1 0 1 2 0 33158 32
0x0000723b3dac1a80 0x000000088c1c8a80 0 0 1 0 1 2 0 33158 40
0x0000723b3dac1b00 0x000000088c1c8b00 0 1 1 0 1 2 0 33158 32
0x0000723b3dac1b80 0x000000088c1c8b80 0 1 1 0 1 2 0 33158 40
0x0000723b3dac1c00 0x000000088c1c8c00 0 0 0 0 1 2 0 33158 48
0x0000723b3dac1c80 0x000000088c1c8c80 0 0 0 0 1 2 0 33158 56
0x0000723b3dac1d00 0x000000088c1c8d00 0 1 0 0 1 2 0 33158 48
0x0000723b3dac1d80 0x000000088c1c8d80 0 1 0 0 1 2 0 33158 56
0x0000723b3dac1e00 0x000000088c1c8e00 0 0 1 0 1 2 0 33158 48
0x0000723b3dac1e80 0x000000088c1c8e80 0 0 1 0 1 2 0 33158 56
0x0000723b3dac1f00 0x000000088c1c8f00 0 1 1 0 1 2 0 33158 48
0x0000723b3dac1f80 0x000000088c1c8f80 0 1 1 0 1 2 0 33158 56
0x0000723b3dac9000 0x0000000261963000 0 0 0 0 0 2 0 7227 192
0x0000723b3dac9080 0x0000000261963080 0 0 0 0 0 2 0 7227 200
0x0000723b3dac9100 0x0000000261963100 0 1 0 0 0 2 0 7227 192
0x0000723b3dac9180 0x0000000261963180 0 1 0 0 0 2 0 7227 200
0x0000723b3dac9200 0x0000000261963200 0 0 1 0 0 2 0 7227 192
0x0000723b3dac9280 0x0000000261963280 0 0 1 0 0 2 0 7227 200
0x0000723b3dac9300 0x0000000261963300 0 1 1 0 0 2 0 7227 192
0x0000723b3dac9380 0x0000000261963380 0 1 1 0 0 2 0 7227 200
0x0000723b3dac9400 0x0000000261963400 0 0 0 0 0 2 0 7227 208
0x0000723b3dac9480 0x0000000261963480 0 0 0 0 0 2 0 7227 216
0x0000723b3dac9500 0x0000000261963500 0 1 0 0 0 2 0 7227 208
0x0000723b3dac9580 0x0000000261963580 0 1 0 0 0 2 0 7227 216
0x0000723b3dac9600 0x0000000261963600 0 0 1 0 0 2 0 7227 208
0x0000723b3dac9680 0x0000000261963680 0 0 1 0 0 2 0 7227 216
0x0000723b3dac9700 0x0000000261963700 0 1 1 0 0 2 0 7227 208
0x0000723b3dac9780 0x0000000261963780 0 1 1 0 0 2 0 7227 216
0x0000723b3dac9800 0x0000000261963800 0 0 0 0 0 2 0 7227 224
0x0000723b3dac9880 0x0000000261963880 0 0 0 0 0 2 0 7227 232
0x0000723b3dac9900 0x0000000261963900 0 1 0 0 0 2 0 7227 224
0x0000723b3dac9980 0x0000000261963980 0 1 0 0 0 2 0 7227 232
0x0000723b3dac9a00 0x0000000261963a00 0 0 1 0 0 2 0 7227 224
0x0000723b3dac9a80 0x0000000261963a80 0 0 1 0 0 2 0 7227 232
0x0000723b3dac9b00 0x0000000261963b00 0 1 1 0 0 2 0 7227 224
0x0000723b3dac9b80 0x0000000261963b80 0 1 1 0 0 2 0 7227 232
0x0000723b3dac9c00 0x0000000261963c00 0 0 0 0 0 2 0 7227 240
0x0000723b3dac9c80 0x0000000261963c80 0 0 0 0 0 2 0 7227 248
0x0000723b3dac9d00 0x0000000261963d00 0 1 0 0 0 2 0 7227 240
0x0000723b3dac9d80 0x0000000261963d80 0 1 0 0 0 2 0 7227 248
0x0000723b3dac9e00 0x0000000261963e00 0 0 1 0 0 2 0 7227 240
0x0000723b3dac9e80 0x0000000261963e80 0 0 1 0 0 2 0 7227 248
0x0000723b3dac9f00 0x0000000261963f00 0 1 1 0 0 2 0 7227 240
0x0000723b3dac9f80 0x0000000261963f80 0 1 1 0 0 2 0 7227 248
0x0000723b3dae1000 0x0000000ef8962000 0 0 0 0 0 2 0 61195 128
0x0000723b3dae1080 0x0000000ef8962080 0 0 0 0 0 2 0 61195 136
0x0000723b3dae1100 0x0000000ef8962100 0 1 0 0 0 2 0 61195 128
0x0000723b3dae1180 0x0000000ef8962180 0 1 0 0 0 2 0 61195 136
0x0000723b3dae1200 0x0000000ef8962200 0 0 1 0 0 2 0 61195 128
0x0000723b3dae1280 0x0000000ef8962280 0 0 1 0 0 2 0 61195 136
0x0000723b3dae1300 0x0000000ef8962300 0 1 1 0 0 2 0 61195 128
0x0000723b3dae1380 0x0000000ef8962380 0 1 1 0 0 2 0 61195 136
0x0000723b3dae1400 0x0000000ef8962400 0 0 0 0 0 2 0 61195 144
0x0000723b3dae1480 0x0000000ef8962480 0 0 0 0 0 2 0 61195 152
0x0000723b3dae1500 0x0000000ef8962500 0 1 0 0 0 2 0 61195 144
0x0000723b3dae1580 0x0000000ef8962580 0 1 0 0 0 2 0 61195 152
0x0000723b3dae1600 0x0000000ef8962600 0 0 1 0 0 2 0 61195 144
0x0000723b3dae1680 0x0000000ef8962680 0 0 1 0 0 2 0 61195 152
0x0000723b3dae1700 0x0000000ef8962700 0 1 1 0 0 2 0 61195 144
0x0000723b3dae1780 0x0000000ef8962780 0 1 1 0 0 2 0 61195 152
0x0000723b3dae1800 0x0000000ef8962800 0 0 0 0 0 2 0 61195 160
0x0000723b3dae1880 0x0000000ef8962880 0 0 0 0 0 2 0 61195 168
0x0000723b3dae1900 0x0000000ef8962900 0 1 0 0 0 2 0 61195 160
0x0000723b3dae1980 0x0000000ef8962980 0 1 0 0 0 2 0 61195 168
0x0000723b3dae1a00 0x0000000ef8962a00 0 0 1 0 0 2 0 61195 160
0x0000723b3dae1a80 0x0000000ef8962a80 0 0 1 0 0 2 0 61195 168
0x0000723b3dae1b00 0x0000000ef8962b00 0 1 1 0 0 2 0 61195 160
0x0000723b3dae1b80 0x0000000ef8962b80 0 1 1 0 0 2 0 61195 168
0x0000723b3dae1c00 0x0000000ef8962c00 0 0 0 0 0 2 0 61195 176
0x0000723b3dae1c80 0x0000000ef8962c80 0 0 0 0 0 2 0 61195 184
0x0000723b3dae1d00 0x0000000ef8962d00 0 1 0 0 0 2 0 61195 176
0x0000723b3dae1d80 0x0000000ef8962d80 0 1 0 0 0 2 0 61195 184
0x0000723b3dae1e00 0x0000000ef8962e00 0 0 1 0 0 2 0 61195 176
0x0000723b3dae1e80 0x0000000ef8962e80 0 0 1 0 0 2 0 61195 184
0x0000723b3dae1f00 0x0000000ef8962f00 0 1 1 0 0 2 0 61195 176
0x0000723b3dae1f80 0x0000000ef8962f80 0 1 1 0 0 2 0 61195 184
0x0000723b3dafd000 0x0000000ed81f0000 0 0 0 0 0 2 0 60167 512
0x0000723b3dafd080 0x0000000ed81f0080 0 0 0 0 0 2 0 60167 520
0x0000723b3dafd100 0x0000000ed81f0100 0 1 0 0 0 2 0 60167 512
0x0000723b3dafd180 0x0000000ed81f0180 0 1 0 0 0 2 0 60167 520
0x0000723b3dafd200 0x0000000ed81f0200 0 0 1 0 0 2 0 60167 512
0x0000723b3dafd280 0x0000000ed81f0280 0 0 1 0 0 2 0 60167 520
0x0000723b3dafd300 0x0000000ed81f0300 0 1 1 0 0 2 0 60167 512
0x0000723b3dafd380 0x0000000ed81f0380 0 1 1 0 0 2 0 60167 520
0x0000723b3dafd400 0x0000000ed81f0400 0 0 0 0 0 2 0 60167 528
0x0000723b3dafd480 0x0000000ed81f0480 0 0 0 0 0 2 0 60167 536
0x0000723b3dafd500 0x0000000ed81f0500 0 1 0 0 0 2 0 60167 528
0x0000723b3dafd580 0x0000000ed81f0580 0 1 0 0 0 2 0 60167 536
0x0000723b3dafd600 0x0000000ed81f0600 0 0 1 0 0 2 0 60167 528
0x0000723b3dafd680 0x0000000ed81f0680 0 0 1 0 0 2 0 60167 536
0x0000723b3dafd700 0x0000000ed81f0700 0 1 1 0 0 2 0 60167 528
0x0000723b3dafd780 0x0000000ed81f0780 0 1 1 0 0 2 0 60167 536
0x0000723b3dafd800 0x0000000ed81f0800 0 0 0 0 0 2 0 60167 544
0x0000723b3dafd880 0x0000000ed81f0880 0 0 0 0 0 2 0 60167 552
0x0000723b3dafd900 0x0000000ed81f0900 0 1 0 0 0 2 0 60167 544
0x0000723b3dafd980 0x0000000ed81f0980 0 1 0 0 0 2 0 60167 552
0x0000723b3dafda00 0x0000000ed81f0a00 0 0 1 0 0 2 0 60167 544
0x0000723b3dafda80 0x0000000ed81f0a80 0 0 1 0 0 2 0 60167 552
0x0000723b3dafdb00 0x0000000ed81f0b00 0 1 1 0 0 2 0 60167 544
0x0000723b3dafdb80 0x0000000ed81f0b80 0 1 1 0 0 2 0 60167 552
0x0000723b3dafdc00 0x0000000ed81f0c00 0 0 0 0 0 2 0 60167 560
0x0000723b3dafdc80 0x0000000ed81f0c80 0 0 0 0 0 2 0 60167 568
0x0000723b3dafdd00 0x0000000ed81f0d00 0 1 0 0 0 2 0 60167 560
0x0000723b3dafdd80 0x0000000ed81f0d80 0 1 0 0 0 2 0 60167 568
0x0000723b3dafde00 0x0000000ed81f0e00 0 0 1 0 0 2 0 60167 560
0x0000723b3dafde80 0x0000000ed81f0e80 0 0 1 0 0 2 0 60167 568
0x0000723b3dafdf00 0x0000000ed81f0f00 0 1 1 0 0 2 0 60167 560
0x0000723b3dafdf80 0x0000000ed81f0f80 0 1 1 0 0 2 0 60167 568
0x0000723b3db07000 0x000000043a979000 0 0 0 0 1 2 0 14171 576
0x0000723b3db07080 0x000000043a979080 0 0 0 0 1 2 0 14171 584
0x0000723b3db07100 0x000000043a979100 0 1 0 0 1 2 0 14171 576
0x0000723b3db07180 0x000000043a979180 0 1 0 0 1 2 0 14171 584
0x0000723b3db07200 0x000000043a979200 0 0 1 0 1 2 0 14171 576
0x0000723b3db07280 0x000000043a979280 0 0 1 0 1 2 0 14171 584
0x0000723b3db07300 0x000000043a979300 0 1 1 0 1 2 0 14171 576
0x0000723b3db07380 0x000000043a979380 0 1 1 0 1 2 0 14171 584
0x0000723b3db07400 0x000000043a979400 0 0 0 0 1 2 0 14171 592
0x0000723b3db07480 0x000000043a979480 0 0 0 0 1 2 0 14171 600
0x0000723b3db07500 0x000000043a979500 0 1 0 0 1 2 0 14171 592
0x0000723b3db07580 0x000000043a979580 0 1 0 0 1 2 0 14171 600
0x0000723b3db07600 0x000000043a979600 0 0 1 0 1 2 0 14171 592
0x0000723b3db07680 0x000000043a979680 0 0 1 0 1 2 0 14171 600
0x0000723b3db07700 0x000000043a979700 0 1 1 0 1 2 0 14171 592
0x0000723b3db07780 0x000000043a979780 0 1 1 0 1 2 0 14171 600
0x0000723b3db07800 0x000000043a979800 0 0 0 0 1 2 0 14171 608
0x0000723b3db07880 0x000000043a979880 0 0 0 0 1 2 0 14171 616
0x0000723b3db07900 0x000000043a979900 0 1 0 0 1 2 0 14171 608
0x0000723b3db07980 0x000000043a979980 0 1 0 0 1 2 0 14171 616
0x0000723b3db07a00 0x000000043a979a00 0 0 1 0 1 2 0 14171 608
0x0000723b3db07a80 0x000000043a979a80 0 0 1 0 1 2 0 14171 616
0x0000723b3db07b00 0x000000043a979b00 0 1 1 0 1 2 0 14171 608
0x0000723b3db07b80 0x000000043a979b80 0 1 1 0 1 2 0 14171 616
0x0000723b3db07c00 0x000000043a979c00 0 0 0 0 1 2 0 14171 624
0x0000723b3db07c80 0x000000043a979c80 0 0 0 0 1 2 0 14171 632
0x0000723b3db07d00 0x000000043a979d00 0 1 0 0 1 2 0 14171 624
0x0000723b3db07d80 0x000000043a979d80 0 1 0 0 1 2 0 14171 632
0x0000723b3db07e00 0x000000043a979e00 0 0 1 0 1 2 0 14171 624
0x0000723b3db07e80 0x000000043a979e80 0 0 1 0 1 2 0 14171 632
0x0000723b3db07f00 0x000000043a979f00 0 1 1 0 1 2 0 14171 624
0x0000723b3db07f80 0x000000043a979f80 0 1 1 0 1 2 0 14171 632
