# bank_id=1 (bg=0 ba=1) n=2240
# Columns: VA PA s imc ch dimm rank bg ba row col
0x0000723b3d805000 0x0000000b5ea7c000 0 0 0 0 1 0 1 43995 768
0x0000723b3d805080 0x0000000b5ea7c080 0 0 0 0 1 0 1 43995 776
0x0000723b3d805100 0x0000000b5ea7c100 0 1 0 0 1 0 1 43995 768
0x0000723b3d805180 0x0000000b5ea7c180 0 1 0 0 1 0 1 43995 776
0x0000723b3d805200 0x0000000b5ea7c200 0 0 1 0 1 0 1 43995 768
0x0000723b3d805280 0x0000000b5ea7c280 0 0 1 0 1 0 1 43995 776
0x0000723b3d805300 0x0000000b5ea7c300 0 1 1 0 1 0 1 43995 768
0x0000723b3d805380 0x0000000b5ea7c380 0 1 1 0 1 0 1 43995 776
0x0000723b3d805400 0x0000000b5ea7c400 0 0 0 0 1 0 1 43995 784
0x0000723b3d805480 0x0000000b5ea7c480 0 0 0 0 1 0 1 43995 792
0x0000723b3d805500 0x0000000b5ea7c500 0 1 0 0 1 0 1 43995 784
0x0000723b3d805580 0x0000000b5ea7c580 0 1 0 0 1 0 1 43995 792
0x0000723b3d805600 0x0000000b5ea7c600 0 0 1 0 1 0 1 43995 784
0x0000723b3d805680 0x0000000b5ea7c680 0 0 1 0 1 0 1 43995 792
0x0000723b3d805700 0x0000000b5ea7c700 0 1 1 0 1 0 1 43995 784
0x0000723b3d805780 0x0000000b5ea7c780 0 1 1 0 1 0 1 43995 792
0x0000723b3d805800 0x0000000b5ea7c800 0 0 0 0 1 0 1 43995 800
0x0000723b3d805880 0x0000000b5ea7c880 0 0 0 0 1 0 1 43995 808
0x0000723b3d805900 0x0000000b5ea7c900 0 1 0 0 1 0 1 43995 800
0x0000723b3d805980 0x0000000b5ea7c980 0 1 0 0 1 0 1 43995 808
0x0000723b3d805a00 0x0000000b5ea7ca00 0 0 1 0 1 0 1 43995 800
0x0000723b3d805a80 0x0000000b5ea7ca80 0 0 1 0 1 0 1 43995 808
0x0000723b3d805b00 0x0000000b5ea7cb00 0 1 1 0 1 0 1 43995 800
0x0000723b3d805b80 0x0000000b5ea7cb80 0 1 1 0 1 0 1 43995 808
0x0000723b3d805c00 0x0000000b5ea7cc00 0 0 0 0 1 0 1 43995 816
0x0000723b3d805c80 0x0000000b5ea7cc80 0 0 0 0 1 0 1 43995 824
0x0000723b3d805d00 0x0000000b5ea7cd00 0 1 0 0 1 0 1 43995 816
0x0000723b3d805d80 0x0000000b5ea7cd80 0 1 0 0 1 0 1 43995 824
0x0000723b3d805e00 0x0000000b5ea7ce00 0 0 1 0 1 0 1 43995 816
0x0000723b3d805e80 0x0000000b5ea7ce80 0 0 1 0 1 0 1 43995 824
0x0000723b3d805f00 0x0000000b5ea7cf00 0 1 1 0 1 0 1 43995 816
0x0000723b3d805f80 0x0000000b5ea7cf80 0 1 1 0 1 0 1 43995 824
0x0000723b3d818000 0x00000008c2a90000 0 0 0 0 0 0 1 34892 512
0x0000723b3d818080 0x00000008c2a90080 0 0 0 0 0 0 1 34892 520
0x0000723b3d818100 0x00000008c2a90100 0 1 0 0 0 0 1 34892 512
0x0000723b3d818180 0x00000008c2a90180 0 1 0 0 0 0 1 34892 520
0x0000723b3d818200 0x00000008c2a90200 0 0 1 0 0 0 1 34892 512
0x0000723b3d818280 0x00000008c2a90280 0 0 1 0 0 0 1 34892 520
0x0000723b3d818300 0x00000008c2a90300 0 1 1 0 0 0 1 34892 512
0x0000723b3d818380 0x00000008c2a90380 0 1 1 0 0 0 1 34892 520
0x0000723b3d818400 0x00000008c2a90400 0 0 0 0 0 0 1 34892 528
0x0000723b3d818480 0x00000008c2a90480 0 0 0 0 0 0 1 34892 536
0x0000723b3d818500 0x00000008c2a90500 0 1 0 0 0 0 1 34892 528
0x0000723b3d818580 0x00000008c2a90580 0 1 0 0 0 0 1 34892 536
0x0000723b3d818600 0x00000008c2a90600 0 0 1 0 0 0 1 34892 528
0x0000723b3d818680 0x00000008c2a90680 0 0 1 0 0 0 1 34892 536
0x0000723b3d818700 0x00000008c2a90700 0 1 1 0 0 0 1 34892 528
0x0000723b3d818780 0x00000008c2a90780 0 1 1 0 0 0 1 34892 536
0x0000723b3d818800 0x00000008c2a90800 0 0 0 0 0 0 1 34892 544
0x0000723b3d818880 0x00000008c2a90880 0 0 0 0 0 0 1 34892 552
0x0000723b3d818900 0x00000008c2a90900 0 1 0 0 0 0 1 34892 544
0x0000723b3d818980 0x00000008c2a90980 0 1 0 0 0 0 1 34892 552
0x0000723b3d818a00 0x00000008c2a90a00 0 0 1 0 0 0 1 34892 544
0x0000723b3d818a80 0x00000008c2a90a80 0 0 1 0 0 0 1 34892 552
0x0000723b3d818b00 0x00000008c2a90b00 0 1 1 0 0 0 1 34892 544
0x0000723b3d818b80 0x00000008c2a90b80 0 1 1 0 0 0 1 34892 552
0x0000723b3d818c00 0x00000008c2a90c00 0 0 0 0 0 0 1 34892 560
0x0000723b3d818c80 0x00000008c2a90c80 0 0 0 0 0 0 1 34892 568
0x0000723b3d818d00 0x00000008c2a90d00 0 1 0 0 0 0 1 34892 560
0x0000723b3d818d80 0x00000008c2a90d80 0 1 0 0 0 0 1 34892 568
0x0000723b3d818e00 0x00000008c2a90e00 0 0 1 0 0 0 1 34892 560
0x0000723b3d818e80 0x00000008c2a90e80 0 0 1 0 0 0 1 34892 568
0x0000723b3d818f00 0x00000008c2a90f00 0 1 1 0 0 0 1 34892 560
0x0000723b3d818f80 0x00000008c2a90f80 0 1 1 0 0 0 1 34892 568
0x0000723b3d81b000 0x0000000afc2df000 0 0 0 0 1 0 1 44934 960
0x0000723b3d81b080 0x0000000afc2df080 0 0 0 0 1 0 1 44934 968
0x0000723b3d81b100 0x0000000afc2df100 0 1 0 0 1 0 1 44934 960
0x0000723b3d81b180 0x0000000afc2df180 0 1 0 0 1 0 1 44934 968
0x0000723b3d81b200 0x0000000afc2df200 0 0 1 0 1 0 1 44934 960
0x0000723b3d81b280 0x0000000afc2df280 0 0 1 0 1 0 1 44934 968
0x0000723b3d81b300 0x0000000afc2df300 0 1 1 0 1 0 1 44934 960
0x0000723b3d81b380 0x0000000afc2df380 0 1 1 0 1 0 1 44934 968
0x0000723b3d81b400 0x0000000afc2df400 0 0 0 0 1 0 1 44934 976
0x0000723b3d81b480 0x0000000afc2df480 0 0 0 0 1 0 1 44934 984
0x0000723b3d81b500 0x0000000afc2df500 0 1 0 0 1 0 1 44934 976
0x0000723b3d81b580 0x0000000afc2df580 0 1 0 0 1 0 1 44934 984
0x0000723b3d81b600 0x0000000afc2df600 0 0 1 0 1 0 1 44934 976
0x0000723b3d81b680 0x0000000afc2df680 0 0 1 0 1 0 1 44934 984
0x0000723b3d81b700 0x0000000afc2df700 0 1 1 0 1 0 1 44934 976
0x0000723b3d81b780 0x0000000afc2df780 0 1 1 0 1 0 1 44934 984
0x0000723b3d81b800 0x0000000afc2df800 0 0 0 0 1 0 1 44934 992
0x0000723b3d81b880 0x0000000afc2df880 0 0 0 0 1 0 1 44934 1000
0x0000723b3d81b900 0x0000000afc2df900 0 1 0 0 1 0 1 44934 992
0x0000723b3d81b980 0x0000000afc2df980 0 1 0 0 1 0 1 44934 1000
0x0000723b3d81ba00 0x0000000afc2dfa00 0 0 1 0 1 0 1 44934 992
0x0000723b3d81ba80 0x0000000afc2dfa80 0 0 1 0 1 0 1 44934 1000
0x0000723b3d81bb00 0x0000000afc2dfb00 0 1 1 0 1 0 1 44934 992
0x0000723b3d81bb80 0x0000000afc2dfb80 0 1 1 0 1 0 1 44934 1000
0x0000723b3d81bc00 0x0000000afc2dfc00 0 0 0 0 1 0 1 44934 1008
0x0000723b3d81bc80 0x0000000afc2dfc80 0 0 0 0 1 0 1 44934 1016
0x0000723b3d81bd00 0x0000000afc2dfd00 0 1 0 0 1 0 1 44934 1008
0x0000723b3d81bd80 0x0000000afc2dfd80 0 1 0 0 1 0 1 44934 1016
0x0000723b3d81be00 0x0000000afc2dfe00 0 0 1 0 1 0 1 44934 1008
0x0000723b3d81be80 0x0000000afc2dfe80 0 0 1 0 1 0 1 44934 1016
0x0000723b3d81bf00 0x0000000afc2dff00 0 1 1 0 1 0 1 44934 1008
0x0000723b3d81bf80 0x0000000afc2dff80 0 1 1 0 1 0 1 44934 1016
0x0000723b3d81c000 0x00000005582bd000 0 0 0 0 1 0 1 19221 832
0x0000723b3d81c080 0x00000005582bd080 0 0 0 0 1 0 1 19221 840
0x0000723b3d81c100 0x00000005582bd100 0 1 0 0 1 0 1 19221 832
0x0000723b3d81c180 0x00000005582bd180 0 1 0 0 1 0 1 19221 840
0x0000723b3d81c200 0x00000005582bd200 0 0 1 0 1 0 1 19221 832
0x0000723b3d81c280 0x00000005582bd280 0 0 1 0 1 0 1 19221 840
0x0000723b3d81c300 0x00000005582bd300 0 1 1 0 1 0 1 19221 832
0x0000723b3d81c380 0x00000005582bd380 0 1 1 0 1 0 1 19221 840
0x0000723b3d81c400 0x00000005582bd400 0 0 0 0 1 0 1 19221 848
0x0000723b3d81c480 0x00000005582bd480 0 0 0 0 1 0 1 19221 856
0x0000723b3d81c500 0x00000005582bd500 0 1 0 0 1 0 1 19221 848
0x0000723b3d81c580 0x00000005582bd580 0 1 0 0 1 0 1 19221 856
0x0000723b3d81c600 0x00000005582bd600 0 0 1 0 1 0 1 19221 848
0x0000723b3d81c680 0x00000005582bd680 0 0 1 0 1 0 1 19221 856
0x0000723b3d81c700 0x00000005582bd700 0 1 1 0 1 0 1 19221 848
0x0000723b3d81c780 0x00000005582bd780 0 1 1 0 1 0 1 19221 856
0x0000723b3d81c800 0x00000005582bd800 0 0 0 0 1 0 1 19221 864
0x0000723b3d81c880 0x00000005582bd880 0 0 0 0 1 0 1 19221 872
0x0000723b3d81c900 0x00000005582bd900 0 1 0 0 1 0 1 19221 864
0x0000723b3d81c980 0x00000005582bd980 0 1 0 0 1 0 1 19221 872
0x0000723b3d81ca00 0x00000005582bda00 0 0 1 0 1 0 1 19221 864
0x0000723b3d81ca80 0x00000005582bda80 0 0 1 0 1 0 1 19221 872
0x0000723b3d81cb00 0x00000005582bdb00 0 1 1 0 1 0 1 19221 864
0x0000723b3d81cb80 0x00000005582bdb80 0 1 1 0 1 0 1 19221 872
0x0000723b3d81cc00 0x00000005582bdc00 0 0 0 0 1 0 1 19221 880
0x0000723b3d81cc80 0x00000005582bdc80 0 0 0 0 1 0 1 19221 888
0x0000723b3d81cd00 0x00000005582bdd00 0 1 0 0 1 0 1 19221 880
0x0000723b3d81cd80 0x00000005582bdd80 0 1 0 0 1 0 1 19221 888
0x0000723b3d81ce00 0x00000005582bde00 0 0 1 0 1 0 1 19221 880
0x0000723b3d81ce80 0x00000005582bde80 0 0 1 0 1 0 1 19221 888
0x0000723b3d81cf00 0x00000005582bdf00 0 1 1 0 1 0 1 19221 880
0x0000723b3d81cf80 0x00000005582bdf80 0 1 1 0 1 0 1 19221 888
0x0000723b3d81e000 0x00000009d9a2a000 0 0 0 0 1 0 1 39721 128
0x0000723b3d81e080 0x00000009d9a2a080 0 0 0 0 1 0 1 39721 136
0x0000723b3d81e100 0x00000009d9a2a100 0 1 0 0 1 0 1 39721 128
0x0000723b3d81e180 0x00000009d9a2a180 0 1 0 0 1 0 1 39721 136
0x0000723b3d81e200 0x00000009d9a2a200 0 0 1 0 1 0 1 39721 128
0x0000723b3d81e280 0x00000009d9a2a280 0 0 1 0 1 0 1 39721 136
0x0000723b3d81e300 0x00000009d9a2a300 0 1 1 0 1 0 1 39721 128
0x0000723b3d81e380 0x00000009d9a2a380 0 1 1 0 1 0 1 39721 136
0x0000723b3d81e400 0x00000009d9a2a400 0 0 0 0 1 0 1 39721 144
0x0000723b3d81e480 0x00000009d9a2a480 0 0 0 0 1 0 1 39721 152
0x0000723b3d81e500 0x00000009d9a2a500 0 1 0 0 1 0 1 39721 144
0x0000723b3d81e580 0x00000009d9a2a580 0 1 0 0 1 0 1 39721 152
0x0000723b3d81e600 0x00000009d9a2a600 0 0 1 0 1 0 1 39721 144
0x0000723b3d81e680 0x00000009d9a2a680 0 0 1 0 1 0 1 39721 152
0x0000723b3d81e700 0x00000009d9a2a700 0 1 1 0 1 0 1 39721 144
0x0000723b3d81e780 0x00000009d9a2a780 0 1 1 0 1 0 1 39721 152
0x0000723b3d81e800 0x00000009d9a2a800 0 0 0 0 1 0 1 39721 160
0x0000723b3d81e880 0x00000009d9a2a880 0 0 0 0 1 0 1 39721 168
0x0000723b3d81e900 0x00000009d9a2a900 0 1 0 0 1 0 1 39721 160
0x0000723b3d81e980 0x00000009d9a2a980 0 1 0 0 1 0 1 39721 168
0x0000723b3d81ea00 0x00000009d9a2aa00 0 0 1 0 1 0 1 39721 160
0x0000723b3d81ea80 0x00000009d9a2aa80 0 0 1 0 1 0 1 39721 168
0x0000723b3d81eb00 0x00000009d9a2ab00 0 1 1 0 1 0 1 39721 160
0x0000723b3d81eb80 0x00000009d9a2ab80 0 1 1 0 1 0 1 39721 168
0x0000723b3d81ec00 0x00000009d9a2ac00 0 0 0 0 1 0 1 39721 176
0x0000723b3d81ec80 0x00000009d9a2ac80 0 0 0 0 1 0 1 39721 184
0x0000723b3d81ed00 0x00000009d9a2ad00 0 1 0 0 1 0 1 39721 176
0x0000723b3d81ed80 0x00000009d9a2ad80 0 1 0 0 1 0 1 39721 184
0x0000723b3d81ee00 0x00000009d9a2ae00 0 0 1 0 1 0 1 39721 176
0x0000723b3d81ee80 0x00000009d9a2ae80 0 0 1 0 1 0 1 39721 184
0x0000723b3d81ef00 0x00000009d9a2af00 0 1 1 0 1 0 1 39721 176
0x0000723b3d81ef80 0x00000009d9a2af80 0 1 1 0 1 0 1 39721 184
0x0000723b3d822000 0x0000000c16a99000 0 0 0 0 1 0 1 45788 576
0x0000723b3d822080 0x0000000c16a99080 0 0 0 0 1 0 1 45788 584
0x0000723b3d822100 0x0000000c16a99100 0 1 0 0 1 0 1 45788 576
0x0000723b3d822180 0x0000000c16a99180 0 1 0 0 1 0 1 45788 584
0x0000723b3d822200 0x0000000c16a99200 0 0 1 0 1 0 1 45788 576
0x0000723b3d822280 0x0000000c16a99280 0 0 1 0 1 0 1 45788 584
0x0000723b3d822300 0x0000000c16a99300 0 1 1 0 1 0 1 45788 576
0x0000723b3d822380 0x0000000c16a99380 0 1 1 0 1 0 1 45788 584
0x0000723b3d822400 0x0000000c16a99400 0 0 0 0 1 0 1 45788 592
0x0000723b3d822480 0x0000000c16a99480 0 0 0 0 1 0 1 45788 600
0x0000723b3d822500 0x0000000c16a99500 0 1 0 0 1 0 1 45788 592
0x0000723b3d822580 0x0000000c16a99580 0 1 0 0 1 0 1 45788 600
0x0000723b3d822600 0x0000000c16a99600 0 0 1 0 1 0 1 45788 592
0x0000723b3d822680 0x0000000c16a99680 0 0 1 0 1 0 1 45788 600
0x0000723b3d822700 0x0000000c16a99700 0 1 1 0 1 0 1 45788 592
0x0000723b3d822780 0x0000000c16a99780 0 1 1 0 1 0 1 45788 600
0x0000723b3d822800 0x0000000c16a99800 0 0 0 0 1 0 1 45788 608
0x0000723b3d822880 0x0000000c16a99880 0 0 0 0 1 0 1 45788 616
0x0000723b3d822900 0x0000000c16a99900 0 1 0 0 1 0 1 45788 608
0x0000723b3d822980 0x0000000c16a99980 0 1 0 0 1 0 1 45788 616
0x0000723b3d822a00 0x0000000c16a99a00 0 0 1 0 1 0 1 45788 608
0x0000723b3d822a80 0x0000000c16a99a80 0 0 1 0 1 0 1 45788 616
0x0000723b3d822b00 0x0000000c16a99b00 0 1 1 0 1 0 1 45788 608
0x0000723b3d822b80 0x0000000c16a99b80 0 1 1 0 1 0 1 45788 616
0x0000723b3d822c00 0x0000000c16a99c00 0 0 0 0 1 0 1 45788 624
0x0000723b3d822c80 0x0000000c16a99c80 0 0 0 0 1 0 1 45788 632
0x0000723b3d822d00 0x0000000c16a99d00 0 1 0 0 1 0 1 45788 624
0x0000723b3d822d80 0x0000000c16a99d80 0 1 0 0 1 0 1 45788 632
0x0000723b3d822e00 0x0000000c16a99e00 0 0 1 0 1 0 1 45788 624
0x0000723b3d822e80 0x0000000c16a99e80 0 0 1 0 1 0 1 45788 632
0x0000723b3d822f00 0x0000000c16a99f00 0 1 1 0 1 0 1 45788 624
0x0000723b3d822f80 0x0000000c16a99f80 0 1 1 0 1 0 1 45788 632
0x0000723b3d859000 0x00000008e822f000 0 0 0 0 1 0 1 36097 448
0x0000723b3d859080 0x00000008e822f080 0 0 0 0 1 0 1 36097 456
0x0000723b3d859100 0x00000008e822f100 0 1 0 0 1 0 1 36097 448
0x0000723b3d859180 0x00000008e822f180 0 1 0 0 1 0 1 36097 456
0x0000723b3d859200 0x00000008e822f200 0 0 1 0 1 0 1 36097 448
0x0000723b3d859280 0x00000008e822f280 0 0 1 0 1 0 1 36097 456
0x0000723b3d859300 0x00000008e822f300 0 1 1 0 1 0 1 36097 448
0x0000723b3d859380 0x00000008e822f380 0 1 1 0 1 0 1 36097 456
0x0000723b3d859400 0x00000008e822f400 0 0 0 0 1 0 1 36097 464
0x0000723b3d859480 0x00000008e822f480 0 0 0 0 1 0 1 36097 472
0x0000723b3d859500 0x00000008e822f500 0 1 0 0 1 0 1 36097 464
0x0000723b3d859580 0x00000008e822f580 0 1 0 0 1 0 1 36097 472
0x0000723b3d859600 0x00000008e822f600 0 0 1 0 1 0 1 36097 464
0x0000723b3d859680 0x00000008e822f680 0 0 1 0 1 0 1 36097 472
0x0000723b3d859700 0x00000008e822f700 0 1 1 0 1 0 1 36097 464
0x0000723b3d859780 0x00000008e822f780 0 1 1 0 1 0 1 36097 472
0x0000723b3d859800 0x00000008e822f800 0 0 0 0 1 0 1 36097 480
0x0000723b3d859880 0x00000008e822f880 0 0 0 0 1 0 1 36097 488
0x0000723b3d859900 0x00000008e822f900 0 1 0 0 1 0 1 36097 480
0x0000723b3d859980 0x00000008e822f980 0 1 0 0 1 0 1 36097 488
0x0000723b3d859a00 0x00000008e822fa00 0 0 1 0 1 0 1 36097 480
0x0000723b3d859a80 0x00000008e822fa80 0 0 1 0 1 0 1 36097 488
0x0000723b3d859b00 0x00000008e822fb00 0 1 1 0 1 0 1 36097 480
0x0000723b3d859b80 0x00000008e822fb80 0 1 1 0 1 0 1 36097 488
0x0000723b3d859c00 0x00000008e822fc00 0 0 0 0 1 0 1 36097 496
0x0000723b3d859c80 0x00000008e822fc80 0 0 0 0 1 0 1 36097 504
0x0000723b3d859d00 0x00000008e822fd00 0 1 0 0 1 0 1 36097 496
0x0000723b3d859d80 0x00000008e822fd80 0 1 0 0 1 0 1 36097 504
0x0000723b3d859e00 0x00000008e822fe00 0 0 1 0 1 0 1 36097 496
0x0000723b3d859e80 0x00000008e822fe80 0 0 1 0 1 0 1 36097 504
0x0000723b3d859f00 0x00000008e822ff00 0 1 1 0 1 0 1 36097 496
0x0000723b3d859f80 0x00000008e822ff80 0 1 1 0 1 0 1 36097 504
0x0000723b3d85a000 0x00000008a5a5b000 0 0 0 0 1 0 1 33962 704
0x0000723b3d85a080 0x00000008a5a5b080 0 0 0 0 1 0 1 33962 712
0x0000723b3d85a100 0x00000008a5a5b100 0 1 0 0 1 0 1 33962 704
0x0000723b3d85a180 0x00000008a5a5b180 0 1 0 0 1 0 1 33962 712
0x0000723b3d85a200 0x00000008a5a5b200 0 0 1 0 1 0 1 33962 704
0x0000723b3d85a280 0x00000008a5a5b280 0 0 1 0 1 0 1 33962 712
0x0000723b3d85a300 0x00000008a5a5b300 0 1 1 0 1 0 1 33962 704
0x0000723b3d85a380 0x00000008a5a5b380 0 1 1 0 1 0 1 33962 712
0x0000723b3d85a400 0x00000008a5a5b400 0 0 0 0 1 0 1 33962 720
0x0000723b3d85a480 0x00000008a5a5b480 0 0 0 0 1 0 1 33962 728
0x0000723b3d85a500 0x00000008a5a5b500 0 1 0 0 1 0 1 33962 720
0x0000723b3d85a580 0x00000008a5a5b580 0 1 0 0 1 0 1 33962 728
0x0000723b3d85a600 0x00000008a5a5b600 0 0 1 0 1 0 1 33962 720
0x0000723b3d85a680 0x00000008a5a5b680 0 0 1 0 1 0 1 33962 728
0x0000723b3d85a700 0x00000008a5a5b700 0 1 1 0 1 0 1 33962 720
0x0000723b3d85a780 0x00000008a5a5b780 0 1 1 0 1 0 1 33962 728
0x0000723b3d85a800 0x00000008a5a5b800 0 0 0 0 1 0 1 33962 736
0x0000723b3d85a880 0x00000008a5a5b880 0 0 0 0 1 0 1 33962 744
0x0000723b3d85a900 0x00000008a5a5b900 0 1 0 0 1 0 1 33962 736
0x0000723b3d85a980 0x00000008a5a5b980 0 1 0 0 1 0 1 33962 744
0x0000723b3d85aa00 0x00000008a5a5ba00 0 0 1 0 1 0 1 33962 736
0x0000723b3d85aa80 0x00000008a5a5ba80 0 0 1 0 1 0 1 33962 744
0x0000723b3d85ab00 0x00000008a5a5bb00 0 1 1 0 1 0 1 33962 736
0x0000723b3d85ab80 0x00000008a5a5bb80 0 1 1 0 1 0 1 33962 744
0x0000723b3d85ac00 0x00000008a5a5bc00 0 0 0 0 1 0 1 33962 752
0x0000723b3d85ac80 0x00000008a5a5bc80 0 0 0 0 1 0 1 33962 760
0x0000723b3d85ad00 0x00000008a5a5bd00 0 1 0 0 1 0 1 33962 752
0x0000723b3d85ad80 0x00000008a5a5bd80 0 1 0 0 1 0 1 33962 760
0x0000723b3d85ae00 0x00000008a5a5be00 0 0 1 0 1 0 1 33962 752
0x0000723b3d85ae80 0x00000008a5a5be80 0 0 1 0 1 0 1 33962 760
0x0000723b3d85af00 0x00000008a5a5bf00 0 1 1 0 1 0 1 33962 752
0x0000723b3d85af80 0x00000008a5a5bf80 0 1 1 0 1 0 1 33962 760
0x0000723b3d860000 0x0000000eceaed000 0 0 0 0 1 0 1 59855 320
0x0000723b3d860080 0x0000000eceaed080 0 0 0 0 1 0 1 59855 328
0x0000723b3d860100 0x0000000eceaed100 0 1 0 0 1 0 1 59855 320
0x0000723b3d860180 0x0000000eceaed180 0 1 0 0 1 0 1 59855 328
0x0000723b3d860200 0x0000000eceaed200 0 0 1 0 1 0 1 59855 320
0x0000723b3d860280 0x0000000eceaed280 0 0 1 0 1 0 1 59855 328
0x0000723b3d860300 0x0000000eceaed300 0 1 1 0 1 0 1 59855 320
0x0000723b3d860380 0x0000000eceaed380 0 1 1 0 1 0 1 59855 328
0x0000723b3d860400 0x0000000eceaed400 0 0 0 0 1 0 1 59855 336
0x0000723b3d860480 0x0000000eceaed480 0 0 0 0 1 0 1 59855 344
0x0000723b3d860500 0x0000000eceaed500 0 1 0 0 1 0 1 59855 336
0x0000723b3d860580 0x0000000eceaed580 0 1 0 0 1 0 1 59855 344
0x0000723b3d860600 0x0000000eceaed600 0 0 1 0 1 0 1 59855 336
0x0000723b3d860680 0x0000000eceaed680 0 0 1 0 1 0 1 59855 344
0x0000723b3d860700 0x0000000eceaed700 0 1 1 0 1 0 1 59855 336
0x0000723b3d860780 0x0000000eceaed780 0 1 1 0 1 0 1 59855 344
0x0000723b3d860800 0x0000000eceaed800 0 0 0 0 1 0 1 59855 352
0x0000723b3d860880 0x0000000eceaed880 0 0 0 0 1 0 1 59855 360
0x0000723b3d860900 0x0000000eceaed900 0 1 0 0 1 0 1 59855 352
0x0000723b3d860980 0x0000000eceaed980 0 1 0 0 1 0 1 59855 360
0x0000723b3d860a00 0x0000000eceaeda00 0 0 1 0 1 0 1 59855 352
0x0000723b3d860a80 0x0000000eceaeda80 0 0 1 0 1 0 1 59855 360
0x0000723b3d860b00 0x0000000eceaedb00 0 1 1 0 1 0 1 59855 352
0x0000723b3d860b80 0x0000000eceaedb80 0 1 1 0 1 0 1 59855 360
0x0000723b3d860c00 0x0000000eceaedc00 0 0 0 0 1 0 1 59855 368
0x0000723b3d860c80 0x0000000eceaedc80 0 0 0 0 1 0 1 59855 376
0x0000723b3d860d00 0x0000000eceaedd00 0 1 0 0 1 0 1 59855 368
0x0000723b3d860d80 0x0000000eceaedd80 0 1 0 0 1 0 1 59855 376
0x0000723b3d860e00 0x0000000eceaede00 0 0 1 0 1 0 1 59855 368
0x0000723b3d860e80 0x0000000eceaede80 0 0 1 0 1 0 1 59855 376
0x0000723b3d860f00 0x0000000eceaedf00 0 1 1 0 1 0 1 59855 368
0x0000723b3d860f80 0x0000000eceaedf80 0 1 1 0 1 0 1 59855 376
0x0000723b3d864000 0x0000000ebbaf2000 0 0 0 0 0 0 1 59247 640
0x0000723b3d864080 0x0000000ebbaf2080 0 0 0 0 0 0 1 59247 648
0x0000723b3d864100 0x0000000ebbaf2100 0 1 0 0 0 0 1 59247 640
0x0000723b3d864180 0x0000000ebbaf2180 0 1 0 0 0 0 1 59247 648
0x0000723b3d864200 0x0000000ebbaf2200 0 0 1 0 0 0 1 59247 640
0x0000723b3d864280 0x0000000ebbaf2280 0 0 1 0 0 0 1 59247 648
0x0000723b3d864300 0x0000000ebbaf2300 0 1 1 0 0 0 1 59247 640
0x0000723b3d864380 0x0000000ebbaf2380 0 1 1 0 0 0 1 59247 648
0x0000723b3d864400 0x0000000ebbaf2400 0 0 0 0 0 0 1 59247 656
0x0000723b3d864480 0x0000000ebbaf2480 0 0 0 0 0 0 1 59247 664
0x0000723b3d864500 0x0000000ebbaf2500 0 1 0 0 0 0 1 59247 656
0x0000723b3d864580 0x0000000ebbaf2580 0 1 0 0 0 0 1 59247 664
0x0000723b3d864600 0x0000000ebbaf2600 0 0 1 0 0 0 1 59247 656
0x0000723b3d864680 0x0000000ebbaf2680 0 0 1 0 0 0 1 59247 664
0x0000723b3d864700 0x0000000ebbaf2700 0 1 1 0 0 0 1 59247 656
0x0000723b3d864780 0x0000000ebbaf2780 0 1 1 0 0 0 1 59247 664
0x0000723b3d864800 0x0000000ebbaf2800 0 0 0 0 0 0 1 59247 672
0x0000723b3d864880 0x0000000ebbaf2880 0 0 0 0 0 0 1 59247 680
0x0000723b3d864900 0x0000000ebbaf2900 0 1 0 0 0 0 1 59247 672
0x0000723b3d864980 0x0000000ebbaf2980 0 1 0 0 0 0 1 59247 680
0x0000723b3d864a00 0x0000000ebbaf2a00 0 0 1 0 0 0 1 59247 672
0x0000723b3d864a80 0x0000000ebbaf2a80 0 0 1 0 0 0 1 59247 680
0x0000723b3d864b00 0x0000000ebbaf2b00 0 1 1 0 0 0 1 59247 672
0x0000723b3d864b80 0x0000000ebbaf2b80 0 1 1 0 0 0 1 59247 680
0x0000723b3d864c00 0x0000000ebbaf2c00 0 0 0 0 0 0 1 59247 688
0x0000723b3d864c80 0x0000000ebbaf2c80 0 0 0 0 0 0 1 59247 696
0x0000723b3d864d00 0x0000000ebbaf2d00 0 1 0 0 0 0 1 59247 688
0x0000723b3d864d80 0x0000000ebbaf2d80 0 1 0 0 0 0 1 59247 696
0x0000723b3d864e00 0x0000000ebbaf2e00 0 0 1 0 0 0 1 59247 688
0x0000723b3d864e80 0x0000000ebbaf2e80 0 0 1 0 0 0 1 59247 696
0x0000723b3d864f00 0x0000000ebbaf2f00 0 1 1 0 0 0 1 59247 688
0x0000723b3d864f80 0x0000000ebbaf2f80 0 1 1 0 0 0 1 59247 696
0x0000723b3d884000 0x000000018a258000 0 0 0 0 1 0 1 4418 512
0x0000723b3d884080 0x000000018a258080 0 0 0 0 1 0 1 4418 520
0x0000723b3d884100 0x000000018a258100 0 1 0 0 1 0 1 4418 512
0x0000723b3d884180 0x000000018a258180 0 1 0 0 1 0 1 4418 520
0x0000723b3d884200 0x000000018a258200 0 0 1 0 1 0 1 4418 512
0x0000723b3d884280 0x000000018a258280 0 0 1 0 1 0 1 4418 520
0x0000723b3d884300 0x000000018a258300 0 1 1 0 1 0 1 4418 512
0x0000723b3d884380 0x000000018a258380 0 1 1 0 1 0 1 4418 520
0x0000723b3d884400 0x000000018a258400 0 0 0 0 1 0 1 4418 528
0x0000723b3d884480 0x000000018a258480 0 0 0 0 1 0 1 4418 536
0x0000723b3d884500 0x000000018a258500 0 1 0 0 1 0 1 4418 528
0x0000723b3d884580 0x000000018a258580 0 1 0 0 1 0 1 4418 536
0x0000723b3d884600 0x000000018a258600 0 0 1 0 1 0 1 4418 528
0x0000723b3d884680 0x000000018a258680 0 0 1 0 1 0 1 4418 536
0x0000723b3d884700 0x000000018a258700 0 1 1 0 1 0 1 4418 528
0x0000723b3d884780 0x000000018a258780 0 1 1 0 1 0 1 4418 536
0x0000723b3d884800 0x000000018a258800 0 0 0 0 1 0 1 4418 544
0x0000723b3d884880 0x000000018a258880 0 0 0 0 1 0 1 4418 552
0x0000723b3d884900 0x000000018a258900 0 1 0 0 1 0 1 4418 544
0x0000723b3d884980 0x000000018a258980 0 1 0 0 1 0 1 4418 552
0x0000723b3d884a00 0x000000018a258a00 0 0 1 0 1 0 1 4418 544
0x0000723b3d884a80 0x000000018a258a80 0 0 1 0 1 0 1 4418 552
0x0000723b3d884b00 0x000000018a258b00 0 1 1 0 1 0 1 4418 544
0x0000723b3d884b80 0x000000018a258b80 0 1 1 0 1 0 1 4418 552
0x0000723b3d884c00 0x000000018a258c00 0 0 0 0 1 0 1 4418 560
0x0000723b3d884c80 0x000000018a258c80 0 0 0 0 1 0 1 4418 568
0x0000723b3d884d00 0x000000018a258d00 0 1 0 0 1 0 1 4418 560
0x0000723b3d884d80 0x000000018a258d80 0 1 0 0 1 0 1 4418 568
0x0000723b3d884e00 0x000000018a258e00 0 0 1 0 1 0 1 4418 560
0x0000723b3d884e80 0x000000018a258e80 0 0 1 0 1 0 1 4418 568
0x0000723b3d884f00 0x000000018a258f00 0 1 1 0 1 0 1 4418 560
0x0000723b3d884f80 0x000000018a258f80 0 1 1 0 1 0 1 4418 568
0x0000723b3d885000 0x0000000e9522a000 0 0 0 0 1 0 1 58017 128
0x0000723b3d885080 0x0000000e9522a080 0 0 0 0 1 0 1 58017 136
0x0000723b3d885100 0x0000000e9522a100 0 1 0 0 1 0 1 58017 128
0x0000723b3d885180 0x0000000e9522a180 0 1 0 0 1 0 1 58017 136
0x0000723b3d885200 0x0000000e9522a200 0 0 1 0 1 0 1 58017 128
0x0000723b3d885280 0x0000000e9522a280 0 0 1 0 1 0 1 58017 136
0x0000723b3d885300 0x0000000e9522a300 0 1 1 0 1 0 1 58017 128
0x0000723b3d885380 0x0000000e9522a380 0 1 1 0 1 0 1 58017 136
0x0000723b3d885400 0x0000000e9522a400 0 0 0 0 1 0 1 58017 144
0x0000723b3d885480 0x0000000e9522a480 0 0 0 0 1 0 1 58017 152
0x0000723b3d885500 0x0000000e9522a500 0 1 0 0 1 0 1 58017 144
0x0000723b3d885580 0x0000000e9522a580 0 1 0 0 1 0 1 58017 152
0x0000723b3d885600 0x0000000e9522a600 0 0 1 0 1 0 1 58017 144
0x0000723b3d885680 0x0000000e9522a680 0 0 1 0 1 0 1 58017 152
0x0000723b3d885700 0x0000000e9522a700 0 1 1 0 1 0 1 58017 144
0x0000723b3d885780 0x0000000e9522a780 0 1 1 0 1 0 1 58017 152
0x0000723b3d885800 0x0000000e9522a800 0 0 0 0 1 0 1 58017 160
0x0000723b3d885880 0x0000000e9522a880 0 0 0 0 1 0 1 58017 168
0x0000723b3d885900 0x0000000e9522a900 0 1 0 0 1 0 1 58017 160
0x0000723b3d885980 0x0000000e9522a980 0 1 0 0 1 0 1 58017 168
0x0000723b3d885a00 0x0000000e9522aa00 0 0 1 0 1 0 1 58017 160
0x0000723b3d885a80 0x0000000e9522aa80 0 0 1 0 1 0 1 58017 168
0x0000723b3d885b00 0x0000000e9522ab00 0 1 1 0 1 0 1 58017 160
0x0000723b3d885b80 0x0000000e9522ab80 0 1 1 0 1 0 1 58017 168
0x0000723b3d885c00 0x0000000e9522ac00 0 0 0 0 1 0 1 58017 176
0x0000723b3d885c80 0x0000000e9522ac80 0 0 0 0 1 0 1 58017 184
0x0000723b3d885d00 0x0000000e9522ad00 0 1 0 0 1 0 1 58017 176
0x0000723b3d885d80 0x0000000e9522ad80 0 1 0 0 1 0 1 58017 184
0x0000723b3d885e00 0x0000000e9522ae00 0 0 1 0 1 0 1 58017 176
0x0000723b3d885e80 0x0000000e9522ae80 0 0 1 0 1 0 1 58017 184
0x0000723b3d885f00 0x0000000e9522af00 0 1 1 0 1 0 1 58017 176
0x0000723b3d885f80 0x0000000e9522af80 0 1 1 0 1 0 1 58017 184
0x0000723b3d888000 0x00000004e92e2000 0 0 0 0 0 0 1 19751 128
0x0000723b3d888080 0x00000004e92e2080 0 0 0 0 0 0 1 19751 136
0x0000723b3d888100 0x00000004e92e2100 0 1 0 0 0 0 1 19751 128
0x0000723b3d888180 0x00000004e92e2180 0 1 0 0 0 0 1 19751 136
0x0000723b3d888200 0x00000004e92e2200 0 0 1 0 0 0 1 19751 128
0x0000723b3d888280 0x00000004e92e2280 0 0 1 0 0 0 1 19751 136
0x0000723b3d888300 0x00000004e92e2300 0 1 1 0 0 0 1 19751 128
0x0000723b3d888380 0x00000004e92e2380 0 1 1 0 0 0 1 19751 136
0x0000723b3d888400 0x00000004e92e2400 0 0 0 0 0 0 1 19751 144
0x0000723b3d888480 0x00000004e92e2480 0 0 0 0 0 0 1 19751 152
0x0000723b3d888500 0x00000004e92e2500 0 1 0 0 0 0 1 19751 144
0x0000723b3d888580 0x00000004e92e2580 0 1 0 0 0 0 1 19751 152
0x0000723b3d888600 0x00000004e92e2600 0 0 1 0 0 0 1 19751 144
0x0000723b3d888680 0x00000004e92e2680 0 0 1 0 0 0 1 19751 152
0x0000723b3d888700 0x00000004e92e2700 0 1 1 0 0 0 1 19751 144
0x0000723b3d888780 0x00000004e92e2780 0 1 1 0 0 0 1 19751 152
0x0000723b3d888800 0x00000004e92e2800 0 0 0 0 0 0 1 19751 160
0x0000723b3d888880 0x00000004e92e2880 0 0 0 0 0 0 1 19751 168
0x0000723b3d888900 0x00000004e92e2900 0 1 0 0 0 0 1 19751 160
0x0000723b3d888980 0x00000004e92e2980 0 1 0 0 0 0 1 19751 168
0x0000723b3d888a00 0x00000004e92e2a00 0 0 1 0 0 0 1 19751 160
0x0000723b3d888a80 0x00000004e92e2a80 0 0 1 0 0 0 1 19751 168
0x0000723b3d888b00 0x00000004e92e2b00 0 1 1 0 0 0 1 19751 160
0x0000723b3d888b80 0x00000004e92e2b80 0 1 1 0 0 0 1 19751 168
0x0000723b3d888c00 0x00000004e92e2c00 0 0 0 0 0 0 1 19751 176
0x0000723b3d888c80 0x00000004e92e2c80 0 0 0 0 0 0 1 19751 184
0x0000723b3d888d00 0x00000004e92e2d00 0 1 0 0 0 0 1 19751 176
0x0000723b3d888d80 0x00000004e92e2d80 0 1 0 0 0 0 1 19751 184
0x0000723b3d888e00 0x00000004e92e2e00 0 0 1 0 0 0 1 19751 176
0x0000723b3d888e80 0x00000004e92e2e80 0 0 1 0 0 0 1 19751 184
0x0000723b3d888f00 0x00000004e92e2f00 0 1 1 0 0 0 1 19751 176
0x0000723b3d888f80 0x00000004e92e2f80 0 1 1 0 0 0 1 19751 184
0x0000723b3d892000 0x0000000e41a13000 0 0 0 0 0 0 1 55352 704
0x0000723b3d892080 0x0000000e41a13080 0 0 0 0 0 0 1 55352 712
0x0000723b3d892100 0x0000000e41a13100 0 1 0 0 0 0 1 55352 704
0x0000723b3d892180 0x0000000e41a13180 0 1 0 0 0 0 1 55352 712
0x0000723b3d892200 0x0000000e41a13200 0 0 1 0 0 0 1 55352 704
0x0000723b3d892280 0x0000000e41a13280 0 0 1 0 0 0 1 55352 712
0x0000723b3d892300 0x0000000e41a13300 0 1 1 0 0 0 1 55352 704
0x0000723b3d892380 0x0000000e41a13380 0 1 1 0 0 0 1 55352 712
0x0000723b3d892400 0x0000000e41a13400 0 0 0 0 0 0 1 55352 720
0x0000723b3d892480 0x0000000e41a13480 0 0 0 0 0 0 1 55352 728
0x0000723b3d892500 0x0000000e41a13500 0 1 0 0 0 0 1 55352 720
0x0000723b3d892580 0x0000000e41a13580 0 1 0 0 0 0 1 55352 728
0x0000723b3d892600 0x0000000e41a13600 0 0 1 0 0 0 1 55352 720
0x0000723b3d892680 0x0000000e41a13680 0 0 1 0 0 0 1 55352 728
0x0000723b3d892700 0x0000000e41a13700 0 1 1 0 0 0 1 55352 720
0x0000723b3d892780 0x0000000e41a13780 0 1 1 0 0 0 1 55352 728
0x0000723b3d892800 0x0000000e41a13800 0 0 0 0 0 0 1 55352 736
0x0000723b3d892880 0x0000000e41a13880 0 0 0 0 0 0 1 55352 744
0x0000723b3d892900 0x0000000e41a13900 0 1 0 0 0 0 1 55352 736
0x0000723b3d892980 0x0000000e41a13980 0 1 0 0 0 0 1 55352 744
0x0000723b3d892a00 0x0000000e41a13a00 0 0 1 0 0 0 1 55352 736
0x0000723b3d892a80 0x0000000e41a13a80 0 0 1 0 0 0 1 55352 744
0x0000723b3d892b00 0x0000000e41a13b00 0 1 1 0 0 0 1 55352 736
0x0000723b3d892b80 0x0000000e41a13b80 0 1 1 0 0 0 1 55352 744
0x0000723b3d892c00 0x0000000e41a13c00 0 0 0 0 0 0 1 55352 752
0x0000723b3d892c80 0x0000000e41a13c80 0 0 0 0 0 0 1 55352 760
0x0000723b3d892d00 0x0000000e41a13d00 0 1 0 0 0 0 1 55352 752
0x0000723b3d892d80 0x0000000e41a13d80 0 1 0 0 0 0 1 55352 760
0x0000723b3d892e00 0x0000000e41a13e00 0 0 1 0 0 0 1 55352 752
0x0000723b3d892e80 0x0000000e41a13e80 0 0 1 0 0 0 1 55352 760
0x0000723b3d892f00 0x0000000e41a13f00 0 1 1 0 0 0 1 55352 752
0x0000723b3d892f80 0x0000000e41a13f80 0 1 1 0 0 0 1 55352 760
0x0000723b3d8a6000 0x0000000895a9a000 0 0 0 0 1 0 1 33452 640
0x0000723b3d8a6080 0x0000000895a9a080 0 0 0 0 1 0 1 33452 648
0x0000723b3d8a6100 0x0000000895a9a100 0 1 0 0 1 0 1 33452 640
0x0000723b3d8a6180 0x0000000895a9a180 0 1 0 0 1 0 1 33452 648
0x0000723b3d8a6200 0x0000000895a9a200 0 0 1 0 1 0 1 33452 640
0x0000723b3d8a6280 0x0000000895a9a280 0 0 1 0 1 0 1 33452 648
0x0000723b3d8a6300 0x0000000895a9a300 0 1 1 0 1 0 1 33452 640
0x0000723b3d8a6380 0x0000000895a9a380 0 1 1 0 1 0 1 33452 648
0x0000723b3d8a6400 0x0000000895a9a400 0 0 0 0 1 0 1 33452 656
0x0000723b3d8a6480 0x0000000895a9a480 0 0 0 0 1 0 1 33452 664
0x0000723b3d8a6500 0x0000000895a9a500 0 1 0 0 1 0 1 33452 656
0x0000723b3d8a6580 0x0000000895a9a580 0 1 0 0 1 0 1 33452 664
0x0000723b3d8a6600 0x0000000895a9a600 0 0 1 0 1 0 1 33452 656
0x0000723b3d8a6680 0x0000000895a9a680 0 0 1 0 1 0 1 33452 664
0x0000723b3d8a6700 0x0000000895a9a700 0 1 1 0 1 0 1 33452 656
0x0000723b3d8a6780 0x0000000895a9a780 0 1 1 0 1 0 1 33452 664
0x0000723b3d8a6800 0x0000000895a9a800 0 0 0 0 1 0 1 33452 672
0x0000723b3d8a6880 0x0000000895a9a880 0 0 0 0 1 0 1 33452 680
0x0000723b3d8a6900 0x0000000895a9a900 0 1 0 0 1 0 1 33452 672
0x0000723b3d8a6980 0x0000000895a9a980 0 1 0 0 1 0 1 33452 680
0x0000723b3d8a6a00 0x0000000895a9aa00 0 0 1 0 1 0 1 33452 672
0x0000723b3d8a6a80 0x0000000895a9aa80 0 0 1 0 1 0 1 33452 680
0x0000723b3d8a6b00 0x0000000895a9ab00 0 1 1 0 1 0 1 33452 672
0x0000723b3d8a6b80 0x0000000895a9ab80 0 1 1 0 1 0 1 33452 680
0x0000723b3d8a6c00 0x0000000895a9ac00 0 0 0 0 1 0 1 33452 688
0x0000723b3d8a6c80 0x0000000895a9ac80 0 0 0 0 1 0 1 33452 696
0x0000723b3d8a6d00 0x0000000895a9ad00 0 1 0 0 1 0 1 33452 688
0x0000723b3d8a6d80 0x0000000895a9ad80 0 1 0 0 1 0 1 33452 696
0x0000723b3d8a6e00 0x0000000895a9ae00 0 0 1 0 1 0 1 33452 688
0x0000723b3d8a6e80 0x0000000895a9ae80 0 0 1 0 1 0 1 33452 696
0x0000723b3d8a6f00 0x0000000895a9af00 0 1 1 0 1 0 1 33452 688
0x0000723b3d8a6f80 0x0000000895a9af80 0 1 1 0 1 0 1 33452 696
0x0000723b3d8aa000 0x00000002c5251000 0 0 0 0 0 0 1 10402 576
0x0000723b3d8aa080 0x00000002c5251080 0 0 0 0 0 0 1 10402 584
0x0000723b3d8aa100 0x00000002c5251100 0 1 0 0 0 0 1 10402 576
0x0000723b3d8aa180 0x00000002c5251180 0 1 0 0 0 0 1 10402 584
0x0000723b3d8aa200 0x00000002c5251200 0 0 1 0 0 0 1 10402 576
0x0000723b3d8aa280 0x00000002c5251280 0 0 1 0 0 0 1 10402 584
0x0000723b3d8aa300 0x00000002c5251300 0 1 1 0 0 0 1 10402 576
0x0000723b3d8aa380 0x00000002c5251380 0 1 1 0 0 0 1 10402 584
0x0000723b3d8aa400 0x00000002c5251400 0 0 0 0 0 0 1 10402 592
0x0000723b3d8aa480 0x00000002c5251480 0 0 0 0 0 0 1 10402 600
0x0000723b3d8aa500 0x00000002c5251500 0 1 0 0 0 0 1 10402 592
0x0000723b3d8aa580 0x00000002c5251580 0 1 0 0 0 0 1 10402 600
0x0000723b3d8aa600 0x00000002c5251600 0 0 1 0 0 0 1 10402 592
0x0000723b3d8aa680 0x00000002c5251680 0 0 1 0 0 0 1 10402 600
0x0000723b3d8aa700 0x00000002c5251700 0 1 1 0 0 0 1 10402 592
0x0000723b3d8aa780 0x00000002c5251780 0 1 1 0 0 0 1 10402 600
0x0000723b3d8aa800 0x00000002c5251800 0 0 0 0 0 0 1 10402 608
0x0000723b3d8aa880 0x00000002c5251880 0 0 0 0 0 0 1 10402 616
0x0000723b3d8aa900 0x00000002c5251900 0 1 0 0 0 0 1 10402 608
0x0000723b3d8aa980 0x00000002c5251980 0 1 0 0 0 0 1 10402 616
0x0000723b3d8aaa00 0x00000002c5251a00 0 0 1 0 0 0 1 10402 608
0x0000723b3d8aaa80 0x00000002c5251a80 0 0 1 0 0 0 1 10402 616
0x0000723b3d8aab00 0x00000002c5251b00 0 1 1 0 0 0 1 10402 608
0x0000723b3d8aab80 0x00000002c5251b80 0 1 1 0 0 0 1 10402 616
0x0000723b3d8aac00 0x00000002c5251c00 0 0 0 0 0 0 1 10402 624
0x0000723b3d8aac80 0x00000002c5251c80 0 0 0 0 0 0 1 10402 632
0x0000723b3d8aad00 0x00000002c5251d00 0 1 0 0 0 0 1 10402 624
0x0000723b3d8aad80 0x00000002c5251d80 0 1 0 0 0 0 1 10402 632
0x0000723b3d8aae00 0x00000002c5251e00 0 0 1 0 0 0 1 10402 624
0x0000723b3d8aae80 0x00000002c5251e80 0 0 1 0 0 0 1 10402 632
0x0000723b3d8aaf00 0x00000002c5251f00 0 1 1 0 0 0 1 10402 624
0x0000723b3d8aaf80 0x00000002c5251f80 0 1 1 0 0 0 1 10402 632
0x0000723b3d8bf000 0x000000088c27d000 0 0 0 0 1 0 1 33155 832
0x0000723b3d8bf080 0x000000088c27d080 0 0 0 0 1 0 1 33155 840
0x0000723b3d8bf100 0x000000088c27d100 0 1 0 0 1 0 1 33155 832
0x0000723b3d8bf180 0x000000088c27d180 0 1 0 0 1 0 1 33155 840
0x0000723b3d8bf200 0x000000088c27d200 0 0 1 0 1 0 1 33155 832
0x0000723b3d8bf280 0x000000088c27d280 0 0 1 0 1 0 1 33155 840
0x0000723b3d8bf300 0x000000088c27d300 0 1 1 0 1 0 1 33155 832
0x0000723b3d8bf380 0x000000088c27d380 0 1 1 0 1 0 1 33155 840
0x0000723b3d8bf400 0x000000088c27d400 0 0 0 0 1 0 1 33155 848
0x0000723b3d8bf480 0x000000088c27d480 0 0 0 0 1 0 1 33155 856
0x0000723b3d8bf500 0x000000088c27d500 0 1 0 0 1 0 1 33155 848
0x0000723b3d8bf580 0x000000088c27d580 0 1 0 0 1 0 1 33155 856
0x0000723b3d8bf600 0x000000088c27d600 0 0 1 0 1 0 1 33155 848
0x0000723b3d8bf680 0x000000088c27d680 0 0 1 0 1 0 1 33155 856
0x0000723b3d8bf700 0x000000088c27d700 0 1 1 0 1 0 1 33155 848
0x0000723b3d8bf780 0x000000088c27d780 0 1 1 0 1 0 1 33155 856
0x0000723b3d8bf800 0x000000088c27d800 0 0 0 0 1 0 1 33155 864
0x0000723b3d8bf880 0x000000088c27d880 0 0 0 0 1 0 1 33155 872
0x0000723b3d8bf900 0x000000088c27d900 0 1 0 0 1 0 1 33155 864
0x0000723b3d8bf980 0x000000088c27d980 0 1 0 0 1 0 1 33155 872
0x0000723b3d8bfa00 0x000000088c27da00 0 0 1 0 1 0 1 33155 864
0x0000723b3d8bfa80 0x000000088c27da80 0 0 1 0 1 0 1 33155 872
0x0000723b3d8bfb00 0x000000088c27db00 0 1 1 0 1 0 1 33155 864
0x0000723b3d8bfb80 0x000000088c27db80 0 1 1 0 1 0 1 33155 872
0x0000723b3d8bfc00 0x000000088c27dc00 0 0 0 0 1 0 1 33155 880
0x0000723b3d8bfc80 0x000000088c27dc80 0 0 0 0 1 0 1 33155 888
0x0000723b3d8bfd00 0x000000088c27dd00 0 1 0 0 1 0 1 33155 880
0x0000723b3d8bfd80 0x000000088c27dd80 0 1 0 0 1 0 1 33155 888
0x0000723b3d8bfe00 0x000000088c27de00 0 0 1 0 1 0 1 33155 880
0x0000723b3d8bfe80 0x000000088c27de80 0 0 1 0 1 0 1 33155 888
0x0000723b3d8bff00 0x000000088c27df00 0 1 1 0 1 0 1 33155 880
0x0000723b3d8bff80 0x000000088c27df80 0 1 1 0 1 0 1 33155 888
0x0000723b3d8c3000 0x0000000214a19000 0 0 0 0 1 0 1 4760 576
0x0000723b3d8c3080 0x0000000214a19080 0 0 0 0 1 0 1 4760 584
0x0000723b3d8c3100 0x0000000214a19100 0 1 0 0 1 0 1 4760 576
0x0000723b3d8c3180 0x0000000214a19180 0 1 0 0 1 0 1 4760 584
0x0000723b3d8c3200 0x0000000214a19200 0 0 1 0 1 0 1 4760 576
0x0000723b3d8c3280 0x0000000214a19280 0 0 1 0 1 0 1 4760 584
0x0000723b3d8c3300 0x0000000214a19300 0 1 1 0 1 0 1 4760 576
0x0000723b3d8c3380 0x0000000214a19380 0 1 1 0 1 0 1 4760 584
0x0000723b3d8c3400 0x0000000214a19400 0 0 0 0 1 0 1 4760 592
0x0000723b3d8c3480 0x0000000214a19480 0 0 0 0 1 0 1 4760 600
0x0000723b3d8c3500 0x0000000214a19500 0 1 0 0 1 0 1 4760 592
0x0000723b3d8c3580 0x0000000214a19580 0 1 0 0 1 0 1 4760 600
0x0000723b3d8c3600 0x0000000214a19600 0 0 1 0 1 0 1 4760 592
0x0000723b3d8c3680 0x0000000214a19680 0 0 1 0 1 0 1 4760 600
0x0000723b3d8c3700 0x0000000214a19700 0 1 1 0 1 0 1 4760 592
0x0000723b3d8c3780 0x0000000214a19780 0 1 1 0 1 0 1 4760 600
0x0000723b3d8c3800 0x0000000214a19800 0 0 0 0 1 0 1 4760 608
0x0000723b3d8c3880 0x0000000214a19880 0 0 0 0 1 0 1 4760 616
0x0000723b3d8c3900 0x0000000214a19900 0 1 0 0 1 0 1 4760 608
0x0000723b3d8c3980 0x0000000214a19980 0 1 0 0 1 0 1 4760 616
0x0000723b3d8c3a00 0x0000000214a19a00 0 0 1 0 1 0 1 4760 608
0x0000723b3d8c3a80 0x0000000214a19a80 0 0 1 0 1 0 1 4760 616
0x0000723b3d8c3b00 0x0000000214a19b00 0 1 1 0 1 0 1 4760 608
0x0000723b3d8c3b80 0x0000000214a19b80 0 1 1 0 1 0 1 4760 616
0x0000723b3d8c3c00 0x0000000214a19c00 0 0 0 0 1 0 1 4760 624
0x0000723b3d8c3c80 0x0000000214a19c80 0 0 0 0 1 0 1 4760 632
0x0000723b3d8c3d00 0x0000000214a19d00 0 1 0 0 1 0 1 4760 624
0x0000723b3d8c3d80 0x0000000214a19d80 0 1 0 0 1 0 1 4760 632
0x0000723b3d8c3e00 0x0000000214a19e00 0 0 1 0 1 0 1 4760 624
0x0000723b3d8c3e80 0x0000000214a19e80 0 0 1 0 1 0 1 4760 632
0x0000723b3d8c3f00 0x0000000214a19f00 0 1 1 0 1 0 1 4760 624
0x0000723b3d8c3f80 0x0000000214a19f80 0 1 1 0 1 0 1 4760 632
0x0000723b3d8d0000 0x00000001552de000 0 0 0 0 1 0 1 2742 896
0x0000723b3d8d0080 0x00000001552de080 0 0 0 0 1 0 1 2742 904
0x0000723b3d8d0100 0x00000001552de100 0 1 0 0 1 0 1 2742 896
0x0000723b3d8d0180 0x00000001552de180 0 1 0 0 1 0 1 2742 904
0x0000723b3d8d0200 0x00000001552de200 0 0 1 0 1 0 1 2742 896
0x0000723b3d8d0280 0x00000001552de280 0 0 1 0 1 0 1 2742 904
0x0000723b3d8d0300 0x00000001552de300 0 1 1 0 1 0 1 2742 896
0x0000723b3d8d0380 0x00000001552de380 0 1 1 0 1 0 1 2742 904
0x0000723b3d8d0400 0x00000001552de400 0 0 0 0 1 0 1 2742 912
0x0000723b3d8d0480 0x00000001552de480 0 0 0 0 1 0 1 2742 920
0x0000723b3d8d0500 0x00000001552de500 0 1 0 0 1 0 1 2742 912
0x0000723b3d8d0580 0x00000001552de580 0 1 0 0 1 0 1 2742 920
0x0000723b3d8d0600 0x00000001552de600 0 0 1 0 1 0 1 2742 912
0x0000723b3d8d0680 0x00000001552de680 0 0 1 0 1 0 1 2742 920
0x0000723b3d8d0700 0x00000001552de700 0 1 1 0 1 0 1 2742 912
0x0000723b3d8d0780 0x00000001552de780 0 1 1 0 1 0 1 2742 920
0x0000723b3d8d0800 0x00000001552de800 0 0 0 0 1 0 1 2742 928
0x0000723b3d8d0880 0x00000001552de880 0 0 0 0 1 0 1 2742 936
0x0000723b3d8d0900 0x00000001552de900 0 1 0 0 1 0 1 2742 928
0x0000723b3d8d0980 0x00000001552de980 0 1 0 0 1 0 1 2742 936
0x0000723b3d8d0a00 0x00000001552dea00 0 0 1 0 1 0 1 2742 928
0x0000723b3d8d0a80 0x00000001552dea80 0 0 1 0 1 0 1 2742 936
0x0000723b3d8d0b00 0x00000001552deb00 0 1 1 0 1 0 1 2742 928
0x0000723b3d8d0b80 0x00000001552deb80 0 1 1 0 1 0 1 2742 936
0x0000723b3d8d0c00 0x00000001552dec00 0 0 0 0 1 0 1 2742 944
0x0000723b3d8d0c80 0x00000001552dec80 0 0 0 0 1 0 1 2742 952
0x0000723b3d8d0d00 0x00000001552ded00 0 1 0 0 1 0 1 2742 944
0x0000723b3d8d0d80 0x00000001552ded80 0 1 0 0 1 0 1 2742 952
0x0000723b3d8d0e00 0x00000001552dee00 0 0 1 0 1 0 1 2742 944
0x0000723b3d8d0e80 0x00000001552dee80 0 0 1 0 1 0 1 2742 952
0x0000723b3d8d0f00 0x00000001552def00 0 1 1 0 1 0 1 2742 944
0x0000723b3d8d0f80 0x00000001552def80 0 1 1 0 1 0 1 2742 952
0x0000723b3d8da000 0x0000000e5daf7000 0 0 0 0 0 0 1 56255 960
0x0000723b3d8da080 0x0000000e5daf7080 0 0 0 0 0 0 1 56255 968
0x0000723b3d8da100 0x0000000e5daf7100 0 1 0 0 0 0 1 56255 960
0x0000723b3d8da180 0x0000000e5daf7180 0 1 0 0 0 0 1 56255 968
0x0000723b3d8da200 0x0000000e5daf7200 0 0 1 0 0 0 1 56255 960
0x0000723b3d8da280 0x0000000e5daf7280 0 0 1 0 0 0 1 56255 968
0x0000723b3d8da300 0x0000000e5daf7300 0 1 1 0 0 0 1 56255 960
0x0000723b3d8da380 0x0000000e5daf7380 0 1 1 0 0 0 1 56255 968
0x0000723b3d8da400 0x0000000e5daf7400 0 0 0 0 0 0 1 56255 976
0x0000723b3d8da480 0x0000000e5daf7480 0 0 0 0 0 0 1 56255 984
0x0000723b3d8da500 0x0000000e5daf7500 0 1 0 0 0 0 1 56255 976
0x0000723b3d8da580 0x0000000e5daf7580 0 1 0 0 0 0 1 56255 984
0x0000723b3d8da600 0x0000000e5daf7600 0 0 1 0 0 0 1 56255 976
0x0000723b3d8da680 0x0000000e5daf7680 0 0 1 0 0 0 1 56255 984
0x0000723b3d8da700 0x0000000e5daf7700 0 1 1 0 0 0 1 56255 976
0x0000723b3d8da780 0x0000000e5daf7780 0 1 1 0 0 0 1 56255 984
0x0000723b3d8da800 0x0000000e5daf7800 0 0 0 0 0 0 1 56255 992
0x0000723b3d8da880 0x0000000e5daf7880 0 0 0 0 0 0 1 56255 1000
0x0000723b3d8da900 0x0000000e5daf7900 0 1 0 0 0 0 1 56255 992
0x0000723b3d8da980 0x0000000e5daf7980 0 1 0 0 0 0 1 56255 1000
0x0000723b3d8daa00 0x0000000e5daf7a00 0 0 1 0 0 0 1 56255 992
0x0000723b3d8daa80 0x0000000e5daf7a80 0 0 1 0 0 0 1 56255 1000
0x0000723b3d8dab00 0x0000000e5daf7b00 0 1 1 0 0 0 1 56255 992
0x0000723b3d8dab80 0x0000000e5daf7b80 0 1 1 0 0 0 1 56255 1000
0x0000723b3d8dac00 0x0000000e5daf7c00 0 0 0 0 0 0 1 56255 1008
0x0000723b3d8dac80 0x0000000e5daf7c80 0 0 0 0 0 0 1 56255 1016
0x0000723b3d8dad00 0x0000000e5daf7d00 0 1 0 0 0 0 1 56255 1008
0x0000723b3d8dad80 0x0000000e5daf7d80 0 1 0 0 0 0 1 56255 1016
0x0000723b3d8dae00 0x0000000e5daf7e00 0 0 1 0 0 0 1 56255 1008
0x0000723b3d8dae80 0x0000000e5daf7e80 0 0 1 0 0 0 1 56255 1016
0x0000723b3d8daf00 0x0000000e5daf7f00 0 1 1 0 0 0 1 56255 1008
0x0000723b3d8daf80 0x0000000e5daf7f80 0 1 1 0 0 0 1 56255 1016
0x0000723b3d8df000 0x00000003862f0000 0 0 0 0 0 0 1 12487 512
0x0000723b3d8df080 0x00000003862f0080 0 0 0 0 0 0 1 12487 520
0x0000723b3d8df100 0x00000003862f0100 0 1 0 0 0 0 1 12487 512
0x0000723b3d8df180 0x00000003862f0180 0 1 0 0 0 0 1 12487 520
0x0000723b3d8df200 0x00000003862f0200 0 0 1 0 0 0 1 12487 512
0x0000723b3d8df280 0x00000003862f0280 0 0 1 0 0 0 1 12487 520
0x0000723b3d8df300 0x00000003862f0300 0 1 1 0 0 0 1 12487 512
0x0000723b3d8df380 0x00000003862f0380 0 1 1 0 0 0 1 12487 520
0x0000723b3d8df400 0x00000003862f0400 0 0 0 0 0 0 1 12487 528
0x0000723b3d8df480 0x00000003862f0480 0 0 0 0 0 0 1 12487 536
0x0000723b3d8df500 0x00000003862f0500 0 1 0 0 0 0 1 12487 528
0x0000723b3d8df580 0x00000003862f0580 0 1 0 0 0 0 1 12487 536
0x0000723b3d8df600 0x00000003862f0600 0 0 1 0 0 0 1 12487 528
0x0000723b3d8df680 0x00000003862f0680 0 0 1 0 0 0 1 12487 536
0x0000723b3d8df700 0x00000003862f0700 0 1 1 0 0 0 1 12487 528
0x0000723b3d8df780 0x00000003862f0780 0 1 1 0 0 0 1 12487 536
0x0000723b3d8df800 0x00000003862f0800 0 0 0 0 0 0 1 12487 544
0x0000723b3d8df880 0x00000003862f0880 0 0 0 0 0 0 1 12487 552
0x0000723b3d8df900 0x00000003862f0900 0 1 0 0 0 0 1 12487 544
0x0000723b3d8df980 0x00000003862f0980 0 1 0 0 0 0 1 12487 552
0x0000723b3d8dfa00 0x00000003862f0a00 0 0 1 0 0 0 1 12487 544
0x0000723b3d8dfa80 0x00000003862f0a80 0 0 1 0 0 0 1 12487 552
0x0000723b3d8dfb00 0x00000003862f0b00 0 1 1 0 0 0 1 12487 544
0x0000723b3d8dfb80 0x00000003862f0b80 0 1 1 0 0 0 1 12487 552
0x0000723b3d8dfc00 0x00000003862f0c00 0 0 0 0 0 0 1 12487 560
0x0000723b3d8dfc80 0x00000003862f0c80 0 0 0 0 0 0 1 12487 568
0x0000723b3d8dfd00 0x00000003862f0d00 0 1 0 0 0 0 1 12487 560
0x0000723b3d8dfd80 0x00000003862f0d80 0 1 0 0 0 0 1 12487 568
0x0000723b3d8dfe00 0x00000003862f0e00 0 0 1 0 0 0 1 12487 560
0x0000723b3d8dfe80 0x00000003862f0e80 0 0 1 0 0 0 1 12487 568
0x0000723b3d8dff00 0x00000003862f0f00 0 1 1 0 0 0 1 12487 560
0x0000723b3d8dff80 0x00000003862f0f80 0 1 1 0 0 0 1 12487 568
0x0000723b3d8ee000 0x00000007752e3000 0 0 0 0 0 0 1 28343 192
0x0000723b3d8ee080 0x00000007752e3080 0 0 0 0 0 0 1 28343 200
0x0000723b3d8ee100 0x00000007752e3100 0 1 0 0 0 0 1 28343 192
0x0000723b3d8ee180 0x00000007752e3180 0 1 0 0 0 0 1 28343 200
0x0000723b3d8ee200 0x00000007752e3200 0 0 1 0 0 0 1 28343 192
0x0000723b3d8ee280 0x00000007752e3280 0 0 1 0 0 0 1 28343 200
0x0000723b3d8ee300 0x00000007752e3300 0 1 1 0 0 0 1 28343 192
0x0000723b3d8ee380 0x00000007752e3380 0 1 1 0 0 0 1 28343 200
0x0000723b3d8ee400 0x00000007752e3400 0 0 0 0 0 0 1 28343 208
0x0000723b3d8ee480 0x00000007752e3480 0 0 0 0 0 0 1 28343 216
0x0000723b3d8ee500 0x00000007752e3500 0 1 0 0 0 0 1 28343 208
0x0000723b3d8ee580 0x00000007752e3580 0 1 0 0 0 0 1 28343 216
0x0000723b3d8ee600 0x00000007752e3600 0 0 1 0 0 0 1 28343 208
0x0000723b3d8ee680 0x00000007752e3680 0 0 1 0 0 0 1 28343 216
0x0000723b3d8ee700 0x00000007752e3700 0 1 1 0 0 0 1 28343 208
0x0000723b3d8ee780 0x00000007752e3780 0 1 1 0 0 0 1 28343 216
0x0000723b3d8ee800 0x00000007752e3800 0 0 0 0 0 0 1 28343 224
0x0000723b3d8ee880 0x00000007752e3880 0 0 0 0 0 0 1 28343 232
0x0000723b3d8ee900 0x00000007752e3900 0 1 0 0 0 0 1 28343 224
0x0000723b3d8ee980 0x00000007752e3980 0 1 0 0 0 0 1 28343 232
0x0000723b3d8eea00 0x00000007752e3a00 0 0 1 0 0 0 1 28343 224
0x0000723b3d8eea80 0x00000007752e3a80 0 0 1 0 0 0 1 28343 232
0x0000723b3d8eeb00 0x00000007752e3b00 0 1 1 0 0 0 1 28343 224
0x0000723b3d8eeb80 0x00000007752e3b80 0 1 1 0 0 0 1 28343 232
0x0000723b3d8eec00 0x00000007752e3c00 0 0 0 0 0 0 1 28343 240
0x0000723b3d8eec80 0x00000007752e3c80 0 0 0 0 0 0 1 28343 248
0x0000723b3d8eed00 0x00000007752e3d00 0 1 0 0 0 0 1 28343 240
0x0000723b3d8eed80 0x00000007752e3d80 0 1 0 0 0 0 1 28343 248
0x0000723b3d8eee00 0x00000007752e3e00 0 0 1 0 0 0 1 28343 240
0x0000723b3d8eee80 0x00000007752e3e80 0 0 1 0 0 0 1 28343 248
0x0000723b3d8eef00 0x00000007752e3f00 0 1 1 0 0 0 1 28343 240
0x0000723b3d8eef80 0x00000007752e3f80 0 1 1 0 0 0 1 28343 248
0x0000723b3d8fb000 0x00000007a9a6c000 0 0 0 0 1 0 1 29995 256
0x0000723b3d8fb080 0x00000007a9a6c080 0 0 0 0 1 0 1 29995 264
0x0000723b3d8fb100 0x00000007a9a6c100 0 1 0 0 1 0 1 29995 256
0x0000723b3d8fb180 0x00000007a9a6c180 0 1 0 0 1 0 1 29995 264
0x0000723b3d8fb200 0x00000007a9a6c200 0 0 1 0 1 0 1 29995 256
0x0000723b3d8fb280 0x00000007a9a6c280 0 0 1 0 1 0 1 29995 264
0x0000723b3d8fb300 0x00000007a9a6c300 0 1 1 0 1 0 1 29995 256
0x0000723b3d8fb380 0x00000007a9a6c380 0 1 1 0 1 0 1 29995 264
0x0000723b3d8fb400 0x00000007a9a6c400 0 0 0 0 1 0 1 29995 272
0x0000723b3d8fb480 0x00000007a9a6c480 0 0 0 0 1 0 1 29995 280
0x0000723b3d8fb500 0x00000007a9a6c500 0 1 0 0 1 0 1 29995 272
0x0000723b3d8fb580 0x00000007a9a6c580 0 1 0 0 1 0 1 29995 280
0x0000723b3d8fb600 0x00000007a9a6c600 0 0 1 0 1 0 1 29995 272
0x0000723b3d8fb680 0x00000007a9a6c680 0 0 1 0 1 0 1 29995 280
0x0000723b3d8fb700 0x00000007a9a6c700 0 1 1 0 1 0 1 29995 272
0x0000723b3d8fb780 0x00000007a9a6c780 0 1 1 0 1 0 1 29995 280
0x0000723b3d8fb800 0x00000007a9a6c800 0 0 0 0 1 0 1 29995 288
0x0000723b3d8fb880 0x00000007a9a6c880 0 0 0 0 1 0 1 29995 296
0x0000723b3d8fb900 0x00000007a9a6c900 0 1 0 0 1 0 1 29995 288
0x0000723b3d8fb980 0x00000007a9a6c980 0 1 0 0 1 0 1 29995 296
0x0000723b3d8fba00 0x00000007a9a6ca00 0 0 1 0 1 0 1 29995 288
0x0000723b3d8fba80 0x00000007a9a6ca80 0 0 1 0 1 0 1 29995 296
0x0000723b3d8fbb00 0x00000007a9a6cb00 0 1 1 0 1 0 1 29995 288
0x0000723b3d8fbb80 0x00000007a9a6cb80 0 1 1 0 1 0 1 29995 296
0x0000723b3d8fbc00 0x00000007a9a6cc00 0 0 0 0 1 0 1 29995 304
0x0000723b3d8fbc80 0x00000007a9a6cc80 0 0 0 0 1 0 1 29995 312
0x0000723b3d8fbd00 0x00000007a9a6cd00 0 1 0 0 1 0 1 29995 304
0x0000723b3d8fbd80 0x00000007a9a6cd80 0 1 0 0 1 0 1 29995 312
0x0000723b3d8fbe00 0x00000007a9a6ce00 0 0 1 0 1 0 1 29995 304
0x0000723b3d8fbe80 0x00000007a9a6ce80 0 0 1 0 1 0 1 29995 312
0x0000723b3d8fbf00 0x00000007a9a6cf00 0 1 1 0 1 0 1 29995 304
0x0000723b3d8fbf80 0x00000007a9a6cf80 0 1 1 0 1 0 1 29995 312
0x0000723b3d906000 0x0000000eeaabb000 0 0 0 0 1 0 1 60749 704
0x0000723b3d906080 0x0000000eeaabb080 0 0 0 0 1 0 1 60749 712
0x0000723b3d906100 0x0000000eeaabb100 0 1 0 0 1 0 1 60749 704
0x0000723b3d906180 0x0000000eeaabb180 0 1 0 0 1 0 1 60749 712
0x0000723b3d906200 0x0000000eeaabb200 0 0 1 0 1 0 1 60749 704
0x0000723b3d906280 0x0000000eeaabb280 0 0 1 0 1 0 1 60749 712
0x0000723b3d906300 0x0000000eeaabb300 0 1 1 0 1 0 1 60749 704
0x0000723b3d906380 0x0000000eeaabb380 0 1 1 0 1 0 1 60749 712
0x0000723b3d906400 0x0000000eeaabb400 0 0 0 0 1 0 1 60749 720
0x0000723b3d906480 0x0000000eeaabb480 0 0 0 0 1 0 1 60749 728
0x0000723b3d906500 0x0000000eeaabb500 0 1 0 0 1 0 1 60749 720
0x0000723b3d906580 0x0000000eeaabb580 0 1 0 0 1 0 1 60749 728
0x0000723b3d906600 0x0000000eeaabb600 0 0 1 0 1 0 1 60749 720
0x0000723b3d906680 0x0000000eeaabb680 0 0 1 0 1 0 1 60749 728
0x0000723b3d906700 0x0000000eeaabb700 0 1 1 0 1 0 1 60749 720
0x0000723b3d906780 0x0000000eeaabb780 0 1 1 0 1 0 1 60749 728
0x0000723b3d906800 0x0000000eeaabb800 0 0 0 0 1 0 1 60749 736
0x0000723b3d906880 0x0000000eeaabb880 0 0 0 0 1 0 1 60749 744
0x0000723b3d906900 0x0000000eeaabb900 0 1 0 0 1 0 1 60749 736
0x0000723b3d906980 0x0000000eeaabb980 0 1 0 0 1 0 1 60749 744
0x0000723b3d906a00 0x0000000eeaabba00 0 0 1 0 1 0 1 60749 736
0x0000723b3d906a80 0x0000000eeaabba80 0 0 1 0 1 0 1 60749 744
0x0000723b3d906b00 0x0000000eeaabbb00 0 1 1 0 1 0 1 60749 736
0x0000723b3d906b80 0x0000000eeaabbb80 0 1 1 0 1 0 1 60749 744
0x0000723b3d906c00 0x0000000eeaabbc00 0 0 0 0 1 0 1 60749 752
0x0000723b3d906c80 0x0000000eeaabbc80 0 0 0 0 1 0 1 60749 760
0x0000723b3d906d00 0x0000000eeaabbd00 0 1 0 0 1 0 1 60749 752
0x0000723b3d906d80 0x0000000eeaabbd80 0 1 0 0 1 0 1 60749 760
0x0000723b3d906e00 0x0000000eeaabbe00 0 0 1 0 1 0 1 60749 752
0x0000723b3d906e80 0x0000000eeaabbe80 0 0 1 0 1 0 1 60749 760
0x0000723b3d906f00 0x0000000eeaabbf00 0 1 1 0 1 0 1 60749 752
0x0000723b3d906f80 0x0000000eeaabbf80 0 1 1 0 1 0 1 60749 760
0x0000723b3d90c000 0x00000006a5258000 0 0 0 0 1 0 1 25762 512
0x0000723b3d90c080 0x00000006a5258080 0 0 0 0 1 0 1 25762 520
0x0000723b3d90c100 0x00000006a5258100 0 1 0 0 1 0 1 25762 512
0x0000723b3d90c180 0x00000006a5258180 0 1 0 0 1 0 1 25762 520
0x0000723b3d90c200 0x00000006a5258200 0 0 1 0 1 0 1 25762 512
0x0000723b3d90c280 0x00000006a5258280 0 0 1 0 1 0 1 25762 520
0x0000723b3d90c300 0x00000006a5258300 0 1 1 0 1 0 1 25762 512
0x0000723b3d90c380 0x00000006a5258380 0 1 1 0 1 0 1 25762 520
0x0000723b3d90c400 0x00000006a5258400 0 0 0 0 1 0 1 25762 528
0x0000723b3d90c480 0x00000006a5258480 0 0 0 0 1 0 1 25762 536
0x0000723b3d90c500 0x00000006a5258500 0 1 0 0 1 0 1 25762 528
0x0000723b3d90c580 0x00000006a5258580 0 1 0 0 1 0 1 25762 536
0x0000723b3d90c600 0x00000006a5258600 0 0 1 0 1 0 1 25762 528
0x0000723b3d90c680 0x00000006a5258680 0 0 1 0 1 0 1 25762 536
0x0000723b3d90c700 0x00000006a5258700 0 1 1 0 1 0 1 25762 528
0x0000723b3d90c780 0x00000006a5258780 0 1 1 0 1 0 1 25762 536
0x0000723b3d90c800 0x00000006a5258800 0 0 0 0 1 0 1 25762 544
0x0000723b3d90c880 0x00000006a5258880 0 0 0 0 1 0 1 25762 552
0x0000723b3d90c900 0x00000006a5258900 0 1 0 0 1 0 1 25762 544
0x0000723b3d90c980 0x00000006a5258980 0 1 0 0 1 0 1 25762 552
0x0000723b3d90ca00 0x00000006a5258a00 0 0 1 0 1 0 1 25762 544
0x0000723b3d90ca80 0x00000006a5258a80 0 0 1 0 1 0 1 25762 552
0x0000723b3d90cb00 0x00000006a5258b00 0 1 1 0 1 0 1 25762 544
0x0000723b3d90cb80 0x00000006a5258b80 0 1 1 0 1 0 1 25762 552
0x0000723b3d90cc00 0x00000006a5258c00 0 0 0 0 1 0 1 25762 560
0x0000723b3d90cc80 0x00000006a5258c80 0 0 0 0 1 0 1 25762 568
0x0000723b3d90cd00 0x00000006a5258d00 0 1 0 0 1 0 1 25762 560
0x0000723b3d90cd80 0x00000006a5258d80 0 1 0 0 1 0 1 25762 568
0x0000723b3d90ce00 0x00000006a5258e00 0 0 1 0 1 0 1 25762 560
0x0000723b3d90ce80 0x00000006a5258e80 0 0 1 0 1 0 1 25762 568
0x0000723b3d90cf00 0x00000006a5258f00 0 1 1 0 1 0 1 25762 560
0x0000723b3d90cf80 0x00000006a5258f80 0 1 1 0 1 0 1 25762 568
0x0000723b3d91c000 0x0000000d08ab3000 0 0 0 0 0 0 1 49437 704
0x0000723b3d91c080 0x0000000d08ab3080 0 0 0 0 0 0 1 49437 712
0x0000723b3d91c100 0x0000000d08ab3100 0 1 0 0 0 0 1 49437 704
0x0000723b3d91c180 0x0000000d08ab3180 0 1 0 0 0 0 1 49437 712
0x0000723b3d91c200 0x0000000d08ab3200 0 0 1 0 0 0 1 49437 704
0x0000723b3d91c280 0x0000000d08ab3280 0 0 1 0 0 0 1 49437 712
0x0000723b3d91c300 0x0000000d08ab3300 0 1 1 0 0 0 1 49437 704
0x0000723b3d91c380 0x0000000d08ab3380 0 1 1 0 0 0 1 49437 712
0x0000723b3d91c400 0x0000000d08ab3400 0 0 0 0 0 0 1 49437 720
0x0000723b3d91c480 0x0000000d08ab3480 0 0 0 0 0 0 1 49437 728
0x0000723b3d91c500 0x0000000d08ab3500 0 1 0 0 0 0 1 49437 720
0x0000723b3d91c580 0x0000000d08ab3580 0 1 0 0 0 0 1 49437 728
0x0000723b3d91c600 0x0000000d08ab3600 0 0 1 0 0 0 1 49437 720
0x0000723b3d91c680 0x0000000d08ab3680 0 0 1 0 0 0 1 49437 728
0x0000723b3d91c700 0x0000000d08ab3700 0 1 1 0 0 0 1 49437 720
0x0000723b3d91c780 0x0000000d08ab3780 0 1 1 0 0 0 1 49437 728
0x0000723b3d91c800 0x0000000d08ab3800 0 0 0 0 0 0 1 49437 736
0x0000723b3d91c880 0x0000000d08ab3880 0 0 0 0 0 0 1 49437 744
0x0000723b3d91c900 0x0000000d08ab3900 0 1 0 0 0 0 1 49437 736
0x0000723b3d91c980 0x0000000d08ab3980 0 1 0 0 0 0 1 49437 744
0x0000723b3d91ca00 0x0000000d08ab3a00 0 0 1 0 0 0 1 49437 736
0x0000723b3d91ca80 0x0000000d08ab3a80 0 0 1 0 0 0 1 49437 744
0x0000723b3d91cb00 0x0000000d08ab3b00 0 1 1 0 0 0 1 49437 736
0x0000723b3d91cb80 0x0000000d08ab3b80 0 1 1 0 0 0 1 49437 744
0x0000723b3d91cc00 0x0000000d08ab3c00 0 0 0 0 0 0 1 49437 752
0x0000723b3d91cc80 0x0000000d08ab3c80 0 0 0 0 0 0 1 49437 760
0x0000723b3d91cd00 0x0000000d08ab3d00 0 1 0 0 0 0 1 49437 752
0x0000723b3d91cd80 0x0000000d08ab3d80 0 1 0 0 0 0 1 49437 760
0x0000723b3d91ce00 0x0000000d08ab3e00 0 0 1 0 0 0 1 49437 752
0x0000723b3d91ce80 0x0000000d08ab3e80 0 0 1 0 0 0 1 49437 760
0x0000723b3d91cf00 0x0000000d08ab3f00 0 1 1 0 0 0 1 49437 752
0x0000723b3d91cf80 0x0000000d08ab3f80 0 1 1 0 0 0 1 49437 760
0x0000723b3d936000 0x00000003e9255000 0 0 0 0 0 0 1 15650 832
0x0000723b3d936080 0x00000003e9255080 0 0 0 0 0 0 1 15650 840
0x0000723b3d936100 0x00000003e9255100 0 1 0 0 0 0 1 15650 832
0x0000723b3d936180 0x00000003e9255180 0 1 0 0 0 0 1 15650 840
0x0000723b3d936200 0x00000003e9255200 0 0 1 0 0 0 1 15650 832
0x0000723b3d936280 0x00000003e9255280 0 0 1 0 0 0 1 15650 840
0x0000723b3d936300 0x00000003e9255300 0 1 1 0 0 0 1 15650 832
0x0000723b3d936380 0x00000003e9255380 0 1 1 0 0 0 1 15650 840
0x0000723b3d936400 0x00000003e9255400 0 0 0 0 0 0 1 15650 848
0x0000723b3d936480 0x00000003e9255480 0 0 0 0 0 0 1 15650 856
0x0000723b3d936500 0x00000003e9255500 0 1 0 0 0 0 1 15650 848
0x0000723b3d936580 0x00000003e9255580 0 1 0 0 0 0 1 15650 856
0x0000723b3d936600 0x00000003e9255600 0 0 1 0 0 0 1 15650 848
0x0000723b3d936680 0x00000003e9255680 0 0 1 0 0 0 1 15650 856
0x0000723b3d936700 0x00000003e9255700 0 1 1 0 0 0 1 15650 848
0x0000723b3d936780 0x00000003e9255780 0 1 1 0 0 0 1 15650 856
0x0000723b3d936800 0x00000003e9255800 0 0 0 0 0 0 1 15650 864
0x0000723b3d936880 0x00000003e9255880 0 0 0 0 0 0 1 15650 872
0x0000723b3d936900 0x00000003e9255900 0 1 0 0 0 0 1 15650 864
0x0000723b3d936980 0x00000003e9255980 0 1 0 0 0 0 1 15650 872
0x0000723b3d936a00 0x00000003e9255a00 0 0 1 0 0 0 1 15650 864
0x0000723b3d936a80 0x00000003e9255a80 0 0 1 0 0 0 1 15650 872
0x0000723b3d936b00 0x00000003e9255b00 0 1 1 0 0 0 1 15650 864
0x0000723b3d936b80 0x00000003e9255b80 0 1 1 0 0 0 1 15650 872
0x0000723b3d936c00 0x00000003e9255c00 0 0 0 0 0 0 1 15650 880
0x0000723b3d936c80 0x00000003e9255c80 0 0 0 0 0 0 1 15650 888
0x0000723b3d936d00 0x00000003e9255d00 0 1 0 0 0 0 1 15650 880
0x0000723b3d936d80 0x00000003e9255d80 0 1 0 0 0 0 1 15650 888
0x0000723b3d936e00 0x00000003e9255e00 0 0 1 0 0 0 1 15650 880
0x0000723b3d936e80 0x00000003e9255e80 0 0 1 0 0 0 1 15650 888
0x0000723b3d936f00 0x00000003e9255f00 0 1 1 0 0 0 1 15650 880
0x0000723b3d936f80 0x00000003e9255f80 0 1 1 0 0 0 1 15650 888
0x0000723b3d937000 0x0000000a47a14000 0 0 0 0 0 0 1 39160 768
0x0000723b3d937080 0x0000000a47a14080 0 0 0 0 0 0 1 39160 776
0x0000723b3d937100 0x0000000a47a14100 0 1 0 0 0 0 1 39160 768
0x0000723b3d937180 0x0000000a47a14180 0 1 0 0 0 0 1 39160 776
0x0000723b3d937200 0x0000000a47a14200 0 0 1 0 0 0 1 39160 768
0x0000723b3d937280 0x0000000a47a14280 0 0 1 0 0 0 1 39160 776
0x0000723b3d937300 0x0000000a47a14300 0 1 1 0 0 0 1 39160 768
0x0000723b3d937380 0x0000000a47a14380 0 1 1 0 0 0 1 39160 776
0x0000723b3d937400 0x0000000a47a14400 0 0 0 0 0 0 1 39160 784
0x0000723b3d937480 0x0000000a47a14480 0 0 0 0 0 0 1 39160 792
0x0000723b3d937500 0x0000000a47a14500 0 1 0 0 0 0 1 39160 784
0x0000723b3d937580 0x0000000a47a14580 0 1 0 0 0 0 1 39160 792
0x0000723b3d937600 0x0000000a47a14600 0 0 1 0 0 0 1 39160 784
0x0000723b3d937680 0x0000000a47a14680 0 0 1 0 0 0 1 39160 792
0x0000723b3d937700 0x0000000a47a14700 0 1 1 0 0 0 1 39160 784
0x0000723b3d937780 0x0000000a47a14780 0 1 1 0 0 0 1 39160 792
0x0000723b3d937800 0x0000000a47a14800 0 0 0 0 0 0 1 39160 800
0x0000723b3d937880 0x0000000a47a14880 0 0 0 0 0 0 1 39160 808
0x0000723b3d937900 0x0000000a47a14900 0 1 0 0 0 0 1 39160 800
0x0000723b3d937980 0x0000000a47a14980 0 1 0 0 0 0 1 39160 808
0x0000723b3d937a00 0x0000000a47a14a00 0 0 1 0 0 0 1 39160 800
0x0000723b3d937a80 0x0000000a47a14a80 0 0 1 0 0 0 1 39160 808
0x0000723b3d937b00 0x0000000a47a14b00 0 1 1 0 0 0 1 39160 800
0x0000723b3d937b80 0x0000000a47a14b80 0 1 1 0 0 0 1 39160 808
0x0000723b3d937c00 0x0000000a47a14c00 0 0 0 0 0 0 1 39160 816
0x0000723b3d937c80 0x0000000a47a14c80 0 0 0 0 0 0 1 39160 824
0x0000723b3d937d00 0x0000000a47a14d00 0 1 0 0 0 0 1 39160 816
0x0000723b3d937d80 0x0000000a47a14d80 0 1 0 0 0 0 1 39160 824
0x0000723b3d937e00 0x0000000a47a14e00 0 0 1 0 0 0 1 39160 816
0x0000723b3d937e80 0x0000000a47a14e80 0 0 1 0 0 0 1 39160 824
0x0000723b3d937f00 0x0000000a47a14f00 0 1 1 0 0 0 1 39160 816
0x0000723b3d937f80 0x0000000a47a14f80 0 1 1 0 0 0 1 39160 824
0x0000723b3d93b000 0x0000000d86a5d000 0 0 0 0 1 0 1 53450 832
0x0000723b3d93b080 0x0000000d86a5d080 0 0 0 0 1 0 1 53450 840
0x0000723b3d93b100 0x0000000d86a5d100 0 1 0 0 1 0 1 53450 832
0x0000723b3d93b180 0x0000000d86a5d180 0 1 0 0 1 0 1 53450 840
0x0000723b3d93b200 0x0000000d86a5d200 0 0 1 0 1 0 1 53450 832
0x0000723b3d93b280 0x0000000d86a5d280 0 0 1 0 1 0 1 53450 840
0x0000723b3d93b300 0x0000000d86a5d300 0 1 1 0 1 0 1 53450 832
0x0000723b3d93b380 0x0000000d86a5d380 0 1 1 0 1 0 1 53450 840
0x0000723b3d93b400 0x0000000d86a5d400 0 0 0 0 1 0 1 53450 848
0x0000723b3d93b480 0x0000000d86a5d480 0 0 0 0 1 0 1 53450 856
0x0000723b3d93b500 0x0000000d86a5d500 0 1 0 0 1 0 1 53450 848
0x0000723b3d93b580 0x0000000d86a5d580 0 1 0 0 1 0 1 53450 856
0x0000723b3d93b600 0x0000000d86a5d600 0 0 1 0 1 0 1 53450 848
0x0000723b3d93b680 0x0000000d86a5d680 0 0 1 0 1 0 1 53450 856
0x0000723b3d93b700 0x0000000d86a5d700 0 1 1 0 1 0 1 53450 848
0x0000723b3d93b780 0x0000000d86a5d780 0 1 1 0 1 0 1 53450 856
0x0000723b3d93b800 0x0000000d86a5d800 0 0 0 0 1 0 1 53450 864
0x0000723b3d93b880 0x0000000d86a5d880 0 0 0 0 1 0 1 53450 872
0x0000723b3d93b900 0x0000000d86a5d900 0 1 0 0 1 0 1 53450 864
0x0000723b3d93b980 0x0000000d86a5d980 0 1 0 0 1 0 1 53450 872
0x0000723b3d93ba00 0x0000000d86a5da00 0 0 1 0 1 0 1 53450 864
0x0000723b3d93ba80 0x0000000d86a5da80 0 0 1 0 1 0 1 53450 872
0x0000723b3d93bb00 0x0000000d86a5db00 0 1 1 0 1 0 1 53450 864
0x0000723b3d93bb80 0x0000000d86a5db80 0 1 1 0 1 0 1 53450 872
0x0000723b3d93bc00 0x0000000d86a5dc00 0 0 0 0 1 0 1 53450 880
0x0000723b3d93bc80 0x0000000d86a5dc80 0 0 0 0 1 0 1 53450 888
0x0000723b3d93bd00 0x0000000d86a5dd00 0 1 0 0 1 0 1 53450 880
0x0000723b3d93bd80 0x0000000d86a5dd80 0 1 0 0 1 0 1 53450 888
0x0000723b3d93be00 0x0000000d86a5de00 0 0 1 0 1 0 1 53450 880
0x0000723b3d93be80 0x0000000d86a5de80 0 0 1 0 1 0 1 53450 888
0x0000723b3d93bf00 0x0000000d86a5df00 0 1 1 0 1 0 1 53450 880
0x0000723b3d93bf80 0x0000000d86a5df80 0 1 1 0 1 0 1 53450 888
0x0000723b3d93e000 0x00000003aaa96000 0 0 0 0 0 0 1 13644 896
0x0000723b3d93e080 0x00000003aaa96080 0 0 0 0 0 0 1 13644 904
0x0000723b3d93e100 0x00000003aaa96100 0 1 0 0 0 0 1 13644 896
0x0000723b3d93e180 0x00000003aaa96180 0 1 0 0 0 0 1 13644 904
0x0000723b3d93e200 0x00000003aaa96200 0 0 1 0 0 0 1 13644 896
0x0000723b3d93e280 0x00000003aaa96280 0 0 1 0 0 0 1 13644 904
0x0000723b3d93e300 0x00000003aaa96300 0 1 1 0 0 0 1 13644 896
0x0000723b3d93e380 0x00000003aaa96380 0 1 1 0 0 0 1 13644 904
0x0000723b3d93e400 0x00000003aaa96400 0 0 0 0 0 0 1 13644 912
0x0000723b3d93e480 0x00000003aaa96480 0 0 0 0 0 0 1 13644 920
0x0000723b3d93e500 0x00000003aaa96500 0 1 0 0 0 0 1 13644 912
0x0000723b3d93e580 0x00000003aaa96580 0 1 0 0 0 0 1 13644 920
0x0000723b3d93e600 0x00000003aaa96600 0 0 1 0 0 0 1 13644 912
0x0000723b3d93e680 0x00000003aaa96680 0 0 1 0 0 0 1 13644 920
0x0000723b3d93e700 0x00000003aaa96700 0 1 1 0 0 0 1 13644 912
0x0000723b3d93e780 0x00000003aaa96780 0 1 1 0 0 0 1 13644 920
0x0000723b3d93e800 0x00000003aaa96800 0 0 0 0 0 0 1 13644 928
0x0000723b3d93e880 0x00000003aaa96880 0 0 0 0 0 0 1 13644 936
0x0000723b3d93e900 0x00000003aaa96900 0 1 0 0 0 0 1 13644 928
0x0000723b3d93e980 0x00000003aaa96980 0 1 0 0 0 0 1 13644 936
0x0000723b3d93ea00 0x00000003aaa96a00 0 0 1 0 0 0 1 13644 928
0x0000723b3d93ea80 0x00000003aaa96a80 0 0 1 0 0 0 1 13644 936
0x0000723b3d93eb00 0x00000003aaa96b00 0 1 1 0 0 0 1 13644 928
0x0000723b3d93eb80 0x00000003aaa96b80 0 1 1 0 0 0 1 13644 936
0x0000723b3d93ec00 0x00000003aaa96c00 0 0 0 0 0 0 1 13644 944
0x0000723b3d93ec80 0x00000003aaa96c80 0 0 0 0 0 0 1 13644 952
0x0000723b3d93ed00 0x00000003aaa96d00 0 1 0 0 0 0 1 13644 944
0x0000723b3d93ed80 0x00000003aaa96d80 0 1 0 0 0 0 1 13644 952
0x0000723b3d93ee00 0x00000003aaa96e00 0 0 1 0 0 0 1 13644 944
0x0000723b3d93ee80 0x00000003aaa96e80 0 0 1 0 0 0 1 13644 952
0x0000723b3d93ef00 0x00000003aaa96f00 0 1 1 0 0 0 1 13644 944
0x0000723b3d93ef80 0x00000003aaa96f80 0 1 1 0 0 0 1 13644 952
0x0000723b3d94d000 0x000000086ba73000 0 0 0 0 0 0 1 32123 704
0x0000723b3d94d080 0x000000086ba73080 0 0 0 0 0 0 1 32123 712
0x0000723b3d94d100 0x000000086ba73100 0 1 0 0 0 0 1 32123 704
0x0000723b3d94d180 0x000000086ba73180 0 1 0 0 0 0 1 32123 712
0x0000723b3d94d200 0x000000086ba73200 0 0 1 0 0 0 1 32123 704
0x0000723b3d94d280 0x000000086ba73280 0 0 1 0 0 0 1 32123 712
0x0000723b3d94d300 0x000000086ba73300 0 1 1 0 0 0 1 32123 704
0x0000723b3d94d380 0x000000086ba73380 0 1 1 0 0 0 1 32123 712
0x0000723b3d94d400 0x000000086ba73400 0 0 0 0 0 0 1 32123 720
0x0000723b3d94d480 0x000000086ba73480 0 0 0 0 0 0 1 32123 728
0x0000723b3d94d500 0x000000086ba73500 0 1 0 0 0 0 1 32123 720
0x0000723b3d94d580 0x000000086ba73580 0 1 0 0 0 0 1 32123 728
0x0000723b3d94d600 0x000000086ba73600 0 0 1 0 0 0 1 32123 720
0x0000723b3d94d680 0x000000086ba73680 0 0 1 0 0 0 1 32123 728
0x0000723b3d94d700 0x000000086ba73700 0 1 1 0 0 0 1 32123 720
0x0000723b3d94d780 0x000000086ba73780 0 1 1 0 0 0 1 32123 728
0x0000723b3d94d800 0x000000086ba73800 0 0 0 0 0 0 1 32123 736
0x0000723b3d94d880 0x000000086ba73880 0 0 0 0 0 0 1 32123 744
0x0000723b3d94d900 0x000000086ba73900 0 1 0 0 0 0 1 32123 736
0x0000723b3d94d980 0x000000086ba73980 0 1 0 0 0 0 1 32123 744
0x0000723b3d94da00 0x000000086ba73a00 0 0 1 0 0 0 1 32123 736
0x0000723b3d94da80 0x000000086ba73a80 0 0 1 0 0 0 1 32123 744
0x0000723b3d94db00 0x000000086ba73b00 0 1 1 0 0 0 1 32123 736
0x0000723b3d94db80 0x000000086ba73b80 0 1 1 0 0 0 1 32123 744
0x0000723b3d94dc00 0x000000086ba73c00 0 0 0 0 0 0 1 32123 752
0x0000723b3d94dc80 0x000000086ba73c80 0 0 0 0 0 0 1 32123 760
0x0000723b3d94dd00 0x000000086ba73d00 0 1 0 0 0 0 1 32123 752
0x0000723b3d94dd80 0x000000086ba73d80 0 1 0 0 0 0 1 32123 760
0x0000723b3d94de00 0x000000086ba73e00 0 0 1 0 0 0 1 32123 752
0x0000723b3d94de80 0x000000086ba73e80 0 0 1 0 0 0 1 32123 760
0x0000723b3d94df00 0x000000086ba73f00 0 1 1 0 0 0 1 32123 752
0x0000723b3d94df80 0x000000086ba73f80 0 1 1 0 0 0 1 32123 760
0x0000723b3d962000 0x0000000e06a04000 0 0 0 0 0 0 1 53464 256
0x0000723b3d962080 0x0000000e06a04080 0 0 0 0 0 0 1 53464 264
0x0000723b3d962100 0x0000000e06a04100 0 1 0 0 0 0 1 53464 256
0x0000723b3d962180 0x0000000e06a04180 0 1 0 0 0 0 1 53464 264
0x0000723b3d962200 0x0000000e06a04200 0 0 1 0 0 0 1 53464 256
0x0000723b3d962280 0x0000000e06a04280 0 0 1 0 0 0 1 53464 264
0x0000723b3d962300 0x0000000e06a04300 0 1 1 0 0 0 1 53464 256
0x0000723b3d962380 0x0000000e06a04380 0 1 1 0 0 0 1 53464 264
0x0000723b3d962400 0x0000000e06a04400 0 0 0 0 0 0 1 53464 272
0x0000723b3d962480 0x0000000e06a04480 0 0 0 0 0 0 1 53464 280
0x0000723b3d962500 0x0000000e06a04500 0 1 0 0 0 0 1 53464 272
0x0000723b3d962580 0x0000000e06a04580 0 1 0 0 0 0 1 53464 280
0x0000723b3d962600 0x0000000e06a04600 0 0 1 0 0 0 1 53464 272
0x0000723b3d962680 0x0000000e06a04680 0 0 1 0 0 0 1 53464 280
0x0000723b3d962700 0x0000000e06a04700 0 1 1 0 0 0 1 53464 272
0x0000723b3d962780 0x0000000e06a04780 0 1 1 0 0 0 1 53464 280
0x0000723b3d962800 0x0000000e06a04800 0 0 0 0 0 0 1 53464 288
0x0000723b3d962880 0x0000000e06a04880 0 0 0 0 0 0 1 53464 296
0x0000723b3d962900 0x0000000e06a04900 0 1 0 0 0 0 1 53464 288
0x0000723b3d962980 0x0000000e06a04980 0 1 0 0 0 0 1 53464 296
0x0000723b3d962a00 0x0000000e06a04a00 0 0 1 0 0 0 1 53464 288
0x0000723b3d962a80 0x0000000e06a04a80 0 0 1 0 0 0 1 53464 296
0x0000723b3d962b00 0x0000000e06a04b00 0 1 1 0 0 0 1 53464 288
0x0000723b3d962b80 0x0000000e06a04b80 0 1 1 0 0 0 1 53464 296
0x0000723b3d962c00 0x0000000e06a04c00 0 0 0 0 0 0 1 53464 304
0x0000723b3d962c80 0x0000000e06a04c80 0 0 0 0 0 0 1 53464 312
0x0000723b3d962d00 0x0000000e06a04d00 0 1 0 0 0 0 1 53464 304
0x0000723b3d962d80 0x0000000e06a04d80 0 1 0 0 0 0 1 53464 312
0x0000723b3d962e00 0x0000000e06a04e00 0 0 1 0 0 0 1 53464 304
0x0000723b3d962e80 0x0000000e06a04e80 0 0 1 0 0 0 1 53464 312
0x0000723b3d962f00 0x0000000e06a04f00 0 1 1 0 0 0 1 53464 304
0x0000723b3d962f80 0x0000000e06a04f80 0 1 1 0 0 0 1 53464 312
0x0000723b3d979000 0x0000000223a58000 0 0 0 0 1 0 1 5242 512
0x0000723b3d979080 0x0000000223a58080 0 0 0 0 1 0 1 5242 520
0x0000723b3d979100 0x0000000223a58100 0 1 0 0 1 0 1 5242 512
0x0000723b3d979180 0x0000000223a58180 0 1 0 0 1 0 1 5242 520
0x0000723b3d979200 0x0000000223a58200 0 0 1 0 1 0 1 5242 512
0x0000723b3d979280 0x0000000223a58280 0 0 1 0 1 0 1 5242 520
0x0000723b3d979300 0x0000000223a58300 0 1 1 0 1 0 1 5242 512
0x0000723b3d979380 0x0000000223a58380 0 1 1 0 1 0 1 5242 520
0x0000723b3d979400 0x0000000223a58400 0 0 0 0 1 0 1 5242 528
0x0000723b3d979480 0x0000000223a58480 0 0 0 0 1 0 1 5242 536
0x0000723b3d979500 0x0000000223a58500 0 1 0 0 1 0 1 5242 528
0x0000723b3d979580 0x0000000223a58580 0 1 0 0 1 0 1 5242 536
0x0000723b3d979600 0x0000000223a58600 0 0 1 0 1 0 1 5242 528
0x0000723b3d979680 0x0000000223a58680 0 0 1 0 1 0 1 5242 536
0x0000723b3d979700 0x0000000223a58700 0 1 1 0 1 0 1 5242 528
0x0000723b3d979780 0x0000000223a58780 0 1 1 0 1 0 1 5242 536
0x0000723b3d979800 0x0000000223a58800 0 0 0 0 1 0 1 5242 544
0x0000723b3d979880 0x0000000223a58880 0 0 0 0 1 0 1 5242 552
0x0000723b3d979900 0x0000000223a58900 0 1 0 0 1 0 1 5242 544
0x0000723b3d979980 0x0000000223a58980 0 1 0 0 1 0 1 5242 552
0x0000723b3d979a00 0x0000000223a58a00 0 0 1 0 1 0 1 5242 544
0x0000723b3d979a80 0x0000000223a58a80 0 0 1 0 1 0 1 5242 552
0x0000723b3d979b00 0x0000000223a58b00 0 1 1 0 1 0 1 5242 544
0x0000723b3d979b80 0x0000000223a58b80 0 1 1 0 1 0 1 5242 552
0x0000723b3d979c00 0x0000000223a58c00 0 0 0 0 1 0 1 5242 560
0x0000723b3d979c80 0x0000000223a58c80 0 0 0 0 1 0 1 5242 568
0x0000723b3d979d00 0x0000000223a58d00 0 1 0 0 1 0 1 5242 560
0x0000723b3d979d80 0x0000000223a58d80 0 1 0 0 1 0 1 5242 568
0x0000723b3d979e00 0x0000000223a58e00 0 0 1 0 1 0 1 5242 560
0x0000723b3d979e80 0x0000000223a58e80 0 0 1 0 1 0 1 5242 568
0x0000723b3d979f00 0x0000000223a58f00 0 1 1 0 1 0 1 5242 560
0x0000723b3d979f80 0x0000000223a58f80 0 1 1 0 1 0 1 5242 568
0x0000723b3d97d000 0x00000004f9a74000 0 0 0 0 0 0 1 20267 768
0x0000723b3d97d080 0x00000004f9a74080 0 0 0 0 0 0 1 20267 776
0x0000723b3d97d100 0x00000004f9a74100 0 1 0 0 0 0 1 20267 768
0x0000723b3d97d180 0x00000004f9a74180 0 1 0 0 0 0 1 20267 776
0x0000723b3d97d200 0x00000004f9a74200 0 0 1 0 0 0 1 20267 768
0x0000723b3d97d280 0x00000004f9a74280 0 0 1 0 0 0 1 20267 776
0x0000723b3d97d300 0x00000004f9a74300 0 1 1 0 0 0 1 20267 768
0x0000723b3d97d380 0x00000004f9a74380 0 1 1 0 0 0 1 20267 776
0x0000723b3d97d400 0x00000004f9a74400 0 0 0 0 0 0 1 20267 784
0x0000723b3d97d480 0x00000004f9a74480 0 0 0 0 0 0 1 20267 792
0x0000723b3d97d500 0x00000004f9a74500 0 1 0 0 0 0 1 20267 784
0x0000723b3d97d580 0x00000004f9a74580 0 1 0 0 0 0 1 20267 792
0x0000723b3d97d600 0x00000004f9a74600 0 0 1 0 0 0 1 20267 784
0x0000723b3d97d680 0x00000004f9a74680 0 0 1 0 0 0 1 20267 792
0x0000723b3d97d700 0x00000004f9a74700 0 1 1 0 0 0 1 20267 784
0x0000723b3d97d780 0x00000004f9a74780 0 1 1 0 0 0 1 20267 792
0x0000723b3d97d800 0x00000004f9a74800 0 0 0 0 0 0 1 20267 800
0x0000723b3d97d880 0x00000004f9a74880 0 0 0 0 0 0 1 20267 808
0x0000723b3d97d900 0x00000004f9a74900 0 1 0 0 0 0 1 20267 800
0x0000723b3d97d980 0x00000004f9a74980 0 1 0 0 0 0 1 20267 808
0x0000723b3d97da00 0x00000004f9a74a00 0 0 1 0 0 0 1 20267 800
0x0000723b3d97da80 0x00000004f9a74a80 0 0 1 0 0 0 1 20267 808
0x0000723b3d97db00 0x00000004f9a74b00 0 1 1 0 0 0 1 20267 800
0x0000723b3d97db80 0x00000004f9a74b80 0 1 1 0 0 0 1 20267 808
0x0000723b3d97dc00 0x00000004f9a74c00 0 0 0 0 0 0 1 20267 816
0x0000723b3d97dc80 0x00000004f9a74c80 0 0 0 0 0 0 1 20267 824
0x0000723b3d97dd00 0x00000004f9a74d00 0 1 0 0 0 0 1 20267 816
0x0000723b3d97dd80 0x00000004f9a74d80 0 1 0 0 0 0 1 20267 824
0x0000723b3d97de00 0x00000004f9a74e00 0 0 1 0 0 0 1 20267 816
0x0000723b3d97de80 0x00000004f9a74e80 0 0 1 0 0 0 1 20267 824
0x0000723b3d97df00 0x00000004f9a74f00 0 1 1 0 0 0 1 20267 816
0x0000723b3d97df80 0x00000004f9a74f80 0 1 1 0 0 0 1 20267 824
0x0000723b3d983000 0x0000000b2729f000 0 0 0 0 1 0 1 42228 960
0x0000723b3d983080 0x0000000b2729f080 0 0 0 0 1 0 1 42228 968
0x0000723b3d983100 0x0000000b2729f100 0 1 0 0 1 0 1 42228 960
0x0000723b3d983180 0x0000000b2729f180 0 1 0 0 1 0 1 42228 968
0x0000723b3d983200 0x0000000b2729f200 0 0 1 0 1 0 1 42228 960
0x0000723b3d983280 0x0000000b2729f280 0 0 1 0 1 0 1 42228 968
0x0000723b3d983300 0x0000000b2729f300 0 1 1 0 1 0 1 42228 960
0x0000723b3d983380 0x0000000b2729f380 0 1 1 0 1 0 1 42228 968
0x0000723b3d983400 0x0000000b2729f400 0 0 0 0 1 0 1 42228 976
0x0000723b3d983480 0x0000000b2729f480 0 0 0 0 1 0 1 42228 984
0x0000723b3d983500 0x0000000b2729f500 0 1 0 0 1 0 1 42228 976
0x0000723b3d983580 0x0000000b2729f580 0 1 0 0 1 0 1 42228 984
0x0000723b3d983600 0x0000000b2729f600 0 0 1 0 1 0 1 42228 976
0x0000723b3d983680 0x0000000b2729f680 0 0 1 0 1 0 1 42228 984
0x0000723b3d983700 0x0000000b2729f700 0 1 1 0 1 0 1 42228 976
0x0000723b3d983780 0x0000000b2729f780 0 1 1 0 1 0 1 42228 984
0x0000723b3d983800 0x0000000b2729f800 0 0 0 0 1 0 1 42228 992
0x0000723b3d983880 0x0000000b2729f880 0 0 0 0 1 0 1 42228 1000
0x0000723b3d983900 0x0000000b2729f900 0 1 0 0 1 0 1 42228 992
0x0000723b3d983980 0x0000000b2729f980 0 1 0 0 1 0 1 42228 1000
0x0000723b3d983a00 0x0000000b2729fa00 0 0 1 0 1 0 1 42228 992
0x0000723b3d983a80 0x0000000b2729fa80 0 0 1 0 1 0 1 42228 1000
0x0000723b3d983b00 0x0000000b2729fb00 0 1 1 0 1 0 1 42228 992
0x0000723b3d983b80 0x0000000b2729fb80 0 1 1 0 1 0 1 42228 1000
0x0000723b3d983c00 0x0000000b2729fc00 0 0 0 0 1 0 1 42228 1008
0x0000723b3d983c80 0x0000000b2729fc80 0 0 0 0 1 0 1 42228 1016
0x0000723b3d983d00 0x0000000b2729fd00 0 1 0 0 1 0 1 42228 1008
0x0000723b3d983d80 0x0000000b2729fd80 0 1 0 0 1 0 1 42228 1016
0x0000723b3d983e00 0x0000000b2729fe00 0 0 1 0 1 0 1 42228 1008
0x0000723b3d983e80 0x0000000b2729fe80 0 0 1 0 1 0 1 42228 1016
0x0000723b3d983f00 0x0000000b2729ff00 0 1 1 0 1 0 1 42228 1008
0x0000723b3d983f80 0x0000000b2729ff80 0 1 1 0 1 0 1 42228 1016
0x0000723b3d9ae000 0x0000000dd1ad4000 0 0 0 0 0 0 1 55854 768
0x0000723b3d9ae080 0x0000000dd1ad4080 0 0 0 0 0 0 1 55854 776
0x0000723b3d9ae100 0x0000000dd1ad4100 0 1 0 0 0 0 1 55854 768
0x0000723b3d9ae180 0x0000000dd1ad4180 0 1 0 0 0 0 1 55854 776
0x0000723b3d9ae200 0x0000000dd1ad4200 0 0 1 0 0 0 1 55854 768
0x0000723b3d9ae280 0x0000000dd1ad4280 0 0 1 0 0 0 1 55854 776
0x0000723b3d9ae300 0x0000000dd1ad4300 0 1 1 0 0 0 1 55854 768
0x0000723b3d9ae380 0x0000000dd1ad4380 0 1 1 0 0 0 1 55854 776
0x0000723b3d9ae400 0x0000000dd1ad4400 0 0 0 0 0 0 1 55854 784
0x0000723b3d9ae480 0x0000000dd1ad4480 0 0 0 0 0 0 1 55854 792
0x0000723b3d9ae500 0x0000000dd1ad4500 0 1 0 0 0 0 1 55854 784
0x0000723b3d9ae580 0x0000000dd1ad4580 0 1 0 0 0 0 1 55854 792
0x0000723b3d9ae600 0x0000000dd1ad4600 0 0 1 0 0 0 1 55854 784
0x0000723b3d9ae680 0x0000000dd1ad4680 0 0 1 0 0 0 1 55854 792
0x0000723b3d9ae700 0x0000000dd1ad4700 0 1 1 0 0 0 1 55854 784
0x0000723b3d9ae780 0x0000000dd1ad4780 0 1 1 0 0 0 1 55854 792
0x0000723b3d9ae800 0x0000000dd1ad4800 0 0 0 0 0 0 1 55854 800
0x0000723b3d9ae880 0x0000000dd1ad4880 0 0 0 0 0 0 1 55854 808
0x0000723b3d9ae900 0x0000000dd1ad4900 0 1 0 0 0 0 1 55854 800
0x0000723b3d9ae980 0x0000000dd1ad4980 0 1 0 0 0 0 1 55854 808
0x0000723b3d9aea00 0x0000000dd1ad4a00 0 0 1 0 0 0 1 55854 800
0x0000723b3d9aea80 0x0000000dd1ad4a80 0 0 1 0 0 0 1 55854 808
0x0000723b3d9aeb00 0x0000000dd1ad4b00 0 1 1 0 0 0 1 55854 800
0x0000723b3d9aeb80 0x0000000dd1ad4b80 0 1 1 0 0 0 1 55854 808
0x0000723b3d9aec00 0x0000000dd1ad4c00 0 0 0 0 0 0 1 55854 816
0x0000723b3d9aec80 0x0000000dd1ad4c80 0 0 0 0 0 0 1 55854 824
0x0000723b3d9aed00 0x0000000dd1ad4d00 0 1 0 0 0 0 1 55854 816
0x0000723b3d9aed80 0x0000000dd1ad4d80 0 1 0 0 0 0 1 55854 824
0x0000723b3d9aee00 0x0000000dd1ad4e00 0 0 1 0 0 0 1 55854 816
0x0000723b3d9aee80 0x0000000dd1ad4e80 0 0 1 0 0 0 1 55854 824
0x0000723b3d9aef00 0x0000000dd1ad4f00 0 1 1 0 0 0 1 55854 816
0x0000723b3d9aef80 0x0000000dd1ad4f80 0 1 1 0 0 0 1 55854 824
0x0000723b3d9b0000 0x0000000dd1ad6000 0 0 0 0 0 0 1 55854 896
0x0000723b3d9b0080 0x0000000dd1ad6080 0 0 0 0 0 0 1 55854 904
0x0000723b3d9b0100 0x0000000dd1ad6100 0 1 0 0 0 0 1 55854 896
0x0000723b3d9b0180 0x0000000dd1ad6180 0 1 0 0 0 0 1 55854 904
0x0000723b3d9b0200 0x0000000dd1ad6200 0 0 1 0 0 0 1 55854 896
0x0000723b3d9b0280 0x0000000dd1ad6280 0 0 1 0 0 0 1 55854 904
0x0000723b3d9b0300 0x0000000dd1ad6300 0 1 1 0 0 0 1 55854 896
0x0000723b3d9b0380 0x0000000dd1ad6380 0 1 1 0 0 0 1 55854 904
0x0000723b3d9b0400 0x0000000dd1ad6400 0 0 0 0 0 0 1 55854 912
0x0000723b3d9b0480 0x0000000dd1ad6480 0 0 0 0 0 0 1 55854 920
0x0000723b3d9b0500 0x0000000dd1ad6500 0 1 0 0 0 0 1 55854 912
0x0000723b3d9b0580 0x0000000dd1ad6580 0 1 0 0 0 0 1 55854 920
0x0000723b3d9b0600 0x0000000dd1ad6600 0 0 1 0 0 0 1 55854 912
0x0000723b3d9b0680 0x0000000dd1ad6680 0 0 1 0 0 0 1 55854 920
0x0000723b3d9b0700 0x0000000dd1ad6700 0 1 1 0 0 0 1 55854 912
0x0000723b3d9b0780 0x0000000dd1ad6780 0 1 1 0 0 0 1 55854 920
0x0000723b3d9b0800 0x0000000dd1ad6800 0 0 0 0 0 0 1 55854 928
0x0000723b3d9b0880 0x0000000dd1ad6880 0 0 0 0 0 0 1 55854 936
0x0000723b3d9b0900 0x0000000dd1ad6900 0 1 0 0 0 0 1 55854 928
0x0000723b3d9b0980 0x0000000dd1ad6980 0 1 0 0 0 0 1 55854 936
0x0000723b3d9b0a00 0x0000000dd1ad6a00 0 0 1 0 0 0 1 55854 928
0x0000723b3d9b0a80 0x0000000dd1ad6a80 0 0 1 0 0 0 1 55854 936
0x0000723b3d9b0b00 0x0000000dd1ad6b00 0 1 1 0 0 0 1 55854 928
0x0000723b3d9b0b80 0x0000000dd1ad6b80 0 1 1 0 0 0 1 55854 936
0x0000723b3d9b0c00 0x0000000dd1ad6c00 0 0 0 0 0 0 1 55854 944
0x0000723b3d9b0c80 0x0000000dd1ad6c80 0 0 0 0 0 0 1 55854 952
0x0000723b3d9b0d00 0x0000000dd1ad6d00 0 1 0 0 0 0 1 55854 944
0x0000723b3d9b0d80 0x0000000dd1ad6d80 0 1 0 0 0 0 1 55854 952
0x0000723b3d9b0e00 0x0000000dd1ad6e00 0 0 1 0 0 0 1 55854 944
0x0000723b3d9b0e80 0x0000000dd1ad6e80 0 0 1 0 0 0 1 55854 952
0x0000723b3d9b0f00 0x0000000dd1ad6f00 0 1 1 0 0 0 1 55854 944
0x0000723b3d9b0f80 0x0000000dd1ad6f80 0 1 1 0 0 0 1 55854 952
0x0000723b3d9b1000 0x0000000dd1ad5000 0 0 0 0 0 0 1 55854 832
0x0000723b3d9b1080 0x0000000dd1ad5080 0 0 0 0 0 0 1 55854 840
0x0000723b3d9b1100 0x0000000dd1ad5100 0 1 0 0 0 0 1 55854 832
0x0000723b3d9b1180 0x0000000dd1ad5180 0 1 0 0 0 0 1 55854 840
0x0000723b3d9b1200 0x0000000dd1ad5200 0 0 1 0 0 0 1 55854 832
0x0000723b3d9b1280 0x0000000dd1ad5280 0 0 1 0 0 0 1 55854 840
0x0000723b3d9b1300 0x0000000dd1ad5300 0 1 1 0 0 0 1 55854 832
0x0000723b3d9b1380 0x0000000dd1ad5380 0 1 1 0 0 0 1 55854 840
0x0000723b3d9b1400 0x0000000dd1ad5400 0 0 0 0 0 0 1 55854 848
0x0000723b3d9b1480 0x0000000dd1ad5480 0 0 0 0 0 0 1 55854 856
0x0000723b3d9b1500 0x0000000dd1ad5500 0 1 0 0 0 0 1 55854 848
0x0000723b3d9b1580 0x0000000dd1ad5580 0 1 0 0 0 0 1 55854 856
0x0000723b3d9b1600 0x0000000dd1ad5600 0 0 1 0 0 0 1 55854 848
0x0000723b3d9b1680 0x0000000dd1ad5680 0 0 1 0 0 0 1 55854 856
0x0000723b3d9b1700 0x0000000dd1ad5700 0 1 1 0 0 0 1 55854 848
0x0000723b3d9b1780 0x0000000dd1ad5780 0 1 1 0 0 0 1 55854 856
0x0000723b3d9b1800 0x0000000dd1ad5800 0 0 0 0 0 0 1 55854 864
0x0000723b3d9b1880 0x0000000dd1ad5880 0 0 0 0 0 0 1 55854 872
0x0000723b3d9b1900 0x0000000dd1ad5900 0 1 0 0 0 0 1 55854 864
0x0000723b3d9b1980 0x0000000dd1ad5980 0 1 0 0 0 0 1 55854 872
0x0000723b3d9b1a00 0x0000000dd1ad5a00 0 0 1 0 0 0 1 55854 864
0x0000723b3d9b1a80 0x0000000dd1ad5a80 0 0 1 0 0 0 1 55854 872
0x0000723b3d9b1b00 0x0000000dd1ad5b00 0 1 1 0 0 0 1 55854 864
0x0000723b3d9b1b80 0x0000000dd1ad5b80 0 1 1 0 0 0 1 55854 872
0x0000723b3d9b1c00 0x0000000dd1ad5c00 0 0 0 0 0 0 1 55854 880
0x0000723b3d9b1c80 0x0000000dd1ad5c80 0 0 0 0 0 0 1 55854 888
0x0000723b3d9b1d00 0x0000000dd1ad5d00 0 1 0 0 0 0 1 55854 880
0x0000723b3d9b1d80 0x0000000dd1ad5d80 0 1 0 0 0 0 1 55854 888
0x0000723b3d9b1e00 0x0000000dd1ad5e00 0 0 1 0 0 0 1 55854 880
0x0000723b3d9b1e80 0x0000000dd1ad5e80 0 0 1 0 0 0 1 55854 888
0x0000723b3d9b1f00 0x0000000dd1ad5f00 0 1 1 0 0 0 1 55854 880
0x0000723b3d9b1f80 0x0000000dd1ad5f80 0 1 1 0 0 0 1 55854 888
0x0000723b3d9b3000 0x0000000dd1ad7000 0 0 0 0 0 0 1 55854 960
0x0000723b3d9b3080 0x0000000dd1ad7080 0 0 0 0 0 0 1 55854 968
0x0000723b3d9b3100 0x0000000dd1ad7100 0 1 0 0 0 0 1 55854 960
0x0000723b3d9b3180 0x0000000dd1ad7180 0 1 0 0 0 0 1 55854 968
0x0000723b3d9b3200 0x0000000dd1ad7200 0 0 1 0 0 0 1 55854 960
0x0000723b3d9b3280 0x0000000dd1ad7280 0 0 1 0 0 0 1 55854 968
0x0000723b3d9b3300 0x0000000dd1ad7300 0 1 1 0 0 0 1 55854 960
0x0000723b3d9b3380 0x0000000dd1ad7380 0 1 1 0 0 0 1 55854 968
0x0000723b3d9b3400 0x0000000dd1ad7400 0 0 0 0 0 0 1 55854 976
0x0000723b3d9b3480 0x0000000dd1ad7480 0 0 0 0 0 0 1 55854 984
0x0000723b3d9b3500 0x0000000dd1ad7500 0 1 0 0 0 0 1 55854 976
0x0000723b3d9b3580 0x0000000dd1ad7580 0 1 0 0 0 0 1 55854 984
0x0000723b3d9b3600 0x0000000dd1ad7600 0 0 1 0 0 0 1 55854 976
0x0000723b3d9b3680 0x0000000dd1ad7680 0 0 1 0 0 0 1 55854 984
0x0000723b3d9b3700 0x0000000dd1ad7700 0 1 1 0 0 0 1 55854 976
0x0000723b3d9b3780 0x0000000dd1ad7780 0 1 1 0 0 0 1 55854 984
0x0000723b3d9b3800 0x0000000dd1ad7800 0 0 0 0 0 0 1 55854 992
0x0000723b3d9b3880 0x0000000dd1ad7880 0 0 0 0 0 0 1 55854 1000
0x0000723b3d9b3900 0x0000000dd1ad7900 0 1 0 0 0 0 1 55854 992
0x0000723b3d9b3980 0x0000000dd1ad7980 0 1 0 0 0 0 1 55854 1000
0x0000723b3d9b3a00 0x0000000dd1ad7a00 0 0 1 0 0 0 1 55854 992
0x0000723b3d9b3a80 0x0000000dd1ad7a80 0 0 1 0 0 0 1 55854 1000
0x0000723b3d9b3b00 0x0000000dd1ad7b00 0 1 1 0 0 0 1 55854 992
0x0000723b3d9b3b80 0x0000000dd1ad7b80 0 1 1 0 0 0 1 55854 1000
0x0000723b3d9b3c00 0x0000000dd1ad7c00 0 0 0 0 0 0 1 55854 1008
0x0000723b3d9b3c80 0x0000000dd1ad7c80 0 0 0 0 0 0 1 55854 1016
0x0000723b3d9b3d00 0x0000000dd1ad7d00 0 1 0 0 0 0 1 55854 1008
0x0000723b3d9b3d80 0x0000000dd1ad7d80 0 1 0 0 0 0 1 55854 1016
0x0000723b3d9b3e00 0x0000000dd1ad7e00 0 0 1 0 0 0 1 55854 1008
0x0000723b3d9b3e80 0x0000000dd1ad7e80 0 0 1 0 0 0 1 55854 1016
0x0000723b3d9b3f00 0x0000000dd1ad7f00 0 1 1 0 0 0 1 55854 1008
0x0000723b3d9b3f80 0x0000000dd1ad7f80 0 1 1 0 0 0 1 55854 1016
0x0000723b3d9de000 0x0000000e68acc000 0 0 0 0 1 0 1 56606 256
0x0000723b3d9de080 0x0000000e68acc080 0 0 0 0 1 0 1 56606 264
0x0000723b3d9de100 0x0000000e68acc100 0 1 0 0 1 0 1 56606 256
0x0000723b3d9de180 0x0000000e68acc180 0 1 0 0 1 0 1 56606 264
0x0000723b3d9de200 0x0000000e68acc200 0 0 1 0 1 0 1 56606 256
0x0000723b3d9de280 0x0000000e68acc280 0 0 1 0 1 0 1 56606 264
0x0000723b3d9de300 0x0000000e68acc300 0 1 1 0 1 0 1 56606 256
0x0000723b3d9de380 0x0000000e68acc380 0 1 1 0 1 0 1 56606 264
0x0000723b3d9de400 0x0000000e68acc400 0 0 0 0 1 0 1 56606 272
0x0000723b3d9de480 0x0000000e68acc480 0 0 0 0 1 0 1 56606 280
0x0000723b3d9de500 0x0000000e68acc500 0 1 0 0 1 0 1 56606 272
0x0000723b3d9de580 0x0000000e68acc580 0 1 0 0 1 0 1 56606 280
0x0000723b3d9de600 0x0000000e68acc600 0 0 1 0 1 0 1 56606 272
0x0000723b3d9de680 0x0000000e68acc680 0 0 1 0 1 0 1 56606 280
0x0000723b3d9de700 0x0000000e68acc700 0 1 1 0 1 0 1 56606 272
0x0000723b3d9de780 0x0000000e68acc780 0 1 1 0 1 0 1 56606 280
0x0000723b3d9de800 0x0000000e68acc800 0 0 0 0 1 0 1 56606 288
0x0000723b3d9de880 0x0000000e68acc880 0 0 0 0 1 0 1 56606 296
0x0000723b3d9de900 0x0000000e68acc900 0 1 0 0 1 0 1 56606 288
0x0000723b3d9de980 0x0000000e68acc980 0 1 0 0 1 0 1 56606 296
0x0000723b3d9dea00 0x0000000e68acca00 0 0 1 0 1 0 1 56606 288
0x0000723b3d9dea80 0x0000000e68acca80 0 0 1 0 1 0 1 56606 296
0x0000723b3d9deb00 0x0000000e68accb00 0 1 1 0 1 0 1 56606 288
0x0000723b3d9deb80 0x0000000e68accb80 0 1 1 0 1 0 1 56606 296
0x0000723b3d9dec00 0x0000000e68accc00 0 0 0 0 1 0 1 56606 304
0x0000723b3d9dec80 0x0000000e68accc80 0 0 0 0 1 0 1 56606 312
0x0000723b3d9ded00 0x0000000e68accd00 0 1 0 0 1 0 1 56606 304
0x0000723b3d9ded80 0x0000000e68accd80 0 1 0 0 1 0 1 56606 312
0x0000723b3d9dee00 0x0000000e68acce00 0 0 1 0 1 0 1 56606 304
0x0000723b3d9dee80 0x0000000e68acce80 0 0 1 0 1 0 1 56606 312
0x0000723b3d9def00 0x0000000e68accf00 0 1 1 0 1 0 1 56606 304
0x0000723b3d9def80 0x0000000e68accf80 0 1 1 0 1 0 1 56606 312
0x0000723b3da01000 0x0000000265ac8000 0 0 0 0 1 0 1 7358 0
0x0000723b3da01080 0x0000000265ac8080 0 0 0 0 1 0 1 7358 8
0x0000723b3da01100 0x0000000265ac8100 0 1 0 0 1 0 1 7358 0
0x0000723b3da01180 0x0000000265ac8180 0 1 0 0 1 0 1 7358 8
0x0000723b3da01200 0x0000000265ac8200 0 0 1 0 1 0 1 7358 0
0x0000723b3da01280 0x0000000265ac8280 0 0 1 0 1 0 1 7358 8
0x0000723b3da01300 0x0000000265ac8300 0 1 1 0 1 0 1 7358 0
0x0000723b3da01380 0x0000000265ac8380 0 1 1 0 1 0 1 7358 8
0x0000723b3da01400 0x0000000265ac8400 0 0 0 0 1 0 1 7358 16
0x0000723b3da01480 0x0000000265ac8480 0 0 0 0 1 0 1 7358 24
0x0000723b3da01500 0x0000000265ac8500 0 1 0 0 1 0 1 7358 16
0x0000723b3da01580 0x0000000265ac8580 0 1 0 0 1 0 1 7358 24
0x0000723b3da01600 0x0000000265ac8600 0 0 1 0 1 0 1 7358 16
0x0000723b3da01680 0x0000000265ac8680 0 0 1 0 1 0 1 7358 24
0x0000723b3da01700 0x0000000265ac8700 0 1 1 0 1 0 1 7358 16
0x0000723b3da01780 0x0000000265ac8780 0 1 1 0 1 0 1 7358 24
0x0000723b3da01800 0x0000000265ac8800 0 0 0 0 1 0 1 7358 32
0x0000723b3da01880 0x0000000265ac8880 0 0 0 0 1 0 1 7358 40
0x0000723b3da01900 0x0000000265ac8900 0 1 0 0 1 0 1 7358 32
0x0000723b3da01980 0x0000000265ac8980 0 1 0 0 1 0 1 7358 40
0x0000723b3da01a00 0x0000000265ac8a00 0 0 1 0 1 0 1 7358 32
0x0000723b3da01a80 0x0000000265ac8a80 0 0 1 0 1 0 1 7358 40
0x0000723b3da01b00 0x0000000265ac8b00 0 1 1 0 1 0 1 7358 32
0x0000723b3da01b80 0x0000000265ac8b80 0 1 1 0 1 0 1 7358 40
0x0000723b3da01c00 0x0000000265ac8c00 0 0 0 0 1 0 1 7358 48
0x0000723b3da01c80 0x0000000265ac8c80 0 0 0 0 1 0 1 7358 56
0x0000723b3da01d00 0x0000000265ac8d00 0 1 0 0 1 0 1 7358 48
0x0000723b3da01d80 0x0000000265ac8d80 0 1 0 0 1 0 1 7358 56
0x0000723b3da01e00 0x0000000265ac8e00 0 0 1 0 1 0 1 7358 48
0x0000723b3da01e80 0x0000000265ac8e80 0 0 1 0 1 0 1 7358 56
0x0000723b3da01f00 0x0000000265ac8f00 0 1 1 0 1 0 1 7358 48
0x0000723b3da01f80 0x0000000265ac8f80 0 1 1 0 1 0 1 7358 56
0x0000723b3da09000 0x0000000265acb000 0 0 0 0 1 0 1 7358 192
0x0000723b3da09080 0x0000000265acb080 0 0 0 0 1 0 1 7358 200
0x0000723b3da09100 0x0000000265acb100 0 1 0 0 1 0 1 7358 192
0x0000723b3da09180 0x0000000265acb180 0 1 0 0 1 0 1 7358 200
0x0000723b3da09200 0x0000000265acb200 0 0 1 0 1 0 1 7358 192
0x0000723b3da09280 0x0000000265acb280 0 0 1 0 1 0 1 7358 200
0x0000723b3da09300 0x0000000265acb300 0 1 1 0 1 0 1 7358 192
0x0000723b3da09380 0x0000000265acb380 0 1 1 0 1 0 1 7358 200
0x0000723b3da09400 0x0000000265acb400 0 0 0 0 1 0 1 7358 208
0x0000723b3da09480 0x0000000265acb480 0 0 0 0 1 0 1 7358 216
0x0000723b3da09500 0x0000000265acb500 0 1 0 0 1 0 1 7358 208
0x0000723b3da09580 0x0000000265acb580 0 1 0 0 1 0 1 7358 216
0x0000723b3da09600 0x0000000265acb600 0 0 1 0 1 0 1 7358 208
0x0000723b3da09680 0x0000000265acb680 0 0 1 0 1 0 1 7358 216
0x0000723b3da09700 0x0000000265acb700 0 1 1 0 1 0 1 7358 208
0x0000723b3da09780 0x0000000265acb780 0 1 1 0 1 0 1 7358 216
0x0000723b3da09800 0x0000000265acb800 0 0 0 0 1 0 1 7358 224
0x0000723b3da09880 0x0000000265acb880 0 0 0 0 1 0 1 7358 232
0x0000723b3da09900 0x0000000265acb900 0 1 0 0 1 0 1 7358 224
0x0000723b3da09980 0x0000000265acb980 0 1 0 0 1 0 1 7358 232
0x0000723b3da09a00 0x0000000265acba00 0 0 1 0 1 0 1 7358 224
0x0000723b3da09a80 0x0000000265acba80 0 0 1 0 1 0 1 7358 232
0x0000723b3da09b00 0x0000000265acbb00 0 1 1 0 1 0 1 7358 224
0x0000723b3da09b80 0x0000000265acbb80 0 1 1 0 1 0 1 7358 232
0x0000723b3da09c00 0x0000000265acbc00 0 0 0 0 1 0 1 7358 240
0x0000723b3da09c80 0x0000000265acbc80 0 0 0 0 1 0 1 7358 248
0x0000723b3da09d00 0x0000000265acbd00 0 1 0 0 1 0 1 7358 240
0x0000723b3da09d80 0x0000000265acbd80 0 1 0 0 1 0 1 7358 248
0x0000723b3da09e00 0x0000000265acbe00 0 0 1 0 1 0 1 7358 240
0x0000723b3da09e80 0x0000000265acbe80 0 0 1 0 1 0 1 7358 248
0x0000723b3da09f00 0x0000000265acbf00 0 1 1 0 1 0 1 7358 240
0x0000723b3da09f80 0x0000000265acbf80 0 1 1 0 1 0 1 7358 248
0x0000723b3da0a000 0x0000000e68ace000 0 0 0 0 1 0 1 56606 384
0x0000723b3da0a080 0x0000000e68ace080 0 0 0 0 1 0 1 56606 392
0x0000723b3da0a100 0x0000000e68ace100 0 1 0 0 1 0 1 56606 384
0x0000723b3da0a180 0x0000000e68ace180 0 1 0 0 1 0 1 56606 392
0x0000723b3da0a200 0x0000000e68ace200 0 0 1 0 1 0 1 56606 384
0x0000723b3da0a280 0x0000000e68ace280 0 0 1 0 1 0 1 56606 392
0x0000723b3da0a300 0x0000000e68ace300 0 1 1 0 1 0 1 56606 384
0x0000723b3da0a380 0x0000000e68ace380 0 1 1 0 1 0 1 56606 392
0x0000723b3da0a400 0x0000000e68ace400 0 0 0 0 1 0 1 56606 400
0x0000723b3da0a480 0x0000000e68ace480 0 0 0 0 1 0 1 56606 408
0x0000723b3da0a500 0x0000000e68ace500 0 1 0 0 1 0 1 56606 400
0x0000723b3da0a580 0x0000000e68ace580 0 1 0 0 1 0 1 56606 408
0x0000723b3da0a600 0x0000000e68ace600 0 0 1 0 1 0 1 56606 400
0x0000723b3da0a680 0x0000000e68ace680 0 0 1 0 1 0 1 56606 408
0x0000723b3da0a700 0x0000000e68ace700 0 1 1 0 1 0 1 56606 400
0x0000723b3da0a780 0x0000000e68ace780 0 1 1 0 1 0 1 56606 408
0x0000723b3da0a800 0x0000000e68ace800 0 0 0 0 1 0 1 56606 416
0x0000723b3da0a880 0x0000000e68ace880 0 0 0 0 1 0 1 56606 424
0x0000723b3da0a900 0x0000000e68ace900 0 1 0 0 1 0 1 56606 416
0x0000723b3da0a980 0x0000000e68ace980 0 1 0 0 1 0 1 56606 424
0x0000723b3da0aa00 0x0000000e68acea00 0 0 1 0 1 0 1 56606 416
0x0000723b3da0aa80 0x0000000e68acea80 0 0 1 0 1 0 1 56606 424
0x0000723b3da0ab00 0x0000000e68aceb00 0 1 1 0 1 0 1 56606 416
0x0000723b3da0ab80 0x0000000e68aceb80 0 1 1 0 1 0 1 56606 424
0x0000723b3da0ac00 0x0000000e68acec00 0 0 0 0 1 0 1 56606 432
0x0000723b3da0ac80 0x0000000e68acec80 0 0 0 0 1 0 1 56606 440
0x0000723b3da0ad00 0x0000000e68aced00 0 1 0 0 1 0 1 56606 432
0x0000723b3da0ad80 0x0000000e68aced80 0 1 0 0 1 0 1 56606 440
0x0000723b3da0ae00 0x0000000e68acee00 0 0 1 0 1 0 1 56606 432
0x0000723b3da0ae80 0x0000000e68acee80 0 0 1 0 1 0 1 56606 440
0x0000723b3da0af00 0x0000000e68acef00 0 1 1 0 1 0 1 56606 432
0x0000723b3da0af80 0x0000000e68acef80 0 1 1 0 1 0 1 56606 440
0x0000723b3da11000 0x0000000234a3b000 0 0 0 0 1 0 1 5785 704
0x0000723b3da11080 0x0000000234a3b080 0 0 0 0 1 0 1 5785 712
0x0000723b3da11100 0x0000000234a3b100 0 1 0 0 1 0 1 5785 704
0x0000723b3da11180 0x0000000234a3b180 0 1 0 0 1 0 1 5785 712
0x0000723b3da11200 0x0000000234a3b200 0 0 1 0 1 0 1 5785 704
0x0000723b3da11280 0x0000000234a3b280 0 0 1 0 1 0 1 5785 712
0x0000723b3da11300 0x0000000234a3b300 0 1 1 0 1 0 1 5785 704
0x0000723b3da11380 0x0000000234a3b380 0 1 1 0 1 0 1 5785 712
0x0000723b3da11400 0x0000000234a3b400 0 0 0 0 1 0 1 5785 720
0x0000723b3da11480 0x0000000234a3b480 0 0 0 0 1 0 1 5785 728
0x0000723b3da11500 0x0000000234a3b500 0 1 0 0 1 0 1 5785 720
0x0000723b3da11580 0x0000000234a3b580 0 1 0 0 1 0 1 5785 728
0x0000723b3da11600 0x0000000234a3b600 0 0 1 0 1 0 1 5785 720
0x0000723b3da11680 0x0000000234a3b680 0 0 1 0 1 0 1 5785 728
0x0000723b3da11700 0x0000000234a3b700 0 1 1 0 1 0 1 5785 720
0x0000723b3da11780 0x0000000234a3b780 0 1 1 0 1 0 1 5785 728
0x0000723b3da11800 0x0000000234a3b800 0 0 0 0 1 0 1 5785 736
0x0000723b3da11880 0x0000000234a3b880 0 0 0 0 1 0 1 5785 744
0x0000723b3da11900 0x0000000234a3b900 0 1 0 0 1 0 1 5785 736
0x0000723b3da11980 0x0000000234a3b980 0 1 0 0 1 0 1 5785 744
0x0000723b3da11a00 0x0000000234a3ba00 0 0 1 0 1 0 1 5785 736
0x0000723b3da11a80 0x0000000234a3ba80 0 0 1 0 1 0 1 5785 744
0x0000723b3da11b00 0x0000000234a3bb00 0 1 1 0 1 0 1 5785 736
0x0000723b3da11b80 0x0000000234a3bb80 0 1 1 0 1 0 1 5785 744
0x0000723b3da11c00 0x0000000234a3bc00 0 0 0 0 1 0 1 5785 752
0x0000723b3da11c80 0x0000000234a3bc80 0 0 0 0 1 0 1 5785 760
0x0000723b3da11d00 0x0000000234a3bd00 0 1 0 0 1 0 1 5785 752
0x0000723b3da11d80 0x0000000234a3bd80 0 1 0 0 1 0 1 5785 760
0x0000723b3da11e00 0x0000000234a3be00 0 0 1 0 1 0 1 5785 752
0x0000723b3da11e80 0x0000000234a3be80 0 0 1 0 1 0 1 5785 760
0x0000723b3da11f00 0x0000000234a3bf00 0 1 1 0 1 0 1 5785 752
0x0000723b3da11f80 0x0000000234a3bf80 0 1 1 0 1 0 1 5785 760
0x0000723b3da29000 0x00000008ed2b9000 0 0 0 0 1 0 1 36261 576
0x0000723b3da29080 0x00000008ed2b9080 0 0 0 0 1 0 1 36261 584
0x0000723b3da29100 0x00000008ed2b9100 0 1 0 0 1 0 1 36261 576
0x0000723b3da29180 0x00000008ed2b9180 0 1 0 0 1 0 1 36261 584
0x0000723b3da29200 0x00000008ed2b9200 0 0 1 0 1 0 1 36261 576
0x0000723b3da29280 0x00000008ed2b9280 0 0 1 0 1 0 1 36261 584
0x0000723b3da29300 0x00000008ed2b9300 0 1 1 0 1 0 1 36261 576
0x0000723b3da29380 0x00000008ed2b9380 0 1 1 0 1 0 1 36261 584
0x0000723b3da29400 0x00000008ed2b9400 0 0 0 0 1 0 1 36261 592
0x0000723b3da29480 0x00000008ed2b9480 0 0 0 0 1 0 1 36261 600
0x0000723b3da29500 0x00000008ed2b9500 0 1 0 0 1 0 1 36261 592
0x0000723b3da29580 0x00000008ed2b9580 0 1 0 0 1 0 1 36261 600
0x0000723b3da29600 0x00000008ed2b9600 0 0 1 0 1 0 1 36261 592
0x0000723b3da29680 0x00000008ed2b9680 0 0 1 0 1 0 1 36261 600
0x0000723b3da29700 0x00000008ed2b9700 0 1 1 0 1 0 1 36261 592
0x0000723b3da29780 0x00000008ed2b9780 0 1 1 0 1 0 1 36261 600
0x0000723b3da29800 0x00000008ed2b9800 0 0 0 0 1 0 1 36261 608
0x0000723b3da29880 0x00000008ed2b9880 0 0 0 0 1 0 1 36261 616
0x0000723b3da29900 0x00000008ed2b9900 0 1 0 0 1 0 1 36261 608
0x0000723b3da29980 0x00000008ed2b9980 0 1 0 0 1 0 1 36261 616
0x0000723b3da29a00 0x00000008ed2b9a00 0 0 1 0 1 0 1 36261 608
0x0000723b3da29a80 0x00000008ed2b9a80 0 0 1 0 1 0 1 36261 616
0x0000723b3da29b00 0x00000008ed2b9b00 0 1 1 0 1 0 1 36261 608
0x0000723b3da29b80 0x00000008ed2b9b80 0 1 1 0 1 0 1 36261 616
0x0000723b3da29c00 0x00000008ed2b9c00 0 0 0 0 1 0 1 36261 624
0x0000723b3da29c80 0x00000008ed2b9c80 0 0 0 0 1 0 1 36261 632
0x0000723b3da29d00 0x00000008ed2b9d00 0 1 0 0 1 0 1 36261 624
0x0000723b3da29d80 0x00000008ed2b9d80 0 1 0 0 1 0 1 36261 632
0x0000723b3da29e00 0x00000008ed2b9e00 0 0 1 0 1 0 1 36261 624
0x0000723b3da29e80 0x00000008ed2b9e80 0 0 1 0 1 0 1 36261 632
0x0000723b3da29f00 0x00000008ed2b9f00 0 1 1 0 1 0 1 36261 624
0x0000723b3da29f80 0x00000008ed2b9f80 0 1 1 0 1 0 1 36261 632
0x0000723b3da33000 0x0000000234a3a000 0 0 0 0 1 0 1 5785 640
0x0000723b3da33080 0x0000000234a3a080 0 0 0 0 1 0 1 5785 648
0x0000723b3da33100 0x0000000234a3a100 0 1 0 0 1 0 1 5785 640
0x0000723b3da33180 0x0000000234a3a180 0 1 0 0 1 0 1 5785 648
0x0000723b3da33200 0x0000000234a3a200 0 0 1 0 1 0 1 5785 640
0x0000723b3da33280 0x0000000234a3a280 0 0 1 0 1 0 1 5785 648
0x0000723b3da33300 0x0000000234a3a300 0 1 1 0 1 0 1 5785 640
0x0000723b3da33380 0x0000000234a3a380 0 1 1 0 1 0 1 5785 648
0x0000723b3da33400 0x0000000234a3a400 0 0 0 0 1 0 1 5785 656
0x0000723b3da33480 0x0000000234a3a480 0 0 0 0 1 0 1 5785 664
0x0000723b3da33500 0x0000000234a3a500 0 1 0 0 1 0 1 5785 656
0x0000723b3da33580 0x0000000234a3a580 0 1 0 0 1 0 1 5785 664
0x0000723b3da33600 0x0000000234a3a600 0 0 1 0 1 0 1 5785 656
0x0000723b3da33680 0x0000000234a3a680 0 0 1 0 1 0 1 5785 664
0x0000723b3da33700 0x0000000234a3a700 0 1 1 0 1 0 1 5785 656
0x0000723b3da33780 0x0000000234a3a780 0 1 1 0 1 0 1 5785 664
0x0000723b3da33800 0x0000000234a3a800 0 0 0 0 1 0 1 5785 672
0x0000723b3da33880 0x0000000234a3a880 0 0 0 0 1 0 1 5785 680
0x0000723b3da33900 0x0000000234a3a900 0 1 0 0 1 0 1 5785 672
0x0000723b3da33980 0x0000000234a3a980 0 1 0 0 1 0 1 5785 680
0x0000723b3da33a00 0x0000000234a3aa00 0 0 1 0 1 0 1 5785 672
0x0000723b3da33a80 0x0000000234a3aa80 0 0 1 0 1 0 1 5785 680
0x0000723b3da33b00 0x0000000234a3ab00 0 1 1 0 1 0 1 5785 672
0x0000723b3da33b80 0x0000000234a3ab80 0 1 1 0 1 0 1 5785 680
0x0000723b3da33c00 0x0000000234a3ac00 0 0 0 0 1 0 1 5785 688
0x0000723b3da33c80 0x0000000234a3ac80 0 0 0 0 1 0 1 5785 696
0x0000723b3da33d00 0x0000000234a3ad00 0 1 0 0 1 0 1 5785 688
0x0000723b3da33d80 0x0000000234a3ad80 0 1 0 0 1 0 1 5785 696
0x0000723b3da33e00 0x0000000234a3ae00 0 0 1 0 1 0 1 5785 688
0x0000723b3da33e80 0x0000000234a3ae80 0 0 1 0 1 0 1 5785 696
0x0000723b3da33f00 0x0000000234a3af00 0 1 1 0 1 0 1 5785 688
0x0000723b3da33f80 0x0000000234a3af80 0 1 1 0 1 0 1 5785 696
0x0000723b3da34000 0x0000000e68acd000 0 0 0 0 1 0 1 56606 320
0x0000723b3da34080 0x0000000e68acd080 0 0 0 0 1 0 1 56606 328
0x0000723b3da34100 0x0000000e68acd100 0 1 0 0 1 0 1 56606 320
0x0000723b3da34180 0x0000000e68acd180 0 1 0 0 1 0 1 56606 328
0x0000723b3da34200 0x0000000e68acd200 0 0 1 0 1 0 1 56606 320
0x0000723b3da34280 0x0000000e68acd280 0 0 1 0 1 0 1 56606 328
0x0000723b3da34300 0x0000000e68acd300 0 1 1 0 1 0 1 56606 320
0x0000723b3da34380 0x0000000e68acd380 0 1 1 0 1 0 1 56606 328
0x0000723b3da34400 0x0000000e68acd400 0 0 0 0 1 0 1 56606 336
0x0000723b3da34480 0x0000000e68acd480 0 0 0 0 1 0 1 56606 344
0x0000723b3da34500 0x0000000e68acd500 0 1 0 0 1 0 1 56606 336
0x0000723b3da34580 0x0000000e68acd580 0 1 0 0 1 0 1 56606 344
0x0000723b3da34600 0x0000000e68acd600 0 0 1 0 1 0 1 56606 336
0x0000723b3da34680 0x0000000e68acd680 0 0 1 0 1 0 1 56606 344
0x0000723b3da34700 0x0000000e68acd700 0 1 1 0 1 0 1 56606 336
0x0000723b3da34780 0x0000000e68acd780 0 1 1 0 1 0 1 56606 344
0x0000723b3da34800 0x0000000e68acd800 0 0 0 0 1 0 1 56606 352
0x0000723b3da34880 0x0000000e68acd880 0 0 0 0 1 0 1 56606 360
0x0000723b3da34900 0x0000000e68acd900 0 1 0 0 1 0 1 56606 352
0x0000723b3da34980 0x0000000e68acd980 0 1 0 0 1 0 1 56606 360
0x0000723b3da34a00 0x0000000e68acda00 0 0 1 0 1 0 1 56606 352
0x0000723b3da34a80 0x0000000e68acda80 0 0 1 0 1 0 1 56606 360
0x0000723b3da34b00 0x0000000e68acdb00 0 1 1 0 1 0 1 56606 352
0x0000723b3da34b80 0x0000000e68acdb80 0 1 1 0 1 0 1 56606 360
0x0000723b3da34c00 0x0000000e68acdc00 0 0 0 0 1 0 1 56606 368
0x0000723b3da34c80 0x0000000e68acdc80 0 0 0 0 1 0 1 56606 376
0x0000723b3da34d00 0x0000000e68acdd00 0 1 0 0 1 0 1 56606 368
0x0000723b3da34d80 0x0000000e68acdd80 0 1 0 0 1 0 1 56606 376
0x0000723b3da34e00 0x0000000e68acde00 0 0 1 0 1 0 1 56606 368
0x0000723b3da34e80 0x0000000e68acde80 0 0 1 0 1 0 1 56606 376
0x0000723b3da34f00 0x0000000e68acdf00 0 1 1 0 1 0 1 56606 368
0x0000723b3da34f80 0x0000000e68acdf80 0 1 1 0 1 0 1 56606 376
0x0000723b3da3d000 0x0000000992a4f000 0 0 0 0 1 0 1 37450 448
0x0000723b3da3d080 0x0000000992a4f080 0 0 0 0 1 0 1 37450 456
0x0000723b3da3d100 0x0000000992a4f100 0 1 0 0 1 0 1 37450 448
0x0000723b3da3d180 0x0000000992a4f180 0 1 0 0 1 0 1 37450 456
0x0000723b3da3d200 0x0000000992a4f200 0 0 1 0 1 0 1 37450 448
0x0000723b3da3d280 0x0000000992a4f280 0 0 1 0 1 0 1 37450 456
0x0000723b3da3d300 0x0000000992a4f300 0 1 1 0 1 0 1 37450 448
0x0000723b3da3d380 0x0000000992a4f380 0 1 1 0 1 0 1 37450 456
0x0000723b3da3d400 0x0000000992a4f400 0 0 0 0 1 0 1 37450 464
0x0000723b3da3d480 0x0000000992a4f480 0 0 0 0 1 0 1 37450 472
0x0000723b3da3d500 0x0000000992a4f500 0 1 0 0 1 0 1 37450 464
0x0000723b3da3d580 0x0000000992a4f580 0 1 0 0 1 0 1 37450 472
0x0000723b3da3d600 0x0000000992a4f600 0 0 1 0 1 0 1 37450 464
0x0000723b3da3d680 0x0000000992a4f680 0 0 1 0 1 0 1 37450 472
0x0000723b3da3d700 0x0000000992a4f700 0 1 1 0 1 0 1 37450 464
0x0000723b3da3d780 0x0000000992a4f780 0 1 1 0 1 0 1 37450 472
0x0000723b3da3d800 0x0000000992a4f800 0 0 0 0 1 0 1 37450 480
0x0000723b3da3d880 0x0000000992a4f880 0 0 0 0 1 0 1 37450 488
0x0000723b3da3d900 0x0000000992a4f900 0 1 0 0 1 0 1 37450 480
0x0000723b3da3d980 0x0000000992a4f980 0 1 0 0 1 0 1 37450 488
0x0000723b3da3da00 0x0000000992a4fa00 0 0 1 0 1 0 1 37450 480
0x0000723b3da3da80 0x0000000992a4fa80 0 0 1 0 1 0 1 37450 488
0x0000723b3da3db00 0x0000000992a4fb00 0 1 1 0 1 0 1 37450 480
0x0000723b3da3db80 0x0000000992a4fb80 0 1 1 0 1 0 1 37450 488
0x0000723b3da3dc00 0x0000000992a4fc00 0 0 0 0 1 0 1 37450 496
0x0000723b3da3dc80 0x0000000992a4fc80 0 0 0 0 1 0 1 37450 504
0x0000723b3da3dd00 0x0000000992a4fd00 0 1 0 0 1 0 1 37450 496
0x0000723b3da3dd80 0x0000000992a4fd80 0 1 0 0 1 0 1 37450 504
0x0000723b3da3de00 0x0000000992a4fe00 0 0 1 0 1 0 1 37450 496
0x0000723b3da3de80 0x0000000992a4fe80 0 0 1 0 1 0 1 37450 504
0x0000723b3da3df00 0x0000000992a4ff00 0 1 1 0 1 0 1 37450 496
0x0000723b3da3df80 0x0000000992a4ff80 0 1 1 0 1 0 1 37450 504
0x0000723b3da46000 0x0000000992a4d000 0 0 0 0 1 0 1 37450 320
0x0000723b3da46080 0x0000000992a4d080 0 0 0 0 1 0 1 37450 328
0x0000723b3da46100 0x0000000992a4d100 0 1 0 0 1 0 1 37450 320
0x0000723b3da46180 0x0000000992a4d180 0 1 0 0 1 0 1 37450 328
0x0000723b3da46200 0x0000000992a4d200 0 0 1 0 1 0 1 37450 320
0x0000723b3da46280 0x0000000992a4d280 0 0 1 0 1 0 1 37450 328
0x0000723b3da46300 0x0000000992a4d300 0 1 1 0 1 0 1 37450 320
0x0000723b3da46380 0x0000000992a4d380 0 1 1 0 1 0 1 37450 328
0x0000723b3da46400 0x0000000992a4d400 0 0 0 0 1 0 1 37450 336
0x0000723b3da46480 0x0000000992a4d480 0 0 0 0 1 0 1 37450 344
0x0000723b3da46500 0x0000000992a4d500 0 1 0 0 1 0 1 37450 336
0x0000723b3da46580 0x0000000992a4d580 0 1 0 0 1 0 1 37450 344
0x0000723b3da46600 0x0000000992a4d600 0 0 1 0 1 0 1 37450 336
0x0000723b3da46680 0x0000000992a4d680 0 0 1 0 1 0 1 37450 344
0x0000723b3da46700 0x0000000992a4d700 0 1 1 0 1 0 1 37450 336
0x0000723b3da46780 0x0000000992a4d780 0 1 1 0 1 0 1 37450 344
0x0000723b3da46800 0x0000000992a4d800 0 0 0 0 1 0 1 37450 352
0x0000723b3da46880 0x0000000992a4d880 0 0 0 0 1 0 1 37450 360
0x0000723b3da46900 0x0000000992a4d900 0 1 0 0 1 0 1 37450 352
0x0000723b3da46980 0x0000000992a4d980 0 1 0 0 1 0 1 37450 360
0x0000723b3da46a00 0x0000000992a4da00 0 0 1 0 1 0 1 37450 352
0x0000723b3da46a80 0x0000000992a4da80 0 0 1 0 1 0 1 37450 360
0x0000723b3da46b00 0x0000000992a4db00 0 1 1 0 1 0 1 37450 352
0x0000723b3da46b80 0x0000000992a4db80 0 1 1 0 1 0 1 37450 360
0x0000723b3da46c00 0x0000000992a4dc00 0 0 0 0 1 0 1 37450 368
0x0000723b3da46c80 0x0000000992a4dc80 0 0 0 0 1 0 1 37450 376
0x0000723b3da46d00 0x0000000992a4dd00 0 1 0 0 1 0 1 37450 368
0x0000723b3da46d80 0x0000000992a4dd80 0 1 0 0 1 0 1 37450 376
0x0000723b3da46e00 0x0000000992a4de00 0 0 1 0 1 0 1 37450 368
0x0000723b3da46e80 0x0000000992a4de80 0 0 1 0 1 0 1 37450 376
0x0000723b3da46f00 0x0000000992a4df00 0 1 1 0 1 0 1 37450 368
0x0000723b3da46f80 0x0000000992a4df80 0 1 1 0 1 0 1 37450 376
0x0000723b3da47000 0x00000003932ff000 0 0 0 0 1 0 1 12903 960
0x0000723b3da47080 0x00000003932ff080 0 0 0 0 1 0 1 12903 968
0x0000723b3da47100 0x00000003932ff100 0 1 0 0 1 0 1 12903 960
0x0000723b3da47180 0x00000003932ff180 0 1 0 0 1 0 1 12903 968
0x0000723b3da47200 0x00000003932ff200 0 0 1 0 1 0 1 12903 960
0x0000723b3da47280 0x00000003932ff280 0 0 1 0 1 0 1 12903 968
0x0000723b3da47300 0x00000003932ff300 0 1 1 0 1 0 1 12903 960
0x0000723b3da47380 0x00000003932ff380 0 1 1 0 1 0 1 12903 968
0x0000723b3da47400 0x00000003932ff400 0 0 0 0 1 0 1 12903 976
0x0000723b3da47480 0x00000003932ff480 0 0 0 0 1 0 1 12903 984
0x0000723b3da47500 0x00000003932ff500 0 1 0 0 1 0 1 12903 976
0x0000723b3da47580 0x00000003932ff580 0 1 0 0 1 0 1 12903 984
0x0000723b3da47600 0x00000003932ff600 0 0 1 0 1 0 1 12903 976
0x0000723b3da47680 0x00000003932ff680 0 0 1 0 1 0 1 12903 984
0x0000723b3da47700 0x00000003932ff700 0 1 1 0 1 0 1 12903 976
0x0000723b3da47780 0x00000003932ff780 0 1 1 0 1 0 1 12903 984
0x0000723b3da47800 0x00000003932ff800 0 0 0 0 1 0 1 12903 992
0x0000723b3da47880 0x00000003932ff880 0 0 0 0 1 0 1 12903 1000
0x0000723b3da47900 0x00000003932ff900 0 1 0 0 1 0 1 12903 992
0x0000723b3da47980 0x00000003932ff980 0 1 0 0 1 0 1 12903 1000
0x0000723b3da47a00 0x00000003932ffa00 0 0 1 0 1 0 1 12903 992
0x0000723b3da47a80 0x00000003932ffa80 0 0 1 0 1 0 1 12903 1000
0x0000723b3da47b00 0x00000003932ffb00 0 1 1 0 1 0 1 12903 992
0x0000723b3da47b80 0x00000003932ffb80 0 1 1 0 1 0 1 12903 1000
0x0000723b3da47c00 0x00000003932ffc00 0 0 0 0 1 0 1 12903 1008
0x0000723b3da47c80 0x00000003932ffc80 0 0 0 0 1 0 1 12903 1016
0x0000723b3da47d00 0x00000003932ffd00 0 1 0 0 1 0 1 12903 1008
0x0000723b3da47d80 0x00000003932ffd80 0 1 0 0 1 0 1 12903 1016
0x0000723b3da47e00 0x00000003932ffe00 0 0 1 0 1 0 1 12903 1008
0x0000723b3da47e80 0x00000003932ffe80 0 0 1 0 1 0 1 12903 1016
0x0000723b3da47f00 0x00000003932fff00 0 1 1 0 1 0 1 12903 1008
0x0000723b3da47f80 0x00000003932fff80 0 1 1 0 1 0 1 12903 1016
0x0000723b3da49000 0x0000000de0ab5000 0 0 0 0 0 0 1 56333 832
0x0000723b3da49080 0x0000000de0ab5080 0 0 0 0 0 0 1 56333 840
0x0000723b3da49100 0x0000000de0ab5100 0 1 0 0 0 0 1 56333 832
0x0000723b3da49180 0x0000000de0ab5180 0 1 0 0 0 0 1 56333 840
0x0000723b3da49200 0x0000000de0ab5200 0 0 1 0 0 0 1 56333 832
0x0000723b3da49280 0x0000000de0ab5280 0 0 1 0 0 0 1 56333 840
0x0000723b3da49300 0x0000000de0ab5300 0 1 1 0 0 0 1 56333 832
0x0000723b3da49380 0x0000000de0ab5380 0 1 1 0 0 0 1 56333 840
0x0000723b3da49400 0x0000000de0ab5400 0 0 0 0 0 0 1 56333 848
0x0000723b3da49480 0x0000000de0ab5480 0 0 0 0 0 0 1 56333 856
0x0000723b3da49500 0x0000000de0ab5500 0 1 0 0 0 0 1 56333 848
0x0000723b3da49580 0x0000000de0ab5580 0 1 0 0 0 0 1 56333 856
0x0000723b3da49600 0x0000000de0ab5600 0 0 1 0 0 0 1 56333 848
0x0000723b3da49680 0x0000000de0ab5680 0 0 1 0 0 0 1 56333 856
0x0000723b3da49700 0x0000000de0ab5700 0 1 1 0 0 0 1 56333 848
0x0000723b3da49780 0x0000000de0ab5780 0 1 1 0 0 0 1 56333 856
0x0000723b3da49800 0x0000000de0ab5800 0 0 0 0 0 0 1 56333 864
0x0000723b3da49880 0x0000000de0ab5880 0 0 0 0 0 0 1 56333 872
0x0000723b3da49900 0x0000000de0ab5900 0 1 0 0 0 0 1 56333 864
0x0000723b3da49980 0x0000000de0ab5980 0 1 0 0 0 0 1 56333 872
0x0000723b3da49a00 0x0000000de0ab5a00 0 0 1 0 0 0 1 56333 864
0x0000723b3da49a80 0x0000000de0ab5a80 0 0 1 0 0 0 1 56333 872
0x0000723b3da49b00 0x0000000de0ab5b00 0 1 1 0 0 0 1 56333 864
0x0000723b3da49b80 0x0000000de0ab5b80 0 1 1 0 0 0 1 56333 872
0x0000723b3da49c00 0x0000000de0ab5c00 0 0 0 0 0 0 1 56333 880
0x0000723b3da49c80 0x0000000de0ab5c80 0 0 0 0 0 0 1 56333 888
0x0000723b3da49d00 0x0000000de0ab5d00 0 1 0 0 0 0 1 56333 880
0x0000723b3da49d80 0x0000000de0ab5d80 0 1 0 0 0 0 1 56333 888
0x0000723b3da49e00 0x0000000de0ab5e00 0 0 1 0 0 0 1 56333 880
0x0000723b3da49e80 0x0000000de0ab5e80 0 0 1 0 0 0 1 56333 888
0x0000723b3da49f00 0x0000000de0ab5f00 0 1 1 0 0 0 1 56333 880
0x0000723b3da49f80 0x0000000de0ab5f80 0 1 1 0 0 0 1 56333 888
0x0000723b3da4b000 0x0000000992a4c000 0 0 0 0 1 0 1 37450 256
0x0000723b3da4b080 0x0000000992a4c080 0 0 0 0 1 0 1 37450 264
0x0000723b3da4b100 0x0000000992a4c100 0 1 0 0 1 0 1 37450 256
0x0000723b3da4b180 0x0000000992a4c180 0 1 0 0 1 0 1 37450 264
0x0000723b3da4b200 0x0000000992a4c200 0 0 1 0 1 0 1 37450 256
0x0000723b3da4b280 0x0000000992a4c280 0 0 1 0 1 0 1 37450 264
0x0000723b3da4b300 0x0000000992a4c300 0 1 1 0 1 0 1 37450 256
0x0000723b3da4b380 0x0000000992a4c380 0 1 1 0 1 0 1 37450 264
0x0000723b3da4b400 0x0000000992a4c400 0 0 0 0 1 0 1 37450 272
0x0000723b3da4b480 0x0000000992a4c480 0 0 0 0 1 0 1 37450 280
0x0000723b3da4b500 0x0000000992a4c500 0 1 0 0 1 0 1 37450 272
0x0000723b3da4b580 0x0000000992a4c580 0 1 0 0 1 0 1 37450 280
0x0000723b3da4b600 0x0000000992a4c600 0 0 1 0 1 0 1 37450 272
0x0000723b3da4b680 0x0000000992a4c680 0 0 1 0 1 0 1 37450 280
0x0000723b3da4b700 0x0000000992a4c700 0 1 1 0 1 0 1 37450 272
0x0000723b3da4b780 0x0000000992a4c780 0 1 1 0 1 0 1 37450 280
0x0000723b3da4b800 0x0000000992a4c800 0 0 0 0 1 0 1 37450 288
0x0000723b3da4b880 0x0000000992a4c880 0 0 0 0 1 0 1 37450 296
0x0000723b3da4b900 0x0000000992a4c900 0 1 0 0 1 0 1 37450 288
0x0000723b3da4b980 0x0000000992a4c980 0 1 0 0 1 0 1 37450 296
0x0000723b3da4ba00 0x0000000992a4ca00 0 0 1 0 1 0 1 37450 288
0x0000723b3da4ba80 0x0000000992a4ca80 0 0 1 0 1 0 1 37450 296
0x0000723b3da4bb00 0x0000000992a4cb00 0 1 1 0 1 0 1 37450 288
0x0000723b3da4bb80 0x0000000992a4cb80 0 1 1 0 1 0 1 37450 296
0x0000723b3da4bc00 0x0000000992a4cc00 0 0 0 0 1 0 1 37450 304
0x0000723b3da4bc80 0x0000000992a4cc80 0 0 0 0 1 0 1 37450 312
0x0000723b3da4bd00 0x0000000992a4cd00 0 1 0 0 1 0 1 37450 304
0x0000723b3da4bd80 0x0000000992a4cd80 0 1 0 0 1 0 1 37450 312
0x0000723b3da4be00 0x0000000992a4ce00 0 0 1 0 1 0 1 37450 304
0x0000723b3da4be80 0x0000000992a4ce80 0 0 1 0 1 0 1 37450 312
0x0000723b3da4bf00 0x0000000992a4cf00 0 1 1 0 1 0 1 37450 304
0x0000723b3da4bf80 0x0000000992a4cf80 0 1 1 0 1 0 1 37450 312
0x0000723b3da5f000 0x0000000dc5a03000 0 0 0 0 0 0 1 55464 192
0x0000723b3da5f080 0x0000000dc5a03080 0 0 0 0 0 0 1 55464 200
0x0000723b3da5f100 0x0000000dc5a03100 0 1 0 0 0 0 1 55464 192
0x0000723b3da5f180 0x0000000dc5a03180 0 1 0 0 0 0 1 55464 200
0x0000723b3da5f200 0x0000000dc5a03200 0 0 1 0 0 0 1 55464 192
0x0000723b3da5f280 0x0000000dc5a03280 0 0 1 0 0 0 1 55464 200
0x0000723b3da5f300 0x0000000dc5a03300 0 1 1 0 0 0 1 55464 192
0x0000723b3da5f380 0x0000000dc5a03380 0 1 1 0 0 0 1 55464 200
0x0000723b3da5f400 0x0000000dc5a03400 0 0 0 0 0 0 1 55464 208
0x0000723b3da5f480 0x0000000dc5a03480 0 0 0 0 0 0 1 55464 216
0x0000723b3da5f500 0x0000000dc5a03500 0 1 0 0 0 0 1 55464 208
0x0000723b3da5f580 0x0000000dc5a03580 0 1 0 0 0 0 1 55464 216
0x0000723b3da5f600 0x0000000dc5a03600 0 0 1 0 0 0 1 55464 208
0x0000723b3da5f680 0x0000000dc5a03680 0 0 1 0 0 0 1 55464 216
0x0000723b3da5f700 0x0000000dc5a03700 0 1 1 0 0 0 1 55464 208
0x0000723b3da5f780 0x0000000dc5a03780 0 1 1 0 0 0 1 55464 216
0x0000723b3da5f800 0x0000000dc5a03800 0 0 0 0 0 0 1 55464 224
0x0000723b3da5f880 0x0000000dc5a03880 0 0 0 0 0 0 1 55464 232
0x0000723b3da5f900 0x0000000dc5a03900 0 1 0 0 0 0 1 55464 224
0x0000723b3da5f980 0x0000000dc5a03980 0 1 0 0 0 0 1 55464 232
0x0000723b3da5fa00 0x0000000dc5a03a00 0 0 1 0 0 0 1 55464 224
0x0000723b3da5fa80 0x0000000dc5a03a80 0 0 1 0 0 0 1 55464 232
0x0000723b3da5fb00 0x0000000dc5a03b00 0 1 1 0 0 0 1 55464 224
0x0000723b3da5fb80 0x0000000dc5a03b80 0 1 1 0 0 0 1 55464 232
0x0000723b3da5fc00 0x0000000dc5a03c00 0 0 0 0 0 0 1 55464 240
0x0000723b3da5fc80 0x0000000dc5a03c80 0 0 0 0 0 0 1 55464 248
0x0000723b3da5fd00 0x0000000dc5a03d00 0 1 0 0 0 0 1 55464 240
0x0000723b3da5fd80 0x0000000dc5a03d80 0 1 0 0 0 0 1 55464 248
0x0000723b3da5fe00 0x0000000dc5a03e00 0 0 1 0 0 0 1 55464 240
0x0000723b3da5fe80 0x0000000dc5a03e80 0 0 1 0 0 0 1 55464 248
0x0000723b3da5ff00 0x0000000dc5a03f00 0 1 1 0 0 0 1 55464 240
0x0000723b3da5ff80 0x0000000dc5a03f80 0 1 1 0 0 0 1 55464 248
0x0000723b3da68000 0x0000000eaca9f000 0 0 0 0 1 0 1 58764 960
0x0000723b3da68080 0x0000000eaca9f080 0 0 0 0 1 0 1 58764 968
0x0000723b3da68100 0x0000000eaca9f100 0 1 0 0 1 0 1 58764 960
0x0000723b3da68180 0x0000000eaca9f180 0 1 0 0 1 0 1 58764 968
0x0000723b3da68200 0x0000000eaca9f200 0 0 1 0 1 0 1 58764 960
0x0000723b3da68280 0x0000000eaca9f280 0 0 1 0 1 0 1 58764 968
0x0000723b3da68300 0x0000000eaca9f300 0 1 1 0 1 0 1 58764 960
0x0000723b3da68380 0x0000000eaca9f380 0 1 1 0 1 0 1 58764 968
0x0000723b3da68400 0x0000000eaca9f400 0 0 0 0 1 0 1 58764 976
0x0000723b3da68480 0x0000000eaca9f480 0 0 0 0 1 0 1 58764 984
0x0000723b3da68500 0x0000000eaca9f500 0 1 0 0 1 0 1 58764 976
0x0000723b3da68580 0x0000000eaca9f580 0 1 0 0 1 0 1 58764 984
0x0000723b3da68600 0x0000000eaca9f600 0 0 1 0 1 0 1 58764 976
0x0000723b3da68680 0x0000000eaca9f680 0 0 1 0 1 0 1 58764 984
0x0000723b3da68700 0x0000000eaca9f700 0 1 1 0 1 0 1 58764 976
0x0000723b3da68780 0x0000000eaca9f780 0 1 1 0 1 0 1 58764 984
0x0000723b3da68800 0x0000000eaca9f800 0 0 0 0 1 0 1 58764 992
0x0000723b3da68880 0x0000000eaca9f880 0 0 0 0 1 0 1 58764 1000
0x0000723b3da68900 0x0000000eaca9f900 0 1 0 0 1 0 1 58764 992
0x0000723b3da68980 0x0000000eaca9f980 0 1 0 0 1 0 1 58764 1000
0x0000723b3da68a00 0x0000000eaca9fa00 0 0 1 0 1 0 1 58764 992
0x0000723b3da68a80 0x0000000eaca9fa80 0 0 1 0 1 0 1 58764 1000
0x0000723b3da68b00 0x0000000eaca9fb00 0 1 1 0 1 0 1 58764 992
0x0000723b3da68b80 0x0000000eaca9fb80 0 1 1 0 1 0 1 58764 1000
0x0000723b3da68c00 0x0000000eaca9fc00 0 0 0 0 1 0 1 58764 1008
0x0000723b3da68c80 0x0000000eaca9fc80 0 0 0 0 1 0 1 58764 1016
0x0000723b3da68d00 0x0000000eaca9fd00 0 1 0 0 1 0 1 58764 1008
0x0000723b3da68d80 0x0000000eaca9fd80 0 1 0 0 1 0 1 58764 1016
0x0000723b3da68e00 0x0000000eaca9fe00 0 0 1 0 1 0 1 58764 1008
0x0000723b3da68e80 0x0000000eaca9fe80 0 0 1 0 1 0 1 58764 1016
0x0000723b3da68f00 0x0000000eaca9ff00 0 1 1 0 1 0 1 58764 1008
0x0000723b3da68f80 0x0000000eaca9ff80 0 1 1 0 1 0 1 58764 1016
0x0000723b3da79000 0x0000000234a39000 0 0 0 0 1 0 1 5785 576
0x0000723b3da79080 0x0000000234a39080 0 0 0 0 1 0 1 5785 584
0x0000723b3da79100 0x0000000234a39100 0 1 0 0 1 0 1 5785 576
0x0000723b3da79180 0x0000000234a39180 0 1 0 0 1 0 1 5785 584
0x0000723b3da79200 0x0000000234a39200 0 0 1 0 1 0 1 5785 576
0x0000723b3da79280 0x0000000234a39280 0 0 1 0 1 0 1 5785 584
0x0000723b3da79300 0x0000000234a39300 0 1 1 0 1 0 1 5785 576
0x0000723b3da79380 0x0000000234a39380 0 1 1 0 1 0 1 5785 584
0x0000723b3da79400 0x0000000234a39400 0 0 0 0 1 0 1 5785 592
0x0000723b3da79480 0x0000000234a39480 0 0 0 0 1 0 1 5785 600
0x0000723b3da79500 0x0000000234a39500 0 1 0 0 1 0 1 5785 592
0x0000723b3da79580 0x0000000234a39580 0 1 0 0 1 0 1 5785 600
0x0000723b3da79600 0x0000000234a39600 0 0 1 0 1 0 1 5785 592
0x0000723b3da79680 0x0000000234a39680 0 0 1 0 1 0 1 5785 600
0x0000723b3da79700 0x0000000234a39700 0 1 1 0 1 0 1 5785 592
0x0000723b3da79780 0x0000000234a39780 0 1 1 0 1 0 1 5785 600
0x0000723b3da79800 0x0000000234a39800 0 0 0 0 1 0 1 5785 608
0x0000723b3da79880 0x0000000234a39880 0 0 0 0 1 0 1 5785 616
0x0000723b3da79900 0x0000000234a39900 0 1 0 0 1 0 1 5785 608
0x0000723b3da79980 0x0000000234a39980 0 1 0 0 1 0 1 5785 616
0x0000723b3da79a00 0x0000000234a39a00 0 0 1 0 1 0 1 5785 608
0x0000723b3da79a80 0x0000000234a39a80 0 0 1 0 1 0 1 5785 616
0x0000723b3da79b00 0x0000000234a39b00 0 1 1 0 1 0 1 5785 608
0x0000723b3da79b80 0x0000000234a39b80 0 1 1 0 1 0 1 5785 616
0x0000723b3da79c00 0x0000000234a39c00 0 0 0 0 1 0 1 5785 624
0x0000723b3da79c80 0x0000000234a39c80 0 0 0 0 1 0 1 5785 632
0x0000723b3da79d00 0x0000000234a39d00 0 1 0 0 1 0 1 5785 624
0x0000723b3da79d80 0x0000000234a39d80 0 1 0 0 1 0 1 5785 632
0x0000723b3da79e00 0x0000000234a39e00 0 0 1 0 1 0 1 5785 624
0x0000723b3da79e80 0x0000000234a39e80 0 0 1 0 1 0 1 5785 632
0x0000723b3da79f00 0x0000000234a39f00 0 1 1 0 1 0 1 5785 624
0x0000723b3da79f80 0x0000000234a39f80 0 1 1 0 1 0 1 5785 632
0x0000723b3da7a000 0x0000000234a38000 0 0 0 0 1 0 1 5785 512
0x0000723b3da7a080 0x0000000234a38080 0 0 0 0 1 0 1 5785 520
0x0000723b3da7a100 0x0000000234a38100 0 1 0 0 1 0 1 5785 512
0x0000723b3da7a180 0x0000000234a38180 0 1 0 0 1 0 1 5785 520
0x0000723b3da7a200 0x0000000234a38200 0 0 1 0 1 0 1 5785 512
0x0000723b3da7a280 0x0000000234a38280 0 0 1 0 1 0 1 5785 520
0x0000723b3da7a300 0x0000000234a38300 0 1 1 0 1 0 1 5785 512
0x0000723b3da7a380 0x0000000234a38380 0 1 1 0 1 0 1 5785 520
0x0000723b3da7a400 0x0000000234a38400 0 0 0 0 1 0 1 5785 528
0x0000723b3da7a480 0x0000000234a38480 0 0 0 0 1 0 1 5785 536
0x0000723b3da7a500 0x0000000234a38500 0 1 0 0 1 0 1 5785 528
0x0000723b3da7a580 0x0000000234a38580 0 1 0 0 1 0 1 5785 536
0x0000723b3da7a600 0x0000000234a38600 0 0 1 0 1 0 1 5785 528
0x0000723b3da7a680 0x0000000234a38680 0 0 1 0 1 0 1 5785 536
0x0000723b3da7a700 0x0000000234a38700 0 1 1 0 1 0 1 5785 528
0x0000723b3da7a780 0x0000000234a38780 0 1 1 0 1 0 1 5785 536
0x0000723b3da7a800 0x0000000234a38800 0 0 0 0 1 0 1 5785 544
0x0000723b3da7a880 0x0000000234a38880 0 0 0 0 1 0 1 5785 552
0x0000723b3da7a900 0x0000000234a38900 0 1 0 0 1 0 1 5785 544
0x0000723b3da7a980 0x0000000234a38980 0 1 0 0 1 0 1 5785 552
0x0000723b3da7aa00 0x0000000234a38a00 0 0 1 0 1 0 1 5785 544
0x0000723b3da7aa80 0x0000000234a38a80 0 0 1 0 1 0 1 5785 552
0x0000723b3da7ab00 0x0000000234a38b00 0 1 1 0 1 0 1 5785 544
0x0000723b3da7ab80 0x0000000234a38b80 0 1 1 0 1 0 1 5785 552
0x0000723b3da7ac00 0x0000000234a38c00 0 0 0 0 1 0 1 5785 560
0x0000723b3da7ac80 0x0000000234a38c80 0 0 0 0 1 0 1 5785 568
0x0000723b3da7ad00 0x0000000234a38d00 0 1 0 0 1 0 1 5785 560
0x0000723b3da7ad80 0x0000000234a38d80 0 1 0 0 1 0 1 5785 568
0x0000723b3da7ae00 0x0000000234a38e00 0 0 1 0 1 0 1 5785 560
0x0000723b3da7ae80 0x0000000234a38e80 0 0 1 0 1 0 1 5785 568
0x0000723b3da7af00 0x0000000234a38f00 0 1 1 0 1 0 1 5785 560
0x0000723b3da7af80 0x0000000234a38f80 0 1 1 0 1 0 1 5785 568
0x0000723b3da7d000 0x0000000265aca000 0 0 0 0 1 0 1 7358 128
0x0000723b3da7d080 0x0000000265aca080 0 0 0 0 1 0 1 7358 136
0x0000723b3da7d100 0x0000000265aca100 0 1 0 0 1 0 1 7358 128
0x0000723b3da7d180 0x0000000265aca180 0 1 0 0 1 0 1 7358 136
0x0000723b3da7d200 0x0000000265aca200 0 0 1 0 1 0 1 7358 128
0x0000723b3da7d280 0x0000000265aca280 0 0 1 0 1 0 1 7358 136
0x0000723b3da7d300 0x0000000265aca300 0 1 1 0 1 0 1 7358 128
0x0000723b3da7d380 0x0000000265aca380 0 1 1 0 1 0 1 7358 136
0x0000723b3da7d400 0x0000000265aca400 0 0 0 0 1 0 1 7358 144
0x0000723b3da7d480 0x0000000265aca480 0 0 0 0 1 0 1 7358 152
0x0000723b3da7d500 0x0000000265aca500 0 1 0 0 1 0 1 7358 144
0x0000723b3da7d580 0x0000000265aca580 0 1 0 0 1 0 1 7358 152
0x0000723b3da7d600 0x0000000265aca600 0 0 1 0 1 0 1 7358 144
0x0000723b3da7d680 0x0000000265aca680 0 0 1 0 1 0 1 7358 152
0x0000723b3da7d700 0x0000000265aca700 0 1 1 0 1 0 1 7358 144
0x0000723b3da7d780 0x0000000265aca780 0 1 1 0 1 0 1 7358 152
0x0000723b3da7d800 0x0000000265aca800 0 0 0 0 1 0 1 7358 160
0x0000723b3da7d880 0x0000000265aca880 0 0 0 0 1 0 1 7358 168
0x0000723b3da7d900 0x0000000265aca900 0 1 0 0 1 0 1 7358 160
0x0000723b3da7d980 0x0000000265aca980 0 1 0 0 1 0 1 7358 168
0x0000723b3da7da00 0x0000000265acaa00 0 0 1 0 1 0 1 7358 160
0x0000723b3da7da80 0x0000000265acaa80 0 0 1 0 1 0 1 7358 168
0x0000723b3da7db00 0x0000000265acab00 0 1 1 0 1 0 1 7358 160
0x0000723b3da7db80 0x0000000265acab80 0 1 1 0 1 0 1 7358 168
0x0000723b3da7dc00 0x0000000265acac00 0 0 0 0 1 0 1 7358 176
0x0000723b3da7dc80 0x0000000265acac80 0 0 0 0 1 0 1 7358 184
0x0000723b3da7dd00 0x0000000265acad00 0 1 0 0 1 0 1 7358 176
0x0000723b3da7dd80 0x0000000265acad80 0 1 0 0 1 0 1 7358 184
0x0000723b3da7de00 0x0000000265acae00 0 0 1 0 1 0 1 7358 176
0x0000723b3da7de80 0x0000000265acae80 0 0 1 0 1 0 1 7358 184
0x0000723b3da7df00 0x0000000265acaf00 0 1 1 0 1 0 1 7358 176
0x0000723b3da7df80 0x0000000265acaf80 0 1 1 0 1 0 1 7358 184
0x0000723b3da7e000 0x0000000265ac9000 0 0 0 0 1 0 1 7358 64
0x0000723b3da7e080 0x0000000265ac9080 0 0 0 0 1 0 1 7358 72
0x0000723b3da7e100 0x0000000265ac9100 0 1 0 0 1 0 1 7358 64
0x0000723b3da7e180 0x0000000265ac9180 0 1 0 0 1 0 1 7358 72
0x0000723b3da7e200 0x0000000265ac9200 0 0 1 0 1 0 1 7358 64
0x0000723b3da7e280 0x0000000265ac9280 0 0 1 0 1 0 1 7358 72
0x0000723b3da7e300 0x0000000265ac9300 0 1 1 0 1 0 1 7358 64
0x0000723b3da7e380 0x0000000265ac9380 0 1 1 0 1 0 1 7358 72
0x0000723b3da7e400 0x0000000265ac9400 0 0 0 0 1 0 1 7358 80
0x0000723b3da7e480 0x0000000265ac9480 0 0 0 0 1 0 1 7358 88
0x0000723b3da7e500 0x0000000265ac9500 0 1 0 0 1 0 1 7358 80
0x0000723b3da7e580 0x0000000265ac9580 0 1 0 0 1 0 1 7358 88
0x0000723b3da7e600 0x0000000265ac9600 0 0 1 0 1 0 1 7358 80
0x0000723b3da7e680 0x0000000265ac9680 0 0 1 0 1 0 1 7358 88
0x0000723b3da7e700 0x0000000265ac9700 0 1 1 0 1 0 1 7358 80
0x0000723b3da7e780 0x0000000265ac9780 0 1 1 0 1 0 1 7358 88
0x0000723b3da7e800 0x0000000265ac9800 0 0 0 0 1 0 1 7358 96
0x0000723b3da7e880 0x0000000265ac9880 0 0 0 0 1 0 1 7358 104
0x0000723b3da7e900 0x0000000265ac9900 0 1 0 0 1 0 1 7358 96
0x0000723b3da7e980 0x0000000265ac9980 0 1 0 0 1 0 1 7358 104
0x0000723b3da7ea00 0x0000000265ac9a00 0 0 1 0 1 0 1 7358 96
0x0000723b3da7ea80 0x0000000265ac9a80 0 0 1 0 1 0 1 7358 104
0x0000723b3da7eb00 0x0000000265ac9b00 0 1 1 0 1 0 1 7358 96
0x0000723b3da7eb80 0x0000000265ac9b80 0 1 1 0 1 0 1 7358 104
0x0000723b3da7ec00 0x0000000265ac9c00 0 0 0 0 1 0 1 7358 112
0x0000723b3da7ec80 0x0000000265ac9c80 0 0 0 0 1 0 1 7358 120
0x0000723b3da7ed00 0x0000000265ac9d00 0 1 0 0 1 0 1 7358 112
0x0000723b3da7ed80 0x0000000265ac9d80 0 1 0 0 1 0 1 7358 120
0x0000723b3da7ee00 0x0000000265ac9e00 0 0 1 0 1 0 1 7358 112
0x0000723b3da7ee80 0x0000000265ac9e80 0 0 1 0 1 0 1 7358 120
0x0000723b3da7ef00 0x0000000265ac9f00 0 1 1 0 1 0 1 7358 112
0x0000723b3da7ef80 0x0000000265ac9f80 0 1 1 0 1 0 1 7358 120
0x0000723b3da8e000 0x0000000a36a4d000 0 0 0 0 1 0 1 38618 320
0x0000723b3da8e080 0x0000000a36a4d080 0 0 0 0 1 0 1 38618 328
0x0000723b3da8e100 0x0000000a36a4d100 0 1 0 0 1 0 1 38618 320
0x0000723b3da8e180 0x0000000a36a4d180 0 1 0 0 1 0 1 38618 328
0x0000723b3da8e200 0x0000000a36a4d200 0 0 1 0 1 0 1 38618 320
0x0000723b3da8e280 0x0000000a36a4d280 0 0 1 0 1 0 1 38618 328
0x0000723b3da8e300 0x0000000a36a4d300 0 1 1 0 1 0 1 38618 320
0x0000723b3da8e380 0x0000000a36a4d380 0 1 1 0 1 0 1 38618 328
0x0000723b3da8e400 0x0000000a36a4d400 0 0 0 0 1 0 1 38618 336
0x0000723b3da8e480 0x0000000a36a4d480 0 0 0 0 1 0 1 38618 344
0x0000723b3da8e500 0x0000000a36a4d500 0 1 0 0 1 0 1 38618 336
0x0000723b3da8e580 0x0000000a36a4d580 0 1 0 0 1 0 1 38618 344
0x0000723b3da8e600 0x0000000a36a4d600 0 0 1 0 1 0 1 38618 336
0x0000723b3da8e680 0x0000000a36a4d680 0 0 1 0 1 0 1 38618 344
0x0000723b3da8e700 0x0000000a36a4d700 0 1 1 0 1 0 1 38618 336
0x0000723b3da8e780 0x0000000a36a4d780 0 1 1 0 1 0 1 38618 344
0x0000723b3da8e800 0x0000000a36a4d800 0 0 0 0 1 0 1 38618 352
0x0000723b3da8e880 0x0000000a36a4d880 0 0 0 0 1 0 1 38618 360
0x0000723b3da8e900 0x0000000a36a4d900 0 1 0 0 1 0 1 38618 352
0x0000723b3da8e980 0x0000000a36a4d980 0 1 0 0 1 0 1 38618 360
0x0000723b3da8ea00 0x0000000a36a4da00 0 0 1 0 1 0 1 38618 352
0x0000723b3da8ea80 0x0000000a36a4da80 0 0 1 0 1 0 1 38618 360
0x0000723b3da8eb00 0x0000000a36a4db00 0 1 1 0 1 0 1 38618 352
0x0000723b3da8eb80 0x0000000a36a4db80 0 1 1 0 1 0 1 38618 360
0x0000723b3da8ec00 0x0000000a36a4dc00 0 0 0 0 1 0 1 38618 368
0x0000723b3da8ec80 0x0000000a36a4dc80 0 0 0 0 1 0 1 38618 376
0x0000723b3da8ed00 0x0000000a36a4dd00 0 1 0 0 1 0 1 38618 368
0x0000723b3da8ed80 0x0000000a36a4dd80 0 1 0 0 1 0 1 38618 376
0x0000723b3da8ee00 0x0000000a36a4de00 0 0 1 0 1 0 1 38618 368
0x0000723b3da8ee80 0x0000000a36a4de80 0 0 1 0 1 0 1 38618 376
0x0000723b3da8ef00 0x0000000a36a4df00 0 1 1 0 1 0 1 38618 368
0x0000723b3da8ef80 0x0000000a36a4df80 0 1 1 0 1 0 1 38618 376
0x0000723b3da8f000 0x0000000a36a4c000 0 0 0 0 1 0 1 38618 256
0x0000723b3da8f080 0x0000000a36a4c080 0 0 0 0 1 0 1 38618 264
0x0000723b3da8f100 0x0000000a36a4c100 0 1 0 0 1 0 1 38618 256
0x0000723b3da8f180 0x0000000a36a4c180 0 1 0 0 1 0 1 38618 264
0x0000723b3da8f200 0x0000000a36a4c200 0 0 1 0 1 0 1 38618 256
0x0000723b3da8f280 0x0000000a36a4c280 0 0 1 0 1 0 1 38618 264
0x0000723b3da8f300 0x0000000a36a4c300 0 1 1 0 1 0 1 38618 256
0x0000723b3da8f380 0x0000000a36a4c380 0 1 1 0 1 0 1 38618 264
0x0000723b3da8f400 0x0000000a36a4c400 0 0 0 0 1 0 1 38618 272
0x0000723b3da8f480 0x0000000a36a4c480 0 0 0 0 1 0 1 38618 280
0x0000723b3da8f500 0x0000000a36a4c500 0 1 0 0 1 0 1 38618 272
0x0000723b3da8f580 0x0000000a36a4c580 0 1 0 0 1 0 1 38618 280
0x0000723b3da8f600 0x0000000a36a4c600 0 0 1 0 1 0 1 38618 272
0x0000723b3da8f680 0x0000000a36a4c680 0 0 1 0 1 0 1 38618 280
0x0000723b3da8f700 0x0000000a36a4c700 0 1 1 0 1 0 1 38618 272
0x0000723b3da8f780 0x0000000a36a4c780 0 1 1 0 1 0 1 38618 280
0x0000723b3da8f800 0x0000000a36a4c800 0 0 0 0 1 0 1 38618 288
0x0000723b3da8f880 0x0000000a36a4c880 0 0 0 0 1 0 1 38618 296
0x0000723b3da8f900 0x0000000a36a4c900 0 1 0 0 1 0 1 38618 288
0x0000723b3da8f980 0x0000000a36a4c980 0 1 0 0 1 0 1 38618 296
0x0000723b3da8fa00 0x0000000a36a4ca00 0 0 1 0 1 0 1 38618 288
0x0000723b3da8fa80 0x0000000a36a4ca80 0 0 1 0 1 0 1 38618 296
0x0000723b3da8fb00 0x0000000a36a4cb00 0 1 1 0 1 0 1 38618 288
0x0000723b3da8fb80 0x0000000a36a4cb80 0 1 1 0 1 0 1 38618 296
0x0000723b3da8fc00 0x0000000a36a4cc00 0 0 0 0 1 0 1 38618 304
0x0000723b3da8fc80 0x0000000a36a4cc80 0 0 0 0 1 0 1 38618 312
0x0000723b3da8fd00 0x0000000a36a4cd00 0 1 0 0 1 0 1 38618 304
0x0000723b3da8fd80 0x0000000a36a4cd80 0 1 0 0 1 0 1 38618 312
0x0000723b3da8fe00 0x0000000a36a4ce00 0 0 1 0 1 0 1 38618 304
0x0000723b3da8fe80 0x0000000a36a4ce80 0 0 1 0 1 0 1 38618 312
0x0000723b3da8ff00 0x0000000a36a4cf00 0 1 1 0 1 0 1 38618 304
0x0000723b3da8ff80 0x0000000a36a4cf80 0 1 1 0 1 0 1 38618 312
0x0000723b3da90000 0x0000000a36a4f000 0 0 0 0 1 0 1 38618 448
0x0000723b3da90080 0x0000000a36a4f080 0 0 0 0 1 0 1 38618 456
0x0000723b3da90100 0x0000000a36a4f100 0 1 0 0 1 0 1 38618 448
0x0000723b3da90180 0x0000000a36a4f180 0 1 0 0 1 0 1 38618 456
0x0000723b3da90200 0x0000000a36a4f200 0 0 1 0 1 0 1 38618 448
0x0000723b3da90280 0x0000000a36a4f280 0 0 1 0 1 0 1 38618 456
0x0000723b3da90300 0x0000000a36a4f300 0 1 1 0 1 0 1 38618 448
0x0000723b3da90380 0x0000000a36a4f380 0 1 1 0 1 0 1 38618 456
0x0000723b3da90400 0x0000000a36a4f400 0 0 0 0 1 0 1 38618 464
0x0000723b3da90480 0x0000000a36a4f480 0 0 0 0 1 0 1 38618 472
0x0000723b3da90500 0x0000000a36a4f500 0 1 0 0 1 0 1 38618 464
0x0000723b3da90580 0x0000000a36a4f580 0 1 0 0 1 0 1 38618 472
0x0000723b3da90600 0x0000000a36a4f600 0 0 1 0 1 0 1 38618 464
0x0000723b3da90680 0x0000000a36a4f680 0 0 1 0 1 0 1 38618 472
0x0000723b3da90700 0x0000000a36a4f700 0 1 1 0 1 0 1 38618 464
0x0000723b3da90780 0x0000000a36a4f780 0 1 1 0 1 0 1 38618 472
0x0000723b3da90800 0x0000000a36a4f800 0 0 0 0 1 0 1 38618 480
0x0000723b3da90880 0x0000000a36a4f880 0 0 0 0 1 0 1 38618 488
0x0000723b3da90900 0x0000000a36a4f900 0 1 0 0 1 0 1 38618 480
0x0000723b3da90980 0x0000000a36a4f980 0 1 0 0 1 0 1 38618 488
0x0000723b3da90a00 0x0000000a36a4fa00 0 0 1 0 1 0 1 38618 480
0x0000723b3da90a80 0x0000000a36a4fa80 0 0 1 0 1 0 1 38618 488
0x0000723b3da90b00 0x0000000a36a4fb00 0 1 1 0 1 0 1 38618 480
0x0000723b3da90b80 0x0000000a36a4fb80 0 1 1 0 1 0 1 38618 488
0x0000723b3da90c00 0x0000000a36a4fc00 0 0 0 0 1 0 1 38618 496
0x0000723b3da90c80 0x0000000a36a4fc80 0 0 0 0 1 0 1 38618 504
0x0000723b3da90d00 0x0000000a36a4fd00 0 1 0 0 1 0 1 38618 496
0x0000723b3da90d80 0x0000000a36a4fd80 0 1 0 0 1 0 1 38618 504
0x0000723b3da90e00 0x0000000a36a4fe00 0 0 1 0 1 0 1 38618 496
0x0000723b3da90e80 0x0000000a36a4fe80 0 0 1 0 1 0 1 38618 504
0x0000723b3da90f00 0x0000000a36a4ff00 0 1 1 0 1 0 1 38618 496
0x0000723b3da90f80 0x0000000a36a4ff80 0 1 1 0 1 0 1 38618 504
0x0000723b3da91000 0x0000000a36a4e000 0 0 0 0 1 0 1 38618 384
0x0000723b3da91080 0x0000000a36a4e080 0 0 0 0 1 0 1 38618 392
0x0000723b3da91100 0x0000000a36a4e100 0 1 0 0 1 0 1 38618 384
0x0000723b3da91180 0x0000000a36a4e180 0 1 0 0 1 0 1 38618 392
0x0000723b3da91200 0x0000000a36a4e200 0 0 1 0 1 0 1 38618 384
0x0000723b3da91280 0x0000000a36a4e280 0 0 1 0 1 0 1 38618 392
0x0000723b3da91300 0x0000000a36a4e300 0 1 1 0 1 0 1 38618 384
0x0000723b3da91380 0x0000000a36a4e380 0 1 1 0 1 0 1 38618 392
0x0000723b3da91400 0x0000000a36a4e400 0 0 0 0 1 0 1 38618 400
0x0000723b3da91480 0x0000000a36a4e480 0 0 0 0 1 0 1 38618 408
0x0000723b3da91500 0x0000000a36a4e500 0 1 0 0 1 0 1 38618 400
0x0000723b3da91580 0x0000000a36a4e580 0 1 0 0 1 0 1 38618 408
0x0000723b3da91600 0x0000000a36a4e600 0 0 1 0 1 0 1 38618 400
0x0000723b3da91680 0x0000000a36a4e680 0 0 1 0 1 0 1 38618 408
0x0000723b3da91700 0x0000000a36a4e700 0 1 1 0 1 0 1 38618 400
0x0000723b3da91780 0x0000000a36a4e780 0 1 1 0 1 0 1 38618 408
0x0000723b3da91800 0x0000000a36a4e800 0 0 0 0 1 0 1 38618 416
0x0000723b3da91880 0x0000000a36a4e880 0 0 0 0 1 0 1 38618 424
0x0000723b3da91900 0x0000000a36a4e900 0 1 0 0 1 0 1 38618 416
0x0000723b3da91980 0x0000000a36a4e980 0 1 0 0 1 0 1 38618 424
0x0000723b3da91a00 0x0000000a36a4ea00 0 0 1 0 1 0 1 38618 416
0x0000723b3da91a80 0x0000000a36a4ea80 0 0 1 0 1 0 1 38618 424
0x0000723b3da91b00 0x0000000a36a4eb00 0 1 1 0 1 0 1 38618 416
0x0000723b3da91b80 0x0000000a36a4eb80 0 1 1 0 1 0 1 38618 424
0x0000723b3da91c00 0x0000000a36a4ec00 0 0 0 0 1 0 1 38618 432
0x0000723b3da91c80 0x0000000a36a4ec80 0 0 0 0 1 0 1 38618 440
0x0000723b3da91d00 0x0000000a36a4ed00 0 1 0 0 1 0 1 38618 432
0x0000723b3da91d80 0x0000000a36a4ed80 0 1 0 0 1 0 1 38618 440
0x0000723b3da91e00 0x0000000a36a4ee00 0 0 1 0 1 0 1 38618 432
0x0000723b3da91e80 0x0000000a36a4ee80 0 0 1 0 1 0 1 38618 440
0x0000723b3da91f00 0x0000000a36a4ef00 0 1 1 0 1 0 1 38618 432
0x0000723b3da91f80 0x0000000a36a4ef80 0 1 1 0 1 0 1 38618 440
0x0000723b3daa8000 0x0000000992a4e000 0 0 0 0 1 0 1 37450 384
0x0000723b3daa8080 0x0000000992a4e080 0 0 0 0 1 0 1 37450 392
0x0000723b3daa8100 0x0000000992a4e100 0 1 0 0 1 0 1 37450 384
0x0000723b3daa8180 0x0000000992a4e180 0 1 0 0 1 0 1 37450 392
0x0000723b3daa8200 0x0000000992a4e200 0 0 1 0 1 0 1 37450 384
0x0000723b3daa8280 0x0000000992a4e280 0 0 1 0 1 0 1 37450 392
0x0000723b3daa8300 0x0000000992a4e300 0 1 1 0 1 0 1 37450 384
0x0000723b3daa8380 0x0000000992a4e380 0 1 1 0 1 0 1 37450 392
0x0000723b3daa8400 0x0000000992a4e400 0 0 0 0 1 0 1 37450 400
0x0000723b3daa8480 0x0000000992a4e480 0 0 0 0 1 0 1 37450 408
0x0000723b3daa8500 0x0000000992a4e500 0 1 0 0 1 0 1 37450 400
0x0000723b3daa8580 0x0000000992a4e580 0 1 0 0 1 0 1 37450 408
0x0000723b3daa8600 0x0000000992a4e600 0 0 1 0 1 0 1 37450 400
0x0000723b3daa8680 0x0000000992a4e680 0 0 1 0 1 0 1 37450 408
0x0000723b3daa8700 0x0000000992a4e700 0 1 1 0 1 0 1 37450 400
0x0000723b3daa8780 0x0000000992a4e780 0 1 1 0 1 0 1 37450 408
0x0000723b3daa8800 0x0000000992a4e800 0 0 0 0 1 0 1 37450 416
0x0000723b3daa8880 0x0000000992a4e880 0 0 0 0 1 0 1 37450 424
0x0000723b3daa8900 0x0000000992a4e900 0 1 0 0 1 0 1 37450 416
0x0000723b3daa8980 0x0000000992a4e980 0 1 0 0 1 0 1 37450 424
0x0000723b3daa8a00 0x0000000992a4ea00 0 0 1 0 1 0 1 37450 416
0x0000723b3daa8a80 0x0000000992a4ea80 0 0 1 0 1 0 1 37450 424
0x0000723b3daa8b00 0x0000000992a4eb00 0 1 1 0 1 0 1 37450 416
0x0000723b3daa8b80 0x0000000992a4eb80 0 1 1 0 1 0 1 37450 424
0x0000723b3daa8c00 0x0000000992a4ec00 0 0 0 0 1 0 1 37450 432
0x0000723b3daa8c80 0x0000000992a4ec80 0 0 0 0 1 0 1 37450 440
0x0000723b3daa8d00 0x0000000992a4ed00 0 1 0 0 1 0 1 37450 432
0x0000723b3daa8d80 0x0000000992a4ed80 0 1 0 0 1 0 1 37450 440
0x0000723b3daa8e00 0x0000000992a4ee00 0 0 1 0 1 0 1 37450 432
0x0000723b3daa8e80 0x0000000992a4ee80 0 0 1 0 1 0 1 37450 440
0x0000723b3daa8f00 0x0000000992a4ef00 0 1 1 0 1 0 1 37450 432
0x0000723b3daa8f80 0x0000000992a4ef80 0 1 1 0 1 0 1 37450 440
0x0000723b3dab4000 0x00000003932fc000 0 0 0 0 1 0 1 12903 768
0x0000723b3dab4080 0x00000003932fc080 0 0 0 0 1 0 1 12903 776
0x0000723b3dab4100 0x00000003932fc100 0 1 0 0 1 0 1 12903 768
0x0000723b3dab4180 0x00000003932fc180 0 1 0 0 1 0 1 12903 776
0x0000723b3dab4200 0x00000003932fc200 0 0 1 0 1 0 1 12903 768
0x0000723b3dab4280 0x00000003932fc280 0 0 1 0 1 0 1 12903 776
0x0000723b3dab4300 0x00000003932fc300 0 1 1 0 1 0 1 12903 768
0x0000723b3dab4380 0x00000003932fc380 0 1 1 0 1 0 1 12903 776
0x0000723b3dab4400 0x00000003932fc400 0 0 0 0 1 0 1 12903 784
0x0000723b3dab4480 0x00000003932fc480 0 0 0 0 1 0 1 12903 792
0x0000723b3dab4500 0x00000003932fc500 0 1 0 0 1 0 1 12903 784
0x0000723b3dab4580 0x00000003932fc580 0 1 0 0 1 0 1 12903 792
0x0000723b3dab4600 0x00000003932fc600 0 0 1 0 1 0 1 12903 784
0x0000723b3dab4680 0x00000003932fc680 0 0 1 0 1 0 1 12903 792
0x0000723b3dab4700 0x00000003932fc700 0 1 1 0 1 0 1 12903 784
0x0000723b3dab4780 0x00000003932fc780 0 1 1 0 1 0 1 12903 792
0x0000723b3dab4800 0x00000003932fc800 0 0 0 0 1 0 1 12903 800
0x0000723b3dab4880 0x00000003932fc880 0 0 0 0 1 0 1 12903 808
0x0000723b3dab4900 0x00000003932fc900 0 1 0 0 1 0 1 12903 800
0x0000723b3dab4980 0x00000003932fc980 0 1 0 0 1 0 1 12903 808
0x0000723b3dab4a00 0x00000003932fca00 0 0 1 0 1 0 1 12903 800
0x0000723b3dab4a80 0x00000003932fca80 0 0 1 0 1 0 1 12903 808
0x0000723b3dab4b00 0x00000003932fcb00 0 1 1 0 1 0 1 12903 800
0x0000723b3dab4b80 0x00000003932fcb80 0 1 1 0 1 0 1 12903 808
0x0000723b3dab4c00 0x00000003932fcc00 0 0 0 0 1 0 1 12903 816
0x0000723b3dab4c80 0x00000003932fcc80 0 0 0 0 1 0 1 12903 824
0x0000723b3dab4d00 0x00000003932fcd00 0 1 0 0 1 0 1 12903 816
0x0000723b3dab4d80 0x00000003932fcd80 0 1 0 0 1 0 1 12903 824
0x0000723b3dab4e00 0x00000003932fce00 0 0 1 0 1 0 1 12903 816
0x0000723b3dab4e80 0x00000003932fce80 0 0 1 0 1 0 1 12903 824
0x0000723b3dab4f00 0x00000003932fcf00 0 1 1 0 1 0 1 12903 816
0x0000723b3dab4f80 0x00000003932fcf80 0 1 1 0 1 0 1 12903 824
0x0000723b3dab6000 0x00000003932fe000 0 0 0 0 1 0 1 12903 896
0x0000723b3dab6080 0x00000003932fe080 0 0 0 0 1 0 1 12903 904
0x0000723b3dab6100 0x00000003932fe100 0 1 0 0 1 0 1 12903 896
0x0000723b3dab6180 0x00000003932fe180 0 1 0 0 1 0 1 12903 904
0x0000723b3dab6200 0x00000003932fe200 0 0 1 0 1 0 1 12903 896
0x0000723b3dab6280 0x00000003932fe280 0 0 1 0 1 0 1 12903 904
0x0000723b3dab6300 0x00000003932fe300 0 1 1 0 1 0 1 12903 896
0x0000723b3dab6380 0x00000003932fe380 0 1 1 0 1 0 1 12903 904
0x0000723b3dab6400 0x00000003932fe400 0 0 0 0 1 0 1 12903 912
0x0000723b3dab6480 0x00000003932fe480 0 0 0 0 1 0 1 12903 920
0x0000723b3dab6500 0x00000003932fe500 0 1 0 0 1 0 1 12903 912
0x0000723b3dab6580 0x00000003932fe580 0 1 0 0 1 0 1 12903 920
0x0000723b3dab6600 0x00000003932fe600 0 0 1 0 1 0 1 12903 912
0x0000723b3dab6680 0x00000003932fe680 0 0 1 0 1 0 1 12903 920
0x0000723b3dab6700 0x00000003932fe700 0 1 1 0 1 0 1 12903 912
0x0000723b3dab6780 0x00000003932fe780 0 1 1 0 1 0 1 12903 920
0x0000723b3dab6800 0x00000003932fe800 0 0 0 0 1 0 1 12903 928
0x0000723b3dab6880 0x00000003932fe880 0 0 0 0 1 0 1 12903 936
0x0000723b3dab6900 0x00000003932fe900 0 1 0 0 1 0 1 12903 928
0x0000723b3dab6980 0x00000003932fe980 0 1 0 0 1 0 1 12903 936
0x0000723b3dab6a00 0x00000003932fea00 0 0 1 0 1 0 1 12903 928
0x0000723b3dab6a80 0x00000003932fea80 0 0 1 0 1 0 1 12903 936
0x0000723b3dab6b00 0x00000003932feb00 0 1 1 0 1 0 1 12903 928
0x0000723b3dab6b80 0x00000003932feb80 0 1 1 0 1 0 1 12903 936
0x0000723b3dab6c00 0x00000003932fec00 0 0 0 0 1 0 1 12903 944
0x0000723b3dab6c80 0x00000003932fec80 0 0 0 0 1 0 1 12903 952
0x0000723b3dab6d00 0x00000003932fed00 0 1 0 0 1 0 1 12903 944
0x0000723b3dab6d80 0x00000003932fed80 0 1 0 0 1 0 1 12903 952
0x0000723b3dab6e00 0x00000003932fee00 0 0 1 0 1 0 1 12903 944
0x0000723b3dab6e80 0x00000003932fee80 0 0 1 0 1 0 1 12903 952
0x0000723b3dab6f00 0x00000003932fef00 0 1 1 0 1 0 1 12903 944
0x0000723b3dab6f80 0x00000003932fef80 0 1 1 0 1 0 1 12903 952
0x0000723b3dab7000 0x00000003932fd000 0 0 0 0 1 0 1 12903 832
0x0000723b3dab7080 0x00000003932fd080 0 0 0 0 1 0 1 12903 840
0x0000723b3dab7100 0x00000003932fd100 0 1 0 0 1 0 1 12903 832
0x0000723b3dab7180 0x00000003932fd180 0 1 0 0 1 0 1 12903 840
0x0000723b3dab7200 0x00000003932fd200 0 0 1 0 1 0 1 12903 832
0x0000723b3dab7280 0x00000003932fd280 0 0 1 0 1 0 1 12903 840
0x0000723b3dab7300 0x00000003932fd300 0 1 1 0 1 0 1 12903 832
0x0000723b3dab7380 0x00000003932fd380 0 1 1 0 1 0 1 12903 840
0x0000723b3dab7400 0x00000003932fd400 0 0 0 0 1 0 1 12903 848
0x0000723b3dab7480 0x00000003932fd480 0 0 0 0 1 0 1 12903 856
0x0000723b3dab7500 0x00000003932fd500 0 1 0 0 1 0 1 12903 848
0x0000723b3dab7580 0x00000003932fd580 0 1 0 0 1 0 1 12903 856
0x0000723b3dab7600 0x00000003932fd600 0 0 1 0 1 0 1 12903 848
0x0000723b3dab7680 0x00000003932fd680 0 0 1 0 1 0 1 12903 856
0x0000723b3dab7700 0x00000003932fd700 0 1 1 0 1 0 1 12903 848
0x0000723b3dab7780 0x00000003932fd780 0 1 1 0 1 0 1 12903 856
0x0000723b3dab7800 0x00000003932fd800 0 0 0 0 1 0 1 12903 864
0x0000723b3dab7880 0x00000003932fd880 0 0 0 0 1 0 1 12903 872
0x0000723b3dab7900 0x00000003932fd900 0 1 0 0 1 0 1 12903 864
0x0000723b3dab7980 0x00000003932fd980 0 1 0 0 1 0 1 12903 872
0x0000723b3dab7a00 0x00000003932fda00 0 0 1 0 1 0 1 12903 864
0x0000723b3dab7a80 0x00000003932fda80 0 0 1 0 1 0 1 12903 872
0x0000723b3dab7b00 0x00000003932fdb00 0 1 1 0 1 0 1 12903 864
0x0000723b3dab7b80 0x00000003932fdb80 0 1 1 0 1 0 1 12903 872
0x0000723b3dab7c00 0x00000003932fdc00 0 0 0 0 1 0 1 12903 880
0x0000723b3dab7c80 0x00000003932fdc80 0 0 0 0 1 0 1 12903 888
0x0000723b3dab7d00 0x00000003932fdd00 0 1 0 0 1 0 1 12903 880
0x0000723b3dab7d80 0x00000003932fdd80 0 1 0 0 1 0 1 12903 888
0x0000723b3dab7e00 0x00000003932fde00 0 0 1 0 1 0 1 12903 880
0x0000723b3dab7e80 0x00000003932fde80 0 0 1 0 1 0 1 12903 888
0x0000723b3dab7f00 0x00000003932fdf00 0 1 1 0 1 0 1 12903 880
0x0000723b3dab7f80 0x00000003932fdf80 0 1 1 0 1 0 1 12903 888
0x0000723b3dadb000 0x0000000567aa5000 0 0 0 0 0 0 1 19709 320
0x0000723b3dadb080 0x0000000567aa5080 0 0 0 0 0 0 1 19709 328
0x0000723b3dadb100 0x0000000567aa5100 0 1 0 0 0 0 1 19709 320
0x0000723b3dadb180 0x0000000567aa5180 0 1 0 0 0 0 1 19709 328
0x0000723b3dadb200 0x0000000567aa5200 0 0 1 0 0 0 1 19709 320
0x0000723b3dadb280 0x0000000567aa5280 0 0 1 0 0 0 1 19709 328
0x0000723b3dadb300 0x0000000567aa5300 0 1 1 0 0 0 1 19709 320
0x0000723b3dadb380 0x0000000567aa5380 0 1 1 0 0 0 1 19709 328
0x0000723b3dadb400 0x0000000567aa5400 0 0 0 0 0 0 1 19709 336
0x0000723b3dadb480 0x0000000567aa5480 0 0 0 0 0 0 1 19709 344
0x0000723b3dadb500 0x0000000567aa5500 0 1 0 0 0 0 1 19709 336
0x0000723b3dadb580 0x0000000567aa5580 0 1 0 0 0 0 1 19709 344
0x0000723b3dadb600 0x0000000567aa5600 0 0 1 0 0 0 1 19709 336
0x0000723b3dadb680 0x0000000567aa5680 0 0 1 0 0 0 1 19709 344
0x0000723b3dadb700 0x0000000567aa5700 0 1 1 0 0 0 1 19709 336
0x0000723b3dadb780 0x0000000567aa5780 0 1 1 0 0 0 1 19709 344
0x0000723b3dadb800 0x0000000567aa5800 0 0 0 0 0 0 1 19709 352
0x0000723b3dadb880 0x0000000567aa5880 0 0 0 0 0 0 1 19709 360
0x0000723b3dadb900 0x0000000567aa5900 0 1 0 0 0 0 1 19709 352
0x0000723b3dadb980 0x0000000567aa5980 0 1 0 0 0 0 1 19709 360
0x0000723b3dadba00 0x0000000567aa5a00 0 0 1 0 0 0 1 19709 352
0x0000723b3dadba80 0x0000000567aa5a80 0 0 1 0 0 0 1 19709 360
0x0000723b3dadbb00 0x0000000567aa5b00 0 1 1 0 0 0 1 19709 352
0x0000723b3dadbb80 0x0000000567aa5b80 0 1 1 0 0 0 1 19709 360
0x0000723b3dadbc00 0x0000000567aa5c00 0 0 0 0 0 0 1 19709 368
0x0000723b3dadbc80 0x0000000567aa5c80 0 0 0 0 0 0 1 19709 376
0x0000723b3dadbd00 0x0000000567aa5d00 0 1 0 0 0 0 1 19709 368
0x0000723b3dadbd80 0x0000000567aa5d80 0 1 0 0 0 0 1 19709 376
0x0000723b3dadbe00 0x0000000567aa5e00 0 0 1 0 0 0 1 19709 368
0x0000723b3dadbe80 0x0000000567aa5e80 0 0 1 0 0 0 1 19709 376
0x0000723b3dadbf00 0x0000000567aa5f00 0 1 1 0 0 0 1 19709 368
0x0000723b3dadbf80 0x0000000567aa5f80 0 1 1 0 0 0 1 19709 376
0x0000723b3dae2000 0x000000041faeb000 0 0 0 0 1 0 1 13311 192
0x0000723b3dae2080 0x000000041faeb080 0 0 0 0 1 0 1 13311 200
0x0000723b3dae2100 0x000000041faeb100 0 1 0 0 1 0 1 13311 192
0x0000723b3dae2180 0x000000041faeb180 0 1 0 0 1 0 1 13311 200
0x0000723b3dae2200 0x000000041faeb200 0 0 1 0 1 0 1 13311 192
0x0000723b3dae2280 0x000000041faeb280 0 0 1 0 1 0 1 13311 200
0x0000723b3dae2300 0x000000041faeb300 0 1 1 0 1 0 1 13311 192
0x0000723b3dae2380 0x000000041faeb380 0 1 1 0 1 0 1 13311 200
0x0000723b3dae2400 0x000000041faeb400 0 0 0 0 1 0 1 13311 208
0x0000723b3dae2480 0x000000041faeb480 0 0 0 0 1 0 1 13311 216
0x0000723b3dae2500 0x000000041faeb500 0 1 0 0 1 0 1 13311 208
0x0000723b3dae2580 0x000000041faeb580 0 1 0 0 1 0 1 13311 216
0x0000723b3dae2600 0x000000041faeb600 0 0 1 0 1 0 1 13311 208
0x0000723b3dae2680 0x000000041faeb680 0 0 1 0 1 0 1 13311 216
0x0000723b3dae2700 0x000000041faeb700 0 1 1 0 1 0 1 13311 208
0x0000723b3dae2780 0x000000041faeb780 0 1 1 0 1 0 1 13311 216
0x0000723b3dae2800 0x000000041faeb800 0 0 0 0 1 0 1 13311 224
0x0000723b3dae2880 0x000000041faeb880 0 0 0 0 1 0 1 13311 232
0x0000723b3dae2900 0x000000041faeb900 0 1 0 0 1 0 1 13311 224
0x0000723b3dae2980 0x000000041faeb980 0 1 0 0 1 0 1 13311 232
0x0000723b3dae2a00 0x000000041faeba00 0 0 1 0 1 0 1 13311 224
0x0000723b3dae2a80 0x000000041faeba80 0 0 1 0 1 0 1 13311 232
0x0000723b3dae2b00 0x000000041faebb00 0 1 1 0 1 0 1 13311 224
0x0000723b3dae2b80 0x000000041faebb80 0 1 1 0 1 0 1 13311 232
0x0000723b3dae2c00 0x000000041faebc00 0 0 0 0 1 0 1 13311 240
0x0000723b3dae2c80 0x000000041faebc80 0 0 0 0 1 0 1 13311 248
0x0000723b3dae2d00 0x000000041faebd00 0 1 0 0 1 0 1 13311 240
0x0000723b3dae2d80 0x000000041faebd80 0 1 0 0 1 0 1 13311 248
0x0000723b3dae2e00 0x000000041faebe00 0 0 1 0 1 0 1 13311 240
0x0000723b3dae2e80 0x000000041faebe80 0 0 1 0 1 0 1 13311 248
0x0000723b3dae2f00 0x000000041faebf00 0 1 1 0 1 0 1 13311 240
0x0000723b3dae2f80 0x000000041faebf80 0 1 1 0 1 0 1 13311 248
0x0000723b3dae4000 0x00000006c7a3a000 0 0 0 0 1 0 1 26857 640
0x0000723b3dae4080 0x00000006c7a3a080 0 0 0 0 1 0 1 26857 648
0x0000723b3dae4100 0x00000006c7a3a100 0 1 0 0 1 0 1 26857 640
0x0000723b3dae4180 0x00000006c7a3a180 0 1 0 0 1 0 1 26857 648
0x0000723b3dae4200 0x00000006c7a3a200 0 0 1 0 1 0 1 26857 640
0x0000723b3dae4280 0x00000006c7a3a280 0 0 1 0 1 0 1 26857 648
0x0000723b3dae4300 0x00000006c7a3a300 0 1 1 0 1 0 1 26857 640
0x0000723b3dae4380 0x00000006c7a3a380 0 1 1 0 1 0 1 26857 648
0x0000723b3dae4400 0x00000006c7a3a400 0 0 0 0 1 0 1 26857 656
0x0000723b3dae4480 0x00000006c7a3a480 0 0 0 0 1 0 1 26857 664
0x0000723b3dae4500 0x00000006c7a3a500 0 1 0 0 1 0 1 26857 656
0x0000723b3dae4580 0x00000006c7a3a580 0 1 0 0 1 0 1 26857 664
0x0000723b3dae4600 0x00000006c7a3a600 0 0 1 0 1 0 1 26857 656
0x0000723b3dae4680 0x00000006c7a3a680 0 0 1 0 1 0 1 26857 664
0x0000723b3dae4700 0x00000006c7a3a700 0 1 1 0 1 0 1 26857 656
0x0000723b3dae4780 0x00000006c7a3a780 0 1 1 0 1 0 1 26857 664
0x0000723b3dae4800 0x00000006c7a3a800 0 0 0 0 1 0 1 26857 672
0x0000723b3dae4880 0x00000006c7a3a880 0 0 0 0 1 0 1 26857 680
0x0000723b3dae4900 0x00000006c7a3a900 0 1 0 0 1 0 1 26857 672
0x0000723b3dae4980 0x00000006c7a3a980 0 1 0 0 1 0 1 26857 680
0x0000723b3dae4a00 0x00000006c7a3aa00 0 0 1 0 1 0 1 26857 672
0x0000723b3dae4a80 0x00000006c7a3aa80 0 0 1 0 1 0 1 26857 680
0x0000723b3dae4b00 0x00000006c7a3ab00 0 1 1 0 1 0 1 26857 672
0x0000723b3dae4b80 0x00000006c7a3ab80 0 1 1 0 1 0 1 26857 680
0x0000723b3dae4c00 0x00000006c7a3ac00 0 0 0 0 1 0 1 26857 688
0x0000723b3dae4c80 0x00000006c7a3ac80 0 0 0 0 1 0 1 26857 696
0x0000723b3dae4d00 0x00000006c7a3ad00 0 1 0 0 1 0 1 26857 688
0x0000723b3dae4d80 0x00000006c7a3ad80 0 1 0 0 1 0 1 26857 696
0x0000723b3dae4e00 0x00000006c7a3ae00 0 0 1 0 1 0 1 26857 688
0x0000723b3dae4e80 0x00000006c7a3ae80 0 0 1 0 1 0 1 26857 696
0x0000723b3dae4f00 0x00000006c7a3af00 0 1 1 0 1 0 1 26857 688
0x0000723b3dae4f80 0x00000006c7a3af80 0 1 1 0 1 0 1 26857 696
0x0000723b3daf6000 0x0000000ed52a7000 0 0 0 0 0 0 1 60069 448
0x0000723b3daf6080 0x0000000ed52a7080 0 0 0 0 0 0 1 60069 456
0x0000723b3daf6100 0x0000000ed52a7100 0 1 0 0 0 0 1 60069 448
0x0000723b3daf6180 0x0000000ed52a7180 0 1 0 0 0 0 1 60069 456
0x0000723b3daf6200 0x0000000ed52a7200 0 0 1 0 0 0 1 60069 448
0x0000723b3daf6280 0x0000000ed52a7280 0 0 1 0 0 0 1 60069 456
0x0000723b3daf6300 0x0000000ed52a7300 0 1 1 0 0 0 1 60069 448
0x0000723b3daf6380 0x0000000ed52a7380 0 1 1 0 0 0 1 60069 456
0x0000723b3daf6400 0x0000000ed52a7400 0 0 0 0 0 0 1 60069 464
0x0000723b3daf6480 0x0000000ed52a7480 0 0 0 0 0 0 1 60069 472
0x0000723b3daf6500 0x0000000ed52a7500 0 1 0 0 0 0 1 60069 464
0x0000723b3daf6580 0x0000000ed52a7580 0 1 0 0 0 0 1 60069 472
0x0000723b3daf6600 0x0000000ed52a7600 0 0 1 0 0 0 1 60069 464
0x0000723b3daf6680 0x0000000ed52a7680 0 0 1 0 0 0 1 60069 472
0x0000723b3daf6700 0x0000000ed52a7700 0 1 1 0 0 0 1 60069 464
0x0000723b3daf6780 0x0000000ed52a7780 0 1 1 0 0 0 1 60069 472
0x0000723b3daf6800 0x0000000ed52a7800 0 0 0 0 0 0 1 60069 480
0x0000723b3daf6880 0x0000000ed52a7880 0 0 0 0 0 0 1 60069 488
0x0000723b3daf6900 0x0000000ed52a7900 0 1 0 0 0 0 1 60069 480
0x0000723b3daf6980 0x0000000ed52a7980 0 1 0 0 0 0 1 60069 488
0x0000723b3daf6a00 0x0000000ed52a7a00 0 0 1 0 0 0 1 60069 480
0x0000723b3daf6a80 0x0000000ed52a7a80 0 0 1 0 0 0 1 60069 488
0x0000723b3daf6b00 0x0000000ed52a7b00 0 1 1 0 0 0 1 60069 480
0x0000723b3daf6b80 0x0000000ed52a7b80 0 1 1 0 0 0 1 60069 488
0x0000723b3daf6c00 0x0000000ed52a7c00 0 0 0 0 0 0 1 60069 496
0x0000723b3daf6c80 0x0000000ed52a7c80 0 0 0 0 0 0 1 60069 504
0x0000723b3daf6d00 0x0000000ed52a7d00 0 1 0 0 0 0 1 60069 496
0x0000723b3daf6d80 0x0000000ed52a7d80 0 1 0 0 0 0 1 60069 504
0x0000723b3daf6e00 0x0000000ed52a7e00 0 0 1 0 0 0 1 60069 496
0x0000723b3daf6e80 0x0000000ed52a7e80 0 0 1 0 0 0 1 60069 504
0x0000723b3daf6f00 0x0000000ed52a7f00 0 1 1 0 0 0 1 60069 496
0x0000723b3daf6f80 0x0000000ed52a7f80 0 1 1 0 0 0 1 60069 504
