# bank_id=7 (bg=1 ba=3) n=2400
# Columns: VA PA s imc ch dimm rank bg ba row col
0x0000723b3d808040 0x0000000460ef4040 0 0 0 0 0 1 3 15391 768
0x0000723b3d8080c0 0x0000000460ef40c0 0 0 0 0 0 1 3 15391 776
0x0000723b3d808140 0x0000000460ef4140 0 1 0 0 0 1 3 15391 768
0x0000723b3d8081c0 0x0000000460ef41c0 0 1 0 0 0 1 3 15391 776
0x0000723b3d808240 0x0000000460ef4240 0 0 1 0 0 1 3 15391 768
0x0000723b3d8082c0 0x0000000460ef42c0 0 0 1 0 0 1 3 15391 776
0x0000723b3d808340 0x0000000460ef4340 0 1 1 0 0 1 3 15391 768
0x0000723b3d8083c0 0x0000000460ef43c0 0 1 1 0 0 1 3 15391 776
0x0000723b3d808440 0x0000000460ef4440 0 0 0 0 0 1 3 15391 784
0x0000723b3d8084c0 0x0000000460ef44c0 0 0 0 0 0 1 3 15391 792
0x0000723b3d808540 0x0000000460ef4540 0 1 0 0 0 1 3 15391 784
0x0000723b3d8085c0 0x0000000460ef45c0 0 1 0 0 0 1 3 15391 792
0x0000723b3d808640 0x0000000460ef4640 0 0 1 0 0 1 3 15391 784
0x0000723b3d8086c0 0x0000000460ef46c0 0 0 1 0 0 1 3 15391 792
0x0000723b3d808740 0x0000000460ef4740 0 1 1 0 0 1 3 15391 784
0x0000723b3d8087c0 0x0000000460ef47c0 0 1 1 0 0 1 3 15391 792
0x0000723b3d808840 0x0000000460ef4840 0 0 0 0 0 1 3 15391 800
0x0000723b3d8088c0 0x0000000460ef48c0 0 0 0 0 0 1 3 15391 808
0x0000723b3d808940 0x0000000460ef4940 0 1 0 0 0 1 3 15391 800
0x0000723b3d8089c0 0x0000000460ef49c0 0 1 0 0 0 1 3 15391 808
0x0000723b3d808a40 0x0000000460ef4a40 0 0 1 0 0 1 3 15391 800
0x0000723b3d808ac0 0x0000000460ef4ac0 0 0 1 0 0 1 3 15391 808
0x0000723b3d808b40 0x0000000460ef4b40 0 1 1 0 0 1 3 15391 800
0x0000723b3d808bc0 0x0000000460ef4bc0 0 1 1 0 0 1 3 15391 808
0x0000723b3d808c40 0x0000000460ef4c40 0 0 0 0 0 1 3 15391 816
0x0000723b3d808cc0 0x0000000460ef4cc0 0 0 0 0 0 1 3 15391 824
0x0000723b3d808d40 0x0000000460ef4d40 0 1 0 0 0 1 3 15391 816
0x0000723b3d808dc0 0x0000000460ef4dc0 0 1 0 0 0 1 3 15391 824
0x0000723b3d808e40 0x0000000460ef4e40 0 0 1 0 0 1 3 15391 816
0x0000723b3d808ec0 0x0000000460ef4ec0 0 0 1 0 0 1 3 15391 824
0x0000723b3d808f40 0x0000000460ef4f40 0 1 1 0 0 1 3 15391 816
0x0000723b3d808fc0 0x0000000460ef4fc0 0 1 1 0 0 1 3 15391 824
0x0000723b3d80a040 0x0000000e41e37040 0 0 0 0 0 1 3 55353 960
0x0000723b3d80a0c0 0x0000000e41e370c0 0 0 0 0 0 1 3 55353 968
0x0000723b3d80a140 0x0000000e41e37140 0 1 0 0 0 1 3 55353 960
0x0000723b3d80a1c0 0x0000000e41e371c0 0 1 0 0 0 1 3 55353 968
0x0000723b3d80a240 0x0000000e41e37240 0 0 1 0 0 1 3 55353 960
0x0000723b3d80a2c0 0x0000000e41e372c0 0 0 1 0 0 1 3 55353 968
0x0000723b3d80a340 0x0000000e41e37340 0 1 1 0 0 1 3 55353 960
0x0000723b3d80a3c0 0x0000000e41e373c0 0 1 1 0 0 1 3 55353 968
0x0000723b3d80a440 0x0000000e41e37440 0 0 0 0 0 1 3 55353 976
0x0000723b3d80a4c0 0x0000000e41e374c0 0 0 0 0 0 1 3 55353 984
0x0000723b3d80a540 0x0000000e41e37540 0 1 0 0 0 1 3 55353 976
0x0000723b3d80a5c0 0x0000000e41e375c0 0 1 0 0 0 1 3 55353 984
0x0000723b3d80a640 0x0000000e41e37640 0 0 1 0 0 1 3 55353 976
0x0000723b3d80a6c0 0x0000000e41e376c0 0 0 1 0 0 1 3 55353 984
0x0000723b3d80a740 0x0000000e41e37740 0 1 1 0 0 1 3 55353 976
0x0000723b3d80a7c0 0x0000000e41e377c0 0 1 1 0 0 1 3 55353 984
0x0000723b3d80a840 0x0000000e41e37840 0 0 0 0 0 1 3 55353 992
0x0000723b3d80a8c0 0x0000000e41e378c0 0 0 0 0 0 1 3 55353 1000
0x0000723b3d80a940 0x0000000e41e37940 0 1 0 0 0 1 3 55353 992
0x0000723b3d80a9c0 0x0000000e41e379c0 0 1 0 0 0 1 3 55353 1000
0x0000723b3d80aa40 0x0000000e41e37a40 0 0 1 0 0 1 3 55353 992
0x0000723b3d80aac0 0x0000000e41e37ac0 0 0 1 0 0 1 3 55353 1000
0x0000723b3d80ab40 0x0000000e41e37b40 0 1 1 0 0 1 3 55353 992
0x0000723b3d80abc0 0x0000000e41e37bc0 0 1 1 0 0 1 3 55353 1000
0x0000723b3d80ac40 0x0000000e41e37c40 0 0 0 0 0 1 3 55353 1008
0x0000723b3d80acc0 0x0000000e41e37cc0 0 0 0 0 0 1 3 55353 1016
0x0000723b3d80ad40 0x0000000e41e37d40 0 1 0 0 0 1 3 55353 1008
0x0000723b3d80adc0 0x0000000e41e37dc0 0 1 0 0 0 1 3 55353 1016
0x0000723b3d80ae40 0x0000000e41e37e40 0 0 1 0 0 1 3 55353 1008
0x0000723b3d80aec0 0x0000000e41e37ec0 0 0 1 0 0 1 3 55353 1016
0x0000723b3d80af40 0x0000000e41e37f40 0 1 1 0 0 1 3 55353 1008
0x0000723b3d80afc0 0x0000000e41e37fc0 0 1 1 0 0 1 3 55353 1016
0x0000723b3d811040 0x0000000e0a60c040 0 0 0 0 1 1 3 53584 256
0x0000723b3d8110c0 0x0000000e0a60c0c0 0 0 0 0 1 1 3 53584 264
0x0000723b3d811140 0x0000000e0a60c140 0 1 0 0 1 1 3 53584 256
0x0000723b3d8111c0 0x0000000e0a60c1c0 0 1 0 0 1 1 3 53584 264
0x0000723b3d811240 0x0000000e0a60c240 0 0 1 0 1 1 3 53584 256
0x0000723b3d8112c0 0x0000000e0a60c2c0 0 0 1 0 1 1 3 53584 264
0x0000723b3d811340 0x0000000e0a60c340 0 1 1 0 1 1 3 53584 256
0x0000723b3d8113c0 0x0000000e0a60c3c0 0 1 1 0 1 1 3 53584 264
0x0000723b3d811440 0x0000000e0a60c440 0 0 0 0 1 1 3 53584 272
0x0000723b3d8114c0 0x0000000e0a60c4c0 0 0 0 0 1 1 3 53584 280
0x0000723b3d811540 0x0000000e0a60c540 0 1 0 0 1 1 3 53584 272
0x0000723b3d8115c0 0x0000000e0a60c5c0 0 1 0 0 1 1 3 53584 280
0x0000723b3d811640 0x0000000e0a60c640 0 0 1 0 1 1 3 53584 272
0x0000723b3d8116c0 0x0000000e0a60c6c0 0 0 1 0 1 1 3 53584 280
0x0000723b3d811740 0x0000000e0a60c740 0 1 1 0 1 1 3 53584 272
0x0000723b3d8117c0 0x0000000e0a60c7c0 0 1 1 0 1 1 3 53584 280
0x0000723b3d811840 0x0000000e0a60c840 0 0 0 0 1 1 3 53584 288
0x0000723b3d8118c0 0x0000000e0a60c8c0 0 0 0 0 1 1 3 53584 296
0x0000723b3d811940 0x0000000e0a60c940 0 1 0 0 1 1 3 53584 288
0x0000723b3d8119c0 0x0000000e0a60c9c0 0 1 0 0 1 1 3 53584 296
0x0000723b3d811a40 0x0000000e0a60ca40 0 0 1 0 1 1 3 53584 288
0x0000723b3d811ac0 0x0000000e0a60cac0 0 0 1 0 1 1 3 53584 296
0x0000723b3d811b40 0x0000000e0a60cb40 0 1 1 0 1 1 3 53584 288
0x0000723b3d811bc0 0x0000000e0a60cbc0 0 1 1 0 1 1 3 53584 296
0x0000723b3d811c40 0x0000000e0a60cc40 0 0 0 0 1 1 3 53584 304
0x0000723b3d811cc0 0x0000000e0a60ccc0 0 0 0 0 1 1 3 53584 312
0x0000723b3d811d40 0x0000000e0a60cd40 0 1 0 0 1 1 3 53584 304
0x0000723b3d811dc0 0x0000000e0a60cdc0 0 1 0 0 1 1 3 53584 312
0x0000723b3d811e40 0x0000000e0a60ce40 0 0 1 0 1 1 3 53584 304
0x0000723b3d811ec0 0x0000000e0a60cec0 0 0 1 0 1 1 3 53584 312
0x0000723b3d811f40 0x0000000e0a60cf40 0 1 1 0 1 1 3 53584 304
0x0000723b3d811fc0 0x0000000e0a60cfc0 0 1 1 0 1 1 3 53584 312
0x0000723b3d831040 0x0000000eb0ef5040 0 0 0 0 0 1 3 58895 832
0x0000723b3d8310c0 0x0000000eb0ef50c0 0 0 0 0 0 1 3 58895 840
0x0000723b3d831140 0x0000000eb0ef5140 0 1 0 0 0 1 3 58895 832
0x0000723b3d8311c0 0x0000000eb0ef51c0 0 1 0 0 0 1 3 58895 840
0x0000723b3d831240 0x0000000eb0ef5240 0 0 1 0 0 1 3 58895 832
0x0000723b3d8312c0 0x0000000eb0ef52c0 0 0 1 0 0 1 3 58895 840
0x0000723b3d831340 0x0000000eb0ef5340 0 1 1 0 0 1 3 58895 832
0x0000723b3d8313c0 0x0000000eb0ef53c0 0 1 1 0 0 1 3 58895 840
0x0000723b3d831440 0x0000000eb0ef5440 0 0 0 0 0 1 3 58895 848
0x0000723b3d8314c0 0x0000000eb0ef54c0 0 0 0 0 0 1 3 58895 856
0x0000723b3d831540 0x0000000eb0ef5540 0 1 0 0 0 1 3 58895 848
0x0000723b3d8315c0 0x0000000eb0ef55c0 0 1 0 0 0 1 3 58895 856
0x0000723b3d831640 0x0000000eb0ef5640 0 0 1 0 0 1 3 58895 848
0x0000723b3d8316c0 0x0000000eb0ef56c0 0 0 1 0 0 1 3 58895 856
0x0000723b3d831740 0x0000000eb0ef5740 0 1 1 0 0 1 3 58895 848
0x0000723b3d8317c0 0x0000000eb0ef57c0 0 1 1 0 0 1 3 58895 856
0x0000723b3d831840 0x0000000eb0ef5840 0 0 0 0 0 1 3 58895 864
0x0000723b3d8318c0 0x0000000eb0ef58c0 0 0 0 0 0 1 3 58895 872
0x0000723b3d831940 0x0000000eb0ef5940 0 1 0 0 0 1 3 58895 864
0x0000723b3d8319c0 0x0000000eb0ef59c0 0 1 0 0 0 1 3 58895 872
0x0000723b3d831a40 0x0000000eb0ef5a40 0 0 1 0 0 1 3 58895 864
0x0000723b3d831ac0 0x0000000eb0ef5ac0 0 0 1 0 0 1 3 58895 872
0x0000723b3d831b40 0x0000000eb0ef5b40 0 1 1 0 0 1 3 58895 864
0x0000723b3d831bc0 0x0000000eb0ef5bc0 0 1 1 0 0 1 3 58895 872
0x0000723b3d831c40 0x0000000eb0ef5c40 0 0 0 0 0 1 3 58895 880
0x0000723b3d831cc0 0x0000000eb0ef5cc0 0 0 0 0 0 1 3 58895 888
0x0000723b3d831d40 0x0000000eb0ef5d40 0 1 0 0 0 1 3 58895 880
0x0000723b3d831dc0 0x0000000eb0ef5dc0 0 1 0 0 0 1 3 58895 888
0x0000723b3d831e40 0x0000000eb0ef5e40 0 0 1 0 0 1 3 58895 880
0x0000723b3d831ec0 0x0000000eb0ef5ec0 0 0 1 0 0 1 3 58895 888
0x0000723b3d831f40 0x0000000eb0ef5f40 0 1 1 0 0 1 3 58895 880
0x0000723b3d831fc0 0x0000000eb0ef5fc0 0 1 1 0 0 1 3 58895 888
0x0000723b3d834040 0x0000000e3feee040 0 0 0 0 1 1 3 55295 384
0x0000723b3d8340c0 0x0000000e3feee0c0 0 0 0 0 1 1 3 55295 392
0x0000723b3d834140 0x0000000e3feee140 0 1 0 0 1 1 3 55295 384
0x0000723b3d8341c0 0x0000000e3feee1c0 0 1 0 0 1 1 3 55295 392
0x0000723b3d834240 0x0000000e3feee240 0 0 1 0 1 1 3 55295 384
0x0000723b3d8342c0 0x0000000e3feee2c0 0 0 1 0 1 1 3 55295 392
0x0000723b3d834340 0x0000000e3feee340 0 1 1 0 1 1 3 55295 384
0x0000723b3d8343c0 0x0000000e3feee3c0 0 1 1 0 1 1 3 55295 392
0x0000723b3d834440 0x0000000e3feee440 0 0 0 0 1 1 3 55295 400
0x0000723b3d8344c0 0x0000000e3feee4c0 0 0 0 0 1 1 3 55295 408
0x0000723b3d834540 0x0000000e3feee540 0 1 0 0 1 1 3 55295 400
0x0000723b3d8345c0 0x0000000e3feee5c0 0 1 0 0 1 1 3 55295 408
0x0000723b3d834640 0x0000000e3feee640 0 0 1 0 1 1 3 55295 400
0x0000723b3d8346c0 0x0000000e3feee6c0 0 0 1 0 1 1 3 55295 408
0x0000723b3d834740 0x0000000e3feee740 0 1 1 0 1 1 3 55295 400
0x0000723b3d8347c0 0x0000000e3feee7c0 0 1 1 0 1 1 3 55295 408
0x0000723b3d834840 0x0000000e3feee840 0 0 0 0 1 1 3 55295 416
0x0000723b3d8348c0 0x0000000e3feee8c0 0 0 0 0 1 1 3 55295 424
0x0000723b3d834940 0x0000000e3feee940 0 1 0 0 1 1 3 55295 416
0x0000723b3d8349c0 0x0000000e3feee9c0 0 1 0 0 1 1 3 55295 424
0x0000723b3d834a40 0x0000000e3feeea40 0 0 1 0 1 1 3 55295 416
0x0000723b3d834ac0 0x0000000e3feeeac0 0 0 1 0 1 1 3 55295 424
0x0000723b3d834b40 0x0000000e3feeeb40 0 1 1 0 1 1 3 55295 416
0x0000723b3d834bc0 0x0000000e3feeebc0 0 1 1 0 1 1 3 55295 424
0x0000723b3d834c40 0x0000000e3feeec40 0 0 0 0 1 1 3 55295 432
0x0000723b3d834cc0 0x0000000e3feeecc0 0 0 0 0 1 1 3 55295 440
0x0000723b3d834d40 0x0000000e3feeed40 0 1 0 0 1 1 3 55295 432
0x0000723b3d834dc0 0x0000000e3feeedc0 0 1 0 0 1 1 3 55295 440
0x0000723b3d834e40 0x0000000e3feeee40 0 0 1 0 1 1 3 55295 432
0x0000723b3d834ec0 0x0000000e3feeeec0 0 0 1 0 1 1 3 55295 440
0x0000723b3d834f40 0x0000000e3feeef40 0 1 1 0 1 1 3 55295 432
0x0000723b3d834fc0 0x0000000e3feeefc0 0 1 1 0 1 1 3 55295 440
0x0000723b3d86b040 0x0000000defe22040 0 0 0 0 0 1 3 56809 128
0x0000723b3d86b0c0 0x0000000defe220c0 0 0 0 0 0 1 3 56809 136
0x0000723b3d86b140 0x0000000defe22140 0 1 0 0 0 1 3 56809 128
0x0000723b3d86b1c0 0x0000000defe221c0 0 1 0 0 0 1 3 56809 136
0x0000723b3d86b240 0x0000000defe22240 0 0 1 0 0 1 3 56809 128
0x0000723b3d86b2c0 0x0000000defe222c0 0 0 1 0 0 1 3 56809 136
0x0000723b3d86b340 0x0000000defe22340 0 1 1 0 0 1 3 56809 128
0x0000723b3d86b3c0 0x0000000defe223c0 0 1 1 0 0 1 3 56809 136
0x0000723b3d86b440 0x0000000defe22440 0 0 0 0 0 1 3 56809 144
0x0000723b3d86b4c0 0x0000000defe224c0 0 0 0 0 0 1 3 56809 152
0x0000723b3d86b540 0x0000000defe22540 0 1 0 0 0 1 3 56809 144
0x0000723b3d86b5c0 0x0000000defe225c0 0 1 0 0 0 1 3 56809 152
0x0000723b3d86b640 0x0000000defe22640 0 0 1 0 0 1 3 56809 144
0x0000723b3d86b6c0 0x0000000defe226c0 0 0 1 0 0 1 3 56809 152
0x0000723b3d86b740 0x0000000defe22740 0 1 1 0 0 1 3 56809 144
0x0000723b3d86b7c0 0x0000000defe227c0 0 1 1 0 0 1 3 56809 152
0x0000723b3d86b840 0x0000000defe22840 0 0 0 0 0 1 3 56809 160
0x0000723b3d86b8c0 0x0000000defe228c0 0 0 0 0 0 1 3 56809 168
0x0000723b3d86b940 0x0000000defe22940 0 1 0 0 0 1 3 56809 160
0x0000723b3d86b9c0 0x0000000defe229c0 0 1 0 0 0 1 3 56809 168
0x0000723b3d86ba40 0x0000000defe22a40 0 0 1 0 0 1 3 56809 160
0x0000723b3d86bac0 0x0000000defe22ac0 0 0 1 0 0 1 3 56809 168
0x0000723b3d86bb40 0x0000000defe22b40 0 1 1 0 0 1 3 56809 160
0x0000723b3d86bbc0 0x0000000defe22bc0 0 1 1 0 0 1 3 56809 168
0x0000723b3d86bc40 0x0000000defe22c40 0 0 0 0 0 1 3 56809 176
0x0000723b3d86bcc0 0x0000000defe22cc0 0 0 0 0 0 1 3 56809 184
0x0000723b3d86bd40 0x0000000defe22d40 0 1 0 0 0 1 3 56809 176
0x0000723b3d86bdc0 0x0000000defe22dc0 0 1 0 0 0 1 3 56809 184
0x0000723b3d86be40 0x0000000defe22e40 0 0 1 0 0 1 3 56809 176
0x0000723b3d86bec0 0x0000000defe22ec0 0 0 1 0 0 1 3 56809 184
0x0000723b3d86bf40 0x0000000defe22f40 0 1 1 0 0 1 3 56809 176
0x0000723b3d86bfc0 0x0000000defe22fc0 0 1 1 0 0 1 3 56809 184
0x0000723b3d870040 0x0000000206e26040 0 0 0 0 0 1 3 4313 384
0x0000723b3d8700c0 0x0000000206e260c0 0 0 0 0 0 1 3 4313 392
0x0000723b3d870140 0x0000000206e26140 0 1 0 0 0 1 3 4313 384
0x0000723b3d8701c0 0x0000000206e261c0 0 1 0 0 0 1 3 4313 392
0x0000723b3d870240 0x0000000206e26240 0 0 1 0 0 1 3 4313 384
0x0000723b3d8702c0 0x0000000206e262c0 0 0 1 0 0 1 3 4313 392
0x0000723b3d870340 0x0000000206e26340 0 1 1 0 0 1 3 4313 384
0x0000723b3d8703c0 0x0000000206e263c0 0 1 1 0 0 1 3 4313 392
0x0000723b3d870440 0x0000000206e26440 0 0 0 0 0 1 3 4313 400
0x0000723b3d8704c0 0x0000000206e264c0 0 0 0 0 0 1 3 4313 408
0x0000723b3d870540 0x0000000206e26540 0 1 0 0 0 1 3 4313 400
0x0000723b3d8705c0 0x0000000206e265c0 0 1 0 0 0 1 3 4313 408
0x0000723b3d870640 0x0000000206e26640 0 0 1 0 0 1 3 4313 400
0x0000723b3d8706c0 0x0000000206e266c0 0 0 1 0 0 1 3 4313 408
0x0000723b3d870740 0x0000000206e26740 0 1 1 0 0 1 3 4313 400
0x0000723b3d8707c0 0x0000000206e267c0 0 1 1 0 0 1 3 4313 408
0x0000723b3d870840 0x0000000206e26840 0 0 0 0 0 1 3 4313 416
0x0000723b3d8708c0 0x0000000206e268c0 0 0 0 0 0 1 3 4313 424
0x0000723b3d870940 0x0000000206e26940 0 1 0 0 0 1 3 4313 416
0x0000723b3d8709c0 0x0000000206e269c0 0 1 0 0 0 1 3 4313 424
0x0000723b3d870a40 0x0000000206e26a40 0 0 1 0 0 1 3 4313 416
0x0000723b3d870ac0 0x0000000206e26ac0 0 0 1 0 0 1 3 4313 424
0x0000723b3d870b40 0x0000000206e26b40 0 1 1 0 0 1 3 4313 416
0x0000723b3d870bc0 0x0000000206e26bc0 0 1 1 0 0 1 3 4313 424
0x0000723b3d870c40 0x0000000206e26c40 0 0 0 0 0 1 3 4313 432
0x0000723b3d870cc0 0x0000000206e26cc0 0 0 0 0 0 1 3 4313 440
0x0000723b3d870d40 0x0000000206e26d40 0 1 0 0 0 1 3 4313 432
0x0000723b3d870dc0 0x0000000206e26dc0 0 1 0 0 0 1 3 4313 440
0x0000723b3d870e40 0x0000000206e26e40 0 0 1 0 0 1 3 4313 432
0x0000723b3d870ec0 0x0000000206e26ec0 0 0 1 0 0 1 3 4313 440
0x0000723b3d870f40 0x0000000206e26f40 0 1 1 0 0 1 3 4313 432
0x0000723b3d870fc0 0x0000000206e26fc0 0 1 1 0 0 1 3 4313 440
0x0000723b3d882040 0x0000000572e24040 0 0 0 0 0 1 3 20057 256
0x0000723b3d8820c0 0x0000000572e240c0 0 0 0 0 0 1 3 20057 264
0x0000723b3d882140 0x0000000572e24140 0 1 0 0 0 1 3 20057 256
0x0000723b3d8821c0 0x0000000572e241c0 0 1 0 0 0 1 3 20057 264
0x0000723b3d882240 0x0000000572e24240 0 0 1 0 0 1 3 20057 256
0x0000723b3d8822c0 0x0000000572e242c0 0 0 1 0 0 1 3 20057 264
0x0000723b3d882340 0x0000000572e24340 0 1 1 0 0 1 3 20057 256
0x0000723b3d8823c0 0x0000000572e243c0 0 1 1 0 0 1 3 20057 264
0x0000723b3d882440 0x0000000572e24440 0 0 0 0 0 1 3 20057 272
0x0000723b3d8824c0 0x0000000572e244c0 0 0 0 0 0 1 3 20057 280
0x0000723b3d882540 0x0000000572e24540 0 1 0 0 0 1 3 20057 272
0x0000723b3d8825c0 0x0000000572e245c0 0 1 0 0 0 1 3 20057 280
0x0000723b3d882640 0x0000000572e24640 0 0 1 0 0 1 3 20057 272
0x0000723b3d8826c0 0x0000000572e246c0 0 0 1 0 0 1 3 20057 280
0x0000723b3d882740 0x0000000572e24740 0 1 1 0 0 1 3 20057 272
0x0000723b3d8827c0 0x0000000572e247c0 0 1 1 0 0 1 3 20057 280
0x0000723b3d882840 0x0000000572e24840 0 0 0 0 0 1 3 20057 288
0x0000723b3d8828c0 0x0000000572e248c0 0 0 0 0 0 1 3 20057 296
0x0000723b3d882940 0x0000000572e24940 0 1 0 0 0 1 3 20057 288
0x0000723b3d8829c0 0x0000000572e249c0 0 1 0 0 0 1 3 20057 296
0x0000723b3d882a40 0x0000000572e24a40 0 0 1 0 0 1 3 20057 288
0x0000723b3d882ac0 0x0000000572e24ac0 0 0 1 0 0 1 3 20057 296
0x0000723b3d882b40 0x0000000572e24b40 0 1 1 0 0 1 3 20057 288
0x0000723b3d882bc0 0x0000000572e24bc0 0 1 1 0 0 1 3 20057 296
0x0000723b3d882c40 0x0000000572e24c40 0 0 0 0 0 1 3 20057 304
0x0000723b3d882cc0 0x0000000572e24cc0 0 0 0 0 0 1 3 20057 312
0x0000723b3d882d40 0x0000000572e24d40 0 1 0 0 0 1 3 20057 304
0x0000723b3d882dc0 0x0000000572e24dc0 0 1 0 0 0 1 3 20057 312
0x0000723b3d882e40 0x0000000572e24e40 0 0 1 0 0 1 3 20057 304
0x0000723b3d882ec0 0x0000000572e24ec0 0 0 1 0 0 1 3 20057 312
0x0000723b3d882f40 0x0000000572e24f40 0 1 1 0 0 1 3 20057 304
0x0000723b3d882fc0 0x0000000572e24fc0 0 1 1 0 0 1 3 20057 312
0x0000723b3d88c040 0x00000009046c3040 0 0 0 0 0 1 3 32918 192
0x0000723b3d88c0c0 0x00000009046c30c0 0 0 0 0 0 1 3 32918 200
0x0000723b3d88c140 0x00000009046c3140 0 1 0 0 0 1 3 32918 192
0x0000723b3d88c1c0 0x00000009046c31c0 0 1 0 0 0 1 3 32918 200
0x0000723b3d88c240 0x00000009046c3240 0 0 1 0 0 1 3 32918 192
0x0000723b3d88c2c0 0x00000009046c32c0 0 0 1 0 0 1 3 32918 200
0x0000723b3d88c340 0x00000009046c3340 0 1 1 0 0 1 3 32918 192
0x0000723b3d88c3c0 0x00000009046c33c0 0 1 1 0 0 1 3 32918 200
0x0000723b3d88c440 0x00000009046c3440 0 0 0 0 0 1 3 32918 208
0x0000723b3d88c4c0 0x00000009046c34c0 0 0 0 0 0 1 3 32918 216
0x0000723b3d88c540 0x00000009046c3540 0 1 0 0 0 1 3 32918 208
0x0000723b3d88c5c0 0x00000009046c35c0 0 1 0 0 0 1 3 32918 216
0x0000723b3d88c640 0x00000009046c3640 0 0 1 0 0 1 3 32918 208
0x0000723b3d88c6c0 0x00000009046c36c0 0 0 1 0 0 1 3 32918 216
0x0000723b3d88c740 0x00000009046c3740 0 1 1 0 0 1 3 32918 208
0x0000723b3d88c7c0 0x00000009046c37c0 0 1 1 0 0 1 3 32918 216
0x0000723b3d88c840 0x00000009046c3840 0 0 0 0 0 1 3 32918 224
0x0000723b3d88c8c0 0x00000009046c38c0 0 0 0 0 0 1 3 32918 232
0x0000723b3d88c940 0x00000009046c3940 0 1 0 0 0 1 3 32918 224
0x0000723b3d88c9c0 0x00000009046c39c0 0 1 0 0 0 1 3 32918 232
0x0000723b3d88ca40 0x00000009046c3a40 0 0 1 0 0 1 3 32918 224
0x0000723b3d88cac0 0x00000009046c3ac0 0 0 1 0 0 1 3 32918 232
0x0000723b3d88cb40 0x00000009046c3b40 0 1 1 0 0 1 3 32918 224
0x0000723b3d88cbc0 0x00000009046c3bc0 0 1 1 0 0 1 3 32918 232
0x0000723b3d88cc40 0x00000009046c3c40 0 0 0 0 0 1 3 32918 240
0x0000723b3d88ccc0 0x00000009046c3cc0 0 0 0 0 0 1 3 32918 248
0x0000723b3d88cd40 0x00000009046c3d40 0 1 0 0 0 1 3 32918 240
0x0000723b3d88cdc0 0x00000009046c3dc0 0 1 0 0 0 1 3 32918 248
0x0000723b3d88ce40 0x00000009046c3e40 0 0 1 0 0 1 3 32918 240
0x0000723b3d88cec0 0x00000009046c3ec0 0 0 1 0 0 1 3 32918 248
0x0000723b3d88cf40 0x00000009046c3f40 0 1 1 0 0 1 3 32918 240
0x0000723b3d88cfc0 0x00000009046c3fc0 0 1 1 0 0 1 3 32918 248
0x0000723b3d88d040 0x0000000673ed4040 0 0 0 0 0 1 3 24190 768
0x0000723b3d88d0c0 0x0000000673ed40c0 0 0 0 0 0 1 3 24190 776
0x0000723b3d88d140 0x0000000673ed4140 0 1 0 0 0 1 3 24190 768
0x0000723b3d88d1c0 0x0000000673ed41c0 0 1 0 0 0 1 3 24190 776
0x0000723b3d88d240 0x0000000673ed4240 0 0 1 0 0 1 3 24190 768
0x0000723b3d88d2c0 0x0000000673ed42c0 0 0 1 0 0 1 3 24190 776
0x0000723b3d88d340 0x0000000673ed4340 0 1 1 0 0 1 3 24190 768
0x0000723b3d88d3c0 0x0000000673ed43c0 0 1 1 0 0 1 3 24190 776
0x0000723b3d88d440 0x0000000673ed4440 0 0 0 0 0 1 3 24190 784
0x0000723b3d88d4c0 0x0000000673ed44c0 0 0 0 0 0 1 3 24190 792
0x0000723b3d88d540 0x0000000673ed4540 0 1 0 0 0 1 3 24190 784
0x0000723b3d88d5c0 0x0000000673ed45c0 0 1 0 0 0 1 3 24190 792
0x0000723b3d88d640 0x0000000673ed4640 0 0 1 0 0 1 3 24190 784
0x0000723b3d88d6c0 0x0000000673ed46c0 0 0 1 0 0 1 3 24190 792
0x0000723b3d88d740 0x0000000673ed4740 0 1 1 0 0 1 3 24190 784
0x0000723b3d88d7c0 0x0000000673ed47c0 0 1 1 0 0 1 3 24190 792
0x0000723b3d88d840 0x0000000673ed4840 0 0 0 0 0 1 3 24190 800
0x0000723b3d88d8c0 0x0000000673ed48c0 0 0 0 0 0 1 3 24190 808
0x0000723b3d88d940 0x0000000673ed4940 0 1 0 0 0 1 3 24190 800
0x0000723b3d88d9c0 0x0000000673ed49c0 0 1 0 0 0 1 3 24190 808
0x0000723b3d88da40 0x0000000673ed4a40 0 0 1 0 0 1 3 24190 800
0x0000723b3d88dac0 0x0000000673ed4ac0 0 0 1 0 0 1 3 24190 808
0x0000723b3d88db40 0x0000000673ed4b40 0 1 1 0 0 1 3 24190 800
0x0000723b3d88dbc0 0x0000000673ed4bc0 0 1 1 0 0 1 3 24190 808
0x0000723b3d88dc40 0x0000000673ed4c40 0 0 0 0 0 1 3 24190 816
0x0000723b3d88dcc0 0x0000000673ed4cc0 0 0 0 0 0 1 3 24190 824
0x0000723b3d88dd40 0x0000000673ed4d40 0 1 0 0 0 1 3 24190 816
0x0000723b3d88ddc0 0x0000000673ed4dc0 0 1 0 0 0 1 3 24190 824
0x0000723b3d88de40 0x0000000673ed4e40 0 0 1 0 0 1 3 24190 816
0x0000723b3d88dec0 0x0000000673ed4ec0 0 0 1 0 0 1 3 24190 824
0x0000723b3d88df40 0x0000000673ed4f40 0 1 1 0 0 1 3 24190 816
0x0000723b3d88dfc0 0x0000000673ed4fc0 0 1 1 0 0 1 3 24190 824
0x0000723b3d89b040 0x0000000dc6688040 0 0 0 0 1 1 3 55492 0
0x0000723b3d89b0c0 0x0000000dc66880c0 0 0 0 0 1 1 3 55492 8
0x0000723b3d89b140 0x0000000dc6688140 0 1 0 0 1 1 3 55492 0
0x0000723b3d89b1c0 0x0000000dc66881c0 0 1 0 0 1 1 3 55492 8
0x0000723b3d89b240 0x0000000dc6688240 0 0 1 0 1 1 3 55492 0
0x0000723b3d89b2c0 0x0000000dc66882c0 0 0 1 0 1 1 3 55492 8
0x0000723b3d89b340 0x0000000dc6688340 0 1 1 0 1 1 3 55492 0
0x0000723b3d89b3c0 0x0000000dc66883c0 0 1 1 0 1 1 3 55492 8
0x0000723b3d89b440 0x0000000dc6688440 0 0 0 0 1 1 3 55492 16
0x0000723b3d89b4c0 0x0000000dc66884c0 0 0 0 0 1 1 3 55492 24
0x0000723b3d89b540 0x0000000dc6688540 0 1 0 0 1 1 3 55492 16
0x0000723b3d89b5c0 0x0000000dc66885c0 0 1 0 0 1 1 3 55492 24
0x0000723b3d89b640 0x0000000dc6688640 0 0 1 0 1 1 3 55492 16
0x0000723b3d89b6c0 0x0000000dc66886c0 0 0 1 0 1 1 3 55492 24
0x0000723b3d89b740 0x0000000dc6688740 0 1 1 0 1 1 3 55492 16
0x0000723b3d89b7c0 0x0000000dc66887c0 0 1 1 0 1 1 3 55492 24
0x0000723b3d89b840 0x0000000dc6688840 0 0 0 0 1 1 3 55492 32
0x0000723b3d89b8c0 0x0000000dc66888c0 0 0 0 0 1 1 3 55492 40
0x0000723b3d89b940 0x0000000dc6688940 0 1 0 0 1 1 3 55492 32
0x0000723b3d89b9c0 0x0000000dc66889c0 0 1 0 0 1 1 3 55492 40
0x0000723b3d89ba40 0x0000000dc6688a40 0 0 1 0 1 1 3 55492 32
0x0000723b3d89bac0 0x0000000dc6688ac0 0 0 1 0 1 1 3 55492 40
0x0000723b3d89bb40 0x0000000dc6688b40 0 1 1 0 1 1 3 55492 32
0x0000723b3d89bbc0 0x0000000dc6688bc0 0 1 1 0 1 1 3 55492 40
0x0000723b3d89bc40 0x0000000dc6688c40 0 0 0 0 1 1 3 55492 48
0x0000723b3d89bcc0 0x0000000dc6688cc0 0 0 0 0 1 1 3 55492 56
0x0000723b3d89bd40 0x0000000dc6688d40 0 1 0 0 1 1 3 55492 48
0x0000723b3d89bdc0 0x0000000dc6688dc0 0 1 0 0 1 1 3 55492 56
0x0000723b3d89be40 0x0000000dc6688e40 0 0 1 0 1 1 3 55492 48
0x0000723b3d89bec0 0x0000000dc6688ec0 0 0 1 0 1 1 3 55492 56
0x0000723b3d89bf40 0x0000000dc6688f40 0 1 1 0 1 1 3 55492 48
0x0000723b3d89bfc0 0x0000000dc6688fc0 0 1 1 0 1 1 3 55492 56
0x0000723b3d8a3040 0x0000000c4764a040 0 0 0 0 1 1 3 47346 128
0x0000723b3d8a30c0 0x0000000c4764a0c0 0 0 0 0 1 1 3 47346 136
0x0000723b3d8a3140 0x0000000c4764a140 0 1 0 0 1 1 3 47346 128
0x0000723b3d8a31c0 0x0000000c4764a1c0 0 1 0 0 1 1 3 47346 136
0x0000723b3d8a3240 0x0000000c4764a240 0 0 1 0 1 1 3 47346 128
0x0000723b3d8a32c0 0x0000000c4764a2c0 0 0 1 0 1 1 3 47346 136
0x0000723b3d8a3340 0x0000000c4764a340 0 1 1 0 1 1 3 47346 128
0x0000723b3d8a33c0 0x0000000c4764a3c0 0 1 1 0 1 1 3 47346 136
0x0000723b3d8a3440 0x0000000c4764a440 0 0 0 0 1 1 3 47346 144
0x0000723b3d8a34c0 0x0000000c4764a4c0 0 0 0 0 1 1 3 47346 152
0x0000723b3d8a3540 0x0000000c4764a540 0 1 0 0 1 1 3 47346 144
0x0000723b3d8a35c0 0x0000000c4764a5c0 0 1 0 0 1 1 3 47346 152
0x0000723b3d8a3640 0x0000000c4764a640 0 0 1 0 1 1 3 47346 144
0x0000723b3d8a36c0 0x0000000c4764a6c0 0 0 1 0 1 1 3 47346 152
0x0000723b3d8a3740 0x0000000c4764a740 0 1 1 0 1 1 3 47346 144
0x0000723b3d8a37c0 0x0000000c4764a7c0 0 1 1 0 1 1 3 47346 152
0x0000723b3d8a3840 0x0000000c4764a840 0 0 0 0 1 1 3 47346 160
0x0000723b3d8a38c0 0x0000000c4764a8c0 0 0 0 0 1 1 3 47346 168
0x0000723b3d8a3940 0x0000000c4764a940 0 1 0 0 1 1 3 47346 160
0x0000723b3d8a39c0 0x0000000c4764a9c0 0 1 0 0 1 1 3 47346 168
0x0000723b3d8a3a40 0x0000000c4764aa40 0 0 1 0 1 1 3 47346 160
0x0000723b3d8a3ac0 0x0000000c4764aac0 0 0 1 0 1 1 3 47346 168
0x0000723b3d8a3b40 0x0000000c4764ab40 0 1 1 0 1 1 3 47346 160
0x0000723b3d8a3bc0 0x0000000c4764abc0 0 1 1 0 1 1 3 47346 168
0x0000723b3d8a3c40 0x0000000c4764ac40 0 0 0 0 1 1 3 47346 176
0x0000723b3d8a3cc0 0x0000000c4764acc0 0 0 0 0 1 1 3 47346 184
0x0000723b3d8a3d40 0x0000000c4764ad40 0 1 0 0 1 1 3 47346 176
0x0000723b3d8a3dc0 0x0000000c4764adc0 0 1 0 0 1 1 3 47346 184
0x0000723b3d8a3e40 0x0000000c4764ae40 0 0 1 0 1 1 3 47346 176
0x0000723b3d8a3ec0 0x0000000c4764aec0 0 0 1 0 1 1 3 47346 184
0x0000723b3d8a3f40 0x0000000c4764af40 0 1 1 0 1 1 3 47346 176
0x0000723b3d8a3fc0 0x0000000c4764afc0 0 1 1 0 1 1 3 47346 184
0x0000723b3d8ac040 0x000000061d634040 0 0 0 0 0 1 3 21425 768
0x0000723b3d8ac0c0 0x000000061d6340c0 0 0 0 0 0 1 3 21425 776
0x0000723b3d8ac140 0x000000061d634140 0 1 0 0 0 1 3 21425 768
0x0000723b3d8ac1c0 0x000000061d6341c0 0 1 0 0 0 1 3 21425 776
0x0000723b3d8ac240 0x000000061d634240 0 0 1 0 0 1 3 21425 768
0x0000723b3d8ac2c0 0x000000061d6342c0 0 0 1 0 0 1 3 21425 776
0x0000723b3d8ac340 0x000000061d634340 0 1 1 0 0 1 3 21425 768
0x0000723b3d8ac3c0 0x000000061d6343c0 0 1 1 0 0 1 3 21425 776
0x0000723b3d8ac440 0x000000061d634440 0 0 0 0 0 1 3 21425 784
0x0000723b3d8ac4c0 0x000000061d6344c0 0 0 0 0 0 1 3 21425 792
0x0000723b3d8ac540 0x000000061d634540 0 1 0 0 0 1 3 21425 784
0x0000723b3d8ac5c0 0x000000061d6345c0 0 1 0 0 0 1 3 21425 792
0x0000723b3d8ac640 0x000000061d634640 0 0 1 0 0 1 3 21425 784
0x0000723b3d8ac6c0 0x000000061d6346c0 0 0 1 0 0 1 3 21425 792
0x0000723b3d8ac740 0x000000061d634740 0 1 1 0 0 1 3 21425 784
0x0000723b3d8ac7c0 0x000000061d6347c0 0 1 1 0 0 1 3 21425 792
0x0000723b3d8ac840 0x000000061d634840 0 0 0 0 0 1 3 21425 800
0x0000723b3d8ac8c0 0x000000061d6348c0 0 0 0 0 0 1 3 21425 808
0x0000723b3d8ac940 0x000000061d634940 0 1 0 0 0 1 3 21425 800
0x0000723b3d8ac9c0 0x000000061d6349c0 0 1 0 0 0 1 3 21425 808
0x0000723b3d8aca40 0x000000061d634a40 0 0 1 0 0 1 3 21425 800
0x0000723b3d8acac0 0x000000061d634ac0 0 0 1 0 0 1 3 21425 808
0x0000723b3d8acb40 0x000000061d634b40 0 1 1 0 0 1 3 21425 800
0x0000723b3d8acbc0 0x000000061d634bc0 0 1 1 0 0 1 3 21425 808
0x0000723b3d8acc40 0x000000061d634c40 0 0 0 0 0 1 3 21425 816
0x0000723b3d8accc0 0x000000061d634cc0 0 0 0 0 0 1 3 21425 824
0x0000723b3d8acd40 0x000000061d634d40 0 1 0 0 0 1 3 21425 816
0x0000723b3d8acdc0 0x000000061d634dc0 0 1 0 0 0 1 3 21425 824
0x0000723b3d8ace40 0x000000061d634e40 0 0 1 0 0 1 3 21425 816
0x0000723b3d8acec0 0x000000061d634ec0 0 0 1 0 0 1 3 21425 824
0x0000723b3d8acf40 0x000000061d634f40 0 1 1 0 0 1 3 21425 816
0x0000723b3d8acfc0 0x000000061d634fc0 0 1 1 0 0 1 3 21425 824
0x0000723b3d8b1040 0x0000000c786fe040 0 0 0 0 1 1 3 48919 896
0x0000723b3d8b10c0 0x0000000c786fe0c0 0 0 0 0 1 1 3 48919 904
0x0000723b3d8b1140 0x0000000c786fe140 0 1 0 0 1 1 3 48919 896
0x0000723b3d8b11c0 0x0000000c786fe1c0 0 1 0 0 1 1 3 48919 904
0x0000723b3d8b1240 0x0000000c786fe240 0 0 1 0 1 1 3 48919 896
0x0000723b3d8b12c0 0x0000000c786fe2c0 0 0 1 0 1 1 3 48919 904
0x0000723b3d8b1340 0x0000000c786fe340 0 1 1 0 1 1 3 48919 896
0x0000723b3d8b13c0 0x0000000c786fe3c0 0 1 1 0 1 1 3 48919 904
0x0000723b3d8b1440 0x0000000c786fe440 0 0 0 0 1 1 3 48919 912
0x0000723b3d8b14c0 0x0000000c786fe4c0 0 0 0 0 1 1 3 48919 920
0x0000723b3d8b1540 0x0000000c786fe540 0 1 0 0 1 1 3 48919 912
0x0000723b3d8b15c0 0x0000000c786fe5c0 0 1 0 0 1 1 3 48919 920
0x0000723b3d8b1640 0x0000000c786fe640 0 0 1 0 1 1 3 48919 912
0x0000723b3d8b16c0 0x0000000c786fe6c0 0 0 1 0 1 1 3 48919 920
0x0000723b3d8b1740 0x0000000c786fe740 0 1 1 0 1 1 3 48919 912
0x0000723b3d8b17c0 0x0000000c786fe7c0 0 1 1 0 1 1 3 48919 920
0x0000723b3d8b1840 0x0000000c786fe840 0 0 0 0 1 1 3 48919 928
0x0000723b3d8b18c0 0x0000000c786fe8c0 0 0 0 0 1 1 3 48919 936
0x0000723b3d8b1940 0x0000000c786fe940 0 1 0 0 1 1 3 48919 928
0x0000723b3d8b19c0 0x0000000c786fe9c0 0 1 0 0 1 1 3 48919 936
0x0000723b3d8b1a40 0x0000000c786fea40 0 0 1 0 1 1 3 48919 928
0x0000723b3d8b1ac0 0x0000000c786feac0 0 0 1 0 1 1 3 48919 936
0x0000723b3d8b1b40 0x0000000c786feb40 0 1 1 0 1 1 3 48919 928
0x0000723b3d8b1bc0 0x0000000c786febc0 0 1 1 0 1 1 3 48919 936
0x0000723b3d8b1c40 0x0000000c786fec40 0 0 0 0 1 1 3 48919 944
0x0000723b3d8b1cc0 0x0000000c786fecc0 0 0 0 0 1 1 3 48919 952
0x0000723b3d8b1d40 0x0000000c786fed40 0 1 0 0 1 1 3 48919 944
0x0000723b3d8b1dc0 0x0000000c786fedc0 0 1 0 0 1 1 3 48919 952
0x0000723b3d8b1e40 0x0000000c786fee40 0 0 1 0 1 1 3 48919 944
0x0000723b3d8b1ec0 0x0000000c786feec0 0 0 1 0 1 1 3 48919 952
0x0000723b3d8b1f40 0x0000000c786fef40 0 1 1 0 1 1 3 48919 944
0x0000723b3d8b1fc0 0x0000000c786fefc0 0 1 1 0 1 1 3 48919 952
0x0000723b3d8ba040 0x00000008d36da040 0 0 0 0 1 1 3 35430 640
0x0000723b3d8ba0c0 0x00000008d36da0c0 0 0 0 0 1 1 3 35430 648
0x0000723b3d8ba140 0x00000008d36da140 0 1 0 0 1 1 3 35430 640
0x0000723b3d8ba1c0 0x00000008d36da1c0 0 1 0 0 1 1 3 35430 648
0x0000723b3d8ba240 0x00000008d36da240 0 0 1 0 1 1 3 35430 640
0x0000723b3d8ba2c0 0x00000008d36da2c0 0 0 1 0 1 1 3 35430 648
0x0000723b3d8ba340 0x00000008d36da340 0 1 1 0 1 1 3 35430 640
0x0000723b3d8ba3c0 0x00000008d36da3c0 0 1 1 0 1 1 3 35430 648
0x0000723b3d8ba440 0x00000008d36da440 0 0 0 0 1 1 3 35430 656
0x0000723b3d8ba4c0 0x00000008d36da4c0 0 0 0 0 1 1 3 35430 664
0x0000723b3d8ba540 0x00000008d36da540 0 1 0 0 1 1 3 35430 656
0x0000723b3d8ba5c0 0x00000008d36da5c0 0 1 0 0 1 1 3 35430 664
0x0000723b3d8ba640 0x00000008d36da640 0 0 1 0 1 1 3 35430 656
0x0000723b3d8ba6c0 0x00000008d36da6c0 0 0 1 0 1 1 3 35430 664
0x0000723b3d8ba740 0x00000008d36da740 0 1 1 0 1 1 3 35430 656
0x0000723b3d8ba7c0 0x00000008d36da7c0 0 1 1 0 1 1 3 35430 664
0x0000723b3d8ba840 0x00000008d36da840 0 0 0 0 1 1 3 35430 672
0x0000723b3d8ba8c0 0x00000008d36da8c0 0 0 0 0 1 1 3 35430 680
0x0000723b3d8ba940 0x00000008d36da940 0 1 0 0 1 1 3 35430 672
0x0000723b3d8ba9c0 0x00000008d36da9c0 0 1 0 0 1 1 3 35430 680
0x0000723b3d8baa40 0x00000008d36daa40 0 0 1 0 1 1 3 35430 672
0x0000723b3d8baac0 0x00000008d36daac0 0 0 1 0 1 1 3 35430 680
0x0000723b3d8bab40 0x00000008d36dab40 0 1 1 0 1 1 3 35430 672
0x0000723b3d8babc0 0x00000008d36dabc0 0 1 1 0 1 1 3 35430 680
0x0000723b3d8bac40 0x00000008d36dac40 0 0 0 0 1 1 3 35430 688
0x0000723b3d8bacc0 0x00000008d36dacc0 0 0 0 0 1 1 3 35430 696
0x0000723b3d8bad40 0x00000008d36dad40 0 1 0 0 1 1 3 35430 688
0x0000723b3d8badc0 0x00000008d36dadc0 0 1 0 0 1 1 3 35430 696
0x0000723b3d8bae40 0x00000008d36dae40 0 0 1 0 1 1 3 35430 688
0x0000723b3d8baec0 0x00000008d36daec0 0 0 1 0 1 1 3 35430 696
0x0000723b3d8baf40 0x00000008d36daf40 0 1 1 0 1 1 3 35430 688
0x0000723b3d8bafc0 0x00000008d36dafc0 0 1 1 0 1 1 3 35430 696
0x0000723b3d8c7040 0x0000000d776a3040 0 0 0 0 0 1 3 52981 192
0x0000723b3d8c70c0 0x0000000d776a30c0 0 0 0 0 0 1 3 52981 200
0x0000723b3d8c7140 0x0000000d776a3140 0 1 0 0 0 1 3 52981 192
0x0000723b3d8c71c0 0x0000000d776a31c0 0 1 0 0 0 1 3 52981 200
0x0000723b3d8c7240 0x0000000d776a3240 0 0 1 0 0 1 3 52981 192
0x0000723b3d8c72c0 0x0000000d776a32c0 0 0 1 0 0 1 3 52981 200
0x0000723b3d8c7340 0x0000000d776a3340 0 1 1 0 0 1 3 52981 192
0x0000723b3d8c73c0 0x0000000d776a33c0 0 1 1 0 0 1 3 52981 200
0x0000723b3d8c7440 0x0000000d776a3440 0 0 0 0 0 1 3 52981 208
0x0000723b3d8c74c0 0x0000000d776a34c0 0 0 0 0 0 1 3 52981 216
0x0000723b3d8c7540 0x0000000d776a3540 0 1 0 0 0 1 3 52981 208
0x0000723b3d8c75c0 0x0000000d776a35c0 0 1 0 0 0 1 3 52981 216
0x0000723b3d8c7640 0x0000000d776a3640 0 0 1 0 0 1 3 52981 208
0x0000723b3d8c76c0 0x0000000d776a36c0 0 0 1 0 0 1 3 52981 216
0x0000723b3d8c7740 0x0000000d776a3740 0 1 1 0 0 1 3 52981 208
0x0000723b3d8c77c0 0x0000000d776a37c0 0 1 1 0 0 1 3 52981 216
0x0000723b3d8c7840 0x0000000d776a3840 0 0 0 0 0 1 3 52981 224
0x0000723b3d8c78c0 0x0000000d776a38c0 0 0 0 0 0 1 3 52981 232
0x0000723b3d8c7940 0x0000000d776a3940 0 1 0 0 0 1 3 52981 224
0x0000723b3d8c79c0 0x0000000d776a39c0 0 1 0 0 0 1 3 52981 232
0x0000723b3d8c7a40 0x0000000d776a3a40 0 0 1 0 0 1 3 52981 224
0x0000723b3d8c7ac0 0x0000000d776a3ac0 0 0 1 0 0 1 3 52981 232
0x0000723b3d8c7b40 0x0000000d776a3b40 0 1 1 0 0 1 3 52981 224
0x0000723b3d8c7bc0 0x0000000d776a3bc0 0 1 1 0 0 1 3 52981 232
0x0000723b3d8c7c40 0x0000000d776a3c40 0 0 0 0 0 1 3 52981 240
0x0000723b3d8c7cc0 0x0000000d776a3cc0 0 0 0 0 0 1 3 52981 248
0x0000723b3d8c7d40 0x0000000d776a3d40 0 1 0 0 0 1 3 52981 240
0x0000723b3d8c7dc0 0x0000000d776a3dc0 0 1 0 0 0 1 3 52981 248
0x0000723b3d8c7e40 0x0000000d776a3e40 0 0 1 0 0 1 3 52981 240
0x0000723b3d8c7ec0 0x0000000d776a3ec0 0 0 1 0 0 1 3 52981 248
0x0000723b3d8c7f40 0x0000000d776a3f40 0 1 1 0 0 1 3 52981 240
0x0000723b3d8c7fc0 0x0000000d776a3fc0 0 1 1 0 0 1 3 52981 248
0x0000723b3d8d3040 0x00000008a8651040 0 0 0 0 0 1 3 34050 576
0x0000723b3d8d30c0 0x00000008a86510c0 0 0 0 0 0 1 3 34050 584
0x0000723b3d8d3140 0x00000008a8651140 0 1 0 0 0 1 3 34050 576
0x0000723b3d8d31c0 0x00000008a86511c0 0 1 0 0 0 1 3 34050 584
0x0000723b3d8d3240 0x00000008a8651240 0 0 1 0 0 1 3 34050 576
0x0000723b3d8d32c0 0x00000008a86512c0 0 0 1 0 0 1 3 34050 584
0x0000723b3d8d3340 0x00000008a8651340 0 1 1 0 0 1 3 34050 576
0x0000723b3d8d33c0 0x00000008a86513c0 0 1 1 0 0 1 3 34050 584
0x0000723b3d8d3440 0x00000008a8651440 0 0 0 0 0 1 3 34050 592
0x0000723b3d8d34c0 0x00000008a86514c0 0 0 0 0 0 1 3 34050 600
0x0000723b3d8d3540 0x00000008a8651540 0 1 0 0 0 1 3 34050 592
0x0000723b3d8d35c0 0x00000008a86515c0 0 1 0 0 0 1 3 34050 600
0x0000723b3d8d3640 0x00000008a8651640 0 0 1 0 0 1 3 34050 592
0x0000723b3d8d36c0 0x00000008a86516c0 0 0 1 0 0 1 3 34050 600
0x0000723b3d8d3740 0x00000008a8651740 0 1 1 0 0 1 3 34050 592
0x0000723b3d8d37c0 0x00000008a86517c0 0 1 1 0 0 1 3 34050 600
0x0000723b3d8d3840 0x00000008a8651840 0 0 0 0 0 1 3 34050 608
0x0000723b3d8d38c0 0x00000008a86518c0 0 0 0 0 0 1 3 34050 616
0x0000723b3d8d3940 0x00000008a8651940 0 1 0 0 0 1 3 34050 608
0x0000723b3d8d39c0 0x00000008a86519c0 0 1 0 0 0 1 3 34050 616
0x0000723b3d8d3a40 0x00000008a8651a40 0 0 1 0 0 1 3 34050 608
0x0000723b3d8d3ac0 0x00000008a8651ac0 0 0 1 0 0 1 3 34050 616
0x0000723b3d8d3b40 0x00000008a8651b40 0 1 1 0 0 1 3 34050 608
0x0000723b3d8d3bc0 0x00000008a8651bc0 0 1 1 0 0 1 3 34050 616
0x0000723b3d8d3c40 0x00000008a8651c40 0 0 0 0 0 1 3 34050 624
0x0000723b3d8d3cc0 0x00000008a8651cc0 0 0 0 0 0 1 3 34050 632
0x0000723b3d8d3d40 0x00000008a8651d40 0 1 0 0 0 1 3 34050 624
0x0000723b3d8d3dc0 0x00000008a8651dc0 0 1 0 0 0 1 3 34050 632
0x0000723b3d8d3e40 0x00000008a8651e40 0 0 1 0 0 1 3 34050 624
0x0000723b3d8d3ec0 0x00000008a8651ec0 0 0 1 0 0 1 3 34050 632
0x0000723b3d8d3f40 0x00000008a8651f40 0 1 1 0 0 1 3 34050 624
0x0000723b3d8d3fc0 0x00000008a8651fc0 0 1 1 0 0 1 3 34050 632
0x0000723b3d8d8040 0x0000000620666040 0 0 0 0 0 1 3 21523 384
0x0000723b3d8d80c0 0x00000006206660c0 0 0 0 0 0 1 3 21523 392
0x0000723b3d8d8140 0x0000000620666140 0 1 0 0 0 1 3 21523 384
0x0000723b3d8d81c0 0x00000006206661c0 0 1 0 0 0 1 3 21523 392
0x0000723b3d8d8240 0x0000000620666240 0 0 1 0 0 1 3 21523 384
0x0000723b3d8d82c0 0x00000006206662c0 0 0 1 0 0 1 3 21523 392
0x0000723b3d8d8340 0x0000000620666340 0 1 1 0 0 1 3 21523 384
0x0000723b3d8d83c0 0x00000006206663c0 0 1 1 0 0 1 3 21523 392
0x0000723b3d8d8440 0x0000000620666440 0 0 0 0 0 1 3 21523 400
0x0000723b3d8d84c0 0x00000006206664c0 0 0 0 0 0 1 3 21523 408
0x0000723b3d8d8540 0x0000000620666540 0 1 0 0 0 1 3 21523 400
0x0000723b3d8d85c0 0x00000006206665c0 0 1 0 0 0 1 3 21523 408
0x0000723b3d8d8640 0x0000000620666640 0 0 1 0 0 1 3 21523 400
0x0000723b3d8d86c0 0x00000006206666c0 0 0 1 0 0 1 3 21523 408
0x0000723b3d8d8740 0x0000000620666740 0 1 1 0 0 1 3 21523 400
0x0000723b3d8d87c0 0x00000006206667c0 0 1 1 0 0 1 3 21523 408
0x0000723b3d8d8840 0x0000000620666840 0 0 0 0 0 1 3 21523 416
0x0000723b3d8d88c0 0x00000006206668c0 0 0 0 0 0 1 3 21523 424
0x0000723b3d8d8940 0x0000000620666940 0 1 0 0 0 1 3 21523 416
0x0000723b3d8d89c0 0x00000006206669c0 0 1 0 0 0 1 3 21523 424
0x0000723b3d8d8a40 0x0000000620666a40 0 0 1 0 0 1 3 21523 416
0x0000723b3d8d8ac0 0x0000000620666ac0 0 0 1 0 0 1 3 21523 424
0x0000723b3d8d8b40 0x0000000620666b40 0 1 1 0 0 1 3 21523 416
0x0000723b3d8d8bc0 0x0000000620666bc0 0 1 1 0 0 1 3 21523 424
0x0000723b3d8d8c40 0x0000000620666c40 0 0 0 0 0 1 3 21523 432
0x0000723b3d8d8cc0 0x0000000620666cc0 0 0 0 0 0 1 3 21523 440
0x0000723b3d8d8d40 0x0000000620666d40 0 1 0 0 0 1 3 21523 432
0x0000723b3d8d8dc0 0x0000000620666dc0 0 1 0 0 0 1 3 21523 440
0x0000723b3d8d8e40 0x0000000620666e40 0 0 1 0 0 1 3 21523 432
0x0000723b3d8d8ec0 0x0000000620666ec0 0 0 1 0 0 1 3 21523 440
0x0000723b3d8d8f40 0x0000000620666f40 0 1 1 0 0 1 3 21523 432
0x0000723b3d8d8fc0 0x0000000620666fc0 0 1 1 0 0 1 3 21523 440
0x0000723b3d8eb040 0x0000000c4d692040 0 0 0 0 0 1 3 47540 640
0x0000723b3d8eb0c0 0x0000000c4d6920c0 0 0 0 0 0 1 3 47540 648
0x0000723b3d8eb140 0x0000000c4d692140 0 1 0 0 0 1 3 47540 640
0x0000723b3d8eb1c0 0x0000000c4d6921c0 0 1 0 0 0 1 3 47540 648
0x0000723b3d8eb240 0x0000000c4d692240 0 0 1 0 0 1 3 47540 640
0x0000723b3d8eb2c0 0x0000000c4d6922c0 0 0 1 0 0 1 3 47540 648
0x0000723b3d8eb340 0x0000000c4d692340 0 1 1 0 0 1 3 47540 640
0x0000723b3d8eb3c0 0x0000000c4d6923c0 0 1 1 0 0 1 3 47540 648
0x0000723b3d8eb440 0x0000000c4d692440 0 0 0 0 0 1 3 47540 656
0x0000723b3d8eb4c0 0x0000000c4d6924c0 0 0 0 0 0 1 3 47540 664
0x0000723b3d8eb540 0x0000000c4d692540 0 1 0 0 0 1 3 47540 656
0x0000723b3d8eb5c0 0x0000000c4d6925c0 0 1 0 0 0 1 3 47540 664
0x0000723b3d8eb640 0x0000000c4d692640 0 0 1 0 0 1 3 47540 656
0x0000723b3d8eb6c0 0x0000000c4d6926c0 0 0 1 0 0 1 3 47540 664
0x0000723b3d8eb740 0x0000000c4d692740 0 1 1 0 0 1 3 47540 656
0x0000723b3d8eb7c0 0x0000000c4d6927c0 0 1 1 0 0 1 3 47540 664
0x0000723b3d8eb840 0x0000000c4d692840 0 0 0 0 0 1 3 47540 672
0x0000723b3d8eb8c0 0x0000000c4d6928c0 0 0 0 0 0 1 3 47540 680
0x0000723b3d8eb940 0x0000000c4d692940 0 1 0 0 0 1 3 47540 672
0x0000723b3d8eb9c0 0x0000000c4d6929c0 0 1 0 0 0 1 3 47540 680
0x0000723b3d8eba40 0x0000000c4d692a40 0 0 1 0 0 1 3 47540 672
0x0000723b3d8ebac0 0x0000000c4d692ac0 0 0 1 0 0 1 3 47540 680
0x0000723b3d8ebb40 0x0000000c4d692b40 0 1 1 0 0 1 3 47540 672
0x0000723b3d8ebbc0 0x0000000c4d692bc0 0 1 1 0 0 1 3 47540 680
0x0000723b3d8ebc40 0x0000000c4d692c40 0 0 0 0 0 1 3 47540 688
0x0000723b3d8ebcc0 0x0000000c4d692cc0 0 0 0 0 0 1 3 47540 696
0x0000723b3d8ebd40 0x0000000c4d692d40 0 1 0 0 0 1 3 47540 688
0x0000723b3d8ebdc0 0x0000000c4d692dc0 0 1 0 0 0 1 3 47540 696
0x0000723b3d8ebe40 0x0000000c4d692e40 0 0 1 0 0 1 3 47540 688
0x0000723b3d8ebec0 0x0000000c4d692ec0 0 0 1 0 0 1 3 47540 696
0x0000723b3d8ebf40 0x0000000c4d692f40 0 1 1 0 0 1 3 47540 688
0x0000723b3d8ebfc0 0x0000000c4d692fc0 0 1 1 0 0 1 3 47540 696
0x0000723b3d8ef040 0x000000016bed9040 0 0 0 0 1 1 3 3454 576
0x0000723b3d8ef0c0 0x000000016bed90c0 0 0 0 0 1 1 3 3454 584
0x0000723b3d8ef140 0x000000016bed9140 0 1 0 0 1 1 3 3454 576
0x0000723b3d8ef1c0 0x000000016bed91c0 0 1 0 0 1 1 3 3454 584
0x0000723b3d8ef240 0x000000016bed9240 0 0 1 0 1 1 3 3454 576
0x0000723b3d8ef2c0 0x000000016bed92c0 0 0 1 0 1 1 3 3454 584
0x0000723b3d8ef340 0x000000016bed9340 0 1 1 0 1 1 3 3454 576
0x0000723b3d8ef3c0 0x000000016bed93c0 0 1 1 0 1 1 3 3454 584
0x0000723b3d8ef440 0x000000016bed9440 0 0 0 0 1 1 3 3454 592
0x0000723b3d8ef4c0 0x000000016bed94c0 0 0 0 0 1 1 3 3454 600
0x0000723b3d8ef540 0x000000016bed9540 0 1 0 0 1 1 3 3454 592
0x0000723b3d8ef5c0 0x000000016bed95c0 0 1 0 0 1 1 3 3454 600
0x0000723b3d8ef640 0x000000016bed9640 0 0 1 0 1 1 3 3454 592
0x0000723b3d8ef6c0 0x000000016bed96c0 0 0 1 0 1 1 3 3454 600
0x0000723b3d8ef740 0x000000016bed9740 0 1 1 0 1 1 3 3454 592
0x0000723b3d8ef7c0 0x000000016bed97c0 0 1 1 0 1 1 3 3454 600
0x0000723b3d8ef840 0x000000016bed9840 0 0 0 0 1 1 3 3454 608
0x0000723b3d8ef8c0 0x000000016bed98c0 0 0 0 0 1 1 3 3454 616
0x0000723b3d8ef940 0x000000016bed9940 0 1 0 0 1 1 3 3454 608
0x0000723b3d8ef9c0 0x000000016bed99c0 0 1 0 0 1 1 3 3454 616
0x0000723b3d8efa40 0x000000016bed9a40 0 0 1 0 1 1 3 3454 608
0x0000723b3d8efac0 0x000000016bed9ac0 0 0 1 0 1 1 3 3454 616
0x0000723b3d8efb40 0x000000016bed9b40 0 1 1 0 1 1 3 3454 608
0x0000723b3d8efbc0 0x000000016bed9bc0 0 1 1 0 1 1 3 3454 616
0x0000723b3d8efc40 0x000000016bed9c40 0 0 0 0 1 1 3 3454 624
0x0000723b3d8efcc0 0x000000016bed9cc0 0 0 0 0 1 1 3 3454 632
0x0000723b3d8efd40 0x000000016bed9d40 0 1 0 0 1 1 3 3454 624
0x0000723b3d8efdc0 0x000000016bed9dc0 0 1 0 0 1 1 3 3454 632
0x0000723b3d8efe40 0x000000016bed9e40 0 0 1 0 1 1 3 3454 624
0x0000723b3d8efec0 0x000000016bed9ec0 0 0 1 0 1 1 3 3454 632
0x0000723b3d8eff40 0x000000016bed9f40 0 1 1 0 1 1 3 3454 624
0x0000723b3d8effc0 0x000000016bed9fc0 0 1 1 0 1 1 3 3454 632
0x0000723b3d8f3040 0x0000000233ecf040 0 0 0 0 1 1 3 5758 448
0x0000723b3d8f30c0 0x0000000233ecf0c0 0 0 0 0 1 1 3 5758 456
0x0000723b3d8f3140 0x0000000233ecf140 0 1 0 0 1 1 3 5758 448
0x0000723b3d8f31c0 0x0000000233ecf1c0 0 1 0 0 1 1 3 5758 456
0x0000723b3d8f3240 0x0000000233ecf240 0 0 1 0 1 1 3 5758 448
0x0000723b3d8f32c0 0x0000000233ecf2c0 0 0 1 0 1 1 3 5758 456
0x0000723b3d8f3340 0x0000000233ecf340 0 1 1 0 1 1 3 5758 448
0x0000723b3d8f33c0 0x0000000233ecf3c0 0 1 1 0 1 1 3 5758 456
0x0000723b3d8f3440 0x0000000233ecf440 0 0 0 0 1 1 3 5758 464
0x0000723b3d8f34c0 0x0000000233ecf4c0 0 0 0 0 1 1 3 5758 472
0x0000723b3d8f3540 0x0000000233ecf540 0 1 0 0 1 1 3 5758 464
0x0000723b3d8f35c0 0x0000000233ecf5c0 0 1 0 0 1 1 3 5758 472
0x0000723b3d8f3640 0x0000000233ecf640 0 0 1 0 1 1 3 5758 464
0x0000723b3d8f36c0 0x0000000233ecf6c0 0 0 1 0 1 1 3 5758 472
0x0000723b3d8f3740 0x0000000233ecf740 0 1 1 0 1 1 3 5758 464
0x0000723b3d8f37c0 0x0000000233ecf7c0 0 1 1 0 1 1 3 5758 472
0x0000723b3d8f3840 0x0000000233ecf840 0 0 0 0 1 1 3 5758 480
0x0000723b3d8f38c0 0x0000000233ecf8c0 0 0 0 0 1 1 3 5758 488
0x0000723b3d8f3940 0x0000000233ecf940 0 1 0 0 1 1 3 5758 480
0x0000723b3d8f39c0 0x0000000233ecf9c0 0 1 0 0 1 1 3 5758 488
0x0000723b3d8f3a40 0x0000000233ecfa40 0 0 1 0 1 1 3 5758 480
0x0000723b3d8f3ac0 0x0000000233ecfac0 0 0 1 0 1 1 3 5758 488
0x0000723b3d8f3b40 0x0000000233ecfb40 0 1 1 0 1 1 3 5758 480
0x0000723b3d8f3bc0 0x0000000233ecfbc0 0 1 1 0 1 1 3 5758 488
0x0000723b3d8f3c40 0x0000000233ecfc40 0 0 0 0 1 1 3 5758 496
0x0000723b3d8f3cc0 0x0000000233ecfcc0 0 0 0 0 1 1 3 5758 504
0x0000723b3d8f3d40 0x0000000233ecfd40 0 1 0 0 1 1 3 5758 496
0x0000723b3d8f3dc0 0x0000000233ecfdc0 0 1 0 0 1 1 3 5758 504
0x0000723b3d8f3e40 0x0000000233ecfe40 0 0 1 0 1 1 3 5758 496
0x0000723b3d8f3ec0 0x0000000233ecfec0 0 0 1 0 1 1 3 5758 504
0x0000723b3d8f3f40 0x0000000233ecff40 0 1 1 0 1 1 3 5758 496
0x0000723b3d8f3fc0 0x0000000233ecffc0 0 1 1 0 1 1 3 5758 504
0x0000723b3d8fe040 0x0000000825ec6040 0 0 0 0 0 1 3 29886 384
0x0000723b3d8fe0c0 0x0000000825ec60c0 0 0 0 0 0 1 3 29886 392
0x0000723b3d8fe140 0x0000000825ec6140 0 1 0 0 0 1 3 29886 384
0x0000723b3d8fe1c0 0x0000000825ec61c0 0 1 0 0 0 1 3 29886 392
0x0000723b3d8fe240 0x0000000825ec6240 0 0 1 0 0 1 3 29886 384
0x0000723b3d8fe2c0 0x0000000825ec62c0 0 0 1 0 0 1 3 29886 392
0x0000723b3d8fe340 0x0000000825ec6340 0 1 1 0 0 1 3 29886 384
0x0000723b3d8fe3c0 0x0000000825ec63c0 0 1 1 0 0 1 3 29886 392
0x0000723b3d8fe440 0x0000000825ec6440 0 0 0 0 0 1 3 29886 400
0x0000723b3d8fe4c0 0x0000000825ec64c0 0 0 0 0 0 1 3 29886 408
0x0000723b3d8fe540 0x0000000825ec6540 0 1 0 0 0 1 3 29886 400
0x0000723b3d8fe5c0 0x0000000825ec65c0 0 1 0 0 0 1 3 29886 408
0x0000723b3d8fe640 0x0000000825ec6640 0 0 1 0 0 1 3 29886 400
0x0000723b3d8fe6c0 0x0000000825ec66c0 0 0 1 0 0 1 3 29886 408
0x0000723b3d8fe740 0x0000000825ec6740 0 1 1 0 0 1 3 29886 400
0x0000723b3d8fe7c0 0x0000000825ec67c0 0 1 1 0 0 1 3 29886 408
0x0000723b3d8fe840 0x0000000825ec6840 0 0 0 0 0 1 3 29886 416
0x0000723b3d8fe8c0 0x0000000825ec68c0 0 0 0 0 0 1 3 29886 424
0x0000723b3d8fe940 0x0000000825ec6940 0 1 0 0 0 1 3 29886 416
0x0000723b3d8fe9c0 0x0000000825ec69c0 0 1 0 0 0 1 3 29886 424
0x0000723b3d8fea40 0x0000000825ec6a40 0 0 1 0 0 1 3 29886 416
0x0000723b3d8feac0 0x0000000825ec6ac0 0 0 1 0 0 1 3 29886 424
0x0000723b3d8feb40 0x0000000825ec6b40 0 1 1 0 0 1 3 29886 416
0x0000723b3d8febc0 0x0000000825ec6bc0 0 1 1 0 0 1 3 29886 424
0x0000723b3d8fec40 0x0000000825ec6c40 0 0 0 0 0 1 3 29886 432
0x0000723b3d8fecc0 0x0000000825ec6cc0 0 0 0 0 0 1 3 29886 440
0x0000723b3d8fed40 0x0000000825ec6d40 0 1 0 0 0 1 3 29886 432
0x0000723b3d8fedc0 0x0000000825ec6dc0 0 1 0 0 0 1 3 29886 440
0x0000723b3d8fee40 0x0000000825ec6e40 0 0 1 0 0 1 3 29886 432
0x0000723b3d8feec0 0x0000000825ec6ec0 0 0 1 0 0 1 3 29886 440
0x0000723b3d8fef40 0x0000000825ec6f40 0 1 1 0 0 1 3 29886 432
0x0000723b3d8fefc0 0x0000000825ec6fc0 0 1 1 0 0 1 3 29886 440
0x0000723b3d903040 0x00000002d6e80040 0 0 0 0 0 1 3 10956 0
0x0000723b3d9030c0 0x00000002d6e800c0 0 0 0 0 0 1 3 10956 8
0x0000723b3d903140 0x00000002d6e80140 0 1 0 0 0 1 3 10956 0
0x0000723b3d9031c0 0x00000002d6e801c0 0 1 0 0 0 1 3 10956 8
0x0000723b3d903240 0x00000002d6e80240 0 0 1 0 0 1 3 10956 0
0x0000723b3d9032c0 0x00000002d6e802c0 0 0 1 0 0 1 3 10956 8
0x0000723b3d903340 0x00000002d6e80340 0 1 1 0 0 1 3 10956 0
0x0000723b3d9033c0 0x00000002d6e803c0 0 1 1 0 0 1 3 10956 8
0x0000723b3d903440 0x00000002d6e80440 0 0 0 0 0 1 3 10956 16
0x0000723b3d9034c0 0x00000002d6e804c0 0 0 0 0 0 1 3 10956 24
0x0000723b3d903540 0x00000002d6e80540 0 1 0 0 0 1 3 10956 16
0x0000723b3d9035c0 0x00000002d6e805c0 0 1 0 0 0 1 3 10956 24
0x0000723b3d903640 0x00000002d6e80640 0 0 1 0 0 1 3 10956 16
0x0000723b3d9036c0 0x00000002d6e806c0 0 0 1 0 0 1 3 10956 24
0x0000723b3d903740 0x00000002d6e80740 0 1 1 0 0 1 3 10956 16
0x0000723b3d9037c0 0x00000002d6e807c0 0 1 1 0 0 1 3 10956 24
0x0000723b3d903840 0x00000002d6e80840 0 0 0 0 0 1 3 10956 32
0x0000723b3d9038c0 0x00000002d6e808c0 0 0 0 0 0 1 3 10956 40
0x0000723b3d903940 0x00000002d6e80940 0 1 0 0 0 1 3 10956 32
0x0000723b3d9039c0 0x00000002d6e809c0 0 1 0 0 0 1 3 10956 40
0x0000723b3d903a40 0x00000002d6e80a40 0 0 1 0 0 1 3 10956 32
0x0000723b3d903ac0 0x00000002d6e80ac0 0 0 1 0 0 1 3 10956 40
0x0000723b3d903b40 0x00000002d6e80b40 0 1 1 0 0 1 3 10956 32
0x0000723b3d903bc0 0x00000002d6e80bc0 0 1 1 0 0 1 3 10956 40
0x0000723b3d903c40 0x00000002d6e80c40 0 0 0 0 0 1 3 10956 48
0x0000723b3d903cc0 0x00000002d6e80cc0 0 0 0 0 0 1 3 10956 56
0x0000723b3d903d40 0x00000002d6e80d40 0 1 0 0 0 1 3 10956 48
0x0000723b3d903dc0 0x00000002d6e80dc0 0 1 0 0 0 1 3 10956 56
0x0000723b3d903e40 0x00000002d6e80e40 0 0 1 0 0 1 3 10956 48
0x0000723b3d903ec0 0x00000002d6e80ec0 0 0 1 0 0 1 3 10956 56
0x0000723b3d903f40 0x00000002d6e80f40 0 1 1 0 0 1 3 10956 48
0x0000723b3d903fc0 0x00000002d6e80fc0 0 1 1 0 0 1 3 10956 56
0x0000723b3d90e040 0x0000000cb4665040 0 0 0 0 0 1 3 50819 320
0x0000723b3d90e0c0 0x0000000cb46650c0 0 0 0 0 0 1 3 50819 328
0x0000723b3d90e140 0x0000000cb4665140 0 1 0 0 0 1 3 50819 320
0x0000723b3d90e1c0 0x0000000cb46651c0 0 1 0 0 0 1 3 50819 328
0x0000723b3d90e240 0x0000000cb4665240 0 0 1 0 0 1 3 50819 320
0x0000723b3d90e2c0 0x0000000cb46652c0 0 0 1 0 0 1 3 50819 328
0x0000723b3d90e340 0x0000000cb4665340 0 1 1 0 0 1 3 50819 320
0x0000723b3d90e3c0 0x0000000cb46653c0 0 1 1 0 0 1 3 50819 328
0x0000723b3d90e440 0x0000000cb4665440 0 0 0 0 0 1 3 50819 336
0x0000723b3d90e4c0 0x0000000cb46654c0 0 0 0 0 0 1 3 50819 344
0x0000723b3d90e540 0x0000000cb4665540 0 1 0 0 0 1 3 50819 336
0x0000723b3d90e5c0 0x0000000cb46655c0 0 1 0 0 0 1 3 50819 344
0x0000723b3d90e640 0x0000000cb4665640 0 0 1 0 0 1 3 50819 336
0x0000723b3d90e6c0 0x0000000cb46656c0 0 0 1 0 0 1 3 50819 344
0x0000723b3d90e740 0x0000000cb4665740 0 1 1 0 0 1 3 50819 336
0x0000723b3d90e7c0 0x0000000cb46657c0 0 1 1 0 0 1 3 50819 344
0x0000723b3d90e840 0x0000000cb4665840 0 0 0 0 0 1 3 50819 352
0x0000723b3d90e8c0 0x0000000cb46658c0 0 0 0 0 0 1 3 50819 360
0x0000723b3d90e940 0x0000000cb4665940 0 1 0 0 0 1 3 50819 352
0x0000723b3d90e9c0 0x0000000cb46659c0 0 1 0 0 0 1 3 50819 360
0x0000723b3d90ea40 0x0000000cb4665a40 0 0 1 0 0 1 3 50819 352
0x0000723b3d90eac0 0x0000000cb4665ac0 0 0 1 0 0 1 3 50819 360
0x0000723b3d90eb40 0x0000000cb4665b40 0 1 1 0 0 1 3 50819 352
0x0000723b3d90ebc0 0x0000000cb4665bc0 0 1 1 0 0 1 3 50819 360
0x0000723b3d90ec40 0x0000000cb4665c40 0 0 0 0 0 1 3 50819 368
0x0000723b3d90ecc0 0x0000000cb4665cc0 0 0 0 0 0 1 3 50819 376
0x0000723b3d90ed40 0x0000000cb4665d40 0 1 0 0 0 1 3 50819 368
0x0000723b3d90edc0 0x0000000cb4665dc0 0 1 0 0 0 1 3 50819 376
0x0000723b3d90ee40 0x0000000cb4665e40 0 0 1 0 0 1 3 50819 368
0x0000723b3d90eec0 0x0000000cb4665ec0 0 0 1 0 0 1 3 50819 376
0x0000723b3d90ef40 0x0000000cb4665f40 0 1 1 0 0 1 3 50819 368
0x0000723b3d90efc0 0x0000000cb4665fc0 0 1 1 0 0 1 3 50819 376
0x0000723b3d90f040 0x000000084b690040 0 0 0 0 0 1 3 31092 512
0x0000723b3d90f0c0 0x000000084b6900c0 0 0 0 0 0 1 3 31092 520
0x0000723b3d90f140 0x000000084b690140 0 1 0 0 0 1 3 31092 512
0x0000723b3d90f1c0 0x000000084b6901c0 0 1 0 0 0 1 3 31092 520
0x0000723b3d90f240 0x000000084b690240 0 0 1 0 0 1 3 31092 512
0x0000723b3d90f2c0 0x000000084b6902c0 0 0 1 0 0 1 3 31092 520
0x0000723b3d90f340 0x000000084b690340 0 1 1 0 0 1 3 31092 512
0x0000723b3d90f3c0 0x000000084b6903c0 0 1 1 0 0 1 3 31092 520
0x0000723b3d90f440 0x000000084b690440 0 0 0 0 0 1 3 31092 528
0x0000723b3d90f4c0 0x000000084b6904c0 0 0 0 0 0 1 3 31092 536
0x0000723b3d90f540 0x000000084b690540 0 1 0 0 0 1 3 31092 528
0x0000723b3d90f5c0 0x000000084b6905c0 0 1 0 0 0 1 3 31092 536
0x0000723b3d90f640 0x000000084b690640 0 0 1 0 0 1 3 31092 528
0x0000723b3d90f6c0 0x000000084b6906c0 0 0 1 0 0 1 3 31092 536
0x0000723b3d90f740 0x000000084b690740 0 1 1 0 0 1 3 31092 528
0x0000723b3d90f7c0 0x000000084b6907c0 0 1 1 0 0 1 3 31092 536
0x0000723b3d90f840 0x000000084b690840 0 0 0 0 0 1 3 31092 544
0x0000723b3d90f8c0 0x000000084b6908c0 0 0 0 0 0 1 3 31092 552
0x0000723b3d90f940 0x000000084b690940 0 1 0 0 0 1 3 31092 544
0x0000723b3d90f9c0 0x000000084b6909c0 0 1 0 0 0 1 3 31092 552
0x0000723b3d90fa40 0x000000084b690a40 0 0 1 0 0 1 3 31092 544
0x0000723b3d90fac0 0x000000084b690ac0 0 0 1 0 0 1 3 31092 552
0x0000723b3d90fb40 0x000000084b690b40 0 1 1 0 0 1 3 31092 544
0x0000723b3d90fbc0 0x000000084b690bc0 0 1 1 0 0 1 3 31092 552
0x0000723b3d90fc40 0x000000084b690c40 0 0 0 0 0 1 3 31092 560
0x0000723b3d90fcc0 0x000000084b690cc0 0 0 0 0 0 1 3 31092 568
0x0000723b3d90fd40 0x000000084b690d40 0 1 0 0 0 1 3 31092 560
0x0000723b3d90fdc0 0x000000084b690dc0 0 1 0 0 0 1 3 31092 568
0x0000723b3d90fe40 0x000000084b690e40 0 0 1 0 0 1 3 31092 560
0x0000723b3d90fec0 0x000000084b690ec0 0 0 1 0 0 1 3 31092 568
0x0000723b3d90ff40 0x000000084b690f40 0 1 1 0 0 1 3 31092 560
0x0000723b3d90ffc0 0x000000084b690fc0 0 1 1 0 0 1 3 31092 568
0x0000723b3d928040 0x00000001f76e9040 0 0 0 0 1 1 3 7911 64
0x0000723b3d9280c0 0x00000001f76e90c0 0 0 0 0 1 1 3 7911 72
0x0000723b3d928140 0x00000001f76e9140 0 1 0 0 1 1 3 7911 64
0x0000723b3d9281c0 0x00000001f76e91c0 0 1 0 0 1 1 3 7911 72
0x0000723b3d928240 0x00000001f76e9240 0 0 1 0 1 1 3 7911 64
0x0000723b3d9282c0 0x00000001f76e92c0 0 0 1 0 1 1 3 7911 72
0x0000723b3d928340 0x00000001f76e9340 0 1 1 0 1 1 3 7911 64
0x0000723b3d9283c0 0x00000001f76e93c0 0 1 1 0 1 1 3 7911 72
0x0000723b3d928440 0x00000001f76e9440 0 0 0 0 1 1 3 7911 80
0x0000723b3d9284c0 0x00000001f76e94c0 0 0 0 0 1 1 3 7911 88
0x0000723b3d928540 0x00000001f76e9540 0 1 0 0 1 1 3 7911 80
0x0000723b3d9285c0 0x00000001f76e95c0 0 1 0 0 1 1 3 7911 88
0x0000723b3d928640 0x00000001f76e9640 0 0 1 0 1 1 3 7911 80
0x0000723b3d9286c0 0x00000001f76e96c0 0 0 1 0 1 1 3 7911 88
0x0000723b3d928740 0x00000001f76e9740 0 1 1 0 1 1 3 7911 80
0x0000723b3d9287c0 0x00000001f76e97c0 0 1 1 0 1 1 3 7911 88
0x0000723b3d928840 0x00000001f76e9840 0 0 0 0 1 1 3 7911 96
0x0000723b3d9288c0 0x00000001f76e98c0 0 0 0 0 1 1 3 7911 104
0x0000723b3d928940 0x00000001f76e9940 0 1 0 0 1 1 3 7911 96
0x0000723b3d9289c0 0x00000001f76e99c0 0 1 0 0 1 1 3 7911 104
0x0000723b3d928a40 0x00000001f76e9a40 0 0 1 0 1 1 3 7911 96
0x0000723b3d928ac0 0x00000001f76e9ac0 0 0 1 0 1 1 3 7911 104
0x0000723b3d928b40 0x00000001f76e9b40 0 1 1 0 1 1 3 7911 96
0x0000723b3d928bc0 0x00000001f76e9bc0 0 1 1 0 1 1 3 7911 104
0x0000723b3d928c40 0x00000001f76e9c40 0 0 0 0 1 1 3 7911 112
0x0000723b3d928cc0 0x00000001f76e9cc0 0 0 0 0 1 1 3 7911 120
0x0000723b3d928d40 0x00000001f76e9d40 0 1 0 0 1 1 3 7911 112
0x0000723b3d928dc0 0x00000001f76e9dc0 0 1 0 0 1 1 3 7911 120
0x0000723b3d928e40 0x00000001f76e9e40 0 0 1 0 1 1 3 7911 112
0x0000723b3d928ec0 0x00000001f76e9ec0 0 0 1 0 1 1 3 7911 120
0x0000723b3d928f40 0x00000001f76e9f40 0 1 1 0 1 1 3 7911 112
0x0000723b3d928fc0 0x00000001f76e9fc0 0 1 1 0 1 1 3 7911 120
0x0000723b3d939040 0x000000037de3d040 0 0 0 0 1 1 3 12217 832
0x0000723b3d9390c0 0x000000037de3d0c0 0 0 0 0 1 1 3 12217 840
0x0000723b3d939140 0x000000037de3d140 0 1 0 0 1 1 3 12217 832
0x0000723b3d9391c0 0x000000037de3d1c0 0 1 0 0 1 1 3 12217 840
0x0000723b3d939240 0x000000037de3d240 0 0 1 0 1 1 3 12217 832
0x0000723b3d9392c0 0x000000037de3d2c0 0 0 1 0 1 1 3 12217 840
0x0000723b3d939340 0x000000037de3d340 0 1 1 0 1 1 3 12217 832
0x0000723b3d9393c0 0x000000037de3d3c0 0 1 1 0 1 1 3 12217 840
0x0000723b3d939440 0x000000037de3d440 0 0 0 0 1 1 3 12217 848
0x0000723b3d9394c0 0x000000037de3d4c0 0 0 0 0 1 1 3 12217 856
0x0000723b3d939540 0x000000037de3d540 0 1 0 0 1 1 3 12217 848
0x0000723b3d9395c0 0x000000037de3d5c0 0 1 0 0 1 1 3 12217 856
0x0000723b3d939640 0x000000037de3d640 0 0 1 0 1 1 3 12217 848
0x0000723b3d9396c0 0x000000037de3d6c0 0 0 1 0 1 1 3 12217 856
0x0000723b3d939740 0x000000037de3d740 0 1 1 0 1 1 3 12217 848
0x0000723b3d9397c0 0x000000037de3d7c0 0 1 1 0 1 1 3 12217 856
0x0000723b3d939840 0x000000037de3d840 0 0 0 0 1 1 3 12217 864
0x0000723b3d9398c0 0x000000037de3d8c0 0 0 0 0 1 1 3 12217 872
0x0000723b3d939940 0x000000037de3d940 0 1 0 0 1 1 3 12217 864
0x0000723b3d9399c0 0x000000037de3d9c0 0 1 0 0 1 1 3 12217 872
0x0000723b3d939a40 0x000000037de3da40 0 0 1 0 1 1 3 12217 864
0x0000723b3d939ac0 0x000000037de3dac0 0 0 1 0 1 1 3 12217 872
0x0000723b3d939b40 0x000000037de3db40 0 1 1 0 1 1 3 12217 864
0x0000723b3d939bc0 0x000000037de3dbc0 0 1 1 0 1 1 3 12217 872
0x0000723b3d939c40 0x000000037de3dc40 0 0 0 0 1 1 3 12217 880
0x0000723b3d939cc0 0x000000037de3dcc0 0 0 0 0 1 1 3 12217 888
0x0000723b3d939d40 0x000000037de3dd40 0 1 0 0 1 1 3 12217 880
0x0000723b3d939dc0 0x000000037de3ddc0 0 1 0 0 1 1 3 12217 888
0x0000723b3d939e40 0x000000037de3de40 0 0 1 0 1 1 3 12217 880
0x0000723b3d939ec0 0x000000037de3dec0 0 0 1 0 1 1 3 12217 888
0x0000723b3d939f40 0x000000037de3df40 0 1 1 0 1 1 3 12217 880
0x0000723b3d939fc0 0x000000037de3dfc0 0 1 1 0 1 1 3 12217 888
0x0000723b3d944040 0x00000009ace4f040 0 0 0 0 1 1 3 38282 448
0x0000723b3d9440c0 0x00000009ace4f0c0 0 0 0 0 1 1 3 38282 456
0x0000723b3d944140 0x00000009ace4f140 0 1 0 0 1 1 3 38282 448
0x0000723b3d9441c0 0x00000009ace4f1c0 0 1 0 0 1 1 3 38282 456
0x0000723b3d944240 0x00000009ace4f240 0 0 1 0 1 1 3 38282 448
0x0000723b3d9442c0 0x00000009ace4f2c0 0 0 1 0 1 1 3 38282 456
0x0000723b3d944340 0x00000009ace4f340 0 1 1 0 1 1 3 38282 448
0x0000723b3d9443c0 0x00000009ace4f3c0 0 1 1 0 1 1 3 38282 456
0x0000723b3d944440 0x00000009ace4f440 0 0 0 0 1 1 3 38282 464
0x0000723b3d9444c0 0x00000009ace4f4c0 0 0 0 0 1 1 3 38282 472
0x0000723b3d944540 0x00000009ace4f540 0 1 0 0 1 1 3 38282 464
0x0000723b3d9445c0 0x00000009ace4f5c0 0 1 0 0 1 1 3 38282 472
0x0000723b3d944640 0x00000009ace4f640 0 0 1 0 1 1 3 38282 464
0x0000723b3d9446c0 0x00000009ace4f6c0 0 0 1 0 1 1 3 38282 472
0x0000723b3d944740 0x00000009ace4f740 0 1 1 0 1 1 3 38282 464
0x0000723b3d9447c0 0x00000009ace4f7c0 0 1 1 0 1 1 3 38282 472
0x0000723b3d944840 0x00000009ace4f840 0 0 0 0 1 1 3 38282 480
0x0000723b3d9448c0 0x00000009ace4f8c0 0 0 0 0 1 1 3 38282 488
0x0000723b3d944940 0x00000009ace4f940 0 1 0 0 1 1 3 38282 480
0x0000723b3d9449c0 0x00000009ace4f9c0 0 1 0 0 1 1 3 38282 488
0x0000723b3d944a40 0x00000009ace4fa40 0 0 1 0 1 1 3 38282 480
0x0000723b3d944ac0 0x00000009ace4fac0 0 0 1 0 1 1 3 38282 488
0x0000723b3d944b40 0x00000009ace4fb40 0 1 1 0 1 1 3 38282 480
0x0000723b3d944bc0 0x00000009ace4fbc0 0 1 1 0 1 1 3 38282 488
0x0000723b3d944c40 0x00000009ace4fc40 0 0 0 0 1 1 3 38282 496
0x0000723b3d944cc0 0x00000009ace4fcc0 0 0 0 0 1 1 3 38282 504
0x0000723b3d944d40 0x00000009ace4fd40 0 1 0 0 1 1 3 38282 496
0x0000723b3d944dc0 0x00000009ace4fdc0 0 1 0 0 1 1 3 38282 504
0x0000723b3d944e40 0x00000009ace4fe40 0 0 1 0 1 1 3 38282 496
0x0000723b3d944ec0 0x00000009ace4fec0 0 0 1 0 1 1 3 38282 504
0x0000723b3d944f40 0x00000009ace4ff40 0 1 1 0 1 1 3 38282 496
0x0000723b3d944fc0 0x00000009ace4ffc0 0 1 1 0 1 1 3 38282 504
0x0000723b3d946040 0x0000000909689040 0 0 0 0 1 1 3 33076 64
0x0000723b3d9460c0 0x00000009096890c0 0 0 0 0 1 1 3 33076 72
0x0000723b3d946140 0x0000000909689140 0 1 0 0 1 1 3 33076 64
0x0000723b3d9461c0 0x00000009096891c0 0 1 0 0 1 1 3 33076 72
0x0000723b3d946240 0x0000000909689240 0 0 1 0 1 1 3 33076 64
0x0000723b3d9462c0 0x00000009096892c0 0 0 1 0 1 1 3 33076 72
0x0000723b3d946340 0x0000000909689340 0 1 1 0 1 1 3 33076 64
0x0000723b3d9463c0 0x00000009096893c0 0 1 1 0 1 1 3 33076 72
0x0000723b3d946440 0x0000000909689440 0 0 0 0 1 1 3 33076 80
0x0000723b3d9464c0 0x00000009096894c0 0 0 0 0 1 1 3 33076 88
0x0000723b3d946540 0x0000000909689540 0 1 0 0 1 1 3 33076 80
0x0000723b3d9465c0 0x00000009096895c0 0 1 0 0 1 1 3 33076 88
0x0000723b3d946640 0x0000000909689640 0 0 1 0 1 1 3 33076 80
0x0000723b3d9466c0 0x00000009096896c0 0 0 1 0 1 1 3 33076 88
0x0000723b3d946740 0x0000000909689740 0 1 1 0 1 1 3 33076 80
0x0000723b3d9467c0 0x00000009096897c0 0 1 1 0 1 1 3 33076 88
0x0000723b3d946840 0x0000000909689840 0 0 0 0 1 1 3 33076 96
0x0000723b3d9468c0 0x00000009096898c0 0 0 0 0 1 1 3 33076 104
0x0000723b3d946940 0x0000000909689940 0 1 0 0 1 1 3 33076 96
0x0000723b3d9469c0 0x00000009096899c0 0 1 0 0 1 1 3 33076 104
0x0000723b3d946a40 0x0000000909689a40 0 0 1 0 1 1 3 33076 96
0x0000723b3d946ac0 0x0000000909689ac0 0 0 1 0 1 1 3 33076 104
0x0000723b3d946b40 0x0000000909689b40 0 1 1 0 1 1 3 33076 96
0x0000723b3d946bc0 0x0000000909689bc0 0 1 1 0 1 1 3 33076 104
0x0000723b3d946c40 0x0000000909689c40 0 0 0 0 1 1 3 33076 112
0x0000723b3d946cc0 0x0000000909689cc0 0 0 0 0 1 1 3 33076 120
0x0000723b3d946d40 0x0000000909689d40 0 1 0 0 1 1 3 33076 112
0x0000723b3d946dc0 0x0000000909689dc0 0 1 0 0 1 1 3 33076 120
0x0000723b3d946e40 0x0000000909689e40 0 0 1 0 1 1 3 33076 112
0x0000723b3d946ec0 0x0000000909689ec0 0 0 1 0 1 1 3 33076 120
0x0000723b3d946f40 0x0000000909689f40 0 1 1 0 1 1 3 33076 112
0x0000723b3d946fc0 0x0000000909689fc0 0 1 1 0 1 1 3 33076 120
0x0000723b3d948040 0x00000001f7e6c040 0 0 0 0 1 1 3 7915 256
0x0000723b3d9480c0 0x00000001f7e6c0c0 0 0 0 0 1 1 3 7915 264
0x0000723b3d948140 0x00000001f7e6c140 0 1 0 0 1 1 3 7915 256
0x0000723b3d9481c0 0x00000001f7e6c1c0 0 1 0 0 1 1 3 7915 264
0x0000723b3d948240 0x00000001f7e6c240 0 0 1 0 1 1 3 7915 256
0x0000723b3d9482c0 0x00000001f7e6c2c0 0 0 1 0 1 1 3 7915 264
0x0000723b3d948340 0x00000001f7e6c340 0 1 1 0 1 1 3 7915 256
0x0000723b3d9483c0 0x00000001f7e6c3c0 0 1 1 0 1 1 3 7915 264
0x0000723b3d948440 0x00000001f7e6c440 0 0 0 0 1 1 3 7915 272
0x0000723b3d9484c0 0x00000001f7e6c4c0 0 0 0 0 1 1 3 7915 280
0x0000723b3d948540 0x00000001f7e6c540 0 1 0 0 1 1 3 7915 272
0x0000723b3d9485c0 0x00000001f7e6c5c0 0 1 0 0 1 1 3 7915 280
0x0000723b3d948640 0x00000001f7e6c640 0 0 1 0 1 1 3 7915 272
0x0000723b3d9486c0 0x00000001f7e6c6c0 0 0 1 0 1 1 3 7915 280
0x0000723b3d948740 0x00000001f7e6c740 0 1 1 0 1 1 3 7915 272
0x0000723b3d9487c0 0x00000001f7e6c7c0 0 1 1 0 1 1 3 7915 280
0x0000723b3d948840 0x00000001f7e6c840 0 0 0 0 1 1 3 7915 288
0x0000723b3d9488c0 0x00000001f7e6c8c0 0 0 0 0 1 1 3 7915 296
0x0000723b3d948940 0x00000001f7e6c940 0 1 0 0 1 1 3 7915 288
0x0000723b3d9489c0 0x00000001f7e6c9c0 0 1 0 0 1 1 3 7915 296
0x0000723b3d948a40 0x00000001f7e6ca40 0 0 1 0 1 1 3 7915 288
0x0000723b3d948ac0 0x00000001f7e6cac0 0 0 1 0 1 1 3 7915 296
0x0000723b3d948b40 0x00000001f7e6cb40 0 1 1 0 1 1 3 7915 288
0x0000723b3d948bc0 0x00000001f7e6cbc0 0 1 1 0 1 1 3 7915 296
0x0000723b3d948c40 0x00000001f7e6cc40 0 0 0 0 1 1 3 7915 304
0x0000723b3d948cc0 0x00000001f7e6ccc0 0 0 0 0 1 1 3 7915 312
0x0000723b3d948d40 0x00000001f7e6cd40 0 1 0 0 1 1 3 7915 304
0x0000723b3d948dc0 0x00000001f7e6cdc0 0 1 0 0 1 1 3 7915 312
0x0000723b3d948e40 0x00000001f7e6ce40 0 0 1 0 1 1 3 7915 304
0x0000723b3d948ec0 0x00000001f7e6cec0 0 0 1 0 1 1 3 7915 312
0x0000723b3d948f40 0x00000001f7e6cf40 0 1 1 0 1 1 3 7915 304
0x0000723b3d948fc0 0x00000001f7e6cfc0 0 1 1 0 1 1 3 7915 312
0x0000723b3d94b040 0x0000000684634040 0 0 0 0 0 1 3 24705 768
0x0000723b3d94b0c0 0x00000006846340c0 0 0 0 0 0 1 3 24705 776
0x0000723b3d94b140 0x0000000684634140 0 1 0 0 0 1 3 24705 768
0x0000723b3d94b1c0 0x00000006846341c0 0 1 0 0 0 1 3 24705 776
0x0000723b3d94b240 0x0000000684634240 0 0 1 0 0 1 3 24705 768
0x0000723b3d94b2c0 0x00000006846342c0 0 0 1 0 0 1 3 24705 776
0x0000723b3d94b340 0x0000000684634340 0 1 1 0 0 1 3 24705 768
0x0000723b3d94b3c0 0x00000006846343c0 0 1 1 0 0 1 3 24705 776
0x0000723b3d94b440 0x0000000684634440 0 0 0 0 0 1 3 24705 784
0x0000723b3d94b4c0 0x00000006846344c0 0 0 0 0 0 1 3 24705 792
0x0000723b3d94b540 0x0000000684634540 0 1 0 0 0 1 3 24705 784
0x0000723b3d94b5c0 0x00000006846345c0 0 1 0 0 0 1 3 24705 792
0x0000723b3d94b640 0x0000000684634640 0 0 1 0 0 1 3 24705 784
0x0000723b3d94b6c0 0x00000006846346c0 0 0 1 0 0 1 3 24705 792
0x0000723b3d94b740 0x0000000684634740 0 1 1 0 0 1 3 24705 784
0x0000723b3d94b7c0 0x00000006846347c0 0 1 1 0 0 1 3 24705 792
0x0000723b3d94b840 0x0000000684634840 0 0 0 0 0 1 3 24705 800
0x0000723b3d94b8c0 0x00000006846348c0 0 0 0 0 0 1 3 24705 808
0x0000723b3d94b940 0x0000000684634940 0 1 0 0 0 1 3 24705 800
0x0000723b3d94b9c0 0x00000006846349c0 0 1 0 0 0 1 3 24705 808
0x0000723b3d94ba40 0x0000000684634a40 0 0 1 0 0 1 3 24705 800
0x0000723b3d94bac0 0x0000000684634ac0 0 0 1 0 0 1 3 24705 808
0x0000723b3d94bb40 0x0000000684634b40 0 1 1 0 0 1 3 24705 800
0x0000723b3d94bbc0 0x0000000684634bc0 0 1 1 0 0 1 3 24705 808
0x0000723b3d94bc40 0x0000000684634c40 0 0 0 0 0 1 3 24705 816
0x0000723b3d94bcc0 0x0000000684634cc0 0 0 0 0 0 1 3 24705 824
0x0000723b3d94bd40 0x0000000684634d40 0 1 0 0 0 1 3 24705 816
0x0000723b3d94bdc0 0x0000000684634dc0 0 1 0 0 0 1 3 24705 824
0x0000723b3d94be40 0x0000000684634e40 0 0 1 0 0 1 3 24705 816
0x0000723b3d94bec0 0x0000000684634ec0 0 0 1 0 0 1 3 24705 824
0x0000723b3d94bf40 0x0000000684634f40 0 1 1 0 0 1 3 24705 816
0x0000723b3d94bfc0 0x0000000684634fc0 0 1 1 0 0 1 3 24705 824
0x0000723b3d954040 0x00000001f36d2040 0 0 0 0 0 1 3 7782 640
0x0000723b3d9540c0 0x00000001f36d20c0 0 0 0 0 0 1 3 7782 648
0x0000723b3d954140 0x00000001f36d2140 0 1 0 0 0 1 3 7782 640
0x0000723b3d9541c0 0x00000001f36d21c0 0 1 0 0 0 1 3 7782 648
0x0000723b3d954240 0x00000001f36d2240 0 0 1 0 0 1 3 7782 640
0x0000723b3d9542c0 0x00000001f36d22c0 0 0 1 0 0 1 3 7782 648
0x0000723b3d954340 0x00000001f36d2340 0 1 1 0 0 1 3 7782 640
0x0000723b3d9543c0 0x00000001f36d23c0 0 1 1 0 0 1 3 7782 648
0x0000723b3d954440 0x00000001f36d2440 0 0 0 0 0 1 3 7782 656
0x0000723b3d9544c0 0x00000001f36d24c0 0 0 0 0 0 1 3 7782 664
0x0000723b3d954540 0x00000001f36d2540 0 1 0 0 0 1 3 7782 656
0x0000723b3d9545c0 0x00000001f36d25c0 0 1 0 0 0 1 3 7782 664
0x0000723b3d954640 0x00000001f36d2640 0 0 1 0 0 1 3 7782 656
0x0000723b3d9546c0 0x00000001f36d26c0 0 0 1 0 0 1 3 7782 664
0x0000723b3d954740 0x00000001f36d2740 0 1 1 0 0 1 3 7782 656
0x0000723b3d9547c0 0x00000001f36d27c0 0 1 1 0 0 1 3 7782 664
0x0000723b3d954840 0x00000001f36d2840 0 0 0 0 0 1 3 7782 672
0x0000723b3d9548c0 0x00000001f36d28c0 0 0 0 0 0 1 3 7782 680
0x0000723b3d954940 0x00000001f36d2940 0 1 0 0 0 1 3 7782 672
0x0000723b3d9549c0 0x00000001f36d29c0 0 1 0 0 0 1 3 7782 680
0x0000723b3d954a40 0x00000001f36d2a40 0 0 1 0 0 1 3 7782 672
0x0000723b3d954ac0 0x00000001f36d2ac0 0 0 1 0 0 1 3 7782 680
0x0000723b3d954b40 0x00000001f36d2b40 0 1 1 0 0 1 3 7782 672
0x0000723b3d954bc0 0x00000001f36d2bc0 0 1 1 0 0 1 3 7782 680
0x0000723b3d954c40 0x00000001f36d2c40 0 0 0 0 0 1 3 7782 688
0x0000723b3d954cc0 0x00000001f36d2cc0 0 0 0 0 0 1 3 7782 696
0x0000723b3d954d40 0x00000001f36d2d40 0 1 0 0 0 1 3 7782 688
0x0000723b3d954dc0 0x00000001f36d2dc0 0 1 0 0 0 1 3 7782 696
0x0000723b3d954e40 0x00000001f36d2e40 0 0 1 0 0 1 3 7782 688
0x0000723b3d954ec0 0x00000001f36d2ec0 0 0 1 0 0 1 3 7782 696
0x0000723b3d954f40 0x00000001f36d2f40 0 1 1 0 0 1 3 7782 688
0x0000723b3d954fc0 0x00000001f36d2fc0 0 1 1 0 0 1 3 7782 696
0x0000723b3d957040 0x00000004b4648040 0 0 0 0 1 1 3 18050 0
0x0000723b3d9570c0 0x00000004b46480c0 0 0 0 0 1 1 3 18050 8
0x0000723b3d957140 0x00000004b4648140 0 1 0 0 1 1 3 18050 0
0x0000723b3d9571c0 0x00000004b46481c0 0 1 0 0 1 1 3 18050 8
0x0000723b3d957240 0x00000004b4648240 0 0 1 0 1 1 3 18050 0
0x0000723b3d9572c0 0x00000004b46482c0 0 0 1 0 1 1 3 18050 8
0x0000723b3d957340 0x00000004b4648340 0 1 1 0 1 1 3 18050 0
0x0000723b3d9573c0 0x00000004b46483c0 0 1 1 0 1 1 3 18050 8
0x0000723b3d957440 0x00000004b4648440 0 0 0 0 1 1 3 18050 16
0x0000723b3d9574c0 0x00000004b46484c0 0 0 0 0 1 1 3 18050 24
0x0000723b3d957540 0x00000004b4648540 0 1 0 0 1 1 3 18050 16
0x0000723b3d9575c0 0x00000004b46485c0 0 1 0 0 1 1 3 18050 24
0x0000723b3d957640 0x00000004b4648640 0 0 1 0 1 1 3 18050 16
0x0000723b3d9576c0 0x00000004b46486c0 0 0 1 0 1 1 3 18050 24
0x0000723b3d957740 0x00000004b4648740 0 1 1 0 1 1 3 18050 16
0x0000723b3d9577c0 0x00000004b46487c0 0 1 1 0 1 1 3 18050 24
0x0000723b3d957840 0x00000004b4648840 0 0 0 0 1 1 3 18050 32
0x0000723b3d9578c0 0x00000004b46488c0 0 0 0 0 1 1 3 18050 40
0x0000723b3d957940 0x00000004b4648940 0 1 0 0 1 1 3 18050 32
0x0000723b3d9579c0 0x00000004b46489c0 0 1 0 0 1 1 3 18050 40
0x0000723b3d957a40 0x00000004b4648a40 0 0 1 0 1 1 3 18050 32
0x0000723b3d957ac0 0x00000004b4648ac0 0 0 1 0 1 1 3 18050 40
0x0000723b3d957b40 0x00000004b4648b40 0 1 1 0 1 1 3 18050 32
0x0000723b3d957bc0 0x00000004b4648bc0 0 1 1 0 1 1 3 18050 40
0x0000723b3d957c40 0x00000004b4648c40 0 0 0 0 1 1 3 18050 48
0x0000723b3d957cc0 0x00000004b4648cc0 0 0 0 0 1 1 3 18050 56
0x0000723b3d957d40 0x00000004b4648d40 0 1 0 0 1 1 3 18050 48
0x0000723b3d957dc0 0x00000004b4648dc0 0 1 0 0 1 1 3 18050 56
0x0000723b3d957e40 0x00000004b4648e40 0 0 1 0 1 1 3 18050 48
0x0000723b3d957ec0 0x00000004b4648ec0 0 0 1 0 1 1 3 18050 56
0x0000723b3d957f40 0x00000004b4648f40 0 1 1 0 1 1 3 18050 48
0x0000723b3d957fc0 0x00000004b4648fc0 0 1 1 0 1 1 3 18050 56
0x0000723b3d95b040 0x00000001c66bd040 0 0 0 0 1 1 3 6341 832
0x0000723b3d95b0c0 0x00000001c66bd0c0 0 0 0 0 1 1 3 6341 840
0x0000723b3d95b140 0x00000001c66bd140 0 1 0 0 1 1 3 6341 832
0x0000723b3d95b1c0 0x00000001c66bd1c0 0 1 0 0 1 1 3 6341 840
0x0000723b3d95b240 0x00000001c66bd240 0 0 1 0 1 1 3 6341 832
0x0000723b3d95b2c0 0x00000001c66bd2c0 0 0 1 0 1 1 3 6341 840
0x0000723b3d95b340 0x00000001c66bd340 0 1 1 0 1 1 3 6341 832
0x0000723b3d95b3c0 0x00000001c66bd3c0 0 1 1 0 1 1 3 6341 840
0x0000723b3d95b440 0x00000001c66bd440 0 0 0 0 1 1 3 6341 848
0x0000723b3d95b4c0 0x00000001c66bd4c0 0 0 0 0 1 1 3 6341 856
0x0000723b3d95b540 0x00000001c66bd540 0 1 0 0 1 1 3 6341 848
0x0000723b3d95b5c0 0x00000001c66bd5c0 0 1 0 0 1 1 3 6341 856
0x0000723b3d95b640 0x00000001c66bd640 0 0 1 0 1 1 3 6341 848
0x0000723b3d95b6c0 0x00000001c66bd6c0 0 0 1 0 1 1 3 6341 856
0x0000723b3d95b740 0x00000001c66bd740 0 1 1 0 1 1 3 6341 848
0x0000723b3d95b7c0 0x00000001c66bd7c0 0 1 1 0 1 1 3 6341 856
0x0000723b3d95b840 0x00000001c66bd840 0 0 0 0 1 1 3 6341 864
0x0000723b3d95b8c0 0x00000001c66bd8c0 0 0 0 0 1 1 3 6341 872
0x0000723b3d95b940 0x00000001c66bd940 0 1 0 0 1 1 3 6341 864
0x0000723b3d95b9c0 0x00000001c66bd9c0 0 1 0 0 1 1 3 6341 872
0x0000723b3d95ba40 0x00000001c66bda40 0 0 1 0 1 1 3 6341 864
0x0000723b3d95bac0 0x00000001c66bdac0 0 0 1 0 1 1 3 6341 872
0x0000723b3d95bb40 0x00000001c66bdb40 0 1 1 0 1 1 3 6341 864
0x0000723b3d95bbc0 0x00000001c66bdbc0 0 1 1 0 1 1 3 6341 872
0x0000723b3d95bc40 0x00000001c66bdc40 0 0 0 0 1 1 3 6341 880
0x0000723b3d95bcc0 0x00000001c66bdcc0 0 0 0 0 1 1 3 6341 888
0x0000723b3d95bd40 0x00000001c66bdd40 0 1 0 0 1 1 3 6341 880
0x0000723b3d95bdc0 0x00000001c66bddc0 0 1 0 0 1 1 3 6341 888
0x0000723b3d95be40 0x00000001c66bde40 0 0 1 0 1 1 3 6341 880
0x0000723b3d95bec0 0x00000001c66bdec0 0 0 1 0 1 1 3 6341 888
0x0000723b3d95bf40 0x00000001c66bdf40 0 1 1 0 1 1 3 6341 880
0x0000723b3d95bfc0 0x00000001c66bdfc0 0 1 1 0 1 1 3 6341 888
0x0000723b3d95d040 0x00000002e2e36040 0 0 0 0 0 1 3 11337 896
0x0000723b3d95d0c0 0x00000002e2e360c0 0 0 0 0 0 1 3 11337 904
0x0000723b3d95d140 0x00000002e2e36140 0 1 0 0 0 1 3 11337 896
0x0000723b3d95d1c0 0x00000002e2e361c0 0 1 0 0 0 1 3 11337 904
0x0000723b3d95d240 0x00000002e2e36240 0 0 1 0 0 1 3 11337 896
0x0000723b3d95d2c0 0x00000002e2e362c0 0 0 1 0 0 1 3 11337 904
0x0000723b3d95d340 0x00000002e2e36340 0 1 1 0 0 1 3 11337 896
0x0000723b3d95d3c0 0x00000002e2e363c0 0 1 1 0 0 1 3 11337 904
0x0000723b3d95d440 0x00000002e2e36440 0 0 0 0 0 1 3 11337 912
0x0000723b3d95d4c0 0x00000002e2e364c0 0 0 0 0 0 1 3 11337 920
0x0000723b3d95d540 0x00000002e2e36540 0 1 0 0 0 1 3 11337 912
0x0000723b3d95d5c0 0x00000002e2e365c0 0 1 0 0 0 1 3 11337 920
0x0000723b3d95d640 0x00000002e2e36640 0 0 1 0 0 1 3 11337 912
0x0000723b3d95d6c0 0x00000002e2e366c0 0 0 1 0 0 1 3 11337 920
0x0000723b3d95d740 0x00000002e2e36740 0 1 1 0 0 1 3 11337 912
0x0000723b3d95d7c0 0x00000002e2e367c0 0 1 1 0 0 1 3 11337 920
0x0000723b3d95d840 0x00000002e2e36840 0 0 0 0 0 1 3 11337 928
0x0000723b3d95d8c0 0x00000002e2e368c0 0 0 0 0 0 1 3 11337 936
0x0000723b3d95d940 0x00000002e2e36940 0 1 0 0 0 1 3 11337 928
0x0000723b3d95d9c0 0x00000002e2e369c0 0 1 0 0 0 1 3 11337 936
0x0000723b3d95da40 0x00000002e2e36a40 0 0 1 0 0 1 3 11337 928
0x0000723b3d95dac0 0x00000002e2e36ac0 0 0 1 0 0 1 3 11337 936
0x0000723b3d95db40 0x00000002e2e36b40 0 1 1 0 0 1 3 11337 928
0x0000723b3d95dbc0 0x00000002e2e36bc0 0 1 1 0 0 1 3 11337 936
0x0000723b3d95dc40 0x00000002e2e36c40 0 0 0 0 0 1 3 11337 944
0x0000723b3d95dcc0 0x00000002e2e36cc0 0 0 0 0 0 1 3 11337 952
0x0000723b3d95dd40 0x00000002e2e36d40 0 1 0 0 0 1 3 11337 944
0x0000723b3d95ddc0 0x00000002e2e36dc0 0 1 0 0 0 1 3 11337 952
0x0000723b3d95de40 0x00000002e2e36e40 0 0 1 0 0 1 3 11337 944
0x0000723b3d95dec0 0x00000002e2e36ec0 0 0 1 0 0 1 3 11337 952
0x0000723b3d95df40 0x00000002e2e36f40 0 1 1 0 0 1 3 11337 944
0x0000723b3d95dfc0 0x00000002e2e36fc0 0 1 1 0 0 1 3 11337 952
0x0000723b3d964040 0x000000078f68f040 0 0 0 0 1 1 3 29156 448
0x0000723b3d9640c0 0x000000078f68f0c0 0 0 0 0 1 1 3 29156 456
0x0000723b3d964140 0x000000078f68f140 0 1 0 0 1 1 3 29156 448
0x0000723b3d9641c0 0x000000078f68f1c0 0 1 0 0 1 1 3 29156 456
0x0000723b3d964240 0x000000078f68f240 0 0 1 0 1 1 3 29156 448
0x0000723b3d9642c0 0x000000078f68f2c0 0 0 1 0 1 1 3 29156 456
0x0000723b3d964340 0x000000078f68f340 0 1 1 0 1 1 3 29156 448
0x0000723b3d9643c0 0x000000078f68f3c0 0 1 1 0 1 1 3 29156 456
0x0000723b3d964440 0x000000078f68f440 0 0 0 0 1 1 3 29156 464
0x0000723b3d9644c0 0x000000078f68f4c0 0 0 0 0 1 1 3 29156 472
0x0000723b3d964540 0x000000078f68f540 0 1 0 0 1 1 3 29156 464
0x0000723b3d9645c0 0x000000078f68f5c0 0 1 0 0 1 1 3 29156 472
0x0000723b3d964640 0x000000078f68f640 0 0 1 0 1 1 3 29156 464
0x0000723b3d9646c0 0x000000078f68f6c0 0 0 1 0 1 1 3 29156 472
0x0000723b3d964740 0x000000078f68f740 0 1 1 0 1 1 3 29156 464
0x0000723b3d9647c0 0x000000078f68f7c0 0 1 1 0 1 1 3 29156 472
0x0000723b3d964840 0x000000078f68f840 0 0 0 0 1 1 3 29156 480
0x0000723b3d9648c0 0x000000078f68f8c0 0 0 0 0 1 1 3 29156 488
0x0000723b3d964940 0x000000078f68f940 0 1 0 0 1 1 3 29156 480
0x0000723b3d9649c0 0x000000078f68f9c0 0 1 0 0 1 1 3 29156 488
0x0000723b3d964a40 0x000000078f68fa40 0 0 1 0 1 1 3 29156 480
0x0000723b3d964ac0 0x000000078f68fac0 0 0 1 0 1 1 3 29156 488
0x0000723b3d964b40 0x000000078f68fb40 0 1 1 0 1 1 3 29156 480
0x0000723b3d964bc0 0x000000078f68fbc0 0 1 1 0 1 1 3 29156 488
0x0000723b3d964c40 0x000000078f68fc40 0 0 0 0 1 1 3 29156 496
0x0000723b3d964cc0 0x000000078f68fcc0 0 0 0 0 1 1 3 29156 504
0x0000723b3d964d40 0x000000078f68fd40 0 1 0 0 1 1 3 29156 496
0x0000723b3d964dc0 0x000000078f68fdc0 0 1 0 0 1 1 3 29156 504
0x0000723b3d964e40 0x000000078f68fe40 0 0 1 0 1 1 3 29156 496
0x0000723b3d964ec0 0x000000078f68fec0 0 0 1 0 1 1 3 29156 504
0x0000723b3d964f40 0x000000078f68ff40 0 1 1 0 1 1 3 29156 496
0x0000723b3d964fc0 0x000000078f68ffc0 0 1 1 0 1 1 3 29156 504
0x0000723b3d97a040 0x00000007da6fd040 0 0 0 0 1 1 3 31559 832
0x0000723b3d97a0c0 0x00000007da6fd0c0 0 0 0 0 1 1 3 31559 840
0x0000723b3d97a140 0x00000007da6fd140 0 1 0 0 1 1 3 31559 832
0x0000723b3d97a1c0 0x00000007da6fd1c0 0 1 0 0 1 1 3 31559 840
0x0000723b3d97a240 0x00000007da6fd240 0 0 1 0 1 1 3 31559 832
0x0000723b3d97a2c0 0x00000007da6fd2c0 0 0 1 0 1 1 3 31559 840
0x0000723b3d97a340 0x00000007da6fd340 0 1 1 0 1 1 3 31559 832
0x0000723b3d97a3c0 0x00000007da6fd3c0 0 1 1 0 1 1 3 31559 840
0x0000723b3d97a440 0x00000007da6fd440 0 0 0 0 1 1 3 31559 848
0x0000723b3d97a4c0 0x00000007da6fd4c0 0 0 0 0 1 1 3 31559 856
0x0000723b3d97a540 0x00000007da6fd540 0 1 0 0 1 1 3 31559 848
0x0000723b3d97a5c0 0x00000007da6fd5c0 0 1 0 0 1 1 3 31559 856
0x0000723b3d97a640 0x00000007da6fd640 0 0 1 0 1 1 3 31559 848
0x0000723b3d97a6c0 0x00000007da6fd6c0 0 0 1 0 1 1 3 31559 856
0x0000723b3d97a740 0x00000007da6fd740 0 1 1 0 1 1 3 31559 848
0x0000723b3d97a7c0 0x00000007da6fd7c0 0 1 1 0 1 1 3 31559 856
0x0000723b3d97a840 0x00000007da6fd840 0 0 0 0 1 1 3 31559 864
0x0000723b3d97a8c0 0x00000007da6fd8c0 0 0 0 0 1 1 3 31559 872
0x0000723b3d97a940 0x00000007da6fd940 0 1 0 0 1 1 3 31559 864
0x0000723b3d97a9c0 0x00000007da6fd9c0 0 1 0 0 1 1 3 31559 872
0x0000723b3d97aa40 0x00000007da6fda40 0 0 1 0 1 1 3 31559 864
0x0000723b3d97aac0 0x00000007da6fdac0 0 0 1 0 1 1 3 31559 872
0x0000723b3d97ab40 0x00000007da6fdb40 0 1 1 0 1 1 3 31559 864
0x0000723b3d97abc0 0x00000007da6fdbc0 0 1 1 0 1 1 3 31559 872
0x0000723b3d97ac40 0x00000007da6fdc40 0 0 0 0 1 1 3 31559 880
0x0000723b3d97acc0 0x00000007da6fdcc0 0 0 0 0 1 1 3 31559 888
0x0000723b3d97ad40 0x00000007da6fdd40 0 1 0 0 1 1 3 31559 880
0x0000723b3d97adc0 0x00000007da6fddc0 0 1 0 0 1 1 3 31559 888
0x0000723b3d97ae40 0x00000007da6fde40 0 0 1 0 1 1 3 31559 880
0x0000723b3d97aec0 0x00000007da6fdec0 0 0 1 0 1 1 3 31559 888
0x0000723b3d97af40 0x00000007da6fdf40 0 1 1 0 1 1 3 31559 880
0x0000723b3d97afc0 0x00000007da6fdfc0 0 1 1 0 1 1 3 31559 888
0x0000723b3d97f040 0x000000090963d040 0 0 0 0 1 1 3 33073 832
0x0000723b3d97f0c0 0x000000090963d0c0 0 0 0 0 1 1 3 33073 840
0x0000723b3d97f140 0x000000090963d140 0 1 0 0 1 1 3 33073 832
0x0000723b3d97f1c0 0x000000090963d1c0 0 1 0 0 1 1 3 33073 840
0x0000723b3d97f240 0x000000090963d240 0 0 1 0 1 1 3 33073 832
0x0000723b3d97f2c0 0x000000090963d2c0 0 0 1 0 1 1 3 33073 840
0x0000723b3d97f340 0x000000090963d340 0 1 1 0 1 1 3 33073 832
0x0000723b3d97f3c0 0x000000090963d3c0 0 1 1 0 1 1 3 33073 840
0x0000723b3d97f440 0x000000090963d440 0 0 0 0 1 1 3 33073 848
0x0000723b3d97f4c0 0x000000090963d4c0 0 0 0 0 1 1 3 33073 856
0x0000723b3d97f540 0x000000090963d540 0 1 0 0 1 1 3 33073 848
0x0000723b3d97f5c0 0x000000090963d5c0 0 1 0 0 1 1 3 33073 856
0x0000723b3d97f640 0x000000090963d640 0 0 1 0 1 1 3 33073 848
0x0000723b3d97f6c0 0x000000090963d6c0 0 0 1 0 1 1 3 33073 856
0x0000723b3d97f740 0x000000090963d740 0 1 1 0 1 1 3 33073 848
0x0000723b3d97f7c0 0x000000090963d7c0 0 1 1 0 1 1 3 33073 856
0x0000723b3d97f840 0x000000090963d840 0 0 0 0 1 1 3 33073 864
0x0000723b3d97f8c0 0x000000090963d8c0 0 0 0 0 1 1 3 33073 872
0x0000723b3d97f940 0x000000090963d940 0 1 0 0 1 1 3 33073 864
0x0000723b3d97f9c0 0x000000090963d9c0 0 1 0 0 1 1 3 33073 872
0x0000723b3d97fa40 0x000000090963da40 0 0 1 0 1 1 3 33073 864
0x0000723b3d97fac0 0x000000090963dac0 0 0 1 0 1 1 3 33073 872
0x0000723b3d97fb40 0x000000090963db40 0 1 1 0 1 1 3 33073 864
0x0000723b3d97fbc0 0x000000090963dbc0 0 1 1 0 1 1 3 33073 872
0x0000723b3d97fc40 0x000000090963dc40 0 0 0 0 1 1 3 33073 880
0x0000723b3d97fcc0 0x000000090963dcc0 0 0 0 0 1 1 3 33073 888
0x0000723b3d97fd40 0x000000090963dd40 0 1 0 0 1 1 3 33073 880
0x0000723b3d97fdc0 0x000000090963ddc0 0 1 0 0 1 1 3 33073 888
0x0000723b3d97fe40 0x000000090963de40 0 0 1 0 1 1 3 33073 880
0x0000723b3d97fec0 0x000000090963dec0 0 0 1 0 1 1 3 33073 888
0x0000723b3d97ff40 0x000000090963df40 0 1 1 0 1 1 3 33073 880
0x0000723b3d97ffc0 0x000000090963dfc0 0 1 1 0 1 1 3 33073 888
0x0000723b3d9aa040 0x0000000cb1620040 0 0 0 0 0 1 3 50721 0
0x0000723b3d9aa0c0 0x0000000cb16200c0 0 0 0 0 0 1 3 50721 8
0x0000723b3d9aa140 0x0000000cb1620140 0 1 0 0 0 1 3 50721 0
0x0000723b3d9aa1c0 0x0000000cb16201c0 0 1 0 0 0 1 3 50721 8
0x0000723b3d9aa240 0x0000000cb1620240 0 0 1 0 0 1 3 50721 0
0x0000723b3d9aa2c0 0x0000000cb16202c0 0 0 1 0 0 1 3 50721 8
0x0000723b3d9aa340 0x0000000cb1620340 0 1 1 0 0 1 3 50721 0
0x0000723b3d9aa3c0 0x0000000cb16203c0 0 1 1 0 0 1 3 50721 8
0x0000723b3d9aa440 0x0000000cb1620440 0 0 0 0 0 1 3 50721 16
0x0000723b3d9aa4c0 0x0000000cb16204c0 0 0 0 0 0 1 3 50721 24
0x0000723b3d9aa540 0x0000000cb1620540 0 1 0 0 0 1 3 50721 16
0x0000723b3d9aa5c0 0x0000000cb16205c0 0 1 0 0 0 1 3 50721 24
0x0000723b3d9aa640 0x0000000cb1620640 0 0 1 0 0 1 3 50721 16
0x0000723b3d9aa6c0 0x0000000cb16206c0 0 0 1 0 0 1 3 50721 24
0x0000723b3d9aa740 0x0000000cb1620740 0 1 1 0 0 1 3 50721 16
0x0000723b3d9aa7c0 0x0000000cb16207c0 0 1 1 0 0 1 3 50721 24
0x0000723b3d9aa840 0x0000000cb1620840 0 0 0 0 0 1 3 50721 32
0x0000723b3d9aa8c0 0x0000000cb16208c0 0 0 0 0 0 1 3 50721 40
0x0000723b3d9aa940 0x0000000cb1620940 0 1 0 0 0 1 3 50721 32
0x0000723b3d9aa9c0 0x0000000cb16209c0 0 1 0 0 0 1 3 50721 40
0x0000723b3d9aaa40 0x0000000cb1620a40 0 0 1 0 0 1 3 50721 32
0x0000723b3d9aaac0 0x0000000cb1620ac0 0 0 1 0 0 1 3 50721 40
0x0000723b3d9aab40 0x0000000cb1620b40 0 1 1 0 0 1 3 50721 32
0x0000723b3d9aabc0 0x0000000cb1620bc0 0 1 1 0 0 1 3 50721 40
0x0000723b3d9aac40 0x0000000cb1620c40 0 0 0 0 0 1 3 50721 48
0x0000723b3d9aacc0 0x0000000cb1620cc0 0 0 0 0 0 1 3 50721 56
0x0000723b3d9aad40 0x0000000cb1620d40 0 1 0 0 0 1 3 50721 48
0x0000723b3d9aadc0 0x0000000cb1620dc0 0 1 0 0 0 1 3 50721 56
0x0000723b3d9aae40 0x0000000cb1620e40 0 0 1 0 0 1 3 50721 48
0x0000723b3d9aaec0 0x0000000cb1620ec0 0 0 1 0 0 1 3 50721 56
0x0000723b3d9aaf40 0x0000000cb1620f40 0 1 1 0 0 1 3 50721 48
0x0000723b3d9aafc0 0x0000000cb1620fc0 0 1 1 0 0 1 3 50721 56
0x0000723b3d9ac040 0x0000000cb1622040 0 0 0 0 0 1 3 50721 128
0x0000723b3d9ac0c0 0x0000000cb16220c0 0 0 0 0 0 1 3 50721 136
0x0000723b3d9ac140 0x0000000cb1622140 0 1 0 0 0 1 3 50721 128
0x0000723b3d9ac1c0 0x0000000cb16221c0 0 1 0 0 0 1 3 50721 136
0x0000723b3d9ac240 0x0000000cb1622240 0 0 1 0 0 1 3 50721 128
0x0000723b3d9ac2c0 0x0000000cb16222c0 0 0 1 0 0 1 3 50721 136
0x0000723b3d9ac340 0x0000000cb1622340 0 1 1 0 0 1 3 50721 128
0x0000723b3d9ac3c0 0x0000000cb16223c0 0 1 1 0 0 1 3 50721 136
0x0000723b3d9ac440 0x0000000cb1622440 0 0 0 0 0 1 3 50721 144
0x0000723b3d9ac4c0 0x0000000cb16224c0 0 0 0 0 0 1 3 50721 152
0x0000723b3d9ac540 0x0000000cb1622540 0 1 0 0 0 1 3 50721 144
0x0000723b3d9ac5c0 0x0000000cb16225c0 0 1 0 0 0 1 3 50721 152
0x0000723b3d9ac640 0x0000000cb1622640 0 0 1 0 0 1 3 50721 144
0x0000723b3d9ac6c0 0x0000000cb16226c0 0 0 1 0 0 1 3 50721 152
0x0000723b3d9ac740 0x0000000cb1622740 0 1 1 0 0 1 3 50721 144
0x0000723b3d9ac7c0 0x0000000cb16227c0 0 1 1 0 0 1 3 50721 152
0x0000723b3d9ac840 0x0000000cb1622840 0 0 0 0 0 1 3 50721 160
0x0000723b3d9ac8c0 0x0000000cb16228c0 0 0 0 0 0 1 3 50721 168
0x0000723b3d9ac940 0x0000000cb1622940 0 1 0 0 0 1 3 50721 160
0x0000723b3d9ac9c0 0x0000000cb16229c0 0 1 0 0 0 1 3 50721 168
0x0000723b3d9aca40 0x0000000cb1622a40 0 0 1 0 0 1 3 50721 160
0x0000723b3d9acac0 0x0000000cb1622ac0 0 0 1 0 0 1 3 50721 168
0x0000723b3d9acb40 0x0000000cb1622b40 0 1 1 0 0 1 3 50721 160
0x0000723b3d9acbc0 0x0000000cb1622bc0 0 1 1 0 0 1 3 50721 168
0x0000723b3d9acc40 0x0000000cb1622c40 0 0 0 0 0 1 3 50721 176
0x0000723b3d9accc0 0x0000000cb1622cc0 0 0 0 0 0 1 3 50721 184
0x0000723b3d9acd40 0x0000000cb1622d40 0 1 0 0 0 1 3 50721 176
0x0000723b3d9acdc0 0x0000000cb1622dc0 0 1 0 0 0 1 3 50721 184
0x0000723b3d9ace40 0x0000000cb1622e40 0 0 1 0 0 1 3 50721 176
0x0000723b3d9acec0 0x0000000cb1622ec0 0 0 1 0 0 1 3 50721 184
0x0000723b3d9acf40 0x0000000cb1622f40 0 1 1 0 0 1 3 50721 176
0x0000723b3d9acfc0 0x0000000cb1622fc0 0 1 1 0 0 1 3 50721 184
0x0000723b3d9ad040 0x0000000cb1621040 0 0 0 0 0 1 3 50721 64
0x0000723b3d9ad0c0 0x0000000cb16210c0 0 0 0 0 0 1 3 50721 72
0x0000723b3d9ad140 0x0000000cb1621140 0 1 0 0 0 1 3 50721 64
0x0000723b3d9ad1c0 0x0000000cb16211c0 0 1 0 0 0 1 3 50721 72
0x0000723b3d9ad240 0x0000000cb1621240 0 0 1 0 0 1 3 50721 64
0x0000723b3d9ad2c0 0x0000000cb16212c0 0 0 1 0 0 1 3 50721 72
0x0000723b3d9ad340 0x0000000cb1621340 0 1 1 0 0 1 3 50721 64
0x0000723b3d9ad3c0 0x0000000cb16213c0 0 1 1 0 0 1 3 50721 72
0x0000723b3d9ad440 0x0000000cb1621440 0 0 0 0 0 1 3 50721 80
0x0000723b3d9ad4c0 0x0000000cb16214c0 0 0 0 0 0 1 3 50721 88
0x0000723b3d9ad540 0x0000000cb1621540 0 1 0 0 0 1 3 50721 80
0x0000723b3d9ad5c0 0x0000000cb16215c0 0 1 0 0 0 1 3 50721 88
0x0000723b3d9ad640 0x0000000cb1621640 0 0 1 0 0 1 3 50721 80
0x0000723b3d9ad6c0 0x0000000cb16216c0 0 0 1 0 0 1 3 50721 88
0x0000723b3d9ad740 0x0000000cb1621740 0 1 1 0 0 1 3 50721 80
0x0000723b3d9ad7c0 0x0000000cb16217c0 0 1 1 0 0 1 3 50721 88
0x0000723b3d9ad840 0x0000000cb1621840 0 0 0 0 0 1 3 50721 96
0x0000723b3d9ad8c0 0x0000000cb16218c0 0 0 0 0 0 1 3 50721 104
0x0000723b3d9ad940 0x0000000cb1621940 0 1 0 0 0 1 3 50721 96
0x0000723b3d9ad9c0 0x0000000cb16219c0 0 1 0 0 0 1 3 50721 104
0x0000723b3d9ada40 0x0000000cb1621a40 0 0 1 0 0 1 3 50721 96
0x0000723b3d9adac0 0x0000000cb1621ac0 0 0 1 0 0 1 3 50721 104
0x0000723b3d9adb40 0x0000000cb1621b40 0 1 1 0 0 1 3 50721 96
0x0000723b3d9adbc0 0x0000000cb1621bc0 0 1 1 0 0 1 3 50721 104
0x0000723b3d9adc40 0x0000000cb1621c40 0 0 0 0 0 1 3 50721 112
0x0000723b3d9adcc0 0x0000000cb1621cc0 0 0 0 0 0 1 3 50721 120
0x0000723b3d9add40 0x0000000cb1621d40 0 1 0 0 0 1 3 50721 112
0x0000723b3d9addc0 0x0000000cb1621dc0 0 1 0 0 0 1 3 50721 120
0x0000723b3d9ade40 0x0000000cb1621e40 0 0 1 0 0 1 3 50721 112
0x0000723b3d9adec0 0x0000000cb1621ec0 0 0 1 0 0 1 3 50721 120
0x0000723b3d9adf40 0x0000000cb1621f40 0 1 1 0 0 1 3 50721 112
0x0000723b3d9adfc0 0x0000000cb1621fc0 0 1 1 0 0 1 3 50721 120
0x0000723b3d9af040 0x0000000cb1623040 0 0 0 0 0 1 3 50721 192
0x0000723b3d9af0c0 0x0000000cb16230c0 0 0 0 0 0 1 3 50721 200
0x0000723b3d9af140 0x0000000cb1623140 0 1 0 0 0 1 3 50721 192
0x0000723b3d9af1c0 0x0000000cb16231c0 0 1 0 0 0 1 3 50721 200
0x0000723b3d9af240 0x0000000cb1623240 0 0 1 0 0 1 3 50721 192
0x0000723b3d9af2c0 0x0000000cb16232c0 0 0 1 0 0 1 3 50721 200
0x0000723b3d9af340 0x0000000cb1623340 0 1 1 0 0 1 3 50721 192
0x0000723b3d9af3c0 0x0000000cb16233c0 0 1 1 0 0 1 3 50721 200
0x0000723b3d9af440 0x0000000cb1623440 0 0 0 0 0 1 3 50721 208
0x0000723b3d9af4c0 0x0000000cb16234c0 0 0 0 0 0 1 3 50721 216
0x0000723b3d9af540 0x0000000cb1623540 0 1 0 0 0 1 3 50721 208
0x0000723b3d9af5c0 0x0000000cb16235c0 0 1 0 0 0 1 3 50721 216
0x0000723b3d9af640 0x0000000cb1623640 0 0 1 0 0 1 3 50721 208
0x0000723b3d9af6c0 0x0000000cb16236c0 0 0 1 0 0 1 3 50721 216
0x0000723b3d9af740 0x0000000cb1623740 0 1 1 0 0 1 3 50721 208
0x0000723b3d9af7c0 0x0000000cb16237c0 0 1 1 0 0 1 3 50721 216
0x0000723b3d9af840 0x0000000cb1623840 0 0 0 0 0 1 3 50721 224
0x0000723b3d9af8c0 0x0000000cb16238c0 0 0 0 0 0 1 3 50721 232
0x0000723b3d9af940 0x0000000cb1623940 0 1 0 0 0 1 3 50721 224
0x0000723b3d9af9c0 0x0000000cb16239c0 0 1 0 0 0 1 3 50721 232
0x0000723b3d9afa40 0x0000000cb1623a40 0 0 1 0 0 1 3 50721 224
0x0000723b3d9afac0 0x0000000cb1623ac0 0 0 1 0 0 1 3 50721 232
0x0000723b3d9afb40 0x0000000cb1623b40 0 1 1 0 0 1 3 50721 224
0x0000723b3d9afbc0 0x0000000cb1623bc0 0 1 1 0 0 1 3 50721 232
0x0000723b3d9afc40 0x0000000cb1623c40 0 0 0 0 0 1 3 50721 240
0x0000723b3d9afcc0 0x0000000cb1623cc0 0 0 0 0 0 1 3 50721 248
0x0000723b3d9afd40 0x0000000cb1623d40 0 1 0 0 0 1 3 50721 240
0x0000723b3d9afdc0 0x0000000cb1623dc0 0 1 0 0 0 1 3 50721 248
0x0000723b3d9afe40 0x0000000cb1623e40 0 0 1 0 0 1 3 50721 240
0x0000723b3d9afec0 0x0000000cb1623ec0 0 0 1 0 0 1 3 50721 248
0x0000723b3d9aff40 0x0000000cb1623f40 0 1 1 0 0 1 3 50721 240
0x0000723b3d9affc0 0x0000000cb1623fc0 0 1 1 0 0 1 3 50721 248
0x0000723b3d9ba040 0x0000000715eb0040 0 0 0 0 0 1 3 25277 512
0x0000723b3d9ba0c0 0x0000000715eb00c0 0 0 0 0 0 1 3 25277 520
0x0000723b3d9ba140 0x0000000715eb0140 0 1 0 0 0 1 3 25277 512
0x0000723b3d9ba1c0 0x0000000715eb01c0 0 1 0 0 0 1 3 25277 520
0x0000723b3d9ba240 0x0000000715eb0240 0 0 1 0 0 1 3 25277 512
0x0000723b3d9ba2c0 0x0000000715eb02c0 0 0 1 0 0 1 3 25277 520
0x0000723b3d9ba340 0x0000000715eb0340 0 1 1 0 0 1 3 25277 512
0x0000723b3d9ba3c0 0x0000000715eb03c0 0 1 1 0 0 1 3 25277 520
0x0000723b3d9ba440 0x0000000715eb0440 0 0 0 0 0 1 3 25277 528
0x0000723b3d9ba4c0 0x0000000715eb04c0 0 0 0 0 0 1 3 25277 536
0x0000723b3d9ba540 0x0000000715eb0540 0 1 0 0 0 1 3 25277 528
0x0000723b3d9ba5c0 0x0000000715eb05c0 0 1 0 0 0 1 3 25277 536
0x0000723b3d9ba640 0x0000000715eb0640 0 0 1 0 0 1 3 25277 528
0x0000723b3d9ba6c0 0x0000000715eb06c0 0 0 1 0 0 1 3 25277 536
0x0000723b3d9ba740 0x0000000715eb0740 0 1 1 0 0 1 3 25277 528
0x0000723b3d9ba7c0 0x0000000715eb07c0 0 1 1 0 0 1 3 25277 536
0x0000723b3d9ba840 0x0000000715eb0840 0 0 0 0 0 1 3 25277 544
0x0000723b3d9ba8c0 0x0000000715eb08c0 0 0 0 0 0 1 3 25277 552
0x0000723b3d9ba940 0x0000000715eb0940 0 1 0 0 0 1 3 25277 544
0x0000723b3d9ba9c0 0x0000000715eb09c0 0 1 0 0 0 1 3 25277 552
0x0000723b3d9baa40 0x0000000715eb0a40 0 0 1 0 0 1 3 25277 544
0x0000723b3d9baac0 0x0000000715eb0ac0 0 0 1 0 0 1 3 25277 552
0x0000723b3d9bab40 0x0000000715eb0b40 0 1 1 0 0 1 3 25277 544
0x0000723b3d9babc0 0x0000000715eb0bc0 0 1 1 0 0 1 3 25277 552
0x0000723b3d9bac40 0x0000000715eb0c40 0 0 0 0 0 1 3 25277 560
0x0000723b3d9bacc0 0x0000000715eb0cc0 0 0 0 0 0 1 3 25277 568
0x0000723b3d9bad40 0x0000000715eb0d40 0 1 0 0 0 1 3 25277 560
0x0000723b3d9badc0 0x0000000715eb0dc0 0 1 0 0 0 1 3 25277 568
0x0000723b3d9bae40 0x0000000715eb0e40 0 0 1 0 0 1 3 25277 560
0x0000723b3d9baec0 0x0000000715eb0ec0 0 0 1 0 0 1 3 25277 568
0x0000723b3d9baf40 0x0000000715eb0f40 0 1 1 0 0 1 3 25277 560
0x0000723b3d9bafc0 0x0000000715eb0fc0 0 1 1 0 0 1 3 25277 568
0x0000723b3d9bc040 0x0000000715eb2040 0 0 0 0 0 1 3 25277 640
0x0000723b3d9bc0c0 0x0000000715eb20c0 0 0 0 0 0 1 3 25277 648
0x0000723b3d9bc140 0x0000000715eb2140 0 1 0 0 0 1 3 25277 640
0x0000723b3d9bc1c0 0x0000000715eb21c0 0 1 0 0 0 1 3 25277 648
0x0000723b3d9bc240 0x0000000715eb2240 0 0 1 0 0 1 3 25277 640
0x0000723b3d9bc2c0 0x0000000715eb22c0 0 0 1 0 0 1 3 25277 648
0x0000723b3d9bc340 0x0000000715eb2340 0 1 1 0 0 1 3 25277 640
0x0000723b3d9bc3c0 0x0000000715eb23c0 0 1 1 0 0 1 3 25277 648
0x0000723b3d9bc440 0x0000000715eb2440 0 0 0 0 0 1 3 25277 656
0x0000723b3d9bc4c0 0x0000000715eb24c0 0 0 0 0 0 1 3 25277 664
0x0000723b3d9bc540 0x0000000715eb2540 0 1 0 0 0 1 3 25277 656
0x0000723b3d9bc5c0 0x0000000715eb25c0 0 1 0 0 0 1 3 25277 664
0x0000723b3d9bc640 0x0000000715eb2640 0 0 1 0 0 1 3 25277 656
0x0000723b3d9bc6c0 0x0000000715eb26c0 0 0 1 0 0 1 3 25277 664
0x0000723b3d9bc740 0x0000000715eb2740 0 1 1 0 0 1 3 25277 656
0x0000723b3d9bc7c0 0x0000000715eb27c0 0 1 1 0 0 1 3 25277 664
0x0000723b3d9bc840 0x0000000715eb2840 0 0 0 0 0 1 3 25277 672
0x0000723b3d9bc8c0 0x0000000715eb28c0 0 0 0 0 0 1 3 25277 680
0x0000723b3d9bc940 0x0000000715eb2940 0 1 0 0 0 1 3 25277 672
0x0000723b3d9bc9c0 0x0000000715eb29c0 0 1 0 0 0 1 3 25277 680
0x0000723b3d9bca40 0x0000000715eb2a40 0 0 1 0 0 1 3 25277 672
0x0000723b3d9bcac0 0x0000000715eb2ac0 0 0 1 0 0 1 3 25277 680
0x0000723b3d9bcb40 0x0000000715eb2b40 0 1 1 0 0 1 3 25277 672
0x0000723b3d9bcbc0 0x0000000715eb2bc0 0 1 1 0 0 1 3 25277 680
0x0000723b3d9bcc40 0x0000000715eb2c40 0 0 0 0 0 1 3 25277 688
0x0000723b3d9bccc0 0x0000000715eb2cc0 0 0 0 0 0 1 3 25277 696
0x0000723b3d9bcd40 0x0000000715eb2d40 0 1 0 0 0 1 3 25277 688
0x0000723b3d9bcdc0 0x0000000715eb2dc0 0 1 0 0 0 1 3 25277 696
0x0000723b3d9bce40 0x0000000715eb2e40 0 0 1 0 0 1 3 25277 688
0x0000723b3d9bcec0 0x0000000715eb2ec0 0 0 1 0 0 1 3 25277 696
0x0000723b3d9bcf40 0x0000000715eb2f40 0 1 1 0 0 1 3 25277 688
0x0000723b3d9bcfc0 0x0000000715eb2fc0 0 1 1 0 0 1 3 25277 696
0x0000723b3d9bd040 0x0000000715eb1040 0 0 0 0 0 1 3 25277 576
0x0000723b3d9bd0c0 0x0000000715eb10c0 0 0 0 0 0 1 3 25277 584
0x0000723b3d9bd140 0x0000000715eb1140 0 1 0 0 0 1 3 25277 576
0x0000723b3d9bd1c0 0x0000000715eb11c0 0 1 0 0 0 1 3 25277 584
0x0000723b3d9bd240 0x0000000715eb1240 0 0 1 0 0 1 3 25277 576
0x0000723b3d9bd2c0 0x0000000715eb12c0 0 0 1 0 0 1 3 25277 584
0x0000723b3d9bd340 0x0000000715eb1340 0 1 1 0 0 1 3 25277 576
0x0000723b3d9bd3c0 0x0000000715eb13c0 0 1 1 0 0 1 3 25277 584
0x0000723b3d9bd440 0x0000000715eb1440 0 0 0 0 0 1 3 25277 592
0x0000723b3d9bd4c0 0x0000000715eb14c0 0 0 0 0 0 1 3 25277 600
0x0000723b3d9bd540 0x0000000715eb1540 0 1 0 0 0 1 3 25277 592
0x0000723b3d9bd5c0 0x0000000715eb15c0 0 1 0 0 0 1 3 25277 600
0x0000723b3d9bd640 0x0000000715eb1640 0 0 1 0 0 1 3 25277 592
0x0000723b3d9bd6c0 0x0000000715eb16c0 0 0 1 0 0 1 3 25277 600
0x0000723b3d9bd740 0x0000000715eb1740 0 1 1 0 0 1 3 25277 592
0x0000723b3d9bd7c0 0x0000000715eb17c0 0 1 1 0 0 1 3 25277 600
0x0000723b3d9bd840 0x0000000715eb1840 0 0 0 0 0 1 3 25277 608
0x0000723b3d9bd8c0 0x0000000715eb18c0 0 0 0 0 0 1 3 25277 616
0x0000723b3d9bd940 0x0000000715eb1940 0 1 0 0 0 1 3 25277 608
0x0000723b3d9bd9c0 0x0000000715eb19c0 0 1 0 0 0 1 3 25277 616
0x0000723b3d9bda40 0x0000000715eb1a40 0 0 1 0 0 1 3 25277 608
0x0000723b3d9bdac0 0x0000000715eb1ac0 0 0 1 0 0 1 3 25277 616
0x0000723b3d9bdb40 0x0000000715eb1b40 0 1 1 0 0 1 3 25277 608
0x0000723b3d9bdbc0 0x0000000715eb1bc0 0 1 1 0 0 1 3 25277 616
0x0000723b3d9bdc40 0x0000000715eb1c40 0 0 0 0 0 1 3 25277 624
0x0000723b3d9bdcc0 0x0000000715eb1cc0 0 0 0 0 0 1 3 25277 632
0x0000723b3d9bdd40 0x0000000715eb1d40 0 1 0 0 0 1 3 25277 624
0x0000723b3d9bddc0 0x0000000715eb1dc0 0 1 0 0 0 1 3 25277 632
0x0000723b3d9bde40 0x0000000715eb1e40 0 0 1 0 0 1 3 25277 624
0x0000723b3d9bdec0 0x0000000715eb1ec0 0 0 1 0 0 1 3 25277 632
0x0000723b3d9bdf40 0x0000000715eb1f40 0 1 1 0 0 1 3 25277 624
0x0000723b3d9bdfc0 0x0000000715eb1fc0 0 1 1 0 0 1 3 25277 632
0x0000723b3d9bf040 0x0000000715eb3040 0 0 0 0 0 1 3 25277 704
0x0000723b3d9bf0c0 0x0000000715eb30c0 0 0 0 0 0 1 3 25277 712
0x0000723b3d9bf140 0x0000000715eb3140 0 1 0 0 0 1 3 25277 704
0x0000723b3d9bf1c0 0x0000000715eb31c0 0 1 0 0 0 1 3 25277 712
0x0000723b3d9bf240 0x0000000715eb3240 0 0 1 0 0 1 3 25277 704
0x0000723b3d9bf2c0 0x0000000715eb32c0 0 0 1 0 0 1 3 25277 712
0x0000723b3d9bf340 0x0000000715eb3340 0 1 1 0 0 1 3 25277 704
0x0000723b3d9bf3c0 0x0000000715eb33c0 0 1 1 0 0 1 3 25277 712
0x0000723b3d9bf440 0x0000000715eb3440 0 0 0 0 0 1 3 25277 720
0x0000723b3d9bf4c0 0x0000000715eb34c0 0 0 0 0 0 1 3 25277 728
0x0000723b3d9bf540 0x0000000715eb3540 0 1 0 0 0 1 3 25277 720
0x0000723b3d9bf5c0 0x0000000715eb35c0 0 1 0 0 0 1 3 25277 728
0x0000723b3d9bf640 0x0000000715eb3640 0 0 1 0 0 1 3 25277 720
0x0000723b3d9bf6c0 0x0000000715eb36c0 0 0 1 0 0 1 3 25277 728
0x0000723b3d9bf740 0x0000000715eb3740 0 1 1 0 0 1 3 25277 720
0x0000723b3d9bf7c0 0x0000000715eb37c0 0 1 1 0 0 1 3 25277 728
0x0000723b3d9bf840 0x0000000715eb3840 0 0 0 0 0 1 3 25277 736
0x0000723b3d9bf8c0 0x0000000715eb38c0 0 0 0 0 0 1 3 25277 744
0x0000723b3d9bf940 0x0000000715eb3940 0 1 0 0 0 1 3 25277 736
0x0000723b3d9bf9c0 0x0000000715eb39c0 0 1 0 0 0 1 3 25277 744
0x0000723b3d9bfa40 0x0000000715eb3a40 0 0 1 0 0 1 3 25277 736
0x0000723b3d9bfac0 0x0000000715eb3ac0 0 0 1 0 0 1 3 25277 744
0x0000723b3d9bfb40 0x0000000715eb3b40 0 1 1 0 0 1 3 25277 736
0x0000723b3d9bfbc0 0x0000000715eb3bc0 0 1 1 0 0 1 3 25277 744
0x0000723b3d9bfc40 0x0000000715eb3c40 0 0 0 0 0 1 3 25277 752
0x0000723b3d9bfcc0 0x0000000715eb3cc0 0 0 0 0 0 1 3 25277 760
0x0000723b3d9bfd40 0x0000000715eb3d40 0 1 0 0 0 1 3 25277 752
0x0000723b3d9bfdc0 0x0000000715eb3dc0 0 1 0 0 0 1 3 25277 760
0x0000723b3d9bfe40 0x0000000715eb3e40 0 0 1 0 0 1 3 25277 752
0x0000723b3d9bfec0 0x0000000715eb3ec0 0 0 1 0 0 1 3 25277 760
0x0000723b3d9bff40 0x0000000715eb3f40 0 1 1 0 0 1 3 25277 752
0x0000723b3d9bffc0 0x0000000715eb3fc0 0 1 1 0 0 1 3 25277 760
0x0000723b3d9cd040 0x0000000c96e90040 0 0 0 0 0 1 3 49868 512
0x0000723b3d9cd0c0 0x0000000c96e900c0 0 0 0 0 0 1 3 49868 520
0x0000723b3d9cd140 0x0000000c96e90140 0 1 0 0 0 1 3 49868 512
0x0000723b3d9cd1c0 0x0000000c96e901c0 0 1 0 0 0 1 3 49868 520
0x0000723b3d9cd240 0x0000000c96e90240 0 0 1 0 0 1 3 49868 512
0x0000723b3d9cd2c0 0x0000000c96e902c0 0 0 1 0 0 1 3 49868 520
0x0000723b3d9cd340 0x0000000c96e90340 0 1 1 0 0 1 3 49868 512
0x0000723b3d9cd3c0 0x0000000c96e903c0 0 1 1 0 0 1 3 49868 520
0x0000723b3d9cd440 0x0000000c96e90440 0 0 0 0 0 1 3 49868 528
0x0000723b3d9cd4c0 0x0000000c96e904c0 0 0 0 0 0 1 3 49868 536
0x0000723b3d9cd540 0x0000000c96e90540 0 1 0 0 0 1 3 49868 528
0x0000723b3d9cd5c0 0x0000000c96e905c0 0 1 0 0 0 1 3 49868 536
0x0000723b3d9cd640 0x0000000c96e90640 0 0 1 0 0 1 3 49868 528
0x0000723b3d9cd6c0 0x0000000c96e906c0 0 0 1 0 0 1 3 49868 536
0x0000723b3d9cd740 0x0000000c96e90740 0 1 1 0 0 1 3 49868 528
0x0000723b3d9cd7c0 0x0000000c96e907c0 0 1 1 0 0 1 3 49868 536
0x0000723b3d9cd840 0x0000000c96e90840 0 0 0 0 0 1 3 49868 544
0x0000723b3d9cd8c0 0x0000000c96e908c0 0 0 0 0 0 1 3 49868 552
0x0000723b3d9cd940 0x0000000c96e90940 0 1 0 0 0 1 3 49868 544
0x0000723b3d9cd9c0 0x0000000c96e909c0 0 1 0 0 0 1 3 49868 552
0x0000723b3d9cda40 0x0000000c96e90a40 0 0 1 0 0 1 3 49868 544
0x0000723b3d9cdac0 0x0000000c96e90ac0 0 0 1 0 0 1 3 49868 552
0x0000723b3d9cdb40 0x0000000c96e90b40 0 1 1 0 0 1 3 49868 544
0x0000723b3d9cdbc0 0x0000000c96e90bc0 0 1 1 0 0 1 3 49868 552
0x0000723b3d9cdc40 0x0000000c96e90c40 0 0 0 0 0 1 3 49868 560
0x0000723b3d9cdcc0 0x0000000c96e90cc0 0 0 0 0 0 1 3 49868 568
0x0000723b3d9cdd40 0x0000000c96e90d40 0 1 0 0 0 1 3 49868 560
0x0000723b3d9cddc0 0x0000000c96e90dc0 0 1 0 0 0 1 3 49868 568
0x0000723b3d9cde40 0x0000000c96e90e40 0 0 1 0 0 1 3 49868 560
0x0000723b3d9cdec0 0x0000000c96e90ec0 0 0 1 0 0 1 3 49868 568
0x0000723b3d9cdf40 0x0000000c96e90f40 0 1 1 0 0 1 3 49868 560
0x0000723b3d9cdfc0 0x0000000c96e90fc0 0 1 1 0 0 1 3 49868 568
0x0000723b3d9d1040 0x000000056ced7040 0 0 0 0 0 1 3 19870 960
0x0000723b3d9d10c0 0x000000056ced70c0 0 0 0 0 0 1 3 19870 968
0x0000723b3d9d1140 0x000000056ced7140 0 1 0 0 0 1 3 19870 960
0x0000723b3d9d11c0 0x000000056ced71c0 0 1 0 0 0 1 3 19870 968
0x0000723b3d9d1240 0x000000056ced7240 0 0 1 0 0 1 3 19870 960
0x0000723b3d9d12c0 0x000000056ced72c0 0 0 1 0 0 1 3 19870 968
0x0000723b3d9d1340 0x000000056ced7340 0 1 1 0 0 1 3 19870 960
0x0000723b3d9d13c0 0x000000056ced73c0 0 1 1 0 0 1 3 19870 968
0x0000723b3d9d1440 0x000000056ced7440 0 0 0 0 0 1 3 19870 976
0x0000723b3d9d14c0 0x000000056ced74c0 0 0 0 0 0 1 3 19870 984
0x0000723b3d9d1540 0x000000056ced7540 0 1 0 0 0 1 3 19870 976
0x0000723b3d9d15c0 0x000000056ced75c0 0 1 0 0 0 1 3 19870 984
0x0000723b3d9d1640 0x000000056ced7640 0 0 1 0 0 1 3 19870 976
0x0000723b3d9d16c0 0x000000056ced76c0 0 0 1 0 0 1 3 19870 984
0x0000723b3d9d1740 0x000000056ced7740 0 1 1 0 0 1 3 19870 976
0x0000723b3d9d17c0 0x000000056ced77c0 0 1 1 0 0 1 3 19870 984
0x0000723b3d9d1840 0x000000056ced7840 0 0 0 0 0 1 3 19870 992
0x0000723b3d9d18c0 0x000000056ced78c0 0 0 0 0 0 1 3 19870 1000
0x0000723b3d9d1940 0x000000056ced7940 0 1 0 0 0 1 3 19870 992
0x0000723b3d9d19c0 0x000000056ced79c0 0 1 0 0 0 1 3 19870 1000
0x0000723b3d9d1a40 0x000000056ced7a40 0 0 1 0 0 1 3 19870 992
0x0000723b3d9d1ac0 0x000000056ced7ac0 0 0 1 0 0 1 3 19870 1000
0x0000723b3d9d1b40 0x000000056ced7b40 0 1 1 0 0 1 3 19870 992
0x0000723b3d9d1bc0 0x000000056ced7bc0 0 1 1 0 0 1 3 19870 1000
0x0000723b3d9d1c40 0x000000056ced7c40 0 0 0 0 0 1 3 19870 1008
0x0000723b3d9d1cc0 0x000000056ced7cc0 0 0 0 0 0 1 3 19870 1016
0x0000723b3d9d1d40 0x000000056ced7d40 0 1 0 0 0 1 3 19870 1008
0x0000723b3d9d1dc0 0x000000056ced7dc0 0 1 0 0 0 1 3 19870 1016
0x0000723b3d9d1e40 0x000000056ced7e40 0 0 1 0 0 1 3 19870 1008
0x0000723b3d9d1ec0 0x000000056ced7ec0 0 0 1 0 0 1 3 19870 1016
0x0000723b3d9d1f40 0x000000056ced7f40 0 1 1 0 0 1 3 19870 1008
0x0000723b3d9d1fc0 0x000000056ced7fc0 0 1 1 0 0 1 3 19870 1016
0x0000723b3d9db040 0x0000000e41e03040 0 0 0 0 0 1 3 55352 192
0x0000723b3d9db0c0 0x0000000e41e030c0 0 0 0 0 0 1 3 55352 200
0x0000723b3d9db140 0x0000000e41e03140 0 1 0 0 0 1 3 55352 192
0x0000723b3d9db1c0 0x0000000e41e031c0 0 1 0 0 0 1 3 55352 200
0x0000723b3d9db240 0x0000000e41e03240 0 0 1 0 0 1 3 55352 192
0x0000723b3d9db2c0 0x0000000e41e032c0 0 0 1 0 0 1 3 55352 200
0x0000723b3d9db340 0x0000000e41e03340 0 1 1 0 0 1 3 55352 192
0x0000723b3d9db3c0 0x0000000e41e033c0 0 1 1 0 0 1 3 55352 200
0x0000723b3d9db440 0x0000000e41e03440 0 0 0 0 0 1 3 55352 208
0x0000723b3d9db4c0 0x0000000e41e034c0 0 0 0 0 0 1 3 55352 216
0x0000723b3d9db540 0x0000000e41e03540 0 1 0 0 0 1 3 55352 208
0x0000723b3d9db5c0 0x0000000e41e035c0 0 1 0 0 0 1 3 55352 216
0x0000723b3d9db640 0x0000000e41e03640 0 0 1 0 0 1 3 55352 208
0x0000723b3d9db6c0 0x0000000e41e036c0 0 0 1 0 0 1 3 55352 216
0x0000723b3d9db740 0x0000000e41e03740 0 1 1 0 0 1 3 55352 208
0x0000723b3d9db7c0 0x0000000e41e037c0 0 1 1 0 0 1 3 55352 216
0x0000723b3d9db840 0x0000000e41e03840 0 0 0 0 0 1 3 55352 224
0x0000723b3d9db8c0 0x0000000e41e038c0 0 0 0 0 0 1 3 55352 232
0x0000723b3d9db940 0x0000000e41e03940 0 1 0 0 0 1 3 55352 224
0x0000723b3d9db9c0 0x0000000e41e039c0 0 1 0 0 0 1 3 55352 232
0x0000723b3d9dba40 0x0000000e41e03a40 0 0 1 0 0 1 3 55352 224
0x0000723b3d9dbac0 0x0000000e41e03ac0 0 0 1 0 0 1 3 55352 232
0x0000723b3d9dbb40 0x0000000e41e03b40 0 1 1 0 0 1 3 55352 224
0x0000723b3d9dbbc0 0x0000000e41e03bc0 0 1 1 0 0 1 3 55352 232
0x0000723b3d9dbc40 0x0000000e41e03c40 0 0 0 0 0 1 3 55352 240
0x0000723b3d9dbcc0 0x0000000e41e03cc0 0 0 0 0 0 1 3 55352 248
0x0000723b3d9dbd40 0x0000000e41e03d40 0 1 0 0 0 1 3 55352 240
0x0000723b3d9dbdc0 0x0000000e41e03dc0 0 1 0 0 0 1 3 55352 248
0x0000723b3d9dbe40 0x0000000e41e03e40 0 0 1 0 0 1 3 55352 240
0x0000723b3d9dbec0 0x0000000e41e03ec0 0 0 1 0 0 1 3 55352 248
0x0000723b3d9dbf40 0x0000000e41e03f40 0 1 1 0 0 1 3 55352 240
0x0000723b3d9dbfc0 0x0000000e41e03fc0 0 1 1 0 0 1 3 55352 248
0x0000723b3d9e6040 0x0000000a95e2a040 0 0 0 0 1 1 3 41641 128
0x0000723b3d9e60c0 0x0000000a95e2a0c0 0 0 0 0 1 1 3 41641 136
0x0000723b3d9e6140 0x0000000a95e2a140 0 1 0 0 1 1 3 41641 128
0x0000723b3d9e61c0 0x0000000a95e2a1c0 0 1 0 0 1 1 3 41641 136
0x0000723b3d9e6240 0x0000000a95e2a240 0 0 1 0 1 1 3 41641 128
0x0000723b3d9e62c0 0x0000000a95e2a2c0 0 0 1 0 1 1 3 41641 136
0x0000723b3d9e6340 0x0000000a95e2a340 0 1 1 0 1 1 3 41641 128
0x0000723b3d9e63c0 0x0000000a95e2a3c0 0 1 1 0 1 1 3 41641 136
0x0000723b3d9e6440 0x0000000a95e2a440 0 0 0 0 1 1 3 41641 144
0x0000723b3d9e64c0 0x0000000a95e2a4c0 0 0 0 0 1 1 3 41641 152
0x0000723b3d9e6540 0x0000000a95e2a540 0 1 0 0 1 1 3 41641 144
0x0000723b3d9e65c0 0x0000000a95e2a5c0 0 1 0 0 1 1 3 41641 152
0x0000723b3d9e6640 0x0000000a95e2a640 0 0 1 0 1 1 3 41641 144
0x0000723b3d9e66c0 0x0000000a95e2a6c0 0 0 1 0 1 1 3 41641 152
0x0000723b3d9e6740 0x0000000a95e2a740 0 1 1 0 1 1 3 41641 144
0x0000723b3d9e67c0 0x0000000a95e2a7c0 0 1 1 0 1 1 3 41641 152
0x0000723b3d9e6840 0x0000000a95e2a840 0 0 0 0 1 1 3 41641 160
0x0000723b3d9e68c0 0x0000000a95e2a8c0 0 0 0 0 1 1 3 41641 168
0x0000723b3d9e6940 0x0000000a95e2a940 0 1 0 0 1 1 3 41641 160
0x0000723b3d9e69c0 0x0000000a95e2a9c0 0 1 0 0 1 1 3 41641 168
0x0000723b3d9e6a40 0x0000000a95e2aa40 0 0 1 0 1 1 3 41641 160
0x0000723b3d9e6ac0 0x0000000a95e2aac0 0 0 1 0 1 1 3 41641 168
0x0000723b3d9e6b40 0x0000000a95e2ab40 0 1 1 0 1 1 3 41641 160
0x0000723b3d9e6bc0 0x0000000a95e2abc0 0 1 1 0 1 1 3 41641 168
0x0000723b3d9e6c40 0x0000000a95e2ac40 0 0 0 0 1 1 3 41641 176
0x0000723b3d9e6cc0 0x0000000a95e2acc0 0 0 0 0 1 1 3 41641 184
0x0000723b3d9e6d40 0x0000000a95e2ad40 0 1 0 0 1 1 3 41641 176
0x0000723b3d9e6dc0 0x0000000a95e2adc0 0 1 0 0 1 1 3 41641 184
0x0000723b3d9e6e40 0x0000000a95e2ae40 0 0 1 0 1 1 3 41641 176
0x0000723b3d9e6ec0 0x0000000a95e2aec0 0 0 1 0 1 1 3 41641 184
0x0000723b3d9e6f40 0x0000000a95e2af40 0 1 1 0 1 1 3 41641 176
0x0000723b3d9e6fc0 0x0000000a95e2afc0 0 1 1 0 1 1 3 41641 184
0x0000723b3d9f5040 0x0000000499e06040 0 0 0 0 0 1 3 17192 384
0x0000723b3d9f50c0 0x0000000499e060c0 0 0 0 0 0 1 3 17192 392
0x0000723b3d9f5140 0x0000000499e06140 0 1 0 0 0 1 3 17192 384
0x0000723b3d9f51c0 0x0000000499e061c0 0 1 0 0 0 1 3 17192 392
0x0000723b3d9f5240 0x0000000499e06240 0 0 1 0 0 1 3 17192 384
0x0000723b3d9f52c0 0x0000000499e062c0 0 0 1 0 0 1 3 17192 392
0x0000723b3d9f5340 0x0000000499e06340 0 1 1 0 0 1 3 17192 384
0x0000723b3d9f53c0 0x0000000499e063c0 0 1 1 0 0 1 3 17192 392
0x0000723b3d9f5440 0x0000000499e06440 0 0 0 0 0 1 3 17192 400
0x0000723b3d9f54c0 0x0000000499e064c0 0 0 0 0 0 1 3 17192 408
0x0000723b3d9f5540 0x0000000499e06540 0 1 0 0 0 1 3 17192 400
0x0000723b3d9f55c0 0x0000000499e065c0 0 1 0 0 0 1 3 17192 408
0x0000723b3d9f5640 0x0000000499e06640 0 0 1 0 0 1 3 17192 400
0x0000723b3d9f56c0 0x0000000499e066c0 0 0 1 0 0 1 3 17192 408
0x0000723b3d9f5740 0x0000000499e06740 0 1 1 0 0 1 3 17192 400
0x0000723b3d9f57c0 0x0000000499e067c0 0 1 1 0 0 1 3 17192 408
0x0000723b3d9f5840 0x0000000499e06840 0 0 0 0 0 1 3 17192 416
0x0000723b3d9f58c0 0x0000000499e068c0 0 0 0 0 0 1 3 17192 424
0x0000723b3d9f5940 0x0000000499e06940 0 1 0 0 0 1 3 17192 416
0x0000723b3d9f59c0 0x0000000499e069c0 0 1 0 0 0 1 3 17192 424
0x0000723b3d9f5a40 0x0000000499e06a40 0 0 1 0 0 1 3 17192 416
0x0000723b3d9f5ac0 0x0000000499e06ac0 0 0 1 0 0 1 3 17192 424
0x0000723b3d9f5b40 0x0000000499e06b40 0 1 1 0 0 1 3 17192 416
0x0000723b3d9f5bc0 0x0000000499e06bc0 0 1 1 0 0 1 3 17192 424
0x0000723b3d9f5c40 0x0000000499e06c40 0 0 0 0 0 1 3 17192 432
0x0000723b3d9f5cc0 0x0000000499e06cc0 0 0 0 0 0 1 3 17192 440
0x0000723b3d9f5d40 0x0000000499e06d40 0 1 0 0 0 1 3 17192 432
0x0000723b3d9f5dc0 0x0000000499e06dc0 0 1 0 0 0 1 3 17192 440
0x0000723b3d9f5e40 0x0000000499e06e40 0 0 1 0 0 1 3 17192 432
0x0000723b3d9f5ec0 0x0000000499e06ec0 0 0 1 0 0 1 3 17192 440
0x0000723b3d9f5f40 0x0000000499e06f40 0 1 1 0 0 1 3 17192 432
0x0000723b3d9f5fc0 0x0000000499e06fc0 0 1 1 0 0 1 3 17192 440
0x0000723b3d9f6040 0x0000000a95e2b040 0 0 0 0 1 1 3 41641 192
0x0000723b3d9f60c0 0x0000000a95e2b0c0 0 0 0 0 1 1 3 41641 200
0x0000723b3d9f6140 0x0000000a95e2b140 0 1 0 0 1 1 3 41641 192
0x0000723b3d9f61c0 0x0000000a95e2b1c0 0 1 0 0 1 1 3 41641 200
0x0000723b3d9f6240 0x0000000a95e2b240 0 0 1 0 1 1 3 41641 192
0x0000723b3d9f62c0 0x0000000a95e2b2c0 0 0 1 0 1 1 3 41641 200
0x0000723b3d9f6340 0x0000000a95e2b340 0 1 1 0 1 1 3 41641 192
0x0000723b3d9f63c0 0x0000000a95e2b3c0 0 1 1 0 1 1 3 41641 200
0x0000723b3d9f6440 0x0000000a95e2b440 0 0 0 0 1 1 3 41641 208
0x0000723b3d9f64c0 0x0000000a95e2b4c0 0 0 0 0 1 1 3 41641 216
0x0000723b3d9f6540 0x0000000a95e2b540 0 1 0 0 1 1 3 41641 208
0x0000723b3d9f65c0 0x0000000a95e2b5c0 0 1 0 0 1 1 3 41641 216
0x0000723b3d9f6640 0x0000000a95e2b640 0 0 1 0 1 1 3 41641 208
0x0000723b3d9f66c0 0x0000000a95e2b6c0 0 0 1 0 1 1 3 41641 216
0x0000723b3d9f6740 0x0000000a95e2b740 0 1 1 0 1 1 3 41641 208
0x0000723b3d9f67c0 0x0000000a95e2b7c0 0 1 1 0 1 1 3 41641 216
0x0000723b3d9f6840 0x0000000a95e2b840 0 0 0 0 1 1 3 41641 224
0x0000723b3d9f68c0 0x0000000a95e2b8c0 0 0 0 0 1 1 3 41641 232
0x0000723b3d9f6940 0x0000000a95e2b940 0 1 0 0 1 1 3 41641 224
0x0000723b3d9f69c0 0x0000000a95e2b9c0 0 1 0 0 1 1 3 41641 232
0x0000723b3d9f6a40 0x0000000a95e2ba40 0 0 1 0 1 1 3 41641 224
0x0000723b3d9f6ac0 0x0000000a95e2bac0 0 0 1 0 1 1 3 41641 232
0x0000723b3d9f6b40 0x0000000a95e2bb40 0 1 1 0 1 1 3 41641 224
0x0000723b3d9f6bc0 0x0000000a95e2bbc0 0 1 1 0 1 1 3 41641 232
0x0000723b3d9f6c40 0x0000000a95e2bc40 0 0 0 0 1 1 3 41641 240
0x0000723b3d9f6cc0 0x0000000a95e2bcc0 0 0 0 0 1 1 3 41641 248
0x0000723b3d9f6d40 0x0000000a95e2bd40 0 1 0 0 1 1 3 41641 240
0x0000723b3d9f6dc0 0x0000000a95e2bdc0 0 1 0 0 1 1 3 41641 248
0x0000723b3d9f6e40 0x0000000a95e2be40 0 0 1 0 1 1 3 41641 240
0x0000723b3d9f6ec0 0x0000000a95e2bec0 0 0 1 0 1 1 3 41641 248
0x0000723b3d9f6f40 0x0000000a95e2bf40 0 1 1 0 1 1 3 41641 240
0x0000723b3d9f6fc0 0x0000000a95e2bfc0 0 1 1 0 1 1 3 41641 248
0x0000723b3d9fa040 0x0000000c2cea3040 0 0 0 0 0 1 3 46493 192
0x0000723b3d9fa0c0 0x0000000c2cea30c0 0 0 0 0 0 1 3 46493 200
0x0000723b3d9fa140 0x0000000c2cea3140 0 1 0 0 0 1 3 46493 192
0x0000723b3d9fa1c0 0x0000000c2cea31c0 0 1 0 0 0 1 3 46493 200
0x0000723b3d9fa240 0x0000000c2cea3240 0 0 1 0 0 1 3 46493 192
0x0000723b3d9fa2c0 0x0000000c2cea32c0 0 0 1 0 0 1 3 46493 200
0x0000723b3d9fa340 0x0000000c2cea3340 0 1 1 0 0 1 3 46493 192
0x0000723b3d9fa3c0 0x0000000c2cea33c0 0 1 1 0 0 1 3 46493 200
0x0000723b3d9fa440 0x0000000c2cea3440 0 0 0 0 0 1 3 46493 208
0x0000723b3d9fa4c0 0x0000000c2cea34c0 0 0 0 0 0 1 3 46493 216
0x0000723b3d9fa540 0x0000000c2cea3540 0 1 0 0 0 1 3 46493 208
0x0000723b3d9fa5c0 0x0000000c2cea35c0 0 1 0 0 0 1 3 46493 216
0x0000723b3d9fa640 0x0000000c2cea3640 0 0 1 0 0 1 3 46493 208
0x0000723b3d9fa6c0 0x0000000c2cea36c0 0 0 1 0 0 1 3 46493 216
0x0000723b3d9fa740 0x0000000c2cea3740 0 1 1 0 0 1 3 46493 208
0x0000723b3d9fa7c0 0x0000000c2cea37c0 0 1 1 0 0 1 3 46493 216
0x0000723b3d9fa840 0x0000000c2cea3840 0 0 0 0 0 1 3 46493 224
0x0000723b3d9fa8c0 0x0000000c2cea38c0 0 0 0 0 0 1 3 46493 232
0x0000723b3d9fa940 0x0000000c2cea3940 0 1 0 0 0 1 3 46493 224
0x0000723b3d9fa9c0 0x0000000c2cea39c0 0 1 0 0 0 1 3 46493 232
0x0000723b3d9faa40 0x0000000c2cea3a40 0 0 1 0 0 1 3 46493 224
0x0000723b3d9faac0 0x0000000c2cea3ac0 0 0 1 0 0 1 3 46493 232
0x0000723b3d9fab40 0x0000000c2cea3b40 0 1 1 0 0 1 3 46493 224
0x0000723b3d9fabc0 0x0000000c2cea3bc0 0 1 1 0 0 1 3 46493 232
0x0000723b3d9fac40 0x0000000c2cea3c40 0 0 0 0 0 1 3 46493 240
0x0000723b3d9facc0 0x0000000c2cea3cc0 0 0 0 0 0 1 3 46493 248
0x0000723b3d9fad40 0x0000000c2cea3d40 0 1 0 0 0 1 3 46493 240
0x0000723b3d9fadc0 0x0000000c2cea3dc0 0 1 0 0 0 1 3 46493 248
0x0000723b3d9fae40 0x0000000c2cea3e40 0 0 1 0 0 1 3 46493 240
0x0000723b3d9faec0 0x0000000c2cea3ec0 0 0 1 0 0 1 3 46493 248
0x0000723b3d9faf40 0x0000000c2cea3f40 0 1 1 0 0 1 3 46493 240
0x0000723b3d9fafc0 0x0000000c2cea3fc0 0 1 1 0 0 1 3 46493 248
0x0000723b3d9ff040 0x0000000e41e01040 0 0 0 0 0 1 3 55352 64
0x0000723b3d9ff0c0 0x0000000e41e010c0 0 0 0 0 0 1 3 55352 72
0x0000723b3d9ff140 0x0000000e41e01140 0 1 0 0 0 1 3 55352 64
0x0000723b3d9ff1c0 0x0000000e41e011c0 0 1 0 0 0 1 3 55352 72
0x0000723b3d9ff240 0x0000000e41e01240 0 0 1 0 0 1 3 55352 64
0x0000723b3d9ff2c0 0x0000000e41e012c0 0 0 1 0 0 1 3 55352 72
0x0000723b3d9ff340 0x0000000e41e01340 0 1 1 0 0 1 3 55352 64
0x0000723b3d9ff3c0 0x0000000e41e013c0 0 1 1 0 0 1 3 55352 72
0x0000723b3d9ff440 0x0000000e41e01440 0 0 0 0 0 1 3 55352 80
0x0000723b3d9ff4c0 0x0000000e41e014c0 0 0 0 0 0 1 3 55352 88
0x0000723b3d9ff540 0x0000000e41e01540 0 1 0 0 0 1 3 55352 80
0x0000723b3d9ff5c0 0x0000000e41e015c0 0 1 0 0 0 1 3 55352 88
0x0000723b3d9ff640 0x0000000e41e01640 0 0 1 0 0 1 3 55352 80
0x0000723b3d9ff6c0 0x0000000e41e016c0 0 0 1 0 0 1 3 55352 88
0x0000723b3d9ff740 0x0000000e41e01740 0 1 1 0 0 1 3 55352 80
0x0000723b3d9ff7c0 0x0000000e41e017c0 0 1 1 0 0 1 3 55352 88
0x0000723b3d9ff840 0x0000000e41e01840 0 0 0 0 0 1 3 55352 96
0x0000723b3d9ff8c0 0x0000000e41e018c0 0 0 0 0 0 1 3 55352 104
0x0000723b3d9ff940 0x0000000e41e01940 0 1 0 0 0 1 3 55352 96
0x0000723b3d9ff9c0 0x0000000e41e019c0 0 1 0 0 0 1 3 55352 104
0x0000723b3d9ffa40 0x0000000e41e01a40 0 0 1 0 0 1 3 55352 96
0x0000723b3d9ffac0 0x0000000e41e01ac0 0 0 1 0 0 1 3 55352 104
0x0000723b3d9ffb40 0x0000000e41e01b40 0 1 1 0 0 1 3 55352 96
0x0000723b3d9ffbc0 0x0000000e41e01bc0 0 1 1 0 0 1 3 55352 104
0x0000723b3d9ffc40 0x0000000e41e01c40 0 0 0 0 0 1 3 55352 112
0x0000723b3d9ffcc0 0x0000000e41e01cc0 0 0 0 0 0 1 3 55352 120
0x0000723b3d9ffd40 0x0000000e41e01d40 0 1 0 0 0 1 3 55352 112
0x0000723b3d9ffdc0 0x0000000e41e01dc0 0 1 0 0 0 1 3 55352 120
0x0000723b3d9ffe40 0x0000000e41e01e40 0 0 1 0 0 1 3 55352 112
0x0000723b3d9ffec0 0x0000000e41e01ec0 0 0 1 0 0 1 3 55352 120
0x0000723b3d9fff40 0x0000000e41e01f40 0 1 1 0 0 1 3 55352 112
0x0000723b3d9fffc0 0x0000000e41e01fc0 0 1 1 0 0 1 3 55352 120
0x0000723b3da08040 0x0000000e41e00040 0 0 0 0 0 1 3 55352 0
0x0000723b3da080c0 0x0000000e41e000c0 0 0 0 0 0 1 3 55352 8
0x0000723b3da08140 0x0000000e41e00140 0 1 0 0 0 1 3 55352 0
0x0000723b3da081c0 0x0000000e41e001c0 0 1 0 0 0 1 3 55352 8
0x0000723b3da08240 0x0000000e41e00240 0 0 1 0 0 1 3 55352 0
0x0000723b3da082c0 0x0000000e41e002c0 0 0 1 0 0 1 3 55352 8
0x0000723b3da08340 0x0000000e41e00340 0 1 1 0 0 1 3 55352 0
0x0000723b3da083c0 0x0000000e41e003c0 0 1 1 0 0 1 3 55352 8
0x0000723b3da08440 0x0000000e41e00440 0 0 0 0 0 1 3 55352 16
0x0000723b3da084c0 0x0000000e41e004c0 0 0 0 0 0 1 3 55352 24
0x0000723b3da08540 0x0000000e41e00540 0 1 0 0 0 1 3 55352 16
0x0000723b3da085c0 0x0000000e41e005c0 0 1 0 0 0 1 3 55352 24
0x0000723b3da08640 0x0000000e41e00640 0 0 1 0 0 1 3 55352 16
0x0000723b3da086c0 0x0000000e41e006c0 0 0 1 0 0 1 3 55352 24
0x0000723b3da08740 0x0000000e41e00740 0 1 1 0 0 1 3 55352 16
0x0000723b3da087c0 0x0000000e41e007c0 0 1 1 0 0 1 3 55352 24
0x0000723b3da08840 0x0000000e41e00840 0 0 0 0 0 1 3 55352 32
0x0000723b3da088c0 0x0000000e41e008c0 0 0 0 0 0 1 3 55352 40
0x0000723b3da08940 0x0000000e41e00940 0 1 0 0 0 1 3 55352 32
0x0000723b3da089c0 0x0000000e41e009c0 0 1 0 0 0 1 3 55352 40
0x0000723b3da08a40 0x0000000e41e00a40 0 0 1 0 0 1 3 55352 32
0x0000723b3da08ac0 0x0000000e41e00ac0 0 0 1 0 0 1 3 55352 40
0x0000723b3da08b40 0x0000000e41e00b40 0 1 1 0 0 1 3 55352 32
0x0000723b3da08bc0 0x0000000e41e00bc0 0 1 1 0 0 1 3 55352 40
0x0000723b3da08c40 0x0000000e41e00c40 0 0 0 0 0 1 3 55352 48
0x0000723b3da08cc0 0x0000000e41e00cc0 0 0 0 0 0 1 3 55352 56
0x0000723b3da08d40 0x0000000e41e00d40 0 1 0 0 0 1 3 55352 48
0x0000723b3da08dc0 0x0000000e41e00dc0 0 1 0 0 0 1 3 55352 56
0x0000723b3da08e40 0x0000000e41e00e40 0 0 1 0 0 1 3 55352 48
0x0000723b3da08ec0 0x0000000e41e00ec0 0 0 1 0 0 1 3 55352 56
0x0000723b3da08f40 0x0000000e41e00f40 0 1 1 0 0 1 3 55352 48
0x0000723b3da08fc0 0x0000000e41e00fc0 0 1 1 0 0 1 3 55352 56
0x0000723b3da18040 0x0000000499e05040 0 0 0 0 0 1 3 17192 320
0x0000723b3da180c0 0x0000000499e050c0 0 0 0 0 0 1 3 17192 328
0x0000723b3da18140 0x0000000499e05140 0 1 0 0 0 1 3 17192 320
0x0000723b3da181c0 0x0000000499e051c0 0 1 0 0 0 1 3 17192 328
0x0000723b3da18240 0x0000000499e05240 0 0 1 0 0 1 3 17192 320
0x0000723b3da182c0 0x0000000499e052c0 0 0 1 0 0 1 3 17192 328
0x0000723b3da18340 0x0000000499e05340 0 1 1 0 0 1 3 17192 320
0x0000723b3da183c0 0x0000000499e053c0 0 1 1 0 0 1 3 17192 328
0x0000723b3da18440 0x0000000499e05440 0 0 0 0 0 1 3 17192 336
0x0000723b3da184c0 0x0000000499e054c0 0 0 0 0 0 1 3 17192 344
0x0000723b3da18540 0x0000000499e05540 0 1 0 0 0 1 3 17192 336
0x0000723b3da185c0 0x0000000499e055c0 0 1 0 0 0 1 3 17192 344
0x0000723b3da18640 0x0000000499e05640 0 0 1 0 0 1 3 17192 336
0x0000723b3da186c0 0x0000000499e056c0 0 0 1 0 0 1 3 17192 344
0x0000723b3da18740 0x0000000499e05740 0 1 1 0 0 1 3 17192 336
0x0000723b3da187c0 0x0000000499e057c0 0 1 1 0 0 1 3 17192 344
0x0000723b3da18840 0x0000000499e05840 0 0 0 0 0 1 3 17192 352
0x0000723b3da188c0 0x0000000499e058c0 0 0 0 0 0 1 3 17192 360
0x0000723b3da18940 0x0000000499e05940 0 1 0 0 0 1 3 17192 352
0x0000723b3da189c0 0x0000000499e059c0 0 1 0 0 0 1 3 17192 360
0x0000723b3da18a40 0x0000000499e05a40 0 0 1 0 0 1 3 17192 352
0x0000723b3da18ac0 0x0000000499e05ac0 0 0 1 0 0 1 3 17192 360
0x0000723b3da18b40 0x0000000499e05b40 0 1 1 0 0 1 3 17192 352
0x0000723b3da18bc0 0x0000000499e05bc0 0 1 1 0 0 1 3 17192 360
0x0000723b3da18c40 0x0000000499e05c40 0 0 0 0 0 1 3 17192 368
0x0000723b3da18cc0 0x0000000499e05cc0 0 0 0 0 0 1 3 17192 376
0x0000723b3da18d40 0x0000000499e05d40 0 1 0 0 0 1 3 17192 368
0x0000723b3da18dc0 0x0000000499e05dc0 0 1 0 0 0 1 3 17192 376
0x0000723b3da18e40 0x0000000499e05e40 0 0 1 0 0 1 3 17192 368
0x0000723b3da18ec0 0x0000000499e05ec0 0 0 1 0 0 1 3 17192 376
0x0000723b3da18f40 0x0000000499e05f40 0 1 1 0 0 1 3 17192 368
0x0000723b3da18fc0 0x0000000499e05fc0 0 1 1 0 0 1 3 17192 376
0x0000723b3da1b040 0x0000000a95e28040 0 0 0 0 1 1 3 41641 0
0x0000723b3da1b0c0 0x0000000a95e280c0 0 0 0 0 1 1 3 41641 8
0x0000723b3da1b140 0x0000000a95e28140 0 1 0 0 1 1 3 41641 0
0x0000723b3da1b1c0 0x0000000a95e281c0 0 1 0 0 1 1 3 41641 8
0x0000723b3da1b240 0x0000000a95e28240 0 0 1 0 1 1 3 41641 0
0x0000723b3da1b2c0 0x0000000a95e282c0 0 0 1 0 1 1 3 41641 8
0x0000723b3da1b340 0x0000000a95e28340 0 1 1 0 1 1 3 41641 0
0x0000723b3da1b3c0 0x0000000a95e283c0 0 1 1 0 1 1 3 41641 8
0x0000723b3da1b440 0x0000000a95e28440 0 0 0 0 1 1 3 41641 16
0x0000723b3da1b4c0 0x0000000a95e284c0 0 0 0 0 1 1 3 41641 24
0x0000723b3da1b540 0x0000000a95e28540 0 1 0 0 1 1 3 41641 16
0x0000723b3da1b5c0 0x0000000a95e285c0 0 1 0 0 1 1 3 41641 24
0x0000723b3da1b640 0x0000000a95e28640 0 0 1 0 1 1 3 41641 16
0x0000723b3da1b6c0 0x0000000a95e286c0 0 0 1 0 1 1 3 41641 24
0x0000723b3da1b740 0x0000000a95e28740 0 1 1 0 1 1 3 41641 16
0x0000723b3da1b7c0 0x0000000a95e287c0 0 1 1 0 1 1 3 41641 24
0x0000723b3da1b840 0x0000000a95e28840 0 0 0 0 1 1 3 41641 32
0x0000723b3da1b8c0 0x0000000a95e288c0 0 0 0 0 1 1 3 41641 40
0x0000723b3da1b940 0x0000000a95e28940 0 1 0 0 1 1 3 41641 32
0x0000723b3da1b9c0 0x0000000a95e289c0 0 1 0 0 1 1 3 41641 40
0x0000723b3da1ba40 0x0000000a95e28a40 0 0 1 0 1 1 3 41641 32
0x0000723b3da1bac0 0x0000000a95e28ac0 0 0 1 0 1 1 3 41641 40
0x0000723b3da1bb40 0x0000000a95e28b40 0 1 1 0 1 1 3 41641 32
0x0000723b3da1bbc0 0x0000000a95e28bc0 0 1 1 0 1 1 3 41641 40
0x0000723b3da1bc40 0x0000000a95e28c40 0 0 0 0 1 1 3 41641 48
0x0000723b3da1bcc0 0x0000000a95e28cc0 0 0 0 0 1 1 3 41641 56
0x0000723b3da1bd40 0x0000000a95e28d40 0 1 0 0 1 1 3 41641 48
0x0000723b3da1bdc0 0x0000000a95e28dc0 0 1 0 0 1 1 3 41641 56
0x0000723b3da1be40 0x0000000a95e28e40 0 0 1 0 1 1 3 41641 48
0x0000723b3da1bec0 0x0000000a95e28ec0 0 0 1 0 1 1 3 41641 56
0x0000723b3da1bf40 0x0000000a95e28f40 0 1 1 0 1 1 3 41641 48
0x0000723b3da1bfc0 0x0000000a95e28fc0 0 1 1 0 1 1 3 41641 56
0x0000723b3da31040 0x0000000a95e29040 0 0 0 0 1 1 3 41641 64
0x0000723b3da310c0 0x0000000a95e290c0 0 0 0 0 1 1 3 41641 72
0x0000723b3da31140 0x0000000a95e29140 0 1 0 0 1 1 3 41641 64
0x0000723b3da311c0 0x0000000a95e291c0 0 1 0 0 1 1 3 41641 72
0x0000723b3da31240 0x0000000a95e29240 0 0 1 0 1 1 3 41641 64
0x0000723b3da312c0 0x0000000a95e292c0 0 0 1 0 1 1 3 41641 72
0x0000723b3da31340 0x0000000a95e29340 0 1 1 0 1 1 3 41641 64
0x0000723b3da313c0 0x0000000a95e293c0 0 1 1 0 1 1 3 41641 72
0x0000723b3da31440 0x0000000a95e29440 0 0 0 0 1 1 3 41641 80
0x0000723b3da314c0 0x0000000a95e294c0 0 0 0 0 1 1 3 41641 88
0x0000723b3da31540 0x0000000a95e29540 0 1 0 0 1 1 3 41641 80
0x0000723b3da315c0 0x0000000a95e295c0 0 1 0 0 1 1 3 41641 88
0x0000723b3da31640 0x0000000a95e29640 0 0 1 0 1 1 3 41641 80
0x0000723b3da316c0 0x0000000a95e296c0 0 0 1 0 1 1 3 41641 88
0x0000723b3da31740 0x0000000a95e29740 0 1 1 0 1 1 3 41641 80
0x0000723b3da317c0 0x0000000a95e297c0 0 1 1 0 1 1 3 41641 88
0x0000723b3da31840 0x0000000a95e29840 0 0 0 0 1 1 3 41641 96
0x0000723b3da318c0 0x0000000a95e298c0 0 0 0 0 1 1 3 41641 104
0x0000723b3da31940 0x0000000a95e29940 0 1 0 0 1 1 3 41641 96
0x0000723b3da319c0 0x0000000a95e299c0 0 1 0 0 1 1 3 41641 104
0x0000723b3da31a40 0x0000000a95e29a40 0 0 1 0 1 1 3 41641 96
0x0000723b3da31ac0 0x0000000a95e29ac0 0 0 1 0 1 1 3 41641 104
0x0000723b3da31b40 0x0000000a95e29b40 0 1 1 0 1 1 3 41641 96
0x0000723b3da31bc0 0x0000000a95e29bc0 0 1 1 0 1 1 3 41641 104
0x0000723b3da31c40 0x0000000a95e29c40 0 0 0 0 1 1 3 41641 112
0x0000723b3da31cc0 0x0000000a95e29cc0 0 0 0 0 1 1 3 41641 120
0x0000723b3da31d40 0x0000000a95e29d40 0 1 0 0 1 1 3 41641 112
0x0000723b3da31dc0 0x0000000a95e29dc0 0 1 0 0 1 1 3 41641 120
0x0000723b3da31e40 0x0000000a95e29e40 0 0 1 0 1 1 3 41641 112
0x0000723b3da31ec0 0x0000000a95e29ec0 0 0 1 0 1 1 3 41641 120
0x0000723b3da31f40 0x0000000a95e29f40 0 1 1 0 1 1 3 41641 112
0x0000723b3da31fc0 0x0000000a95e29fc0 0 1 1 0 1 1 3 41641 120
0x0000723b3da3c040 0x0000000c2cea2040 0 0 0 0 0 1 3 46493 128
0x0000723b3da3c0c0 0x0000000c2cea20c0 0 0 0 0 0 1 3 46493 136
0x0000723b3da3c140 0x0000000c2cea2140 0 1 0 0 0 1 3 46493 128
0x0000723b3da3c1c0 0x0000000c2cea21c0 0 1 0 0 0 1 3 46493 136
0x0000723b3da3c240 0x0000000c2cea2240 0 0 1 0 0 1 3 46493 128
0x0000723b3da3c2c0 0x0000000c2cea22c0 0 0 1 0 0 1 3 46493 136
0x0000723b3da3c340 0x0000000c2cea2340 0 1 1 0 0 1 3 46493 128
0x0000723b3da3c3c0 0x0000000c2cea23c0 0 1 1 0 0 1 3 46493 136
0x0000723b3da3c440 0x0000000c2cea2440 0 0 0 0 0 1 3 46493 144
0x0000723b3da3c4c0 0x0000000c2cea24c0 0 0 0 0 0 1 3 46493 152
0x0000723b3da3c540 0x0000000c2cea2540 0 1 0 0 0 1 3 46493 144
0x0000723b3da3c5c0 0x0000000c2cea25c0 0 1 0 0 0 1 3 46493 152
0x0000723b3da3c640 0x0000000c2cea2640 0 0 1 0 0 1 3 46493 144
0x0000723b3da3c6c0 0x0000000c2cea26c0 0 0 1 0 0 1 3 46493 152
0x0000723b3da3c740 0x0000000c2cea2740 0 1 1 0 0 1 3 46493 144
0x0000723b3da3c7c0 0x0000000c2cea27c0 0 1 1 0 0 1 3 46493 152
0x0000723b3da3c840 0x0000000c2cea2840 0 0 0 0 0 1 3 46493 160
0x0000723b3da3c8c0 0x0000000c2cea28c0 0 0 0 0 0 1 3 46493 168
0x0000723b3da3c940 0x0000000c2cea2940 0 1 0 0 0 1 3 46493 160
0x0000723b3da3c9c0 0x0000000c2cea29c0 0 1 0 0 0 1 3 46493 168
0x0000723b3da3ca40 0x0000000c2cea2a40 0 0 1 0 0 1 3 46493 160
0x0000723b3da3cac0 0x0000000c2cea2ac0 0 0 1 0 0 1 3 46493 168
0x0000723b3da3cb40 0x0000000c2cea2b40 0 1 1 0 0 1 3 46493 160
0x0000723b3da3cbc0 0x0000000c2cea2bc0 0 1 1 0 0 1 3 46493 168
0x0000723b3da3cc40 0x0000000c2cea2c40 0 0 0 0 0 1 3 46493 176
0x0000723b3da3ccc0 0x0000000c2cea2cc0 0 0 0 0 0 1 3 46493 184
0x0000723b3da3cd40 0x0000000c2cea2d40 0 1 0 0 0 1 3 46493 176
0x0000723b3da3cdc0 0x0000000c2cea2dc0 0 1 0 0 0 1 3 46493 184
0x0000723b3da3ce40 0x0000000c2cea2e40 0 0 1 0 0 1 3 46493 176
0x0000723b3da3cec0 0x0000000c2cea2ec0 0 0 1 0 0 1 3 46493 184
0x0000723b3da3cf40 0x0000000c2cea2f40 0 1 1 0 0 1 3 46493 176
0x0000723b3da3cfc0 0x0000000c2cea2fc0 0 1 1 0 0 1 3 46493 184
0x0000723b3da43040 0x0000000c2cea1040 0 0 0 0 0 1 3 46493 64
0x0000723b3da430c0 0x0000000c2cea10c0 0 0 0 0 0 1 3 46493 72
0x0000723b3da43140 0x0000000c2cea1140 0 1 0 0 0 1 3 46493 64
0x0000723b3da431c0 0x0000000c2cea11c0 0 1 0 0 0 1 3 46493 72
0x0000723b3da43240 0x0000000c2cea1240 0 0 1 0 0 1 3 46493 64
0x0000723b3da432c0 0x0000000c2cea12c0 0 0 1 0 0 1 3 46493 72
0x0000723b3da43340 0x0000000c2cea1340 0 1 1 0 0 1 3 46493 64
0x0000723b3da433c0 0x0000000c2cea13c0 0 1 1 0 0 1 3 46493 72
0x0000723b3da43440 0x0000000c2cea1440 0 0 0 0 0 1 3 46493 80
0x0000723b3da434c0 0x0000000c2cea14c0 0 0 0 0 0 1 3 46493 88
0x0000723b3da43540 0x0000000c2cea1540 0 1 0 0 0 1 3 46493 80
0x0000723b3da435c0 0x0000000c2cea15c0 0 1 0 0 0 1 3 46493 88
0x0000723b3da43640 0x0000000c2cea1640 0 0 1 0 0 1 3 46493 80
0x0000723b3da436c0 0x0000000c2cea16c0 0 0 1 0 0 1 3 46493 88
0x0000723b3da43740 0x0000000c2cea1740 0 1 1 0 0 1 3 46493 80
0x0000723b3da437c0 0x0000000c2cea17c0 0 1 1 0 0 1 3 46493 88
0x0000723b3da43840 0x0000000c2cea1840 0 0 0 0 0 1 3 46493 96
0x0000723b3da438c0 0x0000000c2cea18c0 0 0 0 0 0 1 3 46493 104
0x0000723b3da43940 0x0000000c2cea1940 0 1 0 0 0 1 3 46493 96
0x0000723b3da439c0 0x0000000c2cea19c0 0 1 0 0 0 1 3 46493 104
0x0000723b3da43a40 0x0000000c2cea1a40 0 0 1 0 0 1 3 46493 96
0x0000723b3da43ac0 0x0000000c2cea1ac0 0 0 1 0 0 1 3 46493 104
0x0000723b3da43b40 0x0000000c2cea1b40 0 1 1 0 0 1 3 46493 96
0x0000723b3da43bc0 0x0000000c2cea1bc0 0 1 1 0 0 1 3 46493 104
0x0000723b3da43c40 0x0000000c2cea1c40 0 0 0 0 0 1 3 46493 112
0x0000723b3da43cc0 0x0000000c2cea1cc0 0 0 0 0 0 1 3 46493 120
0x0000723b3da43d40 0x0000000c2cea1d40 0 1 0 0 0 1 3 46493 112
0x0000723b3da43dc0 0x0000000c2cea1dc0 0 1 0 0 0 1 3 46493 120
0x0000723b3da43e40 0x0000000c2cea1e40 0 0 1 0 0 1 3 46493 112
0x0000723b3da43ec0 0x0000000c2cea1ec0 0 0 1 0 0 1 3 46493 120
0x0000723b3da43f40 0x0000000c2cea1f40 0 1 1 0 0 1 3 46493 112
0x0000723b3da43fc0 0x0000000c2cea1fc0 0 1 1 0 0 1 3 46493 120
0x0000723b3da5c040 0x0000000164e5c040 0 0 0 0 1 1 3 3226 768
0x0000723b3da5c0c0 0x0000000164e5c0c0 0 0 0 0 1 1 3 3226 776
0x0000723b3da5c140 0x0000000164e5c140 0 1 0 0 1 1 3 3226 768
0x0000723b3da5c1c0 0x0000000164e5c1c0 0 1 0 0 1 1 3 3226 776
0x0000723b3da5c240 0x0000000164e5c240 0 0 1 0 1 1 3 3226 768
0x0000723b3da5c2c0 0x0000000164e5c2c0 0 0 1 0 1 1 3 3226 776
0x0000723b3da5c340 0x0000000164e5c340 0 1 1 0 1 1 3 3226 768
0x0000723b3da5c3c0 0x0000000164e5c3c0 0 1 1 0 1 1 3 3226 776
0x0000723b3da5c440 0x0000000164e5c440 0 0 0 0 1 1 3 3226 784
0x0000723b3da5c4c0 0x0000000164e5c4c0 0 0 0 0 1 1 3 3226 792
0x0000723b3da5c540 0x0000000164e5c540 0 1 0 0 1 1 3 3226 784
0x0000723b3da5c5c0 0x0000000164e5c5c0 0 1 0 0 1 1 3 3226 792
0x0000723b3da5c640 0x0000000164e5c640 0 0 1 0 1 1 3 3226 784
0x0000723b3da5c6c0 0x0000000164e5c6c0 0 0 1 0 1 1 3 3226 792
0x0000723b3da5c740 0x0000000164e5c740 0 1 1 0 1 1 3 3226 784
0x0000723b3da5c7c0 0x0000000164e5c7c0 0 1 1 0 1 1 3 3226 792
0x0000723b3da5c840 0x0000000164e5c840 0 0 0 0 1 1 3 3226 800
0x0000723b3da5c8c0 0x0000000164e5c8c0 0 0 0 0 1 1 3 3226 808
0x0000723b3da5c940 0x0000000164e5c940 0 1 0 0 1 1 3 3226 800
0x0000723b3da5c9c0 0x0000000164e5c9c0 0 1 0 0 1 1 3 3226 808
0x0000723b3da5ca40 0x0000000164e5ca40 0 0 1 0 1 1 3 3226 800
0x0000723b3da5cac0 0x0000000164e5cac0 0 0 1 0 1 1 3 3226 808
0x0000723b3da5cb40 0x0000000164e5cb40 0 1 1 0 1 1 3 3226 800
0x0000723b3da5cbc0 0x0000000164e5cbc0 0 1 1 0 1 1 3 3226 808
0x0000723b3da5cc40 0x0000000164e5cc40 0 0 0 0 1 1 3 3226 816
0x0000723b3da5ccc0 0x0000000164e5ccc0 0 0 0 0 1 1 3 3226 824
0x0000723b3da5cd40 0x0000000164e5cd40 0 1 0 0 1 1 3 3226 816
0x0000723b3da5cdc0 0x0000000164e5cdc0 0 1 0 0 1 1 3 3226 824
0x0000723b3da5ce40 0x0000000164e5ce40 0 0 1 0 1 1 3 3226 816
0x0000723b3da5cec0 0x0000000164e5cec0 0 0 1 0 1 1 3 3226 824
0x0000723b3da5cf40 0x0000000164e5cf40 0 1 1 0 1 1 3 3226 816
0x0000723b3da5cfc0 0x0000000164e5cfc0 0 1 1 0 1 1 3 3226 824
0x0000723b3da61040 0x0000000192696040 0 0 0 0 0 1 3 4676 896
0x0000723b3da610c0 0x00000001926960c0 0 0 0 0 0 1 3 4676 904
0x0000723b3da61140 0x0000000192696140 0 1 0 0 0 1 3 4676 896
0x0000723b3da611c0 0x00000001926961c0 0 1 0 0 0 1 3 4676 904
0x0000723b3da61240 0x0000000192696240 0 0 1 0 0 1 3 4676 896
0x0000723b3da612c0 0x00000001926962c0 0 0 1 0 0 1 3 4676 904
0x0000723b3da61340 0x0000000192696340 0 1 1 0 0 1 3 4676 896
0x0000723b3da613c0 0x00000001926963c0 0 1 1 0 0 1 3 4676 904
0x0000723b3da61440 0x0000000192696440 0 0 0 0 0 1 3 4676 912
0x0000723b3da614c0 0x00000001926964c0 0 0 0 0 0 1 3 4676 920
0x0000723b3da61540 0x0000000192696540 0 1 0 0 0 1 3 4676 912
0x0000723b3da615c0 0x00000001926965c0 0 1 0 0 0 1 3 4676 920
0x0000723b3da61640 0x0000000192696640 0 0 1 0 0 1 3 4676 912
0x0000723b3da616c0 0x00000001926966c0 0 0 1 0 0 1 3 4676 920
0x0000723b3da61740 0x0000000192696740 0 1 1 0 0 1 3 4676 912
0x0000723b3da617c0 0x00000001926967c0 0 1 1 0 0 1 3 4676 920
0x0000723b3da61840 0x0000000192696840 0 0 0 0 0 1 3 4676 928
0x0000723b3da618c0 0x00000001926968c0 0 0 0 0 0 1 3 4676 936
0x0000723b3da61940 0x0000000192696940 0 1 0 0 0 1 3 4676 928
0x0000723b3da619c0 0x00000001926969c0 0 1 0 0 0 1 3 4676 936
0x0000723b3da61a40 0x0000000192696a40 0 0 1 0 0 1 3 4676 928
0x0000723b3da61ac0 0x0000000192696ac0 0 0 1 0 0 1 3 4676 936
0x0000723b3da61b40 0x0000000192696b40 0 1 1 0 0 1 3 4676 928
0x0000723b3da61bc0 0x0000000192696bc0 0 1 1 0 0 1 3 4676 936
0x0000723b3da61c40 0x0000000192696c40 0 0 0 0 0 1 3 4676 944
0x0000723b3da61cc0 0x0000000192696cc0 0 0 0 0 0 1 3 4676 952
0x0000723b3da61d40 0x0000000192696d40 0 1 0 0 0 1 3 4676 944
0x0000723b3da61dc0 0x0000000192696dc0 0 1 0 0 0 1 3 4676 952
0x0000723b3da61e40 0x0000000192696e40 0 0 1 0 0 1 3 4676 944
0x0000723b3da61ec0 0x0000000192696ec0 0 0 1 0 0 1 3 4676 952
0x0000723b3da61f40 0x0000000192696f40 0 1 1 0 0 1 3 4676 944
0x0000723b3da61fc0 0x0000000192696fc0 0 1 1 0 0 1 3 4676 952
0x0000723b3da67040 0x0000000164e5d040 0 0 0 0 1 1 3 3226 832
0x0000723b3da670c0 0x0000000164e5d0c0 0 0 0 0 1 1 3 3226 840
0x0000723b3da67140 0x0000000164e5d140 0 1 0 0 1 1 3 3226 832
0x0000723b3da671c0 0x0000000164e5d1c0 0 1 0 0 1 1 3 3226 840
0x0000723b3da67240 0x0000000164e5d240 0 0 1 0 1 1 3 3226 832
0x0000723b3da672c0 0x0000000164e5d2c0 0 0 1 0 1 1 3 3226 840
0x0000723b3da67340 0x0000000164e5d340 0 1 1 0 1 1 3 3226 832
0x0000723b3da673c0 0x0000000164e5d3c0 0 1 1 0 1 1 3 3226 840
0x0000723b3da67440 0x0000000164e5d440 0 0 0 0 1 1 3 3226 848
0x0000723b3da674c0 0x0000000164e5d4c0 0 0 0 0 1 1 3 3226 856
0x0000723b3da67540 0x0000000164e5d540 0 1 0 0 1 1 3 3226 848
0x0000723b3da675c0 0x0000000164e5d5c0 0 1 0 0 1 1 3 3226 856
0x0000723b3da67640 0x0000000164e5d640 0 0 1 0 1 1 3 3226 848
0x0000723b3da676c0 0x0000000164e5d6c0 0 0 1 0 1 1 3 3226 856
0x0000723b3da67740 0x0000000164e5d740 0 1 1 0 1 1 3 3226 848
0x0000723b3da677c0 0x0000000164e5d7c0 0 1 1 0 1 1 3 3226 856
0x0000723b3da67840 0x0000000164e5d840 0 0 0 0 1 1 3 3226 864
0x0000723b3da678c0 0x0000000164e5d8c0 0 0 0 0 1 1 3 3226 872
0x0000723b3da67940 0x0000000164e5d940 0 1 0 0 1 1 3 3226 864
0x0000723b3da679c0 0x0000000164e5d9c0 0 1 0 0 1 1 3 3226 872
0x0000723b3da67a40 0x0000000164e5da40 0 0 1 0 1 1 3 3226 864
0x0000723b3da67ac0 0x0000000164e5dac0 0 0 1 0 1 1 3 3226 872
0x0000723b3da67b40 0x0000000164e5db40 0 1 1 0 1 1 3 3226 864
0x0000723b3da67bc0 0x0000000164e5dbc0 0 1 1 0 1 1 3 3226 872
0x0000723b3da67c40 0x0000000164e5dc40 0 0 0 0 1 1 3 3226 880
0x0000723b3da67cc0 0x0000000164e5dcc0 0 0 0 0 1 1 3 3226 888
0x0000723b3da67d40 0x0000000164e5dd40 0 1 0 0 1 1 3 3226 880
0x0000723b3da67dc0 0x0000000164e5ddc0 0 1 0 0 1 1 3 3226 888
0x0000723b3da67e40 0x0000000164e5de40 0 0 1 0 1 1 3 3226 880
0x0000723b3da67ec0 0x0000000164e5dec0 0 0 1 0 1 1 3 3226 888
0x0000723b3da67f40 0x0000000164e5df40 0 1 1 0 1 1 3 3226 880
0x0000723b3da67fc0 0x0000000164e5dfc0 0 1 1 0 1 1 3 3226 888
0x0000723b3da8a040 0x0000000c90e1d040 0 0 0 0 1 1 3 49672 832
0x0000723b3da8a0c0 0x0000000c90e1d0c0 0 0 0 0 1 1 3 49672 840
0x0000723b3da8a140 0x0000000c90e1d140 0 1 0 0 1 1 3 49672 832
0x0000723b3da8a1c0 0x0000000c90e1d1c0 0 1 0 0 1 1 3 49672 840
0x0000723b3da8a240 0x0000000c90e1d240 0 0 1 0 1 1 3 49672 832
0x0000723b3da8a2c0 0x0000000c90e1d2c0 0 0 1 0 1 1 3 49672 840
0x0000723b3da8a340 0x0000000c90e1d340 0 1 1 0 1 1 3 49672 832
0x0000723b3da8a3c0 0x0000000c90e1d3c0 0 1 1 0 1 1 3 49672 840
0x0000723b3da8a440 0x0000000c90e1d440 0 0 0 0 1 1 3 49672 848
0x0000723b3da8a4c0 0x0000000c90e1d4c0 0 0 0 0 1 1 3 49672 856
0x0000723b3da8a540 0x0000000c90e1d540 0 1 0 0 1 1 3 49672 848
0x0000723b3da8a5c0 0x0000000c90e1d5c0 0 1 0 0 1 1 3 49672 856
0x0000723b3da8a640 0x0000000c90e1d640 0 0 1 0 1 1 3 49672 848
0x0000723b3da8a6c0 0x0000000c90e1d6c0 0 0 1 0 1 1 3 49672 856
0x0000723b3da8a740 0x0000000c90e1d740 0 1 1 0 1 1 3 49672 848
0x0000723b3da8a7c0 0x0000000c90e1d7c0 0 1 1 0 1 1 3 49672 856
0x0000723b3da8a840 0x0000000c90e1d840 0 0 0 0 1 1 3 49672 864
0x0000723b3da8a8c0 0x0000000c90e1d8c0 0 0 0 0 1 1 3 49672 872
0x0000723b3da8a940 0x0000000c90e1d940 0 1 0 0 1 1 3 49672 864
0x0000723b3da8a9c0 0x0000000c90e1d9c0 0 1 0 0 1 1 3 49672 872
0x0000723b3da8aa40 0x0000000c90e1da40 0 0 1 0 1 1 3 49672 864
0x0000723b3da8aac0 0x0000000c90e1dac0 0 0 1 0 1 1 3 49672 872
0x0000723b3da8ab40 0x0000000c90e1db40 0 1 1 0 1 1 3 49672 864
0x0000723b3da8abc0 0x0000000c90e1dbc0 0 1 1 0 1 1 3 49672 872
0x0000723b3da8ac40 0x0000000c90e1dc40 0 0 0 0 1 1 3 49672 880
0x0000723b3da8acc0 0x0000000c90e1dcc0 0 0 0 0 1 1 3 49672 888
0x0000723b3da8ad40 0x0000000c90e1dd40 0 1 0 0 1 1 3 49672 880
0x0000723b3da8adc0 0x0000000c90e1ddc0 0 1 0 0 1 1 3 49672 888
0x0000723b3da8ae40 0x0000000c90e1de40 0 0 1 0 1 1 3 49672 880
0x0000723b3da8aec0 0x0000000c90e1dec0 0 0 1 0 1 1 3 49672 888
0x0000723b3da8af40 0x0000000c90e1df40 0 1 1 0 1 1 3 49672 880
0x0000723b3da8afc0 0x0000000c90e1dfc0 0 1 1 0 1 1 3 49672 888
0x0000723b3da92040 0x0000000499e04040 0 0 0 0 0 1 3 17192 256
0x0000723b3da920c0 0x0000000499e040c0 0 0 0 0 0 1 3 17192 264
0x0000723b3da92140 0x0000000499e04140 0 1 0 0 0 1 3 17192 256
0x0000723b3da921c0 0x0000000499e041c0 0 1 0 0 0 1 3 17192 264
0x0000723b3da92240 0x0000000499e04240 0 0 1 0 0 1 3 17192 256
0x0000723b3da922c0 0x0000000499e042c0 0 0 1 0 0 1 3 17192 264
0x0000723b3da92340 0x0000000499e04340 0 1 1 0 0 1 3 17192 256
0x0000723b3da923c0 0x0000000499e043c0 0 1 1 0 0 1 3 17192 264
0x0000723b3da92440 0x0000000499e04440 0 0 0 0 0 1 3 17192 272
0x0000723b3da924c0 0x0000000499e044c0 0 0 0 0 0 1 3 17192 280
0x0000723b3da92540 0x0000000499e04540 0 1 0 0 0 1 3 17192 272
0x0000723b3da925c0 0x0000000499e045c0 0 1 0 0 0 1 3 17192 280
0x0000723b3da92640 0x0000000499e04640 0 0 1 0 0 1 3 17192 272
0x0000723b3da926c0 0x0000000499e046c0 0 0 1 0 0 1 3 17192 280
0x0000723b3da92740 0x0000000499e04740 0 1 1 0 0 1 3 17192 272
0x0000723b3da927c0 0x0000000499e047c0 0 1 1 0 0 1 3 17192 280
0x0000723b3da92840 0x0000000499e04840 0 0 0 0 0 1 3 17192 288
0x0000723b3da928c0 0x0000000499e048c0 0 0 0 0 0 1 3 17192 296
0x0000723b3da92940 0x0000000499e04940 0 1 0 0 0 1 3 17192 288
0x0000723b3da929c0 0x0000000499e049c0 0 1 0 0 0 1 3 17192 296
0x0000723b3da92a40 0x0000000499e04a40 0 0 1 0 0 1 3 17192 288
0x0000723b3da92ac0 0x0000000499e04ac0 0 0 1 0 0 1 3 17192 296
0x0000723b3da92b40 0x0000000499e04b40 0 1 1 0 0 1 3 17192 288
0x0000723b3da92bc0 0x0000000499e04bc0 0 1 1 0 0 1 3 17192 296
0x0000723b3da92c40 0x0000000499e04c40 0 0 0 0 0 1 3 17192 304
0x0000723b3da92cc0 0x0000000499e04cc0 0 0 0 0 0 1 3 17192 312
0x0000723b3da92d40 0x0000000499e04d40 0 1 0 0 0 1 3 17192 304
0x0000723b3da92dc0 0x0000000499e04dc0 0 1 0 0 0 1 3 17192 312
0x0000723b3da92e40 0x0000000499e04e40 0 0 1 0 0 1 3 17192 304
0x0000723b3da92ec0 0x0000000499e04ec0 0 0 1 0 0 1 3 17192 312
0x0000723b3da92f40 0x0000000499e04f40 0 1 1 0 0 1 3 17192 304
0x0000723b3da92fc0 0x0000000499e04fc0 0 1 1 0 0 1 3 17192 312
0x0000723b3da93040 0x0000000c2cea0040 0 0 0 0 0 1 3 46493 0
0x0000723b3da930c0 0x0000000c2cea00c0 0 0 0 0 0 1 3 46493 8
0x0000723b3da93140 0x0000000c2cea0140 0 1 0 0 0 1 3 46493 0
0x0000723b3da931c0 0x0000000c2cea01c0 0 1 0 0 0 1 3 46493 8
0x0000723b3da93240 0x0000000c2cea0240 0 0 1 0 0 1 3 46493 0
0x0000723b3da932c0 0x0000000c2cea02c0 0 0 1 0 0 1 3 46493 8
0x0000723b3da93340 0x0000000c2cea0340 0 1 1 0 0 1 3 46493 0
0x0000723b3da933c0 0x0000000c2cea03c0 0 1 1 0 0 1 3 46493 8
0x0000723b3da93440 0x0000000c2cea0440 0 0 0 0 0 1 3 46493 16
0x0000723b3da934c0 0x0000000c2cea04c0 0 0 0 0 0 1 3 46493 24
0x0000723b3da93540 0x0000000c2cea0540 0 1 0 0 0 1 3 46493 16
0x0000723b3da935c0 0x0000000c2cea05c0 0 1 0 0 0 1 3 46493 24
0x0000723b3da93640 0x0000000c2cea0640 0 0 1 0 0 1 3 46493 16
0x0000723b3da936c0 0x0000000c2cea06c0 0 0 1 0 0 1 3 46493 24
0x0000723b3da93740 0x0000000c2cea0740 0 1 1 0 0 1 3 46493 16
0x0000723b3da937c0 0x0000000c2cea07c0 0 1 1 0 0 1 3 46493 24
0x0000723b3da93840 0x0000000c2cea0840 0 0 0 0 0 1 3 46493 32
0x0000723b3da938c0 0x0000000c2cea08c0 0 0 0 0 0 1 3 46493 40
0x0000723b3da93940 0x0000000c2cea0940 0 1 0 0 0 1 3 46493 32
0x0000723b3da939c0 0x0000000c2cea09c0 0 1 0 0 0 1 3 46493 40
0x0000723b3da93a40 0x0000000c2cea0a40 0 0 1 0 0 1 3 46493 32
0x0000723b3da93ac0 0x0000000c2cea0ac0 0 0 1 0 0 1 3 46493 40
0x0000723b3da93b40 0x0000000c2cea0b40 0 1 1 0 0 1 3 46493 32
0x0000723b3da93bc0 0x0000000c2cea0bc0 0 1 1 0 0 1 3 46493 40
0x0000723b3da93c40 0x0000000c2cea0c40 0 0 0 0 0 1 3 46493 48
0x0000723b3da93cc0 0x0000000c2cea0cc0 0 0 0 0 0 1 3 46493 56
0x0000723b3da93d40 0x0000000c2cea0d40 0 1 0 0 0 1 3 46493 48
0x0000723b3da93dc0 0x0000000c2cea0dc0 0 1 0 0 0 1 3 46493 56
0x0000723b3da93e40 0x0000000c2cea0e40 0 0 1 0 0 1 3 46493 48
0x0000723b3da93ec0 0x0000000c2cea0ec0 0 0 1 0 0 1 3 46493 56
0x0000723b3da93f40 0x0000000c2cea0f40 0 1 1 0 0 1 3 46493 48
0x0000723b3da93fc0 0x0000000c2cea0fc0 0 1 1 0 0 1 3 46493 56
0x0000723b3da95040 0x0000000499e07040 0 0 0 0 0 1 3 17192 448
0x0000723b3da950c0 0x0000000499e070c0 0 0 0 0 0 1 3 17192 456
0x0000723b3da95140 0x0000000499e07140 0 1 0 0 0 1 3 17192 448
0x0000723b3da951c0 0x0000000499e071c0 0 1 0 0 0 1 3 17192 456
0x0000723b3da95240 0x0000000499e07240 0 0 1 0 0 1 3 17192 448
0x0000723b3da952c0 0x0000000499e072c0 0 0 1 0 0 1 3 17192 456
0x0000723b3da95340 0x0000000499e07340 0 1 1 0 0 1 3 17192 448
0x0000723b3da953c0 0x0000000499e073c0 0 1 1 0 0 1 3 17192 456
0x0000723b3da95440 0x0000000499e07440 0 0 0 0 0 1 3 17192 464
0x0000723b3da954c0 0x0000000499e074c0 0 0 0 0 0 1 3 17192 472
0x0000723b3da95540 0x0000000499e07540 0 1 0 0 0 1 3 17192 464
0x0000723b3da955c0 0x0000000499e075c0 0 1 0 0 0 1 3 17192 472
0x0000723b3da95640 0x0000000499e07640 0 0 1 0 0 1 3 17192 464
0x0000723b3da956c0 0x0000000499e076c0 0 0 1 0 0 1 3 17192 472
0x0000723b3da95740 0x0000000499e07740 0 1 1 0 0 1 3 17192 464
0x0000723b3da957c0 0x0000000499e077c0 0 1 1 0 0 1 3 17192 472
0x0000723b3da95840 0x0000000499e07840 0 0 0 0 0 1 3 17192 480
0x0000723b3da958c0 0x0000000499e078c0 0 0 0 0 0 1 3 17192 488
0x0000723b3da95940 0x0000000499e07940 0 1 0 0 0 1 3 17192 480
0x0000723b3da959c0 0x0000000499e079c0 0 1 0 0 0 1 3 17192 488
0x0000723b3da95a40 0x0000000499e07a40 0 0 1 0 0 1 3 17192 480
0x0000723b3da95ac0 0x0000000499e07ac0 0 0 1 0 0 1 3 17192 488
0x0000723b3da95b40 0x0000000499e07b40 0 1 1 0 0 1 3 17192 480
0x0000723b3da95bc0 0x0000000499e07bc0 0 1 1 0 0 1 3 17192 488
0x0000723b3da95c40 0x0000000499e07c40 0 0 0 0 0 1 3 17192 496
0x0000723b3da95cc0 0x0000000499e07cc0 0 0 0 0 0 1 3 17192 504
0x0000723b3da95d40 0x0000000499e07d40 0 1 0 0 0 1 3 17192 496
0x0000723b3da95dc0 0x0000000499e07dc0 0 1 0 0 0 1 3 17192 504
0x0000723b3da95e40 0x0000000499e07e40 0 0 1 0 0 1 3 17192 496
0x0000723b3da95ec0 0x0000000499e07ec0 0 0 1 0 0 1 3 17192 504
0x0000723b3da95f40 0x0000000499e07f40 0 1 1 0 0 1 3 17192 496
0x0000723b3da95fc0 0x0000000499e07fc0 0 1 1 0 0 1 3 17192 504
0x0000723b3dac4040 0x0000000f0f659040 0 0 0 0 1 1 3 57842 576
0x0000723b3dac40c0 0x0000000f0f6590c0 0 0 0 0 1 1 3 57842 584
0x0000723b3dac4140 0x0000000f0f659140 0 1 0 0 1 1 3 57842 576
0x0000723b3dac41c0 0x0000000f0f6591c0 0 1 0 0 1 1 3 57842 584
0x0000723b3dac4240 0x0000000f0f659240 0 0 1 0 1 1 3 57842 576
0x0000723b3dac42c0 0x0000000f0f6592c0 0 0 1 0 1 1 3 57842 584
0x0000723b3dac4340 0x0000000f0f659340 0 1 1 0 1 1 3 57842 576
0x0000723b3dac43c0 0x0000000f0f6593c0 0 1 1 0 1 1 3 57842 584
0x0000723b3dac4440 0x0000000f0f659440 0 0 0 0 1 1 3 57842 592
0x0000723b3dac44c0 0x0000000f0f6594c0 0 0 0 0 1 1 3 57842 600
0x0000723b3dac4540 0x0000000f0f659540 0 1 0 0 1 1 3 57842 592
0x0000723b3dac45c0 0x0000000f0f6595c0 0 1 0 0 1 1 3 57842 600
0x0000723b3dac4640 0x0000000f0f659640 0 0 1 0 1 1 3 57842 592
0x0000723b3dac46c0 0x0000000f0f6596c0 0 0 1 0 1 1 3 57842 600
0x0000723b3dac4740 0x0000000f0f659740 0 1 1 0 1 1 3 57842 592
0x0000723b3dac47c0 0x0000000f0f6597c0 0 1 1 0 1 1 3 57842 600
0x0000723b3dac4840 0x0000000f0f659840 0 0 0 0 1 1 3 57842 608
0x0000723b3dac48c0 0x0000000f0f6598c0 0 0 0 0 1 1 3 57842 616
0x0000723b3dac4940 0x0000000f0f659940 0 1 0 0 1 1 3 57842 608
0x0000723b3dac49c0 0x0000000f0f6599c0 0 1 0 0 1 1 3 57842 616
0x0000723b3dac4a40 0x0000000f0f659a40 0 0 1 0 1 1 3 57842 608
0x0000723b3dac4ac0 0x0000000f0f659ac0 0 0 1 0 1 1 3 57842 616
0x0000723b3dac4b40 0x0000000f0f659b40 0 1 1 0 1 1 3 57842 608
0x0000723b3dac4bc0 0x0000000f0f659bc0 0 1 1 0 1 1 3 57842 616
0x0000723b3dac4c40 0x0000000f0f659c40 0 0 0 0 1 1 3 57842 624
0x0000723b3dac4cc0 0x0000000f0f659cc0 0 0 0 0 1 1 3 57842 632
0x0000723b3dac4d40 0x0000000f0f659d40 0 1 0 0 1 1 3 57842 624
0x0000723b3dac4dc0 0x0000000f0f659dc0 0 1 0 0 1 1 3 57842 632
0x0000723b3dac4e40 0x0000000f0f659e40 0 0 1 0 1 1 3 57842 624
0x0000723b3dac4ec0 0x0000000f0f659ec0 0 0 1 0 1 1 3 57842 632
0x0000723b3dac4f40 0x0000000f0f659f40 0 1 1 0 1 1 3 57842 624
0x0000723b3dac4fc0 0x0000000f0f659fc0 0 1 1 0 1 1 3 57842 632
0x0000723b3dac5040 0x0000000782e26040 0 0 0 0 0 1 3 28745 384
0x0000723b3dac50c0 0x0000000782e260c0 0 0 0 0 0 1 3 28745 392
0x0000723b3dac5140 0x0000000782e26140 0 1 0 0 0 1 3 28745 384
0x0000723b3dac51c0 0x0000000782e261c0 0 1 0 0 0 1 3 28745 392
0x0000723b3dac5240 0x0000000782e26240 0 0 1 0 0 1 3 28745 384
0x0000723b3dac52c0 0x0000000782e262c0 0 0 1 0 0 1 3 28745 392
0x0000723b3dac5340 0x0000000782e26340 0 1 1 0 0 1 3 28745 384
0x0000723b3dac53c0 0x0000000782e263c0 0 1 1 0 0 1 3 28745 392
0x0000723b3dac5440 0x0000000782e26440 0 0 0 0 0 1 3 28745 400
0x0000723b3dac54c0 0x0000000782e264c0 0 0 0 0 0 1 3 28745 408
0x0000723b3dac5540 0x0000000782e26540 0 1 0 0 0 1 3 28745 400
0x0000723b3dac55c0 0x0000000782e265c0 0 1 0 0 0 1 3 28745 408
0x0000723b3dac5640 0x0000000782e26640 0 0 1 0 0 1 3 28745 400
0x0000723b3dac56c0 0x0000000782e266c0 0 0 1 0 0 1 3 28745 408
0x0000723b3dac5740 0x0000000782e26740 0 1 1 0 0 1 3 28745 400
0x0000723b3dac57c0 0x0000000782e267c0 0 1 1 0 0 1 3 28745 408
0x0000723b3dac5840 0x0000000782e26840 0 0 0 0 0 1 3 28745 416
0x0000723b3dac58c0 0x0000000782e268c0 0 0 0 0 0 1 3 28745 424
0x0000723b3dac5940 0x0000000782e26940 0 1 0 0 0 1 3 28745 416
0x0000723b3dac59c0 0x0000000782e269c0 0 1 0 0 0 1 3 28745 424
0x0000723b3dac5a40 0x0000000782e26a40 0 0 1 0 0 1 3 28745 416
0x0000723b3dac5ac0 0x0000000782e26ac0 0 0 1 0 0 1 3 28745 424
0x0000723b3dac5b40 0x0000000782e26b40 0 1 1 0 0 1 3 28745 416
0x0000723b3dac5bc0 0x0000000782e26bc0 0 1 1 0 0 1 3 28745 424
0x0000723b3dac5c40 0x0000000782e26c40 0 0 0 0 0 1 3 28745 432
0x0000723b3dac5cc0 0x0000000782e26cc0 0 0 0 0 0 1 3 28745 440
0x0000723b3dac5d40 0x0000000782e26d40 0 1 0 0 0 1 3 28745 432
0x0000723b3dac5dc0 0x0000000782e26dc0 0 1 0 0 0 1 3 28745 440
0x0000723b3dac5e40 0x0000000782e26e40 0 0 1 0 0 1 3 28745 432
0x0000723b3dac5ec0 0x0000000782e26ec0 0 0 1 0 0 1 3 28745 440
0x0000723b3dac5f40 0x0000000782e26f40 0 1 1 0 0 1 3 28745 432
0x0000723b3dac5fc0 0x0000000782e26fc0 0 1 1 0 0 1 3 28745 440
0x0000723b3dacd040 0x0000000b8a6e6040 0 0 0 0 0 1 3 45383 384
0x0000723b3dacd0c0 0x0000000b8a6e60c0 0 0 0 0 0 1 3 45383 392
0x0000723b3dacd140 0x0000000b8a6e6140 0 1 0 0 0 1 3 45383 384
0x0000723b3dacd1c0 0x0000000b8a6e61c0 0 1 0 0 0 1 3 45383 392
0x0000723b3dacd240 0x0000000b8a6e6240 0 0 1 0 0 1 3 45383 384
0x0000723b3dacd2c0 0x0000000b8a6e62c0 0 0 1 0 0 1 3 45383 392
0x0000723b3dacd340 0x0000000b8a6e6340 0 1 1 0 0 1 3 45383 384
0x0000723b3dacd3c0 0x0000000b8a6e63c0 0 1 1 0 0 1 3 45383 392
0x0000723b3dacd440 0x0000000b8a6e6440 0 0 0 0 0 1 3 45383 400
0x0000723b3dacd4c0 0x0000000b8a6e64c0 0 0 0 0 0 1 3 45383 408
0x0000723b3dacd540 0x0000000b8a6e6540 0 1 0 0 0 1 3 45383 400
0x0000723b3dacd5c0 0x0000000b8a6e65c0 0 1 0 0 0 1 3 45383 408
0x0000723b3dacd640 0x0000000b8a6e6640 0 0 1 0 0 1 3 45383 400
0x0000723b3dacd6c0 0x0000000b8a6e66c0 0 0 1 0 0 1 3 45383 408
0x0000723b3dacd740 0x0000000b8a6e6740 0 1 1 0 0 1 3 45383 400
0x0000723b3dacd7c0 0x0000000b8a6e67c0 0 1 1 0 0 1 3 45383 408
0x0000723b3dacd840 0x0000000b8a6e6840 0 0 0 0 0 1 3 45383 416
0x0000723b3dacd8c0 0x0000000b8a6e68c0 0 0 0 0 0 1 3 45383 424
0x0000723b3dacd940 0x0000000b8a6e6940 0 1 0 0 0 1 3 45383 416
0x0000723b3dacd9c0 0x0000000b8a6e69c0 0 1 0 0 0 1 3 45383 424
0x0000723b3dacda40 0x0000000b8a6e6a40 0 0 1 0 0 1 3 45383 416
0x0000723b3dacdac0 0x0000000b8a6e6ac0 0 0 1 0 0 1 3 45383 424
0x0000723b3dacdb40 0x0000000b8a6e6b40 0 1 1 0 0 1 3 45383 416
0x0000723b3dacdbc0 0x0000000b8a6e6bc0 0 1 1 0 0 1 3 45383 424
0x0000723b3dacdc40 0x0000000b8a6e6c40 0 0 0 0 0 1 3 45383 432
0x0000723b3dacdcc0 0x0000000b8a6e6cc0 0 0 0 0 0 1 3 45383 440
0x0000723b3dacdd40 0x0000000b8a6e6d40 0 1 0 0 0 1 3 45383 432
0x0000723b3dacddc0 0x0000000b8a6e6dc0 0 1 0 0 0 1 3 45383 440
0x0000723b3dacde40 0x0000000b8a6e6e40 0 0 1 0 0 1 3 45383 432
0x0000723b3dacdec0 0x0000000b8a6e6ec0 0 0 1 0 0 1 3 45383 440
0x0000723b3dacdf40 0x0000000b8a6e6f40 0 1 1 0 0 1 3 45383 432
0x0000723b3dacdfc0 0x0000000b8a6e6fc0 0 1 1 0 0 1 3 45383 440
0x0000723b3dad0040 0x00000006d4627040 0 0 0 0 0 1 3 27265 448
0x0000723b3dad00c0 0x00000006d46270c0 0 0 0 0 0 1 3 27265 456
0x0000723b3dad0140 0x00000006d4627140 0 1 0 0 0 1 3 27265 448
0x0000723b3dad01c0 0x00000006d46271c0 0 1 0 0 0 1 3 27265 456
0x0000723b3dad0240 0x00000006d4627240 0 0 1 0 0 1 3 27265 448
0x0000723b3dad02c0 0x00000006d46272c0 0 0 1 0 0 1 3 27265 456
0x0000723b3dad0340 0x00000006d4627340 0 1 1 0 0 1 3 27265 448
0x0000723b3dad03c0 0x00000006d46273c0 0 1 1 0 0 1 3 27265 456
0x0000723b3dad0440 0x00000006d4627440 0 0 0 0 0 1 3 27265 464
0x0000723b3dad04c0 0x00000006d46274c0 0 0 0 0 0 1 3 27265 472
0x0000723b3dad0540 0x00000006d4627540 0 1 0 0 0 1 3 27265 464
0x0000723b3dad05c0 0x00000006d46275c0 0 1 0 0 0 1 3 27265 472
0x0000723b3dad0640 0x00000006d4627640 0 0 1 0 0 1 3 27265 464
0x0000723b3dad06c0 0x00000006d46276c0 0 0 1 0 0 1 3 27265 472
0x0000723b3dad0740 0x00000006d4627740 0 1 1 0 0 1 3 27265 464
0x0000723b3dad07c0 0x00000006d46277c0 0 1 1 0 0 1 3 27265 472
0x0000723b3dad0840 0x00000006d4627840 0 0 0 0 0 1 3 27265 480
0x0000723b3dad08c0 0x00000006d46278c0 0 0 0 0 0 1 3 27265 488
0x0000723b3dad0940 0x00000006d4627940 0 1 0 0 0 1 3 27265 480
0x0000723b3dad09c0 0x00000006d46279c0 0 1 0 0 0 1 3 27265 488
0x0000723b3dad0a40 0x00000006d4627a40 0 0 1 0 0 1 3 27265 480
0x0000723b3dad0ac0 0x00000006d4627ac0 0 0 1 0 0 1 3 27265 488
0x0000723b3dad0b40 0x00000006d4627b40 0 1 1 0 0 1 3 27265 480
0x0000723b3dad0bc0 0x00000006d4627bc0 0 1 1 0 0 1 3 27265 488
0x0000723b3dad0c40 0x00000006d4627c40 0 0 0 0 0 1 3 27265 496
0x0000723b3dad0cc0 0x00000006d4627cc0 0 0 0 0 0 1 3 27265 504
0x0000723b3dad0d40 0x00000006d4627d40 0 1 0 0 0 1 3 27265 496
0x0000723b3dad0dc0 0x00000006d4627dc0 0 1 0 0 0 1 3 27265 504
0x0000723b3dad0e40 0x00000006d4627e40 0 0 1 0 0 1 3 27265 496
0x0000723b3dad0ec0 0x00000006d4627ec0 0 0 1 0 0 1 3 27265 504
0x0000723b3dad0f40 0x00000006d4627f40 0 1 1 0 0 1 3 27265 496
0x0000723b3dad0fc0 0x00000006d4627fc0 0 1 1 0 0 1 3 27265 504
0x0000723b3dad3040 0x00000006b5606040 0 0 0 0 0 1 3 26272 384
0x0000723b3dad30c0 0x00000006b56060c0 0 0 0 0 0 1 3 26272 392
0x0000723b3dad3140 0x00000006b5606140 0 1 0 0 0 1 3 26272 384
0x0000723b3dad31c0 0x00000006b56061c0 0 1 0 0 0 1 3 26272 392
0x0000723b3dad3240 0x00000006b5606240 0 0 1 0 0 1 3 26272 384
0x0000723b3dad32c0 0x00000006b56062c0 0 0 1 0 0 1 3 26272 392
0x0000723b3dad3340 0x00000006b5606340 0 1 1 0 0 1 3 26272 384
0x0000723b3dad33c0 0x00000006b56063c0 0 1 1 0 0 1 3 26272 392
0x0000723b3dad3440 0x00000006b5606440 0 0 0 0 0 1 3 26272 400
0x0000723b3dad34c0 0x00000006b56064c0 0 0 0 0 0 1 3 26272 408
0x0000723b3dad3540 0x00000006b5606540 0 1 0 0 0 1 3 26272 400
0x0000723b3dad35c0 0x00000006b56065c0 0 1 0 0 0 1 3 26272 408
0x0000723b3dad3640 0x00000006b5606640 0 0 1 0 0 1 3 26272 400
0x0000723b3dad36c0 0x00000006b56066c0 0 0 1 0 0 1 3 26272 408
0x0000723b3dad3740 0x00000006b5606740 0 1 1 0 0 1 3 26272 400
0x0000723b3dad37c0 0x00000006b56067c0 0 1 1 0 0 1 3 26272 408
0x0000723b3dad3840 0x00000006b5606840 0 0 0 0 0 1 3 26272 416
0x0000723b3dad38c0 0x00000006b56068c0 0 0 0 0 0 1 3 26272 424
0x0000723b3dad3940 0x00000006b5606940 0 1 0 0 0 1 3 26272 416
0x0000723b3dad39c0 0x00000006b56069c0 0 1 0 0 0 1 3 26272 424
0x0000723b3dad3a40 0x00000006b5606a40 0 0 1 0 0 1 3 26272 416
0x0000723b3dad3ac0 0x00000006b5606ac0 0 0 1 0 0 1 3 26272 424
0x0000723b3dad3b40 0x00000006b5606b40 0 1 1 0 0 1 3 26272 416
0x0000723b3dad3bc0 0x00000006b5606bc0 0 1 1 0 0 1 3 26272 424
0x0000723b3dad3c40 0x00000006b5606c40 0 0 0 0 0 1 3 26272 432
0x0000723b3dad3cc0 0x00000006b5606cc0 0 0 0 0 0 1 3 26272 440
0x0000723b3dad3d40 0x00000006b5606d40 0 1 0 0 0 1 3 26272 432
0x0000723b3dad3dc0 0x00000006b5606dc0 0 1 0 0 0 1 3 26272 440
0x0000723b3dad3e40 0x00000006b5606e40 0 0 1 0 0 1 3 26272 432
0x0000723b3dad3ec0 0x00000006b5606ec0 0 0 1 0 0 1 3 26272 440
0x0000723b3dad3f40 0x00000006b5606f40 0 1 1 0 0 1 3 26272 432
0x0000723b3dad3fc0 0x00000006b5606fc0 0 1 1 0 0 1 3 26272 440
0x0000723b3dad8040 0x000000070a6a4040 0 0 0 0 0 1 3 24917 256
0x0000723b3dad80c0 0x000000070a6a40c0 0 0 0 0 0 1 3 24917 264
0x0000723b3dad8140 0x000000070a6a4140 0 1 0 0 0 1 3 24917 256
0x0000723b3dad81c0 0x000000070a6a41c0 0 1 0 0 0 1 3 24917 264
0x0000723b3dad8240 0x000000070a6a4240 0 0 1 0 0 1 3 24917 256
0x0000723b3dad82c0 0x000000070a6a42c0 0 0 1 0 0 1 3 24917 264
0x0000723b3dad8340 0x000000070a6a4340 0 1 1 0 0 1 3 24917 256
0x0000723b3dad83c0 0x000000070a6a43c0 0 1 1 0 0 1 3 24917 264
0x0000723b3dad8440 0x000000070a6a4440 0 0 0 0 0 1 3 24917 272
0x0000723b3dad84c0 0x000000070a6a44c0 0 0 0 0 0 1 3 24917 280
0x0000723b3dad8540 0x000000070a6a4540 0 1 0 0 0 1 3 24917 272
0x0000723b3dad85c0 0x000000070a6a45c0 0 1 0 0 0 1 3 24917 280
0x0000723b3dad8640 0x000000070a6a4640 0 0 1 0 0 1 3 24917 272
0x0000723b3dad86c0 0x000000070a6a46c0 0 0 1 0 0 1 3 24917 280
0x0000723b3dad8740 0x000000070a6a4740 0 1 1 0 0 1 3 24917 272
0x0000723b3dad87c0 0x000000070a6a47c0 0 1 1 0 0 1 3 24917 280
0x0000723b3dad8840 0x000000070a6a4840 0 0 0 0 0 1 3 24917 288
0x0000723b3dad88c0 0x000000070a6a48c0 0 0 0 0 0 1 3 24917 296
0x0000723b3dad8940 0x000000070a6a4940 0 1 0 0 0 1 3 24917 288
0x0000723b3dad89c0 0x000000070a6a49c0 0 1 0 0 0 1 3 24917 296
0x0000723b3dad8a40 0x000000070a6a4a40 0 0 1 0 0 1 3 24917 288
0x0000723b3dad8ac0 0x000000070a6a4ac0 0 0 1 0 0 1 3 24917 296
0x0000723b3dad8b40 0x000000070a6a4b40 0 1 1 0 0 1 3 24917 288
0x0000723b3dad8bc0 0x000000070a6a4bc0 0 1 1 0 0 1 3 24917 296
0x0000723b3dad8c40 0x000000070a6a4c40 0 0 0 0 0 1 3 24917 304
0x0000723b3dad8cc0 0x000000070a6a4cc0 0 0 0 0 0 1 3 24917 312
0x0000723b3dad8d40 0x000000070a6a4d40 0 1 0 0 0 1 3 24917 304
0x0000723b3dad8dc0 0x000000070a6a4dc0 0 1 0 0 0 1 3 24917 312
0x0000723b3dad8e40 0x000000070a6a4e40 0 0 1 0 0 1 3 24917 304
0x0000723b3dad8ec0 0x000000070a6a4ec0 0 0 1 0 0 1 3 24917 312
0x0000723b3dad8f40 0x000000070a6a4f40 0 1 1 0 0 1 3 24917 304
0x0000723b3dad8fc0 0x000000070a6a4fc0 0 1 1 0 0 1 3 24917 312
0x0000723b3dae3040 0x00000004c6669040 0 0 0 0 1 1 3 18627 64
0x0000723b3dae30c0 0x00000004c66690c0 0 0 0 0 1 1 3 18627 72
0x0000723b3dae3140 0x00000004c6669140 0 1 0 0 1 1 3 18627 64
0x0000723b3dae31c0 0x00000004c66691c0 0 1 0 0 1 1 3 18627 72
0x0000723b3dae3240 0x00000004c6669240 0 0 1 0 1 1 3 18627 64
0x0000723b3dae32c0 0x00000004c66692c0 0 0 1 0 1 1 3 18627 72
0x0000723b3dae3340 0x00000004c6669340 0 1 1 0 1 1 3 18627 64
0x0000723b3dae33c0 0x00000004c66693c0 0 1 1 0 1 1 3 18627 72
0x0000723b3dae3440 0x00000004c6669440 0 0 0 0 1 1 3 18627 80
0x0000723b3dae34c0 0x00000004c66694c0 0 0 0 0 1 1 3 18627 88
0x0000723b3dae3540 0x00000004c6669540 0 1 0 0 1 1 3 18627 80
0x0000723b3dae35c0 0x00000004c66695c0 0 1 0 0 1 1 3 18627 88
0x0000723b3dae3640 0x00000004c6669640 0 0 1 0 1 1 3 18627 80
0x0000723b3dae36c0 0x00000004c66696c0 0 0 1 0 1 1 3 18627 88
0x0000723b3dae3740 0x00000004c6669740 0 1 1 0 1 1 3 18627 80
0x0000723b3dae37c0 0x00000004c66697c0 0 1 1 0 1 1 3 18627 88
0x0000723b3dae3840 0x00000004c6669840 0 0 0 0 1 1 3 18627 96
0x0000723b3dae38c0 0x00000004c66698c0 0 0 0 0 1 1 3 18627 104
0x0000723b3dae3940 0x00000004c6669940 0 1 0 0 1 1 3 18627 96
0x0000723b3dae39c0 0x00000004c66699c0 0 1 0 0 1 1 3 18627 104
0x0000723b3dae3a40 0x00000004c6669a40 0 0 1 0 1 1 3 18627 96
0x0000723b3dae3ac0 0x00000004c6669ac0 0 0 1 0 1 1 3 18627 104
0x0000723b3dae3b40 0x00000004c6669b40 0 1 1 0 1 1 3 18627 96
0x0000723b3dae3bc0 0x00000004c6669bc0 0 1 1 0 1 1 3 18627 104
0x0000723b3dae3c40 0x00000004c6669c40 0 0 0 0 1 1 3 18627 112
0x0000723b3dae3cc0 0x00000004c6669cc0 0 0 0 0 1 1 3 18627 120
0x0000723b3dae3d40 0x00000004c6669d40 0 1 0 0 1 1 3 18627 112
0x0000723b3dae3dc0 0x00000004c6669dc0 0 1 0 0 1 1 3 18627 120
0x0000723b3dae3e40 0x00000004c6669e40 0 0 1 0 1 1 3 18627 112
0x0000723b3dae3ec0 0x00000004c6669ec0 0 0 1 0 1 1 3 18627 120
0x0000723b3dae3f40 0x00000004c6669f40 0 1 1 0 1 1 3 18627 112
0x0000723b3dae3fc0 0x00000004c6669fc0 0 1 1 0 1 1 3 18627 120
0x0000723b3daf4040 0x00000001d561c040 0 0 0 0 1 1 3 6816 768
0x0000723b3daf40c0 0x00000001d561c0c0 0 0 0 0 1 1 3 6816 776
0x0000723b3daf4140 0x00000001d561c140 0 1 0 0 1 1 3 6816 768
0x0000723b3daf41c0 0x00000001d561c1c0 0 1 0 0 1 1 3 6816 776
0x0000723b3daf4240 0x00000001d561c240 0 0 1 0 1 1 3 6816 768
0x0000723b3daf42c0 0x00000001d561c2c0 0 0 1 0 1 1 3 6816 776
0x0000723b3daf4340 0x00000001d561c340 0 1 1 0 1 1 3 6816 768
0x0000723b3daf43c0 0x00000001d561c3c0 0 1 1 0 1 1 3 6816 776
0x0000723b3daf4440 0x00000001d561c440 0 0 0 0 1 1 3 6816 784
0x0000723b3daf44c0 0x00000001d561c4c0 0 0 0 0 1 1 3 6816 792
0x0000723b3daf4540 0x00000001d561c540 0 1 0 0 1 1 3 6816 784
0x0000723b3daf45c0 0x00000001d561c5c0 0 1 0 0 1 1 3 6816 792
0x0000723b3daf4640 0x00000001d561c640 0 0 1 0 1 1 3 6816 784
0x0000723b3daf46c0 0x00000001d561c6c0 0 0 1 0 1 1 3 6816 792
0x0000723b3daf4740 0x00000001d561c740 0 1 1 0 1 1 3 6816 784
0x0000723b3daf47c0 0x00000001d561c7c0 0 1 1 0 1 1 3 6816 792
0x0000723b3daf4840 0x00000001d561c840 0 0 0 0 1 1 3 6816 800
0x0000723b3daf48c0 0x00000001d561c8c0 0 0 0 0 1 1 3 6816 808
0x0000723b3daf4940 0x00000001d561c940 0 1 0 0 1 1 3 6816 800
0x0000723b3daf49c0 0x00000001d561c9c0 0 1 0 0 1 1 3 6816 808
0x0000723b3daf4a40 0x00000001d561ca40 0 0 1 0 1 1 3 6816 800
0x0000723b3daf4ac0 0x00000001d561cac0 0 0 1 0 1 1 3 6816 808
0x0000723b3daf4b40 0x00000001d561cb40 0 1 1 0 1 1 3 6816 800
0x0000723b3daf4bc0 0x00000001d561cbc0 0 1 1 0 1 1 3 6816 808
0x0000723b3daf4c40 0x00000001d561cc40 0 0 0 0 1 1 3 6816 816
0x0000723b3daf4cc0 0x00000001d561ccc0 0 0 0 0 1 1 3 6816 824
0x0000723b3daf4d40 0x00000001d561cd40 0 1 0 0 1 1 3 6816 816
0x0000723b3daf4dc0 0x00000001d561cdc0 0 1 0 0 1 1 3 6816 824
0x0000723b3daf4e40 0x00000001d561ce40 0 0 1 0 1 1 3 6816 816
0x0000723b3daf4ec0 0x00000001d561cec0 0 0 1 0 1 1 3 6816 824
0x0000723b3daf4f40 0x00000001d561cf40 0 1 1 0 1 1 3 6816 816
0x0000723b3daf4fc0 0x00000001d561cfc0 0 1 1 0 1 1 3 6816 824
