# bank_id=2 (bg=0 ba=2) n=3136
# Columns: VA PA s imc ch dimm rank bg ba row col
0x0000723b3d800000 0x0000000142cd5000 0 0 0 0 0 0 2 2142 832
0x0000723b3d800080 0x0000000142cd5080 0 0 0 0 0 0 2 2142 840
0x0000723b3d800100 0x0000000142cd5100 0 1 0 0 0 0 2 2142 832
0x0000723b3d800180 0x0000000142cd5180 0 1 0 0 0 0 2 2142 840
0x0000723b3d800200 0x0000000142cd5200 0 0 1 0 0 0 2 2142 832
0x0000723b3d800280 0x0000000142cd5280 0 0 1 0 0 0 2 2142 840
0x0000723b3d800300 0x0000000142cd5300 0 1 1 0 0 0 2 2142 832
0x0000723b3d800380 0x0000000142cd5380 0 1 1 0 0 0 2 2142 840
0x0000723b3d800400 0x0000000142cd5400 0 0 0 0 0 0 2 2142 848
0x0000723b3d800480 0x0000000142cd5480 0 0 0 0 0 0 2 2142 856
0x0000723b3d800500 0x0000000142cd5500 0 1 0 0 0 0 2 2142 848
0x0000723b3d800580 0x0000000142cd5580 0 1 0 0 0 0 2 2142 856
0x0000723b3d800600 0x0000000142cd5600 0 0 1 0 0 0 2 2142 848
0x0000723b3d800680 0x0000000142cd5680 0 0 1 0 0 0 2 2142 856
0x0000723b3d800700 0x0000000142cd5700 0 1 1 0 0 0 2 2142 848
0x0000723b3d800780 0x0000000142cd5780 0 1 1 0 0 0 2 2142 856
0x0000723b3d800800 0x0000000142cd5800 0 0 0 0 0 0 2 2142 864
0x0000723b3d800880 0x0000000142cd5880 0 0 0 0 0 0 2 2142 872
0x0000723b3d800900 0x0000000142cd5900 0 1 0 0 0 0 2 2142 864
0x0000723b3d800980 0x0000000142cd5980 0 1 0 0 0 0 2 2142 872
0x0000723b3d800a00 0x0000000142cd5a00 0 0 1 0 0 0 2 2142 864
0x0000723b3d800a80 0x0000000142cd5a80 0 0 1 0 0 0 2 2142 872
0x0000723b3d800b00 0x0000000142cd5b00 0 1 1 0 0 0 2 2142 864
0x0000723b3d800b80 0x0000000142cd5b80 0 1 1 0 0 0 2 2142 872
0x0000723b3d800c00 0x0000000142cd5c00 0 0 0 0 0 0 2 2142 880
0x0000723b3d800c80 0x0000000142cd5c80 0 0 0 0 0 0 2 2142 888
0x0000723b3d800d00 0x0000000142cd5d00 0 1 0 0 0 0 2 2142 880
0x0000723b3d800d80 0x0000000142cd5d80 0 1 0 0 0 0 2 2142 888
0x0000723b3d800e00 0x0000000142cd5e00 0 0 1 0 0 0 2 2142 880
0x0000723b3d800e80 0x0000000142cd5e80 0 0 1 0 0 0 2 2142 888
0x0000723b3d800f00 0x0000000142cd5f00 0 1 1 0 0 0 2 2142 880
0x0000723b3d800f80 0x0000000142cd5f80 0 1 1 0 0 0 2 2142 888
0x0000723b3d802000 0x0000000a61469000 0 0 0 0 1 0 2 39987 64
0x0000723b3d802080 0x0000000a61469080 0 0 0 0 1 0 2 39987 72
0x0000723b3d802100 0x0000000a61469100 0 1 0 0 1 0 2 39987 64
0x0000723b3d802180 0x0000000a61469180 0 1 0 0 1 0 2 39987 72
0x0000723b3d802200 0x0000000a61469200 0 0 1 0 1 0 2 39987 64
0x0000723b3d802280 0x0000000a61469280 0 0 1 0 1 0 2 39987 72
0x0000723b3d802300 0x0000000a61469300 0 1 1 0 1 0 2 39987 64
0x0000723b3d802380 0x0000000a61469380 0 1 1 0 1 0 2 39987 72
0x0000723b3d802400 0x0000000a61469400 0 0 0 0 1 0 2 39987 80
0x0000723b3d802480 0x0000000a61469480 0 0 0 0 1 0 2 39987 88
0x0000723b3d802500 0x0000000a61469500 0 1 0 0 1 0 2 39987 80
0x0000723b3d802580 0x0000000a61469580 0 1 0 0 1 0 2 39987 88
0x0000723b3d802600 0x0000000a61469600 0 0 1 0 1 0 2 39987 80
0x0000723b3d802680 0x0000000a61469680 0 0 1 0 1 0 2 39987 88
0x0000723b3d802700 0x0000000a61469700 0 1 1 0 1 0 2 39987 80
0x0000723b3d802780 0x0000000a61469780 0 1 1 0 1 0 2 39987 88
0x0000723b3d802800 0x0000000a61469800 0 0 0 0 1 0 2 39987 96
0x0000723b3d802880 0x0000000a61469880 0 0 0 0 1 0 2 39987 104
0x0000723b3d802900 0x0000000a61469900 0 1 0 0 1 0 2 39987 96
0x0000723b3d802980 0x0000000a61469980 0 1 0 0 1 0 2 39987 104
0x0000723b3d802a00 0x0000000a61469a00 0 0 1 0 1 0 2 39987 96
0x0000723b3d802a80 0x0000000a61469a80 0 0 1 0 1 0 2 39987 104
0x0000723b3d802b00 0x0000000a61469b00 0 1 1 0 1 0 2 39987 96
0x0000723b3d802b80 0x0000000a61469b80 0 1 1 0 1 0 2 39987 104
0x0000723b3d802c00 0x0000000a61469c00 0 0 0 0 1 0 2 39987 112
0x0000723b3d802c80 0x0000000a61469c80 0 0 0 0 1 0 2 39987 120
0x0000723b3d802d00 0x0000000a61469d00 0 1 0 0 1 0 2 39987 112
0x0000723b3d802d80 0x0000000a61469d80 0 1 0 0 1 0 2 39987 120
0x0000723b3d802e00 0x0000000a61469e00 0 0 1 0 1 0 2 39987 112
0x0000723b3d802e80 0x0000000a61469e80 0 0 1 0 1 0 2 39987 120
0x0000723b3d802f00 0x0000000a61469f00 0 1 1 0 1 0 2 39987 112
0x0000723b3d802f80 0x0000000a61469f80 0 1 1 0 1 0 2 39987 120
0x0000723b3d810000 0x0000000d30ceb000 0 0 0 0 1 0 2 50719 192
0x0000723b3d810080 0x0000000d30ceb080 0 0 0 0 1 0 2 50719 200
0x0000723b3d810100 0x0000000d30ceb100 0 1 0 0 1 0 2 50719 192
0x0000723b3d810180 0x0000000d30ceb180 0 1 0 0 1 0 2 50719 200
0x0000723b3d810200 0x0000000d30ceb200 0 0 1 0 1 0 2 50719 192
0x0000723b3d810280 0x0000000d30ceb280 0 0 1 0 1 0 2 50719 200
0x0000723b3d810300 0x0000000d30ceb300 0 1 1 0 1 0 2 50719 192
0x0000723b3d810380 0x0000000d30ceb380 0 1 1 0 1 0 2 50719 200
0x0000723b3d810400 0x0000000d30ceb400 0 0 0 0 1 0 2 50719 208
0x0000723b3d810480 0x0000000d30ceb480 0 0 0 0 1 0 2 50719 216
0x0000723b3d810500 0x0000000d30ceb500 0 1 0 0 1 0 2 50719 208
0x0000723b3d810580 0x0000000d30ceb580 0 1 0 0 1 0 2 50719 216
0x0000723b3d810600 0x0000000d30ceb600 0 0 1 0 1 0 2 50719 208
0x0000723b3d810680 0x0000000d30ceb680 0 0 1 0 1 0 2 50719 216
0x0000723b3d810700 0x0000000d30ceb700 0 1 1 0 1 0 2 50719 208
0x0000723b3d810780 0x0000000d30ceb780 0 1 1 0 1 0 2 50719 216
0x0000723b3d810800 0x0000000d30ceb800 0 0 0 0 1 0 2 50719 224
0x0000723b3d810880 0x0000000d30ceb880 0 0 0 0 1 0 2 50719 232
0x0000723b3d810900 0x0000000d30ceb900 0 1 0 0 1 0 2 50719 224
0x0000723b3d810980 0x0000000d30ceb980 0 1 0 0 1 0 2 50719 232
0x0000723b3d810a00 0x0000000d30ceba00 0 0 1 0 1 0 2 50719 224
0x0000723b3d810a80 0x0000000d30ceba80 0 0 1 0 1 0 2 50719 232
0x0000723b3d810b00 0x0000000d30cebb00 0 1 1 0 1 0 2 50719 224
0x0000723b3d810b80 0x0000000d30cebb80 0 1 1 0 1 0 2 50719 232
0x0000723b3d810c00 0x0000000d30cebc00 0 0 0 0 1 0 2 50719 240
0x0000723b3d810c80 0x0000000d30cebc80 0 0 0 0 1 0 2 50719 248
0x0000723b3d810d00 0x0000000d30cebd00 0 1 0 0 1 0 2 50719 240
0x0000723b3d810d80 0x0000000d30cebd80 0 1 0 0 1 0 2 50719 248
0x0000723b3d810e00 0x0000000d30cebe00 0 0 1 0 1 0 2 50719 240
0x0000723b3d810e80 0x0000000d30cebe80 0 0 1 0 1 0 2 50719 248
0x0000723b3d810f00 0x0000000d30cebf00 0 1 1 0 1 0 2 50719 240
0x0000723b3d810f80 0x0000000d30cebf80 0 1 1 0 1 0 2 50719 248
0x0000723b3d814000 0x000000056bc88000 0 0 0 0 1 0 2 19836 0
0x0000723b3d814080 0x000000056bc88080 0 0 0 0 1 0 2 19836 8
0x0000723b3d814100 0x000000056bc88100 0 1 0 0 1 0 2 19836 0
0x0000723b3d814180 0x000000056bc88180 0 1 0 0 1 0 2 19836 8
0x0000723b3d814200 0x000000056bc88200 0 0 1 0 1 0 2 19836 0
0x0000723b3d814280 0x000000056bc88280 0 0 1 0 1 0 2 19836 8
0x0000723b3d814300 0x000000056bc88300 0 1 1 0 1 0 2 19836 0
0x0000723b3d814380 0x000000056bc88380 0 1 1 0 1 0 2 19836 8
0x0000723b3d814400 0x000000056bc88400 0 0 0 0 1 0 2 19836 16
0x0000723b3d814480 0x000000056bc88480 0 0 0 0 1 0 2 19836 24
0x0000723b3d814500 0x000000056bc88500 0 1 0 0 1 0 2 19836 16
0x0000723b3d814580 0x000000056bc88580 0 1 0 0 1 0 2 19836 24
0x0000723b3d814600 0x000000056bc88600 0 0 1 0 1 0 2 19836 16
0x0000723b3d814680 0x000000056bc88680 0 0 1 0 1 0 2 19836 24
0x0000723b3d814700 0x000000056bc88700 0 1 1 0 1 0 2 19836 16
0x0000723b3d814780 0x000000056bc88780 0 1 1 0 1 0 2 19836 24
0x0000723b3d814800 0x000000056bc88800 0 0 0 0 1 0 2 19836 32
0x0000723b3d814880 0x000000056bc88880 0 0 0 0 1 0 2 19836 40
0x0000723b3d814900 0x000000056bc88900 0 1 0 0 1 0 2 19836 32
0x0000723b3d814980 0x000000056bc88980 0 1 0 0 1 0 2 19836 40
0x0000723b3d814a00 0x000000056bc88a00 0 0 1 0 1 0 2 19836 32
0x0000723b3d814a80 0x000000056bc88a80 0 0 1 0 1 0 2 19836 40
0x0000723b3d814b00 0x000000056bc88b00 0 1 1 0 1 0 2 19836 32
0x0000723b3d814b80 0x000000056bc88b80 0 1 1 0 1 0 2 19836 40
0x0000723b3d814c00 0x000000056bc88c00 0 0 0 0 1 0 2 19836 48
0x0000723b3d814c80 0x000000056bc88c80 0 0 0 0 1 0 2 19836 56
0x0000723b3d814d00 0x000000056bc88d00 0 1 0 0 1 0 2 19836 48
0x0000723b3d814d80 0x000000056bc88d80 0 1 0 0 1 0 2 19836 56
0x0000723b3d814e00 0x000000056bc88e00 0 0 1 0 1 0 2 19836 48
0x0000723b3d814e80 0x000000056bc88e80 0 0 1 0 1 0 2 19836 56
0x0000723b3d814f00 0x000000056bc88f00 0 1 1 0 1 0 2 19836 48
0x0000723b3d814f80 0x000000056bc88f80 0 1 1 0 1 0 2 19836 56
0x0000723b3d816000 0x00000009d64dc000 0 0 0 0 1 0 2 39622 768
0x0000723b3d816080 0x00000009d64dc080 0 0 0 0 1 0 2 39622 776
0x0000723b3d816100 0x00000009d64dc100 0 1 0 0 1 0 2 39622 768
0x0000723b3d816180 0x00000009d64dc180 0 1 0 0 1 0 2 39622 776
0x0000723b3d816200 0x00000009d64dc200 0 0 1 0 1 0 2 39622 768
0x0000723b3d816280 0x00000009d64dc280 0 0 1 0 1 0 2 39622 776
0x0000723b3d816300 0x00000009d64dc300 0 1 1 0 1 0 2 39622 768
0x0000723b3d816380 0x00000009d64dc380 0 1 1 0 1 0 2 39622 776
0x0000723b3d816400 0x00000009d64dc400 0 0 0 0 1 0 2 39622 784
0x0000723b3d816480 0x00000009d64dc480 0 0 0 0 1 0 2 39622 792
0x0000723b3d816500 0x00000009d64dc500 0 1 0 0 1 0 2 39622 784
0x0000723b3d816580 0x00000009d64dc580 0 1 0 0 1 0 2 39622 792
0x0000723b3d816600 0x00000009d64dc600 0 0 1 0 1 0 2 39622 784
0x0000723b3d816680 0x00000009d64dc680 0 0 1 0 1 0 2 39622 792
0x0000723b3d816700 0x00000009d64dc700 0 1 1 0 1 0 2 39622 784
0x0000723b3d816780 0x00000009d64dc780 0 1 1 0 1 0 2 39622 792
0x0000723b3d816800 0x00000009d64dc800 0 0 0 0 1 0 2 39622 800
0x0000723b3d816880 0x00000009d64dc880 0 0 0 0 1 0 2 39622 808
0x0000723b3d816900 0x00000009d64dc900 0 1 0 0 1 0 2 39622 800
0x0000723b3d816980 0x00000009d64dc980 0 1 0 0 1 0 2 39622 808
0x0000723b3d816a00 0x00000009d64dca00 0 0 1 0 1 0 2 39622 800
0x0000723b3d816a80 0x00000009d64dca80 0 0 1 0 1 0 2 39622 808
0x0000723b3d816b00 0x00000009d64dcb00 0 1 1 0 1 0 2 39622 800
0x0000723b3d816b80 0x00000009d64dcb80 0 1 1 0 1 0 2 39622 808
0x0000723b3d816c00 0x00000009d64dcc00 0 0 0 0 1 0 2 39622 816
0x0000723b3d816c80 0x00000009d64dcc80 0 0 0 0 1 0 2 39622 824
0x0000723b3d816d00 0x00000009d64dcd00 0 1 0 0 1 0 2 39622 816
0x0000723b3d816d80 0x00000009d64dcd80 0 1 0 0 1 0 2 39622 824
0x0000723b3d816e00 0x00000009d64dce00 0 0 1 0 1 0 2 39622 816
0x0000723b3d816e80 0x00000009d64dce80 0 0 1 0 1 0 2 39622 824
0x0000723b3d816f00 0x00000009d64dcf00 0 1 1 0 1 0 2 39622 816
0x0000723b3d816f80 0x00000009d64dcf80 0 1 1 0 1 0 2 39622 824
0x0000723b3d81d000 0x000000014bc0c000 0 0 0 0 1 0 2 2424 256
0x0000723b3d81d080 0x000000014bc0c080 0 0 0 0 1 0 2 2424 264
0x0000723b3d81d100 0x000000014bc0c100 0 1 0 0 1 0 2 2424 256
0x0000723b3d81d180 0x000000014bc0c180 0 1 0 0 1 0 2 2424 264
0x0000723b3d81d200 0x000000014bc0c200 0 0 1 0 1 0 2 2424 256
0x0000723b3d81d280 0x000000014bc0c280 0 0 1 0 1 0 2 2424 264
0x0000723b3d81d300 0x000000014bc0c300 0 1 1 0 1 0 2 2424 256
0x0000723b3d81d380 0x000000014bc0c380 0 1 1 0 1 0 2 2424 264
0x0000723b3d81d400 0x000000014bc0c400 0 0 0 0 1 0 2 2424 272
0x0000723b3d81d480 0x000000014bc0c480 0 0 0 0 1 0 2 2424 280
0x0000723b3d81d500 0x000000014bc0c500 0 1 0 0 1 0 2 2424 272
0x0000723b3d81d580 0x000000014bc0c580 0 1 0 0 1 0 2 2424 280
0x0000723b3d81d600 0x000000014bc0c600 0 0 1 0 1 0 2 2424 272
0x0000723b3d81d680 0x000000014bc0c680 0 0 1 0 1 0 2 2424 280
0x0000723b3d81d700 0x000000014bc0c700 0 1 1 0 1 0 2 2424 272
0x0000723b3d81d780 0x000000014bc0c780 0 1 1 0 1 0 2 2424 280
0x0000723b3d81d800 0x000000014bc0c800 0 0 0 0 1 0 2 2424 288
0x0000723b3d81d880 0x000000014bc0c880 0 0 0 0 1 0 2 2424 296
0x0000723b3d81d900 0x000000014bc0c900 0 1 0 0 1 0 2 2424 288
0x0000723b3d81d980 0x000000014bc0c980 0 1 0 0 1 0 2 2424 296
0x0000723b3d81da00 0x000000014bc0ca00 0 0 1 0 1 0 2 2424 288
0x0000723b3d81da80 0x000000014bc0ca80 0 0 1 0 1 0 2 2424 296
0x0000723b3d81db00 0x000000014bc0cb00 0 1 1 0 1 0 2 2424 288
0x0000723b3d81db80 0x000000014bc0cb80 0 1 1 0 1 0 2 2424 296
0x0000723b3d81dc00 0x000000014bc0cc00 0 0 0 0 1 0 2 2424 304
0x0000723b3d81dc80 0x000000014bc0cc80 0 0 0 0 1 0 2 2424 312
0x0000723b3d81dd00 0x000000014bc0cd00 0 1 0 0 1 0 2 2424 304
0x0000723b3d81dd80 0x000000014bc0cd80 0 1 0 0 1 0 2 2424 312
0x0000723b3d81de00 0x000000014bc0ce00 0 0 1 0 1 0 2 2424 304
0x0000723b3d81de80 0x000000014bc0ce80 0 0 1 0 1 0 2 2424 312
0x0000723b3d81df00 0x000000014bc0cf00 0 1 1 0 1 0 2 2424 304
0x0000723b3d81df80 0x000000014bc0cf80 0 1 1 0 1 0 2 2424 312
0x0000723b3d82c000 0x0000000acf445000 0 0 0 0 0 0 2 43490 320
0x0000723b3d82c080 0x0000000acf445080 0 0 0 0 0 0 2 43490 328
0x0000723b3d82c100 0x0000000acf445100 0 1 0 0 0 0 2 43490 320
0x0000723b3d82c180 0x0000000acf445180 0 1 0 0 0 0 2 43490 328
0x0000723b3d82c200 0x0000000acf445200 0 0 1 0 0 0 2 43490 320
0x0000723b3d82c280 0x0000000acf445280 0 0 1 0 0 0 2 43490 328
0x0000723b3d82c300 0x0000000acf445300 0 1 1 0 0 0 2 43490 320
0x0000723b3d82c380 0x0000000acf445380 0 1 1 0 0 0 2 43490 328
0x0000723b3d82c400 0x0000000acf445400 0 0 0 0 0 0 2 43490 336
0x0000723b3d82c480 0x0000000acf445480 0 0 0 0 0 0 2 43490 344
0x0000723b3d82c500 0x0000000acf445500 0 1 0 0 0 0 2 43490 336
0x0000723b3d82c580 0x0000000acf445580 0 1 0 0 0 0 2 43490 344
0x0000723b3d82c600 0x0000000acf445600 0 0 1 0 0 0 2 43490 336
0x0000723b3d82c680 0x0000000acf445680 0 0 1 0 0 0 2 43490 344
0x0000723b3d82c700 0x0000000acf445700 0 1 1 0 0 0 2 43490 336
0x0000723b3d82c780 0x0000000acf445780 0 1 1 0 0 0 2 43490 344
0x0000723b3d82c800 0x0000000acf445800 0 0 0 0 0 0 2 43490 352
0x0000723b3d82c880 0x0000000acf445880 0 0 0 0 0 0 2 43490 360
0x0000723b3d82c900 0x0000000acf445900 0 1 0 0 0 0 2 43490 352
0x0000723b3d82c980 0x0000000acf445980 0 1 0 0 0 0 2 43490 360
0x0000723b3d82ca00 0x0000000acf445a00 0 0 1 0 0 0 2 43490 352
0x0000723b3d82ca80 0x0000000acf445a80 0 0 1 0 0 0 2 43490 360
0x0000723b3d82cb00 0x0000000acf445b00 0 1 1 0 0 0 2 43490 352
0x0000723b3d82cb80 0x0000000acf445b80 0 1 1 0 0 0 2 43490 360
0x0000723b3d82cc00 0x0000000acf445c00 0 0 0 0 0 0 2 43490 368
0x0000723b3d82cc80 0x0000000acf445c80 0 0 0 0 0 0 2 43490 376
0x0000723b3d82cd00 0x0000000acf445d00 0 1 0 0 0 0 2 43490 368
0x0000723b3d82cd80 0x0000000acf445d80 0 1 0 0 0 0 2 43490 376
0x0000723b3d82ce00 0x0000000acf445e00 0 0 1 0 0 0 2 43490 368
0x0000723b3d82ce80 0x0000000acf445e80 0 0 1 0 0 0 2 43490 376
0x0000723b3d82cf00 0x0000000acf445f00 0 1 1 0 0 0 2 43490 368
0x0000723b3d82cf80 0x0000000acf445f80 0 1 1 0 0 0 2 43490 376
0x0000723b3d83f000 0x0000000a6146b000 0 0 0 0 1 0 2 39987 192
0x0000723b3d83f080 0x0000000a6146b080 0 0 0 0 1 0 2 39987 200
0x0000723b3d83f100 0x0000000a6146b100 0 1 0 0 1 0 2 39987 192
0x0000723b3d83f180 0x0000000a6146b180 0 1 0 0 1 0 2 39987 200
0x0000723b3d83f200 0x0000000a6146b200 0 0 1 0 1 0 2 39987 192
0x0000723b3d83f280 0x0000000a6146b280 0 0 1 0 1 0 2 39987 200
0x0000723b3d83f300 0x0000000a6146b300 0 1 1 0 1 0 2 39987 192
0x0000723b3d83f380 0x0000000a6146b380 0 1 1 0 1 0 2 39987 200
0x0000723b3d83f400 0x0000000a6146b400 0 0 0 0 1 0 2 39987 208
0x0000723b3d83f480 0x0000000a6146b480 0 0 0 0 1 0 2 39987 216
0x0000723b3d83f500 0x0000000a6146b500 0 1 0 0 1 0 2 39987 208
0x0000723b3d83f580 0x0000000a6146b580 0 1 0 0 1 0 2 39987 216
0x0000723b3d83f600 0x0000000a6146b600 0 0 1 0 1 0 2 39987 208
0x0000723b3d83f680 0x0000000a6146b680 0 0 1 0 1 0 2 39987 216
0x0000723b3d83f700 0x0000000a6146b700 0 1 1 0 1 0 2 39987 208
0x0000723b3d83f780 0x0000000a6146b780 0 1 1 0 1 0 2 39987 216
0x0000723b3d83f800 0x0000000a6146b800 0 0 0 0 1 0 2 39987 224
0x0000723b3d83f880 0x0000000a6146b880 0 0 0 0 1 0 2 39987 232
0x0000723b3d83f900 0x0000000a6146b900 0 1 0 0 1 0 2 39987 224
0x0000723b3d83f980 0x0000000a6146b980 0 1 0 0 1 0 2 39987 232
0x0000723b3d83fa00 0x0000000a6146ba00 0 0 1 0 1 0 2 39987 224
0x0000723b3d83fa80 0x0000000a6146ba80 0 0 1 0 1 0 2 39987 232
0x0000723b3d83fb00 0x0000000a6146bb00 0 1 1 0 1 0 2 39987 224
0x0000723b3d83fb80 0x0000000a6146bb80 0 1 1 0 1 0 2 39987 232
0x0000723b3d83fc00 0x0000000a6146bc00 0 0 0 0 1 0 2 39987 240
0x0000723b3d83fc80 0x0000000a6146bc80 0 0 0 0 1 0 2 39987 248
0x0000723b3d83fd00 0x0000000a6146bd00 0 1 0 0 1 0 2 39987 240
0x0000723b3d83fd80 0x0000000a6146bd80 0 1 0 0 1 0 2 39987 248
0x0000723b3d83fe00 0x0000000a6146be00 0 0 1 0 1 0 2 39987 240
0x0000723b3d83fe80 0x0000000a6146be80 0 0 1 0 1 0 2 39987 248
0x0000723b3d83ff00 0x0000000a6146bf00 0 1 1 0 1 0 2 39987 240
0x0000723b3d83ff80 0x0000000a6146bf80 0 1 1 0 1 0 2 39987 248
0x0000723b3d841000 0x0000000a61468000 0 0 0 0 1 0 2 39987 0
0x0000723b3d841080 0x0000000a61468080 0 0 0 0 1 0 2 39987 8
0x0000723b3d841100 0x0000000a61468100 0 1 0 0 1 0 2 39987 0
0x0000723b3d841180 0x0000000a61468180 0 1 0 0 1 0 2 39987 8
0x0000723b3d841200 0x0000000a61468200 0 0 1 0 1 0 2 39987 0
0x0000723b3d841280 0x0000000a61468280 0 0 1 0 1 0 2 39987 8
0x0000723b3d841300 0x0000000a61468300 0 1 1 0 1 0 2 39987 0
0x0000723b3d841380 0x0000000a61468380 0 1 1 0 1 0 2 39987 8
0x0000723b3d841400 0x0000000a61468400 0 0 0 0 1 0 2 39987 16
0x0000723b3d841480 0x0000000a61468480 0 0 0 0 1 0 2 39987 24
0x0000723b3d841500 0x0000000a61468500 0 1 0 0 1 0 2 39987 16
0x0000723b3d841580 0x0000000a61468580 0 1 0 0 1 0 2 39987 24
0x0000723b3d841600 0x0000000a61468600 0 0 1 0 1 0 2 39987 16
0x0000723b3d841680 0x0000000a61468680 0 0 1 0 1 0 2 39987 24
0x0000723b3d841700 0x0000000a61468700 0 1 1 0 1 0 2 39987 16
0x0000723b3d841780 0x0000000a61468780 0 1 1 0 1 0 2 39987 24
0x0000723b3d841800 0x0000000a61468800 0 0 0 0 1 0 2 39987 32
0x0000723b3d841880 0x0000000a61468880 0 0 0 0 1 0 2 39987 40
0x0000723b3d841900 0x0000000a61468900 0 1 0 0 1 0 2 39987 32
0x0000723b3d841980 0x0000000a61468980 0 1 0 0 1 0 2 39987 40
0x0000723b3d841a00 0x0000000a61468a00 0 0 1 0 1 0 2 39987 32
0x0000723b3d841a80 0x0000000a61468a80 0 0 1 0 1 0 2 39987 40
0x0000723b3d841b00 0x0000000a61468b00 0 1 1 0 1 0 2 39987 32
0x0000723b3d841b80 0x0000000a61468b80 0 1 1 0 1 0 2 39987 40
0x0000723b3d841c00 0x0000000a61468c00 0 0 0 0 1 0 2 39987 48
0x0000723b3d841c80 0x0000000a61468c80 0 0 0 0 1 0 2 39987 56
0x0000723b3d841d00 0x0000000a61468d00 0 1 0 0 1 0 2 39987 48
0x0000723b3d841d80 0x0000000a61468d80 0 1 0 0 1 0 2 39987 56
0x0000723b3d841e00 0x0000000a61468e00 0 0 1 0 1 0 2 39987 48
0x0000723b3d841e80 0x0000000a61468e80 0 0 1 0 1 0 2 39987 56
0x0000723b3d841f00 0x0000000a61468f00 0 1 1 0 1 0 2 39987 48
0x0000723b3d841f80 0x0000000a61468f80 0 1 1 0 1 0 2 39987 56
0x0000723b3d842000 0x0000000a6146a000 0 0 0 0 1 0 2 39987 128
0x0000723b3d842080 0x0000000a6146a080 0 0 0 0 1 0 2 39987 136
0x0000723b3d842100 0x0000000a6146a100 0 1 0 0 1 0 2 39987 128
0x0000723b3d842180 0x0000000a6146a180 0 1 0 0 1 0 2 39987 136
0x0000723b3d842200 0x0000000a6146a200 0 0 1 0 1 0 2 39987 128
0x0000723b3d842280 0x0000000a6146a280 0 0 1 0 1 0 2 39987 136
0x0000723b3d842300 0x0000000a6146a300 0 1 1 0 1 0 2 39987 128
0x0000723b3d842380 0x0000000a6146a380 0 1 1 0 1 0 2 39987 136
0x0000723b3d842400 0x0000000a6146a400 0 0 0 0 1 0 2 39987 144
0x0000723b3d842480 0x0000000a6146a480 0 0 0 0 1 0 2 39987 152
0x0000723b3d842500 0x0000000a6146a500 0 1 0 0 1 0 2 39987 144
0x0000723b3d842580 0x0000000a6146a580 0 1 0 0 1 0 2 39987 152
0x0000723b3d842600 0x0000000a6146a600 0 0 1 0 1 0 2 39987 144
0x0000723b3d842680 0x0000000a6146a680 0 0 1 0 1 0 2 39987 152
0x0000723b3d842700 0x0000000a6146a700 0 1 1 0 1 0 2 39987 144
0x0000723b3d842780 0x0000000a6146a780 0 1 1 0 1 0 2 39987 152
0x0000723b3d842800 0x0000000a6146a800 0 0 0 0 1 0 2 39987 160
0x0000723b3d842880 0x0000000a6146a880 0 0 0 0 1 0 2 39987 168
0x0000723b3d842900 0x0000000a6146a900 0 1 0 0 1 0 2 39987 160
0x0000723b3d842980 0x0000000a6146a980 0 1 0 0 1 0 2 39987 168
0x0000723b3d842a00 0x0000000a6146aa00 0 0 1 0 1 0 2 39987 160
0x0000723b3d842a80 0x0000000a6146aa80 0 0 1 0 1 0 2 39987 168
0x0000723b3d842b00 0x0000000a6146ab00 0 1 1 0 1 0 2 39987 160
0x0000723b3d842b80 0x0000000a6146ab80 0 1 1 0 1 0 2 39987 168
0x0000723b3d842c00 0x0000000a6146ac00 0 0 0 0 1 0 2 39987 176
0x0000723b3d842c80 0x0000000a6146ac80 0 0 0 0 1 0 2 39987 184
0x0000723b3d842d00 0x0000000a6146ad00 0 1 0 0 1 0 2 39987 176
0x0000723b3d842d80 0x0000000a6146ad80 0 1 0 0 1 0 2 39987 184
0x0000723b3d842e00 0x0000000a6146ae00 0 0 1 0 1 0 2 39987 176
0x0000723b3d842e80 0x0000000a6146ae80 0 0 1 0 1 0 2 39987 184
0x0000723b3d842f00 0x0000000a6146af00 0 1 1 0 1 0 2 39987 176
0x0000723b3d842f80 0x0000000a6146af80 0 1 1 0 1 0 2 39987 184
0x0000723b3d843000 0x0000000ec149d000 0 0 0 0 1 0 2 59428 832
0x0000723b3d843080 0x0000000ec149d080 0 0 0 0 1 0 2 59428 840
0x0000723b3d843100 0x0000000ec149d100 0 1 0 0 1 0 2 59428 832
0x0000723b3d843180 0x0000000ec149d180 0 1 0 0 1 0 2 59428 840
0x0000723b3d843200 0x0000000ec149d200 0 0 1 0 1 0 2 59428 832
0x0000723b3d843280 0x0000000ec149d280 0 0 1 0 1 0 2 59428 840
0x0000723b3d843300 0x0000000ec149d300 0 1 1 0 1 0 2 59428 832
0x0000723b3d843380 0x0000000ec149d380 0 1 1 0 1 0 2 59428 840
0x0000723b3d843400 0x0000000ec149d400 0 0 0 0 1 0 2 59428 848
0x0000723b3d843480 0x0000000ec149d480 0 0 0 0 1 0 2 59428 856
0x0000723b3d843500 0x0000000ec149d500 0 1 0 0 1 0 2 59428 848
0x0000723b3d843580 0x0000000ec149d580 0 1 0 0 1 0 2 59428 856
0x0000723b3d843600 0x0000000ec149d600 0 0 1 0 1 0 2 59428 848
0x0000723b3d843680 0x0000000ec149d680 0 0 1 0 1 0 2 59428 856
0x0000723b3d843700 0x0000000ec149d700 0 1 1 0 1 0 2 59428 848
0x0000723b3d843780 0x0000000ec149d780 0 1 1 0 1 0 2 59428 856
0x0000723b3d843800 0x0000000ec149d800 0 0 0 0 1 0 2 59428 864
0x0000723b3d843880 0x0000000ec149d880 0 0 0 0 1 0 2 59428 872
0x0000723b3d843900 0x0000000ec149d900 0 1 0 0 1 0 2 59428 864
0x0000723b3d843980 0x0000000ec149d980 0 1 0 0 1 0 2 59428 872
0x0000723b3d843a00 0x0000000ec149da00 0 0 1 0 1 0 2 59428 864
0x0000723b3d843a80 0x0000000ec149da80 0 0 1 0 1 0 2 59428 872
0x0000723b3d843b00 0x0000000ec149db00 0 1 1 0 1 0 2 59428 864
0x0000723b3d843b80 0x0000000ec149db80 0 1 1 0 1 0 2 59428 872
0x0000723b3d843c00 0x0000000ec149dc00 0 0 0 0 1 0 2 59428 880
0x0000723b3d843c80 0x0000000ec149dc80 0 0 0 0 1 0 2 59428 888
0x0000723b3d843d00 0x0000000ec149dd00 0 1 0 0 1 0 2 59428 880
0x0000723b3d843d80 0x0000000ec149dd80 0 1 0 0 1 0 2 59428 888
0x0000723b3d843e00 0x0000000ec149de00 0 0 1 0 1 0 2 59428 880
0x0000723b3d843e80 0x0000000ec149de80 0 0 1 0 1 0 2 59428 888
0x0000723b3d843f00 0x0000000ec149df00 0 1 1 0 1 0 2 59428 880
0x0000723b3d843f80 0x0000000ec149df80 0 1 1 0 1 0 2 59428 888
0x0000723b3d844000 0x0000000ec149c000 0 0 0 0 1 0 2 59428 768
0x0000723b3d844080 0x0000000ec149c080 0 0 0 0 1 0 2 59428 776
0x0000723b3d844100 0x0000000ec149c100 0 1 0 0 1 0 2 59428 768
0x0000723b3d844180 0x0000000ec149c180 0 1 0 0 1 0 2 59428 776
0x0000723b3d844200 0x0000000ec149c200 0 0 1 0 1 0 2 59428 768
0x0000723b3d844280 0x0000000ec149c280 0 0 1 0 1 0 2 59428 776
0x0000723b3d844300 0x0000000ec149c300 0 1 1 0 1 0 2 59428 768
0x0000723b3d844380 0x0000000ec149c380 0 1 1 0 1 0 2 59428 776
0x0000723b3d844400 0x0000000ec149c400 0 0 0 0 1 0 2 59428 784
0x0000723b3d844480 0x0000000ec149c480 0 0 0 0 1 0 2 59428 792
0x0000723b3d844500 0x0000000ec149c500 0 1 0 0 1 0 2 59428 784
0x0000723b3d844580 0x0000000ec149c580 0 1 0 0 1 0 2 59428 792
0x0000723b3d844600 0x0000000ec149c600 0 0 1 0 1 0 2 59428 784
0x0000723b3d844680 0x0000000ec149c680 0 0 1 0 1 0 2 59428 792
0x0000723b3d844700 0x0000000ec149c700 0 1 1 0 1 0 2 59428 784
0x0000723b3d844780 0x0000000ec149c780 0 1 1 0 1 0 2 59428 792
0x0000723b3d844800 0x0000000ec149c800 0 0 0 0 1 0 2 59428 800
0x0000723b3d844880 0x0000000ec149c880 0 0 0 0 1 0 2 59428 808
0x0000723b3d844900 0x0000000ec149c900 0 1 0 0 1 0 2 59428 800
0x0000723b3d844980 0x0000000ec149c980 0 1 0 0 1 0 2 59428 808
0x0000723b3d844a00 0x0000000ec149ca00 0 0 1 0 1 0 2 59428 800
0x0000723b3d844a80 0x0000000ec149ca80 0 0 1 0 1 0 2 59428 808
0x0000723b3d844b00 0x0000000ec149cb00 0 1 1 0 1 0 2 59428 800
0x0000723b3d844b80 0x0000000ec149cb80 0 1 1 0 1 0 2 59428 808
0x0000723b3d844c00 0x0000000ec149cc00 0 0 0 0 1 0 2 59428 816
0x0000723b3d844c80 0x0000000ec149cc80 0 0 0 0 1 0 2 59428 824
0x0000723b3d844d00 0x0000000ec149cd00 0 1 0 0 1 0 2 59428 816
0x0000723b3d844d80 0x0000000ec149cd80 0 1 0 0 1 0 2 59428 824
0x0000723b3d844e00 0x0000000ec149ce00 0 0 1 0 1 0 2 59428 816
0x0000723b3d844e80 0x0000000ec149ce80 0 0 1 0 1 0 2 59428 824
0x0000723b3d844f00 0x0000000ec149cf00 0 1 1 0 1 0 2 59428 816
0x0000723b3d844f80 0x0000000ec149cf80 0 1 1 0 1 0 2 59428 824
0x0000723b3d847000 0x0000000ec149e000 0 0 0 0 1 0 2 59428 896
0x0000723b3d847080 0x0000000ec149e080 0 0 0 0 1 0 2 59428 904
0x0000723b3d847100 0x0000000ec149e100 0 1 0 0 1 0 2 59428 896
0x0000723b3d847180 0x0000000ec149e180 0 1 0 0 1 0 2 59428 904
0x0000723b3d847200 0x0000000ec149e200 0 0 1 0 1 0 2 59428 896
0x0000723b3d847280 0x0000000ec149e280 0 0 1 0 1 0 2 59428 904
0x0000723b3d847300 0x0000000ec149e300 0 1 1 0 1 0 2 59428 896
0x0000723b3d847380 0x0000000ec149e380 0 1 1 0 1 0 2 59428 904
0x0000723b3d847400 0x0000000ec149e400 0 0 0 0 1 0 2 59428 912
0x0000723b3d847480 0x0000000ec149e480 0 0 0 0 1 0 2 59428 920
0x0000723b3d847500 0x0000000ec149e500 0 1 0 0 1 0 2 59428 912
0x0000723b3d847580 0x0000000ec149e580 0 1 0 0 1 0 2 59428 920
0x0000723b3d847600 0x0000000ec149e600 0 0 1 0 1 0 2 59428 912
0x0000723b3d847680 0x0000000ec149e680 0 0 1 0 1 0 2 59428 920
0x0000723b3d847700 0x0000000ec149e700 0 1 1 0 1 0 2 59428 912
0x0000723b3d847780 0x0000000ec149e780 0 1 1 0 1 0 2 59428 920
0x0000723b3d847800 0x0000000ec149e800 0 0 0 0 1 0 2 59428 928
0x0000723b3d847880 0x0000000ec149e880 0 0 0 0 1 0 2 59428 936
0x0000723b3d847900 0x0000000ec149e900 0 1 0 0 1 0 2 59428 928
0x0000723b3d847980 0x0000000ec149e980 0 1 0 0 1 0 2 59428 936
0x0000723b3d847a00 0x0000000ec149ea00 0 0 1 0 1 0 2 59428 928
0x0000723b3d847a80 0x0000000ec149ea80 0 0 1 0 1 0 2 59428 936
0x0000723b3d847b00 0x0000000ec149eb00 0 1 1 0 1 0 2 59428 928
0x0000723b3d847b80 0x0000000ec149eb80 0 1 1 0 1 0 2 59428 936
0x0000723b3d847c00 0x0000000ec149ec00 0 0 0 0 1 0 2 59428 944
0x0000723b3d847c80 0x0000000ec149ec80 0 0 0 0 1 0 2 59428 952
0x0000723b3d847d00 0x0000000ec149ed00 0 1 0 0 1 0 2 59428 944
0x0000723b3d847d80 0x0000000ec149ed80 0 1 0 0 1 0 2 59428 952
0x0000723b3d847e00 0x0000000ec149ee00 0 0 1 0 1 0 2 59428 944
0x0000723b3d847e80 0x0000000ec149ee80 0 0 1 0 1 0 2 59428 952
0x0000723b3d847f00 0x0000000ec149ef00 0 1 1 0 1 0 2 59428 944
0x0000723b3d847f80 0x0000000ec149ef80 0 1 1 0 1 0 2 59428 952
0x0000723b3d84a000 0x0000000a0dce5000 0 0 0 0 0 0 2 37311 320
0x0000723b3d84a080 0x0000000a0dce5080 0 0 0 0 0 0 2 37311 328
0x0000723b3d84a100 0x0000000a0dce5100 0 1 0 0 0 0 2 37311 320
0x0000723b3d84a180 0x0000000a0dce5180 0 1 0 0 0 0 2 37311 328
0x0000723b3d84a200 0x0000000a0dce5200 0 0 1 0 0 0 2 37311 320
0x0000723b3d84a280 0x0000000a0dce5280 0 0 1 0 0 0 2 37311 328
0x0000723b3d84a300 0x0000000a0dce5300 0 1 1 0 0 0 2 37311 320
0x0000723b3d84a380 0x0000000a0dce5380 0 1 1 0 0 0 2 37311 328
0x0000723b3d84a400 0x0000000a0dce5400 0 0 0 0 0 0 2 37311 336
0x0000723b3d84a480 0x0000000a0dce5480 0 0 0 0 0 0 2 37311 344
0x0000723b3d84a500 0x0000000a0dce5500 0 1 0 0 0 0 2 37311 336
0x0000723b3d84a580 0x0000000a0dce5580 0 1 0 0 0 0 2 37311 344
0x0000723b3d84a600 0x0000000a0dce5600 0 0 1 0 0 0 2 37311 336
0x0000723b3d84a680 0x0000000a0dce5680 0 0 1 0 0 0 2 37311 344
0x0000723b3d84a700 0x0000000a0dce5700 0 1 1 0 0 0 2 37311 336
0x0000723b3d84a780 0x0000000a0dce5780 0 1 1 0 0 0 2 37311 344
0x0000723b3d84a800 0x0000000a0dce5800 0 0 0 0 0 0 2 37311 352
0x0000723b3d84a880 0x0000000a0dce5880 0 0 0 0 0 0 2 37311 360
0x0000723b3d84a900 0x0000000a0dce5900 0 1 0 0 0 0 2 37311 352
0x0000723b3d84a980 0x0000000a0dce5980 0 1 0 0 0 0 2 37311 360
0x0000723b3d84aa00 0x0000000a0dce5a00 0 0 1 0 0 0 2 37311 352
0x0000723b3d84aa80 0x0000000a0dce5a80 0 0 1 0 0 0 2 37311 360
0x0000723b3d84ab00 0x0000000a0dce5b00 0 1 1 0 0 0 2 37311 352
0x0000723b3d84ab80 0x0000000a0dce5b80 0 1 1 0 0 0 2 37311 360
0x0000723b3d84ac00 0x0000000a0dce5c00 0 0 0 0 0 0 2 37311 368
0x0000723b3d84ac80 0x0000000a0dce5c80 0 0 0 0 0 0 2 37311 376
0x0000723b3d84ad00 0x0000000a0dce5d00 0 1 0 0 0 0 2 37311 368
0x0000723b3d84ad80 0x0000000a0dce5d80 0 1 0 0 0 0 2 37311 376
0x0000723b3d84ae00 0x0000000a0dce5e00 0 0 1 0 0 0 2 37311 368
0x0000723b3d84ae80 0x0000000a0dce5e80 0 0 1 0 0 0 2 37311 376
0x0000723b3d84af00 0x0000000a0dce5f00 0 1 1 0 0 0 2 37311 368
0x0000723b3d84af80 0x0000000a0dce5f80 0 1 1 0 0 0 2 37311 376
0x0000723b3d85b000 0x0000000a0dce7000 0 0 0 0 0 0 2 37311 448
0x0000723b3d85b080 0x0000000a0dce7080 0 0 0 0 0 0 2 37311 456
0x0000723b3d85b100 0x0000000a0dce7100 0 1 0 0 0 0 2 37311 448
0x0000723b3d85b180 0x0000000a0dce7180 0 1 0 0 0 0 2 37311 456
0x0000723b3d85b200 0x0000000a0dce7200 0 0 1 0 0 0 2 37311 448
0x0000723b3d85b280 0x0000000a0dce7280 0 0 1 0 0 0 2 37311 456
0x0000723b3d85b300 0x0000000a0dce7300 0 1 1 0 0 0 2 37311 448
0x0000723b3d85b380 0x0000000a0dce7380 0 1 1 0 0 0 2 37311 456
0x0000723b3d85b400 0x0000000a0dce7400 0 0 0 0 0 0 2 37311 464
0x0000723b3d85b480 0x0000000a0dce7480 0 0 0 0 0 0 2 37311 472
0x0000723b3d85b500 0x0000000a0dce7500 0 1 0 0 0 0 2 37311 464
0x0000723b3d85b580 0x0000000a0dce7580 0 1 0 0 0 0 2 37311 472
0x0000723b3d85b600 0x0000000a0dce7600 0 0 1 0 0 0 2 37311 464
0x0000723b3d85b680 0x0000000a0dce7680 0 0 1 0 0 0 2 37311 472
0x0000723b3d85b700 0x0000000a0dce7700 0 1 1 0 0 0 2 37311 464
0x0000723b3d85b780 0x0000000a0dce7780 0 1 1 0 0 0 2 37311 472
0x0000723b3d85b800 0x0000000a0dce7800 0 0 0 0 0 0 2 37311 480
0x0000723b3d85b880 0x0000000a0dce7880 0 0 0 0 0 0 2 37311 488
0x0000723b3d85b900 0x0000000a0dce7900 0 1 0 0 0 0 2 37311 480
0x0000723b3d85b980 0x0000000a0dce7980 0 1 0 0 0 0 2 37311 488
0x0000723b3d85ba00 0x0000000a0dce7a00 0 0 1 0 0 0 2 37311 480
0x0000723b3d85ba80 0x0000000a0dce7a80 0 0 1 0 0 0 2 37311 488
0x0000723b3d85bb00 0x0000000a0dce7b00 0 1 1 0 0 0 2 37311 480
0x0000723b3d85bb80 0x0000000a0dce7b80 0 1 1 0 0 0 2 37311 488
0x0000723b3d85bc00 0x0000000a0dce7c00 0 0 0 0 0 0 2 37311 496
0x0000723b3d85bc80 0x0000000a0dce7c80 0 0 0 0 0 0 2 37311 504
0x0000723b3d85bd00 0x0000000a0dce7d00 0 1 0 0 0 0 2 37311 496
0x0000723b3d85bd80 0x0000000a0dce7d80 0 1 0 0 0 0 2 37311 504
0x0000723b3d85be00 0x0000000a0dce7e00 0 0 1 0 0 0 2 37311 496
0x0000723b3d85be80 0x0000000a0dce7e80 0 0 1 0 0 0 2 37311 504
0x0000723b3d85bf00 0x0000000a0dce7f00 0 1 1 0 0 0 2 37311 496
0x0000723b3d85bf80 0x0000000a0dce7f80 0 1 1 0 0 0 2 37311 504
0x0000723b3d85d000 0x0000000a0dce4000 0 0 0 0 0 0 2 37311 256
0x0000723b3d85d080 0x0000000a0dce4080 0 0 0 0 0 0 2 37311 264
0x0000723b3d85d100 0x0000000a0dce4100 0 1 0 0 0 0 2 37311 256
0x0000723b3d85d180 0x0000000a0dce4180 0 1 0 0 0 0 2 37311 264
0x0000723b3d85d200 0x0000000a0dce4200 0 0 1 0 0 0 2 37311 256
0x0000723b3d85d280 0x0000000a0dce4280 0 0 1 0 0 0 2 37311 264
0x0000723b3d85d300 0x0000000a0dce4300 0 1 1 0 0 0 2 37311 256
0x0000723b3d85d380 0x0000000a0dce4380 0 1 1 0 0 0 2 37311 264
0x0000723b3d85d400 0x0000000a0dce4400 0 0 0 0 0 0 2 37311 272
0x0000723b3d85d480 0x0000000a0dce4480 0 0 0 0 0 0 2 37311 280
0x0000723b3d85d500 0x0000000a0dce4500 0 1 0 0 0 0 2 37311 272
0x0000723b3d85d580 0x0000000a0dce4580 0 1 0 0 0 0 2 37311 280
0x0000723b3d85d600 0x0000000a0dce4600 0 0 1 0 0 0 2 37311 272
0x0000723b3d85d680 0x0000000a0dce4680 0 0 1 0 0 0 2 37311 280
0x0000723b3d85d700 0x0000000a0dce4700 0 1 1 0 0 0 2 37311 272
0x0000723b3d85d780 0x0000000a0dce4780 0 1 1 0 0 0 2 37311 280
0x0000723b3d85d800 0x0000000a0dce4800 0 0 0 0 0 0 2 37311 288
0x0000723b3d85d880 0x0000000a0dce4880 0 0 0 0 0 0 2 37311 296
0x0000723b3d85d900 0x0000000a0dce4900 0 1 0 0 0 0 2 37311 288
0x0000723b3d85d980 0x0000000a0dce4980 0 1 0 0 0 0 2 37311 296
0x0000723b3d85da00 0x0000000a0dce4a00 0 0 1 0 0 0 2 37311 288
0x0000723b3d85da80 0x0000000a0dce4a80 0 0 1 0 0 0 2 37311 296
0x0000723b3d85db00 0x0000000a0dce4b00 0 1 1 0 0 0 2 37311 288
0x0000723b3d85db80 0x0000000a0dce4b80 0 1 1 0 0 0 2 37311 296
0x0000723b3d85dc00 0x0000000a0dce4c00 0 0 0 0 0 0 2 37311 304
0x0000723b3d85dc80 0x0000000a0dce4c80 0 0 0 0 0 0 2 37311 312
0x0000723b3d85dd00 0x0000000a0dce4d00 0 1 0 0 0 0 2 37311 304
0x0000723b3d85dd80 0x0000000a0dce4d80 0 1 0 0 0 0 2 37311 312
0x0000723b3d85de00 0x0000000a0dce4e00 0 0 1 0 0 0 2 37311 304
0x0000723b3d85de80 0x0000000a0dce4e80 0 0 1 0 0 0 2 37311 312
0x0000723b3d85df00 0x0000000a0dce4f00 0 1 1 0 0 0 2 37311 304
0x0000723b3d85df80 0x0000000a0dce4f80 0 1 1 0 0 0 2 37311 312
0x0000723b3d866000 0x0000000a0dce6000 0 0 0 0 0 0 2 37311 384
0x0000723b3d866080 0x0000000a0dce6080 0 0 0 0 0 0 2 37311 392
0x0000723b3d866100 0x0000000a0dce6100 0 1 0 0 0 0 2 37311 384
0x0000723b3d866180 0x0000000a0dce6180 0 1 0 0 0 0 2 37311 392
0x0000723b3d866200 0x0000000a0dce6200 0 0 1 0 0 0 2 37311 384
0x0000723b3d866280 0x0000000a0dce6280 0 0 1 0 0 0 2 37311 392
0x0000723b3d866300 0x0000000a0dce6300 0 1 1 0 0 0 2 37311 384
0x0000723b3d866380 0x0000000a0dce6380 0 1 1 0 0 0 2 37311 392
0x0000723b3d866400 0x0000000a0dce6400 0 0 0 0 0 0 2 37311 400
0x0000723b3d866480 0x0000000a0dce6480 0 0 0 0 0 0 2 37311 408
0x0000723b3d866500 0x0000000a0dce6500 0 1 0 0 0 0 2 37311 400
0x0000723b3d866580 0x0000000a0dce6580 0 1 0 0 0 0 2 37311 408
0x0000723b3d866600 0x0000000a0dce6600 0 0 1 0 0 0 2 37311 400
0x0000723b3d866680 0x0000000a0dce6680 0 0 1 0 0 0 2 37311 408
0x0000723b3d866700 0x0000000a0dce6700 0 1 1 0 0 0 2 37311 400
0x0000723b3d866780 0x0000000a0dce6780 0 1 1 0 0 0 2 37311 408
0x0000723b3d866800 0x0000000a0dce6800 0 0 0 0 0 0 2 37311 416
0x0000723b3d866880 0x0000000a0dce6880 0 0 0 0 0 0 2 37311 424
0x0000723b3d866900 0x0000000a0dce6900 0 1 0 0 0 0 2 37311 416
0x0000723b3d866980 0x0000000a0dce6980 0 1 0 0 0 0 2 37311 424
0x0000723b3d866a00 0x0000000a0dce6a00 0 0 1 0 0 0 2 37311 416
0x0000723b3d866a80 0x0000000a0dce6a80 0 0 1 0 0 0 2 37311 424
0x0000723b3d866b00 0x0000000a0dce6b00 0 1 1 0 0 0 2 37311 416
0x0000723b3d866b80 0x0000000a0dce6b80 0 1 1 0 0 0 2 37311 424
0x0000723b3d866c00 0x0000000a0dce6c00 0 0 0 0 0 0 2 37311 432
0x0000723b3d866c80 0x0000000a0dce6c80 0 0 0 0 0 0 2 37311 440
0x0000723b3d866d00 0x0000000a0dce6d00 0 1 0 0 0 0 2 37311 432
0x0000723b3d866d80 0x0000000a0dce6d80 0 1 0 0 0 0 2 37311 440
0x0000723b3d866e00 0x0000000a0dce6e00 0 0 1 0 0 0 2 37311 432
0x0000723b3d866e80 0x0000000a0dce6e80 0 0 1 0 0 0 2 37311 440
0x0000723b3d866f00 0x0000000a0dce6f00 0 1 1 0 0 0 2 37311 432
0x0000723b3d866f80 0x0000000a0dce6f80 0 1 1 0 0 0 2 37311 440
0x0000723b3d86e000 0x000000087bc24000 0 0 0 0 0 0 2 32633 256
0x0000723b3d86e080 0x000000087bc24080 0 0 0 0 0 0 2 32633 264
0x0000723b3d86e100 0x000000087bc24100 0 1 0 0 0 0 2 32633 256
0x0000723b3d86e180 0x000000087bc24180 0 1 0 0 0 0 2 32633 264
0x0000723b3d86e200 0x000000087bc24200 0 0 1 0 0 0 2 32633 256
0x0000723b3d86e280 0x000000087bc24280 0 0 1 0 0 0 2 32633 264
0x0000723b3d86e300 0x000000087bc24300 0 1 1 0 0 0 2 32633 256
0x0000723b3d86e380 0x000000087bc24380 0 1 1 0 0 0 2 32633 264
0x0000723b3d86e400 0x000000087bc24400 0 0 0 0 0 0 2 32633 272
0x0000723b3d86e480 0x000000087bc24480 0 0 0 0 0 0 2 32633 280
0x0000723b3d86e500 0x000000087bc24500 0 1 0 0 0 0 2 32633 272
0x0000723b3d86e580 0x000000087bc24580 0 1 0 0 0 0 2 32633 280
0x0000723b3d86e600 0x000000087bc24600 0 0 1 0 0 0 2 32633 272
0x0000723b3d86e680 0x000000087bc24680 0 0 1 0 0 0 2 32633 280
0x0000723b3d86e700 0x000000087bc24700 0 1 1 0 0 0 2 32633 272
0x0000723b3d86e780 0x000000087bc24780 0 1 1 0 0 0 2 32633 280
0x0000723b3d86e800 0x000000087bc24800 0 0 0 0 0 0 2 32633 288
0x0000723b3d86e880 0x000000087bc24880 0 0 0 0 0 0 2 32633 296
0x0000723b3d86e900 0x000000087bc24900 0 1 0 0 0 0 2 32633 288
0x0000723b3d86e980 0x000000087bc24980 0 1 0 0 0 0 2 32633 296
0x0000723b3d86ea00 0x000000087bc24a00 0 0 1 0 0 0 2 32633 288
0x0000723b3d86ea80 0x000000087bc24a80 0 0 1 0 0 0 2 32633 296
0x0000723b3d86eb00 0x000000087bc24b00 0 1 1 0 0 0 2 32633 288
0x0000723b3d86eb80 0x000000087bc24b80 0 1 1 0 0 0 2 32633 296
0x0000723b3d86ec00 0x000000087bc24c00 0 0 0 0 0 0 2 32633 304
0x0000723b3d86ec80 0x000000087bc24c80 0 0 0 0 0 0 2 32633 312
0x0000723b3d86ed00 0x000000087bc24d00 0 1 0 0 0 0 2 32633 304
0x0000723b3d86ed80 0x000000087bc24d80 0 1 0 0 0 0 2 32633 312
0x0000723b3d86ee00 0x000000087bc24e00 0 0 1 0 0 0 2 32633 304
0x0000723b3d86ee80 0x000000087bc24e80 0 0 1 0 0 0 2 32633 312
0x0000723b3d86ef00 0x000000087bc24f00 0 1 1 0 0 0 2 32633 304
0x0000723b3d86ef80 0x000000087bc24f80 0 1 1 0 0 0 2 32633 312
0x0000723b3d880000 0x0000000cfecd4000 0 0 0 0 0 0 2 53198 768
0x0000723b3d880080 0x0000000cfecd4080 0 0 0 0 0 0 2 53198 776
0x0000723b3d880100 0x0000000cfecd4100 0 1 0 0 0 0 2 53198 768
0x0000723b3d880180 0x0000000cfecd4180 0 1 0 0 0 0 2 53198 776
0x0000723b3d880200 0x0000000cfecd4200 0 0 1 0 0 0 2 53198 768
0x0000723b3d880280 0x0000000cfecd4280 0 0 1 0 0 0 2 53198 776
0x0000723b3d880300 0x0000000cfecd4300 0 1 1 0 0 0 2 53198 768
0x0000723b3d880380 0x0000000cfecd4380 0 1 1 0 0 0 2 53198 776
0x0000723b3d880400 0x0000000cfecd4400 0 0 0 0 0 0 2 53198 784
0x0000723b3d880480 0x0000000cfecd4480 0 0 0 0 0 0 2 53198 792
0x0000723b3d880500 0x0000000cfecd4500 0 1 0 0 0 0 2 53198 784
0x0000723b3d880580 0x0000000cfecd4580 0 1 0 0 0 0 2 53198 792
0x0000723b3d880600 0x0000000cfecd4600 0 0 1 0 0 0 2 53198 784
0x0000723b3d880680 0x0000000cfecd4680 0 0 1 0 0 0 2 53198 792
0x0000723b3d880700 0x0000000cfecd4700 0 1 1 0 0 0 2 53198 784
0x0000723b3d880780 0x0000000cfecd4780 0 1 1 0 0 0 2 53198 792
0x0000723b3d880800 0x0000000cfecd4800 0 0 0 0 0 0 2 53198 800
0x0000723b3d880880 0x0000000cfecd4880 0 0 0 0 0 0 2 53198 808
0x0000723b3d880900 0x0000000cfecd4900 0 1 0 0 0 0 2 53198 800
0x0000723b3d880980 0x0000000cfecd4980 0 1 0 0 0 0 2 53198 808
0x0000723b3d880a00 0x0000000cfecd4a00 0 0 1 0 0 0 2 53198 800
0x0000723b3d880a80 0x0000000cfecd4a80 0 0 1 0 0 0 2 53198 808
0x0000723b3d880b00 0x0000000cfecd4b00 0 1 1 0 0 0 2 53198 800
0x0000723b3d880b80 0x0000000cfecd4b80 0 1 1 0 0 0 2 53198 808
0x0000723b3d880c00 0x0000000cfecd4c00 0 0 0 0 0 0 2 53198 816
0x0000723b3d880c80 0x0000000cfecd4c80 0 0 0 0 0 0 2 53198 824
0x0000723b3d880d00 0x0000000cfecd4d00 0 1 0 0 0 0 2 53198 816
0x0000723b3d880d80 0x0000000cfecd4d80 0 1 0 0 0 0 2 53198 824
0x0000723b3d880e00 0x0000000cfecd4e00 0 0 1 0 0 0 2 53198 816
0x0000723b3d880e80 0x0000000cfecd4e80 0 0 1 0 0 0 2 53198 824
0x0000723b3d880f00 0x0000000cfecd4f00 0 1 1 0 0 0 2 53198 816
0x0000723b3d880f80 0x0000000cfecd4f80 0 1 1 0 0 0 2 53198 824
0x0000723b3d887000 0x0000000859c8d000 0 0 0 0 1 0 2 31548 320
0x0000723b3d887080 0x0000000859c8d080 0 0 0 0 1 0 2 31548 328
0x0000723b3d887100 0x0000000859c8d100 0 1 0 0 1 0 2 31548 320
0x0000723b3d887180 0x0000000859c8d180 0 1 0 0 1 0 2 31548 328
0x0000723b3d887200 0x0000000859c8d200 0 0 1 0 1 0 2 31548 320
0x0000723b3d887280 0x0000000859c8d280 0 0 1 0 1 0 2 31548 328
0x0000723b3d887300 0x0000000859c8d300 0 1 1 0 1 0 2 31548 320
0x0000723b3d887380 0x0000000859c8d380 0 1 1 0 1 0 2 31548 328
0x0000723b3d887400 0x0000000859c8d400 0 0 0 0 1 0 2 31548 336
0x0000723b3d887480 0x0000000859c8d480 0 0 0 0 1 0 2 31548 344
0x0000723b3d887500 0x0000000859c8d500 0 1 0 0 1 0 2 31548 336
0x0000723b3d887580 0x0000000859c8d580 0 1 0 0 1 0 2 31548 344
0x0000723b3d887600 0x0000000859c8d600 0 0 1 0 1 0 2 31548 336
0x0000723b3d887680 0x0000000859c8d680 0 0 1 0 1 0 2 31548 344
0x0000723b3d887700 0x0000000859c8d700 0 1 1 0 1 0 2 31548 336
0x0000723b3d887780 0x0000000859c8d780 0 1 1 0 1 0 2 31548 344
0x0000723b3d887800 0x0000000859c8d800 0 0 0 0 1 0 2 31548 352
0x0000723b3d887880 0x0000000859c8d880 0 0 0 0 1 0 2 31548 360
0x0000723b3d887900 0x0000000859c8d900 0 1 0 0 1 0 2 31548 352
0x0000723b3d887980 0x0000000859c8d980 0 1 0 0 1 0 2 31548 360
0x0000723b3d887a00 0x0000000859c8da00 0 0 1 0 1 0 2 31548 352
0x0000723b3d887a80 0x0000000859c8da80 0 0 1 0 1 0 2 31548 360
0x0000723b3d887b00 0x0000000859c8db00 0 1 1 0 1 0 2 31548 352
0x0000723b3d887b80 0x0000000859c8db80 0 1 1 0 1 0 2 31548 360
0x0000723b3d887c00 0x0000000859c8dc00 0 0 0 0 1 0 2 31548 368
0x0000723b3d887c80 0x0000000859c8dc80 0 0 0 0 1 0 2 31548 376
0x0000723b3d887d00 0x0000000859c8dd00 0 1 0 0 1 0 2 31548 368
0x0000723b3d887d80 0x0000000859c8dd80 0 1 0 0 1 0 2 31548 376
0x0000723b3d887e00 0x0000000859c8de00 0 0 1 0 1 0 2 31548 368
0x0000723b3d887e80 0x0000000859c8de80 0 0 1 0 1 0 2 31548 376
0x0000723b3d887f00 0x0000000859c8df00 0 1 1 0 1 0 2 31548 368
0x0000723b3d887f80 0x0000000859c8df80 0 1 1 0 1 0 2 31548 376
0x0000723b3d889000 0x0000000863c6f000 0 0 0 0 1 0 2 31867 448
0x0000723b3d889080 0x0000000863c6f080 0 0 0 0 1 0 2 31867 456
0x0000723b3d889100 0x0000000863c6f100 0 1 0 0 1 0 2 31867 448
0x0000723b3d889180 0x0000000863c6f180 0 1 0 0 1 0 2 31867 456
0x0000723b3d889200 0x0000000863c6f200 0 0 1 0 1 0 2 31867 448
0x0000723b3d889280 0x0000000863c6f280 0 0 1 0 1 0 2 31867 456
0x0000723b3d889300 0x0000000863c6f300 0 1 1 0 1 0 2 31867 448
0x0000723b3d889380 0x0000000863c6f380 0 1 1 0 1 0 2 31867 456
0x0000723b3d889400 0x0000000863c6f400 0 0 0 0 1 0 2 31867 464
0x0000723b3d889480 0x0000000863c6f480 0 0 0 0 1 0 2 31867 472
0x0000723b3d889500 0x0000000863c6f500 0 1 0 0 1 0 2 31867 464
0x0000723b3d889580 0x0000000863c6f580 0 1 0 0 1 0 2 31867 472
0x0000723b3d889600 0x0000000863c6f600 0 0 1 0 1 0 2 31867 464
0x0000723b3d889680 0x0000000863c6f680 0 0 1 0 1 0 2 31867 472
0x0000723b3d889700 0x0000000863c6f700 0 1 1 0 1 0 2 31867 464
0x0000723b3d889780 0x0000000863c6f780 0 1 1 0 1 0 2 31867 472
0x0000723b3d889800 0x0000000863c6f800 0 0 0 0 1 0 2 31867 480
0x0000723b3d889880 0x0000000863c6f880 0 0 0 0 1 0 2 31867 488
0x0000723b3d889900 0x0000000863c6f900 0 1 0 0 1 0 2 31867 480
0x0000723b3d889980 0x0000000863c6f980 0 1 0 0 1 0 2 31867 488
0x0000723b3d889a00 0x0000000863c6fa00 0 0 1 0 1 0 2 31867 480
0x0000723b3d889a80 0x0000000863c6fa80 0 0 1 0 1 0 2 31867 488
0x0000723b3d889b00 0x0000000863c6fb00 0 1 1 0 1 0 2 31867 480
0x0000723b3d889b80 0x0000000863c6fb80 0 1 1 0 1 0 2 31867 488
0x0000723b3d889c00 0x0000000863c6fc00 0 0 0 0 1 0 2 31867 496
0x0000723b3d889c80 0x0000000863c6fc80 0 0 0 0 1 0 2 31867 504
0x0000723b3d889d00 0x0000000863c6fd00 0 1 0 0 1 0 2 31867 496
0x0000723b3d889d80 0x0000000863c6fd80 0 1 0 0 1 0 2 31867 504
0x0000723b3d889e00 0x0000000863c6fe00 0 0 1 0 1 0 2 31867 496
0x0000723b3d889e80 0x0000000863c6fe80 0 0 1 0 1 0 2 31867 504
0x0000723b3d889f00 0x0000000863c6ff00 0 1 1 0 1 0 2 31867 496
0x0000723b3d889f80 0x0000000863c6ff80 0 1 1 0 1 0 2 31867 504
0x0000723b3d891000 0x0000000d73c87000 0 0 0 0 0 0 2 52860 448
0x0000723b3d891080 0x0000000d73c87080 0 0 0 0 0 0 2 52860 456
0x0000723b3d891100 0x0000000d73c87100 0 1 0 0 0 0 2 52860 448
0x0000723b3d891180 0x0000000d73c87180 0 1 0 0 0 0 2 52860 456
0x0000723b3d891200 0x0000000d73c87200 0 0 1 0 0 0 2 52860 448
0x0000723b3d891280 0x0000000d73c87280 0 0 1 0 0 0 2 52860 456
0x0000723b3d891300 0x0000000d73c87300 0 1 1 0 0 0 2 52860 448
0x0000723b3d891380 0x0000000d73c87380 0 1 1 0 0 0 2 52860 456
0x0000723b3d891400 0x0000000d73c87400 0 0 0 0 0 0 2 52860 464
0x0000723b3d891480 0x0000000d73c87480 0 0 0 0 0 0 2 52860 472
0x0000723b3d891500 0x0000000d73c87500 0 1 0 0 0 0 2 52860 464
0x0000723b3d891580 0x0000000d73c87580 0 1 0 0 0 0 2 52860 472
0x0000723b3d891600 0x0000000d73c87600 0 0 1 0 0 0 2 52860 464
0x0000723b3d891680 0x0000000d73c87680 0 0 1 0 0 0 2 52860 472
0x0000723b3d891700 0x0000000d73c87700 0 1 1 0 0 0 2 52860 464
0x0000723b3d891780 0x0000000d73c87780 0 1 1 0 0 0 2 52860 472
0x0000723b3d891800 0x0000000d73c87800 0 0 0 0 0 0 2 52860 480
0x0000723b3d891880 0x0000000d73c87880 0 0 0 0 0 0 2 52860 488
0x0000723b3d891900 0x0000000d73c87900 0 1 0 0 0 0 2 52860 480
0x0000723b3d891980 0x0000000d73c87980 0 1 0 0 0 0 2 52860 488
0x0000723b3d891a00 0x0000000d73c87a00 0 0 1 0 0 0 2 52860 480
0x0000723b3d891a80 0x0000000d73c87a80 0 0 1 0 0 0 2 52860 488
0x0000723b3d891b00 0x0000000d73c87b00 0 1 1 0 0 0 2 52860 480
0x0000723b3d891b80 0x0000000d73c87b80 0 1 1 0 0 0 2 52860 488
0x0000723b3d891c00 0x0000000d73c87c00 0 0 0 0 0 0 2 52860 496
0x0000723b3d891c80 0x0000000d73c87c80 0 0 0 0 0 0 2 52860 504
0x0000723b3d891d00 0x0000000d73c87d00 0 1 0 0 0 0 2 52860 496
0x0000723b3d891d80 0x0000000d73c87d80 0 1 0 0 0 0 2 52860 504
0x0000723b3d891e00 0x0000000d73c87e00 0 0 1 0 0 0 2 52860 496
0x0000723b3d891e80 0x0000000d73c87e80 0 0 1 0 0 0 2 52860 504
0x0000723b3d891f00 0x0000000d73c87f00 0 1 1 0 0 0 2 52860 496
0x0000723b3d891f80 0x0000000d73c87f80 0 1 1 0 0 0 2 52860 504
0x0000723b3d895000 0x0000000e34ca1000 0 0 0 0 0 0 2 54941 64
0x0000723b3d895080 0x0000000e34ca1080 0 0 0 0 0 0 2 54941 72
0x0000723b3d895100 0x0000000e34ca1100 0 1 0 0 0 0 2 54941 64
0x0000723b3d895180 0x0000000e34ca1180 0 1 0 0 0 0 2 54941 72
0x0000723b3d895200 0x0000000e34ca1200 0 0 1 0 0 0 2 54941 64
0x0000723b3d895280 0x0000000e34ca1280 0 0 1 0 0 0 2 54941 72
0x0000723b3d895300 0x0000000e34ca1300 0 1 1 0 0 0 2 54941 64
0x0000723b3d895380 0x0000000e34ca1380 0 1 1 0 0 0 2 54941 72
0x0000723b3d895400 0x0000000e34ca1400 0 0 0 0 0 0 2 54941 80
0x0000723b3d895480 0x0000000e34ca1480 0 0 0 0 0 0 2 54941 88
0x0000723b3d895500 0x0000000e34ca1500 0 1 0 0 0 0 2 54941 80
0x0000723b3d895580 0x0000000e34ca1580 0 1 0 0 0 0 2 54941 88
0x0000723b3d895600 0x0000000e34ca1600 0 0 1 0 0 0 2 54941 80
0x0000723b3d895680 0x0000000e34ca1680 0 0 1 0 0 0 2 54941 88
0x0000723b3d895700 0x0000000e34ca1700 0 1 1 0 0 0 2 54941 80
0x0000723b3d895780 0x0000000e34ca1780 0 1 1 0 0 0 2 54941 88
0x0000723b3d895800 0x0000000e34ca1800 0 0 0 0 0 0 2 54941 96
0x0000723b3d895880 0x0000000e34ca1880 0 0 0 0 0 0 2 54941 104
0x0000723b3d895900 0x0000000e34ca1900 0 1 0 0 0 0 2 54941 96
0x0000723b3d895980 0x0000000e34ca1980 0 1 0 0 0 0 2 54941 104
0x0000723b3d895a00 0x0000000e34ca1a00 0 0 1 0 0 0 2 54941 96
0x0000723b3d895a80 0x0000000e34ca1a80 0 0 1 0 0 0 2 54941 104
0x0000723b3d895b00 0x0000000e34ca1b00 0 1 1 0 0 0 2 54941 96
0x0000723b3d895b80 0x0000000e34ca1b80 0 1 1 0 0 0 2 54941 104
0x0000723b3d895c00 0x0000000e34ca1c00 0 0 0 0 0 0 2 54941 112
0x0000723b3d895c80 0x0000000e34ca1c80 0 0 0 0 0 0 2 54941 120
0x0000723b3d895d00 0x0000000e34ca1d00 0 1 0 0 0 0 2 54941 112
0x0000723b3d895d80 0x0000000e34ca1d80 0 1 0 0 0 0 2 54941 120
0x0000723b3d895e00 0x0000000e34ca1e00 0 0 1 0 0 0 2 54941 112
0x0000723b3d895e80 0x0000000e34ca1e80 0 0 1 0 0 0 2 54941 120
0x0000723b3d895f00 0x0000000e34ca1f00 0 1 1 0 0 0 2 54941 112
0x0000723b3d895f80 0x0000000e34ca1f80 0 1 1 0 0 0 2 54941 120
0x0000723b3d8b6000 0x00000006654fd000 0 0 0 0 1 0 2 23735 832
0x0000723b3d8b6080 0x00000006654fd080 0 0 0 0 1 0 2 23735 840
0x0000723b3d8b6100 0x00000006654fd100 0 1 0 0 1 0 2 23735 832
0x0000723b3d8b6180 0x00000006654fd180 0 1 0 0 1 0 2 23735 840
0x0000723b3d8b6200 0x00000006654fd200 0 0 1 0 1 0 2 23735 832
0x0000723b3d8b6280 0x00000006654fd280 0 0 1 0 1 0 2 23735 840
0x0000723b3d8b6300 0x00000006654fd300 0 1 1 0 1 0 2 23735 832
0x0000723b3d8b6380 0x00000006654fd380 0 1 1 0 1 0 2 23735 840
0x0000723b3d8b6400 0x00000006654fd400 0 0 0 0 1 0 2 23735 848
0x0000723b3d8b6480 0x00000006654fd480 0 0 0 0 1 0 2 23735 856
0x0000723b3d8b6500 0x00000006654fd500 0 1 0 0 1 0 2 23735 848
0x0000723b3d8b6580 0x00000006654fd580 0 1 0 0 1 0 2 23735 856
0x0000723b3d8b6600 0x00000006654fd600 0 0 1 0 1 0 2 23735 848
0x0000723b3d8b6680 0x00000006654fd680 0 0 1 0 1 0 2 23735 856
0x0000723b3d8b6700 0x00000006654fd700 0 1 1 0 1 0 2 23735 848
0x0000723b3d8b6780 0x00000006654fd780 0 1 1 0 1 0 2 23735 856
0x0000723b3d8b6800 0x00000006654fd800 0 0 0 0 1 0 2 23735 864
0x0000723b3d8b6880 0x00000006654fd880 0 0 0 0 1 0 2 23735 872
0x0000723b3d8b6900 0x00000006654fd900 0 1 0 0 1 0 2 23735 864
0x0000723b3d8b6980 0x00000006654fd980 0 1 0 0 1 0 2 23735 872
0x0000723b3d8b6a00 0x00000006654fda00 0 0 1 0 1 0 2 23735 864
0x0000723b3d8b6a80 0x00000006654fda80 0 0 1 0 1 0 2 23735 872
0x0000723b3d8b6b00 0x00000006654fdb00 0 1 1 0 1 0 2 23735 864
0x0000723b3d8b6b80 0x00000006654fdb80 0 1 1 0 1 0 2 23735 872
0x0000723b3d8b6c00 0x00000006654fdc00 0 0 0 0 1 0 2 23735 880
0x0000723b3d8b6c80 0x00000006654fdc80 0 0 0 0 1 0 2 23735 888
0x0000723b3d8b6d00 0x00000006654fdd00 0 1 0 0 1 0 2 23735 880
0x0000723b3d8b6d80 0x00000006654fdd80 0 1 0 0 1 0 2 23735 888
0x0000723b3d8b6e00 0x00000006654fde00 0 0 1 0 1 0 2 23735 880
0x0000723b3d8b6e80 0x00000006654fde80 0 0 1 0 1 0 2 23735 888
0x0000723b3d8b6f00 0x00000006654fdf00 0 1 1 0 1 0 2 23735 880
0x0000723b3d8b6f80 0x00000006654fdf80 0 1 1 0 1 0 2 23735 888
0x0000723b3d8b8000 0x000000058cc89000 0 0 0 0 1 0 2 20876 64
0x0000723b3d8b8080 0x000000058cc89080 0 0 0 0 1 0 2 20876 72
0x0000723b3d8b8100 0x000000058cc89100 0 1 0 0 1 0 2 20876 64
0x0000723b3d8b8180 0x000000058cc89180 0 1 0 0 1 0 2 20876 72
0x0000723b3d8b8200 0x000000058cc89200 0 0 1 0 1 0 2 20876 64
0x0000723b3d8b8280 0x000000058cc89280 0 0 1 0 1 0 2 20876 72
0x0000723b3d8b8300 0x000000058cc89300 0 1 1 0 1 0 2 20876 64
0x0000723b3d8b8380 0x000000058cc89380 0 1 1 0 1 0 2 20876 72
0x0000723b3d8b8400 0x000000058cc89400 0 0 0 0 1 0 2 20876 80
0x0000723b3d8b8480 0x000000058cc89480 0 0 0 0 1 0 2 20876 88
0x0000723b3d8b8500 0x000000058cc89500 0 1 0 0 1 0 2 20876 80
0x0000723b3d8b8580 0x000000058cc89580 0 1 0 0 1 0 2 20876 88
0x0000723b3d8b8600 0x000000058cc89600 0 0 1 0 1 0 2 20876 80
0x0000723b3d8b8680 0x000000058cc89680 0 0 1 0 1 0 2 20876 88
0x0000723b3d8b8700 0x000000058cc89700 0 1 1 0 1 0 2 20876 80
0x0000723b3d8b8780 0x000000058cc89780 0 1 1 0 1 0 2 20876 88
0x0000723b3d8b8800 0x000000058cc89800 0 0 0 0 1 0 2 20876 96
0x0000723b3d8b8880 0x000000058cc89880 0 0 0 0 1 0 2 20876 104
0x0000723b3d8b8900 0x000000058cc89900 0 1 0 0 1 0 2 20876 96
0x0000723b3d8b8980 0x000000058cc89980 0 1 0 0 1 0 2 20876 104
0x0000723b3d8b8a00 0x000000058cc89a00 0 0 1 0 1 0 2 20876 96
0x0000723b3d8b8a80 0x000000058cc89a80 0 0 1 0 1 0 2 20876 104
0x0000723b3d8b8b00 0x000000058cc89b00 0 1 1 0 1 0 2 20876 96
0x0000723b3d8b8b80 0x000000058cc89b80 0 1 1 0 1 0 2 20876 104
0x0000723b3d8b8c00 0x000000058cc89c00 0 0 0 0 1 0 2 20876 112
0x0000723b3d8b8c80 0x000000058cc89c80 0 0 0 0 1 0 2 20876 120
0x0000723b3d8b8d00 0x000000058cc89d00 0 1 0 0 1 0 2 20876 112
0x0000723b3d8b8d80 0x000000058cc89d80 0 1 0 0 1 0 2 20876 120
0x0000723b3d8b8e00 0x000000058cc89e00 0 0 1 0 1 0 2 20876 112
0x0000723b3d8b8e80 0x000000058cc89e80 0 0 1 0 1 0 2 20876 120
0x0000723b3d8b8f00 0x000000058cc89f00 0 1 1 0 1 0 2 20876 112
0x0000723b3d8b8f80 0x000000058cc89f80 0 1 1 0 1 0 2 20876 120
0x0000723b3d8c4000 0x00000007b6c61000 0 0 0 0 0 0 2 30411 64
0x0000723b3d8c4080 0x00000007b6c61080 0 0 0 0 0 0 2 30411 72
0x0000723b3d8c4100 0x00000007b6c61100 0 1 0 0 0 0 2 30411 64
0x0000723b3d8c4180 0x00000007b6c61180 0 1 0 0 0 0 2 30411 72
0x0000723b3d8c4200 0x00000007b6c61200 0 0 1 0 0 0 2 30411 64
0x0000723b3d8c4280 0x00000007b6c61280 0 0 1 0 0 0 2 30411 72
0x0000723b3d8c4300 0x00000007b6c61300 0 1 1 0 0 0 2 30411 64
0x0000723b3d8c4380 0x00000007b6c61380 0 1 1 0 0 0 2 30411 72
0x0000723b3d8c4400 0x00000007b6c61400 0 0 0 0 0 0 2 30411 80
0x0000723b3d8c4480 0x00000007b6c61480 0 0 0 0 0 0 2 30411 88
0x0000723b3d8c4500 0x00000007b6c61500 0 1 0 0 0 0 2 30411 80
0x0000723b3d8c4580 0x00000007b6c61580 0 1 0 0 0 0 2 30411 88
0x0000723b3d8c4600 0x00000007b6c61600 0 0 1 0 0 0 2 30411 80
0x0000723b3d8c4680 0x00000007b6c61680 0 0 1 0 0 0 2 30411 88
0x0000723b3d8c4700 0x00000007b6c61700 0 1 1 0 0 0 2 30411 80
0x0000723b3d8c4780 0x00000007b6c61780 0 1 1 0 0 0 2 30411 88
0x0000723b3d8c4800 0x00000007b6c61800 0 0 0 0 0 0 2 30411 96
0x0000723b3d8c4880 0x00000007b6c61880 0 0 0 0 0 0 2 30411 104
0x0000723b3d8c4900 0x00000007b6c61900 0 1 0 0 0 0 2 30411 96
0x0000723b3d8c4980 0x00000007b6c61980 0 1 0 0 0 0 2 30411 104
0x0000723b3d8c4a00 0x00000007b6c61a00 0 0 1 0 0 0 2 30411 96
0x0000723b3d8c4a80 0x00000007b6c61a80 0 0 1 0 0 0 2 30411 104
0x0000723b3d8c4b00 0x00000007b6c61b00 0 1 1 0 0 0 2 30411 96
0x0000723b3d8c4b80 0x00000007b6c61b80 0 1 1 0 0 0 2 30411 104
0x0000723b3d8c4c00 0x00000007b6c61c00 0 0 0 0 0 0 2 30411 112
0x0000723b3d8c4c80 0x00000007b6c61c80 0 0 0 0 0 0 2 30411 120
0x0000723b3d8c4d00 0x00000007b6c61d00 0 1 0 0 0 0 2 30411 112
0x0000723b3d8c4d80 0x00000007b6c61d80 0 1 0 0 0 0 2 30411 120
0x0000723b3d8c4e00 0x00000007b6c61e00 0 0 1 0 0 0 2 30411 112
0x0000723b3d8c4e80 0x00000007b6c61e80 0 0 1 0 0 0 2 30411 120
0x0000723b3d8c4f00 0x00000007b6c61f00 0 1 1 0 0 0 2 30411 112
0x0000723b3d8c4f80 0x00000007b6c61f80 0 1 1 0 0 0 2 30411 120
0x0000723b3d8cd000 0x00000007fece7000 0 0 0 0 0 0 2 32719 448
0x0000723b3d8cd080 0x00000007fece7080 0 0 0 0 0 0 2 32719 456
0x0000723b3d8cd100 0x00000007fece7100 0 1 0 0 0 0 2 32719 448
0x0000723b3d8cd180 0x00000007fece7180 0 1 0 0 0 0 2 32719 456
0x0000723b3d8cd200 0x00000007fece7200 0 0 1 0 0 0 2 32719 448
0x0000723b3d8cd280 0x00000007fece7280 0 0 1 0 0 0 2 32719 456
0x0000723b3d8cd300 0x00000007fece7300 0 1 1 0 0 0 2 32719 448
0x0000723b3d8cd380 0x00000007fece7380 0 1 1 0 0 0 2 32719 456
0x0000723b3d8cd400 0x00000007fece7400 0 0 0 0 0 0 2 32719 464
0x0000723b3d8cd480 0x00000007fece7480 0 0 0 0 0 0 2 32719 472
0x0000723b3d8cd500 0x00000007fece7500 0 1 0 0 0 0 2 32719 464
0x0000723b3d8cd580 0x00000007fece7580 0 1 0 0 0 0 2 32719 472
0x0000723b3d8cd600 0x00000007fece7600 0 0 1 0 0 0 2 32719 464
0x0000723b3d8cd680 0x00000007fece7680 0 0 1 0 0 0 2 32719 472
0x0000723b3d8cd700 0x00000007fece7700 0 1 1 0 0 0 2 32719 464
0x0000723b3d8cd780 0x00000007fece7780 0 1 1 0 0 0 2 32719 472
0x0000723b3d8cd800 0x00000007fece7800 0 0 0 0 0 0 2 32719 480
0x0000723b3d8cd880 0x00000007fece7880 0 0 0 0 0 0 2 32719 488
0x0000723b3d8cd900 0x00000007fece7900 0 1 0 0 0 0 2 32719 480
0x0000723b3d8cd980 0x00000007fece7980 0 1 0 0 0 0 2 32719 488
0x0000723b3d8cda00 0x00000007fece7a00 0 0 1 0 0 0 2 32719 480
0x0000723b3d8cda80 0x00000007fece7a80 0 0 1 0 0 0 2 32719 488
0x0000723b3d8cdb00 0x00000007fece7b00 0 1 1 0 0 0 2 32719 480
0x0000723b3d8cdb80 0x00000007fece7b80 0 1 1 0 0 0 2 32719 488
0x0000723b3d8cdc00 0x00000007fece7c00 0 0 0 0 0 0 2 32719 496
0x0000723b3d8cdc80 0x00000007fece7c80 0 0 0 0 0 0 2 32719 504
0x0000723b3d8cdd00 0x00000007fece7d00 0 1 0 0 0 0 2 32719 496
0x0000723b3d8cdd80 0x00000007fece7d80 0 1 0 0 0 0 2 32719 504
0x0000723b3d8cde00 0x00000007fece7e00 0 0 1 0 0 0 2 32719 496
0x0000723b3d8cde80 0x00000007fece7e80 0 0 1 0 0 0 2 32719 504
0x0000723b3d8cdf00 0x00000007fece7f00 0 1 1 0 0 0 2 32719 496
0x0000723b3d8cdf80 0x00000007fece7f80 0 1 1 0 0 0 2 32719 504
0x0000723b3d8d7000 0x0000000cc4ca7000 0 0 0 0 0 0 2 51341 448
0x0000723b3d8d7080 0x0000000cc4ca7080 0 0 0 0 0 0 2 51341 456
0x0000723b3d8d7100 0x0000000cc4ca7100 0 1 0 0 0 0 2 51341 448
0x0000723b3d8d7180 0x0000000cc4ca7180 0 1 0 0 0 0 2 51341 456
0x0000723b3d8d7200 0x0000000cc4ca7200 0 0 1 0 0 0 2 51341 448
0x0000723b3d8d7280 0x0000000cc4ca7280 0 0 1 0 0 0 2 51341 456
0x0000723b3d8d7300 0x0000000cc4ca7300 0 1 1 0 0 0 2 51341 448
0x0000723b3d8d7380 0x0000000cc4ca7380 0 1 1 0 0 0 2 51341 456
0x0000723b3d8d7400 0x0000000cc4ca7400 0 0 0 0 0 0 2 51341 464
0x0000723b3d8d7480 0x0000000cc4ca7480 0 0 0 0 0 0 2 51341 472
0x0000723b3d8d7500 0x0000000cc4ca7500 0 1 0 0 0 0 2 51341 464
0x0000723b3d8d7580 0x0000000cc4ca7580 0 1 0 0 0 0 2 51341 472
0x0000723b3d8d7600 0x0000000cc4ca7600 0 0 1 0 0 0 2 51341 464
0x0000723b3d8d7680 0x0000000cc4ca7680 0 0 1 0 0 0 2 51341 472
0x0000723b3d8d7700 0x0000000cc4ca7700 0 1 1 0 0 0 2 51341 464
0x0000723b3d8d7780 0x0000000cc4ca7780 0 1 1 0 0 0 2 51341 472
0x0000723b3d8d7800 0x0000000cc4ca7800 0 0 0 0 0 0 2 51341 480
0x0000723b3d8d7880 0x0000000cc4ca7880 0 0 0 0 0 0 2 51341 488
0x0000723b3d8d7900 0x0000000cc4ca7900 0 1 0 0 0 0 2 51341 480
0x0000723b3d8d7980 0x0000000cc4ca7980 0 1 0 0 0 0 2 51341 488
0x0000723b3d8d7a00 0x0000000cc4ca7a00 0 0 1 0 0 0 2 51341 480
0x0000723b3d8d7a80 0x0000000cc4ca7a80 0 0 1 0 0 0 2 51341 488
0x0000723b3d8d7b00 0x0000000cc4ca7b00 0 1 1 0 0 0 2 51341 480
0x0000723b3d8d7b80 0x0000000cc4ca7b80 0 1 1 0 0 0 2 51341 488
0x0000723b3d8d7c00 0x0000000cc4ca7c00 0 0 0 0 0 0 2 51341 496
0x0000723b3d8d7c80 0x0000000cc4ca7c80 0 0 0 0 0 0 2 51341 504
0x0000723b3d8d7d00 0x0000000cc4ca7d00 0 1 0 0 0 0 2 51341 496
0x0000723b3d8d7d80 0x0000000cc4ca7d80 0 1 0 0 0 0 2 51341 504
0x0000723b3d8d7e00 0x0000000cc4ca7e00 0 0 1 0 0 0 2 51341 496
0x0000723b3d8d7e80 0x0000000cc4ca7e80 0 0 1 0 0 0 2 51341 504
0x0000723b3d8d7f00 0x0000000cc4ca7f00 0 1 1 0 0 0 2 51341 496
0x0000723b3d8d7f80 0x0000000cc4ca7f80 0 1 1 0 0 0 2 51341 504
0x0000723b3d8db000 0x0000000a7ece6000 0 0 0 0 0 0 2 40927 384
0x0000723b3d8db080 0x0000000a7ece6080 0 0 0 0 0 0 2 40927 392
0x0000723b3d8db100 0x0000000a7ece6100 0 1 0 0 0 0 2 40927 384
0x0000723b3d8db180 0x0000000a7ece6180 0 1 0 0 0 0 2 40927 392
0x0000723b3d8db200 0x0000000a7ece6200 0 0 1 0 0 0 2 40927 384
0x0000723b3d8db280 0x0000000a7ece6280 0 0 1 0 0 0 2 40927 392
0x0000723b3d8db300 0x0000000a7ece6300 0 1 1 0 0 0 2 40927 384
0x0000723b3d8db380 0x0000000a7ece6380 0 1 1 0 0 0 2 40927 392
0x0000723b3d8db400 0x0000000a7ece6400 0 0 0 0 0 0 2 40927 400
0x0000723b3d8db480 0x0000000a7ece6480 0 0 0 0 0 0 2 40927 408
0x0000723b3d8db500 0x0000000a7ece6500 0 1 0 0 0 0 2 40927 400
0x0000723b3d8db580 0x0000000a7ece6580 0 1 0 0 0 0 2 40927 408
0x0000723b3d8db600 0x0000000a7ece6600 0 0 1 0 0 0 2 40927 400
0x0000723b3d8db680 0x0000000a7ece6680 0 0 1 0 0 0 2 40927 408
0x0000723b3d8db700 0x0000000a7ece6700 0 1 1 0 0 0 2 40927 400
0x0000723b3d8db780 0x0000000a7ece6780 0 1 1 0 0 0 2 40927 408
0x0000723b3d8db800 0x0000000a7ece6800 0 0 0 0 0 0 2 40927 416
0x0000723b3d8db880 0x0000000a7ece6880 0 0 0 0 0 0 2 40927 424
0x0000723b3d8db900 0x0000000a7ece6900 0 1 0 0 0 0 2 40927 416
0x0000723b3d8db980 0x0000000a7ece6980 0 1 0 0 0 0 2 40927 424
0x0000723b3d8dba00 0x0000000a7ece6a00 0 0 1 0 0 0 2 40927 416
0x0000723b3d8dba80 0x0000000a7ece6a80 0 0 1 0 0 0 2 40927 424
0x0000723b3d8dbb00 0x0000000a7ece6b00 0 1 1 0 0 0 2 40927 416
0x0000723b3d8dbb80 0x0000000a7ece6b80 0 1 1 0 0 0 2 40927 424
0x0000723b3d8dbc00 0x0000000a7ece6c00 0 0 0 0 0 0 2 40927 432
0x0000723b3d8dbc80 0x0000000a7ece6c80 0 0 0 0 0 0 2 40927 440
0x0000723b3d8dbd00 0x0000000a7ece6d00 0 1 0 0 0 0 2 40927 432
0x0000723b3d8dbd80 0x0000000a7ece6d80 0 1 0 0 0 0 2 40927 440
0x0000723b3d8dbe00 0x0000000a7ece6e00 0 0 1 0 0 0 2 40927 432
0x0000723b3d8dbe80 0x0000000a7ece6e80 0 0 1 0 0 0 2 40927 440
0x0000723b3d8dbf00 0x0000000a7ece6f00 0 1 1 0 0 0 2 40927 432
0x0000723b3d8dbf80 0x0000000a7ece6f80 0 1 1 0 0 0 2 40927 440
0x0000723b3d8f2000 0x00000007fdc0d000 0 0 0 0 1 0 2 32680 320
0x0000723b3d8f2080 0x00000007fdc0d080 0 0 0 0 1 0 2 32680 328
0x0000723b3d8f2100 0x00000007fdc0d100 0 1 0 0 1 0 2 32680 320
0x0000723b3d8f2180 0x00000007fdc0d180 0 1 0 0 1 0 2 32680 328
0x0000723b3d8f2200 0x00000007fdc0d200 0 0 1 0 1 0 2 32680 320
0x0000723b3d8f2280 0x00000007fdc0d280 0 0 1 0 1 0 2 32680 328
0x0000723b3d8f2300 0x00000007fdc0d300 0 1 1 0 1 0 2 32680 320
0x0000723b3d8f2380 0x00000007fdc0d380 0 1 1 0 1 0 2 32680 328
0x0000723b3d8f2400 0x00000007fdc0d400 0 0 0 0 1 0 2 32680 336
0x0000723b3d8f2480 0x00000007fdc0d480 0 0 0 0 1 0 2 32680 344
0x0000723b3d8f2500 0x00000007fdc0d500 0 1 0 0 1 0 2 32680 336
0x0000723b3d8f2580 0x00000007fdc0d580 0 1 0 0 1 0 2 32680 344
0x0000723b3d8f2600 0x00000007fdc0d600 0 0 1 0 1 0 2 32680 336
0x0000723b3d8f2680 0x00000007fdc0d680 0 0 1 0 1 0 2 32680 344
0x0000723b3d8f2700 0x00000007fdc0d700 0 1 1 0 1 0 2 32680 336
0x0000723b3d8f2780 0x00000007fdc0d780 0 1 1 0 1 0 2 32680 344
0x0000723b3d8f2800 0x00000007fdc0d800 0 0 0 0 1 0 2 32680 352
0x0000723b3d8f2880 0x00000007fdc0d880 0 0 0 0 1 0 2 32680 360
0x0000723b3d8f2900 0x00000007fdc0d900 0 1 0 0 1 0 2 32680 352
0x0000723b3d8f2980 0x00000007fdc0d980 0 1 0 0 1 0 2 32680 360
0x0000723b3d8f2a00 0x00000007fdc0da00 0 0 1 0 1 0 2 32680 352
0x0000723b3d8f2a80 0x00000007fdc0da80 0 0 1 0 1 0 2 32680 360
0x0000723b3d8f2b00 0x00000007fdc0db00 0 1 1 0 1 0 2 32680 352
0x0000723b3d8f2b80 0x00000007fdc0db80 0 1 1 0 1 0 2 32680 360
0x0000723b3d8f2c00 0x00000007fdc0dc00 0 0 0 0 1 0 2 32680 368
0x0000723b3d8f2c80 0x00000007fdc0dc80 0 0 0 0 1 0 2 32680 376
0x0000723b3d8f2d00 0x00000007fdc0dd00 0 1 0 0 1 0 2 32680 368
0x0000723b3d8f2d80 0x00000007fdc0dd80 0 1 0 0 1 0 2 32680 376
0x0000723b3d8f2e00 0x00000007fdc0de00 0 0 1 0 1 0 2 32680 368
0x0000723b3d8f2e80 0x00000007fdc0de80 0 0 1 0 1 0 2 32680 376
0x0000723b3d8f2f00 0x00000007fdc0df00 0 1 1 0 1 0 2 32680 368
0x0000723b3d8f2f80 0x00000007fdc0df80 0 1 1 0 1 0 2 32680 376
0x0000723b3d8f9000 0x00000003cec3d000 0 0 0 0 1 0 2 14793 832
0x0000723b3d8f9080 0x00000003cec3d080 0 0 0 0 1 0 2 14793 840
0x0000723b3d8f9100 0x00000003cec3d100 0 1 0 0 1 0 2 14793 832
0x0000723b3d8f9180 0x00000003cec3d180 0 1 0 0 1 0 2 14793 840
0x0000723b3d8f9200 0x00000003cec3d200 0 0 1 0 1 0 2 14793 832
0x0000723b3d8f9280 0x00000003cec3d280 0 0 1 0 1 0 2 14793 840
0x0000723b3d8f9300 0x00000003cec3d300 0 1 1 0 1 0 2 14793 832
0x0000723b3d8f9380 0x00000003cec3d380 0 1 1 0 1 0 2 14793 840
0x0000723b3d8f9400 0x00000003cec3d400 0 0 0 0 1 0 2 14793 848
0x0000723b3d8f9480 0x00000003cec3d480 0 0 0 0 1 0 2 14793 856
0x0000723b3d8f9500 0x00000003cec3d500 0 1 0 0 1 0 2 14793 848
0x0000723b3d8f9580 0x00000003cec3d580 0 1 0 0 1 0 2 14793 856
0x0000723b3d8f9600 0x00000003cec3d600 0 0 1 0 1 0 2 14793 848
0x0000723b3d8f9680 0x00000003cec3d680 0 0 1 0 1 0 2 14793 856
0x0000723b3d8f9700 0x00000003cec3d700 0 1 1 0 1 0 2 14793 848
0x0000723b3d8f9780 0x00000003cec3d780 0 1 1 0 1 0 2 14793 856
0x0000723b3d8f9800 0x00000003cec3d800 0 0 0 0 1 0 2 14793 864
0x0000723b3d8f9880 0x00000003cec3d880 0 0 0 0 1 0 2 14793 872
0x0000723b3d8f9900 0x00000003cec3d900 0 1 0 0 1 0 2 14793 864
0x0000723b3d8f9980 0x00000003cec3d980 0 1 0 0 1 0 2 14793 872
0x0000723b3d8f9a00 0x00000003cec3da00 0 0 1 0 1 0 2 14793 864
0x0000723b3d8f9a80 0x00000003cec3da80 0 0 1 0 1 0 2 14793 872
0x0000723b3d8f9b00 0x00000003cec3db00 0 1 1 0 1 0 2 14793 864
0x0000723b3d8f9b80 0x00000003cec3db80 0 1 1 0 1 0 2 14793 872
0x0000723b3d8f9c00 0x00000003cec3dc00 0 0 0 0 1 0 2 14793 880
0x0000723b3d8f9c80 0x00000003cec3dc80 0 0 0 0 1 0 2 14793 888
0x0000723b3d8f9d00 0x00000003cec3dd00 0 1 0 0 1 0 2 14793 880
0x0000723b3d8f9d80 0x00000003cec3dd80 0 1 0 0 1 0 2 14793 888
0x0000723b3d8f9e00 0x00000003cec3de00 0 0 1 0 1 0 2 14793 880
0x0000723b3d8f9e80 0x00000003cec3de80 0 0 1 0 1 0 2 14793 888
0x0000723b3d8f9f00 0x00000003cec3df00 0 1 1 0 1 0 2 14793 880
0x0000723b3d8f9f80 0x00000003cec3df80 0 1 1 0 1 0 2 14793 888
0x0000723b3d8fa000 0x00000002ad44c000 0 0 0 0 1 0 2 9634 256
0x0000723b3d8fa080 0x00000002ad44c080 0 0 0 0 1 0 2 9634 264
0x0000723b3d8fa100 0x00000002ad44c100 0 1 0 0 1 0 2 9634 256
0x0000723b3d8fa180 0x00000002ad44c180 0 1 0 0 1 0 2 9634 264
0x0000723b3d8fa200 0x00000002ad44c200 0 0 1 0 1 0 2 9634 256
0x0000723b3d8fa280 0x00000002ad44c280 0 0 1 0 1 0 2 9634 264
0x0000723b3d8fa300 0x00000002ad44c300 0 1 1 0 1 0 2 9634 256
0x0000723b3d8fa380 0x00000002ad44c380 0 1 1 0 1 0 2 9634 264
0x0000723b3d8fa400 0x00000002ad44c400 0 0 0 0 1 0 2 9634 272
0x0000723b3d8fa480 0x00000002ad44c480 0 0 0 0 1 0 2 9634 280
0x0000723b3d8fa500 0x00000002ad44c500 0 1 0 0 1 0 2 9634 272
0x0000723b3d8fa580 0x00000002ad44c580 0 1 0 0 1 0 2 9634 280
0x0000723b3d8fa600 0x00000002ad44c600 0 0 1 0 1 0 2 9634 272
0x0000723b3d8fa680 0x00000002ad44c680 0 0 1 0 1 0 2 9634 280
0x0000723b3d8fa700 0x00000002ad44c700 0 1 1 0 1 0 2 9634 272
0x0000723b3d8fa780 0x00000002ad44c780 0 1 1 0 1 0 2 9634 280
0x0000723b3d8fa800 0x00000002ad44c800 0 0 0 0 1 0 2 9634 288
0x0000723b3d8fa880 0x00000002ad44c880 0 0 0 0 1 0 2 9634 296
0x0000723b3d8fa900 0x00000002ad44c900 0 1 0 0 1 0 2 9634 288
0x0000723b3d8fa980 0x00000002ad44c980 0 1 0 0 1 0 2 9634 296
0x0000723b3d8faa00 0x00000002ad44ca00 0 0 1 0 1 0 2 9634 288
0x0000723b3d8faa80 0x00000002ad44ca80 0 0 1 0 1 0 2 9634 296
0x0000723b3d8fab00 0x00000002ad44cb00 0 1 1 0 1 0 2 9634 288
0x0000723b3d8fab80 0x00000002ad44cb80 0 1 1 0 1 0 2 9634 296
0x0000723b3d8fac00 0x00000002ad44cc00 0 0 0 0 1 0 2 9634 304
0x0000723b3d8fac80 0x00000002ad44cc80 0 0 0 0 1 0 2 9634 312
0x0000723b3d8fad00 0x00000002ad44cd00 0 1 0 0 1 0 2 9634 304
0x0000723b3d8fad80 0x00000002ad44cd80 0 1 0 0 1 0 2 9634 312
0x0000723b3d8fae00 0x00000002ad44ce00 0 0 1 0 1 0 2 9634 304
0x0000723b3d8fae80 0x00000002ad44ce80 0 0 1 0 1 0 2 9634 312
0x0000723b3d8faf00 0x00000002ad44cf00 0 1 1 0 1 0 2 9634 304
0x0000723b3d8faf80 0x00000002ad44cf80 0 1 1 0 1 0 2 9634 312
0x0000723b3d8fc000 0x000000029a474000 0 0 0 0 0 0 2 9027 768
0x0000723b3d8fc080 0x000000029a474080 0 0 0 0 0 0 2 9027 776
0x0000723b3d8fc100 0x000000029a474100 0 1 0 0 0 0 2 9027 768
0x0000723b3d8fc180 0x000000029a474180 0 1 0 0 0 0 2 9027 776
0x0000723b3d8fc200 0x000000029a474200 0 0 1 0 0 0 2 9027 768
0x0000723b3d8fc280 0x000000029a474280 0 0 1 0 0 0 2 9027 776
0x0000723b3d8fc300 0x000000029a474300 0 1 1 0 0 0 2 9027 768
0x0000723b3d8fc380 0x000000029a474380 0 1 1 0 0 0 2 9027 776
0x0000723b3d8fc400 0x000000029a474400 0 0 0 0 0 0 2 9027 784
0x0000723b3d8fc480 0x000000029a474480 0 0 0 0 0 0 2 9027 792
0x0000723b3d8fc500 0x000000029a474500 0 1 0 0 0 0 2 9027 784
0x0000723b3d8fc580 0x000000029a474580 0 1 0 0 0 0 2 9027 792
0x0000723b3d8fc600 0x000000029a474600 0 0 1 0 0 0 2 9027 784
0x0000723b3d8fc680 0x000000029a474680 0 0 1 0 0 0 2 9027 792
0x0000723b3d8fc700 0x000000029a474700 0 1 1 0 0 0 2 9027 784
0x0000723b3d8fc780 0x000000029a474780 0 1 1 0 0 0 2 9027 792
0x0000723b3d8fc800 0x000000029a474800 0 0 0 0 0 0 2 9027 800
0x0000723b3d8fc880 0x000000029a474880 0 0 0 0 0 0 2 9027 808
0x0000723b3d8fc900 0x000000029a474900 0 1 0 0 0 0 2 9027 800
0x0000723b3d8fc980 0x000000029a474980 0 1 0 0 0 0 2 9027 808
0x0000723b3d8fca00 0x000000029a474a00 0 0 1 0 0 0 2 9027 800
0x0000723b3d8fca80 0x000000029a474a80 0 0 1 0 0 0 2 9027 808
0x0000723b3d8fcb00 0x000000029a474b00 0 1 1 0 0 0 2 9027 800
0x0000723b3d8fcb80 0x000000029a474b80 0 1 1 0 0 0 2 9027 808
0x0000723b3d8fcc00 0x000000029a474c00 0 0 0 0 0 0 2 9027 816
0x0000723b3d8fcc80 0x000000029a474c80 0 0 0 0 0 0 2 9027 824
0x0000723b3d8fcd00 0x000000029a474d00 0 1 0 0 0 0 2 9027 816
0x0000723b3d8fcd80 0x000000029a474d80 0 1 0 0 0 0 2 9027 824
0x0000723b3d8fce00 0x000000029a474e00 0 0 1 0 0 0 2 9027 816
0x0000723b3d8fce80 0x000000029a474e80 0 0 1 0 0 0 2 9027 824
0x0000723b3d8fcf00 0x000000029a474f00 0 1 1 0 0 0 2 9027 816
0x0000723b3d8fcf80 0x000000029a474f80 0 1 1 0 0 0 2 9027 824
0x0000723b3d90a000 0x0000000dda473000 0 0 0 0 0 0 2 56131 704
0x0000723b3d90a080 0x0000000dda473080 0 0 0 0 0 0 2 56131 712
0x0000723b3d90a100 0x0000000dda473100 0 1 0 0 0 0 2 56131 704
0x0000723b3d90a180 0x0000000dda473180 0 1 0 0 0 0 2 56131 712
0x0000723b3d90a200 0x0000000dda473200 0 0 1 0 0 0 2 56131 704
0x0000723b3d90a280 0x0000000dda473280 0 0 1 0 0 0 2 56131 712
0x0000723b3d90a300 0x0000000dda473300 0 1 1 0 0 0 2 56131 704
0x0000723b3d90a380 0x0000000dda473380 0 1 1 0 0 0 2 56131 712
0x0000723b3d90a400 0x0000000dda473400 0 0 0 0 0 0 2 56131 720
0x0000723b3d90a480 0x0000000dda473480 0 0 0 0 0 0 2 56131 728
0x0000723b3d90a500 0x0000000dda473500 0 1 0 0 0 0 2 56131 720
0x0000723b3d90a580 0x0000000dda473580 0 1 0 0 0 0 2 56131 728
0x0000723b3d90a600 0x0000000dda473600 0 0 1 0 0 0 2 56131 720
0x0000723b3d90a680 0x0000000dda473680 0 0 1 0 0 0 2 56131 728
0x0000723b3d90a700 0x0000000dda473700 0 1 1 0 0 0 2 56131 720
0x0000723b3d90a780 0x0000000dda473780 0 1 1 0 0 0 2 56131 728
0x0000723b3d90a800 0x0000000dda473800 0 0 0 0 0 0 2 56131 736
0x0000723b3d90a880 0x0000000dda473880 0 0 0 0 0 0 2 56131 744
0x0000723b3d90a900 0x0000000dda473900 0 1 0 0 0 0 2 56131 736
0x0000723b3d90a980 0x0000000dda473980 0 1 0 0 0 0 2 56131 744
0x0000723b3d90aa00 0x0000000dda473a00 0 0 1 0 0 0 2 56131 736
0x0000723b3d90aa80 0x0000000dda473a80 0 0 1 0 0 0 2 56131 744
0x0000723b3d90ab00 0x0000000dda473b00 0 1 1 0 0 0 2 56131 736
0x0000723b3d90ab80 0x0000000dda473b80 0 1 1 0 0 0 2 56131 744
0x0000723b3d90ac00 0x0000000dda473c00 0 0 0 0 0 0 2 56131 752
0x0000723b3d90ac80 0x0000000dda473c80 0 0 0 0 0 0 2 56131 760
0x0000723b3d90ad00 0x0000000dda473d00 0 1 0 0 0 0 2 56131 752
0x0000723b3d90ad80 0x0000000dda473d80 0 1 0 0 0 0 2 56131 760
0x0000723b3d90ae00 0x0000000dda473e00 0 0 1 0 0 0 2 56131 752
0x0000723b3d90ae80 0x0000000dda473e80 0 0 1 0 0 0 2 56131 760
0x0000723b3d90af00 0x0000000dda473f00 0 1 1 0 0 0 2 56131 752
0x0000723b3d90af80 0x0000000dda473f80 0 1 1 0 0 0 2 56131 760
0x0000723b3d90b000 0x0000000c854eb000 0 0 0 0 1 0 2 49319 192
0x0000723b3d90b080 0x0000000c854eb080 0 0 0 0 1 0 2 49319 200
0x0000723b3d90b100 0x0000000c854eb100 0 1 0 0 1 0 2 49319 192
0x0000723b3d90b180 0x0000000c854eb180 0 1 0 0 1 0 2 49319 200
0x0000723b3d90b200 0x0000000c854eb200 0 0 1 0 1 0 2 49319 192
0x0000723b3d90b280 0x0000000c854eb280 0 0 1 0 1 0 2 49319 200
0x0000723b3d90b300 0x0000000c854eb300 0 1 1 0 1 0 2 49319 192
0x0000723b3d90b380 0x0000000c854eb380 0 1 1 0 1 0 2 49319 200
0x0000723b3d90b400 0x0000000c854eb400 0 0 0 0 1 0 2 49319 208
0x0000723b3d90b480 0x0000000c854eb480 0 0 0 0 1 0 2 49319 216
0x0000723b3d90b500 0x0000000c854eb500 0 1 0 0 1 0 2 49319 208
0x0000723b3d90b580 0x0000000c854eb580 0 1 0 0 1 0 2 49319 216
0x0000723b3d90b600 0x0000000c854eb600 0 0 1 0 1 0 2 49319 208
0x0000723b3d90b680 0x0000000c854eb680 0 0 1 0 1 0 2 49319 216
0x0000723b3d90b700 0x0000000c854eb700 0 1 1 0 1 0 2 49319 208
0x0000723b3d90b780 0x0000000c854eb780 0 1 1 0 1 0 2 49319 216
0x0000723b3d90b800 0x0000000c854eb800 0 0 0 0 1 0 2 49319 224
0x0000723b3d90b880 0x0000000c854eb880 0 0 0 0 1 0 2 49319 232
0x0000723b3d90b900 0x0000000c854eb900 0 1 0 0 1 0 2 49319 224
0x0000723b3d90b980 0x0000000c854eb980 0 1 0 0 1 0 2 49319 232
0x0000723b3d90ba00 0x0000000c854eba00 0 0 1 0 1 0 2 49319 224
0x0000723b3d90ba80 0x0000000c854eba80 0 0 1 0 1 0 2 49319 232
0x0000723b3d90bb00 0x0000000c854ebb00 0 1 1 0 1 0 2 49319 224
0x0000723b3d90bb80 0x0000000c854ebb80 0 1 1 0 1 0 2 49319 232
0x0000723b3d90bc00 0x0000000c854ebc00 0 0 0 0 1 0 2 49319 240
0x0000723b3d90bc80 0x0000000c854ebc80 0 0 0 0 1 0 2 49319 248
0x0000723b3d90bd00 0x0000000c854ebd00 0 1 0 0 1 0 2 49319 240
0x0000723b3d90bd80 0x0000000c854ebd80 0 1 0 0 1 0 2 49319 248
0x0000723b3d90be00 0x0000000c854ebe00 0 0 1 0 1 0 2 49319 240
0x0000723b3d90be80 0x0000000c854ebe80 0 0 1 0 1 0 2 49319 248
0x0000723b3d90bf00 0x0000000c854ebf00 0 1 1 0 1 0 2 49319 240
0x0000723b3d90bf80 0x0000000c854ebf80 0 1 1 0 1 0 2 49319 248
0x0000723b3d91b000 0x0000000565413000 0 0 0 0 0 0 2 19632 704
0x0000723b3d91b080 0x0000000565413080 0 0 0 0 0 0 2 19632 712
0x0000723b3d91b100 0x0000000565413100 0 1 0 0 0 0 2 19632 704
0x0000723b3d91b180 0x0000000565413180 0 1 0 0 0 0 2 19632 712
0x0000723b3d91b200 0x0000000565413200 0 0 1 0 0 0 2 19632 704
0x0000723b3d91b280 0x0000000565413280 0 0 1 0 0 0 2 19632 712
0x0000723b3d91b300 0x0000000565413300 0 1 1 0 0 0 2 19632 704
0x0000723b3d91b380 0x0000000565413380 0 1 1 0 0 0 2 19632 712
0x0000723b3d91b400 0x0000000565413400 0 0 0 0 0 0 2 19632 720
0x0000723b3d91b480 0x0000000565413480 0 0 0 0 0 0 2 19632 728
0x0000723b3d91b500 0x0000000565413500 0 1 0 0 0 0 2 19632 720
0x0000723b3d91b580 0x0000000565413580 0 1 0 0 0 0 2 19632 728
0x0000723b3d91b600 0x0000000565413600 0 0 1 0 0 0 2 19632 720
0x0000723b3d91b680 0x0000000565413680 0 0 1 0 0 0 2 19632 728
0x0000723b3d91b700 0x0000000565413700 0 1 1 0 0 0 2 19632 720
0x0000723b3d91b780 0x0000000565413780 0 1 1 0 0 0 2 19632 728
0x0000723b3d91b800 0x0000000565413800 0 0 0 0 0 0 2 19632 736
0x0000723b3d91b880 0x0000000565413880 0 0 0 0 0 0 2 19632 744
0x0000723b3d91b900 0x0000000565413900 0 1 0 0 0 0 2 19632 736
0x0000723b3d91b980 0x0000000565413980 0 1 0 0 0 0 2 19632 744
0x0000723b3d91ba00 0x0000000565413a00 0 0 1 0 0 0 2 19632 736
0x0000723b3d91ba80 0x0000000565413a80 0 0 1 0 0 0 2 19632 744
0x0000723b3d91bb00 0x0000000565413b00 0 1 1 0 0 0 2 19632 736
0x0000723b3d91bb80 0x0000000565413b80 0 1 1 0 0 0 2 19632 744
0x0000723b3d91bc00 0x0000000565413c00 0 0 0 0 0 0 2 19632 752
0x0000723b3d91bc80 0x0000000565413c80 0 0 0 0 0 0 2 19632 760
0x0000723b3d91bd00 0x0000000565413d00 0 1 0 0 0 0 2 19632 752
0x0000723b3d91bd80 0x0000000565413d80 0 1 0 0 0 0 2 19632 760
0x0000723b3d91be00 0x0000000565413e00 0 0 1 0 0 0 2 19632 752
0x0000723b3d91be80 0x0000000565413e80 0 0 1 0 0 0 2 19632 760
0x0000723b3d91bf00 0x0000000565413f00 0 1 1 0 0 0 2 19632 752
0x0000723b3d91bf80 0x0000000565413f80 0 1 1 0 0 0 2 19632 760
0x0000723b3d923000 0x0000000564445000 0 0 0 0 0 0 2 19602 320
0x0000723b3d923080 0x0000000564445080 0 0 0 0 0 0 2 19602 328
0x0000723b3d923100 0x0000000564445100 0 1 0 0 0 0 2 19602 320
0x0000723b3d923180 0x0000000564445180 0 1 0 0 0 0 2 19602 328
0x0000723b3d923200 0x0000000564445200 0 0 1 0 0 0 2 19602 320
0x0000723b3d923280 0x0000000564445280 0 0 1 0 0 0 2 19602 328
0x0000723b3d923300 0x0000000564445300 0 1 1 0 0 0 2 19602 320
0x0000723b3d923380 0x0000000564445380 0 1 1 0 0 0 2 19602 328
0x0000723b3d923400 0x0000000564445400 0 0 0 0 0 0 2 19602 336
0x0000723b3d923480 0x0000000564445480 0 0 0 0 0 0 2 19602 344
0x0000723b3d923500 0x0000000564445500 0 1 0 0 0 0 2 19602 336
0x0000723b3d923580 0x0000000564445580 0 1 0 0 0 0 2 19602 344
0x0000723b3d923600 0x0000000564445600 0 0 1 0 0 0 2 19602 336
0x0000723b3d923680 0x0000000564445680 0 0 1 0 0 0 2 19602 344
0x0000723b3d923700 0x0000000564445700 0 1 1 0 0 0 2 19602 336
0x0000723b3d923780 0x0000000564445780 0 1 1 0 0 0 2 19602 344
0x0000723b3d923800 0x0000000564445800 0 0 0 0 0 0 2 19602 352
0x0000723b3d923880 0x0000000564445880 0 0 0 0 0 0 2 19602 360
0x0000723b3d923900 0x0000000564445900 0 1 0 0 0 0 2 19602 352
0x0000723b3d923980 0x0000000564445980 0 1 0 0 0 0 2 19602 360
0x0000723b3d923a00 0x0000000564445a00 0 0 1 0 0 0 2 19602 352
0x0000723b3d923a80 0x0000000564445a80 0 0 1 0 0 0 2 19602 360
0x0000723b3d923b00 0x0000000564445b00 0 1 1 0 0 0 2 19602 352
0x0000723b3d923b80 0x0000000564445b80 0 1 1 0 0 0 2 19602 360
0x0000723b3d923c00 0x0000000564445c00 0 0 0 0 0 0 2 19602 368
0x0000723b3d923c80 0x0000000564445c80 0 0 0 0 0 0 2 19602 376
0x0000723b3d923d00 0x0000000564445d00 0 1 0 0 0 0 2 19602 368
0x0000723b3d923d80 0x0000000564445d80 0 1 0 0 0 0 2 19602 376
0x0000723b3d923e00 0x0000000564445e00 0 0 1 0 0 0 2 19602 368
0x0000723b3d923e80 0x0000000564445e80 0 0 1 0 0 0 2 19602 376
0x0000723b3d923f00 0x0000000564445f00 0 1 1 0 0 0 2 19602 368
0x0000723b3d923f80 0x0000000564445f80 0 1 1 0 0 0 2 19602 376
0x0000723b3d924000 0x000000080bc58000 0 0 0 0 1 0 2 29050 512
0x0000723b3d924080 0x000000080bc58080 0 0 0 0 1 0 2 29050 520
0x0000723b3d924100 0x000000080bc58100 0 1 0 0 1 0 2 29050 512
0x0000723b3d924180 0x000000080bc58180 0 1 0 0 1 0 2 29050 520
0x0000723b3d924200 0x000000080bc58200 0 0 1 0 1 0 2 29050 512
0x0000723b3d924280 0x000000080bc58280 0 0 1 0 1 0 2 29050 520
0x0000723b3d924300 0x000000080bc58300 0 1 1 0 1 0 2 29050 512
0x0000723b3d924380 0x000000080bc58380 0 1 1 0 1 0 2 29050 520
0x0000723b3d924400 0x000000080bc58400 0 0 0 0 1 0 2 29050 528
0x0000723b3d924480 0x000000080bc58480 0 0 0 0 1 0 2 29050 536
0x0000723b3d924500 0x000000080bc58500 0 1 0 0 1 0 2 29050 528
0x0000723b3d924580 0x000000080bc58580 0 1 0 0 1 0 2 29050 536
0x0000723b3d924600 0x000000080bc58600 0 0 1 0 1 0 2 29050 528
0x0000723b3d924680 0x000000080bc58680 0 0 1 0 1 0 2 29050 536
0x0000723b3d924700 0x000000080bc58700 0 1 1 0 1 0 2 29050 528
0x0000723b3d924780 0x000000080bc58780 0 1 1 0 1 0 2 29050 536
0x0000723b3d924800 0x000000080bc58800 0 0 0 0 1 0 2 29050 544
0x0000723b3d924880 0x000000080bc58880 0 0 0 0 1 0 2 29050 552
0x0000723b3d924900 0x000000080bc58900 0 1 0 0 1 0 2 29050 544
0x0000723b3d924980 0x000000080bc58980 0 1 0 0 1 0 2 29050 552
0x0000723b3d924a00 0x000000080bc58a00 0 0 1 0 1 0 2 29050 544
0x0000723b3d924a80 0x000000080bc58a80 0 0 1 0 1 0 2 29050 552
0x0000723b3d924b00 0x000000080bc58b00 0 1 1 0 1 0 2 29050 544
0x0000723b3d924b80 0x000000080bc58b80 0 1 1 0 1 0 2 29050 552
0x0000723b3d924c00 0x000000080bc58c00 0 0 0 0 1 0 2 29050 560
0x0000723b3d924c80 0x000000080bc58c80 0 0 0 0 1 0 2 29050 568
0x0000723b3d924d00 0x000000080bc58d00 0 1 0 0 1 0 2 29050 560
0x0000723b3d924d80 0x000000080bc58d80 0 1 0 0 1 0 2 29050 568
0x0000723b3d924e00 0x000000080bc58e00 0 0 1 0 1 0 2 29050 560
0x0000723b3d924e80 0x000000080bc58e80 0 0 1 0 1 0 2 29050 568
0x0000723b3d924f00 0x000000080bc58f00 0 1 1 0 1 0 2 29050 560
0x0000723b3d924f80 0x000000080bc58f80 0 1 1 0 1 0 2 29050 568
0x0000723b3d94c000 0x0000000c9a440000 0 0 0 0 0 0 2 49986 0
0x0000723b3d94c080 0x0000000c9a440080 0 0 0 0 0 0 2 49986 8
0x0000723b3d94c100 0x0000000c9a440100 0 1 0 0 0 0 2 49986 0
0x0000723b3d94c180 0x0000000c9a440180 0 1 0 0 0 0 2 49986 8
0x0000723b3d94c200 0x0000000c9a440200 0 0 1 0 0 0 2 49986 0
0x0000723b3d94c280 0x0000000c9a440280 0 0 1 0 0 0 2 49986 8
0x0000723b3d94c300 0x0000000c9a440300 0 1 1 0 0 0 2 49986 0
0x0000723b3d94c380 0x0000000c9a440380 0 1 1 0 0 0 2 49986 8
0x0000723b3d94c400 0x0000000c9a440400 0 0 0 0 0 0 2 49986 16
0x0000723b3d94c480 0x0000000c9a440480 0 0 0 0 0 0 2 49986 24
0x0000723b3d94c500 0x0000000c9a440500 0 1 0 0 0 0 2 49986 16
0x0000723b3d94c580 0x0000000c9a440580 0 1 0 0 0 0 2 49986 24
0x0000723b3d94c600 0x0000000c9a440600 0 0 1 0 0 0 2 49986 16
0x0000723b3d94c680 0x0000000c9a440680 0 0 1 0 0 0 2 49986 24
0x0000723b3d94c700 0x0000000c9a440700 0 1 1 0 0 0 2 49986 16
0x0000723b3d94c780 0x0000000c9a440780 0 1 1 0 0 0 2 49986 24
0x0000723b3d94c800 0x0000000c9a440800 0 0 0 0 0 0 2 49986 32
0x0000723b3d94c880 0x0000000c9a440880 0 0 0 0 0 0 2 49986 40
0x0000723b3d94c900 0x0000000c9a440900 0 1 0 0 0 0 2 49986 32
0x0000723b3d94c980 0x0000000c9a440980 0 1 0 0 0 0 2 49986 40
0x0000723b3d94ca00 0x0000000c9a440a00 0 0 1 0 0 0 2 49986 32
0x0000723b3d94ca80 0x0000000c9a440a80 0 0 1 0 0 0 2 49986 40
0x0000723b3d94cb00 0x0000000c9a440b00 0 1 1 0 0 0 2 49986 32
0x0000723b3d94cb80 0x0000000c9a440b80 0 1 1 0 0 0 2 49986 40
0x0000723b3d94cc00 0x0000000c9a440c00 0 0 0 0 0 0 2 49986 48
0x0000723b3d94cc80 0x0000000c9a440c80 0 0 0 0 0 0 2 49986 56
0x0000723b3d94cd00 0x0000000c9a440d00 0 1 0 0 0 0 2 49986 48
0x0000723b3d94cd80 0x0000000c9a440d80 0 1 0 0 0 0 2 49986 56
0x0000723b3d94ce00 0x0000000c9a440e00 0 0 1 0 0 0 2 49986 48
0x0000723b3d94ce80 0x0000000c9a440e80 0 0 1 0 0 0 2 49986 56
0x0000723b3d94cf00 0x0000000c9a440f00 0 1 1 0 0 0 2 49986 48
0x0000723b3d94cf80 0x0000000c9a440f80 0 1 1 0 0 0 2 49986 56
0x0000723b3d959000 0x0000000ea4ce7000 0 0 0 0 0 0 2 58511 448
0x0000723b3d959080 0x0000000ea4ce7080 0 0 0 0 0 0 2 58511 456
0x0000723b3d959100 0x0000000ea4ce7100 0 1 0 0 0 0 2 58511 448
0x0000723b3d959180 0x0000000ea4ce7180 0 1 0 0 0 0 2 58511 456
0x0000723b3d959200 0x0000000ea4ce7200 0 0 1 0 0 0 2 58511 448
0x0000723b3d959280 0x0000000ea4ce7280 0 0 1 0 0 0 2 58511 456
0x0000723b3d959300 0x0000000ea4ce7300 0 1 1 0 0 0 2 58511 448
0x0000723b3d959380 0x0000000ea4ce7380 0 1 1 0 0 0 2 58511 456
0x0000723b3d959400 0x0000000ea4ce7400 0 0 0 0 0 0 2 58511 464
0x0000723b3d959480 0x0000000ea4ce7480 0 0 0 0 0 0 2 58511 472
0x0000723b3d959500 0x0000000ea4ce7500 0 1 0 0 0 0 2 58511 464
0x0000723b3d959580 0x0000000ea4ce7580 0 1 0 0 0 0 2 58511 472
0x0000723b3d959600 0x0000000ea4ce7600 0 0 1 0 0 0 2 58511 464
0x0000723b3d959680 0x0000000ea4ce7680 0 0 1 0 0 0 2 58511 472
0x0000723b3d959700 0x0000000ea4ce7700 0 1 1 0 0 0 2 58511 464
0x0000723b3d959780 0x0000000ea4ce7780 0 1 1 0 0 0 2 58511 472
0x0000723b3d959800 0x0000000ea4ce7800 0 0 0 0 0 0 2 58511 480
0x0000723b3d959880 0x0000000ea4ce7880 0 0 0 0 0 0 2 58511 488
0x0000723b3d959900 0x0000000ea4ce7900 0 1 0 0 0 0 2 58511 480
0x0000723b3d959980 0x0000000ea4ce7980 0 1 0 0 0 0 2 58511 488
0x0000723b3d959a00 0x0000000ea4ce7a00 0 0 1 0 0 0 2 58511 480
0x0000723b3d959a80 0x0000000ea4ce7a80 0 0 1 0 0 0 2 58511 488
0x0000723b3d959b00 0x0000000ea4ce7b00 0 1 1 0 0 0 2 58511 480
0x0000723b3d959b80 0x0000000ea4ce7b80 0 1 1 0 0 0 2 58511 488
0x0000723b3d959c00 0x0000000ea4ce7c00 0 0 0 0 0 0 2 58511 496
0x0000723b3d959c80 0x0000000ea4ce7c80 0 0 0 0 0 0 2 58511 504
0x0000723b3d959d00 0x0000000ea4ce7d00 0 1 0 0 0 0 2 58511 496
0x0000723b3d959d80 0x0000000ea4ce7d80 0 1 0 0 0 0 2 58511 504
0x0000723b3d959e00 0x0000000ea4ce7e00 0 0 1 0 0 0 2 58511 496
0x0000723b3d959e80 0x0000000ea4ce7e80 0 0 1 0 0 0 2 58511 504
0x0000723b3d959f00 0x0000000ea4ce7f00 0 1 1 0 0 0 2 58511 496
0x0000723b3d959f80 0x0000000ea4ce7f80 0 1 1 0 0 0 2 58511 504
0x0000723b3d95f000 0x0000000b4e4b6000 0 0 0 0 0 0 2 43477 896
0x0000723b3d95f080 0x0000000b4e4b6080 0 0 0 0 0 0 2 43477 904
0x0000723b3d95f100 0x0000000b4e4b6100 0 1 0 0 0 0 2 43477 896
0x0000723b3d95f180 0x0000000b4e4b6180 0 1 0 0 0 0 2 43477 904
0x0000723b3d95f200 0x0000000b4e4b6200 0 0 1 0 0 0 2 43477 896
0x0000723b3d95f280 0x0000000b4e4b6280 0 0 1 0 0 0 2 43477 904
0x0000723b3d95f300 0x0000000b4e4b6300 0 1 1 0 0 0 2 43477 896
0x0000723b3d95f380 0x0000000b4e4b6380 0 1 1 0 0 0 2 43477 904
0x0000723b3d95f400 0x0000000b4e4b6400 0 0 0 0 0 0 2 43477 912
0x0000723b3d95f480 0x0000000b4e4b6480 0 0 0 0 0 0 2 43477 920
0x0000723b3d95f500 0x0000000b4e4b6500 0 1 0 0 0 0 2 43477 912
0x0000723b3d95f580 0x0000000b4e4b6580 0 1 0 0 0 0 2 43477 920
0x0000723b3d95f600 0x0000000b4e4b6600 0 0 1 0 0 0 2 43477 912
0x0000723b3d95f680 0x0000000b4e4b6680 0 0 1 0 0 0 2 43477 920
0x0000723b3d95f700 0x0000000b4e4b6700 0 1 1 0 0 0 2 43477 912
0x0000723b3d95f780 0x0000000b4e4b6780 0 1 1 0 0 0 2 43477 920
0x0000723b3d95f800 0x0000000b4e4b6800 0 0 0 0 0 0 2 43477 928
0x0000723b3d95f880 0x0000000b4e4b6880 0 0 0 0 0 0 2 43477 936
0x0000723b3d95f900 0x0000000b4e4b6900 0 1 0 0 0 0 2 43477 928
0x0000723b3d95f980 0x0000000b4e4b6980 0 1 0 0 0 0 2 43477 936
0x0000723b3d95fa00 0x0000000b4e4b6a00 0 0 1 0 0 0 2 43477 928
0x0000723b3d95fa80 0x0000000b4e4b6a80 0 0 1 0 0 0 2 43477 936
0x0000723b3d95fb00 0x0000000b4e4b6b00 0 1 1 0 0 0 2 43477 928
0x0000723b3d95fb80 0x0000000b4e4b6b80 0 1 1 0 0 0 2 43477 936
0x0000723b3d95fc00 0x0000000b4e4b6c00 0 0 0 0 0 0 2 43477 944
0x0000723b3d95fc80 0x0000000b4e4b6c80 0 0 0 0 0 0 2 43477 952
0x0000723b3d95fd00 0x0000000b4e4b6d00 0 1 0 0 0 0 2 43477 944
0x0000723b3d95fd80 0x0000000b4e4b6d80 0 1 0 0 0 0 2 43477 952
0x0000723b3d95fe00 0x0000000b4e4b6e00 0 0 1 0 0 0 2 43477 944
0x0000723b3d95fe80 0x0000000b4e4b6e80 0 0 1 0 0 0 2 43477 952
0x0000723b3d95ff00 0x0000000b4e4b6f00 0 1 1 0 0 0 2 43477 944
0x0000723b3d95ff80 0x0000000b4e4b6f80 0 1 1 0 0 0 2 43477 952
0x0000723b3d980000 0x000000020c423000 0 0 0 0 0 0 2 4497 192
0x0000723b3d980080 0x000000020c423080 0 0 0 0 0 0 2 4497 200
0x0000723b3d980100 0x000000020c423100 0 1 0 0 0 0 2 4497 192
0x0000723b3d980180 0x000000020c423180 0 1 0 0 0 0 2 4497 200
0x0000723b3d980200 0x000000020c423200 0 0 1 0 0 0 2 4497 192
0x0000723b3d980280 0x000000020c423280 0 0 1 0 0 0 2 4497 200
0x0000723b3d980300 0x000000020c423300 0 1 1 0 0 0 2 4497 192
0x0000723b3d980380 0x000000020c423380 0 1 1 0 0 0 2 4497 200
0x0000723b3d980400 0x000000020c423400 0 0 0 0 0 0 2 4497 208
0x0000723b3d980480 0x000000020c423480 0 0 0 0 0 0 2 4497 216
0x0000723b3d980500 0x000000020c423500 0 1 0 0 0 0 2 4497 208
0x0000723b3d980580 0x000000020c423580 0 1 0 0 0 0 2 4497 216
0x0000723b3d980600 0x000000020c423600 0 0 1 0 0 0 2 4497 208
0x0000723b3d980680 0x000000020c423680 0 0 1 0 0 0 2 4497 216
0x0000723b3d980700 0x000000020c423700 0 1 1 0 0 0 2 4497 208
0x0000723b3d980780 0x000000020c423780 0 1 1 0 0 0 2 4497 216
0x0000723b3d980800 0x000000020c423800 0 0 0 0 0 0 2 4497 224
0x0000723b3d980880 0x000000020c423880 0 0 0 0 0 0 2 4497 232
0x0000723b3d980900 0x000000020c423900 0 1 0 0 0 0 2 4497 224
0x0000723b3d980980 0x000000020c423980 0 1 0 0 0 0 2 4497 232
0x0000723b3d980a00 0x000000020c423a00 0 0 1 0 0 0 2 4497 224
0x0000723b3d980a80 0x000000020c423a80 0 0 1 0 0 0 2 4497 232
0x0000723b3d980b00 0x000000020c423b00 0 1 1 0 0 0 2 4497 224
0x0000723b3d980b80 0x000000020c423b80 0 1 1 0 0 0 2 4497 232
0x0000723b3d980c00 0x000000020c423c00 0 0 0 0 0 0 2 4497 240
0x0000723b3d980c80 0x000000020c423c80 0 0 0 0 0 0 2 4497 248
0x0000723b3d980d00 0x000000020c423d00 0 1 0 0 0 0 2 4497 240
0x0000723b3d980d80 0x000000020c423d80 0 1 0 0 0 0 2 4497 248
0x0000723b3d980e00 0x000000020c423e00 0 0 1 0 0 0 2 4497 240
0x0000723b3d980e80 0x000000020c423e80 0 0 1 0 0 0 2 4497 248
0x0000723b3d980f00 0x000000020c423f00 0 1 1 0 0 0 2 4497 240
0x0000723b3d980f80 0x000000020c423f80 0 1 1 0 0 0 2 4497 248
0x0000723b3d992000 0x000000089a4dc000 0 0 0 0 1 0 2 33606 768
0x0000723b3d992080 0x000000089a4dc080 0 0 0 0 1 0 2 33606 776
0x0000723b3d992100 0x000000089a4dc100 0 1 0 0 1 0 2 33606 768
0x0000723b3d992180 0x000000089a4dc180 0 1 0 0 1 0 2 33606 776
0x0000723b3d992200 0x000000089a4dc200 0 0 1 0 1 0 2 33606 768
0x0000723b3d992280 0x000000089a4dc280 0 0 1 0 1 0 2 33606 776
0x0000723b3d992300 0x000000089a4dc300 0 1 1 0 1 0 2 33606 768
0x0000723b3d992380 0x000000089a4dc380 0 1 1 0 1 0 2 33606 776
0x0000723b3d992400 0x000000089a4dc400 0 0 0 0 1 0 2 33606 784
0x0000723b3d992480 0x000000089a4dc480 0 0 0 0 1 0 2 33606 792
0x0000723b3d992500 0x000000089a4dc500 0 1 0 0 1 0 2 33606 784
0x0000723b3d992580 0x000000089a4dc580 0 1 0 0 1 0 2 33606 792
0x0000723b3d992600 0x000000089a4dc600 0 0 1 0 1 0 2 33606 784
0x0000723b3d992680 0x000000089a4dc680 0 0 1 0 1 0 2 33606 792
0x0000723b3d992700 0x000000089a4dc700 0 1 1 0 1 0 2 33606 784
0x0000723b3d992780 0x000000089a4dc780 0 1 1 0 1 0 2 33606 792
0x0000723b3d992800 0x000000089a4dc800 0 0 0 0 1 0 2 33606 800
0x0000723b3d992880 0x000000089a4dc880 0 0 0 0 1 0 2 33606 808
0x0000723b3d992900 0x000000089a4dc900 0 1 0 0 1 0 2 33606 800
0x0000723b3d992980 0x000000089a4dc980 0 1 0 0 1 0 2 33606 808
0x0000723b3d992a00 0x000000089a4dca00 0 0 1 0 1 0 2 33606 800
0x0000723b3d992a80 0x000000089a4dca80 0 0 1 0 1 0 2 33606 808
0x0000723b3d992b00 0x000000089a4dcb00 0 1 1 0 1 0 2 33606 800
0x0000723b3d992b80 0x000000089a4dcb80 0 1 1 0 1 0 2 33606 808
0x0000723b3d992c00 0x000000089a4dcc00 0 0 0 0 1 0 2 33606 816
0x0000723b3d992c80 0x000000089a4dcc80 0 0 0 0 1 0 2 33606 824
0x0000723b3d992d00 0x000000089a4dcd00 0 1 0 0 1 0 2 33606 816
0x0000723b3d992d80 0x000000089a4dcd80 0 1 0 0 1 0 2 33606 824
0x0000723b3d992e00 0x000000089a4dce00 0 0 1 0 1 0 2 33606 816
0x0000723b3d992e80 0x000000089a4dce80 0 0 1 0 1 0 2 33606 824
0x0000723b3d992f00 0x000000089a4dcf00 0 1 1 0 1 0 2 33606 816
0x0000723b3d992f80 0x000000089a4dcf80 0 1 1 0 1 0 2 33606 824
0x0000723b3d994000 0x000000089a4de000 0 0 0 0 1 0 2 33606 896
0x0000723b3d994080 0x000000089a4de080 0 0 0 0 1 0 2 33606 904
0x0000723b3d994100 0x000000089a4de100 0 1 0 0 1 0 2 33606 896
0x0000723b3d994180 0x000000089a4de180 0 1 0 0 1 0 2 33606 904
0x0000723b3d994200 0x000000089a4de200 0 0 1 0 1 0 2 33606 896
0x0000723b3d994280 0x000000089a4de280 0 0 1 0 1 0 2 33606 904
0x0000723b3d994300 0x000000089a4de300 0 1 1 0 1 0 2 33606 896
0x0000723b3d994380 0x000000089a4de380 0 1 1 0 1 0 2 33606 904
0x0000723b3d994400 0x000000089a4de400 0 0 0 0 1 0 2 33606 912
0x0000723b3d994480 0x000000089a4de480 0 0 0 0 1 0 2 33606 920
0x0000723b3d994500 0x000000089a4de500 0 1 0 0 1 0 2 33606 912
0x0000723b3d994580 0x000000089a4de580 0 1 0 0 1 0 2 33606 920
0x0000723b3d994600 0x000000089a4de600 0 0 1 0 1 0 2 33606 912
0x0000723b3d994680 0x000000089a4de680 0 0 1 0 1 0 2 33606 920
0x0000723b3d994700 0x000000089a4de700 0 1 1 0 1 0 2 33606 912
0x0000723b3d994780 0x000000089a4de780 0 1 1 0 1 0 2 33606 920
0x0000723b3d994800 0x000000089a4de800 0 0 0 0 1 0 2 33606 928
0x0000723b3d994880 0x000000089a4de880 0 0 0 0 1 0 2 33606 936
0x0000723b3d994900 0x000000089a4de900 0 1 0 0 1 0 2 33606 928
0x0000723b3d994980 0x000000089a4de980 0 1 0 0 1 0 2 33606 936
0x0000723b3d994a00 0x000000089a4dea00 0 0 1 0 1 0 2 33606 928
0x0000723b3d994a80 0x000000089a4dea80 0 0 1 0 1 0 2 33606 936
0x0000723b3d994b00 0x000000089a4deb00 0 1 1 0 1 0 2 33606 928
0x0000723b3d994b80 0x000000089a4deb80 0 1 1 0 1 0 2 33606 936
0x0000723b3d994c00 0x000000089a4dec00 0 0 0 0 1 0 2 33606 944
0x0000723b3d994c80 0x000000089a4dec80 0 0 0 0 1 0 2 33606 952
0x0000723b3d994d00 0x000000089a4ded00 0 1 0 0 1 0 2 33606 944
0x0000723b3d994d80 0x000000089a4ded80 0 1 0 0 1 0 2 33606 952
0x0000723b3d994e00 0x000000089a4dee00 0 0 1 0 1 0 2 33606 944
0x0000723b3d994e80 0x000000089a4dee80 0 0 1 0 1 0 2 33606 952
0x0000723b3d994f00 0x000000089a4def00 0 1 1 0 1 0 2 33606 944
0x0000723b3d994f80 0x000000089a4def80 0 1 1 0 1 0 2 33606 952
0x0000723b3d995000 0x000000089a4dd000 0 0 0 0 1 0 2 33606 832
0x0000723b3d995080 0x000000089a4dd080 0 0 0 0 1 0 2 33606 840
0x0000723b3d995100 0x000000089a4dd100 0 1 0 0 1 0 2 33606 832
0x0000723b3d995180 0x000000089a4dd180 0 1 0 0 1 0 2 33606 840
0x0000723b3d995200 0x000000089a4dd200 0 0 1 0 1 0 2 33606 832
0x0000723b3d995280 0x000000089a4dd280 0 0 1 0 1 0 2 33606 840
0x0000723b3d995300 0x000000089a4dd300 0 1 1 0 1 0 2 33606 832
0x0000723b3d995380 0x000000089a4dd380 0 1 1 0 1 0 2 33606 840
0x0000723b3d995400 0x000000089a4dd400 0 0 0 0 1 0 2 33606 848
0x0000723b3d995480 0x000000089a4dd480 0 0 0 0 1 0 2 33606 856
0x0000723b3d995500 0x000000089a4dd500 0 1 0 0 1 0 2 33606 848
0x0000723b3d995580 0x000000089a4dd580 0 1 0 0 1 0 2 33606 856
0x0000723b3d995600 0x000000089a4dd600 0 0 1 0 1 0 2 33606 848
0x0000723b3d995680 0x000000089a4dd680 0 0 1 0 1 0 2 33606 856
0x0000723b3d995700 0x000000089a4dd700 0 1 1 0 1 0 2 33606 848
0x0000723b3d995780 0x000000089a4dd780 0 1 1 0 1 0 2 33606 856
0x0000723b3d995800 0x000000089a4dd800 0 0 0 0 1 0 2 33606 864
0x0000723b3d995880 0x000000089a4dd880 0 0 0 0 1 0 2 33606 872
0x0000723b3d995900 0x000000089a4dd900 0 1 0 0 1 0 2 33606 864
0x0000723b3d995980 0x000000089a4dd980 0 1 0 0 1 0 2 33606 872
0x0000723b3d995a00 0x000000089a4dda00 0 0 1 0 1 0 2 33606 864
0x0000723b3d995a80 0x000000089a4dda80 0 0 1 0 1 0 2 33606 872
0x0000723b3d995b00 0x000000089a4ddb00 0 1 1 0 1 0 2 33606 864
0x0000723b3d995b80 0x000000089a4ddb80 0 1 1 0 1 0 2 33606 872
0x0000723b3d995c00 0x000000089a4ddc00 0 0 0 0 1 0 2 33606 880
0x0000723b3d995c80 0x000000089a4ddc80 0 0 0 0 1 0 2 33606 888
0x0000723b3d995d00 0x000000089a4ddd00 0 1 0 0 1 0 2 33606 880
0x0000723b3d995d80 0x000000089a4ddd80 0 1 0 0 1 0 2 33606 888
0x0000723b3d995e00 0x000000089a4dde00 0 0 1 0 1 0 2 33606 880
0x0000723b3d995e80 0x000000089a4dde80 0 0 1 0 1 0 2 33606 888
0x0000723b3d995f00 0x000000089a4ddf00 0 1 1 0 1 0 2 33606 880
0x0000723b3d995f80 0x000000089a4ddf80 0 1 1 0 1 0 2 33606 888
0x0000723b3d997000 0x000000089a4df000 0 0 0 0 1 0 2 33606 960
0x0000723b3d997080 0x000000089a4df080 0 0 0 0 1 0 2 33606 968
0x0000723b3d997100 0x000000089a4df100 0 1 0 0 1 0 2 33606 960
0x0000723b3d997180 0x000000089a4df180 0 1 0 0 1 0 2 33606 968
0x0000723b3d997200 0x000000089a4df200 0 0 1 0 1 0 2 33606 960
0x0000723b3d997280 0x000000089a4df280 0 0 1 0 1 0 2 33606 968
0x0000723b3d997300 0x000000089a4df300 0 1 1 0 1 0 2 33606 960
0x0000723b3d997380 0x000000089a4df380 0 1 1 0 1 0 2 33606 968
0x0000723b3d997400 0x000000089a4df400 0 0 0 0 1 0 2 33606 976
0x0000723b3d997480 0x000000089a4df480 0 0 0 0 1 0 2 33606 984
0x0000723b3d997500 0x000000089a4df500 0 1 0 0 1 0 2 33606 976
0x0000723b3d997580 0x000000089a4df580 0 1 0 0 1 0 2 33606 984
0x0000723b3d997600 0x000000089a4df600 0 0 1 0 1 0 2 33606 976
0x0000723b3d997680 0x000000089a4df680 0 0 1 0 1 0 2 33606 984
0x0000723b3d997700 0x000000089a4df700 0 1 1 0 1 0 2 33606 976
0x0000723b3d997780 0x000000089a4df780 0 1 1 0 1 0 2 33606 984
0x0000723b3d997800 0x000000089a4df800 0 0 0 0 1 0 2 33606 992
0x0000723b3d997880 0x000000089a4df880 0 0 0 0 1 0 2 33606 1000
0x0000723b3d997900 0x000000089a4df900 0 1 0 0 1 0 2 33606 992
0x0000723b3d997980 0x000000089a4df980 0 1 0 0 1 0 2 33606 1000
0x0000723b3d997a00 0x000000089a4dfa00 0 0 1 0 1 0 2 33606 992
0x0000723b3d997a80 0x000000089a4dfa80 0 0 1 0 1 0 2 33606 1000
0x0000723b3d997b00 0x000000089a4dfb00 0 1 1 0 1 0 2 33606 992
0x0000723b3d997b80 0x000000089a4dfb80 0 1 1 0 1 0 2 33606 1000
0x0000723b3d997c00 0x000000089a4dfc00 0 0 0 0 1 0 2 33606 1008
0x0000723b3d997c80 0x000000089a4dfc80 0 0 0 0 1 0 2 33606 1016
0x0000723b3d997d00 0x000000089a4dfd00 0 1 0 0 1 0 2 33606 1008
0x0000723b3d997d80 0x000000089a4dfd80 0 1 0 0 1 0 2 33606 1016
0x0000723b3d997e00 0x000000089a4dfe00 0 0 1 0 1 0 2 33606 1008
0x0000723b3d997e80 0x000000089a4dfe80 0 0 1 0 1 0 2 33606 1016
0x0000723b3d997f00 0x000000089a4dff00 0 1 1 0 1 0 2 33606 1008
0x0000723b3d997f80 0x000000089a4dff80 0 1 1 0 1 0 2 33606 1016
0x0000723b3d9c5000 0x0000000b44ca0000 0 0 0 0 0 0 2 43165 0
0x0000723b3d9c5080 0x0000000b44ca0080 0 0 0 0 0 0 2 43165 8
0x0000723b3d9c5100 0x0000000b44ca0100 0 1 0 0 0 0 2 43165 0
0x0000723b3d9c5180 0x0000000b44ca0180 0 1 0 0 0 0 2 43165 8
0x0000723b3d9c5200 0x0000000b44ca0200 0 0 1 0 0 0 2 43165 0
0x0000723b3d9c5280 0x0000000b44ca0280 0 0 1 0 0 0 2 43165 8
0x0000723b3d9c5300 0x0000000b44ca0300 0 1 1 0 0 0 2 43165 0
0x0000723b3d9c5380 0x0000000b44ca0380 0 1 1 0 0 0 2 43165 8
0x0000723b3d9c5400 0x0000000b44ca0400 0 0 0 0 0 0 2 43165 16
0x0000723b3d9c5480 0x0000000b44ca0480 0 0 0 0 0 0 2 43165 24
0x0000723b3d9c5500 0x0000000b44ca0500 0 1 0 0 0 0 2 43165 16
0x0000723b3d9c5580 0x0000000b44ca0580 0 1 0 0 0 0 2 43165 24
0x0000723b3d9c5600 0x0000000b44ca0600 0 0 1 0 0 0 2 43165 16
0x0000723b3d9c5680 0x0000000b44ca0680 0 0 1 0 0 0 2 43165 24
0x0000723b3d9c5700 0x0000000b44ca0700 0 1 1 0 0 0 2 43165 16
0x0000723b3d9c5780 0x0000000b44ca0780 0 1 1 0 0 0 2 43165 24
0x0000723b3d9c5800 0x0000000b44ca0800 0 0 0 0 0 0 2 43165 32
0x0000723b3d9c5880 0x0000000b44ca0880 0 0 0 0 0 0 2 43165 40
0x0000723b3d9c5900 0x0000000b44ca0900 0 1 0 0 0 0 2 43165 32
0x0000723b3d9c5980 0x0000000b44ca0980 0 1 0 0 0 0 2 43165 40
0x0000723b3d9c5a00 0x0000000b44ca0a00 0 0 1 0 0 0 2 43165 32
0x0000723b3d9c5a80 0x0000000b44ca0a80 0 0 1 0 0 0 2 43165 40
0x0000723b3d9c5b00 0x0000000b44ca0b00 0 1 1 0 0 0 2 43165 32
0x0000723b3d9c5b80 0x0000000b44ca0b80 0 1 1 0 0 0 2 43165 40
0x0000723b3d9c5c00 0x0000000b44ca0c00 0 0 0 0 0 0 2 43165 48
0x0000723b3d9c5c80 0x0000000b44ca0c80 0 0 0 0 0 0 2 43165 56
0x0000723b3d9c5d00 0x0000000b44ca0d00 0 1 0 0 0 0 2 43165 48
0x0000723b3d9c5d80 0x0000000b44ca0d80 0 1 0 0 0 0 2 43165 56
0x0000723b3d9c5e00 0x0000000b44ca0e00 0 0 1 0 0 0 2 43165 48
0x0000723b3d9c5e80 0x0000000b44ca0e80 0 0 1 0 0 0 2 43165 56
0x0000723b3d9c5f00 0x0000000b44ca0f00 0 1 1 0 0 0 2 43165 48
0x0000723b3d9c5f80 0x0000000b44ca0f80 0 1 1 0 0 0 2 43165 56
0x0000723b3d9c7000 0x0000000b44ca2000 0 0 0 0 0 0 2 43165 128
0x0000723b3d9c7080 0x0000000b44ca2080 0 0 0 0 0 0 2 43165 136
0x0000723b3d9c7100 0x0000000b44ca2100 0 1 0 0 0 0 2 43165 128
0x0000723b3d9c7180 0x0000000b44ca2180 0 1 0 0 0 0 2 43165 136
0x0000723b3d9c7200 0x0000000b44ca2200 0 0 1 0 0 0 2 43165 128
0x0000723b3d9c7280 0x0000000b44ca2280 0 0 1 0 0 0 2 43165 136
0x0000723b3d9c7300 0x0000000b44ca2300 0 1 1 0 0 0 2 43165 128
0x0000723b3d9c7380 0x0000000b44ca2380 0 1 1 0 0 0 2 43165 136
0x0000723b3d9c7400 0x0000000b44ca2400 0 0 0 0 0 0 2 43165 144
0x0000723b3d9c7480 0x0000000b44ca2480 0 0 0 0 0 0 2 43165 152
0x0000723b3d9c7500 0x0000000b44ca2500 0 1 0 0 0 0 2 43165 144
0x0000723b3d9c7580 0x0000000b44ca2580 0 1 0 0 0 0 2 43165 152
0x0000723b3d9c7600 0x0000000b44ca2600 0 0 1 0 0 0 2 43165 144
0x0000723b3d9c7680 0x0000000b44ca2680 0 0 1 0 0 0 2 43165 152
0x0000723b3d9c7700 0x0000000b44ca2700 0 1 1 0 0 0 2 43165 144
0x0000723b3d9c7780 0x0000000b44ca2780 0 1 1 0 0 0 2 43165 152
0x0000723b3d9c7800 0x0000000b44ca2800 0 0 0 0 0 0 2 43165 160
0x0000723b3d9c7880 0x0000000b44ca2880 0 0 0 0 0 0 2 43165 168
0x0000723b3d9c7900 0x0000000b44ca2900 0 1 0 0 0 0 2 43165 160
0x0000723b3d9c7980 0x0000000b44ca2980 0 1 0 0 0 0 2 43165 168
0x0000723b3d9c7a00 0x0000000b44ca2a00 0 0 1 0 0 0 2 43165 160
0x0000723b3d9c7a80 0x0000000b44ca2a80 0 0 1 0 0 0 2 43165 168
0x0000723b3d9c7b00 0x0000000b44ca2b00 0 1 1 0 0 0 2 43165 160
0x0000723b3d9c7b80 0x0000000b44ca2b80 0 1 1 0 0 0 2 43165 168
0x0000723b3d9c7c00 0x0000000b44ca2c00 0 0 0 0 0 0 2 43165 176
0x0000723b3d9c7c80 0x0000000b44ca2c80 0 0 0 0 0 0 2 43165 184
0x0000723b3d9c7d00 0x0000000b44ca2d00 0 1 0 0 0 0 2 43165 176
0x0000723b3d9c7d80 0x0000000b44ca2d80 0 1 0 0 0 0 2 43165 184
0x0000723b3d9c7e00 0x0000000b44ca2e00 0 0 1 0 0 0 2 43165 176
0x0000723b3d9c7e80 0x0000000b44ca2e80 0 0 1 0 0 0 2 43165 184
0x0000723b3d9c7f00 0x0000000b44ca2f00 0 1 1 0 0 0 2 43165 176
0x0000723b3d9c7f80 0x0000000b44ca2f80 0 1 1 0 0 0 2 43165 184
0x0000723b3d9c8000 0x0000000b44ca1000 0 0 0 0 0 0 2 43165 64
0x0000723b3d9c8080 0x0000000b44ca1080 0 0 0 0 0 0 2 43165 72
0x0000723b3d9c8100 0x0000000b44ca1100 0 1 0 0 0 0 2 43165 64
0x0000723b3d9c8180 0x0000000b44ca1180 0 1 0 0 0 0 2 43165 72
0x0000723b3d9c8200 0x0000000b44ca1200 0 0 1 0 0 0 2 43165 64
0x0000723b3d9c8280 0x0000000b44ca1280 0 0 1 0 0 0 2 43165 72
0x0000723b3d9c8300 0x0000000b44ca1300 0 1 1 0 0 0 2 43165 64
0x0000723b3d9c8380 0x0000000b44ca1380 0 1 1 0 0 0 2 43165 72
0x0000723b3d9c8400 0x0000000b44ca1400 0 0 0 0 0 0 2 43165 80
0x0000723b3d9c8480 0x0000000b44ca1480 0 0 0 0 0 0 2 43165 88
0x0000723b3d9c8500 0x0000000b44ca1500 0 1 0 0 0 0 2 43165 80
0x0000723b3d9c8580 0x0000000b44ca1580 0 1 0 0 0 0 2 43165 88
0x0000723b3d9c8600 0x0000000b44ca1600 0 0 1 0 0 0 2 43165 80
0x0000723b3d9c8680 0x0000000b44ca1680 0 0 1 0 0 0 2 43165 88
0x0000723b3d9c8700 0x0000000b44ca1700 0 1 1 0 0 0 2 43165 80
0x0000723b3d9c8780 0x0000000b44ca1780 0 1 1 0 0 0 2 43165 88
0x0000723b3d9c8800 0x0000000b44ca1800 0 0 0 0 0 0 2 43165 96
0x0000723b3d9c8880 0x0000000b44ca1880 0 0 0 0 0 0 2 43165 104
0x0000723b3d9c8900 0x0000000b44ca1900 0 1 0 0 0 0 2 43165 96
0x0000723b3d9c8980 0x0000000b44ca1980 0 1 0 0 0 0 2 43165 104
0x0000723b3d9c8a00 0x0000000b44ca1a00 0 0 1 0 0 0 2 43165 96
0x0000723b3d9c8a80 0x0000000b44ca1a80 0 0 1 0 0 0 2 43165 104
0x0000723b3d9c8b00 0x0000000b44ca1b00 0 1 1 0 0 0 2 43165 96
0x0000723b3d9c8b80 0x0000000b44ca1b80 0 1 1 0 0 0 2 43165 104
0x0000723b3d9c8c00 0x0000000b44ca1c00 0 0 0 0 0 0 2 43165 112
0x0000723b3d9c8c80 0x0000000b44ca1c80 0 0 0 0 0 0 2 43165 120
0x0000723b3d9c8d00 0x0000000b44ca1d00 0 1 0 0 0 0 2 43165 112
0x0000723b3d9c8d80 0x0000000b44ca1d80 0 1 0 0 0 0 2 43165 120
0x0000723b3d9c8e00 0x0000000b44ca1e00 0 0 1 0 0 0 2 43165 112
0x0000723b3d9c8e80 0x0000000b44ca1e80 0 0 1 0 0 0 2 43165 120
0x0000723b3d9c8f00 0x0000000b44ca1f00 0 1 1 0 0 0 2 43165 112
0x0000723b3d9c8f80 0x0000000b44ca1f80 0 1 1 0 0 0 2 43165 120
0x0000723b3d9c9000 0x0000000f0e47c000 0 0 0 0 1 0 2 57811 768
0x0000723b3d9c9080 0x0000000f0e47c080 0 0 0 0 1 0 2 57811 776
0x0000723b3d9c9100 0x0000000f0e47c100 0 1 0 0 1 0 2 57811 768
0x0000723b3d9c9180 0x0000000f0e47c180 0 1 0 0 1 0 2 57811 776
0x0000723b3d9c9200 0x0000000f0e47c200 0 0 1 0 1 0 2 57811 768
0x0000723b3d9c9280 0x0000000f0e47c280 0 0 1 0 1 0 2 57811 776
0x0000723b3d9c9300 0x0000000f0e47c300 0 1 1 0 1 0 2 57811 768
0x0000723b3d9c9380 0x0000000f0e47c380 0 1 1 0 1 0 2 57811 776
0x0000723b3d9c9400 0x0000000f0e47c400 0 0 0 0 1 0 2 57811 784
0x0000723b3d9c9480 0x0000000f0e47c480 0 0 0 0 1 0 2 57811 792
0x0000723b3d9c9500 0x0000000f0e47c500 0 1 0 0 1 0 2 57811 784
0x0000723b3d9c9580 0x0000000f0e47c580 0 1 0 0 1 0 2 57811 792
0x0000723b3d9c9600 0x0000000f0e47c600 0 0 1 0 1 0 2 57811 784
0x0000723b3d9c9680 0x0000000f0e47c680 0 0 1 0 1 0 2 57811 792
0x0000723b3d9c9700 0x0000000f0e47c700 0 1 1 0 1 0 2 57811 784
0x0000723b3d9c9780 0x0000000f0e47c780 0 1 1 0 1 0 2 57811 792
0x0000723b3d9c9800 0x0000000f0e47c800 0 0 0 0 1 0 2 57811 800
0x0000723b3d9c9880 0x0000000f0e47c880 0 0 0 0 1 0 2 57811 808
0x0000723b3d9c9900 0x0000000f0e47c900 0 1 0 0 1 0 2 57811 800
0x0000723b3d9c9980 0x0000000f0e47c980 0 1 0 0 1 0 2 57811 808
0x0000723b3d9c9a00 0x0000000f0e47ca00 0 0 1 0 1 0 2 57811 800
0x0000723b3d9c9a80 0x0000000f0e47ca80 0 0 1 0 1 0 2 57811 808
0x0000723b3d9c9b00 0x0000000f0e47cb00 0 1 1 0 1 0 2 57811 800
0x0000723b3d9c9b80 0x0000000f0e47cb80 0 1 1 0 1 0 2 57811 808
0x0000723b3d9c9c00 0x0000000f0e47cc00 0 0 0 0 1 0 2 57811 816
0x0000723b3d9c9c80 0x0000000f0e47cc80 0 0 0 0 1 0 2 57811 824
0x0000723b3d9c9d00 0x0000000f0e47cd00 0 1 0 0 1 0 2 57811 816
0x0000723b3d9c9d80 0x0000000f0e47cd80 0 1 0 0 1 0 2 57811 824
0x0000723b3d9c9e00 0x0000000f0e47ce00 0 0 1 0 1 0 2 57811 816
0x0000723b3d9c9e80 0x0000000f0e47ce80 0 0 1 0 1 0 2 57811 824
0x0000723b3d9c9f00 0x0000000f0e47cf00 0 1 1 0 1 0 2 57811 816
0x0000723b3d9c9f80 0x0000000f0e47cf80 0 1 1 0 1 0 2 57811 824
0x0000723b3d9ca000 0x0000000b44ca3000 0 0 0 0 0 0 2 43165 192
0x0000723b3d9ca080 0x0000000b44ca3080 0 0 0 0 0 0 2 43165 200
0x0000723b3d9ca100 0x0000000b44ca3100 0 1 0 0 0 0 2 43165 192
0x0000723b3d9ca180 0x0000000b44ca3180 0 1 0 0 0 0 2 43165 200
0x0000723b3d9ca200 0x0000000b44ca3200 0 0 1 0 0 0 2 43165 192
0x0000723b3d9ca280 0x0000000b44ca3280 0 0 1 0 0 0 2 43165 200
0x0000723b3d9ca300 0x0000000b44ca3300 0 1 1 0 0 0 2 43165 192
0x0000723b3d9ca380 0x0000000b44ca3380 0 1 1 0 0 0 2 43165 200
0x0000723b3d9ca400 0x0000000b44ca3400 0 0 0 0 0 0 2 43165 208
0x0000723b3d9ca480 0x0000000b44ca3480 0 0 0 0 0 0 2 43165 216
0x0000723b3d9ca500 0x0000000b44ca3500 0 1 0 0 0 0 2 43165 208
0x0000723b3d9ca580 0x0000000b44ca3580 0 1 0 0 0 0 2 43165 216
0x0000723b3d9ca600 0x0000000b44ca3600 0 0 1 0 0 0 2 43165 208
0x0000723b3d9ca680 0x0000000b44ca3680 0 0 1 0 0 0 2 43165 216
0x0000723b3d9ca700 0x0000000b44ca3700 0 1 1 0 0 0 2 43165 208
0x0000723b3d9ca780 0x0000000b44ca3780 0 1 1 0 0 0 2 43165 216
0x0000723b3d9ca800 0x0000000b44ca3800 0 0 0 0 0 0 2 43165 224
0x0000723b3d9ca880 0x0000000b44ca3880 0 0 0 0 0 0 2 43165 232
0x0000723b3d9ca900 0x0000000b44ca3900 0 1 0 0 0 0 2 43165 224
0x0000723b3d9ca980 0x0000000b44ca3980 0 1 0 0 0 0 2 43165 232
0x0000723b3d9caa00 0x0000000b44ca3a00 0 0 1 0 0 0 2 43165 224
0x0000723b3d9caa80 0x0000000b44ca3a80 0 0 1 0 0 0 2 43165 232
0x0000723b3d9cab00 0x0000000b44ca3b00 0 1 1 0 0 0 2 43165 224
0x0000723b3d9cab80 0x0000000b44ca3b80 0 1 1 0 0 0 2 43165 232
0x0000723b3d9cac00 0x0000000b44ca3c00 0 0 0 0 0 0 2 43165 240
0x0000723b3d9cac80 0x0000000b44ca3c80 0 0 0 0 0 0 2 43165 248
0x0000723b3d9cad00 0x0000000b44ca3d00 0 1 0 0 0 0 2 43165 240
0x0000723b3d9cad80 0x0000000b44ca3d80 0 1 0 0 0 0 2 43165 248
0x0000723b3d9cae00 0x0000000b44ca3e00 0 0 1 0 0 0 2 43165 240
0x0000723b3d9cae80 0x0000000b44ca3e80 0 0 1 0 0 0 2 43165 248
0x0000723b3d9caf00 0x0000000b44ca3f00 0 1 1 0 0 0 2 43165 240
0x0000723b3d9caf80 0x0000000b44ca3f80 0 1 1 0 0 0 2 43165 248
0x0000723b3d9cc000 0x0000000f0e47e000 0 0 0 0 1 0 2 57811 896
0x0000723b3d9cc080 0x0000000f0e47e080 0 0 0 0 1 0 2 57811 904
0x0000723b3d9cc100 0x0000000f0e47e100 0 1 0 0 1 0 2 57811 896
0x0000723b3d9cc180 0x0000000f0e47e180 0 1 0 0 1 0 2 57811 904
0x0000723b3d9cc200 0x0000000f0e47e200 0 0 1 0 1 0 2 57811 896
0x0000723b3d9cc280 0x0000000f0e47e280 0 0 1 0 1 0 2 57811 904
0x0000723b3d9cc300 0x0000000f0e47e300 0 1 1 0 1 0 2 57811 896
0x0000723b3d9cc380 0x0000000f0e47e380 0 1 1 0 1 0 2 57811 904
0x0000723b3d9cc400 0x0000000f0e47e400 0 0 0 0 1 0 2 57811 912
0x0000723b3d9cc480 0x0000000f0e47e480 0 0 0 0 1 0 2 57811 920
0x0000723b3d9cc500 0x0000000f0e47e500 0 1 0 0 1 0 2 57811 912
0x0000723b3d9cc580 0x0000000f0e47e580 0 1 0 0 1 0 2 57811 920
0x0000723b3d9cc600 0x0000000f0e47e600 0 0 1 0 1 0 2 57811 912
0x0000723b3d9cc680 0x0000000f0e47e680 0 0 1 0 1 0 2 57811 920
0x0000723b3d9cc700 0x0000000f0e47e700 0 1 1 0 1 0 2 57811 912
0x0000723b3d9cc780 0x0000000f0e47e780 0 1 1 0 1 0 2 57811 920
0x0000723b3d9cc800 0x0000000f0e47e800 0 0 0 0 1 0 2 57811 928
0x0000723b3d9cc880 0x0000000f0e47e880 0 0 0 0 1 0 2 57811 936
0x0000723b3d9cc900 0x0000000f0e47e900 0 1 0 0 1 0 2 57811 928
0x0000723b3d9cc980 0x0000000f0e47e980 0 1 0 0 1 0 2 57811 936
0x0000723b3d9cca00 0x0000000f0e47ea00 0 0 1 0 1 0 2 57811 928
0x0000723b3d9cca80 0x0000000f0e47ea80 0 0 1 0 1 0 2 57811 936
0x0000723b3d9ccb00 0x0000000f0e47eb00 0 1 1 0 1 0 2 57811 928
0x0000723b3d9ccb80 0x0000000f0e47eb80 0 1 1 0 1 0 2 57811 936
0x0000723b3d9ccc00 0x0000000f0e47ec00 0 0 0 0 1 0 2 57811 944
0x0000723b3d9ccc80 0x0000000f0e47ec80 0 0 0 0 1 0 2 57811 952
0x0000723b3d9ccd00 0x0000000f0e47ed00 0 1 0 0 1 0 2 57811 944
0x0000723b3d9ccd80 0x0000000f0e47ed80 0 1 0 0 1 0 2 57811 952
0x0000723b3d9cce00 0x0000000f0e47ee00 0 0 1 0 1 0 2 57811 944
0x0000723b3d9cce80 0x0000000f0e47ee80 0 0 1 0 1 0 2 57811 952
0x0000723b3d9ccf00 0x0000000f0e47ef00 0 1 1 0 1 0 2 57811 944
0x0000723b3d9ccf80 0x0000000f0e47ef80 0 1 1 0 1 0 2 57811 952
0x0000723b3d9ce000 0x0000000f0e47f000 0 0 0 0 1 0 2 57811 960
0x0000723b3d9ce080 0x0000000f0e47f080 0 0 0 0 1 0 2 57811 968
0x0000723b3d9ce100 0x0000000f0e47f100 0 1 0 0 1 0 2 57811 960
0x0000723b3d9ce180 0x0000000f0e47f180 0 1 0 0 1 0 2 57811 968
0x0000723b3d9ce200 0x0000000f0e47f200 0 0 1 0 1 0 2 57811 960
0x0000723b3d9ce280 0x0000000f0e47f280 0 0 1 0 1 0 2 57811 968
0x0000723b3d9ce300 0x0000000f0e47f300 0 1 1 0 1 0 2 57811 960
0x0000723b3d9ce380 0x0000000f0e47f380 0 1 1 0 1 0 2 57811 968
0x0000723b3d9ce400 0x0000000f0e47f400 0 0 0 0 1 0 2 57811 976
0x0000723b3d9ce480 0x0000000f0e47f480 0 0 0 0 1 0 2 57811 984
0x0000723b3d9ce500 0x0000000f0e47f500 0 1 0 0 1 0 2 57811 976
0x0000723b3d9ce580 0x0000000f0e47f580 0 1 0 0 1 0 2 57811 984
0x0000723b3d9ce600 0x0000000f0e47f600 0 0 1 0 1 0 2 57811 976
0x0000723b3d9ce680 0x0000000f0e47f680 0 0 1 0 1 0 2 57811 984
0x0000723b3d9ce700 0x0000000f0e47f700 0 1 1 0 1 0 2 57811 976
0x0000723b3d9ce780 0x0000000f0e47f780 0 1 1 0 1 0 2 57811 984
0x0000723b3d9ce800 0x0000000f0e47f800 0 0 0 0 1 0 2 57811 992
0x0000723b3d9ce880 0x0000000f0e47f880 0 0 0 0 1 0 2 57811 1000
0x0000723b3d9ce900 0x0000000f0e47f900 0 1 0 0 1 0 2 57811 992
0x0000723b3d9ce980 0x0000000f0e47f980 0 1 0 0 1 0 2 57811 1000
0x0000723b3d9cea00 0x0000000f0e47fa00 0 0 1 0 1 0 2 57811 992
0x0000723b3d9cea80 0x0000000f0e47fa80 0 0 1 0 1 0 2 57811 1000
0x0000723b3d9ceb00 0x0000000f0e47fb00 0 1 1 0 1 0 2 57811 992
0x0000723b3d9ceb80 0x0000000f0e47fb80 0 1 1 0 1 0 2 57811 1000
0x0000723b3d9cec00 0x0000000f0e47fc00 0 0 0 0 1 0 2 57811 1008
0x0000723b3d9cec80 0x0000000f0e47fc80 0 0 0 0 1 0 2 57811 1016
0x0000723b3d9ced00 0x0000000f0e47fd00 0 1 0 0 1 0 2 57811 1008
0x0000723b3d9ced80 0x0000000f0e47fd80 0 1 0 0 1 0 2 57811 1016
0x0000723b3d9cee00 0x0000000f0e47fe00 0 0 1 0 1 0 2 57811 1008
0x0000723b3d9cee80 0x0000000f0e47fe80 0 0 1 0 1 0 2 57811 1016
0x0000723b3d9cef00 0x0000000f0e47ff00 0 1 1 0 1 0 2 57811 1008
0x0000723b3d9cef80 0x0000000f0e47ff80 0 1 1 0 1 0 2 57811 1016
0x0000723b3d9dc000 0x0000000f0e47d000 0 0 0 0 1 0 2 57811 832
0x0000723b3d9dc080 0x0000000f0e47d080 0 0 0 0 1 0 2 57811 840
0x0000723b3d9dc100 0x0000000f0e47d100 0 1 0 0 1 0 2 57811 832
0x0000723b3d9dc180 0x0000000f0e47d180 0 1 0 0 1 0 2 57811 840
0x0000723b3d9dc200 0x0000000f0e47d200 0 0 1 0 1 0 2 57811 832
0x0000723b3d9dc280 0x0000000f0e47d280 0 0 1 0 1 0 2 57811 840
0x0000723b3d9dc300 0x0000000f0e47d300 0 1 1 0 1 0 2 57811 832
0x0000723b3d9dc380 0x0000000f0e47d380 0 1 1 0 1 0 2 57811 840
0x0000723b3d9dc400 0x0000000f0e47d400 0 0 0 0 1 0 2 57811 848
0x0000723b3d9dc480 0x0000000f0e47d480 0 0 0 0 1 0 2 57811 856
0x0000723b3d9dc500 0x0000000f0e47d500 0 1 0 0 1 0 2 57811 848
0x0000723b3d9dc580 0x0000000f0e47d580 0 1 0 0 1 0 2 57811 856
0x0000723b3d9dc600 0x0000000f0e47d600 0 0 1 0 1 0 2 57811 848
0x0000723b3d9dc680 0x0000000f0e47d680 0 0 1 0 1 0 2 57811 856
0x0000723b3d9dc700 0x0000000f0e47d700 0 1 1 0 1 0 2 57811 848
0x0000723b3d9dc780 0x0000000f0e47d780 0 1 1 0 1 0 2 57811 856
0x0000723b3d9dc800 0x0000000f0e47d800 0 0 0 0 1 0 2 57811 864
0x0000723b3d9dc880 0x0000000f0e47d880 0 0 0 0 1 0 2 57811 872
0x0000723b3d9dc900 0x0000000f0e47d900 0 1 0 0 1 0 2 57811 864
0x0000723b3d9dc980 0x0000000f0e47d980 0 1 0 0 1 0 2 57811 872
0x0000723b3d9dca00 0x0000000f0e47da00 0 0 1 0 1 0 2 57811 864
0x0000723b3d9dca80 0x0000000f0e47da80 0 0 1 0 1 0 2 57811 872
0x0000723b3d9dcb00 0x0000000f0e47db00 0 1 1 0 1 0 2 57811 864
0x0000723b3d9dcb80 0x0000000f0e47db80 0 1 1 0 1 0 2 57811 872
0x0000723b3d9dcc00 0x0000000f0e47dc00 0 0 0 0 1 0 2 57811 880
0x0000723b3d9dcc80 0x0000000f0e47dc80 0 0 0 0 1 0 2 57811 888
0x0000723b3d9dcd00 0x0000000f0e47dd00 0 1 0 0 1 0 2 57811 880
0x0000723b3d9dcd80 0x0000000f0e47dd80 0 1 0 0 1 0 2 57811 888
0x0000723b3d9dce00 0x0000000f0e47de00 0 0 1 0 1 0 2 57811 880
0x0000723b3d9dce80 0x0000000f0e47de80 0 0 1 0 1 0 2 57811 888
0x0000723b3d9dcf00 0x0000000f0e47df00 0 1 1 0 1 0 2 57811 880
0x0000723b3d9dcf80 0x0000000f0e47df80 0 1 1 0 1 0 2 57811 888
0x0000723b3d9e0000 0x000000030bc46000 0 0 0 0 0 0 2 8570 384
0x0000723b3d9e0080 0x000000030bc46080 0 0 0 0 0 0 2 8570 392
0x0000723b3d9e0100 0x000000030bc46100 0 1 0 0 0 0 2 8570 384
0x0000723b3d9e0180 0x000000030bc46180 0 1 0 0 0 0 2 8570 392
0x0000723b3d9e0200 0x000000030bc46200 0 0 1 0 0 0 2 8570 384
0x0000723b3d9e0280 0x000000030bc46280 0 0 1 0 0 0 2 8570 392
0x0000723b3d9e0300 0x000000030bc46300 0 1 1 0 0 0 2 8570 384
0x0000723b3d9e0380 0x000000030bc46380 0 1 1 0 0 0 2 8570 392
0x0000723b3d9e0400 0x000000030bc46400 0 0 0 0 0 0 2 8570 400
0x0000723b3d9e0480 0x000000030bc46480 0 0 0 0 0 0 2 8570 408
0x0000723b3d9e0500 0x000000030bc46500 0 1 0 0 0 0 2 8570 400
0x0000723b3d9e0580 0x000000030bc46580 0 1 0 0 0 0 2 8570 408
0x0000723b3d9e0600 0x000000030bc46600 0 0 1 0 0 0 2 8570 400
0x0000723b3d9e0680 0x000000030bc46680 0 0 1 0 0 0 2 8570 408
0x0000723b3d9e0700 0x000000030bc46700 0 1 1 0 0 0 2 8570 400
0x0000723b3d9e0780 0x000000030bc46780 0 1 1 0 0 0 2 8570 408
0x0000723b3d9e0800 0x000000030bc46800 0 0 0 0 0 0 2 8570 416
0x0000723b3d9e0880 0x000000030bc46880 0 0 0 0 0 0 2 8570 424
0x0000723b3d9e0900 0x000000030bc46900 0 1 0 0 0 0 2 8570 416
0x0000723b3d9e0980 0x000000030bc46980 0 1 0 0 0 0 2 8570 424
0x0000723b3d9e0a00 0x000000030bc46a00 0 0 1 0 0 0 2 8570 416
0x0000723b3d9e0a80 0x000000030bc46a80 0 0 1 0 0 0 2 8570 424
0x0000723b3d9e0b00 0x000000030bc46b00 0 1 1 0 0 0 2 8570 416
0x0000723b3d9e0b80 0x000000030bc46b80 0 1 1 0 0 0 2 8570 424
0x0000723b3d9e0c00 0x000000030bc46c00 0 0 0 0 0 0 2 8570 432
0x0000723b3d9e0c80 0x000000030bc46c80 0 0 0 0 0 0 2 8570 440
0x0000723b3d9e0d00 0x000000030bc46d00 0 1 0 0 0 0 2 8570 432
0x0000723b3d9e0d80 0x000000030bc46d80 0 1 0 0 0 0 2 8570 440
0x0000723b3d9e0e00 0x000000030bc46e00 0 0 1 0 0 0 2 8570 432
0x0000723b3d9e0e80 0x000000030bc46e80 0 0 1 0 0 0 2 8570 440
0x0000723b3d9e0f00 0x000000030bc46f00 0 1 1 0 0 0 2 8570 432
0x0000723b3d9e0f80 0x000000030bc46f80 0 1 1 0 0 0 2 8570 440
0x0000723b3d9e1000 0x0000000dadca0000 0 0 0 0 0 0 2 54701 0
0x0000723b3d9e1080 0x0000000dadca0080 0 0 0 0 0 0 2 54701 8
0x0000723b3d9e1100 0x0000000dadca0100 0 1 0 0 0 0 2 54701 0
0x0000723b3d9e1180 0x0000000dadca0180 0 1 0 0 0 0 2 54701 8
0x0000723b3d9e1200 0x0000000dadca0200 0 0 1 0 0 0 2 54701 0
0x0000723b3d9e1280 0x0000000dadca0280 0 0 1 0 0 0 2 54701 8
0x0000723b3d9e1300 0x0000000dadca0300 0 1 1 0 0 0 2 54701 0
0x0000723b3d9e1380 0x0000000dadca0380 0 1 1 0 0 0 2 54701 8
0x0000723b3d9e1400 0x0000000dadca0400 0 0 0 0 0 0 2 54701 16
0x0000723b3d9e1480 0x0000000dadca0480 0 0 0 0 0 0 2 54701 24
0x0000723b3d9e1500 0x0000000dadca0500 0 1 0 0 0 0 2 54701 16
0x0000723b3d9e1580 0x0000000dadca0580 0 1 0 0 0 0 2 54701 24
0x0000723b3d9e1600 0x0000000dadca0600 0 0 1 0 0 0 2 54701 16
0x0000723b3d9e1680 0x0000000dadca0680 0 0 1 0 0 0 2 54701 24
0x0000723b3d9e1700 0x0000000dadca0700 0 1 1 0 0 0 2 54701 16
0x0000723b3d9e1780 0x0000000dadca0780 0 1 1 0 0 0 2 54701 24
0x0000723b3d9e1800 0x0000000dadca0800 0 0 0 0 0 0 2 54701 32
0x0000723b3d9e1880 0x0000000dadca0880 0 0 0 0 0 0 2 54701 40
0x0000723b3d9e1900 0x0000000dadca0900 0 1 0 0 0 0 2 54701 32
0x0000723b3d9e1980 0x0000000dadca0980 0 1 0 0 0 0 2 54701 40
0x0000723b3d9e1a00 0x0000000dadca0a00 0 0 1 0 0 0 2 54701 32
0x0000723b3d9e1a80 0x0000000dadca0a80 0 0 1 0 0 0 2 54701 40
0x0000723b3d9e1b00 0x0000000dadca0b00 0 1 1 0 0 0 2 54701 32
0x0000723b3d9e1b80 0x0000000dadca0b80 0 1 1 0 0 0 2 54701 40
0x0000723b3d9e1c00 0x0000000dadca0c00 0 0 0 0 0 0 2 54701 48
0x0000723b3d9e1c80 0x0000000dadca0c80 0 0 0 0 0 0 2 54701 56
0x0000723b3d9e1d00 0x0000000dadca0d00 0 1 0 0 0 0 2 54701 48
0x0000723b3d9e1d80 0x0000000dadca0d80 0 1 0 0 0 0 2 54701 56
0x0000723b3d9e1e00 0x0000000dadca0e00 0 0 1 0 0 0 2 54701 48
0x0000723b3d9e1e80 0x0000000dadca0e80 0 0 1 0 0 0 2 54701 56
0x0000723b3d9e1f00 0x0000000dadca0f00 0 1 1 0 0 0 2 54701 48
0x0000723b3d9e1f80 0x0000000dadca0f80 0 1 1 0 0 0 2 54701 56
0x0000723b3d9e2000 0x0000000772c16000 0 0 0 0 0 0 2 28248 896
0x0000723b3d9e2080 0x0000000772c16080 0 0 0 0 0 0 2 28248 904
0x0000723b3d9e2100 0x0000000772c16100 0 1 0 0 0 0 2 28248 896
0x0000723b3d9e2180 0x0000000772c16180 0 1 0 0 0 0 2 28248 904
0x0000723b3d9e2200 0x0000000772c16200 0 0 1 0 0 0 2 28248 896
0x0000723b3d9e2280 0x0000000772c16280 0 0 1 0 0 0 2 28248 904
0x0000723b3d9e2300 0x0000000772c16300 0 1 1 0 0 0 2 28248 896
0x0000723b3d9e2380 0x0000000772c16380 0 1 1 0 0 0 2 28248 904
0x0000723b3d9e2400 0x0000000772c16400 0 0 0 0 0 0 2 28248 912
0x0000723b3d9e2480 0x0000000772c16480 0 0 0 0 0 0 2 28248 920
0x0000723b3d9e2500 0x0000000772c16500 0 1 0 0 0 0 2 28248 912
0x0000723b3d9e2580 0x0000000772c16580 0 1 0 0 0 0 2 28248 920
0x0000723b3d9e2600 0x0000000772c16600 0 0 1 0 0 0 2 28248 912
0x0000723b3d9e2680 0x0000000772c16680 0 0 1 0 0 0 2 28248 920
0x0000723b3d9e2700 0x0000000772c16700 0 1 1 0 0 0 2 28248 912
0x0000723b3d9e2780 0x0000000772c16780 0 1 1 0 0 0 2 28248 920
0x0000723b3d9e2800 0x0000000772c16800 0 0 0 0 0 0 2 28248 928
0x0000723b3d9e2880 0x0000000772c16880 0 0 0 0 0 0 2 28248 936
0x0000723b3d9e2900 0x0000000772c16900 0 1 0 0 0 0 2 28248 928
0x0000723b3d9e2980 0x0000000772c16980 0 1 0 0 0 0 2 28248 936
0x0000723b3d9e2a00 0x0000000772c16a00 0 0 1 0 0 0 2 28248 928
0x0000723b3d9e2a80 0x0000000772c16a80 0 0 1 0 0 0 2 28248 936
0x0000723b3d9e2b00 0x0000000772c16b00 0 1 1 0 0 0 2 28248 928
0x0000723b3d9e2b80 0x0000000772c16b80 0 1 1 0 0 0 2 28248 936
0x0000723b3d9e2c00 0x0000000772c16c00 0 0 0 0 0 0 2 28248 944
0x0000723b3d9e2c80 0x0000000772c16c80 0 0 0 0 0 0 2 28248 952
0x0000723b3d9e2d00 0x0000000772c16d00 0 1 0 0 0 0 2 28248 944
0x0000723b3d9e2d80 0x0000000772c16d80 0 1 0 0 0 0 2 28248 952
0x0000723b3d9e2e00 0x0000000772c16e00 0 0 1 0 0 0 2 28248 944
0x0000723b3d9e2e80 0x0000000772c16e80 0 0 1 0 0 0 2 28248 952
0x0000723b3d9e2f00 0x0000000772c16f00 0 1 1 0 0 0 2 28248 944
0x0000723b3d9e2f80 0x0000000772c16f80 0 1 1 0 0 0 2 28248 952
0x0000723b3d9ea000 0x000000089bcf1000 0 0 0 0 0 0 2 33647 576
0x0000723b3d9ea080 0x000000089bcf1080 0 0 0 0 0 0 2 33647 584
0x0000723b3d9ea100 0x000000089bcf1100 0 1 0 0 0 0 2 33647 576
0x0000723b3d9ea180 0x000000089bcf1180 0 1 0 0 0 0 2 33647 584
0x0000723b3d9ea200 0x000000089bcf1200 0 0 1 0 0 0 2 33647 576
0x0000723b3d9ea280 0x000000089bcf1280 0 0 1 0 0 0 2 33647 584
0x0000723b3d9ea300 0x000000089bcf1300 0 1 1 0 0 0 2 33647 576
0x0000723b3d9ea380 0x000000089bcf1380 0 1 1 0 0 0 2 33647 584
0x0000723b3d9ea400 0x000000089bcf1400 0 0 0 0 0 0 2 33647 592
0x0000723b3d9ea480 0x000000089bcf1480 0 0 0 0 0 0 2 33647 600
0x0000723b3d9ea500 0x000000089bcf1500 0 1 0 0 0 0 2 33647 592
0x0000723b3d9ea580 0x000000089bcf1580 0 1 0 0 0 0 2 33647 600
0x0000723b3d9ea600 0x000000089bcf1600 0 0 1 0 0 0 2 33647 592
0x0000723b3d9ea680 0x000000089bcf1680 0 0 1 0 0 0 2 33647 600
0x0000723b3d9ea700 0x000000089bcf1700 0 1 1 0 0 0 2 33647 592
0x0000723b3d9ea780 0x000000089bcf1780 0 1 1 0 0 0 2 33647 600
0x0000723b3d9ea800 0x000000089bcf1800 0 0 0 0 0 0 2 33647 608
0x0000723b3d9ea880 0x000000089bcf1880 0 0 0 0 0 0 2 33647 616
0x0000723b3d9ea900 0x000000089bcf1900 0 1 0 0 0 0 2 33647 608
0x0000723b3d9ea980 0x000000089bcf1980 0 1 0 0 0 0 2 33647 616
0x0000723b3d9eaa00 0x000000089bcf1a00 0 0 1 0 0 0 2 33647 608
0x0000723b3d9eaa80 0x000000089bcf1a80 0 0 1 0 0 0 2 33647 616
0x0000723b3d9eab00 0x000000089bcf1b00 0 1 1 0 0 0 2 33647 608
0x0000723b3d9eab80 0x000000089bcf1b80 0 1 1 0 0 0 2 33647 616
0x0000723b3d9eac00 0x000000089bcf1c00 0 0 0 0 0 0 2 33647 624
0x0000723b3d9eac80 0x000000089bcf1c80 0 0 0 0 0 0 2 33647 632
0x0000723b3d9ead00 0x000000089bcf1d00 0 1 0 0 0 0 2 33647 624
0x0000723b3d9ead80 0x000000089bcf1d80 0 1 0 0 0 0 2 33647 632
0x0000723b3d9eae00 0x000000089bcf1e00 0 0 1 0 0 0 2 33647 624
0x0000723b3d9eae80 0x000000089bcf1e80 0 0 1 0 0 0 2 33647 632
0x0000723b3d9eaf00 0x000000089bcf1f00 0 1 1 0 0 0 2 33647 624
0x0000723b3d9eaf80 0x000000089bcf1f80 0 1 1 0 0 0 2 33647 632
0x0000723b3d9ef000 0x0000000870c12000 0 0 0 0 0 0 2 32280 640
0x0000723b3d9ef080 0x0000000870c12080 0 0 0 0 0 0 2 32280 648
0x0000723b3d9ef100 0x0000000870c12100 0 1 0 0 0 0 2 32280 640
0x0000723b3d9ef180 0x0000000870c12180 0 1 0 0 0 0 2 32280 648
0x0000723b3d9ef200 0x0000000870c12200 0 0 1 0 0 0 2 32280 640
0x0000723b3d9ef280 0x0000000870c12280 0 0 1 0 0 0 2 32280 648
0x0000723b3d9ef300 0x0000000870c12300 0 1 1 0 0 0 2 32280 640
0x0000723b3d9ef380 0x0000000870c12380 0 1 1 0 0 0 2 32280 648
0x0000723b3d9ef400 0x0000000870c12400 0 0 0 0 0 0 2 32280 656
0x0000723b3d9ef480 0x0000000870c12480 0 0 0 0 0 0 2 32280 664
0x0000723b3d9ef500 0x0000000870c12500 0 1 0 0 0 0 2 32280 656
0x0000723b3d9ef580 0x0000000870c12580 0 1 0 0 0 0 2 32280 664
0x0000723b3d9ef600 0x0000000870c12600 0 0 1 0 0 0 2 32280 656
0x0000723b3d9ef680 0x0000000870c12680 0 0 1 0 0 0 2 32280 664
0x0000723b3d9ef700 0x0000000870c12700 0 1 1 0 0 0 2 32280 656
0x0000723b3d9ef780 0x0000000870c12780 0 1 1 0 0 0 2 32280 664
0x0000723b3d9ef800 0x0000000870c12800 0 0 0 0 0 0 2 32280 672
0x0000723b3d9ef880 0x0000000870c12880 0 0 0 0 0 0 2 32280 680
0x0000723b3d9ef900 0x0000000870c12900 0 1 0 0 0 0 2 32280 672
0x0000723b3d9ef980 0x0000000870c12980 0 1 0 0 0 0 2 32280 680
0x0000723b3d9efa00 0x0000000870c12a00 0 0 1 0 0 0 2 32280 672
0x0000723b3d9efa80 0x0000000870c12a80 0 0 1 0 0 0 2 32280 680
0x0000723b3d9efb00 0x0000000870c12b00 0 1 1 0 0 0 2 32280 672
0x0000723b3d9efb80 0x0000000870c12b80 0 1 1 0 0 0 2 32280 680
0x0000723b3d9efc00 0x0000000870c12c00 0 0 0 0 0 0 2 32280 688
0x0000723b3d9efc80 0x0000000870c12c80 0 0 0 0 0 0 2 32280 696
0x0000723b3d9efd00 0x0000000870c12d00 0 1 0 0 0 0 2 32280 688
0x0000723b3d9efd80 0x0000000870c12d80 0 1 0 0 0 0 2 32280 696
0x0000723b3d9efe00 0x0000000870c12e00 0 0 1 0 0 0 2 32280 688
0x0000723b3d9efe80 0x0000000870c12e80 0 0 1 0 0 0 2 32280 696
0x0000723b3d9eff00 0x0000000870c12f00 0 1 1 0 0 0 2 32280 688
0x0000723b3d9eff80 0x0000000870c12f80 0 1 1 0 0 0 2 32280 696
0x0000723b3d9f2000 0x000000030bc44000 0 0 0 0 0 0 2 8570 256
0x0000723b3d9f2080 0x000000030bc44080 0 0 0 0 0 0 2 8570 264
0x0000723b3d9f2100 0x000000030bc44100 0 1 0 0 0 0 2 8570 256
0x0000723b3d9f2180 0x000000030bc44180 0 1 0 0 0 0 2 8570 264
0x0000723b3d9f2200 0x000000030bc44200 0 0 1 0 0 0 2 8570 256
0x0000723b3d9f2280 0x000000030bc44280 0 0 1 0 0 0 2 8570 264
0x0000723b3d9f2300 0x000000030bc44300 0 1 1 0 0 0 2 8570 256
0x0000723b3d9f2380 0x000000030bc44380 0 1 1 0 0 0 2 8570 264
0x0000723b3d9f2400 0x000000030bc44400 0 0 0 0 0 0 2 8570 272
0x0000723b3d9f2480 0x000000030bc44480 0 0 0 0 0 0 2 8570 280
0x0000723b3d9f2500 0x000000030bc44500 0 1 0 0 0 0 2 8570 272
0x0000723b3d9f2580 0x000000030bc44580 0 1 0 0 0 0 2 8570 280
0x0000723b3d9f2600 0x000000030bc44600 0 0 1 0 0 0 2 8570 272
0x0000723b3d9f2680 0x000000030bc44680 0 0 1 0 0 0 2 8570 280
0x0000723b3d9f2700 0x000000030bc44700 0 1 1 0 0 0 2 8570 272
0x0000723b3d9f2780 0x000000030bc44780 0 1 1 0 0 0 2 8570 280
0x0000723b3d9f2800 0x000000030bc44800 0 0 0 0 0 0 2 8570 288
0x0000723b3d9f2880 0x000000030bc44880 0 0 0 0 0 0 2 8570 296
0x0000723b3d9f2900 0x000000030bc44900 0 1 0 0 0 0 2 8570 288
0x0000723b3d9f2980 0x000000030bc44980 0 1 0 0 0 0 2 8570 296
0x0000723b3d9f2a00 0x000000030bc44a00 0 0 1 0 0 0 2 8570 288
0x0000723b3d9f2a80 0x000000030bc44a80 0 0 1 0 0 0 2 8570 296
0x0000723b3d9f2b00 0x000000030bc44b00 0 1 1 0 0 0 2 8570 288
0x0000723b3d9f2b80 0x000000030bc44b80 0 1 1 0 0 0 2 8570 296
0x0000723b3d9f2c00 0x000000030bc44c00 0 0 0 0 0 0 2 8570 304
0x0000723b3d9f2c80 0x000000030bc44c80 0 0 0 0 0 0 2 8570 312
0x0000723b3d9f2d00 0x000000030bc44d00 0 1 0 0 0 0 2 8570 304
0x0000723b3d9f2d80 0x000000030bc44d80 0 1 0 0 0 0 2 8570 312
0x0000723b3d9f2e00 0x000000030bc44e00 0 0 1 0 0 0 2 8570 304
0x0000723b3d9f2e80 0x000000030bc44e80 0 0 1 0 0 0 2 8570 312
0x0000723b3d9f2f00 0x000000030bc44f00 0 1 1 0 0 0 2 8570 304
0x0000723b3d9f2f80 0x000000030bc44f80 0 1 1 0 0 0 2 8570 312
0x0000723b3d9fb000 0x0000000264cc7000 0 0 0 0 0 0 2 7326 448
0x0000723b3d9fb080 0x0000000264cc7080 0 0 0 0 0 0 2 7326 456
0x0000723b3d9fb100 0x0000000264cc7100 0 1 0 0 0 0 2 7326 448
0x0000723b3d9fb180 0x0000000264cc7180 0 1 0 0 0 0 2 7326 456
0x0000723b3d9fb200 0x0000000264cc7200 0 0 1 0 0 0 2 7326 448
0x0000723b3d9fb280 0x0000000264cc7280 0 0 1 0 0 0 2 7326 456
0x0000723b3d9fb300 0x0000000264cc7300 0 1 1 0 0 0 2 7326 448
0x0000723b3d9fb380 0x0000000264cc7380 0 1 1 0 0 0 2 7326 456
0x0000723b3d9fb400 0x0000000264cc7400 0 0 0 0 0 0 2 7326 464
0x0000723b3d9fb480 0x0000000264cc7480 0 0 0 0 0 0 2 7326 472
0x0000723b3d9fb500 0x0000000264cc7500 0 1 0 0 0 0 2 7326 464
0x0000723b3d9fb580 0x0000000264cc7580 0 1 0 0 0 0 2 7326 472
0x0000723b3d9fb600 0x0000000264cc7600 0 0 1 0 0 0 2 7326 464
0x0000723b3d9fb680 0x0000000264cc7680 0 0 1 0 0 0 2 7326 472
0x0000723b3d9fb700 0x0000000264cc7700 0 1 1 0 0 0 2 7326 464
0x0000723b3d9fb780 0x0000000264cc7780 0 1 1 0 0 0 2 7326 472
0x0000723b3d9fb800 0x0000000264cc7800 0 0 0 0 0 0 2 7326 480
0x0000723b3d9fb880 0x0000000264cc7880 0 0 0 0 0 0 2 7326 488
0x0000723b3d9fb900 0x0000000264cc7900 0 1 0 0 0 0 2 7326 480
0x0000723b3d9fb980 0x0000000264cc7980 0 1 0 0 0 0 2 7326 488
0x0000723b3d9fba00 0x0000000264cc7a00 0 0 1 0 0 0 2 7326 480
0x0000723b3d9fba80 0x0000000264cc7a80 0 0 1 0 0 0 2 7326 488
0x0000723b3d9fbb00 0x0000000264cc7b00 0 1 1 0 0 0 2 7326 480
0x0000723b3d9fbb80 0x0000000264cc7b80 0 1 1 0 0 0 2 7326 488
0x0000723b3d9fbc00 0x0000000264cc7c00 0 0 0 0 0 0 2 7326 496
0x0000723b3d9fbc80 0x0000000264cc7c80 0 0 0 0 0 0 2 7326 504
0x0000723b3d9fbd00 0x0000000264cc7d00 0 1 0 0 0 0 2 7326 496
0x0000723b3d9fbd80 0x0000000264cc7d80 0 1 0 0 0 0 2 7326 504
0x0000723b3d9fbe00 0x0000000264cc7e00 0 0 1 0 0 0 2 7326 496
0x0000723b3d9fbe80 0x0000000264cc7e80 0 0 1 0 0 0 2 7326 504
0x0000723b3d9fbf00 0x0000000264cc7f00 0 1 1 0 0 0 2 7326 496
0x0000723b3d9fbf80 0x0000000264cc7f80 0 1 1 0 0 0 2 7326 504
0x0000723b3da14000 0x0000000264cc6000 0 0 0 0 0 0 2 7326 384
0x0000723b3da14080 0x0000000264cc6080 0 0 0 0 0 0 2 7326 392
0x0000723b3da14100 0x0000000264cc6100 0 1 0 0 0 0 2 7326 384
0x0000723b3da14180 0x0000000264cc6180 0 1 0 0 0 0 2 7326 392
0x0000723b3da14200 0x0000000264cc6200 0 0 1 0 0 0 2 7326 384
0x0000723b3da14280 0x0000000264cc6280 0 0 1 0 0 0 2 7326 392
0x0000723b3da14300 0x0000000264cc6300 0 1 1 0 0 0 2 7326 384
0x0000723b3da14380 0x0000000264cc6380 0 1 1 0 0 0 2 7326 392
0x0000723b3da14400 0x0000000264cc6400 0 0 0 0 0 0 2 7326 400
0x0000723b3da14480 0x0000000264cc6480 0 0 0 0 0 0 2 7326 408
0x0000723b3da14500 0x0000000264cc6500 0 1 0 0 0 0 2 7326 400
0x0000723b3da14580 0x0000000264cc6580 0 1 0 0 0 0 2 7326 408
0x0000723b3da14600 0x0000000264cc6600 0 0 1 0 0 0 2 7326 400
0x0000723b3da14680 0x0000000264cc6680 0 0 1 0 0 0 2 7326 408
0x0000723b3da14700 0x0000000264cc6700 0 1 1 0 0 0 2 7326 400
0x0000723b3da14780 0x0000000264cc6780 0 1 1 0 0 0 2 7326 408
0x0000723b3da14800 0x0000000264cc6800 0 0 0 0 0 0 2 7326 416
0x0000723b3da14880 0x0000000264cc6880 0 0 0 0 0 0 2 7326 424
0x0000723b3da14900 0x0000000264cc6900 0 1 0 0 0 0 2 7326 416
0x0000723b3da14980 0x0000000264cc6980 0 1 0 0 0 0 2 7326 424
0x0000723b3da14a00 0x0000000264cc6a00 0 0 1 0 0 0 2 7326 416
0x0000723b3da14a80 0x0000000264cc6a80 0 0 1 0 0 0 2 7326 424
0x0000723b3da14b00 0x0000000264cc6b00 0 1 1 0 0 0 2 7326 416
0x0000723b3da14b80 0x0000000264cc6b80 0 1 1 0 0 0 2 7326 424
0x0000723b3da14c00 0x0000000264cc6c00 0 0 0 0 0 0 2 7326 432
0x0000723b3da14c80 0x0000000264cc6c80 0 0 0 0 0 0 2 7326 440
0x0000723b3da14d00 0x0000000264cc6d00 0 1 0 0 0 0 2 7326 432
0x0000723b3da14d80 0x0000000264cc6d80 0 1 0 0 0 0 2 7326 440
0x0000723b3da14e00 0x0000000264cc6e00 0 0 1 0 0 0 2 7326 432
0x0000723b3da14e80 0x0000000264cc6e80 0 0 1 0 0 0 2 7326 440
0x0000723b3da14f00 0x0000000264cc6f00 0 1 1 0 0 0 2 7326 432
0x0000723b3da14f80 0x0000000264cc6f80 0 1 1 0 0 0 2 7326 440
0x0000723b3da1c000 0x000000030bc45000 0 0 0 0 0 0 2 8570 320
0x0000723b3da1c080 0x000000030bc45080 0 0 0 0 0 0 2 8570 328
0x0000723b3da1c100 0x000000030bc45100 0 1 0 0 0 0 2 8570 320
0x0000723b3da1c180 0x000000030bc45180 0 1 0 0 0 0 2 8570 328
0x0000723b3da1c200 0x000000030bc45200 0 0 1 0 0 0 2 8570 320
0x0000723b3da1c280 0x000000030bc45280 0 0 1 0 0 0 2 8570 328
0x0000723b3da1c300 0x000000030bc45300 0 1 1 0 0 0 2 8570 320
0x0000723b3da1c380 0x000000030bc45380 0 1 1 0 0 0 2 8570 328
0x0000723b3da1c400 0x000000030bc45400 0 0 0 0 0 0 2 8570 336
0x0000723b3da1c480 0x000000030bc45480 0 0 0 0 0 0 2 8570 344
0x0000723b3da1c500 0x000000030bc45500 0 1 0 0 0 0 2 8570 336
0x0000723b3da1c580 0x000000030bc45580 0 1 0 0 0 0 2 8570 344
0x0000723b3da1c600 0x000000030bc45600 0 0 1 0 0 0 2 8570 336
0x0000723b3da1c680 0x000000030bc45680 0 0 1 0 0 0 2 8570 344
0x0000723b3da1c700 0x000000030bc45700 0 1 1 0 0 0 2 8570 336
0x0000723b3da1c780 0x000000030bc45780 0 1 1 0 0 0 2 8570 344
0x0000723b3da1c800 0x000000030bc45800 0 0 0 0 0 0 2 8570 352
0x0000723b3da1c880 0x000000030bc45880 0 0 0 0 0 0 2 8570 360
0x0000723b3da1c900 0x000000030bc45900 0 1 0 0 0 0 2 8570 352
0x0000723b3da1c980 0x000000030bc45980 0 1 0 0 0 0 2 8570 360
0x0000723b3da1ca00 0x000000030bc45a00 0 0 1 0 0 0 2 8570 352
0x0000723b3da1ca80 0x000000030bc45a80 0 0 1 0 0 0 2 8570 360
0x0000723b3da1cb00 0x000000030bc45b00 0 1 1 0 0 0 2 8570 352
0x0000723b3da1cb80 0x000000030bc45b80 0 1 1 0 0 0 2 8570 360
0x0000723b3da1cc00 0x000000030bc45c00 0 0 0 0 0 0 2 8570 368
0x0000723b3da1cc80 0x000000030bc45c80 0 0 0 0 0 0 2 8570 376
0x0000723b3da1cd00 0x000000030bc45d00 0 1 0 0 0 0 2 8570 368
0x0000723b3da1cd80 0x000000030bc45d80 0 1 0 0 0 0 2 8570 376
0x0000723b3da1ce00 0x000000030bc45e00 0 0 1 0 0 0 2 8570 368
0x0000723b3da1ce80 0x000000030bc45e80 0 0 1 0 0 0 2 8570 376
0x0000723b3da1cf00 0x000000030bc45f00 0 1 1 0 0 0 2 8570 368
0x0000723b3da1cf80 0x000000030bc45f80 0 1 1 0 0 0 2 8570 376
0x0000723b3da2e000 0x0000000870c11000 0 0 0 0 0 0 2 32280 576
0x0000723b3da2e080 0x0000000870c11080 0 0 0 0 0 0 2 32280 584
0x0000723b3da2e100 0x0000000870c11100 0 1 0 0 0 0 2 32280 576
0x0000723b3da2e180 0x0000000870c11180 0 1 0 0 0 0 2 32280 584
0x0000723b3da2e200 0x0000000870c11200 0 0 1 0 0 0 2 32280 576
0x0000723b3da2e280 0x0000000870c11280 0 0 1 0 0 0 2 32280 584
0x0000723b3da2e300 0x0000000870c11300 0 1 1 0 0 0 2 32280 576
0x0000723b3da2e380 0x0000000870c11380 0 1 1 0 0 0 2 32280 584
0x0000723b3da2e400 0x0000000870c11400 0 0 0 0 0 0 2 32280 592
0x0000723b3da2e480 0x0000000870c11480 0 0 0 0 0 0 2 32280 600
0x0000723b3da2e500 0x0000000870c11500 0 1 0 0 0 0 2 32280 592
0x0000723b3da2e580 0x0000000870c11580 0 1 0 0 0 0 2 32280 600
0x0000723b3da2e600 0x0000000870c11600 0 0 1 0 0 0 2 32280 592
0x0000723b3da2e680 0x0000000870c11680 0 0 1 0 0 0 2 32280 600
0x0000723b3da2e700 0x0000000870c11700 0 1 1 0 0 0 2 32280 592
0x0000723b3da2e780 0x0000000870c11780 0 1 1 0 0 0 2 32280 600
0x0000723b3da2e800 0x0000000870c11800 0 0 0 0 0 0 2 32280 608
0x0000723b3da2e880 0x0000000870c11880 0 0 0 0 0 0 2 32280 616
0x0000723b3da2e900 0x0000000870c11900 0 1 0 0 0 0 2 32280 608
0x0000723b3da2e980 0x0000000870c11980 0 1 0 0 0 0 2 32280 616
0x0000723b3da2ea00 0x0000000870c11a00 0 0 1 0 0 0 2 32280 608
0x0000723b3da2ea80 0x0000000870c11a80 0 0 1 0 0 0 2 32280 616
0x0000723b3da2eb00 0x0000000870c11b00 0 1 1 0 0 0 2 32280 608
0x0000723b3da2eb80 0x0000000870c11b80 0 1 1 0 0 0 2 32280 616
0x0000723b3da2ec00 0x0000000870c11c00 0 0 0 0 0 0 2 32280 624
0x0000723b3da2ec80 0x0000000870c11c80 0 0 0 0 0 0 2 32280 632
0x0000723b3da2ed00 0x0000000870c11d00 0 1 0 0 0 0 2 32280 624
0x0000723b3da2ed80 0x0000000870c11d80 0 1 0 0 0 0 2 32280 632
0x0000723b3da2ee00 0x0000000870c11e00 0 0 1 0 0 0 2 32280 624
0x0000723b3da2ee80 0x0000000870c11e80 0 0 1 0 0 0 2 32280 632
0x0000723b3da2ef00 0x0000000870c11f00 0 1 1 0 0 0 2 32280 624
0x0000723b3da2ef80 0x0000000870c11f80 0 1 1 0 0 0 2 32280 632
0x0000723b3da44000 0x0000000870c10000 0 0 0 0 0 0 2 32280 512
0x0000723b3da44080 0x0000000870c10080 0 0 0 0 0 0 2 32280 520
0x0000723b3da44100 0x0000000870c10100 0 1 0 0 0 0 2 32280 512
0x0000723b3da44180 0x0000000870c10180 0 1 0 0 0 0 2 32280 520
0x0000723b3da44200 0x0000000870c10200 0 0 1 0 0 0 2 32280 512
0x0000723b3da44280 0x0000000870c10280 0 0 1 0 0 0 2 32280 520
0x0000723b3da44300 0x0000000870c10300 0 1 1 0 0 0 2 32280 512
0x0000723b3da44380 0x0000000870c10380 0 1 1 0 0 0 2 32280 520
0x0000723b3da44400 0x0000000870c10400 0 0 0 0 0 0 2 32280 528
0x0000723b3da44480 0x0000000870c10480 0 0 0 0 0 0 2 32280 536
0x0000723b3da44500 0x0000000870c10500 0 1 0 0 0 0 2 32280 528
0x0000723b3da44580 0x0000000870c10580 0 1 0 0 0 0 2 32280 536
0x0000723b3da44600 0x0000000870c10600 0 0 1 0 0 0 2 32280 528
0x0000723b3da44680 0x0000000870c10680 0 0 1 0 0 0 2 32280 536
0x0000723b3da44700 0x0000000870c10700 0 1 1 0 0 0 2 32280 528
0x0000723b3da44780 0x0000000870c10780 0 1 1 0 0 0 2 32280 536
0x0000723b3da44800 0x0000000870c10800 0 0 0 0 0 0 2 32280 544
0x0000723b3da44880 0x0000000870c10880 0 0 0 0 0 0 2 32280 552
0x0000723b3da44900 0x0000000870c10900 0 1 0 0 0 0 2 32280 544
0x0000723b3da44980 0x0000000870c10980 0 1 0 0 0 0 2 32280 552
0x0000723b3da44a00 0x0000000870c10a00 0 0 1 0 0 0 2 32280 544
0x0000723b3da44a80 0x0000000870c10a80 0 0 1 0 0 0 2 32280 552
0x0000723b3da44b00 0x0000000870c10b00 0 1 1 0 0 0 2 32280 544
0x0000723b3da44b80 0x0000000870c10b80 0 1 1 0 0 0 2 32280 552
0x0000723b3da44c00 0x0000000870c10c00 0 0 0 0 0 0 2 32280 560
0x0000723b3da44c80 0x0000000870c10c80 0 0 0 0 0 0 2 32280 568
0x0000723b3da44d00 0x0000000870c10d00 0 1 0 0 0 0 2 32280 560
0x0000723b3da44d80 0x0000000870c10d80 0 1 0 0 0 0 2 32280 568
0x0000723b3da44e00 0x0000000870c10e00 0 0 1 0 0 0 2 32280 560
0x0000723b3da44e80 0x0000000870c10e80 0 0 1 0 0 0 2 32280 568
0x0000723b3da44f00 0x0000000870c10f00 0 1 1 0 0 0 2 32280 560
0x0000723b3da44f80 0x0000000870c10f80 0 1 1 0 0 0 2 32280 568
0x0000723b3da48000 0x0000000dadca3000 0 0 0 0 0 0 2 54701 192
0x0000723b3da48080 0x0000000dadca3080 0 0 0 0 0 0 2 54701 200
0x0000723b3da48100 0x0000000dadca3100 0 1 0 0 0 0 2 54701 192
0x0000723b3da48180 0x0000000dadca3180 0 1 0 0 0 0 2 54701 200
0x0000723b3da48200 0x0000000dadca3200 0 0 1 0 0 0 2 54701 192
0x0000723b3da48280 0x0000000dadca3280 0 0 1 0 0 0 2 54701 200
0x0000723b3da48300 0x0000000dadca3300 0 1 1 0 0 0 2 54701 192
0x0000723b3da48380 0x0000000dadca3380 0 1 1 0 0 0 2 54701 200
0x0000723b3da48400 0x0000000dadca3400 0 0 0 0 0 0 2 54701 208
0x0000723b3da48480 0x0000000dadca3480 0 0 0 0 0 0 2 54701 216
0x0000723b3da48500 0x0000000dadca3500 0 1 0 0 0 0 2 54701 208
0x0000723b3da48580 0x0000000dadca3580 0 1 0 0 0 0 2 54701 216
0x0000723b3da48600 0x0000000dadca3600 0 0 1 0 0 0 2 54701 208
0x0000723b3da48680 0x0000000dadca3680 0 0 1 0 0 0 2 54701 216
0x0000723b3da48700 0x0000000dadca3700 0 1 1 0 0 0 2 54701 208
0x0000723b3da48780 0x0000000dadca3780 0 1 1 0 0 0 2 54701 216
0x0000723b3da48800 0x0000000dadca3800 0 0 0 0 0 0 2 54701 224
0x0000723b3da48880 0x0000000dadca3880 0 0 0 0 0 0 2 54701 232
0x0000723b3da48900 0x0000000dadca3900 0 1 0 0 0 0 2 54701 224
0x0000723b3da48980 0x0000000dadca3980 0 1 0 0 0 0 2 54701 232
0x0000723b3da48a00 0x0000000dadca3a00 0 0 1 0 0 0 2 54701 224
0x0000723b3da48a80 0x0000000dadca3a80 0 0 1 0 0 0 2 54701 232
0x0000723b3da48b00 0x0000000dadca3b00 0 1 1 0 0 0 2 54701 224
0x0000723b3da48b80 0x0000000dadca3b80 0 1 1 0 0 0 2 54701 232
0x0000723b3da48c00 0x0000000dadca3c00 0 0 0 0 0 0 2 54701 240
0x0000723b3da48c80 0x0000000dadca3c80 0 0 0 0 0 0 2 54701 248
0x0000723b3da48d00 0x0000000dadca3d00 0 1 0 0 0 0 2 54701 240
0x0000723b3da48d80 0x0000000dadca3d80 0 1 0 0 0 0 2 54701 248
0x0000723b3da48e00 0x0000000dadca3e00 0 0 1 0 0 0 2 54701 240
0x0000723b3da48e80 0x0000000dadca3e80 0 0 1 0 0 0 2 54701 248
0x0000723b3da48f00 0x0000000dadca3f00 0 1 1 0 0 0 2 54701 240
0x0000723b3da48f80 0x0000000dadca3f80 0 1 1 0 0 0 2 54701 248
0x0000723b3da55000 0x0000000f19cff000 0 0 0 0 1 0 2 58175 960
0x0000723b3da55080 0x0000000f19cff080 0 0 0 0 1 0 2 58175 968
0x0000723b3da55100 0x0000000f19cff100 0 1 0 0 1 0 2 58175 960
0x0000723b3da55180 0x0000000f19cff180 0 1 0 0 1 0 2 58175 968
0x0000723b3da55200 0x0000000f19cff200 0 0 1 0 1 0 2 58175 960
0x0000723b3da55280 0x0000000f19cff280 0 0 1 0 1 0 2 58175 968
0x0000723b3da55300 0x0000000f19cff300 0 1 1 0 1 0 2 58175 960
0x0000723b3da55380 0x0000000f19cff380 0 1 1 0 1 0 2 58175 968
0x0000723b3da55400 0x0000000f19cff400 0 0 0 0 1 0 2 58175 976
0x0000723b3da55480 0x0000000f19cff480 0 0 0 0 1 0 2 58175 984
0x0000723b3da55500 0x0000000f19cff500 0 1 0 0 1 0 2 58175 976
0x0000723b3da55580 0x0000000f19cff580 0 1 0 0 1 0 2 58175 984
0x0000723b3da55600 0x0000000f19cff600 0 0 1 0 1 0 2 58175 976
0x0000723b3da55680 0x0000000f19cff680 0 0 1 0 1 0 2 58175 984
0x0000723b3da55700 0x0000000f19cff700 0 1 1 0 1 0 2 58175 976
0x0000723b3da55780 0x0000000f19cff780 0 1 1 0 1 0 2 58175 984
0x0000723b3da55800 0x0000000f19cff800 0 0 0 0 1 0 2 58175 992
0x0000723b3da55880 0x0000000f19cff880 0 0 0 0 1 0 2 58175 1000
0x0000723b3da55900 0x0000000f19cff900 0 1 0 0 1 0 2 58175 992
0x0000723b3da55980 0x0000000f19cff980 0 1 0 0 1 0 2 58175 1000
0x0000723b3da55a00 0x0000000f19cffa00 0 0 1 0 1 0 2 58175 992
0x0000723b3da55a80 0x0000000f19cffa80 0 0 1 0 1 0 2 58175 1000
0x0000723b3da55b00 0x0000000f19cffb00 0 1 1 0 1 0 2 58175 992
0x0000723b3da55b80 0x0000000f19cffb80 0 1 1 0 1 0 2 58175 1000
0x0000723b3da55c00 0x0000000f19cffc00 0 0 0 0 1 0 2 58175 1008
0x0000723b3da55c80 0x0000000f19cffc80 0 0 0 0 1 0 2 58175 1016
0x0000723b3da55d00 0x0000000f19cffd00 0 1 0 0 1 0 2 58175 1008
0x0000723b3da55d80 0x0000000f19cffd80 0 1 0 0 1 0 2 58175 1016
0x0000723b3da55e00 0x0000000f19cffe00 0 0 1 0 1 0 2 58175 1008
0x0000723b3da55e80 0x0000000f19cffe80 0 0 1 0 1 0 2 58175 1016
0x0000723b3da55f00 0x0000000f19cfff00 0 1 1 0 1 0 2 58175 1008
0x0000723b3da55f80 0x0000000f19cfff80 0 1 1 0 1 0 2 58175 1016
0x0000723b3da58000 0x0000000193c3f000 0 0 0 0 1 0 2 4713 960
0x0000723b3da58080 0x0000000193c3f080 0 0 0 0 1 0 2 4713 968
0x0000723b3da58100 0x0000000193c3f100 0 1 0 0 1 0 2 4713 960
0x0000723b3da58180 0x0000000193c3f180 0 1 0 0 1 0 2 4713 968
0x0000723b3da58200 0x0000000193c3f200 0 0 1 0 1 0 2 4713 960
0x0000723b3da58280 0x0000000193c3f280 0 0 1 0 1 0 2 4713 968
0x0000723b3da58300 0x0000000193c3f300 0 1 1 0 1 0 2 4713 960
0x0000723b3da58380 0x0000000193c3f380 0 1 1 0 1 0 2 4713 968
0x0000723b3da58400 0x0000000193c3f400 0 0 0 0 1 0 2 4713 976
0x0000723b3da58480 0x0000000193c3f480 0 0 0 0 1 0 2 4713 984
0x0000723b3da58500 0x0000000193c3f500 0 1 0 0 1 0 2 4713 976
0x0000723b3da58580 0x0000000193c3f580 0 1 0 0 1 0 2 4713 984
0x0000723b3da58600 0x0000000193c3f600 0 0 1 0 1 0 2 4713 976
0x0000723b3da58680 0x0000000193c3f680 0 0 1 0 1 0 2 4713 984
0x0000723b3da58700 0x0000000193c3f700 0 1 1 0 1 0 2 4713 976
0x0000723b3da58780 0x0000000193c3f780 0 1 1 0 1 0 2 4713 984
0x0000723b3da58800 0x0000000193c3f800 0 0 0 0 1 0 2 4713 992
0x0000723b3da58880 0x0000000193c3f880 0 0 0 0 1 0 2 4713 1000
0x0000723b3da58900 0x0000000193c3f900 0 1 0 0 1 0 2 4713 992
0x0000723b3da58980 0x0000000193c3f980 0 1 0 0 1 0 2 4713 1000
0x0000723b3da58a00 0x0000000193c3fa00 0 0 1 0 1 0 2 4713 992
0x0000723b3da58a80 0x0000000193c3fa80 0 0 1 0 1 0 2 4713 1000
0x0000723b3da58b00 0x0000000193c3fb00 0 1 1 0 1 0 2 4713 992
0x0000723b3da58b80 0x0000000193c3fb80 0 1 1 0 1 0 2 4713 1000
0x0000723b3da58c00 0x0000000193c3fc00 0 0 0 0 1 0 2 4713 1008
0x0000723b3da58c80 0x0000000193c3fc80 0 0 0 0 1 0 2 4713 1016
0x0000723b3da58d00 0x0000000193c3fd00 0 1 0 0 1 0 2 4713 1008
0x0000723b3da58d80 0x0000000193c3fd80 0 1 0 0 1 0 2 4713 1016
0x0000723b3da58e00 0x0000000193c3fe00 0 0 1 0 1 0 2 4713 1008
0x0000723b3da58e80 0x0000000193c3fe80 0 0 1 0 1 0 2 4713 1016
0x0000723b3da58f00 0x0000000193c3ff00 0 1 1 0 1 0 2 4713 1008
0x0000723b3da58f80 0x0000000193c3ff80 0 1 1 0 1 0 2 4713 1016
0x0000723b3da5e000 0x00000005e9425000 0 0 0 0 0 0 2 23841 320
0x0000723b3da5e080 0x00000005e9425080 0 0 0 0 0 0 2 23841 328
0x0000723b3da5e100 0x00000005e9425100 0 1 0 0 0 0 2 23841 320
0x0000723b3da5e180 0x00000005e9425180 0 1 0 0 0 0 2 23841 328
0x0000723b3da5e200 0x00000005e9425200 0 0 1 0 0 0 2 23841 320
0x0000723b3da5e280 0x00000005e9425280 0 0 1 0 0 0 2 23841 328
0x0000723b3da5e300 0x00000005e9425300 0 1 1 0 0 0 2 23841 320
0x0000723b3da5e380 0x00000005e9425380 0 1 1 0 0 0 2 23841 328
0x0000723b3da5e400 0x00000005e9425400 0 0 0 0 0 0 2 23841 336
0x0000723b3da5e480 0x00000005e9425480 0 0 0 0 0 0 2 23841 344
0x0000723b3da5e500 0x00000005e9425500 0 1 0 0 0 0 2 23841 336
0x0000723b3da5e580 0x00000005e9425580 0 1 0 0 0 0 2 23841 344
0x0000723b3da5e600 0x00000005e9425600 0 0 1 0 0 0 2 23841 336
0x0000723b3da5e680 0x00000005e9425680 0 0 1 0 0 0 2 23841 344
0x0000723b3da5e700 0x00000005e9425700 0 1 1 0 0 0 2 23841 336
0x0000723b3da5e780 0x00000005e9425780 0 1 1 0 0 0 2 23841 344
0x0000723b3da5e800 0x00000005e9425800 0 0 0 0 0 0 2 23841 352
0x0000723b3da5e880 0x00000005e9425880 0 0 0 0 0 0 2 23841 360
0x0000723b3da5e900 0x00000005e9425900 0 1 0 0 0 0 2 23841 352
0x0000723b3da5e980 0x00000005e9425980 0 1 0 0 0 0 2 23841 360
0x0000723b3da5ea00 0x00000005e9425a00 0 0 1 0 0 0 2 23841 352
0x0000723b3da5ea80 0x00000005e9425a80 0 0 1 0 0 0 2 23841 360
0x0000723b3da5eb00 0x00000005e9425b00 0 1 1 0 0 0 2 23841 352
0x0000723b3da5eb80 0x00000005e9425b80 0 1 1 0 0 0 2 23841 360
0x0000723b3da5ec00 0x00000005e9425c00 0 0 0 0 0 0 2 23841 368
0x0000723b3da5ec80 0x00000005e9425c80 0 0 0 0 0 0 2 23841 376
0x0000723b3da5ed00 0x00000005e9425d00 0 1 0 0 0 0 2 23841 368
0x0000723b3da5ed80 0x00000005e9425d80 0 1 0 0 0 0 2 23841 376
0x0000723b3da5ee00 0x00000005e9425e00 0 0 1 0 0 0 2 23841 368
0x0000723b3da5ee80 0x00000005e9425e80 0 0 1 0 0 0 2 23841 376
0x0000723b3da5ef00 0x00000005e9425f00 0 1 1 0 0 0 2 23841 368
0x0000723b3da5ef80 0x00000005e9425f80 0 1 1 0 0 0 2 23841 376
0x0000723b3da66000 0x0000000856cd9000 0 0 0 0 1 0 2 31454 576
0x0000723b3da66080 0x0000000856cd9080 0 0 0 0 1 0 2 31454 584
0x0000723b3da66100 0x0000000856cd9100 0 1 0 0 1 0 2 31454 576
0x0000723b3da66180 0x0000000856cd9180 0 1 0 0 1 0 2 31454 584
0x0000723b3da66200 0x0000000856cd9200 0 0 1 0 1 0 2 31454 576
0x0000723b3da66280 0x0000000856cd9280 0 0 1 0 1 0 2 31454 584
0x0000723b3da66300 0x0000000856cd9300 0 1 1 0 1 0 2 31454 576
0x0000723b3da66380 0x0000000856cd9380 0 1 1 0 1 0 2 31454 584
0x0000723b3da66400 0x0000000856cd9400 0 0 0 0 1 0 2 31454 592
0x0000723b3da66480 0x0000000856cd9480 0 0 0 0 1 0 2 31454 600
0x0000723b3da66500 0x0000000856cd9500 0 1 0 0 1 0 2 31454 592
0x0000723b3da66580 0x0000000856cd9580 0 1 0 0 1 0 2 31454 600
0x0000723b3da66600 0x0000000856cd9600 0 0 1 0 1 0 2 31454 592
0x0000723b3da66680 0x0000000856cd9680 0 0 1 0 1 0 2 31454 600
0x0000723b3da66700 0x0000000856cd9700 0 1 1 0 1 0 2 31454 592
0x0000723b3da66780 0x0000000856cd9780 0 1 1 0 1 0 2 31454 600
0x0000723b3da66800 0x0000000856cd9800 0 0 0 0 1 0 2 31454 608
0x0000723b3da66880 0x0000000856cd9880 0 0 0 0 1 0 2 31454 616
0x0000723b3da66900 0x0000000856cd9900 0 1 0 0 1 0 2 31454 608
0x0000723b3da66980 0x0000000856cd9980 0 1 0 0 1 0 2 31454 616
0x0000723b3da66a00 0x0000000856cd9a00 0 0 1 0 1 0 2 31454 608
0x0000723b3da66a80 0x0000000856cd9a80 0 0 1 0 1 0 2 31454 616
0x0000723b3da66b00 0x0000000856cd9b00 0 1 1 0 1 0 2 31454 608
0x0000723b3da66b80 0x0000000856cd9b80 0 1 1 0 1 0 2 31454 616
0x0000723b3da66c00 0x0000000856cd9c00 0 0 0 0 1 0 2 31454 624
0x0000723b3da66c80 0x0000000856cd9c80 0 0 0 0 1 0 2 31454 632
0x0000723b3da66d00 0x0000000856cd9d00 0 1 0 0 1 0 2 31454 624
0x0000723b3da66d80 0x0000000856cd9d80 0 1 0 0 1 0 2 31454 632
0x0000723b3da66e00 0x0000000856cd9e00 0 0 1 0 1 0 2 31454 624
0x0000723b3da66e80 0x0000000856cd9e80 0 0 1 0 1 0 2 31454 632
0x0000723b3da66f00 0x0000000856cd9f00 0 1 1 0 1 0 2 31454 624
0x0000723b3da66f80 0x0000000856cd9f80 0 1 1 0 1 0 2 31454 632
0x0000723b3da6b000 0x00000001a043e000 0 0 0 0 1 0 2 5121 896
0x0000723b3da6b080 0x00000001a043e080 0 0 0 0 1 0 2 5121 904
0x0000723b3da6b100 0x00000001a043e100 0 1 0 0 1 0 2 5121 896
0x0000723b3da6b180 0x00000001a043e180 0 1 0 0 1 0 2 5121 904
0x0000723b3da6b200 0x00000001a043e200 0 0 1 0 1 0 2 5121 896
0x0000723b3da6b280 0x00000001a043e280 0 0 1 0 1 0 2 5121 904
0x0000723b3da6b300 0x00000001a043e300 0 1 1 0 1 0 2 5121 896
0x0000723b3da6b380 0x00000001a043e380 0 1 1 0 1 0 2 5121 904
0x0000723b3da6b400 0x00000001a043e400 0 0 0 0 1 0 2 5121 912
0x0000723b3da6b480 0x00000001a043e480 0 0 0 0 1 0 2 5121 920
0x0000723b3da6b500 0x00000001a043e500 0 1 0 0 1 0 2 5121 912
0x0000723b3da6b580 0x00000001a043e580 0 1 0 0 1 0 2 5121 920
0x0000723b3da6b600 0x00000001a043e600 0 0 1 0 1 0 2 5121 912
0x0000723b3da6b680 0x00000001a043e680 0 0 1 0 1 0 2 5121 920
0x0000723b3da6b700 0x00000001a043e700 0 1 1 0 1 0 2 5121 912
0x0000723b3da6b780 0x00000001a043e780 0 1 1 0 1 0 2 5121 920
0x0000723b3da6b800 0x00000001a043e800 0 0 0 0 1 0 2 5121 928
0x0000723b3da6b880 0x00000001a043e880 0 0 0 0 1 0 2 5121 936
0x0000723b3da6b900 0x00000001a043e900 0 1 0 0 1 0 2 5121 928
0x0000723b3da6b980 0x00000001a043e980 0 1 0 0 1 0 2 5121 936
0x0000723b3da6ba00 0x00000001a043ea00 0 0 1 0 1 0 2 5121 928
0x0000723b3da6ba80 0x00000001a043ea80 0 0 1 0 1 0 2 5121 936
0x0000723b3da6bb00 0x00000001a043eb00 0 1 1 0 1 0 2 5121 928
0x0000723b3da6bb80 0x00000001a043eb80 0 1 1 0 1 0 2 5121 936
0x0000723b3da6bc00 0x00000001a043ec00 0 0 0 0 1 0 2 5121 944
0x0000723b3da6bc80 0x00000001a043ec80 0 0 0 0 1 0 2 5121 952
0x0000723b3da6bd00 0x00000001a043ed00 0 1 0 0 1 0 2 5121 944
0x0000723b3da6bd80 0x00000001a043ed80 0 1 0 0 1 0 2 5121 952
0x0000723b3da6be00 0x00000001a043ee00 0 0 1 0 1 0 2 5121 944
0x0000723b3da6be80 0x00000001a043ee80 0 0 1 0 1 0 2 5121 952
0x0000723b3da6bf00 0x00000001a043ef00 0 1 1 0 1 0 2 5121 944
0x0000723b3da6bf80 0x00000001a043ef80 0 1 1 0 1 0 2 5121 952
0x0000723b3da6c000 0x0000000193cef000 0 0 0 0 1 0 2 4719 448
0x0000723b3da6c080 0x0000000193cef080 0 0 0 0 1 0 2 4719 456
0x0000723b3da6c100 0x0000000193cef100 0 1 0 0 1 0 2 4719 448
0x0000723b3da6c180 0x0000000193cef180 0 1 0 0 1 0 2 4719 456
0x0000723b3da6c200 0x0000000193cef200 0 0 1 0 1 0 2 4719 448
0x0000723b3da6c280 0x0000000193cef280 0 0 1 0 1 0 2 4719 456
0x0000723b3da6c300 0x0000000193cef300 0 1 1 0 1 0 2 4719 448
0x0000723b3da6c380 0x0000000193cef380 0 1 1 0 1 0 2 4719 456
0x0000723b3da6c400 0x0000000193cef400 0 0 0 0 1 0 2 4719 464
0x0000723b3da6c480 0x0000000193cef480 0 0 0 0 1 0 2 4719 472
0x0000723b3da6c500 0x0000000193cef500 0 1 0 0 1 0 2 4719 464
0x0000723b3da6c580 0x0000000193cef580 0 1 0 0 1 0 2 4719 472
0x0000723b3da6c600 0x0000000193cef600 0 0 1 0 1 0 2 4719 464
0x0000723b3da6c680 0x0000000193cef680 0 0 1 0 1 0 2 4719 472
0x0000723b3da6c700 0x0000000193cef700 0 1 1 0 1 0 2 4719 464
0x0000723b3da6c780 0x0000000193cef780 0 1 1 0 1 0 2 4719 472
0x0000723b3da6c800 0x0000000193cef800 0 0 0 0 1 0 2 4719 480
0x0000723b3da6c880 0x0000000193cef880 0 0 0 0 1 0 2 4719 488
0x0000723b3da6c900 0x0000000193cef900 0 1 0 0 1 0 2 4719 480
0x0000723b3da6c980 0x0000000193cef980 0 1 0 0 1 0 2 4719 488
0x0000723b3da6ca00 0x0000000193cefa00 0 0 1 0 1 0 2 4719 480
0x0000723b3da6ca80 0x0000000193cefa80 0 0 1 0 1 0 2 4719 488
0x0000723b3da6cb00 0x0000000193cefb00 0 1 1 0 1 0 2 4719 480
0x0000723b3da6cb80 0x0000000193cefb80 0 1 1 0 1 0 2 4719 488
0x0000723b3da6cc00 0x0000000193cefc00 0 0 0 0 1 0 2 4719 496
0x0000723b3da6cc80 0x0000000193cefc80 0 0 0 0 1 0 2 4719 504
0x0000723b3da6cd00 0x0000000193cefd00 0 1 0 0 1 0 2 4719 496
0x0000723b3da6cd80 0x0000000193cefd80 0 1 0 0 1 0 2 4719 504
0x0000723b3da6ce00 0x0000000193cefe00 0 0 1 0 1 0 2 4719 496
0x0000723b3da6ce80 0x0000000193cefe80 0 0 1 0 1 0 2 4719 504
0x0000723b3da6cf00 0x0000000193ceff00 0 1 1 0 1 0 2 4719 496
0x0000723b3da6cf80 0x0000000193ceff80 0 1 1 0 1 0 2 4719 504
0x0000723b3da72000 0x00000005e9424000 0 0 0 0 0 0 2 23841 256
0x0000723b3da72080 0x00000005e9424080 0 0 0 0 0 0 2 23841 264
0x0000723b3da72100 0x00000005e9424100 0 1 0 0 0 0 2 23841 256
0x0000723b3da72180 0x00000005e9424180 0 1 0 0 0 0 2 23841 264
0x0000723b3da72200 0x00000005e9424200 0 0 1 0 0 0 2 23841 256
0x0000723b3da72280 0x00000005e9424280 0 0 1 0 0 0 2 23841 264
0x0000723b3da72300 0x00000005e9424300 0 1 1 0 0 0 2 23841 256
0x0000723b3da72380 0x00000005e9424380 0 1 1 0 0 0 2 23841 264
0x0000723b3da72400 0x00000005e9424400 0 0 0 0 0 0 2 23841 272
0x0000723b3da72480 0x00000005e9424480 0 0 0 0 0 0 2 23841 280
0x0000723b3da72500 0x00000005e9424500 0 1 0 0 0 0 2 23841 272
0x0000723b3da72580 0x00000005e9424580 0 1 0 0 0 0 2 23841 280
0x0000723b3da72600 0x00000005e9424600 0 0 1 0 0 0 2 23841 272
0x0000723b3da72680 0x00000005e9424680 0 0 1 0 0 0 2 23841 280
0x0000723b3da72700 0x00000005e9424700 0 1 1 0 0 0 2 23841 272
0x0000723b3da72780 0x00000005e9424780 0 1 1 0 0 0 2 23841 280
0x0000723b3da72800 0x00000005e9424800 0 0 0 0 0 0 2 23841 288
0x0000723b3da72880 0x00000005e9424880 0 0 0 0 0 0 2 23841 296
0x0000723b3da72900 0x00000005e9424900 0 1 0 0 0 0 2 23841 288
0x0000723b3da72980 0x00000005e9424980 0 1 0 0 0 0 2 23841 296
0x0000723b3da72a00 0x00000005e9424a00 0 0 1 0 0 0 2 23841 288
0x0000723b3da72a80 0x00000005e9424a80 0 0 1 0 0 0 2 23841 296
0x0000723b3da72b00 0x00000005e9424b00 0 1 1 0 0 0 2 23841 288
0x0000723b3da72b80 0x00000005e9424b80 0 1 1 0 0 0 2 23841 296
0x0000723b3da72c00 0x00000005e9424c00 0 0 0 0 0 0 2 23841 304
0x0000723b3da72c80 0x00000005e9424c80 0 0 0 0 0 0 2 23841 312
0x0000723b3da72d00 0x00000005e9424d00 0 1 0 0 0 0 2 23841 304
0x0000723b3da72d80 0x00000005e9424d80 0 1 0 0 0 0 2 23841 312
0x0000723b3da72e00 0x00000005e9424e00 0 0 1 0 0 0 2 23841 304
0x0000723b3da72e80 0x00000005e9424e80 0 0 1 0 0 0 2 23841 312
0x0000723b3da72f00 0x00000005e9424f00 0 1 1 0 0 0 2 23841 304
0x0000723b3da72f80 0x00000005e9424f80 0 1 1 0 0 0 2 23841 312
0x0000723b3da73000 0x0000000f16415000 0 0 0 0 0 0 2 58064 832
0x0000723b3da73080 0x0000000f16415080 0 0 0 0 0 0 2 58064 840
0x0000723b3da73100 0x0000000f16415100 0 1 0 0 0 0 2 58064 832
0x0000723b3da73180 0x0000000f16415180 0 1 0 0 0 0 2 58064 840
0x0000723b3da73200 0x0000000f16415200 0 0 1 0 0 0 2 58064 832
0x0000723b3da73280 0x0000000f16415280 0 0 1 0 0 0 2 58064 840
0x0000723b3da73300 0x0000000f16415300 0 1 1 0 0 0 2 58064 832
0x0000723b3da73380 0x0000000f16415380 0 1 1 0 0 0 2 58064 840
0x0000723b3da73400 0x0000000f16415400 0 0 0 0 0 0 2 58064 848
0x0000723b3da73480 0x0000000f16415480 0 0 0 0 0 0 2 58064 856
0x0000723b3da73500 0x0000000f16415500 0 1 0 0 0 0 2 58064 848
0x0000723b3da73580 0x0000000f16415580 0 1 0 0 0 0 2 58064 856
0x0000723b3da73600 0x0000000f16415600 0 0 1 0 0 0 2 58064 848
0x0000723b3da73680 0x0000000f16415680 0 0 1 0 0 0 2 58064 856
0x0000723b3da73700 0x0000000f16415700 0 1 1 0 0 0 2 58064 848
0x0000723b3da73780 0x0000000f16415780 0 1 1 0 0 0 2 58064 856
0x0000723b3da73800 0x0000000f16415800 0 0 0 0 0 0 2 58064 864
0x0000723b3da73880 0x0000000f16415880 0 0 0 0 0 0 2 58064 872
0x0000723b3da73900 0x0000000f16415900 0 1 0 0 0 0 2 58064 864
0x0000723b3da73980 0x0000000f16415980 0 1 0 0 0 0 2 58064 872
0x0000723b3da73a00 0x0000000f16415a00 0 0 1 0 0 0 2 58064 864
0x0000723b3da73a80 0x0000000f16415a80 0 0 1 0 0 0 2 58064 872
0x0000723b3da73b00 0x0000000f16415b00 0 1 1 0 0 0 2 58064 864
0x0000723b3da73b80 0x0000000f16415b80 0 1 1 0 0 0 2 58064 872
0x0000723b3da73c00 0x0000000f16415c00 0 0 0 0 0 0 2 58064 880
0x0000723b3da73c80 0x0000000f16415c80 0 0 0 0 0 0 2 58064 888
0x0000723b3da73d00 0x0000000f16415d00 0 1 0 0 0 0 2 58064 880
0x0000723b3da73d80 0x0000000f16415d80 0 1 0 0 0 0 2 58064 888
0x0000723b3da73e00 0x0000000f16415e00 0 0 1 0 0 0 2 58064 880
0x0000723b3da73e80 0x0000000f16415e80 0 0 1 0 0 0 2 58064 888
0x0000723b3da73f00 0x0000000f16415f00 0 1 1 0 0 0 2 58064 880
0x0000723b3da73f80 0x0000000f16415f80 0 1 1 0 0 0 2 58064 888
0x0000723b3da74000 0x0000000f19cfe000 0 0 0 0 1 0 2 58175 896
0x0000723b3da74080 0x0000000f19cfe080 0 0 0 0 1 0 2 58175 904
0x0000723b3da74100 0x0000000f19cfe100 0 1 0 0 1 0 2 58175 896
0x0000723b3da74180 0x0000000f19cfe180 0 1 0 0 1 0 2 58175 904
0x0000723b3da74200 0x0000000f19cfe200 0 0 1 0 1 0 2 58175 896
0x0000723b3da74280 0x0000000f19cfe280 0 0 1 0 1 0 2 58175 904
0x0000723b3da74300 0x0000000f19cfe300 0 1 1 0 1 0 2 58175 896
0x0000723b3da74380 0x0000000f19cfe380 0 1 1 0 1 0 2 58175 904
0x0000723b3da74400 0x0000000f19cfe400 0 0 0 0 1 0 2 58175 912
0x0000723b3da74480 0x0000000f19cfe480 0 0 0 0 1 0 2 58175 920
0x0000723b3da74500 0x0000000f19cfe500 0 1 0 0 1 0 2 58175 912
0x0000723b3da74580 0x0000000f19cfe580 0 1 0 0 1 0 2 58175 920
0x0000723b3da74600 0x0000000f19cfe600 0 0 1 0 1 0 2 58175 912
0x0000723b3da74680 0x0000000f19cfe680 0 0 1 0 1 0 2 58175 920
0x0000723b3da74700 0x0000000f19cfe700 0 1 1 0 1 0 2 58175 912
0x0000723b3da74780 0x0000000f19cfe780 0 1 1 0 1 0 2 58175 920
0x0000723b3da74800 0x0000000f19cfe800 0 0 0 0 1 0 2 58175 928
0x0000723b3da74880 0x0000000f19cfe880 0 0 0 0 1 0 2 58175 936
0x0000723b3da74900 0x0000000f19cfe900 0 1 0 0 1 0 2 58175 928
0x0000723b3da74980 0x0000000f19cfe980 0 1 0 0 1 0 2 58175 936
0x0000723b3da74a00 0x0000000f19cfea00 0 0 1 0 1 0 2 58175 928
0x0000723b3da74a80 0x0000000f19cfea80 0 0 1 0 1 0 2 58175 936
0x0000723b3da74b00 0x0000000f19cfeb00 0 1 1 0 1 0 2 58175 928
0x0000723b3da74b80 0x0000000f19cfeb80 0 1 1 0 1 0 2 58175 936
0x0000723b3da74c00 0x0000000f19cfec00 0 0 0 0 1 0 2 58175 944
0x0000723b3da74c80 0x0000000f19cfec80 0 0 0 0 1 0 2 58175 952
0x0000723b3da74d00 0x0000000f19cfed00 0 1 0 0 1 0 2 58175 944
0x0000723b3da74d80 0x0000000f19cfed80 0 1 0 0 1 0 2 58175 952
0x0000723b3da74e00 0x0000000f19cfee00 0 0 1 0 1 0 2 58175 944
0x0000723b3da74e80 0x0000000f19cfee80 0 0 1 0 1 0 2 58175 952
0x0000723b3da74f00 0x0000000f19cfef00 0 1 1 0 1 0 2 58175 944
0x0000723b3da74f80 0x0000000f19cfef80 0 1 1 0 1 0 2 58175 952
0x0000723b3da76000 0x0000000193c88000 0 0 0 0 1 0 2 4716 0
0x0000723b3da76080 0x0000000193c88080 0 0 0 0 1 0 2 4716 8
0x0000723b3da76100 0x0000000193c88100 0 1 0 0 1 0 2 4716 0
0x0000723b3da76180 0x0000000193c88180 0 1 0 0 1 0 2 4716 8
0x0000723b3da76200 0x0000000193c88200 0 0 1 0 1 0 2 4716 0
0x0000723b3da76280 0x0000000193c88280 0 0 1 0 1 0 2 4716 8
0x0000723b3da76300 0x0000000193c88300 0 1 1 0 1 0 2 4716 0
0x0000723b3da76380 0x0000000193c88380 0 1 1 0 1 0 2 4716 8
0x0000723b3da76400 0x0000000193c88400 0 0 0 0 1 0 2 4716 16
0x0000723b3da76480 0x0000000193c88480 0 0 0 0 1 0 2 4716 24
0x0000723b3da76500 0x0000000193c88500 0 1 0 0 1 0 2 4716 16
0x0000723b3da76580 0x0000000193c88580 0 1 0 0 1 0 2 4716 24
0x0000723b3da76600 0x0000000193c88600 0 0 1 0 1 0 2 4716 16
0x0000723b3da76680 0x0000000193c88680 0 0 1 0 1 0 2 4716 24
0x0000723b3da76700 0x0000000193c88700 0 1 1 0 1 0 2 4716 16
0x0000723b3da76780 0x0000000193c88780 0 1 1 0 1 0 2 4716 24
0x0000723b3da76800 0x0000000193c88800 0 0 0 0 1 0 2 4716 32
0x0000723b3da76880 0x0000000193c88880 0 0 0 0 1 0 2 4716 40
0x0000723b3da76900 0x0000000193c88900 0 1 0 0 1 0 2 4716 32
0x0000723b3da76980 0x0000000193c88980 0 1 0 0 1 0 2 4716 40
0x0000723b3da76a00 0x0000000193c88a00 0 0 1 0 1 0 2 4716 32
0x0000723b3da76a80 0x0000000193c88a80 0 0 1 0 1 0 2 4716 40
0x0000723b3da76b00 0x0000000193c88b00 0 1 1 0 1 0 2 4716 32
0x0000723b3da76b80 0x0000000193c88b80 0 1 1 0 1 0 2 4716 40
0x0000723b3da76c00 0x0000000193c88c00 0 0 0 0 1 0 2 4716 48
0x0000723b3da76c80 0x0000000193c88c80 0 0 0 0 1 0 2 4716 56
0x0000723b3da76d00 0x0000000193c88d00 0 1 0 0 1 0 2 4716 48
0x0000723b3da76d80 0x0000000193c88d80 0 1 0 0 1 0 2 4716 56
0x0000723b3da76e00 0x0000000193c88e00 0 0 1 0 1 0 2 4716 48
0x0000723b3da76e80 0x0000000193c88e80 0 0 1 0 1 0 2 4716 56
0x0000723b3da76f00 0x0000000193c88f00 0 1 1 0 1 0 2 4716 48
0x0000723b3da76f80 0x0000000193c88f80 0 1 1 0 1 0 2 4716 56
0x0000723b3da7b000 0x0000000dadca2000 0 0 0 0 0 0 2 54701 128
0x0000723b3da7b080 0x0000000dadca2080 0 0 0 0 0 0 2 54701 136
0x0000723b3da7b100 0x0000000dadca2100 0 1 0 0 0 0 2 54701 128
0x0000723b3da7b180 0x0000000dadca2180 0 1 0 0 0 0 2 54701 136
0x0000723b3da7b200 0x0000000dadca2200 0 0 1 0 0 0 2 54701 128
0x0000723b3da7b280 0x0000000dadca2280 0 0 1 0 0 0 2 54701 136
0x0000723b3da7b300 0x0000000dadca2300 0 1 1 0 0 0 2 54701 128
0x0000723b3da7b380 0x0000000dadca2380 0 1 1 0 0 0 2 54701 136
0x0000723b3da7b400 0x0000000dadca2400 0 0 0 0 0 0 2 54701 144
0x0000723b3da7b480 0x0000000dadca2480 0 0 0 0 0 0 2 54701 152
0x0000723b3da7b500 0x0000000dadca2500 0 1 0 0 0 0 2 54701 144
0x0000723b3da7b580 0x0000000dadca2580 0 1 0 0 0 0 2 54701 152
0x0000723b3da7b600 0x0000000dadca2600 0 0 1 0 0 0 2 54701 144
0x0000723b3da7b680 0x0000000dadca2680 0 0 1 0 0 0 2 54701 152
0x0000723b3da7b700 0x0000000dadca2700 0 1 1 0 0 0 2 54701 144
0x0000723b3da7b780 0x0000000dadca2780 0 1 1 0 0 0 2 54701 152
0x0000723b3da7b800 0x0000000dadca2800 0 0 0 0 0 0 2 54701 160
0x0000723b3da7b880 0x0000000dadca2880 0 0 0 0 0 0 2 54701 168
0x0000723b3da7b900 0x0000000dadca2900 0 1 0 0 0 0 2 54701 160
0x0000723b3da7b980 0x0000000dadca2980 0 1 0 0 0 0 2 54701 168
0x0000723b3da7ba00 0x0000000dadca2a00 0 0 1 0 0 0 2 54701 160
0x0000723b3da7ba80 0x0000000dadca2a80 0 0 1 0 0 0 2 54701 168
0x0000723b3da7bb00 0x0000000dadca2b00 0 1 1 0 0 0 2 54701 160
0x0000723b3da7bb80 0x0000000dadca2b80 0 1 1 0 0 0 2 54701 168
0x0000723b3da7bc00 0x0000000dadca2c00 0 0 0 0 0 0 2 54701 176
0x0000723b3da7bc80 0x0000000dadca2c80 0 0 0 0 0 0 2 54701 184
0x0000723b3da7bd00 0x0000000dadca2d00 0 1 0 0 0 0 2 54701 176
0x0000723b3da7bd80 0x0000000dadca2d80 0 1 0 0 0 0 2 54701 184
0x0000723b3da7be00 0x0000000dadca2e00 0 0 1 0 0 0 2 54701 176
0x0000723b3da7be80 0x0000000dadca2e80 0 0 1 0 0 0 2 54701 184
0x0000723b3da7bf00 0x0000000dadca2f00 0 1 1 0 0 0 2 54701 176
0x0000723b3da7bf80 0x0000000dadca2f80 0 1 1 0 0 0 2 54701 184
0x0000723b3da7c000 0x0000000dadca1000 0 0 0 0 0 0 2 54701 64
0x0000723b3da7c080 0x0000000dadca1080 0 0 0 0 0 0 2 54701 72
0x0000723b3da7c100 0x0000000dadca1100 0 1 0 0 0 0 2 54701 64
0x0000723b3da7c180 0x0000000dadca1180 0 1 0 0 0 0 2 54701 72
0x0000723b3da7c200 0x0000000dadca1200 0 0 1 0 0 0 2 54701 64
0x0000723b3da7c280 0x0000000dadca1280 0 0 1 0 0 0 2 54701 72
0x0000723b3da7c300 0x0000000dadca1300 0 1 1 0 0 0 2 54701 64
0x0000723b3da7c380 0x0000000dadca1380 0 1 1 0 0 0 2 54701 72
0x0000723b3da7c400 0x0000000dadca1400 0 0 0 0 0 0 2 54701 80
0x0000723b3da7c480 0x0000000dadca1480 0 0 0 0 0 0 2 54701 88
0x0000723b3da7c500 0x0000000dadca1500 0 1 0 0 0 0 2 54701 80
0x0000723b3da7c580 0x0000000dadca1580 0 1 0 0 0 0 2 54701 88
0x0000723b3da7c600 0x0000000dadca1600 0 0 1 0 0 0 2 54701 80
0x0000723b3da7c680 0x0000000dadca1680 0 0 1 0 0 0 2 54701 88
0x0000723b3da7c700 0x0000000dadca1700 0 1 1 0 0 0 2 54701 80
0x0000723b3da7c780 0x0000000dadca1780 0 1 1 0 0 0 2 54701 88
0x0000723b3da7c800 0x0000000dadca1800 0 0 0 0 0 0 2 54701 96
0x0000723b3da7c880 0x0000000dadca1880 0 0 0 0 0 0 2 54701 104
0x0000723b3da7c900 0x0000000dadca1900 0 1 0 0 0 0 2 54701 96
0x0000723b3da7c980 0x0000000dadca1980 0 1 0 0 0 0 2 54701 104
0x0000723b3da7ca00 0x0000000dadca1a00 0 0 1 0 0 0 2 54701 96
0x0000723b3da7ca80 0x0000000dadca1a80 0 0 1 0 0 0 2 54701 104
0x0000723b3da7cb00 0x0000000dadca1b00 0 1 1 0 0 0 2 54701 96
0x0000723b3da7cb80 0x0000000dadca1b80 0 1 1 0 0 0 2 54701 104
0x0000723b3da7cc00 0x0000000dadca1c00 0 0 0 0 0 0 2 54701 112
0x0000723b3da7cc80 0x0000000dadca1c80 0 0 0 0 0 0 2 54701 120
0x0000723b3da7cd00 0x0000000dadca1d00 0 1 0 0 0 0 2 54701 112
0x0000723b3da7cd80 0x0000000dadca1d80 0 1 0 0 0 0 2 54701 120
0x0000723b3da7ce00 0x0000000dadca1e00 0 0 1 0 0 0 2 54701 112
0x0000723b3da7ce80 0x0000000dadca1e80 0 0 1 0 0 0 2 54701 120
0x0000723b3da7cf00 0x0000000dadca1f00 0 1 1 0 0 0 2 54701 112
0x0000723b3da7cf80 0x0000000dadca1f80 0 1 1 0 0 0 2 54701 120
0x0000723b3da7f000 0x0000000264cc5000 0 0 0 0 0 0 2 7326 320
0x0000723b3da7f080 0x0000000264cc5080 0 0 0 0 0 0 2 7326 328
0x0000723b3da7f100 0x0000000264cc5100 0 1 0 0 0 0 2 7326 320
0x0000723b3da7f180 0x0000000264cc5180 0 1 0 0 0 0 2 7326 328
0x0000723b3da7f200 0x0000000264cc5200 0 0 1 0 0 0 2 7326 320
0x0000723b3da7f280 0x0000000264cc5280 0 0 1 0 0 0 2 7326 328
0x0000723b3da7f300 0x0000000264cc5300 0 1 1 0 0 0 2 7326 320
0x0000723b3da7f380 0x0000000264cc5380 0 1 1 0 0 0 2 7326 328
0x0000723b3da7f400 0x0000000264cc5400 0 0 0 0 0 0 2 7326 336
0x0000723b3da7f480 0x0000000264cc5480 0 0 0 0 0 0 2 7326 344
0x0000723b3da7f500 0x0000000264cc5500 0 1 0 0 0 0 2 7326 336
0x0000723b3da7f580 0x0000000264cc5580 0 1 0 0 0 0 2 7326 344
0x0000723b3da7f600 0x0000000264cc5600 0 0 1 0 0 0 2 7326 336
0x0000723b3da7f680 0x0000000264cc5680 0 0 1 0 0 0 2 7326 344
0x0000723b3da7f700 0x0000000264cc5700 0 1 1 0 0 0 2 7326 336
0x0000723b3da7f780 0x0000000264cc5780 0 1 1 0 0 0 2 7326 344
0x0000723b3da7f800 0x0000000264cc5800 0 0 0 0 0 0 2 7326 352
0x0000723b3da7f880 0x0000000264cc5880 0 0 0 0 0 0 2 7326 360
0x0000723b3da7f900 0x0000000264cc5900 0 1 0 0 0 0 2 7326 352
0x0000723b3da7f980 0x0000000264cc5980 0 1 0 0 0 0 2 7326 360
0x0000723b3da7fa00 0x0000000264cc5a00 0 0 1 0 0 0 2 7326 352
0x0000723b3da7fa80 0x0000000264cc5a80 0 0 1 0 0 0 2 7326 360
0x0000723b3da7fb00 0x0000000264cc5b00 0 1 1 0 0 0 2 7326 352
0x0000723b3da7fb80 0x0000000264cc5b80 0 1 1 0 0 0 2 7326 360
0x0000723b3da7fc00 0x0000000264cc5c00 0 0 0 0 0 0 2 7326 368
0x0000723b3da7fc80 0x0000000264cc5c80 0 0 0 0 0 0 2 7326 376
0x0000723b3da7fd00 0x0000000264cc5d00 0 1 0 0 0 0 2 7326 368
0x0000723b3da7fd80 0x0000000264cc5d80 0 1 0 0 0 0 2 7326 376
0x0000723b3da7fe00 0x0000000264cc5e00 0 0 1 0 0 0 2 7326 368
0x0000723b3da7fe80 0x0000000264cc5e80 0 0 1 0 0 0 2 7326 376
0x0000723b3da7ff00 0x0000000264cc5f00 0 1 1 0 0 0 2 7326 368
0x0000723b3da7ff80 0x0000000264cc5f80 0 1 1 0 0 0 2 7326 376
0x0000723b3da80000 0x0000000264cc4000 0 0 0 0 0 0 2 7326 256
0x0000723b3da80080 0x0000000264cc4080 0 0 0 0 0 0 2 7326 264
0x0000723b3da80100 0x0000000264cc4100 0 1 0 0 0 0 2 7326 256
0x0000723b3da80180 0x0000000264cc4180 0 1 0 0 0 0 2 7326 264
0x0000723b3da80200 0x0000000264cc4200 0 0 1 0 0 0 2 7326 256
0x0000723b3da80280 0x0000000264cc4280 0 0 1 0 0 0 2 7326 264
0x0000723b3da80300 0x0000000264cc4300 0 1 1 0 0 0 2 7326 256
0x0000723b3da80380 0x0000000264cc4380 0 1 1 0 0 0 2 7326 264
0x0000723b3da80400 0x0000000264cc4400 0 0 0 0 0 0 2 7326 272
0x0000723b3da80480 0x0000000264cc4480 0 0 0 0 0 0 2 7326 280
0x0000723b3da80500 0x0000000264cc4500 0 1 0 0 0 0 2 7326 272
0x0000723b3da80580 0x0000000264cc4580 0 1 0 0 0 0 2 7326 280
0x0000723b3da80600 0x0000000264cc4600 0 0 1 0 0 0 2 7326 272
0x0000723b3da80680 0x0000000264cc4680 0 0 1 0 0 0 2 7326 280
0x0000723b3da80700 0x0000000264cc4700 0 1 1 0 0 0 2 7326 272
0x0000723b3da80780 0x0000000264cc4780 0 1 1 0 0 0 2 7326 280
0x0000723b3da80800 0x0000000264cc4800 0 0 0 0 0 0 2 7326 288
0x0000723b3da80880 0x0000000264cc4880 0 0 0 0 0 0 2 7326 296
0x0000723b3da80900 0x0000000264cc4900 0 1 0 0 0 0 2 7326 288
0x0000723b3da80980 0x0000000264cc4980 0 1 0 0 0 0 2 7326 296
0x0000723b3da80a00 0x0000000264cc4a00 0 0 1 0 0 0 2 7326 288
0x0000723b3da80a80 0x0000000264cc4a80 0 0 1 0 0 0 2 7326 296
0x0000723b3da80b00 0x0000000264cc4b00 0 1 1 0 0 0 2 7326 288
0x0000723b3da80b80 0x0000000264cc4b80 0 1 1 0 0 0 2 7326 296
0x0000723b3da80c00 0x0000000264cc4c00 0 0 0 0 0 0 2 7326 304
0x0000723b3da80c80 0x0000000264cc4c80 0 0 0 0 0 0 2 7326 312
0x0000723b3da80d00 0x0000000264cc4d00 0 1 0 0 0 0 2 7326 304
0x0000723b3da80d80 0x0000000264cc4d80 0 1 0 0 0 0 2 7326 312
0x0000723b3da80e00 0x0000000264cc4e00 0 0 1 0 0 0 2 7326 304
0x0000723b3da80e80 0x0000000264cc4e80 0 0 1 0 0 0 2 7326 312
0x0000723b3da80f00 0x0000000264cc4f00 0 1 1 0 0 0 2 7326 304
0x0000723b3da80f80 0x0000000264cc4f80 0 1 1 0 0 0 2 7326 312
0x0000723b3da8b000 0x0000000e2e413000 0 0 0 0 0 0 2 54736 704
0x0000723b3da8b080 0x0000000e2e413080 0 0 0 0 0 0 2 54736 712
0x0000723b3da8b100 0x0000000e2e413100 0 1 0 0 0 0 2 54736 704
0x0000723b3da8b180 0x0000000e2e413180 0 1 0 0 0 0 2 54736 712
0x0000723b3da8b200 0x0000000e2e413200 0 0 1 0 0 0 2 54736 704
0x0000723b3da8b280 0x0000000e2e413280 0 0 1 0 0 0 2 54736 712
0x0000723b3da8b300 0x0000000e2e413300 0 1 1 0 0 0 2 54736 704
0x0000723b3da8b380 0x0000000e2e413380 0 1 1 0 0 0 2 54736 712
0x0000723b3da8b400 0x0000000e2e413400 0 0 0 0 0 0 2 54736 720
0x0000723b3da8b480 0x0000000e2e413480 0 0 0 0 0 0 2 54736 728
0x0000723b3da8b500 0x0000000e2e413500 0 1 0 0 0 0 2 54736 720
0x0000723b3da8b580 0x0000000e2e413580 0 1 0 0 0 0 2 54736 728
0x0000723b3da8b600 0x0000000e2e413600 0 0 1 0 0 0 2 54736 720
0x0000723b3da8b680 0x0000000e2e413680 0 0 1 0 0 0 2 54736 728
0x0000723b3da8b700 0x0000000e2e413700 0 1 1 0 0 0 2 54736 720
0x0000723b3da8b780 0x0000000e2e413780 0 1 1 0 0 0 2 54736 728
0x0000723b3da8b800 0x0000000e2e413800 0 0 0 0 0 0 2 54736 736
0x0000723b3da8b880 0x0000000e2e413880 0 0 0 0 0 0 2 54736 744
0x0000723b3da8b900 0x0000000e2e413900 0 1 0 0 0 0 2 54736 736
0x0000723b3da8b980 0x0000000e2e413980 0 1 0 0 0 0 2 54736 744
0x0000723b3da8ba00 0x0000000e2e413a00 0 0 1 0 0 0 2 54736 736
0x0000723b3da8ba80 0x0000000e2e413a80 0 0 1 0 0 0 2 54736 744
0x0000723b3da8bb00 0x0000000e2e413b00 0 1 1 0 0 0 2 54736 736
0x0000723b3da8bb80 0x0000000e2e413b80 0 1 1 0 0 0 2 54736 744
0x0000723b3da8bc00 0x0000000e2e413c00 0 0 0 0 0 0 2 54736 752
0x0000723b3da8bc80 0x0000000e2e413c80 0 0 0 0 0 0 2 54736 760
0x0000723b3da8bd00 0x0000000e2e413d00 0 1 0 0 0 0 2 54736 752
0x0000723b3da8bd80 0x0000000e2e413d80 0 1 0 0 0 0 2 54736 760
0x0000723b3da8be00 0x0000000e2e413e00 0 0 1 0 0 0 2 54736 752
0x0000723b3da8be80 0x0000000e2e413e80 0 0 1 0 0 0 2 54736 760
0x0000723b3da8bf00 0x0000000e2e413f00 0 1 1 0 0 0 2 54736 752
0x0000723b3da8bf80 0x0000000e2e413f80 0 1 1 0 0 0 2 54736 760
0x0000723b3da8c000 0x0000000e2e412000 0 0 0 0 0 0 2 54736 640
0x0000723b3da8c080 0x0000000e2e412080 0 0 0 0 0 0 2 54736 648
0x0000723b3da8c100 0x0000000e2e412100 0 1 0 0 0 0 2 54736 640
0x0000723b3da8c180 0x0000000e2e412180 0 1 0 0 0 0 2 54736 648
0x0000723b3da8c200 0x0000000e2e412200 0 0 1 0 0 0 2 54736 640
0x0000723b3da8c280 0x0000000e2e412280 0 0 1 0 0 0 2 54736 648
0x0000723b3da8c300 0x0000000e2e412300 0 1 1 0 0 0 2 54736 640
0x0000723b3da8c380 0x0000000e2e412380 0 1 1 0 0 0 2 54736 648
0x0000723b3da8c400 0x0000000e2e412400 0 0 0 0 0 0 2 54736 656
0x0000723b3da8c480 0x0000000e2e412480 0 0 0 0 0 0 2 54736 664
0x0000723b3da8c500 0x0000000e2e412500 0 1 0 0 0 0 2 54736 656
0x0000723b3da8c580 0x0000000e2e412580 0 1 0 0 0 0 2 54736 664
0x0000723b3da8c600 0x0000000e2e412600 0 0 1 0 0 0 2 54736 656
0x0000723b3da8c680 0x0000000e2e412680 0 0 1 0 0 0 2 54736 664
0x0000723b3da8c700 0x0000000e2e412700 0 1 1 0 0 0 2 54736 656
0x0000723b3da8c780 0x0000000e2e412780 0 1 1 0 0 0 2 54736 664
0x0000723b3da8c800 0x0000000e2e412800 0 0 0 0 0 0 2 54736 672
0x0000723b3da8c880 0x0000000e2e412880 0 0 0 0 0 0 2 54736 680
0x0000723b3da8c900 0x0000000e2e412900 0 1 0 0 0 0 2 54736 672
0x0000723b3da8c980 0x0000000e2e412980 0 1 0 0 0 0 2 54736 680
0x0000723b3da8ca00 0x0000000e2e412a00 0 0 1 0 0 0 2 54736 672
0x0000723b3da8ca80 0x0000000e2e412a80 0 0 1 0 0 0 2 54736 680
0x0000723b3da8cb00 0x0000000e2e412b00 0 1 1 0 0 0 2 54736 672
0x0000723b3da8cb80 0x0000000e2e412b80 0 1 1 0 0 0 2 54736 680
0x0000723b3da8cc00 0x0000000e2e412c00 0 0 0 0 0 0 2 54736 688
0x0000723b3da8cc80 0x0000000e2e412c80 0 0 0 0 0 0 2 54736 696
0x0000723b3da8cd00 0x0000000e2e412d00 0 1 0 0 0 0 2 54736 688
0x0000723b3da8cd80 0x0000000e2e412d80 0 1 0 0 0 0 2 54736 696
0x0000723b3da8ce00 0x0000000e2e412e00 0 0 1 0 0 0 2 54736 688
0x0000723b3da8ce80 0x0000000e2e412e80 0 0 1 0 0 0 2 54736 696
0x0000723b3da8cf00 0x0000000e2e412f00 0 1 1 0 0 0 2 54736 688
0x0000723b3da8cf80 0x0000000e2e412f80 0 1 1 0 0 0 2 54736 696
0x0000723b3daa0000 0x0000000772c14000 0 0 0 0 0 0 2 28248 768
0x0000723b3daa0080 0x0000000772c14080 0 0 0 0 0 0 2 28248 776
0x0000723b3daa0100 0x0000000772c14100 0 1 0 0 0 0 2 28248 768
0x0000723b3daa0180 0x0000000772c14180 0 1 0 0 0 0 2 28248 776
0x0000723b3daa0200 0x0000000772c14200 0 0 1 0 0 0 2 28248 768
0x0000723b3daa0280 0x0000000772c14280 0 0 1 0 0 0 2 28248 776
0x0000723b3daa0300 0x0000000772c14300 0 1 1 0 0 0 2 28248 768
0x0000723b3daa0380 0x0000000772c14380 0 1 1 0 0 0 2 28248 776
0x0000723b3daa0400 0x0000000772c14400 0 0 0 0 0 0 2 28248 784
0x0000723b3daa0480 0x0000000772c14480 0 0 0 0 0 0 2 28248 792
0x0000723b3daa0500 0x0000000772c14500 0 1 0 0 0 0 2 28248 784
0x0000723b3daa0580 0x0000000772c14580 0 1 0 0 0 0 2 28248 792
0x0000723b3daa0600 0x0000000772c14600 0 0 1 0 0 0 2 28248 784
0x0000723b3daa0680 0x0000000772c14680 0 0 1 0 0 0 2 28248 792
0x0000723b3daa0700 0x0000000772c14700 0 1 1 0 0 0 2 28248 784
0x0000723b3daa0780 0x0000000772c14780 0 1 1 0 0 0 2 28248 792
0x0000723b3daa0800 0x0000000772c14800 0 0 0 0 0 0 2 28248 800
0x0000723b3daa0880 0x0000000772c14880 0 0 0 0 0 0 2 28248 808
0x0000723b3daa0900 0x0000000772c14900 0 1 0 0 0 0 2 28248 800
0x0000723b3daa0980 0x0000000772c14980 0 1 0 0 0 0 2 28248 808
0x0000723b3daa0a00 0x0000000772c14a00 0 0 1 0 0 0 2 28248 800
0x0000723b3daa0a80 0x0000000772c14a80 0 0 1 0 0 0 2 28248 808
0x0000723b3daa0b00 0x0000000772c14b00 0 1 1 0 0 0 2 28248 800
0x0000723b3daa0b80 0x0000000772c14b80 0 1 1 0 0 0 2 28248 808
0x0000723b3daa0c00 0x0000000772c14c00 0 0 0 0 0 0 2 28248 816
0x0000723b3daa0c80 0x0000000772c14c80 0 0 0 0 0 0 2 28248 824
0x0000723b3daa0d00 0x0000000772c14d00 0 1 0 0 0 0 2 28248 816
0x0000723b3daa0d80 0x0000000772c14d80 0 1 0 0 0 0 2 28248 824
0x0000723b3daa0e00 0x0000000772c14e00 0 0 1 0 0 0 2 28248 816
0x0000723b3daa0e80 0x0000000772c14e80 0 0 1 0 0 0 2 28248 824
0x0000723b3daa0f00 0x0000000772c14f00 0 1 1 0 0 0 2 28248 816
0x0000723b3daa0f80 0x0000000772c14f80 0 1 1 0 0 0 2 28248 824
0x0000723b3daa2000 0x0000000772c17000 0 0 0 0 0 0 2 28248 960
0x0000723b3daa2080 0x0000000772c17080 0 0 0 0 0 0 2 28248 968
0x0000723b3daa2100 0x0000000772c17100 0 1 0 0 0 0 2 28248 960
0x0000723b3daa2180 0x0000000772c17180 0 1 0 0 0 0 2 28248 968
0x0000723b3daa2200 0x0000000772c17200 0 0 1 0 0 0 2 28248 960
0x0000723b3daa2280 0x0000000772c17280 0 0 1 0 0 0 2 28248 968
0x0000723b3daa2300 0x0000000772c17300 0 1 1 0 0 0 2 28248 960
0x0000723b3daa2380 0x0000000772c17380 0 1 1 0 0 0 2 28248 968
0x0000723b3daa2400 0x0000000772c17400 0 0 0 0 0 0 2 28248 976
0x0000723b3daa2480 0x0000000772c17480 0 0 0 0 0 0 2 28248 984
0x0000723b3daa2500 0x0000000772c17500 0 1 0 0 0 0 2 28248 976
0x0000723b3daa2580 0x0000000772c17580 0 1 0 0 0 0 2 28248 984
0x0000723b3daa2600 0x0000000772c17600 0 0 1 0 0 0 2 28248 976
0x0000723b3daa2680 0x0000000772c17680 0 0 1 0 0 0 2 28248 984
0x0000723b3daa2700 0x0000000772c17700 0 1 1 0 0 0 2 28248 976
0x0000723b3daa2780 0x0000000772c17780 0 1 1 0 0 0 2 28248 984
0x0000723b3daa2800 0x0000000772c17800 0 0 0 0 0 0 2 28248 992
0x0000723b3daa2880 0x0000000772c17880 0 0 0 0 0 0 2 28248 1000
0x0000723b3daa2900 0x0000000772c17900 0 1 0 0 0 0 2 28248 992
0x0000723b3daa2980 0x0000000772c17980 0 1 0 0 0 0 2 28248 1000
0x0000723b3daa2a00 0x0000000772c17a00 0 0 1 0 0 0 2 28248 992
0x0000723b3daa2a80 0x0000000772c17a80 0 0 1 0 0 0 2 28248 1000
0x0000723b3daa2b00 0x0000000772c17b00 0 1 1 0 0 0 2 28248 992
0x0000723b3daa2b80 0x0000000772c17b80 0 1 1 0 0 0 2 28248 1000
0x0000723b3daa2c00 0x0000000772c17c00 0 0 0 0 0 0 2 28248 1008
0x0000723b3daa2c80 0x0000000772c17c80 0 0 0 0 0 0 2 28248 1016
0x0000723b3daa2d00 0x0000000772c17d00 0 1 0 0 0 0 2 28248 1008
0x0000723b3daa2d80 0x0000000772c17d80 0 1 0 0 0 0 2 28248 1016
0x0000723b3daa2e00 0x0000000772c17e00 0 0 1 0 0 0 2 28248 1008
0x0000723b3daa2e80 0x0000000772c17e80 0 0 1 0 0 0 2 28248 1016
0x0000723b3daa2f00 0x0000000772c17f00 0 1 1 0 0 0 2 28248 1008
0x0000723b3daa2f80 0x0000000772c17f80 0 1 1 0 0 0 2 28248 1016
0x0000723b3daa3000 0x0000000772c15000 0 0 0 0 0 0 2 28248 832
0x0000723b3daa3080 0x0000000772c15080 0 0 0 0 0 0 2 28248 840
0x0000723b3daa3100 0x0000000772c15100 0 1 0 0 0 0 2 28248 832
0x0000723b3daa3180 0x0000000772c15180 0 1 0 0 0 0 2 28248 840
0x0000723b3daa3200 0x0000000772c15200 0 0 1 0 0 0 2 28248 832
0x0000723b3daa3280 0x0000000772c15280 0 0 1 0 0 0 2 28248 840
0x0000723b3daa3300 0x0000000772c15300 0 1 1 0 0 0 2 28248 832
0x0000723b3daa3380 0x0000000772c15380 0 1 1 0 0 0 2 28248 840
0x0000723b3daa3400 0x0000000772c15400 0 0 0 0 0 0 2 28248 848
0x0000723b3daa3480 0x0000000772c15480 0 0 0 0 0 0 2 28248 856
0x0000723b3daa3500 0x0000000772c15500 0 1 0 0 0 0 2 28248 848
0x0000723b3daa3580 0x0000000772c15580 0 1 0 0 0 0 2 28248 856
0x0000723b3daa3600 0x0000000772c15600 0 0 1 0 0 0 2 28248 848
0x0000723b3daa3680 0x0000000772c15680 0 0 1 0 0 0 2 28248 856
0x0000723b3daa3700 0x0000000772c15700 0 1 1 0 0 0 2 28248 848
0x0000723b3daa3780 0x0000000772c15780 0 1 1 0 0 0 2 28248 856
0x0000723b3daa3800 0x0000000772c15800 0 0 0 0 0 0 2 28248 864
0x0000723b3daa3880 0x0000000772c15880 0 0 0 0 0 0 2 28248 872
0x0000723b3daa3900 0x0000000772c15900 0 1 0 0 0 0 2 28248 864
0x0000723b3daa3980 0x0000000772c15980 0 1 0 0 0 0 2 28248 872
0x0000723b3daa3a00 0x0000000772c15a00 0 0 1 0 0 0 2 28248 864
0x0000723b3daa3a80 0x0000000772c15a80 0 0 1 0 0 0 2 28248 872
0x0000723b3daa3b00 0x0000000772c15b00 0 1 1 0 0 0 2 28248 864
0x0000723b3daa3b80 0x0000000772c15b80 0 1 1 0 0 0 2 28248 872
0x0000723b3daa3c00 0x0000000772c15c00 0 0 0 0 0 0 2 28248 880
0x0000723b3daa3c80 0x0000000772c15c80 0 0 0 0 0 0 2 28248 888
0x0000723b3daa3d00 0x0000000772c15d00 0 1 0 0 0 0 2 28248 880
0x0000723b3daa3d80 0x0000000772c15d80 0 1 0 0 0 0 2 28248 888
0x0000723b3daa3e00 0x0000000772c15e00 0 0 1 0 0 0 2 28248 880
0x0000723b3daa3e80 0x0000000772c15e80 0 0 1 0 0 0 2 28248 888
0x0000723b3daa3f00 0x0000000772c15f00 0 1 1 0 0 0 2 28248 880
0x0000723b3daa3f80 0x0000000772c15f80 0 1 1 0 0 0 2 28248 888
0x0000723b3dac6000 0x0000000762c15000 0 0 0 0 0 0 2 27736 832
0x0000723b3dac6080 0x0000000762c15080 0 0 0 0 0 0 2 27736 840
0x0000723b3dac6100 0x0000000762c15100 0 1 0 0 0 0 2 27736 832
0x0000723b3dac6180 0x0000000762c15180 0 1 0 0 0 0 2 27736 840
0x0000723b3dac6200 0x0000000762c15200 0 0 1 0 0 0 2 27736 832
0x0000723b3dac6280 0x0000000762c15280 0 0 1 0 0 0 2 27736 840
0x0000723b3dac6300 0x0000000762c15300 0 1 1 0 0 0 2 27736 832
0x0000723b3dac6380 0x0000000762c15380 0 1 1 0 0 0 2 27736 840
0x0000723b3dac6400 0x0000000762c15400 0 0 0 0 0 0 2 27736 848
0x0000723b3dac6480 0x0000000762c15480 0 0 0 0 0 0 2 27736 856
0x0000723b3dac6500 0x0000000762c15500 0 1 0 0 0 0 2 27736 848
0x0000723b3dac6580 0x0000000762c15580 0 1 0 0 0 0 2 27736 856
0x0000723b3dac6600 0x0000000762c15600 0 0 1 0 0 0 2 27736 848
0x0000723b3dac6680 0x0000000762c15680 0 0 1 0 0 0 2 27736 856
0x0000723b3dac6700 0x0000000762c15700 0 1 1 0 0 0 2 27736 848
0x0000723b3dac6780 0x0000000762c15780 0 1 1 0 0 0 2 27736 856
0x0000723b3dac6800 0x0000000762c15800 0 0 0 0 0 0 2 27736 864
0x0000723b3dac6880 0x0000000762c15880 0 0 0 0 0 0 2 27736 872
0x0000723b3dac6900 0x0000000762c15900 0 1 0 0 0 0 2 27736 864
0x0000723b3dac6980 0x0000000762c15980 0 1 0 0 0 0 2 27736 872
0x0000723b3dac6a00 0x0000000762c15a00 0 0 1 0 0 0 2 27736 864
0x0000723b3dac6a80 0x0000000762c15a80 0 0 1 0 0 0 2 27736 872
0x0000723b3dac6b00 0x0000000762c15b00 0 1 1 0 0 0 2 27736 864
0x0000723b3dac6b80 0x0000000762c15b80 0 1 1 0 0 0 2 27736 872
0x0000723b3dac6c00 0x0000000762c15c00 0 0 0 0 0 0 2 27736 880
0x0000723b3dac6c80 0x0000000762c15c80 0 0 0 0 0 0 2 27736 888
0x0000723b3dac6d00 0x0000000762c15d00 0 1 0 0 0 0 2 27736 880
0x0000723b3dac6d80 0x0000000762c15d80 0 1 0 0 0 0 2 27736 888
0x0000723b3dac6e00 0x0000000762c15e00 0 0 1 0 0 0 2 27736 880
0x0000723b3dac6e80 0x0000000762c15e80 0 0 1 0 0 0 2 27736 888
0x0000723b3dac6f00 0x0000000762c15f00 0 1 1 0 0 0 2 27736 880
0x0000723b3dac6f80 0x0000000762c15f80 0 1 1 0 0 0 2 27736 888
0x0000723b3dacb000 0x00000001a042d000 0 0 0 0 1 0 2 5121 320
0x0000723b3dacb080 0x00000001a042d080 0 0 0 0 1 0 2 5121 328
0x0000723b3dacb100 0x00000001a042d100 0 1 0 0 1 0 2 5121 320
0x0000723b3dacb180 0x00000001a042d180 0 1 0 0 1 0 2 5121 328
0x0000723b3dacb200 0x00000001a042d200 0 0 1 0 1 0 2 5121 320
0x0000723b3dacb280 0x00000001a042d280 0 0 1 0 1 0 2 5121 328
0x0000723b3dacb300 0x00000001a042d300 0 1 1 0 1 0 2 5121 320
0x0000723b3dacb380 0x00000001a042d380 0 1 1 0 1 0 2 5121 328
0x0000723b3dacb400 0x00000001a042d400 0 0 0 0 1 0 2 5121 336
0x0000723b3dacb480 0x00000001a042d480 0 0 0 0 1 0 2 5121 344
0x0000723b3dacb500 0x00000001a042d500 0 1 0 0 1 0 2 5121 336
0x0000723b3dacb580 0x00000001a042d580 0 1 0 0 1 0 2 5121 344
0x0000723b3dacb600 0x00000001a042d600 0 0 1 0 1 0 2 5121 336
0x0000723b3dacb680 0x00000001a042d680 0 0 1 0 1 0 2 5121 344
0x0000723b3dacb700 0x00000001a042d700 0 1 1 0 1 0 2 5121 336
0x0000723b3dacb780 0x00000001a042d780 0 1 1 0 1 0 2 5121 344
0x0000723b3dacb800 0x00000001a042d800 0 0 0 0 1 0 2 5121 352
0x0000723b3dacb880 0x00000001a042d880 0 0 0 0 1 0 2 5121 360
0x0000723b3dacb900 0x00000001a042d900 0 1 0 0 1 0 2 5121 352
0x0000723b3dacb980 0x00000001a042d980 0 1 0 0 1 0 2 5121 360
0x0000723b3dacba00 0x00000001a042da00 0 0 1 0 1 0 2 5121 352
0x0000723b3dacba80 0x00000001a042da80 0 0 1 0 1 0 2 5121 360
0x0000723b3dacbb00 0x00000001a042db00 0 1 1 0 1 0 2 5121 352
0x0000723b3dacbb80 0x00000001a042db80 0 1 1 0 1 0 2 5121 360
0x0000723b3dacbc00 0x00000001a042dc00 0 0 0 0 1 0 2 5121 368
0x0000723b3dacbc80 0x00000001a042dc80 0 0 0 0 1 0 2 5121 376
0x0000723b3dacbd00 0x00000001a042dd00 0 1 0 0 1 0 2 5121 368
0x0000723b3dacbd80 0x00000001a042dd80 0 1 0 0 1 0 2 5121 376
0x0000723b3dacbe00 0x00000001a042de00 0 0 1 0 1 0 2 5121 368
0x0000723b3dacbe80 0x00000001a042de80 0 0 1 0 1 0 2 5121 376
0x0000723b3dacbf00 0x00000001a042df00 0 1 1 0 1 0 2 5121 368
0x0000723b3dacbf80 0x00000001a042df80 0 1 1 0 1 0 2 5121 376
0x0000723b3dada000 0x00000006cd4ec000 0 0 0 0 1 0 2 27047 256
0x0000723b3dada080 0x00000006cd4ec080 0 0 0 0 1 0 2 27047 264
0x0000723b3dada100 0x00000006cd4ec100 0 1 0 0 1 0 2 27047 256
0x0000723b3dada180 0x00000006cd4ec180 0 1 0 0 1 0 2 27047 264
0x0000723b3dada200 0x00000006cd4ec200 0 0 1 0 1 0 2 27047 256
0x0000723b3dada280 0x00000006cd4ec280 0 0 1 0 1 0 2 27047 264
0x0000723b3dada300 0x00000006cd4ec300 0 1 1 0 1 0 2 27047 256
0x0000723b3dada380 0x00000006cd4ec380 0 1 1 0 1 0 2 27047 264
0x0000723b3dada400 0x00000006cd4ec400 0 0 0 0 1 0 2 27047 272
0x0000723b3dada480 0x00000006cd4ec480 0 0 0 0 1 0 2 27047 280
0x0000723b3dada500 0x00000006cd4ec500 0 1 0 0 1 0 2 27047 272
0x0000723b3dada580 0x00000006cd4ec580 0 1 0 0 1 0 2 27047 280
0x0000723b3dada600 0x00000006cd4ec600 0 0 1 0 1 0 2 27047 272
0x0000723b3dada680 0x00000006cd4ec680 0 0 1 0 1 0 2 27047 280
0x0000723b3dada700 0x00000006cd4ec700 0 1 1 0 1 0 2 27047 272
0x0000723b3dada780 0x00000006cd4ec780 0 1 1 0 1 0 2 27047 280
0x0000723b3dada800 0x00000006cd4ec800 0 0 0 0 1 0 2 27047 288
0x0000723b3dada880 0x00000006cd4ec880 0 0 0 0 1 0 2 27047 296
0x0000723b3dada900 0x00000006cd4ec900 0 1 0 0 1 0 2 27047 288
0x0000723b3dada980 0x00000006cd4ec980 0 1 0 0 1 0 2 27047 296
0x0000723b3dadaa00 0x00000006cd4eca00 0 0 1 0 1 0 2 27047 288
0x0000723b3dadaa80 0x00000006cd4eca80 0 0 1 0 1 0 2 27047 296
0x0000723b3dadab00 0x00000006cd4ecb00 0 1 1 0 1 0 2 27047 288
0x0000723b3dadab80 0x00000006cd4ecb80 0 1 1 0 1 0 2 27047 296
0x0000723b3dadac00 0x00000006cd4ecc00 0 0 0 0 1 0 2 27047 304
0x0000723b3dadac80 0x00000006cd4ecc80 0 0 0 0 1 0 2 27047 312
0x0000723b3dadad00 0x00000006cd4ecd00 0 1 0 0 1 0 2 27047 304
0x0000723b3dadad80 0x00000006cd4ecd80 0 1 0 0 1 0 2 27047 312
0x0000723b3dadae00 0x00000006cd4ece00 0 0 1 0 1 0 2 27047 304
0x0000723b3dadae80 0x00000006cd4ece80 0 0 1 0 1 0 2 27047 312
0x0000723b3dadaf00 0x00000006cd4ecf00 0 1 1 0 1 0 2 27047 304
0x0000723b3dadaf80 0x00000006cd4ecf80 0 1 1 0 1 0 2 27047 312
0x0000723b3dae5000 0x0000000da5492000 0 0 0 0 0 0 2 54436 640
0x0000723b3dae5080 0x0000000da5492080 0 0 0 0 0 0 2 54436 648
0x0000723b3dae5100 0x0000000da5492100 0 1 0 0 0 0 2 54436 640
0x0000723b3dae5180 0x0000000da5492180 0 1 0 0 0 0 2 54436 648
0x0000723b3dae5200 0x0000000da5492200 0 0 1 0 0 0 2 54436 640
0x0000723b3dae5280 0x0000000da5492280 0 0 1 0 0 0 2 54436 648
0x0000723b3dae5300 0x0000000da5492300 0 1 1 0 0 0 2 54436 640
0x0000723b3dae5380 0x0000000da5492380 0 1 1 0 0 0 2 54436 648
0x0000723b3dae5400 0x0000000da5492400 0 0 0 0 0 0 2 54436 656
0x0000723b3dae5480 0x0000000da5492480 0 0 0 0 0 0 2 54436 664
0x0000723b3dae5500 0x0000000da5492500 0 1 0 0 0 0 2 54436 656
0x0000723b3dae5580 0x0000000da5492580 0 1 0 0 0 0 2 54436 664
0x0000723b3dae5600 0x0000000da5492600 0 0 1 0 0 0 2 54436 656
0x0000723b3dae5680 0x0000000da5492680 0 0 1 0 0 0 2 54436 664
0x0000723b3dae5700 0x0000000da5492700 0 1 1 0 0 0 2 54436 656
0x0000723b3dae5780 0x0000000da5492780 0 1 1 0 0 0 2 54436 664
0x0000723b3dae5800 0x0000000da5492800 0 0 0 0 0 0 2 54436 672
0x0000723b3dae5880 0x0000000da5492880 0 0 0 0 0 0 2 54436 680
0x0000723b3dae5900 0x0000000da5492900 0 1 0 0 0 0 2 54436 672
0x0000723b3dae5980 0x0000000da5492980 0 1 0 0 0 0 2 54436 680
0x0000723b3dae5a00 0x0000000da5492a00 0 0 1 0 0 0 2 54436 672
0x0000723b3dae5a80 0x0000000da5492a80 0 0 1 0 0 0 2 54436 680
0x0000723b3dae5b00 0x0000000da5492b00 0 1 1 0 0 0 2 54436 672
0x0000723b3dae5b80 0x0000000da5492b80 0 1 1 0 0 0 2 54436 680
0x0000723b3dae5c00 0x0000000da5492c00 0 0 0 0 0 0 2 54436 688
0x0000723b3dae5c80 0x0000000da5492c80 0 0 0 0 0 0 2 54436 696
0x0000723b3dae5d00 0x0000000da5492d00 0 1 0 0 0 0 2 54436 688
0x0000723b3dae5d80 0x0000000da5492d80 0 1 0 0 0 0 2 54436 696
0x0000723b3dae5e00 0x0000000da5492e00 0 0 1 0 0 0 2 54436 688
0x0000723b3dae5e80 0x0000000da5492e80 0 0 1 0 0 0 2 54436 696
0x0000723b3dae5f00 0x0000000da5492f00 0 1 1 0 0 0 2 54436 688
0x0000723b3dae5f80 0x0000000da5492f80 0 1 1 0 0 0 2 54436 696
0x0000723b3daeb000 0x00000007ecc35000 0 0 0 0 0 0 2 32137 832
0x0000723b3daeb080 0x00000007ecc35080 0 0 0 0 0 0 2 32137 840
0x0000723b3daeb100 0x00000007ecc35100 0 1 0 0 0 0 2 32137 832
0x0000723b3daeb180 0x00000007ecc35180 0 1 0 0 0 0 2 32137 840
0x0000723b3daeb200 0x00000007ecc35200 0 0 1 0 0 0 2 32137 832
0x0000723b3daeb280 0x00000007ecc35280 0 0 1 0 0 0 2 32137 840
0x0000723b3daeb300 0x00000007ecc35300 0 1 1 0 0 0 2 32137 832
0x0000723b3daeb380 0x00000007ecc35380 0 1 1 0 0 0 2 32137 840
0x0000723b3daeb400 0x00000007ecc35400 0 0 0 0 0 0 2 32137 848
0x0000723b3daeb480 0x00000007ecc35480 0 0 0 0 0 0 2 32137 856
0x0000723b3daeb500 0x00000007ecc35500 0 1 0 0 0 0 2 32137 848
0x0000723b3daeb580 0x00000007ecc35580 0 1 0 0 0 0 2 32137 856
0x0000723b3daeb600 0x00000007ecc35600 0 0 1 0 0 0 2 32137 848
0x0000723b3daeb680 0x00000007ecc35680 0 0 1 0 0 0 2 32137 856
0x0000723b3daeb700 0x00000007ecc35700 0 1 1 0 0 0 2 32137 848
0x0000723b3daeb780 0x00000007ecc35780 0 1 1 0 0 0 2 32137 856
0x0000723b3daeb800 0x00000007ecc35800 0 0 0 0 0 0 2 32137 864
0x0000723b3daeb880 0x00000007ecc35880 0 0 0 0 0 0 2 32137 872
0x0000723b3daeb900 0x00000007ecc35900 0 1 0 0 0 0 2 32137 864
0x0000723b3daeb980 0x00000007ecc35980 0 1 0 0 0 0 2 32137 872
0x0000723b3daeba00 0x00000007ecc35a00 0 0 1 0 0 0 2 32137 864
0x0000723b3daeba80 0x00000007ecc35a80 0 0 1 0 0 0 2 32137 872
0x0000723b3daebb00 0x00000007ecc35b00 0 1 1 0 0 0 2 32137 864
0x0000723b3daebb80 0x00000007ecc35b80 0 1 1 0 0 0 2 32137 872
0x0000723b3daebc00 0x00000007ecc35c00 0 0 0 0 0 0 2 32137 880
0x0000723b3daebc80 0x00000007ecc35c80 0 0 0 0 0 0 2 32137 888
0x0000723b3daebd00 0x00000007ecc35d00 0 1 0 0 0 0 2 32137 880
0x0000723b3daebd80 0x00000007ecc35d80 0 1 0 0 0 0 2 32137 888
0x0000723b3daebe00 0x00000007ecc35e00 0 0 1 0 0 0 2 32137 880
0x0000723b3daebe80 0x00000007ecc35e80 0 0 1 0 0 0 2 32137 888
0x0000723b3daebf00 0x00000007ecc35f00 0 1 1 0 0 0 2 32137 880
0x0000723b3daebf80 0x00000007ecc35f80 0 1 1 0 0 0 2 32137 888
0x0000723b3daed000 0x000000054a44d000 0 0 0 0 1 0 2 18770 320
0x0000723b3daed080 0x000000054a44d080 0 0 0 0 1 0 2 18770 328
0x0000723b3daed100 0x000000054a44d100 0 1 0 0 1 0 2 18770 320
0x0000723b3daed180 0x000000054a44d180 0 1 0 0 1 0 2 18770 328
0x0000723b3daed200 0x000000054a44d200 0 0 1 0 1 0 2 18770 320
0x0000723b3daed280 0x000000054a44d280 0 0 1 0 1 0 2 18770 328
0x0000723b3daed300 0x000000054a44d300 0 1 1 0 1 0 2 18770 320
0x0000723b3daed380 0x000000054a44d380 0 1 1 0 1 0 2 18770 328
0x0000723b3daed400 0x000000054a44d400 0 0 0 0 1 0 2 18770 336
0x0000723b3daed480 0x000000054a44d480 0 0 0 0 1 0 2 18770 344
0x0000723b3daed500 0x000000054a44d500 0 1 0 0 1 0 2 18770 336
0x0000723b3daed580 0x000000054a44d580 0 1 0 0 1 0 2 18770 344
0x0000723b3daed600 0x000000054a44d600 0 0 1 0 1 0 2 18770 336
0x0000723b3daed680 0x000000054a44d680 0 0 1 0 1 0 2 18770 344
0x0000723b3daed700 0x000000054a44d700 0 1 1 0 1 0 2 18770 336
0x0000723b3daed780 0x000000054a44d780 0 1 1 0 1 0 2 18770 344
0x0000723b3daed800 0x000000054a44d800 0 0 0 0 1 0 2 18770 352
0x0000723b3daed880 0x000000054a44d880 0 0 0 0 1 0 2 18770 360
0x0000723b3daed900 0x000000054a44d900 0 1 0 0 1 0 2 18770 352
0x0000723b3daed980 0x000000054a44d980 0 1 0 0 1 0 2 18770 360
0x0000723b3daeda00 0x000000054a44da00 0 0 1 0 1 0 2 18770 352
0x0000723b3daeda80 0x000000054a44da80 0 0 1 0 1 0 2 18770 360
0x0000723b3daedb00 0x000000054a44db00 0 1 1 0 1 0 2 18770 352
0x0000723b3daedb80 0x000000054a44db80 0 1 1 0 1 0 2 18770 360
0x0000723b3daedc00 0x000000054a44dc00 0 0 0 0 1 0 2 18770 368
0x0000723b3daedc80 0x000000054a44dc80 0 0 0 0 1 0 2 18770 376
0x0000723b3daedd00 0x000000054a44dd00 0 1 0 0 1 0 2 18770 368
0x0000723b3daedd80 0x000000054a44dd80 0 1 0 0 1 0 2 18770 376
0x0000723b3daede00 0x000000054a44de00 0 0 1 0 1 0 2 18770 368
0x0000723b3daede80 0x000000054a44de80 0 0 1 0 1 0 2 18770 376
0x0000723b3daedf00 0x000000054a44df00 0 1 1 0 1 0 2 18770 368
0x0000723b3daedf80 0x000000054a44df80 0 1 1 0 1 0 2 18770 376
0x0000723b3daee000 0x0000000d764ff000 0 0 0 0 1 0 2 52951 960
0x0000723b3daee080 0x0000000d764ff080 0 0 0 0 1 0 2 52951 968
0x0000723b3daee100 0x0000000d764ff100 0 1 0 0 1 0 2 52951 960
0x0000723b3daee180 0x0000000d764ff180 0 1 0 0 1 0 2 52951 968
0x0000723b3daee200 0x0000000d764ff200 0 0 1 0 1 0 2 52951 960
0x0000723b3daee280 0x0000000d764ff280 0 0 1 0 1 0 2 52951 968
0x0000723b3daee300 0x0000000d764ff300 0 1 1 0 1 0 2 52951 960
0x0000723b3daee380 0x0000000d764ff380 0 1 1 0 1 0 2 52951 968
0x0000723b3daee400 0x0000000d764ff400 0 0 0 0 1 0 2 52951 976
0x0000723b3daee480 0x0000000d764ff480 0 0 0 0 1 0 2 52951 984
0x0000723b3daee500 0x0000000d764ff500 0 1 0 0 1 0 2 52951 976
0x0000723b3daee580 0x0000000d764ff580 0 1 0 0 1 0 2 52951 984
0x0000723b3daee600 0x0000000d764ff600 0 0 1 0 1 0 2 52951 976
0x0000723b3daee680 0x0000000d764ff680 0 0 1 0 1 0 2 52951 984
0x0000723b3daee700 0x0000000d764ff700 0 1 1 0 1 0 2 52951 976
0x0000723b3daee780 0x0000000d764ff780 0 1 1 0 1 0 2 52951 984
0x0000723b3daee800 0x0000000d764ff800 0 0 0 0 1 0 2 52951 992
0x0000723b3daee880 0x0000000d764ff880 0 0 0 0 1 0 2 52951 1000
0x0000723b3daee900 0x0000000d764ff900 0 1 0 0 1 0 2 52951 992
0x0000723b3daee980 0x0000000d764ff980 0 1 0 0 1 0 2 52951 1000
0x0000723b3daeea00 0x0000000d764ffa00 0 0 1 0 1 0 2 52951 992
0x0000723b3daeea80 0x0000000d764ffa80 0 0 1 0 1 0 2 52951 1000
0x0000723b3daeeb00 0x0000000d764ffb00 0 1 1 0 1 0 2 52951 992
0x0000723b3daeeb80 0x0000000d764ffb80 0 1 1 0 1 0 2 52951 1000
0x0000723b3daeec00 0x0000000d764ffc00 0 0 0 0 1 0 2 52951 1008
0x0000723b3daeec80 0x0000000d764ffc80 0 0 0 0 1 0 2 52951 1016
0x0000723b3daeed00 0x0000000d764ffd00 0 1 0 0 1 0 2 52951 1008
0x0000723b3daeed80 0x0000000d764ffd80 0 1 0 0 1 0 2 52951 1016
0x0000723b3daeee00 0x0000000d764ffe00 0 0 1 0 1 0 2 52951 1008
0x0000723b3daeee80 0x0000000d764ffe80 0 0 1 0 1 0 2 52951 1016
0x0000723b3daeef00 0x0000000d764fff00 0 1 1 0 1 0 2 52951 1008
0x0000723b3daeef80 0x0000000d764fff80 0 1 1 0 1 0 2 52951 1016
0x0000723b3daf0000 0x00000005fec8c000 0 0 0 0 1 0 2 24524 256
0x0000723b3daf0080 0x00000005fec8c080 0 0 0 0 1 0 2 24524 264
0x0000723b3daf0100 0x00000005fec8c100 0 1 0 0 1 0 2 24524 256
0x0000723b3daf0180 0x00000005fec8c180 0 1 0 0 1 0 2 24524 264
0x0000723b3daf0200 0x00000005fec8c200 0 0 1 0 1 0 2 24524 256
0x0000723b3daf0280 0x00000005fec8c280 0 0 1 0 1 0 2 24524 264
0x0000723b3daf0300 0x00000005fec8c300 0 1 1 0 1 0 2 24524 256
0x0000723b3daf0380 0x00000005fec8c380 0 1 1 0 1 0 2 24524 264
0x0000723b3daf0400 0x00000005fec8c400 0 0 0 0 1 0 2 24524 272
0x0000723b3daf0480 0x00000005fec8c480 0 0 0 0 1 0 2 24524 280
0x0000723b3daf0500 0x00000005fec8c500 0 1 0 0 1 0 2 24524 272
0x0000723b3daf0580 0x00000005fec8c580 0 1 0 0 1 0 2 24524 280
0x0000723b3daf0600 0x00000005fec8c600 0 0 1 0 1 0 2 24524 272
0x0000723b3daf0680 0x00000005fec8c680 0 0 1 0 1 0 2 24524 280
0x0000723b3daf0700 0x00000005fec8c700 0 1 1 0 1 0 2 24524 272
0x0000723b3daf0780 0x00000005fec8c780 0 1 1 0 1 0 2 24524 280
0x0000723b3daf0800 0x00000005fec8c800 0 0 0 0 1 0 2 24524 288
0x0000723b3daf0880 0x00000005fec8c880 0 0 0 0 1 0 2 24524 296
0x0000723b3daf0900 0x00000005fec8c900 0 1 0 0 1 0 2 24524 288
0x0000723b3daf0980 0x00000005fec8c980 0 1 0 0 1 0 2 24524 296
0x0000723b3daf0a00 0x00000005fec8ca00 0 0 1 0 1 0 2 24524 288
0x0000723b3daf0a80 0x00000005fec8ca80 0 0 1 0 1 0 2 24524 296
0x0000723b3daf0b00 0x00000005fec8cb00 0 1 1 0 1 0 2 24524 288
0x0000723b3daf0b80 0x00000005fec8cb80 0 1 1 0 1 0 2 24524 296
0x0000723b3daf0c00 0x00000005fec8cc00 0 0 0 0 1 0 2 24524 304
0x0000723b3daf0c80 0x00000005fec8cc80 0 0 0 0 1 0 2 24524 312
0x0000723b3daf0d00 0x00000005fec8cd00 0 1 0 0 1 0 2 24524 304
0x0000723b3daf0d80 0x00000005fec8cd80 0 1 0 0 1 0 2 24524 312
0x0000723b3daf0e00 0x00000005fec8ce00 0 0 1 0 1 0 2 24524 304
0x0000723b3daf0e80 0x00000005fec8ce80 0 0 1 0 1 0 2 24524 312
0x0000723b3daf0f00 0x00000005fec8cf00 0 1 1 0 1 0 2 24524 304
0x0000723b3daf0f80 0x00000005fec8cf80 0 1 1 0 1 0 2 24524 312
0x0000723b3daff000 0x00000002244cb000 0 0 0 0 1 0 2 5270 192
0x0000723b3daff080 0x00000002244cb080 0 0 0 0 1 0 2 5270 200
0x0000723b3daff100 0x00000002244cb100 0 1 0 0 1 0 2 5270 192
0x0000723b3daff180 0x00000002244cb180 0 1 0 0 1 0 2 5270 200
0x0000723b3daff200 0x00000002244cb200 0 0 1 0 1 0 2 5270 192
0x0000723b3daff280 0x00000002244cb280 0 0 1 0 1 0 2 5270 200
0x0000723b3daff300 0x00000002244cb300 0 1 1 0 1 0 2 5270 192
0x0000723b3daff380 0x00000002244cb380 0 1 1 0 1 0 2 5270 200
0x0000723b3daff400 0x00000002244cb400 0 0 0 0 1 0 2 5270 208
0x0000723b3daff480 0x00000002244cb480 0 0 0 0 1 0 2 5270 216
0x0000723b3daff500 0x00000002244cb500 0 1 0 0 1 0 2 5270 208
0x0000723b3daff580 0x00000002244cb580 0 1 0 0 1 0 2 5270 216
0x0000723b3daff600 0x00000002244cb600 0 0 1 0 1 0 2 5270 208
0x0000723b3daff680 0x00000002244cb680 0 0 1 0 1 0 2 5270 216
0x0000723b3daff700 0x00000002244cb700 0 1 1 0 1 0 2 5270 208
0x0000723b3daff780 0x00000002244cb780 0 1 1 0 1 0 2 5270 216
0x0000723b3daff800 0x00000002244cb800 0 0 0 0 1 0 2 5270 224
0x0000723b3daff880 0x00000002244cb880 0 0 0 0 1 0 2 5270 232
0x0000723b3daff900 0x00000002244cb900 0 1 0 0 1 0 2 5270 224
0x0000723b3daff980 0x00000002244cb980 0 1 0 0 1 0 2 5270 232
0x0000723b3daffa00 0x00000002244cba00 0 0 1 0 1 0 2 5270 224
0x0000723b3daffa80 0x00000002244cba80 0 0 1 0 1 0 2 5270 232
0x0000723b3daffb00 0x00000002244cbb00 0 1 1 0 1 0 2 5270 224
0x0000723b3daffb80 0x00000002244cbb80 0 1 1 0 1 0 2 5270 232
0x0000723b3daffc00 0x00000002244cbc00 0 0 0 0 1 0 2 5270 240
0x0000723b3daffc80 0x00000002244cbc80 0 0 0 0 1 0 2 5270 248
0x0000723b3daffd00 0x00000002244cbd00 0 1 0 0 1 0 2 5270 240
0x0000723b3daffd80 0x00000002244cbd80 0 1 0 0 1 0 2 5270 248
0x0000723b3daffe00 0x00000002244cbe00 0 0 1 0 1 0 2 5270 240
0x0000723b3daffe80 0x00000002244cbe80 0 0 1 0 1 0 2 5270 248
0x0000723b3dafff00 0x00000002244cbf00 0 1 1 0 1 0 2 5270 240
0x0000723b3dafff80 0x00000002244cbf80 0 1 1 0 1 0 2 5270 248
0x0000723b3db00000 0x00000005e4ca1000 0 0 0 0 0 0 2 23693 64
0x0000723b3db00080 0x00000005e4ca1080 0 0 0 0 0 0 2 23693 72
0x0000723b3db00100 0x00000005e4ca1100 0 1 0 0 0 0 2 23693 64
0x0000723b3db00180 0x00000005e4ca1180 0 1 0 0 0 0 2 23693 72
0x0000723b3db00200 0x00000005e4ca1200 0 0 1 0 0 0 2 23693 64
0x0000723b3db00280 0x00000005e4ca1280 0 0 1 0 0 0 2 23693 72
0x0000723b3db00300 0x00000005e4ca1300 0 1 1 0 0 0 2 23693 64
0x0000723b3db00380 0x00000005e4ca1380 0 1 1 0 0 0 2 23693 72
0x0000723b3db00400 0x00000005e4ca1400 0 0 0 0 0 0 2 23693 80
0x0000723b3db00480 0x00000005e4ca1480 0 0 0 0 0 0 2 23693 88
0x0000723b3db00500 0x00000005e4ca1500 0 1 0 0 0 0 2 23693 80
0x0000723b3db00580 0x00000005e4ca1580 0 1 0 0 0 0 2 23693 88
0x0000723b3db00600 0x00000005e4ca1600 0 0 1 0 0 0 2 23693 80
0x0000723b3db00680 0x00000005e4ca1680 0 0 1 0 0 0 2 23693 88
0x0000723b3db00700 0x00000005e4ca1700 0 1 1 0 0 0 2 23693 80
0x0000723b3db00780 0x00000005e4ca1780 0 1 1 0 0 0 2 23693 88
0x0000723b3db00800 0x00000005e4ca1800 0 0 0 0 0 0 2 23693 96
0x0000723b3db00880 0x00000005e4ca1880 0 0 0 0 0 0 2 23693 104
0x0000723b3db00900 0x00000005e4ca1900 0 1 0 0 0 0 2 23693 96
0x0000723b3db00980 0x00000005e4ca1980 0 1 0 0 0 0 2 23693 104
0x0000723b3db00a00 0x00000005e4ca1a00 0 0 1 0 0 0 2 23693 96
0x0000723b3db00a80 0x00000005e4ca1a80 0 0 1 0 0 0 2 23693 104
0x0000723b3db00b00 0x00000005e4ca1b00 0 1 1 0 0 0 2 23693 96
0x0000723b3db00b80 0x00000005e4ca1b80 0 1 1 0 0 0 2 23693 104
0x0000723b3db00c00 0x00000005e4ca1c00 0 0 0 0 0 0 2 23693 112
0x0000723b3db00c80 0x00000005e4ca1c80 0 0 0 0 0 0 2 23693 120
0x0000723b3db00d00 0x00000005e4ca1d00 0 1 0 0 0 0 2 23693 112
0x0000723b3db00d80 0x00000005e4ca1d80 0 1 0 0 0 0 2 23693 120
0x0000723b3db00e00 0x00000005e4ca1e00 0 0 1 0 0 0 2 23693 112
0x0000723b3db00e80 0x00000005e4ca1e80 0 0 1 0 0 0 2 23693 120
0x0000723b3db00f00 0x00000005e4ca1f00 0 1 1 0 0 0 2 23693 112
0x0000723b3db00f80 0x00000005e4ca1f80 0 1 1 0 0 0 2 23693 120
0x0000723b3db02000 0x0000000bd147a000 0 0 0 0 1 0 2 47651 640
0x0000723b3db02080 0x0000000bd147a080 0 0 0 0 1 0 2 47651 648
0x0000723b3db02100 0x0000000bd147a100 0 1 0 0 1 0 2 47651 640
0x0000723b3db02180 0x0000000bd147a180 0 1 0 0 1 0 2 47651 648
0x0000723b3db02200 0x0000000bd147a200 0 0 1 0 1 0 2 47651 640
0x0000723b3db02280 0x0000000bd147a280 0 0 1 0 1 0 2 47651 648
0x0000723b3db02300 0x0000000bd147a300 0 1 1 0 1 0 2 47651 640
0x0000723b3db02380 0x0000000bd147a380 0 1 1 0 1 0 2 47651 648
0x0000723b3db02400 0x0000000bd147a400 0 0 0 0 1 0 2 47651 656
0x0000723b3db02480 0x0000000bd147a480 0 0 0 0 1 0 2 47651 664
0x0000723b3db02500 0x0000000bd147a500 0 1 0 0 1 0 2 47651 656
0x0000723b3db02580 0x0000000bd147a580 0 1 0 0 1 0 2 47651 664
0x0000723b3db02600 0x0000000bd147a600 0 0 1 0 1 0 2 47651 656
0x0000723b3db02680 0x0000000bd147a680 0 0 1 0 1 0 2 47651 664
0x0000723b3db02700 0x0000000bd147a700 0 1 1 0 1 0 2 47651 656
0x0000723b3db02780 0x0000000bd147a780 0 1 1 0 1 0 2 47651 664
0x0000723b3db02800 0x0000000bd147a800 0 0 0 0 1 0 2 47651 672
0x0000723b3db02880 0x0000000bd147a880 0 0 0 0 1 0 2 47651 680
0x0000723b3db02900 0x0000000bd147a900 0 1 0 0 1 0 2 47651 672
0x0000723b3db02980 0x0000000bd147a980 0 1 0 0 1 0 2 47651 680
0x0000723b3db02a00 0x0000000bd147aa00 0 0 1 0 1 0 2 47651 672
0x0000723b3db02a80 0x0000000bd147aa80 0 0 1 0 1 0 2 47651 680
0x0000723b3db02b00 0x0000000bd147ab00 0 1 1 0 1 0 2 47651 672
0x0000723b3db02b80 0x0000000bd147ab80 0 1 1 0 1 0 2 47651 680
0x0000723b3db02c00 0x0000000bd147ac00 0 0 0 0 1 0 2 47651 688
0x0000723b3db02c80 0x0000000bd147ac80 0 0 0 0 1 0 2 47651 696
0x0000723b3db02d00 0x0000000bd147ad00 0 1 0 0 1 0 2 47651 688
0x0000723b3db02d80 0x0000000bd147ad80 0 1 0 0 1 0 2 47651 696
0x0000723b3db02e00 0x0000000bd147ae00 0 0 1 0 1 0 2 47651 688
0x0000723b3db02e80 0x0000000bd147ae80 0 0 1 0 1 0 2 47651 696
0x0000723b3db02f00 0x0000000bd147af00 0 1 1 0 1 0 2 47651 688
0x0000723b3db02f80 0x0000000bd147af80 0 1 1 0 1 0 2 47651 696
0x0000723b3db08000 0x0000000cbf440000 0 0 0 0 0 0 2 51170 0
0x0000723b3db08080 0x0000000cbf440080 0 0 0 0 0 0 2 51170 8
0x0000723b3db08100 0x0000000cbf440100 0 1 0 0 0 0 2 51170 0
0x0000723b3db08180 0x0000000cbf440180 0 1 0 0 0 0 2 51170 8
0x0000723b3db08200 0x0000000cbf440200 0 0 1 0 0 0 2 51170 0
0x0000723b3db08280 0x0000000cbf440280 0 0 1 0 0 0 2 51170 8
0x0000723b3db08300 0x0000000cbf440300 0 1 1 0 0 0 2 51170 0
0x0000723b3db08380 0x0000000cbf440380 0 1 1 0 0 0 2 51170 8
0x0000723b3db08400 0x0000000cbf440400 0 0 0 0 0 0 2 51170 16
0x0000723b3db08480 0x0000000cbf440480 0 0 0 0 0 0 2 51170 24
0x0000723b3db08500 0x0000000cbf440500 0 1 0 0 0 0 2 51170 16
0x0000723b3db08580 0x0000000cbf440580 0 1 0 0 0 0 2 51170 24
0x0000723b3db08600 0x0000000cbf440600 0 0 1 0 0 0 2 51170 16
0x0000723b3db08680 0x0000000cbf440680 0 0 1 0 0 0 2 51170 24
0x0000723b3db08700 0x0000000cbf440700 0 1 1 0 0 0 2 51170 16
0x0000723b3db08780 0x0000000cbf440780 0 1 1 0 0 0 2 51170 24
0x0000723b3db08800 0x0000000cbf440800 0 0 0 0 0 0 2 51170 32
0x0000723b3db08880 0x0000000cbf440880 0 0 0 0 0 0 2 51170 40
0x0000723b3db08900 0x0000000cbf440900 0 1 0 0 0 0 2 51170 32
0x0000723b3db08980 0x0000000cbf440980 0 1 0 0 0 0 2 51170 40
0x0000723b3db08a00 0x0000000cbf440a00 0 0 1 0 0 0 2 51170 32
0x0000723b3db08a80 0x0000000cbf440a80 0 0 1 0 0 0 2 51170 40
0x0000723b3db08b00 0x0000000cbf440b00 0 1 1 0 0 0 2 51170 32
0x0000723b3db08b80 0x0000000cbf440b80 0 1 1 0 0 0 2 51170 40
0x0000723b3db08c00 0x0000000cbf440c00 0 0 0 0 0 0 2 51170 48
0x0000723b3db08c80 0x0000000cbf440c80 0 0 0 0 0 0 2 51170 56
0x0000723b3db08d00 0x0000000cbf440d00 0 1 0 0 0 0 2 51170 48
0x0000723b3db08d80 0x0000000cbf440d80 0 1 0 0 0 0 2 51170 56
0x0000723b3db08e00 0x0000000cbf440e00 0 0 1 0 0 0 2 51170 48
0x0000723b3db08e80 0x0000000cbf440e80 0 0 1 0 0 0 2 51170 56
0x0000723b3db08f00 0x0000000cbf440f00 0 1 1 0 0 0 2 51170 48
0x0000723b3db08f80 0x0000000cbf440f80 0 1 1 0 0 0 2 51170 56
0x0000723b3db0a000 0x0000000213c40000 0 0 0 0 0 0 2 4730 0
0x0000723b3db0a080 0x0000000213c40080 0 0 0 0 0 0 2 4730 8
0x0000723b3db0a100 0x0000000213c40100 0 1 0 0 0 0 2 4730 0
0x0000723b3db0a180 0x0000000213c40180 0 1 0 0 0 0 2 4730 8
0x0000723b3db0a200 0x0000000213c40200 0 0 1 0 0 0 2 4730 0
0x0000723b3db0a280 0x0000000213c40280 0 0 1 0 0 0 2 4730 8
0x0000723b3db0a300 0x0000000213c40300 0 1 1 0 0 0 2 4730 0
0x0000723b3db0a380 0x0000000213c40380 0 1 1 0 0 0 2 4730 8
0x0000723b3db0a400 0x0000000213c40400 0 0 0 0 0 0 2 4730 16
0x0000723b3db0a480 0x0000000213c40480 0 0 0 0 0 0 2 4730 24
0x0000723b3db0a500 0x0000000213c40500 0 1 0 0 0 0 2 4730 16
0x0000723b3db0a580 0x0000000213c40580 0 1 0 0 0 0 2 4730 24
0x0000723b3db0a600 0x0000000213c40600 0 0 1 0 0 0 2 4730 16
0x0000723b3db0a680 0x0000000213c40680 0 0 1 0 0 0 2 4730 24
0x0000723b3db0a700 0x0000000213c40700 0 1 1 0 0 0 2 4730 16
0x0000723b3db0a780 0x0000000213c40780 0 1 1 0 0 0 2 4730 24
0x0000723b3db0a800 0x0000000213c40800 0 0 0 0 0 0 2 4730 32
0x0000723b3db0a880 0x0000000213c40880 0 0 0 0 0 0 2 4730 40
0x0000723b3db0a900 0x0000000213c40900 0 1 0 0 0 0 2 4730 32
0x0000723b3db0a980 0x0000000213c40980 0 1 0 0 0 0 2 4730 40
0x0000723b3db0aa00 0x0000000213c40a00 0 0 1 0 0 0 2 4730 32
0x0000723b3db0aa80 0x0000000213c40a80 0 0 1 0 0 0 2 4730 40
0x0000723b3db0ab00 0x0000000213c40b00 0 1 1 0 0 0 2 4730 32
0x0000723b3db0ab80 0x0000000213c40b80 0 1 1 0 0 0 2 4730 40
0x0000723b3db0ac00 0x0000000213c40c00 0 0 0 0 0 0 2 4730 48
0x0000723b3db0ac80 0x0000000213c40c80 0 0 0 0 0 0 2 4730 56
0x0000723b3db0ad00 0x0000000213c40d00 0 1 0 0 0 0 2 4730 48
0x0000723b3db0ad80 0x0000000213c40d80 0 1 0 0 0 0 2 4730 56
0x0000723b3db0ae00 0x0000000213c40e00 0 0 1 0 0 0 2 4730 48
0x0000723b3db0ae80 0x0000000213c40e80 0 0 1 0 0 0 2 4730 56
0x0000723b3db0af00 0x0000000213c40f00 0 1 1 0 0 0 2 4730 48
0x0000723b3db0af80 0x0000000213c40f80 0 1 1 0 0 0 2 4730 56
