# bank_id=10 (bg=2 ba=2) n=2784
# Columns: VA PA s imc ch dimm rank bg ba row col
0x0000723b3d81a000 0x000000034755f000 0 0 0 0 1 2 2 10482 960
0x0000723b3d81a080 0x000000034755f080 0 0 0 0 1 2 2 10482 968
0x0000723b3d81a100 0x000000034755f100 0 1 0 0 1 2 2 10482 960
0x0000723b3d81a180 0x000000034755f180 0 1 0 0 1 2 2 10482 968
0x0000723b3d81a200 0x000000034755f200 0 0 1 0 1 2 2 10482 960
0x0000723b3d81a280 0x000000034755f280 0 0 1 0 1 2 2 10482 968
0x0000723b3d81a300 0x000000034755f300 0 1 1 0 1 2 2 10482 960
0x0000723b3d81a380 0x000000034755f380 0 1 1 0 1 2 2 10482 968
0x0000723b3d81a400 0x000000034755f400 0 0 0 0 1 2 2 10482 976
0x0000723b3d81a480 0x000000034755f480 0 0 0 0 1 2 2 10482 984
0x0000723b3d81a500 0x000000034755f500 0 1 0 0 1 2 2 10482 976
0x0000723b3d81a580 0x000000034755f580 0 1 0 0 1 2 2 10482 984
0x0000723b3d81a600 0x000000034755f600 0 0 1 0 1 2 2 10482 976
0x0000723b3d81a680 0x000000034755f680 0 0 1 0 1 2 2 10482 984
0x0000723b3d81a700 0x000000034755f700 0 1 1 0 1 2 2 10482 976
0x0000723b3d81a780 0x000000034755f780 0 1 1 0 1 2 2 10482 984
0x0000723b3d81a800 0x000000034755f800 0 0 0 0 1 2 2 10482 992
0x0000723b3d81a880 0x000000034755f880 0 0 0 0 1 2 2 10482 1000
0x0000723b3d81a900 0x000000034755f900 0 1 0 0 1 2 2 10482 992
0x0000723b3d81a980 0x000000034755f980 0 1 0 0 1 2 2 10482 1000
0x0000723b3d81aa00 0x000000034755fa00 0 0 1 0 1 2 2 10482 992
0x0000723b3d81aa80 0x000000034755fa80 0 0 1 0 1 2 2 10482 1000
0x0000723b3d81ab00 0x000000034755fb00 0 1 1 0 1 2 2 10482 992
0x0000723b3d81ab80 0x000000034755fb80 0 1 1 0 1 2 2 10482 1000
0x0000723b3d81ac00 0x000000034755fc00 0 0 0 0 1 2 2 10482 1008
0x0000723b3d81ac80 0x000000034755fc80 0 0 0 0 1 2 2 10482 1016
0x0000723b3d81ad00 0x000000034755fd00 0 1 0 0 1 2 2 10482 1008
0x0000723b3d81ad80 0x000000034755fd80 0 1 0 0 1 2 2 10482 1016
0x0000723b3d81ae00 0x000000034755fe00 0 0 1 0 1 2 2 10482 1008
0x0000723b3d81ae80 0x000000034755fe80 0 0 1 0 1 2 2 10482 1016
0x0000723b3d81af00 0x000000034755ff00 0 1 1 0 1 2 2 10482 1008
0x0000723b3d81af80 0x000000034755ff80 0 1 1 0 1 2 2 10482 1016
0x0000723b3d823000 0x0000000a0dd16000 0 0 0 0 0 2 2 37304 896
0x0000723b3d823080 0x0000000a0dd16080 0 0 0 0 0 2 2 37304 904
0x0000723b3d823100 0x0000000a0dd16100 0 1 0 0 0 2 2 37304 896
0x0000723b3d823180 0x0000000a0dd16180 0 1 0 0 0 2 2 37304 904
0x0000723b3d823200 0x0000000a0dd16200 0 0 1 0 0 2 2 37304 896
0x0000723b3d823280 0x0000000a0dd16280 0 0 1 0 0 2 2 37304 904
0x0000723b3d823300 0x0000000a0dd16300 0 1 1 0 0 2 2 37304 896
0x0000723b3d823380 0x0000000a0dd16380 0 1 1 0 0 2 2 37304 904
0x0000723b3d823400 0x0000000a0dd16400 0 0 0 0 0 2 2 37304 912
0x0000723b3d823480 0x0000000a0dd16480 0 0 0 0 0 2 2 37304 920
0x0000723b3d823500 0x0000000a0dd16500 0 1 0 0 0 2 2 37304 912
0x0000723b3d823580 0x0000000a0dd16580 0 1 0 0 0 2 2 37304 920
0x0000723b3d823600 0x0000000a0dd16600 0 0 1 0 0 2 2 37304 912
0x0000723b3d823680 0x0000000a0dd16680 0 0 1 0 0 2 2 37304 920
0x0000723b3d823700 0x0000000a0dd16700 0 1 1 0 0 2 2 37304 912
0x0000723b3d823780 0x0000000a0dd16780 0 1 1 0 0 2 2 37304 920
0x0000723b3d823800 0x0000000a0dd16800 0 0 0 0 0 2 2 37304 928
0x0000723b3d823880 0x0000000a0dd16880 0 0 0 0 0 2 2 37304 936
0x0000723b3d823900 0x0000000a0dd16900 0 1 0 0 0 2 2 37304 928
0x0000723b3d823980 0x0000000a0dd16980 0 1 0 0 0 2 2 37304 936
0x0000723b3d823a00 0x0000000a0dd16a00 0 0 1 0 0 2 2 37304 928
0x0000723b3d823a80 0x0000000a0dd16a80 0 0 1 0 0 2 2 37304 936
0x0000723b3d823b00 0x0000000a0dd16b00 0 1 1 0 0 2 2 37304 928
0x0000723b3d823b80 0x0000000a0dd16b80 0 1 1 0 0 2 2 37304 936
0x0000723b3d823c00 0x0000000a0dd16c00 0 0 0 0 0 2 2 37304 944
0x0000723b3d823c80 0x0000000a0dd16c80 0 0 0 0 0 2 2 37304 952
0x0000723b3d823d00 0x0000000a0dd16d00 0 1 0 0 0 2 2 37304 944
0x0000723b3d823d80 0x0000000a0dd16d80 0 1 0 0 0 2 2 37304 952
0x0000723b3d823e00 0x0000000a0dd16e00 0 0 1 0 0 2 2 37304 944
0x0000723b3d823e80 0x0000000a0dd16e80 0 0 1 0 0 2 2 37304 952
0x0000723b3d823f00 0x0000000a0dd16f00 0 1 1 0 0 2 2 37304 944
0x0000723b3d823f80 0x0000000a0dd16f80 0 1 1 0 0 2 2 37304 952
0x0000723b3d824000 0x000000037fd2b000 0 0 0 0 1 2 2 12281 192
0x0000723b3d824080 0x000000037fd2b080 0 0 0 0 1 2 2 12281 200
0x0000723b3d824100 0x000000037fd2b100 0 1 0 0 1 2 2 12281 192
0x0000723b3d824180 0x000000037fd2b180 0 1 0 0 1 2 2 12281 200
0x0000723b3d824200 0x000000037fd2b200 0 0 1 0 1 2 2 12281 192
0x0000723b3d824280 0x000000037fd2b280 0 0 1 0 1 2 2 12281 200
0x0000723b3d824300 0x000000037fd2b300 0 1 1 0 1 2 2 12281 192
0x0000723b3d824380 0x000000037fd2b380 0 1 1 0 1 2 2 12281 200
0x0000723b3d824400 0x000000037fd2b400 0 0 0 0 1 2 2 12281 208
0x0000723b3d824480 0x000000037fd2b480 0 0 0 0 1 2 2 12281 216
0x0000723b3d824500 0x000000037fd2b500 0 1 0 0 1 2 2 12281 208
0x0000723b3d824580 0x000000037fd2b580 0 1 0 0 1 2 2 12281 216
0x0000723b3d824600 0x000000037fd2b600 0 0 1 0 1 2 2 12281 208
0x0000723b3d824680 0x000000037fd2b680 0 0 1 0 1 2 2 12281 216
0x0000723b3d824700 0x000000037fd2b700 0 1 1 0 1 2 2 12281 208
0x0000723b3d824780 0x000000037fd2b780 0 1 1 0 1 2 2 12281 216
0x0000723b3d824800 0x000000037fd2b800 0 0 0 0 1 2 2 12281 224
0x0000723b3d824880 0x000000037fd2b880 0 0 0 0 1 2 2 12281 232
0x0000723b3d824900 0x000000037fd2b900 0 1 0 0 1 2 2 12281 224
0x0000723b3d824980 0x000000037fd2b980 0 1 0 0 1 2 2 12281 232
0x0000723b3d824a00 0x000000037fd2ba00 0 0 1 0 1 2 2 12281 224
0x0000723b3d824a80 0x000000037fd2ba80 0 0 1 0 1 2 2 12281 232
0x0000723b3d824b00 0x000000037fd2bb00 0 1 1 0 1 2 2 12281 224
0x0000723b3d824b80 0x000000037fd2bb80 0 1 1 0 1 2 2 12281 232
0x0000723b3d824c00 0x000000037fd2bc00 0 0 0 0 1 2 2 12281 240
0x0000723b3d824c80 0x000000037fd2bc80 0 0 0 0 1 2 2 12281 248
0x0000723b3d824d00 0x000000037fd2bd00 0 1 0 0 1 2 2 12281 240
0x0000723b3d824d80 0x000000037fd2bd80 0 1 0 0 1 2 2 12281 248
0x0000723b3d824e00 0x000000037fd2be00 0 0 1 0 1 2 2 12281 240
0x0000723b3d824e80 0x000000037fd2be80 0 0 1 0 1 2 2 12281 248
0x0000723b3d824f00 0x000000037fd2bf00 0 1 1 0 1 2 2 12281 240
0x0000723b3d824f80 0x000000037fd2bf80 0 1 1 0 1 2 2 12281 248
0x0000723b3d825000 0x00000008b1def000 0 0 0 0 1 2 2 34351 448
0x0000723b3d825080 0x00000008b1def080 0 0 0 0 1 2 2 34351 456
0x0000723b3d825100 0x00000008b1def100 0 1 0 0 1 2 2 34351 448
0x0000723b3d825180 0x00000008b1def180 0 1 0 0 1 2 2 34351 456
0x0000723b3d825200 0x00000008b1def200 0 0 1 0 1 2 2 34351 448
0x0000723b3d825280 0x00000008b1def280 0 0 1 0 1 2 2 34351 456
0x0000723b3d825300 0x00000008b1def300 0 1 1 0 1 2 2 34351 448
0x0000723b3d825380 0x00000008b1def380 0 1 1 0 1 2 2 34351 456
0x0000723b3d825400 0x00000008b1def400 0 0 0 0 1 2 2 34351 464
0x0000723b3d825480 0x00000008b1def480 0 0 0 0 1 2 2 34351 472
0x0000723b3d825500 0x00000008b1def500 0 1 0 0 1 2 2 34351 464
0x0000723b3d825580 0x00000008b1def580 0 1 0 0 1 2 2 34351 472
0x0000723b3d825600 0x00000008b1def600 0 0 1 0 1 2 2 34351 464
0x0000723b3d825680 0x00000008b1def680 0 0 1 0 1 2 2 34351 472
0x0000723b3d825700 0x00000008b1def700 0 1 1 0 1 2 2 34351 464
0x0000723b3d825780 0x00000008b1def780 0 1 1 0 1 2 2 34351 472
0x0000723b3d825800 0x00000008b1def800 0 0 0 0 1 2 2 34351 480
0x0000723b3d825880 0x00000008b1def880 0 0 0 0 1 2 2 34351 488
0x0000723b3d825900 0x00000008b1def900 0 1 0 0 1 2 2 34351 480
0x0000723b3d825980 0x00000008b1def980 0 1 0 0 1 2 2 34351 488
0x0000723b3d825a00 0x00000008b1defa00 0 0 1 0 1 2 2 34351 480
0x0000723b3d825a80 0x00000008b1defa80 0 0 1 0 1 2 2 34351 488
0x0000723b3d825b00 0x00000008b1defb00 0 1 1 0 1 2 2 34351 480
0x0000723b3d825b80 0x00000008b1defb80 0 1 1 0 1 2 2 34351 488
0x0000723b3d825c00 0x00000008b1defc00 0 0 0 0 1 2 2 34351 496
0x0000723b3d825c80 0x00000008b1defc80 0 0 0 0 1 2 2 34351 504
0x0000723b3d825d00 0x00000008b1defd00 0 1 0 0 1 2 2 34351 496
0x0000723b3d825d80 0x00000008b1defd80 0 1 0 0 1 2 2 34351 504
0x0000723b3d825e00 0x00000008b1defe00 0 0 1 0 1 2 2 34351 496
0x0000723b3d825e80 0x00000008b1defe80 0 0 1 0 1 2 2 34351 504
0x0000723b3d825f00 0x00000008b1deff00 0 1 1 0 1 2 2 34351 496
0x0000723b3d825f80 0x00000008b1deff80 0 1 1 0 1 2 2 34351 504
0x0000723b3d828000 0x0000000788d00000 0 0 0 0 0 2 2 28936 0
0x0000723b3d828080 0x0000000788d00080 0 0 0 0 0 2 2 28936 8
0x0000723b3d828100 0x0000000788d00100 0 1 0 0 0 2 2 28936 0
0x0000723b3d828180 0x0000000788d00180 0 1 0 0 0 2 2 28936 8
0x0000723b3d828200 0x0000000788d00200 0 0 1 0 0 2 2 28936 0
0x0000723b3d828280 0x0000000788d00280 0 0 1 0 0 2 2 28936 8
0x0000723b3d828300 0x0000000788d00300 0 1 1 0 0 2 2 28936 0
0x0000723b3d828380 0x0000000788d00380 0 1 1 0 0 2 2 28936 8
0x0000723b3d828400 0x0000000788d00400 0 0 0 0 0 2 2 28936 16
0x0000723b3d828480 0x0000000788d00480 0 0 0 0 0 2 2 28936 24
0x0000723b3d828500 0x0000000788d00500 0 1 0 0 0 2 2 28936 16
0x0000723b3d828580 0x0000000788d00580 0 1 0 0 0 2 2 28936 24
0x0000723b3d828600 0x0000000788d00600 0 0 1 0 0 2 2 28936 16
0x0000723b3d828680 0x0000000788d00680 0 0 1 0 0 2 2 28936 24
0x0000723b3d828700 0x0000000788d00700 0 1 1 0 0 2 2 28936 16
0x0000723b3d828780 0x0000000788d00780 0 1 1 0 0 2 2 28936 24
0x0000723b3d828800 0x0000000788d00800 0 0 0 0 0 2 2 28936 32
0x0000723b3d828880 0x0000000788d00880 0 0 0 0 0 2 2 28936 40
0x0000723b3d828900 0x0000000788d00900 0 1 0 0 0 2 2 28936 32
0x0000723b3d828980 0x0000000788d00980 0 1 0 0 0 2 2 28936 40
0x0000723b3d828a00 0x0000000788d00a00 0 0 1 0 0 2 2 28936 32
0x0000723b3d828a80 0x0000000788d00a80 0 0 1 0 0 2 2 28936 40
0x0000723b3d828b00 0x0000000788d00b00 0 1 1 0 0 2 2 28936 32
0x0000723b3d828b80 0x0000000788d00b80 0 1 1 0 0 2 2 28936 40
0x0000723b3d828c00 0x0000000788d00c00 0 0 0 0 0 2 2 28936 48
0x0000723b3d828c80 0x0000000788d00c80 0 0 0 0 0 2 2 28936 56
0x0000723b3d828d00 0x0000000788d00d00 0 1 0 0 0 2 2 28936 48
0x0000723b3d828d80 0x0000000788d00d80 0 1 0 0 0 2 2 28936 56
0x0000723b3d828e00 0x0000000788d00e00 0 0 1 0 0 2 2 28936 48
0x0000723b3d828e80 0x0000000788d00e80 0 0 1 0 0 2 2 28936 56
0x0000723b3d828f00 0x0000000788d00f00 0 1 1 0 0 2 2 28936 48
0x0000723b3d828f80 0x0000000788d00f80 0 1 1 0 0 2 2 28936 56
0x0000723b3d829000 0x0000000bcd5ce000 0 0 0 0 1 2 2 47526 384
0x0000723b3d829080 0x0000000bcd5ce080 0 0 0 0 1 2 2 47526 392
0x0000723b3d829100 0x0000000bcd5ce100 0 1 0 0 1 2 2 47526 384
0x0000723b3d829180 0x0000000bcd5ce180 0 1 0 0 1 2 2 47526 392
0x0000723b3d829200 0x0000000bcd5ce200 0 0 1 0 1 2 2 47526 384
0x0000723b3d829280 0x0000000bcd5ce280 0 0 1 0 1 2 2 47526 392
0x0000723b3d829300 0x0000000bcd5ce300 0 1 1 0 1 2 2 47526 384
0x0000723b3d829380 0x0000000bcd5ce380 0 1 1 0 1 2 2 47526 392
0x0000723b3d829400 0x0000000bcd5ce400 0 0 0 0 1 2 2 47526 400
0x0000723b3d829480 0x0000000bcd5ce480 0 0 0 0 1 2 2 47526 408
0x0000723b3d829500 0x0000000bcd5ce500 0 1 0 0 1 2 2 47526 400
0x0000723b3d829580 0x0000000bcd5ce580 0 1 0 0 1 2 2 47526 408
0x0000723b3d829600 0x0000000bcd5ce600 0 0 1 0 1 2 2 47526 400
0x0000723b3d829680 0x0000000bcd5ce680 0 0 1 0 1 2 2 47526 408
0x0000723b3d829700 0x0000000bcd5ce700 0 1 1 0 1 2 2 47526 400
0x0000723b3d829780 0x0000000bcd5ce780 0 1 1 0 1 2 2 47526 408
0x0000723b3d829800 0x0000000bcd5ce800 0 0 0 0 1 2 2 47526 416
0x0000723b3d829880 0x0000000bcd5ce880 0 0 0 0 1 2 2 47526 424
0x0000723b3d829900 0x0000000bcd5ce900 0 1 0 0 1 2 2 47526 416
0x0000723b3d829980 0x0000000bcd5ce980 0 1 0 0 1 2 2 47526 424
0x0000723b3d829a00 0x0000000bcd5cea00 0 0 1 0 1 2 2 47526 416
0x0000723b3d829a80 0x0000000bcd5cea80 0 0 1 0 1 2 2 47526 424
0x0000723b3d829b00 0x0000000bcd5ceb00 0 1 1 0 1 2 2 47526 416
0x0000723b3d829b80 0x0000000bcd5ceb80 0 1 1 0 1 2 2 47526 424
0x0000723b3d829c00 0x0000000bcd5cec00 0 0 0 0 1 2 2 47526 432
0x0000723b3d829c80 0x0000000bcd5cec80 0 0 0 0 1 2 2 47526 440
0x0000723b3d829d00 0x0000000bcd5ced00 0 1 0 0 1 2 2 47526 432
0x0000723b3d829d80 0x0000000bcd5ced80 0 1 0 0 1 2 2 47526 440
0x0000723b3d829e00 0x0000000bcd5cee00 0 0 1 0 1 2 2 47526 432
0x0000723b3d829e80 0x0000000bcd5cee80 0 0 1 0 1 2 2 47526 440
0x0000723b3d829f00 0x0000000bcd5cef00 0 1 1 0 1 2 2 47526 432
0x0000723b3d829f80 0x0000000bcd5cef80 0 1 1 0 1 2 2 47526 440
0x0000723b3d832000 0x0000000e80573000 0 0 0 0 0 2 2 57347 704
0x0000723b3d832080 0x0000000e80573080 0 0 0 0 0 2 2 57347 712
0x0000723b3d832100 0x0000000e80573100 0 1 0 0 0 2 2 57347 704
0x0000723b3d832180 0x0000000e80573180 0 1 0 0 0 2 2 57347 712
0x0000723b3d832200 0x0000000e80573200 0 0 1 0 0 2 2 57347 704
0x0000723b3d832280 0x0000000e80573280 0 0 1 0 0 2 2 57347 712
0x0000723b3d832300 0x0000000e80573300 0 1 1 0 0 2 2 57347 704
0x0000723b3d832380 0x0000000e80573380 0 1 1 0 0 2 2 57347 712
0x0000723b3d832400 0x0000000e80573400 0 0 0 0 0 2 2 57347 720
0x0000723b3d832480 0x0000000e80573480 0 0 0 0 0 2 2 57347 728
0x0000723b3d832500 0x0000000e80573500 0 1 0 0 0 2 2 57347 720
0x0000723b3d832580 0x0000000e80573580 0 1 0 0 0 2 2 57347 728
0x0000723b3d832600 0x0000000e80573600 0 0 1 0 0 2 2 57347 720
0x0000723b3d832680 0x0000000e80573680 0 0 1 0 0 2 2 57347 728
0x0000723b3d832700 0x0000000e80573700 0 1 1 0 0 2 2 57347 720
0x0000723b3d832780 0x0000000e80573780 0 1 1 0 0 2 2 57347 728
0x0000723b3d832800 0x0000000e80573800 0 0 0 0 0 2 2 57347 736
0x0000723b3d832880 0x0000000e80573880 0 0 0 0 0 2 2 57347 744
0x0000723b3d832900 0x0000000e80573900 0 1 0 0 0 2 2 57347 736
0x0000723b3d832980 0x0000000e80573980 0 1 0 0 0 2 2 57347 744
0x0000723b3d832a00 0x0000000e80573a00 0 0 1 0 0 2 2 57347 736
0x0000723b3d832a80 0x0000000e80573a80 0 0 1 0 0 2 2 57347 744
0x0000723b3d832b00 0x0000000e80573b00 0 1 1 0 0 2 2 57347 736
0x0000723b3d832b80 0x0000000e80573b80 0 1 1 0 0 2 2 57347 744
0x0000723b3d832c00 0x0000000e80573c00 0 0 0 0 0 2 2 57347 752
0x0000723b3d832c80 0x0000000e80573c80 0 0 0 0 0 2 2 57347 760
0x0000723b3d832d00 0x0000000e80573d00 0 1 0 0 0 2 2 57347 752
0x0000723b3d832d80 0x0000000e80573d80 0 1 0 0 0 2 2 57347 760
0x0000723b3d832e00 0x0000000e80573e00 0 0 1 0 0 2 2 57347 752
0x0000723b3d832e80 0x0000000e80573e80 0 0 1 0 0 2 2 57347 760
0x0000723b3d832f00 0x0000000e80573f00 0 1 1 0 0 2 2 57347 752
0x0000723b3d832f80 0x0000000e80573f80 0 1 1 0 0 2 2 57347 760
0x0000723b3d833000 0x000000028e5c7000 0 0 0 0 0 2 2 8646 448
0x0000723b3d833080 0x000000028e5c7080 0 0 0 0 0 2 2 8646 456
0x0000723b3d833100 0x000000028e5c7100 0 1 0 0 0 2 2 8646 448
0x0000723b3d833180 0x000000028e5c7180 0 1 0 0 0 2 2 8646 456
0x0000723b3d833200 0x000000028e5c7200 0 0 1 0 0 2 2 8646 448
0x0000723b3d833280 0x000000028e5c7280 0 0 1 0 0 2 2 8646 456
0x0000723b3d833300 0x000000028e5c7300 0 1 1 0 0 2 2 8646 448
0x0000723b3d833380 0x000000028e5c7380 0 1 1 0 0 2 2 8646 456
0x0000723b3d833400 0x000000028e5c7400 0 0 0 0 0 2 2 8646 464
0x0000723b3d833480 0x000000028e5c7480 0 0 0 0 0 2 2 8646 472
0x0000723b3d833500 0x000000028e5c7500 0 1 0 0 0 2 2 8646 464
0x0000723b3d833580 0x000000028e5c7580 0 1 0 0 0 2 2 8646 472
0x0000723b3d833600 0x000000028e5c7600 0 0 1 0 0 2 2 8646 464
0x0000723b3d833680 0x000000028e5c7680 0 0 1 0 0 2 2 8646 472
0x0000723b3d833700 0x000000028e5c7700 0 1 1 0 0 2 2 8646 464
0x0000723b3d833780 0x000000028e5c7780 0 1 1 0 0 2 2 8646 472
0x0000723b3d833800 0x000000028e5c7800 0 0 0 0 0 2 2 8646 480
0x0000723b3d833880 0x000000028e5c7880 0 0 0 0 0 2 2 8646 488
0x0000723b3d833900 0x000000028e5c7900 0 1 0 0 0 2 2 8646 480
0x0000723b3d833980 0x000000028e5c7980 0 1 0 0 0 2 2 8646 488
0x0000723b3d833a00 0x000000028e5c7a00 0 0 1 0 0 2 2 8646 480
0x0000723b3d833a80 0x000000028e5c7a80 0 0 1 0 0 2 2 8646 488
0x0000723b3d833b00 0x000000028e5c7b00 0 1 1 0 0 2 2 8646 480
0x0000723b3d833b80 0x000000028e5c7b80 0 1 1 0 0 2 2 8646 488
0x0000723b3d833c00 0x000000028e5c7c00 0 0 0 0 0 2 2 8646 496
0x0000723b3d833c80 0x000000028e5c7c80 0 0 0 0 0 2 2 8646 504
0x0000723b3d833d00 0x000000028e5c7d00 0 1 0 0 0 2 2 8646 496
0x0000723b3d833d80 0x000000028e5c7d80 0 1 0 0 0 2 2 8646 504
0x0000723b3d833e00 0x000000028e5c7e00 0 0 1 0 0 2 2 8646 496
0x0000723b3d833e80 0x000000028e5c7e80 0 0 1 0 0 2 2 8646 504
0x0000723b3d833f00 0x000000028e5c7f00 0 1 1 0 0 2 2 8646 496
0x0000723b3d833f80 0x000000028e5c7f80 0 1 1 0 0 2 2 8646 504
0x0000723b3d84f000 0x0000000c16d81000 0 0 0 0 0 2 2 45788 64
0x0000723b3d84f080 0x0000000c16d81080 0 0 0 0 0 2 2 45788 72
0x0000723b3d84f100 0x0000000c16d81100 0 1 0 0 0 2 2 45788 64
0x0000723b3d84f180 0x0000000c16d81180 0 1 0 0 0 2 2 45788 72
0x0000723b3d84f200 0x0000000c16d81200 0 0 1 0 0 2 2 45788 64
0x0000723b3d84f280 0x0000000c16d81280 0 0 1 0 0 2 2 45788 72
0x0000723b3d84f300 0x0000000c16d81300 0 1 1 0 0 2 2 45788 64
0x0000723b3d84f380 0x0000000c16d81380 0 1 1 0 0 2 2 45788 72
0x0000723b3d84f400 0x0000000c16d81400 0 0 0 0 0 2 2 45788 80
0x0000723b3d84f480 0x0000000c16d81480 0 0 0 0 0 2 2 45788 88
0x0000723b3d84f500 0x0000000c16d81500 0 1 0 0 0 2 2 45788 80
0x0000723b3d84f580 0x0000000c16d81580 0 1 0 0 0 2 2 45788 88
0x0000723b3d84f600 0x0000000c16d81600 0 0 1 0 0 2 2 45788 80
0x0000723b3d84f680 0x0000000c16d81680 0 0 1 0 0 2 2 45788 88
0x0000723b3d84f700 0x0000000c16d81700 0 1 1 0 0 2 2 45788 80
0x0000723b3d84f780 0x0000000c16d81780 0 1 1 0 0 2 2 45788 88
0x0000723b3d84f800 0x0000000c16d81800 0 0 0 0 0 2 2 45788 96
0x0000723b3d84f880 0x0000000c16d81880 0 0 0 0 0 2 2 45788 104
0x0000723b3d84f900 0x0000000c16d81900 0 1 0 0 0 2 2 45788 96
0x0000723b3d84f980 0x0000000c16d81980 0 1 0 0 0 2 2 45788 104
0x0000723b3d84fa00 0x0000000c16d81a00 0 0 1 0 0 2 2 45788 96
0x0000723b3d84fa80 0x0000000c16d81a80 0 0 1 0 0 2 2 45788 104
0x0000723b3d84fb00 0x0000000c16d81b00 0 1 1 0 0 2 2 45788 96
0x0000723b3d84fb80 0x0000000c16d81b80 0 1 1 0 0 2 2 45788 104
0x0000723b3d84fc00 0x0000000c16d81c00 0 0 0 0 0 2 2 45788 112
0x0000723b3d84fc80 0x0000000c16d81c80 0 0 0 0 0 2 2 45788 120
0x0000723b3d84fd00 0x0000000c16d81d00 0 1 0 0 0 2 2 45788 112
0x0000723b3d84fd80 0x0000000c16d81d80 0 1 0 0 0 2 2 45788 120
0x0000723b3d84fe00 0x0000000c16d81e00 0 0 1 0 0 2 2 45788 112
0x0000723b3d84fe80 0x0000000c16d81e80 0 0 1 0 0 2 2 45788 120
0x0000723b3d84ff00 0x0000000c16d81f00 0 1 1 0 0 2 2 45788 112
0x0000723b3d84ff80 0x0000000c16d81f80 0 1 1 0 0 2 2 45788 120
0x0000723b3d869000 0x0000000ce6553000 0 0 0 0 0 2 2 52418 704
0x0000723b3d869080 0x0000000ce6553080 0 0 0 0 0 2 2 52418 712
0x0000723b3d869100 0x0000000ce6553100 0 1 0 0 0 2 2 52418 704
0x0000723b3d869180 0x0000000ce6553180 0 1 0 0 0 2 2 52418 712
0x0000723b3d869200 0x0000000ce6553200 0 0 1 0 0 2 2 52418 704
0x0000723b3d869280 0x0000000ce6553280 0 0 1 0 0 2 2 52418 712
0x0000723b3d869300 0x0000000ce6553300 0 1 1 0 0 2 2 52418 704
0x0000723b3d869380 0x0000000ce6553380 0 1 1 0 0 2 2 52418 712
0x0000723b3d869400 0x0000000ce6553400 0 0 0 0 0 2 2 52418 720
0x0000723b3d869480 0x0000000ce6553480 0 0 0 0 0 2 2 52418 728
0x0000723b3d869500 0x0000000ce6553500 0 1 0 0 0 2 2 52418 720
0x0000723b3d869580 0x0000000ce6553580 0 1 0 0 0 2 2 52418 728
0x0000723b3d869600 0x0000000ce6553600 0 0 1 0 0 2 2 52418 720
0x0000723b3d869680 0x0000000ce6553680 0 0 1 0 0 2 2 52418 728
0x0000723b3d869700 0x0000000ce6553700 0 1 1 0 0 2 2 52418 720
0x0000723b3d869780 0x0000000ce6553780 0 1 1 0 0 2 2 52418 728
0x0000723b3d869800 0x0000000ce6553800 0 0 0 0 0 2 2 52418 736
0x0000723b3d869880 0x0000000ce6553880 0 0 0 0 0 2 2 52418 744
0x0000723b3d869900 0x0000000ce6553900 0 1 0 0 0 2 2 52418 736
0x0000723b3d869980 0x0000000ce6553980 0 1 0 0 0 2 2 52418 744
0x0000723b3d869a00 0x0000000ce6553a00 0 0 1 0 0 2 2 52418 736
0x0000723b3d869a80 0x0000000ce6553a80 0 0 1 0 0 2 2 52418 744
0x0000723b3d869b00 0x0000000ce6553b00 0 1 1 0 0 2 2 52418 736
0x0000723b3d869b80 0x0000000ce6553b80 0 1 1 0 0 2 2 52418 744
0x0000723b3d869c00 0x0000000ce6553c00 0 0 0 0 0 2 2 52418 752
0x0000723b3d869c80 0x0000000ce6553c80 0 0 0 0 0 2 2 52418 760
0x0000723b3d869d00 0x0000000ce6553d00 0 1 0 0 0 2 2 52418 752
0x0000723b3d869d80 0x0000000ce6553d80 0 1 0 0 0 2 2 52418 760
0x0000723b3d869e00 0x0000000ce6553e00 0 0 1 0 0 2 2 52418 752
0x0000723b3d869e80 0x0000000ce6553e80 0 0 1 0 0 2 2 52418 760
0x0000723b3d869f00 0x0000000ce6553f00 0 1 1 0 0 2 2 52418 752
0x0000723b3d869f80 0x0000000ce6553f80 0 1 1 0 0 2 2 52418 760
0x0000723b3d86d000 0x00000003e8d5f000 0 0 0 0 1 2 2 15626 960
0x0000723b3d86d080 0x00000003e8d5f080 0 0 0 0 1 2 2 15626 968
0x0000723b3d86d100 0x00000003e8d5f100 0 1 0 0 1 2 2 15626 960
0x0000723b3d86d180 0x00000003e8d5f180 0 1 0 0 1 2 2 15626 968
0x0000723b3d86d200 0x00000003e8d5f200 0 0 1 0 1 2 2 15626 960
0x0000723b3d86d280 0x00000003e8d5f280 0 0 1 0 1 2 2 15626 968
0x0000723b3d86d300 0x00000003e8d5f300 0 1 1 0 1 2 2 15626 960
0x0000723b3d86d380 0x00000003e8d5f380 0 1 1 0 1 2 2 15626 968
0x0000723b3d86d400 0x00000003e8d5f400 0 0 0 0 1 2 2 15626 976
0x0000723b3d86d480 0x00000003e8d5f480 0 0 0 0 1 2 2 15626 984
0x0000723b3d86d500 0x00000003e8d5f500 0 1 0 0 1 2 2 15626 976
0x0000723b3d86d580 0x00000003e8d5f580 0 1 0 0 1 2 2 15626 984
0x0000723b3d86d600 0x00000003e8d5f600 0 0 1 0 1 2 2 15626 976
0x0000723b3d86d680 0x00000003e8d5f680 0 0 1 0 1 2 2 15626 984
0x0000723b3d86d700 0x00000003e8d5f700 0 1 1 0 1 2 2 15626 976
0x0000723b3d86d780 0x00000003e8d5f780 0 1 1 0 1 2 2 15626 984
0x0000723b3d86d800 0x00000003e8d5f800 0 0 0 0 1 2 2 15626 992
0x0000723b3d86d880 0x00000003e8d5f880 0 0 0 0 1 2 2 15626 1000
0x0000723b3d86d900 0x00000003e8d5f900 0 1 0 0 1 2 2 15626 992
0x0000723b3d86d980 0x00000003e8d5f980 0 1 0 0 1 2 2 15626 1000
0x0000723b3d86da00 0x00000003e8d5fa00 0 0 1 0 1 2 2 15626 992
0x0000723b3d86da80 0x00000003e8d5fa80 0 0 1 0 1 2 2 15626 1000
0x0000723b3d86db00 0x00000003e8d5fb00 0 1 1 0 1 2 2 15626 992
0x0000723b3d86db80 0x00000003e8d5fb80 0 1 1 0 1 2 2 15626 1000
0x0000723b3d86dc00 0x00000003e8d5fc00 0 0 0 0 1 2 2 15626 1008
0x0000723b3d86dc80 0x00000003e8d5fc80 0 0 0 0 1 2 2 15626 1016
0x0000723b3d86dd00 0x00000003e8d5fd00 0 1 0 0 1 2 2 15626 1008
0x0000723b3d86dd80 0x00000003e8d5fd80 0 1 0 0 1 2 2 15626 1016
0x0000723b3d86de00 0x00000003e8d5fe00 0 0 1 0 1 2 2 15626 1008
0x0000723b3d86de80 0x00000003e8d5fe80 0 0 1 0 1 2 2 15626 1016
0x0000723b3d86df00 0x00000003e8d5ff00 0 1 1 0 1 2 2 15626 1008
0x0000723b3d86df80 0x00000003e8d5ff80 0 1 1 0 1 2 2 15626 1016
0x0000723b3d86f000 0x000000060f58b000 0 0 0 0 1 2 2 20980 192
0x0000723b3d86f080 0x000000060f58b080 0 0 0 0 1 2 2 20980 200
0x0000723b3d86f100 0x000000060f58b100 0 1 0 0 1 2 2 20980 192
0x0000723b3d86f180 0x000000060f58b180 0 1 0 0 1 2 2 20980 200
0x0000723b3d86f200 0x000000060f58b200 0 0 1 0 1 2 2 20980 192
0x0000723b3d86f280 0x000000060f58b280 0 0 1 0 1 2 2 20980 200
0x0000723b3d86f300 0x000000060f58b300 0 1 1 0 1 2 2 20980 192
0x0000723b3d86f380 0x000000060f58b380 0 1 1 0 1 2 2 20980 200
0x0000723b3d86f400 0x000000060f58b400 0 0 0 0 1 2 2 20980 208
0x0000723b3d86f480 0x000000060f58b480 0 0 0 0 1 2 2 20980 216
0x0000723b3d86f500 0x000000060f58b500 0 1 0 0 1 2 2 20980 208
0x0000723b3d86f580 0x000000060f58b580 0 1 0 0 1 2 2 20980 216
0x0000723b3d86f600 0x000000060f58b600 0 0 1 0 1 2 2 20980 208
0x0000723b3d86f680 0x000000060f58b680 0 0 1 0 1 2 2 20980 216
0x0000723b3d86f700 0x000000060f58b700 0 1 1 0 1 2 2 20980 208
0x0000723b3d86f780 0x000000060f58b780 0 1 1 0 1 2 2 20980 216
0x0000723b3d86f800 0x000000060f58b800 0 0 0 0 1 2 2 20980 224
0x0000723b3d86f880 0x000000060f58b880 0 0 0 0 1 2 2 20980 232
0x0000723b3d86f900 0x000000060f58b900 0 1 0 0 1 2 2 20980 224
0x0000723b3d86f980 0x000000060f58b980 0 1 0 0 1 2 2 20980 232
0x0000723b3d86fa00 0x000000060f58ba00 0 0 1 0 1 2 2 20980 224
0x0000723b3d86fa80 0x000000060f58ba80 0 0 1 0 1 2 2 20980 232
0x0000723b3d86fb00 0x000000060f58bb00 0 1 1 0 1 2 2 20980 224
0x0000723b3d86fb80 0x000000060f58bb80 0 1 1 0 1 2 2 20980 232
0x0000723b3d86fc00 0x000000060f58bc00 0 0 0 0 1 2 2 20980 240
0x0000723b3d86fc80 0x000000060f58bc80 0 0 0 0 1 2 2 20980 248
0x0000723b3d86fd00 0x000000060f58bd00 0 1 0 0 1 2 2 20980 240
0x0000723b3d86fd80 0x000000060f58bd80 0 1 0 0 1 2 2 20980 248
0x0000723b3d86fe00 0x000000060f58be00 0 0 1 0 1 2 2 20980 240
0x0000723b3d86fe80 0x000000060f58be80 0 0 1 0 1 2 2 20980 248
0x0000723b3d86ff00 0x000000060f58bf00 0 1 1 0 1 2 2 20980 240
0x0000723b3d86ff80 0x000000060f58bf80 0 1 1 0 1 2 2 20980 248
0x0000723b3d875000 0x0000000ed4dfb000 0 0 0 0 1 2 2 60047 704
0x0000723b3d875080 0x0000000ed4dfb080 0 0 0 0 1 2 2 60047 712
0x0000723b3d875100 0x0000000ed4dfb100 0 1 0 0 1 2 2 60047 704
0x0000723b3d875180 0x0000000ed4dfb180 0 1 0 0 1 2 2 60047 712
0x0000723b3d875200 0x0000000ed4dfb200 0 0 1 0 1 2 2 60047 704
0x0000723b3d875280 0x0000000ed4dfb280 0 0 1 0 1 2 2 60047 712
0x0000723b3d875300 0x0000000ed4dfb300 0 1 1 0 1 2 2 60047 704
0x0000723b3d875380 0x0000000ed4dfb380 0 1 1 0 1 2 2 60047 712
0x0000723b3d875400 0x0000000ed4dfb400 0 0 0 0 1 2 2 60047 720
0x0000723b3d875480 0x0000000ed4dfb480 0 0 0 0 1 2 2 60047 728
0x0000723b3d875500 0x0000000ed4dfb500 0 1 0 0 1 2 2 60047 720
0x0000723b3d875580 0x0000000ed4dfb580 0 1 0 0 1 2 2 60047 728
0x0000723b3d875600 0x0000000ed4dfb600 0 0 1 0 1 2 2 60047 720
0x0000723b3d875680 0x0000000ed4dfb680 0 0 1 0 1 2 2 60047 728
0x0000723b3d875700 0x0000000ed4dfb700 0 1 1 0 1 2 2 60047 720
0x0000723b3d875780 0x0000000ed4dfb780 0 1 1 0 1 2 2 60047 728
0x0000723b3d875800 0x0000000ed4dfb800 0 0 0 0 1 2 2 60047 736
0x0000723b3d875880 0x0000000ed4dfb880 0 0 0 0 1 2 2 60047 744
0x0000723b3d875900 0x0000000ed4dfb900 0 1 0 0 1 2 2 60047 736
0x0000723b3d875980 0x0000000ed4dfb980 0 1 0 0 1 2 2 60047 744
0x0000723b3d875a00 0x0000000ed4dfba00 0 0 1 0 1 2 2 60047 736
0x0000723b3d875a80 0x0000000ed4dfba80 0 0 1 0 1 2 2 60047 744
0x0000723b3d875b00 0x0000000ed4dfbb00 0 1 1 0 1 2 2 60047 736
0x0000723b3d875b80 0x0000000ed4dfbb80 0 1 1 0 1 2 2 60047 744
0x0000723b3d875c00 0x0000000ed4dfbc00 0 0 0 0 1 2 2 60047 752
0x0000723b3d875c80 0x0000000ed4dfbc80 0 0 0 0 1 2 2 60047 760
0x0000723b3d875d00 0x0000000ed4dfbd00 0 1 0 0 1 2 2 60047 752
0x0000723b3d875d80 0x0000000ed4dfbd80 0 1 0 0 1 2 2 60047 760
0x0000723b3d875e00 0x0000000ed4dfbe00 0 0 1 0 1 2 2 60047 752
0x0000723b3d875e80 0x0000000ed4dfbe80 0 0 1 0 1 2 2 60047 760
0x0000723b3d875f00 0x0000000ed4dfbf00 0 1 1 0 1 2 2 60047 752
0x0000723b3d875f80 0x0000000ed4dfbf80 0 1 1 0 1 2 2 60047 760
0x0000723b3d896000 0x0000000560584000 0 0 0 0 0 2 2 19476 256
0x0000723b3d896080 0x0000000560584080 0 0 0 0 0 2 2 19476 264
0x0000723b3d896100 0x0000000560584100 0 1 0 0 0 2 2 19476 256
0x0000723b3d896180 0x0000000560584180 0 1 0 0 0 2 2 19476 264
0x0000723b3d896200 0x0000000560584200 0 0 1 0 0 2 2 19476 256
0x0000723b3d896280 0x0000000560584280 0 0 1 0 0 2 2 19476 264
0x0000723b3d896300 0x0000000560584300 0 1 1 0 0 2 2 19476 256
0x0000723b3d896380 0x0000000560584380 0 1 1 0 0 2 2 19476 264
0x0000723b3d896400 0x0000000560584400 0 0 0 0 0 2 2 19476 272
0x0000723b3d896480 0x0000000560584480 0 0 0 0 0 2 2 19476 280
0x0000723b3d896500 0x0000000560584500 0 1 0 0 0 2 2 19476 272
0x0000723b3d896580 0x0000000560584580 0 1 0 0 0 2 2 19476 280
0x0000723b3d896600 0x0000000560584600 0 0 1 0 0 2 2 19476 272
0x0000723b3d896680 0x0000000560584680 0 0 1 0 0 2 2 19476 280
0x0000723b3d896700 0x0000000560584700 0 1 1 0 0 2 2 19476 272
0x0000723b3d896780 0x0000000560584780 0 1 1 0 0 2 2 19476 280
0x0000723b3d896800 0x0000000560584800 0 0 0 0 0 2 2 19476 288
0x0000723b3d896880 0x0000000560584880 0 0 0 0 0 2 2 19476 296
0x0000723b3d896900 0x0000000560584900 0 1 0 0 0 2 2 19476 288
0x0000723b3d896980 0x0000000560584980 0 1 0 0 0 2 2 19476 296
0x0000723b3d896a00 0x0000000560584a00 0 0 1 0 0 2 2 19476 288
0x0000723b3d896a80 0x0000000560584a80 0 0 1 0 0 2 2 19476 296
0x0000723b3d896b00 0x0000000560584b00 0 1 1 0 0 2 2 19476 288
0x0000723b3d896b80 0x0000000560584b80 0 1 1 0 0 2 2 19476 296
0x0000723b3d896c00 0x0000000560584c00 0 0 0 0 0 2 2 19476 304
0x0000723b3d896c80 0x0000000560584c80 0 0 0 0 0 2 2 19476 312
0x0000723b3d896d00 0x0000000560584d00 0 1 0 0 0 2 2 19476 304
0x0000723b3d896d80 0x0000000560584d80 0 1 0 0 0 2 2 19476 312
0x0000723b3d896e00 0x0000000560584e00 0 0 1 0 0 2 2 19476 304
0x0000723b3d896e80 0x0000000560584e80 0 0 1 0 0 2 2 19476 312
0x0000723b3d896f00 0x0000000560584f00 0 1 1 0 0 2 2 19476 304
0x0000723b3d896f80 0x0000000560584f80 0 1 1 0 0 2 2 19476 312
0x0000723b3d89c000 0x0000000c145ec000 0 0 0 0 1 2 2 45719 256
0x0000723b3d89c080 0x0000000c145ec080 0 0 0 0 1 2 2 45719 264
0x0000723b3d89c100 0x0000000c145ec100 0 1 0 0 1 2 2 45719 256
0x0000723b3d89c180 0x0000000c145ec180 0 1 0 0 1 2 2 45719 264
0x0000723b3d89c200 0x0000000c145ec200 0 0 1 0 1 2 2 45719 256
0x0000723b3d89c280 0x0000000c145ec280 0 0 1 0 1 2 2 45719 264
0x0000723b3d89c300 0x0000000c145ec300 0 1 1 0 1 2 2 45719 256
0x0000723b3d89c380 0x0000000c145ec380 0 1 1 0 1 2 2 45719 264
0x0000723b3d89c400 0x0000000c145ec400 0 0 0 0 1 2 2 45719 272
0x0000723b3d89c480 0x0000000c145ec480 0 0 0 0 1 2 2 45719 280
0x0000723b3d89c500 0x0000000c145ec500 0 1 0 0 1 2 2 45719 272
0x0000723b3d89c580 0x0000000c145ec580 0 1 0 0 1 2 2 45719 280
0x0000723b3d89c600 0x0000000c145ec600 0 0 1 0 1 2 2 45719 272
0x0000723b3d89c680 0x0000000c145ec680 0 0 1 0 1 2 2 45719 280
0x0000723b3d89c700 0x0000000c145ec700 0 1 1 0 1 2 2 45719 272
0x0000723b3d89c780 0x0000000c145ec780 0 1 1 0 1 2 2 45719 280
0x0000723b3d89c800 0x0000000c145ec800 0 0 0 0 1 2 2 45719 288
0x0000723b3d89c880 0x0000000c145ec880 0 0 0 0 1 2 2 45719 296
0x0000723b3d89c900 0x0000000c145ec900 0 1 0 0 1 2 2 45719 288
0x0000723b3d89c980 0x0000000c145ec980 0 1 0 0 1 2 2 45719 296
0x0000723b3d89ca00 0x0000000c145eca00 0 0 1 0 1 2 2 45719 288
0x0000723b3d89ca80 0x0000000c145eca80 0 0 1 0 1 2 2 45719 296
0x0000723b3d89cb00 0x0000000c145ecb00 0 1 1 0 1 2 2 45719 288
0x0000723b3d89cb80 0x0000000c145ecb80 0 1 1 0 1 2 2 45719 296
0x0000723b3d89cc00 0x0000000c145ecc00 0 0 0 0 1 2 2 45719 304
0x0000723b3d89cc80 0x0000000c145ecc80 0 0 0 0 1 2 2 45719 312
0x0000723b3d89cd00 0x0000000c145ecd00 0 1 0 0 1 2 2 45719 304
0x0000723b3d89cd80 0x0000000c145ecd80 0 1 0 0 1 2 2 45719 312
0x0000723b3d89ce00 0x0000000c145ece00 0 0 1 0 1 2 2 45719 304
0x0000723b3d89ce80 0x0000000c145ece80 0 0 1 0 1 2 2 45719 312
0x0000723b3d89cf00 0x0000000c145ecf00 0 1 1 0 1 2 2 45719 304
0x0000723b3d89cf80 0x0000000c145ecf80 0 1 1 0 1 2 2 45719 312
0x0000723b3d89e000 0x00000003f656e000 0 0 0 0 1 2 2 16067 384
0x0000723b3d89e080 0x00000003f656e080 0 0 0 0 1 2 2 16067 392
0x0000723b3d89e100 0x00000003f656e100 0 1 0 0 1 2 2 16067 384
0x0000723b3d89e180 0x00000003f656e180 0 1 0 0 1 2 2 16067 392
0x0000723b3d89e200 0x00000003f656e200 0 0 1 0 1 2 2 16067 384
0x0000723b3d89e280 0x00000003f656e280 0 0 1 0 1 2 2 16067 392
0x0000723b3d89e300 0x00000003f656e300 0 1 1 0 1 2 2 16067 384
0x0000723b3d89e380 0x00000003f656e380 0 1 1 0 1 2 2 16067 392
0x0000723b3d89e400 0x00000003f656e400 0 0 0 0 1 2 2 16067 400
0x0000723b3d89e480 0x00000003f656e480 0 0 0 0 1 2 2 16067 408
0x0000723b3d89e500 0x00000003f656e500 0 1 0 0 1 2 2 16067 400
0x0000723b3d89e580 0x00000003f656e580 0 1 0 0 1 2 2 16067 408
0x0000723b3d89e600 0x00000003f656e600 0 0 1 0 1 2 2 16067 400
0x0000723b3d89e680 0x00000003f656e680 0 0 1 0 1 2 2 16067 408
0x0000723b3d89e700 0x00000003f656e700 0 1 1 0 1 2 2 16067 400
0x0000723b3d89e780 0x00000003f656e780 0 1 1 0 1 2 2 16067 408
0x0000723b3d89e800 0x00000003f656e800 0 0 0 0 1 2 2 16067 416
0x0000723b3d89e880 0x00000003f656e880 0 0 0 0 1 2 2 16067 424
0x0000723b3d89e900 0x00000003f656e900 0 1 0 0 1 2 2 16067 416
0x0000723b3d89e980 0x00000003f656e980 0 1 0 0 1 2 2 16067 424
0x0000723b3d89ea00 0x00000003f656ea00 0 0 1 0 1 2 2 16067 416
0x0000723b3d89ea80 0x00000003f656ea80 0 0 1 0 1 2 2 16067 424
0x0000723b3d89eb00 0x00000003f656eb00 0 1 1 0 1 2 2 16067 416
0x0000723b3d89eb80 0x00000003f656eb80 0 1 1 0 1 2 2 16067 424
0x0000723b3d89ec00 0x00000003f656ec00 0 0 0 0 1 2 2 16067 432
0x0000723b3d89ec80 0x00000003f656ec80 0 0 0 0 1 2 2 16067 440
0x0000723b3d89ed00 0x00000003f656ed00 0 1 0 0 1 2 2 16067 432
0x0000723b3d89ed80 0x00000003f656ed80 0 1 0 0 1 2 2 16067 440
0x0000723b3d89ee00 0x00000003f656ee00 0 0 1 0 1 2 2 16067 432
0x0000723b3d89ee80 0x00000003f656ee80 0 0 1 0 1 2 2 16067 440
0x0000723b3d89ef00 0x00000003f656ef00 0 1 1 0 1 2 2 16067 432
0x0000723b3d89ef80 0x00000003f656ef80 0 1 1 0 1 2 2 16067 440
0x0000723b3d8a5000 0x0000000eb4581000 0 0 0 0 0 2 2 59012 64
0x0000723b3d8a5080 0x0000000eb4581080 0 0 0 0 0 2 2 59012 72
0x0000723b3d8a5100 0x0000000eb4581100 0 1 0 0 0 2 2 59012 64
0x0000723b3d8a5180 0x0000000eb4581180 0 1 0 0 0 2 2 59012 72
0x0000723b3d8a5200 0x0000000eb4581200 0 0 1 0 0 2 2 59012 64
0x0000723b3d8a5280 0x0000000eb4581280 0 0 1 0 0 2 2 59012 72
0x0000723b3d8a5300 0x0000000eb4581300 0 1 1 0 0 2 2 59012 64
0x0000723b3d8a5380 0x0000000eb4581380 0 1 1 0 0 2 2 59012 72
0x0000723b3d8a5400 0x0000000eb4581400 0 0 0 0 0 2 2 59012 80
0x0000723b3d8a5480 0x0000000eb4581480 0 0 0 0 0 2 2 59012 88
0x0000723b3d8a5500 0x0000000eb4581500 0 1 0 0 0 2 2 59012 80
0x0000723b3d8a5580 0x0000000eb4581580 0 1 0 0 0 2 2 59012 88
0x0000723b3d8a5600 0x0000000eb4581600 0 0 1 0 0 2 2 59012 80
0x0000723b3d8a5680 0x0000000eb4581680 0 0 1 0 0 2 2 59012 88
0x0000723b3d8a5700 0x0000000eb4581700 0 1 1 0 0 2 2 59012 80
0x0000723b3d8a5780 0x0000000eb4581780 0 1 1 0 0 2 2 59012 88
0x0000723b3d8a5800 0x0000000eb4581800 0 0 0 0 0 2 2 59012 96
0x0000723b3d8a5880 0x0000000eb4581880 0 0 0 0 0 2 2 59012 104
0x0000723b3d8a5900 0x0000000eb4581900 0 1 0 0 0 2 2 59012 96
0x0000723b3d8a5980 0x0000000eb4581980 0 1 0 0 0 2 2 59012 104
0x0000723b3d8a5a00 0x0000000eb4581a00 0 0 1 0 0 2 2 59012 96
0x0000723b3d8a5a80 0x0000000eb4581a80 0 0 1 0 0 2 2 59012 104
0x0000723b3d8a5b00 0x0000000eb4581b00 0 1 1 0 0 2 2 59012 96
0x0000723b3d8a5b80 0x0000000eb4581b80 0 1 1 0 0 2 2 59012 104
0x0000723b3d8a5c00 0x0000000eb4581c00 0 0 0 0 0 2 2 59012 112
0x0000723b3d8a5c80 0x0000000eb4581c80 0 0 0 0 0 2 2 59012 120
0x0000723b3d8a5d00 0x0000000eb4581d00 0 1 0 0 0 2 2 59012 112
0x0000723b3d8a5d80 0x0000000eb4581d80 0 1 0 0 0 2 2 59012 120
0x0000723b3d8a5e00 0x0000000eb4581e00 0 0 1 0 0 2 2 59012 112
0x0000723b3d8a5e80 0x0000000eb4581e80 0 0 1 0 0 2 2 59012 120
0x0000723b3d8a5f00 0x0000000eb4581f00 0 1 1 0 0 2 2 59012 112
0x0000723b3d8a5f80 0x0000000eb4581f80 0 1 1 0 0 2 2 59012 120
0x0000723b3d8a9000 0x0000000878d83000 0 0 0 0 0 2 2 32540 192
0x0000723b3d8a9080 0x0000000878d83080 0 0 0 0 0 2 2 32540 200
0x0000723b3d8a9100 0x0000000878d83100 0 1 0 0 0 2 2 32540 192
0x0000723b3d8a9180 0x0000000878d83180 0 1 0 0 0 2 2 32540 200
0x0000723b3d8a9200 0x0000000878d83200 0 0 1 0 0 2 2 32540 192
0x0000723b3d8a9280 0x0000000878d83280 0 0 1 0 0 2 2 32540 200
0x0000723b3d8a9300 0x0000000878d83300 0 1 1 0 0 2 2 32540 192
0x0000723b3d8a9380 0x0000000878d83380 0 1 1 0 0 2 2 32540 200
0x0000723b3d8a9400 0x0000000878d83400 0 0 0 0 0 2 2 32540 208
0x0000723b3d8a9480 0x0000000878d83480 0 0 0 0 0 2 2 32540 216
0x0000723b3d8a9500 0x0000000878d83500 0 1 0 0 0 2 2 32540 208
0x0000723b3d8a9580 0x0000000878d83580 0 1 0 0 0 2 2 32540 216
0x0000723b3d8a9600 0x0000000878d83600 0 0 1 0 0 2 2 32540 208
0x0000723b3d8a9680 0x0000000878d83680 0 0 1 0 0 2 2 32540 216
0x0000723b3d8a9700 0x0000000878d83700 0 1 1 0 0 2 2 32540 208
0x0000723b3d8a9780 0x0000000878d83780 0 1 1 0 0 2 2 32540 216
0x0000723b3d8a9800 0x0000000878d83800 0 0 0 0 0 2 2 32540 224
0x0000723b3d8a9880 0x0000000878d83880 0 0 0 0 0 2 2 32540 232
0x0000723b3d8a9900 0x0000000878d83900 0 1 0 0 0 2 2 32540 224
0x0000723b3d8a9980 0x0000000878d83980 0 1 0 0 0 2 2 32540 232
0x0000723b3d8a9a00 0x0000000878d83a00 0 0 1 0 0 2 2 32540 224
0x0000723b3d8a9a80 0x0000000878d83a80 0 0 1 0 0 2 2 32540 232
0x0000723b3d8a9b00 0x0000000878d83b00 0 1 1 0 0 2 2 32540 224
0x0000723b3d8a9b80 0x0000000878d83b80 0 1 1 0 0 2 2 32540 232
0x0000723b3d8a9c00 0x0000000878d83c00 0 0 0 0 0 2 2 32540 240
0x0000723b3d8a9c80 0x0000000878d83c80 0 0 0 0 0 2 2 32540 248
0x0000723b3d8a9d00 0x0000000878d83d00 0 1 0 0 0 2 2 32540 240
0x0000723b3d8a9d80 0x0000000878d83d80 0 1 0 0 0 2 2 32540 248
0x0000723b3d8a9e00 0x0000000878d83e00 0 0 1 0 0 2 2 32540 240
0x0000723b3d8a9e80 0x0000000878d83e80 0 0 1 0 0 2 2 32540 248
0x0000723b3d8a9f00 0x0000000878d83f00 0 1 1 0 0 2 2 32540 240
0x0000723b3d8a9f80 0x0000000878d83f80 0 1 1 0 0 2 2 32540 248
0x0000723b3d8b3000 0x000000040f531000 0 0 0 0 0 2 2 12785 576
0x0000723b3d8b3080 0x000000040f531080 0 0 0 0 0 2 2 12785 584
0x0000723b3d8b3100 0x000000040f531100 0 1 0 0 0 2 2 12785 576
0x0000723b3d8b3180 0x000000040f531180 0 1 0 0 0 2 2 12785 584
0x0000723b3d8b3200 0x000000040f531200 0 0 1 0 0 2 2 12785 576
0x0000723b3d8b3280 0x000000040f531280 0 0 1 0 0 2 2 12785 584
0x0000723b3d8b3300 0x000000040f531300 0 1 1 0 0 2 2 12785 576
0x0000723b3d8b3380 0x000000040f531380 0 1 1 0 0 2 2 12785 584
0x0000723b3d8b3400 0x000000040f531400 0 0 0 0 0 2 2 12785 592
0x0000723b3d8b3480 0x000000040f531480 0 0 0 0 0 2 2 12785 600
0x0000723b3d8b3500 0x000000040f531500 0 1 0 0 0 2 2 12785 592
0x0000723b3d8b3580 0x000000040f531580 0 1 0 0 0 2 2 12785 600
0x0000723b3d8b3600 0x000000040f531600 0 0 1 0 0 2 2 12785 592
0x0000723b3d8b3680 0x000000040f531680 0 0 1 0 0 2 2 12785 600
0x0000723b3d8b3700 0x000000040f531700 0 1 1 0 0 2 2 12785 592
0x0000723b3d8b3780 0x000000040f531780 0 1 1 0 0 2 2 12785 600
0x0000723b3d8b3800 0x000000040f531800 0 0 0 0 0 2 2 12785 608
0x0000723b3d8b3880 0x000000040f531880 0 0 0 0 0 2 2 12785 616
0x0000723b3d8b3900 0x000000040f531900 0 1 0 0 0 2 2 12785 608
0x0000723b3d8b3980 0x000000040f531980 0 1 0 0 0 2 2 12785 616
0x0000723b3d8b3a00 0x000000040f531a00 0 0 1 0 0 2 2 12785 608
0x0000723b3d8b3a80 0x000000040f531a80 0 0 1 0 0 2 2 12785 616
0x0000723b3d8b3b00 0x000000040f531b00 0 1 1 0 0 2 2 12785 608
0x0000723b3d8b3b80 0x000000040f531b80 0 1 1 0 0 2 2 12785 616
0x0000723b3d8b3c00 0x000000040f531c00 0 0 0 0 0 2 2 12785 624
0x0000723b3d8b3c80 0x000000040f531c80 0 0 0 0 0 2 2 12785 632
0x0000723b3d8b3d00 0x000000040f531d00 0 1 0 0 0 2 2 12785 624
0x0000723b3d8b3d80 0x000000040f531d80 0 1 0 0 0 2 2 12785 632
0x0000723b3d8b3e00 0x000000040f531e00 0 0 1 0 0 2 2 12785 624
0x0000723b3d8b3e80 0x000000040f531e80 0 0 1 0 0 2 2 12785 632
0x0000723b3d8b3f00 0x000000040f531f00 0 1 1 0 0 2 2 12785 624
0x0000723b3d8b3f80 0x000000040f531f80 0 1 1 0 0 2 2 12785 632
0x0000723b3d8b4000 0x0000000c61ddf000 0 0 0 0 1 2 2 48190 960
0x0000723b3d8b4080 0x0000000c61ddf080 0 0 0 0 1 2 2 48190 968
0x0000723b3d8b4100 0x0000000c61ddf100 0 1 0 0 1 2 2 48190 960
0x0000723b3d8b4180 0x0000000c61ddf180 0 1 0 0 1 2 2 48190 968
0x0000723b3d8b4200 0x0000000c61ddf200 0 0 1 0 1 2 2 48190 960
0x0000723b3d8b4280 0x0000000c61ddf280 0 0 1 0 1 2 2 48190 968
0x0000723b3d8b4300 0x0000000c61ddf300 0 1 1 0 1 2 2 48190 960
0x0000723b3d8b4380 0x0000000c61ddf380 0 1 1 0 1 2 2 48190 968
0x0000723b3d8b4400 0x0000000c61ddf400 0 0 0 0 1 2 2 48190 976
0x0000723b3d8b4480 0x0000000c61ddf480 0 0 0 0 1 2 2 48190 984
0x0000723b3d8b4500 0x0000000c61ddf500 0 1 0 0 1 2 2 48190 976
0x0000723b3d8b4580 0x0000000c61ddf580 0 1 0 0 1 2 2 48190 984
0x0000723b3d8b4600 0x0000000c61ddf600 0 0 1 0 1 2 2 48190 976
0x0000723b3d8b4680 0x0000000c61ddf680 0 0 1 0 1 2 2 48190 984
0x0000723b3d8b4700 0x0000000c61ddf700 0 1 1 0 1 2 2 48190 976
0x0000723b3d8b4780 0x0000000c61ddf780 0 1 1 0 1 2 2 48190 984
0x0000723b3d8b4800 0x0000000c61ddf800 0 0 0 0 1 2 2 48190 992
0x0000723b3d8b4880 0x0000000c61ddf880 0 0 0 0 1 2 2 48190 1000
0x0000723b3d8b4900 0x0000000c61ddf900 0 1 0 0 1 2 2 48190 992
0x0000723b3d8b4980 0x0000000c61ddf980 0 1 0 0 1 2 2 48190 1000
0x0000723b3d8b4a00 0x0000000c61ddfa00 0 0 1 0 1 2 2 48190 992
0x0000723b3d8b4a80 0x0000000c61ddfa80 0 0 1 0 1 2 2 48190 1000
0x0000723b3d8b4b00 0x0000000c61ddfb00 0 1 1 0 1 2 2 48190 992
0x0000723b3d8b4b80 0x0000000c61ddfb80 0 1 1 0 1 2 2 48190 1000
0x0000723b3d8b4c00 0x0000000c61ddfc00 0 0 0 0 1 2 2 48190 1008
0x0000723b3d8b4c80 0x0000000c61ddfc80 0 0 0 0 1 2 2 48190 1016
0x0000723b3d8b4d00 0x0000000c61ddfd00 0 1 0 0 1 2 2 48190 1008
0x0000723b3d8b4d80 0x0000000c61ddfd80 0 1 0 0 1 2 2 48190 1016
0x0000723b3d8b4e00 0x0000000c61ddfe00 0 0 1 0 1 2 2 48190 1008
0x0000723b3d8b4e80 0x0000000c61ddfe80 0 0 1 0 1 2 2 48190 1016
0x0000723b3d8b4f00 0x0000000c61ddff00 0 1 1 0 1 2 2 48190 1008
0x0000723b3d8b4f80 0x0000000c61ddff80 0 1 1 0 1 2 2 48190 1016
0x0000723b3d8b7000 0x0000000df3dfe000 0 0 0 0 1 2 2 56943 896
0x0000723b3d8b7080 0x0000000df3dfe080 0 0 0 0 1 2 2 56943 904
0x0000723b3d8b7100 0x0000000df3dfe100 0 1 0 0 1 2 2 56943 896
0x0000723b3d8b7180 0x0000000df3dfe180 0 1 0 0 1 2 2 56943 904
0x0000723b3d8b7200 0x0000000df3dfe200 0 0 1 0 1 2 2 56943 896
0x0000723b3d8b7280 0x0000000df3dfe280 0 0 1 0 1 2 2 56943 904
0x0000723b3d8b7300 0x0000000df3dfe300 0 1 1 0 1 2 2 56943 896
0x0000723b3d8b7380 0x0000000df3dfe380 0 1 1 0 1 2 2 56943 904
0x0000723b3d8b7400 0x0000000df3dfe400 0 0 0 0 1 2 2 56943 912
0x0000723b3d8b7480 0x0000000df3dfe480 0 0 0 0 1 2 2 56943 920
0x0000723b3d8b7500 0x0000000df3dfe500 0 1 0 0 1 2 2 56943 912
0x0000723b3d8b7580 0x0000000df3dfe580 0 1 0 0 1 2 2 56943 920
0x0000723b3d8b7600 0x0000000df3dfe600 0 0 1 0 1 2 2 56943 912
0x0000723b3d8b7680 0x0000000df3dfe680 0 0 1 0 1 2 2 56943 920
0x0000723b3d8b7700 0x0000000df3dfe700 0 1 1 0 1 2 2 56943 912
0x0000723b3d8b7780 0x0000000df3dfe780 0 1 1 0 1 2 2 56943 920
0x0000723b3d8b7800 0x0000000df3dfe800 0 0 0 0 1 2 2 56943 928
0x0000723b3d8b7880 0x0000000df3dfe880 0 0 0 0 1 2 2 56943 936
0x0000723b3d8b7900 0x0000000df3dfe900 0 1 0 0 1 2 2 56943 928
0x0000723b3d8b7980 0x0000000df3dfe980 0 1 0 0 1 2 2 56943 936
0x0000723b3d8b7a00 0x0000000df3dfea00 0 0 1 0 1 2 2 56943 928
0x0000723b3d8b7a80 0x0000000df3dfea80 0 0 1 0 1 2 2 56943 936
0x0000723b3d8b7b00 0x0000000df3dfeb00 0 1 1 0 1 2 2 56943 928
0x0000723b3d8b7b80 0x0000000df3dfeb80 0 1 1 0 1 2 2 56943 936
0x0000723b3d8b7c00 0x0000000df3dfec00 0 0 0 0 1 2 2 56943 944
0x0000723b3d8b7c80 0x0000000df3dfec80 0 0 0 0 1 2 2 56943 952
0x0000723b3d8b7d00 0x0000000df3dfed00 0 1 0 0 1 2 2 56943 944
0x0000723b3d8b7d80 0x0000000df3dfed80 0 1 0 0 1 2 2 56943 952
0x0000723b3d8b7e00 0x0000000df3dfee00 0 0 1 0 1 2 2 56943 944
0x0000723b3d8b7e80 0x0000000df3dfee80 0 0 1 0 1 2 2 56943 952
0x0000723b3d8b7f00 0x0000000df3dfef00 0 1 1 0 1 2 2 56943 944
0x0000723b3d8b7f80 0x0000000df3dfef80 0 1 1 0 1 2 2 56943 952
0x0000723b3d8be000 0x000000042957d000 0 0 0 0 1 2 2 13619 832
0x0000723b3d8be080 0x000000042957d080 0 0 0 0 1 2 2 13619 840
0x0000723b3d8be100 0x000000042957d100 0 1 0 0 1 2 2 13619 832
0x0000723b3d8be180 0x000000042957d180 0 1 0 0 1 2 2 13619 840
0x0000723b3d8be200 0x000000042957d200 0 0 1 0 1 2 2 13619 832
0x0000723b3d8be280 0x000000042957d280 0 0 1 0 1 2 2 13619 840
0x0000723b3d8be300 0x000000042957d300 0 1 1 0 1 2 2 13619 832
0x0000723b3d8be380 0x000000042957d380 0 1 1 0 1 2 2 13619 840
0x0000723b3d8be400 0x000000042957d400 0 0 0 0 1 2 2 13619 848
0x0000723b3d8be480 0x000000042957d480 0 0 0 0 1 2 2 13619 856
0x0000723b3d8be500 0x000000042957d500 0 1 0 0 1 2 2 13619 848
0x0000723b3d8be580 0x000000042957d580 0 1 0 0 1 2 2 13619 856
0x0000723b3d8be600 0x000000042957d600 0 0 1 0 1 2 2 13619 848
0x0000723b3d8be680 0x000000042957d680 0 0 1 0 1 2 2 13619 856
0x0000723b3d8be700 0x000000042957d700 0 1 1 0 1 2 2 13619 848
0x0000723b3d8be780 0x000000042957d780 0 1 1 0 1 2 2 13619 856
0x0000723b3d8be800 0x000000042957d800 0 0 0 0 1 2 2 13619 864
0x0000723b3d8be880 0x000000042957d880 0 0 0 0 1 2 2 13619 872
0x0000723b3d8be900 0x000000042957d900 0 1 0 0 1 2 2 13619 864
0x0000723b3d8be980 0x000000042957d980 0 1 0 0 1 2 2 13619 872
0x0000723b3d8bea00 0x000000042957da00 0 0 1 0 1 2 2 13619 864
0x0000723b3d8bea80 0x000000042957da80 0 0 1 0 1 2 2 13619 872
0x0000723b3d8beb00 0x000000042957db00 0 1 1 0 1 2 2 13619 864
0x0000723b3d8beb80 0x000000042957db80 0 1 1 0 1 2 2 13619 872
0x0000723b3d8bec00 0x000000042957dc00 0 0 0 0 1 2 2 13619 880
0x0000723b3d8bec80 0x000000042957dc80 0 0 0 0 1 2 2 13619 888
0x0000723b3d8bed00 0x000000042957dd00 0 1 0 0 1 2 2 13619 880
0x0000723b3d8bed80 0x000000042957dd80 0 1 0 0 1 2 2 13619 888
0x0000723b3d8bee00 0x000000042957de00 0 0 1 0 1 2 2 13619 880
0x0000723b3d8bee80 0x000000042957de80 0 0 1 0 1 2 2 13619 888
0x0000723b3d8bef00 0x000000042957df00 0 1 1 0 1 2 2 13619 880
0x0000723b3d8bef80 0x000000042957df80 0 1 1 0 1 2 2 13619 888
0x0000723b3d8c1000 0x000000059ad35000 0 0 0 0 0 2 2 21321 832
0x0000723b3d8c1080 0x000000059ad35080 0 0 0 0 0 2 2 21321 840
0x0000723b3d8c1100 0x000000059ad35100 0 1 0 0 0 2 2 21321 832
0x0000723b3d8c1180 0x000000059ad35180 0 1 0 0 0 2 2 21321 840
0x0000723b3d8c1200 0x000000059ad35200 0 0 1 0 0 2 2 21321 832
0x0000723b3d8c1280 0x000000059ad35280 0 0 1 0 0 2 2 21321 840
0x0000723b3d8c1300 0x000000059ad35300 0 1 1 0 0 2 2 21321 832
0x0000723b3d8c1380 0x000000059ad35380 0 1 1 0 0 2 2 21321 840
0x0000723b3d8c1400 0x000000059ad35400 0 0 0 0 0 2 2 21321 848
0x0000723b3d8c1480 0x000000059ad35480 0 0 0 0 0 2 2 21321 856
0x0000723b3d8c1500 0x000000059ad35500 0 1 0 0 0 2 2 21321 848
0x0000723b3d8c1580 0x000000059ad35580 0 1 0 0 0 2 2 21321 856
0x0000723b3d8c1600 0x000000059ad35600 0 0 1 0 0 2 2 21321 848
0x0000723b3d8c1680 0x000000059ad35680 0 0 1 0 0 2 2 21321 856
0x0000723b3d8c1700 0x000000059ad35700 0 1 1 0 0 2 2 21321 848
0x0000723b3d8c1780 0x000000059ad35780 0 1 1 0 0 2 2 21321 856
0x0000723b3d8c1800 0x000000059ad35800 0 0 0 0 0 2 2 21321 864
0x0000723b3d8c1880 0x000000059ad35880 0 0 0 0 0 2 2 21321 872
0x0000723b3d8c1900 0x000000059ad35900 0 1 0 0 0 2 2 21321 864
0x0000723b3d8c1980 0x000000059ad35980 0 1 0 0 0 2 2 21321 872
0x0000723b3d8c1a00 0x000000059ad35a00 0 0 1 0 0 2 2 21321 864
0x0000723b3d8c1a80 0x000000059ad35a80 0 0 1 0 0 2 2 21321 872
0x0000723b3d8c1b00 0x000000059ad35b00 0 1 1 0 0 2 2 21321 864
0x0000723b3d8c1b80 0x000000059ad35b80 0 1 1 0 0 2 2 21321 872
0x0000723b3d8c1c00 0x000000059ad35c00 0 0 0 0 0 2 2 21321 880
0x0000723b3d8c1c80 0x000000059ad35c80 0 0 0 0 0 2 2 21321 888
0x0000723b3d8c1d00 0x000000059ad35d00 0 1 0 0 0 2 2 21321 880
0x0000723b3d8c1d80 0x000000059ad35d80 0 1 0 0 0 2 2 21321 888
0x0000723b3d8c1e00 0x000000059ad35e00 0 0 1 0 0 2 2 21321 880
0x0000723b3d8c1e80 0x000000059ad35e80 0 0 1 0 0 2 2 21321 888
0x0000723b3d8c1f00 0x000000059ad35f00 0 1 1 0 0 2 2 21321 880
0x0000723b3d8c1f80 0x000000059ad35f80 0 1 1 0 0 2 2 21321 888
0x0000723b3d8c9000 0x000000084ad9d000 0 0 0 0 1 2 2 31068 832
0x0000723b3d8c9080 0x000000084ad9d080 0 0 0 0 1 2 2 31068 840
0x0000723b3d8c9100 0x000000084ad9d100 0 1 0 0 1 2 2 31068 832
0x0000723b3d8c9180 0x000000084ad9d180 0 1 0 0 1 2 2 31068 840
0x0000723b3d8c9200 0x000000084ad9d200 0 0 1 0 1 2 2 31068 832
0x0000723b3d8c9280 0x000000084ad9d280 0 0 1 0 1 2 2 31068 840
0x0000723b3d8c9300 0x000000084ad9d300 0 1 1 0 1 2 2 31068 832
0x0000723b3d8c9380 0x000000084ad9d380 0 1 1 0 1 2 2 31068 840
0x0000723b3d8c9400 0x000000084ad9d400 0 0 0 0 1 2 2 31068 848
0x0000723b3d8c9480 0x000000084ad9d480 0 0 0 0 1 2 2 31068 856
0x0000723b3d8c9500 0x000000084ad9d500 0 1 0 0 1 2 2 31068 848
0x0000723b3d8c9580 0x000000084ad9d580 0 1 0 0 1 2 2 31068 856
0x0000723b3d8c9600 0x000000084ad9d600 0 0 1 0 1 2 2 31068 848
0x0000723b3d8c9680 0x000000084ad9d680 0 0 1 0 1 2 2 31068 856
0x0000723b3d8c9700 0x000000084ad9d700 0 1 1 0 1 2 2 31068 848
0x0000723b3d8c9780 0x000000084ad9d780 0 1 1 0 1 2 2 31068 856
0x0000723b3d8c9800 0x000000084ad9d800 0 0 0 0 1 2 2 31068 864
0x0000723b3d8c9880 0x000000084ad9d880 0 0 0 0 1 2 2 31068 872
0x0000723b3d8c9900 0x000000084ad9d900 0 1 0 0 1 2 2 31068 864
0x0000723b3d8c9980 0x000000084ad9d980 0 1 0 0 1 2 2 31068 872
0x0000723b3d8c9a00 0x000000084ad9da00 0 0 1 0 1 2 2 31068 864
0x0000723b3d8c9a80 0x000000084ad9da80 0 0 1 0 1 2 2 31068 872
0x0000723b3d8c9b00 0x000000084ad9db00 0 1 1 0 1 2 2 31068 864
0x0000723b3d8c9b80 0x000000084ad9db80 0 1 1 0 1 2 2 31068 872
0x0000723b3d8c9c00 0x000000084ad9dc00 0 0 0 0 1 2 2 31068 880
0x0000723b3d8c9c80 0x000000084ad9dc80 0 0 0 0 1 2 2 31068 888
0x0000723b3d8c9d00 0x000000084ad9dd00 0 1 0 0 1 2 2 31068 880
0x0000723b3d8c9d80 0x000000084ad9dd80 0 1 0 0 1 2 2 31068 888
0x0000723b3d8c9e00 0x000000084ad9de00 0 0 1 0 1 2 2 31068 880
0x0000723b3d8c9e80 0x000000084ad9de80 0 0 1 0 1 2 2 31068 888
0x0000723b3d8c9f00 0x000000084ad9df00 0 1 1 0 1 2 2 31068 880
0x0000723b3d8c9f80 0x000000084ad9df80 0 1 1 0 1 2 2 31068 888
0x0000723b3d8ca000 0x00000007e4504000 0 0 0 0 0 2 2 31872 256
0x0000723b3d8ca080 0x00000007e4504080 0 0 0 0 0 2 2 31872 264
0x0000723b3d8ca100 0x00000007e4504100 0 1 0 0 0 2 2 31872 256
0x0000723b3d8ca180 0x00000007e4504180 0 1 0 0 0 2 2 31872 264
0x0000723b3d8ca200 0x00000007e4504200 0 0 1 0 0 2 2 31872 256
0x0000723b3d8ca280 0x00000007e4504280 0 0 1 0 0 2 2 31872 264
0x0000723b3d8ca300 0x00000007e4504300 0 1 1 0 0 2 2 31872 256
0x0000723b3d8ca380 0x00000007e4504380 0 1 1 0 0 2 2 31872 264
0x0000723b3d8ca400 0x00000007e4504400 0 0 0 0 0 2 2 31872 272
0x0000723b3d8ca480 0x00000007e4504480 0 0 0 0 0 2 2 31872 280
0x0000723b3d8ca500 0x00000007e4504500 0 1 0 0 0 2 2 31872 272
0x0000723b3d8ca580 0x00000007e4504580 0 1 0 0 0 2 2 31872 280
0x0000723b3d8ca600 0x00000007e4504600 0 0 1 0 0 2 2 31872 272
0x0000723b3d8ca680 0x00000007e4504680 0 0 1 0 0 2 2 31872 280
0x0000723b3d8ca700 0x00000007e4504700 0 1 1 0 0 2 2 31872 272
0x0000723b3d8ca780 0x00000007e4504780 0 1 1 0 0 2 2 31872 280
0x0000723b3d8ca800 0x00000007e4504800 0 0 0 0 0 2 2 31872 288
0x0000723b3d8ca880 0x00000007e4504880 0 0 0 0 0 2 2 31872 296
0x0000723b3d8ca900 0x00000007e4504900 0 1 0 0 0 2 2 31872 288
0x0000723b3d8ca980 0x00000007e4504980 0 1 0 0 0 2 2 31872 296
0x0000723b3d8caa00 0x00000007e4504a00 0 0 1 0 0 2 2 31872 288
0x0000723b3d8caa80 0x00000007e4504a80 0 0 1 0 0 2 2 31872 296
0x0000723b3d8cab00 0x00000007e4504b00 0 1 1 0 0 2 2 31872 288
0x0000723b3d8cab80 0x00000007e4504b80 0 1 1 0 0 2 2 31872 296
0x0000723b3d8cac00 0x00000007e4504c00 0 0 0 0 0 2 2 31872 304
0x0000723b3d8cac80 0x00000007e4504c80 0 0 0 0 0 2 2 31872 312
0x0000723b3d8cad00 0x00000007e4504d00 0 1 0 0 0 2 2 31872 304
0x0000723b3d8cad80 0x00000007e4504d80 0 1 0 0 0 2 2 31872 312
0x0000723b3d8cae00 0x00000007e4504e00 0 0 1 0 0 2 2 31872 304
0x0000723b3d8cae80 0x00000007e4504e80 0 0 1 0 0 2 2 31872 312
0x0000723b3d8caf00 0x00000007e4504f00 0 1 1 0 0 2 2 31872 304
0x0000723b3d8caf80 0x00000007e4504f80 0 1 1 0 0 2 2 31872 312
0x0000723b3d8cb000 0x00000009c2597000 0 0 0 0 0 2 2 38980 960
0x0000723b3d8cb080 0x00000009c2597080 0 0 0 0 0 2 2 38980 968
0x0000723b3d8cb100 0x00000009c2597100 0 1 0 0 0 2 2 38980 960
0x0000723b3d8cb180 0x00000009c2597180 0 1 0 0 0 2 2 38980 968
0x0000723b3d8cb200 0x00000009c2597200 0 0 1 0 0 2 2 38980 960
0x0000723b3d8cb280 0x00000009c2597280 0 0 1 0 0 2 2 38980 968
0x0000723b3d8cb300 0x00000009c2597300 0 1 1 0 0 2 2 38980 960
0x0000723b3d8cb380 0x00000009c2597380 0 1 1 0 0 2 2 38980 968
0x0000723b3d8cb400 0x00000009c2597400 0 0 0 0 0 2 2 38980 976
0x0000723b3d8cb480 0x00000009c2597480 0 0 0 0 0 2 2 38980 984
0x0000723b3d8cb500 0x00000009c2597500 0 1 0 0 0 2 2 38980 976
0x0000723b3d8cb580 0x00000009c2597580 0 1 0 0 0 2 2 38980 984
0x0000723b3d8cb600 0x00000009c2597600 0 0 1 0 0 2 2 38980 976
0x0000723b3d8cb680 0x00000009c2597680 0 0 1 0 0 2 2 38980 984
0x0000723b3d8cb700 0x00000009c2597700 0 1 1 0 0 2 2 38980 976
0x0000723b3d8cb780 0x00000009c2597780 0 1 1 0 0 2 2 38980 984
0x0000723b3d8cb800 0x00000009c2597800 0 0 0 0 0 2 2 38980 992
0x0000723b3d8cb880 0x00000009c2597880 0 0 0 0 0 2 2 38980 1000
0x0000723b3d8cb900 0x00000009c2597900 0 1 0 0 0 2 2 38980 992
0x0000723b3d8cb980 0x00000009c2597980 0 1 0 0 0 2 2 38980 1000
0x0000723b3d8cba00 0x00000009c2597a00 0 0 1 0 0 2 2 38980 992
0x0000723b3d8cba80 0x00000009c2597a80 0 0 1 0 0 2 2 38980 1000
0x0000723b3d8cbb00 0x00000009c2597b00 0 1 1 0 0 2 2 38980 992
0x0000723b3d8cbb80 0x00000009c2597b80 0 1 1 0 0 2 2 38980 1000
0x0000723b3d8cbc00 0x00000009c2597c00 0 0 0 0 0 2 2 38980 1008
0x0000723b3d8cbc80 0x00000009c2597c80 0 0 0 0 0 2 2 38980 1016
0x0000723b3d8cbd00 0x00000009c2597d00 0 1 0 0 0 2 2 38980 1008
0x0000723b3d8cbd80 0x00000009c2597d80 0 1 0 0 0 2 2 38980 1016
0x0000723b3d8cbe00 0x00000009c2597e00 0 0 1 0 0 2 2 38980 1008
0x0000723b3d8cbe80 0x00000009c2597e80 0 0 1 0 0 2 2 38980 1016
0x0000723b3d8cbf00 0x00000009c2597f00 0 1 1 0 0 2 2 38980 1008
0x0000723b3d8cbf80 0x00000009c2597f80 0 1 1 0 0 2 2 38980 1016
0x0000723b3d8ce000 0x0000000f05577000 0 0 0 0 0 2 2 57523 960
0x0000723b3d8ce080 0x0000000f05577080 0 0 0 0 0 2 2 57523 968
0x0000723b3d8ce100 0x0000000f05577100 0 1 0 0 0 2 2 57523 960
0x0000723b3d8ce180 0x0000000f05577180 0 1 0 0 0 2 2 57523 968
0x0000723b3d8ce200 0x0000000f05577200 0 0 1 0 0 2 2 57523 960
0x0000723b3d8ce280 0x0000000f05577280 0 0 1 0 0 2 2 57523 968
0x0000723b3d8ce300 0x0000000f05577300 0 1 1 0 0 2 2 57523 960
0x0000723b3d8ce380 0x0000000f05577380 0 1 1 0 0 2 2 57523 968
0x0000723b3d8ce400 0x0000000f05577400 0 0 0 0 0 2 2 57523 976
0x0000723b3d8ce480 0x0000000f05577480 0 0 0 0 0 2 2 57523 984
0x0000723b3d8ce500 0x0000000f05577500 0 1 0 0 0 2 2 57523 976
0x0000723b3d8ce580 0x0000000f05577580 0 1 0 0 0 2 2 57523 984
0x0000723b3d8ce600 0x0000000f05577600 0 0 1 0 0 2 2 57523 976
0x0000723b3d8ce680 0x0000000f05577680 0 0 1 0 0 2 2 57523 984
0x0000723b3d8ce700 0x0000000f05577700 0 1 1 0 0 2 2 57523 976
0x0000723b3d8ce780 0x0000000f05577780 0 1 1 0 0 2 2 57523 984
0x0000723b3d8ce800 0x0000000f05577800 0 0 0 0 0 2 2 57523 992
0x0000723b3d8ce880 0x0000000f05577880 0 0 0 0 0 2 2 57523 1000
0x0000723b3d8ce900 0x0000000f05577900 0 1 0 0 0 2 2 57523 992
0x0000723b3d8ce980 0x0000000f05577980 0 1 0 0 0 2 2 57523 1000
0x0000723b3d8cea00 0x0000000f05577a00 0 0 1 0 0 2 2 57523 992
0x0000723b3d8cea80 0x0000000f05577a80 0 0 1 0 0 2 2 57523 1000
0x0000723b3d8ceb00 0x0000000f05577b00 0 1 1 0 0 2 2 57523 992
0x0000723b3d8ceb80 0x0000000f05577b80 0 1 1 0 0 2 2 57523 1000
0x0000723b3d8cec00 0x0000000f05577c00 0 0 0 0 0 2 2 57523 1008
0x0000723b3d8cec80 0x0000000f05577c80 0 0 0 0 0 2 2 57523 1016
0x0000723b3d8ced00 0x0000000f05577d00 0 1 0 0 0 2 2 57523 1008
0x0000723b3d8ced80 0x0000000f05577d80 0 1 0 0 0 2 2 57523 1016
0x0000723b3d8cee00 0x0000000f05577e00 0 0 1 0 0 2 2 57523 1008
0x0000723b3d8cee80 0x0000000f05577e80 0 0 1 0 0 2 2 57523 1016
0x0000723b3d8cef00 0x0000000f05577f00 0 1 1 0 0 2 2 57523 1008
0x0000723b3d8cef80 0x0000000f05577f80 0 1 1 0 0 2 2 57523 1016
0x0000723b3d8cf000 0x0000000d9a5cd000 0 0 0 0 1 2 2 54086 320
0x0000723b3d8cf080 0x0000000d9a5cd080 0 0 0 0 1 2 2 54086 328
0x0000723b3d8cf100 0x0000000d9a5cd100 0 1 0 0 1 2 2 54086 320
0x0000723b3d8cf180 0x0000000d9a5cd180 0 1 0 0 1 2 2 54086 328
0x0000723b3d8cf200 0x0000000d9a5cd200 0 0 1 0 1 2 2 54086 320
0x0000723b3d8cf280 0x0000000d9a5cd280 0 0 1 0 1 2 2 54086 328
0x0000723b3d8cf300 0x0000000d9a5cd300 0 1 1 0 1 2 2 54086 320
0x0000723b3d8cf380 0x0000000d9a5cd380 0 1 1 0 1 2 2 54086 328
0x0000723b3d8cf400 0x0000000d9a5cd400 0 0 0 0 1 2 2 54086 336
0x0000723b3d8cf480 0x0000000d9a5cd480 0 0 0 0 1 2 2 54086 344
0x0000723b3d8cf500 0x0000000d9a5cd500 0 1 0 0 1 2 2 54086 336
0x0000723b3d8cf580 0x0000000d9a5cd580 0 1 0 0 1 2 2 54086 344
0x0000723b3d8cf600 0x0000000d9a5cd600 0 0 1 0 1 2 2 54086 336
0x0000723b3d8cf680 0x0000000d9a5cd680 0 0 1 0 1 2 2 54086 344
0x0000723b3d8cf700 0x0000000d9a5cd700 0 1 1 0 1 2 2 54086 336
0x0000723b3d8cf780 0x0000000d9a5cd780 0 1 1 0 1 2 2 54086 344
0x0000723b3d8cf800 0x0000000d9a5cd800 0 0 0 0 1 2 2 54086 352
0x0000723b3d8cf880 0x0000000d9a5cd880 0 0 0 0 1 2 2 54086 360
0x0000723b3d8cf900 0x0000000d9a5cd900 0 1 0 0 1 2 2 54086 352
0x0000723b3d8cf980 0x0000000d9a5cd980 0 1 0 0 1 2 2 54086 360
0x0000723b3d8cfa00 0x0000000d9a5cda00 0 0 1 0 1 2 2 54086 352
0x0000723b3d8cfa80 0x0000000d9a5cda80 0 0 1 0 1 2 2 54086 360
0x0000723b3d8cfb00 0x0000000d9a5cdb00 0 1 1 0 1 2 2 54086 352
0x0000723b3d8cfb80 0x0000000d9a5cdb80 0 1 1 0 1 2 2 54086 360
0x0000723b3d8cfc00 0x0000000d9a5cdc00 0 0 0 0 1 2 2 54086 368
0x0000723b3d8cfc80 0x0000000d9a5cdc80 0 0 0 0 1 2 2 54086 376
0x0000723b3d8cfd00 0x0000000d9a5cdd00 0 1 0 0 1 2 2 54086 368
0x0000723b3d8cfd80 0x0000000d9a5cdd80 0 1 0 0 1 2 2 54086 376
0x0000723b3d8cfe00 0x0000000d9a5cde00 0 0 1 0 1 2 2 54086 368
0x0000723b3d8cfe80 0x0000000d9a5cde80 0 0 1 0 1 2 2 54086 376
0x0000723b3d8cff00 0x0000000d9a5cdf00 0 1 1 0 1 2 2 54086 368
0x0000723b3d8cff80 0x0000000d9a5cdf80 0 1 1 0 1 2 2 54086 376
0x0000723b3d8dd000 0x0000000d8051a000 0 0 0 0 1 2 2 53248 640
0x0000723b3d8dd080 0x0000000d8051a080 0 0 0 0 1 2 2 53248 648
0x0000723b3d8dd100 0x0000000d8051a100 0 1 0 0 1 2 2 53248 640
0x0000723b3d8dd180 0x0000000d8051a180 0 1 0 0 1 2 2 53248 648
0x0000723b3d8dd200 0x0000000d8051a200 0 0 1 0 1 2 2 53248 640
0x0000723b3d8dd280 0x0000000d8051a280 0 0 1 0 1 2 2 53248 648
0x0000723b3d8dd300 0x0000000d8051a300 0 1 1 0 1 2 2 53248 640
0x0000723b3d8dd380 0x0000000d8051a380 0 1 1 0 1 2 2 53248 648
0x0000723b3d8dd400 0x0000000d8051a400 0 0 0 0 1 2 2 53248 656
0x0000723b3d8dd480 0x0000000d8051a480 0 0 0 0 1 2 2 53248 664
0x0000723b3d8dd500 0x0000000d8051a500 0 1 0 0 1 2 2 53248 656
0x0000723b3d8dd580 0x0000000d8051a580 0 1 0 0 1 2 2 53248 664
0x0000723b3d8dd600 0x0000000d8051a600 0 0 1 0 1 2 2 53248 656
0x0000723b3d8dd680 0x0000000d8051a680 0 0 1 0 1 2 2 53248 664
0x0000723b3d8dd700 0x0000000d8051a700 0 1 1 0 1 2 2 53248 656
0x0000723b3d8dd780 0x0000000d8051a780 0 1 1 0 1 2 2 53248 664
0x0000723b3d8dd800 0x0000000d8051a800 0 0 0 0 1 2 2 53248 672
0x0000723b3d8dd880 0x0000000d8051a880 0 0 0 0 1 2 2 53248 680
0x0000723b3d8dd900 0x0000000d8051a900 0 1 0 0 1 2 2 53248 672
0x0000723b3d8dd980 0x0000000d8051a980 0 1 0 0 1 2 2 53248 680
0x0000723b3d8dda00 0x0000000d8051aa00 0 0 1 0 1 2 2 53248 672
0x0000723b3d8dda80 0x0000000d8051aa80 0 0 1 0 1 2 2 53248 680
0x0000723b3d8ddb00 0x0000000d8051ab00 0 1 1 0 1 2 2 53248 672
0x0000723b3d8ddb80 0x0000000d8051ab80 0 1 1 0 1 2 2 53248 680
0x0000723b3d8ddc00 0x0000000d8051ac00 0 0 0 0 1 2 2 53248 688
0x0000723b3d8ddc80 0x0000000d8051ac80 0 0 0 0 1 2 2 53248 696
0x0000723b3d8ddd00 0x0000000d8051ad00 0 1 0 0 1 2 2 53248 688
0x0000723b3d8ddd80 0x0000000d8051ad80 0 1 0 0 1 2 2 53248 696
0x0000723b3d8dde00 0x0000000d8051ae00 0 0 1 0 1 2 2 53248 688
0x0000723b3d8dde80 0x0000000d8051ae80 0 0 1 0 1 2 2 53248 696
0x0000723b3d8ddf00 0x0000000d8051af00 0 1 1 0 1 2 2 53248 688
0x0000723b3d8ddf80 0x0000000d8051af80 0 1 1 0 1 2 2 53248 696
0x0000723b3d8e3000 0x0000000ee95ad000 0 0 0 0 1 2 2 60709 320
0x0000723b3d8e3080 0x0000000ee95ad080 0 0 0 0 1 2 2 60709 328
0x0000723b3d8e3100 0x0000000ee95ad100 0 1 0 0 1 2 2 60709 320
0x0000723b3d8e3180 0x0000000ee95ad180 0 1 0 0 1 2 2 60709 328
0x0000723b3d8e3200 0x0000000ee95ad200 0 0 1 0 1 2 2 60709 320
0x0000723b3d8e3280 0x0000000ee95ad280 0 0 1 0 1 2 2 60709 328
0x0000723b3d8e3300 0x0000000ee95ad300 0 1 1 0 1 2 2 60709 320
0x0000723b3d8e3380 0x0000000ee95ad380 0 1 1 0 1 2 2 60709 328
0x0000723b3d8e3400 0x0000000ee95ad400 0 0 0 0 1 2 2 60709 336
0x0000723b3d8e3480 0x0000000ee95ad480 0 0 0 0 1 2 2 60709 344
0x0000723b3d8e3500 0x0000000ee95ad500 0 1 0 0 1 2 2 60709 336
0x0000723b3d8e3580 0x0000000ee95ad580 0 1 0 0 1 2 2 60709 344
0x0000723b3d8e3600 0x0000000ee95ad600 0 0 1 0 1 2 2 60709 336
0x0000723b3d8e3680 0x0000000ee95ad680 0 0 1 0 1 2 2 60709 344
0x0000723b3d8e3700 0x0000000ee95ad700 0 1 1 0 1 2 2 60709 336
0x0000723b3d8e3780 0x0000000ee95ad780 0 1 1 0 1 2 2 60709 344
0x0000723b3d8e3800 0x0000000ee95ad800 0 0 0 0 1 2 2 60709 352
0x0000723b3d8e3880 0x0000000ee95ad880 0 0 0 0 1 2 2 60709 360
0x0000723b3d8e3900 0x0000000ee95ad900 0 1 0 0 1 2 2 60709 352
0x0000723b3d8e3980 0x0000000ee95ad980 0 1 0 0 1 2 2 60709 360
0x0000723b3d8e3a00 0x0000000ee95ada00 0 0 1 0 1 2 2 60709 352
0x0000723b3d8e3a80 0x0000000ee95ada80 0 0 1 0 1 2 2 60709 360
0x0000723b3d8e3b00 0x0000000ee95adb00 0 1 1 0 1 2 2 60709 352
0x0000723b3d8e3b80 0x0000000ee95adb80 0 1 1 0 1 2 2 60709 360
0x0000723b3d8e3c00 0x0000000ee95adc00 0 0 0 0 1 2 2 60709 368
0x0000723b3d8e3c80 0x0000000ee95adc80 0 0 0 0 1 2 2 60709 376
0x0000723b3d8e3d00 0x0000000ee95add00 0 1 0 0 1 2 2 60709 368
0x0000723b3d8e3d80 0x0000000ee95add80 0 1 0 0 1 2 2 60709 376
0x0000723b3d8e3e00 0x0000000ee95ade00 0 0 1 0 1 2 2 60709 368
0x0000723b3d8e3e80 0x0000000ee95ade80 0 0 1 0 1 2 2 60709 376
0x0000723b3d8e3f00 0x0000000ee95adf00 0 1 1 0 1 2 2 60709 368
0x0000723b3d8e3f80 0x0000000ee95adf80 0 1 1 0 1 2 2 60709 376
0x0000723b3d8ff000 0x000000076cde0000 0 0 0 0 0 2 2 28063 0
0x0000723b3d8ff080 0x000000076cde0080 0 0 0 0 0 2 2 28063 8
0x0000723b3d8ff100 0x000000076cde0100 0 1 0 0 0 2 2 28063 0
0x0000723b3d8ff180 0x000000076cde0180 0 1 0 0 0 2 2 28063 8
0x0000723b3d8ff200 0x000000076cde0200 0 0 1 0 0 2 2 28063 0
0x0000723b3d8ff280 0x000000076cde0280 0 0 1 0 0 2 2 28063 8
0x0000723b3d8ff300 0x000000076cde0300 0 1 1 0 0 2 2 28063 0
0x0000723b3d8ff380 0x000000076cde0380 0 1 1 0 0 2 2 28063 8
0x0000723b3d8ff400 0x000000076cde0400 0 0 0 0 0 2 2 28063 16
0x0000723b3d8ff480 0x000000076cde0480 0 0 0 0 0 2 2 28063 24
0x0000723b3d8ff500 0x000000076cde0500 0 1 0 0 0 2 2 28063 16
0x0000723b3d8ff580 0x000000076cde0580 0 1 0 0 0 2 2 28063 24
0x0000723b3d8ff600 0x000000076cde0600 0 0 1 0 0 2 2 28063 16
0x0000723b3d8ff680 0x000000076cde0680 0 0 1 0 0 2 2 28063 24
0x0000723b3d8ff700 0x000000076cde0700 0 1 1 0 0 2 2 28063 16
0x0000723b3d8ff780 0x000000076cde0780 0 1 1 0 0 2 2 28063 24
0x0000723b3d8ff800 0x000000076cde0800 0 0 0 0 0 2 2 28063 32
0x0000723b3d8ff880 0x000000076cde0880 0 0 0 0 0 2 2 28063 40
0x0000723b3d8ff900 0x000000076cde0900 0 1 0 0 0 2 2 28063 32
0x0000723b3d8ff980 0x000000076cde0980 0 1 0 0 0 2 2 28063 40
0x0000723b3d8ffa00 0x000000076cde0a00 0 0 1 0 0 2 2 28063 32
0x0000723b3d8ffa80 0x000000076cde0a80 0 0 1 0 0 2 2 28063 40
0x0000723b3d8ffb00 0x000000076cde0b00 0 1 1 0 0 2 2 28063 32
0x0000723b3d8ffb80 0x000000076cde0b80 0 1 1 0 0 2 2 28063 40
0x0000723b3d8ffc00 0x000000076cde0c00 0 0 0 0 0 2 2 28063 48
0x0000723b3d8ffc80 0x000000076cde0c80 0 0 0 0 0 2 2 28063 56
0x0000723b3d8ffd00 0x000000076cde0d00 0 1 0 0 0 2 2 28063 48
0x0000723b3d8ffd80 0x000000076cde0d80 0 1 0 0 0 2 2 28063 56
0x0000723b3d8ffe00 0x000000076cde0e00 0 0 1 0 0 2 2 28063 48
0x0000723b3d8ffe80 0x000000076cde0e80 0 0 1 0 0 2 2 28063 56
0x0000723b3d8fff00 0x000000076cde0f00 0 1 1 0 0 2 2 28063 48
0x0000723b3d8fff80 0x000000076cde0f80 0 1 1 0 0 2 2 28063 56
0x0000723b3d905000 0x00000003ebdb7000 0 0 0 0 0 2 2 15725 960
0x0000723b3d905080 0x00000003ebdb7080 0 0 0 0 0 2 2 15725 968
0x0000723b3d905100 0x00000003ebdb7100 0 1 0 0 0 2 2 15725 960
0x0000723b3d905180 0x00000003ebdb7180 0 1 0 0 0 2 2 15725 968
0x0000723b3d905200 0x00000003ebdb7200 0 0 1 0 0 2 2 15725 960
0x0000723b3d905280 0x00000003ebdb7280 0 0 1 0 0 2 2 15725 968
0x0000723b3d905300 0x00000003ebdb7300 0 1 1 0 0 2 2 15725 960
0x0000723b3d905380 0x00000003ebdb7380 0 1 1 0 0 2 2 15725 968
0x0000723b3d905400 0x00000003ebdb7400 0 0 0 0 0 2 2 15725 976
0x0000723b3d905480 0x00000003ebdb7480 0 0 0 0 0 2 2 15725 984
0x0000723b3d905500 0x00000003ebdb7500 0 1 0 0 0 2 2 15725 976
0x0000723b3d905580 0x00000003ebdb7580 0 1 0 0 0 2 2 15725 984
0x0000723b3d905600 0x00000003ebdb7600 0 0 1 0 0 2 2 15725 976
0x0000723b3d905680 0x00000003ebdb7680 0 0 1 0 0 2 2 15725 984
0x0000723b3d905700 0x00000003ebdb7700 0 1 1 0 0 2 2 15725 976
0x0000723b3d905780 0x00000003ebdb7780 0 1 1 0 0 2 2 15725 984
0x0000723b3d905800 0x00000003ebdb7800 0 0 0 0 0 2 2 15725 992
0x0000723b3d905880 0x00000003ebdb7880 0 0 0 0 0 2 2 15725 1000
0x0000723b3d905900 0x00000003ebdb7900 0 1 0 0 0 2 2 15725 992
0x0000723b3d905980 0x00000003ebdb7980 0 1 0 0 0 2 2 15725 1000
0x0000723b3d905a00 0x00000003ebdb7a00 0 0 1 0 0 2 2 15725 992
0x0000723b3d905a80 0x00000003ebdb7a80 0 0 1 0 0 2 2 15725 1000
0x0000723b3d905b00 0x00000003ebdb7b00 0 1 1 0 0 2 2 15725 992
0x0000723b3d905b80 0x00000003ebdb7b80 0 1 1 0 0 2 2 15725 1000
0x0000723b3d905c00 0x00000003ebdb7c00 0 0 0 0 0 2 2 15725 1008
0x0000723b3d905c80 0x00000003ebdb7c80 0 0 0 0 0 2 2 15725 1016
0x0000723b3d905d00 0x00000003ebdb7d00 0 1 0 0 0 2 2 15725 1008
0x0000723b3d905d80 0x00000003ebdb7d80 0 1 0 0 0 2 2 15725 1016
0x0000723b3d905e00 0x00000003ebdb7e00 0 0 1 0 0 2 2 15725 1008
0x0000723b3d905e80 0x00000003ebdb7e80 0 0 1 0 0 2 2 15725 1016
0x0000723b3d905f00 0x00000003ebdb7f00 0 1 1 0 0 2 2 15725 1008
0x0000723b3d905f80 0x00000003ebdb7f80 0 1 1 0 0 2 2 15725 1016
0x0000723b3d907000 0x0000000f155c7000 0 0 0 0 0 2 2 58038 448
0x0000723b3d907080 0x0000000f155c7080 0 0 0 0 0 2 2 58038 456
0x0000723b3d907100 0x0000000f155c7100 0 1 0 0 0 2 2 58038 448
0x0000723b3d907180 0x0000000f155c7180 0 1 0 0 0 2 2 58038 456
0x0000723b3d907200 0x0000000f155c7200 0 0 1 0 0 2 2 58038 448
0x0000723b3d907280 0x0000000f155c7280 0 0 1 0 0 2 2 58038 456
0x0000723b3d907300 0x0000000f155c7300 0 1 1 0 0 2 2 58038 448
0x0000723b3d907380 0x0000000f155c7380 0 1 1 0 0 2 2 58038 456
0x0000723b3d907400 0x0000000f155c7400 0 0 0 0 0 2 2 58038 464
0x0000723b3d907480 0x0000000f155c7480 0 0 0 0 0 2 2 58038 472
0x0000723b3d907500 0x0000000f155c7500 0 1 0 0 0 2 2 58038 464
0x0000723b3d907580 0x0000000f155c7580 0 1 0 0 0 2 2 58038 472
0x0000723b3d907600 0x0000000f155c7600 0 0 1 0 0 2 2 58038 464
0x0000723b3d907680 0x0000000f155c7680 0 0 1 0 0 2 2 58038 472
0x0000723b3d907700 0x0000000f155c7700 0 1 1 0 0 2 2 58038 464
0x0000723b3d907780 0x0000000f155c7780 0 1 1 0 0 2 2 58038 472
0x0000723b3d907800 0x0000000f155c7800 0 0 0 0 0 2 2 58038 480
0x0000723b3d907880 0x0000000f155c7880 0 0 0 0 0 2 2 58038 488
0x0000723b3d907900 0x0000000f155c7900 0 1 0 0 0 2 2 58038 480
0x0000723b3d907980 0x0000000f155c7980 0 1 0 0 0 2 2 58038 488
0x0000723b3d907a00 0x0000000f155c7a00 0 0 1 0 0 2 2 58038 480
0x0000723b3d907a80 0x0000000f155c7a80 0 0 1 0 0 2 2 58038 488
0x0000723b3d907b00 0x0000000f155c7b00 0 1 1 0 0 2 2 58038 480
0x0000723b3d907b80 0x0000000f155c7b80 0 1 1 0 0 2 2 58038 488
0x0000723b3d907c00 0x0000000f155c7c00 0 0 0 0 0 2 2 58038 496
0x0000723b3d907c80 0x0000000f155c7c80 0 0 0 0 0 2 2 58038 504
0x0000723b3d907d00 0x0000000f155c7d00 0 1 0 0 0 2 2 58038 496
0x0000723b3d907d80 0x0000000f155c7d80 0 1 0 0 0 2 2 58038 504
0x0000723b3d907e00 0x0000000f155c7e00 0 0 1 0 0 2 2 58038 496
0x0000723b3d907e80 0x0000000f155c7e80 0 0 1 0 0 2 2 58038 504
0x0000723b3d907f00 0x0000000f155c7f00 0 1 1 0 0 2 2 58038 496
0x0000723b3d907f80 0x0000000f155c7f80 0 1 1 0 0 2 2 58038 504
0x0000723b3d90d000 0x0000000e5ed25000 0 0 0 0 0 2 2 56281 320
0x0000723b3d90d080 0x0000000e5ed25080 0 0 0 0 0 2 2 56281 328
0x0000723b3d90d100 0x0000000e5ed25100 0 1 0 0 0 2 2 56281 320
0x0000723b3d90d180 0x0000000e5ed25180 0 1 0 0 0 2 2 56281 328
0x0000723b3d90d200 0x0000000e5ed25200 0 0 1 0 0 2 2 56281 320
0x0000723b3d90d280 0x0000000e5ed25280 0 0 1 0 0 2 2 56281 328
0x0000723b3d90d300 0x0000000e5ed25300 0 1 1 0 0 2 2 56281 320
0x0000723b3d90d380 0x0000000e5ed25380 0 1 1 0 0 2 2 56281 328
0x0000723b3d90d400 0x0000000e5ed25400 0 0 0 0 0 2 2 56281 336
0x0000723b3d90d480 0x0000000e5ed25480 0 0 0 0 0 2 2 56281 344
0x0000723b3d90d500 0x0000000e5ed25500 0 1 0 0 0 2 2 56281 336
0x0000723b3d90d580 0x0000000e5ed25580 0 1 0 0 0 2 2 56281 344
0x0000723b3d90d600 0x0000000e5ed25600 0 0 1 0 0 2 2 56281 336
0x0000723b3d90d680 0x0000000e5ed25680 0 0 1 0 0 2 2 56281 344
0x0000723b3d90d700 0x0000000e5ed25700 0 1 1 0 0 2 2 56281 336
0x0000723b3d90d780 0x0000000e5ed25780 0 1 1 0 0 2 2 56281 344
0x0000723b3d90d800 0x0000000e5ed25800 0 0 0 0 0 2 2 56281 352
0x0000723b3d90d880 0x0000000e5ed25880 0 0 0 0 0 2 2 56281 360
0x0000723b3d90d900 0x0000000e5ed25900 0 1 0 0 0 2 2 56281 352
0x0000723b3d90d980 0x0000000e5ed25980 0 1 0 0 0 2 2 56281 360
0x0000723b3d90da00 0x0000000e5ed25a00 0 0 1 0 0 2 2 56281 352
0x0000723b3d90da80 0x0000000e5ed25a80 0 0 1 0 0 2 2 56281 360
0x0000723b3d90db00 0x0000000e5ed25b00 0 1 1 0 0 2 2 56281 352
0x0000723b3d90db80 0x0000000e5ed25b80 0 1 1 0 0 2 2 56281 360
0x0000723b3d90dc00 0x0000000e5ed25c00 0 0 0 0 0 2 2 56281 368
0x0000723b3d90dc80 0x0000000e5ed25c80 0 0 0 0 0 2 2 56281 376
0x0000723b3d90dd00 0x0000000e5ed25d00 0 1 0 0 0 2 2 56281 368
0x0000723b3d90dd80 0x0000000e5ed25d80 0 1 0 0 0 2 2 56281 376
0x0000723b3d90de00 0x0000000e5ed25e00 0 0 1 0 0 2 2 56281 368
0x0000723b3d90de80 0x0000000e5ed25e80 0 0 1 0 0 2 2 56281 376
0x0000723b3d90df00 0x0000000e5ed25f00 0 1 1 0 0 2 2 56281 368
0x0000723b3d90df80 0x0000000e5ed25f80 0 1 1 0 0 2 2 56281 376
0x0000723b3d918000 0x00000007d9de3000 0 0 0 0 0 2 2 31535 192
0x0000723b3d918080 0x00000007d9de3080 0 0 0 0 0 2 2 31535 200
0x0000723b3d918100 0x00000007d9de3100 0 1 0 0 0 2 2 31535 192
0x0000723b3d918180 0x00000007d9de3180 0 1 0 0 0 2 2 31535 200
0x0000723b3d918200 0x00000007d9de3200 0 0 1 0 0 2 2 31535 192
0x0000723b3d918280 0x00000007d9de3280 0 0 1 0 0 2 2 31535 200
0x0000723b3d918300 0x00000007d9de3300 0 1 1 0 0 2 2 31535 192
0x0000723b3d918380 0x00000007d9de3380 0 1 1 0 0 2 2 31535 200
0x0000723b3d918400 0x00000007d9de3400 0 0 0 0 0 2 2 31535 208
0x0000723b3d918480 0x00000007d9de3480 0 0 0 0 0 2 2 31535 216
0x0000723b3d918500 0x00000007d9de3500 0 1 0 0 0 2 2 31535 208
0x0000723b3d918580 0x00000007d9de3580 0 1 0 0 0 2 2 31535 216
0x0000723b3d918600 0x00000007d9de3600 0 0 1 0 0 2 2 31535 208
0x0000723b3d918680 0x00000007d9de3680 0 0 1 0 0 2 2 31535 216
0x0000723b3d918700 0x00000007d9de3700 0 1 1 0 0 2 2 31535 208
0x0000723b3d918780 0x00000007d9de3780 0 1 1 0 0 2 2 31535 216
0x0000723b3d918800 0x00000007d9de3800 0 0 0 0 0 2 2 31535 224
0x0000723b3d918880 0x00000007d9de3880 0 0 0 0 0 2 2 31535 232
0x0000723b3d918900 0x00000007d9de3900 0 1 0 0 0 2 2 31535 224
0x0000723b3d918980 0x00000007d9de3980 0 1 0 0 0 2 2 31535 232
0x0000723b3d918a00 0x00000007d9de3a00 0 0 1 0 0 2 2 31535 224
0x0000723b3d918a80 0x00000007d9de3a80 0 0 1 0 0 2 2 31535 232
0x0000723b3d918b00 0x00000007d9de3b00 0 1 1 0 0 2 2 31535 224
0x0000723b3d918b80 0x00000007d9de3b80 0 1 1 0 0 2 2 31535 232
0x0000723b3d918c00 0x00000007d9de3c00 0 0 0 0 0 2 2 31535 240
0x0000723b3d918c80 0x00000007d9de3c80 0 0 0 0 0 2 2 31535 248
0x0000723b3d918d00 0x00000007d9de3d00 0 1 0 0 0 2 2 31535 240
0x0000723b3d918d80 0x00000007d9de3d80 0 1 0 0 0 2 2 31535 248
0x0000723b3d918e00 0x00000007d9de3e00 0 0 1 0 0 2 2 31535 240
0x0000723b3d918e80 0x00000007d9de3e80 0 0 1 0 0 2 2 31535 248
0x0000723b3d918f00 0x00000007d9de3f00 0 1 1 0 0 2 2 31535 240
0x0000723b3d918f80 0x00000007d9de3f80 0 1 1 0 0 2 2 31535 248
0x0000723b3d91a000 0x0000000700dc2000 0 0 0 0 0 2 2 24606 128
0x0000723b3d91a080 0x0000000700dc2080 0 0 0 0 0 2 2 24606 136
0x0000723b3d91a100 0x0000000700dc2100 0 1 0 0 0 2 2 24606 128
0x0000723b3d91a180 0x0000000700dc2180 0 1 0 0 0 2 2 24606 136
0x0000723b3d91a200 0x0000000700dc2200 0 0 1 0 0 2 2 24606 128
0x0000723b3d91a280 0x0000000700dc2280 0 0 1 0 0 2 2 24606 136
0x0000723b3d91a300 0x0000000700dc2300 0 1 1 0 0 2 2 24606 128
0x0000723b3d91a380 0x0000000700dc2380 0 1 1 0 0 2 2 24606 136
0x0000723b3d91a400 0x0000000700dc2400 0 0 0 0 0 2 2 24606 144
0x0000723b3d91a480 0x0000000700dc2480 0 0 0 0 0 2 2 24606 152
0x0000723b3d91a500 0x0000000700dc2500 0 1 0 0 0 2 2 24606 144
0x0000723b3d91a580 0x0000000700dc2580 0 1 0 0 0 2 2 24606 152
0x0000723b3d91a600 0x0000000700dc2600 0 0 1 0 0 2 2 24606 144
0x0000723b3d91a680 0x0000000700dc2680 0 0 1 0 0 2 2 24606 152
0x0000723b3d91a700 0x0000000700dc2700 0 1 1 0 0 2 2 24606 144
0x0000723b3d91a780 0x0000000700dc2780 0 1 1 0 0 2 2 24606 152
0x0000723b3d91a800 0x0000000700dc2800 0 0 0 0 0 2 2 24606 160
0x0000723b3d91a880 0x0000000700dc2880 0 0 0 0 0 2 2 24606 168
0x0000723b3d91a900 0x0000000700dc2900 0 1 0 0 0 2 2 24606 160
0x0000723b3d91a980 0x0000000700dc2980 0 1 0 0 0 2 2 24606 168
0x0000723b3d91aa00 0x0000000700dc2a00 0 0 1 0 0 2 2 24606 160
0x0000723b3d91aa80 0x0000000700dc2a80 0 0 1 0 0 2 2 24606 168
0x0000723b3d91ab00 0x0000000700dc2b00 0 1 1 0 0 2 2 24606 160
0x0000723b3d91ab80 0x0000000700dc2b80 0 1 1 0 0 2 2 24606 168
0x0000723b3d91ac00 0x0000000700dc2c00 0 0 0 0 0 2 2 24606 176
0x0000723b3d91ac80 0x0000000700dc2c80 0 0 0 0 0 2 2 24606 184
0x0000723b3d91ad00 0x0000000700dc2d00 0 1 0 0 0 2 2 24606 176
0x0000723b3d91ad80 0x0000000700dc2d80 0 1 0 0 0 2 2 24606 184
0x0000723b3d91ae00 0x0000000700dc2e00 0 0 1 0 0 2 2 24606 176
0x0000723b3d91ae80 0x0000000700dc2e80 0 0 1 0 0 2 2 24606 184
0x0000723b3d91af00 0x0000000700dc2f00 0 1 1 0 0 2 2 24606 176
0x0000723b3d91af80 0x0000000700dc2f80 0 1 1 0 0 2 2 24606 184
0x0000723b3d92b000 0x0000000dabd2f000 0 0 0 0 1 2 2 54633 448
0x0000723b3d92b080 0x0000000dabd2f080 0 0 0 0 1 2 2 54633 456
0x0000723b3d92b100 0x0000000dabd2f100 0 1 0 0 1 2 2 54633 448
0x0000723b3d92b180 0x0000000dabd2f180 0 1 0 0 1 2 2 54633 456
0x0000723b3d92b200 0x0000000dabd2f200 0 0 1 0 1 2 2 54633 448
0x0000723b3d92b280 0x0000000dabd2f280 0 0 1 0 1 2 2 54633 456
0x0000723b3d92b300 0x0000000dabd2f300 0 1 1 0 1 2 2 54633 448
0x0000723b3d92b380 0x0000000dabd2f380 0 1 1 0 1 2 2 54633 456
0x0000723b3d92b400 0x0000000dabd2f400 0 0 0 0 1 2 2 54633 464
0x0000723b3d92b480 0x0000000dabd2f480 0 0 0 0 1 2 2 54633 472
0x0000723b3d92b500 0x0000000dabd2f500 0 1 0 0 1 2 2 54633 464
0x0000723b3d92b580 0x0000000dabd2f580 0 1 0 0 1 2 2 54633 472
0x0000723b3d92b600 0x0000000dabd2f600 0 0 1 0 1 2 2 54633 464
0x0000723b3d92b680 0x0000000dabd2f680 0 0 1 0 1 2 2 54633 472
0x0000723b3d92b700 0x0000000dabd2f700 0 1 1 0 1 2 2 54633 464
0x0000723b3d92b780 0x0000000dabd2f780 0 1 1 0 1 2 2 54633 472
0x0000723b3d92b800 0x0000000dabd2f800 0 0 0 0 1 2 2 54633 480
0x0000723b3d92b880 0x0000000dabd2f880 0 0 0 0 1 2 2 54633 488
0x0000723b3d92b900 0x0000000dabd2f900 0 1 0 0 1 2 2 54633 480
0x0000723b3d92b980 0x0000000dabd2f980 0 1 0 0 1 2 2 54633 488
0x0000723b3d92ba00 0x0000000dabd2fa00 0 0 1 0 1 2 2 54633 480
0x0000723b3d92ba80 0x0000000dabd2fa80 0 0 1 0 1 2 2 54633 488
0x0000723b3d92bb00 0x0000000dabd2fb00 0 1 1 0 1 2 2 54633 480
0x0000723b3d92bb80 0x0000000dabd2fb80 0 1 1 0 1 2 2 54633 488
0x0000723b3d92bc00 0x0000000dabd2fc00 0 0 0 0 1 2 2 54633 496
0x0000723b3d92bc80 0x0000000dabd2fc80 0 0 0 0 1 2 2 54633 504
0x0000723b3d92bd00 0x0000000dabd2fd00 0 1 0 0 1 2 2 54633 496
0x0000723b3d92bd80 0x0000000dabd2fd80 0 1 0 0 1 2 2 54633 504
0x0000723b3d92be00 0x0000000dabd2fe00 0 0 1 0 1 2 2 54633 496
0x0000723b3d92be80 0x0000000dabd2fe80 0 0 1 0 1 2 2 54633 504
0x0000723b3d92bf00 0x0000000dabd2ff00 0 1 1 0 1 2 2 54633 496
0x0000723b3d92bf80 0x0000000dabd2ff80 0 1 1 0 1 2 2 54633 504
0x0000723b3d933000 0x000000057dd6e000 0 0 0 0 1 2 2 20411 384
0x0000723b3d933080 0x000000057dd6e080 0 0 0 0 1 2 2 20411 392
0x0000723b3d933100 0x000000057dd6e100 0 1 0 0 1 2 2 20411 384
0x0000723b3d933180 0x000000057dd6e180 0 1 0 0 1 2 2 20411 392
0x0000723b3d933200 0x000000057dd6e200 0 0 1 0 1 2 2 20411 384
0x0000723b3d933280 0x000000057dd6e280 0 0 1 0 1 2 2 20411 392
0x0000723b3d933300 0x000000057dd6e300 0 1 1 0 1 2 2 20411 384
0x0000723b3d933380 0x000000057dd6e380 0 1 1 0 1 2 2 20411 392
0x0000723b3d933400 0x000000057dd6e400 0 0 0 0 1 2 2 20411 400
0x0000723b3d933480 0x000000057dd6e480 0 0 0 0 1 2 2 20411 408
0x0000723b3d933500 0x000000057dd6e500 0 1 0 0 1 2 2 20411 400
0x0000723b3d933580 0x000000057dd6e580 0 1 0 0 1 2 2 20411 408
0x0000723b3d933600 0x000000057dd6e600 0 0 1 0 1 2 2 20411 400
0x0000723b3d933680 0x000000057dd6e680 0 0 1 0 1 2 2 20411 408
0x0000723b3d933700 0x000000057dd6e700 0 1 1 0 1 2 2 20411 400
0x0000723b3d933780 0x000000057dd6e780 0 1 1 0 1 2 2 20411 408
0x0000723b3d933800 0x000000057dd6e800 0 0 0 0 1 2 2 20411 416
0x0000723b3d933880 0x000000057dd6e880 0 0 0 0 1 2 2 20411 424
0x0000723b3d933900 0x000000057dd6e900 0 1 0 0 1 2 2 20411 416
0x0000723b3d933980 0x000000057dd6e980 0 1 0 0 1 2 2 20411 424
0x0000723b3d933a00 0x000000057dd6ea00 0 0 1 0 1 2 2 20411 416
0x0000723b3d933a80 0x000000057dd6ea80 0 0 1 0 1 2 2 20411 424
0x0000723b3d933b00 0x000000057dd6eb00 0 1 1 0 1 2 2 20411 416
0x0000723b3d933b80 0x000000057dd6eb80 0 1 1 0 1 2 2 20411 424
0x0000723b3d933c00 0x000000057dd6ec00 0 0 0 0 1 2 2 20411 432
0x0000723b3d933c80 0x000000057dd6ec80 0 0 0 0 1 2 2 20411 440
0x0000723b3d933d00 0x000000057dd6ed00 0 1 0 0 1 2 2 20411 432
0x0000723b3d933d80 0x000000057dd6ed80 0 1 0 0 1 2 2 20411 440
0x0000723b3d933e00 0x000000057dd6ee00 0 0 1 0 1 2 2 20411 432
0x0000723b3d933e80 0x000000057dd6ee80 0 0 1 0 1 2 2 20411 440
0x0000723b3d933f00 0x000000057dd6ef00 0 1 1 0 1 2 2 20411 432
0x0000723b3d933f80 0x000000057dd6ef80 0 1 1 0 1 2 2 20411 440
0x0000723b3d934000 0x0000000a2953a000 0 0 0 0 1 2 2 38193 640
0x0000723b3d934080 0x0000000a2953a080 0 0 0 0 1 2 2 38193 648
0x0000723b3d934100 0x0000000a2953a100 0 1 0 0 1 2 2 38193 640
0x0000723b3d934180 0x0000000a2953a180 0 1 0 0 1 2 2 38193 648
0x0000723b3d934200 0x0000000a2953a200 0 0 1 0 1 2 2 38193 640
0x0000723b3d934280 0x0000000a2953a280 0 0 1 0 1 2 2 38193 648
0x0000723b3d934300 0x0000000a2953a300 0 1 1 0 1 2 2 38193 640
0x0000723b3d934380 0x0000000a2953a380 0 1 1 0 1 2 2 38193 648
0x0000723b3d934400 0x0000000a2953a400 0 0 0 0 1 2 2 38193 656
0x0000723b3d934480 0x0000000a2953a480 0 0 0 0 1 2 2 38193 664
0x0000723b3d934500 0x0000000a2953a500 0 1 0 0 1 2 2 38193 656
0x0000723b3d934580 0x0000000a2953a580 0 1 0 0 1 2 2 38193 664
0x0000723b3d934600 0x0000000a2953a600 0 0 1 0 1 2 2 38193 656
0x0000723b3d934680 0x0000000a2953a680 0 0 1 0 1 2 2 38193 664
0x0000723b3d934700 0x0000000a2953a700 0 1 1 0 1 2 2 38193 656
0x0000723b3d934780 0x0000000a2953a780 0 1 1 0 1 2 2 38193 664
0x0000723b3d934800 0x0000000a2953a800 0 0 0 0 1 2 2 38193 672
0x0000723b3d934880 0x0000000a2953a880 0 0 0 0 1 2 2 38193 680
0x0000723b3d934900 0x0000000a2953a900 0 1 0 0 1 2 2 38193 672
0x0000723b3d934980 0x0000000a2953a980 0 1 0 0 1 2 2 38193 680
0x0000723b3d934a00 0x0000000a2953aa00 0 0 1 0 1 2 2 38193 672
0x0000723b3d934a80 0x0000000a2953aa80 0 0 1 0 1 2 2 38193 680
0x0000723b3d934b00 0x0000000a2953ab00 0 1 1 0 1 2 2 38193 672
0x0000723b3d934b80 0x0000000a2953ab80 0 1 1 0 1 2 2 38193 680
0x0000723b3d934c00 0x0000000a2953ac00 0 0 0 0 1 2 2 38193 688
0x0000723b3d934c80 0x0000000a2953ac80 0 0 0 0 1 2 2 38193 696
0x0000723b3d934d00 0x0000000a2953ad00 0 1 0 0 1 2 2 38193 688
0x0000723b3d934d80 0x0000000a2953ad80 0 1 0 0 1 2 2 38193 696
0x0000723b3d934e00 0x0000000a2953ae00 0 0 1 0 1 2 2 38193 688
0x0000723b3d934e80 0x0000000a2953ae80 0 0 1 0 1 2 2 38193 696
0x0000723b3d934f00 0x0000000a2953af00 0 1 1 0 1 2 2 38193 688
0x0000723b3d934f80 0x0000000a2953af80 0 1 1 0 1 2 2 38193 696
0x0000723b3d94a000 0x0000000d74551000 0 0 0 0 0 2 2 52882 576
0x0000723b3d94a080 0x0000000d74551080 0 0 0 0 0 2 2 52882 584
0x0000723b3d94a100 0x0000000d74551100 0 1 0 0 0 2 2 52882 576
0x0000723b3d94a180 0x0000000d74551180 0 1 0 0 0 2 2 52882 584
0x0000723b3d94a200 0x0000000d74551200 0 0 1 0 0 2 2 52882 576
0x0000723b3d94a280 0x0000000d74551280 0 0 1 0 0 2 2 52882 584
0x0000723b3d94a300 0x0000000d74551300 0 1 1 0 0 2 2 52882 576
0x0000723b3d94a380 0x0000000d74551380 0 1 1 0 0 2 2 52882 584
0x0000723b3d94a400 0x0000000d74551400 0 0 0 0 0 2 2 52882 592
0x0000723b3d94a480 0x0000000d74551480 0 0 0 0 0 2 2 52882 600
0x0000723b3d94a500 0x0000000d74551500 0 1 0 0 0 2 2 52882 592
0x0000723b3d94a580 0x0000000d74551580 0 1 0 0 0 2 2 52882 600
0x0000723b3d94a600 0x0000000d74551600 0 0 1 0 0 2 2 52882 592
0x0000723b3d94a680 0x0000000d74551680 0 0 1 0 0 2 2 52882 600
0x0000723b3d94a700 0x0000000d74551700 0 1 1 0 0 2 2 52882 592
0x0000723b3d94a780 0x0000000d74551780 0 1 1 0 0 2 2 52882 600
0x0000723b3d94a800 0x0000000d74551800 0 0 0 0 0 2 2 52882 608
0x0000723b3d94a880 0x0000000d74551880 0 0 0 0 0 2 2 52882 616
0x0000723b3d94a900 0x0000000d74551900 0 1 0 0 0 2 2 52882 608
0x0000723b3d94a980 0x0000000d74551980 0 1 0 0 0 2 2 52882 616
0x0000723b3d94aa00 0x0000000d74551a00 0 0 1 0 0 2 2 52882 608
0x0000723b3d94aa80 0x0000000d74551a80 0 0 1 0 0 2 2 52882 616
0x0000723b3d94ab00 0x0000000d74551b00 0 1 1 0 0 2 2 52882 608
0x0000723b3d94ab80 0x0000000d74551b80 0 1 1 0 0 2 2 52882 616
0x0000723b3d94ac00 0x0000000d74551c00 0 0 0 0 0 2 2 52882 624
0x0000723b3d94ac80 0x0000000d74551c80 0 0 0 0 0 2 2 52882 632
0x0000723b3d94ad00 0x0000000d74551d00 0 1 0 0 0 2 2 52882 624
0x0000723b3d94ad80 0x0000000d74551d80 0 1 0 0 0 2 2 52882 632
0x0000723b3d94ae00 0x0000000d74551e00 0 0 1 0 0 2 2 52882 624
0x0000723b3d94ae80 0x0000000d74551e80 0 0 1 0 0 2 2 52882 632
0x0000723b3d94af00 0x0000000d74551f00 0 1 1 0 0 2 2 52882 624
0x0000723b3d94af80 0x0000000d74551f80 0 1 1 0 0 2 2 52882 632
0x0000723b3d94f000 0x0000000dd8d49000 0 0 0 0 1 2 2 56074 64
0x0000723b3d94f080 0x0000000dd8d49080 0 0 0 0 1 2 2 56074 72
0x0000723b3d94f100 0x0000000dd8d49100 0 1 0 0 1 2 2 56074 64
0x0000723b3d94f180 0x0000000dd8d49180 0 1 0 0 1 2 2 56074 72
0x0000723b3d94f200 0x0000000dd8d49200 0 0 1 0 1 2 2 56074 64
0x0000723b3d94f280 0x0000000dd8d49280 0 0 1 0 1 2 2 56074 72
0x0000723b3d94f300 0x0000000dd8d49300 0 1 1 0 1 2 2 56074 64
0x0000723b3d94f380 0x0000000dd8d49380 0 1 1 0 1 2 2 56074 72
0x0000723b3d94f400 0x0000000dd8d49400 0 0 0 0 1 2 2 56074 80
0x0000723b3d94f480 0x0000000dd8d49480 0 0 0 0 1 2 2 56074 88
0x0000723b3d94f500 0x0000000dd8d49500 0 1 0 0 1 2 2 56074 80
0x0000723b3d94f580 0x0000000dd8d49580 0 1 0 0 1 2 2 56074 88
0x0000723b3d94f600 0x0000000dd8d49600 0 0 1 0 1 2 2 56074 80
0x0000723b3d94f680 0x0000000dd8d49680 0 0 1 0 1 2 2 56074 88
0x0000723b3d94f700 0x0000000dd8d49700 0 1 1 0 1 2 2 56074 80
0x0000723b3d94f780 0x0000000dd8d49780 0 1 1 0 1 2 2 56074 88
0x0000723b3d94f800 0x0000000dd8d49800 0 0 0 0 1 2 2 56074 96
0x0000723b3d94f880 0x0000000dd8d49880 0 0 0 0 1 2 2 56074 104
0x0000723b3d94f900 0x0000000dd8d49900 0 1 0 0 1 2 2 56074 96
0x0000723b3d94f980 0x0000000dd8d49980 0 1 0 0 1 2 2 56074 104
0x0000723b3d94fa00 0x0000000dd8d49a00 0 0 1 0 1 2 2 56074 96
0x0000723b3d94fa80 0x0000000dd8d49a80 0 0 1 0 1 2 2 56074 104
0x0000723b3d94fb00 0x0000000dd8d49b00 0 1 1 0 1 2 2 56074 96
0x0000723b3d94fb80 0x0000000dd8d49b80 0 1 1 0 1 2 2 56074 104
0x0000723b3d94fc00 0x0000000dd8d49c00 0 0 0 0 1 2 2 56074 112
0x0000723b3d94fc80 0x0000000dd8d49c80 0 0 0 0 1 2 2 56074 120
0x0000723b3d94fd00 0x0000000dd8d49d00 0 1 0 0 1 2 2 56074 112
0x0000723b3d94fd80 0x0000000dd8d49d80 0 1 0 0 1 2 2 56074 120
0x0000723b3d94fe00 0x0000000dd8d49e00 0 0 1 0 1 2 2 56074 112
0x0000723b3d94fe80 0x0000000dd8d49e80 0 0 1 0 1 2 2 56074 120
0x0000723b3d94ff00 0x0000000dd8d49f00 0 1 1 0 1 2 2 56074 112
0x0000723b3d94ff80 0x0000000dd8d49f80 0 1 1 0 1 2 2 56074 120
0x0000723b3d951000 0x0000000a2950a000 0 0 0 0 1 2 2 38192 128
0x0000723b3d951080 0x0000000a2950a080 0 0 0 0 1 2 2 38192 136
0x0000723b3d951100 0x0000000a2950a100 0 1 0 0 1 2 2 38192 128
0x0000723b3d951180 0x0000000a2950a180 0 1 0 0 1 2 2 38192 136
0x0000723b3d951200 0x0000000a2950a200 0 0 1 0 1 2 2 38192 128
0x0000723b3d951280 0x0000000a2950a280 0 0 1 0 1 2 2 38192 136
0x0000723b3d951300 0x0000000a2950a300 0 1 1 0 1 2 2 38192 128
0x0000723b3d951380 0x0000000a2950a380 0 1 1 0 1 2 2 38192 136
0x0000723b3d951400 0x0000000a2950a400 0 0 0 0 1 2 2 38192 144
0x0000723b3d951480 0x0000000a2950a480 0 0 0 0 1 2 2 38192 152
0x0000723b3d951500 0x0000000a2950a500 0 1 0 0 1 2 2 38192 144
0x0000723b3d951580 0x0000000a2950a580 0 1 0 0 1 2 2 38192 152
0x0000723b3d951600 0x0000000a2950a600 0 0 1 0 1 2 2 38192 144
0x0000723b3d951680 0x0000000a2950a680 0 0 1 0 1 2 2 38192 152
0x0000723b3d951700 0x0000000a2950a700 0 1 1 0 1 2 2 38192 144
0x0000723b3d951780 0x0000000a2950a780 0 1 1 0 1 2 2 38192 152
0x0000723b3d951800 0x0000000a2950a800 0 0 0 0 1 2 2 38192 160
0x0000723b3d951880 0x0000000a2950a880 0 0 0 0 1 2 2 38192 168
0x0000723b3d951900 0x0000000a2950a900 0 1 0 0 1 2 2 38192 160
0x0000723b3d951980 0x0000000a2950a980 0 1 0 0 1 2 2 38192 168
0x0000723b3d951a00 0x0000000a2950aa00 0 0 1 0 1 2 2 38192 160
0x0000723b3d951a80 0x0000000a2950aa80 0 0 1 0 1 2 2 38192 168
0x0000723b3d951b00 0x0000000a2950ab00 0 1 1 0 1 2 2 38192 160
0x0000723b3d951b80 0x0000000a2950ab80 0 1 1 0 1 2 2 38192 168
0x0000723b3d951c00 0x0000000a2950ac00 0 0 0 0 1 2 2 38192 176
0x0000723b3d951c80 0x0000000a2950ac80 0 0 0 0 1 2 2 38192 184
0x0000723b3d951d00 0x0000000a2950ad00 0 1 0 0 1 2 2 38192 176
0x0000723b3d951d80 0x0000000a2950ad80 0 1 0 0 1 2 2 38192 184
0x0000723b3d951e00 0x0000000a2950ae00 0 0 1 0 1 2 2 38192 176
0x0000723b3d951e80 0x0000000a2950ae80 0 0 1 0 1 2 2 38192 184
0x0000723b3d951f00 0x0000000a2950af00 0 1 1 0 1 2 2 38192 176
0x0000723b3d951f80 0x0000000a2950af80 0 1 1 0 1 2 2 38192 184
0x0000723b3d956000 0x0000000a4f575000 0 0 0 0 0 2 2 39411 832
0x0000723b3d956080 0x0000000a4f575080 0 0 0 0 0 2 2 39411 840
0x0000723b3d956100 0x0000000a4f575100 0 1 0 0 0 2 2 39411 832
0x0000723b3d956180 0x0000000a4f575180 0 1 0 0 0 2 2 39411 840
0x0000723b3d956200 0x0000000a4f575200 0 0 1 0 0 2 2 39411 832
0x0000723b3d956280 0x0000000a4f575280 0 0 1 0 0 2 2 39411 840
0x0000723b3d956300 0x0000000a4f575300 0 1 1 0 0 2 2 39411 832
0x0000723b3d956380 0x0000000a4f575380 0 1 1 0 0 2 2 39411 840
0x0000723b3d956400 0x0000000a4f575400 0 0 0 0 0 2 2 39411 848
0x0000723b3d956480 0x0000000a4f575480 0 0 0 0 0 2 2 39411 856
0x0000723b3d956500 0x0000000a4f575500 0 1 0 0 0 2 2 39411 848
0x0000723b3d956580 0x0000000a4f575580 0 1 0 0 0 2 2 39411 856
0x0000723b3d956600 0x0000000a4f575600 0 0 1 0 0 2 2 39411 848
0x0000723b3d956680 0x0000000a4f575680 0 0 1 0 0 2 2 39411 856
0x0000723b3d956700 0x0000000a4f575700 0 1 1 0 0 2 2 39411 848
0x0000723b3d956780 0x0000000a4f575780 0 1 1 0 0 2 2 39411 856
0x0000723b3d956800 0x0000000a4f575800 0 0 0 0 0 2 2 39411 864
0x0000723b3d956880 0x0000000a4f575880 0 0 0 0 0 2 2 39411 872
0x0000723b3d956900 0x0000000a4f575900 0 1 0 0 0 2 2 39411 864
0x0000723b3d956980 0x0000000a4f575980 0 1 0 0 0 2 2 39411 872
0x0000723b3d956a00 0x0000000a4f575a00 0 0 1 0 0 2 2 39411 864
0x0000723b3d956a80 0x0000000a4f575a80 0 0 1 0 0 2 2 39411 872
0x0000723b3d956b00 0x0000000a4f575b00 0 1 1 0 0 2 2 39411 864
0x0000723b3d956b80 0x0000000a4f575b80 0 1 1 0 0 2 2 39411 872
0x0000723b3d956c00 0x0000000a4f575c00 0 0 0 0 0 2 2 39411 880
0x0000723b3d956c80 0x0000000a4f575c80 0 0 0 0 0 2 2 39411 888
0x0000723b3d956d00 0x0000000a4f575d00 0 1 0 0 0 2 2 39411 880
0x0000723b3d956d80 0x0000000a4f575d80 0 1 0 0 0 2 2 39411 888
0x0000723b3d956e00 0x0000000a4f575e00 0 0 1 0 0 2 2 39411 880
0x0000723b3d956e80 0x0000000a4f575e80 0 0 1 0 0 2 2 39411 888
0x0000723b3d956f00 0x0000000a4f575f00 0 1 1 0 0 2 2 39411 880
0x0000723b3d956f80 0x0000000a4f575f80 0 1 1 0 0 2 2 39411 888
0x0000723b3d958000 0x00000003b75d1000 0 0 0 0 0 2 2 14054 576
0x0000723b3d958080 0x00000003b75d1080 0 0 0 0 0 2 2 14054 584
0x0000723b3d958100 0x00000003b75d1100 0 1 0 0 0 2 2 14054 576
0x0000723b3d958180 0x00000003b75d1180 0 1 0 0 0 2 2 14054 584
0x0000723b3d958200 0x00000003b75d1200 0 0 1 0 0 2 2 14054 576
0x0000723b3d958280 0x00000003b75d1280 0 0 1 0 0 2 2 14054 584
0x0000723b3d958300 0x00000003b75d1300 0 1 1 0 0 2 2 14054 576
0x0000723b3d958380 0x00000003b75d1380 0 1 1 0 0 2 2 14054 584
0x0000723b3d958400 0x00000003b75d1400 0 0 0 0 0 2 2 14054 592
0x0000723b3d958480 0x00000003b75d1480 0 0 0 0 0 2 2 14054 600
0x0000723b3d958500 0x00000003b75d1500 0 1 0 0 0 2 2 14054 592
0x0000723b3d958580 0x00000003b75d1580 0 1 0 0 0 2 2 14054 600
0x0000723b3d958600 0x00000003b75d1600 0 0 1 0 0 2 2 14054 592
0x0000723b3d958680 0x00000003b75d1680 0 0 1 0 0 2 2 14054 600
0x0000723b3d958700 0x00000003b75d1700 0 1 1 0 0 2 2 14054 592
0x0000723b3d958780 0x00000003b75d1780 0 1 1 0 0 2 2 14054 600
0x0000723b3d958800 0x00000003b75d1800 0 0 0 0 0 2 2 14054 608
0x0000723b3d958880 0x00000003b75d1880 0 0 0 0 0 2 2 14054 616
0x0000723b3d958900 0x00000003b75d1900 0 1 0 0 0 2 2 14054 608
0x0000723b3d958980 0x00000003b75d1980 0 1 0 0 0 2 2 14054 616
0x0000723b3d958a00 0x00000003b75d1a00 0 0 1 0 0 2 2 14054 608
0x0000723b3d958a80 0x00000003b75d1a80 0 0 1 0 0 2 2 14054 616
0x0000723b3d958b00 0x00000003b75d1b00 0 1 1 0 0 2 2 14054 608
0x0000723b3d958b80 0x00000003b75d1b80 0 1 1 0 0 2 2 14054 616
0x0000723b3d958c00 0x00000003b75d1c00 0 0 0 0 0 2 2 14054 624
0x0000723b3d958c80 0x00000003b75d1c80 0 0 0 0 0 2 2 14054 632
0x0000723b3d958d00 0x00000003b75d1d00 0 1 0 0 0 2 2 14054 624
0x0000723b3d958d80 0x00000003b75d1d80 0 1 0 0 0 2 2 14054 632
0x0000723b3d958e00 0x00000003b75d1e00 0 0 1 0 0 2 2 14054 624
0x0000723b3d958e80 0x00000003b75d1e80 0 0 1 0 0 2 2 14054 632
0x0000723b3d958f00 0x00000003b75d1f00 0 1 1 0 0 2 2 14054 624
0x0000723b3d958f80 0x00000003b75d1f80 0 1 1 0 0 2 2 14054 632
0x0000723b3d95e000 0x0000000cb55dd000 0 0 0 0 1 2 2 50854 832
0x0000723b3d95e080 0x0000000cb55dd080 0 0 0 0 1 2 2 50854 840
0x0000723b3d95e100 0x0000000cb55dd100 0 1 0 0 1 2 2 50854 832
0x0000723b3d95e180 0x0000000cb55dd180 0 1 0 0 1 2 2 50854 840
0x0000723b3d95e200 0x0000000cb55dd200 0 0 1 0 1 2 2 50854 832
0x0000723b3d95e280 0x0000000cb55dd280 0 0 1 0 1 2 2 50854 840
0x0000723b3d95e300 0x0000000cb55dd300 0 1 1 0 1 2 2 50854 832
0x0000723b3d95e380 0x0000000cb55dd380 0 1 1 0 1 2 2 50854 840
0x0000723b3d95e400 0x0000000cb55dd400 0 0 0 0 1 2 2 50854 848
0x0000723b3d95e480 0x0000000cb55dd480 0 0 0 0 1 2 2 50854 856
0x0000723b3d95e500 0x0000000cb55dd500 0 1 0 0 1 2 2 50854 848
0x0000723b3d95e580 0x0000000cb55dd580 0 1 0 0 1 2 2 50854 856
0x0000723b3d95e600 0x0000000cb55dd600 0 0 1 0 1 2 2 50854 848
0x0000723b3d95e680 0x0000000cb55dd680 0 0 1 0 1 2 2 50854 856
0x0000723b3d95e700 0x0000000cb55dd700 0 1 1 0 1 2 2 50854 848
0x0000723b3d95e780 0x0000000cb55dd780 0 1 1 0 1 2 2 50854 856
0x0000723b3d95e800 0x0000000cb55dd800 0 0 0 0 1 2 2 50854 864
0x0000723b3d95e880 0x0000000cb55dd880 0 0 0 0 1 2 2 50854 872
0x0000723b3d95e900 0x0000000cb55dd900 0 1 0 0 1 2 2 50854 864
0x0000723b3d95e980 0x0000000cb55dd980 0 1 0 0 1 2 2 50854 872
0x0000723b3d95ea00 0x0000000cb55dda00 0 0 1 0 1 2 2 50854 864
0x0000723b3d95ea80 0x0000000cb55dda80 0 0 1 0 1 2 2 50854 872
0x0000723b3d95eb00 0x0000000cb55ddb00 0 1 1 0 1 2 2 50854 864
0x0000723b3d95eb80 0x0000000cb55ddb80 0 1 1 0 1 2 2 50854 872
0x0000723b3d95ec00 0x0000000cb55ddc00 0 0 0 0 1 2 2 50854 880
0x0000723b3d95ec80 0x0000000cb55ddc80 0 0 0 0 1 2 2 50854 888
0x0000723b3d95ed00 0x0000000cb55ddd00 0 1 0 0 1 2 2 50854 880
0x0000723b3d95ed80 0x0000000cb55ddd80 0 1 0 0 1 2 2 50854 888
0x0000723b3d95ee00 0x0000000cb55dde00 0 0 1 0 1 2 2 50854 880
0x0000723b3d95ee80 0x0000000cb55dde80 0 0 1 0 1 2 2 50854 888
0x0000723b3d95ef00 0x0000000cb55ddf00 0 1 1 0 1 2 2 50854 880
0x0000723b3d95ef80 0x0000000cb55ddf80 0 1 1 0 1 2 2 50854 888
0x0000723b3d960000 0x000000082854c000 0 0 0 0 1 2 2 29970 256
0x0000723b3d960080 0x000000082854c080 0 0 0 0 1 2 2 29970 264
0x0000723b3d960100 0x000000082854c100 0 1 0 0 1 2 2 29970 256
0x0000723b3d960180 0x000000082854c180 0 1 0 0 1 2 2 29970 264
0x0000723b3d960200 0x000000082854c200 0 0 1 0 1 2 2 29970 256
0x0000723b3d960280 0x000000082854c280 0 0 1 0 1 2 2 29970 264
0x0000723b3d960300 0x000000082854c300 0 1 1 0 1 2 2 29970 256
0x0000723b3d960380 0x000000082854c380 0 1 1 0 1 2 2 29970 264
0x0000723b3d960400 0x000000082854c400 0 0 0 0 1 2 2 29970 272
0x0000723b3d960480 0x000000082854c480 0 0 0 0 1 2 2 29970 280
0x0000723b3d960500 0x000000082854c500 0 1 0 0 1 2 2 29970 272
0x0000723b3d960580 0x000000082854c580 0 1 0 0 1 2 2 29970 280
0x0000723b3d960600 0x000000082854c600 0 0 1 0 1 2 2 29970 272
0x0000723b3d960680 0x000000082854c680 0 0 1 0 1 2 2 29970 280
0x0000723b3d960700 0x000000082854c700 0 1 1 0 1 2 2 29970 272
0x0000723b3d960780 0x000000082854c780 0 1 1 0 1 2 2 29970 280
0x0000723b3d960800 0x000000082854c800 0 0 0 0 1 2 2 29970 288
0x0000723b3d960880 0x000000082854c880 0 0 0 0 1 2 2 29970 296
0x0000723b3d960900 0x000000082854c900 0 1 0 0 1 2 2 29970 288
0x0000723b3d960980 0x000000082854c980 0 1 0 0 1 2 2 29970 296
0x0000723b3d960a00 0x000000082854ca00 0 0 1 0 1 2 2 29970 288
0x0000723b3d960a80 0x000000082854ca80 0 0 1 0 1 2 2 29970 296
0x0000723b3d960b00 0x000000082854cb00 0 1 1 0 1 2 2 29970 288
0x0000723b3d960b80 0x000000082854cb80 0 1 1 0 1 2 2 29970 296
0x0000723b3d960c00 0x000000082854cc00 0 0 0 0 1 2 2 29970 304
0x0000723b3d960c80 0x000000082854cc80 0 0 0 0 1 2 2 29970 312
0x0000723b3d960d00 0x000000082854cd00 0 1 0 0 1 2 2 29970 304
0x0000723b3d960d80 0x000000082854cd80 0 1 0 0 1 2 2 29970 312
0x0000723b3d960e00 0x000000082854ce00 0 0 1 0 1 2 2 29970 304
0x0000723b3d960e80 0x000000082854ce80 0 0 1 0 1 2 2 29970 312
0x0000723b3d960f00 0x000000082854cf00 0 1 1 0 1 2 2 29970 304
0x0000723b3d960f80 0x000000082854cf80 0 1 1 0 1 2 2 29970 312
0x0000723b3d96b000 0x00000008205cc000 0 0 0 0 1 2 2 29718 256
0x0000723b3d96b080 0x00000008205cc080 0 0 0 0 1 2 2 29718 264
0x0000723b3d96b100 0x00000008205cc100 0 1 0 0 1 2 2 29718 256
0x0000723b3d96b180 0x00000008205cc180 0 1 0 0 1 2 2 29718 264
0x0000723b3d96b200 0x00000008205cc200 0 0 1 0 1 2 2 29718 256
0x0000723b3d96b280 0x00000008205cc280 0 0 1 0 1 2 2 29718 264
0x0000723b3d96b300 0x00000008205cc300 0 1 1 0 1 2 2 29718 256
0x0000723b3d96b380 0x00000008205cc380 0 1 1 0 1 2 2 29718 264
0x0000723b3d96b400 0x00000008205cc400 0 0 0 0 1 2 2 29718 272
0x0000723b3d96b480 0x00000008205cc480 0 0 0 0 1 2 2 29718 280
0x0000723b3d96b500 0x00000008205cc500 0 1 0 0 1 2 2 29718 272
0x0000723b3d96b580 0x00000008205cc580 0 1 0 0 1 2 2 29718 280
0x0000723b3d96b600 0x00000008205cc600 0 0 1 0 1 2 2 29718 272
0x0000723b3d96b680 0x00000008205cc680 0 0 1 0 1 2 2 29718 280
0x0000723b3d96b700 0x00000008205cc700 0 1 1 0 1 2 2 29718 272
0x0000723b3d96b780 0x00000008205cc780 0 1 1 0 1 2 2 29718 280
0x0000723b3d96b800 0x00000008205cc800 0 0 0 0 1 2 2 29718 288
0x0000723b3d96b880 0x00000008205cc880 0 0 0 0 1 2 2 29718 296
0x0000723b3d96b900 0x00000008205cc900 0 1 0 0 1 2 2 29718 288
0x0000723b3d96b980 0x00000008205cc980 0 1 0 0 1 2 2 29718 296
0x0000723b3d96ba00 0x00000008205cca00 0 0 1 0 1 2 2 29718 288
0x0000723b3d96ba80 0x00000008205cca80 0 0 1 0 1 2 2 29718 296
0x0000723b3d96bb00 0x00000008205ccb00 0 1 1 0 1 2 2 29718 288
0x0000723b3d96bb80 0x00000008205ccb80 0 1 1 0 1 2 2 29718 296
0x0000723b3d96bc00 0x00000008205ccc00 0 0 0 0 1 2 2 29718 304
0x0000723b3d96bc80 0x00000008205ccc80 0 0 0 0 1 2 2 29718 312
0x0000723b3d96bd00 0x00000008205ccd00 0 1 0 0 1 2 2 29718 304
0x0000723b3d96bd80 0x00000008205ccd80 0 1 0 0 1 2 2 29718 312
0x0000723b3d96be00 0x00000008205cce00 0 0 1 0 1 2 2 29718 304
0x0000723b3d96be80 0x00000008205cce80 0 0 1 0 1 2 2 29718 312
0x0000723b3d96bf00 0x00000008205ccf00 0 1 1 0 1 2 2 29718 304
0x0000723b3d96bf80 0x00000008205ccf80 0 1 1 0 1 2 2 29718 312
0x0000723b3d97b000 0x0000000c9558e000 0 0 0 0 1 2 2 49828 384
0x0000723b3d97b080 0x0000000c9558e080 0 0 0 0 1 2 2 49828 392
0x0000723b3d97b100 0x0000000c9558e100 0 1 0 0 1 2 2 49828 384
0x0000723b3d97b180 0x0000000c9558e180 0 1 0 0 1 2 2 49828 392
0x0000723b3d97b200 0x0000000c9558e200 0 0 1 0 1 2 2 49828 384
0x0000723b3d97b280 0x0000000c9558e280 0 0 1 0 1 2 2 49828 392
0x0000723b3d97b300 0x0000000c9558e300 0 1 1 0 1 2 2 49828 384
0x0000723b3d97b380 0x0000000c9558e380 0 1 1 0 1 2 2 49828 392
0x0000723b3d97b400 0x0000000c9558e400 0 0 0 0 1 2 2 49828 400
0x0000723b3d97b480 0x0000000c9558e480 0 0 0 0 1 2 2 49828 408
0x0000723b3d97b500 0x0000000c9558e500 0 1 0 0 1 2 2 49828 400
0x0000723b3d97b580 0x0000000c9558e580 0 1 0 0 1 2 2 49828 408
0x0000723b3d97b600 0x0000000c9558e600 0 0 1 0 1 2 2 49828 400
0x0000723b3d97b680 0x0000000c9558e680 0 0 1 0 1 2 2 49828 408
0x0000723b3d97b700 0x0000000c9558e700 0 1 1 0 1 2 2 49828 400
0x0000723b3d97b780 0x0000000c9558e780 0 1 1 0 1 2 2 49828 408
0x0000723b3d97b800 0x0000000c9558e800 0 0 0 0 1 2 2 49828 416
0x0000723b3d97b880 0x0000000c9558e880 0 0 0 0 1 2 2 49828 424
0x0000723b3d97b900 0x0000000c9558e900 0 1 0 0 1 2 2 49828 416
0x0000723b3d97b980 0x0000000c9558e980 0 1 0 0 1 2 2 49828 424
0x0000723b3d97ba00 0x0000000c9558ea00 0 0 1 0 1 2 2 49828 416
0x0000723b3d97ba80 0x0000000c9558ea80 0 0 1 0 1 2 2 49828 424
0x0000723b3d97bb00 0x0000000c9558eb00 0 1 1 0 1 2 2 49828 416
0x0000723b3d97bb80 0x0000000c9558eb80 0 1 1 0 1 2 2 49828 424
0x0000723b3d97bc00 0x0000000c9558ec00 0 0 0 0 1 2 2 49828 432
0x0000723b3d97bc80 0x0000000c9558ec80 0 0 0 0 1 2 2 49828 440
0x0000723b3d97bd00 0x0000000c9558ed00 0 1 0 0 1 2 2 49828 432
0x0000723b3d97bd80 0x0000000c9558ed80 0 1 0 0 1 2 2 49828 440
0x0000723b3d97be00 0x0000000c9558ee00 0 0 1 0 1 2 2 49828 432
0x0000723b3d97be80 0x0000000c9558ee80 0 0 1 0 1 2 2 49828 440
0x0000723b3d97bf00 0x0000000c9558ef00 0 1 1 0 1 2 2 49828 432
0x0000723b3d97bf80 0x0000000c9558ef80 0 1 1 0 1 2 2 49828 440
0x0000723b3d986000 0x0000000dab514000 0 0 0 0 0 2 2 54624 768
0x0000723b3d986080 0x0000000dab514080 0 0 0 0 0 2 2 54624 776
0x0000723b3d986100 0x0000000dab514100 0 1 0 0 0 2 2 54624 768
0x0000723b3d986180 0x0000000dab514180 0 1 0 0 0 2 2 54624 776
0x0000723b3d986200 0x0000000dab514200 0 0 1 0 0 2 2 54624 768
0x0000723b3d986280 0x0000000dab514280 0 0 1 0 0 2 2 54624 776
0x0000723b3d986300 0x0000000dab514300 0 1 1 0 0 2 2 54624 768
0x0000723b3d986380 0x0000000dab514380 0 1 1 0 0 2 2 54624 776
0x0000723b3d986400 0x0000000dab514400 0 0 0 0 0 2 2 54624 784
0x0000723b3d986480 0x0000000dab514480 0 0 0 0 0 2 2 54624 792
0x0000723b3d986500 0x0000000dab514500 0 1 0 0 0 2 2 54624 784
0x0000723b3d986580 0x0000000dab514580 0 1 0 0 0 2 2 54624 792
0x0000723b3d986600 0x0000000dab514600 0 0 1 0 0 2 2 54624 784
0x0000723b3d986680 0x0000000dab514680 0 0 1 0 0 2 2 54624 792
0x0000723b3d986700 0x0000000dab514700 0 1 1 0 0 2 2 54624 784
0x0000723b3d986780 0x0000000dab514780 0 1 1 0 0 2 2 54624 792
0x0000723b3d986800 0x0000000dab514800 0 0 0 0 0 2 2 54624 800
0x0000723b3d986880 0x0000000dab514880 0 0 0 0 0 2 2 54624 808
0x0000723b3d986900 0x0000000dab514900 0 1 0 0 0 2 2 54624 800
0x0000723b3d986980 0x0000000dab514980 0 1 0 0 0 2 2 54624 808
0x0000723b3d986a00 0x0000000dab514a00 0 0 1 0 0 2 2 54624 800
0x0000723b3d986a80 0x0000000dab514a80 0 0 1 0 0 2 2 54624 808
0x0000723b3d986b00 0x0000000dab514b00 0 1 1 0 0 2 2 54624 800
0x0000723b3d986b80 0x0000000dab514b80 0 1 1 0 0 2 2 54624 808
0x0000723b3d986c00 0x0000000dab514c00 0 0 0 0 0 2 2 54624 816
0x0000723b3d986c80 0x0000000dab514c80 0 0 0 0 0 2 2 54624 824
0x0000723b3d986d00 0x0000000dab514d00 0 1 0 0 0 2 2 54624 816
0x0000723b3d986d80 0x0000000dab514d80 0 1 0 0 0 2 2 54624 824
0x0000723b3d986e00 0x0000000dab514e00 0 0 1 0 0 2 2 54624 816
0x0000723b3d986e80 0x0000000dab514e80 0 0 1 0 0 2 2 54624 824
0x0000723b3d986f00 0x0000000dab514f00 0 1 1 0 0 2 2 54624 816
0x0000723b3d986f80 0x0000000dab514f80 0 1 1 0 0 2 2 54624 824
0x0000723b3d988000 0x0000000dab516000 0 0 0 0 0 2 2 54624 896
0x0000723b3d988080 0x0000000dab516080 0 0 0 0 0 2 2 54624 904
0x0000723b3d988100 0x0000000dab516100 0 1 0 0 0 2 2 54624 896
0x0000723b3d988180 0x0000000dab516180 0 1 0 0 0 2 2 54624 904
0x0000723b3d988200 0x0000000dab516200 0 0 1 0 0 2 2 54624 896
0x0000723b3d988280 0x0000000dab516280 0 0 1 0 0 2 2 54624 904
0x0000723b3d988300 0x0000000dab516300 0 1 1 0 0 2 2 54624 896
0x0000723b3d988380 0x0000000dab516380 0 1 1 0 0 2 2 54624 904
0x0000723b3d988400 0x0000000dab516400 0 0 0 0 0 2 2 54624 912
0x0000723b3d988480 0x0000000dab516480 0 0 0 0 0 2 2 54624 920
0x0000723b3d988500 0x0000000dab516500 0 1 0 0 0 2 2 54624 912
0x0000723b3d988580 0x0000000dab516580 0 1 0 0 0 2 2 54624 920
0x0000723b3d988600 0x0000000dab516600 0 0 1 0 0 2 2 54624 912
0x0000723b3d988680 0x0000000dab516680 0 0 1 0 0 2 2 54624 920
0x0000723b3d988700 0x0000000dab516700 0 1 1 0 0 2 2 54624 912
0x0000723b3d988780 0x0000000dab516780 0 1 1 0 0 2 2 54624 920
0x0000723b3d988800 0x0000000dab516800 0 0 0 0 0 2 2 54624 928
0x0000723b3d988880 0x0000000dab516880 0 0 0 0 0 2 2 54624 936
0x0000723b3d988900 0x0000000dab516900 0 1 0 0 0 2 2 54624 928
0x0000723b3d988980 0x0000000dab516980 0 1 0 0 0 2 2 54624 936
0x0000723b3d988a00 0x0000000dab516a00 0 0 1 0 0 2 2 54624 928
0x0000723b3d988a80 0x0000000dab516a80 0 0 1 0 0 2 2 54624 936
0x0000723b3d988b00 0x0000000dab516b00 0 1 1 0 0 2 2 54624 928
0x0000723b3d988b80 0x0000000dab516b80 0 1 1 0 0 2 2 54624 936
0x0000723b3d988c00 0x0000000dab516c00 0 0 0 0 0 2 2 54624 944
0x0000723b3d988c80 0x0000000dab516c80 0 0 0 0 0 2 2 54624 952
0x0000723b3d988d00 0x0000000dab516d00 0 1 0 0 0 2 2 54624 944
0x0000723b3d988d80 0x0000000dab516d80 0 1 0 0 0 2 2 54624 952
0x0000723b3d988e00 0x0000000dab516e00 0 0 1 0 0 2 2 54624 944
0x0000723b3d988e80 0x0000000dab516e80 0 0 1 0 0 2 2 54624 952
0x0000723b3d988f00 0x0000000dab516f00 0 1 1 0 0 2 2 54624 944
0x0000723b3d988f80 0x0000000dab516f80 0 1 1 0 0 2 2 54624 952
0x0000723b3d989000 0x0000000dab515000 0 0 0 0 0 2 2 54624 832
0x0000723b3d989080 0x0000000dab515080 0 0 0 0 0 2 2 54624 840
0x0000723b3d989100 0x0000000dab515100 0 1 0 0 0 2 2 54624 832
0x0000723b3d989180 0x0000000dab515180 0 1 0 0 0 2 2 54624 840
0x0000723b3d989200 0x0000000dab515200 0 0 1 0 0 2 2 54624 832
0x0000723b3d989280 0x0000000dab515280 0 0 1 0 0 2 2 54624 840
0x0000723b3d989300 0x0000000dab515300 0 1 1 0 0 2 2 54624 832
0x0000723b3d989380 0x0000000dab515380 0 1 1 0 0 2 2 54624 840
0x0000723b3d989400 0x0000000dab515400 0 0 0 0 0 2 2 54624 848
0x0000723b3d989480 0x0000000dab515480 0 0 0 0 0 2 2 54624 856
0x0000723b3d989500 0x0000000dab515500 0 1 0 0 0 2 2 54624 848
0x0000723b3d989580 0x0000000dab515580 0 1 0 0 0 2 2 54624 856
0x0000723b3d989600 0x0000000dab515600 0 0 1 0 0 2 2 54624 848
0x0000723b3d989680 0x0000000dab515680 0 0 1 0 0 2 2 54624 856
0x0000723b3d989700 0x0000000dab515700 0 1 1 0 0 2 2 54624 848
0x0000723b3d989780 0x0000000dab515780 0 1 1 0 0 2 2 54624 856
0x0000723b3d989800 0x0000000dab515800 0 0 0 0 0 2 2 54624 864
0x0000723b3d989880 0x0000000dab515880 0 0 0 0 0 2 2 54624 872
0x0000723b3d989900 0x0000000dab515900 0 1 0 0 0 2 2 54624 864
0x0000723b3d989980 0x0000000dab515980 0 1 0 0 0 2 2 54624 872
0x0000723b3d989a00 0x0000000dab515a00 0 0 1 0 0 2 2 54624 864
0x0000723b3d989a80 0x0000000dab515a80 0 0 1 0 0 2 2 54624 872
0x0000723b3d989b00 0x0000000dab515b00 0 1 1 0 0 2 2 54624 864
0x0000723b3d989b80 0x0000000dab515b80 0 1 1 0 0 2 2 54624 872
0x0000723b3d989c00 0x0000000dab515c00 0 0 0 0 0 2 2 54624 880
0x0000723b3d989c80 0x0000000dab515c80 0 0 0 0 0 2 2 54624 888
0x0000723b3d989d00 0x0000000dab515d00 0 1 0 0 0 2 2 54624 880
0x0000723b3d989d80 0x0000000dab515d80 0 1 0 0 0 2 2 54624 888
0x0000723b3d989e00 0x0000000dab515e00 0 0 1 0 0 2 2 54624 880
0x0000723b3d989e80 0x0000000dab515e80 0 0 1 0 0 2 2 54624 888
0x0000723b3d989f00 0x0000000dab515f00 0 1 1 0 0 2 2 54624 880
0x0000723b3d989f80 0x0000000dab515f80 0 1 1 0 0 2 2 54624 888
0x0000723b3d98a000 0x00000006ff550000 0 0 0 0 0 2 2 28642 512
0x0000723b3d98a080 0x00000006ff550080 0 0 0 0 0 2 2 28642 520
0x0000723b3d98a100 0x00000006ff550100 0 1 0 0 0 2 2 28642 512
0x0000723b3d98a180 0x00000006ff550180 0 1 0 0 0 2 2 28642 520
0x0000723b3d98a200 0x00000006ff550200 0 0 1 0 0 2 2 28642 512
0x0000723b3d98a280 0x00000006ff550280 0 0 1 0 0 2 2 28642 520
0x0000723b3d98a300 0x00000006ff550300 0 1 1 0 0 2 2 28642 512
0x0000723b3d98a380 0x00000006ff550380 0 1 1 0 0 2 2 28642 520
0x0000723b3d98a400 0x00000006ff550400 0 0 0 0 0 2 2 28642 528
0x0000723b3d98a480 0x00000006ff550480 0 0 0 0 0 2 2 28642 536
0x0000723b3d98a500 0x00000006ff550500 0 1 0 0 0 2 2 28642 528
0x0000723b3d98a580 0x00000006ff550580 0 1 0 0 0 2 2 28642 536
0x0000723b3d98a600 0x00000006ff550600 0 0 1 0 0 2 2 28642 528
0x0000723b3d98a680 0x00000006ff550680 0 0 1 0 0 2 2 28642 536
0x0000723b3d98a700 0x00000006ff550700 0 1 1 0 0 2 2 28642 528
0x0000723b3d98a780 0x00000006ff550780 0 1 1 0 0 2 2 28642 536
0x0000723b3d98a800 0x00000006ff550800 0 0 0 0 0 2 2 28642 544
0x0000723b3d98a880 0x00000006ff550880 0 0 0 0 0 2 2 28642 552
0x0000723b3d98a900 0x00000006ff550900 0 1 0 0 0 2 2 28642 544
0x0000723b3d98a980 0x00000006ff550980 0 1 0 0 0 2 2 28642 552
0x0000723b3d98aa00 0x00000006ff550a00 0 0 1 0 0 2 2 28642 544
0x0000723b3d98aa80 0x00000006ff550a80 0 0 1 0 0 2 2 28642 552
0x0000723b3d98ab00 0x00000006ff550b00 0 1 1 0 0 2 2 28642 544
0x0000723b3d98ab80 0x00000006ff550b80 0 1 1 0 0 2 2 28642 552
0x0000723b3d98ac00 0x00000006ff550c00 0 0 0 0 0 2 2 28642 560
0x0000723b3d98ac80 0x00000006ff550c80 0 0 0 0 0 2 2 28642 568
0x0000723b3d98ad00 0x00000006ff550d00 0 1 0 0 0 2 2 28642 560
0x0000723b3d98ad80 0x00000006ff550d80 0 1 0 0 0 2 2 28642 568
0x0000723b3d98ae00 0x00000006ff550e00 0 0 1 0 0 2 2 28642 560
0x0000723b3d98ae80 0x00000006ff550e80 0 0 1 0 0 2 2 28642 568
0x0000723b3d98af00 0x00000006ff550f00 0 1 1 0 0 2 2 28642 560
0x0000723b3d98af80 0x00000006ff550f80 0 1 1 0 0 2 2 28642 568
0x0000723b3d98b000 0x0000000dab517000 0 0 0 0 0 2 2 54624 960
0x0000723b3d98b080 0x0000000dab517080 0 0 0 0 0 2 2 54624 968
0x0000723b3d98b100 0x0000000dab517100 0 1 0 0 0 2 2 54624 960
0x0000723b3d98b180 0x0000000dab517180 0 1 0 0 0 2 2 54624 968
0x0000723b3d98b200 0x0000000dab517200 0 0 1 0 0 2 2 54624 960
0x0000723b3d98b280 0x0000000dab517280 0 0 1 0 0 2 2 54624 968
0x0000723b3d98b300 0x0000000dab517300 0 1 1 0 0 2 2 54624 960
0x0000723b3d98b380 0x0000000dab517380 0 1 1 0 0 2 2 54624 968
0x0000723b3d98b400 0x0000000dab517400 0 0 0 0 0 2 2 54624 976
0x0000723b3d98b480 0x0000000dab517480 0 0 0 0 0 2 2 54624 984
0x0000723b3d98b500 0x0000000dab517500 0 1 0 0 0 2 2 54624 976
0x0000723b3d98b580 0x0000000dab517580 0 1 0 0 0 2 2 54624 984
0x0000723b3d98b600 0x0000000dab517600 0 0 1 0 0 2 2 54624 976
0x0000723b3d98b680 0x0000000dab517680 0 0 1 0 0 2 2 54624 984
0x0000723b3d98b700 0x0000000dab517700 0 1 1 0 0 2 2 54624 976
0x0000723b3d98b780 0x0000000dab517780 0 1 1 0 0 2 2 54624 984
0x0000723b3d98b800 0x0000000dab517800 0 0 0 0 0 2 2 54624 992
0x0000723b3d98b880 0x0000000dab517880 0 0 0 0 0 2 2 54624 1000
0x0000723b3d98b900 0x0000000dab517900 0 1 0 0 0 2 2 54624 992
0x0000723b3d98b980 0x0000000dab517980 0 1 0 0 0 2 2 54624 1000
0x0000723b3d98ba00 0x0000000dab517a00 0 0 1 0 0 2 2 54624 992
0x0000723b3d98ba80 0x0000000dab517a80 0 0 1 0 0 2 2 54624 1000
0x0000723b3d98bb00 0x0000000dab517b00 0 1 1 0 0 2 2 54624 992
0x0000723b3d98bb80 0x0000000dab517b80 0 1 1 0 0 2 2 54624 1000
0x0000723b3d98bc00 0x0000000dab517c00 0 0 0 0 0 2 2 54624 1008
0x0000723b3d98bc80 0x0000000dab517c80 0 0 0 0 0 2 2 54624 1016
0x0000723b3d98bd00 0x0000000dab517d00 0 1 0 0 0 2 2 54624 1008
0x0000723b3d98bd80 0x0000000dab517d80 0 1 0 0 0 2 2 54624 1016
0x0000723b3d98be00 0x0000000dab517e00 0 0 1 0 0 2 2 54624 1008
0x0000723b3d98be80 0x0000000dab517e80 0 0 1 0 0 2 2 54624 1016
0x0000723b3d98bf00 0x0000000dab517f00 0 1 1 0 0 2 2 54624 1008
0x0000723b3d98bf80 0x0000000dab517f80 0 1 1 0 0 2 2 54624 1016
0x0000723b3d98c000 0x00000006ff552000 0 0 0 0 0 2 2 28642 640
0x0000723b3d98c080 0x00000006ff552080 0 0 0 0 0 2 2 28642 648
0x0000723b3d98c100 0x00000006ff552100 0 1 0 0 0 2 2 28642 640
0x0000723b3d98c180 0x00000006ff552180 0 1 0 0 0 2 2 28642 648
0x0000723b3d98c200 0x00000006ff552200 0 0 1 0 0 2 2 28642 640
0x0000723b3d98c280 0x00000006ff552280 0 0 1 0 0 2 2 28642 648
0x0000723b3d98c300 0x00000006ff552300 0 1 1 0 0 2 2 28642 640
0x0000723b3d98c380 0x00000006ff552380 0 1 1 0 0 2 2 28642 648
0x0000723b3d98c400 0x00000006ff552400 0 0 0 0 0 2 2 28642 656
0x0000723b3d98c480 0x00000006ff552480 0 0 0 0 0 2 2 28642 664
0x0000723b3d98c500 0x00000006ff552500 0 1 0 0 0 2 2 28642 656
0x0000723b3d98c580 0x00000006ff552580 0 1 0 0 0 2 2 28642 664
0x0000723b3d98c600 0x00000006ff552600 0 0 1 0 0 2 2 28642 656
0x0000723b3d98c680 0x00000006ff552680 0 0 1 0 0 2 2 28642 664
0x0000723b3d98c700 0x00000006ff552700 0 1 1 0 0 2 2 28642 656
0x0000723b3d98c780 0x00000006ff552780 0 1 1 0 0 2 2 28642 664
0x0000723b3d98c800 0x00000006ff552800 0 0 0 0 0 2 2 28642 672
0x0000723b3d98c880 0x00000006ff552880 0 0 0 0 0 2 2 28642 680
0x0000723b3d98c900 0x00000006ff552900 0 1 0 0 0 2 2 28642 672
0x0000723b3d98c980 0x00000006ff552980 0 1 0 0 0 2 2 28642 680
0x0000723b3d98ca00 0x00000006ff552a00 0 0 1 0 0 2 2 28642 672
0x0000723b3d98ca80 0x00000006ff552a80 0 0 1 0 0 2 2 28642 680
0x0000723b3d98cb00 0x00000006ff552b00 0 1 1 0 0 2 2 28642 672
0x0000723b3d98cb80 0x00000006ff552b80 0 1 1 0 0 2 2 28642 680
0x0000723b3d98cc00 0x00000006ff552c00 0 0 0 0 0 2 2 28642 688
0x0000723b3d98cc80 0x00000006ff552c80 0 0 0 0 0 2 2 28642 696
0x0000723b3d98cd00 0x00000006ff552d00 0 1 0 0 0 2 2 28642 688
0x0000723b3d98cd80 0x00000006ff552d80 0 1 0 0 0 2 2 28642 696
0x0000723b3d98ce00 0x00000006ff552e00 0 0 1 0 0 2 2 28642 688
0x0000723b3d98ce80 0x00000006ff552e80 0 0 1 0 0 2 2 28642 696
0x0000723b3d98cf00 0x00000006ff552f00 0 1 1 0 0 2 2 28642 688
0x0000723b3d98cf80 0x00000006ff552f80 0 1 1 0 0 2 2 28642 696
0x0000723b3d98d000 0x00000006ff551000 0 0 0 0 0 2 2 28642 576
0x0000723b3d98d080 0x00000006ff551080 0 0 0 0 0 2 2 28642 584
0x0000723b3d98d100 0x00000006ff551100 0 1 0 0 0 2 2 28642 576
0x0000723b3d98d180 0x00000006ff551180 0 1 0 0 0 2 2 28642 584
0x0000723b3d98d200 0x00000006ff551200 0 0 1 0 0 2 2 28642 576
0x0000723b3d98d280 0x00000006ff551280 0 0 1 0 0 2 2 28642 584
0x0000723b3d98d300 0x00000006ff551300 0 1 1 0 0 2 2 28642 576
0x0000723b3d98d380 0x00000006ff551380 0 1 1 0 0 2 2 28642 584
0x0000723b3d98d400 0x00000006ff551400 0 0 0 0 0 2 2 28642 592
0x0000723b3d98d480 0x00000006ff551480 0 0 0 0 0 2 2 28642 600
0x0000723b3d98d500 0x00000006ff551500 0 1 0 0 0 2 2 28642 592
0x0000723b3d98d580 0x00000006ff551580 0 1 0 0 0 2 2 28642 600
0x0000723b3d98d600 0x00000006ff551600 0 0 1 0 0 2 2 28642 592
0x0000723b3d98d680 0x00000006ff551680 0 0 1 0 0 2 2 28642 600
0x0000723b3d98d700 0x00000006ff551700 0 1 1 0 0 2 2 28642 592
0x0000723b3d98d780 0x00000006ff551780 0 1 1 0 0 2 2 28642 600
0x0000723b3d98d800 0x00000006ff551800 0 0 0 0 0 2 2 28642 608
0x0000723b3d98d880 0x00000006ff551880 0 0 0 0 0 2 2 28642 616
0x0000723b3d98d900 0x00000006ff551900 0 1 0 0 0 2 2 28642 608
0x0000723b3d98d980 0x00000006ff551980 0 1 0 0 0 2 2 28642 616
0x0000723b3d98da00 0x00000006ff551a00 0 0 1 0 0 2 2 28642 608
0x0000723b3d98da80 0x00000006ff551a80 0 0 1 0 0 2 2 28642 616
0x0000723b3d98db00 0x00000006ff551b00 0 1 1 0 0 2 2 28642 608
0x0000723b3d98db80 0x00000006ff551b80 0 1 1 0 0 2 2 28642 616
0x0000723b3d98dc00 0x00000006ff551c00 0 0 0 0 0 2 2 28642 624
0x0000723b3d98dc80 0x00000006ff551c80 0 0 0 0 0 2 2 28642 632
0x0000723b3d98dd00 0x00000006ff551d00 0 1 0 0 0 2 2 28642 624
0x0000723b3d98dd80 0x00000006ff551d80 0 1 0 0 0 2 2 28642 632
0x0000723b3d98de00 0x00000006ff551e00 0 0 1 0 0 2 2 28642 624
0x0000723b3d98de80 0x00000006ff551e80 0 0 1 0 0 2 2 28642 632
0x0000723b3d98df00 0x00000006ff551f00 0 1 1 0 0 2 2 28642 624
0x0000723b3d98df80 0x00000006ff551f80 0 1 1 0 0 2 2 28642 632
0x0000723b3d98f000 0x00000006ff553000 0 0 0 0 0 2 2 28642 704
0x0000723b3d98f080 0x00000006ff553080 0 0 0 0 0 2 2 28642 712
0x0000723b3d98f100 0x00000006ff553100 0 1 0 0 0 2 2 28642 704
0x0000723b3d98f180 0x00000006ff553180 0 1 0 0 0 2 2 28642 712
0x0000723b3d98f200 0x00000006ff553200 0 0 1 0 0 2 2 28642 704
0x0000723b3d98f280 0x00000006ff553280 0 0 1 0 0 2 2 28642 712
0x0000723b3d98f300 0x00000006ff553300 0 1 1 0 0 2 2 28642 704
0x0000723b3d98f380 0x00000006ff553380 0 1 1 0 0 2 2 28642 712
0x0000723b3d98f400 0x00000006ff553400 0 0 0 0 0 2 2 28642 720
0x0000723b3d98f480 0x00000006ff553480 0 0 0 0 0 2 2 28642 728
0x0000723b3d98f500 0x00000006ff553500 0 1 0 0 0 2 2 28642 720
0x0000723b3d98f580 0x00000006ff553580 0 1 0 0 0 2 2 28642 728
0x0000723b3d98f600 0x00000006ff553600 0 0 1 0 0 2 2 28642 720
0x0000723b3d98f680 0x00000006ff553680 0 0 1 0 0 2 2 28642 728
0x0000723b3d98f700 0x00000006ff553700 0 1 1 0 0 2 2 28642 720
0x0000723b3d98f780 0x00000006ff553780 0 1 1 0 0 2 2 28642 728
0x0000723b3d98f800 0x00000006ff553800 0 0 0 0 0 2 2 28642 736
0x0000723b3d98f880 0x00000006ff553880 0 0 0 0 0 2 2 28642 744
0x0000723b3d98f900 0x00000006ff553900 0 1 0 0 0 2 2 28642 736
0x0000723b3d98f980 0x00000006ff553980 0 1 0 0 0 2 2 28642 744
0x0000723b3d98fa00 0x00000006ff553a00 0 0 1 0 0 2 2 28642 736
0x0000723b3d98fa80 0x00000006ff553a80 0 0 1 0 0 2 2 28642 744
0x0000723b3d98fb00 0x00000006ff553b00 0 1 1 0 0 2 2 28642 736
0x0000723b3d98fb80 0x00000006ff553b80 0 1 1 0 0 2 2 28642 744
0x0000723b3d98fc00 0x00000006ff553c00 0 0 0 0 0 2 2 28642 752
0x0000723b3d98fc80 0x00000006ff553c80 0 0 0 0 0 2 2 28642 760
0x0000723b3d98fd00 0x00000006ff553d00 0 1 0 0 0 2 2 28642 752
0x0000723b3d98fd80 0x00000006ff553d80 0 1 0 0 0 2 2 28642 760
0x0000723b3d98fe00 0x00000006ff553e00 0 0 1 0 0 2 2 28642 752
0x0000723b3d98fe80 0x00000006ff553e80 0 0 1 0 0 2 2 28642 760
0x0000723b3d98ff00 0x00000006ff553f00 0 1 1 0 0 2 2 28642 752
0x0000723b3d98ff80 0x00000006ff553f80 0 1 1 0 0 2 2 28642 760
0x0000723b3d9d2000 0x0000000de2de1000 0 0 0 0 0 2 2 56399 64
0x0000723b3d9d2080 0x0000000de2de1080 0 0 0 0 0 2 2 56399 72
0x0000723b3d9d2100 0x0000000de2de1100 0 1 0 0 0 2 2 56399 64
0x0000723b3d9d2180 0x0000000de2de1180 0 1 0 0 0 2 2 56399 72
0x0000723b3d9d2200 0x0000000de2de1200 0 0 1 0 0 2 2 56399 64
0x0000723b3d9d2280 0x0000000de2de1280 0 0 1 0 0 2 2 56399 72
0x0000723b3d9d2300 0x0000000de2de1300 0 1 1 0 0 2 2 56399 64
0x0000723b3d9d2380 0x0000000de2de1380 0 1 1 0 0 2 2 56399 72
0x0000723b3d9d2400 0x0000000de2de1400 0 0 0 0 0 2 2 56399 80
0x0000723b3d9d2480 0x0000000de2de1480 0 0 0 0 0 2 2 56399 88
0x0000723b3d9d2500 0x0000000de2de1500 0 1 0 0 0 2 2 56399 80
0x0000723b3d9d2580 0x0000000de2de1580 0 1 0 0 0 2 2 56399 88
0x0000723b3d9d2600 0x0000000de2de1600 0 0 1 0 0 2 2 56399 80
0x0000723b3d9d2680 0x0000000de2de1680 0 0 1 0 0 2 2 56399 88
0x0000723b3d9d2700 0x0000000de2de1700 0 1 1 0 0 2 2 56399 80
0x0000723b3d9d2780 0x0000000de2de1780 0 1 1 0 0 2 2 56399 88
0x0000723b3d9d2800 0x0000000de2de1800 0 0 0 0 0 2 2 56399 96
0x0000723b3d9d2880 0x0000000de2de1880 0 0 0 0 0 2 2 56399 104
0x0000723b3d9d2900 0x0000000de2de1900 0 1 0 0 0 2 2 56399 96
0x0000723b3d9d2980 0x0000000de2de1980 0 1 0 0 0 2 2 56399 104
0x0000723b3d9d2a00 0x0000000de2de1a00 0 0 1 0 0 2 2 56399 96
0x0000723b3d9d2a80 0x0000000de2de1a80 0 0 1 0 0 2 2 56399 104
0x0000723b3d9d2b00 0x0000000de2de1b00 0 1 1 0 0 2 2 56399 96
0x0000723b3d9d2b80 0x0000000de2de1b80 0 1 1 0 0 2 2 56399 104
0x0000723b3d9d2c00 0x0000000de2de1c00 0 0 0 0 0 2 2 56399 112
0x0000723b3d9d2c80 0x0000000de2de1c80 0 0 0 0 0 2 2 56399 120
0x0000723b3d9d2d00 0x0000000de2de1d00 0 1 0 0 0 2 2 56399 112
0x0000723b3d9d2d80 0x0000000de2de1d80 0 1 0 0 0 2 2 56399 120
0x0000723b3d9d2e00 0x0000000de2de1e00 0 0 1 0 0 2 2 56399 112
0x0000723b3d9d2e80 0x0000000de2de1e80 0 0 1 0 0 2 2 56399 120
0x0000723b3d9d2f00 0x0000000de2de1f00 0 1 1 0 0 2 2 56399 112
0x0000723b3d9d2f80 0x0000000de2de1f80 0 1 1 0 0 2 2 56399 120
0x0000723b3d9e5000 0x00000007d0dc2000 0 0 0 0 0 2 2 31246 128
0x0000723b3d9e5080 0x00000007d0dc2080 0 0 0 0 0 2 2 31246 136
0x0000723b3d9e5100 0x00000007d0dc2100 0 1 0 0 0 2 2 31246 128
0x0000723b3d9e5180 0x00000007d0dc2180 0 1 0 0 0 2 2 31246 136
0x0000723b3d9e5200 0x00000007d0dc2200 0 0 1 0 0 2 2 31246 128
0x0000723b3d9e5280 0x00000007d0dc2280 0 0 1 0 0 2 2 31246 136
0x0000723b3d9e5300 0x00000007d0dc2300 0 1 1 0 0 2 2 31246 128
0x0000723b3d9e5380 0x00000007d0dc2380 0 1 1 0 0 2 2 31246 136
0x0000723b3d9e5400 0x00000007d0dc2400 0 0 0 0 0 2 2 31246 144
0x0000723b3d9e5480 0x00000007d0dc2480 0 0 0 0 0 2 2 31246 152
0x0000723b3d9e5500 0x00000007d0dc2500 0 1 0 0 0 2 2 31246 144
0x0000723b3d9e5580 0x00000007d0dc2580 0 1 0 0 0 2 2 31246 152
0x0000723b3d9e5600 0x00000007d0dc2600 0 0 1 0 0 2 2 31246 144
0x0000723b3d9e5680 0x00000007d0dc2680 0 0 1 0 0 2 2 31246 152
0x0000723b3d9e5700 0x00000007d0dc2700 0 1 1 0 0 2 2 31246 144
0x0000723b3d9e5780 0x00000007d0dc2780 0 1 1 0 0 2 2 31246 152
0x0000723b3d9e5800 0x00000007d0dc2800 0 0 0 0 0 2 2 31246 160
0x0000723b3d9e5880 0x00000007d0dc2880 0 0 0 0 0 2 2 31246 168
0x0000723b3d9e5900 0x00000007d0dc2900 0 1 0 0 0 2 2 31246 160
0x0000723b3d9e5980 0x00000007d0dc2980 0 1 0 0 0 2 2 31246 168
0x0000723b3d9e5a00 0x00000007d0dc2a00 0 0 1 0 0 2 2 31246 160
0x0000723b3d9e5a80 0x00000007d0dc2a80 0 0 1 0 0 2 2 31246 168
0x0000723b3d9e5b00 0x00000007d0dc2b00 0 1 1 0 0 2 2 31246 160
0x0000723b3d9e5b80 0x00000007d0dc2b80 0 1 1 0 0 2 2 31246 168
0x0000723b3d9e5c00 0x00000007d0dc2c00 0 0 0 0 0 2 2 31246 176
0x0000723b3d9e5c80 0x00000007d0dc2c80 0 0 0 0 0 2 2 31246 184
0x0000723b3d9e5d00 0x00000007d0dc2d00 0 1 0 0 0 2 2 31246 176
0x0000723b3d9e5d80 0x00000007d0dc2d80 0 1 0 0 0 2 2 31246 184
0x0000723b3d9e5e00 0x00000007d0dc2e00 0 0 1 0 0 2 2 31246 176
0x0000723b3d9e5e80 0x00000007d0dc2e80 0 0 1 0 0 2 2 31246 184
0x0000723b3d9e5f00 0x00000007d0dc2f00 0 1 1 0 0 2 2 31246 176
0x0000723b3d9e5f80 0x00000007d0dc2f80 0 1 1 0 0 2 2 31246 184
0x0000723b3d9ed000 0x00000007d0dc3000 0 0 0 0 0 2 2 31246 192
0x0000723b3d9ed080 0x00000007d0dc3080 0 0 0 0 0 2 2 31246 200
0x0000723b3d9ed100 0x00000007d0dc3100 0 1 0 0 0 2 2 31246 192
0x0000723b3d9ed180 0x00000007d0dc3180 0 1 0 0 0 2 2 31246 200
0x0000723b3d9ed200 0x00000007d0dc3200 0 0 1 0 0 2 2 31246 192
0x0000723b3d9ed280 0x00000007d0dc3280 0 0 1 0 0 2 2 31246 200
0x0000723b3d9ed300 0x00000007d0dc3300 0 1 1 0 0 2 2 31246 192
0x0000723b3d9ed380 0x00000007d0dc3380 0 1 1 0 0 2 2 31246 200
0x0000723b3d9ed400 0x00000007d0dc3400 0 0 0 0 0 2 2 31246 208
0x0000723b3d9ed480 0x00000007d0dc3480 0 0 0 0 0 2 2 31246 216
0x0000723b3d9ed500 0x00000007d0dc3500 0 1 0 0 0 2 2 31246 208
0x0000723b3d9ed580 0x00000007d0dc3580 0 1 0 0 0 2 2 31246 216
0x0000723b3d9ed600 0x00000007d0dc3600 0 0 1 0 0 2 2 31246 208
0x0000723b3d9ed680 0x00000007d0dc3680 0 0 1 0 0 2 2 31246 216
0x0000723b3d9ed700 0x00000007d0dc3700 0 1 1 0 0 2 2 31246 208
0x0000723b3d9ed780 0x00000007d0dc3780 0 1 1 0 0 2 2 31246 216
0x0000723b3d9ed800 0x00000007d0dc3800 0 0 0 0 0 2 2 31246 224
0x0000723b3d9ed880 0x00000007d0dc3880 0 0 0 0 0 2 2 31246 232
0x0000723b3d9ed900 0x00000007d0dc3900 0 1 0 0 0 2 2 31246 224
0x0000723b3d9ed980 0x00000007d0dc3980 0 1 0 0 0 2 2 31246 232
0x0000723b3d9eda00 0x00000007d0dc3a00 0 0 1 0 0 2 2 31246 224
0x0000723b3d9eda80 0x00000007d0dc3a80 0 0 1 0 0 2 2 31246 232
0x0000723b3d9edb00 0x00000007d0dc3b00 0 1 1 0 0 2 2 31246 224
0x0000723b3d9edb80 0x00000007d0dc3b80 0 1 1 0 0 2 2 31246 232
0x0000723b3d9edc00 0x00000007d0dc3c00 0 0 0 0 0 2 2 31246 240
0x0000723b3d9edc80 0x00000007d0dc3c80 0 0 0 0 0 2 2 31246 248
0x0000723b3d9edd00 0x00000007d0dc3d00 0 1 0 0 0 2 2 31246 240
0x0000723b3d9edd80 0x00000007d0dc3d80 0 1 0 0 0 2 2 31246 248
0x0000723b3d9ede00 0x00000007d0dc3e00 0 0 1 0 0 2 2 31246 240
0x0000723b3d9ede80 0x00000007d0dc3e80 0 0 1 0 0 2 2 31246 248
0x0000723b3d9edf00 0x00000007d0dc3f00 0 1 1 0 0 2 2 31246 240
0x0000723b3d9edf80 0x00000007d0dc3f80 0 1 1 0 0 2 2 31246 248
0x0000723b3d9ee000 0x00000007d0dc1000 0 0 0 0 0 2 2 31246 64
0x0000723b3d9ee080 0x00000007d0dc1080 0 0 0 0 0 2 2 31246 72
0x0000723b3d9ee100 0x00000007d0dc1100 0 1 0 0 0 2 2 31246 64
0x0000723b3d9ee180 0x00000007d0dc1180 0 1 0 0 0 2 2 31246 72
0x0000723b3d9ee200 0x00000007d0dc1200 0 0 1 0 0 2 2 31246 64
0x0000723b3d9ee280 0x00000007d0dc1280 0 0 1 0 0 2 2 31246 72
0x0000723b3d9ee300 0x00000007d0dc1300 0 1 1 0 0 2 2 31246 64
0x0000723b3d9ee380 0x00000007d0dc1380 0 1 1 0 0 2 2 31246 72
0x0000723b3d9ee400 0x00000007d0dc1400 0 0 0 0 0 2 2 31246 80
0x0000723b3d9ee480 0x00000007d0dc1480 0 0 0 0 0 2 2 31246 88
0x0000723b3d9ee500 0x00000007d0dc1500 0 1 0 0 0 2 2 31246 80
0x0000723b3d9ee580 0x00000007d0dc1580 0 1 0 0 0 2 2 31246 88
0x0000723b3d9ee600 0x00000007d0dc1600 0 0 1 0 0 2 2 31246 80
0x0000723b3d9ee680 0x00000007d0dc1680 0 0 1 0 0 2 2 31246 88
0x0000723b3d9ee700 0x00000007d0dc1700 0 1 1 0 0 2 2 31246 80
0x0000723b3d9ee780 0x00000007d0dc1780 0 1 1 0 0 2 2 31246 88
0x0000723b3d9ee800 0x00000007d0dc1800 0 0 0 0 0 2 2 31246 96
0x0000723b3d9ee880 0x00000007d0dc1880 0 0 0 0 0 2 2 31246 104
0x0000723b3d9ee900 0x00000007d0dc1900 0 1 0 0 0 2 2 31246 96
0x0000723b3d9ee980 0x00000007d0dc1980 0 1 0 0 0 2 2 31246 104
0x0000723b3d9eea00 0x00000007d0dc1a00 0 0 1 0 0 2 2 31246 96
0x0000723b3d9eea80 0x00000007d0dc1a80 0 0 1 0 0 2 2 31246 104
0x0000723b3d9eeb00 0x00000007d0dc1b00 0 1 1 0 0 2 2 31246 96
0x0000723b3d9eeb80 0x00000007d0dc1b80 0 1 1 0 0 2 2 31246 104
0x0000723b3d9eec00 0x00000007d0dc1c00 0 0 0 0 0 2 2 31246 112
0x0000723b3d9eec80 0x00000007d0dc1c80 0 0 0 0 0 2 2 31246 120
0x0000723b3d9eed00 0x00000007d0dc1d00 0 1 0 0 0 2 2 31246 112
0x0000723b3d9eed80 0x00000007d0dc1d80 0 1 0 0 0 2 2 31246 120
0x0000723b3d9eee00 0x00000007d0dc1e00 0 0 1 0 0 2 2 31246 112
0x0000723b3d9eee80 0x00000007d0dc1e80 0 0 1 0 0 2 2 31246 120
0x0000723b3d9eef00 0x00000007d0dc1f00 0 1 1 0 0 2 2 31246 112
0x0000723b3d9eef80 0x00000007d0dc1f80 0 1 1 0 0 2 2 31246 120
0x0000723b3d9fe000 0x00000007d0dc0000 0 0 0 0 0 2 2 31246 0
0x0000723b3d9fe080 0x00000007d0dc0080 0 0 0 0 0 2 2 31246 8
0x0000723b3d9fe100 0x00000007d0dc0100 0 1 0 0 0 2 2 31246 0
0x0000723b3d9fe180 0x00000007d0dc0180 0 1 0 0 0 2 2 31246 8
0x0000723b3d9fe200 0x00000007d0dc0200 0 0 1 0 0 2 2 31246 0
0x0000723b3d9fe280 0x00000007d0dc0280 0 0 1 0 0 2 2 31246 8
0x0000723b3d9fe300 0x00000007d0dc0300 0 1 1 0 0 2 2 31246 0
0x0000723b3d9fe380 0x00000007d0dc0380 0 1 1 0 0 2 2 31246 8
0x0000723b3d9fe400 0x00000007d0dc0400 0 0 0 0 0 2 2 31246 16
0x0000723b3d9fe480 0x00000007d0dc0480 0 0 0 0 0 2 2 31246 24
0x0000723b3d9fe500 0x00000007d0dc0500 0 1 0 0 0 2 2 31246 16
0x0000723b3d9fe580 0x00000007d0dc0580 0 1 0 0 0 2 2 31246 24
0x0000723b3d9fe600 0x00000007d0dc0600 0 0 1 0 0 2 2 31246 16
0x0000723b3d9fe680 0x00000007d0dc0680 0 0 1 0 0 2 2 31246 24
0x0000723b3d9fe700 0x00000007d0dc0700 0 1 1 0 0 2 2 31246 16
0x0000723b3d9fe780 0x00000007d0dc0780 0 1 1 0 0 2 2 31246 24
0x0000723b3d9fe800 0x00000007d0dc0800 0 0 0 0 0 2 2 31246 32
0x0000723b3d9fe880 0x00000007d0dc0880 0 0 0 0 0 2 2 31246 40
0x0000723b3d9fe900 0x00000007d0dc0900 0 1 0 0 0 2 2 31246 32
0x0000723b3d9fe980 0x00000007d0dc0980 0 1 0 0 0 2 2 31246 40
0x0000723b3d9fea00 0x00000007d0dc0a00 0 0 1 0 0 2 2 31246 32
0x0000723b3d9fea80 0x00000007d0dc0a80 0 0 1 0 0 2 2 31246 40
0x0000723b3d9feb00 0x00000007d0dc0b00 0 1 1 0 0 2 2 31246 32
0x0000723b3d9feb80 0x00000007d0dc0b80 0 1 1 0 0 2 2 31246 40
0x0000723b3d9fec00 0x00000007d0dc0c00 0 0 0 0 0 2 2 31246 48
0x0000723b3d9fec80 0x00000007d0dc0c80 0 0 0 0 0 2 2 31246 56
0x0000723b3d9fed00 0x00000007d0dc0d00 0 1 0 0 0 2 2 31246 48
0x0000723b3d9fed80 0x00000007d0dc0d80 0 1 0 0 0 2 2 31246 56
0x0000723b3d9fee00 0x00000007d0dc0e00 0 0 1 0 0 2 2 31246 48
0x0000723b3d9fee80 0x00000007d0dc0e80 0 0 1 0 0 2 2 31246 56
0x0000723b3d9fef00 0x00000007d0dc0f00 0 1 1 0 0 2 2 31246 48
0x0000723b3d9fef80 0x00000007d0dc0f80 0 1 1 0 0 2 2 31246 56
0x0000723b3da4f000 0x0000000d805c2000 0 0 0 0 0 2 2 53254 128
0x0000723b3da4f080 0x0000000d805c2080 0 0 0 0 0 2 2 53254 136
0x0000723b3da4f100 0x0000000d805c2100 0 1 0 0 0 2 2 53254 128
0x0000723b3da4f180 0x0000000d805c2180 0 1 0 0 0 2 2 53254 136
0x0000723b3da4f200 0x0000000d805c2200 0 0 1 0 0 2 2 53254 128
0x0000723b3da4f280 0x0000000d805c2280 0 0 1 0 0 2 2 53254 136
0x0000723b3da4f300 0x0000000d805c2300 0 1 1 0 0 2 2 53254 128
0x0000723b3da4f380 0x0000000d805c2380 0 1 1 0 0 2 2 53254 136
0x0000723b3da4f400 0x0000000d805c2400 0 0 0 0 0 2 2 53254 144
0x0000723b3da4f480 0x0000000d805c2480 0 0 0 0 0 2 2 53254 152
0x0000723b3da4f500 0x0000000d805c2500 0 1 0 0 0 2 2 53254 144
0x0000723b3da4f580 0x0000000d805c2580 0 1 0 0 0 2 2 53254 152
0x0000723b3da4f600 0x0000000d805c2600 0 0 1 0 0 2 2 53254 144
0x0000723b3da4f680 0x0000000d805c2680 0 0 1 0 0 2 2 53254 152
0x0000723b3da4f700 0x0000000d805c2700 0 1 1 0 0 2 2 53254 144
0x0000723b3da4f780 0x0000000d805c2780 0 1 1 0 0 2 2 53254 152
0x0000723b3da4f800 0x0000000d805c2800 0 0 0 0 0 2 2 53254 160
0x0000723b3da4f880 0x0000000d805c2880 0 0 0 0 0 2 2 53254 168
0x0000723b3da4f900 0x0000000d805c2900 0 1 0 0 0 2 2 53254 160
0x0000723b3da4f980 0x0000000d805c2980 0 1 0 0 0 2 2 53254 168
0x0000723b3da4fa00 0x0000000d805c2a00 0 0 1 0 0 2 2 53254 160
0x0000723b3da4fa80 0x0000000d805c2a80 0 0 1 0 0 2 2 53254 168
0x0000723b3da4fb00 0x0000000d805c2b00 0 1 1 0 0 2 2 53254 160
0x0000723b3da4fb80 0x0000000d805c2b80 0 1 1 0 0 2 2 53254 168
0x0000723b3da4fc00 0x0000000d805c2c00 0 0 0 0 0 2 2 53254 176
0x0000723b3da4fc80 0x0000000d805c2c80 0 0 0 0 0 2 2 53254 184
0x0000723b3da4fd00 0x0000000d805c2d00 0 1 0 0 0 2 2 53254 176
0x0000723b3da4fd80 0x0000000d805c2d80 0 1 0 0 0 2 2 53254 184
0x0000723b3da4fe00 0x0000000d805c2e00 0 0 1 0 0 2 2 53254 176
0x0000723b3da4fe80 0x0000000d805c2e80 0 0 1 0 0 2 2 53254 184
0x0000723b3da4ff00 0x0000000d805c2f00 0 1 1 0 0 2 2 53254 176
0x0000723b3da4ff80 0x0000000d805c2f80 0 1 1 0 0 2 2 53254 184
0x0000723b3da57000 0x0000000de75df000 0 0 0 0 1 2 2 56550 960
0x0000723b3da57080 0x0000000de75df080 0 0 0 0 1 2 2 56550 968
0x0000723b3da57100 0x0000000de75df100 0 1 0 0 1 2 2 56550 960
0x0000723b3da57180 0x0000000de75df180 0 1 0 0 1 2 2 56550 968
0x0000723b3da57200 0x0000000de75df200 0 0 1 0 1 2 2 56550 960
0x0000723b3da57280 0x0000000de75df280 0 0 1 0 1 2 2 56550 968
0x0000723b3da57300 0x0000000de75df300 0 1 1 0 1 2 2 56550 960
0x0000723b3da57380 0x0000000de75df380 0 1 1 0 1 2 2 56550 968
0x0000723b3da57400 0x0000000de75df400 0 0 0 0 1 2 2 56550 976
0x0000723b3da57480 0x0000000de75df480 0 0 0 0 1 2 2 56550 984
0x0000723b3da57500 0x0000000de75df500 0 1 0 0 1 2 2 56550 976
0x0000723b3da57580 0x0000000de75df580 0 1 0 0 1 2 2 56550 984
0x0000723b3da57600 0x0000000de75df600 0 0 1 0 1 2 2 56550 976
0x0000723b3da57680 0x0000000de75df680 0 0 1 0 1 2 2 56550 984
0x0000723b3da57700 0x0000000de75df700 0 1 1 0 1 2 2 56550 976
0x0000723b3da57780 0x0000000de75df780 0 1 1 0 1 2 2 56550 984
0x0000723b3da57800 0x0000000de75df800 0 0 0 0 1 2 2 56550 992
0x0000723b3da57880 0x0000000de75df880 0 0 0 0 1 2 2 56550 1000
0x0000723b3da57900 0x0000000de75df900 0 1 0 0 1 2 2 56550 992
0x0000723b3da57980 0x0000000de75df980 0 1 0 0 1 2 2 56550 1000
0x0000723b3da57a00 0x0000000de75dfa00 0 0 1 0 1 2 2 56550 992
0x0000723b3da57a80 0x0000000de75dfa80 0 0 1 0 1 2 2 56550 1000
0x0000723b3da57b00 0x0000000de75dfb00 0 1 1 0 1 2 2 56550 992
0x0000723b3da57b80 0x0000000de75dfb80 0 1 1 0 1 2 2 56550 1000
0x0000723b3da57c00 0x0000000de75dfc00 0 0 0 0 1 2 2 56550 1008
0x0000723b3da57c80 0x0000000de75dfc80 0 0 0 0 1 2 2 56550 1016
0x0000723b3da57d00 0x0000000de75dfd00 0 1 0 0 1 2 2 56550 1008
0x0000723b3da57d80 0x0000000de75dfd80 0 1 0 0 1 2 2 56550 1016
0x0000723b3da57e00 0x0000000de75dfe00 0 0 1 0 1 2 2 56550 1008
0x0000723b3da57e80 0x0000000de75dfe80 0 0 1 0 1 2 2 56550 1016
0x0000723b3da57f00 0x0000000de75dff00 0 1 1 0 1 2 2 56550 1008
0x0000723b3da57f80 0x0000000de75dff80 0 1 1 0 1 2 2 56550 1016
0x0000723b3da5b000 0x0000000e845df000 0 0 0 0 1 2 2 57478 960
0x0000723b3da5b080 0x0000000e845df080 0 0 0 0 1 2 2 57478 968
0x0000723b3da5b100 0x0000000e845df100 0 1 0 0 1 2 2 57478 960
0x0000723b3da5b180 0x0000000e845df180 0 1 0 0 1 2 2 57478 968
0x0000723b3da5b200 0x0000000e845df200 0 0 1 0 1 2 2 57478 960
0x0000723b3da5b280 0x0000000e845df280 0 0 1 0 1 2 2 57478 968
0x0000723b3da5b300 0x0000000e845df300 0 1 1 0 1 2 2 57478 960
0x0000723b3da5b380 0x0000000e845df380 0 1 1 0 1 2 2 57478 968
0x0000723b3da5b400 0x0000000e845df400 0 0 0 0 1 2 2 57478 976
0x0000723b3da5b480 0x0000000e845df480 0 0 0 0 1 2 2 57478 984
0x0000723b3da5b500 0x0000000e845df500 0 1 0 0 1 2 2 57478 976
0x0000723b3da5b580 0x0000000e845df580 0 1 0 0 1 2 2 57478 984
0x0000723b3da5b600 0x0000000e845df600 0 0 1 0 1 2 2 57478 976
0x0000723b3da5b680 0x0000000e845df680 0 0 1 0 1 2 2 57478 984
0x0000723b3da5b700 0x0000000e845df700 0 1 1 0 1 2 2 57478 976
0x0000723b3da5b780 0x0000000e845df780 0 1 1 0 1 2 2 57478 984
0x0000723b3da5b800 0x0000000e845df800 0 0 0 0 1 2 2 57478 992
0x0000723b3da5b880 0x0000000e845df880 0 0 0 0 1 2 2 57478 1000
0x0000723b3da5b900 0x0000000e845df900 0 1 0 0 1 2 2 57478 992
0x0000723b3da5b980 0x0000000e845df980 0 1 0 0 1 2 2 57478 1000
0x0000723b3da5ba00 0x0000000e845dfa00 0 0 1 0 1 2 2 57478 992
0x0000723b3da5ba80 0x0000000e845dfa80 0 0 1 0 1 2 2 57478 1000
0x0000723b3da5bb00 0x0000000e845dfb00 0 1 1 0 1 2 2 57478 992
0x0000723b3da5bb80 0x0000000e845dfb80 0 1 1 0 1 2 2 57478 1000
0x0000723b3da5bc00 0x0000000e845dfc00 0 0 0 0 1 2 2 57478 1008
0x0000723b3da5bc80 0x0000000e845dfc80 0 0 0 0 1 2 2 57478 1016
0x0000723b3da5bd00 0x0000000e845dfd00 0 1 0 0 1 2 2 57478 1008
0x0000723b3da5bd80 0x0000000e845dfd80 0 1 0 0 1 2 2 57478 1016
0x0000723b3da5be00 0x0000000e845dfe00 0 0 1 0 1 2 2 57478 1008
0x0000723b3da5be80 0x0000000e845dfe80 0 0 1 0 1 2 2 57478 1016
0x0000723b3da5bf00 0x0000000e845dff00 0 1 1 0 1 2 2 57478 1008
0x0000723b3da5bf80 0x0000000e845dff80 0 1 1 0 1 2 2 57478 1016
0x0000723b3da62000 0x0000000efcdf4000 0 0 0 0 0 2 2 61327 768
0x0000723b3da62080 0x0000000efcdf4080 0 0 0 0 0 2 2 61327 776
0x0000723b3da62100 0x0000000efcdf4100 0 1 0 0 0 2 2 61327 768
0x0000723b3da62180 0x0000000efcdf4180 0 1 0 0 0 2 2 61327 776
0x0000723b3da62200 0x0000000efcdf4200 0 0 1 0 0 2 2 61327 768
0x0000723b3da62280 0x0000000efcdf4280 0 0 1 0 0 2 2 61327 776
0x0000723b3da62300 0x0000000efcdf4300 0 1 1 0 0 2 2 61327 768
0x0000723b3da62380 0x0000000efcdf4380 0 1 1 0 0 2 2 61327 776
0x0000723b3da62400 0x0000000efcdf4400 0 0 0 0 0 2 2 61327 784
0x0000723b3da62480 0x0000000efcdf4480 0 0 0 0 0 2 2 61327 792
0x0000723b3da62500 0x0000000efcdf4500 0 1 0 0 0 2 2 61327 784
0x0000723b3da62580 0x0000000efcdf4580 0 1 0 0 0 2 2 61327 792
0x0000723b3da62600 0x0000000efcdf4600 0 0 1 0 0 2 2 61327 784
0x0000723b3da62680 0x0000000efcdf4680 0 0 1 0 0 2 2 61327 792
0x0000723b3da62700 0x0000000efcdf4700 0 1 1 0 0 2 2 61327 784
0x0000723b3da62780 0x0000000efcdf4780 0 1 1 0 0 2 2 61327 792
0x0000723b3da62800 0x0000000efcdf4800 0 0 0 0 0 2 2 61327 800
0x0000723b3da62880 0x0000000efcdf4880 0 0 0 0 0 2 2 61327 808
0x0000723b3da62900 0x0000000efcdf4900 0 1 0 0 0 2 2 61327 800
0x0000723b3da62980 0x0000000efcdf4980 0 1 0 0 0 2 2 61327 808
0x0000723b3da62a00 0x0000000efcdf4a00 0 0 1 0 0 2 2 61327 800
0x0000723b3da62a80 0x0000000efcdf4a80 0 0 1 0 0 2 2 61327 808
0x0000723b3da62b00 0x0000000efcdf4b00 0 1 1 0 0 2 2 61327 800
0x0000723b3da62b80 0x0000000efcdf4b80 0 1 1 0 0 2 2 61327 808
0x0000723b3da62c00 0x0000000efcdf4c00 0 0 0 0 0 2 2 61327 816
0x0000723b3da62c80 0x0000000efcdf4c80 0 0 0 0 0 2 2 61327 824
0x0000723b3da62d00 0x0000000efcdf4d00 0 1 0 0 0 2 2 61327 816
0x0000723b3da62d80 0x0000000efcdf4d80 0 1 0 0 0 2 2 61327 824
0x0000723b3da62e00 0x0000000efcdf4e00 0 0 1 0 0 2 2 61327 816
0x0000723b3da62e80 0x0000000efcdf4e80 0 0 1 0 0 2 2 61327 824
0x0000723b3da62f00 0x0000000efcdf4f00 0 1 1 0 0 2 2 61327 816
0x0000723b3da62f80 0x0000000efcdf4f80 0 1 1 0 0 2 2 61327 824
0x0000723b3da6a000 0x0000000e845de000 0 0 0 0 1 2 2 57478 896
0x0000723b3da6a080 0x0000000e845de080 0 0 0 0 1 2 2 57478 904
0x0000723b3da6a100 0x0000000e845de100 0 1 0 0 1 2 2 57478 896
0x0000723b3da6a180 0x0000000e845de180 0 1 0 0 1 2 2 57478 904
0x0000723b3da6a200 0x0000000e845de200 0 0 1 0 1 2 2 57478 896
0x0000723b3da6a280 0x0000000e845de280 0 0 1 0 1 2 2 57478 904
0x0000723b3da6a300 0x0000000e845de300 0 1 1 0 1 2 2 57478 896
0x0000723b3da6a380 0x0000000e845de380 0 1 1 0 1 2 2 57478 904
0x0000723b3da6a400 0x0000000e845de400 0 0 0 0 1 2 2 57478 912
0x0000723b3da6a480 0x0000000e845de480 0 0 0 0 1 2 2 57478 920
0x0000723b3da6a500 0x0000000e845de500 0 1 0 0 1 2 2 57478 912
0x0000723b3da6a580 0x0000000e845de580 0 1 0 0 1 2 2 57478 920
0x0000723b3da6a600 0x0000000e845de600 0 0 1 0 1 2 2 57478 912
0x0000723b3da6a680 0x0000000e845de680 0 0 1 0 1 2 2 57478 920
0x0000723b3da6a700 0x0000000e845de700 0 1 1 0 1 2 2 57478 912
0x0000723b3da6a780 0x0000000e845de780 0 1 1 0 1 2 2 57478 920
0x0000723b3da6a800 0x0000000e845de800 0 0 0 0 1 2 2 57478 928
0x0000723b3da6a880 0x0000000e845de880 0 0 0 0 1 2 2 57478 936
0x0000723b3da6a900 0x0000000e845de900 0 1 0 0 1 2 2 57478 928
0x0000723b3da6a980 0x0000000e845de980 0 1 0 0 1 2 2 57478 936
0x0000723b3da6aa00 0x0000000e845dea00 0 0 1 0 1 2 2 57478 928
0x0000723b3da6aa80 0x0000000e845dea80 0 0 1 0 1 2 2 57478 936
0x0000723b3da6ab00 0x0000000e845deb00 0 1 1 0 1 2 2 57478 928
0x0000723b3da6ab80 0x0000000e845deb80 0 1 1 0 1 2 2 57478 936
0x0000723b3da6ac00 0x0000000e845dec00 0 0 0 0 1 2 2 57478 944
0x0000723b3da6ac80 0x0000000e845dec80 0 0 0 0 1 2 2 57478 952
0x0000723b3da6ad00 0x0000000e845ded00 0 1 0 0 1 2 2 57478 944
0x0000723b3da6ad80 0x0000000e845ded80 0 1 0 0 1 2 2 57478 952
0x0000723b3da6ae00 0x0000000e845dee00 0 0 1 0 1 2 2 57478 944
0x0000723b3da6ae80 0x0000000e845dee80 0 0 1 0 1 2 2 57478 952
0x0000723b3da6af00 0x0000000e845def00 0 1 1 0 1 2 2 57478 944
0x0000723b3da6af80 0x0000000e845def80 0 1 1 0 1 2 2 57478 952
0x0000723b3da6e000 0x0000000de75de000 0 0 0 0 1 2 2 56550 896
0x0000723b3da6e080 0x0000000de75de080 0 0 0 0 1 2 2 56550 904
0x0000723b3da6e100 0x0000000de75de100 0 1 0 0 1 2 2 56550 896
0x0000723b3da6e180 0x0000000de75de180 0 1 0 0 1 2 2 56550 904
0x0000723b3da6e200 0x0000000de75de200 0 0 1 0 1 2 2 56550 896
0x0000723b3da6e280 0x0000000de75de280 0 0 1 0 1 2 2 56550 904
0x0000723b3da6e300 0x0000000de75de300 0 1 1 0 1 2 2 56550 896
0x0000723b3da6e380 0x0000000de75de380 0 1 1 0 1 2 2 56550 904
0x0000723b3da6e400 0x0000000de75de400 0 0 0 0 1 2 2 56550 912
0x0000723b3da6e480 0x0000000de75de480 0 0 0 0 1 2 2 56550 920
0x0000723b3da6e500 0x0000000de75de500 0 1 0 0 1 2 2 56550 912
0x0000723b3da6e580 0x0000000de75de580 0 1 0 0 1 2 2 56550 920
0x0000723b3da6e600 0x0000000de75de600 0 0 1 0 1 2 2 56550 912
0x0000723b3da6e680 0x0000000de75de680 0 0 1 0 1 2 2 56550 920
0x0000723b3da6e700 0x0000000de75de700 0 1 1 0 1 2 2 56550 912
0x0000723b3da6e780 0x0000000de75de780 0 1 1 0 1 2 2 56550 920
0x0000723b3da6e800 0x0000000de75de800 0 0 0 0 1 2 2 56550 928
0x0000723b3da6e880 0x0000000de75de880 0 0 0 0 1 2 2 56550 936
0x0000723b3da6e900 0x0000000de75de900 0 1 0 0 1 2 2 56550 928
0x0000723b3da6e980 0x0000000de75de980 0 1 0 0 1 2 2 56550 936
0x0000723b3da6ea00 0x0000000de75dea00 0 0 1 0 1 2 2 56550 928
0x0000723b3da6ea80 0x0000000de75dea80 0 0 1 0 1 2 2 56550 936
0x0000723b3da6eb00 0x0000000de75deb00 0 1 1 0 1 2 2 56550 928
0x0000723b3da6eb80 0x0000000de75deb80 0 1 1 0 1 2 2 56550 936
0x0000723b3da6ec00 0x0000000de75dec00 0 0 0 0 1 2 2 56550 944
0x0000723b3da6ec80 0x0000000de75dec80 0 0 0 0 1 2 2 56550 952
0x0000723b3da6ed00 0x0000000de75ded00 0 1 0 0 1 2 2 56550 944
0x0000723b3da6ed80 0x0000000de75ded80 0 1 0 0 1 2 2 56550 952
0x0000723b3da6ee00 0x0000000de75dee00 0 0 1 0 1 2 2 56550 944
0x0000723b3da6ee80 0x0000000de75dee80 0 0 1 0 1 2 2 56550 952
0x0000723b3da6ef00 0x0000000de75def00 0 1 1 0 1 2 2 56550 944
0x0000723b3da6ef80 0x0000000de75def80 0 1 1 0 1 2 2 56550 952
0x0000723b3da70000 0x0000000af8d51000 0 0 0 0 0 2 2 44810 576
0x0000723b3da70080 0x0000000af8d51080 0 0 0 0 0 2 2 44810 584
0x0000723b3da70100 0x0000000af8d51100 0 1 0 0 0 2 2 44810 576
0x0000723b3da70180 0x0000000af8d51180 0 1 0 0 0 2 2 44810 584
0x0000723b3da70200 0x0000000af8d51200 0 0 1 0 0 2 2 44810 576
0x0000723b3da70280 0x0000000af8d51280 0 0 1 0 0 2 2 44810 584
0x0000723b3da70300 0x0000000af8d51300 0 1 1 0 0 2 2 44810 576
0x0000723b3da70380 0x0000000af8d51380 0 1 1 0 0 2 2 44810 584
0x0000723b3da70400 0x0000000af8d51400 0 0 0 0 0 2 2 44810 592
0x0000723b3da70480 0x0000000af8d51480 0 0 0 0 0 2 2 44810 600
0x0000723b3da70500 0x0000000af8d51500 0 1 0 0 0 2 2 44810 592
0x0000723b3da70580 0x0000000af8d51580 0 1 0 0 0 2 2 44810 600
0x0000723b3da70600 0x0000000af8d51600 0 0 1 0 0 2 2 44810 592
0x0000723b3da70680 0x0000000af8d51680 0 0 1 0 0 2 2 44810 600
0x0000723b3da70700 0x0000000af8d51700 0 1 1 0 0 2 2 44810 592
0x0000723b3da70780 0x0000000af8d51780 0 1 1 0 0 2 2 44810 600
0x0000723b3da70800 0x0000000af8d51800 0 0 0 0 0 2 2 44810 608
0x0000723b3da70880 0x0000000af8d51880 0 0 0 0 0 2 2 44810 616
0x0000723b3da70900 0x0000000af8d51900 0 1 0 0 0 2 2 44810 608
0x0000723b3da70980 0x0000000af8d51980 0 1 0 0 0 2 2 44810 616
0x0000723b3da70a00 0x0000000af8d51a00 0 0 1 0 0 2 2 44810 608
0x0000723b3da70a80 0x0000000af8d51a80 0 0 1 0 0 2 2 44810 616
0x0000723b3da70b00 0x0000000af8d51b00 0 1 1 0 0 2 2 44810 608
0x0000723b3da70b80 0x0000000af8d51b80 0 1 1 0 0 2 2 44810 616
0x0000723b3da70c00 0x0000000af8d51c00 0 0 0 0 0 2 2 44810 624
0x0000723b3da70c80 0x0000000af8d51c80 0 0 0 0 0 2 2 44810 632
0x0000723b3da70d00 0x0000000af8d51d00 0 1 0 0 0 2 2 44810 624
0x0000723b3da70d80 0x0000000af8d51d80 0 1 0 0 0 2 2 44810 632
0x0000723b3da70e00 0x0000000af8d51e00 0 0 1 0 0 2 2 44810 624
0x0000723b3da70e80 0x0000000af8d51e80 0 0 1 0 0 2 2 44810 632
0x0000723b3da70f00 0x0000000af8d51f00 0 1 1 0 0 2 2 44810 624
0x0000723b3da70f80 0x0000000af8d51f80 0 1 1 0 0 2 2 44810 632
0x0000723b3da71000 0x0000000efcdf5000 0 0 0 0 0 2 2 61327 832
0x0000723b3da71080 0x0000000efcdf5080 0 0 0 0 0 2 2 61327 840
0x0000723b3da71100 0x0000000efcdf5100 0 1 0 0 0 2 2 61327 832
0x0000723b3da71180 0x0000000efcdf5180 0 1 0 0 0 2 2 61327 840
0x0000723b3da71200 0x0000000efcdf5200 0 0 1 0 0 2 2 61327 832
0x0000723b3da71280 0x0000000efcdf5280 0 0 1 0 0 2 2 61327 840
0x0000723b3da71300 0x0000000efcdf5300 0 1 1 0 0 2 2 61327 832
0x0000723b3da71380 0x0000000efcdf5380 0 1 1 0 0 2 2 61327 840
0x0000723b3da71400 0x0000000efcdf5400 0 0 0 0 0 2 2 61327 848
0x0000723b3da71480 0x0000000efcdf5480 0 0 0 0 0 2 2 61327 856
0x0000723b3da71500 0x0000000efcdf5500 0 1 0 0 0 2 2 61327 848
0x0000723b3da71580 0x0000000efcdf5580 0 1 0 0 0 2 2 61327 856
0x0000723b3da71600 0x0000000efcdf5600 0 0 1 0 0 2 2 61327 848
0x0000723b3da71680 0x0000000efcdf5680 0 0 1 0 0 2 2 61327 856
0x0000723b3da71700 0x0000000efcdf5700 0 1 1 0 0 2 2 61327 848
0x0000723b3da71780 0x0000000efcdf5780 0 1 1 0 0 2 2 61327 856
0x0000723b3da71800 0x0000000efcdf5800 0 0 0 0 0 2 2 61327 864
0x0000723b3da71880 0x0000000efcdf5880 0 0 0 0 0 2 2 61327 872
0x0000723b3da71900 0x0000000efcdf5900 0 1 0 0 0 2 2 61327 864
0x0000723b3da71980 0x0000000efcdf5980 0 1 0 0 0 2 2 61327 872
0x0000723b3da71a00 0x0000000efcdf5a00 0 0 1 0 0 2 2 61327 864
0x0000723b3da71a80 0x0000000efcdf5a80 0 0 1 0 0 2 2 61327 872
0x0000723b3da71b00 0x0000000efcdf5b00 0 1 1 0 0 2 2 61327 864
0x0000723b3da71b80 0x0000000efcdf5b80 0 1 1 0 0 2 2 61327 872
0x0000723b3da71c00 0x0000000efcdf5c00 0 0 0 0 0 2 2 61327 880
0x0000723b3da71c80 0x0000000efcdf5c80 0 0 0 0 0 2 2 61327 888
0x0000723b3da71d00 0x0000000efcdf5d00 0 1 0 0 0 2 2 61327 880
0x0000723b3da71d80 0x0000000efcdf5d80 0 1 0 0 0 2 2 61327 888
0x0000723b3da71e00 0x0000000efcdf5e00 0 0 1 0 0 2 2 61327 880
0x0000723b3da71e80 0x0000000efcdf5e80 0 0 1 0 0 2 2 61327 888
0x0000723b3da71f00 0x0000000efcdf5f00 0 1 1 0 0 2 2 61327 880
0x0000723b3da71f80 0x0000000efcdf5f80 0 1 1 0 0 2 2 61327 888
0x0000723b3dab8000 0x0000000d805c1000 0 0 0 0 0 2 2 53254 64
0x0000723b3dab8080 0x0000000d805c1080 0 0 0 0 0 2 2 53254 72
0x0000723b3dab8100 0x0000000d805c1100 0 1 0 0 0 2 2 53254 64
0x0000723b3dab8180 0x0000000d805c1180 0 1 0 0 0 2 2 53254 72
0x0000723b3dab8200 0x0000000d805c1200 0 0 1 0 0 2 2 53254 64
0x0000723b3dab8280 0x0000000d805c1280 0 0 1 0 0 2 2 53254 72
0x0000723b3dab8300 0x0000000d805c1300 0 1 1 0 0 2 2 53254 64
0x0000723b3dab8380 0x0000000d805c1380 0 1 1 0 0 2 2 53254 72
0x0000723b3dab8400 0x0000000d805c1400 0 0 0 0 0 2 2 53254 80
0x0000723b3dab8480 0x0000000d805c1480 0 0 0 0 0 2 2 53254 88
0x0000723b3dab8500 0x0000000d805c1500 0 1 0 0 0 2 2 53254 80
0x0000723b3dab8580 0x0000000d805c1580 0 1 0 0 0 2 2 53254 88
0x0000723b3dab8600 0x0000000d805c1600 0 0 1 0 0 2 2 53254 80
0x0000723b3dab8680 0x0000000d805c1680 0 0 1 0 0 2 2 53254 88
0x0000723b3dab8700 0x0000000d805c1700 0 1 1 0 0 2 2 53254 80
0x0000723b3dab8780 0x0000000d805c1780 0 1 1 0 0 2 2 53254 88
0x0000723b3dab8800 0x0000000d805c1800 0 0 0 0 0 2 2 53254 96
0x0000723b3dab8880 0x0000000d805c1880 0 0 0 0 0 2 2 53254 104
0x0000723b3dab8900 0x0000000d805c1900 0 1 0 0 0 2 2 53254 96
0x0000723b3dab8980 0x0000000d805c1980 0 1 0 0 0 2 2 53254 104
0x0000723b3dab8a00 0x0000000d805c1a00 0 0 1 0 0 2 2 53254 96
0x0000723b3dab8a80 0x0000000d805c1a80 0 0 1 0 0 2 2 53254 104
0x0000723b3dab8b00 0x0000000d805c1b00 0 1 1 0 0 2 2 53254 96
0x0000723b3dab8b80 0x0000000d805c1b80 0 1 1 0 0 2 2 53254 104
0x0000723b3dab8c00 0x0000000d805c1c00 0 0 0 0 0 2 2 53254 112
0x0000723b3dab8c80 0x0000000d805c1c80 0 0 0 0 0 2 2 53254 120
0x0000723b3dab8d00 0x0000000d805c1d00 0 1 0 0 0 2 2 53254 112
0x0000723b3dab8d80 0x0000000d805c1d80 0 1 0 0 0 2 2 53254 120
0x0000723b3dab8e00 0x0000000d805c1e00 0 0 1 0 0 2 2 53254 112
0x0000723b3dab8e80 0x0000000d805c1e80 0 0 1 0 0 2 2 53254 120
0x0000723b3dab8f00 0x0000000d805c1f00 0 1 1 0 0 2 2 53254 112
0x0000723b3dab8f80 0x0000000d805c1f80 0 1 1 0 0 2 2 53254 120
0x0000723b3dab9000 0x0000000d805c0000 0 0 0 0 0 2 2 53254 0
0x0000723b3dab9080 0x0000000d805c0080 0 0 0 0 0 2 2 53254 8
0x0000723b3dab9100 0x0000000d805c0100 0 1 0 0 0 2 2 53254 0
0x0000723b3dab9180 0x0000000d805c0180 0 1 0 0 0 2 2 53254 8
0x0000723b3dab9200 0x0000000d805c0200 0 0 1 0 0 2 2 53254 0
0x0000723b3dab9280 0x0000000d805c0280 0 0 1 0 0 2 2 53254 8
0x0000723b3dab9300 0x0000000d805c0300 0 1 1 0 0 2 2 53254 0
0x0000723b3dab9380 0x0000000d805c0380 0 1 1 0 0 2 2 53254 8
0x0000723b3dab9400 0x0000000d805c0400 0 0 0 0 0 2 2 53254 16
0x0000723b3dab9480 0x0000000d805c0480 0 0 0 0 0 2 2 53254 24
0x0000723b3dab9500 0x0000000d805c0500 0 1 0 0 0 2 2 53254 16
0x0000723b3dab9580 0x0000000d805c0580 0 1 0 0 0 2 2 53254 24
0x0000723b3dab9600 0x0000000d805c0600 0 0 1 0 0 2 2 53254 16
0x0000723b3dab9680 0x0000000d805c0680 0 0 1 0 0 2 2 53254 24
0x0000723b3dab9700 0x0000000d805c0700 0 1 1 0 0 2 2 53254 16
0x0000723b3dab9780 0x0000000d805c0780 0 1 1 0 0 2 2 53254 24
0x0000723b3dab9800 0x0000000d805c0800 0 0 0 0 0 2 2 53254 32
0x0000723b3dab9880 0x0000000d805c0880 0 0 0 0 0 2 2 53254 40
0x0000723b3dab9900 0x0000000d805c0900 0 1 0 0 0 2 2 53254 32
0x0000723b3dab9980 0x0000000d805c0980 0 1 0 0 0 2 2 53254 40
0x0000723b3dab9a00 0x0000000d805c0a00 0 0 1 0 0 2 2 53254 32
0x0000723b3dab9a80 0x0000000d805c0a80 0 0 1 0 0 2 2 53254 40
0x0000723b3dab9b00 0x0000000d805c0b00 0 1 1 0 0 2 2 53254 32
0x0000723b3dab9b80 0x0000000d805c0b80 0 1 1 0 0 2 2 53254 40
0x0000723b3dab9c00 0x0000000d805c0c00 0 0 0 0 0 2 2 53254 48
0x0000723b3dab9c80 0x0000000d805c0c80 0 0 0 0 0 2 2 53254 56
0x0000723b3dab9d00 0x0000000d805c0d00 0 1 0 0 0 2 2 53254 48
0x0000723b3dab9d80 0x0000000d805c0d80 0 1 0 0 0 2 2 53254 56
0x0000723b3dab9e00 0x0000000d805c0e00 0 0 1 0 0 2 2 53254 48
0x0000723b3dab9e80 0x0000000d805c0e80 0 0 1 0 0 2 2 53254 56
0x0000723b3dab9f00 0x0000000d805c0f00 0 1 1 0 0 2 2 53254 48
0x0000723b3dab9f80 0x0000000d805c0f80 0 1 1 0 0 2 2 53254 56
0x0000723b3dabb000 0x0000000d805c3000 0 0 0 0 0 2 2 53254 192
0x0000723b3dabb080 0x0000000d805c3080 0 0 0 0 0 2 2 53254 200
0x0000723b3dabb100 0x0000000d805c3100 0 1 0 0 0 2 2 53254 192
0x0000723b3dabb180 0x0000000d805c3180 0 1 0 0 0 2 2 53254 200
0x0000723b3dabb200 0x0000000d805c3200 0 0 1 0 0 2 2 53254 192
0x0000723b3dabb280 0x0000000d805c3280 0 0 1 0 0 2 2 53254 200
0x0000723b3dabb300 0x0000000d805c3300 0 1 1 0 0 2 2 53254 192
0x0000723b3dabb380 0x0000000d805c3380 0 1 1 0 0 2 2 53254 200
0x0000723b3dabb400 0x0000000d805c3400 0 0 0 0 0 2 2 53254 208
0x0000723b3dabb480 0x0000000d805c3480 0 0 0 0 0 2 2 53254 216
0x0000723b3dabb500 0x0000000d805c3500 0 1 0 0 0 2 2 53254 208
0x0000723b3dabb580 0x0000000d805c3580 0 1 0 0 0 2 2 53254 216
0x0000723b3dabb600 0x0000000d805c3600 0 0 1 0 0 2 2 53254 208
0x0000723b3dabb680 0x0000000d805c3680 0 0 1 0 0 2 2 53254 216
0x0000723b3dabb700 0x0000000d805c3700 0 1 1 0 0 2 2 53254 208
0x0000723b3dabb780 0x0000000d805c3780 0 1 1 0 0 2 2 53254 216
0x0000723b3dabb800 0x0000000d805c3800 0 0 0 0 0 2 2 53254 224
0x0000723b3dabb880 0x0000000d805c3880 0 0 0 0 0 2 2 53254 232
0x0000723b3dabb900 0x0000000d805c3900 0 1 0 0 0 2 2 53254 224
0x0000723b3dabb980 0x0000000d805c3980 0 1 0 0 0 2 2 53254 232
0x0000723b3dabba00 0x0000000d805c3a00 0 0 1 0 0 2 2 53254 224
0x0000723b3dabba80 0x0000000d805c3a80 0 0 1 0 0 2 2 53254 232
0x0000723b3dabbb00 0x0000000d805c3b00 0 1 1 0 0 2 2 53254 224
0x0000723b3dabbb80 0x0000000d805c3b80 0 1 1 0 0 2 2 53254 232
0x0000723b3dabbc00 0x0000000d805c3c00 0 0 0 0 0 2 2 53254 240
0x0000723b3dabbc80 0x0000000d805c3c80 0 0 0 0 0 2 2 53254 248
0x0000723b3dabbd00 0x0000000d805c3d00 0 1 0 0 0 2 2 53254 240
0x0000723b3dabbd80 0x0000000d805c3d80 0 1 0 0 0 2 2 53254 248
0x0000723b3dabbe00 0x0000000d805c3e00 0 0 1 0 0 2 2 53254 240
0x0000723b3dabbe80 0x0000000d805c3e80 0 0 1 0 0 2 2 53254 248
0x0000723b3dabbf00 0x0000000d805c3f00 0 1 1 0 0 2 2 53254 240
0x0000723b3dabbf80 0x0000000d805c3f80 0 1 1 0 0 2 2 53254 248
0x0000723b3dabc000 0x00000005bbd99000 0 0 0 0 1 2 2 22380 576
0x0000723b3dabc080 0x00000005bbd99080 0 0 0 0 1 2 2 22380 584
0x0000723b3dabc100 0x00000005bbd99100 0 1 0 0 1 2 2 22380 576
0x0000723b3dabc180 0x00000005bbd99180 0 1 0 0 1 2 2 22380 584
0x0000723b3dabc200 0x00000005bbd99200 0 0 1 0 1 2 2 22380 576
0x0000723b3dabc280 0x00000005bbd99280 0 0 1 0 1 2 2 22380 584
0x0000723b3dabc300 0x00000005bbd99300 0 1 1 0 1 2 2 22380 576
0x0000723b3dabc380 0x00000005bbd99380 0 1 1 0 1 2 2 22380 584
0x0000723b3dabc400 0x00000005bbd99400 0 0 0 0 1 2 2 22380 592
0x0000723b3dabc480 0x00000005bbd99480 0 0 0 0 1 2 2 22380 600
0x0000723b3dabc500 0x00000005bbd99500 0 1 0 0 1 2 2 22380 592
0x0000723b3dabc580 0x00000005bbd99580 0 1 0 0 1 2 2 22380 600
0x0000723b3dabc600 0x00000005bbd99600 0 0 1 0 1 2 2 22380 592
0x0000723b3dabc680 0x00000005bbd99680 0 0 1 0 1 2 2 22380 600
0x0000723b3dabc700 0x00000005bbd99700 0 1 1 0 1 2 2 22380 592
0x0000723b3dabc780 0x00000005bbd99780 0 1 1 0 1 2 2 22380 600
0x0000723b3dabc800 0x00000005bbd99800 0 0 0 0 1 2 2 22380 608
0x0000723b3dabc880 0x00000005bbd99880 0 0 0 0 1 2 2 22380 616
0x0000723b3dabc900 0x00000005bbd99900 0 1 0 0 1 2 2 22380 608
0x0000723b3dabc980 0x00000005bbd99980 0 1 0 0 1 2 2 22380 616
0x0000723b3dabca00 0x00000005bbd99a00 0 0 1 0 1 2 2 22380 608
0x0000723b3dabca80 0x00000005bbd99a80 0 0 1 0 1 2 2 22380 616
0x0000723b3dabcb00 0x00000005bbd99b00 0 1 1 0 1 2 2 22380 608
0x0000723b3dabcb80 0x00000005bbd99b80 0 1 1 0 1 2 2 22380 616
0x0000723b3dabcc00 0x00000005bbd99c00 0 0 0 0 1 2 2 22380 624
0x0000723b3dabcc80 0x00000005bbd99c80 0 0 0 0 1 2 2 22380 632
0x0000723b3dabcd00 0x00000005bbd99d00 0 1 0 0 1 2 2 22380 624
0x0000723b3dabcd80 0x00000005bbd99d80 0 1 0 0 1 2 2 22380 632
0x0000723b3dabce00 0x00000005bbd99e00 0 0 1 0 1 2 2 22380 624
0x0000723b3dabce80 0x00000005bbd99e80 0 0 1 0 1 2 2 22380 632
0x0000723b3dabcf00 0x00000005bbd99f00 0 1 1 0 1 2 2 22380 624
0x0000723b3dabcf80 0x00000005bbd99f80 0 1 1 0 1 2 2 22380 632
0x0000723b3dabd000 0x00000005bbd98000 0 0 0 0 1 2 2 22380 512
0x0000723b3dabd080 0x00000005bbd98080 0 0 0 0 1 2 2 22380 520
0x0000723b3dabd100 0x00000005bbd98100 0 1 0 0 1 2 2 22380 512
0x0000723b3dabd180 0x00000005bbd98180 0 1 0 0 1 2 2 22380 520
0x0000723b3dabd200 0x00000005bbd98200 0 0 1 0 1 2 2 22380 512
0x0000723b3dabd280 0x00000005bbd98280 0 0 1 0 1 2 2 22380 520
0x0000723b3dabd300 0x00000005bbd98300 0 1 1 0 1 2 2 22380 512
0x0000723b3dabd380 0x00000005bbd98380 0 1 1 0 1 2 2 22380 520
0x0000723b3dabd400 0x00000005bbd98400 0 0 0 0 1 2 2 22380 528
0x0000723b3dabd480 0x00000005bbd98480 0 0 0 0 1 2 2 22380 536
0x0000723b3dabd500 0x00000005bbd98500 0 1 0 0 1 2 2 22380 528
0x0000723b3dabd580 0x00000005bbd98580 0 1 0 0 1 2 2 22380 536
0x0000723b3dabd600 0x00000005bbd98600 0 0 1 0 1 2 2 22380 528
0x0000723b3dabd680 0x00000005bbd98680 0 0 1 0 1 2 2 22380 536
0x0000723b3dabd700 0x00000005bbd98700 0 1 1 0 1 2 2 22380 528
0x0000723b3dabd780 0x00000005bbd98780 0 1 1 0 1 2 2 22380 536
0x0000723b3dabd800 0x00000005bbd98800 0 0 0 0 1 2 2 22380 544
0x0000723b3dabd880 0x00000005bbd98880 0 0 0 0 1 2 2 22380 552
0x0000723b3dabd900 0x00000005bbd98900 0 1 0 0 1 2 2 22380 544
0x0000723b3dabd980 0x00000005bbd98980 0 1 0 0 1 2 2 22380 552
0x0000723b3dabda00 0x00000005bbd98a00 0 0 1 0 1 2 2 22380 544
0x0000723b3dabda80 0x00000005bbd98a80 0 0 1 0 1 2 2 22380 552
0x0000723b3dabdb00 0x00000005bbd98b00 0 1 1 0 1 2 2 22380 544
0x0000723b3dabdb80 0x00000005bbd98b80 0 1 1 0 1 2 2 22380 552
0x0000723b3dabdc00 0x00000005bbd98c00 0 0 0 0 1 2 2 22380 560
0x0000723b3dabdc80 0x00000005bbd98c80 0 0 0 0 1 2 2 22380 568
0x0000723b3dabdd00 0x00000005bbd98d00 0 1 0 0 1 2 2 22380 560
0x0000723b3dabdd80 0x00000005bbd98d80 0 1 0 0 1 2 2 22380 568
0x0000723b3dabde00 0x00000005bbd98e00 0 0 1 0 1 2 2 22380 560
0x0000723b3dabde80 0x00000005bbd98e80 0 0 1 0 1 2 2 22380 568
0x0000723b3dabdf00 0x00000005bbd98f00 0 1 1 0 1 2 2 22380 560
0x0000723b3dabdf80 0x00000005bbd98f80 0 1 1 0 1 2 2 22380 568
0x0000723b3dabe000 0x00000005bbd9b000 0 0 0 0 1 2 2 22380 704
0x0000723b3dabe080 0x00000005bbd9b080 0 0 0 0 1 2 2 22380 712
0x0000723b3dabe100 0x00000005bbd9b100 0 1 0 0 1 2 2 22380 704
0x0000723b3dabe180 0x00000005bbd9b180 0 1 0 0 1 2 2 22380 712
0x0000723b3dabe200 0x00000005bbd9b200 0 0 1 0 1 2 2 22380 704
0x0000723b3dabe280 0x00000005bbd9b280 0 0 1 0 1 2 2 22380 712
0x0000723b3dabe300 0x00000005bbd9b300 0 1 1 0 1 2 2 22380 704
0x0000723b3dabe380 0x00000005bbd9b380 0 1 1 0 1 2 2 22380 712
0x0000723b3dabe400 0x00000005bbd9b400 0 0 0 0 1 2 2 22380 720
0x0000723b3dabe480 0x00000005bbd9b480 0 0 0 0 1 2 2 22380 728
0x0000723b3dabe500 0x00000005bbd9b500 0 1 0 0 1 2 2 22380 720
0x0000723b3dabe580 0x00000005bbd9b580 0 1 0 0 1 2 2 22380 728
0x0000723b3dabe600 0x00000005bbd9b600 0 0 1 0 1 2 2 22380 720
0x0000723b3dabe680 0x00000005bbd9b680 0 0 1 0 1 2 2 22380 728
0x0000723b3dabe700 0x00000005bbd9b700 0 1 1 0 1 2 2 22380 720
0x0000723b3dabe780 0x00000005bbd9b780 0 1 1 0 1 2 2 22380 728
0x0000723b3dabe800 0x00000005bbd9b800 0 0 0 0 1 2 2 22380 736
0x0000723b3dabe880 0x00000005bbd9b880 0 0 0 0 1 2 2 22380 744
0x0000723b3dabe900 0x00000005bbd9b900 0 1 0 0 1 2 2 22380 736
0x0000723b3dabe980 0x00000005bbd9b980 0 1 0 0 1 2 2 22380 744
0x0000723b3dabea00 0x00000005bbd9ba00 0 0 1 0 1 2 2 22380 736
0x0000723b3dabea80 0x00000005bbd9ba80 0 0 1 0 1 2 2 22380 744
0x0000723b3dabeb00 0x00000005bbd9bb00 0 1 1 0 1 2 2 22380 736
0x0000723b3dabeb80 0x00000005bbd9bb80 0 1 1 0 1 2 2 22380 744
0x0000723b3dabec00 0x00000005bbd9bc00 0 0 0 0 1 2 2 22380 752
0x0000723b3dabec80 0x00000005bbd9bc80 0 0 0 0 1 2 2 22380 760
0x0000723b3dabed00 0x00000005bbd9bd00 0 1 0 0 1 2 2 22380 752
0x0000723b3dabed80 0x00000005bbd9bd80 0 1 0 0 1 2 2 22380 760
0x0000723b3dabee00 0x00000005bbd9be00 0 0 1 0 1 2 2 22380 752
0x0000723b3dabee80 0x00000005bbd9be80 0 0 1 0 1 2 2 22380 760
0x0000723b3dabef00 0x00000005bbd9bf00 0 1 1 0 1 2 2 22380 752
0x0000723b3dabef80 0x00000005bbd9bf80 0 1 1 0 1 2 2 22380 760
0x0000723b3dabf000 0x00000005bbd9a000 0 0 0 0 1 2 2 22380 640
0x0000723b3dabf080 0x00000005bbd9a080 0 0 0 0 1 2 2 22380 648
0x0000723b3dabf100 0x00000005bbd9a100 0 1 0 0 1 2 2 22380 640
0x0000723b3dabf180 0x00000005bbd9a180 0 1 0 0 1 2 2 22380 648
0x0000723b3dabf200 0x00000005bbd9a200 0 0 1 0 1 2 2 22380 640
0x0000723b3dabf280 0x00000005bbd9a280 0 0 1 0 1 2 2 22380 648
0x0000723b3dabf300 0x00000005bbd9a300 0 1 1 0 1 2 2 22380 640
0x0000723b3dabf380 0x00000005bbd9a380 0 1 1 0 1 2 2 22380 648
0x0000723b3dabf400 0x00000005bbd9a400 0 0 0 0 1 2 2 22380 656
0x0000723b3dabf480 0x00000005bbd9a480 0 0 0 0 1 2 2 22380 664
0x0000723b3dabf500 0x00000005bbd9a500 0 1 0 0 1 2 2 22380 656
0x0000723b3dabf580 0x00000005bbd9a580 0 1 0 0 1 2 2 22380 664
0x0000723b3dabf600 0x00000005bbd9a600 0 0 1 0 1 2 2 22380 656
0x0000723b3dabf680 0x00000005bbd9a680 0 0 1 0 1 2 2 22380 664
0x0000723b3dabf700 0x00000005bbd9a700 0 1 1 0 1 2 2 22380 656
0x0000723b3dabf780 0x00000005bbd9a780 0 1 1 0 1 2 2 22380 664
0x0000723b3dabf800 0x00000005bbd9a800 0 0 0 0 1 2 2 22380 672
0x0000723b3dabf880 0x00000005bbd9a880 0 0 0 0 1 2 2 22380 680
0x0000723b3dabf900 0x00000005bbd9a900 0 1 0 0 1 2 2 22380 672
0x0000723b3dabf980 0x00000005bbd9a980 0 1 0 0 1 2 2 22380 680
0x0000723b3dabfa00 0x00000005bbd9aa00 0 0 1 0 1 2 2 22380 672
0x0000723b3dabfa80 0x00000005bbd9aa80 0 0 1 0 1 2 2 22380 680
0x0000723b3dabfb00 0x00000005bbd9ab00 0 1 1 0 1 2 2 22380 672
0x0000723b3dabfb80 0x00000005bbd9ab80 0 1 1 0 1 2 2 22380 680
0x0000723b3dabfc00 0x00000005bbd9ac00 0 0 0 0 1 2 2 22380 688
0x0000723b3dabfc80 0x00000005bbd9ac80 0 0 0 0 1 2 2 22380 696
0x0000723b3dabfd00 0x00000005bbd9ad00 0 1 0 0 1 2 2 22380 688
0x0000723b3dabfd80 0x00000005bbd9ad80 0 1 0 0 1 2 2 22380 696
0x0000723b3dabfe00 0x00000005bbd9ae00 0 0 1 0 1 2 2 22380 688
0x0000723b3dabfe80 0x00000005bbd9ae80 0 0 1 0 1 2 2 22380 696
0x0000723b3dabff00 0x00000005bbd9af00 0 1 1 0 1 2 2 22380 688
0x0000723b3dabff80 0x00000005bbd9af80 0 1 1 0 1 2 2 22380 696
0x0000723b3daca000 0x00000008dfdc7000 0 0 0 0 0 2 2 35822 448
0x0000723b3daca080 0x00000008dfdc7080 0 0 0 0 0 2 2 35822 456
0x0000723b3daca100 0x00000008dfdc7100 0 1 0 0 0 2 2 35822 448
0x0000723b3daca180 0x00000008dfdc7180 0 1 0 0 0 2 2 35822 456
0x0000723b3daca200 0x00000008dfdc7200 0 0 1 0 0 2 2 35822 448
0x0000723b3daca280 0x00000008dfdc7280 0 0 1 0 0 2 2 35822 456
0x0000723b3daca300 0x00000008dfdc7300 0 1 1 0 0 2 2 35822 448
0x0000723b3daca380 0x00000008dfdc7380 0 1 1 0 0 2 2 35822 456
0x0000723b3daca400 0x00000008dfdc7400 0 0 0 0 0 2 2 35822 464
0x0000723b3daca480 0x00000008dfdc7480 0 0 0 0 0 2 2 35822 472
0x0000723b3daca500 0x00000008dfdc7500 0 1 0 0 0 2 2 35822 464
0x0000723b3daca580 0x00000008dfdc7580 0 1 0 0 0 2 2 35822 472
0x0000723b3daca600 0x00000008dfdc7600 0 0 1 0 0 2 2 35822 464
0x0000723b3daca680 0x00000008dfdc7680 0 0 1 0 0 2 2 35822 472
0x0000723b3daca700 0x00000008dfdc7700 0 1 1 0 0 2 2 35822 464
0x0000723b3daca780 0x00000008dfdc7780 0 1 1 0 0 2 2 35822 472
0x0000723b3daca800 0x00000008dfdc7800 0 0 0 0 0 2 2 35822 480
0x0000723b3daca880 0x00000008dfdc7880 0 0 0 0 0 2 2 35822 488
0x0000723b3daca900 0x00000008dfdc7900 0 1 0 0 0 2 2 35822 480
0x0000723b3daca980 0x00000008dfdc7980 0 1 0 0 0 2 2 35822 488
0x0000723b3dacaa00 0x00000008dfdc7a00 0 0 1 0 0 2 2 35822 480
0x0000723b3dacaa80 0x00000008dfdc7a80 0 0 1 0 0 2 2 35822 488
0x0000723b3dacab00 0x00000008dfdc7b00 0 1 1 0 0 2 2 35822 480
0x0000723b3dacab80 0x00000008dfdc7b80 0 1 1 0 0 2 2 35822 488
0x0000723b3dacac00 0x00000008dfdc7c00 0 0 0 0 0 2 2 35822 496
0x0000723b3dacac80 0x00000008dfdc7c80 0 0 0 0 0 2 2 35822 504
0x0000723b3dacad00 0x00000008dfdc7d00 0 1 0 0 0 2 2 35822 496
0x0000723b3dacad80 0x00000008dfdc7d80 0 1 0 0 0 2 2 35822 504
0x0000723b3dacae00 0x00000008dfdc7e00 0 0 1 0 0 2 2 35822 496
0x0000723b3dacae80 0x00000008dfdc7e80 0 0 1 0 0 2 2 35822 504
0x0000723b3dacaf00 0x00000008dfdc7f00 0 1 1 0 0 2 2 35822 496
0x0000723b3dacaf80 0x00000008dfdc7f80 0 1 1 0 0 2 2 35822 504
0x0000723b3dad5000 0x000000056adb5000 0 0 0 0 0 2 2 19805 832
0x0000723b3dad5080 0x000000056adb5080 0 0 0 0 0 2 2 19805 840
0x0000723b3dad5100 0x000000056adb5100 0 1 0 0 0 2 2 19805 832
0x0000723b3dad5180 0x000000056adb5180 0 1 0 0 0 2 2 19805 840
0x0000723b3dad5200 0x000000056adb5200 0 0 1 0 0 2 2 19805 832
0x0000723b3dad5280 0x000000056adb5280 0 0 1 0 0 2 2 19805 840
0x0000723b3dad5300 0x000000056adb5300 0 1 1 0 0 2 2 19805 832
0x0000723b3dad5380 0x000000056adb5380 0 1 1 0 0 2 2 19805 840
0x0000723b3dad5400 0x000000056adb5400 0 0 0 0 0 2 2 19805 848
0x0000723b3dad5480 0x000000056adb5480 0 0 0 0 0 2 2 19805 856
0x0000723b3dad5500 0x000000056adb5500 0 1 0 0 0 2 2 19805 848
0x0000723b3dad5580 0x000000056adb5580 0 1 0 0 0 2 2 19805 856
0x0000723b3dad5600 0x000000056adb5600 0 0 1 0 0 2 2 19805 848
0x0000723b3dad5680 0x000000056adb5680 0 0 1 0 0 2 2 19805 856
0x0000723b3dad5700 0x000000056adb5700 0 1 1 0 0 2 2 19805 848
0x0000723b3dad5780 0x000000056adb5780 0 1 1 0 0 2 2 19805 856
0x0000723b3dad5800 0x000000056adb5800 0 0 0 0 0 2 2 19805 864
0x0000723b3dad5880 0x000000056adb5880 0 0 0 0 0 2 2 19805 872
0x0000723b3dad5900 0x000000056adb5900 0 1 0 0 0 2 2 19805 864
0x0000723b3dad5980 0x000000056adb5980 0 1 0 0 0 2 2 19805 872
0x0000723b3dad5a00 0x000000056adb5a00 0 0 1 0 0 2 2 19805 864
0x0000723b3dad5a80 0x000000056adb5a80 0 0 1 0 0 2 2 19805 872
0x0000723b3dad5b00 0x000000056adb5b00 0 1 1 0 0 2 2 19805 864
0x0000723b3dad5b80 0x000000056adb5b80 0 1 1 0 0 2 2 19805 872
0x0000723b3dad5c00 0x000000056adb5c00 0 0 0 0 0 2 2 19805 880
0x0000723b3dad5c80 0x000000056adb5c80 0 0 0 0 0 2 2 19805 888
0x0000723b3dad5d00 0x000000056adb5d00 0 1 0 0 0 2 2 19805 880
0x0000723b3dad5d80 0x000000056adb5d80 0 1 0 0 0 2 2 19805 888
0x0000723b3dad5e00 0x000000056adb5e00 0 0 1 0 0 2 2 19805 880
0x0000723b3dad5e80 0x000000056adb5e80 0 0 1 0 0 2 2 19805 888
0x0000723b3dad5f00 0x000000056adb5f00 0 1 1 0 0 2 2 19805 880
0x0000723b3dad5f80 0x000000056adb5f80 0 1 1 0 0 2 2 19805 888
0x0000723b3dad6000 0x0000000a07d76000 0 0 0 0 0 2 2 37115 896
0x0000723b3dad6080 0x0000000a07d76080 0 0 0 0 0 2 2 37115 904
0x0000723b3dad6100 0x0000000a07d76100 0 1 0 0 0 2 2 37115 896
0x0000723b3dad6180 0x0000000a07d76180 0 1 0 0 0 2 2 37115 904
0x0000723b3dad6200 0x0000000a07d76200 0 0 1 0 0 2 2 37115 896
0x0000723b3dad6280 0x0000000a07d76280 0 0 1 0 0 2 2 37115 904
0x0000723b3dad6300 0x0000000a07d76300 0 1 1 0 0 2 2 37115 896
0x0000723b3dad6380 0x0000000a07d76380 0 1 1 0 0 2 2 37115 904
0x0000723b3dad6400 0x0000000a07d76400 0 0 0 0 0 2 2 37115 912
0x0000723b3dad6480 0x0000000a07d76480 0 0 0 0 0 2 2 37115 920
0x0000723b3dad6500 0x0000000a07d76500 0 1 0 0 0 2 2 37115 912
0x0000723b3dad6580 0x0000000a07d76580 0 1 0 0 0 2 2 37115 920
0x0000723b3dad6600 0x0000000a07d76600 0 0 1 0 0 2 2 37115 912
0x0000723b3dad6680 0x0000000a07d76680 0 0 1 0 0 2 2 37115 920
0x0000723b3dad6700 0x0000000a07d76700 0 1 1 0 0 2 2 37115 912
0x0000723b3dad6780 0x0000000a07d76780 0 1 1 0 0 2 2 37115 920
0x0000723b3dad6800 0x0000000a07d76800 0 0 0 0 0 2 2 37115 928
0x0000723b3dad6880 0x0000000a07d76880 0 0 0 0 0 2 2 37115 936
0x0000723b3dad6900 0x0000000a07d76900 0 1 0 0 0 2 2 37115 928
0x0000723b3dad6980 0x0000000a07d76980 0 1 0 0 0 2 2 37115 936
0x0000723b3dad6a00 0x0000000a07d76a00 0 0 1 0 0 2 2 37115 928
0x0000723b3dad6a80 0x0000000a07d76a80 0 0 1 0 0 2 2 37115 936
0x0000723b3dad6b00 0x0000000a07d76b00 0 1 1 0 0 2 2 37115 928
0x0000723b3dad6b80 0x0000000a07d76b80 0 1 1 0 0 2 2 37115 936
0x0000723b3dad6c00 0x0000000a07d76c00 0 0 0 0 0 2 2 37115 944
0x0000723b3dad6c80 0x0000000a07d76c80 0 0 0 0 0 2 2 37115 952
0x0000723b3dad6d00 0x0000000a07d76d00 0 1 0 0 0 2 2 37115 944
0x0000723b3dad6d80 0x0000000a07d76d80 0 1 0 0 0 2 2 37115 952
0x0000723b3dad6e00 0x0000000a07d76e00 0 0 1 0 0 2 2 37115 944
0x0000723b3dad6e80 0x0000000a07d76e80 0 0 1 0 0 2 2 37115 952
0x0000723b3dad6f00 0x0000000a07d76f00 0 1 1 0 0 2 2 37115 944
0x0000723b3dad6f80 0x0000000a07d76f80 0 1 1 0 0 2 2 37115 952
0x0000723b3dad9000 0x000000040bd93000 0 0 0 0 0 2 2 12668 704
0x0000723b3dad9080 0x000000040bd93080 0 0 0 0 0 2 2 12668 712
0x0000723b3dad9100 0x000000040bd93100 0 1 0 0 0 2 2 12668 704
0x0000723b3dad9180 0x000000040bd93180 0 1 0 0 0 2 2 12668 712
0x0000723b3dad9200 0x000000040bd93200 0 0 1 0 0 2 2 12668 704
0x0000723b3dad9280 0x000000040bd93280 0 0 1 0 0 2 2 12668 712
0x0000723b3dad9300 0x000000040bd93300 0 1 1 0 0 2 2 12668 704
0x0000723b3dad9380 0x000000040bd93380 0 1 1 0 0 2 2 12668 712
0x0000723b3dad9400 0x000000040bd93400 0 0 0 0 0 2 2 12668 720
0x0000723b3dad9480 0x000000040bd93480 0 0 0 0 0 2 2 12668 728
0x0000723b3dad9500 0x000000040bd93500 0 1 0 0 0 2 2 12668 720
0x0000723b3dad9580 0x000000040bd93580 0 1 0 0 0 2 2 12668 728
0x0000723b3dad9600 0x000000040bd93600 0 0 1 0 0 2 2 12668 720
0x0000723b3dad9680 0x000000040bd93680 0 0 1 0 0 2 2 12668 728
0x0000723b3dad9700 0x000000040bd93700 0 1 1 0 0 2 2 12668 720
0x0000723b3dad9780 0x000000040bd93780 0 1 1 0 0 2 2 12668 728
0x0000723b3dad9800 0x000000040bd93800 0 0 0 0 0 2 2 12668 736
0x0000723b3dad9880 0x000000040bd93880 0 0 0 0 0 2 2 12668 744
0x0000723b3dad9900 0x000000040bd93900 0 1 0 0 0 2 2 12668 736
0x0000723b3dad9980 0x000000040bd93980 0 1 0 0 0 2 2 12668 744
0x0000723b3dad9a00 0x000000040bd93a00 0 0 1 0 0 2 2 12668 736
0x0000723b3dad9a80 0x000000040bd93a80 0 0 1 0 0 2 2 12668 744
0x0000723b3dad9b00 0x000000040bd93b00 0 1 1 0 0 2 2 12668 736
0x0000723b3dad9b80 0x000000040bd93b80 0 1 1 0 0 2 2 12668 744
0x0000723b3dad9c00 0x000000040bd93c00 0 0 0 0 0 2 2 12668 752
0x0000723b3dad9c80 0x000000040bd93c80 0 0 0 0 0 2 2 12668 760
0x0000723b3dad9d00 0x000000040bd93d00 0 1 0 0 0 2 2 12668 752
0x0000723b3dad9d80 0x000000040bd93d80 0 1 0 0 0 2 2 12668 760
0x0000723b3dad9e00 0x000000040bd93e00 0 0 1 0 0 2 2 12668 752
0x0000723b3dad9e80 0x000000040bd93e80 0 0 1 0 0 2 2 12668 760
0x0000723b3dad9f00 0x000000040bd93f00 0 1 1 0 0 2 2 12668 752
0x0000723b3dad9f80 0x000000040bd93f80 0 1 1 0 0 2 2 12668 760
0x0000723b3dadf000 0x000000040a5c1000 0 0 0 0 0 2 2 12630 64
0x0000723b3dadf080 0x000000040a5c1080 0 0 0 0 0 2 2 12630 72
0x0000723b3dadf100 0x000000040a5c1100 0 1 0 0 0 2 2 12630 64
0x0000723b3dadf180 0x000000040a5c1180 0 1 0 0 0 2 2 12630 72
0x0000723b3dadf200 0x000000040a5c1200 0 0 1 0 0 2 2 12630 64
0x0000723b3dadf280 0x000000040a5c1280 0 0 1 0 0 2 2 12630 72
0x0000723b3dadf300 0x000000040a5c1300 0 1 1 0 0 2 2 12630 64
0x0000723b3dadf380 0x000000040a5c1380 0 1 1 0 0 2 2 12630 72
0x0000723b3dadf400 0x000000040a5c1400 0 0 0 0 0 2 2 12630 80
0x0000723b3dadf480 0x000000040a5c1480 0 0 0 0 0 2 2 12630 88
0x0000723b3dadf500 0x000000040a5c1500 0 1 0 0 0 2 2 12630 80
0x0000723b3dadf580 0x000000040a5c1580 0 1 0 0 0 2 2 12630 88
0x0000723b3dadf600 0x000000040a5c1600 0 0 1 0 0 2 2 12630 80
0x0000723b3dadf680 0x000000040a5c1680 0 0 1 0 0 2 2 12630 88
0x0000723b3dadf700 0x000000040a5c1700 0 1 1 0 0 2 2 12630 80
0x0000723b3dadf780 0x000000040a5c1780 0 1 1 0 0 2 2 12630 88
0x0000723b3dadf800 0x000000040a5c1800 0 0 0 0 0 2 2 12630 96
0x0000723b3dadf880 0x000000040a5c1880 0 0 0 0 0 2 2 12630 104
0x0000723b3dadf900 0x000000040a5c1900 0 1 0 0 0 2 2 12630 96
0x0000723b3dadf980 0x000000040a5c1980 0 1 0 0 0 2 2 12630 104
0x0000723b3dadfa00 0x000000040a5c1a00 0 0 1 0 0 2 2 12630 96
0x0000723b3dadfa80 0x000000040a5c1a80 0 0 1 0 0 2 2 12630 104
0x0000723b3dadfb00 0x000000040a5c1b00 0 1 1 0 0 2 2 12630 96
0x0000723b3dadfb80 0x000000040a5c1b80 0 1 1 0 0 2 2 12630 104
0x0000723b3dadfc00 0x000000040a5c1c00 0 0 0 0 0 2 2 12630 112
0x0000723b3dadfc80 0x000000040a5c1c80 0 0 0 0 0 2 2 12630 120
0x0000723b3dadfd00 0x000000040a5c1d00 0 1 0 0 0 2 2 12630 112
0x0000723b3dadfd80 0x000000040a5c1d80 0 1 0 0 0 2 2 12630 120
0x0000723b3dadfe00 0x000000040a5c1e00 0 0 1 0 0 2 2 12630 112
0x0000723b3dadfe80 0x000000040a5c1e80 0 0 1 0 0 2 2 12630 120
0x0000723b3dadff00 0x000000040a5c1f00 0 1 1 0 0 2 2 12630 112
0x0000723b3dadff80 0x000000040a5c1f80 0 1 1 0 0 2 2 12630 120
0x0000723b3daf1000 0x0000000b11dee000 0 0 0 0 1 2 2 41535 384
0x0000723b3daf1080 0x0000000b11dee080 0 0 0 0 1 2 2 41535 392
0x0000723b3daf1100 0x0000000b11dee100 0 1 0 0 1 2 2 41535 384
0x0000723b3daf1180 0x0000000b11dee180 0 1 0 0 1 2 2 41535 392
0x0000723b3daf1200 0x0000000b11dee200 0 0 1 0 1 2 2 41535 384
0x0000723b3daf1280 0x0000000b11dee280 0 0 1 0 1 2 2 41535 392
0x0000723b3daf1300 0x0000000b11dee300 0 1 1 0 1 2 2 41535 384
0x0000723b3daf1380 0x0000000b11dee380 0 1 1 0 1 2 2 41535 392
0x0000723b3daf1400 0x0000000b11dee400 0 0 0 0 1 2 2 41535 400
0x0000723b3daf1480 0x0000000b11dee480 0 0 0 0 1 2 2 41535 408
0x0000723b3daf1500 0x0000000b11dee500 0 1 0 0 1 2 2 41535 400
0x0000723b3daf1580 0x0000000b11dee580 0 1 0 0 1 2 2 41535 408
0x0000723b3daf1600 0x0000000b11dee600 0 0 1 0 1 2 2 41535 400
0x0000723b3daf1680 0x0000000b11dee680 0 0 1 0 1 2 2 41535 408
0x0000723b3daf1700 0x0000000b11dee700 0 1 1 0 1 2 2 41535 400
0x0000723b3daf1780 0x0000000b11dee780 0 1 1 0 1 2 2 41535 408
0x0000723b3daf1800 0x0000000b11dee800 0 0 0 0 1 2 2 41535 416
0x0000723b3daf1880 0x0000000b11dee880 0 0 0 0 1 2 2 41535 424
0x0000723b3daf1900 0x0000000b11dee900 0 1 0 0 1 2 2 41535 416
0x0000723b3daf1980 0x0000000b11dee980 0 1 0 0 1 2 2 41535 424
0x0000723b3daf1a00 0x0000000b11deea00 0 0 1 0 1 2 2 41535 416
0x0000723b3daf1a80 0x0000000b11deea80 0 0 1 0 1 2 2 41535 424
0x0000723b3daf1b00 0x0000000b11deeb00 0 1 1 0 1 2 2 41535 416
0x0000723b3daf1b80 0x0000000b11deeb80 0 1 1 0 1 2 2 41535 424
0x0000723b3daf1c00 0x0000000b11deec00 0 0 0 0 1 2 2 41535 432
0x0000723b3daf1c80 0x0000000b11deec80 0 0 0 0 1 2 2 41535 440
0x0000723b3daf1d00 0x0000000b11deed00 0 1 0 0 1 2 2 41535 432
0x0000723b3daf1d80 0x0000000b11deed80 0 1 0 0 1 2 2 41535 440
0x0000723b3daf1e00 0x0000000b11deee00 0 0 1 0 1 2 2 41535 432
0x0000723b3daf1e80 0x0000000b11deee80 0 0 1 0 1 2 2 41535 440
0x0000723b3daf1f00 0x0000000b11deef00 0 1 1 0 1 2 2 41535 432
0x0000723b3daf1f80 0x0000000b11deef80 0 1 1 0 1 2 2 41535 440
0x0000723b3daf3000 0x0000000f0c58a000 0 0 0 0 1 2 2 57748 128
0x0000723b3daf3080 0x0000000f0c58a080 0 0 0 0 1 2 2 57748 136
0x0000723b3daf3100 0x0000000f0c58a100 0 1 0 0 1 2 2 57748 128
0x0000723b3daf3180 0x0000000f0c58a180 0 1 0 0 1 2 2 57748 136
0x0000723b3daf3200 0x0000000f0c58a200 0 0 1 0 1 2 2 57748 128
0x0000723b3daf3280 0x0000000f0c58a280 0 0 1 0 1 2 2 57748 136
0x0000723b3daf3300 0x0000000f0c58a300 0 1 1 0 1 2 2 57748 128
0x0000723b3daf3380 0x0000000f0c58a380 0 1 1 0 1 2 2 57748 136
0x0000723b3daf3400 0x0000000f0c58a400 0 0 0 0 1 2 2 57748 144
0x0000723b3daf3480 0x0000000f0c58a480 0 0 0 0 1 2 2 57748 152
0x0000723b3daf3500 0x0000000f0c58a500 0 1 0 0 1 2 2 57748 144
0x0000723b3daf3580 0x0000000f0c58a580 0 1 0 0 1 2 2 57748 152
0x0000723b3daf3600 0x0000000f0c58a600 0 0 1 0 1 2 2 57748 144
0x0000723b3daf3680 0x0000000f0c58a680 0 0 1 0 1 2 2 57748 152
0x0000723b3daf3700 0x0000000f0c58a700 0 1 1 0 1 2 2 57748 144
0x0000723b3daf3780 0x0000000f0c58a780 0 1 1 0 1 2 2 57748 152
0x0000723b3daf3800 0x0000000f0c58a800 0 0 0 0 1 2 2 57748 160
0x0000723b3daf3880 0x0000000f0c58a880 0 0 0 0 1 2 2 57748 168
0x0000723b3daf3900 0x0000000f0c58a900 0 1 0 0 1 2 2 57748 160
0x0000723b3daf3980 0x0000000f0c58a980 0 1 0 0 1 2 2 57748 168
0x0000723b3daf3a00 0x0000000f0c58aa00 0 0 1 0 1 2 2 57748 160
0x0000723b3daf3a80 0x0000000f0c58aa80 0 0 1 0 1 2 2 57748 168
0x0000723b3daf3b00 0x0000000f0c58ab00 0 1 1 0 1 2 2 57748 160
0x0000723b3daf3b80 0x0000000f0c58ab80 0 1 1 0 1 2 2 57748 168
0x0000723b3daf3c00 0x0000000f0c58ac00 0 0 0 0 1 2 2 57748 176
0x0000723b3daf3c80 0x0000000f0c58ac80 0 0 0 0 1 2 2 57748 184
0x0000723b3daf3d00 0x0000000f0c58ad00 0 1 0 0 1 2 2 57748 176
0x0000723b3daf3d80 0x0000000f0c58ad80 0 1 0 0 1 2 2 57748 184
0x0000723b3daf3e00 0x0000000f0c58ae00 0 0 1 0 1 2 2 57748 176
0x0000723b3daf3e80 0x0000000f0c58ae80 0 0 1 0 1 2 2 57748 184
0x0000723b3daf3f00 0x0000000f0c58af00 0 1 1 0 1 2 2 57748 176
0x0000723b3daf3f80 0x0000000f0c58af80 0 1 1 0 1 2 2 57748 184
0x0000723b3daf5000 0x0000000f0c5a2000 0 0 0 0 0 2 2 57749 128
0x0000723b3daf5080 0x0000000f0c5a2080 0 0 0 0 0 2 2 57749 136
0x0000723b3daf5100 0x0000000f0c5a2100 0 1 0 0 0 2 2 57749 128
0x0000723b3daf5180 0x0000000f0c5a2180 0 1 0 0 0 2 2 57749 136
0x0000723b3daf5200 0x0000000f0c5a2200 0 0 1 0 0 2 2 57749 128
0x0000723b3daf5280 0x0000000f0c5a2280 0 0 1 0 0 2 2 57749 136
0x0000723b3daf5300 0x0000000f0c5a2300 0 1 1 0 0 2 2 57749 128
0x0000723b3daf5380 0x0000000f0c5a2380 0 1 1 0 0 2 2 57749 136
0x0000723b3daf5400 0x0000000f0c5a2400 0 0 0 0 0 2 2 57749 144
0x0000723b3daf5480 0x0000000f0c5a2480 0 0 0 0 0 2 2 57749 152
0x0000723b3daf5500 0x0000000f0c5a2500 0 1 0 0 0 2 2 57749 144
0x0000723b3daf5580 0x0000000f0c5a2580 0 1 0 0 0 2 2 57749 152
0x0000723b3daf5600 0x0000000f0c5a2600 0 0 1 0 0 2 2 57749 144
0x0000723b3daf5680 0x0000000f0c5a2680 0 0 1 0 0 2 2 57749 152
0x0000723b3daf5700 0x0000000f0c5a2700 0 1 1 0 0 2 2 57749 144
0x0000723b3daf5780 0x0000000f0c5a2780 0 1 1 0 0 2 2 57749 152
0x0000723b3daf5800 0x0000000f0c5a2800 0 0 0 0 0 2 2 57749 160
0x0000723b3daf5880 0x0000000f0c5a2880 0 0 0 0 0 2 2 57749 168
0x0000723b3daf5900 0x0000000f0c5a2900 0 1 0 0 0 2 2 57749 160
0x0000723b3daf5980 0x0000000f0c5a2980 0 1 0 0 0 2 2 57749 168
0x0000723b3daf5a00 0x0000000f0c5a2a00 0 0 1 0 0 2 2 57749 160
0x0000723b3daf5a80 0x0000000f0c5a2a80 0 0 1 0 0 2 2 57749 168
0x0000723b3daf5b00 0x0000000f0c5a2b00 0 1 1 0 0 2 2 57749 160
0x0000723b3daf5b80 0x0000000f0c5a2b80 0 1 1 0 0 2 2 57749 168
0x0000723b3daf5c00 0x0000000f0c5a2c00 0 0 0 0 0 2 2 57749 176
0x0000723b3daf5c80 0x0000000f0c5a2c80 0 0 0 0 0 2 2 57749 184
0x0000723b3daf5d00 0x0000000f0c5a2d00 0 1 0 0 0 2 2 57749 176
0x0000723b3daf5d80 0x0000000f0c5a2d80 0 1 0 0 0 2 2 57749 184
0x0000723b3daf5e00 0x0000000f0c5a2e00 0 0 1 0 0 2 2 57749 176
0x0000723b3daf5e80 0x0000000f0c5a2e80 0 0 1 0 0 2 2 57749 184
0x0000723b3daf5f00 0x0000000f0c5a2f00 0 1 1 0 0 2 2 57749 176
0x0000723b3daf5f80 0x0000000f0c5a2f80 0 1 1 0 0 2 2 57749 184
0x0000723b3daf7000 0x0000000e91de2000 0 0 0 0 0 2 2 57903 128
0x0000723b3daf7080 0x0000000e91de2080 0 0 0 0 0 2 2 57903 136
0x0000723b3daf7100 0x0000000e91de2100 0 1 0 0 0 2 2 57903 128
0x0000723b3daf7180 0x0000000e91de2180 0 1 0 0 0 2 2 57903 136
0x0000723b3daf7200 0x0000000e91de2200 0 0 1 0 0 2 2 57903 128
0x0000723b3daf7280 0x0000000e91de2280 0 0 1 0 0 2 2 57903 136
0x0000723b3daf7300 0x0000000e91de2300 0 1 1 0 0 2 2 57903 128
0x0000723b3daf7380 0x0000000e91de2380 0 1 1 0 0 2 2 57903 136
0x0000723b3daf7400 0x0000000e91de2400 0 0 0 0 0 2 2 57903 144
0x0000723b3daf7480 0x0000000e91de2480 0 0 0 0 0 2 2 57903 152
0x0000723b3daf7500 0x0000000e91de2500 0 1 0 0 0 2 2 57903 144
0x0000723b3daf7580 0x0000000e91de2580 0 1 0 0 0 2 2 57903 152
0x0000723b3daf7600 0x0000000e91de2600 0 0 1 0 0 2 2 57903 144
0x0000723b3daf7680 0x0000000e91de2680 0 0 1 0 0 2 2 57903 152
0x0000723b3daf7700 0x0000000e91de2700 0 1 1 0 0 2 2 57903 144
0x0000723b3daf7780 0x0000000e91de2780 0 1 1 0 0 2 2 57903 152
0x0000723b3daf7800 0x0000000e91de2800 0 0 0 0 0 2 2 57903 160
0x0000723b3daf7880 0x0000000e91de2880 0 0 0 0 0 2 2 57903 168
0x0000723b3daf7900 0x0000000e91de2900 0 1 0 0 0 2 2 57903 160
0x0000723b3daf7980 0x0000000e91de2980 0 1 0 0 0 2 2 57903 168
0x0000723b3daf7a00 0x0000000e91de2a00 0 0 1 0 0 2 2 57903 160
0x0000723b3daf7a80 0x0000000e91de2a80 0 0 1 0 0 2 2 57903 168
0x0000723b3daf7b00 0x0000000e91de2b00 0 1 1 0 0 2 2 57903 160
0x0000723b3daf7b80 0x0000000e91de2b80 0 1 1 0 0 2 2 57903 168
0x0000723b3daf7c00 0x0000000e91de2c00 0 0 0 0 0 2 2 57903 176
0x0000723b3daf7c80 0x0000000e91de2c80 0 0 0 0 0 2 2 57903 184
0x0000723b3daf7d00 0x0000000e91de2d00 0 1 0 0 0 2 2 57903 176
0x0000723b3daf7d80 0x0000000e91de2d80 0 1 0 0 0 2 2 57903 184
0x0000723b3daf7e00 0x0000000e91de2e00 0 0 1 0 0 2 2 57903 176
0x0000723b3daf7e80 0x0000000e91de2e80 0 0 1 0 0 2 2 57903 184
0x0000723b3daf7f00 0x0000000e91de2f00 0 1 1 0 0 2 2 57903 176
0x0000723b3daf7f80 0x0000000e91de2f80 0 1 1 0 0 2 2 57903 184
0x0000723b3dafb000 0x0000000cc5535000 0 0 0 0 0 2 2 51361 832
0x0000723b3dafb080 0x0000000cc5535080 0 0 0 0 0 2 2 51361 840
0x0000723b3dafb100 0x0000000cc5535100 0 1 0 0 0 2 2 51361 832
0x0000723b3dafb180 0x0000000cc5535180 0 1 0 0 0 2 2 51361 840
0x0000723b3dafb200 0x0000000cc5535200 0 0 1 0 0 2 2 51361 832
0x0000723b3dafb280 0x0000000cc5535280 0 0 1 0 0 2 2 51361 840
0x0000723b3dafb300 0x0000000cc5535300 0 1 1 0 0 2 2 51361 832
0x0000723b3dafb380 0x0000000cc5535380 0 1 1 0 0 2 2 51361 840
0x0000723b3dafb400 0x0000000cc5535400 0 0 0 0 0 2 2 51361 848
0x0000723b3dafb480 0x0000000cc5535480 0 0 0 0 0 2 2 51361 856
0x0000723b3dafb500 0x0000000cc5535500 0 1 0 0 0 2 2 51361 848
0x0000723b3dafb580 0x0000000cc5535580 0 1 0 0 0 2 2 51361 856
0x0000723b3dafb600 0x0000000cc5535600 0 0 1 0 0 2 2 51361 848
0x0000723b3dafb680 0x0000000cc5535680 0 0 1 0 0 2 2 51361 856
0x0000723b3dafb700 0x0000000cc5535700 0 1 1 0 0 2 2 51361 848
0x0000723b3dafb780 0x0000000cc5535780 0 1 1 0 0 2 2 51361 856
0x0000723b3dafb800 0x0000000cc5535800 0 0 0 0 0 2 2 51361 864
0x0000723b3dafb880 0x0000000cc5535880 0 0 0 0 0 2 2 51361 872
0x0000723b3dafb900 0x0000000cc5535900 0 1 0 0 0 2 2 51361 864
0x0000723b3dafb980 0x0000000cc5535980 0 1 0 0 0 2 2 51361 872
0x0000723b3dafba00 0x0000000cc5535a00 0 0 1 0 0 2 2 51361 864
0x0000723b3dafba80 0x0000000cc5535a80 0 0 1 0 0 2 2 51361 872
0x0000723b3dafbb00 0x0000000cc5535b00 0 1 1 0 0 2 2 51361 864
0x0000723b3dafbb80 0x0000000cc5535b80 0 1 1 0 0 2 2 51361 872
0x0000723b3dafbc00 0x0000000cc5535c00 0 0 0 0 0 2 2 51361 880
0x0000723b3dafbc80 0x0000000cc5535c80 0 0 0 0 0 2 2 51361 888
0x0000723b3dafbd00 0x0000000cc5535d00 0 1 0 0 0 2 2 51361 880
0x0000723b3dafbd80 0x0000000cc5535d80 0 1 0 0 0 2 2 51361 888
0x0000723b3dafbe00 0x0000000cc5535e00 0 0 1 0 0 2 2 51361 880
0x0000723b3dafbe80 0x0000000cc5535e80 0 0 1 0 0 2 2 51361 888
0x0000723b3dafbf00 0x0000000cc5535f00 0 1 1 0 0 2 2 51361 880
0x0000723b3dafbf80 0x0000000cc5535f80 0 1 1 0 0 2 2 51361 888
0x0000723b3db06000 0x000000064ed1f000 0 0 0 0 1 2 2 23000 960
0x0000723b3db06080 0x000000064ed1f080 0 0 0 0 1 2 2 23000 968
0x0000723b3db06100 0x000000064ed1f100 0 1 0 0 1 2 2 23000 960
0x0000723b3db06180 0x000000064ed1f180 0 1 0 0 1 2 2 23000 968
0x0000723b3db06200 0x000000064ed1f200 0 0 1 0 1 2 2 23000 960
0x0000723b3db06280 0x000000064ed1f280 0 0 1 0 1 2 2 23000 968
0x0000723b3db06300 0x000000064ed1f300 0 1 1 0 1 2 2 23000 960
0x0000723b3db06380 0x000000064ed1f380 0 1 1 0 1 2 2 23000 968
0x0000723b3db06400 0x000000064ed1f400 0 0 0 0 1 2 2 23000 976
0x0000723b3db06480 0x000000064ed1f480 0 0 0 0 1 2 2 23000 984
0x0000723b3db06500 0x000000064ed1f500 0 1 0 0 1 2 2 23000 976
0x0000723b3db06580 0x000000064ed1f580 0 1 0 0 1 2 2 23000 984
0x0000723b3db06600 0x000000064ed1f600 0 0 1 0 1 2 2 23000 976
0x0000723b3db06680 0x000000064ed1f680 0 0 1 0 1 2 2 23000 984
0x0000723b3db06700 0x000000064ed1f700 0 1 1 0 1 2 2 23000 976
0x0000723b3db06780 0x000000064ed1f780 0 1 1 0 1 2 2 23000 984
0x0000723b3db06800 0x000000064ed1f800 0 0 0 0 1 2 2 23000 992
0x0000723b3db06880 0x000000064ed1f880 0 0 0 0 1 2 2 23000 1000
0x0000723b3db06900 0x000000064ed1f900 0 1 0 0 1 2 2 23000 992
0x0000723b3db06980 0x000000064ed1f980 0 1 0 0 1 2 2 23000 1000
0x0000723b3db06a00 0x000000064ed1fa00 0 0 1 0 1 2 2 23000 992
0x0000723b3db06a80 0x000000064ed1fa80 0 0 1 0 1 2 2 23000 1000
0x0000723b3db06b00 0x000000064ed1fb00 0 1 1 0 1 2 2 23000 992
0x0000723b3db06b80 0x000000064ed1fb80 0 1 1 0 1 2 2 23000 1000
0x0000723b3db06c00 0x000000064ed1fc00 0 0 0 0 1 2 2 23000 1008
0x0000723b3db06c80 0x000000064ed1fc80 0 0 0 0 1 2 2 23000 1016
0x0000723b3db06d00 0x000000064ed1fd00 0 1 0 0 1 2 2 23000 1008
0x0000723b3db06d80 0x000000064ed1fd80 0 1 0 0 1 2 2 23000 1016
0x0000723b3db06e00 0x000000064ed1fe00 0 0 1 0 1 2 2 23000 1008
0x0000723b3db06e80 0x000000064ed1fe80 0 0 1 0 1 2 2 23000 1016
0x0000723b3db06f00 0x000000064ed1ff00 0 1 1 0 1 2 2 23000 1008
0x0000723b3db06f80 0x000000064ed1ff80 0 1 1 0 1 2 2 23000 1016
