# bank_id=9 (bg=2 ba=1) n=7040
# Columns: VA PA s imc ch dimm rank bg ba row col
0x00007aca1fc01000 0x0000000ba0b08000 0 0 0 0 1 2 1 46088 0
0x00007aca1fc01080 0x0000000ba0b08080 0 0 0 0 1 2 1 46088 8
0x00007aca1fc01100 0x0000000ba0b08100 0 1 0 0 1 2 1 46088 0
0x00007aca1fc01180 0x0000000ba0b08180 0 1 0 0 1 2 1 46088 8
0x00007aca1fc01200 0x0000000ba0b08200 0 0 1 0 1 2 1 46088 0
0x00007aca1fc01280 0x0000000ba0b08280 0 0 1 0 1 2 1 46088 8
0x00007aca1fc01300 0x0000000ba0b08300 0 1 1 0 1 2 1 46088 0
0x00007aca1fc01380 0x0000000ba0b08380 0 1 1 0 1 2 1 46088 8
0x00007aca1fc01400 0x0000000ba0b08400 0 0 0 0 1 2 1 46088 16
0x00007aca1fc01480 0x0000000ba0b08480 0 0 0 0 1 2 1 46088 24
0x00007aca1fc01500 0x0000000ba0b08500 0 1 0 0 1 2 1 46088 16
0x00007aca1fc01580 0x0000000ba0b08580 0 1 0 0 1 2 1 46088 24
0x00007aca1fc01600 0x0000000ba0b08600 0 0 1 0 1 2 1 46088 16
0x00007aca1fc01680 0x0000000ba0b08680 0 0 1 0 1 2 1 46088 24
0x00007aca1fc01700 0x0000000ba0b08700 0 1 1 0 1 2 1 46088 16
0x00007aca1fc01780 0x0000000ba0b08780 0 1 1 0 1 2 1 46088 24
0x00007aca1fc01800 0x0000000ba0b08800 0 0 0 0 1 2 1 46088 32
0x00007aca1fc01880 0x0000000ba0b08880 0 0 0 0 1 2 1 46088 40
0x00007aca1fc01900 0x0000000ba0b08900 0 1 0 0 1 2 1 46088 32
0x00007aca1fc01980 0x0000000ba0b08980 0 1 0 0 1 2 1 46088 40
0x00007aca1fc01a00 0x0000000ba0b08a00 0 0 1 0 1 2 1 46088 32
0x00007aca1fc01a80 0x0000000ba0b08a80 0 0 1 0 1 2 1 46088 40
0x00007aca1fc01b00 0x0000000ba0b08b00 0 1 1 0 1 2 1 46088 32
0x00007aca1fc01b80 0x0000000ba0b08b80 0 1 1 0 1 2 1 46088 40
0x00007aca1fc01c00 0x0000000ba0b08c00 0 0 0 0 1 2 1 46088 48
0x00007aca1fc01c80 0x0000000ba0b08c80 0 0 0 0 1 2 1 46088 56
0x00007aca1fc01d00 0x0000000ba0b08d00 0 1 0 0 1 2 1 46088 48
0x00007aca1fc01d80 0x0000000ba0b08d80 0 1 0 0 1 2 1 46088 56
0x00007aca1fc01e00 0x0000000ba0b08e00 0 0 1 0 1 2 1 46088 48
0x00007aca1fc01e80 0x0000000ba0b08e80 0 0 1 0 1 2 1 46088 56
0x00007aca1fc01f00 0x0000000ba0b08f00 0 1 1 0 1 2 1 46088 48
0x00007aca1fc01f80 0x0000000ba0b08f80 0 1 1 0 1 2 1 46088 56
0x00007aca1fc03000 0x00000009ce316000 0 0 0 0 0 2 1 39360 896
0x00007aca1fc03080 0x00000009ce316080 0 0 0 0 0 2 1 39360 904
0x00007aca1fc03100 0x00000009ce316100 0 1 0 0 0 2 1 39360 896
0x00007aca1fc03180 0x00000009ce316180 0 1 0 0 0 2 1 39360 904
0x00007aca1fc03200 0x00000009ce316200 0 0 1 0 0 2 1 39360 896
0x00007aca1fc03280 0x00000009ce316280 0 0 1 0 0 2 1 39360 904
0x00007aca1fc03300 0x00000009ce316300 0 1 1 0 0 2 1 39360 896
0x00007aca1fc03380 0x00000009ce316380 0 1 1 0 0 2 1 39360 904
0x00007aca1fc03400 0x00000009ce316400 0 0 0 0 0 2 1 39360 912
0x00007aca1fc03480 0x00000009ce316480 0 0 0 0 0 2 1 39360 920
0x00007aca1fc03500 0x00000009ce316500 0 1 0 0 0 2 1 39360 912
0x00007aca1fc03580 0x00000009ce316580 0 1 0 0 0 2 1 39360 920
0x00007aca1fc03600 0x00000009ce316600 0 0 1 0 0 2 1 39360 912
0x00007aca1fc03680 0x00000009ce316680 0 0 1 0 0 2 1 39360 920
0x00007aca1fc03700 0x00000009ce316700 0 1 1 0 0 2 1 39360 912
0x00007aca1fc03780 0x00000009ce316780 0 1 1 0 0 2 1 39360 920
0x00007aca1fc03800 0x00000009ce316800 0 0 0 0 0 2 1 39360 928
0x00007aca1fc03880 0x00000009ce316880 0 0 0 0 0 2 1 39360 936
0x00007aca1fc03900 0x00000009ce316900 0 1 0 0 0 2 1 39360 928
0x00007aca1fc03980 0x00000009ce316980 0 1 0 0 0 2 1 39360 936
0x00007aca1fc03a00 0x00000009ce316a00 0 0 1 0 0 2 1 39360 928
0x00007aca1fc03a80 0x00000009ce316a80 0 0 1 0 0 2 1 39360 936
0x00007aca1fc03b00 0x00000009ce316b00 0 1 1 0 0 2 1 39360 928
0x00007aca1fc03b80 0x00000009ce316b80 0 1 1 0 0 2 1 39360 936
0x00007aca1fc03c00 0x00000009ce316c00 0 0 0 0 0 2 1 39360 944
0x00007aca1fc03c80 0x00000009ce316c80 0 0 0 0 0 2 1 39360 952
0x00007aca1fc03d00 0x00000009ce316d00 0 1 0 0 0 2 1 39360 944
0x00007aca1fc03d80 0x00000009ce316d80 0 1 0 0 0 2 1 39360 952
0x00007aca1fc03e00 0x00000009ce316e00 0 0 1 0 0 2 1 39360 944
0x00007aca1fc03e80 0x00000009ce316e80 0 0 1 0 0 2 1 39360 952
0x00007aca1fc03f00 0x00000009ce316f00 0 1 1 0 0 2 1 39360 944
0x00007aca1fc03f80 0x00000009ce316f80 0 1 1 0 0 2 1 39360 952
0x00007aca1fc14000 0x000000071db91000 0 0 0 0 0 2 1 25532 576
0x00007aca1fc14080 0x000000071db91080 0 0 0 0 0 2 1 25532 584
0x00007aca1fc14100 0x000000071db91100 0 1 0 0 0 2 1 25532 576
0x00007aca1fc14180 0x000000071db91180 0 1 0 0 0 2 1 25532 584
0x00007aca1fc14200 0x000000071db91200 0 0 1 0 0 2 1 25532 576
0x00007aca1fc14280 0x000000071db91280 0 0 1 0 0 2 1 25532 584
0x00007aca1fc14300 0x000000071db91300 0 1 1 0 0 2 1 25532 576
0x00007aca1fc14380 0x000000071db91380 0 1 1 0 0 2 1 25532 584
0x00007aca1fc14400 0x000000071db91400 0 0 0 0 0 2 1 25532 592
0x00007aca1fc14480 0x000000071db91480 0 0 0 0 0 2 1 25532 600
0x00007aca1fc14500 0x000000071db91500 0 1 0 0 0 2 1 25532 592
0x00007aca1fc14580 0x000000071db91580 0 1 0 0 0 2 1 25532 600
0x00007aca1fc14600 0x000000071db91600 0 0 1 0 0 2 1 25532 592
0x00007aca1fc14680 0x000000071db91680 0 0 1 0 0 2 1 25532 600
0x00007aca1fc14700 0x000000071db91700 0 1 1 0 0 2 1 25532 592
0x00007aca1fc14780 0x000000071db91780 0 1 1 0 0 2 1 25532 600
0x00007aca1fc14800 0x000000071db91800 0 0 0 0 0 2 1 25532 608
0x00007aca1fc14880 0x000000071db91880 0 0 0 0 0 2 1 25532 616
0x00007aca1fc14900 0x000000071db91900 0 1 0 0 0 2 1 25532 608
0x00007aca1fc14980 0x000000071db91980 0 1 0 0 0 2 1 25532 616
0x00007aca1fc14a00 0x000000071db91a00 0 0 1 0 0 2 1 25532 608
0x00007aca1fc14a80 0x000000071db91a80 0 0 1 0 0 2 1 25532 616
0x00007aca1fc14b00 0x000000071db91b00 0 1 1 0 0 2 1 25532 608
0x00007aca1fc14b80 0x000000071db91b80 0 1 1 0 0 2 1 25532 616
0x00007aca1fc14c00 0x000000071db91c00 0 0 0 0 0 2 1 25532 624
0x00007aca1fc14c80 0x000000071db91c80 0 0 0 0 0 2 1 25532 632
0x00007aca1fc14d00 0x000000071db91d00 0 1 0 0 0 2 1 25532 624
0x00007aca1fc14d80 0x000000071db91d80 0 1 0 0 0 2 1 25532 632
0x00007aca1fc14e00 0x000000071db91e00 0 0 1 0 0 2 1 25532 624
0x00007aca1fc14e80 0x000000071db91e80 0 0 1 0 0 2 1 25532 632
0x00007aca1fc14f00 0x000000071db91f00 0 1 1 0 0 2 1 25532 624
0x00007aca1fc14f80 0x000000071db91f80 0 1 1 0 0 2 1 25532 632
0x00007aca1fc20000 0x0000000b24302000 0 0 0 0 0 2 1 42128 128
0x00007aca1fc20080 0x0000000b24302080 0 0 0 0 0 2 1 42128 136
0x00007aca1fc20100 0x0000000b24302100 0 1 0 0 0 2 1 42128 128
0x00007aca1fc20180 0x0000000b24302180 0 1 0 0 0 2 1 42128 136
0x00007aca1fc20200 0x0000000b24302200 0 0 1 0 0 2 1 42128 128
0x00007aca1fc20280 0x0000000b24302280 0 0 1 0 0 2 1 42128 136
0x00007aca1fc20300 0x0000000b24302300 0 1 1 0 0 2 1 42128 128
0x00007aca1fc20380 0x0000000b24302380 0 1 1 0 0 2 1 42128 136
0x00007aca1fc20400 0x0000000b24302400 0 0 0 0 0 2 1 42128 144
0x00007aca1fc20480 0x0000000b24302480 0 0 0 0 0 2 1 42128 152
0x00007aca1fc20500 0x0000000b24302500 0 1 0 0 0 2 1 42128 144
0x00007aca1fc20580 0x0000000b24302580 0 1 0 0 0 2 1 42128 152
0x00007aca1fc20600 0x0000000b24302600 0 0 1 0 0 2 1 42128 144
0x00007aca1fc20680 0x0000000b24302680 0 0 1 0 0 2 1 42128 152
0x00007aca1fc20700 0x0000000b24302700 0 1 1 0 0 2 1 42128 144
0x00007aca1fc20780 0x0000000b24302780 0 1 1 0 0 2 1 42128 152
0x00007aca1fc20800 0x0000000b24302800 0 0 0 0 0 2 1 42128 160
0x00007aca1fc20880 0x0000000b24302880 0 0 0 0 0 2 1 42128 168
0x00007aca1fc20900 0x0000000b24302900 0 1 0 0 0 2 1 42128 160
0x00007aca1fc20980 0x0000000b24302980 0 1 0 0 0 2 1 42128 168
0x00007aca1fc20a00 0x0000000b24302a00 0 0 1 0 0 2 1 42128 160
0x00007aca1fc20a80 0x0000000b24302a80 0 0 1 0 0 2 1 42128 168
0x00007aca1fc20b00 0x0000000b24302b00 0 1 1 0 0 2 1 42128 160
0x00007aca1fc20b80 0x0000000b24302b80 0 1 1 0 0 2 1 42128 168
0x00007aca1fc20c00 0x0000000b24302c00 0 0 0 0 0 2 1 42128 176
0x00007aca1fc20c80 0x0000000b24302c80 0 0 0 0 0 2 1 42128 184
0x00007aca1fc20d00 0x0000000b24302d00 0 1 0 0 0 2 1 42128 176
0x00007aca1fc20d80 0x0000000b24302d80 0 1 0 0 0 2 1 42128 184
0x00007aca1fc20e00 0x0000000b24302e00 0 0 1 0 0 2 1 42128 176
0x00007aca1fc20e80 0x0000000b24302e80 0 0 1 0 0 2 1 42128 184
0x00007aca1fc20f00 0x0000000b24302f00 0 1 1 0 0 2 1 42128 176
0x00007aca1fc20f80 0x0000000b24302f80 0 1 1 0 0 2 1 42128 184
0x00007aca1fc25000 0x00000007e83e7000 0 0 0 0 0 2 1 32007 448
0x00007aca1fc25080 0x00000007e83e7080 0 0 0 0 0 2 1 32007 456
0x00007aca1fc25100 0x00000007e83e7100 0 1 0 0 0 2 1 32007 448
0x00007aca1fc25180 0x00000007e83e7180 0 1 0 0 0 2 1 32007 456
0x00007aca1fc25200 0x00000007e83e7200 0 0 1 0 0 2 1 32007 448
0x00007aca1fc25280 0x00000007e83e7280 0 0 1 0 0 2 1 32007 456
0x00007aca1fc25300 0x00000007e83e7300 0 1 1 0 0 2 1 32007 448
0x00007aca1fc25380 0x00000007e83e7380 0 1 1 0 0 2 1 32007 456
0x00007aca1fc25400 0x00000007e83e7400 0 0 0 0 0 2 1 32007 464
0x00007aca1fc25480 0x00000007e83e7480 0 0 0 0 0 2 1 32007 472
0x00007aca1fc25500 0x00000007e83e7500 0 1 0 0 0 2 1 32007 464
0x00007aca1fc25580 0x00000007e83e7580 0 1 0 0 0 2 1 32007 472
0x00007aca1fc25600 0x00000007e83e7600 0 0 1 0 0 2 1 32007 464
0x00007aca1fc25680 0x00000007e83e7680 0 0 1 0 0 2 1 32007 472
0x00007aca1fc25700 0x00000007e83e7700 0 1 1 0 0 2 1 32007 464
0x00007aca1fc25780 0x00000007e83e7780 0 1 1 0 0 2 1 32007 472
0x00007aca1fc25800 0x00000007e83e7800 0 0 0 0 0 2 1 32007 480
0x00007aca1fc25880 0x00000007e83e7880 0 0 0 0 0 2 1 32007 488
0x00007aca1fc25900 0x00000007e83e7900 0 1 0 0 0 2 1 32007 480
0x00007aca1fc25980 0x00000007e83e7980 0 1 0 0 0 2 1 32007 488
0x00007aca1fc25a00 0x00000007e83e7a00 0 0 1 0 0 2 1 32007 480
0x00007aca1fc25a80 0x00000007e83e7a80 0 0 1 0 0 2 1 32007 488
0x00007aca1fc25b00 0x00000007e83e7b00 0 1 1 0 0 2 1 32007 480
0x00007aca1fc25b80 0x00000007e83e7b80 0 1 1 0 0 2 1 32007 488
0x00007aca1fc25c00 0x00000007e83e7c00 0 0 0 0 0 2 1 32007 496
0x00007aca1fc25c80 0x00000007e83e7c80 0 0 0 0 0 2 1 32007 504
0x00007aca1fc25d00 0x00000007e83e7d00 0 1 0 0 0 2 1 32007 496
0x00007aca1fc25d80 0x00000007e83e7d80 0 1 0 0 0 2 1 32007 504
0x00007aca1fc25e00 0x00000007e83e7e00 0 0 1 0 0 2 1 32007 496
0x00007aca1fc25e80 0x00000007e83e7e80 0 0 1 0 0 2 1 32007 504
0x00007aca1fc25f00 0x00000007e83e7f00 0 1 1 0 0 2 1 32007 496
0x00007aca1fc25f80 0x00000007e83e7f80 0 1 1 0 0 2 1 32007 504
0x00007aca1fc28000 0x0000000f31b10000 0 0 0 0 0 2 1 58936 512
0x00007aca1fc28080 0x0000000f31b10080 0 0 0 0 0 2 1 58936 520
0x00007aca1fc28100 0x0000000f31b10100 0 1 0 0 0 2 1 58936 512
0x00007aca1fc28180 0x0000000f31b10180 0 1 0 0 0 2 1 58936 520
0x00007aca1fc28200 0x0000000f31b10200 0 0 1 0 0 2 1 58936 512
0x00007aca1fc28280 0x0000000f31b10280 0 0 1 0 0 2 1 58936 520
0x00007aca1fc28300 0x0000000f31b10300 0 1 1 0 0 2 1 58936 512
0x00007aca1fc28380 0x0000000f31b10380 0 1 1 0 0 2 1 58936 520
0x00007aca1fc28400 0x0000000f31b10400 0 0 0 0 0 2 1 58936 528
0x00007aca1fc28480 0x0000000f31b10480 0 0 0 0 0 2 1 58936 536
0x00007aca1fc28500 0x0000000f31b10500 0 1 0 0 0 2 1 58936 528
0x00007aca1fc28580 0x0000000f31b10580 0 1 0 0 0 2 1 58936 536
0x00007aca1fc28600 0x0000000f31b10600 0 0 1 0 0 2 1 58936 528
0x00007aca1fc28680 0x0000000f31b10680 0 0 1 0 0 2 1 58936 536
0x00007aca1fc28700 0x0000000f31b10700 0 1 1 0 0 2 1 58936 528
0x00007aca1fc28780 0x0000000f31b10780 0 1 1 0 0 2 1 58936 536
0x00007aca1fc28800 0x0000000f31b10800 0 0 0 0 0 2 1 58936 544
0x00007aca1fc28880 0x0000000f31b10880 0 0 0 0 0 2 1 58936 552
0x00007aca1fc28900 0x0000000f31b10900 0 1 0 0 0 2 1 58936 544
0x00007aca1fc28980 0x0000000f31b10980 0 1 0 0 0 2 1 58936 552
0x00007aca1fc28a00 0x0000000f31b10a00 0 0 1 0 0 2 1 58936 544
0x00007aca1fc28a80 0x0000000f31b10a80 0 0 1 0 0 2 1 58936 552
0x00007aca1fc28b00 0x0000000f31b10b00 0 1 1 0 0 2 1 58936 544
0x00007aca1fc28b80 0x0000000f31b10b80 0 1 1 0 0 2 1 58936 552
0x00007aca1fc28c00 0x0000000f31b10c00 0 0 0 0 0 2 1 58936 560
0x00007aca1fc28c80 0x0000000f31b10c80 0 0 0 0 0 2 1 58936 568
0x00007aca1fc28d00 0x0000000f31b10d00 0 1 0 0 0 2 1 58936 560
0x00007aca1fc28d80 0x0000000f31b10d80 0 1 0 0 0 2 1 58936 568
0x00007aca1fc28e00 0x0000000f31b10e00 0 0 1 0 0 2 1 58936 560
0x00007aca1fc28e80 0x0000000f31b10e80 0 0 1 0 0 2 1 58936 568
0x00007aca1fc28f00 0x0000000f31b10f00 0 1 1 0 0 2 1 58936 560
0x00007aca1fc28f80 0x0000000f31b10f80 0 1 1 0 0 2 1 58936 568
0x00007aca1fc2d000 0x0000000f31b0d000 0 0 0 0 1 2 1 58936 320
0x00007aca1fc2d080 0x0000000f31b0d080 0 0 0 0 1 2 1 58936 328
0x00007aca1fc2d100 0x0000000f31b0d100 0 1 0 0 1 2 1 58936 320
0x00007aca1fc2d180 0x0000000f31b0d180 0 1 0 0 1 2 1 58936 328
0x00007aca1fc2d200 0x0000000f31b0d200 0 0 1 0 1 2 1 58936 320
0x00007aca1fc2d280 0x0000000f31b0d280 0 0 1 0 1 2 1 58936 328
0x00007aca1fc2d300 0x0000000f31b0d300 0 1 1 0 1 2 1 58936 320
0x00007aca1fc2d380 0x0000000f31b0d380 0 1 1 0 1 2 1 58936 328
0x00007aca1fc2d400 0x0000000f31b0d400 0 0 0 0 1 2 1 58936 336
0x00007aca1fc2d480 0x0000000f31b0d480 0 0 0 0 1 2 1 58936 344
0x00007aca1fc2d500 0x0000000f31b0d500 0 1 0 0 1 2 1 58936 336
0x00007aca1fc2d580 0x0000000f31b0d580 0 1 0 0 1 2 1 58936 344
0x00007aca1fc2d600 0x0000000f31b0d600 0 0 1 0 1 2 1 58936 336
0x00007aca1fc2d680 0x0000000f31b0d680 0 0 1 0 1 2 1 58936 344
0x00007aca1fc2d700 0x0000000f31b0d700 0 1 1 0 1 2 1 58936 336
0x00007aca1fc2d780 0x0000000f31b0d780 0 1 1 0 1 2 1 58936 344
0x00007aca1fc2d800 0x0000000f31b0d800 0 0 0 0 1 2 1 58936 352
0x00007aca1fc2d880 0x0000000f31b0d880 0 0 0 0 1 2 1 58936 360
0x00007aca1fc2d900 0x0000000f31b0d900 0 1 0 0 1 2 1 58936 352
0x00007aca1fc2d980 0x0000000f31b0d980 0 1 0 0 1 2 1 58936 360
0x00007aca1fc2da00 0x0000000f31b0da00 0 0 1 0 1 2 1 58936 352
0x00007aca1fc2da80 0x0000000f31b0da80 0 0 1 0 1 2 1 58936 360
0x00007aca1fc2db00 0x0000000f31b0db00 0 1 1 0 1 2 1 58936 352
0x00007aca1fc2db80 0x0000000f31b0db80 0 1 1 0 1 2 1 58936 360
0x00007aca1fc2dc00 0x0000000f31b0dc00 0 0 0 0 1 2 1 58936 368
0x00007aca1fc2dc80 0x0000000f31b0dc80 0 0 0 0 1 2 1 58936 376
0x00007aca1fc2dd00 0x0000000f31b0dd00 0 1 0 0 1 2 1 58936 368
0x00007aca1fc2dd80 0x0000000f31b0dd80 0 1 0 0 1 2 1 58936 376
0x00007aca1fc2de00 0x0000000f31b0de00 0 0 1 0 1 2 1 58936 368
0x00007aca1fc2de80 0x0000000f31b0de80 0 0 1 0 1 2 1 58936 376
0x00007aca1fc2df00 0x0000000f31b0df00 0 1 1 0 1 2 1 58936 368
0x00007aca1fc2df80 0x0000000f31b0df80 0 1 1 0 1 2 1 58936 376
0x00007aca1fc2e000 0x00000003d838f000 0 0 0 0 1 2 1 15108 448
0x00007aca1fc2e080 0x00000003d838f080 0 0 0 0 1 2 1 15108 456
0x00007aca1fc2e100 0x00000003d838f100 0 1 0 0 1 2 1 15108 448
0x00007aca1fc2e180 0x00000003d838f180 0 1 0 0 1 2 1 15108 456
0x00007aca1fc2e200 0x00000003d838f200 0 0 1 0 1 2 1 15108 448
0x00007aca1fc2e280 0x00000003d838f280 0 0 1 0 1 2 1 15108 456
0x00007aca1fc2e300 0x00000003d838f300 0 1 1 0 1 2 1 15108 448
0x00007aca1fc2e380 0x00000003d838f380 0 1 1 0 1 2 1 15108 456
0x00007aca1fc2e400 0x00000003d838f400 0 0 0 0 1 2 1 15108 464
0x00007aca1fc2e480 0x00000003d838f480 0 0 0 0 1 2 1 15108 472
0x00007aca1fc2e500 0x00000003d838f500 0 1 0 0 1 2 1 15108 464
0x00007aca1fc2e580 0x00000003d838f580 0 1 0 0 1 2 1 15108 472
0x00007aca1fc2e600 0x00000003d838f600 0 0 1 0 1 2 1 15108 464
0x00007aca1fc2e680 0x00000003d838f680 0 0 1 0 1 2 1 15108 472
0x00007aca1fc2e700 0x00000003d838f700 0 1 1 0 1 2 1 15108 464
0x00007aca1fc2e780 0x00000003d838f780 0 1 1 0 1 2 1 15108 472
0x00007aca1fc2e800 0x00000003d838f800 0 0 0 0 1 2 1 15108 480
0x00007aca1fc2e880 0x00000003d838f880 0 0 0 0 1 2 1 15108 488
0x00007aca1fc2e900 0x00000003d838f900 0 1 0 0 1 2 1 15108 480
0x00007aca1fc2e980 0x00000003d838f980 0 1 0 0 1 2 1 15108 488
0x00007aca1fc2ea00 0x00000003d838fa00 0 0 1 0 1 2 1 15108 480
0x00007aca1fc2ea80 0x00000003d838fa80 0 0 1 0 1 2 1 15108 488
0x00007aca1fc2eb00 0x00000003d838fb00 0 1 1 0 1 2 1 15108 480
0x00007aca1fc2eb80 0x00000003d838fb80 0 1 1 0 1 2 1 15108 488
0x00007aca1fc2ec00 0x00000003d838fc00 0 0 0 0 1 2 1 15108 496
0x00007aca1fc2ec80 0x00000003d838fc80 0 0 0 0 1 2 1 15108 504
0x00007aca1fc2ed00 0x00000003d838fd00 0 1 0 0 1 2 1 15108 496
0x00007aca1fc2ed80 0x00000003d838fd80 0 1 0 0 1 2 1 15108 504
0x00007aca1fc2ee00 0x00000003d838fe00 0 0 1 0 1 2 1 15108 496
0x00007aca1fc2ee80 0x00000003d838fe80 0 0 1 0 1 2 1 15108 504
0x00007aca1fc2ef00 0x00000003d838ff00 0 1 1 0 1 2 1 15108 496
0x00007aca1fc2ef80 0x00000003d838ff80 0 1 1 0 1 2 1 15108 504
0x00007aca1fc38000 0x000000026c3ec000 0 0 0 0 1 2 1 7575 256
0x00007aca1fc38080 0x000000026c3ec080 0 0 0 0 1 2 1 7575 264
0x00007aca1fc38100 0x000000026c3ec100 0 1 0 0 1 2 1 7575 256
0x00007aca1fc38180 0x000000026c3ec180 0 1 0 0 1 2 1 7575 264
0x00007aca1fc38200 0x000000026c3ec200 0 0 1 0 1 2 1 7575 256
0x00007aca1fc38280 0x000000026c3ec280 0 0 1 0 1 2 1 7575 264
0x00007aca1fc38300 0x000000026c3ec300 0 1 1 0 1 2 1 7575 256
0x00007aca1fc38380 0x000000026c3ec380 0 1 1 0 1 2 1 7575 264
0x00007aca1fc38400 0x000000026c3ec400 0 0 0 0 1 2 1 7575 272
0x00007aca1fc38480 0x000000026c3ec480 0 0 0 0 1 2 1 7575 280
0x00007aca1fc38500 0x000000026c3ec500 0 1 0 0 1 2 1 7575 272
0x00007aca1fc38580 0x000000026c3ec580 0 1 0 0 1 2 1 7575 280
0x00007aca1fc38600 0x000000026c3ec600 0 0 1 0 1 2 1 7575 272
0x00007aca1fc38680 0x000000026c3ec680 0 0 1 0 1 2 1 7575 280
0x00007aca1fc38700 0x000000026c3ec700 0 1 1 0 1 2 1 7575 272
0x00007aca1fc38780 0x000000026c3ec780 0 1 1 0 1 2 1 7575 280
0x00007aca1fc38800 0x000000026c3ec800 0 0 0 0 1 2 1 7575 288
0x00007aca1fc38880 0x000000026c3ec880 0 0 0 0 1 2 1 7575 296
0x00007aca1fc38900 0x000000026c3ec900 0 1 0 0 1 2 1 7575 288
0x00007aca1fc38980 0x000000026c3ec980 0 1 0 0 1 2 1 7575 296
0x00007aca1fc38a00 0x000000026c3eca00 0 0 1 0 1 2 1 7575 288
0x00007aca1fc38a80 0x000000026c3eca80 0 0 1 0 1 2 1 7575 296
0x00007aca1fc38b00 0x000000026c3ecb00 0 1 1 0 1 2 1 7575 288
0x00007aca1fc38b80 0x000000026c3ecb80 0 1 1 0 1 2 1 7575 296
0x00007aca1fc38c00 0x000000026c3ecc00 0 0 0 0 1 2 1 7575 304
0x00007aca1fc38c80 0x000000026c3ecc80 0 0 0 0 1 2 1 7575 312
0x00007aca1fc38d00 0x000000026c3ecd00 0 1 0 0 1 2 1 7575 304
0x00007aca1fc38d80 0x000000026c3ecd80 0 1 0 0 1 2 1 7575 312
0x00007aca1fc38e00 0x000000026c3ece00 0 0 1 0 1 2 1 7575 304
0x00007aca1fc38e80 0x000000026c3ece80 0 0 1 0 1 2 1 7575 312
0x00007aca1fc38f00 0x000000026c3ecf00 0 1 1 0 1 2 1 7575 304
0x00007aca1fc38f80 0x000000026c3ecf80 0 1 1 0 1 2 1 7575 312
0x00007aca1fc3d000 0x000000046eb66000 0 0 0 0 0 2 1 15835 384
0x00007aca1fc3d080 0x000000046eb66080 0 0 0 0 0 2 1 15835 392
0x00007aca1fc3d100 0x000000046eb66100 0 1 0 0 0 2 1 15835 384
0x00007aca1fc3d180 0x000000046eb66180 0 1 0 0 0 2 1 15835 392
0x00007aca1fc3d200 0x000000046eb66200 0 0 1 0 0 2 1 15835 384
0x00007aca1fc3d280 0x000000046eb66280 0 0 1 0 0 2 1 15835 392
0x00007aca1fc3d300 0x000000046eb66300 0 1 1 0 0 2 1 15835 384
0x00007aca1fc3d380 0x000000046eb66380 0 1 1 0 0 2 1 15835 392
0x00007aca1fc3d400 0x000000046eb66400 0 0 0 0 0 2 1 15835 400
0x00007aca1fc3d480 0x000000046eb66480 0 0 0 0 0 2 1 15835 408
0x00007aca1fc3d500 0x000000046eb66500 0 1 0 0 0 2 1 15835 400
0x00007aca1fc3d580 0x000000046eb66580 0 1 0 0 0 2 1 15835 408
0x00007aca1fc3d600 0x000000046eb66600 0 0 1 0 0 2 1 15835 400
0x00007aca1fc3d680 0x000000046eb66680 0 0 1 0 0 2 1 15835 408
0x00007aca1fc3d700 0x000000046eb66700 0 1 1 0 0 2 1 15835 400
0x00007aca1fc3d780 0x000000046eb66780 0 1 1 0 0 2 1 15835 408
0x00007aca1fc3d800 0x000000046eb66800 0 0 0 0 0 2 1 15835 416
0x00007aca1fc3d880 0x000000046eb66880 0 0 0 0 0 2 1 15835 424
0x00007aca1fc3d900 0x000000046eb66900 0 1 0 0 0 2 1 15835 416
0x00007aca1fc3d980 0x000000046eb66980 0 1 0 0 0 2 1 15835 424
0x00007aca1fc3da00 0x000000046eb66a00 0 0 1 0 0 2 1 15835 416
0x00007aca1fc3da80 0x000000046eb66a80 0 0 1 0 0 2 1 15835 424
0x00007aca1fc3db00 0x000000046eb66b00 0 1 1 0 0 2 1 15835 416
0x00007aca1fc3db80 0x000000046eb66b80 0 1 1 0 0 2 1 15835 424
0x00007aca1fc3dc00 0x000000046eb66c00 0 0 0 0 0 2 1 15835 432
0x00007aca1fc3dc80 0x000000046eb66c80 0 0 0 0 0 2 1 15835 440
0x00007aca1fc3dd00 0x000000046eb66d00 0 1 0 0 0 2 1 15835 432
0x00007aca1fc3dd80 0x000000046eb66d80 0 1 0 0 0 2 1 15835 440
0x00007aca1fc3de00 0x000000046eb66e00 0 0 1 0 0 2 1 15835 432
0x00007aca1fc3de80 0x000000046eb66e80 0 0 1 0 0 2 1 15835 440
0x00007aca1fc3df00 0x000000046eb66f00 0 1 1 0 0 2 1 15835 432
0x00007aca1fc3df80 0x000000046eb66f80 0 1 1 0 0 2 1 15835 440
0x00007aca1fc41000 0x0000000f383f2000 0 0 0 0 0 2 1 59159 640
0x00007aca1fc41080 0x0000000f383f2080 0 0 0 0 0 2 1 59159 648
0x00007aca1fc41100 0x0000000f383f2100 0 1 0 0 0 2 1 59159 640
0x00007aca1fc41180 0x0000000f383f2180 0 1 0 0 0 2 1 59159 648
0x00007aca1fc41200 0x0000000f383f2200 0 0 1 0 0 2 1 59159 640
0x00007aca1fc41280 0x0000000f383f2280 0 0 1 0 0 2 1 59159 648
0x00007aca1fc41300 0x0000000f383f2300 0 1 1 0 0 2 1 59159 640
0x00007aca1fc41380 0x0000000f383f2380 0 1 1 0 0 2 1 59159 648
0x00007aca1fc41400 0x0000000f383f2400 0 0 0 0 0 2 1 59159 656
0x00007aca1fc41480 0x0000000f383f2480 0 0 0 0 0 2 1 59159 664
0x00007aca1fc41500 0x0000000f383f2500 0 1 0 0 0 2 1 59159 656
0x00007aca1fc41580 0x0000000f383f2580 0 1 0 0 0 2 1 59159 664
0x00007aca1fc41600 0x0000000f383f2600 0 0 1 0 0 2 1 59159 656
0x00007aca1fc41680 0x0000000f383f2680 0 0 1 0 0 2 1 59159 664
0x00007aca1fc41700 0x0000000f383f2700 0 1 1 0 0 2 1 59159 656
0x00007aca1fc41780 0x0000000f383f2780 0 1 1 0 0 2 1 59159 664
0x00007aca1fc41800 0x0000000f383f2800 0 0 0 0 0 2 1 59159 672
0x00007aca1fc41880 0x0000000f383f2880 0 0 0 0 0 2 1 59159 680
0x00007aca1fc41900 0x0000000f383f2900 0 1 0 0 0 2 1 59159 672
0x00007aca1fc41980 0x0000000f383f2980 0 1 0 0 0 2 1 59159 680
0x00007aca1fc41a00 0x0000000f383f2a00 0 0 1 0 0 2 1 59159 672
0x00007aca1fc41a80 0x0000000f383f2a80 0 0 1 0 0 2 1 59159 680
0x00007aca1fc41b00 0x0000000f383f2b00 0 1 1 0 0 2 1 59159 672
0x00007aca1fc41b80 0x0000000f383f2b80 0 1 1 0 0 2 1 59159 680
0x00007aca1fc41c00 0x0000000f383f2c00 0 0 0 0 0 2 1 59159 688
0x00007aca1fc41c80 0x0000000f383f2c80 0 0 0 0 0 2 1 59159 696
0x00007aca1fc41d00 0x0000000f383f2d00 0 1 0 0 0 2 1 59159 688
0x00007aca1fc41d80 0x0000000f383f2d80 0 1 0 0 0 2 1 59159 696
0x00007aca1fc41e00 0x0000000f383f2e00 0 0 1 0 0 2 1 59159 688
0x00007aca1fc41e80 0x0000000f383f2e80 0 0 1 0 0 2 1 59159 696
0x00007aca1fc41f00 0x0000000f383f2f00 0 1 1 0 0 2 1 59159 688
0x00007aca1fc41f80 0x0000000f383f2f80 0 1 1 0 0 2 1 59159 696
0x00007aca1fc42000 0x0000000f38391000 0 0 0 0 0 2 1 59156 576
0x00007aca1fc42080 0x0000000f38391080 0 0 0 0 0 2 1 59156 584
0x00007aca1fc42100 0x0000000f38391100 0 1 0 0 0 2 1 59156 576
0x00007aca1fc42180 0x0000000f38391180 0 1 0 0 0 2 1 59156 584
0x00007aca1fc42200 0x0000000f38391200 0 0 1 0 0 2 1 59156 576
0x00007aca1fc42280 0x0000000f38391280 0 0 1 0 0 2 1 59156 584
0x00007aca1fc42300 0x0000000f38391300 0 1 1 0 0 2 1 59156 576
0x00007aca1fc42380 0x0000000f38391380 0 1 1 0 0 2 1 59156 584
0x00007aca1fc42400 0x0000000f38391400 0 0 0 0 0 2 1 59156 592
0x00007aca1fc42480 0x0000000f38391480 0 0 0 0 0 2 1 59156 600
0x00007aca1fc42500 0x0000000f38391500 0 1 0 0 0 2 1 59156 592
0x00007aca1fc42580 0x0000000f38391580 0 1 0 0 0 2 1 59156 600
0x00007aca1fc42600 0x0000000f38391600 0 0 1 0 0 2 1 59156 592
0x00007aca1fc42680 0x0000000f38391680 0 0 1 0 0 2 1 59156 600
0x00007aca1fc42700 0x0000000f38391700 0 1 1 0 0 2 1 59156 592
0x00007aca1fc42780 0x0000000f38391780 0 1 1 0 0 2 1 59156 600
0x00007aca1fc42800 0x0000000f38391800 0 0 0 0 0 2 1 59156 608
0x00007aca1fc42880 0x0000000f38391880 0 0 0 0 0 2 1 59156 616
0x00007aca1fc42900 0x0000000f38391900 0 1 0 0 0 2 1 59156 608
0x00007aca1fc42980 0x0000000f38391980 0 1 0 0 0 2 1 59156 616
0x00007aca1fc42a00 0x0000000f38391a00 0 0 1 0 0 2 1 59156 608
0x00007aca1fc42a80 0x0000000f38391a80 0 0 1 0 0 2 1 59156 616
0x00007aca1fc42b00 0x0000000f38391b00 0 1 1 0 0 2 1 59156 608
0x00007aca1fc42b80 0x0000000f38391b80 0 1 1 0 0 2 1 59156 616
0x00007aca1fc42c00 0x0000000f38391c00 0 0 0 0 0 2 1 59156 624
0x00007aca1fc42c80 0x0000000f38391c80 0 0 0 0 0 2 1 59156 632
0x00007aca1fc42d00 0x0000000f38391d00 0 1 0 0 0 2 1 59156 624
0x00007aca1fc42d80 0x0000000f38391d80 0 1 0 0 0 2 1 59156 632
0x00007aca1fc42e00 0x0000000f38391e00 0 0 1 0 0 2 1 59156 624
0x00007aca1fc42e80 0x0000000f38391e80 0 0 1 0 0 2 1 59156 632
0x00007aca1fc42f00 0x0000000f38391f00 0 1 1 0 0 2 1 59156 624
0x00007aca1fc42f80 0x0000000f38391f80 0 1 1 0 0 2 1 59156 632
0x00007aca1fc45000 0x0000000f383c5000 0 0 0 0 0 2 1 59158 320
0x00007aca1fc45080 0x0000000f383c5080 0 0 0 0 0 2 1 59158 328
0x00007aca1fc45100 0x0000000f383c5100 0 1 0 0 0 2 1 59158 320
0x00007aca1fc45180 0x0000000f383c5180 0 1 0 0 0 2 1 59158 328
0x00007aca1fc45200 0x0000000f383c5200 0 0 1 0 0 2 1 59158 320
0x00007aca1fc45280 0x0000000f383c5280 0 0 1 0 0 2 1 59158 328
0x00007aca1fc45300 0x0000000f383c5300 0 1 1 0 0 2 1 59158 320
0x00007aca1fc45380 0x0000000f383c5380 0 1 1 0 0 2 1 59158 328
0x00007aca1fc45400 0x0000000f383c5400 0 0 0 0 0 2 1 59158 336
0x00007aca1fc45480 0x0000000f383c5480 0 0 0 0 0 2 1 59158 344
0x00007aca1fc45500 0x0000000f383c5500 0 1 0 0 0 2 1 59158 336
0x00007aca1fc45580 0x0000000f383c5580 0 1 0 0 0 2 1 59158 344
0x00007aca1fc45600 0x0000000f383c5600 0 0 1 0 0 2 1 59158 336
0x00007aca1fc45680 0x0000000f383c5680 0 0 1 0 0 2 1 59158 344
0x00007aca1fc45700 0x0000000f383c5700 0 1 1 0 0 2 1 59158 336
0x00007aca1fc45780 0x0000000f383c5780 0 1 1 0 0 2 1 59158 344
0x00007aca1fc45800 0x0000000f383c5800 0 0 0 0 0 2 1 59158 352
0x00007aca1fc45880 0x0000000f383c5880 0 0 0 0 0 2 1 59158 360
0x00007aca1fc45900 0x0000000f383c5900 0 1 0 0 0 2 1 59158 352
0x00007aca1fc45980 0x0000000f383c5980 0 1 0 0 0 2 1 59158 360
0x00007aca1fc45a00 0x0000000f383c5a00 0 0 1 0 0 2 1 59158 352
0x00007aca1fc45a80 0x0000000f383c5a80 0 0 1 0 0 2 1 59158 360
0x00007aca1fc45b00 0x0000000f383c5b00 0 1 1 0 0 2 1 59158 352
0x00007aca1fc45b80 0x0000000f383c5b80 0 1 1 0 0 2 1 59158 360
0x00007aca1fc45c00 0x0000000f383c5c00 0 0 0 0 0 2 1 59158 368
0x00007aca1fc45c80 0x0000000f383c5c80 0 0 0 0 0 2 1 59158 376
0x00007aca1fc45d00 0x0000000f383c5d00 0 1 0 0 0 2 1 59158 368
0x00007aca1fc45d80 0x0000000f383c5d80 0 1 0 0 0 2 1 59158 376
0x00007aca1fc45e00 0x0000000f383c5e00 0 0 1 0 0 2 1 59158 368
0x00007aca1fc45e80 0x0000000f383c5e80 0 0 1 0 0 2 1 59158 376
0x00007aca1fc45f00 0x0000000f383c5f00 0 1 1 0 0 2 1 59158 368
0x00007aca1fc45f80 0x0000000f383c5f80 0 1 1 0 0 2 1 59158 376
0x00007aca1fc46000 0x0000000f38399000 0 0 0 0 1 2 1 59156 576
0x00007aca1fc46080 0x0000000f38399080 0 0 0 0 1 2 1 59156 584
0x00007aca1fc46100 0x0000000f38399100 0 1 0 0 1 2 1 59156 576
0x00007aca1fc46180 0x0000000f38399180 0 1 0 0 1 2 1 59156 584
0x00007aca1fc46200 0x0000000f38399200 0 0 1 0 1 2 1 59156 576
0x00007aca1fc46280 0x0000000f38399280 0 0 1 0 1 2 1 59156 584
0x00007aca1fc46300 0x0000000f38399300 0 1 1 0 1 2 1 59156 576
0x00007aca1fc46380 0x0000000f38399380 0 1 1 0 1 2 1 59156 584
0x00007aca1fc46400 0x0000000f38399400 0 0 0 0 1 2 1 59156 592
0x00007aca1fc46480 0x0000000f38399480 0 0 0 0 1 2 1 59156 600
0x00007aca1fc46500 0x0000000f38399500 0 1 0 0 1 2 1 59156 592
0x00007aca1fc46580 0x0000000f38399580 0 1 0 0 1 2 1 59156 600
0x00007aca1fc46600 0x0000000f38399600 0 0 1 0 1 2 1 59156 592
0x00007aca1fc46680 0x0000000f38399680 0 0 1 0 1 2 1 59156 600
0x00007aca1fc46700 0x0000000f38399700 0 1 1 0 1 2 1 59156 592
0x00007aca1fc46780 0x0000000f38399780 0 1 1 0 1 2 1 59156 600
0x00007aca1fc46800 0x0000000f38399800 0 0 0 0 1 2 1 59156 608
0x00007aca1fc46880 0x0000000f38399880 0 0 0 0 1 2 1 59156 616
0x00007aca1fc46900 0x0000000f38399900 0 1 0 0 1 2 1 59156 608
0x00007aca1fc46980 0x0000000f38399980 0 1 0 0 1 2 1 59156 616
0x00007aca1fc46a00 0x0000000f38399a00 0 0 1 0 1 2 1 59156 608
0x00007aca1fc46a80 0x0000000f38399a80 0 0 1 0 1 2 1 59156 616
0x00007aca1fc46b00 0x0000000f38399b00 0 1 1 0 1 2 1 59156 608
0x00007aca1fc46b80 0x0000000f38399b80 0 1 1 0 1 2 1 59156 616
0x00007aca1fc46c00 0x0000000f38399c00 0 0 0 0 1 2 1 59156 624
0x00007aca1fc46c80 0x0000000f38399c80 0 0 0 0 1 2 1 59156 632
0x00007aca1fc46d00 0x0000000f38399d00 0 1 0 0 1 2 1 59156 624
0x00007aca1fc46d80 0x0000000f38399d80 0 1 0 0 1 2 1 59156 632
0x00007aca1fc46e00 0x0000000f38399e00 0 0 1 0 1 2 1 59156 624
0x00007aca1fc46e80 0x0000000f38399e80 0 0 1 0 1 2 1 59156 632
0x00007aca1fc46f00 0x0000000f38399f00 0 1 1 0 1 2 1 59156 624
0x00007aca1fc46f80 0x0000000f38399f80 0 1 1 0 1 2 1 59156 632
0x00007aca1fc4d000 0x0000000f38307000 0 0 0 0 0 2 1 59152 448
0x00007aca1fc4d080 0x0000000f38307080 0 0 0 0 0 2 1 59152 456
0x00007aca1fc4d100 0x0000000f38307100 0 1 0 0 0 2 1 59152 448
0x00007aca1fc4d180 0x0000000f38307180 0 1 0 0 0 2 1 59152 456
0x00007aca1fc4d200 0x0000000f38307200 0 0 1 0 0 2 1 59152 448
0x00007aca1fc4d280 0x0000000f38307280 0 0 1 0 0 2 1 59152 456
0x00007aca1fc4d300 0x0000000f38307300 0 1 1 0 0 2 1 59152 448
0x00007aca1fc4d380 0x0000000f38307380 0 1 1 0 0 2 1 59152 456
0x00007aca1fc4d400 0x0000000f38307400 0 0 0 0 0 2 1 59152 464
0x00007aca1fc4d480 0x0000000f38307480 0 0 0 0 0 2 1 59152 472
0x00007aca1fc4d500 0x0000000f38307500 0 1 0 0 0 2 1 59152 464
0x00007aca1fc4d580 0x0000000f38307580 0 1 0 0 0 2 1 59152 472
0x00007aca1fc4d600 0x0000000f38307600 0 0 1 0 0 2 1 59152 464
0x00007aca1fc4d680 0x0000000f38307680 0 0 1 0 0 2 1 59152 472
0x00007aca1fc4d700 0x0000000f38307700 0 1 1 0 0 2 1 59152 464
0x00007aca1fc4d780 0x0000000f38307780 0 1 1 0 0 2 1 59152 472
0x00007aca1fc4d800 0x0000000f38307800 0 0 0 0 0 2 1 59152 480
0x00007aca1fc4d880 0x0000000f38307880 0 0 0 0 0 2 1 59152 488
0x00007aca1fc4d900 0x0000000f38307900 0 1 0 0 0 2 1 59152 480
0x00007aca1fc4d980 0x0000000f38307980 0 1 0 0 0 2 1 59152 488
0x00007aca1fc4da00 0x0000000f38307a00 0 0 1 0 0 2 1 59152 480
0x00007aca1fc4da80 0x0000000f38307a80 0 0 1 0 0 2 1 59152 488
0x00007aca1fc4db00 0x0000000f38307b00 0 1 1 0 0 2 1 59152 480
0x00007aca1fc4db80 0x0000000f38307b80 0 1 1 0 0 2 1 59152 488
0x00007aca1fc4dc00 0x0000000f38307c00 0 0 0 0 0 2 1 59152 496
0x00007aca1fc4dc80 0x0000000f38307c80 0 0 0 0 0 2 1 59152 504
0x00007aca1fc4dd00 0x0000000f38307d00 0 1 0 0 0 2 1 59152 496
0x00007aca1fc4dd80 0x0000000f38307d80 0 1 0 0 0 2 1 59152 504
0x00007aca1fc4de00 0x0000000f38307e00 0 0 1 0 0 2 1 59152 496
0x00007aca1fc4de80 0x0000000f38307e80 0 0 1 0 0 2 1 59152 504
0x00007aca1fc4df00 0x0000000f38307f00 0 1 1 0 0 2 1 59152 496
0x00007aca1fc4df80 0x0000000f38307f80 0 1 1 0 0 2 1 59152 504
0x00007aca1fc51000 0x0000000f383ca000 0 0 0 0 1 2 1 59158 128
0x00007aca1fc51080 0x0000000f383ca080 0 0 0 0 1 2 1 59158 136
0x00007aca1fc51100 0x0000000f383ca100 0 1 0 0 1 2 1 59158 128
0x00007aca1fc51180 0x0000000f383ca180 0 1 0 0 1 2 1 59158 136
0x00007aca1fc51200 0x0000000f383ca200 0 0 1 0 1 2 1 59158 128
0x00007aca1fc51280 0x0000000f383ca280 0 0 1 0 1 2 1 59158 136
0x00007aca1fc51300 0x0000000f383ca300 0 1 1 0 1 2 1 59158 128
0x00007aca1fc51380 0x0000000f383ca380 0 1 1 0 1 2 1 59158 136
0x00007aca1fc51400 0x0000000f383ca400 0 0 0 0 1 2 1 59158 144
0x00007aca1fc51480 0x0000000f383ca480 0 0 0 0 1 2 1 59158 152
0x00007aca1fc51500 0x0000000f383ca500 0 1 0 0 1 2 1 59158 144
0x00007aca1fc51580 0x0000000f383ca580 0 1 0 0 1 2 1 59158 152
0x00007aca1fc51600 0x0000000f383ca600 0 0 1 0 1 2 1 59158 144
0x00007aca1fc51680 0x0000000f383ca680 0 0 1 0 1 2 1 59158 152
0x00007aca1fc51700 0x0000000f383ca700 0 1 1 0 1 2 1 59158 144
0x00007aca1fc51780 0x0000000f383ca780 0 1 1 0 1 2 1 59158 152
0x00007aca1fc51800 0x0000000f383ca800 0 0 0 0 1 2 1 59158 160
0x00007aca1fc51880 0x0000000f383ca880 0 0 0 0 1 2 1 59158 168
0x00007aca1fc51900 0x0000000f383ca900 0 1 0 0 1 2 1 59158 160
0x00007aca1fc51980 0x0000000f383ca980 0 1 0 0 1 2 1 59158 168
0x00007aca1fc51a00 0x0000000f383caa00 0 0 1 0 1 2 1 59158 160
0x00007aca1fc51a80 0x0000000f383caa80 0 0 1 0 1 2 1 59158 168
0x00007aca1fc51b00 0x0000000f383cab00 0 1 1 0 1 2 1 59158 160
0x00007aca1fc51b80 0x0000000f383cab80 0 1 1 0 1 2 1 59158 168
0x00007aca1fc51c00 0x0000000f383cac00 0 0 0 0 1 2 1 59158 176
0x00007aca1fc51c80 0x0000000f383cac80 0 0 0 0 1 2 1 59158 184
0x00007aca1fc51d00 0x0000000f383cad00 0 1 0 0 1 2 1 59158 176
0x00007aca1fc51d80 0x0000000f383cad80 0 1 0 0 1 2 1 59158 184
0x00007aca1fc51e00 0x0000000f383cae00 0 0 1 0 1 2 1 59158 176
0x00007aca1fc51e80 0x0000000f383cae80 0 0 1 0 1 2 1 59158 184
0x00007aca1fc51f00 0x0000000f383caf00 0 1 1 0 1 2 1 59158 176
0x00007aca1fc51f80 0x0000000f383caf80 0 1 1 0 1 2 1 59158 184
0x00007aca1fc53000 0x00000007f6b0c000 0 0 0 0 1 2 1 32456 256
0x00007aca1fc53080 0x00000007f6b0c080 0 0 0 0 1 2 1 32456 264
0x00007aca1fc53100 0x00000007f6b0c100 0 1 0 0 1 2 1 32456 256
0x00007aca1fc53180 0x00000007f6b0c180 0 1 0 0 1 2 1 32456 264
0x00007aca1fc53200 0x00000007f6b0c200 0 0 1 0 1 2 1 32456 256
0x00007aca1fc53280 0x00000007f6b0c280 0 0 1 0 1 2 1 32456 264
0x00007aca1fc53300 0x00000007f6b0c300 0 1 1 0 1 2 1 32456 256
0x00007aca1fc53380 0x00000007f6b0c380 0 1 1 0 1 2 1 32456 264
0x00007aca1fc53400 0x00000007f6b0c400 0 0 0 0 1 2 1 32456 272
0x00007aca1fc53480 0x00000007f6b0c480 0 0 0 0 1 2 1 32456 280
0x00007aca1fc53500 0x00000007f6b0c500 0 1 0 0 1 2 1 32456 272
0x00007aca1fc53580 0x00000007f6b0c580 0 1 0 0 1 2 1 32456 280
0x00007aca1fc53600 0x00000007f6b0c600 0 0 1 0 1 2 1 32456 272
0x00007aca1fc53680 0x00000007f6b0c680 0 0 1 0 1 2 1 32456 280
0x00007aca1fc53700 0x00000007f6b0c700 0 1 1 0 1 2 1 32456 272
0x00007aca1fc53780 0x00000007f6b0c780 0 1 1 0 1 2 1 32456 280
0x00007aca1fc53800 0x00000007f6b0c800 0 0 0 0 1 2 1 32456 288
0x00007aca1fc53880 0x00000007f6b0c880 0 0 0 0 1 2 1 32456 296
0x00007aca1fc53900 0x00000007f6b0c900 0 1 0 0 1 2 1 32456 288
0x00007aca1fc53980 0x00000007f6b0c980 0 1 0 0 1 2 1 32456 296
0x00007aca1fc53a00 0x00000007f6b0ca00 0 0 1 0 1 2 1 32456 288
0x00007aca1fc53a80 0x00000007f6b0ca80 0 0 1 0 1 2 1 32456 296
0x00007aca1fc53b00 0x00000007f6b0cb00 0 1 1 0 1 2 1 32456 288
0x00007aca1fc53b80 0x00000007f6b0cb80 0 1 1 0 1 2 1 32456 296
0x00007aca1fc53c00 0x00000007f6b0cc00 0 0 0 0 1 2 1 32456 304
0x00007aca1fc53c80 0x00000007f6b0cc80 0 0 0 0 1 2 1 32456 312
0x00007aca1fc53d00 0x00000007f6b0cd00 0 1 0 0 1 2 1 32456 304
0x00007aca1fc53d80 0x00000007f6b0cd80 0 1 0 0 1 2 1 32456 312
0x00007aca1fc53e00 0x00000007f6b0ce00 0 0 1 0 1 2 1 32456 304
0x00007aca1fc53e80 0x00000007f6b0ce80 0 0 1 0 1 2 1 32456 312
0x00007aca1fc53f00 0x00000007f6b0cf00 0 1 1 0 1 2 1 32456 304
0x00007aca1fc53f80 0x00000007f6b0cf80 0 1 1 0 1 2 1 32456 312
0x00007aca1fc54000 0x0000000f38304000 0 0 0 0 0 2 1 59152 256
0x00007aca1fc54080 0x0000000f38304080 0 0 0 0 0 2 1 59152 264
0x00007aca1fc54100 0x0000000f38304100 0 1 0 0 0 2 1 59152 256
0x00007aca1fc54180 0x0000000f38304180 0 1 0 0 0 2 1 59152 264
0x00007aca1fc54200 0x0000000f38304200 0 0 1 0 0 2 1 59152 256
0x00007aca1fc54280 0x0000000f38304280 0 0 1 0 0 2 1 59152 264
0x00007aca1fc54300 0x0000000f38304300 0 1 1 0 0 2 1 59152 256
0x00007aca1fc54380 0x0000000f38304380 0 1 1 0 0 2 1 59152 264
0x00007aca1fc54400 0x0000000f38304400 0 0 0 0 0 2 1 59152 272
0x00007aca1fc54480 0x0000000f38304480 0 0 0 0 0 2 1 59152 280
0x00007aca1fc54500 0x0000000f38304500 0 1 0 0 0 2 1 59152 272
0x00007aca1fc54580 0x0000000f38304580 0 1 0 0 0 2 1 59152 280
0x00007aca1fc54600 0x0000000f38304600 0 0 1 0 0 2 1 59152 272
0x00007aca1fc54680 0x0000000f38304680 0 0 1 0 0 2 1 59152 280
0x00007aca1fc54700 0x0000000f38304700 0 1 1 0 0 2 1 59152 272
0x00007aca1fc54780 0x0000000f38304780 0 1 1 0 0 2 1 59152 280
0x00007aca1fc54800 0x0000000f38304800 0 0 0 0 0 2 1 59152 288
0x00007aca1fc54880 0x0000000f38304880 0 0 0 0 0 2 1 59152 296
0x00007aca1fc54900 0x0000000f38304900 0 1 0 0 0 2 1 59152 288
0x00007aca1fc54980 0x0000000f38304980 0 1 0 0 0 2 1 59152 296
0x00007aca1fc54a00 0x0000000f38304a00 0 0 1 0 0 2 1 59152 288
0x00007aca1fc54a80 0x0000000f38304a80 0 0 1 0 0 2 1 59152 296
0x00007aca1fc54b00 0x0000000f38304b00 0 1 1 0 0 2 1 59152 288
0x00007aca1fc54b80 0x0000000f38304b80 0 1 1 0 0 2 1 59152 296
0x00007aca1fc54c00 0x0000000f38304c00 0 0 0 0 0 2 1 59152 304
0x00007aca1fc54c80 0x0000000f38304c80 0 0 0 0 0 2 1 59152 312
0x00007aca1fc54d00 0x0000000f38304d00 0 1 0 0 0 2 1 59152 304
0x00007aca1fc54d80 0x0000000f38304d80 0 1 0 0 0 2 1 59152 312
0x00007aca1fc54e00 0x0000000f38304e00 0 0 1 0 0 2 1 59152 304
0x00007aca1fc54e80 0x0000000f38304e80 0 0 1 0 0 2 1 59152 312
0x00007aca1fc54f00 0x0000000f38304f00 0 1 1 0 0 2 1 59152 304
0x00007aca1fc54f80 0x0000000f38304f80 0 1 1 0 0 2 1 59152 312
0x00007aca1fc55000 0x0000000f38347000 0 0 0 0 0 2 1 59154 448
0x00007aca1fc55080 0x0000000f38347080 0 0 0 0 0 2 1 59154 456
0x00007aca1fc55100 0x0000000f38347100 0 1 0 0 0 2 1 59154 448
0x00007aca1fc55180 0x0000000f38347180 0 1 0 0 0 2 1 59154 456
0x00007aca1fc55200 0x0000000f38347200 0 0 1 0 0 2 1 59154 448
0x00007aca1fc55280 0x0000000f38347280 0 0 1 0 0 2 1 59154 456
0x00007aca1fc55300 0x0000000f38347300 0 1 1 0 0 2 1 59154 448
0x00007aca1fc55380 0x0000000f38347380 0 1 1 0 0 2 1 59154 456
0x00007aca1fc55400 0x0000000f38347400 0 0 0 0 0 2 1 59154 464
0x00007aca1fc55480 0x0000000f38347480 0 0 0 0 0 2 1 59154 472
0x00007aca1fc55500 0x0000000f38347500 0 1 0 0 0 2 1 59154 464
0x00007aca1fc55580 0x0000000f38347580 0 1 0 0 0 2 1 59154 472
0x00007aca1fc55600 0x0000000f38347600 0 0 1 0 0 2 1 59154 464
0x00007aca1fc55680 0x0000000f38347680 0 0 1 0 0 2 1 59154 472
0x00007aca1fc55700 0x0000000f38347700 0 1 1 0 0 2 1 59154 464
0x00007aca1fc55780 0x0000000f38347780 0 1 1 0 0 2 1 59154 472
0x00007aca1fc55800 0x0000000f38347800 0 0 0 0 0 2 1 59154 480
0x00007aca1fc55880 0x0000000f38347880 0 0 0 0 0 2 1 59154 488
0x00007aca1fc55900 0x0000000f38347900 0 1 0 0 0 2 1 59154 480
0x00007aca1fc55980 0x0000000f38347980 0 1 0 0 0 2 1 59154 488
0x00007aca1fc55a00 0x0000000f38347a00 0 0 1 0 0 2 1 59154 480
0x00007aca1fc55a80 0x0000000f38347a80 0 0 1 0 0 2 1 59154 488
0x00007aca1fc55b00 0x0000000f38347b00 0 1 1 0 0 2 1 59154 480
0x00007aca1fc55b80 0x0000000f38347b80 0 1 1 0 0 2 1 59154 488
0x00007aca1fc55c00 0x0000000f38347c00 0 0 0 0 0 2 1 59154 496
0x00007aca1fc55c80 0x0000000f38347c80 0 0 0 0 0 2 1 59154 504
0x00007aca1fc55d00 0x0000000f38347d00 0 1 0 0 0 2 1 59154 496
0x00007aca1fc55d80 0x0000000f38347d80 0 1 0 0 0 2 1 59154 504
0x00007aca1fc55e00 0x0000000f38347e00 0 0 1 0 0 2 1 59154 496
0x00007aca1fc55e80 0x0000000f38347e80 0 0 1 0 0 2 1 59154 504
0x00007aca1fc55f00 0x0000000f38347f00 0 1 1 0 0 2 1 59154 496
0x00007aca1fc55f80 0x0000000f38347f80 0 1 1 0 0 2 1 59154 504
0x00007aca1fc6e000 0x00000004253e6000 0 0 0 0 0 2 1 13495 384
0x00007aca1fc6e080 0x00000004253e6080 0 0 0 0 0 2 1 13495 392
0x00007aca1fc6e100 0x00000004253e6100 0 1 0 0 0 2 1 13495 384
0x00007aca1fc6e180 0x00000004253e6180 0 1 0 0 0 2 1 13495 392
0x00007aca1fc6e200 0x00000004253e6200 0 0 1 0 0 2 1 13495 384
0x00007aca1fc6e280 0x00000004253e6280 0 0 1 0 0 2 1 13495 392
0x00007aca1fc6e300 0x00000004253e6300 0 1 1 0 0 2 1 13495 384
0x00007aca1fc6e380 0x00000004253e6380 0 1 1 0 0 2 1 13495 392
0x00007aca1fc6e400 0x00000004253e6400 0 0 0 0 0 2 1 13495 400
0x00007aca1fc6e480 0x00000004253e6480 0 0 0 0 0 2 1 13495 408
0x00007aca1fc6e500 0x00000004253e6500 0 1 0 0 0 2 1 13495 400
0x00007aca1fc6e580 0x00000004253e6580 0 1 0 0 0 2 1 13495 408
0x00007aca1fc6e600 0x00000004253e6600 0 0 1 0 0 2 1 13495 400
0x00007aca1fc6e680 0x00000004253e6680 0 0 1 0 0 2 1 13495 408
0x00007aca1fc6e700 0x00000004253e6700 0 1 1 0 0 2 1 13495 400
0x00007aca1fc6e780 0x00000004253e6780 0 1 1 0 0 2 1 13495 408
0x00007aca1fc6e800 0x00000004253e6800 0 0 0 0 0 2 1 13495 416
0x00007aca1fc6e880 0x00000004253e6880 0 0 0 0 0 2 1 13495 424
0x00007aca1fc6e900 0x00000004253e6900 0 1 0 0 0 2 1 13495 416
0x00007aca1fc6e980 0x00000004253e6980 0 1 0 0 0 2 1 13495 424
0x00007aca1fc6ea00 0x00000004253e6a00 0 0 1 0 0 2 1 13495 416
0x00007aca1fc6ea80 0x00000004253e6a80 0 0 1 0 0 2 1 13495 424
0x00007aca1fc6eb00 0x00000004253e6b00 0 1 1 0 0 2 1 13495 416
0x00007aca1fc6eb80 0x00000004253e6b80 0 1 1 0 0 2 1 13495 424
0x00007aca1fc6ec00 0x00000004253e6c00 0 0 0 0 0 2 1 13495 432
0x00007aca1fc6ec80 0x00000004253e6c80 0 0 0 0 0 2 1 13495 440
0x00007aca1fc6ed00 0x00000004253e6d00 0 1 0 0 0 2 1 13495 432
0x00007aca1fc6ed80 0x00000004253e6d80 0 1 0 0 0 2 1 13495 440
0x00007aca1fc6ee00 0x00000004253e6e00 0 0 1 0 0 2 1 13495 432
0x00007aca1fc6ee80 0x00000004253e6e80 0 0 1 0 0 2 1 13495 440
0x00007aca1fc6ef00 0x00000004253e6f00 0 1 1 0 0 2 1 13495 432
0x00007aca1fc6ef80 0x00000004253e6f80 0 1 1 0 0 2 1 13495 440
0x00007aca1fc7a000 0x0000000c843f7000 0 0 0 0 0 2 1 49287 960
0x00007aca1fc7a080 0x0000000c843f7080 0 0 0 0 0 2 1 49287 968
0x00007aca1fc7a100 0x0000000c843f7100 0 1 0 0 0 2 1 49287 960
0x00007aca1fc7a180 0x0000000c843f7180 0 1 0 0 0 2 1 49287 968
0x00007aca1fc7a200 0x0000000c843f7200 0 0 1 0 0 2 1 49287 960
0x00007aca1fc7a280 0x0000000c843f7280 0 0 1 0 0 2 1 49287 968
0x00007aca1fc7a300 0x0000000c843f7300 0 1 1 0 0 2 1 49287 960
0x00007aca1fc7a380 0x0000000c843f7380 0 1 1 0 0 2 1 49287 968
0x00007aca1fc7a400 0x0000000c843f7400 0 0 0 0 0 2 1 49287 976
0x00007aca1fc7a480 0x0000000c843f7480 0 0 0 0 0 2 1 49287 984
0x00007aca1fc7a500 0x0000000c843f7500 0 1 0 0 0 2 1 49287 976
0x00007aca1fc7a580 0x0000000c843f7580 0 1 0 0 0 2 1 49287 984
0x00007aca1fc7a600 0x0000000c843f7600 0 0 1 0 0 2 1 49287 976
0x00007aca1fc7a680 0x0000000c843f7680 0 0 1 0 0 2 1 49287 984
0x00007aca1fc7a700 0x0000000c843f7700 0 1 1 0 0 2 1 49287 976
0x00007aca1fc7a780 0x0000000c843f7780 0 1 1 0 0 2 1 49287 984
0x00007aca1fc7a800 0x0000000c843f7800 0 0 0 0 0 2 1 49287 992
0x00007aca1fc7a880 0x0000000c843f7880 0 0 0 0 0 2 1 49287 1000
0x00007aca1fc7a900 0x0000000c843f7900 0 1 0 0 0 2 1 49287 992
0x00007aca1fc7a980 0x0000000c843f7980 0 1 0 0 0 2 1 49287 1000
0x00007aca1fc7aa00 0x0000000c843f7a00 0 0 1 0 0 2 1 49287 992
0x00007aca1fc7aa80 0x0000000c843f7a80 0 0 1 0 0 2 1 49287 1000
0x00007aca1fc7ab00 0x0000000c843f7b00 0 1 1 0 0 2 1 49287 992
0x00007aca1fc7ab80 0x0000000c843f7b80 0 1 1 0 0 2 1 49287 1000
0x00007aca1fc7ac00 0x0000000c843f7c00 0 0 0 0 0 2 1 49287 1008
0x00007aca1fc7ac80 0x0000000c843f7c80 0 0 0 0 0 2 1 49287 1016
0x00007aca1fc7ad00 0x0000000c843f7d00 0 1 0 0 0 2 1 49287 1008
0x00007aca1fc7ad80 0x0000000c843f7d80 0 1 0 0 0 2 1 49287 1016
0x00007aca1fc7ae00 0x0000000c843f7e00 0 0 1 0 0 2 1 49287 1008
0x00007aca1fc7ae80 0x0000000c843f7e80 0 0 1 0 0 2 1 49287 1016
0x00007aca1fc7af00 0x0000000c843f7f00 0 1 1 0 0 2 1 49287 1008
0x00007aca1fc7af80 0x0000000c843f7f80 0 1 1 0 0 2 1 49287 1016
0x00007aca1fc7e000 0x0000000eb43b2000 0 0 0 0 0 2 1 59013 640
0x00007aca1fc7e080 0x0000000eb43b2080 0 0 0 0 0 2 1 59013 648
0x00007aca1fc7e100 0x0000000eb43b2100 0 1 0 0 0 2 1 59013 640
0x00007aca1fc7e180 0x0000000eb43b2180 0 1 0 0 0 2 1 59013 648
0x00007aca1fc7e200 0x0000000eb43b2200 0 0 1 0 0 2 1 59013 640
0x00007aca1fc7e280 0x0000000eb43b2280 0 0 1 0 0 2 1 59013 648
0x00007aca1fc7e300 0x0000000eb43b2300 0 1 1 0 0 2 1 59013 640
0x00007aca1fc7e380 0x0000000eb43b2380 0 1 1 0 0 2 1 59013 648
0x00007aca1fc7e400 0x0000000eb43b2400 0 0 0 0 0 2 1 59013 656
0x00007aca1fc7e480 0x0000000eb43b2480 0 0 0 0 0 2 1 59013 664
0x00007aca1fc7e500 0x0000000eb43b2500 0 1 0 0 0 2 1 59013 656
0x00007aca1fc7e580 0x0000000eb43b2580 0 1 0 0 0 2 1 59013 664
0x00007aca1fc7e600 0x0000000eb43b2600 0 0 1 0 0 2 1 59013 656
0x00007aca1fc7e680 0x0000000eb43b2680 0 0 1 0 0 2 1 59013 664
0x00007aca1fc7e700 0x0000000eb43b2700 0 1 1 0 0 2 1 59013 656
0x00007aca1fc7e780 0x0000000eb43b2780 0 1 1 0 0 2 1 59013 664
0x00007aca1fc7e800 0x0000000eb43b2800 0 0 0 0 0 2 1 59013 672
0x00007aca1fc7e880 0x0000000eb43b2880 0 0 0 0 0 2 1 59013 680
0x00007aca1fc7e900 0x0000000eb43b2900 0 1 0 0 0 2 1 59013 672
0x00007aca1fc7e980 0x0000000eb43b2980 0 1 0 0 0 2 1 59013 680
0x00007aca1fc7ea00 0x0000000eb43b2a00 0 0 1 0 0 2 1 59013 672
0x00007aca1fc7ea80 0x0000000eb43b2a80 0 0 1 0 0 2 1 59013 680
0x00007aca1fc7eb00 0x0000000eb43b2b00 0 1 1 0 0 2 1 59013 672
0x00007aca1fc7eb80 0x0000000eb43b2b80 0 1 1 0 0 2 1 59013 680
0x00007aca1fc7ec00 0x0000000eb43b2c00 0 0 0 0 0 2 1 59013 688
0x00007aca1fc7ec80 0x0000000eb43b2c80 0 0 0 0 0 2 1 59013 696
0x00007aca1fc7ed00 0x0000000eb43b2d00 0 1 0 0 0 2 1 59013 688
0x00007aca1fc7ed80 0x0000000eb43b2d80 0 1 0 0 0 2 1 59013 696
0x00007aca1fc7ee00 0x0000000eb43b2e00 0 0 1 0 0 2 1 59013 688
0x00007aca1fc7ee80 0x0000000eb43b2e80 0 0 1 0 0 2 1 59013 696
0x00007aca1fc7ef00 0x0000000eb43b2f00 0 1 1 0 0 2 1 59013 688
0x00007aca1fc7ef80 0x0000000eb43b2f80 0 1 1 0 0 2 1 59013 696
0x00007aca1fc80000 0x0000000da5b44000 0 0 0 0 0 2 1 54442 256
0x00007aca1fc80080 0x0000000da5b44080 0 0 0 0 0 2 1 54442 264
0x00007aca1fc80100 0x0000000da5b44100 0 1 0 0 0 2 1 54442 256
0x00007aca1fc80180 0x0000000da5b44180 0 1 0 0 0 2 1 54442 264
0x00007aca1fc80200 0x0000000da5b44200 0 0 1 0 0 2 1 54442 256
0x00007aca1fc80280 0x0000000da5b44280 0 0 1 0 0 2 1 54442 264
0x00007aca1fc80300 0x0000000da5b44300 0 1 1 0 0 2 1 54442 256
0x00007aca1fc80380 0x0000000da5b44380 0 1 1 0 0 2 1 54442 264
0x00007aca1fc80400 0x0000000da5b44400 0 0 0 0 0 2 1 54442 272
0x00007aca1fc80480 0x0000000da5b44480 0 0 0 0 0 2 1 54442 280
0x00007aca1fc80500 0x0000000da5b44500 0 1 0 0 0 2 1 54442 272
0x00007aca1fc80580 0x0000000da5b44580 0 1 0 0 0 2 1 54442 280
0x00007aca1fc80600 0x0000000da5b44600 0 0 1 0 0 2 1 54442 272
0x00007aca1fc80680 0x0000000da5b44680 0 0 1 0 0 2 1 54442 280
0x00007aca1fc80700 0x0000000da5b44700 0 1 1 0 0 2 1 54442 272
0x00007aca1fc80780 0x0000000da5b44780 0 1 1 0 0 2 1 54442 280
0x00007aca1fc80800 0x0000000da5b44800 0 0 0 0 0 2 1 54442 288
0x00007aca1fc80880 0x0000000da5b44880 0 0 0 0 0 2 1 54442 296
0x00007aca1fc80900 0x0000000da5b44900 0 1 0 0 0 2 1 54442 288
0x00007aca1fc80980 0x0000000da5b44980 0 1 0 0 0 2 1 54442 296
0x00007aca1fc80a00 0x0000000da5b44a00 0 0 1 0 0 2 1 54442 288
0x00007aca1fc80a80 0x0000000da5b44a80 0 0 1 0 0 2 1 54442 296
0x00007aca1fc80b00 0x0000000da5b44b00 0 1 1 0 0 2 1 54442 288
0x00007aca1fc80b80 0x0000000da5b44b80 0 1 1 0 0 2 1 54442 296
0x00007aca1fc80c00 0x0000000da5b44c00 0 0 0 0 0 2 1 54442 304
0x00007aca1fc80c80 0x0000000da5b44c80 0 0 0 0 0 2 1 54442 312
0x00007aca1fc80d00 0x0000000da5b44d00 0 1 0 0 0 2 1 54442 304
0x00007aca1fc80d80 0x0000000da5b44d80 0 1 0 0 0 2 1 54442 312
0x00007aca1fc80e00 0x0000000da5b44e00 0 0 1 0 0 2 1 54442 304
0x00007aca1fc80e80 0x0000000da5b44e80 0 0 1 0 0 2 1 54442 312
0x00007aca1fc80f00 0x0000000da5b44f00 0 1 1 0 0 2 1 54442 304
0x00007aca1fc80f80 0x0000000da5b44f80 0 1 1 0 0 2 1 54442 312
0x00007aca1fc87000 0x00000008fb336000 0 0 0 0 0 2 1 36705 896
0x00007aca1fc87080 0x00000008fb336080 0 0 0 0 0 2 1 36705 904
0x00007aca1fc87100 0x00000008fb336100 0 1 0 0 0 2 1 36705 896
0x00007aca1fc87180 0x00000008fb336180 0 1 0 0 0 2 1 36705 904
0x00007aca1fc87200 0x00000008fb336200 0 0 1 0 0 2 1 36705 896
0x00007aca1fc87280 0x00000008fb336280 0 0 1 0 0 2 1 36705 904
0x00007aca1fc87300 0x00000008fb336300 0 1 1 0 0 2 1 36705 896
0x00007aca1fc87380 0x00000008fb336380 0 1 1 0 0 2 1 36705 904
0x00007aca1fc87400 0x00000008fb336400 0 0 0 0 0 2 1 36705 912
0x00007aca1fc87480 0x00000008fb336480 0 0 0 0 0 2 1 36705 920
0x00007aca1fc87500 0x00000008fb336500 0 1 0 0 0 2 1 36705 912
0x00007aca1fc87580 0x00000008fb336580 0 1 0 0 0 2 1 36705 920
0x00007aca1fc87600 0x00000008fb336600 0 0 1 0 0 2 1 36705 912
0x00007aca1fc87680 0x00000008fb336680 0 0 1 0 0 2 1 36705 920
0x00007aca1fc87700 0x00000008fb336700 0 1 1 0 0 2 1 36705 912
0x00007aca1fc87780 0x00000008fb336780 0 1 1 0 0 2 1 36705 920
0x00007aca1fc87800 0x00000008fb336800 0 0 0 0 0 2 1 36705 928
0x00007aca1fc87880 0x00000008fb336880 0 0 0 0 0 2 1 36705 936
0x00007aca1fc87900 0x00000008fb336900 0 1 0 0 0 2 1 36705 928
0x00007aca1fc87980 0x00000008fb336980 0 1 0 0 0 2 1 36705 936
0x00007aca1fc87a00 0x00000008fb336a00 0 0 1 0 0 2 1 36705 928
0x00007aca1fc87a80 0x00000008fb336a80 0 0 1 0 0 2 1 36705 936
0x00007aca1fc87b00 0x00000008fb336b00 0 1 1 0 0 2 1 36705 928
0x00007aca1fc87b80 0x00000008fb336b80 0 1 1 0 0 2 1 36705 936
0x00007aca1fc87c00 0x00000008fb336c00 0 0 0 0 0 2 1 36705 944
0x00007aca1fc87c80 0x00000008fb336c80 0 0 0 0 0 2 1 36705 952
0x00007aca1fc87d00 0x00000008fb336d00 0 1 0 0 0 2 1 36705 944
0x00007aca1fc87d80 0x00000008fb336d80 0 1 0 0 0 2 1 36705 952
0x00007aca1fc87e00 0x00000008fb336e00 0 0 1 0 0 2 1 36705 944
0x00007aca1fc87e80 0x00000008fb336e80 0 0 1 0 0 2 1 36705 952
0x00007aca1fc87f00 0x00000008fb336f00 0 1 1 0 0 2 1 36705 944
0x00007aca1fc87f80 0x00000008fb336f80 0 1 1 0 0 2 1 36705 952
0x00007aca1fc91000 0x00000009d8b66000 0 0 0 0 0 2 1 39691 384
0x00007aca1fc91080 0x00000009d8b66080 0 0 0 0 0 2 1 39691 392
0x00007aca1fc91100 0x00000009d8b66100 0 1 0 0 0 2 1 39691 384
0x00007aca1fc91180 0x00000009d8b66180 0 1 0 0 0 2 1 39691 392
0x00007aca1fc91200 0x00000009d8b66200 0 0 1 0 0 2 1 39691 384
0x00007aca1fc91280 0x00000009d8b66280 0 0 1 0 0 2 1 39691 392
0x00007aca1fc91300 0x00000009d8b66300 0 1 1 0 0 2 1 39691 384
0x00007aca1fc91380 0x00000009d8b66380 0 1 1 0 0 2 1 39691 392
0x00007aca1fc91400 0x00000009d8b66400 0 0 0 0 0 2 1 39691 400
0x00007aca1fc91480 0x00000009d8b66480 0 0 0 0 0 2 1 39691 408
0x00007aca1fc91500 0x00000009d8b66500 0 1 0 0 0 2 1 39691 400
0x00007aca1fc91580 0x00000009d8b66580 0 1 0 0 0 2 1 39691 408
0x00007aca1fc91600 0x00000009d8b66600 0 0 1 0 0 2 1 39691 400
0x00007aca1fc91680 0x00000009d8b66680 0 0 1 0 0 2 1 39691 408
0x00007aca1fc91700 0x00000009d8b66700 0 1 1 0 0 2 1 39691 400
0x00007aca1fc91780 0x00000009d8b66780 0 1 1 0 0 2 1 39691 408
0x00007aca1fc91800 0x00000009d8b66800 0 0 0 0 0 2 1 39691 416
0x00007aca1fc91880 0x00000009d8b66880 0 0 0 0 0 2 1 39691 424
0x00007aca1fc91900 0x00000009d8b66900 0 1 0 0 0 2 1 39691 416
0x00007aca1fc91980 0x00000009d8b66980 0 1 0 0 0 2 1 39691 424
0x00007aca1fc91a00 0x00000009d8b66a00 0 0 1 0 0 2 1 39691 416
0x00007aca1fc91a80 0x00000009d8b66a80 0 0 1 0 0 2 1 39691 424
0x00007aca1fc91b00 0x00000009d8b66b00 0 1 1 0 0 2 1 39691 416
0x00007aca1fc91b80 0x00000009d8b66b80 0 1 1 0 0 2 1 39691 424
0x00007aca1fc91c00 0x00000009d8b66c00 0 0 0 0 0 2 1 39691 432
0x00007aca1fc91c80 0x00000009d8b66c80 0 0 0 0 0 2 1 39691 440
0x00007aca1fc91d00 0x00000009d8b66d00 0 1 0 0 0 2 1 39691 432
0x00007aca1fc91d80 0x00000009d8b66d80 0 1 0 0 0 2 1 39691 440
0x00007aca1fc91e00 0x00000009d8b66e00 0 0 1 0 0 2 1 39691 432
0x00007aca1fc91e80 0x00000009d8b66e80 0 0 1 0 0 2 1 39691 440
0x00007aca1fc91f00 0x00000009d8b66f00 0 1 1 0 0 2 1 39691 432
0x00007aca1fc91f80 0x00000009d8b66f80 0 1 1 0 0 2 1 39691 440
0x00007aca1fc92000 0x00000006dd3c0000 0 0 0 0 0 2 1 27558 0
0x00007aca1fc92080 0x00000006dd3c0080 0 0 0 0 0 2 1 27558 8
0x00007aca1fc92100 0x00000006dd3c0100 0 1 0 0 0 2 1 27558 0
0x00007aca1fc92180 0x00000006dd3c0180 0 1 0 0 0 2 1 27558 8
0x00007aca1fc92200 0x00000006dd3c0200 0 0 1 0 0 2 1 27558 0
0x00007aca1fc92280 0x00000006dd3c0280 0 0 1 0 0 2 1 27558 8
0x00007aca1fc92300 0x00000006dd3c0300 0 1 1 0 0 2 1 27558 0
0x00007aca1fc92380 0x00000006dd3c0380 0 1 1 0 0 2 1 27558 8
0x00007aca1fc92400 0x00000006dd3c0400 0 0 0 0 0 2 1 27558 16
0x00007aca1fc92480 0x00000006dd3c0480 0 0 0 0 0 2 1 27558 24
0x00007aca1fc92500 0x00000006dd3c0500 0 1 0 0 0 2 1 27558 16
0x00007aca1fc92580 0x00000006dd3c0580 0 1 0 0 0 2 1 27558 24
0x00007aca1fc92600 0x00000006dd3c0600 0 0 1 0 0 2 1 27558 16
0x00007aca1fc92680 0x00000006dd3c0680 0 0 1 0 0 2 1 27558 24
0x00007aca1fc92700 0x00000006dd3c0700 0 1 1 0 0 2 1 27558 16
0x00007aca1fc92780 0x00000006dd3c0780 0 1 1 0 0 2 1 27558 24
0x00007aca1fc92800 0x00000006dd3c0800 0 0 0 0 0 2 1 27558 32
0x00007aca1fc92880 0x00000006dd3c0880 0 0 0 0 0 2 1 27558 40
0x00007aca1fc92900 0x00000006dd3c0900 0 1 0 0 0 2 1 27558 32
0x00007aca1fc92980 0x00000006dd3c0980 0 1 0 0 0 2 1 27558 40
0x00007aca1fc92a00 0x00000006dd3c0a00 0 0 1 0 0 2 1 27558 32
0x00007aca1fc92a80 0x00000006dd3c0a80 0 0 1 0 0 2 1 27558 40
0x00007aca1fc92b00 0x00000006dd3c0b00 0 1 1 0 0 2 1 27558 32
0x00007aca1fc92b80 0x00000006dd3c0b80 0 1 1 0 0 2 1 27558 40
0x00007aca1fc92c00 0x00000006dd3c0c00 0 0 0 0 0 2 1 27558 48
0x00007aca1fc92c80 0x00000006dd3c0c80 0 0 0 0 0 2 1 27558 56
0x00007aca1fc92d00 0x00000006dd3c0d00 0 1 0 0 0 2 1 27558 48
0x00007aca1fc92d80 0x00000006dd3c0d80 0 1 0 0 0 2 1 27558 56
0x00007aca1fc92e00 0x00000006dd3c0e00 0 0 1 0 0 2 1 27558 48
0x00007aca1fc92e80 0x00000006dd3c0e80 0 0 1 0 0 2 1 27558 56
0x00007aca1fc92f00 0x00000006dd3c0f00 0 1 1 0 0 2 1 27558 48
0x00007aca1fc92f80 0x00000006dd3c0f80 0 1 1 0 0 2 1 27558 56
0x00007aca1fc98000 0x0000000b4c3b6000 0 0 0 0 0 2 1 43413 896
0x00007aca1fc98080 0x0000000b4c3b6080 0 0 0 0 0 2 1 43413 904
0x00007aca1fc98100 0x0000000b4c3b6100 0 1 0 0 0 2 1 43413 896
0x00007aca1fc98180 0x0000000b4c3b6180 0 1 0 0 0 2 1 43413 904
0x00007aca1fc98200 0x0000000b4c3b6200 0 0 1 0 0 2 1 43413 896
0x00007aca1fc98280 0x0000000b4c3b6280 0 0 1 0 0 2 1 43413 904
0x00007aca1fc98300 0x0000000b4c3b6300 0 1 1 0 0 2 1 43413 896
0x00007aca1fc98380 0x0000000b4c3b6380 0 1 1 0 0 2 1 43413 904
0x00007aca1fc98400 0x0000000b4c3b6400 0 0 0 0 0 2 1 43413 912
0x00007aca1fc98480 0x0000000b4c3b6480 0 0 0 0 0 2 1 43413 920
0x00007aca1fc98500 0x0000000b4c3b6500 0 1 0 0 0 2 1 43413 912
0x00007aca1fc98580 0x0000000b4c3b6580 0 1 0 0 0 2 1 43413 920
0x00007aca1fc98600 0x0000000b4c3b6600 0 0 1 0 0 2 1 43413 912
0x00007aca1fc98680 0x0000000b4c3b6680 0 0 1 0 0 2 1 43413 920
0x00007aca1fc98700 0x0000000b4c3b6700 0 1 1 0 0 2 1 43413 912
0x00007aca1fc98780 0x0000000b4c3b6780 0 1 1 0 0 2 1 43413 920
0x00007aca1fc98800 0x0000000b4c3b6800 0 0 0 0 0 2 1 43413 928
0x00007aca1fc98880 0x0000000b4c3b6880 0 0 0 0 0 2 1 43413 936
0x00007aca1fc98900 0x0000000b4c3b6900 0 1 0 0 0 2 1 43413 928
0x00007aca1fc98980 0x0000000b4c3b6980 0 1 0 0 0 2 1 43413 936
0x00007aca1fc98a00 0x0000000b4c3b6a00 0 0 1 0 0 2 1 43413 928
0x00007aca1fc98a80 0x0000000b4c3b6a80 0 0 1 0 0 2 1 43413 936
0x00007aca1fc98b00 0x0000000b4c3b6b00 0 1 1 0 0 2 1 43413 928
0x00007aca1fc98b80 0x0000000b4c3b6b80 0 1 1 0 0 2 1 43413 936
0x00007aca1fc98c00 0x0000000b4c3b6c00 0 0 0 0 0 2 1 43413 944
0x00007aca1fc98c80 0x0000000b4c3b6c80 0 0 0 0 0 2 1 43413 952
0x00007aca1fc98d00 0x0000000b4c3b6d00 0 1 0 0 0 2 1 43413 944
0x00007aca1fc98d80 0x0000000b4c3b6d80 0 1 0 0 0 2 1 43413 952
0x00007aca1fc98e00 0x0000000b4c3b6e00 0 0 1 0 0 2 1 43413 944
0x00007aca1fc98e80 0x0000000b4c3b6e80 0 0 1 0 0 2 1 43413 952
0x00007aca1fc98f00 0x0000000b4c3b6f00 0 1 1 0 0 2 1 43413 944
0x00007aca1fc98f80 0x0000000b4c3b6f80 0 1 1 0 0 2 1 43413 952
0x00007aca1fc9d000 0x00000008ae3cd000 0 0 0 0 1 2 1 34246 320
0x00007aca1fc9d080 0x00000008ae3cd080 0 0 0 0 1 2 1 34246 328
0x00007aca1fc9d100 0x00000008ae3cd100 0 1 0 0 1 2 1 34246 320
0x00007aca1fc9d180 0x00000008ae3cd180 0 1 0 0 1 2 1 34246 328
0x00007aca1fc9d200 0x00000008ae3cd200 0 0 1 0 1 2 1 34246 320
0x00007aca1fc9d280 0x00000008ae3cd280 0 0 1 0 1 2 1 34246 328
0x00007aca1fc9d300 0x00000008ae3cd300 0 1 1 0 1 2 1 34246 320
0x00007aca1fc9d380 0x00000008ae3cd380 0 1 1 0 1 2 1 34246 328
0x00007aca1fc9d400 0x00000008ae3cd400 0 0 0 0 1 2 1 34246 336
0x00007aca1fc9d480 0x00000008ae3cd480 0 0 0 0 1 2 1 34246 344
0x00007aca1fc9d500 0x00000008ae3cd500 0 1 0 0 1 2 1 34246 336
0x00007aca1fc9d580 0x00000008ae3cd580 0 1 0 0 1 2 1 34246 344
0x00007aca1fc9d600 0x00000008ae3cd600 0 0 1 0 1 2 1 34246 336
0x00007aca1fc9d680 0x00000008ae3cd680 0 0 1 0 1 2 1 34246 344
0x00007aca1fc9d700 0x00000008ae3cd700 0 1 1 0 1 2 1 34246 336
0x00007aca1fc9d780 0x00000008ae3cd780 0 1 1 0 1 2 1 34246 344
0x00007aca1fc9d800 0x00000008ae3cd800 0 0 0 0 1 2 1 34246 352
0x00007aca1fc9d880 0x00000008ae3cd880 0 0 0 0 1 2 1 34246 360
0x00007aca1fc9d900 0x00000008ae3cd900 0 1 0 0 1 2 1 34246 352
0x00007aca1fc9d980 0x00000008ae3cd980 0 1 0 0 1 2 1 34246 360
0x00007aca1fc9da00 0x00000008ae3cda00 0 0 1 0 1 2 1 34246 352
0x00007aca1fc9da80 0x00000008ae3cda80 0 0 1 0 1 2 1 34246 360
0x00007aca1fc9db00 0x00000008ae3cdb00 0 1 1 0 1 2 1 34246 352
0x00007aca1fc9db80 0x00000008ae3cdb80 0 1 1 0 1 2 1 34246 360
0x00007aca1fc9dc00 0x00000008ae3cdc00 0 0 0 0 1 2 1 34246 368
0x00007aca1fc9dc80 0x00000008ae3cdc80 0 0 0 0 1 2 1 34246 376
0x00007aca1fc9dd00 0x00000008ae3cdd00 0 1 0 0 1 2 1 34246 368
0x00007aca1fc9dd80 0x00000008ae3cdd80 0 1 0 0 1 2 1 34246 376
0x00007aca1fc9de00 0x00000008ae3cde00 0 0 1 0 1 2 1 34246 368
0x00007aca1fc9de80 0x00000008ae3cde80 0 0 1 0 1 2 1 34246 376
0x00007aca1fc9df00 0x00000008ae3cdf00 0 1 1 0 1 2 1 34246 368
0x00007aca1fc9df80 0x00000008ae3cdf80 0 1 1 0 1 2 1 34246 376
0x00007aca1fc9e000 0x0000000c33b8b000 0 0 0 0 1 2 1 46716 192
0x00007aca1fc9e080 0x0000000c33b8b080 0 0 0 0 1 2 1 46716 200
0x00007aca1fc9e100 0x0000000c33b8b100 0 1 0 0 1 2 1 46716 192
0x00007aca1fc9e180 0x0000000c33b8b180 0 1 0 0 1 2 1 46716 200
0x00007aca1fc9e200 0x0000000c33b8b200 0 0 1 0 1 2 1 46716 192
0x00007aca1fc9e280 0x0000000c33b8b280 0 0 1 0 1 2 1 46716 200
0x00007aca1fc9e300 0x0000000c33b8b300 0 1 1 0 1 2 1 46716 192
0x00007aca1fc9e380 0x0000000c33b8b380 0 1 1 0 1 2 1 46716 200
0x00007aca1fc9e400 0x0000000c33b8b400 0 0 0 0 1 2 1 46716 208
0x00007aca1fc9e480 0x0000000c33b8b480 0 0 0 0 1 2 1 46716 216
0x00007aca1fc9e500 0x0000000c33b8b500 0 1 0 0 1 2 1 46716 208
0x00007aca1fc9e580 0x0000000c33b8b580 0 1 0 0 1 2 1 46716 216
0x00007aca1fc9e600 0x0000000c33b8b600 0 0 1 0 1 2 1 46716 208
0x00007aca1fc9e680 0x0000000c33b8b680 0 0 1 0 1 2 1 46716 216
0x00007aca1fc9e700 0x0000000c33b8b700 0 1 1 0 1 2 1 46716 208
0x00007aca1fc9e780 0x0000000c33b8b780 0 1 1 0 1 2 1 46716 216
0x00007aca1fc9e800 0x0000000c33b8b800 0 0 0 0 1 2 1 46716 224
0x00007aca1fc9e880 0x0000000c33b8b880 0 0 0 0 1 2 1 46716 232
0x00007aca1fc9e900 0x0000000c33b8b900 0 1 0 0 1 2 1 46716 224
0x00007aca1fc9e980 0x0000000c33b8b980 0 1 0 0 1 2 1 46716 232
0x00007aca1fc9ea00 0x0000000c33b8ba00 0 0 1 0 1 2 1 46716 224
0x00007aca1fc9ea80 0x0000000c33b8ba80 0 0 1 0 1 2 1 46716 232
0x00007aca1fc9eb00 0x0000000c33b8bb00 0 1 1 0 1 2 1 46716 224
0x00007aca1fc9eb80 0x0000000c33b8bb80 0 1 1 0 1 2 1 46716 232
0x00007aca1fc9ec00 0x0000000c33b8bc00 0 0 0 0 1 2 1 46716 240
0x00007aca1fc9ec80 0x0000000c33b8bc80 0 0 0 0 1 2 1 46716 248
0x00007aca1fc9ed00 0x0000000c33b8bd00 0 1 0 0 1 2 1 46716 240
0x00007aca1fc9ed80 0x0000000c33b8bd80 0 1 0 0 1 2 1 46716 248
0x00007aca1fc9ee00 0x0000000c33b8be00 0 0 1 0 1 2 1 46716 240
0x00007aca1fc9ee80 0x0000000c33b8be80 0 0 1 0 1 2 1 46716 248
0x00007aca1fc9ef00 0x0000000c33b8bf00 0 1 1 0 1 2 1 46716 240
0x00007aca1fc9ef80 0x0000000c33b8bf80 0 1 1 0 1 2 1 46716 248
0x00007aca1fca8000 0x00000009b63fd000 0 0 0 0 1 2 1 38599 832
0x00007aca1fca8080 0x00000009b63fd080 0 0 0 0 1 2 1 38599 840
0x00007aca1fca8100 0x00000009b63fd100 0 1 0 0 1 2 1 38599 832
0x00007aca1fca8180 0x00000009b63fd180 0 1 0 0 1 2 1 38599 840
0x00007aca1fca8200 0x00000009b63fd200 0 0 1 0 1 2 1 38599 832
0x00007aca1fca8280 0x00000009b63fd280 0 0 1 0 1 2 1 38599 840
0x00007aca1fca8300 0x00000009b63fd300 0 1 1 0 1 2 1 38599 832
0x00007aca1fca8380 0x00000009b63fd380 0 1 1 0 1 2 1 38599 840
0x00007aca1fca8400 0x00000009b63fd400 0 0 0 0 1 2 1 38599 848
0x00007aca1fca8480 0x00000009b63fd480 0 0 0 0 1 2 1 38599 856
0x00007aca1fca8500 0x00000009b63fd500 0 1 0 0 1 2 1 38599 848
0x00007aca1fca8580 0x00000009b63fd580 0 1 0 0 1 2 1 38599 856
0x00007aca1fca8600 0x00000009b63fd600 0 0 1 0 1 2 1 38599 848
0x00007aca1fca8680 0x00000009b63fd680 0 0 1 0 1 2 1 38599 856
0x00007aca1fca8700 0x00000009b63fd700 0 1 1 0 1 2 1 38599 848
0x00007aca1fca8780 0x00000009b63fd780 0 1 1 0 1 2 1 38599 856
0x00007aca1fca8800 0x00000009b63fd800 0 0 0 0 1 2 1 38599 864
0x00007aca1fca8880 0x00000009b63fd880 0 0 0 0 1 2 1 38599 872
0x00007aca1fca8900 0x00000009b63fd900 0 1 0 0 1 2 1 38599 864
0x00007aca1fca8980 0x00000009b63fd980 0 1 0 0 1 2 1 38599 872
0x00007aca1fca8a00 0x00000009b63fda00 0 0 1 0 1 2 1 38599 864
0x00007aca1fca8a80 0x00000009b63fda80 0 0 1 0 1 2 1 38599 872
0x00007aca1fca8b00 0x00000009b63fdb00 0 1 1 0 1 2 1 38599 864
0x00007aca1fca8b80 0x00000009b63fdb80 0 1 1 0 1 2 1 38599 872
0x00007aca1fca8c00 0x00000009b63fdc00 0 0 0 0 1 2 1 38599 880
0x00007aca1fca8c80 0x00000009b63fdc80 0 0 0 0 1 2 1 38599 888
0x00007aca1fca8d00 0x00000009b63fdd00 0 1 0 0 1 2 1 38599 880
0x00007aca1fca8d80 0x00000009b63fdd80 0 1 0 0 1 2 1 38599 888
0x00007aca1fca8e00 0x00000009b63fde00 0 0 1 0 1 2 1 38599 880
0x00007aca1fca8e80 0x00000009b63fde80 0 0 1 0 1 2 1 38599 888
0x00007aca1fca8f00 0x00000009b63fdf00 0 1 1 0 1 2 1 38599 880
0x00007aca1fca8f80 0x00000009b63fdf80 0 1 1 0 1 2 1 38599 888
0x00007aca1fca9000 0x0000000e23bbb000 0 0 0 0 1 2 1 54397 704
0x00007aca1fca9080 0x0000000e23bbb080 0 0 0 0 1 2 1 54397 712
0x00007aca1fca9100 0x0000000e23bbb100 0 1 0 0 1 2 1 54397 704
0x00007aca1fca9180 0x0000000e23bbb180 0 1 0 0 1 2 1 54397 712
0x00007aca1fca9200 0x0000000e23bbb200 0 0 1 0 1 2 1 54397 704
0x00007aca1fca9280 0x0000000e23bbb280 0 0 1 0 1 2 1 54397 712
0x00007aca1fca9300 0x0000000e23bbb300 0 1 1 0 1 2 1 54397 704
0x00007aca1fca9380 0x0000000e23bbb380 0 1 1 0 1 2 1 54397 712
0x00007aca1fca9400 0x0000000e23bbb400 0 0 0 0 1 2 1 54397 720
0x00007aca1fca9480 0x0000000e23bbb480 0 0 0 0 1 2 1 54397 728
0x00007aca1fca9500 0x0000000e23bbb500 0 1 0 0 1 2 1 54397 720
0x00007aca1fca9580 0x0000000e23bbb580 0 1 0 0 1 2 1 54397 728
0x00007aca1fca9600 0x0000000e23bbb600 0 0 1 0 1 2 1 54397 720
0x00007aca1fca9680 0x0000000e23bbb680 0 0 1 0 1 2 1 54397 728
0x00007aca1fca9700 0x0000000e23bbb700 0 1 1 0 1 2 1 54397 720
0x00007aca1fca9780 0x0000000e23bbb780 0 1 1 0 1 2 1 54397 728
0x00007aca1fca9800 0x0000000e23bbb800 0 0 0 0 1 2 1 54397 736
0x00007aca1fca9880 0x0000000e23bbb880 0 0 0 0 1 2 1 54397 744
0x00007aca1fca9900 0x0000000e23bbb900 0 1 0 0 1 2 1 54397 736
0x00007aca1fca9980 0x0000000e23bbb980 0 1 0 0 1 2 1 54397 744
0x00007aca1fca9a00 0x0000000e23bbba00 0 0 1 0 1 2 1 54397 736
0x00007aca1fca9a80 0x0000000e23bbba80 0 0 1 0 1 2 1 54397 744
0x00007aca1fca9b00 0x0000000e23bbbb00 0 1 1 0 1 2 1 54397 736
0x00007aca1fca9b80 0x0000000e23bbbb80 0 1 1 0 1 2 1 54397 744
0x00007aca1fca9c00 0x0000000e23bbbc00 0 0 0 0 1 2 1 54397 752
0x00007aca1fca9c80 0x0000000e23bbbc80 0 0 0 0 1 2 1 54397 760
0x00007aca1fca9d00 0x0000000e23bbbd00 0 1 0 0 1 2 1 54397 752
0x00007aca1fca9d80 0x0000000e23bbbd80 0 1 0 0 1 2 1 54397 760
0x00007aca1fca9e00 0x0000000e23bbbe00 0 0 1 0 1 2 1 54397 752
0x00007aca1fca9e80 0x0000000e23bbbe80 0 0 1 0 1 2 1 54397 760
0x00007aca1fca9f00 0x0000000e23bbbf00 0 1 1 0 1 2 1 54397 752
0x00007aca1fca9f80 0x0000000e23bbbf80 0 1 1 0 1 2 1 54397 760
0x00007aca1fcab000 0x0000000323bb5000 0 0 0 0 0 2 1 9341 832
0x00007aca1fcab080 0x0000000323bb5080 0 0 0 0 0 2 1 9341 840
0x00007aca1fcab100 0x0000000323bb5100 0 1 0 0 0 2 1 9341 832
0x00007aca1fcab180 0x0000000323bb5180 0 1 0 0 0 2 1 9341 840
0x00007aca1fcab200 0x0000000323bb5200 0 0 1 0 0 2 1 9341 832
0x00007aca1fcab280 0x0000000323bb5280 0 0 1 0 0 2 1 9341 840
0x00007aca1fcab300 0x0000000323bb5300 0 1 1 0 0 2 1 9341 832
0x00007aca1fcab380 0x0000000323bb5380 0 1 1 0 0 2 1 9341 840
0x00007aca1fcab400 0x0000000323bb5400 0 0 0 0 0 2 1 9341 848
0x00007aca1fcab480 0x0000000323bb5480 0 0 0 0 0 2 1 9341 856
0x00007aca1fcab500 0x0000000323bb5500 0 1 0 0 0 2 1 9341 848
0x00007aca1fcab580 0x0000000323bb5580 0 1 0 0 0 2 1 9341 856
0x00007aca1fcab600 0x0000000323bb5600 0 0 1 0 0 2 1 9341 848
0x00007aca1fcab680 0x0000000323bb5680 0 0 1 0 0 2 1 9341 856
0x00007aca1fcab700 0x0000000323bb5700 0 1 1 0 0 2 1 9341 848
0x00007aca1fcab780 0x0000000323bb5780 0 1 1 0 0 2 1 9341 856
0x00007aca1fcab800 0x0000000323bb5800 0 0 0 0 0 2 1 9341 864
0x00007aca1fcab880 0x0000000323bb5880 0 0 0 0 0 2 1 9341 872
0x00007aca1fcab900 0x0000000323bb5900 0 1 0 0 0 2 1 9341 864
0x00007aca1fcab980 0x0000000323bb5980 0 1 0 0 0 2 1 9341 872
0x00007aca1fcaba00 0x0000000323bb5a00 0 0 1 0 0 2 1 9341 864
0x00007aca1fcaba80 0x0000000323bb5a80 0 0 1 0 0 2 1 9341 872
0x00007aca1fcabb00 0x0000000323bb5b00 0 1 1 0 0 2 1 9341 864
0x00007aca1fcabb80 0x0000000323bb5b80 0 1 1 0 0 2 1 9341 872
0x00007aca1fcabc00 0x0000000323bb5c00 0 0 0 0 0 2 1 9341 880
0x00007aca1fcabc80 0x0000000323bb5c80 0 0 0 0 0 2 1 9341 888
0x00007aca1fcabd00 0x0000000323bb5d00 0 1 0 0 0 2 1 9341 880
0x00007aca1fcabd80 0x0000000323bb5d80 0 1 0 0 0 2 1 9341 888
0x00007aca1fcabe00 0x0000000323bb5e00 0 0 1 0 0 2 1 9341 880
0x00007aca1fcabe80 0x0000000323bb5e80 0 0 1 0 0 2 1 9341 888
0x00007aca1fcabf00 0x0000000323bb5f00 0 1 1 0 0 2 1 9341 880
0x00007aca1fcabf80 0x0000000323bb5f80 0 1 1 0 0 2 1 9341 888
0x00007aca1fcb2000 0x00000006dc30f000 0 0 0 0 1 2 1 27520 448
0x00007aca1fcb2080 0x00000006dc30f080 0 0 0 0 1 2 1 27520 456
0x00007aca1fcb2100 0x00000006dc30f100 0 1 0 0 1 2 1 27520 448
0x00007aca1fcb2180 0x00000006dc30f180 0 1 0 0 1 2 1 27520 456
0x00007aca1fcb2200 0x00000006dc30f200 0 0 1 0 1 2 1 27520 448
0x00007aca1fcb2280 0x00000006dc30f280 0 0 1 0 1 2 1 27520 456
0x00007aca1fcb2300 0x00000006dc30f300 0 1 1 0 1 2 1 27520 448
0x00007aca1fcb2380 0x00000006dc30f380 0 1 1 0 1 2 1 27520 456
0x00007aca1fcb2400 0x00000006dc30f400 0 0 0 0 1 2 1 27520 464
0x00007aca1fcb2480 0x00000006dc30f480 0 0 0 0 1 2 1 27520 472
0x00007aca1fcb2500 0x00000006dc30f500 0 1 0 0 1 2 1 27520 464
0x00007aca1fcb2580 0x00000006dc30f580 0 1 0 0 1 2 1 27520 472
0x00007aca1fcb2600 0x00000006dc30f600 0 0 1 0 1 2 1 27520 464
0x00007aca1fcb2680 0x00000006dc30f680 0 0 1 0 1 2 1 27520 472
0x00007aca1fcb2700 0x00000006dc30f700 0 1 1 0 1 2 1 27520 464
0x00007aca1fcb2780 0x00000006dc30f780 0 1 1 0 1 2 1 27520 472
0x00007aca1fcb2800 0x00000006dc30f800 0 0 0 0 1 2 1 27520 480
0x00007aca1fcb2880 0x00000006dc30f880 0 0 0 0 1 2 1 27520 488
0x00007aca1fcb2900 0x00000006dc30f900 0 1 0 0 1 2 1 27520 480
0x00007aca1fcb2980 0x00000006dc30f980 0 1 0 0 1 2 1 27520 488
0x00007aca1fcb2a00 0x00000006dc30fa00 0 0 1 0 1 2 1 27520 480
0x00007aca1fcb2a80 0x00000006dc30fa80 0 0 1 0 1 2 1 27520 488
0x00007aca1fcb2b00 0x00000006dc30fb00 0 1 1 0 1 2 1 27520 480
0x00007aca1fcb2b80 0x00000006dc30fb80 0 1 1 0 1 2 1 27520 488
0x00007aca1fcb2c00 0x00000006dc30fc00 0 0 0 0 1 2 1 27520 496
0x00007aca1fcb2c80 0x00000006dc30fc80 0 0 0 0 1 2 1 27520 504
0x00007aca1fcb2d00 0x00000006dc30fd00 0 1 0 0 1 2 1 27520 496
0x00007aca1fcb2d80 0x00000006dc30fd80 0 1 0 0 1 2 1 27520 504
0x00007aca1fcb2e00 0x00000006dc30fe00 0 0 1 0 1 2 1 27520 496
0x00007aca1fcb2e80 0x00000006dc30fe80 0 0 1 0 1 2 1 27520 504
0x00007aca1fcb2f00 0x00000006dc30ff00 0 1 1 0 1 2 1 27520 496
0x00007aca1fcb2f80 0x00000006dc30ff80 0 1 1 0 1 2 1 27520 504
0x00007aca1fcbc000 0x0000000ad0b69000 0 0 0 0 1 2 1 43531 64
0x00007aca1fcbc080 0x0000000ad0b69080 0 0 0 0 1 2 1 43531 72
0x00007aca1fcbc100 0x0000000ad0b69100 0 1 0 0 1 2 1 43531 64
0x00007aca1fcbc180 0x0000000ad0b69180 0 1 0 0 1 2 1 43531 72
0x00007aca1fcbc200 0x0000000ad0b69200 0 0 1 0 1 2 1 43531 64
0x00007aca1fcbc280 0x0000000ad0b69280 0 0 1 0 1 2 1 43531 72
0x00007aca1fcbc300 0x0000000ad0b69300 0 1 1 0 1 2 1 43531 64
0x00007aca1fcbc380 0x0000000ad0b69380 0 1 1 0 1 2 1 43531 72
0x00007aca1fcbc400 0x0000000ad0b69400 0 0 0 0 1 2 1 43531 80
0x00007aca1fcbc480 0x0000000ad0b69480 0 0 0 0 1 2 1 43531 88
0x00007aca1fcbc500 0x0000000ad0b69500 0 1 0 0 1 2 1 43531 80
0x00007aca1fcbc580 0x0000000ad0b69580 0 1 0 0 1 2 1 43531 88
0x00007aca1fcbc600 0x0000000ad0b69600 0 0 1 0 1 2 1 43531 80
0x00007aca1fcbc680 0x0000000ad0b69680 0 0 1 0 1 2 1 43531 88
0x00007aca1fcbc700 0x0000000ad0b69700 0 1 1 0 1 2 1 43531 80
0x00007aca1fcbc780 0x0000000ad0b69780 0 1 1 0 1 2 1 43531 88
0x00007aca1fcbc800 0x0000000ad0b69800 0 0 0 0 1 2 1 43531 96
0x00007aca1fcbc880 0x0000000ad0b69880 0 0 0 0 1 2 1 43531 104
0x00007aca1fcbc900 0x0000000ad0b69900 0 1 0 0 1 2 1 43531 96
0x00007aca1fcbc980 0x0000000ad0b69980 0 1 0 0 1 2 1 43531 104
0x00007aca1fcbca00 0x0000000ad0b69a00 0 0 1 0 1 2 1 43531 96
0x00007aca1fcbca80 0x0000000ad0b69a80 0 0 1 0 1 2 1 43531 104
0x00007aca1fcbcb00 0x0000000ad0b69b00 0 1 1 0 1 2 1 43531 96
0x00007aca1fcbcb80 0x0000000ad0b69b80 0 1 1 0 1 2 1 43531 104
0x00007aca1fcbcc00 0x0000000ad0b69c00 0 0 0 0 1 2 1 43531 112
0x00007aca1fcbcc80 0x0000000ad0b69c80 0 0 0 0 1 2 1 43531 120
0x00007aca1fcbcd00 0x0000000ad0b69d00 0 1 0 0 1 2 1 43531 112
0x00007aca1fcbcd80 0x0000000ad0b69d80 0 1 0 0 1 2 1 43531 120
0x00007aca1fcbce00 0x0000000ad0b69e00 0 0 1 0 1 2 1 43531 112
0x00007aca1fcbce80 0x0000000ad0b69e80 0 0 1 0 1 2 1 43531 120
0x00007aca1fcbcf00 0x0000000ad0b69f00 0 1 1 0 1 2 1 43531 112
0x00007aca1fcbcf80 0x0000000ad0b69f80 0 1 1 0 1 2 1 43531 120
0x00007aca1fcbd000 0x0000000ddebc0000 0 0 0 0 0 2 1 56270 0
0x00007aca1fcbd080 0x0000000ddebc0080 0 0 0 0 0 2 1 56270 8
0x00007aca1fcbd100 0x0000000ddebc0100 0 1 0 0 0 2 1 56270 0
0x00007aca1fcbd180 0x0000000ddebc0180 0 1 0 0 0 2 1 56270 8
0x00007aca1fcbd200 0x0000000ddebc0200 0 0 1 0 0 2 1 56270 0
0x00007aca1fcbd280 0x0000000ddebc0280 0 0 1 0 0 2 1 56270 8
0x00007aca1fcbd300 0x0000000ddebc0300 0 1 1 0 0 2 1 56270 0
0x00007aca1fcbd380 0x0000000ddebc0380 0 1 1 0 0 2 1 56270 8
0x00007aca1fcbd400 0x0000000ddebc0400 0 0 0 0 0 2 1 56270 16
0x00007aca1fcbd480 0x0000000ddebc0480 0 0 0 0 0 2 1 56270 24
0x00007aca1fcbd500 0x0000000ddebc0500 0 1 0 0 0 2 1 56270 16
0x00007aca1fcbd580 0x0000000ddebc0580 0 1 0 0 0 2 1 56270 24
0x00007aca1fcbd600 0x0000000ddebc0600 0 0 1 0 0 2 1 56270 16
0x00007aca1fcbd680 0x0000000ddebc0680 0 0 1 0 0 2 1 56270 24
0x00007aca1fcbd700 0x0000000ddebc0700 0 1 1 0 0 2 1 56270 16
0x00007aca1fcbd780 0x0000000ddebc0780 0 1 1 0 0 2 1 56270 24
0x00007aca1fcbd800 0x0000000ddebc0800 0 0 0 0 0 2 1 56270 32
0x00007aca1fcbd880 0x0000000ddebc0880 0 0 0 0 0 2 1 56270 40
0x00007aca1fcbd900 0x0000000ddebc0900 0 1 0 0 0 2 1 56270 32
0x00007aca1fcbd980 0x0000000ddebc0980 0 1 0 0 0 2 1 56270 40
0x00007aca1fcbda00 0x0000000ddebc0a00 0 0 1 0 0 2 1 56270 32
0x00007aca1fcbda80 0x0000000ddebc0a80 0 0 1 0 0 2 1 56270 40
0x00007aca1fcbdb00 0x0000000ddebc0b00 0 1 1 0 0 2 1 56270 32
0x00007aca1fcbdb80 0x0000000ddebc0b80 0 1 1 0 0 2 1 56270 40
0x00007aca1fcbdc00 0x0000000ddebc0c00 0 0 0 0 0 2 1 56270 48
0x00007aca1fcbdc80 0x0000000ddebc0c80 0 0 0 0 0 2 1 56270 56
0x00007aca1fcbdd00 0x0000000ddebc0d00 0 1 0 0 0 2 1 56270 48
0x00007aca1fcbdd80 0x0000000ddebc0d80 0 1 0 0 0 2 1 56270 56
0x00007aca1fcbde00 0x0000000ddebc0e00 0 0 1 0 0 2 1 56270 48
0x00007aca1fcbde80 0x0000000ddebc0e80 0 0 1 0 0 2 1 56270 56
0x00007aca1fcbdf00 0x0000000ddebc0f00 0 1 1 0 0 2 1 56270 48
0x00007aca1fcbdf80 0x0000000ddebc0f80 0 1 1 0 0 2 1 56270 56
0x00007aca1fcc8000 0x0000000e82b53000 0 0 0 0 0 2 1 57418 704
0x00007aca1fcc8080 0x0000000e82b53080 0 0 0 0 0 2 1 57418 712
0x00007aca1fcc8100 0x0000000e82b53100 0 1 0 0 0 2 1 57418 704
0x00007aca1fcc8180 0x0000000e82b53180 0 1 0 0 0 2 1 57418 712
0x00007aca1fcc8200 0x0000000e82b53200 0 0 1 0 0 2 1 57418 704
0x00007aca1fcc8280 0x0000000e82b53280 0 0 1 0 0 2 1 57418 712
0x00007aca1fcc8300 0x0000000e82b53300 0 1 1 0 0 2 1 57418 704
0x00007aca1fcc8380 0x0000000e82b53380 0 1 1 0 0 2 1 57418 712
0x00007aca1fcc8400 0x0000000e82b53400 0 0 0 0 0 2 1 57418 720
0x00007aca1fcc8480 0x0000000e82b53480 0 0 0 0 0 2 1 57418 728
0x00007aca1fcc8500 0x0000000e82b53500 0 1 0 0 0 2 1 57418 720
0x00007aca1fcc8580 0x0000000e82b53580 0 1 0 0 0 2 1 57418 728
0x00007aca1fcc8600 0x0000000e82b53600 0 0 1 0 0 2 1 57418 720
0x00007aca1fcc8680 0x0000000e82b53680 0 0 1 0 0 2 1 57418 728
0x00007aca1fcc8700 0x0000000e82b53700 0 1 1 0 0 2 1 57418 720
0x00007aca1fcc8780 0x0000000e82b53780 0 1 1 0 0 2 1 57418 728
0x00007aca1fcc8800 0x0000000e82b53800 0 0 0 0 0 2 1 57418 736
0x00007aca1fcc8880 0x0000000e82b53880 0 0 0 0 0 2 1 57418 744
0x00007aca1fcc8900 0x0000000e82b53900 0 1 0 0 0 2 1 57418 736
0x00007aca1fcc8980 0x0000000e82b53980 0 1 0 0 0 2 1 57418 744
0x00007aca1fcc8a00 0x0000000e82b53a00 0 0 1 0 0 2 1 57418 736
0x00007aca1fcc8a80 0x0000000e82b53a80 0 0 1 0 0 2 1 57418 744
0x00007aca1fcc8b00 0x0000000e82b53b00 0 1 1 0 0 2 1 57418 736
0x00007aca1fcc8b80 0x0000000e82b53b80 0 1 1 0 0 2 1 57418 744
0x00007aca1fcc8c00 0x0000000e82b53c00 0 0 0 0 0 2 1 57418 752
0x00007aca1fcc8c80 0x0000000e82b53c80 0 0 0 0 0 2 1 57418 760
0x00007aca1fcc8d00 0x0000000e82b53d00 0 1 0 0 0 2 1 57418 752
0x00007aca1fcc8d80 0x0000000e82b53d80 0 1 0 0 0 2 1 57418 760
0x00007aca1fcc8e00 0x0000000e82b53e00 0 0 1 0 0 2 1 57418 752
0x00007aca1fcc8e80 0x0000000e82b53e80 0 0 1 0 0 2 1 57418 760
0x00007aca1fcc8f00 0x0000000e82b53f00 0 1 1 0 0 2 1 57418 752
0x00007aca1fcc8f80 0x0000000e82b53f80 0 1 1 0 0 2 1 57418 760
0x00007aca1fccd000 0x0000000de2bf3000 0 0 0 0 0 2 1 56399 704
0x00007aca1fccd080 0x0000000de2bf3080 0 0 0 0 0 2 1 56399 712
0x00007aca1fccd100 0x0000000de2bf3100 0 1 0 0 0 2 1 56399 704
0x00007aca1fccd180 0x0000000de2bf3180 0 1 0 0 0 2 1 56399 712
0x00007aca1fccd200 0x0000000de2bf3200 0 0 1 0 0 2 1 56399 704
0x00007aca1fccd280 0x0000000de2bf3280 0 0 1 0 0 2 1 56399 712
0x00007aca1fccd300 0x0000000de2bf3300 0 1 1 0 0 2 1 56399 704
0x00007aca1fccd380 0x0000000de2bf3380 0 1 1 0 0 2 1 56399 712
0x00007aca1fccd400 0x0000000de2bf3400 0 0 0 0 0 2 1 56399 720
0x00007aca1fccd480 0x0000000de2bf3480 0 0 0 0 0 2 1 56399 728
0x00007aca1fccd500 0x0000000de2bf3500 0 1 0 0 0 2 1 56399 720
0x00007aca1fccd580 0x0000000de2bf3580 0 1 0 0 0 2 1 56399 728
0x00007aca1fccd600 0x0000000de2bf3600 0 0 1 0 0 2 1 56399 720
0x00007aca1fccd680 0x0000000de2bf3680 0 0 1 0 0 2 1 56399 728
0x00007aca1fccd700 0x0000000de2bf3700 0 1 1 0 0 2 1 56399 720
0x00007aca1fccd780 0x0000000de2bf3780 0 1 1 0 0 2 1 56399 728
0x00007aca1fccd800 0x0000000de2bf3800 0 0 0 0 0 2 1 56399 736
0x00007aca1fccd880 0x0000000de2bf3880 0 0 0 0 0 2 1 56399 744
0x00007aca1fccd900 0x0000000de2bf3900 0 1 0 0 0 2 1 56399 736
0x00007aca1fccd980 0x0000000de2bf3980 0 1 0 0 0 2 1 56399 744
0x00007aca1fccda00 0x0000000de2bf3a00 0 0 1 0 0 2 1 56399 736
0x00007aca1fccda80 0x0000000de2bf3a80 0 0 1 0 0 2 1 56399 744
0x00007aca1fccdb00 0x0000000de2bf3b00 0 1 1 0 0 2 1 56399 736
0x00007aca1fccdb80 0x0000000de2bf3b80 0 1 1 0 0 2 1 56399 744
0x00007aca1fccdc00 0x0000000de2bf3c00 0 0 0 0 0 2 1 56399 752
0x00007aca1fccdc80 0x0000000de2bf3c80 0 0 0 0 0 2 1 56399 760
0x00007aca1fccdd00 0x0000000de2bf3d00 0 1 0 0 0 2 1 56399 752
0x00007aca1fccdd80 0x0000000de2bf3d80 0 1 0 0 0 2 1 56399 760
0x00007aca1fccde00 0x0000000de2bf3e00 0 0 1 0 0 2 1 56399 752
0x00007aca1fccde80 0x0000000de2bf3e80 0 0 1 0 0 2 1 56399 760
0x00007aca1fccdf00 0x0000000de2bf3f00 0 1 1 0 0 2 1 56399 752
0x00007aca1fccdf80 0x0000000de2bf3f80 0 1 1 0 0 2 1 56399 760
0x00007aca1fcd3000 0x0000000559b6b000 0 0 0 0 1 2 1 19259 192
0x00007aca1fcd3080 0x0000000559b6b080 0 0 0 0 1 2 1 19259 200
0x00007aca1fcd3100 0x0000000559b6b100 0 1 0 0 1 2 1 19259 192
0x00007aca1fcd3180 0x0000000559b6b180 0 1 0 0 1 2 1 19259 200
0x00007aca1fcd3200 0x0000000559b6b200 0 0 1 0 1 2 1 19259 192
0x00007aca1fcd3280 0x0000000559b6b280 0 0 1 0 1 2 1 19259 200
0x00007aca1fcd3300 0x0000000559b6b300 0 1 1 0 1 2 1 19259 192
0x00007aca1fcd3380 0x0000000559b6b380 0 1 1 0 1 2 1 19259 200
0x00007aca1fcd3400 0x0000000559b6b400 0 0 0 0 1 2 1 19259 208
0x00007aca1fcd3480 0x0000000559b6b480 0 0 0 0 1 2 1 19259 216
0x00007aca1fcd3500 0x0000000559b6b500 0 1 0 0 1 2 1 19259 208
0x00007aca1fcd3580 0x0000000559b6b580 0 1 0 0 1 2 1 19259 216
0x00007aca1fcd3600 0x0000000559b6b600 0 0 1 0 1 2 1 19259 208
0x00007aca1fcd3680 0x0000000559b6b680 0 0 1 0 1 2 1 19259 216
0x00007aca1fcd3700 0x0000000559b6b700 0 1 1 0 1 2 1 19259 208
0x00007aca1fcd3780 0x0000000559b6b780 0 1 1 0 1 2 1 19259 216
0x00007aca1fcd3800 0x0000000559b6b800 0 0 0 0 1 2 1 19259 224
0x00007aca1fcd3880 0x0000000559b6b880 0 0 0 0 1 2 1 19259 232
0x00007aca1fcd3900 0x0000000559b6b900 0 1 0 0 1 2 1 19259 224
0x00007aca1fcd3980 0x0000000559b6b980 0 1 0 0 1 2 1 19259 232
0x00007aca1fcd3a00 0x0000000559b6ba00 0 0 1 0 1 2 1 19259 224
0x00007aca1fcd3a80 0x0000000559b6ba80 0 0 1 0 1 2 1 19259 232
0x00007aca1fcd3b00 0x0000000559b6bb00 0 1 1 0 1 2 1 19259 224
0x00007aca1fcd3b80 0x0000000559b6bb80 0 1 1 0 1 2 1 19259 232
0x00007aca1fcd3c00 0x0000000559b6bc00 0 0 0 0 1 2 1 19259 240
0x00007aca1fcd3c80 0x0000000559b6bc80 0 0 0 0 1 2 1 19259 248
0x00007aca1fcd3d00 0x0000000559b6bd00 0 1 0 0 1 2 1 19259 240
0x00007aca1fcd3d80 0x0000000559b6bd80 0 1 0 0 1 2 1 19259 248
0x00007aca1fcd3e00 0x0000000559b6be00 0 0 1 0 1 2 1 19259 240
0x00007aca1fcd3e80 0x0000000559b6be80 0 0 1 0 1 2 1 19259 248
0x00007aca1fcd3f00 0x0000000559b6bf00 0 1 1 0 1 2 1 19259 240
0x00007aca1fcd3f80 0x0000000559b6bf80 0 1 1 0 1 2 1 19259 248
0x00007aca1fcd4000 0x0000000559b6e000 0 0 0 0 1 2 1 19259 384
0x00007aca1fcd4080 0x0000000559b6e080 0 0 0 0 1 2 1 19259 392
0x00007aca1fcd4100 0x0000000559b6e100 0 1 0 0 1 2 1 19259 384
0x00007aca1fcd4180 0x0000000559b6e180 0 1 0 0 1 2 1 19259 392
0x00007aca1fcd4200 0x0000000559b6e200 0 0 1 0 1 2 1 19259 384
0x00007aca1fcd4280 0x0000000559b6e280 0 0 1 0 1 2 1 19259 392
0x00007aca1fcd4300 0x0000000559b6e300 0 1 1 0 1 2 1 19259 384
0x00007aca1fcd4380 0x0000000559b6e380 0 1 1 0 1 2 1 19259 392
0x00007aca1fcd4400 0x0000000559b6e400 0 0 0 0 1 2 1 19259 400
0x00007aca1fcd4480 0x0000000559b6e480 0 0 0 0 1 2 1 19259 408
0x00007aca1fcd4500 0x0000000559b6e500 0 1 0 0 1 2 1 19259 400
0x00007aca1fcd4580 0x0000000559b6e580 0 1 0 0 1 2 1 19259 408
0x00007aca1fcd4600 0x0000000559b6e600 0 0 1 0 1 2 1 19259 400
0x00007aca1fcd4680 0x0000000559b6e680 0 0 1 0 1 2 1 19259 408
0x00007aca1fcd4700 0x0000000559b6e700 0 1 1 0 1 2 1 19259 400
0x00007aca1fcd4780 0x0000000559b6e780 0 1 1 0 1 2 1 19259 408
0x00007aca1fcd4800 0x0000000559b6e800 0 0 0 0 1 2 1 19259 416
0x00007aca1fcd4880 0x0000000559b6e880 0 0 0 0 1 2 1 19259 424
0x00007aca1fcd4900 0x0000000559b6e900 0 1 0 0 1 2 1 19259 416
0x00007aca1fcd4980 0x0000000559b6e980 0 1 0 0 1 2 1 19259 424
0x00007aca1fcd4a00 0x0000000559b6ea00 0 0 1 0 1 2 1 19259 416
0x00007aca1fcd4a80 0x0000000559b6ea80 0 0 1 0 1 2 1 19259 424
0x00007aca1fcd4b00 0x0000000559b6eb00 0 1 1 0 1 2 1 19259 416
0x00007aca1fcd4b80 0x0000000559b6eb80 0 1 1 0 1 2 1 19259 424
0x00007aca1fcd4c00 0x0000000559b6ec00 0 0 0 0 1 2 1 19259 432
0x00007aca1fcd4c80 0x0000000559b6ec80 0 0 0 0 1 2 1 19259 440
0x00007aca1fcd4d00 0x0000000559b6ed00 0 1 0 0 1 2 1 19259 432
0x00007aca1fcd4d80 0x0000000559b6ed80 0 1 0 0 1 2 1 19259 440
0x00007aca1fcd4e00 0x0000000559b6ee00 0 0 1 0 1 2 1 19259 432
0x00007aca1fcd4e80 0x0000000559b6ee80 0 0 1 0 1 2 1 19259 440
0x00007aca1fcd4f00 0x0000000559b6ef00 0 1 1 0 1 2 1 19259 432
0x00007aca1fcd4f80 0x0000000559b6ef80 0 1 1 0 1 2 1 19259 440
0x00007aca1fcf5000 0x000000015abc6000 0 0 0 0 0 2 1 2910 384
0x00007aca1fcf5080 0x000000015abc6080 0 0 0 0 0 2 1 2910 392
0x00007aca1fcf5100 0x000000015abc6100 0 1 0 0 0 2 1 2910 384
0x00007aca1fcf5180 0x000000015abc6180 0 1 0 0 0 2 1 2910 392
0x00007aca1fcf5200 0x000000015abc6200 0 0 1 0 0 2 1 2910 384
0x00007aca1fcf5280 0x000000015abc6280 0 0 1 0 0 2 1 2910 392
0x00007aca1fcf5300 0x000000015abc6300 0 1 1 0 0 2 1 2910 384
0x00007aca1fcf5380 0x000000015abc6380 0 1 1 0 0 2 1 2910 392
0x00007aca1fcf5400 0x000000015abc6400 0 0 0 0 0 2 1 2910 400
0x00007aca1fcf5480 0x000000015abc6480 0 0 0 0 0 2 1 2910 408
0x00007aca1fcf5500 0x000000015abc6500 0 1 0 0 0 2 1 2910 400
0x00007aca1fcf5580 0x000000015abc6580 0 1 0 0 0 2 1 2910 408
0x00007aca1fcf5600 0x000000015abc6600 0 0 1 0 0 2 1 2910 400
0x00007aca1fcf5680 0x000000015abc6680 0 0 1 0 0 2 1 2910 408
0x00007aca1fcf5700 0x000000015abc6700 0 1 1 0 0 2 1 2910 400
0x00007aca1fcf5780 0x000000015abc6780 0 1 1 0 0 2 1 2910 408
0x00007aca1fcf5800 0x000000015abc6800 0 0 0 0 0 2 1 2910 416
0x00007aca1fcf5880 0x000000015abc6880 0 0 0 0 0 2 1 2910 424
0x00007aca1fcf5900 0x000000015abc6900 0 1 0 0 0 2 1 2910 416
0x00007aca1fcf5980 0x000000015abc6980 0 1 0 0 0 2 1 2910 424
0x00007aca1fcf5a00 0x000000015abc6a00 0 0 1 0 0 2 1 2910 416
0x00007aca1fcf5a80 0x000000015abc6a80 0 0 1 0 0 2 1 2910 424
0x00007aca1fcf5b00 0x000000015abc6b00 0 1 1 0 0 2 1 2910 416
0x00007aca1fcf5b80 0x000000015abc6b80 0 1 1 0 0 2 1 2910 424
0x00007aca1fcf5c00 0x000000015abc6c00 0 0 0 0 0 2 1 2910 432
0x00007aca1fcf5c80 0x000000015abc6c80 0 0 0 0 0 2 1 2910 440
0x00007aca1fcf5d00 0x000000015abc6d00 0 1 0 0 0 2 1 2910 432
0x00007aca1fcf5d80 0x000000015abc6d80 0 1 0 0 0 2 1 2910 440
0x00007aca1fcf5e00 0x000000015abc6e00 0 0 1 0 0 2 1 2910 432
0x00007aca1fcf5e80 0x000000015abc6e80 0 0 1 0 0 2 1 2910 440
0x00007aca1fcf5f00 0x000000015abc6f00 0 1 1 0 0 2 1 2910 432
0x00007aca1fcf5f80 0x000000015abc6f80 0 1 1 0 0 2 1 2910 440
0x00007aca1fcfa000 0x000000088fb7e000 0 0 0 0 1 2 1 33259 896
0x00007aca1fcfa080 0x000000088fb7e080 0 0 0 0 1 2 1 33259 904
0x00007aca1fcfa100 0x000000088fb7e100 0 1 0 0 1 2 1 33259 896
0x00007aca1fcfa180 0x000000088fb7e180 0 1 0 0 1 2 1 33259 904
0x00007aca1fcfa200 0x000000088fb7e200 0 0 1 0 1 2 1 33259 896
0x00007aca1fcfa280 0x000000088fb7e280 0 0 1 0 1 2 1 33259 904
0x00007aca1fcfa300 0x000000088fb7e300 0 1 1 0 1 2 1 33259 896
0x00007aca1fcfa380 0x000000088fb7e380 0 1 1 0 1 2 1 33259 904
0x00007aca1fcfa400 0x000000088fb7e400 0 0 0 0 1 2 1 33259 912
0x00007aca1fcfa480 0x000000088fb7e480 0 0 0 0 1 2 1 33259 920
0x00007aca1fcfa500 0x000000088fb7e500 0 1 0 0 1 2 1 33259 912
0x00007aca1fcfa580 0x000000088fb7e580 0 1 0 0 1 2 1 33259 920
0x00007aca1fcfa600 0x000000088fb7e600 0 0 1 0 1 2 1 33259 912
0x00007aca1fcfa680 0x000000088fb7e680 0 0 1 0 1 2 1 33259 920
0x00007aca1fcfa700 0x000000088fb7e700 0 1 1 0 1 2 1 33259 912
0x00007aca1fcfa780 0x000000088fb7e780 0 1 1 0 1 2 1 33259 920
0x00007aca1fcfa800 0x000000088fb7e800 0 0 0 0 1 2 1 33259 928
0x00007aca1fcfa880 0x000000088fb7e880 0 0 0 0 1 2 1 33259 936
0x00007aca1fcfa900 0x000000088fb7e900 0 1 0 0 1 2 1 33259 928
0x00007aca1fcfa980 0x000000088fb7e980 0 1 0 0 1 2 1 33259 936
0x00007aca1fcfaa00 0x000000088fb7ea00 0 0 1 0 1 2 1 33259 928
0x00007aca1fcfaa80 0x000000088fb7ea80 0 0 1 0 1 2 1 33259 936
0x00007aca1fcfab00 0x000000088fb7eb00 0 1 1 0 1 2 1 33259 928
0x00007aca1fcfab80 0x000000088fb7eb80 0 1 1 0 1 2 1 33259 936
0x00007aca1fcfac00 0x000000088fb7ec00 0 0 0 0 1 2 1 33259 944
0x00007aca1fcfac80 0x000000088fb7ec80 0 0 0 0 1 2 1 33259 952
0x00007aca1fcfad00 0x000000088fb7ed00 0 1 0 0 1 2 1 33259 944
0x00007aca1fcfad80 0x000000088fb7ed80 0 1 0 0 1 2 1 33259 952
0x00007aca1fcfae00 0x000000088fb7ee00 0 0 1 0 1 2 1 33259 944
0x00007aca1fcfae80 0x000000088fb7ee80 0 0 1 0 1 2 1 33259 952
0x00007aca1fcfaf00 0x000000088fb7ef00 0 1 1 0 1 2 1 33259 944
0x00007aca1fcfaf80 0x000000088fb7ef80 0 1 1 0 1 2 1 33259 952
0x00007aca1fcfb000 0x0000000d6e341000 0 0 0 0 0 2 1 52690 64
0x00007aca1fcfb080 0x0000000d6e341080 0 0 0 0 0 2 1 52690 72
0x00007aca1fcfb100 0x0000000d6e341100 0 1 0 0 0 2 1 52690 64
0x00007aca1fcfb180 0x0000000d6e341180 0 1 0 0 0 2 1 52690 72
0x00007aca1fcfb200 0x0000000d6e341200 0 0 1 0 0 2 1 52690 64
0x00007aca1fcfb280 0x0000000d6e341280 0 0 1 0 0 2 1 52690 72
0x00007aca1fcfb300 0x0000000d6e341300 0 1 1 0 0 2 1 52690 64
0x00007aca1fcfb380 0x0000000d6e341380 0 1 1 0 0 2 1 52690 72
0x00007aca1fcfb400 0x0000000d6e341400 0 0 0 0 0 2 1 52690 80
0x00007aca1fcfb480 0x0000000d6e341480 0 0 0 0 0 2 1 52690 88
0x00007aca1fcfb500 0x0000000d6e341500 0 1 0 0 0 2 1 52690 80
0x00007aca1fcfb580 0x0000000d6e341580 0 1 0 0 0 2 1 52690 88
0x00007aca1fcfb600 0x0000000d6e341600 0 0 1 0 0 2 1 52690 80
0x00007aca1fcfb680 0x0000000d6e341680 0 0 1 0 0 2 1 52690 88
0x00007aca1fcfb700 0x0000000d6e341700 0 1 1 0 0 2 1 52690 80
0x00007aca1fcfb780 0x0000000d6e341780 0 1 1 0 0 2 1 52690 88
0x00007aca1fcfb800 0x0000000d6e341800 0 0 0 0 0 2 1 52690 96
0x00007aca1fcfb880 0x0000000d6e341880 0 0 0 0 0 2 1 52690 104
0x00007aca1fcfb900 0x0000000d6e341900 0 1 0 0 0 2 1 52690 96
0x00007aca1fcfb980 0x0000000d6e341980 0 1 0 0 0 2 1 52690 104
0x00007aca1fcfba00 0x0000000d6e341a00 0 0 1 0 0 2 1 52690 96
0x00007aca1fcfba80 0x0000000d6e341a80 0 0 1 0 0 2 1 52690 104
0x00007aca1fcfbb00 0x0000000d6e341b00 0 1 1 0 0 2 1 52690 96
0x00007aca1fcfbb80 0x0000000d6e341b80 0 1 1 0 0 2 1 52690 104
0x00007aca1fcfbc00 0x0000000d6e341c00 0 0 0 0 0 2 1 52690 112
0x00007aca1fcfbc80 0x0000000d6e341c80 0 0 0 0 0 2 1 52690 120
0x00007aca1fcfbd00 0x0000000d6e341d00 0 1 0 0 0 2 1 52690 112
0x00007aca1fcfbd80 0x0000000d6e341d80 0 1 0 0 0 2 1 52690 120
0x00007aca1fcfbe00 0x0000000d6e341e00 0 0 1 0 0 2 1 52690 112
0x00007aca1fcfbe80 0x0000000d6e341e80 0 0 1 0 0 2 1 52690 120
0x00007aca1fcfbf00 0x0000000d6e341f00 0 1 1 0 0 2 1 52690 112
0x00007aca1fcfbf80 0x0000000d6e341f80 0 1 1 0 0 2 1 52690 120
0x00007aca1fd01000 0x0000000db2319000 0 0 0 0 1 2 1 54848 576
0x00007aca1fd01080 0x0000000db2319080 0 0 0 0 1 2 1 54848 584
0x00007aca1fd01100 0x0000000db2319100 0 1 0 0 1 2 1 54848 576
0x00007aca1fd01180 0x0000000db2319180 0 1 0 0 1 2 1 54848 584
0x00007aca1fd01200 0x0000000db2319200 0 0 1 0 1 2 1 54848 576
0x00007aca1fd01280 0x0000000db2319280 0 0 1 0 1 2 1 54848 584
0x00007aca1fd01300 0x0000000db2319300 0 1 1 0 1 2 1 54848 576
0x00007aca1fd01380 0x0000000db2319380 0 1 1 0 1 2 1 54848 584
0x00007aca1fd01400 0x0000000db2319400 0 0 0 0 1 2 1 54848 592
0x00007aca1fd01480 0x0000000db2319480 0 0 0 0 1 2 1 54848 600
0x00007aca1fd01500 0x0000000db2319500 0 1 0 0 1 2 1 54848 592
0x00007aca1fd01580 0x0000000db2319580 0 1 0 0 1 2 1 54848 600
0x00007aca1fd01600 0x0000000db2319600 0 0 1 0 1 2 1 54848 592
0x00007aca1fd01680 0x0000000db2319680 0 0 1 0 1 2 1 54848 600
0x00007aca1fd01700 0x0000000db2319700 0 1 1 0 1 2 1 54848 592
0x00007aca1fd01780 0x0000000db2319780 0 1 1 0 1 2 1 54848 600
0x00007aca1fd01800 0x0000000db2319800 0 0 0 0 1 2 1 54848 608
0x00007aca1fd01880 0x0000000db2319880 0 0 0 0 1 2 1 54848 616
0x00007aca1fd01900 0x0000000db2319900 0 1 0 0 1 2 1 54848 608
0x00007aca1fd01980 0x0000000db2319980 0 1 0 0 1 2 1 54848 616
0x00007aca1fd01a00 0x0000000db2319a00 0 0 1 0 1 2 1 54848 608
0x00007aca1fd01a80 0x0000000db2319a80 0 0 1 0 1 2 1 54848 616
0x00007aca1fd01b00 0x0000000db2319b00 0 1 1 0 1 2 1 54848 608
0x00007aca1fd01b80 0x0000000db2319b80 0 1 1 0 1 2 1 54848 616
0x00007aca1fd01c00 0x0000000db2319c00 0 0 0 0 1 2 1 54848 624
0x00007aca1fd01c80 0x0000000db2319c80 0 0 0 0 1 2 1 54848 632
0x00007aca1fd01d00 0x0000000db2319d00 0 1 0 0 1 2 1 54848 624
0x00007aca1fd01d80 0x0000000db2319d80 0 1 0 0 1 2 1 54848 632
0x00007aca1fd01e00 0x0000000db2319e00 0 0 1 0 1 2 1 54848 624
0x00007aca1fd01e80 0x0000000db2319e80 0 0 1 0 1 2 1 54848 632
0x00007aca1fd01f00 0x0000000db2319f00 0 1 1 0 1 2 1 54848 624
0x00007aca1fd01f80 0x0000000db2319f80 0 1 1 0 1 2 1 54848 632
0x00007aca1fd02000 0x00000003e138f000 0 0 0 0 1 2 1 15396 448
0x00007aca1fd02080 0x00000003e138f080 0 0 0 0 1 2 1 15396 456
0x00007aca1fd02100 0x00000003e138f100 0 1 0 0 1 2 1 15396 448
0x00007aca1fd02180 0x00000003e138f180 0 1 0 0 1 2 1 15396 456
0x00007aca1fd02200 0x00000003e138f200 0 0 1 0 1 2 1 15396 448
0x00007aca1fd02280 0x00000003e138f280 0 0 1 0 1 2 1 15396 456
0x00007aca1fd02300 0x00000003e138f300 0 1 1 0 1 2 1 15396 448
0x00007aca1fd02380 0x00000003e138f380 0 1 1 0 1 2 1 15396 456
0x00007aca1fd02400 0x00000003e138f400 0 0 0 0 1 2 1 15396 464
0x00007aca1fd02480 0x00000003e138f480 0 0 0 0 1 2 1 15396 472
0x00007aca1fd02500 0x00000003e138f500 0 1 0 0 1 2 1 15396 464
0x00007aca1fd02580 0x00000003e138f580 0 1 0 0 1 2 1 15396 472
0x00007aca1fd02600 0x00000003e138f600 0 0 1 0 1 2 1 15396 464
0x00007aca1fd02680 0x00000003e138f680 0 0 1 0 1 2 1 15396 472
0x00007aca1fd02700 0x00000003e138f700 0 1 1 0 1 2 1 15396 464
0x00007aca1fd02780 0x00000003e138f780 0 1 1 0 1 2 1 15396 472
0x00007aca1fd02800 0x00000003e138f800 0 0 0 0 1 2 1 15396 480
0x00007aca1fd02880 0x00000003e138f880 0 0 0 0 1 2 1 15396 488
0x00007aca1fd02900 0x00000003e138f900 0 1 0 0 1 2 1 15396 480
0x00007aca1fd02980 0x00000003e138f980 0 1 0 0 1 2 1 15396 488
0x00007aca1fd02a00 0x00000003e138fa00 0 0 1 0 1 2 1 15396 480
0x00007aca1fd02a80 0x00000003e138fa80 0 0 1 0 1 2 1 15396 488
0x00007aca1fd02b00 0x00000003e138fb00 0 1 1 0 1 2 1 15396 480
0x00007aca1fd02b80 0x00000003e138fb80 0 1 1 0 1 2 1 15396 488
0x00007aca1fd02c00 0x00000003e138fc00 0 0 0 0 1 2 1 15396 496
0x00007aca1fd02c80 0x00000003e138fc80 0 0 0 0 1 2 1 15396 504
0x00007aca1fd02d00 0x00000003e138fd00 0 1 0 0 1 2 1 15396 496
0x00007aca1fd02d80 0x00000003e138fd80 0 1 0 0 1 2 1 15396 504
0x00007aca1fd02e00 0x00000003e138fe00 0 0 1 0 1 2 1 15396 496
0x00007aca1fd02e80 0x00000003e138fe80 0 0 1 0 1 2 1 15396 504
0x00007aca1fd02f00 0x00000003e138ff00 0 1 1 0 1 2 1 15396 496
0x00007aca1fd02f80 0x00000003e138ff80 0 1 1 0 1 2 1 15396 504
0x00007aca1fd03000 0x00000008d932c000 0 0 0 0 1 2 1 35617 256
0x00007aca1fd03080 0x00000008d932c080 0 0 0 0 1 2 1 35617 264
0x00007aca1fd03100 0x00000008d932c100 0 1 0 0 1 2 1 35617 256
0x00007aca1fd03180 0x00000008d932c180 0 1 0 0 1 2 1 35617 264
0x00007aca1fd03200 0x00000008d932c200 0 0 1 0 1 2 1 35617 256
0x00007aca1fd03280 0x00000008d932c280 0 0 1 0 1 2 1 35617 264
0x00007aca1fd03300 0x00000008d932c300 0 1 1 0 1 2 1 35617 256
0x00007aca1fd03380 0x00000008d932c380 0 1 1 0 1 2 1 35617 264
0x00007aca1fd03400 0x00000008d932c400 0 0 0 0 1 2 1 35617 272
0x00007aca1fd03480 0x00000008d932c480 0 0 0 0 1 2 1 35617 280
0x00007aca1fd03500 0x00000008d932c500 0 1 0 0 1 2 1 35617 272
0x00007aca1fd03580 0x00000008d932c580 0 1 0 0 1 2 1 35617 280
0x00007aca1fd03600 0x00000008d932c600 0 0 1 0 1 2 1 35617 272
0x00007aca1fd03680 0x00000008d932c680 0 0 1 0 1 2 1 35617 280
0x00007aca1fd03700 0x00000008d932c700 0 1 1 0 1 2 1 35617 272
0x00007aca1fd03780 0x00000008d932c780 0 1 1 0 1 2 1 35617 280
0x00007aca1fd03800 0x00000008d932c800 0 0 0 0 1 2 1 35617 288
0x00007aca1fd03880 0x00000008d932c880 0 0 0 0 1 2 1 35617 296
0x00007aca1fd03900 0x00000008d932c900 0 1 0 0 1 2 1 35617 288
0x00007aca1fd03980 0x00000008d932c980 0 1 0 0 1 2 1 35617 296
0x00007aca1fd03a00 0x00000008d932ca00 0 0 1 0 1 2 1 35617 288
0x00007aca1fd03a80 0x00000008d932ca80 0 0 1 0 1 2 1 35617 296
0x00007aca1fd03b00 0x00000008d932cb00 0 1 1 0 1 2 1 35617 288
0x00007aca1fd03b80 0x00000008d932cb80 0 1 1 0 1 2 1 35617 296
0x00007aca1fd03c00 0x00000008d932cc00 0 0 0 0 1 2 1 35617 304
0x00007aca1fd03c80 0x00000008d932cc80 0 0 0 0 1 2 1 35617 312
0x00007aca1fd03d00 0x00000008d932cd00 0 1 0 0 1 2 1 35617 304
0x00007aca1fd03d80 0x00000008d932cd80 0 1 0 0 1 2 1 35617 312
0x00007aca1fd03e00 0x00000008d932ce00 0 0 1 0 1 2 1 35617 304
0x00007aca1fd03e80 0x00000008d932ce80 0 0 1 0 1 2 1 35617 312
0x00007aca1fd03f00 0x00000008d932cf00 0 1 1 0 1 2 1 35617 304
0x00007aca1fd03f80 0x00000008d932cf80 0 1 1 0 1 2 1 35617 312
0x00007aca1fd0a000 0x0000000afbb1e000 0 0 0 0 1 2 1 44904 896
0x00007aca1fd0a080 0x0000000afbb1e080 0 0 0 0 1 2 1 44904 904
0x00007aca1fd0a100 0x0000000afbb1e100 0 1 0 0 1 2 1 44904 896
0x00007aca1fd0a180 0x0000000afbb1e180 0 1 0 0 1 2 1 44904 904
0x00007aca1fd0a200 0x0000000afbb1e200 0 0 1 0 1 2 1 44904 896
0x00007aca1fd0a280 0x0000000afbb1e280 0 0 1 0 1 2 1 44904 904
0x00007aca1fd0a300 0x0000000afbb1e300 0 1 1 0 1 2 1 44904 896
0x00007aca1fd0a380 0x0000000afbb1e380 0 1 1 0 1 2 1 44904 904
0x00007aca1fd0a400 0x0000000afbb1e400 0 0 0 0 1 2 1 44904 912
0x00007aca1fd0a480 0x0000000afbb1e480 0 0 0 0 1 2 1 44904 920
0x00007aca1fd0a500 0x0000000afbb1e500 0 1 0 0 1 2 1 44904 912
0x00007aca1fd0a580 0x0000000afbb1e580 0 1 0 0 1 2 1 44904 920
0x00007aca1fd0a600 0x0000000afbb1e600 0 0 1 0 1 2 1 44904 912
0x00007aca1fd0a680 0x0000000afbb1e680 0 0 1 0 1 2 1 44904 920
0x00007aca1fd0a700 0x0000000afbb1e700 0 1 1 0 1 2 1 44904 912
0x00007aca1fd0a780 0x0000000afbb1e780 0 1 1 0 1 2 1 44904 920
0x00007aca1fd0a800 0x0000000afbb1e800 0 0 0 0 1 2 1 44904 928
0x00007aca1fd0a880 0x0000000afbb1e880 0 0 0 0 1 2 1 44904 936
0x00007aca1fd0a900 0x0000000afbb1e900 0 1 0 0 1 2 1 44904 928
0x00007aca1fd0a980 0x0000000afbb1e980 0 1 0 0 1 2 1 44904 936
0x00007aca1fd0aa00 0x0000000afbb1ea00 0 0 1 0 1 2 1 44904 928
0x00007aca1fd0aa80 0x0000000afbb1ea80 0 0 1 0 1 2 1 44904 936
0x00007aca1fd0ab00 0x0000000afbb1eb00 0 1 1 0 1 2 1 44904 928
0x00007aca1fd0ab80 0x0000000afbb1eb80 0 1 1 0 1 2 1 44904 936
0x00007aca1fd0ac00 0x0000000afbb1ec00 0 0 0 0 1 2 1 44904 944
0x00007aca1fd0ac80 0x0000000afbb1ec80 0 0 0 0 1 2 1 44904 952
0x00007aca1fd0ad00 0x0000000afbb1ed00 0 1 0 0 1 2 1 44904 944
0x00007aca1fd0ad80 0x0000000afbb1ed80 0 1 0 0 1 2 1 44904 952
0x00007aca1fd0ae00 0x0000000afbb1ee00 0 0 1 0 1 2 1 44904 944
0x00007aca1fd0ae80 0x0000000afbb1ee80 0 0 1 0 1 2 1 44904 952
0x00007aca1fd0af00 0x0000000afbb1ef00 0 1 1 0 1 2 1 44904 944
0x00007aca1fd0af80 0x0000000afbb1ef80 0 1 1 0 1 2 1 44904 952
0x00007aca1fd1e000 0x0000000c64ba6000 0 0 0 0 0 2 1 48285 384
0x00007aca1fd1e080 0x0000000c64ba6080 0 0 0 0 0 2 1 48285 392
0x00007aca1fd1e100 0x0000000c64ba6100 0 1 0 0 0 2 1 48285 384
0x00007aca1fd1e180 0x0000000c64ba6180 0 1 0 0 0 2 1 48285 392
0x00007aca1fd1e200 0x0000000c64ba6200 0 0 1 0 0 2 1 48285 384
0x00007aca1fd1e280 0x0000000c64ba6280 0 0 1 0 0 2 1 48285 392
0x00007aca1fd1e300 0x0000000c64ba6300 0 1 1 0 0 2 1 48285 384
0x00007aca1fd1e380 0x0000000c64ba6380 0 1 1 0 0 2 1 48285 392
0x00007aca1fd1e400 0x0000000c64ba6400 0 0 0 0 0 2 1 48285 400
0x00007aca1fd1e480 0x0000000c64ba6480 0 0 0 0 0 2 1 48285 408
0x00007aca1fd1e500 0x0000000c64ba6500 0 1 0 0 0 2 1 48285 400
0x00007aca1fd1e580 0x0000000c64ba6580 0 1 0 0 0 2 1 48285 408
0x00007aca1fd1e600 0x0000000c64ba6600 0 0 1 0 0 2 1 48285 400
0x00007aca1fd1e680 0x0000000c64ba6680 0 0 1 0 0 2 1 48285 408
0x00007aca1fd1e700 0x0000000c64ba6700 0 1 1 0 0 2 1 48285 400
0x00007aca1fd1e780 0x0000000c64ba6780 0 1 1 0 0 2 1 48285 408
0x00007aca1fd1e800 0x0000000c64ba6800 0 0 0 0 0 2 1 48285 416
0x00007aca1fd1e880 0x0000000c64ba6880 0 0 0 0 0 2 1 48285 424
0x00007aca1fd1e900 0x0000000c64ba6900 0 1 0 0 0 2 1 48285 416
0x00007aca1fd1e980 0x0000000c64ba6980 0 1 0 0 0 2 1 48285 424
0x00007aca1fd1ea00 0x0000000c64ba6a00 0 0 1 0 0 2 1 48285 416
0x00007aca1fd1ea80 0x0000000c64ba6a80 0 0 1 0 0 2 1 48285 424
0x00007aca1fd1eb00 0x0000000c64ba6b00 0 1 1 0 0 2 1 48285 416
0x00007aca1fd1eb80 0x0000000c64ba6b80 0 1 1 0 0 2 1 48285 424
0x00007aca1fd1ec00 0x0000000c64ba6c00 0 0 0 0 0 2 1 48285 432
0x00007aca1fd1ec80 0x0000000c64ba6c80 0 0 0 0 0 2 1 48285 440
0x00007aca1fd1ed00 0x0000000c64ba6d00 0 1 0 0 0 2 1 48285 432
0x00007aca1fd1ed80 0x0000000c64ba6d80 0 1 0 0 0 2 1 48285 440
0x00007aca1fd1ee00 0x0000000c64ba6e00 0 0 1 0 0 2 1 48285 432
0x00007aca1fd1ee80 0x0000000c64ba6e80 0 0 1 0 0 2 1 48285 440
0x00007aca1fd1ef00 0x0000000c64ba6f00 0 1 1 0 0 2 1 48285 432
0x00007aca1fd1ef80 0x0000000c64ba6f80 0 1 1 0 0 2 1 48285 440
0x00007aca1fd29000 0x0000000b05b1e000 0 0 0 0 1 2 1 41144 896
0x00007aca1fd29080 0x0000000b05b1e080 0 0 0 0 1 2 1 41144 904
0x00007aca1fd29100 0x0000000b05b1e100 0 1 0 0 1 2 1 41144 896
0x00007aca1fd29180 0x0000000b05b1e180 0 1 0 0 1 2 1 41144 904
0x00007aca1fd29200 0x0000000b05b1e200 0 0 1 0 1 2 1 41144 896
0x00007aca1fd29280 0x0000000b05b1e280 0 0 1 0 1 2 1 41144 904
0x00007aca1fd29300 0x0000000b05b1e300 0 1 1 0 1 2 1 41144 896
0x00007aca1fd29380 0x0000000b05b1e380 0 1 1 0 1 2 1 41144 904
0x00007aca1fd29400 0x0000000b05b1e400 0 0 0 0 1 2 1 41144 912
0x00007aca1fd29480 0x0000000b05b1e480 0 0 0 0 1 2 1 41144 920
0x00007aca1fd29500 0x0000000b05b1e500 0 1 0 0 1 2 1 41144 912
0x00007aca1fd29580 0x0000000b05b1e580 0 1 0 0 1 2 1 41144 920
0x00007aca1fd29600 0x0000000b05b1e600 0 0 1 0 1 2 1 41144 912
0x00007aca1fd29680 0x0000000b05b1e680 0 0 1 0 1 2 1 41144 920
0x00007aca1fd29700 0x0000000b05b1e700 0 1 1 0 1 2 1 41144 912
0x00007aca1fd29780 0x0000000b05b1e780 0 1 1 0 1 2 1 41144 920
0x00007aca1fd29800 0x0000000b05b1e800 0 0 0 0 1 2 1 41144 928
0x00007aca1fd29880 0x0000000b05b1e880 0 0 0 0 1 2 1 41144 936
0x00007aca1fd29900 0x0000000b05b1e900 0 1 0 0 1 2 1 41144 928
0x00007aca1fd29980 0x0000000b05b1e980 0 1 0 0 1 2 1 41144 936
0x00007aca1fd29a00 0x0000000b05b1ea00 0 0 1 0 1 2 1 41144 928
0x00007aca1fd29a80 0x0000000b05b1ea80 0 0 1 0 1 2 1 41144 936
0x00007aca1fd29b00 0x0000000b05b1eb00 0 1 1 0 1 2 1 41144 928
0x00007aca1fd29b80 0x0000000b05b1eb80 0 1 1 0 1 2 1 41144 936
0x00007aca1fd29c00 0x0000000b05b1ec00 0 0 0 0 1 2 1 41144 944
0x00007aca1fd29c80 0x0000000b05b1ec80 0 0 0 0 1 2 1 41144 952
0x00007aca1fd29d00 0x0000000b05b1ed00 0 1 0 0 1 2 1 41144 944
0x00007aca1fd29d80 0x0000000b05b1ed80 0 1 0 0 1 2 1 41144 952
0x00007aca1fd29e00 0x0000000b05b1ee00 0 0 1 0 1 2 1 41144 944
0x00007aca1fd29e80 0x0000000b05b1ee80 0 0 1 0 1 2 1 41144 952
0x00007aca1fd29f00 0x0000000b05b1ef00 0 1 1 0 1 2 1 41144 944
0x00007aca1fd29f80 0x0000000b05b1ef80 0 1 1 0 1 2 1 41144 952
0x00007aca1fd30000 0x000000037b376000 0 0 0 0 0 2 1 12147 896
0x00007aca1fd30080 0x000000037b376080 0 0 0 0 0 2 1 12147 904
0x00007aca1fd30100 0x000000037b376100 0 1 0 0 0 2 1 12147 896
0x00007aca1fd30180 0x000000037b376180 0 1 0 0 0 2 1 12147 904
0x00007aca1fd30200 0x000000037b376200 0 0 1 0 0 2 1 12147 896
0x00007aca1fd30280 0x000000037b376280 0 0 1 0 0 2 1 12147 904
0x00007aca1fd30300 0x000000037b376300 0 1 1 0 0 2 1 12147 896
0x00007aca1fd30380 0x000000037b376380 0 1 1 0 0 2 1 12147 904
0x00007aca1fd30400 0x000000037b376400 0 0 0 0 0 2 1 12147 912
0x00007aca1fd30480 0x000000037b376480 0 0 0 0 0 2 1 12147 920
0x00007aca1fd30500 0x000000037b376500 0 1 0 0 0 2 1 12147 912
0x00007aca1fd30580 0x000000037b376580 0 1 0 0 0 2 1 12147 920
0x00007aca1fd30600 0x000000037b376600 0 0 1 0 0 2 1 12147 912
0x00007aca1fd30680 0x000000037b376680 0 0 1 0 0 2 1 12147 920
0x00007aca1fd30700 0x000000037b376700 0 1 1 0 0 2 1 12147 912
0x00007aca1fd30780 0x000000037b376780 0 1 1 0 0 2 1 12147 920
0x00007aca1fd30800 0x000000037b376800 0 0 0 0 0 2 1 12147 928
0x00007aca1fd30880 0x000000037b376880 0 0 0 0 0 2 1 12147 936
0x00007aca1fd30900 0x000000037b376900 0 1 0 0 0 2 1 12147 928
0x00007aca1fd30980 0x000000037b376980 0 1 0 0 0 2 1 12147 936
0x00007aca1fd30a00 0x000000037b376a00 0 0 1 0 0 2 1 12147 928
0x00007aca1fd30a80 0x000000037b376a80 0 0 1 0 0 2 1 12147 936
0x00007aca1fd30b00 0x000000037b376b00 0 1 1 0 0 2 1 12147 928
0x00007aca1fd30b80 0x000000037b376b80 0 1 1 0 0 2 1 12147 936
0x00007aca1fd30c00 0x000000037b376c00 0 0 0 0 0 2 1 12147 944
0x00007aca1fd30c80 0x000000037b376c80 0 0 0 0 0 2 1 12147 952
0x00007aca1fd30d00 0x000000037b376d00 0 1 0 0 0 2 1 12147 944
0x00007aca1fd30d80 0x000000037b376d80 0 1 0 0 0 2 1 12147 952
0x00007aca1fd30e00 0x000000037b376e00 0 0 1 0 0 2 1 12147 944
0x00007aca1fd30e80 0x000000037b376e80 0 0 1 0 0 2 1 12147 952
0x00007aca1fd30f00 0x000000037b376f00 0 1 1 0 0 2 1 12147 944
0x00007aca1fd30f80 0x000000037b376f80 0 1 1 0 0 2 1 12147 952
0x00007aca1fd34000 0x0000000aafb84000 0 0 0 0 0 2 1 42476 256
0x00007aca1fd34080 0x0000000aafb84080 0 0 0 0 0 2 1 42476 264
0x00007aca1fd34100 0x0000000aafb84100 0 1 0 0 0 2 1 42476 256
0x00007aca1fd34180 0x0000000aafb84180 0 1 0 0 0 2 1 42476 264
0x00007aca1fd34200 0x0000000aafb84200 0 0 1 0 0 2 1 42476 256
0x00007aca1fd34280 0x0000000aafb84280 0 0 1 0 0 2 1 42476 264
0x00007aca1fd34300 0x0000000aafb84300 0 1 1 0 0 2 1 42476 256
0x00007aca1fd34380 0x0000000aafb84380 0 1 1 0 0 2 1 42476 264
0x00007aca1fd34400 0x0000000aafb84400 0 0 0 0 0 2 1 42476 272
0x00007aca1fd34480 0x0000000aafb84480 0 0 0 0 0 2 1 42476 280
0x00007aca1fd34500 0x0000000aafb84500 0 1 0 0 0 2 1 42476 272
0x00007aca1fd34580 0x0000000aafb84580 0 1 0 0 0 2 1 42476 280
0x00007aca1fd34600 0x0000000aafb84600 0 0 1 0 0 2 1 42476 272
0x00007aca1fd34680 0x0000000aafb84680 0 0 1 0 0 2 1 42476 280
0x00007aca1fd34700 0x0000000aafb84700 0 1 1 0 0 2 1 42476 272
0x00007aca1fd34780 0x0000000aafb84780 0 1 1 0 0 2 1 42476 280
0x00007aca1fd34800 0x0000000aafb84800 0 0 0 0 0 2 1 42476 288
0x00007aca1fd34880 0x0000000aafb84880 0 0 0 0 0 2 1 42476 296
0x00007aca1fd34900 0x0000000aafb84900 0 1 0 0 0 2 1 42476 288
0x00007aca1fd34980 0x0000000aafb84980 0 1 0 0 0 2 1 42476 296
0x00007aca1fd34a00 0x0000000aafb84a00 0 0 1 0 0 2 1 42476 288
0x00007aca1fd34a80 0x0000000aafb84a80 0 0 1 0 0 2 1 42476 296
0x00007aca1fd34b00 0x0000000aafb84b00 0 1 1 0 0 2 1 42476 288
0x00007aca1fd34b80 0x0000000aafb84b80 0 1 1 0 0 2 1 42476 296
0x00007aca1fd34c00 0x0000000aafb84c00 0 0 0 0 0 2 1 42476 304
0x00007aca1fd34c80 0x0000000aafb84c80 0 0 0 0 0 2 1 42476 312
0x00007aca1fd34d00 0x0000000aafb84d00 0 1 0 0 0 2 1 42476 304
0x00007aca1fd34d80 0x0000000aafb84d80 0 1 0 0 0 2 1 42476 312
0x00007aca1fd34e00 0x0000000aafb84e00 0 0 1 0 0 2 1 42476 304
0x00007aca1fd34e80 0x0000000aafb84e80 0 0 1 0 0 2 1 42476 312
0x00007aca1fd34f00 0x0000000aafb84f00 0 1 1 0 0 2 1 42476 304
0x00007aca1fd34f80 0x0000000aafb84f80 0 1 1 0 0 2 1 42476 312
0x00007aca1fd36000 0x000000096d340000 0 0 0 0 0 2 1 36274 0
0x00007aca1fd36080 0x000000096d340080 0 0 0 0 0 2 1 36274 8
0x00007aca1fd36100 0x000000096d340100 0 1 0 0 0 2 1 36274 0
0x00007aca1fd36180 0x000000096d340180 0 1 0 0 0 2 1 36274 8
0x00007aca1fd36200 0x000000096d340200 0 0 1 0 0 2 1 36274 0
0x00007aca1fd36280 0x000000096d340280 0 0 1 0 0 2 1 36274 8
0x00007aca1fd36300 0x000000096d340300 0 1 1 0 0 2 1 36274 0
0x00007aca1fd36380 0x000000096d340380 0 1 1 0 0 2 1 36274 8
0x00007aca1fd36400 0x000000096d340400 0 0 0 0 0 2 1 36274 16
0x00007aca1fd36480 0x000000096d340480 0 0 0 0 0 2 1 36274 24
0x00007aca1fd36500 0x000000096d340500 0 1 0 0 0 2 1 36274 16
0x00007aca1fd36580 0x000000096d340580 0 1 0 0 0 2 1 36274 24
0x00007aca1fd36600 0x000000096d340600 0 0 1 0 0 2 1 36274 16
0x00007aca1fd36680 0x000000096d340680 0 0 1 0 0 2 1 36274 24
0x00007aca1fd36700 0x000000096d340700 0 1 1 0 0 2 1 36274 16
0x00007aca1fd36780 0x000000096d340780 0 1 1 0 0 2 1 36274 24
0x00007aca1fd36800 0x000000096d340800 0 0 0 0 0 2 1 36274 32
0x00007aca1fd36880 0x000000096d340880 0 0 0 0 0 2 1 36274 40
0x00007aca1fd36900 0x000000096d340900 0 1 0 0 0 2 1 36274 32
0x00007aca1fd36980 0x000000096d340980 0 1 0 0 0 2 1 36274 40
0x00007aca1fd36a00 0x000000096d340a00 0 0 1 0 0 2 1 36274 32
0x00007aca1fd36a80 0x000000096d340a80 0 0 1 0 0 2 1 36274 40
0x00007aca1fd36b00 0x000000096d340b00 0 1 1 0 0 2 1 36274 32
0x00007aca1fd36b80 0x000000096d340b80 0 1 1 0 0 2 1 36274 40
0x00007aca1fd36c00 0x000000096d340c00 0 0 0 0 0 2 1 36274 48
0x00007aca1fd36c80 0x000000096d340c80 0 0 0 0 0 2 1 36274 56
0x00007aca1fd36d00 0x000000096d340d00 0 1 0 0 0 2 1 36274 48
0x00007aca1fd36d80 0x000000096d340d80 0 1 0 0 0 2 1 36274 56
0x00007aca1fd36e00 0x000000096d340e00 0 0 1 0 0 2 1 36274 48
0x00007aca1fd36e80 0x000000096d340e80 0 0 1 0 0 2 1 36274 56
0x00007aca1fd36f00 0x000000096d340f00 0 1 1 0 0 2 1 36274 48
0x00007aca1fd36f80 0x000000096d340f80 0 1 1 0 0 2 1 36274 56
0x00007aca1fd37000 0x0000000cc83dd000 0 0 0 0 1 2 1 51462 832
0x00007aca1fd37080 0x0000000cc83dd080 0 0 0 0 1 2 1 51462 840
0x00007aca1fd37100 0x0000000cc83dd100 0 1 0 0 1 2 1 51462 832
0x00007aca1fd37180 0x0000000cc83dd180 0 1 0 0 1 2 1 51462 840
0x00007aca1fd37200 0x0000000cc83dd200 0 0 1 0 1 2 1 51462 832
0x00007aca1fd37280 0x0000000cc83dd280 0 0 1 0 1 2 1 51462 840
0x00007aca1fd37300 0x0000000cc83dd300 0 1 1 0 1 2 1 51462 832
0x00007aca1fd37380 0x0000000cc83dd380 0 1 1 0 1 2 1 51462 840
0x00007aca1fd37400 0x0000000cc83dd400 0 0 0 0 1 2 1 51462 848
0x00007aca1fd37480 0x0000000cc83dd480 0 0 0 0 1 2 1 51462 856
0x00007aca1fd37500 0x0000000cc83dd500 0 1 0 0 1 2 1 51462 848
0x00007aca1fd37580 0x0000000cc83dd580 0 1 0 0 1 2 1 51462 856
0x00007aca1fd37600 0x0000000cc83dd600 0 0 1 0 1 2 1 51462 848
0x00007aca1fd37680 0x0000000cc83dd680 0 0 1 0 1 2 1 51462 856
0x00007aca1fd37700 0x0000000cc83dd700 0 1 1 0 1 2 1 51462 848
0x00007aca1fd37780 0x0000000cc83dd780 0 1 1 0 1 2 1 51462 856
0x00007aca1fd37800 0x0000000cc83dd800 0 0 0 0 1 2 1 51462 864
0x00007aca1fd37880 0x0000000cc83dd880 0 0 0 0 1 2 1 51462 872
0x00007aca1fd37900 0x0000000cc83dd900 0 1 0 0 1 2 1 51462 864
0x00007aca1fd37980 0x0000000cc83dd980 0 1 0 0 1 2 1 51462 872
0x00007aca1fd37a00 0x0000000cc83dda00 0 0 1 0 1 2 1 51462 864
0x00007aca1fd37a80 0x0000000cc83dda80 0 0 1 0 1 2 1 51462 872
0x00007aca1fd37b00 0x0000000cc83ddb00 0 1 1 0 1 2 1 51462 864
0x00007aca1fd37b80 0x0000000cc83ddb80 0 1 1 0 1 2 1 51462 872
0x00007aca1fd37c00 0x0000000cc83ddc00 0 0 0 0 1 2 1 51462 880
0x00007aca1fd37c80 0x0000000cc83ddc80 0 0 0 0 1 2 1 51462 888
0x00007aca1fd37d00 0x0000000cc83ddd00 0 1 0 0 1 2 1 51462 880
0x00007aca1fd37d80 0x0000000cc83ddd80 0 1 0 0 1 2 1 51462 888
0x00007aca1fd37e00 0x0000000cc83dde00 0 0 1 0 1 2 1 51462 880
0x00007aca1fd37e80 0x0000000cc83dde80 0 0 1 0 1 2 1 51462 888
0x00007aca1fd37f00 0x0000000cc83ddf00 0 1 1 0 1 2 1 51462 880
0x00007aca1fd37f80 0x0000000cc83ddf80 0 1 1 0 1 2 1 51462 888
0x00007aca1fd38000 0x000000088d3ae000 0 0 0 0 1 2 1 33189 384
0x00007aca1fd38080 0x000000088d3ae080 0 0 0 0 1 2 1 33189 392
0x00007aca1fd38100 0x000000088d3ae100 0 1 0 0 1 2 1 33189 384
0x00007aca1fd38180 0x000000088d3ae180 0 1 0 0 1 2 1 33189 392
0x00007aca1fd38200 0x000000088d3ae200 0 0 1 0 1 2 1 33189 384
0x00007aca1fd38280 0x000000088d3ae280 0 0 1 0 1 2 1 33189 392
0x00007aca1fd38300 0x000000088d3ae300 0 1 1 0 1 2 1 33189 384
0x00007aca1fd38380 0x000000088d3ae380 0 1 1 0 1 2 1 33189 392
0x00007aca1fd38400 0x000000088d3ae400 0 0 0 0 1 2 1 33189 400
0x00007aca1fd38480 0x000000088d3ae480 0 0 0 0 1 2 1 33189 408
0x00007aca1fd38500 0x000000088d3ae500 0 1 0 0 1 2 1 33189 400
0x00007aca1fd38580 0x000000088d3ae580 0 1 0 0 1 2 1 33189 408
0x00007aca1fd38600 0x000000088d3ae600 0 0 1 0 1 2 1 33189 400
0x00007aca1fd38680 0x000000088d3ae680 0 0 1 0 1 2 1 33189 408
0x00007aca1fd38700 0x000000088d3ae700 0 1 1 0 1 2 1 33189 400
0x00007aca1fd38780 0x000000088d3ae780 0 1 1 0 1 2 1 33189 408
0x00007aca1fd38800 0x000000088d3ae800 0 0 0 0 1 2 1 33189 416
0x00007aca1fd38880 0x000000088d3ae880 0 0 0 0 1 2 1 33189 424
0x00007aca1fd38900 0x000000088d3ae900 0 1 0 0 1 2 1 33189 416
0x00007aca1fd38980 0x000000088d3ae980 0 1 0 0 1 2 1 33189 424
0x00007aca1fd38a00 0x000000088d3aea00 0 0 1 0 1 2 1 33189 416
0x00007aca1fd38a80 0x000000088d3aea80 0 0 1 0 1 2 1 33189 424
0x00007aca1fd38b00 0x000000088d3aeb00 0 1 1 0 1 2 1 33189 416
0x00007aca1fd38b80 0x000000088d3aeb80 0 1 1 0 1 2 1 33189 424
0x00007aca1fd38c00 0x000000088d3aec00 0 0 0 0 1 2 1 33189 432
0x00007aca1fd38c80 0x000000088d3aec80 0 0 0 0 1 2 1 33189 440
0x00007aca1fd38d00 0x000000088d3aed00 0 1 0 0 1 2 1 33189 432
0x00007aca1fd38d80 0x000000088d3aed80 0 1 0 0 1 2 1 33189 440
0x00007aca1fd38e00 0x000000088d3aee00 0 0 1 0 1 2 1 33189 432
0x00007aca1fd38e80 0x000000088d3aee80 0 0 1 0 1 2 1 33189 440
0x00007aca1fd38f00 0x000000088d3aef00 0 1 1 0 1 2 1 33189 432
0x00007aca1fd38f80 0x000000088d3aef80 0 1 1 0 1 2 1 33189 440
0x00007aca1fd3a000 0x000000088d3ad000 0 0 0 0 1 2 1 33189 320
0x00007aca1fd3a080 0x000000088d3ad080 0 0 0 0 1 2 1 33189 328
0x00007aca1fd3a100 0x000000088d3ad100 0 1 0 0 1 2 1 33189 320
0x00007aca1fd3a180 0x000000088d3ad180 0 1 0 0 1 2 1 33189 328
0x00007aca1fd3a200 0x000000088d3ad200 0 0 1 0 1 2 1 33189 320
0x00007aca1fd3a280 0x000000088d3ad280 0 0 1 0 1 2 1 33189 328
0x00007aca1fd3a300 0x000000088d3ad300 0 1 1 0 1 2 1 33189 320
0x00007aca1fd3a380 0x000000088d3ad380 0 1 1 0 1 2 1 33189 328
0x00007aca1fd3a400 0x000000088d3ad400 0 0 0 0 1 2 1 33189 336
0x00007aca1fd3a480 0x000000088d3ad480 0 0 0 0 1 2 1 33189 344
0x00007aca1fd3a500 0x000000088d3ad500 0 1 0 0 1 2 1 33189 336
0x00007aca1fd3a580 0x000000088d3ad580 0 1 0 0 1 2 1 33189 344
0x00007aca1fd3a600 0x000000088d3ad600 0 0 1 0 1 2 1 33189 336
0x00007aca1fd3a680 0x000000088d3ad680 0 0 1 0 1 2 1 33189 344
0x00007aca1fd3a700 0x000000088d3ad700 0 1 1 0 1 2 1 33189 336
0x00007aca1fd3a780 0x000000088d3ad780 0 1 1 0 1 2 1 33189 344
0x00007aca1fd3a800 0x000000088d3ad800 0 0 0 0 1 2 1 33189 352
0x00007aca1fd3a880 0x000000088d3ad880 0 0 0 0 1 2 1 33189 360
0x00007aca1fd3a900 0x000000088d3ad900 0 1 0 0 1 2 1 33189 352
0x00007aca1fd3a980 0x000000088d3ad980 0 1 0 0 1 2 1 33189 360
0x00007aca1fd3aa00 0x000000088d3ada00 0 0 1 0 1 2 1 33189 352
0x00007aca1fd3aa80 0x000000088d3ada80 0 0 1 0 1 2 1 33189 360
0x00007aca1fd3ab00 0x000000088d3adb00 0 1 1 0 1 2 1 33189 352
0x00007aca1fd3ab80 0x000000088d3adb80 0 1 1 0 1 2 1 33189 360
0x00007aca1fd3ac00 0x000000088d3adc00 0 0 0 0 1 2 1 33189 368
0x00007aca1fd3ac80 0x000000088d3adc80 0 0 0 0 1 2 1 33189 376
0x00007aca1fd3ad00 0x000000088d3add00 0 1 0 0 1 2 1 33189 368
0x00007aca1fd3ad80 0x000000088d3add80 0 1 0 0 1 2 1 33189 376
0x00007aca1fd3ae00 0x000000088d3ade00 0 0 1 0 1 2 1 33189 368
0x00007aca1fd3ae80 0x000000088d3ade80 0 0 1 0 1 2 1 33189 376
0x00007aca1fd3af00 0x000000088d3adf00 0 1 1 0 1 2 1 33189 368
0x00007aca1fd3af80 0x000000088d3adf80 0 1 1 0 1 2 1 33189 376
0x00007aca1fd3c000 0x0000000c6abab000 0 0 0 0 1 2 1 48477 192
0x00007aca1fd3c080 0x0000000c6abab080 0 0 0 0 1 2 1 48477 200
0x00007aca1fd3c100 0x0000000c6abab100 0 1 0 0 1 2 1 48477 192
0x00007aca1fd3c180 0x0000000c6abab180 0 1 0 0 1 2 1 48477 200
0x00007aca1fd3c200 0x0000000c6abab200 0 0 1 0 1 2 1 48477 192
0x00007aca1fd3c280 0x0000000c6abab280 0 0 1 0 1 2 1 48477 200
0x00007aca1fd3c300 0x0000000c6abab300 0 1 1 0 1 2 1 48477 192
0x00007aca1fd3c380 0x0000000c6abab380 0 1 1 0 1 2 1 48477 200
0x00007aca1fd3c400 0x0000000c6abab400 0 0 0 0 1 2 1 48477 208
0x00007aca1fd3c480 0x0000000c6abab480 0 0 0 0 1 2 1 48477 216
0x00007aca1fd3c500 0x0000000c6abab500 0 1 0 0 1 2 1 48477 208
0x00007aca1fd3c580 0x0000000c6abab580 0 1 0 0 1 2 1 48477 216
0x00007aca1fd3c600 0x0000000c6abab600 0 0 1 0 1 2 1 48477 208
0x00007aca1fd3c680 0x0000000c6abab680 0 0 1 0 1 2 1 48477 216
0x00007aca1fd3c700 0x0000000c6abab700 0 1 1 0 1 2 1 48477 208
0x00007aca1fd3c780 0x0000000c6abab780 0 1 1 0 1 2 1 48477 216
0x00007aca1fd3c800 0x0000000c6abab800 0 0 0 0 1 2 1 48477 224
0x00007aca1fd3c880 0x0000000c6abab880 0 0 0 0 1 2 1 48477 232
0x00007aca1fd3c900 0x0000000c6abab900 0 1 0 0 1 2 1 48477 224
0x00007aca1fd3c980 0x0000000c6abab980 0 1 0 0 1 2 1 48477 232
0x00007aca1fd3ca00 0x0000000c6ababa00 0 0 1 0 1 2 1 48477 224
0x00007aca1fd3ca80 0x0000000c6ababa80 0 0 1 0 1 2 1 48477 232
0x00007aca1fd3cb00 0x0000000c6ababb00 0 1 1 0 1 2 1 48477 224
0x00007aca1fd3cb80 0x0000000c6ababb80 0 1 1 0 1 2 1 48477 232
0x00007aca1fd3cc00 0x0000000c6ababc00 0 0 0 0 1 2 1 48477 240
0x00007aca1fd3cc80 0x0000000c6ababc80 0 0 0 0 1 2 1 48477 248
0x00007aca1fd3cd00 0x0000000c6ababd00 0 1 0 0 1 2 1 48477 240
0x00007aca1fd3cd80 0x0000000c6ababd80 0 1 0 0 1 2 1 48477 248
0x00007aca1fd3ce00 0x0000000c6ababe00 0 0 1 0 1 2 1 48477 240
0x00007aca1fd3ce80 0x0000000c6ababe80 0 0 1 0 1 2 1 48477 248
0x00007aca1fd3cf00 0x0000000c6ababf00 0 1 1 0 1 2 1 48477 240
0x00007aca1fd3cf80 0x0000000c6ababf80 0 1 1 0 1 2 1 48477 248
0x00007aca1fd3d000 0x000000087e395000 0 0 0 0 0 2 1 32724 832
0x00007aca1fd3d080 0x000000087e395080 0 0 0 0 0 2 1 32724 840
0x00007aca1fd3d100 0x000000087e395100 0 1 0 0 0 2 1 32724 832
0x00007aca1fd3d180 0x000000087e395180 0 1 0 0 0 2 1 32724 840
0x00007aca1fd3d200 0x000000087e395200 0 0 1 0 0 2 1 32724 832
0x00007aca1fd3d280 0x000000087e395280 0 0 1 0 0 2 1 32724 840
0x00007aca1fd3d300 0x000000087e395300 0 1 1 0 0 2 1 32724 832
0x00007aca1fd3d380 0x000000087e395380 0 1 1 0 0 2 1 32724 840
0x00007aca1fd3d400 0x000000087e395400 0 0 0 0 0 2 1 32724 848
0x00007aca1fd3d480 0x000000087e395480 0 0 0 0 0 2 1 32724 856
0x00007aca1fd3d500 0x000000087e395500 0 1 0 0 0 2 1 32724 848
0x00007aca1fd3d580 0x000000087e395580 0 1 0 0 0 2 1 32724 856
0x00007aca1fd3d600 0x000000087e395600 0 0 1 0 0 2 1 32724 848
0x00007aca1fd3d680 0x000000087e395680 0 0 1 0 0 2 1 32724 856
0x00007aca1fd3d700 0x000000087e395700 0 1 1 0 0 2 1 32724 848
0x00007aca1fd3d780 0x000000087e395780 0 1 1 0 0 2 1 32724 856
0x00007aca1fd3d800 0x000000087e395800 0 0 0 0 0 2 1 32724 864
0x00007aca1fd3d880 0x000000087e395880 0 0 0 0 0 2 1 32724 872
0x00007aca1fd3d900 0x000000087e395900 0 1 0 0 0 2 1 32724 864
0x00007aca1fd3d980 0x000000087e395980 0 1 0 0 0 2 1 32724 872
0x00007aca1fd3da00 0x000000087e395a00 0 0 1 0 0 2 1 32724 864
0x00007aca1fd3da80 0x000000087e395a80 0 0 1 0 0 2 1 32724 872
0x00007aca1fd3db00 0x000000087e395b00 0 1 1 0 0 2 1 32724 864
0x00007aca1fd3db80 0x000000087e395b80 0 1 1 0 0 2 1 32724 872
0x00007aca1fd3dc00 0x000000087e395c00 0 0 0 0 0 2 1 32724 880
0x00007aca1fd3dc80 0x000000087e395c80 0 0 0 0 0 2 1 32724 888
0x00007aca1fd3dd00 0x000000087e395d00 0 1 0 0 0 2 1 32724 880
0x00007aca1fd3dd80 0x000000087e395d80 0 1 0 0 0 2 1 32724 888
0x00007aca1fd3de00 0x000000087e395e00 0 0 1 0 0 2 1 32724 880
0x00007aca1fd3de80 0x000000087e395e80 0 0 1 0 0 2 1 32724 888
0x00007aca1fd3df00 0x000000087e395f00 0 1 1 0 0 2 1 32724 880
0x00007aca1fd3df80 0x000000087e395f80 0 1 1 0 0 2 1 32724 888
0x00007aca1fd55000 0x0000000da7b4d000 0 0 0 0 1 2 1 54506 320
0x00007aca1fd55080 0x0000000da7b4d080 0 0 0 0 1 2 1 54506 328
0x00007aca1fd55100 0x0000000da7b4d100 0 1 0 0 1 2 1 54506 320
0x00007aca1fd55180 0x0000000da7b4d180 0 1 0 0 1 2 1 54506 328
0x00007aca1fd55200 0x0000000da7b4d200 0 0 1 0 1 2 1 54506 320
0x00007aca1fd55280 0x0000000da7b4d280 0 0 1 0 1 2 1 54506 328
0x00007aca1fd55300 0x0000000da7b4d300 0 1 1 0 1 2 1 54506 320
0x00007aca1fd55380 0x0000000da7b4d380 0 1 1 0 1 2 1 54506 328
0x00007aca1fd55400 0x0000000da7b4d400 0 0 0 0 1 2 1 54506 336
0x00007aca1fd55480 0x0000000da7b4d480 0 0 0 0 1 2 1 54506 344
0x00007aca1fd55500 0x0000000da7b4d500 0 1 0 0 1 2 1 54506 336
0x00007aca1fd55580 0x0000000da7b4d580 0 1 0 0 1 2 1 54506 344
0x00007aca1fd55600 0x0000000da7b4d600 0 0 1 0 1 2 1 54506 336
0x00007aca1fd55680 0x0000000da7b4d680 0 0 1 0 1 2 1 54506 344
0x00007aca1fd55700 0x0000000da7b4d700 0 1 1 0 1 2 1 54506 336
0x00007aca1fd55780 0x0000000da7b4d780 0 1 1 0 1 2 1 54506 344
0x00007aca1fd55800 0x0000000da7b4d800 0 0 0 0 1 2 1 54506 352
0x00007aca1fd55880 0x0000000da7b4d880 0 0 0 0 1 2 1 54506 360
0x00007aca1fd55900 0x0000000da7b4d900 0 1 0 0 1 2 1 54506 352
0x00007aca1fd55980 0x0000000da7b4d980 0 1 0 0 1 2 1 54506 360
0x00007aca1fd55a00 0x0000000da7b4da00 0 0 1 0 1 2 1 54506 352
0x00007aca1fd55a80 0x0000000da7b4da80 0 0 1 0 1 2 1 54506 360
0x00007aca1fd55b00 0x0000000da7b4db00 0 1 1 0 1 2 1 54506 352
0x00007aca1fd55b80 0x0000000da7b4db80 0 1 1 0 1 2 1 54506 360
0x00007aca1fd55c00 0x0000000da7b4dc00 0 0 0 0 1 2 1 54506 368
0x00007aca1fd55c80 0x0000000da7b4dc80 0 0 0 0 1 2 1 54506 376
0x00007aca1fd55d00 0x0000000da7b4dd00 0 1 0 0 1 2 1 54506 368
0x00007aca1fd55d80 0x0000000da7b4dd80 0 1 0 0 1 2 1 54506 376
0x00007aca1fd55e00 0x0000000da7b4de00 0 0 1 0 1 2 1 54506 368
0x00007aca1fd55e80 0x0000000da7b4de80 0 0 1 0 1 2 1 54506 376
0x00007aca1fd55f00 0x0000000da7b4df00 0 1 1 0 1 2 1 54506 368
0x00007aca1fd55f80 0x0000000da7b4df80 0 1 1 0 1 2 1 54506 376
0x00007aca1fd5b000 0x0000000423b1d000 0 0 0 0 1 2 1 13432 832
0x00007aca1fd5b080 0x0000000423b1d080 0 0 0 0 1 2 1 13432 840
0x00007aca1fd5b100 0x0000000423b1d100 0 1 0 0 1 2 1 13432 832
0x00007aca1fd5b180 0x0000000423b1d180 0 1 0 0 1 2 1 13432 840
0x00007aca1fd5b200 0x0000000423b1d200 0 0 1 0 1 2 1 13432 832
0x00007aca1fd5b280 0x0000000423b1d280 0 0 1 0 1 2 1 13432 840
0x00007aca1fd5b300 0x0000000423b1d300 0 1 1 0 1 2 1 13432 832
0x00007aca1fd5b380 0x0000000423b1d380 0 1 1 0 1 2 1 13432 840
0x00007aca1fd5b400 0x0000000423b1d400 0 0 0 0 1 2 1 13432 848
0x00007aca1fd5b480 0x0000000423b1d480 0 0 0 0 1 2 1 13432 856
0x00007aca1fd5b500 0x0000000423b1d500 0 1 0 0 1 2 1 13432 848
0x00007aca1fd5b580 0x0000000423b1d580 0 1 0 0 1 2 1 13432 856
0x00007aca1fd5b600 0x0000000423b1d600 0 0 1 0 1 2 1 13432 848
0x00007aca1fd5b680 0x0000000423b1d680 0 0 1 0 1 2 1 13432 856
0x00007aca1fd5b700 0x0000000423b1d700 0 1 1 0 1 2 1 13432 848
0x00007aca1fd5b780 0x0000000423b1d780 0 1 1 0 1 2 1 13432 856
0x00007aca1fd5b800 0x0000000423b1d800 0 0 0 0 1 2 1 13432 864
0x00007aca1fd5b880 0x0000000423b1d880 0 0 0 0 1 2 1 13432 872
0x00007aca1fd5b900 0x0000000423b1d900 0 1 0 0 1 2 1 13432 864
0x00007aca1fd5b980 0x0000000423b1d980 0 1 0 0 1 2 1 13432 872
0x00007aca1fd5ba00 0x0000000423b1da00 0 0 1 0 1 2 1 13432 864
0x00007aca1fd5ba80 0x0000000423b1da80 0 0 1 0 1 2 1 13432 872
0x00007aca1fd5bb00 0x0000000423b1db00 0 1 1 0 1 2 1 13432 864
0x00007aca1fd5bb80 0x0000000423b1db80 0 1 1 0 1 2 1 13432 872
0x00007aca1fd5bc00 0x0000000423b1dc00 0 0 0 0 1 2 1 13432 880
0x00007aca1fd5bc80 0x0000000423b1dc80 0 0 0 0 1 2 1 13432 888
0x00007aca1fd5bd00 0x0000000423b1dd00 0 1 0 0 1 2 1 13432 880
0x00007aca1fd5bd80 0x0000000423b1dd80 0 1 0 0 1 2 1 13432 888
0x00007aca1fd5be00 0x0000000423b1de00 0 0 1 0 1 2 1 13432 880
0x00007aca1fd5be80 0x0000000423b1de80 0 0 1 0 1 2 1 13432 888
0x00007aca1fd5bf00 0x0000000423b1df00 0 1 1 0 1 2 1 13432 880
0x00007aca1fd5bf80 0x0000000423b1df80 0 1 1 0 1 2 1 13432 888
0x00007aca1fd67000 0x0000000f2fbea000 0 0 0 0 1 2 1 58879 128
0x00007aca1fd67080 0x0000000f2fbea080 0 0 0 0 1 2 1 58879 136
0x00007aca1fd67100 0x0000000f2fbea100 0 1 0 0 1 2 1 58879 128
0x00007aca1fd67180 0x0000000f2fbea180 0 1 0 0 1 2 1 58879 136
0x00007aca1fd67200 0x0000000f2fbea200 0 0 1 0 1 2 1 58879 128
0x00007aca1fd67280 0x0000000f2fbea280 0 0 1 0 1 2 1 58879 136
0x00007aca1fd67300 0x0000000f2fbea300 0 1 1 0 1 2 1 58879 128
0x00007aca1fd67380 0x0000000f2fbea380 0 1 1 0 1 2 1 58879 136
0x00007aca1fd67400 0x0000000f2fbea400 0 0 0 0 1 2 1 58879 144
0x00007aca1fd67480 0x0000000f2fbea480 0 0 0 0 1 2 1 58879 152
0x00007aca1fd67500 0x0000000f2fbea500 0 1 0 0 1 2 1 58879 144
0x00007aca1fd67580 0x0000000f2fbea580 0 1 0 0 1 2 1 58879 152
0x00007aca1fd67600 0x0000000f2fbea600 0 0 1 0 1 2 1 58879 144
0x00007aca1fd67680 0x0000000f2fbea680 0 0 1 0 1 2 1 58879 152
0x00007aca1fd67700 0x0000000f2fbea700 0 1 1 0 1 2 1 58879 144
0x00007aca1fd67780 0x0000000f2fbea780 0 1 1 0 1 2 1 58879 152
0x00007aca1fd67800 0x0000000f2fbea800 0 0 0 0 1 2 1 58879 160
0x00007aca1fd67880 0x0000000f2fbea880 0 0 0 0 1 2 1 58879 168
0x00007aca1fd67900 0x0000000f2fbea900 0 1 0 0 1 2 1 58879 160
0x00007aca1fd67980 0x0000000f2fbea980 0 1 0 0 1 2 1 58879 168
0x00007aca1fd67a00 0x0000000f2fbeaa00 0 0 1 0 1 2 1 58879 160
0x00007aca1fd67a80 0x0000000f2fbeaa80 0 0 1 0 1 2 1 58879 168
0x00007aca1fd67b00 0x0000000f2fbeab00 0 1 1 0 1 2 1 58879 160
0x00007aca1fd67b80 0x0000000f2fbeab80 0 1 1 0 1 2 1 58879 168
0x00007aca1fd67c00 0x0000000f2fbeac00 0 0 0 0 1 2 1 58879 176
0x00007aca1fd67c80 0x0000000f2fbeac80 0 0 0 0 1 2 1 58879 184
0x00007aca1fd67d00 0x0000000f2fbead00 0 1 0 0 1 2 1 58879 176
0x00007aca1fd67d80 0x0000000f2fbead80 0 1 0 0 1 2 1 58879 184
0x00007aca1fd67e00 0x0000000f2fbeae00 0 0 1 0 1 2 1 58879 176
0x00007aca1fd67e80 0x0000000f2fbeae80 0 0 1 0 1 2 1 58879 184
0x00007aca1fd67f00 0x0000000f2fbeaf00 0 1 1 0 1 2 1 58879 176
0x00007aca1fd67f80 0x0000000f2fbeaf80 0 1 1 0 1 2 1 58879 184
0x00007aca1fd69000 0x0000000708b4c000 0 0 0 0 1 2 1 24858 256
0x00007aca1fd69080 0x0000000708b4c080 0 0 0 0 1 2 1 24858 264
0x00007aca1fd69100 0x0000000708b4c100 0 1 0 0 1 2 1 24858 256
0x00007aca1fd69180 0x0000000708b4c180 0 1 0 0 1 2 1 24858 264
0x00007aca1fd69200 0x0000000708b4c200 0 0 1 0 1 2 1 24858 256
0x00007aca1fd69280 0x0000000708b4c280 0 0 1 0 1 2 1 24858 264
0x00007aca1fd69300 0x0000000708b4c300 0 1 1 0 1 2 1 24858 256
0x00007aca1fd69380 0x0000000708b4c380 0 1 1 0 1 2 1 24858 264
0x00007aca1fd69400 0x0000000708b4c400 0 0 0 0 1 2 1 24858 272
0x00007aca1fd69480 0x0000000708b4c480 0 0 0 0 1 2 1 24858 280
0x00007aca1fd69500 0x0000000708b4c500 0 1 0 0 1 2 1 24858 272
0x00007aca1fd69580 0x0000000708b4c580 0 1 0 0 1 2 1 24858 280
0x00007aca1fd69600 0x0000000708b4c600 0 0 1 0 1 2 1 24858 272
0x00007aca1fd69680 0x0000000708b4c680 0 0 1 0 1 2 1 24858 280
0x00007aca1fd69700 0x0000000708b4c700 0 1 1 0 1 2 1 24858 272
0x00007aca1fd69780 0x0000000708b4c780 0 1 1 0 1 2 1 24858 280
0x00007aca1fd69800 0x0000000708b4c800 0 0 0 0 1 2 1 24858 288
0x00007aca1fd69880 0x0000000708b4c880 0 0 0 0 1 2 1 24858 296
0x00007aca1fd69900 0x0000000708b4c900 0 1 0 0 1 2 1 24858 288
0x00007aca1fd69980 0x0000000708b4c980 0 1 0 0 1 2 1 24858 296
0x00007aca1fd69a00 0x0000000708b4ca00 0 0 1 0 1 2 1 24858 288
0x00007aca1fd69a80 0x0000000708b4ca80 0 0 1 0 1 2 1 24858 296
0x00007aca1fd69b00 0x0000000708b4cb00 0 1 1 0 1 2 1 24858 288
0x00007aca1fd69b80 0x0000000708b4cb80 0 1 1 0 1 2 1 24858 296
0x00007aca1fd69c00 0x0000000708b4cc00 0 0 0 0 1 2 1 24858 304
0x00007aca1fd69c80 0x0000000708b4cc80 0 0 0 0 1 2 1 24858 312
0x00007aca1fd69d00 0x0000000708b4cd00 0 1 0 0 1 2 1 24858 304
0x00007aca1fd69d80 0x0000000708b4cd80 0 1 0 0 1 2 1 24858 312
0x00007aca1fd69e00 0x0000000708b4ce00 0 0 1 0 1 2 1 24858 304
0x00007aca1fd69e80 0x0000000708b4ce80 0 0 1 0 1 2 1 24858 312
0x00007aca1fd69f00 0x0000000708b4cf00 0 1 1 0 1 2 1 24858 304
0x00007aca1fd69f80 0x0000000708b4cf80 0 1 1 0 1 2 1 24858 312
0x00007aca1fd70000 0x000000019c3e2000 0 0 0 0 0 2 1 4999 128
0x00007aca1fd70080 0x000000019c3e2080 0 0 0 0 0 2 1 4999 136
0x00007aca1fd70100 0x000000019c3e2100 0 1 0 0 0 2 1 4999 128
0x00007aca1fd70180 0x000000019c3e2180 0 1 0 0 0 2 1 4999 136
0x00007aca1fd70200 0x000000019c3e2200 0 0 1 0 0 2 1 4999 128
0x00007aca1fd70280 0x000000019c3e2280 0 0 1 0 0 2 1 4999 136
0x00007aca1fd70300 0x000000019c3e2300 0 1 1 0 0 2 1 4999 128
0x00007aca1fd70380 0x000000019c3e2380 0 1 1 0 0 2 1 4999 136
0x00007aca1fd70400 0x000000019c3e2400 0 0 0 0 0 2 1 4999 144
0x00007aca1fd70480 0x000000019c3e2480 0 0 0 0 0 2 1 4999 152
0x00007aca1fd70500 0x000000019c3e2500 0 1 0 0 0 2 1 4999 144
0x00007aca1fd70580 0x000000019c3e2580 0 1 0 0 0 2 1 4999 152
0x00007aca1fd70600 0x000000019c3e2600 0 0 1 0 0 2 1 4999 144
0x00007aca1fd70680 0x000000019c3e2680 0 0 1 0 0 2 1 4999 152
0x00007aca1fd70700 0x000000019c3e2700 0 1 1 0 0 2 1 4999 144
0x00007aca1fd70780 0x000000019c3e2780 0 1 1 0 0 2 1 4999 152
0x00007aca1fd70800 0x000000019c3e2800 0 0 0 0 0 2 1 4999 160
0x00007aca1fd70880 0x000000019c3e2880 0 0 0 0 0 2 1 4999 168
0x00007aca1fd70900 0x000000019c3e2900 0 1 0 0 0 2 1 4999 160
0x00007aca1fd70980 0x000000019c3e2980 0 1 0 0 0 2 1 4999 168
0x00007aca1fd70a00 0x000000019c3e2a00 0 0 1 0 0 2 1 4999 160
0x00007aca1fd70a80 0x000000019c3e2a80 0 0 1 0 0 2 1 4999 168
0x00007aca1fd70b00 0x000000019c3e2b00 0 1 1 0 0 2 1 4999 160
0x00007aca1fd70b80 0x000000019c3e2b80 0 1 1 0 0 2 1 4999 168
0x00007aca1fd70c00 0x000000019c3e2c00 0 0 0 0 0 2 1 4999 176
0x00007aca1fd70c80 0x000000019c3e2c80 0 0 0 0 0 2 1 4999 184
0x00007aca1fd70d00 0x000000019c3e2d00 0 1 0 0 0 2 1 4999 176
0x00007aca1fd70d80 0x000000019c3e2d80 0 1 0 0 0 2 1 4999 184
0x00007aca1fd70e00 0x000000019c3e2e00 0 0 1 0 0 2 1 4999 176
0x00007aca1fd70e80 0x000000019c3e2e80 0 0 1 0 0 2 1 4999 184
0x00007aca1fd70f00 0x000000019c3e2f00 0 1 1 0 0 2 1 4999 176
0x00007aca1fd70f80 0x000000019c3e2f80 0 1 1 0 0 2 1 4999 184
0x00007aca1fd7f000 0x00000009fbba0000 0 0 0 0 0 2 1 40813 0
0x00007aca1fd7f080 0x00000009fbba0080 0 0 0 0 0 2 1 40813 8
0x00007aca1fd7f100 0x00000009fbba0100 0 1 0 0 0 2 1 40813 0
0x00007aca1fd7f180 0x00000009fbba0180 0 1 0 0 0 2 1 40813 8
0x00007aca1fd7f200 0x00000009fbba0200 0 0 1 0 0 2 1 40813 0
0x00007aca1fd7f280 0x00000009fbba0280 0 0 1 0 0 2 1 40813 8
0x00007aca1fd7f300 0x00000009fbba0300 0 1 1 0 0 2 1 40813 0
0x00007aca1fd7f380 0x00000009fbba0380 0 1 1 0 0 2 1 40813 8
0x00007aca1fd7f400 0x00000009fbba0400 0 0 0 0 0 2 1 40813 16
0x00007aca1fd7f480 0x00000009fbba0480 0 0 0 0 0 2 1 40813 24
0x00007aca1fd7f500 0x00000009fbba0500 0 1 0 0 0 2 1 40813 16
0x00007aca1fd7f580 0x00000009fbba0580 0 1 0 0 0 2 1 40813 24
0x00007aca1fd7f600 0x00000009fbba0600 0 0 1 0 0 2 1 40813 16
0x00007aca1fd7f680 0x00000009fbba0680 0 0 1 0 0 2 1 40813 24
0x00007aca1fd7f700 0x00000009fbba0700 0 1 1 0 0 2 1 40813 16
0x00007aca1fd7f780 0x00000009fbba0780 0 1 1 0 0 2 1 40813 24
0x00007aca1fd7f800 0x00000009fbba0800 0 0 0 0 0 2 1 40813 32
0x00007aca1fd7f880 0x00000009fbba0880 0 0 0 0 0 2 1 40813 40
0x00007aca1fd7f900 0x00000009fbba0900 0 1 0 0 0 2 1 40813 32
0x00007aca1fd7f980 0x00000009fbba0980 0 1 0 0 0 2 1 40813 40
0x00007aca1fd7fa00 0x00000009fbba0a00 0 0 1 0 0 2 1 40813 32
0x00007aca1fd7fa80 0x00000009fbba0a80 0 0 1 0 0 2 1 40813 40
0x00007aca1fd7fb00 0x00000009fbba0b00 0 1 1 0 0 2 1 40813 32
0x00007aca1fd7fb80 0x00000009fbba0b80 0 1 1 0 0 2 1 40813 40
0x00007aca1fd7fc00 0x00000009fbba0c00 0 0 0 0 0 2 1 40813 48
0x00007aca1fd7fc80 0x00000009fbba0c80 0 0 0 0 0 2 1 40813 56
0x00007aca1fd7fd00 0x00000009fbba0d00 0 1 0 0 0 2 1 40813 48
0x00007aca1fd7fd80 0x00000009fbba0d80 0 1 0 0 0 2 1 40813 56
0x00007aca1fd7fe00 0x00000009fbba0e00 0 0 1 0 0 2 1 40813 48
0x00007aca1fd7fe80 0x00000009fbba0e80 0 0 1 0 0 2 1 40813 56
0x00007aca1fd7ff00 0x00000009fbba0f00 0 1 1 0 0 2 1 40813 48
0x00007aca1fd7ff80 0x00000009fbba0f80 0 1 1 0 0 2 1 40813 56
0x00007aca1fd85000 0x0000000cf3b14000 0 0 0 0 0 2 1 52840 768
0x00007aca1fd85080 0x0000000cf3b14080 0 0 0 0 0 2 1 52840 776
0x00007aca1fd85100 0x0000000cf3b14100 0 1 0 0 0 2 1 52840 768
0x00007aca1fd85180 0x0000000cf3b14180 0 1 0 0 0 2 1 52840 776
0x00007aca1fd85200 0x0000000cf3b14200 0 0 1 0 0 2 1 52840 768
0x00007aca1fd85280 0x0000000cf3b14280 0 0 1 0 0 2 1 52840 776
0x00007aca1fd85300 0x0000000cf3b14300 0 1 1 0 0 2 1 52840 768
0x00007aca1fd85380 0x0000000cf3b14380 0 1 1 0 0 2 1 52840 776
0x00007aca1fd85400 0x0000000cf3b14400 0 0 0 0 0 2 1 52840 784
0x00007aca1fd85480 0x0000000cf3b14480 0 0 0 0 0 2 1 52840 792
0x00007aca1fd85500 0x0000000cf3b14500 0 1 0 0 0 2 1 52840 784
0x00007aca1fd85580 0x0000000cf3b14580 0 1 0 0 0 2 1 52840 792
0x00007aca1fd85600 0x0000000cf3b14600 0 0 1 0 0 2 1 52840 784
0x00007aca1fd85680 0x0000000cf3b14680 0 0 1 0 0 2 1 52840 792
0x00007aca1fd85700 0x0000000cf3b14700 0 1 1 0 0 2 1 52840 784
0x00007aca1fd85780 0x0000000cf3b14780 0 1 1 0 0 2 1 52840 792
0x00007aca1fd85800 0x0000000cf3b14800 0 0 0 0 0 2 1 52840 800
0x00007aca1fd85880 0x0000000cf3b14880 0 0 0 0 0 2 1 52840 808
0x00007aca1fd85900 0x0000000cf3b14900 0 1 0 0 0 2 1 52840 800
0x00007aca1fd85980 0x0000000cf3b14980 0 1 0 0 0 2 1 52840 808
0x00007aca1fd85a00 0x0000000cf3b14a00 0 0 1 0 0 2 1 52840 800
0x00007aca1fd85a80 0x0000000cf3b14a80 0 0 1 0 0 2 1 52840 808
0x00007aca1fd85b00 0x0000000cf3b14b00 0 1 1 0 0 2 1 52840 800
0x00007aca1fd85b80 0x0000000cf3b14b80 0 1 1 0 0 2 1 52840 808
0x00007aca1fd85c00 0x0000000cf3b14c00 0 0 0 0 0 2 1 52840 816
0x00007aca1fd85c80 0x0000000cf3b14c80 0 0 0 0 0 2 1 52840 824
0x00007aca1fd85d00 0x0000000cf3b14d00 0 1 0 0 0 2 1 52840 816
0x00007aca1fd85d80 0x0000000cf3b14d80 0 1 0 0 0 2 1 52840 824
0x00007aca1fd85e00 0x0000000cf3b14e00 0 0 1 0 0 2 1 52840 816
0x00007aca1fd85e80 0x0000000cf3b14e80 0 0 1 0 0 2 1 52840 824
0x00007aca1fd85f00 0x0000000cf3b14f00 0 1 1 0 0 2 1 52840 816
0x00007aca1fd85f80 0x0000000cf3b14f80 0 1 1 0 0 2 1 52840 824
0x00007aca1fd8c000 0x0000000dddbc9000 0 0 0 0 1 2 1 56238 64
0x00007aca1fd8c080 0x0000000dddbc9080 0 0 0 0 1 2 1 56238 72
0x00007aca1fd8c100 0x0000000dddbc9100 0 1 0 0 1 2 1 56238 64
0x00007aca1fd8c180 0x0000000dddbc9180 0 1 0 0 1 2 1 56238 72
0x00007aca1fd8c200 0x0000000dddbc9200 0 0 1 0 1 2 1 56238 64
0x00007aca1fd8c280 0x0000000dddbc9280 0 0 1 0 1 2 1 56238 72
0x00007aca1fd8c300 0x0000000dddbc9300 0 1 1 0 1 2 1 56238 64
0x00007aca1fd8c380 0x0000000dddbc9380 0 1 1 0 1 2 1 56238 72
0x00007aca1fd8c400 0x0000000dddbc9400 0 0 0 0 1 2 1 56238 80
0x00007aca1fd8c480 0x0000000dddbc9480 0 0 0 0 1 2 1 56238 88
0x00007aca1fd8c500 0x0000000dddbc9500 0 1 0 0 1 2 1 56238 80
0x00007aca1fd8c580 0x0000000dddbc9580 0 1 0 0 1 2 1 56238 88
0x00007aca1fd8c600 0x0000000dddbc9600 0 0 1 0 1 2 1 56238 80
0x00007aca1fd8c680 0x0000000dddbc9680 0 0 1 0 1 2 1 56238 88
0x00007aca1fd8c700 0x0000000dddbc9700 0 1 1 0 1 2 1 56238 80
0x00007aca1fd8c780 0x0000000dddbc9780 0 1 1 0 1 2 1 56238 88
0x00007aca1fd8c800 0x0000000dddbc9800 0 0 0 0 1 2 1 56238 96
0x00007aca1fd8c880 0x0000000dddbc9880 0 0 0 0 1 2 1 56238 104
0x00007aca1fd8c900 0x0000000dddbc9900 0 1 0 0 1 2 1 56238 96
0x00007aca1fd8c980 0x0000000dddbc9980 0 1 0 0 1 2 1 56238 104
0x00007aca1fd8ca00 0x0000000dddbc9a00 0 0 1 0 1 2 1 56238 96
0x00007aca1fd8ca80 0x0000000dddbc9a80 0 0 1 0 1 2 1 56238 104
0x00007aca1fd8cb00 0x0000000dddbc9b00 0 1 1 0 1 2 1 56238 96
0x00007aca1fd8cb80 0x0000000dddbc9b80 0 1 1 0 1 2 1 56238 104
0x00007aca1fd8cc00 0x0000000dddbc9c00 0 0 0 0 1 2 1 56238 112
0x00007aca1fd8cc80 0x0000000dddbc9c80 0 0 0 0 1 2 1 56238 120
0x00007aca1fd8cd00 0x0000000dddbc9d00 0 1 0 0 1 2 1 56238 112
0x00007aca1fd8cd80 0x0000000dddbc9d80 0 1 0 0 1 2 1 56238 120
0x00007aca1fd8ce00 0x0000000dddbc9e00 0 0 1 0 1 2 1 56238 112
0x00007aca1fd8ce80 0x0000000dddbc9e80 0 0 1 0 1 2 1 56238 120
0x00007aca1fd8cf00 0x0000000dddbc9f00 0 1 1 0 1 2 1 56238 112
0x00007aca1fd8cf80 0x0000000dddbc9f80 0 1 1 0 1 2 1 56238 120
0x00007aca1fd90000 0x0000000ef1b65000 0 0 0 0 0 2 1 60971 320
0x00007aca1fd90080 0x0000000ef1b65080 0 0 0 0 0 2 1 60971 328
0x00007aca1fd90100 0x0000000ef1b65100 0 1 0 0 0 2 1 60971 320
0x00007aca1fd90180 0x0000000ef1b65180 0 1 0 0 0 2 1 60971 328
0x00007aca1fd90200 0x0000000ef1b65200 0 0 1 0 0 2 1 60971 320
0x00007aca1fd90280 0x0000000ef1b65280 0 0 1 0 0 2 1 60971 328
0x00007aca1fd90300 0x0000000ef1b65300 0 1 1 0 0 2 1 60971 320
0x00007aca1fd90380 0x0000000ef1b65380 0 1 1 0 0 2 1 60971 328
0x00007aca1fd90400 0x0000000ef1b65400 0 0 0 0 0 2 1 60971 336
0x00007aca1fd90480 0x0000000ef1b65480 0 0 0 0 0 2 1 60971 344
0x00007aca1fd90500 0x0000000ef1b65500 0 1 0 0 0 2 1 60971 336
0x00007aca1fd90580 0x0000000ef1b65580 0 1 0 0 0 2 1 60971 344
0x00007aca1fd90600 0x0000000ef1b65600 0 0 1 0 0 2 1 60971 336
0x00007aca1fd90680 0x0000000ef1b65680 0 0 1 0 0 2 1 60971 344
0x00007aca1fd90700 0x0000000ef1b65700 0 1 1 0 0 2 1 60971 336
0x00007aca1fd90780 0x0000000ef1b65780 0 1 1 0 0 2 1 60971 344
0x00007aca1fd90800 0x0000000ef1b65800 0 0 0 0 0 2 1 60971 352
0x00007aca1fd90880 0x0000000ef1b65880 0 0 0 0 0 2 1 60971 360
0x00007aca1fd90900 0x0000000ef1b65900 0 1 0 0 0 2 1 60971 352
0x00007aca1fd90980 0x0000000ef1b65980 0 1 0 0 0 2 1 60971 360
0x00007aca1fd90a00 0x0000000ef1b65a00 0 0 1 0 0 2 1 60971 352
0x00007aca1fd90a80 0x0000000ef1b65a80 0 0 1 0 0 2 1 60971 360
0x00007aca1fd90b00 0x0000000ef1b65b00 0 1 1 0 0 2 1 60971 352
0x00007aca1fd90b80 0x0000000ef1b65b80 0 1 1 0 0 2 1 60971 360
0x00007aca1fd90c00 0x0000000ef1b65c00 0 0 0 0 0 2 1 60971 368
0x00007aca1fd90c80 0x0000000ef1b65c80 0 0 0 0 0 2 1 60971 376
0x00007aca1fd90d00 0x0000000ef1b65d00 0 1 0 0 0 2 1 60971 368
0x00007aca1fd90d80 0x0000000ef1b65d80 0 1 0 0 0 2 1 60971 376
0x00007aca1fd90e00 0x0000000ef1b65e00 0 0 1 0 0 2 1 60971 368
0x00007aca1fd90e80 0x0000000ef1b65e80 0 0 1 0 0 2 1 60971 376
0x00007aca1fd90f00 0x0000000ef1b65f00 0 1 1 0 0 2 1 60971 368
0x00007aca1fd90f80 0x0000000ef1b65f80 0 1 1 0 0 2 1 60971 376
0x00007aca1fd98000 0x0000000aea31f000 0 0 0 0 1 2 1 44352 960
0x00007aca1fd98080 0x0000000aea31f080 0 0 0 0 1 2 1 44352 968
0x00007aca1fd98100 0x0000000aea31f100 0 1 0 0 1 2 1 44352 960
0x00007aca1fd98180 0x0000000aea31f180 0 1 0 0 1 2 1 44352 968
0x00007aca1fd98200 0x0000000aea31f200 0 0 1 0 1 2 1 44352 960
0x00007aca1fd98280 0x0000000aea31f280 0 0 1 0 1 2 1 44352 968
0x00007aca1fd98300 0x0000000aea31f300 0 1 1 0 1 2 1 44352 960
0x00007aca1fd98380 0x0000000aea31f380 0 1 1 0 1 2 1 44352 968
0x00007aca1fd98400 0x0000000aea31f400 0 0 0 0 1 2 1 44352 976
0x00007aca1fd98480 0x0000000aea31f480 0 0 0 0 1 2 1 44352 984
0x00007aca1fd98500 0x0000000aea31f500 0 1 0 0 1 2 1 44352 976
0x00007aca1fd98580 0x0000000aea31f580 0 1 0 0 1 2 1 44352 984
0x00007aca1fd98600 0x0000000aea31f600 0 0 1 0 1 2 1 44352 976
0x00007aca1fd98680 0x0000000aea31f680 0 0 1 0 1 2 1 44352 984
0x00007aca1fd98700 0x0000000aea31f700 0 1 1 0 1 2 1 44352 976
0x00007aca1fd98780 0x0000000aea31f780 0 1 1 0 1 2 1 44352 984
0x00007aca1fd98800 0x0000000aea31f800 0 0 0 0 1 2 1 44352 992
0x00007aca1fd98880 0x0000000aea31f880 0 0 0 0 1 2 1 44352 1000
0x00007aca1fd98900 0x0000000aea31f900 0 1 0 0 1 2 1 44352 992
0x00007aca1fd98980 0x0000000aea31f980 0 1 0 0 1 2 1 44352 1000
0x00007aca1fd98a00 0x0000000aea31fa00 0 0 1 0 1 2 1 44352 992
0x00007aca1fd98a80 0x0000000aea31fa80 0 0 1 0 1 2 1 44352 1000
0x00007aca1fd98b00 0x0000000aea31fb00 0 1 1 0 1 2 1 44352 992
0x00007aca1fd98b80 0x0000000aea31fb80 0 1 1 0 1 2 1 44352 1000
0x00007aca1fd98c00 0x0000000aea31fc00 0 0 0 0 1 2 1 44352 1008
0x00007aca1fd98c80 0x0000000aea31fc80 0 0 0 0 1 2 1 44352 1016
0x00007aca1fd98d00 0x0000000aea31fd00 0 1 0 0 1 2 1 44352 1008
0x00007aca1fd98d80 0x0000000aea31fd80 0 1 0 0 1 2 1 44352 1016
0x00007aca1fd98e00 0x0000000aea31fe00 0 0 1 0 1 2 1 44352 1008
0x00007aca1fd98e80 0x0000000aea31fe80 0 0 1 0 1 2 1 44352 1016
0x00007aca1fd98f00 0x0000000aea31ff00 0 1 1 0 1 2 1 44352 1008
0x00007aca1fd98f80 0x0000000aea31ff80 0 1 1 0 1 2 1 44352 1016
0x00007aca1fd9e000 0x0000000ef1bc8000 0 0 0 0 1 2 1 60974 0
0x00007aca1fd9e080 0x0000000ef1bc8080 0 0 0 0 1 2 1 60974 8
0x00007aca1fd9e100 0x0000000ef1bc8100 0 1 0 0 1 2 1 60974 0
0x00007aca1fd9e180 0x0000000ef1bc8180 0 1 0 0 1 2 1 60974 8
0x00007aca1fd9e200 0x0000000ef1bc8200 0 0 1 0 1 2 1 60974 0
0x00007aca1fd9e280 0x0000000ef1bc8280 0 0 1 0 1 2 1 60974 8
0x00007aca1fd9e300 0x0000000ef1bc8300 0 1 1 0 1 2 1 60974 0
0x00007aca1fd9e380 0x0000000ef1bc8380 0 1 1 0 1 2 1 60974 8
0x00007aca1fd9e400 0x0000000ef1bc8400 0 0 0 0 1 2 1 60974 16
0x00007aca1fd9e480 0x0000000ef1bc8480 0 0 0 0 1 2 1 60974 24
0x00007aca1fd9e500 0x0000000ef1bc8500 0 1 0 0 1 2 1 60974 16
0x00007aca1fd9e580 0x0000000ef1bc8580 0 1 0 0 1 2 1 60974 24
0x00007aca1fd9e600 0x0000000ef1bc8600 0 0 1 0 1 2 1 60974 16
0x00007aca1fd9e680 0x0000000ef1bc8680 0 0 1 0 1 2 1 60974 24
0x00007aca1fd9e700 0x0000000ef1bc8700 0 1 1 0 1 2 1 60974 16
0x00007aca1fd9e780 0x0000000ef1bc8780 0 1 1 0 1 2 1 60974 24
0x00007aca1fd9e800 0x0000000ef1bc8800 0 0 0 0 1 2 1 60974 32
0x00007aca1fd9e880 0x0000000ef1bc8880 0 0 0 0 1 2 1 60974 40
0x00007aca1fd9e900 0x0000000ef1bc8900 0 1 0 0 1 2 1 60974 32
0x00007aca1fd9e980 0x0000000ef1bc8980 0 1 0 0 1 2 1 60974 40
0x00007aca1fd9ea00 0x0000000ef1bc8a00 0 0 1 0 1 2 1 60974 32
0x00007aca1fd9ea80 0x0000000ef1bc8a80 0 0 1 0 1 2 1 60974 40
0x00007aca1fd9eb00 0x0000000ef1bc8b00 0 1 1 0 1 2 1 60974 32
0x00007aca1fd9eb80 0x0000000ef1bc8b80 0 1 1 0 1 2 1 60974 40
0x00007aca1fd9ec00 0x0000000ef1bc8c00 0 0 0 0 1 2 1 60974 48
0x00007aca1fd9ec80 0x0000000ef1bc8c80 0 0 0 0 1 2 1 60974 56
0x00007aca1fd9ed00 0x0000000ef1bc8d00 0 1 0 0 1 2 1 60974 48
0x00007aca1fd9ed80 0x0000000ef1bc8d80 0 1 0 0 1 2 1 60974 56
0x00007aca1fd9ee00 0x0000000ef1bc8e00 0 0 1 0 1 2 1 60974 48
0x00007aca1fd9ee80 0x0000000ef1bc8e80 0 0 1 0 1 2 1 60974 56
0x00007aca1fd9ef00 0x0000000ef1bc8f00 0 1 1 0 1 2 1 60974 48
0x00007aca1fd9ef80 0x0000000ef1bc8f80 0 1 1 0 1 2 1 60974 56
0x00007aca1fd9f000 0x00000007a3bfb000 0 0 0 0 1 2 1 29807 704
0x00007aca1fd9f080 0x00000007a3bfb080 0 0 0 0 1 2 1 29807 712
0x00007aca1fd9f100 0x00000007a3bfb100 0 1 0 0 1 2 1 29807 704
0x00007aca1fd9f180 0x00000007a3bfb180 0 1 0 0 1 2 1 29807 712
0x00007aca1fd9f200 0x00000007a3bfb200 0 0 1 0 1 2 1 29807 704
0x00007aca1fd9f280 0x00000007a3bfb280 0 0 1 0 1 2 1 29807 712
0x00007aca1fd9f300 0x00000007a3bfb300 0 1 1 0 1 2 1 29807 704
0x00007aca1fd9f380 0x00000007a3bfb380 0 1 1 0 1 2 1 29807 712
0x00007aca1fd9f400 0x00000007a3bfb400 0 0 0 0 1 2 1 29807 720
0x00007aca1fd9f480 0x00000007a3bfb480 0 0 0 0 1 2 1 29807 728
0x00007aca1fd9f500 0x00000007a3bfb500 0 1 0 0 1 2 1 29807 720
0x00007aca1fd9f580 0x00000007a3bfb580 0 1 0 0 1 2 1 29807 728
0x00007aca1fd9f600 0x00000007a3bfb600 0 0 1 0 1 2 1 29807 720
0x00007aca1fd9f680 0x00000007a3bfb680 0 0 1 0 1 2 1 29807 728
0x00007aca1fd9f700 0x00000007a3bfb700 0 1 1 0 1 2 1 29807 720
0x00007aca1fd9f780 0x00000007a3bfb780 0 1 1 0 1 2 1 29807 728
0x00007aca1fd9f800 0x00000007a3bfb800 0 0 0 0 1 2 1 29807 736
0x00007aca1fd9f880 0x00000007a3bfb880 0 0 0 0 1 2 1 29807 744
0x00007aca1fd9f900 0x00000007a3bfb900 0 1 0 0 1 2 1 29807 736
0x00007aca1fd9f980 0x00000007a3bfb980 0 1 0 0 1 2 1 29807 744
0x00007aca1fd9fa00 0x00000007a3bfba00 0 0 1 0 1 2 1 29807 736
0x00007aca1fd9fa80 0x00000007a3bfba80 0 0 1 0 1 2 1 29807 744
0x00007aca1fd9fb00 0x00000007a3bfbb00 0 1 1 0 1 2 1 29807 736
0x00007aca1fd9fb80 0x00000007a3bfbb80 0 1 1 0 1 2 1 29807 744
0x00007aca1fd9fc00 0x00000007a3bfbc00 0 0 0 0 1 2 1 29807 752
0x00007aca1fd9fc80 0x00000007a3bfbc80 0 0 0 0 1 2 1 29807 760
0x00007aca1fd9fd00 0x00000007a3bfbd00 0 1 0 0 1 2 1 29807 752
0x00007aca1fd9fd80 0x00000007a3bfbd80 0 1 0 0 1 2 1 29807 760
0x00007aca1fd9fe00 0x00000007a3bfbe00 0 0 1 0 1 2 1 29807 752
0x00007aca1fd9fe80 0x00000007a3bfbe80 0 0 1 0 1 2 1 29807 760
0x00007aca1fd9ff00 0x00000007a3bfbf00 0 1 1 0 1 2 1 29807 752
0x00007aca1fd9ff80 0x00000007a3bfbf80 0 1 1 0 1 2 1 29807 760
0x00007aca1fda1000 0x0000000a8c3f2000 0 0 0 0 0 2 1 41351 640
0x00007aca1fda1080 0x0000000a8c3f2080 0 0 0 0 0 2 1 41351 648
0x00007aca1fda1100 0x0000000a8c3f2100 0 1 0 0 0 2 1 41351 640
0x00007aca1fda1180 0x0000000a8c3f2180 0 1 0 0 0 2 1 41351 648
0x00007aca1fda1200 0x0000000a8c3f2200 0 0 1 0 0 2 1 41351 640
0x00007aca1fda1280 0x0000000a8c3f2280 0 0 1 0 0 2 1 41351 648
0x00007aca1fda1300 0x0000000a8c3f2300 0 1 1 0 0 2 1 41351 640
0x00007aca1fda1380 0x0000000a8c3f2380 0 1 1 0 0 2 1 41351 648
0x00007aca1fda1400 0x0000000a8c3f2400 0 0 0 0 0 2 1 41351 656
0x00007aca1fda1480 0x0000000a8c3f2480 0 0 0 0 0 2 1 41351 664
0x00007aca1fda1500 0x0000000a8c3f2500 0 1 0 0 0 2 1 41351 656
0x00007aca1fda1580 0x0000000a8c3f2580 0 1 0 0 0 2 1 41351 664
0x00007aca1fda1600 0x0000000a8c3f2600 0 0 1 0 0 2 1 41351 656
0x00007aca1fda1680 0x0000000a8c3f2680 0 0 1 0 0 2 1 41351 664
0x00007aca1fda1700 0x0000000a8c3f2700 0 1 1 0 0 2 1 41351 656
0x00007aca1fda1780 0x0000000a8c3f2780 0 1 1 0 0 2 1 41351 664
0x00007aca1fda1800 0x0000000a8c3f2800 0 0 0 0 0 2 1 41351 672
0x00007aca1fda1880 0x0000000a8c3f2880 0 0 0 0 0 2 1 41351 680
0x00007aca1fda1900 0x0000000a8c3f2900 0 1 0 0 0 2 1 41351 672
0x00007aca1fda1980 0x0000000a8c3f2980 0 1 0 0 0 2 1 41351 680
0x00007aca1fda1a00 0x0000000a8c3f2a00 0 0 1 0 0 2 1 41351 672
0x00007aca1fda1a80 0x0000000a8c3f2a80 0 0 1 0 0 2 1 41351 680
0x00007aca1fda1b00 0x0000000a8c3f2b00 0 1 1 0 0 2 1 41351 672
0x00007aca1fda1b80 0x0000000a8c3f2b80 0 1 1 0 0 2 1 41351 680
0x00007aca1fda1c00 0x0000000a8c3f2c00 0 0 0 0 0 2 1 41351 688
0x00007aca1fda1c80 0x0000000a8c3f2c80 0 0 0 0 0 2 1 41351 696
0x00007aca1fda1d00 0x0000000a8c3f2d00 0 1 0 0 0 2 1 41351 688
0x00007aca1fda1d80 0x0000000a8c3f2d80 0 1 0 0 0 2 1 41351 696
0x00007aca1fda1e00 0x0000000a8c3f2e00 0 0 1 0 0 2 1 41351 688
0x00007aca1fda1e80 0x0000000a8c3f2e80 0 0 1 0 0 2 1 41351 696
0x00007aca1fda1f00 0x0000000a8c3f2f00 0 1 1 0 0 2 1 41351 688
0x00007aca1fda1f80 0x0000000a8c3f2f80 0 1 1 0 0 2 1 41351 696
0x00007aca1fda3000 0x0000000cb4b4c000 0 0 0 0 1 2 1 50826 256
0x00007aca1fda3080 0x0000000cb4b4c080 0 0 0 0 1 2 1 50826 264
0x00007aca1fda3100 0x0000000cb4b4c100 0 1 0 0 1 2 1 50826 256
0x00007aca1fda3180 0x0000000cb4b4c180 0 1 0 0 1 2 1 50826 264
0x00007aca1fda3200 0x0000000cb4b4c200 0 0 1 0 1 2 1 50826 256
0x00007aca1fda3280 0x0000000cb4b4c280 0 0 1 0 1 2 1 50826 264
0x00007aca1fda3300 0x0000000cb4b4c300 0 1 1 0 1 2 1 50826 256
0x00007aca1fda3380 0x0000000cb4b4c380 0 1 1 0 1 2 1 50826 264
0x00007aca1fda3400 0x0000000cb4b4c400 0 0 0 0 1 2 1 50826 272
0x00007aca1fda3480 0x0000000cb4b4c480 0 0 0 0 1 2 1 50826 280
0x00007aca1fda3500 0x0000000cb4b4c500 0 1 0 0 1 2 1 50826 272
0x00007aca1fda3580 0x0000000cb4b4c580 0 1 0 0 1 2 1 50826 280
0x00007aca1fda3600 0x0000000cb4b4c600 0 0 1 0 1 2 1 50826 272
0x00007aca1fda3680 0x0000000cb4b4c680 0 0 1 0 1 2 1 50826 280
0x00007aca1fda3700 0x0000000cb4b4c700 0 1 1 0 1 2 1 50826 272
0x00007aca1fda3780 0x0000000cb4b4c780 0 1 1 0 1 2 1 50826 280
0x00007aca1fda3800 0x0000000cb4b4c800 0 0 0 0 1 2 1 50826 288
0x00007aca1fda3880 0x0000000cb4b4c880 0 0 0 0 1 2 1 50826 296
0x00007aca1fda3900 0x0000000cb4b4c900 0 1 0 0 1 2 1 50826 288
0x00007aca1fda3980 0x0000000cb4b4c980 0 1 0 0 1 2 1 50826 296
0x00007aca1fda3a00 0x0000000cb4b4ca00 0 0 1 0 1 2 1 50826 288
0x00007aca1fda3a80 0x0000000cb4b4ca80 0 0 1 0 1 2 1 50826 296
0x00007aca1fda3b00 0x0000000cb4b4cb00 0 1 1 0 1 2 1 50826 288
0x00007aca1fda3b80 0x0000000cb4b4cb80 0 1 1 0 1 2 1 50826 296
0x00007aca1fda3c00 0x0000000cb4b4cc00 0 0 0 0 1 2 1 50826 304
0x00007aca1fda3c80 0x0000000cb4b4cc80 0 0 0 0 1 2 1 50826 312
0x00007aca1fda3d00 0x0000000cb4b4cd00 0 1 0 0 1 2 1 50826 304
0x00007aca1fda3d80 0x0000000cb4b4cd80 0 1 0 0 1 2 1 50826 312
0x00007aca1fda3e00 0x0000000cb4b4ce00 0 0 1 0 1 2 1 50826 304
0x00007aca1fda3e80 0x0000000cb4b4ce80 0 0 1 0 1 2 1 50826 312
0x00007aca1fda3f00 0x0000000cb4b4cf00 0 1 1 0 1 2 1 50826 304
0x00007aca1fda3f80 0x0000000cb4b4cf80 0 1 1 0 1 2 1 50826 312
0x00007aca1fda6000 0x000000099cb50000 0 0 0 0 0 2 1 37770 512
0x00007aca1fda6080 0x000000099cb50080 0 0 0 0 0 2 1 37770 520
0x00007aca1fda6100 0x000000099cb50100 0 1 0 0 0 2 1 37770 512
0x00007aca1fda6180 0x000000099cb50180 0 1 0 0 0 2 1 37770 520
0x00007aca1fda6200 0x000000099cb50200 0 0 1 0 0 2 1 37770 512
0x00007aca1fda6280 0x000000099cb50280 0 0 1 0 0 2 1 37770 520
0x00007aca1fda6300 0x000000099cb50300 0 1 1 0 0 2 1 37770 512
0x00007aca1fda6380 0x000000099cb50380 0 1 1 0 0 2 1 37770 520
0x00007aca1fda6400 0x000000099cb50400 0 0 0 0 0 2 1 37770 528
0x00007aca1fda6480 0x000000099cb50480 0 0 0 0 0 2 1 37770 536
0x00007aca1fda6500 0x000000099cb50500 0 1 0 0 0 2 1 37770 528
0x00007aca1fda6580 0x000000099cb50580 0 1 0 0 0 2 1 37770 536
0x00007aca1fda6600 0x000000099cb50600 0 0 1 0 0 2 1 37770 528
0x00007aca1fda6680 0x000000099cb50680 0 0 1 0 0 2 1 37770 536
0x00007aca1fda6700 0x000000099cb50700 0 1 1 0 0 2 1 37770 528
0x00007aca1fda6780 0x000000099cb50780 0 1 1 0 0 2 1 37770 536
0x00007aca1fda6800 0x000000099cb50800 0 0 0 0 0 2 1 37770 544
0x00007aca1fda6880 0x000000099cb50880 0 0 0 0 0 2 1 37770 552
0x00007aca1fda6900 0x000000099cb50900 0 1 0 0 0 2 1 37770 544
0x00007aca1fda6980 0x000000099cb50980 0 1 0 0 0 2 1 37770 552
0x00007aca1fda6a00 0x000000099cb50a00 0 0 1 0 0 2 1 37770 544
0x00007aca1fda6a80 0x000000099cb50a80 0 0 1 0 0 2 1 37770 552
0x00007aca1fda6b00 0x000000099cb50b00 0 1 1 0 0 2 1 37770 544
0x00007aca1fda6b80 0x000000099cb50b80 0 1 1 0 0 2 1 37770 552
0x00007aca1fda6c00 0x000000099cb50c00 0 0 0 0 0 2 1 37770 560
0x00007aca1fda6c80 0x000000099cb50c80 0 0 0 0 0 2 1 37770 568
0x00007aca1fda6d00 0x000000099cb50d00 0 1 0 0 0 2 1 37770 560
0x00007aca1fda6d80 0x000000099cb50d80 0 1 0 0 0 2 1 37770 568
0x00007aca1fda6e00 0x000000099cb50e00 0 0 1 0 0 2 1 37770 560
0x00007aca1fda6e80 0x000000099cb50e80 0 0 1 0 0 2 1 37770 568
0x00007aca1fda6f00 0x000000099cb50f00 0 1 1 0 0 2 1 37770 560
0x00007aca1fda6f80 0x000000099cb50f80 0 1 1 0 0 2 1 37770 568
0x00007aca1fdad000 0x0000000ef1b36000 0 0 0 0 0 2 1 60969 896
0x00007aca1fdad080 0x0000000ef1b36080 0 0 0 0 0 2 1 60969 904
0x00007aca1fdad100 0x0000000ef1b36100 0 1 0 0 0 2 1 60969 896
0x00007aca1fdad180 0x0000000ef1b36180 0 1 0 0 0 2 1 60969 904
0x00007aca1fdad200 0x0000000ef1b36200 0 0 1 0 0 2 1 60969 896
0x00007aca1fdad280 0x0000000ef1b36280 0 0 1 0 0 2 1 60969 904
0x00007aca1fdad300 0x0000000ef1b36300 0 1 1 0 0 2 1 60969 896
0x00007aca1fdad380 0x0000000ef1b36380 0 1 1 0 0 2 1 60969 904
0x00007aca1fdad400 0x0000000ef1b36400 0 0 0 0 0 2 1 60969 912
0x00007aca1fdad480 0x0000000ef1b36480 0 0 0 0 0 2 1 60969 920
0x00007aca1fdad500 0x0000000ef1b36500 0 1 0 0 0 2 1 60969 912
0x00007aca1fdad580 0x0000000ef1b36580 0 1 0 0 0 2 1 60969 920
0x00007aca1fdad600 0x0000000ef1b36600 0 0 1 0 0 2 1 60969 912
0x00007aca1fdad680 0x0000000ef1b36680 0 0 1 0 0 2 1 60969 920
0x00007aca1fdad700 0x0000000ef1b36700 0 1 1 0 0 2 1 60969 912
0x00007aca1fdad780 0x0000000ef1b36780 0 1 1 0 0 2 1 60969 920
0x00007aca1fdad800 0x0000000ef1b36800 0 0 0 0 0 2 1 60969 928
0x00007aca1fdad880 0x0000000ef1b36880 0 0 0 0 0 2 1 60969 936
0x00007aca1fdad900 0x0000000ef1b36900 0 1 0 0 0 2 1 60969 928
0x00007aca1fdad980 0x0000000ef1b36980 0 1 0 0 0 2 1 60969 936
0x00007aca1fdada00 0x0000000ef1b36a00 0 0 1 0 0 2 1 60969 928
0x00007aca1fdada80 0x0000000ef1b36a80 0 0 1 0 0 2 1 60969 936
0x00007aca1fdadb00 0x0000000ef1b36b00 0 1 1 0 0 2 1 60969 928
0x00007aca1fdadb80 0x0000000ef1b36b80 0 1 1 0 0 2 1 60969 936
0x00007aca1fdadc00 0x0000000ef1b36c00 0 0 0 0 0 2 1 60969 944
0x00007aca1fdadc80 0x0000000ef1b36c80 0 0 0 0 0 2 1 60969 952
0x00007aca1fdadd00 0x0000000ef1b36d00 0 1 0 0 0 2 1 60969 944
0x00007aca1fdadd80 0x0000000ef1b36d80 0 1 0 0 0 2 1 60969 952
0x00007aca1fdade00 0x0000000ef1b36e00 0 0 1 0 0 2 1 60969 944
0x00007aca1fdade80 0x0000000ef1b36e80 0 0 1 0 0 2 1 60969 952
0x00007aca1fdadf00 0x0000000ef1b36f00 0 1 1 0 0 2 1 60969 944
0x00007aca1fdadf80 0x0000000ef1b36f80 0 1 1 0 0 2 1 60969 952
0x00007aca1fdae000 0x0000000ef1b38000 0 0 0 0 1 2 1 60969 512
0x00007aca1fdae080 0x0000000ef1b38080 0 0 0 0 1 2 1 60969 520
0x00007aca1fdae100 0x0000000ef1b38100 0 1 0 0 1 2 1 60969 512
0x00007aca1fdae180 0x0000000ef1b38180 0 1 0 0 1 2 1 60969 520
0x00007aca1fdae200 0x0000000ef1b38200 0 0 1 0 1 2 1 60969 512
0x00007aca1fdae280 0x0000000ef1b38280 0 0 1 0 1 2 1 60969 520
0x00007aca1fdae300 0x0000000ef1b38300 0 1 1 0 1 2 1 60969 512
0x00007aca1fdae380 0x0000000ef1b38380 0 1 1 0 1 2 1 60969 520
0x00007aca1fdae400 0x0000000ef1b38400 0 0 0 0 1 2 1 60969 528
0x00007aca1fdae480 0x0000000ef1b38480 0 0 0 0 1 2 1 60969 536
0x00007aca1fdae500 0x0000000ef1b38500 0 1 0 0 1 2 1 60969 528
0x00007aca1fdae580 0x0000000ef1b38580 0 1 0 0 1 2 1 60969 536
0x00007aca1fdae600 0x0000000ef1b38600 0 0 1 0 1 2 1 60969 528
0x00007aca1fdae680 0x0000000ef1b38680 0 0 1 0 1 2 1 60969 536
0x00007aca1fdae700 0x0000000ef1b38700 0 1 1 0 1 2 1 60969 528
0x00007aca1fdae780 0x0000000ef1b38780 0 1 1 0 1 2 1 60969 536
0x00007aca1fdae800 0x0000000ef1b38800 0 0 0 0 1 2 1 60969 544
0x00007aca1fdae880 0x0000000ef1b38880 0 0 0 0 1 2 1 60969 552
0x00007aca1fdae900 0x0000000ef1b38900 0 1 0 0 1 2 1 60969 544
0x00007aca1fdae980 0x0000000ef1b38980 0 1 0 0 1 2 1 60969 552
0x00007aca1fdaea00 0x0000000ef1b38a00 0 0 1 0 1 2 1 60969 544
0x00007aca1fdaea80 0x0000000ef1b38a80 0 0 1 0 1 2 1 60969 552
0x00007aca1fdaeb00 0x0000000ef1b38b00 0 1 1 0 1 2 1 60969 544
0x00007aca1fdaeb80 0x0000000ef1b38b80 0 1 1 0 1 2 1 60969 552
0x00007aca1fdaec00 0x0000000ef1b38c00 0 0 0 0 1 2 1 60969 560
0x00007aca1fdaec80 0x0000000ef1b38c80 0 0 0 0 1 2 1 60969 568
0x00007aca1fdaed00 0x0000000ef1b38d00 0 1 0 0 1 2 1 60969 560
0x00007aca1fdaed80 0x0000000ef1b38d80 0 1 0 0 1 2 1 60969 568
0x00007aca1fdaee00 0x0000000ef1b38e00 0 0 1 0 1 2 1 60969 560
0x00007aca1fdaee80 0x0000000ef1b38e80 0 0 1 0 1 2 1 60969 568
0x00007aca1fdaef00 0x0000000ef1b38f00 0 1 1 0 1 2 1 60969 560
0x00007aca1fdaef80 0x0000000ef1b38f80 0 1 1 0 1 2 1 60969 568
0x00007aca1fdb2000 0x0000000d093b6000 0 0 0 0 0 2 1 49461 896
0x00007aca1fdb2080 0x0000000d093b6080 0 0 0 0 0 2 1 49461 904
0x00007aca1fdb2100 0x0000000d093b6100 0 1 0 0 0 2 1 49461 896
0x00007aca1fdb2180 0x0000000d093b6180 0 1 0 0 0 2 1 49461 904
0x00007aca1fdb2200 0x0000000d093b6200 0 0 1 0 0 2 1 49461 896
0x00007aca1fdb2280 0x0000000d093b6280 0 0 1 0 0 2 1 49461 904
0x00007aca1fdb2300 0x0000000d093b6300 0 1 1 0 0 2 1 49461 896
0x00007aca1fdb2380 0x0000000d093b6380 0 1 1 0 0 2 1 49461 904
0x00007aca1fdb2400 0x0000000d093b6400 0 0 0 0 0 2 1 49461 912
0x00007aca1fdb2480 0x0000000d093b6480 0 0 0 0 0 2 1 49461 920
0x00007aca1fdb2500 0x0000000d093b6500 0 1 0 0 0 2 1 49461 912
0x00007aca1fdb2580 0x0000000d093b6580 0 1 0 0 0 2 1 49461 920
0x00007aca1fdb2600 0x0000000d093b6600 0 0 1 0 0 2 1 49461 912
0x00007aca1fdb2680 0x0000000d093b6680 0 0 1 0 0 2 1 49461 920
0x00007aca1fdb2700 0x0000000d093b6700 0 1 1 0 0 2 1 49461 912
0x00007aca1fdb2780 0x0000000d093b6780 0 1 1 0 0 2 1 49461 920
0x00007aca1fdb2800 0x0000000d093b6800 0 0 0 0 0 2 1 49461 928
0x00007aca1fdb2880 0x0000000d093b6880 0 0 0 0 0 2 1 49461 936
0x00007aca1fdb2900 0x0000000d093b6900 0 1 0 0 0 2 1 49461 928
0x00007aca1fdb2980 0x0000000d093b6980 0 1 0 0 0 2 1 49461 936
0x00007aca1fdb2a00 0x0000000d093b6a00 0 0 1 0 0 2 1 49461 928
0x00007aca1fdb2a80 0x0000000d093b6a80 0 0 1 0 0 2 1 49461 936
0x00007aca1fdb2b00 0x0000000d093b6b00 0 1 1 0 0 2 1 49461 928
0x00007aca1fdb2b80 0x0000000d093b6b80 0 1 1 0 0 2 1 49461 936
0x00007aca1fdb2c00 0x0000000d093b6c00 0 0 0 0 0 2 1 49461 944
0x00007aca1fdb2c80 0x0000000d093b6c80 0 0 0 0 0 2 1 49461 952
0x00007aca1fdb2d00 0x0000000d093b6d00 0 1 0 0 0 2 1 49461 944
0x00007aca1fdb2d80 0x0000000d093b6d80 0 1 0 0 0 2 1 49461 952
0x00007aca1fdb2e00 0x0000000d093b6e00 0 0 1 0 0 2 1 49461 944
0x00007aca1fdb2e80 0x0000000d093b6e80 0 0 1 0 0 2 1 49461 952
0x00007aca1fdb2f00 0x0000000d093b6f00 0 1 1 0 0 2 1 49461 944
0x00007aca1fdb2f80 0x0000000d093b6f80 0 1 1 0 0 2 1 49461 952
0x00007aca1fdb4000 0x00000008feb1d000 0 0 0 0 1 2 1 36808 832
0x00007aca1fdb4080 0x00000008feb1d080 0 0 0 0 1 2 1 36808 840
0x00007aca1fdb4100 0x00000008feb1d100 0 1 0 0 1 2 1 36808 832
0x00007aca1fdb4180 0x00000008feb1d180 0 1 0 0 1 2 1 36808 840
0x00007aca1fdb4200 0x00000008feb1d200 0 0 1 0 1 2 1 36808 832
0x00007aca1fdb4280 0x00000008feb1d280 0 0 1 0 1 2 1 36808 840
0x00007aca1fdb4300 0x00000008feb1d300 0 1 1 0 1 2 1 36808 832
0x00007aca1fdb4380 0x00000008feb1d380 0 1 1 0 1 2 1 36808 840
0x00007aca1fdb4400 0x00000008feb1d400 0 0 0 0 1 2 1 36808 848
0x00007aca1fdb4480 0x00000008feb1d480 0 0 0 0 1 2 1 36808 856
0x00007aca1fdb4500 0x00000008feb1d500 0 1 0 0 1 2 1 36808 848
0x00007aca1fdb4580 0x00000008feb1d580 0 1 0 0 1 2 1 36808 856
0x00007aca1fdb4600 0x00000008feb1d600 0 0 1 0 1 2 1 36808 848
0x00007aca1fdb4680 0x00000008feb1d680 0 0 1 0 1 2 1 36808 856
0x00007aca1fdb4700 0x00000008feb1d700 0 1 1 0 1 2 1 36808 848
0x00007aca1fdb4780 0x00000008feb1d780 0 1 1 0 1 2 1 36808 856
0x00007aca1fdb4800 0x00000008feb1d800 0 0 0 0 1 2 1 36808 864
0x00007aca1fdb4880 0x00000008feb1d880 0 0 0 0 1 2 1 36808 872
0x00007aca1fdb4900 0x00000008feb1d900 0 1 0 0 1 2 1 36808 864
0x00007aca1fdb4980 0x00000008feb1d980 0 1 0 0 1 2 1 36808 872
0x00007aca1fdb4a00 0x00000008feb1da00 0 0 1 0 1 2 1 36808 864
0x00007aca1fdb4a80 0x00000008feb1da80 0 0 1 0 1 2 1 36808 872
0x00007aca1fdb4b00 0x00000008feb1db00 0 1 1 0 1 2 1 36808 864
0x00007aca1fdb4b80 0x00000008feb1db80 0 1 1 0 1 2 1 36808 872
0x00007aca1fdb4c00 0x00000008feb1dc00 0 0 0 0 1 2 1 36808 880
0x00007aca1fdb4c80 0x00000008feb1dc80 0 0 0 0 1 2 1 36808 888
0x00007aca1fdb4d00 0x00000008feb1dd00 0 1 0 0 1 2 1 36808 880
0x00007aca1fdb4d80 0x00000008feb1dd80 0 1 0 0 1 2 1 36808 888
0x00007aca1fdb4e00 0x00000008feb1de00 0 0 1 0 1 2 1 36808 880
0x00007aca1fdb4e80 0x00000008feb1de80 0 0 1 0 1 2 1 36808 888
0x00007aca1fdb4f00 0x00000008feb1df00 0 1 1 0 1 2 1 36808 880
0x00007aca1fdb4f80 0x00000008feb1df80 0 1 1 0 1 2 1 36808 888
0x00007aca1fdc6000 0x0000000ef1b26000 0 0 0 0 0 2 1 60969 384
0x00007aca1fdc6080 0x0000000ef1b26080 0 0 0 0 0 2 1 60969 392
0x00007aca1fdc6100 0x0000000ef1b26100 0 1 0 0 0 2 1 60969 384
0x00007aca1fdc6180 0x0000000ef1b26180 0 1 0 0 0 2 1 60969 392
0x00007aca1fdc6200 0x0000000ef1b26200 0 0 1 0 0 2 1 60969 384
0x00007aca1fdc6280 0x0000000ef1b26280 0 0 1 0 0 2 1 60969 392
0x00007aca1fdc6300 0x0000000ef1b26300 0 1 1 0 0 2 1 60969 384
0x00007aca1fdc6380 0x0000000ef1b26380 0 1 1 0 0 2 1 60969 392
0x00007aca1fdc6400 0x0000000ef1b26400 0 0 0 0 0 2 1 60969 400
0x00007aca1fdc6480 0x0000000ef1b26480 0 0 0 0 0 2 1 60969 408
0x00007aca1fdc6500 0x0000000ef1b26500 0 1 0 0 0 2 1 60969 400
0x00007aca1fdc6580 0x0000000ef1b26580 0 1 0 0 0 2 1 60969 408
0x00007aca1fdc6600 0x0000000ef1b26600 0 0 1 0 0 2 1 60969 400
0x00007aca1fdc6680 0x0000000ef1b26680 0 0 1 0 0 2 1 60969 408
0x00007aca1fdc6700 0x0000000ef1b26700 0 1 1 0 0 2 1 60969 400
0x00007aca1fdc6780 0x0000000ef1b26780 0 1 1 0 0 2 1 60969 408
0x00007aca1fdc6800 0x0000000ef1b26800 0 0 0 0 0 2 1 60969 416
0x00007aca1fdc6880 0x0000000ef1b26880 0 0 0 0 0 2 1 60969 424
0x00007aca1fdc6900 0x0000000ef1b26900 0 1 0 0 0 2 1 60969 416
0x00007aca1fdc6980 0x0000000ef1b26980 0 1 0 0 0 2 1 60969 424
0x00007aca1fdc6a00 0x0000000ef1b26a00 0 0 1 0 0 2 1 60969 416
0x00007aca1fdc6a80 0x0000000ef1b26a80 0 0 1 0 0 2 1 60969 424
0x00007aca1fdc6b00 0x0000000ef1b26b00 0 1 1 0 0 2 1 60969 416
0x00007aca1fdc6b80 0x0000000ef1b26b80 0 1 1 0 0 2 1 60969 424
0x00007aca1fdc6c00 0x0000000ef1b26c00 0 0 0 0 0 2 1 60969 432
0x00007aca1fdc6c80 0x0000000ef1b26c80 0 0 0 0 0 2 1 60969 440
0x00007aca1fdc6d00 0x0000000ef1b26d00 0 1 0 0 0 2 1 60969 432
0x00007aca1fdc6d80 0x0000000ef1b26d80 0 1 0 0 0 2 1 60969 440
0x00007aca1fdc6e00 0x0000000ef1b26e00 0 0 1 0 0 2 1 60969 432
0x00007aca1fdc6e80 0x0000000ef1b26e80 0 0 1 0 0 2 1 60969 440
0x00007aca1fdc6f00 0x0000000ef1b26f00 0 1 1 0 0 2 1 60969 432
0x00007aca1fdc6f80 0x0000000ef1b26f80 0 1 1 0 0 2 1 60969 440
0x00007aca1fdcc000 0x0000000e02b93000 0 0 0 0 0 2 1 53340 704
0x00007aca1fdcc080 0x0000000e02b93080 0 0 0 0 0 2 1 53340 712
0x00007aca1fdcc100 0x0000000e02b93100 0 1 0 0 0 2 1 53340 704
0x00007aca1fdcc180 0x0000000e02b93180 0 1 0 0 0 2 1 53340 712
0x00007aca1fdcc200 0x0000000e02b93200 0 0 1 0 0 2 1 53340 704
0x00007aca1fdcc280 0x0000000e02b93280 0 0 1 0 0 2 1 53340 712
0x00007aca1fdcc300 0x0000000e02b93300 0 1 1 0 0 2 1 53340 704
0x00007aca1fdcc380 0x0000000e02b93380 0 1 1 0 0 2 1 53340 712
0x00007aca1fdcc400 0x0000000e02b93400 0 0 0 0 0 2 1 53340 720
0x00007aca1fdcc480 0x0000000e02b93480 0 0 0 0 0 2 1 53340 728
0x00007aca1fdcc500 0x0000000e02b93500 0 1 0 0 0 2 1 53340 720
0x00007aca1fdcc580 0x0000000e02b93580 0 1 0 0 0 2 1 53340 728
0x00007aca1fdcc600 0x0000000e02b93600 0 0 1 0 0 2 1 53340 720
0x00007aca1fdcc680 0x0000000e02b93680 0 0 1 0 0 2 1 53340 728
0x00007aca1fdcc700 0x0000000e02b93700 0 1 1 0 0 2 1 53340 720
0x00007aca1fdcc780 0x0000000e02b93780 0 1 1 0 0 2 1 53340 728
0x00007aca1fdcc800 0x0000000e02b93800 0 0 0 0 0 2 1 53340 736
0x00007aca1fdcc880 0x0000000e02b93880 0 0 0 0 0 2 1 53340 744
0x00007aca1fdcc900 0x0000000e02b93900 0 1 0 0 0 2 1 53340 736
0x00007aca1fdcc980 0x0000000e02b93980 0 1 0 0 0 2 1 53340 744
0x00007aca1fdcca00 0x0000000e02b93a00 0 0 1 0 0 2 1 53340 736
0x00007aca1fdcca80 0x0000000e02b93a80 0 0 1 0 0 2 1 53340 744
0x00007aca1fdccb00 0x0000000e02b93b00 0 1 1 0 0 2 1 53340 736
0x00007aca1fdccb80 0x0000000e02b93b80 0 1 1 0 0 2 1 53340 744
0x00007aca1fdccc00 0x0000000e02b93c00 0 0 0 0 0 2 1 53340 752
0x00007aca1fdccc80 0x0000000e02b93c80 0 0 0 0 0 2 1 53340 760
0x00007aca1fdccd00 0x0000000e02b93d00 0 1 0 0 0 2 1 53340 752
0x00007aca1fdccd80 0x0000000e02b93d80 0 1 0 0 0 2 1 53340 760
0x00007aca1fdcce00 0x0000000e02b93e00 0 0 1 0 0 2 1 53340 752
0x00007aca1fdcce80 0x0000000e02b93e80 0 0 1 0 0 2 1 53340 760
0x00007aca1fdccf00 0x0000000e02b93f00 0 1 1 0 0 2 1 53340 752
0x00007aca1fdccf80 0x0000000e02b93f80 0 1 1 0 0 2 1 53340 760
0x00007aca1fdcf000 0x00000008313ab000 0 0 0 0 1 2 1 30261 192
0x00007aca1fdcf080 0x00000008313ab080 0 0 0 0 1 2 1 30261 200
0x00007aca1fdcf100 0x00000008313ab100 0 1 0 0 1 2 1 30261 192
0x00007aca1fdcf180 0x00000008313ab180 0 1 0 0 1 2 1 30261 200
0x00007aca1fdcf200 0x00000008313ab200 0 0 1 0 1 2 1 30261 192
0x00007aca1fdcf280 0x00000008313ab280 0 0 1 0 1 2 1 30261 200
0x00007aca1fdcf300 0x00000008313ab300 0 1 1 0 1 2 1 30261 192
0x00007aca1fdcf380 0x00000008313ab380 0 1 1 0 1 2 1 30261 200
0x00007aca1fdcf400 0x00000008313ab400 0 0 0 0 1 2 1 30261 208
0x00007aca1fdcf480 0x00000008313ab480 0 0 0 0 1 2 1 30261 216
0x00007aca1fdcf500 0x00000008313ab500 0 1 0 0 1 2 1 30261 208
0x00007aca1fdcf580 0x00000008313ab580 0 1 0 0 1 2 1 30261 216
0x00007aca1fdcf600 0x00000008313ab600 0 0 1 0 1 2 1 30261 208
0x00007aca1fdcf680 0x00000008313ab680 0 0 1 0 1 2 1 30261 216
0x00007aca1fdcf700 0x00000008313ab700 0 1 1 0 1 2 1 30261 208
0x00007aca1fdcf780 0x00000008313ab780 0 1 1 0 1 2 1 30261 216
0x00007aca1fdcf800 0x00000008313ab800 0 0 0 0 1 2 1 30261 224
0x00007aca1fdcf880 0x00000008313ab880 0 0 0 0 1 2 1 30261 232
0x00007aca1fdcf900 0x00000008313ab900 0 1 0 0 1 2 1 30261 224
0x00007aca1fdcf980 0x00000008313ab980 0 1 0 0 1 2 1 30261 232
0x00007aca1fdcfa00 0x00000008313aba00 0 0 1 0 1 2 1 30261 224
0x00007aca1fdcfa80 0x00000008313aba80 0 0 1 0 1 2 1 30261 232
0x00007aca1fdcfb00 0x00000008313abb00 0 1 1 0 1 2 1 30261 224
0x00007aca1fdcfb80 0x00000008313abb80 0 1 1 0 1 2 1 30261 232
0x00007aca1fdcfc00 0x00000008313abc00 0 0 0 0 1 2 1 30261 240
0x00007aca1fdcfc80 0x00000008313abc80 0 0 0 0 1 2 1 30261 248
0x00007aca1fdcfd00 0x00000008313abd00 0 1 0 0 1 2 1 30261 240
0x00007aca1fdcfd80 0x00000008313abd80 0 1 0 0 1 2 1 30261 248
0x00007aca1fdcfe00 0x00000008313abe00 0 0 1 0 1 2 1 30261 240
0x00007aca1fdcfe80 0x00000008313abe80 0 0 1 0 1 2 1 30261 248
0x00007aca1fdcff00 0x00000008313abf00 0 1 1 0 1 2 1 30261 240
0x00007aca1fdcff80 0x00000008313abf80 0 1 1 0 1 2 1 30261 248
0x00007aca1fdd3000 0x0000000ef1b96000 0 0 0 0 0 2 1 60972 896
0x00007aca1fdd3080 0x0000000ef1b96080 0 0 0 0 0 2 1 60972 904
0x00007aca1fdd3100 0x0000000ef1b96100 0 1 0 0 0 2 1 60972 896
0x00007aca1fdd3180 0x0000000ef1b96180 0 1 0 0 0 2 1 60972 904
0x00007aca1fdd3200 0x0000000ef1b96200 0 0 1 0 0 2 1 60972 896
0x00007aca1fdd3280 0x0000000ef1b96280 0 0 1 0 0 2 1 60972 904
0x00007aca1fdd3300 0x0000000ef1b96300 0 1 1 0 0 2 1 60972 896
0x00007aca1fdd3380 0x0000000ef1b96380 0 1 1 0 0 2 1 60972 904
0x00007aca1fdd3400 0x0000000ef1b96400 0 0 0 0 0 2 1 60972 912
0x00007aca1fdd3480 0x0000000ef1b96480 0 0 0 0 0 2 1 60972 920
0x00007aca1fdd3500 0x0000000ef1b96500 0 1 0 0 0 2 1 60972 912
0x00007aca1fdd3580 0x0000000ef1b96580 0 1 0 0 0 2 1 60972 920
0x00007aca1fdd3600 0x0000000ef1b96600 0 0 1 0 0 2 1 60972 912
0x00007aca1fdd3680 0x0000000ef1b96680 0 0 1 0 0 2 1 60972 920
0x00007aca1fdd3700 0x0000000ef1b96700 0 1 1 0 0 2 1 60972 912
0x00007aca1fdd3780 0x0000000ef1b96780 0 1 1 0 0 2 1 60972 920
0x00007aca1fdd3800 0x0000000ef1b96800 0 0 0 0 0 2 1 60972 928
0x00007aca1fdd3880 0x0000000ef1b96880 0 0 0 0 0 2 1 60972 936
0x00007aca1fdd3900 0x0000000ef1b96900 0 1 0 0 0 2 1 60972 928
0x00007aca1fdd3980 0x0000000ef1b96980 0 1 0 0 0 2 1 60972 936
0x00007aca1fdd3a00 0x0000000ef1b96a00 0 0 1 0 0 2 1 60972 928
0x00007aca1fdd3a80 0x0000000ef1b96a80 0 0 1 0 0 2 1 60972 936
0x00007aca1fdd3b00 0x0000000ef1b96b00 0 1 1 0 0 2 1 60972 928
0x00007aca1fdd3b80 0x0000000ef1b96b80 0 1 1 0 0 2 1 60972 936
0x00007aca1fdd3c00 0x0000000ef1b96c00 0 0 0 0 0 2 1 60972 944
0x00007aca1fdd3c80 0x0000000ef1b96c80 0 0 0 0 0 2 1 60972 952
0x00007aca1fdd3d00 0x0000000ef1b96d00 0 1 0 0 0 2 1 60972 944
0x00007aca1fdd3d80 0x0000000ef1b96d80 0 1 0 0 0 2 1 60972 952
0x00007aca1fdd3e00 0x0000000ef1b96e00 0 0 1 0 0 2 1 60972 944
0x00007aca1fdd3e80 0x0000000ef1b96e80 0 0 1 0 0 2 1 60972 952
0x00007aca1fdd3f00 0x0000000ef1b96f00 0 1 1 0 0 2 1 60972 944
0x00007aca1fdd3f80 0x0000000ef1b96f80 0 1 1 0 0 2 1 60972 952
0x00007aca1fdda000 0x0000000295bdc000 0 0 0 0 1 2 1 8878 768
0x00007aca1fdda080 0x0000000295bdc080 0 0 0 0 1 2 1 8878 776
0x00007aca1fdda100 0x0000000295bdc100 0 1 0 0 1 2 1 8878 768
0x00007aca1fdda180 0x0000000295bdc180 0 1 0 0 1 2 1 8878 776
0x00007aca1fdda200 0x0000000295bdc200 0 0 1 0 1 2 1 8878 768
0x00007aca1fdda280 0x0000000295bdc280 0 0 1 0 1 2 1 8878 776
0x00007aca1fdda300 0x0000000295bdc300 0 1 1 0 1 2 1 8878 768
0x00007aca1fdda380 0x0000000295bdc380 0 1 1 0 1 2 1 8878 776
0x00007aca1fdda400 0x0000000295bdc400 0 0 0 0 1 2 1 8878 784
0x00007aca1fdda480 0x0000000295bdc480 0 0 0 0 1 2 1 8878 792
0x00007aca1fdda500 0x0000000295bdc500 0 1 0 0 1 2 1 8878 784
0x00007aca1fdda580 0x0000000295bdc580 0 1 0 0 1 2 1 8878 792
0x00007aca1fdda600 0x0000000295bdc600 0 0 1 0 1 2 1 8878 784
0x00007aca1fdda680 0x0000000295bdc680 0 0 1 0 1 2 1 8878 792
0x00007aca1fdda700 0x0000000295bdc700 0 1 1 0 1 2 1 8878 784
0x00007aca1fdda780 0x0000000295bdc780 0 1 1 0 1 2 1 8878 792
0x00007aca1fdda800 0x0000000295bdc800 0 0 0 0 1 2 1 8878 800
0x00007aca1fdda880 0x0000000295bdc880 0 0 0 0 1 2 1 8878 808
0x00007aca1fdda900 0x0000000295bdc900 0 1 0 0 1 2 1 8878 800
0x00007aca1fdda980 0x0000000295bdc980 0 1 0 0 1 2 1 8878 808
0x00007aca1fddaa00 0x0000000295bdca00 0 0 1 0 1 2 1 8878 800
0x00007aca1fddaa80 0x0000000295bdca80 0 0 1 0 1 2 1 8878 808
0x00007aca1fddab00 0x0000000295bdcb00 0 1 1 0 1 2 1 8878 800
0x00007aca1fddab80 0x0000000295bdcb80 0 1 1 0 1 2 1 8878 808
0x00007aca1fddac00 0x0000000295bdcc00 0 0 0 0 1 2 1 8878 816
0x00007aca1fddac80 0x0000000295bdcc80 0 0 0 0 1 2 1 8878 824
0x00007aca1fddad00 0x0000000295bdcd00 0 1 0 0 1 2 1 8878 816
0x00007aca1fddad80 0x0000000295bdcd80 0 1 0 0 1 2 1 8878 824
0x00007aca1fddae00 0x0000000295bdce00 0 0 1 0 1 2 1 8878 816
0x00007aca1fddae80 0x0000000295bdce80 0 0 1 0 1 2 1 8878 824
0x00007aca1fddaf00 0x0000000295bdcf00 0 1 1 0 1 2 1 8878 816
0x00007aca1fddaf80 0x0000000295bdcf80 0 1 1 0 1 2 1 8878 824
0x00007aca1fde2000 0x0000000ef1bd6000 0 0 0 0 0 2 1 60974 896
0x00007aca1fde2080 0x0000000ef1bd6080 0 0 0 0 0 2 1 60974 904
0x00007aca1fde2100 0x0000000ef1bd6100 0 1 0 0 0 2 1 60974 896
0x00007aca1fde2180 0x0000000ef1bd6180 0 1 0 0 0 2 1 60974 904
0x00007aca1fde2200 0x0000000ef1bd6200 0 0 1 0 0 2 1 60974 896
0x00007aca1fde2280 0x0000000ef1bd6280 0 0 1 0 0 2 1 60974 904
0x00007aca1fde2300 0x0000000ef1bd6300 0 1 1 0 0 2 1 60974 896
0x00007aca1fde2380 0x0000000ef1bd6380 0 1 1 0 0 2 1 60974 904
0x00007aca1fde2400 0x0000000ef1bd6400 0 0 0 0 0 2 1 60974 912
0x00007aca1fde2480 0x0000000ef1bd6480 0 0 0 0 0 2 1 60974 920
0x00007aca1fde2500 0x0000000ef1bd6500 0 1 0 0 0 2 1 60974 912
0x00007aca1fde2580 0x0000000ef1bd6580 0 1 0 0 0 2 1 60974 920
0x00007aca1fde2600 0x0000000ef1bd6600 0 0 1 0 0 2 1 60974 912
0x00007aca1fde2680 0x0000000ef1bd6680 0 0 1 0 0 2 1 60974 920
0x00007aca1fde2700 0x0000000ef1bd6700 0 1 1 0 0 2 1 60974 912
0x00007aca1fde2780 0x0000000ef1bd6780 0 1 1 0 0 2 1 60974 920
0x00007aca1fde2800 0x0000000ef1bd6800 0 0 0 0 0 2 1 60974 928
0x00007aca1fde2880 0x0000000ef1bd6880 0 0 0 0 0 2 1 60974 936
0x00007aca1fde2900 0x0000000ef1bd6900 0 1 0 0 0 2 1 60974 928
0x00007aca1fde2980 0x0000000ef1bd6980 0 1 0 0 0 2 1 60974 936
0x00007aca1fde2a00 0x0000000ef1bd6a00 0 0 1 0 0 2 1 60974 928
0x00007aca1fde2a80 0x0000000ef1bd6a80 0 0 1 0 0 2 1 60974 936
0x00007aca1fde2b00 0x0000000ef1bd6b00 0 1 1 0 0 2 1 60974 928
0x00007aca1fde2b80 0x0000000ef1bd6b80 0 1 1 0 0 2 1 60974 936
0x00007aca1fde2c00 0x0000000ef1bd6c00 0 0 0 0 0 2 1 60974 944
0x00007aca1fde2c80 0x0000000ef1bd6c80 0 0 0 0 0 2 1 60974 952
0x00007aca1fde2d00 0x0000000ef1bd6d00 0 1 0 0 0 2 1 60974 944
0x00007aca1fde2d80 0x0000000ef1bd6d80 0 1 0 0 0 2 1 60974 952
0x00007aca1fde2e00 0x0000000ef1bd6e00 0 0 1 0 0 2 1 60974 944
0x00007aca1fde2e80 0x0000000ef1bd6e80 0 0 1 0 0 2 1 60974 952
0x00007aca1fde2f00 0x0000000ef1bd6f00 0 1 1 0 0 2 1 60974 944
0x00007aca1fde2f80 0x0000000ef1bd6f80 0 1 1 0 0 2 1 60974 952
0x00007aca1fde3000 0x0000000dba399000 0 0 0 0 1 2 1 55108 576
0x00007aca1fde3080 0x0000000dba399080 0 0 0 0 1 2 1 55108 584
0x00007aca1fde3100 0x0000000dba399100 0 1 0 0 1 2 1 55108 576
0x00007aca1fde3180 0x0000000dba399180 0 1 0 0 1 2 1 55108 584
0x00007aca1fde3200 0x0000000dba399200 0 0 1 0 1 2 1 55108 576
0x00007aca1fde3280 0x0000000dba399280 0 0 1 0 1 2 1 55108 584
0x00007aca1fde3300 0x0000000dba399300 0 1 1 0 1 2 1 55108 576
0x00007aca1fde3380 0x0000000dba399380 0 1 1 0 1 2 1 55108 584
0x00007aca1fde3400 0x0000000dba399400 0 0 0 0 1 2 1 55108 592
0x00007aca1fde3480 0x0000000dba399480 0 0 0 0 1 2 1 55108 600
0x00007aca1fde3500 0x0000000dba399500 0 1 0 0 1 2 1 55108 592
0x00007aca1fde3580 0x0000000dba399580 0 1 0 0 1 2 1 55108 600
0x00007aca1fde3600 0x0000000dba399600 0 0 1 0 1 2 1 55108 592
0x00007aca1fde3680 0x0000000dba399680 0 0 1 0 1 2 1 55108 600
0x00007aca1fde3700 0x0000000dba399700 0 1 1 0 1 2 1 55108 592
0x00007aca1fde3780 0x0000000dba399780 0 1 1 0 1 2 1 55108 600
0x00007aca1fde3800 0x0000000dba399800 0 0 0 0 1 2 1 55108 608
0x00007aca1fde3880 0x0000000dba399880 0 0 0 0 1 2 1 55108 616
0x00007aca1fde3900 0x0000000dba399900 0 1 0 0 1 2 1 55108 608
0x00007aca1fde3980 0x0000000dba399980 0 1 0 0 1 2 1 55108 616
0x00007aca1fde3a00 0x0000000dba399a00 0 0 1 0 1 2 1 55108 608
0x00007aca1fde3a80 0x0000000dba399a80 0 0 1 0 1 2 1 55108 616
0x00007aca1fde3b00 0x0000000dba399b00 0 1 1 0 1 2 1 55108 608
0x00007aca1fde3b80 0x0000000dba399b80 0 1 1 0 1 2 1 55108 616
0x00007aca1fde3c00 0x0000000dba399c00 0 0 0 0 1 2 1 55108 624
0x00007aca1fde3c80 0x0000000dba399c80 0 0 0 0 1 2 1 55108 632
0x00007aca1fde3d00 0x0000000dba399d00 0 1 0 0 1 2 1 55108 624
0x00007aca1fde3d80 0x0000000dba399d80 0 1 0 0 1 2 1 55108 632
0x00007aca1fde3e00 0x0000000dba399e00 0 0 1 0 1 2 1 55108 624
0x00007aca1fde3e80 0x0000000dba399e80 0 0 1 0 1 2 1 55108 632
0x00007aca1fde3f00 0x0000000dba399f00 0 1 1 0 1 2 1 55108 624
0x00007aca1fde3f80 0x0000000dba399f80 0 1 1 0 1 2 1 55108 632
0x00007aca1fde8000 0x00000002e9b7a000 0 0 0 0 1 2 1 11563 640
0x00007aca1fde8080 0x00000002e9b7a080 0 0 0 0 1 2 1 11563 648
0x00007aca1fde8100 0x00000002e9b7a100 0 1 0 0 1 2 1 11563 640
0x00007aca1fde8180 0x00000002e9b7a180 0 1 0 0 1 2 1 11563 648
0x00007aca1fde8200 0x00000002e9b7a200 0 0 1 0 1 2 1 11563 640
0x00007aca1fde8280 0x00000002e9b7a280 0 0 1 0 1 2 1 11563 648
0x00007aca1fde8300 0x00000002e9b7a300 0 1 1 0 1 2 1 11563 640
0x00007aca1fde8380 0x00000002e9b7a380 0 1 1 0 1 2 1 11563 648
0x00007aca1fde8400 0x00000002e9b7a400 0 0 0 0 1 2 1 11563 656
0x00007aca1fde8480 0x00000002e9b7a480 0 0 0 0 1 2 1 11563 664
0x00007aca1fde8500 0x00000002e9b7a500 0 1 0 0 1 2 1 11563 656
0x00007aca1fde8580 0x00000002e9b7a580 0 1 0 0 1 2 1 11563 664
0x00007aca1fde8600 0x00000002e9b7a600 0 0 1 0 1 2 1 11563 656
0x00007aca1fde8680 0x00000002e9b7a680 0 0 1 0 1 2 1 11563 664
0x00007aca1fde8700 0x00000002e9b7a700 0 1 1 0 1 2 1 11563 656
0x00007aca1fde8780 0x00000002e9b7a780 0 1 1 0 1 2 1 11563 664
0x00007aca1fde8800 0x00000002e9b7a800 0 0 0 0 1 2 1 11563 672
0x00007aca1fde8880 0x00000002e9b7a880 0 0 0 0 1 2 1 11563 680
0x00007aca1fde8900 0x00000002e9b7a900 0 1 0 0 1 2 1 11563 672
0x00007aca1fde8980 0x00000002e9b7a980 0 1 0 0 1 2 1 11563 680
0x00007aca1fde8a00 0x00000002e9b7aa00 0 0 1 0 1 2 1 11563 672
0x00007aca1fde8a80 0x00000002e9b7aa80 0 0 1 0 1 2 1 11563 680
0x00007aca1fde8b00 0x00000002e9b7ab00 0 1 1 0 1 2 1 11563 672
0x00007aca1fde8b80 0x00000002e9b7ab80 0 1 1 0 1 2 1 11563 680
0x00007aca1fde8c00 0x00000002e9b7ac00 0 0 0 0 1 2 1 11563 688
0x00007aca1fde8c80 0x00000002e9b7ac80 0 0 0 0 1 2 1 11563 696
0x00007aca1fde8d00 0x00000002e9b7ad00 0 1 0 0 1 2 1 11563 688
0x00007aca1fde8d80 0x00000002e9b7ad80 0 1 0 0 1 2 1 11563 696
0x00007aca1fde8e00 0x00000002e9b7ae00 0 0 1 0 1 2 1 11563 688
0x00007aca1fde8e80 0x00000002e9b7ae80 0 0 1 0 1 2 1 11563 696
0x00007aca1fde8f00 0x00000002e9b7af00 0 1 1 0 1 2 1 11563 688
0x00007aca1fde8f80 0x00000002e9b7af80 0 1 1 0 1 2 1 11563 696
0x00007aca1fdec000 0x00000008feb1e000 0 0 0 0 1 2 1 36808 896
0x00007aca1fdec080 0x00000008feb1e080 0 0 0 0 1 2 1 36808 904
0x00007aca1fdec100 0x00000008feb1e100 0 1 0 0 1 2 1 36808 896
0x00007aca1fdec180 0x00000008feb1e180 0 1 0 0 1 2 1 36808 904
0x00007aca1fdec200 0x00000008feb1e200 0 0 1 0 1 2 1 36808 896
0x00007aca1fdec280 0x00000008feb1e280 0 0 1 0 1 2 1 36808 904
0x00007aca1fdec300 0x00000008feb1e300 0 1 1 0 1 2 1 36808 896
0x00007aca1fdec380 0x00000008feb1e380 0 1 1 0 1 2 1 36808 904
0x00007aca1fdec400 0x00000008feb1e400 0 0 0 0 1 2 1 36808 912
0x00007aca1fdec480 0x00000008feb1e480 0 0 0 0 1 2 1 36808 920
0x00007aca1fdec500 0x00000008feb1e500 0 1 0 0 1 2 1 36808 912
0x00007aca1fdec580 0x00000008feb1e580 0 1 0 0 1 2 1 36808 920
0x00007aca1fdec600 0x00000008feb1e600 0 0 1 0 1 2 1 36808 912
0x00007aca1fdec680 0x00000008feb1e680 0 0 1 0 1 2 1 36808 920
0x00007aca1fdec700 0x00000008feb1e700 0 1 1 0 1 2 1 36808 912
0x00007aca1fdec780 0x00000008feb1e780 0 1 1 0 1 2 1 36808 920
0x00007aca1fdec800 0x00000008feb1e800 0 0 0 0 1 2 1 36808 928
0x00007aca1fdec880 0x00000008feb1e880 0 0 0 0 1 2 1 36808 936
0x00007aca1fdec900 0x00000008feb1e900 0 1 0 0 1 2 1 36808 928
0x00007aca1fdec980 0x00000008feb1e980 0 1 0 0 1 2 1 36808 936
0x00007aca1fdeca00 0x00000008feb1ea00 0 0 1 0 1 2 1 36808 928
0x00007aca1fdeca80 0x00000008feb1ea80 0 0 1 0 1 2 1 36808 936
0x00007aca1fdecb00 0x00000008feb1eb00 0 1 1 0 1 2 1 36808 928
0x00007aca1fdecb80 0x00000008feb1eb80 0 1 1 0 1 2 1 36808 936
0x00007aca1fdecc00 0x00000008feb1ec00 0 0 0 0 1 2 1 36808 944
0x00007aca1fdecc80 0x00000008feb1ec80 0 0 0 0 1 2 1 36808 952
0x00007aca1fdecd00 0x00000008feb1ed00 0 1 0 0 1 2 1 36808 944
0x00007aca1fdecd80 0x00000008feb1ed80 0 1 0 0 1 2 1 36808 952
0x00007aca1fdece00 0x00000008feb1ee00 0 0 1 0 1 2 1 36808 944
0x00007aca1fdece80 0x00000008feb1ee80 0 0 1 0 1 2 1 36808 952
0x00007aca1fdecf00 0x00000008feb1ef00 0 1 1 0 1 2 1 36808 944
0x00007aca1fdecf80 0x00000008feb1ef80 0 1 1 0 1 2 1 36808 952
0x00007aca1fded000 0x0000000ce73cf000 0 0 0 0 1 2 1 52454 448
0x00007aca1fded080 0x0000000ce73cf080 0 0 0 0 1 2 1 52454 456
0x00007aca1fded100 0x0000000ce73cf100 0 1 0 0 1 2 1 52454 448
0x00007aca1fded180 0x0000000ce73cf180 0 1 0 0 1 2 1 52454 456
0x00007aca1fded200 0x0000000ce73cf200 0 0 1 0 1 2 1 52454 448
0x00007aca1fded280 0x0000000ce73cf280 0 0 1 0 1 2 1 52454 456
0x00007aca1fded300 0x0000000ce73cf300 0 1 1 0 1 2 1 52454 448
0x00007aca1fded380 0x0000000ce73cf380 0 1 1 0 1 2 1 52454 456
0x00007aca1fded400 0x0000000ce73cf400 0 0 0 0 1 2 1 52454 464
0x00007aca1fded480 0x0000000ce73cf480 0 0 0 0 1 2 1 52454 472
0x00007aca1fded500 0x0000000ce73cf500 0 1 0 0 1 2 1 52454 464
0x00007aca1fded580 0x0000000ce73cf580 0 1 0 0 1 2 1 52454 472
0x00007aca1fded600 0x0000000ce73cf600 0 0 1 0 1 2 1 52454 464
0x00007aca1fded680 0x0000000ce73cf680 0 0 1 0 1 2 1 52454 472
0x00007aca1fded700 0x0000000ce73cf700 0 1 1 0 1 2 1 52454 464
0x00007aca1fded780 0x0000000ce73cf780 0 1 1 0 1 2 1 52454 472
0x00007aca1fded800 0x0000000ce73cf800 0 0 0 0 1 2 1 52454 480
0x00007aca1fded880 0x0000000ce73cf880 0 0 0 0 1 2 1 52454 488
0x00007aca1fded900 0x0000000ce73cf900 0 1 0 0 1 2 1 52454 480
0x00007aca1fded980 0x0000000ce73cf980 0 1 0 0 1 2 1 52454 488
0x00007aca1fdeda00 0x0000000ce73cfa00 0 0 1 0 1 2 1 52454 480
0x00007aca1fdeda80 0x0000000ce73cfa80 0 0 1 0 1 2 1 52454 488
0x00007aca1fdedb00 0x0000000ce73cfb00 0 1 1 0 1 2 1 52454 480
0x00007aca1fdedb80 0x0000000ce73cfb80 0 1 1 0 1 2 1 52454 488
0x00007aca1fdedc00 0x0000000ce73cfc00 0 0 0 0 1 2 1 52454 496
0x00007aca1fdedc80 0x0000000ce73cfc80 0 0 0 0 1 2 1 52454 504
0x00007aca1fdedd00 0x0000000ce73cfd00 0 1 0 0 1 2 1 52454 496
0x00007aca1fdedd80 0x0000000ce73cfd80 0 1 0 0 1 2 1 52454 504
0x00007aca1fdede00 0x0000000ce73cfe00 0 0 1 0 1 2 1 52454 496
0x00007aca1fdede80 0x0000000ce73cfe80 0 0 1 0 1 2 1 52454 504
0x00007aca1fdedf00 0x0000000ce73cff00 0 1 1 0 1 2 1 52454 496
0x00007aca1fdedf80 0x0000000ce73cff80 0 1 1 0 1 2 1 52454 504
0x00007aca1fdf5000 0x0000000bcd34d000 0 0 0 0 1 2 1 47522 320
0x00007aca1fdf5080 0x0000000bcd34d080 0 0 0 0 1 2 1 47522 328
0x00007aca1fdf5100 0x0000000bcd34d100 0 1 0 0 1 2 1 47522 320
0x00007aca1fdf5180 0x0000000bcd34d180 0 1 0 0 1 2 1 47522 328
0x00007aca1fdf5200 0x0000000bcd34d200 0 0 1 0 1 2 1 47522 320
0x00007aca1fdf5280 0x0000000bcd34d280 0 0 1 0 1 2 1 47522 328
0x00007aca1fdf5300 0x0000000bcd34d300 0 1 1 0 1 2 1 47522 320
0x00007aca1fdf5380 0x0000000bcd34d380 0 1 1 0 1 2 1 47522 328
0x00007aca1fdf5400 0x0000000bcd34d400 0 0 0 0 1 2 1 47522 336
0x00007aca1fdf5480 0x0000000bcd34d480 0 0 0 0 1 2 1 47522 344
0x00007aca1fdf5500 0x0000000bcd34d500 0 1 0 0 1 2 1 47522 336
0x00007aca1fdf5580 0x0000000bcd34d580 0 1 0 0 1 2 1 47522 344
0x00007aca1fdf5600 0x0000000bcd34d600 0 0 1 0 1 2 1 47522 336
0x00007aca1fdf5680 0x0000000bcd34d680 0 0 1 0 1 2 1 47522 344
0x00007aca1fdf5700 0x0000000bcd34d700 0 1 1 0 1 2 1 47522 336
0x00007aca1fdf5780 0x0000000bcd34d780 0 1 1 0 1 2 1 47522 344
0x00007aca1fdf5800 0x0000000bcd34d800 0 0 0 0 1 2 1 47522 352
0x00007aca1fdf5880 0x0000000bcd34d880 0 0 0 0 1 2 1 47522 360
0x00007aca1fdf5900 0x0000000bcd34d900 0 1 0 0 1 2 1 47522 352
0x00007aca1fdf5980 0x0000000bcd34d980 0 1 0 0 1 2 1 47522 360
0x00007aca1fdf5a00 0x0000000bcd34da00 0 0 1 0 1 2 1 47522 352
0x00007aca1fdf5a80 0x0000000bcd34da80 0 0 1 0 1 2 1 47522 360
0x00007aca1fdf5b00 0x0000000bcd34db00 0 1 1 0 1 2 1 47522 352
0x00007aca1fdf5b80 0x0000000bcd34db80 0 1 1 0 1 2 1 47522 360
0x00007aca1fdf5c00 0x0000000bcd34dc00 0 0 0 0 1 2 1 47522 368
0x00007aca1fdf5c80 0x0000000bcd34dc80 0 0 0 0 1 2 1 47522 376
0x00007aca1fdf5d00 0x0000000bcd34dd00 0 1 0 0 1 2 1 47522 368
0x00007aca1fdf5d80 0x0000000bcd34dd80 0 1 0 0 1 2 1 47522 376
0x00007aca1fdf5e00 0x0000000bcd34de00 0 0 1 0 1 2 1 47522 368
0x00007aca1fdf5e80 0x0000000bcd34de80 0 0 1 0 1 2 1 47522 376
0x00007aca1fdf5f00 0x0000000bcd34df00 0 1 1 0 1 2 1 47522 368
0x00007aca1fdf5f80 0x0000000bcd34df80 0 1 1 0 1 2 1 47522 376
0x00007aca1fe0d000 0x0000000319bca000 0 0 0 0 1 2 1 9022 128
0x00007aca1fe0d080 0x0000000319bca080 0 0 0 0 1 2 1 9022 136
0x00007aca1fe0d100 0x0000000319bca100 0 1 0 0 1 2 1 9022 128
0x00007aca1fe0d180 0x0000000319bca180 0 1 0 0 1 2 1 9022 136
0x00007aca1fe0d200 0x0000000319bca200 0 0 1 0 1 2 1 9022 128
0x00007aca1fe0d280 0x0000000319bca280 0 0 1 0 1 2 1 9022 136
0x00007aca1fe0d300 0x0000000319bca300 0 1 1 0 1 2 1 9022 128
0x00007aca1fe0d380 0x0000000319bca380 0 1 1 0 1 2 1 9022 136
0x00007aca1fe0d400 0x0000000319bca400 0 0 0 0 1 2 1 9022 144
0x00007aca1fe0d480 0x0000000319bca480 0 0 0 0 1 2 1 9022 152
0x00007aca1fe0d500 0x0000000319bca500 0 1 0 0 1 2 1 9022 144
0x00007aca1fe0d580 0x0000000319bca580 0 1 0 0 1 2 1 9022 152
0x00007aca1fe0d600 0x0000000319bca600 0 0 1 0 1 2 1 9022 144
0x00007aca1fe0d680 0x0000000319bca680 0 0 1 0 1 2 1 9022 152
0x00007aca1fe0d700 0x0000000319bca700 0 1 1 0 1 2 1 9022 144
0x00007aca1fe0d780 0x0000000319bca780 0 1 1 0 1 2 1 9022 152
0x00007aca1fe0d800 0x0000000319bca800 0 0 0 0 1 2 1 9022 160
0x00007aca1fe0d880 0x0000000319bca880 0 0 0 0 1 2 1 9022 168
0x00007aca1fe0d900 0x0000000319bca900 0 1 0 0 1 2 1 9022 160
0x00007aca1fe0d980 0x0000000319bca980 0 1 0 0 1 2 1 9022 168
0x00007aca1fe0da00 0x0000000319bcaa00 0 0 1 0 1 2 1 9022 160
0x00007aca1fe0da80 0x0000000319bcaa80 0 0 1 0 1 2 1 9022 168
0x00007aca1fe0db00 0x0000000319bcab00 0 1 1 0 1 2 1 9022 160
0x00007aca1fe0db80 0x0000000319bcab80 0 1 1 0 1 2 1 9022 168
0x00007aca1fe0dc00 0x0000000319bcac00 0 0 0 0 1 2 1 9022 176
0x00007aca1fe0dc80 0x0000000319bcac80 0 0 0 0 1 2 1 9022 184
0x00007aca1fe0dd00 0x0000000319bcad00 0 1 0 0 1 2 1 9022 176
0x00007aca1fe0dd80 0x0000000319bcad80 0 1 0 0 1 2 1 9022 184
0x00007aca1fe0de00 0x0000000319bcae00 0 0 1 0 1 2 1 9022 176
0x00007aca1fe0de80 0x0000000319bcae80 0 0 1 0 1 2 1 9022 184
0x00007aca1fe0df00 0x0000000319bcaf00 0 1 1 0 1 2 1 9022 176
0x00007aca1fe0df80 0x0000000319bcaf80 0 1 1 0 1 2 1 9022 184
0x00007aca1fe0f000 0x0000000ea1b61000 0 0 0 0 0 2 1 58411 64
0x00007aca1fe0f080 0x0000000ea1b61080 0 0 0 0 0 2 1 58411 72
0x00007aca1fe0f100 0x0000000ea1b61100 0 1 0 0 0 2 1 58411 64
0x00007aca1fe0f180 0x0000000ea1b61180 0 1 0 0 0 2 1 58411 72
0x00007aca1fe0f200 0x0000000ea1b61200 0 0 1 0 0 2 1 58411 64
0x00007aca1fe0f280 0x0000000ea1b61280 0 0 1 0 0 2 1 58411 72
0x00007aca1fe0f300 0x0000000ea1b61300 0 1 1 0 0 2 1 58411 64
0x00007aca1fe0f380 0x0000000ea1b61380 0 1 1 0 0 2 1 58411 72
0x00007aca1fe0f400 0x0000000ea1b61400 0 0 0 0 0 2 1 58411 80
0x00007aca1fe0f480 0x0000000ea1b61480 0 0 0 0 0 2 1 58411 88
0x00007aca1fe0f500 0x0000000ea1b61500 0 1 0 0 0 2 1 58411 80
0x00007aca1fe0f580 0x0000000ea1b61580 0 1 0 0 0 2 1 58411 88
0x00007aca1fe0f600 0x0000000ea1b61600 0 0 1 0 0 2 1 58411 80
0x00007aca1fe0f680 0x0000000ea1b61680 0 0 1 0 0 2 1 58411 88
0x00007aca1fe0f700 0x0000000ea1b61700 0 1 1 0 0 2 1 58411 80
0x00007aca1fe0f780 0x0000000ea1b61780 0 1 1 0 0 2 1 58411 88
0x00007aca1fe0f800 0x0000000ea1b61800 0 0 0 0 0 2 1 58411 96
0x00007aca1fe0f880 0x0000000ea1b61880 0 0 0 0 0 2 1 58411 104
0x00007aca1fe0f900 0x0000000ea1b61900 0 1 0 0 0 2 1 58411 96
0x00007aca1fe0f980 0x0000000ea1b61980 0 1 0 0 0 2 1 58411 104
0x00007aca1fe0fa00 0x0000000ea1b61a00 0 0 1 0 0 2 1 58411 96
0x00007aca1fe0fa80 0x0000000ea1b61a80 0 0 1 0 0 2 1 58411 104
0x00007aca1fe0fb00 0x0000000ea1b61b00 0 1 1 0 0 2 1 58411 96
0x00007aca1fe0fb80 0x0000000ea1b61b80 0 1 1 0 0 2 1 58411 104
0x00007aca1fe0fc00 0x0000000ea1b61c00 0 0 0 0 0 2 1 58411 112
0x00007aca1fe0fc80 0x0000000ea1b61c80 0 0 0 0 0 2 1 58411 120
0x00007aca1fe0fd00 0x0000000ea1b61d00 0 1 0 0 0 2 1 58411 112
0x00007aca1fe0fd80 0x0000000ea1b61d80 0 1 0 0 0 2 1 58411 120
0x00007aca1fe0fe00 0x0000000ea1b61e00 0 0 1 0 0 2 1 58411 112
0x00007aca1fe0fe80 0x0000000ea1b61e80 0 0 1 0 0 2 1 58411 120
0x00007aca1fe0ff00 0x0000000ea1b61f00 0 1 1 0 0 2 1 58411 112
0x00007aca1fe0ff80 0x0000000ea1b61f80 0 1 1 0 0 2 1 58411 120
0x00007aca1fe20000 0x00000007c530d000 0 0 0 0 1 2 1 30880 320
0x00007aca1fe20080 0x00000007c530d080 0 0 0 0 1 2 1 30880 328
0x00007aca1fe20100 0x00000007c530d100 0 1 0 0 1 2 1 30880 320
0x00007aca1fe20180 0x00000007c530d180 0 1 0 0 1 2 1 30880 328
0x00007aca1fe20200 0x00000007c530d200 0 0 1 0 1 2 1 30880 320
0x00007aca1fe20280 0x00000007c530d280 0 0 1 0 1 2 1 30880 328
0x00007aca1fe20300 0x00000007c530d300 0 1 1 0 1 2 1 30880 320
0x00007aca1fe20380 0x00000007c530d380 0 1 1 0 1 2 1 30880 328
0x00007aca1fe20400 0x00000007c530d400 0 0 0 0 1 2 1 30880 336
0x00007aca1fe20480 0x00000007c530d480 0 0 0 0 1 2 1 30880 344
0x00007aca1fe20500 0x00000007c530d500 0 1 0 0 1 2 1 30880 336
0x00007aca1fe20580 0x00000007c530d580 0 1 0 0 1 2 1 30880 344
0x00007aca1fe20600 0x00000007c530d600 0 0 1 0 1 2 1 30880 336
0x00007aca1fe20680 0x00000007c530d680 0 0 1 0 1 2 1 30880 344
0x00007aca1fe20700 0x00000007c530d700 0 1 1 0 1 2 1 30880 336
0x00007aca1fe20780 0x00000007c530d780 0 1 1 0 1 2 1 30880 344
0x00007aca1fe20800 0x00000007c530d800 0 0 0 0 1 2 1 30880 352
0x00007aca1fe20880 0x00000007c530d880 0 0 0 0 1 2 1 30880 360
0x00007aca1fe20900 0x00000007c530d900 0 1 0 0 1 2 1 30880 352
0x00007aca1fe20980 0x00000007c530d980 0 1 0 0 1 2 1 30880 360
0x00007aca1fe20a00 0x00000007c530da00 0 0 1 0 1 2 1 30880 352
0x00007aca1fe20a80 0x00000007c530da80 0 0 1 0 1 2 1 30880 360
0x00007aca1fe20b00 0x00000007c530db00 0 1 1 0 1 2 1 30880 352
0x00007aca1fe20b80 0x00000007c530db80 0 1 1 0 1 2 1 30880 360
0x00007aca1fe20c00 0x00000007c530dc00 0 0 0 0 1 2 1 30880 368
0x00007aca1fe20c80 0x00000007c530dc80 0 0 0 0 1 2 1 30880 376
0x00007aca1fe20d00 0x00000007c530dd00 0 1 0 0 1 2 1 30880 368
0x00007aca1fe20d80 0x00000007c530dd80 0 1 0 0 1 2 1 30880 376
0x00007aca1fe20e00 0x00000007c530de00 0 0 1 0 1 2 1 30880 368
0x00007aca1fe20e80 0x00000007c530de80 0 0 1 0 1 2 1 30880 376
0x00007aca1fe20f00 0x00000007c530df00 0 1 1 0 1 2 1 30880 368
0x00007aca1fe20f80 0x00000007c530df80 0 1 1 0 1 2 1 30880 376
0x00007aca1fe23000 0x000000037cbc5000 0 0 0 0 0 2 1 12190 320
0x00007aca1fe23080 0x000000037cbc5080 0 0 0 0 0 2 1 12190 328
0x00007aca1fe23100 0x000000037cbc5100 0 1 0 0 0 2 1 12190 320
0x00007aca1fe23180 0x000000037cbc5180 0 1 0 0 0 2 1 12190 328
0x00007aca1fe23200 0x000000037cbc5200 0 0 1 0 0 2 1 12190 320
0x00007aca1fe23280 0x000000037cbc5280 0 0 1 0 0 2 1 12190 328
0x00007aca1fe23300 0x000000037cbc5300 0 1 1 0 0 2 1 12190 320
0x00007aca1fe23380 0x000000037cbc5380 0 1 1 0 0 2 1 12190 328
0x00007aca1fe23400 0x000000037cbc5400 0 0 0 0 0 2 1 12190 336
0x00007aca1fe23480 0x000000037cbc5480 0 0 0 0 0 2 1 12190 344
0x00007aca1fe23500 0x000000037cbc5500 0 1 0 0 0 2 1 12190 336
0x00007aca1fe23580 0x000000037cbc5580 0 1 0 0 0 2 1 12190 344
0x00007aca1fe23600 0x000000037cbc5600 0 0 1 0 0 2 1 12190 336
0x00007aca1fe23680 0x000000037cbc5680 0 0 1 0 0 2 1 12190 344
0x00007aca1fe23700 0x000000037cbc5700 0 1 1 0 0 2 1 12190 336
0x00007aca1fe23780 0x000000037cbc5780 0 1 1 0 0 2 1 12190 344
0x00007aca1fe23800 0x000000037cbc5800 0 0 0 0 0 2 1 12190 352
0x00007aca1fe23880 0x000000037cbc5880 0 0 0 0 0 2 1 12190 360
0x00007aca1fe23900 0x000000037cbc5900 0 1 0 0 0 2 1 12190 352
0x00007aca1fe23980 0x000000037cbc5980 0 1 0 0 0 2 1 12190 360
0x00007aca1fe23a00 0x000000037cbc5a00 0 0 1 0 0 2 1 12190 352
0x00007aca1fe23a80 0x000000037cbc5a80 0 0 1 0 0 2 1 12190 360
0x00007aca1fe23b00 0x000000037cbc5b00 0 1 1 0 0 2 1 12190 352
0x00007aca1fe23b80 0x000000037cbc5b80 0 1 1 0 0 2 1 12190 360
0x00007aca1fe23c00 0x000000037cbc5c00 0 0 0 0 0 2 1 12190 368
0x00007aca1fe23c80 0x000000037cbc5c80 0 0 0 0 0 2 1 12190 376
0x00007aca1fe23d00 0x000000037cbc5d00 0 1 0 0 0 2 1 12190 368
0x00007aca1fe23d80 0x000000037cbc5d80 0 1 0 0 0 2 1 12190 376
0x00007aca1fe23e00 0x000000037cbc5e00 0 0 1 0 0 2 1 12190 368
0x00007aca1fe23e80 0x000000037cbc5e80 0 0 1 0 0 2 1 12190 376
0x00007aca1fe23f00 0x000000037cbc5f00 0 1 1 0 0 2 1 12190 368
0x00007aca1fe23f80 0x000000037cbc5f80 0 1 1 0 0 2 1 12190 376
0x00007aca1fe26000 0x00000003ec3f5000 0 0 0 0 0 2 1 15751 832
0x00007aca1fe26080 0x00000003ec3f5080 0 0 0 0 0 2 1 15751 840
0x00007aca1fe26100 0x00000003ec3f5100 0 1 0 0 0 2 1 15751 832
0x00007aca1fe26180 0x00000003ec3f5180 0 1 0 0 0 2 1 15751 840
0x00007aca1fe26200 0x00000003ec3f5200 0 0 1 0 0 2 1 15751 832
0x00007aca1fe26280 0x00000003ec3f5280 0 0 1 0 0 2 1 15751 840
0x00007aca1fe26300 0x00000003ec3f5300 0 1 1 0 0 2 1 15751 832
0x00007aca1fe26380 0x00000003ec3f5380 0 1 1 0 0 2 1 15751 840
0x00007aca1fe26400 0x00000003ec3f5400 0 0 0 0 0 2 1 15751 848
0x00007aca1fe26480 0x00000003ec3f5480 0 0 0 0 0 2 1 15751 856
0x00007aca1fe26500 0x00000003ec3f5500 0 1 0 0 0 2 1 15751 848
0x00007aca1fe26580 0x00000003ec3f5580 0 1 0 0 0 2 1 15751 856
0x00007aca1fe26600 0x00000003ec3f5600 0 0 1 0 0 2 1 15751 848
0x00007aca1fe26680 0x00000003ec3f5680 0 0 1 0 0 2 1 15751 856
0x00007aca1fe26700 0x00000003ec3f5700 0 1 1 0 0 2 1 15751 848
0x00007aca1fe26780 0x00000003ec3f5780 0 1 1 0 0 2 1 15751 856
0x00007aca1fe26800 0x00000003ec3f5800 0 0 0 0 0 2 1 15751 864
0x00007aca1fe26880 0x00000003ec3f5880 0 0 0 0 0 2 1 15751 872
0x00007aca1fe26900 0x00000003ec3f5900 0 1 0 0 0 2 1 15751 864
0x00007aca1fe26980 0x00000003ec3f5980 0 1 0 0 0 2 1 15751 872
0x00007aca1fe26a00 0x00000003ec3f5a00 0 0 1 0 0 2 1 15751 864
0x00007aca1fe26a80 0x00000003ec3f5a80 0 0 1 0 0 2 1 15751 872
0x00007aca1fe26b00 0x00000003ec3f5b00 0 1 1 0 0 2 1 15751 864
0x00007aca1fe26b80 0x00000003ec3f5b80 0 1 1 0 0 2 1 15751 872
0x00007aca1fe26c00 0x00000003ec3f5c00 0 0 0 0 0 2 1 15751 880
0x00007aca1fe26c80 0x00000003ec3f5c80 0 0 0 0 0 2 1 15751 888
0x00007aca1fe26d00 0x00000003ec3f5d00 0 1 0 0 0 2 1 15751 880
0x00007aca1fe26d80 0x00000003ec3f5d80 0 1 0 0 0 2 1 15751 888
0x00007aca1fe26e00 0x00000003ec3f5e00 0 0 1 0 0 2 1 15751 880
0x00007aca1fe26e80 0x00000003ec3f5e80 0 0 1 0 0 2 1 15751 888
0x00007aca1fe26f00 0x00000003ec3f5f00 0 1 1 0 0 2 1 15751 880
0x00007aca1fe26f80 0x00000003ec3f5f80 0 1 1 0 0 2 1 15751 888
0x00007aca1fe32000 0x0000000c2cb03000 0 0 0 0 0 2 1 46488 192
0x00007aca1fe32080 0x0000000c2cb03080 0 0 0 0 0 2 1 46488 200
0x00007aca1fe32100 0x0000000c2cb03100 0 1 0 0 0 2 1 46488 192
0x00007aca1fe32180 0x0000000c2cb03180 0 1 0 0 0 2 1 46488 200
0x00007aca1fe32200 0x0000000c2cb03200 0 0 1 0 0 2 1 46488 192
0x00007aca1fe32280 0x0000000c2cb03280 0 0 1 0 0 2 1 46488 200
0x00007aca1fe32300 0x0000000c2cb03300 0 1 1 0 0 2 1 46488 192
0x00007aca1fe32380 0x0000000c2cb03380 0 1 1 0 0 2 1 46488 200
0x00007aca1fe32400 0x0000000c2cb03400 0 0 0 0 0 2 1 46488 208
0x00007aca1fe32480 0x0000000c2cb03480 0 0 0 0 0 2 1 46488 216
0x00007aca1fe32500 0x0000000c2cb03500 0 1 0 0 0 2 1 46488 208
0x00007aca1fe32580 0x0000000c2cb03580 0 1 0 0 0 2 1 46488 216
0x00007aca1fe32600 0x0000000c2cb03600 0 0 1 0 0 2 1 46488 208
0x00007aca1fe32680 0x0000000c2cb03680 0 0 1 0 0 2 1 46488 216
0x00007aca1fe32700 0x0000000c2cb03700 0 1 1 0 0 2 1 46488 208
0x00007aca1fe32780 0x0000000c2cb03780 0 1 1 0 0 2 1 46488 216
0x00007aca1fe32800 0x0000000c2cb03800 0 0 0 0 0 2 1 46488 224
0x00007aca1fe32880 0x0000000c2cb03880 0 0 0 0 0 2 1 46488 232
0x00007aca1fe32900 0x0000000c2cb03900 0 1 0 0 0 2 1 46488 224
0x00007aca1fe32980 0x0000000c2cb03980 0 1 0 0 0 2 1 46488 232
0x00007aca1fe32a00 0x0000000c2cb03a00 0 0 1 0 0 2 1 46488 224
0x00007aca1fe32a80 0x0000000c2cb03a80 0 0 1 0 0 2 1 46488 232
0x00007aca1fe32b00 0x0000000c2cb03b00 0 1 1 0 0 2 1 46488 224
0x00007aca1fe32b80 0x0000000c2cb03b80 0 1 1 0 0 2 1 46488 232
0x00007aca1fe32c00 0x0000000c2cb03c00 0 0 0 0 0 2 1 46488 240
0x00007aca1fe32c80 0x0000000c2cb03c80 0 0 0 0 0 2 1 46488 248
0x00007aca1fe32d00 0x0000000c2cb03d00 0 1 0 0 0 2 1 46488 240
0x00007aca1fe32d80 0x0000000c2cb03d80 0 1 0 0 0 2 1 46488 248
0x00007aca1fe32e00 0x0000000c2cb03e00 0 0 1 0 0 2 1 46488 240
0x00007aca1fe32e80 0x0000000c2cb03e80 0 0 1 0 0 2 1 46488 248
0x00007aca1fe32f00 0x0000000c2cb03f00 0 1 1 0 0 2 1 46488 240
0x00007aca1fe32f80 0x0000000c2cb03f80 0 1 1 0 0 2 1 46488 248
0x00007aca1fe40000 0x0000000b153f5000 0 0 0 0 0 2 1 41655 832
0x00007aca1fe40080 0x0000000b153f5080 0 0 0 0 0 2 1 41655 840
0x00007aca1fe40100 0x0000000b153f5100 0 1 0 0 0 2 1 41655 832
0x00007aca1fe40180 0x0000000b153f5180 0 1 0 0 0 2 1 41655 840
0x00007aca1fe40200 0x0000000b153f5200 0 0 1 0 0 2 1 41655 832
0x00007aca1fe40280 0x0000000b153f5280 0 0 1 0 0 2 1 41655 840
0x00007aca1fe40300 0x0000000b153f5300 0 1 1 0 0 2 1 41655 832
0x00007aca1fe40380 0x0000000b153f5380 0 1 1 0 0 2 1 41655 840
0x00007aca1fe40400 0x0000000b153f5400 0 0 0 0 0 2 1 41655 848
0x00007aca1fe40480 0x0000000b153f5480 0 0 0 0 0 2 1 41655 856
0x00007aca1fe40500 0x0000000b153f5500 0 1 0 0 0 2 1 41655 848
0x00007aca1fe40580 0x0000000b153f5580 0 1 0 0 0 2 1 41655 856
0x00007aca1fe40600 0x0000000b153f5600 0 0 1 0 0 2 1 41655 848
0x00007aca1fe40680 0x0000000b153f5680 0 0 1 0 0 2 1 41655 856
0x00007aca1fe40700 0x0000000b153f5700 0 1 1 0 0 2 1 41655 848
0x00007aca1fe40780 0x0000000b153f5780 0 1 1 0 0 2 1 41655 856
0x00007aca1fe40800 0x0000000b153f5800 0 0 0 0 0 2 1 41655 864
0x00007aca1fe40880 0x0000000b153f5880 0 0 0 0 0 2 1 41655 872
0x00007aca1fe40900 0x0000000b153f5900 0 1 0 0 0 2 1 41655 864
0x00007aca1fe40980 0x0000000b153f5980 0 1 0 0 0 2 1 41655 872
0x00007aca1fe40a00 0x0000000b153f5a00 0 0 1 0 0 2 1 41655 864
0x00007aca1fe40a80 0x0000000b153f5a80 0 0 1 0 0 2 1 41655 872
0x00007aca1fe40b00 0x0000000b153f5b00 0 1 1 0 0 2 1 41655 864
0x00007aca1fe40b80 0x0000000b153f5b80 0 1 1 0 0 2 1 41655 872
0x00007aca1fe40c00 0x0000000b153f5c00 0 0 0 0 0 2 1 41655 880
0x00007aca1fe40c80 0x0000000b153f5c80 0 0 0 0 0 2 1 41655 888
0x00007aca1fe40d00 0x0000000b153f5d00 0 1 0 0 0 2 1 41655 880
0x00007aca1fe40d80 0x0000000b153f5d80 0 1 0 0 0 2 1 41655 888
0x00007aca1fe40e00 0x0000000b153f5e00 0 0 1 0 0 2 1 41655 880
0x00007aca1fe40e80 0x0000000b153f5e80 0 0 1 0 0 2 1 41655 888
0x00007aca1fe40f00 0x0000000b153f5f00 0 1 1 0 0 2 1 41655 880
0x00007aca1fe40f80 0x0000000b153f5f80 0 1 1 0 0 2 1 41655 888
0x00007aca1fe44000 0x00000007b4b73000 0 0 0 0 0 2 1 30347 704
0x00007aca1fe44080 0x00000007b4b73080 0 0 0 0 0 2 1 30347 712
0x00007aca1fe44100 0x00000007b4b73100 0 1 0 0 0 2 1 30347 704
0x00007aca1fe44180 0x00000007b4b73180 0 1 0 0 0 2 1 30347 712
0x00007aca1fe44200 0x00000007b4b73200 0 0 1 0 0 2 1 30347 704
0x00007aca1fe44280 0x00000007b4b73280 0 0 1 0 0 2 1 30347 712
0x00007aca1fe44300 0x00000007b4b73300 0 1 1 0 0 2 1 30347 704
0x00007aca1fe44380 0x00000007b4b73380 0 1 1 0 0 2 1 30347 712
0x00007aca1fe44400 0x00000007b4b73400 0 0 0 0 0 2 1 30347 720
0x00007aca1fe44480 0x00000007b4b73480 0 0 0 0 0 2 1 30347 728
0x00007aca1fe44500 0x00000007b4b73500 0 1 0 0 0 2 1 30347 720
0x00007aca1fe44580 0x00000007b4b73580 0 1 0 0 0 2 1 30347 728
0x00007aca1fe44600 0x00000007b4b73600 0 0 1 0 0 2 1 30347 720
0x00007aca1fe44680 0x00000007b4b73680 0 0 1 0 0 2 1 30347 728
0x00007aca1fe44700 0x00000007b4b73700 0 1 1 0 0 2 1 30347 720
0x00007aca1fe44780 0x00000007b4b73780 0 1 1 0 0 2 1 30347 728
0x00007aca1fe44800 0x00000007b4b73800 0 0 0 0 0 2 1 30347 736
0x00007aca1fe44880 0x00000007b4b73880 0 0 0 0 0 2 1 30347 744
0x00007aca1fe44900 0x00000007b4b73900 0 1 0 0 0 2 1 30347 736
0x00007aca1fe44980 0x00000007b4b73980 0 1 0 0 0 2 1 30347 744
0x00007aca1fe44a00 0x00000007b4b73a00 0 0 1 0 0 2 1 30347 736
0x00007aca1fe44a80 0x00000007b4b73a80 0 0 1 0 0 2 1 30347 744
0x00007aca1fe44b00 0x00000007b4b73b00 0 1 1 0 0 2 1 30347 736
0x00007aca1fe44b80 0x00000007b4b73b80 0 1 1 0 0 2 1 30347 744
0x00007aca1fe44c00 0x00000007b4b73c00 0 0 0 0 0 2 1 30347 752
0x00007aca1fe44c80 0x00000007b4b73c80 0 0 0 0 0 2 1 30347 760
0x00007aca1fe44d00 0x00000007b4b73d00 0 1 0 0 0 2 1 30347 752
0x00007aca1fe44d80 0x00000007b4b73d80 0 1 0 0 0 2 1 30347 760
0x00007aca1fe44e00 0x00000007b4b73e00 0 0 1 0 0 2 1 30347 752
0x00007aca1fe44e80 0x00000007b4b73e80 0 0 1 0 0 2 1 30347 760
0x00007aca1fe44f00 0x00000007b4b73f00 0 1 1 0 0 2 1 30347 752
0x00007aca1fe44f80 0x00000007b4b73f80 0 1 1 0 0 2 1 30347 760
0x00007aca1fe4d000 0x000000029bb6c000 0 0 0 0 1 2 1 9067 256
0x00007aca1fe4d080 0x000000029bb6c080 0 0 0 0 1 2 1 9067 264
0x00007aca1fe4d100 0x000000029bb6c100 0 1 0 0 1 2 1 9067 256
0x00007aca1fe4d180 0x000000029bb6c180 0 1 0 0 1 2 1 9067 264
0x00007aca1fe4d200 0x000000029bb6c200 0 0 1 0 1 2 1 9067 256
0x00007aca1fe4d280 0x000000029bb6c280 0 0 1 0 1 2 1 9067 264
0x00007aca1fe4d300 0x000000029bb6c300 0 1 1 0 1 2 1 9067 256
0x00007aca1fe4d380 0x000000029bb6c380 0 1 1 0 1 2 1 9067 264
0x00007aca1fe4d400 0x000000029bb6c400 0 0 0 0 1 2 1 9067 272
0x00007aca1fe4d480 0x000000029bb6c480 0 0 0 0 1 2 1 9067 280
0x00007aca1fe4d500 0x000000029bb6c500 0 1 0 0 1 2 1 9067 272
0x00007aca1fe4d580 0x000000029bb6c580 0 1 0 0 1 2 1 9067 280
0x00007aca1fe4d600 0x000000029bb6c600 0 0 1 0 1 2 1 9067 272
0x00007aca1fe4d680 0x000000029bb6c680 0 0 1 0 1 2 1 9067 280
0x00007aca1fe4d700 0x000000029bb6c700 0 1 1 0 1 2 1 9067 272
0x00007aca1fe4d780 0x000000029bb6c780 0 1 1 0 1 2 1 9067 280
0x00007aca1fe4d800 0x000000029bb6c800 0 0 0 0 1 2 1 9067 288
0x00007aca1fe4d880 0x000000029bb6c880 0 0 0 0 1 2 1 9067 296
0x00007aca1fe4d900 0x000000029bb6c900 0 1 0 0 1 2 1 9067 288
0x00007aca1fe4d980 0x000000029bb6c980 0 1 0 0 1 2 1 9067 296
0x00007aca1fe4da00 0x000000029bb6ca00 0 0 1 0 1 2 1 9067 288
0x00007aca1fe4da80 0x000000029bb6ca80 0 0 1 0 1 2 1 9067 296
0x00007aca1fe4db00 0x000000029bb6cb00 0 1 1 0 1 2 1 9067 288
0x00007aca1fe4db80 0x000000029bb6cb80 0 1 1 0 1 2 1 9067 296
0x00007aca1fe4dc00 0x000000029bb6cc00 0 0 0 0 1 2 1 9067 304
0x00007aca1fe4dc80 0x000000029bb6cc80 0 0 0 0 1 2 1 9067 312
0x00007aca1fe4dd00 0x000000029bb6cd00 0 1 0 0 1 2 1 9067 304
0x00007aca1fe4dd80 0x000000029bb6cd80 0 1 0 0 1 2 1 9067 312
0x00007aca1fe4de00 0x000000029bb6ce00 0 0 1 0 1 2 1 9067 304
0x00007aca1fe4de80 0x000000029bb6ce80 0 0 1 0 1 2 1 9067 312
0x00007aca1fe4df00 0x000000029bb6cf00 0 1 1 0 1 2 1 9067 304
0x00007aca1fe4df80 0x000000029bb6cf80 0 1 1 0 1 2 1 9067 312
0x00007aca1fe58000 0x0000000636b6a000 0 0 0 0 1 2 1 22235 128
0x00007aca1fe58080 0x0000000636b6a080 0 0 0 0 1 2 1 22235 136
0x00007aca1fe58100 0x0000000636b6a100 0 1 0 0 1 2 1 22235 128
0x00007aca1fe58180 0x0000000636b6a180 0 1 0 0 1 2 1 22235 136
0x00007aca1fe58200 0x0000000636b6a200 0 0 1 0 1 2 1 22235 128
0x00007aca1fe58280 0x0000000636b6a280 0 0 1 0 1 2 1 22235 136
0x00007aca1fe58300 0x0000000636b6a300 0 1 1 0 1 2 1 22235 128
0x00007aca1fe58380 0x0000000636b6a380 0 1 1 0 1 2 1 22235 136
0x00007aca1fe58400 0x0000000636b6a400 0 0 0 0 1 2 1 22235 144
0x00007aca1fe58480 0x0000000636b6a480 0 0 0 0 1 2 1 22235 152
0x00007aca1fe58500 0x0000000636b6a500 0 1 0 0 1 2 1 22235 144
0x00007aca1fe58580 0x0000000636b6a580 0 1 0 0 1 2 1 22235 152
0x00007aca1fe58600 0x0000000636b6a600 0 0 1 0 1 2 1 22235 144
0x00007aca1fe58680 0x0000000636b6a680 0 0 1 0 1 2 1 22235 152
0x00007aca1fe58700 0x0000000636b6a700 0 1 1 0 1 2 1 22235 144
0x00007aca1fe58780 0x0000000636b6a780 0 1 1 0 1 2 1 22235 152
0x00007aca1fe58800 0x0000000636b6a800 0 0 0 0 1 2 1 22235 160
0x00007aca1fe58880 0x0000000636b6a880 0 0 0 0 1 2 1 22235 168
0x00007aca1fe58900 0x0000000636b6a900 0 1 0 0 1 2 1 22235 160
0x00007aca1fe58980 0x0000000636b6a980 0 1 0 0 1 2 1 22235 168
0x00007aca1fe58a00 0x0000000636b6aa00 0 0 1 0 1 2 1 22235 160
0x00007aca1fe58a80 0x0000000636b6aa80 0 0 1 0 1 2 1 22235 168
0x00007aca1fe58b00 0x0000000636b6ab00 0 1 1 0 1 2 1 22235 160
0x00007aca1fe58b80 0x0000000636b6ab80 0 1 1 0 1 2 1 22235 168
0x00007aca1fe58c00 0x0000000636b6ac00 0 0 0 0 1 2 1 22235 176
0x00007aca1fe58c80 0x0000000636b6ac80 0 0 0 0 1 2 1 22235 184
0x00007aca1fe58d00 0x0000000636b6ad00 0 1 0 0 1 2 1 22235 176
0x00007aca1fe58d80 0x0000000636b6ad80 0 1 0 0 1 2 1 22235 184
0x00007aca1fe58e00 0x0000000636b6ae00 0 0 1 0 1 2 1 22235 176
0x00007aca1fe58e80 0x0000000636b6ae80 0 0 1 0 1 2 1 22235 184
0x00007aca1fe58f00 0x0000000636b6af00 0 1 1 0 1 2 1 22235 176
0x00007aca1fe58f80 0x0000000636b6af80 0 1 1 0 1 2 1 22235 184
0x00007aca1fe5f000 0x0000000c1a32d000 0 0 0 0 1 2 1 45905 320
0x00007aca1fe5f080 0x0000000c1a32d080 0 0 0 0 1 2 1 45905 328
0x00007aca1fe5f100 0x0000000c1a32d100 0 1 0 0 1 2 1 45905 320
0x00007aca1fe5f180 0x0000000c1a32d180 0 1 0 0 1 2 1 45905 328
0x00007aca1fe5f200 0x0000000c1a32d200 0 0 1 0 1 2 1 45905 320
0x00007aca1fe5f280 0x0000000c1a32d280 0 0 1 0 1 2 1 45905 328
0x00007aca1fe5f300 0x0000000c1a32d300 0 1 1 0 1 2 1 45905 320
0x00007aca1fe5f380 0x0000000c1a32d380 0 1 1 0 1 2 1 45905 328
0x00007aca1fe5f400 0x0000000c1a32d400 0 0 0 0 1 2 1 45905 336
0x00007aca1fe5f480 0x0000000c1a32d480 0 0 0 0 1 2 1 45905 344
0x00007aca1fe5f500 0x0000000c1a32d500 0 1 0 0 1 2 1 45905 336
0x00007aca1fe5f580 0x0000000c1a32d580 0 1 0 0 1 2 1 45905 344
0x00007aca1fe5f600 0x0000000c1a32d600 0 0 1 0 1 2 1 45905 336
0x00007aca1fe5f680 0x0000000c1a32d680 0 0 1 0 1 2 1 45905 344
0x00007aca1fe5f700 0x0000000c1a32d700 0 1 1 0 1 2 1 45905 336
0x00007aca1fe5f780 0x0000000c1a32d780 0 1 1 0 1 2 1 45905 344
0x00007aca1fe5f800 0x0000000c1a32d800 0 0 0 0 1 2 1 45905 352
0x00007aca1fe5f880 0x0000000c1a32d880 0 0 0 0 1 2 1 45905 360
0x00007aca1fe5f900 0x0000000c1a32d900 0 1 0 0 1 2 1 45905 352
0x00007aca1fe5f980 0x0000000c1a32d980 0 1 0 0 1 2 1 45905 360
0x00007aca1fe5fa00 0x0000000c1a32da00 0 0 1 0 1 2 1 45905 352
0x00007aca1fe5fa80 0x0000000c1a32da80 0 0 1 0 1 2 1 45905 360
0x00007aca1fe5fb00 0x0000000c1a32db00 0 1 1 0 1 2 1 45905 352
0x00007aca1fe5fb80 0x0000000c1a32db80 0 1 1 0 1 2 1 45905 360
0x00007aca1fe5fc00 0x0000000c1a32dc00 0 0 0 0 1 2 1 45905 368
0x00007aca1fe5fc80 0x0000000c1a32dc80 0 0 0 0 1 2 1 45905 376
0x00007aca1fe5fd00 0x0000000c1a32dd00 0 1 0 0 1 2 1 45905 368
0x00007aca1fe5fd80 0x0000000c1a32dd80 0 1 0 0 1 2 1 45905 376
0x00007aca1fe5fe00 0x0000000c1a32de00 0 0 1 0 1 2 1 45905 368
0x00007aca1fe5fe80 0x0000000c1a32de80 0 0 1 0 1 2 1 45905 376
0x00007aca1fe5ff00 0x0000000c1a32df00 0 1 1 0 1 2 1 45905 368
0x00007aca1fe5ff80 0x0000000c1a32df80 0 1 1 0 1 2 1 45905 376
0x00007aca1fe69000 0x00000006c0bc9000 0 0 0 0 1 2 1 26638 64
0x00007aca1fe69080 0x00000006c0bc9080 0 0 0 0 1 2 1 26638 72
0x00007aca1fe69100 0x00000006c0bc9100 0 1 0 0 1 2 1 26638 64
0x00007aca1fe69180 0x00000006c0bc9180 0 1 0 0 1 2 1 26638 72
0x00007aca1fe69200 0x00000006c0bc9200 0 0 1 0 1 2 1 26638 64
0x00007aca1fe69280 0x00000006c0bc9280 0 0 1 0 1 2 1 26638 72
0x00007aca1fe69300 0x00000006c0bc9300 0 1 1 0 1 2 1 26638 64
0x00007aca1fe69380 0x00000006c0bc9380 0 1 1 0 1 2 1 26638 72
0x00007aca1fe69400 0x00000006c0bc9400 0 0 0 0 1 2 1 26638 80
0x00007aca1fe69480 0x00000006c0bc9480 0 0 0 0 1 2 1 26638 88
0x00007aca1fe69500 0x00000006c0bc9500 0 1 0 0 1 2 1 26638 80
0x00007aca1fe69580 0x00000006c0bc9580 0 1 0 0 1 2 1 26638 88
0x00007aca1fe69600 0x00000006c0bc9600 0 0 1 0 1 2 1 26638 80
0x00007aca1fe69680 0x00000006c0bc9680 0 0 1 0 1 2 1 26638 88
0x00007aca1fe69700 0x00000006c0bc9700 0 1 1 0 1 2 1 26638 80
0x00007aca1fe69780 0x00000006c0bc9780 0 1 1 0 1 2 1 26638 88
0x00007aca1fe69800 0x00000006c0bc9800 0 0 0 0 1 2 1 26638 96
0x00007aca1fe69880 0x00000006c0bc9880 0 0 0 0 1 2 1 26638 104
0x00007aca1fe69900 0x00000006c0bc9900 0 1 0 0 1 2 1 26638 96
0x00007aca1fe69980 0x00000006c0bc9980 0 1 0 0 1 2 1 26638 104
0x00007aca1fe69a00 0x00000006c0bc9a00 0 0 1 0 1 2 1 26638 96
0x00007aca1fe69a80 0x00000006c0bc9a80 0 0 1 0 1 2 1 26638 104
0x00007aca1fe69b00 0x00000006c0bc9b00 0 1 1 0 1 2 1 26638 96
0x00007aca1fe69b80 0x00000006c0bc9b80 0 1 1 0 1 2 1 26638 104
0x00007aca1fe69c00 0x00000006c0bc9c00 0 0 0 0 1 2 1 26638 112
0x00007aca1fe69c80 0x00000006c0bc9c80 0 0 0 0 1 2 1 26638 120
0x00007aca1fe69d00 0x00000006c0bc9d00 0 1 0 0 1 2 1 26638 112
0x00007aca1fe69d80 0x00000006c0bc9d80 0 1 0 0 1 2 1 26638 120
0x00007aca1fe69e00 0x00000006c0bc9e00 0 0 1 0 1 2 1 26638 112
0x00007aca1fe69e80 0x00000006c0bc9e80 0 0 1 0 1 2 1 26638 120
0x00007aca1fe69f00 0x00000006c0bc9f00 0 1 1 0 1 2 1 26638 112
0x00007aca1fe69f80 0x00000006c0bc9f80 0 1 1 0 1 2 1 26638 120
0x00007aca1fe70000 0x00000009f4bb4000 0 0 0 0 0 2 1 40589 768
0x00007aca1fe70080 0x00000009f4bb4080 0 0 0 0 0 2 1 40589 776
0x00007aca1fe70100 0x00000009f4bb4100 0 1 0 0 0 2 1 40589 768
0x00007aca1fe70180 0x00000009f4bb4180 0 1 0 0 0 2 1 40589 776
0x00007aca1fe70200 0x00000009f4bb4200 0 0 1 0 0 2 1 40589 768
0x00007aca1fe70280 0x00000009f4bb4280 0 0 1 0 0 2 1 40589 776
0x00007aca1fe70300 0x00000009f4bb4300 0 1 1 0 0 2 1 40589 768
0x00007aca1fe70380 0x00000009f4bb4380 0 1 1 0 0 2 1 40589 776
0x00007aca1fe70400 0x00000009f4bb4400 0 0 0 0 0 2 1 40589 784
0x00007aca1fe70480 0x00000009f4bb4480 0 0 0 0 0 2 1 40589 792
0x00007aca1fe70500 0x00000009f4bb4500 0 1 0 0 0 2 1 40589 784
0x00007aca1fe70580 0x00000009f4bb4580 0 1 0 0 0 2 1 40589 792
0x00007aca1fe70600 0x00000009f4bb4600 0 0 1 0 0 2 1 40589 784
0x00007aca1fe70680 0x00000009f4bb4680 0 0 1 0 0 2 1 40589 792
0x00007aca1fe70700 0x00000009f4bb4700 0 1 1 0 0 2 1 40589 784
0x00007aca1fe70780 0x00000009f4bb4780 0 1 1 0 0 2 1 40589 792
0x00007aca1fe70800 0x00000009f4bb4800 0 0 0 0 0 2 1 40589 800
0x00007aca1fe70880 0x00000009f4bb4880 0 0 0 0 0 2 1 40589 808
0x00007aca1fe70900 0x00000009f4bb4900 0 1 0 0 0 2 1 40589 800
0x00007aca1fe70980 0x00000009f4bb4980 0 1 0 0 0 2 1 40589 808
0x00007aca1fe70a00 0x00000009f4bb4a00 0 0 1 0 0 2 1 40589 800
0x00007aca1fe70a80 0x00000009f4bb4a80 0 0 1 0 0 2 1 40589 808
0x00007aca1fe70b00 0x00000009f4bb4b00 0 1 1 0 0 2 1 40589 800
0x00007aca1fe70b80 0x00000009f4bb4b80 0 1 1 0 0 2 1 40589 808
0x00007aca1fe70c00 0x00000009f4bb4c00 0 0 0 0 0 2 1 40589 816
0x00007aca1fe70c80 0x00000009f4bb4c80 0 0 0 0 0 2 1 40589 824
0x00007aca1fe70d00 0x00000009f4bb4d00 0 1 0 0 0 2 1 40589 816
0x00007aca1fe70d80 0x00000009f4bb4d80 0 1 0 0 0 2 1 40589 824
0x00007aca1fe70e00 0x00000009f4bb4e00 0 0 1 0 0 2 1 40589 816
0x00007aca1fe70e80 0x00000009f4bb4e80 0 0 1 0 0 2 1 40589 824
0x00007aca1fe70f00 0x00000009f4bb4f00 0 1 1 0 0 2 1 40589 816
0x00007aca1fe70f80 0x00000009f4bb4f80 0 1 1 0 0 2 1 40589 824
0x00007aca1fe81000 0x0000000ae0bed000 0 0 0 0 1 2 1 44047 320
0x00007aca1fe81080 0x0000000ae0bed080 0 0 0 0 1 2 1 44047 328
0x00007aca1fe81100 0x0000000ae0bed100 0 1 0 0 1 2 1 44047 320
0x00007aca1fe81180 0x0000000ae0bed180 0 1 0 0 1 2 1 44047 328
0x00007aca1fe81200 0x0000000ae0bed200 0 0 1 0 1 2 1 44047 320
0x00007aca1fe81280 0x0000000ae0bed280 0 0 1 0 1 2 1 44047 328
0x00007aca1fe81300 0x0000000ae0bed300 0 1 1 0 1 2 1 44047 320
0x00007aca1fe81380 0x0000000ae0bed380 0 1 1 0 1 2 1 44047 328
0x00007aca1fe81400 0x0000000ae0bed400 0 0 0 0 1 2 1 44047 336
0x00007aca1fe81480 0x0000000ae0bed480 0 0 0 0 1 2 1 44047 344
0x00007aca1fe81500 0x0000000ae0bed500 0 1 0 0 1 2 1 44047 336
0x00007aca1fe81580 0x0000000ae0bed580 0 1 0 0 1 2 1 44047 344
0x00007aca1fe81600 0x0000000ae0bed600 0 0 1 0 1 2 1 44047 336
0x00007aca1fe81680 0x0000000ae0bed680 0 0 1 0 1 2 1 44047 344
0x00007aca1fe81700 0x0000000ae0bed700 0 1 1 0 1 2 1 44047 336
0x00007aca1fe81780 0x0000000ae0bed780 0 1 1 0 1 2 1 44047 344
0x00007aca1fe81800 0x0000000ae0bed800 0 0 0 0 1 2 1 44047 352
0x00007aca1fe81880 0x0000000ae0bed880 0 0 0 0 1 2 1 44047 360
0x00007aca1fe81900 0x0000000ae0bed900 0 1 0 0 1 2 1 44047 352
0x00007aca1fe81980 0x0000000ae0bed980 0 1 0 0 1 2 1 44047 360
0x00007aca1fe81a00 0x0000000ae0beda00 0 0 1 0 1 2 1 44047 352
0x00007aca1fe81a80 0x0000000ae0beda80 0 0 1 0 1 2 1 44047 360
0x00007aca1fe81b00 0x0000000ae0bedb00 0 1 1 0 1 2 1 44047 352
0x00007aca1fe81b80 0x0000000ae0bedb80 0 1 1 0 1 2 1 44047 360
0x00007aca1fe81c00 0x0000000ae0bedc00 0 0 0 0 1 2 1 44047 368
0x00007aca1fe81c80 0x0000000ae0bedc80 0 0 0 0 1 2 1 44047 376
0x00007aca1fe81d00 0x0000000ae0bedd00 0 1 0 0 1 2 1 44047 368
0x00007aca1fe81d80 0x0000000ae0bedd80 0 1 0 0 1 2 1 44047 376
0x00007aca1fe81e00 0x0000000ae0bede00 0 0 1 0 1 2 1 44047 368
0x00007aca1fe81e80 0x0000000ae0bede80 0 0 1 0 1 2 1 44047 376
0x00007aca1fe81f00 0x0000000ae0bedf00 0 1 1 0 1 2 1 44047 368
0x00007aca1fe81f80 0x0000000ae0bedf80 0 1 1 0 1 2 1 44047 376
0x00007aca1fe85000 0x0000000897369000 0 0 0 0 1 2 1 33507 64
0x00007aca1fe85080 0x0000000897369080 0 0 0 0 1 2 1 33507 72
0x00007aca1fe85100 0x0000000897369100 0 1 0 0 1 2 1 33507 64
0x00007aca1fe85180 0x0000000897369180 0 1 0 0 1 2 1 33507 72
0x00007aca1fe85200 0x0000000897369200 0 0 1 0 1 2 1 33507 64
0x00007aca1fe85280 0x0000000897369280 0 0 1 0 1 2 1 33507 72
0x00007aca1fe85300 0x0000000897369300 0 1 1 0 1 2 1 33507 64
0x00007aca1fe85380 0x0000000897369380 0 1 1 0 1 2 1 33507 72
0x00007aca1fe85400 0x0000000897369400 0 0 0 0 1 2 1 33507 80
0x00007aca1fe85480 0x0000000897369480 0 0 0 0 1 2 1 33507 88
0x00007aca1fe85500 0x0000000897369500 0 1 0 0 1 2 1 33507 80
0x00007aca1fe85580 0x0000000897369580 0 1 0 0 1 2 1 33507 88
0x00007aca1fe85600 0x0000000897369600 0 0 1 0 1 2 1 33507 80
0x00007aca1fe85680 0x0000000897369680 0 0 1 0 1 2 1 33507 88
0x00007aca1fe85700 0x0000000897369700 0 1 1 0 1 2 1 33507 80
0x00007aca1fe85780 0x0000000897369780 0 1 1 0 1 2 1 33507 88
0x00007aca1fe85800 0x0000000897369800 0 0 0 0 1 2 1 33507 96
0x00007aca1fe85880 0x0000000897369880 0 0 0 0 1 2 1 33507 104
0x00007aca1fe85900 0x0000000897369900 0 1 0 0 1 2 1 33507 96
0x00007aca1fe85980 0x0000000897369980 0 1 0 0 1 2 1 33507 104
0x00007aca1fe85a00 0x0000000897369a00 0 0 1 0 1 2 1 33507 96
0x00007aca1fe85a80 0x0000000897369a80 0 0 1 0 1 2 1 33507 104
0x00007aca1fe85b00 0x0000000897369b00 0 1 1 0 1 2 1 33507 96
0x00007aca1fe85b80 0x0000000897369b80 0 1 1 0 1 2 1 33507 104
0x00007aca1fe85c00 0x0000000897369c00 0 0 0 0 1 2 1 33507 112
0x00007aca1fe85c80 0x0000000897369c80 0 0 0 0 1 2 1 33507 120
0x00007aca1fe85d00 0x0000000897369d00 0 1 0 0 1 2 1 33507 112
0x00007aca1fe85d80 0x0000000897369d80 0 1 0 0 1 2 1 33507 120
0x00007aca1fe85e00 0x0000000897369e00 0 0 1 0 1 2 1 33507 112
0x00007aca1fe85e80 0x0000000897369e80 0 0 1 0 1 2 1 33507 120
0x00007aca1fe85f00 0x0000000897369f00 0 1 1 0 1 2 1 33507 112
0x00007aca1fe85f80 0x0000000897369f80 0 1 1 0 1 2 1 33507 120
0x00007aca1fe8a000 0x0000000ebf3dd000 0 0 0 0 1 2 1 59366 832
0x00007aca1fe8a080 0x0000000ebf3dd080 0 0 0 0 1 2 1 59366 840
0x00007aca1fe8a100 0x0000000ebf3dd100 0 1 0 0 1 2 1 59366 832
0x00007aca1fe8a180 0x0000000ebf3dd180 0 1 0 0 1 2 1 59366 840
0x00007aca1fe8a200 0x0000000ebf3dd200 0 0 1 0 1 2 1 59366 832
0x00007aca1fe8a280 0x0000000ebf3dd280 0 0 1 0 1 2 1 59366 840
0x00007aca1fe8a300 0x0000000ebf3dd300 0 1 1 0 1 2 1 59366 832
0x00007aca1fe8a380 0x0000000ebf3dd380 0 1 1 0 1 2 1 59366 840
0x00007aca1fe8a400 0x0000000ebf3dd400 0 0 0 0 1 2 1 59366 848
0x00007aca1fe8a480 0x0000000ebf3dd480 0 0 0 0 1 2 1 59366 856
0x00007aca1fe8a500 0x0000000ebf3dd500 0 1 0 0 1 2 1 59366 848
0x00007aca1fe8a580 0x0000000ebf3dd580 0 1 0 0 1 2 1 59366 856
0x00007aca1fe8a600 0x0000000ebf3dd600 0 0 1 0 1 2 1 59366 848
0x00007aca1fe8a680 0x0000000ebf3dd680 0 0 1 0 1 2 1 59366 856
0x00007aca1fe8a700 0x0000000ebf3dd700 0 1 1 0 1 2 1 59366 848
0x00007aca1fe8a780 0x0000000ebf3dd780 0 1 1 0 1 2 1 59366 856
0x00007aca1fe8a800 0x0000000ebf3dd800 0 0 0 0 1 2 1 59366 864
0x00007aca1fe8a880 0x0000000ebf3dd880 0 0 0 0 1 2 1 59366 872
0x00007aca1fe8a900 0x0000000ebf3dd900 0 1 0 0 1 2 1 59366 864
0x00007aca1fe8a980 0x0000000ebf3dd980 0 1 0 0 1 2 1 59366 872
0x00007aca1fe8aa00 0x0000000ebf3dda00 0 0 1 0 1 2 1 59366 864
0x00007aca1fe8aa80 0x0000000ebf3dda80 0 0 1 0 1 2 1 59366 872
0x00007aca1fe8ab00 0x0000000ebf3ddb00 0 1 1 0 1 2 1 59366 864
0x00007aca1fe8ab80 0x0000000ebf3ddb80 0 1 1 0 1 2 1 59366 872
0x00007aca1fe8ac00 0x0000000ebf3ddc00 0 0 0 0 1 2 1 59366 880
0x00007aca1fe8ac80 0x0000000ebf3ddc80 0 0 0 0 1 2 1 59366 888
0x00007aca1fe8ad00 0x0000000ebf3ddd00 0 1 0 0 1 2 1 59366 880
0x00007aca1fe8ad80 0x0000000ebf3ddd80 0 1 0 0 1 2 1 59366 888
0x00007aca1fe8ae00 0x0000000ebf3dde00 0 0 1 0 1 2 1 59366 880
0x00007aca1fe8ae80 0x0000000ebf3dde80 0 0 1 0 1 2 1 59366 888
0x00007aca1fe8af00 0x0000000ebf3ddf00 0 1 1 0 1 2 1 59366 880
0x00007aca1fe8af80 0x0000000ebf3ddf80 0 1 1 0 1 2 1 59366 888
0x00007aca1fe90000 0x00000006e6b4a000 0 0 0 0 1 2 1 27850 128
0x00007aca1fe90080 0x00000006e6b4a080 0 0 0 0 1 2 1 27850 136
0x00007aca1fe90100 0x00000006e6b4a100 0 1 0 0 1 2 1 27850 128
0x00007aca1fe90180 0x00000006e6b4a180 0 1 0 0 1 2 1 27850 136
0x00007aca1fe90200 0x00000006e6b4a200 0 0 1 0 1 2 1 27850 128
0x00007aca1fe90280 0x00000006e6b4a280 0 0 1 0 1 2 1 27850 136
0x00007aca1fe90300 0x00000006e6b4a300 0 1 1 0 1 2 1 27850 128
0x00007aca1fe90380 0x00000006e6b4a380 0 1 1 0 1 2 1 27850 136
0x00007aca1fe90400 0x00000006e6b4a400 0 0 0 0 1 2 1 27850 144
0x00007aca1fe90480 0x00000006e6b4a480 0 0 0 0 1 2 1 27850 152
0x00007aca1fe90500 0x00000006e6b4a500 0 1 0 0 1 2 1 27850 144
0x00007aca1fe90580 0x00000006e6b4a580 0 1 0 0 1 2 1 27850 152
0x00007aca1fe90600 0x00000006e6b4a600 0 0 1 0 1 2 1 27850 144
0x00007aca1fe90680 0x00000006e6b4a680 0 0 1 0 1 2 1 27850 152
0x00007aca1fe90700 0x00000006e6b4a700 0 1 1 0 1 2 1 27850 144
0x00007aca1fe90780 0x00000006e6b4a780 0 1 1 0 1 2 1 27850 152
0x00007aca1fe90800 0x00000006e6b4a800 0 0 0 0 1 2 1 27850 160
0x00007aca1fe90880 0x00000006e6b4a880 0 0 0 0 1 2 1 27850 168
0x00007aca1fe90900 0x00000006e6b4a900 0 1 0 0 1 2 1 27850 160
0x00007aca1fe90980 0x00000006e6b4a980 0 1 0 0 1 2 1 27850 168
0x00007aca1fe90a00 0x00000006e6b4aa00 0 0 1 0 1 2 1 27850 160
0x00007aca1fe90a80 0x00000006e6b4aa80 0 0 1 0 1 2 1 27850 168
0x00007aca1fe90b00 0x00000006e6b4ab00 0 1 1 0 1 2 1 27850 160
0x00007aca1fe90b80 0x00000006e6b4ab80 0 1 1 0 1 2 1 27850 168
0x00007aca1fe90c00 0x00000006e6b4ac00 0 0 0 0 1 2 1 27850 176
0x00007aca1fe90c80 0x00000006e6b4ac80 0 0 0 0 1 2 1 27850 184
0x00007aca1fe90d00 0x00000006e6b4ad00 0 1 0 0 1 2 1 27850 176
0x00007aca1fe90d80 0x00000006e6b4ad80 0 1 0 0 1 2 1 27850 184
0x00007aca1fe90e00 0x00000006e6b4ae00 0 0 1 0 1 2 1 27850 176
0x00007aca1fe90e80 0x00000006e6b4ae80 0 0 1 0 1 2 1 27850 184
0x00007aca1fe90f00 0x00000006e6b4af00 0 1 1 0 1 2 1 27850 176
0x00007aca1fe90f80 0x00000006e6b4af80 0 1 1 0 1 2 1 27850 184
0x00007aca1fe91000 0x0000000c54b0f000 0 0 0 0 1 2 1 47768 448
0x00007aca1fe91080 0x0000000c54b0f080 0 0 0 0 1 2 1 47768 456
0x00007aca1fe91100 0x0000000c54b0f100 0 1 0 0 1 2 1 47768 448
0x00007aca1fe91180 0x0000000c54b0f180 0 1 0 0 1 2 1 47768 456
0x00007aca1fe91200 0x0000000c54b0f200 0 0 1 0 1 2 1 47768 448
0x00007aca1fe91280 0x0000000c54b0f280 0 0 1 0 1 2 1 47768 456
0x00007aca1fe91300 0x0000000c54b0f300 0 1 1 0 1 2 1 47768 448
0x00007aca1fe91380 0x0000000c54b0f380 0 1 1 0 1 2 1 47768 456
0x00007aca1fe91400 0x0000000c54b0f400 0 0 0 0 1 2 1 47768 464
0x00007aca1fe91480 0x0000000c54b0f480 0 0 0 0 1 2 1 47768 472
0x00007aca1fe91500 0x0000000c54b0f500 0 1 0 0 1 2 1 47768 464
0x00007aca1fe91580 0x0000000c54b0f580 0 1 0 0 1 2 1 47768 472
0x00007aca1fe91600 0x0000000c54b0f600 0 0 1 0 1 2 1 47768 464
0x00007aca1fe91680 0x0000000c54b0f680 0 0 1 0 1 2 1 47768 472
0x00007aca1fe91700 0x0000000c54b0f700 0 1 1 0 1 2 1 47768 464
0x00007aca1fe91780 0x0000000c54b0f780 0 1 1 0 1 2 1 47768 472
0x00007aca1fe91800 0x0000000c54b0f800 0 0 0 0 1 2 1 47768 480
0x00007aca1fe91880 0x0000000c54b0f880 0 0 0 0 1 2 1 47768 488
0x00007aca1fe91900 0x0000000c54b0f900 0 1 0 0 1 2 1 47768 480
0x00007aca1fe91980 0x0000000c54b0f980 0 1 0 0 1 2 1 47768 488
0x00007aca1fe91a00 0x0000000c54b0fa00 0 0 1 0 1 2 1 47768 480
0x00007aca1fe91a80 0x0000000c54b0fa80 0 0 1 0 1 2 1 47768 488
0x00007aca1fe91b00 0x0000000c54b0fb00 0 1 1 0 1 2 1 47768 480
0x00007aca1fe91b80 0x0000000c54b0fb80 0 1 1 0 1 2 1 47768 488
0x00007aca1fe91c00 0x0000000c54b0fc00 0 0 0 0 1 2 1 47768 496
0x00007aca1fe91c80 0x0000000c54b0fc80 0 0 0 0 1 2 1 47768 504
0x00007aca1fe91d00 0x0000000c54b0fd00 0 1 0 0 1 2 1 47768 496
0x00007aca1fe91d80 0x0000000c54b0fd80 0 1 0 0 1 2 1 47768 504
0x00007aca1fe91e00 0x0000000c54b0fe00 0 0 1 0 1 2 1 47768 496
0x00007aca1fe91e80 0x0000000c54b0fe80 0 0 1 0 1 2 1 47768 504
0x00007aca1fe91f00 0x0000000c54b0ff00 0 1 1 0 1 2 1 47768 496
0x00007aca1fe91f80 0x0000000c54b0ff80 0 1 1 0 1 2 1 47768 504
0x00007aca1fe96000 0x000000036cb9f000 0 0 0 0 1 2 1 11676 960
0x00007aca1fe96080 0x000000036cb9f080 0 0 0 0 1 2 1 11676 968
0x00007aca1fe96100 0x000000036cb9f100 0 1 0 0 1 2 1 11676 960
0x00007aca1fe96180 0x000000036cb9f180 0 1 0 0 1 2 1 11676 968
0x00007aca1fe96200 0x000000036cb9f200 0 0 1 0 1 2 1 11676 960
0x00007aca1fe96280 0x000000036cb9f280 0 0 1 0 1 2 1 11676 968
0x00007aca1fe96300 0x000000036cb9f300 0 1 1 0 1 2 1 11676 960
0x00007aca1fe96380 0x000000036cb9f380 0 1 1 0 1 2 1 11676 968
0x00007aca1fe96400 0x000000036cb9f400 0 0 0 0 1 2 1 11676 976
0x00007aca1fe96480 0x000000036cb9f480 0 0 0 0 1 2 1 11676 984
0x00007aca1fe96500 0x000000036cb9f500 0 1 0 0 1 2 1 11676 976
0x00007aca1fe96580 0x000000036cb9f580 0 1 0 0 1 2 1 11676 984
0x00007aca1fe96600 0x000000036cb9f600 0 0 1 0 1 2 1 11676 976
0x00007aca1fe96680 0x000000036cb9f680 0 0 1 0 1 2 1 11676 984
0x00007aca1fe96700 0x000000036cb9f700 0 1 1 0 1 2 1 11676 976
0x00007aca1fe96780 0x000000036cb9f780 0 1 1 0 1 2 1 11676 984
0x00007aca1fe96800 0x000000036cb9f800 0 0 0 0 1 2 1 11676 992
0x00007aca1fe96880 0x000000036cb9f880 0 0 0 0 1 2 1 11676 1000
0x00007aca1fe96900 0x000000036cb9f900 0 1 0 0 1 2 1 11676 992
0x00007aca1fe96980 0x000000036cb9f980 0 1 0 0 1 2 1 11676 1000
0x00007aca1fe96a00 0x000000036cb9fa00 0 0 1 0 1 2 1 11676 992
0x00007aca1fe96a80 0x000000036cb9fa80 0 0 1 0 1 2 1 11676 1000
0x00007aca1fe96b00 0x000000036cb9fb00 0 1 1 0 1 2 1 11676 992
0x00007aca1fe96b80 0x000000036cb9fb80 0 1 1 0 1 2 1 11676 1000
0x00007aca1fe96c00 0x000000036cb9fc00 0 0 0 0 1 2 1 11676 1008
0x00007aca1fe96c80 0x000000036cb9fc80 0 0 0 0 1 2 1 11676 1016
0x00007aca1fe96d00 0x000000036cb9fd00 0 1 0 0 1 2 1 11676 1008
0x00007aca1fe96d80 0x000000036cb9fd80 0 1 0 0 1 2 1 11676 1016
0x00007aca1fe96e00 0x000000036cb9fe00 0 0 1 0 1 2 1 11676 1008
0x00007aca1fe96e80 0x000000036cb9fe80 0 0 1 0 1 2 1 11676 1016
0x00007aca1fe96f00 0x000000036cb9ff00 0 1 1 0 1 2 1 11676 1008
0x00007aca1fe96f80 0x000000036cb9ff80 0 1 1 0 1 2 1 11676 1016
0x00007aca1fe97000 0x0000000ebf3c9000 0 0 0 0 1 2 1 59366 64
0x00007aca1fe97080 0x0000000ebf3c9080 0 0 0 0 1 2 1 59366 72
0x00007aca1fe97100 0x0000000ebf3c9100 0 1 0 0 1 2 1 59366 64
0x00007aca1fe97180 0x0000000ebf3c9180 0 1 0 0 1 2 1 59366 72
0x00007aca1fe97200 0x0000000ebf3c9200 0 0 1 0 1 2 1 59366 64
0x00007aca1fe97280 0x0000000ebf3c9280 0 0 1 0 1 2 1 59366 72
0x00007aca1fe97300 0x0000000ebf3c9300 0 1 1 0 1 2 1 59366 64
0x00007aca1fe97380 0x0000000ebf3c9380 0 1 1 0 1 2 1 59366 72
0x00007aca1fe97400 0x0000000ebf3c9400 0 0 0 0 1 2 1 59366 80
0x00007aca1fe97480 0x0000000ebf3c9480 0 0 0 0 1 2 1 59366 88
0x00007aca1fe97500 0x0000000ebf3c9500 0 1 0 0 1 2 1 59366 80
0x00007aca1fe97580 0x0000000ebf3c9580 0 1 0 0 1 2 1 59366 88
0x00007aca1fe97600 0x0000000ebf3c9600 0 0 1 0 1 2 1 59366 80
0x00007aca1fe97680 0x0000000ebf3c9680 0 0 1 0 1 2 1 59366 88
0x00007aca1fe97700 0x0000000ebf3c9700 0 1 1 0 1 2 1 59366 80
0x00007aca1fe97780 0x0000000ebf3c9780 0 1 1 0 1 2 1 59366 88
0x00007aca1fe97800 0x0000000ebf3c9800 0 0 0 0 1 2 1 59366 96
0x00007aca1fe97880 0x0000000ebf3c9880 0 0 0 0 1 2 1 59366 104
0x00007aca1fe97900 0x0000000ebf3c9900 0 1 0 0 1 2 1 59366 96
0x00007aca1fe97980 0x0000000ebf3c9980 0 1 0 0 1 2 1 59366 104
0x00007aca1fe97a00 0x0000000ebf3c9a00 0 0 1 0 1 2 1 59366 96
0x00007aca1fe97a80 0x0000000ebf3c9a80 0 0 1 0 1 2 1 59366 104
0x00007aca1fe97b00 0x0000000ebf3c9b00 0 1 1 0 1 2 1 59366 96
0x00007aca1fe97b80 0x0000000ebf3c9b80 0 1 1 0 1 2 1 59366 104
0x00007aca1fe97c00 0x0000000ebf3c9c00 0 0 0 0 1 2 1 59366 112
0x00007aca1fe97c80 0x0000000ebf3c9c80 0 0 0 0 1 2 1 59366 120
0x00007aca1fe97d00 0x0000000ebf3c9d00 0 1 0 0 1 2 1 59366 112
0x00007aca1fe97d80 0x0000000ebf3c9d80 0 1 0 0 1 2 1 59366 120
0x00007aca1fe97e00 0x0000000ebf3c9e00 0 0 1 0 1 2 1 59366 112
0x00007aca1fe97e80 0x0000000ebf3c9e80 0 0 1 0 1 2 1 59366 120
0x00007aca1fe97f00 0x0000000ebf3c9f00 0 1 1 0 1 2 1 59366 112
0x00007aca1fe97f80 0x0000000ebf3c9f80 0 1 1 0 1 2 1 59366 120
0x00007aca1fea8000 0x000000039b39d000 0 0 0 0 1 2 1 13156 832
0x00007aca1fea8080 0x000000039b39d080 0 0 0 0 1 2 1 13156 840
0x00007aca1fea8100 0x000000039b39d100 0 1 0 0 1 2 1 13156 832
0x00007aca1fea8180 0x000000039b39d180 0 1 0 0 1 2 1 13156 840
0x00007aca1fea8200 0x000000039b39d200 0 0 1 0 1 2 1 13156 832
0x00007aca1fea8280 0x000000039b39d280 0 0 1 0 1 2 1 13156 840
0x00007aca1fea8300 0x000000039b39d300 0 1 1 0 1 2 1 13156 832
0x00007aca1fea8380 0x000000039b39d380 0 1 1 0 1 2 1 13156 840
0x00007aca1fea8400 0x000000039b39d400 0 0 0 0 1 2 1 13156 848
0x00007aca1fea8480 0x000000039b39d480 0 0 0 0 1 2 1 13156 856
0x00007aca1fea8500 0x000000039b39d500 0 1 0 0 1 2 1 13156 848
0x00007aca1fea8580 0x000000039b39d580 0 1 0 0 1 2 1 13156 856
0x00007aca1fea8600 0x000000039b39d600 0 0 1 0 1 2 1 13156 848
0x00007aca1fea8680 0x000000039b39d680 0 0 1 0 1 2 1 13156 856
0x00007aca1fea8700 0x000000039b39d700 0 1 1 0 1 2 1 13156 848
0x00007aca1fea8780 0x000000039b39d780 0 1 1 0 1 2 1 13156 856
0x00007aca1fea8800 0x000000039b39d800 0 0 0 0 1 2 1 13156 864
0x00007aca1fea8880 0x000000039b39d880 0 0 0 0 1 2 1 13156 872
0x00007aca1fea8900 0x000000039b39d900 0 1 0 0 1 2 1 13156 864
0x00007aca1fea8980 0x000000039b39d980 0 1 0 0 1 2 1 13156 872
0x00007aca1fea8a00 0x000000039b39da00 0 0 1 0 1 2 1 13156 864
0x00007aca1fea8a80 0x000000039b39da80 0 0 1 0 1 2 1 13156 872
0x00007aca1fea8b00 0x000000039b39db00 0 1 1 0 1 2 1 13156 864
0x00007aca1fea8b80 0x000000039b39db80 0 1 1 0 1 2 1 13156 872
0x00007aca1fea8c00 0x000000039b39dc00 0 0 0 0 1 2 1 13156 880
0x00007aca1fea8c80 0x000000039b39dc80 0 0 0 0 1 2 1 13156 888
0x00007aca1fea8d00 0x000000039b39dd00 0 1 0 0 1 2 1 13156 880
0x00007aca1fea8d80 0x000000039b39dd80 0 1 0 0 1 2 1 13156 888
0x00007aca1fea8e00 0x000000039b39de00 0 0 1 0 1 2 1 13156 880
0x00007aca1fea8e80 0x000000039b39de80 0 0 1 0 1 2 1 13156 888
0x00007aca1fea8f00 0x000000039b39df00 0 1 1 0 1 2 1 13156 880
0x00007aca1fea8f80 0x000000039b39df80 0 1 1 0 1 2 1 13156 888
0x00007aca1feb5000 0x00000008e3b9b000 0 0 0 0 1 2 1 35948 704
0x00007aca1feb5080 0x00000008e3b9b080 0 0 0 0 1 2 1 35948 712
0x00007aca1feb5100 0x00000008e3b9b100 0 1 0 0 1 2 1 35948 704
0x00007aca1feb5180 0x00000008e3b9b180 0 1 0 0 1 2 1 35948 712
0x00007aca1feb5200 0x00000008e3b9b200 0 0 1 0 1 2 1 35948 704
0x00007aca1feb5280 0x00000008e3b9b280 0 0 1 0 1 2 1 35948 712
0x00007aca1feb5300 0x00000008e3b9b300 0 1 1 0 1 2 1 35948 704
0x00007aca1feb5380 0x00000008e3b9b380 0 1 1 0 1 2 1 35948 712
0x00007aca1feb5400 0x00000008e3b9b400 0 0 0 0 1 2 1 35948 720
0x00007aca1feb5480 0x00000008e3b9b480 0 0 0 0 1 2 1 35948 728
0x00007aca1feb5500 0x00000008e3b9b500 0 1 0 0 1 2 1 35948 720
0x00007aca1feb5580 0x00000008e3b9b580 0 1 0 0 1 2 1 35948 728
0x00007aca1feb5600 0x00000008e3b9b600 0 0 1 0 1 2 1 35948 720
0x00007aca1feb5680 0x00000008e3b9b680 0 0 1 0 1 2 1 35948 728
0x00007aca1feb5700 0x00000008e3b9b700 0 1 1 0 1 2 1 35948 720
0x00007aca1feb5780 0x00000008e3b9b780 0 1 1 0 1 2 1 35948 728
0x00007aca1feb5800 0x00000008e3b9b800 0 0 0 0 1 2 1 35948 736
0x00007aca1feb5880 0x00000008e3b9b880 0 0 0 0 1 2 1 35948 744
0x00007aca1feb5900 0x00000008e3b9b900 0 1 0 0 1 2 1 35948 736
0x00007aca1feb5980 0x00000008e3b9b980 0 1 0 0 1 2 1 35948 744
0x00007aca1feb5a00 0x00000008e3b9ba00 0 0 1 0 1 2 1 35948 736
0x00007aca1feb5a80 0x00000008e3b9ba80 0 0 1 0 1 2 1 35948 744
0x00007aca1feb5b00 0x00000008e3b9bb00 0 1 1 0 1 2 1 35948 736
0x00007aca1feb5b80 0x00000008e3b9bb80 0 1 1 0 1 2 1 35948 744
0x00007aca1feb5c00 0x00000008e3b9bc00 0 0 0 0 1 2 1 35948 752
0x00007aca1feb5c80 0x00000008e3b9bc80 0 0 0 0 1 2 1 35948 760
0x00007aca1feb5d00 0x00000008e3b9bd00 0 1 0 0 1 2 1 35948 752
0x00007aca1feb5d80 0x00000008e3b9bd80 0 1 0 0 1 2 1 35948 760
0x00007aca1feb5e00 0x00000008e3b9be00 0 0 1 0 1 2 1 35948 752
0x00007aca1feb5e80 0x00000008e3b9be80 0 0 1 0 1 2 1 35948 760
0x00007aca1feb5f00 0x00000008e3b9bf00 0 1 1 0 1 2 1 35948 752
0x00007aca1feb5f80 0x00000008e3b9bf80 0 1 1 0 1 2 1 35948 760
0x00007aca1feb6000 0x000000074dbee000 0 0 0 0 1 2 1 27071 384
0x00007aca1feb6080 0x000000074dbee080 0 0 0 0 1 2 1 27071 392
0x00007aca1feb6100 0x000000074dbee100 0 1 0 0 1 2 1 27071 384
0x00007aca1feb6180 0x000000074dbee180 0 1 0 0 1 2 1 27071 392
0x00007aca1feb6200 0x000000074dbee200 0 0 1 0 1 2 1 27071 384
0x00007aca1feb6280 0x000000074dbee280 0 0 1 0 1 2 1 27071 392
0x00007aca1feb6300 0x000000074dbee300 0 1 1 0 1 2 1 27071 384
0x00007aca1feb6380 0x000000074dbee380 0 1 1 0 1 2 1 27071 392
0x00007aca1feb6400 0x000000074dbee400 0 0 0 0 1 2 1 27071 400
0x00007aca1feb6480 0x000000074dbee480 0 0 0 0 1 2 1 27071 408
0x00007aca1feb6500 0x000000074dbee500 0 1 0 0 1 2 1 27071 400
0x00007aca1feb6580 0x000000074dbee580 0 1 0 0 1 2 1 27071 408
0x00007aca1feb6600 0x000000074dbee600 0 0 1 0 1 2 1 27071 400
0x00007aca1feb6680 0x000000074dbee680 0 0 1 0 1 2 1 27071 408
0x00007aca1feb6700 0x000000074dbee700 0 1 1 0 1 2 1 27071 400
0x00007aca1feb6780 0x000000074dbee780 0 1 1 0 1 2 1 27071 408
0x00007aca1feb6800 0x000000074dbee800 0 0 0 0 1 2 1 27071 416
0x00007aca1feb6880 0x000000074dbee880 0 0 0 0 1 2 1 27071 424
0x00007aca1feb6900 0x000000074dbee900 0 1 0 0 1 2 1 27071 416
0x00007aca1feb6980 0x000000074dbee980 0 1 0 0 1 2 1 27071 424
0x00007aca1feb6a00 0x000000074dbeea00 0 0 1 0 1 2 1 27071 416
0x00007aca1feb6a80 0x000000074dbeea80 0 0 1 0 1 2 1 27071 424
0x00007aca1feb6b00 0x000000074dbeeb00 0 1 1 0 1 2 1 27071 416
0x00007aca1feb6b80 0x000000074dbeeb80 0 1 1 0 1 2 1 27071 424
0x00007aca1feb6c00 0x000000074dbeec00 0 0 0 0 1 2 1 27071 432
0x00007aca1feb6c80 0x000000074dbeec80 0 0 0 0 1 2 1 27071 440
0x00007aca1feb6d00 0x000000074dbeed00 0 1 0 0 1 2 1 27071 432
0x00007aca1feb6d80 0x000000074dbeed80 0 1 0 0 1 2 1 27071 440
0x00007aca1feb6e00 0x000000074dbeee00 0 0 1 0 1 2 1 27071 432
0x00007aca1feb6e80 0x000000074dbeee80 0 0 1 0 1 2 1 27071 440
0x00007aca1feb6f00 0x000000074dbeef00 0 1 1 0 1 2 1 27071 432
0x00007aca1feb6f80 0x000000074dbeef80 0 1 1 0 1 2 1 27071 440
0x00007aca1feba000 0x000000026437f000 0 0 0 0 1 2 1 7315 960
0x00007aca1feba080 0x000000026437f080 0 0 0 0 1 2 1 7315 968
0x00007aca1feba100 0x000000026437f100 0 1 0 0 1 2 1 7315 960
0x00007aca1feba180 0x000000026437f180 0 1 0 0 1 2 1 7315 968
0x00007aca1feba200 0x000000026437f200 0 0 1 0 1 2 1 7315 960
0x00007aca1feba280 0x000000026437f280 0 0 1 0 1 2 1 7315 968
0x00007aca1feba300 0x000000026437f300 0 1 1 0 1 2 1 7315 960
0x00007aca1feba380 0x000000026437f380 0 1 1 0 1 2 1 7315 968
0x00007aca1feba400 0x000000026437f400 0 0 0 0 1 2 1 7315 976
0x00007aca1feba480 0x000000026437f480 0 0 0 0 1 2 1 7315 984
0x00007aca1feba500 0x000000026437f500 0 1 0 0 1 2 1 7315 976
0x00007aca1feba580 0x000000026437f580 0 1 0 0 1 2 1 7315 984
0x00007aca1feba600 0x000000026437f600 0 0 1 0 1 2 1 7315 976
0x00007aca1feba680 0x000000026437f680 0 0 1 0 1 2 1 7315 984
0x00007aca1feba700 0x000000026437f700 0 1 1 0 1 2 1 7315 976
0x00007aca1feba780 0x000000026437f780 0 1 1 0 1 2 1 7315 984
0x00007aca1feba800 0x000000026437f800 0 0 0 0 1 2 1 7315 992
0x00007aca1feba880 0x000000026437f880 0 0 0 0 1 2 1 7315 1000
0x00007aca1feba900 0x000000026437f900 0 1 0 0 1 2 1 7315 992
0x00007aca1feba980 0x000000026437f980 0 1 0 0 1 2 1 7315 1000
0x00007aca1febaa00 0x000000026437fa00 0 0 1 0 1 2 1 7315 992
0x00007aca1febaa80 0x000000026437fa80 0 0 1 0 1 2 1 7315 1000
0x00007aca1febab00 0x000000026437fb00 0 1 1 0 1 2 1 7315 992
0x00007aca1febab80 0x000000026437fb80 0 1 1 0 1 2 1 7315 1000
0x00007aca1febac00 0x000000026437fc00 0 0 0 0 1 2 1 7315 1008
0x00007aca1febac80 0x000000026437fc80 0 0 0 0 1 2 1 7315 1016
0x00007aca1febad00 0x000000026437fd00 0 1 0 0 1 2 1 7315 1008
0x00007aca1febad80 0x000000026437fd80 0 1 0 0 1 2 1 7315 1016
0x00007aca1febae00 0x000000026437fe00 0 0 1 0 1 2 1 7315 1008
0x00007aca1febae80 0x000000026437fe80 0 0 1 0 1 2 1 7315 1016
0x00007aca1febaf00 0x000000026437ff00 0 1 1 0 1 2 1 7315 1008
0x00007aca1febaf80 0x000000026437ff80 0 1 1 0 1 2 1 7315 1016
0x00007aca1febc000 0x00000001f43e9000 0 0 0 0 1 2 1 7815 64
0x00007aca1febc080 0x00000001f43e9080 0 0 0 0 1 2 1 7815 72
0x00007aca1febc100 0x00000001f43e9100 0 1 0 0 1 2 1 7815 64
0x00007aca1febc180 0x00000001f43e9180 0 1 0 0 1 2 1 7815 72
0x00007aca1febc200 0x00000001f43e9200 0 0 1 0 1 2 1 7815 64
0x00007aca1febc280 0x00000001f43e9280 0 0 1 0 1 2 1 7815 72
0x00007aca1febc300 0x00000001f43e9300 0 1 1 0 1 2 1 7815 64
0x00007aca1febc380 0x00000001f43e9380 0 1 1 0 1 2 1 7815 72
0x00007aca1febc400 0x00000001f43e9400 0 0 0 0 1 2 1 7815 80
0x00007aca1febc480 0x00000001f43e9480 0 0 0 0 1 2 1 7815 88
0x00007aca1febc500 0x00000001f43e9500 0 1 0 0 1 2 1 7815 80
0x00007aca1febc580 0x00000001f43e9580 0 1 0 0 1 2 1 7815 88
0x00007aca1febc600 0x00000001f43e9600 0 0 1 0 1 2 1 7815 80
0x00007aca1febc680 0x00000001f43e9680 0 0 1 0 1 2 1 7815 88
0x00007aca1febc700 0x00000001f43e9700 0 1 1 0 1 2 1 7815 80
0x00007aca1febc780 0x00000001f43e9780 0 1 1 0 1 2 1 7815 88
0x00007aca1febc800 0x00000001f43e9800 0 0 0 0 1 2 1 7815 96
0x00007aca1febc880 0x00000001f43e9880 0 0 0 0 1 2 1 7815 104
0x00007aca1febc900 0x00000001f43e9900 0 1 0 0 1 2 1 7815 96
0x00007aca1febc980 0x00000001f43e9980 0 1 0 0 1 2 1 7815 104
0x00007aca1febca00 0x00000001f43e9a00 0 0 1 0 1 2 1 7815 96
0x00007aca1febca80 0x00000001f43e9a80 0 0 1 0 1 2 1 7815 104
0x00007aca1febcb00 0x00000001f43e9b00 0 1 1 0 1 2 1 7815 96
0x00007aca1febcb80 0x00000001f43e9b80 0 1 1 0 1 2 1 7815 104
0x00007aca1febcc00 0x00000001f43e9c00 0 0 0 0 1 2 1 7815 112
0x00007aca1febcc80 0x00000001f43e9c80 0 0 0 0 1 2 1 7815 120
0x00007aca1febcd00 0x00000001f43e9d00 0 1 0 0 1 2 1 7815 112
0x00007aca1febcd80 0x00000001f43e9d80 0 1 0 0 1 2 1 7815 120
0x00007aca1febce00 0x00000001f43e9e00 0 0 1 0 1 2 1 7815 112
0x00007aca1febce80 0x00000001f43e9e80 0 0 1 0 1 2 1 7815 120
0x00007aca1febcf00 0x00000001f43e9f00 0 1 1 0 1 2 1 7815 112
0x00007aca1febcf80 0x00000001f43e9f80 0 1 1 0 1 2 1 7815 120
0x00007aca1febf000 0x00000006dd3d3000 0 0 0 0 0 2 1 27558 704
0x00007aca1febf080 0x00000006dd3d3080 0 0 0 0 0 2 1 27558 712
0x00007aca1febf100 0x00000006dd3d3100 0 1 0 0 0 2 1 27558 704
0x00007aca1febf180 0x00000006dd3d3180 0 1 0 0 0 2 1 27558 712
0x00007aca1febf200 0x00000006dd3d3200 0 0 1 0 0 2 1 27558 704
0x00007aca1febf280 0x00000006dd3d3280 0 0 1 0 0 2 1 27558 712
0x00007aca1febf300 0x00000006dd3d3300 0 1 1 0 0 2 1 27558 704
0x00007aca1febf380 0x00000006dd3d3380 0 1 1 0 0 2 1 27558 712
0x00007aca1febf400 0x00000006dd3d3400 0 0 0 0 0 2 1 27558 720
0x00007aca1febf480 0x00000006dd3d3480 0 0 0 0 0 2 1 27558 728
0x00007aca1febf500 0x00000006dd3d3500 0 1 0 0 0 2 1 27558 720
0x00007aca1febf580 0x00000006dd3d3580 0 1 0 0 0 2 1 27558 728
0x00007aca1febf600 0x00000006dd3d3600 0 0 1 0 0 2 1 27558 720
0x00007aca1febf680 0x00000006dd3d3680 0 0 1 0 0 2 1 27558 728
0x00007aca1febf700 0x00000006dd3d3700 0 1 1 0 0 2 1 27558 720
0x00007aca1febf780 0x00000006dd3d3780 0 1 1 0 0 2 1 27558 728
0x00007aca1febf800 0x00000006dd3d3800 0 0 0 0 0 2 1 27558 736
0x00007aca1febf880 0x00000006dd3d3880 0 0 0 0 0 2 1 27558 744
0x00007aca1febf900 0x00000006dd3d3900 0 1 0 0 0 2 1 27558 736
0x00007aca1febf980 0x00000006dd3d3980 0 1 0 0 0 2 1 27558 744
0x00007aca1febfa00 0x00000006dd3d3a00 0 0 1 0 0 2 1 27558 736
0x00007aca1febfa80 0x00000006dd3d3a80 0 0 1 0 0 2 1 27558 744
0x00007aca1febfb00 0x00000006dd3d3b00 0 1 1 0 0 2 1 27558 736
0x00007aca1febfb80 0x00000006dd3d3b80 0 1 1 0 0 2 1 27558 744
0x00007aca1febfc00 0x00000006dd3d3c00 0 0 0 0 0 2 1 27558 752
0x00007aca1febfc80 0x00000006dd3d3c80 0 0 0 0 0 2 1 27558 760
0x00007aca1febfd00 0x00000006dd3d3d00 0 1 0 0 0 2 1 27558 752
0x00007aca1febfd80 0x00000006dd3d3d80 0 1 0 0 0 2 1 27558 760
0x00007aca1febfe00 0x00000006dd3d3e00 0 0 1 0 0 2 1 27558 752
0x00007aca1febfe80 0x00000006dd3d3e80 0 0 1 0 0 2 1 27558 760
0x00007aca1febff00 0x00000006dd3d3f00 0 1 1 0 0 2 1 27558 752
0x00007aca1febff80 0x00000006dd3d3f80 0 1 1 0 0 2 1 27558 760
0x00007aca1ff07000 0x0000000ca339a000 0 0 0 0 1 2 1 50276 640
0x00007aca1ff07080 0x0000000ca339a080 0 0 0 0 1 2 1 50276 648
0x00007aca1ff07100 0x0000000ca339a100 0 1 0 0 1 2 1 50276 640
0x00007aca1ff07180 0x0000000ca339a180 0 1 0 0 1 2 1 50276 648
0x00007aca1ff07200 0x0000000ca339a200 0 0 1 0 1 2 1 50276 640
0x00007aca1ff07280 0x0000000ca339a280 0 0 1 0 1 2 1 50276 648
0x00007aca1ff07300 0x0000000ca339a300 0 1 1 0 1 2 1 50276 640
0x00007aca1ff07380 0x0000000ca339a380 0 1 1 0 1 2 1 50276 648
0x00007aca1ff07400 0x0000000ca339a400 0 0 0 0 1 2 1 50276 656
0x00007aca1ff07480 0x0000000ca339a480 0 0 0 0 1 2 1 50276 664
0x00007aca1ff07500 0x0000000ca339a500 0 1 0 0 1 2 1 50276 656
0x00007aca1ff07580 0x0000000ca339a580 0 1 0 0 1 2 1 50276 664
0x00007aca1ff07600 0x0000000ca339a600 0 0 1 0 1 2 1 50276 656
0x00007aca1ff07680 0x0000000ca339a680 0 0 1 0 1 2 1 50276 664
0x00007aca1ff07700 0x0000000ca339a700 0 1 1 0 1 2 1 50276 656
0x00007aca1ff07780 0x0000000ca339a780 0 1 1 0 1 2 1 50276 664
0x00007aca1ff07800 0x0000000ca339a800 0 0 0 0 1 2 1 50276 672
0x00007aca1ff07880 0x0000000ca339a880 0 0 0 0 1 2 1 50276 680
0x00007aca1ff07900 0x0000000ca339a900 0 1 0 0 1 2 1 50276 672
0x00007aca1ff07980 0x0000000ca339a980 0 1 0 0 1 2 1 50276 680
0x00007aca1ff07a00 0x0000000ca339aa00 0 0 1 0 1 2 1 50276 672
0x00007aca1ff07a80 0x0000000ca339aa80 0 0 1 0 1 2 1 50276 680
0x00007aca1ff07b00 0x0000000ca339ab00 0 1 1 0 1 2 1 50276 672
0x00007aca1ff07b80 0x0000000ca339ab80 0 1 1 0 1 2 1 50276 680
0x00007aca1ff07c00 0x0000000ca339ac00 0 0 0 0 1 2 1 50276 688
0x00007aca1ff07c80 0x0000000ca339ac80 0 0 0 0 1 2 1 50276 696
0x00007aca1ff07d00 0x0000000ca339ad00 0 1 0 0 1 2 1 50276 688
0x00007aca1ff07d80 0x0000000ca339ad80 0 1 0 0 1 2 1 50276 696
0x00007aca1ff07e00 0x0000000ca339ae00 0 0 1 0 1 2 1 50276 688
0x00007aca1ff07e80 0x0000000ca339ae80 0 0 1 0 1 2 1 50276 696
0x00007aca1ff07f00 0x0000000ca339af00 0 1 1 0 1 2 1 50276 688
0x00007aca1ff07f80 0x0000000ca339af80 0 1 1 0 1 2 1 50276 696
0x00007aca1ff08000 0x000000071733c000 0 0 0 0 1 2 1 25329 768
0x00007aca1ff08080 0x000000071733c080 0 0 0 0 1 2 1 25329 776
0x00007aca1ff08100 0x000000071733c100 0 1 0 0 1 2 1 25329 768
0x00007aca1ff08180 0x000000071733c180 0 1 0 0 1 2 1 25329 776
0x00007aca1ff08200 0x000000071733c200 0 0 1 0 1 2 1 25329 768
0x00007aca1ff08280 0x000000071733c280 0 0 1 0 1 2 1 25329 776
0x00007aca1ff08300 0x000000071733c300 0 1 1 0 1 2 1 25329 768
0x00007aca1ff08380 0x000000071733c380 0 1 1 0 1 2 1 25329 776
0x00007aca1ff08400 0x000000071733c400 0 0 0 0 1 2 1 25329 784
0x00007aca1ff08480 0x000000071733c480 0 0 0 0 1 2 1 25329 792
0x00007aca1ff08500 0x000000071733c500 0 1 0 0 1 2 1 25329 784
0x00007aca1ff08580 0x000000071733c580 0 1 0 0 1 2 1 25329 792
0x00007aca1ff08600 0x000000071733c600 0 0 1 0 1 2 1 25329 784
0x00007aca1ff08680 0x000000071733c680 0 0 1 0 1 2 1 25329 792
0x00007aca1ff08700 0x000000071733c700 0 1 1 0 1 2 1 25329 784
0x00007aca1ff08780 0x000000071733c780 0 1 1 0 1 2 1 25329 792
0x00007aca1ff08800 0x000000071733c800 0 0 0 0 1 2 1 25329 800
0x00007aca1ff08880 0x000000071733c880 0 0 0 0 1 2 1 25329 808
0x00007aca1ff08900 0x000000071733c900 0 1 0 0 1 2 1 25329 800
0x00007aca1ff08980 0x000000071733c980 0 1 0 0 1 2 1 25329 808
0x00007aca1ff08a00 0x000000071733ca00 0 0 1 0 1 2 1 25329 800
0x00007aca1ff08a80 0x000000071733ca80 0 0 1 0 1 2 1 25329 808
0x00007aca1ff08b00 0x000000071733cb00 0 1 1 0 1 2 1 25329 800
0x00007aca1ff08b80 0x000000071733cb80 0 1 1 0 1 2 1 25329 808
0x00007aca1ff08c00 0x000000071733cc00 0 0 0 0 1 2 1 25329 816
0x00007aca1ff08c80 0x000000071733cc80 0 0 0 0 1 2 1 25329 824
0x00007aca1ff08d00 0x000000071733cd00 0 1 0 0 1 2 1 25329 816
0x00007aca1ff08d80 0x000000071733cd80 0 1 0 0 1 2 1 25329 824
0x00007aca1ff08e00 0x000000071733ce00 0 0 1 0 1 2 1 25329 816
0x00007aca1ff08e80 0x000000071733ce80 0 0 1 0 1 2 1 25329 824
0x00007aca1ff08f00 0x000000071733cf00 0 1 1 0 1 2 1 25329 816
0x00007aca1ff08f80 0x000000071733cf80 0 1 1 0 1 2 1 25329 824
0x00007aca1ff0a000 0x0000000507350000 0 0 0 0 0 2 1 16626 512
0x00007aca1ff0a080 0x0000000507350080 0 0 0 0 0 2 1 16626 520
0x00007aca1ff0a100 0x0000000507350100 0 1 0 0 0 2 1 16626 512
0x00007aca1ff0a180 0x0000000507350180 0 1 0 0 0 2 1 16626 520
0x00007aca1ff0a200 0x0000000507350200 0 0 1 0 0 2 1 16626 512
0x00007aca1ff0a280 0x0000000507350280 0 0 1 0 0 2 1 16626 520
0x00007aca1ff0a300 0x0000000507350300 0 1 1 0 0 2 1 16626 512
0x00007aca1ff0a380 0x0000000507350380 0 1 1 0 0 2 1 16626 520
0x00007aca1ff0a400 0x0000000507350400 0 0 0 0 0 2 1 16626 528
0x00007aca1ff0a480 0x0000000507350480 0 0 0 0 0 2 1 16626 536
0x00007aca1ff0a500 0x0000000507350500 0 1 0 0 0 2 1 16626 528
0x00007aca1ff0a580 0x0000000507350580 0 1 0 0 0 2 1 16626 536
0x00007aca1ff0a600 0x0000000507350600 0 0 1 0 0 2 1 16626 528
0x00007aca1ff0a680 0x0000000507350680 0 0 1 0 0 2 1 16626 536
0x00007aca1ff0a700 0x0000000507350700 0 1 1 0 0 2 1 16626 528
0x00007aca1ff0a780 0x0000000507350780 0 1 1 0 0 2 1 16626 536
0x00007aca1ff0a800 0x0000000507350800 0 0 0 0 0 2 1 16626 544
0x00007aca1ff0a880 0x0000000507350880 0 0 0 0 0 2 1 16626 552
0x00007aca1ff0a900 0x0000000507350900 0 1 0 0 0 2 1 16626 544
0x00007aca1ff0a980 0x0000000507350980 0 1 0 0 0 2 1 16626 552
0x00007aca1ff0aa00 0x0000000507350a00 0 0 1 0 0 2 1 16626 544
0x00007aca1ff0aa80 0x0000000507350a80 0 0 1 0 0 2 1 16626 552
0x00007aca1ff0ab00 0x0000000507350b00 0 1 1 0 0 2 1 16626 544
0x00007aca1ff0ab80 0x0000000507350b80 0 1 1 0 0 2 1 16626 552
0x00007aca1ff0ac00 0x0000000507350c00 0 0 0 0 0 2 1 16626 560
0x00007aca1ff0ac80 0x0000000507350c80 0 0 0 0 0 2 1 16626 568
0x00007aca1ff0ad00 0x0000000507350d00 0 1 0 0 0 2 1 16626 560
0x00007aca1ff0ad80 0x0000000507350d80 0 1 0 0 0 2 1 16626 568
0x00007aca1ff0ae00 0x0000000507350e00 0 0 1 0 0 2 1 16626 560
0x00007aca1ff0ae80 0x0000000507350e80 0 0 1 0 0 2 1 16626 568
0x00007aca1ff0af00 0x0000000507350f00 0 1 1 0 0 2 1 16626 560
0x00007aca1ff0af80 0x0000000507350f80 0 1 1 0 0 2 1 16626 568
0x00007aca1ff10000 0x000000093bbe4000 0 0 0 0 0 2 1 34687 256
0x00007aca1ff10080 0x000000093bbe4080 0 0 0 0 0 2 1 34687 264
0x00007aca1ff10100 0x000000093bbe4100 0 1 0 0 0 2 1 34687 256
0x00007aca1ff10180 0x000000093bbe4180 0 1 0 0 0 2 1 34687 264
0x00007aca1ff10200 0x000000093bbe4200 0 0 1 0 0 2 1 34687 256
0x00007aca1ff10280 0x000000093bbe4280 0 0 1 0 0 2 1 34687 264
0x00007aca1ff10300 0x000000093bbe4300 0 1 1 0 0 2 1 34687 256
0x00007aca1ff10380 0x000000093bbe4380 0 1 1 0 0 2 1 34687 264
0x00007aca1ff10400 0x000000093bbe4400 0 0 0 0 0 2 1 34687 272
0x00007aca1ff10480 0x000000093bbe4480 0 0 0 0 0 2 1 34687 280
0x00007aca1ff10500 0x000000093bbe4500 0 1 0 0 0 2 1 34687 272
0x00007aca1ff10580 0x000000093bbe4580 0 1 0 0 0 2 1 34687 280
0x00007aca1ff10600 0x000000093bbe4600 0 0 1 0 0 2 1 34687 272
0x00007aca1ff10680 0x000000093bbe4680 0 0 1 0 0 2 1 34687 280
0x00007aca1ff10700 0x000000093bbe4700 0 1 1 0 0 2 1 34687 272
0x00007aca1ff10780 0x000000093bbe4780 0 1 1 0 0 2 1 34687 280
0x00007aca1ff10800 0x000000093bbe4800 0 0 0 0 0 2 1 34687 288
0x00007aca1ff10880 0x000000093bbe4880 0 0 0 0 0 2 1 34687 296
0x00007aca1ff10900 0x000000093bbe4900 0 1 0 0 0 2 1 34687 288
0x00007aca1ff10980 0x000000093bbe4980 0 1 0 0 0 2 1 34687 296
0x00007aca1ff10a00 0x000000093bbe4a00 0 0 1 0 0 2 1 34687 288
0x00007aca1ff10a80 0x000000093bbe4a80 0 0 1 0 0 2 1 34687 296
0x00007aca1ff10b00 0x000000093bbe4b00 0 1 1 0 0 2 1 34687 288
0x00007aca1ff10b80 0x000000093bbe4b80 0 1 1 0 0 2 1 34687 296
0x00007aca1ff10c00 0x000000093bbe4c00 0 0 0 0 0 2 1 34687 304
0x00007aca1ff10c80 0x000000093bbe4c80 0 0 0 0 0 2 1 34687 312
0x00007aca1ff10d00 0x000000093bbe4d00 0 1 0 0 0 2 1 34687 304
0x00007aca1ff10d80 0x000000093bbe4d80 0 1 0 0 0 2 1 34687 312
0x00007aca1ff10e00 0x000000093bbe4e00 0 0 1 0 0 2 1 34687 304
0x00007aca1ff10e80 0x000000093bbe4e80 0 0 1 0 0 2 1 34687 312
0x00007aca1ff10f00 0x000000093bbe4f00 0 1 1 0 0 2 1 34687 304
0x00007aca1ff10f80 0x000000093bbe4f80 0 1 1 0 0 2 1 34687 312
0x00007aca1ff11000 0x0000000d36bff000 0 0 0 0 1 2 1 50911 960
0x00007aca1ff11080 0x0000000d36bff080 0 0 0 0 1 2 1 50911 968
0x00007aca1ff11100 0x0000000d36bff100 0 1 0 0 1 2 1 50911 960
0x00007aca1ff11180 0x0000000d36bff180 0 1 0 0 1 2 1 50911 968
0x00007aca1ff11200 0x0000000d36bff200 0 0 1 0 1 2 1 50911 960
0x00007aca1ff11280 0x0000000d36bff280 0 0 1 0 1 2 1 50911 968
0x00007aca1ff11300 0x0000000d36bff300 0 1 1 0 1 2 1 50911 960
0x00007aca1ff11380 0x0000000d36bff380 0 1 1 0 1 2 1 50911 968
0x00007aca1ff11400 0x0000000d36bff400 0 0 0 0 1 2 1 50911 976
0x00007aca1ff11480 0x0000000d36bff480 0 0 0 0 1 2 1 50911 984
0x00007aca1ff11500 0x0000000d36bff500 0 1 0 0 1 2 1 50911 976
0x00007aca1ff11580 0x0000000d36bff580 0 1 0 0 1 2 1 50911 984
0x00007aca1ff11600 0x0000000d36bff600 0 0 1 0 1 2 1 50911 976
0x00007aca1ff11680 0x0000000d36bff680 0 0 1 0 1 2 1 50911 984
0x00007aca1ff11700 0x0000000d36bff700 0 1 1 0 1 2 1 50911 976
0x00007aca1ff11780 0x0000000d36bff780 0 1 1 0 1 2 1 50911 984
0x00007aca1ff11800 0x0000000d36bff800 0 0 0 0 1 2 1 50911 992
0x00007aca1ff11880 0x0000000d36bff880 0 0 0 0 1 2 1 50911 1000
0x00007aca1ff11900 0x0000000d36bff900 0 1 0 0 1 2 1 50911 992
0x00007aca1ff11980 0x0000000d36bff980 0 1 0 0 1 2 1 50911 1000
0x00007aca1ff11a00 0x0000000d36bffa00 0 0 1 0 1 2 1 50911 992
0x00007aca1ff11a80 0x0000000d36bffa80 0 0 1 0 1 2 1 50911 1000
0x00007aca1ff11b00 0x0000000d36bffb00 0 1 1 0 1 2 1 50911 992
0x00007aca1ff11b80 0x0000000d36bffb80 0 1 1 0 1 2 1 50911 1000
0x00007aca1ff11c00 0x0000000d36bffc00 0 0 0 0 1 2 1 50911 1008
0x00007aca1ff11c80 0x0000000d36bffc80 0 0 0 0 1 2 1 50911 1016
0x00007aca1ff11d00 0x0000000d36bffd00 0 1 0 0 1 2 1 50911 1008
0x00007aca1ff11d80 0x0000000d36bffd80 0 1 0 0 1 2 1 50911 1016
0x00007aca1ff11e00 0x0000000d36bffe00 0 0 1 0 1 2 1 50911 1008
0x00007aca1ff11e80 0x0000000d36bffe80 0 0 1 0 1 2 1 50911 1016
0x00007aca1ff11f00 0x0000000d36bfff00 0 1 1 0 1 2 1 50911 1008
0x00007aca1ff11f80 0x0000000d36bfff80 0 1 1 0 1 2 1 50911 1016
0x00007aca1ff19000 0x00000007c3b39000 0 0 0 0 1 2 1 30825 576
0x00007aca1ff19080 0x00000007c3b39080 0 0 0 0 1 2 1 30825 584
0x00007aca1ff19100 0x00000007c3b39100 0 1 0 0 1 2 1 30825 576
0x00007aca1ff19180 0x00000007c3b39180 0 1 0 0 1 2 1 30825 584
0x00007aca1ff19200 0x00000007c3b39200 0 0 1 0 1 2 1 30825 576
0x00007aca1ff19280 0x00000007c3b39280 0 0 1 0 1 2 1 30825 584
0x00007aca1ff19300 0x00000007c3b39300 0 1 1 0 1 2 1 30825 576
0x00007aca1ff19380 0x00000007c3b39380 0 1 1 0 1 2 1 30825 584
0x00007aca1ff19400 0x00000007c3b39400 0 0 0 0 1 2 1 30825 592
0x00007aca1ff19480 0x00000007c3b39480 0 0 0 0 1 2 1 30825 600
0x00007aca1ff19500 0x00000007c3b39500 0 1 0 0 1 2 1 30825 592
0x00007aca1ff19580 0x00000007c3b39580 0 1 0 0 1 2 1 30825 600
0x00007aca1ff19600 0x00000007c3b39600 0 0 1 0 1 2 1 30825 592
0x00007aca1ff19680 0x00000007c3b39680 0 0 1 0 1 2 1 30825 600
0x00007aca1ff19700 0x00000007c3b39700 0 1 1 0 1 2 1 30825 592
0x00007aca1ff19780 0x00000007c3b39780 0 1 1 0 1 2 1 30825 600
0x00007aca1ff19800 0x00000007c3b39800 0 0 0 0 1 2 1 30825 608
0x00007aca1ff19880 0x00000007c3b39880 0 0 0 0 1 2 1 30825 616
0x00007aca1ff19900 0x00000007c3b39900 0 1 0 0 1 2 1 30825 608
0x00007aca1ff19980 0x00000007c3b39980 0 1 0 0 1 2 1 30825 616
0x00007aca1ff19a00 0x00000007c3b39a00 0 0 1 0 1 2 1 30825 608
0x00007aca1ff19a80 0x00000007c3b39a80 0 0 1 0 1 2 1 30825 616
0x00007aca1ff19b00 0x00000007c3b39b00 0 1 1 0 1 2 1 30825 608
0x00007aca1ff19b80 0x00000007c3b39b80 0 1 1 0 1 2 1 30825 616
0x00007aca1ff19c00 0x00000007c3b39c00 0 0 0 0 1 2 1 30825 624
0x00007aca1ff19c80 0x00000007c3b39c80 0 0 0 0 1 2 1 30825 632
0x00007aca1ff19d00 0x00000007c3b39d00 0 1 0 0 1 2 1 30825 624
0x00007aca1ff19d80 0x00000007c3b39d80 0 1 0 0 1 2 1 30825 632
0x00007aca1ff19e00 0x00000007c3b39e00 0 0 1 0 1 2 1 30825 624
0x00007aca1ff19e80 0x00000007c3b39e80 0 0 1 0 1 2 1 30825 632
0x00007aca1ff19f00 0x00000007c3b39f00 0 1 1 0 1 2 1 30825 624
0x00007aca1ff19f80 0x00000007c3b39f80 0 1 1 0 1 2 1 30825 632
0x00007aca1ff2c000 0x0000000d37ba5000 0 0 0 0 0 2 1 50941 320
0x00007aca1ff2c080 0x0000000d37ba5080 0 0 0 0 0 2 1 50941 328
0x00007aca1ff2c100 0x0000000d37ba5100 0 1 0 0 0 2 1 50941 320
0x00007aca1ff2c180 0x0000000d37ba5180 0 1 0 0 0 2 1 50941 328
0x00007aca1ff2c200 0x0000000d37ba5200 0 0 1 0 0 2 1 50941 320
0x00007aca1ff2c280 0x0000000d37ba5280 0 0 1 0 0 2 1 50941 328
0x00007aca1ff2c300 0x0000000d37ba5300 0 1 1 0 0 2 1 50941 320
0x00007aca1ff2c380 0x0000000d37ba5380 0 1 1 0 0 2 1 50941 328
0x00007aca1ff2c400 0x0000000d37ba5400 0 0 0 0 0 2 1 50941 336
0x00007aca1ff2c480 0x0000000d37ba5480 0 0 0 0 0 2 1 50941 344
0x00007aca1ff2c500 0x0000000d37ba5500 0 1 0 0 0 2 1 50941 336
0x00007aca1ff2c580 0x0000000d37ba5580 0 1 0 0 0 2 1 50941 344
0x00007aca1ff2c600 0x0000000d37ba5600 0 0 1 0 0 2 1 50941 336
0x00007aca1ff2c680 0x0000000d37ba5680 0 0 1 0 0 2 1 50941 344
0x00007aca1ff2c700 0x0000000d37ba5700 0 1 1 0 0 2 1 50941 336
0x00007aca1ff2c780 0x0000000d37ba5780 0 1 1 0 0 2 1 50941 344
0x00007aca1ff2c800 0x0000000d37ba5800 0 0 0 0 0 2 1 50941 352
0x00007aca1ff2c880 0x0000000d37ba5880 0 0 0 0 0 2 1 50941 360
0x00007aca1ff2c900 0x0000000d37ba5900 0 1 0 0 0 2 1 50941 352
0x00007aca1ff2c980 0x0000000d37ba5980 0 1 0 0 0 2 1 50941 360
0x00007aca1ff2ca00 0x0000000d37ba5a00 0 0 1 0 0 2 1 50941 352
0x00007aca1ff2ca80 0x0000000d37ba5a80 0 0 1 0 0 2 1 50941 360
0x00007aca1ff2cb00 0x0000000d37ba5b00 0 1 1 0 0 2 1 50941 352
0x00007aca1ff2cb80 0x0000000d37ba5b80 0 1 1 0 0 2 1 50941 360
0x00007aca1ff2cc00 0x0000000d37ba5c00 0 0 0 0 0 2 1 50941 368
0x00007aca1ff2cc80 0x0000000d37ba5c80 0 0 0 0 0 2 1 50941 376
0x00007aca1ff2cd00 0x0000000d37ba5d00 0 1 0 0 0 2 1 50941 368
0x00007aca1ff2cd80 0x0000000d37ba5d80 0 1 0 0 0 2 1 50941 376
0x00007aca1ff2ce00 0x0000000d37ba5e00 0 0 1 0 0 2 1 50941 368
0x00007aca1ff2ce80 0x0000000d37ba5e80 0 0 1 0 0 2 1 50941 376
0x00007aca1ff2cf00 0x0000000d37ba5f00 0 1 1 0 0 2 1 50941 368
0x00007aca1ff2cf80 0x0000000d37ba5f80 0 1 1 0 0 2 1 50941 376
0x00007aca1ff3c000 0x00000008d932f000 0 0 0 0 1 2 1 35617 448
0x00007aca1ff3c080 0x00000008d932f080 0 0 0 0 1 2 1 35617 456
0x00007aca1ff3c100 0x00000008d932f100 0 1 0 0 1 2 1 35617 448
0x00007aca1ff3c180 0x00000008d932f180 0 1 0 0 1 2 1 35617 456
0x00007aca1ff3c200 0x00000008d932f200 0 0 1 0 1 2 1 35617 448
0x00007aca1ff3c280 0x00000008d932f280 0 0 1 0 1 2 1 35617 456
0x00007aca1ff3c300 0x00000008d932f300 0 1 1 0 1 2 1 35617 448
0x00007aca1ff3c380 0x00000008d932f380 0 1 1 0 1 2 1 35617 456
0x00007aca1ff3c400 0x00000008d932f400 0 0 0 0 1 2 1 35617 464
0x00007aca1ff3c480 0x00000008d932f480 0 0 0 0 1 2 1 35617 472
0x00007aca1ff3c500 0x00000008d932f500 0 1 0 0 1 2 1 35617 464
0x00007aca1ff3c580 0x00000008d932f580 0 1 0 0 1 2 1 35617 472
0x00007aca1ff3c600 0x00000008d932f600 0 0 1 0 1 2 1 35617 464
0x00007aca1ff3c680 0x00000008d932f680 0 0 1 0 1 2 1 35617 472
0x00007aca1ff3c700 0x00000008d932f700 0 1 1 0 1 2 1 35617 464
0x00007aca1ff3c780 0x00000008d932f780 0 1 1 0 1 2 1 35617 472
0x00007aca1ff3c800 0x00000008d932f800 0 0 0 0 1 2 1 35617 480
0x00007aca1ff3c880 0x00000008d932f880 0 0 0 0 1 2 1 35617 488
0x00007aca1ff3c900 0x00000008d932f900 0 1 0 0 1 2 1 35617 480
0x00007aca1ff3c980 0x00000008d932f980 0 1 0 0 1 2 1 35617 488
0x00007aca1ff3ca00 0x00000008d932fa00 0 0 1 0 1 2 1 35617 480
0x00007aca1ff3ca80 0x00000008d932fa80 0 0 1 0 1 2 1 35617 488
0x00007aca1ff3cb00 0x00000008d932fb00 0 1 1 0 1 2 1 35617 480
0x00007aca1ff3cb80 0x00000008d932fb80 0 1 1 0 1 2 1 35617 488
0x00007aca1ff3cc00 0x00000008d932fc00 0 0 0 0 1 2 1 35617 496
0x00007aca1ff3cc80 0x00000008d932fc80 0 0 0 0 1 2 1 35617 504
0x00007aca1ff3cd00 0x00000008d932fd00 0 1 0 0 1 2 1 35617 496
0x00007aca1ff3cd80 0x00000008d932fd80 0 1 0 0 1 2 1 35617 504
0x00007aca1ff3ce00 0x00000008d932fe00 0 0 1 0 1 2 1 35617 496
0x00007aca1ff3ce80 0x00000008d932fe80 0 0 1 0 1 2 1 35617 504
0x00007aca1ff3cf00 0x00000008d932ff00 0 1 1 0 1 2 1 35617 496
0x00007aca1ff3cf80 0x00000008d932ff80 0 1 1 0 1 2 1 35617 504
0x00007aca1ff3d000 0x000000060b352000 0 0 0 0 0 2 1 20850 640
0x00007aca1ff3d080 0x000000060b352080 0 0 0 0 0 2 1 20850 648
0x00007aca1ff3d100 0x000000060b352100 0 1 0 0 0 2 1 20850 640
0x00007aca1ff3d180 0x000000060b352180 0 1 0 0 0 2 1 20850 648
0x00007aca1ff3d200 0x000000060b352200 0 0 1 0 0 2 1 20850 640
0x00007aca1ff3d280 0x000000060b352280 0 0 1 0 0 2 1 20850 648
0x00007aca1ff3d300 0x000000060b352300 0 1 1 0 0 2 1 20850 640
0x00007aca1ff3d380 0x000000060b352380 0 1 1 0 0 2 1 20850 648
0x00007aca1ff3d400 0x000000060b352400 0 0 0 0 0 2 1 20850 656
0x00007aca1ff3d480 0x000000060b352480 0 0 0 0 0 2 1 20850 664
0x00007aca1ff3d500 0x000000060b352500 0 1 0 0 0 2 1 20850 656
0x00007aca1ff3d580 0x000000060b352580 0 1 0 0 0 2 1 20850 664
0x00007aca1ff3d600 0x000000060b352600 0 0 1 0 0 2 1 20850 656
0x00007aca1ff3d680 0x000000060b352680 0 0 1 0 0 2 1 20850 664
0x00007aca1ff3d700 0x000000060b352700 0 1 1 0 0 2 1 20850 656
0x00007aca1ff3d780 0x000000060b352780 0 1 1 0 0 2 1 20850 664
0x00007aca1ff3d800 0x000000060b352800 0 0 0 0 0 2 1 20850 672
0x00007aca1ff3d880 0x000000060b352880 0 0 0 0 0 2 1 20850 680
0x00007aca1ff3d900 0x000000060b352900 0 1 0 0 0 2 1 20850 672
0x00007aca1ff3d980 0x000000060b352980 0 1 0 0 0 2 1 20850 680
0x00007aca1ff3da00 0x000000060b352a00 0 0 1 0 0 2 1 20850 672
0x00007aca1ff3da80 0x000000060b352a80 0 0 1 0 0 2 1 20850 680
0x00007aca1ff3db00 0x000000060b352b00 0 1 1 0 0 2 1 20850 672
0x00007aca1ff3db80 0x000000060b352b80 0 1 1 0 0 2 1 20850 680
0x00007aca1ff3dc00 0x000000060b352c00 0 0 0 0 0 2 1 20850 688
0x00007aca1ff3dc80 0x000000060b352c80 0 0 0 0 0 2 1 20850 696
0x00007aca1ff3dd00 0x000000060b352d00 0 1 0 0 0 2 1 20850 688
0x00007aca1ff3dd80 0x000000060b352d80 0 1 0 0 0 2 1 20850 696
0x00007aca1ff3de00 0x000000060b352e00 0 0 1 0 0 2 1 20850 688
0x00007aca1ff3de80 0x000000060b352e80 0 0 1 0 0 2 1 20850 696
0x00007aca1ff3df00 0x000000060b352f00 0 1 1 0 0 2 1 20850 688
0x00007aca1ff3df80 0x000000060b352f80 0 1 1 0 0 2 1 20850 696
0x00007aca1ff3f000 0x00000001aeb4c000 0 0 0 0 1 2 1 5578 256
0x00007aca1ff3f080 0x00000001aeb4c080 0 0 0 0 1 2 1 5578 264
0x00007aca1ff3f100 0x00000001aeb4c100 0 1 0 0 1 2 1 5578 256
0x00007aca1ff3f180 0x00000001aeb4c180 0 1 0 0 1 2 1 5578 264
0x00007aca1ff3f200 0x00000001aeb4c200 0 0 1 0 1 2 1 5578 256
0x00007aca1ff3f280 0x00000001aeb4c280 0 0 1 0 1 2 1 5578 264
0x00007aca1ff3f300 0x00000001aeb4c300 0 1 1 0 1 2 1 5578 256
0x00007aca1ff3f380 0x00000001aeb4c380 0 1 1 0 1 2 1 5578 264
0x00007aca1ff3f400 0x00000001aeb4c400 0 0 0 0 1 2 1 5578 272
0x00007aca1ff3f480 0x00000001aeb4c480 0 0 0 0 1 2 1 5578 280
0x00007aca1ff3f500 0x00000001aeb4c500 0 1 0 0 1 2 1 5578 272
0x00007aca1ff3f580 0x00000001aeb4c580 0 1 0 0 1 2 1 5578 280
0x00007aca1ff3f600 0x00000001aeb4c600 0 0 1 0 1 2 1 5578 272
0x00007aca1ff3f680 0x00000001aeb4c680 0 0 1 0 1 2 1 5578 280
0x00007aca1ff3f700 0x00000001aeb4c700 0 1 1 0 1 2 1 5578 272
0x00007aca1ff3f780 0x00000001aeb4c780 0 1 1 0 1 2 1 5578 280
0x00007aca1ff3f800 0x00000001aeb4c800 0 0 0 0 1 2 1 5578 288
0x00007aca1ff3f880 0x00000001aeb4c880 0 0 0 0 1 2 1 5578 296
0x00007aca1ff3f900 0x00000001aeb4c900 0 1 0 0 1 2 1 5578 288
0x00007aca1ff3f980 0x00000001aeb4c980 0 1 0 0 1 2 1 5578 296
0x00007aca1ff3fa00 0x00000001aeb4ca00 0 0 1 0 1 2 1 5578 288
0x00007aca1ff3fa80 0x00000001aeb4ca80 0 0 1 0 1 2 1 5578 296
0x00007aca1ff3fb00 0x00000001aeb4cb00 0 1 1 0 1 2 1 5578 288
0x00007aca1ff3fb80 0x00000001aeb4cb80 0 1 1 0 1 2 1 5578 296
0x00007aca1ff3fc00 0x00000001aeb4cc00 0 0 0 0 1 2 1 5578 304
0x00007aca1ff3fc80 0x00000001aeb4cc80 0 0 0 0 1 2 1 5578 312
0x00007aca1ff3fd00 0x00000001aeb4cd00 0 1 0 0 1 2 1 5578 304
0x00007aca1ff3fd80 0x00000001aeb4cd80 0 1 0 0 1 2 1 5578 312
0x00007aca1ff3fe00 0x00000001aeb4ce00 0 0 1 0 1 2 1 5578 304
0x00007aca1ff3fe80 0x00000001aeb4ce80 0 0 1 0 1 2 1 5578 312
0x00007aca1ff3ff00 0x00000001aeb4cf00 0 1 1 0 1 2 1 5578 304
0x00007aca1ff3ff80 0x00000001aeb4cf80 0 1 1 0 1 2 1 5578 312
0x00007aca1ff40000 0x00000001aeb63000 0 0 0 0 0 2 1 5579 192
0x00007aca1ff40080 0x00000001aeb63080 0 0 0 0 0 2 1 5579 200
0x00007aca1ff40100 0x00000001aeb63100 0 1 0 0 0 2 1 5579 192
0x00007aca1ff40180 0x00000001aeb63180 0 1 0 0 0 2 1 5579 200
0x00007aca1ff40200 0x00000001aeb63200 0 0 1 0 0 2 1 5579 192
0x00007aca1ff40280 0x00000001aeb63280 0 0 1 0 0 2 1 5579 200
0x00007aca1ff40300 0x00000001aeb63300 0 1 1 0 0 2 1 5579 192
0x00007aca1ff40380 0x00000001aeb63380 0 1 1 0 0 2 1 5579 200
0x00007aca1ff40400 0x00000001aeb63400 0 0 0 0 0 2 1 5579 208
0x00007aca1ff40480 0x00000001aeb63480 0 0 0 0 0 2 1 5579 216
0x00007aca1ff40500 0x00000001aeb63500 0 1 0 0 0 2 1 5579 208
0x00007aca1ff40580 0x00000001aeb63580 0 1 0 0 0 2 1 5579 216
0x00007aca1ff40600 0x00000001aeb63600 0 0 1 0 0 2 1 5579 208
0x00007aca1ff40680 0x00000001aeb63680 0 0 1 0 0 2 1 5579 216
0x00007aca1ff40700 0x00000001aeb63700 0 1 1 0 0 2 1 5579 208
0x00007aca1ff40780 0x00000001aeb63780 0 1 1 0 0 2 1 5579 216
0x00007aca1ff40800 0x00000001aeb63800 0 0 0 0 0 2 1 5579 224
0x00007aca1ff40880 0x00000001aeb63880 0 0 0 0 0 2 1 5579 232
0x00007aca1ff40900 0x00000001aeb63900 0 1 0 0 0 2 1 5579 224
0x00007aca1ff40980 0x00000001aeb63980 0 1 0 0 0 2 1 5579 232
0x00007aca1ff40a00 0x00000001aeb63a00 0 0 1 0 0 2 1 5579 224
0x00007aca1ff40a80 0x00000001aeb63a80 0 0 1 0 0 2 1 5579 232
0x00007aca1ff40b00 0x00000001aeb63b00 0 1 1 0 0 2 1 5579 224
0x00007aca1ff40b80 0x00000001aeb63b80 0 1 1 0 0 2 1 5579 232
0x00007aca1ff40c00 0x00000001aeb63c00 0 0 0 0 0 2 1 5579 240
0x00007aca1ff40c80 0x00000001aeb63c80 0 0 0 0 0 2 1 5579 248
0x00007aca1ff40d00 0x00000001aeb63d00 0 1 0 0 0 2 1 5579 240
0x00007aca1ff40d80 0x00000001aeb63d80 0 1 0 0 0 2 1 5579 248
0x00007aca1ff40e00 0x00000001aeb63e00 0 0 1 0 0 2 1 5579 240
0x00007aca1ff40e80 0x00000001aeb63e80 0 0 1 0 0 2 1 5579 248
0x00007aca1ff40f00 0x00000001aeb63f00 0 1 1 0 0 2 1 5579 240
0x00007aca1ff40f80 0x00000001aeb63f80 0 1 1 0 0 2 1 5579 248
0x00007aca1ff41000 0x00000001aeb64000 0 0 0 0 0 2 1 5579 256
0x00007aca1ff41080 0x00000001aeb64080 0 0 0 0 0 2 1 5579 264
0x00007aca1ff41100 0x00000001aeb64100 0 1 0 0 0 2 1 5579 256
0x00007aca1ff41180 0x00000001aeb64180 0 1 0 0 0 2 1 5579 264
0x00007aca1ff41200 0x00000001aeb64200 0 0 1 0 0 2 1 5579 256
0x00007aca1ff41280 0x00000001aeb64280 0 0 1 0 0 2 1 5579 264
0x00007aca1ff41300 0x00000001aeb64300 0 1 1 0 0 2 1 5579 256
0x00007aca1ff41380 0x00000001aeb64380 0 1 1 0 0 2 1 5579 264
0x00007aca1ff41400 0x00000001aeb64400 0 0 0 0 0 2 1 5579 272
0x00007aca1ff41480 0x00000001aeb64480 0 0 0 0 0 2 1 5579 280
0x00007aca1ff41500 0x00000001aeb64500 0 1 0 0 0 2 1 5579 272
0x00007aca1ff41580 0x00000001aeb64580 0 1 0 0 0 2 1 5579 280
0x00007aca1ff41600 0x00000001aeb64600 0 0 1 0 0 2 1 5579 272
0x00007aca1ff41680 0x00000001aeb64680 0 0 1 0 0 2 1 5579 280
0x00007aca1ff41700 0x00000001aeb64700 0 1 1 0 0 2 1 5579 272
0x00007aca1ff41780 0x00000001aeb64780 0 1 1 0 0 2 1 5579 280
0x00007aca1ff41800 0x00000001aeb64800 0 0 0 0 0 2 1 5579 288
0x00007aca1ff41880 0x00000001aeb64880 0 0 0 0 0 2 1 5579 296
0x00007aca1ff41900 0x00000001aeb64900 0 1 0 0 0 2 1 5579 288
0x00007aca1ff41980 0x00000001aeb64980 0 1 0 0 0 2 1 5579 296
0x00007aca1ff41a00 0x00000001aeb64a00 0 0 1 0 0 2 1 5579 288
0x00007aca1ff41a80 0x00000001aeb64a80 0 0 1 0 0 2 1 5579 296
0x00007aca1ff41b00 0x00000001aeb64b00 0 1 1 0 0 2 1 5579 288
0x00007aca1ff41b80 0x00000001aeb64b80 0 1 1 0 0 2 1 5579 296
0x00007aca1ff41c00 0x00000001aeb64c00 0 0 0 0 0 2 1 5579 304
0x00007aca1ff41c80 0x00000001aeb64c80 0 0 0 0 0 2 1 5579 312
0x00007aca1ff41d00 0x00000001aeb64d00 0 1 0 0 0 2 1 5579 304
0x00007aca1ff41d80 0x00000001aeb64d80 0 1 0 0 0 2 1 5579 312
0x00007aca1ff41e00 0x00000001aeb64e00 0 0 1 0 0 2 1 5579 304
0x00007aca1ff41e80 0x00000001aeb64e80 0 0 1 0 0 2 1 5579 312
0x00007aca1ff41f00 0x00000001aeb64f00 0 1 1 0 0 2 1 5579 304
0x00007aca1ff41f80 0x00000001aeb64f80 0 1 1 0 0 2 1 5579 312
0x00007aca1ff42000 0x00000001aeb68000 0 0 0 0 1 2 1 5579 0
0x00007aca1ff42080 0x00000001aeb68080 0 0 0 0 1 2 1 5579 8
0x00007aca1ff42100 0x00000001aeb68100 0 1 0 0 1 2 1 5579 0
0x00007aca1ff42180 0x00000001aeb68180 0 1 0 0 1 2 1 5579 8
0x00007aca1ff42200 0x00000001aeb68200 0 0 1 0 1 2 1 5579 0
0x00007aca1ff42280 0x00000001aeb68280 0 0 1 0 1 2 1 5579 8
0x00007aca1ff42300 0x00000001aeb68300 0 1 1 0 1 2 1 5579 0
0x00007aca1ff42380 0x00000001aeb68380 0 1 1 0 1 2 1 5579 8
0x00007aca1ff42400 0x00000001aeb68400 0 0 0 0 1 2 1 5579 16
0x00007aca1ff42480 0x00000001aeb68480 0 0 0 0 1 2 1 5579 24
0x00007aca1ff42500 0x00000001aeb68500 0 1 0 0 1 2 1 5579 16
0x00007aca1ff42580 0x00000001aeb68580 0 1 0 0 1 2 1 5579 24
0x00007aca1ff42600 0x00000001aeb68600 0 0 1 0 1 2 1 5579 16
0x00007aca1ff42680 0x00000001aeb68680 0 0 1 0 1 2 1 5579 24
0x00007aca1ff42700 0x00000001aeb68700 0 1 1 0 1 2 1 5579 16
0x00007aca1ff42780 0x00000001aeb68780 0 1 1 0 1 2 1 5579 24
0x00007aca1ff42800 0x00000001aeb68800 0 0 0 0 1 2 1 5579 32
0x00007aca1ff42880 0x00000001aeb68880 0 0 0 0 1 2 1 5579 40
0x00007aca1ff42900 0x00000001aeb68900 0 1 0 0 1 2 1 5579 32
0x00007aca1ff42980 0x00000001aeb68980 0 1 0 0 1 2 1 5579 40
0x00007aca1ff42a00 0x00000001aeb68a00 0 0 1 0 1 2 1 5579 32
0x00007aca1ff42a80 0x00000001aeb68a80 0 0 1 0 1 2 1 5579 40
0x00007aca1ff42b00 0x00000001aeb68b00 0 1 1 0 1 2 1 5579 32
0x00007aca1ff42b80 0x00000001aeb68b80 0 1 1 0 1 2 1 5579 40
0x00007aca1ff42c00 0x00000001aeb68c00 0 0 0 0 1 2 1 5579 48
0x00007aca1ff42c80 0x00000001aeb68c80 0 0 0 0 1 2 1 5579 56
0x00007aca1ff42d00 0x00000001aeb68d00 0 1 0 0 1 2 1 5579 48
0x00007aca1ff42d80 0x00000001aeb68d80 0 1 0 0 1 2 1 5579 56
0x00007aca1ff42e00 0x00000001aeb68e00 0 0 1 0 1 2 1 5579 48
0x00007aca1ff42e80 0x00000001aeb68e80 0 0 1 0 1 2 1 5579 56
0x00007aca1ff42f00 0x00000001aeb68f00 0 1 1 0 1 2 1 5579 48
0x00007aca1ff42f80 0x00000001aeb68f80 0 1 1 0 1 2 1 5579 56
0x00007aca1ff43000 0x00000001aebe9000 0 0 0 0 1 2 1 5583 64
0x00007aca1ff43080 0x00000001aebe9080 0 0 0 0 1 2 1 5583 72
0x00007aca1ff43100 0x00000001aebe9100 0 1 0 0 1 2 1 5583 64
0x00007aca1ff43180 0x00000001aebe9180 0 1 0 0 1 2 1 5583 72
0x00007aca1ff43200 0x00000001aebe9200 0 0 1 0 1 2 1 5583 64
0x00007aca1ff43280 0x00000001aebe9280 0 0 1 0 1 2 1 5583 72
0x00007aca1ff43300 0x00000001aebe9300 0 1 1 0 1 2 1 5583 64
0x00007aca1ff43380 0x00000001aebe9380 0 1 1 0 1 2 1 5583 72
0x00007aca1ff43400 0x00000001aebe9400 0 0 0 0 1 2 1 5583 80
0x00007aca1ff43480 0x00000001aebe9480 0 0 0 0 1 2 1 5583 88
0x00007aca1ff43500 0x00000001aebe9500 0 1 0 0 1 2 1 5583 80
0x00007aca1ff43580 0x00000001aebe9580 0 1 0 0 1 2 1 5583 88
0x00007aca1ff43600 0x00000001aebe9600 0 0 1 0 1 2 1 5583 80
0x00007aca1ff43680 0x00000001aebe9680 0 0 1 0 1 2 1 5583 88
0x00007aca1ff43700 0x00000001aebe9700 0 1 1 0 1 2 1 5583 80
0x00007aca1ff43780 0x00000001aebe9780 0 1 1 0 1 2 1 5583 88
0x00007aca1ff43800 0x00000001aebe9800 0 0 0 0 1 2 1 5583 96
0x00007aca1ff43880 0x00000001aebe9880 0 0 0 0 1 2 1 5583 104
0x00007aca1ff43900 0x00000001aebe9900 0 1 0 0 1 2 1 5583 96
0x00007aca1ff43980 0x00000001aebe9980 0 1 0 0 1 2 1 5583 104
0x00007aca1ff43a00 0x00000001aebe9a00 0 0 1 0 1 2 1 5583 96
0x00007aca1ff43a80 0x00000001aebe9a80 0 0 1 0 1 2 1 5583 104
0x00007aca1ff43b00 0x00000001aebe9b00 0 1 1 0 1 2 1 5583 96
0x00007aca1ff43b80 0x00000001aebe9b80 0 1 1 0 1 2 1 5583 104
0x00007aca1ff43c00 0x00000001aebe9c00 0 0 0 0 1 2 1 5583 112
0x00007aca1ff43c80 0x00000001aebe9c80 0 0 0 0 1 2 1 5583 120
0x00007aca1ff43d00 0x00000001aebe9d00 0 1 0 0 1 2 1 5583 112
0x00007aca1ff43d80 0x00000001aebe9d80 0 1 0 0 1 2 1 5583 120
0x00007aca1ff43e00 0x00000001aebe9e00 0 0 1 0 1 2 1 5583 112
0x00007aca1ff43e80 0x00000001aebe9e80 0 0 1 0 1 2 1 5583 120
0x00007aca1ff43f00 0x00000001aebe9f00 0 1 1 0 1 2 1 5583 112
0x00007aca1ff43f80 0x00000001aebe9f80 0 1 1 0 1 2 1 5583 120
0x00007aca1ff45000 0x00000008f73ce000 0 0 0 0 1 2 1 36582 384
0x00007aca1ff45080 0x00000008f73ce080 0 0 0 0 1 2 1 36582 392
0x00007aca1ff45100 0x00000008f73ce100 0 1 0 0 1 2 1 36582 384
0x00007aca1ff45180 0x00000008f73ce180 0 1 0 0 1 2 1 36582 392
0x00007aca1ff45200 0x00000008f73ce200 0 0 1 0 1 2 1 36582 384
0x00007aca1ff45280 0x00000008f73ce280 0 0 1 0 1 2 1 36582 392
0x00007aca1ff45300 0x00000008f73ce300 0 1 1 0 1 2 1 36582 384
0x00007aca1ff45380 0x00000008f73ce380 0 1 1 0 1 2 1 36582 392
0x00007aca1ff45400 0x00000008f73ce400 0 0 0 0 1 2 1 36582 400
0x00007aca1ff45480 0x00000008f73ce480 0 0 0 0 1 2 1 36582 408
0x00007aca1ff45500 0x00000008f73ce500 0 1 0 0 1 2 1 36582 400
0x00007aca1ff45580 0x00000008f73ce580 0 1 0 0 1 2 1 36582 408
0x00007aca1ff45600 0x00000008f73ce600 0 0 1 0 1 2 1 36582 400
0x00007aca1ff45680 0x00000008f73ce680 0 0 1 0 1 2 1 36582 408
0x00007aca1ff45700 0x00000008f73ce700 0 1 1 0 1 2 1 36582 400
0x00007aca1ff45780 0x00000008f73ce780 0 1 1 0 1 2 1 36582 408
0x00007aca1ff45800 0x00000008f73ce800 0 0 0 0 1 2 1 36582 416
0x00007aca1ff45880 0x00000008f73ce880 0 0 0 0 1 2 1 36582 424
0x00007aca1ff45900 0x00000008f73ce900 0 1 0 0 1 2 1 36582 416
0x00007aca1ff45980 0x00000008f73ce980 0 1 0 0 1 2 1 36582 424
0x00007aca1ff45a00 0x00000008f73cea00 0 0 1 0 1 2 1 36582 416
0x00007aca1ff45a80 0x00000008f73cea80 0 0 1 0 1 2 1 36582 424
0x00007aca1ff45b00 0x00000008f73ceb00 0 1 1 0 1 2 1 36582 416
0x00007aca1ff45b80 0x00000008f73ceb80 0 1 1 0 1 2 1 36582 424
0x00007aca1ff45c00 0x00000008f73cec00 0 0 0 0 1 2 1 36582 432
0x00007aca1ff45c80 0x00000008f73cec80 0 0 0 0 1 2 1 36582 440
0x00007aca1ff45d00 0x00000008f73ced00 0 1 0 0 1 2 1 36582 432
0x00007aca1ff45d80 0x00000008f73ced80 0 1 0 0 1 2 1 36582 440
0x00007aca1ff45e00 0x00000008f73cee00 0 0 1 0 1 2 1 36582 432
0x00007aca1ff45e80 0x00000008f73cee80 0 0 1 0 1 2 1 36582 440
0x00007aca1ff45f00 0x00000008f73cef00 0 1 1 0 1 2 1 36582 432
0x00007aca1ff45f80 0x00000008f73cef80 0 1 1 0 1 2 1 36582 440
0x00007aca1ff4b000 0x00000001aebf7000 0 0 0 0 0 2 1 5583 960
0x00007aca1ff4b080 0x00000001aebf7080 0 0 0 0 0 2 1 5583 968
0x00007aca1ff4b100 0x00000001aebf7100 0 1 0 0 0 2 1 5583 960
0x00007aca1ff4b180 0x00000001aebf7180 0 1 0 0 0 2 1 5583 968
0x00007aca1ff4b200 0x00000001aebf7200 0 0 1 0 0 2 1 5583 960
0x00007aca1ff4b280 0x00000001aebf7280 0 0 1 0 0 2 1 5583 968
0x00007aca1ff4b300 0x00000001aebf7300 0 1 1 0 0 2 1 5583 960
0x00007aca1ff4b380 0x00000001aebf7380 0 1 1 0 0 2 1 5583 968
0x00007aca1ff4b400 0x00000001aebf7400 0 0 0 0 0 2 1 5583 976
0x00007aca1ff4b480 0x00000001aebf7480 0 0 0 0 0 2 1 5583 984
0x00007aca1ff4b500 0x00000001aebf7500 0 1 0 0 0 2 1 5583 976
0x00007aca1ff4b580 0x00000001aebf7580 0 1 0 0 0 2 1 5583 984
0x00007aca1ff4b600 0x00000001aebf7600 0 0 1 0 0 2 1 5583 976
0x00007aca1ff4b680 0x00000001aebf7680 0 0 1 0 0 2 1 5583 984
0x00007aca1ff4b700 0x00000001aebf7700 0 1 1 0 0 2 1 5583 976
0x00007aca1ff4b780 0x00000001aebf7780 0 1 1 0 0 2 1 5583 984
0x00007aca1ff4b800 0x00000001aebf7800 0 0 0 0 0 2 1 5583 992
0x00007aca1ff4b880 0x00000001aebf7880 0 0 0 0 0 2 1 5583 1000
0x00007aca1ff4b900 0x00000001aebf7900 0 1 0 0 0 2 1 5583 992
0x00007aca1ff4b980 0x00000001aebf7980 0 1 0 0 0 2 1 5583 1000
0x00007aca1ff4ba00 0x00000001aebf7a00 0 0 1 0 0 2 1 5583 992
0x00007aca1ff4ba80 0x00000001aebf7a80 0 0 1 0 0 2 1 5583 1000
0x00007aca1ff4bb00 0x00000001aebf7b00 0 1 1 0 0 2 1 5583 992
0x00007aca1ff4bb80 0x00000001aebf7b80 0 1 1 0 0 2 1 5583 1000
0x00007aca1ff4bc00 0x00000001aebf7c00 0 0 0 0 0 2 1 5583 1008
0x00007aca1ff4bc80 0x00000001aebf7c80 0 0 0 0 0 2 1 5583 1016
0x00007aca1ff4bd00 0x00000001aebf7d00 0 1 0 0 0 2 1 5583 1008
0x00007aca1ff4bd80 0x00000001aebf7d80 0 1 0 0 0 2 1 5583 1016
0x00007aca1ff4be00 0x00000001aebf7e00 0 0 1 0 0 2 1 5583 1008
0x00007aca1ff4be80 0x00000001aebf7e80 0 0 1 0 0 2 1 5583 1016
0x00007aca1ff4bf00 0x00000001aebf7f00 0 1 1 0 0 2 1 5583 1008
0x00007aca1ff4bf80 0x00000001aebf7f80 0 1 1 0 0 2 1 5583 1016
0x00007aca1ff4e000 0x00000009cebe5000 0 0 0 0 0 2 1 39375 320
0x00007aca1ff4e080 0x00000009cebe5080 0 0 0 0 0 2 1 39375 328
0x00007aca1ff4e100 0x00000009cebe5100 0 1 0 0 0 2 1 39375 320
0x00007aca1ff4e180 0x00000009cebe5180 0 1 0 0 0 2 1 39375 328
0x00007aca1ff4e200 0x00000009cebe5200 0 0 1 0 0 2 1 39375 320
0x00007aca1ff4e280 0x00000009cebe5280 0 0 1 0 0 2 1 39375 328
0x00007aca1ff4e300 0x00000009cebe5300 0 1 1 0 0 2 1 39375 320
0x00007aca1ff4e380 0x00000009cebe5380 0 1 1 0 0 2 1 39375 328
0x00007aca1ff4e400 0x00000009cebe5400 0 0 0 0 0 2 1 39375 336
0x00007aca1ff4e480 0x00000009cebe5480 0 0 0 0 0 2 1 39375 344
0x00007aca1ff4e500 0x00000009cebe5500 0 1 0 0 0 2 1 39375 336
0x00007aca1ff4e580 0x00000009cebe5580 0 1 0 0 0 2 1 39375 344
0x00007aca1ff4e600 0x00000009cebe5600 0 0 1 0 0 2 1 39375 336
0x00007aca1ff4e680 0x00000009cebe5680 0 0 1 0 0 2 1 39375 344
0x00007aca1ff4e700 0x00000009cebe5700 0 1 1 0 0 2 1 39375 336
0x00007aca1ff4e780 0x00000009cebe5780 0 1 1 0 0 2 1 39375 344
0x00007aca1ff4e800 0x00000009cebe5800 0 0 0 0 0 2 1 39375 352
0x00007aca1ff4e880 0x00000009cebe5880 0 0 0 0 0 2 1 39375 360
0x00007aca1ff4e900 0x00000009cebe5900 0 1 0 0 0 2 1 39375 352
0x00007aca1ff4e980 0x00000009cebe5980 0 1 0 0 0 2 1 39375 360
0x00007aca1ff4ea00 0x00000009cebe5a00 0 0 1 0 0 2 1 39375 352
0x00007aca1ff4ea80 0x00000009cebe5a80 0 0 1 0 0 2 1 39375 360
0x00007aca1ff4eb00 0x00000009cebe5b00 0 1 1 0 0 2 1 39375 352
0x00007aca1ff4eb80 0x00000009cebe5b80 0 1 1 0 0 2 1 39375 360
0x00007aca1ff4ec00 0x00000009cebe5c00 0 0 0 0 0 2 1 39375 368
0x00007aca1ff4ec80 0x00000009cebe5c80 0 0 0 0 0 2 1 39375 376
0x00007aca1ff4ed00 0x00000009cebe5d00 0 1 0 0 0 2 1 39375 368
0x00007aca1ff4ed80 0x00000009cebe5d80 0 1 0 0 0 2 1 39375 376
0x00007aca1ff4ee00 0x00000009cebe5e00 0 0 1 0 0 2 1 39375 368
0x00007aca1ff4ee80 0x00000009cebe5e80 0 0 1 0 0 2 1 39375 376
0x00007aca1ff4ef00 0x00000009cebe5f00 0 1 1 0 0 2 1 39375 368
0x00007aca1ff4ef80 0x00000009cebe5f80 0 1 1 0 0 2 1 39375 376
0x00007aca1ff5a000 0x0000000f13be5000 0 0 0 0 0 2 1 57983 320
0x00007aca1ff5a080 0x0000000f13be5080 0 0 0 0 0 2 1 57983 328
0x00007aca1ff5a100 0x0000000f13be5100 0 1 0 0 0 2 1 57983 320
0x00007aca1ff5a180 0x0000000f13be5180 0 1 0 0 0 2 1 57983 328
0x00007aca1ff5a200 0x0000000f13be5200 0 0 1 0 0 2 1 57983 320
0x00007aca1ff5a280 0x0000000f13be5280 0 0 1 0 0 2 1 57983 328
0x00007aca1ff5a300 0x0000000f13be5300 0 1 1 0 0 2 1 57983 320
0x00007aca1ff5a380 0x0000000f13be5380 0 1 1 0 0 2 1 57983 328
0x00007aca1ff5a400 0x0000000f13be5400 0 0 0 0 0 2 1 57983 336
0x00007aca1ff5a480 0x0000000f13be5480 0 0 0 0 0 2 1 57983 344
0x00007aca1ff5a500 0x0000000f13be5500 0 1 0 0 0 2 1 57983 336
0x00007aca1ff5a580 0x0000000f13be5580 0 1 0 0 0 2 1 57983 344
0x00007aca1ff5a600 0x0000000f13be5600 0 0 1 0 0 2 1 57983 336
0x00007aca1ff5a680 0x0000000f13be5680 0 0 1 0 0 2 1 57983 344
0x00007aca1ff5a700 0x0000000f13be5700 0 1 1 0 0 2 1 57983 336
0x00007aca1ff5a780 0x0000000f13be5780 0 1 1 0 0 2 1 57983 344
0x00007aca1ff5a800 0x0000000f13be5800 0 0 0 0 0 2 1 57983 352
0x00007aca1ff5a880 0x0000000f13be5880 0 0 0 0 0 2 1 57983 360
0x00007aca1ff5a900 0x0000000f13be5900 0 1 0 0 0 2 1 57983 352
0x00007aca1ff5a980 0x0000000f13be5980 0 1 0 0 0 2 1 57983 360
0x00007aca1ff5aa00 0x0000000f13be5a00 0 0 1 0 0 2 1 57983 352
0x00007aca1ff5aa80 0x0000000f13be5a80 0 0 1 0 0 2 1 57983 360
0x00007aca1ff5ab00 0x0000000f13be5b00 0 1 1 0 0 2 1 57983 352
0x00007aca1ff5ab80 0x0000000f13be5b80 0 1 1 0 0 2 1 57983 360
0x00007aca1ff5ac00 0x0000000f13be5c00 0 0 0 0 0 2 1 57983 368
0x00007aca1ff5ac80 0x0000000f13be5c80 0 0 0 0 0 2 1 57983 376
0x00007aca1ff5ad00 0x0000000f13be5d00 0 1 0 0 0 2 1 57983 368
0x00007aca1ff5ad80 0x0000000f13be5d80 0 1 0 0 0 2 1 57983 376
0x00007aca1ff5ae00 0x0000000f13be5e00 0 0 1 0 0 2 1 57983 368
0x00007aca1ff5ae80 0x0000000f13be5e80 0 0 1 0 0 2 1 57983 376
0x00007aca1ff5af00 0x0000000f13be5f00 0 1 1 0 0 2 1 57983 368
0x00007aca1ff5af80 0x0000000f13be5f80 0 1 1 0 0 2 1 57983 376
0x00007aca1ff5d000 0x0000000cb336d000 0 0 0 0 1 2 1 50787 320
0x00007aca1ff5d080 0x0000000cb336d080 0 0 0 0 1 2 1 50787 328
0x00007aca1ff5d100 0x0000000cb336d100 0 1 0 0 1 2 1 50787 320
0x00007aca1ff5d180 0x0000000cb336d180 0 1 0 0 1 2 1 50787 328
0x00007aca1ff5d200 0x0000000cb336d200 0 0 1 0 1 2 1 50787 320
0x00007aca1ff5d280 0x0000000cb336d280 0 0 1 0 1 2 1 50787 328
0x00007aca1ff5d300 0x0000000cb336d300 0 1 1 0 1 2 1 50787 320
0x00007aca1ff5d380 0x0000000cb336d380 0 1 1 0 1 2 1 50787 328
0x00007aca1ff5d400 0x0000000cb336d400 0 0 0 0 1 2 1 50787 336
0x00007aca1ff5d480 0x0000000cb336d480 0 0 0 0 1 2 1 50787 344
0x00007aca1ff5d500 0x0000000cb336d500 0 1 0 0 1 2 1 50787 336
0x00007aca1ff5d580 0x0000000cb336d580 0 1 0 0 1 2 1 50787 344
0x00007aca1ff5d600 0x0000000cb336d600 0 0 1 0 1 2 1 50787 336
0x00007aca1ff5d680 0x0000000cb336d680 0 0 1 0 1 2 1 50787 344
0x00007aca1ff5d700 0x0000000cb336d700 0 1 1 0 1 2 1 50787 336
0x00007aca1ff5d780 0x0000000cb336d780 0 1 1 0 1 2 1 50787 344
0x00007aca1ff5d800 0x0000000cb336d800 0 0 0 0 1 2 1 50787 352
0x00007aca1ff5d880 0x0000000cb336d880 0 0 0 0 1 2 1 50787 360
0x00007aca1ff5d900 0x0000000cb336d900 0 1 0 0 1 2 1 50787 352
0x00007aca1ff5d980 0x0000000cb336d980 0 1 0 0 1 2 1 50787 360
0x00007aca1ff5da00 0x0000000cb336da00 0 0 1 0 1 2 1 50787 352
0x00007aca1ff5da80 0x0000000cb336da80 0 0 1 0 1 2 1 50787 360
0x00007aca1ff5db00 0x0000000cb336db00 0 1 1 0 1 2 1 50787 352
0x00007aca1ff5db80 0x0000000cb336db80 0 1 1 0 1 2 1 50787 360
0x00007aca1ff5dc00 0x0000000cb336dc00 0 0 0 0 1 2 1 50787 368
0x00007aca1ff5dc80 0x0000000cb336dc80 0 0 0 0 1 2 1 50787 376
0x00007aca1ff5dd00 0x0000000cb336dd00 0 1 0 0 1 2 1 50787 368
0x00007aca1ff5dd80 0x0000000cb336dd80 0 1 0 0 1 2 1 50787 376
0x00007aca1ff5de00 0x0000000cb336de00 0 0 1 0 1 2 1 50787 368
0x00007aca1ff5de80 0x0000000cb336de80 0 0 1 0 1 2 1 50787 376
0x00007aca1ff5df00 0x0000000cb336df00 0 1 1 0 1 2 1 50787 368
0x00007aca1ff5df80 0x0000000cb336df80 0 1 1 0 1 2 1 50787 376
0x00007aca1ff66000 0x0000000c5338d000 0 0 0 0 1 2 1 47732 320
0x00007aca1ff66080 0x0000000c5338d080 0 0 0 0 1 2 1 47732 328
0x00007aca1ff66100 0x0000000c5338d100 0 1 0 0 1 2 1 47732 320
0x00007aca1ff66180 0x0000000c5338d180 0 1 0 0 1 2 1 47732 328
0x00007aca1ff66200 0x0000000c5338d200 0 0 1 0 1 2 1 47732 320
0x00007aca1ff66280 0x0000000c5338d280 0 0 1 0 1 2 1 47732 328
0x00007aca1ff66300 0x0000000c5338d300 0 1 1 0 1 2 1 47732 320
0x00007aca1ff66380 0x0000000c5338d380 0 1 1 0 1 2 1 47732 328
0x00007aca1ff66400 0x0000000c5338d400 0 0 0 0 1 2 1 47732 336
0x00007aca1ff66480 0x0000000c5338d480 0 0 0 0 1 2 1 47732 344
0x00007aca1ff66500 0x0000000c5338d500 0 1 0 0 1 2 1 47732 336
0x00007aca1ff66580 0x0000000c5338d580 0 1 0 0 1 2 1 47732 344
0x00007aca1ff66600 0x0000000c5338d600 0 0 1 0 1 2 1 47732 336
0x00007aca1ff66680 0x0000000c5338d680 0 0 1 0 1 2 1 47732 344
0x00007aca1ff66700 0x0000000c5338d700 0 1 1 0 1 2 1 47732 336
0x00007aca1ff66780 0x0000000c5338d780 0 1 1 0 1 2 1 47732 344
0x00007aca1ff66800 0x0000000c5338d800 0 0 0 0 1 2 1 47732 352
0x00007aca1ff66880 0x0000000c5338d880 0 0 0 0 1 2 1 47732 360
0x00007aca1ff66900 0x0000000c5338d900 0 1 0 0 1 2 1 47732 352
0x00007aca1ff66980 0x0000000c5338d980 0 1 0 0 1 2 1 47732 360
0x00007aca1ff66a00 0x0000000c5338da00 0 0 1 0 1 2 1 47732 352
0x00007aca1ff66a80 0x0000000c5338da80 0 0 1 0 1 2 1 47732 360
0x00007aca1ff66b00 0x0000000c5338db00 0 1 1 0 1 2 1 47732 352
0x00007aca1ff66b80 0x0000000c5338db80 0 1 1 0 1 2 1 47732 360
0x00007aca1ff66c00 0x0000000c5338dc00 0 0 0 0 1 2 1 47732 368
0x00007aca1ff66c80 0x0000000c5338dc80 0 0 0 0 1 2 1 47732 376
0x00007aca1ff66d00 0x0000000c5338dd00 0 1 0 0 1 2 1 47732 368
0x00007aca1ff66d80 0x0000000c5338dd80 0 1 0 0 1 2 1 47732 376
0x00007aca1ff66e00 0x0000000c5338de00 0 0 1 0 1 2 1 47732 368
0x00007aca1ff66e80 0x0000000c5338de80 0 0 1 0 1 2 1 47732 376
0x00007aca1ff66f00 0x0000000c5338df00 0 1 1 0 1 2 1 47732 368
0x00007aca1ff66f80 0x0000000c5338df80 0 1 1 0 1 2 1 47732 376
0x00007aca1ff68000 0x0000000b8b317000 0 0 0 0 0 2 1 45408 960
0x00007aca1ff68080 0x0000000b8b317080 0 0 0 0 0 2 1 45408 968
0x00007aca1ff68100 0x0000000b8b317100 0 1 0 0 0 2 1 45408 960
0x00007aca1ff68180 0x0000000b8b317180 0 1 0 0 0 2 1 45408 968
0x00007aca1ff68200 0x0000000b8b317200 0 0 1 0 0 2 1 45408 960
0x00007aca1ff68280 0x0000000b8b317280 0 0 1 0 0 2 1 45408 968
0x00007aca1ff68300 0x0000000b8b317300 0 1 1 0 0 2 1 45408 960
0x00007aca1ff68380 0x0000000b8b317380 0 1 1 0 0 2 1 45408 968
0x00007aca1ff68400 0x0000000b8b317400 0 0 0 0 0 2 1 45408 976
0x00007aca1ff68480 0x0000000b8b317480 0 0 0 0 0 2 1 45408 984
0x00007aca1ff68500 0x0000000b8b317500 0 1 0 0 0 2 1 45408 976
0x00007aca1ff68580 0x0000000b8b317580 0 1 0 0 0 2 1 45408 984
0x00007aca1ff68600 0x0000000b8b317600 0 0 1 0 0 2 1 45408 976
0x00007aca1ff68680 0x0000000b8b317680 0 0 1 0 0 2 1 45408 984
0x00007aca1ff68700 0x0000000b8b317700 0 1 1 0 0 2 1 45408 976
0x00007aca1ff68780 0x0000000b8b317780 0 1 1 0 0 2 1 45408 984
0x00007aca1ff68800 0x0000000b8b317800 0 0 0 0 0 2 1 45408 992
0x00007aca1ff68880 0x0000000b8b317880 0 0 0 0 0 2 1 45408 1000
0x00007aca1ff68900 0x0000000b8b317900 0 1 0 0 0 2 1 45408 992
0x00007aca1ff68980 0x0000000b8b317980 0 1 0 0 0 2 1 45408 1000
0x00007aca1ff68a00 0x0000000b8b317a00 0 0 1 0 0 2 1 45408 992
0x00007aca1ff68a80 0x0000000b8b317a80 0 0 1 0 0 2 1 45408 1000
0x00007aca1ff68b00 0x0000000b8b317b00 0 1 1 0 0 2 1 45408 992
0x00007aca1ff68b80 0x0000000b8b317b80 0 1 1 0 0 2 1 45408 1000
0x00007aca1ff68c00 0x0000000b8b317c00 0 0 0 0 0 2 1 45408 1008
0x00007aca1ff68c80 0x0000000b8b317c80 0 0 0 0 0 2 1 45408 1016
0x00007aca1ff68d00 0x0000000b8b317d00 0 1 0 0 0 2 1 45408 1008
0x00007aca1ff68d80 0x0000000b8b317d80 0 1 0 0 0 2 1 45408 1016
0x00007aca1ff68e00 0x0000000b8b317e00 0 0 1 0 0 2 1 45408 1008
0x00007aca1ff68e80 0x0000000b8b317e80 0 0 1 0 0 2 1 45408 1016
0x00007aca1ff68f00 0x0000000b8b317f00 0 1 1 0 0 2 1 45408 1008
0x00007aca1ff68f80 0x0000000b8b317f80 0 1 1 0 0 2 1 45408 1016
0x00007aca1ff73000 0x00000001aeb56000 0 0 0 0 0 2 1 5578 896
0x00007aca1ff73080 0x00000001aeb56080 0 0 0 0 0 2 1 5578 904
0x00007aca1ff73100 0x00000001aeb56100 0 1 0 0 0 2 1 5578 896
0x00007aca1ff73180 0x00000001aeb56180 0 1 0 0 0 2 1 5578 904
0x00007aca1ff73200 0x00000001aeb56200 0 0 1 0 0 2 1 5578 896
0x00007aca1ff73280 0x00000001aeb56280 0 0 1 0 0 2 1 5578 904
0x00007aca1ff73300 0x00000001aeb56300 0 1 1 0 0 2 1 5578 896
0x00007aca1ff73380 0x00000001aeb56380 0 1 1 0 0 2 1 5578 904
0x00007aca1ff73400 0x00000001aeb56400 0 0 0 0 0 2 1 5578 912
0x00007aca1ff73480 0x00000001aeb56480 0 0 0 0 0 2 1 5578 920
0x00007aca1ff73500 0x00000001aeb56500 0 1 0 0 0 2 1 5578 912
0x00007aca1ff73580 0x00000001aeb56580 0 1 0 0 0 2 1 5578 920
0x00007aca1ff73600 0x00000001aeb56600 0 0 1 0 0 2 1 5578 912
0x00007aca1ff73680 0x00000001aeb56680 0 0 1 0 0 2 1 5578 920
0x00007aca1ff73700 0x00000001aeb56700 0 1 1 0 0 2 1 5578 912
0x00007aca1ff73780 0x00000001aeb56780 0 1 1 0 0 2 1 5578 920
0x00007aca1ff73800 0x00000001aeb56800 0 0 0 0 0 2 1 5578 928
0x00007aca1ff73880 0x00000001aeb56880 0 0 0 0 0 2 1 5578 936
0x00007aca1ff73900 0x00000001aeb56900 0 1 0 0 0 2 1 5578 928
0x00007aca1ff73980 0x00000001aeb56980 0 1 0 0 0 2 1 5578 936
0x00007aca1ff73a00 0x00000001aeb56a00 0 0 1 0 0 2 1 5578 928
0x00007aca1ff73a80 0x00000001aeb56a80 0 0 1 0 0 2 1 5578 936
0x00007aca1ff73b00 0x00000001aeb56b00 0 1 1 0 0 2 1 5578 928
0x00007aca1ff73b80 0x00000001aeb56b80 0 1 1 0 0 2 1 5578 936
0x00007aca1ff73c00 0x00000001aeb56c00 0 0 0 0 0 2 1 5578 944
0x00007aca1ff73c80 0x00000001aeb56c80 0 0 0 0 0 2 1 5578 952
0x00007aca1ff73d00 0x00000001aeb56d00 0 1 0 0 0 2 1 5578 944
0x00007aca1ff73d80 0x00000001aeb56d80 0 1 0 0 0 2 1 5578 952
0x00007aca1ff73e00 0x00000001aeb56e00 0 0 1 0 0 2 1 5578 944
0x00007aca1ff73e80 0x00000001aeb56e80 0 0 1 0 0 2 1 5578 952
0x00007aca1ff73f00 0x00000001aeb56f00 0 1 1 0 0 2 1 5578 944
0x00007aca1ff73f80 0x00000001aeb56f80 0 1 1 0 0 2 1 5578 952
0x00007aca1ff81000 0x0000000e303a2000 0 0 0 0 0 2 1 54805 128
0x00007aca1ff81080 0x0000000e303a2080 0 0 0 0 0 2 1 54805 136
0x00007aca1ff81100 0x0000000e303a2100 0 1 0 0 0 2 1 54805 128
0x00007aca1ff81180 0x0000000e303a2180 0 1 0 0 0 2 1 54805 136
0x00007aca1ff81200 0x0000000e303a2200 0 0 1 0 0 2 1 54805 128
0x00007aca1ff81280 0x0000000e303a2280 0 0 1 0 0 2 1 54805 136
0x00007aca1ff81300 0x0000000e303a2300 0 1 1 0 0 2 1 54805 128
0x00007aca1ff81380 0x0000000e303a2380 0 1 1 0 0 2 1 54805 136
0x00007aca1ff81400 0x0000000e303a2400 0 0 0 0 0 2 1 54805 144
0x00007aca1ff81480 0x0000000e303a2480 0 0 0 0 0 2 1 54805 152
0x00007aca1ff81500 0x0000000e303a2500 0 1 0 0 0 2 1 54805 144
0x00007aca1ff81580 0x0000000e303a2580 0 1 0 0 0 2 1 54805 152
0x00007aca1ff81600 0x0000000e303a2600 0 0 1 0 0 2 1 54805 144
0x00007aca1ff81680 0x0000000e303a2680 0 0 1 0 0 2 1 54805 152
0x00007aca1ff81700 0x0000000e303a2700 0 1 1 0 0 2 1 54805 144
0x00007aca1ff81780 0x0000000e303a2780 0 1 1 0 0 2 1 54805 152
0x00007aca1ff81800 0x0000000e303a2800 0 0 0 0 0 2 1 54805 160
0x00007aca1ff81880 0x0000000e303a2880 0 0 0 0 0 2 1 54805 168
0x00007aca1ff81900 0x0000000e303a2900 0 1 0 0 0 2 1 54805 160
0x00007aca1ff81980 0x0000000e303a2980 0 1 0 0 0 2 1 54805 168
0x00007aca1ff81a00 0x0000000e303a2a00 0 0 1 0 0 2 1 54805 160
0x00007aca1ff81a80 0x0000000e303a2a80 0 0 1 0 0 2 1 54805 168
0x00007aca1ff81b00 0x0000000e303a2b00 0 1 1 0 0 2 1 54805 160
0x00007aca1ff81b80 0x0000000e303a2b80 0 1 1 0 0 2 1 54805 168
0x00007aca1ff81c00 0x0000000e303a2c00 0 0 0 0 0 2 1 54805 176
0x00007aca1ff81c80 0x0000000e303a2c80 0 0 0 0 0 2 1 54805 184
0x00007aca1ff81d00 0x0000000e303a2d00 0 1 0 0 0 2 1 54805 176
0x00007aca1ff81d80 0x0000000e303a2d80 0 1 0 0 0 2 1 54805 184
0x00007aca1ff81e00 0x0000000e303a2e00 0 0 1 0 0 2 1 54805 176
0x00007aca1ff81e80 0x0000000e303a2e80 0 0 1 0 0 2 1 54805 184
0x00007aca1ff81f00 0x0000000e303a2f00 0 1 1 0 0 2 1 54805 176
0x00007aca1ff81f80 0x0000000e303a2f80 0 1 1 0 0 2 1 54805 184
0x00007aca1ff82000 0x000000024832d000 0 0 0 0 1 2 1 6417 320
0x00007aca1ff82080 0x000000024832d080 0 0 0 0 1 2 1 6417 328
0x00007aca1ff82100 0x000000024832d100 0 1 0 0 1 2 1 6417 320
0x00007aca1ff82180 0x000000024832d180 0 1 0 0 1 2 1 6417 328
0x00007aca1ff82200 0x000000024832d200 0 0 1 0 1 2 1 6417 320
0x00007aca1ff82280 0x000000024832d280 0 0 1 0 1 2 1 6417 328
0x00007aca1ff82300 0x000000024832d300 0 1 1 0 1 2 1 6417 320
0x00007aca1ff82380 0x000000024832d380 0 1 1 0 1 2 1 6417 328
0x00007aca1ff82400 0x000000024832d400 0 0 0 0 1 2 1 6417 336
0x00007aca1ff82480 0x000000024832d480 0 0 0 0 1 2 1 6417 344
0x00007aca1ff82500 0x000000024832d500 0 1 0 0 1 2 1 6417 336
0x00007aca1ff82580 0x000000024832d580 0 1 0 0 1 2 1 6417 344
0x00007aca1ff82600 0x000000024832d600 0 0 1 0 1 2 1 6417 336
0x00007aca1ff82680 0x000000024832d680 0 0 1 0 1 2 1 6417 344
0x00007aca1ff82700 0x000000024832d700 0 1 1 0 1 2 1 6417 336
0x00007aca1ff82780 0x000000024832d780 0 1 1 0 1 2 1 6417 344
0x00007aca1ff82800 0x000000024832d800 0 0 0 0 1 2 1 6417 352
0x00007aca1ff82880 0x000000024832d880 0 0 0 0 1 2 1 6417 360
0x00007aca1ff82900 0x000000024832d900 0 1 0 0 1 2 1 6417 352
0x00007aca1ff82980 0x000000024832d980 0 1 0 0 1 2 1 6417 360
0x00007aca1ff82a00 0x000000024832da00 0 0 1 0 1 2 1 6417 352
0x00007aca1ff82a80 0x000000024832da80 0 0 1 0 1 2 1 6417 360
0x00007aca1ff82b00 0x000000024832db00 0 1 1 0 1 2 1 6417 352
0x00007aca1ff82b80 0x000000024832db80 0 1 1 0 1 2 1 6417 360
0x00007aca1ff82c00 0x000000024832dc00 0 0 0 0 1 2 1 6417 368
0x00007aca1ff82c80 0x000000024832dc80 0 0 0 0 1 2 1 6417 376
0x00007aca1ff82d00 0x000000024832dd00 0 1 0 0 1 2 1 6417 368
0x00007aca1ff82d80 0x000000024832dd80 0 1 0 0 1 2 1 6417 376
0x00007aca1ff82e00 0x000000024832de00 0 0 1 0 1 2 1 6417 368
0x00007aca1ff82e80 0x000000024832de80 0 0 1 0 1 2 1 6417 376
0x00007aca1ff82f00 0x000000024832df00 0 1 1 0 1 2 1 6417 368
0x00007aca1ff82f80 0x000000024832df80 0 1 1 0 1 2 1 6417 376
0x00007aca1ff87000 0x00000008e7b1b000 0 0 0 0 1 2 1 36072 704
0x00007aca1ff87080 0x00000008e7b1b080 0 0 0 0 1 2 1 36072 712
0x00007aca1ff87100 0x00000008e7b1b100 0 1 0 0 1 2 1 36072 704
0x00007aca1ff87180 0x00000008e7b1b180 0 1 0 0 1 2 1 36072 712
0x00007aca1ff87200 0x00000008e7b1b200 0 0 1 0 1 2 1 36072 704
0x00007aca1ff87280 0x00000008e7b1b280 0 0 1 0 1 2 1 36072 712
0x00007aca1ff87300 0x00000008e7b1b300 0 1 1 0 1 2 1 36072 704
0x00007aca1ff87380 0x00000008e7b1b380 0 1 1 0 1 2 1 36072 712
0x00007aca1ff87400 0x00000008e7b1b400 0 0 0 0 1 2 1 36072 720
0x00007aca1ff87480 0x00000008e7b1b480 0 0 0 0 1 2 1 36072 728
0x00007aca1ff87500 0x00000008e7b1b500 0 1 0 0 1 2 1 36072 720
0x00007aca1ff87580 0x00000008e7b1b580 0 1 0 0 1 2 1 36072 728
0x00007aca1ff87600 0x00000008e7b1b600 0 0 1 0 1 2 1 36072 720
0x00007aca1ff87680 0x00000008e7b1b680 0 0 1 0 1 2 1 36072 728
0x00007aca1ff87700 0x00000008e7b1b700 0 1 1 0 1 2 1 36072 720
0x00007aca1ff87780 0x00000008e7b1b780 0 1 1 0 1 2 1 36072 728
0x00007aca1ff87800 0x00000008e7b1b800 0 0 0 0 1 2 1 36072 736
0x00007aca1ff87880 0x00000008e7b1b880 0 0 0 0 1 2 1 36072 744
0x00007aca1ff87900 0x00000008e7b1b900 0 1 0 0 1 2 1 36072 736
0x00007aca1ff87980 0x00000008e7b1b980 0 1 0 0 1 2 1 36072 744
0x00007aca1ff87a00 0x00000008e7b1ba00 0 0 1 0 1 2 1 36072 736
0x00007aca1ff87a80 0x00000008e7b1ba80 0 0 1 0 1 2 1 36072 744
0x00007aca1ff87b00 0x00000008e7b1bb00 0 1 1 0 1 2 1 36072 736
0x00007aca1ff87b80 0x00000008e7b1bb80 0 1 1 0 1 2 1 36072 744
0x00007aca1ff87c00 0x00000008e7b1bc00 0 0 0 0 1 2 1 36072 752
0x00007aca1ff87c80 0x00000008e7b1bc80 0 0 0 0 1 2 1 36072 760
0x00007aca1ff87d00 0x00000008e7b1bd00 0 1 0 0 1 2 1 36072 752
0x00007aca1ff87d80 0x00000008e7b1bd80 0 1 0 0 1 2 1 36072 760
0x00007aca1ff87e00 0x00000008e7b1be00 0 0 1 0 1 2 1 36072 752
0x00007aca1ff87e80 0x00000008e7b1be80 0 0 1 0 1 2 1 36072 760
0x00007aca1ff87f00 0x00000008e7b1bf00 0 1 1 0 1 2 1 36072 752
0x00007aca1ff87f80 0x00000008e7b1bf80 0 1 1 0 1 2 1 36072 760
0x00007aca1ff8a000 0x00000009d9363000 0 0 0 0 0 2 1 39715 192
0x00007aca1ff8a080 0x00000009d9363080 0 0 0 0 0 2 1 39715 200
0x00007aca1ff8a100 0x00000009d9363100 0 1 0 0 0 2 1 39715 192
0x00007aca1ff8a180 0x00000009d9363180 0 1 0 0 0 2 1 39715 200
0x00007aca1ff8a200 0x00000009d9363200 0 0 1 0 0 2 1 39715 192
0x00007aca1ff8a280 0x00000009d9363280 0 0 1 0 0 2 1 39715 200
0x00007aca1ff8a300 0x00000009d9363300 0 1 1 0 0 2 1 39715 192
0x00007aca1ff8a380 0x00000009d9363380 0 1 1 0 0 2 1 39715 200
0x00007aca1ff8a400 0x00000009d9363400 0 0 0 0 0 2 1 39715 208
0x00007aca1ff8a480 0x00000009d9363480 0 0 0 0 0 2 1 39715 216
0x00007aca1ff8a500 0x00000009d9363500 0 1 0 0 0 2 1 39715 208
0x00007aca1ff8a580 0x00000009d9363580 0 1 0 0 0 2 1 39715 216
0x00007aca1ff8a600 0x00000009d9363600 0 0 1 0 0 2 1 39715 208
0x00007aca1ff8a680 0x00000009d9363680 0 0 1 0 0 2 1 39715 216
0x00007aca1ff8a700 0x00000009d9363700 0 1 1 0 0 2 1 39715 208
0x00007aca1ff8a780 0x00000009d9363780 0 1 1 0 0 2 1 39715 216
0x00007aca1ff8a800 0x00000009d9363800 0 0 0 0 0 2 1 39715 224
0x00007aca1ff8a880 0x00000009d9363880 0 0 0 0 0 2 1 39715 232
0x00007aca1ff8a900 0x00000009d9363900 0 1 0 0 0 2 1 39715 224
0x00007aca1ff8a980 0x00000009d9363980 0 1 0 0 0 2 1 39715 232
0x00007aca1ff8aa00 0x00000009d9363a00 0 0 1 0 0 2 1 39715 224
0x00007aca1ff8aa80 0x00000009d9363a80 0 0 1 0 0 2 1 39715 232
0x00007aca1ff8ab00 0x00000009d9363b00 0 1 1 0 0 2 1 39715 224
0x00007aca1ff8ab80 0x00000009d9363b80 0 1 1 0 0 2 1 39715 232
0x00007aca1ff8ac00 0x00000009d9363c00 0 0 0 0 0 2 1 39715 240
0x00007aca1ff8ac80 0x00000009d9363c80 0 0 0 0 0 2 1 39715 248
0x00007aca1ff8ad00 0x00000009d9363d00 0 1 0 0 0 2 1 39715 240
0x00007aca1ff8ad80 0x00000009d9363d80 0 1 0 0 0 2 1 39715 248
0x00007aca1ff8ae00 0x00000009d9363e00 0 0 1 0 0 2 1 39715 240
0x00007aca1ff8ae80 0x00000009d9363e80 0 0 1 0 0 2 1 39715 248
0x00007aca1ff8af00 0x00000009d9363f00 0 1 1 0 0 2 1 39715 240
0x00007aca1ff8af80 0x00000009d9363f80 0 1 1 0 0 2 1 39715 248
0x00007aca1ff98000 0x0000000593329000 0 0 0 0 1 2 1 21089 64
0x00007aca1ff98080 0x0000000593329080 0 0 0 0 1 2 1 21089 72
0x00007aca1ff98100 0x0000000593329100 0 1 0 0 1 2 1 21089 64
0x00007aca1ff98180 0x0000000593329180 0 1 0 0 1 2 1 21089 72
0x00007aca1ff98200 0x0000000593329200 0 0 1 0 1 2 1 21089 64
0x00007aca1ff98280 0x0000000593329280 0 0 1 0 1 2 1 21089 72
0x00007aca1ff98300 0x0000000593329300 0 1 1 0 1 2 1 21089 64
0x00007aca1ff98380 0x0000000593329380 0 1 1 0 1 2 1 21089 72
0x00007aca1ff98400 0x0000000593329400 0 0 0 0 1 2 1 21089 80
0x00007aca1ff98480 0x0000000593329480 0 0 0 0 1 2 1 21089 88
0x00007aca1ff98500 0x0000000593329500 0 1 0 0 1 2 1 21089 80
0x00007aca1ff98580 0x0000000593329580 0 1 0 0 1 2 1 21089 88
0x00007aca1ff98600 0x0000000593329600 0 0 1 0 1 2 1 21089 80
0x00007aca1ff98680 0x0000000593329680 0 0 1 0 1 2 1 21089 88
0x00007aca1ff98700 0x0000000593329700 0 1 1 0 1 2 1 21089 80
0x00007aca1ff98780 0x0000000593329780 0 1 1 0 1 2 1 21089 88
0x00007aca1ff98800 0x0000000593329800 0 0 0 0 1 2 1 21089 96
0x00007aca1ff98880 0x0000000593329880 0 0 0 0 1 2 1 21089 104
0x00007aca1ff98900 0x0000000593329900 0 1 0 0 1 2 1 21089 96
0x00007aca1ff98980 0x0000000593329980 0 1 0 0 1 2 1 21089 104
0x00007aca1ff98a00 0x0000000593329a00 0 0 1 0 1 2 1 21089 96
0x00007aca1ff98a80 0x0000000593329a80 0 0 1 0 1 2 1 21089 104
0x00007aca1ff98b00 0x0000000593329b00 0 1 1 0 1 2 1 21089 96
0x00007aca1ff98b80 0x0000000593329b80 0 1 1 0 1 2 1 21089 104
0x00007aca1ff98c00 0x0000000593329c00 0 0 0 0 1 2 1 21089 112
0x00007aca1ff98c80 0x0000000593329c80 0 0 0 0 1 2 1 21089 120
0x00007aca1ff98d00 0x0000000593329d00 0 1 0 0 1 2 1 21089 112
0x00007aca1ff98d80 0x0000000593329d80 0 1 0 0 1 2 1 21089 120
0x00007aca1ff98e00 0x0000000593329e00 0 0 1 0 1 2 1 21089 112
0x00007aca1ff98e80 0x0000000593329e80 0 0 1 0 1 2 1 21089 120
0x00007aca1ff98f00 0x0000000593329f00 0 1 1 0 1 2 1 21089 112
0x00007aca1ff98f80 0x0000000593329f80 0 1 1 0 1 2 1 21089 120
0x00007aca1ff9f000 0x0000000dc3302000 0 0 0 0 0 2 1 55392 128
0x00007aca1ff9f080 0x0000000dc3302080 0 0 0 0 0 2 1 55392 136
0x00007aca1ff9f100 0x0000000dc3302100 0 1 0 0 0 2 1 55392 128
0x00007aca1ff9f180 0x0000000dc3302180 0 1 0 0 0 2 1 55392 136
0x00007aca1ff9f200 0x0000000dc3302200 0 0 1 0 0 2 1 55392 128
0x00007aca1ff9f280 0x0000000dc3302280 0 0 1 0 0 2 1 55392 136
0x00007aca1ff9f300 0x0000000dc3302300 0 1 1 0 0 2 1 55392 128
0x00007aca1ff9f380 0x0000000dc3302380 0 1 1 0 0 2 1 55392 136
0x00007aca1ff9f400 0x0000000dc3302400 0 0 0 0 0 2 1 55392 144
0x00007aca1ff9f480 0x0000000dc3302480 0 0 0 0 0 2 1 55392 152
0x00007aca1ff9f500 0x0000000dc3302500 0 1 0 0 0 2 1 55392 144
0x00007aca1ff9f580 0x0000000dc3302580 0 1 0 0 0 2 1 55392 152
0x00007aca1ff9f600 0x0000000dc3302600 0 0 1 0 0 2 1 55392 144
0x00007aca1ff9f680 0x0000000dc3302680 0 0 1 0 0 2 1 55392 152
0x00007aca1ff9f700 0x0000000dc3302700 0 1 1 0 0 2 1 55392 144
0x00007aca1ff9f780 0x0000000dc3302780 0 1 1 0 0 2 1 55392 152
0x00007aca1ff9f800 0x0000000dc3302800 0 0 0 0 0 2 1 55392 160
0x00007aca1ff9f880 0x0000000dc3302880 0 0 0 0 0 2 1 55392 168
0x00007aca1ff9f900 0x0000000dc3302900 0 1 0 0 0 2 1 55392 160
0x00007aca1ff9f980 0x0000000dc3302980 0 1 0 0 0 2 1 55392 168
0x00007aca1ff9fa00 0x0000000dc3302a00 0 0 1 0 0 2 1 55392 160
0x00007aca1ff9fa80 0x0000000dc3302a80 0 0 1 0 0 2 1 55392 168
0x00007aca1ff9fb00 0x0000000dc3302b00 0 1 1 0 0 2 1 55392 160
0x00007aca1ff9fb80 0x0000000dc3302b80 0 1 1 0 0 2 1 55392 168
0x00007aca1ff9fc00 0x0000000dc3302c00 0 0 0 0 0 2 1 55392 176
0x00007aca1ff9fc80 0x0000000dc3302c80 0 0 0 0 0 2 1 55392 184
0x00007aca1ff9fd00 0x0000000dc3302d00 0 1 0 0 0 2 1 55392 176
0x00007aca1ff9fd80 0x0000000dc3302d80 0 1 0 0 0 2 1 55392 184
0x00007aca1ff9fe00 0x0000000dc3302e00 0 0 1 0 0 2 1 55392 176
0x00007aca1ff9fe80 0x0000000dc3302e80 0 0 1 0 0 2 1 55392 184
0x00007aca1ff9ff00 0x0000000dc3302f00 0 1 1 0 0 2 1 55392 176
0x00007aca1ff9ff80 0x0000000dc3302f80 0 1 1 0 0 2 1 55392 184
0x00007aca1ffa1000 0x0000000adeb96000 0 0 0 0 0 2 1 43980 896
0x00007aca1ffa1080 0x0000000adeb96080 0 0 0 0 0 2 1 43980 904
0x00007aca1ffa1100 0x0000000adeb96100 0 1 0 0 0 2 1 43980 896
0x00007aca1ffa1180 0x0000000adeb96180 0 1 0 0 0 2 1 43980 904
0x00007aca1ffa1200 0x0000000adeb96200 0 0 1 0 0 2 1 43980 896
0x00007aca1ffa1280 0x0000000adeb96280 0 0 1 0 0 2 1 43980 904
0x00007aca1ffa1300 0x0000000adeb96300 0 1 1 0 0 2 1 43980 896
0x00007aca1ffa1380 0x0000000adeb96380 0 1 1 0 0 2 1 43980 904
0x00007aca1ffa1400 0x0000000adeb96400 0 0 0 0 0 2 1 43980 912
0x00007aca1ffa1480 0x0000000adeb96480 0 0 0 0 0 2 1 43980 920
0x00007aca1ffa1500 0x0000000adeb96500 0 1 0 0 0 2 1 43980 912
0x00007aca1ffa1580 0x0000000adeb96580 0 1 0 0 0 2 1 43980 920
0x00007aca1ffa1600 0x0000000adeb96600 0 0 1 0 0 2 1 43980 912
0x00007aca1ffa1680 0x0000000adeb96680 0 0 1 0 0 2 1 43980 920
0x00007aca1ffa1700 0x0000000adeb96700 0 1 1 0 0 2 1 43980 912
0x00007aca1ffa1780 0x0000000adeb96780 0 1 1 0 0 2 1 43980 920
0x00007aca1ffa1800 0x0000000adeb96800 0 0 0 0 0 2 1 43980 928
0x00007aca1ffa1880 0x0000000adeb96880 0 0 0 0 0 2 1 43980 936
0x00007aca1ffa1900 0x0000000adeb96900 0 1 0 0 0 2 1 43980 928
0x00007aca1ffa1980 0x0000000adeb96980 0 1 0 0 0 2 1 43980 936
0x00007aca1ffa1a00 0x0000000adeb96a00 0 0 1 0 0 2 1 43980 928
0x00007aca1ffa1a80 0x0000000adeb96a80 0 0 1 0 0 2 1 43980 936
0x00007aca1ffa1b00 0x0000000adeb96b00 0 1 1 0 0 2 1 43980 928
0x00007aca1ffa1b80 0x0000000adeb96b80 0 1 1 0 0 2 1 43980 936
0x00007aca1ffa1c00 0x0000000adeb96c00 0 0 0 0 0 2 1 43980 944
0x00007aca1ffa1c80 0x0000000adeb96c80 0 0 0 0 0 2 1 43980 952
0x00007aca1ffa1d00 0x0000000adeb96d00 0 1 0 0 0 2 1 43980 944
0x00007aca1ffa1d80 0x0000000adeb96d80 0 1 0 0 0 2 1 43980 952
0x00007aca1ffa1e00 0x0000000adeb96e00 0 0 1 0 0 2 1 43980 944
0x00007aca1ffa1e80 0x0000000adeb96e80 0 0 1 0 0 2 1 43980 952
0x00007aca1ffa1f00 0x0000000adeb96f00 0 1 1 0 0 2 1 43980 944
0x00007aca1ffa1f80 0x0000000adeb96f80 0 1 1 0 0 2 1 43980 952
0x00007aca1ffa5000 0x00000007d9bc0000 0 0 0 0 0 2 1 31534 0
0x00007aca1ffa5080 0x00000007d9bc0080 0 0 0 0 0 2 1 31534 8
0x00007aca1ffa5100 0x00000007d9bc0100 0 1 0 0 0 2 1 31534 0
0x00007aca1ffa5180 0x00000007d9bc0180 0 1 0 0 0 2 1 31534 8
0x00007aca1ffa5200 0x00000007d9bc0200 0 0 1 0 0 2 1 31534 0
0x00007aca1ffa5280 0x00000007d9bc0280 0 0 1 0 0 2 1 31534 8
0x00007aca1ffa5300 0x00000007d9bc0300 0 1 1 0 0 2 1 31534 0
0x00007aca1ffa5380 0x00000007d9bc0380 0 1 1 0 0 2 1 31534 8
0x00007aca1ffa5400 0x00000007d9bc0400 0 0 0 0 0 2 1 31534 16
0x00007aca1ffa5480 0x00000007d9bc0480 0 0 0 0 0 2 1 31534 24
0x00007aca1ffa5500 0x00000007d9bc0500 0 1 0 0 0 2 1 31534 16
0x00007aca1ffa5580 0x00000007d9bc0580 0 1 0 0 0 2 1 31534 24
0x00007aca1ffa5600 0x00000007d9bc0600 0 0 1 0 0 2 1 31534 16
0x00007aca1ffa5680 0x00000007d9bc0680 0 0 1 0 0 2 1 31534 24
0x00007aca1ffa5700 0x00000007d9bc0700 0 1 1 0 0 2 1 31534 16
0x00007aca1ffa5780 0x00000007d9bc0780 0 1 1 0 0 2 1 31534 24
0x00007aca1ffa5800 0x00000007d9bc0800 0 0 0 0 0 2 1 31534 32
0x00007aca1ffa5880 0x00000007d9bc0880 0 0 0 0 0 2 1 31534 40
0x00007aca1ffa5900 0x00000007d9bc0900 0 1 0 0 0 2 1 31534 32
0x00007aca1ffa5980 0x00000007d9bc0980 0 1 0 0 0 2 1 31534 40
0x00007aca1ffa5a00 0x00000007d9bc0a00 0 0 1 0 0 2 1 31534 32
0x00007aca1ffa5a80 0x00000007d9bc0a80 0 0 1 0 0 2 1 31534 40
0x00007aca1ffa5b00 0x00000007d9bc0b00 0 1 1 0 0 2 1 31534 32
0x00007aca1ffa5b80 0x00000007d9bc0b80 0 1 1 0 0 2 1 31534 40
0x00007aca1ffa5c00 0x00000007d9bc0c00 0 0 0 0 0 2 1 31534 48
0x00007aca1ffa5c80 0x00000007d9bc0c80 0 0 0 0 0 2 1 31534 56
0x00007aca1ffa5d00 0x00000007d9bc0d00 0 1 0 0 0 2 1 31534 48
0x00007aca1ffa5d80 0x00000007d9bc0d80 0 1 0 0 0 2 1 31534 56
0x00007aca1ffa5e00 0x00000007d9bc0e00 0 0 1 0 0 2 1 31534 48
0x00007aca1ffa5e80 0x00000007d9bc0e80 0 0 1 0 0 2 1 31534 56
0x00007aca1ffa5f00 0x00000007d9bc0f00 0 1 1 0 0 2 1 31534 48
0x00007aca1ffa5f80 0x00000007d9bc0f80 0 1 1 0 0 2 1 31534 56
0x00007aca1ffa9000 0x0000000e9a3d1000 0 0 0 0 0 2 1 58182 576
0x00007aca1ffa9080 0x0000000e9a3d1080 0 0 0 0 0 2 1 58182 584
0x00007aca1ffa9100 0x0000000e9a3d1100 0 1 0 0 0 2 1 58182 576
0x00007aca1ffa9180 0x0000000e9a3d1180 0 1 0 0 0 2 1 58182 584
0x00007aca1ffa9200 0x0000000e9a3d1200 0 0 1 0 0 2 1 58182 576
0x00007aca1ffa9280 0x0000000e9a3d1280 0 0 1 0 0 2 1 58182 584
0x00007aca1ffa9300 0x0000000e9a3d1300 0 1 1 0 0 2 1 58182 576
0x00007aca1ffa9380 0x0000000e9a3d1380 0 1 1 0 0 2 1 58182 584
0x00007aca1ffa9400 0x0000000e9a3d1400 0 0 0 0 0 2 1 58182 592
0x00007aca1ffa9480 0x0000000e9a3d1480 0 0 0 0 0 2 1 58182 600
0x00007aca1ffa9500 0x0000000e9a3d1500 0 1 0 0 0 2 1 58182 592
0x00007aca1ffa9580 0x0000000e9a3d1580 0 1 0 0 0 2 1 58182 600
0x00007aca1ffa9600 0x0000000e9a3d1600 0 0 1 0 0 2 1 58182 592
0x00007aca1ffa9680 0x0000000e9a3d1680 0 0 1 0 0 2 1 58182 600
0x00007aca1ffa9700 0x0000000e9a3d1700 0 1 1 0 0 2 1 58182 592
0x00007aca1ffa9780 0x0000000e9a3d1780 0 1 1 0 0 2 1 58182 600
0x00007aca1ffa9800 0x0000000e9a3d1800 0 0 0 0 0 2 1 58182 608
0x00007aca1ffa9880 0x0000000e9a3d1880 0 0 0 0 0 2 1 58182 616
0x00007aca1ffa9900 0x0000000e9a3d1900 0 1 0 0 0 2 1 58182 608
0x00007aca1ffa9980 0x0000000e9a3d1980 0 1 0 0 0 2 1 58182 616
0x00007aca1ffa9a00 0x0000000e9a3d1a00 0 0 1 0 0 2 1 58182 608
0x00007aca1ffa9a80 0x0000000e9a3d1a80 0 0 1 0 0 2 1 58182 616
0x00007aca1ffa9b00 0x0000000e9a3d1b00 0 1 1 0 0 2 1 58182 608
0x00007aca1ffa9b80 0x0000000e9a3d1b80 0 1 1 0 0 2 1 58182 616
0x00007aca1ffa9c00 0x0000000e9a3d1c00 0 0 0 0 0 2 1 58182 624
0x00007aca1ffa9c80 0x0000000e9a3d1c80 0 0 0 0 0 2 1 58182 632
0x00007aca1ffa9d00 0x0000000e9a3d1d00 0 1 0 0 0 2 1 58182 624
0x00007aca1ffa9d80 0x0000000e9a3d1d80 0 1 0 0 0 2 1 58182 632
0x00007aca1ffa9e00 0x0000000e9a3d1e00 0 0 1 0 0 2 1 58182 624
0x00007aca1ffa9e80 0x0000000e9a3d1e80 0 0 1 0 0 2 1 58182 632
0x00007aca1ffa9f00 0x0000000e9a3d1f00 0 1 1 0 0 2 1 58182 624
0x00007aca1ffa9f80 0x0000000e9a3d1f80 0 1 1 0 0 2 1 58182 632
0x00007aca1ffae000 0x0000000ee634b000 0 0 0 0 1 2 1 60610 192
0x00007aca1ffae080 0x0000000ee634b080 0 0 0 0 1 2 1 60610 200
0x00007aca1ffae100 0x0000000ee634b100 0 1 0 0 1 2 1 60610 192
0x00007aca1ffae180 0x0000000ee634b180 0 1 0 0 1 2 1 60610 200
0x00007aca1ffae200 0x0000000ee634b200 0 0 1 0 1 2 1 60610 192
0x00007aca1ffae280 0x0000000ee634b280 0 0 1 0 1 2 1 60610 200
0x00007aca1ffae300 0x0000000ee634b300 0 1 1 0 1 2 1 60610 192
0x00007aca1ffae380 0x0000000ee634b380 0 1 1 0 1 2 1 60610 200
0x00007aca1ffae400 0x0000000ee634b400 0 0 0 0 1 2 1 60610 208
0x00007aca1ffae480 0x0000000ee634b480 0 0 0 0 1 2 1 60610 216
0x00007aca1ffae500 0x0000000ee634b500 0 1 0 0 1 2 1 60610 208
0x00007aca1ffae580 0x0000000ee634b580 0 1 0 0 1 2 1 60610 216
0x00007aca1ffae600 0x0000000ee634b600 0 0 1 0 1 2 1 60610 208
0x00007aca1ffae680 0x0000000ee634b680 0 0 1 0 1 2 1 60610 216
0x00007aca1ffae700 0x0000000ee634b700 0 1 1 0 1 2 1 60610 208
0x00007aca1ffae780 0x0000000ee634b780 0 1 1 0 1 2 1 60610 216
0x00007aca1ffae800 0x0000000ee634b800 0 0 0 0 1 2 1 60610 224
0x00007aca1ffae880 0x0000000ee634b880 0 0 0 0 1 2 1 60610 232
0x00007aca1ffae900 0x0000000ee634b900 0 1 0 0 1 2 1 60610 224
0x00007aca1ffae980 0x0000000ee634b980 0 1 0 0 1 2 1 60610 232
0x00007aca1ffaea00 0x0000000ee634ba00 0 0 1 0 1 2 1 60610 224
0x00007aca1ffaea80 0x0000000ee634ba80 0 0 1 0 1 2 1 60610 232
0x00007aca1ffaeb00 0x0000000ee634bb00 0 1 1 0 1 2 1 60610 224
0x00007aca1ffaeb80 0x0000000ee634bb80 0 1 1 0 1 2 1 60610 232
0x00007aca1ffaec00 0x0000000ee634bc00 0 0 0 0 1 2 1 60610 240
0x00007aca1ffaec80 0x0000000ee634bc80 0 0 0 0 1 2 1 60610 248
0x00007aca1ffaed00 0x0000000ee634bd00 0 1 0 0 1 2 1 60610 240
0x00007aca1ffaed80 0x0000000ee634bd80 0 1 0 0 1 2 1 60610 248
0x00007aca1ffaee00 0x0000000ee634be00 0 0 1 0 1 2 1 60610 240
0x00007aca1ffaee80 0x0000000ee634be80 0 0 1 0 1 2 1 60610 248
0x00007aca1ffaef00 0x0000000ee634bf00 0 1 1 0 1 2 1 60610 240
0x00007aca1ffaef80 0x0000000ee634bf80 0 1 1 0 1 2 1 60610 248
0x00007aca1ffba000 0x0000000913b73000 0 0 0 0 0 2 1 33403 704
0x00007aca1ffba080 0x0000000913b73080 0 0 0 0 0 2 1 33403 712
0x00007aca1ffba100 0x0000000913b73100 0 1 0 0 0 2 1 33403 704
0x00007aca1ffba180 0x0000000913b73180 0 1 0 0 0 2 1 33403 712
0x00007aca1ffba200 0x0000000913b73200 0 0 1 0 0 2 1 33403 704
0x00007aca1ffba280 0x0000000913b73280 0 0 1 0 0 2 1 33403 712
0x00007aca1ffba300 0x0000000913b73300 0 1 1 0 0 2 1 33403 704
0x00007aca1ffba380 0x0000000913b73380 0 1 1 0 0 2 1 33403 712
0x00007aca1ffba400 0x0000000913b73400 0 0 0 0 0 2 1 33403 720
0x00007aca1ffba480 0x0000000913b73480 0 0 0 0 0 2 1 33403 728
0x00007aca1ffba500 0x0000000913b73500 0 1 0 0 0 2 1 33403 720
0x00007aca1ffba580 0x0000000913b73580 0 1 0 0 0 2 1 33403 728
0x00007aca1ffba600 0x0000000913b73600 0 0 1 0 0 2 1 33403 720
0x00007aca1ffba680 0x0000000913b73680 0 0 1 0 0 2 1 33403 728
0x00007aca1ffba700 0x0000000913b73700 0 1 1 0 0 2 1 33403 720
0x00007aca1ffba780 0x0000000913b73780 0 1 1 0 0 2 1 33403 728
0x00007aca1ffba800 0x0000000913b73800 0 0 0 0 0 2 1 33403 736
0x00007aca1ffba880 0x0000000913b73880 0 0 0 0 0 2 1 33403 744
0x00007aca1ffba900 0x0000000913b73900 0 1 0 0 0 2 1 33403 736
0x00007aca1ffba980 0x0000000913b73980 0 1 0 0 0 2 1 33403 744
0x00007aca1ffbaa00 0x0000000913b73a00 0 0 1 0 0 2 1 33403 736
0x00007aca1ffbaa80 0x0000000913b73a80 0 0 1 0 0 2 1 33403 744
0x00007aca1ffbab00 0x0000000913b73b00 0 1 1 0 0 2 1 33403 736
0x00007aca1ffbab80 0x0000000913b73b80 0 1 1 0 0 2 1 33403 744
0x00007aca1ffbac00 0x0000000913b73c00 0 0 0 0 0 2 1 33403 752
0x00007aca1ffbac80 0x0000000913b73c80 0 0 0 0 0 2 1 33403 760
0x00007aca1ffbad00 0x0000000913b73d00 0 1 0 0 0 2 1 33403 752
0x00007aca1ffbad80 0x0000000913b73d80 0 1 0 0 0 2 1 33403 760
0x00007aca1ffbae00 0x0000000913b73e00 0 0 1 0 0 2 1 33403 752
0x00007aca1ffbae80 0x0000000913b73e80 0 0 1 0 0 2 1 33403 760
0x00007aca1ffbaf00 0x0000000913b73f00 0 1 1 0 0 2 1 33403 752
0x00007aca1ffbaf80 0x0000000913b73f80 0 1 1 0 0 2 1 33403 760
0x00007aca1ffce000 0x000000089236e000 0 0 0 0 1 2 1 33347 384
0x00007aca1ffce080 0x000000089236e080 0 0 0 0 1 2 1 33347 392
0x00007aca1ffce100 0x000000089236e100 0 1 0 0 1 2 1 33347 384
0x00007aca1ffce180 0x000000089236e180 0 1 0 0 1 2 1 33347 392
0x00007aca1ffce200 0x000000089236e200 0 0 1 0 1 2 1 33347 384
0x00007aca1ffce280 0x000000089236e280 0 0 1 0 1 2 1 33347 392
0x00007aca1ffce300 0x000000089236e300 0 1 1 0 1 2 1 33347 384
0x00007aca1ffce380 0x000000089236e380 0 1 1 0 1 2 1 33347 392
0x00007aca1ffce400 0x000000089236e400 0 0 0 0 1 2 1 33347 400
0x00007aca1ffce480 0x000000089236e480 0 0 0 0 1 2 1 33347 408
0x00007aca1ffce500 0x000000089236e500 0 1 0 0 1 2 1 33347 400
0x00007aca1ffce580 0x000000089236e580 0 1 0 0 1 2 1 33347 408
0x00007aca1ffce600 0x000000089236e600 0 0 1 0 1 2 1 33347 400
0x00007aca1ffce680 0x000000089236e680 0 0 1 0 1 2 1 33347 408
0x00007aca1ffce700 0x000000089236e700 0 1 1 0 1 2 1 33347 400
0x00007aca1ffce780 0x000000089236e780 0 1 1 0 1 2 1 33347 408
0x00007aca1ffce800 0x000000089236e800 0 0 0 0 1 2 1 33347 416
0x00007aca1ffce880 0x000000089236e880 0 0 0 0 1 2 1 33347 424
0x00007aca1ffce900 0x000000089236e900 0 1 0 0 1 2 1 33347 416
0x00007aca1ffce980 0x000000089236e980 0 1 0 0 1 2 1 33347 424
0x00007aca1ffcea00 0x000000089236ea00 0 0 1 0 1 2 1 33347 416
0x00007aca1ffcea80 0x000000089236ea80 0 0 1 0 1 2 1 33347 424
0x00007aca1ffceb00 0x000000089236eb00 0 1 1 0 1 2 1 33347 416
0x00007aca1ffceb80 0x000000089236eb80 0 1 1 0 1 2 1 33347 424
0x00007aca1ffcec00 0x000000089236ec00 0 0 0 0 1 2 1 33347 432
0x00007aca1ffcec80 0x000000089236ec80 0 0 0 0 1 2 1 33347 440
0x00007aca1ffced00 0x000000089236ed00 0 1 0 0 1 2 1 33347 432
0x00007aca1ffced80 0x000000089236ed80 0 1 0 0 1 2 1 33347 440
0x00007aca1ffcee00 0x000000089236ee00 0 0 1 0 1 2 1 33347 432
0x00007aca1ffcee80 0x000000089236ee80 0 0 1 0 1 2 1 33347 440
0x00007aca1ffcef00 0x000000089236ef00 0 1 1 0 1 2 1 33347 432
0x00007aca1ffcef80 0x000000089236ef80 0 1 1 0 1 2 1 33347 440
0x00007aca1ffd5000 0x00000005be35a000 0 0 0 0 1 2 1 22466 640
0x00007aca1ffd5080 0x00000005be35a080 0 0 0 0 1 2 1 22466 648
0x00007aca1ffd5100 0x00000005be35a100 0 1 0 0 1 2 1 22466 640
0x00007aca1ffd5180 0x00000005be35a180 0 1 0 0 1 2 1 22466 648
0x00007aca1ffd5200 0x00000005be35a200 0 0 1 0 1 2 1 22466 640
0x00007aca1ffd5280 0x00000005be35a280 0 0 1 0 1 2 1 22466 648
0x00007aca1ffd5300 0x00000005be35a300 0 1 1 0 1 2 1 22466 640
0x00007aca1ffd5380 0x00000005be35a380 0 1 1 0 1 2 1 22466 648
0x00007aca1ffd5400 0x00000005be35a400 0 0 0 0 1 2 1 22466 656
0x00007aca1ffd5480 0x00000005be35a480 0 0 0 0 1 2 1 22466 664
0x00007aca1ffd5500 0x00000005be35a500 0 1 0 0 1 2 1 22466 656
0x00007aca1ffd5580 0x00000005be35a580 0 1 0 0 1 2 1 22466 664
0x00007aca1ffd5600 0x00000005be35a600 0 0 1 0 1 2 1 22466 656
0x00007aca1ffd5680 0x00000005be35a680 0 0 1 0 1 2 1 22466 664
0x00007aca1ffd5700 0x00000005be35a700 0 1 1 0 1 2 1 22466 656
0x00007aca1ffd5780 0x00000005be35a780 0 1 1 0 1 2 1 22466 664
0x00007aca1ffd5800 0x00000005be35a800 0 0 0 0 1 2 1 22466 672
0x00007aca1ffd5880 0x00000005be35a880 0 0 0 0 1 2 1 22466 680
0x00007aca1ffd5900 0x00000005be35a900 0 1 0 0 1 2 1 22466 672
0x00007aca1ffd5980 0x00000005be35a980 0 1 0 0 1 2 1 22466 680
0x00007aca1ffd5a00 0x00000005be35aa00 0 0 1 0 1 2 1 22466 672
0x00007aca1ffd5a80 0x00000005be35aa80 0 0 1 0 1 2 1 22466 680
0x00007aca1ffd5b00 0x00000005be35ab00 0 1 1 0 1 2 1 22466 672
0x00007aca1ffd5b80 0x00000005be35ab80 0 1 1 0 1 2 1 22466 680
0x00007aca1ffd5c00 0x00000005be35ac00 0 0 0 0 1 2 1 22466 688
0x00007aca1ffd5c80 0x00000005be35ac80 0 0 0 0 1 2 1 22466 696
0x00007aca1ffd5d00 0x00000005be35ad00 0 1 0 0 1 2 1 22466 688
0x00007aca1ffd5d80 0x00000005be35ad80 0 1 0 0 1 2 1 22466 696
0x00007aca1ffd5e00 0x00000005be35ae00 0 0 1 0 1 2 1 22466 688
0x00007aca1ffd5e80 0x00000005be35ae80 0 0 1 0 1 2 1 22466 696
0x00007aca1ffd5f00 0x00000005be35af00 0 1 1 0 1 2 1 22466 688
0x00007aca1ffd5f80 0x00000005be35af80 0 1 1 0 1 2 1 22466 696
0x00007aca1ffe4000 0x0000000ee5be5000 0 0 0 0 0 2 1 60591 320
0x00007aca1ffe4080 0x0000000ee5be5080 0 0 0 0 0 2 1 60591 328
0x00007aca1ffe4100 0x0000000ee5be5100 0 1 0 0 0 2 1 60591 320
0x00007aca1ffe4180 0x0000000ee5be5180 0 1 0 0 0 2 1 60591 328
0x00007aca1ffe4200 0x0000000ee5be5200 0 0 1 0 0 2 1 60591 320
0x00007aca1ffe4280 0x0000000ee5be5280 0 0 1 0 0 2 1 60591 328
0x00007aca1ffe4300 0x0000000ee5be5300 0 1 1 0 0 2 1 60591 320
0x00007aca1ffe4380 0x0000000ee5be5380 0 1 1 0 0 2 1 60591 328
0x00007aca1ffe4400 0x0000000ee5be5400 0 0 0 0 0 2 1 60591 336
0x00007aca1ffe4480 0x0000000ee5be5480 0 0 0 0 0 2 1 60591 344
0x00007aca1ffe4500 0x0000000ee5be5500 0 1 0 0 0 2 1 60591 336
0x00007aca1ffe4580 0x0000000ee5be5580 0 1 0 0 0 2 1 60591 344
0x00007aca1ffe4600 0x0000000ee5be5600 0 0 1 0 0 2 1 60591 336
0x00007aca1ffe4680 0x0000000ee5be5680 0 0 1 0 0 2 1 60591 344
0x00007aca1ffe4700 0x0000000ee5be5700 0 1 1 0 0 2 1 60591 336
0x00007aca1ffe4780 0x0000000ee5be5780 0 1 1 0 0 2 1 60591 344
0x00007aca1ffe4800 0x0000000ee5be5800 0 0 0 0 0 2 1 60591 352
0x00007aca1ffe4880 0x0000000ee5be5880 0 0 0 0 0 2 1 60591 360
0x00007aca1ffe4900 0x0000000ee5be5900 0 1 0 0 0 2 1 60591 352
0x00007aca1ffe4980 0x0000000ee5be5980 0 1 0 0 0 2 1 60591 360
0x00007aca1ffe4a00 0x0000000ee5be5a00 0 0 1 0 0 2 1 60591 352
0x00007aca1ffe4a80 0x0000000ee5be5a80 0 0 1 0 0 2 1 60591 360
0x00007aca1ffe4b00 0x0000000ee5be5b00 0 1 1 0 0 2 1 60591 352
0x00007aca1ffe4b80 0x0000000ee5be5b80 0 1 1 0 0 2 1 60591 360
0x00007aca1ffe4c00 0x0000000ee5be5c00 0 0 0 0 0 2 1 60591 368
0x00007aca1ffe4c80 0x0000000ee5be5c80 0 0 0 0 0 2 1 60591 376
0x00007aca1ffe4d00 0x0000000ee5be5d00 0 1 0 0 0 2 1 60591 368
0x00007aca1ffe4d80 0x0000000ee5be5d80 0 1 0 0 0 2 1 60591 376
0x00007aca1ffe4e00 0x0000000ee5be5e00 0 0 1 0 0 2 1 60591 368
0x00007aca1ffe4e80 0x0000000ee5be5e80 0 0 1 0 0 2 1 60591 376
0x00007aca1ffe4f00 0x0000000ee5be5f00 0 1 1 0 0 2 1 60591 368
0x00007aca1ffe4f80 0x0000000ee5be5f80 0 1 1 0 0 2 1 60591 376
0x00007aca1fff0000 0x0000000572b80000 0 0 0 0 0 2 1 20060 0
0x00007aca1fff0080 0x0000000572b80080 0 0 0 0 0 2 1 20060 8
0x00007aca1fff0100 0x0000000572b80100 0 1 0 0 0 2 1 20060 0
0x00007aca1fff0180 0x0000000572b80180 0 1 0 0 0 2 1 20060 8
0x00007aca1fff0200 0x0000000572b80200 0 0 1 0 0 2 1 20060 0
0x00007aca1fff0280 0x0000000572b80280 0 0 1 0 0 2 1 20060 8
0x00007aca1fff0300 0x0000000572b80300 0 1 1 0 0 2 1 20060 0
0x00007aca1fff0380 0x0000000572b80380 0 1 1 0 0 2 1 20060 8
0x00007aca1fff0400 0x0000000572b80400 0 0 0 0 0 2 1 20060 16
0x00007aca1fff0480 0x0000000572b80480 0 0 0 0 0 2 1 20060 24
0x00007aca1fff0500 0x0000000572b80500 0 1 0 0 0 2 1 20060 16
0x00007aca1fff0580 0x0000000572b80580 0 1 0 0 0 2 1 20060 24
0x00007aca1fff0600 0x0000000572b80600 0 0 1 0 0 2 1 20060 16
0x00007aca1fff0680 0x0000000572b80680 0 0 1 0 0 2 1 20060 24
0x00007aca1fff0700 0x0000000572b80700 0 1 1 0 0 2 1 20060 16
0x00007aca1fff0780 0x0000000572b80780 0 1 1 0 0 2 1 20060 24
0x00007aca1fff0800 0x0000000572b80800 0 0 0 0 0 2 1 20060 32
0x00007aca1fff0880 0x0000000572b80880 0 0 0 0 0 2 1 20060 40
0x00007aca1fff0900 0x0000000572b80900 0 1 0 0 0 2 1 20060 32
0x00007aca1fff0980 0x0000000572b80980 0 1 0 0 0 2 1 20060 40
0x00007aca1fff0a00 0x0000000572b80a00 0 0 1 0 0 2 1 20060 32
0x00007aca1fff0a80 0x0000000572b80a80 0 0 1 0 0 2 1 20060 40
0x00007aca1fff0b00 0x0000000572b80b00 0 1 1 0 0 2 1 20060 32
0x00007aca1fff0b80 0x0000000572b80b80 0 1 1 0 0 2 1 20060 40
0x00007aca1fff0c00 0x0000000572b80c00 0 0 0 0 0 2 1 20060 48
0x00007aca1fff0c80 0x0000000572b80c80 0 0 0 0 0 2 1 20060 56
0x00007aca1fff0d00 0x0000000572b80d00 0 1 0 0 0 2 1 20060 48
0x00007aca1fff0d80 0x0000000572b80d80 0 1 0 0 0 2 1 20060 56
0x00007aca1fff0e00 0x0000000572b80e00 0 0 1 0 0 2 1 20060 48
0x00007aca1fff0e80 0x0000000572b80e80 0 0 1 0 0 2 1 20060 56
0x00007aca1fff0f00 0x0000000572b80f00 0 1 1 0 0 2 1 20060 48
0x00007aca1fff0f80 0x0000000572b80f80 0 1 1 0 0 2 1 20060 56
0x00007aca1fffd000 0x0000000d37391000 0 0 0 0 0 2 1 50932 576
0x00007aca1fffd080 0x0000000d37391080 0 0 0 0 0 2 1 50932 584
0x00007aca1fffd100 0x0000000d37391100 0 1 0 0 0 2 1 50932 576
0x00007aca1fffd180 0x0000000d37391180 0 1 0 0 0 2 1 50932 584
0x00007aca1fffd200 0x0000000d37391200 0 0 1 0 0 2 1 50932 576
0x00007aca1fffd280 0x0000000d37391280 0 0 1 0 0 2 1 50932 584
0x00007aca1fffd300 0x0000000d37391300 0 1 1 0 0 2 1 50932 576
0x00007aca1fffd380 0x0000000d37391380 0 1 1 0 0 2 1 50932 584
0x00007aca1fffd400 0x0000000d37391400 0 0 0 0 0 2 1 50932 592
0x00007aca1fffd480 0x0000000d37391480 0 0 0 0 0 2 1 50932 600
0x00007aca1fffd500 0x0000000d37391500 0 1 0 0 0 2 1 50932 592
0x00007aca1fffd580 0x0000000d37391580 0 1 0 0 0 2 1 50932 600
0x00007aca1fffd600 0x0000000d37391600 0 0 1 0 0 2 1 50932 592
0x00007aca1fffd680 0x0000000d37391680 0 0 1 0 0 2 1 50932 600
0x00007aca1fffd700 0x0000000d37391700 0 1 1 0 0 2 1 50932 592
0x00007aca1fffd780 0x0000000d37391780 0 1 1 0 0 2 1 50932 600
0x00007aca1fffd800 0x0000000d37391800 0 0 0 0 0 2 1 50932 608
0x00007aca1fffd880 0x0000000d37391880 0 0 0 0 0 2 1 50932 616
0x00007aca1fffd900 0x0000000d37391900 0 1 0 0 0 2 1 50932 608
0x00007aca1fffd980 0x0000000d37391980 0 1 0 0 0 2 1 50932 616
0x00007aca1fffda00 0x0000000d37391a00 0 0 1 0 0 2 1 50932 608
0x00007aca1fffda80 0x0000000d37391a80 0 0 1 0 0 2 1 50932 616
0x00007aca1fffdb00 0x0000000d37391b00 0 1 1 0 0 2 1 50932 608
0x00007aca1fffdb80 0x0000000d37391b80 0 1 1 0 0 2 1 50932 616
0x00007aca1fffdc00 0x0000000d37391c00 0 0 0 0 0 2 1 50932 624
0x00007aca1fffdc80 0x0000000d37391c80 0 0 0 0 0 2 1 50932 632
0x00007aca1fffdd00 0x0000000d37391d00 0 1 0 0 0 2 1 50932 624
0x00007aca1fffdd80 0x0000000d37391d80 0 1 0 0 0 2 1 50932 632
0x00007aca1fffde00 0x0000000d37391e00 0 0 1 0 0 2 1 50932 624
0x00007aca1fffde80 0x0000000d37391e80 0 0 1 0 0 2 1 50932 632
0x00007aca1fffdf00 0x0000000d37391f00 0 1 1 0 0 2 1 50932 624
0x00007aca1fffdf80 0x0000000d37391f80 0 1 1 0 0 2 1 50932 632
0x00007aca20001000 0x0000000d92bae000 0 0 0 0 1 2 1 53837 384
0x00007aca20001080 0x0000000d92bae080 0 0 0 0 1 2 1 53837 392
0x00007aca20001100 0x0000000d92bae100 0 1 0 0 1 2 1 53837 384
0x00007aca20001180 0x0000000d92bae180 0 1 0 0 1 2 1 53837 392
0x00007aca20001200 0x0000000d92bae200 0 0 1 0 1 2 1 53837 384
0x00007aca20001280 0x0000000d92bae280 0 0 1 0 1 2 1 53837 392
0x00007aca20001300 0x0000000d92bae300 0 1 1 0 1 2 1 53837 384
0x00007aca20001380 0x0000000d92bae380 0 1 1 0 1 2 1 53837 392
0x00007aca20001400 0x0000000d92bae400 0 0 0 0 1 2 1 53837 400
0x00007aca20001480 0x0000000d92bae480 0 0 0 0 1 2 1 53837 408
0x00007aca20001500 0x0000000d92bae500 0 1 0 0 1 2 1 53837 400
0x00007aca20001580 0x0000000d92bae580 0 1 0 0 1 2 1 53837 408
0x00007aca20001600 0x0000000d92bae600 0 0 1 0 1 2 1 53837 400
0x00007aca20001680 0x0000000d92bae680 0 0 1 0 1 2 1 53837 408
0x00007aca20001700 0x0000000d92bae700 0 1 1 0 1 2 1 53837 400
0x00007aca20001780 0x0000000d92bae780 0 1 1 0 1 2 1 53837 408
0x00007aca20001800 0x0000000d92bae800 0 0 0 0 1 2 1 53837 416
0x00007aca20001880 0x0000000d92bae880 0 0 0 0 1 2 1 53837 424
0x00007aca20001900 0x0000000d92bae900 0 1 0 0 1 2 1 53837 416
0x00007aca20001980 0x0000000d92bae980 0 1 0 0 1 2 1 53837 424
0x00007aca20001a00 0x0000000d92baea00 0 0 1 0 1 2 1 53837 416
0x00007aca20001a80 0x0000000d92baea80 0 0 1 0 1 2 1 53837 424
0x00007aca20001b00 0x0000000d92baeb00 0 1 1 0 1 2 1 53837 416
0x00007aca20001b80 0x0000000d92baeb80 0 1 1 0 1 2 1 53837 424
0x00007aca20001c00 0x0000000d92baec00 0 0 0 0 1 2 1 53837 432
0x00007aca20001c80 0x0000000d92baec80 0 0 0 0 1 2 1 53837 440
0x00007aca20001d00 0x0000000d92baed00 0 1 0 0 1 2 1 53837 432
0x00007aca20001d80 0x0000000d92baed80 0 1 0 0 1 2 1 53837 440
0x00007aca20001e00 0x0000000d92baee00 0 0 1 0 1 2 1 53837 432
0x00007aca20001e80 0x0000000d92baee80 0 0 1 0 1 2 1 53837 440
0x00007aca20001f00 0x0000000d92baef00 0 1 1 0 1 2 1 53837 432
0x00007aca20001f80 0x0000000d92baef80 0 1 1 0 1 2 1 53837 440
0x00007aca20007000 0x00000002333cb000 0 0 0 0 1 2 1 5750 192
0x00007aca20007080 0x00000002333cb080 0 0 0 0 1 2 1 5750 200
0x00007aca20007100 0x00000002333cb100 0 1 0 0 1 2 1 5750 192
0x00007aca20007180 0x00000002333cb180 0 1 0 0 1 2 1 5750 200
0x00007aca20007200 0x00000002333cb200 0 0 1 0 1 2 1 5750 192
0x00007aca20007280 0x00000002333cb280 0 0 1 0 1 2 1 5750 200
0x00007aca20007300 0x00000002333cb300 0 1 1 0 1 2 1 5750 192
0x00007aca20007380 0x00000002333cb380 0 1 1 0 1 2 1 5750 200
0x00007aca20007400 0x00000002333cb400 0 0 0 0 1 2 1 5750 208
0x00007aca20007480 0x00000002333cb480 0 0 0 0 1 2 1 5750 216
0x00007aca20007500 0x00000002333cb500 0 1 0 0 1 2 1 5750 208
0x00007aca20007580 0x00000002333cb580 0 1 0 0 1 2 1 5750 216
0x00007aca20007600 0x00000002333cb600 0 0 1 0 1 2 1 5750 208
0x00007aca20007680 0x00000002333cb680 0 0 1 0 1 2 1 5750 216
0x00007aca20007700 0x00000002333cb700 0 1 1 0 1 2 1 5750 208
0x00007aca20007780 0x00000002333cb780 0 1 1 0 1 2 1 5750 216
0x00007aca20007800 0x00000002333cb800 0 0 0 0 1 2 1 5750 224
0x00007aca20007880 0x00000002333cb880 0 0 0 0 1 2 1 5750 232
0x00007aca20007900 0x00000002333cb900 0 1 0 0 1 2 1 5750 224
0x00007aca20007980 0x00000002333cb980 0 1 0 0 1 2 1 5750 232
0x00007aca20007a00 0x00000002333cba00 0 0 1 0 1 2 1 5750 224
0x00007aca20007a80 0x00000002333cba80 0 0 1 0 1 2 1 5750 232
0x00007aca20007b00 0x00000002333cbb00 0 1 1 0 1 2 1 5750 224
0x00007aca20007b80 0x00000002333cbb80 0 1 1 0 1 2 1 5750 232
0x00007aca20007c00 0x00000002333cbc00 0 0 0 0 1 2 1 5750 240
0x00007aca20007c80 0x00000002333cbc80 0 0 0 0 1 2 1 5750 248
0x00007aca20007d00 0x00000002333cbd00 0 1 0 0 1 2 1 5750 240
0x00007aca20007d80 0x00000002333cbd80 0 1 0 0 1 2 1 5750 248
0x00007aca20007e00 0x00000002333cbe00 0 0 1 0 1 2 1 5750 240
0x00007aca20007e80 0x00000002333cbe80 0 0 1 0 1 2 1 5750 248
0x00007aca20007f00 0x00000002333cbf00 0 1 1 0 1 2 1 5750 240
0x00007aca20007f80 0x00000002333cbf80 0 1 1 0 1 2 1 5750 248
0x00007aca2000e000 0x0000000de43d0000 0 0 0 0 0 2 1 56454 512
0x00007aca2000e080 0x0000000de43d0080 0 0 0 0 0 2 1 56454 520
0x00007aca2000e100 0x0000000de43d0100 0 1 0 0 0 2 1 56454 512
0x00007aca2000e180 0x0000000de43d0180 0 1 0 0 0 2 1 56454 520
0x00007aca2000e200 0x0000000de43d0200 0 0 1 0 0 2 1 56454 512
0x00007aca2000e280 0x0000000de43d0280 0 0 1 0 0 2 1 56454 520
0x00007aca2000e300 0x0000000de43d0300 0 1 1 0 0 2 1 56454 512
0x00007aca2000e380 0x0000000de43d0380 0 1 1 0 0 2 1 56454 520
0x00007aca2000e400 0x0000000de43d0400 0 0 0 0 0 2 1 56454 528
0x00007aca2000e480 0x0000000de43d0480 0 0 0 0 0 2 1 56454 536
0x00007aca2000e500 0x0000000de43d0500 0 1 0 0 0 2 1 56454 528
0x00007aca2000e580 0x0000000de43d0580 0 1 0 0 0 2 1 56454 536
0x00007aca2000e600 0x0000000de43d0600 0 0 1 0 0 2 1 56454 528
0x00007aca2000e680 0x0000000de43d0680 0 0 1 0 0 2 1 56454 536
0x00007aca2000e700 0x0000000de43d0700 0 1 1 0 0 2 1 56454 528
0x00007aca2000e780 0x0000000de43d0780 0 1 1 0 0 2 1 56454 536
0x00007aca2000e800 0x0000000de43d0800 0 0 0 0 0 2 1 56454 544
0x00007aca2000e880 0x0000000de43d0880 0 0 0 0 0 2 1 56454 552
0x00007aca2000e900 0x0000000de43d0900 0 1 0 0 0 2 1 56454 544
0x00007aca2000e980 0x0000000de43d0980 0 1 0 0 0 2 1 56454 552
0x00007aca2000ea00 0x0000000de43d0a00 0 0 1 0 0 2 1 56454 544
0x00007aca2000ea80 0x0000000de43d0a80 0 0 1 0 0 2 1 56454 552
0x00007aca2000eb00 0x0000000de43d0b00 0 1 1 0 0 2 1 56454 544
0x00007aca2000eb80 0x0000000de43d0b80 0 1 1 0 0 2 1 56454 552
0x00007aca2000ec00 0x0000000de43d0c00 0 0 0 0 0 2 1 56454 560
0x00007aca2000ec80 0x0000000de43d0c80 0 0 0 0 0 2 1 56454 568
0x00007aca2000ed00 0x0000000de43d0d00 0 1 0 0 0 2 1 56454 560
0x00007aca2000ed80 0x0000000de43d0d80 0 1 0 0 0 2 1 56454 568
0x00007aca2000ee00 0x0000000de43d0e00 0 0 1 0 0 2 1 56454 560
0x00007aca2000ee80 0x0000000de43d0e80 0 0 1 0 0 2 1 56454 568
0x00007aca2000ef00 0x0000000de43d0f00 0 1 1 0 0 2 1 56454 560
0x00007aca2000ef80 0x0000000de43d0f80 0 1 1 0 0 2 1 56454 568
0x00007aca2001b000 0x000000038535a000 0 0 0 0 1 2 1 12450 640
0x00007aca2001b080 0x000000038535a080 0 0 0 0 1 2 1 12450 648
0x00007aca2001b100 0x000000038535a100 0 1 0 0 1 2 1 12450 640
0x00007aca2001b180 0x000000038535a180 0 1 0 0 1 2 1 12450 648
0x00007aca2001b200 0x000000038535a200 0 0 1 0 1 2 1 12450 640
0x00007aca2001b280 0x000000038535a280 0 0 1 0 1 2 1 12450 648
0x00007aca2001b300 0x000000038535a300 0 1 1 0 1 2 1 12450 640
0x00007aca2001b380 0x000000038535a380 0 1 1 0 1 2 1 12450 648
0x00007aca2001b400 0x000000038535a400 0 0 0 0 1 2 1 12450 656
0x00007aca2001b480 0x000000038535a480 0 0 0 0 1 2 1 12450 664
0x00007aca2001b500 0x000000038535a500 0 1 0 0 1 2 1 12450 656
0x00007aca2001b580 0x000000038535a580 0 1 0 0 1 2 1 12450 664
0x00007aca2001b600 0x000000038535a600 0 0 1 0 1 2 1 12450 656
0x00007aca2001b680 0x000000038535a680 0 0 1 0 1 2 1 12450 664
0x00007aca2001b700 0x000000038535a700 0 1 1 0 1 2 1 12450 656
0x00007aca2001b780 0x000000038535a780 0 1 1 0 1 2 1 12450 664
0x00007aca2001b800 0x000000038535a800 0 0 0 0 1 2 1 12450 672
0x00007aca2001b880 0x000000038535a880 0 0 0 0 1 2 1 12450 680
0x00007aca2001b900 0x000000038535a900 0 1 0 0 1 2 1 12450 672
0x00007aca2001b980 0x000000038535a980 0 1 0 0 1 2 1 12450 680
0x00007aca2001ba00 0x000000038535aa00 0 0 1 0 1 2 1 12450 672
0x00007aca2001ba80 0x000000038535aa80 0 0 1 0 1 2 1 12450 680
0x00007aca2001bb00 0x000000038535ab00 0 1 1 0 1 2 1 12450 672
0x00007aca2001bb80 0x000000038535ab80 0 1 1 0 1 2 1 12450 680
0x00007aca2001bc00 0x000000038535ac00 0 0 0 0 1 2 1 12450 688
0x00007aca2001bc80 0x000000038535ac80 0 0 0 0 1 2 1 12450 696
0x00007aca2001bd00 0x000000038535ad00 0 1 0 0 1 2 1 12450 688
0x00007aca2001bd80 0x000000038535ad80 0 1 0 0 1 2 1 12450 696
0x00007aca2001be00 0x000000038535ae00 0 0 1 0 1 2 1 12450 688
0x00007aca2001be80 0x000000038535ae80 0 0 1 0 1 2 1 12450 696
0x00007aca2001bf00 0x000000038535af00 0 1 1 0 1 2 1 12450 688
0x00007aca2001bf80 0x000000038535af80 0 1 1 0 1 2 1 12450 696
0x00007aca20036000 0x0000000dc2325000 0 0 0 0 0 2 1 55361 320
0x00007aca20036080 0x0000000dc2325080 0 0 0 0 0 2 1 55361 328
0x00007aca20036100 0x0000000dc2325100 0 1 0 0 0 2 1 55361 320
0x00007aca20036180 0x0000000dc2325180 0 1 0 0 0 2 1 55361 328
0x00007aca20036200 0x0000000dc2325200 0 0 1 0 0 2 1 55361 320
0x00007aca20036280 0x0000000dc2325280 0 0 1 0 0 2 1 55361 328
0x00007aca20036300 0x0000000dc2325300 0 1 1 0 0 2 1 55361 320
0x00007aca20036380 0x0000000dc2325380 0 1 1 0 0 2 1 55361 328
0x00007aca20036400 0x0000000dc2325400 0 0 0 0 0 2 1 55361 336
0x00007aca20036480 0x0000000dc2325480 0 0 0 0 0 2 1 55361 344
0x00007aca20036500 0x0000000dc2325500 0 1 0 0 0 2 1 55361 336
0x00007aca20036580 0x0000000dc2325580 0 1 0 0 0 2 1 55361 344
0x00007aca20036600 0x0000000dc2325600 0 0 1 0 0 2 1 55361 336
0x00007aca20036680 0x0000000dc2325680 0 0 1 0 0 2 1 55361 344
0x00007aca20036700 0x0000000dc2325700 0 1 1 0 0 2 1 55361 336
0x00007aca20036780 0x0000000dc2325780 0 1 1 0 0 2 1 55361 344
0x00007aca20036800 0x0000000dc2325800 0 0 0 0 0 2 1 55361 352
0x00007aca20036880 0x0000000dc2325880 0 0 0 0 0 2 1 55361 360
0x00007aca20036900 0x0000000dc2325900 0 1 0 0 0 2 1 55361 352
0x00007aca20036980 0x0000000dc2325980 0 1 0 0 0 2 1 55361 360
0x00007aca20036a00 0x0000000dc2325a00 0 0 1 0 0 2 1 55361 352
0x00007aca20036a80 0x0000000dc2325a80 0 0 1 0 0 2 1 55361 360
0x00007aca20036b00 0x0000000dc2325b00 0 1 1 0 0 2 1 55361 352
0x00007aca20036b80 0x0000000dc2325b80 0 1 1 0 0 2 1 55361 360
0x00007aca20036c00 0x0000000dc2325c00 0 0 0 0 0 2 1 55361 368
0x00007aca20036c80 0x0000000dc2325c80 0 0 0 0 0 2 1 55361 376
0x00007aca20036d00 0x0000000dc2325d00 0 1 0 0 0 2 1 55361 368
0x00007aca20036d80 0x0000000dc2325d80 0 1 0 0 0 2 1 55361 376
0x00007aca20036e00 0x0000000dc2325e00 0 0 1 0 0 2 1 55361 368
0x00007aca20036e80 0x0000000dc2325e80 0 0 1 0 0 2 1 55361 376
0x00007aca20036f00 0x0000000dc2325f00 0 1 1 0 0 2 1 55361 368
0x00007aca20036f80 0x0000000dc2325f80 0 1 1 0 0 2 1 55361 376
0x00007aca20037000 0x0000000dc2326000 0 0 0 0 0 2 1 55361 384
0x00007aca20037080 0x0000000dc2326080 0 0 0 0 0 2 1 55361 392
0x00007aca20037100 0x0000000dc2326100 0 1 0 0 0 2 1 55361 384
0x00007aca20037180 0x0000000dc2326180 0 1 0 0 0 2 1 55361 392
0x00007aca20037200 0x0000000dc2326200 0 0 1 0 0 2 1 55361 384
0x00007aca20037280 0x0000000dc2326280 0 0 1 0 0 2 1 55361 392
0x00007aca20037300 0x0000000dc2326300 0 1 1 0 0 2 1 55361 384
0x00007aca20037380 0x0000000dc2326380 0 1 1 0 0 2 1 55361 392
0x00007aca20037400 0x0000000dc2326400 0 0 0 0 0 2 1 55361 400
0x00007aca20037480 0x0000000dc2326480 0 0 0 0 0 2 1 55361 408
0x00007aca20037500 0x0000000dc2326500 0 1 0 0 0 2 1 55361 400
0x00007aca20037580 0x0000000dc2326580 0 1 0 0 0 2 1 55361 408
0x00007aca20037600 0x0000000dc2326600 0 0 1 0 0 2 1 55361 400
0x00007aca20037680 0x0000000dc2326680 0 0 1 0 0 2 1 55361 408
0x00007aca20037700 0x0000000dc2326700 0 1 1 0 0 2 1 55361 400
0x00007aca20037780 0x0000000dc2326780 0 1 1 0 0 2 1 55361 408
0x00007aca20037800 0x0000000dc2326800 0 0 0 0 0 2 1 55361 416
0x00007aca20037880 0x0000000dc2326880 0 0 0 0 0 2 1 55361 424
0x00007aca20037900 0x0000000dc2326900 0 1 0 0 0 2 1 55361 416
0x00007aca20037980 0x0000000dc2326980 0 1 0 0 0 2 1 55361 424
0x00007aca20037a00 0x0000000dc2326a00 0 0 1 0 0 2 1 55361 416
0x00007aca20037a80 0x0000000dc2326a80 0 0 1 0 0 2 1 55361 424
0x00007aca20037b00 0x0000000dc2326b00 0 1 1 0 0 2 1 55361 416
0x00007aca20037b80 0x0000000dc2326b80 0 1 1 0 0 2 1 55361 424
0x00007aca20037c00 0x0000000dc2326c00 0 0 0 0 0 2 1 55361 432
0x00007aca20037c80 0x0000000dc2326c80 0 0 0 0 0 2 1 55361 440
0x00007aca20037d00 0x0000000dc2326d00 0 1 0 0 0 2 1 55361 432
0x00007aca20037d80 0x0000000dc2326d80 0 1 0 0 0 2 1 55361 440
0x00007aca20037e00 0x0000000dc2326e00 0 0 1 0 0 2 1 55361 432
0x00007aca20037e80 0x0000000dc2326e80 0 0 1 0 0 2 1 55361 440
0x00007aca20037f00 0x0000000dc2326f00 0 1 1 0 0 2 1 55361 432
0x00007aca20037f80 0x0000000dc2326f80 0 1 1 0 0 2 1 55361 440
0x00007aca20047000 0x0000000dc2336000 0 0 0 0 0 2 1 55361 896
0x00007aca20047080 0x0000000dc2336080 0 0 0 0 0 2 1 55361 904
0x00007aca20047100 0x0000000dc2336100 0 1 0 0 0 2 1 55361 896
0x00007aca20047180 0x0000000dc2336180 0 1 0 0 0 2 1 55361 904
0x00007aca20047200 0x0000000dc2336200 0 0 1 0 0 2 1 55361 896
0x00007aca20047280 0x0000000dc2336280 0 0 1 0 0 2 1 55361 904
0x00007aca20047300 0x0000000dc2336300 0 1 1 0 0 2 1 55361 896
0x00007aca20047380 0x0000000dc2336380 0 1 1 0 0 2 1 55361 904
0x00007aca20047400 0x0000000dc2336400 0 0 0 0 0 2 1 55361 912
0x00007aca20047480 0x0000000dc2336480 0 0 0 0 0 2 1 55361 920
0x00007aca20047500 0x0000000dc2336500 0 1 0 0 0 2 1 55361 912
0x00007aca20047580 0x0000000dc2336580 0 1 0 0 0 2 1 55361 920
0x00007aca20047600 0x0000000dc2336600 0 0 1 0 0 2 1 55361 912
0x00007aca20047680 0x0000000dc2336680 0 0 1 0 0 2 1 55361 920
0x00007aca20047700 0x0000000dc2336700 0 1 1 0 0 2 1 55361 912
0x00007aca20047780 0x0000000dc2336780 0 1 1 0 0 2 1 55361 920
0x00007aca20047800 0x0000000dc2336800 0 0 0 0 0 2 1 55361 928
0x00007aca20047880 0x0000000dc2336880 0 0 0 0 0 2 1 55361 936
0x00007aca20047900 0x0000000dc2336900 0 1 0 0 0 2 1 55361 928
0x00007aca20047980 0x0000000dc2336980 0 1 0 0 0 2 1 55361 936
0x00007aca20047a00 0x0000000dc2336a00 0 0 1 0 0 2 1 55361 928
0x00007aca20047a80 0x0000000dc2336a80 0 0 1 0 0 2 1 55361 936
0x00007aca20047b00 0x0000000dc2336b00 0 1 1 0 0 2 1 55361 928
0x00007aca20047b80 0x0000000dc2336b80 0 1 1 0 0 2 1 55361 936
0x00007aca20047c00 0x0000000dc2336c00 0 0 0 0 0 2 1 55361 944
0x00007aca20047c80 0x0000000dc2336c80 0 0 0 0 0 2 1 55361 952
0x00007aca20047d00 0x0000000dc2336d00 0 1 0 0 0 2 1 55361 944
0x00007aca20047d80 0x0000000dc2336d80 0 1 0 0 0 2 1 55361 952
0x00007aca20047e00 0x0000000dc2336e00 0 0 1 0 0 2 1 55361 944
0x00007aca20047e80 0x0000000dc2336e80 0 0 1 0 0 2 1 55361 952
0x00007aca20047f00 0x0000000dc2336f00 0 1 1 0 0 2 1 55361 944
0x00007aca20047f80 0x0000000dc2336f80 0 1 1 0 0 2 1 55361 952
0x00007aca20051000 0x0000000c543e5000 0 0 0 0 0 2 1 47767 320
0x00007aca20051080 0x0000000c543e5080 0 0 0 0 0 2 1 47767 328
0x00007aca20051100 0x0000000c543e5100 0 1 0 0 0 2 1 47767 320
0x00007aca20051180 0x0000000c543e5180 0 1 0 0 0 2 1 47767 328
0x00007aca20051200 0x0000000c543e5200 0 0 1 0 0 2 1 47767 320
0x00007aca20051280 0x0000000c543e5280 0 0 1 0 0 2 1 47767 328
0x00007aca20051300 0x0000000c543e5300 0 1 1 0 0 2 1 47767 320
0x00007aca20051380 0x0000000c543e5380 0 1 1 0 0 2 1 47767 328
0x00007aca20051400 0x0000000c543e5400 0 0 0 0 0 2 1 47767 336
0x00007aca20051480 0x0000000c543e5480 0 0 0 0 0 2 1 47767 344
0x00007aca20051500 0x0000000c543e5500 0 1 0 0 0 2 1 47767 336
0x00007aca20051580 0x0000000c543e5580 0 1 0 0 0 2 1 47767 344
0x00007aca20051600 0x0000000c543e5600 0 0 1 0 0 2 1 47767 336
0x00007aca20051680 0x0000000c543e5680 0 0 1 0 0 2 1 47767 344
0x00007aca20051700 0x0000000c543e5700 0 1 1 0 0 2 1 47767 336
0x00007aca20051780 0x0000000c543e5780 0 1 1 0 0 2 1 47767 344
0x00007aca20051800 0x0000000c543e5800 0 0 0 0 0 2 1 47767 352
0x00007aca20051880 0x0000000c543e5880 0 0 0 0 0 2 1 47767 360
0x00007aca20051900 0x0000000c543e5900 0 1 0 0 0 2 1 47767 352
0x00007aca20051980 0x0000000c543e5980 0 1 0 0 0 2 1 47767 360
0x00007aca20051a00 0x0000000c543e5a00 0 0 1 0 0 2 1 47767 352
0x00007aca20051a80 0x0000000c543e5a80 0 0 1 0 0 2 1 47767 360
0x00007aca20051b00 0x0000000c543e5b00 0 1 1 0 0 2 1 47767 352
0x00007aca20051b80 0x0000000c543e5b80 0 1 1 0 0 2 1 47767 360
0x00007aca20051c00 0x0000000c543e5c00 0 0 0 0 0 2 1 47767 368
0x00007aca20051c80 0x0000000c543e5c80 0 0 0 0 0 2 1 47767 376
0x00007aca20051d00 0x0000000c543e5d00 0 1 0 0 0 2 1 47767 368
0x00007aca20051d80 0x0000000c543e5d80 0 1 0 0 0 2 1 47767 376
0x00007aca20051e00 0x0000000c543e5e00 0 0 1 0 0 2 1 47767 368
0x00007aca20051e80 0x0000000c543e5e80 0 0 1 0 0 2 1 47767 376
0x00007aca20051f00 0x0000000c543e5f00 0 1 1 0 0 2 1 47767 368
0x00007aca20051f80 0x0000000c543e5f80 0 1 1 0 0 2 1 47767 376
0x00007aca2005a000 0x0000000e95b51000 0 0 0 0 0 2 1 58026 576
0x00007aca2005a080 0x0000000e95b51080 0 0 0 0 0 2 1 58026 584
0x00007aca2005a100 0x0000000e95b51100 0 1 0 0 0 2 1 58026 576
0x00007aca2005a180 0x0000000e95b51180 0 1 0 0 0 2 1 58026 584
0x00007aca2005a200 0x0000000e95b51200 0 0 1 0 0 2 1 58026 576
0x00007aca2005a280 0x0000000e95b51280 0 0 1 0 0 2 1 58026 584
0x00007aca2005a300 0x0000000e95b51300 0 1 1 0 0 2 1 58026 576
0x00007aca2005a380 0x0000000e95b51380 0 1 1 0 0 2 1 58026 584
0x00007aca2005a400 0x0000000e95b51400 0 0 0 0 0 2 1 58026 592
0x00007aca2005a480 0x0000000e95b51480 0 0 0 0 0 2 1 58026 600
0x00007aca2005a500 0x0000000e95b51500 0 1 0 0 0 2 1 58026 592
0x00007aca2005a580 0x0000000e95b51580 0 1 0 0 0 2 1 58026 600
0x00007aca2005a600 0x0000000e95b51600 0 0 1 0 0 2 1 58026 592
0x00007aca2005a680 0x0000000e95b51680 0 0 1 0 0 2 1 58026 600
0x00007aca2005a700 0x0000000e95b51700 0 1 1 0 0 2 1 58026 592
0x00007aca2005a780 0x0000000e95b51780 0 1 1 0 0 2 1 58026 600
0x00007aca2005a800 0x0000000e95b51800 0 0 0 0 0 2 1 58026 608
0x00007aca2005a880 0x0000000e95b51880 0 0 0 0 0 2 1 58026 616
0x00007aca2005a900 0x0000000e95b51900 0 1 0 0 0 2 1 58026 608
0x00007aca2005a980 0x0000000e95b51980 0 1 0 0 0 2 1 58026 616
0x00007aca2005aa00 0x0000000e95b51a00 0 0 1 0 0 2 1 58026 608
0x00007aca2005aa80 0x0000000e95b51a80 0 0 1 0 0 2 1 58026 616
0x00007aca2005ab00 0x0000000e95b51b00 0 1 1 0 0 2 1 58026 608
0x00007aca2005ab80 0x0000000e95b51b80 0 1 1 0 0 2 1 58026 616
0x00007aca2005ac00 0x0000000e95b51c00 0 0 0 0 0 2 1 58026 624
0x00007aca2005ac80 0x0000000e95b51c80 0 0 0 0 0 2 1 58026 632
0x00007aca2005ad00 0x0000000e95b51d00 0 1 0 0 0 2 1 58026 624
0x00007aca2005ad80 0x0000000e95b51d80 0 1 0 0 0 2 1 58026 632
0x00007aca2005ae00 0x0000000e95b51e00 0 0 1 0 0 2 1 58026 624
0x00007aca2005ae80 0x0000000e95b51e80 0 0 1 0 0 2 1 58026 632
0x00007aca2005af00 0x0000000e95b51f00 0 1 1 0 0 2 1 58026 624
0x00007aca2005af80 0x0000000e95b51f80 0 1 1 0 0 2 1 58026 632
0x00007aca2006c000 0x00000006ac38c000 0 0 0 0 1 2 1 25988 256
0x00007aca2006c080 0x00000006ac38c080 0 0 0 0 1 2 1 25988 264
0x00007aca2006c100 0x00000006ac38c100 0 1 0 0 1 2 1 25988 256
0x00007aca2006c180 0x00000006ac38c180 0 1 0 0 1 2 1 25988 264
0x00007aca2006c200 0x00000006ac38c200 0 0 1 0 1 2 1 25988 256
0x00007aca2006c280 0x00000006ac38c280 0 0 1 0 1 2 1 25988 264
0x00007aca2006c300 0x00000006ac38c300 0 1 1 0 1 2 1 25988 256
0x00007aca2006c380 0x00000006ac38c380 0 1 1 0 1 2 1 25988 264
0x00007aca2006c400 0x00000006ac38c400 0 0 0 0 1 2 1 25988 272
0x00007aca2006c480 0x00000006ac38c480 0 0 0 0 1 2 1 25988 280
0x00007aca2006c500 0x00000006ac38c500 0 1 0 0 1 2 1 25988 272
0x00007aca2006c580 0x00000006ac38c580 0 1 0 0 1 2 1 25988 280
0x00007aca2006c600 0x00000006ac38c600 0 0 1 0 1 2 1 25988 272
0x00007aca2006c680 0x00000006ac38c680 0 0 1 0 1 2 1 25988 280
0x00007aca2006c700 0x00000006ac38c700 0 1 1 0 1 2 1 25988 272
0x00007aca2006c780 0x00000006ac38c780 0 1 1 0 1 2 1 25988 280
0x00007aca2006c800 0x00000006ac38c800 0 0 0 0 1 2 1 25988 288
0x00007aca2006c880 0x00000006ac38c880 0 0 0 0 1 2 1 25988 296
0x00007aca2006c900 0x00000006ac38c900 0 1 0 0 1 2 1 25988 288
0x00007aca2006c980 0x00000006ac38c980 0 1 0 0 1 2 1 25988 296
0x00007aca2006ca00 0x00000006ac38ca00 0 0 1 0 1 2 1 25988 288
0x00007aca2006ca80 0x00000006ac38ca80 0 0 1 0 1 2 1 25988 296
0x00007aca2006cb00 0x00000006ac38cb00 0 1 1 0 1 2 1 25988 288
0x00007aca2006cb80 0x00000006ac38cb80 0 1 1 0 1 2 1 25988 296
0x00007aca2006cc00 0x00000006ac38cc00 0 0 0 0 1 2 1 25988 304
0x00007aca2006cc80 0x00000006ac38cc80 0 0 0 0 1 2 1 25988 312
0x00007aca2006cd00 0x00000006ac38cd00 0 1 0 0 1 2 1 25988 304
0x00007aca2006cd80 0x00000006ac38cd80 0 1 0 0 1 2 1 25988 312
0x00007aca2006ce00 0x00000006ac38ce00 0 0 1 0 1 2 1 25988 304
0x00007aca2006ce80 0x00000006ac38ce80 0 0 1 0 1 2 1 25988 312
0x00007aca2006cf00 0x00000006ac38cf00 0 1 1 0 1 2 1 25988 304
0x00007aca2006cf80 0x00000006ac38cf80 0 1 1 0 1 2 1 25988 312
0x00007aca20072000 0x0000000e043c6000 0 0 0 0 0 2 1 53398 384
0x00007aca20072080 0x0000000e043c6080 0 0 0 0 0 2 1 53398 392
0x00007aca20072100 0x0000000e043c6100 0 1 0 0 0 2 1 53398 384
0x00007aca20072180 0x0000000e043c6180 0 1 0 0 0 2 1 53398 392
0x00007aca20072200 0x0000000e043c6200 0 0 1 0 0 2 1 53398 384
0x00007aca20072280 0x0000000e043c6280 0 0 1 0 0 2 1 53398 392
0x00007aca20072300 0x0000000e043c6300 0 1 1 0 0 2 1 53398 384
0x00007aca20072380 0x0000000e043c6380 0 1 1 0 0 2 1 53398 392
0x00007aca20072400 0x0000000e043c6400 0 0 0 0 0 2 1 53398 400
0x00007aca20072480 0x0000000e043c6480 0 0 0 0 0 2 1 53398 408
0x00007aca20072500 0x0000000e043c6500 0 1 0 0 0 2 1 53398 400
0x00007aca20072580 0x0000000e043c6580 0 1 0 0 0 2 1 53398 408
0x00007aca20072600 0x0000000e043c6600 0 0 1 0 0 2 1 53398 400
0x00007aca20072680 0x0000000e043c6680 0 0 1 0 0 2 1 53398 408
0x00007aca20072700 0x0000000e043c6700 0 1 1 0 0 2 1 53398 400
0x00007aca20072780 0x0000000e043c6780 0 1 1 0 0 2 1 53398 408
0x00007aca20072800 0x0000000e043c6800 0 0 0 0 0 2 1 53398 416
0x00007aca20072880 0x0000000e043c6880 0 0 0 0 0 2 1 53398 424
0x00007aca20072900 0x0000000e043c6900 0 1 0 0 0 2 1 53398 416
0x00007aca20072980 0x0000000e043c6980 0 1 0 0 0 2 1 53398 424
0x00007aca20072a00 0x0000000e043c6a00 0 0 1 0 0 2 1 53398 416
0x00007aca20072a80 0x0000000e043c6a80 0 0 1 0 0 2 1 53398 424
0x00007aca20072b00 0x0000000e043c6b00 0 1 1 0 0 2 1 53398 416
0x00007aca20072b80 0x0000000e043c6b80 0 1 1 0 0 2 1 53398 424
0x00007aca20072c00 0x0000000e043c6c00 0 0 0 0 0 2 1 53398 432
0x00007aca20072c80 0x0000000e043c6c80 0 0 0 0 0 2 1 53398 440
0x00007aca20072d00 0x0000000e043c6d00 0 1 0 0 0 2 1 53398 432
0x00007aca20072d80 0x0000000e043c6d80 0 1 0 0 0 2 1 53398 440
0x00007aca20072e00 0x0000000e043c6e00 0 0 1 0 0 2 1 53398 432
0x00007aca20072e80 0x0000000e043c6e80 0 0 1 0 0 2 1 53398 440
0x00007aca20072f00 0x0000000e043c6f00 0 1 1 0 0 2 1 53398 432
0x00007aca20072f80 0x0000000e043c6f80 0 1 1 0 0 2 1 53398 440
0x00007aca20074000 0x0000000e043c5000 0 0 0 0 0 2 1 53398 320
0x00007aca20074080 0x0000000e043c5080 0 0 0 0 0 2 1 53398 328
0x00007aca20074100 0x0000000e043c5100 0 1 0 0 0 2 1 53398 320
0x00007aca20074180 0x0000000e043c5180 0 1 0 0 0 2 1 53398 328
0x00007aca20074200 0x0000000e043c5200 0 0 1 0 0 2 1 53398 320
0x00007aca20074280 0x0000000e043c5280 0 0 1 0 0 2 1 53398 328
0x00007aca20074300 0x0000000e043c5300 0 1 1 0 0 2 1 53398 320
0x00007aca20074380 0x0000000e043c5380 0 1 1 0 0 2 1 53398 328
0x00007aca20074400 0x0000000e043c5400 0 0 0 0 0 2 1 53398 336
0x00007aca20074480 0x0000000e043c5480 0 0 0 0 0 2 1 53398 344
0x00007aca20074500 0x0000000e043c5500 0 1 0 0 0 2 1 53398 336
0x00007aca20074580 0x0000000e043c5580 0 1 0 0 0 2 1 53398 344
0x00007aca20074600 0x0000000e043c5600 0 0 1 0 0 2 1 53398 336
0x00007aca20074680 0x0000000e043c5680 0 0 1 0 0 2 1 53398 344
0x00007aca20074700 0x0000000e043c5700 0 1 1 0 0 2 1 53398 336
0x00007aca20074780 0x0000000e043c5780 0 1 1 0 0 2 1 53398 344
0x00007aca20074800 0x0000000e043c5800 0 0 0 0 0 2 1 53398 352
0x00007aca20074880 0x0000000e043c5880 0 0 0 0 0 2 1 53398 360
0x00007aca20074900 0x0000000e043c5900 0 1 0 0 0 2 1 53398 352
0x00007aca20074980 0x0000000e043c5980 0 1 0 0 0 2 1 53398 360
0x00007aca20074a00 0x0000000e043c5a00 0 0 1 0 0 2 1 53398 352
0x00007aca20074a80 0x0000000e043c5a80 0 0 1 0 0 2 1 53398 360
0x00007aca20074b00 0x0000000e043c5b00 0 1 1 0 0 2 1 53398 352
0x00007aca20074b80 0x0000000e043c5b80 0 1 1 0 0 2 1 53398 360
0x00007aca20074c00 0x0000000e043c5c00 0 0 0 0 0 2 1 53398 368
0x00007aca20074c80 0x0000000e043c5c80 0 0 0 0 0 2 1 53398 376
0x00007aca20074d00 0x0000000e043c5d00 0 1 0 0 0 2 1 53398 368
0x00007aca20074d80 0x0000000e043c5d80 0 1 0 0 0 2 1 53398 376
0x00007aca20074e00 0x0000000e043c5e00 0 0 1 0 0 2 1 53398 368
0x00007aca20074e80 0x0000000e043c5e80 0 0 1 0 0 2 1 53398 376
0x00007aca20074f00 0x0000000e043c5f00 0 1 1 0 0 2 1 53398 368
0x00007aca20074f80 0x0000000e043c5f80 0 1 1 0 0 2 1 53398 376
0x00007aca20075000 0x0000000d37b6d000 0 0 0 0 1 2 1 50939 320
0x00007aca20075080 0x0000000d37b6d080 0 0 0 0 1 2 1 50939 328
0x00007aca20075100 0x0000000d37b6d100 0 1 0 0 1 2 1 50939 320
0x00007aca20075180 0x0000000d37b6d180 0 1 0 0 1 2 1 50939 328
0x00007aca20075200 0x0000000d37b6d200 0 0 1 0 1 2 1 50939 320
0x00007aca20075280 0x0000000d37b6d280 0 0 1 0 1 2 1 50939 328
0x00007aca20075300 0x0000000d37b6d300 0 1 1 0 1 2 1 50939 320
0x00007aca20075380 0x0000000d37b6d380 0 1 1 0 1 2 1 50939 328
0x00007aca20075400 0x0000000d37b6d400 0 0 0 0 1 2 1 50939 336
0x00007aca20075480 0x0000000d37b6d480 0 0 0 0 1 2 1 50939 344
0x00007aca20075500 0x0000000d37b6d500 0 1 0 0 1 2 1 50939 336
0x00007aca20075580 0x0000000d37b6d580 0 1 0 0 1 2 1 50939 344
0x00007aca20075600 0x0000000d37b6d600 0 0 1 0 1 2 1 50939 336
0x00007aca20075680 0x0000000d37b6d680 0 0 1 0 1 2 1 50939 344
0x00007aca20075700 0x0000000d37b6d700 0 1 1 0 1 2 1 50939 336
0x00007aca20075780 0x0000000d37b6d780 0 1 1 0 1 2 1 50939 344
0x00007aca20075800 0x0000000d37b6d800 0 0 0 0 1 2 1 50939 352
0x00007aca20075880 0x0000000d37b6d880 0 0 0 0 1 2 1 50939 360
0x00007aca20075900 0x0000000d37b6d900 0 1 0 0 1 2 1 50939 352
0x00007aca20075980 0x0000000d37b6d980 0 1 0 0 1 2 1 50939 360
0x00007aca20075a00 0x0000000d37b6da00 0 0 1 0 1 2 1 50939 352
0x00007aca20075a80 0x0000000d37b6da80 0 0 1 0 1 2 1 50939 360
0x00007aca20075b00 0x0000000d37b6db00 0 1 1 0 1 2 1 50939 352
0x00007aca20075b80 0x0000000d37b6db80 0 1 1 0 1 2 1 50939 360
0x00007aca20075c00 0x0000000d37b6dc00 0 0 0 0 1 2 1 50939 368
0x00007aca20075c80 0x0000000d37b6dc80 0 0 0 0 1 2 1 50939 376
0x00007aca20075d00 0x0000000d37b6dd00 0 1 0 0 1 2 1 50939 368
0x00007aca20075d80 0x0000000d37b6dd80 0 1 0 0 1 2 1 50939 376
0x00007aca20075e00 0x0000000d37b6de00 0 0 1 0 1 2 1 50939 368
0x00007aca20075e80 0x0000000d37b6de80 0 0 1 0 1 2 1 50939 376
0x00007aca20075f00 0x0000000d37b6df00 0 1 1 0 1 2 1 50939 368
0x00007aca20075f80 0x0000000d37b6df80 0 1 1 0 1 2 1 50939 376
0x00007aca2008f000 0x00000002d6b78000 0 0 0 0 1 2 1 10955 512
0x00007aca2008f080 0x00000002d6b78080 0 0 0 0 1 2 1 10955 520
0x00007aca2008f100 0x00000002d6b78100 0 1 0 0 1 2 1 10955 512
0x00007aca2008f180 0x00000002d6b78180 0 1 0 0 1 2 1 10955 520
0x00007aca2008f200 0x00000002d6b78200 0 0 1 0 1 2 1 10955 512
0x00007aca2008f280 0x00000002d6b78280 0 0 1 0 1 2 1 10955 520
0x00007aca2008f300 0x00000002d6b78300 0 1 1 0 1 2 1 10955 512
0x00007aca2008f380 0x00000002d6b78380 0 1 1 0 1 2 1 10955 520
0x00007aca2008f400 0x00000002d6b78400 0 0 0 0 1 2 1 10955 528
0x00007aca2008f480 0x00000002d6b78480 0 0 0 0 1 2 1 10955 536
0x00007aca2008f500 0x00000002d6b78500 0 1 0 0 1 2 1 10955 528
0x00007aca2008f580 0x00000002d6b78580 0 1 0 0 1 2 1 10955 536
0x00007aca2008f600 0x00000002d6b78600 0 0 1 0 1 2 1 10955 528
0x00007aca2008f680 0x00000002d6b78680 0 0 1 0 1 2 1 10955 536
0x00007aca2008f700 0x00000002d6b78700 0 1 1 0 1 2 1 10955 528
0x00007aca2008f780 0x00000002d6b78780 0 1 1 0 1 2 1 10955 536
0x00007aca2008f800 0x00000002d6b78800 0 0 0 0 1 2 1 10955 544
0x00007aca2008f880 0x00000002d6b78880 0 0 0 0 1 2 1 10955 552
0x00007aca2008f900 0x00000002d6b78900 0 1 0 0 1 2 1 10955 544
0x00007aca2008f980 0x00000002d6b78980 0 1 0 0 1 2 1 10955 552
0x00007aca2008fa00 0x00000002d6b78a00 0 0 1 0 1 2 1 10955 544
0x00007aca2008fa80 0x00000002d6b78a80 0 0 1 0 1 2 1 10955 552
0x00007aca2008fb00 0x00000002d6b78b00 0 1 1 0 1 2 1 10955 544
0x00007aca2008fb80 0x00000002d6b78b80 0 1 1 0 1 2 1 10955 552
0x00007aca2008fc00 0x00000002d6b78c00 0 0 0 0 1 2 1 10955 560
0x00007aca2008fc80 0x00000002d6b78c80 0 0 0 0 1 2 1 10955 568
0x00007aca2008fd00 0x00000002d6b78d00 0 1 0 0 1 2 1 10955 560
0x00007aca2008fd80 0x00000002d6b78d80 0 1 0 0 1 2 1 10955 568
0x00007aca2008fe00 0x00000002d6b78e00 0 0 1 0 1 2 1 10955 560
0x00007aca2008fe80 0x00000002d6b78e80 0 0 1 0 1 2 1 10955 568
0x00007aca2008ff00 0x00000002d6b78f00 0 1 1 0 1 2 1 10955 560
0x00007aca2008ff80 0x00000002d6b78f80 0 1 1 0 1 2 1 10955 568
0x00007aca20095000 0x0000000e02b49000 0 0 0 0 1 2 1 53338 64
0x00007aca20095080 0x0000000e02b49080 0 0 0 0 1 2 1 53338 72
0x00007aca20095100 0x0000000e02b49100 0 1 0 0 1 2 1 53338 64
0x00007aca20095180 0x0000000e02b49180 0 1 0 0 1 2 1 53338 72
0x00007aca20095200 0x0000000e02b49200 0 0 1 0 1 2 1 53338 64
0x00007aca20095280 0x0000000e02b49280 0 0 1 0 1 2 1 53338 72
0x00007aca20095300 0x0000000e02b49300 0 1 1 0 1 2 1 53338 64
0x00007aca20095380 0x0000000e02b49380 0 1 1 0 1 2 1 53338 72
0x00007aca20095400 0x0000000e02b49400 0 0 0 0 1 2 1 53338 80
0x00007aca20095480 0x0000000e02b49480 0 0 0 0 1 2 1 53338 88
0x00007aca20095500 0x0000000e02b49500 0 1 0 0 1 2 1 53338 80
0x00007aca20095580 0x0000000e02b49580 0 1 0 0 1 2 1 53338 88
0x00007aca20095600 0x0000000e02b49600 0 0 1 0 1 2 1 53338 80
0x00007aca20095680 0x0000000e02b49680 0 0 1 0 1 2 1 53338 88
0x00007aca20095700 0x0000000e02b49700 0 1 1 0 1 2 1 53338 80
0x00007aca20095780 0x0000000e02b49780 0 1 1 0 1 2 1 53338 88
0x00007aca20095800 0x0000000e02b49800 0 0 0 0 1 2 1 53338 96
0x00007aca20095880 0x0000000e02b49880 0 0 0 0 1 2 1 53338 104
0x00007aca20095900 0x0000000e02b49900 0 1 0 0 1 2 1 53338 96
0x00007aca20095980 0x0000000e02b49980 0 1 0 0 1 2 1 53338 104
0x00007aca20095a00 0x0000000e02b49a00 0 0 1 0 1 2 1 53338 96
0x00007aca20095a80 0x0000000e02b49a80 0 0 1 0 1 2 1 53338 104
0x00007aca20095b00 0x0000000e02b49b00 0 1 1 0 1 2 1 53338 96
0x00007aca20095b80 0x0000000e02b49b80 0 1 1 0 1 2 1 53338 104
0x00007aca20095c00 0x0000000e02b49c00 0 0 0 0 1 2 1 53338 112
0x00007aca20095c80 0x0000000e02b49c80 0 0 0 0 1 2 1 53338 120
0x00007aca20095d00 0x0000000e02b49d00 0 1 0 0 1 2 1 53338 112
0x00007aca20095d80 0x0000000e02b49d80 0 1 0 0 1 2 1 53338 120
0x00007aca20095e00 0x0000000e02b49e00 0 0 1 0 1 2 1 53338 112
0x00007aca20095e80 0x0000000e02b49e80 0 0 1 0 1 2 1 53338 120
0x00007aca20095f00 0x0000000e02b49f00 0 1 1 0 1 2 1 53338 112
0x00007aca20095f80 0x0000000e02b49f80 0 1 1 0 1 2 1 53338 120
0x00007aca200a3000 0x00000004053d1000 0 0 0 0 0 2 1 12470 576
0x00007aca200a3080 0x00000004053d1080 0 0 0 0 0 2 1 12470 584
0x00007aca200a3100 0x00000004053d1100 0 1 0 0 0 2 1 12470 576
0x00007aca200a3180 0x00000004053d1180 0 1 0 0 0 2 1 12470 584
0x00007aca200a3200 0x00000004053d1200 0 0 1 0 0 2 1 12470 576
0x00007aca200a3280 0x00000004053d1280 0 0 1 0 0 2 1 12470 584
0x00007aca200a3300 0x00000004053d1300 0 1 1 0 0 2 1 12470 576
0x00007aca200a3380 0x00000004053d1380 0 1 1 0 0 2 1 12470 584
0x00007aca200a3400 0x00000004053d1400 0 0 0 0 0 2 1 12470 592
0x00007aca200a3480 0x00000004053d1480 0 0 0 0 0 2 1 12470 600
0x00007aca200a3500 0x00000004053d1500 0 1 0 0 0 2 1 12470 592
0x00007aca200a3580 0x00000004053d1580 0 1 0 0 0 2 1 12470 600
0x00007aca200a3600 0x00000004053d1600 0 0 1 0 0 2 1 12470 592
0x00007aca200a3680 0x00000004053d1680 0 0 1 0 0 2 1 12470 600
0x00007aca200a3700 0x00000004053d1700 0 1 1 0 0 2 1 12470 592
0x00007aca200a3780 0x00000004053d1780 0 1 1 0 0 2 1 12470 600
0x00007aca200a3800 0x00000004053d1800 0 0 0 0 0 2 1 12470 608
0x00007aca200a3880 0x00000004053d1880 0 0 0 0 0 2 1 12470 616
0x00007aca200a3900 0x00000004053d1900 0 1 0 0 0 2 1 12470 608
0x00007aca200a3980 0x00000004053d1980 0 1 0 0 0 2 1 12470 616
0x00007aca200a3a00 0x00000004053d1a00 0 0 1 0 0 2 1 12470 608
0x00007aca200a3a80 0x00000004053d1a80 0 0 1 0 0 2 1 12470 616
0x00007aca200a3b00 0x00000004053d1b00 0 1 1 0 0 2 1 12470 608
0x00007aca200a3b80 0x00000004053d1b80 0 1 1 0 0 2 1 12470 616
0x00007aca200a3c00 0x00000004053d1c00 0 0 0 0 0 2 1 12470 624
0x00007aca200a3c80 0x00000004053d1c80 0 0 0 0 0 2 1 12470 632
0x00007aca200a3d00 0x00000004053d1d00 0 1 0 0 0 2 1 12470 624
0x00007aca200a3d80 0x00000004053d1d80 0 1 0 0 0 2 1 12470 632
0x00007aca200a3e00 0x00000004053d1e00 0 0 1 0 0 2 1 12470 624
0x00007aca200a3e80 0x00000004053d1e80 0 0 1 0 0 2 1 12470 632
0x00007aca200a3f00 0x00000004053d1f00 0 1 1 0 0 2 1 12470 624
0x00007aca200a3f80 0x00000004053d1f80 0 1 1 0 0 2 1 12470 632
0x00007aca200b9000 0x00000002ccbc9000 0 0 0 0 1 2 1 10638 64
0x00007aca200b9080 0x00000002ccbc9080 0 0 0 0 1 2 1 10638 72
0x00007aca200b9100 0x00000002ccbc9100 0 1 0 0 1 2 1 10638 64
0x00007aca200b9180 0x00000002ccbc9180 0 1 0 0 1 2 1 10638 72
0x00007aca200b9200 0x00000002ccbc9200 0 0 1 0 1 2 1 10638 64
0x00007aca200b9280 0x00000002ccbc9280 0 0 1 0 1 2 1 10638 72
0x00007aca200b9300 0x00000002ccbc9300 0 1 1 0 1 2 1 10638 64
0x00007aca200b9380 0x00000002ccbc9380 0 1 1 0 1 2 1 10638 72
0x00007aca200b9400 0x00000002ccbc9400 0 0 0 0 1 2 1 10638 80
0x00007aca200b9480 0x00000002ccbc9480 0 0 0 0 1 2 1 10638 88
0x00007aca200b9500 0x00000002ccbc9500 0 1 0 0 1 2 1 10638 80
0x00007aca200b9580 0x00000002ccbc9580 0 1 0 0 1 2 1 10638 88
0x00007aca200b9600 0x00000002ccbc9600 0 0 1 0 1 2 1 10638 80
0x00007aca200b9680 0x00000002ccbc9680 0 0 1 0 1 2 1 10638 88
0x00007aca200b9700 0x00000002ccbc9700 0 1 1 0 1 2 1 10638 80
0x00007aca200b9780 0x00000002ccbc9780 0 1 1 0 1 2 1 10638 88
0x00007aca200b9800 0x00000002ccbc9800 0 0 0 0 1 2 1 10638 96
0x00007aca200b9880 0x00000002ccbc9880 0 0 0 0 1 2 1 10638 104
0x00007aca200b9900 0x00000002ccbc9900 0 1 0 0 1 2 1 10638 96
0x00007aca200b9980 0x00000002ccbc9980 0 1 0 0 1 2 1 10638 104
0x00007aca200b9a00 0x00000002ccbc9a00 0 0 1 0 1 2 1 10638 96
0x00007aca200b9a80 0x00000002ccbc9a80 0 0 1 0 1 2 1 10638 104
0x00007aca200b9b00 0x00000002ccbc9b00 0 1 1 0 1 2 1 10638 96
0x00007aca200b9b80 0x00000002ccbc9b80 0 1 1 0 1 2 1 10638 104
0x00007aca200b9c00 0x00000002ccbc9c00 0 0 0 0 1 2 1 10638 112
0x00007aca200b9c80 0x00000002ccbc9c80 0 0 0 0 1 2 1 10638 120
0x00007aca200b9d00 0x00000002ccbc9d00 0 1 0 0 1 2 1 10638 112
0x00007aca200b9d80 0x00000002ccbc9d80 0 1 0 0 1 2 1 10638 120
0x00007aca200b9e00 0x00000002ccbc9e00 0 0 1 0 1 2 1 10638 112
0x00007aca200b9e80 0x00000002ccbc9e80 0 0 1 0 1 2 1 10638 120
0x00007aca200b9f00 0x00000002ccbc9f00 0 1 1 0 1 2 1 10638 112
0x00007aca200b9f80 0x00000002ccbc9f80 0 1 1 0 1 2 1 10638 120
0x00007aca200ba000 0x0000000526bd9000 0 0 0 0 1 2 1 17630 576
0x00007aca200ba080 0x0000000526bd9080 0 0 0 0 1 2 1 17630 584
0x00007aca200ba100 0x0000000526bd9100 0 1 0 0 1 2 1 17630 576
0x00007aca200ba180 0x0000000526bd9180 0 1 0 0 1 2 1 17630 584
0x00007aca200ba200 0x0000000526bd9200 0 0 1 0 1 2 1 17630 576
0x00007aca200ba280 0x0000000526bd9280 0 0 1 0 1 2 1 17630 584
0x00007aca200ba300 0x0000000526bd9300 0 1 1 0 1 2 1 17630 576
0x00007aca200ba380 0x0000000526bd9380 0 1 1 0 1 2 1 17630 584
0x00007aca200ba400 0x0000000526bd9400 0 0 0 0 1 2 1 17630 592
0x00007aca200ba480 0x0000000526bd9480 0 0 0 0 1 2 1 17630 600
0x00007aca200ba500 0x0000000526bd9500 0 1 0 0 1 2 1 17630 592
0x00007aca200ba580 0x0000000526bd9580 0 1 0 0 1 2 1 17630 600
0x00007aca200ba600 0x0000000526bd9600 0 0 1 0 1 2 1 17630 592
0x00007aca200ba680 0x0000000526bd9680 0 0 1 0 1 2 1 17630 600
0x00007aca200ba700 0x0000000526bd9700 0 1 1 0 1 2 1 17630 592
0x00007aca200ba780 0x0000000526bd9780 0 1 1 0 1 2 1 17630 600
0x00007aca200ba800 0x0000000526bd9800 0 0 0 0 1 2 1 17630 608
0x00007aca200ba880 0x0000000526bd9880 0 0 0 0 1 2 1 17630 616
0x00007aca200ba900 0x0000000526bd9900 0 1 0 0 1 2 1 17630 608
0x00007aca200ba980 0x0000000526bd9980 0 1 0 0 1 2 1 17630 616
0x00007aca200baa00 0x0000000526bd9a00 0 0 1 0 1 2 1 17630 608
0x00007aca200baa80 0x0000000526bd9a80 0 0 1 0 1 2 1 17630 616
0x00007aca200bab00 0x0000000526bd9b00 0 1 1 0 1 2 1 17630 608
0x00007aca200bab80 0x0000000526bd9b80 0 1 1 0 1 2 1 17630 616
0x00007aca200bac00 0x0000000526bd9c00 0 0 0 0 1 2 1 17630 624
0x00007aca200bac80 0x0000000526bd9c80 0 0 0 0 1 2 1 17630 632
0x00007aca200bad00 0x0000000526bd9d00 0 1 0 0 1 2 1 17630 624
0x00007aca200bad80 0x0000000526bd9d80 0 1 0 0 1 2 1 17630 632
0x00007aca200bae00 0x0000000526bd9e00 0 0 1 0 1 2 1 17630 624
0x00007aca200bae80 0x0000000526bd9e80 0 0 1 0 1 2 1 17630 632
0x00007aca200baf00 0x0000000526bd9f00 0 1 1 0 1 2 1 17630 624
0x00007aca200baf80 0x0000000526bd9f80 0 1 1 0 1 2 1 17630 632
0x00007aca200c8000 0x0000000c39b4f000 0 0 0 0 1 2 1 46906 448
0x00007aca200c8080 0x0000000c39b4f080 0 0 0 0 1 2 1 46906 456
0x00007aca200c8100 0x0000000c39b4f100 0 1 0 0 1 2 1 46906 448
0x00007aca200c8180 0x0000000c39b4f180 0 1 0 0 1 2 1 46906 456
0x00007aca200c8200 0x0000000c39b4f200 0 0 1 0 1 2 1 46906 448
0x00007aca200c8280 0x0000000c39b4f280 0 0 1 0 1 2 1 46906 456
0x00007aca200c8300 0x0000000c39b4f300 0 1 1 0 1 2 1 46906 448
0x00007aca200c8380 0x0000000c39b4f380 0 1 1 0 1 2 1 46906 456
0x00007aca200c8400 0x0000000c39b4f400 0 0 0 0 1 2 1 46906 464
0x00007aca200c8480 0x0000000c39b4f480 0 0 0 0 1 2 1 46906 472
0x00007aca200c8500 0x0000000c39b4f500 0 1 0 0 1 2 1 46906 464
0x00007aca200c8580 0x0000000c39b4f580 0 1 0 0 1 2 1 46906 472
0x00007aca200c8600 0x0000000c39b4f600 0 0 1 0 1 2 1 46906 464
0x00007aca200c8680 0x0000000c39b4f680 0 0 1 0 1 2 1 46906 472
0x00007aca200c8700 0x0000000c39b4f700 0 1 1 0 1 2 1 46906 464
0x00007aca200c8780 0x0000000c39b4f780 0 1 1 0 1 2 1 46906 472
0x00007aca200c8800 0x0000000c39b4f800 0 0 0 0 1 2 1 46906 480
0x00007aca200c8880 0x0000000c39b4f880 0 0 0 0 1 2 1 46906 488
0x00007aca200c8900 0x0000000c39b4f900 0 1 0 0 1 2 1 46906 480
0x00007aca200c8980 0x0000000c39b4f980 0 1 0 0 1 2 1 46906 488
0x00007aca200c8a00 0x0000000c39b4fa00 0 0 1 0 1 2 1 46906 480
0x00007aca200c8a80 0x0000000c39b4fa80 0 0 1 0 1 2 1 46906 488
0x00007aca200c8b00 0x0000000c39b4fb00 0 1 1 0 1 2 1 46906 480
0x00007aca200c8b80 0x0000000c39b4fb80 0 1 1 0 1 2 1 46906 488
0x00007aca200c8c00 0x0000000c39b4fc00 0 0 0 0 1 2 1 46906 496
0x00007aca200c8c80 0x0000000c39b4fc80 0 0 0 0 1 2 1 46906 504
0x00007aca200c8d00 0x0000000c39b4fd00 0 1 0 0 1 2 1 46906 496
0x00007aca200c8d80 0x0000000c39b4fd80 0 1 0 0 1 2 1 46906 504
0x00007aca200c8e00 0x0000000c39b4fe00 0 0 1 0 1 2 1 46906 496
0x00007aca200c8e80 0x0000000c39b4fe80 0 0 1 0 1 2 1 46906 504
0x00007aca200c8f00 0x0000000c39b4ff00 0 1 1 0 1 2 1 46906 496
0x00007aca200c8f80 0x0000000c39b4ff80 0 1 1 0 1 2 1 46906 504
0x00007aca200cc000 0x0000000f1ab34000 0 0 0 0 0 2 1 58201 768
0x00007aca200cc080 0x0000000f1ab34080 0 0 0 0 0 2 1 58201 776
0x00007aca200cc100 0x0000000f1ab34100 0 1 0 0 0 2 1 58201 768
0x00007aca200cc180 0x0000000f1ab34180 0 1 0 0 0 2 1 58201 776
0x00007aca200cc200 0x0000000f1ab34200 0 0 1 0 0 2 1 58201 768
0x00007aca200cc280 0x0000000f1ab34280 0 0 1 0 0 2 1 58201 776
0x00007aca200cc300 0x0000000f1ab34300 0 1 1 0 0 2 1 58201 768
0x00007aca200cc380 0x0000000f1ab34380 0 1 1 0 0 2 1 58201 776
0x00007aca200cc400 0x0000000f1ab34400 0 0 0 0 0 2 1 58201 784
0x00007aca200cc480 0x0000000f1ab34480 0 0 0 0 0 2 1 58201 792
0x00007aca200cc500 0x0000000f1ab34500 0 1 0 0 0 2 1 58201 784
0x00007aca200cc580 0x0000000f1ab34580 0 1 0 0 0 2 1 58201 792
0x00007aca200cc600 0x0000000f1ab34600 0 0 1 0 0 2 1 58201 784
0x00007aca200cc680 0x0000000f1ab34680 0 0 1 0 0 2 1 58201 792
0x00007aca200cc700 0x0000000f1ab34700 0 1 1 0 0 2 1 58201 784
0x00007aca200cc780 0x0000000f1ab34780 0 1 1 0 0 2 1 58201 792
0x00007aca200cc800 0x0000000f1ab34800 0 0 0 0 0 2 1 58201 800
0x00007aca200cc880 0x0000000f1ab34880 0 0 0 0 0 2 1 58201 808
0x00007aca200cc900 0x0000000f1ab34900 0 1 0 0 0 2 1 58201 800
0x00007aca200cc980 0x0000000f1ab34980 0 1 0 0 0 2 1 58201 808
0x00007aca200cca00 0x0000000f1ab34a00 0 0 1 0 0 2 1 58201 800
0x00007aca200cca80 0x0000000f1ab34a80 0 0 1 0 0 2 1 58201 808
0x00007aca200ccb00 0x0000000f1ab34b00 0 1 1 0 0 2 1 58201 800
0x00007aca200ccb80 0x0000000f1ab34b80 0 1 1 0 0 2 1 58201 808
0x00007aca200ccc00 0x0000000f1ab34c00 0 0 0 0 0 2 1 58201 816
0x00007aca200ccc80 0x0000000f1ab34c80 0 0 0 0 0 2 1 58201 824
0x00007aca200ccd00 0x0000000f1ab34d00 0 1 0 0 0 2 1 58201 816
0x00007aca200ccd80 0x0000000f1ab34d80 0 1 0 0 0 2 1 58201 824
0x00007aca200cce00 0x0000000f1ab34e00 0 0 1 0 0 2 1 58201 816
0x00007aca200cce80 0x0000000f1ab34e80 0 0 1 0 0 2 1 58201 824
0x00007aca200ccf00 0x0000000f1ab34f00 0 1 1 0 0 2 1 58201 816
0x00007aca200ccf80 0x0000000f1ab34f80 0 1 1 0 0 2 1 58201 824
0x00007aca200dc000 0x0000000889bd3000 0 0 0 0 0 2 1 33070 704
0x00007aca200dc080 0x0000000889bd3080 0 0 0 0 0 2 1 33070 712
0x00007aca200dc100 0x0000000889bd3100 0 1 0 0 0 2 1 33070 704
0x00007aca200dc180 0x0000000889bd3180 0 1 0 0 0 2 1 33070 712
0x00007aca200dc200 0x0000000889bd3200 0 0 1 0 0 2 1 33070 704
0x00007aca200dc280 0x0000000889bd3280 0 0 1 0 0 2 1 33070 712
0x00007aca200dc300 0x0000000889bd3300 0 1 1 0 0 2 1 33070 704
0x00007aca200dc380 0x0000000889bd3380 0 1 1 0 0 2 1 33070 712
0x00007aca200dc400 0x0000000889bd3400 0 0 0 0 0 2 1 33070 720
0x00007aca200dc480 0x0000000889bd3480 0 0 0 0 0 2 1 33070 728
0x00007aca200dc500 0x0000000889bd3500 0 1 0 0 0 2 1 33070 720
0x00007aca200dc580 0x0000000889bd3580 0 1 0 0 0 2 1 33070 728
0x00007aca200dc600 0x0000000889bd3600 0 0 1 0 0 2 1 33070 720
0x00007aca200dc680 0x0000000889bd3680 0 0 1 0 0 2 1 33070 728
0x00007aca200dc700 0x0000000889bd3700 0 1 1 0 0 2 1 33070 720
0x00007aca200dc780 0x0000000889bd3780 0 1 1 0 0 2 1 33070 728
0x00007aca200dc800 0x0000000889bd3800 0 0 0 0 0 2 1 33070 736
0x00007aca200dc880 0x0000000889bd3880 0 0 0 0 0 2 1 33070 744
0x00007aca200dc900 0x0000000889bd3900 0 1 0 0 0 2 1 33070 736
0x00007aca200dc980 0x0000000889bd3980 0 1 0 0 0 2 1 33070 744
0x00007aca200dca00 0x0000000889bd3a00 0 0 1 0 0 2 1 33070 736
0x00007aca200dca80 0x0000000889bd3a80 0 0 1 0 0 2 1 33070 744
0x00007aca200dcb00 0x0000000889bd3b00 0 1 1 0 0 2 1 33070 736
0x00007aca200dcb80 0x0000000889bd3b80 0 1 1 0 0 2 1 33070 744
0x00007aca200dcc00 0x0000000889bd3c00 0 0 0 0 0 2 1 33070 752
0x00007aca200dcc80 0x0000000889bd3c80 0 0 0 0 0 2 1 33070 760
0x00007aca200dcd00 0x0000000889bd3d00 0 1 0 0 0 2 1 33070 752
0x00007aca200dcd80 0x0000000889bd3d80 0 1 0 0 0 2 1 33070 760
0x00007aca200dce00 0x0000000889bd3e00 0 0 1 0 0 2 1 33070 752
0x00007aca200dce80 0x0000000889bd3e80 0 0 1 0 0 2 1 33070 760
0x00007aca200dcf00 0x0000000889bd3f00 0 1 1 0 0 2 1 33070 752
0x00007aca200dcf80 0x0000000889bd3f80 0 1 1 0 0 2 1 33070 760
0x00007aca200e3000 0x0000000b57b10000 0 0 0 0 0 2 1 43768 512
0x00007aca200e3080 0x0000000b57b10080 0 0 0 0 0 2 1 43768 520
0x00007aca200e3100 0x0000000b57b10100 0 1 0 0 0 2 1 43768 512
0x00007aca200e3180 0x0000000b57b10180 0 1 0 0 0 2 1 43768 520
0x00007aca200e3200 0x0000000b57b10200 0 0 1 0 0 2 1 43768 512
0x00007aca200e3280 0x0000000b57b10280 0 0 1 0 0 2 1 43768 520
0x00007aca200e3300 0x0000000b57b10300 0 1 1 0 0 2 1 43768 512
0x00007aca200e3380 0x0000000b57b10380 0 1 1 0 0 2 1 43768 520
0x00007aca200e3400 0x0000000b57b10400 0 0 0 0 0 2 1 43768 528
0x00007aca200e3480 0x0000000b57b10480 0 0 0 0 0 2 1 43768 536
0x00007aca200e3500 0x0000000b57b10500 0 1 0 0 0 2 1 43768 528
0x00007aca200e3580 0x0000000b57b10580 0 1 0 0 0 2 1 43768 536
0x00007aca200e3600 0x0000000b57b10600 0 0 1 0 0 2 1 43768 528
0x00007aca200e3680 0x0000000b57b10680 0 0 1 0 0 2 1 43768 536
0x00007aca200e3700 0x0000000b57b10700 0 1 1 0 0 2 1 43768 528
0x00007aca200e3780 0x0000000b57b10780 0 1 1 0 0 2 1 43768 536
0x00007aca200e3800 0x0000000b57b10800 0 0 0 0 0 2 1 43768 544
0x00007aca200e3880 0x0000000b57b10880 0 0 0 0 0 2 1 43768 552
0x00007aca200e3900 0x0000000b57b10900 0 1 0 0 0 2 1 43768 544
0x00007aca200e3980 0x0000000b57b10980 0 1 0 0 0 2 1 43768 552
0x00007aca200e3a00 0x0000000b57b10a00 0 0 1 0 0 2 1 43768 544
0x00007aca200e3a80 0x0000000b57b10a80 0 0 1 0 0 2 1 43768 552
0x00007aca200e3b00 0x0000000b57b10b00 0 1 1 0 0 2 1 43768 544
0x00007aca200e3b80 0x0000000b57b10b80 0 1 1 0 0 2 1 43768 552
0x00007aca200e3c00 0x0000000b57b10c00 0 0 0 0 0 2 1 43768 560
0x00007aca200e3c80 0x0000000b57b10c80 0 0 0 0 0 2 1 43768 568
0x00007aca200e3d00 0x0000000b57b10d00 0 1 0 0 0 2 1 43768 560
0x00007aca200e3d80 0x0000000b57b10d80 0 1 0 0 0 2 1 43768 568
0x00007aca200e3e00 0x0000000b57b10e00 0 0 1 0 0 2 1 43768 560
0x00007aca200e3e80 0x0000000b57b10e80 0 0 1 0 0 2 1 43768 568
0x00007aca200e3f00 0x0000000b57b10f00 0 1 1 0 0 2 1 43768 560
0x00007aca200e3f80 0x0000000b57b10f80 0 1 1 0 0 2 1 43768 568
0x00007aca200ee000 0x0000000b50b61000 0 0 0 0 0 2 1 43547 64
0x00007aca200ee080 0x0000000b50b61080 0 0 0 0 0 2 1 43547 72
0x00007aca200ee100 0x0000000b50b61100 0 1 0 0 0 2 1 43547 64
0x00007aca200ee180 0x0000000b50b61180 0 1 0 0 0 2 1 43547 72
0x00007aca200ee200 0x0000000b50b61200 0 0 1 0 0 2 1 43547 64
0x00007aca200ee280 0x0000000b50b61280 0 0 1 0 0 2 1 43547 72
0x00007aca200ee300 0x0000000b50b61300 0 1 1 0 0 2 1 43547 64
0x00007aca200ee380 0x0000000b50b61380 0 1 1 0 0 2 1 43547 72
0x00007aca200ee400 0x0000000b50b61400 0 0 0 0 0 2 1 43547 80
0x00007aca200ee480 0x0000000b50b61480 0 0 0 0 0 2 1 43547 88
0x00007aca200ee500 0x0000000b50b61500 0 1 0 0 0 2 1 43547 80
0x00007aca200ee580 0x0000000b50b61580 0 1 0 0 0 2 1 43547 88
0x00007aca200ee600 0x0000000b50b61600 0 0 1 0 0 2 1 43547 80
0x00007aca200ee680 0x0000000b50b61680 0 0 1 0 0 2 1 43547 88
0x00007aca200ee700 0x0000000b50b61700 0 1 1 0 0 2 1 43547 80
0x00007aca200ee780 0x0000000b50b61780 0 1 1 0 0 2 1 43547 88
0x00007aca200ee800 0x0000000b50b61800 0 0 0 0 0 2 1 43547 96
0x00007aca200ee880 0x0000000b50b61880 0 0 0 0 0 2 1 43547 104
0x00007aca200ee900 0x0000000b50b61900 0 1 0 0 0 2 1 43547 96
0x00007aca200ee980 0x0000000b50b61980 0 1 0 0 0 2 1 43547 104
0x00007aca200eea00 0x0000000b50b61a00 0 0 1 0 0 2 1 43547 96
0x00007aca200eea80 0x0000000b50b61a80 0 0 1 0 0 2 1 43547 104
0x00007aca200eeb00 0x0000000b50b61b00 0 1 1 0 0 2 1 43547 96
0x00007aca200eeb80 0x0000000b50b61b80 0 1 1 0 0 2 1 43547 104
0x00007aca200eec00 0x0000000b50b61c00 0 0 0 0 0 2 1 43547 112
0x00007aca200eec80 0x0000000b50b61c80 0 0 0 0 0 2 1 43547 120
0x00007aca200eed00 0x0000000b50b61d00 0 1 0 0 0 2 1 43547 112
0x00007aca200eed80 0x0000000b50b61d80 0 1 0 0 0 2 1 43547 120
0x00007aca200eee00 0x0000000b50b61e00 0 0 1 0 0 2 1 43547 112
0x00007aca200eee80 0x0000000b50b61e80 0 0 1 0 0 2 1 43547 120
0x00007aca200eef00 0x0000000b50b61f00 0 1 1 0 0 2 1 43547 112
0x00007aca200eef80 0x0000000b50b61f80 0 1 1 0 0 2 1 43547 120
0x00007aca200f7000 0x00000006883dc000 0 0 0 0 1 2 1 24838 768
0x00007aca200f7080 0x00000006883dc080 0 0 0 0 1 2 1 24838 776
0x00007aca200f7100 0x00000006883dc100 0 1 0 0 1 2 1 24838 768
0x00007aca200f7180 0x00000006883dc180 0 1 0 0 1 2 1 24838 776
0x00007aca200f7200 0x00000006883dc200 0 0 1 0 1 2 1 24838 768
0x00007aca200f7280 0x00000006883dc280 0 0 1 0 1 2 1 24838 776
0x00007aca200f7300 0x00000006883dc300 0 1 1 0 1 2 1 24838 768
0x00007aca200f7380 0x00000006883dc380 0 1 1 0 1 2 1 24838 776
0x00007aca200f7400 0x00000006883dc400 0 0 0 0 1 2 1 24838 784
0x00007aca200f7480 0x00000006883dc480 0 0 0 0 1 2 1 24838 792
0x00007aca200f7500 0x00000006883dc500 0 1 0 0 1 2 1 24838 784
0x00007aca200f7580 0x00000006883dc580 0 1 0 0 1 2 1 24838 792
0x00007aca200f7600 0x00000006883dc600 0 0 1 0 1 2 1 24838 784
0x00007aca200f7680 0x00000006883dc680 0 0 1 0 1 2 1 24838 792
0x00007aca200f7700 0x00000006883dc700 0 1 1 0 1 2 1 24838 784
0x00007aca200f7780 0x00000006883dc780 0 1 1 0 1 2 1 24838 792
0x00007aca200f7800 0x00000006883dc800 0 0 0 0 1 2 1 24838 800
0x00007aca200f7880 0x00000006883dc880 0 0 0 0 1 2 1 24838 808
0x00007aca200f7900 0x00000006883dc900 0 1 0 0 1 2 1 24838 800
0x00007aca200f7980 0x00000006883dc980 0 1 0 0 1 2 1 24838 808
0x00007aca200f7a00 0x00000006883dca00 0 0 1 0 1 2 1 24838 800
0x00007aca200f7a80 0x00000006883dca80 0 0 1 0 1 2 1 24838 808
0x00007aca200f7b00 0x00000006883dcb00 0 1 1 0 1 2 1 24838 800
0x00007aca200f7b80 0x00000006883dcb80 0 1 1 0 1 2 1 24838 808
0x00007aca200f7c00 0x00000006883dcc00 0 0 0 0 1 2 1 24838 816
0x00007aca200f7c80 0x00000006883dcc80 0 0 0 0 1 2 1 24838 824
0x00007aca200f7d00 0x00000006883dcd00 0 1 0 0 1 2 1 24838 816
0x00007aca200f7d80 0x00000006883dcd80 0 1 0 0 1 2 1 24838 824
0x00007aca200f7e00 0x00000006883dce00 0 0 1 0 1 2 1 24838 816
0x00007aca200f7e80 0x00000006883dce80 0 0 1 0 1 2 1 24838 824
0x00007aca200f7f00 0x00000006883dcf00 0 1 1 0 1 2 1 24838 816
0x00007aca200f7f80 0x00000006883dcf80 0 1 1 0 1 2 1 24838 824
0x00007aca200f9000 0x0000000ce73b8000 0 0 0 0 1 2 1 52453 512
0x00007aca200f9080 0x0000000ce73b8080 0 0 0 0 1 2 1 52453 520
0x00007aca200f9100 0x0000000ce73b8100 0 1 0 0 1 2 1 52453 512
0x00007aca200f9180 0x0000000ce73b8180 0 1 0 0 1 2 1 52453 520
0x00007aca200f9200 0x0000000ce73b8200 0 0 1 0 1 2 1 52453 512
0x00007aca200f9280 0x0000000ce73b8280 0 0 1 0 1 2 1 52453 520
0x00007aca200f9300 0x0000000ce73b8300 0 1 1 0 1 2 1 52453 512
0x00007aca200f9380 0x0000000ce73b8380 0 1 1 0 1 2 1 52453 520
0x00007aca200f9400 0x0000000ce73b8400 0 0 0 0 1 2 1 52453 528
0x00007aca200f9480 0x0000000ce73b8480 0 0 0 0 1 2 1 52453 536
0x00007aca200f9500 0x0000000ce73b8500 0 1 0 0 1 2 1 52453 528
0x00007aca200f9580 0x0000000ce73b8580 0 1 0 0 1 2 1 52453 536
0x00007aca200f9600 0x0000000ce73b8600 0 0 1 0 1 2 1 52453 528
0x00007aca200f9680 0x0000000ce73b8680 0 0 1 0 1 2 1 52453 536
0x00007aca200f9700 0x0000000ce73b8700 0 1 1 0 1 2 1 52453 528
0x00007aca200f9780 0x0000000ce73b8780 0 1 1 0 1 2 1 52453 536
0x00007aca200f9800 0x0000000ce73b8800 0 0 0 0 1 2 1 52453 544
0x00007aca200f9880 0x0000000ce73b8880 0 0 0 0 1 2 1 52453 552
0x00007aca200f9900 0x0000000ce73b8900 0 1 0 0 1 2 1 52453 544
0x00007aca200f9980 0x0000000ce73b8980 0 1 0 0 1 2 1 52453 552
0x00007aca200f9a00 0x0000000ce73b8a00 0 0 1 0 1 2 1 52453 544
0x00007aca200f9a80 0x0000000ce73b8a80 0 0 1 0 1 2 1 52453 552
0x00007aca200f9b00 0x0000000ce73b8b00 0 1 1 0 1 2 1 52453 544
0x00007aca200f9b80 0x0000000ce73b8b80 0 1 1 0 1 2 1 52453 552
0x00007aca200f9c00 0x0000000ce73b8c00 0 0 0 0 1 2 1 52453 560
0x00007aca200f9c80 0x0000000ce73b8c80 0 0 0 0 1 2 1 52453 568
0x00007aca200f9d00 0x0000000ce73b8d00 0 1 0 0 1 2 1 52453 560
0x00007aca200f9d80 0x0000000ce73b8d80 0 1 0 0 1 2 1 52453 568
0x00007aca200f9e00 0x0000000ce73b8e00 0 0 1 0 1 2 1 52453 560
0x00007aca200f9e80 0x0000000ce73b8e80 0 0 1 0 1 2 1 52453 568
0x00007aca200f9f00 0x0000000ce73b8f00 0 1 1 0 1 2 1 52453 560
0x00007aca200f9f80 0x0000000ce73b8f80 0 1 1 0 1 2 1 52453 568
0x00007aca200fb000 0x000000064db90000 0 0 0 0 0 2 1 22972 512
0x00007aca200fb080 0x000000064db90080 0 0 0 0 0 2 1 22972 520
0x00007aca200fb100 0x000000064db90100 0 1 0 0 0 2 1 22972 512
0x00007aca200fb180 0x000000064db90180 0 1 0 0 0 2 1 22972 520
0x00007aca200fb200 0x000000064db90200 0 0 1 0 0 2 1 22972 512
0x00007aca200fb280 0x000000064db90280 0 0 1 0 0 2 1 22972 520
0x00007aca200fb300 0x000000064db90300 0 1 1 0 0 2 1 22972 512
0x00007aca200fb380 0x000000064db90380 0 1 1 0 0 2 1 22972 520
0x00007aca200fb400 0x000000064db90400 0 0 0 0 0 2 1 22972 528
0x00007aca200fb480 0x000000064db90480 0 0 0 0 0 2 1 22972 536
0x00007aca200fb500 0x000000064db90500 0 1 0 0 0 2 1 22972 528
0x00007aca200fb580 0x000000064db90580 0 1 0 0 0 2 1 22972 536
0x00007aca200fb600 0x000000064db90600 0 0 1 0 0 2 1 22972 528
0x00007aca200fb680 0x000000064db90680 0 0 1 0 0 2 1 22972 536
0x00007aca200fb700 0x000000064db90700 0 1 1 0 0 2 1 22972 528
0x00007aca200fb780 0x000000064db90780 0 1 1 0 0 2 1 22972 536
0x00007aca200fb800 0x000000064db90800 0 0 0 0 0 2 1 22972 544
0x00007aca200fb880 0x000000064db90880 0 0 0 0 0 2 1 22972 552
0x00007aca200fb900 0x000000064db90900 0 1 0 0 0 2 1 22972 544
0x00007aca200fb980 0x000000064db90980 0 1 0 0 0 2 1 22972 552
0x00007aca200fba00 0x000000064db90a00 0 0 1 0 0 2 1 22972 544
0x00007aca200fba80 0x000000064db90a80 0 0 1 0 0 2 1 22972 552
0x00007aca200fbb00 0x000000064db90b00 0 1 1 0 0 2 1 22972 544
0x00007aca200fbb80 0x000000064db90b80 0 1 1 0 0 2 1 22972 552
0x00007aca200fbc00 0x000000064db90c00 0 0 0 0 0 2 1 22972 560
0x00007aca200fbc80 0x000000064db90c80 0 0 0 0 0 2 1 22972 568
0x00007aca200fbd00 0x000000064db90d00 0 1 0 0 0 2 1 22972 560
0x00007aca200fbd80 0x000000064db90d80 0 1 0 0 0 2 1 22972 568
0x00007aca200fbe00 0x000000064db90e00 0 0 1 0 0 2 1 22972 560
0x00007aca200fbe80 0x000000064db90e80 0 0 1 0 0 2 1 22972 568
0x00007aca200fbf00 0x000000064db90f00 0 1 1 0 0 2 1 22972 560
0x00007aca200fbf80 0x000000064db90f80 0 1 1 0 0 2 1 22972 568
0x00007aca20100000 0x0000000520bf9000 0 0 0 0 1 2 1 17439 576
0x00007aca20100080 0x0000000520bf9080 0 0 0 0 1 2 1 17439 584
0x00007aca20100100 0x0000000520bf9100 0 1 0 0 1 2 1 17439 576
0x00007aca20100180 0x0000000520bf9180 0 1 0 0 1 2 1 17439 584
0x00007aca20100200 0x0000000520bf9200 0 0 1 0 1 2 1 17439 576
0x00007aca20100280 0x0000000520bf9280 0 0 1 0 1 2 1 17439 584
0x00007aca20100300 0x0000000520bf9300 0 1 1 0 1 2 1 17439 576
0x00007aca20100380 0x0000000520bf9380 0 1 1 0 1 2 1 17439 584
0x00007aca20100400 0x0000000520bf9400 0 0 0 0 1 2 1 17439 592
0x00007aca20100480 0x0000000520bf9480 0 0 0 0 1 2 1 17439 600
0x00007aca20100500 0x0000000520bf9500 0 1 0 0 1 2 1 17439 592
0x00007aca20100580 0x0000000520bf9580 0 1 0 0 1 2 1 17439 600
0x00007aca20100600 0x0000000520bf9600 0 0 1 0 1 2 1 17439 592
0x00007aca20100680 0x0000000520bf9680 0 0 1 0 1 2 1 17439 600
0x00007aca20100700 0x0000000520bf9700 0 1 1 0 1 2 1 17439 592
0x00007aca20100780 0x0000000520bf9780 0 1 1 0 1 2 1 17439 600
0x00007aca20100800 0x0000000520bf9800 0 0 0 0 1 2 1 17439 608
0x00007aca20100880 0x0000000520bf9880 0 0 0 0 1 2 1 17439 616
0x00007aca20100900 0x0000000520bf9900 0 1 0 0 1 2 1 17439 608
0x00007aca20100980 0x0000000520bf9980 0 1 0 0 1 2 1 17439 616
0x00007aca20100a00 0x0000000520bf9a00 0 0 1 0 1 2 1 17439 608
0x00007aca20100a80 0x0000000520bf9a80 0 0 1 0 1 2 1 17439 616
0x00007aca20100b00 0x0000000520bf9b00 0 1 1 0 1 2 1 17439 608
0x00007aca20100b80 0x0000000520bf9b80 0 1 1 0 1 2 1 17439 616
0x00007aca20100c00 0x0000000520bf9c00 0 0 0 0 1 2 1 17439 624
0x00007aca20100c80 0x0000000520bf9c80 0 0 0 0 1 2 1 17439 632
0x00007aca20100d00 0x0000000520bf9d00 0 1 0 0 1 2 1 17439 624
0x00007aca20100d80 0x0000000520bf9d80 0 1 0 0 1 2 1 17439 632
0x00007aca20100e00 0x0000000520bf9e00 0 0 1 0 1 2 1 17439 624
0x00007aca20100e80 0x0000000520bf9e80 0 0 1 0 1 2 1 17439 632
0x00007aca20100f00 0x0000000520bf9f00 0 1 1 0 1 2 1 17439 624
0x00007aca20100f80 0x0000000520bf9f80 0 1 1 0 1 2 1 17439 632
0x00007aca20104000 0x0000000b7cbaf000 0 0 0 0 1 2 1 44957 448
0x00007aca20104080 0x0000000b7cbaf080 0 0 0 0 1 2 1 44957 456
0x00007aca20104100 0x0000000b7cbaf100 0 1 0 0 1 2 1 44957 448
0x00007aca20104180 0x0000000b7cbaf180 0 1 0 0 1 2 1 44957 456
0x00007aca20104200 0x0000000b7cbaf200 0 0 1 0 1 2 1 44957 448
0x00007aca20104280 0x0000000b7cbaf280 0 0 1 0 1 2 1 44957 456
0x00007aca20104300 0x0000000b7cbaf300 0 1 1 0 1 2 1 44957 448
0x00007aca20104380 0x0000000b7cbaf380 0 1 1 0 1 2 1 44957 456
0x00007aca20104400 0x0000000b7cbaf400 0 0 0 0 1 2 1 44957 464
0x00007aca20104480 0x0000000b7cbaf480 0 0 0 0 1 2 1 44957 472
0x00007aca20104500 0x0000000b7cbaf500 0 1 0 0 1 2 1 44957 464
0x00007aca20104580 0x0000000b7cbaf580 0 1 0 0 1 2 1 44957 472
0x00007aca20104600 0x0000000b7cbaf600 0 0 1 0 1 2 1 44957 464
0x00007aca20104680 0x0000000b7cbaf680 0 0 1 0 1 2 1 44957 472
0x00007aca20104700 0x0000000b7cbaf700 0 1 1 0 1 2 1 44957 464
0x00007aca20104780 0x0000000b7cbaf780 0 1 1 0 1 2 1 44957 472
0x00007aca20104800 0x0000000b7cbaf800 0 0 0 0 1 2 1 44957 480
0x00007aca20104880 0x0000000b7cbaf880 0 0 0 0 1 2 1 44957 488
0x00007aca20104900 0x0000000b7cbaf900 0 1 0 0 1 2 1 44957 480
0x00007aca20104980 0x0000000b7cbaf980 0 1 0 0 1 2 1 44957 488
0x00007aca20104a00 0x0000000b7cbafa00 0 0 1 0 1 2 1 44957 480
0x00007aca20104a80 0x0000000b7cbafa80 0 0 1 0 1 2 1 44957 488
0x00007aca20104b00 0x0000000b7cbafb00 0 1 1 0 1 2 1 44957 480
0x00007aca20104b80 0x0000000b7cbafb80 0 1 1 0 1 2 1 44957 488
0x00007aca20104c00 0x0000000b7cbafc00 0 0 0 0 1 2 1 44957 496
0x00007aca20104c80 0x0000000b7cbafc80 0 0 0 0 1 2 1 44957 504
0x00007aca20104d00 0x0000000b7cbafd00 0 1 0 0 1 2 1 44957 496
0x00007aca20104d80 0x0000000b7cbafd80 0 1 0 0 1 2 1 44957 504
0x00007aca20104e00 0x0000000b7cbafe00 0 0 1 0 1 2 1 44957 496
0x00007aca20104e80 0x0000000b7cbafe80 0 0 1 0 1 2 1 44957 504
0x00007aca20104f00 0x0000000b7cbaff00 0 1 1 0 1 2 1 44957 496
0x00007aca20104f80 0x0000000b7cbaff80 0 1 1 0 1 2 1 44957 504
0x00007aca20105000 0x0000000eed3e3000 0 0 0 0 0 2 1 60839 192
0x00007aca20105080 0x0000000eed3e3080 0 0 0 0 0 2 1 60839 200
0x00007aca20105100 0x0000000eed3e3100 0 1 0 0 0 2 1 60839 192
0x00007aca20105180 0x0000000eed3e3180 0 1 0 0 0 2 1 60839 200
0x00007aca20105200 0x0000000eed3e3200 0 0 1 0 0 2 1 60839 192
0x00007aca20105280 0x0000000eed3e3280 0 0 1 0 0 2 1 60839 200
0x00007aca20105300 0x0000000eed3e3300 0 1 1 0 0 2 1 60839 192
0x00007aca20105380 0x0000000eed3e3380 0 1 1 0 0 2 1 60839 200
0x00007aca20105400 0x0000000eed3e3400 0 0 0 0 0 2 1 60839 208
0x00007aca20105480 0x0000000eed3e3480 0 0 0 0 0 2 1 60839 216
0x00007aca20105500 0x0000000eed3e3500 0 1 0 0 0 2 1 60839 208
0x00007aca20105580 0x0000000eed3e3580 0 1 0 0 0 2 1 60839 216
0x00007aca20105600 0x0000000eed3e3600 0 0 1 0 0 2 1 60839 208
0x00007aca20105680 0x0000000eed3e3680 0 0 1 0 0 2 1 60839 216
0x00007aca20105700 0x0000000eed3e3700 0 1 1 0 0 2 1 60839 208
0x00007aca20105780 0x0000000eed3e3780 0 1 1 0 0 2 1 60839 216
0x00007aca20105800 0x0000000eed3e3800 0 0 0 0 0 2 1 60839 224
0x00007aca20105880 0x0000000eed3e3880 0 0 0 0 0 2 1 60839 232
0x00007aca20105900 0x0000000eed3e3900 0 1 0 0 0 2 1 60839 224
0x00007aca20105980 0x0000000eed3e3980 0 1 0 0 0 2 1 60839 232
0x00007aca20105a00 0x0000000eed3e3a00 0 0 1 0 0 2 1 60839 224
0x00007aca20105a80 0x0000000eed3e3a80 0 0 1 0 0 2 1 60839 232
0x00007aca20105b00 0x0000000eed3e3b00 0 1 1 0 0 2 1 60839 224
0x00007aca20105b80 0x0000000eed3e3b80 0 1 1 0 0 2 1 60839 232
0x00007aca20105c00 0x0000000eed3e3c00 0 0 0 0 0 2 1 60839 240
0x00007aca20105c80 0x0000000eed3e3c80 0 0 0 0 0 2 1 60839 248
0x00007aca20105d00 0x0000000eed3e3d00 0 1 0 0 0 2 1 60839 240
0x00007aca20105d80 0x0000000eed3e3d80 0 1 0 0 0 2 1 60839 248
0x00007aca20105e00 0x0000000eed3e3e00 0 0 1 0 0 2 1 60839 240
0x00007aca20105e80 0x0000000eed3e3e80 0 0 1 0 0 2 1 60839 248
0x00007aca20105f00 0x0000000eed3e3f00 0 1 1 0 0 2 1 60839 240
0x00007aca20105f80 0x0000000eed3e3f80 0 1 1 0 0 2 1 60839 248
0x00007aca2010a000 0x0000000d4e33a000 0 0 0 0 1 2 1 51665 640
0x00007aca2010a080 0x0000000d4e33a080 0 0 0 0 1 2 1 51665 648
0x00007aca2010a100 0x0000000d4e33a100 0 1 0 0 1 2 1 51665 640
0x00007aca2010a180 0x0000000d4e33a180 0 1 0 0 1 2 1 51665 648
0x00007aca2010a200 0x0000000d4e33a200 0 0 1 0 1 2 1 51665 640
0x00007aca2010a280 0x0000000d4e33a280 0 0 1 0 1 2 1 51665 648
0x00007aca2010a300 0x0000000d4e33a300 0 1 1 0 1 2 1 51665 640
0x00007aca2010a380 0x0000000d4e33a380 0 1 1 0 1 2 1 51665 648
0x00007aca2010a400 0x0000000d4e33a400 0 0 0 0 1 2 1 51665 656
0x00007aca2010a480 0x0000000d4e33a480 0 0 0 0 1 2 1 51665 664
0x00007aca2010a500 0x0000000d4e33a500 0 1 0 0 1 2 1 51665 656
0x00007aca2010a580 0x0000000d4e33a580 0 1 0 0 1 2 1 51665 664
0x00007aca2010a600 0x0000000d4e33a600 0 0 1 0 1 2 1 51665 656
0x00007aca2010a680 0x0000000d4e33a680 0 0 1 0 1 2 1 51665 664
0x00007aca2010a700 0x0000000d4e33a700 0 1 1 0 1 2 1 51665 656
0x00007aca2010a780 0x0000000d4e33a780 0 1 1 0 1 2 1 51665 664
0x00007aca2010a800 0x0000000d4e33a800 0 0 0 0 1 2 1 51665 672
0x00007aca2010a880 0x0000000d4e33a880 0 0 0 0 1 2 1 51665 680
0x00007aca2010a900 0x0000000d4e33a900 0 1 0 0 1 2 1 51665 672
0x00007aca2010a980 0x0000000d4e33a980 0 1 0 0 1 2 1 51665 680
0x00007aca2010aa00 0x0000000d4e33aa00 0 0 1 0 1 2 1 51665 672
0x00007aca2010aa80 0x0000000d4e33aa80 0 0 1 0 1 2 1 51665 680
0x00007aca2010ab00 0x0000000d4e33ab00 0 1 1 0 1 2 1 51665 672
0x00007aca2010ab80 0x0000000d4e33ab80 0 1 1 0 1 2 1 51665 680
0x00007aca2010ac00 0x0000000d4e33ac00 0 0 0 0 1 2 1 51665 688
0x00007aca2010ac80 0x0000000d4e33ac80 0 0 0 0 1 2 1 51665 696
0x00007aca2010ad00 0x0000000d4e33ad00 0 1 0 0 1 2 1 51665 688
0x00007aca2010ad80 0x0000000d4e33ad80 0 1 0 0 1 2 1 51665 696
0x00007aca2010ae00 0x0000000d4e33ae00 0 0 1 0 1 2 1 51665 688
0x00007aca2010ae80 0x0000000d4e33ae80 0 0 1 0 1 2 1 51665 696
0x00007aca2010af00 0x0000000d4e33af00 0 1 1 0 1 2 1 51665 688
0x00007aca2010af80 0x0000000d4e33af80 0 1 1 0 1 2 1 51665 696
0x00007aca20115000 0x0000000bbabdb000 0 0 0 0 1 2 1 46926 704
0x00007aca20115080 0x0000000bbabdb080 0 0 0 0 1 2 1 46926 712
0x00007aca20115100 0x0000000bbabdb100 0 1 0 0 1 2 1 46926 704
0x00007aca20115180 0x0000000bbabdb180 0 1 0 0 1 2 1 46926 712
0x00007aca20115200 0x0000000bbabdb200 0 0 1 0 1 2 1 46926 704
0x00007aca20115280 0x0000000bbabdb280 0 0 1 0 1 2 1 46926 712
0x00007aca20115300 0x0000000bbabdb300 0 1 1 0 1 2 1 46926 704
0x00007aca20115380 0x0000000bbabdb380 0 1 1 0 1 2 1 46926 712
0x00007aca20115400 0x0000000bbabdb400 0 0 0 0 1 2 1 46926 720
0x00007aca20115480 0x0000000bbabdb480 0 0 0 0 1 2 1 46926 728
0x00007aca20115500 0x0000000bbabdb500 0 1 0 0 1 2 1 46926 720
0x00007aca20115580 0x0000000bbabdb580 0 1 0 0 1 2 1 46926 728
0x00007aca20115600 0x0000000bbabdb600 0 0 1 0 1 2 1 46926 720
0x00007aca20115680 0x0000000bbabdb680 0 0 1 0 1 2 1 46926 728
0x00007aca20115700 0x0000000bbabdb700 0 1 1 0 1 2 1 46926 720
0x00007aca20115780 0x0000000bbabdb780 0 1 1 0 1 2 1 46926 728
0x00007aca20115800 0x0000000bbabdb800 0 0 0 0 1 2 1 46926 736
0x00007aca20115880 0x0000000bbabdb880 0 0 0 0 1 2 1 46926 744
0x00007aca20115900 0x0000000bbabdb900 0 1 0 0 1 2 1 46926 736
0x00007aca20115980 0x0000000bbabdb980 0 1 0 0 1 2 1 46926 744
0x00007aca20115a00 0x0000000bbabdba00 0 0 1 0 1 2 1 46926 736
0x00007aca20115a80 0x0000000bbabdba80 0 0 1 0 1 2 1 46926 744
0x00007aca20115b00 0x0000000bbabdbb00 0 1 1 0 1 2 1 46926 736
0x00007aca20115b80 0x0000000bbabdbb80 0 1 1 0 1 2 1 46926 744
0x00007aca20115c00 0x0000000bbabdbc00 0 0 0 0 1 2 1 46926 752
0x00007aca20115c80 0x0000000bbabdbc80 0 0 0 0 1 2 1 46926 760
0x00007aca20115d00 0x0000000bbabdbd00 0 1 0 0 1 2 1 46926 752
0x00007aca20115d80 0x0000000bbabdbd80 0 1 0 0 1 2 1 46926 760
0x00007aca20115e00 0x0000000bbabdbe00 0 0 1 0 1 2 1 46926 752
0x00007aca20115e80 0x0000000bbabdbe80 0 0 1 0 1 2 1 46926 760
0x00007aca20115f00 0x0000000bbabdbf00 0 1 1 0 1 2 1 46926 752
0x00007aca20115f80 0x0000000bbabdbf80 0 1 1 0 1 2 1 46926 760
0x00007aca2011b000 0x0000000c253eb000 0 0 0 0 1 2 1 46263 192
0x00007aca2011b080 0x0000000c253eb080 0 0 0 0 1 2 1 46263 200
0x00007aca2011b100 0x0000000c253eb100 0 1 0 0 1 2 1 46263 192
0x00007aca2011b180 0x0000000c253eb180 0 1 0 0 1 2 1 46263 200
0x00007aca2011b200 0x0000000c253eb200 0 0 1 0 1 2 1 46263 192
0x00007aca2011b280 0x0000000c253eb280 0 0 1 0 1 2 1 46263 200
0x00007aca2011b300 0x0000000c253eb300 0 1 1 0 1 2 1 46263 192
0x00007aca2011b380 0x0000000c253eb380 0 1 1 0 1 2 1 46263 200
0x00007aca2011b400 0x0000000c253eb400 0 0 0 0 1 2 1 46263 208
0x00007aca2011b480 0x0000000c253eb480 0 0 0 0 1 2 1 46263 216
0x00007aca2011b500 0x0000000c253eb500 0 1 0 0 1 2 1 46263 208
0x00007aca2011b580 0x0000000c253eb580 0 1 0 0 1 2 1 46263 216
0x00007aca2011b600 0x0000000c253eb600 0 0 1 0 1 2 1 46263 208
0x00007aca2011b680 0x0000000c253eb680 0 0 1 0 1 2 1 46263 216
0x00007aca2011b700 0x0000000c253eb700 0 1 1 0 1 2 1 46263 208
0x00007aca2011b780 0x0000000c253eb780 0 1 1 0 1 2 1 46263 216
0x00007aca2011b800 0x0000000c253eb800 0 0 0 0 1 2 1 46263 224
0x00007aca2011b880 0x0000000c253eb880 0 0 0 0 1 2 1 46263 232
0x00007aca2011b900 0x0000000c253eb900 0 1 0 0 1 2 1 46263 224
0x00007aca2011b980 0x0000000c253eb980 0 1 0 0 1 2 1 46263 232
0x00007aca2011ba00 0x0000000c253eba00 0 0 1 0 1 2 1 46263 224
0x00007aca2011ba80 0x0000000c253eba80 0 0 1 0 1 2 1 46263 232
0x00007aca2011bb00 0x0000000c253ebb00 0 1 1 0 1 2 1 46263 224
0x00007aca2011bb80 0x0000000c253ebb80 0 1 1 0 1 2 1 46263 232
0x00007aca2011bc00 0x0000000c253ebc00 0 0 0 0 1 2 1 46263 240
0x00007aca2011bc80 0x0000000c253ebc80 0 0 0 0 1 2 1 46263 248
0x00007aca2011bd00 0x0000000c253ebd00 0 1 0 0 1 2 1 46263 240
0x00007aca2011bd80 0x0000000c253ebd80 0 1 0 0 1 2 1 46263 248
0x00007aca2011be00 0x0000000c253ebe00 0 0 1 0 1 2 1 46263 240
0x00007aca2011be80 0x0000000c253ebe80 0 0 1 0 1 2 1 46263 248
0x00007aca2011bf00 0x0000000c253ebf00 0 1 1 0 1 2 1 46263 240
0x00007aca2011bf80 0x0000000c253ebf80 0 1 1 0 1 2 1 46263 248
0x00007aca2011e000 0x0000000dfdb0e000 0 0 0 0 1 2 1 57256 384
0x00007aca2011e080 0x0000000dfdb0e080 0 0 0 0 1 2 1 57256 392
0x00007aca2011e100 0x0000000dfdb0e100 0 1 0 0 1 2 1 57256 384
0x00007aca2011e180 0x0000000dfdb0e180 0 1 0 0 1 2 1 57256 392
0x00007aca2011e200 0x0000000dfdb0e200 0 0 1 0 1 2 1 57256 384
0x00007aca2011e280 0x0000000dfdb0e280 0 0 1 0 1 2 1 57256 392
0x00007aca2011e300 0x0000000dfdb0e300 0 1 1 0 1 2 1 57256 384
0x00007aca2011e380 0x0000000dfdb0e380 0 1 1 0 1 2 1 57256 392
0x00007aca2011e400 0x0000000dfdb0e400 0 0 0 0 1 2 1 57256 400
0x00007aca2011e480 0x0000000dfdb0e480 0 0 0 0 1 2 1 57256 408
0x00007aca2011e500 0x0000000dfdb0e500 0 1 0 0 1 2 1 57256 400
0x00007aca2011e580 0x0000000dfdb0e580 0 1 0 0 1 2 1 57256 408
0x00007aca2011e600 0x0000000dfdb0e600 0 0 1 0 1 2 1 57256 400
0x00007aca2011e680 0x0000000dfdb0e680 0 0 1 0 1 2 1 57256 408
0x00007aca2011e700 0x0000000dfdb0e700 0 1 1 0 1 2 1 57256 400
0x00007aca2011e780 0x0000000dfdb0e780 0 1 1 0 1 2 1 57256 408
0x00007aca2011e800 0x0000000dfdb0e800 0 0 0 0 1 2 1 57256 416
0x00007aca2011e880 0x0000000dfdb0e880 0 0 0 0 1 2 1 57256 424
0x00007aca2011e900 0x0000000dfdb0e900 0 1 0 0 1 2 1 57256 416
0x00007aca2011e980 0x0000000dfdb0e980 0 1 0 0 1 2 1 57256 424
0x00007aca2011ea00 0x0000000dfdb0ea00 0 0 1 0 1 2 1 57256 416
0x00007aca2011ea80 0x0000000dfdb0ea80 0 0 1 0 1 2 1 57256 424
0x00007aca2011eb00 0x0000000dfdb0eb00 0 1 1 0 1 2 1 57256 416
0x00007aca2011eb80 0x0000000dfdb0eb80 0 1 1 0 1 2 1 57256 424
0x00007aca2011ec00 0x0000000dfdb0ec00 0 0 0 0 1 2 1 57256 432
0x00007aca2011ec80 0x0000000dfdb0ec80 0 0 0 0 1 2 1 57256 440
0x00007aca2011ed00 0x0000000dfdb0ed00 0 1 0 0 1 2 1 57256 432
0x00007aca2011ed80 0x0000000dfdb0ed80 0 1 0 0 1 2 1 57256 440
0x00007aca2011ee00 0x0000000dfdb0ee00 0 0 1 0 1 2 1 57256 432
0x00007aca2011ee80 0x0000000dfdb0ee80 0 0 1 0 1 2 1 57256 440
0x00007aca2011ef00 0x0000000dfdb0ef00 0 1 1 0 1 2 1 57256 432
0x00007aca2011ef80 0x0000000dfdb0ef80 0 1 1 0 1 2 1 57256 440
0x00007aca2011f000 0x0000000a08373000 0 0 0 0 0 2 1 37139 704
0x00007aca2011f080 0x0000000a08373080 0 0 0 0 0 2 1 37139 712
0x00007aca2011f100 0x0000000a08373100 0 1 0 0 0 2 1 37139 704
0x00007aca2011f180 0x0000000a08373180 0 1 0 0 0 2 1 37139 712
0x00007aca2011f200 0x0000000a08373200 0 0 1 0 0 2 1 37139 704
0x00007aca2011f280 0x0000000a08373280 0 0 1 0 0 2 1 37139 712
0x00007aca2011f300 0x0000000a08373300 0 1 1 0 0 2 1 37139 704
0x00007aca2011f380 0x0000000a08373380 0 1 1 0 0 2 1 37139 712
0x00007aca2011f400 0x0000000a08373400 0 0 0 0 0 2 1 37139 720
0x00007aca2011f480 0x0000000a08373480 0 0 0 0 0 2 1 37139 728
0x00007aca2011f500 0x0000000a08373500 0 1 0 0 0 2 1 37139 720
0x00007aca2011f580 0x0000000a08373580 0 1 0 0 0 2 1 37139 728
0x00007aca2011f600 0x0000000a08373600 0 0 1 0 0 2 1 37139 720
0x00007aca2011f680 0x0000000a08373680 0 0 1 0 0 2 1 37139 728
0x00007aca2011f700 0x0000000a08373700 0 1 1 0 0 2 1 37139 720
0x00007aca2011f780 0x0000000a08373780 0 1 1 0 0 2 1 37139 728
0x00007aca2011f800 0x0000000a08373800 0 0 0 0 0 2 1 37139 736
0x00007aca2011f880 0x0000000a08373880 0 0 0 0 0 2 1 37139 744
0x00007aca2011f900 0x0000000a08373900 0 1 0 0 0 2 1 37139 736
0x00007aca2011f980 0x0000000a08373980 0 1 0 0 0 2 1 37139 744
0x00007aca2011fa00 0x0000000a08373a00 0 0 1 0 0 2 1 37139 736
0x00007aca2011fa80 0x0000000a08373a80 0 0 1 0 0 2 1 37139 744
0x00007aca2011fb00 0x0000000a08373b00 0 1 1 0 0 2 1 37139 736
0x00007aca2011fb80 0x0000000a08373b80 0 1 1 0 0 2 1 37139 744
0x00007aca2011fc00 0x0000000a08373c00 0 0 0 0 0 2 1 37139 752
0x00007aca2011fc80 0x0000000a08373c80 0 0 0 0 0 2 1 37139 760
0x00007aca2011fd00 0x0000000a08373d00 0 1 0 0 0 2 1 37139 752
0x00007aca2011fd80 0x0000000a08373d80 0 1 0 0 0 2 1 37139 760
0x00007aca2011fe00 0x0000000a08373e00 0 0 1 0 0 2 1 37139 752
0x00007aca2011fe80 0x0000000a08373e80 0 0 1 0 0 2 1 37139 760
0x00007aca2011ff00 0x0000000a08373f00 0 1 1 0 0 2 1 37139 752
0x00007aca2011ff80 0x0000000a08373f80 0 1 1 0 0 2 1 37139 760
0x00007aca20120000 0x0000000d2bb27000 0 0 0 0 0 2 1 50553 448
0x00007aca20120080 0x0000000d2bb27080 0 0 0 0 0 2 1 50553 456
0x00007aca20120100 0x0000000d2bb27100 0 1 0 0 0 2 1 50553 448
0x00007aca20120180 0x0000000d2bb27180 0 1 0 0 0 2 1 50553 456
0x00007aca20120200 0x0000000d2bb27200 0 0 1 0 0 2 1 50553 448
0x00007aca20120280 0x0000000d2bb27280 0 0 1 0 0 2 1 50553 456
0x00007aca20120300 0x0000000d2bb27300 0 1 1 0 0 2 1 50553 448
0x00007aca20120380 0x0000000d2bb27380 0 1 1 0 0 2 1 50553 456
0x00007aca20120400 0x0000000d2bb27400 0 0 0 0 0 2 1 50553 464
0x00007aca20120480 0x0000000d2bb27480 0 0 0 0 0 2 1 50553 472
0x00007aca20120500 0x0000000d2bb27500 0 1 0 0 0 2 1 50553 464
0x00007aca20120580 0x0000000d2bb27580 0 1 0 0 0 2 1 50553 472
0x00007aca20120600 0x0000000d2bb27600 0 0 1 0 0 2 1 50553 464
0x00007aca20120680 0x0000000d2bb27680 0 0 1 0 0 2 1 50553 472
0x00007aca20120700 0x0000000d2bb27700 0 1 1 0 0 2 1 50553 464
0x00007aca20120780 0x0000000d2bb27780 0 1 1 0 0 2 1 50553 472
0x00007aca20120800 0x0000000d2bb27800 0 0 0 0 0 2 1 50553 480
0x00007aca20120880 0x0000000d2bb27880 0 0 0 0 0 2 1 50553 488
0x00007aca20120900 0x0000000d2bb27900 0 1 0 0 0 2 1 50553 480
0x00007aca20120980 0x0000000d2bb27980 0 1 0 0 0 2 1 50553 488
0x00007aca20120a00 0x0000000d2bb27a00 0 0 1 0 0 2 1 50553 480
0x00007aca20120a80 0x0000000d2bb27a80 0 0 1 0 0 2 1 50553 488
0x00007aca20120b00 0x0000000d2bb27b00 0 1 1 0 0 2 1 50553 480
0x00007aca20120b80 0x0000000d2bb27b80 0 1 1 0 0 2 1 50553 488
0x00007aca20120c00 0x0000000d2bb27c00 0 0 0 0 0 2 1 50553 496
0x00007aca20120c80 0x0000000d2bb27c80 0 0 0 0 0 2 1 50553 504
0x00007aca20120d00 0x0000000d2bb27d00 0 1 0 0 0 2 1 50553 496
0x00007aca20120d80 0x0000000d2bb27d80 0 1 0 0 0 2 1 50553 504
0x00007aca20120e00 0x0000000d2bb27e00 0 0 1 0 0 2 1 50553 496
0x00007aca20120e80 0x0000000d2bb27e80 0 0 1 0 0 2 1 50553 504
0x00007aca20120f00 0x0000000d2bb27f00 0 1 1 0 0 2 1 50553 496
0x00007aca20120f80 0x0000000d2bb27f80 0 1 1 0 0 2 1 50553 504
0x00007aca20135000 0x0000000a79b8b000 0 0 0 0 1 2 1 40764 192
0x00007aca20135080 0x0000000a79b8b080 0 0 0 0 1 2 1 40764 200
0x00007aca20135100 0x0000000a79b8b100 0 1 0 0 1 2 1 40764 192
0x00007aca20135180 0x0000000a79b8b180 0 1 0 0 1 2 1 40764 200
0x00007aca20135200 0x0000000a79b8b200 0 0 1 0 1 2 1 40764 192
0x00007aca20135280 0x0000000a79b8b280 0 0 1 0 1 2 1 40764 200
0x00007aca20135300 0x0000000a79b8b300 0 1 1 0 1 2 1 40764 192
0x00007aca20135380 0x0000000a79b8b380 0 1 1 0 1 2 1 40764 200
0x00007aca20135400 0x0000000a79b8b400 0 0 0 0 1 2 1 40764 208
0x00007aca20135480 0x0000000a79b8b480 0 0 0 0 1 2 1 40764 216
0x00007aca20135500 0x0000000a79b8b500 0 1 0 0 1 2 1 40764 208
0x00007aca20135580 0x0000000a79b8b580 0 1 0 0 1 2 1 40764 216
0x00007aca20135600 0x0000000a79b8b600 0 0 1 0 1 2 1 40764 208
0x00007aca20135680 0x0000000a79b8b680 0 0 1 0 1 2 1 40764 216
0x00007aca20135700 0x0000000a79b8b700 0 1 1 0 1 2 1 40764 208
0x00007aca20135780 0x0000000a79b8b780 0 1 1 0 1 2 1 40764 216
0x00007aca20135800 0x0000000a79b8b800 0 0 0 0 1 2 1 40764 224
0x00007aca20135880 0x0000000a79b8b880 0 0 0 0 1 2 1 40764 232
0x00007aca20135900 0x0000000a79b8b900 0 1 0 0 1 2 1 40764 224
0x00007aca20135980 0x0000000a79b8b980 0 1 0 0 1 2 1 40764 232
0x00007aca20135a00 0x0000000a79b8ba00 0 0 1 0 1 2 1 40764 224
0x00007aca20135a80 0x0000000a79b8ba80 0 0 1 0 1 2 1 40764 232
0x00007aca20135b00 0x0000000a79b8bb00 0 1 1 0 1 2 1 40764 224
0x00007aca20135b80 0x0000000a79b8bb80 0 1 1 0 1 2 1 40764 232
0x00007aca20135c00 0x0000000a79b8bc00 0 0 0 0 1 2 1 40764 240
0x00007aca20135c80 0x0000000a79b8bc80 0 0 0 0 1 2 1 40764 248
0x00007aca20135d00 0x0000000a79b8bd00 0 1 0 0 1 2 1 40764 240
0x00007aca20135d80 0x0000000a79b8bd80 0 1 0 0 1 2 1 40764 248
0x00007aca20135e00 0x0000000a79b8be00 0 0 1 0 1 2 1 40764 240
0x00007aca20135e80 0x0000000a79b8be80 0 0 1 0 1 2 1 40764 248
0x00007aca20135f00 0x0000000a79b8bf00 0 1 1 0 1 2 1 40764 240
0x00007aca20135f80 0x0000000a79b8bf80 0 1 1 0 1 2 1 40764 248
0x00007aca20137000 0x00000007e5ba9000 0 0 0 0 1 2 1 31917 64
0x00007aca20137080 0x00000007e5ba9080 0 0 0 0 1 2 1 31917 72
0x00007aca20137100 0x00000007e5ba9100 0 1 0 0 1 2 1 31917 64
0x00007aca20137180 0x00000007e5ba9180 0 1 0 0 1 2 1 31917 72
0x00007aca20137200 0x00000007e5ba9200 0 0 1 0 1 2 1 31917 64
0x00007aca20137280 0x00000007e5ba9280 0 0 1 0 1 2 1 31917 72
0x00007aca20137300 0x00000007e5ba9300 0 1 1 0 1 2 1 31917 64
0x00007aca20137380 0x00000007e5ba9380 0 1 1 0 1 2 1 31917 72
0x00007aca20137400 0x00000007e5ba9400 0 0 0 0 1 2 1 31917 80
0x00007aca20137480 0x00000007e5ba9480 0 0 0 0 1 2 1 31917 88
0x00007aca20137500 0x00000007e5ba9500 0 1 0 0 1 2 1 31917 80
0x00007aca20137580 0x00000007e5ba9580 0 1 0 0 1 2 1 31917 88
0x00007aca20137600 0x00000007e5ba9600 0 0 1 0 1 2 1 31917 80
0x00007aca20137680 0x00000007e5ba9680 0 0 1 0 1 2 1 31917 88
0x00007aca20137700 0x00000007e5ba9700 0 1 1 0 1 2 1 31917 80
0x00007aca20137780 0x00000007e5ba9780 0 1 1 0 1 2 1 31917 88
0x00007aca20137800 0x00000007e5ba9800 0 0 0 0 1 2 1 31917 96
0x00007aca20137880 0x00000007e5ba9880 0 0 0 0 1 2 1 31917 104
0x00007aca20137900 0x00000007e5ba9900 0 1 0 0 1 2 1 31917 96
0x00007aca20137980 0x00000007e5ba9980 0 1 0 0 1 2 1 31917 104
0x00007aca20137a00 0x00000007e5ba9a00 0 0 1 0 1 2 1 31917 96
0x00007aca20137a80 0x00000007e5ba9a80 0 0 1 0 1 2 1 31917 104
0x00007aca20137b00 0x00000007e5ba9b00 0 1 1 0 1 2 1 31917 96
0x00007aca20137b80 0x00000007e5ba9b80 0 1 1 0 1 2 1 31917 104
0x00007aca20137c00 0x00000007e5ba9c00 0 0 0 0 1 2 1 31917 112
0x00007aca20137c80 0x00000007e5ba9c80 0 0 0 0 1 2 1 31917 120
0x00007aca20137d00 0x00000007e5ba9d00 0 1 0 0 1 2 1 31917 112
0x00007aca20137d80 0x00000007e5ba9d80 0 1 0 0 1 2 1 31917 120
0x00007aca20137e00 0x00000007e5ba9e00 0 0 1 0 1 2 1 31917 112
0x00007aca20137e80 0x00000007e5ba9e80 0 0 1 0 1 2 1 31917 120
0x00007aca20137f00 0x00000007e5ba9f00 0 1 1 0 1 2 1 31917 112
0x00007aca20137f80 0x00000007e5ba9f80 0 1 1 0 1 2 1 31917 120
0x00007aca20139000 0x0000000dab383000 0 0 0 0 0 2 1 54628 192
0x00007aca20139080 0x0000000dab383080 0 0 0 0 0 2 1 54628 200
0x00007aca20139100 0x0000000dab383100 0 1 0 0 0 2 1 54628 192
0x00007aca20139180 0x0000000dab383180 0 1 0 0 0 2 1 54628 200
0x00007aca20139200 0x0000000dab383200 0 0 1 0 0 2 1 54628 192
0x00007aca20139280 0x0000000dab383280 0 0 1 0 0 2 1 54628 200
0x00007aca20139300 0x0000000dab383300 0 1 1 0 0 2 1 54628 192
0x00007aca20139380 0x0000000dab383380 0 1 1 0 0 2 1 54628 200
0x00007aca20139400 0x0000000dab383400 0 0 0 0 0 2 1 54628 208
0x00007aca20139480 0x0000000dab383480 0 0 0 0 0 2 1 54628 216
0x00007aca20139500 0x0000000dab383500 0 1 0 0 0 2 1 54628 208
0x00007aca20139580 0x0000000dab383580 0 1 0 0 0 2 1 54628 216
0x00007aca20139600 0x0000000dab383600 0 0 1 0 0 2 1 54628 208
0x00007aca20139680 0x0000000dab383680 0 0 1 0 0 2 1 54628 216
0x00007aca20139700 0x0000000dab383700 0 1 1 0 0 2 1 54628 208
0x00007aca20139780 0x0000000dab383780 0 1 1 0 0 2 1 54628 216
0x00007aca20139800 0x0000000dab383800 0 0 0 0 0 2 1 54628 224
0x00007aca20139880 0x0000000dab383880 0 0 0 0 0 2 1 54628 232
0x00007aca20139900 0x0000000dab383900 0 1 0 0 0 2 1 54628 224
0x00007aca20139980 0x0000000dab383980 0 1 0 0 0 2 1 54628 232
0x00007aca20139a00 0x0000000dab383a00 0 0 1 0 0 2 1 54628 224
0x00007aca20139a80 0x0000000dab383a80 0 0 1 0 0 2 1 54628 232
0x00007aca20139b00 0x0000000dab383b00 0 1 1 0 0 2 1 54628 224
0x00007aca20139b80 0x0000000dab383b80 0 1 1 0 0 2 1 54628 232
0x00007aca20139c00 0x0000000dab383c00 0 0 0 0 0 2 1 54628 240
0x00007aca20139c80 0x0000000dab383c80 0 0 0 0 0 2 1 54628 248
0x00007aca20139d00 0x0000000dab383d00 0 1 0 0 0 2 1 54628 240
0x00007aca20139d80 0x0000000dab383d80 0 1 0 0 0 2 1 54628 248
0x00007aca20139e00 0x0000000dab383e00 0 0 1 0 0 2 1 54628 240
0x00007aca20139e80 0x0000000dab383e80 0 0 1 0 0 2 1 54628 248
0x00007aca20139f00 0x0000000dab383f00 0 1 1 0 0 2 1 54628 240
0x00007aca20139f80 0x0000000dab383f80 0 1 1 0 0 2 1 54628 248
0x00007aca2013a000 0x0000000e9233e000 0 0 0 0 1 2 1 57921 896
0x00007aca2013a080 0x0000000e9233e080 0 0 0 0 1 2 1 57921 904
0x00007aca2013a100 0x0000000e9233e100 0 1 0 0 1 2 1 57921 896
0x00007aca2013a180 0x0000000e9233e180 0 1 0 0 1 2 1 57921 904
0x00007aca2013a200 0x0000000e9233e200 0 0 1 0 1 2 1 57921 896
0x00007aca2013a280 0x0000000e9233e280 0 0 1 0 1 2 1 57921 904
0x00007aca2013a300 0x0000000e9233e300 0 1 1 0 1 2 1 57921 896
0x00007aca2013a380 0x0000000e9233e380 0 1 1 0 1 2 1 57921 904
0x00007aca2013a400 0x0000000e9233e400 0 0 0 0 1 2 1 57921 912
0x00007aca2013a480 0x0000000e9233e480 0 0 0 0 1 2 1 57921 920
0x00007aca2013a500 0x0000000e9233e500 0 1 0 0 1 2 1 57921 912
0x00007aca2013a580 0x0000000e9233e580 0 1 0 0 1 2 1 57921 920
0x00007aca2013a600 0x0000000e9233e600 0 0 1 0 1 2 1 57921 912
0x00007aca2013a680 0x0000000e9233e680 0 0 1 0 1 2 1 57921 920
0x00007aca2013a700 0x0000000e9233e700 0 1 1 0 1 2 1 57921 912
0x00007aca2013a780 0x0000000e9233e780 0 1 1 0 1 2 1 57921 920
0x00007aca2013a800 0x0000000e9233e800 0 0 0 0 1 2 1 57921 928
0x00007aca2013a880 0x0000000e9233e880 0 0 0 0 1 2 1 57921 936
0x00007aca2013a900 0x0000000e9233e900 0 1 0 0 1 2 1 57921 928
0x00007aca2013a980 0x0000000e9233e980 0 1 0 0 1 2 1 57921 936
0x00007aca2013aa00 0x0000000e9233ea00 0 0 1 0 1 2 1 57921 928
0x00007aca2013aa80 0x0000000e9233ea80 0 0 1 0 1 2 1 57921 936
0x00007aca2013ab00 0x0000000e9233eb00 0 1 1 0 1 2 1 57921 928
0x00007aca2013ab80 0x0000000e9233eb80 0 1 1 0 1 2 1 57921 936
0x00007aca2013ac00 0x0000000e9233ec00 0 0 0 0 1 2 1 57921 944
0x00007aca2013ac80 0x0000000e9233ec80 0 0 0 0 1 2 1 57921 952
0x00007aca2013ad00 0x0000000e9233ed00 0 1 0 0 1 2 1 57921 944
0x00007aca2013ad80 0x0000000e9233ed80 0 1 0 0 1 2 1 57921 952
0x00007aca2013ae00 0x0000000e9233ee00 0 0 1 0 1 2 1 57921 944
0x00007aca2013ae80 0x0000000e9233ee80 0 0 1 0 1 2 1 57921 952
0x00007aca2013af00 0x0000000e9233ef00 0 1 1 0 1 2 1 57921 944
0x00007aca2013af80 0x0000000e9233ef80 0 1 1 0 1 2 1 57921 952
0x00007aca2013b000 0x0000000dab386000 0 0 0 0 0 2 1 54628 384
0x00007aca2013b080 0x0000000dab386080 0 0 0 0 0 2 1 54628 392
0x00007aca2013b100 0x0000000dab386100 0 1 0 0 0 2 1 54628 384
0x00007aca2013b180 0x0000000dab386180 0 1 0 0 0 2 1 54628 392
0x00007aca2013b200 0x0000000dab386200 0 0 1 0 0 2 1 54628 384
0x00007aca2013b280 0x0000000dab386280 0 0 1 0 0 2 1 54628 392
0x00007aca2013b300 0x0000000dab386300 0 1 1 0 0 2 1 54628 384
0x00007aca2013b380 0x0000000dab386380 0 1 1 0 0 2 1 54628 392
0x00007aca2013b400 0x0000000dab386400 0 0 0 0 0 2 1 54628 400
0x00007aca2013b480 0x0000000dab386480 0 0 0 0 0 2 1 54628 408
0x00007aca2013b500 0x0000000dab386500 0 1 0 0 0 2 1 54628 400
0x00007aca2013b580 0x0000000dab386580 0 1 0 0 0 2 1 54628 408
0x00007aca2013b600 0x0000000dab386600 0 0 1 0 0 2 1 54628 400
0x00007aca2013b680 0x0000000dab386680 0 0 1 0 0 2 1 54628 408
0x00007aca2013b700 0x0000000dab386700 0 1 1 0 0 2 1 54628 400
0x00007aca2013b780 0x0000000dab386780 0 1 1 0 0 2 1 54628 408
0x00007aca2013b800 0x0000000dab386800 0 0 0 0 0 2 1 54628 416
0x00007aca2013b880 0x0000000dab386880 0 0 0 0 0 2 1 54628 424
0x00007aca2013b900 0x0000000dab386900 0 1 0 0 0 2 1 54628 416
0x00007aca2013b980 0x0000000dab386980 0 1 0 0 0 2 1 54628 424
0x00007aca2013ba00 0x0000000dab386a00 0 0 1 0 0 2 1 54628 416
0x00007aca2013ba80 0x0000000dab386a80 0 0 1 0 0 2 1 54628 424
0x00007aca2013bb00 0x0000000dab386b00 0 1 1 0 0 2 1 54628 416
0x00007aca2013bb80 0x0000000dab386b80 0 1 1 0 0 2 1 54628 424
0x00007aca2013bc00 0x0000000dab386c00 0 0 0 0 0 2 1 54628 432
0x00007aca2013bc80 0x0000000dab386c80 0 0 0 0 0 2 1 54628 440
0x00007aca2013bd00 0x0000000dab386d00 0 1 0 0 0 2 1 54628 432
0x00007aca2013bd80 0x0000000dab386d80 0 1 0 0 0 2 1 54628 440
0x00007aca2013be00 0x0000000dab386e00 0 0 1 0 0 2 1 54628 432
0x00007aca2013be80 0x0000000dab386e80 0 0 1 0 0 2 1 54628 440
0x00007aca2013bf00 0x0000000dab386f00 0 1 1 0 0 2 1 54628 432
0x00007aca2013bf80 0x0000000dab386f80 0 1 1 0 0 2 1 54628 440
0x00007aca2013e000 0x0000000b0bb06000 0 0 0 0 0 2 1 41336 384
0x00007aca2013e080 0x0000000b0bb06080 0 0 0 0 0 2 1 41336 392
0x00007aca2013e100 0x0000000b0bb06100 0 1 0 0 0 2 1 41336 384
0x00007aca2013e180 0x0000000b0bb06180 0 1 0 0 0 2 1 41336 392
0x00007aca2013e200 0x0000000b0bb06200 0 0 1 0 0 2 1 41336 384
0x00007aca2013e280 0x0000000b0bb06280 0 0 1 0 0 2 1 41336 392
0x00007aca2013e300 0x0000000b0bb06300 0 1 1 0 0 2 1 41336 384
0x00007aca2013e380 0x0000000b0bb06380 0 1 1 0 0 2 1 41336 392
0x00007aca2013e400 0x0000000b0bb06400 0 0 0 0 0 2 1 41336 400
0x00007aca2013e480 0x0000000b0bb06480 0 0 0 0 0 2 1 41336 408
0x00007aca2013e500 0x0000000b0bb06500 0 1 0 0 0 2 1 41336 400
0x00007aca2013e580 0x0000000b0bb06580 0 1 0 0 0 2 1 41336 408
0x00007aca2013e600 0x0000000b0bb06600 0 0 1 0 0 2 1 41336 400
0x00007aca2013e680 0x0000000b0bb06680 0 0 1 0 0 2 1 41336 408
0x00007aca2013e700 0x0000000b0bb06700 0 1 1 0 0 2 1 41336 400
0x00007aca2013e780 0x0000000b0bb06780 0 1 1 0 0 2 1 41336 408
0x00007aca2013e800 0x0000000b0bb06800 0 0 0 0 0 2 1 41336 416
0x00007aca2013e880 0x0000000b0bb06880 0 0 0 0 0 2 1 41336 424
0x00007aca2013e900 0x0000000b0bb06900 0 1 0 0 0 2 1 41336 416
0x00007aca2013e980 0x0000000b0bb06980 0 1 0 0 0 2 1 41336 424
0x00007aca2013ea00 0x0000000b0bb06a00 0 0 1 0 0 2 1 41336 416
0x00007aca2013ea80 0x0000000b0bb06a80 0 0 1 0 0 2 1 41336 424
0x00007aca2013eb00 0x0000000b0bb06b00 0 1 1 0 0 2 1 41336 416
0x00007aca2013eb80 0x0000000b0bb06b80 0 1 1 0 0 2 1 41336 424
0x00007aca2013ec00 0x0000000b0bb06c00 0 0 0 0 0 2 1 41336 432
0x00007aca2013ec80 0x0000000b0bb06c80 0 0 0 0 0 2 1 41336 440
0x00007aca2013ed00 0x0000000b0bb06d00 0 1 0 0 0 2 1 41336 432
0x00007aca2013ed80 0x0000000b0bb06d80 0 1 0 0 0 2 1 41336 440
0x00007aca2013ee00 0x0000000b0bb06e00 0 0 1 0 0 2 1 41336 432
0x00007aca2013ee80 0x0000000b0bb06e80 0 0 1 0 0 2 1 41336 440
0x00007aca2013ef00 0x0000000b0bb06f00 0 1 1 0 0 2 1 41336 432
0x00007aca2013ef80 0x0000000b0bb06f80 0 1 1 0 0 2 1 41336 440
0x00007aca2014a000 0x0000000dc73c1000 0 0 0 0 0 2 1 55526 64
0x00007aca2014a080 0x0000000dc73c1080 0 0 0 0 0 2 1 55526 72
0x00007aca2014a100 0x0000000dc73c1100 0 1 0 0 0 2 1 55526 64
0x00007aca2014a180 0x0000000dc73c1180 0 1 0 0 0 2 1 55526 72
0x00007aca2014a200 0x0000000dc73c1200 0 0 1 0 0 2 1 55526 64
0x00007aca2014a280 0x0000000dc73c1280 0 0 1 0 0 2 1 55526 72
0x00007aca2014a300 0x0000000dc73c1300 0 1 1 0 0 2 1 55526 64
0x00007aca2014a380 0x0000000dc73c1380 0 1 1 0 0 2 1 55526 72
0x00007aca2014a400 0x0000000dc73c1400 0 0 0 0 0 2 1 55526 80
0x00007aca2014a480 0x0000000dc73c1480 0 0 0 0 0 2 1 55526 88
0x00007aca2014a500 0x0000000dc73c1500 0 1 0 0 0 2 1 55526 80
0x00007aca2014a580 0x0000000dc73c1580 0 1 0 0 0 2 1 55526 88
0x00007aca2014a600 0x0000000dc73c1600 0 0 1 0 0 2 1 55526 80
0x00007aca2014a680 0x0000000dc73c1680 0 0 1 0 0 2 1 55526 88
0x00007aca2014a700 0x0000000dc73c1700 0 1 1 0 0 2 1 55526 80
0x00007aca2014a780 0x0000000dc73c1780 0 1 1 0 0 2 1 55526 88
0x00007aca2014a800 0x0000000dc73c1800 0 0 0 0 0 2 1 55526 96
0x00007aca2014a880 0x0000000dc73c1880 0 0 0 0 0 2 1 55526 104
0x00007aca2014a900 0x0000000dc73c1900 0 1 0 0 0 2 1 55526 96
0x00007aca2014a980 0x0000000dc73c1980 0 1 0 0 0 2 1 55526 104
0x00007aca2014aa00 0x0000000dc73c1a00 0 0 1 0 0 2 1 55526 96
0x00007aca2014aa80 0x0000000dc73c1a80 0 0 1 0 0 2 1 55526 104
0x00007aca2014ab00 0x0000000dc73c1b00 0 1 1 0 0 2 1 55526 96
0x00007aca2014ab80 0x0000000dc73c1b80 0 1 1 0 0 2 1 55526 104
0x00007aca2014ac00 0x0000000dc73c1c00 0 0 0 0 0 2 1 55526 112
0x00007aca2014ac80 0x0000000dc73c1c80 0 0 0 0 0 2 1 55526 120
0x00007aca2014ad00 0x0000000dc73c1d00 0 1 0 0 0 2 1 55526 112
0x00007aca2014ad80 0x0000000dc73c1d80 0 1 0 0 0 2 1 55526 120
0x00007aca2014ae00 0x0000000dc73c1e00 0 0 1 0 0 2 1 55526 112
0x00007aca2014ae80 0x0000000dc73c1e80 0 0 1 0 0 2 1 55526 120
0x00007aca2014af00 0x0000000dc73c1f00 0 1 1 0 0 2 1 55526 112
0x00007aca2014af80 0x0000000dc73c1f80 0 1 1 0 0 2 1 55526 120
0x00007aca2015d000 0x0000000bd1315000 0 0 0 0 0 2 1 47648 832
0x00007aca2015d080 0x0000000bd1315080 0 0 0 0 0 2 1 47648 840
0x00007aca2015d100 0x0000000bd1315100 0 1 0 0 0 2 1 47648 832
0x00007aca2015d180 0x0000000bd1315180 0 1 0 0 0 2 1 47648 840
0x00007aca2015d200 0x0000000bd1315200 0 0 1 0 0 2 1 47648 832
0x00007aca2015d280 0x0000000bd1315280 0 0 1 0 0 2 1 47648 840
0x00007aca2015d300 0x0000000bd1315300 0 1 1 0 0 2 1 47648 832
0x00007aca2015d380 0x0000000bd1315380 0 1 1 0 0 2 1 47648 840
0x00007aca2015d400 0x0000000bd1315400 0 0 0 0 0 2 1 47648 848
0x00007aca2015d480 0x0000000bd1315480 0 0 0 0 0 2 1 47648 856
0x00007aca2015d500 0x0000000bd1315500 0 1 0 0 0 2 1 47648 848
0x00007aca2015d580 0x0000000bd1315580 0 1 0 0 0 2 1 47648 856
0x00007aca2015d600 0x0000000bd1315600 0 0 1 0 0 2 1 47648 848
0x00007aca2015d680 0x0000000bd1315680 0 0 1 0 0 2 1 47648 856
0x00007aca2015d700 0x0000000bd1315700 0 1 1 0 0 2 1 47648 848
0x00007aca2015d780 0x0000000bd1315780 0 1 1 0 0 2 1 47648 856
0x00007aca2015d800 0x0000000bd1315800 0 0 0 0 0 2 1 47648 864
0x00007aca2015d880 0x0000000bd1315880 0 0 0 0 0 2 1 47648 872
0x00007aca2015d900 0x0000000bd1315900 0 1 0 0 0 2 1 47648 864
0x00007aca2015d980 0x0000000bd1315980 0 1 0 0 0 2 1 47648 872
0x00007aca2015da00 0x0000000bd1315a00 0 0 1 0 0 2 1 47648 864
0x00007aca2015da80 0x0000000bd1315a80 0 0 1 0 0 2 1 47648 872
0x00007aca2015db00 0x0000000bd1315b00 0 1 1 0 0 2 1 47648 864
0x00007aca2015db80 0x0000000bd1315b80 0 1 1 0 0 2 1 47648 872
0x00007aca2015dc00 0x0000000bd1315c00 0 0 0 0 0 2 1 47648 880
0x00007aca2015dc80 0x0000000bd1315c80 0 0 0 0 0 2 1 47648 888
0x00007aca2015dd00 0x0000000bd1315d00 0 1 0 0 0 2 1 47648 880
0x00007aca2015dd80 0x0000000bd1315d80 0 1 0 0 0 2 1 47648 888
0x00007aca2015de00 0x0000000bd1315e00 0 0 1 0 0 2 1 47648 880
0x00007aca2015de80 0x0000000bd1315e80 0 0 1 0 0 2 1 47648 888
0x00007aca2015df00 0x0000000bd1315f00 0 1 1 0 0 2 1 47648 880
0x00007aca2015df80 0x0000000bd1315f80 0 1 1 0 0 2 1 47648 888
0x00007aca20162000 0x00000007cb3f6000 0 0 0 0 0 2 1 31079 896
0x00007aca20162080 0x00000007cb3f6080 0 0 0 0 0 2 1 31079 904
0x00007aca20162100 0x00000007cb3f6100 0 1 0 0 0 2 1 31079 896
0x00007aca20162180 0x00000007cb3f6180 0 1 0 0 0 2 1 31079 904
0x00007aca20162200 0x00000007cb3f6200 0 0 1 0 0 2 1 31079 896
0x00007aca20162280 0x00000007cb3f6280 0 0 1 0 0 2 1 31079 904
0x00007aca20162300 0x00000007cb3f6300 0 1 1 0 0 2 1 31079 896
0x00007aca20162380 0x00000007cb3f6380 0 1 1 0 0 2 1 31079 904
0x00007aca20162400 0x00000007cb3f6400 0 0 0 0 0 2 1 31079 912
0x00007aca20162480 0x00000007cb3f6480 0 0 0 0 0 2 1 31079 920
0x00007aca20162500 0x00000007cb3f6500 0 1 0 0 0 2 1 31079 912
0x00007aca20162580 0x00000007cb3f6580 0 1 0 0 0 2 1 31079 920
0x00007aca20162600 0x00000007cb3f6600 0 0 1 0 0 2 1 31079 912
0x00007aca20162680 0x00000007cb3f6680 0 0 1 0 0 2 1 31079 920
0x00007aca20162700 0x00000007cb3f6700 0 1 1 0 0 2 1 31079 912
0x00007aca20162780 0x00000007cb3f6780 0 1 1 0 0 2 1 31079 920
0x00007aca20162800 0x00000007cb3f6800 0 0 0 0 0 2 1 31079 928
0x00007aca20162880 0x00000007cb3f6880 0 0 0 0 0 2 1 31079 936
0x00007aca20162900 0x00000007cb3f6900 0 1 0 0 0 2 1 31079 928
0x00007aca20162980 0x00000007cb3f6980 0 1 0 0 0 2 1 31079 936
0x00007aca20162a00 0x00000007cb3f6a00 0 0 1 0 0 2 1 31079 928
0x00007aca20162a80 0x00000007cb3f6a80 0 0 1 0 0 2 1 31079 936
0x00007aca20162b00 0x00000007cb3f6b00 0 1 1 0 0 2 1 31079 928
0x00007aca20162b80 0x00000007cb3f6b80 0 1 1 0 0 2 1 31079 936
0x00007aca20162c00 0x00000007cb3f6c00 0 0 0 0 0 2 1 31079 944
0x00007aca20162c80 0x00000007cb3f6c80 0 0 0 0 0 2 1 31079 952
0x00007aca20162d00 0x00000007cb3f6d00 0 1 0 0 0 2 1 31079 944
0x00007aca20162d80 0x00000007cb3f6d80 0 1 0 0 0 2 1 31079 952
0x00007aca20162e00 0x00000007cb3f6e00 0 0 1 0 0 2 1 31079 944
0x00007aca20162e80 0x00000007cb3f6e80 0 0 1 0 0 2 1 31079 952
0x00007aca20162f00 0x00000007cb3f6f00 0 1 1 0 0 2 1 31079 944
0x00007aca20162f80 0x00000007cb3f6f80 0 1 1 0 0 2 1 31079 952
0x00007aca20165000 0x0000000cbb34f000 0 0 0 0 1 2 1 51042 448
0x00007aca20165080 0x0000000cbb34f080 0 0 0 0 1 2 1 51042 456
0x00007aca20165100 0x0000000cbb34f100 0 1 0 0 1 2 1 51042 448
0x00007aca20165180 0x0000000cbb34f180 0 1 0 0 1 2 1 51042 456
0x00007aca20165200 0x0000000cbb34f200 0 0 1 0 1 2 1 51042 448
0x00007aca20165280 0x0000000cbb34f280 0 0 1 0 1 2 1 51042 456
0x00007aca20165300 0x0000000cbb34f300 0 1 1 0 1 2 1 51042 448
0x00007aca20165380 0x0000000cbb34f380 0 1 1 0 1 2 1 51042 456
0x00007aca20165400 0x0000000cbb34f400 0 0 0 0 1 2 1 51042 464
0x00007aca20165480 0x0000000cbb34f480 0 0 0 0 1 2 1 51042 472
0x00007aca20165500 0x0000000cbb34f500 0 1 0 0 1 2 1 51042 464
0x00007aca20165580 0x0000000cbb34f580 0 1 0 0 1 2 1 51042 472
0x00007aca20165600 0x0000000cbb34f600 0 0 1 0 1 2 1 51042 464
0x00007aca20165680 0x0000000cbb34f680 0 0 1 0 1 2 1 51042 472
0x00007aca20165700 0x0000000cbb34f700 0 1 1 0 1 2 1 51042 464
0x00007aca20165780 0x0000000cbb34f780 0 1 1 0 1 2 1 51042 472
0x00007aca20165800 0x0000000cbb34f800 0 0 0 0 1 2 1 51042 480
0x00007aca20165880 0x0000000cbb34f880 0 0 0 0 1 2 1 51042 488
0x00007aca20165900 0x0000000cbb34f900 0 1 0 0 1 2 1 51042 480
0x00007aca20165980 0x0000000cbb34f980 0 1 0 0 1 2 1 51042 488
0x00007aca20165a00 0x0000000cbb34fa00 0 0 1 0 1 2 1 51042 480
0x00007aca20165a80 0x0000000cbb34fa80 0 0 1 0 1 2 1 51042 488
0x00007aca20165b00 0x0000000cbb34fb00 0 1 1 0 1 2 1 51042 480
0x00007aca20165b80 0x0000000cbb34fb80 0 1 1 0 1 2 1 51042 488
0x00007aca20165c00 0x0000000cbb34fc00 0 0 0 0 1 2 1 51042 496
0x00007aca20165c80 0x0000000cbb34fc80 0 0 0 0 1 2 1 51042 504
0x00007aca20165d00 0x0000000cbb34fd00 0 1 0 0 1 2 1 51042 496
0x00007aca20165d80 0x0000000cbb34fd80 0 1 0 0 1 2 1 51042 504
0x00007aca20165e00 0x0000000cbb34fe00 0 0 1 0 1 2 1 51042 496
0x00007aca20165e80 0x0000000cbb34fe80 0 0 1 0 1 2 1 51042 504
0x00007aca20165f00 0x0000000cbb34ff00 0 1 1 0 1 2 1 51042 496
0x00007aca20165f80 0x0000000cbb34ff80 0 1 1 0 1 2 1 51042 504
0x00007aca2016e000 0x0000000ac9367000 0 0 0 0 0 2 1 43299 448
0x00007aca2016e080 0x0000000ac9367080 0 0 0 0 0 2 1 43299 456
0x00007aca2016e100 0x0000000ac9367100 0 1 0 0 0 2 1 43299 448
0x00007aca2016e180 0x0000000ac9367180 0 1 0 0 0 2 1 43299 456
0x00007aca2016e200 0x0000000ac9367200 0 0 1 0 0 2 1 43299 448
0x00007aca2016e280 0x0000000ac9367280 0 0 1 0 0 2 1 43299 456
0x00007aca2016e300 0x0000000ac9367300 0 1 1 0 0 2 1 43299 448
0x00007aca2016e380 0x0000000ac9367380 0 1 1 0 0 2 1 43299 456
0x00007aca2016e400 0x0000000ac9367400 0 0 0 0 0 2 1 43299 464
0x00007aca2016e480 0x0000000ac9367480 0 0 0 0 0 2 1 43299 472
0x00007aca2016e500 0x0000000ac9367500 0 1 0 0 0 2 1 43299 464
0x00007aca2016e580 0x0000000ac9367580 0 1 0 0 0 2 1 43299 472
0x00007aca2016e600 0x0000000ac9367600 0 0 1 0 0 2 1 43299 464
0x00007aca2016e680 0x0000000ac9367680 0 0 1 0 0 2 1 43299 472
0x00007aca2016e700 0x0000000ac9367700 0 1 1 0 0 2 1 43299 464
0x00007aca2016e780 0x0000000ac9367780 0 1 1 0 0 2 1 43299 472
0x00007aca2016e800 0x0000000ac9367800 0 0 0 0 0 2 1 43299 480
0x00007aca2016e880 0x0000000ac9367880 0 0 0 0 0 2 1 43299 488
0x00007aca2016e900 0x0000000ac9367900 0 1 0 0 0 2 1 43299 480
0x00007aca2016e980 0x0000000ac9367980 0 1 0 0 0 2 1 43299 488
0x00007aca2016ea00 0x0000000ac9367a00 0 0 1 0 0 2 1 43299 480
0x00007aca2016ea80 0x0000000ac9367a80 0 0 1 0 0 2 1 43299 488
0x00007aca2016eb00 0x0000000ac9367b00 0 1 1 0 0 2 1 43299 480
0x00007aca2016eb80 0x0000000ac9367b80 0 1 1 0 0 2 1 43299 488
0x00007aca2016ec00 0x0000000ac9367c00 0 0 0 0 0 2 1 43299 496
0x00007aca2016ec80 0x0000000ac9367c80 0 0 0 0 0 2 1 43299 504
0x00007aca2016ed00 0x0000000ac9367d00 0 1 0 0 0 2 1 43299 496
0x00007aca2016ed80 0x0000000ac9367d80 0 1 0 0 0 2 1 43299 504
0x00007aca2016ee00 0x0000000ac9367e00 0 0 1 0 0 2 1 43299 496
0x00007aca2016ee80 0x0000000ac9367e80 0 0 1 0 0 2 1 43299 504
0x00007aca2016ef00 0x0000000ac9367f00 0 1 1 0 0 2 1 43299 496
0x00007aca2016ef80 0x0000000ac9367f80 0 1 1 0 0 2 1 43299 504
0x00007aca20175000 0x0000000e99bab000 0 0 0 0 1 2 1 58157 192
0x00007aca20175080 0x0000000e99bab080 0 0 0 0 1 2 1 58157 200
0x00007aca20175100 0x0000000e99bab100 0 1 0 0 1 2 1 58157 192
0x00007aca20175180 0x0000000e99bab180 0 1 0 0 1 2 1 58157 200
0x00007aca20175200 0x0000000e99bab200 0 0 1 0 1 2 1 58157 192
0x00007aca20175280 0x0000000e99bab280 0 0 1 0 1 2 1 58157 200
0x00007aca20175300 0x0000000e99bab300 0 1 1 0 1 2 1 58157 192
0x00007aca20175380 0x0000000e99bab380 0 1 1 0 1 2 1 58157 200
0x00007aca20175400 0x0000000e99bab400 0 0 0 0 1 2 1 58157 208
0x00007aca20175480 0x0000000e99bab480 0 0 0 0 1 2 1 58157 216
0x00007aca20175500 0x0000000e99bab500 0 1 0 0 1 2 1 58157 208
0x00007aca20175580 0x0000000e99bab580 0 1 0 0 1 2 1 58157 216
0x00007aca20175600 0x0000000e99bab600 0 0 1 0 1 2 1 58157 208
0x00007aca20175680 0x0000000e99bab680 0 0 1 0 1 2 1 58157 216
0x00007aca20175700 0x0000000e99bab700 0 1 1 0 1 2 1 58157 208
0x00007aca20175780 0x0000000e99bab780 0 1 1 0 1 2 1 58157 216
0x00007aca20175800 0x0000000e99bab800 0 0 0 0 1 2 1 58157 224
0x00007aca20175880 0x0000000e99bab880 0 0 0 0 1 2 1 58157 232
0x00007aca20175900 0x0000000e99bab900 0 1 0 0 1 2 1 58157 224
0x00007aca20175980 0x0000000e99bab980 0 1 0 0 1 2 1 58157 232
0x00007aca20175a00 0x0000000e99baba00 0 0 1 0 1 2 1 58157 224
0x00007aca20175a80 0x0000000e99baba80 0 0 1 0 1 2 1 58157 232
0x00007aca20175b00 0x0000000e99babb00 0 1 1 0 1 2 1 58157 224
0x00007aca20175b80 0x0000000e99babb80 0 1 1 0 1 2 1 58157 232
0x00007aca20175c00 0x0000000e99babc00 0 0 0 0 1 2 1 58157 240
0x00007aca20175c80 0x0000000e99babc80 0 0 0 0 1 2 1 58157 248
0x00007aca20175d00 0x0000000e99babd00 0 1 0 0 1 2 1 58157 240
0x00007aca20175d80 0x0000000e99babd80 0 1 0 0 1 2 1 58157 248
0x00007aca20175e00 0x0000000e99babe00 0 0 1 0 1 2 1 58157 240
0x00007aca20175e80 0x0000000e99babe80 0 0 1 0 1 2 1 58157 248
0x00007aca20175f00 0x0000000e99babf00 0 1 1 0 1 2 1 58157 240
0x00007aca20175f80 0x0000000e99babf80 0 1 1 0 1 2 1 58157 248
0x00007aca2017d000 0x0000000b96351000 0 0 0 0 0 2 1 45762 576
0x00007aca2017d080 0x0000000b96351080 0 0 0 0 0 2 1 45762 584
0x00007aca2017d100 0x0000000b96351100 0 1 0 0 0 2 1 45762 576
0x00007aca2017d180 0x0000000b96351180 0 1 0 0 0 2 1 45762 584
0x00007aca2017d200 0x0000000b96351200 0 0 1 0 0 2 1 45762 576
0x00007aca2017d280 0x0000000b96351280 0 0 1 0 0 2 1 45762 584
0x00007aca2017d300 0x0000000b96351300 0 1 1 0 0 2 1 45762 576
0x00007aca2017d380 0x0000000b96351380 0 1 1 0 0 2 1 45762 584
0x00007aca2017d400 0x0000000b96351400 0 0 0 0 0 2 1 45762 592
0x00007aca2017d480 0x0000000b96351480 0 0 0 0 0 2 1 45762 600
0x00007aca2017d500 0x0000000b96351500 0 1 0 0 0 2 1 45762 592
0x00007aca2017d580 0x0000000b96351580 0 1 0 0 0 2 1 45762 600
0x00007aca2017d600 0x0000000b96351600 0 0 1 0 0 2 1 45762 592
0x00007aca2017d680 0x0000000b96351680 0 0 1 0 0 2 1 45762 600
0x00007aca2017d700 0x0000000b96351700 0 1 1 0 0 2 1 45762 592
0x00007aca2017d780 0x0000000b96351780 0 1 1 0 0 2 1 45762 600
0x00007aca2017d800 0x0000000b96351800 0 0 0 0 0 2 1 45762 608
0x00007aca2017d880 0x0000000b96351880 0 0 0 0 0 2 1 45762 616
0x00007aca2017d900 0x0000000b96351900 0 1 0 0 0 2 1 45762 608
0x00007aca2017d980 0x0000000b96351980 0 1 0 0 0 2 1 45762 616
0x00007aca2017da00 0x0000000b96351a00 0 0 1 0 0 2 1 45762 608
0x00007aca2017da80 0x0000000b96351a80 0 0 1 0 0 2 1 45762 616
0x00007aca2017db00 0x0000000b96351b00 0 1 1 0 0 2 1 45762 608
0x00007aca2017db80 0x0000000b96351b80 0 1 1 0 0 2 1 45762 616
0x00007aca2017dc00 0x0000000b96351c00 0 0 0 0 0 2 1 45762 624
0x00007aca2017dc80 0x0000000b96351c80 0 0 0 0 0 2 1 45762 632
0x00007aca2017dd00 0x0000000b96351d00 0 1 0 0 0 2 1 45762 624
0x00007aca2017dd80 0x0000000b96351d80 0 1 0 0 0 2 1 45762 632
0x00007aca2017de00 0x0000000b96351e00 0 0 1 0 0 2 1 45762 624
0x00007aca2017de80 0x0000000b96351e80 0 0 1 0 0 2 1 45762 632
0x00007aca2017df00 0x0000000b96351f00 0 1 1 0 0 2 1 45762 624
0x00007aca2017df80 0x0000000b96351f80 0 1 1 0 0 2 1 45762 632
0x00007aca20184000 0x0000000df53d9000 0 0 0 0 1 2 1 56998 576
0x00007aca20184080 0x0000000df53d9080 0 0 0 0 1 2 1 56998 584
0x00007aca20184100 0x0000000df53d9100 0 1 0 0 1 2 1 56998 576
0x00007aca20184180 0x0000000df53d9180 0 1 0 0 1 2 1 56998 584
0x00007aca20184200 0x0000000df53d9200 0 0 1 0 1 2 1 56998 576
0x00007aca20184280 0x0000000df53d9280 0 0 1 0 1 2 1 56998 584
0x00007aca20184300 0x0000000df53d9300 0 1 1 0 1 2 1 56998 576
0x00007aca20184380 0x0000000df53d9380 0 1 1 0 1 2 1 56998 584
0x00007aca20184400 0x0000000df53d9400 0 0 0 0 1 2 1 56998 592
0x00007aca20184480 0x0000000df53d9480 0 0 0 0 1 2 1 56998 600
0x00007aca20184500 0x0000000df53d9500 0 1 0 0 1 2 1 56998 592
0x00007aca20184580 0x0000000df53d9580 0 1 0 0 1 2 1 56998 600
0x00007aca20184600 0x0000000df53d9600 0 0 1 0 1 2 1 56998 592
0x00007aca20184680 0x0000000df53d9680 0 0 1 0 1 2 1 56998 600
0x00007aca20184700 0x0000000df53d9700 0 1 1 0 1 2 1 56998 592
0x00007aca20184780 0x0000000df53d9780 0 1 1 0 1 2 1 56998 600
0x00007aca20184800 0x0000000df53d9800 0 0 0 0 1 2 1 56998 608
0x00007aca20184880 0x0000000df53d9880 0 0 0 0 1 2 1 56998 616
0x00007aca20184900 0x0000000df53d9900 0 1 0 0 1 2 1 56998 608
0x00007aca20184980 0x0000000df53d9980 0 1 0 0 1 2 1 56998 616
0x00007aca20184a00 0x0000000df53d9a00 0 0 1 0 1 2 1 56998 608
0x00007aca20184a80 0x0000000df53d9a80 0 0 1 0 1 2 1 56998 616
0x00007aca20184b00 0x0000000df53d9b00 0 1 1 0 1 2 1 56998 608
0x00007aca20184b80 0x0000000df53d9b80 0 1 1 0 1 2 1 56998 616
0x00007aca20184c00 0x0000000df53d9c00 0 0 0 0 1 2 1 56998 624
0x00007aca20184c80 0x0000000df53d9c80 0 0 0 0 1 2 1 56998 632
0x00007aca20184d00 0x0000000df53d9d00 0 1 0 0 1 2 1 56998 624
0x00007aca20184d80 0x0000000df53d9d80 0 1 0 0 1 2 1 56998 632
0x00007aca20184e00 0x0000000df53d9e00 0 0 1 0 1 2 1 56998 624
0x00007aca20184e80 0x0000000df53d9e80 0 0 1 0 1 2 1 56998 632
0x00007aca20184f00 0x0000000df53d9f00 0 1 1 0 1 2 1 56998 624
0x00007aca20184f80 0x0000000df53d9f80 0 1 1 0 1 2 1 56998 632
0x00007aca20185000 0x0000000ce8bf7000 0 0 0 0 0 2 1 52495 960
0x00007aca20185080 0x0000000ce8bf7080 0 0 0 0 0 2 1 52495 968
0x00007aca20185100 0x0000000ce8bf7100 0 1 0 0 0 2 1 52495 960
0x00007aca20185180 0x0000000ce8bf7180 0 1 0 0 0 2 1 52495 968
0x00007aca20185200 0x0000000ce8bf7200 0 0 1 0 0 2 1 52495 960
0x00007aca20185280 0x0000000ce8bf7280 0 0 1 0 0 2 1 52495 968
0x00007aca20185300 0x0000000ce8bf7300 0 1 1 0 0 2 1 52495 960
0x00007aca20185380 0x0000000ce8bf7380 0 1 1 0 0 2 1 52495 968
0x00007aca20185400 0x0000000ce8bf7400 0 0 0 0 0 2 1 52495 976
0x00007aca20185480 0x0000000ce8bf7480 0 0 0 0 0 2 1 52495 984
0x00007aca20185500 0x0000000ce8bf7500 0 1 0 0 0 2 1 52495 976
0x00007aca20185580 0x0000000ce8bf7580 0 1 0 0 0 2 1 52495 984
0x00007aca20185600 0x0000000ce8bf7600 0 0 1 0 0 2 1 52495 976
0x00007aca20185680 0x0000000ce8bf7680 0 0 1 0 0 2 1 52495 984
0x00007aca20185700 0x0000000ce8bf7700 0 1 1 0 0 2 1 52495 976
0x00007aca20185780 0x0000000ce8bf7780 0 1 1 0 0 2 1 52495 984
0x00007aca20185800 0x0000000ce8bf7800 0 0 0 0 0 2 1 52495 992
0x00007aca20185880 0x0000000ce8bf7880 0 0 0 0 0 2 1 52495 1000
0x00007aca20185900 0x0000000ce8bf7900 0 1 0 0 0 2 1 52495 992
0x00007aca20185980 0x0000000ce8bf7980 0 1 0 0 0 2 1 52495 1000
0x00007aca20185a00 0x0000000ce8bf7a00 0 0 1 0 0 2 1 52495 992
0x00007aca20185a80 0x0000000ce8bf7a80 0 0 1 0 0 2 1 52495 1000
0x00007aca20185b00 0x0000000ce8bf7b00 0 1 1 0 0 2 1 52495 992
0x00007aca20185b80 0x0000000ce8bf7b80 0 1 1 0 0 2 1 52495 1000
0x00007aca20185c00 0x0000000ce8bf7c00 0 0 0 0 0 2 1 52495 1008
0x00007aca20185c80 0x0000000ce8bf7c80 0 0 0 0 0 2 1 52495 1016
0x00007aca20185d00 0x0000000ce8bf7d00 0 1 0 0 0 2 1 52495 1008
0x00007aca20185d80 0x0000000ce8bf7d80 0 1 0 0 0 2 1 52495 1016
0x00007aca20185e00 0x0000000ce8bf7e00 0 0 1 0 0 2 1 52495 1008
0x00007aca20185e80 0x0000000ce8bf7e80 0 0 1 0 0 2 1 52495 1016
0x00007aca20185f00 0x0000000ce8bf7f00 0 1 1 0 0 2 1 52495 1008
0x00007aca20185f80 0x0000000ce8bf7f80 0 1 1 0 0 2 1 52495 1016
0x00007aca20189000 0x00000003463f8000 0 0 0 0 1 2 1 10455 512
0x00007aca20189080 0x00000003463f8080 0 0 0 0 1 2 1 10455 520
0x00007aca20189100 0x00000003463f8100 0 1 0 0 1 2 1 10455 512
0x00007aca20189180 0x00000003463f8180 0 1 0 0 1 2 1 10455 520
0x00007aca20189200 0x00000003463f8200 0 0 1 0 1 2 1 10455 512
0x00007aca20189280 0x00000003463f8280 0 0 1 0 1 2 1 10455 520
0x00007aca20189300 0x00000003463f8300 0 1 1 0 1 2 1 10455 512
0x00007aca20189380 0x00000003463f8380 0 1 1 0 1 2 1 10455 520
0x00007aca20189400 0x00000003463f8400 0 0 0 0 1 2 1 10455 528
0x00007aca20189480 0x00000003463f8480 0 0 0 0 1 2 1 10455 536
0x00007aca20189500 0x00000003463f8500 0 1 0 0 1 2 1 10455 528
0x00007aca20189580 0x00000003463f8580 0 1 0 0 1 2 1 10455 536
0x00007aca20189600 0x00000003463f8600 0 0 1 0 1 2 1 10455 528
0x00007aca20189680 0x00000003463f8680 0 0 1 0 1 2 1 10455 536
0x00007aca20189700 0x00000003463f8700 0 1 1 0 1 2 1 10455 528
0x00007aca20189780 0x00000003463f8780 0 1 1 0 1 2 1 10455 536
0x00007aca20189800 0x00000003463f8800 0 0 0 0 1 2 1 10455 544
0x00007aca20189880 0x00000003463f8880 0 0 0 0 1 2 1 10455 552
0x00007aca20189900 0x00000003463f8900 0 1 0 0 1 2 1 10455 544
0x00007aca20189980 0x00000003463f8980 0 1 0 0 1 2 1 10455 552
0x00007aca20189a00 0x00000003463f8a00 0 0 1 0 1 2 1 10455 544
0x00007aca20189a80 0x00000003463f8a80 0 0 1 0 1 2 1 10455 552
0x00007aca20189b00 0x00000003463f8b00 0 1 1 0 1 2 1 10455 544
0x00007aca20189b80 0x00000003463f8b80 0 1 1 0 1 2 1 10455 552
0x00007aca20189c00 0x00000003463f8c00 0 0 0 0 1 2 1 10455 560
0x00007aca20189c80 0x00000003463f8c80 0 0 0 0 1 2 1 10455 568
0x00007aca20189d00 0x00000003463f8d00 0 1 0 0 1 2 1 10455 560
0x00007aca20189d80 0x00000003463f8d80 0 1 0 0 1 2 1 10455 568
0x00007aca20189e00 0x00000003463f8e00 0 0 1 0 1 2 1 10455 560
0x00007aca20189e80 0x00000003463f8e80 0 0 1 0 1 2 1 10455 568
0x00007aca20189f00 0x00000003463f8f00 0 1 1 0 1 2 1 10455 560
0x00007aca20189f80 0x00000003463f8f80 0 1 1 0 1 2 1 10455 568
0x00007aca20191000 0x0000000779b7d000 0 0 0 0 1 2 1 28475 832
0x00007aca20191080 0x0000000779b7d080 0 0 0 0 1 2 1 28475 840
0x00007aca20191100 0x0000000779b7d100 0 1 0 0 1 2 1 28475 832
0x00007aca20191180 0x0000000779b7d180 0 1 0 0 1 2 1 28475 840
0x00007aca20191200 0x0000000779b7d200 0 0 1 0 1 2 1 28475 832
0x00007aca20191280 0x0000000779b7d280 0 0 1 0 1 2 1 28475 840
0x00007aca20191300 0x0000000779b7d300 0 1 1 0 1 2 1 28475 832
0x00007aca20191380 0x0000000779b7d380 0 1 1 0 1 2 1 28475 840
0x00007aca20191400 0x0000000779b7d400 0 0 0 0 1 2 1 28475 848
0x00007aca20191480 0x0000000779b7d480 0 0 0 0 1 2 1 28475 856
0x00007aca20191500 0x0000000779b7d500 0 1 0 0 1 2 1 28475 848
0x00007aca20191580 0x0000000779b7d580 0 1 0 0 1 2 1 28475 856
0x00007aca20191600 0x0000000779b7d600 0 0 1 0 1 2 1 28475 848
0x00007aca20191680 0x0000000779b7d680 0 0 1 0 1 2 1 28475 856
0x00007aca20191700 0x0000000779b7d700 0 1 1 0 1 2 1 28475 848
0x00007aca20191780 0x0000000779b7d780 0 1 1 0 1 2 1 28475 856
0x00007aca20191800 0x0000000779b7d800 0 0 0 0 1 2 1 28475 864
0x00007aca20191880 0x0000000779b7d880 0 0 0 0 1 2 1 28475 872
0x00007aca20191900 0x0000000779b7d900 0 1 0 0 1 2 1 28475 864
0x00007aca20191980 0x0000000779b7d980 0 1 0 0 1 2 1 28475 872
0x00007aca20191a00 0x0000000779b7da00 0 0 1 0 1 2 1 28475 864
0x00007aca20191a80 0x0000000779b7da80 0 0 1 0 1 2 1 28475 872
0x00007aca20191b00 0x0000000779b7db00 0 1 1 0 1 2 1 28475 864
0x00007aca20191b80 0x0000000779b7db80 0 1 1 0 1 2 1 28475 872
0x00007aca20191c00 0x0000000779b7dc00 0 0 0 0 1 2 1 28475 880
0x00007aca20191c80 0x0000000779b7dc80 0 0 0 0 1 2 1 28475 888
0x00007aca20191d00 0x0000000779b7dd00 0 1 0 0 1 2 1 28475 880
0x00007aca20191d80 0x0000000779b7dd80 0 1 0 0 1 2 1 28475 888
0x00007aca20191e00 0x0000000779b7de00 0 0 1 0 1 2 1 28475 880
0x00007aca20191e80 0x0000000779b7de80 0 0 1 0 1 2 1 28475 888
0x00007aca20191f00 0x0000000779b7df00 0 1 1 0 1 2 1 28475 880
0x00007aca20191f80 0x0000000779b7df80 0 1 1 0 1 2 1 28475 888
0x00007aca20199000 0x0000000daf34f000 0 0 0 0 1 2 1 54754 448
0x00007aca20199080 0x0000000daf34f080 0 0 0 0 1 2 1 54754 456
0x00007aca20199100 0x0000000daf34f100 0 1 0 0 1 2 1 54754 448
0x00007aca20199180 0x0000000daf34f180 0 1 0 0 1 2 1 54754 456
0x00007aca20199200 0x0000000daf34f200 0 0 1 0 1 2 1 54754 448
0x00007aca20199280 0x0000000daf34f280 0 0 1 0 1 2 1 54754 456
0x00007aca20199300 0x0000000daf34f300 0 1 1 0 1 2 1 54754 448
0x00007aca20199380 0x0000000daf34f380 0 1 1 0 1 2 1 54754 456
0x00007aca20199400 0x0000000daf34f400 0 0 0 0 1 2 1 54754 464
0x00007aca20199480 0x0000000daf34f480 0 0 0 0 1 2 1 54754 472
0x00007aca20199500 0x0000000daf34f500 0 1 0 0 1 2 1 54754 464
0x00007aca20199580 0x0000000daf34f580 0 1 0 0 1 2 1 54754 472
0x00007aca20199600 0x0000000daf34f600 0 0 1 0 1 2 1 54754 464
0x00007aca20199680 0x0000000daf34f680 0 0 1 0 1 2 1 54754 472
0x00007aca20199700 0x0000000daf34f700 0 1 1 0 1 2 1 54754 464
0x00007aca20199780 0x0000000daf34f780 0 1 1 0 1 2 1 54754 472
0x00007aca20199800 0x0000000daf34f800 0 0 0 0 1 2 1 54754 480
0x00007aca20199880 0x0000000daf34f880 0 0 0 0 1 2 1 54754 488
0x00007aca20199900 0x0000000daf34f900 0 1 0 0 1 2 1 54754 480
0x00007aca20199980 0x0000000daf34f980 0 1 0 0 1 2 1 54754 488
0x00007aca20199a00 0x0000000daf34fa00 0 0 1 0 1 2 1 54754 480
0x00007aca20199a80 0x0000000daf34fa80 0 0 1 0 1 2 1 54754 488
0x00007aca20199b00 0x0000000daf34fb00 0 1 1 0 1 2 1 54754 480
0x00007aca20199b80 0x0000000daf34fb80 0 1 1 0 1 2 1 54754 488
0x00007aca20199c00 0x0000000daf34fc00 0 0 0 0 1 2 1 54754 496
0x00007aca20199c80 0x0000000daf34fc80 0 0 0 0 1 2 1 54754 504
0x00007aca20199d00 0x0000000daf34fd00 0 1 0 0 1 2 1 54754 496
0x00007aca20199d80 0x0000000daf34fd80 0 1 0 0 1 2 1 54754 504
0x00007aca20199e00 0x0000000daf34fe00 0 0 1 0 1 2 1 54754 496
0x00007aca20199e80 0x0000000daf34fe80 0 0 1 0 1 2 1 54754 504
0x00007aca20199f00 0x0000000daf34ff00 0 1 1 0 1 2 1 54754 496
0x00007aca20199f80 0x0000000daf34ff80 0 1 1 0 1 2 1 54754 504
0x00007aca201a1000 0x0000000833b3d000 0 0 0 0 1 2 1 30329 832
0x00007aca201a1080 0x0000000833b3d080 0 0 0 0 1 2 1 30329 840
0x00007aca201a1100 0x0000000833b3d100 0 1 0 0 1 2 1 30329 832
0x00007aca201a1180 0x0000000833b3d180 0 1 0 0 1 2 1 30329 840
0x00007aca201a1200 0x0000000833b3d200 0 0 1 0 1 2 1 30329 832
0x00007aca201a1280 0x0000000833b3d280 0 0 1 0 1 2 1 30329 840
0x00007aca201a1300 0x0000000833b3d300 0 1 1 0 1 2 1 30329 832
0x00007aca201a1380 0x0000000833b3d380 0 1 1 0 1 2 1 30329 840
0x00007aca201a1400 0x0000000833b3d400 0 0 0 0 1 2 1 30329 848
0x00007aca201a1480 0x0000000833b3d480 0 0 0 0 1 2 1 30329 856
0x00007aca201a1500 0x0000000833b3d500 0 1 0 0 1 2 1 30329 848
0x00007aca201a1580 0x0000000833b3d580 0 1 0 0 1 2 1 30329 856
0x00007aca201a1600 0x0000000833b3d600 0 0 1 0 1 2 1 30329 848
0x00007aca201a1680 0x0000000833b3d680 0 0 1 0 1 2 1 30329 856
0x00007aca201a1700 0x0000000833b3d700 0 1 1 0 1 2 1 30329 848
0x00007aca201a1780 0x0000000833b3d780 0 1 1 0 1 2 1 30329 856
0x00007aca201a1800 0x0000000833b3d800 0 0 0 0 1 2 1 30329 864
0x00007aca201a1880 0x0000000833b3d880 0 0 0 0 1 2 1 30329 872
0x00007aca201a1900 0x0000000833b3d900 0 1 0 0 1 2 1 30329 864
0x00007aca201a1980 0x0000000833b3d980 0 1 0 0 1 2 1 30329 872
0x00007aca201a1a00 0x0000000833b3da00 0 0 1 0 1 2 1 30329 864
0x00007aca201a1a80 0x0000000833b3da80 0 0 1 0 1 2 1 30329 872
0x00007aca201a1b00 0x0000000833b3db00 0 1 1 0 1 2 1 30329 864
0x00007aca201a1b80 0x0000000833b3db80 0 1 1 0 1 2 1 30329 872
0x00007aca201a1c00 0x0000000833b3dc00 0 0 0 0 1 2 1 30329 880
0x00007aca201a1c80 0x0000000833b3dc80 0 0 0 0 1 2 1 30329 888
0x00007aca201a1d00 0x0000000833b3dd00 0 1 0 0 1 2 1 30329 880
0x00007aca201a1d80 0x0000000833b3dd80 0 1 0 0 1 2 1 30329 888
0x00007aca201a1e00 0x0000000833b3de00 0 0 1 0 1 2 1 30329 880
0x00007aca201a1e80 0x0000000833b3de80 0 0 1 0 1 2 1 30329 888
0x00007aca201a1f00 0x0000000833b3df00 0 1 1 0 1 2 1 30329 880
0x00007aca201a1f80 0x0000000833b3df80 0 1 1 0 1 2 1 30329 888
0x00007aca201a3000 0x0000000a6fb6d000 0 0 0 0 1 2 1 40443 320
0x00007aca201a3080 0x0000000a6fb6d080 0 0 0 0 1 2 1 40443 328
0x00007aca201a3100 0x0000000a6fb6d100 0 1 0 0 1 2 1 40443 320
0x00007aca201a3180 0x0000000a6fb6d180 0 1 0 0 1 2 1 40443 328
0x00007aca201a3200 0x0000000a6fb6d200 0 0 1 0 1 2 1 40443 320
0x00007aca201a3280 0x0000000a6fb6d280 0 0 1 0 1 2 1 40443 328
0x00007aca201a3300 0x0000000a6fb6d300 0 1 1 0 1 2 1 40443 320
0x00007aca201a3380 0x0000000a6fb6d380 0 1 1 0 1 2 1 40443 328
0x00007aca201a3400 0x0000000a6fb6d400 0 0 0 0 1 2 1 40443 336
0x00007aca201a3480 0x0000000a6fb6d480 0 0 0 0 1 2 1 40443 344
0x00007aca201a3500 0x0000000a6fb6d500 0 1 0 0 1 2 1 40443 336
0x00007aca201a3580 0x0000000a6fb6d580 0 1 0 0 1 2 1 40443 344
0x00007aca201a3600 0x0000000a6fb6d600 0 0 1 0 1 2 1 40443 336
0x00007aca201a3680 0x0000000a6fb6d680 0 0 1 0 1 2 1 40443 344
0x00007aca201a3700 0x0000000a6fb6d700 0 1 1 0 1 2 1 40443 336
0x00007aca201a3780 0x0000000a6fb6d780 0 1 1 0 1 2 1 40443 344
0x00007aca201a3800 0x0000000a6fb6d800 0 0 0 0 1 2 1 40443 352
0x00007aca201a3880 0x0000000a6fb6d880 0 0 0 0 1 2 1 40443 360
0x00007aca201a3900 0x0000000a6fb6d900 0 1 0 0 1 2 1 40443 352
0x00007aca201a3980 0x0000000a6fb6d980 0 1 0 0 1 2 1 40443 360
0x00007aca201a3a00 0x0000000a6fb6da00 0 0 1 0 1 2 1 40443 352
0x00007aca201a3a80 0x0000000a6fb6da80 0 0 1 0 1 2 1 40443 360
0x00007aca201a3b00 0x0000000a6fb6db00 0 1 1 0 1 2 1 40443 352
0x00007aca201a3b80 0x0000000a6fb6db80 0 1 1 0 1 2 1 40443 360
0x00007aca201a3c00 0x0000000a6fb6dc00 0 0 0 0 1 2 1 40443 368
0x00007aca201a3c80 0x0000000a6fb6dc80 0 0 0 0 1 2 1 40443 376
0x00007aca201a3d00 0x0000000a6fb6dd00 0 1 0 0 1 2 1 40443 368
0x00007aca201a3d80 0x0000000a6fb6dd80 0 1 0 0 1 2 1 40443 376
0x00007aca201a3e00 0x0000000a6fb6de00 0 0 1 0 1 2 1 40443 368
0x00007aca201a3e80 0x0000000a6fb6de80 0 0 1 0 1 2 1 40443 376
0x00007aca201a3f00 0x0000000a6fb6df00 0 1 1 0 1 2 1 40443 368
0x00007aca201a3f80 0x0000000a6fb6df80 0 1 1 0 1 2 1 40443 376
0x00007aca201a6000 0x0000000c34b14000 0 0 0 0 0 2 1 46744 768
0x00007aca201a6080 0x0000000c34b14080 0 0 0 0 0 2 1 46744 776
0x00007aca201a6100 0x0000000c34b14100 0 1 0 0 0 2 1 46744 768
0x00007aca201a6180 0x0000000c34b14180 0 1 0 0 0 2 1 46744 776
0x00007aca201a6200 0x0000000c34b14200 0 0 1 0 0 2 1 46744 768
0x00007aca201a6280 0x0000000c34b14280 0 0 1 0 0 2 1 46744 776
0x00007aca201a6300 0x0000000c34b14300 0 1 1 0 0 2 1 46744 768
0x00007aca201a6380 0x0000000c34b14380 0 1 1 0 0 2 1 46744 776
0x00007aca201a6400 0x0000000c34b14400 0 0 0 0 0 2 1 46744 784
0x00007aca201a6480 0x0000000c34b14480 0 0 0 0 0 2 1 46744 792
0x00007aca201a6500 0x0000000c34b14500 0 1 0 0 0 2 1 46744 784
0x00007aca201a6580 0x0000000c34b14580 0 1 0 0 0 2 1 46744 792
0x00007aca201a6600 0x0000000c34b14600 0 0 1 0 0 2 1 46744 784
0x00007aca201a6680 0x0000000c34b14680 0 0 1 0 0 2 1 46744 792
0x00007aca201a6700 0x0000000c34b14700 0 1 1 0 0 2 1 46744 784
0x00007aca201a6780 0x0000000c34b14780 0 1 1 0 0 2 1 46744 792
0x00007aca201a6800 0x0000000c34b14800 0 0 0 0 0 2 1 46744 800
0x00007aca201a6880 0x0000000c34b14880 0 0 0 0 0 2 1 46744 808
0x00007aca201a6900 0x0000000c34b14900 0 1 0 0 0 2 1 46744 800
0x00007aca201a6980 0x0000000c34b14980 0 1 0 0 0 2 1 46744 808
0x00007aca201a6a00 0x0000000c34b14a00 0 0 1 0 0 2 1 46744 800
0x00007aca201a6a80 0x0000000c34b14a80 0 0 1 0 0 2 1 46744 808
0x00007aca201a6b00 0x0000000c34b14b00 0 1 1 0 0 2 1 46744 800
0x00007aca201a6b80 0x0000000c34b14b80 0 1 1 0 0 2 1 46744 808
0x00007aca201a6c00 0x0000000c34b14c00 0 0 0 0 0 2 1 46744 816
0x00007aca201a6c80 0x0000000c34b14c80 0 0 0 0 0 2 1 46744 824
0x00007aca201a6d00 0x0000000c34b14d00 0 1 0 0 0 2 1 46744 816
0x00007aca201a6d80 0x0000000c34b14d80 0 1 0 0 0 2 1 46744 824
0x00007aca201a6e00 0x0000000c34b14e00 0 0 1 0 0 2 1 46744 816
0x00007aca201a6e80 0x0000000c34b14e80 0 0 1 0 0 2 1 46744 824
0x00007aca201a6f00 0x0000000c34b14f00 0 1 1 0 0 2 1 46744 816
0x00007aca201a6f80 0x0000000c34b14f80 0 1 1 0 0 2 1 46744 824
0x00007aca201bf000 0x00000006f0b40000 0 0 0 0 0 2 1 28170 0
0x00007aca201bf080 0x00000006f0b40080 0 0 0 0 0 2 1 28170 8
0x00007aca201bf100 0x00000006f0b40100 0 1 0 0 0 2 1 28170 0
0x00007aca201bf180 0x00000006f0b40180 0 1 0 0 0 2 1 28170 8
0x00007aca201bf200 0x00000006f0b40200 0 0 1 0 0 2 1 28170 0
0x00007aca201bf280 0x00000006f0b40280 0 0 1 0 0 2 1 28170 8
0x00007aca201bf300 0x00000006f0b40300 0 1 1 0 0 2 1 28170 0
0x00007aca201bf380 0x00000006f0b40380 0 1 1 0 0 2 1 28170 8
0x00007aca201bf400 0x00000006f0b40400 0 0 0 0 0 2 1 28170 16
0x00007aca201bf480 0x00000006f0b40480 0 0 0 0 0 2 1 28170 24
0x00007aca201bf500 0x00000006f0b40500 0 1 0 0 0 2 1 28170 16
0x00007aca201bf580 0x00000006f0b40580 0 1 0 0 0 2 1 28170 24
0x00007aca201bf600 0x00000006f0b40600 0 0 1 0 0 2 1 28170 16
0x00007aca201bf680 0x00000006f0b40680 0 0 1 0 0 2 1 28170 24
0x00007aca201bf700 0x00000006f0b40700 0 1 1 0 0 2 1 28170 16
0x00007aca201bf780 0x00000006f0b40780 0 1 1 0 0 2 1 28170 24
0x00007aca201bf800 0x00000006f0b40800 0 0 0 0 0 2 1 28170 32
0x00007aca201bf880 0x00000006f0b40880 0 0 0 0 0 2 1 28170 40
0x00007aca201bf900 0x00000006f0b40900 0 1 0 0 0 2 1 28170 32
0x00007aca201bf980 0x00000006f0b40980 0 1 0 0 0 2 1 28170 40
0x00007aca201bfa00 0x00000006f0b40a00 0 0 1 0 0 2 1 28170 32
0x00007aca201bfa80 0x00000006f0b40a80 0 0 1 0 0 2 1 28170 40
0x00007aca201bfb00 0x00000006f0b40b00 0 1 1 0 0 2 1 28170 32
0x00007aca201bfb80 0x00000006f0b40b80 0 1 1 0 0 2 1 28170 40
0x00007aca201bfc00 0x00000006f0b40c00 0 0 0 0 0 2 1 28170 48
0x00007aca201bfc80 0x00000006f0b40c80 0 0 0 0 0 2 1 28170 56
0x00007aca201bfd00 0x00000006f0b40d00 0 1 0 0 0 2 1 28170 48
0x00007aca201bfd80 0x00000006f0b40d80 0 1 0 0 0 2 1 28170 56
0x00007aca201bfe00 0x00000006f0b40e00 0 0 1 0 0 2 1 28170 48
0x00007aca201bfe80 0x00000006f0b40e80 0 0 1 0 0 2 1 28170 56
0x00007aca201bff00 0x00000006f0b40f00 0 1 1 0 0 2 1 28170 48
0x00007aca201bff80 0x00000006f0b40f80 0 1 1 0 0 2 1 28170 56
0x00007aca201c4000 0x000000093bbe6000 0 0 0 0 0 2 1 34687 384
0x00007aca201c4080 0x000000093bbe6080 0 0 0 0 0 2 1 34687 392
0x00007aca201c4100 0x000000093bbe6100 0 1 0 0 0 2 1 34687 384
0x00007aca201c4180 0x000000093bbe6180 0 1 0 0 0 2 1 34687 392
0x00007aca201c4200 0x000000093bbe6200 0 0 1 0 0 2 1 34687 384
0x00007aca201c4280 0x000000093bbe6280 0 0 1 0 0 2 1 34687 392
0x00007aca201c4300 0x000000093bbe6300 0 1 1 0 0 2 1 34687 384
0x00007aca201c4380 0x000000093bbe6380 0 1 1 0 0 2 1 34687 392
0x00007aca201c4400 0x000000093bbe6400 0 0 0 0 0 2 1 34687 400
0x00007aca201c4480 0x000000093bbe6480 0 0 0 0 0 2 1 34687 408
0x00007aca201c4500 0x000000093bbe6500 0 1 0 0 0 2 1 34687 400
0x00007aca201c4580 0x000000093bbe6580 0 1 0 0 0 2 1 34687 408
0x00007aca201c4600 0x000000093bbe6600 0 0 1 0 0 2 1 34687 400
0x00007aca201c4680 0x000000093bbe6680 0 0 1 0 0 2 1 34687 408
0x00007aca201c4700 0x000000093bbe6700 0 1 1 0 0 2 1 34687 400
0x00007aca201c4780 0x000000093bbe6780 0 1 1 0 0 2 1 34687 408
0x00007aca201c4800 0x000000093bbe6800 0 0 0 0 0 2 1 34687 416
0x00007aca201c4880 0x000000093bbe6880 0 0 0 0 0 2 1 34687 424
0x00007aca201c4900 0x000000093bbe6900 0 1 0 0 0 2 1 34687 416
0x00007aca201c4980 0x000000093bbe6980 0 1 0 0 0 2 1 34687 424
0x00007aca201c4a00 0x000000093bbe6a00 0 0 1 0 0 2 1 34687 416
0x00007aca201c4a80 0x000000093bbe6a80 0 0 1 0 0 2 1 34687 424
0x00007aca201c4b00 0x000000093bbe6b00 0 1 1 0 0 2 1 34687 416
0x00007aca201c4b80 0x000000093bbe6b80 0 1 1 0 0 2 1 34687 424
0x00007aca201c4c00 0x000000093bbe6c00 0 0 0 0 0 2 1 34687 432
0x00007aca201c4c80 0x000000093bbe6c80 0 0 0 0 0 2 1 34687 440
0x00007aca201c4d00 0x000000093bbe6d00 0 1 0 0 0 2 1 34687 432
0x00007aca201c4d80 0x000000093bbe6d80 0 1 0 0 0 2 1 34687 440
0x00007aca201c4e00 0x000000093bbe6e00 0 0 1 0 0 2 1 34687 432
0x00007aca201c4e80 0x000000093bbe6e80 0 0 1 0 0 2 1 34687 440
0x00007aca201c4f00 0x000000093bbe6f00 0 1 1 0 0 2 1 34687 432
0x00007aca201c4f80 0x000000093bbe6f80 0 1 1 0 0 2 1 34687 440
0x00007aca201ca000 0x0000000b86bee000 0 0 0 0 1 2 1 45263 384
0x00007aca201ca080 0x0000000b86bee080 0 0 0 0 1 2 1 45263 392
0x00007aca201ca100 0x0000000b86bee100 0 1 0 0 1 2 1 45263 384
0x00007aca201ca180 0x0000000b86bee180 0 1 0 0 1 2 1 45263 392
0x00007aca201ca200 0x0000000b86bee200 0 0 1 0 1 2 1 45263 384
0x00007aca201ca280 0x0000000b86bee280 0 0 1 0 1 2 1 45263 392
0x00007aca201ca300 0x0000000b86bee300 0 1 1 0 1 2 1 45263 384
0x00007aca201ca380 0x0000000b86bee380 0 1 1 0 1 2 1 45263 392
0x00007aca201ca400 0x0000000b86bee400 0 0 0 0 1 2 1 45263 400
0x00007aca201ca480 0x0000000b86bee480 0 0 0 0 1 2 1 45263 408
0x00007aca201ca500 0x0000000b86bee500 0 1 0 0 1 2 1 45263 400
0x00007aca201ca580 0x0000000b86bee580 0 1 0 0 1 2 1 45263 408
0x00007aca201ca600 0x0000000b86bee600 0 0 1 0 1 2 1 45263 400
0x00007aca201ca680 0x0000000b86bee680 0 0 1 0 1 2 1 45263 408
0x00007aca201ca700 0x0000000b86bee700 0 1 1 0 1 2 1 45263 400
0x00007aca201ca780 0x0000000b86bee780 0 1 1 0 1 2 1 45263 408
0x00007aca201ca800 0x0000000b86bee800 0 0 0 0 1 2 1 45263 416
0x00007aca201ca880 0x0000000b86bee880 0 0 0 0 1 2 1 45263 424
0x00007aca201ca900 0x0000000b86bee900 0 1 0 0 1 2 1 45263 416
0x00007aca201ca980 0x0000000b86bee980 0 1 0 0 1 2 1 45263 424
0x00007aca201caa00 0x0000000b86beea00 0 0 1 0 1 2 1 45263 416
0x00007aca201caa80 0x0000000b86beea80 0 0 1 0 1 2 1 45263 424
0x00007aca201cab00 0x0000000b86beeb00 0 1 1 0 1 2 1 45263 416
0x00007aca201cab80 0x0000000b86beeb80 0 1 1 0 1 2 1 45263 424
0x00007aca201cac00 0x0000000b86beec00 0 0 0 0 1 2 1 45263 432
0x00007aca201cac80 0x0000000b86beec80 0 0 0 0 1 2 1 45263 440
0x00007aca201cad00 0x0000000b86beed00 0 1 0 0 1 2 1 45263 432
0x00007aca201cad80 0x0000000b86beed80 0 1 0 0 1 2 1 45263 440
0x00007aca201cae00 0x0000000b86beee00 0 0 1 0 1 2 1 45263 432
0x00007aca201cae80 0x0000000b86beee80 0 0 1 0 1 2 1 45263 440
0x00007aca201caf00 0x0000000b86beef00 0 1 1 0 1 2 1 45263 432
0x00007aca201caf80 0x0000000b86beef80 0 1 1 0 1 2 1 45263 440
0x00007aca201cb000 0x0000000ecabbf000 0 0 0 0 1 2 1 59725 960
0x00007aca201cb080 0x0000000ecabbf080 0 0 0 0 1 2 1 59725 968
0x00007aca201cb100 0x0000000ecabbf100 0 1 0 0 1 2 1 59725 960
0x00007aca201cb180 0x0000000ecabbf180 0 1 0 0 1 2 1 59725 968
0x00007aca201cb200 0x0000000ecabbf200 0 0 1 0 1 2 1 59725 960
0x00007aca201cb280 0x0000000ecabbf280 0 0 1 0 1 2 1 59725 968
0x00007aca201cb300 0x0000000ecabbf300 0 1 1 0 1 2 1 59725 960
0x00007aca201cb380 0x0000000ecabbf380 0 1 1 0 1 2 1 59725 968
0x00007aca201cb400 0x0000000ecabbf400 0 0 0 0 1 2 1 59725 976
0x00007aca201cb480 0x0000000ecabbf480 0 0 0 0 1 2 1 59725 984
0x00007aca201cb500 0x0000000ecabbf500 0 1 0 0 1 2 1 59725 976
0x00007aca201cb580 0x0000000ecabbf580 0 1 0 0 1 2 1 59725 984
0x00007aca201cb600 0x0000000ecabbf600 0 0 1 0 1 2 1 59725 976
0x00007aca201cb680 0x0000000ecabbf680 0 0 1 0 1 2 1 59725 984
0x00007aca201cb700 0x0000000ecabbf700 0 1 1 0 1 2 1 59725 976
0x00007aca201cb780 0x0000000ecabbf780 0 1 1 0 1 2 1 59725 984
0x00007aca201cb800 0x0000000ecabbf800 0 0 0 0 1 2 1 59725 992
0x00007aca201cb880 0x0000000ecabbf880 0 0 0 0 1 2 1 59725 1000
0x00007aca201cb900 0x0000000ecabbf900 0 1 0 0 1 2 1 59725 992
0x00007aca201cb980 0x0000000ecabbf980 0 1 0 0 1 2 1 59725 1000
0x00007aca201cba00 0x0000000ecabbfa00 0 0 1 0 1 2 1 59725 992
0x00007aca201cba80 0x0000000ecabbfa80 0 0 1 0 1 2 1 59725 1000
0x00007aca201cbb00 0x0000000ecabbfb00 0 1 1 0 1 2 1 59725 992
0x00007aca201cbb80 0x0000000ecabbfb80 0 1 1 0 1 2 1 59725 1000
0x00007aca201cbc00 0x0000000ecabbfc00 0 0 0 0 1 2 1 59725 1008
0x00007aca201cbc80 0x0000000ecabbfc80 0 0 0 0 1 2 1 59725 1016
0x00007aca201cbd00 0x0000000ecabbfd00 0 1 0 0 1 2 1 59725 1008
0x00007aca201cbd80 0x0000000ecabbfd80 0 1 0 0 1 2 1 59725 1016
0x00007aca201cbe00 0x0000000ecabbfe00 0 0 1 0 1 2 1 59725 1008
0x00007aca201cbe80 0x0000000ecabbfe80 0 0 1 0 1 2 1 59725 1016
0x00007aca201cbf00 0x0000000ecabbff00 0 1 1 0 1 2 1 59725 1008
0x00007aca201cbf80 0x0000000ecabbff80 0 1 1 0 1 2 1 59725 1016
0x00007aca201d0000 0x0000000193bec000 0 0 0 0 1 2 1 4719 256
0x00007aca201d0080 0x0000000193bec080 0 0 0 0 1 2 1 4719 264
0x00007aca201d0100 0x0000000193bec100 0 1 0 0 1 2 1 4719 256
0x00007aca201d0180 0x0000000193bec180 0 1 0 0 1 2 1 4719 264
0x00007aca201d0200 0x0000000193bec200 0 0 1 0 1 2 1 4719 256
0x00007aca201d0280 0x0000000193bec280 0 0 1 0 1 2 1 4719 264
0x00007aca201d0300 0x0000000193bec300 0 1 1 0 1 2 1 4719 256
0x00007aca201d0380 0x0000000193bec380 0 1 1 0 1 2 1 4719 264
0x00007aca201d0400 0x0000000193bec400 0 0 0 0 1 2 1 4719 272
0x00007aca201d0480 0x0000000193bec480 0 0 0 0 1 2 1 4719 280
0x00007aca201d0500 0x0000000193bec500 0 1 0 0 1 2 1 4719 272
0x00007aca201d0580 0x0000000193bec580 0 1 0 0 1 2 1 4719 280
0x00007aca201d0600 0x0000000193bec600 0 0 1 0 1 2 1 4719 272
0x00007aca201d0680 0x0000000193bec680 0 0 1 0 1 2 1 4719 280
0x00007aca201d0700 0x0000000193bec700 0 1 1 0 1 2 1 4719 272
0x00007aca201d0780 0x0000000193bec780 0 1 1 0 1 2 1 4719 280
0x00007aca201d0800 0x0000000193bec800 0 0 0 0 1 2 1 4719 288
0x00007aca201d0880 0x0000000193bec880 0 0 0 0 1 2 1 4719 296
0x00007aca201d0900 0x0000000193bec900 0 1 0 0 1 2 1 4719 288
0x00007aca201d0980 0x0000000193bec980 0 1 0 0 1 2 1 4719 296
0x00007aca201d0a00 0x0000000193beca00 0 0 1 0 1 2 1 4719 288
0x00007aca201d0a80 0x0000000193beca80 0 0 1 0 1 2 1 4719 296
0x00007aca201d0b00 0x0000000193becb00 0 1 1 0 1 2 1 4719 288
0x00007aca201d0b80 0x0000000193becb80 0 1 1 0 1 2 1 4719 296
0x00007aca201d0c00 0x0000000193becc00 0 0 0 0 1 2 1 4719 304
0x00007aca201d0c80 0x0000000193becc80 0 0 0 0 1 2 1 4719 312
0x00007aca201d0d00 0x0000000193becd00 0 1 0 0 1 2 1 4719 304
0x00007aca201d0d80 0x0000000193becd80 0 1 0 0 1 2 1 4719 312
0x00007aca201d0e00 0x0000000193bece00 0 0 1 0 1 2 1 4719 304
0x00007aca201d0e80 0x0000000193bece80 0 0 1 0 1 2 1 4719 312
0x00007aca201d0f00 0x0000000193becf00 0 1 1 0 1 2 1 4719 304
0x00007aca201d0f80 0x0000000193becf80 0 1 1 0 1 2 1 4719 312
0x00007aca201d6000 0x0000000a2a3f6000 0 0 0 0 0 2 1 38231 896
0x00007aca201d6080 0x0000000a2a3f6080 0 0 0 0 0 2 1 38231 904
0x00007aca201d6100 0x0000000a2a3f6100 0 1 0 0 0 2 1 38231 896
0x00007aca201d6180 0x0000000a2a3f6180 0 1 0 0 0 2 1 38231 904
0x00007aca201d6200 0x0000000a2a3f6200 0 0 1 0 0 2 1 38231 896
0x00007aca201d6280 0x0000000a2a3f6280 0 0 1 0 0 2 1 38231 904
0x00007aca201d6300 0x0000000a2a3f6300 0 1 1 0 0 2 1 38231 896
0x00007aca201d6380 0x0000000a2a3f6380 0 1 1 0 0 2 1 38231 904
0x00007aca201d6400 0x0000000a2a3f6400 0 0 0 0 0 2 1 38231 912
0x00007aca201d6480 0x0000000a2a3f6480 0 0 0 0 0 2 1 38231 920
0x00007aca201d6500 0x0000000a2a3f6500 0 1 0 0 0 2 1 38231 912
0x00007aca201d6580 0x0000000a2a3f6580 0 1 0 0 0 2 1 38231 920
0x00007aca201d6600 0x0000000a2a3f6600 0 0 1 0 0 2 1 38231 912
0x00007aca201d6680 0x0000000a2a3f6680 0 0 1 0 0 2 1 38231 920
0x00007aca201d6700 0x0000000a2a3f6700 0 1 1 0 0 2 1 38231 912
0x00007aca201d6780 0x0000000a2a3f6780 0 1 1 0 0 2 1 38231 920
0x00007aca201d6800 0x0000000a2a3f6800 0 0 0 0 0 2 1 38231 928
0x00007aca201d6880 0x0000000a2a3f6880 0 0 0 0 0 2 1 38231 936
0x00007aca201d6900 0x0000000a2a3f6900 0 1 0 0 0 2 1 38231 928
0x00007aca201d6980 0x0000000a2a3f6980 0 1 0 0 0 2 1 38231 936
0x00007aca201d6a00 0x0000000a2a3f6a00 0 0 1 0 0 2 1 38231 928
0x00007aca201d6a80 0x0000000a2a3f6a80 0 0 1 0 0 2 1 38231 936
0x00007aca201d6b00 0x0000000a2a3f6b00 0 1 1 0 0 2 1 38231 928
0x00007aca201d6b80 0x0000000a2a3f6b80 0 1 1 0 0 2 1 38231 936
0x00007aca201d6c00 0x0000000a2a3f6c00 0 0 0 0 0 2 1 38231 944
0x00007aca201d6c80 0x0000000a2a3f6c80 0 0 0 0 0 2 1 38231 952
0x00007aca201d6d00 0x0000000a2a3f6d00 0 1 0 0 0 2 1 38231 944
0x00007aca201d6d80 0x0000000a2a3f6d80 0 1 0 0 0 2 1 38231 952
0x00007aca201d6e00 0x0000000a2a3f6e00 0 0 1 0 0 2 1 38231 944
0x00007aca201d6e80 0x0000000a2a3f6e80 0 0 1 0 0 2 1 38231 952
0x00007aca201d6f00 0x0000000a2a3f6f00 0 1 1 0 0 2 1 38231 944
0x00007aca201d6f80 0x0000000a2a3f6f80 0 1 1 0 0 2 1 38231 952
0x00007aca201da000 0x0000000ef23b8000 0 0 0 0 1 2 1 60997 512
0x00007aca201da080 0x0000000ef23b8080 0 0 0 0 1 2 1 60997 520
0x00007aca201da100 0x0000000ef23b8100 0 1 0 0 1 2 1 60997 512
0x00007aca201da180 0x0000000ef23b8180 0 1 0 0 1 2 1 60997 520
0x00007aca201da200 0x0000000ef23b8200 0 0 1 0 1 2 1 60997 512
0x00007aca201da280 0x0000000ef23b8280 0 0 1 0 1 2 1 60997 520
0x00007aca201da300 0x0000000ef23b8300 0 1 1 0 1 2 1 60997 512
0x00007aca201da380 0x0000000ef23b8380 0 1 1 0 1 2 1 60997 520
0x00007aca201da400 0x0000000ef23b8400 0 0 0 0 1 2 1 60997 528
0x00007aca201da480 0x0000000ef23b8480 0 0 0 0 1 2 1 60997 536
0x00007aca201da500 0x0000000ef23b8500 0 1 0 0 1 2 1 60997 528
0x00007aca201da580 0x0000000ef23b8580 0 1 0 0 1 2 1 60997 536
0x00007aca201da600 0x0000000ef23b8600 0 0 1 0 1 2 1 60997 528
0x00007aca201da680 0x0000000ef23b8680 0 0 1 0 1 2 1 60997 536
0x00007aca201da700 0x0000000ef23b8700 0 1 1 0 1 2 1 60997 528
0x00007aca201da780 0x0000000ef23b8780 0 1 1 0 1 2 1 60997 536
0x00007aca201da800 0x0000000ef23b8800 0 0 0 0 1 2 1 60997 544
0x00007aca201da880 0x0000000ef23b8880 0 0 0 0 1 2 1 60997 552
0x00007aca201da900 0x0000000ef23b8900 0 1 0 0 1 2 1 60997 544
0x00007aca201da980 0x0000000ef23b8980 0 1 0 0 1 2 1 60997 552
0x00007aca201daa00 0x0000000ef23b8a00 0 0 1 0 1 2 1 60997 544
0x00007aca201daa80 0x0000000ef23b8a80 0 0 1 0 1 2 1 60997 552
0x00007aca201dab00 0x0000000ef23b8b00 0 1 1 0 1 2 1 60997 544
0x00007aca201dab80 0x0000000ef23b8b80 0 1 1 0 1 2 1 60997 552
0x00007aca201dac00 0x0000000ef23b8c00 0 0 0 0 1 2 1 60997 560
0x00007aca201dac80 0x0000000ef23b8c80 0 0 0 0 1 2 1 60997 568
0x00007aca201dad00 0x0000000ef23b8d00 0 1 0 0 1 2 1 60997 560
0x00007aca201dad80 0x0000000ef23b8d80 0 1 0 0 1 2 1 60997 568
0x00007aca201dae00 0x0000000ef23b8e00 0 0 1 0 1 2 1 60997 560
0x00007aca201dae80 0x0000000ef23b8e80 0 0 1 0 1 2 1 60997 568
0x00007aca201daf00 0x0000000ef23b8f00 0 1 1 0 1 2 1 60997 560
0x00007aca201daf80 0x0000000ef23b8f80 0 1 1 0 1 2 1 60997 568
0x00007aca201dc000 0x000000064031c000 0 0 0 0 1 2 1 22544 768
0x00007aca201dc080 0x000000064031c080 0 0 0 0 1 2 1 22544 776
0x00007aca201dc100 0x000000064031c100 0 1 0 0 1 2 1 22544 768
0x00007aca201dc180 0x000000064031c180 0 1 0 0 1 2 1 22544 776
0x00007aca201dc200 0x000000064031c200 0 0 1 0 1 2 1 22544 768
0x00007aca201dc280 0x000000064031c280 0 0 1 0 1 2 1 22544 776
0x00007aca201dc300 0x000000064031c300 0 1 1 0 1 2 1 22544 768
0x00007aca201dc380 0x000000064031c380 0 1 1 0 1 2 1 22544 776
0x00007aca201dc400 0x000000064031c400 0 0 0 0 1 2 1 22544 784
0x00007aca201dc480 0x000000064031c480 0 0 0 0 1 2 1 22544 792
0x00007aca201dc500 0x000000064031c500 0 1 0 0 1 2 1 22544 784
0x00007aca201dc580 0x000000064031c580 0 1 0 0 1 2 1 22544 792
0x00007aca201dc600 0x000000064031c600 0 0 1 0 1 2 1 22544 784
0x00007aca201dc680 0x000000064031c680 0 0 1 0 1 2 1 22544 792
0x00007aca201dc700 0x000000064031c700 0 1 1 0 1 2 1 22544 784
0x00007aca201dc780 0x000000064031c780 0 1 1 0 1 2 1 22544 792
0x00007aca201dc800 0x000000064031c800 0 0 0 0 1 2 1 22544 800
0x00007aca201dc880 0x000000064031c880 0 0 0 0 1 2 1 22544 808
0x00007aca201dc900 0x000000064031c900 0 1 0 0 1 2 1 22544 800
0x00007aca201dc980 0x000000064031c980 0 1 0 0 1 2 1 22544 808
0x00007aca201dca00 0x000000064031ca00 0 0 1 0 1 2 1 22544 800
0x00007aca201dca80 0x000000064031ca80 0 0 1 0 1 2 1 22544 808
0x00007aca201dcb00 0x000000064031cb00 0 1 1 0 1 2 1 22544 800
0x00007aca201dcb80 0x000000064031cb80 0 1 1 0 1 2 1 22544 808
0x00007aca201dcc00 0x000000064031cc00 0 0 0 0 1 2 1 22544 816
0x00007aca201dcc80 0x000000064031cc80 0 0 0 0 1 2 1 22544 824
0x00007aca201dcd00 0x000000064031cd00 0 1 0 0 1 2 1 22544 816
0x00007aca201dcd80 0x000000064031cd80 0 1 0 0 1 2 1 22544 824
0x00007aca201dce00 0x000000064031ce00 0 0 1 0 1 2 1 22544 816
0x00007aca201dce80 0x000000064031ce80 0 0 1 0 1 2 1 22544 824
0x00007aca201dcf00 0x000000064031cf00 0 1 1 0 1 2 1 22544 816
0x00007aca201dcf80 0x000000064031cf80 0 1 1 0 1 2 1 22544 824
0x00007aca201e5000 0x000000049fbfb000 0 0 0 0 1 2 1 17391 704
0x00007aca201e5080 0x000000049fbfb080 0 0 0 0 1 2 1 17391 712
0x00007aca201e5100 0x000000049fbfb100 0 1 0 0 1 2 1 17391 704
0x00007aca201e5180 0x000000049fbfb180 0 1 0 0 1 2 1 17391 712
0x00007aca201e5200 0x000000049fbfb200 0 0 1 0 1 2 1 17391 704
0x00007aca201e5280 0x000000049fbfb280 0 0 1 0 1 2 1 17391 712
0x00007aca201e5300 0x000000049fbfb300 0 1 1 0 1 2 1 17391 704
0x00007aca201e5380 0x000000049fbfb380 0 1 1 0 1 2 1 17391 712
0x00007aca201e5400 0x000000049fbfb400 0 0 0 0 1 2 1 17391 720
0x00007aca201e5480 0x000000049fbfb480 0 0 0 0 1 2 1 17391 728
0x00007aca201e5500 0x000000049fbfb500 0 1 0 0 1 2 1 17391 720
0x00007aca201e5580 0x000000049fbfb580 0 1 0 0 1 2 1 17391 728
0x00007aca201e5600 0x000000049fbfb600 0 0 1 0 1 2 1 17391 720
0x00007aca201e5680 0x000000049fbfb680 0 0 1 0 1 2 1 17391 728
0x00007aca201e5700 0x000000049fbfb700 0 1 1 0 1 2 1 17391 720
0x00007aca201e5780 0x000000049fbfb780 0 1 1 0 1 2 1 17391 728
0x00007aca201e5800 0x000000049fbfb800 0 0 0 0 1 2 1 17391 736
0x00007aca201e5880 0x000000049fbfb880 0 0 0 0 1 2 1 17391 744
0x00007aca201e5900 0x000000049fbfb900 0 1 0 0 1 2 1 17391 736
0x00007aca201e5980 0x000000049fbfb980 0 1 0 0 1 2 1 17391 744
0x00007aca201e5a00 0x000000049fbfba00 0 0 1 0 1 2 1 17391 736
0x00007aca201e5a80 0x000000049fbfba80 0 0 1 0 1 2 1 17391 744
0x00007aca201e5b00 0x000000049fbfbb00 0 1 1 0 1 2 1 17391 736
0x00007aca201e5b80 0x000000049fbfbb80 0 1 1 0 1 2 1 17391 744
0x00007aca201e5c00 0x000000049fbfbc00 0 0 0 0 1 2 1 17391 752
0x00007aca201e5c80 0x000000049fbfbc80 0 0 0 0 1 2 1 17391 760
0x00007aca201e5d00 0x000000049fbfbd00 0 1 0 0 1 2 1 17391 752
0x00007aca201e5d80 0x000000049fbfbd80 0 1 0 0 1 2 1 17391 760
0x00007aca201e5e00 0x000000049fbfbe00 0 0 1 0 1 2 1 17391 752
0x00007aca201e5e80 0x000000049fbfbe80 0 0 1 0 1 2 1 17391 760
0x00007aca201e5f00 0x000000049fbfbf00 0 1 1 0 1 2 1 17391 752
0x00007aca201e5f80 0x000000049fbfbf80 0 1 1 0 1 2 1 17391 760
0x00007aca201ef000 0x0000000e5ab33000 0 0 0 0 0 2 1 56153 704
0x00007aca201ef080 0x0000000e5ab33080 0 0 0 0 0 2 1 56153 712
0x00007aca201ef100 0x0000000e5ab33100 0 1 0 0 0 2 1 56153 704
0x00007aca201ef180 0x0000000e5ab33180 0 1 0 0 0 2 1 56153 712
0x00007aca201ef200 0x0000000e5ab33200 0 0 1 0 0 2 1 56153 704
0x00007aca201ef280 0x0000000e5ab33280 0 0 1 0 0 2 1 56153 712
0x00007aca201ef300 0x0000000e5ab33300 0 1 1 0 0 2 1 56153 704
0x00007aca201ef380 0x0000000e5ab33380 0 1 1 0 0 2 1 56153 712
0x00007aca201ef400 0x0000000e5ab33400 0 0 0 0 0 2 1 56153 720
0x00007aca201ef480 0x0000000e5ab33480 0 0 0 0 0 2 1 56153 728
0x00007aca201ef500 0x0000000e5ab33500 0 1 0 0 0 2 1 56153 720
0x00007aca201ef580 0x0000000e5ab33580 0 1 0 0 0 2 1 56153 728
0x00007aca201ef600 0x0000000e5ab33600 0 0 1 0 0 2 1 56153 720
0x00007aca201ef680 0x0000000e5ab33680 0 0 1 0 0 2 1 56153 728
0x00007aca201ef700 0x0000000e5ab33700 0 1 1 0 0 2 1 56153 720
0x00007aca201ef780 0x0000000e5ab33780 0 1 1 0 0 2 1 56153 728
0x00007aca201ef800 0x0000000e5ab33800 0 0 0 0 0 2 1 56153 736
0x00007aca201ef880 0x0000000e5ab33880 0 0 0 0 0 2 1 56153 744
0x00007aca201ef900 0x0000000e5ab33900 0 1 0 0 0 2 1 56153 736
0x00007aca201ef980 0x0000000e5ab33980 0 1 0 0 0 2 1 56153 744
0x00007aca201efa00 0x0000000e5ab33a00 0 0 1 0 0 2 1 56153 736
0x00007aca201efa80 0x0000000e5ab33a80 0 0 1 0 0 2 1 56153 744
0x00007aca201efb00 0x0000000e5ab33b00 0 1 1 0 0 2 1 56153 736
0x00007aca201efb80 0x0000000e5ab33b80 0 1 1 0 0 2 1 56153 744
0x00007aca201efc00 0x0000000e5ab33c00 0 0 0 0 0 2 1 56153 752
0x00007aca201efc80 0x0000000e5ab33c80 0 0 0 0 0 2 1 56153 760
0x00007aca201efd00 0x0000000e5ab33d00 0 1 0 0 0 2 1 56153 752
0x00007aca201efd80 0x0000000e5ab33d80 0 1 0 0 0 2 1 56153 760
0x00007aca201efe00 0x0000000e5ab33e00 0 0 1 0 0 2 1 56153 752
0x00007aca201efe80 0x0000000e5ab33e80 0 0 1 0 0 2 1 56153 760
0x00007aca201eff00 0x0000000e5ab33f00 0 1 1 0 0 2 1 56153 752
0x00007aca201eff80 0x0000000e5ab33f80 0 1 1 0 0 2 1 56153 760
0x00007aca201f6000 0x00000007f7b9a000 0 0 0 0 1 2 1 32492 640
0x00007aca201f6080 0x00000007f7b9a080 0 0 0 0 1 2 1 32492 648
0x00007aca201f6100 0x00000007f7b9a100 0 1 0 0 1 2 1 32492 640
0x00007aca201f6180 0x00000007f7b9a180 0 1 0 0 1 2 1 32492 648
0x00007aca201f6200 0x00000007f7b9a200 0 0 1 0 1 2 1 32492 640
0x00007aca201f6280 0x00000007f7b9a280 0 0 1 0 1 2 1 32492 648
0x00007aca201f6300 0x00000007f7b9a300 0 1 1 0 1 2 1 32492 640
0x00007aca201f6380 0x00000007f7b9a380 0 1 1 0 1 2 1 32492 648
0x00007aca201f6400 0x00000007f7b9a400 0 0 0 0 1 2 1 32492 656
0x00007aca201f6480 0x00000007f7b9a480 0 0 0 0 1 2 1 32492 664
0x00007aca201f6500 0x00000007f7b9a500 0 1 0 0 1 2 1 32492 656
0x00007aca201f6580 0x00000007f7b9a580 0 1 0 0 1 2 1 32492 664
0x00007aca201f6600 0x00000007f7b9a600 0 0 1 0 1 2 1 32492 656
0x00007aca201f6680 0x00000007f7b9a680 0 0 1 0 1 2 1 32492 664
0x00007aca201f6700 0x00000007f7b9a700 0 1 1 0 1 2 1 32492 656
0x00007aca201f6780 0x00000007f7b9a780 0 1 1 0 1 2 1 32492 664
0x00007aca201f6800 0x00000007f7b9a800 0 0 0 0 1 2 1 32492 672
0x00007aca201f6880 0x00000007f7b9a880 0 0 0 0 1 2 1 32492 680
0x00007aca201f6900 0x00000007f7b9a900 0 1 0 0 1 2 1 32492 672
0x00007aca201f6980 0x00000007f7b9a980 0 1 0 0 1 2 1 32492 680
0x00007aca201f6a00 0x00000007f7b9aa00 0 0 1 0 1 2 1 32492 672
0x00007aca201f6a80 0x00000007f7b9aa80 0 0 1 0 1 2 1 32492 680
0x00007aca201f6b00 0x00000007f7b9ab00 0 1 1 0 1 2 1 32492 672
0x00007aca201f6b80 0x00000007f7b9ab80 0 1 1 0 1 2 1 32492 680
0x00007aca201f6c00 0x00000007f7b9ac00 0 0 0 0 1 2 1 32492 688
0x00007aca201f6c80 0x00000007f7b9ac80 0 0 0 0 1 2 1 32492 696
0x00007aca201f6d00 0x00000007f7b9ad00 0 1 0 0 1 2 1 32492 688
0x00007aca201f6d80 0x00000007f7b9ad80 0 1 0 0 1 2 1 32492 696
0x00007aca201f6e00 0x00000007f7b9ae00 0 0 1 0 1 2 1 32492 688
0x00007aca201f6e80 0x00000007f7b9ae80 0 0 1 0 1 2 1 32492 696
0x00007aca201f6f00 0x00000007f7b9af00 0 1 1 0 1 2 1 32492 688
0x00007aca201f6f80 0x00000007f7b9af80 0 1 1 0 1 2 1 32492 696
0x00007aca20202000 0x0000000bf2b0d000 0 0 0 0 1 2 1 48712 320
0x00007aca20202080 0x0000000bf2b0d080 0 0 0 0 1 2 1 48712 328
0x00007aca20202100 0x0000000bf2b0d100 0 1 0 0 1 2 1 48712 320
0x00007aca20202180 0x0000000bf2b0d180 0 1 0 0 1 2 1 48712 328
0x00007aca20202200 0x0000000bf2b0d200 0 0 1 0 1 2 1 48712 320
0x00007aca20202280 0x0000000bf2b0d280 0 0 1 0 1 2 1 48712 328
0x00007aca20202300 0x0000000bf2b0d300 0 1 1 0 1 2 1 48712 320
0x00007aca20202380 0x0000000bf2b0d380 0 1 1 0 1 2 1 48712 328
0x00007aca20202400 0x0000000bf2b0d400 0 0 0 0 1 2 1 48712 336
0x00007aca20202480 0x0000000bf2b0d480 0 0 0 0 1 2 1 48712 344
0x00007aca20202500 0x0000000bf2b0d500 0 1 0 0 1 2 1 48712 336
0x00007aca20202580 0x0000000bf2b0d580 0 1 0 0 1 2 1 48712 344
0x00007aca20202600 0x0000000bf2b0d600 0 0 1 0 1 2 1 48712 336
0x00007aca20202680 0x0000000bf2b0d680 0 0 1 0 1 2 1 48712 344
0x00007aca20202700 0x0000000bf2b0d700 0 1 1 0 1 2 1 48712 336
0x00007aca20202780 0x0000000bf2b0d780 0 1 1 0 1 2 1 48712 344
0x00007aca20202800 0x0000000bf2b0d800 0 0 0 0 1 2 1 48712 352
0x00007aca20202880 0x0000000bf2b0d880 0 0 0 0 1 2 1 48712 360
0x00007aca20202900 0x0000000bf2b0d900 0 1 0 0 1 2 1 48712 352
0x00007aca20202980 0x0000000bf2b0d980 0 1 0 0 1 2 1 48712 360
0x00007aca20202a00 0x0000000bf2b0da00 0 0 1 0 1 2 1 48712 352
0x00007aca20202a80 0x0000000bf2b0da80 0 0 1 0 1 2 1 48712 360
0x00007aca20202b00 0x0000000bf2b0db00 0 1 1 0 1 2 1 48712 352
0x00007aca20202b80 0x0000000bf2b0db80 0 1 1 0 1 2 1 48712 360
0x00007aca20202c00 0x0000000bf2b0dc00 0 0 0 0 1 2 1 48712 368
0x00007aca20202c80 0x0000000bf2b0dc80 0 0 0 0 1 2 1 48712 376
0x00007aca20202d00 0x0000000bf2b0dd00 0 1 0 0 1 2 1 48712 368
0x00007aca20202d80 0x0000000bf2b0dd80 0 1 0 0 1 2 1 48712 376
0x00007aca20202e00 0x0000000bf2b0de00 0 0 1 0 1 2 1 48712 368
0x00007aca20202e80 0x0000000bf2b0de80 0 0 1 0 1 2 1 48712 376
0x00007aca20202f00 0x0000000bf2b0df00 0 1 1 0 1 2 1 48712 368
0x00007aca20202f80 0x0000000bf2b0df80 0 1 1 0 1 2 1 48712 376
0x00007aca20209000 0x0000000d7f3f3000 0 0 0 0 0 2 1 53239 704
0x00007aca20209080 0x0000000d7f3f3080 0 0 0 0 0 2 1 53239 712
0x00007aca20209100 0x0000000d7f3f3100 0 1 0 0 0 2 1 53239 704
0x00007aca20209180 0x0000000d7f3f3180 0 1 0 0 0 2 1 53239 712
0x00007aca20209200 0x0000000d7f3f3200 0 0 1 0 0 2 1 53239 704
0x00007aca20209280 0x0000000d7f3f3280 0 0 1 0 0 2 1 53239 712
0x00007aca20209300 0x0000000d7f3f3300 0 1 1 0 0 2 1 53239 704
0x00007aca20209380 0x0000000d7f3f3380 0 1 1 0 0 2 1 53239 712
0x00007aca20209400 0x0000000d7f3f3400 0 0 0 0 0 2 1 53239 720
0x00007aca20209480 0x0000000d7f3f3480 0 0 0 0 0 2 1 53239 728
0x00007aca20209500 0x0000000d7f3f3500 0 1 0 0 0 2 1 53239 720
0x00007aca20209580 0x0000000d7f3f3580 0 1 0 0 0 2 1 53239 728
0x00007aca20209600 0x0000000d7f3f3600 0 0 1 0 0 2 1 53239 720
0x00007aca20209680 0x0000000d7f3f3680 0 0 1 0 0 2 1 53239 728
0x00007aca20209700 0x0000000d7f3f3700 0 1 1 0 0 2 1 53239 720
0x00007aca20209780 0x0000000d7f3f3780 0 1 1 0 0 2 1 53239 728
0x00007aca20209800 0x0000000d7f3f3800 0 0 0 0 0 2 1 53239 736
0x00007aca20209880 0x0000000d7f3f3880 0 0 0 0 0 2 1 53239 744
0x00007aca20209900 0x0000000d7f3f3900 0 1 0 0 0 2 1 53239 736
0x00007aca20209980 0x0000000d7f3f3980 0 1 0 0 0 2 1 53239 744
0x00007aca20209a00 0x0000000d7f3f3a00 0 0 1 0 0 2 1 53239 736
0x00007aca20209a80 0x0000000d7f3f3a80 0 0 1 0 0 2 1 53239 744
0x00007aca20209b00 0x0000000d7f3f3b00 0 1 1 0 0 2 1 53239 736
0x00007aca20209b80 0x0000000d7f3f3b80 0 1 1 0 0 2 1 53239 744
0x00007aca20209c00 0x0000000d7f3f3c00 0 0 0 0 0 2 1 53239 752
0x00007aca20209c80 0x0000000d7f3f3c80 0 0 0 0 0 2 1 53239 760
0x00007aca20209d00 0x0000000d7f3f3d00 0 1 0 0 0 2 1 53239 752
0x00007aca20209d80 0x0000000d7f3f3d80 0 1 0 0 0 2 1 53239 760
0x00007aca20209e00 0x0000000d7f3f3e00 0 0 1 0 0 2 1 53239 752
0x00007aca20209e80 0x0000000d7f3f3e80 0 0 1 0 0 2 1 53239 760
0x00007aca20209f00 0x0000000d7f3f3f00 0 1 1 0 0 2 1 53239 752
0x00007aca20209f80 0x0000000d7f3f3f80 0 1 1 0 0 2 1 53239 760
0x00007aca2020f000 0x0000000ecabd0000 0 0 0 0 0 2 1 59726 512
0x00007aca2020f080 0x0000000ecabd0080 0 0 0 0 0 2 1 59726 520
0x00007aca2020f100 0x0000000ecabd0100 0 1 0 0 0 2 1 59726 512
0x00007aca2020f180 0x0000000ecabd0180 0 1 0 0 0 2 1 59726 520
0x00007aca2020f200 0x0000000ecabd0200 0 0 1 0 0 2 1 59726 512
0x00007aca2020f280 0x0000000ecabd0280 0 0 1 0 0 2 1 59726 520
0x00007aca2020f300 0x0000000ecabd0300 0 1 1 0 0 2 1 59726 512
0x00007aca2020f380 0x0000000ecabd0380 0 1 1 0 0 2 1 59726 520
0x00007aca2020f400 0x0000000ecabd0400 0 0 0 0 0 2 1 59726 528
0x00007aca2020f480 0x0000000ecabd0480 0 0 0 0 0 2 1 59726 536
0x00007aca2020f500 0x0000000ecabd0500 0 1 0 0 0 2 1 59726 528
0x00007aca2020f580 0x0000000ecabd0580 0 1 0 0 0 2 1 59726 536
0x00007aca2020f600 0x0000000ecabd0600 0 0 1 0 0 2 1 59726 528
0x00007aca2020f680 0x0000000ecabd0680 0 0 1 0 0 2 1 59726 536
0x00007aca2020f700 0x0000000ecabd0700 0 1 1 0 0 2 1 59726 528
0x00007aca2020f780 0x0000000ecabd0780 0 1 1 0 0 2 1 59726 536
0x00007aca2020f800 0x0000000ecabd0800 0 0 0 0 0 2 1 59726 544
0x00007aca2020f880 0x0000000ecabd0880 0 0 0 0 0 2 1 59726 552
0x00007aca2020f900 0x0000000ecabd0900 0 1 0 0 0 2 1 59726 544
0x00007aca2020f980 0x0000000ecabd0980 0 1 0 0 0 2 1 59726 552
0x00007aca2020fa00 0x0000000ecabd0a00 0 0 1 0 0 2 1 59726 544
0x00007aca2020fa80 0x0000000ecabd0a80 0 0 1 0 0 2 1 59726 552
0x00007aca2020fb00 0x0000000ecabd0b00 0 1 1 0 0 2 1 59726 544
0x00007aca2020fb80 0x0000000ecabd0b80 0 1 1 0 0 2 1 59726 552
0x00007aca2020fc00 0x0000000ecabd0c00 0 0 0 0 0 2 1 59726 560
0x00007aca2020fc80 0x0000000ecabd0c80 0 0 0 0 0 2 1 59726 568
0x00007aca2020fd00 0x0000000ecabd0d00 0 1 0 0 0 2 1 59726 560
0x00007aca2020fd80 0x0000000ecabd0d80 0 1 0 0 0 2 1 59726 568
0x00007aca2020fe00 0x0000000ecabd0e00 0 0 1 0 0 2 1 59726 560
0x00007aca2020fe80 0x0000000ecabd0e80 0 0 1 0 0 2 1 59726 568
0x00007aca2020ff00 0x0000000ecabd0f00 0 1 1 0 0 2 1 59726 560
0x00007aca2020ff80 0x0000000ecabd0f80 0 1 1 0 0 2 1 59726 568
