# bank_id=13 (bg=3 ba=1) n=7040
# Columns: VA PA s imc ch dimm rank bg ba row col
0x00007aca1fc01040 0x0000000ba0b08040 0 0 0 0 1 3 1 46088 0
0x00007aca1fc010c0 0x0000000ba0b080c0 0 0 0 0 1 3 1 46088 8
0x00007aca1fc01140 0x0000000ba0b08140 0 1 0 0 1 3 1 46088 0
0x00007aca1fc011c0 0x0000000ba0b081c0 0 1 0 0 1 3 1 46088 8
0x00007aca1fc01240 0x0000000ba0b08240 0 0 1 0 1 3 1 46088 0
0x00007aca1fc012c0 0x0000000ba0b082c0 0 0 1 0 1 3 1 46088 8
0x00007aca1fc01340 0x0000000ba0b08340 0 1 1 0 1 3 1 46088 0
0x00007aca1fc013c0 0x0000000ba0b083c0 0 1 1 0 1 3 1 46088 8
0x00007aca1fc01440 0x0000000ba0b08440 0 0 0 0 1 3 1 46088 16
0x00007aca1fc014c0 0x0000000ba0b084c0 0 0 0 0 1 3 1 46088 24
0x00007aca1fc01540 0x0000000ba0b08540 0 1 0 0 1 3 1 46088 16
0x00007aca1fc015c0 0x0000000ba0b085c0 0 1 0 0 1 3 1 46088 24
0x00007aca1fc01640 0x0000000ba0b08640 0 0 1 0 1 3 1 46088 16
0x00007aca1fc016c0 0x0000000ba0b086c0 0 0 1 0 1 3 1 46088 24
0x00007aca1fc01740 0x0000000ba0b08740 0 1 1 0 1 3 1 46088 16
0x00007aca1fc017c0 0x0000000ba0b087c0 0 1 1 0 1 3 1 46088 24
0x00007aca1fc01840 0x0000000ba0b08840 0 0 0 0 1 3 1 46088 32
0x00007aca1fc018c0 0x0000000ba0b088c0 0 0 0 0 1 3 1 46088 40
0x00007aca1fc01940 0x0000000ba0b08940 0 1 0 0 1 3 1 46088 32
0x00007aca1fc019c0 0x0000000ba0b089c0 0 1 0 0 1 3 1 46088 40
0x00007aca1fc01a40 0x0000000ba0b08a40 0 0 1 0 1 3 1 46088 32
0x00007aca1fc01ac0 0x0000000ba0b08ac0 0 0 1 0 1 3 1 46088 40
0x00007aca1fc01b40 0x0000000ba0b08b40 0 1 1 0 1 3 1 46088 32
0x00007aca1fc01bc0 0x0000000ba0b08bc0 0 1 1 0 1 3 1 46088 40
0x00007aca1fc01c40 0x0000000ba0b08c40 0 0 0 0 1 3 1 46088 48
0x00007aca1fc01cc0 0x0000000ba0b08cc0 0 0 0 0 1 3 1 46088 56
0x00007aca1fc01d40 0x0000000ba0b08d40 0 1 0 0 1 3 1 46088 48
0x00007aca1fc01dc0 0x0000000ba0b08dc0 0 1 0 0 1 3 1 46088 56
0x00007aca1fc01e40 0x0000000ba0b08e40 0 0 1 0 1 3 1 46088 48
0x00007aca1fc01ec0 0x0000000ba0b08ec0 0 0 1 0 1 3 1 46088 56
0x00007aca1fc01f40 0x0000000ba0b08f40 0 1 1 0 1 3 1 46088 48
0x00007aca1fc01fc0 0x0000000ba0b08fc0 0 1 1 0 1 3 1 46088 56
0x00007aca1fc03040 0x00000009ce316040 0 0 0 0 0 3 1 39360 896
0x00007aca1fc030c0 0x00000009ce3160c0 0 0 0 0 0 3 1 39360 904
0x00007aca1fc03140 0x00000009ce316140 0 1 0 0 0 3 1 39360 896
0x00007aca1fc031c0 0x00000009ce3161c0 0 1 0 0 0 3 1 39360 904
0x00007aca1fc03240 0x00000009ce316240 0 0 1 0 0 3 1 39360 896
0x00007aca1fc032c0 0x00000009ce3162c0 0 0 1 0 0 3 1 39360 904
0x00007aca1fc03340 0x00000009ce316340 0 1 1 0 0 3 1 39360 896
0x00007aca1fc033c0 0x00000009ce3163c0 0 1 1 0 0 3 1 39360 904
0x00007aca1fc03440 0x00000009ce316440 0 0 0 0 0 3 1 39360 912
0x00007aca1fc034c0 0x00000009ce3164c0 0 0 0 0 0 3 1 39360 920
0x00007aca1fc03540 0x00000009ce316540 0 1 0 0 0 3 1 39360 912
0x00007aca1fc035c0 0x00000009ce3165c0 0 1 0 0 0 3 1 39360 920
0x00007aca1fc03640 0x00000009ce316640 0 0 1 0 0 3 1 39360 912
0x00007aca1fc036c0 0x00000009ce3166c0 0 0 1 0 0 3 1 39360 920
0x00007aca1fc03740 0x00000009ce316740 0 1 1 0 0 3 1 39360 912
0x00007aca1fc037c0 0x00000009ce3167c0 0 1 1 0 0 3 1 39360 920
0x00007aca1fc03840 0x00000009ce316840 0 0 0 0 0 3 1 39360 928
0x00007aca1fc038c0 0x00000009ce3168c0 0 0 0 0 0 3 1 39360 936
0x00007aca1fc03940 0x00000009ce316940 0 1 0 0 0 3 1 39360 928
0x00007aca1fc039c0 0x00000009ce3169c0 0 1 0 0 0 3 1 39360 936
0x00007aca1fc03a40 0x00000009ce316a40 0 0 1 0 0 3 1 39360 928
0x00007aca1fc03ac0 0x00000009ce316ac0 0 0 1 0 0 3 1 39360 936
0x00007aca1fc03b40 0x00000009ce316b40 0 1 1 0 0 3 1 39360 928
0x00007aca1fc03bc0 0x00000009ce316bc0 0 1 1 0 0 3 1 39360 936
0x00007aca1fc03c40 0x00000009ce316c40 0 0 0 0 0 3 1 39360 944
0x00007aca1fc03cc0 0x00000009ce316cc0 0 0 0 0 0 3 1 39360 952
0x00007aca1fc03d40 0x00000009ce316d40 0 1 0 0 0 3 1 39360 944
0x00007aca1fc03dc0 0x00000009ce316dc0 0 1 0 0 0 3 1 39360 952
0x00007aca1fc03e40 0x00000009ce316e40 0 0 1 0 0 3 1 39360 944
0x00007aca1fc03ec0 0x00000009ce316ec0 0 0 1 0 0 3 1 39360 952
0x00007aca1fc03f40 0x00000009ce316f40 0 1 1 0 0 3 1 39360 944
0x00007aca1fc03fc0 0x00000009ce316fc0 0 1 1 0 0 3 1 39360 952
0x00007aca1fc14040 0x000000071db91040 0 0 0 0 0 3 1 25532 576
0x00007aca1fc140c0 0x000000071db910c0 0 0 0 0 0 3 1 25532 584
0x00007aca1fc14140 0x000000071db91140 0 1 0 0 0 3 1 25532 576
0x00007aca1fc141c0 0x000000071db911c0 0 1 0 0 0 3 1 25532 584
0x00007aca1fc14240 0x000000071db91240 0 0 1 0 0 3 1 25532 576
0x00007aca1fc142c0 0x000000071db912c0 0 0 1 0 0 3 1 25532 584
0x00007aca1fc14340 0x000000071db91340 0 1 1 0 0 3 1 25532 576
0x00007aca1fc143c0 0x000000071db913c0 0 1 1 0 0 3 1 25532 584
0x00007aca1fc14440 0x000000071db91440 0 0 0 0 0 3 1 25532 592
0x00007aca1fc144c0 0x000000071db914c0 0 0 0 0 0 3 1 25532 600
0x00007aca1fc14540 0x000000071db91540 0 1 0 0 0 3 1 25532 592
0x00007aca1fc145c0 0x000000071db915c0 0 1 0 0 0 3 1 25532 600
0x00007aca1fc14640 0x000000071db91640 0 0 1 0 0 3 1 25532 592
0x00007aca1fc146c0 0x000000071db916c0 0 0 1 0 0 3 1 25532 600
0x00007aca1fc14740 0x000000071db91740 0 1 1 0 0 3 1 25532 592
0x00007aca1fc147c0 0x000000071db917c0 0 1 1 0 0 3 1 25532 600
0x00007aca1fc14840 0x000000071db91840 0 0 0 0 0 3 1 25532 608
0x00007aca1fc148c0 0x000000071db918c0 0 0 0 0 0 3 1 25532 616
0x00007aca1fc14940 0x000000071db91940 0 1 0 0 0 3 1 25532 608
0x00007aca1fc149c0 0x000000071db919c0 0 1 0 0 0 3 1 25532 616
0x00007aca1fc14a40 0x000000071db91a40 0 0 1 0 0 3 1 25532 608
0x00007aca1fc14ac0 0x000000071db91ac0 0 0 1 0 0 3 1 25532 616
0x00007aca1fc14b40 0x000000071db91b40 0 1 1 0 0 3 1 25532 608
0x00007aca1fc14bc0 0x000000071db91bc0 0 1 1 0 0 3 1 25532 616
0x00007aca1fc14c40 0x000000071db91c40 0 0 0 0 0 3 1 25532 624
0x00007aca1fc14cc0 0x000000071db91cc0 0 0 0 0 0 3 1 25532 632
0x00007aca1fc14d40 0x000000071db91d40 0 1 0 0 0 3 1 25532 624
0x00007aca1fc14dc0 0x000000071db91dc0 0 1 0 0 0 3 1 25532 632
0x00007aca1fc14e40 0x000000071db91e40 0 0 1 0 0 3 1 25532 624
0x00007aca1fc14ec0 0x000000071db91ec0 0 0 1 0 0 3 1 25532 632
0x00007aca1fc14f40 0x000000071db91f40 0 1 1 0 0 3 1 25532 624
0x00007aca1fc14fc0 0x000000071db91fc0 0 1 1 0 0 3 1 25532 632
0x00007aca1fc20040 0x0000000b24302040 0 0 0 0 0 3 1 42128 128
0x00007aca1fc200c0 0x0000000b243020c0 0 0 0 0 0 3 1 42128 136
0x00007aca1fc20140 0x0000000b24302140 0 1 0 0 0 3 1 42128 128
0x00007aca1fc201c0 0x0000000b243021c0 0 1 0 0 0 3 1 42128 136
0x00007aca1fc20240 0x0000000b24302240 0 0 1 0 0 3 1 42128 128
0x00007aca1fc202c0 0x0000000b243022c0 0 0 1 0 0 3 1 42128 136
0x00007aca1fc20340 0x0000000b24302340 0 1 1 0 0 3 1 42128 128
0x00007aca1fc203c0 0x0000000b243023c0 0 1 1 0 0 3 1 42128 136
0x00007aca1fc20440 0x0000000b24302440 0 0 0 0 0 3 1 42128 144
0x00007aca1fc204c0 0x0000000b243024c0 0 0 0 0 0 3 1 42128 152
0x00007aca1fc20540 0x0000000b24302540 0 1 0 0 0 3 1 42128 144
0x00007aca1fc205c0 0x0000000b243025c0 0 1 0 0 0 3 1 42128 152
0x00007aca1fc20640 0x0000000b24302640 0 0 1 0 0 3 1 42128 144
0x00007aca1fc206c0 0x0000000b243026c0 0 0 1 0 0 3 1 42128 152
0x00007aca1fc20740 0x0000000b24302740 0 1 1 0 0 3 1 42128 144
0x00007aca1fc207c0 0x0000000b243027c0 0 1 1 0 0 3 1 42128 152
0x00007aca1fc20840 0x0000000b24302840 0 0 0 0 0 3 1 42128 160
0x00007aca1fc208c0 0x0000000b243028c0 0 0 0 0 0 3 1 42128 168
0x00007aca1fc20940 0x0000000b24302940 0 1 0 0 0 3 1 42128 160
0x00007aca1fc209c0 0x0000000b243029c0 0 1 0 0 0 3 1 42128 168
0x00007aca1fc20a40 0x0000000b24302a40 0 0 1 0 0 3 1 42128 160
0x00007aca1fc20ac0 0x0000000b24302ac0 0 0 1 0 0 3 1 42128 168
0x00007aca1fc20b40 0x0000000b24302b40 0 1 1 0 0 3 1 42128 160
0x00007aca1fc20bc0 0x0000000b24302bc0 0 1 1 0 0 3 1 42128 168
0x00007aca1fc20c40 0x0000000b24302c40 0 0 0 0 0 3 1 42128 176
0x00007aca1fc20cc0 0x0000000b24302cc0 0 0 0 0 0 3 1 42128 184
0x00007aca1fc20d40 0x0000000b24302d40 0 1 0 0 0 3 1 42128 176
0x00007aca1fc20dc0 0x0000000b24302dc0 0 1 0 0 0 3 1 42128 184
0x00007aca1fc20e40 0x0000000b24302e40 0 0 1 0 0 3 1 42128 176
0x00007aca1fc20ec0 0x0000000b24302ec0 0 0 1 0 0 3 1 42128 184
0x00007aca1fc20f40 0x0000000b24302f40 0 1 1 0 0 3 1 42128 176
0x00007aca1fc20fc0 0x0000000b24302fc0 0 1 1 0 0 3 1 42128 184
0x00007aca1fc25040 0x00000007e83e7040 0 0 0 0 0 3 1 32007 448
0x00007aca1fc250c0 0x00000007e83e70c0 0 0 0 0 0 3 1 32007 456
0x00007aca1fc25140 0x00000007e83e7140 0 1 0 0 0 3 1 32007 448
0x00007aca1fc251c0 0x00000007e83e71c0 0 1 0 0 0 3 1 32007 456
0x00007aca1fc25240 0x00000007e83e7240 0 0 1 0 0 3 1 32007 448
0x00007aca1fc252c0 0x00000007e83e72c0 0 0 1 0 0 3 1 32007 456
0x00007aca1fc25340 0x00000007e83e7340 0 1 1 0 0 3 1 32007 448
0x00007aca1fc253c0 0x00000007e83e73c0 0 1 1 0 0 3 1 32007 456
0x00007aca1fc25440 0x00000007e83e7440 0 0 0 0 0 3 1 32007 464
0x00007aca1fc254c0 0x00000007e83e74c0 0 0 0 0 0 3 1 32007 472
0x00007aca1fc25540 0x00000007e83e7540 0 1 0 0 0 3 1 32007 464
0x00007aca1fc255c0 0x00000007e83e75c0 0 1 0 0 0 3 1 32007 472
0x00007aca1fc25640 0x00000007e83e7640 0 0 1 0 0 3 1 32007 464
0x00007aca1fc256c0 0x00000007e83e76c0 0 0 1 0 0 3 1 32007 472
0x00007aca1fc25740 0x00000007e83e7740 0 1 1 0 0 3 1 32007 464
0x00007aca1fc257c0 0x00000007e83e77c0 0 1 1 0 0 3 1 32007 472
0x00007aca1fc25840 0x00000007e83e7840 0 0 0 0 0 3 1 32007 480
0x00007aca1fc258c0 0x00000007e83e78c0 0 0 0 0 0 3 1 32007 488
0x00007aca1fc25940 0x00000007e83e7940 0 1 0 0 0 3 1 32007 480
0x00007aca1fc259c0 0x00000007e83e79c0 0 1 0 0 0 3 1 32007 488
0x00007aca1fc25a40 0x00000007e83e7a40 0 0 1 0 0 3 1 32007 480
0x00007aca1fc25ac0 0x00000007e83e7ac0 0 0 1 0 0 3 1 32007 488
0x00007aca1fc25b40 0x00000007e83e7b40 0 1 1 0 0 3 1 32007 480
0x00007aca1fc25bc0 0x00000007e83e7bc0 0 1 1 0 0 3 1 32007 488
0x00007aca1fc25c40 0x00000007e83e7c40 0 0 0 0 0 3 1 32007 496
0x00007aca1fc25cc0 0x00000007e83e7cc0 0 0 0 0 0 3 1 32007 504
0x00007aca1fc25d40 0x00000007e83e7d40 0 1 0 0 0 3 1 32007 496
0x00007aca1fc25dc0 0x00000007e83e7dc0 0 1 0 0 0 3 1 32007 504
0x00007aca1fc25e40 0x00000007e83e7e40 0 0 1 0 0 3 1 32007 496
0x00007aca1fc25ec0 0x00000007e83e7ec0 0 0 1 0 0 3 1 32007 504
0x00007aca1fc25f40 0x00000007e83e7f40 0 1 1 0 0 3 1 32007 496
0x00007aca1fc25fc0 0x00000007e83e7fc0 0 1 1 0 0 3 1 32007 504
0x00007aca1fc28040 0x0000000f31b10040 0 0 0 0 0 3 1 58936 512
0x00007aca1fc280c0 0x0000000f31b100c0 0 0 0 0 0 3 1 58936 520
0x00007aca1fc28140 0x0000000f31b10140 0 1 0 0 0 3 1 58936 512
0x00007aca1fc281c0 0x0000000f31b101c0 0 1 0 0 0 3 1 58936 520
0x00007aca1fc28240 0x0000000f31b10240 0 0 1 0 0 3 1 58936 512
0x00007aca1fc282c0 0x0000000f31b102c0 0 0 1 0 0 3 1 58936 520
0x00007aca1fc28340 0x0000000f31b10340 0 1 1 0 0 3 1 58936 512
0x00007aca1fc283c0 0x0000000f31b103c0 0 1 1 0 0 3 1 58936 520
0x00007aca1fc28440 0x0000000f31b10440 0 0 0 0 0 3 1 58936 528
0x00007aca1fc284c0 0x0000000f31b104c0 0 0 0 0 0 3 1 58936 536
0x00007aca1fc28540 0x0000000f31b10540 0 1 0 0 0 3 1 58936 528
0x00007aca1fc285c0 0x0000000f31b105c0 0 1 0 0 0 3 1 58936 536
0x00007aca1fc28640 0x0000000f31b10640 0 0 1 0 0 3 1 58936 528
0x00007aca1fc286c0 0x0000000f31b106c0 0 0 1 0 0 3 1 58936 536
0x00007aca1fc28740 0x0000000f31b10740 0 1 1 0 0 3 1 58936 528
0x00007aca1fc287c0 0x0000000f31b107c0 0 1 1 0 0 3 1 58936 536
0x00007aca1fc28840 0x0000000f31b10840 0 0 0 0 0 3 1 58936 544
0x00007aca1fc288c0 0x0000000f31b108c0 0 0 0 0 0 3 1 58936 552
0x00007aca1fc28940 0x0000000f31b10940 0 1 0 0 0 3 1 58936 544
0x00007aca1fc289c0 0x0000000f31b109c0 0 1 0 0 0 3 1 58936 552
0x00007aca1fc28a40 0x0000000f31b10a40 0 0 1 0 0 3 1 58936 544
0x00007aca1fc28ac0 0x0000000f31b10ac0 0 0 1 0 0 3 1 58936 552
0x00007aca1fc28b40 0x0000000f31b10b40 0 1 1 0 0 3 1 58936 544
0x00007aca1fc28bc0 0x0000000f31b10bc0 0 1 1 0 0 3 1 58936 552
0x00007aca1fc28c40 0x0000000f31b10c40 0 0 0 0 0 3 1 58936 560
0x00007aca1fc28cc0 0x0000000f31b10cc0 0 0 0 0 0 3 1 58936 568
0x00007aca1fc28d40 0x0000000f31b10d40 0 1 0 0 0 3 1 58936 560
0x00007aca1fc28dc0 0x0000000f31b10dc0 0 1 0 0 0 3 1 58936 568
0x00007aca1fc28e40 0x0000000f31b10e40 0 0 1 0 0 3 1 58936 560
0x00007aca1fc28ec0 0x0000000f31b10ec0 0 0 1 0 0 3 1 58936 568
0x00007aca1fc28f40 0x0000000f31b10f40 0 1 1 0 0 3 1 58936 560
0x00007aca1fc28fc0 0x0000000f31b10fc0 0 1 1 0 0 3 1 58936 568
0x00007aca1fc2d040 0x0000000f31b0d040 0 0 0 0 1 3 1 58936 320
0x00007aca1fc2d0c0 0x0000000f31b0d0c0 0 0 0 0 1 3 1 58936 328
0x00007aca1fc2d140 0x0000000f31b0d140 0 1 0 0 1 3 1 58936 320
0x00007aca1fc2d1c0 0x0000000f31b0d1c0 0 1 0 0 1 3 1 58936 328
0x00007aca1fc2d240 0x0000000f31b0d240 0 0 1 0 1 3 1 58936 320
0x00007aca1fc2d2c0 0x0000000f31b0d2c0 0 0 1 0 1 3 1 58936 328
0x00007aca1fc2d340 0x0000000f31b0d340 0 1 1 0 1 3 1 58936 320
0x00007aca1fc2d3c0 0x0000000f31b0d3c0 0 1 1 0 1 3 1 58936 328
0x00007aca1fc2d440 0x0000000f31b0d440 0 0 0 0 1 3 1 58936 336
0x00007aca1fc2d4c0 0x0000000f31b0d4c0 0 0 0 0 1 3 1 58936 344
0x00007aca1fc2d540 0x0000000f31b0d540 0 1 0 0 1 3 1 58936 336
0x00007aca1fc2d5c0 0x0000000f31b0d5c0 0 1 0 0 1 3 1 58936 344
0x00007aca1fc2d640 0x0000000f31b0d640 0 0 1 0 1 3 1 58936 336
0x00007aca1fc2d6c0 0x0000000f31b0d6c0 0 0 1 0 1 3 1 58936 344
0x00007aca1fc2d740 0x0000000f31b0d740 0 1 1 0 1 3 1 58936 336
0x00007aca1fc2d7c0 0x0000000f31b0d7c0 0 1 1 0 1 3 1 58936 344
0x00007aca1fc2d840 0x0000000f31b0d840 0 0 0 0 1 3 1 58936 352
0x00007aca1fc2d8c0 0x0000000f31b0d8c0 0 0 0 0 1 3 1 58936 360
0x00007aca1fc2d940 0x0000000f31b0d940 0 1 0 0 1 3 1 58936 352
0x00007aca1fc2d9c0 0x0000000f31b0d9c0 0 1 0 0 1 3 1 58936 360
0x00007aca1fc2da40 0x0000000f31b0da40 0 0 1 0 1 3 1 58936 352
0x00007aca1fc2dac0 0x0000000f31b0dac0 0 0 1 0 1 3 1 58936 360
0x00007aca1fc2db40 0x0000000f31b0db40 0 1 1 0 1 3 1 58936 352
0x00007aca1fc2dbc0 0x0000000f31b0dbc0 0 1 1 0 1 3 1 58936 360
0x00007aca1fc2dc40 0x0000000f31b0dc40 0 0 0 0 1 3 1 58936 368
0x00007aca1fc2dcc0 0x0000000f31b0dcc0 0 0 0 0 1 3 1 58936 376
0x00007aca1fc2dd40 0x0000000f31b0dd40 0 1 0 0 1 3 1 58936 368
0x00007aca1fc2ddc0 0x0000000f31b0ddc0 0 1 0 0 1 3 1 58936 376
0x00007aca1fc2de40 0x0000000f31b0de40 0 0 1 0 1 3 1 58936 368
0x00007aca1fc2dec0 0x0000000f31b0dec0 0 0 1 0 1 3 1 58936 376
0x00007aca1fc2df40 0x0000000f31b0df40 0 1 1 0 1 3 1 58936 368
0x00007aca1fc2dfc0 0x0000000f31b0dfc0 0 1 1 0 1 3 1 58936 376
0x00007aca1fc2e040 0x00000003d838f040 0 0 0 0 1 3 1 15108 448
0x00007aca1fc2e0c0 0x00000003d838f0c0 0 0 0 0 1 3 1 15108 456
0x00007aca1fc2e140 0x00000003d838f140 0 1 0 0 1 3 1 15108 448
0x00007aca1fc2e1c0 0x00000003d838f1c0 0 1 0 0 1 3 1 15108 456
0x00007aca1fc2e240 0x00000003d838f240 0 0 1 0 1 3 1 15108 448
0x00007aca1fc2e2c0 0x00000003d838f2c0 0 0 1 0 1 3 1 15108 456
0x00007aca1fc2e340 0x00000003d838f340 0 1 1 0 1 3 1 15108 448
0x00007aca1fc2e3c0 0x00000003d838f3c0 0 1 1 0 1 3 1 15108 456
0x00007aca1fc2e440 0x00000003d838f440 0 0 0 0 1 3 1 15108 464
0x00007aca1fc2e4c0 0x00000003d838f4c0 0 0 0 0 1 3 1 15108 472
0x00007aca1fc2e540 0x00000003d838f540 0 1 0 0 1 3 1 15108 464
0x00007aca1fc2e5c0 0x00000003d838f5c0 0 1 0 0 1 3 1 15108 472
0x00007aca1fc2e640 0x00000003d838f640 0 0 1 0 1 3 1 15108 464
0x00007aca1fc2e6c0 0x00000003d838f6c0 0 0 1 0 1 3 1 15108 472
0x00007aca1fc2e740 0x00000003d838f740 0 1 1 0 1 3 1 15108 464
0x00007aca1fc2e7c0 0x00000003d838f7c0 0 1 1 0 1 3 1 15108 472
0x00007aca1fc2e840 0x00000003d838f840 0 0 0 0 1 3 1 15108 480
0x00007aca1fc2e8c0 0x00000003d838f8c0 0 0 0 0 1 3 1 15108 488
0x00007aca1fc2e940 0x00000003d838f940 0 1 0 0 1 3 1 15108 480
0x00007aca1fc2e9c0 0x00000003d838f9c0 0 1 0 0 1 3 1 15108 488
0x00007aca1fc2ea40 0x00000003d838fa40 0 0 1 0 1 3 1 15108 480
0x00007aca1fc2eac0 0x00000003d838fac0 0 0 1 0 1 3 1 15108 488
0x00007aca1fc2eb40 0x00000003d838fb40 0 1 1 0 1 3 1 15108 480
0x00007aca1fc2ebc0 0x00000003d838fbc0 0 1 1 0 1 3 1 15108 488
0x00007aca1fc2ec40 0x00000003d838fc40 0 0 0 0 1 3 1 15108 496
0x00007aca1fc2ecc0 0x00000003d838fcc0 0 0 0 0 1 3 1 15108 504
0x00007aca1fc2ed40 0x00000003d838fd40 0 1 0 0 1 3 1 15108 496
0x00007aca1fc2edc0 0x00000003d838fdc0 0 1 0 0 1 3 1 15108 504
0x00007aca1fc2ee40 0x00000003d838fe40 0 0 1 0 1 3 1 15108 496
0x00007aca1fc2eec0 0x00000003d838fec0 0 0 1 0 1 3 1 15108 504
0x00007aca1fc2ef40 0x00000003d838ff40 0 1 1 0 1 3 1 15108 496
0x00007aca1fc2efc0 0x00000003d838ffc0 0 1 1 0 1 3 1 15108 504
0x00007aca1fc38040 0x000000026c3ec040 0 0 0 0 1 3 1 7575 256
0x00007aca1fc380c0 0x000000026c3ec0c0 0 0 0 0 1 3 1 7575 264
0x00007aca1fc38140 0x000000026c3ec140 0 1 0 0 1 3 1 7575 256
0x00007aca1fc381c0 0x000000026c3ec1c0 0 1 0 0 1 3 1 7575 264
0x00007aca1fc38240 0x000000026c3ec240 0 0 1 0 1 3 1 7575 256
0x00007aca1fc382c0 0x000000026c3ec2c0 0 0 1 0 1 3 1 7575 264
0x00007aca1fc38340 0x000000026c3ec340 0 1 1 0 1 3 1 7575 256
0x00007aca1fc383c0 0x000000026c3ec3c0 0 1 1 0 1 3 1 7575 264
0x00007aca1fc38440 0x000000026c3ec440 0 0 0 0 1 3 1 7575 272
0x00007aca1fc384c0 0x000000026c3ec4c0 0 0 0 0 1 3 1 7575 280
0x00007aca1fc38540 0x000000026c3ec540 0 1 0 0 1 3 1 7575 272
0x00007aca1fc385c0 0x000000026c3ec5c0 0 1 0 0 1 3 1 7575 280
0x00007aca1fc38640 0x000000026c3ec640 0 0 1 0 1 3 1 7575 272
0x00007aca1fc386c0 0x000000026c3ec6c0 0 0 1 0 1 3 1 7575 280
0x00007aca1fc38740 0x000000026c3ec740 0 1 1 0 1 3 1 7575 272
0x00007aca1fc387c0 0x000000026c3ec7c0 0 1 1 0 1 3 1 7575 280
0x00007aca1fc38840 0x000000026c3ec840 0 0 0 0 1 3 1 7575 288
0x00007aca1fc388c0 0x000000026c3ec8c0 0 0 0 0 1 3 1 7575 296
0x00007aca1fc38940 0x000000026c3ec940 0 1 0 0 1 3 1 7575 288
0x00007aca1fc389c0 0x000000026c3ec9c0 0 1 0 0 1 3 1 7575 296
0x00007aca1fc38a40 0x000000026c3eca40 0 0 1 0 1 3 1 7575 288
0x00007aca1fc38ac0 0x000000026c3ecac0 0 0 1 0 1 3 1 7575 296
0x00007aca1fc38b40 0x000000026c3ecb40 0 1 1 0 1 3 1 7575 288
0x00007aca1fc38bc0 0x000000026c3ecbc0 0 1 1 0 1 3 1 7575 296
0x00007aca1fc38c40 0x000000026c3ecc40 0 0 0 0 1 3 1 7575 304
0x00007aca1fc38cc0 0x000000026c3eccc0 0 0 0 0 1 3 1 7575 312
0x00007aca1fc38d40 0x000000026c3ecd40 0 1 0 0 1 3 1 7575 304
0x00007aca1fc38dc0 0x000000026c3ecdc0 0 1 0 0 1 3 1 7575 312
0x00007aca1fc38e40 0x000000026c3ece40 0 0 1 0 1 3 1 7575 304
0x00007aca1fc38ec0 0x000000026c3ecec0 0 0 1 0 1 3 1 7575 312
0x00007aca1fc38f40 0x000000026c3ecf40 0 1 1 0 1 3 1 7575 304
0x00007aca1fc38fc0 0x000000026c3ecfc0 0 1 1 0 1 3 1 7575 312
0x00007aca1fc3d040 0x000000046eb66040 0 0 0 0 0 3 1 15835 384
0x00007aca1fc3d0c0 0x000000046eb660c0 0 0 0 0 0 3 1 15835 392
0x00007aca1fc3d140 0x000000046eb66140 0 1 0 0 0 3 1 15835 384
0x00007aca1fc3d1c0 0x000000046eb661c0 0 1 0 0 0 3 1 15835 392
0x00007aca1fc3d240 0x000000046eb66240 0 0 1 0 0 3 1 15835 384
0x00007aca1fc3d2c0 0x000000046eb662c0 0 0 1 0 0 3 1 15835 392
0x00007aca1fc3d340 0x000000046eb66340 0 1 1 0 0 3 1 15835 384
0x00007aca1fc3d3c0 0x000000046eb663c0 0 1 1 0 0 3 1 15835 392
0x00007aca1fc3d440 0x000000046eb66440 0 0 0 0 0 3 1 15835 400
0x00007aca1fc3d4c0 0x000000046eb664c0 0 0 0 0 0 3 1 15835 408
0x00007aca1fc3d540 0x000000046eb66540 0 1 0 0 0 3 1 15835 400
0x00007aca1fc3d5c0 0x000000046eb665c0 0 1 0 0 0 3 1 15835 408
0x00007aca1fc3d640 0x000000046eb66640 0 0 1 0 0 3 1 15835 400
0x00007aca1fc3d6c0 0x000000046eb666c0 0 0 1 0 0 3 1 15835 408
0x00007aca1fc3d740 0x000000046eb66740 0 1 1 0 0 3 1 15835 400
0x00007aca1fc3d7c0 0x000000046eb667c0 0 1 1 0 0 3 1 15835 408
0x00007aca1fc3d840 0x000000046eb66840 0 0 0 0 0 3 1 15835 416
0x00007aca1fc3d8c0 0x000000046eb668c0 0 0 0 0 0 3 1 15835 424
0x00007aca1fc3d940 0x000000046eb66940 0 1 0 0 0 3 1 15835 416
0x00007aca1fc3d9c0 0x000000046eb669c0 0 1 0 0 0 3 1 15835 424
0x00007aca1fc3da40 0x000000046eb66a40 0 0 1 0 0 3 1 15835 416
0x00007aca1fc3dac0 0x000000046eb66ac0 0 0 1 0 0 3 1 15835 424
0x00007aca1fc3db40 0x000000046eb66b40 0 1 1 0 0 3 1 15835 416
0x00007aca1fc3dbc0 0x000000046eb66bc0 0 1 1 0 0 3 1 15835 424
0x00007aca1fc3dc40 0x000000046eb66c40 0 0 0 0 0 3 1 15835 432
0x00007aca1fc3dcc0 0x000000046eb66cc0 0 0 0 0 0 3 1 15835 440
0x00007aca1fc3dd40 0x000000046eb66d40 0 1 0 0 0 3 1 15835 432
0x00007aca1fc3ddc0 0x000000046eb66dc0 0 1 0 0 0 3 1 15835 440
0x00007aca1fc3de40 0x000000046eb66e40 0 0 1 0 0 3 1 15835 432
0x00007aca1fc3dec0 0x000000046eb66ec0 0 0 1 0 0 3 1 15835 440
0x00007aca1fc3df40 0x000000046eb66f40 0 1 1 0 0 3 1 15835 432
0x00007aca1fc3dfc0 0x000000046eb66fc0 0 1 1 0 0 3 1 15835 440
0x00007aca1fc41040 0x0000000f383f2040 0 0 0 0 0 3 1 59159 640
0x00007aca1fc410c0 0x0000000f383f20c0 0 0 0 0 0 3 1 59159 648
0x00007aca1fc41140 0x0000000f383f2140 0 1 0 0 0 3 1 59159 640
0x00007aca1fc411c0 0x0000000f383f21c0 0 1 0 0 0 3 1 59159 648
0x00007aca1fc41240 0x0000000f383f2240 0 0 1 0 0 3 1 59159 640
0x00007aca1fc412c0 0x0000000f383f22c0 0 0 1 0 0 3 1 59159 648
0x00007aca1fc41340 0x0000000f383f2340 0 1 1 0 0 3 1 59159 640
0x00007aca1fc413c0 0x0000000f383f23c0 0 1 1 0 0 3 1 59159 648
0x00007aca1fc41440 0x0000000f383f2440 0 0 0 0 0 3 1 59159 656
0x00007aca1fc414c0 0x0000000f383f24c0 0 0 0 0 0 3 1 59159 664
0x00007aca1fc41540 0x0000000f383f2540 0 1 0 0 0 3 1 59159 656
0x00007aca1fc415c0 0x0000000f383f25c0 0 1 0 0 0 3 1 59159 664
0x00007aca1fc41640 0x0000000f383f2640 0 0 1 0 0 3 1 59159 656
0x00007aca1fc416c0 0x0000000f383f26c0 0 0 1 0 0 3 1 59159 664
0x00007aca1fc41740 0x0000000f383f2740 0 1 1 0 0 3 1 59159 656
0x00007aca1fc417c0 0x0000000f383f27c0 0 1 1 0 0 3 1 59159 664
0x00007aca1fc41840 0x0000000f383f2840 0 0 0 0 0 3 1 59159 672
0x00007aca1fc418c0 0x0000000f383f28c0 0 0 0 0 0 3 1 59159 680
0x00007aca1fc41940 0x0000000f383f2940 0 1 0 0 0 3 1 59159 672
0x00007aca1fc419c0 0x0000000f383f29c0 0 1 0 0 0 3 1 59159 680
0x00007aca1fc41a40 0x0000000f383f2a40 0 0 1 0 0 3 1 59159 672
0x00007aca1fc41ac0 0x0000000f383f2ac0 0 0 1 0 0 3 1 59159 680
0x00007aca1fc41b40 0x0000000f383f2b40 0 1 1 0 0 3 1 59159 672
0x00007aca1fc41bc0 0x0000000f383f2bc0 0 1 1 0 0 3 1 59159 680
0x00007aca1fc41c40 0x0000000f383f2c40 0 0 0 0 0 3 1 59159 688
0x00007aca1fc41cc0 0x0000000f383f2cc0 0 0 0 0 0 3 1 59159 696
0x00007aca1fc41d40 0x0000000f383f2d40 0 1 0 0 0 3 1 59159 688
0x00007aca1fc41dc0 0x0000000f383f2dc0 0 1 0 0 0 3 1 59159 696
0x00007aca1fc41e40 0x0000000f383f2e40 0 0 1 0 0 3 1 59159 688
0x00007aca1fc41ec0 0x0000000f383f2ec0 0 0 1 0 0 3 1 59159 696
0x00007aca1fc41f40 0x0000000f383f2f40 0 1 1 0 0 3 1 59159 688
0x00007aca1fc41fc0 0x0000000f383f2fc0 0 1 1 0 0 3 1 59159 696
0x00007aca1fc42040 0x0000000f38391040 0 0 0 0 0 3 1 59156 576
0x00007aca1fc420c0 0x0000000f383910c0 0 0 0 0 0 3 1 59156 584
0x00007aca1fc42140 0x0000000f38391140 0 1 0 0 0 3 1 59156 576
0x00007aca1fc421c0 0x0000000f383911c0 0 1 0 0 0 3 1 59156 584
0x00007aca1fc42240 0x0000000f38391240 0 0 1 0 0 3 1 59156 576
0x00007aca1fc422c0 0x0000000f383912c0 0 0 1 0 0 3 1 59156 584
0x00007aca1fc42340 0x0000000f38391340 0 1 1 0 0 3 1 59156 576
0x00007aca1fc423c0 0x0000000f383913c0 0 1 1 0 0 3 1 59156 584
0x00007aca1fc42440 0x0000000f38391440 0 0 0 0 0 3 1 59156 592
0x00007aca1fc424c0 0x0000000f383914c0 0 0 0 0 0 3 1 59156 600
0x00007aca1fc42540 0x0000000f38391540 0 1 0 0 0 3 1 59156 592
0x00007aca1fc425c0 0x0000000f383915c0 0 1 0 0 0 3 1 59156 600
0x00007aca1fc42640 0x0000000f38391640 0 0 1 0 0 3 1 59156 592
0x00007aca1fc426c0 0x0000000f383916c0 0 0 1 0 0 3 1 59156 600
0x00007aca1fc42740 0x0000000f38391740 0 1 1 0 0 3 1 59156 592
0x00007aca1fc427c0 0x0000000f383917c0 0 1 1 0 0 3 1 59156 600
0x00007aca1fc42840 0x0000000f38391840 0 0 0 0 0 3 1 59156 608
0x00007aca1fc428c0 0x0000000f383918c0 0 0 0 0 0 3 1 59156 616
0x00007aca1fc42940 0x0000000f38391940 0 1 0 0 0 3 1 59156 608
0x00007aca1fc429c0 0x0000000f383919c0 0 1 0 0 0 3 1 59156 616
0x00007aca1fc42a40 0x0000000f38391a40 0 0 1 0 0 3 1 59156 608
0x00007aca1fc42ac0 0x0000000f38391ac0 0 0 1 0 0 3 1 59156 616
0x00007aca1fc42b40 0x0000000f38391b40 0 1 1 0 0 3 1 59156 608
0x00007aca1fc42bc0 0x0000000f38391bc0 0 1 1 0 0 3 1 59156 616
0x00007aca1fc42c40 0x0000000f38391c40 0 0 0 0 0 3 1 59156 624
0x00007aca1fc42cc0 0x0000000f38391cc0 0 0 0 0 0 3 1 59156 632
0x00007aca1fc42d40 0x0000000f38391d40 0 1 0 0 0 3 1 59156 624
0x00007aca1fc42dc0 0x0000000f38391dc0 0 1 0 0 0 3 1 59156 632
0x00007aca1fc42e40 0x0000000f38391e40 0 0 1 0 0 3 1 59156 624
0x00007aca1fc42ec0 0x0000000f38391ec0 0 0 1 0 0 3 1 59156 632
0x00007aca1fc42f40 0x0000000f38391f40 0 1 1 0 0 3 1 59156 624
0x00007aca1fc42fc0 0x0000000f38391fc0 0 1 1 0 0 3 1 59156 632
0x00007aca1fc45040 0x0000000f383c5040 0 0 0 0 0 3 1 59158 320
0x00007aca1fc450c0 0x0000000f383c50c0 0 0 0 0 0 3 1 59158 328
0x00007aca1fc45140 0x0000000f383c5140 0 1 0 0 0 3 1 59158 320
0x00007aca1fc451c0 0x0000000f383c51c0 0 1 0 0 0 3 1 59158 328
0x00007aca1fc45240 0x0000000f383c5240 0 0 1 0 0 3 1 59158 320
0x00007aca1fc452c0 0x0000000f383c52c0 0 0 1 0 0 3 1 59158 328
0x00007aca1fc45340 0x0000000f383c5340 0 1 1 0 0 3 1 59158 320
0x00007aca1fc453c0 0x0000000f383c53c0 0 1 1 0 0 3 1 59158 328
0x00007aca1fc45440 0x0000000f383c5440 0 0 0 0 0 3 1 59158 336
0x00007aca1fc454c0 0x0000000f383c54c0 0 0 0 0 0 3 1 59158 344
0x00007aca1fc45540 0x0000000f383c5540 0 1 0 0 0 3 1 59158 336
0x00007aca1fc455c0 0x0000000f383c55c0 0 1 0 0 0 3 1 59158 344
0x00007aca1fc45640 0x0000000f383c5640 0 0 1 0 0 3 1 59158 336
0x00007aca1fc456c0 0x0000000f383c56c0 0 0 1 0 0 3 1 59158 344
0x00007aca1fc45740 0x0000000f383c5740 0 1 1 0 0 3 1 59158 336
0x00007aca1fc457c0 0x0000000f383c57c0 0 1 1 0 0 3 1 59158 344
0x00007aca1fc45840 0x0000000f383c5840 0 0 0 0 0 3 1 59158 352
0x00007aca1fc458c0 0x0000000f383c58c0 0 0 0 0 0 3 1 59158 360
0x00007aca1fc45940 0x0000000f383c5940 0 1 0 0 0 3 1 59158 352
0x00007aca1fc459c0 0x0000000f383c59c0 0 1 0 0 0 3 1 59158 360
0x00007aca1fc45a40 0x0000000f383c5a40 0 0 1 0 0 3 1 59158 352
0x00007aca1fc45ac0 0x0000000f383c5ac0 0 0 1 0 0 3 1 59158 360
0x00007aca1fc45b40 0x0000000f383c5b40 0 1 1 0 0 3 1 59158 352
0x00007aca1fc45bc0 0x0000000f383c5bc0 0 1 1 0 0 3 1 59158 360
0x00007aca1fc45c40 0x0000000f383c5c40 0 0 0 0 0 3 1 59158 368
0x00007aca1fc45cc0 0x0000000f383c5cc0 0 0 0 0 0 3 1 59158 376
0x00007aca1fc45d40 0x0000000f383c5d40 0 1 0 0 0 3 1 59158 368
0x00007aca1fc45dc0 0x0000000f383c5dc0 0 1 0 0 0 3 1 59158 376
0x00007aca1fc45e40 0x0000000f383c5e40 0 0 1 0 0 3 1 59158 368
0x00007aca1fc45ec0 0x0000000f383c5ec0 0 0 1 0 0 3 1 59158 376
0x00007aca1fc45f40 0x0000000f383c5f40 0 1 1 0 0 3 1 59158 368
0x00007aca1fc45fc0 0x0000000f383c5fc0 0 1 1 0 0 3 1 59158 376
0x00007aca1fc46040 0x0000000f38399040 0 0 0 0 1 3 1 59156 576
0x00007aca1fc460c0 0x0000000f383990c0 0 0 0 0 1 3 1 59156 584
0x00007aca1fc46140 0x0000000f38399140 0 1 0 0 1 3 1 59156 576
0x00007aca1fc461c0 0x0000000f383991c0 0 1 0 0 1 3 1 59156 584
0x00007aca1fc46240 0x0000000f38399240 0 0 1 0 1 3 1 59156 576
0x00007aca1fc462c0 0x0000000f383992c0 0 0 1 0 1 3 1 59156 584
0x00007aca1fc46340 0x0000000f38399340 0 1 1 0 1 3 1 59156 576
0x00007aca1fc463c0 0x0000000f383993c0 0 1 1 0 1 3 1 59156 584
0x00007aca1fc46440 0x0000000f38399440 0 0 0 0 1 3 1 59156 592
0x00007aca1fc464c0 0x0000000f383994c0 0 0 0 0 1 3 1 59156 600
0x00007aca1fc46540 0x0000000f38399540 0 1 0 0 1 3 1 59156 592
0x00007aca1fc465c0 0x0000000f383995c0 0 1 0 0 1 3 1 59156 600
0x00007aca1fc46640 0x0000000f38399640 0 0 1 0 1 3 1 59156 592
0x00007aca1fc466c0 0x0000000f383996c0 0 0 1 0 1 3 1 59156 600
0x00007aca1fc46740 0x0000000f38399740 0 1 1 0 1 3 1 59156 592
0x00007aca1fc467c0 0x0000000f383997c0 0 1 1 0 1 3 1 59156 600
0x00007aca1fc46840 0x0000000f38399840 0 0 0 0 1 3 1 59156 608
0x00007aca1fc468c0 0x0000000f383998c0 0 0 0 0 1 3 1 59156 616
0x00007aca1fc46940 0x0000000f38399940 0 1 0 0 1 3 1 59156 608
0x00007aca1fc469c0 0x0000000f383999c0 0 1 0 0 1 3 1 59156 616
0x00007aca1fc46a40 0x0000000f38399a40 0 0 1 0 1 3 1 59156 608
0x00007aca1fc46ac0 0x0000000f38399ac0 0 0 1 0 1 3 1 59156 616
0x00007aca1fc46b40 0x0000000f38399b40 0 1 1 0 1 3 1 59156 608
0x00007aca1fc46bc0 0x0000000f38399bc0 0 1 1 0 1 3 1 59156 616
0x00007aca1fc46c40 0x0000000f38399c40 0 0 0 0 1 3 1 59156 624
0x00007aca1fc46cc0 0x0000000f38399cc0 0 0 0 0 1 3 1 59156 632
0x00007aca1fc46d40 0x0000000f38399d40 0 1 0 0 1 3 1 59156 624
0x00007aca1fc46dc0 0x0000000f38399dc0 0 1 0 0 1 3 1 59156 632
0x00007aca1fc46e40 0x0000000f38399e40 0 0 1 0 1 3 1 59156 624
0x00007aca1fc46ec0 0x0000000f38399ec0 0 0 1 0 1 3 1 59156 632
0x00007aca1fc46f40 0x0000000f38399f40 0 1 1 0 1 3 1 59156 624
0x00007aca1fc46fc0 0x0000000f38399fc0 0 1 1 0 1 3 1 59156 632
0x00007aca1fc4d040 0x0000000f38307040 0 0 0 0 0 3 1 59152 448
0x00007aca1fc4d0c0 0x0000000f383070c0 0 0 0 0 0 3 1 59152 456
0x00007aca1fc4d140 0x0000000f38307140 0 1 0 0 0 3 1 59152 448
0x00007aca1fc4d1c0 0x0000000f383071c0 0 1 0 0 0 3 1 59152 456
0x00007aca1fc4d240 0x0000000f38307240 0 0 1 0 0 3 1 59152 448
0x00007aca1fc4d2c0 0x0000000f383072c0 0 0 1 0 0 3 1 59152 456
0x00007aca1fc4d340 0x0000000f38307340 0 1 1 0 0 3 1 59152 448
0x00007aca1fc4d3c0 0x0000000f383073c0 0 1 1 0 0 3 1 59152 456
0x00007aca1fc4d440 0x0000000f38307440 0 0 0 0 0 3 1 59152 464
0x00007aca1fc4d4c0 0x0000000f383074c0 0 0 0 0 0 3 1 59152 472
0x00007aca1fc4d540 0x0000000f38307540 0 1 0 0 0 3 1 59152 464
0x00007aca1fc4d5c0 0x0000000f383075c0 0 1 0 0 0 3 1 59152 472
0x00007aca1fc4d640 0x0000000f38307640 0 0 1 0 0 3 1 59152 464
0x00007aca1fc4d6c0 0x0000000f383076c0 0 0 1 0 0 3 1 59152 472
0x00007aca1fc4d740 0x0000000f38307740 0 1 1 0 0 3 1 59152 464
0x00007aca1fc4d7c0 0x0000000f383077c0 0 1 1 0 0 3 1 59152 472
0x00007aca1fc4d840 0x0000000f38307840 0 0 0 0 0 3 1 59152 480
0x00007aca1fc4d8c0 0x0000000f383078c0 0 0 0 0 0 3 1 59152 488
0x00007aca1fc4d940 0x0000000f38307940 0 1 0 0 0 3 1 59152 480
0x00007aca1fc4d9c0 0x0000000f383079c0 0 1 0 0 0 3 1 59152 488
0x00007aca1fc4da40 0x0000000f38307a40 0 0 1 0 0 3 1 59152 480
0x00007aca1fc4dac0 0x0000000f38307ac0 0 0 1 0 0 3 1 59152 488
0x00007aca1fc4db40 0x0000000f38307b40 0 1 1 0 0 3 1 59152 480
0x00007aca1fc4dbc0 0x0000000f38307bc0 0 1 1 0 0 3 1 59152 488
0x00007aca1fc4dc40 0x0000000f38307c40 0 0 0 0 0 3 1 59152 496
0x00007aca1fc4dcc0 0x0000000f38307cc0 0 0 0 0 0 3 1 59152 504
0x00007aca1fc4dd40 0x0000000f38307d40 0 1 0 0 0 3 1 59152 496
0x00007aca1fc4ddc0 0x0000000f38307dc0 0 1 0 0 0 3 1 59152 504
0x00007aca1fc4de40 0x0000000f38307e40 0 0 1 0 0 3 1 59152 496
0x00007aca1fc4dec0 0x0000000f38307ec0 0 0 1 0 0 3 1 59152 504
0x00007aca1fc4df40 0x0000000f38307f40 0 1 1 0 0 3 1 59152 496
0x00007aca1fc4dfc0 0x0000000f38307fc0 0 1 1 0 0 3 1 59152 504
0x00007aca1fc51040 0x0000000f383ca040 0 0 0 0 1 3 1 59158 128
0x00007aca1fc510c0 0x0000000f383ca0c0 0 0 0 0 1 3 1 59158 136
0x00007aca1fc51140 0x0000000f383ca140 0 1 0 0 1 3 1 59158 128
0x00007aca1fc511c0 0x0000000f383ca1c0 0 1 0 0 1 3 1 59158 136
0x00007aca1fc51240 0x0000000f383ca240 0 0 1 0 1 3 1 59158 128
0x00007aca1fc512c0 0x0000000f383ca2c0 0 0 1 0 1 3 1 59158 136
0x00007aca1fc51340 0x0000000f383ca340 0 1 1 0 1 3 1 59158 128
0x00007aca1fc513c0 0x0000000f383ca3c0 0 1 1 0 1 3 1 59158 136
0x00007aca1fc51440 0x0000000f383ca440 0 0 0 0 1 3 1 59158 144
0x00007aca1fc514c0 0x0000000f383ca4c0 0 0 0 0 1 3 1 59158 152
0x00007aca1fc51540 0x0000000f383ca540 0 1 0 0 1 3 1 59158 144
0x00007aca1fc515c0 0x0000000f383ca5c0 0 1 0 0 1 3 1 59158 152
0x00007aca1fc51640 0x0000000f383ca640 0 0 1 0 1 3 1 59158 144
0x00007aca1fc516c0 0x0000000f383ca6c0 0 0 1 0 1 3 1 59158 152
0x00007aca1fc51740 0x0000000f383ca740 0 1 1 0 1 3 1 59158 144
0x00007aca1fc517c0 0x0000000f383ca7c0 0 1 1 0 1 3 1 59158 152
0x00007aca1fc51840 0x0000000f383ca840 0 0 0 0 1 3 1 59158 160
0x00007aca1fc518c0 0x0000000f383ca8c0 0 0 0 0 1 3 1 59158 168
0x00007aca1fc51940 0x0000000f383ca940 0 1 0 0 1 3 1 59158 160
0x00007aca1fc519c0 0x0000000f383ca9c0 0 1 0 0 1 3 1 59158 168
0x00007aca1fc51a40 0x0000000f383caa40 0 0 1 0 1 3 1 59158 160
0x00007aca1fc51ac0 0x0000000f383caac0 0 0 1 0 1 3 1 59158 168
0x00007aca1fc51b40 0x0000000f383cab40 0 1 1 0 1 3 1 59158 160
0x00007aca1fc51bc0 0x0000000f383cabc0 0 1 1 0 1 3 1 59158 168
0x00007aca1fc51c40 0x0000000f383cac40 0 0 0 0 1 3 1 59158 176
0x00007aca1fc51cc0 0x0000000f383cacc0 0 0 0 0 1 3 1 59158 184
0x00007aca1fc51d40 0x0000000f383cad40 0 1 0 0 1 3 1 59158 176
0x00007aca1fc51dc0 0x0000000f383cadc0 0 1 0 0 1 3 1 59158 184
0x00007aca1fc51e40 0x0000000f383cae40 0 0 1 0 1 3 1 59158 176
0x00007aca1fc51ec0 0x0000000f383caec0 0 0 1 0 1 3 1 59158 184
0x00007aca1fc51f40 0x0000000f383caf40 0 1 1 0 1 3 1 59158 176
0x00007aca1fc51fc0 0x0000000f383cafc0 0 1 1 0 1 3 1 59158 184
0x00007aca1fc53040 0x00000007f6b0c040 0 0 0 0 1 3 1 32456 256
0x00007aca1fc530c0 0x00000007f6b0c0c0 0 0 0 0 1 3 1 32456 264
0x00007aca1fc53140 0x00000007f6b0c140 0 1 0 0 1 3 1 32456 256
0x00007aca1fc531c0 0x00000007f6b0c1c0 0 1 0 0 1 3 1 32456 264
0x00007aca1fc53240 0x00000007f6b0c240 0 0 1 0 1 3 1 32456 256
0x00007aca1fc532c0 0x00000007f6b0c2c0 0 0 1 0 1 3 1 32456 264
0x00007aca1fc53340 0x00000007f6b0c340 0 1 1 0 1 3 1 32456 256
0x00007aca1fc533c0 0x00000007f6b0c3c0 0 1 1 0 1 3 1 32456 264
0x00007aca1fc53440 0x00000007f6b0c440 0 0 0 0 1 3 1 32456 272
0x00007aca1fc534c0 0x00000007f6b0c4c0 0 0 0 0 1 3 1 32456 280
0x00007aca1fc53540 0x00000007f6b0c540 0 1 0 0 1 3 1 32456 272
0x00007aca1fc535c0 0x00000007f6b0c5c0 0 1 0 0 1 3 1 32456 280
0x00007aca1fc53640 0x00000007f6b0c640 0 0 1 0 1 3 1 32456 272
0x00007aca1fc536c0 0x00000007f6b0c6c0 0 0 1 0 1 3 1 32456 280
0x00007aca1fc53740 0x00000007f6b0c740 0 1 1 0 1 3 1 32456 272
0x00007aca1fc537c0 0x00000007f6b0c7c0 0 1 1 0 1 3 1 32456 280
0x00007aca1fc53840 0x00000007f6b0c840 0 0 0 0 1 3 1 32456 288
0x00007aca1fc538c0 0x00000007f6b0c8c0 0 0 0 0 1 3 1 32456 296
0x00007aca1fc53940 0x00000007f6b0c940 0 1 0 0 1 3 1 32456 288
0x00007aca1fc539c0 0x00000007f6b0c9c0 0 1 0 0 1 3 1 32456 296
0x00007aca1fc53a40 0x00000007f6b0ca40 0 0 1 0 1 3 1 32456 288
0x00007aca1fc53ac0 0x00000007f6b0cac0 0 0 1 0 1 3 1 32456 296
0x00007aca1fc53b40 0x00000007f6b0cb40 0 1 1 0 1 3 1 32456 288
0x00007aca1fc53bc0 0x00000007f6b0cbc0 0 1 1 0 1 3 1 32456 296
0x00007aca1fc53c40 0x00000007f6b0cc40 0 0 0 0 1 3 1 32456 304
0x00007aca1fc53cc0 0x00000007f6b0ccc0 0 0 0 0 1 3 1 32456 312
0x00007aca1fc53d40 0x00000007f6b0cd40 0 1 0 0 1 3 1 32456 304
0x00007aca1fc53dc0 0x00000007f6b0cdc0 0 1 0 0 1 3 1 32456 312
0x00007aca1fc53e40 0x00000007f6b0ce40 0 0 1 0 1 3 1 32456 304
0x00007aca1fc53ec0 0x00000007f6b0cec0 0 0 1 0 1 3 1 32456 312
0x00007aca1fc53f40 0x00000007f6b0cf40 0 1 1 0 1 3 1 32456 304
0x00007aca1fc53fc0 0x00000007f6b0cfc0 0 1 1 0 1 3 1 32456 312
0x00007aca1fc54040 0x0000000f38304040 0 0 0 0 0 3 1 59152 256
0x00007aca1fc540c0 0x0000000f383040c0 0 0 0 0 0 3 1 59152 264
0x00007aca1fc54140 0x0000000f38304140 0 1 0 0 0 3 1 59152 256
0x00007aca1fc541c0 0x0000000f383041c0 0 1 0 0 0 3 1 59152 264
0x00007aca1fc54240 0x0000000f38304240 0 0 1 0 0 3 1 59152 256
0x00007aca1fc542c0 0x0000000f383042c0 0 0 1 0 0 3 1 59152 264
0x00007aca1fc54340 0x0000000f38304340 0 1 1 0 0 3 1 59152 256
0x00007aca1fc543c0 0x0000000f383043c0 0 1 1 0 0 3 1 59152 264
0x00007aca1fc54440 0x0000000f38304440 0 0 0 0 0 3 1 59152 272
0x00007aca1fc544c0 0x0000000f383044c0 0 0 0 0 0 3 1 59152 280
0x00007aca1fc54540 0x0000000f38304540 0 1 0 0 0 3 1 59152 272
0x00007aca1fc545c0 0x0000000f383045c0 0 1 0 0 0 3 1 59152 280
0x00007aca1fc54640 0x0000000f38304640 0 0 1 0 0 3 1 59152 272
0x00007aca1fc546c0 0x0000000f383046c0 0 0 1 0 0 3 1 59152 280
0x00007aca1fc54740 0x0000000f38304740 0 1 1 0 0 3 1 59152 272
0x00007aca1fc547c0 0x0000000f383047c0 0 1 1 0 0 3 1 59152 280
0x00007aca1fc54840 0x0000000f38304840 0 0 0 0 0 3 1 59152 288
0x00007aca1fc548c0 0x0000000f383048c0 0 0 0 0 0 3 1 59152 296
0x00007aca1fc54940 0x0000000f38304940 0 1 0 0 0 3 1 59152 288
0x00007aca1fc549c0 0x0000000f383049c0 0 1 0 0 0 3 1 59152 296
0x00007aca1fc54a40 0x0000000f38304a40 0 0 1 0 0 3 1 59152 288
0x00007aca1fc54ac0 0x0000000f38304ac0 0 0 1 0 0 3 1 59152 296
0x00007aca1fc54b40 0x0000000f38304b40 0 1 1 0 0 3 1 59152 288
0x00007aca1fc54bc0 0x0000000f38304bc0 0 1 1 0 0 3 1 59152 296
0x00007aca1fc54c40 0x0000000f38304c40 0 0 0 0 0 3 1 59152 304
0x00007aca1fc54cc0 0x0000000f38304cc0 0 0 0 0 0 3 1 59152 312
0x00007aca1fc54d40 0x0000000f38304d40 0 1 0 0 0 3 1 59152 304
0x00007aca1fc54dc0 0x0000000f38304dc0 0 1 0 0 0 3 1 59152 312
0x00007aca1fc54e40 0x0000000f38304e40 0 0 1 0 0 3 1 59152 304
0x00007aca1fc54ec0 0x0000000f38304ec0 0 0 1 0 0 3 1 59152 312
0x00007aca1fc54f40 0x0000000f38304f40 0 1 1 0 0 3 1 59152 304
0x00007aca1fc54fc0 0x0000000f38304fc0 0 1 1 0 0 3 1 59152 312
0x00007aca1fc55040 0x0000000f38347040 0 0 0 0 0 3 1 59154 448
0x00007aca1fc550c0 0x0000000f383470c0 0 0 0 0 0 3 1 59154 456
0x00007aca1fc55140 0x0000000f38347140 0 1 0 0 0 3 1 59154 448
0x00007aca1fc551c0 0x0000000f383471c0 0 1 0 0 0 3 1 59154 456
0x00007aca1fc55240 0x0000000f38347240 0 0 1 0 0 3 1 59154 448
0x00007aca1fc552c0 0x0000000f383472c0 0 0 1 0 0 3 1 59154 456
0x00007aca1fc55340 0x0000000f38347340 0 1 1 0 0 3 1 59154 448
0x00007aca1fc553c0 0x0000000f383473c0 0 1 1 0 0 3 1 59154 456
0x00007aca1fc55440 0x0000000f38347440 0 0 0 0 0 3 1 59154 464
0x00007aca1fc554c0 0x0000000f383474c0 0 0 0 0 0 3 1 59154 472
0x00007aca1fc55540 0x0000000f38347540 0 1 0 0 0 3 1 59154 464
0x00007aca1fc555c0 0x0000000f383475c0 0 1 0 0 0 3 1 59154 472
0x00007aca1fc55640 0x0000000f38347640 0 0 1 0 0 3 1 59154 464
0x00007aca1fc556c0 0x0000000f383476c0 0 0 1 0 0 3 1 59154 472
0x00007aca1fc55740 0x0000000f38347740 0 1 1 0 0 3 1 59154 464
0x00007aca1fc557c0 0x0000000f383477c0 0 1 1 0 0 3 1 59154 472
0x00007aca1fc55840 0x0000000f38347840 0 0 0 0 0 3 1 59154 480
0x00007aca1fc558c0 0x0000000f383478c0 0 0 0 0 0 3 1 59154 488
0x00007aca1fc55940 0x0000000f38347940 0 1 0 0 0 3 1 59154 480
0x00007aca1fc559c0 0x0000000f383479c0 0 1 0 0 0 3 1 59154 488
0x00007aca1fc55a40 0x0000000f38347a40 0 0 1 0 0 3 1 59154 480
0x00007aca1fc55ac0 0x0000000f38347ac0 0 0 1 0 0 3 1 59154 488
0x00007aca1fc55b40 0x0000000f38347b40 0 1 1 0 0 3 1 59154 480
0x00007aca1fc55bc0 0x0000000f38347bc0 0 1 1 0 0 3 1 59154 488
0x00007aca1fc55c40 0x0000000f38347c40 0 0 0 0 0 3 1 59154 496
0x00007aca1fc55cc0 0x0000000f38347cc0 0 0 0 0 0 3 1 59154 504
0x00007aca1fc55d40 0x0000000f38347d40 0 1 0 0 0 3 1 59154 496
0x00007aca1fc55dc0 0x0000000f38347dc0 0 1 0 0 0 3 1 59154 504
0x00007aca1fc55e40 0x0000000f38347e40 0 0 1 0 0 3 1 59154 496
0x00007aca1fc55ec0 0x0000000f38347ec0 0 0 1 0 0 3 1 59154 504
0x00007aca1fc55f40 0x0000000f38347f40 0 1 1 0 0 3 1 59154 496
0x00007aca1fc55fc0 0x0000000f38347fc0 0 1 1 0 0 3 1 59154 504
0x00007aca1fc6e040 0x00000004253e6040 0 0 0 0 0 3 1 13495 384
0x00007aca1fc6e0c0 0x00000004253e60c0 0 0 0 0 0 3 1 13495 392
0x00007aca1fc6e140 0x00000004253e6140 0 1 0 0 0 3 1 13495 384
0x00007aca1fc6e1c0 0x00000004253e61c0 0 1 0 0 0 3 1 13495 392
0x00007aca1fc6e240 0x00000004253e6240 0 0 1 0 0 3 1 13495 384
0x00007aca1fc6e2c0 0x00000004253e62c0 0 0 1 0 0 3 1 13495 392
0x00007aca1fc6e340 0x00000004253e6340 0 1 1 0 0 3 1 13495 384
0x00007aca1fc6e3c0 0x00000004253e63c0 0 1 1 0 0 3 1 13495 392
0x00007aca1fc6e440 0x00000004253e6440 0 0 0 0 0 3 1 13495 400
0x00007aca1fc6e4c0 0x00000004253e64c0 0 0 0 0 0 3 1 13495 408
0x00007aca1fc6e540 0x00000004253e6540 0 1 0 0 0 3 1 13495 400
0x00007aca1fc6e5c0 0x00000004253e65c0 0 1 0 0 0 3 1 13495 408
0x00007aca1fc6e640 0x00000004253e6640 0 0 1 0 0 3 1 13495 400
0x00007aca1fc6e6c0 0x00000004253e66c0 0 0 1 0 0 3 1 13495 408
0x00007aca1fc6e740 0x00000004253e6740 0 1 1 0 0 3 1 13495 400
0x00007aca1fc6e7c0 0x00000004253e67c0 0 1 1 0 0 3 1 13495 408
0x00007aca1fc6e840 0x00000004253e6840 0 0 0 0 0 3 1 13495 416
0x00007aca1fc6e8c0 0x00000004253e68c0 0 0 0 0 0 3 1 13495 424
0x00007aca1fc6e940 0x00000004253e6940 0 1 0 0 0 3 1 13495 416
0x00007aca1fc6e9c0 0x00000004253e69c0 0 1 0 0 0 3 1 13495 424
0x00007aca1fc6ea40 0x00000004253e6a40 0 0 1 0 0 3 1 13495 416
0x00007aca1fc6eac0 0x00000004253e6ac0 0 0 1 0 0 3 1 13495 424
0x00007aca1fc6eb40 0x00000004253e6b40 0 1 1 0 0 3 1 13495 416
0x00007aca1fc6ebc0 0x00000004253e6bc0 0 1 1 0 0 3 1 13495 424
0x00007aca1fc6ec40 0x00000004253e6c40 0 0 0 0 0 3 1 13495 432
0x00007aca1fc6ecc0 0x00000004253e6cc0 0 0 0 0 0 3 1 13495 440
0x00007aca1fc6ed40 0x00000004253e6d40 0 1 0 0 0 3 1 13495 432
0x00007aca1fc6edc0 0x00000004253e6dc0 0 1 0 0 0 3 1 13495 440
0x00007aca1fc6ee40 0x00000004253e6e40 0 0 1 0 0 3 1 13495 432
0x00007aca1fc6eec0 0x00000004253e6ec0 0 0 1 0 0 3 1 13495 440
0x00007aca1fc6ef40 0x00000004253e6f40 0 1 1 0 0 3 1 13495 432
0x00007aca1fc6efc0 0x00000004253e6fc0 0 1 1 0 0 3 1 13495 440
0x00007aca1fc7a040 0x0000000c843f7040 0 0 0 0 0 3 1 49287 960
0x00007aca1fc7a0c0 0x0000000c843f70c0 0 0 0 0 0 3 1 49287 968
0x00007aca1fc7a140 0x0000000c843f7140 0 1 0 0 0 3 1 49287 960
0x00007aca1fc7a1c0 0x0000000c843f71c0 0 1 0 0 0 3 1 49287 968
0x00007aca1fc7a240 0x0000000c843f7240 0 0 1 0 0 3 1 49287 960
0x00007aca1fc7a2c0 0x0000000c843f72c0 0 0 1 0 0 3 1 49287 968
0x00007aca1fc7a340 0x0000000c843f7340 0 1 1 0 0 3 1 49287 960
0x00007aca1fc7a3c0 0x0000000c843f73c0 0 1 1 0 0 3 1 49287 968
0x00007aca1fc7a440 0x0000000c843f7440 0 0 0 0 0 3 1 49287 976
0x00007aca1fc7a4c0 0x0000000c843f74c0 0 0 0 0 0 3 1 49287 984
0x00007aca1fc7a540 0x0000000c843f7540 0 1 0 0 0 3 1 49287 976
0x00007aca1fc7a5c0 0x0000000c843f75c0 0 1 0 0 0 3 1 49287 984
0x00007aca1fc7a640 0x0000000c843f7640 0 0 1 0 0 3 1 49287 976
0x00007aca1fc7a6c0 0x0000000c843f76c0 0 0 1 0 0 3 1 49287 984
0x00007aca1fc7a740 0x0000000c843f7740 0 1 1 0 0 3 1 49287 976
0x00007aca1fc7a7c0 0x0000000c843f77c0 0 1 1 0 0 3 1 49287 984
0x00007aca1fc7a840 0x0000000c843f7840 0 0 0 0 0 3 1 49287 992
0x00007aca1fc7a8c0 0x0000000c843f78c0 0 0 0 0 0 3 1 49287 1000
0x00007aca1fc7a940 0x0000000c843f7940 0 1 0 0 0 3 1 49287 992
0x00007aca1fc7a9c0 0x0000000c843f79c0 0 1 0 0 0 3 1 49287 1000
0x00007aca1fc7aa40 0x0000000c843f7a40 0 0 1 0 0 3 1 49287 992
0x00007aca1fc7aac0 0x0000000c843f7ac0 0 0 1 0 0 3 1 49287 1000
0x00007aca1fc7ab40 0x0000000c843f7b40 0 1 1 0 0 3 1 49287 992
0x00007aca1fc7abc0 0x0000000c843f7bc0 0 1 1 0 0 3 1 49287 1000
0x00007aca1fc7ac40 0x0000000c843f7c40 0 0 0 0 0 3 1 49287 1008
0x00007aca1fc7acc0 0x0000000c843f7cc0 0 0 0 0 0 3 1 49287 1016
0x00007aca1fc7ad40 0x0000000c843f7d40 0 1 0 0 0 3 1 49287 1008
0x00007aca1fc7adc0 0x0000000c843f7dc0 0 1 0 0 0 3 1 49287 1016
0x00007aca1fc7ae40 0x0000000c843f7e40 0 0 1 0 0 3 1 49287 1008
0x00007aca1fc7aec0 0x0000000c843f7ec0 0 0 1 0 0 3 1 49287 1016
0x00007aca1fc7af40 0x0000000c843f7f40 0 1 1 0 0 3 1 49287 1008
0x00007aca1fc7afc0 0x0000000c843f7fc0 0 1 1 0 0 3 1 49287 1016
0x00007aca1fc7e040 0x0000000eb43b2040 0 0 0 0 0 3 1 59013 640
0x00007aca1fc7e0c0 0x0000000eb43b20c0 0 0 0 0 0 3 1 59013 648
0x00007aca1fc7e140 0x0000000eb43b2140 0 1 0 0 0 3 1 59013 640
0x00007aca1fc7e1c0 0x0000000eb43b21c0 0 1 0 0 0 3 1 59013 648
0x00007aca1fc7e240 0x0000000eb43b2240 0 0 1 0 0 3 1 59013 640
0x00007aca1fc7e2c0 0x0000000eb43b22c0 0 0 1 0 0 3 1 59013 648
0x00007aca1fc7e340 0x0000000eb43b2340 0 1 1 0 0 3 1 59013 640
0x00007aca1fc7e3c0 0x0000000eb43b23c0 0 1 1 0 0 3 1 59013 648
0x00007aca1fc7e440 0x0000000eb43b2440 0 0 0 0 0 3 1 59013 656
0x00007aca1fc7e4c0 0x0000000eb43b24c0 0 0 0 0 0 3 1 59013 664
0x00007aca1fc7e540 0x0000000eb43b2540 0 1 0 0 0 3 1 59013 656
0x00007aca1fc7e5c0 0x0000000eb43b25c0 0 1 0 0 0 3 1 59013 664
0x00007aca1fc7e640 0x0000000eb43b2640 0 0 1 0 0 3 1 59013 656
0x00007aca1fc7e6c0 0x0000000eb43b26c0 0 0 1 0 0 3 1 59013 664
0x00007aca1fc7e740 0x0000000eb43b2740 0 1 1 0 0 3 1 59013 656
0x00007aca1fc7e7c0 0x0000000eb43b27c0 0 1 1 0 0 3 1 59013 664
0x00007aca1fc7e840 0x0000000eb43b2840 0 0 0 0 0 3 1 59013 672
0x00007aca1fc7e8c0 0x0000000eb43b28c0 0 0 0 0 0 3 1 59013 680
0x00007aca1fc7e940 0x0000000eb43b2940 0 1 0 0 0 3 1 59013 672
0x00007aca1fc7e9c0 0x0000000eb43b29c0 0 1 0 0 0 3 1 59013 680
0x00007aca1fc7ea40 0x0000000eb43b2a40 0 0 1 0 0 3 1 59013 672
0x00007aca1fc7eac0 0x0000000eb43b2ac0 0 0 1 0 0 3 1 59013 680
0x00007aca1fc7eb40 0x0000000eb43b2b40 0 1 1 0 0 3 1 59013 672
0x00007aca1fc7ebc0 0x0000000eb43b2bc0 0 1 1 0 0 3 1 59013 680
0x00007aca1fc7ec40 0x0000000eb43b2c40 0 0 0 0 0 3 1 59013 688
0x00007aca1fc7ecc0 0x0000000eb43b2cc0 0 0 0 0 0 3 1 59013 696
0x00007aca1fc7ed40 0x0000000eb43b2d40 0 1 0 0 0 3 1 59013 688
0x00007aca1fc7edc0 0x0000000eb43b2dc0 0 1 0 0 0 3 1 59013 696
0x00007aca1fc7ee40 0x0000000eb43b2e40 0 0 1 0 0 3 1 59013 688
0x00007aca1fc7eec0 0x0000000eb43b2ec0 0 0 1 0 0 3 1 59013 696
0x00007aca1fc7ef40 0x0000000eb43b2f40 0 1 1 0 0 3 1 59013 688
0x00007aca1fc7efc0 0x0000000eb43b2fc0 0 1 1 0 0 3 1 59013 696
0x00007aca1fc80040 0x0000000da5b44040 0 0 0 0 0 3 1 54442 256
0x00007aca1fc800c0 0x0000000da5b440c0 0 0 0 0 0 3 1 54442 264
0x00007aca1fc80140 0x0000000da5b44140 0 1 0 0 0 3 1 54442 256
0x00007aca1fc801c0 0x0000000da5b441c0 0 1 0 0 0 3 1 54442 264
0x00007aca1fc80240 0x0000000da5b44240 0 0 1 0 0 3 1 54442 256
0x00007aca1fc802c0 0x0000000da5b442c0 0 0 1 0 0 3 1 54442 264
0x00007aca1fc80340 0x0000000da5b44340 0 1 1 0 0 3 1 54442 256
0x00007aca1fc803c0 0x0000000da5b443c0 0 1 1 0 0 3 1 54442 264
0x00007aca1fc80440 0x0000000da5b44440 0 0 0 0 0 3 1 54442 272
0x00007aca1fc804c0 0x0000000da5b444c0 0 0 0 0 0 3 1 54442 280
0x00007aca1fc80540 0x0000000da5b44540 0 1 0 0 0 3 1 54442 272
0x00007aca1fc805c0 0x0000000da5b445c0 0 1 0 0 0 3 1 54442 280
0x00007aca1fc80640 0x0000000da5b44640 0 0 1 0 0 3 1 54442 272
0x00007aca1fc806c0 0x0000000da5b446c0 0 0 1 0 0 3 1 54442 280
0x00007aca1fc80740 0x0000000da5b44740 0 1 1 0 0 3 1 54442 272
0x00007aca1fc807c0 0x0000000da5b447c0 0 1 1 0 0 3 1 54442 280
0x00007aca1fc80840 0x0000000da5b44840 0 0 0 0 0 3 1 54442 288
0x00007aca1fc808c0 0x0000000da5b448c0 0 0 0 0 0 3 1 54442 296
0x00007aca1fc80940 0x0000000da5b44940 0 1 0 0 0 3 1 54442 288
0x00007aca1fc809c0 0x0000000da5b449c0 0 1 0 0 0 3 1 54442 296
0x00007aca1fc80a40 0x0000000da5b44a40 0 0 1 0 0 3 1 54442 288
0x00007aca1fc80ac0 0x0000000da5b44ac0 0 0 1 0 0 3 1 54442 296
0x00007aca1fc80b40 0x0000000da5b44b40 0 1 1 0 0 3 1 54442 288
0x00007aca1fc80bc0 0x0000000da5b44bc0 0 1 1 0 0 3 1 54442 296
0x00007aca1fc80c40 0x0000000da5b44c40 0 0 0 0 0 3 1 54442 304
0x00007aca1fc80cc0 0x0000000da5b44cc0 0 0 0 0 0 3 1 54442 312
0x00007aca1fc80d40 0x0000000da5b44d40 0 1 0 0 0 3 1 54442 304
0x00007aca1fc80dc0 0x0000000da5b44dc0 0 1 0 0 0 3 1 54442 312
0x00007aca1fc80e40 0x0000000da5b44e40 0 0 1 0 0 3 1 54442 304
0x00007aca1fc80ec0 0x0000000da5b44ec0 0 0 1 0 0 3 1 54442 312
0x00007aca1fc80f40 0x0000000da5b44f40 0 1 1 0 0 3 1 54442 304
0x00007aca1fc80fc0 0x0000000da5b44fc0 0 1 1 0 0 3 1 54442 312
0x00007aca1fc87040 0x00000008fb336040 0 0 0 0 0 3 1 36705 896
0x00007aca1fc870c0 0x00000008fb3360c0 0 0 0 0 0 3 1 36705 904
0x00007aca1fc87140 0x00000008fb336140 0 1 0 0 0 3 1 36705 896
0x00007aca1fc871c0 0x00000008fb3361c0 0 1 0 0 0 3 1 36705 904
0x00007aca1fc87240 0x00000008fb336240 0 0 1 0 0 3 1 36705 896
0x00007aca1fc872c0 0x00000008fb3362c0 0 0 1 0 0 3 1 36705 904
0x00007aca1fc87340 0x00000008fb336340 0 1 1 0 0 3 1 36705 896
0x00007aca1fc873c0 0x00000008fb3363c0 0 1 1 0 0 3 1 36705 904
0x00007aca1fc87440 0x00000008fb336440 0 0 0 0 0 3 1 36705 912
0x00007aca1fc874c0 0x00000008fb3364c0 0 0 0 0 0 3 1 36705 920
0x00007aca1fc87540 0x00000008fb336540 0 1 0 0 0 3 1 36705 912
0x00007aca1fc875c0 0x00000008fb3365c0 0 1 0 0 0 3 1 36705 920
0x00007aca1fc87640 0x00000008fb336640 0 0 1 0 0 3 1 36705 912
0x00007aca1fc876c0 0x00000008fb3366c0 0 0 1 0 0 3 1 36705 920
0x00007aca1fc87740 0x00000008fb336740 0 1 1 0 0 3 1 36705 912
0x00007aca1fc877c0 0x00000008fb3367c0 0 1 1 0 0 3 1 36705 920
0x00007aca1fc87840 0x00000008fb336840 0 0 0 0 0 3 1 36705 928
0x00007aca1fc878c0 0x00000008fb3368c0 0 0 0 0 0 3 1 36705 936
0x00007aca1fc87940 0x00000008fb336940 0 1 0 0 0 3 1 36705 928
0x00007aca1fc879c0 0x00000008fb3369c0 0 1 0 0 0 3 1 36705 936
0x00007aca1fc87a40 0x00000008fb336a40 0 0 1 0 0 3 1 36705 928
0x00007aca1fc87ac0 0x00000008fb336ac0 0 0 1 0 0 3 1 36705 936
0x00007aca1fc87b40 0x00000008fb336b40 0 1 1 0 0 3 1 36705 928
0x00007aca1fc87bc0 0x00000008fb336bc0 0 1 1 0 0 3 1 36705 936
0x00007aca1fc87c40 0x00000008fb336c40 0 0 0 0 0 3 1 36705 944
0x00007aca1fc87cc0 0x00000008fb336cc0 0 0 0 0 0 3 1 36705 952
0x00007aca1fc87d40 0x00000008fb336d40 0 1 0 0 0 3 1 36705 944
0x00007aca1fc87dc0 0x00000008fb336dc0 0 1 0 0 0 3 1 36705 952
0x00007aca1fc87e40 0x00000008fb336e40 0 0 1 0 0 3 1 36705 944
0x00007aca1fc87ec0 0x00000008fb336ec0 0 0 1 0 0 3 1 36705 952
0x00007aca1fc87f40 0x00000008fb336f40 0 1 1 0 0 3 1 36705 944
0x00007aca1fc87fc0 0x00000008fb336fc0 0 1 1 0 0 3 1 36705 952
0x00007aca1fc91040 0x00000009d8b66040 0 0 0 0 0 3 1 39691 384
0x00007aca1fc910c0 0x00000009d8b660c0 0 0 0 0 0 3 1 39691 392
0x00007aca1fc91140 0x00000009d8b66140 0 1 0 0 0 3 1 39691 384
0x00007aca1fc911c0 0x00000009d8b661c0 0 1 0 0 0 3 1 39691 392
0x00007aca1fc91240 0x00000009d8b66240 0 0 1 0 0 3 1 39691 384
0x00007aca1fc912c0 0x00000009d8b662c0 0 0 1 0 0 3 1 39691 392
0x00007aca1fc91340 0x00000009d8b66340 0 1 1 0 0 3 1 39691 384
0x00007aca1fc913c0 0x00000009d8b663c0 0 1 1 0 0 3 1 39691 392
0x00007aca1fc91440 0x00000009d8b66440 0 0 0 0 0 3 1 39691 400
0x00007aca1fc914c0 0x00000009d8b664c0 0 0 0 0 0 3 1 39691 408
0x00007aca1fc91540 0x00000009d8b66540 0 1 0 0 0 3 1 39691 400
0x00007aca1fc915c0 0x00000009d8b665c0 0 1 0 0 0 3 1 39691 408
0x00007aca1fc91640 0x00000009d8b66640 0 0 1 0 0 3 1 39691 400
0x00007aca1fc916c0 0x00000009d8b666c0 0 0 1 0 0 3 1 39691 408
0x00007aca1fc91740 0x00000009d8b66740 0 1 1 0 0 3 1 39691 400
0x00007aca1fc917c0 0x00000009d8b667c0 0 1 1 0 0 3 1 39691 408
0x00007aca1fc91840 0x00000009d8b66840 0 0 0 0 0 3 1 39691 416
0x00007aca1fc918c0 0x00000009d8b668c0 0 0 0 0 0 3 1 39691 424
0x00007aca1fc91940 0x00000009d8b66940 0 1 0 0 0 3 1 39691 416
0x00007aca1fc919c0 0x00000009d8b669c0 0 1 0 0 0 3 1 39691 424
0x00007aca1fc91a40 0x00000009d8b66a40 0 0 1 0 0 3 1 39691 416
0x00007aca1fc91ac0 0x00000009d8b66ac0 0 0 1 0 0 3 1 39691 424
0x00007aca1fc91b40 0x00000009d8b66b40 0 1 1 0 0 3 1 39691 416
0x00007aca1fc91bc0 0x00000009d8b66bc0 0 1 1 0 0 3 1 39691 424
0x00007aca1fc91c40 0x00000009d8b66c40 0 0 0 0 0 3 1 39691 432
0x00007aca1fc91cc0 0x00000009d8b66cc0 0 0 0 0 0 3 1 39691 440
0x00007aca1fc91d40 0x00000009d8b66d40 0 1 0 0 0 3 1 39691 432
0x00007aca1fc91dc0 0x00000009d8b66dc0 0 1 0 0 0 3 1 39691 440
0x00007aca1fc91e40 0x00000009d8b66e40 0 0 1 0 0 3 1 39691 432
0x00007aca1fc91ec0 0x00000009d8b66ec0 0 0 1 0 0 3 1 39691 440
0x00007aca1fc91f40 0x00000009d8b66f40 0 1 1 0 0 3 1 39691 432
0x00007aca1fc91fc0 0x00000009d8b66fc0 0 1 1 0 0 3 1 39691 440
0x00007aca1fc92040 0x00000006dd3c0040 0 0 0 0 0 3 1 27558 0
0x00007aca1fc920c0 0x00000006dd3c00c0 0 0 0 0 0 3 1 27558 8
0x00007aca1fc92140 0x00000006dd3c0140 0 1 0 0 0 3 1 27558 0
0x00007aca1fc921c0 0x00000006dd3c01c0 0 1 0 0 0 3 1 27558 8
0x00007aca1fc92240 0x00000006dd3c0240 0 0 1 0 0 3 1 27558 0
0x00007aca1fc922c0 0x00000006dd3c02c0 0 0 1 0 0 3 1 27558 8
0x00007aca1fc92340 0x00000006dd3c0340 0 1 1 0 0 3 1 27558 0
0x00007aca1fc923c0 0x00000006dd3c03c0 0 1 1 0 0 3 1 27558 8
0x00007aca1fc92440 0x00000006dd3c0440 0 0 0 0 0 3 1 27558 16
0x00007aca1fc924c0 0x00000006dd3c04c0 0 0 0 0 0 3 1 27558 24
0x00007aca1fc92540 0x00000006dd3c0540 0 1 0 0 0 3 1 27558 16
0x00007aca1fc925c0 0x00000006dd3c05c0 0 1 0 0 0 3 1 27558 24
0x00007aca1fc92640 0x00000006dd3c0640 0 0 1 0 0 3 1 27558 16
0x00007aca1fc926c0 0x00000006dd3c06c0 0 0 1 0 0 3 1 27558 24
0x00007aca1fc92740 0x00000006dd3c0740 0 1 1 0 0 3 1 27558 16
0x00007aca1fc927c0 0x00000006dd3c07c0 0 1 1 0 0 3 1 27558 24
0x00007aca1fc92840 0x00000006dd3c0840 0 0 0 0 0 3 1 27558 32
0x00007aca1fc928c0 0x00000006dd3c08c0 0 0 0 0 0 3 1 27558 40
0x00007aca1fc92940 0x00000006dd3c0940 0 1 0 0 0 3 1 27558 32
0x00007aca1fc929c0 0x00000006dd3c09c0 0 1 0 0 0 3 1 27558 40
0x00007aca1fc92a40 0x00000006dd3c0a40 0 0 1 0 0 3 1 27558 32
0x00007aca1fc92ac0 0x00000006dd3c0ac0 0 0 1 0 0 3 1 27558 40
0x00007aca1fc92b40 0x00000006dd3c0b40 0 1 1 0 0 3 1 27558 32
0x00007aca1fc92bc0 0x00000006dd3c0bc0 0 1 1 0 0 3 1 27558 40
0x00007aca1fc92c40 0x00000006dd3c0c40 0 0 0 0 0 3 1 27558 48
0x00007aca1fc92cc0 0x00000006dd3c0cc0 0 0 0 0 0 3 1 27558 56
0x00007aca1fc92d40 0x00000006dd3c0d40 0 1 0 0 0 3 1 27558 48
0x00007aca1fc92dc0 0x00000006dd3c0dc0 0 1 0 0 0 3 1 27558 56
0x00007aca1fc92e40 0x00000006dd3c0e40 0 0 1 0 0 3 1 27558 48
0x00007aca1fc92ec0 0x00000006dd3c0ec0 0 0 1 0 0 3 1 27558 56
0x00007aca1fc92f40 0x00000006dd3c0f40 0 1 1 0 0 3 1 27558 48
0x00007aca1fc92fc0 0x00000006dd3c0fc0 0 1 1 0 0 3 1 27558 56
0x00007aca1fc98040 0x0000000b4c3b6040 0 0 0 0 0 3 1 43413 896
0x00007aca1fc980c0 0x0000000b4c3b60c0 0 0 0 0 0 3 1 43413 904
0x00007aca1fc98140 0x0000000b4c3b6140 0 1 0 0 0 3 1 43413 896
0x00007aca1fc981c0 0x0000000b4c3b61c0 0 1 0 0 0 3 1 43413 904
0x00007aca1fc98240 0x0000000b4c3b6240 0 0 1 0 0 3 1 43413 896
0x00007aca1fc982c0 0x0000000b4c3b62c0 0 0 1 0 0 3 1 43413 904
0x00007aca1fc98340 0x0000000b4c3b6340 0 1 1 0 0 3 1 43413 896
0x00007aca1fc983c0 0x0000000b4c3b63c0 0 1 1 0 0 3 1 43413 904
0x00007aca1fc98440 0x0000000b4c3b6440 0 0 0 0 0 3 1 43413 912
0x00007aca1fc984c0 0x0000000b4c3b64c0 0 0 0 0 0 3 1 43413 920
0x00007aca1fc98540 0x0000000b4c3b6540 0 1 0 0 0 3 1 43413 912
0x00007aca1fc985c0 0x0000000b4c3b65c0 0 1 0 0 0 3 1 43413 920
0x00007aca1fc98640 0x0000000b4c3b6640 0 0 1 0 0 3 1 43413 912
0x00007aca1fc986c0 0x0000000b4c3b66c0 0 0 1 0 0 3 1 43413 920
0x00007aca1fc98740 0x0000000b4c3b6740 0 1 1 0 0 3 1 43413 912
0x00007aca1fc987c0 0x0000000b4c3b67c0 0 1 1 0 0 3 1 43413 920
0x00007aca1fc98840 0x0000000b4c3b6840 0 0 0 0 0 3 1 43413 928
0x00007aca1fc988c0 0x0000000b4c3b68c0 0 0 0 0 0 3 1 43413 936
0x00007aca1fc98940 0x0000000b4c3b6940 0 1 0 0 0 3 1 43413 928
0x00007aca1fc989c0 0x0000000b4c3b69c0 0 1 0 0 0 3 1 43413 936
0x00007aca1fc98a40 0x0000000b4c3b6a40 0 0 1 0 0 3 1 43413 928
0x00007aca1fc98ac0 0x0000000b4c3b6ac0 0 0 1 0 0 3 1 43413 936
0x00007aca1fc98b40 0x0000000b4c3b6b40 0 1 1 0 0 3 1 43413 928
0x00007aca1fc98bc0 0x0000000b4c3b6bc0 0 1 1 0 0 3 1 43413 936
0x00007aca1fc98c40 0x0000000b4c3b6c40 0 0 0 0 0 3 1 43413 944
0x00007aca1fc98cc0 0x0000000b4c3b6cc0 0 0 0 0 0 3 1 43413 952
0x00007aca1fc98d40 0x0000000b4c3b6d40 0 1 0 0 0 3 1 43413 944
0x00007aca1fc98dc0 0x0000000b4c3b6dc0 0 1 0 0 0 3 1 43413 952
0x00007aca1fc98e40 0x0000000b4c3b6e40 0 0 1 0 0 3 1 43413 944
0x00007aca1fc98ec0 0x0000000b4c3b6ec0 0 0 1 0 0 3 1 43413 952
0x00007aca1fc98f40 0x0000000b4c3b6f40 0 1 1 0 0 3 1 43413 944
0x00007aca1fc98fc0 0x0000000b4c3b6fc0 0 1 1 0 0 3 1 43413 952
0x00007aca1fc9d040 0x00000008ae3cd040 0 0 0 0 1 3 1 34246 320
0x00007aca1fc9d0c0 0x00000008ae3cd0c0 0 0 0 0 1 3 1 34246 328
0x00007aca1fc9d140 0x00000008ae3cd140 0 1 0 0 1 3 1 34246 320
0x00007aca1fc9d1c0 0x00000008ae3cd1c0 0 1 0 0 1 3 1 34246 328
0x00007aca1fc9d240 0x00000008ae3cd240 0 0 1 0 1 3 1 34246 320
0x00007aca1fc9d2c0 0x00000008ae3cd2c0 0 0 1 0 1 3 1 34246 328
0x00007aca1fc9d340 0x00000008ae3cd340 0 1 1 0 1 3 1 34246 320
0x00007aca1fc9d3c0 0x00000008ae3cd3c0 0 1 1 0 1 3 1 34246 328
0x00007aca1fc9d440 0x00000008ae3cd440 0 0 0 0 1 3 1 34246 336
0x00007aca1fc9d4c0 0x00000008ae3cd4c0 0 0 0 0 1 3 1 34246 344
0x00007aca1fc9d540 0x00000008ae3cd540 0 1 0 0 1 3 1 34246 336
0x00007aca1fc9d5c0 0x00000008ae3cd5c0 0 1 0 0 1 3 1 34246 344
0x00007aca1fc9d640 0x00000008ae3cd640 0 0 1 0 1 3 1 34246 336
0x00007aca1fc9d6c0 0x00000008ae3cd6c0 0 0 1 0 1 3 1 34246 344
0x00007aca1fc9d740 0x00000008ae3cd740 0 1 1 0 1 3 1 34246 336
0x00007aca1fc9d7c0 0x00000008ae3cd7c0 0 1 1 0 1 3 1 34246 344
0x00007aca1fc9d840 0x00000008ae3cd840 0 0 0 0 1 3 1 34246 352
0x00007aca1fc9d8c0 0x00000008ae3cd8c0 0 0 0 0 1 3 1 34246 360
0x00007aca1fc9d940 0x00000008ae3cd940 0 1 0 0 1 3 1 34246 352
0x00007aca1fc9d9c0 0x00000008ae3cd9c0 0 1 0 0 1 3 1 34246 360
0x00007aca1fc9da40 0x00000008ae3cda40 0 0 1 0 1 3 1 34246 352
0x00007aca1fc9dac0 0x00000008ae3cdac0 0 0 1 0 1 3 1 34246 360
0x00007aca1fc9db40 0x00000008ae3cdb40 0 1 1 0 1 3 1 34246 352
0x00007aca1fc9dbc0 0x00000008ae3cdbc0 0 1 1 0 1 3 1 34246 360
0x00007aca1fc9dc40 0x00000008ae3cdc40 0 0 0 0 1 3 1 34246 368
0x00007aca1fc9dcc0 0x00000008ae3cdcc0 0 0 0 0 1 3 1 34246 376
0x00007aca1fc9dd40 0x00000008ae3cdd40 0 1 0 0 1 3 1 34246 368
0x00007aca1fc9ddc0 0x00000008ae3cddc0 0 1 0 0 1 3 1 34246 376
0x00007aca1fc9de40 0x00000008ae3cde40 0 0 1 0 1 3 1 34246 368
0x00007aca1fc9dec0 0x00000008ae3cdec0 0 0 1 0 1 3 1 34246 376
0x00007aca1fc9df40 0x00000008ae3cdf40 0 1 1 0 1 3 1 34246 368
0x00007aca1fc9dfc0 0x00000008ae3cdfc0 0 1 1 0 1 3 1 34246 376
0x00007aca1fc9e040 0x0000000c33b8b040 0 0 0 0 1 3 1 46716 192
0x00007aca1fc9e0c0 0x0000000c33b8b0c0 0 0 0 0 1 3 1 46716 200
0x00007aca1fc9e140 0x0000000c33b8b140 0 1 0 0 1 3 1 46716 192
0x00007aca1fc9e1c0 0x0000000c33b8b1c0 0 1 0 0 1 3 1 46716 200
0x00007aca1fc9e240 0x0000000c33b8b240 0 0 1 0 1 3 1 46716 192
0x00007aca1fc9e2c0 0x0000000c33b8b2c0 0 0 1 0 1 3 1 46716 200
0x00007aca1fc9e340 0x0000000c33b8b340 0 1 1 0 1 3 1 46716 192
0x00007aca1fc9e3c0 0x0000000c33b8b3c0 0 1 1 0 1 3 1 46716 200
0x00007aca1fc9e440 0x0000000c33b8b440 0 0 0 0 1 3 1 46716 208
0x00007aca1fc9e4c0 0x0000000c33b8b4c0 0 0 0 0 1 3 1 46716 216
0x00007aca1fc9e540 0x0000000c33b8b540 0 1 0 0 1 3 1 46716 208
0x00007aca1fc9e5c0 0x0000000c33b8b5c0 0 1 0 0 1 3 1 46716 216
0x00007aca1fc9e640 0x0000000c33b8b640 0 0 1 0 1 3 1 46716 208
0x00007aca1fc9e6c0 0x0000000c33b8b6c0 0 0 1 0 1 3 1 46716 216
0x00007aca1fc9e740 0x0000000c33b8b740 0 1 1 0 1 3 1 46716 208
0x00007aca1fc9e7c0 0x0000000c33b8b7c0 0 1 1 0 1 3 1 46716 216
0x00007aca1fc9e840 0x0000000c33b8b840 0 0 0 0 1 3 1 46716 224
0x00007aca1fc9e8c0 0x0000000c33b8b8c0 0 0 0 0 1 3 1 46716 232
0x00007aca1fc9e940 0x0000000c33b8b940 0 1 0 0 1 3 1 46716 224
0x00007aca1fc9e9c0 0x0000000c33b8b9c0 0 1 0 0 1 3 1 46716 232
0x00007aca1fc9ea40 0x0000000c33b8ba40 0 0 1 0 1 3 1 46716 224
0x00007aca1fc9eac0 0x0000000c33b8bac0 0 0 1 0 1 3 1 46716 232
0x00007aca1fc9eb40 0x0000000c33b8bb40 0 1 1 0 1 3 1 46716 224
0x00007aca1fc9ebc0 0x0000000c33b8bbc0 0 1 1 0 1 3 1 46716 232
0x00007aca1fc9ec40 0x0000000c33b8bc40 0 0 0 0 1 3 1 46716 240
0x00007aca1fc9ecc0 0x0000000c33b8bcc0 0 0 0 0 1 3 1 46716 248
0x00007aca1fc9ed40 0x0000000c33b8bd40 0 1 0 0 1 3 1 46716 240
0x00007aca1fc9edc0 0x0000000c33b8bdc0 0 1 0 0 1 3 1 46716 248
0x00007aca1fc9ee40 0x0000000c33b8be40 0 0 1 0 1 3 1 46716 240
0x00007aca1fc9eec0 0x0000000c33b8bec0 0 0 1 0 1 3 1 46716 248
0x00007aca1fc9ef40 0x0000000c33b8bf40 0 1 1 0 1 3 1 46716 240
0x00007aca1fc9efc0 0x0000000c33b8bfc0 0 1 1 0 1 3 1 46716 248
0x00007aca1fca8040 0x00000009b63fd040 0 0 0 0 1 3 1 38599 832
0x00007aca1fca80c0 0x00000009b63fd0c0 0 0 0 0 1 3 1 38599 840
0x00007aca1fca8140 0x00000009b63fd140 0 1 0 0 1 3 1 38599 832
0x00007aca1fca81c0 0x00000009b63fd1c0 0 1 0 0 1 3 1 38599 840
0x00007aca1fca8240 0x00000009b63fd240 0 0 1 0 1 3 1 38599 832
0x00007aca1fca82c0 0x00000009b63fd2c0 0 0 1 0 1 3 1 38599 840
0x00007aca1fca8340 0x00000009b63fd340 0 1 1 0 1 3 1 38599 832
0x00007aca1fca83c0 0x00000009b63fd3c0 0 1 1 0 1 3 1 38599 840
0x00007aca1fca8440 0x00000009b63fd440 0 0 0 0 1 3 1 38599 848
0x00007aca1fca84c0 0x00000009b63fd4c0 0 0 0 0 1 3 1 38599 856
0x00007aca1fca8540 0x00000009b63fd540 0 1 0 0 1 3 1 38599 848
0x00007aca1fca85c0 0x00000009b63fd5c0 0 1 0 0 1 3 1 38599 856
0x00007aca1fca8640 0x00000009b63fd640 0 0 1 0 1 3 1 38599 848
0x00007aca1fca86c0 0x00000009b63fd6c0 0 0 1 0 1 3 1 38599 856
0x00007aca1fca8740 0x00000009b63fd740 0 1 1 0 1 3 1 38599 848
0x00007aca1fca87c0 0x00000009b63fd7c0 0 1 1 0 1 3 1 38599 856
0x00007aca1fca8840 0x00000009b63fd840 0 0 0 0 1 3 1 38599 864
0x00007aca1fca88c0 0x00000009b63fd8c0 0 0 0 0 1 3 1 38599 872
0x00007aca1fca8940 0x00000009b63fd940 0 1 0 0 1 3 1 38599 864
0x00007aca1fca89c0 0x00000009b63fd9c0 0 1 0 0 1 3 1 38599 872
0x00007aca1fca8a40 0x00000009b63fda40 0 0 1 0 1 3 1 38599 864
0x00007aca1fca8ac0 0x00000009b63fdac0 0 0 1 0 1 3 1 38599 872
0x00007aca1fca8b40 0x00000009b63fdb40 0 1 1 0 1 3 1 38599 864
0x00007aca1fca8bc0 0x00000009b63fdbc0 0 1 1 0 1 3 1 38599 872
0x00007aca1fca8c40 0x00000009b63fdc40 0 0 0 0 1 3 1 38599 880
0x00007aca1fca8cc0 0x00000009b63fdcc0 0 0 0 0 1 3 1 38599 888
0x00007aca1fca8d40 0x00000009b63fdd40 0 1 0 0 1 3 1 38599 880
0x00007aca1fca8dc0 0x00000009b63fddc0 0 1 0 0 1 3 1 38599 888
0x00007aca1fca8e40 0x00000009b63fde40 0 0 1 0 1 3 1 38599 880
0x00007aca1fca8ec0 0x00000009b63fdec0 0 0 1 0 1 3 1 38599 888
0x00007aca1fca8f40 0x00000009b63fdf40 0 1 1 0 1 3 1 38599 880
0x00007aca1fca8fc0 0x00000009b63fdfc0 0 1 1 0 1 3 1 38599 888
0x00007aca1fca9040 0x0000000e23bbb040 0 0 0 0 1 3 1 54397 704
0x00007aca1fca90c0 0x0000000e23bbb0c0 0 0 0 0 1 3 1 54397 712
0x00007aca1fca9140 0x0000000e23bbb140 0 1 0 0 1 3 1 54397 704
0x00007aca1fca91c0 0x0000000e23bbb1c0 0 1 0 0 1 3 1 54397 712
0x00007aca1fca9240 0x0000000e23bbb240 0 0 1 0 1 3 1 54397 704
0x00007aca1fca92c0 0x0000000e23bbb2c0 0 0 1 0 1 3 1 54397 712
0x00007aca1fca9340 0x0000000e23bbb340 0 1 1 0 1 3 1 54397 704
0x00007aca1fca93c0 0x0000000e23bbb3c0 0 1 1 0 1 3 1 54397 712
0x00007aca1fca9440 0x0000000e23bbb440 0 0 0 0 1 3 1 54397 720
0x00007aca1fca94c0 0x0000000e23bbb4c0 0 0 0 0 1 3 1 54397 728
0x00007aca1fca9540 0x0000000e23bbb540 0 1 0 0 1 3 1 54397 720
0x00007aca1fca95c0 0x0000000e23bbb5c0 0 1 0 0 1 3 1 54397 728
0x00007aca1fca9640 0x0000000e23bbb640 0 0 1 0 1 3 1 54397 720
0x00007aca1fca96c0 0x0000000e23bbb6c0 0 0 1 0 1 3 1 54397 728
0x00007aca1fca9740 0x0000000e23bbb740 0 1 1 0 1 3 1 54397 720
0x00007aca1fca97c0 0x0000000e23bbb7c0 0 1 1 0 1 3 1 54397 728
0x00007aca1fca9840 0x0000000e23bbb840 0 0 0 0 1 3 1 54397 736
0x00007aca1fca98c0 0x0000000e23bbb8c0 0 0 0 0 1 3 1 54397 744
0x00007aca1fca9940 0x0000000e23bbb940 0 1 0 0 1 3 1 54397 736
0x00007aca1fca99c0 0x0000000e23bbb9c0 0 1 0 0 1 3 1 54397 744
0x00007aca1fca9a40 0x0000000e23bbba40 0 0 1 0 1 3 1 54397 736
0x00007aca1fca9ac0 0x0000000e23bbbac0 0 0 1 0 1 3 1 54397 744
0x00007aca1fca9b40 0x0000000e23bbbb40 0 1 1 0 1 3 1 54397 736
0x00007aca1fca9bc0 0x0000000e23bbbbc0 0 1 1 0 1 3 1 54397 744
0x00007aca1fca9c40 0x0000000e23bbbc40 0 0 0 0 1 3 1 54397 752
0x00007aca1fca9cc0 0x0000000e23bbbcc0 0 0 0 0 1 3 1 54397 760
0x00007aca1fca9d40 0x0000000e23bbbd40 0 1 0 0 1 3 1 54397 752
0x00007aca1fca9dc0 0x0000000e23bbbdc0 0 1 0 0 1 3 1 54397 760
0x00007aca1fca9e40 0x0000000e23bbbe40 0 0 1 0 1 3 1 54397 752
0x00007aca1fca9ec0 0x0000000e23bbbec0 0 0 1 0 1 3 1 54397 760
0x00007aca1fca9f40 0x0000000e23bbbf40 0 1 1 0 1 3 1 54397 752
0x00007aca1fca9fc0 0x0000000e23bbbfc0 0 1 1 0 1 3 1 54397 760
0x00007aca1fcab040 0x0000000323bb5040 0 0 0 0 0 3 1 9341 832
0x00007aca1fcab0c0 0x0000000323bb50c0 0 0 0 0 0 3 1 9341 840
0x00007aca1fcab140 0x0000000323bb5140 0 1 0 0 0 3 1 9341 832
0x00007aca1fcab1c0 0x0000000323bb51c0 0 1 0 0 0 3 1 9341 840
0x00007aca1fcab240 0x0000000323bb5240 0 0 1 0 0 3 1 9341 832
0x00007aca1fcab2c0 0x0000000323bb52c0 0 0 1 0 0 3 1 9341 840
0x00007aca1fcab340 0x0000000323bb5340 0 1 1 0 0 3 1 9341 832
0x00007aca1fcab3c0 0x0000000323bb53c0 0 1 1 0 0 3 1 9341 840
0x00007aca1fcab440 0x0000000323bb5440 0 0 0 0 0 3 1 9341 848
0x00007aca1fcab4c0 0x0000000323bb54c0 0 0 0 0 0 3 1 9341 856
0x00007aca1fcab540 0x0000000323bb5540 0 1 0 0 0 3 1 9341 848
0x00007aca1fcab5c0 0x0000000323bb55c0 0 1 0 0 0 3 1 9341 856
0x00007aca1fcab640 0x0000000323bb5640 0 0 1 0 0 3 1 9341 848
0x00007aca1fcab6c0 0x0000000323bb56c0 0 0 1 0 0 3 1 9341 856
0x00007aca1fcab740 0x0000000323bb5740 0 1 1 0 0 3 1 9341 848
0x00007aca1fcab7c0 0x0000000323bb57c0 0 1 1 0 0 3 1 9341 856
0x00007aca1fcab840 0x0000000323bb5840 0 0 0 0 0 3 1 9341 864
0x00007aca1fcab8c0 0x0000000323bb58c0 0 0 0 0 0 3 1 9341 872
0x00007aca1fcab940 0x0000000323bb5940 0 1 0 0 0 3 1 9341 864
0x00007aca1fcab9c0 0x0000000323bb59c0 0 1 0 0 0 3 1 9341 872
0x00007aca1fcaba40 0x0000000323bb5a40 0 0 1 0 0 3 1 9341 864
0x00007aca1fcabac0 0x0000000323bb5ac0 0 0 1 0 0 3 1 9341 872
0x00007aca1fcabb40 0x0000000323bb5b40 0 1 1 0 0 3 1 9341 864
0x00007aca1fcabbc0 0x0000000323bb5bc0 0 1 1 0 0 3 1 9341 872
0x00007aca1fcabc40 0x0000000323bb5c40 0 0 0 0 0 3 1 9341 880
0x00007aca1fcabcc0 0x0000000323bb5cc0 0 0 0 0 0 3 1 9341 888
0x00007aca1fcabd40 0x0000000323bb5d40 0 1 0 0 0 3 1 9341 880
0x00007aca1fcabdc0 0x0000000323bb5dc0 0 1 0 0 0 3 1 9341 888
0x00007aca1fcabe40 0x0000000323bb5e40 0 0 1 0 0 3 1 9341 880
0x00007aca1fcabec0 0x0000000323bb5ec0 0 0 1 0 0 3 1 9341 888
0x00007aca1fcabf40 0x0000000323bb5f40 0 1 1 0 0 3 1 9341 880
0x00007aca1fcabfc0 0x0000000323bb5fc0 0 1 1 0 0 3 1 9341 888
0x00007aca1fcb2040 0x00000006dc30f040 0 0 0 0 1 3 1 27520 448
0x00007aca1fcb20c0 0x00000006dc30f0c0 0 0 0 0 1 3 1 27520 456
0x00007aca1fcb2140 0x00000006dc30f140 0 1 0 0 1 3 1 27520 448
0x00007aca1fcb21c0 0x00000006dc30f1c0 0 1 0 0 1 3 1 27520 456
0x00007aca1fcb2240 0x00000006dc30f240 0 0 1 0 1 3 1 27520 448
0x00007aca1fcb22c0 0x00000006dc30f2c0 0 0 1 0 1 3 1 27520 456
0x00007aca1fcb2340 0x00000006dc30f340 0 1 1 0 1 3 1 27520 448
0x00007aca1fcb23c0 0x00000006dc30f3c0 0 1 1 0 1 3 1 27520 456
0x00007aca1fcb2440 0x00000006dc30f440 0 0 0 0 1 3 1 27520 464
0x00007aca1fcb24c0 0x00000006dc30f4c0 0 0 0 0 1 3 1 27520 472
0x00007aca1fcb2540 0x00000006dc30f540 0 1 0 0 1 3 1 27520 464
0x00007aca1fcb25c0 0x00000006dc30f5c0 0 1 0 0 1 3 1 27520 472
0x00007aca1fcb2640 0x00000006dc30f640 0 0 1 0 1 3 1 27520 464
0x00007aca1fcb26c0 0x00000006dc30f6c0 0 0 1 0 1 3 1 27520 472
0x00007aca1fcb2740 0x00000006dc30f740 0 1 1 0 1 3 1 27520 464
0x00007aca1fcb27c0 0x00000006dc30f7c0 0 1 1 0 1 3 1 27520 472
0x00007aca1fcb2840 0x00000006dc30f840 0 0 0 0 1 3 1 27520 480
0x00007aca1fcb28c0 0x00000006dc30f8c0 0 0 0 0 1 3 1 27520 488
0x00007aca1fcb2940 0x00000006dc30f940 0 1 0 0 1 3 1 27520 480
0x00007aca1fcb29c0 0x00000006dc30f9c0 0 1 0 0 1 3 1 27520 488
0x00007aca1fcb2a40 0x00000006dc30fa40 0 0 1 0 1 3 1 27520 480
0x00007aca1fcb2ac0 0x00000006dc30fac0 0 0 1 0 1 3 1 27520 488
0x00007aca1fcb2b40 0x00000006dc30fb40 0 1 1 0 1 3 1 27520 480
0x00007aca1fcb2bc0 0x00000006dc30fbc0 0 1 1 0 1 3 1 27520 488
0x00007aca1fcb2c40 0x00000006dc30fc40 0 0 0 0 1 3 1 27520 496
0x00007aca1fcb2cc0 0x00000006dc30fcc0 0 0 0 0 1 3 1 27520 504
0x00007aca1fcb2d40 0x00000006dc30fd40 0 1 0 0 1 3 1 27520 496
0x00007aca1fcb2dc0 0x00000006dc30fdc0 0 1 0 0 1 3 1 27520 504
0x00007aca1fcb2e40 0x00000006dc30fe40 0 0 1 0 1 3 1 27520 496
0x00007aca1fcb2ec0 0x00000006dc30fec0 0 0 1 0 1 3 1 27520 504
0x00007aca1fcb2f40 0x00000006dc30ff40 0 1 1 0 1 3 1 27520 496
0x00007aca1fcb2fc0 0x00000006dc30ffc0 0 1 1 0 1 3 1 27520 504
0x00007aca1fcbc040 0x0000000ad0b69040 0 0 0 0 1 3 1 43531 64
0x00007aca1fcbc0c0 0x0000000ad0b690c0 0 0 0 0 1 3 1 43531 72
0x00007aca1fcbc140 0x0000000ad0b69140 0 1 0 0 1 3 1 43531 64
0x00007aca1fcbc1c0 0x0000000ad0b691c0 0 1 0 0 1 3 1 43531 72
0x00007aca1fcbc240 0x0000000ad0b69240 0 0 1 0 1 3 1 43531 64
0x00007aca1fcbc2c0 0x0000000ad0b692c0 0 0 1 0 1 3 1 43531 72
0x00007aca1fcbc340 0x0000000ad0b69340 0 1 1 0 1 3 1 43531 64
0x00007aca1fcbc3c0 0x0000000ad0b693c0 0 1 1 0 1 3 1 43531 72
0x00007aca1fcbc440 0x0000000ad0b69440 0 0 0 0 1 3 1 43531 80
0x00007aca1fcbc4c0 0x0000000ad0b694c0 0 0 0 0 1 3 1 43531 88
0x00007aca1fcbc540 0x0000000ad0b69540 0 1 0 0 1 3 1 43531 80
0x00007aca1fcbc5c0 0x0000000ad0b695c0 0 1 0 0 1 3 1 43531 88
0x00007aca1fcbc640 0x0000000ad0b69640 0 0 1 0 1 3 1 43531 80
0x00007aca1fcbc6c0 0x0000000ad0b696c0 0 0 1 0 1 3 1 43531 88
0x00007aca1fcbc740 0x0000000ad0b69740 0 1 1 0 1 3 1 43531 80
0x00007aca1fcbc7c0 0x0000000ad0b697c0 0 1 1 0 1 3 1 43531 88
0x00007aca1fcbc840 0x0000000ad0b69840 0 0 0 0 1 3 1 43531 96
0x00007aca1fcbc8c0 0x0000000ad0b698c0 0 0 0 0 1 3 1 43531 104
0x00007aca1fcbc940 0x0000000ad0b69940 0 1 0 0 1 3 1 43531 96
0x00007aca1fcbc9c0 0x0000000ad0b699c0 0 1 0 0 1 3 1 43531 104
0x00007aca1fcbca40 0x0000000ad0b69a40 0 0 1 0 1 3 1 43531 96
0x00007aca1fcbcac0 0x0000000ad0b69ac0 0 0 1 0 1 3 1 43531 104
0x00007aca1fcbcb40 0x0000000ad0b69b40 0 1 1 0 1 3 1 43531 96
0x00007aca1fcbcbc0 0x0000000ad0b69bc0 0 1 1 0 1 3 1 43531 104
0x00007aca1fcbcc40 0x0000000ad0b69c40 0 0 0 0 1 3 1 43531 112
0x00007aca1fcbccc0 0x0000000ad0b69cc0 0 0 0 0 1 3 1 43531 120
0x00007aca1fcbcd40 0x0000000ad0b69d40 0 1 0 0 1 3 1 43531 112
0x00007aca1fcbcdc0 0x0000000ad0b69dc0 0 1 0 0 1 3 1 43531 120
0x00007aca1fcbce40 0x0000000ad0b69e40 0 0 1 0 1 3 1 43531 112
0x00007aca1fcbcec0 0x0000000ad0b69ec0 0 0 1 0 1 3 1 43531 120
0x00007aca1fcbcf40 0x0000000ad0b69f40 0 1 1 0 1 3 1 43531 112
0x00007aca1fcbcfc0 0x0000000ad0b69fc0 0 1 1 0 1 3 1 43531 120
0x00007aca1fcbd040 0x0000000ddebc0040 0 0 0 0 0 3 1 56270 0
0x00007aca1fcbd0c0 0x0000000ddebc00c0 0 0 0 0 0 3 1 56270 8
0x00007aca1fcbd140 0x0000000ddebc0140 0 1 0 0 0 3 1 56270 0
0x00007aca1fcbd1c0 0x0000000ddebc01c0 0 1 0 0 0 3 1 56270 8
0x00007aca1fcbd240 0x0000000ddebc0240 0 0 1 0 0 3 1 56270 0
0x00007aca1fcbd2c0 0x0000000ddebc02c0 0 0 1 0 0 3 1 56270 8
0x00007aca1fcbd340 0x0000000ddebc0340 0 1 1 0 0 3 1 56270 0
0x00007aca1fcbd3c0 0x0000000ddebc03c0 0 1 1 0 0 3 1 56270 8
0x00007aca1fcbd440 0x0000000ddebc0440 0 0 0 0 0 3 1 56270 16
0x00007aca1fcbd4c0 0x0000000ddebc04c0 0 0 0 0 0 3 1 56270 24
0x00007aca1fcbd540 0x0000000ddebc0540 0 1 0 0 0 3 1 56270 16
0x00007aca1fcbd5c0 0x0000000ddebc05c0 0 1 0 0 0 3 1 56270 24
0x00007aca1fcbd640 0x0000000ddebc0640 0 0 1 0 0 3 1 56270 16
0x00007aca1fcbd6c0 0x0000000ddebc06c0 0 0 1 0 0 3 1 56270 24
0x00007aca1fcbd740 0x0000000ddebc0740 0 1 1 0 0 3 1 56270 16
0x00007aca1fcbd7c0 0x0000000ddebc07c0 0 1 1 0 0 3 1 56270 24
0x00007aca1fcbd840 0x0000000ddebc0840 0 0 0 0 0 3 1 56270 32
0x00007aca1fcbd8c0 0x0000000ddebc08c0 0 0 0 0 0 3 1 56270 40
0x00007aca1fcbd940 0x0000000ddebc0940 0 1 0 0 0 3 1 56270 32
0x00007aca1fcbd9c0 0x0000000ddebc09c0 0 1 0 0 0 3 1 56270 40
0x00007aca1fcbda40 0x0000000ddebc0a40 0 0 1 0 0 3 1 56270 32
0x00007aca1fcbdac0 0x0000000ddebc0ac0 0 0 1 0 0 3 1 56270 40
0x00007aca1fcbdb40 0x0000000ddebc0b40 0 1 1 0 0 3 1 56270 32
0x00007aca1fcbdbc0 0x0000000ddebc0bc0 0 1 1 0 0 3 1 56270 40
0x00007aca1fcbdc40 0x0000000ddebc0c40 0 0 0 0 0 3 1 56270 48
0x00007aca1fcbdcc0 0x0000000ddebc0cc0 0 0 0 0 0 3 1 56270 56
0x00007aca1fcbdd40 0x0000000ddebc0d40 0 1 0 0 0 3 1 56270 48
0x00007aca1fcbddc0 0x0000000ddebc0dc0 0 1 0 0 0 3 1 56270 56
0x00007aca1fcbde40 0x0000000ddebc0e40 0 0 1 0 0 3 1 56270 48
0x00007aca1fcbdec0 0x0000000ddebc0ec0 0 0 1 0 0 3 1 56270 56
0x00007aca1fcbdf40 0x0000000ddebc0f40 0 1 1 0 0 3 1 56270 48
0x00007aca1fcbdfc0 0x0000000ddebc0fc0 0 1 1 0 0 3 1 56270 56
0x00007aca1fcc8040 0x0000000e82b53040 0 0 0 0 0 3 1 57418 704
0x00007aca1fcc80c0 0x0000000e82b530c0 0 0 0 0 0 3 1 57418 712
0x00007aca1fcc8140 0x0000000e82b53140 0 1 0 0 0 3 1 57418 704
0x00007aca1fcc81c0 0x0000000e82b531c0 0 1 0 0 0 3 1 57418 712
0x00007aca1fcc8240 0x0000000e82b53240 0 0 1 0 0 3 1 57418 704
0x00007aca1fcc82c0 0x0000000e82b532c0 0 0 1 0 0 3 1 57418 712
0x00007aca1fcc8340 0x0000000e82b53340 0 1 1 0 0 3 1 57418 704
0x00007aca1fcc83c0 0x0000000e82b533c0 0 1 1 0 0 3 1 57418 712
0x00007aca1fcc8440 0x0000000e82b53440 0 0 0 0 0 3 1 57418 720
0x00007aca1fcc84c0 0x0000000e82b534c0 0 0 0 0 0 3 1 57418 728
0x00007aca1fcc8540 0x0000000e82b53540 0 1 0 0 0 3 1 57418 720
0x00007aca1fcc85c0 0x0000000e82b535c0 0 1 0 0 0 3 1 57418 728
0x00007aca1fcc8640 0x0000000e82b53640 0 0 1 0 0 3 1 57418 720
0x00007aca1fcc86c0 0x0000000e82b536c0 0 0 1 0 0 3 1 57418 728
0x00007aca1fcc8740 0x0000000e82b53740 0 1 1 0 0 3 1 57418 720
0x00007aca1fcc87c0 0x0000000e82b537c0 0 1 1 0 0 3 1 57418 728
0x00007aca1fcc8840 0x0000000e82b53840 0 0 0 0 0 3 1 57418 736
0x00007aca1fcc88c0 0x0000000e82b538c0 0 0 0 0 0 3 1 57418 744
0x00007aca1fcc8940 0x0000000e82b53940 0 1 0 0 0 3 1 57418 736
0x00007aca1fcc89c0 0x0000000e82b539c0 0 1 0 0 0 3 1 57418 744
0x00007aca1fcc8a40 0x0000000e82b53a40 0 0 1 0 0 3 1 57418 736
0x00007aca1fcc8ac0 0x0000000e82b53ac0 0 0 1 0 0 3 1 57418 744
0x00007aca1fcc8b40 0x0000000e82b53b40 0 1 1 0 0 3 1 57418 736
0x00007aca1fcc8bc0 0x0000000e82b53bc0 0 1 1 0 0 3 1 57418 744
0x00007aca1fcc8c40 0x0000000e82b53c40 0 0 0 0 0 3 1 57418 752
0x00007aca1fcc8cc0 0x0000000e82b53cc0 0 0 0 0 0 3 1 57418 760
0x00007aca1fcc8d40 0x0000000e82b53d40 0 1 0 0 0 3 1 57418 752
0x00007aca1fcc8dc0 0x0000000e82b53dc0 0 1 0 0 0 3 1 57418 760
0x00007aca1fcc8e40 0x0000000e82b53e40 0 0 1 0 0 3 1 57418 752
0x00007aca1fcc8ec0 0x0000000e82b53ec0 0 0 1 0 0 3 1 57418 760
0x00007aca1fcc8f40 0x0000000e82b53f40 0 1 1 0 0 3 1 57418 752
0x00007aca1fcc8fc0 0x0000000e82b53fc0 0 1 1 0 0 3 1 57418 760
0x00007aca1fccd040 0x0000000de2bf3040 0 0 0 0 0 3 1 56399 704
0x00007aca1fccd0c0 0x0000000de2bf30c0 0 0 0 0 0 3 1 56399 712
0x00007aca1fccd140 0x0000000de2bf3140 0 1 0 0 0 3 1 56399 704
0x00007aca1fccd1c0 0x0000000de2bf31c0 0 1 0 0 0 3 1 56399 712
0x00007aca1fccd240 0x0000000de2bf3240 0 0 1 0 0 3 1 56399 704
0x00007aca1fccd2c0 0x0000000de2bf32c0 0 0 1 0 0 3 1 56399 712
0x00007aca1fccd340 0x0000000de2bf3340 0 1 1 0 0 3 1 56399 704
0x00007aca1fccd3c0 0x0000000de2bf33c0 0 1 1 0 0 3 1 56399 712
0x00007aca1fccd440 0x0000000de2bf3440 0 0 0 0 0 3 1 56399 720
0x00007aca1fccd4c0 0x0000000de2bf34c0 0 0 0 0 0 3 1 56399 728
0x00007aca1fccd540 0x0000000de2bf3540 0 1 0 0 0 3 1 56399 720
0x00007aca1fccd5c0 0x0000000de2bf35c0 0 1 0 0 0 3 1 56399 728
0x00007aca1fccd640 0x0000000de2bf3640 0 0 1 0 0 3 1 56399 720
0x00007aca1fccd6c0 0x0000000de2bf36c0 0 0 1 0 0 3 1 56399 728
0x00007aca1fccd740 0x0000000de2bf3740 0 1 1 0 0 3 1 56399 720
0x00007aca1fccd7c0 0x0000000de2bf37c0 0 1 1 0 0 3 1 56399 728
0x00007aca1fccd840 0x0000000de2bf3840 0 0 0 0 0 3 1 56399 736
0x00007aca1fccd8c0 0x0000000de2bf38c0 0 0 0 0 0 3 1 56399 744
0x00007aca1fccd940 0x0000000de2bf3940 0 1 0 0 0 3 1 56399 736
0x00007aca1fccd9c0 0x0000000de2bf39c0 0 1 0 0 0 3 1 56399 744
0x00007aca1fccda40 0x0000000de2bf3a40 0 0 1 0 0 3 1 56399 736
0x00007aca1fccdac0 0x0000000de2bf3ac0 0 0 1 0 0 3 1 56399 744
0x00007aca1fccdb40 0x0000000de2bf3b40 0 1 1 0 0 3 1 56399 736
0x00007aca1fccdbc0 0x0000000de2bf3bc0 0 1 1 0 0 3 1 56399 744
0x00007aca1fccdc40 0x0000000de2bf3c40 0 0 0 0 0 3 1 56399 752
0x00007aca1fccdcc0 0x0000000de2bf3cc0 0 0 0 0 0 3 1 56399 760
0x00007aca1fccdd40 0x0000000de2bf3d40 0 1 0 0 0 3 1 56399 752
0x00007aca1fccddc0 0x0000000de2bf3dc0 0 1 0 0 0 3 1 56399 760
0x00007aca1fccde40 0x0000000de2bf3e40 0 0 1 0 0 3 1 56399 752
0x00007aca1fccdec0 0x0000000de2bf3ec0 0 0 1 0 0 3 1 56399 760
0x00007aca1fccdf40 0x0000000de2bf3f40 0 1 1 0 0 3 1 56399 752
0x00007aca1fccdfc0 0x0000000de2bf3fc0 0 1 1 0 0 3 1 56399 760
0x00007aca1fcd3040 0x0000000559b6b040 0 0 0 0 1 3 1 19259 192
0x00007aca1fcd30c0 0x0000000559b6b0c0 0 0 0 0 1 3 1 19259 200
0x00007aca1fcd3140 0x0000000559b6b140 0 1 0 0 1 3 1 19259 192
0x00007aca1fcd31c0 0x0000000559b6b1c0 0 1 0 0 1 3 1 19259 200
0x00007aca1fcd3240 0x0000000559b6b240 0 0 1 0 1 3 1 19259 192
0x00007aca1fcd32c0 0x0000000559b6b2c0 0 0 1 0 1 3 1 19259 200
0x00007aca1fcd3340 0x0000000559b6b340 0 1 1 0 1 3 1 19259 192
0x00007aca1fcd33c0 0x0000000559b6b3c0 0 1 1 0 1 3 1 19259 200
0x00007aca1fcd3440 0x0000000559b6b440 0 0 0 0 1 3 1 19259 208
0x00007aca1fcd34c0 0x0000000559b6b4c0 0 0 0 0 1 3 1 19259 216
0x00007aca1fcd3540 0x0000000559b6b540 0 1 0 0 1 3 1 19259 208
0x00007aca1fcd35c0 0x0000000559b6b5c0 0 1 0 0 1 3 1 19259 216
0x00007aca1fcd3640 0x0000000559b6b640 0 0 1 0 1 3 1 19259 208
0x00007aca1fcd36c0 0x0000000559b6b6c0 0 0 1 0 1 3 1 19259 216
0x00007aca1fcd3740 0x0000000559b6b740 0 1 1 0 1 3 1 19259 208
0x00007aca1fcd37c0 0x0000000559b6b7c0 0 1 1 0 1 3 1 19259 216
0x00007aca1fcd3840 0x0000000559b6b840 0 0 0 0 1 3 1 19259 224
0x00007aca1fcd38c0 0x0000000559b6b8c0 0 0 0 0 1 3 1 19259 232
0x00007aca1fcd3940 0x0000000559b6b940 0 1 0 0 1 3 1 19259 224
0x00007aca1fcd39c0 0x0000000559b6b9c0 0 1 0 0 1 3 1 19259 232
0x00007aca1fcd3a40 0x0000000559b6ba40 0 0 1 0 1 3 1 19259 224
0x00007aca1fcd3ac0 0x0000000559b6bac0 0 0 1 0 1 3 1 19259 232
0x00007aca1fcd3b40 0x0000000559b6bb40 0 1 1 0 1 3 1 19259 224
0x00007aca1fcd3bc0 0x0000000559b6bbc0 0 1 1 0 1 3 1 19259 232
0x00007aca1fcd3c40 0x0000000559b6bc40 0 0 0 0 1 3 1 19259 240
0x00007aca1fcd3cc0 0x0000000559b6bcc0 0 0 0 0 1 3 1 19259 248
0x00007aca1fcd3d40 0x0000000559b6bd40 0 1 0 0 1 3 1 19259 240
0x00007aca1fcd3dc0 0x0000000559b6bdc0 0 1 0 0 1 3 1 19259 248
0x00007aca1fcd3e40 0x0000000559b6be40 0 0 1 0 1 3 1 19259 240
0x00007aca1fcd3ec0 0x0000000559b6bec0 0 0 1 0 1 3 1 19259 248
0x00007aca1fcd3f40 0x0000000559b6bf40 0 1 1 0 1 3 1 19259 240
0x00007aca1fcd3fc0 0x0000000559b6bfc0 0 1 1 0 1 3 1 19259 248
0x00007aca1fcd4040 0x0000000559b6e040 0 0 0 0 1 3 1 19259 384
0x00007aca1fcd40c0 0x0000000559b6e0c0 0 0 0 0 1 3 1 19259 392
0x00007aca1fcd4140 0x0000000559b6e140 0 1 0 0 1 3 1 19259 384
0x00007aca1fcd41c0 0x0000000559b6e1c0 0 1 0 0 1 3 1 19259 392
0x00007aca1fcd4240 0x0000000559b6e240 0 0 1 0 1 3 1 19259 384
0x00007aca1fcd42c0 0x0000000559b6e2c0 0 0 1 0 1 3 1 19259 392
0x00007aca1fcd4340 0x0000000559b6e340 0 1 1 0 1 3 1 19259 384
0x00007aca1fcd43c0 0x0000000559b6e3c0 0 1 1 0 1 3 1 19259 392
0x00007aca1fcd4440 0x0000000559b6e440 0 0 0 0 1 3 1 19259 400
0x00007aca1fcd44c0 0x0000000559b6e4c0 0 0 0 0 1 3 1 19259 408
0x00007aca1fcd4540 0x0000000559b6e540 0 1 0 0 1 3 1 19259 400
0x00007aca1fcd45c0 0x0000000559b6e5c0 0 1 0 0 1 3 1 19259 408
0x00007aca1fcd4640 0x0000000559b6e640 0 0 1 0 1 3 1 19259 400
0x00007aca1fcd46c0 0x0000000559b6e6c0 0 0 1 0 1 3 1 19259 408
0x00007aca1fcd4740 0x0000000559b6e740 0 1 1 0 1 3 1 19259 400
0x00007aca1fcd47c0 0x0000000559b6e7c0 0 1 1 0 1 3 1 19259 408
0x00007aca1fcd4840 0x0000000559b6e840 0 0 0 0 1 3 1 19259 416
0x00007aca1fcd48c0 0x0000000559b6e8c0 0 0 0 0 1 3 1 19259 424
0x00007aca1fcd4940 0x0000000559b6e940 0 1 0 0 1 3 1 19259 416
0x00007aca1fcd49c0 0x0000000559b6e9c0 0 1 0 0 1 3 1 19259 424
0x00007aca1fcd4a40 0x0000000559b6ea40 0 0 1 0 1 3 1 19259 416
0x00007aca1fcd4ac0 0x0000000559b6eac0 0 0 1 0 1 3 1 19259 424
0x00007aca1fcd4b40 0x0000000559b6eb40 0 1 1 0 1 3 1 19259 416
0x00007aca1fcd4bc0 0x0000000559b6ebc0 0 1 1 0 1 3 1 19259 424
0x00007aca1fcd4c40 0x0000000559b6ec40 0 0 0 0 1 3 1 19259 432
0x00007aca1fcd4cc0 0x0000000559b6ecc0 0 0 0 0 1 3 1 19259 440
0x00007aca1fcd4d40 0x0000000559b6ed40 0 1 0 0 1 3 1 19259 432
0x00007aca1fcd4dc0 0x0000000559b6edc0 0 1 0 0 1 3 1 19259 440
0x00007aca1fcd4e40 0x0000000559b6ee40 0 0 1 0 1 3 1 19259 432
0x00007aca1fcd4ec0 0x0000000559b6eec0 0 0 1 0 1 3 1 19259 440
0x00007aca1fcd4f40 0x0000000559b6ef40 0 1 1 0 1 3 1 19259 432
0x00007aca1fcd4fc0 0x0000000559b6efc0 0 1 1 0 1 3 1 19259 440
0x00007aca1fcf5040 0x000000015abc6040 0 0 0 0 0 3 1 2910 384
0x00007aca1fcf50c0 0x000000015abc60c0 0 0 0 0 0 3 1 2910 392
0x00007aca1fcf5140 0x000000015abc6140 0 1 0 0 0 3 1 2910 384
0x00007aca1fcf51c0 0x000000015abc61c0 0 1 0 0 0 3 1 2910 392
0x00007aca1fcf5240 0x000000015abc6240 0 0 1 0 0 3 1 2910 384
0x00007aca1fcf52c0 0x000000015abc62c0 0 0 1 0 0 3 1 2910 392
0x00007aca1fcf5340 0x000000015abc6340 0 1 1 0 0 3 1 2910 384
0x00007aca1fcf53c0 0x000000015abc63c0 0 1 1 0 0 3 1 2910 392
0x00007aca1fcf5440 0x000000015abc6440 0 0 0 0 0 3 1 2910 400
0x00007aca1fcf54c0 0x000000015abc64c0 0 0 0 0 0 3 1 2910 408
0x00007aca1fcf5540 0x000000015abc6540 0 1 0 0 0 3 1 2910 400
0x00007aca1fcf55c0 0x000000015abc65c0 0 1 0 0 0 3 1 2910 408
0x00007aca1fcf5640 0x000000015abc6640 0 0 1 0 0 3 1 2910 400
0x00007aca1fcf56c0 0x000000015abc66c0 0 0 1 0 0 3 1 2910 408
0x00007aca1fcf5740 0x000000015abc6740 0 1 1 0 0 3 1 2910 400
0x00007aca1fcf57c0 0x000000015abc67c0 0 1 1 0 0 3 1 2910 408
0x00007aca1fcf5840 0x000000015abc6840 0 0 0 0 0 3 1 2910 416
0x00007aca1fcf58c0 0x000000015abc68c0 0 0 0 0 0 3 1 2910 424
0x00007aca1fcf5940 0x000000015abc6940 0 1 0 0 0 3 1 2910 416
0x00007aca1fcf59c0 0x000000015abc69c0 0 1 0 0 0 3 1 2910 424
0x00007aca1fcf5a40 0x000000015abc6a40 0 0 1 0 0 3 1 2910 416
0x00007aca1fcf5ac0 0x000000015abc6ac0 0 0 1 0 0 3 1 2910 424
0x00007aca1fcf5b40 0x000000015abc6b40 0 1 1 0 0 3 1 2910 416
0x00007aca1fcf5bc0 0x000000015abc6bc0 0 1 1 0 0 3 1 2910 424
0x00007aca1fcf5c40 0x000000015abc6c40 0 0 0 0 0 3 1 2910 432
0x00007aca1fcf5cc0 0x000000015abc6cc0 0 0 0 0 0 3 1 2910 440
0x00007aca1fcf5d40 0x000000015abc6d40 0 1 0 0 0 3 1 2910 432
0x00007aca1fcf5dc0 0x000000015abc6dc0 0 1 0 0 0 3 1 2910 440
0x00007aca1fcf5e40 0x000000015abc6e40 0 0 1 0 0 3 1 2910 432
0x00007aca1fcf5ec0 0x000000015abc6ec0 0 0 1 0 0 3 1 2910 440
0x00007aca1fcf5f40 0x000000015abc6f40 0 1 1 0 0 3 1 2910 432
0x00007aca1fcf5fc0 0x000000015abc6fc0 0 1 1 0 0 3 1 2910 440
0x00007aca1fcfa040 0x000000088fb7e040 0 0 0 0 1 3 1 33259 896
0x00007aca1fcfa0c0 0x000000088fb7e0c0 0 0 0 0 1 3 1 33259 904
0x00007aca1fcfa140 0x000000088fb7e140 0 1 0 0 1 3 1 33259 896
0x00007aca1fcfa1c0 0x000000088fb7e1c0 0 1 0 0 1 3 1 33259 904
0x00007aca1fcfa240 0x000000088fb7e240 0 0 1 0 1 3 1 33259 896
0x00007aca1fcfa2c0 0x000000088fb7e2c0 0 0 1 0 1 3 1 33259 904
0x00007aca1fcfa340 0x000000088fb7e340 0 1 1 0 1 3 1 33259 896
0x00007aca1fcfa3c0 0x000000088fb7e3c0 0 1 1 0 1 3 1 33259 904
0x00007aca1fcfa440 0x000000088fb7e440 0 0 0 0 1 3 1 33259 912
0x00007aca1fcfa4c0 0x000000088fb7e4c0 0 0 0 0 1 3 1 33259 920
0x00007aca1fcfa540 0x000000088fb7e540 0 1 0 0 1 3 1 33259 912
0x00007aca1fcfa5c0 0x000000088fb7e5c0 0 1 0 0 1 3 1 33259 920
0x00007aca1fcfa640 0x000000088fb7e640 0 0 1 0 1 3 1 33259 912
0x00007aca1fcfa6c0 0x000000088fb7e6c0 0 0 1 0 1 3 1 33259 920
0x00007aca1fcfa740 0x000000088fb7e740 0 1 1 0 1 3 1 33259 912
0x00007aca1fcfa7c0 0x000000088fb7e7c0 0 1 1 0 1 3 1 33259 920
0x00007aca1fcfa840 0x000000088fb7e840 0 0 0 0 1 3 1 33259 928
0x00007aca1fcfa8c0 0x000000088fb7e8c0 0 0 0 0 1 3 1 33259 936
0x00007aca1fcfa940 0x000000088fb7e940 0 1 0 0 1 3 1 33259 928
0x00007aca1fcfa9c0 0x000000088fb7e9c0 0 1 0 0 1 3 1 33259 936
0x00007aca1fcfaa40 0x000000088fb7ea40 0 0 1 0 1 3 1 33259 928
0x00007aca1fcfaac0 0x000000088fb7eac0 0 0 1 0 1 3 1 33259 936
0x00007aca1fcfab40 0x000000088fb7eb40 0 1 1 0 1 3 1 33259 928
0x00007aca1fcfabc0 0x000000088fb7ebc0 0 1 1 0 1 3 1 33259 936
0x00007aca1fcfac40 0x000000088fb7ec40 0 0 0 0 1 3 1 33259 944
0x00007aca1fcfacc0 0x000000088fb7ecc0 0 0 0 0 1 3 1 33259 952
0x00007aca1fcfad40 0x000000088fb7ed40 0 1 0 0 1 3 1 33259 944
0x00007aca1fcfadc0 0x000000088fb7edc0 0 1 0 0 1 3 1 33259 952
0x00007aca1fcfae40 0x000000088fb7ee40 0 0 1 0 1 3 1 33259 944
0x00007aca1fcfaec0 0x000000088fb7eec0 0 0 1 0 1 3 1 33259 952
0x00007aca1fcfaf40 0x000000088fb7ef40 0 1 1 0 1 3 1 33259 944
0x00007aca1fcfafc0 0x000000088fb7efc0 0 1 1 0 1 3 1 33259 952
0x00007aca1fcfb040 0x0000000d6e341040 0 0 0 0 0 3 1 52690 64
0x00007aca1fcfb0c0 0x0000000d6e3410c0 0 0 0 0 0 3 1 52690 72
0x00007aca1fcfb140 0x0000000d6e341140 0 1 0 0 0 3 1 52690 64
0x00007aca1fcfb1c0 0x0000000d6e3411c0 0 1 0 0 0 3 1 52690 72
0x00007aca1fcfb240 0x0000000d6e341240 0 0 1 0 0 3 1 52690 64
0x00007aca1fcfb2c0 0x0000000d6e3412c0 0 0 1 0 0 3 1 52690 72
0x00007aca1fcfb340 0x0000000d6e341340 0 1 1 0 0 3 1 52690 64
0x00007aca1fcfb3c0 0x0000000d6e3413c0 0 1 1 0 0 3 1 52690 72
0x00007aca1fcfb440 0x0000000d6e341440 0 0 0 0 0 3 1 52690 80
0x00007aca1fcfb4c0 0x0000000d6e3414c0 0 0 0 0 0 3 1 52690 88
0x00007aca1fcfb540 0x0000000d6e341540 0 1 0 0 0 3 1 52690 80
0x00007aca1fcfb5c0 0x0000000d6e3415c0 0 1 0 0 0 3 1 52690 88
0x00007aca1fcfb640 0x0000000d6e341640 0 0 1 0 0 3 1 52690 80
0x00007aca1fcfb6c0 0x0000000d6e3416c0 0 0 1 0 0 3 1 52690 88
0x00007aca1fcfb740 0x0000000d6e341740 0 1 1 0 0 3 1 52690 80
0x00007aca1fcfb7c0 0x0000000d6e3417c0 0 1 1 0 0 3 1 52690 88
0x00007aca1fcfb840 0x0000000d6e341840 0 0 0 0 0 3 1 52690 96
0x00007aca1fcfb8c0 0x0000000d6e3418c0 0 0 0 0 0 3 1 52690 104
0x00007aca1fcfb940 0x0000000d6e341940 0 1 0 0 0 3 1 52690 96
0x00007aca1fcfb9c0 0x0000000d6e3419c0 0 1 0 0 0 3 1 52690 104
0x00007aca1fcfba40 0x0000000d6e341a40 0 0 1 0 0 3 1 52690 96
0x00007aca1fcfbac0 0x0000000d6e341ac0 0 0 1 0 0 3 1 52690 104
0x00007aca1fcfbb40 0x0000000d6e341b40 0 1 1 0 0 3 1 52690 96
0x00007aca1fcfbbc0 0x0000000d6e341bc0 0 1 1 0 0 3 1 52690 104
0x00007aca1fcfbc40 0x0000000d6e341c40 0 0 0 0 0 3 1 52690 112
0x00007aca1fcfbcc0 0x0000000d6e341cc0 0 0 0 0 0 3 1 52690 120
0x00007aca1fcfbd40 0x0000000d6e341d40 0 1 0 0 0 3 1 52690 112
0x00007aca1fcfbdc0 0x0000000d6e341dc0 0 1 0 0 0 3 1 52690 120
0x00007aca1fcfbe40 0x0000000d6e341e40 0 0 1 0 0 3 1 52690 112
0x00007aca1fcfbec0 0x0000000d6e341ec0 0 0 1 0 0 3 1 52690 120
0x00007aca1fcfbf40 0x0000000d6e341f40 0 1 1 0 0 3 1 52690 112
0x00007aca1fcfbfc0 0x0000000d6e341fc0 0 1 1 0 0 3 1 52690 120
0x00007aca1fd01040 0x0000000db2319040 0 0 0 0 1 3 1 54848 576
0x00007aca1fd010c0 0x0000000db23190c0 0 0 0 0 1 3 1 54848 584
0x00007aca1fd01140 0x0000000db2319140 0 1 0 0 1 3 1 54848 576
0x00007aca1fd011c0 0x0000000db23191c0 0 1 0 0 1 3 1 54848 584
0x00007aca1fd01240 0x0000000db2319240 0 0 1 0 1 3 1 54848 576
0x00007aca1fd012c0 0x0000000db23192c0 0 0 1 0 1 3 1 54848 584
0x00007aca1fd01340 0x0000000db2319340 0 1 1 0 1 3 1 54848 576
0x00007aca1fd013c0 0x0000000db23193c0 0 1 1 0 1 3 1 54848 584
0x00007aca1fd01440 0x0000000db2319440 0 0 0 0 1 3 1 54848 592
0x00007aca1fd014c0 0x0000000db23194c0 0 0 0 0 1 3 1 54848 600
0x00007aca1fd01540 0x0000000db2319540 0 1 0 0 1 3 1 54848 592
0x00007aca1fd015c0 0x0000000db23195c0 0 1 0 0 1 3 1 54848 600
0x00007aca1fd01640 0x0000000db2319640 0 0 1 0 1 3 1 54848 592
0x00007aca1fd016c0 0x0000000db23196c0 0 0 1 0 1 3 1 54848 600
0x00007aca1fd01740 0x0000000db2319740 0 1 1 0 1 3 1 54848 592
0x00007aca1fd017c0 0x0000000db23197c0 0 1 1 0 1 3 1 54848 600
0x00007aca1fd01840 0x0000000db2319840 0 0 0 0 1 3 1 54848 608
0x00007aca1fd018c0 0x0000000db23198c0 0 0 0 0 1 3 1 54848 616
0x00007aca1fd01940 0x0000000db2319940 0 1 0 0 1 3 1 54848 608
0x00007aca1fd019c0 0x0000000db23199c0 0 1 0 0 1 3 1 54848 616
0x00007aca1fd01a40 0x0000000db2319a40 0 0 1 0 1 3 1 54848 608
0x00007aca1fd01ac0 0x0000000db2319ac0 0 0 1 0 1 3 1 54848 616
0x00007aca1fd01b40 0x0000000db2319b40 0 1 1 0 1 3 1 54848 608
0x00007aca1fd01bc0 0x0000000db2319bc0 0 1 1 0 1 3 1 54848 616
0x00007aca1fd01c40 0x0000000db2319c40 0 0 0 0 1 3 1 54848 624
0x00007aca1fd01cc0 0x0000000db2319cc0 0 0 0 0 1 3 1 54848 632
0x00007aca1fd01d40 0x0000000db2319d40 0 1 0 0 1 3 1 54848 624
0x00007aca1fd01dc0 0x0000000db2319dc0 0 1 0 0 1 3 1 54848 632
0x00007aca1fd01e40 0x0000000db2319e40 0 0 1 0 1 3 1 54848 624
0x00007aca1fd01ec0 0x0000000db2319ec0 0 0 1 0 1 3 1 54848 632
0x00007aca1fd01f40 0x0000000db2319f40 0 1 1 0 1 3 1 54848 624
0x00007aca1fd01fc0 0x0000000db2319fc0 0 1 1 0 1 3 1 54848 632
0x00007aca1fd02040 0x00000003e138f040 0 0 0 0 1 3 1 15396 448
0x00007aca1fd020c0 0x00000003e138f0c0 0 0 0 0 1 3 1 15396 456
0x00007aca1fd02140 0x00000003e138f140 0 1 0 0 1 3 1 15396 448
0x00007aca1fd021c0 0x00000003e138f1c0 0 1 0 0 1 3 1 15396 456
0x00007aca1fd02240 0x00000003e138f240 0 0 1 0 1 3 1 15396 448
0x00007aca1fd022c0 0x00000003e138f2c0 0 0 1 0 1 3 1 15396 456
0x00007aca1fd02340 0x00000003e138f340 0 1 1 0 1 3 1 15396 448
0x00007aca1fd023c0 0x00000003e138f3c0 0 1 1 0 1 3 1 15396 456
0x00007aca1fd02440 0x00000003e138f440 0 0 0 0 1 3 1 15396 464
0x00007aca1fd024c0 0x00000003e138f4c0 0 0 0 0 1 3 1 15396 472
0x00007aca1fd02540 0x00000003e138f540 0 1 0 0 1 3 1 15396 464
0x00007aca1fd025c0 0x00000003e138f5c0 0 1 0 0 1 3 1 15396 472
0x00007aca1fd02640 0x00000003e138f640 0 0 1 0 1 3 1 15396 464
0x00007aca1fd026c0 0x00000003e138f6c0 0 0 1 0 1 3 1 15396 472
0x00007aca1fd02740 0x00000003e138f740 0 1 1 0 1 3 1 15396 464
0x00007aca1fd027c0 0x00000003e138f7c0 0 1 1 0 1 3 1 15396 472
0x00007aca1fd02840 0x00000003e138f840 0 0 0 0 1 3 1 15396 480
0x00007aca1fd028c0 0x00000003e138f8c0 0 0 0 0 1 3 1 15396 488
0x00007aca1fd02940 0x00000003e138f940 0 1 0 0 1 3 1 15396 480
0x00007aca1fd029c0 0x00000003e138f9c0 0 1 0 0 1 3 1 15396 488
0x00007aca1fd02a40 0x00000003e138fa40 0 0 1 0 1 3 1 15396 480
0x00007aca1fd02ac0 0x00000003e138fac0 0 0 1 0 1 3 1 15396 488
0x00007aca1fd02b40 0x00000003e138fb40 0 1 1 0 1 3 1 15396 480
0x00007aca1fd02bc0 0x00000003e138fbc0 0 1 1 0 1 3 1 15396 488
0x00007aca1fd02c40 0x00000003e138fc40 0 0 0 0 1 3 1 15396 496
0x00007aca1fd02cc0 0x00000003e138fcc0 0 0 0 0 1 3 1 15396 504
0x00007aca1fd02d40 0x00000003e138fd40 0 1 0 0 1 3 1 15396 496
0x00007aca1fd02dc0 0x00000003e138fdc0 0 1 0 0 1 3 1 15396 504
0x00007aca1fd02e40 0x00000003e138fe40 0 0 1 0 1 3 1 15396 496
0x00007aca1fd02ec0 0x00000003e138fec0 0 0 1 0 1 3 1 15396 504
0x00007aca1fd02f40 0x00000003e138ff40 0 1 1 0 1 3 1 15396 496
0x00007aca1fd02fc0 0x00000003e138ffc0 0 1 1 0 1 3 1 15396 504
0x00007aca1fd03040 0x00000008d932c040 0 0 0 0 1 3 1 35617 256
0x00007aca1fd030c0 0x00000008d932c0c0 0 0 0 0 1 3 1 35617 264
0x00007aca1fd03140 0x00000008d932c140 0 1 0 0 1 3 1 35617 256
0x00007aca1fd031c0 0x00000008d932c1c0 0 1 0 0 1 3 1 35617 264
0x00007aca1fd03240 0x00000008d932c240 0 0 1 0 1 3 1 35617 256
0x00007aca1fd032c0 0x00000008d932c2c0 0 0 1 0 1 3 1 35617 264
0x00007aca1fd03340 0x00000008d932c340 0 1 1 0 1 3 1 35617 256
0x00007aca1fd033c0 0x00000008d932c3c0 0 1 1 0 1 3 1 35617 264
0x00007aca1fd03440 0x00000008d932c440 0 0 0 0 1 3 1 35617 272
0x00007aca1fd034c0 0x00000008d932c4c0 0 0 0 0 1 3 1 35617 280
0x00007aca1fd03540 0x00000008d932c540 0 1 0 0 1 3 1 35617 272
0x00007aca1fd035c0 0x00000008d932c5c0 0 1 0 0 1 3 1 35617 280
0x00007aca1fd03640 0x00000008d932c640 0 0 1 0 1 3 1 35617 272
0x00007aca1fd036c0 0x00000008d932c6c0 0 0 1 0 1 3 1 35617 280
0x00007aca1fd03740 0x00000008d932c740 0 1 1 0 1 3 1 35617 272
0x00007aca1fd037c0 0x00000008d932c7c0 0 1 1 0 1 3 1 35617 280
0x00007aca1fd03840 0x00000008d932c840 0 0 0 0 1 3 1 35617 288
0x00007aca1fd038c0 0x00000008d932c8c0 0 0 0 0 1 3 1 35617 296
0x00007aca1fd03940 0x00000008d932c940 0 1 0 0 1 3 1 35617 288
0x00007aca1fd039c0 0x00000008d932c9c0 0 1 0 0 1 3 1 35617 296
0x00007aca1fd03a40 0x00000008d932ca40 0 0 1 0 1 3 1 35617 288
0x00007aca1fd03ac0 0x00000008d932cac0 0 0 1 0 1 3 1 35617 296
0x00007aca1fd03b40 0x00000008d932cb40 0 1 1 0 1 3 1 35617 288
0x00007aca1fd03bc0 0x00000008d932cbc0 0 1 1 0 1 3 1 35617 296
0x00007aca1fd03c40 0x00000008d932cc40 0 0 0 0 1 3 1 35617 304
0x00007aca1fd03cc0 0x00000008d932ccc0 0 0 0 0 1 3 1 35617 312
0x00007aca1fd03d40 0x00000008d932cd40 0 1 0 0 1 3 1 35617 304
0x00007aca1fd03dc0 0x00000008d932cdc0 0 1 0 0 1 3 1 35617 312
0x00007aca1fd03e40 0x00000008d932ce40 0 0 1 0 1 3 1 35617 304
0x00007aca1fd03ec0 0x00000008d932cec0 0 0 1 0 1 3 1 35617 312
0x00007aca1fd03f40 0x00000008d932cf40 0 1 1 0 1 3 1 35617 304
0x00007aca1fd03fc0 0x00000008d932cfc0 0 1 1 0 1 3 1 35617 312
0x00007aca1fd0a040 0x0000000afbb1e040 0 0 0 0 1 3 1 44904 896
0x00007aca1fd0a0c0 0x0000000afbb1e0c0 0 0 0 0 1 3 1 44904 904
0x00007aca1fd0a140 0x0000000afbb1e140 0 1 0 0 1 3 1 44904 896
0x00007aca1fd0a1c0 0x0000000afbb1e1c0 0 1 0 0 1 3 1 44904 904
0x00007aca1fd0a240 0x0000000afbb1e240 0 0 1 0 1 3 1 44904 896
0x00007aca1fd0a2c0 0x0000000afbb1e2c0 0 0 1 0 1 3 1 44904 904
0x00007aca1fd0a340 0x0000000afbb1e340 0 1 1 0 1 3 1 44904 896
0x00007aca1fd0a3c0 0x0000000afbb1e3c0 0 1 1 0 1 3 1 44904 904
0x00007aca1fd0a440 0x0000000afbb1e440 0 0 0 0 1 3 1 44904 912
0x00007aca1fd0a4c0 0x0000000afbb1e4c0 0 0 0 0 1 3 1 44904 920
0x00007aca1fd0a540 0x0000000afbb1e540 0 1 0 0 1 3 1 44904 912
0x00007aca1fd0a5c0 0x0000000afbb1e5c0 0 1 0 0 1 3 1 44904 920
0x00007aca1fd0a640 0x0000000afbb1e640 0 0 1 0 1 3 1 44904 912
0x00007aca1fd0a6c0 0x0000000afbb1e6c0 0 0 1 0 1 3 1 44904 920
0x00007aca1fd0a740 0x0000000afbb1e740 0 1 1 0 1 3 1 44904 912
0x00007aca1fd0a7c0 0x0000000afbb1e7c0 0 1 1 0 1 3 1 44904 920
0x00007aca1fd0a840 0x0000000afbb1e840 0 0 0 0 1 3 1 44904 928
0x00007aca1fd0a8c0 0x0000000afbb1e8c0 0 0 0 0 1 3 1 44904 936
0x00007aca1fd0a940 0x0000000afbb1e940 0 1 0 0 1 3 1 44904 928
0x00007aca1fd0a9c0 0x0000000afbb1e9c0 0 1 0 0 1 3 1 44904 936
0x00007aca1fd0aa40 0x0000000afbb1ea40 0 0 1 0 1 3 1 44904 928
0x00007aca1fd0aac0 0x0000000afbb1eac0 0 0 1 0 1 3 1 44904 936
0x00007aca1fd0ab40 0x0000000afbb1eb40 0 1 1 0 1 3 1 44904 928
0x00007aca1fd0abc0 0x0000000afbb1ebc0 0 1 1 0 1 3 1 44904 936
0x00007aca1fd0ac40 0x0000000afbb1ec40 0 0 0 0 1 3 1 44904 944
0x00007aca1fd0acc0 0x0000000afbb1ecc0 0 0 0 0 1 3 1 44904 952
0x00007aca1fd0ad40 0x0000000afbb1ed40 0 1 0 0 1 3 1 44904 944
0x00007aca1fd0adc0 0x0000000afbb1edc0 0 1 0 0 1 3 1 44904 952
0x00007aca1fd0ae40 0x0000000afbb1ee40 0 0 1 0 1 3 1 44904 944
0x00007aca1fd0aec0 0x0000000afbb1eec0 0 0 1 0 1 3 1 44904 952
0x00007aca1fd0af40 0x0000000afbb1ef40 0 1 1 0 1 3 1 44904 944
0x00007aca1fd0afc0 0x0000000afbb1efc0 0 1 1 0 1 3 1 44904 952
0x00007aca1fd1e040 0x0000000c64ba6040 0 0 0 0 0 3 1 48285 384
0x00007aca1fd1e0c0 0x0000000c64ba60c0 0 0 0 0 0 3 1 48285 392
0x00007aca1fd1e140 0x0000000c64ba6140 0 1 0 0 0 3 1 48285 384
0x00007aca1fd1e1c0 0x0000000c64ba61c0 0 1 0 0 0 3 1 48285 392
0x00007aca1fd1e240 0x0000000c64ba6240 0 0 1 0 0 3 1 48285 384
0x00007aca1fd1e2c0 0x0000000c64ba62c0 0 0 1 0 0 3 1 48285 392
0x00007aca1fd1e340 0x0000000c64ba6340 0 1 1 0 0 3 1 48285 384
0x00007aca1fd1e3c0 0x0000000c64ba63c0 0 1 1 0 0 3 1 48285 392
0x00007aca1fd1e440 0x0000000c64ba6440 0 0 0 0 0 3 1 48285 400
0x00007aca1fd1e4c0 0x0000000c64ba64c0 0 0 0 0 0 3 1 48285 408
0x00007aca1fd1e540 0x0000000c64ba6540 0 1 0 0 0 3 1 48285 400
0x00007aca1fd1e5c0 0x0000000c64ba65c0 0 1 0 0 0 3 1 48285 408
0x00007aca1fd1e640 0x0000000c64ba6640 0 0 1 0 0 3 1 48285 400
0x00007aca1fd1e6c0 0x0000000c64ba66c0 0 0 1 0 0 3 1 48285 408
0x00007aca1fd1e740 0x0000000c64ba6740 0 1 1 0 0 3 1 48285 400
0x00007aca1fd1e7c0 0x0000000c64ba67c0 0 1 1 0 0 3 1 48285 408
0x00007aca1fd1e840 0x0000000c64ba6840 0 0 0 0 0 3 1 48285 416
0x00007aca1fd1e8c0 0x0000000c64ba68c0 0 0 0 0 0 3 1 48285 424
0x00007aca1fd1e940 0x0000000c64ba6940 0 1 0 0 0 3 1 48285 416
0x00007aca1fd1e9c0 0x0000000c64ba69c0 0 1 0 0 0 3 1 48285 424
0x00007aca1fd1ea40 0x0000000c64ba6a40 0 0 1 0 0 3 1 48285 416
0x00007aca1fd1eac0 0x0000000c64ba6ac0 0 0 1 0 0 3 1 48285 424
0x00007aca1fd1eb40 0x0000000c64ba6b40 0 1 1 0 0 3 1 48285 416
0x00007aca1fd1ebc0 0x0000000c64ba6bc0 0 1 1 0 0 3 1 48285 424
0x00007aca1fd1ec40 0x0000000c64ba6c40 0 0 0 0 0 3 1 48285 432
0x00007aca1fd1ecc0 0x0000000c64ba6cc0 0 0 0 0 0 3 1 48285 440
0x00007aca1fd1ed40 0x0000000c64ba6d40 0 1 0 0 0 3 1 48285 432
0x00007aca1fd1edc0 0x0000000c64ba6dc0 0 1 0 0 0 3 1 48285 440
0x00007aca1fd1ee40 0x0000000c64ba6e40 0 0 1 0 0 3 1 48285 432
0x00007aca1fd1eec0 0x0000000c64ba6ec0 0 0 1 0 0 3 1 48285 440
0x00007aca1fd1ef40 0x0000000c64ba6f40 0 1 1 0 0 3 1 48285 432
0x00007aca1fd1efc0 0x0000000c64ba6fc0 0 1 1 0 0 3 1 48285 440
0x00007aca1fd29040 0x0000000b05b1e040 0 0 0 0 1 3 1 41144 896
0x00007aca1fd290c0 0x0000000b05b1e0c0 0 0 0 0 1 3 1 41144 904
0x00007aca1fd29140 0x0000000b05b1e140 0 1 0 0 1 3 1 41144 896
0x00007aca1fd291c0 0x0000000b05b1e1c0 0 1 0 0 1 3 1 41144 904
0x00007aca1fd29240 0x0000000b05b1e240 0 0 1 0 1 3 1 41144 896
0x00007aca1fd292c0 0x0000000b05b1e2c0 0 0 1 0 1 3 1 41144 904
0x00007aca1fd29340 0x0000000b05b1e340 0 1 1 0 1 3 1 41144 896
0x00007aca1fd293c0 0x0000000b05b1e3c0 0 1 1 0 1 3 1 41144 904
0x00007aca1fd29440 0x0000000b05b1e440 0 0 0 0 1 3 1 41144 912
0x00007aca1fd294c0 0x0000000b05b1e4c0 0 0 0 0 1 3 1 41144 920
0x00007aca1fd29540 0x0000000b05b1e540 0 1 0 0 1 3 1 41144 912
0x00007aca1fd295c0 0x0000000b05b1e5c0 0 1 0 0 1 3 1 41144 920
0x00007aca1fd29640 0x0000000b05b1e640 0 0 1 0 1 3 1 41144 912
0x00007aca1fd296c0 0x0000000b05b1e6c0 0 0 1 0 1 3 1 41144 920
0x00007aca1fd29740 0x0000000b05b1e740 0 1 1 0 1 3 1 41144 912
0x00007aca1fd297c0 0x0000000b05b1e7c0 0 1 1 0 1 3 1 41144 920
0x00007aca1fd29840 0x0000000b05b1e840 0 0 0 0 1 3 1 41144 928
0x00007aca1fd298c0 0x0000000b05b1e8c0 0 0 0 0 1 3 1 41144 936
0x00007aca1fd29940 0x0000000b05b1e940 0 1 0 0 1 3 1 41144 928
0x00007aca1fd299c0 0x0000000b05b1e9c0 0 1 0 0 1 3 1 41144 936
0x00007aca1fd29a40 0x0000000b05b1ea40 0 0 1 0 1 3 1 41144 928
0x00007aca1fd29ac0 0x0000000b05b1eac0 0 0 1 0 1 3 1 41144 936
0x00007aca1fd29b40 0x0000000b05b1eb40 0 1 1 0 1 3 1 41144 928
0x00007aca1fd29bc0 0x0000000b05b1ebc0 0 1 1 0 1 3 1 41144 936
0x00007aca1fd29c40 0x0000000b05b1ec40 0 0 0 0 1 3 1 41144 944
0x00007aca1fd29cc0 0x0000000b05b1ecc0 0 0 0 0 1 3 1 41144 952
0x00007aca1fd29d40 0x0000000b05b1ed40 0 1 0 0 1 3 1 41144 944
0x00007aca1fd29dc0 0x0000000b05b1edc0 0 1 0 0 1 3 1 41144 952
0x00007aca1fd29e40 0x0000000b05b1ee40 0 0 1 0 1 3 1 41144 944
0x00007aca1fd29ec0 0x0000000b05b1eec0 0 0 1 0 1 3 1 41144 952
0x00007aca1fd29f40 0x0000000b05b1ef40 0 1 1 0 1 3 1 41144 944
0x00007aca1fd29fc0 0x0000000b05b1efc0 0 1 1 0 1 3 1 41144 952
0x00007aca1fd30040 0x000000037b376040 0 0 0 0 0 3 1 12147 896
0x00007aca1fd300c0 0x000000037b3760c0 0 0 0 0 0 3 1 12147 904
0x00007aca1fd30140 0x000000037b376140 0 1 0 0 0 3 1 12147 896
0x00007aca1fd301c0 0x000000037b3761c0 0 1 0 0 0 3 1 12147 904
0x00007aca1fd30240 0x000000037b376240 0 0 1 0 0 3 1 12147 896
0x00007aca1fd302c0 0x000000037b3762c0 0 0 1 0 0 3 1 12147 904
0x00007aca1fd30340 0x000000037b376340 0 1 1 0 0 3 1 12147 896
0x00007aca1fd303c0 0x000000037b3763c0 0 1 1 0 0 3 1 12147 904
0x00007aca1fd30440 0x000000037b376440 0 0 0 0 0 3 1 12147 912
0x00007aca1fd304c0 0x000000037b3764c0 0 0 0 0 0 3 1 12147 920
0x00007aca1fd30540 0x000000037b376540 0 1 0 0 0 3 1 12147 912
0x00007aca1fd305c0 0x000000037b3765c0 0 1 0 0 0 3 1 12147 920
0x00007aca1fd30640 0x000000037b376640 0 0 1 0 0 3 1 12147 912
0x00007aca1fd306c0 0x000000037b3766c0 0 0 1 0 0 3 1 12147 920
0x00007aca1fd30740 0x000000037b376740 0 1 1 0 0 3 1 12147 912
0x00007aca1fd307c0 0x000000037b3767c0 0 1 1 0 0 3 1 12147 920
0x00007aca1fd30840 0x000000037b376840 0 0 0 0 0 3 1 12147 928
0x00007aca1fd308c0 0x000000037b3768c0 0 0 0 0 0 3 1 12147 936
0x00007aca1fd30940 0x000000037b376940 0 1 0 0 0 3 1 12147 928
0x00007aca1fd309c0 0x000000037b3769c0 0 1 0 0 0 3 1 12147 936
0x00007aca1fd30a40 0x000000037b376a40 0 0 1 0 0 3 1 12147 928
0x00007aca1fd30ac0 0x000000037b376ac0 0 0 1 0 0 3 1 12147 936
0x00007aca1fd30b40 0x000000037b376b40 0 1 1 0 0 3 1 12147 928
0x00007aca1fd30bc0 0x000000037b376bc0 0 1 1 0 0 3 1 12147 936
0x00007aca1fd30c40 0x000000037b376c40 0 0 0 0 0 3 1 12147 944
0x00007aca1fd30cc0 0x000000037b376cc0 0 0 0 0 0 3 1 12147 952
0x00007aca1fd30d40 0x000000037b376d40 0 1 0 0 0 3 1 12147 944
0x00007aca1fd30dc0 0x000000037b376dc0 0 1 0 0 0 3 1 12147 952
0x00007aca1fd30e40 0x000000037b376e40 0 0 1 0 0 3 1 12147 944
0x00007aca1fd30ec0 0x000000037b376ec0 0 0 1 0 0 3 1 12147 952
0x00007aca1fd30f40 0x000000037b376f40 0 1 1 0 0 3 1 12147 944
0x00007aca1fd30fc0 0x000000037b376fc0 0 1 1 0 0 3 1 12147 952
0x00007aca1fd34040 0x0000000aafb84040 0 0 0 0 0 3 1 42476 256
0x00007aca1fd340c0 0x0000000aafb840c0 0 0 0 0 0 3 1 42476 264
0x00007aca1fd34140 0x0000000aafb84140 0 1 0 0 0 3 1 42476 256
0x00007aca1fd341c0 0x0000000aafb841c0 0 1 0 0 0 3 1 42476 264
0x00007aca1fd34240 0x0000000aafb84240 0 0 1 0 0 3 1 42476 256
0x00007aca1fd342c0 0x0000000aafb842c0 0 0 1 0 0 3 1 42476 264
0x00007aca1fd34340 0x0000000aafb84340 0 1 1 0 0 3 1 42476 256
0x00007aca1fd343c0 0x0000000aafb843c0 0 1 1 0 0 3 1 42476 264
0x00007aca1fd34440 0x0000000aafb84440 0 0 0 0 0 3 1 42476 272
0x00007aca1fd344c0 0x0000000aafb844c0 0 0 0 0 0 3 1 42476 280
0x00007aca1fd34540 0x0000000aafb84540 0 1 0 0 0 3 1 42476 272
0x00007aca1fd345c0 0x0000000aafb845c0 0 1 0 0 0 3 1 42476 280
0x00007aca1fd34640 0x0000000aafb84640 0 0 1 0 0 3 1 42476 272
0x00007aca1fd346c0 0x0000000aafb846c0 0 0 1 0 0 3 1 42476 280
0x00007aca1fd34740 0x0000000aafb84740 0 1 1 0 0 3 1 42476 272
0x00007aca1fd347c0 0x0000000aafb847c0 0 1 1 0 0 3 1 42476 280
0x00007aca1fd34840 0x0000000aafb84840 0 0 0 0 0 3 1 42476 288
0x00007aca1fd348c0 0x0000000aafb848c0 0 0 0 0 0 3 1 42476 296
0x00007aca1fd34940 0x0000000aafb84940 0 1 0 0 0 3 1 42476 288
0x00007aca1fd349c0 0x0000000aafb849c0 0 1 0 0 0 3 1 42476 296
0x00007aca1fd34a40 0x0000000aafb84a40 0 0 1 0 0 3 1 42476 288
0x00007aca1fd34ac0 0x0000000aafb84ac0 0 0 1 0 0 3 1 42476 296
0x00007aca1fd34b40 0x0000000aafb84b40 0 1 1 0 0 3 1 42476 288
0x00007aca1fd34bc0 0x0000000aafb84bc0 0 1 1 0 0 3 1 42476 296
0x00007aca1fd34c40 0x0000000aafb84c40 0 0 0 0 0 3 1 42476 304
0x00007aca1fd34cc0 0x0000000aafb84cc0 0 0 0 0 0 3 1 42476 312
0x00007aca1fd34d40 0x0000000aafb84d40 0 1 0 0 0 3 1 42476 304
0x00007aca1fd34dc0 0x0000000aafb84dc0 0 1 0 0 0 3 1 42476 312
0x00007aca1fd34e40 0x0000000aafb84e40 0 0 1 0 0 3 1 42476 304
0x00007aca1fd34ec0 0x0000000aafb84ec0 0 0 1 0 0 3 1 42476 312
0x00007aca1fd34f40 0x0000000aafb84f40 0 1 1 0 0 3 1 42476 304
0x00007aca1fd34fc0 0x0000000aafb84fc0 0 1 1 0 0 3 1 42476 312
0x00007aca1fd36040 0x000000096d340040 0 0 0 0 0 3 1 36274 0
0x00007aca1fd360c0 0x000000096d3400c0 0 0 0 0 0 3 1 36274 8
0x00007aca1fd36140 0x000000096d340140 0 1 0 0 0 3 1 36274 0
0x00007aca1fd361c0 0x000000096d3401c0 0 1 0 0 0 3 1 36274 8
0x00007aca1fd36240 0x000000096d340240 0 0 1 0 0 3 1 36274 0
0x00007aca1fd362c0 0x000000096d3402c0 0 0 1 0 0 3 1 36274 8
0x00007aca1fd36340 0x000000096d340340 0 1 1 0 0 3 1 36274 0
0x00007aca1fd363c0 0x000000096d3403c0 0 1 1 0 0 3 1 36274 8
0x00007aca1fd36440 0x000000096d340440 0 0 0 0 0 3 1 36274 16
0x00007aca1fd364c0 0x000000096d3404c0 0 0 0 0 0 3 1 36274 24
0x00007aca1fd36540 0x000000096d340540 0 1 0 0 0 3 1 36274 16
0x00007aca1fd365c0 0x000000096d3405c0 0 1 0 0 0 3 1 36274 24
0x00007aca1fd36640 0x000000096d340640 0 0 1 0 0 3 1 36274 16
0x00007aca1fd366c0 0x000000096d3406c0 0 0 1 0 0 3 1 36274 24
0x00007aca1fd36740 0x000000096d340740 0 1 1 0 0 3 1 36274 16
0x00007aca1fd367c0 0x000000096d3407c0 0 1 1 0 0 3 1 36274 24
0x00007aca1fd36840 0x000000096d340840 0 0 0 0 0 3 1 36274 32
0x00007aca1fd368c0 0x000000096d3408c0 0 0 0 0 0 3 1 36274 40
0x00007aca1fd36940 0x000000096d340940 0 1 0 0 0 3 1 36274 32
0x00007aca1fd369c0 0x000000096d3409c0 0 1 0 0 0 3 1 36274 40
0x00007aca1fd36a40 0x000000096d340a40 0 0 1 0 0 3 1 36274 32
0x00007aca1fd36ac0 0x000000096d340ac0 0 0 1 0 0 3 1 36274 40
0x00007aca1fd36b40 0x000000096d340b40 0 1 1 0 0 3 1 36274 32
0x00007aca1fd36bc0 0x000000096d340bc0 0 1 1 0 0 3 1 36274 40
0x00007aca1fd36c40 0x000000096d340c40 0 0 0 0 0 3 1 36274 48
0x00007aca1fd36cc0 0x000000096d340cc0 0 0 0 0 0 3 1 36274 56
0x00007aca1fd36d40 0x000000096d340d40 0 1 0 0 0 3 1 36274 48
0x00007aca1fd36dc0 0x000000096d340dc0 0 1 0 0 0 3 1 36274 56
0x00007aca1fd36e40 0x000000096d340e40 0 0 1 0 0 3 1 36274 48
0x00007aca1fd36ec0 0x000000096d340ec0 0 0 1 0 0 3 1 36274 56
0x00007aca1fd36f40 0x000000096d340f40 0 1 1 0 0 3 1 36274 48
0x00007aca1fd36fc0 0x000000096d340fc0 0 1 1 0 0 3 1 36274 56
0x00007aca1fd37040 0x0000000cc83dd040 0 0 0 0 1 3 1 51462 832
0x00007aca1fd370c0 0x0000000cc83dd0c0 0 0 0 0 1 3 1 51462 840
0x00007aca1fd37140 0x0000000cc83dd140 0 1 0 0 1 3 1 51462 832
0x00007aca1fd371c0 0x0000000cc83dd1c0 0 1 0 0 1 3 1 51462 840
0x00007aca1fd37240 0x0000000cc83dd240 0 0 1 0 1 3 1 51462 832
0x00007aca1fd372c0 0x0000000cc83dd2c0 0 0 1 0 1 3 1 51462 840
0x00007aca1fd37340 0x0000000cc83dd340 0 1 1 0 1 3 1 51462 832
0x00007aca1fd373c0 0x0000000cc83dd3c0 0 1 1 0 1 3 1 51462 840
0x00007aca1fd37440 0x0000000cc83dd440 0 0 0 0 1 3 1 51462 848
0x00007aca1fd374c0 0x0000000cc83dd4c0 0 0 0 0 1 3 1 51462 856
0x00007aca1fd37540 0x0000000cc83dd540 0 1 0 0 1 3 1 51462 848
0x00007aca1fd375c0 0x0000000cc83dd5c0 0 1 0 0 1 3 1 51462 856
0x00007aca1fd37640 0x0000000cc83dd640 0 0 1 0 1 3 1 51462 848
0x00007aca1fd376c0 0x0000000cc83dd6c0 0 0 1 0 1 3 1 51462 856
0x00007aca1fd37740 0x0000000cc83dd740 0 1 1 0 1 3 1 51462 848
0x00007aca1fd377c0 0x0000000cc83dd7c0 0 1 1 0 1 3 1 51462 856
0x00007aca1fd37840 0x0000000cc83dd840 0 0 0 0 1 3 1 51462 864
0x00007aca1fd378c0 0x0000000cc83dd8c0 0 0 0 0 1 3 1 51462 872
0x00007aca1fd37940 0x0000000cc83dd940 0 1 0 0 1 3 1 51462 864
0x00007aca1fd379c0 0x0000000cc83dd9c0 0 1 0 0 1 3 1 51462 872
0x00007aca1fd37a40 0x0000000cc83dda40 0 0 1 0 1 3 1 51462 864
0x00007aca1fd37ac0 0x0000000cc83ddac0 0 0 1 0 1 3 1 51462 872
0x00007aca1fd37b40 0x0000000cc83ddb40 0 1 1 0 1 3 1 51462 864
0x00007aca1fd37bc0 0x0000000cc83ddbc0 0 1 1 0 1 3 1 51462 872
0x00007aca1fd37c40 0x0000000cc83ddc40 0 0 0 0 1 3 1 51462 880
0x00007aca1fd37cc0 0x0000000cc83ddcc0 0 0 0 0 1 3 1 51462 888
0x00007aca1fd37d40 0x0000000cc83ddd40 0 1 0 0 1 3 1 51462 880
0x00007aca1fd37dc0 0x0000000cc83dddc0 0 1 0 0 1 3 1 51462 888
0x00007aca1fd37e40 0x0000000cc83dde40 0 0 1 0 1 3 1 51462 880
0x00007aca1fd37ec0 0x0000000cc83ddec0 0 0 1 0 1 3 1 51462 888
0x00007aca1fd37f40 0x0000000cc83ddf40 0 1 1 0 1 3 1 51462 880
0x00007aca1fd37fc0 0x0000000cc83ddfc0 0 1 1 0 1 3 1 51462 888
0x00007aca1fd38040 0x000000088d3ae040 0 0 0 0 1 3 1 33189 384
0x00007aca1fd380c0 0x000000088d3ae0c0 0 0 0 0 1 3 1 33189 392
0x00007aca1fd38140 0x000000088d3ae140 0 1 0 0 1 3 1 33189 384
0x00007aca1fd381c0 0x000000088d3ae1c0 0 1 0 0 1 3 1 33189 392
0x00007aca1fd38240 0x000000088d3ae240 0 0 1 0 1 3 1 33189 384
0x00007aca1fd382c0 0x000000088d3ae2c0 0 0 1 0 1 3 1 33189 392
0x00007aca1fd38340 0x000000088d3ae340 0 1 1 0 1 3 1 33189 384
0x00007aca1fd383c0 0x000000088d3ae3c0 0 1 1 0 1 3 1 33189 392
0x00007aca1fd38440 0x000000088d3ae440 0 0 0 0 1 3 1 33189 400
0x00007aca1fd384c0 0x000000088d3ae4c0 0 0 0 0 1 3 1 33189 408
0x00007aca1fd38540 0x000000088d3ae540 0 1 0 0 1 3 1 33189 400
0x00007aca1fd385c0 0x000000088d3ae5c0 0 1 0 0 1 3 1 33189 408
0x00007aca1fd38640 0x000000088d3ae640 0 0 1 0 1 3 1 33189 400
0x00007aca1fd386c0 0x000000088d3ae6c0 0 0 1 0 1 3 1 33189 408
0x00007aca1fd38740 0x000000088d3ae740 0 1 1 0 1 3 1 33189 400
0x00007aca1fd387c0 0x000000088d3ae7c0 0 1 1 0 1 3 1 33189 408
0x00007aca1fd38840 0x000000088d3ae840 0 0 0 0 1 3 1 33189 416
0x00007aca1fd388c0 0x000000088d3ae8c0 0 0 0 0 1 3 1 33189 424
0x00007aca1fd38940 0x000000088d3ae940 0 1 0 0 1 3 1 33189 416
0x00007aca1fd389c0 0x000000088d3ae9c0 0 1 0 0 1 3 1 33189 424
0x00007aca1fd38a40 0x000000088d3aea40 0 0 1 0 1 3 1 33189 416
0x00007aca1fd38ac0 0x000000088d3aeac0 0 0 1 0 1 3 1 33189 424
0x00007aca1fd38b40 0x000000088d3aeb40 0 1 1 0 1 3 1 33189 416
0x00007aca1fd38bc0 0x000000088d3aebc0 0 1 1 0 1 3 1 33189 424
0x00007aca1fd38c40 0x000000088d3aec40 0 0 0 0 1 3 1 33189 432
0x00007aca1fd38cc0 0x000000088d3aecc0 0 0 0 0 1 3 1 33189 440
0x00007aca1fd38d40 0x000000088d3aed40 0 1 0 0 1 3 1 33189 432
0x00007aca1fd38dc0 0x000000088d3aedc0 0 1 0 0 1 3 1 33189 440
0x00007aca1fd38e40 0x000000088d3aee40 0 0 1 0 1 3 1 33189 432
0x00007aca1fd38ec0 0x000000088d3aeec0 0 0 1 0 1 3 1 33189 440
0x00007aca1fd38f40 0x000000088d3aef40 0 1 1 0 1 3 1 33189 432
0x00007aca1fd38fc0 0x000000088d3aefc0 0 1 1 0 1 3 1 33189 440
0x00007aca1fd3a040 0x000000088d3ad040 0 0 0 0 1 3 1 33189 320
0x00007aca1fd3a0c0 0x000000088d3ad0c0 0 0 0 0 1 3 1 33189 328
0x00007aca1fd3a140 0x000000088d3ad140 0 1 0 0 1 3 1 33189 320
0x00007aca1fd3a1c0 0x000000088d3ad1c0 0 1 0 0 1 3 1 33189 328
0x00007aca1fd3a240 0x000000088d3ad240 0 0 1 0 1 3 1 33189 320
0x00007aca1fd3a2c0 0x000000088d3ad2c0 0 0 1 0 1 3 1 33189 328
0x00007aca1fd3a340 0x000000088d3ad340 0 1 1 0 1 3 1 33189 320
0x00007aca1fd3a3c0 0x000000088d3ad3c0 0 1 1 0 1 3 1 33189 328
0x00007aca1fd3a440 0x000000088d3ad440 0 0 0 0 1 3 1 33189 336
0x00007aca1fd3a4c0 0x000000088d3ad4c0 0 0 0 0 1 3 1 33189 344
0x00007aca1fd3a540 0x000000088d3ad540 0 1 0 0 1 3 1 33189 336
0x00007aca1fd3a5c0 0x000000088d3ad5c0 0 1 0 0 1 3 1 33189 344
0x00007aca1fd3a640 0x000000088d3ad640 0 0 1 0 1 3 1 33189 336
0x00007aca1fd3a6c0 0x000000088d3ad6c0 0 0 1 0 1 3 1 33189 344
0x00007aca1fd3a740 0x000000088d3ad740 0 1 1 0 1 3 1 33189 336
0x00007aca1fd3a7c0 0x000000088d3ad7c0 0 1 1 0 1 3 1 33189 344
0x00007aca1fd3a840 0x000000088d3ad840 0 0 0 0 1 3 1 33189 352
0x00007aca1fd3a8c0 0x000000088d3ad8c0 0 0 0 0 1 3 1 33189 360
0x00007aca1fd3a940 0x000000088d3ad940 0 1 0 0 1 3 1 33189 352
0x00007aca1fd3a9c0 0x000000088d3ad9c0 0 1 0 0 1 3 1 33189 360
0x00007aca1fd3aa40 0x000000088d3ada40 0 0 1 0 1 3 1 33189 352
0x00007aca1fd3aac0 0x000000088d3adac0 0 0 1 0 1 3 1 33189 360
0x00007aca1fd3ab40 0x000000088d3adb40 0 1 1 0 1 3 1 33189 352
0x00007aca1fd3abc0 0x000000088d3adbc0 0 1 1 0 1 3 1 33189 360
0x00007aca1fd3ac40 0x000000088d3adc40 0 0 0 0 1 3 1 33189 368
0x00007aca1fd3acc0 0x000000088d3adcc0 0 0 0 0 1 3 1 33189 376
0x00007aca1fd3ad40 0x000000088d3add40 0 1 0 0 1 3 1 33189 368
0x00007aca1fd3adc0 0x000000088d3addc0 0 1 0 0 1 3 1 33189 376
0x00007aca1fd3ae40 0x000000088d3ade40 0 0 1 0 1 3 1 33189 368
0x00007aca1fd3aec0 0x000000088d3adec0 0 0 1 0 1 3 1 33189 376
0x00007aca1fd3af40 0x000000088d3adf40 0 1 1 0 1 3 1 33189 368
0x00007aca1fd3afc0 0x000000088d3adfc0 0 1 1 0 1 3 1 33189 376
0x00007aca1fd3c040 0x0000000c6abab040 0 0 0 0 1 3 1 48477 192
0x00007aca1fd3c0c0 0x0000000c6abab0c0 0 0 0 0 1 3 1 48477 200
0x00007aca1fd3c140 0x0000000c6abab140 0 1 0 0 1 3 1 48477 192
0x00007aca1fd3c1c0 0x0000000c6abab1c0 0 1 0 0 1 3 1 48477 200
0x00007aca1fd3c240 0x0000000c6abab240 0 0 1 0 1 3 1 48477 192
0x00007aca1fd3c2c0 0x0000000c6abab2c0 0 0 1 0 1 3 1 48477 200
0x00007aca1fd3c340 0x0000000c6abab340 0 1 1 0 1 3 1 48477 192
0x00007aca1fd3c3c0 0x0000000c6abab3c0 0 1 1 0 1 3 1 48477 200
0x00007aca1fd3c440 0x0000000c6abab440 0 0 0 0 1 3 1 48477 208
0x00007aca1fd3c4c0 0x0000000c6abab4c0 0 0 0 0 1 3 1 48477 216
0x00007aca1fd3c540 0x0000000c6abab540 0 1 0 0 1 3 1 48477 208
0x00007aca1fd3c5c0 0x0000000c6abab5c0 0 1 0 0 1 3 1 48477 216
0x00007aca1fd3c640 0x0000000c6abab640 0 0 1 0 1 3 1 48477 208
0x00007aca1fd3c6c0 0x0000000c6abab6c0 0 0 1 0 1 3 1 48477 216
0x00007aca1fd3c740 0x0000000c6abab740 0 1 1 0 1 3 1 48477 208
0x00007aca1fd3c7c0 0x0000000c6abab7c0 0 1 1 0 1 3 1 48477 216
0x00007aca1fd3c840 0x0000000c6abab840 0 0 0 0 1 3 1 48477 224
0x00007aca1fd3c8c0 0x0000000c6abab8c0 0 0 0 0 1 3 1 48477 232
0x00007aca1fd3c940 0x0000000c6abab940 0 1 0 0 1 3 1 48477 224
0x00007aca1fd3c9c0 0x0000000c6abab9c0 0 1 0 0 1 3 1 48477 232
0x00007aca1fd3ca40 0x0000000c6ababa40 0 0 1 0 1 3 1 48477 224
0x00007aca1fd3cac0 0x0000000c6ababac0 0 0 1 0 1 3 1 48477 232
0x00007aca1fd3cb40 0x0000000c6ababb40 0 1 1 0 1 3 1 48477 224
0x00007aca1fd3cbc0 0x0000000c6ababbc0 0 1 1 0 1 3 1 48477 232
0x00007aca1fd3cc40 0x0000000c6ababc40 0 0 0 0 1 3 1 48477 240
0x00007aca1fd3ccc0 0x0000000c6ababcc0 0 0 0 0 1 3 1 48477 248
0x00007aca1fd3cd40 0x0000000c6ababd40 0 1 0 0 1 3 1 48477 240
0x00007aca1fd3cdc0 0x0000000c6ababdc0 0 1 0 0 1 3 1 48477 248
0x00007aca1fd3ce40 0x0000000c6ababe40 0 0 1 0 1 3 1 48477 240
0x00007aca1fd3cec0 0x0000000c6ababec0 0 0 1 0 1 3 1 48477 248
0x00007aca1fd3cf40 0x0000000c6ababf40 0 1 1 0 1 3 1 48477 240
0x00007aca1fd3cfc0 0x0000000c6ababfc0 0 1 1 0 1 3 1 48477 248
0x00007aca1fd3d040 0x000000087e395040 0 0 0 0 0 3 1 32724 832
0x00007aca1fd3d0c0 0x000000087e3950c0 0 0 0 0 0 3 1 32724 840
0x00007aca1fd3d140 0x000000087e395140 0 1 0 0 0 3 1 32724 832
0x00007aca1fd3d1c0 0x000000087e3951c0 0 1 0 0 0 3 1 32724 840
0x00007aca1fd3d240 0x000000087e395240 0 0 1 0 0 3 1 32724 832
0x00007aca1fd3d2c0 0x000000087e3952c0 0 0 1 0 0 3 1 32724 840
0x00007aca1fd3d340 0x000000087e395340 0 1 1 0 0 3 1 32724 832
0x00007aca1fd3d3c0 0x000000087e3953c0 0 1 1 0 0 3 1 32724 840
0x00007aca1fd3d440 0x000000087e395440 0 0 0 0 0 3 1 32724 848
0x00007aca1fd3d4c0 0x000000087e3954c0 0 0 0 0 0 3 1 32724 856
0x00007aca1fd3d540 0x000000087e395540 0 1 0 0 0 3 1 32724 848
0x00007aca1fd3d5c0 0x000000087e3955c0 0 1 0 0 0 3 1 32724 856
0x00007aca1fd3d640 0x000000087e395640 0 0 1 0 0 3 1 32724 848
0x00007aca1fd3d6c0 0x000000087e3956c0 0 0 1 0 0 3 1 32724 856
0x00007aca1fd3d740 0x000000087e395740 0 1 1 0 0 3 1 32724 848
0x00007aca1fd3d7c0 0x000000087e3957c0 0 1 1 0 0 3 1 32724 856
0x00007aca1fd3d840 0x000000087e395840 0 0 0 0 0 3 1 32724 864
0x00007aca1fd3d8c0 0x000000087e3958c0 0 0 0 0 0 3 1 32724 872
0x00007aca1fd3d940 0x000000087e395940 0 1 0 0 0 3 1 32724 864
0x00007aca1fd3d9c0 0x000000087e3959c0 0 1 0 0 0 3 1 32724 872
0x00007aca1fd3da40 0x000000087e395a40 0 0 1 0 0 3 1 32724 864
0x00007aca1fd3dac0 0x000000087e395ac0 0 0 1 0 0 3 1 32724 872
0x00007aca1fd3db40 0x000000087e395b40 0 1 1 0 0 3 1 32724 864
0x00007aca1fd3dbc0 0x000000087e395bc0 0 1 1 0 0 3 1 32724 872
0x00007aca1fd3dc40 0x000000087e395c40 0 0 0 0 0 3 1 32724 880
0x00007aca1fd3dcc0 0x000000087e395cc0 0 0 0 0 0 3 1 32724 888
0x00007aca1fd3dd40 0x000000087e395d40 0 1 0 0 0 3 1 32724 880
0x00007aca1fd3ddc0 0x000000087e395dc0 0 1 0 0 0 3 1 32724 888
0x00007aca1fd3de40 0x000000087e395e40 0 0 1 0 0 3 1 32724 880
0x00007aca1fd3dec0 0x000000087e395ec0 0 0 1 0 0 3 1 32724 888
0x00007aca1fd3df40 0x000000087e395f40 0 1 1 0 0 3 1 32724 880
0x00007aca1fd3dfc0 0x000000087e395fc0 0 1 1 0 0 3 1 32724 888
0x00007aca1fd55040 0x0000000da7b4d040 0 0 0 0 1 3 1 54506 320
0x00007aca1fd550c0 0x0000000da7b4d0c0 0 0 0 0 1 3 1 54506 328
0x00007aca1fd55140 0x0000000da7b4d140 0 1 0 0 1 3 1 54506 320
0x00007aca1fd551c0 0x0000000da7b4d1c0 0 1 0 0 1 3 1 54506 328
0x00007aca1fd55240 0x0000000da7b4d240 0 0 1 0 1 3 1 54506 320
0x00007aca1fd552c0 0x0000000da7b4d2c0 0 0 1 0 1 3 1 54506 328
0x00007aca1fd55340 0x0000000da7b4d340 0 1 1 0 1 3 1 54506 320
0x00007aca1fd553c0 0x0000000da7b4d3c0 0 1 1 0 1 3 1 54506 328
0x00007aca1fd55440 0x0000000da7b4d440 0 0 0 0 1 3 1 54506 336
0x00007aca1fd554c0 0x0000000da7b4d4c0 0 0 0 0 1 3 1 54506 344
0x00007aca1fd55540 0x0000000da7b4d540 0 1 0 0 1 3 1 54506 336
0x00007aca1fd555c0 0x0000000da7b4d5c0 0 1 0 0 1 3 1 54506 344
0x00007aca1fd55640 0x0000000da7b4d640 0 0 1 0 1 3 1 54506 336
0x00007aca1fd556c0 0x0000000da7b4d6c0 0 0 1 0 1 3 1 54506 344
0x00007aca1fd55740 0x0000000da7b4d740 0 1 1 0 1 3 1 54506 336
0x00007aca1fd557c0 0x0000000da7b4d7c0 0 1 1 0 1 3 1 54506 344
0x00007aca1fd55840 0x0000000da7b4d840 0 0 0 0 1 3 1 54506 352
0x00007aca1fd558c0 0x0000000da7b4d8c0 0 0 0 0 1 3 1 54506 360
0x00007aca1fd55940 0x0000000da7b4d940 0 1 0 0 1 3 1 54506 352
0x00007aca1fd559c0 0x0000000da7b4d9c0 0 1 0 0 1 3 1 54506 360
0x00007aca1fd55a40 0x0000000da7b4da40 0 0 1 0 1 3 1 54506 352
0x00007aca1fd55ac0 0x0000000da7b4dac0 0 0 1 0 1 3 1 54506 360
0x00007aca1fd55b40 0x0000000da7b4db40 0 1 1 0 1 3 1 54506 352
0x00007aca1fd55bc0 0x0000000da7b4dbc0 0 1 1 0 1 3 1 54506 360
0x00007aca1fd55c40 0x0000000da7b4dc40 0 0 0 0 1 3 1 54506 368
0x00007aca1fd55cc0 0x0000000da7b4dcc0 0 0 0 0 1 3 1 54506 376
0x00007aca1fd55d40 0x0000000da7b4dd40 0 1 0 0 1 3 1 54506 368
0x00007aca1fd55dc0 0x0000000da7b4ddc0 0 1 0 0 1 3 1 54506 376
0x00007aca1fd55e40 0x0000000da7b4de40 0 0 1 0 1 3 1 54506 368
0x00007aca1fd55ec0 0x0000000da7b4dec0 0 0 1 0 1 3 1 54506 376
0x00007aca1fd55f40 0x0000000da7b4df40 0 1 1 0 1 3 1 54506 368
0x00007aca1fd55fc0 0x0000000da7b4dfc0 0 1 1 0 1 3 1 54506 376
0x00007aca1fd5b040 0x0000000423b1d040 0 0 0 0 1 3 1 13432 832
0x00007aca1fd5b0c0 0x0000000423b1d0c0 0 0 0 0 1 3 1 13432 840
0x00007aca1fd5b140 0x0000000423b1d140 0 1 0 0 1 3 1 13432 832
0x00007aca1fd5b1c0 0x0000000423b1d1c0 0 1 0 0 1 3 1 13432 840
0x00007aca1fd5b240 0x0000000423b1d240 0 0 1 0 1 3 1 13432 832
0x00007aca1fd5b2c0 0x0000000423b1d2c0 0 0 1 0 1 3 1 13432 840
0x00007aca1fd5b340 0x0000000423b1d340 0 1 1 0 1 3 1 13432 832
0x00007aca1fd5b3c0 0x0000000423b1d3c0 0 1 1 0 1 3 1 13432 840
0x00007aca1fd5b440 0x0000000423b1d440 0 0 0 0 1 3 1 13432 848
0x00007aca1fd5b4c0 0x0000000423b1d4c0 0 0 0 0 1 3 1 13432 856
0x00007aca1fd5b540 0x0000000423b1d540 0 1 0 0 1 3 1 13432 848
0x00007aca1fd5b5c0 0x0000000423b1d5c0 0 1 0 0 1 3 1 13432 856
0x00007aca1fd5b640 0x0000000423b1d640 0 0 1 0 1 3 1 13432 848
0x00007aca1fd5b6c0 0x0000000423b1d6c0 0 0 1 0 1 3 1 13432 856
0x00007aca1fd5b740 0x0000000423b1d740 0 1 1 0 1 3 1 13432 848
0x00007aca1fd5b7c0 0x0000000423b1d7c0 0 1 1 0 1 3 1 13432 856
0x00007aca1fd5b840 0x0000000423b1d840 0 0 0 0 1 3 1 13432 864
0x00007aca1fd5b8c0 0x0000000423b1d8c0 0 0 0 0 1 3 1 13432 872
0x00007aca1fd5b940 0x0000000423b1d940 0 1 0 0 1 3 1 13432 864
0x00007aca1fd5b9c0 0x0000000423b1d9c0 0 1 0 0 1 3 1 13432 872
0x00007aca1fd5ba40 0x0000000423b1da40 0 0 1 0 1 3 1 13432 864
0x00007aca1fd5bac0 0x0000000423b1dac0 0 0 1 0 1 3 1 13432 872
0x00007aca1fd5bb40 0x0000000423b1db40 0 1 1 0 1 3 1 13432 864
0x00007aca1fd5bbc0 0x0000000423b1dbc0 0 1 1 0 1 3 1 13432 872
0x00007aca1fd5bc40 0x0000000423b1dc40 0 0 0 0 1 3 1 13432 880
0x00007aca1fd5bcc0 0x0000000423b1dcc0 0 0 0 0 1 3 1 13432 888
0x00007aca1fd5bd40 0x0000000423b1dd40 0 1 0 0 1 3 1 13432 880
0x00007aca1fd5bdc0 0x0000000423b1ddc0 0 1 0 0 1 3 1 13432 888
0x00007aca1fd5be40 0x0000000423b1de40 0 0 1 0 1 3 1 13432 880
0x00007aca1fd5bec0 0x0000000423b1dec0 0 0 1 0 1 3 1 13432 888
0x00007aca1fd5bf40 0x0000000423b1df40 0 1 1 0 1 3 1 13432 880
0x00007aca1fd5bfc0 0x0000000423b1dfc0 0 1 1 0 1 3 1 13432 888
0x00007aca1fd67040 0x0000000f2fbea040 0 0 0 0 1 3 1 58879 128
0x00007aca1fd670c0 0x0000000f2fbea0c0 0 0 0 0 1 3 1 58879 136
0x00007aca1fd67140 0x0000000f2fbea140 0 1 0 0 1 3 1 58879 128
0x00007aca1fd671c0 0x0000000f2fbea1c0 0 1 0 0 1 3 1 58879 136
0x00007aca1fd67240 0x0000000f2fbea240 0 0 1 0 1 3 1 58879 128
0x00007aca1fd672c0 0x0000000f2fbea2c0 0 0 1 0 1 3 1 58879 136
0x00007aca1fd67340 0x0000000f2fbea340 0 1 1 0 1 3 1 58879 128
0x00007aca1fd673c0 0x0000000f2fbea3c0 0 1 1 0 1 3 1 58879 136
0x00007aca1fd67440 0x0000000f2fbea440 0 0 0 0 1 3 1 58879 144
0x00007aca1fd674c0 0x0000000f2fbea4c0 0 0 0 0 1 3 1 58879 152
0x00007aca1fd67540 0x0000000f2fbea540 0 1 0 0 1 3 1 58879 144
0x00007aca1fd675c0 0x0000000f2fbea5c0 0 1 0 0 1 3 1 58879 152
0x00007aca1fd67640 0x0000000f2fbea640 0 0 1 0 1 3 1 58879 144
0x00007aca1fd676c0 0x0000000f2fbea6c0 0 0 1 0 1 3 1 58879 152
0x00007aca1fd67740 0x0000000f2fbea740 0 1 1 0 1 3 1 58879 144
0x00007aca1fd677c0 0x0000000f2fbea7c0 0 1 1 0 1 3 1 58879 152
0x00007aca1fd67840 0x0000000f2fbea840 0 0 0 0 1 3 1 58879 160
0x00007aca1fd678c0 0x0000000f2fbea8c0 0 0 0 0 1 3 1 58879 168
0x00007aca1fd67940 0x0000000f2fbea940 0 1 0 0 1 3 1 58879 160
0x00007aca1fd679c0 0x0000000f2fbea9c0 0 1 0 0 1 3 1 58879 168
0x00007aca1fd67a40 0x0000000f2fbeaa40 0 0 1 0 1 3 1 58879 160
0x00007aca1fd67ac0 0x0000000f2fbeaac0 0 0 1 0 1 3 1 58879 168
0x00007aca1fd67b40 0x0000000f2fbeab40 0 1 1 0 1 3 1 58879 160
0x00007aca1fd67bc0 0x0000000f2fbeabc0 0 1 1 0 1 3 1 58879 168
0x00007aca1fd67c40 0x0000000f2fbeac40 0 0 0 0 1 3 1 58879 176
0x00007aca1fd67cc0 0x0000000f2fbeacc0 0 0 0 0 1 3 1 58879 184
0x00007aca1fd67d40 0x0000000f2fbead40 0 1 0 0 1 3 1 58879 176
0x00007aca1fd67dc0 0x0000000f2fbeadc0 0 1 0 0 1 3 1 58879 184
0x00007aca1fd67e40 0x0000000f2fbeae40 0 0 1 0 1 3 1 58879 176
0x00007aca1fd67ec0 0x0000000f2fbeaec0 0 0 1 0 1 3 1 58879 184
0x00007aca1fd67f40 0x0000000f2fbeaf40 0 1 1 0 1 3 1 58879 176
0x00007aca1fd67fc0 0x0000000f2fbeafc0 0 1 1 0 1 3 1 58879 184
0x00007aca1fd69040 0x0000000708b4c040 0 0 0 0 1 3 1 24858 256
0x00007aca1fd690c0 0x0000000708b4c0c0 0 0 0 0 1 3 1 24858 264
0x00007aca1fd69140 0x0000000708b4c140 0 1 0 0 1 3 1 24858 256
0x00007aca1fd691c0 0x0000000708b4c1c0 0 1 0 0 1 3 1 24858 264
0x00007aca1fd69240 0x0000000708b4c240 0 0 1 0 1 3 1 24858 256
0x00007aca1fd692c0 0x0000000708b4c2c0 0 0 1 0 1 3 1 24858 264
0x00007aca1fd69340 0x0000000708b4c340 0 1 1 0 1 3 1 24858 256
0x00007aca1fd693c0 0x0000000708b4c3c0 0 1 1 0 1 3 1 24858 264
0x00007aca1fd69440 0x0000000708b4c440 0 0 0 0 1 3 1 24858 272
0x00007aca1fd694c0 0x0000000708b4c4c0 0 0 0 0 1 3 1 24858 280
0x00007aca1fd69540 0x0000000708b4c540 0 1 0 0 1 3 1 24858 272
0x00007aca1fd695c0 0x0000000708b4c5c0 0 1 0 0 1 3 1 24858 280
0x00007aca1fd69640 0x0000000708b4c640 0 0 1 0 1 3 1 24858 272
0x00007aca1fd696c0 0x0000000708b4c6c0 0 0 1 0 1 3 1 24858 280
0x00007aca1fd69740 0x0000000708b4c740 0 1 1 0 1 3 1 24858 272
0x00007aca1fd697c0 0x0000000708b4c7c0 0 1 1 0 1 3 1 24858 280
0x00007aca1fd69840 0x0000000708b4c840 0 0 0 0 1 3 1 24858 288
0x00007aca1fd698c0 0x0000000708b4c8c0 0 0 0 0 1 3 1 24858 296
0x00007aca1fd69940 0x0000000708b4c940 0 1 0 0 1 3 1 24858 288
0x00007aca1fd699c0 0x0000000708b4c9c0 0 1 0 0 1 3 1 24858 296
0x00007aca1fd69a40 0x0000000708b4ca40 0 0 1 0 1 3 1 24858 288
0x00007aca1fd69ac0 0x0000000708b4cac0 0 0 1 0 1 3 1 24858 296
0x00007aca1fd69b40 0x0000000708b4cb40 0 1 1 0 1 3 1 24858 288
0x00007aca1fd69bc0 0x0000000708b4cbc0 0 1 1 0 1 3 1 24858 296
0x00007aca1fd69c40 0x0000000708b4cc40 0 0 0 0 1 3 1 24858 304
0x00007aca1fd69cc0 0x0000000708b4ccc0 0 0 0 0 1 3 1 24858 312
0x00007aca1fd69d40 0x0000000708b4cd40 0 1 0 0 1 3 1 24858 304
0x00007aca1fd69dc0 0x0000000708b4cdc0 0 1 0 0 1 3 1 24858 312
0x00007aca1fd69e40 0x0000000708b4ce40 0 0 1 0 1 3 1 24858 304
0x00007aca1fd69ec0 0x0000000708b4cec0 0 0 1 0 1 3 1 24858 312
0x00007aca1fd69f40 0x0000000708b4cf40 0 1 1 0 1 3 1 24858 304
0x00007aca1fd69fc0 0x0000000708b4cfc0 0 1 1 0 1 3 1 24858 312
0x00007aca1fd70040 0x000000019c3e2040 0 0 0 0 0 3 1 4999 128
0x00007aca1fd700c0 0x000000019c3e20c0 0 0 0 0 0 3 1 4999 136
0x00007aca1fd70140 0x000000019c3e2140 0 1 0 0 0 3 1 4999 128
0x00007aca1fd701c0 0x000000019c3e21c0 0 1 0 0 0 3 1 4999 136
0x00007aca1fd70240 0x000000019c3e2240 0 0 1 0 0 3 1 4999 128
0x00007aca1fd702c0 0x000000019c3e22c0 0 0 1 0 0 3 1 4999 136
0x00007aca1fd70340 0x000000019c3e2340 0 1 1 0 0 3 1 4999 128
0x00007aca1fd703c0 0x000000019c3e23c0 0 1 1 0 0 3 1 4999 136
0x00007aca1fd70440 0x000000019c3e2440 0 0 0 0 0 3 1 4999 144
0x00007aca1fd704c0 0x000000019c3e24c0 0 0 0 0 0 3 1 4999 152
0x00007aca1fd70540 0x000000019c3e2540 0 1 0 0 0 3 1 4999 144
0x00007aca1fd705c0 0x000000019c3e25c0 0 1 0 0 0 3 1 4999 152
0x00007aca1fd70640 0x000000019c3e2640 0 0 1 0 0 3 1 4999 144
0x00007aca1fd706c0 0x000000019c3e26c0 0 0 1 0 0 3 1 4999 152
0x00007aca1fd70740 0x000000019c3e2740 0 1 1 0 0 3 1 4999 144
0x00007aca1fd707c0 0x000000019c3e27c0 0 1 1 0 0 3 1 4999 152
0x00007aca1fd70840 0x000000019c3e2840 0 0 0 0 0 3 1 4999 160
0x00007aca1fd708c0 0x000000019c3e28c0 0 0 0 0 0 3 1 4999 168
0x00007aca1fd70940 0x000000019c3e2940 0 1 0 0 0 3 1 4999 160
0x00007aca1fd709c0 0x000000019c3e29c0 0 1 0 0 0 3 1 4999 168
0x00007aca1fd70a40 0x000000019c3e2a40 0 0 1 0 0 3 1 4999 160
0x00007aca1fd70ac0 0x000000019c3e2ac0 0 0 1 0 0 3 1 4999 168
0x00007aca1fd70b40 0x000000019c3e2b40 0 1 1 0 0 3 1 4999 160
0x00007aca1fd70bc0 0x000000019c3e2bc0 0 1 1 0 0 3 1 4999 168
0x00007aca1fd70c40 0x000000019c3e2c40 0 0 0 0 0 3 1 4999 176
0x00007aca1fd70cc0 0x000000019c3e2cc0 0 0 0 0 0 3 1 4999 184
0x00007aca1fd70d40 0x000000019c3e2d40 0 1 0 0 0 3 1 4999 176
0x00007aca1fd70dc0 0x000000019c3e2dc0 0 1 0 0 0 3 1 4999 184
0x00007aca1fd70e40 0x000000019c3e2e40 0 0 1 0 0 3 1 4999 176
0x00007aca1fd70ec0 0x000000019c3e2ec0 0 0 1 0 0 3 1 4999 184
0x00007aca1fd70f40 0x000000019c3e2f40 0 1 1 0 0 3 1 4999 176
0x00007aca1fd70fc0 0x000000019c3e2fc0 0 1 1 0 0 3 1 4999 184
0x00007aca1fd7f040 0x00000009fbba0040 0 0 0 0 0 3 1 40813 0
0x00007aca1fd7f0c0 0x00000009fbba00c0 0 0 0 0 0 3 1 40813 8
0x00007aca1fd7f140 0x00000009fbba0140 0 1 0 0 0 3 1 40813 0
0x00007aca1fd7f1c0 0x00000009fbba01c0 0 1 0 0 0 3 1 40813 8
0x00007aca1fd7f240 0x00000009fbba0240 0 0 1 0 0 3 1 40813 0
0x00007aca1fd7f2c0 0x00000009fbba02c0 0 0 1 0 0 3 1 40813 8
0x00007aca1fd7f340 0x00000009fbba0340 0 1 1 0 0 3 1 40813 0
0x00007aca1fd7f3c0 0x00000009fbba03c0 0 1 1 0 0 3 1 40813 8
0x00007aca1fd7f440 0x00000009fbba0440 0 0 0 0 0 3 1 40813 16
0x00007aca1fd7f4c0 0x00000009fbba04c0 0 0 0 0 0 3 1 40813 24
0x00007aca1fd7f540 0x00000009fbba0540 0 1 0 0 0 3 1 40813 16
0x00007aca1fd7f5c0 0x00000009fbba05c0 0 1 0 0 0 3 1 40813 24
0x00007aca1fd7f640 0x00000009fbba0640 0 0 1 0 0 3 1 40813 16
0x00007aca1fd7f6c0 0x00000009fbba06c0 0 0 1 0 0 3 1 40813 24
0x00007aca1fd7f740 0x00000009fbba0740 0 1 1 0 0 3 1 40813 16
0x00007aca1fd7f7c0 0x00000009fbba07c0 0 1 1 0 0 3 1 40813 24
0x00007aca1fd7f840 0x00000009fbba0840 0 0 0 0 0 3 1 40813 32
0x00007aca1fd7f8c0 0x00000009fbba08c0 0 0 0 0 0 3 1 40813 40
0x00007aca1fd7f940 0x00000009fbba0940 0 1 0 0 0 3 1 40813 32
0x00007aca1fd7f9c0 0x00000009fbba09c0 0 1 0 0 0 3 1 40813 40
0x00007aca1fd7fa40 0x00000009fbba0a40 0 0 1 0 0 3 1 40813 32
0x00007aca1fd7fac0 0x00000009fbba0ac0 0 0 1 0 0 3 1 40813 40
0x00007aca1fd7fb40 0x00000009fbba0b40 0 1 1 0 0 3 1 40813 32
0x00007aca1fd7fbc0 0x00000009fbba0bc0 0 1 1 0 0 3 1 40813 40
0x00007aca1fd7fc40 0x00000009fbba0c40 0 0 0 0 0 3 1 40813 48
0x00007aca1fd7fcc0 0x00000009fbba0cc0 0 0 0 0 0 3 1 40813 56
0x00007aca1fd7fd40 0x00000009fbba0d40 0 1 0 0 0 3 1 40813 48
0x00007aca1fd7fdc0 0x00000009fbba0dc0 0 1 0 0 0 3 1 40813 56
0x00007aca1fd7fe40 0x00000009fbba0e40 0 0 1 0 0 3 1 40813 48
0x00007aca1fd7fec0 0x00000009fbba0ec0 0 0 1 0 0 3 1 40813 56
0x00007aca1fd7ff40 0x00000009fbba0f40 0 1 1 0 0 3 1 40813 48
0x00007aca1fd7ffc0 0x00000009fbba0fc0 0 1 1 0 0 3 1 40813 56
0x00007aca1fd85040 0x0000000cf3b14040 0 0 0 0 0 3 1 52840 768
0x00007aca1fd850c0 0x0000000cf3b140c0 0 0 0 0 0 3 1 52840 776
0x00007aca1fd85140 0x0000000cf3b14140 0 1 0 0 0 3 1 52840 768
0x00007aca1fd851c0 0x0000000cf3b141c0 0 1 0 0 0 3 1 52840 776
0x00007aca1fd85240 0x0000000cf3b14240 0 0 1 0 0 3 1 52840 768
0x00007aca1fd852c0 0x0000000cf3b142c0 0 0 1 0 0 3 1 52840 776
0x00007aca1fd85340 0x0000000cf3b14340 0 1 1 0 0 3 1 52840 768
0x00007aca1fd853c0 0x0000000cf3b143c0 0 1 1 0 0 3 1 52840 776
0x00007aca1fd85440 0x0000000cf3b14440 0 0 0 0 0 3 1 52840 784
0x00007aca1fd854c0 0x0000000cf3b144c0 0 0 0 0 0 3 1 52840 792
0x00007aca1fd85540 0x0000000cf3b14540 0 1 0 0 0 3 1 52840 784
0x00007aca1fd855c0 0x0000000cf3b145c0 0 1 0 0 0 3 1 52840 792
0x00007aca1fd85640 0x0000000cf3b14640 0 0 1 0 0 3 1 52840 784
0x00007aca1fd856c0 0x0000000cf3b146c0 0 0 1 0 0 3 1 52840 792
0x00007aca1fd85740 0x0000000cf3b14740 0 1 1 0 0 3 1 52840 784
0x00007aca1fd857c0 0x0000000cf3b147c0 0 1 1 0 0 3 1 52840 792
0x00007aca1fd85840 0x0000000cf3b14840 0 0 0 0 0 3 1 52840 800
0x00007aca1fd858c0 0x0000000cf3b148c0 0 0 0 0 0 3 1 52840 808
0x00007aca1fd85940 0x0000000cf3b14940 0 1 0 0 0 3 1 52840 800
0x00007aca1fd859c0 0x0000000cf3b149c0 0 1 0 0 0 3 1 52840 808
0x00007aca1fd85a40 0x0000000cf3b14a40 0 0 1 0 0 3 1 52840 800
0x00007aca1fd85ac0 0x0000000cf3b14ac0 0 0 1 0 0 3 1 52840 808
0x00007aca1fd85b40 0x0000000cf3b14b40 0 1 1 0 0 3 1 52840 800
0x00007aca1fd85bc0 0x0000000cf3b14bc0 0 1 1 0 0 3 1 52840 808
0x00007aca1fd85c40 0x0000000cf3b14c40 0 0 0 0 0 3 1 52840 816
0x00007aca1fd85cc0 0x0000000cf3b14cc0 0 0 0 0 0 3 1 52840 824
0x00007aca1fd85d40 0x0000000cf3b14d40 0 1 0 0 0 3 1 52840 816
0x00007aca1fd85dc0 0x0000000cf3b14dc0 0 1 0 0 0 3 1 52840 824
0x00007aca1fd85e40 0x0000000cf3b14e40 0 0 1 0 0 3 1 52840 816
0x00007aca1fd85ec0 0x0000000cf3b14ec0 0 0 1 0 0 3 1 52840 824
0x00007aca1fd85f40 0x0000000cf3b14f40 0 1 1 0 0 3 1 52840 816
0x00007aca1fd85fc0 0x0000000cf3b14fc0 0 1 1 0 0 3 1 52840 824
0x00007aca1fd8c040 0x0000000dddbc9040 0 0 0 0 1 3 1 56238 64
0x00007aca1fd8c0c0 0x0000000dddbc90c0 0 0 0 0 1 3 1 56238 72
0x00007aca1fd8c140 0x0000000dddbc9140 0 1 0 0 1 3 1 56238 64
0x00007aca1fd8c1c0 0x0000000dddbc91c0 0 1 0 0 1 3 1 56238 72
0x00007aca1fd8c240 0x0000000dddbc9240 0 0 1 0 1 3 1 56238 64
0x00007aca1fd8c2c0 0x0000000dddbc92c0 0 0 1 0 1 3 1 56238 72
0x00007aca1fd8c340 0x0000000dddbc9340 0 1 1 0 1 3 1 56238 64
0x00007aca1fd8c3c0 0x0000000dddbc93c0 0 1 1 0 1 3 1 56238 72
0x00007aca1fd8c440 0x0000000dddbc9440 0 0 0 0 1 3 1 56238 80
0x00007aca1fd8c4c0 0x0000000dddbc94c0 0 0 0 0 1 3 1 56238 88
0x00007aca1fd8c540 0x0000000dddbc9540 0 1 0 0 1 3 1 56238 80
0x00007aca1fd8c5c0 0x0000000dddbc95c0 0 1 0 0 1 3 1 56238 88
0x00007aca1fd8c640 0x0000000dddbc9640 0 0 1 0 1 3 1 56238 80
0x00007aca1fd8c6c0 0x0000000dddbc96c0 0 0 1 0 1 3 1 56238 88
0x00007aca1fd8c740 0x0000000dddbc9740 0 1 1 0 1 3 1 56238 80
0x00007aca1fd8c7c0 0x0000000dddbc97c0 0 1 1 0 1 3 1 56238 88
0x00007aca1fd8c840 0x0000000dddbc9840 0 0 0 0 1 3 1 56238 96
0x00007aca1fd8c8c0 0x0000000dddbc98c0 0 0 0 0 1 3 1 56238 104
0x00007aca1fd8c940 0x0000000dddbc9940 0 1 0 0 1 3 1 56238 96
0x00007aca1fd8c9c0 0x0000000dddbc99c0 0 1 0 0 1 3 1 56238 104
0x00007aca1fd8ca40 0x0000000dddbc9a40 0 0 1 0 1 3 1 56238 96
0x00007aca1fd8cac0 0x0000000dddbc9ac0 0 0 1 0 1 3 1 56238 104
0x00007aca1fd8cb40 0x0000000dddbc9b40 0 1 1 0 1 3 1 56238 96
0x00007aca1fd8cbc0 0x0000000dddbc9bc0 0 1 1 0 1 3 1 56238 104
0x00007aca1fd8cc40 0x0000000dddbc9c40 0 0 0 0 1 3 1 56238 112
0x00007aca1fd8ccc0 0x0000000dddbc9cc0 0 0 0 0 1 3 1 56238 120
0x00007aca1fd8cd40 0x0000000dddbc9d40 0 1 0 0 1 3 1 56238 112
0x00007aca1fd8cdc0 0x0000000dddbc9dc0 0 1 0 0 1 3 1 56238 120
0x00007aca1fd8ce40 0x0000000dddbc9e40 0 0 1 0 1 3 1 56238 112
0x00007aca1fd8cec0 0x0000000dddbc9ec0 0 0 1 0 1 3 1 56238 120
0x00007aca1fd8cf40 0x0000000dddbc9f40 0 1 1 0 1 3 1 56238 112
0x00007aca1fd8cfc0 0x0000000dddbc9fc0 0 1 1 0 1 3 1 56238 120
0x00007aca1fd90040 0x0000000ef1b65040 0 0 0 0 0 3 1 60971 320
0x00007aca1fd900c0 0x0000000ef1b650c0 0 0 0 0 0 3 1 60971 328
0x00007aca1fd90140 0x0000000ef1b65140 0 1 0 0 0 3 1 60971 320
0x00007aca1fd901c0 0x0000000ef1b651c0 0 1 0 0 0 3 1 60971 328
0x00007aca1fd90240 0x0000000ef1b65240 0 0 1 0 0 3 1 60971 320
0x00007aca1fd902c0 0x0000000ef1b652c0 0 0 1 0 0 3 1 60971 328
0x00007aca1fd90340 0x0000000ef1b65340 0 1 1 0 0 3 1 60971 320
0x00007aca1fd903c0 0x0000000ef1b653c0 0 1 1 0 0 3 1 60971 328
0x00007aca1fd90440 0x0000000ef1b65440 0 0 0 0 0 3 1 60971 336
0x00007aca1fd904c0 0x0000000ef1b654c0 0 0 0 0 0 3 1 60971 344
0x00007aca1fd90540 0x0000000ef1b65540 0 1 0 0 0 3 1 60971 336
0x00007aca1fd905c0 0x0000000ef1b655c0 0 1 0 0 0 3 1 60971 344
0x00007aca1fd90640 0x0000000ef1b65640 0 0 1 0 0 3 1 60971 336
0x00007aca1fd906c0 0x0000000ef1b656c0 0 0 1 0 0 3 1 60971 344
0x00007aca1fd90740 0x0000000ef1b65740 0 1 1 0 0 3 1 60971 336
0x00007aca1fd907c0 0x0000000ef1b657c0 0 1 1 0 0 3 1 60971 344
0x00007aca1fd90840 0x0000000ef1b65840 0 0 0 0 0 3 1 60971 352
0x00007aca1fd908c0 0x0000000ef1b658c0 0 0 0 0 0 3 1 60971 360
0x00007aca1fd90940 0x0000000ef1b65940 0 1 0 0 0 3 1 60971 352
0x00007aca1fd909c0 0x0000000ef1b659c0 0 1 0 0 0 3 1 60971 360
0x00007aca1fd90a40 0x0000000ef1b65a40 0 0 1 0 0 3 1 60971 352
0x00007aca1fd90ac0 0x0000000ef1b65ac0 0 0 1 0 0 3 1 60971 360
0x00007aca1fd90b40 0x0000000ef1b65b40 0 1 1 0 0 3 1 60971 352
0x00007aca1fd90bc0 0x0000000ef1b65bc0 0 1 1 0 0 3 1 60971 360
0x00007aca1fd90c40 0x0000000ef1b65c40 0 0 0 0 0 3 1 60971 368
0x00007aca1fd90cc0 0x0000000ef1b65cc0 0 0 0 0 0 3 1 60971 376
0x00007aca1fd90d40 0x0000000ef1b65d40 0 1 0 0 0 3 1 60971 368
0x00007aca1fd90dc0 0x0000000ef1b65dc0 0 1 0 0 0 3 1 60971 376
0x00007aca1fd90e40 0x0000000ef1b65e40 0 0 1 0 0 3 1 60971 368
0x00007aca1fd90ec0 0x0000000ef1b65ec0 0 0 1 0 0 3 1 60971 376
0x00007aca1fd90f40 0x0000000ef1b65f40 0 1 1 0 0 3 1 60971 368
0x00007aca1fd90fc0 0x0000000ef1b65fc0 0 1 1 0 0 3 1 60971 376
0x00007aca1fd98040 0x0000000aea31f040 0 0 0 0 1 3 1 44352 960
0x00007aca1fd980c0 0x0000000aea31f0c0 0 0 0 0 1 3 1 44352 968
0x00007aca1fd98140 0x0000000aea31f140 0 1 0 0 1 3 1 44352 960
0x00007aca1fd981c0 0x0000000aea31f1c0 0 1 0 0 1 3 1 44352 968
0x00007aca1fd98240 0x0000000aea31f240 0 0 1 0 1 3 1 44352 960
0x00007aca1fd982c0 0x0000000aea31f2c0 0 0 1 0 1 3 1 44352 968
0x00007aca1fd98340 0x0000000aea31f340 0 1 1 0 1 3 1 44352 960
0x00007aca1fd983c0 0x0000000aea31f3c0 0 1 1 0 1 3 1 44352 968
0x00007aca1fd98440 0x0000000aea31f440 0 0 0 0 1 3 1 44352 976
0x00007aca1fd984c0 0x0000000aea31f4c0 0 0 0 0 1 3 1 44352 984
0x00007aca1fd98540 0x0000000aea31f540 0 1 0 0 1 3 1 44352 976
0x00007aca1fd985c0 0x0000000aea31f5c0 0 1 0 0 1 3 1 44352 984
0x00007aca1fd98640 0x0000000aea31f640 0 0 1 0 1 3 1 44352 976
0x00007aca1fd986c0 0x0000000aea31f6c0 0 0 1 0 1 3 1 44352 984
0x00007aca1fd98740 0x0000000aea31f740 0 1 1 0 1 3 1 44352 976
0x00007aca1fd987c0 0x0000000aea31f7c0 0 1 1 0 1 3 1 44352 984
0x00007aca1fd98840 0x0000000aea31f840 0 0 0 0 1 3 1 44352 992
0x00007aca1fd988c0 0x0000000aea31f8c0 0 0 0 0 1 3 1 44352 1000
0x00007aca1fd98940 0x0000000aea31f940 0 1 0 0 1 3 1 44352 992
0x00007aca1fd989c0 0x0000000aea31f9c0 0 1 0 0 1 3 1 44352 1000
0x00007aca1fd98a40 0x0000000aea31fa40 0 0 1 0 1 3 1 44352 992
0x00007aca1fd98ac0 0x0000000aea31fac0 0 0 1 0 1 3 1 44352 1000
0x00007aca1fd98b40 0x0000000aea31fb40 0 1 1 0 1 3 1 44352 992
0x00007aca1fd98bc0 0x0000000aea31fbc0 0 1 1 0 1 3 1 44352 1000
0x00007aca1fd98c40 0x0000000aea31fc40 0 0 0 0 1 3 1 44352 1008
0x00007aca1fd98cc0 0x0000000aea31fcc0 0 0 0 0 1 3 1 44352 1016
0x00007aca1fd98d40 0x0000000aea31fd40 0 1 0 0 1 3 1 44352 1008
0x00007aca1fd98dc0 0x0000000aea31fdc0 0 1 0 0 1 3 1 44352 1016
0x00007aca1fd98e40 0x0000000aea31fe40 0 0 1 0 1 3 1 44352 1008
0x00007aca1fd98ec0 0x0000000aea31fec0 0 0 1 0 1 3 1 44352 1016
0x00007aca1fd98f40 0x0000000aea31ff40 0 1 1 0 1 3 1 44352 1008
0x00007aca1fd98fc0 0x0000000aea31ffc0 0 1 1 0 1 3 1 44352 1016
0x00007aca1fd9e040 0x0000000ef1bc8040 0 0 0 0 1 3 1 60974 0
0x00007aca1fd9e0c0 0x0000000ef1bc80c0 0 0 0 0 1 3 1 60974 8
0x00007aca1fd9e140 0x0000000ef1bc8140 0 1 0 0 1 3 1 60974 0
0x00007aca1fd9e1c0 0x0000000ef1bc81c0 0 1 0 0 1 3 1 60974 8
0x00007aca1fd9e240 0x0000000ef1bc8240 0 0 1 0 1 3 1 60974 0
0x00007aca1fd9e2c0 0x0000000ef1bc82c0 0 0 1 0 1 3 1 60974 8
0x00007aca1fd9e340 0x0000000ef1bc8340 0 1 1 0 1 3 1 60974 0
0x00007aca1fd9e3c0 0x0000000ef1bc83c0 0 1 1 0 1 3 1 60974 8
0x00007aca1fd9e440 0x0000000ef1bc8440 0 0 0 0 1 3 1 60974 16
0x00007aca1fd9e4c0 0x0000000ef1bc84c0 0 0 0 0 1 3 1 60974 24
0x00007aca1fd9e540 0x0000000ef1bc8540 0 1 0 0 1 3 1 60974 16
0x00007aca1fd9e5c0 0x0000000ef1bc85c0 0 1 0 0 1 3 1 60974 24
0x00007aca1fd9e640 0x0000000ef1bc8640 0 0 1 0 1 3 1 60974 16
0x00007aca1fd9e6c0 0x0000000ef1bc86c0 0 0 1 0 1 3 1 60974 24
0x00007aca1fd9e740 0x0000000ef1bc8740 0 1 1 0 1 3 1 60974 16
0x00007aca1fd9e7c0 0x0000000ef1bc87c0 0 1 1 0 1 3 1 60974 24
0x00007aca1fd9e840 0x0000000ef1bc8840 0 0 0 0 1 3 1 60974 32
0x00007aca1fd9e8c0 0x0000000ef1bc88c0 0 0 0 0 1 3 1 60974 40
0x00007aca1fd9e940 0x0000000ef1bc8940 0 1 0 0 1 3 1 60974 32
0x00007aca1fd9e9c0 0x0000000ef1bc89c0 0 1 0 0 1 3 1 60974 40
0x00007aca1fd9ea40 0x0000000ef1bc8a40 0 0 1 0 1 3 1 60974 32
0x00007aca1fd9eac0 0x0000000ef1bc8ac0 0 0 1 0 1 3 1 60974 40
0x00007aca1fd9eb40 0x0000000ef1bc8b40 0 1 1 0 1 3 1 60974 32
0x00007aca1fd9ebc0 0x0000000ef1bc8bc0 0 1 1 0 1 3 1 60974 40
0x00007aca1fd9ec40 0x0000000ef1bc8c40 0 0 0 0 1 3 1 60974 48
0x00007aca1fd9ecc0 0x0000000ef1bc8cc0 0 0 0 0 1 3 1 60974 56
0x00007aca1fd9ed40 0x0000000ef1bc8d40 0 1 0 0 1 3 1 60974 48
0x00007aca1fd9edc0 0x0000000ef1bc8dc0 0 1 0 0 1 3 1 60974 56
0x00007aca1fd9ee40 0x0000000ef1bc8e40 0 0 1 0 1 3 1 60974 48
0x00007aca1fd9eec0 0x0000000ef1bc8ec0 0 0 1 0 1 3 1 60974 56
0x00007aca1fd9ef40 0x0000000ef1bc8f40 0 1 1 0 1 3 1 60974 48
0x00007aca1fd9efc0 0x0000000ef1bc8fc0 0 1 1 0 1 3 1 60974 56
0x00007aca1fd9f040 0x00000007a3bfb040 0 0 0 0 1 3 1 29807 704
0x00007aca1fd9f0c0 0x00000007a3bfb0c0 0 0 0 0 1 3 1 29807 712
0x00007aca1fd9f140 0x00000007a3bfb140 0 1 0 0 1 3 1 29807 704
0x00007aca1fd9f1c0 0x00000007a3bfb1c0 0 1 0 0 1 3 1 29807 712
0x00007aca1fd9f240 0x00000007a3bfb240 0 0 1 0 1 3 1 29807 704
0x00007aca1fd9f2c0 0x00000007a3bfb2c0 0 0 1 0 1 3 1 29807 712
0x00007aca1fd9f340 0x00000007a3bfb340 0 1 1 0 1 3 1 29807 704
0x00007aca1fd9f3c0 0x00000007a3bfb3c0 0 1 1 0 1 3 1 29807 712
0x00007aca1fd9f440 0x00000007a3bfb440 0 0 0 0 1 3 1 29807 720
0x00007aca1fd9f4c0 0x00000007a3bfb4c0 0 0 0 0 1 3 1 29807 728
0x00007aca1fd9f540 0x00000007a3bfb540 0 1 0 0 1 3 1 29807 720
0x00007aca1fd9f5c0 0x00000007a3bfb5c0 0 1 0 0 1 3 1 29807 728
0x00007aca1fd9f640 0x00000007a3bfb640 0 0 1 0 1 3 1 29807 720
0x00007aca1fd9f6c0 0x00000007a3bfb6c0 0 0 1 0 1 3 1 29807 728
0x00007aca1fd9f740 0x00000007a3bfb740 0 1 1 0 1 3 1 29807 720
0x00007aca1fd9f7c0 0x00000007a3bfb7c0 0 1 1 0 1 3 1 29807 728
0x00007aca1fd9f840 0x00000007a3bfb840 0 0 0 0 1 3 1 29807 736
0x00007aca1fd9f8c0 0x00000007a3bfb8c0 0 0 0 0 1 3 1 29807 744
0x00007aca1fd9f940 0x00000007a3bfb940 0 1 0 0 1 3 1 29807 736
0x00007aca1fd9f9c0 0x00000007a3bfb9c0 0 1 0 0 1 3 1 29807 744
0x00007aca1fd9fa40 0x00000007a3bfba40 0 0 1 0 1 3 1 29807 736
0x00007aca1fd9fac0 0x00000007a3bfbac0 0 0 1 0 1 3 1 29807 744
0x00007aca1fd9fb40 0x00000007a3bfbb40 0 1 1 0 1 3 1 29807 736
0x00007aca1fd9fbc0 0x00000007a3bfbbc0 0 1 1 0 1 3 1 29807 744
0x00007aca1fd9fc40 0x00000007a3bfbc40 0 0 0 0 1 3 1 29807 752
0x00007aca1fd9fcc0 0x00000007a3bfbcc0 0 0 0 0 1 3 1 29807 760
0x00007aca1fd9fd40 0x00000007a3bfbd40 0 1 0 0 1 3 1 29807 752
0x00007aca1fd9fdc0 0x00000007a3bfbdc0 0 1 0 0 1 3 1 29807 760
0x00007aca1fd9fe40 0x00000007a3bfbe40 0 0 1 0 1 3 1 29807 752
0x00007aca1fd9fec0 0x00000007a3bfbec0 0 0 1 0 1 3 1 29807 760
0x00007aca1fd9ff40 0x00000007a3bfbf40 0 1 1 0 1 3 1 29807 752
0x00007aca1fd9ffc0 0x00000007a3bfbfc0 0 1 1 0 1 3 1 29807 760
0x00007aca1fda1040 0x0000000a8c3f2040 0 0 0 0 0 3 1 41351 640
0x00007aca1fda10c0 0x0000000a8c3f20c0 0 0 0 0 0 3 1 41351 648
0x00007aca1fda1140 0x0000000a8c3f2140 0 1 0 0 0 3 1 41351 640
0x00007aca1fda11c0 0x0000000a8c3f21c0 0 1 0 0 0 3 1 41351 648
0x00007aca1fda1240 0x0000000a8c3f2240 0 0 1 0 0 3 1 41351 640
0x00007aca1fda12c0 0x0000000a8c3f22c0 0 0 1 0 0 3 1 41351 648
0x00007aca1fda1340 0x0000000a8c3f2340 0 1 1 0 0 3 1 41351 640
0x00007aca1fda13c0 0x0000000a8c3f23c0 0 1 1 0 0 3 1 41351 648
0x00007aca1fda1440 0x0000000a8c3f2440 0 0 0 0 0 3 1 41351 656
0x00007aca1fda14c0 0x0000000a8c3f24c0 0 0 0 0 0 3 1 41351 664
0x00007aca1fda1540 0x0000000a8c3f2540 0 1 0 0 0 3 1 41351 656
0x00007aca1fda15c0 0x0000000a8c3f25c0 0 1 0 0 0 3 1 41351 664
0x00007aca1fda1640 0x0000000a8c3f2640 0 0 1 0 0 3 1 41351 656
0x00007aca1fda16c0 0x0000000a8c3f26c0 0 0 1 0 0 3 1 41351 664
0x00007aca1fda1740 0x0000000a8c3f2740 0 1 1 0 0 3 1 41351 656
0x00007aca1fda17c0 0x0000000a8c3f27c0 0 1 1 0 0 3 1 41351 664
0x00007aca1fda1840 0x0000000a8c3f2840 0 0 0 0 0 3 1 41351 672
0x00007aca1fda18c0 0x0000000a8c3f28c0 0 0 0 0 0 3 1 41351 680
0x00007aca1fda1940 0x0000000a8c3f2940 0 1 0 0 0 3 1 41351 672
0x00007aca1fda19c0 0x0000000a8c3f29c0 0 1 0 0 0 3 1 41351 680
0x00007aca1fda1a40 0x0000000a8c3f2a40 0 0 1 0 0 3 1 41351 672
0x00007aca1fda1ac0 0x0000000a8c3f2ac0 0 0 1 0 0 3 1 41351 680
0x00007aca1fda1b40 0x0000000a8c3f2b40 0 1 1 0 0 3 1 41351 672
0x00007aca1fda1bc0 0x0000000a8c3f2bc0 0 1 1 0 0 3 1 41351 680
0x00007aca1fda1c40 0x0000000a8c3f2c40 0 0 0 0 0 3 1 41351 688
0x00007aca1fda1cc0 0x0000000a8c3f2cc0 0 0 0 0 0 3 1 41351 696
0x00007aca1fda1d40 0x0000000a8c3f2d40 0 1 0 0 0 3 1 41351 688
0x00007aca1fda1dc0 0x0000000a8c3f2dc0 0 1 0 0 0 3 1 41351 696
0x00007aca1fda1e40 0x0000000a8c3f2e40 0 0 1 0 0 3 1 41351 688
0x00007aca1fda1ec0 0x0000000a8c3f2ec0 0 0 1 0 0 3 1 41351 696
0x00007aca1fda1f40 0x0000000a8c3f2f40 0 1 1 0 0 3 1 41351 688
0x00007aca1fda1fc0 0x0000000a8c3f2fc0 0 1 1 0 0 3 1 41351 696
0x00007aca1fda3040 0x0000000cb4b4c040 0 0 0 0 1 3 1 50826 256
0x00007aca1fda30c0 0x0000000cb4b4c0c0 0 0 0 0 1 3 1 50826 264
0x00007aca1fda3140 0x0000000cb4b4c140 0 1 0 0 1 3 1 50826 256
0x00007aca1fda31c0 0x0000000cb4b4c1c0 0 1 0 0 1 3 1 50826 264
0x00007aca1fda3240 0x0000000cb4b4c240 0 0 1 0 1 3 1 50826 256
0x00007aca1fda32c0 0x0000000cb4b4c2c0 0 0 1 0 1 3 1 50826 264
0x00007aca1fda3340 0x0000000cb4b4c340 0 1 1 0 1 3 1 50826 256
0x00007aca1fda33c0 0x0000000cb4b4c3c0 0 1 1 0 1 3 1 50826 264
0x00007aca1fda3440 0x0000000cb4b4c440 0 0 0 0 1 3 1 50826 272
0x00007aca1fda34c0 0x0000000cb4b4c4c0 0 0 0 0 1 3 1 50826 280
0x00007aca1fda3540 0x0000000cb4b4c540 0 1 0 0 1 3 1 50826 272
0x00007aca1fda35c0 0x0000000cb4b4c5c0 0 1 0 0 1 3 1 50826 280
0x00007aca1fda3640 0x0000000cb4b4c640 0 0 1 0 1 3 1 50826 272
0x00007aca1fda36c0 0x0000000cb4b4c6c0 0 0 1 0 1 3 1 50826 280
0x00007aca1fda3740 0x0000000cb4b4c740 0 1 1 0 1 3 1 50826 272
0x00007aca1fda37c0 0x0000000cb4b4c7c0 0 1 1 0 1 3 1 50826 280
0x00007aca1fda3840 0x0000000cb4b4c840 0 0 0 0 1 3 1 50826 288
0x00007aca1fda38c0 0x0000000cb4b4c8c0 0 0 0 0 1 3 1 50826 296
0x00007aca1fda3940 0x0000000cb4b4c940 0 1 0 0 1 3 1 50826 288
0x00007aca1fda39c0 0x0000000cb4b4c9c0 0 1 0 0 1 3 1 50826 296
0x00007aca1fda3a40 0x0000000cb4b4ca40 0 0 1 0 1 3 1 50826 288
0x00007aca1fda3ac0 0x0000000cb4b4cac0 0 0 1 0 1 3 1 50826 296
0x00007aca1fda3b40 0x0000000cb4b4cb40 0 1 1 0 1 3 1 50826 288
0x00007aca1fda3bc0 0x0000000cb4b4cbc0 0 1 1 0 1 3 1 50826 296
0x00007aca1fda3c40 0x0000000cb4b4cc40 0 0 0 0 1 3 1 50826 304
0x00007aca1fda3cc0 0x0000000cb4b4ccc0 0 0 0 0 1 3 1 50826 312
0x00007aca1fda3d40 0x0000000cb4b4cd40 0 1 0 0 1 3 1 50826 304
0x00007aca1fda3dc0 0x0000000cb4b4cdc0 0 1 0 0 1 3 1 50826 312
0x00007aca1fda3e40 0x0000000cb4b4ce40 0 0 1 0 1 3 1 50826 304
0x00007aca1fda3ec0 0x0000000cb4b4cec0 0 0 1 0 1 3 1 50826 312
0x00007aca1fda3f40 0x0000000cb4b4cf40 0 1 1 0 1 3 1 50826 304
0x00007aca1fda3fc0 0x0000000cb4b4cfc0 0 1 1 0 1 3 1 50826 312
0x00007aca1fda6040 0x000000099cb50040 0 0 0 0 0 3 1 37770 512
0x00007aca1fda60c0 0x000000099cb500c0 0 0 0 0 0 3 1 37770 520
0x00007aca1fda6140 0x000000099cb50140 0 1 0 0 0 3 1 37770 512
0x00007aca1fda61c0 0x000000099cb501c0 0 1 0 0 0 3 1 37770 520
0x00007aca1fda6240 0x000000099cb50240 0 0 1 0 0 3 1 37770 512
0x00007aca1fda62c0 0x000000099cb502c0 0 0 1 0 0 3 1 37770 520
0x00007aca1fda6340 0x000000099cb50340 0 1 1 0 0 3 1 37770 512
0x00007aca1fda63c0 0x000000099cb503c0 0 1 1 0 0 3 1 37770 520
0x00007aca1fda6440 0x000000099cb50440 0 0 0 0 0 3 1 37770 528
0x00007aca1fda64c0 0x000000099cb504c0 0 0 0 0 0 3 1 37770 536
0x00007aca1fda6540 0x000000099cb50540 0 1 0 0 0 3 1 37770 528
0x00007aca1fda65c0 0x000000099cb505c0 0 1 0 0 0 3 1 37770 536
0x00007aca1fda6640 0x000000099cb50640 0 0 1 0 0 3 1 37770 528
0x00007aca1fda66c0 0x000000099cb506c0 0 0 1 0 0 3 1 37770 536
0x00007aca1fda6740 0x000000099cb50740 0 1 1 0 0 3 1 37770 528
0x00007aca1fda67c0 0x000000099cb507c0 0 1 1 0 0 3 1 37770 536
0x00007aca1fda6840 0x000000099cb50840 0 0 0 0 0 3 1 37770 544
0x00007aca1fda68c0 0x000000099cb508c0 0 0 0 0 0 3 1 37770 552
0x00007aca1fda6940 0x000000099cb50940 0 1 0 0 0 3 1 37770 544
0x00007aca1fda69c0 0x000000099cb509c0 0 1 0 0 0 3 1 37770 552
0x00007aca1fda6a40 0x000000099cb50a40 0 0 1 0 0 3 1 37770 544
0x00007aca1fda6ac0 0x000000099cb50ac0 0 0 1 0 0 3 1 37770 552
0x00007aca1fda6b40 0x000000099cb50b40 0 1 1 0 0 3 1 37770 544
0x00007aca1fda6bc0 0x000000099cb50bc0 0 1 1 0 0 3 1 37770 552
0x00007aca1fda6c40 0x000000099cb50c40 0 0 0 0 0 3 1 37770 560
0x00007aca1fda6cc0 0x000000099cb50cc0 0 0 0 0 0 3 1 37770 568
0x00007aca1fda6d40 0x000000099cb50d40 0 1 0 0 0 3 1 37770 560
0x00007aca1fda6dc0 0x000000099cb50dc0 0 1 0 0 0 3 1 37770 568
0x00007aca1fda6e40 0x000000099cb50e40 0 0 1 0 0 3 1 37770 560
0x00007aca1fda6ec0 0x000000099cb50ec0 0 0 1 0 0 3 1 37770 568
0x00007aca1fda6f40 0x000000099cb50f40 0 1 1 0 0 3 1 37770 560
0x00007aca1fda6fc0 0x000000099cb50fc0 0 1 1 0 0 3 1 37770 568
0x00007aca1fdad040 0x0000000ef1b36040 0 0 0 0 0 3 1 60969 896
0x00007aca1fdad0c0 0x0000000ef1b360c0 0 0 0 0 0 3 1 60969 904
0x00007aca1fdad140 0x0000000ef1b36140 0 1 0 0 0 3 1 60969 896
0x00007aca1fdad1c0 0x0000000ef1b361c0 0 1 0 0 0 3 1 60969 904
0x00007aca1fdad240 0x0000000ef1b36240 0 0 1 0 0 3 1 60969 896
0x00007aca1fdad2c0 0x0000000ef1b362c0 0 0 1 0 0 3 1 60969 904
0x00007aca1fdad340 0x0000000ef1b36340 0 1 1 0 0 3 1 60969 896
0x00007aca1fdad3c0 0x0000000ef1b363c0 0 1 1 0 0 3 1 60969 904
0x00007aca1fdad440 0x0000000ef1b36440 0 0 0 0 0 3 1 60969 912
0x00007aca1fdad4c0 0x0000000ef1b364c0 0 0 0 0 0 3 1 60969 920
0x00007aca1fdad540 0x0000000ef1b36540 0 1 0 0 0 3 1 60969 912
0x00007aca1fdad5c0 0x0000000ef1b365c0 0 1 0 0 0 3 1 60969 920
0x00007aca1fdad640 0x0000000ef1b36640 0 0 1 0 0 3 1 60969 912
0x00007aca1fdad6c0 0x0000000ef1b366c0 0 0 1 0 0 3 1 60969 920
0x00007aca1fdad740 0x0000000ef1b36740 0 1 1 0 0 3 1 60969 912
0x00007aca1fdad7c0 0x0000000ef1b367c0 0 1 1 0 0 3 1 60969 920
0x00007aca1fdad840 0x0000000ef1b36840 0 0 0 0 0 3 1 60969 928
0x00007aca1fdad8c0 0x0000000ef1b368c0 0 0 0 0 0 3 1 60969 936
0x00007aca1fdad940 0x0000000ef1b36940 0 1 0 0 0 3 1 60969 928
0x00007aca1fdad9c0 0x0000000ef1b369c0 0 1 0 0 0 3 1 60969 936
0x00007aca1fdada40 0x0000000ef1b36a40 0 0 1 0 0 3 1 60969 928
0x00007aca1fdadac0 0x0000000ef1b36ac0 0 0 1 0 0 3 1 60969 936
0x00007aca1fdadb40 0x0000000ef1b36b40 0 1 1 0 0 3 1 60969 928
0x00007aca1fdadbc0 0x0000000ef1b36bc0 0 1 1 0 0 3 1 60969 936
0x00007aca1fdadc40 0x0000000ef1b36c40 0 0 0 0 0 3 1 60969 944
0x00007aca1fdadcc0 0x0000000ef1b36cc0 0 0 0 0 0 3 1 60969 952
0x00007aca1fdadd40 0x0000000ef1b36d40 0 1 0 0 0 3 1 60969 944
0x00007aca1fdaddc0 0x0000000ef1b36dc0 0 1 0 0 0 3 1 60969 952
0x00007aca1fdade40 0x0000000ef1b36e40 0 0 1 0 0 3 1 60969 944
0x00007aca1fdadec0 0x0000000ef1b36ec0 0 0 1 0 0 3 1 60969 952
0x00007aca1fdadf40 0x0000000ef1b36f40 0 1 1 0 0 3 1 60969 944
0x00007aca1fdadfc0 0x0000000ef1b36fc0 0 1 1 0 0 3 1 60969 952
0x00007aca1fdae040 0x0000000ef1b38040 0 0 0 0 1 3 1 60969 512
0x00007aca1fdae0c0 0x0000000ef1b380c0 0 0 0 0 1 3 1 60969 520
0x00007aca1fdae140 0x0000000ef1b38140 0 1 0 0 1 3 1 60969 512
0x00007aca1fdae1c0 0x0000000ef1b381c0 0 1 0 0 1 3 1 60969 520
0x00007aca1fdae240 0x0000000ef1b38240 0 0 1 0 1 3 1 60969 512
0x00007aca1fdae2c0 0x0000000ef1b382c0 0 0 1 0 1 3 1 60969 520
0x00007aca1fdae340 0x0000000ef1b38340 0 1 1 0 1 3 1 60969 512
0x00007aca1fdae3c0 0x0000000ef1b383c0 0 1 1 0 1 3 1 60969 520
0x00007aca1fdae440 0x0000000ef1b38440 0 0 0 0 1 3 1 60969 528
0x00007aca1fdae4c0 0x0000000ef1b384c0 0 0 0 0 1 3 1 60969 536
0x00007aca1fdae540 0x0000000ef1b38540 0 1 0 0 1 3 1 60969 528
0x00007aca1fdae5c0 0x0000000ef1b385c0 0 1 0 0 1 3 1 60969 536
0x00007aca1fdae640 0x0000000ef1b38640 0 0 1 0 1 3 1 60969 528
0x00007aca1fdae6c0 0x0000000ef1b386c0 0 0 1 0 1 3 1 60969 536
0x00007aca1fdae740 0x0000000ef1b38740 0 1 1 0 1 3 1 60969 528
0x00007aca1fdae7c0 0x0000000ef1b387c0 0 1 1 0 1 3 1 60969 536
0x00007aca1fdae840 0x0000000ef1b38840 0 0 0 0 1 3 1 60969 544
0x00007aca1fdae8c0 0x0000000ef1b388c0 0 0 0 0 1 3 1 60969 552
0x00007aca1fdae940 0x0000000ef1b38940 0 1 0 0 1 3 1 60969 544
0x00007aca1fdae9c0 0x0000000ef1b389c0 0 1 0 0 1 3 1 60969 552
0x00007aca1fdaea40 0x0000000ef1b38a40 0 0 1 0 1 3 1 60969 544
0x00007aca1fdaeac0 0x0000000ef1b38ac0 0 0 1 0 1 3 1 60969 552
0x00007aca1fdaeb40 0x0000000ef1b38b40 0 1 1 0 1 3 1 60969 544
0x00007aca1fdaebc0 0x0000000ef1b38bc0 0 1 1 0 1 3 1 60969 552
0x00007aca1fdaec40 0x0000000ef1b38c40 0 0 0 0 1 3 1 60969 560
0x00007aca1fdaecc0 0x0000000ef1b38cc0 0 0 0 0 1 3 1 60969 568
0x00007aca1fdaed40 0x0000000ef1b38d40 0 1 0 0 1 3 1 60969 560
0x00007aca1fdaedc0 0x0000000ef1b38dc0 0 1 0 0 1 3 1 60969 568
0x00007aca1fdaee40 0x0000000ef1b38e40 0 0 1 0 1 3 1 60969 560
0x00007aca1fdaeec0 0x0000000ef1b38ec0 0 0 1 0 1 3 1 60969 568
0x00007aca1fdaef40 0x0000000ef1b38f40 0 1 1 0 1 3 1 60969 560
0x00007aca1fdaefc0 0x0000000ef1b38fc0 0 1 1 0 1 3 1 60969 568
0x00007aca1fdb2040 0x0000000d093b6040 0 0 0 0 0 3 1 49461 896
0x00007aca1fdb20c0 0x0000000d093b60c0 0 0 0 0 0 3 1 49461 904
0x00007aca1fdb2140 0x0000000d093b6140 0 1 0 0 0 3 1 49461 896
0x00007aca1fdb21c0 0x0000000d093b61c0 0 1 0 0 0 3 1 49461 904
0x00007aca1fdb2240 0x0000000d093b6240 0 0 1 0 0 3 1 49461 896
0x00007aca1fdb22c0 0x0000000d093b62c0 0 0 1 0 0 3 1 49461 904
0x00007aca1fdb2340 0x0000000d093b6340 0 1 1 0 0 3 1 49461 896
0x00007aca1fdb23c0 0x0000000d093b63c0 0 1 1 0 0 3 1 49461 904
0x00007aca1fdb2440 0x0000000d093b6440 0 0 0 0 0 3 1 49461 912
0x00007aca1fdb24c0 0x0000000d093b64c0 0 0 0 0 0 3 1 49461 920
0x00007aca1fdb2540 0x0000000d093b6540 0 1 0 0 0 3 1 49461 912
0x00007aca1fdb25c0 0x0000000d093b65c0 0 1 0 0 0 3 1 49461 920
0x00007aca1fdb2640 0x0000000d093b6640 0 0 1 0 0 3 1 49461 912
0x00007aca1fdb26c0 0x0000000d093b66c0 0 0 1 0 0 3 1 49461 920
0x00007aca1fdb2740 0x0000000d093b6740 0 1 1 0 0 3 1 49461 912
0x00007aca1fdb27c0 0x0000000d093b67c0 0 1 1 0 0 3 1 49461 920
0x00007aca1fdb2840 0x0000000d093b6840 0 0 0 0 0 3 1 49461 928
0x00007aca1fdb28c0 0x0000000d093b68c0 0 0 0 0 0 3 1 49461 936
0x00007aca1fdb2940 0x0000000d093b6940 0 1 0 0 0 3 1 49461 928
0x00007aca1fdb29c0 0x0000000d093b69c0 0 1 0 0 0 3 1 49461 936
0x00007aca1fdb2a40 0x0000000d093b6a40 0 0 1 0 0 3 1 49461 928
0x00007aca1fdb2ac0 0x0000000d093b6ac0 0 0 1 0 0 3 1 49461 936
0x00007aca1fdb2b40 0x0000000d093b6b40 0 1 1 0 0 3 1 49461 928
0x00007aca1fdb2bc0 0x0000000d093b6bc0 0 1 1 0 0 3 1 49461 936
0x00007aca1fdb2c40 0x0000000d093b6c40 0 0 0 0 0 3 1 49461 944
0x00007aca1fdb2cc0 0x0000000d093b6cc0 0 0 0 0 0 3 1 49461 952
0x00007aca1fdb2d40 0x0000000d093b6d40 0 1 0 0 0 3 1 49461 944
0x00007aca1fdb2dc0 0x0000000d093b6dc0 0 1 0 0 0 3 1 49461 952
0x00007aca1fdb2e40 0x0000000d093b6e40 0 0 1 0 0 3 1 49461 944
0x00007aca1fdb2ec0 0x0000000d093b6ec0 0 0 1 0 0 3 1 49461 952
0x00007aca1fdb2f40 0x0000000d093b6f40 0 1 1 0 0 3 1 49461 944
0x00007aca1fdb2fc0 0x0000000d093b6fc0 0 1 1 0 0 3 1 49461 952
0x00007aca1fdb4040 0x00000008feb1d040 0 0 0 0 1 3 1 36808 832
0x00007aca1fdb40c0 0x00000008feb1d0c0 0 0 0 0 1 3 1 36808 840
0x00007aca1fdb4140 0x00000008feb1d140 0 1 0 0 1 3 1 36808 832
0x00007aca1fdb41c0 0x00000008feb1d1c0 0 1 0 0 1 3 1 36808 840
0x00007aca1fdb4240 0x00000008feb1d240 0 0 1 0 1 3 1 36808 832
0x00007aca1fdb42c0 0x00000008feb1d2c0 0 0 1 0 1 3 1 36808 840
0x00007aca1fdb4340 0x00000008feb1d340 0 1 1 0 1 3 1 36808 832
0x00007aca1fdb43c0 0x00000008feb1d3c0 0 1 1 0 1 3 1 36808 840
0x00007aca1fdb4440 0x00000008feb1d440 0 0 0 0 1 3 1 36808 848
0x00007aca1fdb44c0 0x00000008feb1d4c0 0 0 0 0 1 3 1 36808 856
0x00007aca1fdb4540 0x00000008feb1d540 0 1 0 0 1 3 1 36808 848
0x00007aca1fdb45c0 0x00000008feb1d5c0 0 1 0 0 1 3 1 36808 856
0x00007aca1fdb4640 0x00000008feb1d640 0 0 1 0 1 3 1 36808 848
0x00007aca1fdb46c0 0x00000008feb1d6c0 0 0 1 0 1 3 1 36808 856
0x00007aca1fdb4740 0x00000008feb1d740 0 1 1 0 1 3 1 36808 848
0x00007aca1fdb47c0 0x00000008feb1d7c0 0 1 1 0 1 3 1 36808 856
0x00007aca1fdb4840 0x00000008feb1d840 0 0 0 0 1 3 1 36808 864
0x00007aca1fdb48c0 0x00000008feb1d8c0 0 0 0 0 1 3 1 36808 872
0x00007aca1fdb4940 0x00000008feb1d940 0 1 0 0 1 3 1 36808 864
0x00007aca1fdb49c0 0x00000008feb1d9c0 0 1 0 0 1 3 1 36808 872
0x00007aca1fdb4a40 0x00000008feb1da40 0 0 1 0 1 3 1 36808 864
0x00007aca1fdb4ac0 0x00000008feb1dac0 0 0 1 0 1 3 1 36808 872
0x00007aca1fdb4b40 0x00000008feb1db40 0 1 1 0 1 3 1 36808 864
0x00007aca1fdb4bc0 0x00000008feb1dbc0 0 1 1 0 1 3 1 36808 872
0x00007aca1fdb4c40 0x00000008feb1dc40 0 0 0 0 1 3 1 36808 880
0x00007aca1fdb4cc0 0x00000008feb1dcc0 0 0 0 0 1 3 1 36808 888
0x00007aca1fdb4d40 0x00000008feb1dd40 0 1 0 0 1 3 1 36808 880
0x00007aca1fdb4dc0 0x00000008feb1ddc0 0 1 0 0 1 3 1 36808 888
0x00007aca1fdb4e40 0x00000008feb1de40 0 0 1 0 1 3 1 36808 880
0x00007aca1fdb4ec0 0x00000008feb1dec0 0 0 1 0 1 3 1 36808 888
0x00007aca1fdb4f40 0x00000008feb1df40 0 1 1 0 1 3 1 36808 880
0x00007aca1fdb4fc0 0x00000008feb1dfc0 0 1 1 0 1 3 1 36808 888
0x00007aca1fdc6040 0x0000000ef1b26040 0 0 0 0 0 3 1 60969 384
0x00007aca1fdc60c0 0x0000000ef1b260c0 0 0 0 0 0 3 1 60969 392
0x00007aca1fdc6140 0x0000000ef1b26140 0 1 0 0 0 3 1 60969 384
0x00007aca1fdc61c0 0x0000000ef1b261c0 0 1 0 0 0 3 1 60969 392
0x00007aca1fdc6240 0x0000000ef1b26240 0 0 1 0 0 3 1 60969 384
0x00007aca1fdc62c0 0x0000000ef1b262c0 0 0 1 0 0 3 1 60969 392
0x00007aca1fdc6340 0x0000000ef1b26340 0 1 1 0 0 3 1 60969 384
0x00007aca1fdc63c0 0x0000000ef1b263c0 0 1 1 0 0 3 1 60969 392
0x00007aca1fdc6440 0x0000000ef1b26440 0 0 0 0 0 3 1 60969 400
0x00007aca1fdc64c0 0x0000000ef1b264c0 0 0 0 0 0 3 1 60969 408
0x00007aca1fdc6540 0x0000000ef1b26540 0 1 0 0 0 3 1 60969 400
0x00007aca1fdc65c0 0x0000000ef1b265c0 0 1 0 0 0 3 1 60969 408
0x00007aca1fdc6640 0x0000000ef1b26640 0 0 1 0 0 3 1 60969 400
0x00007aca1fdc66c0 0x0000000ef1b266c0 0 0 1 0 0 3 1 60969 408
0x00007aca1fdc6740 0x0000000ef1b26740 0 1 1 0 0 3 1 60969 400
0x00007aca1fdc67c0 0x0000000ef1b267c0 0 1 1 0 0 3 1 60969 408
0x00007aca1fdc6840 0x0000000ef1b26840 0 0 0 0 0 3 1 60969 416
0x00007aca1fdc68c0 0x0000000ef1b268c0 0 0 0 0 0 3 1 60969 424
0x00007aca1fdc6940 0x0000000ef1b26940 0 1 0 0 0 3 1 60969 416
0x00007aca1fdc69c0 0x0000000ef1b269c0 0 1 0 0 0 3 1 60969 424
0x00007aca1fdc6a40 0x0000000ef1b26a40 0 0 1 0 0 3 1 60969 416
0x00007aca1fdc6ac0 0x0000000ef1b26ac0 0 0 1 0 0 3 1 60969 424
0x00007aca1fdc6b40 0x0000000ef1b26b40 0 1 1 0 0 3 1 60969 416
0x00007aca1fdc6bc0 0x0000000ef1b26bc0 0 1 1 0 0 3 1 60969 424
0x00007aca1fdc6c40 0x0000000ef1b26c40 0 0 0 0 0 3 1 60969 432
0x00007aca1fdc6cc0 0x0000000ef1b26cc0 0 0 0 0 0 3 1 60969 440
0x00007aca1fdc6d40 0x0000000ef1b26d40 0 1 0 0 0 3 1 60969 432
0x00007aca1fdc6dc0 0x0000000ef1b26dc0 0 1 0 0 0 3 1 60969 440
0x00007aca1fdc6e40 0x0000000ef1b26e40 0 0 1 0 0 3 1 60969 432
0x00007aca1fdc6ec0 0x0000000ef1b26ec0 0 0 1 0 0 3 1 60969 440
0x00007aca1fdc6f40 0x0000000ef1b26f40 0 1 1 0 0 3 1 60969 432
0x00007aca1fdc6fc0 0x0000000ef1b26fc0 0 1 1 0 0 3 1 60969 440
0x00007aca1fdcc040 0x0000000e02b93040 0 0 0 0 0 3 1 53340 704
0x00007aca1fdcc0c0 0x0000000e02b930c0 0 0 0 0 0 3 1 53340 712
0x00007aca1fdcc140 0x0000000e02b93140 0 1 0 0 0 3 1 53340 704
0x00007aca1fdcc1c0 0x0000000e02b931c0 0 1 0 0 0 3 1 53340 712
0x00007aca1fdcc240 0x0000000e02b93240 0 0 1 0 0 3 1 53340 704
0x00007aca1fdcc2c0 0x0000000e02b932c0 0 0 1 0 0 3 1 53340 712
0x00007aca1fdcc340 0x0000000e02b93340 0 1 1 0 0 3 1 53340 704
0x00007aca1fdcc3c0 0x0000000e02b933c0 0 1 1 0 0 3 1 53340 712
0x00007aca1fdcc440 0x0000000e02b93440 0 0 0 0 0 3 1 53340 720
0x00007aca1fdcc4c0 0x0000000e02b934c0 0 0 0 0 0 3 1 53340 728
0x00007aca1fdcc540 0x0000000e02b93540 0 1 0 0 0 3 1 53340 720
0x00007aca1fdcc5c0 0x0000000e02b935c0 0 1 0 0 0 3 1 53340 728
0x00007aca1fdcc640 0x0000000e02b93640 0 0 1 0 0 3 1 53340 720
0x00007aca1fdcc6c0 0x0000000e02b936c0 0 0 1 0 0 3 1 53340 728
0x00007aca1fdcc740 0x0000000e02b93740 0 1 1 0 0 3 1 53340 720
0x00007aca1fdcc7c0 0x0000000e02b937c0 0 1 1 0 0 3 1 53340 728
0x00007aca1fdcc840 0x0000000e02b93840 0 0 0 0 0 3 1 53340 736
0x00007aca1fdcc8c0 0x0000000e02b938c0 0 0 0 0 0 3 1 53340 744
0x00007aca1fdcc940 0x0000000e02b93940 0 1 0 0 0 3 1 53340 736
0x00007aca1fdcc9c0 0x0000000e02b939c0 0 1 0 0 0 3 1 53340 744
0x00007aca1fdcca40 0x0000000e02b93a40 0 0 1 0 0 3 1 53340 736
0x00007aca1fdccac0 0x0000000e02b93ac0 0 0 1 0 0 3 1 53340 744
0x00007aca1fdccb40 0x0000000e02b93b40 0 1 1 0 0 3 1 53340 736
0x00007aca1fdccbc0 0x0000000e02b93bc0 0 1 1 0 0 3 1 53340 744
0x00007aca1fdccc40 0x0000000e02b93c40 0 0 0 0 0 3 1 53340 752
0x00007aca1fdcccc0 0x0000000e02b93cc0 0 0 0 0 0 3 1 53340 760
0x00007aca1fdccd40 0x0000000e02b93d40 0 1 0 0 0 3 1 53340 752
0x00007aca1fdccdc0 0x0000000e02b93dc0 0 1 0 0 0 3 1 53340 760
0x00007aca1fdcce40 0x0000000e02b93e40 0 0 1 0 0 3 1 53340 752
0x00007aca1fdccec0 0x0000000e02b93ec0 0 0 1 0 0 3 1 53340 760
0x00007aca1fdccf40 0x0000000e02b93f40 0 1 1 0 0 3 1 53340 752
0x00007aca1fdccfc0 0x0000000e02b93fc0 0 1 1 0 0 3 1 53340 760
0x00007aca1fdcf040 0x00000008313ab040 0 0 0 0 1 3 1 30261 192
0x00007aca1fdcf0c0 0x00000008313ab0c0 0 0 0 0 1 3 1 30261 200
0x00007aca1fdcf140 0x00000008313ab140 0 1 0 0 1 3 1 30261 192
0x00007aca1fdcf1c0 0x00000008313ab1c0 0 1 0 0 1 3 1 30261 200
0x00007aca1fdcf240 0x00000008313ab240 0 0 1 0 1 3 1 30261 192
0x00007aca1fdcf2c0 0x00000008313ab2c0 0 0 1 0 1 3 1 30261 200
0x00007aca1fdcf340 0x00000008313ab340 0 1 1 0 1 3 1 30261 192
0x00007aca1fdcf3c0 0x00000008313ab3c0 0 1 1 0 1 3 1 30261 200
0x00007aca1fdcf440 0x00000008313ab440 0 0 0 0 1 3 1 30261 208
0x00007aca1fdcf4c0 0x00000008313ab4c0 0 0 0 0 1 3 1 30261 216
0x00007aca1fdcf540 0x00000008313ab540 0 1 0 0 1 3 1 30261 208
0x00007aca1fdcf5c0 0x00000008313ab5c0 0 1 0 0 1 3 1 30261 216
0x00007aca1fdcf640 0x00000008313ab640 0 0 1 0 1 3 1 30261 208
0x00007aca1fdcf6c0 0x00000008313ab6c0 0 0 1 0 1 3 1 30261 216
0x00007aca1fdcf740 0x00000008313ab740 0 1 1 0 1 3 1 30261 208
0x00007aca1fdcf7c0 0x00000008313ab7c0 0 1 1 0 1 3 1 30261 216
0x00007aca1fdcf840 0x00000008313ab840 0 0 0 0 1 3 1 30261 224
0x00007aca1fdcf8c0 0x00000008313ab8c0 0 0 0 0 1 3 1 30261 232
0x00007aca1fdcf940 0x00000008313ab940 0 1 0 0 1 3 1 30261 224
0x00007aca1fdcf9c0 0x00000008313ab9c0 0 1 0 0 1 3 1 30261 232
0x00007aca1fdcfa40 0x00000008313aba40 0 0 1 0 1 3 1 30261 224
0x00007aca1fdcfac0 0x00000008313abac0 0 0 1 0 1 3 1 30261 232
0x00007aca1fdcfb40 0x00000008313abb40 0 1 1 0 1 3 1 30261 224
0x00007aca1fdcfbc0 0x00000008313abbc0 0 1 1 0 1 3 1 30261 232
0x00007aca1fdcfc40 0x00000008313abc40 0 0 0 0 1 3 1 30261 240
0x00007aca1fdcfcc0 0x00000008313abcc0 0 0 0 0 1 3 1 30261 248
0x00007aca1fdcfd40 0x00000008313abd40 0 1 0 0 1 3 1 30261 240
0x00007aca1fdcfdc0 0x00000008313abdc0 0 1 0 0 1 3 1 30261 248
0x00007aca1fdcfe40 0x00000008313abe40 0 0 1 0 1 3 1 30261 240
0x00007aca1fdcfec0 0x00000008313abec0 0 0 1 0 1 3 1 30261 248
0x00007aca1fdcff40 0x00000008313abf40 0 1 1 0 1 3 1 30261 240
0x00007aca1fdcffc0 0x00000008313abfc0 0 1 1 0 1 3 1 30261 248
0x00007aca1fdd3040 0x0000000ef1b96040 0 0 0 0 0 3 1 60972 896
0x00007aca1fdd30c0 0x0000000ef1b960c0 0 0 0 0 0 3 1 60972 904
0x00007aca1fdd3140 0x0000000ef1b96140 0 1 0 0 0 3 1 60972 896
0x00007aca1fdd31c0 0x0000000ef1b961c0 0 1 0 0 0 3 1 60972 904
0x00007aca1fdd3240 0x0000000ef1b96240 0 0 1 0 0 3 1 60972 896
0x00007aca1fdd32c0 0x0000000ef1b962c0 0 0 1 0 0 3 1 60972 904
0x00007aca1fdd3340 0x0000000ef1b96340 0 1 1 0 0 3 1 60972 896
0x00007aca1fdd33c0 0x0000000ef1b963c0 0 1 1 0 0 3 1 60972 904
0x00007aca1fdd3440 0x0000000ef1b96440 0 0 0 0 0 3 1 60972 912
0x00007aca1fdd34c0 0x0000000ef1b964c0 0 0 0 0 0 3 1 60972 920
0x00007aca1fdd3540 0x0000000ef1b96540 0 1 0 0 0 3 1 60972 912
0x00007aca1fdd35c0 0x0000000ef1b965c0 0 1 0 0 0 3 1 60972 920
0x00007aca1fdd3640 0x0000000ef1b96640 0 0 1 0 0 3 1 60972 912
0x00007aca1fdd36c0 0x0000000ef1b966c0 0 0 1 0 0 3 1 60972 920
0x00007aca1fdd3740 0x0000000ef1b96740 0 1 1 0 0 3 1 60972 912
0x00007aca1fdd37c0 0x0000000ef1b967c0 0 1 1 0 0 3 1 60972 920
0x00007aca1fdd3840 0x0000000ef1b96840 0 0 0 0 0 3 1 60972 928
0x00007aca1fdd38c0 0x0000000ef1b968c0 0 0 0 0 0 3 1 60972 936
0x00007aca1fdd3940 0x0000000ef1b96940 0 1 0 0 0 3 1 60972 928
0x00007aca1fdd39c0 0x0000000ef1b969c0 0 1 0 0 0 3 1 60972 936
0x00007aca1fdd3a40 0x0000000ef1b96a40 0 0 1 0 0 3 1 60972 928
0x00007aca1fdd3ac0 0x0000000ef1b96ac0 0 0 1 0 0 3 1 60972 936
0x00007aca1fdd3b40 0x0000000ef1b96b40 0 1 1 0 0 3 1 60972 928
0x00007aca1fdd3bc0 0x0000000ef1b96bc0 0 1 1 0 0 3 1 60972 936
0x00007aca1fdd3c40 0x0000000ef1b96c40 0 0 0 0 0 3 1 60972 944
0x00007aca1fdd3cc0 0x0000000ef1b96cc0 0 0 0 0 0 3 1 60972 952
0x00007aca1fdd3d40 0x0000000ef1b96d40 0 1 0 0 0 3 1 60972 944
0x00007aca1fdd3dc0 0x0000000ef1b96dc0 0 1 0 0 0 3 1 60972 952
0x00007aca1fdd3e40 0x0000000ef1b96e40 0 0 1 0 0 3 1 60972 944
0x00007aca1fdd3ec0 0x0000000ef1b96ec0 0 0 1 0 0 3 1 60972 952
0x00007aca1fdd3f40 0x0000000ef1b96f40 0 1 1 0 0 3 1 60972 944
0x00007aca1fdd3fc0 0x0000000ef1b96fc0 0 1 1 0 0 3 1 60972 952
0x00007aca1fdda040 0x0000000295bdc040 0 0 0 0 1 3 1 8878 768
0x00007aca1fdda0c0 0x0000000295bdc0c0 0 0 0 0 1 3 1 8878 776
0x00007aca1fdda140 0x0000000295bdc140 0 1 0 0 1 3 1 8878 768
0x00007aca1fdda1c0 0x0000000295bdc1c0 0 1 0 0 1 3 1 8878 776
0x00007aca1fdda240 0x0000000295bdc240 0 0 1 0 1 3 1 8878 768
0x00007aca1fdda2c0 0x0000000295bdc2c0 0 0 1 0 1 3 1 8878 776
0x00007aca1fdda340 0x0000000295bdc340 0 1 1 0 1 3 1 8878 768
0x00007aca1fdda3c0 0x0000000295bdc3c0 0 1 1 0 1 3 1 8878 776
0x00007aca1fdda440 0x0000000295bdc440 0 0 0 0 1 3 1 8878 784
0x00007aca1fdda4c0 0x0000000295bdc4c0 0 0 0 0 1 3 1 8878 792
0x00007aca1fdda540 0x0000000295bdc540 0 1 0 0 1 3 1 8878 784
0x00007aca1fdda5c0 0x0000000295bdc5c0 0 1 0 0 1 3 1 8878 792
0x00007aca1fdda640 0x0000000295bdc640 0 0 1 0 1 3 1 8878 784
0x00007aca1fdda6c0 0x0000000295bdc6c0 0 0 1 0 1 3 1 8878 792
0x00007aca1fdda740 0x0000000295bdc740 0 1 1 0 1 3 1 8878 784
0x00007aca1fdda7c0 0x0000000295bdc7c0 0 1 1 0 1 3 1 8878 792
0x00007aca1fdda840 0x0000000295bdc840 0 0 0 0 1 3 1 8878 800
0x00007aca1fdda8c0 0x0000000295bdc8c0 0 0 0 0 1 3 1 8878 808
0x00007aca1fdda940 0x0000000295bdc940 0 1 0 0 1 3 1 8878 800
0x00007aca1fdda9c0 0x0000000295bdc9c0 0 1 0 0 1 3 1 8878 808
0x00007aca1fddaa40 0x0000000295bdca40 0 0 1 0 1 3 1 8878 800
0x00007aca1fddaac0 0x0000000295bdcac0 0 0 1 0 1 3 1 8878 808
0x00007aca1fddab40 0x0000000295bdcb40 0 1 1 0 1 3 1 8878 800
0x00007aca1fddabc0 0x0000000295bdcbc0 0 1 1 0 1 3 1 8878 808
0x00007aca1fddac40 0x0000000295bdcc40 0 0 0 0 1 3 1 8878 816
0x00007aca1fddacc0 0x0000000295bdccc0 0 0 0 0 1 3 1 8878 824
0x00007aca1fddad40 0x0000000295bdcd40 0 1 0 0 1 3 1 8878 816
0x00007aca1fddadc0 0x0000000295bdcdc0 0 1 0 0 1 3 1 8878 824
0x00007aca1fddae40 0x0000000295bdce40 0 0 1 0 1 3 1 8878 816
0x00007aca1fddaec0 0x0000000295bdcec0 0 0 1 0 1 3 1 8878 824
0x00007aca1fddaf40 0x0000000295bdcf40 0 1 1 0 1 3 1 8878 816
0x00007aca1fddafc0 0x0000000295bdcfc0 0 1 1 0 1 3 1 8878 824
0x00007aca1fde2040 0x0000000ef1bd6040 0 0 0 0 0 3 1 60974 896
0x00007aca1fde20c0 0x0000000ef1bd60c0 0 0 0 0 0 3 1 60974 904
0x00007aca1fde2140 0x0000000ef1bd6140 0 1 0 0 0 3 1 60974 896
0x00007aca1fde21c0 0x0000000ef1bd61c0 0 1 0 0 0 3 1 60974 904
0x00007aca1fde2240 0x0000000ef1bd6240 0 0 1 0 0 3 1 60974 896
0x00007aca1fde22c0 0x0000000ef1bd62c0 0 0 1 0 0 3 1 60974 904
0x00007aca1fde2340 0x0000000ef1bd6340 0 1 1 0 0 3 1 60974 896
0x00007aca1fde23c0 0x0000000ef1bd63c0 0 1 1 0 0 3 1 60974 904
0x00007aca1fde2440 0x0000000ef1bd6440 0 0 0 0 0 3 1 60974 912
0x00007aca1fde24c0 0x0000000ef1bd64c0 0 0 0 0 0 3 1 60974 920
0x00007aca1fde2540 0x0000000ef1bd6540 0 1 0 0 0 3 1 60974 912
0x00007aca1fde25c0 0x0000000ef1bd65c0 0 1 0 0 0 3 1 60974 920
0x00007aca1fde2640 0x0000000ef1bd6640 0 0 1 0 0 3 1 60974 912
0x00007aca1fde26c0 0x0000000ef1bd66c0 0 0 1 0 0 3 1 60974 920
0x00007aca1fde2740 0x0000000ef1bd6740 0 1 1 0 0 3 1 60974 912
0x00007aca1fde27c0 0x0000000ef1bd67c0 0 1 1 0 0 3 1 60974 920
0x00007aca1fde2840 0x0000000ef1bd6840 0 0 0 0 0 3 1 60974 928
0x00007aca1fde28c0 0x0000000ef1bd68c0 0 0 0 0 0 3 1 60974 936
0x00007aca1fde2940 0x0000000ef1bd6940 0 1 0 0 0 3 1 60974 928
0x00007aca1fde29c0 0x0000000ef1bd69c0 0 1 0 0 0 3 1 60974 936
0x00007aca1fde2a40 0x0000000ef1bd6a40 0 0 1 0 0 3 1 60974 928
0x00007aca1fde2ac0 0x0000000ef1bd6ac0 0 0 1 0 0 3 1 60974 936
0x00007aca1fde2b40 0x0000000ef1bd6b40 0 1 1 0 0 3 1 60974 928
0x00007aca1fde2bc0 0x0000000ef1bd6bc0 0 1 1 0 0 3 1 60974 936
0x00007aca1fde2c40 0x0000000ef1bd6c40 0 0 0 0 0 3 1 60974 944
0x00007aca1fde2cc0 0x0000000ef1bd6cc0 0 0 0 0 0 3 1 60974 952
0x00007aca1fde2d40 0x0000000ef1bd6d40 0 1 0 0 0 3 1 60974 944
0x00007aca1fde2dc0 0x0000000ef1bd6dc0 0 1 0 0 0 3 1 60974 952
0x00007aca1fde2e40 0x0000000ef1bd6e40 0 0 1 0 0 3 1 60974 944
0x00007aca1fde2ec0 0x0000000ef1bd6ec0 0 0 1 0 0 3 1 60974 952
0x00007aca1fde2f40 0x0000000ef1bd6f40 0 1 1 0 0 3 1 60974 944
0x00007aca1fde2fc0 0x0000000ef1bd6fc0 0 1 1 0 0 3 1 60974 952
0x00007aca1fde3040 0x0000000dba399040 0 0 0 0 1 3 1 55108 576
0x00007aca1fde30c0 0x0000000dba3990c0 0 0 0 0 1 3 1 55108 584
0x00007aca1fde3140 0x0000000dba399140 0 1 0 0 1 3 1 55108 576
0x00007aca1fde31c0 0x0000000dba3991c0 0 1 0 0 1 3 1 55108 584
0x00007aca1fde3240 0x0000000dba399240 0 0 1 0 1 3 1 55108 576
0x00007aca1fde32c0 0x0000000dba3992c0 0 0 1 0 1 3 1 55108 584
0x00007aca1fde3340 0x0000000dba399340 0 1 1 0 1 3 1 55108 576
0x00007aca1fde33c0 0x0000000dba3993c0 0 1 1 0 1 3 1 55108 584
0x00007aca1fde3440 0x0000000dba399440 0 0 0 0 1 3 1 55108 592
0x00007aca1fde34c0 0x0000000dba3994c0 0 0 0 0 1 3 1 55108 600
0x00007aca1fde3540 0x0000000dba399540 0 1 0 0 1 3 1 55108 592
0x00007aca1fde35c0 0x0000000dba3995c0 0 1 0 0 1 3 1 55108 600
0x00007aca1fde3640 0x0000000dba399640 0 0 1 0 1 3 1 55108 592
0x00007aca1fde36c0 0x0000000dba3996c0 0 0 1 0 1 3 1 55108 600
0x00007aca1fde3740 0x0000000dba399740 0 1 1 0 1 3 1 55108 592
0x00007aca1fde37c0 0x0000000dba3997c0 0 1 1 0 1 3 1 55108 600
0x00007aca1fde3840 0x0000000dba399840 0 0 0 0 1 3 1 55108 608
0x00007aca1fde38c0 0x0000000dba3998c0 0 0 0 0 1 3 1 55108 616
0x00007aca1fde3940 0x0000000dba399940 0 1 0 0 1 3 1 55108 608
0x00007aca1fde39c0 0x0000000dba3999c0 0 1 0 0 1 3 1 55108 616
0x00007aca1fde3a40 0x0000000dba399a40 0 0 1 0 1 3 1 55108 608
0x00007aca1fde3ac0 0x0000000dba399ac0 0 0 1 0 1 3 1 55108 616
0x00007aca1fde3b40 0x0000000dba399b40 0 1 1 0 1 3 1 55108 608
0x00007aca1fde3bc0 0x0000000dba399bc0 0 1 1 0 1 3 1 55108 616
0x00007aca1fde3c40 0x0000000dba399c40 0 0 0 0 1 3 1 55108 624
0x00007aca1fde3cc0 0x0000000dba399cc0 0 0 0 0 1 3 1 55108 632
0x00007aca1fde3d40 0x0000000dba399d40 0 1 0 0 1 3 1 55108 624
0x00007aca1fde3dc0 0x0000000dba399dc0 0 1 0 0 1 3 1 55108 632
0x00007aca1fde3e40 0x0000000dba399e40 0 0 1 0 1 3 1 55108 624
0x00007aca1fde3ec0 0x0000000dba399ec0 0 0 1 0 1 3 1 55108 632
0x00007aca1fde3f40 0x0000000dba399f40 0 1 1 0 1 3 1 55108 624
0x00007aca1fde3fc0 0x0000000dba399fc0 0 1 1 0 1 3 1 55108 632
0x00007aca1fde8040 0x00000002e9b7a040 0 0 0 0 1 3 1 11563 640
0x00007aca1fde80c0 0x00000002e9b7a0c0 0 0 0 0 1 3 1 11563 648
0x00007aca1fde8140 0x00000002e9b7a140 0 1 0 0 1 3 1 11563 640
0x00007aca1fde81c0 0x00000002e9b7a1c0 0 1 0 0 1 3 1 11563 648
0x00007aca1fde8240 0x00000002e9b7a240 0 0 1 0 1 3 1 11563 640
0x00007aca1fde82c0 0x00000002e9b7a2c0 0 0 1 0 1 3 1 11563 648
0x00007aca1fde8340 0x00000002e9b7a340 0 1 1 0 1 3 1 11563 640
0x00007aca1fde83c0 0x00000002e9b7a3c0 0 1 1 0 1 3 1 11563 648
0x00007aca1fde8440 0x00000002e9b7a440 0 0 0 0 1 3 1 11563 656
0x00007aca1fde84c0 0x00000002e9b7a4c0 0 0 0 0 1 3 1 11563 664
0x00007aca1fde8540 0x00000002e9b7a540 0 1 0 0 1 3 1 11563 656
0x00007aca1fde85c0 0x00000002e9b7a5c0 0 1 0 0 1 3 1 11563 664
0x00007aca1fde8640 0x00000002e9b7a640 0 0 1 0 1 3 1 11563 656
0x00007aca1fde86c0 0x00000002e9b7a6c0 0 0 1 0 1 3 1 11563 664
0x00007aca1fde8740 0x00000002e9b7a740 0 1 1 0 1 3 1 11563 656
0x00007aca1fde87c0 0x00000002e9b7a7c0 0 1 1 0 1 3 1 11563 664
0x00007aca1fde8840 0x00000002e9b7a840 0 0 0 0 1 3 1 11563 672
0x00007aca1fde88c0 0x00000002e9b7a8c0 0 0 0 0 1 3 1 11563 680
0x00007aca1fde8940 0x00000002e9b7a940 0 1 0 0 1 3 1 11563 672
0x00007aca1fde89c0 0x00000002e9b7a9c0 0 1 0 0 1 3 1 11563 680
0x00007aca1fde8a40 0x00000002e9b7aa40 0 0 1 0 1 3 1 11563 672
0x00007aca1fde8ac0 0x00000002e9b7aac0 0 0 1 0 1 3 1 11563 680
0x00007aca1fde8b40 0x00000002e9b7ab40 0 1 1 0 1 3 1 11563 672
0x00007aca1fde8bc0 0x00000002e9b7abc0 0 1 1 0 1 3 1 11563 680
0x00007aca1fde8c40 0x00000002e9b7ac40 0 0 0 0 1 3 1 11563 688
0x00007aca1fde8cc0 0x00000002e9b7acc0 0 0 0 0 1 3 1 11563 696
0x00007aca1fde8d40 0x00000002e9b7ad40 0 1 0 0 1 3 1 11563 688
0x00007aca1fde8dc0 0x00000002e9b7adc0 0 1 0 0 1 3 1 11563 696
0x00007aca1fde8e40 0x00000002e9b7ae40 0 0 1 0 1 3 1 11563 688
0x00007aca1fde8ec0 0x00000002e9b7aec0 0 0 1 0 1 3 1 11563 696
0x00007aca1fde8f40 0x00000002e9b7af40 0 1 1 0 1 3 1 11563 688
0x00007aca1fde8fc0 0x00000002e9b7afc0 0 1 1 0 1 3 1 11563 696
0x00007aca1fdec040 0x00000008feb1e040 0 0 0 0 1 3 1 36808 896
0x00007aca1fdec0c0 0x00000008feb1e0c0 0 0 0 0 1 3 1 36808 904
0x00007aca1fdec140 0x00000008feb1e140 0 1 0 0 1 3 1 36808 896
0x00007aca1fdec1c0 0x00000008feb1e1c0 0 1 0 0 1 3 1 36808 904
0x00007aca1fdec240 0x00000008feb1e240 0 0 1 0 1 3 1 36808 896
0x00007aca1fdec2c0 0x00000008feb1e2c0 0 0 1 0 1 3 1 36808 904
0x00007aca1fdec340 0x00000008feb1e340 0 1 1 0 1 3 1 36808 896
0x00007aca1fdec3c0 0x00000008feb1e3c0 0 1 1 0 1 3 1 36808 904
0x00007aca1fdec440 0x00000008feb1e440 0 0 0 0 1 3 1 36808 912
0x00007aca1fdec4c0 0x00000008feb1e4c0 0 0 0 0 1 3 1 36808 920
0x00007aca1fdec540 0x00000008feb1e540 0 1 0 0 1 3 1 36808 912
0x00007aca1fdec5c0 0x00000008feb1e5c0 0 1 0 0 1 3 1 36808 920
0x00007aca1fdec640 0x00000008feb1e640 0 0 1 0 1 3 1 36808 912
0x00007aca1fdec6c0 0x00000008feb1e6c0 0 0 1 0 1 3 1 36808 920
0x00007aca1fdec740 0x00000008feb1e740 0 1 1 0 1 3 1 36808 912
0x00007aca1fdec7c0 0x00000008feb1e7c0 0 1 1 0 1 3 1 36808 920
0x00007aca1fdec840 0x00000008feb1e840 0 0 0 0 1 3 1 36808 928
0x00007aca1fdec8c0 0x00000008feb1e8c0 0 0 0 0 1 3 1 36808 936
0x00007aca1fdec940 0x00000008feb1e940 0 1 0 0 1 3 1 36808 928
0x00007aca1fdec9c0 0x00000008feb1e9c0 0 1 0 0 1 3 1 36808 936
0x00007aca1fdeca40 0x00000008feb1ea40 0 0 1 0 1 3 1 36808 928
0x00007aca1fdecac0 0x00000008feb1eac0 0 0 1 0 1 3 1 36808 936
0x00007aca1fdecb40 0x00000008feb1eb40 0 1 1 0 1 3 1 36808 928
0x00007aca1fdecbc0 0x00000008feb1ebc0 0 1 1 0 1 3 1 36808 936
0x00007aca1fdecc40 0x00000008feb1ec40 0 0 0 0 1 3 1 36808 944
0x00007aca1fdeccc0 0x00000008feb1ecc0 0 0 0 0 1 3 1 36808 952
0x00007aca1fdecd40 0x00000008feb1ed40 0 1 0 0 1 3 1 36808 944
0x00007aca1fdecdc0 0x00000008feb1edc0 0 1 0 0 1 3 1 36808 952
0x00007aca1fdece40 0x00000008feb1ee40 0 0 1 0 1 3 1 36808 944
0x00007aca1fdecec0 0x00000008feb1eec0 0 0 1 0 1 3 1 36808 952
0x00007aca1fdecf40 0x00000008feb1ef40 0 1 1 0 1 3 1 36808 944
0x00007aca1fdecfc0 0x00000008feb1efc0 0 1 1 0 1 3 1 36808 952
0x00007aca1fded040 0x0000000ce73cf040 0 0 0 0 1 3 1 52454 448
0x00007aca1fded0c0 0x0000000ce73cf0c0 0 0 0 0 1 3 1 52454 456
0x00007aca1fded140 0x0000000ce73cf140 0 1 0 0 1 3 1 52454 448
0x00007aca1fded1c0 0x0000000ce73cf1c0 0 1 0 0 1 3 1 52454 456
0x00007aca1fded240 0x0000000ce73cf240 0 0 1 0 1 3 1 52454 448
0x00007aca1fded2c0 0x0000000ce73cf2c0 0 0 1 0 1 3 1 52454 456
0x00007aca1fded340 0x0000000ce73cf340 0 1 1 0 1 3 1 52454 448
0x00007aca1fded3c0 0x0000000ce73cf3c0 0 1 1 0 1 3 1 52454 456
0x00007aca1fded440 0x0000000ce73cf440 0 0 0 0 1 3 1 52454 464
0x00007aca1fded4c0 0x0000000ce73cf4c0 0 0 0 0 1 3 1 52454 472
0x00007aca1fded540 0x0000000ce73cf540 0 1 0 0 1 3 1 52454 464
0x00007aca1fded5c0 0x0000000ce73cf5c0 0 1 0 0 1 3 1 52454 472
0x00007aca1fded640 0x0000000ce73cf640 0 0 1 0 1 3 1 52454 464
0x00007aca1fded6c0 0x0000000ce73cf6c0 0 0 1 0 1 3 1 52454 472
0x00007aca1fded740 0x0000000ce73cf740 0 1 1 0 1 3 1 52454 464
0x00007aca1fded7c0 0x0000000ce73cf7c0 0 1 1 0 1 3 1 52454 472
0x00007aca1fded840 0x0000000ce73cf840 0 0 0 0 1 3 1 52454 480
0x00007aca1fded8c0 0x0000000ce73cf8c0 0 0 0 0 1 3 1 52454 488
0x00007aca1fded940 0x0000000ce73cf940 0 1 0 0 1 3 1 52454 480
0x00007aca1fded9c0 0x0000000ce73cf9c0 0 1 0 0 1 3 1 52454 488
0x00007aca1fdeda40 0x0000000ce73cfa40 0 0 1 0 1 3 1 52454 480
0x00007aca1fdedac0 0x0000000ce73cfac0 0 0 1 0 1 3 1 52454 488
0x00007aca1fdedb40 0x0000000ce73cfb40 0 1 1 0 1 3 1 52454 480
0x00007aca1fdedbc0 0x0000000ce73cfbc0 0 1 1 0 1 3 1 52454 488
0x00007aca1fdedc40 0x0000000ce73cfc40 0 0 0 0 1 3 1 52454 496
0x00007aca1fdedcc0 0x0000000ce73cfcc0 0 0 0 0 1 3 1 52454 504
0x00007aca1fdedd40 0x0000000ce73cfd40 0 1 0 0 1 3 1 52454 496
0x00007aca1fdeddc0 0x0000000ce73cfdc0 0 1 0 0 1 3 1 52454 504
0x00007aca1fdede40 0x0000000ce73cfe40 0 0 1 0 1 3 1 52454 496
0x00007aca1fdedec0 0x0000000ce73cfec0 0 0 1 0 1 3 1 52454 504
0x00007aca1fdedf40 0x0000000ce73cff40 0 1 1 0 1 3 1 52454 496
0x00007aca1fdedfc0 0x0000000ce73cffc0 0 1 1 0 1 3 1 52454 504
0x00007aca1fdf5040 0x0000000bcd34d040 0 0 0 0 1 3 1 47522 320
0x00007aca1fdf50c0 0x0000000bcd34d0c0 0 0 0 0 1 3 1 47522 328
0x00007aca1fdf5140 0x0000000bcd34d140 0 1 0 0 1 3 1 47522 320
0x00007aca1fdf51c0 0x0000000bcd34d1c0 0 1 0 0 1 3 1 47522 328
0x00007aca1fdf5240 0x0000000bcd34d240 0 0 1 0 1 3 1 47522 320
0x00007aca1fdf52c0 0x0000000bcd34d2c0 0 0 1 0 1 3 1 47522 328
0x00007aca1fdf5340 0x0000000bcd34d340 0 1 1 0 1 3 1 47522 320
0x00007aca1fdf53c0 0x0000000bcd34d3c0 0 1 1 0 1 3 1 47522 328
0x00007aca1fdf5440 0x0000000bcd34d440 0 0 0 0 1 3 1 47522 336
0x00007aca1fdf54c0 0x0000000bcd34d4c0 0 0 0 0 1 3 1 47522 344
0x00007aca1fdf5540 0x0000000bcd34d540 0 1 0 0 1 3 1 47522 336
0x00007aca1fdf55c0 0x0000000bcd34d5c0 0 1 0 0 1 3 1 47522 344
0x00007aca1fdf5640 0x0000000bcd34d640 0 0 1 0 1 3 1 47522 336
0x00007aca1fdf56c0 0x0000000bcd34d6c0 0 0 1 0 1 3 1 47522 344
0x00007aca1fdf5740 0x0000000bcd34d740 0 1 1 0 1 3 1 47522 336
0x00007aca1fdf57c0 0x0000000bcd34d7c0 0 1 1 0 1 3 1 47522 344
0x00007aca1fdf5840 0x0000000bcd34d840 0 0 0 0 1 3 1 47522 352
0x00007aca1fdf58c0 0x0000000bcd34d8c0 0 0 0 0 1 3 1 47522 360
0x00007aca1fdf5940 0x0000000bcd34d940 0 1 0 0 1 3 1 47522 352
0x00007aca1fdf59c0 0x0000000bcd34d9c0 0 1 0 0 1 3 1 47522 360
0x00007aca1fdf5a40 0x0000000bcd34da40 0 0 1 0 1 3 1 47522 352
0x00007aca1fdf5ac0 0x0000000bcd34dac0 0 0 1 0 1 3 1 47522 360
0x00007aca1fdf5b40 0x0000000bcd34db40 0 1 1 0 1 3 1 47522 352
0x00007aca1fdf5bc0 0x0000000bcd34dbc0 0 1 1 0 1 3 1 47522 360
0x00007aca1fdf5c40 0x0000000bcd34dc40 0 0 0 0 1 3 1 47522 368
0x00007aca1fdf5cc0 0x0000000bcd34dcc0 0 0 0 0 1 3 1 47522 376
0x00007aca1fdf5d40 0x0000000bcd34dd40 0 1 0 0 1 3 1 47522 368
0x00007aca1fdf5dc0 0x0000000bcd34ddc0 0 1 0 0 1 3 1 47522 376
0x00007aca1fdf5e40 0x0000000bcd34de40 0 0 1 0 1 3 1 47522 368
0x00007aca1fdf5ec0 0x0000000bcd34dec0 0 0 1 0 1 3 1 47522 376
0x00007aca1fdf5f40 0x0000000bcd34df40 0 1 1 0 1 3 1 47522 368
0x00007aca1fdf5fc0 0x0000000bcd34dfc0 0 1 1 0 1 3 1 47522 376
0x00007aca1fe0d040 0x0000000319bca040 0 0 0 0 1 3 1 9022 128
0x00007aca1fe0d0c0 0x0000000319bca0c0 0 0 0 0 1 3 1 9022 136
0x00007aca1fe0d140 0x0000000319bca140 0 1 0 0 1 3 1 9022 128
0x00007aca1fe0d1c0 0x0000000319bca1c0 0 1 0 0 1 3 1 9022 136
0x00007aca1fe0d240 0x0000000319bca240 0 0 1 0 1 3 1 9022 128
0x00007aca1fe0d2c0 0x0000000319bca2c0 0 0 1 0 1 3 1 9022 136
0x00007aca1fe0d340 0x0000000319bca340 0 1 1 0 1 3 1 9022 128
0x00007aca1fe0d3c0 0x0000000319bca3c0 0 1 1 0 1 3 1 9022 136
0x00007aca1fe0d440 0x0000000319bca440 0 0 0 0 1 3 1 9022 144
0x00007aca1fe0d4c0 0x0000000319bca4c0 0 0 0 0 1 3 1 9022 152
0x00007aca1fe0d540 0x0000000319bca540 0 1 0 0 1 3 1 9022 144
0x00007aca1fe0d5c0 0x0000000319bca5c0 0 1 0 0 1 3 1 9022 152
0x00007aca1fe0d640 0x0000000319bca640 0 0 1 0 1 3 1 9022 144
0x00007aca1fe0d6c0 0x0000000319bca6c0 0 0 1 0 1 3 1 9022 152
0x00007aca1fe0d740 0x0000000319bca740 0 1 1 0 1 3 1 9022 144
0x00007aca1fe0d7c0 0x0000000319bca7c0 0 1 1 0 1 3 1 9022 152
0x00007aca1fe0d840 0x0000000319bca840 0 0 0 0 1 3 1 9022 160
0x00007aca1fe0d8c0 0x0000000319bca8c0 0 0 0 0 1 3 1 9022 168
0x00007aca1fe0d940 0x0000000319bca940 0 1 0 0 1 3 1 9022 160
0x00007aca1fe0d9c0 0x0000000319bca9c0 0 1 0 0 1 3 1 9022 168
0x00007aca1fe0da40 0x0000000319bcaa40 0 0 1 0 1 3 1 9022 160
0x00007aca1fe0dac0 0x0000000319bcaac0 0 0 1 0 1 3 1 9022 168
0x00007aca1fe0db40 0x0000000319bcab40 0 1 1 0 1 3 1 9022 160
0x00007aca1fe0dbc0 0x0000000319bcabc0 0 1 1 0 1 3 1 9022 168
0x00007aca1fe0dc40 0x0000000319bcac40 0 0 0 0 1 3 1 9022 176
0x00007aca1fe0dcc0 0x0000000319bcacc0 0 0 0 0 1 3 1 9022 184
0x00007aca1fe0dd40 0x0000000319bcad40 0 1 0 0 1 3 1 9022 176
0x00007aca1fe0ddc0 0x0000000319bcadc0 0 1 0 0 1 3 1 9022 184
0x00007aca1fe0de40 0x0000000319bcae40 0 0 1 0 1 3 1 9022 176
0x00007aca1fe0dec0 0x0000000319bcaec0 0 0 1 0 1 3 1 9022 184
0x00007aca1fe0df40 0x0000000319bcaf40 0 1 1 0 1 3 1 9022 176
0x00007aca1fe0dfc0 0x0000000319bcafc0 0 1 1 0 1 3 1 9022 184
0x00007aca1fe0f040 0x0000000ea1b61040 0 0 0 0 0 3 1 58411 64
0x00007aca1fe0f0c0 0x0000000ea1b610c0 0 0 0 0 0 3 1 58411 72
0x00007aca1fe0f140 0x0000000ea1b61140 0 1 0 0 0 3 1 58411 64
0x00007aca1fe0f1c0 0x0000000ea1b611c0 0 1 0 0 0 3 1 58411 72
0x00007aca1fe0f240 0x0000000ea1b61240 0 0 1 0 0 3 1 58411 64
0x00007aca1fe0f2c0 0x0000000ea1b612c0 0 0 1 0 0 3 1 58411 72
0x00007aca1fe0f340 0x0000000ea1b61340 0 1 1 0 0 3 1 58411 64
0x00007aca1fe0f3c0 0x0000000ea1b613c0 0 1 1 0 0 3 1 58411 72
0x00007aca1fe0f440 0x0000000ea1b61440 0 0 0 0 0 3 1 58411 80
0x00007aca1fe0f4c0 0x0000000ea1b614c0 0 0 0 0 0 3 1 58411 88
0x00007aca1fe0f540 0x0000000ea1b61540 0 1 0 0 0 3 1 58411 80
0x00007aca1fe0f5c0 0x0000000ea1b615c0 0 1 0 0 0 3 1 58411 88
0x00007aca1fe0f640 0x0000000ea1b61640 0 0 1 0 0 3 1 58411 80
0x00007aca1fe0f6c0 0x0000000ea1b616c0 0 0 1 0 0 3 1 58411 88
0x00007aca1fe0f740 0x0000000ea1b61740 0 1 1 0 0 3 1 58411 80
0x00007aca1fe0f7c0 0x0000000ea1b617c0 0 1 1 0 0 3 1 58411 88
0x00007aca1fe0f840 0x0000000ea1b61840 0 0 0 0 0 3 1 58411 96
0x00007aca1fe0f8c0 0x0000000ea1b618c0 0 0 0 0 0 3 1 58411 104
0x00007aca1fe0f940 0x0000000ea1b61940 0 1 0 0 0 3 1 58411 96
0x00007aca1fe0f9c0 0x0000000ea1b619c0 0 1 0 0 0 3 1 58411 104
0x00007aca1fe0fa40 0x0000000ea1b61a40 0 0 1 0 0 3 1 58411 96
0x00007aca1fe0fac0 0x0000000ea1b61ac0 0 0 1 0 0 3 1 58411 104
0x00007aca1fe0fb40 0x0000000ea1b61b40 0 1 1 0 0 3 1 58411 96
0x00007aca1fe0fbc0 0x0000000ea1b61bc0 0 1 1 0 0 3 1 58411 104
0x00007aca1fe0fc40 0x0000000ea1b61c40 0 0 0 0 0 3 1 58411 112
0x00007aca1fe0fcc0 0x0000000ea1b61cc0 0 0 0 0 0 3 1 58411 120
0x00007aca1fe0fd40 0x0000000ea1b61d40 0 1 0 0 0 3 1 58411 112
0x00007aca1fe0fdc0 0x0000000ea1b61dc0 0 1 0 0 0 3 1 58411 120
0x00007aca1fe0fe40 0x0000000ea1b61e40 0 0 1 0 0 3 1 58411 112
0x00007aca1fe0fec0 0x0000000ea1b61ec0 0 0 1 0 0 3 1 58411 120
0x00007aca1fe0ff40 0x0000000ea1b61f40 0 1 1 0 0 3 1 58411 112
0x00007aca1fe0ffc0 0x0000000ea1b61fc0 0 1 1 0 0 3 1 58411 120
0x00007aca1fe20040 0x00000007c530d040 0 0 0 0 1 3 1 30880 320
0x00007aca1fe200c0 0x00000007c530d0c0 0 0 0 0 1 3 1 30880 328
0x00007aca1fe20140 0x00000007c530d140 0 1 0 0 1 3 1 30880 320
0x00007aca1fe201c0 0x00000007c530d1c0 0 1 0 0 1 3 1 30880 328
0x00007aca1fe20240 0x00000007c530d240 0 0 1 0 1 3 1 30880 320
0x00007aca1fe202c0 0x00000007c530d2c0 0 0 1 0 1 3 1 30880 328
0x00007aca1fe20340 0x00000007c530d340 0 1 1 0 1 3 1 30880 320
0x00007aca1fe203c0 0x00000007c530d3c0 0 1 1 0 1 3 1 30880 328
0x00007aca1fe20440 0x00000007c530d440 0 0 0 0 1 3 1 30880 336
0x00007aca1fe204c0 0x00000007c530d4c0 0 0 0 0 1 3 1 30880 344
0x00007aca1fe20540 0x00000007c530d540 0 1 0 0 1 3 1 30880 336
0x00007aca1fe205c0 0x00000007c530d5c0 0 1 0 0 1 3 1 30880 344
0x00007aca1fe20640 0x00000007c530d640 0 0 1 0 1 3 1 30880 336
0x00007aca1fe206c0 0x00000007c530d6c0 0 0 1 0 1 3 1 30880 344
0x00007aca1fe20740 0x00000007c530d740 0 1 1 0 1 3 1 30880 336
0x00007aca1fe207c0 0x00000007c530d7c0 0 1 1 0 1 3 1 30880 344
0x00007aca1fe20840 0x00000007c530d840 0 0 0 0 1 3 1 30880 352
0x00007aca1fe208c0 0x00000007c530d8c0 0 0 0 0 1 3 1 30880 360
0x00007aca1fe20940 0x00000007c530d940 0 1 0 0 1 3 1 30880 352
0x00007aca1fe209c0 0x00000007c530d9c0 0 1 0 0 1 3 1 30880 360
0x00007aca1fe20a40 0x00000007c530da40 0 0 1 0 1 3 1 30880 352
0x00007aca1fe20ac0 0x00000007c530dac0 0 0 1 0 1 3 1 30880 360
0x00007aca1fe20b40 0x00000007c530db40 0 1 1 0 1 3 1 30880 352
0x00007aca1fe20bc0 0x00000007c530dbc0 0 1 1 0 1 3 1 30880 360
0x00007aca1fe20c40 0x00000007c530dc40 0 0 0 0 1 3 1 30880 368
0x00007aca1fe20cc0 0x00000007c530dcc0 0 0 0 0 1 3 1 30880 376
0x00007aca1fe20d40 0x00000007c530dd40 0 1 0 0 1 3 1 30880 368
0x00007aca1fe20dc0 0x00000007c530ddc0 0 1 0 0 1 3 1 30880 376
0x00007aca1fe20e40 0x00000007c530de40 0 0 1 0 1 3 1 30880 368
0x00007aca1fe20ec0 0x00000007c530dec0 0 0 1 0 1 3 1 30880 376
0x00007aca1fe20f40 0x00000007c530df40 0 1 1 0 1 3 1 30880 368
0x00007aca1fe20fc0 0x00000007c530dfc0 0 1 1 0 1 3 1 30880 376
0x00007aca1fe23040 0x000000037cbc5040 0 0 0 0 0 3 1 12190 320
0x00007aca1fe230c0 0x000000037cbc50c0 0 0 0 0 0 3 1 12190 328
0x00007aca1fe23140 0x000000037cbc5140 0 1 0 0 0 3 1 12190 320
0x00007aca1fe231c0 0x000000037cbc51c0 0 1 0 0 0 3 1 12190 328
0x00007aca1fe23240 0x000000037cbc5240 0 0 1 0 0 3 1 12190 320
0x00007aca1fe232c0 0x000000037cbc52c0 0 0 1 0 0 3 1 12190 328
0x00007aca1fe23340 0x000000037cbc5340 0 1 1 0 0 3 1 12190 320
0x00007aca1fe233c0 0x000000037cbc53c0 0 1 1 0 0 3 1 12190 328
0x00007aca1fe23440 0x000000037cbc5440 0 0 0 0 0 3 1 12190 336
0x00007aca1fe234c0 0x000000037cbc54c0 0 0 0 0 0 3 1 12190 344
0x00007aca1fe23540 0x000000037cbc5540 0 1 0 0 0 3 1 12190 336
0x00007aca1fe235c0 0x000000037cbc55c0 0 1 0 0 0 3 1 12190 344
0x00007aca1fe23640 0x000000037cbc5640 0 0 1 0 0 3 1 12190 336
0x00007aca1fe236c0 0x000000037cbc56c0 0 0 1 0 0 3 1 12190 344
0x00007aca1fe23740 0x000000037cbc5740 0 1 1 0 0 3 1 12190 336
0x00007aca1fe237c0 0x000000037cbc57c0 0 1 1 0 0 3 1 12190 344
0x00007aca1fe23840 0x000000037cbc5840 0 0 0 0 0 3 1 12190 352
0x00007aca1fe238c0 0x000000037cbc58c0 0 0 0 0 0 3 1 12190 360
0x00007aca1fe23940 0x000000037cbc5940 0 1 0 0 0 3 1 12190 352
0x00007aca1fe239c0 0x000000037cbc59c0 0 1 0 0 0 3 1 12190 360
0x00007aca1fe23a40 0x000000037cbc5a40 0 0 1 0 0 3 1 12190 352
0x00007aca1fe23ac0 0x000000037cbc5ac0 0 0 1 0 0 3 1 12190 360
0x00007aca1fe23b40 0x000000037cbc5b40 0 1 1 0 0 3 1 12190 352
0x00007aca1fe23bc0 0x000000037cbc5bc0 0 1 1 0 0 3 1 12190 360
0x00007aca1fe23c40 0x000000037cbc5c40 0 0 0 0 0 3 1 12190 368
0x00007aca1fe23cc0 0x000000037cbc5cc0 0 0 0 0 0 3 1 12190 376
0x00007aca1fe23d40 0x000000037cbc5d40 0 1 0 0 0 3 1 12190 368
0x00007aca1fe23dc0 0x000000037cbc5dc0 0 1 0 0 0 3 1 12190 376
0x00007aca1fe23e40 0x000000037cbc5e40 0 0 1 0 0 3 1 12190 368
0x00007aca1fe23ec0 0x000000037cbc5ec0 0 0 1 0 0 3 1 12190 376
0x00007aca1fe23f40 0x000000037cbc5f40 0 1 1 0 0 3 1 12190 368
0x00007aca1fe23fc0 0x000000037cbc5fc0 0 1 1 0 0 3 1 12190 376
0x00007aca1fe26040 0x00000003ec3f5040 0 0 0 0 0 3 1 15751 832
0x00007aca1fe260c0 0x00000003ec3f50c0 0 0 0 0 0 3 1 15751 840
0x00007aca1fe26140 0x00000003ec3f5140 0 1 0 0 0 3 1 15751 832
0x00007aca1fe261c0 0x00000003ec3f51c0 0 1 0 0 0 3 1 15751 840
0x00007aca1fe26240 0x00000003ec3f5240 0 0 1 0 0 3 1 15751 832
0x00007aca1fe262c0 0x00000003ec3f52c0 0 0 1 0 0 3 1 15751 840
0x00007aca1fe26340 0x00000003ec3f5340 0 1 1 0 0 3 1 15751 832
0x00007aca1fe263c0 0x00000003ec3f53c0 0 1 1 0 0 3 1 15751 840
0x00007aca1fe26440 0x00000003ec3f5440 0 0 0 0 0 3 1 15751 848
0x00007aca1fe264c0 0x00000003ec3f54c0 0 0 0 0 0 3 1 15751 856
0x00007aca1fe26540 0x00000003ec3f5540 0 1 0 0 0 3 1 15751 848
0x00007aca1fe265c0 0x00000003ec3f55c0 0 1 0 0 0 3 1 15751 856
0x00007aca1fe26640 0x00000003ec3f5640 0 0 1 0 0 3 1 15751 848
0x00007aca1fe266c0 0x00000003ec3f56c0 0 0 1 0 0 3 1 15751 856
0x00007aca1fe26740 0x00000003ec3f5740 0 1 1 0 0 3 1 15751 848
0x00007aca1fe267c0 0x00000003ec3f57c0 0 1 1 0 0 3 1 15751 856
0x00007aca1fe26840 0x00000003ec3f5840 0 0 0 0 0 3 1 15751 864
0x00007aca1fe268c0 0x00000003ec3f58c0 0 0 0 0 0 3 1 15751 872
0x00007aca1fe26940 0x00000003ec3f5940 0 1 0 0 0 3 1 15751 864
0x00007aca1fe269c0 0x00000003ec3f59c0 0 1 0 0 0 3 1 15751 872
0x00007aca1fe26a40 0x00000003ec3f5a40 0 0 1 0 0 3 1 15751 864
0x00007aca1fe26ac0 0x00000003ec3f5ac0 0 0 1 0 0 3 1 15751 872
0x00007aca1fe26b40 0x00000003ec3f5b40 0 1 1 0 0 3 1 15751 864
0x00007aca1fe26bc0 0x00000003ec3f5bc0 0 1 1 0 0 3 1 15751 872
0x00007aca1fe26c40 0x00000003ec3f5c40 0 0 0 0 0 3 1 15751 880
0x00007aca1fe26cc0 0x00000003ec3f5cc0 0 0 0 0 0 3 1 15751 888
0x00007aca1fe26d40 0x00000003ec3f5d40 0 1 0 0 0 3 1 15751 880
0x00007aca1fe26dc0 0x00000003ec3f5dc0 0 1 0 0 0 3 1 15751 888
0x00007aca1fe26e40 0x00000003ec3f5e40 0 0 1 0 0 3 1 15751 880
0x00007aca1fe26ec0 0x00000003ec3f5ec0 0 0 1 0 0 3 1 15751 888
0x00007aca1fe26f40 0x00000003ec3f5f40 0 1 1 0 0 3 1 15751 880
0x00007aca1fe26fc0 0x00000003ec3f5fc0 0 1 1 0 0 3 1 15751 888
0x00007aca1fe32040 0x0000000c2cb03040 0 0 0 0 0 3 1 46488 192
0x00007aca1fe320c0 0x0000000c2cb030c0 0 0 0 0 0 3 1 46488 200
0x00007aca1fe32140 0x0000000c2cb03140 0 1 0 0 0 3 1 46488 192
0x00007aca1fe321c0 0x0000000c2cb031c0 0 1 0 0 0 3 1 46488 200
0x00007aca1fe32240 0x0000000c2cb03240 0 0 1 0 0 3 1 46488 192
0x00007aca1fe322c0 0x0000000c2cb032c0 0 0 1 0 0 3 1 46488 200
0x00007aca1fe32340 0x0000000c2cb03340 0 1 1 0 0 3 1 46488 192
0x00007aca1fe323c0 0x0000000c2cb033c0 0 1 1 0 0 3 1 46488 200
0x00007aca1fe32440 0x0000000c2cb03440 0 0 0 0 0 3 1 46488 208
0x00007aca1fe324c0 0x0000000c2cb034c0 0 0 0 0 0 3 1 46488 216
0x00007aca1fe32540 0x0000000c2cb03540 0 1 0 0 0 3 1 46488 208
0x00007aca1fe325c0 0x0000000c2cb035c0 0 1 0 0 0 3 1 46488 216
0x00007aca1fe32640 0x0000000c2cb03640 0 0 1 0 0 3 1 46488 208
0x00007aca1fe326c0 0x0000000c2cb036c0 0 0 1 0 0 3 1 46488 216
0x00007aca1fe32740 0x0000000c2cb03740 0 1 1 0 0 3 1 46488 208
0x00007aca1fe327c0 0x0000000c2cb037c0 0 1 1 0 0 3 1 46488 216
0x00007aca1fe32840 0x0000000c2cb03840 0 0 0 0 0 3 1 46488 224
0x00007aca1fe328c0 0x0000000c2cb038c0 0 0 0 0 0 3 1 46488 232
0x00007aca1fe32940 0x0000000c2cb03940 0 1 0 0 0 3 1 46488 224
0x00007aca1fe329c0 0x0000000c2cb039c0 0 1 0 0 0 3 1 46488 232
0x00007aca1fe32a40 0x0000000c2cb03a40 0 0 1 0 0 3 1 46488 224
0x00007aca1fe32ac0 0x0000000c2cb03ac0 0 0 1 0 0 3 1 46488 232
0x00007aca1fe32b40 0x0000000c2cb03b40 0 1 1 0 0 3 1 46488 224
0x00007aca1fe32bc0 0x0000000c2cb03bc0 0 1 1 0 0 3 1 46488 232
0x00007aca1fe32c40 0x0000000c2cb03c40 0 0 0 0 0 3 1 46488 240
0x00007aca1fe32cc0 0x0000000c2cb03cc0 0 0 0 0 0 3 1 46488 248
0x00007aca1fe32d40 0x0000000c2cb03d40 0 1 0 0 0 3 1 46488 240
0x00007aca1fe32dc0 0x0000000c2cb03dc0 0 1 0 0 0 3 1 46488 248
0x00007aca1fe32e40 0x0000000c2cb03e40 0 0 1 0 0 3 1 46488 240
0x00007aca1fe32ec0 0x0000000c2cb03ec0 0 0 1 0 0 3 1 46488 248
0x00007aca1fe32f40 0x0000000c2cb03f40 0 1 1 0 0 3 1 46488 240
0x00007aca1fe32fc0 0x0000000c2cb03fc0 0 1 1 0 0 3 1 46488 248
0x00007aca1fe40040 0x0000000b153f5040 0 0 0 0 0 3 1 41655 832
0x00007aca1fe400c0 0x0000000b153f50c0 0 0 0 0 0 3 1 41655 840
0x00007aca1fe40140 0x0000000b153f5140 0 1 0 0 0 3 1 41655 832
0x00007aca1fe401c0 0x0000000b153f51c0 0 1 0 0 0 3 1 41655 840
0x00007aca1fe40240 0x0000000b153f5240 0 0 1 0 0 3 1 41655 832
0x00007aca1fe402c0 0x0000000b153f52c0 0 0 1 0 0 3 1 41655 840
0x00007aca1fe40340 0x0000000b153f5340 0 1 1 0 0 3 1 41655 832
0x00007aca1fe403c0 0x0000000b153f53c0 0 1 1 0 0 3 1 41655 840
0x00007aca1fe40440 0x0000000b153f5440 0 0 0 0 0 3 1 41655 848
0x00007aca1fe404c0 0x0000000b153f54c0 0 0 0 0 0 3 1 41655 856
0x00007aca1fe40540 0x0000000b153f5540 0 1 0 0 0 3 1 41655 848
0x00007aca1fe405c0 0x0000000b153f55c0 0 1 0 0 0 3 1 41655 856
0x00007aca1fe40640 0x0000000b153f5640 0 0 1 0 0 3 1 41655 848
0x00007aca1fe406c0 0x0000000b153f56c0 0 0 1 0 0 3 1 41655 856
0x00007aca1fe40740 0x0000000b153f5740 0 1 1 0 0 3 1 41655 848
0x00007aca1fe407c0 0x0000000b153f57c0 0 1 1 0 0 3 1 41655 856
0x00007aca1fe40840 0x0000000b153f5840 0 0 0 0 0 3 1 41655 864
0x00007aca1fe408c0 0x0000000b153f58c0 0 0 0 0 0 3 1 41655 872
0x00007aca1fe40940 0x0000000b153f5940 0 1 0 0 0 3 1 41655 864
0x00007aca1fe409c0 0x0000000b153f59c0 0 1 0 0 0 3 1 41655 872
0x00007aca1fe40a40 0x0000000b153f5a40 0 0 1 0 0 3 1 41655 864
0x00007aca1fe40ac0 0x0000000b153f5ac0 0 0 1 0 0 3 1 41655 872
0x00007aca1fe40b40 0x0000000b153f5b40 0 1 1 0 0 3 1 41655 864
0x00007aca1fe40bc0 0x0000000b153f5bc0 0 1 1 0 0 3 1 41655 872
0x00007aca1fe40c40 0x0000000b153f5c40 0 0 0 0 0 3 1 41655 880
0x00007aca1fe40cc0 0x0000000b153f5cc0 0 0 0 0 0 3 1 41655 888
0x00007aca1fe40d40 0x0000000b153f5d40 0 1 0 0 0 3 1 41655 880
0x00007aca1fe40dc0 0x0000000b153f5dc0 0 1 0 0 0 3 1 41655 888
0x00007aca1fe40e40 0x0000000b153f5e40 0 0 1 0 0 3 1 41655 880
0x00007aca1fe40ec0 0x0000000b153f5ec0 0 0 1 0 0 3 1 41655 888
0x00007aca1fe40f40 0x0000000b153f5f40 0 1 1 0 0 3 1 41655 880
0x00007aca1fe40fc0 0x0000000b153f5fc0 0 1 1 0 0 3 1 41655 888
0x00007aca1fe44040 0x00000007b4b73040 0 0 0 0 0 3 1 30347 704
0x00007aca1fe440c0 0x00000007b4b730c0 0 0 0 0 0 3 1 30347 712
0x00007aca1fe44140 0x00000007b4b73140 0 1 0 0 0 3 1 30347 704
0x00007aca1fe441c0 0x00000007b4b731c0 0 1 0 0 0 3 1 30347 712
0x00007aca1fe44240 0x00000007b4b73240 0 0 1 0 0 3 1 30347 704
0x00007aca1fe442c0 0x00000007b4b732c0 0 0 1 0 0 3 1 30347 712
0x00007aca1fe44340 0x00000007b4b73340 0 1 1 0 0 3 1 30347 704
0x00007aca1fe443c0 0x00000007b4b733c0 0 1 1 0 0 3 1 30347 712
0x00007aca1fe44440 0x00000007b4b73440 0 0 0 0 0 3 1 30347 720
0x00007aca1fe444c0 0x00000007b4b734c0 0 0 0 0 0 3 1 30347 728
0x00007aca1fe44540 0x00000007b4b73540 0 1 0 0 0 3 1 30347 720
0x00007aca1fe445c0 0x00000007b4b735c0 0 1 0 0 0 3 1 30347 728
0x00007aca1fe44640 0x00000007b4b73640 0 0 1 0 0 3 1 30347 720
0x00007aca1fe446c0 0x00000007b4b736c0 0 0 1 0 0 3 1 30347 728
0x00007aca1fe44740 0x00000007b4b73740 0 1 1 0 0 3 1 30347 720
0x00007aca1fe447c0 0x00000007b4b737c0 0 1 1 0 0 3 1 30347 728
0x00007aca1fe44840 0x00000007b4b73840 0 0 0 0 0 3 1 30347 736
0x00007aca1fe448c0 0x00000007b4b738c0 0 0 0 0 0 3 1 30347 744
0x00007aca1fe44940 0x00000007b4b73940 0 1 0 0 0 3 1 30347 736
0x00007aca1fe449c0 0x00000007b4b739c0 0 1 0 0 0 3 1 30347 744
0x00007aca1fe44a40 0x00000007b4b73a40 0 0 1 0 0 3 1 30347 736
0x00007aca1fe44ac0 0x00000007b4b73ac0 0 0 1 0 0 3 1 30347 744
0x00007aca1fe44b40 0x00000007b4b73b40 0 1 1 0 0 3 1 30347 736
0x00007aca1fe44bc0 0x00000007b4b73bc0 0 1 1 0 0 3 1 30347 744
0x00007aca1fe44c40 0x00000007b4b73c40 0 0 0 0 0 3 1 30347 752
0x00007aca1fe44cc0 0x00000007b4b73cc0 0 0 0 0 0 3 1 30347 760
0x00007aca1fe44d40 0x00000007b4b73d40 0 1 0 0 0 3 1 30347 752
0x00007aca1fe44dc0 0x00000007b4b73dc0 0 1 0 0 0 3 1 30347 760
0x00007aca1fe44e40 0x00000007b4b73e40 0 0 1 0 0 3 1 30347 752
0x00007aca1fe44ec0 0x00000007b4b73ec0 0 0 1 0 0 3 1 30347 760
0x00007aca1fe44f40 0x00000007b4b73f40 0 1 1 0 0 3 1 30347 752
0x00007aca1fe44fc0 0x00000007b4b73fc0 0 1 1 0 0 3 1 30347 760
0x00007aca1fe4d040 0x000000029bb6c040 0 0 0 0 1 3 1 9067 256
0x00007aca1fe4d0c0 0x000000029bb6c0c0 0 0 0 0 1 3 1 9067 264
0x00007aca1fe4d140 0x000000029bb6c140 0 1 0 0 1 3 1 9067 256
0x00007aca1fe4d1c0 0x000000029bb6c1c0 0 1 0 0 1 3 1 9067 264
0x00007aca1fe4d240 0x000000029bb6c240 0 0 1 0 1 3 1 9067 256
0x00007aca1fe4d2c0 0x000000029bb6c2c0 0 0 1 0 1 3 1 9067 264
0x00007aca1fe4d340 0x000000029bb6c340 0 1 1 0 1 3 1 9067 256
0x00007aca1fe4d3c0 0x000000029bb6c3c0 0 1 1 0 1 3 1 9067 264
0x00007aca1fe4d440 0x000000029bb6c440 0 0 0 0 1 3 1 9067 272
0x00007aca1fe4d4c0 0x000000029bb6c4c0 0 0 0 0 1 3 1 9067 280
0x00007aca1fe4d540 0x000000029bb6c540 0 1 0 0 1 3 1 9067 272
0x00007aca1fe4d5c0 0x000000029bb6c5c0 0 1 0 0 1 3 1 9067 280
0x00007aca1fe4d640 0x000000029bb6c640 0 0 1 0 1 3 1 9067 272
0x00007aca1fe4d6c0 0x000000029bb6c6c0 0 0 1 0 1 3 1 9067 280
0x00007aca1fe4d740 0x000000029bb6c740 0 1 1 0 1 3 1 9067 272
0x00007aca1fe4d7c0 0x000000029bb6c7c0 0 1 1 0 1 3 1 9067 280
0x00007aca1fe4d840 0x000000029bb6c840 0 0 0 0 1 3 1 9067 288
0x00007aca1fe4d8c0 0x000000029bb6c8c0 0 0 0 0 1 3 1 9067 296
0x00007aca1fe4d940 0x000000029bb6c940 0 1 0 0 1 3 1 9067 288
0x00007aca1fe4d9c0 0x000000029bb6c9c0 0 1 0 0 1 3 1 9067 296
0x00007aca1fe4da40 0x000000029bb6ca40 0 0 1 0 1 3 1 9067 288
0x00007aca1fe4dac0 0x000000029bb6cac0 0 0 1 0 1 3 1 9067 296
0x00007aca1fe4db40 0x000000029bb6cb40 0 1 1 0 1 3 1 9067 288
0x00007aca1fe4dbc0 0x000000029bb6cbc0 0 1 1 0 1 3 1 9067 296
0x00007aca1fe4dc40 0x000000029bb6cc40 0 0 0 0 1 3 1 9067 304
0x00007aca1fe4dcc0 0x000000029bb6ccc0 0 0 0 0 1 3 1 9067 312
0x00007aca1fe4dd40 0x000000029bb6cd40 0 1 0 0 1 3 1 9067 304
0x00007aca1fe4ddc0 0x000000029bb6cdc0 0 1 0 0 1 3 1 9067 312
0x00007aca1fe4de40 0x000000029bb6ce40 0 0 1 0 1 3 1 9067 304
0x00007aca1fe4dec0 0x000000029bb6cec0 0 0 1 0 1 3 1 9067 312
0x00007aca1fe4df40 0x000000029bb6cf40 0 1 1 0 1 3 1 9067 304
0x00007aca1fe4dfc0 0x000000029bb6cfc0 0 1 1 0 1 3 1 9067 312
0x00007aca1fe58040 0x0000000636b6a040 0 0 0 0 1 3 1 22235 128
0x00007aca1fe580c0 0x0000000636b6a0c0 0 0 0 0 1 3 1 22235 136
0x00007aca1fe58140 0x0000000636b6a140 0 1 0 0 1 3 1 22235 128
0x00007aca1fe581c0 0x0000000636b6a1c0 0 1 0 0 1 3 1 22235 136
0x00007aca1fe58240 0x0000000636b6a240 0 0 1 0 1 3 1 22235 128
0x00007aca1fe582c0 0x0000000636b6a2c0 0 0 1 0 1 3 1 22235 136
0x00007aca1fe58340 0x0000000636b6a340 0 1 1 0 1 3 1 22235 128
0x00007aca1fe583c0 0x0000000636b6a3c0 0 1 1 0 1 3 1 22235 136
0x00007aca1fe58440 0x0000000636b6a440 0 0 0 0 1 3 1 22235 144
0x00007aca1fe584c0 0x0000000636b6a4c0 0 0 0 0 1 3 1 22235 152
0x00007aca1fe58540 0x0000000636b6a540 0 1 0 0 1 3 1 22235 144
0x00007aca1fe585c0 0x0000000636b6a5c0 0 1 0 0 1 3 1 22235 152
0x00007aca1fe58640 0x0000000636b6a640 0 0 1 0 1 3 1 22235 144
0x00007aca1fe586c0 0x0000000636b6a6c0 0 0 1 0 1 3 1 22235 152
0x00007aca1fe58740 0x0000000636b6a740 0 1 1 0 1 3 1 22235 144
0x00007aca1fe587c0 0x0000000636b6a7c0 0 1 1 0 1 3 1 22235 152
0x00007aca1fe58840 0x0000000636b6a840 0 0 0 0 1 3 1 22235 160
0x00007aca1fe588c0 0x0000000636b6a8c0 0 0 0 0 1 3 1 22235 168
0x00007aca1fe58940 0x0000000636b6a940 0 1 0 0 1 3 1 22235 160
0x00007aca1fe589c0 0x0000000636b6a9c0 0 1 0 0 1 3 1 22235 168
0x00007aca1fe58a40 0x0000000636b6aa40 0 0 1 0 1 3 1 22235 160
0x00007aca1fe58ac0 0x0000000636b6aac0 0 0 1 0 1 3 1 22235 168
0x00007aca1fe58b40 0x0000000636b6ab40 0 1 1 0 1 3 1 22235 160
0x00007aca1fe58bc0 0x0000000636b6abc0 0 1 1 0 1 3 1 22235 168
0x00007aca1fe58c40 0x0000000636b6ac40 0 0 0 0 1 3 1 22235 176
0x00007aca1fe58cc0 0x0000000636b6acc0 0 0 0 0 1 3 1 22235 184
0x00007aca1fe58d40 0x0000000636b6ad40 0 1 0 0 1 3 1 22235 176
0x00007aca1fe58dc0 0x0000000636b6adc0 0 1 0 0 1 3 1 22235 184
0x00007aca1fe58e40 0x0000000636b6ae40 0 0 1 0 1 3 1 22235 176
0x00007aca1fe58ec0 0x0000000636b6aec0 0 0 1 0 1 3 1 22235 184
0x00007aca1fe58f40 0x0000000636b6af40 0 1 1 0 1 3 1 22235 176
0x00007aca1fe58fc0 0x0000000636b6afc0 0 1 1 0 1 3 1 22235 184
0x00007aca1fe5f040 0x0000000c1a32d040 0 0 0 0 1 3 1 45905 320
0x00007aca1fe5f0c0 0x0000000c1a32d0c0 0 0 0 0 1 3 1 45905 328
0x00007aca1fe5f140 0x0000000c1a32d140 0 1 0 0 1 3 1 45905 320
0x00007aca1fe5f1c0 0x0000000c1a32d1c0 0 1 0 0 1 3 1 45905 328
0x00007aca1fe5f240 0x0000000c1a32d240 0 0 1 0 1 3 1 45905 320
0x00007aca1fe5f2c0 0x0000000c1a32d2c0 0 0 1 0 1 3 1 45905 328
0x00007aca1fe5f340 0x0000000c1a32d340 0 1 1 0 1 3 1 45905 320
0x00007aca1fe5f3c0 0x0000000c1a32d3c0 0 1 1 0 1 3 1 45905 328
0x00007aca1fe5f440 0x0000000c1a32d440 0 0 0 0 1 3 1 45905 336
0x00007aca1fe5f4c0 0x0000000c1a32d4c0 0 0 0 0 1 3 1 45905 344
0x00007aca1fe5f540 0x0000000c1a32d540 0 1 0 0 1 3 1 45905 336
0x00007aca1fe5f5c0 0x0000000c1a32d5c0 0 1 0 0 1 3 1 45905 344
0x00007aca1fe5f640 0x0000000c1a32d640 0 0 1 0 1 3 1 45905 336
0x00007aca1fe5f6c0 0x0000000c1a32d6c0 0 0 1 0 1 3 1 45905 344
0x00007aca1fe5f740 0x0000000c1a32d740 0 1 1 0 1 3 1 45905 336
0x00007aca1fe5f7c0 0x0000000c1a32d7c0 0 1 1 0 1 3 1 45905 344
0x00007aca1fe5f840 0x0000000c1a32d840 0 0 0 0 1 3 1 45905 352
0x00007aca1fe5f8c0 0x0000000c1a32d8c0 0 0 0 0 1 3 1 45905 360
0x00007aca1fe5f940 0x0000000c1a32d940 0 1 0 0 1 3 1 45905 352
0x00007aca1fe5f9c0 0x0000000c1a32d9c0 0 1 0 0 1 3 1 45905 360
0x00007aca1fe5fa40 0x0000000c1a32da40 0 0 1 0 1 3 1 45905 352
0x00007aca1fe5fac0 0x0000000c1a32dac0 0 0 1 0 1 3 1 45905 360
0x00007aca1fe5fb40 0x0000000c1a32db40 0 1 1 0 1 3 1 45905 352
0x00007aca1fe5fbc0 0x0000000c1a32dbc0 0 1 1 0 1 3 1 45905 360
0x00007aca1fe5fc40 0x0000000c1a32dc40 0 0 0 0 1 3 1 45905 368
0x00007aca1fe5fcc0 0x0000000c1a32dcc0 0 0 0 0 1 3 1 45905 376
0x00007aca1fe5fd40 0x0000000c1a32dd40 0 1 0 0 1 3 1 45905 368
0x00007aca1fe5fdc0 0x0000000c1a32ddc0 0 1 0 0 1 3 1 45905 376
0x00007aca1fe5fe40 0x0000000c1a32de40 0 0 1 0 1 3 1 45905 368
0x00007aca1fe5fec0 0x0000000c1a32dec0 0 0 1 0 1 3 1 45905 376
0x00007aca1fe5ff40 0x0000000c1a32df40 0 1 1 0 1 3 1 45905 368
0x00007aca1fe5ffc0 0x0000000c1a32dfc0 0 1 1 0 1 3 1 45905 376
0x00007aca1fe69040 0x00000006c0bc9040 0 0 0 0 1 3 1 26638 64
0x00007aca1fe690c0 0x00000006c0bc90c0 0 0 0 0 1 3 1 26638 72
0x00007aca1fe69140 0x00000006c0bc9140 0 1 0 0 1 3 1 26638 64
0x00007aca1fe691c0 0x00000006c0bc91c0 0 1 0 0 1 3 1 26638 72
0x00007aca1fe69240 0x00000006c0bc9240 0 0 1 0 1 3 1 26638 64
0x00007aca1fe692c0 0x00000006c0bc92c0 0 0 1 0 1 3 1 26638 72
0x00007aca1fe69340 0x00000006c0bc9340 0 1 1 0 1 3 1 26638 64
0x00007aca1fe693c0 0x00000006c0bc93c0 0 1 1 0 1 3 1 26638 72
0x00007aca1fe69440 0x00000006c0bc9440 0 0 0 0 1 3 1 26638 80
0x00007aca1fe694c0 0x00000006c0bc94c0 0 0 0 0 1 3 1 26638 88
0x00007aca1fe69540 0x00000006c0bc9540 0 1 0 0 1 3 1 26638 80
0x00007aca1fe695c0 0x00000006c0bc95c0 0 1 0 0 1 3 1 26638 88
0x00007aca1fe69640 0x00000006c0bc9640 0 0 1 0 1 3 1 26638 80
0x00007aca1fe696c0 0x00000006c0bc96c0 0 0 1 0 1 3 1 26638 88
0x00007aca1fe69740 0x00000006c0bc9740 0 1 1 0 1 3 1 26638 80
0x00007aca1fe697c0 0x00000006c0bc97c0 0 1 1 0 1 3 1 26638 88
0x00007aca1fe69840 0x00000006c0bc9840 0 0 0 0 1 3 1 26638 96
0x00007aca1fe698c0 0x00000006c0bc98c0 0 0 0 0 1 3 1 26638 104
0x00007aca1fe69940 0x00000006c0bc9940 0 1 0 0 1 3 1 26638 96
0x00007aca1fe699c0 0x00000006c0bc99c0 0 1 0 0 1 3 1 26638 104
0x00007aca1fe69a40 0x00000006c0bc9a40 0 0 1 0 1 3 1 26638 96
0x00007aca1fe69ac0 0x00000006c0bc9ac0 0 0 1 0 1 3 1 26638 104
0x00007aca1fe69b40 0x00000006c0bc9b40 0 1 1 0 1 3 1 26638 96
0x00007aca1fe69bc0 0x00000006c0bc9bc0 0 1 1 0 1 3 1 26638 104
0x00007aca1fe69c40 0x00000006c0bc9c40 0 0 0 0 1 3 1 26638 112
0x00007aca1fe69cc0 0x00000006c0bc9cc0 0 0 0 0 1 3 1 26638 120
0x00007aca1fe69d40 0x00000006c0bc9d40 0 1 0 0 1 3 1 26638 112
0x00007aca1fe69dc0 0x00000006c0bc9dc0 0 1 0 0 1 3 1 26638 120
0x00007aca1fe69e40 0x00000006c0bc9e40 0 0 1 0 1 3 1 26638 112
0x00007aca1fe69ec0 0x00000006c0bc9ec0 0 0 1 0 1 3 1 26638 120
0x00007aca1fe69f40 0x00000006c0bc9f40 0 1 1 0 1 3 1 26638 112
0x00007aca1fe69fc0 0x00000006c0bc9fc0 0 1 1 0 1 3 1 26638 120
0x00007aca1fe70040 0x00000009f4bb4040 0 0 0 0 0 3 1 40589 768
0x00007aca1fe700c0 0x00000009f4bb40c0 0 0 0 0 0 3 1 40589 776
0x00007aca1fe70140 0x00000009f4bb4140 0 1 0 0 0 3 1 40589 768
0x00007aca1fe701c0 0x00000009f4bb41c0 0 1 0 0 0 3 1 40589 776
0x00007aca1fe70240 0x00000009f4bb4240 0 0 1 0 0 3 1 40589 768
0x00007aca1fe702c0 0x00000009f4bb42c0 0 0 1 0 0 3 1 40589 776
0x00007aca1fe70340 0x00000009f4bb4340 0 1 1 0 0 3 1 40589 768
0x00007aca1fe703c0 0x00000009f4bb43c0 0 1 1 0 0 3 1 40589 776
0x00007aca1fe70440 0x00000009f4bb4440 0 0 0 0 0 3 1 40589 784
0x00007aca1fe704c0 0x00000009f4bb44c0 0 0 0 0 0 3 1 40589 792
0x00007aca1fe70540 0x00000009f4bb4540 0 1 0 0 0 3 1 40589 784
0x00007aca1fe705c0 0x00000009f4bb45c0 0 1 0 0 0 3 1 40589 792
0x00007aca1fe70640 0x00000009f4bb4640 0 0 1 0 0 3 1 40589 784
0x00007aca1fe706c0 0x00000009f4bb46c0 0 0 1 0 0 3 1 40589 792
0x00007aca1fe70740 0x00000009f4bb4740 0 1 1 0 0 3 1 40589 784
0x00007aca1fe707c0 0x00000009f4bb47c0 0 1 1 0 0 3 1 40589 792
0x00007aca1fe70840 0x00000009f4bb4840 0 0 0 0 0 3 1 40589 800
0x00007aca1fe708c0 0x00000009f4bb48c0 0 0 0 0 0 3 1 40589 808
0x00007aca1fe70940 0x00000009f4bb4940 0 1 0 0 0 3 1 40589 800
0x00007aca1fe709c0 0x00000009f4bb49c0 0 1 0 0 0 3 1 40589 808
0x00007aca1fe70a40 0x00000009f4bb4a40 0 0 1 0 0 3 1 40589 800
0x00007aca1fe70ac0 0x00000009f4bb4ac0 0 0 1 0 0 3 1 40589 808
0x00007aca1fe70b40 0x00000009f4bb4b40 0 1 1 0 0 3 1 40589 800
0x00007aca1fe70bc0 0x00000009f4bb4bc0 0 1 1 0 0 3 1 40589 808
0x00007aca1fe70c40 0x00000009f4bb4c40 0 0 0 0 0 3 1 40589 816
0x00007aca1fe70cc0 0x00000009f4bb4cc0 0 0 0 0 0 3 1 40589 824
0x00007aca1fe70d40 0x00000009f4bb4d40 0 1 0 0 0 3 1 40589 816
0x00007aca1fe70dc0 0x00000009f4bb4dc0 0 1 0 0 0 3 1 40589 824
0x00007aca1fe70e40 0x00000009f4bb4e40 0 0 1 0 0 3 1 40589 816
0x00007aca1fe70ec0 0x00000009f4bb4ec0 0 0 1 0 0 3 1 40589 824
0x00007aca1fe70f40 0x00000009f4bb4f40 0 1 1 0 0 3 1 40589 816
0x00007aca1fe70fc0 0x00000009f4bb4fc0 0 1 1 0 0 3 1 40589 824
0x00007aca1fe81040 0x0000000ae0bed040 0 0 0 0 1 3 1 44047 320
0x00007aca1fe810c0 0x0000000ae0bed0c0 0 0 0 0 1 3 1 44047 328
0x00007aca1fe81140 0x0000000ae0bed140 0 1 0 0 1 3 1 44047 320
0x00007aca1fe811c0 0x0000000ae0bed1c0 0 1 0 0 1 3 1 44047 328
0x00007aca1fe81240 0x0000000ae0bed240 0 0 1 0 1 3 1 44047 320
0x00007aca1fe812c0 0x0000000ae0bed2c0 0 0 1 0 1 3 1 44047 328
0x00007aca1fe81340 0x0000000ae0bed340 0 1 1 0 1 3 1 44047 320
0x00007aca1fe813c0 0x0000000ae0bed3c0 0 1 1 0 1 3 1 44047 328
0x00007aca1fe81440 0x0000000ae0bed440 0 0 0 0 1 3 1 44047 336
0x00007aca1fe814c0 0x0000000ae0bed4c0 0 0 0 0 1 3 1 44047 344
0x00007aca1fe81540 0x0000000ae0bed540 0 1 0 0 1 3 1 44047 336
0x00007aca1fe815c0 0x0000000ae0bed5c0 0 1 0 0 1 3 1 44047 344
0x00007aca1fe81640 0x0000000ae0bed640 0 0 1 0 1 3 1 44047 336
0x00007aca1fe816c0 0x0000000ae0bed6c0 0 0 1 0 1 3 1 44047 344
0x00007aca1fe81740 0x0000000ae0bed740 0 1 1 0 1 3 1 44047 336
0x00007aca1fe817c0 0x0000000ae0bed7c0 0 1 1 0 1 3 1 44047 344
0x00007aca1fe81840 0x0000000ae0bed840 0 0 0 0 1 3 1 44047 352
0x00007aca1fe818c0 0x0000000ae0bed8c0 0 0 0 0 1 3 1 44047 360
0x00007aca1fe81940 0x0000000ae0bed940 0 1 0 0 1 3 1 44047 352
0x00007aca1fe819c0 0x0000000ae0bed9c0 0 1 0 0 1 3 1 44047 360
0x00007aca1fe81a40 0x0000000ae0beda40 0 0 1 0 1 3 1 44047 352
0x00007aca1fe81ac0 0x0000000ae0bedac0 0 0 1 0 1 3 1 44047 360
0x00007aca1fe81b40 0x0000000ae0bedb40 0 1 1 0 1 3 1 44047 352
0x00007aca1fe81bc0 0x0000000ae0bedbc0 0 1 1 0 1 3 1 44047 360
0x00007aca1fe81c40 0x0000000ae0bedc40 0 0 0 0 1 3 1 44047 368
0x00007aca1fe81cc0 0x0000000ae0bedcc0 0 0 0 0 1 3 1 44047 376
0x00007aca1fe81d40 0x0000000ae0bedd40 0 1 0 0 1 3 1 44047 368
0x00007aca1fe81dc0 0x0000000ae0beddc0 0 1 0 0 1 3 1 44047 376
0x00007aca1fe81e40 0x0000000ae0bede40 0 0 1 0 1 3 1 44047 368
0x00007aca1fe81ec0 0x0000000ae0bedec0 0 0 1 0 1 3 1 44047 376
0x00007aca1fe81f40 0x0000000ae0bedf40 0 1 1 0 1 3 1 44047 368
0x00007aca1fe81fc0 0x0000000ae0bedfc0 0 1 1 0 1 3 1 44047 376
0x00007aca1fe85040 0x0000000897369040 0 0 0 0 1 3 1 33507 64
0x00007aca1fe850c0 0x00000008973690c0 0 0 0 0 1 3 1 33507 72
0x00007aca1fe85140 0x0000000897369140 0 1 0 0 1 3 1 33507 64
0x00007aca1fe851c0 0x00000008973691c0 0 1 0 0 1 3 1 33507 72
0x00007aca1fe85240 0x0000000897369240 0 0 1 0 1 3 1 33507 64
0x00007aca1fe852c0 0x00000008973692c0 0 0 1 0 1 3 1 33507 72
0x00007aca1fe85340 0x0000000897369340 0 1 1 0 1 3 1 33507 64
0x00007aca1fe853c0 0x00000008973693c0 0 1 1 0 1 3 1 33507 72
0x00007aca1fe85440 0x0000000897369440 0 0 0 0 1 3 1 33507 80
0x00007aca1fe854c0 0x00000008973694c0 0 0 0 0 1 3 1 33507 88
0x00007aca1fe85540 0x0000000897369540 0 1 0 0 1 3 1 33507 80
0x00007aca1fe855c0 0x00000008973695c0 0 1 0 0 1 3 1 33507 88
0x00007aca1fe85640 0x0000000897369640 0 0 1 0 1 3 1 33507 80
0x00007aca1fe856c0 0x00000008973696c0 0 0 1 0 1 3 1 33507 88
0x00007aca1fe85740 0x0000000897369740 0 1 1 0 1 3 1 33507 80
0x00007aca1fe857c0 0x00000008973697c0 0 1 1 0 1 3 1 33507 88
0x00007aca1fe85840 0x0000000897369840 0 0 0 0 1 3 1 33507 96
0x00007aca1fe858c0 0x00000008973698c0 0 0 0 0 1 3 1 33507 104
0x00007aca1fe85940 0x0000000897369940 0 1 0 0 1 3 1 33507 96
0x00007aca1fe859c0 0x00000008973699c0 0 1 0 0 1 3 1 33507 104
0x00007aca1fe85a40 0x0000000897369a40 0 0 1 0 1 3 1 33507 96
0x00007aca1fe85ac0 0x0000000897369ac0 0 0 1 0 1 3 1 33507 104
0x00007aca1fe85b40 0x0000000897369b40 0 1 1 0 1 3 1 33507 96
0x00007aca1fe85bc0 0x0000000897369bc0 0 1 1 0 1 3 1 33507 104
0x00007aca1fe85c40 0x0000000897369c40 0 0 0 0 1 3 1 33507 112
0x00007aca1fe85cc0 0x0000000897369cc0 0 0 0 0 1 3 1 33507 120
0x00007aca1fe85d40 0x0000000897369d40 0 1 0 0 1 3 1 33507 112
0x00007aca1fe85dc0 0x0000000897369dc0 0 1 0 0 1 3 1 33507 120
0x00007aca1fe85e40 0x0000000897369e40 0 0 1 0 1 3 1 33507 112
0x00007aca1fe85ec0 0x0000000897369ec0 0 0 1 0 1 3 1 33507 120
0x00007aca1fe85f40 0x0000000897369f40 0 1 1 0 1 3 1 33507 112
0x00007aca1fe85fc0 0x0000000897369fc0 0 1 1 0 1 3 1 33507 120
0x00007aca1fe8a040 0x0000000ebf3dd040 0 0 0 0 1 3 1 59366 832
0x00007aca1fe8a0c0 0x0000000ebf3dd0c0 0 0 0 0 1 3 1 59366 840
0x00007aca1fe8a140 0x0000000ebf3dd140 0 1 0 0 1 3 1 59366 832
0x00007aca1fe8a1c0 0x0000000ebf3dd1c0 0 1 0 0 1 3 1 59366 840
0x00007aca1fe8a240 0x0000000ebf3dd240 0 0 1 0 1 3 1 59366 832
0x00007aca1fe8a2c0 0x0000000ebf3dd2c0 0 0 1 0 1 3 1 59366 840
0x00007aca1fe8a340 0x0000000ebf3dd340 0 1 1 0 1 3 1 59366 832
0x00007aca1fe8a3c0 0x0000000ebf3dd3c0 0 1 1 0 1 3 1 59366 840
0x00007aca1fe8a440 0x0000000ebf3dd440 0 0 0 0 1 3 1 59366 848
0x00007aca1fe8a4c0 0x0000000ebf3dd4c0 0 0 0 0 1 3 1 59366 856
0x00007aca1fe8a540 0x0000000ebf3dd540 0 1 0 0 1 3 1 59366 848
0x00007aca1fe8a5c0 0x0000000ebf3dd5c0 0 1 0 0 1 3 1 59366 856
0x00007aca1fe8a640 0x0000000ebf3dd640 0 0 1 0 1 3 1 59366 848
0x00007aca1fe8a6c0 0x0000000ebf3dd6c0 0 0 1 0 1 3 1 59366 856
0x00007aca1fe8a740 0x0000000ebf3dd740 0 1 1 0 1 3 1 59366 848
0x00007aca1fe8a7c0 0x0000000ebf3dd7c0 0 1 1 0 1 3 1 59366 856
0x00007aca1fe8a840 0x0000000ebf3dd840 0 0 0 0 1 3 1 59366 864
0x00007aca1fe8a8c0 0x0000000ebf3dd8c0 0 0 0 0 1 3 1 59366 872
0x00007aca1fe8a940 0x0000000ebf3dd940 0 1 0 0 1 3 1 59366 864
0x00007aca1fe8a9c0 0x0000000ebf3dd9c0 0 1 0 0 1 3 1 59366 872
0x00007aca1fe8aa40 0x0000000ebf3dda40 0 0 1 0 1 3 1 59366 864
0x00007aca1fe8aac0 0x0000000ebf3ddac0 0 0 1 0 1 3 1 59366 872
0x00007aca1fe8ab40 0x0000000ebf3ddb40 0 1 1 0 1 3 1 59366 864
0x00007aca1fe8abc0 0x0000000ebf3ddbc0 0 1 1 0 1 3 1 59366 872
0x00007aca1fe8ac40 0x0000000ebf3ddc40 0 0 0 0 1 3 1 59366 880
0x00007aca1fe8acc0 0x0000000ebf3ddcc0 0 0 0 0 1 3 1 59366 888
0x00007aca1fe8ad40 0x0000000ebf3ddd40 0 1 0 0 1 3 1 59366 880
0x00007aca1fe8adc0 0x0000000ebf3dddc0 0 1 0 0 1 3 1 59366 888
0x00007aca1fe8ae40 0x0000000ebf3dde40 0 0 1 0 1 3 1 59366 880
0x00007aca1fe8aec0 0x0000000ebf3ddec0 0 0 1 0 1 3 1 59366 888
0x00007aca1fe8af40 0x0000000ebf3ddf40 0 1 1 0 1 3 1 59366 880
0x00007aca1fe8afc0 0x0000000ebf3ddfc0 0 1 1 0 1 3 1 59366 888
0x00007aca1fe90040 0x00000006e6b4a040 0 0 0 0 1 3 1 27850 128
0x00007aca1fe900c0 0x00000006e6b4a0c0 0 0 0 0 1 3 1 27850 136
0x00007aca1fe90140 0x00000006e6b4a140 0 1 0 0 1 3 1 27850 128
0x00007aca1fe901c0 0x00000006e6b4a1c0 0 1 0 0 1 3 1 27850 136
0x00007aca1fe90240 0x00000006e6b4a240 0 0 1 0 1 3 1 27850 128
0x00007aca1fe902c0 0x00000006e6b4a2c0 0 0 1 0 1 3 1 27850 136
0x00007aca1fe90340 0x00000006e6b4a340 0 1 1 0 1 3 1 27850 128
0x00007aca1fe903c0 0x00000006e6b4a3c0 0 1 1 0 1 3 1 27850 136
0x00007aca1fe90440 0x00000006e6b4a440 0 0 0 0 1 3 1 27850 144
0x00007aca1fe904c0 0x00000006e6b4a4c0 0 0 0 0 1 3 1 27850 152
0x00007aca1fe90540 0x00000006e6b4a540 0 1 0 0 1 3 1 27850 144
0x00007aca1fe905c0 0x00000006e6b4a5c0 0 1 0 0 1 3 1 27850 152
0x00007aca1fe90640 0x00000006e6b4a640 0 0 1 0 1 3 1 27850 144
0x00007aca1fe906c0 0x00000006e6b4a6c0 0 0 1 0 1 3 1 27850 152
0x00007aca1fe90740 0x00000006e6b4a740 0 1 1 0 1 3 1 27850 144
0x00007aca1fe907c0 0x00000006e6b4a7c0 0 1 1 0 1 3 1 27850 152
0x00007aca1fe90840 0x00000006e6b4a840 0 0 0 0 1 3 1 27850 160
0x00007aca1fe908c0 0x00000006e6b4a8c0 0 0 0 0 1 3 1 27850 168
0x00007aca1fe90940 0x00000006e6b4a940 0 1 0 0 1 3 1 27850 160
0x00007aca1fe909c0 0x00000006e6b4a9c0 0 1 0 0 1 3 1 27850 168
0x00007aca1fe90a40 0x00000006e6b4aa40 0 0 1 0 1 3 1 27850 160
0x00007aca1fe90ac0 0x00000006e6b4aac0 0 0 1 0 1 3 1 27850 168
0x00007aca1fe90b40 0x00000006e6b4ab40 0 1 1 0 1 3 1 27850 160
0x00007aca1fe90bc0 0x00000006e6b4abc0 0 1 1 0 1 3 1 27850 168
0x00007aca1fe90c40 0x00000006e6b4ac40 0 0 0 0 1 3 1 27850 176
0x00007aca1fe90cc0 0x00000006e6b4acc0 0 0 0 0 1 3 1 27850 184
0x00007aca1fe90d40 0x00000006e6b4ad40 0 1 0 0 1 3 1 27850 176
0x00007aca1fe90dc0 0x00000006e6b4adc0 0 1 0 0 1 3 1 27850 184
0x00007aca1fe90e40 0x00000006e6b4ae40 0 0 1 0 1 3 1 27850 176
0x00007aca1fe90ec0 0x00000006e6b4aec0 0 0 1 0 1 3 1 27850 184
0x00007aca1fe90f40 0x00000006e6b4af40 0 1 1 0 1 3 1 27850 176
0x00007aca1fe90fc0 0x00000006e6b4afc0 0 1 1 0 1 3 1 27850 184
0x00007aca1fe91040 0x0000000c54b0f040 0 0 0 0 1 3 1 47768 448
0x00007aca1fe910c0 0x0000000c54b0f0c0 0 0 0 0 1 3 1 47768 456
0x00007aca1fe91140 0x0000000c54b0f140 0 1 0 0 1 3 1 47768 448
0x00007aca1fe911c0 0x0000000c54b0f1c0 0 1 0 0 1 3 1 47768 456
0x00007aca1fe91240 0x0000000c54b0f240 0 0 1 0 1 3 1 47768 448
0x00007aca1fe912c0 0x0000000c54b0f2c0 0 0 1 0 1 3 1 47768 456
0x00007aca1fe91340 0x0000000c54b0f340 0 1 1 0 1 3 1 47768 448
0x00007aca1fe913c0 0x0000000c54b0f3c0 0 1 1 0 1 3 1 47768 456
0x00007aca1fe91440 0x0000000c54b0f440 0 0 0 0 1 3 1 47768 464
0x00007aca1fe914c0 0x0000000c54b0f4c0 0 0 0 0 1 3 1 47768 472
0x00007aca1fe91540 0x0000000c54b0f540 0 1 0 0 1 3 1 47768 464
0x00007aca1fe915c0 0x0000000c54b0f5c0 0 1 0 0 1 3 1 47768 472
0x00007aca1fe91640 0x0000000c54b0f640 0 0 1 0 1 3 1 47768 464
0x00007aca1fe916c0 0x0000000c54b0f6c0 0 0 1 0 1 3 1 47768 472
0x00007aca1fe91740 0x0000000c54b0f740 0 1 1 0 1 3 1 47768 464
0x00007aca1fe917c0 0x0000000c54b0f7c0 0 1 1 0 1 3 1 47768 472
0x00007aca1fe91840 0x0000000c54b0f840 0 0 0 0 1 3 1 47768 480
0x00007aca1fe918c0 0x0000000c54b0f8c0 0 0 0 0 1 3 1 47768 488
0x00007aca1fe91940 0x0000000c54b0f940 0 1 0 0 1 3 1 47768 480
0x00007aca1fe919c0 0x0000000c54b0f9c0 0 1 0 0 1 3 1 47768 488
0x00007aca1fe91a40 0x0000000c54b0fa40 0 0 1 0 1 3 1 47768 480
0x00007aca1fe91ac0 0x0000000c54b0fac0 0 0 1 0 1 3 1 47768 488
0x00007aca1fe91b40 0x0000000c54b0fb40 0 1 1 0 1 3 1 47768 480
0x00007aca1fe91bc0 0x0000000c54b0fbc0 0 1 1 0 1 3 1 47768 488
0x00007aca1fe91c40 0x0000000c54b0fc40 0 0 0 0 1 3 1 47768 496
0x00007aca1fe91cc0 0x0000000c54b0fcc0 0 0 0 0 1 3 1 47768 504
0x00007aca1fe91d40 0x0000000c54b0fd40 0 1 0 0 1 3 1 47768 496
0x00007aca1fe91dc0 0x0000000c54b0fdc0 0 1 0 0 1 3 1 47768 504
0x00007aca1fe91e40 0x0000000c54b0fe40 0 0 1 0 1 3 1 47768 496
0x00007aca1fe91ec0 0x0000000c54b0fec0 0 0 1 0 1 3 1 47768 504
0x00007aca1fe91f40 0x0000000c54b0ff40 0 1 1 0 1 3 1 47768 496
0x00007aca1fe91fc0 0x0000000c54b0ffc0 0 1 1 0 1 3 1 47768 504
0x00007aca1fe96040 0x000000036cb9f040 0 0 0 0 1 3 1 11676 960
0x00007aca1fe960c0 0x000000036cb9f0c0 0 0 0 0 1 3 1 11676 968
0x00007aca1fe96140 0x000000036cb9f140 0 1 0 0 1 3 1 11676 960
0x00007aca1fe961c0 0x000000036cb9f1c0 0 1 0 0 1 3 1 11676 968
0x00007aca1fe96240 0x000000036cb9f240 0 0 1 0 1 3 1 11676 960
0x00007aca1fe962c0 0x000000036cb9f2c0 0 0 1 0 1 3 1 11676 968
0x00007aca1fe96340 0x000000036cb9f340 0 1 1 0 1 3 1 11676 960
0x00007aca1fe963c0 0x000000036cb9f3c0 0 1 1 0 1 3 1 11676 968
0x00007aca1fe96440 0x000000036cb9f440 0 0 0 0 1 3 1 11676 976
0x00007aca1fe964c0 0x000000036cb9f4c0 0 0 0 0 1 3 1 11676 984
0x00007aca1fe96540 0x000000036cb9f540 0 1 0 0 1 3 1 11676 976
0x00007aca1fe965c0 0x000000036cb9f5c0 0 1 0 0 1 3 1 11676 984
0x00007aca1fe96640 0x000000036cb9f640 0 0 1 0 1 3 1 11676 976
0x00007aca1fe966c0 0x000000036cb9f6c0 0 0 1 0 1 3 1 11676 984
0x00007aca1fe96740 0x000000036cb9f740 0 1 1 0 1 3 1 11676 976
0x00007aca1fe967c0 0x000000036cb9f7c0 0 1 1 0 1 3 1 11676 984
0x00007aca1fe96840 0x000000036cb9f840 0 0 0 0 1 3 1 11676 992
0x00007aca1fe968c0 0x000000036cb9f8c0 0 0 0 0 1 3 1 11676 1000
0x00007aca1fe96940 0x000000036cb9f940 0 1 0 0 1 3 1 11676 992
0x00007aca1fe969c0 0x000000036cb9f9c0 0 1 0 0 1 3 1 11676 1000
0x00007aca1fe96a40 0x000000036cb9fa40 0 0 1 0 1 3 1 11676 992
0x00007aca1fe96ac0 0x000000036cb9fac0 0 0 1 0 1 3 1 11676 1000
0x00007aca1fe96b40 0x000000036cb9fb40 0 1 1 0 1 3 1 11676 992
0x00007aca1fe96bc0 0x000000036cb9fbc0 0 1 1 0 1 3 1 11676 1000
0x00007aca1fe96c40 0x000000036cb9fc40 0 0 0 0 1 3 1 11676 1008
0x00007aca1fe96cc0 0x000000036cb9fcc0 0 0 0 0 1 3 1 11676 1016
0x00007aca1fe96d40 0x000000036cb9fd40 0 1 0 0 1 3 1 11676 1008
0x00007aca1fe96dc0 0x000000036cb9fdc0 0 1 0 0 1 3 1 11676 1016
0x00007aca1fe96e40 0x000000036cb9fe40 0 0 1 0 1 3 1 11676 1008
0x00007aca1fe96ec0 0x000000036cb9fec0 0 0 1 0 1 3 1 11676 1016
0x00007aca1fe96f40 0x000000036cb9ff40 0 1 1 0 1 3 1 11676 1008
0x00007aca1fe96fc0 0x000000036cb9ffc0 0 1 1 0 1 3 1 11676 1016
0x00007aca1fe97040 0x0000000ebf3c9040 0 0 0 0 1 3 1 59366 64
0x00007aca1fe970c0 0x0000000ebf3c90c0 0 0 0 0 1 3 1 59366 72
0x00007aca1fe97140 0x0000000ebf3c9140 0 1 0 0 1 3 1 59366 64
0x00007aca1fe971c0 0x0000000ebf3c91c0 0 1 0 0 1 3 1 59366 72
0x00007aca1fe97240 0x0000000ebf3c9240 0 0 1 0 1 3 1 59366 64
0x00007aca1fe972c0 0x0000000ebf3c92c0 0 0 1 0 1 3 1 59366 72
0x00007aca1fe97340 0x0000000ebf3c9340 0 1 1 0 1 3 1 59366 64
0x00007aca1fe973c0 0x0000000ebf3c93c0 0 1 1 0 1 3 1 59366 72
0x00007aca1fe97440 0x0000000ebf3c9440 0 0 0 0 1 3 1 59366 80
0x00007aca1fe974c0 0x0000000ebf3c94c0 0 0 0 0 1 3 1 59366 88
0x00007aca1fe97540 0x0000000ebf3c9540 0 1 0 0 1 3 1 59366 80
0x00007aca1fe975c0 0x0000000ebf3c95c0 0 1 0 0 1 3 1 59366 88
0x00007aca1fe97640 0x0000000ebf3c9640 0 0 1 0 1 3 1 59366 80
0x00007aca1fe976c0 0x0000000ebf3c96c0 0 0 1 0 1 3 1 59366 88
0x00007aca1fe97740 0x0000000ebf3c9740 0 1 1 0 1 3 1 59366 80
0x00007aca1fe977c0 0x0000000ebf3c97c0 0 1 1 0 1 3 1 59366 88
0x00007aca1fe97840 0x0000000ebf3c9840 0 0 0 0 1 3 1 59366 96
0x00007aca1fe978c0 0x0000000ebf3c98c0 0 0 0 0 1 3 1 59366 104
0x00007aca1fe97940 0x0000000ebf3c9940 0 1 0 0 1 3 1 59366 96
0x00007aca1fe979c0 0x0000000ebf3c99c0 0 1 0 0 1 3 1 59366 104
0x00007aca1fe97a40 0x0000000ebf3c9a40 0 0 1 0 1 3 1 59366 96
0x00007aca1fe97ac0 0x0000000ebf3c9ac0 0 0 1 0 1 3 1 59366 104
0x00007aca1fe97b40 0x0000000ebf3c9b40 0 1 1 0 1 3 1 59366 96
0x00007aca1fe97bc0 0x0000000ebf3c9bc0 0 1 1 0 1 3 1 59366 104
0x00007aca1fe97c40 0x0000000ebf3c9c40 0 0 0 0 1 3 1 59366 112
0x00007aca1fe97cc0 0x0000000ebf3c9cc0 0 0 0 0 1 3 1 59366 120
0x00007aca1fe97d40 0x0000000ebf3c9d40 0 1 0 0 1 3 1 59366 112
0x00007aca1fe97dc0 0x0000000ebf3c9dc0 0 1 0 0 1 3 1 59366 120
0x00007aca1fe97e40 0x0000000ebf3c9e40 0 0 1 0 1 3 1 59366 112
0x00007aca1fe97ec0 0x0000000ebf3c9ec0 0 0 1 0 1 3 1 59366 120
0x00007aca1fe97f40 0x0000000ebf3c9f40 0 1 1 0 1 3 1 59366 112
0x00007aca1fe97fc0 0x0000000ebf3c9fc0 0 1 1 0 1 3 1 59366 120
0x00007aca1fea8040 0x000000039b39d040 0 0 0 0 1 3 1 13156 832
0x00007aca1fea80c0 0x000000039b39d0c0 0 0 0 0 1 3 1 13156 840
0x00007aca1fea8140 0x000000039b39d140 0 1 0 0 1 3 1 13156 832
0x00007aca1fea81c0 0x000000039b39d1c0 0 1 0 0 1 3 1 13156 840
0x00007aca1fea8240 0x000000039b39d240 0 0 1 0 1 3 1 13156 832
0x00007aca1fea82c0 0x000000039b39d2c0 0 0 1 0 1 3 1 13156 840
0x00007aca1fea8340 0x000000039b39d340 0 1 1 0 1 3 1 13156 832
0x00007aca1fea83c0 0x000000039b39d3c0 0 1 1 0 1 3 1 13156 840
0x00007aca1fea8440 0x000000039b39d440 0 0 0 0 1 3 1 13156 848
0x00007aca1fea84c0 0x000000039b39d4c0 0 0 0 0 1 3 1 13156 856
0x00007aca1fea8540 0x000000039b39d540 0 1 0 0 1 3 1 13156 848
0x00007aca1fea85c0 0x000000039b39d5c0 0 1 0 0 1 3 1 13156 856
0x00007aca1fea8640 0x000000039b39d640 0 0 1 0 1 3 1 13156 848
0x00007aca1fea86c0 0x000000039b39d6c0 0 0 1 0 1 3 1 13156 856
0x00007aca1fea8740 0x000000039b39d740 0 1 1 0 1 3 1 13156 848
0x00007aca1fea87c0 0x000000039b39d7c0 0 1 1 0 1 3 1 13156 856
0x00007aca1fea8840 0x000000039b39d840 0 0 0 0 1 3 1 13156 864
0x00007aca1fea88c0 0x000000039b39d8c0 0 0 0 0 1 3 1 13156 872
0x00007aca1fea8940 0x000000039b39d940 0 1 0 0 1 3 1 13156 864
0x00007aca1fea89c0 0x000000039b39d9c0 0 1 0 0 1 3 1 13156 872
0x00007aca1fea8a40 0x000000039b39da40 0 0 1 0 1 3 1 13156 864
0x00007aca1fea8ac0 0x000000039b39dac0 0 0 1 0 1 3 1 13156 872
0x00007aca1fea8b40 0x000000039b39db40 0 1 1 0 1 3 1 13156 864
0x00007aca1fea8bc0 0x000000039b39dbc0 0 1 1 0 1 3 1 13156 872
0x00007aca1fea8c40 0x000000039b39dc40 0 0 0 0 1 3 1 13156 880
0x00007aca1fea8cc0 0x000000039b39dcc0 0 0 0 0 1 3 1 13156 888
0x00007aca1fea8d40 0x000000039b39dd40 0 1 0 0 1 3 1 13156 880
0x00007aca1fea8dc0 0x000000039b39ddc0 0 1 0 0 1 3 1 13156 888
0x00007aca1fea8e40 0x000000039b39de40 0 0 1 0 1 3 1 13156 880
0x00007aca1fea8ec0 0x000000039b39dec0 0 0 1 0 1 3 1 13156 888
0x00007aca1fea8f40 0x000000039b39df40 0 1 1 0 1 3 1 13156 880
0x00007aca1fea8fc0 0x000000039b39dfc0 0 1 1 0 1 3 1 13156 888
0x00007aca1feb5040 0x00000008e3b9b040 0 0 0 0 1 3 1 35948 704
0x00007aca1feb50c0 0x00000008e3b9b0c0 0 0 0 0 1 3 1 35948 712
0x00007aca1feb5140 0x00000008e3b9b140 0 1 0 0 1 3 1 35948 704
0x00007aca1feb51c0 0x00000008e3b9b1c0 0 1 0 0 1 3 1 35948 712
0x00007aca1feb5240 0x00000008e3b9b240 0 0 1 0 1 3 1 35948 704
0x00007aca1feb52c0 0x00000008e3b9b2c0 0 0 1 0 1 3 1 35948 712
0x00007aca1feb5340 0x00000008e3b9b340 0 1 1 0 1 3 1 35948 704
0x00007aca1feb53c0 0x00000008e3b9b3c0 0 1 1 0 1 3 1 35948 712
0x00007aca1feb5440 0x00000008e3b9b440 0 0 0 0 1 3 1 35948 720
0x00007aca1feb54c0 0x00000008e3b9b4c0 0 0 0 0 1 3 1 35948 728
0x00007aca1feb5540 0x00000008e3b9b540 0 1 0 0 1 3 1 35948 720
0x00007aca1feb55c0 0x00000008e3b9b5c0 0 1 0 0 1 3 1 35948 728
0x00007aca1feb5640 0x00000008e3b9b640 0 0 1 0 1 3 1 35948 720
0x00007aca1feb56c0 0x00000008e3b9b6c0 0 0 1 0 1 3 1 35948 728
0x00007aca1feb5740 0x00000008e3b9b740 0 1 1 0 1 3 1 35948 720
0x00007aca1feb57c0 0x00000008e3b9b7c0 0 1 1 0 1 3 1 35948 728
0x00007aca1feb5840 0x00000008e3b9b840 0 0 0 0 1 3 1 35948 736
0x00007aca1feb58c0 0x00000008e3b9b8c0 0 0 0 0 1 3 1 35948 744
0x00007aca1feb5940 0x00000008e3b9b940 0 1 0 0 1 3 1 35948 736
0x00007aca1feb59c0 0x00000008e3b9b9c0 0 1 0 0 1 3 1 35948 744
0x00007aca1feb5a40 0x00000008e3b9ba40 0 0 1 0 1 3 1 35948 736
0x00007aca1feb5ac0 0x00000008e3b9bac0 0 0 1 0 1 3 1 35948 744
0x00007aca1feb5b40 0x00000008e3b9bb40 0 1 1 0 1 3 1 35948 736
0x00007aca1feb5bc0 0x00000008e3b9bbc0 0 1 1 0 1 3 1 35948 744
0x00007aca1feb5c40 0x00000008e3b9bc40 0 0 0 0 1 3 1 35948 752
0x00007aca1feb5cc0 0x00000008e3b9bcc0 0 0 0 0 1 3 1 35948 760
0x00007aca1feb5d40 0x00000008e3b9bd40 0 1 0 0 1 3 1 35948 752
0x00007aca1feb5dc0 0x00000008e3b9bdc0 0 1 0 0 1 3 1 35948 760
0x00007aca1feb5e40 0x00000008e3b9be40 0 0 1 0 1 3 1 35948 752
0x00007aca1feb5ec0 0x00000008e3b9bec0 0 0 1 0 1 3 1 35948 760
0x00007aca1feb5f40 0x00000008e3b9bf40 0 1 1 0 1 3 1 35948 752
0x00007aca1feb5fc0 0x00000008e3b9bfc0 0 1 1 0 1 3 1 35948 760
0x00007aca1feb6040 0x000000074dbee040 0 0 0 0 1 3 1 27071 384
0x00007aca1feb60c0 0x000000074dbee0c0 0 0 0 0 1 3 1 27071 392
0x00007aca1feb6140 0x000000074dbee140 0 1 0 0 1 3 1 27071 384
0x00007aca1feb61c0 0x000000074dbee1c0 0 1 0 0 1 3 1 27071 392
0x00007aca1feb6240 0x000000074dbee240 0 0 1 0 1 3 1 27071 384
0x00007aca1feb62c0 0x000000074dbee2c0 0 0 1 0 1 3 1 27071 392
0x00007aca1feb6340 0x000000074dbee340 0 1 1 0 1 3 1 27071 384
0x00007aca1feb63c0 0x000000074dbee3c0 0 1 1 0 1 3 1 27071 392
0x00007aca1feb6440 0x000000074dbee440 0 0 0 0 1 3 1 27071 400
0x00007aca1feb64c0 0x000000074dbee4c0 0 0 0 0 1 3 1 27071 408
0x00007aca1feb6540 0x000000074dbee540 0 1 0 0 1 3 1 27071 400
0x00007aca1feb65c0 0x000000074dbee5c0 0 1 0 0 1 3 1 27071 408
0x00007aca1feb6640 0x000000074dbee640 0 0 1 0 1 3 1 27071 400
0x00007aca1feb66c0 0x000000074dbee6c0 0 0 1 0 1 3 1 27071 408
0x00007aca1feb6740 0x000000074dbee740 0 1 1 0 1 3 1 27071 400
0x00007aca1feb67c0 0x000000074dbee7c0 0 1 1 0 1 3 1 27071 408
0x00007aca1feb6840 0x000000074dbee840 0 0 0 0 1 3 1 27071 416
0x00007aca1feb68c0 0x000000074dbee8c0 0 0 0 0 1 3 1 27071 424
0x00007aca1feb6940 0x000000074dbee940 0 1 0 0 1 3 1 27071 416
0x00007aca1feb69c0 0x000000074dbee9c0 0 1 0 0 1 3 1 27071 424
0x00007aca1feb6a40 0x000000074dbeea40 0 0 1 0 1 3 1 27071 416
0x00007aca1feb6ac0 0x000000074dbeeac0 0 0 1 0 1 3 1 27071 424
0x00007aca1feb6b40 0x000000074dbeeb40 0 1 1 0 1 3 1 27071 416
0x00007aca1feb6bc0 0x000000074dbeebc0 0 1 1 0 1 3 1 27071 424
0x00007aca1feb6c40 0x000000074dbeec40 0 0 0 0 1 3 1 27071 432
0x00007aca1feb6cc0 0x000000074dbeecc0 0 0 0 0 1 3 1 27071 440
0x00007aca1feb6d40 0x000000074dbeed40 0 1 0 0 1 3 1 27071 432
0x00007aca1feb6dc0 0x000000074dbeedc0 0 1 0 0 1 3 1 27071 440
0x00007aca1feb6e40 0x000000074dbeee40 0 0 1 0 1 3 1 27071 432
0x00007aca1feb6ec0 0x000000074dbeeec0 0 0 1 0 1 3 1 27071 440
0x00007aca1feb6f40 0x000000074dbeef40 0 1 1 0 1 3 1 27071 432
0x00007aca1feb6fc0 0x000000074dbeefc0 0 1 1 0 1 3 1 27071 440
0x00007aca1feba040 0x000000026437f040 0 0 0 0 1 3 1 7315 960
0x00007aca1feba0c0 0x000000026437f0c0 0 0 0 0 1 3 1 7315 968
0x00007aca1feba140 0x000000026437f140 0 1 0 0 1 3 1 7315 960
0x00007aca1feba1c0 0x000000026437f1c0 0 1 0 0 1 3 1 7315 968
0x00007aca1feba240 0x000000026437f240 0 0 1 0 1 3 1 7315 960
0x00007aca1feba2c0 0x000000026437f2c0 0 0 1 0 1 3 1 7315 968
0x00007aca1feba340 0x000000026437f340 0 1 1 0 1 3 1 7315 960
0x00007aca1feba3c0 0x000000026437f3c0 0 1 1 0 1 3 1 7315 968
0x00007aca1feba440 0x000000026437f440 0 0 0 0 1 3 1 7315 976
0x00007aca1feba4c0 0x000000026437f4c0 0 0 0 0 1 3 1 7315 984
0x00007aca1feba540 0x000000026437f540 0 1 0 0 1 3 1 7315 976
0x00007aca1feba5c0 0x000000026437f5c0 0 1 0 0 1 3 1 7315 984
0x00007aca1feba640 0x000000026437f640 0 0 1 0 1 3 1 7315 976
0x00007aca1feba6c0 0x000000026437f6c0 0 0 1 0 1 3 1 7315 984
0x00007aca1feba740 0x000000026437f740 0 1 1 0 1 3 1 7315 976
0x00007aca1feba7c0 0x000000026437f7c0 0 1 1 0 1 3 1 7315 984
0x00007aca1feba840 0x000000026437f840 0 0 0 0 1 3 1 7315 992
0x00007aca1feba8c0 0x000000026437f8c0 0 0 0 0 1 3 1 7315 1000
0x00007aca1feba940 0x000000026437f940 0 1 0 0 1 3 1 7315 992
0x00007aca1feba9c0 0x000000026437f9c0 0 1 0 0 1 3 1 7315 1000
0x00007aca1febaa40 0x000000026437fa40 0 0 1 0 1 3 1 7315 992
0x00007aca1febaac0 0x000000026437fac0 0 0 1 0 1 3 1 7315 1000
0x00007aca1febab40 0x000000026437fb40 0 1 1 0 1 3 1 7315 992
0x00007aca1febabc0 0x000000026437fbc0 0 1 1 0 1 3 1 7315 1000
0x00007aca1febac40 0x000000026437fc40 0 0 0 0 1 3 1 7315 1008
0x00007aca1febacc0 0x000000026437fcc0 0 0 0 0 1 3 1 7315 1016
0x00007aca1febad40 0x000000026437fd40 0 1 0 0 1 3 1 7315 1008
0x00007aca1febadc0 0x000000026437fdc0 0 1 0 0 1 3 1 7315 1016
0x00007aca1febae40 0x000000026437fe40 0 0 1 0 1 3 1 7315 1008
0x00007aca1febaec0 0x000000026437fec0 0 0 1 0 1 3 1 7315 1016
0x00007aca1febaf40 0x000000026437ff40 0 1 1 0 1 3 1 7315 1008
0x00007aca1febafc0 0x000000026437ffc0 0 1 1 0 1 3 1 7315 1016
0x00007aca1febc040 0x00000001f43e9040 0 0 0 0 1 3 1 7815 64
0x00007aca1febc0c0 0x00000001f43e90c0 0 0 0 0 1 3 1 7815 72
0x00007aca1febc140 0x00000001f43e9140 0 1 0 0 1 3 1 7815 64
0x00007aca1febc1c0 0x00000001f43e91c0 0 1 0 0 1 3 1 7815 72
0x00007aca1febc240 0x00000001f43e9240 0 0 1 0 1 3 1 7815 64
0x00007aca1febc2c0 0x00000001f43e92c0 0 0 1 0 1 3 1 7815 72
0x00007aca1febc340 0x00000001f43e9340 0 1 1 0 1 3 1 7815 64
0x00007aca1febc3c0 0x00000001f43e93c0 0 1 1 0 1 3 1 7815 72
0x00007aca1febc440 0x00000001f43e9440 0 0 0 0 1 3 1 7815 80
0x00007aca1febc4c0 0x00000001f43e94c0 0 0 0 0 1 3 1 7815 88
0x00007aca1febc540 0x00000001f43e9540 0 1 0 0 1 3 1 7815 80
0x00007aca1febc5c0 0x00000001f43e95c0 0 1 0 0 1 3 1 7815 88
0x00007aca1febc640 0x00000001f43e9640 0 0 1 0 1 3 1 7815 80
0x00007aca1febc6c0 0x00000001f43e96c0 0 0 1 0 1 3 1 7815 88
0x00007aca1febc740 0x00000001f43e9740 0 1 1 0 1 3 1 7815 80
0x00007aca1febc7c0 0x00000001f43e97c0 0 1 1 0 1 3 1 7815 88
0x00007aca1febc840 0x00000001f43e9840 0 0 0 0 1 3 1 7815 96
0x00007aca1febc8c0 0x00000001f43e98c0 0 0 0 0 1 3 1 7815 104
0x00007aca1febc940 0x00000001f43e9940 0 1 0 0 1 3 1 7815 96
0x00007aca1febc9c0 0x00000001f43e99c0 0 1 0 0 1 3 1 7815 104
0x00007aca1febca40 0x00000001f43e9a40 0 0 1 0 1 3 1 7815 96
0x00007aca1febcac0 0x00000001f43e9ac0 0 0 1 0 1 3 1 7815 104
0x00007aca1febcb40 0x00000001f43e9b40 0 1 1 0 1 3 1 7815 96
0x00007aca1febcbc0 0x00000001f43e9bc0 0 1 1 0 1 3 1 7815 104
0x00007aca1febcc40 0x00000001f43e9c40 0 0 0 0 1 3 1 7815 112
0x00007aca1febccc0 0x00000001f43e9cc0 0 0 0 0 1 3 1 7815 120
0x00007aca1febcd40 0x00000001f43e9d40 0 1 0 0 1 3 1 7815 112
0x00007aca1febcdc0 0x00000001f43e9dc0 0 1 0 0 1 3 1 7815 120
0x00007aca1febce40 0x00000001f43e9e40 0 0 1 0 1 3 1 7815 112
0x00007aca1febcec0 0x00000001f43e9ec0 0 0 1 0 1 3 1 7815 120
0x00007aca1febcf40 0x00000001f43e9f40 0 1 1 0 1 3 1 7815 112
0x00007aca1febcfc0 0x00000001f43e9fc0 0 1 1 0 1 3 1 7815 120
0x00007aca1febf040 0x00000006dd3d3040 0 0 0 0 0 3 1 27558 704
0x00007aca1febf0c0 0x00000006dd3d30c0 0 0 0 0 0 3 1 27558 712
0x00007aca1febf140 0x00000006dd3d3140 0 1 0 0 0 3 1 27558 704
0x00007aca1febf1c0 0x00000006dd3d31c0 0 1 0 0 0 3 1 27558 712
0x00007aca1febf240 0x00000006dd3d3240 0 0 1 0 0 3 1 27558 704
0x00007aca1febf2c0 0x00000006dd3d32c0 0 0 1 0 0 3 1 27558 712
0x00007aca1febf340 0x00000006dd3d3340 0 1 1 0 0 3 1 27558 704
0x00007aca1febf3c0 0x00000006dd3d33c0 0 1 1 0 0 3 1 27558 712
0x00007aca1febf440 0x00000006dd3d3440 0 0 0 0 0 3 1 27558 720
0x00007aca1febf4c0 0x00000006dd3d34c0 0 0 0 0 0 3 1 27558 728
0x00007aca1febf540 0x00000006dd3d3540 0 1 0 0 0 3 1 27558 720
0x00007aca1febf5c0 0x00000006dd3d35c0 0 1 0 0 0 3 1 27558 728
0x00007aca1febf640 0x00000006dd3d3640 0 0 1 0 0 3 1 27558 720
0x00007aca1febf6c0 0x00000006dd3d36c0 0 0 1 0 0 3 1 27558 728
0x00007aca1febf740 0x00000006dd3d3740 0 1 1 0 0 3 1 27558 720
0x00007aca1febf7c0 0x00000006dd3d37c0 0 1 1 0 0 3 1 27558 728
0x00007aca1febf840 0x00000006dd3d3840 0 0 0 0 0 3 1 27558 736
0x00007aca1febf8c0 0x00000006dd3d38c0 0 0 0 0 0 3 1 27558 744
0x00007aca1febf940 0x00000006dd3d3940 0 1 0 0 0 3 1 27558 736
0x00007aca1febf9c0 0x00000006dd3d39c0 0 1 0 0 0 3 1 27558 744
0x00007aca1febfa40 0x00000006dd3d3a40 0 0 1 0 0 3 1 27558 736
0x00007aca1febfac0 0x00000006dd3d3ac0 0 0 1 0 0 3 1 27558 744
0x00007aca1febfb40 0x00000006dd3d3b40 0 1 1 0 0 3 1 27558 736
0x00007aca1febfbc0 0x00000006dd3d3bc0 0 1 1 0 0 3 1 27558 744
0x00007aca1febfc40 0x00000006dd3d3c40 0 0 0 0 0 3 1 27558 752
0x00007aca1febfcc0 0x00000006dd3d3cc0 0 0 0 0 0 3 1 27558 760
0x00007aca1febfd40 0x00000006dd3d3d40 0 1 0 0 0 3 1 27558 752
0x00007aca1febfdc0 0x00000006dd3d3dc0 0 1 0 0 0 3 1 27558 760
0x00007aca1febfe40 0x00000006dd3d3e40 0 0 1 0 0 3 1 27558 752
0x00007aca1febfec0 0x00000006dd3d3ec0 0 0 1 0 0 3 1 27558 760
0x00007aca1febff40 0x00000006dd3d3f40 0 1 1 0 0 3 1 27558 752
0x00007aca1febffc0 0x00000006dd3d3fc0 0 1 1 0 0 3 1 27558 760
0x00007aca1ff07040 0x0000000ca339a040 0 0 0 0 1 3 1 50276 640
0x00007aca1ff070c0 0x0000000ca339a0c0 0 0 0 0 1 3 1 50276 648
0x00007aca1ff07140 0x0000000ca339a140 0 1 0 0 1 3 1 50276 640
0x00007aca1ff071c0 0x0000000ca339a1c0 0 1 0 0 1 3 1 50276 648
0x00007aca1ff07240 0x0000000ca339a240 0 0 1 0 1 3 1 50276 640
0x00007aca1ff072c0 0x0000000ca339a2c0 0 0 1 0 1 3 1 50276 648
0x00007aca1ff07340 0x0000000ca339a340 0 1 1 0 1 3 1 50276 640
0x00007aca1ff073c0 0x0000000ca339a3c0 0 1 1 0 1 3 1 50276 648
0x00007aca1ff07440 0x0000000ca339a440 0 0 0 0 1 3 1 50276 656
0x00007aca1ff074c0 0x0000000ca339a4c0 0 0 0 0 1 3 1 50276 664
0x00007aca1ff07540 0x0000000ca339a540 0 1 0 0 1 3 1 50276 656
0x00007aca1ff075c0 0x0000000ca339a5c0 0 1 0 0 1 3 1 50276 664
0x00007aca1ff07640 0x0000000ca339a640 0 0 1 0 1 3 1 50276 656
0x00007aca1ff076c0 0x0000000ca339a6c0 0 0 1 0 1 3 1 50276 664
0x00007aca1ff07740 0x0000000ca339a740 0 1 1 0 1 3 1 50276 656
0x00007aca1ff077c0 0x0000000ca339a7c0 0 1 1 0 1 3 1 50276 664
0x00007aca1ff07840 0x0000000ca339a840 0 0 0 0 1 3 1 50276 672
0x00007aca1ff078c0 0x0000000ca339a8c0 0 0 0 0 1 3 1 50276 680
0x00007aca1ff07940 0x0000000ca339a940 0 1 0 0 1 3 1 50276 672
0x00007aca1ff079c0 0x0000000ca339a9c0 0 1 0 0 1 3 1 50276 680
0x00007aca1ff07a40 0x0000000ca339aa40 0 0 1 0 1 3 1 50276 672
0x00007aca1ff07ac0 0x0000000ca339aac0 0 0 1 0 1 3 1 50276 680
0x00007aca1ff07b40 0x0000000ca339ab40 0 1 1 0 1 3 1 50276 672
0x00007aca1ff07bc0 0x0000000ca339abc0 0 1 1 0 1 3 1 50276 680
0x00007aca1ff07c40 0x0000000ca339ac40 0 0 0 0 1 3 1 50276 688
0x00007aca1ff07cc0 0x0000000ca339acc0 0 0 0 0 1 3 1 50276 696
0x00007aca1ff07d40 0x0000000ca339ad40 0 1 0 0 1 3 1 50276 688
0x00007aca1ff07dc0 0x0000000ca339adc0 0 1 0 0 1 3 1 50276 696
0x00007aca1ff07e40 0x0000000ca339ae40 0 0 1 0 1 3 1 50276 688
0x00007aca1ff07ec0 0x0000000ca339aec0 0 0 1 0 1 3 1 50276 696
0x00007aca1ff07f40 0x0000000ca339af40 0 1 1 0 1 3 1 50276 688
0x00007aca1ff07fc0 0x0000000ca339afc0 0 1 1 0 1 3 1 50276 696
0x00007aca1ff08040 0x000000071733c040 0 0 0 0 1 3 1 25329 768
0x00007aca1ff080c0 0x000000071733c0c0 0 0 0 0 1 3 1 25329 776
0x00007aca1ff08140 0x000000071733c140 0 1 0 0 1 3 1 25329 768
0x00007aca1ff081c0 0x000000071733c1c0 0 1 0 0 1 3 1 25329 776
0x00007aca1ff08240 0x000000071733c240 0 0 1 0 1 3 1 25329 768
0x00007aca1ff082c0 0x000000071733c2c0 0 0 1 0 1 3 1 25329 776
0x00007aca1ff08340 0x000000071733c340 0 1 1 0 1 3 1 25329 768
0x00007aca1ff083c0 0x000000071733c3c0 0 1 1 0 1 3 1 25329 776
0x00007aca1ff08440 0x000000071733c440 0 0 0 0 1 3 1 25329 784
0x00007aca1ff084c0 0x000000071733c4c0 0 0 0 0 1 3 1 25329 792
0x00007aca1ff08540 0x000000071733c540 0 1 0 0 1 3 1 25329 784
0x00007aca1ff085c0 0x000000071733c5c0 0 1 0 0 1 3 1 25329 792
0x00007aca1ff08640 0x000000071733c640 0 0 1 0 1 3 1 25329 784
0x00007aca1ff086c0 0x000000071733c6c0 0 0 1 0 1 3 1 25329 792
0x00007aca1ff08740 0x000000071733c740 0 1 1 0 1 3 1 25329 784
0x00007aca1ff087c0 0x000000071733c7c0 0 1 1 0 1 3 1 25329 792
0x00007aca1ff08840 0x000000071733c840 0 0 0 0 1 3 1 25329 800
0x00007aca1ff088c0 0x000000071733c8c0 0 0 0 0 1 3 1 25329 808
0x00007aca1ff08940 0x000000071733c940 0 1 0 0 1 3 1 25329 800
0x00007aca1ff089c0 0x000000071733c9c0 0 1 0 0 1 3 1 25329 808
0x00007aca1ff08a40 0x000000071733ca40 0 0 1 0 1 3 1 25329 800
0x00007aca1ff08ac0 0x000000071733cac0 0 0 1 0 1 3 1 25329 808
0x00007aca1ff08b40 0x000000071733cb40 0 1 1 0 1 3 1 25329 800
0x00007aca1ff08bc0 0x000000071733cbc0 0 1 1 0 1 3 1 25329 808
0x00007aca1ff08c40 0x000000071733cc40 0 0 0 0 1 3 1 25329 816
0x00007aca1ff08cc0 0x000000071733ccc0 0 0 0 0 1 3 1 25329 824
0x00007aca1ff08d40 0x000000071733cd40 0 1 0 0 1 3 1 25329 816
0x00007aca1ff08dc0 0x000000071733cdc0 0 1 0 0 1 3 1 25329 824
0x00007aca1ff08e40 0x000000071733ce40 0 0 1 0 1 3 1 25329 816
0x00007aca1ff08ec0 0x000000071733cec0 0 0 1 0 1 3 1 25329 824
0x00007aca1ff08f40 0x000000071733cf40 0 1 1 0 1 3 1 25329 816
0x00007aca1ff08fc0 0x000000071733cfc0 0 1 1 0 1 3 1 25329 824
0x00007aca1ff0a040 0x0000000507350040 0 0 0 0 0 3 1 16626 512
0x00007aca1ff0a0c0 0x00000005073500c0 0 0 0 0 0 3 1 16626 520
0x00007aca1ff0a140 0x0000000507350140 0 1 0 0 0 3 1 16626 512
0x00007aca1ff0a1c0 0x00000005073501c0 0 1 0 0 0 3 1 16626 520
0x00007aca1ff0a240 0x0000000507350240 0 0 1 0 0 3 1 16626 512
0x00007aca1ff0a2c0 0x00000005073502c0 0 0 1 0 0 3 1 16626 520
0x00007aca1ff0a340 0x0000000507350340 0 1 1 0 0 3 1 16626 512
0x00007aca1ff0a3c0 0x00000005073503c0 0 1 1 0 0 3 1 16626 520
0x00007aca1ff0a440 0x0000000507350440 0 0 0 0 0 3 1 16626 528
0x00007aca1ff0a4c0 0x00000005073504c0 0 0 0 0 0 3 1 16626 536
0x00007aca1ff0a540 0x0000000507350540 0 1 0 0 0 3 1 16626 528
0x00007aca1ff0a5c0 0x00000005073505c0 0 1 0 0 0 3 1 16626 536
0x00007aca1ff0a640 0x0000000507350640 0 0 1 0 0 3 1 16626 528
0x00007aca1ff0a6c0 0x00000005073506c0 0 0 1 0 0 3 1 16626 536
0x00007aca1ff0a740 0x0000000507350740 0 1 1 0 0 3 1 16626 528
0x00007aca1ff0a7c0 0x00000005073507c0 0 1 1 0 0 3 1 16626 536
0x00007aca1ff0a840 0x0000000507350840 0 0 0 0 0 3 1 16626 544
0x00007aca1ff0a8c0 0x00000005073508c0 0 0 0 0 0 3 1 16626 552
0x00007aca1ff0a940 0x0000000507350940 0 1 0 0 0 3 1 16626 544
0x00007aca1ff0a9c0 0x00000005073509c0 0 1 0 0 0 3 1 16626 552
0x00007aca1ff0aa40 0x0000000507350a40 0 0 1 0 0 3 1 16626 544
0x00007aca1ff0aac0 0x0000000507350ac0 0 0 1 0 0 3 1 16626 552
0x00007aca1ff0ab40 0x0000000507350b40 0 1 1 0 0 3 1 16626 544
0x00007aca1ff0abc0 0x0000000507350bc0 0 1 1 0 0 3 1 16626 552
0x00007aca1ff0ac40 0x0000000507350c40 0 0 0 0 0 3 1 16626 560
0x00007aca1ff0acc0 0x0000000507350cc0 0 0 0 0 0 3 1 16626 568
0x00007aca1ff0ad40 0x0000000507350d40 0 1 0 0 0 3 1 16626 560
0x00007aca1ff0adc0 0x0000000507350dc0 0 1 0 0 0 3 1 16626 568
0x00007aca1ff0ae40 0x0000000507350e40 0 0 1 0 0 3 1 16626 560
0x00007aca1ff0aec0 0x0000000507350ec0 0 0 1 0 0 3 1 16626 568
0x00007aca1ff0af40 0x0000000507350f40 0 1 1 0 0 3 1 16626 560
0x00007aca1ff0afc0 0x0000000507350fc0 0 1 1 0 0 3 1 16626 568
0x00007aca1ff10040 0x000000093bbe4040 0 0 0 0 0 3 1 34687 256
0x00007aca1ff100c0 0x000000093bbe40c0 0 0 0 0 0 3 1 34687 264
0x00007aca1ff10140 0x000000093bbe4140 0 1 0 0 0 3 1 34687 256
0x00007aca1ff101c0 0x000000093bbe41c0 0 1 0 0 0 3 1 34687 264
0x00007aca1ff10240 0x000000093bbe4240 0 0 1 0 0 3 1 34687 256
0x00007aca1ff102c0 0x000000093bbe42c0 0 0 1 0 0 3 1 34687 264
0x00007aca1ff10340 0x000000093bbe4340 0 1 1 0 0 3 1 34687 256
0x00007aca1ff103c0 0x000000093bbe43c0 0 1 1 0 0 3 1 34687 264
0x00007aca1ff10440 0x000000093bbe4440 0 0 0 0 0 3 1 34687 272
0x00007aca1ff104c0 0x000000093bbe44c0 0 0 0 0 0 3 1 34687 280
0x00007aca1ff10540 0x000000093bbe4540 0 1 0 0 0 3 1 34687 272
0x00007aca1ff105c0 0x000000093bbe45c0 0 1 0 0 0 3 1 34687 280
0x00007aca1ff10640 0x000000093bbe4640 0 0 1 0 0 3 1 34687 272
0x00007aca1ff106c0 0x000000093bbe46c0 0 0 1 0 0 3 1 34687 280
0x00007aca1ff10740 0x000000093bbe4740 0 1 1 0 0 3 1 34687 272
0x00007aca1ff107c0 0x000000093bbe47c0 0 1 1 0 0 3 1 34687 280
0x00007aca1ff10840 0x000000093bbe4840 0 0 0 0 0 3 1 34687 288
0x00007aca1ff108c0 0x000000093bbe48c0 0 0 0 0 0 3 1 34687 296
0x00007aca1ff10940 0x000000093bbe4940 0 1 0 0 0 3 1 34687 288
0x00007aca1ff109c0 0x000000093bbe49c0 0 1 0 0 0 3 1 34687 296
0x00007aca1ff10a40 0x000000093bbe4a40 0 0 1 0 0 3 1 34687 288
0x00007aca1ff10ac0 0x000000093bbe4ac0 0 0 1 0 0 3 1 34687 296
0x00007aca1ff10b40 0x000000093bbe4b40 0 1 1 0 0 3 1 34687 288
0x00007aca1ff10bc0 0x000000093bbe4bc0 0 1 1 0 0 3 1 34687 296
0x00007aca1ff10c40 0x000000093bbe4c40 0 0 0 0 0 3 1 34687 304
0x00007aca1ff10cc0 0x000000093bbe4cc0 0 0 0 0 0 3 1 34687 312
0x00007aca1ff10d40 0x000000093bbe4d40 0 1 0 0 0 3 1 34687 304
0x00007aca1ff10dc0 0x000000093bbe4dc0 0 1 0 0 0 3 1 34687 312
0x00007aca1ff10e40 0x000000093bbe4e40 0 0 1 0 0 3 1 34687 304
0x00007aca1ff10ec0 0x000000093bbe4ec0 0 0 1 0 0 3 1 34687 312
0x00007aca1ff10f40 0x000000093bbe4f40 0 1 1 0 0 3 1 34687 304
0x00007aca1ff10fc0 0x000000093bbe4fc0 0 1 1 0 0 3 1 34687 312
0x00007aca1ff11040 0x0000000d36bff040 0 0 0 0 1 3 1 50911 960
0x00007aca1ff110c0 0x0000000d36bff0c0 0 0 0 0 1 3 1 50911 968
0x00007aca1ff11140 0x0000000d36bff140 0 1 0 0 1 3 1 50911 960
0x00007aca1ff111c0 0x0000000d36bff1c0 0 1 0 0 1 3 1 50911 968
0x00007aca1ff11240 0x0000000d36bff240 0 0 1 0 1 3 1 50911 960
0x00007aca1ff112c0 0x0000000d36bff2c0 0 0 1 0 1 3 1 50911 968
0x00007aca1ff11340 0x0000000d36bff340 0 1 1 0 1 3 1 50911 960
0x00007aca1ff113c0 0x0000000d36bff3c0 0 1 1 0 1 3 1 50911 968
0x00007aca1ff11440 0x0000000d36bff440 0 0 0 0 1 3 1 50911 976
0x00007aca1ff114c0 0x0000000d36bff4c0 0 0 0 0 1 3 1 50911 984
0x00007aca1ff11540 0x0000000d36bff540 0 1 0 0 1 3 1 50911 976
0x00007aca1ff115c0 0x0000000d36bff5c0 0 1 0 0 1 3 1 50911 984
0x00007aca1ff11640 0x0000000d36bff640 0 0 1 0 1 3 1 50911 976
0x00007aca1ff116c0 0x0000000d36bff6c0 0 0 1 0 1 3 1 50911 984
0x00007aca1ff11740 0x0000000d36bff740 0 1 1 0 1 3 1 50911 976
0x00007aca1ff117c0 0x0000000d36bff7c0 0 1 1 0 1 3 1 50911 984
0x00007aca1ff11840 0x0000000d36bff840 0 0 0 0 1 3 1 50911 992
0x00007aca1ff118c0 0x0000000d36bff8c0 0 0 0 0 1 3 1 50911 1000
0x00007aca1ff11940 0x0000000d36bff940 0 1 0 0 1 3 1 50911 992
0x00007aca1ff119c0 0x0000000d36bff9c0 0 1 0 0 1 3 1 50911 1000
0x00007aca1ff11a40 0x0000000d36bffa40 0 0 1 0 1 3 1 50911 992
0x00007aca1ff11ac0 0x0000000d36bffac0 0 0 1 0 1 3 1 50911 1000
0x00007aca1ff11b40 0x0000000d36bffb40 0 1 1 0 1 3 1 50911 992
0x00007aca1ff11bc0 0x0000000d36bffbc0 0 1 1 0 1 3 1 50911 1000
0x00007aca1ff11c40 0x0000000d36bffc40 0 0 0 0 1 3 1 50911 1008
0x00007aca1ff11cc0 0x0000000d36bffcc0 0 0 0 0 1 3 1 50911 1016
0x00007aca1ff11d40 0x0000000d36bffd40 0 1 0 0 1 3 1 50911 1008
0x00007aca1ff11dc0 0x0000000d36bffdc0 0 1 0 0 1 3 1 50911 1016
0x00007aca1ff11e40 0x0000000d36bffe40 0 0 1 0 1 3 1 50911 1008
0x00007aca1ff11ec0 0x0000000d36bffec0 0 0 1 0 1 3 1 50911 1016
0x00007aca1ff11f40 0x0000000d36bfff40 0 1 1 0 1 3 1 50911 1008
0x00007aca1ff11fc0 0x0000000d36bfffc0 0 1 1 0 1 3 1 50911 1016
0x00007aca1ff19040 0x00000007c3b39040 0 0 0 0 1 3 1 30825 576
0x00007aca1ff190c0 0x00000007c3b390c0 0 0 0 0 1 3 1 30825 584
0x00007aca1ff19140 0x00000007c3b39140 0 1 0 0 1 3 1 30825 576
0x00007aca1ff191c0 0x00000007c3b391c0 0 1 0 0 1 3 1 30825 584
0x00007aca1ff19240 0x00000007c3b39240 0 0 1 0 1 3 1 30825 576
0x00007aca1ff192c0 0x00000007c3b392c0 0 0 1 0 1 3 1 30825 584
0x00007aca1ff19340 0x00000007c3b39340 0 1 1 0 1 3 1 30825 576
0x00007aca1ff193c0 0x00000007c3b393c0 0 1 1 0 1 3 1 30825 584
0x00007aca1ff19440 0x00000007c3b39440 0 0 0 0 1 3 1 30825 592
0x00007aca1ff194c0 0x00000007c3b394c0 0 0 0 0 1 3 1 30825 600
0x00007aca1ff19540 0x00000007c3b39540 0 1 0 0 1 3 1 30825 592
0x00007aca1ff195c0 0x00000007c3b395c0 0 1 0 0 1 3 1 30825 600
0x00007aca1ff19640 0x00000007c3b39640 0 0 1 0 1 3 1 30825 592
0x00007aca1ff196c0 0x00000007c3b396c0 0 0 1 0 1 3 1 30825 600
0x00007aca1ff19740 0x00000007c3b39740 0 1 1 0 1 3 1 30825 592
0x00007aca1ff197c0 0x00000007c3b397c0 0 1 1 0 1 3 1 30825 600
0x00007aca1ff19840 0x00000007c3b39840 0 0 0 0 1 3 1 30825 608
0x00007aca1ff198c0 0x00000007c3b398c0 0 0 0 0 1 3 1 30825 616
0x00007aca1ff19940 0x00000007c3b39940 0 1 0 0 1 3 1 30825 608
0x00007aca1ff199c0 0x00000007c3b399c0 0 1 0 0 1 3 1 30825 616
0x00007aca1ff19a40 0x00000007c3b39a40 0 0 1 0 1 3 1 30825 608
0x00007aca1ff19ac0 0x00000007c3b39ac0 0 0 1 0 1 3 1 30825 616
0x00007aca1ff19b40 0x00000007c3b39b40 0 1 1 0 1 3 1 30825 608
0x00007aca1ff19bc0 0x00000007c3b39bc0 0 1 1 0 1 3 1 30825 616
0x00007aca1ff19c40 0x00000007c3b39c40 0 0 0 0 1 3 1 30825 624
0x00007aca1ff19cc0 0x00000007c3b39cc0 0 0 0 0 1 3 1 30825 632
0x00007aca1ff19d40 0x00000007c3b39d40 0 1 0 0 1 3 1 30825 624
0x00007aca1ff19dc0 0x00000007c3b39dc0 0 1 0 0 1 3 1 30825 632
0x00007aca1ff19e40 0x00000007c3b39e40 0 0 1 0 1 3 1 30825 624
0x00007aca1ff19ec0 0x00000007c3b39ec0 0 0 1 0 1 3 1 30825 632
0x00007aca1ff19f40 0x00000007c3b39f40 0 1 1 0 1 3 1 30825 624
0x00007aca1ff19fc0 0x00000007c3b39fc0 0 1 1 0 1 3 1 30825 632
0x00007aca1ff2c040 0x0000000d37ba5040 0 0 0 0 0 3 1 50941 320
0x00007aca1ff2c0c0 0x0000000d37ba50c0 0 0 0 0 0 3 1 50941 328
0x00007aca1ff2c140 0x0000000d37ba5140 0 1 0 0 0 3 1 50941 320
0x00007aca1ff2c1c0 0x0000000d37ba51c0 0 1 0 0 0 3 1 50941 328
0x00007aca1ff2c240 0x0000000d37ba5240 0 0 1 0 0 3 1 50941 320
0x00007aca1ff2c2c0 0x0000000d37ba52c0 0 0 1 0 0 3 1 50941 328
0x00007aca1ff2c340 0x0000000d37ba5340 0 1 1 0 0 3 1 50941 320
0x00007aca1ff2c3c0 0x0000000d37ba53c0 0 1 1 0 0 3 1 50941 328
0x00007aca1ff2c440 0x0000000d37ba5440 0 0 0 0 0 3 1 50941 336
0x00007aca1ff2c4c0 0x0000000d37ba54c0 0 0 0 0 0 3 1 50941 344
0x00007aca1ff2c540 0x0000000d37ba5540 0 1 0 0 0 3 1 50941 336
0x00007aca1ff2c5c0 0x0000000d37ba55c0 0 1 0 0 0 3 1 50941 344
0x00007aca1ff2c640 0x0000000d37ba5640 0 0 1 0 0 3 1 50941 336
0x00007aca1ff2c6c0 0x0000000d37ba56c0 0 0 1 0 0 3 1 50941 344
0x00007aca1ff2c740 0x0000000d37ba5740 0 1 1 0 0 3 1 50941 336
0x00007aca1ff2c7c0 0x0000000d37ba57c0 0 1 1 0 0 3 1 50941 344
0x00007aca1ff2c840 0x0000000d37ba5840 0 0 0 0 0 3 1 50941 352
0x00007aca1ff2c8c0 0x0000000d37ba58c0 0 0 0 0 0 3 1 50941 360
0x00007aca1ff2c940 0x0000000d37ba5940 0 1 0 0 0 3 1 50941 352
0x00007aca1ff2c9c0 0x0000000d37ba59c0 0 1 0 0 0 3 1 50941 360
0x00007aca1ff2ca40 0x0000000d37ba5a40 0 0 1 0 0 3 1 50941 352
0x00007aca1ff2cac0 0x0000000d37ba5ac0 0 0 1 0 0 3 1 50941 360
0x00007aca1ff2cb40 0x0000000d37ba5b40 0 1 1 0 0 3 1 50941 352
0x00007aca1ff2cbc0 0x0000000d37ba5bc0 0 1 1 0 0 3 1 50941 360
0x00007aca1ff2cc40 0x0000000d37ba5c40 0 0 0 0 0 3 1 50941 368
0x00007aca1ff2ccc0 0x0000000d37ba5cc0 0 0 0 0 0 3 1 50941 376
0x00007aca1ff2cd40 0x0000000d37ba5d40 0 1 0 0 0 3 1 50941 368
0x00007aca1ff2cdc0 0x0000000d37ba5dc0 0 1 0 0 0 3 1 50941 376
0x00007aca1ff2ce40 0x0000000d37ba5e40 0 0 1 0 0 3 1 50941 368
0x00007aca1ff2cec0 0x0000000d37ba5ec0 0 0 1 0 0 3 1 50941 376
0x00007aca1ff2cf40 0x0000000d37ba5f40 0 1 1 0 0 3 1 50941 368
0x00007aca1ff2cfc0 0x0000000d37ba5fc0 0 1 1 0 0 3 1 50941 376
0x00007aca1ff3c040 0x00000008d932f040 0 0 0 0 1 3 1 35617 448
0x00007aca1ff3c0c0 0x00000008d932f0c0 0 0 0 0 1 3 1 35617 456
0x00007aca1ff3c140 0x00000008d932f140 0 1 0 0 1 3 1 35617 448
0x00007aca1ff3c1c0 0x00000008d932f1c0 0 1 0 0 1 3 1 35617 456
0x00007aca1ff3c240 0x00000008d932f240 0 0 1 0 1 3 1 35617 448
0x00007aca1ff3c2c0 0x00000008d932f2c0 0 0 1 0 1 3 1 35617 456
0x00007aca1ff3c340 0x00000008d932f340 0 1 1 0 1 3 1 35617 448
0x00007aca1ff3c3c0 0x00000008d932f3c0 0 1 1 0 1 3 1 35617 456
0x00007aca1ff3c440 0x00000008d932f440 0 0 0 0 1 3 1 35617 464
0x00007aca1ff3c4c0 0x00000008d932f4c0 0 0 0 0 1 3 1 35617 472
0x00007aca1ff3c540 0x00000008d932f540 0 1 0 0 1 3 1 35617 464
0x00007aca1ff3c5c0 0x00000008d932f5c0 0 1 0 0 1 3 1 35617 472
0x00007aca1ff3c640 0x00000008d932f640 0 0 1 0 1 3 1 35617 464
0x00007aca1ff3c6c0 0x00000008d932f6c0 0 0 1 0 1 3 1 35617 472
0x00007aca1ff3c740 0x00000008d932f740 0 1 1 0 1 3 1 35617 464
0x00007aca1ff3c7c0 0x00000008d932f7c0 0 1 1 0 1 3 1 35617 472
0x00007aca1ff3c840 0x00000008d932f840 0 0 0 0 1 3 1 35617 480
0x00007aca1ff3c8c0 0x00000008d932f8c0 0 0 0 0 1 3 1 35617 488
0x00007aca1ff3c940 0x00000008d932f940 0 1 0 0 1 3 1 35617 480
0x00007aca1ff3c9c0 0x00000008d932f9c0 0 1 0 0 1 3 1 35617 488
0x00007aca1ff3ca40 0x00000008d932fa40 0 0 1 0 1 3 1 35617 480
0x00007aca1ff3cac0 0x00000008d932fac0 0 0 1 0 1 3 1 35617 488
0x00007aca1ff3cb40 0x00000008d932fb40 0 1 1 0 1 3 1 35617 480
0x00007aca1ff3cbc0 0x00000008d932fbc0 0 1 1 0 1 3 1 35617 488
0x00007aca1ff3cc40 0x00000008d932fc40 0 0 0 0 1 3 1 35617 496
0x00007aca1ff3ccc0 0x00000008d932fcc0 0 0 0 0 1 3 1 35617 504
0x00007aca1ff3cd40 0x00000008d932fd40 0 1 0 0 1 3 1 35617 496
0x00007aca1ff3cdc0 0x00000008d932fdc0 0 1 0 0 1 3 1 35617 504
0x00007aca1ff3ce40 0x00000008d932fe40 0 0 1 0 1 3 1 35617 496
0x00007aca1ff3cec0 0x00000008d932fec0 0 0 1 0 1 3 1 35617 504
0x00007aca1ff3cf40 0x00000008d932ff40 0 1 1 0 1 3 1 35617 496
0x00007aca1ff3cfc0 0x00000008d932ffc0 0 1 1 0 1 3 1 35617 504
0x00007aca1ff3d040 0x000000060b352040 0 0 0 0 0 3 1 20850 640
0x00007aca1ff3d0c0 0x000000060b3520c0 0 0 0 0 0 3 1 20850 648
0x00007aca1ff3d140 0x000000060b352140 0 1 0 0 0 3 1 20850 640
0x00007aca1ff3d1c0 0x000000060b3521c0 0 1 0 0 0 3 1 20850 648
0x00007aca1ff3d240 0x000000060b352240 0 0 1 0 0 3 1 20850 640
0x00007aca1ff3d2c0 0x000000060b3522c0 0 0 1 0 0 3 1 20850 648
0x00007aca1ff3d340 0x000000060b352340 0 1 1 0 0 3 1 20850 640
0x00007aca1ff3d3c0 0x000000060b3523c0 0 1 1 0 0 3 1 20850 648
0x00007aca1ff3d440 0x000000060b352440 0 0 0 0 0 3 1 20850 656
0x00007aca1ff3d4c0 0x000000060b3524c0 0 0 0 0 0 3 1 20850 664
0x00007aca1ff3d540 0x000000060b352540 0 1 0 0 0 3 1 20850 656
0x00007aca1ff3d5c0 0x000000060b3525c0 0 1 0 0 0 3 1 20850 664
0x00007aca1ff3d640 0x000000060b352640 0 0 1 0 0 3 1 20850 656
0x00007aca1ff3d6c0 0x000000060b3526c0 0 0 1 0 0 3 1 20850 664
0x00007aca1ff3d740 0x000000060b352740 0 1 1 0 0 3 1 20850 656
0x00007aca1ff3d7c0 0x000000060b3527c0 0 1 1 0 0 3 1 20850 664
0x00007aca1ff3d840 0x000000060b352840 0 0 0 0 0 3 1 20850 672
0x00007aca1ff3d8c0 0x000000060b3528c0 0 0 0 0 0 3 1 20850 680
0x00007aca1ff3d940 0x000000060b352940 0 1 0 0 0 3 1 20850 672
0x00007aca1ff3d9c0 0x000000060b3529c0 0 1 0 0 0 3 1 20850 680
0x00007aca1ff3da40 0x000000060b352a40 0 0 1 0 0 3 1 20850 672
0x00007aca1ff3dac0 0x000000060b352ac0 0 0 1 0 0 3 1 20850 680
0x00007aca1ff3db40 0x000000060b352b40 0 1 1 0 0 3 1 20850 672
0x00007aca1ff3dbc0 0x000000060b352bc0 0 1 1 0 0 3 1 20850 680
0x00007aca1ff3dc40 0x000000060b352c40 0 0 0 0 0 3 1 20850 688
0x00007aca1ff3dcc0 0x000000060b352cc0 0 0 0 0 0 3 1 20850 696
0x00007aca1ff3dd40 0x000000060b352d40 0 1 0 0 0 3 1 20850 688
0x00007aca1ff3ddc0 0x000000060b352dc0 0 1 0 0 0 3 1 20850 696
0x00007aca1ff3de40 0x000000060b352e40 0 0 1 0 0 3 1 20850 688
0x00007aca1ff3dec0 0x000000060b352ec0 0 0 1 0 0 3 1 20850 696
0x00007aca1ff3df40 0x000000060b352f40 0 1 1 0 0 3 1 20850 688
0x00007aca1ff3dfc0 0x000000060b352fc0 0 1 1 0 0 3 1 20850 696
0x00007aca1ff3f040 0x00000001aeb4c040 0 0 0 0 1 3 1 5578 256
0x00007aca1ff3f0c0 0x00000001aeb4c0c0 0 0 0 0 1 3 1 5578 264
0x00007aca1ff3f140 0x00000001aeb4c140 0 1 0 0 1 3 1 5578 256
0x00007aca1ff3f1c0 0x00000001aeb4c1c0 0 1 0 0 1 3 1 5578 264
0x00007aca1ff3f240 0x00000001aeb4c240 0 0 1 0 1 3 1 5578 256
0x00007aca1ff3f2c0 0x00000001aeb4c2c0 0 0 1 0 1 3 1 5578 264
0x00007aca1ff3f340 0x00000001aeb4c340 0 1 1 0 1 3 1 5578 256
0x00007aca1ff3f3c0 0x00000001aeb4c3c0 0 1 1 0 1 3 1 5578 264
0x00007aca1ff3f440 0x00000001aeb4c440 0 0 0 0 1 3 1 5578 272
0x00007aca1ff3f4c0 0x00000001aeb4c4c0 0 0 0 0 1 3 1 5578 280
0x00007aca1ff3f540 0x00000001aeb4c540 0 1 0 0 1 3 1 5578 272
0x00007aca1ff3f5c0 0x00000001aeb4c5c0 0 1 0 0 1 3 1 5578 280
0x00007aca1ff3f640 0x00000001aeb4c640 0 0 1 0 1 3 1 5578 272
0x00007aca1ff3f6c0 0x00000001aeb4c6c0 0 0 1 0 1 3 1 5578 280
0x00007aca1ff3f740 0x00000001aeb4c740 0 1 1 0 1 3 1 5578 272
0x00007aca1ff3f7c0 0x00000001aeb4c7c0 0 1 1 0 1 3 1 5578 280
0x00007aca1ff3f840 0x00000001aeb4c840 0 0 0 0 1 3 1 5578 288
0x00007aca1ff3f8c0 0x00000001aeb4c8c0 0 0 0 0 1 3 1 5578 296
0x00007aca1ff3f940 0x00000001aeb4c940 0 1 0 0 1 3 1 5578 288
0x00007aca1ff3f9c0 0x00000001aeb4c9c0 0 1 0 0 1 3 1 5578 296
0x00007aca1ff3fa40 0x00000001aeb4ca40 0 0 1 0 1 3 1 5578 288
0x00007aca1ff3fac0 0x00000001aeb4cac0 0 0 1 0 1 3 1 5578 296
0x00007aca1ff3fb40 0x00000001aeb4cb40 0 1 1 0 1 3 1 5578 288
0x00007aca1ff3fbc0 0x00000001aeb4cbc0 0 1 1 0 1 3 1 5578 296
0x00007aca1ff3fc40 0x00000001aeb4cc40 0 0 0 0 1 3 1 5578 304
0x00007aca1ff3fcc0 0x00000001aeb4ccc0 0 0 0 0 1 3 1 5578 312
0x00007aca1ff3fd40 0x00000001aeb4cd40 0 1 0 0 1 3 1 5578 304
0x00007aca1ff3fdc0 0x00000001aeb4cdc0 0 1 0 0 1 3 1 5578 312
0x00007aca1ff3fe40 0x00000001aeb4ce40 0 0 1 0 1 3 1 5578 304
0x00007aca1ff3fec0 0x00000001aeb4cec0 0 0 1 0 1 3 1 5578 312
0x00007aca1ff3ff40 0x00000001aeb4cf40 0 1 1 0 1 3 1 5578 304
0x00007aca1ff3ffc0 0x00000001aeb4cfc0 0 1 1 0 1 3 1 5578 312
0x00007aca1ff40040 0x00000001aeb63040 0 0 0 0 0 3 1 5579 192
0x00007aca1ff400c0 0x00000001aeb630c0 0 0 0 0 0 3 1 5579 200
0x00007aca1ff40140 0x00000001aeb63140 0 1 0 0 0 3 1 5579 192
0x00007aca1ff401c0 0x00000001aeb631c0 0 1 0 0 0 3 1 5579 200
0x00007aca1ff40240 0x00000001aeb63240 0 0 1 0 0 3 1 5579 192
0x00007aca1ff402c0 0x00000001aeb632c0 0 0 1 0 0 3 1 5579 200
0x00007aca1ff40340 0x00000001aeb63340 0 1 1 0 0 3 1 5579 192
0x00007aca1ff403c0 0x00000001aeb633c0 0 1 1 0 0 3 1 5579 200
0x00007aca1ff40440 0x00000001aeb63440 0 0 0 0 0 3 1 5579 208
0x00007aca1ff404c0 0x00000001aeb634c0 0 0 0 0 0 3 1 5579 216
0x00007aca1ff40540 0x00000001aeb63540 0 1 0 0 0 3 1 5579 208
0x00007aca1ff405c0 0x00000001aeb635c0 0 1 0 0 0 3 1 5579 216
0x00007aca1ff40640 0x00000001aeb63640 0 0 1 0 0 3 1 5579 208
0x00007aca1ff406c0 0x00000001aeb636c0 0 0 1 0 0 3 1 5579 216
0x00007aca1ff40740 0x00000001aeb63740 0 1 1 0 0 3 1 5579 208
0x00007aca1ff407c0 0x00000001aeb637c0 0 1 1 0 0 3 1 5579 216
0x00007aca1ff40840 0x00000001aeb63840 0 0 0 0 0 3 1 5579 224
0x00007aca1ff408c0 0x00000001aeb638c0 0 0 0 0 0 3 1 5579 232
0x00007aca1ff40940 0x00000001aeb63940 0 1 0 0 0 3 1 5579 224
0x00007aca1ff409c0 0x00000001aeb639c0 0 1 0 0 0 3 1 5579 232
0x00007aca1ff40a40 0x00000001aeb63a40 0 0 1 0 0 3 1 5579 224
0x00007aca1ff40ac0 0x00000001aeb63ac0 0 0 1 0 0 3 1 5579 232
0x00007aca1ff40b40 0x00000001aeb63b40 0 1 1 0 0 3 1 5579 224
0x00007aca1ff40bc0 0x00000001aeb63bc0 0 1 1 0 0 3 1 5579 232
0x00007aca1ff40c40 0x00000001aeb63c40 0 0 0 0 0 3 1 5579 240
0x00007aca1ff40cc0 0x00000001aeb63cc0 0 0 0 0 0 3 1 5579 248
0x00007aca1ff40d40 0x00000001aeb63d40 0 1 0 0 0 3 1 5579 240
0x00007aca1ff40dc0 0x00000001aeb63dc0 0 1 0 0 0 3 1 5579 248
0x00007aca1ff40e40 0x00000001aeb63e40 0 0 1 0 0 3 1 5579 240
0x00007aca1ff40ec0 0x00000001aeb63ec0 0 0 1 0 0 3 1 5579 248
0x00007aca1ff40f40 0x00000001aeb63f40 0 1 1 0 0 3 1 5579 240
0x00007aca1ff40fc0 0x00000001aeb63fc0 0 1 1 0 0 3 1 5579 248
0x00007aca1ff41040 0x00000001aeb64040 0 0 0 0 0 3 1 5579 256
0x00007aca1ff410c0 0x00000001aeb640c0 0 0 0 0 0 3 1 5579 264
0x00007aca1ff41140 0x00000001aeb64140 0 1 0 0 0 3 1 5579 256
0x00007aca1ff411c0 0x00000001aeb641c0 0 1 0 0 0 3 1 5579 264
0x00007aca1ff41240 0x00000001aeb64240 0 0 1 0 0 3 1 5579 256
0x00007aca1ff412c0 0x00000001aeb642c0 0 0 1 0 0 3 1 5579 264
0x00007aca1ff41340 0x00000001aeb64340 0 1 1 0 0 3 1 5579 256
0x00007aca1ff413c0 0x00000001aeb643c0 0 1 1 0 0 3 1 5579 264
0x00007aca1ff41440 0x00000001aeb64440 0 0 0 0 0 3 1 5579 272
0x00007aca1ff414c0 0x00000001aeb644c0 0 0 0 0 0 3 1 5579 280
0x00007aca1ff41540 0x00000001aeb64540 0 1 0 0 0 3 1 5579 272
0x00007aca1ff415c0 0x00000001aeb645c0 0 1 0 0 0 3 1 5579 280
0x00007aca1ff41640 0x00000001aeb64640 0 0 1 0 0 3 1 5579 272
0x00007aca1ff416c0 0x00000001aeb646c0 0 0 1 0 0 3 1 5579 280
0x00007aca1ff41740 0x00000001aeb64740 0 1 1 0 0 3 1 5579 272
0x00007aca1ff417c0 0x00000001aeb647c0 0 1 1 0 0 3 1 5579 280
0x00007aca1ff41840 0x00000001aeb64840 0 0 0 0 0 3 1 5579 288
0x00007aca1ff418c0 0x00000001aeb648c0 0 0 0 0 0 3 1 5579 296
0x00007aca1ff41940 0x00000001aeb64940 0 1 0 0 0 3 1 5579 288
0x00007aca1ff419c0 0x00000001aeb649c0 0 1 0 0 0 3 1 5579 296
0x00007aca1ff41a40 0x00000001aeb64a40 0 0 1 0 0 3 1 5579 288
0x00007aca1ff41ac0 0x00000001aeb64ac0 0 0 1 0 0 3 1 5579 296
0x00007aca1ff41b40 0x00000001aeb64b40 0 1 1 0 0 3 1 5579 288
0x00007aca1ff41bc0 0x00000001aeb64bc0 0 1 1 0 0 3 1 5579 296
0x00007aca1ff41c40 0x00000001aeb64c40 0 0 0 0 0 3 1 5579 304
0x00007aca1ff41cc0 0x00000001aeb64cc0 0 0 0 0 0 3 1 5579 312
0x00007aca1ff41d40 0x00000001aeb64d40 0 1 0 0 0 3 1 5579 304
0x00007aca1ff41dc0 0x00000001aeb64dc0 0 1 0 0 0 3 1 5579 312
0x00007aca1ff41e40 0x00000001aeb64e40 0 0 1 0 0 3 1 5579 304
0x00007aca1ff41ec0 0x00000001aeb64ec0 0 0 1 0 0 3 1 5579 312
0x00007aca1ff41f40 0x00000001aeb64f40 0 1 1 0 0 3 1 5579 304
0x00007aca1ff41fc0 0x00000001aeb64fc0 0 1 1 0 0 3 1 5579 312
0x00007aca1ff42040 0x00000001aeb68040 0 0 0 0 1 3 1 5579 0
0x00007aca1ff420c0 0x00000001aeb680c0 0 0 0 0 1 3 1 5579 8
0x00007aca1ff42140 0x00000001aeb68140 0 1 0 0 1 3 1 5579 0
0x00007aca1ff421c0 0x00000001aeb681c0 0 1 0 0 1 3 1 5579 8
0x00007aca1ff42240 0x00000001aeb68240 0 0 1 0 1 3 1 5579 0
0x00007aca1ff422c0 0x00000001aeb682c0 0 0 1 0 1 3 1 5579 8
0x00007aca1ff42340 0x00000001aeb68340 0 1 1 0 1 3 1 5579 0
0x00007aca1ff423c0 0x00000001aeb683c0 0 1 1 0 1 3 1 5579 8
0x00007aca1ff42440 0x00000001aeb68440 0 0 0 0 1 3 1 5579 16
0x00007aca1ff424c0 0x00000001aeb684c0 0 0 0 0 1 3 1 5579 24
0x00007aca1ff42540 0x00000001aeb68540 0 1 0 0 1 3 1 5579 16
0x00007aca1ff425c0 0x00000001aeb685c0 0 1 0 0 1 3 1 5579 24
0x00007aca1ff42640 0x00000001aeb68640 0 0 1 0 1 3 1 5579 16
0x00007aca1ff426c0 0x00000001aeb686c0 0 0 1 0 1 3 1 5579 24
0x00007aca1ff42740 0x00000001aeb68740 0 1 1 0 1 3 1 5579 16
0x00007aca1ff427c0 0x00000001aeb687c0 0 1 1 0 1 3 1 5579 24
0x00007aca1ff42840 0x00000001aeb68840 0 0 0 0 1 3 1 5579 32
0x00007aca1ff428c0 0x00000001aeb688c0 0 0 0 0 1 3 1 5579 40
0x00007aca1ff42940 0x00000001aeb68940 0 1 0 0 1 3 1 5579 32
0x00007aca1ff429c0 0x00000001aeb689c0 0 1 0 0 1 3 1 5579 40
0x00007aca1ff42a40 0x00000001aeb68a40 0 0 1 0 1 3 1 5579 32
0x00007aca1ff42ac0 0x00000001aeb68ac0 0 0 1 0 1 3 1 5579 40
0x00007aca1ff42b40 0x00000001aeb68b40 0 1 1 0 1 3 1 5579 32
0x00007aca1ff42bc0 0x00000001aeb68bc0 0 1 1 0 1 3 1 5579 40
0x00007aca1ff42c40 0x00000001aeb68c40 0 0 0 0 1 3 1 5579 48
0x00007aca1ff42cc0 0x00000001aeb68cc0 0 0 0 0 1 3 1 5579 56
0x00007aca1ff42d40 0x00000001aeb68d40 0 1 0 0 1 3 1 5579 48
0x00007aca1ff42dc0 0x00000001aeb68dc0 0 1 0 0 1 3 1 5579 56
0x00007aca1ff42e40 0x00000001aeb68e40 0 0 1 0 1 3 1 5579 48
0x00007aca1ff42ec0 0x00000001aeb68ec0 0 0 1 0 1 3 1 5579 56
0x00007aca1ff42f40 0x00000001aeb68f40 0 1 1 0 1 3 1 5579 48
0x00007aca1ff42fc0 0x00000001aeb68fc0 0 1 1 0 1 3 1 5579 56
0x00007aca1ff43040 0x00000001aebe9040 0 0 0 0 1 3 1 5583 64
0x00007aca1ff430c0 0x00000001aebe90c0 0 0 0 0 1 3 1 5583 72
0x00007aca1ff43140 0x00000001aebe9140 0 1 0 0 1 3 1 5583 64
0x00007aca1ff431c0 0x00000001aebe91c0 0 1 0 0 1 3 1 5583 72
0x00007aca1ff43240 0x00000001aebe9240 0 0 1 0 1 3 1 5583 64
0x00007aca1ff432c0 0x00000001aebe92c0 0 0 1 0 1 3 1 5583 72
0x00007aca1ff43340 0x00000001aebe9340 0 1 1 0 1 3 1 5583 64
0x00007aca1ff433c0 0x00000001aebe93c0 0 1 1 0 1 3 1 5583 72
0x00007aca1ff43440 0x00000001aebe9440 0 0 0 0 1 3 1 5583 80
0x00007aca1ff434c0 0x00000001aebe94c0 0 0 0 0 1 3 1 5583 88
0x00007aca1ff43540 0x00000001aebe9540 0 1 0 0 1 3 1 5583 80
0x00007aca1ff435c0 0x00000001aebe95c0 0 1 0 0 1 3 1 5583 88
0x00007aca1ff43640 0x00000001aebe9640 0 0 1 0 1 3 1 5583 80
0x00007aca1ff436c0 0x00000001aebe96c0 0 0 1 0 1 3 1 5583 88
0x00007aca1ff43740 0x00000001aebe9740 0 1 1 0 1 3 1 5583 80
0x00007aca1ff437c0 0x00000001aebe97c0 0 1 1 0 1 3 1 5583 88
0x00007aca1ff43840 0x00000001aebe9840 0 0 0 0 1 3 1 5583 96
0x00007aca1ff438c0 0x00000001aebe98c0 0 0 0 0 1 3 1 5583 104
0x00007aca1ff43940 0x00000001aebe9940 0 1 0 0 1 3 1 5583 96
0x00007aca1ff439c0 0x00000001aebe99c0 0 1 0 0 1 3 1 5583 104
0x00007aca1ff43a40 0x00000001aebe9a40 0 0 1 0 1 3 1 5583 96
0x00007aca1ff43ac0 0x00000001aebe9ac0 0 0 1 0 1 3 1 5583 104
0x00007aca1ff43b40 0x00000001aebe9b40 0 1 1 0 1 3 1 5583 96
0x00007aca1ff43bc0 0x00000001aebe9bc0 0 1 1 0 1 3 1 5583 104
0x00007aca1ff43c40 0x00000001aebe9c40 0 0 0 0 1 3 1 5583 112
0x00007aca1ff43cc0 0x00000001aebe9cc0 0 0 0 0 1 3 1 5583 120
0x00007aca1ff43d40 0x00000001aebe9d40 0 1 0 0 1 3 1 5583 112
0x00007aca1ff43dc0 0x00000001aebe9dc0 0 1 0 0 1 3 1 5583 120
0x00007aca1ff43e40 0x00000001aebe9e40 0 0 1 0 1 3 1 5583 112
0x00007aca1ff43ec0 0x00000001aebe9ec0 0 0 1 0 1 3 1 5583 120
0x00007aca1ff43f40 0x00000001aebe9f40 0 1 1 0 1 3 1 5583 112
0x00007aca1ff43fc0 0x00000001aebe9fc0 0 1 1 0 1 3 1 5583 120
0x00007aca1ff45040 0x00000008f73ce040 0 0 0 0 1 3 1 36582 384
0x00007aca1ff450c0 0x00000008f73ce0c0 0 0 0 0 1 3 1 36582 392
0x00007aca1ff45140 0x00000008f73ce140 0 1 0 0 1 3 1 36582 384
0x00007aca1ff451c0 0x00000008f73ce1c0 0 1 0 0 1 3 1 36582 392
0x00007aca1ff45240 0x00000008f73ce240 0 0 1 0 1 3 1 36582 384
0x00007aca1ff452c0 0x00000008f73ce2c0 0 0 1 0 1 3 1 36582 392
0x00007aca1ff45340 0x00000008f73ce340 0 1 1 0 1 3 1 36582 384
0x00007aca1ff453c0 0x00000008f73ce3c0 0 1 1 0 1 3 1 36582 392
0x00007aca1ff45440 0x00000008f73ce440 0 0 0 0 1 3 1 36582 400
0x00007aca1ff454c0 0x00000008f73ce4c0 0 0 0 0 1 3 1 36582 408
0x00007aca1ff45540 0x00000008f73ce540 0 1 0 0 1 3 1 36582 400
0x00007aca1ff455c0 0x00000008f73ce5c0 0 1 0 0 1 3 1 36582 408
0x00007aca1ff45640 0x00000008f73ce640 0 0 1 0 1 3 1 36582 400
0x00007aca1ff456c0 0x00000008f73ce6c0 0 0 1 0 1 3 1 36582 408
0x00007aca1ff45740 0x00000008f73ce740 0 1 1 0 1 3 1 36582 400
0x00007aca1ff457c0 0x00000008f73ce7c0 0 1 1 0 1 3 1 36582 408
0x00007aca1ff45840 0x00000008f73ce840 0 0 0 0 1 3 1 36582 416
0x00007aca1ff458c0 0x00000008f73ce8c0 0 0 0 0 1 3 1 36582 424
0x00007aca1ff45940 0x00000008f73ce940 0 1 0 0 1 3 1 36582 416
0x00007aca1ff459c0 0x00000008f73ce9c0 0 1 0 0 1 3 1 36582 424
0x00007aca1ff45a40 0x00000008f73cea40 0 0 1 0 1 3 1 36582 416
0x00007aca1ff45ac0 0x00000008f73ceac0 0 0 1 0 1 3 1 36582 424
0x00007aca1ff45b40 0x00000008f73ceb40 0 1 1 0 1 3 1 36582 416
0x00007aca1ff45bc0 0x00000008f73cebc0 0 1 1 0 1 3 1 36582 424
0x00007aca1ff45c40 0x00000008f73cec40 0 0 0 0 1 3 1 36582 432
0x00007aca1ff45cc0 0x00000008f73cecc0 0 0 0 0 1 3 1 36582 440
0x00007aca1ff45d40 0x00000008f73ced40 0 1 0 0 1 3 1 36582 432
0x00007aca1ff45dc0 0x00000008f73cedc0 0 1 0 0 1 3 1 36582 440
0x00007aca1ff45e40 0x00000008f73cee40 0 0 1 0 1 3 1 36582 432
0x00007aca1ff45ec0 0x00000008f73ceec0 0 0 1 0 1 3 1 36582 440
0x00007aca1ff45f40 0x00000008f73cef40 0 1 1 0 1 3 1 36582 432
0x00007aca1ff45fc0 0x00000008f73cefc0 0 1 1 0 1 3 1 36582 440
0x00007aca1ff4b040 0x00000001aebf7040 0 0 0 0 0 3 1 5583 960
0x00007aca1ff4b0c0 0x00000001aebf70c0 0 0 0 0 0 3 1 5583 968
0x00007aca1ff4b140 0x00000001aebf7140 0 1 0 0 0 3 1 5583 960
0x00007aca1ff4b1c0 0x00000001aebf71c0 0 1 0 0 0 3 1 5583 968
0x00007aca1ff4b240 0x00000001aebf7240 0 0 1 0 0 3 1 5583 960
0x00007aca1ff4b2c0 0x00000001aebf72c0 0 0 1 0 0 3 1 5583 968
0x00007aca1ff4b340 0x00000001aebf7340 0 1 1 0 0 3 1 5583 960
0x00007aca1ff4b3c0 0x00000001aebf73c0 0 1 1 0 0 3 1 5583 968
0x00007aca1ff4b440 0x00000001aebf7440 0 0 0 0 0 3 1 5583 976
0x00007aca1ff4b4c0 0x00000001aebf74c0 0 0 0 0 0 3 1 5583 984
0x00007aca1ff4b540 0x00000001aebf7540 0 1 0 0 0 3 1 5583 976
0x00007aca1ff4b5c0 0x00000001aebf75c0 0 1 0 0 0 3 1 5583 984
0x00007aca1ff4b640 0x00000001aebf7640 0 0 1 0 0 3 1 5583 976
0x00007aca1ff4b6c0 0x00000001aebf76c0 0 0 1 0 0 3 1 5583 984
0x00007aca1ff4b740 0x00000001aebf7740 0 1 1 0 0 3 1 5583 976
0x00007aca1ff4b7c0 0x00000001aebf77c0 0 1 1 0 0 3 1 5583 984
0x00007aca1ff4b840 0x00000001aebf7840 0 0 0 0 0 3 1 5583 992
0x00007aca1ff4b8c0 0x00000001aebf78c0 0 0 0 0 0 3 1 5583 1000
0x00007aca1ff4b940 0x00000001aebf7940 0 1 0 0 0 3 1 5583 992
0x00007aca1ff4b9c0 0x00000001aebf79c0 0 1 0 0 0 3 1 5583 1000
0x00007aca1ff4ba40 0x00000001aebf7a40 0 0 1 0 0 3 1 5583 992
0x00007aca1ff4bac0 0x00000001aebf7ac0 0 0 1 0 0 3 1 5583 1000
0x00007aca1ff4bb40 0x00000001aebf7b40 0 1 1 0 0 3 1 5583 992
0x00007aca1ff4bbc0 0x00000001aebf7bc0 0 1 1 0 0 3 1 5583 1000
0x00007aca1ff4bc40 0x00000001aebf7c40 0 0 0 0 0 3 1 5583 1008
0x00007aca1ff4bcc0 0x00000001aebf7cc0 0 0 0 0 0 3 1 5583 1016
0x00007aca1ff4bd40 0x00000001aebf7d40 0 1 0 0 0 3 1 5583 1008
0x00007aca1ff4bdc0 0x00000001aebf7dc0 0 1 0 0 0 3 1 5583 1016
0x00007aca1ff4be40 0x00000001aebf7e40 0 0 1 0 0 3 1 5583 1008
0x00007aca1ff4bec0 0x00000001aebf7ec0 0 0 1 0 0 3 1 5583 1016
0x00007aca1ff4bf40 0x00000001aebf7f40 0 1 1 0 0 3 1 5583 1008
0x00007aca1ff4bfc0 0x00000001aebf7fc0 0 1 1 0 0 3 1 5583 1016
0x00007aca1ff4e040 0x00000009cebe5040 0 0 0 0 0 3 1 39375 320
0x00007aca1ff4e0c0 0x00000009cebe50c0 0 0 0 0 0 3 1 39375 328
0x00007aca1ff4e140 0x00000009cebe5140 0 1 0 0 0 3 1 39375 320
0x00007aca1ff4e1c0 0x00000009cebe51c0 0 1 0 0 0 3 1 39375 328
0x00007aca1ff4e240 0x00000009cebe5240 0 0 1 0 0 3 1 39375 320
0x00007aca1ff4e2c0 0x00000009cebe52c0 0 0 1 0 0 3 1 39375 328
0x00007aca1ff4e340 0x00000009cebe5340 0 1 1 0 0 3 1 39375 320
0x00007aca1ff4e3c0 0x00000009cebe53c0 0 1 1 0 0 3 1 39375 328
0x00007aca1ff4e440 0x00000009cebe5440 0 0 0 0 0 3 1 39375 336
0x00007aca1ff4e4c0 0x00000009cebe54c0 0 0 0 0 0 3 1 39375 344
0x00007aca1ff4e540 0x00000009cebe5540 0 1 0 0 0 3 1 39375 336
0x00007aca1ff4e5c0 0x00000009cebe55c0 0 1 0 0 0 3 1 39375 344
0x00007aca1ff4e640 0x00000009cebe5640 0 0 1 0 0 3 1 39375 336
0x00007aca1ff4e6c0 0x00000009cebe56c0 0 0 1 0 0 3 1 39375 344
0x00007aca1ff4e740 0x00000009cebe5740 0 1 1 0 0 3 1 39375 336
0x00007aca1ff4e7c0 0x00000009cebe57c0 0 1 1 0 0 3 1 39375 344
0x00007aca1ff4e840 0x00000009cebe5840 0 0 0 0 0 3 1 39375 352
0x00007aca1ff4e8c0 0x00000009cebe58c0 0 0 0 0 0 3 1 39375 360
0x00007aca1ff4e940 0x00000009cebe5940 0 1 0 0 0 3 1 39375 352
0x00007aca1ff4e9c0 0x00000009cebe59c0 0 1 0 0 0 3 1 39375 360
0x00007aca1ff4ea40 0x00000009cebe5a40 0 0 1 0 0 3 1 39375 352
0x00007aca1ff4eac0 0x00000009cebe5ac0 0 0 1 0 0 3 1 39375 360
0x00007aca1ff4eb40 0x00000009cebe5b40 0 1 1 0 0 3 1 39375 352
0x00007aca1ff4ebc0 0x00000009cebe5bc0 0 1 1 0 0 3 1 39375 360
0x00007aca1ff4ec40 0x00000009cebe5c40 0 0 0 0 0 3 1 39375 368
0x00007aca1ff4ecc0 0x00000009cebe5cc0 0 0 0 0 0 3 1 39375 376
0x00007aca1ff4ed40 0x00000009cebe5d40 0 1 0 0 0 3 1 39375 368
0x00007aca1ff4edc0 0x00000009cebe5dc0 0 1 0 0 0 3 1 39375 376
0x00007aca1ff4ee40 0x00000009cebe5e40 0 0 1 0 0 3 1 39375 368
0x00007aca1ff4eec0 0x00000009cebe5ec0 0 0 1 0 0 3 1 39375 376
0x00007aca1ff4ef40 0x00000009cebe5f40 0 1 1 0 0 3 1 39375 368
0x00007aca1ff4efc0 0x00000009cebe5fc0 0 1 1 0 0 3 1 39375 376
0x00007aca1ff5a040 0x0000000f13be5040 0 0 0 0 0 3 1 57983 320
0x00007aca1ff5a0c0 0x0000000f13be50c0 0 0 0 0 0 3 1 57983 328
0x00007aca1ff5a140 0x0000000f13be5140 0 1 0 0 0 3 1 57983 320
0x00007aca1ff5a1c0 0x0000000f13be51c0 0 1 0 0 0 3 1 57983 328
0x00007aca1ff5a240 0x0000000f13be5240 0 0 1 0 0 3 1 57983 320
0x00007aca1ff5a2c0 0x0000000f13be52c0 0 0 1 0 0 3 1 57983 328
0x00007aca1ff5a340 0x0000000f13be5340 0 1 1 0 0 3 1 57983 320
0x00007aca1ff5a3c0 0x0000000f13be53c0 0 1 1 0 0 3 1 57983 328
0x00007aca1ff5a440 0x0000000f13be5440 0 0 0 0 0 3 1 57983 336
0x00007aca1ff5a4c0 0x0000000f13be54c0 0 0 0 0 0 3 1 57983 344
0x00007aca1ff5a540 0x0000000f13be5540 0 1 0 0 0 3 1 57983 336
0x00007aca1ff5a5c0 0x0000000f13be55c0 0 1 0 0 0 3 1 57983 344
0x00007aca1ff5a640 0x0000000f13be5640 0 0 1 0 0 3 1 57983 336
0x00007aca1ff5a6c0 0x0000000f13be56c0 0 0 1 0 0 3 1 57983 344
0x00007aca1ff5a740 0x0000000f13be5740 0 1 1 0 0 3 1 57983 336
0x00007aca1ff5a7c0 0x0000000f13be57c0 0 1 1 0 0 3 1 57983 344
0x00007aca1ff5a840 0x0000000f13be5840 0 0 0 0 0 3 1 57983 352
0x00007aca1ff5a8c0 0x0000000f13be58c0 0 0 0 0 0 3 1 57983 360
0x00007aca1ff5a940 0x0000000f13be5940 0 1 0 0 0 3 1 57983 352
0x00007aca1ff5a9c0 0x0000000f13be59c0 0 1 0 0 0 3 1 57983 360
0x00007aca1ff5aa40 0x0000000f13be5a40 0 0 1 0 0 3 1 57983 352
0x00007aca1ff5aac0 0x0000000f13be5ac0 0 0 1 0 0 3 1 57983 360
0x00007aca1ff5ab40 0x0000000f13be5b40 0 1 1 0 0 3 1 57983 352
0x00007aca1ff5abc0 0x0000000f13be5bc0 0 1 1 0 0 3 1 57983 360
0x00007aca1ff5ac40 0x0000000f13be5c40 0 0 0 0 0 3 1 57983 368
0x00007aca1ff5acc0 0x0000000f13be5cc0 0 0 0 0 0 3 1 57983 376
0x00007aca1ff5ad40 0x0000000f13be5d40 0 1 0 0 0 3 1 57983 368
0x00007aca1ff5adc0 0x0000000f13be5dc0 0 1 0 0 0 3 1 57983 376
0x00007aca1ff5ae40 0x0000000f13be5e40 0 0 1 0 0 3 1 57983 368
0x00007aca1ff5aec0 0x0000000f13be5ec0 0 0 1 0 0 3 1 57983 376
0x00007aca1ff5af40 0x0000000f13be5f40 0 1 1 0 0 3 1 57983 368
0x00007aca1ff5afc0 0x0000000f13be5fc0 0 1 1 0 0 3 1 57983 376
0x00007aca1ff5d040 0x0000000cb336d040 0 0 0 0 1 3 1 50787 320
0x00007aca1ff5d0c0 0x0000000cb336d0c0 0 0 0 0 1 3 1 50787 328
0x00007aca1ff5d140 0x0000000cb336d140 0 1 0 0 1 3 1 50787 320
0x00007aca1ff5d1c0 0x0000000cb336d1c0 0 1 0 0 1 3 1 50787 328
0x00007aca1ff5d240 0x0000000cb336d240 0 0 1 0 1 3 1 50787 320
0x00007aca1ff5d2c0 0x0000000cb336d2c0 0 0 1 0 1 3 1 50787 328
0x00007aca1ff5d340 0x0000000cb336d340 0 1 1 0 1 3 1 50787 320
0x00007aca1ff5d3c0 0x0000000cb336d3c0 0 1 1 0 1 3 1 50787 328
0x00007aca1ff5d440 0x0000000cb336d440 0 0 0 0 1 3 1 50787 336
0x00007aca1ff5d4c0 0x0000000cb336d4c0 0 0 0 0 1 3 1 50787 344
0x00007aca1ff5d540 0x0000000cb336d540 0 1 0 0 1 3 1 50787 336
0x00007aca1ff5d5c0 0x0000000cb336d5c0 0 1 0 0 1 3 1 50787 344
0x00007aca1ff5d640 0x0000000cb336d640 0 0 1 0 1 3 1 50787 336
0x00007aca1ff5d6c0 0x0000000cb336d6c0 0 0 1 0 1 3 1 50787 344
0x00007aca1ff5d740 0x0000000cb336d740 0 1 1 0 1 3 1 50787 336
0x00007aca1ff5d7c0 0x0000000cb336d7c0 0 1 1 0 1 3 1 50787 344
0x00007aca1ff5d840 0x0000000cb336d840 0 0 0 0 1 3 1 50787 352
0x00007aca1ff5d8c0 0x0000000cb336d8c0 0 0 0 0 1 3 1 50787 360
0x00007aca1ff5d940 0x0000000cb336d940 0 1 0 0 1 3 1 50787 352
0x00007aca1ff5d9c0 0x0000000cb336d9c0 0 1 0 0 1 3 1 50787 360
0x00007aca1ff5da40 0x0000000cb336da40 0 0 1 0 1 3 1 50787 352
0x00007aca1ff5dac0 0x0000000cb336dac0 0 0 1 0 1 3 1 50787 360
0x00007aca1ff5db40 0x0000000cb336db40 0 1 1 0 1 3 1 50787 352
0x00007aca1ff5dbc0 0x0000000cb336dbc0 0 1 1 0 1 3 1 50787 360
0x00007aca1ff5dc40 0x0000000cb336dc40 0 0 0 0 1 3 1 50787 368
0x00007aca1ff5dcc0 0x0000000cb336dcc0 0 0 0 0 1 3 1 50787 376
0x00007aca1ff5dd40 0x0000000cb336dd40 0 1 0 0 1 3 1 50787 368
0x00007aca1ff5ddc0 0x0000000cb336ddc0 0 1 0 0 1 3 1 50787 376
0x00007aca1ff5de40 0x0000000cb336de40 0 0 1 0 1 3 1 50787 368
0x00007aca1ff5dec0 0x0000000cb336dec0 0 0 1 0 1 3 1 50787 376
0x00007aca1ff5df40 0x0000000cb336df40 0 1 1 0 1 3 1 50787 368
0x00007aca1ff5dfc0 0x0000000cb336dfc0 0 1 1 0 1 3 1 50787 376
0x00007aca1ff66040 0x0000000c5338d040 0 0 0 0 1 3 1 47732 320
0x00007aca1ff660c0 0x0000000c5338d0c0 0 0 0 0 1 3 1 47732 328
0x00007aca1ff66140 0x0000000c5338d140 0 1 0 0 1 3 1 47732 320
0x00007aca1ff661c0 0x0000000c5338d1c0 0 1 0 0 1 3 1 47732 328
0x00007aca1ff66240 0x0000000c5338d240 0 0 1 0 1 3 1 47732 320
0x00007aca1ff662c0 0x0000000c5338d2c0 0 0 1 0 1 3 1 47732 328
0x00007aca1ff66340 0x0000000c5338d340 0 1 1 0 1 3 1 47732 320
0x00007aca1ff663c0 0x0000000c5338d3c0 0 1 1 0 1 3 1 47732 328
0x00007aca1ff66440 0x0000000c5338d440 0 0 0 0 1 3 1 47732 336
0x00007aca1ff664c0 0x0000000c5338d4c0 0 0 0 0 1 3 1 47732 344
0x00007aca1ff66540 0x0000000c5338d540 0 1 0 0 1 3 1 47732 336
0x00007aca1ff665c0 0x0000000c5338d5c0 0 1 0 0 1 3 1 47732 344
0x00007aca1ff66640 0x0000000c5338d640 0 0 1 0 1 3 1 47732 336
0x00007aca1ff666c0 0x0000000c5338d6c0 0 0 1 0 1 3 1 47732 344
0x00007aca1ff66740 0x0000000c5338d740 0 1 1 0 1 3 1 47732 336
0x00007aca1ff667c0 0x0000000c5338d7c0 0 1 1 0 1 3 1 47732 344
0x00007aca1ff66840 0x0000000c5338d840 0 0 0 0 1 3 1 47732 352
0x00007aca1ff668c0 0x0000000c5338d8c0 0 0 0 0 1 3 1 47732 360
0x00007aca1ff66940 0x0000000c5338d940 0 1 0 0 1 3 1 47732 352
0x00007aca1ff669c0 0x0000000c5338d9c0 0 1 0 0 1 3 1 47732 360
0x00007aca1ff66a40 0x0000000c5338da40 0 0 1 0 1 3 1 47732 352
0x00007aca1ff66ac0 0x0000000c5338dac0 0 0 1 0 1 3 1 47732 360
0x00007aca1ff66b40 0x0000000c5338db40 0 1 1 0 1 3 1 47732 352
0x00007aca1ff66bc0 0x0000000c5338dbc0 0 1 1 0 1 3 1 47732 360
0x00007aca1ff66c40 0x0000000c5338dc40 0 0 0 0 1 3 1 47732 368
0x00007aca1ff66cc0 0x0000000c5338dcc0 0 0 0 0 1 3 1 47732 376
0x00007aca1ff66d40 0x0000000c5338dd40 0 1 0 0 1 3 1 47732 368
0x00007aca1ff66dc0 0x0000000c5338ddc0 0 1 0 0 1 3 1 47732 376
0x00007aca1ff66e40 0x0000000c5338de40 0 0 1 0 1 3 1 47732 368
0x00007aca1ff66ec0 0x0000000c5338dec0 0 0 1 0 1 3 1 47732 376
0x00007aca1ff66f40 0x0000000c5338df40 0 1 1 0 1 3 1 47732 368
0x00007aca1ff66fc0 0x0000000c5338dfc0 0 1 1 0 1 3 1 47732 376
0x00007aca1ff68040 0x0000000b8b317040 0 0 0 0 0 3 1 45408 960
0x00007aca1ff680c0 0x0000000b8b3170c0 0 0 0 0 0 3 1 45408 968
0x00007aca1ff68140 0x0000000b8b317140 0 1 0 0 0 3 1 45408 960
0x00007aca1ff681c0 0x0000000b8b3171c0 0 1 0 0 0 3 1 45408 968
0x00007aca1ff68240 0x0000000b8b317240 0 0 1 0 0 3 1 45408 960
0x00007aca1ff682c0 0x0000000b8b3172c0 0 0 1 0 0 3 1 45408 968
0x00007aca1ff68340 0x0000000b8b317340 0 1 1 0 0 3 1 45408 960
0x00007aca1ff683c0 0x0000000b8b3173c0 0 1 1 0 0 3 1 45408 968
0x00007aca1ff68440 0x0000000b8b317440 0 0 0 0 0 3 1 45408 976
0x00007aca1ff684c0 0x0000000b8b3174c0 0 0 0 0 0 3 1 45408 984
0x00007aca1ff68540 0x0000000b8b317540 0 1 0 0 0 3 1 45408 976
0x00007aca1ff685c0 0x0000000b8b3175c0 0 1 0 0 0 3 1 45408 984
0x00007aca1ff68640 0x0000000b8b317640 0 0 1 0 0 3 1 45408 976
0x00007aca1ff686c0 0x0000000b8b3176c0 0 0 1 0 0 3 1 45408 984
0x00007aca1ff68740 0x0000000b8b317740 0 1 1 0 0 3 1 45408 976
0x00007aca1ff687c0 0x0000000b8b3177c0 0 1 1 0 0 3 1 45408 984
0x00007aca1ff68840 0x0000000b8b317840 0 0 0 0 0 3 1 45408 992
0x00007aca1ff688c0 0x0000000b8b3178c0 0 0 0 0 0 3 1 45408 1000
0x00007aca1ff68940 0x0000000b8b317940 0 1 0 0 0 3 1 45408 992
0x00007aca1ff689c0 0x0000000b8b3179c0 0 1 0 0 0 3 1 45408 1000
0x00007aca1ff68a40 0x0000000b8b317a40 0 0 1 0 0 3 1 45408 992
0x00007aca1ff68ac0 0x0000000b8b317ac0 0 0 1 0 0 3 1 45408 1000
0x00007aca1ff68b40 0x0000000b8b317b40 0 1 1 0 0 3 1 45408 992
0x00007aca1ff68bc0 0x0000000b8b317bc0 0 1 1 0 0 3 1 45408 1000
0x00007aca1ff68c40 0x0000000b8b317c40 0 0 0 0 0 3 1 45408 1008
0x00007aca1ff68cc0 0x0000000b8b317cc0 0 0 0 0 0 3 1 45408 1016
0x00007aca1ff68d40 0x0000000b8b317d40 0 1 0 0 0 3 1 45408 1008
0x00007aca1ff68dc0 0x0000000b8b317dc0 0 1 0 0 0 3 1 45408 1016
0x00007aca1ff68e40 0x0000000b8b317e40 0 0 1 0 0 3 1 45408 1008
0x00007aca1ff68ec0 0x0000000b8b317ec0 0 0 1 0 0 3 1 45408 1016
0x00007aca1ff68f40 0x0000000b8b317f40 0 1 1 0 0 3 1 45408 1008
0x00007aca1ff68fc0 0x0000000b8b317fc0 0 1 1 0 0 3 1 45408 1016
0x00007aca1ff73040 0x00000001aeb56040 0 0 0 0 0 3 1 5578 896
0x00007aca1ff730c0 0x00000001aeb560c0 0 0 0 0 0 3 1 5578 904
0x00007aca1ff73140 0x00000001aeb56140 0 1 0 0 0 3 1 5578 896
0x00007aca1ff731c0 0x00000001aeb561c0 0 1 0 0 0 3 1 5578 904
0x00007aca1ff73240 0x00000001aeb56240 0 0 1 0 0 3 1 5578 896
0x00007aca1ff732c0 0x00000001aeb562c0 0 0 1 0 0 3 1 5578 904
0x00007aca1ff73340 0x00000001aeb56340 0 1 1 0 0 3 1 5578 896
0x00007aca1ff733c0 0x00000001aeb563c0 0 1 1 0 0 3 1 5578 904
0x00007aca1ff73440 0x00000001aeb56440 0 0 0 0 0 3 1 5578 912
0x00007aca1ff734c0 0x00000001aeb564c0 0 0 0 0 0 3 1 5578 920
0x00007aca1ff73540 0x00000001aeb56540 0 1 0 0 0 3 1 5578 912
0x00007aca1ff735c0 0x00000001aeb565c0 0 1 0 0 0 3 1 5578 920
0x00007aca1ff73640 0x00000001aeb56640 0 0 1 0 0 3 1 5578 912
0x00007aca1ff736c0 0x00000001aeb566c0 0 0 1 0 0 3 1 5578 920
0x00007aca1ff73740 0x00000001aeb56740 0 1 1 0 0 3 1 5578 912
0x00007aca1ff737c0 0x00000001aeb567c0 0 1 1 0 0 3 1 5578 920
0x00007aca1ff73840 0x00000001aeb56840 0 0 0 0 0 3 1 5578 928
0x00007aca1ff738c0 0x00000001aeb568c0 0 0 0 0 0 3 1 5578 936
0x00007aca1ff73940 0x00000001aeb56940 0 1 0 0 0 3 1 5578 928
0x00007aca1ff739c0 0x00000001aeb569c0 0 1 0 0 0 3 1 5578 936
0x00007aca1ff73a40 0x00000001aeb56a40 0 0 1 0 0 3 1 5578 928
0x00007aca1ff73ac0 0x00000001aeb56ac0 0 0 1 0 0 3 1 5578 936
0x00007aca1ff73b40 0x00000001aeb56b40 0 1 1 0 0 3 1 5578 928
0x00007aca1ff73bc0 0x00000001aeb56bc0 0 1 1 0 0 3 1 5578 936
0x00007aca1ff73c40 0x00000001aeb56c40 0 0 0 0 0 3 1 5578 944
0x00007aca1ff73cc0 0x00000001aeb56cc0 0 0 0 0 0 3 1 5578 952
0x00007aca1ff73d40 0x00000001aeb56d40 0 1 0 0 0 3 1 5578 944
0x00007aca1ff73dc0 0x00000001aeb56dc0 0 1 0 0 0 3 1 5578 952
0x00007aca1ff73e40 0x00000001aeb56e40 0 0 1 0 0 3 1 5578 944
0x00007aca1ff73ec0 0x00000001aeb56ec0 0 0 1 0 0 3 1 5578 952
0x00007aca1ff73f40 0x00000001aeb56f40 0 1 1 0 0 3 1 5578 944
0x00007aca1ff73fc0 0x00000001aeb56fc0 0 1 1 0 0 3 1 5578 952
0x00007aca1ff81040 0x0000000e303a2040 0 0 0 0 0 3 1 54805 128
0x00007aca1ff810c0 0x0000000e303a20c0 0 0 0 0 0 3 1 54805 136
0x00007aca1ff81140 0x0000000e303a2140 0 1 0 0 0 3 1 54805 128
0x00007aca1ff811c0 0x0000000e303a21c0 0 1 0 0 0 3 1 54805 136
0x00007aca1ff81240 0x0000000e303a2240 0 0 1 0 0 3 1 54805 128
0x00007aca1ff812c0 0x0000000e303a22c0 0 0 1 0 0 3 1 54805 136
0x00007aca1ff81340 0x0000000e303a2340 0 1 1 0 0 3 1 54805 128
0x00007aca1ff813c0 0x0000000e303a23c0 0 1 1 0 0 3 1 54805 136
0x00007aca1ff81440 0x0000000e303a2440 0 0 0 0 0 3 1 54805 144
0x00007aca1ff814c0 0x0000000e303a24c0 0 0 0 0 0 3 1 54805 152
0x00007aca1ff81540 0x0000000e303a2540 0 1 0 0 0 3 1 54805 144
0x00007aca1ff815c0 0x0000000e303a25c0 0 1 0 0 0 3 1 54805 152
0x00007aca1ff81640 0x0000000e303a2640 0 0 1 0 0 3 1 54805 144
0x00007aca1ff816c0 0x0000000e303a26c0 0 0 1 0 0 3 1 54805 152
0x00007aca1ff81740 0x0000000e303a2740 0 1 1 0 0 3 1 54805 144
0x00007aca1ff817c0 0x0000000e303a27c0 0 1 1 0 0 3 1 54805 152
0x00007aca1ff81840 0x0000000e303a2840 0 0 0 0 0 3 1 54805 160
0x00007aca1ff818c0 0x0000000e303a28c0 0 0 0 0 0 3 1 54805 168
0x00007aca1ff81940 0x0000000e303a2940 0 1 0 0 0 3 1 54805 160
0x00007aca1ff819c0 0x0000000e303a29c0 0 1 0 0 0 3 1 54805 168
0x00007aca1ff81a40 0x0000000e303a2a40 0 0 1 0 0 3 1 54805 160
0x00007aca1ff81ac0 0x0000000e303a2ac0 0 0 1 0 0 3 1 54805 168
0x00007aca1ff81b40 0x0000000e303a2b40 0 1 1 0 0 3 1 54805 160
0x00007aca1ff81bc0 0x0000000e303a2bc0 0 1 1 0 0 3 1 54805 168
0x00007aca1ff81c40 0x0000000e303a2c40 0 0 0 0 0 3 1 54805 176
0x00007aca1ff81cc0 0x0000000e303a2cc0 0 0 0 0 0 3 1 54805 184
0x00007aca1ff81d40 0x0000000e303a2d40 0 1 0 0 0 3 1 54805 176
0x00007aca1ff81dc0 0x0000000e303a2dc0 0 1 0 0 0 3 1 54805 184
0x00007aca1ff81e40 0x0000000e303a2e40 0 0 1 0 0 3 1 54805 176
0x00007aca1ff81ec0 0x0000000e303a2ec0 0 0 1 0 0 3 1 54805 184
0x00007aca1ff81f40 0x0000000e303a2f40 0 1 1 0 0 3 1 54805 176
0x00007aca1ff81fc0 0x0000000e303a2fc0 0 1 1 0 0 3 1 54805 184
0x00007aca1ff82040 0x000000024832d040 0 0 0 0 1 3 1 6417 320
0x00007aca1ff820c0 0x000000024832d0c0 0 0 0 0 1 3 1 6417 328
0x00007aca1ff82140 0x000000024832d140 0 1 0 0 1 3 1 6417 320
0x00007aca1ff821c0 0x000000024832d1c0 0 1 0 0 1 3 1 6417 328
0x00007aca1ff82240 0x000000024832d240 0 0 1 0 1 3 1 6417 320
0x00007aca1ff822c0 0x000000024832d2c0 0 0 1 0 1 3 1 6417 328
0x00007aca1ff82340 0x000000024832d340 0 1 1 0 1 3 1 6417 320
0x00007aca1ff823c0 0x000000024832d3c0 0 1 1 0 1 3 1 6417 328
0x00007aca1ff82440 0x000000024832d440 0 0 0 0 1 3 1 6417 336
0x00007aca1ff824c0 0x000000024832d4c0 0 0 0 0 1 3 1 6417 344
0x00007aca1ff82540 0x000000024832d540 0 1 0 0 1 3 1 6417 336
0x00007aca1ff825c0 0x000000024832d5c0 0 1 0 0 1 3 1 6417 344
0x00007aca1ff82640 0x000000024832d640 0 0 1 0 1 3 1 6417 336
0x00007aca1ff826c0 0x000000024832d6c0 0 0 1 0 1 3 1 6417 344
0x00007aca1ff82740 0x000000024832d740 0 1 1 0 1 3 1 6417 336
0x00007aca1ff827c0 0x000000024832d7c0 0 1 1 0 1 3 1 6417 344
0x00007aca1ff82840 0x000000024832d840 0 0 0 0 1 3 1 6417 352
0x00007aca1ff828c0 0x000000024832d8c0 0 0 0 0 1 3 1 6417 360
0x00007aca1ff82940 0x000000024832d940 0 1 0 0 1 3 1 6417 352
0x00007aca1ff829c0 0x000000024832d9c0 0 1 0 0 1 3 1 6417 360
0x00007aca1ff82a40 0x000000024832da40 0 0 1 0 1 3 1 6417 352
0x00007aca1ff82ac0 0x000000024832dac0 0 0 1 0 1 3 1 6417 360
0x00007aca1ff82b40 0x000000024832db40 0 1 1 0 1 3 1 6417 352
0x00007aca1ff82bc0 0x000000024832dbc0 0 1 1 0 1 3 1 6417 360
0x00007aca1ff82c40 0x000000024832dc40 0 0 0 0 1 3 1 6417 368
0x00007aca1ff82cc0 0x000000024832dcc0 0 0 0 0 1 3 1 6417 376
0x00007aca1ff82d40 0x000000024832dd40 0 1 0 0 1 3 1 6417 368
0x00007aca1ff82dc0 0x000000024832ddc0 0 1 0 0 1 3 1 6417 376
0x00007aca1ff82e40 0x000000024832de40 0 0 1 0 1 3 1 6417 368
0x00007aca1ff82ec0 0x000000024832dec0 0 0 1 0 1 3 1 6417 376
0x00007aca1ff82f40 0x000000024832df40 0 1 1 0 1 3 1 6417 368
0x00007aca1ff82fc0 0x000000024832dfc0 0 1 1 0 1 3 1 6417 376
0x00007aca1ff87040 0x00000008e7b1b040 0 0 0 0 1 3 1 36072 704
0x00007aca1ff870c0 0x00000008e7b1b0c0 0 0 0 0 1 3 1 36072 712
0x00007aca1ff87140 0x00000008e7b1b140 0 1 0 0 1 3 1 36072 704
0x00007aca1ff871c0 0x00000008e7b1b1c0 0 1 0 0 1 3 1 36072 712
0x00007aca1ff87240 0x00000008e7b1b240 0 0 1 0 1 3 1 36072 704
0x00007aca1ff872c0 0x00000008e7b1b2c0 0 0 1 0 1 3 1 36072 712
0x00007aca1ff87340 0x00000008e7b1b340 0 1 1 0 1 3 1 36072 704
0x00007aca1ff873c0 0x00000008e7b1b3c0 0 1 1 0 1 3 1 36072 712
0x00007aca1ff87440 0x00000008e7b1b440 0 0 0 0 1 3 1 36072 720
0x00007aca1ff874c0 0x00000008e7b1b4c0 0 0 0 0 1 3 1 36072 728
0x00007aca1ff87540 0x00000008e7b1b540 0 1 0 0 1 3 1 36072 720
0x00007aca1ff875c0 0x00000008e7b1b5c0 0 1 0 0 1 3 1 36072 728
0x00007aca1ff87640 0x00000008e7b1b640 0 0 1 0 1 3 1 36072 720
0x00007aca1ff876c0 0x00000008e7b1b6c0 0 0 1 0 1 3 1 36072 728
0x00007aca1ff87740 0x00000008e7b1b740 0 1 1 0 1 3 1 36072 720
0x00007aca1ff877c0 0x00000008e7b1b7c0 0 1 1 0 1 3 1 36072 728
0x00007aca1ff87840 0x00000008e7b1b840 0 0 0 0 1 3 1 36072 736
0x00007aca1ff878c0 0x00000008e7b1b8c0 0 0 0 0 1 3 1 36072 744
0x00007aca1ff87940 0x00000008e7b1b940 0 1 0 0 1 3 1 36072 736
0x00007aca1ff879c0 0x00000008e7b1b9c0 0 1 0 0 1 3 1 36072 744
0x00007aca1ff87a40 0x00000008e7b1ba40 0 0 1 0 1 3 1 36072 736
0x00007aca1ff87ac0 0x00000008e7b1bac0 0 0 1 0 1 3 1 36072 744
0x00007aca1ff87b40 0x00000008e7b1bb40 0 1 1 0 1 3 1 36072 736
0x00007aca1ff87bc0 0x00000008e7b1bbc0 0 1 1 0 1 3 1 36072 744
0x00007aca1ff87c40 0x00000008e7b1bc40 0 0 0 0 1 3 1 36072 752
0x00007aca1ff87cc0 0x00000008e7b1bcc0 0 0 0 0 1 3 1 36072 760
0x00007aca1ff87d40 0x00000008e7b1bd40 0 1 0 0 1 3 1 36072 752
0x00007aca1ff87dc0 0x00000008e7b1bdc0 0 1 0 0 1 3 1 36072 760
0x00007aca1ff87e40 0x00000008e7b1be40 0 0 1 0 1 3 1 36072 752
0x00007aca1ff87ec0 0x00000008e7b1bec0 0 0 1 0 1 3 1 36072 760
0x00007aca1ff87f40 0x00000008e7b1bf40 0 1 1 0 1 3 1 36072 752
0x00007aca1ff87fc0 0x00000008e7b1bfc0 0 1 1 0 1 3 1 36072 760
0x00007aca1ff8a040 0x00000009d9363040 0 0 0 0 0 3 1 39715 192
0x00007aca1ff8a0c0 0x00000009d93630c0 0 0 0 0 0 3 1 39715 200
0x00007aca1ff8a140 0x00000009d9363140 0 1 0 0 0 3 1 39715 192
0x00007aca1ff8a1c0 0x00000009d93631c0 0 1 0 0 0 3 1 39715 200
0x00007aca1ff8a240 0x00000009d9363240 0 0 1 0 0 3 1 39715 192
0x00007aca1ff8a2c0 0x00000009d93632c0 0 0 1 0 0 3 1 39715 200
0x00007aca1ff8a340 0x00000009d9363340 0 1 1 0 0 3 1 39715 192
0x00007aca1ff8a3c0 0x00000009d93633c0 0 1 1 0 0 3 1 39715 200
0x00007aca1ff8a440 0x00000009d9363440 0 0 0 0 0 3 1 39715 208
0x00007aca1ff8a4c0 0x00000009d93634c0 0 0 0 0 0 3 1 39715 216
0x00007aca1ff8a540 0x00000009d9363540 0 1 0 0 0 3 1 39715 208
0x00007aca1ff8a5c0 0x00000009d93635c0 0 1 0 0 0 3 1 39715 216
0x00007aca1ff8a640 0x00000009d9363640 0 0 1 0 0 3 1 39715 208
0x00007aca1ff8a6c0 0x00000009d93636c0 0 0 1 0 0 3 1 39715 216
0x00007aca1ff8a740 0x00000009d9363740 0 1 1 0 0 3 1 39715 208
0x00007aca1ff8a7c0 0x00000009d93637c0 0 1 1 0 0 3 1 39715 216
0x00007aca1ff8a840 0x00000009d9363840 0 0 0 0 0 3 1 39715 224
0x00007aca1ff8a8c0 0x00000009d93638c0 0 0 0 0 0 3 1 39715 232
0x00007aca1ff8a940 0x00000009d9363940 0 1 0 0 0 3 1 39715 224
0x00007aca1ff8a9c0 0x00000009d93639c0 0 1 0 0 0 3 1 39715 232
0x00007aca1ff8aa40 0x00000009d9363a40 0 0 1 0 0 3 1 39715 224
0x00007aca1ff8aac0 0x00000009d9363ac0 0 0 1 0 0 3 1 39715 232
0x00007aca1ff8ab40 0x00000009d9363b40 0 1 1 0 0 3 1 39715 224
0x00007aca1ff8abc0 0x00000009d9363bc0 0 1 1 0 0 3 1 39715 232
0x00007aca1ff8ac40 0x00000009d9363c40 0 0 0 0 0 3 1 39715 240
0x00007aca1ff8acc0 0x00000009d9363cc0 0 0 0 0 0 3 1 39715 248
0x00007aca1ff8ad40 0x00000009d9363d40 0 1 0 0 0 3 1 39715 240
0x00007aca1ff8adc0 0x00000009d9363dc0 0 1 0 0 0 3 1 39715 248
0x00007aca1ff8ae40 0x00000009d9363e40 0 0 1 0 0 3 1 39715 240
0x00007aca1ff8aec0 0x00000009d9363ec0 0 0 1 0 0 3 1 39715 248
0x00007aca1ff8af40 0x00000009d9363f40 0 1 1 0 0 3 1 39715 240
0x00007aca1ff8afc0 0x00000009d9363fc0 0 1 1 0 0 3 1 39715 248
0x00007aca1ff98040 0x0000000593329040 0 0 0 0 1 3 1 21089 64
0x00007aca1ff980c0 0x00000005933290c0 0 0 0 0 1 3 1 21089 72
0x00007aca1ff98140 0x0000000593329140 0 1 0 0 1 3 1 21089 64
0x00007aca1ff981c0 0x00000005933291c0 0 1 0 0 1 3 1 21089 72
0x00007aca1ff98240 0x0000000593329240 0 0 1 0 1 3 1 21089 64
0x00007aca1ff982c0 0x00000005933292c0 0 0 1 0 1 3 1 21089 72
0x00007aca1ff98340 0x0000000593329340 0 1 1 0 1 3 1 21089 64
0x00007aca1ff983c0 0x00000005933293c0 0 1 1 0 1 3 1 21089 72
0x00007aca1ff98440 0x0000000593329440 0 0 0 0 1 3 1 21089 80
0x00007aca1ff984c0 0x00000005933294c0 0 0 0 0 1 3 1 21089 88
0x00007aca1ff98540 0x0000000593329540 0 1 0 0 1 3 1 21089 80
0x00007aca1ff985c0 0x00000005933295c0 0 1 0 0 1 3 1 21089 88
0x00007aca1ff98640 0x0000000593329640 0 0 1 0 1 3 1 21089 80
0x00007aca1ff986c0 0x00000005933296c0 0 0 1 0 1 3 1 21089 88
0x00007aca1ff98740 0x0000000593329740 0 1 1 0 1 3 1 21089 80
0x00007aca1ff987c0 0x00000005933297c0 0 1 1 0 1 3 1 21089 88
0x00007aca1ff98840 0x0000000593329840 0 0 0 0 1 3 1 21089 96
0x00007aca1ff988c0 0x00000005933298c0 0 0 0 0 1 3 1 21089 104
0x00007aca1ff98940 0x0000000593329940 0 1 0 0 1 3 1 21089 96
0x00007aca1ff989c0 0x00000005933299c0 0 1 0 0 1 3 1 21089 104
0x00007aca1ff98a40 0x0000000593329a40 0 0 1 0 1 3 1 21089 96
0x00007aca1ff98ac0 0x0000000593329ac0 0 0 1 0 1 3 1 21089 104
0x00007aca1ff98b40 0x0000000593329b40 0 1 1 0 1 3 1 21089 96
0x00007aca1ff98bc0 0x0000000593329bc0 0 1 1 0 1 3 1 21089 104
0x00007aca1ff98c40 0x0000000593329c40 0 0 0 0 1 3 1 21089 112
0x00007aca1ff98cc0 0x0000000593329cc0 0 0 0 0 1 3 1 21089 120
0x00007aca1ff98d40 0x0000000593329d40 0 1 0 0 1 3 1 21089 112
0x00007aca1ff98dc0 0x0000000593329dc0 0 1 0 0 1 3 1 21089 120
0x00007aca1ff98e40 0x0000000593329e40 0 0 1 0 1 3 1 21089 112
0x00007aca1ff98ec0 0x0000000593329ec0 0 0 1 0 1 3 1 21089 120
0x00007aca1ff98f40 0x0000000593329f40 0 1 1 0 1 3 1 21089 112
0x00007aca1ff98fc0 0x0000000593329fc0 0 1 1 0 1 3 1 21089 120
0x00007aca1ff9f040 0x0000000dc3302040 0 0 0 0 0 3 1 55392 128
0x00007aca1ff9f0c0 0x0000000dc33020c0 0 0 0 0 0 3 1 55392 136
0x00007aca1ff9f140 0x0000000dc3302140 0 1 0 0 0 3 1 55392 128
0x00007aca1ff9f1c0 0x0000000dc33021c0 0 1 0 0 0 3 1 55392 136
0x00007aca1ff9f240 0x0000000dc3302240 0 0 1 0 0 3 1 55392 128
0x00007aca1ff9f2c0 0x0000000dc33022c0 0 0 1 0 0 3 1 55392 136
0x00007aca1ff9f340 0x0000000dc3302340 0 1 1 0 0 3 1 55392 128
0x00007aca1ff9f3c0 0x0000000dc33023c0 0 1 1 0 0 3 1 55392 136
0x00007aca1ff9f440 0x0000000dc3302440 0 0 0 0 0 3 1 55392 144
0x00007aca1ff9f4c0 0x0000000dc33024c0 0 0 0 0 0 3 1 55392 152
0x00007aca1ff9f540 0x0000000dc3302540 0 1 0 0 0 3 1 55392 144
0x00007aca1ff9f5c0 0x0000000dc33025c0 0 1 0 0 0 3 1 55392 152
0x00007aca1ff9f640 0x0000000dc3302640 0 0 1 0 0 3 1 55392 144
0x00007aca1ff9f6c0 0x0000000dc33026c0 0 0 1 0 0 3 1 55392 152
0x00007aca1ff9f740 0x0000000dc3302740 0 1 1 0 0 3 1 55392 144
0x00007aca1ff9f7c0 0x0000000dc33027c0 0 1 1 0 0 3 1 55392 152
0x00007aca1ff9f840 0x0000000dc3302840 0 0 0 0 0 3 1 55392 160
0x00007aca1ff9f8c0 0x0000000dc33028c0 0 0 0 0 0 3 1 55392 168
0x00007aca1ff9f940 0x0000000dc3302940 0 1 0 0 0 3 1 55392 160
0x00007aca1ff9f9c0 0x0000000dc33029c0 0 1 0 0 0 3 1 55392 168
0x00007aca1ff9fa40 0x0000000dc3302a40 0 0 1 0 0 3 1 55392 160
0x00007aca1ff9fac0 0x0000000dc3302ac0 0 0 1 0 0 3 1 55392 168
0x00007aca1ff9fb40 0x0000000dc3302b40 0 1 1 0 0 3 1 55392 160
0x00007aca1ff9fbc0 0x0000000dc3302bc0 0 1 1 0 0 3 1 55392 168
0x00007aca1ff9fc40 0x0000000dc3302c40 0 0 0 0 0 3 1 55392 176
0x00007aca1ff9fcc0 0x0000000dc3302cc0 0 0 0 0 0 3 1 55392 184
0x00007aca1ff9fd40 0x0000000dc3302d40 0 1 0 0 0 3 1 55392 176
0x00007aca1ff9fdc0 0x0000000dc3302dc0 0 1 0 0 0 3 1 55392 184
0x00007aca1ff9fe40 0x0000000dc3302e40 0 0 1 0 0 3 1 55392 176
0x00007aca1ff9fec0 0x0000000dc3302ec0 0 0 1 0 0 3 1 55392 184
0x00007aca1ff9ff40 0x0000000dc3302f40 0 1 1 0 0 3 1 55392 176
0x00007aca1ff9ffc0 0x0000000dc3302fc0 0 1 1 0 0 3 1 55392 184
0x00007aca1ffa1040 0x0000000adeb96040 0 0 0 0 0 3 1 43980 896
0x00007aca1ffa10c0 0x0000000adeb960c0 0 0 0 0 0 3 1 43980 904
0x00007aca1ffa1140 0x0000000adeb96140 0 1 0 0 0 3 1 43980 896
0x00007aca1ffa11c0 0x0000000adeb961c0 0 1 0 0 0 3 1 43980 904
0x00007aca1ffa1240 0x0000000adeb96240 0 0 1 0 0 3 1 43980 896
0x00007aca1ffa12c0 0x0000000adeb962c0 0 0 1 0 0 3 1 43980 904
0x00007aca1ffa1340 0x0000000adeb96340 0 1 1 0 0 3 1 43980 896
0x00007aca1ffa13c0 0x0000000adeb963c0 0 1 1 0 0 3 1 43980 904
0x00007aca1ffa1440 0x0000000adeb96440 0 0 0 0 0 3 1 43980 912
0x00007aca1ffa14c0 0x0000000adeb964c0 0 0 0 0 0 3 1 43980 920
0x00007aca1ffa1540 0x0000000adeb96540 0 1 0 0 0 3 1 43980 912
0x00007aca1ffa15c0 0x0000000adeb965c0 0 1 0 0 0 3 1 43980 920
0x00007aca1ffa1640 0x0000000adeb96640 0 0 1 0 0 3 1 43980 912
0x00007aca1ffa16c0 0x0000000adeb966c0 0 0 1 0 0 3 1 43980 920
0x00007aca1ffa1740 0x0000000adeb96740 0 1 1 0 0 3 1 43980 912
0x00007aca1ffa17c0 0x0000000adeb967c0 0 1 1 0 0 3 1 43980 920
0x00007aca1ffa1840 0x0000000adeb96840 0 0 0 0 0 3 1 43980 928
0x00007aca1ffa18c0 0x0000000adeb968c0 0 0 0 0 0 3 1 43980 936
0x00007aca1ffa1940 0x0000000adeb96940 0 1 0 0 0 3 1 43980 928
0x00007aca1ffa19c0 0x0000000adeb969c0 0 1 0 0 0 3 1 43980 936
0x00007aca1ffa1a40 0x0000000adeb96a40 0 0 1 0 0 3 1 43980 928
0x00007aca1ffa1ac0 0x0000000adeb96ac0 0 0 1 0 0 3 1 43980 936
0x00007aca1ffa1b40 0x0000000adeb96b40 0 1 1 0 0 3 1 43980 928
0x00007aca1ffa1bc0 0x0000000adeb96bc0 0 1 1 0 0 3 1 43980 936
0x00007aca1ffa1c40 0x0000000adeb96c40 0 0 0 0 0 3 1 43980 944
0x00007aca1ffa1cc0 0x0000000adeb96cc0 0 0 0 0 0 3 1 43980 952
0x00007aca1ffa1d40 0x0000000adeb96d40 0 1 0 0 0 3 1 43980 944
0x00007aca1ffa1dc0 0x0000000adeb96dc0 0 1 0 0 0 3 1 43980 952
0x00007aca1ffa1e40 0x0000000adeb96e40 0 0 1 0 0 3 1 43980 944
0x00007aca1ffa1ec0 0x0000000adeb96ec0 0 0 1 0 0 3 1 43980 952
0x00007aca1ffa1f40 0x0000000adeb96f40 0 1 1 0 0 3 1 43980 944
0x00007aca1ffa1fc0 0x0000000adeb96fc0 0 1 1 0 0 3 1 43980 952
0x00007aca1ffa5040 0x00000007d9bc0040 0 0 0 0 0 3 1 31534 0
0x00007aca1ffa50c0 0x00000007d9bc00c0 0 0 0 0 0 3 1 31534 8
0x00007aca1ffa5140 0x00000007d9bc0140 0 1 0 0 0 3 1 31534 0
0x00007aca1ffa51c0 0x00000007d9bc01c0 0 1 0 0 0 3 1 31534 8
0x00007aca1ffa5240 0x00000007d9bc0240 0 0 1 0 0 3 1 31534 0
0x00007aca1ffa52c0 0x00000007d9bc02c0 0 0 1 0 0 3 1 31534 8
0x00007aca1ffa5340 0x00000007d9bc0340 0 1 1 0 0 3 1 31534 0
0x00007aca1ffa53c0 0x00000007d9bc03c0 0 1 1 0 0 3 1 31534 8
0x00007aca1ffa5440 0x00000007d9bc0440 0 0 0 0 0 3 1 31534 16
0x00007aca1ffa54c0 0x00000007d9bc04c0 0 0 0 0 0 3 1 31534 24
0x00007aca1ffa5540 0x00000007d9bc0540 0 1 0 0 0 3 1 31534 16
0x00007aca1ffa55c0 0x00000007d9bc05c0 0 1 0 0 0 3 1 31534 24
0x00007aca1ffa5640 0x00000007d9bc0640 0 0 1 0 0 3 1 31534 16
0x00007aca1ffa56c0 0x00000007d9bc06c0 0 0 1 0 0 3 1 31534 24
0x00007aca1ffa5740 0x00000007d9bc0740 0 1 1 0 0 3 1 31534 16
0x00007aca1ffa57c0 0x00000007d9bc07c0 0 1 1 0 0 3 1 31534 24
0x00007aca1ffa5840 0x00000007d9bc0840 0 0 0 0 0 3 1 31534 32
0x00007aca1ffa58c0 0x00000007d9bc08c0 0 0 0 0 0 3 1 31534 40
0x00007aca1ffa5940 0x00000007d9bc0940 0 1 0 0 0 3 1 31534 32
0x00007aca1ffa59c0 0x00000007d9bc09c0 0 1 0 0 0 3 1 31534 40
0x00007aca1ffa5a40 0x00000007d9bc0a40 0 0 1 0 0 3 1 31534 32
0x00007aca1ffa5ac0 0x00000007d9bc0ac0 0 0 1 0 0 3 1 31534 40
0x00007aca1ffa5b40 0x00000007d9bc0b40 0 1 1 0 0 3 1 31534 32
0x00007aca1ffa5bc0 0x00000007d9bc0bc0 0 1 1 0 0 3 1 31534 40
0x00007aca1ffa5c40 0x00000007d9bc0c40 0 0 0 0 0 3 1 31534 48
0x00007aca1ffa5cc0 0x00000007d9bc0cc0 0 0 0 0 0 3 1 31534 56
0x00007aca1ffa5d40 0x00000007d9bc0d40 0 1 0 0 0 3 1 31534 48
0x00007aca1ffa5dc0 0x00000007d9bc0dc0 0 1 0 0 0 3 1 31534 56
0x00007aca1ffa5e40 0x00000007d9bc0e40 0 0 1 0 0 3 1 31534 48
0x00007aca1ffa5ec0 0x00000007d9bc0ec0 0 0 1 0 0 3 1 31534 56
0x00007aca1ffa5f40 0x00000007d9bc0f40 0 1 1 0 0 3 1 31534 48
0x00007aca1ffa5fc0 0x00000007d9bc0fc0 0 1 1 0 0 3 1 31534 56
0x00007aca1ffa9040 0x0000000e9a3d1040 0 0 0 0 0 3 1 58182 576
0x00007aca1ffa90c0 0x0000000e9a3d10c0 0 0 0 0 0 3 1 58182 584
0x00007aca1ffa9140 0x0000000e9a3d1140 0 1 0 0 0 3 1 58182 576
0x00007aca1ffa91c0 0x0000000e9a3d11c0 0 1 0 0 0 3 1 58182 584
0x00007aca1ffa9240 0x0000000e9a3d1240 0 0 1 0 0 3 1 58182 576
0x00007aca1ffa92c0 0x0000000e9a3d12c0 0 0 1 0 0 3 1 58182 584
0x00007aca1ffa9340 0x0000000e9a3d1340 0 1 1 0 0 3 1 58182 576
0x00007aca1ffa93c0 0x0000000e9a3d13c0 0 1 1 0 0 3 1 58182 584
0x00007aca1ffa9440 0x0000000e9a3d1440 0 0 0 0 0 3 1 58182 592
0x00007aca1ffa94c0 0x0000000e9a3d14c0 0 0 0 0 0 3 1 58182 600
0x00007aca1ffa9540 0x0000000e9a3d1540 0 1 0 0 0 3 1 58182 592
0x00007aca1ffa95c0 0x0000000e9a3d15c0 0 1 0 0 0 3 1 58182 600
0x00007aca1ffa9640 0x0000000e9a3d1640 0 0 1 0 0 3 1 58182 592
0x00007aca1ffa96c0 0x0000000e9a3d16c0 0 0 1 0 0 3 1 58182 600
0x00007aca1ffa9740 0x0000000e9a3d1740 0 1 1 0 0 3 1 58182 592
0x00007aca1ffa97c0 0x0000000e9a3d17c0 0 1 1 0 0 3 1 58182 600
0x00007aca1ffa9840 0x0000000e9a3d1840 0 0 0 0 0 3 1 58182 608
0x00007aca1ffa98c0 0x0000000e9a3d18c0 0 0 0 0 0 3 1 58182 616
0x00007aca1ffa9940 0x0000000e9a3d1940 0 1 0 0 0 3 1 58182 608
0x00007aca1ffa99c0 0x0000000e9a3d19c0 0 1 0 0 0 3 1 58182 616
0x00007aca1ffa9a40 0x0000000e9a3d1a40 0 0 1 0 0 3 1 58182 608
0x00007aca1ffa9ac0 0x0000000e9a3d1ac0 0 0 1 0 0 3 1 58182 616
0x00007aca1ffa9b40 0x0000000e9a3d1b40 0 1 1 0 0 3 1 58182 608
0x00007aca1ffa9bc0 0x0000000e9a3d1bc0 0 1 1 0 0 3 1 58182 616
0x00007aca1ffa9c40 0x0000000e9a3d1c40 0 0 0 0 0 3 1 58182 624
0x00007aca1ffa9cc0 0x0000000e9a3d1cc0 0 0 0 0 0 3 1 58182 632
0x00007aca1ffa9d40 0x0000000e9a3d1d40 0 1 0 0 0 3 1 58182 624
0x00007aca1ffa9dc0 0x0000000e9a3d1dc0 0 1 0 0 0 3 1 58182 632
0x00007aca1ffa9e40 0x0000000e9a3d1e40 0 0 1 0 0 3 1 58182 624
0x00007aca1ffa9ec0 0x0000000e9a3d1ec0 0 0 1 0 0 3 1 58182 632
0x00007aca1ffa9f40 0x0000000e9a3d1f40 0 1 1 0 0 3 1 58182 624
0x00007aca1ffa9fc0 0x0000000e9a3d1fc0 0 1 1 0 0 3 1 58182 632
0x00007aca1ffae040 0x0000000ee634b040 0 0 0 0 1 3 1 60610 192
0x00007aca1ffae0c0 0x0000000ee634b0c0 0 0 0 0 1 3 1 60610 200
0x00007aca1ffae140 0x0000000ee634b140 0 1 0 0 1 3 1 60610 192
0x00007aca1ffae1c0 0x0000000ee634b1c0 0 1 0 0 1 3 1 60610 200
0x00007aca1ffae240 0x0000000ee634b240 0 0 1 0 1 3 1 60610 192
0x00007aca1ffae2c0 0x0000000ee634b2c0 0 0 1 0 1 3 1 60610 200
0x00007aca1ffae340 0x0000000ee634b340 0 1 1 0 1 3 1 60610 192
0x00007aca1ffae3c0 0x0000000ee634b3c0 0 1 1 0 1 3 1 60610 200
0x00007aca1ffae440 0x0000000ee634b440 0 0 0 0 1 3 1 60610 208
0x00007aca1ffae4c0 0x0000000ee634b4c0 0 0 0 0 1 3 1 60610 216
0x00007aca1ffae540 0x0000000ee634b540 0 1 0 0 1 3 1 60610 208
0x00007aca1ffae5c0 0x0000000ee634b5c0 0 1 0 0 1 3 1 60610 216
0x00007aca1ffae640 0x0000000ee634b640 0 0 1 0 1 3 1 60610 208
0x00007aca1ffae6c0 0x0000000ee634b6c0 0 0 1 0 1 3 1 60610 216
0x00007aca1ffae740 0x0000000ee634b740 0 1 1 0 1 3 1 60610 208
0x00007aca1ffae7c0 0x0000000ee634b7c0 0 1 1 0 1 3 1 60610 216
0x00007aca1ffae840 0x0000000ee634b840 0 0 0 0 1 3 1 60610 224
0x00007aca1ffae8c0 0x0000000ee634b8c0 0 0 0 0 1 3 1 60610 232
0x00007aca1ffae940 0x0000000ee634b940 0 1 0 0 1 3 1 60610 224
0x00007aca1ffae9c0 0x0000000ee634b9c0 0 1 0 0 1 3 1 60610 232
0x00007aca1ffaea40 0x0000000ee634ba40 0 0 1 0 1 3 1 60610 224
0x00007aca1ffaeac0 0x0000000ee634bac0 0 0 1 0 1 3 1 60610 232
0x00007aca1ffaeb40 0x0000000ee634bb40 0 1 1 0 1 3 1 60610 224
0x00007aca1ffaebc0 0x0000000ee634bbc0 0 1 1 0 1 3 1 60610 232
0x00007aca1ffaec40 0x0000000ee634bc40 0 0 0 0 1 3 1 60610 240
0x00007aca1ffaecc0 0x0000000ee634bcc0 0 0 0 0 1 3 1 60610 248
0x00007aca1ffaed40 0x0000000ee634bd40 0 1 0 0 1 3 1 60610 240
0x00007aca1ffaedc0 0x0000000ee634bdc0 0 1 0 0 1 3 1 60610 248
0x00007aca1ffaee40 0x0000000ee634be40 0 0 1 0 1 3 1 60610 240
0x00007aca1ffaeec0 0x0000000ee634bec0 0 0 1 0 1 3 1 60610 248
0x00007aca1ffaef40 0x0000000ee634bf40 0 1 1 0 1 3 1 60610 240
0x00007aca1ffaefc0 0x0000000ee634bfc0 0 1 1 0 1 3 1 60610 248
0x00007aca1ffba040 0x0000000913b73040 0 0 0 0 0 3 1 33403 704
0x00007aca1ffba0c0 0x0000000913b730c0 0 0 0 0 0 3 1 33403 712
0x00007aca1ffba140 0x0000000913b73140 0 1 0 0 0 3 1 33403 704
0x00007aca1ffba1c0 0x0000000913b731c0 0 1 0 0 0 3 1 33403 712
0x00007aca1ffba240 0x0000000913b73240 0 0 1 0 0 3 1 33403 704
0x00007aca1ffba2c0 0x0000000913b732c0 0 0 1 0 0 3 1 33403 712
0x00007aca1ffba340 0x0000000913b73340 0 1 1 0 0 3 1 33403 704
0x00007aca1ffba3c0 0x0000000913b733c0 0 1 1 0 0 3 1 33403 712
0x00007aca1ffba440 0x0000000913b73440 0 0 0 0 0 3 1 33403 720
0x00007aca1ffba4c0 0x0000000913b734c0 0 0 0 0 0 3 1 33403 728
0x00007aca1ffba540 0x0000000913b73540 0 1 0 0 0 3 1 33403 720
0x00007aca1ffba5c0 0x0000000913b735c0 0 1 0 0 0 3 1 33403 728
0x00007aca1ffba640 0x0000000913b73640 0 0 1 0 0 3 1 33403 720
0x00007aca1ffba6c0 0x0000000913b736c0 0 0 1 0 0 3 1 33403 728
0x00007aca1ffba740 0x0000000913b73740 0 1 1 0 0 3 1 33403 720
0x00007aca1ffba7c0 0x0000000913b737c0 0 1 1 0 0 3 1 33403 728
0x00007aca1ffba840 0x0000000913b73840 0 0 0 0 0 3 1 33403 736
0x00007aca1ffba8c0 0x0000000913b738c0 0 0 0 0 0 3 1 33403 744
0x00007aca1ffba940 0x0000000913b73940 0 1 0 0 0 3 1 33403 736
0x00007aca1ffba9c0 0x0000000913b739c0 0 1 0 0 0 3 1 33403 744
0x00007aca1ffbaa40 0x0000000913b73a40 0 0 1 0 0 3 1 33403 736
0x00007aca1ffbaac0 0x0000000913b73ac0 0 0 1 0 0 3 1 33403 744
0x00007aca1ffbab40 0x0000000913b73b40 0 1 1 0 0 3 1 33403 736
0x00007aca1ffbabc0 0x0000000913b73bc0 0 1 1 0 0 3 1 33403 744
0x00007aca1ffbac40 0x0000000913b73c40 0 0 0 0 0 3 1 33403 752
0x00007aca1ffbacc0 0x0000000913b73cc0 0 0 0 0 0 3 1 33403 760
0x00007aca1ffbad40 0x0000000913b73d40 0 1 0 0 0 3 1 33403 752
0x00007aca1ffbadc0 0x0000000913b73dc0 0 1 0 0 0 3 1 33403 760
0x00007aca1ffbae40 0x0000000913b73e40 0 0 1 0 0 3 1 33403 752
0x00007aca1ffbaec0 0x0000000913b73ec0 0 0 1 0 0 3 1 33403 760
0x00007aca1ffbaf40 0x0000000913b73f40 0 1 1 0 0 3 1 33403 752
0x00007aca1ffbafc0 0x0000000913b73fc0 0 1 1 0 0 3 1 33403 760
0x00007aca1ffce040 0x000000089236e040 0 0 0 0 1 3 1 33347 384
0x00007aca1ffce0c0 0x000000089236e0c0 0 0 0 0 1 3 1 33347 392
0x00007aca1ffce140 0x000000089236e140 0 1 0 0 1 3 1 33347 384
0x00007aca1ffce1c0 0x000000089236e1c0 0 1 0 0 1 3 1 33347 392
0x00007aca1ffce240 0x000000089236e240 0 0 1 0 1 3 1 33347 384
0x00007aca1ffce2c0 0x000000089236e2c0 0 0 1 0 1 3 1 33347 392
0x00007aca1ffce340 0x000000089236e340 0 1 1 0 1 3 1 33347 384
0x00007aca1ffce3c0 0x000000089236e3c0 0 1 1 0 1 3 1 33347 392
0x00007aca1ffce440 0x000000089236e440 0 0 0 0 1 3 1 33347 400
0x00007aca1ffce4c0 0x000000089236e4c0 0 0 0 0 1 3 1 33347 408
0x00007aca1ffce540 0x000000089236e540 0 1 0 0 1 3 1 33347 400
0x00007aca1ffce5c0 0x000000089236e5c0 0 1 0 0 1 3 1 33347 408
0x00007aca1ffce640 0x000000089236e640 0 0 1 0 1 3 1 33347 400
0x00007aca1ffce6c0 0x000000089236e6c0 0 0 1 0 1 3 1 33347 408
0x00007aca1ffce740 0x000000089236e740 0 1 1 0 1 3 1 33347 400
0x00007aca1ffce7c0 0x000000089236e7c0 0 1 1 0 1 3 1 33347 408
0x00007aca1ffce840 0x000000089236e840 0 0 0 0 1 3 1 33347 416
0x00007aca1ffce8c0 0x000000089236e8c0 0 0 0 0 1 3 1 33347 424
0x00007aca1ffce940 0x000000089236e940 0 1 0 0 1 3 1 33347 416
0x00007aca1ffce9c0 0x000000089236e9c0 0 1 0 0 1 3 1 33347 424
0x00007aca1ffcea40 0x000000089236ea40 0 0 1 0 1 3 1 33347 416
0x00007aca1ffceac0 0x000000089236eac0 0 0 1 0 1 3 1 33347 424
0x00007aca1ffceb40 0x000000089236eb40 0 1 1 0 1 3 1 33347 416
0x00007aca1ffcebc0 0x000000089236ebc0 0 1 1 0 1 3 1 33347 424
0x00007aca1ffcec40 0x000000089236ec40 0 0 0 0 1 3 1 33347 432
0x00007aca1ffcecc0 0x000000089236ecc0 0 0 0 0 1 3 1 33347 440
0x00007aca1ffced40 0x000000089236ed40 0 1 0 0 1 3 1 33347 432
0x00007aca1ffcedc0 0x000000089236edc0 0 1 0 0 1 3 1 33347 440
0x00007aca1ffcee40 0x000000089236ee40 0 0 1 0 1 3 1 33347 432
0x00007aca1ffceec0 0x000000089236eec0 0 0 1 0 1 3 1 33347 440
0x00007aca1ffcef40 0x000000089236ef40 0 1 1 0 1 3 1 33347 432
0x00007aca1ffcefc0 0x000000089236efc0 0 1 1 0 1 3 1 33347 440
0x00007aca1ffd5040 0x00000005be35a040 0 0 0 0 1 3 1 22466 640
0x00007aca1ffd50c0 0x00000005be35a0c0 0 0 0 0 1 3 1 22466 648
0x00007aca1ffd5140 0x00000005be35a140 0 1 0 0 1 3 1 22466 640
0x00007aca1ffd51c0 0x00000005be35a1c0 0 1 0 0 1 3 1 22466 648
0x00007aca1ffd5240 0x00000005be35a240 0 0 1 0 1 3 1 22466 640
0x00007aca1ffd52c0 0x00000005be35a2c0 0 0 1 0 1 3 1 22466 648
0x00007aca1ffd5340 0x00000005be35a340 0 1 1 0 1 3 1 22466 640
0x00007aca1ffd53c0 0x00000005be35a3c0 0 1 1 0 1 3 1 22466 648
0x00007aca1ffd5440 0x00000005be35a440 0 0 0 0 1 3 1 22466 656
0x00007aca1ffd54c0 0x00000005be35a4c0 0 0 0 0 1 3 1 22466 664
0x00007aca1ffd5540 0x00000005be35a540 0 1 0 0 1 3 1 22466 656
0x00007aca1ffd55c0 0x00000005be35a5c0 0 1 0 0 1 3 1 22466 664
0x00007aca1ffd5640 0x00000005be35a640 0 0 1 0 1 3 1 22466 656
0x00007aca1ffd56c0 0x00000005be35a6c0 0 0 1 0 1 3 1 22466 664
0x00007aca1ffd5740 0x00000005be35a740 0 1 1 0 1 3 1 22466 656
0x00007aca1ffd57c0 0x00000005be35a7c0 0 1 1 0 1 3 1 22466 664
0x00007aca1ffd5840 0x00000005be35a840 0 0 0 0 1 3 1 22466 672
0x00007aca1ffd58c0 0x00000005be35a8c0 0 0 0 0 1 3 1 22466 680
0x00007aca1ffd5940 0x00000005be35a940 0 1 0 0 1 3 1 22466 672
0x00007aca1ffd59c0 0x00000005be35a9c0 0 1 0 0 1 3 1 22466 680
0x00007aca1ffd5a40 0x00000005be35aa40 0 0 1 0 1 3 1 22466 672
0x00007aca1ffd5ac0 0x00000005be35aac0 0 0 1 0 1 3 1 22466 680
0x00007aca1ffd5b40 0x00000005be35ab40 0 1 1 0 1 3 1 22466 672
0x00007aca1ffd5bc0 0x00000005be35abc0 0 1 1 0 1 3 1 22466 680
0x00007aca1ffd5c40 0x00000005be35ac40 0 0 0 0 1 3 1 22466 688
0x00007aca1ffd5cc0 0x00000005be35acc0 0 0 0 0 1 3 1 22466 696
0x00007aca1ffd5d40 0x00000005be35ad40 0 1 0 0 1 3 1 22466 688
0x00007aca1ffd5dc0 0x00000005be35adc0 0 1 0 0 1 3 1 22466 696
0x00007aca1ffd5e40 0x00000005be35ae40 0 0 1 0 1 3 1 22466 688
0x00007aca1ffd5ec0 0x00000005be35aec0 0 0 1 0 1 3 1 22466 696
0x00007aca1ffd5f40 0x00000005be35af40 0 1 1 0 1 3 1 22466 688
0x00007aca1ffd5fc0 0x00000005be35afc0 0 1 1 0 1 3 1 22466 696
0x00007aca1ffe4040 0x0000000ee5be5040 0 0 0 0 0 3 1 60591 320
0x00007aca1ffe40c0 0x0000000ee5be50c0 0 0 0 0 0 3 1 60591 328
0x00007aca1ffe4140 0x0000000ee5be5140 0 1 0 0 0 3 1 60591 320
0x00007aca1ffe41c0 0x0000000ee5be51c0 0 1 0 0 0 3 1 60591 328
0x00007aca1ffe4240 0x0000000ee5be5240 0 0 1 0 0 3 1 60591 320
0x00007aca1ffe42c0 0x0000000ee5be52c0 0 0 1 0 0 3 1 60591 328
0x00007aca1ffe4340 0x0000000ee5be5340 0 1 1 0 0 3 1 60591 320
0x00007aca1ffe43c0 0x0000000ee5be53c0 0 1 1 0 0 3 1 60591 328
0x00007aca1ffe4440 0x0000000ee5be5440 0 0 0 0 0 3 1 60591 336
0x00007aca1ffe44c0 0x0000000ee5be54c0 0 0 0 0 0 3 1 60591 344
0x00007aca1ffe4540 0x0000000ee5be5540 0 1 0 0 0 3 1 60591 336
0x00007aca1ffe45c0 0x0000000ee5be55c0 0 1 0 0 0 3 1 60591 344
0x00007aca1ffe4640 0x0000000ee5be5640 0 0 1 0 0 3 1 60591 336
0x00007aca1ffe46c0 0x0000000ee5be56c0 0 0 1 0 0 3 1 60591 344
0x00007aca1ffe4740 0x0000000ee5be5740 0 1 1 0 0 3 1 60591 336
0x00007aca1ffe47c0 0x0000000ee5be57c0 0 1 1 0 0 3 1 60591 344
0x00007aca1ffe4840 0x0000000ee5be5840 0 0 0 0 0 3 1 60591 352
0x00007aca1ffe48c0 0x0000000ee5be58c0 0 0 0 0 0 3 1 60591 360
0x00007aca1ffe4940 0x0000000ee5be5940 0 1 0 0 0 3 1 60591 352
0x00007aca1ffe49c0 0x0000000ee5be59c0 0 1 0 0 0 3 1 60591 360
0x00007aca1ffe4a40 0x0000000ee5be5a40 0 0 1 0 0 3 1 60591 352
0x00007aca1ffe4ac0 0x0000000ee5be5ac0 0 0 1 0 0 3 1 60591 360
0x00007aca1ffe4b40 0x0000000ee5be5b40 0 1 1 0 0 3 1 60591 352
0x00007aca1ffe4bc0 0x0000000ee5be5bc0 0 1 1 0 0 3 1 60591 360
0x00007aca1ffe4c40 0x0000000ee5be5c40 0 0 0 0 0 3 1 60591 368
0x00007aca1ffe4cc0 0x0000000ee5be5cc0 0 0 0 0 0 3 1 60591 376
0x00007aca1ffe4d40 0x0000000ee5be5d40 0 1 0 0 0 3 1 60591 368
0x00007aca1ffe4dc0 0x0000000ee5be5dc0 0 1 0 0 0 3 1 60591 376
0x00007aca1ffe4e40 0x0000000ee5be5e40 0 0 1 0 0 3 1 60591 368
0x00007aca1ffe4ec0 0x0000000ee5be5ec0 0 0 1 0 0 3 1 60591 376
0x00007aca1ffe4f40 0x0000000ee5be5f40 0 1 1 0 0 3 1 60591 368
0x00007aca1ffe4fc0 0x0000000ee5be5fc0 0 1 1 0 0 3 1 60591 376
0x00007aca1fff0040 0x0000000572b80040 0 0 0 0 0 3 1 20060 0
0x00007aca1fff00c0 0x0000000572b800c0 0 0 0 0 0 3 1 20060 8
0x00007aca1fff0140 0x0000000572b80140 0 1 0 0 0 3 1 20060 0
0x00007aca1fff01c0 0x0000000572b801c0 0 1 0 0 0 3 1 20060 8
0x00007aca1fff0240 0x0000000572b80240 0 0 1 0 0 3 1 20060 0
0x00007aca1fff02c0 0x0000000572b802c0 0 0 1 0 0 3 1 20060 8
0x00007aca1fff0340 0x0000000572b80340 0 1 1 0 0 3 1 20060 0
0x00007aca1fff03c0 0x0000000572b803c0 0 1 1 0 0 3 1 20060 8
0x00007aca1fff0440 0x0000000572b80440 0 0 0 0 0 3 1 20060 16
0x00007aca1fff04c0 0x0000000572b804c0 0 0 0 0 0 3 1 20060 24
0x00007aca1fff0540 0x0000000572b80540 0 1 0 0 0 3 1 20060 16
0x00007aca1fff05c0 0x0000000572b805c0 0 1 0 0 0 3 1 20060 24
0x00007aca1fff0640 0x0000000572b80640 0 0 1 0 0 3 1 20060 16
0x00007aca1fff06c0 0x0000000572b806c0 0 0 1 0 0 3 1 20060 24
0x00007aca1fff0740 0x0000000572b80740 0 1 1 0 0 3 1 20060 16
0x00007aca1fff07c0 0x0000000572b807c0 0 1 1 0 0 3 1 20060 24
0x00007aca1fff0840 0x0000000572b80840 0 0 0 0 0 3 1 20060 32
0x00007aca1fff08c0 0x0000000572b808c0 0 0 0 0 0 3 1 20060 40
0x00007aca1fff0940 0x0000000572b80940 0 1 0 0 0 3 1 20060 32
0x00007aca1fff09c0 0x0000000572b809c0 0 1 0 0 0 3 1 20060 40
0x00007aca1fff0a40 0x0000000572b80a40 0 0 1 0 0 3 1 20060 32
0x00007aca1fff0ac0 0x0000000572b80ac0 0 0 1 0 0 3 1 20060 40
0x00007aca1fff0b40 0x0000000572b80b40 0 1 1 0 0 3 1 20060 32
0x00007aca1fff0bc0 0x0000000572b80bc0 0 1 1 0 0 3 1 20060 40
0x00007aca1fff0c40 0x0000000572b80c40 0 0 0 0 0 3 1 20060 48
0x00007aca1fff0cc0 0x0000000572b80cc0 0 0 0 0 0 3 1 20060 56
0x00007aca1fff0d40 0x0000000572b80d40 0 1 0 0 0 3 1 20060 48
0x00007aca1fff0dc0 0x0000000572b80dc0 0 1 0 0 0 3 1 20060 56
0x00007aca1fff0e40 0x0000000572b80e40 0 0 1 0 0 3 1 20060 48
0x00007aca1fff0ec0 0x0000000572b80ec0 0 0 1 0 0 3 1 20060 56
0x00007aca1fff0f40 0x0000000572b80f40 0 1 1 0 0 3 1 20060 48
0x00007aca1fff0fc0 0x0000000572b80fc0 0 1 1 0 0 3 1 20060 56
0x00007aca1fffd040 0x0000000d37391040 0 0 0 0 0 3 1 50932 576
0x00007aca1fffd0c0 0x0000000d373910c0 0 0 0 0 0 3 1 50932 584
0x00007aca1fffd140 0x0000000d37391140 0 1 0 0 0 3 1 50932 576
0x00007aca1fffd1c0 0x0000000d373911c0 0 1 0 0 0 3 1 50932 584
0x00007aca1fffd240 0x0000000d37391240 0 0 1 0 0 3 1 50932 576
0x00007aca1fffd2c0 0x0000000d373912c0 0 0 1 0 0 3 1 50932 584
0x00007aca1fffd340 0x0000000d37391340 0 1 1 0 0 3 1 50932 576
0x00007aca1fffd3c0 0x0000000d373913c0 0 1 1 0 0 3 1 50932 584
0x00007aca1fffd440 0x0000000d37391440 0 0 0 0 0 3 1 50932 592
0x00007aca1fffd4c0 0x0000000d373914c0 0 0 0 0 0 3 1 50932 600
0x00007aca1fffd540 0x0000000d37391540 0 1 0 0 0 3 1 50932 592
0x00007aca1fffd5c0 0x0000000d373915c0 0 1 0 0 0 3 1 50932 600
0x00007aca1fffd640 0x0000000d37391640 0 0 1 0 0 3 1 50932 592
0x00007aca1fffd6c0 0x0000000d373916c0 0 0 1 0 0 3 1 50932 600
0x00007aca1fffd740 0x0000000d37391740 0 1 1 0 0 3 1 50932 592
0x00007aca1fffd7c0 0x0000000d373917c0 0 1 1 0 0 3 1 50932 600
0x00007aca1fffd840 0x0000000d37391840 0 0 0 0 0 3 1 50932 608
0x00007aca1fffd8c0 0x0000000d373918c0 0 0 0 0 0 3 1 50932 616
0x00007aca1fffd940 0x0000000d37391940 0 1 0 0 0 3 1 50932 608
0x00007aca1fffd9c0 0x0000000d373919c0 0 1 0 0 0 3 1 50932 616
0x00007aca1fffda40 0x0000000d37391a40 0 0 1 0 0 3 1 50932 608
0x00007aca1fffdac0 0x0000000d37391ac0 0 0 1 0 0 3 1 50932 616
0x00007aca1fffdb40 0x0000000d37391b40 0 1 1 0 0 3 1 50932 608
0x00007aca1fffdbc0 0x0000000d37391bc0 0 1 1 0 0 3 1 50932 616
0x00007aca1fffdc40 0x0000000d37391c40 0 0 0 0 0 3 1 50932 624
0x00007aca1fffdcc0 0x0000000d37391cc0 0 0 0 0 0 3 1 50932 632
0x00007aca1fffdd40 0x0000000d37391d40 0 1 0 0 0 3 1 50932 624
0x00007aca1fffddc0 0x0000000d37391dc0 0 1 0 0 0 3 1 50932 632
0x00007aca1fffde40 0x0000000d37391e40 0 0 1 0 0 3 1 50932 624
0x00007aca1fffdec0 0x0000000d37391ec0 0 0 1 0 0 3 1 50932 632
0x00007aca1fffdf40 0x0000000d37391f40 0 1 1 0 0 3 1 50932 624
0x00007aca1fffdfc0 0x0000000d37391fc0 0 1 1 0 0 3 1 50932 632
0x00007aca20001040 0x0000000d92bae040 0 0 0 0 1 3 1 53837 384
0x00007aca200010c0 0x0000000d92bae0c0 0 0 0 0 1 3 1 53837 392
0x00007aca20001140 0x0000000d92bae140 0 1 0 0 1 3 1 53837 384
0x00007aca200011c0 0x0000000d92bae1c0 0 1 0 0 1 3 1 53837 392
0x00007aca20001240 0x0000000d92bae240 0 0 1 0 1 3 1 53837 384
0x00007aca200012c0 0x0000000d92bae2c0 0 0 1 0 1 3 1 53837 392
0x00007aca20001340 0x0000000d92bae340 0 1 1 0 1 3 1 53837 384
0x00007aca200013c0 0x0000000d92bae3c0 0 1 1 0 1 3 1 53837 392
0x00007aca20001440 0x0000000d92bae440 0 0 0 0 1 3 1 53837 400
0x00007aca200014c0 0x0000000d92bae4c0 0 0 0 0 1 3 1 53837 408
0x00007aca20001540 0x0000000d92bae540 0 1 0 0 1 3 1 53837 400
0x00007aca200015c0 0x0000000d92bae5c0 0 1 0 0 1 3 1 53837 408
0x00007aca20001640 0x0000000d92bae640 0 0 1 0 1 3 1 53837 400
0x00007aca200016c0 0x0000000d92bae6c0 0 0 1 0 1 3 1 53837 408
0x00007aca20001740 0x0000000d92bae740 0 1 1 0 1 3 1 53837 400
0x00007aca200017c0 0x0000000d92bae7c0 0 1 1 0 1 3 1 53837 408
0x00007aca20001840 0x0000000d92bae840 0 0 0 0 1 3 1 53837 416
0x00007aca200018c0 0x0000000d92bae8c0 0 0 0 0 1 3 1 53837 424
0x00007aca20001940 0x0000000d92bae940 0 1 0 0 1 3 1 53837 416
0x00007aca200019c0 0x0000000d92bae9c0 0 1 0 0 1 3 1 53837 424
0x00007aca20001a40 0x0000000d92baea40 0 0 1 0 1 3 1 53837 416
0x00007aca20001ac0 0x0000000d92baeac0 0 0 1 0 1 3 1 53837 424
0x00007aca20001b40 0x0000000d92baeb40 0 1 1 0 1 3 1 53837 416
0x00007aca20001bc0 0x0000000d92baebc0 0 1 1 0 1 3 1 53837 424
0x00007aca20001c40 0x0000000d92baec40 0 0 0 0 1 3 1 53837 432
0x00007aca20001cc0 0x0000000d92baecc0 0 0 0 0 1 3 1 53837 440
0x00007aca20001d40 0x0000000d92baed40 0 1 0 0 1 3 1 53837 432
0x00007aca20001dc0 0x0000000d92baedc0 0 1 0 0 1 3 1 53837 440
0x00007aca20001e40 0x0000000d92baee40 0 0 1 0 1 3 1 53837 432
0x00007aca20001ec0 0x0000000d92baeec0 0 0 1 0 1 3 1 53837 440
0x00007aca20001f40 0x0000000d92baef40 0 1 1 0 1 3 1 53837 432
0x00007aca20001fc0 0x0000000d92baefc0 0 1 1 0 1 3 1 53837 440
0x00007aca20007040 0x00000002333cb040 0 0 0 0 1 3 1 5750 192
0x00007aca200070c0 0x00000002333cb0c0 0 0 0 0 1 3 1 5750 200
0x00007aca20007140 0x00000002333cb140 0 1 0 0 1 3 1 5750 192
0x00007aca200071c0 0x00000002333cb1c0 0 1 0 0 1 3 1 5750 200
0x00007aca20007240 0x00000002333cb240 0 0 1 0 1 3 1 5750 192
0x00007aca200072c0 0x00000002333cb2c0 0 0 1 0 1 3 1 5750 200
0x00007aca20007340 0x00000002333cb340 0 1 1 0 1 3 1 5750 192
0x00007aca200073c0 0x00000002333cb3c0 0 1 1 0 1 3 1 5750 200
0x00007aca20007440 0x00000002333cb440 0 0 0 0 1 3 1 5750 208
0x00007aca200074c0 0x00000002333cb4c0 0 0 0 0 1 3 1 5750 216
0x00007aca20007540 0x00000002333cb540 0 1 0 0 1 3 1 5750 208
0x00007aca200075c0 0x00000002333cb5c0 0 1 0 0 1 3 1 5750 216
0x00007aca20007640 0x00000002333cb640 0 0 1 0 1 3 1 5750 208
0x00007aca200076c0 0x00000002333cb6c0 0 0 1 0 1 3 1 5750 216
0x00007aca20007740 0x00000002333cb740 0 1 1 0 1 3 1 5750 208
0x00007aca200077c0 0x00000002333cb7c0 0 1 1 0 1 3 1 5750 216
0x00007aca20007840 0x00000002333cb840 0 0 0 0 1 3 1 5750 224
0x00007aca200078c0 0x00000002333cb8c0 0 0 0 0 1 3 1 5750 232
0x00007aca20007940 0x00000002333cb940 0 1 0 0 1 3 1 5750 224
0x00007aca200079c0 0x00000002333cb9c0 0 1 0 0 1 3 1 5750 232
0x00007aca20007a40 0x00000002333cba40 0 0 1 0 1 3 1 5750 224
0x00007aca20007ac0 0x00000002333cbac0 0 0 1 0 1 3 1 5750 232
0x00007aca20007b40 0x00000002333cbb40 0 1 1 0 1 3 1 5750 224
0x00007aca20007bc0 0x00000002333cbbc0 0 1 1 0 1 3 1 5750 232
0x00007aca20007c40 0x00000002333cbc40 0 0 0 0 1 3 1 5750 240
0x00007aca20007cc0 0x00000002333cbcc0 0 0 0 0 1 3 1 5750 248
0x00007aca20007d40 0x00000002333cbd40 0 1 0 0 1 3 1 5750 240
0x00007aca20007dc0 0x00000002333cbdc0 0 1 0 0 1 3 1 5750 248
0x00007aca20007e40 0x00000002333cbe40 0 0 1 0 1 3 1 5750 240
0x00007aca20007ec0 0x00000002333cbec0 0 0 1 0 1 3 1 5750 248
0x00007aca20007f40 0x00000002333cbf40 0 1 1 0 1 3 1 5750 240
0x00007aca20007fc0 0x00000002333cbfc0 0 1 1 0 1 3 1 5750 248
0x00007aca2000e040 0x0000000de43d0040 0 0 0 0 0 3 1 56454 512
0x00007aca2000e0c0 0x0000000de43d00c0 0 0 0 0 0 3 1 56454 520
0x00007aca2000e140 0x0000000de43d0140 0 1 0 0 0 3 1 56454 512
0x00007aca2000e1c0 0x0000000de43d01c0 0 1 0 0 0 3 1 56454 520
0x00007aca2000e240 0x0000000de43d0240 0 0 1 0 0 3 1 56454 512
0x00007aca2000e2c0 0x0000000de43d02c0 0 0 1 0 0 3 1 56454 520
0x00007aca2000e340 0x0000000de43d0340 0 1 1 0 0 3 1 56454 512
0x00007aca2000e3c0 0x0000000de43d03c0 0 1 1 0 0 3 1 56454 520
0x00007aca2000e440 0x0000000de43d0440 0 0 0 0 0 3 1 56454 528
0x00007aca2000e4c0 0x0000000de43d04c0 0 0 0 0 0 3 1 56454 536
0x00007aca2000e540 0x0000000de43d0540 0 1 0 0 0 3 1 56454 528
0x00007aca2000e5c0 0x0000000de43d05c0 0 1 0 0 0 3 1 56454 536
0x00007aca2000e640 0x0000000de43d0640 0 0 1 0 0 3 1 56454 528
0x00007aca2000e6c0 0x0000000de43d06c0 0 0 1 0 0 3 1 56454 536
0x00007aca2000e740 0x0000000de43d0740 0 1 1 0 0 3 1 56454 528
0x00007aca2000e7c0 0x0000000de43d07c0 0 1 1 0 0 3 1 56454 536
0x00007aca2000e840 0x0000000de43d0840 0 0 0 0 0 3 1 56454 544
0x00007aca2000e8c0 0x0000000de43d08c0 0 0 0 0 0 3 1 56454 552
0x00007aca2000e940 0x0000000de43d0940 0 1 0 0 0 3 1 56454 544
0x00007aca2000e9c0 0x0000000de43d09c0 0 1 0 0 0 3 1 56454 552
0x00007aca2000ea40 0x0000000de43d0a40 0 0 1 0 0 3 1 56454 544
0x00007aca2000eac0 0x0000000de43d0ac0 0 0 1 0 0 3 1 56454 552
0x00007aca2000eb40 0x0000000de43d0b40 0 1 1 0 0 3 1 56454 544
0x00007aca2000ebc0 0x0000000de43d0bc0 0 1 1 0 0 3 1 56454 552
0x00007aca2000ec40 0x0000000de43d0c40 0 0 0 0 0 3 1 56454 560
0x00007aca2000ecc0 0x0000000de43d0cc0 0 0 0 0 0 3 1 56454 568
0x00007aca2000ed40 0x0000000de43d0d40 0 1 0 0 0 3 1 56454 560
0x00007aca2000edc0 0x0000000de43d0dc0 0 1 0 0 0 3 1 56454 568
0x00007aca2000ee40 0x0000000de43d0e40 0 0 1 0 0 3 1 56454 560
0x00007aca2000eec0 0x0000000de43d0ec0 0 0 1 0 0 3 1 56454 568
0x00007aca2000ef40 0x0000000de43d0f40 0 1 1 0 0 3 1 56454 560
0x00007aca2000efc0 0x0000000de43d0fc0 0 1 1 0 0 3 1 56454 568
0x00007aca2001b040 0x000000038535a040 0 0 0 0 1 3 1 12450 640
0x00007aca2001b0c0 0x000000038535a0c0 0 0 0 0 1 3 1 12450 648
0x00007aca2001b140 0x000000038535a140 0 1 0 0 1 3 1 12450 640
0x00007aca2001b1c0 0x000000038535a1c0 0 1 0 0 1 3 1 12450 648
0x00007aca2001b240 0x000000038535a240 0 0 1 0 1 3 1 12450 640
0x00007aca2001b2c0 0x000000038535a2c0 0 0 1 0 1 3 1 12450 648
0x00007aca2001b340 0x000000038535a340 0 1 1 0 1 3 1 12450 640
0x00007aca2001b3c0 0x000000038535a3c0 0 1 1 0 1 3 1 12450 648
0x00007aca2001b440 0x000000038535a440 0 0 0 0 1 3 1 12450 656
0x00007aca2001b4c0 0x000000038535a4c0 0 0 0 0 1 3 1 12450 664
0x00007aca2001b540 0x000000038535a540 0 1 0 0 1 3 1 12450 656
0x00007aca2001b5c0 0x000000038535a5c0 0 1 0 0 1 3 1 12450 664
0x00007aca2001b640 0x000000038535a640 0 0 1 0 1 3 1 12450 656
0x00007aca2001b6c0 0x000000038535a6c0 0 0 1 0 1 3 1 12450 664
0x00007aca2001b740 0x000000038535a740 0 1 1 0 1 3 1 12450 656
0x00007aca2001b7c0 0x000000038535a7c0 0 1 1 0 1 3 1 12450 664
0x00007aca2001b840 0x000000038535a840 0 0 0 0 1 3 1 12450 672
0x00007aca2001b8c0 0x000000038535a8c0 0 0 0 0 1 3 1 12450 680
0x00007aca2001b940 0x000000038535a940 0 1 0 0 1 3 1 12450 672
0x00007aca2001b9c0 0x000000038535a9c0 0 1 0 0 1 3 1 12450 680
0x00007aca2001ba40 0x000000038535aa40 0 0 1 0 1 3 1 12450 672
0x00007aca2001bac0 0x000000038535aac0 0 0 1 0 1 3 1 12450 680
0x00007aca2001bb40 0x000000038535ab40 0 1 1 0 1 3 1 12450 672
0x00007aca2001bbc0 0x000000038535abc0 0 1 1 0 1 3 1 12450 680
0x00007aca2001bc40 0x000000038535ac40 0 0 0 0 1 3 1 12450 688
0x00007aca2001bcc0 0x000000038535acc0 0 0 0 0 1 3 1 12450 696
0x00007aca2001bd40 0x000000038535ad40 0 1 0 0 1 3 1 12450 688
0x00007aca2001bdc0 0x000000038535adc0 0 1 0 0 1 3 1 12450 696
0x00007aca2001be40 0x000000038535ae40 0 0 1 0 1 3 1 12450 688
0x00007aca2001bec0 0x000000038535aec0 0 0 1 0 1 3 1 12450 696
0x00007aca2001bf40 0x000000038535af40 0 1 1 0 1 3 1 12450 688
0x00007aca2001bfc0 0x000000038535afc0 0 1 1 0 1 3 1 12450 696
0x00007aca20036040 0x0000000dc2325040 0 0 0 0 0 3 1 55361 320
0x00007aca200360c0 0x0000000dc23250c0 0 0 0 0 0 3 1 55361 328
0x00007aca20036140 0x0000000dc2325140 0 1 0 0 0 3 1 55361 320
0x00007aca200361c0 0x0000000dc23251c0 0 1 0 0 0 3 1 55361 328
0x00007aca20036240 0x0000000dc2325240 0 0 1 0 0 3 1 55361 320
0x00007aca200362c0 0x0000000dc23252c0 0 0 1 0 0 3 1 55361 328
0x00007aca20036340 0x0000000dc2325340 0 1 1 0 0 3 1 55361 320
0x00007aca200363c0 0x0000000dc23253c0 0 1 1 0 0 3 1 55361 328
0x00007aca20036440 0x0000000dc2325440 0 0 0 0 0 3 1 55361 336
0x00007aca200364c0 0x0000000dc23254c0 0 0 0 0 0 3 1 55361 344
0x00007aca20036540 0x0000000dc2325540 0 1 0 0 0 3 1 55361 336
0x00007aca200365c0 0x0000000dc23255c0 0 1 0 0 0 3 1 55361 344
0x00007aca20036640 0x0000000dc2325640 0 0 1 0 0 3 1 55361 336
0x00007aca200366c0 0x0000000dc23256c0 0 0 1 0 0 3 1 55361 344
0x00007aca20036740 0x0000000dc2325740 0 1 1 0 0 3 1 55361 336
0x00007aca200367c0 0x0000000dc23257c0 0 1 1 0 0 3 1 55361 344
0x00007aca20036840 0x0000000dc2325840 0 0 0 0 0 3 1 55361 352
0x00007aca200368c0 0x0000000dc23258c0 0 0 0 0 0 3 1 55361 360
0x00007aca20036940 0x0000000dc2325940 0 1 0 0 0 3 1 55361 352
0x00007aca200369c0 0x0000000dc23259c0 0 1 0 0 0 3 1 55361 360
0x00007aca20036a40 0x0000000dc2325a40 0 0 1 0 0 3 1 55361 352
0x00007aca20036ac0 0x0000000dc2325ac0 0 0 1 0 0 3 1 55361 360
0x00007aca20036b40 0x0000000dc2325b40 0 1 1 0 0 3 1 55361 352
0x00007aca20036bc0 0x0000000dc2325bc0 0 1 1 0 0 3 1 55361 360
0x00007aca20036c40 0x0000000dc2325c40 0 0 0 0 0 3 1 55361 368
0x00007aca20036cc0 0x0000000dc2325cc0 0 0 0 0 0 3 1 55361 376
0x00007aca20036d40 0x0000000dc2325d40 0 1 0 0 0 3 1 55361 368
0x00007aca20036dc0 0x0000000dc2325dc0 0 1 0 0 0 3 1 55361 376
0x00007aca20036e40 0x0000000dc2325e40 0 0 1 0 0 3 1 55361 368
0x00007aca20036ec0 0x0000000dc2325ec0 0 0 1 0 0 3 1 55361 376
0x00007aca20036f40 0x0000000dc2325f40 0 1 1 0 0 3 1 55361 368
0x00007aca20036fc0 0x0000000dc2325fc0 0 1 1 0 0 3 1 55361 376
0x00007aca20037040 0x0000000dc2326040 0 0 0 0 0 3 1 55361 384
0x00007aca200370c0 0x0000000dc23260c0 0 0 0 0 0 3 1 55361 392
0x00007aca20037140 0x0000000dc2326140 0 1 0 0 0 3 1 55361 384
0x00007aca200371c0 0x0000000dc23261c0 0 1 0 0 0 3 1 55361 392
0x00007aca20037240 0x0000000dc2326240 0 0 1 0 0 3 1 55361 384
0x00007aca200372c0 0x0000000dc23262c0 0 0 1 0 0 3 1 55361 392
0x00007aca20037340 0x0000000dc2326340 0 1 1 0 0 3 1 55361 384
0x00007aca200373c0 0x0000000dc23263c0 0 1 1 0 0 3 1 55361 392
0x00007aca20037440 0x0000000dc2326440 0 0 0 0 0 3 1 55361 400
0x00007aca200374c0 0x0000000dc23264c0 0 0 0 0 0 3 1 55361 408
0x00007aca20037540 0x0000000dc2326540 0 1 0 0 0 3 1 55361 400
0x00007aca200375c0 0x0000000dc23265c0 0 1 0 0 0 3 1 55361 408
0x00007aca20037640 0x0000000dc2326640 0 0 1 0 0 3 1 55361 400
0x00007aca200376c0 0x0000000dc23266c0 0 0 1 0 0 3 1 55361 408
0x00007aca20037740 0x0000000dc2326740 0 1 1 0 0 3 1 55361 400
0x00007aca200377c0 0x0000000dc23267c0 0 1 1 0 0 3 1 55361 408
0x00007aca20037840 0x0000000dc2326840 0 0 0 0 0 3 1 55361 416
0x00007aca200378c0 0x0000000dc23268c0 0 0 0 0 0 3 1 55361 424
0x00007aca20037940 0x0000000dc2326940 0 1 0 0 0 3 1 55361 416
0x00007aca200379c0 0x0000000dc23269c0 0 1 0 0 0 3 1 55361 424
0x00007aca20037a40 0x0000000dc2326a40 0 0 1 0 0 3 1 55361 416
0x00007aca20037ac0 0x0000000dc2326ac0 0 0 1 0 0 3 1 55361 424
0x00007aca20037b40 0x0000000dc2326b40 0 1 1 0 0 3 1 55361 416
0x00007aca20037bc0 0x0000000dc2326bc0 0 1 1 0 0 3 1 55361 424
0x00007aca20037c40 0x0000000dc2326c40 0 0 0 0 0 3 1 55361 432
0x00007aca20037cc0 0x0000000dc2326cc0 0 0 0 0 0 3 1 55361 440
0x00007aca20037d40 0x0000000dc2326d40 0 1 0 0 0 3 1 55361 432
0x00007aca20037dc0 0x0000000dc2326dc0 0 1 0 0 0 3 1 55361 440
0x00007aca20037e40 0x0000000dc2326e40 0 0 1 0 0 3 1 55361 432
0x00007aca20037ec0 0x0000000dc2326ec0 0 0 1 0 0 3 1 55361 440
0x00007aca20037f40 0x0000000dc2326f40 0 1 1 0 0 3 1 55361 432
0x00007aca20037fc0 0x0000000dc2326fc0 0 1 1 0 0 3 1 55361 440
0x00007aca20047040 0x0000000dc2336040 0 0 0 0 0 3 1 55361 896
0x00007aca200470c0 0x0000000dc23360c0 0 0 0 0 0 3 1 55361 904
0x00007aca20047140 0x0000000dc2336140 0 1 0 0 0 3 1 55361 896
0x00007aca200471c0 0x0000000dc23361c0 0 1 0 0 0 3 1 55361 904
0x00007aca20047240 0x0000000dc2336240 0 0 1 0 0 3 1 55361 896
0x00007aca200472c0 0x0000000dc23362c0 0 0 1 0 0 3 1 55361 904
0x00007aca20047340 0x0000000dc2336340 0 1 1 0 0 3 1 55361 896
0x00007aca200473c0 0x0000000dc23363c0 0 1 1 0 0 3 1 55361 904
0x00007aca20047440 0x0000000dc2336440 0 0 0 0 0 3 1 55361 912
0x00007aca200474c0 0x0000000dc23364c0 0 0 0 0 0 3 1 55361 920
0x00007aca20047540 0x0000000dc2336540 0 1 0 0 0 3 1 55361 912
0x00007aca200475c0 0x0000000dc23365c0 0 1 0 0 0 3 1 55361 920
0x00007aca20047640 0x0000000dc2336640 0 0 1 0 0 3 1 55361 912
0x00007aca200476c0 0x0000000dc23366c0 0 0 1 0 0 3 1 55361 920
0x00007aca20047740 0x0000000dc2336740 0 1 1 0 0 3 1 55361 912
0x00007aca200477c0 0x0000000dc23367c0 0 1 1 0 0 3 1 55361 920
0x00007aca20047840 0x0000000dc2336840 0 0 0 0 0 3 1 55361 928
0x00007aca200478c0 0x0000000dc23368c0 0 0 0 0 0 3 1 55361 936
0x00007aca20047940 0x0000000dc2336940 0 1 0 0 0 3 1 55361 928
0x00007aca200479c0 0x0000000dc23369c0 0 1 0 0 0 3 1 55361 936
0x00007aca20047a40 0x0000000dc2336a40 0 0 1 0 0 3 1 55361 928
0x00007aca20047ac0 0x0000000dc2336ac0 0 0 1 0 0 3 1 55361 936
0x00007aca20047b40 0x0000000dc2336b40 0 1 1 0 0 3 1 55361 928
0x00007aca20047bc0 0x0000000dc2336bc0 0 1 1 0 0 3 1 55361 936
0x00007aca20047c40 0x0000000dc2336c40 0 0 0 0 0 3 1 55361 944
0x00007aca20047cc0 0x0000000dc2336cc0 0 0 0 0 0 3 1 55361 952
0x00007aca20047d40 0x0000000dc2336d40 0 1 0 0 0 3 1 55361 944
0x00007aca20047dc0 0x0000000dc2336dc0 0 1 0 0 0 3 1 55361 952
0x00007aca20047e40 0x0000000dc2336e40 0 0 1 0 0 3 1 55361 944
0x00007aca20047ec0 0x0000000dc2336ec0 0 0 1 0 0 3 1 55361 952
0x00007aca20047f40 0x0000000dc2336f40 0 1 1 0 0 3 1 55361 944
0x00007aca20047fc0 0x0000000dc2336fc0 0 1 1 0 0 3 1 55361 952
0x00007aca20051040 0x0000000c543e5040 0 0 0 0 0 3 1 47767 320
0x00007aca200510c0 0x0000000c543e50c0 0 0 0 0 0 3 1 47767 328
0x00007aca20051140 0x0000000c543e5140 0 1 0 0 0 3 1 47767 320
0x00007aca200511c0 0x0000000c543e51c0 0 1 0 0 0 3 1 47767 328
0x00007aca20051240 0x0000000c543e5240 0 0 1 0 0 3 1 47767 320
0x00007aca200512c0 0x0000000c543e52c0 0 0 1 0 0 3 1 47767 328
0x00007aca20051340 0x0000000c543e5340 0 1 1 0 0 3 1 47767 320
0x00007aca200513c0 0x0000000c543e53c0 0 1 1 0 0 3 1 47767 328
0x00007aca20051440 0x0000000c543e5440 0 0 0 0 0 3 1 47767 336
0x00007aca200514c0 0x0000000c543e54c0 0 0 0 0 0 3 1 47767 344
0x00007aca20051540 0x0000000c543e5540 0 1 0 0 0 3 1 47767 336
0x00007aca200515c0 0x0000000c543e55c0 0 1 0 0 0 3 1 47767 344
0x00007aca20051640 0x0000000c543e5640 0 0 1 0 0 3 1 47767 336
0x00007aca200516c0 0x0000000c543e56c0 0 0 1 0 0 3 1 47767 344
0x00007aca20051740 0x0000000c543e5740 0 1 1 0 0 3 1 47767 336
0x00007aca200517c0 0x0000000c543e57c0 0 1 1 0 0 3 1 47767 344
0x00007aca20051840 0x0000000c543e5840 0 0 0 0 0 3 1 47767 352
0x00007aca200518c0 0x0000000c543e58c0 0 0 0 0 0 3 1 47767 360
0x00007aca20051940 0x0000000c543e5940 0 1 0 0 0 3 1 47767 352
0x00007aca200519c0 0x0000000c543e59c0 0 1 0 0 0 3 1 47767 360
0x00007aca20051a40 0x0000000c543e5a40 0 0 1 0 0 3 1 47767 352
0x00007aca20051ac0 0x0000000c543e5ac0 0 0 1 0 0 3 1 47767 360
0x00007aca20051b40 0x0000000c543e5b40 0 1 1 0 0 3 1 47767 352
0x00007aca20051bc0 0x0000000c543e5bc0 0 1 1 0 0 3 1 47767 360
0x00007aca20051c40 0x0000000c543e5c40 0 0 0 0 0 3 1 47767 368
0x00007aca20051cc0 0x0000000c543e5cc0 0 0 0 0 0 3 1 47767 376
0x00007aca20051d40 0x0000000c543e5d40 0 1 0 0 0 3 1 47767 368
0x00007aca20051dc0 0x0000000c543e5dc0 0 1 0 0 0 3 1 47767 376
0x00007aca20051e40 0x0000000c543e5e40 0 0 1 0 0 3 1 47767 368
0x00007aca20051ec0 0x0000000c543e5ec0 0 0 1 0 0 3 1 47767 376
0x00007aca20051f40 0x0000000c543e5f40 0 1 1 0 0 3 1 47767 368
0x00007aca20051fc0 0x0000000c543e5fc0 0 1 1 0 0 3 1 47767 376
0x00007aca2005a040 0x0000000e95b51040 0 0 0 0 0 3 1 58026 576
0x00007aca2005a0c0 0x0000000e95b510c0 0 0 0 0 0 3 1 58026 584
0x00007aca2005a140 0x0000000e95b51140 0 1 0 0 0 3 1 58026 576
0x00007aca2005a1c0 0x0000000e95b511c0 0 1 0 0 0 3 1 58026 584
0x00007aca2005a240 0x0000000e95b51240 0 0 1 0 0 3 1 58026 576
0x00007aca2005a2c0 0x0000000e95b512c0 0 0 1 0 0 3 1 58026 584
0x00007aca2005a340 0x0000000e95b51340 0 1 1 0 0 3 1 58026 576
0x00007aca2005a3c0 0x0000000e95b513c0 0 1 1 0 0 3 1 58026 584
0x00007aca2005a440 0x0000000e95b51440 0 0 0 0 0 3 1 58026 592
0x00007aca2005a4c0 0x0000000e95b514c0 0 0 0 0 0 3 1 58026 600
0x00007aca2005a540 0x0000000e95b51540 0 1 0 0 0 3 1 58026 592
0x00007aca2005a5c0 0x0000000e95b515c0 0 1 0 0 0 3 1 58026 600
0x00007aca2005a640 0x0000000e95b51640 0 0 1 0 0 3 1 58026 592
0x00007aca2005a6c0 0x0000000e95b516c0 0 0 1 0 0 3 1 58026 600
0x00007aca2005a740 0x0000000e95b51740 0 1 1 0 0 3 1 58026 592
0x00007aca2005a7c0 0x0000000e95b517c0 0 1 1 0 0 3 1 58026 600
0x00007aca2005a840 0x0000000e95b51840 0 0 0 0 0 3 1 58026 608
0x00007aca2005a8c0 0x0000000e95b518c0 0 0 0 0 0 3 1 58026 616
0x00007aca2005a940 0x0000000e95b51940 0 1 0 0 0 3 1 58026 608
0x00007aca2005a9c0 0x0000000e95b519c0 0 1 0 0 0 3 1 58026 616
0x00007aca2005aa40 0x0000000e95b51a40 0 0 1 0 0 3 1 58026 608
0x00007aca2005aac0 0x0000000e95b51ac0 0 0 1 0 0 3 1 58026 616
0x00007aca2005ab40 0x0000000e95b51b40 0 1 1 0 0 3 1 58026 608
0x00007aca2005abc0 0x0000000e95b51bc0 0 1 1 0 0 3 1 58026 616
0x00007aca2005ac40 0x0000000e95b51c40 0 0 0 0 0 3 1 58026 624
0x00007aca2005acc0 0x0000000e95b51cc0 0 0 0 0 0 3 1 58026 632
0x00007aca2005ad40 0x0000000e95b51d40 0 1 0 0 0 3 1 58026 624
0x00007aca2005adc0 0x0000000e95b51dc0 0 1 0 0 0 3 1 58026 632
0x00007aca2005ae40 0x0000000e95b51e40 0 0 1 0 0 3 1 58026 624
0x00007aca2005aec0 0x0000000e95b51ec0 0 0 1 0 0 3 1 58026 632
0x00007aca2005af40 0x0000000e95b51f40 0 1 1 0 0 3 1 58026 624
0x00007aca2005afc0 0x0000000e95b51fc0 0 1 1 0 0 3 1 58026 632
0x00007aca2006c040 0x00000006ac38c040 0 0 0 0 1 3 1 25988 256
0x00007aca2006c0c0 0x00000006ac38c0c0 0 0 0 0 1 3 1 25988 264
0x00007aca2006c140 0x00000006ac38c140 0 1 0 0 1 3 1 25988 256
0x00007aca2006c1c0 0x00000006ac38c1c0 0 1 0 0 1 3 1 25988 264
0x00007aca2006c240 0x00000006ac38c240 0 0 1 0 1 3 1 25988 256
0x00007aca2006c2c0 0x00000006ac38c2c0 0 0 1 0 1 3 1 25988 264
0x00007aca2006c340 0x00000006ac38c340 0 1 1 0 1 3 1 25988 256
0x00007aca2006c3c0 0x00000006ac38c3c0 0 1 1 0 1 3 1 25988 264
0x00007aca2006c440 0x00000006ac38c440 0 0 0 0 1 3 1 25988 272
0x00007aca2006c4c0 0x00000006ac38c4c0 0 0 0 0 1 3 1 25988 280
0x00007aca2006c540 0x00000006ac38c540 0 1 0 0 1 3 1 25988 272
0x00007aca2006c5c0 0x00000006ac38c5c0 0 1 0 0 1 3 1 25988 280
0x00007aca2006c640 0x00000006ac38c640 0 0 1 0 1 3 1 25988 272
0x00007aca2006c6c0 0x00000006ac38c6c0 0 0 1 0 1 3 1 25988 280
0x00007aca2006c740 0x00000006ac38c740 0 1 1 0 1 3 1 25988 272
0x00007aca2006c7c0 0x00000006ac38c7c0 0 1 1 0 1 3 1 25988 280
0x00007aca2006c840 0x00000006ac38c840 0 0 0 0 1 3 1 25988 288
0x00007aca2006c8c0 0x00000006ac38c8c0 0 0 0 0 1 3 1 25988 296
0x00007aca2006c940 0x00000006ac38c940 0 1 0 0 1 3 1 25988 288
0x00007aca2006c9c0 0x00000006ac38c9c0 0 1 0 0 1 3 1 25988 296
0x00007aca2006ca40 0x00000006ac38ca40 0 0 1 0 1 3 1 25988 288
0x00007aca2006cac0 0x00000006ac38cac0 0 0 1 0 1 3 1 25988 296
0x00007aca2006cb40 0x00000006ac38cb40 0 1 1 0 1 3 1 25988 288
0x00007aca2006cbc0 0x00000006ac38cbc0 0 1 1 0 1 3 1 25988 296
0x00007aca2006cc40 0x00000006ac38cc40 0 0 0 0 1 3 1 25988 304
0x00007aca2006ccc0 0x00000006ac38ccc0 0 0 0 0 1 3 1 25988 312
0x00007aca2006cd40 0x00000006ac38cd40 0 1 0 0 1 3 1 25988 304
0x00007aca2006cdc0 0x00000006ac38cdc0 0 1 0 0 1 3 1 25988 312
0x00007aca2006ce40 0x00000006ac38ce40 0 0 1 0 1 3 1 25988 304
0x00007aca2006cec0 0x00000006ac38cec0 0 0 1 0 1 3 1 25988 312
0x00007aca2006cf40 0x00000006ac38cf40 0 1 1 0 1 3 1 25988 304
0x00007aca2006cfc0 0x00000006ac38cfc0 0 1 1 0 1 3 1 25988 312
0x00007aca20072040 0x0000000e043c6040 0 0 0 0 0 3 1 53398 384
0x00007aca200720c0 0x0000000e043c60c0 0 0 0 0 0 3 1 53398 392
0x00007aca20072140 0x0000000e043c6140 0 1 0 0 0 3 1 53398 384
0x00007aca200721c0 0x0000000e043c61c0 0 1 0 0 0 3 1 53398 392
0x00007aca20072240 0x0000000e043c6240 0 0 1 0 0 3 1 53398 384
0x00007aca200722c0 0x0000000e043c62c0 0 0 1 0 0 3 1 53398 392
0x00007aca20072340 0x0000000e043c6340 0 1 1 0 0 3 1 53398 384
0x00007aca200723c0 0x0000000e043c63c0 0 1 1 0 0 3 1 53398 392
0x00007aca20072440 0x0000000e043c6440 0 0 0 0 0 3 1 53398 400
0x00007aca200724c0 0x0000000e043c64c0 0 0 0 0 0 3 1 53398 408
0x00007aca20072540 0x0000000e043c6540 0 1 0 0 0 3 1 53398 400
0x00007aca200725c0 0x0000000e043c65c0 0 1 0 0 0 3 1 53398 408
0x00007aca20072640 0x0000000e043c6640 0 0 1 0 0 3 1 53398 400
0x00007aca200726c0 0x0000000e043c66c0 0 0 1 0 0 3 1 53398 408
0x00007aca20072740 0x0000000e043c6740 0 1 1 0 0 3 1 53398 400
0x00007aca200727c0 0x0000000e043c67c0 0 1 1 0 0 3 1 53398 408
0x00007aca20072840 0x0000000e043c6840 0 0 0 0 0 3 1 53398 416
0x00007aca200728c0 0x0000000e043c68c0 0 0 0 0 0 3 1 53398 424
0x00007aca20072940 0x0000000e043c6940 0 1 0 0 0 3 1 53398 416
0x00007aca200729c0 0x0000000e043c69c0 0 1 0 0 0 3 1 53398 424
0x00007aca20072a40 0x0000000e043c6a40 0 0 1 0 0 3 1 53398 416
0x00007aca20072ac0 0x0000000e043c6ac0 0 0 1 0 0 3 1 53398 424
0x00007aca20072b40 0x0000000e043c6b40 0 1 1 0 0 3 1 53398 416
0x00007aca20072bc0 0x0000000e043c6bc0 0 1 1 0 0 3 1 53398 424
0x00007aca20072c40 0x0000000e043c6c40 0 0 0 0 0 3 1 53398 432
0x00007aca20072cc0 0x0000000e043c6cc0 0 0 0 0 0 3 1 53398 440
0x00007aca20072d40 0x0000000e043c6d40 0 1 0 0 0 3 1 53398 432
0x00007aca20072dc0 0x0000000e043c6dc0 0 1 0 0 0 3 1 53398 440
0x00007aca20072e40 0x0000000e043c6e40 0 0 1 0 0 3 1 53398 432
0x00007aca20072ec0 0x0000000e043c6ec0 0 0 1 0 0 3 1 53398 440
0x00007aca20072f40 0x0000000e043c6f40 0 1 1 0 0 3 1 53398 432
0x00007aca20072fc0 0x0000000e043c6fc0 0 1 1 0 0 3 1 53398 440
0x00007aca20074040 0x0000000e043c5040 0 0 0 0 0 3 1 53398 320
0x00007aca200740c0 0x0000000e043c50c0 0 0 0 0 0 3 1 53398 328
0x00007aca20074140 0x0000000e043c5140 0 1 0 0 0 3 1 53398 320
0x00007aca200741c0 0x0000000e043c51c0 0 1 0 0 0 3 1 53398 328
0x00007aca20074240 0x0000000e043c5240 0 0 1 0 0 3 1 53398 320
0x00007aca200742c0 0x0000000e043c52c0 0 0 1 0 0 3 1 53398 328
0x00007aca20074340 0x0000000e043c5340 0 1 1 0 0 3 1 53398 320
0x00007aca200743c0 0x0000000e043c53c0 0 1 1 0 0 3 1 53398 328
0x00007aca20074440 0x0000000e043c5440 0 0 0 0 0 3 1 53398 336
0x00007aca200744c0 0x0000000e043c54c0 0 0 0 0 0 3 1 53398 344
0x00007aca20074540 0x0000000e043c5540 0 1 0 0 0 3 1 53398 336
0x00007aca200745c0 0x0000000e043c55c0 0 1 0 0 0 3 1 53398 344
0x00007aca20074640 0x0000000e043c5640 0 0 1 0 0 3 1 53398 336
0x00007aca200746c0 0x0000000e043c56c0 0 0 1 0 0 3 1 53398 344
0x00007aca20074740 0x0000000e043c5740 0 1 1 0 0 3 1 53398 336
0x00007aca200747c0 0x0000000e043c57c0 0 1 1 0 0 3 1 53398 344
0x00007aca20074840 0x0000000e043c5840 0 0 0 0 0 3 1 53398 352
0x00007aca200748c0 0x0000000e043c58c0 0 0 0 0 0 3 1 53398 360
0x00007aca20074940 0x0000000e043c5940 0 1 0 0 0 3 1 53398 352
0x00007aca200749c0 0x0000000e043c59c0 0 1 0 0 0 3 1 53398 360
0x00007aca20074a40 0x0000000e043c5a40 0 0 1 0 0 3 1 53398 352
0x00007aca20074ac0 0x0000000e043c5ac0 0 0 1 0 0 3 1 53398 360
0x00007aca20074b40 0x0000000e043c5b40 0 1 1 0 0 3 1 53398 352
0x00007aca20074bc0 0x0000000e043c5bc0 0 1 1 0 0 3 1 53398 360
0x00007aca20074c40 0x0000000e043c5c40 0 0 0 0 0 3 1 53398 368
0x00007aca20074cc0 0x0000000e043c5cc0 0 0 0 0 0 3 1 53398 376
0x00007aca20074d40 0x0000000e043c5d40 0 1 0 0 0 3 1 53398 368
0x00007aca20074dc0 0x0000000e043c5dc0 0 1 0 0 0 3 1 53398 376
0x00007aca20074e40 0x0000000e043c5e40 0 0 1 0 0 3 1 53398 368
0x00007aca20074ec0 0x0000000e043c5ec0 0 0 1 0 0 3 1 53398 376
0x00007aca20074f40 0x0000000e043c5f40 0 1 1 0 0 3 1 53398 368
0x00007aca20074fc0 0x0000000e043c5fc0 0 1 1 0 0 3 1 53398 376
0x00007aca20075040 0x0000000d37b6d040 0 0 0 0 1 3 1 50939 320
0x00007aca200750c0 0x0000000d37b6d0c0 0 0 0 0 1 3 1 50939 328
0x00007aca20075140 0x0000000d37b6d140 0 1 0 0 1 3 1 50939 320
0x00007aca200751c0 0x0000000d37b6d1c0 0 1 0 0 1 3 1 50939 328
0x00007aca20075240 0x0000000d37b6d240 0 0 1 0 1 3 1 50939 320
0x00007aca200752c0 0x0000000d37b6d2c0 0 0 1 0 1 3 1 50939 328
0x00007aca20075340 0x0000000d37b6d340 0 1 1 0 1 3 1 50939 320
0x00007aca200753c0 0x0000000d37b6d3c0 0 1 1 0 1 3 1 50939 328
0x00007aca20075440 0x0000000d37b6d440 0 0 0 0 1 3 1 50939 336
0x00007aca200754c0 0x0000000d37b6d4c0 0 0 0 0 1 3 1 50939 344
0x00007aca20075540 0x0000000d37b6d540 0 1 0 0 1 3 1 50939 336
0x00007aca200755c0 0x0000000d37b6d5c0 0 1 0 0 1 3 1 50939 344
0x00007aca20075640 0x0000000d37b6d640 0 0 1 0 1 3 1 50939 336
0x00007aca200756c0 0x0000000d37b6d6c0 0 0 1 0 1 3 1 50939 344
0x00007aca20075740 0x0000000d37b6d740 0 1 1 0 1 3 1 50939 336
0x00007aca200757c0 0x0000000d37b6d7c0 0 1 1 0 1 3 1 50939 344
0x00007aca20075840 0x0000000d37b6d840 0 0 0 0 1 3 1 50939 352
0x00007aca200758c0 0x0000000d37b6d8c0 0 0 0 0 1 3 1 50939 360
0x00007aca20075940 0x0000000d37b6d940 0 1 0 0 1 3 1 50939 352
0x00007aca200759c0 0x0000000d37b6d9c0 0 1 0 0 1 3 1 50939 360
0x00007aca20075a40 0x0000000d37b6da40 0 0 1 0 1 3 1 50939 352
0x00007aca20075ac0 0x0000000d37b6dac0 0 0 1 0 1 3 1 50939 360
0x00007aca20075b40 0x0000000d37b6db40 0 1 1 0 1 3 1 50939 352
0x00007aca20075bc0 0x0000000d37b6dbc0 0 1 1 0 1 3 1 50939 360
0x00007aca20075c40 0x0000000d37b6dc40 0 0 0 0 1 3 1 50939 368
0x00007aca20075cc0 0x0000000d37b6dcc0 0 0 0 0 1 3 1 50939 376
0x00007aca20075d40 0x0000000d37b6dd40 0 1 0 0 1 3 1 50939 368
0x00007aca20075dc0 0x0000000d37b6ddc0 0 1 0 0 1 3 1 50939 376
0x00007aca20075e40 0x0000000d37b6de40 0 0 1 0 1 3 1 50939 368
0x00007aca20075ec0 0x0000000d37b6dec0 0 0 1 0 1 3 1 50939 376
0x00007aca20075f40 0x0000000d37b6df40 0 1 1 0 1 3 1 50939 368
0x00007aca20075fc0 0x0000000d37b6dfc0 0 1 1 0 1 3 1 50939 376
0x00007aca2008f040 0x00000002d6b78040 0 0 0 0 1 3 1 10955 512
0x00007aca2008f0c0 0x00000002d6b780c0 0 0 0 0 1 3 1 10955 520
0x00007aca2008f140 0x00000002d6b78140 0 1 0 0 1 3 1 10955 512
0x00007aca2008f1c0 0x00000002d6b781c0 0 1 0 0 1 3 1 10955 520
0x00007aca2008f240 0x00000002d6b78240 0 0 1 0 1 3 1 10955 512
0x00007aca2008f2c0 0x00000002d6b782c0 0 0 1 0 1 3 1 10955 520
0x00007aca2008f340 0x00000002d6b78340 0 1 1 0 1 3 1 10955 512
0x00007aca2008f3c0 0x00000002d6b783c0 0 1 1 0 1 3 1 10955 520
0x00007aca2008f440 0x00000002d6b78440 0 0 0 0 1 3 1 10955 528
0x00007aca2008f4c0 0x00000002d6b784c0 0 0 0 0 1 3 1 10955 536
0x00007aca2008f540 0x00000002d6b78540 0 1 0 0 1 3 1 10955 528
0x00007aca2008f5c0 0x00000002d6b785c0 0 1 0 0 1 3 1 10955 536
0x00007aca2008f640 0x00000002d6b78640 0 0 1 0 1 3 1 10955 528
0x00007aca2008f6c0 0x00000002d6b786c0 0 0 1 0 1 3 1 10955 536
0x00007aca2008f740 0x00000002d6b78740 0 1 1 0 1 3 1 10955 528
0x00007aca2008f7c0 0x00000002d6b787c0 0 1 1 0 1 3 1 10955 536
0x00007aca2008f840 0x00000002d6b78840 0 0 0 0 1 3 1 10955 544
0x00007aca2008f8c0 0x00000002d6b788c0 0 0 0 0 1 3 1 10955 552
0x00007aca2008f940 0x00000002d6b78940 0 1 0 0 1 3 1 10955 544
0x00007aca2008f9c0 0x00000002d6b789c0 0 1 0 0 1 3 1 10955 552
0x00007aca2008fa40 0x00000002d6b78a40 0 0 1 0 1 3 1 10955 544
0x00007aca2008fac0 0x00000002d6b78ac0 0 0 1 0 1 3 1 10955 552
0x00007aca2008fb40 0x00000002d6b78b40 0 1 1 0 1 3 1 10955 544
0x00007aca2008fbc0 0x00000002d6b78bc0 0 1 1 0 1 3 1 10955 552
0x00007aca2008fc40 0x00000002d6b78c40 0 0 0 0 1 3 1 10955 560
0x00007aca2008fcc0 0x00000002d6b78cc0 0 0 0 0 1 3 1 10955 568
0x00007aca2008fd40 0x00000002d6b78d40 0 1 0 0 1 3 1 10955 560
0x00007aca2008fdc0 0x00000002d6b78dc0 0 1 0 0 1 3 1 10955 568
0x00007aca2008fe40 0x00000002d6b78e40 0 0 1 0 1 3 1 10955 560
0x00007aca2008fec0 0x00000002d6b78ec0 0 0 1 0 1 3 1 10955 568
0x00007aca2008ff40 0x00000002d6b78f40 0 1 1 0 1 3 1 10955 560
0x00007aca2008ffc0 0x00000002d6b78fc0 0 1 1 0 1 3 1 10955 568
0x00007aca20095040 0x0000000e02b49040 0 0 0 0 1 3 1 53338 64
0x00007aca200950c0 0x0000000e02b490c0 0 0 0 0 1 3 1 53338 72
0x00007aca20095140 0x0000000e02b49140 0 1 0 0 1 3 1 53338 64
0x00007aca200951c0 0x0000000e02b491c0 0 1 0 0 1 3 1 53338 72
0x00007aca20095240 0x0000000e02b49240 0 0 1 0 1 3 1 53338 64
0x00007aca200952c0 0x0000000e02b492c0 0 0 1 0 1 3 1 53338 72
0x00007aca20095340 0x0000000e02b49340 0 1 1 0 1 3 1 53338 64
0x00007aca200953c0 0x0000000e02b493c0 0 1 1 0 1 3 1 53338 72
0x00007aca20095440 0x0000000e02b49440 0 0 0 0 1 3 1 53338 80
0x00007aca200954c0 0x0000000e02b494c0 0 0 0 0 1 3 1 53338 88
0x00007aca20095540 0x0000000e02b49540 0 1 0 0 1 3 1 53338 80
0x00007aca200955c0 0x0000000e02b495c0 0 1 0 0 1 3 1 53338 88
0x00007aca20095640 0x0000000e02b49640 0 0 1 0 1 3 1 53338 80
0x00007aca200956c0 0x0000000e02b496c0 0 0 1 0 1 3 1 53338 88
0x00007aca20095740 0x0000000e02b49740 0 1 1 0 1 3 1 53338 80
0x00007aca200957c0 0x0000000e02b497c0 0 1 1 0 1 3 1 53338 88
0x00007aca20095840 0x0000000e02b49840 0 0 0 0 1 3 1 53338 96
0x00007aca200958c0 0x0000000e02b498c0 0 0 0 0 1 3 1 53338 104
0x00007aca20095940 0x0000000e02b49940 0 1 0 0 1 3 1 53338 96
0x00007aca200959c0 0x0000000e02b499c0 0 1 0 0 1 3 1 53338 104
0x00007aca20095a40 0x0000000e02b49a40 0 0 1 0 1 3 1 53338 96
0x00007aca20095ac0 0x0000000e02b49ac0 0 0 1 0 1 3 1 53338 104
0x00007aca20095b40 0x0000000e02b49b40 0 1 1 0 1 3 1 53338 96
0x00007aca20095bc0 0x0000000e02b49bc0 0 1 1 0 1 3 1 53338 104
0x00007aca20095c40 0x0000000e02b49c40 0 0 0 0 1 3 1 53338 112
0x00007aca20095cc0 0x0000000e02b49cc0 0 0 0 0 1 3 1 53338 120
0x00007aca20095d40 0x0000000e02b49d40 0 1 0 0 1 3 1 53338 112
0x00007aca20095dc0 0x0000000e02b49dc0 0 1 0 0 1 3 1 53338 120
0x00007aca20095e40 0x0000000e02b49e40 0 0 1 0 1 3 1 53338 112
0x00007aca20095ec0 0x0000000e02b49ec0 0 0 1 0 1 3 1 53338 120
0x00007aca20095f40 0x0000000e02b49f40 0 1 1 0 1 3 1 53338 112
0x00007aca20095fc0 0x0000000e02b49fc0 0 1 1 0 1 3 1 53338 120
0x00007aca200a3040 0x00000004053d1040 0 0 0 0 0 3 1 12470 576
0x00007aca200a30c0 0x00000004053d10c0 0 0 0 0 0 3 1 12470 584
0x00007aca200a3140 0x00000004053d1140 0 1 0 0 0 3 1 12470 576
0x00007aca200a31c0 0x00000004053d11c0 0 1 0 0 0 3 1 12470 584
0x00007aca200a3240 0x00000004053d1240 0 0 1 0 0 3 1 12470 576
0x00007aca200a32c0 0x00000004053d12c0 0 0 1 0 0 3 1 12470 584
0x00007aca200a3340 0x00000004053d1340 0 1 1 0 0 3 1 12470 576
0x00007aca200a33c0 0x00000004053d13c0 0 1 1 0 0 3 1 12470 584
0x00007aca200a3440 0x00000004053d1440 0 0 0 0 0 3 1 12470 592
0x00007aca200a34c0 0x00000004053d14c0 0 0 0 0 0 3 1 12470 600
0x00007aca200a3540 0x00000004053d1540 0 1 0 0 0 3 1 12470 592
0x00007aca200a35c0 0x00000004053d15c0 0 1 0 0 0 3 1 12470 600
0x00007aca200a3640 0x00000004053d1640 0 0 1 0 0 3 1 12470 592
0x00007aca200a36c0 0x00000004053d16c0 0 0 1 0 0 3 1 12470 600
0x00007aca200a3740 0x00000004053d1740 0 1 1 0 0 3 1 12470 592
0x00007aca200a37c0 0x00000004053d17c0 0 1 1 0 0 3 1 12470 600
0x00007aca200a3840 0x00000004053d1840 0 0 0 0 0 3 1 12470 608
0x00007aca200a38c0 0x00000004053d18c0 0 0 0 0 0 3 1 12470 616
0x00007aca200a3940 0x00000004053d1940 0 1 0 0 0 3 1 12470 608
0x00007aca200a39c0 0x00000004053d19c0 0 1 0 0 0 3 1 12470 616
0x00007aca200a3a40 0x00000004053d1a40 0 0 1 0 0 3 1 12470 608
0x00007aca200a3ac0 0x00000004053d1ac0 0 0 1 0 0 3 1 12470 616
0x00007aca200a3b40 0x00000004053d1b40 0 1 1 0 0 3 1 12470 608
0x00007aca200a3bc0 0x00000004053d1bc0 0 1 1 0 0 3 1 12470 616
0x00007aca200a3c40 0x00000004053d1c40 0 0 0 0 0 3 1 12470 624
0x00007aca200a3cc0 0x00000004053d1cc0 0 0 0 0 0 3 1 12470 632
0x00007aca200a3d40 0x00000004053d1d40 0 1 0 0 0 3 1 12470 624
0x00007aca200a3dc0 0x00000004053d1dc0 0 1 0 0 0 3 1 12470 632
0x00007aca200a3e40 0x00000004053d1e40 0 0 1 0 0 3 1 12470 624
0x00007aca200a3ec0 0x00000004053d1ec0 0 0 1 0 0 3 1 12470 632
0x00007aca200a3f40 0x00000004053d1f40 0 1 1 0 0 3 1 12470 624
0x00007aca200a3fc0 0x00000004053d1fc0 0 1 1 0 0 3 1 12470 632
0x00007aca200b9040 0x00000002ccbc9040 0 0 0 0 1 3 1 10638 64
0x00007aca200b90c0 0x00000002ccbc90c0 0 0 0 0 1 3 1 10638 72
0x00007aca200b9140 0x00000002ccbc9140 0 1 0 0 1 3 1 10638 64
0x00007aca200b91c0 0x00000002ccbc91c0 0 1 0 0 1 3 1 10638 72
0x00007aca200b9240 0x00000002ccbc9240 0 0 1 0 1 3 1 10638 64
0x00007aca200b92c0 0x00000002ccbc92c0 0 0 1 0 1 3 1 10638 72
0x00007aca200b9340 0x00000002ccbc9340 0 1 1 0 1 3 1 10638 64
0x00007aca200b93c0 0x00000002ccbc93c0 0 1 1 0 1 3 1 10638 72
0x00007aca200b9440 0x00000002ccbc9440 0 0 0 0 1 3 1 10638 80
0x00007aca200b94c0 0x00000002ccbc94c0 0 0 0 0 1 3 1 10638 88
0x00007aca200b9540 0x00000002ccbc9540 0 1 0 0 1 3 1 10638 80
0x00007aca200b95c0 0x00000002ccbc95c0 0 1 0 0 1 3 1 10638 88
0x00007aca200b9640 0x00000002ccbc9640 0 0 1 0 1 3 1 10638 80
0x00007aca200b96c0 0x00000002ccbc96c0 0 0 1 0 1 3 1 10638 88
0x00007aca200b9740 0x00000002ccbc9740 0 1 1 0 1 3 1 10638 80
0x00007aca200b97c0 0x00000002ccbc97c0 0 1 1 0 1 3 1 10638 88
0x00007aca200b9840 0x00000002ccbc9840 0 0 0 0 1 3 1 10638 96
0x00007aca200b98c0 0x00000002ccbc98c0 0 0 0 0 1 3 1 10638 104
0x00007aca200b9940 0x00000002ccbc9940 0 1 0 0 1 3 1 10638 96
0x00007aca200b99c0 0x00000002ccbc99c0 0 1 0 0 1 3 1 10638 104
0x00007aca200b9a40 0x00000002ccbc9a40 0 0 1 0 1 3 1 10638 96
0x00007aca200b9ac0 0x00000002ccbc9ac0 0 0 1 0 1 3 1 10638 104
0x00007aca200b9b40 0x00000002ccbc9b40 0 1 1 0 1 3 1 10638 96
0x00007aca200b9bc0 0x00000002ccbc9bc0 0 1 1 0 1 3 1 10638 104
0x00007aca200b9c40 0x00000002ccbc9c40 0 0 0 0 1 3 1 10638 112
0x00007aca200b9cc0 0x00000002ccbc9cc0 0 0 0 0 1 3 1 10638 120
0x00007aca200b9d40 0x00000002ccbc9d40 0 1 0 0 1 3 1 10638 112
0x00007aca200b9dc0 0x00000002ccbc9dc0 0 1 0 0 1 3 1 10638 120
0x00007aca200b9e40 0x00000002ccbc9e40 0 0 1 0 1 3 1 10638 112
0x00007aca200b9ec0 0x00000002ccbc9ec0 0 0 1 0 1 3 1 10638 120
0x00007aca200b9f40 0x00000002ccbc9f40 0 1 1 0 1 3 1 10638 112
0x00007aca200b9fc0 0x00000002ccbc9fc0 0 1 1 0 1 3 1 10638 120
0x00007aca200ba040 0x0000000526bd9040 0 0 0 0 1 3 1 17630 576
0x00007aca200ba0c0 0x0000000526bd90c0 0 0 0 0 1 3 1 17630 584
0x00007aca200ba140 0x0000000526bd9140 0 1 0 0 1 3 1 17630 576
0x00007aca200ba1c0 0x0000000526bd91c0 0 1 0 0 1 3 1 17630 584
0x00007aca200ba240 0x0000000526bd9240 0 0 1 0 1 3 1 17630 576
0x00007aca200ba2c0 0x0000000526bd92c0 0 0 1 0 1 3 1 17630 584
0x00007aca200ba340 0x0000000526bd9340 0 1 1 0 1 3 1 17630 576
0x00007aca200ba3c0 0x0000000526bd93c0 0 1 1 0 1 3 1 17630 584
0x00007aca200ba440 0x0000000526bd9440 0 0 0 0 1 3 1 17630 592
0x00007aca200ba4c0 0x0000000526bd94c0 0 0 0 0 1 3 1 17630 600
0x00007aca200ba540 0x0000000526bd9540 0 1 0 0 1 3 1 17630 592
0x00007aca200ba5c0 0x0000000526bd95c0 0 1 0 0 1 3 1 17630 600
0x00007aca200ba640 0x0000000526bd9640 0 0 1 0 1 3 1 17630 592
0x00007aca200ba6c0 0x0000000526bd96c0 0 0 1 0 1 3 1 17630 600
0x00007aca200ba740 0x0000000526bd9740 0 1 1 0 1 3 1 17630 592
0x00007aca200ba7c0 0x0000000526bd97c0 0 1 1 0 1 3 1 17630 600
0x00007aca200ba840 0x0000000526bd9840 0 0 0 0 1 3 1 17630 608
0x00007aca200ba8c0 0x0000000526bd98c0 0 0 0 0 1 3 1 17630 616
0x00007aca200ba940 0x0000000526bd9940 0 1 0 0 1 3 1 17630 608
0x00007aca200ba9c0 0x0000000526bd99c0 0 1 0 0 1 3 1 17630 616
0x00007aca200baa40 0x0000000526bd9a40 0 0 1 0 1 3 1 17630 608
0x00007aca200baac0 0x0000000526bd9ac0 0 0 1 0 1 3 1 17630 616
0x00007aca200bab40 0x0000000526bd9b40 0 1 1 0 1 3 1 17630 608
0x00007aca200babc0 0x0000000526bd9bc0 0 1 1 0 1 3 1 17630 616
0x00007aca200bac40 0x0000000526bd9c40 0 0 0 0 1 3 1 17630 624
0x00007aca200bacc0 0x0000000526bd9cc0 0 0 0 0 1 3 1 17630 632
0x00007aca200bad40 0x0000000526bd9d40 0 1 0 0 1 3 1 17630 624
0x00007aca200badc0 0x0000000526bd9dc0 0 1 0 0 1 3 1 17630 632
0x00007aca200bae40 0x0000000526bd9e40 0 0 1 0 1 3 1 17630 624
0x00007aca200baec0 0x0000000526bd9ec0 0 0 1 0 1 3 1 17630 632
0x00007aca200baf40 0x0000000526bd9f40 0 1 1 0 1 3 1 17630 624
0x00007aca200bafc0 0x0000000526bd9fc0 0 1 1 0 1 3 1 17630 632
0x00007aca200c8040 0x0000000c39b4f040 0 0 0 0 1 3 1 46906 448
0x00007aca200c80c0 0x0000000c39b4f0c0 0 0 0 0 1 3 1 46906 456
0x00007aca200c8140 0x0000000c39b4f140 0 1 0 0 1 3 1 46906 448
0x00007aca200c81c0 0x0000000c39b4f1c0 0 1 0 0 1 3 1 46906 456
0x00007aca200c8240 0x0000000c39b4f240 0 0 1 0 1 3 1 46906 448
0x00007aca200c82c0 0x0000000c39b4f2c0 0 0 1 0 1 3 1 46906 456
0x00007aca200c8340 0x0000000c39b4f340 0 1 1 0 1 3 1 46906 448
0x00007aca200c83c0 0x0000000c39b4f3c0 0 1 1 0 1 3 1 46906 456
0x00007aca200c8440 0x0000000c39b4f440 0 0 0 0 1 3 1 46906 464
0x00007aca200c84c0 0x0000000c39b4f4c0 0 0 0 0 1 3 1 46906 472
0x00007aca200c8540 0x0000000c39b4f540 0 1 0 0 1 3 1 46906 464
0x00007aca200c85c0 0x0000000c39b4f5c0 0 1 0 0 1 3 1 46906 472
0x00007aca200c8640 0x0000000c39b4f640 0 0 1 0 1 3 1 46906 464
0x00007aca200c86c0 0x0000000c39b4f6c0 0 0 1 0 1 3 1 46906 472
0x00007aca200c8740 0x0000000c39b4f740 0 1 1 0 1 3 1 46906 464
0x00007aca200c87c0 0x0000000c39b4f7c0 0 1 1 0 1 3 1 46906 472
0x00007aca200c8840 0x0000000c39b4f840 0 0 0 0 1 3 1 46906 480
0x00007aca200c88c0 0x0000000c39b4f8c0 0 0 0 0 1 3 1 46906 488
0x00007aca200c8940 0x0000000c39b4f940 0 1 0 0 1 3 1 46906 480
0x00007aca200c89c0 0x0000000c39b4f9c0 0 1 0 0 1 3 1 46906 488
0x00007aca200c8a40 0x0000000c39b4fa40 0 0 1 0 1 3 1 46906 480
0x00007aca200c8ac0 0x0000000c39b4fac0 0 0 1 0 1 3 1 46906 488
0x00007aca200c8b40 0x0000000c39b4fb40 0 1 1 0 1 3 1 46906 480
0x00007aca200c8bc0 0x0000000c39b4fbc0 0 1 1 0 1 3 1 46906 488
0x00007aca200c8c40 0x0000000c39b4fc40 0 0 0 0 1 3 1 46906 496
0x00007aca200c8cc0 0x0000000c39b4fcc0 0 0 0 0 1 3 1 46906 504
0x00007aca200c8d40 0x0000000c39b4fd40 0 1 0 0 1 3 1 46906 496
0x00007aca200c8dc0 0x0000000c39b4fdc0 0 1 0 0 1 3 1 46906 504
0x00007aca200c8e40 0x0000000c39b4fe40 0 0 1 0 1 3 1 46906 496
0x00007aca200c8ec0 0x0000000c39b4fec0 0 0 1 0 1 3 1 46906 504
0x00007aca200c8f40 0x0000000c39b4ff40 0 1 1 0 1 3 1 46906 496
0x00007aca200c8fc0 0x0000000c39b4ffc0 0 1 1 0 1 3 1 46906 504
0x00007aca200cc040 0x0000000f1ab34040 0 0 0 0 0 3 1 58201 768
0x00007aca200cc0c0 0x0000000f1ab340c0 0 0 0 0 0 3 1 58201 776
0x00007aca200cc140 0x0000000f1ab34140 0 1 0 0 0 3 1 58201 768
0x00007aca200cc1c0 0x0000000f1ab341c0 0 1 0 0 0 3 1 58201 776
0x00007aca200cc240 0x0000000f1ab34240 0 0 1 0 0 3 1 58201 768
0x00007aca200cc2c0 0x0000000f1ab342c0 0 0 1 0 0 3 1 58201 776
0x00007aca200cc340 0x0000000f1ab34340 0 1 1 0 0 3 1 58201 768
0x00007aca200cc3c0 0x0000000f1ab343c0 0 1 1 0 0 3 1 58201 776
0x00007aca200cc440 0x0000000f1ab34440 0 0 0 0 0 3 1 58201 784
0x00007aca200cc4c0 0x0000000f1ab344c0 0 0 0 0 0 3 1 58201 792
0x00007aca200cc540 0x0000000f1ab34540 0 1 0 0 0 3 1 58201 784
0x00007aca200cc5c0 0x0000000f1ab345c0 0 1 0 0 0 3 1 58201 792
0x00007aca200cc640 0x0000000f1ab34640 0 0 1 0 0 3 1 58201 784
0x00007aca200cc6c0 0x0000000f1ab346c0 0 0 1 0 0 3 1 58201 792
0x00007aca200cc740 0x0000000f1ab34740 0 1 1 0 0 3 1 58201 784
0x00007aca200cc7c0 0x0000000f1ab347c0 0 1 1 0 0 3 1 58201 792
0x00007aca200cc840 0x0000000f1ab34840 0 0 0 0 0 3 1 58201 800
0x00007aca200cc8c0 0x0000000f1ab348c0 0 0 0 0 0 3 1 58201 808
0x00007aca200cc940 0x0000000f1ab34940 0 1 0 0 0 3 1 58201 800
0x00007aca200cc9c0 0x0000000f1ab349c0 0 1 0 0 0 3 1 58201 808
0x00007aca200cca40 0x0000000f1ab34a40 0 0 1 0 0 3 1 58201 800
0x00007aca200ccac0 0x0000000f1ab34ac0 0 0 1 0 0 3 1 58201 808
0x00007aca200ccb40 0x0000000f1ab34b40 0 1 1 0 0 3 1 58201 800
0x00007aca200ccbc0 0x0000000f1ab34bc0 0 1 1 0 0 3 1 58201 808
0x00007aca200ccc40 0x0000000f1ab34c40 0 0 0 0 0 3 1 58201 816
0x00007aca200cccc0 0x0000000f1ab34cc0 0 0 0 0 0 3 1 58201 824
0x00007aca200ccd40 0x0000000f1ab34d40 0 1 0 0 0 3 1 58201 816
0x00007aca200ccdc0 0x0000000f1ab34dc0 0 1 0 0 0 3 1 58201 824
0x00007aca200cce40 0x0000000f1ab34e40 0 0 1 0 0 3 1 58201 816
0x00007aca200ccec0 0x0000000f1ab34ec0 0 0 1 0 0 3 1 58201 824
0x00007aca200ccf40 0x0000000f1ab34f40 0 1 1 0 0 3 1 58201 816
0x00007aca200ccfc0 0x0000000f1ab34fc0 0 1 1 0 0 3 1 58201 824
0x00007aca200dc040 0x0000000889bd3040 0 0 0 0 0 3 1 33070 704
0x00007aca200dc0c0 0x0000000889bd30c0 0 0 0 0 0 3 1 33070 712
0x00007aca200dc140 0x0000000889bd3140 0 1 0 0 0 3 1 33070 704
0x00007aca200dc1c0 0x0000000889bd31c0 0 1 0 0 0 3 1 33070 712
0x00007aca200dc240 0x0000000889bd3240 0 0 1 0 0 3 1 33070 704
0x00007aca200dc2c0 0x0000000889bd32c0 0 0 1 0 0 3 1 33070 712
0x00007aca200dc340 0x0000000889bd3340 0 1 1 0 0 3 1 33070 704
0x00007aca200dc3c0 0x0000000889bd33c0 0 1 1 0 0 3 1 33070 712
0x00007aca200dc440 0x0000000889bd3440 0 0 0 0 0 3 1 33070 720
0x00007aca200dc4c0 0x0000000889bd34c0 0 0 0 0 0 3 1 33070 728
0x00007aca200dc540 0x0000000889bd3540 0 1 0 0 0 3 1 33070 720
0x00007aca200dc5c0 0x0000000889bd35c0 0 1 0 0 0 3 1 33070 728
0x00007aca200dc640 0x0000000889bd3640 0 0 1 0 0 3 1 33070 720
0x00007aca200dc6c0 0x0000000889bd36c0 0 0 1 0 0 3 1 33070 728
0x00007aca200dc740 0x0000000889bd3740 0 1 1 0 0 3 1 33070 720
0x00007aca200dc7c0 0x0000000889bd37c0 0 1 1 0 0 3 1 33070 728
0x00007aca200dc840 0x0000000889bd3840 0 0 0 0 0 3 1 33070 736
0x00007aca200dc8c0 0x0000000889bd38c0 0 0 0 0 0 3 1 33070 744
0x00007aca200dc940 0x0000000889bd3940 0 1 0 0 0 3 1 33070 736
0x00007aca200dc9c0 0x0000000889bd39c0 0 1 0 0 0 3 1 33070 744
0x00007aca200dca40 0x0000000889bd3a40 0 0 1 0 0 3 1 33070 736
0x00007aca200dcac0 0x0000000889bd3ac0 0 0 1 0 0 3 1 33070 744
0x00007aca200dcb40 0x0000000889bd3b40 0 1 1 0 0 3 1 33070 736
0x00007aca200dcbc0 0x0000000889bd3bc0 0 1 1 0 0 3 1 33070 744
0x00007aca200dcc40 0x0000000889bd3c40 0 0 0 0 0 3 1 33070 752
0x00007aca200dccc0 0x0000000889bd3cc0 0 0 0 0 0 3 1 33070 760
0x00007aca200dcd40 0x0000000889bd3d40 0 1 0 0 0 3 1 33070 752
0x00007aca200dcdc0 0x0000000889bd3dc0 0 1 0 0 0 3 1 33070 760
0x00007aca200dce40 0x0000000889bd3e40 0 0 1 0 0 3 1 33070 752
0x00007aca200dcec0 0x0000000889bd3ec0 0 0 1 0 0 3 1 33070 760
0x00007aca200dcf40 0x0000000889bd3f40 0 1 1 0 0 3 1 33070 752
0x00007aca200dcfc0 0x0000000889bd3fc0 0 1 1 0 0 3 1 33070 760
0x00007aca200e3040 0x0000000b57b10040 0 0 0 0 0 3 1 43768 512
0x00007aca200e30c0 0x0000000b57b100c0 0 0 0 0 0 3 1 43768 520
0x00007aca200e3140 0x0000000b57b10140 0 1 0 0 0 3 1 43768 512
0x00007aca200e31c0 0x0000000b57b101c0 0 1 0 0 0 3 1 43768 520
0x00007aca200e3240 0x0000000b57b10240 0 0 1 0 0 3 1 43768 512
0x00007aca200e32c0 0x0000000b57b102c0 0 0 1 0 0 3 1 43768 520
0x00007aca200e3340 0x0000000b57b10340 0 1 1 0 0 3 1 43768 512
0x00007aca200e33c0 0x0000000b57b103c0 0 1 1 0 0 3 1 43768 520
0x00007aca200e3440 0x0000000b57b10440 0 0 0 0 0 3 1 43768 528
0x00007aca200e34c0 0x0000000b57b104c0 0 0 0 0 0 3 1 43768 536
0x00007aca200e3540 0x0000000b57b10540 0 1 0 0 0 3 1 43768 528
0x00007aca200e35c0 0x0000000b57b105c0 0 1 0 0 0 3 1 43768 536
0x00007aca200e3640 0x0000000b57b10640 0 0 1 0 0 3 1 43768 528
0x00007aca200e36c0 0x0000000b57b106c0 0 0 1 0 0 3 1 43768 536
0x00007aca200e3740 0x0000000b57b10740 0 1 1 0 0 3 1 43768 528
0x00007aca200e37c0 0x0000000b57b107c0 0 1 1 0 0 3 1 43768 536
0x00007aca200e3840 0x0000000b57b10840 0 0 0 0 0 3 1 43768 544
0x00007aca200e38c0 0x0000000b57b108c0 0 0 0 0 0 3 1 43768 552
0x00007aca200e3940 0x0000000b57b10940 0 1 0 0 0 3 1 43768 544
0x00007aca200e39c0 0x0000000b57b109c0 0 1 0 0 0 3 1 43768 552
0x00007aca200e3a40 0x0000000b57b10a40 0 0 1 0 0 3 1 43768 544
0x00007aca200e3ac0 0x0000000b57b10ac0 0 0 1 0 0 3 1 43768 552
0x00007aca200e3b40 0x0000000b57b10b40 0 1 1 0 0 3 1 43768 544
0x00007aca200e3bc0 0x0000000b57b10bc0 0 1 1 0 0 3 1 43768 552
0x00007aca200e3c40 0x0000000b57b10c40 0 0 0 0 0 3 1 43768 560
0x00007aca200e3cc0 0x0000000b57b10cc0 0 0 0 0 0 3 1 43768 568
0x00007aca200e3d40 0x0000000b57b10d40 0 1 0 0 0 3 1 43768 560
0x00007aca200e3dc0 0x0000000b57b10dc0 0 1 0 0 0 3 1 43768 568
0x00007aca200e3e40 0x0000000b57b10e40 0 0 1 0 0 3 1 43768 560
0x00007aca200e3ec0 0x0000000b57b10ec0 0 0 1 0 0 3 1 43768 568
0x00007aca200e3f40 0x0000000b57b10f40 0 1 1 0 0 3 1 43768 560
0x00007aca200e3fc0 0x0000000b57b10fc0 0 1 1 0 0 3 1 43768 568
0x00007aca200ee040 0x0000000b50b61040 0 0 0 0 0 3 1 43547 64
0x00007aca200ee0c0 0x0000000b50b610c0 0 0 0 0 0 3 1 43547 72
0x00007aca200ee140 0x0000000b50b61140 0 1 0 0 0 3 1 43547 64
0x00007aca200ee1c0 0x0000000b50b611c0 0 1 0 0 0 3 1 43547 72
0x00007aca200ee240 0x0000000b50b61240 0 0 1 0 0 3 1 43547 64
0x00007aca200ee2c0 0x0000000b50b612c0 0 0 1 0 0 3 1 43547 72
0x00007aca200ee340 0x0000000b50b61340 0 1 1 0 0 3 1 43547 64
0x00007aca200ee3c0 0x0000000b50b613c0 0 1 1 0 0 3 1 43547 72
0x00007aca200ee440 0x0000000b50b61440 0 0 0 0 0 3 1 43547 80
0x00007aca200ee4c0 0x0000000b50b614c0 0 0 0 0 0 3 1 43547 88
0x00007aca200ee540 0x0000000b50b61540 0 1 0 0 0 3 1 43547 80
0x00007aca200ee5c0 0x0000000b50b615c0 0 1 0 0 0 3 1 43547 88
0x00007aca200ee640 0x0000000b50b61640 0 0 1 0 0 3 1 43547 80
0x00007aca200ee6c0 0x0000000b50b616c0 0 0 1 0 0 3 1 43547 88
0x00007aca200ee740 0x0000000b50b61740 0 1 1 0 0 3 1 43547 80
0x00007aca200ee7c0 0x0000000b50b617c0 0 1 1 0 0 3 1 43547 88
0x00007aca200ee840 0x0000000b50b61840 0 0 0 0 0 3 1 43547 96
0x00007aca200ee8c0 0x0000000b50b618c0 0 0 0 0 0 3 1 43547 104
0x00007aca200ee940 0x0000000b50b61940 0 1 0 0 0 3 1 43547 96
0x00007aca200ee9c0 0x0000000b50b619c0 0 1 0 0 0 3 1 43547 104
0x00007aca200eea40 0x0000000b50b61a40 0 0 1 0 0 3 1 43547 96
0x00007aca200eeac0 0x0000000b50b61ac0 0 0 1 0 0 3 1 43547 104
0x00007aca200eeb40 0x0000000b50b61b40 0 1 1 0 0 3 1 43547 96
0x00007aca200eebc0 0x0000000b50b61bc0 0 1 1 0 0 3 1 43547 104
0x00007aca200eec40 0x0000000b50b61c40 0 0 0 0 0 3 1 43547 112
0x00007aca200eecc0 0x0000000b50b61cc0 0 0 0 0 0 3 1 43547 120
0x00007aca200eed40 0x0000000b50b61d40 0 1 0 0 0 3 1 43547 112
0x00007aca200eedc0 0x0000000b50b61dc0 0 1 0 0 0 3 1 43547 120
0x00007aca200eee40 0x0000000b50b61e40 0 0 1 0 0 3 1 43547 112
0x00007aca200eeec0 0x0000000b50b61ec0 0 0 1 0 0 3 1 43547 120
0x00007aca200eef40 0x0000000b50b61f40 0 1 1 0 0 3 1 43547 112
0x00007aca200eefc0 0x0000000b50b61fc0 0 1 1 0 0 3 1 43547 120
0x00007aca200f7040 0x00000006883dc040 0 0 0 0 1 3 1 24838 768
0x00007aca200f70c0 0x00000006883dc0c0 0 0 0 0 1 3 1 24838 776
0x00007aca200f7140 0x00000006883dc140 0 1 0 0 1 3 1 24838 768
0x00007aca200f71c0 0x00000006883dc1c0 0 1 0 0 1 3 1 24838 776
0x00007aca200f7240 0x00000006883dc240 0 0 1 0 1 3 1 24838 768
0x00007aca200f72c0 0x00000006883dc2c0 0 0 1 0 1 3 1 24838 776
0x00007aca200f7340 0x00000006883dc340 0 1 1 0 1 3 1 24838 768
0x00007aca200f73c0 0x00000006883dc3c0 0 1 1 0 1 3 1 24838 776
0x00007aca200f7440 0x00000006883dc440 0 0 0 0 1 3 1 24838 784
0x00007aca200f74c0 0x00000006883dc4c0 0 0 0 0 1 3 1 24838 792
0x00007aca200f7540 0x00000006883dc540 0 1 0 0 1 3 1 24838 784
0x00007aca200f75c0 0x00000006883dc5c0 0 1 0 0 1 3 1 24838 792
0x00007aca200f7640 0x00000006883dc640 0 0 1 0 1 3 1 24838 784
0x00007aca200f76c0 0x00000006883dc6c0 0 0 1 0 1 3 1 24838 792
0x00007aca200f7740 0x00000006883dc740 0 1 1 0 1 3 1 24838 784
0x00007aca200f77c0 0x00000006883dc7c0 0 1 1 0 1 3 1 24838 792
0x00007aca200f7840 0x00000006883dc840 0 0 0 0 1 3 1 24838 800
0x00007aca200f78c0 0x00000006883dc8c0 0 0 0 0 1 3 1 24838 808
0x00007aca200f7940 0x00000006883dc940 0 1 0 0 1 3 1 24838 800
0x00007aca200f79c0 0x00000006883dc9c0 0 1 0 0 1 3 1 24838 808
0x00007aca200f7a40 0x00000006883dca40 0 0 1 0 1 3 1 24838 800
0x00007aca200f7ac0 0x00000006883dcac0 0 0 1 0 1 3 1 24838 808
0x00007aca200f7b40 0x00000006883dcb40 0 1 1 0 1 3 1 24838 800
0x00007aca200f7bc0 0x00000006883dcbc0 0 1 1 0 1 3 1 24838 808
0x00007aca200f7c40 0x00000006883dcc40 0 0 0 0 1 3 1 24838 816
0x00007aca200f7cc0 0x00000006883dccc0 0 0 0 0 1 3 1 24838 824
0x00007aca200f7d40 0x00000006883dcd40 0 1 0 0 1 3 1 24838 816
0x00007aca200f7dc0 0x00000006883dcdc0 0 1 0 0 1 3 1 24838 824
0x00007aca200f7e40 0x00000006883dce40 0 0 1 0 1 3 1 24838 816
0x00007aca200f7ec0 0x00000006883dcec0 0 0 1 0 1 3 1 24838 824
0x00007aca200f7f40 0x00000006883dcf40 0 1 1 0 1 3 1 24838 816
0x00007aca200f7fc0 0x00000006883dcfc0 0 1 1 0 1 3 1 24838 824
0x00007aca200f9040 0x0000000ce73b8040 0 0 0 0 1 3 1 52453 512
0x00007aca200f90c0 0x0000000ce73b80c0 0 0 0 0 1 3 1 52453 520
0x00007aca200f9140 0x0000000ce73b8140 0 1 0 0 1 3 1 52453 512
0x00007aca200f91c0 0x0000000ce73b81c0 0 1 0 0 1 3 1 52453 520
0x00007aca200f9240 0x0000000ce73b8240 0 0 1 0 1 3 1 52453 512
0x00007aca200f92c0 0x0000000ce73b82c0 0 0 1 0 1 3 1 52453 520
0x00007aca200f9340 0x0000000ce73b8340 0 1 1 0 1 3 1 52453 512
0x00007aca200f93c0 0x0000000ce73b83c0 0 1 1 0 1 3 1 52453 520
0x00007aca200f9440 0x0000000ce73b8440 0 0 0 0 1 3 1 52453 528
0x00007aca200f94c0 0x0000000ce73b84c0 0 0 0 0 1 3 1 52453 536
0x00007aca200f9540 0x0000000ce73b8540 0 1 0 0 1 3 1 52453 528
0x00007aca200f95c0 0x0000000ce73b85c0 0 1 0 0 1 3 1 52453 536
0x00007aca200f9640 0x0000000ce73b8640 0 0 1 0 1 3 1 52453 528
0x00007aca200f96c0 0x0000000ce73b86c0 0 0 1 0 1 3 1 52453 536
0x00007aca200f9740 0x0000000ce73b8740 0 1 1 0 1 3 1 52453 528
0x00007aca200f97c0 0x0000000ce73b87c0 0 1 1 0 1 3 1 52453 536
0x00007aca200f9840 0x0000000ce73b8840 0 0 0 0 1 3 1 52453 544
0x00007aca200f98c0 0x0000000ce73b88c0 0 0 0 0 1 3 1 52453 552
0x00007aca200f9940 0x0000000ce73b8940 0 1 0 0 1 3 1 52453 544
0x00007aca200f99c0 0x0000000ce73b89c0 0 1 0 0 1 3 1 52453 552
0x00007aca200f9a40 0x0000000ce73b8a40 0 0 1 0 1 3 1 52453 544
0x00007aca200f9ac0 0x0000000ce73b8ac0 0 0 1 0 1 3 1 52453 552
0x00007aca200f9b40 0x0000000ce73b8b40 0 1 1 0 1 3 1 52453 544
0x00007aca200f9bc0 0x0000000ce73b8bc0 0 1 1 0 1 3 1 52453 552
0x00007aca200f9c40 0x0000000ce73b8c40 0 0 0 0 1 3 1 52453 560
0x00007aca200f9cc0 0x0000000ce73b8cc0 0 0 0 0 1 3 1 52453 568
0x00007aca200f9d40 0x0000000ce73b8d40 0 1 0 0 1 3 1 52453 560
0x00007aca200f9dc0 0x0000000ce73b8dc0 0 1 0 0 1 3 1 52453 568
0x00007aca200f9e40 0x0000000ce73b8e40 0 0 1 0 1 3 1 52453 560
0x00007aca200f9ec0 0x0000000ce73b8ec0 0 0 1 0 1 3 1 52453 568
0x00007aca200f9f40 0x0000000ce73b8f40 0 1 1 0 1 3 1 52453 560
0x00007aca200f9fc0 0x0000000ce73b8fc0 0 1 1 0 1 3 1 52453 568
0x00007aca200fb040 0x000000064db90040 0 0 0 0 0 3 1 22972 512
0x00007aca200fb0c0 0x000000064db900c0 0 0 0 0 0 3 1 22972 520
0x00007aca200fb140 0x000000064db90140 0 1 0 0 0 3 1 22972 512
0x00007aca200fb1c0 0x000000064db901c0 0 1 0 0 0 3 1 22972 520
0x00007aca200fb240 0x000000064db90240 0 0 1 0 0 3 1 22972 512
0x00007aca200fb2c0 0x000000064db902c0 0 0 1 0 0 3 1 22972 520
0x00007aca200fb340 0x000000064db90340 0 1 1 0 0 3 1 22972 512
0x00007aca200fb3c0 0x000000064db903c0 0 1 1 0 0 3 1 22972 520
0x00007aca200fb440 0x000000064db90440 0 0 0 0 0 3 1 22972 528
0x00007aca200fb4c0 0x000000064db904c0 0 0 0 0 0 3 1 22972 536
0x00007aca200fb540 0x000000064db90540 0 1 0 0 0 3 1 22972 528
0x00007aca200fb5c0 0x000000064db905c0 0 1 0 0 0 3 1 22972 536
0x00007aca200fb640 0x000000064db90640 0 0 1 0 0 3 1 22972 528
0x00007aca200fb6c0 0x000000064db906c0 0 0 1 0 0 3 1 22972 536
0x00007aca200fb740 0x000000064db90740 0 1 1 0 0 3 1 22972 528
0x00007aca200fb7c0 0x000000064db907c0 0 1 1 0 0 3 1 22972 536
0x00007aca200fb840 0x000000064db90840 0 0 0 0 0 3 1 22972 544
0x00007aca200fb8c0 0x000000064db908c0 0 0 0 0 0 3 1 22972 552
0x00007aca200fb940 0x000000064db90940 0 1 0 0 0 3 1 22972 544
0x00007aca200fb9c0 0x000000064db909c0 0 1 0 0 0 3 1 22972 552
0x00007aca200fba40 0x000000064db90a40 0 0 1 0 0 3 1 22972 544
0x00007aca200fbac0 0x000000064db90ac0 0 0 1 0 0 3 1 22972 552
0x00007aca200fbb40 0x000000064db90b40 0 1 1 0 0 3 1 22972 544
0x00007aca200fbbc0 0x000000064db90bc0 0 1 1 0 0 3 1 22972 552
0x00007aca200fbc40 0x000000064db90c40 0 0 0 0 0 3 1 22972 560
0x00007aca200fbcc0 0x000000064db90cc0 0 0 0 0 0 3 1 22972 568
0x00007aca200fbd40 0x000000064db90d40 0 1 0 0 0 3 1 22972 560
0x00007aca200fbdc0 0x000000064db90dc0 0 1 0 0 0 3 1 22972 568
0x00007aca200fbe40 0x000000064db90e40 0 0 1 0 0 3 1 22972 560
0x00007aca200fbec0 0x000000064db90ec0 0 0 1 0 0 3 1 22972 568
0x00007aca200fbf40 0x000000064db90f40 0 1 1 0 0 3 1 22972 560
0x00007aca200fbfc0 0x000000064db90fc0 0 1 1 0 0 3 1 22972 568
0x00007aca20100040 0x0000000520bf9040 0 0 0 0 1 3 1 17439 576
0x00007aca201000c0 0x0000000520bf90c0 0 0 0 0 1 3 1 17439 584
0x00007aca20100140 0x0000000520bf9140 0 1 0 0 1 3 1 17439 576
0x00007aca201001c0 0x0000000520bf91c0 0 1 0 0 1 3 1 17439 584
0x00007aca20100240 0x0000000520bf9240 0 0 1 0 1 3 1 17439 576
0x00007aca201002c0 0x0000000520bf92c0 0 0 1 0 1 3 1 17439 584
0x00007aca20100340 0x0000000520bf9340 0 1 1 0 1 3 1 17439 576
0x00007aca201003c0 0x0000000520bf93c0 0 1 1 0 1 3 1 17439 584
0x00007aca20100440 0x0000000520bf9440 0 0 0 0 1 3 1 17439 592
0x00007aca201004c0 0x0000000520bf94c0 0 0 0 0 1 3 1 17439 600
0x00007aca20100540 0x0000000520bf9540 0 1 0 0 1 3 1 17439 592
0x00007aca201005c0 0x0000000520bf95c0 0 1 0 0 1 3 1 17439 600
0x00007aca20100640 0x0000000520bf9640 0 0 1 0 1 3 1 17439 592
0x00007aca201006c0 0x0000000520bf96c0 0 0 1 0 1 3 1 17439 600
0x00007aca20100740 0x0000000520bf9740 0 1 1 0 1 3 1 17439 592
0x00007aca201007c0 0x0000000520bf97c0 0 1 1 0 1 3 1 17439 600
0x00007aca20100840 0x0000000520bf9840 0 0 0 0 1 3 1 17439 608
0x00007aca201008c0 0x0000000520bf98c0 0 0 0 0 1 3 1 17439 616
0x00007aca20100940 0x0000000520bf9940 0 1 0 0 1 3 1 17439 608
0x00007aca201009c0 0x0000000520bf99c0 0 1 0 0 1 3 1 17439 616
0x00007aca20100a40 0x0000000520bf9a40 0 0 1 0 1 3 1 17439 608
0x00007aca20100ac0 0x0000000520bf9ac0 0 0 1 0 1 3 1 17439 616
0x00007aca20100b40 0x0000000520bf9b40 0 1 1 0 1 3 1 17439 608
0x00007aca20100bc0 0x0000000520bf9bc0 0 1 1 0 1 3 1 17439 616
0x00007aca20100c40 0x0000000520bf9c40 0 0 0 0 1 3 1 17439 624
0x00007aca20100cc0 0x0000000520bf9cc0 0 0 0 0 1 3 1 17439 632
0x00007aca20100d40 0x0000000520bf9d40 0 1 0 0 1 3 1 17439 624
0x00007aca20100dc0 0x0000000520bf9dc0 0 1 0 0 1 3 1 17439 632
0x00007aca20100e40 0x0000000520bf9e40 0 0 1 0 1 3 1 17439 624
0x00007aca20100ec0 0x0000000520bf9ec0 0 0 1 0 1 3 1 17439 632
0x00007aca20100f40 0x0000000520bf9f40 0 1 1 0 1 3 1 17439 624
0x00007aca20100fc0 0x0000000520bf9fc0 0 1 1 0 1 3 1 17439 632
0x00007aca20104040 0x0000000b7cbaf040 0 0 0 0 1 3 1 44957 448
0x00007aca201040c0 0x0000000b7cbaf0c0 0 0 0 0 1 3 1 44957 456
0x00007aca20104140 0x0000000b7cbaf140 0 1 0 0 1 3 1 44957 448
0x00007aca201041c0 0x0000000b7cbaf1c0 0 1 0 0 1 3 1 44957 456
0x00007aca20104240 0x0000000b7cbaf240 0 0 1 0 1 3 1 44957 448
0x00007aca201042c0 0x0000000b7cbaf2c0 0 0 1 0 1 3 1 44957 456
0x00007aca20104340 0x0000000b7cbaf340 0 1 1 0 1 3 1 44957 448
0x00007aca201043c0 0x0000000b7cbaf3c0 0 1 1 0 1 3 1 44957 456
0x00007aca20104440 0x0000000b7cbaf440 0 0 0 0 1 3 1 44957 464
0x00007aca201044c0 0x0000000b7cbaf4c0 0 0 0 0 1 3 1 44957 472
0x00007aca20104540 0x0000000b7cbaf540 0 1 0 0 1 3 1 44957 464
0x00007aca201045c0 0x0000000b7cbaf5c0 0 1 0 0 1 3 1 44957 472
0x00007aca20104640 0x0000000b7cbaf640 0 0 1 0 1 3 1 44957 464
0x00007aca201046c0 0x0000000b7cbaf6c0 0 0 1 0 1 3 1 44957 472
0x00007aca20104740 0x0000000b7cbaf740 0 1 1 0 1 3 1 44957 464
0x00007aca201047c0 0x0000000b7cbaf7c0 0 1 1 0 1 3 1 44957 472
0x00007aca20104840 0x0000000b7cbaf840 0 0 0 0 1 3 1 44957 480
0x00007aca201048c0 0x0000000b7cbaf8c0 0 0 0 0 1 3 1 44957 488
0x00007aca20104940 0x0000000b7cbaf940 0 1 0 0 1 3 1 44957 480
0x00007aca201049c0 0x0000000b7cbaf9c0 0 1 0 0 1 3 1 44957 488
0x00007aca20104a40 0x0000000b7cbafa40 0 0 1 0 1 3 1 44957 480
0x00007aca20104ac0 0x0000000b7cbafac0 0 0 1 0 1 3 1 44957 488
0x00007aca20104b40 0x0000000b7cbafb40 0 1 1 0 1 3 1 44957 480
0x00007aca20104bc0 0x0000000b7cbafbc0 0 1 1 0 1 3 1 44957 488
0x00007aca20104c40 0x0000000b7cbafc40 0 0 0 0 1 3 1 44957 496
0x00007aca20104cc0 0x0000000b7cbafcc0 0 0 0 0 1 3 1 44957 504
0x00007aca20104d40 0x0000000b7cbafd40 0 1 0 0 1 3 1 44957 496
0x00007aca20104dc0 0x0000000b7cbafdc0 0 1 0 0 1 3 1 44957 504
0x00007aca20104e40 0x0000000b7cbafe40 0 0 1 0 1 3 1 44957 496
0x00007aca20104ec0 0x0000000b7cbafec0 0 0 1 0 1 3 1 44957 504
0x00007aca20104f40 0x0000000b7cbaff40 0 1 1 0 1 3 1 44957 496
0x00007aca20104fc0 0x0000000b7cbaffc0 0 1 1 0 1 3 1 44957 504
0x00007aca20105040 0x0000000eed3e3040 0 0 0 0 0 3 1 60839 192
0x00007aca201050c0 0x0000000eed3e30c0 0 0 0 0 0 3 1 60839 200
0x00007aca20105140 0x0000000eed3e3140 0 1 0 0 0 3 1 60839 192
0x00007aca201051c0 0x0000000eed3e31c0 0 1 0 0 0 3 1 60839 200
0x00007aca20105240 0x0000000eed3e3240 0 0 1 0 0 3 1 60839 192
0x00007aca201052c0 0x0000000eed3e32c0 0 0 1 0 0 3 1 60839 200
0x00007aca20105340 0x0000000eed3e3340 0 1 1 0 0 3 1 60839 192
0x00007aca201053c0 0x0000000eed3e33c0 0 1 1 0 0 3 1 60839 200
0x00007aca20105440 0x0000000eed3e3440 0 0 0 0 0 3 1 60839 208
0x00007aca201054c0 0x0000000eed3e34c0 0 0 0 0 0 3 1 60839 216
0x00007aca20105540 0x0000000eed3e3540 0 1 0 0 0 3 1 60839 208
0x00007aca201055c0 0x0000000eed3e35c0 0 1 0 0 0 3 1 60839 216
0x00007aca20105640 0x0000000eed3e3640 0 0 1 0 0 3 1 60839 208
0x00007aca201056c0 0x0000000eed3e36c0 0 0 1 0 0 3 1 60839 216
0x00007aca20105740 0x0000000eed3e3740 0 1 1 0 0 3 1 60839 208
0x00007aca201057c0 0x0000000eed3e37c0 0 1 1 0 0 3 1 60839 216
0x00007aca20105840 0x0000000eed3e3840 0 0 0 0 0 3 1 60839 224
0x00007aca201058c0 0x0000000eed3e38c0 0 0 0 0 0 3 1 60839 232
0x00007aca20105940 0x0000000eed3e3940 0 1 0 0 0 3 1 60839 224
0x00007aca201059c0 0x0000000eed3e39c0 0 1 0 0 0 3 1 60839 232
0x00007aca20105a40 0x0000000eed3e3a40 0 0 1 0 0 3 1 60839 224
0x00007aca20105ac0 0x0000000eed3e3ac0 0 0 1 0 0 3 1 60839 232
0x00007aca20105b40 0x0000000eed3e3b40 0 1 1 0 0 3 1 60839 224
0x00007aca20105bc0 0x0000000eed3e3bc0 0 1 1 0 0 3 1 60839 232
0x00007aca20105c40 0x0000000eed3e3c40 0 0 0 0 0 3 1 60839 240
0x00007aca20105cc0 0x0000000eed3e3cc0 0 0 0 0 0 3 1 60839 248
0x00007aca20105d40 0x0000000eed3e3d40 0 1 0 0 0 3 1 60839 240
0x00007aca20105dc0 0x0000000eed3e3dc0 0 1 0 0 0 3 1 60839 248
0x00007aca20105e40 0x0000000eed3e3e40 0 0 1 0 0 3 1 60839 240
0x00007aca20105ec0 0x0000000eed3e3ec0 0 0 1 0 0 3 1 60839 248
0x00007aca20105f40 0x0000000eed3e3f40 0 1 1 0 0 3 1 60839 240
0x00007aca20105fc0 0x0000000eed3e3fc0 0 1 1 0 0 3 1 60839 248
0x00007aca2010a040 0x0000000d4e33a040 0 0 0 0 1 3 1 51665 640
0x00007aca2010a0c0 0x0000000d4e33a0c0 0 0 0 0 1 3 1 51665 648
0x00007aca2010a140 0x0000000d4e33a140 0 1 0 0 1 3 1 51665 640
0x00007aca2010a1c0 0x0000000d4e33a1c0 0 1 0 0 1 3 1 51665 648
0x00007aca2010a240 0x0000000d4e33a240 0 0 1 0 1 3 1 51665 640
0x00007aca2010a2c0 0x0000000d4e33a2c0 0 0 1 0 1 3 1 51665 648
0x00007aca2010a340 0x0000000d4e33a340 0 1 1 0 1 3 1 51665 640
0x00007aca2010a3c0 0x0000000d4e33a3c0 0 1 1 0 1 3 1 51665 648
0x00007aca2010a440 0x0000000d4e33a440 0 0 0 0 1 3 1 51665 656
0x00007aca2010a4c0 0x0000000d4e33a4c0 0 0 0 0 1 3 1 51665 664
0x00007aca2010a540 0x0000000d4e33a540 0 1 0 0 1 3 1 51665 656
0x00007aca2010a5c0 0x0000000d4e33a5c0 0 1 0 0 1 3 1 51665 664
0x00007aca2010a640 0x0000000d4e33a640 0 0 1 0 1 3 1 51665 656
0x00007aca2010a6c0 0x0000000d4e33a6c0 0 0 1 0 1 3 1 51665 664
0x00007aca2010a740 0x0000000d4e33a740 0 1 1 0 1 3 1 51665 656
0x00007aca2010a7c0 0x0000000d4e33a7c0 0 1 1 0 1 3 1 51665 664
0x00007aca2010a840 0x0000000d4e33a840 0 0 0 0 1 3 1 51665 672
0x00007aca2010a8c0 0x0000000d4e33a8c0 0 0 0 0 1 3 1 51665 680
0x00007aca2010a940 0x0000000d4e33a940 0 1 0 0 1 3 1 51665 672
0x00007aca2010a9c0 0x0000000d4e33a9c0 0 1 0 0 1 3 1 51665 680
0x00007aca2010aa40 0x0000000d4e33aa40 0 0 1 0 1 3 1 51665 672
0x00007aca2010aac0 0x0000000d4e33aac0 0 0 1 0 1 3 1 51665 680
0x00007aca2010ab40 0x0000000d4e33ab40 0 1 1 0 1 3 1 51665 672
0x00007aca2010abc0 0x0000000d4e33abc0 0 1 1 0 1 3 1 51665 680
0x00007aca2010ac40 0x0000000d4e33ac40 0 0 0 0 1 3 1 51665 688
0x00007aca2010acc0 0x0000000d4e33acc0 0 0 0 0 1 3 1 51665 696
0x00007aca2010ad40 0x0000000d4e33ad40 0 1 0 0 1 3 1 51665 688
0x00007aca2010adc0 0x0000000d4e33adc0 0 1 0 0 1 3 1 51665 696
0x00007aca2010ae40 0x0000000d4e33ae40 0 0 1 0 1 3 1 51665 688
0x00007aca2010aec0 0x0000000d4e33aec0 0 0 1 0 1 3 1 51665 696
0x00007aca2010af40 0x0000000d4e33af40 0 1 1 0 1 3 1 51665 688
0x00007aca2010afc0 0x0000000d4e33afc0 0 1 1 0 1 3 1 51665 696
0x00007aca20115040 0x0000000bbabdb040 0 0 0 0 1 3 1 46926 704
0x00007aca201150c0 0x0000000bbabdb0c0 0 0 0 0 1 3 1 46926 712
0x00007aca20115140 0x0000000bbabdb140 0 1 0 0 1 3 1 46926 704
0x00007aca201151c0 0x0000000bbabdb1c0 0 1 0 0 1 3 1 46926 712
0x00007aca20115240 0x0000000bbabdb240 0 0 1 0 1 3 1 46926 704
0x00007aca201152c0 0x0000000bbabdb2c0 0 0 1 0 1 3 1 46926 712
0x00007aca20115340 0x0000000bbabdb340 0 1 1 0 1 3 1 46926 704
0x00007aca201153c0 0x0000000bbabdb3c0 0 1 1 0 1 3 1 46926 712
0x00007aca20115440 0x0000000bbabdb440 0 0 0 0 1 3 1 46926 720
0x00007aca201154c0 0x0000000bbabdb4c0 0 0 0 0 1 3 1 46926 728
0x00007aca20115540 0x0000000bbabdb540 0 1 0 0 1 3 1 46926 720
0x00007aca201155c0 0x0000000bbabdb5c0 0 1 0 0 1 3 1 46926 728
0x00007aca20115640 0x0000000bbabdb640 0 0 1 0 1 3 1 46926 720
0x00007aca201156c0 0x0000000bbabdb6c0 0 0 1 0 1 3 1 46926 728
0x00007aca20115740 0x0000000bbabdb740 0 1 1 0 1 3 1 46926 720
0x00007aca201157c0 0x0000000bbabdb7c0 0 1 1 0 1 3 1 46926 728
0x00007aca20115840 0x0000000bbabdb840 0 0 0 0 1 3 1 46926 736
0x00007aca201158c0 0x0000000bbabdb8c0 0 0 0 0 1 3 1 46926 744
0x00007aca20115940 0x0000000bbabdb940 0 1 0 0 1 3 1 46926 736
0x00007aca201159c0 0x0000000bbabdb9c0 0 1 0 0 1 3 1 46926 744
0x00007aca20115a40 0x0000000bbabdba40 0 0 1 0 1 3 1 46926 736
0x00007aca20115ac0 0x0000000bbabdbac0 0 0 1 0 1 3 1 46926 744
0x00007aca20115b40 0x0000000bbabdbb40 0 1 1 0 1 3 1 46926 736
0x00007aca20115bc0 0x0000000bbabdbbc0 0 1 1 0 1 3 1 46926 744
0x00007aca20115c40 0x0000000bbabdbc40 0 0 0 0 1 3 1 46926 752
0x00007aca20115cc0 0x0000000bbabdbcc0 0 0 0 0 1 3 1 46926 760
0x00007aca20115d40 0x0000000bbabdbd40 0 1 0 0 1 3 1 46926 752
0x00007aca20115dc0 0x0000000bbabdbdc0 0 1 0 0 1 3 1 46926 760
0x00007aca20115e40 0x0000000bbabdbe40 0 0 1 0 1 3 1 46926 752
0x00007aca20115ec0 0x0000000bbabdbec0 0 0 1 0 1 3 1 46926 760
0x00007aca20115f40 0x0000000bbabdbf40 0 1 1 0 1 3 1 46926 752
0x00007aca20115fc0 0x0000000bbabdbfc0 0 1 1 0 1 3 1 46926 760
0x00007aca2011b040 0x0000000c253eb040 0 0 0 0 1 3 1 46263 192
0x00007aca2011b0c0 0x0000000c253eb0c0 0 0 0 0 1 3 1 46263 200
0x00007aca2011b140 0x0000000c253eb140 0 1 0 0 1 3 1 46263 192
0x00007aca2011b1c0 0x0000000c253eb1c0 0 1 0 0 1 3 1 46263 200
0x00007aca2011b240 0x0000000c253eb240 0 0 1 0 1 3 1 46263 192
0x00007aca2011b2c0 0x0000000c253eb2c0 0 0 1 0 1 3 1 46263 200
0x00007aca2011b340 0x0000000c253eb340 0 1 1 0 1 3 1 46263 192
0x00007aca2011b3c0 0x0000000c253eb3c0 0 1 1 0 1 3 1 46263 200
0x00007aca2011b440 0x0000000c253eb440 0 0 0 0 1 3 1 46263 208
0x00007aca2011b4c0 0x0000000c253eb4c0 0 0 0 0 1 3 1 46263 216
0x00007aca2011b540 0x0000000c253eb540 0 1 0 0 1 3 1 46263 208
0x00007aca2011b5c0 0x0000000c253eb5c0 0 1 0 0 1 3 1 46263 216
0x00007aca2011b640 0x0000000c253eb640 0 0 1 0 1 3 1 46263 208
0x00007aca2011b6c0 0x0000000c253eb6c0 0 0 1 0 1 3 1 46263 216
0x00007aca2011b740 0x0000000c253eb740 0 1 1 0 1 3 1 46263 208
0x00007aca2011b7c0 0x0000000c253eb7c0 0 1 1 0 1 3 1 46263 216
0x00007aca2011b840 0x0000000c253eb840 0 0 0 0 1 3 1 46263 224
0x00007aca2011b8c0 0x0000000c253eb8c0 0 0 0 0 1 3 1 46263 232
0x00007aca2011b940 0x0000000c253eb940 0 1 0 0 1 3 1 46263 224
0x00007aca2011b9c0 0x0000000c253eb9c0 0 1 0 0 1 3 1 46263 232
0x00007aca2011ba40 0x0000000c253eba40 0 0 1 0 1 3 1 46263 224
0x00007aca2011bac0 0x0000000c253ebac0 0 0 1 0 1 3 1 46263 232
0x00007aca2011bb40 0x0000000c253ebb40 0 1 1 0 1 3 1 46263 224
0x00007aca2011bbc0 0x0000000c253ebbc0 0 1 1 0 1 3 1 46263 232
0x00007aca2011bc40 0x0000000c253ebc40 0 0 0 0 1 3 1 46263 240
0x00007aca2011bcc0 0x0000000c253ebcc0 0 0 0 0 1 3 1 46263 248
0x00007aca2011bd40 0x0000000c253ebd40 0 1 0 0 1 3 1 46263 240
0x00007aca2011bdc0 0x0000000c253ebdc0 0 1 0 0 1 3 1 46263 248
0x00007aca2011be40 0x0000000c253ebe40 0 0 1 0 1 3 1 46263 240
0x00007aca2011bec0 0x0000000c253ebec0 0 0 1 0 1 3 1 46263 248
0x00007aca2011bf40 0x0000000c253ebf40 0 1 1 0 1 3 1 46263 240
0x00007aca2011bfc0 0x0000000c253ebfc0 0 1 1 0 1 3 1 46263 248
0x00007aca2011e040 0x0000000dfdb0e040 0 0 0 0 1 3 1 57256 384
0x00007aca2011e0c0 0x0000000dfdb0e0c0 0 0 0 0 1 3 1 57256 392
0x00007aca2011e140 0x0000000dfdb0e140 0 1 0 0 1 3 1 57256 384
0x00007aca2011e1c0 0x0000000dfdb0e1c0 0 1 0 0 1 3 1 57256 392
0x00007aca2011e240 0x0000000dfdb0e240 0 0 1 0 1 3 1 57256 384
0x00007aca2011e2c0 0x0000000dfdb0e2c0 0 0 1 0 1 3 1 57256 392
0x00007aca2011e340 0x0000000dfdb0e340 0 1 1 0 1 3 1 57256 384
0x00007aca2011e3c0 0x0000000dfdb0e3c0 0 1 1 0 1 3 1 57256 392
0x00007aca2011e440 0x0000000dfdb0e440 0 0 0 0 1 3 1 57256 400
0x00007aca2011e4c0 0x0000000dfdb0e4c0 0 0 0 0 1 3 1 57256 408
0x00007aca2011e540 0x0000000dfdb0e540 0 1 0 0 1 3 1 57256 400
0x00007aca2011e5c0 0x0000000dfdb0e5c0 0 1 0 0 1 3 1 57256 408
0x00007aca2011e640 0x0000000dfdb0e640 0 0 1 0 1 3 1 57256 400
0x00007aca2011e6c0 0x0000000dfdb0e6c0 0 0 1 0 1 3 1 57256 408
0x00007aca2011e740 0x0000000dfdb0e740 0 1 1 0 1 3 1 57256 400
0x00007aca2011e7c0 0x0000000dfdb0e7c0 0 1 1 0 1 3 1 57256 408
0x00007aca2011e840 0x0000000dfdb0e840 0 0 0 0 1 3 1 57256 416
0x00007aca2011e8c0 0x0000000dfdb0e8c0 0 0 0 0 1 3 1 57256 424
0x00007aca2011e940 0x0000000dfdb0e940 0 1 0 0 1 3 1 57256 416
0x00007aca2011e9c0 0x0000000dfdb0e9c0 0 1 0 0 1 3 1 57256 424
0x00007aca2011ea40 0x0000000dfdb0ea40 0 0 1 0 1 3 1 57256 416
0x00007aca2011eac0 0x0000000dfdb0eac0 0 0 1 0 1 3 1 57256 424
0x00007aca2011eb40 0x0000000dfdb0eb40 0 1 1 0 1 3 1 57256 416
0x00007aca2011ebc0 0x0000000dfdb0ebc0 0 1 1 0 1 3 1 57256 424
0x00007aca2011ec40 0x0000000dfdb0ec40 0 0 0 0 1 3 1 57256 432
0x00007aca2011ecc0 0x0000000dfdb0ecc0 0 0 0 0 1 3 1 57256 440
0x00007aca2011ed40 0x0000000dfdb0ed40 0 1 0 0 1 3 1 57256 432
0x00007aca2011edc0 0x0000000dfdb0edc0 0 1 0 0 1 3 1 57256 440
0x00007aca2011ee40 0x0000000dfdb0ee40 0 0 1 0 1 3 1 57256 432
0x00007aca2011eec0 0x0000000dfdb0eec0 0 0 1 0 1 3 1 57256 440
0x00007aca2011ef40 0x0000000dfdb0ef40 0 1 1 0 1 3 1 57256 432
0x00007aca2011efc0 0x0000000dfdb0efc0 0 1 1 0 1 3 1 57256 440
0x00007aca2011f040 0x0000000a08373040 0 0 0 0 0 3 1 37139 704
0x00007aca2011f0c0 0x0000000a083730c0 0 0 0 0 0 3 1 37139 712
0x00007aca2011f140 0x0000000a08373140 0 1 0 0 0 3 1 37139 704
0x00007aca2011f1c0 0x0000000a083731c0 0 1 0 0 0 3 1 37139 712
0x00007aca2011f240 0x0000000a08373240 0 0 1 0 0 3 1 37139 704
0x00007aca2011f2c0 0x0000000a083732c0 0 0 1 0 0 3 1 37139 712
0x00007aca2011f340 0x0000000a08373340 0 1 1 0 0 3 1 37139 704
0x00007aca2011f3c0 0x0000000a083733c0 0 1 1 0 0 3 1 37139 712
0x00007aca2011f440 0x0000000a08373440 0 0 0 0 0 3 1 37139 720
0x00007aca2011f4c0 0x0000000a083734c0 0 0 0 0 0 3 1 37139 728
0x00007aca2011f540 0x0000000a08373540 0 1 0 0 0 3 1 37139 720
0x00007aca2011f5c0 0x0000000a083735c0 0 1 0 0 0 3 1 37139 728
0x00007aca2011f640 0x0000000a08373640 0 0 1 0 0 3 1 37139 720
0x00007aca2011f6c0 0x0000000a083736c0 0 0 1 0 0 3 1 37139 728
0x00007aca2011f740 0x0000000a08373740 0 1 1 0 0 3 1 37139 720
0x00007aca2011f7c0 0x0000000a083737c0 0 1 1 0 0 3 1 37139 728
0x00007aca2011f840 0x0000000a08373840 0 0 0 0 0 3 1 37139 736
0x00007aca2011f8c0 0x0000000a083738c0 0 0 0 0 0 3 1 37139 744
0x00007aca2011f940 0x0000000a08373940 0 1 0 0 0 3 1 37139 736
0x00007aca2011f9c0 0x0000000a083739c0 0 1 0 0 0 3 1 37139 744
0x00007aca2011fa40 0x0000000a08373a40 0 0 1 0 0 3 1 37139 736
0x00007aca2011fac0 0x0000000a08373ac0 0 0 1 0 0 3 1 37139 744
0x00007aca2011fb40 0x0000000a08373b40 0 1 1 0 0 3 1 37139 736
0x00007aca2011fbc0 0x0000000a08373bc0 0 1 1 0 0 3 1 37139 744
0x00007aca2011fc40 0x0000000a08373c40 0 0 0 0 0 3 1 37139 752
0x00007aca2011fcc0 0x0000000a08373cc0 0 0 0 0 0 3 1 37139 760
0x00007aca2011fd40 0x0000000a08373d40 0 1 0 0 0 3 1 37139 752
0x00007aca2011fdc0 0x0000000a08373dc0 0 1 0 0 0 3 1 37139 760
0x00007aca2011fe40 0x0000000a08373e40 0 0 1 0 0 3 1 37139 752
0x00007aca2011fec0 0x0000000a08373ec0 0 0 1 0 0 3 1 37139 760
0x00007aca2011ff40 0x0000000a08373f40 0 1 1 0 0 3 1 37139 752
0x00007aca2011ffc0 0x0000000a08373fc0 0 1 1 0 0 3 1 37139 760
0x00007aca20120040 0x0000000d2bb27040 0 0 0 0 0 3 1 50553 448
0x00007aca201200c0 0x0000000d2bb270c0 0 0 0 0 0 3 1 50553 456
0x00007aca20120140 0x0000000d2bb27140 0 1 0 0 0 3 1 50553 448
0x00007aca201201c0 0x0000000d2bb271c0 0 1 0 0 0 3 1 50553 456
0x00007aca20120240 0x0000000d2bb27240 0 0 1 0 0 3 1 50553 448
0x00007aca201202c0 0x0000000d2bb272c0 0 0 1 0 0 3 1 50553 456
0x00007aca20120340 0x0000000d2bb27340 0 1 1 0 0 3 1 50553 448
0x00007aca201203c0 0x0000000d2bb273c0 0 1 1 0 0 3 1 50553 456
0x00007aca20120440 0x0000000d2bb27440 0 0 0 0 0 3 1 50553 464
0x00007aca201204c0 0x0000000d2bb274c0 0 0 0 0 0 3 1 50553 472
0x00007aca20120540 0x0000000d2bb27540 0 1 0 0 0 3 1 50553 464
0x00007aca201205c0 0x0000000d2bb275c0 0 1 0 0 0 3 1 50553 472
0x00007aca20120640 0x0000000d2bb27640 0 0 1 0 0 3 1 50553 464
0x00007aca201206c0 0x0000000d2bb276c0 0 0 1 0 0 3 1 50553 472
0x00007aca20120740 0x0000000d2bb27740 0 1 1 0 0 3 1 50553 464
0x00007aca201207c0 0x0000000d2bb277c0 0 1 1 0 0 3 1 50553 472
0x00007aca20120840 0x0000000d2bb27840 0 0 0 0 0 3 1 50553 480
0x00007aca201208c0 0x0000000d2bb278c0 0 0 0 0 0 3 1 50553 488
0x00007aca20120940 0x0000000d2bb27940 0 1 0 0 0 3 1 50553 480
0x00007aca201209c0 0x0000000d2bb279c0 0 1 0 0 0 3 1 50553 488
0x00007aca20120a40 0x0000000d2bb27a40 0 0 1 0 0 3 1 50553 480
0x00007aca20120ac0 0x0000000d2bb27ac0 0 0 1 0 0 3 1 50553 488
0x00007aca20120b40 0x0000000d2bb27b40 0 1 1 0 0 3 1 50553 480
0x00007aca20120bc0 0x0000000d2bb27bc0 0 1 1 0 0 3 1 50553 488
0x00007aca20120c40 0x0000000d2bb27c40 0 0 0 0 0 3 1 50553 496
0x00007aca20120cc0 0x0000000d2bb27cc0 0 0 0 0 0 3 1 50553 504
0x00007aca20120d40 0x0000000d2bb27d40 0 1 0 0 0 3 1 50553 496
0x00007aca20120dc0 0x0000000d2bb27dc0 0 1 0 0 0 3 1 50553 504
0x00007aca20120e40 0x0000000d2bb27e40 0 0 1 0 0 3 1 50553 496
0x00007aca20120ec0 0x0000000d2bb27ec0 0 0 1 0 0 3 1 50553 504
0x00007aca20120f40 0x0000000d2bb27f40 0 1 1 0 0 3 1 50553 496
0x00007aca20120fc0 0x0000000d2bb27fc0 0 1 1 0 0 3 1 50553 504
0x00007aca20135040 0x0000000a79b8b040 0 0 0 0 1 3 1 40764 192
0x00007aca201350c0 0x0000000a79b8b0c0 0 0 0 0 1 3 1 40764 200
0x00007aca20135140 0x0000000a79b8b140 0 1 0 0 1 3 1 40764 192
0x00007aca201351c0 0x0000000a79b8b1c0 0 1 0 0 1 3 1 40764 200
0x00007aca20135240 0x0000000a79b8b240 0 0 1 0 1 3 1 40764 192
0x00007aca201352c0 0x0000000a79b8b2c0 0 0 1 0 1 3 1 40764 200
0x00007aca20135340 0x0000000a79b8b340 0 1 1 0 1 3 1 40764 192
0x00007aca201353c0 0x0000000a79b8b3c0 0 1 1 0 1 3 1 40764 200
0x00007aca20135440 0x0000000a79b8b440 0 0 0 0 1 3 1 40764 208
0x00007aca201354c0 0x0000000a79b8b4c0 0 0 0 0 1 3 1 40764 216
0x00007aca20135540 0x0000000a79b8b540 0 1 0 0 1 3 1 40764 208
0x00007aca201355c0 0x0000000a79b8b5c0 0 1 0 0 1 3 1 40764 216
0x00007aca20135640 0x0000000a79b8b640 0 0 1 0 1 3 1 40764 208
0x00007aca201356c0 0x0000000a79b8b6c0 0 0 1 0 1 3 1 40764 216
0x00007aca20135740 0x0000000a79b8b740 0 1 1 0 1 3 1 40764 208
0x00007aca201357c0 0x0000000a79b8b7c0 0 1 1 0 1 3 1 40764 216
0x00007aca20135840 0x0000000a79b8b840 0 0 0 0 1 3 1 40764 224
0x00007aca201358c0 0x0000000a79b8b8c0 0 0 0 0 1 3 1 40764 232
0x00007aca20135940 0x0000000a79b8b940 0 1 0 0 1 3 1 40764 224
0x00007aca201359c0 0x0000000a79b8b9c0 0 1 0 0 1 3 1 40764 232
0x00007aca20135a40 0x0000000a79b8ba40 0 0 1 0 1 3 1 40764 224
0x00007aca20135ac0 0x0000000a79b8bac0 0 0 1 0 1 3 1 40764 232
0x00007aca20135b40 0x0000000a79b8bb40 0 1 1 0 1 3 1 40764 224
0x00007aca20135bc0 0x0000000a79b8bbc0 0 1 1 0 1 3 1 40764 232
0x00007aca20135c40 0x0000000a79b8bc40 0 0 0 0 1 3 1 40764 240
0x00007aca20135cc0 0x0000000a79b8bcc0 0 0 0 0 1 3 1 40764 248
0x00007aca20135d40 0x0000000a79b8bd40 0 1 0 0 1 3 1 40764 240
0x00007aca20135dc0 0x0000000a79b8bdc0 0 1 0 0 1 3 1 40764 248
0x00007aca20135e40 0x0000000a79b8be40 0 0 1 0 1 3 1 40764 240
0x00007aca20135ec0 0x0000000a79b8bec0 0 0 1 0 1 3 1 40764 248
0x00007aca20135f40 0x0000000a79b8bf40 0 1 1 0 1 3 1 40764 240
0x00007aca20135fc0 0x0000000a79b8bfc0 0 1 1 0 1 3 1 40764 248
0x00007aca20137040 0x00000007e5ba9040 0 0 0 0 1 3 1 31917 64
0x00007aca201370c0 0x00000007e5ba90c0 0 0 0 0 1 3 1 31917 72
0x00007aca20137140 0x00000007e5ba9140 0 1 0 0 1 3 1 31917 64
0x00007aca201371c0 0x00000007e5ba91c0 0 1 0 0 1 3 1 31917 72
0x00007aca20137240 0x00000007e5ba9240 0 0 1 0 1 3 1 31917 64
0x00007aca201372c0 0x00000007e5ba92c0 0 0 1 0 1 3 1 31917 72
0x00007aca20137340 0x00000007e5ba9340 0 1 1 0 1 3 1 31917 64
0x00007aca201373c0 0x00000007e5ba93c0 0 1 1 0 1 3 1 31917 72
0x00007aca20137440 0x00000007e5ba9440 0 0 0 0 1 3 1 31917 80
0x00007aca201374c0 0x00000007e5ba94c0 0 0 0 0 1 3 1 31917 88
0x00007aca20137540 0x00000007e5ba9540 0 1 0 0 1 3 1 31917 80
0x00007aca201375c0 0x00000007e5ba95c0 0 1 0 0 1 3 1 31917 88
0x00007aca20137640 0x00000007e5ba9640 0 0 1 0 1 3 1 31917 80
0x00007aca201376c0 0x00000007e5ba96c0 0 0 1 0 1 3 1 31917 88
0x00007aca20137740 0x00000007e5ba9740 0 1 1 0 1 3 1 31917 80
0x00007aca201377c0 0x00000007e5ba97c0 0 1 1 0 1 3 1 31917 88
0x00007aca20137840 0x00000007e5ba9840 0 0 0 0 1 3 1 31917 96
0x00007aca201378c0 0x00000007e5ba98c0 0 0 0 0 1 3 1 31917 104
0x00007aca20137940 0x00000007e5ba9940 0 1 0 0 1 3 1 31917 96
0x00007aca201379c0 0x00000007e5ba99c0 0 1 0 0 1 3 1 31917 104
0x00007aca20137a40 0x00000007e5ba9a40 0 0 1 0 1 3 1 31917 96
0x00007aca20137ac0 0x00000007e5ba9ac0 0 0 1 0 1 3 1 31917 104
0x00007aca20137b40 0x00000007e5ba9b40 0 1 1 0 1 3 1 31917 96
0x00007aca20137bc0 0x00000007e5ba9bc0 0 1 1 0 1 3 1 31917 104
0x00007aca20137c40 0x00000007e5ba9c40 0 0 0 0 1 3 1 31917 112
0x00007aca20137cc0 0x00000007e5ba9cc0 0 0 0 0 1 3 1 31917 120
0x00007aca20137d40 0x00000007e5ba9d40 0 1 0 0 1 3 1 31917 112
0x00007aca20137dc0 0x00000007e5ba9dc0 0 1 0 0 1 3 1 31917 120
0x00007aca20137e40 0x00000007e5ba9e40 0 0 1 0 1 3 1 31917 112
0x00007aca20137ec0 0x00000007e5ba9ec0 0 0 1 0 1 3 1 31917 120
0x00007aca20137f40 0x00000007e5ba9f40 0 1 1 0 1 3 1 31917 112
0x00007aca20137fc0 0x00000007e5ba9fc0 0 1 1 0 1 3 1 31917 120
0x00007aca20139040 0x0000000dab383040 0 0 0 0 0 3 1 54628 192
0x00007aca201390c0 0x0000000dab3830c0 0 0 0 0 0 3 1 54628 200
0x00007aca20139140 0x0000000dab383140 0 1 0 0 0 3 1 54628 192
0x00007aca201391c0 0x0000000dab3831c0 0 1 0 0 0 3 1 54628 200
0x00007aca20139240 0x0000000dab383240 0 0 1 0 0 3 1 54628 192
0x00007aca201392c0 0x0000000dab3832c0 0 0 1 0 0 3 1 54628 200
0x00007aca20139340 0x0000000dab383340 0 1 1 0 0 3 1 54628 192
0x00007aca201393c0 0x0000000dab3833c0 0 1 1 0 0 3 1 54628 200
0x00007aca20139440 0x0000000dab383440 0 0 0 0 0 3 1 54628 208
0x00007aca201394c0 0x0000000dab3834c0 0 0 0 0 0 3 1 54628 216
0x00007aca20139540 0x0000000dab383540 0 1 0 0 0 3 1 54628 208
0x00007aca201395c0 0x0000000dab3835c0 0 1 0 0 0 3 1 54628 216
0x00007aca20139640 0x0000000dab383640 0 0 1 0 0 3 1 54628 208
0x00007aca201396c0 0x0000000dab3836c0 0 0 1 0 0 3 1 54628 216
0x00007aca20139740 0x0000000dab383740 0 1 1 0 0 3 1 54628 208
0x00007aca201397c0 0x0000000dab3837c0 0 1 1 0 0 3 1 54628 216
0x00007aca20139840 0x0000000dab383840 0 0 0 0 0 3 1 54628 224
0x00007aca201398c0 0x0000000dab3838c0 0 0 0 0 0 3 1 54628 232
0x00007aca20139940 0x0000000dab383940 0 1 0 0 0 3 1 54628 224
0x00007aca201399c0 0x0000000dab3839c0 0 1 0 0 0 3 1 54628 232
0x00007aca20139a40 0x0000000dab383a40 0 0 1 0 0 3 1 54628 224
0x00007aca20139ac0 0x0000000dab383ac0 0 0 1 0 0 3 1 54628 232
0x00007aca20139b40 0x0000000dab383b40 0 1 1 0 0 3 1 54628 224
0x00007aca20139bc0 0x0000000dab383bc0 0 1 1 0 0 3 1 54628 232
0x00007aca20139c40 0x0000000dab383c40 0 0 0 0 0 3 1 54628 240
0x00007aca20139cc0 0x0000000dab383cc0 0 0 0 0 0 3 1 54628 248
0x00007aca20139d40 0x0000000dab383d40 0 1 0 0 0 3 1 54628 240
0x00007aca20139dc0 0x0000000dab383dc0 0 1 0 0 0 3 1 54628 248
0x00007aca20139e40 0x0000000dab383e40 0 0 1 0 0 3 1 54628 240
0x00007aca20139ec0 0x0000000dab383ec0 0 0 1 0 0 3 1 54628 248
0x00007aca20139f40 0x0000000dab383f40 0 1 1 0 0 3 1 54628 240
0x00007aca20139fc0 0x0000000dab383fc0 0 1 1 0 0 3 1 54628 248
0x00007aca2013a040 0x0000000e9233e040 0 0 0 0 1 3 1 57921 896
0x00007aca2013a0c0 0x0000000e9233e0c0 0 0 0 0 1 3 1 57921 904
0x00007aca2013a140 0x0000000e9233e140 0 1 0 0 1 3 1 57921 896
0x00007aca2013a1c0 0x0000000e9233e1c0 0 1 0 0 1 3 1 57921 904
0x00007aca2013a240 0x0000000e9233e240 0 0 1 0 1 3 1 57921 896
0x00007aca2013a2c0 0x0000000e9233e2c0 0 0 1 0 1 3 1 57921 904
0x00007aca2013a340 0x0000000e9233e340 0 1 1 0 1 3 1 57921 896
0x00007aca2013a3c0 0x0000000e9233e3c0 0 1 1 0 1 3 1 57921 904
0x00007aca2013a440 0x0000000e9233e440 0 0 0 0 1 3 1 57921 912
0x00007aca2013a4c0 0x0000000e9233e4c0 0 0 0 0 1 3 1 57921 920
0x00007aca2013a540 0x0000000e9233e540 0 1 0 0 1 3 1 57921 912
0x00007aca2013a5c0 0x0000000e9233e5c0 0 1 0 0 1 3 1 57921 920
0x00007aca2013a640 0x0000000e9233e640 0 0 1 0 1 3 1 57921 912
0x00007aca2013a6c0 0x0000000e9233e6c0 0 0 1 0 1 3 1 57921 920
0x00007aca2013a740 0x0000000e9233e740 0 1 1 0 1 3 1 57921 912
0x00007aca2013a7c0 0x0000000e9233e7c0 0 1 1 0 1 3 1 57921 920
0x00007aca2013a840 0x0000000e9233e840 0 0 0 0 1 3 1 57921 928
0x00007aca2013a8c0 0x0000000e9233e8c0 0 0 0 0 1 3 1 57921 936
0x00007aca2013a940 0x0000000e9233e940 0 1 0 0 1 3 1 57921 928
0x00007aca2013a9c0 0x0000000e9233e9c0 0 1 0 0 1 3 1 57921 936
0x00007aca2013aa40 0x0000000e9233ea40 0 0 1 0 1 3 1 57921 928
0x00007aca2013aac0 0x0000000e9233eac0 0 0 1 0 1 3 1 57921 936
0x00007aca2013ab40 0x0000000e9233eb40 0 1 1 0 1 3 1 57921 928
0x00007aca2013abc0 0x0000000e9233ebc0 0 1 1 0 1 3 1 57921 936
0x00007aca2013ac40 0x0000000e9233ec40 0 0 0 0 1 3 1 57921 944
0x00007aca2013acc0 0x0000000e9233ecc0 0 0 0 0 1 3 1 57921 952
0x00007aca2013ad40 0x0000000e9233ed40 0 1 0 0 1 3 1 57921 944
0x00007aca2013adc0 0x0000000e9233edc0 0 1 0 0 1 3 1 57921 952
0x00007aca2013ae40 0x0000000e9233ee40 0 0 1 0 1 3 1 57921 944
0x00007aca2013aec0 0x0000000e9233eec0 0 0 1 0 1 3 1 57921 952
0x00007aca2013af40 0x0000000e9233ef40 0 1 1 0 1 3 1 57921 944
0x00007aca2013afc0 0x0000000e9233efc0 0 1 1 0 1 3 1 57921 952
0x00007aca2013b040 0x0000000dab386040 0 0 0 0 0 3 1 54628 384
0x00007aca2013b0c0 0x0000000dab3860c0 0 0 0 0 0 3 1 54628 392
0x00007aca2013b140 0x0000000dab386140 0 1 0 0 0 3 1 54628 384
0x00007aca2013b1c0 0x0000000dab3861c0 0 1 0 0 0 3 1 54628 392
0x00007aca2013b240 0x0000000dab386240 0 0 1 0 0 3 1 54628 384
0x00007aca2013b2c0 0x0000000dab3862c0 0 0 1 0 0 3 1 54628 392
0x00007aca2013b340 0x0000000dab386340 0 1 1 0 0 3 1 54628 384
0x00007aca2013b3c0 0x0000000dab3863c0 0 1 1 0 0 3 1 54628 392
0x00007aca2013b440 0x0000000dab386440 0 0 0 0 0 3 1 54628 400
0x00007aca2013b4c0 0x0000000dab3864c0 0 0 0 0 0 3 1 54628 408
0x00007aca2013b540 0x0000000dab386540 0 1 0 0 0 3 1 54628 400
0x00007aca2013b5c0 0x0000000dab3865c0 0 1 0 0 0 3 1 54628 408
0x00007aca2013b640 0x0000000dab386640 0 0 1 0 0 3 1 54628 400
0x00007aca2013b6c0 0x0000000dab3866c0 0 0 1 0 0 3 1 54628 408
0x00007aca2013b740 0x0000000dab386740 0 1 1 0 0 3 1 54628 400
0x00007aca2013b7c0 0x0000000dab3867c0 0 1 1 0 0 3 1 54628 408
0x00007aca2013b840 0x0000000dab386840 0 0 0 0 0 3 1 54628 416
0x00007aca2013b8c0 0x0000000dab3868c0 0 0 0 0 0 3 1 54628 424
0x00007aca2013b940 0x0000000dab386940 0 1 0 0 0 3 1 54628 416
0x00007aca2013b9c0 0x0000000dab3869c0 0 1 0 0 0 3 1 54628 424
0x00007aca2013ba40 0x0000000dab386a40 0 0 1 0 0 3 1 54628 416
0x00007aca2013bac0 0x0000000dab386ac0 0 0 1 0 0 3 1 54628 424
0x00007aca2013bb40 0x0000000dab386b40 0 1 1 0 0 3 1 54628 416
0x00007aca2013bbc0 0x0000000dab386bc0 0 1 1 0 0 3 1 54628 424
0x00007aca2013bc40 0x0000000dab386c40 0 0 0 0 0 3 1 54628 432
0x00007aca2013bcc0 0x0000000dab386cc0 0 0 0 0 0 3 1 54628 440
0x00007aca2013bd40 0x0000000dab386d40 0 1 0 0 0 3 1 54628 432
0x00007aca2013bdc0 0x0000000dab386dc0 0 1 0 0 0 3 1 54628 440
0x00007aca2013be40 0x0000000dab386e40 0 0 1 0 0 3 1 54628 432
0x00007aca2013bec0 0x0000000dab386ec0 0 0 1 0 0 3 1 54628 440
0x00007aca2013bf40 0x0000000dab386f40 0 1 1 0 0 3 1 54628 432
0x00007aca2013bfc0 0x0000000dab386fc0 0 1 1 0 0 3 1 54628 440
0x00007aca2013e040 0x0000000b0bb06040 0 0 0 0 0 3 1 41336 384
0x00007aca2013e0c0 0x0000000b0bb060c0 0 0 0 0 0 3 1 41336 392
0x00007aca2013e140 0x0000000b0bb06140 0 1 0 0 0 3 1 41336 384
0x00007aca2013e1c0 0x0000000b0bb061c0 0 1 0 0 0 3 1 41336 392
0x00007aca2013e240 0x0000000b0bb06240 0 0 1 0 0 3 1 41336 384
0x00007aca2013e2c0 0x0000000b0bb062c0 0 0 1 0 0 3 1 41336 392
0x00007aca2013e340 0x0000000b0bb06340 0 1 1 0 0 3 1 41336 384
0x00007aca2013e3c0 0x0000000b0bb063c0 0 1 1 0 0 3 1 41336 392
0x00007aca2013e440 0x0000000b0bb06440 0 0 0 0 0 3 1 41336 400
0x00007aca2013e4c0 0x0000000b0bb064c0 0 0 0 0 0 3 1 41336 408
0x00007aca2013e540 0x0000000b0bb06540 0 1 0 0 0 3 1 41336 400
0x00007aca2013e5c0 0x0000000b0bb065c0 0 1 0 0 0 3 1 41336 408
0x00007aca2013e640 0x0000000b0bb06640 0 0 1 0 0 3 1 41336 400
0x00007aca2013e6c0 0x0000000b0bb066c0 0 0 1 0 0 3 1 41336 408
0x00007aca2013e740 0x0000000b0bb06740 0 1 1 0 0 3 1 41336 400
0x00007aca2013e7c0 0x0000000b0bb067c0 0 1 1 0 0 3 1 41336 408
0x00007aca2013e840 0x0000000b0bb06840 0 0 0 0 0 3 1 41336 416
0x00007aca2013e8c0 0x0000000b0bb068c0 0 0 0 0 0 3 1 41336 424
0x00007aca2013e940 0x0000000b0bb06940 0 1 0 0 0 3 1 41336 416
0x00007aca2013e9c0 0x0000000b0bb069c0 0 1 0 0 0 3 1 41336 424
0x00007aca2013ea40 0x0000000b0bb06a40 0 0 1 0 0 3 1 41336 416
0x00007aca2013eac0 0x0000000b0bb06ac0 0 0 1 0 0 3 1 41336 424
0x00007aca2013eb40 0x0000000b0bb06b40 0 1 1 0 0 3 1 41336 416
0x00007aca2013ebc0 0x0000000b0bb06bc0 0 1 1 0 0 3 1 41336 424
0x00007aca2013ec40 0x0000000b0bb06c40 0 0 0 0 0 3 1 41336 432
0x00007aca2013ecc0 0x0000000b0bb06cc0 0 0 0 0 0 3 1 41336 440
0x00007aca2013ed40 0x0000000b0bb06d40 0 1 0 0 0 3 1 41336 432
0x00007aca2013edc0 0x0000000b0bb06dc0 0 1 0 0 0 3 1 41336 440
0x00007aca2013ee40 0x0000000b0bb06e40 0 0 1 0 0 3 1 41336 432
0x00007aca2013eec0 0x0000000b0bb06ec0 0 0 1 0 0 3 1 41336 440
0x00007aca2013ef40 0x0000000b0bb06f40 0 1 1 0 0 3 1 41336 432
0x00007aca2013efc0 0x0000000b0bb06fc0 0 1 1 0 0 3 1 41336 440
0x00007aca2014a040 0x0000000dc73c1040 0 0 0 0 0 3 1 55526 64
0x00007aca2014a0c0 0x0000000dc73c10c0 0 0 0 0 0 3 1 55526 72
0x00007aca2014a140 0x0000000dc73c1140 0 1 0 0 0 3 1 55526 64
0x00007aca2014a1c0 0x0000000dc73c11c0 0 1 0 0 0 3 1 55526 72
0x00007aca2014a240 0x0000000dc73c1240 0 0 1 0 0 3 1 55526 64
0x00007aca2014a2c0 0x0000000dc73c12c0 0 0 1 0 0 3 1 55526 72
0x00007aca2014a340 0x0000000dc73c1340 0 1 1 0 0 3 1 55526 64
0x00007aca2014a3c0 0x0000000dc73c13c0 0 1 1 0 0 3 1 55526 72
0x00007aca2014a440 0x0000000dc73c1440 0 0 0 0 0 3 1 55526 80
0x00007aca2014a4c0 0x0000000dc73c14c0 0 0 0 0 0 3 1 55526 88
0x00007aca2014a540 0x0000000dc73c1540 0 1 0 0 0 3 1 55526 80
0x00007aca2014a5c0 0x0000000dc73c15c0 0 1 0 0 0 3 1 55526 88
0x00007aca2014a640 0x0000000dc73c1640 0 0 1 0 0 3 1 55526 80
0x00007aca2014a6c0 0x0000000dc73c16c0 0 0 1 0 0 3 1 55526 88
0x00007aca2014a740 0x0000000dc73c1740 0 1 1 0 0 3 1 55526 80
0x00007aca2014a7c0 0x0000000dc73c17c0 0 1 1 0 0 3 1 55526 88
0x00007aca2014a840 0x0000000dc73c1840 0 0 0 0 0 3 1 55526 96
0x00007aca2014a8c0 0x0000000dc73c18c0 0 0 0 0 0 3 1 55526 104
0x00007aca2014a940 0x0000000dc73c1940 0 1 0 0 0 3 1 55526 96
0x00007aca2014a9c0 0x0000000dc73c19c0 0 1 0 0 0 3 1 55526 104
0x00007aca2014aa40 0x0000000dc73c1a40 0 0 1 0 0 3 1 55526 96
0x00007aca2014aac0 0x0000000dc73c1ac0 0 0 1 0 0 3 1 55526 104
0x00007aca2014ab40 0x0000000dc73c1b40 0 1 1 0 0 3 1 55526 96
0x00007aca2014abc0 0x0000000dc73c1bc0 0 1 1 0 0 3 1 55526 104
0x00007aca2014ac40 0x0000000dc73c1c40 0 0 0 0 0 3 1 55526 112
0x00007aca2014acc0 0x0000000dc73c1cc0 0 0 0 0 0 3 1 55526 120
0x00007aca2014ad40 0x0000000dc73c1d40 0 1 0 0 0 3 1 55526 112
0x00007aca2014adc0 0x0000000dc73c1dc0 0 1 0 0 0 3 1 55526 120
0x00007aca2014ae40 0x0000000dc73c1e40 0 0 1 0 0 3 1 55526 112
0x00007aca2014aec0 0x0000000dc73c1ec0 0 0 1 0 0 3 1 55526 120
0x00007aca2014af40 0x0000000dc73c1f40 0 1 1 0 0 3 1 55526 112
0x00007aca2014afc0 0x0000000dc73c1fc0 0 1 1 0 0 3 1 55526 120
0x00007aca2015d040 0x0000000bd1315040 0 0 0 0 0 3 1 47648 832
0x00007aca2015d0c0 0x0000000bd13150c0 0 0 0 0 0 3 1 47648 840
0x00007aca2015d140 0x0000000bd1315140 0 1 0 0 0 3 1 47648 832
0x00007aca2015d1c0 0x0000000bd13151c0 0 1 0 0 0 3 1 47648 840
0x00007aca2015d240 0x0000000bd1315240 0 0 1 0 0 3 1 47648 832
0x00007aca2015d2c0 0x0000000bd13152c0 0 0 1 0 0 3 1 47648 840
0x00007aca2015d340 0x0000000bd1315340 0 1 1 0 0 3 1 47648 832
0x00007aca2015d3c0 0x0000000bd13153c0 0 1 1 0 0 3 1 47648 840
0x00007aca2015d440 0x0000000bd1315440 0 0 0 0 0 3 1 47648 848
0x00007aca2015d4c0 0x0000000bd13154c0 0 0 0 0 0 3 1 47648 856
0x00007aca2015d540 0x0000000bd1315540 0 1 0 0 0 3 1 47648 848
0x00007aca2015d5c0 0x0000000bd13155c0 0 1 0 0 0 3 1 47648 856
0x00007aca2015d640 0x0000000bd1315640 0 0 1 0 0 3 1 47648 848
0x00007aca2015d6c0 0x0000000bd13156c0 0 0 1 0 0 3 1 47648 856
0x00007aca2015d740 0x0000000bd1315740 0 1 1 0 0 3 1 47648 848
0x00007aca2015d7c0 0x0000000bd13157c0 0 1 1 0 0 3 1 47648 856
0x00007aca2015d840 0x0000000bd1315840 0 0 0 0 0 3 1 47648 864
0x00007aca2015d8c0 0x0000000bd13158c0 0 0 0 0 0 3 1 47648 872
0x00007aca2015d940 0x0000000bd1315940 0 1 0 0 0 3 1 47648 864
0x00007aca2015d9c0 0x0000000bd13159c0 0 1 0 0 0 3 1 47648 872
0x00007aca2015da40 0x0000000bd1315a40 0 0 1 0 0 3 1 47648 864
0x00007aca2015dac0 0x0000000bd1315ac0 0 0 1 0 0 3 1 47648 872
0x00007aca2015db40 0x0000000bd1315b40 0 1 1 0 0 3 1 47648 864
0x00007aca2015dbc0 0x0000000bd1315bc0 0 1 1 0 0 3 1 47648 872
0x00007aca2015dc40 0x0000000bd1315c40 0 0 0 0 0 3 1 47648 880
0x00007aca2015dcc0 0x0000000bd1315cc0 0 0 0 0 0 3 1 47648 888
0x00007aca2015dd40 0x0000000bd1315d40 0 1 0 0 0 3 1 47648 880
0x00007aca2015ddc0 0x0000000bd1315dc0 0 1 0 0 0 3 1 47648 888
0x00007aca2015de40 0x0000000bd1315e40 0 0 1 0 0 3 1 47648 880
0x00007aca2015dec0 0x0000000bd1315ec0 0 0 1 0 0 3 1 47648 888
0x00007aca2015df40 0x0000000bd1315f40 0 1 1 0 0 3 1 47648 880
0x00007aca2015dfc0 0x0000000bd1315fc0 0 1 1 0 0 3 1 47648 888
0x00007aca20162040 0x00000007cb3f6040 0 0 0 0 0 3 1 31079 896
0x00007aca201620c0 0x00000007cb3f60c0 0 0 0 0 0 3 1 31079 904
0x00007aca20162140 0x00000007cb3f6140 0 1 0 0 0 3 1 31079 896
0x00007aca201621c0 0x00000007cb3f61c0 0 1 0 0 0 3 1 31079 904
0x00007aca20162240 0x00000007cb3f6240 0 0 1 0 0 3 1 31079 896
0x00007aca201622c0 0x00000007cb3f62c0 0 0 1 0 0 3 1 31079 904
0x00007aca20162340 0x00000007cb3f6340 0 1 1 0 0 3 1 31079 896
0x00007aca201623c0 0x00000007cb3f63c0 0 1 1 0 0 3 1 31079 904
0x00007aca20162440 0x00000007cb3f6440 0 0 0 0 0 3 1 31079 912
0x00007aca201624c0 0x00000007cb3f64c0 0 0 0 0 0 3 1 31079 920
0x00007aca20162540 0x00000007cb3f6540 0 1 0 0 0 3 1 31079 912
0x00007aca201625c0 0x00000007cb3f65c0 0 1 0 0 0 3 1 31079 920
0x00007aca20162640 0x00000007cb3f6640 0 0 1 0 0 3 1 31079 912
0x00007aca201626c0 0x00000007cb3f66c0 0 0 1 0 0 3 1 31079 920
0x00007aca20162740 0x00000007cb3f6740 0 1 1 0 0 3 1 31079 912
0x00007aca201627c0 0x00000007cb3f67c0 0 1 1 0 0 3 1 31079 920
0x00007aca20162840 0x00000007cb3f6840 0 0 0 0 0 3 1 31079 928
0x00007aca201628c0 0x00000007cb3f68c0 0 0 0 0 0 3 1 31079 936
0x00007aca20162940 0x00000007cb3f6940 0 1 0 0 0 3 1 31079 928
0x00007aca201629c0 0x00000007cb3f69c0 0 1 0 0 0 3 1 31079 936
0x00007aca20162a40 0x00000007cb3f6a40 0 0 1 0 0 3 1 31079 928
0x00007aca20162ac0 0x00000007cb3f6ac0 0 0 1 0 0 3 1 31079 936
0x00007aca20162b40 0x00000007cb3f6b40 0 1 1 0 0 3 1 31079 928
0x00007aca20162bc0 0x00000007cb3f6bc0 0 1 1 0 0 3 1 31079 936
0x00007aca20162c40 0x00000007cb3f6c40 0 0 0 0 0 3 1 31079 944
0x00007aca20162cc0 0x00000007cb3f6cc0 0 0 0 0 0 3 1 31079 952
0x00007aca20162d40 0x00000007cb3f6d40 0 1 0 0 0 3 1 31079 944
0x00007aca20162dc0 0x00000007cb3f6dc0 0 1 0 0 0 3 1 31079 952
0x00007aca20162e40 0x00000007cb3f6e40 0 0 1 0 0 3 1 31079 944
0x00007aca20162ec0 0x00000007cb3f6ec0 0 0 1 0 0 3 1 31079 952
0x00007aca20162f40 0x00000007cb3f6f40 0 1 1 0 0 3 1 31079 944
0x00007aca20162fc0 0x00000007cb3f6fc0 0 1 1 0 0 3 1 31079 952
0x00007aca20165040 0x0000000cbb34f040 0 0 0 0 1 3 1 51042 448
0x00007aca201650c0 0x0000000cbb34f0c0 0 0 0 0 1 3 1 51042 456
0x00007aca20165140 0x0000000cbb34f140 0 1 0 0 1 3 1 51042 448
0x00007aca201651c0 0x0000000cbb34f1c0 0 1 0 0 1 3 1 51042 456
0x00007aca20165240 0x0000000cbb34f240 0 0 1 0 1 3 1 51042 448
0x00007aca201652c0 0x0000000cbb34f2c0 0 0 1 0 1 3 1 51042 456
0x00007aca20165340 0x0000000cbb34f340 0 1 1 0 1 3 1 51042 448
0x00007aca201653c0 0x0000000cbb34f3c0 0 1 1 0 1 3 1 51042 456
0x00007aca20165440 0x0000000cbb34f440 0 0 0 0 1 3 1 51042 464
0x00007aca201654c0 0x0000000cbb34f4c0 0 0 0 0 1 3 1 51042 472
0x00007aca20165540 0x0000000cbb34f540 0 1 0 0 1 3 1 51042 464
0x00007aca201655c0 0x0000000cbb34f5c0 0 1 0 0 1 3 1 51042 472
0x00007aca20165640 0x0000000cbb34f640 0 0 1 0 1 3 1 51042 464
0x00007aca201656c0 0x0000000cbb34f6c0 0 0 1 0 1 3 1 51042 472
0x00007aca20165740 0x0000000cbb34f740 0 1 1 0 1 3 1 51042 464
0x00007aca201657c0 0x0000000cbb34f7c0 0 1 1 0 1 3 1 51042 472
0x00007aca20165840 0x0000000cbb34f840 0 0 0 0 1 3 1 51042 480
0x00007aca201658c0 0x0000000cbb34f8c0 0 0 0 0 1 3 1 51042 488
0x00007aca20165940 0x0000000cbb34f940 0 1 0 0 1 3 1 51042 480
0x00007aca201659c0 0x0000000cbb34f9c0 0 1 0 0 1 3 1 51042 488
0x00007aca20165a40 0x0000000cbb34fa40 0 0 1 0 1 3 1 51042 480
0x00007aca20165ac0 0x0000000cbb34fac0 0 0 1 0 1 3 1 51042 488
0x00007aca20165b40 0x0000000cbb34fb40 0 1 1 0 1 3 1 51042 480
0x00007aca20165bc0 0x0000000cbb34fbc0 0 1 1 0 1 3 1 51042 488
0x00007aca20165c40 0x0000000cbb34fc40 0 0 0 0 1 3 1 51042 496
0x00007aca20165cc0 0x0000000cbb34fcc0 0 0 0 0 1 3 1 51042 504
0x00007aca20165d40 0x0000000cbb34fd40 0 1 0 0 1 3 1 51042 496
0x00007aca20165dc0 0x0000000cbb34fdc0 0 1 0 0 1 3 1 51042 504
0x00007aca20165e40 0x0000000cbb34fe40 0 0 1 0 1 3 1 51042 496
0x00007aca20165ec0 0x0000000cbb34fec0 0 0 1 0 1 3 1 51042 504
0x00007aca20165f40 0x0000000cbb34ff40 0 1 1 0 1 3 1 51042 496
0x00007aca20165fc0 0x0000000cbb34ffc0 0 1 1 0 1 3 1 51042 504
0x00007aca2016e040 0x0000000ac9367040 0 0 0 0 0 3 1 43299 448
0x00007aca2016e0c0 0x0000000ac93670c0 0 0 0 0 0 3 1 43299 456
0x00007aca2016e140 0x0000000ac9367140 0 1 0 0 0 3 1 43299 448
0x00007aca2016e1c0 0x0000000ac93671c0 0 1 0 0 0 3 1 43299 456
0x00007aca2016e240 0x0000000ac9367240 0 0 1 0 0 3 1 43299 448
0x00007aca2016e2c0 0x0000000ac93672c0 0 0 1 0 0 3 1 43299 456
0x00007aca2016e340 0x0000000ac9367340 0 1 1 0 0 3 1 43299 448
0x00007aca2016e3c0 0x0000000ac93673c0 0 1 1 0 0 3 1 43299 456
0x00007aca2016e440 0x0000000ac9367440 0 0 0 0 0 3 1 43299 464
0x00007aca2016e4c0 0x0000000ac93674c0 0 0 0 0 0 3 1 43299 472
0x00007aca2016e540 0x0000000ac9367540 0 1 0 0 0 3 1 43299 464
0x00007aca2016e5c0 0x0000000ac93675c0 0 1 0 0 0 3 1 43299 472
0x00007aca2016e640 0x0000000ac9367640 0 0 1 0 0 3 1 43299 464
0x00007aca2016e6c0 0x0000000ac93676c0 0 0 1 0 0 3 1 43299 472
0x00007aca2016e740 0x0000000ac9367740 0 1 1 0 0 3 1 43299 464
0x00007aca2016e7c0 0x0000000ac93677c0 0 1 1 0 0 3 1 43299 472
0x00007aca2016e840 0x0000000ac9367840 0 0 0 0 0 3 1 43299 480
0x00007aca2016e8c0 0x0000000ac93678c0 0 0 0 0 0 3 1 43299 488
0x00007aca2016e940 0x0000000ac9367940 0 1 0 0 0 3 1 43299 480
0x00007aca2016e9c0 0x0000000ac93679c0 0 1 0 0 0 3 1 43299 488
0x00007aca2016ea40 0x0000000ac9367a40 0 0 1 0 0 3 1 43299 480
0x00007aca2016eac0 0x0000000ac9367ac0 0 0 1 0 0 3 1 43299 488
0x00007aca2016eb40 0x0000000ac9367b40 0 1 1 0 0 3 1 43299 480
0x00007aca2016ebc0 0x0000000ac9367bc0 0 1 1 0 0 3 1 43299 488
0x00007aca2016ec40 0x0000000ac9367c40 0 0 0 0 0 3 1 43299 496
0x00007aca2016ecc0 0x0000000ac9367cc0 0 0 0 0 0 3 1 43299 504
0x00007aca2016ed40 0x0000000ac9367d40 0 1 0 0 0 3 1 43299 496
0x00007aca2016edc0 0x0000000ac9367dc0 0 1 0 0 0 3 1 43299 504
0x00007aca2016ee40 0x0000000ac9367e40 0 0 1 0 0 3 1 43299 496
0x00007aca2016eec0 0x0000000ac9367ec0 0 0 1 0 0 3 1 43299 504
0x00007aca2016ef40 0x0000000ac9367f40 0 1 1 0 0 3 1 43299 496
0x00007aca2016efc0 0x0000000ac9367fc0 0 1 1 0 0 3 1 43299 504
0x00007aca20175040 0x0000000e99bab040 0 0 0 0 1 3 1 58157 192
0x00007aca201750c0 0x0000000e99bab0c0 0 0 0 0 1 3 1 58157 200
0x00007aca20175140 0x0000000e99bab140 0 1 0 0 1 3 1 58157 192
0x00007aca201751c0 0x0000000e99bab1c0 0 1 0 0 1 3 1 58157 200
0x00007aca20175240 0x0000000e99bab240 0 0 1 0 1 3 1 58157 192
0x00007aca201752c0 0x0000000e99bab2c0 0 0 1 0 1 3 1 58157 200
0x00007aca20175340 0x0000000e99bab340 0 1 1 0 1 3 1 58157 192
0x00007aca201753c0 0x0000000e99bab3c0 0 1 1 0 1 3 1 58157 200
0x00007aca20175440 0x0000000e99bab440 0 0 0 0 1 3 1 58157 208
0x00007aca201754c0 0x0000000e99bab4c0 0 0 0 0 1 3 1 58157 216
0x00007aca20175540 0x0000000e99bab540 0 1 0 0 1 3 1 58157 208
0x00007aca201755c0 0x0000000e99bab5c0 0 1 0 0 1 3 1 58157 216
0x00007aca20175640 0x0000000e99bab640 0 0 1 0 1 3 1 58157 208
0x00007aca201756c0 0x0000000e99bab6c0 0 0 1 0 1 3 1 58157 216
0x00007aca20175740 0x0000000e99bab740 0 1 1 0 1 3 1 58157 208
0x00007aca201757c0 0x0000000e99bab7c0 0 1 1 0 1 3 1 58157 216
0x00007aca20175840 0x0000000e99bab840 0 0 0 0 1 3 1 58157 224
0x00007aca201758c0 0x0000000e99bab8c0 0 0 0 0 1 3 1 58157 232
0x00007aca20175940 0x0000000e99bab940 0 1 0 0 1 3 1 58157 224
0x00007aca201759c0 0x0000000e99bab9c0 0 1 0 0 1 3 1 58157 232
0x00007aca20175a40 0x0000000e99baba40 0 0 1 0 1 3 1 58157 224
0x00007aca20175ac0 0x0000000e99babac0 0 0 1 0 1 3 1 58157 232
0x00007aca20175b40 0x0000000e99babb40 0 1 1 0 1 3 1 58157 224
0x00007aca20175bc0 0x0000000e99babbc0 0 1 1 0 1 3 1 58157 232
0x00007aca20175c40 0x0000000e99babc40 0 0 0 0 1 3 1 58157 240
0x00007aca20175cc0 0x0000000e99babcc0 0 0 0 0 1 3 1 58157 248
0x00007aca20175d40 0x0000000e99babd40 0 1 0 0 1 3 1 58157 240
0x00007aca20175dc0 0x0000000e99babdc0 0 1 0 0 1 3 1 58157 248
0x00007aca20175e40 0x0000000e99babe40 0 0 1 0 1 3 1 58157 240
0x00007aca20175ec0 0x0000000e99babec0 0 0 1 0 1 3 1 58157 248
0x00007aca20175f40 0x0000000e99babf40 0 1 1 0 1 3 1 58157 240
0x00007aca20175fc0 0x0000000e99babfc0 0 1 1 0 1 3 1 58157 248
0x00007aca2017d040 0x0000000b96351040 0 0 0 0 0 3 1 45762 576
0x00007aca2017d0c0 0x0000000b963510c0 0 0 0 0 0 3 1 45762 584
0x00007aca2017d140 0x0000000b96351140 0 1 0 0 0 3 1 45762 576
0x00007aca2017d1c0 0x0000000b963511c0 0 1 0 0 0 3 1 45762 584
0x00007aca2017d240 0x0000000b96351240 0 0 1 0 0 3 1 45762 576
0x00007aca2017d2c0 0x0000000b963512c0 0 0 1 0 0 3 1 45762 584
0x00007aca2017d340 0x0000000b96351340 0 1 1 0 0 3 1 45762 576
0x00007aca2017d3c0 0x0000000b963513c0 0 1 1 0 0 3 1 45762 584
0x00007aca2017d440 0x0000000b96351440 0 0 0 0 0 3 1 45762 592
0x00007aca2017d4c0 0x0000000b963514c0 0 0 0 0 0 3 1 45762 600
0x00007aca2017d540 0x0000000b96351540 0 1 0 0 0 3 1 45762 592
0x00007aca2017d5c0 0x0000000b963515c0 0 1 0 0 0 3 1 45762 600
0x00007aca2017d640 0x0000000b96351640 0 0 1 0 0 3 1 45762 592
0x00007aca2017d6c0 0x0000000b963516c0 0 0 1 0 0 3 1 45762 600
0x00007aca2017d740 0x0000000b96351740 0 1 1 0 0 3 1 45762 592
0x00007aca2017d7c0 0x0000000b963517c0 0 1 1 0 0 3 1 45762 600
0x00007aca2017d840 0x0000000b96351840 0 0 0 0 0 3 1 45762 608
0x00007aca2017d8c0 0x0000000b963518c0 0 0 0 0 0 3 1 45762 616
0x00007aca2017d940 0x0000000b96351940 0 1 0 0 0 3 1 45762 608
0x00007aca2017d9c0 0x0000000b963519c0 0 1 0 0 0 3 1 45762 616
0x00007aca2017da40 0x0000000b96351a40 0 0 1 0 0 3 1 45762 608
0x00007aca2017dac0 0x0000000b96351ac0 0 0 1 0 0 3 1 45762 616
0x00007aca2017db40 0x0000000b96351b40 0 1 1 0 0 3 1 45762 608
0x00007aca2017dbc0 0x0000000b96351bc0 0 1 1 0 0 3 1 45762 616
0x00007aca2017dc40 0x0000000b96351c40 0 0 0 0 0 3 1 45762 624
0x00007aca2017dcc0 0x0000000b96351cc0 0 0 0 0 0 3 1 45762 632
0x00007aca2017dd40 0x0000000b96351d40 0 1 0 0 0 3 1 45762 624
0x00007aca2017ddc0 0x0000000b96351dc0 0 1 0 0 0 3 1 45762 632
0x00007aca2017de40 0x0000000b96351e40 0 0 1 0 0 3 1 45762 624
0x00007aca2017dec0 0x0000000b96351ec0 0 0 1 0 0 3 1 45762 632
0x00007aca2017df40 0x0000000b96351f40 0 1 1 0 0 3 1 45762 624
0x00007aca2017dfc0 0x0000000b96351fc0 0 1 1 0 0 3 1 45762 632
0x00007aca20184040 0x0000000df53d9040 0 0 0 0 1 3 1 56998 576
0x00007aca201840c0 0x0000000df53d90c0 0 0 0 0 1 3 1 56998 584
0x00007aca20184140 0x0000000df53d9140 0 1 0 0 1 3 1 56998 576
0x00007aca201841c0 0x0000000df53d91c0 0 1 0 0 1 3 1 56998 584
0x00007aca20184240 0x0000000df53d9240 0 0 1 0 1 3 1 56998 576
0x00007aca201842c0 0x0000000df53d92c0 0 0 1 0 1 3 1 56998 584
0x00007aca20184340 0x0000000df53d9340 0 1 1 0 1 3 1 56998 576
0x00007aca201843c0 0x0000000df53d93c0 0 1 1 0 1 3 1 56998 584
0x00007aca20184440 0x0000000df53d9440 0 0 0 0 1 3 1 56998 592
0x00007aca201844c0 0x0000000df53d94c0 0 0 0 0 1 3 1 56998 600
0x00007aca20184540 0x0000000df53d9540 0 1 0 0 1 3 1 56998 592
0x00007aca201845c0 0x0000000df53d95c0 0 1 0 0 1 3 1 56998 600
0x00007aca20184640 0x0000000df53d9640 0 0 1 0 1 3 1 56998 592
0x00007aca201846c0 0x0000000df53d96c0 0 0 1 0 1 3 1 56998 600
0x00007aca20184740 0x0000000df53d9740 0 1 1 0 1 3 1 56998 592
0x00007aca201847c0 0x0000000df53d97c0 0 1 1 0 1 3 1 56998 600
0x00007aca20184840 0x0000000df53d9840 0 0 0 0 1 3 1 56998 608
0x00007aca201848c0 0x0000000df53d98c0 0 0 0 0 1 3 1 56998 616
0x00007aca20184940 0x0000000df53d9940 0 1 0 0 1 3 1 56998 608
0x00007aca201849c0 0x0000000df53d99c0 0 1 0 0 1 3 1 56998 616
0x00007aca20184a40 0x0000000df53d9a40 0 0 1 0 1 3 1 56998 608
0x00007aca20184ac0 0x0000000df53d9ac0 0 0 1 0 1 3 1 56998 616
0x00007aca20184b40 0x0000000df53d9b40 0 1 1 0 1 3 1 56998 608
0x00007aca20184bc0 0x0000000df53d9bc0 0 1 1 0 1 3 1 56998 616
0x00007aca20184c40 0x0000000df53d9c40 0 0 0 0 1 3 1 56998 624
0x00007aca20184cc0 0x0000000df53d9cc0 0 0 0 0 1 3 1 56998 632
0x00007aca20184d40 0x0000000df53d9d40 0 1 0 0 1 3 1 56998 624
0x00007aca20184dc0 0x0000000df53d9dc0 0 1 0 0 1 3 1 56998 632
0x00007aca20184e40 0x0000000df53d9e40 0 0 1 0 1 3 1 56998 624
0x00007aca20184ec0 0x0000000df53d9ec0 0 0 1 0 1 3 1 56998 632
0x00007aca20184f40 0x0000000df53d9f40 0 1 1 0 1 3 1 56998 624
0x00007aca20184fc0 0x0000000df53d9fc0 0 1 1 0 1 3 1 56998 632
0x00007aca20185040 0x0000000ce8bf7040 0 0 0 0 0 3 1 52495 960
0x00007aca201850c0 0x0000000ce8bf70c0 0 0 0 0 0 3 1 52495 968
0x00007aca20185140 0x0000000ce8bf7140 0 1 0 0 0 3 1 52495 960
0x00007aca201851c0 0x0000000ce8bf71c0 0 1 0 0 0 3 1 52495 968
0x00007aca20185240 0x0000000ce8bf7240 0 0 1 0 0 3 1 52495 960
0x00007aca201852c0 0x0000000ce8bf72c0 0 0 1 0 0 3 1 52495 968
0x00007aca20185340 0x0000000ce8bf7340 0 1 1 0 0 3 1 52495 960
0x00007aca201853c0 0x0000000ce8bf73c0 0 1 1 0 0 3 1 52495 968
0x00007aca20185440 0x0000000ce8bf7440 0 0 0 0 0 3 1 52495 976
0x00007aca201854c0 0x0000000ce8bf74c0 0 0 0 0 0 3 1 52495 984
0x00007aca20185540 0x0000000ce8bf7540 0 1 0 0 0 3 1 52495 976
0x00007aca201855c0 0x0000000ce8bf75c0 0 1 0 0 0 3 1 52495 984
0x00007aca20185640 0x0000000ce8bf7640 0 0 1 0 0 3 1 52495 976
0x00007aca201856c0 0x0000000ce8bf76c0 0 0 1 0 0 3 1 52495 984
0x00007aca20185740 0x0000000ce8bf7740 0 1 1 0 0 3 1 52495 976
0x00007aca201857c0 0x0000000ce8bf77c0 0 1 1 0 0 3 1 52495 984
0x00007aca20185840 0x0000000ce8bf7840 0 0 0 0 0 3 1 52495 992
0x00007aca201858c0 0x0000000ce8bf78c0 0 0 0 0 0 3 1 52495 1000
0x00007aca20185940 0x0000000ce8bf7940 0 1 0 0 0 3 1 52495 992
0x00007aca201859c0 0x0000000ce8bf79c0 0 1 0 0 0 3 1 52495 1000
0x00007aca20185a40 0x0000000ce8bf7a40 0 0 1 0 0 3 1 52495 992
0x00007aca20185ac0 0x0000000ce8bf7ac0 0 0 1 0 0 3 1 52495 1000
0x00007aca20185b40 0x0000000ce8bf7b40 0 1 1 0 0 3 1 52495 992
0x00007aca20185bc0 0x0000000ce8bf7bc0 0 1 1 0 0 3 1 52495 1000
0x00007aca20185c40 0x0000000ce8bf7c40 0 0 0 0 0 3 1 52495 1008
0x00007aca20185cc0 0x0000000ce8bf7cc0 0 0 0 0 0 3 1 52495 1016
0x00007aca20185d40 0x0000000ce8bf7d40 0 1 0 0 0 3 1 52495 1008
0x00007aca20185dc0 0x0000000ce8bf7dc0 0 1 0 0 0 3 1 52495 1016
0x00007aca20185e40 0x0000000ce8bf7e40 0 0 1 0 0 3 1 52495 1008
0x00007aca20185ec0 0x0000000ce8bf7ec0 0 0 1 0 0 3 1 52495 1016
0x00007aca20185f40 0x0000000ce8bf7f40 0 1 1 0 0 3 1 52495 1008
0x00007aca20185fc0 0x0000000ce8bf7fc0 0 1 1 0 0 3 1 52495 1016
0x00007aca20189040 0x00000003463f8040 0 0 0 0 1 3 1 10455 512
0x00007aca201890c0 0x00000003463f80c0 0 0 0 0 1 3 1 10455 520
0x00007aca20189140 0x00000003463f8140 0 1 0 0 1 3 1 10455 512
0x00007aca201891c0 0x00000003463f81c0 0 1 0 0 1 3 1 10455 520
0x00007aca20189240 0x00000003463f8240 0 0 1 0 1 3 1 10455 512
0x00007aca201892c0 0x00000003463f82c0 0 0 1 0 1 3 1 10455 520
0x00007aca20189340 0x00000003463f8340 0 1 1 0 1 3 1 10455 512
0x00007aca201893c0 0x00000003463f83c0 0 1 1 0 1 3 1 10455 520
0x00007aca20189440 0x00000003463f8440 0 0 0 0 1 3 1 10455 528
0x00007aca201894c0 0x00000003463f84c0 0 0 0 0 1 3 1 10455 536
0x00007aca20189540 0x00000003463f8540 0 1 0 0 1 3 1 10455 528
0x00007aca201895c0 0x00000003463f85c0 0 1 0 0 1 3 1 10455 536
0x00007aca20189640 0x00000003463f8640 0 0 1 0 1 3 1 10455 528
0x00007aca201896c0 0x00000003463f86c0 0 0 1 0 1 3 1 10455 536
0x00007aca20189740 0x00000003463f8740 0 1 1 0 1 3 1 10455 528
0x00007aca201897c0 0x00000003463f87c0 0 1 1 0 1 3 1 10455 536
0x00007aca20189840 0x00000003463f8840 0 0 0 0 1 3 1 10455 544
0x00007aca201898c0 0x00000003463f88c0 0 0 0 0 1 3 1 10455 552
0x00007aca20189940 0x00000003463f8940 0 1 0 0 1 3 1 10455 544
0x00007aca201899c0 0x00000003463f89c0 0 1 0 0 1 3 1 10455 552
0x00007aca20189a40 0x00000003463f8a40 0 0 1 0 1 3 1 10455 544
0x00007aca20189ac0 0x00000003463f8ac0 0 0 1 0 1 3 1 10455 552
0x00007aca20189b40 0x00000003463f8b40 0 1 1 0 1 3 1 10455 544
0x00007aca20189bc0 0x00000003463f8bc0 0 1 1 0 1 3 1 10455 552
0x00007aca20189c40 0x00000003463f8c40 0 0 0 0 1 3 1 10455 560
0x00007aca20189cc0 0x00000003463f8cc0 0 0 0 0 1 3 1 10455 568
0x00007aca20189d40 0x00000003463f8d40 0 1 0 0 1 3 1 10455 560
0x00007aca20189dc0 0x00000003463f8dc0 0 1 0 0 1 3 1 10455 568
0x00007aca20189e40 0x00000003463f8e40 0 0 1 0 1 3 1 10455 560
0x00007aca20189ec0 0x00000003463f8ec0 0 0 1 0 1 3 1 10455 568
0x00007aca20189f40 0x00000003463f8f40 0 1 1 0 1 3 1 10455 560
0x00007aca20189fc0 0x00000003463f8fc0 0 1 1 0 1 3 1 10455 568
0x00007aca20191040 0x0000000779b7d040 0 0 0 0 1 3 1 28475 832
0x00007aca201910c0 0x0000000779b7d0c0 0 0 0 0 1 3 1 28475 840
0x00007aca20191140 0x0000000779b7d140 0 1 0 0 1 3 1 28475 832
0x00007aca201911c0 0x0000000779b7d1c0 0 1 0 0 1 3 1 28475 840
0x00007aca20191240 0x0000000779b7d240 0 0 1 0 1 3 1 28475 832
0x00007aca201912c0 0x0000000779b7d2c0 0 0 1 0 1 3 1 28475 840
0x00007aca20191340 0x0000000779b7d340 0 1 1 0 1 3 1 28475 832
0x00007aca201913c0 0x0000000779b7d3c0 0 1 1 0 1 3 1 28475 840
0x00007aca20191440 0x0000000779b7d440 0 0 0 0 1 3 1 28475 848
0x00007aca201914c0 0x0000000779b7d4c0 0 0 0 0 1 3 1 28475 856
0x00007aca20191540 0x0000000779b7d540 0 1 0 0 1 3 1 28475 848
0x00007aca201915c0 0x0000000779b7d5c0 0 1 0 0 1 3 1 28475 856
0x00007aca20191640 0x0000000779b7d640 0 0 1 0 1 3 1 28475 848
0x00007aca201916c0 0x0000000779b7d6c0 0 0 1 0 1 3 1 28475 856
0x00007aca20191740 0x0000000779b7d740 0 1 1 0 1 3 1 28475 848
0x00007aca201917c0 0x0000000779b7d7c0 0 1 1 0 1 3 1 28475 856
0x00007aca20191840 0x0000000779b7d840 0 0 0 0 1 3 1 28475 864
0x00007aca201918c0 0x0000000779b7d8c0 0 0 0 0 1 3 1 28475 872
0x00007aca20191940 0x0000000779b7d940 0 1 0 0 1 3 1 28475 864
0x00007aca201919c0 0x0000000779b7d9c0 0 1 0 0 1 3 1 28475 872
0x00007aca20191a40 0x0000000779b7da40 0 0 1 0 1 3 1 28475 864
0x00007aca20191ac0 0x0000000779b7dac0 0 0 1 0 1 3 1 28475 872
0x00007aca20191b40 0x0000000779b7db40 0 1 1 0 1 3 1 28475 864
0x00007aca20191bc0 0x0000000779b7dbc0 0 1 1 0 1 3 1 28475 872
0x00007aca20191c40 0x0000000779b7dc40 0 0 0 0 1 3 1 28475 880
0x00007aca20191cc0 0x0000000779b7dcc0 0 0 0 0 1 3 1 28475 888
0x00007aca20191d40 0x0000000779b7dd40 0 1 0 0 1 3 1 28475 880
0x00007aca20191dc0 0x0000000779b7ddc0 0 1 0 0 1 3 1 28475 888
0x00007aca20191e40 0x0000000779b7de40 0 0 1 0 1 3 1 28475 880
0x00007aca20191ec0 0x0000000779b7dec0 0 0 1 0 1 3 1 28475 888
0x00007aca20191f40 0x0000000779b7df40 0 1 1 0 1 3 1 28475 880
0x00007aca20191fc0 0x0000000779b7dfc0 0 1 1 0 1 3 1 28475 888
0x00007aca20199040 0x0000000daf34f040 0 0 0 0 1 3 1 54754 448
0x00007aca201990c0 0x0000000daf34f0c0 0 0 0 0 1 3 1 54754 456
0x00007aca20199140 0x0000000daf34f140 0 1 0 0 1 3 1 54754 448
0x00007aca201991c0 0x0000000daf34f1c0 0 1 0 0 1 3 1 54754 456
0x00007aca20199240 0x0000000daf34f240 0 0 1 0 1 3 1 54754 448
0x00007aca201992c0 0x0000000daf34f2c0 0 0 1 0 1 3 1 54754 456
0x00007aca20199340 0x0000000daf34f340 0 1 1 0 1 3 1 54754 448
0x00007aca201993c0 0x0000000daf34f3c0 0 1 1 0 1 3 1 54754 456
0x00007aca20199440 0x0000000daf34f440 0 0 0 0 1 3 1 54754 464
0x00007aca201994c0 0x0000000daf34f4c0 0 0 0 0 1 3 1 54754 472
0x00007aca20199540 0x0000000daf34f540 0 1 0 0 1 3 1 54754 464
0x00007aca201995c0 0x0000000daf34f5c0 0 1 0 0 1 3 1 54754 472
0x00007aca20199640 0x0000000daf34f640 0 0 1 0 1 3 1 54754 464
0x00007aca201996c0 0x0000000daf34f6c0 0 0 1 0 1 3 1 54754 472
0x00007aca20199740 0x0000000daf34f740 0 1 1 0 1 3 1 54754 464
0x00007aca201997c0 0x0000000daf34f7c0 0 1 1 0 1 3 1 54754 472
0x00007aca20199840 0x0000000daf34f840 0 0 0 0 1 3 1 54754 480
0x00007aca201998c0 0x0000000daf34f8c0 0 0 0 0 1 3 1 54754 488
0x00007aca20199940 0x0000000daf34f940 0 1 0 0 1 3 1 54754 480
0x00007aca201999c0 0x0000000daf34f9c0 0 1 0 0 1 3 1 54754 488
0x00007aca20199a40 0x0000000daf34fa40 0 0 1 0 1 3 1 54754 480
0x00007aca20199ac0 0x0000000daf34fac0 0 0 1 0 1 3 1 54754 488
0x00007aca20199b40 0x0000000daf34fb40 0 1 1 0 1 3 1 54754 480
0x00007aca20199bc0 0x0000000daf34fbc0 0 1 1 0 1 3 1 54754 488
0x00007aca20199c40 0x0000000daf34fc40 0 0 0 0 1 3 1 54754 496
0x00007aca20199cc0 0x0000000daf34fcc0 0 0 0 0 1 3 1 54754 504
0x00007aca20199d40 0x0000000daf34fd40 0 1 0 0 1 3 1 54754 496
0x00007aca20199dc0 0x0000000daf34fdc0 0 1 0 0 1 3 1 54754 504
0x00007aca20199e40 0x0000000daf34fe40 0 0 1 0 1 3 1 54754 496
0x00007aca20199ec0 0x0000000daf34fec0 0 0 1 0 1 3 1 54754 504
0x00007aca20199f40 0x0000000daf34ff40 0 1 1 0 1 3 1 54754 496
0x00007aca20199fc0 0x0000000daf34ffc0 0 1 1 0 1 3 1 54754 504
0x00007aca201a1040 0x0000000833b3d040 0 0 0 0 1 3 1 30329 832
0x00007aca201a10c0 0x0000000833b3d0c0 0 0 0 0 1 3 1 30329 840
0x00007aca201a1140 0x0000000833b3d140 0 1 0 0 1 3 1 30329 832
0x00007aca201a11c0 0x0000000833b3d1c0 0 1 0 0 1 3 1 30329 840
0x00007aca201a1240 0x0000000833b3d240 0 0 1 0 1 3 1 30329 832
0x00007aca201a12c0 0x0000000833b3d2c0 0 0 1 0 1 3 1 30329 840
0x00007aca201a1340 0x0000000833b3d340 0 1 1 0 1 3 1 30329 832
0x00007aca201a13c0 0x0000000833b3d3c0 0 1 1 0 1 3 1 30329 840
0x00007aca201a1440 0x0000000833b3d440 0 0 0 0 1 3 1 30329 848
0x00007aca201a14c0 0x0000000833b3d4c0 0 0 0 0 1 3 1 30329 856
0x00007aca201a1540 0x0000000833b3d540 0 1 0 0 1 3 1 30329 848
0x00007aca201a15c0 0x0000000833b3d5c0 0 1 0 0 1 3 1 30329 856
0x00007aca201a1640 0x0000000833b3d640 0 0 1 0 1 3 1 30329 848
0x00007aca201a16c0 0x0000000833b3d6c0 0 0 1 0 1 3 1 30329 856
0x00007aca201a1740 0x0000000833b3d740 0 1 1 0 1 3 1 30329 848
0x00007aca201a17c0 0x0000000833b3d7c0 0 1 1 0 1 3 1 30329 856
0x00007aca201a1840 0x0000000833b3d840 0 0 0 0 1 3 1 30329 864
0x00007aca201a18c0 0x0000000833b3d8c0 0 0 0 0 1 3 1 30329 872
0x00007aca201a1940 0x0000000833b3d940 0 1 0 0 1 3 1 30329 864
0x00007aca201a19c0 0x0000000833b3d9c0 0 1 0 0 1 3 1 30329 872
0x00007aca201a1a40 0x0000000833b3da40 0 0 1 0 1 3 1 30329 864
0x00007aca201a1ac0 0x0000000833b3dac0 0 0 1 0 1 3 1 30329 872
0x00007aca201a1b40 0x0000000833b3db40 0 1 1 0 1 3 1 30329 864
0x00007aca201a1bc0 0x0000000833b3dbc0 0 1 1 0 1 3 1 30329 872
0x00007aca201a1c40 0x0000000833b3dc40 0 0 0 0 1 3 1 30329 880
0x00007aca201a1cc0 0x0000000833b3dcc0 0 0 0 0 1 3 1 30329 888
0x00007aca201a1d40 0x0000000833b3dd40 0 1 0 0 1 3 1 30329 880
0x00007aca201a1dc0 0x0000000833b3ddc0 0 1 0 0 1 3 1 30329 888
0x00007aca201a1e40 0x0000000833b3de40 0 0 1 0 1 3 1 30329 880
0x00007aca201a1ec0 0x0000000833b3dec0 0 0 1 0 1 3 1 30329 888
0x00007aca201a1f40 0x0000000833b3df40 0 1 1 0 1 3 1 30329 880
0x00007aca201a1fc0 0x0000000833b3dfc0 0 1 1 0 1 3 1 30329 888
0x00007aca201a3040 0x0000000a6fb6d040 0 0 0 0 1 3 1 40443 320
0x00007aca201a30c0 0x0000000a6fb6d0c0 0 0 0 0 1 3 1 40443 328
0x00007aca201a3140 0x0000000a6fb6d140 0 1 0 0 1 3 1 40443 320
0x00007aca201a31c0 0x0000000a6fb6d1c0 0 1 0 0 1 3 1 40443 328
0x00007aca201a3240 0x0000000a6fb6d240 0 0 1 0 1 3 1 40443 320
0x00007aca201a32c0 0x0000000a6fb6d2c0 0 0 1 0 1 3 1 40443 328
0x00007aca201a3340 0x0000000a6fb6d340 0 1 1 0 1 3 1 40443 320
0x00007aca201a33c0 0x0000000a6fb6d3c0 0 1 1 0 1 3 1 40443 328
0x00007aca201a3440 0x0000000a6fb6d440 0 0 0 0 1 3 1 40443 336
0x00007aca201a34c0 0x0000000a6fb6d4c0 0 0 0 0 1 3 1 40443 344
0x00007aca201a3540 0x0000000a6fb6d540 0 1 0 0 1 3 1 40443 336
0x00007aca201a35c0 0x0000000a6fb6d5c0 0 1 0 0 1 3 1 40443 344
0x00007aca201a3640 0x0000000a6fb6d640 0 0 1 0 1 3 1 40443 336
0x00007aca201a36c0 0x0000000a6fb6d6c0 0 0 1 0 1 3 1 40443 344
0x00007aca201a3740 0x0000000a6fb6d740 0 1 1 0 1 3 1 40443 336
0x00007aca201a37c0 0x0000000a6fb6d7c0 0 1 1 0 1 3 1 40443 344
0x00007aca201a3840 0x0000000a6fb6d840 0 0 0 0 1 3 1 40443 352
0x00007aca201a38c0 0x0000000a6fb6d8c0 0 0 0 0 1 3 1 40443 360
0x00007aca201a3940 0x0000000a6fb6d940 0 1 0 0 1 3 1 40443 352
0x00007aca201a39c0 0x0000000a6fb6d9c0 0 1 0 0 1 3 1 40443 360
0x00007aca201a3a40 0x0000000a6fb6da40 0 0 1 0 1 3 1 40443 352
0x00007aca201a3ac0 0x0000000a6fb6dac0 0 0 1 0 1 3 1 40443 360
0x00007aca201a3b40 0x0000000a6fb6db40 0 1 1 0 1 3 1 40443 352
0x00007aca201a3bc0 0x0000000a6fb6dbc0 0 1 1 0 1 3 1 40443 360
0x00007aca201a3c40 0x0000000a6fb6dc40 0 0 0 0 1 3 1 40443 368
0x00007aca201a3cc0 0x0000000a6fb6dcc0 0 0 0 0 1 3 1 40443 376
0x00007aca201a3d40 0x0000000a6fb6dd40 0 1 0 0 1 3 1 40443 368
0x00007aca201a3dc0 0x0000000a6fb6ddc0 0 1 0 0 1 3 1 40443 376
0x00007aca201a3e40 0x0000000a6fb6de40 0 0 1 0 1 3 1 40443 368
0x00007aca201a3ec0 0x0000000a6fb6dec0 0 0 1 0 1 3 1 40443 376
0x00007aca201a3f40 0x0000000a6fb6df40 0 1 1 0 1 3 1 40443 368
0x00007aca201a3fc0 0x0000000a6fb6dfc0 0 1 1 0 1 3 1 40443 376
0x00007aca201a6040 0x0000000c34b14040 0 0 0 0 0 3 1 46744 768
0x00007aca201a60c0 0x0000000c34b140c0 0 0 0 0 0 3 1 46744 776
0x00007aca201a6140 0x0000000c34b14140 0 1 0 0 0 3 1 46744 768
0x00007aca201a61c0 0x0000000c34b141c0 0 1 0 0 0 3 1 46744 776
0x00007aca201a6240 0x0000000c34b14240 0 0 1 0 0 3 1 46744 768
0x00007aca201a62c0 0x0000000c34b142c0 0 0 1 0 0 3 1 46744 776
0x00007aca201a6340 0x0000000c34b14340 0 1 1 0 0 3 1 46744 768
0x00007aca201a63c0 0x0000000c34b143c0 0 1 1 0 0 3 1 46744 776
0x00007aca201a6440 0x0000000c34b14440 0 0 0 0 0 3 1 46744 784
0x00007aca201a64c0 0x0000000c34b144c0 0 0 0 0 0 3 1 46744 792
0x00007aca201a6540 0x0000000c34b14540 0 1 0 0 0 3 1 46744 784
0x00007aca201a65c0 0x0000000c34b145c0 0 1 0 0 0 3 1 46744 792
0x00007aca201a6640 0x0000000c34b14640 0 0 1 0 0 3 1 46744 784
0x00007aca201a66c0 0x0000000c34b146c0 0 0 1 0 0 3 1 46744 792
0x00007aca201a6740 0x0000000c34b14740 0 1 1 0 0 3 1 46744 784
0x00007aca201a67c0 0x0000000c34b147c0 0 1 1 0 0 3 1 46744 792
0x00007aca201a6840 0x0000000c34b14840 0 0 0 0 0 3 1 46744 800
0x00007aca201a68c0 0x0000000c34b148c0 0 0 0 0 0 3 1 46744 808
0x00007aca201a6940 0x0000000c34b14940 0 1 0 0 0 3 1 46744 800
0x00007aca201a69c0 0x0000000c34b149c0 0 1 0 0 0 3 1 46744 808
0x00007aca201a6a40 0x0000000c34b14a40 0 0 1 0 0 3 1 46744 800
0x00007aca201a6ac0 0x0000000c34b14ac0 0 0 1 0 0 3 1 46744 808
0x00007aca201a6b40 0x0000000c34b14b40 0 1 1 0 0 3 1 46744 800
0x00007aca201a6bc0 0x0000000c34b14bc0 0 1 1 0 0 3 1 46744 808
0x00007aca201a6c40 0x0000000c34b14c40 0 0 0 0 0 3 1 46744 816
0x00007aca201a6cc0 0x0000000c34b14cc0 0 0 0 0 0 3 1 46744 824
0x00007aca201a6d40 0x0000000c34b14d40 0 1 0 0 0 3 1 46744 816
0x00007aca201a6dc0 0x0000000c34b14dc0 0 1 0 0 0 3 1 46744 824
0x00007aca201a6e40 0x0000000c34b14e40 0 0 1 0 0 3 1 46744 816
0x00007aca201a6ec0 0x0000000c34b14ec0 0 0 1 0 0 3 1 46744 824
0x00007aca201a6f40 0x0000000c34b14f40 0 1 1 0 0 3 1 46744 816
0x00007aca201a6fc0 0x0000000c34b14fc0 0 1 1 0 0 3 1 46744 824
0x00007aca201bf040 0x00000006f0b40040 0 0 0 0 0 3 1 28170 0
0x00007aca201bf0c0 0x00000006f0b400c0 0 0 0 0 0 3 1 28170 8
0x00007aca201bf140 0x00000006f0b40140 0 1 0 0 0 3 1 28170 0
0x00007aca201bf1c0 0x00000006f0b401c0 0 1 0 0 0 3 1 28170 8
0x00007aca201bf240 0x00000006f0b40240 0 0 1 0 0 3 1 28170 0
0x00007aca201bf2c0 0x00000006f0b402c0 0 0 1 0 0 3 1 28170 8
0x00007aca201bf340 0x00000006f0b40340 0 1 1 0 0 3 1 28170 0
0x00007aca201bf3c0 0x00000006f0b403c0 0 1 1 0 0 3 1 28170 8
0x00007aca201bf440 0x00000006f0b40440 0 0 0 0 0 3 1 28170 16
0x00007aca201bf4c0 0x00000006f0b404c0 0 0 0 0 0 3 1 28170 24
0x00007aca201bf540 0x00000006f0b40540 0 1 0 0 0 3 1 28170 16
0x00007aca201bf5c0 0x00000006f0b405c0 0 1 0 0 0 3 1 28170 24
0x00007aca201bf640 0x00000006f0b40640 0 0 1 0 0 3 1 28170 16
0x00007aca201bf6c0 0x00000006f0b406c0 0 0 1 0 0 3 1 28170 24
0x00007aca201bf740 0x00000006f0b40740 0 1 1 0 0 3 1 28170 16
0x00007aca201bf7c0 0x00000006f0b407c0 0 1 1 0 0 3 1 28170 24
0x00007aca201bf840 0x00000006f0b40840 0 0 0 0 0 3 1 28170 32
0x00007aca201bf8c0 0x00000006f0b408c0 0 0 0 0 0 3 1 28170 40
0x00007aca201bf940 0x00000006f0b40940 0 1 0 0 0 3 1 28170 32
0x00007aca201bf9c0 0x00000006f0b409c0 0 1 0 0 0 3 1 28170 40
0x00007aca201bfa40 0x00000006f0b40a40 0 0 1 0 0 3 1 28170 32
0x00007aca201bfac0 0x00000006f0b40ac0 0 0 1 0 0 3 1 28170 40
0x00007aca201bfb40 0x00000006f0b40b40 0 1 1 0 0 3 1 28170 32
0x00007aca201bfbc0 0x00000006f0b40bc0 0 1 1 0 0 3 1 28170 40
0x00007aca201bfc40 0x00000006f0b40c40 0 0 0 0 0 3 1 28170 48
0x00007aca201bfcc0 0x00000006f0b40cc0 0 0 0 0 0 3 1 28170 56
0x00007aca201bfd40 0x00000006f0b40d40 0 1 0 0 0 3 1 28170 48
0x00007aca201bfdc0 0x00000006f0b40dc0 0 1 0 0 0 3 1 28170 56
0x00007aca201bfe40 0x00000006f0b40e40 0 0 1 0 0 3 1 28170 48
0x00007aca201bfec0 0x00000006f0b40ec0 0 0 1 0 0 3 1 28170 56
0x00007aca201bff40 0x00000006f0b40f40 0 1 1 0 0 3 1 28170 48
0x00007aca201bffc0 0x00000006f0b40fc0 0 1 1 0 0 3 1 28170 56
0x00007aca201c4040 0x000000093bbe6040 0 0 0 0 0 3 1 34687 384
0x00007aca201c40c0 0x000000093bbe60c0 0 0 0 0 0 3 1 34687 392
0x00007aca201c4140 0x000000093bbe6140 0 1 0 0 0 3 1 34687 384
0x00007aca201c41c0 0x000000093bbe61c0 0 1 0 0 0 3 1 34687 392
0x00007aca201c4240 0x000000093bbe6240 0 0 1 0 0 3 1 34687 384
0x00007aca201c42c0 0x000000093bbe62c0 0 0 1 0 0 3 1 34687 392
0x00007aca201c4340 0x000000093bbe6340 0 1 1 0 0 3 1 34687 384
0x00007aca201c43c0 0x000000093bbe63c0 0 1 1 0 0 3 1 34687 392
0x00007aca201c4440 0x000000093bbe6440 0 0 0 0 0 3 1 34687 400
0x00007aca201c44c0 0x000000093bbe64c0 0 0 0 0 0 3 1 34687 408
0x00007aca201c4540 0x000000093bbe6540 0 1 0 0 0 3 1 34687 400
0x00007aca201c45c0 0x000000093bbe65c0 0 1 0 0 0 3 1 34687 408
0x00007aca201c4640 0x000000093bbe6640 0 0 1 0 0 3 1 34687 400
0x00007aca201c46c0 0x000000093bbe66c0 0 0 1 0 0 3 1 34687 408
0x00007aca201c4740 0x000000093bbe6740 0 1 1 0 0 3 1 34687 400
0x00007aca201c47c0 0x000000093bbe67c0 0 1 1 0 0 3 1 34687 408
0x00007aca201c4840 0x000000093bbe6840 0 0 0 0 0 3 1 34687 416
0x00007aca201c48c0 0x000000093bbe68c0 0 0 0 0 0 3 1 34687 424
0x00007aca201c4940 0x000000093bbe6940 0 1 0 0 0 3 1 34687 416
0x00007aca201c49c0 0x000000093bbe69c0 0 1 0 0 0 3 1 34687 424
0x00007aca201c4a40 0x000000093bbe6a40 0 0 1 0 0 3 1 34687 416
0x00007aca201c4ac0 0x000000093bbe6ac0 0 0 1 0 0 3 1 34687 424
0x00007aca201c4b40 0x000000093bbe6b40 0 1 1 0 0 3 1 34687 416
0x00007aca201c4bc0 0x000000093bbe6bc0 0 1 1 0 0 3 1 34687 424
0x00007aca201c4c40 0x000000093bbe6c40 0 0 0 0 0 3 1 34687 432
0x00007aca201c4cc0 0x000000093bbe6cc0 0 0 0 0 0 3 1 34687 440
0x00007aca201c4d40 0x000000093bbe6d40 0 1 0 0 0 3 1 34687 432
0x00007aca201c4dc0 0x000000093bbe6dc0 0 1 0 0 0 3 1 34687 440
0x00007aca201c4e40 0x000000093bbe6e40 0 0 1 0 0 3 1 34687 432
0x00007aca201c4ec0 0x000000093bbe6ec0 0 0 1 0 0 3 1 34687 440
0x00007aca201c4f40 0x000000093bbe6f40 0 1 1 0 0 3 1 34687 432
0x00007aca201c4fc0 0x000000093bbe6fc0 0 1 1 0 0 3 1 34687 440
0x00007aca201ca040 0x0000000b86bee040 0 0 0 0 1 3 1 45263 384
0x00007aca201ca0c0 0x0000000b86bee0c0 0 0 0 0 1 3 1 45263 392
0x00007aca201ca140 0x0000000b86bee140 0 1 0 0 1 3 1 45263 384
0x00007aca201ca1c0 0x0000000b86bee1c0 0 1 0 0 1 3 1 45263 392
0x00007aca201ca240 0x0000000b86bee240 0 0 1 0 1 3 1 45263 384
0x00007aca201ca2c0 0x0000000b86bee2c0 0 0 1 0 1 3 1 45263 392
0x00007aca201ca340 0x0000000b86bee340 0 1 1 0 1 3 1 45263 384
0x00007aca201ca3c0 0x0000000b86bee3c0 0 1 1 0 1 3 1 45263 392
0x00007aca201ca440 0x0000000b86bee440 0 0 0 0 1 3 1 45263 400
0x00007aca201ca4c0 0x0000000b86bee4c0 0 0 0 0 1 3 1 45263 408
0x00007aca201ca540 0x0000000b86bee540 0 1 0 0 1 3 1 45263 400
0x00007aca201ca5c0 0x0000000b86bee5c0 0 1 0 0 1 3 1 45263 408
0x00007aca201ca640 0x0000000b86bee640 0 0 1 0 1 3 1 45263 400
0x00007aca201ca6c0 0x0000000b86bee6c0 0 0 1 0 1 3 1 45263 408
0x00007aca201ca740 0x0000000b86bee740 0 1 1 0 1 3 1 45263 400
0x00007aca201ca7c0 0x0000000b86bee7c0 0 1 1 0 1 3 1 45263 408
0x00007aca201ca840 0x0000000b86bee840 0 0 0 0 1 3 1 45263 416
0x00007aca201ca8c0 0x0000000b86bee8c0 0 0 0 0 1 3 1 45263 424
0x00007aca201ca940 0x0000000b86bee940 0 1 0 0 1 3 1 45263 416
0x00007aca201ca9c0 0x0000000b86bee9c0 0 1 0 0 1 3 1 45263 424
0x00007aca201caa40 0x0000000b86beea40 0 0 1 0 1 3 1 45263 416
0x00007aca201caac0 0x0000000b86beeac0 0 0 1 0 1 3 1 45263 424
0x00007aca201cab40 0x0000000b86beeb40 0 1 1 0 1 3 1 45263 416
0x00007aca201cabc0 0x0000000b86beebc0 0 1 1 0 1 3 1 45263 424
0x00007aca201cac40 0x0000000b86beec40 0 0 0 0 1 3 1 45263 432
0x00007aca201cacc0 0x0000000b86beecc0 0 0 0 0 1 3 1 45263 440
0x00007aca201cad40 0x0000000b86beed40 0 1 0 0 1 3 1 45263 432
0x00007aca201cadc0 0x0000000b86beedc0 0 1 0 0 1 3 1 45263 440
0x00007aca201cae40 0x0000000b86beee40 0 0 1 0 1 3 1 45263 432
0x00007aca201caec0 0x0000000b86beeec0 0 0 1 0 1 3 1 45263 440
0x00007aca201caf40 0x0000000b86beef40 0 1 1 0 1 3 1 45263 432
0x00007aca201cafc0 0x0000000b86beefc0 0 1 1 0 1 3 1 45263 440
0x00007aca201cb040 0x0000000ecabbf040 0 0 0 0 1 3 1 59725 960
0x00007aca201cb0c0 0x0000000ecabbf0c0 0 0 0 0 1 3 1 59725 968
0x00007aca201cb140 0x0000000ecabbf140 0 1 0 0 1 3 1 59725 960
0x00007aca201cb1c0 0x0000000ecabbf1c0 0 1 0 0 1 3 1 59725 968
0x00007aca201cb240 0x0000000ecabbf240 0 0 1 0 1 3 1 59725 960
0x00007aca201cb2c0 0x0000000ecabbf2c0 0 0 1 0 1 3 1 59725 968
0x00007aca201cb340 0x0000000ecabbf340 0 1 1 0 1 3 1 59725 960
0x00007aca201cb3c0 0x0000000ecabbf3c0 0 1 1 0 1 3 1 59725 968
0x00007aca201cb440 0x0000000ecabbf440 0 0 0 0 1 3 1 59725 976
0x00007aca201cb4c0 0x0000000ecabbf4c0 0 0 0 0 1 3 1 59725 984
0x00007aca201cb540 0x0000000ecabbf540 0 1 0 0 1 3 1 59725 976
0x00007aca201cb5c0 0x0000000ecabbf5c0 0 1 0 0 1 3 1 59725 984
0x00007aca201cb640 0x0000000ecabbf640 0 0 1 0 1 3 1 59725 976
0x00007aca201cb6c0 0x0000000ecabbf6c0 0 0 1 0 1 3 1 59725 984
0x00007aca201cb740 0x0000000ecabbf740 0 1 1 0 1 3 1 59725 976
0x00007aca201cb7c0 0x0000000ecabbf7c0 0 1 1 0 1 3 1 59725 984
0x00007aca201cb840 0x0000000ecabbf840 0 0 0 0 1 3 1 59725 992
0x00007aca201cb8c0 0x0000000ecabbf8c0 0 0 0 0 1 3 1 59725 1000
0x00007aca201cb940 0x0000000ecabbf940 0 1 0 0 1 3 1 59725 992
0x00007aca201cb9c0 0x0000000ecabbf9c0 0 1 0 0 1 3 1 59725 1000
0x00007aca201cba40 0x0000000ecabbfa40 0 0 1 0 1 3 1 59725 992
0x00007aca201cbac0 0x0000000ecabbfac0 0 0 1 0 1 3 1 59725 1000
0x00007aca201cbb40 0x0000000ecabbfb40 0 1 1 0 1 3 1 59725 992
0x00007aca201cbbc0 0x0000000ecabbfbc0 0 1 1 0 1 3 1 59725 1000
0x00007aca201cbc40 0x0000000ecabbfc40 0 0 0 0 1 3 1 59725 1008
0x00007aca201cbcc0 0x0000000ecabbfcc0 0 0 0 0 1 3 1 59725 1016
0x00007aca201cbd40 0x0000000ecabbfd40 0 1 0 0 1 3 1 59725 1008
0x00007aca201cbdc0 0x0000000ecabbfdc0 0 1 0 0 1 3 1 59725 1016
0x00007aca201cbe40 0x0000000ecabbfe40 0 0 1 0 1 3 1 59725 1008
0x00007aca201cbec0 0x0000000ecabbfec0 0 0 1 0 1 3 1 59725 1016
0x00007aca201cbf40 0x0000000ecabbff40 0 1 1 0 1 3 1 59725 1008
0x00007aca201cbfc0 0x0000000ecabbffc0 0 1 1 0 1 3 1 59725 1016
0x00007aca201d0040 0x0000000193bec040 0 0 0 0 1 3 1 4719 256
0x00007aca201d00c0 0x0000000193bec0c0 0 0 0 0 1 3 1 4719 264
0x00007aca201d0140 0x0000000193bec140 0 1 0 0 1 3 1 4719 256
0x00007aca201d01c0 0x0000000193bec1c0 0 1 0 0 1 3 1 4719 264
0x00007aca201d0240 0x0000000193bec240 0 0 1 0 1 3 1 4719 256
0x00007aca201d02c0 0x0000000193bec2c0 0 0 1 0 1 3 1 4719 264
0x00007aca201d0340 0x0000000193bec340 0 1 1 0 1 3 1 4719 256
0x00007aca201d03c0 0x0000000193bec3c0 0 1 1 0 1 3 1 4719 264
0x00007aca201d0440 0x0000000193bec440 0 0 0 0 1 3 1 4719 272
0x00007aca201d04c0 0x0000000193bec4c0 0 0 0 0 1 3 1 4719 280
0x00007aca201d0540 0x0000000193bec540 0 1 0 0 1 3 1 4719 272
0x00007aca201d05c0 0x0000000193bec5c0 0 1 0 0 1 3 1 4719 280
0x00007aca201d0640 0x0000000193bec640 0 0 1 0 1 3 1 4719 272
0x00007aca201d06c0 0x0000000193bec6c0 0 0 1 0 1 3 1 4719 280
0x00007aca201d0740 0x0000000193bec740 0 1 1 0 1 3 1 4719 272
0x00007aca201d07c0 0x0000000193bec7c0 0 1 1 0 1 3 1 4719 280
0x00007aca201d0840 0x0000000193bec840 0 0 0 0 1 3 1 4719 288
0x00007aca201d08c0 0x0000000193bec8c0 0 0 0 0 1 3 1 4719 296
0x00007aca201d0940 0x0000000193bec940 0 1 0 0 1 3 1 4719 288
0x00007aca201d09c0 0x0000000193bec9c0 0 1 0 0 1 3 1 4719 296
0x00007aca201d0a40 0x0000000193beca40 0 0 1 0 1 3 1 4719 288
0x00007aca201d0ac0 0x0000000193becac0 0 0 1 0 1 3 1 4719 296
0x00007aca201d0b40 0x0000000193becb40 0 1 1 0 1 3 1 4719 288
0x00007aca201d0bc0 0x0000000193becbc0 0 1 1 0 1 3 1 4719 296
0x00007aca201d0c40 0x0000000193becc40 0 0 0 0 1 3 1 4719 304
0x00007aca201d0cc0 0x0000000193beccc0 0 0 0 0 1 3 1 4719 312
0x00007aca201d0d40 0x0000000193becd40 0 1 0 0 1 3 1 4719 304
0x00007aca201d0dc0 0x0000000193becdc0 0 1 0 0 1 3 1 4719 312
0x00007aca201d0e40 0x0000000193bece40 0 0 1 0 1 3 1 4719 304
0x00007aca201d0ec0 0x0000000193becec0 0 0 1 0 1 3 1 4719 312
0x00007aca201d0f40 0x0000000193becf40 0 1 1 0 1 3 1 4719 304
0x00007aca201d0fc0 0x0000000193becfc0 0 1 1 0 1 3 1 4719 312
0x00007aca201d6040 0x0000000a2a3f6040 0 0 0 0 0 3 1 38231 896
0x00007aca201d60c0 0x0000000a2a3f60c0 0 0 0 0 0 3 1 38231 904
0x00007aca201d6140 0x0000000a2a3f6140 0 1 0 0 0 3 1 38231 896
0x00007aca201d61c0 0x0000000a2a3f61c0 0 1 0 0 0 3 1 38231 904
0x00007aca201d6240 0x0000000a2a3f6240 0 0 1 0 0 3 1 38231 896
0x00007aca201d62c0 0x0000000a2a3f62c0 0 0 1 0 0 3 1 38231 904
0x00007aca201d6340 0x0000000a2a3f6340 0 1 1 0 0 3 1 38231 896
0x00007aca201d63c0 0x0000000a2a3f63c0 0 1 1 0 0 3 1 38231 904
0x00007aca201d6440 0x0000000a2a3f6440 0 0 0 0 0 3 1 38231 912
0x00007aca201d64c0 0x0000000a2a3f64c0 0 0 0 0 0 3 1 38231 920
0x00007aca201d6540 0x0000000a2a3f6540 0 1 0 0 0 3 1 38231 912
0x00007aca201d65c0 0x0000000a2a3f65c0 0 1 0 0 0 3 1 38231 920
0x00007aca201d6640 0x0000000a2a3f6640 0 0 1 0 0 3 1 38231 912
0x00007aca201d66c0 0x0000000a2a3f66c0 0 0 1 0 0 3 1 38231 920
0x00007aca201d6740 0x0000000a2a3f6740 0 1 1 0 0 3 1 38231 912
0x00007aca201d67c0 0x0000000a2a3f67c0 0 1 1 0 0 3 1 38231 920
0x00007aca201d6840 0x0000000a2a3f6840 0 0 0 0 0 3 1 38231 928
0x00007aca201d68c0 0x0000000a2a3f68c0 0 0 0 0 0 3 1 38231 936
0x00007aca201d6940 0x0000000a2a3f6940 0 1 0 0 0 3 1 38231 928
0x00007aca201d69c0 0x0000000a2a3f69c0 0 1 0 0 0 3 1 38231 936
0x00007aca201d6a40 0x0000000a2a3f6a40 0 0 1 0 0 3 1 38231 928
0x00007aca201d6ac0 0x0000000a2a3f6ac0 0 0 1 0 0 3 1 38231 936
0x00007aca201d6b40 0x0000000a2a3f6b40 0 1 1 0 0 3 1 38231 928
0x00007aca201d6bc0 0x0000000a2a3f6bc0 0 1 1 0 0 3 1 38231 936
0x00007aca201d6c40 0x0000000a2a3f6c40 0 0 0 0 0 3 1 38231 944
0x00007aca201d6cc0 0x0000000a2a3f6cc0 0 0 0 0 0 3 1 38231 952
0x00007aca201d6d40 0x0000000a2a3f6d40 0 1 0 0 0 3 1 38231 944
0x00007aca201d6dc0 0x0000000a2a3f6dc0 0 1 0 0 0 3 1 38231 952
0x00007aca201d6e40 0x0000000a2a3f6e40 0 0 1 0 0 3 1 38231 944
0x00007aca201d6ec0 0x0000000a2a3f6ec0 0 0 1 0 0 3 1 38231 952
0x00007aca201d6f40 0x0000000a2a3f6f40 0 1 1 0 0 3 1 38231 944
0x00007aca201d6fc0 0x0000000a2a3f6fc0 0 1 1 0 0 3 1 38231 952
0x00007aca201da040 0x0000000ef23b8040 0 0 0 0 1 3 1 60997 512
0x00007aca201da0c0 0x0000000ef23b80c0 0 0 0 0 1 3 1 60997 520
0x00007aca201da140 0x0000000ef23b8140 0 1 0 0 1 3 1 60997 512
0x00007aca201da1c0 0x0000000ef23b81c0 0 1 0 0 1 3 1 60997 520
0x00007aca201da240 0x0000000ef23b8240 0 0 1 0 1 3 1 60997 512
0x00007aca201da2c0 0x0000000ef23b82c0 0 0 1 0 1 3 1 60997 520
0x00007aca201da340 0x0000000ef23b8340 0 1 1 0 1 3 1 60997 512
0x00007aca201da3c0 0x0000000ef23b83c0 0 1 1 0 1 3 1 60997 520
0x00007aca201da440 0x0000000ef23b8440 0 0 0 0 1 3 1 60997 528
0x00007aca201da4c0 0x0000000ef23b84c0 0 0 0 0 1 3 1 60997 536
0x00007aca201da540 0x0000000ef23b8540 0 1 0 0 1 3 1 60997 528
0x00007aca201da5c0 0x0000000ef23b85c0 0 1 0 0 1 3 1 60997 536
0x00007aca201da640 0x0000000ef23b8640 0 0 1 0 1 3 1 60997 528
0x00007aca201da6c0 0x0000000ef23b86c0 0 0 1 0 1 3 1 60997 536
0x00007aca201da740 0x0000000ef23b8740 0 1 1 0 1 3 1 60997 528
0x00007aca201da7c0 0x0000000ef23b87c0 0 1 1 0 1 3 1 60997 536
0x00007aca201da840 0x0000000ef23b8840 0 0 0 0 1 3 1 60997 544
0x00007aca201da8c0 0x0000000ef23b88c0 0 0 0 0 1 3 1 60997 552
0x00007aca201da940 0x0000000ef23b8940 0 1 0 0 1 3 1 60997 544
0x00007aca201da9c0 0x0000000ef23b89c0 0 1 0 0 1 3 1 60997 552
0x00007aca201daa40 0x0000000ef23b8a40 0 0 1 0 1 3 1 60997 544
0x00007aca201daac0 0x0000000ef23b8ac0 0 0 1 0 1 3 1 60997 552
0x00007aca201dab40 0x0000000ef23b8b40 0 1 1 0 1 3 1 60997 544
0x00007aca201dabc0 0x0000000ef23b8bc0 0 1 1 0 1 3 1 60997 552
0x00007aca201dac40 0x0000000ef23b8c40 0 0 0 0 1 3 1 60997 560
0x00007aca201dacc0 0x0000000ef23b8cc0 0 0 0 0 1 3 1 60997 568
0x00007aca201dad40 0x0000000ef23b8d40 0 1 0 0 1 3 1 60997 560
0x00007aca201dadc0 0x0000000ef23b8dc0 0 1 0 0 1 3 1 60997 568
0x00007aca201dae40 0x0000000ef23b8e40 0 0 1 0 1 3 1 60997 560
0x00007aca201daec0 0x0000000ef23b8ec0 0 0 1 0 1 3 1 60997 568
0x00007aca201daf40 0x0000000ef23b8f40 0 1 1 0 1 3 1 60997 560
0x00007aca201dafc0 0x0000000ef23b8fc0 0 1 1 0 1 3 1 60997 568
0x00007aca201dc040 0x000000064031c040 0 0 0 0 1 3 1 22544 768
0x00007aca201dc0c0 0x000000064031c0c0 0 0 0 0 1 3 1 22544 776
0x00007aca201dc140 0x000000064031c140 0 1 0 0 1 3 1 22544 768
0x00007aca201dc1c0 0x000000064031c1c0 0 1 0 0 1 3 1 22544 776
0x00007aca201dc240 0x000000064031c240 0 0 1 0 1 3 1 22544 768
0x00007aca201dc2c0 0x000000064031c2c0 0 0 1 0 1 3 1 22544 776
0x00007aca201dc340 0x000000064031c340 0 1 1 0 1 3 1 22544 768
0x00007aca201dc3c0 0x000000064031c3c0 0 1 1 0 1 3 1 22544 776
0x00007aca201dc440 0x000000064031c440 0 0 0 0 1 3 1 22544 784
0x00007aca201dc4c0 0x000000064031c4c0 0 0 0 0 1 3 1 22544 792
0x00007aca201dc540 0x000000064031c540 0 1 0 0 1 3 1 22544 784
0x00007aca201dc5c0 0x000000064031c5c0 0 1 0 0 1 3 1 22544 792
0x00007aca201dc640 0x000000064031c640 0 0 1 0 1 3 1 22544 784
0x00007aca201dc6c0 0x000000064031c6c0 0 0 1 0 1 3 1 22544 792
0x00007aca201dc740 0x000000064031c740 0 1 1 0 1 3 1 22544 784
0x00007aca201dc7c0 0x000000064031c7c0 0 1 1 0 1 3 1 22544 792
0x00007aca201dc840 0x000000064031c840 0 0 0 0 1 3 1 22544 800
0x00007aca201dc8c0 0x000000064031c8c0 0 0 0 0 1 3 1 22544 808
0x00007aca201dc940 0x000000064031c940 0 1 0 0 1 3 1 22544 800
0x00007aca201dc9c0 0x000000064031c9c0 0 1 0 0 1 3 1 22544 808
0x00007aca201dca40 0x000000064031ca40 0 0 1 0 1 3 1 22544 800
0x00007aca201dcac0 0x000000064031cac0 0 0 1 0 1 3 1 22544 808
0x00007aca201dcb40 0x000000064031cb40 0 1 1 0 1 3 1 22544 800
0x00007aca201dcbc0 0x000000064031cbc0 0 1 1 0 1 3 1 22544 808
0x00007aca201dcc40 0x000000064031cc40 0 0 0 0 1 3 1 22544 816
0x00007aca201dccc0 0x000000064031ccc0 0 0 0 0 1 3 1 22544 824
0x00007aca201dcd40 0x000000064031cd40 0 1 0 0 1 3 1 22544 816
0x00007aca201dcdc0 0x000000064031cdc0 0 1 0 0 1 3 1 22544 824
0x00007aca201dce40 0x000000064031ce40 0 0 1 0 1 3 1 22544 816
0x00007aca201dcec0 0x000000064031cec0 0 0 1 0 1 3 1 22544 824
0x00007aca201dcf40 0x000000064031cf40 0 1 1 0 1 3 1 22544 816
0x00007aca201dcfc0 0x000000064031cfc0 0 1 1 0 1 3 1 22544 824
0x00007aca201e5040 0x000000049fbfb040 0 0 0 0 1 3 1 17391 704
0x00007aca201e50c0 0x000000049fbfb0c0 0 0 0 0 1 3 1 17391 712
0x00007aca201e5140 0x000000049fbfb140 0 1 0 0 1 3 1 17391 704
0x00007aca201e51c0 0x000000049fbfb1c0 0 1 0 0 1 3 1 17391 712
0x00007aca201e5240 0x000000049fbfb240 0 0 1 0 1 3 1 17391 704
0x00007aca201e52c0 0x000000049fbfb2c0 0 0 1 0 1 3 1 17391 712
0x00007aca201e5340 0x000000049fbfb340 0 1 1 0 1 3 1 17391 704
0x00007aca201e53c0 0x000000049fbfb3c0 0 1 1 0 1 3 1 17391 712
0x00007aca201e5440 0x000000049fbfb440 0 0 0 0 1 3 1 17391 720
0x00007aca201e54c0 0x000000049fbfb4c0 0 0 0 0 1 3 1 17391 728
0x00007aca201e5540 0x000000049fbfb540 0 1 0 0 1 3 1 17391 720
0x00007aca201e55c0 0x000000049fbfb5c0 0 1 0 0 1 3 1 17391 728
0x00007aca201e5640 0x000000049fbfb640 0 0 1 0 1 3 1 17391 720
0x00007aca201e56c0 0x000000049fbfb6c0 0 0 1 0 1 3 1 17391 728
0x00007aca201e5740 0x000000049fbfb740 0 1 1 0 1 3 1 17391 720
0x00007aca201e57c0 0x000000049fbfb7c0 0 1 1 0 1 3 1 17391 728
0x00007aca201e5840 0x000000049fbfb840 0 0 0 0 1 3 1 17391 736
0x00007aca201e58c0 0x000000049fbfb8c0 0 0 0 0 1 3 1 17391 744
0x00007aca201e5940 0x000000049fbfb940 0 1 0 0 1 3 1 17391 736
0x00007aca201e59c0 0x000000049fbfb9c0 0 1 0 0 1 3 1 17391 744
0x00007aca201e5a40 0x000000049fbfba40 0 0 1 0 1 3 1 17391 736
0x00007aca201e5ac0 0x000000049fbfbac0 0 0 1 0 1 3 1 17391 744
0x00007aca201e5b40 0x000000049fbfbb40 0 1 1 0 1 3 1 17391 736
0x00007aca201e5bc0 0x000000049fbfbbc0 0 1 1 0 1 3 1 17391 744
0x00007aca201e5c40 0x000000049fbfbc40 0 0 0 0 1 3 1 17391 752
0x00007aca201e5cc0 0x000000049fbfbcc0 0 0 0 0 1 3 1 17391 760
0x00007aca201e5d40 0x000000049fbfbd40 0 1 0 0 1 3 1 17391 752
0x00007aca201e5dc0 0x000000049fbfbdc0 0 1 0 0 1 3 1 17391 760
0x00007aca201e5e40 0x000000049fbfbe40 0 0 1 0 1 3 1 17391 752
0x00007aca201e5ec0 0x000000049fbfbec0 0 0 1 0 1 3 1 17391 760
0x00007aca201e5f40 0x000000049fbfbf40 0 1 1 0 1 3 1 17391 752
0x00007aca201e5fc0 0x000000049fbfbfc0 0 1 1 0 1 3 1 17391 760
0x00007aca201ef040 0x0000000e5ab33040 0 0 0 0 0 3 1 56153 704
0x00007aca201ef0c0 0x0000000e5ab330c0 0 0 0 0 0 3 1 56153 712
0x00007aca201ef140 0x0000000e5ab33140 0 1 0 0 0 3 1 56153 704
0x00007aca201ef1c0 0x0000000e5ab331c0 0 1 0 0 0 3 1 56153 712
0x00007aca201ef240 0x0000000e5ab33240 0 0 1 0 0 3 1 56153 704
0x00007aca201ef2c0 0x0000000e5ab332c0 0 0 1 0 0 3 1 56153 712
0x00007aca201ef340 0x0000000e5ab33340 0 1 1 0 0 3 1 56153 704
0x00007aca201ef3c0 0x0000000e5ab333c0 0 1 1 0 0 3 1 56153 712
0x00007aca201ef440 0x0000000e5ab33440 0 0 0 0 0 3 1 56153 720
0x00007aca201ef4c0 0x0000000e5ab334c0 0 0 0 0 0 3 1 56153 728
0x00007aca201ef540 0x0000000e5ab33540 0 1 0 0 0 3 1 56153 720
0x00007aca201ef5c0 0x0000000e5ab335c0 0 1 0 0 0 3 1 56153 728
0x00007aca201ef640 0x0000000e5ab33640 0 0 1 0 0 3 1 56153 720
0x00007aca201ef6c0 0x0000000e5ab336c0 0 0 1 0 0 3 1 56153 728
0x00007aca201ef740 0x0000000e5ab33740 0 1 1 0 0 3 1 56153 720
0x00007aca201ef7c0 0x0000000e5ab337c0 0 1 1 0 0 3 1 56153 728
0x00007aca201ef840 0x0000000e5ab33840 0 0 0 0 0 3 1 56153 736
0x00007aca201ef8c0 0x0000000e5ab338c0 0 0 0 0 0 3 1 56153 744
0x00007aca201ef940 0x0000000e5ab33940 0 1 0 0 0 3 1 56153 736
0x00007aca201ef9c0 0x0000000e5ab339c0 0 1 0 0 0 3 1 56153 744
0x00007aca201efa40 0x0000000e5ab33a40 0 0 1 0 0 3 1 56153 736
0x00007aca201efac0 0x0000000e5ab33ac0 0 0 1 0 0 3 1 56153 744
0x00007aca201efb40 0x0000000e5ab33b40 0 1 1 0 0 3 1 56153 736
0x00007aca201efbc0 0x0000000e5ab33bc0 0 1 1 0 0 3 1 56153 744
0x00007aca201efc40 0x0000000e5ab33c40 0 0 0 0 0 3 1 56153 752
0x00007aca201efcc0 0x0000000e5ab33cc0 0 0 0 0 0 3 1 56153 760
0x00007aca201efd40 0x0000000e5ab33d40 0 1 0 0 0 3 1 56153 752
0x00007aca201efdc0 0x0000000e5ab33dc0 0 1 0 0 0 3 1 56153 760
0x00007aca201efe40 0x0000000e5ab33e40 0 0 1 0 0 3 1 56153 752
0x00007aca201efec0 0x0000000e5ab33ec0 0 0 1 0 0 3 1 56153 760
0x00007aca201eff40 0x0000000e5ab33f40 0 1 1 0 0 3 1 56153 752
0x00007aca201effc0 0x0000000e5ab33fc0 0 1 1 0 0 3 1 56153 760
0x00007aca201f6040 0x00000007f7b9a040 0 0 0 0 1 3 1 32492 640
0x00007aca201f60c0 0x00000007f7b9a0c0 0 0 0 0 1 3 1 32492 648
0x00007aca201f6140 0x00000007f7b9a140 0 1 0 0 1 3 1 32492 640
0x00007aca201f61c0 0x00000007f7b9a1c0 0 1 0 0 1 3 1 32492 648
0x00007aca201f6240 0x00000007f7b9a240 0 0 1 0 1 3 1 32492 640
0x00007aca201f62c0 0x00000007f7b9a2c0 0 0 1 0 1 3 1 32492 648
0x00007aca201f6340 0x00000007f7b9a340 0 1 1 0 1 3 1 32492 640
0x00007aca201f63c0 0x00000007f7b9a3c0 0 1 1 0 1 3 1 32492 648
0x00007aca201f6440 0x00000007f7b9a440 0 0 0 0 1 3 1 32492 656
0x00007aca201f64c0 0x00000007f7b9a4c0 0 0 0 0 1 3 1 32492 664
0x00007aca201f6540 0x00000007f7b9a540 0 1 0 0 1 3 1 32492 656
0x00007aca201f65c0 0x00000007f7b9a5c0 0 1 0 0 1 3 1 32492 664
0x00007aca201f6640 0x00000007f7b9a640 0 0 1 0 1 3 1 32492 656
0x00007aca201f66c0 0x00000007f7b9a6c0 0 0 1 0 1 3 1 32492 664
0x00007aca201f6740 0x00000007f7b9a740 0 1 1 0 1 3 1 32492 656
0x00007aca201f67c0 0x00000007f7b9a7c0 0 1 1 0 1 3 1 32492 664
0x00007aca201f6840 0x00000007f7b9a840 0 0 0 0 1 3 1 32492 672
0x00007aca201f68c0 0x00000007f7b9a8c0 0 0 0 0 1 3 1 32492 680
0x00007aca201f6940 0x00000007f7b9a940 0 1 0 0 1 3 1 32492 672
0x00007aca201f69c0 0x00000007f7b9a9c0 0 1 0 0 1 3 1 32492 680
0x00007aca201f6a40 0x00000007f7b9aa40 0 0 1 0 1 3 1 32492 672
0x00007aca201f6ac0 0x00000007f7b9aac0 0 0 1 0 1 3 1 32492 680
0x00007aca201f6b40 0x00000007f7b9ab40 0 1 1 0 1 3 1 32492 672
0x00007aca201f6bc0 0x00000007f7b9abc0 0 1 1 0 1 3 1 32492 680
0x00007aca201f6c40 0x00000007f7b9ac40 0 0 0 0 1 3 1 32492 688
0x00007aca201f6cc0 0x00000007f7b9acc0 0 0 0 0 1 3 1 32492 696
0x00007aca201f6d40 0x00000007f7b9ad40 0 1 0 0 1 3 1 32492 688
0x00007aca201f6dc0 0x00000007f7b9adc0 0 1 0 0 1 3 1 32492 696
0x00007aca201f6e40 0x00000007f7b9ae40 0 0 1 0 1 3 1 32492 688
0x00007aca201f6ec0 0x00000007f7b9aec0 0 0 1 0 1 3 1 32492 696
0x00007aca201f6f40 0x00000007f7b9af40 0 1 1 0 1 3 1 32492 688
0x00007aca201f6fc0 0x00000007f7b9afc0 0 1 1 0 1 3 1 32492 696
0x00007aca20202040 0x0000000bf2b0d040 0 0 0 0 1 3 1 48712 320
0x00007aca202020c0 0x0000000bf2b0d0c0 0 0 0 0 1 3 1 48712 328
0x00007aca20202140 0x0000000bf2b0d140 0 1 0 0 1 3 1 48712 320
0x00007aca202021c0 0x0000000bf2b0d1c0 0 1 0 0 1 3 1 48712 328
0x00007aca20202240 0x0000000bf2b0d240 0 0 1 0 1 3 1 48712 320
0x00007aca202022c0 0x0000000bf2b0d2c0 0 0 1 0 1 3 1 48712 328
0x00007aca20202340 0x0000000bf2b0d340 0 1 1 0 1 3 1 48712 320
0x00007aca202023c0 0x0000000bf2b0d3c0 0 1 1 0 1 3 1 48712 328
0x00007aca20202440 0x0000000bf2b0d440 0 0 0 0 1 3 1 48712 336
0x00007aca202024c0 0x0000000bf2b0d4c0 0 0 0 0 1 3 1 48712 344
0x00007aca20202540 0x0000000bf2b0d540 0 1 0 0 1 3 1 48712 336
0x00007aca202025c0 0x0000000bf2b0d5c0 0 1 0 0 1 3 1 48712 344
0x00007aca20202640 0x0000000bf2b0d640 0 0 1 0 1 3 1 48712 336
0x00007aca202026c0 0x0000000bf2b0d6c0 0 0 1 0 1 3 1 48712 344
0x00007aca20202740 0x0000000bf2b0d740 0 1 1 0 1 3 1 48712 336
0x00007aca202027c0 0x0000000bf2b0d7c0 0 1 1 0 1 3 1 48712 344
0x00007aca20202840 0x0000000bf2b0d840 0 0 0 0 1 3 1 48712 352
0x00007aca202028c0 0x0000000bf2b0d8c0 0 0 0 0 1 3 1 48712 360
0x00007aca20202940 0x0000000bf2b0d940 0 1 0 0 1 3 1 48712 352
0x00007aca202029c0 0x0000000bf2b0d9c0 0 1 0 0 1 3 1 48712 360
0x00007aca20202a40 0x0000000bf2b0da40 0 0 1 0 1 3 1 48712 352
0x00007aca20202ac0 0x0000000bf2b0dac0 0 0 1 0 1 3 1 48712 360
0x00007aca20202b40 0x0000000bf2b0db40 0 1 1 0 1 3 1 48712 352
0x00007aca20202bc0 0x0000000bf2b0dbc0 0 1 1 0 1 3 1 48712 360
0x00007aca20202c40 0x0000000bf2b0dc40 0 0 0 0 1 3 1 48712 368
0x00007aca20202cc0 0x0000000bf2b0dcc0 0 0 0 0 1 3 1 48712 376
0x00007aca20202d40 0x0000000bf2b0dd40 0 1 0 0 1 3 1 48712 368
0x00007aca20202dc0 0x0000000bf2b0ddc0 0 1 0 0 1 3 1 48712 376
0x00007aca20202e40 0x0000000bf2b0de40 0 0 1 0 1 3 1 48712 368
0x00007aca20202ec0 0x0000000bf2b0dec0 0 0 1 0 1 3 1 48712 376
0x00007aca20202f40 0x0000000bf2b0df40 0 1 1 0 1 3 1 48712 368
0x00007aca20202fc0 0x0000000bf2b0dfc0 0 1 1 0 1 3 1 48712 376
0x00007aca20209040 0x0000000d7f3f3040 0 0 0 0 0 3 1 53239 704
0x00007aca202090c0 0x0000000d7f3f30c0 0 0 0 0 0 3 1 53239 712
0x00007aca20209140 0x0000000d7f3f3140 0 1 0 0 0 3 1 53239 704
0x00007aca202091c0 0x0000000d7f3f31c0 0 1 0 0 0 3 1 53239 712
0x00007aca20209240 0x0000000d7f3f3240 0 0 1 0 0 3 1 53239 704
0x00007aca202092c0 0x0000000d7f3f32c0 0 0 1 0 0 3 1 53239 712
0x00007aca20209340 0x0000000d7f3f3340 0 1 1 0 0 3 1 53239 704
0x00007aca202093c0 0x0000000d7f3f33c0 0 1 1 0 0 3 1 53239 712
0x00007aca20209440 0x0000000d7f3f3440 0 0 0 0 0 3 1 53239 720
0x00007aca202094c0 0x0000000d7f3f34c0 0 0 0 0 0 3 1 53239 728
0x00007aca20209540 0x0000000d7f3f3540 0 1 0 0 0 3 1 53239 720
0x00007aca202095c0 0x0000000d7f3f35c0 0 1 0 0 0 3 1 53239 728
0x00007aca20209640 0x0000000d7f3f3640 0 0 1 0 0 3 1 53239 720
0x00007aca202096c0 0x0000000d7f3f36c0 0 0 1 0 0 3 1 53239 728
0x00007aca20209740 0x0000000d7f3f3740 0 1 1 0 0 3 1 53239 720
0x00007aca202097c0 0x0000000d7f3f37c0 0 1 1 0 0 3 1 53239 728
0x00007aca20209840 0x0000000d7f3f3840 0 0 0 0 0 3 1 53239 736
0x00007aca202098c0 0x0000000d7f3f38c0 0 0 0 0 0 3 1 53239 744
0x00007aca20209940 0x0000000d7f3f3940 0 1 0 0 0 3 1 53239 736
0x00007aca202099c0 0x0000000d7f3f39c0 0 1 0 0 0 3 1 53239 744
0x00007aca20209a40 0x0000000d7f3f3a40 0 0 1 0 0 3 1 53239 736
0x00007aca20209ac0 0x0000000d7f3f3ac0 0 0 1 0 0 3 1 53239 744
0x00007aca20209b40 0x0000000d7f3f3b40 0 1 1 0 0 3 1 53239 736
0x00007aca20209bc0 0x0000000d7f3f3bc0 0 1 1 0 0 3 1 53239 744
0x00007aca20209c40 0x0000000d7f3f3c40 0 0 0 0 0 3 1 53239 752
0x00007aca20209cc0 0x0000000d7f3f3cc0 0 0 0 0 0 3 1 53239 760
0x00007aca20209d40 0x0000000d7f3f3d40 0 1 0 0 0 3 1 53239 752
0x00007aca20209dc0 0x0000000d7f3f3dc0 0 1 0 0 0 3 1 53239 760
0x00007aca20209e40 0x0000000d7f3f3e40 0 0 1 0 0 3 1 53239 752
0x00007aca20209ec0 0x0000000d7f3f3ec0 0 0 1 0 0 3 1 53239 760
0x00007aca20209f40 0x0000000d7f3f3f40 0 1 1 0 0 3 1 53239 752
0x00007aca20209fc0 0x0000000d7f3f3fc0 0 1 1 0 0 3 1 53239 760
0x00007aca2020f040 0x0000000ecabd0040 0 0 0 0 0 3 1 59726 512
0x00007aca2020f0c0 0x0000000ecabd00c0 0 0 0 0 0 3 1 59726 520
0x00007aca2020f140 0x0000000ecabd0140 0 1 0 0 0 3 1 59726 512
0x00007aca2020f1c0 0x0000000ecabd01c0 0 1 0 0 0 3 1 59726 520
0x00007aca2020f240 0x0000000ecabd0240 0 0 1 0 0 3 1 59726 512
0x00007aca2020f2c0 0x0000000ecabd02c0 0 0 1 0 0 3 1 59726 520
0x00007aca2020f340 0x0000000ecabd0340 0 1 1 0 0 3 1 59726 512
0x00007aca2020f3c0 0x0000000ecabd03c0 0 1 1 0 0 3 1 59726 520
0x00007aca2020f440 0x0000000ecabd0440 0 0 0 0 0 3 1 59726 528
0x00007aca2020f4c0 0x0000000ecabd04c0 0 0 0 0 0 3 1 59726 536
0x00007aca2020f540 0x0000000ecabd0540 0 1 0 0 0 3 1 59726 528
0x00007aca2020f5c0 0x0000000ecabd05c0 0 1 0 0 0 3 1 59726 536
0x00007aca2020f640 0x0000000ecabd0640 0 0 1 0 0 3 1 59726 528
0x00007aca2020f6c0 0x0000000ecabd06c0 0 0 1 0 0 3 1 59726 536
0x00007aca2020f740 0x0000000ecabd0740 0 1 1 0 0 3 1 59726 528
0x00007aca2020f7c0 0x0000000ecabd07c0 0 1 1 0 0 3 1 59726 536
0x00007aca2020f840 0x0000000ecabd0840 0 0 0 0 0 3 1 59726 544
0x00007aca2020f8c0 0x0000000ecabd08c0 0 0 0 0 0 3 1 59726 552
0x00007aca2020f940 0x0000000ecabd0940 0 1 0 0 0 3 1 59726 544
0x00007aca2020f9c0 0x0000000ecabd09c0 0 1 0 0 0 3 1 59726 552
0x00007aca2020fa40 0x0000000ecabd0a40 0 0 1 0 0 3 1 59726 544
0x00007aca2020fac0 0x0000000ecabd0ac0 0 0 1 0 0 3 1 59726 552
0x00007aca2020fb40 0x0000000ecabd0b40 0 1 1 0 0 3 1 59726 544
0x00007aca2020fbc0 0x0000000ecabd0bc0 0 1 1 0 0 3 1 59726 552
0x00007aca2020fc40 0x0000000ecabd0c40 0 0 0 0 0 3 1 59726 560
0x00007aca2020fcc0 0x0000000ecabd0cc0 0 0 0 0 0 3 1 59726 568
0x00007aca2020fd40 0x0000000ecabd0d40 0 1 0 0 0 3 1 59726 560
0x00007aca2020fdc0 0x0000000ecabd0dc0 0 1 0 0 0 3 1 59726 568
0x00007aca2020fe40 0x0000000ecabd0e40 0 0 1 0 0 3 1 59726 560
0x00007aca2020fec0 0x0000000ecabd0ec0 0 0 1 0 0 3 1 59726 568
0x00007aca2020ff40 0x0000000ecabd0f40 0 1 1 0 0 3 1 59726 560
0x00007aca2020ffc0 0x0000000ecabd0fc0 0 1 1 0 0 3 1 59726 568
