# bank_id=7 (bg=1 ba=3) n=5632
# Columns: VA PA s imc ch dimm rank bg ba row col
0x00007aca1fc08040 0x0000000b29e58040 0 0 0 0 1 1 3 42298 512
0x00007aca1fc080c0 0x0000000b29e580c0 0 0 0 0 1 1 3 42298 520
0x00007aca1fc08140 0x0000000b29e58140 0 1 0 0 1 1 3 42298 512
0x00007aca1fc081c0 0x0000000b29e581c0 0 1 0 0 1 1 3 42298 520
0x00007aca1fc08240 0x0000000b29e58240 0 0 1 0 1 1 3 42298 512
0x00007aca1fc082c0 0x0000000b29e582c0 0 0 1 0 1 1 3 42298 520
0x00007aca1fc08340 0x0000000b29e58340 0 1 1 0 1 1 3 42298 512
0x00007aca1fc083c0 0x0000000b29e583c0 0 1 1 0 1 1 3 42298 520
0x00007aca1fc08440 0x0000000b29e58440 0 0 0 0 1 1 3 42298 528
0x00007aca1fc084c0 0x0000000b29e584c0 0 0 0 0 1 1 3 42298 536
0x00007aca1fc08540 0x0000000b29e58540 0 1 0 0 1 1 3 42298 528
0x00007aca1fc085c0 0x0000000b29e585c0 0 1 0 0 1 1 3 42298 536
0x00007aca1fc08640 0x0000000b29e58640 0 0 1 0 1 1 3 42298 528
0x00007aca1fc086c0 0x0000000b29e586c0 0 0 1 0 1 1 3 42298 536
0x00007aca1fc08740 0x0000000b29e58740 0 1 1 0 1 1 3 42298 528
0x00007aca1fc087c0 0x0000000b29e587c0 0 1 1 0 1 1 3 42298 536
0x00007aca1fc08840 0x0000000b29e58840 0 0 0 0 1 1 3 42298 544
0x00007aca1fc088c0 0x0000000b29e588c0 0 0 0 0 1 1 3 42298 552
0x00007aca1fc08940 0x0000000b29e58940 0 1 0 0 1 1 3 42298 544
0x00007aca1fc089c0 0x0000000b29e589c0 0 1 0 0 1 1 3 42298 552
0x00007aca1fc08a40 0x0000000b29e58a40 0 0 1 0 1 1 3 42298 544
0x00007aca1fc08ac0 0x0000000b29e58ac0 0 0 1 0 1 1 3 42298 552
0x00007aca1fc08b40 0x0000000b29e58b40 0 1 1 0 1 1 3 42298 544
0x00007aca1fc08bc0 0x0000000b29e58bc0 0 1 1 0 1 1 3 42298 552
0x00007aca1fc08c40 0x0000000b29e58c40 0 0 0 0 1 1 3 42298 560
0x00007aca1fc08cc0 0x0000000b29e58cc0 0 0 0 0 1 1 3 42298 568
0x00007aca1fc08d40 0x0000000b29e58d40 0 1 0 0 1 1 3 42298 560
0x00007aca1fc08dc0 0x0000000b29e58dc0 0 1 0 0 1 1 3 42298 568
0x00007aca1fc08e40 0x0000000b29e58e40 0 0 1 0 1 1 3 42298 560
0x00007aca1fc08ec0 0x0000000b29e58ec0 0 0 1 0 1 1 3 42298 568
0x00007aca1fc08f40 0x0000000b29e58f40 0 1 1 0 1 1 3 42298 560
0x00007aca1fc08fc0 0x0000000b29e58fc0 0 1 1 0 1 1 3 42298 568
0x00007aca1fc10040 0x00000007306a5040 0 0 0 0 0 1 3 26133 320
0x00007aca1fc100c0 0x00000007306a50c0 0 0 0 0 0 1 3 26133 328
0x00007aca1fc10140 0x00000007306a5140 0 1 0 0 0 1 3 26133 320
0x00007aca1fc101c0 0x00000007306a51c0 0 1 0 0 0 1 3 26133 328
0x00007aca1fc10240 0x00000007306a5240 0 0 1 0 0 1 3 26133 320
0x00007aca1fc102c0 0x00000007306a52c0 0 0 1 0 0 1 3 26133 328
0x00007aca1fc10340 0x00000007306a5340 0 1 1 0 0 1 3 26133 320
0x00007aca1fc103c0 0x00000007306a53c0 0 1 1 0 0 1 3 26133 328
0x00007aca1fc10440 0x00000007306a5440 0 0 0 0 0 1 3 26133 336
0x00007aca1fc104c0 0x00000007306a54c0 0 0 0 0 0 1 3 26133 344
0x00007aca1fc10540 0x00000007306a5540 0 1 0 0 0 1 3 26133 336
0x00007aca1fc105c0 0x00000007306a55c0 0 1 0 0 0 1 3 26133 344
0x00007aca1fc10640 0x00000007306a5640 0 0 1 0 0 1 3 26133 336
0x00007aca1fc106c0 0x00000007306a56c0 0 0 1 0 0 1 3 26133 344
0x00007aca1fc10740 0x00000007306a5740 0 1 1 0 0 1 3 26133 336
0x00007aca1fc107c0 0x00000007306a57c0 0 1 1 0 0 1 3 26133 344
0x00007aca1fc10840 0x00000007306a5840 0 0 0 0 0 1 3 26133 352
0x00007aca1fc108c0 0x00000007306a58c0 0 0 0 0 0 1 3 26133 360
0x00007aca1fc10940 0x00000007306a5940 0 1 0 0 0 1 3 26133 352
0x00007aca1fc109c0 0x00000007306a59c0 0 1 0 0 0 1 3 26133 360
0x00007aca1fc10a40 0x00000007306a5a40 0 0 1 0 0 1 3 26133 352
0x00007aca1fc10ac0 0x00000007306a5ac0 0 0 1 0 0 1 3 26133 360
0x00007aca1fc10b40 0x00000007306a5b40 0 1 1 0 0 1 3 26133 352
0x00007aca1fc10bc0 0x00000007306a5bc0 0 1 1 0 0 1 3 26133 360
0x00007aca1fc10c40 0x00000007306a5c40 0 0 0 0 0 1 3 26133 368
0x00007aca1fc10cc0 0x00000007306a5cc0 0 0 0 0 0 1 3 26133 376
0x00007aca1fc10d40 0x00000007306a5d40 0 1 0 0 0 1 3 26133 368
0x00007aca1fc10dc0 0x00000007306a5dc0 0 1 0 0 0 1 3 26133 376
0x00007aca1fc10e40 0x00000007306a5e40 0 0 1 0 0 1 3 26133 368
0x00007aca1fc10ec0 0x00000007306a5ec0 0 0 1 0 0 1 3 26133 376
0x00007aca1fc10f40 0x00000007306a5f40 0 1 1 0 0 1 3 26133 368
0x00007aca1fc10fc0 0x00000007306a5fc0 0 1 1 0 0 1 3 26133 376
0x00007aca1fc15040 0x00000007fb6af040 0 0 0 0 1 1 3 32613 448
0x00007aca1fc150c0 0x00000007fb6af0c0 0 0 0 0 1 1 3 32613 456
0x00007aca1fc15140 0x00000007fb6af140 0 1 0 0 1 1 3 32613 448
0x00007aca1fc151c0 0x00000007fb6af1c0 0 1 0 0 1 1 3 32613 456
0x00007aca1fc15240 0x00000007fb6af240 0 0 1 0 1 1 3 32613 448
0x00007aca1fc152c0 0x00000007fb6af2c0 0 0 1 0 1 1 3 32613 456
0x00007aca1fc15340 0x00000007fb6af340 0 1 1 0 1 1 3 32613 448
0x00007aca1fc153c0 0x00000007fb6af3c0 0 1 1 0 1 1 3 32613 456
0x00007aca1fc15440 0x00000007fb6af440 0 0 0 0 1 1 3 32613 464
0x00007aca1fc154c0 0x00000007fb6af4c0 0 0 0 0 1 1 3 32613 472
0x00007aca1fc15540 0x00000007fb6af540 0 1 0 0 1 1 3 32613 464
0x00007aca1fc155c0 0x00000007fb6af5c0 0 1 0 0 1 1 3 32613 472
0x00007aca1fc15640 0x00000007fb6af640 0 0 1 0 1 1 3 32613 464
0x00007aca1fc156c0 0x00000007fb6af6c0 0 0 1 0 1 1 3 32613 472
0x00007aca1fc15740 0x00000007fb6af740 0 1 1 0 1 1 3 32613 464
0x00007aca1fc157c0 0x00000007fb6af7c0 0 1 1 0 1 1 3 32613 472
0x00007aca1fc15840 0x00000007fb6af840 0 0 0 0 1 1 3 32613 480
0x00007aca1fc158c0 0x00000007fb6af8c0 0 0 0 0 1 1 3 32613 488
0x00007aca1fc15940 0x00000007fb6af940 0 1 0 0 1 1 3 32613 480
0x00007aca1fc159c0 0x00000007fb6af9c0 0 1 0 0 1 1 3 32613 488
0x00007aca1fc15a40 0x00000007fb6afa40 0 0 1 0 1 1 3 32613 480
0x00007aca1fc15ac0 0x00000007fb6afac0 0 0 1 0 1 1 3 32613 488
0x00007aca1fc15b40 0x00000007fb6afb40 0 1 1 0 1 1 3 32613 480
0x00007aca1fc15bc0 0x00000007fb6afbc0 0 1 1 0 1 1 3 32613 488
0x00007aca1fc15c40 0x00000007fb6afc40 0 0 0 0 1 1 3 32613 496
0x00007aca1fc15cc0 0x00000007fb6afcc0 0 0 0 0 1 1 3 32613 504
0x00007aca1fc15d40 0x00000007fb6afd40 0 1 0 0 1 1 3 32613 496
0x00007aca1fc15dc0 0x00000007fb6afdc0 0 1 0 0 1 1 3 32613 504
0x00007aca1fc15e40 0x00000007fb6afe40 0 0 1 0 1 1 3 32613 496
0x00007aca1fc15ec0 0x00000007fb6afec0 0 0 1 0 1 1 3 32613 504
0x00007aca1fc15f40 0x00000007fb6aff40 0 1 1 0 1 1 3 32613 496
0x00007aca1fc15fc0 0x00000007fb6affc0 0 1 1 0 1 1 3 32613 504
0x00007aca1fc19040 0x0000000e98e16040 0 0 0 0 0 1 3 58120 896
0x00007aca1fc190c0 0x0000000e98e160c0 0 0 0 0 0 1 3 58120 904
0x00007aca1fc19140 0x0000000e98e16140 0 1 0 0 0 1 3 58120 896
0x00007aca1fc191c0 0x0000000e98e161c0 0 1 0 0 0 1 3 58120 904
0x00007aca1fc19240 0x0000000e98e16240 0 0 1 0 0 1 3 58120 896
0x00007aca1fc192c0 0x0000000e98e162c0 0 0 1 0 0 1 3 58120 904
0x00007aca1fc19340 0x0000000e98e16340 0 1 1 0 0 1 3 58120 896
0x00007aca1fc193c0 0x0000000e98e163c0 0 1 1 0 0 1 3 58120 904
0x00007aca1fc19440 0x0000000e98e16440 0 0 0 0 0 1 3 58120 912
0x00007aca1fc194c0 0x0000000e98e164c0 0 0 0 0 0 1 3 58120 920
0x00007aca1fc19540 0x0000000e98e16540 0 1 0 0 0 1 3 58120 912
0x00007aca1fc195c0 0x0000000e98e165c0 0 1 0 0 0 1 3 58120 920
0x00007aca1fc19640 0x0000000e98e16640 0 0 1 0 0 1 3 58120 912
0x00007aca1fc196c0 0x0000000e98e166c0 0 0 1 0 0 1 3 58120 920
0x00007aca1fc19740 0x0000000e98e16740 0 1 1 0 0 1 3 58120 912
0x00007aca1fc197c0 0x0000000e98e167c0 0 1 1 0 0 1 3 58120 920
0x00007aca1fc19840 0x0000000e98e16840 0 0 0 0 0 1 3 58120 928
0x00007aca1fc198c0 0x0000000e98e168c0 0 0 0 0 0 1 3 58120 936
0x00007aca1fc19940 0x0000000e98e16940 0 1 0 0 0 1 3 58120 928
0x00007aca1fc199c0 0x0000000e98e169c0 0 1 0 0 0 1 3 58120 936
0x00007aca1fc19a40 0x0000000e98e16a40 0 0 1 0 0 1 3 58120 928
0x00007aca1fc19ac0 0x0000000e98e16ac0 0 0 1 0 0 1 3 58120 936
0x00007aca1fc19b40 0x0000000e98e16b40 0 1 1 0 0 1 3 58120 928
0x00007aca1fc19bc0 0x0000000e98e16bc0 0 1 1 0 0 1 3 58120 936
0x00007aca1fc19c40 0x0000000e98e16c40 0 0 0 0 0 1 3 58120 944
0x00007aca1fc19cc0 0x0000000e98e16cc0 0 0 0 0 0 1 3 58120 952
0x00007aca1fc19d40 0x0000000e98e16d40 0 1 0 0 0 1 3 58120 944
0x00007aca1fc19dc0 0x0000000e98e16dc0 0 1 0 0 0 1 3 58120 952
0x00007aca1fc19e40 0x0000000e98e16e40 0 0 1 0 0 1 3 58120 944
0x00007aca1fc19ec0 0x0000000e98e16ec0 0 0 1 0 0 1 3 58120 952
0x00007aca1fc19f40 0x0000000e98e16f40 0 1 1 0 0 1 3 58120 944
0x00007aca1fc19fc0 0x0000000e98e16fc0 0 1 1 0 0 1 3 58120 952
0x00007aca1fc3b040 0x000000045be5e040 0 0 0 0 1 1 3 15226 896
0x00007aca1fc3b0c0 0x000000045be5e0c0 0 0 0 0 1 1 3 15226 904
0x00007aca1fc3b140 0x000000045be5e140 0 1 0 0 1 1 3 15226 896
0x00007aca1fc3b1c0 0x000000045be5e1c0 0 1 0 0 1 1 3 15226 904
0x00007aca1fc3b240 0x000000045be5e240 0 0 1 0 1 1 3 15226 896
0x00007aca1fc3b2c0 0x000000045be5e2c0 0 0 1 0 1 1 3 15226 904
0x00007aca1fc3b340 0x000000045be5e340 0 1 1 0 1 1 3 15226 896
0x00007aca1fc3b3c0 0x000000045be5e3c0 0 1 1 0 1 1 3 15226 904
0x00007aca1fc3b440 0x000000045be5e440 0 0 0 0 1 1 3 15226 912
0x00007aca1fc3b4c0 0x000000045be5e4c0 0 0 0 0 1 1 3 15226 920
0x00007aca1fc3b540 0x000000045be5e540 0 1 0 0 1 1 3 15226 912
0x00007aca1fc3b5c0 0x000000045be5e5c0 0 1 0 0 1 1 3 15226 920
0x00007aca1fc3b640 0x000000045be5e640 0 0 1 0 1 1 3 15226 912
0x00007aca1fc3b6c0 0x000000045be5e6c0 0 0 1 0 1 1 3 15226 920
0x00007aca1fc3b740 0x000000045be5e740 0 1 1 0 1 1 3 15226 912
0x00007aca1fc3b7c0 0x000000045be5e7c0 0 1 1 0 1 1 3 15226 920
0x00007aca1fc3b840 0x000000045be5e840 0 0 0 0 1 1 3 15226 928
0x00007aca1fc3b8c0 0x000000045be5e8c0 0 0 0 0 1 1 3 15226 936
0x00007aca1fc3b940 0x000000045be5e940 0 1 0 0 1 1 3 15226 928
0x00007aca1fc3b9c0 0x000000045be5e9c0 0 1 0 0 1 1 3 15226 936
0x00007aca1fc3ba40 0x000000045be5ea40 0 0 1 0 1 1 3 15226 928
0x00007aca1fc3bac0 0x000000045be5eac0 0 0 1 0 1 1 3 15226 936
0x00007aca1fc3bb40 0x000000045be5eb40 0 1 1 0 1 1 3 15226 928
0x00007aca1fc3bbc0 0x000000045be5ebc0 0 1 1 0 1 1 3 15226 936
0x00007aca1fc3bc40 0x000000045be5ec40 0 0 0 0 1 1 3 15226 944
0x00007aca1fc3bcc0 0x000000045be5ecc0 0 0 0 0 1 1 3 15226 952
0x00007aca1fc3bd40 0x000000045be5ed40 0 1 0 0 1 1 3 15226 944
0x00007aca1fc3bdc0 0x000000045be5edc0 0 1 0 0 1 1 3 15226 952
0x00007aca1fc3be40 0x000000045be5ee40 0 0 1 0 1 1 3 15226 944
0x00007aca1fc3bec0 0x000000045be5eec0 0 0 1 0 1 1 3 15226 952
0x00007aca1fc3bf40 0x000000045be5ef40 0 1 1 0 1 1 3 15226 944
0x00007aca1fc3bfc0 0x000000045be5efc0 0 1 1 0 1 1 3 15226 952
0x00007aca1fc3e040 0x0000000e04695040 0 0 0 0 0 1 3 53396 832
0x00007aca1fc3e0c0 0x0000000e046950c0 0 0 0 0 0 1 3 53396 840
0x00007aca1fc3e140 0x0000000e04695140 0 1 0 0 0 1 3 53396 832
0x00007aca1fc3e1c0 0x0000000e046951c0 0 1 0 0 0 1 3 53396 840
0x00007aca1fc3e240 0x0000000e04695240 0 0 1 0 0 1 3 53396 832
0x00007aca1fc3e2c0 0x0000000e046952c0 0 0 1 0 0 1 3 53396 840
0x00007aca1fc3e340 0x0000000e04695340 0 1 1 0 0 1 3 53396 832
0x00007aca1fc3e3c0 0x0000000e046953c0 0 1 1 0 0 1 3 53396 840
0x00007aca1fc3e440 0x0000000e04695440 0 0 0 0 0 1 3 53396 848
0x00007aca1fc3e4c0 0x0000000e046954c0 0 0 0 0 0 1 3 53396 856
0x00007aca1fc3e540 0x0000000e04695540 0 1 0 0 0 1 3 53396 848
0x00007aca1fc3e5c0 0x0000000e046955c0 0 1 0 0 0 1 3 53396 856
0x00007aca1fc3e640 0x0000000e04695640 0 0 1 0 0 1 3 53396 848
0x00007aca1fc3e6c0 0x0000000e046956c0 0 0 1 0 0 1 3 53396 856
0x00007aca1fc3e740 0x0000000e04695740 0 1 1 0 0 1 3 53396 848
0x00007aca1fc3e7c0 0x0000000e046957c0 0 1 1 0 0 1 3 53396 856
0x00007aca1fc3e840 0x0000000e04695840 0 0 0 0 0 1 3 53396 864
0x00007aca1fc3e8c0 0x0000000e046958c0 0 0 0 0 0 1 3 53396 872
0x00007aca1fc3e940 0x0000000e04695940 0 1 0 0 0 1 3 53396 864
0x00007aca1fc3e9c0 0x0000000e046959c0 0 1 0 0 0 1 3 53396 872
0x00007aca1fc3ea40 0x0000000e04695a40 0 0 1 0 0 1 3 53396 864
0x00007aca1fc3eac0 0x0000000e04695ac0 0 0 1 0 0 1 3 53396 872
0x00007aca1fc3eb40 0x0000000e04695b40 0 1 1 0 0 1 3 53396 864
0x00007aca1fc3ebc0 0x0000000e04695bc0 0 1 1 0 0 1 3 53396 872
0x00007aca1fc3ec40 0x0000000e04695c40 0 0 0 0 0 1 3 53396 880
0x00007aca1fc3ecc0 0x0000000e04695cc0 0 0 0 0 0 1 3 53396 888
0x00007aca1fc3ed40 0x0000000e04695d40 0 1 0 0 0 1 3 53396 880
0x00007aca1fc3edc0 0x0000000e04695dc0 0 1 0 0 0 1 3 53396 888
0x00007aca1fc3ee40 0x0000000e04695e40 0 0 1 0 0 1 3 53396 880
0x00007aca1fc3eec0 0x0000000e04695ec0 0 0 1 0 0 1 3 53396 888
0x00007aca1fc3ef40 0x0000000e04695f40 0 1 1 0 0 1 3 53396 880
0x00007aca1fc3efc0 0x0000000e04695fc0 0 1 1 0 0 1 3 53396 888
0x00007aca1fc48040 0x0000000273e51040 0 0 0 0 0 1 3 7802 576
0x00007aca1fc480c0 0x0000000273e510c0 0 0 0 0 0 1 3 7802 584
0x00007aca1fc48140 0x0000000273e51140 0 1 0 0 0 1 3 7802 576
0x00007aca1fc481c0 0x0000000273e511c0 0 1 0 0 0 1 3 7802 584
0x00007aca1fc48240 0x0000000273e51240 0 0 1 0 0 1 3 7802 576
0x00007aca1fc482c0 0x0000000273e512c0 0 0 1 0 0 1 3 7802 584
0x00007aca1fc48340 0x0000000273e51340 0 1 1 0 0 1 3 7802 576
0x00007aca1fc483c0 0x0000000273e513c0 0 1 1 0 0 1 3 7802 584
0x00007aca1fc48440 0x0000000273e51440 0 0 0 0 0 1 3 7802 592
0x00007aca1fc484c0 0x0000000273e514c0 0 0 0 0 0 1 3 7802 600
0x00007aca1fc48540 0x0000000273e51540 0 1 0 0 0 1 3 7802 592
0x00007aca1fc485c0 0x0000000273e515c0 0 1 0 0 0 1 3 7802 600
0x00007aca1fc48640 0x0000000273e51640 0 0 1 0 0 1 3 7802 592
0x00007aca1fc486c0 0x0000000273e516c0 0 0 1 0 0 1 3 7802 600
0x00007aca1fc48740 0x0000000273e51740 0 1 1 0 0 1 3 7802 592
0x00007aca1fc487c0 0x0000000273e517c0 0 1 1 0 0 1 3 7802 600
0x00007aca1fc48840 0x0000000273e51840 0 0 0 0 0 1 3 7802 608
0x00007aca1fc488c0 0x0000000273e518c0 0 0 0 0 0 1 3 7802 616
0x00007aca1fc48940 0x0000000273e51940 0 1 0 0 0 1 3 7802 608
0x00007aca1fc489c0 0x0000000273e519c0 0 1 0 0 0 1 3 7802 616
0x00007aca1fc48a40 0x0000000273e51a40 0 0 1 0 0 1 3 7802 608
0x00007aca1fc48ac0 0x0000000273e51ac0 0 0 1 0 0 1 3 7802 616
0x00007aca1fc48b40 0x0000000273e51b40 0 1 1 0 0 1 3 7802 608
0x00007aca1fc48bc0 0x0000000273e51bc0 0 1 1 0 0 1 3 7802 616
0x00007aca1fc48c40 0x0000000273e51c40 0 0 0 0 0 1 3 7802 624
0x00007aca1fc48cc0 0x0000000273e51cc0 0 0 0 0 0 1 3 7802 632
0x00007aca1fc48d40 0x0000000273e51d40 0 1 0 0 0 1 3 7802 624
0x00007aca1fc48dc0 0x0000000273e51dc0 0 1 0 0 0 1 3 7802 632
0x00007aca1fc48e40 0x0000000273e51e40 0 0 1 0 0 1 3 7802 624
0x00007aca1fc48ec0 0x0000000273e51ec0 0 0 1 0 0 1 3 7802 632
0x00007aca1fc48f40 0x0000000273e51f40 0 1 1 0 0 1 3 7802 624
0x00007aca1fc48fc0 0x0000000273e51fc0 0 1 1 0 0 1 3 7802 632
0x00007aca1fc4b040 0x0000000d3ee3c040 0 0 0 0 1 1 3 51161 768
0x00007aca1fc4b0c0 0x0000000d3ee3c0c0 0 0 0 0 1 1 3 51161 776
0x00007aca1fc4b140 0x0000000d3ee3c140 0 1 0 0 1 1 3 51161 768
0x00007aca1fc4b1c0 0x0000000d3ee3c1c0 0 1 0 0 1 1 3 51161 776
0x00007aca1fc4b240 0x0000000d3ee3c240 0 0 1 0 1 1 3 51161 768
0x00007aca1fc4b2c0 0x0000000d3ee3c2c0 0 0 1 0 1 1 3 51161 776
0x00007aca1fc4b340 0x0000000d3ee3c340 0 1 1 0 1 1 3 51161 768
0x00007aca1fc4b3c0 0x0000000d3ee3c3c0 0 1 1 0 1 1 3 51161 776
0x00007aca1fc4b440 0x0000000d3ee3c440 0 0 0 0 1 1 3 51161 784
0x00007aca1fc4b4c0 0x0000000d3ee3c4c0 0 0 0 0 1 1 3 51161 792
0x00007aca1fc4b540 0x0000000d3ee3c540 0 1 0 0 1 1 3 51161 784
0x00007aca1fc4b5c0 0x0000000d3ee3c5c0 0 1 0 0 1 1 3 51161 792
0x00007aca1fc4b640 0x0000000d3ee3c640 0 0 1 0 1 1 3 51161 784
0x00007aca1fc4b6c0 0x0000000d3ee3c6c0 0 0 1 0 1 1 3 51161 792
0x00007aca1fc4b740 0x0000000d3ee3c740 0 1 1 0 1 1 3 51161 784
0x00007aca1fc4b7c0 0x0000000d3ee3c7c0 0 1 1 0 1 1 3 51161 792
0x00007aca1fc4b840 0x0000000d3ee3c840 0 0 0 0 1 1 3 51161 800
0x00007aca1fc4b8c0 0x0000000d3ee3c8c0 0 0 0 0 1 1 3 51161 808
0x00007aca1fc4b940 0x0000000d3ee3c940 0 1 0 0 1 1 3 51161 800
0x00007aca1fc4b9c0 0x0000000d3ee3c9c0 0 1 0 0 1 1 3 51161 808
0x00007aca1fc4ba40 0x0000000d3ee3ca40 0 0 1 0 1 1 3 51161 800
0x00007aca1fc4bac0 0x0000000d3ee3cac0 0 0 1 0 1 1 3 51161 808
0x00007aca1fc4bb40 0x0000000d3ee3cb40 0 1 1 0 1 1 3 51161 800
0x00007aca1fc4bbc0 0x0000000d3ee3cbc0 0 1 1 0 1 1 3 51161 808
0x00007aca1fc4bc40 0x0000000d3ee3cc40 0 0 0 0 1 1 3 51161 816
0x00007aca1fc4bcc0 0x0000000d3ee3ccc0 0 0 0 0 1 1 3 51161 824
0x00007aca1fc4bd40 0x0000000d3ee3cd40 0 1 0 0 1 1 3 51161 816
0x00007aca1fc4bdc0 0x0000000d3ee3cdc0 0 1 0 0 1 1 3 51161 824
0x00007aca1fc4be40 0x0000000d3ee3ce40 0 0 1 0 1 1 3 51161 816
0x00007aca1fc4bec0 0x0000000d3ee3cec0 0 0 1 0 1 1 3 51161 824
0x00007aca1fc4bf40 0x0000000d3ee3cf40 0 1 1 0 1 1 3 51161 816
0x00007aca1fc4bfc0 0x0000000d3ee3cfc0 0 1 1 0 1 1 3 51161 824
0x00007aca1fc5e040 0x0000000e726e5040 0 0 0 0 0 1 3 56919 320
0x00007aca1fc5e0c0 0x0000000e726e50c0 0 0 0 0 0 1 3 56919 328
0x00007aca1fc5e140 0x0000000e726e5140 0 1 0 0 0 1 3 56919 320
0x00007aca1fc5e1c0 0x0000000e726e51c0 0 1 0 0 0 1 3 56919 328
0x00007aca1fc5e240 0x0000000e726e5240 0 0 1 0 0 1 3 56919 320
0x00007aca1fc5e2c0 0x0000000e726e52c0 0 0 1 0 0 1 3 56919 328
0x00007aca1fc5e340 0x0000000e726e5340 0 1 1 0 0 1 3 56919 320
0x00007aca1fc5e3c0 0x0000000e726e53c0 0 1 1 0 0 1 3 56919 328
0x00007aca1fc5e440 0x0000000e726e5440 0 0 0 0 0 1 3 56919 336
0x00007aca1fc5e4c0 0x0000000e726e54c0 0 0 0 0 0 1 3 56919 344
0x00007aca1fc5e540 0x0000000e726e5540 0 1 0 0 0 1 3 56919 336
0x00007aca1fc5e5c0 0x0000000e726e55c0 0 1 0 0 0 1 3 56919 344
0x00007aca1fc5e640 0x0000000e726e5640 0 0 1 0 0 1 3 56919 336
0x00007aca1fc5e6c0 0x0000000e726e56c0 0 0 1 0 0 1 3 56919 344
0x00007aca1fc5e740 0x0000000e726e5740 0 1 1 0 0 1 3 56919 336
0x00007aca1fc5e7c0 0x0000000e726e57c0 0 1 1 0 0 1 3 56919 344
0x00007aca1fc5e840 0x0000000e726e5840 0 0 0 0 0 1 3 56919 352
0x00007aca1fc5e8c0 0x0000000e726e58c0 0 0 0 0 0 1 3 56919 360
0x00007aca1fc5e940 0x0000000e726e5940 0 1 0 0 0 1 3 56919 352
0x00007aca1fc5e9c0 0x0000000e726e59c0 0 1 0 0 0 1 3 56919 360
0x00007aca1fc5ea40 0x0000000e726e5a40 0 0 1 0 0 1 3 56919 352
0x00007aca1fc5eac0 0x0000000e726e5ac0 0 0 1 0 0 1 3 56919 360
0x00007aca1fc5eb40 0x0000000e726e5b40 0 1 1 0 0 1 3 56919 352
0x00007aca1fc5ebc0 0x0000000e726e5bc0 0 1 1 0 0 1 3 56919 360
0x00007aca1fc5ec40 0x0000000e726e5c40 0 0 0 0 0 1 3 56919 368
0x00007aca1fc5ecc0 0x0000000e726e5cc0 0 0 0 0 0 1 3 56919 376
0x00007aca1fc5ed40 0x0000000e726e5d40 0 1 0 0 0 1 3 56919 368
0x00007aca1fc5edc0 0x0000000e726e5dc0 0 1 0 0 0 1 3 56919 376
0x00007aca1fc5ee40 0x0000000e726e5e40 0 0 1 0 0 1 3 56919 368
0x00007aca1fc5eec0 0x0000000e726e5ec0 0 0 1 0 0 1 3 56919 376
0x00007aca1fc5ef40 0x0000000e726e5f40 0 1 1 0 0 1 3 56919 368
0x00007aca1fc5efc0 0x0000000e726e5fc0 0 1 1 0 0 1 3 56919 376
0x00007aca1fc6b040 0x0000000ad5e45040 0 0 0 0 0 1 3 43690 320
0x00007aca1fc6b0c0 0x0000000ad5e450c0 0 0 0 0 0 1 3 43690 328
0x00007aca1fc6b140 0x0000000ad5e45140 0 1 0 0 0 1 3 43690 320
0x00007aca1fc6b1c0 0x0000000ad5e451c0 0 1 0 0 0 1 3 43690 328
0x00007aca1fc6b240 0x0000000ad5e45240 0 0 1 0 0 1 3 43690 320
0x00007aca1fc6b2c0 0x0000000ad5e452c0 0 0 1 0 0 1 3 43690 328
0x00007aca1fc6b340 0x0000000ad5e45340 0 1 1 0 0 1 3 43690 320
0x00007aca1fc6b3c0 0x0000000ad5e453c0 0 1 1 0 0 1 3 43690 328
0x00007aca1fc6b440 0x0000000ad5e45440 0 0 0 0 0 1 3 43690 336
0x00007aca1fc6b4c0 0x0000000ad5e454c0 0 0 0 0 0 1 3 43690 344
0x00007aca1fc6b540 0x0000000ad5e45540 0 1 0 0 0 1 3 43690 336
0x00007aca1fc6b5c0 0x0000000ad5e455c0 0 1 0 0 0 1 3 43690 344
0x00007aca1fc6b640 0x0000000ad5e45640 0 0 1 0 0 1 3 43690 336
0x00007aca1fc6b6c0 0x0000000ad5e456c0 0 0 1 0 0 1 3 43690 344
0x00007aca1fc6b740 0x0000000ad5e45740 0 1 1 0 0 1 3 43690 336
0x00007aca1fc6b7c0 0x0000000ad5e457c0 0 1 1 0 0 1 3 43690 344
0x00007aca1fc6b840 0x0000000ad5e45840 0 0 0 0 0 1 3 43690 352
0x00007aca1fc6b8c0 0x0000000ad5e458c0 0 0 0 0 0 1 3 43690 360
0x00007aca1fc6b940 0x0000000ad5e45940 0 1 0 0 0 1 3 43690 352
0x00007aca1fc6b9c0 0x0000000ad5e459c0 0 1 0 0 0 1 3 43690 360
0x00007aca1fc6ba40 0x0000000ad5e45a40 0 0 1 0 0 1 3 43690 352
0x00007aca1fc6bac0 0x0000000ad5e45ac0 0 0 1 0 0 1 3 43690 360
0x00007aca1fc6bb40 0x0000000ad5e45b40 0 1 1 0 0 1 3 43690 352
0x00007aca1fc6bbc0 0x0000000ad5e45bc0 0 1 1 0 0 1 3 43690 360
0x00007aca1fc6bc40 0x0000000ad5e45c40 0 0 0 0 0 1 3 43690 368
0x00007aca1fc6bcc0 0x0000000ad5e45cc0 0 0 0 0 0 1 3 43690 376
0x00007aca1fc6bd40 0x0000000ad5e45d40 0 1 0 0 0 1 3 43690 368
0x00007aca1fc6bdc0 0x0000000ad5e45dc0 0 1 0 0 0 1 3 43690 376
0x00007aca1fc6be40 0x0000000ad5e45e40 0 0 1 0 0 1 3 43690 368
0x00007aca1fc6bec0 0x0000000ad5e45ec0 0 0 1 0 0 1 3 43690 376
0x00007aca1fc6bf40 0x0000000ad5e45f40 0 1 1 0 0 1 3 43690 368
0x00007aca1fc6bfc0 0x0000000ad5e45fc0 0 1 1 0 0 1 3 43690 376
0x00007aca1fc6d040 0x0000000d736e1040 0 0 0 0 0 1 3 52855 64
0x00007aca1fc6d0c0 0x0000000d736e10c0 0 0 0 0 0 1 3 52855 72
0x00007aca1fc6d140 0x0000000d736e1140 0 1 0 0 0 1 3 52855 64
0x00007aca1fc6d1c0 0x0000000d736e11c0 0 1 0 0 0 1 3 52855 72
0x00007aca1fc6d240 0x0000000d736e1240 0 0 1 0 0 1 3 52855 64
0x00007aca1fc6d2c0 0x0000000d736e12c0 0 0 1 0 0 1 3 52855 72
0x00007aca1fc6d340 0x0000000d736e1340 0 1 1 0 0 1 3 52855 64
0x00007aca1fc6d3c0 0x0000000d736e13c0 0 1 1 0 0 1 3 52855 72
0x00007aca1fc6d440 0x0000000d736e1440 0 0 0 0 0 1 3 52855 80
0x00007aca1fc6d4c0 0x0000000d736e14c0 0 0 0 0 0 1 3 52855 88
0x00007aca1fc6d540 0x0000000d736e1540 0 1 0 0 0 1 3 52855 80
0x00007aca1fc6d5c0 0x0000000d736e15c0 0 1 0 0 0 1 3 52855 88
0x00007aca1fc6d640 0x0000000d736e1640 0 0 1 0 0 1 3 52855 80
0x00007aca1fc6d6c0 0x0000000d736e16c0 0 0 1 0 0 1 3 52855 88
0x00007aca1fc6d740 0x0000000d736e1740 0 1 1 0 0 1 3 52855 80
0x00007aca1fc6d7c0 0x0000000d736e17c0 0 1 1 0 0 1 3 52855 88
0x00007aca1fc6d840 0x0000000d736e1840 0 0 0 0 0 1 3 52855 96
0x00007aca1fc6d8c0 0x0000000d736e18c0 0 0 0 0 0 1 3 52855 104
0x00007aca1fc6d940 0x0000000d736e1940 0 1 0 0 0 1 3 52855 96
0x00007aca1fc6d9c0 0x0000000d736e19c0 0 1 0 0 0 1 3 52855 104
0x00007aca1fc6da40 0x0000000d736e1a40 0 0 1 0 0 1 3 52855 96
0x00007aca1fc6dac0 0x0000000d736e1ac0 0 0 1 0 0 1 3 52855 104
0x00007aca1fc6db40 0x0000000d736e1b40 0 1 1 0 0 1 3 52855 96
0x00007aca1fc6dbc0 0x0000000d736e1bc0 0 1 1 0 0 1 3 52855 104
0x00007aca1fc6dc40 0x0000000d736e1c40 0 0 0 0 0 1 3 52855 112
0x00007aca1fc6dcc0 0x0000000d736e1cc0 0 0 0 0 0 1 3 52855 120
0x00007aca1fc6dd40 0x0000000d736e1d40 0 1 0 0 0 1 3 52855 112
0x00007aca1fc6ddc0 0x0000000d736e1dc0 0 1 0 0 0 1 3 52855 120
0x00007aca1fc6de40 0x0000000d736e1e40 0 0 1 0 0 1 3 52855 112
0x00007aca1fc6dec0 0x0000000d736e1ec0 0 0 1 0 0 1 3 52855 120
0x00007aca1fc6df40 0x0000000d736e1f40 0 1 1 0 0 1 3 52855 112
0x00007aca1fc6dfc0 0x0000000d736e1fc0 0 1 1 0 0 1 3 52855 120
0x00007aca1fc73040 0x0000000aab64e040 0 0 0 0 1 1 3 42338 384
0x00007aca1fc730c0 0x0000000aab64e0c0 0 0 0 0 1 1 3 42338 392
0x00007aca1fc73140 0x0000000aab64e140 0 1 0 0 1 1 3 42338 384
0x00007aca1fc731c0 0x0000000aab64e1c0 0 1 0 0 1 1 3 42338 392
0x00007aca1fc73240 0x0000000aab64e240 0 0 1 0 1 1 3 42338 384
0x00007aca1fc732c0 0x0000000aab64e2c0 0 0 1 0 1 1 3 42338 392
0x00007aca1fc73340 0x0000000aab64e340 0 1 1 0 1 1 3 42338 384
0x00007aca1fc733c0 0x0000000aab64e3c0 0 1 1 0 1 1 3 42338 392
0x00007aca1fc73440 0x0000000aab64e440 0 0 0 0 1 1 3 42338 400
0x00007aca1fc734c0 0x0000000aab64e4c0 0 0 0 0 1 1 3 42338 408
0x00007aca1fc73540 0x0000000aab64e540 0 1 0 0 1 1 3 42338 400
0x00007aca1fc735c0 0x0000000aab64e5c0 0 1 0 0 1 1 3 42338 408
0x00007aca1fc73640 0x0000000aab64e640 0 0 1 0 1 1 3 42338 400
0x00007aca1fc736c0 0x0000000aab64e6c0 0 0 1 0 1 1 3 42338 408
0x00007aca1fc73740 0x0000000aab64e740 0 1 1 0 1 1 3 42338 400
0x00007aca1fc737c0 0x0000000aab64e7c0 0 1 1 0 1 1 3 42338 408
0x00007aca1fc73840 0x0000000aab64e840 0 0 0 0 1 1 3 42338 416
0x00007aca1fc738c0 0x0000000aab64e8c0 0 0 0 0 1 1 3 42338 424
0x00007aca1fc73940 0x0000000aab64e940 0 1 0 0 1 1 3 42338 416
0x00007aca1fc739c0 0x0000000aab64e9c0 0 1 0 0 1 1 3 42338 424
0x00007aca1fc73a40 0x0000000aab64ea40 0 0 1 0 1 1 3 42338 416
0x00007aca1fc73ac0 0x0000000aab64eac0 0 0 1 0 1 1 3 42338 424
0x00007aca1fc73b40 0x0000000aab64eb40 0 1 1 0 1 1 3 42338 416
0x00007aca1fc73bc0 0x0000000aab64ebc0 0 1 1 0 1 1 3 42338 424
0x00007aca1fc73c40 0x0000000aab64ec40 0 0 0 0 1 1 3 42338 432
0x00007aca1fc73cc0 0x0000000aab64ecc0 0 0 0 0 1 1 3 42338 440
0x00007aca1fc73d40 0x0000000aab64ed40 0 1 0 0 1 1 3 42338 432
0x00007aca1fc73dc0 0x0000000aab64edc0 0 1 0 0 1 1 3 42338 440
0x00007aca1fc73e40 0x0000000aab64ee40 0 0 1 0 1 1 3 42338 432
0x00007aca1fc73ec0 0x0000000aab64eec0 0 0 1 0 1 1 3 42338 440
0x00007aca1fc73f40 0x0000000aab64ef40 0 1 1 0 1 1 3 42338 432
0x00007aca1fc73fc0 0x0000000aab64efc0 0 1 1 0 1 1 3 42338 440
0x00007aca1fc75040 0x0000000a93ea1040 0 0 0 0 0 1 3 41581 64
0x00007aca1fc750c0 0x0000000a93ea10c0 0 0 0 0 0 1 3 41581 72
0x00007aca1fc75140 0x0000000a93ea1140 0 1 0 0 0 1 3 41581 64
0x00007aca1fc751c0 0x0000000a93ea11c0 0 1 0 0 0 1 3 41581 72
0x00007aca1fc75240 0x0000000a93ea1240 0 0 1 0 0 1 3 41581 64
0x00007aca1fc752c0 0x0000000a93ea12c0 0 0 1 0 0 1 3 41581 72
0x00007aca1fc75340 0x0000000a93ea1340 0 1 1 0 0 1 3 41581 64
0x00007aca1fc753c0 0x0000000a93ea13c0 0 1 1 0 0 1 3 41581 72
0x00007aca1fc75440 0x0000000a93ea1440 0 0 0 0 0 1 3 41581 80
0x00007aca1fc754c0 0x0000000a93ea14c0 0 0 0 0 0 1 3 41581 88
0x00007aca1fc75540 0x0000000a93ea1540 0 1 0 0 0 1 3 41581 80
0x00007aca1fc755c0 0x0000000a93ea15c0 0 1 0 0 0 1 3 41581 88
0x00007aca1fc75640 0x0000000a93ea1640 0 0 1 0 0 1 3 41581 80
0x00007aca1fc756c0 0x0000000a93ea16c0 0 0 1 0 0 1 3 41581 88
0x00007aca1fc75740 0x0000000a93ea1740 0 1 1 0 0 1 3 41581 80
0x00007aca1fc757c0 0x0000000a93ea17c0 0 1 1 0 0 1 3 41581 88
0x00007aca1fc75840 0x0000000a93ea1840 0 0 0 0 0 1 3 41581 96
0x00007aca1fc758c0 0x0000000a93ea18c0 0 0 0 0 0 1 3 41581 104
0x00007aca1fc75940 0x0000000a93ea1940 0 1 0 0 0 1 3 41581 96
0x00007aca1fc759c0 0x0000000a93ea19c0 0 1 0 0 0 1 3 41581 104
0x00007aca1fc75a40 0x0000000a93ea1a40 0 0 1 0 0 1 3 41581 96
0x00007aca1fc75ac0 0x0000000a93ea1ac0 0 0 1 0 0 1 3 41581 104
0x00007aca1fc75b40 0x0000000a93ea1b40 0 1 1 0 0 1 3 41581 96
0x00007aca1fc75bc0 0x0000000a93ea1bc0 0 1 1 0 0 1 3 41581 104
0x00007aca1fc75c40 0x0000000a93ea1c40 0 0 0 0 0 1 3 41581 112
0x00007aca1fc75cc0 0x0000000a93ea1cc0 0 0 0 0 0 1 3 41581 120
0x00007aca1fc75d40 0x0000000a93ea1d40 0 1 0 0 0 1 3 41581 112
0x00007aca1fc75dc0 0x0000000a93ea1dc0 0 1 0 0 0 1 3 41581 120
0x00007aca1fc75e40 0x0000000a93ea1e40 0 0 1 0 0 1 3 41581 112
0x00007aca1fc75ec0 0x0000000a93ea1ec0 0 0 1 0 0 1 3 41581 120
0x00007aca1fc75f40 0x0000000a93ea1f40 0 1 1 0 0 1 3 41581 112
0x00007aca1fc75fc0 0x0000000a93ea1fc0 0 1 1 0 0 1 3 41581 120
0x00007aca1fc81040 0x0000000dec6e9040 0 0 0 0 1 1 3 56711 64
0x00007aca1fc810c0 0x0000000dec6e90c0 0 0 0 0 1 1 3 56711 72
0x00007aca1fc81140 0x0000000dec6e9140 0 1 0 0 1 1 3 56711 64
0x00007aca1fc811c0 0x0000000dec6e91c0 0 1 0 0 1 1 3 56711 72
0x00007aca1fc81240 0x0000000dec6e9240 0 0 1 0 1 1 3 56711 64
0x00007aca1fc812c0 0x0000000dec6e92c0 0 0 1 0 1 1 3 56711 72
0x00007aca1fc81340 0x0000000dec6e9340 0 1 1 0 1 1 3 56711 64
0x00007aca1fc813c0 0x0000000dec6e93c0 0 1 1 0 1 1 3 56711 72
0x00007aca1fc81440 0x0000000dec6e9440 0 0 0 0 1 1 3 56711 80
0x00007aca1fc814c0 0x0000000dec6e94c0 0 0 0 0 1 1 3 56711 88
0x00007aca1fc81540 0x0000000dec6e9540 0 1 0 0 1 1 3 56711 80
0x00007aca1fc815c0 0x0000000dec6e95c0 0 1 0 0 1 1 3 56711 88
0x00007aca1fc81640 0x0000000dec6e9640 0 0 1 0 1 1 3 56711 80
0x00007aca1fc816c0 0x0000000dec6e96c0 0 0 1 0 1 1 3 56711 88
0x00007aca1fc81740 0x0000000dec6e9740 0 1 1 0 1 1 3 56711 80
0x00007aca1fc817c0 0x0000000dec6e97c0 0 1 1 0 1 1 3 56711 88
0x00007aca1fc81840 0x0000000dec6e9840 0 0 0 0 1 1 3 56711 96
0x00007aca1fc818c0 0x0000000dec6e98c0 0 0 0 0 1 1 3 56711 104
0x00007aca1fc81940 0x0000000dec6e9940 0 1 0 0 1 1 3 56711 96
0x00007aca1fc819c0 0x0000000dec6e99c0 0 1 0 0 1 1 3 56711 104
0x00007aca1fc81a40 0x0000000dec6e9a40 0 0 1 0 1 1 3 56711 96
0x00007aca1fc81ac0 0x0000000dec6e9ac0 0 0 1 0 1 1 3 56711 104
0x00007aca1fc81b40 0x0000000dec6e9b40 0 1 1 0 1 1 3 56711 96
0x00007aca1fc81bc0 0x0000000dec6e9bc0 0 1 1 0 1 1 3 56711 104
0x00007aca1fc81c40 0x0000000dec6e9c40 0 0 0 0 1 1 3 56711 112
0x00007aca1fc81cc0 0x0000000dec6e9cc0 0 0 0 0 1 1 3 56711 120
0x00007aca1fc81d40 0x0000000dec6e9d40 0 1 0 0 1 1 3 56711 112
0x00007aca1fc81dc0 0x0000000dec6e9dc0 0 1 0 0 1 1 3 56711 120
0x00007aca1fc81e40 0x0000000dec6e9e40 0 0 1 0 1 1 3 56711 112
0x00007aca1fc81ec0 0x0000000dec6e9ec0 0 0 1 0 1 1 3 56711 120
0x00007aca1fc81f40 0x0000000dec6e9f40 0 1 1 0 1 1 3 56711 112
0x00007aca1fc81fc0 0x0000000dec6e9fc0 0 1 1 0 1 1 3 56711 120
0x00007aca1fc89040 0x000000026963c040 0 0 0 0 1 1 3 7473 768
0x00007aca1fc890c0 0x000000026963c0c0 0 0 0 0 1 1 3 7473 776
0x00007aca1fc89140 0x000000026963c140 0 1 0 0 1 1 3 7473 768
0x00007aca1fc891c0 0x000000026963c1c0 0 1 0 0 1 1 3 7473 776
0x00007aca1fc89240 0x000000026963c240 0 0 1 0 1 1 3 7473 768
0x00007aca1fc892c0 0x000000026963c2c0 0 0 1 0 1 1 3 7473 776
0x00007aca1fc89340 0x000000026963c340 0 1 1 0 1 1 3 7473 768
0x00007aca1fc893c0 0x000000026963c3c0 0 1 1 0 1 1 3 7473 776
0x00007aca1fc89440 0x000000026963c440 0 0 0 0 1 1 3 7473 784
0x00007aca1fc894c0 0x000000026963c4c0 0 0 0 0 1 1 3 7473 792
0x00007aca1fc89540 0x000000026963c540 0 1 0 0 1 1 3 7473 784
0x00007aca1fc895c0 0x000000026963c5c0 0 1 0 0 1 1 3 7473 792
0x00007aca1fc89640 0x000000026963c640 0 0 1 0 1 1 3 7473 784
0x00007aca1fc896c0 0x000000026963c6c0 0 0 1 0 1 1 3 7473 792
0x00007aca1fc89740 0x000000026963c740 0 1 1 0 1 1 3 7473 784
0x00007aca1fc897c0 0x000000026963c7c0 0 1 1 0 1 1 3 7473 792
0x00007aca1fc89840 0x000000026963c840 0 0 0 0 1 1 3 7473 800
0x00007aca1fc898c0 0x000000026963c8c0 0 0 0 0 1 1 3 7473 808
0x00007aca1fc89940 0x000000026963c940 0 1 0 0 1 1 3 7473 800
0x00007aca1fc899c0 0x000000026963c9c0 0 1 0 0 1 1 3 7473 808
0x00007aca1fc89a40 0x000000026963ca40 0 0 1 0 1 1 3 7473 800
0x00007aca1fc89ac0 0x000000026963cac0 0 0 1 0 1 1 3 7473 808
0x00007aca1fc89b40 0x000000026963cb40 0 1 1 0 1 1 3 7473 800
0x00007aca1fc89bc0 0x000000026963cbc0 0 1 1 0 1 1 3 7473 808
0x00007aca1fc89c40 0x000000026963cc40 0 0 0 0 1 1 3 7473 816
0x00007aca1fc89cc0 0x000000026963ccc0 0 0 0 0 1 1 3 7473 824
0x00007aca1fc89d40 0x000000026963cd40 0 1 0 0 1 1 3 7473 816
0x00007aca1fc89dc0 0x000000026963cdc0 0 1 0 0 1 1 3 7473 824
0x00007aca1fc89e40 0x000000026963ce40 0 0 1 0 1 1 3 7473 816
0x00007aca1fc89ec0 0x000000026963cec0 0 0 1 0 1 1 3 7473 824
0x00007aca1fc89f40 0x000000026963cf40 0 1 1 0 1 1 3 7473 816
0x00007aca1fc89fc0 0x000000026963cfc0 0 1 1 0 1 1 3 7473 824
0x00007aca1fc8a040 0x0000000792e03040 0 0 0 0 0 1 3 29256 192
0x00007aca1fc8a0c0 0x0000000792e030c0 0 0 0 0 0 1 3 29256 200
0x00007aca1fc8a140 0x0000000792e03140 0 1 0 0 0 1 3 29256 192
0x00007aca1fc8a1c0 0x0000000792e031c0 0 1 0 0 0 1 3 29256 200
0x00007aca1fc8a240 0x0000000792e03240 0 0 1 0 0 1 3 29256 192
0x00007aca1fc8a2c0 0x0000000792e032c0 0 0 1 0 0 1 3 29256 200
0x00007aca1fc8a340 0x0000000792e03340 0 1 1 0 0 1 3 29256 192
0x00007aca1fc8a3c0 0x0000000792e033c0 0 1 1 0 0 1 3 29256 200
0x00007aca1fc8a440 0x0000000792e03440 0 0 0 0 0 1 3 29256 208
0x00007aca1fc8a4c0 0x0000000792e034c0 0 0 0 0 0 1 3 29256 216
0x00007aca1fc8a540 0x0000000792e03540 0 1 0 0 0 1 3 29256 208
0x00007aca1fc8a5c0 0x0000000792e035c0 0 1 0 0 0 1 3 29256 216
0x00007aca1fc8a640 0x0000000792e03640 0 0 1 0 0 1 3 29256 208
0x00007aca1fc8a6c0 0x0000000792e036c0 0 0 1 0 0 1 3 29256 216
0x00007aca1fc8a740 0x0000000792e03740 0 1 1 0 0 1 3 29256 208
0x00007aca1fc8a7c0 0x0000000792e037c0 0 1 1 0 0 1 3 29256 216
0x00007aca1fc8a840 0x0000000792e03840 0 0 0 0 0 1 3 29256 224
0x00007aca1fc8a8c0 0x0000000792e038c0 0 0 0 0 0 1 3 29256 232
0x00007aca1fc8a940 0x0000000792e03940 0 1 0 0 0 1 3 29256 224
0x00007aca1fc8a9c0 0x0000000792e039c0 0 1 0 0 0 1 3 29256 232
0x00007aca1fc8aa40 0x0000000792e03a40 0 0 1 0 0 1 3 29256 224
0x00007aca1fc8aac0 0x0000000792e03ac0 0 0 1 0 0 1 3 29256 232
0x00007aca1fc8ab40 0x0000000792e03b40 0 1 1 0 0 1 3 29256 224
0x00007aca1fc8abc0 0x0000000792e03bc0 0 1 1 0 0 1 3 29256 232
0x00007aca1fc8ac40 0x0000000792e03c40 0 0 0 0 0 1 3 29256 240
0x00007aca1fc8acc0 0x0000000792e03cc0 0 0 0 0 0 1 3 29256 248
0x00007aca1fc8ad40 0x0000000792e03d40 0 1 0 0 0 1 3 29256 240
0x00007aca1fc8adc0 0x0000000792e03dc0 0 1 0 0 0 1 3 29256 248
0x00007aca1fc8ae40 0x0000000792e03e40 0 0 1 0 0 1 3 29256 240
0x00007aca1fc8aec0 0x0000000792e03ec0 0 0 1 0 0 1 3 29256 248
0x00007aca1fc8af40 0x0000000792e03f40 0 1 1 0 0 1 3 29256 240
0x00007aca1fc8afc0 0x0000000792e03fc0 0 1 1 0 0 1 3 29256 248
0x00007aca1fc94040 0x0000000e52602040 0 0 0 0 0 1 3 55888 128
0x00007aca1fc940c0 0x0000000e526020c0 0 0 0 0 0 1 3 55888 136
0x00007aca1fc94140 0x0000000e52602140 0 1 0 0 0 1 3 55888 128
0x00007aca1fc941c0 0x0000000e526021c0 0 1 0 0 0 1 3 55888 136
0x00007aca1fc94240 0x0000000e52602240 0 0 1 0 0 1 3 55888 128
0x00007aca1fc942c0 0x0000000e526022c0 0 0 1 0 0 1 3 55888 136
0x00007aca1fc94340 0x0000000e52602340 0 1 1 0 0 1 3 55888 128
0x00007aca1fc943c0 0x0000000e526023c0 0 1 1 0 0 1 3 55888 136
0x00007aca1fc94440 0x0000000e52602440 0 0 0 0 0 1 3 55888 144
0x00007aca1fc944c0 0x0000000e526024c0 0 0 0 0 0 1 3 55888 152
0x00007aca1fc94540 0x0000000e52602540 0 1 0 0 0 1 3 55888 144
0x00007aca1fc945c0 0x0000000e526025c0 0 1 0 0 0 1 3 55888 152
0x00007aca1fc94640 0x0000000e52602640 0 0 1 0 0 1 3 55888 144
0x00007aca1fc946c0 0x0000000e526026c0 0 0 1 0 0 1 3 55888 152
0x00007aca1fc94740 0x0000000e52602740 0 1 1 0 0 1 3 55888 144
0x00007aca1fc947c0 0x0000000e526027c0 0 1 1 0 0 1 3 55888 152
0x00007aca1fc94840 0x0000000e52602840 0 0 0 0 0 1 3 55888 160
0x00007aca1fc948c0 0x0000000e526028c0 0 0 0 0 0 1 3 55888 168
0x00007aca1fc94940 0x0000000e52602940 0 1 0 0 0 1 3 55888 160
0x00007aca1fc949c0 0x0000000e526029c0 0 1 0 0 0 1 3 55888 168
0x00007aca1fc94a40 0x0000000e52602a40 0 0 1 0 0 1 3 55888 160
0x00007aca1fc94ac0 0x0000000e52602ac0 0 0 1 0 0 1 3 55888 168
0x00007aca1fc94b40 0x0000000e52602b40 0 1 1 0 0 1 3 55888 160
0x00007aca1fc94bc0 0x0000000e52602bc0 0 1 1 0 0 1 3 55888 168
0x00007aca1fc94c40 0x0000000e52602c40 0 0 0 0 0 1 3 55888 176
0x00007aca1fc94cc0 0x0000000e52602cc0 0 0 0 0 0 1 3 55888 184
0x00007aca1fc94d40 0x0000000e52602d40 0 1 0 0 0 1 3 55888 176
0x00007aca1fc94dc0 0x0000000e52602dc0 0 1 0 0 0 1 3 55888 184
0x00007aca1fc94e40 0x0000000e52602e40 0 0 1 0 0 1 3 55888 176
0x00007aca1fc94ec0 0x0000000e52602ec0 0 0 1 0 0 1 3 55888 184
0x00007aca1fc94f40 0x0000000e52602f40 0 1 1 0 0 1 3 55888 176
0x00007aca1fc94fc0 0x0000000e52602fc0 0 1 1 0 0 1 3 55888 184
0x00007aca1fca3040 0x0000000278ec1040 0 0 0 0 0 1 3 7966 64
0x00007aca1fca30c0 0x0000000278ec10c0 0 0 0 0 0 1 3 7966 72
0x00007aca1fca3140 0x0000000278ec1140 0 1 0 0 0 1 3 7966 64
0x00007aca1fca31c0 0x0000000278ec11c0 0 1 0 0 0 1 3 7966 72
0x00007aca1fca3240 0x0000000278ec1240 0 0 1 0 0 1 3 7966 64
0x00007aca1fca32c0 0x0000000278ec12c0 0 0 1 0 0 1 3 7966 72
0x00007aca1fca3340 0x0000000278ec1340 0 1 1 0 0 1 3 7966 64
0x00007aca1fca33c0 0x0000000278ec13c0 0 1 1 0 0 1 3 7966 72
0x00007aca1fca3440 0x0000000278ec1440 0 0 0 0 0 1 3 7966 80
0x00007aca1fca34c0 0x0000000278ec14c0 0 0 0 0 0 1 3 7966 88
0x00007aca1fca3540 0x0000000278ec1540 0 1 0 0 0 1 3 7966 80
0x00007aca1fca35c0 0x0000000278ec15c0 0 1 0 0 0 1 3 7966 88
0x00007aca1fca3640 0x0000000278ec1640 0 0 1 0 0 1 3 7966 80
0x00007aca1fca36c0 0x0000000278ec16c0 0 0 1 0 0 1 3 7966 88
0x00007aca1fca3740 0x0000000278ec1740 0 1 1 0 0 1 3 7966 80
0x00007aca1fca37c0 0x0000000278ec17c0 0 1 1 0 0 1 3 7966 88
0x00007aca1fca3840 0x0000000278ec1840 0 0 0 0 0 1 3 7966 96
0x00007aca1fca38c0 0x0000000278ec18c0 0 0 0 0 0 1 3 7966 104
0x00007aca1fca3940 0x0000000278ec1940 0 1 0 0 0 1 3 7966 96
0x00007aca1fca39c0 0x0000000278ec19c0 0 1 0 0 0 1 3 7966 104
0x00007aca1fca3a40 0x0000000278ec1a40 0 0 1 0 0 1 3 7966 96
0x00007aca1fca3ac0 0x0000000278ec1ac0 0 0 1 0 0 1 3 7966 104
0x00007aca1fca3b40 0x0000000278ec1b40 0 1 1 0 0 1 3 7966 96
0x00007aca1fca3bc0 0x0000000278ec1bc0 0 1 1 0 0 1 3 7966 104
0x00007aca1fca3c40 0x0000000278ec1c40 0 0 0 0 0 1 3 7966 112
0x00007aca1fca3cc0 0x0000000278ec1cc0 0 0 0 0 0 1 3 7966 120
0x00007aca1fca3d40 0x0000000278ec1d40 0 1 0 0 0 1 3 7966 112
0x00007aca1fca3dc0 0x0000000278ec1dc0 0 1 0 0 0 1 3 7966 120
0x00007aca1fca3e40 0x0000000278ec1e40 0 0 1 0 0 1 3 7966 112
0x00007aca1fca3ec0 0x0000000278ec1ec0 0 0 1 0 0 1 3 7966 120
0x00007aca1fca3f40 0x0000000278ec1f40 0 1 1 0 0 1 3 7966 112
0x00007aca1fca3fc0 0x0000000278ec1fc0 0 1 1 0 0 1 3 7966 120
0x00007aca1fca7040 0x00000008c4e43040 0 0 0 0 0 1 3 34954 192
0x00007aca1fca70c0 0x00000008c4e430c0 0 0 0 0 0 1 3 34954 200
0x00007aca1fca7140 0x00000008c4e43140 0 1 0 0 0 1 3 34954 192
0x00007aca1fca71c0 0x00000008c4e431c0 0 1 0 0 0 1 3 34954 200
0x00007aca1fca7240 0x00000008c4e43240 0 0 1 0 0 1 3 34954 192
0x00007aca1fca72c0 0x00000008c4e432c0 0 0 1 0 0 1 3 34954 200
0x00007aca1fca7340 0x00000008c4e43340 0 1 1 0 0 1 3 34954 192
0x00007aca1fca73c0 0x00000008c4e433c0 0 1 1 0 0 1 3 34954 200
0x00007aca1fca7440 0x00000008c4e43440 0 0 0 0 0 1 3 34954 208
0x00007aca1fca74c0 0x00000008c4e434c0 0 0 0 0 0 1 3 34954 216
0x00007aca1fca7540 0x00000008c4e43540 0 1 0 0 0 1 3 34954 208
0x00007aca1fca75c0 0x00000008c4e435c0 0 1 0 0 0 1 3 34954 216
0x00007aca1fca7640 0x00000008c4e43640 0 0 1 0 0 1 3 34954 208
0x00007aca1fca76c0 0x00000008c4e436c0 0 0 1 0 0 1 3 34954 216
0x00007aca1fca7740 0x00000008c4e43740 0 1 1 0 0 1 3 34954 208
0x00007aca1fca77c0 0x00000008c4e437c0 0 1 1 0 0 1 3 34954 216
0x00007aca1fca7840 0x00000008c4e43840 0 0 0 0 0 1 3 34954 224
0x00007aca1fca78c0 0x00000008c4e438c0 0 0 0 0 0 1 3 34954 232
0x00007aca1fca7940 0x00000008c4e43940 0 1 0 0 0 1 3 34954 224
0x00007aca1fca79c0 0x00000008c4e439c0 0 1 0 0 0 1 3 34954 232
0x00007aca1fca7a40 0x00000008c4e43a40 0 0 1 0 0 1 3 34954 224
0x00007aca1fca7ac0 0x00000008c4e43ac0 0 0 1 0 0 1 3 34954 232
0x00007aca1fca7b40 0x00000008c4e43b40 0 1 1 0 0 1 3 34954 224
0x00007aca1fca7bc0 0x00000008c4e43bc0 0 1 1 0 0 1 3 34954 232
0x00007aca1fca7c40 0x00000008c4e43c40 0 0 0 0 0 1 3 34954 240
0x00007aca1fca7cc0 0x00000008c4e43cc0 0 0 0 0 0 1 3 34954 248
0x00007aca1fca7d40 0x00000008c4e43d40 0 1 0 0 0 1 3 34954 240
0x00007aca1fca7dc0 0x00000008c4e43dc0 0 1 0 0 0 1 3 34954 248
0x00007aca1fca7e40 0x00000008c4e43e40 0 0 1 0 0 1 3 34954 240
0x00007aca1fca7ec0 0x00000008c4e43ec0 0 0 1 0 0 1 3 34954 248
0x00007aca1fca7f40 0x00000008c4e43f40 0 1 1 0 0 1 3 34954 240
0x00007aca1fca7fc0 0x00000008c4e43fc0 0 1 1 0 0 1 3 34954 248
0x00007aca1fcaa040 0x0000000e5f65d040 0 0 0 0 1 1 3 56306 832
0x00007aca1fcaa0c0 0x0000000e5f65d0c0 0 0 0 0 1 1 3 56306 840
0x00007aca1fcaa140 0x0000000e5f65d140 0 1 0 0 1 1 3 56306 832
0x00007aca1fcaa1c0 0x0000000e5f65d1c0 0 1 0 0 1 1 3 56306 840
0x00007aca1fcaa240 0x0000000e5f65d240 0 0 1 0 1 1 3 56306 832
0x00007aca1fcaa2c0 0x0000000e5f65d2c0 0 0 1 0 1 1 3 56306 840
0x00007aca1fcaa340 0x0000000e5f65d340 0 1 1 0 1 1 3 56306 832
0x00007aca1fcaa3c0 0x0000000e5f65d3c0 0 1 1 0 1 1 3 56306 840
0x00007aca1fcaa440 0x0000000e5f65d440 0 0 0 0 1 1 3 56306 848
0x00007aca1fcaa4c0 0x0000000e5f65d4c0 0 0 0 0 1 1 3 56306 856
0x00007aca1fcaa540 0x0000000e5f65d540 0 1 0 0 1 1 3 56306 848
0x00007aca1fcaa5c0 0x0000000e5f65d5c0 0 1 0 0 1 1 3 56306 856
0x00007aca1fcaa640 0x0000000e5f65d640 0 0 1 0 1 1 3 56306 848
0x00007aca1fcaa6c0 0x0000000e5f65d6c0 0 0 1 0 1 1 3 56306 856
0x00007aca1fcaa740 0x0000000e5f65d740 0 1 1 0 1 1 3 56306 848
0x00007aca1fcaa7c0 0x0000000e5f65d7c0 0 1 1 0 1 1 3 56306 856
0x00007aca1fcaa840 0x0000000e5f65d840 0 0 0 0 1 1 3 56306 864
0x00007aca1fcaa8c0 0x0000000e5f65d8c0 0 0 0 0 1 1 3 56306 872
0x00007aca1fcaa940 0x0000000e5f65d940 0 1 0 0 1 1 3 56306 864
0x00007aca1fcaa9c0 0x0000000e5f65d9c0 0 1 0 0 1 1 3 56306 872
0x00007aca1fcaaa40 0x0000000e5f65da40 0 0 1 0 1 1 3 56306 864
0x00007aca1fcaaac0 0x0000000e5f65dac0 0 0 1 0 1 1 3 56306 872
0x00007aca1fcaab40 0x0000000e5f65db40 0 1 1 0 1 1 3 56306 864
0x00007aca1fcaabc0 0x0000000e5f65dbc0 0 1 1 0 1 1 3 56306 872
0x00007aca1fcaac40 0x0000000e5f65dc40 0 0 0 0 1 1 3 56306 880
0x00007aca1fcaacc0 0x0000000e5f65dcc0 0 0 0 0 1 1 3 56306 888
0x00007aca1fcaad40 0x0000000e5f65dd40 0 1 0 0 1 1 3 56306 880
0x00007aca1fcaadc0 0x0000000e5f65ddc0 0 1 0 0 1 1 3 56306 888
0x00007aca1fcaae40 0x0000000e5f65de40 0 0 1 0 1 1 3 56306 880
0x00007aca1fcaaec0 0x0000000e5f65dec0 0 0 1 0 1 1 3 56306 888
0x00007aca1fcaaf40 0x0000000e5f65df40 0 1 1 0 1 1 3 56306 880
0x00007aca1fcaafc0 0x0000000e5f65dfc0 0 1 1 0 1 1 3 56306 888
0x00007aca1fcd1040 0x0000000e1cec1040 0 0 0 0 0 1 3 54174 64
0x00007aca1fcd10c0 0x0000000e1cec10c0 0 0 0 0 0 1 3 54174 72
0x00007aca1fcd1140 0x0000000e1cec1140 0 1 0 0 0 1 3 54174 64
0x00007aca1fcd11c0 0x0000000e1cec11c0 0 1 0 0 0 1 3 54174 72
0x00007aca1fcd1240 0x0000000e1cec1240 0 0 1 0 0 1 3 54174 64
0x00007aca1fcd12c0 0x0000000e1cec12c0 0 0 1 0 0 1 3 54174 72
0x00007aca1fcd1340 0x0000000e1cec1340 0 1 1 0 0 1 3 54174 64
0x00007aca1fcd13c0 0x0000000e1cec13c0 0 1 1 0 0 1 3 54174 72
0x00007aca1fcd1440 0x0000000e1cec1440 0 0 0 0 0 1 3 54174 80
0x00007aca1fcd14c0 0x0000000e1cec14c0 0 0 0 0 0 1 3 54174 88
0x00007aca1fcd1540 0x0000000e1cec1540 0 1 0 0 0 1 3 54174 80
0x00007aca1fcd15c0 0x0000000e1cec15c0 0 1 0 0 0 1 3 54174 88
0x00007aca1fcd1640 0x0000000e1cec1640 0 0 1 0 0 1 3 54174 80
0x00007aca1fcd16c0 0x0000000e1cec16c0 0 0 1 0 0 1 3 54174 88
0x00007aca1fcd1740 0x0000000e1cec1740 0 1 1 0 0 1 3 54174 80
0x00007aca1fcd17c0 0x0000000e1cec17c0 0 1 1 0 0 1 3 54174 88
0x00007aca1fcd1840 0x0000000e1cec1840 0 0 0 0 0 1 3 54174 96
0x00007aca1fcd18c0 0x0000000e1cec18c0 0 0 0 0 0 1 3 54174 104
0x00007aca1fcd1940 0x0000000e1cec1940 0 1 0 0 0 1 3 54174 96
0x00007aca1fcd19c0 0x0000000e1cec19c0 0 1 0 0 0 1 3 54174 104
0x00007aca1fcd1a40 0x0000000e1cec1a40 0 0 1 0 0 1 3 54174 96
0x00007aca1fcd1ac0 0x0000000e1cec1ac0 0 0 1 0 0 1 3 54174 104
0x00007aca1fcd1b40 0x0000000e1cec1b40 0 1 1 0 0 1 3 54174 96
0x00007aca1fcd1bc0 0x0000000e1cec1bc0 0 1 1 0 0 1 3 54174 104
0x00007aca1fcd1c40 0x0000000e1cec1c40 0 0 0 0 0 1 3 54174 112
0x00007aca1fcd1cc0 0x0000000e1cec1cc0 0 0 0 0 0 1 3 54174 120
0x00007aca1fcd1d40 0x0000000e1cec1d40 0 1 0 0 0 1 3 54174 112
0x00007aca1fcd1dc0 0x0000000e1cec1dc0 0 1 0 0 0 1 3 54174 120
0x00007aca1fcd1e40 0x0000000e1cec1e40 0 0 1 0 0 1 3 54174 112
0x00007aca1fcd1ec0 0x0000000e1cec1ec0 0 0 1 0 0 1 3 54174 120
0x00007aca1fcd1f40 0x0000000e1cec1f40 0 1 1 0 0 1 3 54174 112
0x00007aca1fcd1fc0 0x0000000e1cec1fc0 0 1 1 0 0 1 3 54174 120
0x00007aca1fcff040 0x0000000f2c6cc040 0 0 0 0 1 1 3 58774 256
0x00007aca1fcff0c0 0x0000000f2c6cc0c0 0 0 0 0 1 1 3 58774 264
0x00007aca1fcff140 0x0000000f2c6cc140 0 1 0 0 1 1 3 58774 256
0x00007aca1fcff1c0 0x0000000f2c6cc1c0 0 1 0 0 1 1 3 58774 264
0x00007aca1fcff240 0x0000000f2c6cc240 0 0 1 0 1 1 3 58774 256
0x00007aca1fcff2c0 0x0000000f2c6cc2c0 0 0 1 0 1 1 3 58774 264
0x00007aca1fcff340 0x0000000f2c6cc340 0 1 1 0 1 1 3 58774 256
0x00007aca1fcff3c0 0x0000000f2c6cc3c0 0 1 1 0 1 1 3 58774 264
0x00007aca1fcff440 0x0000000f2c6cc440 0 0 0 0 1 1 3 58774 272
0x00007aca1fcff4c0 0x0000000f2c6cc4c0 0 0 0 0 1 1 3 58774 280
0x00007aca1fcff540 0x0000000f2c6cc540 0 1 0 0 1 1 3 58774 272
0x00007aca1fcff5c0 0x0000000f2c6cc5c0 0 1 0 0 1 1 3 58774 280
0x00007aca1fcff640 0x0000000f2c6cc640 0 0 1 0 1 1 3 58774 272
0x00007aca1fcff6c0 0x0000000f2c6cc6c0 0 0 1 0 1 1 3 58774 280
0x00007aca1fcff740 0x0000000f2c6cc740 0 1 1 0 1 1 3 58774 272
0x00007aca1fcff7c0 0x0000000f2c6cc7c0 0 1 1 0 1 1 3 58774 280
0x00007aca1fcff840 0x0000000f2c6cc840 0 0 0 0 1 1 3 58774 288
0x00007aca1fcff8c0 0x0000000f2c6cc8c0 0 0 0 0 1 1 3 58774 296
0x00007aca1fcff940 0x0000000f2c6cc940 0 1 0 0 1 1 3 58774 288
0x00007aca1fcff9c0 0x0000000f2c6cc9c0 0 1 0 0 1 1 3 58774 296
0x00007aca1fcffa40 0x0000000f2c6cca40 0 0 1 0 1 1 3 58774 288
0x00007aca1fcffac0 0x0000000f2c6ccac0 0 0 1 0 1 1 3 58774 296
0x00007aca1fcffb40 0x0000000f2c6ccb40 0 1 1 0 1 1 3 58774 288
0x00007aca1fcffbc0 0x0000000f2c6ccbc0 0 1 1 0 1 1 3 58774 296
0x00007aca1fcffc40 0x0000000f2c6ccc40 0 0 0 0 1 1 3 58774 304
0x00007aca1fcffcc0 0x0000000f2c6cccc0 0 0 0 0 1 1 3 58774 312
0x00007aca1fcffd40 0x0000000f2c6ccd40 0 1 0 0 1 1 3 58774 304
0x00007aca1fcffdc0 0x0000000f2c6ccdc0 0 1 0 0 1 1 3 58774 312
0x00007aca1fcffe40 0x0000000f2c6cce40 0 0 1 0 1 1 3 58774 304
0x00007aca1fcffec0 0x0000000f2c6ccec0 0 0 1 0 1 1 3 58774 312
0x00007aca1fcfff40 0x0000000f2c6ccf40 0 1 1 0 1 1 3 58774 304
0x00007aca1fcfffc0 0x0000000f2c6ccfc0 0 1 1 0 1 1 3 58774 312
0x00007aca1fd06040 0x0000000d15e1a040 0 0 0 0 1 1 3 49848 640
0x00007aca1fd060c0 0x0000000d15e1a0c0 0 0 0 0 1 1 3 49848 648
0x00007aca1fd06140 0x0000000d15e1a140 0 1 0 0 1 1 3 49848 640
0x00007aca1fd061c0 0x0000000d15e1a1c0 0 1 0 0 1 1 3 49848 648
0x00007aca1fd06240 0x0000000d15e1a240 0 0 1 0 1 1 3 49848 640
0x00007aca1fd062c0 0x0000000d15e1a2c0 0 0 1 0 1 1 3 49848 648
0x00007aca1fd06340 0x0000000d15e1a340 0 1 1 0 1 1 3 49848 640
0x00007aca1fd063c0 0x0000000d15e1a3c0 0 1 1 0 1 1 3 49848 648
0x00007aca1fd06440 0x0000000d15e1a440 0 0 0 0 1 1 3 49848 656
0x00007aca1fd064c0 0x0000000d15e1a4c0 0 0 0 0 1 1 3 49848 664
0x00007aca1fd06540 0x0000000d15e1a540 0 1 0 0 1 1 3 49848 656
0x00007aca1fd065c0 0x0000000d15e1a5c0 0 1 0 0 1 1 3 49848 664
0x00007aca1fd06640 0x0000000d15e1a640 0 0 1 0 1 1 3 49848 656
0x00007aca1fd066c0 0x0000000d15e1a6c0 0 0 1 0 1 1 3 49848 664
0x00007aca1fd06740 0x0000000d15e1a740 0 1 1 0 1 1 3 49848 656
0x00007aca1fd067c0 0x0000000d15e1a7c0 0 1 1 0 1 1 3 49848 664
0x00007aca1fd06840 0x0000000d15e1a840 0 0 0 0 1 1 3 49848 672
0x00007aca1fd068c0 0x0000000d15e1a8c0 0 0 0 0 1 1 3 49848 680
0x00007aca1fd06940 0x0000000d15e1a940 0 1 0 0 1 1 3 49848 672
0x00007aca1fd069c0 0x0000000d15e1a9c0 0 1 0 0 1 1 3 49848 680
0x00007aca1fd06a40 0x0000000d15e1aa40 0 0 1 0 1 1 3 49848 672
0x00007aca1fd06ac0 0x0000000d15e1aac0 0 0 1 0 1 1 3 49848 680
0x00007aca1fd06b40 0x0000000d15e1ab40 0 1 1 0 1 1 3 49848 672
0x00007aca1fd06bc0 0x0000000d15e1abc0 0 1 1 0 1 1 3 49848 680
0x00007aca1fd06c40 0x0000000d15e1ac40 0 0 0 0 1 1 3 49848 688
0x00007aca1fd06cc0 0x0000000d15e1acc0 0 0 0 0 1 1 3 49848 696
0x00007aca1fd06d40 0x0000000d15e1ad40 0 1 0 0 1 1 3 49848 688
0x00007aca1fd06dc0 0x0000000d15e1adc0 0 1 0 0 1 1 3 49848 696
0x00007aca1fd06e40 0x0000000d15e1ae40 0 0 1 0 1 1 3 49848 688
0x00007aca1fd06ec0 0x0000000d15e1aec0 0 0 1 0 1 1 3 49848 696
0x00007aca1fd06f40 0x0000000d15e1af40 0 1 1 0 1 1 3 49848 688
0x00007aca1fd06fc0 0x0000000d15e1afc0 0 1 1 0 1 1 3 49848 696
0x00007aca1fd08040 0x0000000331ed2040 0 0 0 0 0 1 3 9790 640
0x00007aca1fd080c0 0x0000000331ed20c0 0 0 0 0 0 1 3 9790 648
0x00007aca1fd08140 0x0000000331ed2140 0 1 0 0 0 1 3 9790 640
0x00007aca1fd081c0 0x0000000331ed21c0 0 1 0 0 0 1 3 9790 648
0x00007aca1fd08240 0x0000000331ed2240 0 0 1 0 0 1 3 9790 640
0x00007aca1fd082c0 0x0000000331ed22c0 0 0 1 0 0 1 3 9790 648
0x00007aca1fd08340 0x0000000331ed2340 0 1 1 0 0 1 3 9790 640
0x00007aca1fd083c0 0x0000000331ed23c0 0 1 1 0 0 1 3 9790 648
0x00007aca1fd08440 0x0000000331ed2440 0 0 0 0 0 1 3 9790 656
0x00007aca1fd084c0 0x0000000331ed24c0 0 0 0 0 0 1 3 9790 664
0x00007aca1fd08540 0x0000000331ed2540 0 1 0 0 0 1 3 9790 656
0x00007aca1fd085c0 0x0000000331ed25c0 0 1 0 0 0 1 3 9790 664
0x00007aca1fd08640 0x0000000331ed2640 0 0 1 0 0 1 3 9790 656
0x00007aca1fd086c0 0x0000000331ed26c0 0 0 1 0 0 1 3 9790 664
0x00007aca1fd08740 0x0000000331ed2740 0 1 1 0 0 1 3 9790 656
0x00007aca1fd087c0 0x0000000331ed27c0 0 1 1 0 0 1 3 9790 664
0x00007aca1fd08840 0x0000000331ed2840 0 0 0 0 0 1 3 9790 672
0x00007aca1fd088c0 0x0000000331ed28c0 0 0 0 0 0 1 3 9790 680
0x00007aca1fd08940 0x0000000331ed2940 0 1 0 0 0 1 3 9790 672
0x00007aca1fd089c0 0x0000000331ed29c0 0 1 0 0 0 1 3 9790 680
0x00007aca1fd08a40 0x0000000331ed2a40 0 0 1 0 0 1 3 9790 672
0x00007aca1fd08ac0 0x0000000331ed2ac0 0 0 1 0 0 1 3 9790 680
0x00007aca1fd08b40 0x0000000331ed2b40 0 1 1 0 0 1 3 9790 672
0x00007aca1fd08bc0 0x0000000331ed2bc0 0 1 1 0 0 1 3 9790 680
0x00007aca1fd08c40 0x0000000331ed2c40 0 0 0 0 0 1 3 9790 688
0x00007aca1fd08cc0 0x0000000331ed2cc0 0 0 0 0 0 1 3 9790 696
0x00007aca1fd08d40 0x0000000331ed2d40 0 1 0 0 0 1 3 9790 688
0x00007aca1fd08dc0 0x0000000331ed2dc0 0 1 0 0 0 1 3 9790 696
0x00007aca1fd08e40 0x0000000331ed2e40 0 0 1 0 0 1 3 9790 688
0x00007aca1fd08ec0 0x0000000331ed2ec0 0 0 1 0 0 1 3 9790 696
0x00007aca1fd08f40 0x0000000331ed2f40 0 1 1 0 0 1 3 9790 688
0x00007aca1fd08fc0 0x0000000331ed2fc0 0 1 1 0 0 1 3 9790 696
0x00007aca1fd0d040 0x0000000d8c63f040 0 0 0 0 1 1 3 53633 960
0x00007aca1fd0d0c0 0x0000000d8c63f0c0 0 0 0 0 1 1 3 53633 968
0x00007aca1fd0d140 0x0000000d8c63f140 0 1 0 0 1 1 3 53633 960
0x00007aca1fd0d1c0 0x0000000d8c63f1c0 0 1 0 0 1 1 3 53633 968
0x00007aca1fd0d240 0x0000000d8c63f240 0 0 1 0 1 1 3 53633 960
0x00007aca1fd0d2c0 0x0000000d8c63f2c0 0 0 1 0 1 1 3 53633 968
0x00007aca1fd0d340 0x0000000d8c63f340 0 1 1 0 1 1 3 53633 960
0x00007aca1fd0d3c0 0x0000000d8c63f3c0 0 1 1 0 1 1 3 53633 968
0x00007aca1fd0d440 0x0000000d8c63f440 0 0 0 0 1 1 3 53633 976
0x00007aca1fd0d4c0 0x0000000d8c63f4c0 0 0 0 0 1 1 3 53633 984
0x00007aca1fd0d540 0x0000000d8c63f540 0 1 0 0 1 1 3 53633 976
0x00007aca1fd0d5c0 0x0000000d8c63f5c0 0 1 0 0 1 1 3 53633 984
0x00007aca1fd0d640 0x0000000d8c63f640 0 0 1 0 1 1 3 53633 976
0x00007aca1fd0d6c0 0x0000000d8c63f6c0 0 0 1 0 1 1 3 53633 984
0x00007aca1fd0d740 0x0000000d8c63f740 0 1 1 0 1 1 3 53633 976
0x00007aca1fd0d7c0 0x0000000d8c63f7c0 0 1 1 0 1 1 3 53633 984
0x00007aca1fd0d840 0x0000000d8c63f840 0 0 0 0 1 1 3 53633 992
0x00007aca1fd0d8c0 0x0000000d8c63f8c0 0 0 0 0 1 1 3 53633 1000
0x00007aca1fd0d940 0x0000000d8c63f940 0 1 0 0 1 1 3 53633 992
0x00007aca1fd0d9c0 0x0000000d8c63f9c0 0 1 0 0 1 1 3 53633 1000
0x00007aca1fd0da40 0x0000000d8c63fa40 0 0 1 0 1 1 3 53633 992
0x00007aca1fd0dac0 0x0000000d8c63fac0 0 0 1 0 1 1 3 53633 1000
0x00007aca1fd0db40 0x0000000d8c63fb40 0 1 1 0 1 1 3 53633 992
0x00007aca1fd0dbc0 0x0000000d8c63fbc0 0 1 1 0 1 1 3 53633 1000
0x00007aca1fd0dc40 0x0000000d8c63fc40 0 0 0 0 1 1 3 53633 1008
0x00007aca1fd0dcc0 0x0000000d8c63fcc0 0 0 0 0 1 1 3 53633 1016
0x00007aca1fd0dd40 0x0000000d8c63fd40 0 1 0 0 1 1 3 53633 1008
0x00007aca1fd0ddc0 0x0000000d8c63fdc0 0 1 0 0 1 1 3 53633 1016
0x00007aca1fd0de40 0x0000000d8c63fe40 0 0 1 0 1 1 3 53633 1008
0x00007aca1fd0dec0 0x0000000d8c63fec0 0 0 1 0 1 1 3 53633 1016
0x00007aca1fd0df40 0x0000000d8c63ff40 0 1 1 0 1 1 3 53633 1008
0x00007aca1fd0dfc0 0x0000000d8c63ffc0 0 1 1 0 1 1 3 53633 1016
0x00007aca1fd13040 0x0000000bf1e50040 0 0 0 0 0 1 3 48682 512
0x00007aca1fd130c0 0x0000000bf1e500c0 0 0 0 0 0 1 3 48682 520
0x00007aca1fd13140 0x0000000bf1e50140 0 1 0 0 0 1 3 48682 512
0x00007aca1fd131c0 0x0000000bf1e501c0 0 1 0 0 0 1 3 48682 520
0x00007aca1fd13240 0x0000000bf1e50240 0 0 1 0 0 1 3 48682 512
0x00007aca1fd132c0 0x0000000bf1e502c0 0 0 1 0 0 1 3 48682 520
0x00007aca1fd13340 0x0000000bf1e50340 0 1 1 0 0 1 3 48682 512
0x00007aca1fd133c0 0x0000000bf1e503c0 0 1 1 0 0 1 3 48682 520
0x00007aca1fd13440 0x0000000bf1e50440 0 0 0 0 0 1 3 48682 528
0x00007aca1fd134c0 0x0000000bf1e504c0 0 0 0 0 0 1 3 48682 536
0x00007aca1fd13540 0x0000000bf1e50540 0 1 0 0 0 1 3 48682 528
0x00007aca1fd135c0 0x0000000bf1e505c0 0 1 0 0 0 1 3 48682 536
0x00007aca1fd13640 0x0000000bf1e50640 0 0 1 0 0 1 3 48682 528
0x00007aca1fd136c0 0x0000000bf1e506c0 0 0 1 0 0 1 3 48682 536
0x00007aca1fd13740 0x0000000bf1e50740 0 1 1 0 0 1 3 48682 528
0x00007aca1fd137c0 0x0000000bf1e507c0 0 1 1 0 0 1 3 48682 536
0x00007aca1fd13840 0x0000000bf1e50840 0 0 0 0 0 1 3 48682 544
0x00007aca1fd138c0 0x0000000bf1e508c0 0 0 0 0 0 1 3 48682 552
0x00007aca1fd13940 0x0000000bf1e50940 0 1 0 0 0 1 3 48682 544
0x00007aca1fd139c0 0x0000000bf1e509c0 0 1 0 0 0 1 3 48682 552
0x00007aca1fd13a40 0x0000000bf1e50a40 0 0 1 0 0 1 3 48682 544
0x00007aca1fd13ac0 0x0000000bf1e50ac0 0 0 1 0 0 1 3 48682 552
0x00007aca1fd13b40 0x0000000bf1e50b40 0 1 1 0 0 1 3 48682 544
0x00007aca1fd13bc0 0x0000000bf1e50bc0 0 1 1 0 0 1 3 48682 552
0x00007aca1fd13c40 0x0000000bf1e50c40 0 0 0 0 0 1 3 48682 560
0x00007aca1fd13cc0 0x0000000bf1e50cc0 0 0 0 0 0 1 3 48682 568
0x00007aca1fd13d40 0x0000000bf1e50d40 0 1 0 0 0 1 3 48682 560
0x00007aca1fd13dc0 0x0000000bf1e50dc0 0 1 0 0 0 1 3 48682 568
0x00007aca1fd13e40 0x0000000bf1e50e40 0 0 1 0 0 1 3 48682 560
0x00007aca1fd13ec0 0x0000000bf1e50ec0 0 0 1 0 0 1 3 48682 568
0x00007aca1fd13f40 0x0000000bf1e50f40 0 1 1 0 0 1 3 48682 560
0x00007aca1fd13fc0 0x0000000bf1e50fc0 0 1 1 0 0 1 3 48682 568
0x00007aca1fd17040 0x0000000bf1e53040 0 0 0 0 0 1 3 48682 704
0x00007aca1fd170c0 0x0000000bf1e530c0 0 0 0 0 0 1 3 48682 712
0x00007aca1fd17140 0x0000000bf1e53140 0 1 0 0 0 1 3 48682 704
0x00007aca1fd171c0 0x0000000bf1e531c0 0 1 0 0 0 1 3 48682 712
0x00007aca1fd17240 0x0000000bf1e53240 0 0 1 0 0 1 3 48682 704
0x00007aca1fd172c0 0x0000000bf1e532c0 0 0 1 0 0 1 3 48682 712
0x00007aca1fd17340 0x0000000bf1e53340 0 1 1 0 0 1 3 48682 704
0x00007aca1fd173c0 0x0000000bf1e533c0 0 1 1 0 0 1 3 48682 712
0x00007aca1fd17440 0x0000000bf1e53440 0 0 0 0 0 1 3 48682 720
0x00007aca1fd174c0 0x0000000bf1e534c0 0 0 0 0 0 1 3 48682 728
0x00007aca1fd17540 0x0000000bf1e53540 0 1 0 0 0 1 3 48682 720
0x00007aca1fd175c0 0x0000000bf1e535c0 0 1 0 0 0 1 3 48682 728
0x00007aca1fd17640 0x0000000bf1e53640 0 0 1 0 0 1 3 48682 720
0x00007aca1fd176c0 0x0000000bf1e536c0 0 0 1 0 0 1 3 48682 728
0x00007aca1fd17740 0x0000000bf1e53740 0 1 1 0 0 1 3 48682 720
0x00007aca1fd177c0 0x0000000bf1e537c0 0 1 1 0 0 1 3 48682 728
0x00007aca1fd17840 0x0000000bf1e53840 0 0 0 0 0 1 3 48682 736
0x00007aca1fd178c0 0x0000000bf1e538c0 0 0 0 0 0 1 3 48682 744
0x00007aca1fd17940 0x0000000bf1e53940 0 1 0 0 0 1 3 48682 736
0x00007aca1fd179c0 0x0000000bf1e539c0 0 1 0 0 0 1 3 48682 744
0x00007aca1fd17a40 0x0000000bf1e53a40 0 0 1 0 0 1 3 48682 736
0x00007aca1fd17ac0 0x0000000bf1e53ac0 0 0 1 0 0 1 3 48682 744
0x00007aca1fd17b40 0x0000000bf1e53b40 0 1 1 0 0 1 3 48682 736
0x00007aca1fd17bc0 0x0000000bf1e53bc0 0 1 1 0 0 1 3 48682 744
0x00007aca1fd17c40 0x0000000bf1e53c40 0 0 0 0 0 1 3 48682 752
0x00007aca1fd17cc0 0x0000000bf1e53cc0 0 0 0 0 0 1 3 48682 760
0x00007aca1fd17d40 0x0000000bf1e53d40 0 1 0 0 0 1 3 48682 752
0x00007aca1fd17dc0 0x0000000bf1e53dc0 0 1 0 0 0 1 3 48682 760
0x00007aca1fd17e40 0x0000000bf1e53e40 0 0 1 0 0 1 3 48682 752
0x00007aca1fd17ec0 0x0000000bf1e53ec0 0 0 1 0 0 1 3 48682 760
0x00007aca1fd17f40 0x0000000bf1e53f40 0 1 1 0 0 1 3 48682 752
0x00007aca1fd17fc0 0x0000000bf1e53fc0 0 1 1 0 0 1 3 48682 760
0x00007aca1fd1b040 0x00000006f7688040 0 0 0 0 1 1 3 28388 0
0x00007aca1fd1b0c0 0x00000006f76880c0 0 0 0 0 1 1 3 28388 8
0x00007aca1fd1b140 0x00000006f7688140 0 1 0 0 1 1 3 28388 0
0x00007aca1fd1b1c0 0x00000006f76881c0 0 1 0 0 1 1 3 28388 8
0x00007aca1fd1b240 0x00000006f7688240 0 0 1 0 1 1 3 28388 0
0x00007aca1fd1b2c0 0x00000006f76882c0 0 0 1 0 1 1 3 28388 8
0x00007aca1fd1b340 0x00000006f7688340 0 1 1 0 1 1 3 28388 0
0x00007aca1fd1b3c0 0x00000006f76883c0 0 1 1 0 1 1 3 28388 8
0x00007aca1fd1b440 0x00000006f7688440 0 0 0 0 1 1 3 28388 16
0x00007aca1fd1b4c0 0x00000006f76884c0 0 0 0 0 1 1 3 28388 24
0x00007aca1fd1b540 0x00000006f7688540 0 1 0 0 1 1 3 28388 16
0x00007aca1fd1b5c0 0x00000006f76885c0 0 1 0 0 1 1 3 28388 24
0x00007aca1fd1b640 0x00000006f7688640 0 0 1 0 1 1 3 28388 16
0x00007aca1fd1b6c0 0x00000006f76886c0 0 0 1 0 1 1 3 28388 24
0x00007aca1fd1b740 0x00000006f7688740 0 1 1 0 1 1 3 28388 16
0x00007aca1fd1b7c0 0x00000006f76887c0 0 1 1 0 1 1 3 28388 24
0x00007aca1fd1b840 0x00000006f7688840 0 0 0 0 1 1 3 28388 32
0x00007aca1fd1b8c0 0x00000006f76888c0 0 0 0 0 1 1 3 28388 40
0x00007aca1fd1b940 0x00000006f7688940 0 1 0 0 1 1 3 28388 32
0x00007aca1fd1b9c0 0x00000006f76889c0 0 1 0 0 1 1 3 28388 40
0x00007aca1fd1ba40 0x00000006f7688a40 0 0 1 0 1 1 3 28388 32
0x00007aca1fd1bac0 0x00000006f7688ac0 0 0 1 0 1 1 3 28388 40
0x00007aca1fd1bb40 0x00000006f7688b40 0 1 1 0 1 1 3 28388 32
0x00007aca1fd1bbc0 0x00000006f7688bc0 0 1 1 0 1 1 3 28388 40
0x00007aca1fd1bc40 0x00000006f7688c40 0 0 0 0 1 1 3 28388 48
0x00007aca1fd1bcc0 0x00000006f7688cc0 0 0 0 0 1 1 3 28388 56
0x00007aca1fd1bd40 0x00000006f7688d40 0 1 0 0 1 1 3 28388 48
0x00007aca1fd1bdc0 0x00000006f7688dc0 0 1 0 0 1 1 3 28388 56
0x00007aca1fd1be40 0x00000006f7688e40 0 0 1 0 1 1 3 28388 48
0x00007aca1fd1bec0 0x00000006f7688ec0 0 0 1 0 1 1 3 28388 56
0x00007aca1fd1bf40 0x00000006f7688f40 0 1 1 0 1 1 3 28388 48
0x00007aca1fd1bfc0 0x00000006f7688fc0 0 1 1 0 1 1 3 28388 56
0x00007aca1fd20040 0x00000007b8e98040 0 0 0 0 1 1 3 30476 512
0x00007aca1fd200c0 0x00000007b8e980c0 0 0 0 0 1 1 3 30476 520
0x00007aca1fd20140 0x00000007b8e98140 0 1 0 0 1 1 3 30476 512
0x00007aca1fd201c0 0x00000007b8e981c0 0 1 0 0 1 1 3 30476 520
0x00007aca1fd20240 0x00000007b8e98240 0 0 1 0 1 1 3 30476 512
0x00007aca1fd202c0 0x00000007b8e982c0 0 0 1 0 1 1 3 30476 520
0x00007aca1fd20340 0x00000007b8e98340 0 1 1 0 1 1 3 30476 512
0x00007aca1fd203c0 0x00000007b8e983c0 0 1 1 0 1 1 3 30476 520
0x00007aca1fd20440 0x00000007b8e98440 0 0 0 0 1 1 3 30476 528
0x00007aca1fd204c0 0x00000007b8e984c0 0 0 0 0 1 1 3 30476 536
0x00007aca1fd20540 0x00000007b8e98540 0 1 0 0 1 1 3 30476 528
0x00007aca1fd205c0 0x00000007b8e985c0 0 1 0 0 1 1 3 30476 536
0x00007aca1fd20640 0x00000007b8e98640 0 0 1 0 1 1 3 30476 528
0x00007aca1fd206c0 0x00000007b8e986c0 0 0 1 0 1 1 3 30476 536
0x00007aca1fd20740 0x00000007b8e98740 0 1 1 0 1 1 3 30476 528
0x00007aca1fd207c0 0x00000007b8e987c0 0 1 1 0 1 1 3 30476 536
0x00007aca1fd20840 0x00000007b8e98840 0 0 0 0 1 1 3 30476 544
0x00007aca1fd208c0 0x00000007b8e988c0 0 0 0 0 1 1 3 30476 552
0x00007aca1fd20940 0x00000007b8e98940 0 1 0 0 1 1 3 30476 544
0x00007aca1fd209c0 0x00000007b8e989c0 0 1 0 0 1 1 3 30476 552
0x00007aca1fd20a40 0x00000007b8e98a40 0 0 1 0 1 1 3 30476 544
0x00007aca1fd20ac0 0x00000007b8e98ac0 0 0 1 0 1 1 3 30476 552
0x00007aca1fd20b40 0x00000007b8e98b40 0 1 1 0 1 1 3 30476 544
0x00007aca1fd20bc0 0x00000007b8e98bc0 0 1 1 0 1 1 3 30476 552
0x00007aca1fd20c40 0x00000007b8e98c40 0 0 0 0 1 1 3 30476 560
0x00007aca1fd20cc0 0x00000007b8e98cc0 0 0 0 0 1 1 3 30476 568
0x00007aca1fd20d40 0x00000007b8e98d40 0 1 0 0 1 1 3 30476 560
0x00007aca1fd20dc0 0x00000007b8e98dc0 0 1 0 0 1 1 3 30476 568
0x00007aca1fd20e40 0x00000007b8e98e40 0 0 1 0 1 1 3 30476 560
0x00007aca1fd20ec0 0x00000007b8e98ec0 0 0 1 0 1 1 3 30476 568
0x00007aca1fd20f40 0x00000007b8e98f40 0 1 1 0 1 1 3 30476 560
0x00007aca1fd20fc0 0x00000007b8e98fc0 0 1 1 0 1 1 3 30476 568
0x00007aca1fd22040 0x0000000b346c6040 0 0 0 0 0 1 3 42646 384
0x00007aca1fd220c0 0x0000000b346c60c0 0 0 0 0 0 1 3 42646 392
0x00007aca1fd22140 0x0000000b346c6140 0 1 0 0 0 1 3 42646 384
0x00007aca1fd221c0 0x0000000b346c61c0 0 1 0 0 0 1 3 42646 392
0x00007aca1fd22240 0x0000000b346c6240 0 0 1 0 0 1 3 42646 384
0x00007aca1fd222c0 0x0000000b346c62c0 0 0 1 0 0 1 3 42646 392
0x00007aca1fd22340 0x0000000b346c6340 0 1 1 0 0 1 3 42646 384
0x00007aca1fd223c0 0x0000000b346c63c0 0 1 1 0 0 1 3 42646 392
0x00007aca1fd22440 0x0000000b346c6440 0 0 0 0 0 1 3 42646 400
0x00007aca1fd224c0 0x0000000b346c64c0 0 0 0 0 0 1 3 42646 408
0x00007aca1fd22540 0x0000000b346c6540 0 1 0 0 0 1 3 42646 400
0x00007aca1fd225c0 0x0000000b346c65c0 0 1 0 0 0 1 3 42646 408
0x00007aca1fd22640 0x0000000b346c6640 0 0 1 0 0 1 3 42646 400
0x00007aca1fd226c0 0x0000000b346c66c0 0 0 1 0 0 1 3 42646 408
0x00007aca1fd22740 0x0000000b346c6740 0 1 1 0 0 1 3 42646 400
0x00007aca1fd227c0 0x0000000b346c67c0 0 1 1 0 0 1 3 42646 408
0x00007aca1fd22840 0x0000000b346c6840 0 0 0 0 0 1 3 42646 416
0x00007aca1fd228c0 0x0000000b346c68c0 0 0 0 0 0 1 3 42646 424
0x00007aca1fd22940 0x0000000b346c6940 0 1 0 0 0 1 3 42646 416
0x00007aca1fd229c0 0x0000000b346c69c0 0 1 0 0 0 1 3 42646 424
0x00007aca1fd22a40 0x0000000b346c6a40 0 0 1 0 0 1 3 42646 416
0x00007aca1fd22ac0 0x0000000b346c6ac0 0 0 1 0 0 1 3 42646 424
0x00007aca1fd22b40 0x0000000b346c6b40 0 1 1 0 0 1 3 42646 416
0x00007aca1fd22bc0 0x0000000b346c6bc0 0 1 1 0 0 1 3 42646 424
0x00007aca1fd22c40 0x0000000b346c6c40 0 0 0 0 0 1 3 42646 432
0x00007aca1fd22cc0 0x0000000b346c6cc0 0 0 0 0 0 1 3 42646 440
0x00007aca1fd22d40 0x0000000b346c6d40 0 1 0 0 0 1 3 42646 432
0x00007aca1fd22dc0 0x0000000b346c6dc0 0 1 0 0 0 1 3 42646 440
0x00007aca1fd22e40 0x0000000b346c6e40 0 0 1 0 0 1 3 42646 432
0x00007aca1fd22ec0 0x0000000b346c6ec0 0 0 1 0 0 1 3 42646 440
0x00007aca1fd22f40 0x0000000b346c6f40 0 1 1 0 0 1 3 42646 432
0x00007aca1fd22fc0 0x0000000b346c6fc0 0 1 1 0 0 1 3 42646 440
0x00007aca1fd26040 0x0000000e23e0d040 0 0 0 0 1 1 3 54392 320
0x00007aca1fd260c0 0x0000000e23e0d0c0 0 0 0 0 1 1 3 54392 328
0x00007aca1fd26140 0x0000000e23e0d140 0 1 0 0 1 1 3 54392 320
0x00007aca1fd261c0 0x0000000e23e0d1c0 0 1 0 0 1 1 3 54392 328
0x00007aca1fd26240 0x0000000e23e0d240 0 0 1 0 1 1 3 54392 320
0x00007aca1fd262c0 0x0000000e23e0d2c0 0 0 1 0 1 1 3 54392 328
0x00007aca1fd26340 0x0000000e23e0d340 0 1 1 0 1 1 3 54392 320
0x00007aca1fd263c0 0x0000000e23e0d3c0 0 1 1 0 1 1 3 54392 328
0x00007aca1fd26440 0x0000000e23e0d440 0 0 0 0 1 1 3 54392 336
0x00007aca1fd264c0 0x0000000e23e0d4c0 0 0 0 0 1 1 3 54392 344
0x00007aca1fd26540 0x0000000e23e0d540 0 1 0 0 1 1 3 54392 336
0x00007aca1fd265c0 0x0000000e23e0d5c0 0 1 0 0 1 1 3 54392 344
0x00007aca1fd26640 0x0000000e23e0d640 0 0 1 0 1 1 3 54392 336
0x00007aca1fd266c0 0x0000000e23e0d6c0 0 0 1 0 1 1 3 54392 344
0x00007aca1fd26740 0x0000000e23e0d740 0 1 1 0 1 1 3 54392 336
0x00007aca1fd267c0 0x0000000e23e0d7c0 0 1 1 0 1 1 3 54392 344
0x00007aca1fd26840 0x0000000e23e0d840 0 0 0 0 1 1 3 54392 352
0x00007aca1fd268c0 0x0000000e23e0d8c0 0 0 0 0 1 1 3 54392 360
0x00007aca1fd26940 0x0000000e23e0d940 0 1 0 0 1 1 3 54392 352
0x00007aca1fd269c0 0x0000000e23e0d9c0 0 1 0 0 1 1 3 54392 360
0x00007aca1fd26a40 0x0000000e23e0da40 0 0 1 0 1 1 3 54392 352
0x00007aca1fd26ac0 0x0000000e23e0dac0 0 0 1 0 1 1 3 54392 360
0x00007aca1fd26b40 0x0000000e23e0db40 0 1 1 0 1 1 3 54392 352
0x00007aca1fd26bc0 0x0000000e23e0dbc0 0 1 1 0 1 1 3 54392 360
0x00007aca1fd26c40 0x0000000e23e0dc40 0 0 0 0 1 1 3 54392 368
0x00007aca1fd26cc0 0x0000000e23e0dcc0 0 0 0 0 1 1 3 54392 376
0x00007aca1fd26d40 0x0000000e23e0dd40 0 1 0 0 1 1 3 54392 368
0x00007aca1fd26dc0 0x0000000e23e0ddc0 0 1 0 0 1 1 3 54392 376
0x00007aca1fd26e40 0x0000000e23e0de40 0 0 1 0 1 1 3 54392 368
0x00007aca1fd26ec0 0x0000000e23e0dec0 0 0 1 0 1 1 3 54392 376
0x00007aca1fd26f40 0x0000000e23e0df40 0 1 1 0 1 1 3 54392 368
0x00007aca1fd26fc0 0x0000000e23e0dfc0 0 1 1 0 1 1 3 54392 376
0x00007aca1fd2d040 0x00000005b1660040 0 0 0 0 0 1 3 22051 0
0x00007aca1fd2d0c0 0x00000005b16600c0 0 0 0 0 0 1 3 22051 8
0x00007aca1fd2d140 0x00000005b1660140 0 1 0 0 0 1 3 22051 0
0x00007aca1fd2d1c0 0x00000005b16601c0 0 1 0 0 0 1 3 22051 8
0x00007aca1fd2d240 0x00000005b1660240 0 0 1 0 0 1 3 22051 0
0x00007aca1fd2d2c0 0x00000005b16602c0 0 0 1 0 0 1 3 22051 8
0x00007aca1fd2d340 0x00000005b1660340 0 1 1 0 0 1 3 22051 0
0x00007aca1fd2d3c0 0x00000005b16603c0 0 1 1 0 0 1 3 22051 8
0x00007aca1fd2d440 0x00000005b1660440 0 0 0 0 0 1 3 22051 16
0x00007aca1fd2d4c0 0x00000005b16604c0 0 0 0 0 0 1 3 22051 24
0x00007aca1fd2d540 0x00000005b1660540 0 1 0 0 0 1 3 22051 16
0x00007aca1fd2d5c0 0x00000005b16605c0 0 1 0 0 0 1 3 22051 24
0x00007aca1fd2d640 0x00000005b1660640 0 0 1 0 0 1 3 22051 16
0x00007aca1fd2d6c0 0x00000005b16606c0 0 0 1 0 0 1 3 22051 24
0x00007aca1fd2d740 0x00000005b1660740 0 1 1 0 0 1 3 22051 16
0x00007aca1fd2d7c0 0x00000005b16607c0 0 1 1 0 0 1 3 22051 24
0x00007aca1fd2d840 0x00000005b1660840 0 0 0 0 0 1 3 22051 32
0x00007aca1fd2d8c0 0x00000005b16608c0 0 0 0 0 0 1 3 22051 40
0x00007aca1fd2d940 0x00000005b1660940 0 1 0 0 0 1 3 22051 32
0x00007aca1fd2d9c0 0x00000005b16609c0 0 1 0 0 0 1 3 22051 40
0x00007aca1fd2da40 0x00000005b1660a40 0 0 1 0 0 1 3 22051 32
0x00007aca1fd2dac0 0x00000005b1660ac0 0 0 1 0 0 1 3 22051 40
0x00007aca1fd2db40 0x00000005b1660b40 0 1 1 0 0 1 3 22051 32
0x00007aca1fd2dbc0 0x00000005b1660bc0 0 1 1 0 0 1 3 22051 40
0x00007aca1fd2dc40 0x00000005b1660c40 0 0 0 0 0 1 3 22051 48
0x00007aca1fd2dcc0 0x00000005b1660cc0 0 0 0 0 0 1 3 22051 56
0x00007aca1fd2dd40 0x00000005b1660d40 0 1 0 0 0 1 3 22051 48
0x00007aca1fd2ddc0 0x00000005b1660dc0 0 1 0 0 0 1 3 22051 56
0x00007aca1fd2de40 0x00000005b1660e40 0 0 1 0 0 1 3 22051 48
0x00007aca1fd2dec0 0x00000005b1660ec0 0 0 1 0 0 1 3 22051 56
0x00007aca1fd2df40 0x00000005b1660f40 0 1 1 0 0 1 3 22051 48
0x00007aca1fd2dfc0 0x00000005b1660fc0 0 1 1 0 0 1 3 22051 56
0x00007aca1fd31040 0x00000002a063a040 0 0 0 0 1 1 3 9217 640
0x00007aca1fd310c0 0x00000002a063a0c0 0 0 0 0 1 1 3 9217 648
0x00007aca1fd31140 0x00000002a063a140 0 1 0 0 1 1 3 9217 640
0x00007aca1fd311c0 0x00000002a063a1c0 0 1 0 0 1 1 3 9217 648
0x00007aca1fd31240 0x00000002a063a240 0 0 1 0 1 1 3 9217 640
0x00007aca1fd312c0 0x00000002a063a2c0 0 0 1 0 1 1 3 9217 648
0x00007aca1fd31340 0x00000002a063a340 0 1 1 0 1 1 3 9217 640
0x00007aca1fd313c0 0x00000002a063a3c0 0 1 1 0 1 1 3 9217 648
0x00007aca1fd31440 0x00000002a063a440 0 0 0 0 1 1 3 9217 656
0x00007aca1fd314c0 0x00000002a063a4c0 0 0 0 0 1 1 3 9217 664
0x00007aca1fd31540 0x00000002a063a540 0 1 0 0 1 1 3 9217 656
0x00007aca1fd315c0 0x00000002a063a5c0 0 1 0 0 1 1 3 9217 664
0x00007aca1fd31640 0x00000002a063a640 0 0 1 0 1 1 3 9217 656
0x00007aca1fd316c0 0x00000002a063a6c0 0 0 1 0 1 1 3 9217 664
0x00007aca1fd31740 0x00000002a063a740 0 1 1 0 1 1 3 9217 656
0x00007aca1fd317c0 0x00000002a063a7c0 0 1 1 0 1 1 3 9217 664
0x00007aca1fd31840 0x00000002a063a840 0 0 0 0 1 1 3 9217 672
0x00007aca1fd318c0 0x00000002a063a8c0 0 0 0 0 1 1 3 9217 680
0x00007aca1fd31940 0x00000002a063a940 0 1 0 0 1 1 3 9217 672
0x00007aca1fd319c0 0x00000002a063a9c0 0 1 0 0 1 1 3 9217 680
0x00007aca1fd31a40 0x00000002a063aa40 0 0 1 0 1 1 3 9217 672
0x00007aca1fd31ac0 0x00000002a063aac0 0 0 1 0 1 1 3 9217 680
0x00007aca1fd31b40 0x00000002a063ab40 0 1 1 0 1 1 3 9217 672
0x00007aca1fd31bc0 0x00000002a063abc0 0 1 1 0 1 1 3 9217 680
0x00007aca1fd31c40 0x00000002a063ac40 0 0 0 0 1 1 3 9217 688
0x00007aca1fd31cc0 0x00000002a063acc0 0 0 0 0 1 1 3 9217 696
0x00007aca1fd31d40 0x00000002a063ad40 0 1 0 0 1 1 3 9217 688
0x00007aca1fd31dc0 0x00000002a063adc0 0 1 0 0 1 1 3 9217 696
0x00007aca1fd31e40 0x00000002a063ae40 0 0 1 0 1 1 3 9217 688
0x00007aca1fd31ec0 0x00000002a063aec0 0 0 1 0 1 1 3 9217 696
0x00007aca1fd31f40 0x00000002a063af40 0 1 1 0 1 1 3 9217 688
0x00007aca1fd31fc0 0x00000002a063afc0 0 1 1 0 1 1 3 9217 696
0x00007aca1fd35040 0x0000000dd2ef4040 0 0 0 0 0 1 3 55887 768
0x00007aca1fd350c0 0x0000000dd2ef40c0 0 0 0 0 0 1 3 55887 776
0x00007aca1fd35140 0x0000000dd2ef4140 0 1 0 0 0 1 3 55887 768
0x00007aca1fd351c0 0x0000000dd2ef41c0 0 1 0 0 0 1 3 55887 776
0x00007aca1fd35240 0x0000000dd2ef4240 0 0 1 0 0 1 3 55887 768
0x00007aca1fd352c0 0x0000000dd2ef42c0 0 0 1 0 0 1 3 55887 776
0x00007aca1fd35340 0x0000000dd2ef4340 0 1 1 0 0 1 3 55887 768
0x00007aca1fd353c0 0x0000000dd2ef43c0 0 1 1 0 0 1 3 55887 776
0x00007aca1fd35440 0x0000000dd2ef4440 0 0 0 0 0 1 3 55887 784
0x00007aca1fd354c0 0x0000000dd2ef44c0 0 0 0 0 0 1 3 55887 792
0x00007aca1fd35540 0x0000000dd2ef4540 0 1 0 0 0 1 3 55887 784
0x00007aca1fd355c0 0x0000000dd2ef45c0 0 1 0 0 0 1 3 55887 792
0x00007aca1fd35640 0x0000000dd2ef4640 0 0 1 0 0 1 3 55887 784
0x00007aca1fd356c0 0x0000000dd2ef46c0 0 0 1 0 0 1 3 55887 792
0x00007aca1fd35740 0x0000000dd2ef4740 0 1 1 0 0 1 3 55887 784
0x00007aca1fd357c0 0x0000000dd2ef47c0 0 1 1 0 0 1 3 55887 792
0x00007aca1fd35840 0x0000000dd2ef4840 0 0 0 0 0 1 3 55887 800
0x00007aca1fd358c0 0x0000000dd2ef48c0 0 0 0 0 0 1 3 55887 808
0x00007aca1fd35940 0x0000000dd2ef4940 0 1 0 0 0 1 3 55887 800
0x00007aca1fd359c0 0x0000000dd2ef49c0 0 1 0 0 0 1 3 55887 808
0x00007aca1fd35a40 0x0000000dd2ef4a40 0 0 1 0 0 1 3 55887 800
0x00007aca1fd35ac0 0x0000000dd2ef4ac0 0 0 1 0 0 1 3 55887 808
0x00007aca1fd35b40 0x0000000dd2ef4b40 0 1 1 0 0 1 3 55887 800
0x00007aca1fd35bc0 0x0000000dd2ef4bc0 0 1 1 0 0 1 3 55887 808
0x00007aca1fd35c40 0x0000000dd2ef4c40 0 0 0 0 0 1 3 55887 816
0x00007aca1fd35cc0 0x0000000dd2ef4cc0 0 0 0 0 0 1 3 55887 824
0x00007aca1fd35d40 0x0000000dd2ef4d40 0 1 0 0 0 1 3 55887 816
0x00007aca1fd35dc0 0x0000000dd2ef4dc0 0 1 0 0 0 1 3 55887 824
0x00007aca1fd35e40 0x0000000dd2ef4e40 0 0 1 0 0 1 3 55887 816
0x00007aca1fd35ec0 0x0000000dd2ef4ec0 0 0 1 0 0 1 3 55887 824
0x00007aca1fd35f40 0x0000000dd2ef4f40 0 1 1 0 0 1 3 55887 816
0x00007aca1fd35fc0 0x0000000dd2ef4fc0 0 1 1 0 0 1 3 55887 824
0x00007aca1fd3b040 0x0000000980e10040 0 0 0 0 0 1 3 36872 512
0x00007aca1fd3b0c0 0x0000000980e100c0 0 0 0 0 0 1 3 36872 520
0x00007aca1fd3b140 0x0000000980e10140 0 1 0 0 0 1 3 36872 512
0x00007aca1fd3b1c0 0x0000000980e101c0 0 1 0 0 0 1 3 36872 520
0x00007aca1fd3b240 0x0000000980e10240 0 0 1 0 0 1 3 36872 512
0x00007aca1fd3b2c0 0x0000000980e102c0 0 0 1 0 0 1 3 36872 520
0x00007aca1fd3b340 0x0000000980e10340 0 1 1 0 0 1 3 36872 512
0x00007aca1fd3b3c0 0x0000000980e103c0 0 1 1 0 0 1 3 36872 520
0x00007aca1fd3b440 0x0000000980e10440 0 0 0 0 0 1 3 36872 528
0x00007aca1fd3b4c0 0x0000000980e104c0 0 0 0 0 0 1 3 36872 536
0x00007aca1fd3b540 0x0000000980e10540 0 1 0 0 0 1 3 36872 528
0x00007aca1fd3b5c0 0x0000000980e105c0 0 1 0 0 0 1 3 36872 536
0x00007aca1fd3b640 0x0000000980e10640 0 0 1 0 0 1 3 36872 528
0x00007aca1fd3b6c0 0x0000000980e106c0 0 0 1 0 0 1 3 36872 536
0x00007aca1fd3b740 0x0000000980e10740 0 1 1 0 0 1 3 36872 528
0x00007aca1fd3b7c0 0x0000000980e107c0 0 1 1 0 0 1 3 36872 536
0x00007aca1fd3b840 0x0000000980e10840 0 0 0 0 0 1 3 36872 544
0x00007aca1fd3b8c0 0x0000000980e108c0 0 0 0 0 0 1 3 36872 552
0x00007aca1fd3b940 0x0000000980e10940 0 1 0 0 0 1 3 36872 544
0x00007aca1fd3b9c0 0x0000000980e109c0 0 1 0 0 0 1 3 36872 552
0x00007aca1fd3ba40 0x0000000980e10a40 0 0 1 0 0 1 3 36872 544
0x00007aca1fd3bac0 0x0000000980e10ac0 0 0 1 0 0 1 3 36872 552
0x00007aca1fd3bb40 0x0000000980e10b40 0 1 1 0 0 1 3 36872 544
0x00007aca1fd3bbc0 0x0000000980e10bc0 0 1 1 0 0 1 3 36872 552
0x00007aca1fd3bc40 0x0000000980e10c40 0 0 0 0 0 1 3 36872 560
0x00007aca1fd3bcc0 0x0000000980e10cc0 0 0 0 0 0 1 3 36872 568
0x00007aca1fd3bd40 0x0000000980e10d40 0 1 0 0 0 1 3 36872 560
0x00007aca1fd3bdc0 0x0000000980e10dc0 0 1 0 0 0 1 3 36872 568
0x00007aca1fd3be40 0x0000000980e10e40 0 0 1 0 0 1 3 36872 560
0x00007aca1fd3bec0 0x0000000980e10ec0 0 0 1 0 0 1 3 36872 568
0x00007aca1fd3bf40 0x0000000980e10f40 0 1 1 0 0 1 3 36872 560
0x00007aca1fd3bfc0 0x0000000980e10fc0 0 1 1 0 0 1 3 36872 568
0x00007aca1fd4a040 0x0000003f7ee70040 1 0 0 0 0 1 3 126939 512
0x00007aca1fd4a0c0 0x0000003f7ee700c0 1 0 0 0 0 1 3 126939 520
0x00007aca1fd4a140 0x0000003f7ee70140 1 1 0 0 0 1 3 126939 512
0x00007aca1fd4a1c0 0x0000003f7ee701c0 1 1 0 0 0 1 3 126939 520
0x00007aca1fd4a240 0x0000003f7ee70240 1 0 1 0 0 1 3 126939 512
0x00007aca1fd4a2c0 0x0000003f7ee702c0 1 0 1 0 0 1 3 126939 520
0x00007aca1fd4a340 0x0000003f7ee70340 1 1 1 0 0 1 3 126939 512
0x00007aca1fd4a3c0 0x0000003f7ee703c0 1 1 1 0 0 1 3 126939 520
0x00007aca1fd4a440 0x0000003f7ee70440 1 0 0 0 0 1 3 126939 528
0x00007aca1fd4a4c0 0x0000003f7ee704c0 1 0 0 0 0 1 3 126939 536
0x00007aca1fd4a540 0x0000003f7ee70540 1 1 0 0 0 1 3 126939 528
0x00007aca1fd4a5c0 0x0000003f7ee705c0 1 1 0 0 0 1 3 126939 536
0x00007aca1fd4a640 0x0000003f7ee70640 1 0 1 0 0 1 3 126939 528
0x00007aca1fd4a6c0 0x0000003f7ee706c0 1 0 1 0 0 1 3 126939 536
0x00007aca1fd4a740 0x0000003f7ee70740 1 1 1 0 0 1 3 126939 528
0x00007aca1fd4a7c0 0x0000003f7ee707c0 1 1 1 0 0 1 3 126939 536
0x00007aca1fd4a840 0x0000003f7ee70840 1 0 0 0 0 1 3 126939 544
0x00007aca1fd4a8c0 0x0000003f7ee708c0 1 0 0 0 0 1 3 126939 552
0x00007aca1fd4a940 0x0000003f7ee70940 1 1 0 0 0 1 3 126939 544
0x00007aca1fd4a9c0 0x0000003f7ee709c0 1 1 0 0 0 1 3 126939 552
0x00007aca1fd4aa40 0x0000003f7ee70a40 1 0 1 0 0 1 3 126939 544
0x00007aca1fd4aac0 0x0000003f7ee70ac0 1 0 1 0 0 1 3 126939 552
0x00007aca1fd4ab40 0x0000003f7ee70b40 1 1 1 0 0 1 3 126939 544
0x00007aca1fd4abc0 0x0000003f7ee70bc0 1 1 1 0 0 1 3 126939 552
0x00007aca1fd4ac40 0x0000003f7ee70c40 1 0 0 0 0 1 3 126939 560
0x00007aca1fd4acc0 0x0000003f7ee70cc0 1 0 0 0 0 1 3 126939 568
0x00007aca1fd4ad40 0x0000003f7ee70d40 1 1 0 0 0 1 3 126939 560
0x00007aca1fd4adc0 0x0000003f7ee70dc0 1 1 0 0 0 1 3 126939 568
0x00007aca1fd4ae40 0x0000003f7ee70e40 1 0 1 0 0 1 3 126939 560
0x00007aca1fd4aec0 0x0000003f7ee70ec0 1 0 1 0 0 1 3 126939 568
0x00007aca1fd4af40 0x0000003f7ee70f40 1 1 1 0 0 1 3 126939 560
0x00007aca1fd4afc0 0x0000003f7ee70fc0 1 1 1 0 0 1 3 126939 568
0x00007aca1fd60040 0x000000064c6db040 0 0 0 0 1 1 3 22934 704
0x00007aca1fd600c0 0x000000064c6db0c0 0 0 0 0 1 1 3 22934 712
0x00007aca1fd60140 0x000000064c6db140 0 1 0 0 1 1 3 22934 704
0x00007aca1fd601c0 0x000000064c6db1c0 0 1 0 0 1 1 3 22934 712
0x00007aca1fd60240 0x000000064c6db240 0 0 1 0 1 1 3 22934 704
0x00007aca1fd602c0 0x000000064c6db2c0 0 0 1 0 1 1 3 22934 712
0x00007aca1fd60340 0x000000064c6db340 0 1 1 0 1 1 3 22934 704
0x00007aca1fd603c0 0x000000064c6db3c0 0 1 1 0 1 1 3 22934 712
0x00007aca1fd60440 0x000000064c6db440 0 0 0 0 1 1 3 22934 720
0x00007aca1fd604c0 0x000000064c6db4c0 0 0 0 0 1 1 3 22934 728
0x00007aca1fd60540 0x000000064c6db540 0 1 0 0 1 1 3 22934 720
0x00007aca1fd605c0 0x000000064c6db5c0 0 1 0 0 1 1 3 22934 728
0x00007aca1fd60640 0x000000064c6db640 0 0 1 0 1 1 3 22934 720
0x00007aca1fd606c0 0x000000064c6db6c0 0 0 1 0 1 1 3 22934 728
0x00007aca1fd60740 0x000000064c6db740 0 1 1 0 1 1 3 22934 720
0x00007aca1fd607c0 0x000000064c6db7c0 0 1 1 0 1 1 3 22934 728
0x00007aca1fd60840 0x000000064c6db840 0 0 0 0 1 1 3 22934 736
0x00007aca1fd608c0 0x000000064c6db8c0 0 0 0 0 1 1 3 22934 744
0x00007aca1fd60940 0x000000064c6db940 0 1 0 0 1 1 3 22934 736
0x00007aca1fd609c0 0x000000064c6db9c0 0 1 0 0 1 1 3 22934 744
0x00007aca1fd60a40 0x000000064c6dba40 0 0 1 0 1 1 3 22934 736
0x00007aca1fd60ac0 0x000000064c6dbac0 0 0 1 0 1 1 3 22934 744
0x00007aca1fd60b40 0x000000064c6dbb40 0 1 1 0 1 1 3 22934 736
0x00007aca1fd60bc0 0x000000064c6dbbc0 0 1 1 0 1 1 3 22934 744
0x00007aca1fd60c40 0x000000064c6dbc40 0 0 0 0 1 1 3 22934 752
0x00007aca1fd60cc0 0x000000064c6dbcc0 0 0 0 0 1 1 3 22934 760
0x00007aca1fd60d40 0x000000064c6dbd40 0 1 0 0 1 1 3 22934 752
0x00007aca1fd60dc0 0x000000064c6dbdc0 0 1 0 0 1 1 3 22934 760
0x00007aca1fd60e40 0x000000064c6dbe40 0 0 1 0 1 1 3 22934 752
0x00007aca1fd60ec0 0x000000064c6dbec0 0 0 1 0 1 1 3 22934 760
0x00007aca1fd60f40 0x000000064c6dbf40 0 1 1 0 1 1 3 22934 752
0x00007aca1fd60fc0 0x000000064c6dbfc0 0 1 1 0 1 1 3 22934 760
0x00007aca1fd6c040 0x0000000afce54040 0 0 0 0 0 1 3 44938 768
0x00007aca1fd6c0c0 0x0000000afce540c0 0 0 0 0 0 1 3 44938 776
0x00007aca1fd6c140 0x0000000afce54140 0 1 0 0 0 1 3 44938 768
0x00007aca1fd6c1c0 0x0000000afce541c0 0 1 0 0 0 1 3 44938 776
0x00007aca1fd6c240 0x0000000afce54240 0 0 1 0 0 1 3 44938 768
0x00007aca1fd6c2c0 0x0000000afce542c0 0 0 1 0 0 1 3 44938 776
0x00007aca1fd6c340 0x0000000afce54340 0 1 1 0 0 1 3 44938 768
0x00007aca1fd6c3c0 0x0000000afce543c0 0 1 1 0 0 1 3 44938 776
0x00007aca1fd6c440 0x0000000afce54440 0 0 0 0 0 1 3 44938 784
0x00007aca1fd6c4c0 0x0000000afce544c0 0 0 0 0 0 1 3 44938 792
0x00007aca1fd6c540 0x0000000afce54540 0 1 0 0 0 1 3 44938 784
0x00007aca1fd6c5c0 0x0000000afce545c0 0 1 0 0 0 1 3 44938 792
0x00007aca1fd6c640 0x0000000afce54640 0 0 1 0 0 1 3 44938 784
0x00007aca1fd6c6c0 0x0000000afce546c0 0 0 1 0 0 1 3 44938 792
0x00007aca1fd6c740 0x0000000afce54740 0 1 1 0 0 1 3 44938 784
0x00007aca1fd6c7c0 0x0000000afce547c0 0 1 1 0 0 1 3 44938 792
0x00007aca1fd6c840 0x0000000afce54840 0 0 0 0 0 1 3 44938 800
0x00007aca1fd6c8c0 0x0000000afce548c0 0 0 0 0 0 1 3 44938 808
0x00007aca1fd6c940 0x0000000afce54940 0 1 0 0 0 1 3 44938 800
0x00007aca1fd6c9c0 0x0000000afce549c0 0 1 0 0 0 1 3 44938 808
0x00007aca1fd6ca40 0x0000000afce54a40 0 0 1 0 0 1 3 44938 800
0x00007aca1fd6cac0 0x0000000afce54ac0 0 0 1 0 0 1 3 44938 808
0x00007aca1fd6cb40 0x0000000afce54b40 0 1 1 0 0 1 3 44938 800
0x00007aca1fd6cbc0 0x0000000afce54bc0 0 1 1 0 0 1 3 44938 808
0x00007aca1fd6cc40 0x0000000afce54c40 0 0 0 0 0 1 3 44938 816
0x00007aca1fd6ccc0 0x0000000afce54cc0 0 0 0 0 0 1 3 44938 824
0x00007aca1fd6cd40 0x0000000afce54d40 0 1 0 0 0 1 3 44938 816
0x00007aca1fd6cdc0 0x0000000afce54dc0 0 1 0 0 0 1 3 44938 824
0x00007aca1fd6ce40 0x0000000afce54e40 0 0 1 0 0 1 3 44938 816
0x00007aca1fd6cec0 0x0000000afce54ec0 0 0 1 0 0 1 3 44938 824
0x00007aca1fd6cf40 0x0000000afce54f40 0 1 1 0 0 1 3 44938 816
0x00007aca1fd6cfc0 0x0000000afce54fc0 0 1 1 0 0 1 3 44938 824
0x00007aca1fd73040 0x0000000e59e0f040 0 0 0 0 1 1 3 56120 448
0x00007aca1fd730c0 0x0000000e59e0f0c0 0 0 0 0 1 1 3 56120 456
0x00007aca1fd73140 0x0000000e59e0f140 0 1 0 0 1 1 3 56120 448
0x00007aca1fd731c0 0x0000000e59e0f1c0 0 1 0 0 1 1 3 56120 456
0x00007aca1fd73240 0x0000000e59e0f240 0 0 1 0 1 1 3 56120 448
0x00007aca1fd732c0 0x0000000e59e0f2c0 0 0 1 0 1 1 3 56120 456
0x00007aca1fd73340 0x0000000e59e0f340 0 1 1 0 1 1 3 56120 448
0x00007aca1fd733c0 0x0000000e59e0f3c0 0 1 1 0 1 1 3 56120 456
0x00007aca1fd73440 0x0000000e59e0f440 0 0 0 0 1 1 3 56120 464
0x00007aca1fd734c0 0x0000000e59e0f4c0 0 0 0 0 1 1 3 56120 472
0x00007aca1fd73540 0x0000000e59e0f540 0 1 0 0 1 1 3 56120 464
0x00007aca1fd735c0 0x0000000e59e0f5c0 0 1 0 0 1 1 3 56120 472
0x00007aca1fd73640 0x0000000e59e0f640 0 0 1 0 1 1 3 56120 464
0x00007aca1fd736c0 0x0000000e59e0f6c0 0 0 1 0 1 1 3 56120 472
0x00007aca1fd73740 0x0000000e59e0f740 0 1 1 0 1 1 3 56120 464
0x00007aca1fd737c0 0x0000000e59e0f7c0 0 1 1 0 1 1 3 56120 472
0x00007aca1fd73840 0x0000000e59e0f840 0 0 0 0 1 1 3 56120 480
0x00007aca1fd738c0 0x0000000e59e0f8c0 0 0 0 0 1 1 3 56120 488
0x00007aca1fd73940 0x0000000e59e0f940 0 1 0 0 1 1 3 56120 480
0x00007aca1fd739c0 0x0000000e59e0f9c0 0 1 0 0 1 1 3 56120 488
0x00007aca1fd73a40 0x0000000e59e0fa40 0 0 1 0 1 1 3 56120 480
0x00007aca1fd73ac0 0x0000000e59e0fac0 0 0 1 0 1 1 3 56120 488
0x00007aca1fd73b40 0x0000000e59e0fb40 0 1 1 0 1 1 3 56120 480
0x00007aca1fd73bc0 0x0000000e59e0fbc0 0 1 1 0 1 1 3 56120 488
0x00007aca1fd73c40 0x0000000e59e0fc40 0 0 0 0 1 1 3 56120 496
0x00007aca1fd73cc0 0x0000000e59e0fcc0 0 0 0 0 1 1 3 56120 504
0x00007aca1fd73d40 0x0000000e59e0fd40 0 1 0 0 1 1 3 56120 496
0x00007aca1fd73dc0 0x0000000e59e0fdc0 0 1 0 0 1 1 3 56120 504
0x00007aca1fd73e40 0x0000000e59e0fe40 0 0 1 0 1 1 3 56120 496
0x00007aca1fd73ec0 0x0000000e59e0fec0 0 0 1 0 1 1 3 56120 504
0x00007aca1fd73f40 0x0000000e59e0ff40 0 1 1 0 1 1 3 56120 496
0x00007aca1fd73fc0 0x0000000e59e0ffc0 0 1 1 0 1 1 3 56120 504
0x00007aca1fd7a040 0x0000000e0363d040 0 0 0 0 1 1 3 53361 832
0x00007aca1fd7a0c0 0x0000000e0363d0c0 0 0 0 0 1 1 3 53361 840
0x00007aca1fd7a140 0x0000000e0363d140 0 1 0 0 1 1 3 53361 832
0x00007aca1fd7a1c0 0x0000000e0363d1c0 0 1 0 0 1 1 3 53361 840
0x00007aca1fd7a240 0x0000000e0363d240 0 0 1 0 1 1 3 53361 832
0x00007aca1fd7a2c0 0x0000000e0363d2c0 0 0 1 0 1 1 3 53361 840
0x00007aca1fd7a340 0x0000000e0363d340 0 1 1 0 1 1 3 53361 832
0x00007aca1fd7a3c0 0x0000000e0363d3c0 0 1 1 0 1 1 3 53361 840
0x00007aca1fd7a440 0x0000000e0363d440 0 0 0 0 1 1 3 53361 848
0x00007aca1fd7a4c0 0x0000000e0363d4c0 0 0 0 0 1 1 3 53361 856
0x00007aca1fd7a540 0x0000000e0363d540 0 1 0 0 1 1 3 53361 848
0x00007aca1fd7a5c0 0x0000000e0363d5c0 0 1 0 0 1 1 3 53361 856
0x00007aca1fd7a640 0x0000000e0363d640 0 0 1 0 1 1 3 53361 848
0x00007aca1fd7a6c0 0x0000000e0363d6c0 0 0 1 0 1 1 3 53361 856
0x00007aca1fd7a740 0x0000000e0363d740 0 1 1 0 1 1 3 53361 848
0x00007aca1fd7a7c0 0x0000000e0363d7c0 0 1 1 0 1 1 3 53361 856
0x00007aca1fd7a840 0x0000000e0363d840 0 0 0 0 1 1 3 53361 864
0x00007aca1fd7a8c0 0x0000000e0363d8c0 0 0 0 0 1 1 3 53361 872
0x00007aca1fd7a940 0x0000000e0363d940 0 1 0 0 1 1 3 53361 864
0x00007aca1fd7a9c0 0x0000000e0363d9c0 0 1 0 0 1 1 3 53361 872
0x00007aca1fd7aa40 0x0000000e0363da40 0 0 1 0 1 1 3 53361 864
0x00007aca1fd7aac0 0x0000000e0363dac0 0 0 1 0 1 1 3 53361 872
0x00007aca1fd7ab40 0x0000000e0363db40 0 1 1 0 1 1 3 53361 864
0x00007aca1fd7abc0 0x0000000e0363dbc0 0 1 1 0 1 1 3 53361 872
0x00007aca1fd7ac40 0x0000000e0363dc40 0 0 0 0 1 1 3 53361 880
0x00007aca1fd7acc0 0x0000000e0363dcc0 0 0 0 0 1 1 3 53361 888
0x00007aca1fd7ad40 0x0000000e0363dd40 0 1 0 0 1 1 3 53361 880
0x00007aca1fd7adc0 0x0000000e0363ddc0 0 1 0 0 1 1 3 53361 888
0x00007aca1fd7ae40 0x0000000e0363de40 0 0 1 0 1 1 3 53361 880
0x00007aca1fd7aec0 0x0000000e0363dec0 0 0 1 0 1 1 3 53361 888
0x00007aca1fd7af40 0x0000000e0363df40 0 1 1 0 1 1 3 53361 880
0x00007aca1fd7afc0 0x0000000e0363dfc0 0 1 1 0 1 1 3 53361 888
0x00007aca1fd91040 0x0000000b2a608040 0 0 0 0 1 1 3 42320 0
0x00007aca1fd910c0 0x0000000b2a6080c0 0 0 0 0 1 1 3 42320 8
0x00007aca1fd91140 0x0000000b2a608140 0 1 0 0 1 1 3 42320 0
0x00007aca1fd911c0 0x0000000b2a6081c0 0 1 0 0 1 1 3 42320 8
0x00007aca1fd91240 0x0000000b2a608240 0 0 1 0 1 1 3 42320 0
0x00007aca1fd912c0 0x0000000b2a6082c0 0 0 1 0 1 1 3 42320 8
0x00007aca1fd91340 0x0000000b2a608340 0 1 1 0 1 1 3 42320 0
0x00007aca1fd913c0 0x0000000b2a6083c0 0 1 1 0 1 1 3 42320 8
0x00007aca1fd91440 0x0000000b2a608440 0 0 0 0 1 1 3 42320 16
0x00007aca1fd914c0 0x0000000b2a6084c0 0 0 0 0 1 1 3 42320 24
0x00007aca1fd91540 0x0000000b2a608540 0 1 0 0 1 1 3 42320 16
0x00007aca1fd915c0 0x0000000b2a6085c0 0 1 0 0 1 1 3 42320 24
0x00007aca1fd91640 0x0000000b2a608640 0 0 1 0 1 1 3 42320 16
0x00007aca1fd916c0 0x0000000b2a6086c0 0 0 1 0 1 1 3 42320 24
0x00007aca1fd91740 0x0000000b2a608740 0 1 1 0 1 1 3 42320 16
0x00007aca1fd917c0 0x0000000b2a6087c0 0 1 1 0 1 1 3 42320 24
0x00007aca1fd91840 0x0000000b2a608840 0 0 0 0 1 1 3 42320 32
0x00007aca1fd918c0 0x0000000b2a6088c0 0 0 0 0 1 1 3 42320 40
0x00007aca1fd91940 0x0000000b2a608940 0 1 0 0 1 1 3 42320 32
0x00007aca1fd919c0 0x0000000b2a6089c0 0 1 0 0 1 1 3 42320 40
0x00007aca1fd91a40 0x0000000b2a608a40 0 0 1 0 1 1 3 42320 32
0x00007aca1fd91ac0 0x0000000b2a608ac0 0 0 1 0 1 1 3 42320 40
0x00007aca1fd91b40 0x0000000b2a608b40 0 1 1 0 1 1 3 42320 32
0x00007aca1fd91bc0 0x0000000b2a608bc0 0 1 1 0 1 1 3 42320 40
0x00007aca1fd91c40 0x0000000b2a608c40 0 0 0 0 1 1 3 42320 48
0x00007aca1fd91cc0 0x0000000b2a608cc0 0 0 0 0 1 1 3 42320 56
0x00007aca1fd91d40 0x0000000b2a608d40 0 1 0 0 1 1 3 42320 48
0x00007aca1fd91dc0 0x0000000b2a608dc0 0 1 0 0 1 1 3 42320 56
0x00007aca1fd91e40 0x0000000b2a608e40 0 0 1 0 1 1 3 42320 48
0x00007aca1fd91ec0 0x0000000b2a608ec0 0 0 1 0 1 1 3 42320 56
0x00007aca1fd91f40 0x0000000b2a608f40 0 1 1 0 1 1 3 42320 48
0x00007aca1fd91fc0 0x0000000b2a608fc0 0 1 1 0 1 1 3 42320 56
0x00007aca1fda5040 0x0000000e8ce25040 0 0 0 0 0 1 3 57737 320
0x00007aca1fda50c0 0x0000000e8ce250c0 0 0 0 0 0 1 3 57737 328
0x00007aca1fda5140 0x0000000e8ce25140 0 1 0 0 0 1 3 57737 320
0x00007aca1fda51c0 0x0000000e8ce251c0 0 1 0 0 0 1 3 57737 328
0x00007aca1fda5240 0x0000000e8ce25240 0 0 1 0 0 1 3 57737 320
0x00007aca1fda52c0 0x0000000e8ce252c0 0 0 1 0 0 1 3 57737 328
0x00007aca1fda5340 0x0000000e8ce25340 0 1 1 0 0 1 3 57737 320
0x00007aca1fda53c0 0x0000000e8ce253c0 0 1 1 0 0 1 3 57737 328
0x00007aca1fda5440 0x0000000e8ce25440 0 0 0 0 0 1 3 57737 336
0x00007aca1fda54c0 0x0000000e8ce254c0 0 0 0 0 0 1 3 57737 344
0x00007aca1fda5540 0x0000000e8ce25540 0 1 0 0 0 1 3 57737 336
0x00007aca1fda55c0 0x0000000e8ce255c0 0 1 0 0 0 1 3 57737 344
0x00007aca1fda5640 0x0000000e8ce25640 0 0 1 0 0 1 3 57737 336
0x00007aca1fda56c0 0x0000000e8ce256c0 0 0 1 0 0 1 3 57737 344
0x00007aca1fda5740 0x0000000e8ce25740 0 1 1 0 0 1 3 57737 336
0x00007aca1fda57c0 0x0000000e8ce257c0 0 1 1 0 0 1 3 57737 344
0x00007aca1fda5840 0x0000000e8ce25840 0 0 0 0 0 1 3 57737 352
0x00007aca1fda58c0 0x0000000e8ce258c0 0 0 0 0 0 1 3 57737 360
0x00007aca1fda5940 0x0000000e8ce25940 0 1 0 0 0 1 3 57737 352
0x00007aca1fda59c0 0x0000000e8ce259c0 0 1 0 0 0 1 3 57737 360
0x00007aca1fda5a40 0x0000000e8ce25a40 0 0 1 0 0 1 3 57737 352
0x00007aca1fda5ac0 0x0000000e8ce25ac0 0 0 1 0 0 1 3 57737 360
0x00007aca1fda5b40 0x0000000e8ce25b40 0 1 1 0 0 1 3 57737 352
0x00007aca1fda5bc0 0x0000000e8ce25bc0 0 1 1 0 0 1 3 57737 360
0x00007aca1fda5c40 0x0000000e8ce25c40 0 0 0 0 0 1 3 57737 368
0x00007aca1fda5cc0 0x0000000e8ce25cc0 0 0 0 0 0 1 3 57737 376
0x00007aca1fda5d40 0x0000000e8ce25d40 0 1 0 0 0 1 3 57737 368
0x00007aca1fda5dc0 0x0000000e8ce25dc0 0 1 0 0 0 1 3 57737 376
0x00007aca1fda5e40 0x0000000e8ce25e40 0 0 1 0 0 1 3 57737 368
0x00007aca1fda5ec0 0x0000000e8ce25ec0 0 0 1 0 0 1 3 57737 376
0x00007aca1fda5f40 0x0000000e8ce25f40 0 1 1 0 0 1 3 57737 368
0x00007aca1fda5fc0 0x0000000e8ce25fc0 0 1 1 0 0 1 3 57737 376
0x00007aca1fdbe040 0x0000000d4fee0040 0 0 0 0 0 1 3 51711 0
0x00007aca1fdbe0c0 0x0000000d4fee00c0 0 0 0 0 0 1 3 51711 8
0x00007aca1fdbe140 0x0000000d4fee0140 0 1 0 0 0 1 3 51711 0
0x00007aca1fdbe1c0 0x0000000d4fee01c0 0 1 0 0 0 1 3 51711 8
0x00007aca1fdbe240 0x0000000d4fee0240 0 0 1 0 0 1 3 51711 0
0x00007aca1fdbe2c0 0x0000000d4fee02c0 0 0 1 0 0 1 3 51711 8
0x00007aca1fdbe340 0x0000000d4fee0340 0 1 1 0 0 1 3 51711 0
0x00007aca1fdbe3c0 0x0000000d4fee03c0 0 1 1 0 0 1 3 51711 8
0x00007aca1fdbe440 0x0000000d4fee0440 0 0 0 0 0 1 3 51711 16
0x00007aca1fdbe4c0 0x0000000d4fee04c0 0 0 0 0 0 1 3 51711 24
0x00007aca1fdbe540 0x0000000d4fee0540 0 1 0 0 0 1 3 51711 16
0x00007aca1fdbe5c0 0x0000000d4fee05c0 0 1 0 0 0 1 3 51711 24
0x00007aca1fdbe640 0x0000000d4fee0640 0 0 1 0 0 1 3 51711 16
0x00007aca1fdbe6c0 0x0000000d4fee06c0 0 0 1 0 0 1 3 51711 24
0x00007aca1fdbe740 0x0000000d4fee0740 0 1 1 0 0 1 3 51711 16
0x00007aca1fdbe7c0 0x0000000d4fee07c0 0 1 1 0 0 1 3 51711 24
0x00007aca1fdbe840 0x0000000d4fee0840 0 0 0 0 0 1 3 51711 32
0x00007aca1fdbe8c0 0x0000000d4fee08c0 0 0 0 0 0 1 3 51711 40
0x00007aca1fdbe940 0x0000000d4fee0940 0 1 0 0 0 1 3 51711 32
0x00007aca1fdbe9c0 0x0000000d4fee09c0 0 1 0 0 0 1 3 51711 40
0x00007aca1fdbea40 0x0000000d4fee0a40 0 0 1 0 0 1 3 51711 32
0x00007aca1fdbeac0 0x0000000d4fee0ac0 0 0 1 0 0 1 3 51711 40
0x00007aca1fdbeb40 0x0000000d4fee0b40 0 1 1 0 0 1 3 51711 32
0x00007aca1fdbebc0 0x0000000d4fee0bc0 0 1 1 0 0 1 3 51711 40
0x00007aca1fdbec40 0x0000000d4fee0c40 0 0 0 0 0 1 3 51711 48
0x00007aca1fdbecc0 0x0000000d4fee0cc0 0 0 0 0 0 1 3 51711 56
0x00007aca1fdbed40 0x0000000d4fee0d40 0 1 0 0 0 1 3 51711 48
0x00007aca1fdbedc0 0x0000000d4fee0dc0 0 1 0 0 0 1 3 51711 56
0x00007aca1fdbee40 0x0000000d4fee0e40 0 0 1 0 0 1 3 51711 48
0x00007aca1fdbeec0 0x0000000d4fee0ec0 0 0 1 0 0 1 3 51711 56
0x00007aca1fdbef40 0x0000000d4fee0f40 0 1 1 0 0 1 3 51711 48
0x00007aca1fdbefc0 0x0000000d4fee0fc0 0 1 1 0 0 1 3 51711 56
0x00007aca1fdcd040 0x00000005ecee0040 0 0 0 0 0 1 3 23951 0
0x00007aca1fdcd0c0 0x00000005ecee00c0 0 0 0 0 0 1 3 23951 8
0x00007aca1fdcd140 0x00000005ecee0140 0 1 0 0 0 1 3 23951 0
0x00007aca1fdcd1c0 0x00000005ecee01c0 0 1 0 0 0 1 3 23951 8
0x00007aca1fdcd240 0x00000005ecee0240 0 0 1 0 0 1 3 23951 0
0x00007aca1fdcd2c0 0x00000005ecee02c0 0 0 1 0 0 1 3 23951 8
0x00007aca1fdcd340 0x00000005ecee0340 0 1 1 0 0 1 3 23951 0
0x00007aca1fdcd3c0 0x00000005ecee03c0 0 1 1 0 0 1 3 23951 8
0x00007aca1fdcd440 0x00000005ecee0440 0 0 0 0 0 1 3 23951 16
0x00007aca1fdcd4c0 0x00000005ecee04c0 0 0 0 0 0 1 3 23951 24
0x00007aca1fdcd540 0x00000005ecee0540 0 1 0 0 0 1 3 23951 16
0x00007aca1fdcd5c0 0x00000005ecee05c0 0 1 0 0 0 1 3 23951 24
0x00007aca1fdcd640 0x00000005ecee0640 0 0 1 0 0 1 3 23951 16
0x00007aca1fdcd6c0 0x00000005ecee06c0 0 0 1 0 0 1 3 23951 24
0x00007aca1fdcd740 0x00000005ecee0740 0 1 1 0 0 1 3 23951 16
0x00007aca1fdcd7c0 0x00000005ecee07c0 0 1 1 0 0 1 3 23951 24
0x00007aca1fdcd840 0x00000005ecee0840 0 0 0 0 0 1 3 23951 32
0x00007aca1fdcd8c0 0x00000005ecee08c0 0 0 0 0 0 1 3 23951 40
0x00007aca1fdcd940 0x00000005ecee0940 0 1 0 0 0 1 3 23951 32
0x00007aca1fdcd9c0 0x00000005ecee09c0 0 1 0 0 0 1 3 23951 40
0x00007aca1fdcda40 0x00000005ecee0a40 0 0 1 0 0 1 3 23951 32
0x00007aca1fdcdac0 0x00000005ecee0ac0 0 0 1 0 0 1 3 23951 40
0x00007aca1fdcdb40 0x00000005ecee0b40 0 1 1 0 0 1 3 23951 32
0x00007aca1fdcdbc0 0x00000005ecee0bc0 0 1 1 0 0 1 3 23951 40
0x00007aca1fdcdc40 0x00000005ecee0c40 0 0 0 0 0 1 3 23951 48
0x00007aca1fdcdcc0 0x00000005ecee0cc0 0 0 0 0 0 1 3 23951 56
0x00007aca1fdcdd40 0x00000005ecee0d40 0 1 0 0 0 1 3 23951 48
0x00007aca1fdcddc0 0x00000005ecee0dc0 0 1 0 0 0 1 3 23951 56
0x00007aca1fdcde40 0x00000005ecee0e40 0 0 1 0 0 1 3 23951 48
0x00007aca1fdcdec0 0x00000005ecee0ec0 0 0 1 0 0 1 3 23951 56
0x00007aca1fdcdf40 0x00000005ecee0f40 0 1 1 0 0 1 3 23951 48
0x00007aca1fdcdfc0 0x00000005ecee0fc0 0 1 1 0 0 1 3 23951 56
0x00007aca1fdd8040 0x00000004abe93040 0 0 0 0 0 1 3 17772 704
0x00007aca1fdd80c0 0x00000004abe930c0 0 0 0 0 0 1 3 17772 712
0x00007aca1fdd8140 0x00000004abe93140 0 1 0 0 0 1 3 17772 704
0x00007aca1fdd81c0 0x00000004abe931c0 0 1 0 0 0 1 3 17772 712
0x00007aca1fdd8240 0x00000004abe93240 0 0 1 0 0 1 3 17772 704
0x00007aca1fdd82c0 0x00000004abe932c0 0 0 1 0 0 1 3 17772 712
0x00007aca1fdd8340 0x00000004abe93340 0 1 1 0 0 1 3 17772 704
0x00007aca1fdd83c0 0x00000004abe933c0 0 1 1 0 0 1 3 17772 712
0x00007aca1fdd8440 0x00000004abe93440 0 0 0 0 0 1 3 17772 720
0x00007aca1fdd84c0 0x00000004abe934c0 0 0 0 0 0 1 3 17772 728
0x00007aca1fdd8540 0x00000004abe93540 0 1 0 0 0 1 3 17772 720
0x00007aca1fdd85c0 0x00000004abe935c0 0 1 0 0 0 1 3 17772 728
0x00007aca1fdd8640 0x00000004abe93640 0 0 1 0 0 1 3 17772 720
0x00007aca1fdd86c0 0x00000004abe936c0 0 0 1 0 0 1 3 17772 728
0x00007aca1fdd8740 0x00000004abe93740 0 1 1 0 0 1 3 17772 720
0x00007aca1fdd87c0 0x00000004abe937c0 0 1 1 0 0 1 3 17772 728
0x00007aca1fdd8840 0x00000004abe93840 0 0 0 0 0 1 3 17772 736
0x00007aca1fdd88c0 0x00000004abe938c0 0 0 0 0 0 1 3 17772 744
0x00007aca1fdd8940 0x00000004abe93940 0 1 0 0 0 1 3 17772 736
0x00007aca1fdd89c0 0x00000004abe939c0 0 1 0 0 0 1 3 17772 744
0x00007aca1fdd8a40 0x00000004abe93a40 0 0 1 0 0 1 3 17772 736
0x00007aca1fdd8ac0 0x00000004abe93ac0 0 0 1 0 0 1 3 17772 744
0x00007aca1fdd8b40 0x00000004abe93b40 0 1 1 0 0 1 3 17772 736
0x00007aca1fdd8bc0 0x00000004abe93bc0 0 1 1 0 0 1 3 17772 744
0x00007aca1fdd8c40 0x00000004abe93c40 0 0 0 0 0 1 3 17772 752
0x00007aca1fdd8cc0 0x00000004abe93cc0 0 0 0 0 0 1 3 17772 760
0x00007aca1fdd8d40 0x00000004abe93d40 0 1 0 0 0 1 3 17772 752
0x00007aca1fdd8dc0 0x00000004abe93dc0 0 1 0 0 0 1 3 17772 760
0x00007aca1fdd8e40 0x00000004abe93e40 0 0 1 0 0 1 3 17772 752
0x00007aca1fdd8ec0 0x00000004abe93ec0 0 0 1 0 0 1 3 17772 760
0x00007aca1fdd8f40 0x00000004abe93f40 0 1 1 0 0 1 3 17772 752
0x00007aca1fdd8fc0 0x00000004abe93fc0 0 1 1 0 0 1 3 17772 760
0x00007aca1fde1040 0x000000078b6a5040 0 0 0 0 0 1 3 29029 320
0x00007aca1fde10c0 0x000000078b6a50c0 0 0 0 0 0 1 3 29029 328
0x00007aca1fde1140 0x000000078b6a5140 0 1 0 0 0 1 3 29029 320
0x00007aca1fde11c0 0x000000078b6a51c0 0 1 0 0 0 1 3 29029 328
0x00007aca1fde1240 0x000000078b6a5240 0 0 1 0 0 1 3 29029 320
0x00007aca1fde12c0 0x000000078b6a52c0 0 0 1 0 0 1 3 29029 328
0x00007aca1fde1340 0x000000078b6a5340 0 1 1 0 0 1 3 29029 320
0x00007aca1fde13c0 0x000000078b6a53c0 0 1 1 0 0 1 3 29029 328
0x00007aca1fde1440 0x000000078b6a5440 0 0 0 0 0 1 3 29029 336
0x00007aca1fde14c0 0x000000078b6a54c0 0 0 0 0 0 1 3 29029 344
0x00007aca1fde1540 0x000000078b6a5540 0 1 0 0 0 1 3 29029 336
0x00007aca1fde15c0 0x000000078b6a55c0 0 1 0 0 0 1 3 29029 344
0x00007aca1fde1640 0x000000078b6a5640 0 0 1 0 0 1 3 29029 336
0x00007aca1fde16c0 0x000000078b6a56c0 0 0 1 0 0 1 3 29029 344
0x00007aca1fde1740 0x000000078b6a5740 0 1 1 0 0 1 3 29029 336
0x00007aca1fde17c0 0x000000078b6a57c0 0 1 1 0 0 1 3 29029 344
0x00007aca1fde1840 0x000000078b6a5840 0 0 0 0 0 1 3 29029 352
0x00007aca1fde18c0 0x000000078b6a58c0 0 0 0 0 0 1 3 29029 360
0x00007aca1fde1940 0x000000078b6a5940 0 1 0 0 0 1 3 29029 352
0x00007aca1fde19c0 0x000000078b6a59c0 0 1 0 0 0 1 3 29029 360
0x00007aca1fde1a40 0x000000078b6a5a40 0 0 1 0 0 1 3 29029 352
0x00007aca1fde1ac0 0x000000078b6a5ac0 0 0 1 0 0 1 3 29029 360
0x00007aca1fde1b40 0x000000078b6a5b40 0 1 1 0 0 1 3 29029 352
0x00007aca1fde1bc0 0x000000078b6a5bc0 0 1 1 0 0 1 3 29029 360
0x00007aca1fde1c40 0x000000078b6a5c40 0 0 0 0 0 1 3 29029 368
0x00007aca1fde1cc0 0x000000078b6a5cc0 0 0 0 0 0 1 3 29029 376
0x00007aca1fde1d40 0x000000078b6a5d40 0 1 0 0 0 1 3 29029 368
0x00007aca1fde1dc0 0x000000078b6a5dc0 0 1 0 0 0 1 3 29029 376
0x00007aca1fde1e40 0x000000078b6a5e40 0 0 1 0 0 1 3 29029 368
0x00007aca1fde1ec0 0x000000078b6a5ec0 0 0 1 0 0 1 3 29029 376
0x00007aca1fde1f40 0x000000078b6a5f40 0 1 1 0 0 1 3 29029 368
0x00007aca1fde1fc0 0x000000078b6a5fc0 0 1 1 0 0 1 3 29029 376
0x00007aca1fde5040 0x0000000a3d669040 0 0 0 0 1 1 3 38835 64
0x00007aca1fde50c0 0x0000000a3d6690c0 0 0 0 0 1 1 3 38835 72
0x00007aca1fde5140 0x0000000a3d669140 0 1 0 0 1 1 3 38835 64
0x00007aca1fde51c0 0x0000000a3d6691c0 0 1 0 0 1 1 3 38835 72
0x00007aca1fde5240 0x0000000a3d669240 0 0 1 0 1 1 3 38835 64
0x00007aca1fde52c0 0x0000000a3d6692c0 0 0 1 0 1 1 3 38835 72
0x00007aca1fde5340 0x0000000a3d669340 0 1 1 0 1 1 3 38835 64
0x00007aca1fde53c0 0x0000000a3d6693c0 0 1 1 0 1 1 3 38835 72
0x00007aca1fde5440 0x0000000a3d669440 0 0 0 0 1 1 3 38835 80
0x00007aca1fde54c0 0x0000000a3d6694c0 0 0 0 0 1 1 3 38835 88
0x00007aca1fde5540 0x0000000a3d669540 0 1 0 0 1 1 3 38835 80
0x00007aca1fde55c0 0x0000000a3d6695c0 0 1 0 0 1 1 3 38835 88
0x00007aca1fde5640 0x0000000a3d669640 0 0 1 0 1 1 3 38835 80
0x00007aca1fde56c0 0x0000000a3d6696c0 0 0 1 0 1 1 3 38835 88
0x00007aca1fde5740 0x0000000a3d669740 0 1 1 0 1 1 3 38835 80
0x00007aca1fde57c0 0x0000000a3d6697c0 0 1 1 0 1 1 3 38835 88
0x00007aca1fde5840 0x0000000a3d669840 0 0 0 0 1 1 3 38835 96
0x00007aca1fde58c0 0x0000000a3d6698c0 0 0 0 0 1 1 3 38835 104
0x00007aca1fde5940 0x0000000a3d669940 0 1 0 0 1 1 3 38835 96
0x00007aca1fde59c0 0x0000000a3d6699c0 0 1 0 0 1 1 3 38835 104
0x00007aca1fde5a40 0x0000000a3d669a40 0 0 1 0 1 1 3 38835 96
0x00007aca1fde5ac0 0x0000000a3d669ac0 0 0 1 0 1 1 3 38835 104
0x00007aca1fde5b40 0x0000000a3d669b40 0 1 1 0 1 1 3 38835 96
0x00007aca1fde5bc0 0x0000000a3d669bc0 0 1 1 0 1 1 3 38835 104
0x00007aca1fde5c40 0x0000000a3d669c40 0 0 0 0 1 1 3 38835 112
0x00007aca1fde5cc0 0x0000000a3d669cc0 0 0 0 0 1 1 3 38835 120
0x00007aca1fde5d40 0x0000000a3d669d40 0 1 0 0 1 1 3 38835 112
0x00007aca1fde5dc0 0x0000000a3d669dc0 0 1 0 0 1 1 3 38835 120
0x00007aca1fde5e40 0x0000000a3d669e40 0 0 1 0 1 1 3 38835 112
0x00007aca1fde5ec0 0x0000000a3d669ec0 0 0 1 0 1 1 3 38835 120
0x00007aca1fde5f40 0x0000000a3d669f40 0 1 1 0 1 1 3 38835 112
0x00007aca1fde5fc0 0x0000000a3d669fc0 0 1 1 0 1 1 3 38835 120
0x00007aca1fdef040 0x000000064c6d9040 0 0 0 0 1 1 3 22934 576
0x00007aca1fdef0c0 0x000000064c6d90c0 0 0 0 0 1 1 3 22934 584
0x00007aca1fdef140 0x000000064c6d9140 0 1 0 0 1 1 3 22934 576
0x00007aca1fdef1c0 0x000000064c6d91c0 0 1 0 0 1 1 3 22934 584
0x00007aca1fdef240 0x000000064c6d9240 0 0 1 0 1 1 3 22934 576
0x00007aca1fdef2c0 0x000000064c6d92c0 0 0 1 0 1 1 3 22934 584
0x00007aca1fdef340 0x000000064c6d9340 0 1 1 0 1 1 3 22934 576
0x00007aca1fdef3c0 0x000000064c6d93c0 0 1 1 0 1 1 3 22934 584
0x00007aca1fdef440 0x000000064c6d9440 0 0 0 0 1 1 3 22934 592
0x00007aca1fdef4c0 0x000000064c6d94c0 0 0 0 0 1 1 3 22934 600
0x00007aca1fdef540 0x000000064c6d9540 0 1 0 0 1 1 3 22934 592
0x00007aca1fdef5c0 0x000000064c6d95c0 0 1 0 0 1 1 3 22934 600
0x00007aca1fdef640 0x000000064c6d9640 0 0 1 0 1 1 3 22934 592
0x00007aca1fdef6c0 0x000000064c6d96c0 0 0 1 0 1 1 3 22934 600
0x00007aca1fdef740 0x000000064c6d9740 0 1 1 0 1 1 3 22934 592
0x00007aca1fdef7c0 0x000000064c6d97c0 0 1 1 0 1 1 3 22934 600
0x00007aca1fdef840 0x000000064c6d9840 0 0 0 0 1 1 3 22934 608
0x00007aca1fdef8c0 0x000000064c6d98c0 0 0 0 0 1 1 3 22934 616
0x00007aca1fdef940 0x000000064c6d9940 0 1 0 0 1 1 3 22934 608
0x00007aca1fdef9c0 0x000000064c6d99c0 0 1 0 0 1 1 3 22934 616
0x00007aca1fdefa40 0x000000064c6d9a40 0 0 1 0 1 1 3 22934 608
0x00007aca1fdefac0 0x000000064c6d9ac0 0 0 1 0 1 1 3 22934 616
0x00007aca1fdefb40 0x000000064c6d9b40 0 1 1 0 1 1 3 22934 608
0x00007aca1fdefbc0 0x000000064c6d9bc0 0 1 1 0 1 1 3 22934 616
0x00007aca1fdefc40 0x000000064c6d9c40 0 0 0 0 1 1 3 22934 624
0x00007aca1fdefcc0 0x000000064c6d9cc0 0 0 0 0 1 1 3 22934 632
0x00007aca1fdefd40 0x000000064c6d9d40 0 1 0 0 1 1 3 22934 624
0x00007aca1fdefdc0 0x000000064c6d9dc0 0 1 0 0 1 1 3 22934 632
0x00007aca1fdefe40 0x000000064c6d9e40 0 0 1 0 1 1 3 22934 624
0x00007aca1fdefec0 0x000000064c6d9ec0 0 0 1 0 1 1 3 22934 632
0x00007aca1fdeff40 0x000000064c6d9f40 0 1 1 0 1 1 3 22934 624
0x00007aca1fdeffc0 0x000000064c6d9fc0 0 1 1 0 1 1 3 22934 632
0x00007aca1fdf1040 0x0000000160e21040 0 0 0 0 0 1 3 3097 64
0x00007aca1fdf10c0 0x0000000160e210c0 0 0 0 0 0 1 3 3097 72
0x00007aca1fdf1140 0x0000000160e21140 0 1 0 0 0 1 3 3097 64
0x00007aca1fdf11c0 0x0000000160e211c0 0 1 0 0 0 1 3 3097 72
0x00007aca1fdf1240 0x0000000160e21240 0 0 1 0 0 1 3 3097 64
0x00007aca1fdf12c0 0x0000000160e212c0 0 0 1 0 0 1 3 3097 72
0x00007aca1fdf1340 0x0000000160e21340 0 1 1 0 0 1 3 3097 64
0x00007aca1fdf13c0 0x0000000160e213c0 0 1 1 0 0 1 3 3097 72
0x00007aca1fdf1440 0x0000000160e21440 0 0 0 0 0 1 3 3097 80
0x00007aca1fdf14c0 0x0000000160e214c0 0 0 0 0 0 1 3 3097 88
0x00007aca1fdf1540 0x0000000160e21540 0 1 0 0 0 1 3 3097 80
0x00007aca1fdf15c0 0x0000000160e215c0 0 1 0 0 0 1 3 3097 88
0x00007aca1fdf1640 0x0000000160e21640 0 0 1 0 0 1 3 3097 80
0x00007aca1fdf16c0 0x0000000160e216c0 0 0 1 0 0 1 3 3097 88
0x00007aca1fdf1740 0x0000000160e21740 0 1 1 0 0 1 3 3097 80
0x00007aca1fdf17c0 0x0000000160e217c0 0 1 1 0 0 1 3 3097 88
0x00007aca1fdf1840 0x0000000160e21840 0 0 0 0 0 1 3 3097 96
0x00007aca1fdf18c0 0x0000000160e218c0 0 0 0 0 0 1 3 3097 104
0x00007aca1fdf1940 0x0000000160e21940 0 1 0 0 0 1 3 3097 96
0x00007aca1fdf19c0 0x0000000160e219c0 0 1 0 0 0 1 3 3097 104
0x00007aca1fdf1a40 0x0000000160e21a40 0 0 1 0 0 1 3 3097 96
0x00007aca1fdf1ac0 0x0000000160e21ac0 0 0 1 0 0 1 3 3097 104
0x00007aca1fdf1b40 0x0000000160e21b40 0 1 1 0 0 1 3 3097 96
0x00007aca1fdf1bc0 0x0000000160e21bc0 0 1 1 0 0 1 3 3097 104
0x00007aca1fdf1c40 0x0000000160e21c40 0 0 0 0 0 1 3 3097 112
0x00007aca1fdf1cc0 0x0000000160e21cc0 0 0 0 0 0 1 3 3097 120
0x00007aca1fdf1d40 0x0000000160e21d40 0 1 0 0 0 1 3 3097 112
0x00007aca1fdf1dc0 0x0000000160e21dc0 0 1 0 0 0 1 3 3097 120
0x00007aca1fdf1e40 0x0000000160e21e40 0 0 1 0 0 1 3 3097 112
0x00007aca1fdf1ec0 0x0000000160e21ec0 0 0 1 0 0 1 3 3097 120
0x00007aca1fdf1f40 0x0000000160e21f40 0 1 1 0 0 1 3 3097 112
0x00007aca1fdf1fc0 0x0000000160e21fc0 0 1 1 0 0 1 3 3097 120
0x00007aca1fdf3040 0x00000009d8ef5040 0 0 0 0 0 1 3 39695 832
0x00007aca1fdf30c0 0x00000009d8ef50c0 0 0 0 0 0 1 3 39695 840
0x00007aca1fdf3140 0x00000009d8ef5140 0 1 0 0 0 1 3 39695 832
0x00007aca1fdf31c0 0x00000009d8ef51c0 0 1 0 0 0 1 3 39695 840
0x00007aca1fdf3240 0x00000009d8ef5240 0 0 1 0 0 1 3 39695 832
0x00007aca1fdf32c0 0x00000009d8ef52c0 0 0 1 0 0 1 3 39695 840
0x00007aca1fdf3340 0x00000009d8ef5340 0 1 1 0 0 1 3 39695 832
0x00007aca1fdf33c0 0x00000009d8ef53c0 0 1 1 0 0 1 3 39695 840
0x00007aca1fdf3440 0x00000009d8ef5440 0 0 0 0 0 1 3 39695 848
0x00007aca1fdf34c0 0x00000009d8ef54c0 0 0 0 0 0 1 3 39695 856
0x00007aca1fdf3540 0x00000009d8ef5540 0 1 0 0 0 1 3 39695 848
0x00007aca1fdf35c0 0x00000009d8ef55c0 0 1 0 0 0 1 3 39695 856
0x00007aca1fdf3640 0x00000009d8ef5640 0 0 1 0 0 1 3 39695 848
0x00007aca1fdf36c0 0x00000009d8ef56c0 0 0 1 0 0 1 3 39695 856
0x00007aca1fdf3740 0x00000009d8ef5740 0 1 1 0 0 1 3 39695 848
0x00007aca1fdf37c0 0x00000009d8ef57c0 0 1 1 0 0 1 3 39695 856
0x00007aca1fdf3840 0x00000009d8ef5840 0 0 0 0 0 1 3 39695 864
0x00007aca1fdf38c0 0x00000009d8ef58c0 0 0 0 0 0 1 3 39695 872
0x00007aca1fdf3940 0x00000009d8ef5940 0 1 0 0 0 1 3 39695 864
0x00007aca1fdf39c0 0x00000009d8ef59c0 0 1 0 0 0 1 3 39695 872
0x00007aca1fdf3a40 0x00000009d8ef5a40 0 0 1 0 0 1 3 39695 864
0x00007aca1fdf3ac0 0x00000009d8ef5ac0 0 0 1 0 0 1 3 39695 872
0x00007aca1fdf3b40 0x00000009d8ef5b40 0 1 1 0 0 1 3 39695 864
0x00007aca1fdf3bc0 0x00000009d8ef5bc0 0 1 1 0 0 1 3 39695 872
0x00007aca1fdf3c40 0x00000009d8ef5c40 0 0 0 0 0 1 3 39695 880
0x00007aca1fdf3cc0 0x00000009d8ef5cc0 0 0 0 0 0 1 3 39695 888
0x00007aca1fdf3d40 0x00000009d8ef5d40 0 1 0 0 0 1 3 39695 880
0x00007aca1fdf3dc0 0x00000009d8ef5dc0 0 1 0 0 0 1 3 39695 888
0x00007aca1fdf3e40 0x00000009d8ef5e40 0 0 1 0 0 1 3 39695 880
0x00007aca1fdf3ec0 0x00000009d8ef5ec0 0 0 1 0 0 1 3 39695 888
0x00007aca1fdf3f40 0x00000009d8ef5f40 0 1 1 0 0 1 3 39695 880
0x00007aca1fdf3fc0 0x00000009d8ef5fc0 0 1 1 0 0 1 3 39695 888
0x00007aca1fdfc040 0x0000000ae163c040 0 0 0 0 1 1 3 44065 768
0x00007aca1fdfc0c0 0x0000000ae163c0c0 0 0 0 0 1 1 3 44065 776
0x00007aca1fdfc140 0x0000000ae163c140 0 1 0 0 1 1 3 44065 768
0x00007aca1fdfc1c0 0x0000000ae163c1c0 0 1 0 0 1 1 3 44065 776
0x00007aca1fdfc240 0x0000000ae163c240 0 0 1 0 1 1 3 44065 768
0x00007aca1fdfc2c0 0x0000000ae163c2c0 0 0 1 0 1 1 3 44065 776
0x00007aca1fdfc340 0x0000000ae163c340 0 1 1 0 1 1 3 44065 768
0x00007aca1fdfc3c0 0x0000000ae163c3c0 0 1 1 0 1 1 3 44065 776
0x00007aca1fdfc440 0x0000000ae163c440 0 0 0 0 1 1 3 44065 784
0x00007aca1fdfc4c0 0x0000000ae163c4c0 0 0 0 0 1 1 3 44065 792
0x00007aca1fdfc540 0x0000000ae163c540 0 1 0 0 1 1 3 44065 784
0x00007aca1fdfc5c0 0x0000000ae163c5c0 0 1 0 0 1 1 3 44065 792
0x00007aca1fdfc640 0x0000000ae163c640 0 0 1 0 1 1 3 44065 784
0x00007aca1fdfc6c0 0x0000000ae163c6c0 0 0 1 0 1 1 3 44065 792
0x00007aca1fdfc740 0x0000000ae163c740 0 1 1 0 1 1 3 44065 784
0x00007aca1fdfc7c0 0x0000000ae163c7c0 0 1 1 0 1 1 3 44065 792
0x00007aca1fdfc840 0x0000000ae163c840 0 0 0 0 1 1 3 44065 800
0x00007aca1fdfc8c0 0x0000000ae163c8c0 0 0 0 0 1 1 3 44065 808
0x00007aca1fdfc940 0x0000000ae163c940 0 1 0 0 1 1 3 44065 800
0x00007aca1fdfc9c0 0x0000000ae163c9c0 0 1 0 0 1 1 3 44065 808
0x00007aca1fdfca40 0x0000000ae163ca40 0 0 1 0 1 1 3 44065 800
0x00007aca1fdfcac0 0x0000000ae163cac0 0 0 1 0 1 1 3 44065 808
0x00007aca1fdfcb40 0x0000000ae163cb40 0 1 1 0 1 1 3 44065 800
0x00007aca1fdfcbc0 0x0000000ae163cbc0 0 1 1 0 1 1 3 44065 808
0x00007aca1fdfcc40 0x0000000ae163cc40 0 0 0 0 1 1 3 44065 816
0x00007aca1fdfccc0 0x0000000ae163ccc0 0 0 0 0 1 1 3 44065 824
0x00007aca1fdfcd40 0x0000000ae163cd40 0 1 0 0 1 1 3 44065 816
0x00007aca1fdfcdc0 0x0000000ae163cdc0 0 1 0 0 1 1 3 44065 824
0x00007aca1fdfce40 0x0000000ae163ce40 0 0 1 0 1 1 3 44065 816
0x00007aca1fdfcec0 0x0000000ae163cec0 0 0 1 0 1 1 3 44065 824
0x00007aca1fdfcf40 0x0000000ae163cf40 0 1 1 0 1 1 3 44065 816
0x00007aca1fdfcfc0 0x0000000ae163cfc0 0 1 1 0 1 1 3 44065 824
0x00007aca1fe12040 0x0000000efee5a040 0 0 0 0 1 1 3 61386 640
0x00007aca1fe120c0 0x0000000efee5a0c0 0 0 0 0 1 1 3 61386 648
0x00007aca1fe12140 0x0000000efee5a140 0 1 0 0 1 1 3 61386 640
0x00007aca1fe121c0 0x0000000efee5a1c0 0 1 0 0 1 1 3 61386 648
0x00007aca1fe12240 0x0000000efee5a240 0 0 1 0 1 1 3 61386 640
0x00007aca1fe122c0 0x0000000efee5a2c0 0 0 1 0 1 1 3 61386 648
0x00007aca1fe12340 0x0000000efee5a340 0 1 1 0 1 1 3 61386 640
0x00007aca1fe123c0 0x0000000efee5a3c0 0 1 1 0 1 1 3 61386 648
0x00007aca1fe12440 0x0000000efee5a440 0 0 0 0 1 1 3 61386 656
0x00007aca1fe124c0 0x0000000efee5a4c0 0 0 0 0 1 1 3 61386 664
0x00007aca1fe12540 0x0000000efee5a540 0 1 0 0 1 1 3 61386 656
0x00007aca1fe125c0 0x0000000efee5a5c0 0 1 0 0 1 1 3 61386 664
0x00007aca1fe12640 0x0000000efee5a640 0 0 1 0 1 1 3 61386 656
0x00007aca1fe126c0 0x0000000efee5a6c0 0 0 1 0 1 1 3 61386 664
0x00007aca1fe12740 0x0000000efee5a740 0 1 1 0 1 1 3 61386 656
0x00007aca1fe127c0 0x0000000efee5a7c0 0 1 1 0 1 1 3 61386 664
0x00007aca1fe12840 0x0000000efee5a840 0 0 0 0 1 1 3 61386 672
0x00007aca1fe128c0 0x0000000efee5a8c0 0 0 0 0 1 1 3 61386 680
0x00007aca1fe12940 0x0000000efee5a940 0 1 0 0 1 1 3 61386 672
0x00007aca1fe129c0 0x0000000efee5a9c0 0 1 0 0 1 1 3 61386 680
0x00007aca1fe12a40 0x0000000efee5aa40 0 0 1 0 1 1 3 61386 672
0x00007aca1fe12ac0 0x0000000efee5aac0 0 0 1 0 1 1 3 61386 680
0x00007aca1fe12b40 0x0000000efee5ab40 0 1 1 0 1 1 3 61386 672
0x00007aca1fe12bc0 0x0000000efee5abc0 0 1 1 0 1 1 3 61386 680
0x00007aca1fe12c40 0x0000000efee5ac40 0 0 0 0 1 1 3 61386 688
0x00007aca1fe12cc0 0x0000000efee5acc0 0 0 0 0 1 1 3 61386 696
0x00007aca1fe12d40 0x0000000efee5ad40 0 1 0 0 1 1 3 61386 688
0x00007aca1fe12dc0 0x0000000efee5adc0 0 1 0 0 1 1 3 61386 696
0x00007aca1fe12e40 0x0000000efee5ae40 0 0 1 0 1 1 3 61386 688
0x00007aca1fe12ec0 0x0000000efee5aec0 0 0 1 0 1 1 3 61386 696
0x00007aca1fe12f40 0x0000000efee5af40 0 1 1 0 1 1 3 61386 688
0x00007aca1fe12fc0 0x0000000efee5afc0 0 1 1 0 1 1 3 61386 696
0x00007aca1fe18040 0x0000000deb676040 0 0 0 0 0 1 3 56675 896
0x00007aca1fe180c0 0x0000000deb6760c0 0 0 0 0 0 1 3 56675 904
0x00007aca1fe18140 0x0000000deb676140 0 1 0 0 0 1 3 56675 896
0x00007aca1fe181c0 0x0000000deb6761c0 0 1 0 0 0 1 3 56675 904
0x00007aca1fe18240 0x0000000deb676240 0 0 1 0 0 1 3 56675 896
0x00007aca1fe182c0 0x0000000deb6762c0 0 0 1 0 0 1 3 56675 904
0x00007aca1fe18340 0x0000000deb676340 0 1 1 0 0 1 3 56675 896
0x00007aca1fe183c0 0x0000000deb6763c0 0 1 1 0 0 1 3 56675 904
0x00007aca1fe18440 0x0000000deb676440 0 0 0 0 0 1 3 56675 912
0x00007aca1fe184c0 0x0000000deb6764c0 0 0 0 0 0 1 3 56675 920
0x00007aca1fe18540 0x0000000deb676540 0 1 0 0 0 1 3 56675 912
0x00007aca1fe185c0 0x0000000deb6765c0 0 1 0 0 0 1 3 56675 920
0x00007aca1fe18640 0x0000000deb676640 0 0 1 0 0 1 3 56675 912
0x00007aca1fe186c0 0x0000000deb6766c0 0 0 1 0 0 1 3 56675 920
0x00007aca1fe18740 0x0000000deb676740 0 1 1 0 0 1 3 56675 912
0x00007aca1fe187c0 0x0000000deb6767c0 0 1 1 0 0 1 3 56675 920
0x00007aca1fe18840 0x0000000deb676840 0 0 0 0 0 1 3 56675 928
0x00007aca1fe188c0 0x0000000deb6768c0 0 0 0 0 0 1 3 56675 936
0x00007aca1fe18940 0x0000000deb676940 0 1 0 0 0 1 3 56675 928
0x00007aca1fe189c0 0x0000000deb6769c0 0 1 0 0 0 1 3 56675 936
0x00007aca1fe18a40 0x0000000deb676a40 0 0 1 0 0 1 3 56675 928
0x00007aca1fe18ac0 0x0000000deb676ac0 0 0 1 0 0 1 3 56675 936
0x00007aca1fe18b40 0x0000000deb676b40 0 1 1 0 0 1 3 56675 928
0x00007aca1fe18bc0 0x0000000deb676bc0 0 1 1 0 0 1 3 56675 936
0x00007aca1fe18c40 0x0000000deb676c40 0 0 0 0 0 1 3 56675 944
0x00007aca1fe18cc0 0x0000000deb676cc0 0 0 0 0 0 1 3 56675 952
0x00007aca1fe18d40 0x0000000deb676d40 0 1 0 0 0 1 3 56675 944
0x00007aca1fe18dc0 0x0000000deb676dc0 0 1 0 0 0 1 3 56675 952
0x00007aca1fe18e40 0x0000000deb676e40 0 0 1 0 0 1 3 56675 944
0x00007aca1fe18ec0 0x0000000deb676ec0 0 0 1 0 0 1 3 56675 952
0x00007aca1fe18f40 0x0000000deb676f40 0 1 1 0 0 1 3 56675 944
0x00007aca1fe18fc0 0x0000000deb676fc0 0 1 1 0 0 1 3 56675 952
0x00007aca1fe1a040 0x000000042ce98040 0 0 0 0 1 1 3 13724 512
0x00007aca1fe1a0c0 0x000000042ce980c0 0 0 0 0 1 1 3 13724 520
0x00007aca1fe1a140 0x000000042ce98140 0 1 0 0 1 1 3 13724 512
0x00007aca1fe1a1c0 0x000000042ce981c0 0 1 0 0 1 1 3 13724 520
0x00007aca1fe1a240 0x000000042ce98240 0 0 1 0 1 1 3 13724 512
0x00007aca1fe1a2c0 0x000000042ce982c0 0 0 1 0 1 1 3 13724 520
0x00007aca1fe1a340 0x000000042ce98340 0 1 1 0 1 1 3 13724 512
0x00007aca1fe1a3c0 0x000000042ce983c0 0 1 1 0 1 1 3 13724 520
0x00007aca1fe1a440 0x000000042ce98440 0 0 0 0 1 1 3 13724 528
0x00007aca1fe1a4c0 0x000000042ce984c0 0 0 0 0 1 1 3 13724 536
0x00007aca1fe1a540 0x000000042ce98540 0 1 0 0 1 1 3 13724 528
0x00007aca1fe1a5c0 0x000000042ce985c0 0 1 0 0 1 1 3 13724 536
0x00007aca1fe1a640 0x000000042ce98640 0 0 1 0 1 1 3 13724 528
0x00007aca1fe1a6c0 0x000000042ce986c0 0 0 1 0 1 1 3 13724 536
0x00007aca1fe1a740 0x000000042ce98740 0 1 1 0 1 1 3 13724 528
0x00007aca1fe1a7c0 0x000000042ce987c0 0 1 1 0 1 1 3 13724 536
0x00007aca1fe1a840 0x000000042ce98840 0 0 0 0 1 1 3 13724 544
0x00007aca1fe1a8c0 0x000000042ce988c0 0 0 0 0 1 1 3 13724 552
0x00007aca1fe1a940 0x000000042ce98940 0 1 0 0 1 1 3 13724 544
0x00007aca1fe1a9c0 0x000000042ce989c0 0 1 0 0 1 1 3 13724 552
0x00007aca1fe1aa40 0x000000042ce98a40 0 0 1 0 1 1 3 13724 544
0x00007aca1fe1aac0 0x000000042ce98ac0 0 0 1 0 1 1 3 13724 552
0x00007aca1fe1ab40 0x000000042ce98b40 0 1 1 0 1 1 3 13724 544
0x00007aca1fe1abc0 0x000000042ce98bc0 0 1 1 0 1 1 3 13724 552
0x00007aca1fe1ac40 0x000000042ce98c40 0 0 0 0 1 1 3 13724 560
0x00007aca1fe1acc0 0x000000042ce98cc0 0 0 0 0 1 1 3 13724 568
0x00007aca1fe1ad40 0x000000042ce98d40 0 1 0 0 1 1 3 13724 560
0x00007aca1fe1adc0 0x000000042ce98dc0 0 1 0 0 1 1 3 13724 568
0x00007aca1fe1ae40 0x000000042ce98e40 0 0 1 0 1 1 3 13724 560
0x00007aca1fe1aec0 0x000000042ce98ec0 0 0 1 0 1 1 3 13724 568
0x00007aca1fe1af40 0x000000042ce98f40 0 1 1 0 1 1 3 13724 560
0x00007aca1fe1afc0 0x000000042ce98fc0 0 1 1 0 1 1 3 13724 568
0x00007aca1fe30040 0x0000000d15e18040 0 0 0 0 1 1 3 49848 512
0x00007aca1fe300c0 0x0000000d15e180c0 0 0 0 0 1 1 3 49848 520
0x00007aca1fe30140 0x0000000d15e18140 0 1 0 0 1 1 3 49848 512
0x00007aca1fe301c0 0x0000000d15e181c0 0 1 0 0 1 1 3 49848 520
0x00007aca1fe30240 0x0000000d15e18240 0 0 1 0 1 1 3 49848 512
0x00007aca1fe302c0 0x0000000d15e182c0 0 0 1 0 1 1 3 49848 520
0x00007aca1fe30340 0x0000000d15e18340 0 1 1 0 1 1 3 49848 512
0x00007aca1fe303c0 0x0000000d15e183c0 0 1 1 0 1 1 3 49848 520
0x00007aca1fe30440 0x0000000d15e18440 0 0 0 0 1 1 3 49848 528
0x00007aca1fe304c0 0x0000000d15e184c0 0 0 0 0 1 1 3 49848 536
0x00007aca1fe30540 0x0000000d15e18540 0 1 0 0 1 1 3 49848 528
0x00007aca1fe305c0 0x0000000d15e185c0 0 1 0 0 1 1 3 49848 536
0x00007aca1fe30640 0x0000000d15e18640 0 0 1 0 1 1 3 49848 528
0x00007aca1fe306c0 0x0000000d15e186c0 0 0 1 0 1 1 3 49848 536
0x00007aca1fe30740 0x0000000d15e18740 0 1 1 0 1 1 3 49848 528
0x00007aca1fe307c0 0x0000000d15e187c0 0 1 1 0 1 1 3 49848 536
0x00007aca1fe30840 0x0000000d15e18840 0 0 0 0 1 1 3 49848 544
0x00007aca1fe308c0 0x0000000d15e188c0 0 0 0 0 1 1 3 49848 552
0x00007aca1fe30940 0x0000000d15e18940 0 1 0 0 1 1 3 49848 544
0x00007aca1fe309c0 0x0000000d15e189c0 0 1 0 0 1 1 3 49848 552
0x00007aca1fe30a40 0x0000000d15e18a40 0 0 1 0 1 1 3 49848 544
0x00007aca1fe30ac0 0x0000000d15e18ac0 0 0 1 0 1 1 3 49848 552
0x00007aca1fe30b40 0x0000000d15e18b40 0 1 1 0 1 1 3 49848 544
0x00007aca1fe30bc0 0x0000000d15e18bc0 0 1 1 0 1 1 3 49848 552
0x00007aca1fe30c40 0x0000000d15e18c40 0 0 0 0 1 1 3 49848 560
0x00007aca1fe30cc0 0x0000000d15e18cc0 0 0 0 0 1 1 3 49848 568
0x00007aca1fe30d40 0x0000000d15e18d40 0 1 0 0 1 1 3 49848 560
0x00007aca1fe30dc0 0x0000000d15e18dc0 0 1 0 0 1 1 3 49848 568
0x00007aca1fe30e40 0x0000000d15e18e40 0 0 1 0 1 1 3 49848 560
0x00007aca1fe30ec0 0x0000000d15e18ec0 0 0 1 0 1 1 3 49848 568
0x00007aca1fe30f40 0x0000000d15e18f40 0 1 1 0 1 1 3 49848 560
0x00007aca1fe30fc0 0x0000000d15e18fc0 0 1 1 0 1 1 3 49848 568
0x00007aca1fe33040 0x0000000190ef7040 0 0 0 0 0 1 3 4623 960
0x00007aca1fe330c0 0x0000000190ef70c0 0 0 0 0 0 1 3 4623 968
0x00007aca1fe33140 0x0000000190ef7140 0 1 0 0 0 1 3 4623 960
0x00007aca1fe331c0 0x0000000190ef71c0 0 1 0 0 0 1 3 4623 968
0x00007aca1fe33240 0x0000000190ef7240 0 0 1 0 0 1 3 4623 960
0x00007aca1fe332c0 0x0000000190ef72c0 0 0 1 0 0 1 3 4623 968
0x00007aca1fe33340 0x0000000190ef7340 0 1 1 0 0 1 3 4623 960
0x00007aca1fe333c0 0x0000000190ef73c0 0 1 1 0 0 1 3 4623 968
0x00007aca1fe33440 0x0000000190ef7440 0 0 0 0 0 1 3 4623 976
0x00007aca1fe334c0 0x0000000190ef74c0 0 0 0 0 0 1 3 4623 984
0x00007aca1fe33540 0x0000000190ef7540 0 1 0 0 0 1 3 4623 976
0x00007aca1fe335c0 0x0000000190ef75c0 0 1 0 0 0 1 3 4623 984
0x00007aca1fe33640 0x0000000190ef7640 0 0 1 0 0 1 3 4623 976
0x00007aca1fe336c0 0x0000000190ef76c0 0 0 1 0 0 1 3 4623 984
0x00007aca1fe33740 0x0000000190ef7740 0 1 1 0 0 1 3 4623 976
0x00007aca1fe337c0 0x0000000190ef77c0 0 1 1 0 0 1 3 4623 984
0x00007aca1fe33840 0x0000000190ef7840 0 0 0 0 0 1 3 4623 992
0x00007aca1fe338c0 0x0000000190ef78c0 0 0 0 0 0 1 3 4623 1000
0x00007aca1fe33940 0x0000000190ef7940 0 1 0 0 0 1 3 4623 992
0x00007aca1fe339c0 0x0000000190ef79c0 0 1 0 0 0 1 3 4623 1000
0x00007aca1fe33a40 0x0000000190ef7a40 0 0 1 0 0 1 3 4623 992
0x00007aca1fe33ac0 0x0000000190ef7ac0 0 0 1 0 0 1 3 4623 1000
0x00007aca1fe33b40 0x0000000190ef7b40 0 1 1 0 0 1 3 4623 992
0x00007aca1fe33bc0 0x0000000190ef7bc0 0 1 1 0 0 1 3 4623 1000
0x00007aca1fe33c40 0x0000000190ef7c40 0 0 0 0 0 1 3 4623 1008
0x00007aca1fe33cc0 0x0000000190ef7cc0 0 0 0 0 0 1 3 4623 1016
0x00007aca1fe33d40 0x0000000190ef7d40 0 1 0 0 0 1 3 4623 1008
0x00007aca1fe33dc0 0x0000000190ef7dc0 0 1 0 0 0 1 3 4623 1016
0x00007aca1fe33e40 0x0000000190ef7e40 0 0 1 0 0 1 3 4623 1008
0x00007aca1fe33ec0 0x0000000190ef7ec0 0 0 1 0 0 1 3 4623 1016
0x00007aca1fe33f40 0x0000000190ef7f40 0 1 1 0 0 1 3 4623 1008
0x00007aca1fe33fc0 0x0000000190ef7fc0 0 1 1 0 0 1 3 4623 1016
0x00007aca1fe38040 0x000000016de54040 0 0 0 0 0 1 3 3514 768
0x00007aca1fe380c0 0x000000016de540c0 0 0 0 0 0 1 3 3514 776
0x00007aca1fe38140 0x000000016de54140 0 1 0 0 0 1 3 3514 768
0x00007aca1fe381c0 0x000000016de541c0 0 1 0 0 0 1 3 3514 776
0x00007aca1fe38240 0x000000016de54240 0 0 1 0 0 1 3 3514 768
0x00007aca1fe382c0 0x000000016de542c0 0 0 1 0 0 1 3 3514 776
0x00007aca1fe38340 0x000000016de54340 0 1 1 0 0 1 3 3514 768
0x00007aca1fe383c0 0x000000016de543c0 0 1 1 0 0 1 3 3514 776
0x00007aca1fe38440 0x000000016de54440 0 0 0 0 0 1 3 3514 784
0x00007aca1fe384c0 0x000000016de544c0 0 0 0 0 0 1 3 3514 792
0x00007aca1fe38540 0x000000016de54540 0 1 0 0 0 1 3 3514 784
0x00007aca1fe385c0 0x000000016de545c0 0 1 0 0 0 1 3 3514 792
0x00007aca1fe38640 0x000000016de54640 0 0 1 0 0 1 3 3514 784
0x00007aca1fe386c0 0x000000016de546c0 0 0 1 0 0 1 3 3514 792
0x00007aca1fe38740 0x000000016de54740 0 1 1 0 0 1 3 3514 784
0x00007aca1fe387c0 0x000000016de547c0 0 1 1 0 0 1 3 3514 792
0x00007aca1fe38840 0x000000016de54840 0 0 0 0 0 1 3 3514 800
0x00007aca1fe388c0 0x000000016de548c0 0 0 0 0 0 1 3 3514 808
0x00007aca1fe38940 0x000000016de54940 0 1 0 0 0 1 3 3514 800
0x00007aca1fe389c0 0x000000016de549c0 0 1 0 0 0 1 3 3514 808
0x00007aca1fe38a40 0x000000016de54a40 0 0 1 0 0 1 3 3514 800
0x00007aca1fe38ac0 0x000000016de54ac0 0 0 1 0 0 1 3 3514 808
0x00007aca1fe38b40 0x000000016de54b40 0 1 1 0 0 1 3 3514 800
0x00007aca1fe38bc0 0x000000016de54bc0 0 1 1 0 0 1 3 3514 808
0x00007aca1fe38c40 0x000000016de54c40 0 0 0 0 0 1 3 3514 816
0x00007aca1fe38cc0 0x000000016de54cc0 0 0 0 0 0 1 3 3514 824
0x00007aca1fe38d40 0x000000016de54d40 0 1 0 0 0 1 3 3514 816
0x00007aca1fe38dc0 0x000000016de54dc0 0 1 0 0 0 1 3 3514 824
0x00007aca1fe38e40 0x000000016de54e40 0 0 1 0 0 1 3 3514 816
0x00007aca1fe38ec0 0x000000016de54ec0 0 0 1 0 0 1 3 3514 824
0x00007aca1fe38f40 0x000000016de54f40 0 1 1 0 0 1 3 3514 816
0x00007aca1fe38fc0 0x000000016de54fc0 0 1 1 0 0 1 3 3514 824
0x00007aca1fe39040 0x0000000e6aed6040 0 0 0 0 0 1 3 56670 896
0x00007aca1fe390c0 0x0000000e6aed60c0 0 0 0 0 0 1 3 56670 904
0x00007aca1fe39140 0x0000000e6aed6140 0 1 0 0 0 1 3 56670 896
0x00007aca1fe391c0 0x0000000e6aed61c0 0 1 0 0 0 1 3 56670 904
0x00007aca1fe39240 0x0000000e6aed6240 0 0 1 0 0 1 3 56670 896
0x00007aca1fe392c0 0x0000000e6aed62c0 0 0 1 0 0 1 3 56670 904
0x00007aca1fe39340 0x0000000e6aed6340 0 1 1 0 0 1 3 56670 896
0x00007aca1fe393c0 0x0000000e6aed63c0 0 1 1 0 0 1 3 56670 904
0x00007aca1fe39440 0x0000000e6aed6440 0 0 0 0 0 1 3 56670 912
0x00007aca1fe394c0 0x0000000e6aed64c0 0 0 0 0 0 1 3 56670 920
0x00007aca1fe39540 0x0000000e6aed6540 0 1 0 0 0 1 3 56670 912
0x00007aca1fe395c0 0x0000000e6aed65c0 0 1 0 0 0 1 3 56670 920
0x00007aca1fe39640 0x0000000e6aed6640 0 0 1 0 0 1 3 56670 912
0x00007aca1fe396c0 0x0000000e6aed66c0 0 0 1 0 0 1 3 56670 920
0x00007aca1fe39740 0x0000000e6aed6740 0 1 1 0 0 1 3 56670 912
0x00007aca1fe397c0 0x0000000e6aed67c0 0 1 1 0 0 1 3 56670 920
0x00007aca1fe39840 0x0000000e6aed6840 0 0 0 0 0 1 3 56670 928
0x00007aca1fe398c0 0x0000000e6aed68c0 0 0 0 0 0 1 3 56670 936
0x00007aca1fe39940 0x0000000e6aed6940 0 1 0 0 0 1 3 56670 928
0x00007aca1fe399c0 0x0000000e6aed69c0 0 1 0 0 0 1 3 56670 936
0x00007aca1fe39a40 0x0000000e6aed6a40 0 0 1 0 0 1 3 56670 928
0x00007aca1fe39ac0 0x0000000e6aed6ac0 0 0 1 0 0 1 3 56670 936
0x00007aca1fe39b40 0x0000000e6aed6b40 0 1 1 0 0 1 3 56670 928
0x00007aca1fe39bc0 0x0000000e6aed6bc0 0 1 1 0 0 1 3 56670 936
0x00007aca1fe39c40 0x0000000e6aed6c40 0 0 0 0 0 1 3 56670 944
0x00007aca1fe39cc0 0x0000000e6aed6cc0 0 0 0 0 0 1 3 56670 952
0x00007aca1fe39d40 0x0000000e6aed6d40 0 1 0 0 0 1 3 56670 944
0x00007aca1fe39dc0 0x0000000e6aed6dc0 0 1 0 0 0 1 3 56670 952
0x00007aca1fe39e40 0x0000000e6aed6e40 0 0 1 0 0 1 3 56670 944
0x00007aca1fe39ec0 0x0000000e6aed6ec0 0 0 1 0 0 1 3 56670 952
0x00007aca1fe39f40 0x0000000e6aed6f40 0 1 1 0 0 1 3 56670 944
0x00007aca1fe39fc0 0x0000000e6aed6fc0 0 1 1 0 0 1 3 56670 952
0x00007aca1fe5a040 0x0000000e03e42040 0 0 0 0 0 1 3 53370 128
0x00007aca1fe5a0c0 0x0000000e03e420c0 0 0 0 0 0 1 3 53370 136
0x00007aca1fe5a140 0x0000000e03e42140 0 1 0 0 0 1 3 53370 128
0x00007aca1fe5a1c0 0x0000000e03e421c0 0 1 0 0 0 1 3 53370 136
0x00007aca1fe5a240 0x0000000e03e42240 0 0 1 0 0 1 3 53370 128
0x00007aca1fe5a2c0 0x0000000e03e422c0 0 0 1 0 0 1 3 53370 136
0x00007aca1fe5a340 0x0000000e03e42340 0 1 1 0 0 1 3 53370 128
0x00007aca1fe5a3c0 0x0000000e03e423c0 0 1 1 0 0 1 3 53370 136
0x00007aca1fe5a440 0x0000000e03e42440 0 0 0 0 0 1 3 53370 144
0x00007aca1fe5a4c0 0x0000000e03e424c0 0 0 0 0 0 1 3 53370 152
0x00007aca1fe5a540 0x0000000e03e42540 0 1 0 0 0 1 3 53370 144
0x00007aca1fe5a5c0 0x0000000e03e425c0 0 1 0 0 0 1 3 53370 152
0x00007aca1fe5a640 0x0000000e03e42640 0 0 1 0 0 1 3 53370 144
0x00007aca1fe5a6c0 0x0000000e03e426c0 0 0 1 0 0 1 3 53370 152
0x00007aca1fe5a740 0x0000000e03e42740 0 1 1 0 0 1 3 53370 144
0x00007aca1fe5a7c0 0x0000000e03e427c0 0 1 1 0 0 1 3 53370 152
0x00007aca1fe5a840 0x0000000e03e42840 0 0 0 0 0 1 3 53370 160
0x00007aca1fe5a8c0 0x0000000e03e428c0 0 0 0 0 0 1 3 53370 168
0x00007aca1fe5a940 0x0000000e03e42940 0 1 0 0 0 1 3 53370 160
0x00007aca1fe5a9c0 0x0000000e03e429c0 0 1 0 0 0 1 3 53370 168
0x00007aca1fe5aa40 0x0000000e03e42a40 0 0 1 0 0 1 3 53370 160
0x00007aca1fe5aac0 0x0000000e03e42ac0 0 0 1 0 0 1 3 53370 168
0x00007aca1fe5ab40 0x0000000e03e42b40 0 1 1 0 0 1 3 53370 160
0x00007aca1fe5abc0 0x0000000e03e42bc0 0 1 1 0 0 1 3 53370 168
0x00007aca1fe5ac40 0x0000000e03e42c40 0 0 0 0 0 1 3 53370 176
0x00007aca1fe5acc0 0x0000000e03e42cc0 0 0 0 0 0 1 3 53370 184
0x00007aca1fe5ad40 0x0000000e03e42d40 0 1 0 0 0 1 3 53370 176
0x00007aca1fe5adc0 0x0000000e03e42dc0 0 1 0 0 0 1 3 53370 184
0x00007aca1fe5ae40 0x0000000e03e42e40 0 0 1 0 0 1 3 53370 176
0x00007aca1fe5aec0 0x0000000e03e42ec0 0 0 1 0 0 1 3 53370 184
0x00007aca1fe5af40 0x0000000e03e42f40 0 1 1 0 0 1 3 53370 176
0x00007aca1fe5afc0 0x0000000e03e42fc0 0 1 1 0 0 1 3 53370 184
0x00007aca1fe6b040 0x0000000ee96f5040 0 0 0 0 0 1 3 60711 832
0x00007aca1fe6b0c0 0x0000000ee96f50c0 0 0 0 0 0 1 3 60711 840
0x00007aca1fe6b140 0x0000000ee96f5140 0 1 0 0 0 1 3 60711 832
0x00007aca1fe6b1c0 0x0000000ee96f51c0 0 1 0 0 0 1 3 60711 840
0x00007aca1fe6b240 0x0000000ee96f5240 0 0 1 0 0 1 3 60711 832
0x00007aca1fe6b2c0 0x0000000ee96f52c0 0 0 1 0 0 1 3 60711 840
0x00007aca1fe6b340 0x0000000ee96f5340 0 1 1 0 0 1 3 60711 832
0x00007aca1fe6b3c0 0x0000000ee96f53c0 0 1 1 0 0 1 3 60711 840
0x00007aca1fe6b440 0x0000000ee96f5440 0 0 0 0 0 1 3 60711 848
0x00007aca1fe6b4c0 0x0000000ee96f54c0 0 0 0 0 0 1 3 60711 856
0x00007aca1fe6b540 0x0000000ee96f5540 0 1 0 0 0 1 3 60711 848
0x00007aca1fe6b5c0 0x0000000ee96f55c0 0 1 0 0 0 1 3 60711 856
0x00007aca1fe6b640 0x0000000ee96f5640 0 0 1 0 0 1 3 60711 848
0x00007aca1fe6b6c0 0x0000000ee96f56c0 0 0 1 0 0 1 3 60711 856
0x00007aca1fe6b740 0x0000000ee96f5740 0 1 1 0 0 1 3 60711 848
0x00007aca1fe6b7c0 0x0000000ee96f57c0 0 1 1 0 0 1 3 60711 856
0x00007aca1fe6b840 0x0000000ee96f5840 0 0 0 0 0 1 3 60711 864
0x00007aca1fe6b8c0 0x0000000ee96f58c0 0 0 0 0 0 1 3 60711 872
0x00007aca1fe6b940 0x0000000ee96f5940 0 1 0 0 0 1 3 60711 864
0x00007aca1fe6b9c0 0x0000000ee96f59c0 0 1 0 0 0 1 3 60711 872
0x00007aca1fe6ba40 0x0000000ee96f5a40 0 0 1 0 0 1 3 60711 864
0x00007aca1fe6bac0 0x0000000ee96f5ac0 0 0 1 0 0 1 3 60711 872
0x00007aca1fe6bb40 0x0000000ee96f5b40 0 1 1 0 0 1 3 60711 864
0x00007aca1fe6bbc0 0x0000000ee96f5bc0 0 1 1 0 0 1 3 60711 872
0x00007aca1fe6bc40 0x0000000ee96f5c40 0 0 0 0 0 1 3 60711 880
0x00007aca1fe6bcc0 0x0000000ee96f5cc0 0 0 0 0 0 1 3 60711 888
0x00007aca1fe6bd40 0x0000000ee96f5d40 0 1 0 0 0 1 3 60711 880
0x00007aca1fe6bdc0 0x0000000ee96f5dc0 0 1 0 0 0 1 3 60711 888
0x00007aca1fe6be40 0x0000000ee96f5e40 0 0 1 0 0 1 3 60711 880
0x00007aca1fe6bec0 0x0000000ee96f5ec0 0 0 1 0 0 1 3 60711 888
0x00007aca1fe6bf40 0x0000000ee96f5f40 0 1 1 0 0 1 3 60711 880
0x00007aca1fe6bfc0 0x0000000ee96f5fc0 0 1 1 0 0 1 3 60711 888
0x00007aca1fe71040 0x0000000e57ef5040 0 0 0 0 0 1 3 56063 832
0x00007aca1fe710c0 0x0000000e57ef50c0 0 0 0 0 0 1 3 56063 840
0x00007aca1fe71140 0x0000000e57ef5140 0 1 0 0 0 1 3 56063 832
0x00007aca1fe711c0 0x0000000e57ef51c0 0 1 0 0 0 1 3 56063 840
0x00007aca1fe71240 0x0000000e57ef5240 0 0 1 0 0 1 3 56063 832
0x00007aca1fe712c0 0x0000000e57ef52c0 0 0 1 0 0 1 3 56063 840
0x00007aca1fe71340 0x0000000e57ef5340 0 1 1 0 0 1 3 56063 832
0x00007aca1fe713c0 0x0000000e57ef53c0 0 1 1 0 0 1 3 56063 840
0x00007aca1fe71440 0x0000000e57ef5440 0 0 0 0 0 1 3 56063 848
0x00007aca1fe714c0 0x0000000e57ef54c0 0 0 0 0 0 1 3 56063 856
0x00007aca1fe71540 0x0000000e57ef5540 0 1 0 0 0 1 3 56063 848
0x00007aca1fe715c0 0x0000000e57ef55c0 0 1 0 0 0 1 3 56063 856
0x00007aca1fe71640 0x0000000e57ef5640 0 0 1 0 0 1 3 56063 848
0x00007aca1fe716c0 0x0000000e57ef56c0 0 0 1 0 0 1 3 56063 856
0x00007aca1fe71740 0x0000000e57ef5740 0 1 1 0 0 1 3 56063 848
0x00007aca1fe717c0 0x0000000e57ef57c0 0 1 1 0 0 1 3 56063 856
0x00007aca1fe71840 0x0000000e57ef5840 0 0 0 0 0 1 3 56063 864
0x00007aca1fe718c0 0x0000000e57ef58c0 0 0 0 0 0 1 3 56063 872
0x00007aca1fe71940 0x0000000e57ef5940 0 1 0 0 0 1 3 56063 864
0x00007aca1fe719c0 0x0000000e57ef59c0 0 1 0 0 0 1 3 56063 872
0x00007aca1fe71a40 0x0000000e57ef5a40 0 0 1 0 0 1 3 56063 864
0x00007aca1fe71ac0 0x0000000e57ef5ac0 0 0 1 0 0 1 3 56063 872
0x00007aca1fe71b40 0x0000000e57ef5b40 0 1 1 0 0 1 3 56063 864
0x00007aca1fe71bc0 0x0000000e57ef5bc0 0 1 1 0 0 1 3 56063 872
0x00007aca1fe71c40 0x0000000e57ef5c40 0 0 0 0 0 1 3 56063 880
0x00007aca1fe71cc0 0x0000000e57ef5cc0 0 0 0 0 0 1 3 56063 888
0x00007aca1fe71d40 0x0000000e57ef5d40 0 1 0 0 0 1 3 56063 880
0x00007aca1fe71dc0 0x0000000e57ef5dc0 0 1 0 0 0 1 3 56063 888
0x00007aca1fe71e40 0x0000000e57ef5e40 0 0 1 0 0 1 3 56063 880
0x00007aca1fe71ec0 0x0000000e57ef5ec0 0 0 1 0 0 1 3 56063 888
0x00007aca1fe71f40 0x0000000e57ef5f40 0 1 1 0 0 1 3 56063 880
0x00007aca1fe71fc0 0x0000000e57ef5fc0 0 1 1 0 0 1 3 56063 888
0x00007aca1fe73040 0x0000000a58e4e040 0 0 0 0 1 1 3 39706 384
0x00007aca1fe730c0 0x0000000a58e4e0c0 0 0 0 0 1 1 3 39706 392
0x00007aca1fe73140 0x0000000a58e4e140 0 1 0 0 1 1 3 39706 384
0x00007aca1fe731c0 0x0000000a58e4e1c0 0 1 0 0 1 1 3 39706 392
0x00007aca1fe73240 0x0000000a58e4e240 0 0 1 0 1 1 3 39706 384
0x00007aca1fe732c0 0x0000000a58e4e2c0 0 0 1 0 1 1 3 39706 392
0x00007aca1fe73340 0x0000000a58e4e340 0 1 1 0 1 1 3 39706 384
0x00007aca1fe733c0 0x0000000a58e4e3c0 0 1 1 0 1 1 3 39706 392
0x00007aca1fe73440 0x0000000a58e4e440 0 0 0 0 1 1 3 39706 400
0x00007aca1fe734c0 0x0000000a58e4e4c0 0 0 0 0 1 1 3 39706 408
0x00007aca1fe73540 0x0000000a58e4e540 0 1 0 0 1 1 3 39706 400
0x00007aca1fe735c0 0x0000000a58e4e5c0 0 1 0 0 1 1 3 39706 408
0x00007aca1fe73640 0x0000000a58e4e640 0 0 1 0 1 1 3 39706 400
0x00007aca1fe736c0 0x0000000a58e4e6c0 0 0 1 0 1 1 3 39706 408
0x00007aca1fe73740 0x0000000a58e4e740 0 1 1 0 1 1 3 39706 400
0x00007aca1fe737c0 0x0000000a58e4e7c0 0 1 1 0 1 1 3 39706 408
0x00007aca1fe73840 0x0000000a58e4e840 0 0 0 0 1 1 3 39706 416
0x00007aca1fe738c0 0x0000000a58e4e8c0 0 0 0 0 1 1 3 39706 424
0x00007aca1fe73940 0x0000000a58e4e940 0 1 0 0 1 1 3 39706 416
0x00007aca1fe739c0 0x0000000a58e4e9c0 0 1 0 0 1 1 3 39706 424
0x00007aca1fe73a40 0x0000000a58e4ea40 0 0 1 0 1 1 3 39706 416
0x00007aca1fe73ac0 0x0000000a58e4eac0 0 0 1 0 1 1 3 39706 424
0x00007aca1fe73b40 0x0000000a58e4eb40 0 1 1 0 1 1 3 39706 416
0x00007aca1fe73bc0 0x0000000a58e4ebc0 0 1 1 0 1 1 3 39706 424
0x00007aca1fe73c40 0x0000000a58e4ec40 0 0 0 0 1 1 3 39706 432
0x00007aca1fe73cc0 0x0000000a58e4ecc0 0 0 0 0 1 1 3 39706 440
0x00007aca1fe73d40 0x0000000a58e4ed40 0 1 0 0 1 1 3 39706 432
0x00007aca1fe73dc0 0x0000000a58e4edc0 0 1 0 0 1 1 3 39706 440
0x00007aca1fe73e40 0x0000000a58e4ee40 0 0 1 0 1 1 3 39706 432
0x00007aca1fe73ec0 0x0000000a58e4eec0 0 0 1 0 1 1 3 39706 440
0x00007aca1fe73f40 0x0000000a58e4ef40 0 1 1 0 1 1 3 39706 432
0x00007aca1fe73fc0 0x0000000a58e4efc0 0 1 1 0 1 1 3 39706 440
0x00007aca1fe74040 0x0000000ee96ed040 0 0 0 0 1 1 3 60711 320
0x00007aca1fe740c0 0x0000000ee96ed0c0 0 0 0 0 1 1 3 60711 328
0x00007aca1fe74140 0x0000000ee96ed140 0 1 0 0 1 1 3 60711 320
0x00007aca1fe741c0 0x0000000ee96ed1c0 0 1 0 0 1 1 3 60711 328
0x00007aca1fe74240 0x0000000ee96ed240 0 0 1 0 1 1 3 60711 320
0x00007aca1fe742c0 0x0000000ee96ed2c0 0 0 1 0 1 1 3 60711 328
0x00007aca1fe74340 0x0000000ee96ed340 0 1 1 0 1 1 3 60711 320
0x00007aca1fe743c0 0x0000000ee96ed3c0 0 1 1 0 1 1 3 60711 328
0x00007aca1fe74440 0x0000000ee96ed440 0 0 0 0 1 1 3 60711 336
0x00007aca1fe744c0 0x0000000ee96ed4c0 0 0 0 0 1 1 3 60711 344
0x00007aca1fe74540 0x0000000ee96ed540 0 1 0 0 1 1 3 60711 336
0x00007aca1fe745c0 0x0000000ee96ed5c0 0 1 0 0 1 1 3 60711 344
0x00007aca1fe74640 0x0000000ee96ed640 0 0 1 0 1 1 3 60711 336
0x00007aca1fe746c0 0x0000000ee96ed6c0 0 0 1 0 1 1 3 60711 344
0x00007aca1fe74740 0x0000000ee96ed740 0 1 1 0 1 1 3 60711 336
0x00007aca1fe747c0 0x0000000ee96ed7c0 0 1 1 0 1 1 3 60711 344
0x00007aca1fe74840 0x0000000ee96ed840 0 0 0 0 1 1 3 60711 352
0x00007aca1fe748c0 0x0000000ee96ed8c0 0 0 0 0 1 1 3 60711 360
0x00007aca1fe74940 0x0000000ee96ed940 0 1 0 0 1 1 3 60711 352
0x00007aca1fe749c0 0x0000000ee96ed9c0 0 1 0 0 1 1 3 60711 360
0x00007aca1fe74a40 0x0000000ee96eda40 0 0 1 0 1 1 3 60711 352
0x00007aca1fe74ac0 0x0000000ee96edac0 0 0 1 0 1 1 3 60711 360
0x00007aca1fe74b40 0x0000000ee96edb40 0 1 1 0 1 1 3 60711 352
0x00007aca1fe74bc0 0x0000000ee96edbc0 0 1 1 0 1 1 3 60711 360
0x00007aca1fe74c40 0x0000000ee96edc40 0 0 0 0 1 1 3 60711 368
0x00007aca1fe74cc0 0x0000000ee96edcc0 0 0 0 0 1 1 3 60711 376
0x00007aca1fe74d40 0x0000000ee96edd40 0 1 0 0 1 1 3 60711 368
0x00007aca1fe74dc0 0x0000000ee96eddc0 0 1 0 0 1 1 3 60711 376
0x00007aca1fe74e40 0x0000000ee96ede40 0 0 1 0 1 1 3 60711 368
0x00007aca1fe74ec0 0x0000000ee96edec0 0 0 1 0 1 1 3 60711 376
0x00007aca1fe74f40 0x0000000ee96edf40 0 1 1 0 1 1 3 60711 368
0x00007aca1fe74fc0 0x0000000ee96edfc0 0 1 1 0 1 1 3 60711 376
0x00007aca1fe7d040 0x0000000ee96e8040 0 0 0 0 1 1 3 60711 0
0x00007aca1fe7d0c0 0x0000000ee96e80c0 0 0 0 0 1 1 3 60711 8
0x00007aca1fe7d140 0x0000000ee96e8140 0 1 0 0 1 1 3 60711 0
0x00007aca1fe7d1c0 0x0000000ee96e81c0 0 1 0 0 1 1 3 60711 8
0x00007aca1fe7d240 0x0000000ee96e8240 0 0 1 0 1 1 3 60711 0
0x00007aca1fe7d2c0 0x0000000ee96e82c0 0 0 1 0 1 1 3 60711 8
0x00007aca1fe7d340 0x0000000ee96e8340 0 1 1 0 1 1 3 60711 0
0x00007aca1fe7d3c0 0x0000000ee96e83c0 0 1 1 0 1 1 3 60711 8
0x00007aca1fe7d440 0x0000000ee96e8440 0 0 0 0 1 1 3 60711 16
0x00007aca1fe7d4c0 0x0000000ee96e84c0 0 0 0 0 1 1 3 60711 24
0x00007aca1fe7d540 0x0000000ee96e8540 0 1 0 0 1 1 3 60711 16
0x00007aca1fe7d5c0 0x0000000ee96e85c0 0 1 0 0 1 1 3 60711 24
0x00007aca1fe7d640 0x0000000ee96e8640 0 0 1 0 1 1 3 60711 16
0x00007aca1fe7d6c0 0x0000000ee96e86c0 0 0 1 0 1 1 3 60711 24
0x00007aca1fe7d740 0x0000000ee96e8740 0 1 1 0 1 1 3 60711 16
0x00007aca1fe7d7c0 0x0000000ee96e87c0 0 1 1 0 1 1 3 60711 24
0x00007aca1fe7d840 0x0000000ee96e8840 0 0 0 0 1 1 3 60711 32
0x00007aca1fe7d8c0 0x0000000ee96e88c0 0 0 0 0 1 1 3 60711 40
0x00007aca1fe7d940 0x0000000ee96e8940 0 1 0 0 1 1 3 60711 32
0x00007aca1fe7d9c0 0x0000000ee96e89c0 0 1 0 0 1 1 3 60711 40
0x00007aca1fe7da40 0x0000000ee96e8a40 0 0 1 0 1 1 3 60711 32
0x00007aca1fe7dac0 0x0000000ee96e8ac0 0 0 1 0 1 1 3 60711 40
0x00007aca1fe7db40 0x0000000ee96e8b40 0 1 1 0 1 1 3 60711 32
0x00007aca1fe7dbc0 0x0000000ee96e8bc0 0 1 1 0 1 1 3 60711 40
0x00007aca1fe7dc40 0x0000000ee96e8c40 0 0 0 0 1 1 3 60711 48
0x00007aca1fe7dcc0 0x0000000ee96e8cc0 0 0 0 0 1 1 3 60711 56
0x00007aca1fe7dd40 0x0000000ee96e8d40 0 1 0 0 1 1 3 60711 48
0x00007aca1fe7ddc0 0x0000000ee96e8dc0 0 1 0 0 1 1 3 60711 56
0x00007aca1fe7de40 0x0000000ee96e8e40 0 0 1 0 1 1 3 60711 48
0x00007aca1fe7dec0 0x0000000ee96e8ec0 0 0 1 0 1 1 3 60711 56
0x00007aca1fe7df40 0x0000000ee96e8f40 0 1 1 0 1 1 3 60711 48
0x00007aca1fe7dfc0 0x0000000ee96e8fc0 0 1 1 0 1 1 3 60711 56
0x00007aca1fe7e040 0x0000000ee96b3040 0 0 0 0 0 1 3 60709 704
0x00007aca1fe7e0c0 0x0000000ee96b30c0 0 0 0 0 0 1 3 60709 712
0x00007aca1fe7e140 0x0000000ee96b3140 0 1 0 0 0 1 3 60709 704
0x00007aca1fe7e1c0 0x0000000ee96b31c0 0 1 0 0 0 1 3 60709 712
0x00007aca1fe7e240 0x0000000ee96b3240 0 0 1 0 0 1 3 60709 704
0x00007aca1fe7e2c0 0x0000000ee96b32c0 0 0 1 0 0 1 3 60709 712
0x00007aca1fe7e340 0x0000000ee96b3340 0 1 1 0 0 1 3 60709 704
0x00007aca1fe7e3c0 0x0000000ee96b33c0 0 1 1 0 0 1 3 60709 712
0x00007aca1fe7e440 0x0000000ee96b3440 0 0 0 0 0 1 3 60709 720
0x00007aca1fe7e4c0 0x0000000ee96b34c0 0 0 0 0 0 1 3 60709 728
0x00007aca1fe7e540 0x0000000ee96b3540 0 1 0 0 0 1 3 60709 720
0x00007aca1fe7e5c0 0x0000000ee96b35c0 0 1 0 0 0 1 3 60709 728
0x00007aca1fe7e640 0x0000000ee96b3640 0 0 1 0 0 1 3 60709 720
0x00007aca1fe7e6c0 0x0000000ee96b36c0 0 0 1 0 0 1 3 60709 728
0x00007aca1fe7e740 0x0000000ee96b3740 0 1 1 0 0 1 3 60709 720
0x00007aca1fe7e7c0 0x0000000ee96b37c0 0 1 1 0 0 1 3 60709 728
0x00007aca1fe7e840 0x0000000ee96b3840 0 0 0 0 0 1 3 60709 736
0x00007aca1fe7e8c0 0x0000000ee96b38c0 0 0 0 0 0 1 3 60709 744
0x00007aca1fe7e940 0x0000000ee96b3940 0 1 0 0 0 1 3 60709 736
0x00007aca1fe7e9c0 0x0000000ee96b39c0 0 1 0 0 0 1 3 60709 744
0x00007aca1fe7ea40 0x0000000ee96b3a40 0 0 1 0 0 1 3 60709 736
0x00007aca1fe7eac0 0x0000000ee96b3ac0 0 0 1 0 0 1 3 60709 744
0x00007aca1fe7eb40 0x0000000ee96b3b40 0 1 1 0 0 1 3 60709 736
0x00007aca1fe7ebc0 0x0000000ee96b3bc0 0 1 1 0 0 1 3 60709 744
0x00007aca1fe7ec40 0x0000000ee96b3c40 0 0 0 0 0 1 3 60709 752
0x00007aca1fe7ecc0 0x0000000ee96b3cc0 0 0 0 0 0 1 3 60709 760
0x00007aca1fe7ed40 0x0000000ee96b3d40 0 1 0 0 0 1 3 60709 752
0x00007aca1fe7edc0 0x0000000ee96b3dc0 0 1 0 0 0 1 3 60709 760
0x00007aca1fe7ee40 0x0000000ee96b3e40 0 0 1 0 0 1 3 60709 752
0x00007aca1fe7eec0 0x0000000ee96b3ec0 0 0 1 0 0 1 3 60709 760
0x00007aca1fe7ef40 0x0000000ee96b3f40 0 1 1 0 0 1 3 60709 752
0x00007aca1fe7efc0 0x0000000ee96b3fc0 0 1 1 0 0 1 3 60709 760
0x00007aca1fe88040 0x00000001f7ec8040 0 0 0 0 1 1 3 7918 0
0x00007aca1fe880c0 0x00000001f7ec80c0 0 0 0 0 1 1 3 7918 8
0x00007aca1fe88140 0x00000001f7ec8140 0 1 0 0 1 1 3 7918 0
0x00007aca1fe881c0 0x00000001f7ec81c0 0 1 0 0 1 1 3 7918 8
0x00007aca1fe88240 0x00000001f7ec8240 0 0 1 0 1 1 3 7918 0
0x00007aca1fe882c0 0x00000001f7ec82c0 0 0 1 0 1 1 3 7918 8
0x00007aca1fe88340 0x00000001f7ec8340 0 1 1 0 1 1 3 7918 0
0x00007aca1fe883c0 0x00000001f7ec83c0 0 1 1 0 1 1 3 7918 8
0x00007aca1fe88440 0x00000001f7ec8440 0 0 0 0 1 1 3 7918 16
0x00007aca1fe884c0 0x00000001f7ec84c0 0 0 0 0 1 1 3 7918 24
0x00007aca1fe88540 0x00000001f7ec8540 0 1 0 0 1 1 3 7918 16
0x00007aca1fe885c0 0x00000001f7ec85c0 0 1 0 0 1 1 3 7918 24
0x00007aca1fe88640 0x00000001f7ec8640 0 0 1 0 1 1 3 7918 16
0x00007aca1fe886c0 0x00000001f7ec86c0 0 0 1 0 1 1 3 7918 24
0x00007aca1fe88740 0x00000001f7ec8740 0 1 1 0 1 1 3 7918 16
0x00007aca1fe887c0 0x00000001f7ec87c0 0 1 1 0 1 1 3 7918 24
0x00007aca1fe88840 0x00000001f7ec8840 0 0 0 0 1 1 3 7918 32
0x00007aca1fe888c0 0x00000001f7ec88c0 0 0 0 0 1 1 3 7918 40
0x00007aca1fe88940 0x00000001f7ec8940 0 1 0 0 1 1 3 7918 32
0x00007aca1fe889c0 0x00000001f7ec89c0 0 1 0 0 1 1 3 7918 40
0x00007aca1fe88a40 0x00000001f7ec8a40 0 0 1 0 1 1 3 7918 32
0x00007aca1fe88ac0 0x00000001f7ec8ac0 0 0 1 0 1 1 3 7918 40
0x00007aca1fe88b40 0x00000001f7ec8b40 0 1 1 0 1 1 3 7918 32
0x00007aca1fe88bc0 0x00000001f7ec8bc0 0 1 1 0 1 1 3 7918 40
0x00007aca1fe88c40 0x00000001f7ec8c40 0 0 0 0 1 1 3 7918 48
0x00007aca1fe88cc0 0x00000001f7ec8cc0 0 0 0 0 1 1 3 7918 56
0x00007aca1fe88d40 0x00000001f7ec8d40 0 1 0 0 1 1 3 7918 48
0x00007aca1fe88dc0 0x00000001f7ec8dc0 0 1 0 0 1 1 3 7918 56
0x00007aca1fe88e40 0x00000001f7ec8e40 0 0 1 0 1 1 3 7918 48
0x00007aca1fe88ec0 0x00000001f7ec8ec0 0 0 1 0 1 1 3 7918 56
0x00007aca1fe88f40 0x00000001f7ec8f40 0 1 1 0 1 1 3 7918 48
0x00007aca1fe88fc0 0x00000001f7ec8fc0 0 1 1 0 1 1 3 7918 56
0x00007aca1fe92040 0x0000000d48e3c040 0 0 0 0 1 1 3 51481 768
0x00007aca1fe920c0 0x0000000d48e3c0c0 0 0 0 0 1 1 3 51481 776
0x00007aca1fe92140 0x0000000d48e3c140 0 1 0 0 1 1 3 51481 768
0x00007aca1fe921c0 0x0000000d48e3c1c0 0 1 0 0 1 1 3 51481 776
0x00007aca1fe92240 0x0000000d48e3c240 0 0 1 0 1 1 3 51481 768
0x00007aca1fe922c0 0x0000000d48e3c2c0 0 0 1 0 1 1 3 51481 776
0x00007aca1fe92340 0x0000000d48e3c340 0 1 1 0 1 1 3 51481 768
0x00007aca1fe923c0 0x0000000d48e3c3c0 0 1 1 0 1 1 3 51481 776
0x00007aca1fe92440 0x0000000d48e3c440 0 0 0 0 1 1 3 51481 784
0x00007aca1fe924c0 0x0000000d48e3c4c0 0 0 0 0 1 1 3 51481 792
0x00007aca1fe92540 0x0000000d48e3c540 0 1 0 0 1 1 3 51481 784
0x00007aca1fe925c0 0x0000000d48e3c5c0 0 1 0 0 1 1 3 51481 792
0x00007aca1fe92640 0x0000000d48e3c640 0 0 1 0 1 1 3 51481 784
0x00007aca1fe926c0 0x0000000d48e3c6c0 0 0 1 0 1 1 3 51481 792
0x00007aca1fe92740 0x0000000d48e3c740 0 1 1 0 1 1 3 51481 784
0x00007aca1fe927c0 0x0000000d48e3c7c0 0 1 1 0 1 1 3 51481 792
0x00007aca1fe92840 0x0000000d48e3c840 0 0 0 0 1 1 3 51481 800
0x00007aca1fe928c0 0x0000000d48e3c8c0 0 0 0 0 1 1 3 51481 808
0x00007aca1fe92940 0x0000000d48e3c940 0 1 0 0 1 1 3 51481 800
0x00007aca1fe929c0 0x0000000d48e3c9c0 0 1 0 0 1 1 3 51481 808
0x00007aca1fe92a40 0x0000000d48e3ca40 0 0 1 0 1 1 3 51481 800
0x00007aca1fe92ac0 0x0000000d48e3cac0 0 0 1 0 1 1 3 51481 808
0x00007aca1fe92b40 0x0000000d48e3cb40 0 1 1 0 1 1 3 51481 800
0x00007aca1fe92bc0 0x0000000d48e3cbc0 0 1 1 0 1 1 3 51481 808
0x00007aca1fe92c40 0x0000000d48e3cc40 0 0 0 0 1 1 3 51481 816
0x00007aca1fe92cc0 0x0000000d48e3ccc0 0 0 0 0 1 1 3 51481 824
0x00007aca1fe92d40 0x0000000d48e3cd40 0 1 0 0 1 1 3 51481 816
0x00007aca1fe92dc0 0x0000000d48e3cdc0 0 1 0 0 1 1 3 51481 824
0x00007aca1fe92e40 0x0000000d48e3ce40 0 0 1 0 1 1 3 51481 816
0x00007aca1fe92ec0 0x0000000d48e3cec0 0 0 1 0 1 1 3 51481 824
0x00007aca1fe92f40 0x0000000d48e3cf40 0 1 1 0 1 1 3 51481 816
0x00007aca1fe92fc0 0x0000000d48e3cfc0 0 1 1 0 1 1 3 51481 824
0x00007aca1fe9d040 0x0000000bff6c2040 0 0 0 0 0 1 3 49126 128
0x00007aca1fe9d0c0 0x0000000bff6c20c0 0 0 0 0 0 1 3 49126 136
0x00007aca1fe9d140 0x0000000bff6c2140 0 1 0 0 0 1 3 49126 128
0x00007aca1fe9d1c0 0x0000000bff6c21c0 0 1 0 0 0 1 3 49126 136
0x00007aca1fe9d240 0x0000000bff6c2240 0 0 1 0 0 1 3 49126 128
0x00007aca1fe9d2c0 0x0000000bff6c22c0 0 0 1 0 0 1 3 49126 136
0x00007aca1fe9d340 0x0000000bff6c2340 0 1 1 0 0 1 3 49126 128
0x00007aca1fe9d3c0 0x0000000bff6c23c0 0 1 1 0 0 1 3 49126 136
0x00007aca1fe9d440 0x0000000bff6c2440 0 0 0 0 0 1 3 49126 144
0x00007aca1fe9d4c0 0x0000000bff6c24c0 0 0 0 0 0 1 3 49126 152
0x00007aca1fe9d540 0x0000000bff6c2540 0 1 0 0 0 1 3 49126 144
0x00007aca1fe9d5c0 0x0000000bff6c25c0 0 1 0 0 0 1 3 49126 152
0x00007aca1fe9d640 0x0000000bff6c2640 0 0 1 0 0 1 3 49126 144
0x00007aca1fe9d6c0 0x0000000bff6c26c0 0 0 1 0 0 1 3 49126 152
0x00007aca1fe9d740 0x0000000bff6c2740 0 1 1 0 0 1 3 49126 144
0x00007aca1fe9d7c0 0x0000000bff6c27c0 0 1 1 0 0 1 3 49126 152
0x00007aca1fe9d840 0x0000000bff6c2840 0 0 0 0 0 1 3 49126 160
0x00007aca1fe9d8c0 0x0000000bff6c28c0 0 0 0 0 0 1 3 49126 168
0x00007aca1fe9d940 0x0000000bff6c2940 0 1 0 0 0 1 3 49126 160
0x00007aca1fe9d9c0 0x0000000bff6c29c0 0 1 0 0 0 1 3 49126 168
0x00007aca1fe9da40 0x0000000bff6c2a40 0 0 1 0 0 1 3 49126 160
0x00007aca1fe9dac0 0x0000000bff6c2ac0 0 0 1 0 0 1 3 49126 168
0x00007aca1fe9db40 0x0000000bff6c2b40 0 1 1 0 0 1 3 49126 160
0x00007aca1fe9dbc0 0x0000000bff6c2bc0 0 1 1 0 0 1 3 49126 168
0x00007aca1fe9dc40 0x0000000bff6c2c40 0 0 0 0 0 1 3 49126 176
0x00007aca1fe9dcc0 0x0000000bff6c2cc0 0 0 0 0 0 1 3 49126 184
0x00007aca1fe9dd40 0x0000000bff6c2d40 0 1 0 0 0 1 3 49126 176
0x00007aca1fe9ddc0 0x0000000bff6c2dc0 0 1 0 0 0 1 3 49126 184
0x00007aca1fe9de40 0x0000000bff6c2e40 0 0 1 0 0 1 3 49126 176
0x00007aca1fe9dec0 0x0000000bff6c2ec0 0 0 1 0 0 1 3 49126 184
0x00007aca1fe9df40 0x0000000bff6c2f40 0 1 1 0 0 1 3 49126 176
0x00007aca1fe9dfc0 0x0000000bff6c2fc0 0 1 1 0 0 1 3 49126 184
0x00007aca1fea9040 0x0000000efaef5040 0 0 0 0 0 1 3 61263 832
0x00007aca1fea90c0 0x0000000efaef50c0 0 0 0 0 0 1 3 61263 840
0x00007aca1fea9140 0x0000000efaef5140 0 1 0 0 0 1 3 61263 832
0x00007aca1fea91c0 0x0000000efaef51c0 0 1 0 0 0 1 3 61263 840
0x00007aca1fea9240 0x0000000efaef5240 0 0 1 0 0 1 3 61263 832
0x00007aca1fea92c0 0x0000000efaef52c0 0 0 1 0 0 1 3 61263 840
0x00007aca1fea9340 0x0000000efaef5340 0 1 1 0 0 1 3 61263 832
0x00007aca1fea93c0 0x0000000efaef53c0 0 1 1 0 0 1 3 61263 840
0x00007aca1fea9440 0x0000000efaef5440 0 0 0 0 0 1 3 61263 848
0x00007aca1fea94c0 0x0000000efaef54c0 0 0 0 0 0 1 3 61263 856
0x00007aca1fea9540 0x0000000efaef5540 0 1 0 0 0 1 3 61263 848
0x00007aca1fea95c0 0x0000000efaef55c0 0 1 0 0 0 1 3 61263 856
0x00007aca1fea9640 0x0000000efaef5640 0 0 1 0 0 1 3 61263 848
0x00007aca1fea96c0 0x0000000efaef56c0 0 0 1 0 0 1 3 61263 856
0x00007aca1fea9740 0x0000000efaef5740 0 1 1 0 0 1 3 61263 848
0x00007aca1fea97c0 0x0000000efaef57c0 0 1 1 0 0 1 3 61263 856
0x00007aca1fea9840 0x0000000efaef5840 0 0 0 0 0 1 3 61263 864
0x00007aca1fea98c0 0x0000000efaef58c0 0 0 0 0 0 1 3 61263 872
0x00007aca1fea9940 0x0000000efaef5940 0 1 0 0 0 1 3 61263 864
0x00007aca1fea99c0 0x0000000efaef59c0 0 1 0 0 0 1 3 61263 872
0x00007aca1fea9a40 0x0000000efaef5a40 0 0 1 0 0 1 3 61263 864
0x00007aca1fea9ac0 0x0000000efaef5ac0 0 0 1 0 0 1 3 61263 872
0x00007aca1fea9b40 0x0000000efaef5b40 0 1 1 0 0 1 3 61263 864
0x00007aca1fea9bc0 0x0000000efaef5bc0 0 1 1 0 0 1 3 61263 872
0x00007aca1fea9c40 0x0000000efaef5c40 0 0 0 0 0 1 3 61263 880
0x00007aca1fea9cc0 0x0000000efaef5cc0 0 0 0 0 0 1 3 61263 888
0x00007aca1fea9d40 0x0000000efaef5d40 0 1 0 0 0 1 3 61263 880
0x00007aca1fea9dc0 0x0000000efaef5dc0 0 1 0 0 0 1 3 61263 888
0x00007aca1fea9e40 0x0000000efaef5e40 0 0 1 0 0 1 3 61263 880
0x00007aca1fea9ec0 0x0000000efaef5ec0 0 0 1 0 0 1 3 61263 888
0x00007aca1fea9f40 0x0000000efaef5f40 0 1 1 0 0 1 3 61263 880
0x00007aca1fea9fc0 0x0000000efaef5fc0 0 1 1 0 0 1 3 61263 888
0x00007aca1feac040 0x00000006476c0040 0 0 0 0 0 1 3 22774 0
0x00007aca1feac0c0 0x00000006476c00c0 0 0 0 0 0 1 3 22774 8
0x00007aca1feac140 0x00000006476c0140 0 1 0 0 0 1 3 22774 0
0x00007aca1feac1c0 0x00000006476c01c0 0 1 0 0 0 1 3 22774 8
0x00007aca1feac240 0x00000006476c0240 0 0 1 0 0 1 3 22774 0
0x00007aca1feac2c0 0x00000006476c02c0 0 0 1 0 0 1 3 22774 8
0x00007aca1feac340 0x00000006476c0340 0 1 1 0 0 1 3 22774 0
0x00007aca1feac3c0 0x00000006476c03c0 0 1 1 0 0 1 3 22774 8
0x00007aca1feac440 0x00000006476c0440 0 0 0 0 0 1 3 22774 16
0x00007aca1feac4c0 0x00000006476c04c0 0 0 0 0 0 1 3 22774 24
0x00007aca1feac540 0x00000006476c0540 0 1 0 0 0 1 3 22774 16
0x00007aca1feac5c0 0x00000006476c05c0 0 1 0 0 0 1 3 22774 24
0x00007aca1feac640 0x00000006476c0640 0 0 1 0 0 1 3 22774 16
0x00007aca1feac6c0 0x00000006476c06c0 0 0 1 0 0 1 3 22774 24
0x00007aca1feac740 0x00000006476c0740 0 1 1 0 0 1 3 22774 16
0x00007aca1feac7c0 0x00000006476c07c0 0 1 1 0 0 1 3 22774 24
0x00007aca1feac840 0x00000006476c0840 0 0 0 0 0 1 3 22774 32
0x00007aca1feac8c0 0x00000006476c08c0 0 0 0 0 0 1 3 22774 40
0x00007aca1feac940 0x00000006476c0940 0 1 0 0 0 1 3 22774 32
0x00007aca1feac9c0 0x00000006476c09c0 0 1 0 0 0 1 3 22774 40
0x00007aca1feaca40 0x00000006476c0a40 0 0 1 0 0 1 3 22774 32
0x00007aca1feacac0 0x00000006476c0ac0 0 0 1 0 0 1 3 22774 40
0x00007aca1feacb40 0x00000006476c0b40 0 1 1 0 0 1 3 22774 32
0x00007aca1feacbc0 0x00000006476c0bc0 0 1 1 0 0 1 3 22774 40
0x00007aca1feacc40 0x00000006476c0c40 0 0 0 0 0 1 3 22774 48
0x00007aca1feaccc0 0x00000006476c0cc0 0 0 0 0 0 1 3 22774 56
0x00007aca1feacd40 0x00000006476c0d40 0 1 0 0 0 1 3 22774 48
0x00007aca1feacdc0 0x00000006476c0dc0 0 1 0 0 0 1 3 22774 56
0x00007aca1feace40 0x00000006476c0e40 0 0 1 0 0 1 3 22774 48
0x00007aca1feacec0 0x00000006476c0ec0 0 0 1 0 0 1 3 22774 56
0x00007aca1feacf40 0x00000006476c0f40 0 1 1 0 0 1 3 22774 48
0x00007aca1feacfc0 0x00000006476c0fc0 0 1 1 0 0 1 3 22774 56
0x00007aca1feb2040 0x00000004bde7d040 0 0 0 0 1 1 3 18347 832
0x00007aca1feb20c0 0x00000004bde7d0c0 0 0 0 0 1 1 3 18347 840
0x00007aca1feb2140 0x00000004bde7d140 0 1 0 0 1 1 3 18347 832
0x00007aca1feb21c0 0x00000004bde7d1c0 0 1 0 0 1 1 3 18347 840
0x00007aca1feb2240 0x00000004bde7d240 0 0 1 0 1 1 3 18347 832
0x00007aca1feb22c0 0x00000004bde7d2c0 0 0 1 0 1 1 3 18347 840
0x00007aca1feb2340 0x00000004bde7d340 0 1 1 0 1 1 3 18347 832
0x00007aca1feb23c0 0x00000004bde7d3c0 0 1 1 0 1 1 3 18347 840
0x00007aca1feb2440 0x00000004bde7d440 0 0 0 0 1 1 3 18347 848
0x00007aca1feb24c0 0x00000004bde7d4c0 0 0 0 0 1 1 3 18347 856
0x00007aca1feb2540 0x00000004bde7d540 0 1 0 0 1 1 3 18347 848
0x00007aca1feb25c0 0x00000004bde7d5c0 0 1 0 0 1 1 3 18347 856
0x00007aca1feb2640 0x00000004bde7d640 0 0 1 0 1 1 3 18347 848
0x00007aca1feb26c0 0x00000004bde7d6c0 0 0 1 0 1 1 3 18347 856
0x00007aca1feb2740 0x00000004bde7d740 0 1 1 0 1 1 3 18347 848
0x00007aca1feb27c0 0x00000004bde7d7c0 0 1 1 0 1 1 3 18347 856
0x00007aca1feb2840 0x00000004bde7d840 0 0 0 0 1 1 3 18347 864
0x00007aca1feb28c0 0x00000004bde7d8c0 0 0 0 0 1 1 3 18347 872
0x00007aca1feb2940 0x00000004bde7d940 0 1 0 0 1 1 3 18347 864
0x00007aca1feb29c0 0x00000004bde7d9c0 0 1 0 0 1 1 3 18347 872
0x00007aca1feb2a40 0x00000004bde7da40 0 0 1 0 1 1 3 18347 864
0x00007aca1feb2ac0 0x00000004bde7dac0 0 0 1 0 1 1 3 18347 872
0x00007aca1feb2b40 0x00000004bde7db40 0 1 1 0 1 1 3 18347 864
0x00007aca1feb2bc0 0x00000004bde7dbc0 0 1 1 0 1 1 3 18347 872
0x00007aca1feb2c40 0x00000004bde7dc40 0 0 0 0 1 1 3 18347 880
0x00007aca1feb2cc0 0x00000004bde7dcc0 0 0 0 0 1 1 3 18347 888
0x00007aca1feb2d40 0x00000004bde7dd40 0 1 0 0 1 1 3 18347 880
0x00007aca1feb2dc0 0x00000004bde7ddc0 0 1 0 0 1 1 3 18347 888
0x00007aca1feb2e40 0x00000004bde7de40 0 0 1 0 1 1 3 18347 880
0x00007aca1feb2ec0 0x00000004bde7dec0 0 0 1 0 1 1 3 18347 888
0x00007aca1feb2f40 0x00000004bde7df40 0 1 1 0 1 1 3 18347 880
0x00007aca1feb2fc0 0x00000004bde7dfc0 0 1 1 0 1 1 3 18347 888
0x00007aca1fec2040 0x0000000ee9696040 0 0 0 0 0 1 3 60708 896
0x00007aca1fec20c0 0x0000000ee96960c0 0 0 0 0 0 1 3 60708 904
0x00007aca1fec2140 0x0000000ee9696140 0 1 0 0 0 1 3 60708 896
0x00007aca1fec21c0 0x0000000ee96961c0 0 1 0 0 0 1 3 60708 904
0x00007aca1fec2240 0x0000000ee9696240 0 0 1 0 0 1 3 60708 896
0x00007aca1fec22c0 0x0000000ee96962c0 0 0 1 0 0 1 3 60708 904
0x00007aca1fec2340 0x0000000ee9696340 0 1 1 0 0 1 3 60708 896
0x00007aca1fec23c0 0x0000000ee96963c0 0 1 1 0 0 1 3 60708 904
0x00007aca1fec2440 0x0000000ee9696440 0 0 0 0 0 1 3 60708 912
0x00007aca1fec24c0 0x0000000ee96964c0 0 0 0 0 0 1 3 60708 920
0x00007aca1fec2540 0x0000000ee9696540 0 1 0 0 0 1 3 60708 912
0x00007aca1fec25c0 0x0000000ee96965c0 0 1 0 0 0 1 3 60708 920
0x00007aca1fec2640 0x0000000ee9696640 0 0 1 0 0 1 3 60708 912
0x00007aca1fec26c0 0x0000000ee96966c0 0 0 1 0 0 1 3 60708 920
0x00007aca1fec2740 0x0000000ee9696740 0 1 1 0 0 1 3 60708 912
0x00007aca1fec27c0 0x0000000ee96967c0 0 1 1 0 0 1 3 60708 920
0x00007aca1fec2840 0x0000000ee9696840 0 0 0 0 0 1 3 60708 928
0x00007aca1fec28c0 0x0000000ee96968c0 0 0 0 0 0 1 3 60708 936
0x00007aca1fec2940 0x0000000ee9696940 0 1 0 0 0 1 3 60708 928
0x00007aca1fec29c0 0x0000000ee96969c0 0 1 0 0 0 1 3 60708 936
0x00007aca1fec2a40 0x0000000ee9696a40 0 0 1 0 0 1 3 60708 928
0x00007aca1fec2ac0 0x0000000ee9696ac0 0 0 1 0 0 1 3 60708 936
0x00007aca1fec2b40 0x0000000ee9696b40 0 1 1 0 0 1 3 60708 928
0x00007aca1fec2bc0 0x0000000ee9696bc0 0 1 1 0 0 1 3 60708 936
0x00007aca1fec2c40 0x0000000ee9696c40 0 0 0 0 0 1 3 60708 944
0x00007aca1fec2cc0 0x0000000ee9696cc0 0 0 0 0 0 1 3 60708 952
0x00007aca1fec2d40 0x0000000ee9696d40 0 1 0 0 0 1 3 60708 944
0x00007aca1fec2dc0 0x0000000ee9696dc0 0 1 0 0 0 1 3 60708 952
0x00007aca1fec2e40 0x0000000ee9696e40 0 0 1 0 0 1 3 60708 944
0x00007aca1fec2ec0 0x0000000ee9696ec0 0 0 1 0 0 1 3 60708 952
0x00007aca1fec2f40 0x0000000ee9696f40 0 1 1 0 0 1 3 60708 944
0x00007aca1fec2fc0 0x0000000ee9696fc0 0 1 1 0 0 1 3 60708 952
0x00007aca1fec3040 0x0000000ee9691040 0 0 0 0 0 1 3 60708 576
0x00007aca1fec30c0 0x0000000ee96910c0 0 0 0 0 0 1 3 60708 584
0x00007aca1fec3140 0x0000000ee9691140 0 1 0 0 0 1 3 60708 576
0x00007aca1fec31c0 0x0000000ee96911c0 0 1 0 0 0 1 3 60708 584
0x00007aca1fec3240 0x0000000ee9691240 0 0 1 0 0 1 3 60708 576
0x00007aca1fec32c0 0x0000000ee96912c0 0 0 1 0 0 1 3 60708 584
0x00007aca1fec3340 0x0000000ee9691340 0 1 1 0 0 1 3 60708 576
0x00007aca1fec33c0 0x0000000ee96913c0 0 1 1 0 0 1 3 60708 584
0x00007aca1fec3440 0x0000000ee9691440 0 0 0 0 0 1 3 60708 592
0x00007aca1fec34c0 0x0000000ee96914c0 0 0 0 0 0 1 3 60708 600
0x00007aca1fec3540 0x0000000ee9691540 0 1 0 0 0 1 3 60708 592
0x00007aca1fec35c0 0x0000000ee96915c0 0 1 0 0 0 1 3 60708 600
0x00007aca1fec3640 0x0000000ee9691640 0 0 1 0 0 1 3 60708 592
0x00007aca1fec36c0 0x0000000ee96916c0 0 0 1 0 0 1 3 60708 600
0x00007aca1fec3740 0x0000000ee9691740 0 1 1 0 0 1 3 60708 592
0x00007aca1fec37c0 0x0000000ee96917c0 0 1 1 0 0 1 3 60708 600
0x00007aca1fec3840 0x0000000ee9691840 0 0 0 0 0 1 3 60708 608
0x00007aca1fec38c0 0x0000000ee96918c0 0 0 0 0 0 1 3 60708 616
0x00007aca1fec3940 0x0000000ee9691940 0 1 0 0 0 1 3 60708 608
0x00007aca1fec39c0 0x0000000ee96919c0 0 1 0 0 0 1 3 60708 616
0x00007aca1fec3a40 0x0000000ee9691a40 0 0 1 0 0 1 3 60708 608
0x00007aca1fec3ac0 0x0000000ee9691ac0 0 0 1 0 0 1 3 60708 616
0x00007aca1fec3b40 0x0000000ee9691b40 0 1 1 0 0 1 3 60708 608
0x00007aca1fec3bc0 0x0000000ee9691bc0 0 1 1 0 0 1 3 60708 616
0x00007aca1fec3c40 0x0000000ee9691c40 0 0 0 0 0 1 3 60708 624
0x00007aca1fec3cc0 0x0000000ee9691cc0 0 0 0 0 0 1 3 60708 632
0x00007aca1fec3d40 0x0000000ee9691d40 0 1 0 0 0 1 3 60708 624
0x00007aca1fec3dc0 0x0000000ee9691dc0 0 1 0 0 0 1 3 60708 632
0x00007aca1fec3e40 0x0000000ee9691e40 0 0 1 0 0 1 3 60708 624
0x00007aca1fec3ec0 0x0000000ee9691ec0 0 0 1 0 0 1 3 60708 632
0x00007aca1fec3f40 0x0000000ee9691f40 0 1 1 0 0 1 3 60708 624
0x00007aca1fec3fc0 0x0000000ee9691fc0 0 1 1 0 0 1 3 60708 632
0x00007aca1feca040 0x0000000efaec6040 0 0 0 0 0 1 3 61262 384
0x00007aca1feca0c0 0x0000000efaec60c0 0 0 0 0 0 1 3 61262 392
0x00007aca1feca140 0x0000000efaec6140 0 1 0 0 0 1 3 61262 384
0x00007aca1feca1c0 0x0000000efaec61c0 0 1 0 0 0 1 3 61262 392
0x00007aca1feca240 0x0000000efaec6240 0 0 1 0 0 1 3 61262 384
0x00007aca1feca2c0 0x0000000efaec62c0 0 0 1 0 0 1 3 61262 392
0x00007aca1feca340 0x0000000efaec6340 0 1 1 0 0 1 3 61262 384
0x00007aca1feca3c0 0x0000000efaec63c0 0 1 1 0 0 1 3 61262 392
0x00007aca1feca440 0x0000000efaec6440 0 0 0 0 0 1 3 61262 400
0x00007aca1feca4c0 0x0000000efaec64c0 0 0 0 0 0 1 3 61262 408
0x00007aca1feca540 0x0000000efaec6540 0 1 0 0 0 1 3 61262 400
0x00007aca1feca5c0 0x0000000efaec65c0 0 1 0 0 0 1 3 61262 408
0x00007aca1feca640 0x0000000efaec6640 0 0 1 0 0 1 3 61262 400
0x00007aca1feca6c0 0x0000000efaec66c0 0 0 1 0 0 1 3 61262 408
0x00007aca1feca740 0x0000000efaec6740 0 1 1 0 0 1 3 61262 400
0x00007aca1feca7c0 0x0000000efaec67c0 0 1 1 0 0 1 3 61262 408
0x00007aca1feca840 0x0000000efaec6840 0 0 0 0 0 1 3 61262 416
0x00007aca1feca8c0 0x0000000efaec68c0 0 0 0 0 0 1 3 61262 424
0x00007aca1feca940 0x0000000efaec6940 0 1 0 0 0 1 3 61262 416
0x00007aca1feca9c0 0x0000000efaec69c0 0 1 0 0 0 1 3 61262 424
0x00007aca1fecaa40 0x0000000efaec6a40 0 0 1 0 0 1 3 61262 416
0x00007aca1fecaac0 0x0000000efaec6ac0 0 0 1 0 0 1 3 61262 424
0x00007aca1fecab40 0x0000000efaec6b40 0 1 1 0 0 1 3 61262 416
0x00007aca1fecabc0 0x0000000efaec6bc0 0 1 1 0 0 1 3 61262 424
0x00007aca1fecac40 0x0000000efaec6c40 0 0 0 0 0 1 3 61262 432
0x00007aca1fecacc0 0x0000000efaec6cc0 0 0 0 0 0 1 3 61262 440
0x00007aca1fecad40 0x0000000efaec6d40 0 1 0 0 0 1 3 61262 432
0x00007aca1fecadc0 0x0000000efaec6dc0 0 1 0 0 0 1 3 61262 440
0x00007aca1fecae40 0x0000000efaec6e40 0 0 1 0 0 1 3 61262 432
0x00007aca1fecaec0 0x0000000efaec6ec0 0 0 1 0 0 1 3 61262 440
0x00007aca1fecaf40 0x0000000efaec6f40 0 1 1 0 0 1 3 61262 432
0x00007aca1fecafc0 0x0000000efaec6fc0 0 1 1 0 0 1 3 61262 440
0x00007aca1fecd040 0x0000000efae6a040 0 0 0 0 1 1 3 61259 128
0x00007aca1fecd0c0 0x0000000efae6a0c0 0 0 0 0 1 1 3 61259 136
0x00007aca1fecd140 0x0000000efae6a140 0 1 0 0 1 1 3 61259 128
0x00007aca1fecd1c0 0x0000000efae6a1c0 0 1 0 0 1 1 3 61259 136
0x00007aca1fecd240 0x0000000efae6a240 0 0 1 0 1 1 3 61259 128
0x00007aca1fecd2c0 0x0000000efae6a2c0 0 0 1 0 1 1 3 61259 136
0x00007aca1fecd340 0x0000000efae6a340 0 1 1 0 1 1 3 61259 128
0x00007aca1fecd3c0 0x0000000efae6a3c0 0 1 1 0 1 1 3 61259 136
0x00007aca1fecd440 0x0000000efae6a440 0 0 0 0 1 1 3 61259 144
0x00007aca1fecd4c0 0x0000000efae6a4c0 0 0 0 0 1 1 3 61259 152
0x00007aca1fecd540 0x0000000efae6a540 0 1 0 0 1 1 3 61259 144
0x00007aca1fecd5c0 0x0000000efae6a5c0 0 1 0 0 1 1 3 61259 152
0x00007aca1fecd640 0x0000000efae6a640 0 0 1 0 1 1 3 61259 144
0x00007aca1fecd6c0 0x0000000efae6a6c0 0 0 1 0 1 1 3 61259 152
0x00007aca1fecd740 0x0000000efae6a740 0 1 1 0 1 1 3 61259 144
0x00007aca1fecd7c0 0x0000000efae6a7c0 0 1 1 0 1 1 3 61259 152
0x00007aca1fecd840 0x0000000efae6a840 0 0 0 0 1 1 3 61259 160
0x00007aca1fecd8c0 0x0000000efae6a8c0 0 0 0 0 1 1 3 61259 168
0x00007aca1fecd940 0x0000000efae6a940 0 1 0 0 1 1 3 61259 160
0x00007aca1fecd9c0 0x0000000efae6a9c0 0 1 0 0 1 1 3 61259 168
0x00007aca1fecda40 0x0000000efae6aa40 0 0 1 0 1 1 3 61259 160
0x00007aca1fecdac0 0x0000000efae6aac0 0 0 1 0 1 1 3 61259 168
0x00007aca1fecdb40 0x0000000efae6ab40 0 1 1 0 1 1 3 61259 160
0x00007aca1fecdbc0 0x0000000efae6abc0 0 1 1 0 1 1 3 61259 168
0x00007aca1fecdc40 0x0000000efae6ac40 0 0 0 0 1 1 3 61259 176
0x00007aca1fecdcc0 0x0000000efae6acc0 0 0 0 0 1 1 3 61259 184
0x00007aca1fecdd40 0x0000000efae6ad40 0 1 0 0 1 1 3 61259 176
0x00007aca1fecddc0 0x0000000efae6adc0 0 1 0 0 1 1 3 61259 184
0x00007aca1fecde40 0x0000000efae6ae40 0 0 1 0 1 1 3 61259 176
0x00007aca1fecdec0 0x0000000efae6aec0 0 0 1 0 1 1 3 61259 184
0x00007aca1fecdf40 0x0000000efae6af40 0 1 1 0 1 1 3 61259 176
0x00007aca1fecdfc0 0x0000000efae6afc0 0 1 1 0 1 1 3 61259 184
0x00007aca1fece040 0x0000000221668040 0 0 0 0 1 1 3 5171 0
0x00007aca1fece0c0 0x00000002216680c0 0 0 0 0 1 1 3 5171 8
0x00007aca1fece140 0x0000000221668140 0 1 0 0 1 1 3 5171 0
0x00007aca1fece1c0 0x00000002216681c0 0 1 0 0 1 1 3 5171 8
0x00007aca1fece240 0x0000000221668240 0 0 1 0 1 1 3 5171 0
0x00007aca1fece2c0 0x00000002216682c0 0 0 1 0 1 1 3 5171 8
0x00007aca1fece340 0x0000000221668340 0 1 1 0 1 1 3 5171 0
0x00007aca1fece3c0 0x00000002216683c0 0 1 1 0 1 1 3 5171 8
0x00007aca1fece440 0x0000000221668440 0 0 0 0 1 1 3 5171 16
0x00007aca1fece4c0 0x00000002216684c0 0 0 0 0 1 1 3 5171 24
0x00007aca1fece540 0x0000000221668540 0 1 0 0 1 1 3 5171 16
0x00007aca1fece5c0 0x00000002216685c0 0 1 0 0 1 1 3 5171 24
0x00007aca1fece640 0x0000000221668640 0 0 1 0 1 1 3 5171 16
0x00007aca1fece6c0 0x00000002216686c0 0 0 1 0 1 1 3 5171 24
0x00007aca1fece740 0x0000000221668740 0 1 1 0 1 1 3 5171 16
0x00007aca1fece7c0 0x00000002216687c0 0 1 1 0 1 1 3 5171 24
0x00007aca1fece840 0x0000000221668840 0 0 0 0 1 1 3 5171 32
0x00007aca1fece8c0 0x00000002216688c0 0 0 0 0 1 1 3 5171 40
0x00007aca1fece940 0x0000000221668940 0 1 0 0 1 1 3 5171 32
0x00007aca1fece9c0 0x00000002216689c0 0 1 0 0 1 1 3 5171 40
0x00007aca1fecea40 0x0000000221668a40 0 0 1 0 1 1 3 5171 32
0x00007aca1feceac0 0x0000000221668ac0 0 0 1 0 1 1 3 5171 40
0x00007aca1feceb40 0x0000000221668b40 0 1 1 0 1 1 3 5171 32
0x00007aca1fecebc0 0x0000000221668bc0 0 1 1 0 1 1 3 5171 40
0x00007aca1fecec40 0x0000000221668c40 0 0 0 0 1 1 3 5171 48
0x00007aca1fececc0 0x0000000221668cc0 0 0 0 0 1 1 3 5171 56
0x00007aca1feced40 0x0000000221668d40 0 1 0 0 1 1 3 5171 48
0x00007aca1fecedc0 0x0000000221668dc0 0 1 0 0 1 1 3 5171 56
0x00007aca1fecee40 0x0000000221668e40 0 0 1 0 1 1 3 5171 48
0x00007aca1feceec0 0x0000000221668ec0 0 0 1 0 1 1 3 5171 56
0x00007aca1fecef40 0x0000000221668f40 0 1 1 0 1 1 3 5171 48
0x00007aca1fecefc0 0x0000000221668fc0 0 1 1 0 1 1 3 5171 56
0x00007aca1fee0040 0x0000000bbee11040 0 0 0 0 0 1 3 47048 576
0x00007aca1fee00c0 0x0000000bbee110c0 0 0 0 0 0 1 3 47048 584
0x00007aca1fee0140 0x0000000bbee11140 0 1 0 0 0 1 3 47048 576
0x00007aca1fee01c0 0x0000000bbee111c0 0 1 0 0 0 1 3 47048 584
0x00007aca1fee0240 0x0000000bbee11240 0 0 1 0 0 1 3 47048 576
0x00007aca1fee02c0 0x0000000bbee112c0 0 0 1 0 0 1 3 47048 584
0x00007aca1fee0340 0x0000000bbee11340 0 1 1 0 0 1 3 47048 576
0x00007aca1fee03c0 0x0000000bbee113c0 0 1 1 0 0 1 3 47048 584
0x00007aca1fee0440 0x0000000bbee11440 0 0 0 0 0 1 3 47048 592
0x00007aca1fee04c0 0x0000000bbee114c0 0 0 0 0 0 1 3 47048 600
0x00007aca1fee0540 0x0000000bbee11540 0 1 0 0 0 1 3 47048 592
0x00007aca1fee05c0 0x0000000bbee115c0 0 1 0 0 0 1 3 47048 600
0x00007aca1fee0640 0x0000000bbee11640 0 0 1 0 0 1 3 47048 592
0x00007aca1fee06c0 0x0000000bbee116c0 0 0 1 0 0 1 3 47048 600
0x00007aca1fee0740 0x0000000bbee11740 0 1 1 0 0 1 3 47048 592
0x00007aca1fee07c0 0x0000000bbee117c0 0 1 1 0 0 1 3 47048 600
0x00007aca1fee0840 0x0000000bbee11840 0 0 0 0 0 1 3 47048 608
0x00007aca1fee08c0 0x0000000bbee118c0 0 0 0 0 0 1 3 47048 616
0x00007aca1fee0940 0x0000000bbee11940 0 1 0 0 0 1 3 47048 608
0x00007aca1fee09c0 0x0000000bbee119c0 0 1 0 0 0 1 3 47048 616
0x00007aca1fee0a40 0x0000000bbee11a40 0 0 1 0 0 1 3 47048 608
0x00007aca1fee0ac0 0x0000000bbee11ac0 0 0 1 0 0 1 3 47048 616
0x00007aca1fee0b40 0x0000000bbee11b40 0 1 1 0 0 1 3 47048 608
0x00007aca1fee0bc0 0x0000000bbee11bc0 0 1 1 0 0 1 3 47048 616
0x00007aca1fee0c40 0x0000000bbee11c40 0 0 0 0 0 1 3 47048 624
0x00007aca1fee0cc0 0x0000000bbee11cc0 0 0 0 0 0 1 3 47048 632
0x00007aca1fee0d40 0x0000000bbee11d40 0 1 0 0 0 1 3 47048 624
0x00007aca1fee0dc0 0x0000000bbee11dc0 0 1 0 0 0 1 3 47048 632
0x00007aca1fee0e40 0x0000000bbee11e40 0 0 1 0 0 1 3 47048 624
0x00007aca1fee0ec0 0x0000000bbee11ec0 0 0 1 0 0 1 3 47048 632
0x00007aca1fee0f40 0x0000000bbee11f40 0 1 1 0 0 1 3 47048 624
0x00007aca1fee0fc0 0x0000000bbee11fc0 0 1 1 0 0 1 3 47048 632
0x00007aca1fee9040 0x0000000ee96e2040 0 0 0 0 0 1 3 60711 128
0x00007aca1fee90c0 0x0000000ee96e20c0 0 0 0 0 0 1 3 60711 136
0x00007aca1fee9140 0x0000000ee96e2140 0 1 0 0 0 1 3 60711 128
0x00007aca1fee91c0 0x0000000ee96e21c0 0 1 0 0 0 1 3 60711 136
0x00007aca1fee9240 0x0000000ee96e2240 0 0 1 0 0 1 3 60711 128
0x00007aca1fee92c0 0x0000000ee96e22c0 0 0 1 0 0 1 3 60711 136
0x00007aca1fee9340 0x0000000ee96e2340 0 1 1 0 0 1 3 60711 128
0x00007aca1fee93c0 0x0000000ee96e23c0 0 1 1 0 0 1 3 60711 136
0x00007aca1fee9440 0x0000000ee96e2440 0 0 0 0 0 1 3 60711 144
0x00007aca1fee94c0 0x0000000ee96e24c0 0 0 0 0 0 1 3 60711 152
0x00007aca1fee9540 0x0000000ee96e2540 0 1 0 0 0 1 3 60711 144
0x00007aca1fee95c0 0x0000000ee96e25c0 0 1 0 0 0 1 3 60711 152
0x00007aca1fee9640 0x0000000ee96e2640 0 0 1 0 0 1 3 60711 144
0x00007aca1fee96c0 0x0000000ee96e26c0 0 0 1 0 0 1 3 60711 152
0x00007aca1fee9740 0x0000000ee96e2740 0 1 1 0 0 1 3 60711 144
0x00007aca1fee97c0 0x0000000ee96e27c0 0 1 1 0 0 1 3 60711 152
0x00007aca1fee9840 0x0000000ee96e2840 0 0 0 0 0 1 3 60711 160
0x00007aca1fee98c0 0x0000000ee96e28c0 0 0 0 0 0 1 3 60711 168
0x00007aca1fee9940 0x0000000ee96e2940 0 1 0 0 0 1 3 60711 160
0x00007aca1fee99c0 0x0000000ee96e29c0 0 1 0 0 0 1 3 60711 168
0x00007aca1fee9a40 0x0000000ee96e2a40 0 0 1 0 0 1 3 60711 160
0x00007aca1fee9ac0 0x0000000ee96e2ac0 0 0 1 0 0 1 3 60711 168
0x00007aca1fee9b40 0x0000000ee96e2b40 0 1 1 0 0 1 3 60711 160
0x00007aca1fee9bc0 0x0000000ee96e2bc0 0 1 1 0 0 1 3 60711 168
0x00007aca1fee9c40 0x0000000ee96e2c40 0 0 0 0 0 1 3 60711 176
0x00007aca1fee9cc0 0x0000000ee96e2cc0 0 0 0 0 0 1 3 60711 184
0x00007aca1fee9d40 0x0000000ee96e2d40 0 1 0 0 0 1 3 60711 176
0x00007aca1fee9dc0 0x0000000ee96e2dc0 0 1 0 0 0 1 3 60711 184
0x00007aca1fee9e40 0x0000000ee96e2e40 0 0 1 0 0 1 3 60711 176
0x00007aca1fee9ec0 0x0000000ee96e2ec0 0 0 1 0 0 1 3 60711 184
0x00007aca1fee9f40 0x0000000ee96e2f40 0 1 1 0 0 1 3 60711 176
0x00007aca1fee9fc0 0x0000000ee96e2fc0 0 1 1 0 0 1 3 60711 184
0x00007aca1feee040 0x0000000bb5e0a040 0 0 0 0 1 1 3 46760 128
0x00007aca1feee0c0 0x0000000bb5e0a0c0 0 0 0 0 1 1 3 46760 136
0x00007aca1feee140 0x0000000bb5e0a140 0 1 0 0 1 1 3 46760 128
0x00007aca1feee1c0 0x0000000bb5e0a1c0 0 1 0 0 1 1 3 46760 136
0x00007aca1feee240 0x0000000bb5e0a240 0 0 1 0 1 1 3 46760 128
0x00007aca1feee2c0 0x0000000bb5e0a2c0 0 0 1 0 1 1 3 46760 136
0x00007aca1feee340 0x0000000bb5e0a340 0 1 1 0 1 1 3 46760 128
0x00007aca1feee3c0 0x0000000bb5e0a3c0 0 1 1 0 1 1 3 46760 136
0x00007aca1feee440 0x0000000bb5e0a440 0 0 0 0 1 1 3 46760 144
0x00007aca1feee4c0 0x0000000bb5e0a4c0 0 0 0 0 1 1 3 46760 152
0x00007aca1feee540 0x0000000bb5e0a540 0 1 0 0 1 1 3 46760 144
0x00007aca1feee5c0 0x0000000bb5e0a5c0 0 1 0 0 1 1 3 46760 152
0x00007aca1feee640 0x0000000bb5e0a640 0 0 1 0 1 1 3 46760 144
0x00007aca1feee6c0 0x0000000bb5e0a6c0 0 0 1 0 1 1 3 46760 152
0x00007aca1feee740 0x0000000bb5e0a740 0 1 1 0 1 1 3 46760 144
0x00007aca1feee7c0 0x0000000bb5e0a7c0 0 1 1 0 1 1 3 46760 152
0x00007aca1feee840 0x0000000bb5e0a840 0 0 0 0 1 1 3 46760 160
0x00007aca1feee8c0 0x0000000bb5e0a8c0 0 0 0 0 1 1 3 46760 168
0x00007aca1feee940 0x0000000bb5e0a940 0 1 0 0 1 1 3 46760 160
0x00007aca1feee9c0 0x0000000bb5e0a9c0 0 1 0 0 1 1 3 46760 168
0x00007aca1feeea40 0x0000000bb5e0aa40 0 0 1 0 1 1 3 46760 160
0x00007aca1feeeac0 0x0000000bb5e0aac0 0 0 1 0 1 1 3 46760 168
0x00007aca1feeeb40 0x0000000bb5e0ab40 0 1 1 0 1 1 3 46760 160
0x00007aca1feeebc0 0x0000000bb5e0abc0 0 1 1 0 1 1 3 46760 168
0x00007aca1feeec40 0x0000000bb5e0ac40 0 0 0 0 1 1 3 46760 176
0x00007aca1feeecc0 0x0000000bb5e0acc0 0 0 0 0 1 1 3 46760 184
0x00007aca1feeed40 0x0000000bb5e0ad40 0 1 0 0 1 1 3 46760 176
0x00007aca1feeedc0 0x0000000bb5e0adc0 0 1 0 0 1 1 3 46760 184
0x00007aca1feeee40 0x0000000bb5e0ae40 0 0 1 0 1 1 3 46760 176
0x00007aca1feeeec0 0x0000000bb5e0aec0 0 0 1 0 1 1 3 46760 184
0x00007aca1feeef40 0x0000000bb5e0af40 0 1 1 0 1 1 3 46760 176
0x00007aca1feeefc0 0x0000000bb5e0afc0 0 1 1 0 1 1 3 46760 184
0x00007aca1fef5040 0x000000021eef9040 0 0 0 0 1 1 3 5087 576
0x00007aca1fef50c0 0x000000021eef90c0 0 0 0 0 1 1 3 5087 584
0x00007aca1fef5140 0x000000021eef9140 0 1 0 0 1 1 3 5087 576
0x00007aca1fef51c0 0x000000021eef91c0 0 1 0 0 1 1 3 5087 584
0x00007aca1fef5240 0x000000021eef9240 0 0 1 0 1 1 3 5087 576
0x00007aca1fef52c0 0x000000021eef92c0 0 0 1 0 1 1 3 5087 584
0x00007aca1fef5340 0x000000021eef9340 0 1 1 0 1 1 3 5087 576
0x00007aca1fef53c0 0x000000021eef93c0 0 1 1 0 1 1 3 5087 584
0x00007aca1fef5440 0x000000021eef9440 0 0 0 0 1 1 3 5087 592
0x00007aca1fef54c0 0x000000021eef94c0 0 0 0 0 1 1 3 5087 600
0x00007aca1fef5540 0x000000021eef9540 0 1 0 0 1 1 3 5087 592
0x00007aca1fef55c0 0x000000021eef95c0 0 1 0 0 1 1 3 5087 600
0x00007aca1fef5640 0x000000021eef9640 0 0 1 0 1 1 3 5087 592
0x00007aca1fef56c0 0x000000021eef96c0 0 0 1 0 1 1 3 5087 600
0x00007aca1fef5740 0x000000021eef9740 0 1 1 0 1 1 3 5087 592
0x00007aca1fef57c0 0x000000021eef97c0 0 1 1 0 1 1 3 5087 600
0x00007aca1fef5840 0x000000021eef9840 0 0 0 0 1 1 3 5087 608
0x00007aca1fef58c0 0x000000021eef98c0 0 0 0 0 1 1 3 5087 616
0x00007aca1fef5940 0x000000021eef9940 0 1 0 0 1 1 3 5087 608
0x00007aca1fef59c0 0x000000021eef99c0 0 1 0 0 1 1 3 5087 616
0x00007aca1fef5a40 0x000000021eef9a40 0 0 1 0 1 1 3 5087 608
0x00007aca1fef5ac0 0x000000021eef9ac0 0 0 1 0 1 1 3 5087 616
0x00007aca1fef5b40 0x000000021eef9b40 0 1 1 0 1 1 3 5087 608
0x00007aca1fef5bc0 0x000000021eef9bc0 0 1 1 0 1 1 3 5087 616
0x00007aca1fef5c40 0x000000021eef9c40 0 0 0 0 1 1 3 5087 624
0x00007aca1fef5cc0 0x000000021eef9cc0 0 0 0 0 1 1 3 5087 632
0x00007aca1fef5d40 0x000000021eef9d40 0 1 0 0 1 1 3 5087 624
0x00007aca1fef5dc0 0x000000021eef9dc0 0 1 0 0 1 1 3 5087 632
0x00007aca1fef5e40 0x000000021eef9e40 0 0 1 0 1 1 3 5087 624
0x00007aca1fef5ec0 0x000000021eef9ec0 0 0 1 0 1 1 3 5087 632
0x00007aca1fef5f40 0x000000021eef9f40 0 1 1 0 1 1 3 5087 624
0x00007aca1fef5fc0 0x000000021eef9fc0 0 1 1 0 1 1 3 5087 632
0x00007aca1fef6040 0x0000000ee96f9040 0 0 0 0 1 1 3 60711 576
0x00007aca1fef60c0 0x0000000ee96f90c0 0 0 0 0 1 1 3 60711 584
0x00007aca1fef6140 0x0000000ee96f9140 0 1 0 0 1 1 3 60711 576
0x00007aca1fef61c0 0x0000000ee96f91c0 0 1 0 0 1 1 3 60711 584
0x00007aca1fef6240 0x0000000ee96f9240 0 0 1 0 1 1 3 60711 576
0x00007aca1fef62c0 0x0000000ee96f92c0 0 0 1 0 1 1 3 60711 584
0x00007aca1fef6340 0x0000000ee96f9340 0 1 1 0 1 1 3 60711 576
0x00007aca1fef63c0 0x0000000ee96f93c0 0 1 1 0 1 1 3 60711 584
0x00007aca1fef6440 0x0000000ee96f9440 0 0 0 0 1 1 3 60711 592
0x00007aca1fef64c0 0x0000000ee96f94c0 0 0 0 0 1 1 3 60711 600
0x00007aca1fef6540 0x0000000ee96f9540 0 1 0 0 1 1 3 60711 592
0x00007aca1fef65c0 0x0000000ee96f95c0 0 1 0 0 1 1 3 60711 600
0x00007aca1fef6640 0x0000000ee96f9640 0 0 1 0 1 1 3 60711 592
0x00007aca1fef66c0 0x0000000ee96f96c0 0 0 1 0 1 1 3 60711 600
0x00007aca1fef6740 0x0000000ee96f9740 0 1 1 0 1 1 3 60711 592
0x00007aca1fef67c0 0x0000000ee96f97c0 0 1 1 0 1 1 3 60711 600
0x00007aca1fef6840 0x0000000ee96f9840 0 0 0 0 1 1 3 60711 608
0x00007aca1fef68c0 0x0000000ee96f98c0 0 0 0 0 1 1 3 60711 616
0x00007aca1fef6940 0x0000000ee96f9940 0 1 0 0 1 1 3 60711 608
0x00007aca1fef69c0 0x0000000ee96f99c0 0 1 0 0 1 1 3 60711 616
0x00007aca1fef6a40 0x0000000ee96f9a40 0 0 1 0 1 1 3 60711 608
0x00007aca1fef6ac0 0x0000000ee96f9ac0 0 0 1 0 1 1 3 60711 616
0x00007aca1fef6b40 0x0000000ee96f9b40 0 1 1 0 1 1 3 60711 608
0x00007aca1fef6bc0 0x0000000ee96f9bc0 0 1 1 0 1 1 3 60711 616
0x00007aca1fef6c40 0x0000000ee96f9c40 0 0 0 0 1 1 3 60711 624
0x00007aca1fef6cc0 0x0000000ee96f9cc0 0 0 0 0 1 1 3 60711 632
0x00007aca1fef6d40 0x0000000ee96f9d40 0 1 0 0 1 1 3 60711 624
0x00007aca1fef6dc0 0x0000000ee96f9dc0 0 1 0 0 1 1 3 60711 632
0x00007aca1fef6e40 0x0000000ee96f9e40 0 0 1 0 1 1 3 60711 624
0x00007aca1fef6ec0 0x0000000ee96f9ec0 0 0 1 0 1 1 3 60711 632
0x00007aca1fef6f40 0x0000000ee96f9f40 0 1 1 0 1 1 3 60711 624
0x00007aca1fef6fc0 0x0000000ee96f9fc0 0 1 1 0 1 1 3 60711 632
0x00007aca1fef8040 0x0000000efaeef040 0 0 0 0 1 1 3 61263 448
0x00007aca1fef80c0 0x0000000efaeef0c0 0 0 0 0 1 1 3 61263 456
0x00007aca1fef8140 0x0000000efaeef140 0 1 0 0 1 1 3 61263 448
0x00007aca1fef81c0 0x0000000efaeef1c0 0 1 0 0 1 1 3 61263 456
0x00007aca1fef8240 0x0000000efaeef240 0 0 1 0 1 1 3 61263 448
0x00007aca1fef82c0 0x0000000efaeef2c0 0 0 1 0 1 1 3 61263 456
0x00007aca1fef8340 0x0000000efaeef340 0 1 1 0 1 1 3 61263 448
0x00007aca1fef83c0 0x0000000efaeef3c0 0 1 1 0 1 1 3 61263 456
0x00007aca1fef8440 0x0000000efaeef440 0 0 0 0 1 1 3 61263 464
0x00007aca1fef84c0 0x0000000efaeef4c0 0 0 0 0 1 1 3 61263 472
0x00007aca1fef8540 0x0000000efaeef540 0 1 0 0 1 1 3 61263 464
0x00007aca1fef85c0 0x0000000efaeef5c0 0 1 0 0 1 1 3 61263 472
0x00007aca1fef8640 0x0000000efaeef640 0 0 1 0 1 1 3 61263 464
0x00007aca1fef86c0 0x0000000efaeef6c0 0 0 1 0 1 1 3 61263 472
0x00007aca1fef8740 0x0000000efaeef740 0 1 1 0 1 1 3 61263 464
0x00007aca1fef87c0 0x0000000efaeef7c0 0 1 1 0 1 1 3 61263 472
0x00007aca1fef8840 0x0000000efaeef840 0 0 0 0 1 1 3 61263 480
0x00007aca1fef88c0 0x0000000efaeef8c0 0 0 0 0 1 1 3 61263 488
0x00007aca1fef8940 0x0000000efaeef940 0 1 0 0 1 1 3 61263 480
0x00007aca1fef89c0 0x0000000efaeef9c0 0 1 0 0 1 1 3 61263 488
0x00007aca1fef8a40 0x0000000efaeefa40 0 0 1 0 1 1 3 61263 480
0x00007aca1fef8ac0 0x0000000efaeefac0 0 0 1 0 1 1 3 61263 488
0x00007aca1fef8b40 0x0000000efaeefb40 0 1 1 0 1 1 3 61263 480
0x00007aca1fef8bc0 0x0000000efaeefbc0 0 1 1 0 1 1 3 61263 488
0x00007aca1fef8c40 0x0000000efaeefc40 0 0 0 0 1 1 3 61263 496
0x00007aca1fef8cc0 0x0000000efaeefcc0 0 0 0 0 1 1 3 61263 504
0x00007aca1fef8d40 0x0000000efaeefd40 0 1 0 0 1 1 3 61263 496
0x00007aca1fef8dc0 0x0000000efaeefdc0 0 1 0 0 1 1 3 61263 504
0x00007aca1fef8e40 0x0000000efaeefe40 0 0 1 0 1 1 3 61263 496
0x00007aca1fef8ec0 0x0000000efaeefec0 0 0 1 0 1 1 3 61263 504
0x00007aca1fef8f40 0x0000000efaeeff40 0 1 1 0 1 1 3 61263 496
0x00007aca1fef8fc0 0x0000000efaeeffc0 0 1 1 0 1 1 3 61263 504
0x00007aca1ff20040 0x0000000ca4e11040 0 0 0 0 0 1 3 50312 576
0x00007aca1ff200c0 0x0000000ca4e110c0 0 0 0 0 0 1 3 50312 584
0x00007aca1ff20140 0x0000000ca4e11140 0 1 0 0 0 1 3 50312 576
0x00007aca1ff201c0 0x0000000ca4e111c0 0 1 0 0 0 1 3 50312 584
0x00007aca1ff20240 0x0000000ca4e11240 0 0 1 0 0 1 3 50312 576
0x00007aca1ff202c0 0x0000000ca4e112c0 0 0 1 0 0 1 3 50312 584
0x00007aca1ff20340 0x0000000ca4e11340 0 1 1 0 0 1 3 50312 576
0x00007aca1ff203c0 0x0000000ca4e113c0 0 1 1 0 0 1 3 50312 584
0x00007aca1ff20440 0x0000000ca4e11440 0 0 0 0 0 1 3 50312 592
0x00007aca1ff204c0 0x0000000ca4e114c0 0 0 0 0 0 1 3 50312 600
0x00007aca1ff20540 0x0000000ca4e11540 0 1 0 0 0 1 3 50312 592
0x00007aca1ff205c0 0x0000000ca4e115c0 0 1 0 0 0 1 3 50312 600
0x00007aca1ff20640 0x0000000ca4e11640 0 0 1 0 0 1 3 50312 592
0x00007aca1ff206c0 0x0000000ca4e116c0 0 0 1 0 0 1 3 50312 600
0x00007aca1ff20740 0x0000000ca4e11740 0 1 1 0 0 1 3 50312 592
0x00007aca1ff207c0 0x0000000ca4e117c0 0 1 1 0 0 1 3 50312 600
0x00007aca1ff20840 0x0000000ca4e11840 0 0 0 0 0 1 3 50312 608
0x00007aca1ff208c0 0x0000000ca4e118c0 0 0 0 0 0 1 3 50312 616
0x00007aca1ff20940 0x0000000ca4e11940 0 1 0 0 0 1 3 50312 608
0x00007aca1ff209c0 0x0000000ca4e119c0 0 1 0 0 0 1 3 50312 616
0x00007aca1ff20a40 0x0000000ca4e11a40 0 0 1 0 0 1 3 50312 608
0x00007aca1ff20ac0 0x0000000ca4e11ac0 0 0 1 0 0 1 3 50312 616
0x00007aca1ff20b40 0x0000000ca4e11b40 0 1 1 0 0 1 3 50312 608
0x00007aca1ff20bc0 0x0000000ca4e11bc0 0 1 1 0 0 1 3 50312 616
0x00007aca1ff20c40 0x0000000ca4e11c40 0 0 0 0 0 1 3 50312 624
0x00007aca1ff20cc0 0x0000000ca4e11cc0 0 0 0 0 0 1 3 50312 632
0x00007aca1ff20d40 0x0000000ca4e11d40 0 1 0 0 0 1 3 50312 624
0x00007aca1ff20dc0 0x0000000ca4e11dc0 0 1 0 0 0 1 3 50312 632
0x00007aca1ff20e40 0x0000000ca4e11e40 0 0 1 0 0 1 3 50312 624
0x00007aca1ff20ec0 0x0000000ca4e11ec0 0 0 1 0 0 1 3 50312 632
0x00007aca1ff20f40 0x0000000ca4e11f40 0 1 1 0 0 1 3 50312 624
0x00007aca1ff20fc0 0x0000000ca4e11fc0 0 1 1 0 0 1 3 50312 632
0x00007aca1ff30040 0x0000000934ed0040 0 0 0 0 0 1 3 34462 512
0x00007aca1ff300c0 0x0000000934ed00c0 0 0 0 0 0 1 3 34462 520
0x00007aca1ff30140 0x0000000934ed0140 0 1 0 0 0 1 3 34462 512
0x00007aca1ff301c0 0x0000000934ed01c0 0 1 0 0 0 1 3 34462 520
0x00007aca1ff30240 0x0000000934ed0240 0 0 1 0 0 1 3 34462 512
0x00007aca1ff302c0 0x0000000934ed02c0 0 0 1 0 0 1 3 34462 520
0x00007aca1ff30340 0x0000000934ed0340 0 1 1 0 0 1 3 34462 512
0x00007aca1ff303c0 0x0000000934ed03c0 0 1 1 0 0 1 3 34462 520
0x00007aca1ff30440 0x0000000934ed0440 0 0 0 0 0 1 3 34462 528
0x00007aca1ff304c0 0x0000000934ed04c0 0 0 0 0 0 1 3 34462 536
0x00007aca1ff30540 0x0000000934ed0540 0 1 0 0 0 1 3 34462 528
0x00007aca1ff305c0 0x0000000934ed05c0 0 1 0 0 0 1 3 34462 536
0x00007aca1ff30640 0x0000000934ed0640 0 0 1 0 0 1 3 34462 528
0x00007aca1ff306c0 0x0000000934ed06c0 0 0 1 0 0 1 3 34462 536
0x00007aca1ff30740 0x0000000934ed0740 0 1 1 0 0 1 3 34462 528
0x00007aca1ff307c0 0x0000000934ed07c0 0 1 1 0 0 1 3 34462 536
0x00007aca1ff30840 0x0000000934ed0840 0 0 0 0 0 1 3 34462 544
0x00007aca1ff308c0 0x0000000934ed08c0 0 0 0 0 0 1 3 34462 552
0x00007aca1ff30940 0x0000000934ed0940 0 1 0 0 0 1 3 34462 544
0x00007aca1ff309c0 0x0000000934ed09c0 0 1 0 0 0 1 3 34462 552
0x00007aca1ff30a40 0x0000000934ed0a40 0 0 1 0 0 1 3 34462 544
0x00007aca1ff30ac0 0x0000000934ed0ac0 0 0 1 0 0 1 3 34462 552
0x00007aca1ff30b40 0x0000000934ed0b40 0 1 1 0 0 1 3 34462 544
0x00007aca1ff30bc0 0x0000000934ed0bc0 0 1 1 0 0 1 3 34462 552
0x00007aca1ff30c40 0x0000000934ed0c40 0 0 0 0 0 1 3 34462 560
0x00007aca1ff30cc0 0x0000000934ed0cc0 0 0 0 0 0 1 3 34462 568
0x00007aca1ff30d40 0x0000000934ed0d40 0 1 0 0 0 1 3 34462 560
0x00007aca1ff30dc0 0x0000000934ed0dc0 0 1 0 0 0 1 3 34462 568
0x00007aca1ff30e40 0x0000000934ed0e40 0 0 1 0 0 1 3 34462 560
0x00007aca1ff30ec0 0x0000000934ed0ec0 0 0 1 0 0 1 3 34462 568
0x00007aca1ff30f40 0x0000000934ed0f40 0 1 1 0 0 1 3 34462 560
0x00007aca1ff30fc0 0x0000000934ed0fc0 0 1 1 0 0 1 3 34462 568
0x00007aca1ff34040 0x00000006ebe4e040 0 0 0 0 1 1 3 28010 384
0x00007aca1ff340c0 0x00000006ebe4e0c0 0 0 0 0 1 1 3 28010 392
0x00007aca1ff34140 0x00000006ebe4e140 0 1 0 0 1 1 3 28010 384
0x00007aca1ff341c0 0x00000006ebe4e1c0 0 1 0 0 1 1 3 28010 392
0x00007aca1ff34240 0x00000006ebe4e240 0 0 1 0 1 1 3 28010 384
0x00007aca1ff342c0 0x00000006ebe4e2c0 0 0 1 0 1 1 3 28010 392
0x00007aca1ff34340 0x00000006ebe4e340 0 1 1 0 1 1 3 28010 384
0x00007aca1ff343c0 0x00000006ebe4e3c0 0 1 1 0 1 1 3 28010 392
0x00007aca1ff34440 0x00000006ebe4e440 0 0 0 0 1 1 3 28010 400
0x00007aca1ff344c0 0x00000006ebe4e4c0 0 0 0 0 1 1 3 28010 408
0x00007aca1ff34540 0x00000006ebe4e540 0 1 0 0 1 1 3 28010 400
0x00007aca1ff345c0 0x00000006ebe4e5c0 0 1 0 0 1 1 3 28010 408
0x00007aca1ff34640 0x00000006ebe4e640 0 0 1 0 1 1 3 28010 400
0x00007aca1ff346c0 0x00000006ebe4e6c0 0 0 1 0 1 1 3 28010 408
0x00007aca1ff34740 0x00000006ebe4e740 0 1 1 0 1 1 3 28010 400
0x00007aca1ff347c0 0x00000006ebe4e7c0 0 1 1 0 1 1 3 28010 408
0x00007aca1ff34840 0x00000006ebe4e840 0 0 0 0 1 1 3 28010 416
0x00007aca1ff348c0 0x00000006ebe4e8c0 0 0 0 0 1 1 3 28010 424
0x00007aca1ff34940 0x00000006ebe4e940 0 1 0 0 1 1 3 28010 416
0x00007aca1ff349c0 0x00000006ebe4e9c0 0 1 0 0 1 1 3 28010 424
0x00007aca1ff34a40 0x00000006ebe4ea40 0 0 1 0 1 1 3 28010 416
0x00007aca1ff34ac0 0x00000006ebe4eac0 0 0 1 0 1 1 3 28010 424
0x00007aca1ff34b40 0x00000006ebe4eb40 0 1 1 0 1 1 3 28010 416
0x00007aca1ff34bc0 0x00000006ebe4ebc0 0 1 1 0 1 1 3 28010 424
0x00007aca1ff34c40 0x00000006ebe4ec40 0 0 0 0 1 1 3 28010 432
0x00007aca1ff34cc0 0x00000006ebe4ecc0 0 0 0 0 1 1 3 28010 440
0x00007aca1ff34d40 0x00000006ebe4ed40 0 1 0 0 1 1 3 28010 432
0x00007aca1ff34dc0 0x00000006ebe4edc0 0 1 0 0 1 1 3 28010 440
0x00007aca1ff34e40 0x00000006ebe4ee40 0 0 1 0 1 1 3 28010 432
0x00007aca1ff34ec0 0x00000006ebe4eec0 0 0 1 0 1 1 3 28010 440
0x00007aca1ff34f40 0x00000006ebe4ef40 0 1 1 0 1 1 3 28010 432
0x00007aca1ff34fc0 0x00000006ebe4efc0 0 1 1 0 1 1 3 28010 440
0x00007aca1ff52040 0x00000007c1e68040 0 0 0 0 1 1 3 30763 0
0x00007aca1ff520c0 0x00000007c1e680c0 0 0 0 0 1 1 3 30763 8
0x00007aca1ff52140 0x00000007c1e68140 0 1 0 0 1 1 3 30763 0
0x00007aca1ff521c0 0x00000007c1e681c0 0 1 0 0 1 1 3 30763 8
0x00007aca1ff52240 0x00000007c1e68240 0 0 1 0 1 1 3 30763 0
0x00007aca1ff522c0 0x00000007c1e682c0 0 0 1 0 1 1 3 30763 8
0x00007aca1ff52340 0x00000007c1e68340 0 1 1 0 1 1 3 30763 0
0x00007aca1ff523c0 0x00000007c1e683c0 0 1 1 0 1 1 3 30763 8
0x00007aca1ff52440 0x00000007c1e68440 0 0 0 0 1 1 3 30763 16
0x00007aca1ff524c0 0x00000007c1e684c0 0 0 0 0 1 1 3 30763 24
0x00007aca1ff52540 0x00000007c1e68540 0 1 0 0 1 1 3 30763 16
0x00007aca1ff525c0 0x00000007c1e685c0 0 1 0 0 1 1 3 30763 24
0x00007aca1ff52640 0x00000007c1e68640 0 0 1 0 1 1 3 30763 16
0x00007aca1ff526c0 0x00000007c1e686c0 0 0 1 0 1 1 3 30763 24
0x00007aca1ff52740 0x00000007c1e68740 0 1 1 0 1 1 3 30763 16
0x00007aca1ff527c0 0x00000007c1e687c0 0 1 1 0 1 1 3 30763 24
0x00007aca1ff52840 0x00000007c1e68840 0 0 0 0 1 1 3 30763 32
0x00007aca1ff528c0 0x00000007c1e688c0 0 0 0 0 1 1 3 30763 40
0x00007aca1ff52940 0x00000007c1e68940 0 1 0 0 1 1 3 30763 32
0x00007aca1ff529c0 0x00000007c1e689c0 0 1 0 0 1 1 3 30763 40
0x00007aca1ff52a40 0x00000007c1e68a40 0 0 1 0 1 1 3 30763 32
0x00007aca1ff52ac0 0x00000007c1e68ac0 0 0 1 0 1 1 3 30763 40
0x00007aca1ff52b40 0x00000007c1e68b40 0 1 1 0 1 1 3 30763 32
0x00007aca1ff52bc0 0x00000007c1e68bc0 0 1 1 0 1 1 3 30763 40
0x00007aca1ff52c40 0x00000007c1e68c40 0 0 0 0 1 1 3 30763 48
0x00007aca1ff52cc0 0x00000007c1e68cc0 0 0 0 0 1 1 3 30763 56
0x00007aca1ff52d40 0x00000007c1e68d40 0 1 0 0 1 1 3 30763 48
0x00007aca1ff52dc0 0x00000007c1e68dc0 0 1 0 0 1 1 3 30763 56
0x00007aca1ff52e40 0x00000007c1e68e40 0 0 1 0 1 1 3 30763 48
0x00007aca1ff52ec0 0x00000007c1e68ec0 0 0 1 0 1 1 3 30763 56
0x00007aca1ff52f40 0x00000007c1e68f40 0 1 1 0 1 1 3 30763 48
0x00007aca1ff52fc0 0x00000007c1e68fc0 0 1 1 0 1 1 3 30763 56
0x00007aca1ff57040 0x0000000f26e7a040 0 0 0 0 1 1 3 58587 640
0x00007aca1ff570c0 0x0000000f26e7a0c0 0 0 0 0 1 1 3 58587 648
0x00007aca1ff57140 0x0000000f26e7a140 0 1 0 0 1 1 3 58587 640
0x00007aca1ff571c0 0x0000000f26e7a1c0 0 1 0 0 1 1 3 58587 648
0x00007aca1ff57240 0x0000000f26e7a240 0 0 1 0 1 1 3 58587 640
0x00007aca1ff572c0 0x0000000f26e7a2c0 0 0 1 0 1 1 3 58587 648
0x00007aca1ff57340 0x0000000f26e7a340 0 1 1 0 1 1 3 58587 640
0x00007aca1ff573c0 0x0000000f26e7a3c0 0 1 1 0 1 1 3 58587 648
0x00007aca1ff57440 0x0000000f26e7a440 0 0 0 0 1 1 3 58587 656
0x00007aca1ff574c0 0x0000000f26e7a4c0 0 0 0 0 1 1 3 58587 664
0x00007aca1ff57540 0x0000000f26e7a540 0 1 0 0 1 1 3 58587 656
0x00007aca1ff575c0 0x0000000f26e7a5c0 0 1 0 0 1 1 3 58587 664
0x00007aca1ff57640 0x0000000f26e7a640 0 0 1 0 1 1 3 58587 656
0x00007aca1ff576c0 0x0000000f26e7a6c0 0 0 1 0 1 1 3 58587 664
0x00007aca1ff57740 0x0000000f26e7a740 0 1 1 0 1 1 3 58587 656
0x00007aca1ff577c0 0x0000000f26e7a7c0 0 1 1 0 1 1 3 58587 664
0x00007aca1ff57840 0x0000000f26e7a840 0 0 0 0 1 1 3 58587 672
0x00007aca1ff578c0 0x0000000f26e7a8c0 0 0 0 0 1 1 3 58587 680
0x00007aca1ff57940 0x0000000f26e7a940 0 1 0 0 1 1 3 58587 672
0x00007aca1ff579c0 0x0000000f26e7a9c0 0 1 0 0 1 1 3 58587 680
0x00007aca1ff57a40 0x0000000f26e7aa40 0 0 1 0 1 1 3 58587 672
0x00007aca1ff57ac0 0x0000000f26e7aac0 0 0 1 0 1 1 3 58587 680
0x00007aca1ff57b40 0x0000000f26e7ab40 0 1 1 0 1 1 3 58587 672
0x00007aca1ff57bc0 0x0000000f26e7abc0 0 1 1 0 1 1 3 58587 680
0x00007aca1ff57c40 0x0000000f26e7ac40 0 0 0 0 1 1 3 58587 688
0x00007aca1ff57cc0 0x0000000f26e7acc0 0 0 0 0 1 1 3 58587 696
0x00007aca1ff57d40 0x0000000f26e7ad40 0 1 0 0 1 1 3 58587 688
0x00007aca1ff57dc0 0x0000000f26e7adc0 0 1 0 0 1 1 3 58587 696
0x00007aca1ff57e40 0x0000000f26e7ae40 0 0 1 0 1 1 3 58587 688
0x00007aca1ff57ec0 0x0000000f26e7aec0 0 0 1 0 1 1 3 58587 696
0x00007aca1ff57f40 0x0000000f26e7af40 0 1 1 0 1 1 3 58587 688
0x00007aca1ff57fc0 0x0000000f26e7afc0 0 1 1 0 1 1 3 58587 696
0x00007aca1ff59040 0x000000085de16040 0 0 0 0 0 1 3 31672 896
0x00007aca1ff590c0 0x000000085de160c0 0 0 0 0 0 1 3 31672 904
0x00007aca1ff59140 0x000000085de16140 0 1 0 0 0 1 3 31672 896
0x00007aca1ff591c0 0x000000085de161c0 0 1 0 0 0 1 3 31672 904
0x00007aca1ff59240 0x000000085de16240 0 0 1 0 0 1 3 31672 896
0x00007aca1ff592c0 0x000000085de162c0 0 0 1 0 0 1 3 31672 904
0x00007aca1ff59340 0x000000085de16340 0 1 1 0 0 1 3 31672 896
0x00007aca1ff593c0 0x000000085de163c0 0 1 1 0 0 1 3 31672 904
0x00007aca1ff59440 0x000000085de16440 0 0 0 0 0 1 3 31672 912
0x00007aca1ff594c0 0x000000085de164c0 0 0 0 0 0 1 3 31672 920
0x00007aca1ff59540 0x000000085de16540 0 1 0 0 0 1 3 31672 912
0x00007aca1ff595c0 0x000000085de165c0 0 1 0 0 0 1 3 31672 920
0x00007aca1ff59640 0x000000085de16640 0 0 1 0 0 1 3 31672 912
0x00007aca1ff596c0 0x000000085de166c0 0 0 1 0 0 1 3 31672 920
0x00007aca1ff59740 0x000000085de16740 0 1 1 0 0 1 3 31672 912
0x00007aca1ff597c0 0x000000085de167c0 0 1 1 0 0 1 3 31672 920
0x00007aca1ff59840 0x000000085de16840 0 0 0 0 0 1 3 31672 928
0x00007aca1ff598c0 0x000000085de168c0 0 0 0 0 0 1 3 31672 936
0x00007aca1ff59940 0x000000085de16940 0 1 0 0 0 1 3 31672 928
0x00007aca1ff599c0 0x000000085de169c0 0 1 0 0 0 1 3 31672 936
0x00007aca1ff59a40 0x000000085de16a40 0 0 1 0 0 1 3 31672 928
0x00007aca1ff59ac0 0x000000085de16ac0 0 0 1 0 0 1 3 31672 936
0x00007aca1ff59b40 0x000000085de16b40 0 1 1 0 0 1 3 31672 928
0x00007aca1ff59bc0 0x000000085de16bc0 0 1 1 0 0 1 3 31672 936
0x00007aca1ff59c40 0x000000085de16c40 0 0 0 0 0 1 3 31672 944
0x00007aca1ff59cc0 0x000000085de16cc0 0 0 0 0 0 1 3 31672 952
0x00007aca1ff59d40 0x000000085de16d40 0 1 0 0 0 1 3 31672 944
0x00007aca1ff59dc0 0x000000085de16dc0 0 1 0 0 0 1 3 31672 952
0x00007aca1ff59e40 0x000000085de16e40 0 0 1 0 0 1 3 31672 944
0x00007aca1ff59ec0 0x000000085de16ec0 0 0 1 0 0 1 3 31672 952
0x00007aca1ff59f40 0x000000085de16f40 0 1 1 0 0 1 3 31672 944
0x00007aca1ff59fc0 0x000000085de16fc0 0 1 1 0 0 1 3 31672 952
0x00007aca1ff5c040 0x0000000418687040 0 0 0 0 0 1 3 13076 448
0x00007aca1ff5c0c0 0x00000004186870c0 0 0 0 0 0 1 3 13076 456
0x00007aca1ff5c140 0x0000000418687140 0 1 0 0 0 1 3 13076 448
0x00007aca1ff5c1c0 0x00000004186871c0 0 1 0 0 0 1 3 13076 456
0x00007aca1ff5c240 0x0000000418687240 0 0 1 0 0 1 3 13076 448
0x00007aca1ff5c2c0 0x00000004186872c0 0 0 1 0 0 1 3 13076 456
0x00007aca1ff5c340 0x0000000418687340 0 1 1 0 0 1 3 13076 448
0x00007aca1ff5c3c0 0x00000004186873c0 0 1 1 0 0 1 3 13076 456
0x00007aca1ff5c440 0x0000000418687440 0 0 0 0 0 1 3 13076 464
0x00007aca1ff5c4c0 0x00000004186874c0 0 0 0 0 0 1 3 13076 472
0x00007aca1ff5c540 0x0000000418687540 0 1 0 0 0 1 3 13076 464
0x00007aca1ff5c5c0 0x00000004186875c0 0 1 0 0 0 1 3 13076 472
0x00007aca1ff5c640 0x0000000418687640 0 0 1 0 0 1 3 13076 464
0x00007aca1ff5c6c0 0x00000004186876c0 0 0 1 0 0 1 3 13076 472
0x00007aca1ff5c740 0x0000000418687740 0 1 1 0 0 1 3 13076 464
0x00007aca1ff5c7c0 0x00000004186877c0 0 1 1 0 0 1 3 13076 472
0x00007aca1ff5c840 0x0000000418687840 0 0 0 0 0 1 3 13076 480
0x00007aca1ff5c8c0 0x00000004186878c0 0 0 0 0 0 1 3 13076 488
0x00007aca1ff5c940 0x0000000418687940 0 1 0 0 0 1 3 13076 480
0x00007aca1ff5c9c0 0x00000004186879c0 0 1 0 0 0 1 3 13076 488
0x00007aca1ff5ca40 0x0000000418687a40 0 0 1 0 0 1 3 13076 480
0x00007aca1ff5cac0 0x0000000418687ac0 0 0 1 0 0 1 3 13076 488
0x00007aca1ff5cb40 0x0000000418687b40 0 1 1 0 0 1 3 13076 480
0x00007aca1ff5cbc0 0x0000000418687bc0 0 1 1 0 0 1 3 13076 488
0x00007aca1ff5cc40 0x0000000418687c40 0 0 0 0 0 1 3 13076 496
0x00007aca1ff5ccc0 0x0000000418687cc0 0 0 0 0 0 1 3 13076 504
0x00007aca1ff5cd40 0x0000000418687d40 0 1 0 0 0 1 3 13076 496
0x00007aca1ff5cdc0 0x0000000418687dc0 0 1 0 0 0 1 3 13076 504
0x00007aca1ff5ce40 0x0000000418687e40 0 0 1 0 0 1 3 13076 496
0x00007aca1ff5cec0 0x0000000418687ec0 0 0 1 0 0 1 3 13076 504
0x00007aca1ff5cf40 0x0000000418687f40 0 1 1 0 0 1 3 13076 496
0x00007aca1ff5cfc0 0x0000000418687fc0 0 1 1 0 0 1 3 13076 504
0x00007aca1ff67040 0x0000000ee9ed5040 0 0 0 0 0 1 3 60718 832
0x00007aca1ff670c0 0x0000000ee9ed50c0 0 0 0 0 0 1 3 60718 840
0x00007aca1ff67140 0x0000000ee9ed5140 0 1 0 0 0 1 3 60718 832
0x00007aca1ff671c0 0x0000000ee9ed51c0 0 1 0 0 0 1 3 60718 840
0x00007aca1ff67240 0x0000000ee9ed5240 0 0 1 0 0 1 3 60718 832
0x00007aca1ff672c0 0x0000000ee9ed52c0 0 0 1 0 0 1 3 60718 840
0x00007aca1ff67340 0x0000000ee9ed5340 0 1 1 0 0 1 3 60718 832
0x00007aca1ff673c0 0x0000000ee9ed53c0 0 1 1 0 0 1 3 60718 840
0x00007aca1ff67440 0x0000000ee9ed5440 0 0 0 0 0 1 3 60718 848
0x00007aca1ff674c0 0x0000000ee9ed54c0 0 0 0 0 0 1 3 60718 856
0x00007aca1ff67540 0x0000000ee9ed5540 0 1 0 0 0 1 3 60718 848
0x00007aca1ff675c0 0x0000000ee9ed55c0 0 1 0 0 0 1 3 60718 856
0x00007aca1ff67640 0x0000000ee9ed5640 0 0 1 0 0 1 3 60718 848
0x00007aca1ff676c0 0x0000000ee9ed56c0 0 0 1 0 0 1 3 60718 856
0x00007aca1ff67740 0x0000000ee9ed5740 0 1 1 0 0 1 3 60718 848
0x00007aca1ff677c0 0x0000000ee9ed57c0 0 1 1 0 0 1 3 60718 856
0x00007aca1ff67840 0x0000000ee9ed5840 0 0 0 0 0 1 3 60718 864
0x00007aca1ff678c0 0x0000000ee9ed58c0 0 0 0 0 0 1 3 60718 872
0x00007aca1ff67940 0x0000000ee9ed5940 0 1 0 0 0 1 3 60718 864
0x00007aca1ff679c0 0x0000000ee9ed59c0 0 1 0 0 0 1 3 60718 872
0x00007aca1ff67a40 0x0000000ee9ed5a40 0 0 1 0 0 1 3 60718 864
0x00007aca1ff67ac0 0x0000000ee9ed5ac0 0 0 1 0 0 1 3 60718 872
0x00007aca1ff67b40 0x0000000ee9ed5b40 0 1 1 0 0 1 3 60718 864
0x00007aca1ff67bc0 0x0000000ee9ed5bc0 0 1 1 0 0 1 3 60718 872
0x00007aca1ff67c40 0x0000000ee9ed5c40 0 0 0 0 0 1 3 60718 880
0x00007aca1ff67cc0 0x0000000ee9ed5cc0 0 0 0 0 0 1 3 60718 888
0x00007aca1ff67d40 0x0000000ee9ed5d40 0 1 0 0 0 1 3 60718 880
0x00007aca1ff67dc0 0x0000000ee9ed5dc0 0 1 0 0 0 1 3 60718 888
0x00007aca1ff67e40 0x0000000ee9ed5e40 0 0 1 0 0 1 3 60718 880
0x00007aca1ff67ec0 0x0000000ee9ed5ec0 0 0 1 0 0 1 3 60718 888
0x00007aca1ff67f40 0x0000000ee9ed5f40 0 1 1 0 0 1 3 60718 880
0x00007aca1ff67fc0 0x0000000ee9ed5fc0 0 1 1 0 0 1 3 60718 888
0x00007aca1ff7c040 0x0000000a91e2d040 0 0 0 0 1 1 3 41513 320
0x00007aca1ff7c0c0 0x0000000a91e2d0c0 0 0 0 0 1 1 3 41513 328
0x00007aca1ff7c140 0x0000000a91e2d140 0 1 0 0 1 1 3 41513 320
0x00007aca1ff7c1c0 0x0000000a91e2d1c0 0 1 0 0 1 1 3 41513 328
0x00007aca1ff7c240 0x0000000a91e2d240 0 0 1 0 1 1 3 41513 320
0x00007aca1ff7c2c0 0x0000000a91e2d2c0 0 0 1 0 1 1 3 41513 328
0x00007aca1ff7c340 0x0000000a91e2d340 0 1 1 0 1 1 3 41513 320
0x00007aca1ff7c3c0 0x0000000a91e2d3c0 0 1 1 0 1 1 3 41513 328
0x00007aca1ff7c440 0x0000000a91e2d440 0 0 0 0 1 1 3 41513 336
0x00007aca1ff7c4c0 0x0000000a91e2d4c0 0 0 0 0 1 1 3 41513 344
0x00007aca1ff7c540 0x0000000a91e2d540 0 1 0 0 1 1 3 41513 336
0x00007aca1ff7c5c0 0x0000000a91e2d5c0 0 1 0 0 1 1 3 41513 344
0x00007aca1ff7c640 0x0000000a91e2d640 0 0 1 0 1 1 3 41513 336
0x00007aca1ff7c6c0 0x0000000a91e2d6c0 0 0 1 0 1 1 3 41513 344
0x00007aca1ff7c740 0x0000000a91e2d740 0 1 1 0 1 1 3 41513 336
0x00007aca1ff7c7c0 0x0000000a91e2d7c0 0 1 1 0 1 1 3 41513 344
0x00007aca1ff7c840 0x0000000a91e2d840 0 0 0 0 1 1 3 41513 352
0x00007aca1ff7c8c0 0x0000000a91e2d8c0 0 0 0 0 1 1 3 41513 360
0x00007aca1ff7c940 0x0000000a91e2d940 0 1 0 0 1 1 3 41513 352
0x00007aca1ff7c9c0 0x0000000a91e2d9c0 0 1 0 0 1 1 3 41513 360
0x00007aca1ff7ca40 0x0000000a91e2da40 0 0 1 0 1 1 3 41513 352
0x00007aca1ff7cac0 0x0000000a91e2dac0 0 0 1 0 1 1 3 41513 360
0x00007aca1ff7cb40 0x0000000a91e2db40 0 1 1 0 1 1 3 41513 352
0x00007aca1ff7cbc0 0x0000000a91e2dbc0 0 1 1 0 1 1 3 41513 360
0x00007aca1ff7cc40 0x0000000a91e2dc40 0 0 0 0 1 1 3 41513 368
0x00007aca1ff7ccc0 0x0000000a91e2dcc0 0 0 0 0 1 1 3 41513 376
0x00007aca1ff7cd40 0x0000000a91e2dd40 0 1 0 0 1 1 3 41513 368
0x00007aca1ff7cdc0 0x0000000a91e2ddc0 0 1 0 0 1 1 3 41513 376
0x00007aca1ff7ce40 0x0000000a91e2de40 0 0 1 0 1 1 3 41513 368
0x00007aca1ff7cec0 0x0000000a91e2dec0 0 0 1 0 1 1 3 41513 376
0x00007aca1ff7cf40 0x0000000a91e2df40 0 1 1 0 1 1 3 41513 368
0x00007aca1ff7cfc0 0x0000000a91e2dfc0 0 1 1 0 1 1 3 41513 376
0x00007aca1ff7d040 0x0000000dbde65040 0 0 0 0 0 1 3 55211 320
0x00007aca1ff7d0c0 0x0000000dbde650c0 0 0 0 0 0 1 3 55211 328
0x00007aca1ff7d140 0x0000000dbde65140 0 1 0 0 0 1 3 55211 320
0x00007aca1ff7d1c0 0x0000000dbde651c0 0 1 0 0 0 1 3 55211 328
0x00007aca1ff7d240 0x0000000dbde65240 0 0 1 0 0 1 3 55211 320
0x00007aca1ff7d2c0 0x0000000dbde652c0 0 0 1 0 0 1 3 55211 328
0x00007aca1ff7d340 0x0000000dbde65340 0 1 1 0 0 1 3 55211 320
0x00007aca1ff7d3c0 0x0000000dbde653c0 0 1 1 0 0 1 3 55211 328
0x00007aca1ff7d440 0x0000000dbde65440 0 0 0 0 0 1 3 55211 336
0x00007aca1ff7d4c0 0x0000000dbde654c0 0 0 0 0 0 1 3 55211 344
0x00007aca1ff7d540 0x0000000dbde65540 0 1 0 0 0 1 3 55211 336
0x00007aca1ff7d5c0 0x0000000dbde655c0 0 1 0 0 0 1 3 55211 344
0x00007aca1ff7d640 0x0000000dbde65640 0 0 1 0 0 1 3 55211 336
0x00007aca1ff7d6c0 0x0000000dbde656c0 0 0 1 0 0 1 3 55211 344
0x00007aca1ff7d740 0x0000000dbde65740 0 1 1 0 0 1 3 55211 336
0x00007aca1ff7d7c0 0x0000000dbde657c0 0 1 1 0 0 1 3 55211 344
0x00007aca1ff7d840 0x0000000dbde65840 0 0 0 0 0 1 3 55211 352
0x00007aca1ff7d8c0 0x0000000dbde658c0 0 0 0 0 0 1 3 55211 360
0x00007aca1ff7d940 0x0000000dbde65940 0 1 0 0 0 1 3 55211 352
0x00007aca1ff7d9c0 0x0000000dbde659c0 0 1 0 0 0 1 3 55211 360
0x00007aca1ff7da40 0x0000000dbde65a40 0 0 1 0 0 1 3 55211 352
0x00007aca1ff7dac0 0x0000000dbde65ac0 0 0 1 0 0 1 3 55211 360
0x00007aca1ff7db40 0x0000000dbde65b40 0 1 1 0 0 1 3 55211 352
0x00007aca1ff7dbc0 0x0000000dbde65bc0 0 1 1 0 0 1 3 55211 360
0x00007aca1ff7dc40 0x0000000dbde65c40 0 0 0 0 0 1 3 55211 368
0x00007aca1ff7dcc0 0x0000000dbde65cc0 0 0 0 0 0 1 3 55211 376
0x00007aca1ff7dd40 0x0000000dbde65d40 0 1 0 0 0 1 3 55211 368
0x00007aca1ff7ddc0 0x0000000dbde65dc0 0 1 0 0 0 1 3 55211 376
0x00007aca1ff7de40 0x0000000dbde65e40 0 0 1 0 0 1 3 55211 368
0x00007aca1ff7dec0 0x0000000dbde65ec0 0 0 1 0 0 1 3 55211 376
0x00007aca1ff7df40 0x0000000dbde65f40 0 1 1 0 0 1 3 55211 368
0x00007aca1ff7dfc0 0x0000000dbde65fc0 0 1 1 0 0 1 3 55211 376
0x00007aca1ff89040 0x0000000227e17040 0 0 0 0 0 1 3 5368 960
0x00007aca1ff890c0 0x0000000227e170c0 0 0 0 0 0 1 3 5368 968
0x00007aca1ff89140 0x0000000227e17140 0 1 0 0 0 1 3 5368 960
0x00007aca1ff891c0 0x0000000227e171c0 0 1 0 0 0 1 3 5368 968
0x00007aca1ff89240 0x0000000227e17240 0 0 1 0 0 1 3 5368 960
0x00007aca1ff892c0 0x0000000227e172c0 0 0 1 0 0 1 3 5368 968
0x00007aca1ff89340 0x0000000227e17340 0 1 1 0 0 1 3 5368 960
0x00007aca1ff893c0 0x0000000227e173c0 0 1 1 0 0 1 3 5368 968
0x00007aca1ff89440 0x0000000227e17440 0 0 0 0 0 1 3 5368 976
0x00007aca1ff894c0 0x0000000227e174c0 0 0 0 0 0 1 3 5368 984
0x00007aca1ff89540 0x0000000227e17540 0 1 0 0 0 1 3 5368 976
0x00007aca1ff895c0 0x0000000227e175c0 0 1 0 0 0 1 3 5368 984
0x00007aca1ff89640 0x0000000227e17640 0 0 1 0 0 1 3 5368 976
0x00007aca1ff896c0 0x0000000227e176c0 0 0 1 0 0 1 3 5368 984
0x00007aca1ff89740 0x0000000227e17740 0 1 1 0 0 1 3 5368 976
0x00007aca1ff897c0 0x0000000227e177c0 0 1 1 0 0 1 3 5368 984
0x00007aca1ff89840 0x0000000227e17840 0 0 0 0 0 1 3 5368 992
0x00007aca1ff898c0 0x0000000227e178c0 0 0 0 0 0 1 3 5368 1000
0x00007aca1ff89940 0x0000000227e17940 0 1 0 0 0 1 3 5368 992
0x00007aca1ff899c0 0x0000000227e179c0 0 1 0 0 0 1 3 5368 1000
0x00007aca1ff89a40 0x0000000227e17a40 0 0 1 0 0 1 3 5368 992
0x00007aca1ff89ac0 0x0000000227e17ac0 0 0 1 0 0 1 3 5368 1000
0x00007aca1ff89b40 0x0000000227e17b40 0 1 1 0 0 1 3 5368 992
0x00007aca1ff89bc0 0x0000000227e17bc0 0 1 1 0 0 1 3 5368 1000
0x00007aca1ff89c40 0x0000000227e17c40 0 0 0 0 0 1 3 5368 1008
0x00007aca1ff89cc0 0x0000000227e17cc0 0 0 0 0 0 1 3 5368 1016
0x00007aca1ff89d40 0x0000000227e17d40 0 1 0 0 0 1 3 5368 1008
0x00007aca1ff89dc0 0x0000000227e17dc0 0 1 0 0 0 1 3 5368 1016
0x00007aca1ff89e40 0x0000000227e17e40 0 0 1 0 0 1 3 5368 1008
0x00007aca1ff89ec0 0x0000000227e17ec0 0 0 1 0 0 1 3 5368 1016
0x00007aca1ff89f40 0x0000000227e17f40 0 1 1 0 0 1 3 5368 1008
0x00007aca1ff89fc0 0x0000000227e17fc0 0 1 1 0 0 1 3 5368 1016
0x00007aca1ff92040 0x0000000522e65040 0 0 0 0 0 1 3 17499 320
0x00007aca1ff920c0 0x0000000522e650c0 0 0 0 0 0 1 3 17499 328
0x00007aca1ff92140 0x0000000522e65140 0 1 0 0 0 1 3 17499 320
0x00007aca1ff921c0 0x0000000522e651c0 0 1 0 0 0 1 3 17499 328
0x00007aca1ff92240 0x0000000522e65240 0 0 1 0 0 1 3 17499 320
0x00007aca1ff922c0 0x0000000522e652c0 0 0 1 0 0 1 3 17499 328
0x00007aca1ff92340 0x0000000522e65340 0 1 1 0 0 1 3 17499 320
0x00007aca1ff923c0 0x0000000522e653c0 0 1 1 0 0 1 3 17499 328
0x00007aca1ff92440 0x0000000522e65440 0 0 0 0 0 1 3 17499 336
0x00007aca1ff924c0 0x0000000522e654c0 0 0 0 0 0 1 3 17499 344
0x00007aca1ff92540 0x0000000522e65540 0 1 0 0 0 1 3 17499 336
0x00007aca1ff925c0 0x0000000522e655c0 0 1 0 0 0 1 3 17499 344
0x00007aca1ff92640 0x0000000522e65640 0 0 1 0 0 1 3 17499 336
0x00007aca1ff926c0 0x0000000522e656c0 0 0 1 0 0 1 3 17499 344
0x00007aca1ff92740 0x0000000522e65740 0 1 1 0 0 1 3 17499 336
0x00007aca1ff927c0 0x0000000522e657c0 0 1 1 0 0 1 3 17499 344
0x00007aca1ff92840 0x0000000522e65840 0 0 0 0 0 1 3 17499 352
0x00007aca1ff928c0 0x0000000522e658c0 0 0 0 0 0 1 3 17499 360
0x00007aca1ff92940 0x0000000522e65940 0 1 0 0 0 1 3 17499 352
0x00007aca1ff929c0 0x0000000522e659c0 0 1 0 0 0 1 3 17499 360
0x00007aca1ff92a40 0x0000000522e65a40 0 0 1 0 0 1 3 17499 352
0x00007aca1ff92ac0 0x0000000522e65ac0 0 0 1 0 0 1 3 17499 360
0x00007aca1ff92b40 0x0000000522e65b40 0 1 1 0 0 1 3 17499 352
0x00007aca1ff92bc0 0x0000000522e65bc0 0 1 1 0 0 1 3 17499 360
0x00007aca1ff92c40 0x0000000522e65c40 0 0 0 0 0 1 3 17499 368
0x00007aca1ff92cc0 0x0000000522e65cc0 0 0 0 0 0 1 3 17499 376
0x00007aca1ff92d40 0x0000000522e65d40 0 1 0 0 0 1 3 17499 368
0x00007aca1ff92dc0 0x0000000522e65dc0 0 1 0 0 0 1 3 17499 376
0x00007aca1ff92e40 0x0000000522e65e40 0 0 1 0 0 1 3 17499 368
0x00007aca1ff92ec0 0x0000000522e65ec0 0 0 1 0 0 1 3 17499 376
0x00007aca1ff92f40 0x0000000522e65f40 0 1 1 0 0 1 3 17499 368
0x00007aca1ff92fc0 0x0000000522e65fc0 0 1 1 0 0 1 3 17499 376
0x00007aca1ff9d040 0x0000000cbbe59040 0 0 0 0 1 1 3 51050 576
0x00007aca1ff9d0c0 0x0000000cbbe590c0 0 0 0 0 1 1 3 51050 584
0x00007aca1ff9d140 0x0000000cbbe59140 0 1 0 0 1 1 3 51050 576
0x00007aca1ff9d1c0 0x0000000cbbe591c0 0 1 0 0 1 1 3 51050 584
0x00007aca1ff9d240 0x0000000cbbe59240 0 0 1 0 1 1 3 51050 576
0x00007aca1ff9d2c0 0x0000000cbbe592c0 0 0 1 0 1 1 3 51050 584
0x00007aca1ff9d340 0x0000000cbbe59340 0 1 1 0 1 1 3 51050 576
0x00007aca1ff9d3c0 0x0000000cbbe593c0 0 1 1 0 1 1 3 51050 584
0x00007aca1ff9d440 0x0000000cbbe59440 0 0 0 0 1 1 3 51050 592
0x00007aca1ff9d4c0 0x0000000cbbe594c0 0 0 0 0 1 1 3 51050 600
0x00007aca1ff9d540 0x0000000cbbe59540 0 1 0 0 1 1 3 51050 592
0x00007aca1ff9d5c0 0x0000000cbbe595c0 0 1 0 0 1 1 3 51050 600
0x00007aca1ff9d640 0x0000000cbbe59640 0 0 1 0 1 1 3 51050 592
0x00007aca1ff9d6c0 0x0000000cbbe596c0 0 0 1 0 1 1 3 51050 600
0x00007aca1ff9d740 0x0000000cbbe59740 0 1 1 0 1 1 3 51050 592
0x00007aca1ff9d7c0 0x0000000cbbe597c0 0 1 1 0 1 1 3 51050 600
0x00007aca1ff9d840 0x0000000cbbe59840 0 0 0 0 1 1 3 51050 608
0x00007aca1ff9d8c0 0x0000000cbbe598c0 0 0 0 0 1 1 3 51050 616
0x00007aca1ff9d940 0x0000000cbbe59940 0 1 0 0 1 1 3 51050 608
0x00007aca1ff9d9c0 0x0000000cbbe599c0 0 1 0 0 1 1 3 51050 616
0x00007aca1ff9da40 0x0000000cbbe59a40 0 0 1 0 1 1 3 51050 608
0x00007aca1ff9dac0 0x0000000cbbe59ac0 0 0 1 0 1 1 3 51050 616
0x00007aca1ff9db40 0x0000000cbbe59b40 0 1 1 0 1 1 3 51050 608
0x00007aca1ff9dbc0 0x0000000cbbe59bc0 0 1 1 0 1 1 3 51050 616
0x00007aca1ff9dc40 0x0000000cbbe59c40 0 0 0 0 1 1 3 51050 624
0x00007aca1ff9dcc0 0x0000000cbbe59cc0 0 0 0 0 1 1 3 51050 632
0x00007aca1ff9dd40 0x0000000cbbe59d40 0 1 0 0 1 1 3 51050 624
0x00007aca1ff9ddc0 0x0000000cbbe59dc0 0 1 0 0 1 1 3 51050 632
0x00007aca1ff9de40 0x0000000cbbe59e40 0 0 1 0 1 1 3 51050 624
0x00007aca1ff9dec0 0x0000000cbbe59ec0 0 0 1 0 1 1 3 51050 632
0x00007aca1ff9df40 0x0000000cbbe59f40 0 1 1 0 1 1 3 51050 624
0x00007aca1ff9dfc0 0x0000000cbbe59fc0 0 1 1 0 1 1 3 51050 632
0x00007aca1ffa7040 0x0000000547e87040 0 0 0 0 0 1 3 18684 448
0x00007aca1ffa70c0 0x0000000547e870c0 0 0 0 0 0 1 3 18684 456
0x00007aca1ffa7140 0x0000000547e87140 0 1 0 0 0 1 3 18684 448
0x00007aca1ffa71c0 0x0000000547e871c0 0 1 0 0 0 1 3 18684 456
0x00007aca1ffa7240 0x0000000547e87240 0 0 1 0 0 1 3 18684 448
0x00007aca1ffa72c0 0x0000000547e872c0 0 0 1 0 0 1 3 18684 456
0x00007aca1ffa7340 0x0000000547e87340 0 1 1 0 0 1 3 18684 448
0x00007aca1ffa73c0 0x0000000547e873c0 0 1 1 0 0 1 3 18684 456
0x00007aca1ffa7440 0x0000000547e87440 0 0 0 0 0 1 3 18684 464
0x00007aca1ffa74c0 0x0000000547e874c0 0 0 0 0 0 1 3 18684 472
0x00007aca1ffa7540 0x0000000547e87540 0 1 0 0 0 1 3 18684 464
0x00007aca1ffa75c0 0x0000000547e875c0 0 1 0 0 0 1 3 18684 472
0x00007aca1ffa7640 0x0000000547e87640 0 0 1 0 0 1 3 18684 464
0x00007aca1ffa76c0 0x0000000547e876c0 0 0 1 0 0 1 3 18684 472
0x00007aca1ffa7740 0x0000000547e87740 0 1 1 0 0 1 3 18684 464
0x00007aca1ffa77c0 0x0000000547e877c0 0 1 1 0 0 1 3 18684 472
0x00007aca1ffa7840 0x0000000547e87840 0 0 0 0 0 1 3 18684 480
0x00007aca1ffa78c0 0x0000000547e878c0 0 0 0 0 0 1 3 18684 488
0x00007aca1ffa7940 0x0000000547e87940 0 1 0 0 0 1 3 18684 480
0x00007aca1ffa79c0 0x0000000547e879c0 0 1 0 0 0 1 3 18684 488
0x00007aca1ffa7a40 0x0000000547e87a40 0 0 1 0 0 1 3 18684 480
0x00007aca1ffa7ac0 0x0000000547e87ac0 0 0 1 0 0 1 3 18684 488
0x00007aca1ffa7b40 0x0000000547e87b40 0 1 1 0 0 1 3 18684 480
0x00007aca1ffa7bc0 0x0000000547e87bc0 0 1 1 0 0 1 3 18684 488
0x00007aca1ffa7c40 0x0000000547e87c40 0 0 0 0 0 1 3 18684 496
0x00007aca1ffa7cc0 0x0000000547e87cc0 0 0 0 0 0 1 3 18684 504
0x00007aca1ffa7d40 0x0000000547e87d40 0 1 0 0 0 1 3 18684 496
0x00007aca1ffa7dc0 0x0000000547e87dc0 0 1 0 0 0 1 3 18684 504
0x00007aca1ffa7e40 0x0000000547e87e40 0 0 1 0 0 1 3 18684 496
0x00007aca1ffa7ec0 0x0000000547e87ec0 0 0 1 0 0 1 3 18684 504
0x00007aca1ffa7f40 0x0000000547e87f40 0 1 1 0 0 1 3 18684 496
0x00007aca1ffa7fc0 0x0000000547e87fc0 0 1 1 0 0 1 3 18684 504
0x00007aca1ffa8040 0x00000003a461e040 0 0 0 0 1 1 3 13440 896
0x00007aca1ffa80c0 0x00000003a461e0c0 0 0 0 0 1 1 3 13440 904
0x00007aca1ffa8140 0x00000003a461e140 0 1 0 0 1 1 3 13440 896
0x00007aca1ffa81c0 0x00000003a461e1c0 0 1 0 0 1 1 3 13440 904
0x00007aca1ffa8240 0x00000003a461e240 0 0 1 0 1 1 3 13440 896
0x00007aca1ffa82c0 0x00000003a461e2c0 0 0 1 0 1 1 3 13440 904
0x00007aca1ffa8340 0x00000003a461e340 0 1 1 0 1 1 3 13440 896
0x00007aca1ffa83c0 0x00000003a461e3c0 0 1 1 0 1 1 3 13440 904
0x00007aca1ffa8440 0x00000003a461e440 0 0 0 0 1 1 3 13440 912
0x00007aca1ffa84c0 0x00000003a461e4c0 0 0 0 0 1 1 3 13440 920
0x00007aca1ffa8540 0x00000003a461e540 0 1 0 0 1 1 3 13440 912
0x00007aca1ffa85c0 0x00000003a461e5c0 0 1 0 0 1 1 3 13440 920
0x00007aca1ffa8640 0x00000003a461e640 0 0 1 0 1 1 3 13440 912
0x00007aca1ffa86c0 0x00000003a461e6c0 0 0 1 0 1 1 3 13440 920
0x00007aca1ffa8740 0x00000003a461e740 0 1 1 0 1 1 3 13440 912
0x00007aca1ffa87c0 0x00000003a461e7c0 0 1 1 0 1 1 3 13440 920
0x00007aca1ffa8840 0x00000003a461e840 0 0 0 0 1 1 3 13440 928
0x00007aca1ffa88c0 0x00000003a461e8c0 0 0 0 0 1 1 3 13440 936
0x00007aca1ffa8940 0x00000003a461e940 0 1 0 0 1 1 3 13440 928
0x00007aca1ffa89c0 0x00000003a461e9c0 0 1 0 0 1 1 3 13440 936
0x00007aca1ffa8a40 0x00000003a461ea40 0 0 1 0 1 1 3 13440 928
0x00007aca1ffa8ac0 0x00000003a461eac0 0 0 1 0 1 1 3 13440 936
0x00007aca1ffa8b40 0x00000003a461eb40 0 1 1 0 1 1 3 13440 928
0x00007aca1ffa8bc0 0x00000003a461ebc0 0 1 1 0 1 1 3 13440 936
0x00007aca1ffa8c40 0x00000003a461ec40 0 0 0 0 1 1 3 13440 944
0x00007aca1ffa8cc0 0x00000003a461ecc0 0 0 0 0 1 1 3 13440 952
0x00007aca1ffa8d40 0x00000003a461ed40 0 1 0 0 1 1 3 13440 944
0x00007aca1ffa8dc0 0x00000003a461edc0 0 1 0 0 1 1 3 13440 952
0x00007aca1ffa8e40 0x00000003a461ee40 0 0 1 0 1 1 3 13440 944
0x00007aca1ffa8ec0 0x00000003a461eec0 0 0 1 0 1 1 3 13440 952
0x00007aca1ffa8f40 0x00000003a461ef40 0 1 1 0 1 1 3 13440 944
0x00007aca1ffa8fc0 0x00000003a461efc0 0 1 1 0 1 1 3 13440 952
0x00007aca1ffbf040 0x0000000d0f6f3040 0 0 0 0 0 1 3 49655 704
0x00007aca1ffbf0c0 0x0000000d0f6f30c0 0 0 0 0 0 1 3 49655 712
0x00007aca1ffbf140 0x0000000d0f6f3140 0 1 0 0 0 1 3 49655 704
0x00007aca1ffbf1c0 0x0000000d0f6f31c0 0 1 0 0 0 1 3 49655 712
0x00007aca1ffbf240 0x0000000d0f6f3240 0 0 1 0 0 1 3 49655 704
0x00007aca1ffbf2c0 0x0000000d0f6f32c0 0 0 1 0 0 1 3 49655 712
0x00007aca1ffbf340 0x0000000d0f6f3340 0 1 1 0 0 1 3 49655 704
0x00007aca1ffbf3c0 0x0000000d0f6f33c0 0 1 1 0 0 1 3 49655 712
0x00007aca1ffbf440 0x0000000d0f6f3440 0 0 0 0 0 1 3 49655 720
0x00007aca1ffbf4c0 0x0000000d0f6f34c0 0 0 0 0 0 1 3 49655 728
0x00007aca1ffbf540 0x0000000d0f6f3540 0 1 0 0 0 1 3 49655 720
0x00007aca1ffbf5c0 0x0000000d0f6f35c0 0 1 0 0 0 1 3 49655 728
0x00007aca1ffbf640 0x0000000d0f6f3640 0 0 1 0 0 1 3 49655 720
0x00007aca1ffbf6c0 0x0000000d0f6f36c0 0 0 1 0 0 1 3 49655 728
0x00007aca1ffbf740 0x0000000d0f6f3740 0 1 1 0 0 1 3 49655 720
0x00007aca1ffbf7c0 0x0000000d0f6f37c0 0 1 1 0 0 1 3 49655 728
0x00007aca1ffbf840 0x0000000d0f6f3840 0 0 0 0 0 1 3 49655 736
0x00007aca1ffbf8c0 0x0000000d0f6f38c0 0 0 0 0 0 1 3 49655 744
0x00007aca1ffbf940 0x0000000d0f6f3940 0 1 0 0 0 1 3 49655 736
0x00007aca1ffbf9c0 0x0000000d0f6f39c0 0 1 0 0 0 1 3 49655 744
0x00007aca1ffbfa40 0x0000000d0f6f3a40 0 0 1 0 0 1 3 49655 736
0x00007aca1ffbfac0 0x0000000d0f6f3ac0 0 0 1 0 0 1 3 49655 744
0x00007aca1ffbfb40 0x0000000d0f6f3b40 0 1 1 0 0 1 3 49655 736
0x00007aca1ffbfbc0 0x0000000d0f6f3bc0 0 1 1 0 0 1 3 49655 744
0x00007aca1ffbfc40 0x0000000d0f6f3c40 0 0 0 0 0 1 3 49655 752
0x00007aca1ffbfcc0 0x0000000d0f6f3cc0 0 0 0 0 0 1 3 49655 760
0x00007aca1ffbfd40 0x0000000d0f6f3d40 0 1 0 0 0 1 3 49655 752
0x00007aca1ffbfdc0 0x0000000d0f6f3dc0 0 1 0 0 0 1 3 49655 760
0x00007aca1ffbfe40 0x0000000d0f6f3e40 0 0 1 0 0 1 3 49655 752
0x00007aca1ffbfec0 0x0000000d0f6f3ec0 0 0 1 0 0 1 3 49655 760
0x00007aca1ffbff40 0x0000000d0f6f3f40 0 1 1 0 0 1 3 49655 752
0x00007aca1ffbffc0 0x0000000d0f6f3fc0 0 1 1 0 0 1 3 49655 760
0x00007aca1ffc6040 0x00000008a260c040 0 0 0 0 1 1 3 33856 256
0x00007aca1ffc60c0 0x00000008a260c0c0 0 0 0 0 1 1 3 33856 264
0x00007aca1ffc6140 0x00000008a260c140 0 1 0 0 1 1 3 33856 256
0x00007aca1ffc61c0 0x00000008a260c1c0 0 1 0 0 1 1 3 33856 264
0x00007aca1ffc6240 0x00000008a260c240 0 0 1 0 1 1 3 33856 256
0x00007aca1ffc62c0 0x00000008a260c2c0 0 0 1 0 1 1 3 33856 264
0x00007aca1ffc6340 0x00000008a260c340 0 1 1 0 1 1 3 33856 256
0x00007aca1ffc63c0 0x00000008a260c3c0 0 1 1 0 1 1 3 33856 264
0x00007aca1ffc6440 0x00000008a260c440 0 0 0 0 1 1 3 33856 272
0x00007aca1ffc64c0 0x00000008a260c4c0 0 0 0 0 1 1 3 33856 280
0x00007aca1ffc6540 0x00000008a260c540 0 1 0 0 1 1 3 33856 272
0x00007aca1ffc65c0 0x00000008a260c5c0 0 1 0 0 1 1 3 33856 280
0x00007aca1ffc6640 0x00000008a260c640 0 0 1 0 1 1 3 33856 272
0x00007aca1ffc66c0 0x00000008a260c6c0 0 0 1 0 1 1 3 33856 280
0x00007aca1ffc6740 0x00000008a260c740 0 1 1 0 1 1 3 33856 272
0x00007aca1ffc67c0 0x00000008a260c7c0 0 1 1 0 1 1 3 33856 280
0x00007aca1ffc6840 0x00000008a260c840 0 0 0 0 1 1 3 33856 288
0x00007aca1ffc68c0 0x00000008a260c8c0 0 0 0 0 1 1 3 33856 296
0x00007aca1ffc6940 0x00000008a260c940 0 1 0 0 1 1 3 33856 288
0x00007aca1ffc69c0 0x00000008a260c9c0 0 1 0 0 1 1 3 33856 296
0x00007aca1ffc6a40 0x00000008a260ca40 0 0 1 0 1 1 3 33856 288
0x00007aca1ffc6ac0 0x00000008a260cac0 0 0 1 0 1 1 3 33856 296
0x00007aca1ffc6b40 0x00000008a260cb40 0 1 1 0 1 1 3 33856 288
0x00007aca1ffc6bc0 0x00000008a260cbc0 0 1 1 0 1 1 3 33856 296
0x00007aca1ffc6c40 0x00000008a260cc40 0 0 0 0 1 1 3 33856 304
0x00007aca1ffc6cc0 0x00000008a260ccc0 0 0 0 0 1 1 3 33856 312
0x00007aca1ffc6d40 0x00000008a260cd40 0 1 0 0 1 1 3 33856 304
0x00007aca1ffc6dc0 0x00000008a260cdc0 0 1 0 0 1 1 3 33856 312
0x00007aca1ffc6e40 0x00000008a260ce40 0 0 1 0 1 1 3 33856 304
0x00007aca1ffc6ec0 0x00000008a260cec0 0 0 1 0 1 1 3 33856 312
0x00007aca1ffc6f40 0x00000008a260cf40 0 1 1 0 1 1 3 33856 304
0x00007aca1ffc6fc0 0x00000008a260cfc0 0 1 1 0 1 1 3 33856 312
0x00007aca1ffca040 0x0000000dc3e24040 0 0 0 0 0 1 3 55401 256
0x00007aca1ffca0c0 0x0000000dc3e240c0 0 0 0 0 0 1 3 55401 264
0x00007aca1ffca140 0x0000000dc3e24140 0 1 0 0 0 1 3 55401 256
0x00007aca1ffca1c0 0x0000000dc3e241c0 0 1 0 0 0 1 3 55401 264
0x00007aca1ffca240 0x0000000dc3e24240 0 0 1 0 0 1 3 55401 256
0x00007aca1ffca2c0 0x0000000dc3e242c0 0 0 1 0 0 1 3 55401 264
0x00007aca1ffca340 0x0000000dc3e24340 0 1 1 0 0 1 3 55401 256
0x00007aca1ffca3c0 0x0000000dc3e243c0 0 1 1 0 0 1 3 55401 264
0x00007aca1ffca440 0x0000000dc3e24440 0 0 0 0 0 1 3 55401 272
0x00007aca1ffca4c0 0x0000000dc3e244c0 0 0 0 0 0 1 3 55401 280
0x00007aca1ffca540 0x0000000dc3e24540 0 1 0 0 0 1 3 55401 272
0x00007aca1ffca5c0 0x0000000dc3e245c0 0 1 0 0 0 1 3 55401 280
0x00007aca1ffca640 0x0000000dc3e24640 0 0 1 0 0 1 3 55401 272
0x00007aca1ffca6c0 0x0000000dc3e246c0 0 0 1 0 0 1 3 55401 280
0x00007aca1ffca740 0x0000000dc3e24740 0 1 1 0 0 1 3 55401 272
0x00007aca1ffca7c0 0x0000000dc3e247c0 0 1 1 0 0 1 3 55401 280
0x00007aca1ffca840 0x0000000dc3e24840 0 0 0 0 0 1 3 55401 288
0x00007aca1ffca8c0 0x0000000dc3e248c0 0 0 0 0 0 1 3 55401 296
0x00007aca1ffca940 0x0000000dc3e24940 0 1 0 0 0 1 3 55401 288
0x00007aca1ffca9c0 0x0000000dc3e249c0 0 1 0 0 0 1 3 55401 296
0x00007aca1ffcaa40 0x0000000dc3e24a40 0 0 1 0 0 1 3 55401 288
0x00007aca1ffcaac0 0x0000000dc3e24ac0 0 0 1 0 0 1 3 55401 296
0x00007aca1ffcab40 0x0000000dc3e24b40 0 1 1 0 0 1 3 55401 288
0x00007aca1ffcabc0 0x0000000dc3e24bc0 0 1 1 0 0 1 3 55401 296
0x00007aca1ffcac40 0x0000000dc3e24c40 0 0 0 0 0 1 3 55401 304
0x00007aca1ffcacc0 0x0000000dc3e24cc0 0 0 0 0 0 1 3 55401 312
0x00007aca1ffcad40 0x0000000dc3e24d40 0 1 0 0 0 1 3 55401 304
0x00007aca1ffcadc0 0x0000000dc3e24dc0 0 1 0 0 0 1 3 55401 312
0x00007aca1ffcae40 0x0000000dc3e24e40 0 0 1 0 0 1 3 55401 304
0x00007aca1ffcaec0 0x0000000dc3e24ec0 0 0 1 0 0 1 3 55401 312
0x00007aca1ffcaf40 0x0000000dc3e24f40 0 1 1 0 0 1 3 55401 304
0x00007aca1ffcafc0 0x0000000dc3e24fc0 0 1 1 0 0 1 3 55401 312
0x00007aca1ffcb040 0x00000003a461c040 0 0 0 0 1 1 3 13440 768
0x00007aca1ffcb0c0 0x00000003a461c0c0 0 0 0 0 1 1 3 13440 776
0x00007aca1ffcb140 0x00000003a461c140 0 1 0 0 1 1 3 13440 768
0x00007aca1ffcb1c0 0x00000003a461c1c0 0 1 0 0 1 1 3 13440 776
0x00007aca1ffcb240 0x00000003a461c240 0 0 1 0 1 1 3 13440 768
0x00007aca1ffcb2c0 0x00000003a461c2c0 0 0 1 0 1 1 3 13440 776
0x00007aca1ffcb340 0x00000003a461c340 0 1 1 0 1 1 3 13440 768
0x00007aca1ffcb3c0 0x00000003a461c3c0 0 1 1 0 1 1 3 13440 776
0x00007aca1ffcb440 0x00000003a461c440 0 0 0 0 1 1 3 13440 784
0x00007aca1ffcb4c0 0x00000003a461c4c0 0 0 0 0 1 1 3 13440 792
0x00007aca1ffcb540 0x00000003a461c540 0 1 0 0 1 1 3 13440 784
0x00007aca1ffcb5c0 0x00000003a461c5c0 0 1 0 0 1 1 3 13440 792
0x00007aca1ffcb640 0x00000003a461c640 0 0 1 0 1 1 3 13440 784
0x00007aca1ffcb6c0 0x00000003a461c6c0 0 0 1 0 1 1 3 13440 792
0x00007aca1ffcb740 0x00000003a461c740 0 1 1 0 1 1 3 13440 784
0x00007aca1ffcb7c0 0x00000003a461c7c0 0 1 1 0 1 1 3 13440 792
0x00007aca1ffcb840 0x00000003a461c840 0 0 0 0 1 1 3 13440 800
0x00007aca1ffcb8c0 0x00000003a461c8c0 0 0 0 0 1 1 3 13440 808
0x00007aca1ffcb940 0x00000003a461c940 0 1 0 0 1 1 3 13440 800
0x00007aca1ffcb9c0 0x00000003a461c9c0 0 1 0 0 1 1 3 13440 808
0x00007aca1ffcba40 0x00000003a461ca40 0 0 1 0 1 1 3 13440 800
0x00007aca1ffcbac0 0x00000003a461cac0 0 0 1 0 1 1 3 13440 808
0x00007aca1ffcbb40 0x00000003a461cb40 0 1 1 0 1 1 3 13440 800
0x00007aca1ffcbbc0 0x00000003a461cbc0 0 1 1 0 1 1 3 13440 808
0x00007aca1ffcbc40 0x00000003a461cc40 0 0 0 0 1 1 3 13440 816
0x00007aca1ffcbcc0 0x00000003a461ccc0 0 0 0 0 1 1 3 13440 824
0x00007aca1ffcbd40 0x00000003a461cd40 0 1 0 0 1 1 3 13440 816
0x00007aca1ffcbdc0 0x00000003a461cdc0 0 1 0 0 1 1 3 13440 824
0x00007aca1ffcbe40 0x00000003a461ce40 0 0 1 0 1 1 3 13440 816
0x00007aca1ffcbec0 0x00000003a461cec0 0 0 1 0 1 1 3 13440 824
0x00007aca1ffcbf40 0x00000003a461cf40 0 1 1 0 1 1 3 13440 816
0x00007aca1ffcbfc0 0x00000003a461cfc0 0 1 1 0 1 1 3 13440 824
0x00007aca1ffcd040 0x0000000197e02040 0 0 0 0 0 1 3 4840 128
0x00007aca1ffcd0c0 0x0000000197e020c0 0 0 0 0 0 1 3 4840 136
0x00007aca1ffcd140 0x0000000197e02140 0 1 0 0 0 1 3 4840 128
0x00007aca1ffcd1c0 0x0000000197e021c0 0 1 0 0 0 1 3 4840 136
0x00007aca1ffcd240 0x0000000197e02240 0 0 1 0 0 1 3 4840 128
0x00007aca1ffcd2c0 0x0000000197e022c0 0 0 1 0 0 1 3 4840 136
0x00007aca1ffcd340 0x0000000197e02340 0 1 1 0 0 1 3 4840 128
0x00007aca1ffcd3c0 0x0000000197e023c0 0 1 1 0 0 1 3 4840 136
0x00007aca1ffcd440 0x0000000197e02440 0 0 0 0 0 1 3 4840 144
0x00007aca1ffcd4c0 0x0000000197e024c0 0 0 0 0 0 1 3 4840 152
0x00007aca1ffcd540 0x0000000197e02540 0 1 0 0 0 1 3 4840 144
0x00007aca1ffcd5c0 0x0000000197e025c0 0 1 0 0 0 1 3 4840 152
0x00007aca1ffcd640 0x0000000197e02640 0 0 1 0 0 1 3 4840 144
0x00007aca1ffcd6c0 0x0000000197e026c0 0 0 1 0 0 1 3 4840 152
0x00007aca1ffcd740 0x0000000197e02740 0 1 1 0 0 1 3 4840 144
0x00007aca1ffcd7c0 0x0000000197e027c0 0 1 1 0 0 1 3 4840 152
0x00007aca1ffcd840 0x0000000197e02840 0 0 0 0 0 1 3 4840 160
0x00007aca1ffcd8c0 0x0000000197e028c0 0 0 0 0 0 1 3 4840 168
0x00007aca1ffcd940 0x0000000197e02940 0 1 0 0 0 1 3 4840 160
0x00007aca1ffcd9c0 0x0000000197e029c0 0 1 0 0 0 1 3 4840 168
0x00007aca1ffcda40 0x0000000197e02a40 0 0 1 0 0 1 3 4840 160
0x00007aca1ffcdac0 0x0000000197e02ac0 0 0 1 0 0 1 3 4840 168
0x00007aca1ffcdb40 0x0000000197e02b40 0 1 1 0 0 1 3 4840 160
0x00007aca1ffcdbc0 0x0000000197e02bc0 0 1 1 0 0 1 3 4840 168
0x00007aca1ffcdc40 0x0000000197e02c40 0 0 0 0 0 1 3 4840 176
0x00007aca1ffcdcc0 0x0000000197e02cc0 0 0 0 0 0 1 3 4840 184
0x00007aca1ffcdd40 0x0000000197e02d40 0 1 0 0 0 1 3 4840 176
0x00007aca1ffcddc0 0x0000000197e02dc0 0 1 0 0 0 1 3 4840 184
0x00007aca1ffcde40 0x0000000197e02e40 0 0 1 0 0 1 3 4840 176
0x00007aca1ffcdec0 0x0000000197e02ec0 0 0 1 0 0 1 3 4840 184
0x00007aca1ffcdf40 0x0000000197e02f40 0 1 1 0 0 1 3 4840 176
0x00007aca1ffcdfc0 0x0000000197e02fc0 0 1 1 0 0 1 3 4840 184
0x00007aca1ffcf040 0x00000003f8e50040 0 0 0 0 0 1 3 16138 512
0x00007aca1ffcf0c0 0x00000003f8e500c0 0 0 0 0 0 1 3 16138 520
0x00007aca1ffcf140 0x00000003f8e50140 0 1 0 0 0 1 3 16138 512
0x00007aca1ffcf1c0 0x00000003f8e501c0 0 1 0 0 0 1 3 16138 520
0x00007aca1ffcf240 0x00000003f8e50240 0 0 1 0 0 1 3 16138 512
0x00007aca1ffcf2c0 0x00000003f8e502c0 0 0 1 0 0 1 3 16138 520
0x00007aca1ffcf340 0x00000003f8e50340 0 1 1 0 0 1 3 16138 512
0x00007aca1ffcf3c0 0x00000003f8e503c0 0 1 1 0 0 1 3 16138 520
0x00007aca1ffcf440 0x00000003f8e50440 0 0 0 0 0 1 3 16138 528
0x00007aca1ffcf4c0 0x00000003f8e504c0 0 0 0 0 0 1 3 16138 536
0x00007aca1ffcf540 0x00000003f8e50540 0 1 0 0 0 1 3 16138 528
0x00007aca1ffcf5c0 0x00000003f8e505c0 0 1 0 0 0 1 3 16138 536
0x00007aca1ffcf640 0x00000003f8e50640 0 0 1 0 0 1 3 16138 528
0x00007aca1ffcf6c0 0x00000003f8e506c0 0 0 1 0 0 1 3 16138 536
0x00007aca1ffcf740 0x00000003f8e50740 0 1 1 0 0 1 3 16138 528
0x00007aca1ffcf7c0 0x00000003f8e507c0 0 1 1 0 0 1 3 16138 536
0x00007aca1ffcf840 0x00000003f8e50840 0 0 0 0 0 1 3 16138 544
0x00007aca1ffcf8c0 0x00000003f8e508c0 0 0 0 0 0 1 3 16138 552
0x00007aca1ffcf940 0x00000003f8e50940 0 1 0 0 0 1 3 16138 544
0x00007aca1ffcf9c0 0x00000003f8e509c0 0 1 0 0 0 1 3 16138 552
0x00007aca1ffcfa40 0x00000003f8e50a40 0 0 1 0 0 1 3 16138 544
0x00007aca1ffcfac0 0x00000003f8e50ac0 0 0 1 0 0 1 3 16138 552
0x00007aca1ffcfb40 0x00000003f8e50b40 0 1 1 0 0 1 3 16138 544
0x00007aca1ffcfbc0 0x00000003f8e50bc0 0 1 1 0 0 1 3 16138 552
0x00007aca1ffcfc40 0x00000003f8e50c40 0 0 0 0 0 1 3 16138 560
0x00007aca1ffcfcc0 0x00000003f8e50cc0 0 0 0 0 0 1 3 16138 568
0x00007aca1ffcfd40 0x00000003f8e50d40 0 1 0 0 0 1 3 16138 560
0x00007aca1ffcfdc0 0x00000003f8e50dc0 0 1 0 0 0 1 3 16138 568
0x00007aca1ffcfe40 0x00000003f8e50e40 0 0 1 0 0 1 3 16138 560
0x00007aca1ffcfec0 0x00000003f8e50ec0 0 0 1 0 0 1 3 16138 568
0x00007aca1ffcff40 0x00000003f8e50f40 0 1 1 0 0 1 3 16138 560
0x00007aca1ffcffc0 0x00000003f8e50fc0 0 1 1 0 0 1 3 16138 568
0x00007aca1ffd7040 0x0000000e996d8040 0 0 0 0 1 1 3 58150 512
0x00007aca1ffd70c0 0x0000000e996d80c0 0 0 0 0 1 1 3 58150 520
0x00007aca1ffd7140 0x0000000e996d8140 0 1 0 0 1 1 3 58150 512
0x00007aca1ffd71c0 0x0000000e996d81c0 0 1 0 0 1 1 3 58150 520
0x00007aca1ffd7240 0x0000000e996d8240 0 0 1 0 1 1 3 58150 512
0x00007aca1ffd72c0 0x0000000e996d82c0 0 0 1 0 1 1 3 58150 520
0x00007aca1ffd7340 0x0000000e996d8340 0 1 1 0 1 1 3 58150 512
0x00007aca1ffd73c0 0x0000000e996d83c0 0 1 1 0 1 1 3 58150 520
0x00007aca1ffd7440 0x0000000e996d8440 0 0 0 0 1 1 3 58150 528
0x00007aca1ffd74c0 0x0000000e996d84c0 0 0 0 0 1 1 3 58150 536
0x00007aca1ffd7540 0x0000000e996d8540 0 1 0 0 1 1 3 58150 528
0x00007aca1ffd75c0 0x0000000e996d85c0 0 1 0 0 1 1 3 58150 536
0x00007aca1ffd7640 0x0000000e996d8640 0 0 1 0 1 1 3 58150 528
0x00007aca1ffd76c0 0x0000000e996d86c0 0 0 1 0 1 1 3 58150 536
0x00007aca1ffd7740 0x0000000e996d8740 0 1 1 0 1 1 3 58150 528
0x00007aca1ffd77c0 0x0000000e996d87c0 0 1 1 0 1 1 3 58150 536
0x00007aca1ffd7840 0x0000000e996d8840 0 0 0 0 1 1 3 58150 544
0x00007aca1ffd78c0 0x0000000e996d88c0 0 0 0 0 1 1 3 58150 552
0x00007aca1ffd7940 0x0000000e996d8940 0 1 0 0 1 1 3 58150 544
0x00007aca1ffd79c0 0x0000000e996d89c0 0 1 0 0 1 1 3 58150 552
0x00007aca1ffd7a40 0x0000000e996d8a40 0 0 1 0 1 1 3 58150 544
0x00007aca1ffd7ac0 0x0000000e996d8ac0 0 0 1 0 1 1 3 58150 552
0x00007aca1ffd7b40 0x0000000e996d8b40 0 1 1 0 1 1 3 58150 544
0x00007aca1ffd7bc0 0x0000000e996d8bc0 0 1 1 0 1 1 3 58150 552
0x00007aca1ffd7c40 0x0000000e996d8c40 0 0 0 0 1 1 3 58150 560
0x00007aca1ffd7cc0 0x0000000e996d8cc0 0 0 0 0 1 1 3 58150 568
0x00007aca1ffd7d40 0x0000000e996d8d40 0 1 0 0 1 1 3 58150 560
0x00007aca1ffd7dc0 0x0000000e996d8dc0 0 1 0 0 1 1 3 58150 568
0x00007aca1ffd7e40 0x0000000e996d8e40 0 0 1 0 1 1 3 58150 560
0x00007aca1ffd7ec0 0x0000000e996d8ec0 0 0 1 0 1 1 3 58150 568
0x00007aca1ffd7f40 0x0000000e996d8f40 0 1 1 0 1 1 3 58150 560
0x00007aca1ffd7fc0 0x0000000e996d8fc0 0 1 1 0 1 1 3 58150 568
0x00007aca1ffdd040 0x00000007c6e58040 0 0 0 0 1 1 3 30922 512
0x00007aca1ffdd0c0 0x00000007c6e580c0 0 0 0 0 1 1 3 30922 520
0x00007aca1ffdd140 0x00000007c6e58140 0 1 0 0 1 1 3 30922 512
0x00007aca1ffdd1c0 0x00000007c6e581c0 0 1 0 0 1 1 3 30922 520
0x00007aca1ffdd240 0x00000007c6e58240 0 0 1 0 1 1 3 30922 512
0x00007aca1ffdd2c0 0x00000007c6e582c0 0 0 1 0 1 1 3 30922 520
0x00007aca1ffdd340 0x00000007c6e58340 0 1 1 0 1 1 3 30922 512
0x00007aca1ffdd3c0 0x00000007c6e583c0 0 1 1 0 1 1 3 30922 520
0x00007aca1ffdd440 0x00000007c6e58440 0 0 0 0 1 1 3 30922 528
0x00007aca1ffdd4c0 0x00000007c6e584c0 0 0 0 0 1 1 3 30922 536
0x00007aca1ffdd540 0x00000007c6e58540 0 1 0 0 1 1 3 30922 528
0x00007aca1ffdd5c0 0x00000007c6e585c0 0 1 0 0 1 1 3 30922 536
0x00007aca1ffdd640 0x00000007c6e58640 0 0 1 0 1 1 3 30922 528
0x00007aca1ffdd6c0 0x00000007c6e586c0 0 0 1 0 1 1 3 30922 536
0x00007aca1ffdd740 0x00000007c6e58740 0 1 1 0 1 1 3 30922 528
0x00007aca1ffdd7c0 0x00000007c6e587c0 0 1 1 0 1 1 3 30922 536
0x00007aca1ffdd840 0x00000007c6e58840 0 0 0 0 1 1 3 30922 544
0x00007aca1ffdd8c0 0x00000007c6e588c0 0 0 0 0 1 1 3 30922 552
0x00007aca1ffdd940 0x00000007c6e58940 0 1 0 0 1 1 3 30922 544
0x00007aca1ffdd9c0 0x00000007c6e589c0 0 1 0 0 1 1 3 30922 552
0x00007aca1ffdda40 0x00000007c6e58a40 0 0 1 0 1 1 3 30922 544
0x00007aca1ffddac0 0x00000007c6e58ac0 0 0 1 0 1 1 3 30922 552
0x00007aca1ffddb40 0x00000007c6e58b40 0 1 1 0 1 1 3 30922 544
0x00007aca1ffddbc0 0x00000007c6e58bc0 0 1 1 0 1 1 3 30922 552
0x00007aca1ffddc40 0x00000007c6e58c40 0 0 0 0 1 1 3 30922 560
0x00007aca1ffddcc0 0x00000007c6e58cc0 0 0 0 0 1 1 3 30922 568
0x00007aca1ffddd40 0x00000007c6e58d40 0 1 0 0 1 1 3 30922 560
0x00007aca1ffdddc0 0x00000007c6e58dc0 0 1 0 0 1 1 3 30922 568
0x00007aca1ffdde40 0x00000007c6e58e40 0 0 1 0 1 1 3 30922 560
0x00007aca1ffddec0 0x00000007c6e58ec0 0 0 1 0 1 1 3 30922 568
0x00007aca1ffddf40 0x00000007c6e58f40 0 1 1 0 1 1 3 30922 560
0x00007aca1ffddfc0 0x00000007c6e58fc0 0 1 1 0 1 1 3 30922 568
0x00007aca1ffee040 0x0000000e6aee5040 0 0 0 0 0 1 3 56671 320
0x00007aca1ffee0c0 0x0000000e6aee50c0 0 0 0 0 0 1 3 56671 328
0x00007aca1ffee140 0x0000000e6aee5140 0 1 0 0 0 1 3 56671 320
0x00007aca1ffee1c0 0x0000000e6aee51c0 0 1 0 0 0 1 3 56671 328
0x00007aca1ffee240 0x0000000e6aee5240 0 0 1 0 0 1 3 56671 320
0x00007aca1ffee2c0 0x0000000e6aee52c0 0 0 1 0 0 1 3 56671 328
0x00007aca1ffee340 0x0000000e6aee5340 0 1 1 0 0 1 3 56671 320
0x00007aca1ffee3c0 0x0000000e6aee53c0 0 1 1 0 0 1 3 56671 328
0x00007aca1ffee440 0x0000000e6aee5440 0 0 0 0 0 1 3 56671 336
0x00007aca1ffee4c0 0x0000000e6aee54c0 0 0 0 0 0 1 3 56671 344
0x00007aca1ffee540 0x0000000e6aee5540 0 1 0 0 0 1 3 56671 336
0x00007aca1ffee5c0 0x0000000e6aee55c0 0 1 0 0 0 1 3 56671 344
0x00007aca1ffee640 0x0000000e6aee5640 0 0 1 0 0 1 3 56671 336
0x00007aca1ffee6c0 0x0000000e6aee56c0 0 0 1 0 0 1 3 56671 344
0x00007aca1ffee740 0x0000000e6aee5740 0 1 1 0 0 1 3 56671 336
0x00007aca1ffee7c0 0x0000000e6aee57c0 0 1 1 0 0 1 3 56671 344
0x00007aca1ffee840 0x0000000e6aee5840 0 0 0 0 0 1 3 56671 352
0x00007aca1ffee8c0 0x0000000e6aee58c0 0 0 0 0 0 1 3 56671 360
0x00007aca1ffee940 0x0000000e6aee5940 0 1 0 0 0 1 3 56671 352
0x00007aca1ffee9c0 0x0000000e6aee59c0 0 1 0 0 0 1 3 56671 360
0x00007aca1ffeea40 0x0000000e6aee5a40 0 0 1 0 0 1 3 56671 352
0x00007aca1ffeeac0 0x0000000e6aee5ac0 0 0 1 0 0 1 3 56671 360
0x00007aca1ffeeb40 0x0000000e6aee5b40 0 1 1 0 0 1 3 56671 352
0x00007aca1ffeebc0 0x0000000e6aee5bc0 0 1 1 0 0 1 3 56671 360
0x00007aca1ffeec40 0x0000000e6aee5c40 0 0 0 0 0 1 3 56671 368
0x00007aca1ffeecc0 0x0000000e6aee5cc0 0 0 0 0 0 1 3 56671 376
0x00007aca1ffeed40 0x0000000e6aee5d40 0 1 0 0 0 1 3 56671 368
0x00007aca1ffeedc0 0x0000000e6aee5dc0 0 1 0 0 0 1 3 56671 376
0x00007aca1ffeee40 0x0000000e6aee5e40 0 0 1 0 0 1 3 56671 368
0x00007aca1ffeeec0 0x0000000e6aee5ec0 0 0 1 0 0 1 3 56671 376
0x00007aca1ffeef40 0x0000000e6aee5f40 0 1 1 0 0 1 3 56671 368
0x00007aca1ffeefc0 0x0000000e6aee5fc0 0 1 1 0 0 1 3 56671 376
0x00007aca1ffff040 0x00000008176fb040 0 0 0 0 1 1 3 29431 704
0x00007aca1ffff0c0 0x00000008176fb0c0 0 0 0 0 1 1 3 29431 712
0x00007aca1ffff140 0x00000008176fb140 0 1 0 0 1 1 3 29431 704
0x00007aca1ffff1c0 0x00000008176fb1c0 0 1 0 0 1 1 3 29431 712
0x00007aca1ffff240 0x00000008176fb240 0 0 1 0 1 1 3 29431 704
0x00007aca1ffff2c0 0x00000008176fb2c0 0 0 1 0 1 1 3 29431 712
0x00007aca1ffff340 0x00000008176fb340 0 1 1 0 1 1 3 29431 704
0x00007aca1ffff3c0 0x00000008176fb3c0 0 1 1 0 1 1 3 29431 712
0x00007aca1ffff440 0x00000008176fb440 0 0 0 0 1 1 3 29431 720
0x00007aca1ffff4c0 0x00000008176fb4c0 0 0 0 0 1 1 3 29431 728
0x00007aca1ffff540 0x00000008176fb540 0 1 0 0 1 1 3 29431 720
0x00007aca1ffff5c0 0x00000008176fb5c0 0 1 0 0 1 1 3 29431 728
0x00007aca1ffff640 0x00000008176fb640 0 0 1 0 1 1 3 29431 720
0x00007aca1ffff6c0 0x00000008176fb6c0 0 0 1 0 1 1 3 29431 728
0x00007aca1ffff740 0x00000008176fb740 0 1 1 0 1 1 3 29431 720
0x00007aca1ffff7c0 0x00000008176fb7c0 0 1 1 0 1 1 3 29431 728
0x00007aca1ffff840 0x00000008176fb840 0 0 0 0 1 1 3 29431 736
0x00007aca1ffff8c0 0x00000008176fb8c0 0 0 0 0 1 1 3 29431 744
0x00007aca1ffff940 0x00000008176fb940 0 1 0 0 1 1 3 29431 736
0x00007aca1ffff9c0 0x00000008176fb9c0 0 1 0 0 1 1 3 29431 744
0x00007aca1ffffa40 0x00000008176fba40 0 0 1 0 1 1 3 29431 736
0x00007aca1ffffac0 0x00000008176fbac0 0 0 1 0 1 1 3 29431 744
0x00007aca1ffffb40 0x00000008176fbb40 0 1 1 0 1 1 3 29431 736
0x00007aca1ffffbc0 0x00000008176fbbc0 0 1 1 0 1 1 3 29431 744
0x00007aca1ffffc40 0x00000008176fbc40 0 0 0 0 1 1 3 29431 752
0x00007aca1ffffcc0 0x00000008176fbcc0 0 0 0 0 1 1 3 29431 760
0x00007aca1ffffd40 0x00000008176fbd40 0 1 0 0 1 1 3 29431 752
0x00007aca1ffffdc0 0x00000008176fbdc0 0 1 0 0 1 1 3 29431 760
0x00007aca1ffffe40 0x00000008176fbe40 0 0 1 0 1 1 3 29431 752
0x00007aca1ffffec0 0x00000008176fbec0 0 0 1 0 1 1 3 29431 760
0x00007aca1fffff40 0x00000008176fbf40 0 1 1 0 1 1 3 29431 752
0x00007aca1fffffc0 0x00000008176fbfc0 0 1 1 0 1 1 3 29431 760
0x00007aca20003040 0x0000000b38e5b040 0 0 0 0 1 1 3 42778 704
0x00007aca200030c0 0x0000000b38e5b0c0 0 0 0 0 1 1 3 42778 712
0x00007aca20003140 0x0000000b38e5b140 0 1 0 0 1 1 3 42778 704
0x00007aca200031c0 0x0000000b38e5b1c0 0 1 0 0 1 1 3 42778 712
0x00007aca20003240 0x0000000b38e5b240 0 0 1 0 1 1 3 42778 704
0x00007aca200032c0 0x0000000b38e5b2c0 0 0 1 0 1 1 3 42778 712
0x00007aca20003340 0x0000000b38e5b340 0 1 1 0 1 1 3 42778 704
0x00007aca200033c0 0x0000000b38e5b3c0 0 1 1 0 1 1 3 42778 712
0x00007aca20003440 0x0000000b38e5b440 0 0 0 0 1 1 3 42778 720
0x00007aca200034c0 0x0000000b38e5b4c0 0 0 0 0 1 1 3 42778 728
0x00007aca20003540 0x0000000b38e5b540 0 1 0 0 1 1 3 42778 720
0x00007aca200035c0 0x0000000b38e5b5c0 0 1 0 0 1 1 3 42778 728
0x00007aca20003640 0x0000000b38e5b640 0 0 1 0 1 1 3 42778 720
0x00007aca200036c0 0x0000000b38e5b6c0 0 0 1 0 1 1 3 42778 728
0x00007aca20003740 0x0000000b38e5b740 0 1 1 0 1 1 3 42778 720
0x00007aca200037c0 0x0000000b38e5b7c0 0 1 1 0 1 1 3 42778 728
0x00007aca20003840 0x0000000b38e5b840 0 0 0 0 1 1 3 42778 736
0x00007aca200038c0 0x0000000b38e5b8c0 0 0 0 0 1 1 3 42778 744
0x00007aca20003940 0x0000000b38e5b940 0 1 0 0 1 1 3 42778 736
0x00007aca200039c0 0x0000000b38e5b9c0 0 1 0 0 1 1 3 42778 744
0x00007aca20003a40 0x0000000b38e5ba40 0 0 1 0 1 1 3 42778 736
0x00007aca20003ac0 0x0000000b38e5bac0 0 0 1 0 1 1 3 42778 744
0x00007aca20003b40 0x0000000b38e5bb40 0 1 1 0 1 1 3 42778 736
0x00007aca20003bc0 0x0000000b38e5bbc0 0 1 1 0 1 1 3 42778 744
0x00007aca20003c40 0x0000000b38e5bc40 0 0 0 0 1 1 3 42778 752
0x00007aca20003cc0 0x0000000b38e5bcc0 0 0 0 0 1 1 3 42778 760
0x00007aca20003d40 0x0000000b38e5bd40 0 1 0 0 1 1 3 42778 752
0x00007aca20003dc0 0x0000000b38e5bdc0 0 1 0 0 1 1 3 42778 760
0x00007aca20003e40 0x0000000b38e5be40 0 0 1 0 1 1 3 42778 752
0x00007aca20003ec0 0x0000000b38e5bec0 0 0 1 0 1 1 3 42778 760
0x00007aca20003f40 0x0000000b38e5bf40 0 1 1 0 1 1 3 42778 752
0x00007aca20003fc0 0x0000000b38e5bfc0 0 1 1 0 1 1 3 42778 760
0x00007aca20010040 0x0000000e6aee7040 0 0 0 0 0 1 3 56671 448
0x00007aca200100c0 0x0000000e6aee70c0 0 0 0 0 0 1 3 56671 456
0x00007aca20010140 0x0000000e6aee7140 0 1 0 0 0 1 3 56671 448
0x00007aca200101c0 0x0000000e6aee71c0 0 1 0 0 0 1 3 56671 456
0x00007aca20010240 0x0000000e6aee7240 0 0 1 0 0 1 3 56671 448
0x00007aca200102c0 0x0000000e6aee72c0 0 0 1 0 0 1 3 56671 456
0x00007aca20010340 0x0000000e6aee7340 0 1 1 0 0 1 3 56671 448
0x00007aca200103c0 0x0000000e6aee73c0 0 1 1 0 0 1 3 56671 456
0x00007aca20010440 0x0000000e6aee7440 0 0 0 0 0 1 3 56671 464
0x00007aca200104c0 0x0000000e6aee74c0 0 0 0 0 0 1 3 56671 472
0x00007aca20010540 0x0000000e6aee7540 0 1 0 0 0 1 3 56671 464
0x00007aca200105c0 0x0000000e6aee75c0 0 1 0 0 0 1 3 56671 472
0x00007aca20010640 0x0000000e6aee7640 0 0 1 0 0 1 3 56671 464
0x00007aca200106c0 0x0000000e6aee76c0 0 0 1 0 0 1 3 56671 472
0x00007aca20010740 0x0000000e6aee7740 0 1 1 0 0 1 3 56671 464
0x00007aca200107c0 0x0000000e6aee77c0 0 1 1 0 0 1 3 56671 472
0x00007aca20010840 0x0000000e6aee7840 0 0 0 0 0 1 3 56671 480
0x00007aca200108c0 0x0000000e6aee78c0 0 0 0 0 0 1 3 56671 488
0x00007aca20010940 0x0000000e6aee7940 0 1 0 0 0 1 3 56671 480
0x00007aca200109c0 0x0000000e6aee79c0 0 1 0 0 0 1 3 56671 488
0x00007aca20010a40 0x0000000e6aee7a40 0 0 1 0 0 1 3 56671 480
0x00007aca20010ac0 0x0000000e6aee7ac0 0 0 1 0 0 1 3 56671 488
0x00007aca20010b40 0x0000000e6aee7b40 0 1 1 0 0 1 3 56671 480
0x00007aca20010bc0 0x0000000e6aee7bc0 0 1 1 0 0 1 3 56671 488
0x00007aca20010c40 0x0000000e6aee7c40 0 0 0 0 0 1 3 56671 496
0x00007aca20010cc0 0x0000000e6aee7cc0 0 0 0 0 0 1 3 56671 504
0x00007aca20010d40 0x0000000e6aee7d40 0 1 0 0 0 1 3 56671 496
0x00007aca20010dc0 0x0000000e6aee7dc0 0 1 0 0 0 1 3 56671 504
0x00007aca20010e40 0x0000000e6aee7e40 0 0 1 0 0 1 3 56671 496
0x00007aca20010ec0 0x0000000e6aee7ec0 0 0 1 0 0 1 3 56671 504
0x00007aca20010f40 0x0000000e6aee7f40 0 1 1 0 0 1 3 56671 496
0x00007aca20010fc0 0x0000000e6aee7fc0 0 1 1 0 0 1 3 56671 504
0x00007aca20011040 0x00000002256a1040 0 0 0 0 0 1 3 5301 64
0x00007aca200110c0 0x00000002256a10c0 0 0 0 0 0 1 3 5301 72
0x00007aca20011140 0x00000002256a1140 0 1 0 0 0 1 3 5301 64
0x00007aca200111c0 0x00000002256a11c0 0 1 0 0 0 1 3 5301 72
0x00007aca20011240 0x00000002256a1240 0 0 1 0 0 1 3 5301 64
0x00007aca200112c0 0x00000002256a12c0 0 0 1 0 0 1 3 5301 72
0x00007aca20011340 0x00000002256a1340 0 1 1 0 0 1 3 5301 64
0x00007aca200113c0 0x00000002256a13c0 0 1 1 0 0 1 3 5301 72
0x00007aca20011440 0x00000002256a1440 0 0 0 0 0 1 3 5301 80
0x00007aca200114c0 0x00000002256a14c0 0 0 0 0 0 1 3 5301 88
0x00007aca20011540 0x00000002256a1540 0 1 0 0 0 1 3 5301 80
0x00007aca200115c0 0x00000002256a15c0 0 1 0 0 0 1 3 5301 88
0x00007aca20011640 0x00000002256a1640 0 0 1 0 0 1 3 5301 80
0x00007aca200116c0 0x00000002256a16c0 0 0 1 0 0 1 3 5301 88
0x00007aca20011740 0x00000002256a1740 0 1 1 0 0 1 3 5301 80
0x00007aca200117c0 0x00000002256a17c0 0 1 1 0 0 1 3 5301 88
0x00007aca20011840 0x00000002256a1840 0 0 0 0 0 1 3 5301 96
0x00007aca200118c0 0x00000002256a18c0 0 0 0 0 0 1 3 5301 104
0x00007aca20011940 0x00000002256a1940 0 1 0 0 0 1 3 5301 96
0x00007aca200119c0 0x00000002256a19c0 0 1 0 0 0 1 3 5301 104
0x00007aca20011a40 0x00000002256a1a40 0 0 1 0 0 1 3 5301 96
0x00007aca20011ac0 0x00000002256a1ac0 0 0 1 0 0 1 3 5301 104
0x00007aca20011b40 0x00000002256a1b40 0 1 1 0 0 1 3 5301 96
0x00007aca20011bc0 0x00000002256a1bc0 0 1 1 0 0 1 3 5301 104
0x00007aca20011c40 0x00000002256a1c40 0 0 0 0 0 1 3 5301 112
0x00007aca20011cc0 0x00000002256a1cc0 0 0 0 0 0 1 3 5301 120
0x00007aca20011d40 0x00000002256a1d40 0 1 0 0 0 1 3 5301 112
0x00007aca20011dc0 0x00000002256a1dc0 0 1 0 0 0 1 3 5301 120
0x00007aca20011e40 0x00000002256a1e40 0 0 1 0 0 1 3 5301 112
0x00007aca20011ec0 0x00000002256a1ec0 0 0 1 0 0 1 3 5301 120
0x00007aca20011f40 0x00000002256a1f40 0 1 1 0 0 1 3 5301 112
0x00007aca20011fc0 0x00000002256a1fc0 0 1 1 0 0 1 3 5301 120
0x00007aca20012040 0x0000000dae619040 0 0 0 0 1 1 3 54720 576
0x00007aca200120c0 0x0000000dae6190c0 0 0 0 0 1 1 3 54720 584
0x00007aca20012140 0x0000000dae619140 0 1 0 0 1 1 3 54720 576
0x00007aca200121c0 0x0000000dae6191c0 0 1 0 0 1 1 3 54720 584
0x00007aca20012240 0x0000000dae619240 0 0 1 0 1 1 3 54720 576
0x00007aca200122c0 0x0000000dae6192c0 0 0 1 0 1 1 3 54720 584
0x00007aca20012340 0x0000000dae619340 0 1 1 0 1 1 3 54720 576
0x00007aca200123c0 0x0000000dae6193c0 0 1 1 0 1 1 3 54720 584
0x00007aca20012440 0x0000000dae619440 0 0 0 0 1 1 3 54720 592
0x00007aca200124c0 0x0000000dae6194c0 0 0 0 0 1 1 3 54720 600
0x00007aca20012540 0x0000000dae619540 0 1 0 0 1 1 3 54720 592
0x00007aca200125c0 0x0000000dae6195c0 0 1 0 0 1 1 3 54720 600
0x00007aca20012640 0x0000000dae619640 0 0 1 0 1 1 3 54720 592
0x00007aca200126c0 0x0000000dae6196c0 0 0 1 0 1 1 3 54720 600
0x00007aca20012740 0x0000000dae619740 0 1 1 0 1 1 3 54720 592
0x00007aca200127c0 0x0000000dae6197c0 0 1 1 0 1 1 3 54720 600
0x00007aca20012840 0x0000000dae619840 0 0 0 0 1 1 3 54720 608
0x00007aca200128c0 0x0000000dae6198c0 0 0 0 0 1 1 3 54720 616
0x00007aca20012940 0x0000000dae619940 0 1 0 0 1 1 3 54720 608
0x00007aca200129c0 0x0000000dae6199c0 0 1 0 0 1 1 3 54720 616
0x00007aca20012a40 0x0000000dae619a40 0 0 1 0 1 1 3 54720 608
0x00007aca20012ac0 0x0000000dae619ac0 0 0 1 0 1 1 3 54720 616
0x00007aca20012b40 0x0000000dae619b40 0 1 1 0 1 1 3 54720 608
0x00007aca20012bc0 0x0000000dae619bc0 0 1 1 0 1 1 3 54720 616
0x00007aca20012c40 0x0000000dae619c40 0 0 0 0 1 1 3 54720 624
0x00007aca20012cc0 0x0000000dae619cc0 0 0 0 0 1 1 3 54720 632
0x00007aca20012d40 0x0000000dae619d40 0 1 0 0 1 1 3 54720 624
0x00007aca20012dc0 0x0000000dae619dc0 0 1 0 0 1 1 3 54720 632
0x00007aca20012e40 0x0000000dae619e40 0 0 1 0 1 1 3 54720 624
0x00007aca20012ec0 0x0000000dae619ec0 0 0 1 0 1 1 3 54720 632
0x00007aca20012f40 0x0000000dae619f40 0 1 1 0 1 1 3 54720 624
0x00007aca20012fc0 0x0000000dae619fc0 0 1 1 0 1 1 3 54720 632
0x00007aca20015040 0x0000000e70e38040 0 0 0 0 1 1 3 56857 512
0x00007aca200150c0 0x0000000e70e380c0 0 0 0 0 1 1 3 56857 520
0x00007aca20015140 0x0000000e70e38140 0 1 0 0 1 1 3 56857 512
0x00007aca200151c0 0x0000000e70e381c0 0 1 0 0 1 1 3 56857 520
0x00007aca20015240 0x0000000e70e38240 0 0 1 0 1 1 3 56857 512
0x00007aca200152c0 0x0000000e70e382c0 0 0 1 0 1 1 3 56857 520
0x00007aca20015340 0x0000000e70e38340 0 1 1 0 1 1 3 56857 512
0x00007aca200153c0 0x0000000e70e383c0 0 1 1 0 1 1 3 56857 520
0x00007aca20015440 0x0000000e70e38440 0 0 0 0 1 1 3 56857 528
0x00007aca200154c0 0x0000000e70e384c0 0 0 0 0 1 1 3 56857 536
0x00007aca20015540 0x0000000e70e38540 0 1 0 0 1 1 3 56857 528
0x00007aca200155c0 0x0000000e70e385c0 0 1 0 0 1 1 3 56857 536
0x00007aca20015640 0x0000000e70e38640 0 0 1 0 1 1 3 56857 528
0x00007aca200156c0 0x0000000e70e386c0 0 0 1 0 1 1 3 56857 536
0x00007aca20015740 0x0000000e70e38740 0 1 1 0 1 1 3 56857 528
0x00007aca200157c0 0x0000000e70e387c0 0 1 1 0 1 1 3 56857 536
0x00007aca20015840 0x0000000e70e38840 0 0 0 0 1 1 3 56857 544
0x00007aca200158c0 0x0000000e70e388c0 0 0 0 0 1 1 3 56857 552
0x00007aca20015940 0x0000000e70e38940 0 1 0 0 1 1 3 56857 544
0x00007aca200159c0 0x0000000e70e389c0 0 1 0 0 1 1 3 56857 552
0x00007aca20015a40 0x0000000e70e38a40 0 0 1 0 1 1 3 56857 544
0x00007aca20015ac0 0x0000000e70e38ac0 0 0 1 0 1 1 3 56857 552
0x00007aca20015b40 0x0000000e70e38b40 0 1 1 0 1 1 3 56857 544
0x00007aca20015bc0 0x0000000e70e38bc0 0 1 1 0 1 1 3 56857 552
0x00007aca20015c40 0x0000000e70e38c40 0 0 0 0 1 1 3 56857 560
0x00007aca20015cc0 0x0000000e70e38cc0 0 0 0 0 1 1 3 56857 568
0x00007aca20015d40 0x0000000e70e38d40 0 1 0 0 1 1 3 56857 560
0x00007aca20015dc0 0x0000000e70e38dc0 0 1 0 0 1 1 3 56857 568
0x00007aca20015e40 0x0000000e70e38e40 0 0 1 0 1 1 3 56857 560
0x00007aca20015ec0 0x0000000e70e38ec0 0 0 1 0 1 1 3 56857 568
0x00007aca20015f40 0x0000000e70e38f40 0 1 1 0 1 1 3 56857 560
0x00007aca20015fc0 0x0000000e70e38fc0 0 1 1 0 1 1 3 56857 568
0x00007aca2001c040 0x0000000d52683040 0 0 0 0 0 1 3 51796 192
0x00007aca2001c0c0 0x0000000d526830c0 0 0 0 0 0 1 3 51796 200
0x00007aca2001c140 0x0000000d52683140 0 1 0 0 0 1 3 51796 192
0x00007aca2001c1c0 0x0000000d526831c0 0 1 0 0 0 1 3 51796 200
0x00007aca2001c240 0x0000000d52683240 0 0 1 0 0 1 3 51796 192
0x00007aca2001c2c0 0x0000000d526832c0 0 0 1 0 0 1 3 51796 200
0x00007aca2001c340 0x0000000d52683340 0 1 1 0 0 1 3 51796 192
0x00007aca2001c3c0 0x0000000d526833c0 0 1 1 0 0 1 3 51796 200
0x00007aca2001c440 0x0000000d52683440 0 0 0 0 0 1 3 51796 208
0x00007aca2001c4c0 0x0000000d526834c0 0 0 0 0 0 1 3 51796 216
0x00007aca2001c540 0x0000000d52683540 0 1 0 0 0 1 3 51796 208
0x00007aca2001c5c0 0x0000000d526835c0 0 1 0 0 0 1 3 51796 216
0x00007aca2001c640 0x0000000d52683640 0 0 1 0 0 1 3 51796 208
0x00007aca2001c6c0 0x0000000d526836c0 0 0 1 0 0 1 3 51796 216
0x00007aca2001c740 0x0000000d52683740 0 1 1 0 0 1 3 51796 208
0x00007aca2001c7c0 0x0000000d526837c0 0 1 1 0 0 1 3 51796 216
0x00007aca2001c840 0x0000000d52683840 0 0 0 0 0 1 3 51796 224
0x00007aca2001c8c0 0x0000000d526838c0 0 0 0 0 0 1 3 51796 232
0x00007aca2001c940 0x0000000d52683940 0 1 0 0 0 1 3 51796 224
0x00007aca2001c9c0 0x0000000d526839c0 0 1 0 0 0 1 3 51796 232
0x00007aca2001ca40 0x0000000d52683a40 0 0 1 0 0 1 3 51796 224
0x00007aca2001cac0 0x0000000d52683ac0 0 0 1 0 0 1 3 51796 232
0x00007aca2001cb40 0x0000000d52683b40 0 1 1 0 0 1 3 51796 224
0x00007aca2001cbc0 0x0000000d52683bc0 0 1 1 0 0 1 3 51796 232
0x00007aca2001cc40 0x0000000d52683c40 0 0 0 0 0 1 3 51796 240
0x00007aca2001ccc0 0x0000000d52683cc0 0 0 0 0 0 1 3 51796 248
0x00007aca2001cd40 0x0000000d52683d40 0 1 0 0 0 1 3 51796 240
0x00007aca2001cdc0 0x0000000d52683dc0 0 1 0 0 0 1 3 51796 248
0x00007aca2001ce40 0x0000000d52683e40 0 0 1 0 0 1 3 51796 240
0x00007aca2001cec0 0x0000000d52683ec0 0 0 1 0 0 1 3 51796 248
0x00007aca2001cf40 0x0000000d52683f40 0 1 1 0 0 1 3 51796 240
0x00007aca2001cfc0 0x0000000d52683fc0 0 1 1 0 0 1 3 51796 248
0x00007aca2001f040 0x000000073b6e4040 0 0 0 0 0 1 3 26487 256
0x00007aca2001f0c0 0x000000073b6e40c0 0 0 0 0 0 1 3 26487 264
0x00007aca2001f140 0x000000073b6e4140 0 1 0 0 0 1 3 26487 256
0x00007aca2001f1c0 0x000000073b6e41c0 0 1 0 0 0 1 3 26487 264
0x00007aca2001f240 0x000000073b6e4240 0 0 1 0 0 1 3 26487 256
0x00007aca2001f2c0 0x000000073b6e42c0 0 0 1 0 0 1 3 26487 264
0x00007aca2001f340 0x000000073b6e4340 0 1 1 0 0 1 3 26487 256
0x00007aca2001f3c0 0x000000073b6e43c0 0 1 1 0 0 1 3 26487 264
0x00007aca2001f440 0x000000073b6e4440 0 0 0 0 0 1 3 26487 272
0x00007aca2001f4c0 0x000000073b6e44c0 0 0 0 0 0 1 3 26487 280
0x00007aca2001f540 0x000000073b6e4540 0 1 0 0 0 1 3 26487 272
0x00007aca2001f5c0 0x000000073b6e45c0 0 1 0 0 0 1 3 26487 280
0x00007aca2001f640 0x000000073b6e4640 0 0 1 0 0 1 3 26487 272
0x00007aca2001f6c0 0x000000073b6e46c0 0 0 1 0 0 1 3 26487 280
0x00007aca2001f740 0x000000073b6e4740 0 1 1 0 0 1 3 26487 272
0x00007aca2001f7c0 0x000000073b6e47c0 0 1 1 0 0 1 3 26487 280
0x00007aca2001f840 0x000000073b6e4840 0 0 0 0 0 1 3 26487 288
0x00007aca2001f8c0 0x000000073b6e48c0 0 0 0 0 0 1 3 26487 296
0x00007aca2001f940 0x000000073b6e4940 0 1 0 0 0 1 3 26487 288
0x00007aca2001f9c0 0x000000073b6e49c0 0 1 0 0 0 1 3 26487 296
0x00007aca2001fa40 0x000000073b6e4a40 0 0 1 0 0 1 3 26487 288
0x00007aca2001fac0 0x000000073b6e4ac0 0 0 1 0 0 1 3 26487 296
0x00007aca2001fb40 0x000000073b6e4b40 0 1 1 0 0 1 3 26487 288
0x00007aca2001fbc0 0x000000073b6e4bc0 0 1 1 0 0 1 3 26487 296
0x00007aca2001fc40 0x000000073b6e4c40 0 0 0 0 0 1 3 26487 304
0x00007aca2001fcc0 0x000000073b6e4cc0 0 0 0 0 0 1 3 26487 312
0x00007aca2001fd40 0x000000073b6e4d40 0 1 0 0 0 1 3 26487 304
0x00007aca2001fdc0 0x000000073b6e4dc0 0 1 0 0 0 1 3 26487 312
0x00007aca2001fe40 0x000000073b6e4e40 0 0 1 0 0 1 3 26487 304
0x00007aca2001fec0 0x000000073b6e4ec0 0 0 1 0 0 1 3 26487 312
0x00007aca2001ff40 0x000000073b6e4f40 0 1 1 0 0 1 3 26487 304
0x00007aca2001ffc0 0x000000073b6e4fc0 0 1 1 0 0 1 3 26487 312
0x00007aca20021040 0x000000081fe95040 0 0 0 0 0 1 3 29692 832
0x00007aca200210c0 0x000000081fe950c0 0 0 0 0 0 1 3 29692 840
0x00007aca20021140 0x000000081fe95140 0 1 0 0 0 1 3 29692 832
0x00007aca200211c0 0x000000081fe951c0 0 1 0 0 0 1 3 29692 840
0x00007aca20021240 0x000000081fe95240 0 0 1 0 0 1 3 29692 832
0x00007aca200212c0 0x000000081fe952c0 0 0 1 0 0 1 3 29692 840
0x00007aca20021340 0x000000081fe95340 0 1 1 0 0 1 3 29692 832
0x00007aca200213c0 0x000000081fe953c0 0 1 1 0 0 1 3 29692 840
0x00007aca20021440 0x000000081fe95440 0 0 0 0 0 1 3 29692 848
0x00007aca200214c0 0x000000081fe954c0 0 0 0 0 0 1 3 29692 856
0x00007aca20021540 0x000000081fe95540 0 1 0 0 0 1 3 29692 848
0x00007aca200215c0 0x000000081fe955c0 0 1 0 0 0 1 3 29692 856
0x00007aca20021640 0x000000081fe95640 0 0 1 0 0 1 3 29692 848
0x00007aca200216c0 0x000000081fe956c0 0 0 1 0 0 1 3 29692 856
0x00007aca20021740 0x000000081fe95740 0 1 1 0 0 1 3 29692 848
0x00007aca200217c0 0x000000081fe957c0 0 1 1 0 0 1 3 29692 856
0x00007aca20021840 0x000000081fe95840 0 0 0 0 0 1 3 29692 864
0x00007aca200218c0 0x000000081fe958c0 0 0 0 0 0 1 3 29692 872
0x00007aca20021940 0x000000081fe95940 0 1 0 0 0 1 3 29692 864
0x00007aca200219c0 0x000000081fe959c0 0 1 0 0 0 1 3 29692 872
0x00007aca20021a40 0x000000081fe95a40 0 0 1 0 0 1 3 29692 864
0x00007aca20021ac0 0x000000081fe95ac0 0 0 1 0 0 1 3 29692 872
0x00007aca20021b40 0x000000081fe95b40 0 1 1 0 0 1 3 29692 864
0x00007aca20021bc0 0x000000081fe95bc0 0 1 1 0 0 1 3 29692 872
0x00007aca20021c40 0x000000081fe95c40 0 0 0 0 0 1 3 29692 880
0x00007aca20021cc0 0x000000081fe95cc0 0 0 0 0 0 1 3 29692 888
0x00007aca20021d40 0x000000081fe95d40 0 1 0 0 0 1 3 29692 880
0x00007aca20021dc0 0x000000081fe95dc0 0 1 0 0 0 1 3 29692 888
0x00007aca20021e40 0x000000081fe95e40 0 0 1 0 0 1 3 29692 880
0x00007aca20021ec0 0x000000081fe95ec0 0 0 1 0 0 1 3 29692 888
0x00007aca20021f40 0x000000081fe95f40 0 1 1 0 0 1 3 29692 880
0x00007aca20021fc0 0x000000081fe95fc0 0 1 1 0 0 1 3 29692 888
0x00007aca20023040 0x000000073b6e7040 0 0 0 0 0 1 3 26487 448
0x00007aca200230c0 0x000000073b6e70c0 0 0 0 0 0 1 3 26487 456
0x00007aca20023140 0x000000073b6e7140 0 1 0 0 0 1 3 26487 448
0x00007aca200231c0 0x000000073b6e71c0 0 1 0 0 0 1 3 26487 456
0x00007aca20023240 0x000000073b6e7240 0 0 1 0 0 1 3 26487 448
0x00007aca200232c0 0x000000073b6e72c0 0 0 1 0 0 1 3 26487 456
0x00007aca20023340 0x000000073b6e7340 0 1 1 0 0 1 3 26487 448
0x00007aca200233c0 0x000000073b6e73c0 0 1 1 0 0 1 3 26487 456
0x00007aca20023440 0x000000073b6e7440 0 0 0 0 0 1 3 26487 464
0x00007aca200234c0 0x000000073b6e74c0 0 0 0 0 0 1 3 26487 472
0x00007aca20023540 0x000000073b6e7540 0 1 0 0 0 1 3 26487 464
0x00007aca200235c0 0x000000073b6e75c0 0 1 0 0 0 1 3 26487 472
0x00007aca20023640 0x000000073b6e7640 0 0 1 0 0 1 3 26487 464
0x00007aca200236c0 0x000000073b6e76c0 0 0 1 0 0 1 3 26487 472
0x00007aca20023740 0x000000073b6e7740 0 1 1 0 0 1 3 26487 464
0x00007aca200237c0 0x000000073b6e77c0 0 1 1 0 0 1 3 26487 472
0x00007aca20023840 0x000000073b6e7840 0 0 0 0 0 1 3 26487 480
0x00007aca200238c0 0x000000073b6e78c0 0 0 0 0 0 1 3 26487 488
0x00007aca20023940 0x000000073b6e7940 0 1 0 0 0 1 3 26487 480
0x00007aca200239c0 0x000000073b6e79c0 0 1 0 0 0 1 3 26487 488
0x00007aca20023a40 0x000000073b6e7a40 0 0 1 0 0 1 3 26487 480
0x00007aca20023ac0 0x000000073b6e7ac0 0 0 1 0 0 1 3 26487 488
0x00007aca20023b40 0x000000073b6e7b40 0 1 1 0 0 1 3 26487 480
0x00007aca20023bc0 0x000000073b6e7bc0 0 1 1 0 0 1 3 26487 488
0x00007aca20023c40 0x000000073b6e7c40 0 0 0 0 0 1 3 26487 496
0x00007aca20023cc0 0x000000073b6e7cc0 0 0 0 0 0 1 3 26487 504
0x00007aca20023d40 0x000000073b6e7d40 0 1 0 0 0 1 3 26487 496
0x00007aca20023dc0 0x000000073b6e7dc0 0 1 0 0 0 1 3 26487 504
0x00007aca20023e40 0x000000073b6e7e40 0 0 1 0 0 1 3 26487 496
0x00007aca20023ec0 0x000000073b6e7ec0 0 0 1 0 0 1 3 26487 504
0x00007aca20023f40 0x000000073b6e7f40 0 1 1 0 0 1 3 26487 496
0x00007aca20023fc0 0x000000073b6e7fc0 0 1 1 0 0 1 3 26487 504
0x00007aca2003d040 0x0000000c5fef6040 0 0 0 0 0 1 3 48127 896
0x00007aca2003d0c0 0x0000000c5fef60c0 0 0 0 0 0 1 3 48127 904
0x00007aca2003d140 0x0000000c5fef6140 0 1 0 0 0 1 3 48127 896
0x00007aca2003d1c0 0x0000000c5fef61c0 0 1 0 0 0 1 3 48127 904
0x00007aca2003d240 0x0000000c5fef6240 0 0 1 0 0 1 3 48127 896
0x00007aca2003d2c0 0x0000000c5fef62c0 0 0 1 0 0 1 3 48127 904
0x00007aca2003d340 0x0000000c5fef6340 0 1 1 0 0 1 3 48127 896
0x00007aca2003d3c0 0x0000000c5fef63c0 0 1 1 0 0 1 3 48127 904
0x00007aca2003d440 0x0000000c5fef6440 0 0 0 0 0 1 3 48127 912
0x00007aca2003d4c0 0x0000000c5fef64c0 0 0 0 0 0 1 3 48127 920
0x00007aca2003d540 0x0000000c5fef6540 0 1 0 0 0 1 3 48127 912
0x00007aca2003d5c0 0x0000000c5fef65c0 0 1 0 0 0 1 3 48127 920
0x00007aca2003d640 0x0000000c5fef6640 0 0 1 0 0 1 3 48127 912
0x00007aca2003d6c0 0x0000000c5fef66c0 0 0 1 0 0 1 3 48127 920
0x00007aca2003d740 0x0000000c5fef6740 0 1 1 0 0 1 3 48127 912
0x00007aca2003d7c0 0x0000000c5fef67c0 0 1 1 0 0 1 3 48127 920
0x00007aca2003d840 0x0000000c5fef6840 0 0 0 0 0 1 3 48127 928
0x00007aca2003d8c0 0x0000000c5fef68c0 0 0 0 0 0 1 3 48127 936
0x00007aca2003d940 0x0000000c5fef6940 0 1 0 0 0 1 3 48127 928
0x00007aca2003d9c0 0x0000000c5fef69c0 0 1 0 0 0 1 3 48127 936
0x00007aca2003da40 0x0000000c5fef6a40 0 0 1 0 0 1 3 48127 928
0x00007aca2003dac0 0x0000000c5fef6ac0 0 0 1 0 0 1 3 48127 936
0x00007aca2003db40 0x0000000c5fef6b40 0 1 1 0 0 1 3 48127 928
0x00007aca2003dbc0 0x0000000c5fef6bc0 0 1 1 0 0 1 3 48127 936
0x00007aca2003dc40 0x0000000c5fef6c40 0 0 0 0 0 1 3 48127 944
0x00007aca2003dcc0 0x0000000c5fef6cc0 0 0 0 0 0 1 3 48127 952
0x00007aca2003dd40 0x0000000c5fef6d40 0 1 0 0 0 1 3 48127 944
0x00007aca2003ddc0 0x0000000c5fef6dc0 0 1 0 0 0 1 3 48127 952
0x00007aca2003de40 0x0000000c5fef6e40 0 0 1 0 0 1 3 48127 944
0x00007aca2003dec0 0x0000000c5fef6ec0 0 0 1 0 0 1 3 48127 952
0x00007aca2003df40 0x0000000c5fef6f40 0 1 1 0 0 1 3 48127 944
0x00007aca2003dfc0 0x0000000c5fef6fc0 0 1 1 0 0 1 3 48127 952
0x00007aca2003e040 0x00000005a0688040 0 0 0 0 1 1 3 21508 0
0x00007aca2003e0c0 0x00000005a06880c0 0 0 0 0 1 1 3 21508 8
0x00007aca2003e140 0x00000005a0688140 0 1 0 0 1 1 3 21508 0
0x00007aca2003e1c0 0x00000005a06881c0 0 1 0 0 1 1 3 21508 8
0x00007aca2003e240 0x00000005a0688240 0 0 1 0 1 1 3 21508 0
0x00007aca2003e2c0 0x00000005a06882c0 0 0 1 0 1 1 3 21508 8
0x00007aca2003e340 0x00000005a0688340 0 1 1 0 1 1 3 21508 0
0x00007aca2003e3c0 0x00000005a06883c0 0 1 1 0 1 1 3 21508 8
0x00007aca2003e440 0x00000005a0688440 0 0 0 0 1 1 3 21508 16
0x00007aca2003e4c0 0x00000005a06884c0 0 0 0 0 1 1 3 21508 24
0x00007aca2003e540 0x00000005a0688540 0 1 0 0 1 1 3 21508 16
0x00007aca2003e5c0 0x00000005a06885c0 0 1 0 0 1 1 3 21508 24
0x00007aca2003e640 0x00000005a0688640 0 0 1 0 1 1 3 21508 16
0x00007aca2003e6c0 0x00000005a06886c0 0 0 1 0 1 1 3 21508 24
0x00007aca2003e740 0x00000005a0688740 0 1 1 0 1 1 3 21508 16
0x00007aca2003e7c0 0x00000005a06887c0 0 1 1 0 1 1 3 21508 24
0x00007aca2003e840 0x00000005a0688840 0 0 0 0 1 1 3 21508 32
0x00007aca2003e8c0 0x00000005a06888c0 0 0 0 0 1 1 3 21508 40
0x00007aca2003e940 0x00000005a0688940 0 1 0 0 1 1 3 21508 32
0x00007aca2003e9c0 0x00000005a06889c0 0 1 0 0 1 1 3 21508 40
0x00007aca2003ea40 0x00000005a0688a40 0 0 1 0 1 1 3 21508 32
0x00007aca2003eac0 0x00000005a0688ac0 0 0 1 0 1 1 3 21508 40
0x00007aca2003eb40 0x00000005a0688b40 0 1 1 0 1 1 3 21508 32
0x00007aca2003ebc0 0x00000005a0688bc0 0 1 1 0 1 1 3 21508 40
0x00007aca2003ec40 0x00000005a0688c40 0 0 0 0 1 1 3 21508 48
0x00007aca2003ecc0 0x00000005a0688cc0 0 0 0 0 1 1 3 21508 56
0x00007aca2003ed40 0x00000005a0688d40 0 1 0 0 1 1 3 21508 48
0x00007aca2003edc0 0x00000005a0688dc0 0 1 0 0 1 1 3 21508 56
0x00007aca2003ee40 0x00000005a0688e40 0 0 1 0 1 1 3 21508 48
0x00007aca2003eec0 0x00000005a0688ec0 0 0 1 0 1 1 3 21508 56
0x00007aca2003ef40 0x00000005a0688f40 0 1 1 0 1 1 3 21508 48
0x00007aca2003efc0 0x00000005a0688fc0 0 1 1 0 1 1 3 21508 56
0x00007aca2003f040 0x0000000797659040 0 0 0 0 1 1 3 29410 576
0x00007aca2003f0c0 0x00000007976590c0 0 0 0 0 1 1 3 29410 584
0x00007aca2003f140 0x0000000797659140 0 1 0 0 1 1 3 29410 576
0x00007aca2003f1c0 0x00000007976591c0 0 1 0 0 1 1 3 29410 584
0x00007aca2003f240 0x0000000797659240 0 0 1 0 1 1 3 29410 576
0x00007aca2003f2c0 0x00000007976592c0 0 0 1 0 1 1 3 29410 584
0x00007aca2003f340 0x0000000797659340 0 1 1 0 1 1 3 29410 576
0x00007aca2003f3c0 0x00000007976593c0 0 1 1 0 1 1 3 29410 584
0x00007aca2003f440 0x0000000797659440 0 0 0 0 1 1 3 29410 592
0x00007aca2003f4c0 0x00000007976594c0 0 0 0 0 1 1 3 29410 600
0x00007aca2003f540 0x0000000797659540 0 1 0 0 1 1 3 29410 592
0x00007aca2003f5c0 0x00000007976595c0 0 1 0 0 1 1 3 29410 600
0x00007aca2003f640 0x0000000797659640 0 0 1 0 1 1 3 29410 592
0x00007aca2003f6c0 0x00000007976596c0 0 0 1 0 1 1 3 29410 600
0x00007aca2003f740 0x0000000797659740 0 1 1 0 1 1 3 29410 592
0x00007aca2003f7c0 0x00000007976597c0 0 1 1 0 1 1 3 29410 600
0x00007aca2003f840 0x0000000797659840 0 0 0 0 1 1 3 29410 608
0x00007aca2003f8c0 0x00000007976598c0 0 0 0 0 1 1 3 29410 616
0x00007aca2003f940 0x0000000797659940 0 1 0 0 1 1 3 29410 608
0x00007aca2003f9c0 0x00000007976599c0 0 1 0 0 1 1 3 29410 616
0x00007aca2003fa40 0x0000000797659a40 0 0 1 0 1 1 3 29410 608
0x00007aca2003fac0 0x0000000797659ac0 0 0 1 0 1 1 3 29410 616
0x00007aca2003fb40 0x0000000797659b40 0 1 1 0 1 1 3 29410 608
0x00007aca2003fbc0 0x0000000797659bc0 0 1 1 0 1 1 3 29410 616
0x00007aca2003fc40 0x0000000797659c40 0 0 0 0 1 1 3 29410 624
0x00007aca2003fcc0 0x0000000797659cc0 0 0 0 0 1 1 3 29410 632
0x00007aca2003fd40 0x0000000797659d40 0 1 0 0 1 1 3 29410 624
0x00007aca2003fdc0 0x0000000797659dc0 0 1 0 0 1 1 3 29410 632
0x00007aca2003fe40 0x0000000797659e40 0 0 1 0 1 1 3 29410 624
0x00007aca2003fec0 0x0000000797659ec0 0 0 1 0 1 1 3 29410 632
0x00007aca2003ff40 0x0000000797659f40 0 1 1 0 1 1 3 29410 624
0x00007aca2003ffc0 0x0000000797659fc0 0 1 1 0 1 1 3 29410 632
0x00007aca2004b040 0x0000000ced6a2040 0 0 0 0 0 1 3 52645 128
0x00007aca2004b0c0 0x0000000ced6a20c0 0 0 0 0 0 1 3 52645 136
0x00007aca2004b140 0x0000000ced6a2140 0 1 0 0 0 1 3 52645 128
0x00007aca2004b1c0 0x0000000ced6a21c0 0 1 0 0 0 1 3 52645 136
0x00007aca2004b240 0x0000000ced6a2240 0 0 1 0 0 1 3 52645 128
0x00007aca2004b2c0 0x0000000ced6a22c0 0 0 1 0 0 1 3 52645 136
0x00007aca2004b340 0x0000000ced6a2340 0 1 1 0 0 1 3 52645 128
0x00007aca2004b3c0 0x0000000ced6a23c0 0 1 1 0 0 1 3 52645 136
0x00007aca2004b440 0x0000000ced6a2440 0 0 0 0 0 1 3 52645 144
0x00007aca2004b4c0 0x0000000ced6a24c0 0 0 0 0 0 1 3 52645 152
0x00007aca2004b540 0x0000000ced6a2540 0 1 0 0 0 1 3 52645 144
0x00007aca2004b5c0 0x0000000ced6a25c0 0 1 0 0 0 1 3 52645 152
0x00007aca2004b640 0x0000000ced6a2640 0 0 1 0 0 1 3 52645 144
0x00007aca2004b6c0 0x0000000ced6a26c0 0 0 1 0 0 1 3 52645 152
0x00007aca2004b740 0x0000000ced6a2740 0 1 1 0 0 1 3 52645 144
0x00007aca2004b7c0 0x0000000ced6a27c0 0 1 1 0 0 1 3 52645 152
0x00007aca2004b840 0x0000000ced6a2840 0 0 0 0 0 1 3 52645 160
0x00007aca2004b8c0 0x0000000ced6a28c0 0 0 0 0 0 1 3 52645 168
0x00007aca2004b940 0x0000000ced6a2940 0 1 0 0 0 1 3 52645 160
0x00007aca2004b9c0 0x0000000ced6a29c0 0 1 0 0 0 1 3 52645 168
0x00007aca2004ba40 0x0000000ced6a2a40 0 0 1 0 0 1 3 52645 160
0x00007aca2004bac0 0x0000000ced6a2ac0 0 0 1 0 0 1 3 52645 168
0x00007aca2004bb40 0x0000000ced6a2b40 0 1 1 0 0 1 3 52645 160
0x00007aca2004bbc0 0x0000000ced6a2bc0 0 1 1 0 0 1 3 52645 168
0x00007aca2004bc40 0x0000000ced6a2c40 0 0 0 0 0 1 3 52645 176
0x00007aca2004bcc0 0x0000000ced6a2cc0 0 0 0 0 0 1 3 52645 184
0x00007aca2004bd40 0x0000000ced6a2d40 0 1 0 0 0 1 3 52645 176
0x00007aca2004bdc0 0x0000000ced6a2dc0 0 1 0 0 0 1 3 52645 184
0x00007aca2004be40 0x0000000ced6a2e40 0 0 1 0 0 1 3 52645 176
0x00007aca2004bec0 0x0000000ced6a2ec0 0 0 1 0 0 1 3 52645 184
0x00007aca2004bf40 0x0000000ced6a2f40 0 1 1 0 0 1 3 52645 176
0x00007aca2004bfc0 0x0000000ced6a2fc0 0 1 1 0 0 1 3 52645 184
0x00007aca2004c040 0x0000000e03638040 0 0 0 0 1 1 3 53361 512
0x00007aca2004c0c0 0x0000000e036380c0 0 0 0 0 1 1 3 53361 520
0x00007aca2004c140 0x0000000e03638140 0 1 0 0 1 1 3 53361 512
0x00007aca2004c1c0 0x0000000e036381c0 0 1 0 0 1 1 3 53361 520
0x00007aca2004c240 0x0000000e03638240 0 0 1 0 1 1 3 53361 512
0x00007aca2004c2c0 0x0000000e036382c0 0 0 1 0 1 1 3 53361 520
0x00007aca2004c340 0x0000000e03638340 0 1 1 0 1 1 3 53361 512
0x00007aca2004c3c0 0x0000000e036383c0 0 1 1 0 1 1 3 53361 520
0x00007aca2004c440 0x0000000e03638440 0 0 0 0 1 1 3 53361 528
0x00007aca2004c4c0 0x0000000e036384c0 0 0 0 0 1 1 3 53361 536
0x00007aca2004c540 0x0000000e03638540 0 1 0 0 1 1 3 53361 528
0x00007aca2004c5c0 0x0000000e036385c0 0 1 0 0 1 1 3 53361 536
0x00007aca2004c640 0x0000000e03638640 0 0 1 0 1 1 3 53361 528
0x00007aca2004c6c0 0x0000000e036386c0 0 0 1 0 1 1 3 53361 536
0x00007aca2004c740 0x0000000e03638740 0 1 1 0 1 1 3 53361 528
0x00007aca2004c7c0 0x0000000e036387c0 0 1 1 0 1 1 3 53361 536
0x00007aca2004c840 0x0000000e03638840 0 0 0 0 1 1 3 53361 544
0x00007aca2004c8c0 0x0000000e036388c0 0 0 0 0 1 1 3 53361 552
0x00007aca2004c940 0x0000000e03638940 0 1 0 0 1 1 3 53361 544
0x00007aca2004c9c0 0x0000000e036389c0 0 1 0 0 1 1 3 53361 552
0x00007aca2004ca40 0x0000000e03638a40 0 0 1 0 1 1 3 53361 544
0x00007aca2004cac0 0x0000000e03638ac0 0 0 1 0 1 1 3 53361 552
0x00007aca2004cb40 0x0000000e03638b40 0 1 1 0 1 1 3 53361 544
0x00007aca2004cbc0 0x0000000e03638bc0 0 1 1 0 1 1 3 53361 552
0x00007aca2004cc40 0x0000000e03638c40 0 0 0 0 1 1 3 53361 560
0x00007aca2004ccc0 0x0000000e03638cc0 0 0 0 0 1 1 3 53361 568
0x00007aca2004cd40 0x0000000e03638d40 0 1 0 0 1 1 3 53361 560
0x00007aca2004cdc0 0x0000000e03638dc0 0 1 0 0 1 1 3 53361 568
0x00007aca2004ce40 0x0000000e03638e40 0 0 1 0 1 1 3 53361 560
0x00007aca2004cec0 0x0000000e03638ec0 0 0 1 0 1 1 3 53361 568
0x00007aca2004cf40 0x0000000e03638f40 0 1 1 0 1 1 3 53361 560
0x00007aca2004cfc0 0x0000000e03638fc0 0 1 1 0 1 1 3 53361 568
0x00007aca2005f040 0x0000000ec8696040 0 0 0 0 0 1 3 59652 896
0x00007aca2005f0c0 0x0000000ec86960c0 0 0 0 0 0 1 3 59652 904
0x00007aca2005f140 0x0000000ec8696140 0 1 0 0 0 1 3 59652 896
0x00007aca2005f1c0 0x0000000ec86961c0 0 1 0 0 0 1 3 59652 904
0x00007aca2005f240 0x0000000ec8696240 0 0 1 0 0 1 3 59652 896
0x00007aca2005f2c0 0x0000000ec86962c0 0 0 1 0 0 1 3 59652 904
0x00007aca2005f340 0x0000000ec8696340 0 1 1 0 0 1 3 59652 896
0x00007aca2005f3c0 0x0000000ec86963c0 0 1 1 0 0 1 3 59652 904
0x00007aca2005f440 0x0000000ec8696440 0 0 0 0 0 1 3 59652 912
0x00007aca2005f4c0 0x0000000ec86964c0 0 0 0 0 0 1 3 59652 920
0x00007aca2005f540 0x0000000ec8696540 0 1 0 0 0 1 3 59652 912
0x00007aca2005f5c0 0x0000000ec86965c0 0 1 0 0 0 1 3 59652 920
0x00007aca2005f640 0x0000000ec8696640 0 0 1 0 0 1 3 59652 912
0x00007aca2005f6c0 0x0000000ec86966c0 0 0 1 0 0 1 3 59652 920
0x00007aca2005f740 0x0000000ec8696740 0 1 1 0 0 1 3 59652 912
0x00007aca2005f7c0 0x0000000ec86967c0 0 1 1 0 0 1 3 59652 920
0x00007aca2005f840 0x0000000ec8696840 0 0 0 0 0 1 3 59652 928
0x00007aca2005f8c0 0x0000000ec86968c0 0 0 0 0 0 1 3 59652 936
0x00007aca2005f940 0x0000000ec8696940 0 1 0 0 0 1 3 59652 928
0x00007aca2005f9c0 0x0000000ec86969c0 0 1 0 0 0 1 3 59652 936
0x00007aca2005fa40 0x0000000ec8696a40 0 0 1 0 0 1 3 59652 928
0x00007aca2005fac0 0x0000000ec8696ac0 0 0 1 0 0 1 3 59652 936
0x00007aca2005fb40 0x0000000ec8696b40 0 1 1 0 0 1 3 59652 928
0x00007aca2005fbc0 0x0000000ec8696bc0 0 1 1 0 0 1 3 59652 936
0x00007aca2005fc40 0x0000000ec8696c40 0 0 0 0 0 1 3 59652 944
0x00007aca2005fcc0 0x0000000ec8696cc0 0 0 0 0 0 1 3 59652 952
0x00007aca2005fd40 0x0000000ec8696d40 0 1 0 0 0 1 3 59652 944
0x00007aca2005fdc0 0x0000000ec8696dc0 0 1 0 0 0 1 3 59652 952
0x00007aca2005fe40 0x0000000ec8696e40 0 0 1 0 0 1 3 59652 944
0x00007aca2005fec0 0x0000000ec8696ec0 0 0 1 0 0 1 3 59652 952
0x00007aca2005ff40 0x0000000ec8696f40 0 1 1 0 0 1 3 59652 944
0x00007aca2005ffc0 0x0000000ec8696fc0 0 1 1 0 0 1 3 59652 952
0x00007aca20068040 0x0000000ac0e0e040 0 0 0 0 1 1 3 43016 384
0x00007aca200680c0 0x0000000ac0e0e0c0 0 0 0 0 1 1 3 43016 392
0x00007aca20068140 0x0000000ac0e0e140 0 1 0 0 1 1 3 43016 384
0x00007aca200681c0 0x0000000ac0e0e1c0 0 1 0 0 1 1 3 43016 392
0x00007aca20068240 0x0000000ac0e0e240 0 0 1 0 1 1 3 43016 384
0x00007aca200682c0 0x0000000ac0e0e2c0 0 0 1 0 1 1 3 43016 392
0x00007aca20068340 0x0000000ac0e0e340 0 1 1 0 1 1 3 43016 384
0x00007aca200683c0 0x0000000ac0e0e3c0 0 1 1 0 1 1 3 43016 392
0x00007aca20068440 0x0000000ac0e0e440 0 0 0 0 1 1 3 43016 400
0x00007aca200684c0 0x0000000ac0e0e4c0 0 0 0 0 1 1 3 43016 408
0x00007aca20068540 0x0000000ac0e0e540 0 1 0 0 1 1 3 43016 400
0x00007aca200685c0 0x0000000ac0e0e5c0 0 1 0 0 1 1 3 43016 408
0x00007aca20068640 0x0000000ac0e0e640 0 0 1 0 1 1 3 43016 400
0x00007aca200686c0 0x0000000ac0e0e6c0 0 0 1 0 1 1 3 43016 408
0x00007aca20068740 0x0000000ac0e0e740 0 1 1 0 1 1 3 43016 400
0x00007aca200687c0 0x0000000ac0e0e7c0 0 1 1 0 1 1 3 43016 408
0x00007aca20068840 0x0000000ac0e0e840 0 0 0 0 1 1 3 43016 416
0x00007aca200688c0 0x0000000ac0e0e8c0 0 0 0 0 1 1 3 43016 424
0x00007aca20068940 0x0000000ac0e0e940 0 1 0 0 1 1 3 43016 416
0x00007aca200689c0 0x0000000ac0e0e9c0 0 1 0 0 1 1 3 43016 424
0x00007aca20068a40 0x0000000ac0e0ea40 0 0 1 0 1 1 3 43016 416
0x00007aca20068ac0 0x0000000ac0e0eac0 0 0 1 0 1 1 3 43016 424
0x00007aca20068b40 0x0000000ac0e0eb40 0 1 1 0 1 1 3 43016 416
0x00007aca20068bc0 0x0000000ac0e0ebc0 0 1 1 0 1 1 3 43016 424
0x00007aca20068c40 0x0000000ac0e0ec40 0 0 0 0 1 1 3 43016 432
0x00007aca20068cc0 0x0000000ac0e0ecc0 0 0 0 0 1 1 3 43016 440
0x00007aca20068d40 0x0000000ac0e0ed40 0 1 0 0 1 1 3 43016 432
0x00007aca20068dc0 0x0000000ac0e0edc0 0 1 0 0 1 1 3 43016 440
0x00007aca20068e40 0x0000000ac0e0ee40 0 0 1 0 1 1 3 43016 432
0x00007aca20068ec0 0x0000000ac0e0eec0 0 0 1 0 1 1 3 43016 440
0x00007aca20068f40 0x0000000ac0e0ef40 0 1 1 0 1 1 3 43016 432
0x00007aca20068fc0 0x0000000ac0e0efc0 0 1 1 0 1 1 3 43016 440
0x00007aca20077040 0x000000084d6e2040 0 0 0 0 0 1 3 31159 128
0x00007aca200770c0 0x000000084d6e20c0 0 0 0 0 0 1 3 31159 136
0x00007aca20077140 0x000000084d6e2140 0 1 0 0 0 1 3 31159 128
0x00007aca200771c0 0x000000084d6e21c0 0 1 0 0 0 1 3 31159 136
0x00007aca20077240 0x000000084d6e2240 0 0 1 0 0 1 3 31159 128
0x00007aca200772c0 0x000000084d6e22c0 0 0 1 0 0 1 3 31159 136
0x00007aca20077340 0x000000084d6e2340 0 1 1 0 0 1 3 31159 128
0x00007aca200773c0 0x000000084d6e23c0 0 1 1 0 0 1 3 31159 136
0x00007aca20077440 0x000000084d6e2440 0 0 0 0 0 1 3 31159 144
0x00007aca200774c0 0x000000084d6e24c0 0 0 0 0 0 1 3 31159 152
0x00007aca20077540 0x000000084d6e2540 0 1 0 0 0 1 3 31159 144
0x00007aca200775c0 0x000000084d6e25c0 0 1 0 0 0 1 3 31159 152
0x00007aca20077640 0x000000084d6e2640 0 0 1 0 0 1 3 31159 144
0x00007aca200776c0 0x000000084d6e26c0 0 0 1 0 0 1 3 31159 152
0x00007aca20077740 0x000000084d6e2740 0 1 1 0 0 1 3 31159 144
0x00007aca200777c0 0x000000084d6e27c0 0 1 1 0 0 1 3 31159 152
0x00007aca20077840 0x000000084d6e2840 0 0 0 0 0 1 3 31159 160
0x00007aca200778c0 0x000000084d6e28c0 0 0 0 0 0 1 3 31159 168
0x00007aca20077940 0x000000084d6e2940 0 1 0 0 0 1 3 31159 160
0x00007aca200779c0 0x000000084d6e29c0 0 1 0 0 0 1 3 31159 168
0x00007aca20077a40 0x000000084d6e2a40 0 0 1 0 0 1 3 31159 160
0x00007aca20077ac0 0x000000084d6e2ac0 0 0 1 0 0 1 3 31159 168
0x00007aca20077b40 0x000000084d6e2b40 0 1 1 0 0 1 3 31159 160
0x00007aca20077bc0 0x000000084d6e2bc0 0 1 1 0 0 1 3 31159 168
0x00007aca20077c40 0x000000084d6e2c40 0 0 0 0 0 1 3 31159 176
0x00007aca20077cc0 0x000000084d6e2cc0 0 0 0 0 0 1 3 31159 184
0x00007aca20077d40 0x000000084d6e2d40 0 1 0 0 0 1 3 31159 176
0x00007aca20077dc0 0x000000084d6e2dc0 0 1 0 0 0 1 3 31159 184
0x00007aca20077e40 0x000000084d6e2e40 0 0 1 0 0 1 3 31159 176
0x00007aca20077ec0 0x000000084d6e2ec0 0 0 1 0 0 1 3 31159 184
0x00007aca20077f40 0x000000084d6e2f40 0 1 1 0 0 1 3 31159 176
0x00007aca20077fc0 0x000000084d6e2fc0 0 1 1 0 0 1 3 31159 184
0x00007aca20078040 0x000000084d6e4040 0 0 0 0 0 1 3 31159 256
0x00007aca200780c0 0x000000084d6e40c0 0 0 0 0 0 1 3 31159 264
0x00007aca20078140 0x000000084d6e4140 0 1 0 0 0 1 3 31159 256
0x00007aca200781c0 0x000000084d6e41c0 0 1 0 0 0 1 3 31159 264
0x00007aca20078240 0x000000084d6e4240 0 0 1 0 0 1 3 31159 256
0x00007aca200782c0 0x000000084d6e42c0 0 0 1 0 0 1 3 31159 264
0x00007aca20078340 0x000000084d6e4340 0 1 1 0 0 1 3 31159 256
0x00007aca200783c0 0x000000084d6e43c0 0 1 1 0 0 1 3 31159 264
0x00007aca20078440 0x000000084d6e4440 0 0 0 0 0 1 3 31159 272
0x00007aca200784c0 0x000000084d6e44c0 0 0 0 0 0 1 3 31159 280
0x00007aca20078540 0x000000084d6e4540 0 1 0 0 0 1 3 31159 272
0x00007aca200785c0 0x000000084d6e45c0 0 1 0 0 0 1 3 31159 280
0x00007aca20078640 0x000000084d6e4640 0 0 1 0 0 1 3 31159 272
0x00007aca200786c0 0x000000084d6e46c0 0 0 1 0 0 1 3 31159 280
0x00007aca20078740 0x000000084d6e4740 0 1 1 0 0 1 3 31159 272
0x00007aca200787c0 0x000000084d6e47c0 0 1 1 0 0 1 3 31159 280
0x00007aca20078840 0x000000084d6e4840 0 0 0 0 0 1 3 31159 288
0x00007aca200788c0 0x000000084d6e48c0 0 0 0 0 0 1 3 31159 296
0x00007aca20078940 0x000000084d6e4940 0 1 0 0 0 1 3 31159 288
0x00007aca200789c0 0x000000084d6e49c0 0 1 0 0 0 1 3 31159 296
0x00007aca20078a40 0x000000084d6e4a40 0 0 1 0 0 1 3 31159 288
0x00007aca20078ac0 0x000000084d6e4ac0 0 0 1 0 0 1 3 31159 296
0x00007aca20078b40 0x000000084d6e4b40 0 1 1 0 0 1 3 31159 288
0x00007aca20078bc0 0x000000084d6e4bc0 0 1 1 0 0 1 3 31159 296
0x00007aca20078c40 0x000000084d6e4c40 0 0 0 0 0 1 3 31159 304
0x00007aca20078cc0 0x000000084d6e4cc0 0 0 0 0 0 1 3 31159 312
0x00007aca20078d40 0x000000084d6e4d40 0 1 0 0 0 1 3 31159 304
0x00007aca20078dc0 0x000000084d6e4dc0 0 1 0 0 0 1 3 31159 312
0x00007aca20078e40 0x000000084d6e4e40 0 0 1 0 0 1 3 31159 304
0x00007aca20078ec0 0x000000084d6e4ec0 0 0 1 0 0 1 3 31159 312
0x00007aca20078f40 0x000000084d6e4f40 0 1 1 0 0 1 3 31159 304
0x00007aca20078fc0 0x000000084d6e4fc0 0 1 1 0 0 1 3 31159 312
0x00007aca20079040 0x0000000a93edc040 0 0 0 0 1 1 3 41582 768
0x00007aca200790c0 0x0000000a93edc0c0 0 0 0 0 1 1 3 41582 776
0x00007aca20079140 0x0000000a93edc140 0 1 0 0 1 1 3 41582 768
0x00007aca200791c0 0x0000000a93edc1c0 0 1 0 0 1 1 3 41582 776
0x00007aca20079240 0x0000000a93edc240 0 0 1 0 1 1 3 41582 768
0x00007aca200792c0 0x0000000a93edc2c0 0 0 1 0 1 1 3 41582 776
0x00007aca20079340 0x0000000a93edc340 0 1 1 0 1 1 3 41582 768
0x00007aca200793c0 0x0000000a93edc3c0 0 1 1 0 1 1 3 41582 776
0x00007aca20079440 0x0000000a93edc440 0 0 0 0 1 1 3 41582 784
0x00007aca200794c0 0x0000000a93edc4c0 0 0 0 0 1 1 3 41582 792
0x00007aca20079540 0x0000000a93edc540 0 1 0 0 1 1 3 41582 784
0x00007aca200795c0 0x0000000a93edc5c0 0 1 0 0 1 1 3 41582 792
0x00007aca20079640 0x0000000a93edc640 0 0 1 0 1 1 3 41582 784
0x00007aca200796c0 0x0000000a93edc6c0 0 0 1 0 1 1 3 41582 792
0x00007aca20079740 0x0000000a93edc740 0 1 1 0 1 1 3 41582 784
0x00007aca200797c0 0x0000000a93edc7c0 0 1 1 0 1 1 3 41582 792
0x00007aca20079840 0x0000000a93edc840 0 0 0 0 1 1 3 41582 800
0x00007aca200798c0 0x0000000a93edc8c0 0 0 0 0 1 1 3 41582 808
0x00007aca20079940 0x0000000a93edc940 0 1 0 0 1 1 3 41582 800
0x00007aca200799c0 0x0000000a93edc9c0 0 1 0 0 1 1 3 41582 808
0x00007aca20079a40 0x0000000a93edca40 0 0 1 0 1 1 3 41582 800
0x00007aca20079ac0 0x0000000a93edcac0 0 0 1 0 1 1 3 41582 808
0x00007aca20079b40 0x0000000a93edcb40 0 1 1 0 1 1 3 41582 800
0x00007aca20079bc0 0x0000000a93edcbc0 0 1 1 0 1 1 3 41582 808
0x00007aca20079c40 0x0000000a93edcc40 0 0 0 0 1 1 3 41582 816
0x00007aca20079cc0 0x0000000a93edccc0 0 0 0 0 1 1 3 41582 824
0x00007aca20079d40 0x0000000a93edcd40 0 1 0 0 1 1 3 41582 816
0x00007aca20079dc0 0x0000000a93edcdc0 0 1 0 0 1 1 3 41582 824
0x00007aca20079e40 0x0000000a93edce40 0 0 1 0 1 1 3 41582 816
0x00007aca20079ec0 0x0000000a93edcec0 0 0 1 0 1 1 3 41582 824
0x00007aca20079f40 0x0000000a93edcf40 0 1 1 0 1 1 3 41582 816
0x00007aca20079fc0 0x0000000a93edcfc0 0 1 1 0 1 1 3 41582 824
0x00007aca2007a040 0x0000000a93ede040 0 0 0 0 1 1 3 41582 896
0x00007aca2007a0c0 0x0000000a93ede0c0 0 0 0 0 1 1 3 41582 904
0x00007aca2007a140 0x0000000a93ede140 0 1 0 0 1 1 3 41582 896
0x00007aca2007a1c0 0x0000000a93ede1c0 0 1 0 0 1 1 3 41582 904
0x00007aca2007a240 0x0000000a93ede240 0 0 1 0 1 1 3 41582 896
0x00007aca2007a2c0 0x0000000a93ede2c0 0 0 1 0 1 1 3 41582 904
0x00007aca2007a340 0x0000000a93ede340 0 1 1 0 1 1 3 41582 896
0x00007aca2007a3c0 0x0000000a93ede3c0 0 1 1 0 1 1 3 41582 904
0x00007aca2007a440 0x0000000a93ede440 0 0 0 0 1 1 3 41582 912
0x00007aca2007a4c0 0x0000000a93ede4c0 0 0 0 0 1 1 3 41582 920
0x00007aca2007a540 0x0000000a93ede540 0 1 0 0 1 1 3 41582 912
0x00007aca2007a5c0 0x0000000a93ede5c0 0 1 0 0 1 1 3 41582 920
0x00007aca2007a640 0x0000000a93ede640 0 0 1 0 1 1 3 41582 912
0x00007aca2007a6c0 0x0000000a93ede6c0 0 0 1 0 1 1 3 41582 920
0x00007aca2007a740 0x0000000a93ede740 0 1 1 0 1 1 3 41582 912
0x00007aca2007a7c0 0x0000000a93ede7c0 0 1 1 0 1 1 3 41582 920
0x00007aca2007a840 0x0000000a93ede840 0 0 0 0 1 1 3 41582 928
0x00007aca2007a8c0 0x0000000a93ede8c0 0 0 0 0 1 1 3 41582 936
0x00007aca2007a940 0x0000000a93ede940 0 1 0 0 1 1 3 41582 928
0x00007aca2007a9c0 0x0000000a93ede9c0 0 1 0 0 1 1 3 41582 936
0x00007aca2007aa40 0x0000000a93edea40 0 0 1 0 1 1 3 41582 928
0x00007aca2007aac0 0x0000000a93edeac0 0 0 1 0 1 1 3 41582 936
0x00007aca2007ab40 0x0000000a93edeb40 0 1 1 0 1 1 3 41582 928
0x00007aca2007abc0 0x0000000a93edebc0 0 1 1 0 1 1 3 41582 936
0x00007aca2007ac40 0x0000000a93edec40 0 0 0 0 1 1 3 41582 944
0x00007aca2007acc0 0x0000000a93edecc0 0 0 0 0 1 1 3 41582 952
0x00007aca2007ad40 0x0000000a93eded40 0 1 0 0 1 1 3 41582 944
0x00007aca2007adc0 0x0000000a93ededc0 0 1 0 0 1 1 3 41582 952
0x00007aca2007ae40 0x0000000a93edee40 0 0 1 0 1 1 3 41582 944
0x00007aca2007aec0 0x0000000a93edeec0 0 0 1 0 1 1 3 41582 952
0x00007aca2007af40 0x0000000a93edef40 0 1 1 0 1 1 3 41582 944
0x00007aca2007afc0 0x0000000a93edefc0 0 1 1 0 1 1 3 41582 952
0x00007aca2007e040 0x0000000e29e38040 0 0 0 0 1 1 3 54585 512
0x00007aca2007e0c0 0x0000000e29e380c0 0 0 0 0 1 1 3 54585 520
0x00007aca2007e140 0x0000000e29e38140 0 1 0 0 1 1 3 54585 512
0x00007aca2007e1c0 0x0000000e29e381c0 0 1 0 0 1 1 3 54585 520
0x00007aca2007e240 0x0000000e29e38240 0 0 1 0 1 1 3 54585 512
0x00007aca2007e2c0 0x0000000e29e382c0 0 0 1 0 1 1 3 54585 520
0x00007aca2007e340 0x0000000e29e38340 0 1 1 0 1 1 3 54585 512
0x00007aca2007e3c0 0x0000000e29e383c0 0 1 1 0 1 1 3 54585 520
0x00007aca2007e440 0x0000000e29e38440 0 0 0 0 1 1 3 54585 528
0x00007aca2007e4c0 0x0000000e29e384c0 0 0 0 0 1 1 3 54585 536
0x00007aca2007e540 0x0000000e29e38540 0 1 0 0 1 1 3 54585 528
0x00007aca2007e5c0 0x0000000e29e385c0 0 1 0 0 1 1 3 54585 536
0x00007aca2007e640 0x0000000e29e38640 0 0 1 0 1 1 3 54585 528
0x00007aca2007e6c0 0x0000000e29e386c0 0 0 1 0 1 1 3 54585 536
0x00007aca2007e740 0x0000000e29e38740 0 1 1 0 1 1 3 54585 528
0x00007aca2007e7c0 0x0000000e29e387c0 0 1 1 0 1 1 3 54585 536
0x00007aca2007e840 0x0000000e29e38840 0 0 0 0 1 1 3 54585 544
0x00007aca2007e8c0 0x0000000e29e388c0 0 0 0 0 1 1 3 54585 552
0x00007aca2007e940 0x0000000e29e38940 0 1 0 0 1 1 3 54585 544
0x00007aca2007e9c0 0x0000000e29e389c0 0 1 0 0 1 1 3 54585 552
0x00007aca2007ea40 0x0000000e29e38a40 0 0 1 0 1 1 3 54585 544
0x00007aca2007eac0 0x0000000e29e38ac0 0 0 1 0 1 1 3 54585 552
0x00007aca2007eb40 0x0000000e29e38b40 0 1 1 0 1 1 3 54585 544
0x00007aca2007ebc0 0x0000000e29e38bc0 0 1 1 0 1 1 3 54585 552
0x00007aca2007ec40 0x0000000e29e38c40 0 0 0 0 1 1 3 54585 560
0x00007aca2007ecc0 0x0000000e29e38cc0 0 0 0 0 1 1 3 54585 568
0x00007aca2007ed40 0x0000000e29e38d40 0 1 0 0 1 1 3 54585 560
0x00007aca2007edc0 0x0000000e29e38dc0 0 1 0 0 1 1 3 54585 568
0x00007aca2007ee40 0x0000000e29e38e40 0 0 1 0 1 1 3 54585 560
0x00007aca2007eec0 0x0000000e29e38ec0 0 0 1 0 1 1 3 54585 568
0x00007aca2007ef40 0x0000000e29e38f40 0 1 1 0 1 1 3 54585 560
0x00007aca2007efc0 0x0000000e29e38fc0 0 1 1 0 1 1 3 54585 568
0x00007aca20080040 0x0000000df1eaa040 0 0 0 0 1 1 3 56877 128
0x00007aca200800c0 0x0000000df1eaa0c0 0 0 0 0 1 1 3 56877 136
0x00007aca20080140 0x0000000df1eaa140 0 1 0 0 1 1 3 56877 128
0x00007aca200801c0 0x0000000df1eaa1c0 0 1 0 0 1 1 3 56877 136
0x00007aca20080240 0x0000000df1eaa240 0 0 1 0 1 1 3 56877 128
0x00007aca200802c0 0x0000000df1eaa2c0 0 0 1 0 1 1 3 56877 136
0x00007aca20080340 0x0000000df1eaa340 0 1 1 0 1 1 3 56877 128
0x00007aca200803c0 0x0000000df1eaa3c0 0 1 1 0 1 1 3 56877 136
0x00007aca20080440 0x0000000df1eaa440 0 0 0 0 1 1 3 56877 144
0x00007aca200804c0 0x0000000df1eaa4c0 0 0 0 0 1 1 3 56877 152
0x00007aca20080540 0x0000000df1eaa540 0 1 0 0 1 1 3 56877 144
0x00007aca200805c0 0x0000000df1eaa5c0 0 1 0 0 1 1 3 56877 152
0x00007aca20080640 0x0000000df1eaa640 0 0 1 0 1 1 3 56877 144
0x00007aca200806c0 0x0000000df1eaa6c0 0 0 1 0 1 1 3 56877 152
0x00007aca20080740 0x0000000df1eaa740 0 1 1 0 1 1 3 56877 144
0x00007aca200807c0 0x0000000df1eaa7c0 0 1 1 0 1 1 3 56877 152
0x00007aca20080840 0x0000000df1eaa840 0 0 0 0 1 1 3 56877 160
0x00007aca200808c0 0x0000000df1eaa8c0 0 0 0 0 1 1 3 56877 168
0x00007aca20080940 0x0000000df1eaa940 0 1 0 0 1 1 3 56877 160
0x00007aca200809c0 0x0000000df1eaa9c0 0 1 0 0 1 1 3 56877 168
0x00007aca20080a40 0x0000000df1eaaa40 0 0 1 0 1 1 3 56877 160
0x00007aca20080ac0 0x0000000df1eaaac0 0 0 1 0 1 1 3 56877 168
0x00007aca20080b40 0x0000000df1eaab40 0 1 1 0 1 1 3 56877 160
0x00007aca20080bc0 0x0000000df1eaabc0 0 1 1 0 1 1 3 56877 168
0x00007aca20080c40 0x0000000df1eaac40 0 0 0 0 1 1 3 56877 176
0x00007aca20080cc0 0x0000000df1eaacc0 0 0 0 0 1 1 3 56877 184
0x00007aca20080d40 0x0000000df1eaad40 0 1 0 0 1 1 3 56877 176
0x00007aca20080dc0 0x0000000df1eaadc0 0 1 0 0 1 1 3 56877 184
0x00007aca20080e40 0x0000000df1eaae40 0 0 1 0 1 1 3 56877 176
0x00007aca20080ec0 0x0000000df1eaaec0 0 0 1 0 1 1 3 56877 184
0x00007aca20080f40 0x0000000df1eaaf40 0 1 1 0 1 1 3 56877 176
0x00007aca20080fc0 0x0000000df1eaafc0 0 1 1 0 1 1 3 56877 184
0x00007aca20081040 0x0000000d8e605040 0 0 0 0 0 1 3 53696 320
0x00007aca200810c0 0x0000000d8e6050c0 0 0 0 0 0 1 3 53696 328
0x00007aca20081140 0x0000000d8e605140 0 1 0 0 0 1 3 53696 320
0x00007aca200811c0 0x0000000d8e6051c0 0 1 0 0 0 1 3 53696 328
0x00007aca20081240 0x0000000d8e605240 0 0 1 0 0 1 3 53696 320
0x00007aca200812c0 0x0000000d8e6052c0 0 0 1 0 0 1 3 53696 328
0x00007aca20081340 0x0000000d8e605340 0 1 1 0 0 1 3 53696 320
0x00007aca200813c0 0x0000000d8e6053c0 0 1 1 0 0 1 3 53696 328
0x00007aca20081440 0x0000000d8e605440 0 0 0 0 0 1 3 53696 336
0x00007aca200814c0 0x0000000d8e6054c0 0 0 0 0 0 1 3 53696 344
0x00007aca20081540 0x0000000d8e605540 0 1 0 0 0 1 3 53696 336
0x00007aca200815c0 0x0000000d8e6055c0 0 1 0 0 0 1 3 53696 344
0x00007aca20081640 0x0000000d8e605640 0 0 1 0 0 1 3 53696 336
0x00007aca200816c0 0x0000000d8e6056c0 0 0 1 0 0 1 3 53696 344
0x00007aca20081740 0x0000000d8e605740 0 1 1 0 0 1 3 53696 336
0x00007aca200817c0 0x0000000d8e6057c0 0 1 1 0 0 1 3 53696 344
0x00007aca20081840 0x0000000d8e605840 0 0 0 0 0 1 3 53696 352
0x00007aca200818c0 0x0000000d8e6058c0 0 0 0 0 0 1 3 53696 360
0x00007aca20081940 0x0000000d8e605940 0 1 0 0 0 1 3 53696 352
0x00007aca200819c0 0x0000000d8e6059c0 0 1 0 0 0 1 3 53696 360
0x00007aca20081a40 0x0000000d8e605a40 0 0 1 0 0 1 3 53696 352
0x00007aca20081ac0 0x0000000d8e605ac0 0 0 1 0 0 1 3 53696 360
0x00007aca20081b40 0x0000000d8e605b40 0 1 1 0 0 1 3 53696 352
0x00007aca20081bc0 0x0000000d8e605bc0 0 1 1 0 0 1 3 53696 360
0x00007aca20081c40 0x0000000d8e605c40 0 0 0 0 0 1 3 53696 368
0x00007aca20081cc0 0x0000000d8e605cc0 0 0 0 0 0 1 3 53696 376
0x00007aca20081d40 0x0000000d8e605d40 0 1 0 0 0 1 3 53696 368
0x00007aca20081dc0 0x0000000d8e605dc0 0 1 0 0 0 1 3 53696 376
0x00007aca20081e40 0x0000000d8e605e40 0 0 1 0 0 1 3 53696 368
0x00007aca20081ec0 0x0000000d8e605ec0 0 0 1 0 0 1 3 53696 376
0x00007aca20081f40 0x0000000d8e605f40 0 1 1 0 0 1 3 53696 368
0x00007aca20081fc0 0x0000000d8e605fc0 0 1 1 0 0 1 3 53696 376
0x00007aca20082040 0x0000000d15e06040 0 0 0 0 0 1 3 49848 384
0x00007aca200820c0 0x0000000d15e060c0 0 0 0 0 0 1 3 49848 392
0x00007aca20082140 0x0000000d15e06140 0 1 0 0 0 1 3 49848 384
0x00007aca200821c0 0x0000000d15e061c0 0 1 0 0 0 1 3 49848 392
0x00007aca20082240 0x0000000d15e06240 0 0 1 0 0 1 3 49848 384
0x00007aca200822c0 0x0000000d15e062c0 0 0 1 0 0 1 3 49848 392
0x00007aca20082340 0x0000000d15e06340 0 1 1 0 0 1 3 49848 384
0x00007aca200823c0 0x0000000d15e063c0 0 1 1 0 0 1 3 49848 392
0x00007aca20082440 0x0000000d15e06440 0 0 0 0 0 1 3 49848 400
0x00007aca200824c0 0x0000000d15e064c0 0 0 0 0 0 1 3 49848 408
0x00007aca20082540 0x0000000d15e06540 0 1 0 0 0 1 3 49848 400
0x00007aca200825c0 0x0000000d15e065c0 0 1 0 0 0 1 3 49848 408
0x00007aca20082640 0x0000000d15e06640 0 0 1 0 0 1 3 49848 400
0x00007aca200826c0 0x0000000d15e066c0 0 0 1 0 0 1 3 49848 408
0x00007aca20082740 0x0000000d15e06740 0 1 1 0 0 1 3 49848 400
0x00007aca200827c0 0x0000000d15e067c0 0 1 1 0 0 1 3 49848 408
0x00007aca20082840 0x0000000d15e06840 0 0 0 0 0 1 3 49848 416
0x00007aca200828c0 0x0000000d15e068c0 0 0 0 0 0 1 3 49848 424
0x00007aca20082940 0x0000000d15e06940 0 1 0 0 0 1 3 49848 416
0x00007aca200829c0 0x0000000d15e069c0 0 1 0 0 0 1 3 49848 424
0x00007aca20082a40 0x0000000d15e06a40 0 0 1 0 0 1 3 49848 416
0x00007aca20082ac0 0x0000000d15e06ac0 0 0 1 0 0 1 3 49848 424
0x00007aca20082b40 0x0000000d15e06b40 0 1 1 0 0 1 3 49848 416
0x00007aca20082bc0 0x0000000d15e06bc0 0 1 1 0 0 1 3 49848 424
0x00007aca20082c40 0x0000000d15e06c40 0 0 0 0 0 1 3 49848 432
0x00007aca20082cc0 0x0000000d15e06cc0 0 0 0 0 0 1 3 49848 440
0x00007aca20082d40 0x0000000d15e06d40 0 1 0 0 0 1 3 49848 432
0x00007aca20082dc0 0x0000000d15e06dc0 0 1 0 0 0 1 3 49848 440
0x00007aca20082e40 0x0000000d15e06e40 0 0 1 0 0 1 3 49848 432
0x00007aca20082ec0 0x0000000d15e06ec0 0 0 1 0 0 1 3 49848 440
0x00007aca20082f40 0x0000000d15e06f40 0 1 1 0 0 1 3 49848 432
0x00007aca20082fc0 0x0000000d15e06fc0 0 1 1 0 0 1 3 49848 440
0x00007aca20083040 0x000000056fe99040 0 0 0 0 1 1 3 19964 576
0x00007aca200830c0 0x000000056fe990c0 0 0 0 0 1 1 3 19964 584
0x00007aca20083140 0x000000056fe99140 0 1 0 0 1 1 3 19964 576
0x00007aca200831c0 0x000000056fe991c0 0 1 0 0 1 1 3 19964 584
0x00007aca20083240 0x000000056fe99240 0 0 1 0 1 1 3 19964 576
0x00007aca200832c0 0x000000056fe992c0 0 0 1 0 1 1 3 19964 584
0x00007aca20083340 0x000000056fe99340 0 1 1 0 1 1 3 19964 576
0x00007aca200833c0 0x000000056fe993c0 0 1 1 0 1 1 3 19964 584
0x00007aca20083440 0x000000056fe99440 0 0 0 0 1 1 3 19964 592
0x00007aca200834c0 0x000000056fe994c0 0 0 0 0 1 1 3 19964 600
0x00007aca20083540 0x000000056fe99540 0 1 0 0 1 1 3 19964 592
0x00007aca200835c0 0x000000056fe995c0 0 1 0 0 1 1 3 19964 600
0x00007aca20083640 0x000000056fe99640 0 0 1 0 1 1 3 19964 592
0x00007aca200836c0 0x000000056fe996c0 0 0 1 0 1 1 3 19964 600
0x00007aca20083740 0x000000056fe99740 0 1 1 0 1 1 3 19964 592
0x00007aca200837c0 0x000000056fe997c0 0 1 1 0 1 1 3 19964 600
0x00007aca20083840 0x000000056fe99840 0 0 0 0 1 1 3 19964 608
0x00007aca200838c0 0x000000056fe998c0 0 0 0 0 1 1 3 19964 616
0x00007aca20083940 0x000000056fe99940 0 1 0 0 1 1 3 19964 608
0x00007aca200839c0 0x000000056fe999c0 0 1 0 0 1 1 3 19964 616
0x00007aca20083a40 0x000000056fe99a40 0 0 1 0 1 1 3 19964 608
0x00007aca20083ac0 0x000000056fe99ac0 0 0 1 0 1 1 3 19964 616
0x00007aca20083b40 0x000000056fe99b40 0 1 1 0 1 1 3 19964 608
0x00007aca20083bc0 0x000000056fe99bc0 0 1 1 0 1 1 3 19964 616
0x00007aca20083c40 0x000000056fe99c40 0 0 0 0 1 1 3 19964 624
0x00007aca20083cc0 0x000000056fe99cc0 0 0 0 0 1 1 3 19964 632
0x00007aca20083d40 0x000000056fe99d40 0 1 0 0 1 1 3 19964 624
0x00007aca20083dc0 0x000000056fe99dc0 0 1 0 0 1 1 3 19964 632
0x00007aca20083e40 0x000000056fe99e40 0 0 1 0 1 1 3 19964 624
0x00007aca20083ec0 0x000000056fe99ec0 0 0 1 0 1 1 3 19964 632
0x00007aca20083f40 0x000000056fe99f40 0 1 1 0 1 1 3 19964 624
0x00007aca20083fc0 0x000000056fe99fc0 0 1 1 0 1 1 3 19964 632
0x00007aca20084040 0x0000000a8cea3040 0 0 0 0 0 1 3 41357 192
0x00007aca200840c0 0x0000000a8cea30c0 0 0 0 0 0 1 3 41357 200
0x00007aca20084140 0x0000000a8cea3140 0 1 0 0 0 1 3 41357 192
0x00007aca200841c0 0x0000000a8cea31c0 0 1 0 0 0 1 3 41357 200
0x00007aca20084240 0x0000000a8cea3240 0 0 1 0 0 1 3 41357 192
0x00007aca200842c0 0x0000000a8cea32c0 0 0 1 0 0 1 3 41357 200
0x00007aca20084340 0x0000000a8cea3340 0 1 1 0 0 1 3 41357 192
0x00007aca200843c0 0x0000000a8cea33c0 0 1 1 0 0 1 3 41357 200
0x00007aca20084440 0x0000000a8cea3440 0 0 0 0 0 1 3 41357 208
0x00007aca200844c0 0x0000000a8cea34c0 0 0 0 0 0 1 3 41357 216
0x00007aca20084540 0x0000000a8cea3540 0 1 0 0 0 1 3 41357 208
0x00007aca200845c0 0x0000000a8cea35c0 0 1 0 0 0 1 3 41357 216
0x00007aca20084640 0x0000000a8cea3640 0 0 1 0 0 1 3 41357 208
0x00007aca200846c0 0x0000000a8cea36c0 0 0 1 0 0 1 3 41357 216
0x00007aca20084740 0x0000000a8cea3740 0 1 1 0 0 1 3 41357 208
0x00007aca200847c0 0x0000000a8cea37c0 0 1 1 0 0 1 3 41357 216
0x00007aca20084840 0x0000000a8cea3840 0 0 0 0 0 1 3 41357 224
0x00007aca200848c0 0x0000000a8cea38c0 0 0 0 0 0 1 3 41357 232
0x00007aca20084940 0x0000000a8cea3940 0 1 0 0 0 1 3 41357 224
0x00007aca200849c0 0x0000000a8cea39c0 0 1 0 0 0 1 3 41357 232
0x00007aca20084a40 0x0000000a8cea3a40 0 0 1 0 0 1 3 41357 224
0x00007aca20084ac0 0x0000000a8cea3ac0 0 0 1 0 0 1 3 41357 232
0x00007aca20084b40 0x0000000a8cea3b40 0 1 1 0 0 1 3 41357 224
0x00007aca20084bc0 0x0000000a8cea3bc0 0 1 1 0 0 1 3 41357 232
0x00007aca20084c40 0x0000000a8cea3c40 0 0 0 0 0 1 3 41357 240
0x00007aca20084cc0 0x0000000a8cea3cc0 0 0 0 0 0 1 3 41357 248
0x00007aca20084d40 0x0000000a8cea3d40 0 1 0 0 0 1 3 41357 240
0x00007aca20084dc0 0x0000000a8cea3dc0 0 1 0 0 0 1 3 41357 248
0x00007aca20084e40 0x0000000a8cea3e40 0 0 1 0 0 1 3 41357 240
0x00007aca20084ec0 0x0000000a8cea3ec0 0 0 1 0 0 1 3 41357 248
0x00007aca20084f40 0x0000000a8cea3f40 0 1 1 0 0 1 3 41357 240
0x00007aca20084fc0 0x0000000a8cea3fc0 0 1 1 0 0 1 3 41357 248
0x00007aca2008e040 0x0000000b6e615040 0 0 0 0 0 1 3 44496 832
0x00007aca2008e0c0 0x0000000b6e6150c0 0 0 0 0 0 1 3 44496 840
0x00007aca2008e140 0x0000000b6e615140 0 1 0 0 0 1 3 44496 832
0x00007aca2008e1c0 0x0000000b6e6151c0 0 1 0 0 0 1 3 44496 840
0x00007aca2008e240 0x0000000b6e615240 0 0 1 0 0 1 3 44496 832
0x00007aca2008e2c0 0x0000000b6e6152c0 0 0 1 0 0 1 3 44496 840
0x00007aca2008e340 0x0000000b6e615340 0 1 1 0 0 1 3 44496 832
0x00007aca2008e3c0 0x0000000b6e6153c0 0 1 1 0 0 1 3 44496 840
0x00007aca2008e440 0x0000000b6e615440 0 0 0 0 0 1 3 44496 848
0x00007aca2008e4c0 0x0000000b6e6154c0 0 0 0 0 0 1 3 44496 856
0x00007aca2008e540 0x0000000b6e615540 0 1 0 0 0 1 3 44496 848
0x00007aca2008e5c0 0x0000000b6e6155c0 0 1 0 0 0 1 3 44496 856
0x00007aca2008e640 0x0000000b6e615640 0 0 1 0 0 1 3 44496 848
0x00007aca2008e6c0 0x0000000b6e6156c0 0 0 1 0 0 1 3 44496 856
0x00007aca2008e740 0x0000000b6e615740 0 1 1 0 0 1 3 44496 848
0x00007aca2008e7c0 0x0000000b6e6157c0 0 1 1 0 0 1 3 44496 856
0x00007aca2008e840 0x0000000b6e615840 0 0 0 0 0 1 3 44496 864
0x00007aca2008e8c0 0x0000000b6e6158c0 0 0 0 0 0 1 3 44496 872
0x00007aca2008e940 0x0000000b6e615940 0 1 0 0 0 1 3 44496 864
0x00007aca2008e9c0 0x0000000b6e6159c0 0 1 0 0 0 1 3 44496 872
0x00007aca2008ea40 0x0000000b6e615a40 0 0 1 0 0 1 3 44496 864
0x00007aca2008eac0 0x0000000b6e615ac0 0 0 1 0 0 1 3 44496 872
0x00007aca2008eb40 0x0000000b6e615b40 0 1 1 0 0 1 3 44496 864
0x00007aca2008ebc0 0x0000000b6e615bc0 0 1 1 0 0 1 3 44496 872
0x00007aca2008ec40 0x0000000b6e615c40 0 0 0 0 0 1 3 44496 880
0x00007aca2008ecc0 0x0000000b6e615cc0 0 0 0 0 0 1 3 44496 888
0x00007aca2008ed40 0x0000000b6e615d40 0 1 0 0 0 1 3 44496 880
0x00007aca2008edc0 0x0000000b6e615dc0 0 1 0 0 0 1 3 44496 888
0x00007aca2008ee40 0x0000000b6e615e40 0 0 1 0 0 1 3 44496 880
0x00007aca2008eec0 0x0000000b6e615ec0 0 0 1 0 0 1 3 44496 888
0x00007aca2008ef40 0x0000000b6e615f40 0 1 1 0 0 1 3 44496 880
0x00007aca2008efc0 0x0000000b6e615fc0 0 1 1 0 0 1 3 44496 888
0x00007aca20092040 0x0000000706e21040 0 0 0 0 0 1 3 24793 64
0x00007aca200920c0 0x0000000706e210c0 0 0 0 0 0 1 3 24793 72
0x00007aca20092140 0x0000000706e21140 0 1 0 0 0 1 3 24793 64
0x00007aca200921c0 0x0000000706e211c0 0 1 0 0 0 1 3 24793 72
0x00007aca20092240 0x0000000706e21240 0 0 1 0 0 1 3 24793 64
0x00007aca200922c0 0x0000000706e212c0 0 0 1 0 0 1 3 24793 72
0x00007aca20092340 0x0000000706e21340 0 1 1 0 0 1 3 24793 64
0x00007aca200923c0 0x0000000706e213c0 0 1 1 0 0 1 3 24793 72
0x00007aca20092440 0x0000000706e21440 0 0 0 0 0 1 3 24793 80
0x00007aca200924c0 0x0000000706e214c0 0 0 0 0 0 1 3 24793 88
0x00007aca20092540 0x0000000706e21540 0 1 0 0 0 1 3 24793 80
0x00007aca200925c0 0x0000000706e215c0 0 1 0 0 0 1 3 24793 88
0x00007aca20092640 0x0000000706e21640 0 0 1 0 0 1 3 24793 80
0x00007aca200926c0 0x0000000706e216c0 0 0 1 0 0 1 3 24793 88
0x00007aca20092740 0x0000000706e21740 0 1 1 0 0 1 3 24793 80
0x00007aca200927c0 0x0000000706e217c0 0 1 1 0 0 1 3 24793 88
0x00007aca20092840 0x0000000706e21840 0 0 0 0 0 1 3 24793 96
0x00007aca200928c0 0x0000000706e218c0 0 0 0 0 0 1 3 24793 104
0x00007aca20092940 0x0000000706e21940 0 1 0 0 0 1 3 24793 96
0x00007aca200929c0 0x0000000706e219c0 0 1 0 0 0 1 3 24793 104
0x00007aca20092a40 0x0000000706e21a40 0 0 1 0 0 1 3 24793 96
0x00007aca20092ac0 0x0000000706e21ac0 0 0 1 0 0 1 3 24793 104
0x00007aca20092b40 0x0000000706e21b40 0 1 1 0 0 1 3 24793 96
0x00007aca20092bc0 0x0000000706e21bc0 0 1 1 0 0 1 3 24793 104
0x00007aca20092c40 0x0000000706e21c40 0 0 0 0 0 1 3 24793 112
0x00007aca20092cc0 0x0000000706e21cc0 0 0 0 0 0 1 3 24793 120
0x00007aca20092d40 0x0000000706e21d40 0 1 0 0 0 1 3 24793 112
0x00007aca20092dc0 0x0000000706e21dc0 0 1 0 0 0 1 3 24793 120
0x00007aca20092e40 0x0000000706e21e40 0 0 1 0 0 1 3 24793 112
0x00007aca20092ec0 0x0000000706e21ec0 0 0 1 0 0 1 3 24793 120
0x00007aca20092f40 0x0000000706e21f40 0 1 1 0 0 1 3 24793 112
0x00007aca20092fc0 0x0000000706e21fc0 0 1 1 0 0 1 3 24793 120
0x00007aca20097040 0x000000071b64c040 0 0 0 0 1 1 3 25458 256
0x00007aca200970c0 0x000000071b64c0c0 0 0 0 0 1 1 3 25458 264
0x00007aca20097140 0x000000071b64c140 0 1 0 0 1 1 3 25458 256
0x00007aca200971c0 0x000000071b64c1c0 0 1 0 0 1 1 3 25458 264
0x00007aca20097240 0x000000071b64c240 0 0 1 0 1 1 3 25458 256
0x00007aca200972c0 0x000000071b64c2c0 0 0 1 0 1 1 3 25458 264
0x00007aca20097340 0x000000071b64c340 0 1 1 0 1 1 3 25458 256
0x00007aca200973c0 0x000000071b64c3c0 0 1 1 0 1 1 3 25458 264
0x00007aca20097440 0x000000071b64c440 0 0 0 0 1 1 3 25458 272
0x00007aca200974c0 0x000000071b64c4c0 0 0 0 0 1 1 3 25458 280
0x00007aca20097540 0x000000071b64c540 0 1 0 0 1 1 3 25458 272
0x00007aca200975c0 0x000000071b64c5c0 0 1 0 0 1 1 3 25458 280
0x00007aca20097640 0x000000071b64c640 0 0 1 0 1 1 3 25458 272
0x00007aca200976c0 0x000000071b64c6c0 0 0 1 0 1 1 3 25458 280
0x00007aca20097740 0x000000071b64c740 0 1 1 0 1 1 3 25458 272
0x00007aca200977c0 0x000000071b64c7c0 0 1 1 0 1 1 3 25458 280
0x00007aca20097840 0x000000071b64c840 0 0 0 0 1 1 3 25458 288
0x00007aca200978c0 0x000000071b64c8c0 0 0 0 0 1 1 3 25458 296
0x00007aca20097940 0x000000071b64c940 0 1 0 0 1 1 3 25458 288
0x00007aca200979c0 0x000000071b64c9c0 0 1 0 0 1 1 3 25458 296
0x00007aca20097a40 0x000000071b64ca40 0 0 1 0 1 1 3 25458 288
0x00007aca20097ac0 0x000000071b64cac0 0 0 1 0 1 1 3 25458 296
0x00007aca20097b40 0x000000071b64cb40 0 1 1 0 1 1 3 25458 288
0x00007aca20097bc0 0x000000071b64cbc0 0 1 1 0 1 1 3 25458 296
0x00007aca20097c40 0x000000071b64cc40 0 0 0 0 1 1 3 25458 304
0x00007aca20097cc0 0x000000071b64ccc0 0 0 0 0 1 1 3 25458 312
0x00007aca20097d40 0x000000071b64cd40 0 1 0 0 1 1 3 25458 304
0x00007aca20097dc0 0x000000071b64cdc0 0 1 0 0 1 1 3 25458 312
0x00007aca20097e40 0x000000071b64ce40 0 0 1 0 1 1 3 25458 304
0x00007aca20097ec0 0x000000071b64cec0 0 0 1 0 1 1 3 25458 312
0x00007aca20097f40 0x000000071b64cf40 0 1 1 0 1 1 3 25458 304
0x00007aca20097fc0 0x000000071b64cfc0 0 1 1 0 1 1 3 25458 312
0x00007aca200a5040 0x0000000473e66040 0 0 0 0 0 1 3 15995 384
0x00007aca200a50c0 0x0000000473e660c0 0 0 0 0 0 1 3 15995 392
0x00007aca200a5140 0x0000000473e66140 0 1 0 0 0 1 3 15995 384
0x00007aca200a51c0 0x0000000473e661c0 0 1 0 0 0 1 3 15995 392
0x00007aca200a5240 0x0000000473e66240 0 0 1 0 0 1 3 15995 384
0x00007aca200a52c0 0x0000000473e662c0 0 0 1 0 0 1 3 15995 392
0x00007aca200a5340 0x0000000473e66340 0 1 1 0 0 1 3 15995 384
0x00007aca200a53c0 0x0000000473e663c0 0 1 1 0 0 1 3 15995 392
0x00007aca200a5440 0x0000000473e66440 0 0 0 0 0 1 3 15995 400
0x00007aca200a54c0 0x0000000473e664c0 0 0 0 0 0 1 3 15995 408
0x00007aca200a5540 0x0000000473e66540 0 1 0 0 0 1 3 15995 400
0x00007aca200a55c0 0x0000000473e665c0 0 1 0 0 0 1 3 15995 408
0x00007aca200a5640 0x0000000473e66640 0 0 1 0 0 1 3 15995 400
0x00007aca200a56c0 0x0000000473e666c0 0 0 1 0 0 1 3 15995 408
0x00007aca200a5740 0x0000000473e66740 0 1 1 0 0 1 3 15995 400
0x00007aca200a57c0 0x0000000473e667c0 0 1 1 0 0 1 3 15995 408
0x00007aca200a5840 0x0000000473e66840 0 0 0 0 0 1 3 15995 416
0x00007aca200a58c0 0x0000000473e668c0 0 0 0 0 0 1 3 15995 424
0x00007aca200a5940 0x0000000473e66940 0 1 0 0 0 1 3 15995 416
0x00007aca200a59c0 0x0000000473e669c0 0 1 0 0 0 1 3 15995 424
0x00007aca200a5a40 0x0000000473e66a40 0 0 1 0 0 1 3 15995 416
0x00007aca200a5ac0 0x0000000473e66ac0 0 0 1 0 0 1 3 15995 424
0x00007aca200a5b40 0x0000000473e66b40 0 1 1 0 0 1 3 15995 416
0x00007aca200a5bc0 0x0000000473e66bc0 0 1 1 0 0 1 3 15995 424
0x00007aca200a5c40 0x0000000473e66c40 0 0 0 0 0 1 3 15995 432
0x00007aca200a5cc0 0x0000000473e66cc0 0 0 0 0 0 1 3 15995 440
0x00007aca200a5d40 0x0000000473e66d40 0 1 0 0 0 1 3 15995 432
0x00007aca200a5dc0 0x0000000473e66dc0 0 1 0 0 0 1 3 15995 440
0x00007aca200a5e40 0x0000000473e66e40 0 0 1 0 0 1 3 15995 432
0x00007aca200a5ec0 0x0000000473e66ec0 0 0 1 0 0 1 3 15995 440
0x00007aca200a5f40 0x0000000473e66f40 0 1 1 0 0 1 3 15995 432
0x00007aca200a5fc0 0x0000000473e66fc0 0 1 1 0 0 1 3 15995 440
0x00007aca200ad040 0x0000000da869c040 0 0 0 0 1 1 3 54532 768
0x00007aca200ad0c0 0x0000000da869c0c0 0 0 0 0 1 1 3 54532 776
0x00007aca200ad140 0x0000000da869c140 0 1 0 0 1 1 3 54532 768
0x00007aca200ad1c0 0x0000000da869c1c0 0 1 0 0 1 1 3 54532 776
0x00007aca200ad240 0x0000000da869c240 0 0 1 0 1 1 3 54532 768
0x00007aca200ad2c0 0x0000000da869c2c0 0 0 1 0 1 1 3 54532 776
0x00007aca200ad340 0x0000000da869c340 0 1 1 0 1 1 3 54532 768
0x00007aca200ad3c0 0x0000000da869c3c0 0 1 1 0 1 1 3 54532 776
0x00007aca200ad440 0x0000000da869c440 0 0 0 0 1 1 3 54532 784
0x00007aca200ad4c0 0x0000000da869c4c0 0 0 0 0 1 1 3 54532 792
0x00007aca200ad540 0x0000000da869c540 0 1 0 0 1 1 3 54532 784
0x00007aca200ad5c0 0x0000000da869c5c0 0 1 0 0 1 1 3 54532 792
0x00007aca200ad640 0x0000000da869c640 0 0 1 0 1 1 3 54532 784
0x00007aca200ad6c0 0x0000000da869c6c0 0 0 1 0 1 1 3 54532 792
0x00007aca200ad740 0x0000000da869c740 0 1 1 0 1 1 3 54532 784
0x00007aca200ad7c0 0x0000000da869c7c0 0 1 1 0 1 1 3 54532 792
0x00007aca200ad840 0x0000000da869c840 0 0 0 0 1 1 3 54532 800
0x00007aca200ad8c0 0x0000000da869c8c0 0 0 0 0 1 1 3 54532 808
0x00007aca200ad940 0x0000000da869c940 0 1 0 0 1 1 3 54532 800
0x00007aca200ad9c0 0x0000000da869c9c0 0 1 0 0 1 1 3 54532 808
0x00007aca200ada40 0x0000000da869ca40 0 0 1 0 1 1 3 54532 800
0x00007aca200adac0 0x0000000da869cac0 0 0 1 0 1 1 3 54532 808
0x00007aca200adb40 0x0000000da869cb40 0 1 1 0 1 1 3 54532 800
0x00007aca200adbc0 0x0000000da869cbc0 0 1 1 0 1 1 3 54532 808
0x00007aca200adc40 0x0000000da869cc40 0 0 0 0 1 1 3 54532 816
0x00007aca200adcc0 0x0000000da869ccc0 0 0 0 0 1 1 3 54532 824
0x00007aca200add40 0x0000000da869cd40 0 1 0 0 1 1 3 54532 816
0x00007aca200addc0 0x0000000da869cdc0 0 1 0 0 1 1 3 54532 824
0x00007aca200ade40 0x0000000da869ce40 0 0 1 0 1 1 3 54532 816
0x00007aca200adec0 0x0000000da869cec0 0 0 1 0 1 1 3 54532 824
0x00007aca200adf40 0x0000000da869cf40 0 1 1 0 1 1 3 54532 816
0x00007aca200adfc0 0x0000000da869cfc0 0 1 1 0 1 1 3 54532 824
0x00007aca200b1040 0x000000056a607040 0 0 0 0 0 1 3 19792 448
0x00007aca200b10c0 0x000000056a6070c0 0 0 0 0 0 1 3 19792 456
0x00007aca200b1140 0x000000056a607140 0 1 0 0 0 1 3 19792 448
0x00007aca200b11c0 0x000000056a6071c0 0 1 0 0 0 1 3 19792 456
0x00007aca200b1240 0x000000056a607240 0 0 1 0 0 1 3 19792 448
0x00007aca200b12c0 0x000000056a6072c0 0 0 1 0 0 1 3 19792 456
0x00007aca200b1340 0x000000056a607340 0 1 1 0 0 1 3 19792 448
0x00007aca200b13c0 0x000000056a6073c0 0 1 1 0 0 1 3 19792 456
0x00007aca200b1440 0x000000056a607440 0 0 0 0 0 1 3 19792 464
0x00007aca200b14c0 0x000000056a6074c0 0 0 0 0 0 1 3 19792 472
0x00007aca200b1540 0x000000056a607540 0 1 0 0 0 1 3 19792 464
0x00007aca200b15c0 0x000000056a6075c0 0 1 0 0 0 1 3 19792 472
0x00007aca200b1640 0x000000056a607640 0 0 1 0 0 1 3 19792 464
0x00007aca200b16c0 0x000000056a6076c0 0 0 1 0 0 1 3 19792 472
0x00007aca200b1740 0x000000056a607740 0 1 1 0 0 1 3 19792 464
0x00007aca200b17c0 0x000000056a6077c0 0 1 1 0 0 1 3 19792 472
0x00007aca200b1840 0x000000056a607840 0 0 0 0 0 1 3 19792 480
0x00007aca200b18c0 0x000000056a6078c0 0 0 0 0 0 1 3 19792 488
0x00007aca200b1940 0x000000056a607940 0 1 0 0 0 1 3 19792 480
0x00007aca200b19c0 0x000000056a6079c0 0 1 0 0 0 1 3 19792 488
0x00007aca200b1a40 0x000000056a607a40 0 0 1 0 0 1 3 19792 480
0x00007aca200b1ac0 0x000000056a607ac0 0 0 1 0 0 1 3 19792 488
0x00007aca200b1b40 0x000000056a607b40 0 1 1 0 0 1 3 19792 480
0x00007aca200b1bc0 0x000000056a607bc0 0 1 1 0 0 1 3 19792 488
0x00007aca200b1c40 0x000000056a607c40 0 0 0 0 0 1 3 19792 496
0x00007aca200b1cc0 0x000000056a607cc0 0 0 0 0 0 1 3 19792 504
0x00007aca200b1d40 0x000000056a607d40 0 1 0 0 0 1 3 19792 496
0x00007aca200b1dc0 0x000000056a607dc0 0 1 0 0 0 1 3 19792 504
0x00007aca200b1e40 0x000000056a607e40 0 0 1 0 0 1 3 19792 496
0x00007aca200b1ec0 0x000000056a607ec0 0 0 1 0 0 1 3 19792 504
0x00007aca200b1f40 0x000000056a607f40 0 1 1 0 0 1 3 19792 496
0x00007aca200b1fc0 0x000000056a607fc0 0 1 1 0 0 1 3 19792 504
0x00007aca200b6040 0x0000000dbbebe040 0 0 0 0 1 1 3 55149 896
0x00007aca200b60c0 0x0000000dbbebe0c0 0 0 0 0 1 1 3 55149 904
0x00007aca200b6140 0x0000000dbbebe140 0 1 0 0 1 1 3 55149 896
0x00007aca200b61c0 0x0000000dbbebe1c0 0 1 0 0 1 1 3 55149 904
0x00007aca200b6240 0x0000000dbbebe240 0 0 1 0 1 1 3 55149 896
0x00007aca200b62c0 0x0000000dbbebe2c0 0 0 1 0 1 1 3 55149 904
0x00007aca200b6340 0x0000000dbbebe340 0 1 1 0 1 1 3 55149 896
0x00007aca200b63c0 0x0000000dbbebe3c0 0 1 1 0 1 1 3 55149 904
0x00007aca200b6440 0x0000000dbbebe440 0 0 0 0 1 1 3 55149 912
0x00007aca200b64c0 0x0000000dbbebe4c0 0 0 0 0 1 1 3 55149 920
0x00007aca200b6540 0x0000000dbbebe540 0 1 0 0 1 1 3 55149 912
0x00007aca200b65c0 0x0000000dbbebe5c0 0 1 0 0 1 1 3 55149 920
0x00007aca200b6640 0x0000000dbbebe640 0 0 1 0 1 1 3 55149 912
0x00007aca200b66c0 0x0000000dbbebe6c0 0 0 1 0 1 1 3 55149 920
0x00007aca200b6740 0x0000000dbbebe740 0 1 1 0 1 1 3 55149 912
0x00007aca200b67c0 0x0000000dbbebe7c0 0 1 1 0 1 1 3 55149 920
0x00007aca200b6840 0x0000000dbbebe840 0 0 0 0 1 1 3 55149 928
0x00007aca200b68c0 0x0000000dbbebe8c0 0 0 0 0 1 1 3 55149 936
0x00007aca200b6940 0x0000000dbbebe940 0 1 0 0 1 1 3 55149 928
0x00007aca200b69c0 0x0000000dbbebe9c0 0 1 0 0 1 1 3 55149 936
0x00007aca200b6a40 0x0000000dbbebea40 0 0 1 0 1 1 3 55149 928
0x00007aca200b6ac0 0x0000000dbbebeac0 0 0 1 0 1 1 3 55149 936
0x00007aca200b6b40 0x0000000dbbebeb40 0 1 1 0 1 1 3 55149 928
0x00007aca200b6bc0 0x0000000dbbebebc0 0 1 1 0 1 1 3 55149 936
0x00007aca200b6c40 0x0000000dbbebec40 0 0 0 0 1 1 3 55149 944
0x00007aca200b6cc0 0x0000000dbbebecc0 0 0 0 0 1 1 3 55149 952
0x00007aca200b6d40 0x0000000dbbebed40 0 1 0 0 1 1 3 55149 944
0x00007aca200b6dc0 0x0000000dbbebedc0 0 1 0 0 1 1 3 55149 952
0x00007aca200b6e40 0x0000000dbbebee40 0 0 1 0 1 1 3 55149 944
0x00007aca200b6ec0 0x0000000dbbebeec0 0 0 1 0 1 1 3 55149 952
0x00007aca200b6f40 0x0000000dbbebef40 0 1 1 0 1 1 3 55149 944
0x00007aca200b6fc0 0x0000000dbbebefc0 0 1 1 0 1 1 3 55149 952
0x00007aca200ca040 0x000000083fe9e040 0 0 0 0 1 1 3 30716 896
0x00007aca200ca0c0 0x000000083fe9e0c0 0 0 0 0 1 1 3 30716 904
0x00007aca200ca140 0x000000083fe9e140 0 1 0 0 1 1 3 30716 896
0x00007aca200ca1c0 0x000000083fe9e1c0 0 1 0 0 1 1 3 30716 904
0x00007aca200ca240 0x000000083fe9e240 0 0 1 0 1 1 3 30716 896
0x00007aca200ca2c0 0x000000083fe9e2c0 0 0 1 0 1 1 3 30716 904
0x00007aca200ca340 0x000000083fe9e340 0 1 1 0 1 1 3 30716 896
0x00007aca200ca3c0 0x000000083fe9e3c0 0 1 1 0 1 1 3 30716 904
0x00007aca200ca440 0x000000083fe9e440 0 0 0 0 1 1 3 30716 912
0x00007aca200ca4c0 0x000000083fe9e4c0 0 0 0 0 1 1 3 30716 920
0x00007aca200ca540 0x000000083fe9e540 0 1 0 0 1 1 3 30716 912
0x00007aca200ca5c0 0x000000083fe9e5c0 0 1 0 0 1 1 3 30716 920
0x00007aca200ca640 0x000000083fe9e640 0 0 1 0 1 1 3 30716 912
0x00007aca200ca6c0 0x000000083fe9e6c0 0 0 1 0 1 1 3 30716 920
0x00007aca200ca740 0x000000083fe9e740 0 1 1 0 1 1 3 30716 912
0x00007aca200ca7c0 0x000000083fe9e7c0 0 1 1 0 1 1 3 30716 920
0x00007aca200ca840 0x000000083fe9e840 0 0 0 0 1 1 3 30716 928
0x00007aca200ca8c0 0x000000083fe9e8c0 0 0 0 0 1 1 3 30716 936
0x00007aca200ca940 0x000000083fe9e940 0 1 0 0 1 1 3 30716 928
0x00007aca200ca9c0 0x000000083fe9e9c0 0 1 0 0 1 1 3 30716 936
0x00007aca200caa40 0x000000083fe9ea40 0 0 1 0 1 1 3 30716 928
0x00007aca200caac0 0x000000083fe9eac0 0 0 1 0 1 1 3 30716 936
0x00007aca200cab40 0x000000083fe9eb40 0 1 1 0 1 1 3 30716 928
0x00007aca200cabc0 0x000000083fe9ebc0 0 1 1 0 1 1 3 30716 936
0x00007aca200cac40 0x000000083fe9ec40 0 0 0 0 1 1 3 30716 944
0x00007aca200cacc0 0x000000083fe9ecc0 0 0 0 0 1 1 3 30716 952
0x00007aca200cad40 0x000000083fe9ed40 0 1 0 0 1 1 3 30716 944
0x00007aca200cadc0 0x000000083fe9edc0 0 1 0 0 1 1 3 30716 952
0x00007aca200cae40 0x000000083fe9ee40 0 0 1 0 1 1 3 30716 944
0x00007aca200caec0 0x000000083fe9eec0 0 0 1 0 1 1 3 30716 952
0x00007aca200caf40 0x000000083fe9ef40 0 1 1 0 1 1 3 30716 944
0x00007aca200cafc0 0x000000083fe9efc0 0 1 1 0 1 1 3 30716 952
0x00007aca200d0040 0x000000050ae26040 0 0 0 0 0 1 3 16729 384
0x00007aca200d00c0 0x000000050ae260c0 0 0 0 0 0 1 3 16729 392
0x00007aca200d0140 0x000000050ae26140 0 1 0 0 0 1 3 16729 384
0x00007aca200d01c0 0x000000050ae261c0 0 1 0 0 0 1 3 16729 392
0x00007aca200d0240 0x000000050ae26240 0 0 1 0 0 1 3 16729 384
0x00007aca200d02c0 0x000000050ae262c0 0 0 1 0 0 1 3 16729 392
0x00007aca200d0340 0x000000050ae26340 0 1 1 0 0 1 3 16729 384
0x00007aca200d03c0 0x000000050ae263c0 0 1 1 0 0 1 3 16729 392
0x00007aca200d0440 0x000000050ae26440 0 0 0 0 0 1 3 16729 400
0x00007aca200d04c0 0x000000050ae264c0 0 0 0 0 0 1 3 16729 408
0x00007aca200d0540 0x000000050ae26540 0 1 0 0 0 1 3 16729 400
0x00007aca200d05c0 0x000000050ae265c0 0 1 0 0 0 1 3 16729 408
0x00007aca200d0640 0x000000050ae26640 0 0 1 0 0 1 3 16729 400
0x00007aca200d06c0 0x000000050ae266c0 0 0 1 0 0 1 3 16729 408
0x00007aca200d0740 0x000000050ae26740 0 1 1 0 0 1 3 16729 400
0x00007aca200d07c0 0x000000050ae267c0 0 1 1 0 0 1 3 16729 408
0x00007aca200d0840 0x000000050ae26840 0 0 0 0 0 1 3 16729 416
0x00007aca200d08c0 0x000000050ae268c0 0 0 0 0 0 1 3 16729 424
0x00007aca200d0940 0x000000050ae26940 0 1 0 0 0 1 3 16729 416
0x00007aca200d09c0 0x000000050ae269c0 0 1 0 0 0 1 3 16729 424
0x00007aca200d0a40 0x000000050ae26a40 0 0 1 0 0 1 3 16729 416
0x00007aca200d0ac0 0x000000050ae26ac0 0 0 1 0 0 1 3 16729 424
0x00007aca200d0b40 0x000000050ae26b40 0 1 1 0 0 1 3 16729 416
0x00007aca200d0bc0 0x000000050ae26bc0 0 1 1 0 0 1 3 16729 424
0x00007aca200d0c40 0x000000050ae26c40 0 0 0 0 0 1 3 16729 432
0x00007aca200d0cc0 0x000000050ae26cc0 0 0 0 0 0 1 3 16729 440
0x00007aca200d0d40 0x000000050ae26d40 0 1 0 0 0 1 3 16729 432
0x00007aca200d0dc0 0x000000050ae26dc0 0 1 0 0 0 1 3 16729 440
0x00007aca200d0e40 0x000000050ae26e40 0 0 1 0 0 1 3 16729 432
0x00007aca200d0ec0 0x000000050ae26ec0 0 0 1 0 0 1 3 16729 440
0x00007aca200d0f40 0x000000050ae26f40 0 1 1 0 0 1 3 16729 432
0x00007aca200d0fc0 0x000000050ae26fc0 0 1 1 0 0 1 3 16729 440
0x00007aca200d3040 0x00000007cbefb040 0 0 0 0 1 1 3 31087 704
0x00007aca200d30c0 0x00000007cbefb0c0 0 0 0 0 1 1 3 31087 712
0x00007aca200d3140 0x00000007cbefb140 0 1 0 0 1 1 3 31087 704
0x00007aca200d31c0 0x00000007cbefb1c0 0 1 0 0 1 1 3 31087 712
0x00007aca200d3240 0x00000007cbefb240 0 0 1 0 1 1 3 31087 704
0x00007aca200d32c0 0x00000007cbefb2c0 0 0 1 0 1 1 3 31087 712
0x00007aca200d3340 0x00000007cbefb340 0 1 1 0 1 1 3 31087 704
0x00007aca200d33c0 0x00000007cbefb3c0 0 1 1 0 1 1 3 31087 712
0x00007aca200d3440 0x00000007cbefb440 0 0 0 0 1 1 3 31087 720
0x00007aca200d34c0 0x00000007cbefb4c0 0 0 0 0 1 1 3 31087 728
0x00007aca200d3540 0x00000007cbefb540 0 1 0 0 1 1 3 31087 720
0x00007aca200d35c0 0x00000007cbefb5c0 0 1 0 0 1 1 3 31087 728
0x00007aca200d3640 0x00000007cbefb640 0 0 1 0 1 1 3 31087 720
0x00007aca200d36c0 0x00000007cbefb6c0 0 0 1 0 1 1 3 31087 728
0x00007aca200d3740 0x00000007cbefb740 0 1 1 0 1 1 3 31087 720
0x00007aca200d37c0 0x00000007cbefb7c0 0 1 1 0 1 1 3 31087 728
0x00007aca200d3840 0x00000007cbefb840 0 0 0 0 1 1 3 31087 736
0x00007aca200d38c0 0x00000007cbefb8c0 0 0 0 0 1 1 3 31087 744
0x00007aca200d3940 0x00000007cbefb940 0 1 0 0 1 1 3 31087 736
0x00007aca200d39c0 0x00000007cbefb9c0 0 1 0 0 1 1 3 31087 744
0x00007aca200d3a40 0x00000007cbefba40 0 0 1 0 1 1 3 31087 736
0x00007aca200d3ac0 0x00000007cbefbac0 0 0 1 0 1 1 3 31087 744
0x00007aca200d3b40 0x00000007cbefbb40 0 1 1 0 1 1 3 31087 736
0x00007aca200d3bc0 0x00000007cbefbbc0 0 1 1 0 1 1 3 31087 744
0x00007aca200d3c40 0x00000007cbefbc40 0 0 0 0 1 1 3 31087 752
0x00007aca200d3cc0 0x00000007cbefbcc0 0 0 0 0 1 1 3 31087 760
0x00007aca200d3d40 0x00000007cbefbd40 0 1 0 0 1 1 3 31087 752
0x00007aca200d3dc0 0x00000007cbefbdc0 0 1 0 0 1 1 3 31087 760
0x00007aca200d3e40 0x00000007cbefbe40 0 0 1 0 1 1 3 31087 752
0x00007aca200d3ec0 0x00000007cbefbec0 0 0 1 0 1 1 3 31087 760
0x00007aca200d3f40 0x00000007cbefbf40 0 1 1 0 1 1 3 31087 752
0x00007aca200d3fc0 0x00000007cbefbfc0 0 1 1 0 1 1 3 31087 760
0x00007aca200d7040 0x0000000214e21040 0 0 0 0 0 1 3 4761 64
0x00007aca200d70c0 0x0000000214e210c0 0 0 0 0 0 1 3 4761 72
0x00007aca200d7140 0x0000000214e21140 0 1 0 0 0 1 3 4761 64
0x00007aca200d71c0 0x0000000214e211c0 0 1 0 0 0 1 3 4761 72
0x00007aca200d7240 0x0000000214e21240 0 0 1 0 0 1 3 4761 64
0x00007aca200d72c0 0x0000000214e212c0 0 0 1 0 0 1 3 4761 72
0x00007aca200d7340 0x0000000214e21340 0 1 1 0 0 1 3 4761 64
0x00007aca200d73c0 0x0000000214e213c0 0 1 1 0 0 1 3 4761 72
0x00007aca200d7440 0x0000000214e21440 0 0 0 0 0 1 3 4761 80
0x00007aca200d74c0 0x0000000214e214c0 0 0 0 0 0 1 3 4761 88
0x00007aca200d7540 0x0000000214e21540 0 1 0 0 0 1 3 4761 80
0x00007aca200d75c0 0x0000000214e215c0 0 1 0 0 0 1 3 4761 88
0x00007aca200d7640 0x0000000214e21640 0 0 1 0 0 1 3 4761 80
0x00007aca200d76c0 0x0000000214e216c0 0 0 1 0 0 1 3 4761 88
0x00007aca200d7740 0x0000000214e21740 0 1 1 0 0 1 3 4761 80
0x00007aca200d77c0 0x0000000214e217c0 0 1 1 0 0 1 3 4761 88
0x00007aca200d7840 0x0000000214e21840 0 0 0 0 0 1 3 4761 96
0x00007aca200d78c0 0x0000000214e218c0 0 0 0 0 0 1 3 4761 104
0x00007aca200d7940 0x0000000214e21940 0 1 0 0 0 1 3 4761 96
0x00007aca200d79c0 0x0000000214e219c0 0 1 0 0 0 1 3 4761 104
0x00007aca200d7a40 0x0000000214e21a40 0 0 1 0 0 1 3 4761 96
0x00007aca200d7ac0 0x0000000214e21ac0 0 0 1 0 0 1 3 4761 104
0x00007aca200d7b40 0x0000000214e21b40 0 1 1 0 0 1 3 4761 96
0x00007aca200d7bc0 0x0000000214e21bc0 0 1 1 0 0 1 3 4761 104
0x00007aca200d7c40 0x0000000214e21c40 0 0 0 0 0 1 3 4761 112
0x00007aca200d7cc0 0x0000000214e21cc0 0 0 0 0 0 1 3 4761 120
0x00007aca200d7d40 0x0000000214e21d40 0 1 0 0 0 1 3 4761 112
0x00007aca200d7dc0 0x0000000214e21dc0 0 1 0 0 0 1 3 4761 120
0x00007aca200d7e40 0x0000000214e21e40 0 0 1 0 0 1 3 4761 112
0x00007aca200d7ec0 0x0000000214e21ec0 0 0 1 0 0 1 3 4761 120
0x00007aca200d7f40 0x0000000214e21f40 0 1 1 0 0 1 3 4761 112
0x00007aca200d7fc0 0x0000000214e21fc0 0 1 1 0 0 1 3 4761 120
0x00007aca200e4040 0x00000006cfe29040 0 0 0 0 1 1 3 27113 64
0x00007aca200e40c0 0x00000006cfe290c0 0 0 0 0 1 1 3 27113 72
0x00007aca200e4140 0x00000006cfe29140 0 1 0 0 1 1 3 27113 64
0x00007aca200e41c0 0x00000006cfe291c0 0 1 0 0 1 1 3 27113 72
0x00007aca200e4240 0x00000006cfe29240 0 0 1 0 1 1 3 27113 64
0x00007aca200e42c0 0x00000006cfe292c0 0 0 1 0 1 1 3 27113 72
0x00007aca200e4340 0x00000006cfe29340 0 1 1 0 1 1 3 27113 64
0x00007aca200e43c0 0x00000006cfe293c0 0 1 1 0 1 1 3 27113 72
0x00007aca200e4440 0x00000006cfe29440 0 0 0 0 1 1 3 27113 80
0x00007aca200e44c0 0x00000006cfe294c0 0 0 0 0 1 1 3 27113 88
0x00007aca200e4540 0x00000006cfe29540 0 1 0 0 1 1 3 27113 80
0x00007aca200e45c0 0x00000006cfe295c0 0 1 0 0 1 1 3 27113 88
0x00007aca200e4640 0x00000006cfe29640 0 0 1 0 1 1 3 27113 80
0x00007aca200e46c0 0x00000006cfe296c0 0 0 1 0 1 1 3 27113 88
0x00007aca200e4740 0x00000006cfe29740 0 1 1 0 1 1 3 27113 80
0x00007aca200e47c0 0x00000006cfe297c0 0 1 1 0 1 1 3 27113 88
0x00007aca200e4840 0x00000006cfe29840 0 0 0 0 1 1 3 27113 96
0x00007aca200e48c0 0x00000006cfe298c0 0 0 0 0 1 1 3 27113 104
0x00007aca200e4940 0x00000006cfe29940 0 1 0 0 1 1 3 27113 96
0x00007aca200e49c0 0x00000006cfe299c0 0 1 0 0 1 1 3 27113 104
0x00007aca200e4a40 0x00000006cfe29a40 0 0 1 0 1 1 3 27113 96
0x00007aca200e4ac0 0x00000006cfe29ac0 0 0 1 0 1 1 3 27113 104
0x00007aca200e4b40 0x00000006cfe29b40 0 1 1 0 1 1 3 27113 96
0x00007aca200e4bc0 0x00000006cfe29bc0 0 1 1 0 1 1 3 27113 104
0x00007aca200e4c40 0x00000006cfe29c40 0 0 0 0 1 1 3 27113 112
0x00007aca200e4cc0 0x00000006cfe29cc0 0 0 0 0 1 1 3 27113 120
0x00007aca200e4d40 0x00000006cfe29d40 0 1 0 0 1 1 3 27113 112
0x00007aca200e4dc0 0x00000006cfe29dc0 0 1 0 0 1 1 3 27113 120
0x00007aca200e4e40 0x00000006cfe29e40 0 0 1 0 1 1 3 27113 112
0x00007aca200e4ec0 0x00000006cfe29ec0 0 0 1 0 1 1 3 27113 120
0x00007aca200e4f40 0x00000006cfe29f40 0 1 1 0 1 1 3 27113 112
0x00007aca200e4fc0 0x00000006cfe29fc0 0 1 1 0 1 1 3 27113 120
0x00007aca200e6040 0x0000000dd7e5a040 0 0 0 0 1 1 3 56042 640
0x00007aca200e60c0 0x0000000dd7e5a0c0 0 0 0 0 1 1 3 56042 648
0x00007aca200e6140 0x0000000dd7e5a140 0 1 0 0 1 1 3 56042 640
0x00007aca200e61c0 0x0000000dd7e5a1c0 0 1 0 0 1 1 3 56042 648
0x00007aca200e6240 0x0000000dd7e5a240 0 0 1 0 1 1 3 56042 640
0x00007aca200e62c0 0x0000000dd7e5a2c0 0 0 1 0 1 1 3 56042 648
0x00007aca200e6340 0x0000000dd7e5a340 0 1 1 0 1 1 3 56042 640
0x00007aca200e63c0 0x0000000dd7e5a3c0 0 1 1 0 1 1 3 56042 648
0x00007aca200e6440 0x0000000dd7e5a440 0 0 0 0 1 1 3 56042 656
0x00007aca200e64c0 0x0000000dd7e5a4c0 0 0 0 0 1 1 3 56042 664
0x00007aca200e6540 0x0000000dd7e5a540 0 1 0 0 1 1 3 56042 656
0x00007aca200e65c0 0x0000000dd7e5a5c0 0 1 0 0 1 1 3 56042 664
0x00007aca200e6640 0x0000000dd7e5a640 0 0 1 0 1 1 3 56042 656
0x00007aca200e66c0 0x0000000dd7e5a6c0 0 0 1 0 1 1 3 56042 664
0x00007aca200e6740 0x0000000dd7e5a740 0 1 1 0 1 1 3 56042 656
0x00007aca200e67c0 0x0000000dd7e5a7c0 0 1 1 0 1 1 3 56042 664
0x00007aca200e6840 0x0000000dd7e5a840 0 0 0 0 1 1 3 56042 672
0x00007aca200e68c0 0x0000000dd7e5a8c0 0 0 0 0 1 1 3 56042 680
0x00007aca200e6940 0x0000000dd7e5a940 0 1 0 0 1 1 3 56042 672
0x00007aca200e69c0 0x0000000dd7e5a9c0 0 1 0 0 1 1 3 56042 680
0x00007aca200e6a40 0x0000000dd7e5aa40 0 0 1 0 1 1 3 56042 672
0x00007aca200e6ac0 0x0000000dd7e5aac0 0 0 1 0 1 1 3 56042 680
0x00007aca200e6b40 0x0000000dd7e5ab40 0 1 1 0 1 1 3 56042 672
0x00007aca200e6bc0 0x0000000dd7e5abc0 0 1 1 0 1 1 3 56042 680
0x00007aca200e6c40 0x0000000dd7e5ac40 0 0 0 0 1 1 3 56042 688
0x00007aca200e6cc0 0x0000000dd7e5acc0 0 0 0 0 1 1 3 56042 696
0x00007aca200e6d40 0x0000000dd7e5ad40 0 1 0 0 1 1 3 56042 688
0x00007aca200e6dc0 0x0000000dd7e5adc0 0 1 0 0 1 1 3 56042 696
0x00007aca200e6e40 0x0000000dd7e5ae40 0 0 1 0 1 1 3 56042 688
0x00007aca200e6ec0 0x0000000dd7e5aec0 0 0 1 0 1 1 3 56042 696
0x00007aca200e6f40 0x0000000dd7e5af40 0 1 1 0 1 1 3 56042 688
0x00007aca200e6fc0 0x0000000dd7e5afc0 0 1 1 0 1 1 3 56042 696
0x00007aca200ec040 0x0000000605e97040 0 0 0 0 0 1 3 20668 960
0x00007aca200ec0c0 0x0000000605e970c0 0 0 0 0 0 1 3 20668 968
0x00007aca200ec140 0x0000000605e97140 0 1 0 0 0 1 3 20668 960
0x00007aca200ec1c0 0x0000000605e971c0 0 1 0 0 0 1 3 20668 968
0x00007aca200ec240 0x0000000605e97240 0 0 1 0 0 1 3 20668 960
0x00007aca200ec2c0 0x0000000605e972c0 0 0 1 0 0 1 3 20668 968
0x00007aca200ec340 0x0000000605e97340 0 1 1 0 0 1 3 20668 960
0x00007aca200ec3c0 0x0000000605e973c0 0 1 1 0 0 1 3 20668 968
0x00007aca200ec440 0x0000000605e97440 0 0 0 0 0 1 3 20668 976
0x00007aca200ec4c0 0x0000000605e974c0 0 0 0 0 0 1 3 20668 984
0x00007aca200ec540 0x0000000605e97540 0 1 0 0 0 1 3 20668 976
0x00007aca200ec5c0 0x0000000605e975c0 0 1 0 0 0 1 3 20668 984
0x00007aca200ec640 0x0000000605e97640 0 0 1 0 0 1 3 20668 976
0x00007aca200ec6c0 0x0000000605e976c0 0 0 1 0 0 1 3 20668 984
0x00007aca200ec740 0x0000000605e97740 0 1 1 0 0 1 3 20668 976
0x00007aca200ec7c0 0x0000000605e977c0 0 1 1 0 0 1 3 20668 984
0x00007aca200ec840 0x0000000605e97840 0 0 0 0 0 1 3 20668 992
0x00007aca200ec8c0 0x0000000605e978c0 0 0 0 0 0 1 3 20668 1000
0x00007aca200ec940 0x0000000605e97940 0 1 0 0 0 1 3 20668 992
0x00007aca200ec9c0 0x0000000605e979c0 0 1 0 0 0 1 3 20668 1000
0x00007aca200eca40 0x0000000605e97a40 0 0 1 0 0 1 3 20668 992
0x00007aca200ecac0 0x0000000605e97ac0 0 0 1 0 0 1 3 20668 1000
0x00007aca200ecb40 0x0000000605e97b40 0 1 1 0 0 1 3 20668 992
0x00007aca200ecbc0 0x0000000605e97bc0 0 1 1 0 0 1 3 20668 1000
0x00007aca200ecc40 0x0000000605e97c40 0 0 0 0 0 1 3 20668 1008
0x00007aca200eccc0 0x0000000605e97cc0 0 0 0 0 0 1 3 20668 1016
0x00007aca200ecd40 0x0000000605e97d40 0 1 0 0 0 1 3 20668 1008
0x00007aca200ecdc0 0x0000000605e97dc0 0 1 0 0 0 1 3 20668 1016
0x00007aca200ece40 0x0000000605e97e40 0 0 1 0 0 1 3 20668 1008
0x00007aca200ecec0 0x0000000605e97ec0 0 0 1 0 0 1 3 20668 1016
0x00007aca200ecf40 0x0000000605e97f40 0 1 1 0 0 1 3 20668 1008
0x00007aca200ecfc0 0x0000000605e97fc0 0 1 1 0 0 1 3 20668 1016
0x00007aca200f1040 0x000000053d660040 0 0 0 0 0 1 3 18355 0
0x00007aca200f10c0 0x000000053d6600c0 0 0 0 0 0 1 3 18355 8
0x00007aca200f1140 0x000000053d660140 0 1 0 0 0 1 3 18355 0
0x00007aca200f11c0 0x000000053d6601c0 0 1 0 0 0 1 3 18355 8
0x00007aca200f1240 0x000000053d660240 0 0 1 0 0 1 3 18355 0
0x00007aca200f12c0 0x000000053d6602c0 0 0 1 0 0 1 3 18355 8
0x00007aca200f1340 0x000000053d660340 0 1 1 0 0 1 3 18355 0
0x00007aca200f13c0 0x000000053d6603c0 0 1 1 0 0 1 3 18355 8
0x00007aca200f1440 0x000000053d660440 0 0 0 0 0 1 3 18355 16
0x00007aca200f14c0 0x000000053d6604c0 0 0 0 0 0 1 3 18355 24
0x00007aca200f1540 0x000000053d660540 0 1 0 0 0 1 3 18355 16
0x00007aca200f15c0 0x000000053d6605c0 0 1 0 0 0 1 3 18355 24
0x00007aca200f1640 0x000000053d660640 0 0 1 0 0 1 3 18355 16
0x00007aca200f16c0 0x000000053d6606c0 0 0 1 0 0 1 3 18355 24
0x00007aca200f1740 0x000000053d660740 0 1 1 0 0 1 3 18355 16
0x00007aca200f17c0 0x000000053d6607c0 0 1 1 0 0 1 3 18355 24
0x00007aca200f1840 0x000000053d660840 0 0 0 0 0 1 3 18355 32
0x00007aca200f18c0 0x000000053d6608c0 0 0 0 0 0 1 3 18355 40
0x00007aca200f1940 0x000000053d660940 0 1 0 0 0 1 3 18355 32
0x00007aca200f19c0 0x000000053d6609c0 0 1 0 0 0 1 3 18355 40
0x00007aca200f1a40 0x000000053d660a40 0 0 1 0 0 1 3 18355 32
0x00007aca200f1ac0 0x000000053d660ac0 0 0 1 0 0 1 3 18355 40
0x00007aca200f1b40 0x000000053d660b40 0 1 1 0 0 1 3 18355 32
0x00007aca200f1bc0 0x000000053d660bc0 0 1 1 0 0 1 3 18355 40
0x00007aca200f1c40 0x000000053d660c40 0 0 0 0 0 1 3 18355 48
0x00007aca200f1cc0 0x000000053d660cc0 0 0 0 0 0 1 3 18355 56
0x00007aca200f1d40 0x000000053d660d40 0 1 0 0 0 1 3 18355 48
0x00007aca200f1dc0 0x000000053d660dc0 0 1 0 0 0 1 3 18355 56
0x00007aca200f1e40 0x000000053d660e40 0 0 1 0 0 1 3 18355 48
0x00007aca200f1ec0 0x000000053d660ec0 0 0 1 0 0 1 3 18355 56
0x00007aca200f1f40 0x000000053d660f40 0 1 1 0 0 1 3 18355 48
0x00007aca200f1fc0 0x000000053d660fc0 0 1 1 0 0 1 3 18355 56
0x00007aca200f2040 0x0000000bc9e1f040 0 0 0 0 1 1 3 47400 960
0x00007aca200f20c0 0x0000000bc9e1f0c0 0 0 0 0 1 1 3 47400 968
0x00007aca200f2140 0x0000000bc9e1f140 0 1 0 0 1 1 3 47400 960
0x00007aca200f21c0 0x0000000bc9e1f1c0 0 1 0 0 1 1 3 47400 968
0x00007aca200f2240 0x0000000bc9e1f240 0 0 1 0 1 1 3 47400 960
0x00007aca200f22c0 0x0000000bc9e1f2c0 0 0 1 0 1 1 3 47400 968
0x00007aca200f2340 0x0000000bc9e1f340 0 1 1 0 1 1 3 47400 960
0x00007aca200f23c0 0x0000000bc9e1f3c0 0 1 1 0 1 1 3 47400 968
0x00007aca200f2440 0x0000000bc9e1f440 0 0 0 0 1 1 3 47400 976
0x00007aca200f24c0 0x0000000bc9e1f4c0 0 0 0 0 1 1 3 47400 984
0x00007aca200f2540 0x0000000bc9e1f540 0 1 0 0 1 1 3 47400 976
0x00007aca200f25c0 0x0000000bc9e1f5c0 0 1 0 0 1 1 3 47400 984
0x00007aca200f2640 0x0000000bc9e1f640 0 0 1 0 1 1 3 47400 976
0x00007aca200f26c0 0x0000000bc9e1f6c0 0 0 1 0 1 1 3 47400 984
0x00007aca200f2740 0x0000000bc9e1f740 0 1 1 0 1 1 3 47400 976
0x00007aca200f27c0 0x0000000bc9e1f7c0 0 1 1 0 1 1 3 47400 984
0x00007aca200f2840 0x0000000bc9e1f840 0 0 0 0 1 1 3 47400 992
0x00007aca200f28c0 0x0000000bc9e1f8c0 0 0 0 0 1 1 3 47400 1000
0x00007aca200f2940 0x0000000bc9e1f940 0 1 0 0 1 1 3 47400 992
0x00007aca200f29c0 0x0000000bc9e1f9c0 0 1 0 0 1 1 3 47400 1000
0x00007aca200f2a40 0x0000000bc9e1fa40 0 0 1 0 1 1 3 47400 992
0x00007aca200f2ac0 0x0000000bc9e1fac0 0 0 1 0 1 1 3 47400 1000
0x00007aca200f2b40 0x0000000bc9e1fb40 0 1 1 0 1 1 3 47400 992
0x00007aca200f2bc0 0x0000000bc9e1fbc0 0 1 1 0 1 1 3 47400 1000
0x00007aca200f2c40 0x0000000bc9e1fc40 0 0 0 0 1 1 3 47400 1008
0x00007aca200f2cc0 0x0000000bc9e1fcc0 0 0 0 0 1 1 3 47400 1016
0x00007aca200f2d40 0x0000000bc9e1fd40 0 1 0 0 1 1 3 47400 1008
0x00007aca200f2dc0 0x0000000bc9e1fdc0 0 1 0 0 1 1 3 47400 1016
0x00007aca200f2e40 0x0000000bc9e1fe40 0 0 1 0 1 1 3 47400 1008
0x00007aca200f2ec0 0x0000000bc9e1fec0 0 0 1 0 1 1 3 47400 1016
0x00007aca200f2f40 0x0000000bc9e1ff40 0 1 1 0 1 1 3 47400 1008
0x00007aca200f2fc0 0x0000000bc9e1ffc0 0 1 1 0 1 1 3 47400 1016
0x00007aca200f3040 0x0000000e9ae9d040 0 0 0 0 1 1 3 58188 832
0x00007aca200f30c0 0x0000000e9ae9d0c0 0 0 0 0 1 1 3 58188 840
0x00007aca200f3140 0x0000000e9ae9d140 0 1 0 0 1 1 3 58188 832
0x00007aca200f31c0 0x0000000e9ae9d1c0 0 1 0 0 1 1 3 58188 840
0x00007aca200f3240 0x0000000e9ae9d240 0 0 1 0 1 1 3 58188 832
0x00007aca200f32c0 0x0000000e9ae9d2c0 0 0 1 0 1 1 3 58188 840
0x00007aca200f3340 0x0000000e9ae9d340 0 1 1 0 1 1 3 58188 832
0x00007aca200f33c0 0x0000000e9ae9d3c0 0 1 1 0 1 1 3 58188 840
0x00007aca200f3440 0x0000000e9ae9d440 0 0 0 0 1 1 3 58188 848
0x00007aca200f34c0 0x0000000e9ae9d4c0 0 0 0 0 1 1 3 58188 856
0x00007aca200f3540 0x0000000e9ae9d540 0 1 0 0 1 1 3 58188 848
0x00007aca200f35c0 0x0000000e9ae9d5c0 0 1 0 0 1 1 3 58188 856
0x00007aca200f3640 0x0000000e9ae9d640 0 0 1 0 1 1 3 58188 848
0x00007aca200f36c0 0x0000000e9ae9d6c0 0 0 1 0 1 1 3 58188 856
0x00007aca200f3740 0x0000000e9ae9d740 0 1 1 0 1 1 3 58188 848
0x00007aca200f37c0 0x0000000e9ae9d7c0 0 1 1 0 1 1 3 58188 856
0x00007aca200f3840 0x0000000e9ae9d840 0 0 0 0 1 1 3 58188 864
0x00007aca200f38c0 0x0000000e9ae9d8c0 0 0 0 0 1 1 3 58188 872
0x00007aca200f3940 0x0000000e9ae9d940 0 1 0 0 1 1 3 58188 864
0x00007aca200f39c0 0x0000000e9ae9d9c0 0 1 0 0 1 1 3 58188 872
0x00007aca200f3a40 0x0000000e9ae9da40 0 0 1 0 1 1 3 58188 864
0x00007aca200f3ac0 0x0000000e9ae9dac0 0 0 1 0 1 1 3 58188 872
0x00007aca200f3b40 0x0000000e9ae9db40 0 1 1 0 1 1 3 58188 864
0x00007aca200f3bc0 0x0000000e9ae9dbc0 0 1 1 0 1 1 3 58188 872
0x00007aca200f3c40 0x0000000e9ae9dc40 0 0 0 0 1 1 3 58188 880
0x00007aca200f3cc0 0x0000000e9ae9dcc0 0 0 0 0 1 1 3 58188 888
0x00007aca200f3d40 0x0000000e9ae9dd40 0 1 0 0 1 1 3 58188 880
0x00007aca200f3dc0 0x0000000e9ae9ddc0 0 1 0 0 1 1 3 58188 888
0x00007aca200f3e40 0x0000000e9ae9de40 0 0 1 0 1 1 3 58188 880
0x00007aca200f3ec0 0x0000000e9ae9dec0 0 0 1 0 1 1 3 58188 888
0x00007aca200f3f40 0x0000000e9ae9df40 0 1 1 0 1 1 3 58188 880
0x00007aca200f3fc0 0x0000000e9ae9dfc0 0 1 1 0 1 1 3 58188 888
0x00007aca20102040 0x0000000d48e49040 0 0 0 0 1 1 3 51482 64
0x00007aca201020c0 0x0000000d48e490c0 0 0 0 0 1 1 3 51482 72
0x00007aca20102140 0x0000000d48e49140 0 1 0 0 1 1 3 51482 64
0x00007aca201021c0 0x0000000d48e491c0 0 1 0 0 1 1 3 51482 72
0x00007aca20102240 0x0000000d48e49240 0 0 1 0 1 1 3 51482 64
0x00007aca201022c0 0x0000000d48e492c0 0 0 1 0 1 1 3 51482 72
0x00007aca20102340 0x0000000d48e49340 0 1 1 0 1 1 3 51482 64
0x00007aca201023c0 0x0000000d48e493c0 0 1 1 0 1 1 3 51482 72
0x00007aca20102440 0x0000000d48e49440 0 0 0 0 1 1 3 51482 80
0x00007aca201024c0 0x0000000d48e494c0 0 0 0 0 1 1 3 51482 88
0x00007aca20102540 0x0000000d48e49540 0 1 0 0 1 1 3 51482 80
0x00007aca201025c0 0x0000000d48e495c0 0 1 0 0 1 1 3 51482 88
0x00007aca20102640 0x0000000d48e49640 0 0 1 0 1 1 3 51482 80
0x00007aca201026c0 0x0000000d48e496c0 0 0 1 0 1 1 3 51482 88
0x00007aca20102740 0x0000000d48e49740 0 1 1 0 1 1 3 51482 80
0x00007aca201027c0 0x0000000d48e497c0 0 1 1 0 1 1 3 51482 88
0x00007aca20102840 0x0000000d48e49840 0 0 0 0 1 1 3 51482 96
0x00007aca201028c0 0x0000000d48e498c0 0 0 0 0 1 1 3 51482 104
0x00007aca20102940 0x0000000d48e49940 0 1 0 0 1 1 3 51482 96
0x00007aca201029c0 0x0000000d48e499c0 0 1 0 0 1 1 3 51482 104
0x00007aca20102a40 0x0000000d48e49a40 0 0 1 0 1 1 3 51482 96
0x00007aca20102ac0 0x0000000d48e49ac0 0 0 1 0 1 1 3 51482 104
0x00007aca20102b40 0x0000000d48e49b40 0 1 1 0 1 1 3 51482 96
0x00007aca20102bc0 0x0000000d48e49bc0 0 1 1 0 1 1 3 51482 104
0x00007aca20102c40 0x0000000d48e49c40 0 0 0 0 1 1 3 51482 112
0x00007aca20102cc0 0x0000000d48e49cc0 0 0 0 0 1 1 3 51482 120
0x00007aca20102d40 0x0000000d48e49d40 0 1 0 0 1 1 3 51482 112
0x00007aca20102dc0 0x0000000d48e49dc0 0 1 0 0 1 1 3 51482 120
0x00007aca20102e40 0x0000000d48e49e40 0 0 1 0 1 1 3 51482 112
0x00007aca20102ec0 0x0000000d48e49ec0 0 0 1 0 1 1 3 51482 120
0x00007aca20102f40 0x0000000d48e49f40 0 1 1 0 1 1 3 51482 112
0x00007aca20102fc0 0x0000000d48e49fc0 0 1 1 0 1 1 3 51482 120
0x00007aca2010b040 0x00000002a4e5e040 0 0 0 0 1 1 3 9354 896
0x00007aca2010b0c0 0x00000002a4e5e0c0 0 0 0 0 1 1 3 9354 904
0x00007aca2010b140 0x00000002a4e5e140 0 1 0 0 1 1 3 9354 896
0x00007aca2010b1c0 0x00000002a4e5e1c0 0 1 0 0 1 1 3 9354 904
0x00007aca2010b240 0x00000002a4e5e240 0 0 1 0 1 1 3 9354 896
0x00007aca2010b2c0 0x00000002a4e5e2c0 0 0 1 0 1 1 3 9354 904
0x00007aca2010b340 0x00000002a4e5e340 0 1 1 0 1 1 3 9354 896
0x00007aca2010b3c0 0x00000002a4e5e3c0 0 1 1 0 1 1 3 9354 904
0x00007aca2010b440 0x00000002a4e5e440 0 0 0 0 1 1 3 9354 912
0x00007aca2010b4c0 0x00000002a4e5e4c0 0 0 0 0 1 1 3 9354 920
0x00007aca2010b540 0x00000002a4e5e540 0 1 0 0 1 1 3 9354 912
0x00007aca2010b5c0 0x00000002a4e5e5c0 0 1 0 0 1 1 3 9354 920
0x00007aca2010b640 0x00000002a4e5e640 0 0 1 0 1 1 3 9354 912
0x00007aca2010b6c0 0x00000002a4e5e6c0 0 0 1 0 1 1 3 9354 920
0x00007aca2010b740 0x00000002a4e5e740 0 1 1 0 1 1 3 9354 912
0x00007aca2010b7c0 0x00000002a4e5e7c0 0 1 1 0 1 1 3 9354 920
0x00007aca2010b840 0x00000002a4e5e840 0 0 0 0 1 1 3 9354 928
0x00007aca2010b8c0 0x00000002a4e5e8c0 0 0 0 0 1 1 3 9354 936
0x00007aca2010b940 0x00000002a4e5e940 0 1 0 0 1 1 3 9354 928
0x00007aca2010b9c0 0x00000002a4e5e9c0 0 1 0 0 1 1 3 9354 936
0x00007aca2010ba40 0x00000002a4e5ea40 0 0 1 0 1 1 3 9354 928
0x00007aca2010bac0 0x00000002a4e5eac0 0 0 1 0 1 1 3 9354 936
0x00007aca2010bb40 0x00000002a4e5eb40 0 1 1 0 1 1 3 9354 928
0x00007aca2010bbc0 0x00000002a4e5ebc0 0 1 1 0 1 1 3 9354 936
0x00007aca2010bc40 0x00000002a4e5ec40 0 0 0 0 1 1 3 9354 944
0x00007aca2010bcc0 0x00000002a4e5ecc0 0 0 0 0 1 1 3 9354 952
0x00007aca2010bd40 0x00000002a4e5ed40 0 1 0 0 1 1 3 9354 944
0x00007aca2010bdc0 0x00000002a4e5edc0 0 1 0 0 1 1 3 9354 952
0x00007aca2010be40 0x00000002a4e5ee40 0 0 1 0 1 1 3 9354 944
0x00007aca2010bec0 0x00000002a4e5eec0 0 0 1 0 1 1 3 9354 952
0x00007aca2010bf40 0x00000002a4e5ef40 0 1 1 0 1 1 3 9354 944
0x00007aca2010bfc0 0x00000002a4e5efc0 0 1 1 0 1 1 3 9354 952
0x00007aca2012c040 0x0000000c9ae23040 0 0 0 0 0 1 3 49993 192
0x00007aca2012c0c0 0x0000000c9ae230c0 0 0 0 0 0 1 3 49993 200
0x00007aca2012c140 0x0000000c9ae23140 0 1 0 0 0 1 3 49993 192
0x00007aca2012c1c0 0x0000000c9ae231c0 0 1 0 0 0 1 3 49993 200
0x00007aca2012c240 0x0000000c9ae23240 0 0 1 0 0 1 3 49993 192
0x00007aca2012c2c0 0x0000000c9ae232c0 0 0 1 0 0 1 3 49993 200
0x00007aca2012c340 0x0000000c9ae23340 0 1 1 0 0 1 3 49993 192
0x00007aca2012c3c0 0x0000000c9ae233c0 0 1 1 0 0 1 3 49993 200
0x00007aca2012c440 0x0000000c9ae23440 0 0 0 0 0 1 3 49993 208
0x00007aca2012c4c0 0x0000000c9ae234c0 0 0 0 0 0 1 3 49993 216
0x00007aca2012c540 0x0000000c9ae23540 0 1 0 0 0 1 3 49993 208
0x00007aca2012c5c0 0x0000000c9ae235c0 0 1 0 0 0 1 3 49993 216
0x00007aca2012c640 0x0000000c9ae23640 0 0 1 0 0 1 3 49993 208
0x00007aca2012c6c0 0x0000000c9ae236c0 0 0 1 0 0 1 3 49993 216
0x00007aca2012c740 0x0000000c9ae23740 0 1 1 0 0 1 3 49993 208
0x00007aca2012c7c0 0x0000000c9ae237c0 0 1 1 0 0 1 3 49993 216
0x00007aca2012c840 0x0000000c9ae23840 0 0 0 0 0 1 3 49993 224
0x00007aca2012c8c0 0x0000000c9ae238c0 0 0 0 0 0 1 3 49993 232
0x00007aca2012c940 0x0000000c9ae23940 0 1 0 0 0 1 3 49993 224
0x00007aca2012c9c0 0x0000000c9ae239c0 0 1 0 0 0 1 3 49993 232
0x00007aca2012ca40 0x0000000c9ae23a40 0 0 1 0 0 1 3 49993 224
0x00007aca2012cac0 0x0000000c9ae23ac0 0 0 1 0 0 1 3 49993 232
0x00007aca2012cb40 0x0000000c9ae23b40 0 1 1 0 0 1 3 49993 224
0x00007aca2012cbc0 0x0000000c9ae23bc0 0 1 1 0 0 1 3 49993 232
0x00007aca2012cc40 0x0000000c9ae23c40 0 0 0 0 0 1 3 49993 240
0x00007aca2012ccc0 0x0000000c9ae23cc0 0 0 0 0 0 1 3 49993 248
0x00007aca2012cd40 0x0000000c9ae23d40 0 1 0 0 0 1 3 49993 240
0x00007aca2012cdc0 0x0000000c9ae23dc0 0 1 0 0 0 1 3 49993 248
0x00007aca2012ce40 0x0000000c9ae23e40 0 0 1 0 0 1 3 49993 240
0x00007aca2012cec0 0x0000000c9ae23ec0 0 0 1 0 0 1 3 49993 248
0x00007aca2012cf40 0x0000000c9ae23f40 0 1 1 0 0 1 3 49993 240
0x00007aca2012cfc0 0x0000000c9ae23fc0 0 1 1 0 0 1 3 49993 248
0x00007aca20156040 0x0000000e70e28040 0 0 0 0 1 1 3 56857 0
0x00007aca201560c0 0x0000000e70e280c0 0 0 0 0 1 1 3 56857 8
0x00007aca20156140 0x0000000e70e28140 0 1 0 0 1 1 3 56857 0
0x00007aca201561c0 0x0000000e70e281c0 0 1 0 0 1 1 3 56857 8
0x00007aca20156240 0x0000000e70e28240 0 0 1 0 1 1 3 56857 0
0x00007aca201562c0 0x0000000e70e282c0 0 0 1 0 1 1 3 56857 8
0x00007aca20156340 0x0000000e70e28340 0 1 1 0 1 1 3 56857 0
0x00007aca201563c0 0x0000000e70e283c0 0 1 1 0 1 1 3 56857 8
0x00007aca20156440 0x0000000e70e28440 0 0 0 0 1 1 3 56857 16
0x00007aca201564c0 0x0000000e70e284c0 0 0 0 0 1 1 3 56857 24
0x00007aca20156540 0x0000000e70e28540 0 1 0 0 1 1 3 56857 16
0x00007aca201565c0 0x0000000e70e285c0 0 1 0 0 1 1 3 56857 24
0x00007aca20156640 0x0000000e70e28640 0 0 1 0 1 1 3 56857 16
0x00007aca201566c0 0x0000000e70e286c0 0 0 1 0 1 1 3 56857 24
0x00007aca20156740 0x0000000e70e28740 0 1 1 0 1 1 3 56857 16
0x00007aca201567c0 0x0000000e70e287c0 0 1 1 0 1 1 3 56857 24
0x00007aca20156840 0x0000000e70e28840 0 0 0 0 1 1 3 56857 32
0x00007aca201568c0 0x0000000e70e288c0 0 0 0 0 1 1 3 56857 40
0x00007aca20156940 0x0000000e70e28940 0 1 0 0 1 1 3 56857 32
0x00007aca201569c0 0x0000000e70e289c0 0 1 0 0 1 1 3 56857 40
0x00007aca20156a40 0x0000000e70e28a40 0 0 1 0 1 1 3 56857 32
0x00007aca20156ac0 0x0000000e70e28ac0 0 0 1 0 1 1 3 56857 40
0x00007aca20156b40 0x0000000e70e28b40 0 1 1 0 1 1 3 56857 32
0x00007aca20156bc0 0x0000000e70e28bc0 0 1 1 0 1 1 3 56857 40
0x00007aca20156c40 0x0000000e70e28c40 0 0 0 0 1 1 3 56857 48
0x00007aca20156cc0 0x0000000e70e28cc0 0 0 0 0 1 1 3 56857 56
0x00007aca20156d40 0x0000000e70e28d40 0 1 0 0 1 1 3 56857 48
0x00007aca20156dc0 0x0000000e70e28dc0 0 1 0 0 1 1 3 56857 56
0x00007aca20156e40 0x0000000e70e28e40 0 0 1 0 1 1 3 56857 48
0x00007aca20156ec0 0x0000000e70e28ec0 0 0 1 0 1 1 3 56857 56
0x00007aca20156f40 0x0000000e70e28f40 0 1 1 0 1 1 3 56857 48
0x00007aca20156fc0 0x0000000e70e28fc0 0 1 1 0 1 1 3 56857 56
0x00007aca20157040 0x00000006b8e51040 0 0 0 0 0 1 3 26378 576
0x00007aca201570c0 0x00000006b8e510c0 0 0 0 0 0 1 3 26378 584
0x00007aca20157140 0x00000006b8e51140 0 1 0 0 0 1 3 26378 576
0x00007aca201571c0 0x00000006b8e511c0 0 1 0 0 0 1 3 26378 584
0x00007aca20157240 0x00000006b8e51240 0 0 1 0 0 1 3 26378 576
0x00007aca201572c0 0x00000006b8e512c0 0 0 1 0 0 1 3 26378 584
0x00007aca20157340 0x00000006b8e51340 0 1 1 0 0 1 3 26378 576
0x00007aca201573c0 0x00000006b8e513c0 0 1 1 0 0 1 3 26378 584
0x00007aca20157440 0x00000006b8e51440 0 0 0 0 0 1 3 26378 592
0x00007aca201574c0 0x00000006b8e514c0 0 0 0 0 0 1 3 26378 600
0x00007aca20157540 0x00000006b8e51540 0 1 0 0 0 1 3 26378 592
0x00007aca201575c0 0x00000006b8e515c0 0 1 0 0 0 1 3 26378 600
0x00007aca20157640 0x00000006b8e51640 0 0 1 0 0 1 3 26378 592
0x00007aca201576c0 0x00000006b8e516c0 0 0 1 0 0 1 3 26378 600
0x00007aca20157740 0x00000006b8e51740 0 1 1 0 0 1 3 26378 592
0x00007aca201577c0 0x00000006b8e517c0 0 1 1 0 0 1 3 26378 600
0x00007aca20157840 0x00000006b8e51840 0 0 0 0 0 1 3 26378 608
0x00007aca201578c0 0x00000006b8e518c0 0 0 0 0 0 1 3 26378 616
0x00007aca20157940 0x00000006b8e51940 0 1 0 0 0 1 3 26378 608
0x00007aca201579c0 0x00000006b8e519c0 0 1 0 0 0 1 3 26378 616
0x00007aca20157a40 0x00000006b8e51a40 0 0 1 0 0 1 3 26378 608
0x00007aca20157ac0 0x00000006b8e51ac0 0 0 1 0 0 1 3 26378 616
0x00007aca20157b40 0x00000006b8e51b40 0 1 1 0 0 1 3 26378 608
0x00007aca20157bc0 0x00000006b8e51bc0 0 1 1 0 0 1 3 26378 616
0x00007aca20157c40 0x00000006b8e51c40 0 0 0 0 0 1 3 26378 624
0x00007aca20157cc0 0x00000006b8e51cc0 0 0 0 0 0 1 3 26378 632
0x00007aca20157d40 0x00000006b8e51d40 0 1 0 0 0 1 3 26378 624
0x00007aca20157dc0 0x00000006b8e51dc0 0 1 0 0 0 1 3 26378 632
0x00007aca20157e40 0x00000006b8e51e40 0 0 1 0 0 1 3 26378 624
0x00007aca20157ec0 0x00000006b8e51ec0 0 0 1 0 0 1 3 26378 632
0x00007aca20157f40 0x00000006b8e51f40 0 1 1 0 0 1 3 26378 624
0x00007aca20157fc0 0x00000006b8e51fc0 0 1 1 0 0 1 3 26378 632
0x00007aca2015e040 0x0000000d69687040 0 0 0 0 0 1 3 52532 448
0x00007aca2015e0c0 0x0000000d696870c0 0 0 0 0 0 1 3 52532 456
0x00007aca2015e140 0x0000000d69687140 0 1 0 0 0 1 3 52532 448
0x00007aca2015e1c0 0x0000000d696871c0 0 1 0 0 0 1 3 52532 456
0x00007aca2015e240 0x0000000d69687240 0 0 1 0 0 1 3 52532 448
0x00007aca2015e2c0 0x0000000d696872c0 0 0 1 0 0 1 3 52532 456
0x00007aca2015e340 0x0000000d69687340 0 1 1 0 0 1 3 52532 448
0x00007aca2015e3c0 0x0000000d696873c0 0 1 1 0 0 1 3 52532 456
0x00007aca2015e440 0x0000000d69687440 0 0 0 0 0 1 3 52532 464
0x00007aca2015e4c0 0x0000000d696874c0 0 0 0 0 0 1 3 52532 472
0x00007aca2015e540 0x0000000d69687540 0 1 0 0 0 1 3 52532 464
0x00007aca2015e5c0 0x0000000d696875c0 0 1 0 0 0 1 3 52532 472
0x00007aca2015e640 0x0000000d69687640 0 0 1 0 0 1 3 52532 464
0x00007aca2015e6c0 0x0000000d696876c0 0 0 1 0 0 1 3 52532 472
0x00007aca2015e740 0x0000000d69687740 0 1 1 0 0 1 3 52532 464
0x00007aca2015e7c0 0x0000000d696877c0 0 1 1 0 0 1 3 52532 472
0x00007aca2015e840 0x0000000d69687840 0 0 0 0 0 1 3 52532 480
0x00007aca2015e8c0 0x0000000d696878c0 0 0 0 0 0 1 3 52532 488
0x00007aca2015e940 0x0000000d69687940 0 1 0 0 0 1 3 52532 480
0x00007aca2015e9c0 0x0000000d696879c0 0 1 0 0 0 1 3 52532 488
0x00007aca2015ea40 0x0000000d69687a40 0 0 1 0 0 1 3 52532 480
0x00007aca2015eac0 0x0000000d69687ac0 0 0 1 0 0 1 3 52532 488
0x00007aca2015eb40 0x0000000d69687b40 0 1 1 0 0 1 3 52532 480
0x00007aca2015ebc0 0x0000000d69687bc0 0 1 1 0 0 1 3 52532 488
0x00007aca2015ec40 0x0000000d69687c40 0 0 0 0 0 1 3 52532 496
0x00007aca2015ecc0 0x0000000d69687cc0 0 0 0 0 0 1 3 52532 504
0x00007aca2015ed40 0x0000000d69687d40 0 1 0 0 0 1 3 52532 496
0x00007aca2015edc0 0x0000000d69687dc0 0 1 0 0 0 1 3 52532 504
0x00007aca2015ee40 0x0000000d69687e40 0 0 1 0 0 1 3 52532 496
0x00007aca2015eec0 0x0000000d69687ec0 0 0 1 0 0 1 3 52532 504
0x00007aca2015ef40 0x0000000d69687f40 0 1 1 0 0 1 3 52532 496
0x00007aca2015efc0 0x0000000d69687fc0 0 1 1 0 0 1 3 52532 504
0x00007aca2015f040 0x0000000c216b3040 0 0 0 0 0 1 3 46133 704
0x00007aca2015f0c0 0x0000000c216b30c0 0 0 0 0 0 1 3 46133 712
0x00007aca2015f140 0x0000000c216b3140 0 1 0 0 0 1 3 46133 704
0x00007aca2015f1c0 0x0000000c216b31c0 0 1 0 0 0 1 3 46133 712
0x00007aca2015f240 0x0000000c216b3240 0 0 1 0 0 1 3 46133 704
0x00007aca2015f2c0 0x0000000c216b32c0 0 0 1 0 0 1 3 46133 712
0x00007aca2015f340 0x0000000c216b3340 0 1 1 0 0 1 3 46133 704
0x00007aca2015f3c0 0x0000000c216b33c0 0 1 1 0 0 1 3 46133 712
0x00007aca2015f440 0x0000000c216b3440 0 0 0 0 0 1 3 46133 720
0x00007aca2015f4c0 0x0000000c216b34c0 0 0 0 0 0 1 3 46133 728
0x00007aca2015f540 0x0000000c216b3540 0 1 0 0 0 1 3 46133 720
0x00007aca2015f5c0 0x0000000c216b35c0 0 1 0 0 0 1 3 46133 728
0x00007aca2015f640 0x0000000c216b3640 0 0 1 0 0 1 3 46133 720
0x00007aca2015f6c0 0x0000000c216b36c0 0 0 1 0 0 1 3 46133 728
0x00007aca2015f740 0x0000000c216b3740 0 1 1 0 0 1 3 46133 720
0x00007aca2015f7c0 0x0000000c216b37c0 0 1 1 0 0 1 3 46133 728
0x00007aca2015f840 0x0000000c216b3840 0 0 0 0 0 1 3 46133 736
0x00007aca2015f8c0 0x0000000c216b38c0 0 0 0 0 0 1 3 46133 744
0x00007aca2015f940 0x0000000c216b3940 0 1 0 0 0 1 3 46133 736
0x00007aca2015f9c0 0x0000000c216b39c0 0 1 0 0 0 1 3 46133 744
0x00007aca2015fa40 0x0000000c216b3a40 0 0 1 0 0 1 3 46133 736
0x00007aca2015fac0 0x0000000c216b3ac0 0 0 1 0 0 1 3 46133 744
0x00007aca2015fb40 0x0000000c216b3b40 0 1 1 0 0 1 3 46133 736
0x00007aca2015fbc0 0x0000000c216b3bc0 0 1 1 0 0 1 3 46133 744
0x00007aca2015fc40 0x0000000c216b3c40 0 0 0 0 0 1 3 46133 752
0x00007aca2015fcc0 0x0000000c216b3cc0 0 0 0 0 0 1 3 46133 760
0x00007aca2015fd40 0x0000000c216b3d40 0 1 0 0 0 1 3 46133 752
0x00007aca2015fdc0 0x0000000c216b3dc0 0 1 0 0 0 1 3 46133 760
0x00007aca2015fe40 0x0000000c216b3e40 0 0 1 0 0 1 3 46133 752
0x00007aca2015fec0 0x0000000c216b3ec0 0 0 1 0 0 1 3 46133 760
0x00007aca2015ff40 0x0000000c216b3f40 0 1 1 0 0 1 3 46133 752
0x00007aca2015ffc0 0x0000000c216b3fc0 0 1 1 0 0 1 3 46133 760
0x00007aca20160040 0x000000066d6a5040 0 0 0 0 0 1 3 23989 320
0x00007aca201600c0 0x000000066d6a50c0 0 0 0 0 0 1 3 23989 328
0x00007aca20160140 0x000000066d6a5140 0 1 0 0 0 1 3 23989 320
0x00007aca201601c0 0x000000066d6a51c0 0 1 0 0 0 1 3 23989 328
0x00007aca20160240 0x000000066d6a5240 0 0 1 0 0 1 3 23989 320
0x00007aca201602c0 0x000000066d6a52c0 0 0 1 0 0 1 3 23989 328
0x00007aca20160340 0x000000066d6a5340 0 1 1 0 0 1 3 23989 320
0x00007aca201603c0 0x000000066d6a53c0 0 1 1 0 0 1 3 23989 328
0x00007aca20160440 0x000000066d6a5440 0 0 0 0 0 1 3 23989 336
0x00007aca201604c0 0x000000066d6a54c0 0 0 0 0 0 1 3 23989 344
0x00007aca20160540 0x000000066d6a5540 0 1 0 0 0 1 3 23989 336
0x00007aca201605c0 0x000000066d6a55c0 0 1 0 0 0 1 3 23989 344
0x00007aca20160640 0x000000066d6a5640 0 0 1 0 0 1 3 23989 336
0x00007aca201606c0 0x000000066d6a56c0 0 0 1 0 0 1 3 23989 344
0x00007aca20160740 0x000000066d6a5740 0 1 1 0 0 1 3 23989 336
0x00007aca201607c0 0x000000066d6a57c0 0 1 1 0 0 1 3 23989 344
0x00007aca20160840 0x000000066d6a5840 0 0 0 0 0 1 3 23989 352
0x00007aca201608c0 0x000000066d6a58c0 0 0 0 0 0 1 3 23989 360
0x00007aca20160940 0x000000066d6a5940 0 1 0 0 0 1 3 23989 352
0x00007aca201609c0 0x000000066d6a59c0 0 1 0 0 0 1 3 23989 360
0x00007aca20160a40 0x000000066d6a5a40 0 0 1 0 0 1 3 23989 352
0x00007aca20160ac0 0x000000066d6a5ac0 0 0 1 0 0 1 3 23989 360
0x00007aca20160b40 0x000000066d6a5b40 0 1 1 0 0 1 3 23989 352
0x00007aca20160bc0 0x000000066d6a5bc0 0 1 1 0 0 1 3 23989 360
0x00007aca20160c40 0x000000066d6a5c40 0 0 0 0 0 1 3 23989 368
0x00007aca20160cc0 0x000000066d6a5cc0 0 0 0 0 0 1 3 23989 376
0x00007aca20160d40 0x000000066d6a5d40 0 1 0 0 0 1 3 23989 368
0x00007aca20160dc0 0x000000066d6a5dc0 0 1 0 0 0 1 3 23989 376
0x00007aca20160e40 0x000000066d6a5e40 0 0 1 0 0 1 3 23989 368
0x00007aca20160ec0 0x000000066d6a5ec0 0 0 1 0 0 1 3 23989 376
0x00007aca20160f40 0x000000066d6a5f40 0 1 1 0 0 1 3 23989 368
0x00007aca20160fc0 0x000000066d6a5fc0 0 1 1 0 0 1 3 23989 376
0x00007aca2016c040 0x00000004e0ebe040 0 0 0 0 1 1 3 19469 896
0x00007aca2016c0c0 0x00000004e0ebe0c0 0 0 0 0 1 1 3 19469 904
0x00007aca2016c140 0x00000004e0ebe140 0 1 0 0 1 1 3 19469 896
0x00007aca2016c1c0 0x00000004e0ebe1c0 0 1 0 0 1 1 3 19469 904
0x00007aca2016c240 0x00000004e0ebe240 0 0 1 0 1 1 3 19469 896
0x00007aca2016c2c0 0x00000004e0ebe2c0 0 0 1 0 1 1 3 19469 904
0x00007aca2016c340 0x00000004e0ebe340 0 1 1 0 1 1 3 19469 896
0x00007aca2016c3c0 0x00000004e0ebe3c0 0 1 1 0 1 1 3 19469 904
0x00007aca2016c440 0x00000004e0ebe440 0 0 0 0 1 1 3 19469 912
0x00007aca2016c4c0 0x00000004e0ebe4c0 0 0 0 0 1 1 3 19469 920
0x00007aca2016c540 0x00000004e0ebe540 0 1 0 0 1 1 3 19469 912
0x00007aca2016c5c0 0x00000004e0ebe5c0 0 1 0 0 1 1 3 19469 920
0x00007aca2016c640 0x00000004e0ebe640 0 0 1 0 1 1 3 19469 912
0x00007aca2016c6c0 0x00000004e0ebe6c0 0 0 1 0 1 1 3 19469 920
0x00007aca2016c740 0x00000004e0ebe740 0 1 1 0 1 1 3 19469 912
0x00007aca2016c7c0 0x00000004e0ebe7c0 0 1 1 0 1 1 3 19469 920
0x00007aca2016c840 0x00000004e0ebe840 0 0 0 0 1 1 3 19469 928
0x00007aca2016c8c0 0x00000004e0ebe8c0 0 0 0 0 1 1 3 19469 936
0x00007aca2016c940 0x00000004e0ebe940 0 1 0 0 1 1 3 19469 928
0x00007aca2016c9c0 0x00000004e0ebe9c0 0 1 0 0 1 1 3 19469 936
0x00007aca2016ca40 0x00000004e0ebea40 0 0 1 0 1 1 3 19469 928
0x00007aca2016cac0 0x00000004e0ebeac0 0 0 1 0 1 1 3 19469 936
0x00007aca2016cb40 0x00000004e0ebeb40 0 1 1 0 1 1 3 19469 928
0x00007aca2016cbc0 0x00000004e0ebebc0 0 1 1 0 1 1 3 19469 936
0x00007aca2016cc40 0x00000004e0ebec40 0 0 0 0 1 1 3 19469 944
0x00007aca2016ccc0 0x00000004e0ebecc0 0 0 0 0 1 1 3 19469 952
0x00007aca2016cd40 0x00000004e0ebed40 0 1 0 0 1 1 3 19469 944
0x00007aca2016cdc0 0x00000004e0ebedc0 0 1 0 0 1 1 3 19469 952
0x00007aca2016ce40 0x00000004e0ebee40 0 0 1 0 1 1 3 19469 944
0x00007aca2016cec0 0x00000004e0ebeec0 0 0 1 0 1 1 3 19469 952
0x00007aca2016cf40 0x00000004e0ebef40 0 1 1 0 1 1 3 19469 944
0x00007aca2016cfc0 0x00000004e0ebefc0 0 1 1 0 1 1 3 19469 952
0x00007aca2017c040 0x00000009d56a4040 0 0 0 0 0 1 3 39589 256
0x00007aca2017c0c0 0x00000009d56a40c0 0 0 0 0 0 1 3 39589 264
0x00007aca2017c140 0x00000009d56a4140 0 1 0 0 0 1 3 39589 256
0x00007aca2017c1c0 0x00000009d56a41c0 0 1 0 0 0 1 3 39589 264
0x00007aca2017c240 0x00000009d56a4240 0 0 1 0 0 1 3 39589 256
0x00007aca2017c2c0 0x00000009d56a42c0 0 0 1 0 0 1 3 39589 264
0x00007aca2017c340 0x00000009d56a4340 0 1 1 0 0 1 3 39589 256
0x00007aca2017c3c0 0x00000009d56a43c0 0 1 1 0 0 1 3 39589 264
0x00007aca2017c440 0x00000009d56a4440 0 0 0 0 0 1 3 39589 272
0x00007aca2017c4c0 0x00000009d56a44c0 0 0 0 0 0 1 3 39589 280
0x00007aca2017c540 0x00000009d56a4540 0 1 0 0 0 1 3 39589 272
0x00007aca2017c5c0 0x00000009d56a45c0 0 1 0 0 0 1 3 39589 280
0x00007aca2017c640 0x00000009d56a4640 0 0 1 0 0 1 3 39589 272
0x00007aca2017c6c0 0x00000009d56a46c0 0 0 1 0 0 1 3 39589 280
0x00007aca2017c740 0x00000009d56a4740 0 1 1 0 0 1 3 39589 272
0x00007aca2017c7c0 0x00000009d56a47c0 0 1 1 0 0 1 3 39589 280
0x00007aca2017c840 0x00000009d56a4840 0 0 0 0 0 1 3 39589 288
0x00007aca2017c8c0 0x00000009d56a48c0 0 0 0 0 0 1 3 39589 296
0x00007aca2017c940 0x00000009d56a4940 0 1 0 0 0 1 3 39589 288
0x00007aca2017c9c0 0x00000009d56a49c0 0 1 0 0 0 1 3 39589 296
0x00007aca2017ca40 0x00000009d56a4a40 0 0 1 0 0 1 3 39589 288
0x00007aca2017cac0 0x00000009d56a4ac0 0 0 1 0 0 1 3 39589 296
0x00007aca2017cb40 0x00000009d56a4b40 0 1 1 0 0 1 3 39589 288
0x00007aca2017cbc0 0x00000009d56a4bc0 0 1 1 0 0 1 3 39589 296
0x00007aca2017cc40 0x00000009d56a4c40 0 0 0 0 0 1 3 39589 304
0x00007aca2017ccc0 0x00000009d56a4cc0 0 0 0 0 0 1 3 39589 312
0x00007aca2017cd40 0x00000009d56a4d40 0 1 0 0 0 1 3 39589 304
0x00007aca2017cdc0 0x00000009d56a4dc0 0 1 0 0 0 1 3 39589 312
0x00007aca2017ce40 0x00000009d56a4e40 0 0 1 0 0 1 3 39589 304
0x00007aca2017cec0 0x00000009d56a4ec0 0 0 1 0 0 1 3 39589 312
0x00007aca2017cf40 0x00000009d56a4f40 0 1 1 0 0 1 3 39589 304
0x00007aca2017cfc0 0x00000009d56a4fc0 0 1 1 0 0 1 3 39589 312
0x00007aca2018b040 0x000000056aeb8040 0 0 0 0 1 1 3 19805 512
0x00007aca2018b0c0 0x000000056aeb80c0 0 0 0 0 1 1 3 19805 520
0x00007aca2018b140 0x000000056aeb8140 0 1 0 0 1 1 3 19805 512
0x00007aca2018b1c0 0x000000056aeb81c0 0 1 0 0 1 1 3 19805 520
0x00007aca2018b240 0x000000056aeb8240 0 0 1 0 1 1 3 19805 512
0x00007aca2018b2c0 0x000000056aeb82c0 0 0 1 0 1 1 3 19805 520
0x00007aca2018b340 0x000000056aeb8340 0 1 1 0 1 1 3 19805 512
0x00007aca2018b3c0 0x000000056aeb83c0 0 1 1 0 1 1 3 19805 520
0x00007aca2018b440 0x000000056aeb8440 0 0 0 0 1 1 3 19805 528
0x00007aca2018b4c0 0x000000056aeb84c0 0 0 0 0 1 1 3 19805 536
0x00007aca2018b540 0x000000056aeb8540 0 1 0 0 1 1 3 19805 528
0x00007aca2018b5c0 0x000000056aeb85c0 0 1 0 0 1 1 3 19805 536
0x00007aca2018b640 0x000000056aeb8640 0 0 1 0 1 1 3 19805 528
0x00007aca2018b6c0 0x000000056aeb86c0 0 0 1 0 1 1 3 19805 536
0x00007aca2018b740 0x000000056aeb8740 0 1 1 0 1 1 3 19805 528
0x00007aca2018b7c0 0x000000056aeb87c0 0 1 1 0 1 1 3 19805 536
0x00007aca2018b840 0x000000056aeb8840 0 0 0 0 1 1 3 19805 544
0x00007aca2018b8c0 0x000000056aeb88c0 0 0 0 0 1 1 3 19805 552
0x00007aca2018b940 0x000000056aeb8940 0 1 0 0 1 1 3 19805 544
0x00007aca2018b9c0 0x000000056aeb89c0 0 1 0 0 1 1 3 19805 552
0x00007aca2018ba40 0x000000056aeb8a40 0 0 1 0 1 1 3 19805 544
0x00007aca2018bac0 0x000000056aeb8ac0 0 0 1 0 1 1 3 19805 552
0x00007aca2018bb40 0x000000056aeb8b40 0 1 1 0 1 1 3 19805 544
0x00007aca2018bbc0 0x000000056aeb8bc0 0 1 1 0 1 1 3 19805 552
0x00007aca2018bc40 0x000000056aeb8c40 0 0 0 0 1 1 3 19805 560
0x00007aca2018bcc0 0x000000056aeb8cc0 0 0 0 0 1 1 3 19805 568
0x00007aca2018bd40 0x000000056aeb8d40 0 1 0 0 1 1 3 19805 560
0x00007aca2018bdc0 0x000000056aeb8dc0 0 1 0 0 1 1 3 19805 568
0x00007aca2018be40 0x000000056aeb8e40 0 0 1 0 1 1 3 19805 560
0x00007aca2018bec0 0x000000056aeb8ec0 0 0 1 0 1 1 3 19805 568
0x00007aca2018bf40 0x000000056aeb8f40 0 1 1 0 1 1 3 19805 560
0x00007aca2018bfc0 0x000000056aeb8fc0 0 1 1 0 1 1 3 19805 568
0x00007aca20195040 0x00000008fce38040 0 0 0 0 1 1 3 36745 512
0x00007aca201950c0 0x00000008fce380c0 0 0 0 0 1 1 3 36745 520
0x00007aca20195140 0x00000008fce38140 0 1 0 0 1 1 3 36745 512
0x00007aca201951c0 0x00000008fce381c0 0 1 0 0 1 1 3 36745 520
0x00007aca20195240 0x00000008fce38240 0 0 1 0 1 1 3 36745 512
0x00007aca201952c0 0x00000008fce382c0 0 0 1 0 1 1 3 36745 520
0x00007aca20195340 0x00000008fce38340 0 1 1 0 1 1 3 36745 512
0x00007aca201953c0 0x00000008fce383c0 0 1 1 0 1 1 3 36745 520
0x00007aca20195440 0x00000008fce38440 0 0 0 0 1 1 3 36745 528
0x00007aca201954c0 0x00000008fce384c0 0 0 0 0 1 1 3 36745 536
0x00007aca20195540 0x00000008fce38540 0 1 0 0 1 1 3 36745 528
0x00007aca201955c0 0x00000008fce385c0 0 1 0 0 1 1 3 36745 536
0x00007aca20195640 0x00000008fce38640 0 0 1 0 1 1 3 36745 528
0x00007aca201956c0 0x00000008fce386c0 0 0 1 0 1 1 3 36745 536
0x00007aca20195740 0x00000008fce38740 0 1 1 0 1 1 3 36745 528
0x00007aca201957c0 0x00000008fce387c0 0 1 1 0 1 1 3 36745 536
0x00007aca20195840 0x00000008fce38840 0 0 0 0 1 1 3 36745 544
0x00007aca201958c0 0x00000008fce388c0 0 0 0 0 1 1 3 36745 552
0x00007aca20195940 0x00000008fce38940 0 1 0 0 1 1 3 36745 544
0x00007aca201959c0 0x00000008fce389c0 0 1 0 0 1 1 3 36745 552
0x00007aca20195a40 0x00000008fce38a40 0 0 1 0 1 1 3 36745 544
0x00007aca20195ac0 0x00000008fce38ac0 0 0 1 0 1 1 3 36745 552
0x00007aca20195b40 0x00000008fce38b40 0 1 1 0 1 1 3 36745 544
0x00007aca20195bc0 0x00000008fce38bc0 0 1 1 0 1 1 3 36745 552
0x00007aca20195c40 0x00000008fce38c40 0 0 0 0 1 1 3 36745 560
0x00007aca20195cc0 0x00000008fce38cc0 0 0 0 0 1 1 3 36745 568
0x00007aca20195d40 0x00000008fce38d40 0 1 0 0 1 1 3 36745 560
0x00007aca20195dc0 0x00000008fce38dc0 0 1 0 0 1 1 3 36745 568
0x00007aca20195e40 0x00000008fce38e40 0 0 1 0 1 1 3 36745 560
0x00007aca20195ec0 0x00000008fce38ec0 0 0 1 0 1 1 3 36745 568
0x00007aca20195f40 0x00000008fce38f40 0 1 1 0 1 1 3 36745 560
0x00007aca20195fc0 0x00000008fce38fc0 0 1 1 0 1 1 3 36745 568
0x00007aca20197040 0x0000000b6fe13040 0 0 0 0 0 1 3 44536 704
0x00007aca201970c0 0x0000000b6fe130c0 0 0 0 0 0 1 3 44536 712
0x00007aca20197140 0x0000000b6fe13140 0 1 0 0 0 1 3 44536 704
0x00007aca201971c0 0x0000000b6fe131c0 0 1 0 0 0 1 3 44536 712
0x00007aca20197240 0x0000000b6fe13240 0 0 1 0 0 1 3 44536 704
0x00007aca201972c0 0x0000000b6fe132c0 0 0 1 0 0 1 3 44536 712
0x00007aca20197340 0x0000000b6fe13340 0 1 1 0 0 1 3 44536 704
0x00007aca201973c0 0x0000000b6fe133c0 0 1 1 0 0 1 3 44536 712
0x00007aca20197440 0x0000000b6fe13440 0 0 0 0 0 1 3 44536 720
0x00007aca201974c0 0x0000000b6fe134c0 0 0 0 0 0 1 3 44536 728
0x00007aca20197540 0x0000000b6fe13540 0 1 0 0 0 1 3 44536 720
0x00007aca201975c0 0x0000000b6fe135c0 0 1 0 0 0 1 3 44536 728
0x00007aca20197640 0x0000000b6fe13640 0 0 1 0 0 1 3 44536 720
0x00007aca201976c0 0x0000000b6fe136c0 0 0 1 0 0 1 3 44536 728
0x00007aca20197740 0x0000000b6fe13740 0 1 1 0 0 1 3 44536 720
0x00007aca201977c0 0x0000000b6fe137c0 0 1 1 0 0 1 3 44536 728
0x00007aca20197840 0x0000000b6fe13840 0 0 0 0 0 1 3 44536 736
0x00007aca201978c0 0x0000000b6fe138c0 0 0 0 0 0 1 3 44536 744
0x00007aca20197940 0x0000000b6fe13940 0 1 0 0 0 1 3 44536 736
0x00007aca201979c0 0x0000000b6fe139c0 0 1 0 0 0 1 3 44536 744
0x00007aca20197a40 0x0000000b6fe13a40 0 0 1 0 0 1 3 44536 736
0x00007aca20197ac0 0x0000000b6fe13ac0 0 0 1 0 0 1 3 44536 744
0x00007aca20197b40 0x0000000b6fe13b40 0 1 1 0 0 1 3 44536 736
0x00007aca20197bc0 0x0000000b6fe13bc0 0 1 1 0 0 1 3 44536 744
0x00007aca20197c40 0x0000000b6fe13c40 0 0 0 0 0 1 3 44536 752
0x00007aca20197cc0 0x0000000b6fe13cc0 0 0 0 0 0 1 3 44536 760
0x00007aca20197d40 0x0000000b6fe13d40 0 1 0 0 0 1 3 44536 752
0x00007aca20197dc0 0x0000000b6fe13dc0 0 1 0 0 0 1 3 44536 760
0x00007aca20197e40 0x0000000b6fe13e40 0 0 1 0 0 1 3 44536 752
0x00007aca20197ec0 0x0000000b6fe13ec0 0 0 1 0 0 1 3 44536 760
0x00007aca20197f40 0x0000000b6fe13f40 0 1 1 0 0 1 3 44536 752
0x00007aca20197fc0 0x0000000b6fe13fc0 0 1 1 0 0 1 3 44536 760
0x00007aca20198040 0x0000000dc16ed040 0 0 0 0 1 1 3 55335 320
0x00007aca201980c0 0x0000000dc16ed0c0 0 0 0 0 1 1 3 55335 328
0x00007aca20198140 0x0000000dc16ed140 0 1 0 0 1 1 3 55335 320
0x00007aca201981c0 0x0000000dc16ed1c0 0 1 0 0 1 1 3 55335 328
0x00007aca20198240 0x0000000dc16ed240 0 0 1 0 1 1 3 55335 320
0x00007aca201982c0 0x0000000dc16ed2c0 0 0 1 0 1 1 3 55335 328
0x00007aca20198340 0x0000000dc16ed340 0 1 1 0 1 1 3 55335 320
0x00007aca201983c0 0x0000000dc16ed3c0 0 1 1 0 1 1 3 55335 328
0x00007aca20198440 0x0000000dc16ed440 0 0 0 0 1 1 3 55335 336
0x00007aca201984c0 0x0000000dc16ed4c0 0 0 0 0 1 1 3 55335 344
0x00007aca20198540 0x0000000dc16ed540 0 1 0 0 1 1 3 55335 336
0x00007aca201985c0 0x0000000dc16ed5c0 0 1 0 0 1 1 3 55335 344
0x00007aca20198640 0x0000000dc16ed640 0 0 1 0 1 1 3 55335 336
0x00007aca201986c0 0x0000000dc16ed6c0 0 0 1 0 1 1 3 55335 344
0x00007aca20198740 0x0000000dc16ed740 0 1 1 0 1 1 3 55335 336
0x00007aca201987c0 0x0000000dc16ed7c0 0 1 1 0 1 1 3 55335 344
0x00007aca20198840 0x0000000dc16ed840 0 0 0 0 1 1 3 55335 352
0x00007aca201988c0 0x0000000dc16ed8c0 0 0 0 0 1 1 3 55335 360
0x00007aca20198940 0x0000000dc16ed940 0 1 0 0 1 1 3 55335 352
0x00007aca201989c0 0x0000000dc16ed9c0 0 1 0 0 1 1 3 55335 360
0x00007aca20198a40 0x0000000dc16eda40 0 0 1 0 1 1 3 55335 352
0x00007aca20198ac0 0x0000000dc16edac0 0 0 1 0 1 1 3 55335 360
0x00007aca20198b40 0x0000000dc16edb40 0 1 1 0 1 1 3 55335 352
0x00007aca20198bc0 0x0000000dc16edbc0 0 1 1 0 1 1 3 55335 360
0x00007aca20198c40 0x0000000dc16edc40 0 0 0 0 1 1 3 55335 368
0x00007aca20198cc0 0x0000000dc16edcc0 0 0 0 0 1 1 3 55335 376
0x00007aca20198d40 0x0000000dc16edd40 0 1 0 0 1 1 3 55335 368
0x00007aca20198dc0 0x0000000dc16eddc0 0 1 0 0 1 1 3 55335 376
0x00007aca20198e40 0x0000000dc16ede40 0 0 1 0 1 1 3 55335 368
0x00007aca20198ec0 0x0000000dc16edec0 0 0 1 0 1 1 3 55335 376
0x00007aca20198f40 0x0000000dc16edf40 0 1 1 0 1 1 3 55335 368
0x00007aca20198fc0 0x0000000dc16edfc0 0 1 1 0 1 1 3 55335 376
0x00007aca2019f040 0x0000000b346f0040 0 0 0 0 0 1 3 42647 512
0x00007aca2019f0c0 0x0000000b346f00c0 0 0 0 0 0 1 3 42647 520
0x00007aca2019f140 0x0000000b346f0140 0 1 0 0 0 1 3 42647 512
0x00007aca2019f1c0 0x0000000b346f01c0 0 1 0 0 0 1 3 42647 520
0x00007aca2019f240 0x0000000b346f0240 0 0 1 0 0 1 3 42647 512
0x00007aca2019f2c0 0x0000000b346f02c0 0 0 1 0 0 1 3 42647 520
0x00007aca2019f340 0x0000000b346f0340 0 1 1 0 0 1 3 42647 512
0x00007aca2019f3c0 0x0000000b346f03c0 0 1 1 0 0 1 3 42647 520
0x00007aca2019f440 0x0000000b346f0440 0 0 0 0 0 1 3 42647 528
0x00007aca2019f4c0 0x0000000b346f04c0 0 0 0 0 0 1 3 42647 536
0x00007aca2019f540 0x0000000b346f0540 0 1 0 0 0 1 3 42647 528
0x00007aca2019f5c0 0x0000000b346f05c0 0 1 0 0 0 1 3 42647 536
0x00007aca2019f640 0x0000000b346f0640 0 0 1 0 0 1 3 42647 528
0x00007aca2019f6c0 0x0000000b346f06c0 0 0 1 0 0 1 3 42647 536
0x00007aca2019f740 0x0000000b346f0740 0 1 1 0 0 1 3 42647 528
0x00007aca2019f7c0 0x0000000b346f07c0 0 1 1 0 0 1 3 42647 536
0x00007aca2019f840 0x0000000b346f0840 0 0 0 0 0 1 3 42647 544
0x00007aca2019f8c0 0x0000000b346f08c0 0 0 0 0 0 1 3 42647 552
0x00007aca2019f940 0x0000000b346f0940 0 1 0 0 0 1 3 42647 544
0x00007aca2019f9c0 0x0000000b346f09c0 0 1 0 0 0 1 3 42647 552
0x00007aca2019fa40 0x0000000b346f0a40 0 0 1 0 0 1 3 42647 544
0x00007aca2019fac0 0x0000000b346f0ac0 0 0 1 0 0 1 3 42647 552
0x00007aca2019fb40 0x0000000b346f0b40 0 1 1 0 0 1 3 42647 544
0x00007aca2019fbc0 0x0000000b346f0bc0 0 1 1 0 0 1 3 42647 552
0x00007aca2019fc40 0x0000000b346f0c40 0 0 0 0 0 1 3 42647 560
0x00007aca2019fcc0 0x0000000b346f0cc0 0 0 0 0 0 1 3 42647 568
0x00007aca2019fd40 0x0000000b346f0d40 0 1 0 0 0 1 3 42647 560
0x00007aca2019fdc0 0x0000000b346f0dc0 0 1 0 0 0 1 3 42647 568
0x00007aca2019fe40 0x0000000b346f0e40 0 0 1 0 0 1 3 42647 560
0x00007aca2019fec0 0x0000000b346f0ec0 0 0 1 0 0 1 3 42647 568
0x00007aca2019ff40 0x0000000b346f0f40 0 1 1 0 0 1 3 42647 560
0x00007aca2019ffc0 0x0000000b346f0fc0 0 1 1 0 0 1 3 42647 568
0x00007aca201a0040 0x0000000a48ec9040 0 0 0 0 1 1 3 39198 64
0x00007aca201a00c0 0x0000000a48ec90c0 0 0 0 0 1 1 3 39198 72
0x00007aca201a0140 0x0000000a48ec9140 0 1 0 0 1 1 3 39198 64
0x00007aca201a01c0 0x0000000a48ec91c0 0 1 0 0 1 1 3 39198 72
0x00007aca201a0240 0x0000000a48ec9240 0 0 1 0 1 1 3 39198 64
0x00007aca201a02c0 0x0000000a48ec92c0 0 0 1 0 1 1 3 39198 72
0x00007aca201a0340 0x0000000a48ec9340 0 1 1 0 1 1 3 39198 64
0x00007aca201a03c0 0x0000000a48ec93c0 0 1 1 0 1 1 3 39198 72
0x00007aca201a0440 0x0000000a48ec9440 0 0 0 0 1 1 3 39198 80
0x00007aca201a04c0 0x0000000a48ec94c0 0 0 0 0 1 1 3 39198 88
0x00007aca201a0540 0x0000000a48ec9540 0 1 0 0 1 1 3 39198 80
0x00007aca201a05c0 0x0000000a48ec95c0 0 1 0 0 1 1 3 39198 88
0x00007aca201a0640 0x0000000a48ec9640 0 0 1 0 1 1 3 39198 80
0x00007aca201a06c0 0x0000000a48ec96c0 0 0 1 0 1 1 3 39198 88
0x00007aca201a0740 0x0000000a48ec9740 0 1 1 0 1 1 3 39198 80
0x00007aca201a07c0 0x0000000a48ec97c0 0 1 1 0 1 1 3 39198 88
0x00007aca201a0840 0x0000000a48ec9840 0 0 0 0 1 1 3 39198 96
0x00007aca201a08c0 0x0000000a48ec98c0 0 0 0 0 1 1 3 39198 104
0x00007aca201a0940 0x0000000a48ec9940 0 1 0 0 1 1 3 39198 96
0x00007aca201a09c0 0x0000000a48ec99c0 0 1 0 0 1 1 3 39198 104
0x00007aca201a0a40 0x0000000a48ec9a40 0 0 1 0 1 1 3 39198 96
0x00007aca201a0ac0 0x0000000a48ec9ac0 0 0 1 0 1 1 3 39198 104
0x00007aca201a0b40 0x0000000a48ec9b40 0 1 1 0 1 1 3 39198 96
0x00007aca201a0bc0 0x0000000a48ec9bc0 0 1 1 0 1 1 3 39198 104
0x00007aca201a0c40 0x0000000a48ec9c40 0 0 0 0 1 1 3 39198 112
0x00007aca201a0cc0 0x0000000a48ec9cc0 0 0 0 0 1 1 3 39198 120
0x00007aca201a0d40 0x0000000a48ec9d40 0 1 0 0 1 1 3 39198 112
0x00007aca201a0dc0 0x0000000a48ec9dc0 0 1 0 0 1 1 3 39198 120
0x00007aca201a0e40 0x0000000a48ec9e40 0 0 1 0 1 1 3 39198 112
0x00007aca201a0ec0 0x0000000a48ec9ec0 0 0 1 0 1 1 3 39198 120
0x00007aca201a0f40 0x0000000a48ec9f40 0 1 1 0 1 1 3 39198 112
0x00007aca201a0fc0 0x0000000a48ec9fc0 0 1 1 0 1 1 3 39198 120
0x00007aca201ae040 0x0000000b976fb040 0 0 0 0 1 1 3 45799 704
0x00007aca201ae0c0 0x0000000b976fb0c0 0 0 0 0 1 1 3 45799 712
0x00007aca201ae140 0x0000000b976fb140 0 1 0 0 1 1 3 45799 704
0x00007aca201ae1c0 0x0000000b976fb1c0 0 1 0 0 1 1 3 45799 712
0x00007aca201ae240 0x0000000b976fb240 0 0 1 0 1 1 3 45799 704
0x00007aca201ae2c0 0x0000000b976fb2c0 0 0 1 0 1 1 3 45799 712
0x00007aca201ae340 0x0000000b976fb340 0 1 1 0 1 1 3 45799 704
0x00007aca201ae3c0 0x0000000b976fb3c0 0 1 1 0 1 1 3 45799 712
0x00007aca201ae440 0x0000000b976fb440 0 0 0 0 1 1 3 45799 720
0x00007aca201ae4c0 0x0000000b976fb4c0 0 0 0 0 1 1 3 45799 728
0x00007aca201ae540 0x0000000b976fb540 0 1 0 0 1 1 3 45799 720
0x00007aca201ae5c0 0x0000000b976fb5c0 0 1 0 0 1 1 3 45799 728
0x00007aca201ae640 0x0000000b976fb640 0 0 1 0 1 1 3 45799 720
0x00007aca201ae6c0 0x0000000b976fb6c0 0 0 1 0 1 1 3 45799 728
0x00007aca201ae740 0x0000000b976fb740 0 1 1 0 1 1 3 45799 720
0x00007aca201ae7c0 0x0000000b976fb7c0 0 1 1 0 1 1 3 45799 728
0x00007aca201ae840 0x0000000b976fb840 0 0 0 0 1 1 3 45799 736
0x00007aca201ae8c0 0x0000000b976fb8c0 0 0 0 0 1 1 3 45799 744
0x00007aca201ae940 0x0000000b976fb940 0 1 0 0 1 1 3 45799 736
0x00007aca201ae9c0 0x0000000b976fb9c0 0 1 0 0 1 1 3 45799 744
0x00007aca201aea40 0x0000000b976fba40 0 0 1 0 1 1 3 45799 736
0x00007aca201aeac0 0x0000000b976fbac0 0 0 1 0 1 1 3 45799 744
0x00007aca201aeb40 0x0000000b976fbb40 0 1 1 0 1 1 3 45799 736
0x00007aca201aebc0 0x0000000b976fbbc0 0 1 1 0 1 1 3 45799 744
0x00007aca201aec40 0x0000000b976fbc40 0 0 0 0 1 1 3 45799 752
0x00007aca201aecc0 0x0000000b976fbcc0 0 0 0 0 1 1 3 45799 760
0x00007aca201aed40 0x0000000b976fbd40 0 1 0 0 1 1 3 45799 752
0x00007aca201aedc0 0x0000000b976fbdc0 0 1 0 0 1 1 3 45799 760
0x00007aca201aee40 0x0000000b976fbe40 0 0 1 0 1 1 3 45799 752
0x00007aca201aeec0 0x0000000b976fbec0 0 0 1 0 1 1 3 45799 760
0x00007aca201aef40 0x0000000b976fbf40 0 1 1 0 1 1 3 45799 752
0x00007aca201aefc0 0x0000000b976fbfc0 0 1 1 0 1 1 3 45799 760
0x00007aca201af040 0x0000000d0f654040 0 0 0 0 0 1 3 49650 768
0x00007aca201af0c0 0x0000000d0f6540c0 0 0 0 0 0 1 3 49650 776
0x00007aca201af140 0x0000000d0f654140 0 1 0 0 0 1 3 49650 768
0x00007aca201af1c0 0x0000000d0f6541c0 0 1 0 0 0 1 3 49650 776
0x00007aca201af240 0x0000000d0f654240 0 0 1 0 0 1 3 49650 768
0x00007aca201af2c0 0x0000000d0f6542c0 0 0 1 0 0 1 3 49650 776
0x00007aca201af340 0x0000000d0f654340 0 1 1 0 0 1 3 49650 768
0x00007aca201af3c0 0x0000000d0f6543c0 0 1 1 0 0 1 3 49650 776
0x00007aca201af440 0x0000000d0f654440 0 0 0 0 0 1 3 49650 784
0x00007aca201af4c0 0x0000000d0f6544c0 0 0 0 0 0 1 3 49650 792
0x00007aca201af540 0x0000000d0f654540 0 1 0 0 0 1 3 49650 784
0x00007aca201af5c0 0x0000000d0f6545c0 0 1 0 0 0 1 3 49650 792
0x00007aca201af640 0x0000000d0f654640 0 0 1 0 0 1 3 49650 784
0x00007aca201af6c0 0x0000000d0f6546c0 0 0 1 0 0 1 3 49650 792
0x00007aca201af740 0x0000000d0f654740 0 1 1 0 0 1 3 49650 784
0x00007aca201af7c0 0x0000000d0f6547c0 0 1 1 0 0 1 3 49650 792
0x00007aca201af840 0x0000000d0f654840 0 0 0 0 0 1 3 49650 800
0x00007aca201af8c0 0x0000000d0f6548c0 0 0 0 0 0 1 3 49650 808
0x00007aca201af940 0x0000000d0f654940 0 1 0 0 0 1 3 49650 800
0x00007aca201af9c0 0x0000000d0f6549c0 0 1 0 0 0 1 3 49650 808
0x00007aca201afa40 0x0000000d0f654a40 0 0 1 0 0 1 3 49650 800
0x00007aca201afac0 0x0000000d0f654ac0 0 0 1 0 0 1 3 49650 808
0x00007aca201afb40 0x0000000d0f654b40 0 1 1 0 0 1 3 49650 800
0x00007aca201afbc0 0x0000000d0f654bc0 0 1 1 0 0 1 3 49650 808
0x00007aca201afc40 0x0000000d0f654c40 0 0 0 0 0 1 3 49650 816
0x00007aca201afcc0 0x0000000d0f654cc0 0 0 0 0 0 1 3 49650 824
0x00007aca201afd40 0x0000000d0f654d40 0 1 0 0 0 1 3 49650 816
0x00007aca201afdc0 0x0000000d0f654dc0 0 1 0 0 0 1 3 49650 824
0x00007aca201afe40 0x0000000d0f654e40 0 0 1 0 0 1 3 49650 816
0x00007aca201afec0 0x0000000d0f654ec0 0 0 1 0 0 1 3 49650 824
0x00007aca201aff40 0x0000000d0f654f40 0 1 1 0 0 1 3 49650 816
0x00007aca201affc0 0x0000000d0f654fc0 0 1 1 0 0 1 3 49650 824
0x00007aca201b6040 0x0000000605e94040 0 0 0 0 0 1 3 20668 768
0x00007aca201b60c0 0x0000000605e940c0 0 0 0 0 0 1 3 20668 776
0x00007aca201b6140 0x0000000605e94140 0 1 0 0 0 1 3 20668 768
0x00007aca201b61c0 0x0000000605e941c0 0 1 0 0 0 1 3 20668 776
0x00007aca201b6240 0x0000000605e94240 0 0 1 0 0 1 3 20668 768
0x00007aca201b62c0 0x0000000605e942c0 0 0 1 0 0 1 3 20668 776
0x00007aca201b6340 0x0000000605e94340 0 1 1 0 0 1 3 20668 768
0x00007aca201b63c0 0x0000000605e943c0 0 1 1 0 0 1 3 20668 776
0x00007aca201b6440 0x0000000605e94440 0 0 0 0 0 1 3 20668 784
0x00007aca201b64c0 0x0000000605e944c0 0 0 0 0 0 1 3 20668 792
0x00007aca201b6540 0x0000000605e94540 0 1 0 0 0 1 3 20668 784
0x00007aca201b65c0 0x0000000605e945c0 0 1 0 0 0 1 3 20668 792
0x00007aca201b6640 0x0000000605e94640 0 0 1 0 0 1 3 20668 784
0x00007aca201b66c0 0x0000000605e946c0 0 0 1 0 0 1 3 20668 792
0x00007aca201b6740 0x0000000605e94740 0 1 1 0 0 1 3 20668 784
0x00007aca201b67c0 0x0000000605e947c0 0 1 1 0 0 1 3 20668 792
0x00007aca201b6840 0x0000000605e94840 0 0 0 0 0 1 3 20668 800
0x00007aca201b68c0 0x0000000605e948c0 0 0 0 0 0 1 3 20668 808
0x00007aca201b6940 0x0000000605e94940 0 1 0 0 0 1 3 20668 800
0x00007aca201b69c0 0x0000000605e949c0 0 1 0 0 0 1 3 20668 808
0x00007aca201b6a40 0x0000000605e94a40 0 0 1 0 0 1 3 20668 800
0x00007aca201b6ac0 0x0000000605e94ac0 0 0 1 0 0 1 3 20668 808
0x00007aca201b6b40 0x0000000605e94b40 0 1 1 0 0 1 3 20668 800
0x00007aca201b6bc0 0x0000000605e94bc0 0 1 1 0 0 1 3 20668 808
0x00007aca201b6c40 0x0000000605e94c40 0 0 0 0 0 1 3 20668 816
0x00007aca201b6cc0 0x0000000605e94cc0 0 0 0 0 0 1 3 20668 824
0x00007aca201b6d40 0x0000000605e94d40 0 1 0 0 0 1 3 20668 816
0x00007aca201b6dc0 0x0000000605e94dc0 0 1 0 0 0 1 3 20668 824
0x00007aca201b6e40 0x0000000605e94e40 0 0 1 0 0 1 3 20668 816
0x00007aca201b6ec0 0x0000000605e94ec0 0 0 1 0 0 1 3 20668 824
0x00007aca201b6f40 0x0000000605e94f40 0 1 1 0 0 1 3 20668 816
0x00007aca201b6fc0 0x0000000605e94fc0 0 1 1 0 0 1 3 20668 824
0x00007aca201b9040 0x000000036fe0e040 0 0 0 0 1 1 3 11768 384
0x00007aca201b90c0 0x000000036fe0e0c0 0 0 0 0 1 1 3 11768 392
0x00007aca201b9140 0x000000036fe0e140 0 1 0 0 1 1 3 11768 384
0x00007aca201b91c0 0x000000036fe0e1c0 0 1 0 0 1 1 3 11768 392
0x00007aca201b9240 0x000000036fe0e240 0 0 1 0 1 1 3 11768 384
0x00007aca201b92c0 0x000000036fe0e2c0 0 0 1 0 1 1 3 11768 392
0x00007aca201b9340 0x000000036fe0e340 0 1 1 0 1 1 3 11768 384
0x00007aca201b93c0 0x000000036fe0e3c0 0 1 1 0 1 1 3 11768 392
0x00007aca201b9440 0x000000036fe0e440 0 0 0 0 1 1 3 11768 400
0x00007aca201b94c0 0x000000036fe0e4c0 0 0 0 0 1 1 3 11768 408
0x00007aca201b9540 0x000000036fe0e540 0 1 0 0 1 1 3 11768 400
0x00007aca201b95c0 0x000000036fe0e5c0 0 1 0 0 1 1 3 11768 408
0x00007aca201b9640 0x000000036fe0e640 0 0 1 0 1 1 3 11768 400
0x00007aca201b96c0 0x000000036fe0e6c0 0 0 1 0 1 1 3 11768 408
0x00007aca201b9740 0x000000036fe0e740 0 1 1 0 1 1 3 11768 400
0x00007aca201b97c0 0x000000036fe0e7c0 0 1 1 0 1 1 3 11768 408
0x00007aca201b9840 0x000000036fe0e840 0 0 0 0 1 1 3 11768 416
0x00007aca201b98c0 0x000000036fe0e8c0 0 0 0 0 1 1 3 11768 424
0x00007aca201b9940 0x000000036fe0e940 0 1 0 0 1 1 3 11768 416
0x00007aca201b99c0 0x000000036fe0e9c0 0 1 0 0 1 1 3 11768 424
0x00007aca201b9a40 0x000000036fe0ea40 0 0 1 0 1 1 3 11768 416
0x00007aca201b9ac0 0x000000036fe0eac0 0 0 1 0 1 1 3 11768 424
0x00007aca201b9b40 0x000000036fe0eb40 0 1 1 0 1 1 3 11768 416
0x00007aca201b9bc0 0x000000036fe0ebc0 0 1 1 0 1 1 3 11768 424
0x00007aca201b9c40 0x000000036fe0ec40 0 0 0 0 1 1 3 11768 432
0x00007aca201b9cc0 0x000000036fe0ecc0 0 0 0 0 1 1 3 11768 440
0x00007aca201b9d40 0x000000036fe0ed40 0 1 0 0 1 1 3 11768 432
0x00007aca201b9dc0 0x000000036fe0edc0 0 1 0 0 1 1 3 11768 440
0x00007aca201b9e40 0x000000036fe0ee40 0 0 1 0 1 1 3 11768 432
0x00007aca201b9ec0 0x000000036fe0eec0 0 0 1 0 1 1 3 11768 440
0x00007aca201b9f40 0x000000036fe0ef40 0 1 1 0 1 1 3 11768 432
0x00007aca201b9fc0 0x000000036fe0efc0 0 1 1 0 1 1 3 11768 440
0x00007aca201d2040 0x0000000aab64c040 0 0 0 0 1 1 3 42338 256
0x00007aca201d20c0 0x0000000aab64c0c0 0 0 0 0 1 1 3 42338 264
0x00007aca201d2140 0x0000000aab64c140 0 1 0 0 1 1 3 42338 256
0x00007aca201d21c0 0x0000000aab64c1c0 0 1 0 0 1 1 3 42338 264
0x00007aca201d2240 0x0000000aab64c240 0 0 1 0 1 1 3 42338 256
0x00007aca201d22c0 0x0000000aab64c2c0 0 0 1 0 1 1 3 42338 264
0x00007aca201d2340 0x0000000aab64c340 0 1 1 0 1 1 3 42338 256
0x00007aca201d23c0 0x0000000aab64c3c0 0 1 1 0 1 1 3 42338 264
0x00007aca201d2440 0x0000000aab64c440 0 0 0 0 1 1 3 42338 272
0x00007aca201d24c0 0x0000000aab64c4c0 0 0 0 0 1 1 3 42338 280
0x00007aca201d2540 0x0000000aab64c540 0 1 0 0 1 1 3 42338 272
0x00007aca201d25c0 0x0000000aab64c5c0 0 1 0 0 1 1 3 42338 280
0x00007aca201d2640 0x0000000aab64c640 0 0 1 0 1 1 3 42338 272
0x00007aca201d26c0 0x0000000aab64c6c0 0 0 1 0 1 1 3 42338 280
0x00007aca201d2740 0x0000000aab64c740 0 1 1 0 1 1 3 42338 272
0x00007aca201d27c0 0x0000000aab64c7c0 0 1 1 0 1 1 3 42338 280
0x00007aca201d2840 0x0000000aab64c840 0 0 0 0 1 1 3 42338 288
0x00007aca201d28c0 0x0000000aab64c8c0 0 0 0 0 1 1 3 42338 296
0x00007aca201d2940 0x0000000aab64c940 0 1 0 0 1 1 3 42338 288
0x00007aca201d29c0 0x0000000aab64c9c0 0 1 0 0 1 1 3 42338 296
0x00007aca201d2a40 0x0000000aab64ca40 0 0 1 0 1 1 3 42338 288
0x00007aca201d2ac0 0x0000000aab64cac0 0 0 1 0 1 1 3 42338 296
0x00007aca201d2b40 0x0000000aab64cb40 0 1 1 0 1 1 3 42338 288
0x00007aca201d2bc0 0x0000000aab64cbc0 0 1 1 0 1 1 3 42338 296
0x00007aca201d2c40 0x0000000aab64cc40 0 0 0 0 1 1 3 42338 304
0x00007aca201d2cc0 0x0000000aab64ccc0 0 0 0 0 1 1 3 42338 312
0x00007aca201d2d40 0x0000000aab64cd40 0 1 0 0 1 1 3 42338 304
0x00007aca201d2dc0 0x0000000aab64cdc0 0 1 0 0 1 1 3 42338 312
0x00007aca201d2e40 0x0000000aab64ce40 0 0 1 0 1 1 3 42338 304
0x00007aca201d2ec0 0x0000000aab64cec0 0 0 1 0 1 1 3 42338 312
0x00007aca201d2f40 0x0000000aab64cf40 0 1 1 0 1 1 3 42338 304
0x00007aca201d2fc0 0x0000000aab64cfc0 0 1 1 0 1 1 3 42338 312
0x00007aca201e3040 0x0000000a1f65d040 0 0 0 0 1 1 3 37874 832
0x00007aca201e30c0 0x0000000a1f65d0c0 0 0 0 0 1 1 3 37874 840
0x00007aca201e3140 0x0000000a1f65d140 0 1 0 0 1 1 3 37874 832
0x00007aca201e31c0 0x0000000a1f65d1c0 0 1 0 0 1 1 3 37874 840
0x00007aca201e3240 0x0000000a1f65d240 0 0 1 0 1 1 3 37874 832
0x00007aca201e32c0 0x0000000a1f65d2c0 0 0 1 0 1 1 3 37874 840
0x00007aca201e3340 0x0000000a1f65d340 0 1 1 0 1 1 3 37874 832
0x00007aca201e33c0 0x0000000a1f65d3c0 0 1 1 0 1 1 3 37874 840
0x00007aca201e3440 0x0000000a1f65d440 0 0 0 0 1 1 3 37874 848
0x00007aca201e34c0 0x0000000a1f65d4c0 0 0 0 0 1 1 3 37874 856
0x00007aca201e3540 0x0000000a1f65d540 0 1 0 0 1 1 3 37874 848
0x00007aca201e35c0 0x0000000a1f65d5c0 0 1 0 0 1 1 3 37874 856
0x00007aca201e3640 0x0000000a1f65d640 0 0 1 0 1 1 3 37874 848
0x00007aca201e36c0 0x0000000a1f65d6c0 0 0 1 0 1 1 3 37874 856
0x00007aca201e3740 0x0000000a1f65d740 0 1 1 0 1 1 3 37874 848
0x00007aca201e37c0 0x0000000a1f65d7c0 0 1 1 0 1 1 3 37874 856
0x00007aca201e3840 0x0000000a1f65d840 0 0 0 0 1 1 3 37874 864
0x00007aca201e38c0 0x0000000a1f65d8c0 0 0 0 0 1 1 3 37874 872
0x00007aca201e3940 0x0000000a1f65d940 0 1 0 0 1 1 3 37874 864
0x00007aca201e39c0 0x0000000a1f65d9c0 0 1 0 0 1 1 3 37874 872
0x00007aca201e3a40 0x0000000a1f65da40 0 0 1 0 1 1 3 37874 864
0x00007aca201e3ac0 0x0000000a1f65dac0 0 0 1 0 1 1 3 37874 872
0x00007aca201e3b40 0x0000000a1f65db40 0 1 1 0 1 1 3 37874 864
0x00007aca201e3bc0 0x0000000a1f65dbc0 0 1 1 0 1 1 3 37874 872
0x00007aca201e3c40 0x0000000a1f65dc40 0 0 0 0 1 1 3 37874 880
0x00007aca201e3cc0 0x0000000a1f65dcc0 0 0 0 0 1 1 3 37874 888
0x00007aca201e3d40 0x0000000a1f65dd40 0 1 0 0 1 1 3 37874 880
0x00007aca201e3dc0 0x0000000a1f65ddc0 0 1 0 0 1 1 3 37874 888
0x00007aca201e3e40 0x0000000a1f65de40 0 0 1 0 1 1 3 37874 880
0x00007aca201e3ec0 0x0000000a1f65dec0 0 0 1 0 1 1 3 37874 888
0x00007aca201e3f40 0x0000000a1f65df40 0 1 1 0 1 1 3 37874 880
0x00007aca201e3fc0 0x0000000a1f65dfc0 0 1 1 0 1 1 3 37874 888
0x00007aca201ec040 0x0000000a8cecc040 0 0 0 0 1 1 3 41358 256
0x00007aca201ec0c0 0x0000000a8cecc0c0 0 0 0 0 1 1 3 41358 264
0x00007aca201ec140 0x0000000a8cecc140 0 1 0 0 1 1 3 41358 256
0x00007aca201ec1c0 0x0000000a8cecc1c0 0 1 0 0 1 1 3 41358 264
0x00007aca201ec240 0x0000000a8cecc240 0 0 1 0 1 1 3 41358 256
0x00007aca201ec2c0 0x0000000a8cecc2c0 0 0 1 0 1 1 3 41358 264
0x00007aca201ec340 0x0000000a8cecc340 0 1 1 0 1 1 3 41358 256
0x00007aca201ec3c0 0x0000000a8cecc3c0 0 1 1 0 1 1 3 41358 264
0x00007aca201ec440 0x0000000a8cecc440 0 0 0 0 1 1 3 41358 272
0x00007aca201ec4c0 0x0000000a8cecc4c0 0 0 0 0 1 1 3 41358 280
0x00007aca201ec540 0x0000000a8cecc540 0 1 0 0 1 1 3 41358 272
0x00007aca201ec5c0 0x0000000a8cecc5c0 0 1 0 0 1 1 3 41358 280
0x00007aca201ec640 0x0000000a8cecc640 0 0 1 0 1 1 3 41358 272
0x00007aca201ec6c0 0x0000000a8cecc6c0 0 0 1 0 1 1 3 41358 280
0x00007aca201ec740 0x0000000a8cecc740 0 1 1 0 1 1 3 41358 272
0x00007aca201ec7c0 0x0000000a8cecc7c0 0 1 1 0 1 1 3 41358 280
0x00007aca201ec840 0x0000000a8cecc840 0 0 0 0 1 1 3 41358 288
0x00007aca201ec8c0 0x0000000a8cecc8c0 0 0 0 0 1 1 3 41358 296
0x00007aca201ec940 0x0000000a8cecc940 0 1 0 0 1 1 3 41358 288
0x00007aca201ec9c0 0x0000000a8cecc9c0 0 1 0 0 1 1 3 41358 296
0x00007aca201eca40 0x0000000a8cecca40 0 0 1 0 1 1 3 41358 288
0x00007aca201ecac0 0x0000000a8ceccac0 0 0 1 0 1 1 3 41358 296
0x00007aca201ecb40 0x0000000a8ceccb40 0 1 1 0 1 1 3 41358 288
0x00007aca201ecbc0 0x0000000a8ceccbc0 0 1 1 0 1 1 3 41358 296
0x00007aca201ecc40 0x0000000a8ceccc40 0 0 0 0 1 1 3 41358 304
0x00007aca201eccc0 0x0000000a8cecccc0 0 0 0 0 1 1 3 41358 312
0x00007aca201ecd40 0x0000000a8ceccd40 0 1 0 0 1 1 3 41358 304
0x00007aca201ecdc0 0x0000000a8ceccdc0 0 1 0 0 1 1 3 41358 312
0x00007aca201ece40 0x0000000a8cecce40 0 0 1 0 1 1 3 41358 304
0x00007aca201ecec0 0x0000000a8ceccec0 0 0 1 0 1 1 3 41358 312
0x00007aca201ecf40 0x0000000a8ceccf40 0 1 1 0 1 1 3 41358 304
0x00007aca201ecfc0 0x0000000a8ceccfc0 0 1 1 0 1 1 3 41358 312
0x00007aca201fa040 0x000000052566d040 0 0 0 0 1 1 3 17587 320
0x00007aca201fa0c0 0x000000052566d0c0 0 0 0 0 1 1 3 17587 328
0x00007aca201fa140 0x000000052566d140 0 1 0 0 1 1 3 17587 320
0x00007aca201fa1c0 0x000000052566d1c0 0 1 0 0 1 1 3 17587 328
0x00007aca201fa240 0x000000052566d240 0 0 1 0 1 1 3 17587 320
0x00007aca201fa2c0 0x000000052566d2c0 0 0 1 0 1 1 3 17587 328
0x00007aca201fa340 0x000000052566d340 0 1 1 0 1 1 3 17587 320
0x00007aca201fa3c0 0x000000052566d3c0 0 1 1 0 1 1 3 17587 328
0x00007aca201fa440 0x000000052566d440 0 0 0 0 1 1 3 17587 336
0x00007aca201fa4c0 0x000000052566d4c0 0 0 0 0 1 1 3 17587 344
0x00007aca201fa540 0x000000052566d540 0 1 0 0 1 1 3 17587 336
0x00007aca201fa5c0 0x000000052566d5c0 0 1 0 0 1 1 3 17587 344
0x00007aca201fa640 0x000000052566d640 0 0 1 0 1 1 3 17587 336
0x00007aca201fa6c0 0x000000052566d6c0 0 0 1 0 1 1 3 17587 344
0x00007aca201fa740 0x000000052566d740 0 1 1 0 1 1 3 17587 336
0x00007aca201fa7c0 0x000000052566d7c0 0 1 1 0 1 1 3 17587 344
0x00007aca201fa840 0x000000052566d840 0 0 0 0 1 1 3 17587 352
0x00007aca201fa8c0 0x000000052566d8c0 0 0 0 0 1 1 3 17587 360
0x00007aca201fa940 0x000000052566d940 0 1 0 0 1 1 3 17587 352
0x00007aca201fa9c0 0x000000052566d9c0 0 1 0 0 1 1 3 17587 360
0x00007aca201faa40 0x000000052566da40 0 0 1 0 1 1 3 17587 352
0x00007aca201faac0 0x000000052566dac0 0 0 1 0 1 1 3 17587 360
0x00007aca201fab40 0x000000052566db40 0 1 1 0 1 1 3 17587 352
0x00007aca201fabc0 0x000000052566dbc0 0 1 1 0 1 1 3 17587 360
0x00007aca201fac40 0x000000052566dc40 0 0 0 0 1 1 3 17587 368
0x00007aca201facc0 0x000000052566dcc0 0 0 0 0 1 1 3 17587 376
0x00007aca201fad40 0x000000052566dd40 0 1 0 0 1 1 3 17587 368
0x00007aca201fadc0 0x000000052566ddc0 0 1 0 0 1 1 3 17587 376
0x00007aca201fae40 0x000000052566de40 0 0 1 0 1 1 3 17587 368
0x00007aca201faec0 0x000000052566dec0 0 0 1 0 1 1 3 17587 376
0x00007aca201faf40 0x000000052566df40 0 1 1 0 1 1 3 17587 368
0x00007aca201fafc0 0x000000052566dfc0 0 1 1 0 1 1 3 17587 376
0x00007aca2020c040 0x000000099c6f3040 0 0 0 0 0 1 3 37767 704
0x00007aca2020c0c0 0x000000099c6f30c0 0 0 0 0 0 1 3 37767 712
0x00007aca2020c140 0x000000099c6f3140 0 1 0 0 0 1 3 37767 704
0x00007aca2020c1c0 0x000000099c6f31c0 0 1 0 0 0 1 3 37767 712
0x00007aca2020c240 0x000000099c6f3240 0 0 1 0 0 1 3 37767 704
0x00007aca2020c2c0 0x000000099c6f32c0 0 0 1 0 0 1 3 37767 712
0x00007aca2020c340 0x000000099c6f3340 0 1 1 0 0 1 3 37767 704
0x00007aca2020c3c0 0x000000099c6f33c0 0 1 1 0 0 1 3 37767 712
0x00007aca2020c440 0x000000099c6f3440 0 0 0 0 0 1 3 37767 720
0x00007aca2020c4c0 0x000000099c6f34c0 0 0 0 0 0 1 3 37767 728
0x00007aca2020c540 0x000000099c6f3540 0 1 0 0 0 1 3 37767 720
0x00007aca2020c5c0 0x000000099c6f35c0 0 1 0 0 0 1 3 37767 728
0x00007aca2020c640 0x000000099c6f3640 0 0 1 0 0 1 3 37767 720
0x00007aca2020c6c0 0x000000099c6f36c0 0 0 1 0 0 1 3 37767 728
0x00007aca2020c740 0x000000099c6f3740 0 1 1 0 0 1 3 37767 720
0x00007aca2020c7c0 0x000000099c6f37c0 0 1 1 0 0 1 3 37767 728
0x00007aca2020c840 0x000000099c6f3840 0 0 0 0 0 1 3 37767 736
0x00007aca2020c8c0 0x000000099c6f38c0 0 0 0 0 0 1 3 37767 744
0x00007aca2020c940 0x000000099c6f3940 0 1 0 0 0 1 3 37767 736
0x00007aca2020c9c0 0x000000099c6f39c0 0 1 0 0 0 1 3 37767 744
0x00007aca2020ca40 0x000000099c6f3a40 0 0 1 0 0 1 3 37767 736
0x00007aca2020cac0 0x000000099c6f3ac0 0 0 1 0 0 1 3 37767 744
0x00007aca2020cb40 0x000000099c6f3b40 0 1 1 0 0 1 3 37767 736
0x00007aca2020cbc0 0x000000099c6f3bc0 0 1 1 0 0 1 3 37767 744
0x00007aca2020cc40 0x000000099c6f3c40 0 0 0 0 0 1 3 37767 752
0x00007aca2020ccc0 0x000000099c6f3cc0 0 0 0 0 0 1 3 37767 760
0x00007aca2020cd40 0x000000099c6f3d40 0 1 0 0 0 1 3 37767 752
0x00007aca2020cdc0 0x000000099c6f3dc0 0 1 0 0 0 1 3 37767 760
0x00007aca2020ce40 0x000000099c6f3e40 0 0 1 0 0 1 3 37767 752
0x00007aca2020cec0 0x000000099c6f3ec0 0 0 1 0 0 1 3 37767 760
0x00007aca2020cf40 0x000000099c6f3f40 0 1 1 0 0 1 3 37767 752
0x00007aca2020cfc0 0x000000099c6f3fc0 0 1 1 0 0 1 3 37767 760
0x00007aca20212040 0x0000000d86ec6040 0 0 0 0 0 1 3 53454 384
0x00007aca202120c0 0x0000000d86ec60c0 0 0 0 0 0 1 3 53454 392
0x00007aca20212140 0x0000000d86ec6140 0 1 0 0 0 1 3 53454 384
0x00007aca202121c0 0x0000000d86ec61c0 0 1 0 0 0 1 3 53454 392
0x00007aca20212240 0x0000000d86ec6240 0 0 1 0 0 1 3 53454 384
0x00007aca202122c0 0x0000000d86ec62c0 0 0 1 0 0 1 3 53454 392
0x00007aca20212340 0x0000000d86ec6340 0 1 1 0 0 1 3 53454 384
0x00007aca202123c0 0x0000000d86ec63c0 0 1 1 0 0 1 3 53454 392
0x00007aca20212440 0x0000000d86ec6440 0 0 0 0 0 1 3 53454 400
0x00007aca202124c0 0x0000000d86ec64c0 0 0 0 0 0 1 3 53454 408
0x00007aca20212540 0x0000000d86ec6540 0 1 0 0 0 1 3 53454 400
0x00007aca202125c0 0x0000000d86ec65c0 0 1 0 0 0 1 3 53454 408
0x00007aca20212640 0x0000000d86ec6640 0 0 1 0 0 1 3 53454 400
0x00007aca202126c0 0x0000000d86ec66c0 0 0 1 0 0 1 3 53454 408
0x00007aca20212740 0x0000000d86ec6740 0 1 1 0 0 1 3 53454 400
0x00007aca202127c0 0x0000000d86ec67c0 0 1 1 0 0 1 3 53454 408
0x00007aca20212840 0x0000000d86ec6840 0 0 0 0 0 1 3 53454 416
0x00007aca202128c0 0x0000000d86ec68c0 0 0 0 0 0 1 3 53454 424
0x00007aca20212940 0x0000000d86ec6940 0 1 0 0 0 1 3 53454 416
0x00007aca202129c0 0x0000000d86ec69c0 0 1 0 0 0 1 3 53454 424
0x00007aca20212a40 0x0000000d86ec6a40 0 0 1 0 0 1 3 53454 416
0x00007aca20212ac0 0x0000000d86ec6ac0 0 0 1 0 0 1 3 53454 424
0x00007aca20212b40 0x0000000d86ec6b40 0 1 1 0 0 1 3 53454 416
0x00007aca20212bc0 0x0000000d86ec6bc0 0 1 1 0 0 1 3 53454 424
0x00007aca20212c40 0x0000000d86ec6c40 0 0 0 0 0 1 3 53454 432
0x00007aca20212cc0 0x0000000d86ec6cc0 0 0 0 0 0 1 3 53454 440
0x00007aca20212d40 0x0000000d86ec6d40 0 1 0 0 0 1 3 53454 432
0x00007aca20212dc0 0x0000000d86ec6dc0 0 1 0 0 0 1 3 53454 440
0x00007aca20212e40 0x0000000d86ec6e40 0 0 1 0 0 1 3 53454 432
0x00007aca20212ec0 0x0000000d86ec6ec0 0 0 1 0 0 1 3 53454 440
0x00007aca20212f40 0x0000000d86ec6f40 0 1 1 0 0 1 3 53454 432
0x00007aca20212fc0 0x0000000d86ec6fc0 0 1 1 0 0 1 3 53454 440
