# bank_id=15 (bg=3 ba=3) n=6592
# Columns: VA PA s imc ch dimm rank bg ba row col
0x00007aca1fc04040 0x0000000879f50040 0 0 0 0 0 3 3 32570 512
0x00007aca1fc040c0 0x0000000879f500c0 0 0 0 0 0 3 3 32570 520
0x00007aca1fc04140 0x0000000879f50140 0 1 0 0 0 3 3 32570 512
0x00007aca1fc041c0 0x0000000879f501c0 0 1 0 0 0 3 3 32570 520
0x00007aca1fc04240 0x0000000879f50240 0 0 1 0 0 3 3 32570 512
0x00007aca1fc042c0 0x0000000879f502c0 0 0 1 0 0 3 3 32570 520
0x00007aca1fc04340 0x0000000879f50340 0 1 1 0 0 3 3 32570 512
0x00007aca1fc043c0 0x0000000879f503c0 0 1 1 0 0 3 3 32570 520
0x00007aca1fc04440 0x0000000879f50440 0 0 0 0 0 3 3 32570 528
0x00007aca1fc044c0 0x0000000879f504c0 0 0 0 0 0 3 3 32570 536
0x00007aca1fc04540 0x0000000879f50540 0 1 0 0 0 3 3 32570 528
0x00007aca1fc045c0 0x0000000879f505c0 0 1 0 0 0 3 3 32570 536
0x00007aca1fc04640 0x0000000879f50640 0 0 1 0 0 3 3 32570 528
0x00007aca1fc046c0 0x0000000879f506c0 0 0 1 0 0 3 3 32570 536
0x00007aca1fc04740 0x0000000879f50740 0 1 1 0 0 3 3 32570 528
0x00007aca1fc047c0 0x0000000879f507c0 0 1 1 0 0 3 3 32570 536
0x00007aca1fc04840 0x0000000879f50840 0 0 0 0 0 3 3 32570 544
0x00007aca1fc048c0 0x0000000879f508c0 0 0 0 0 0 3 3 32570 552
0x00007aca1fc04940 0x0000000879f50940 0 1 0 0 0 3 3 32570 544
0x00007aca1fc049c0 0x0000000879f509c0 0 1 0 0 0 3 3 32570 552
0x00007aca1fc04a40 0x0000000879f50a40 0 0 1 0 0 3 3 32570 544
0x00007aca1fc04ac0 0x0000000879f50ac0 0 0 1 0 0 3 3 32570 552
0x00007aca1fc04b40 0x0000000879f50b40 0 1 1 0 0 3 3 32570 544
0x00007aca1fc04bc0 0x0000000879f50bc0 0 1 1 0 0 3 3 32570 552
0x00007aca1fc04c40 0x0000000879f50c40 0 0 0 0 0 3 3 32570 560
0x00007aca1fc04cc0 0x0000000879f50cc0 0 0 0 0 0 3 3 32570 568
0x00007aca1fc04d40 0x0000000879f50d40 0 1 0 0 0 3 3 32570 560
0x00007aca1fc04dc0 0x0000000879f50dc0 0 1 0 0 0 3 3 32570 568
0x00007aca1fc04e40 0x0000000879f50e40 0 0 1 0 0 3 3 32570 560
0x00007aca1fc04ec0 0x0000000879f50ec0 0 0 1 0 0 3 3 32570 568
0x00007aca1fc04f40 0x0000000879f50f40 0 1 1 0 0 3 3 32570 560
0x00007aca1fc04fc0 0x0000000879f50fc0 0 1 1 0 0 3 3 32570 568
0x00007aca1fc06040 0x00000008e971c040 0 0 0 0 1 3 3 36128 768
0x00007aca1fc060c0 0x00000008e971c0c0 0 0 0 0 1 3 3 36128 776
0x00007aca1fc06140 0x00000008e971c140 0 1 0 0 1 3 3 36128 768
0x00007aca1fc061c0 0x00000008e971c1c0 0 1 0 0 1 3 3 36128 776
0x00007aca1fc06240 0x00000008e971c240 0 0 1 0 1 3 3 36128 768
0x00007aca1fc062c0 0x00000008e971c2c0 0 0 1 0 1 3 3 36128 776
0x00007aca1fc06340 0x00000008e971c340 0 1 1 0 1 3 3 36128 768
0x00007aca1fc063c0 0x00000008e971c3c0 0 1 1 0 1 3 3 36128 776
0x00007aca1fc06440 0x00000008e971c440 0 0 0 0 1 3 3 36128 784
0x00007aca1fc064c0 0x00000008e971c4c0 0 0 0 0 1 3 3 36128 792
0x00007aca1fc06540 0x00000008e971c540 0 1 0 0 1 3 3 36128 784
0x00007aca1fc065c0 0x00000008e971c5c0 0 1 0 0 1 3 3 36128 792
0x00007aca1fc06640 0x00000008e971c640 0 0 1 0 1 3 3 36128 784
0x00007aca1fc066c0 0x00000008e971c6c0 0 0 1 0 1 3 3 36128 792
0x00007aca1fc06740 0x00000008e971c740 0 1 1 0 1 3 3 36128 784
0x00007aca1fc067c0 0x00000008e971c7c0 0 1 1 0 1 3 3 36128 792
0x00007aca1fc06840 0x00000008e971c840 0 0 0 0 1 3 3 36128 800
0x00007aca1fc068c0 0x00000008e971c8c0 0 0 0 0 1 3 3 36128 808
0x00007aca1fc06940 0x00000008e971c940 0 1 0 0 1 3 3 36128 800
0x00007aca1fc069c0 0x00000008e971c9c0 0 1 0 0 1 3 3 36128 808
0x00007aca1fc06a40 0x00000008e971ca40 0 0 1 0 1 3 3 36128 800
0x00007aca1fc06ac0 0x00000008e971cac0 0 0 1 0 1 3 3 36128 808
0x00007aca1fc06b40 0x00000008e971cb40 0 1 1 0 1 3 3 36128 800
0x00007aca1fc06bc0 0x00000008e971cbc0 0 1 1 0 1 3 3 36128 808
0x00007aca1fc06c40 0x00000008e971cc40 0 0 0 0 1 3 3 36128 816
0x00007aca1fc06cc0 0x00000008e971ccc0 0 0 0 0 1 3 3 36128 824
0x00007aca1fc06d40 0x00000008e971cd40 0 1 0 0 1 3 3 36128 816
0x00007aca1fc06dc0 0x00000008e971cdc0 0 1 0 0 1 3 3 36128 824
0x00007aca1fc06e40 0x00000008e971ce40 0 0 1 0 1 3 3 36128 816
0x00007aca1fc06ec0 0x00000008e971cec0 0 0 1 0 1 3 3 36128 824
0x00007aca1fc06f40 0x00000008e971cf40 0 1 1 0 1 3 3 36128 816
0x00007aca1fc06fc0 0x00000008e971cfc0 0 1 1 0 1 3 3 36128 824
0x00007aca1fc07040 0x0000000827fad040 0 0 0 0 1 3 3 29949 320
0x00007aca1fc070c0 0x0000000827fad0c0 0 0 0 0 1 3 3 29949 328
0x00007aca1fc07140 0x0000000827fad140 0 1 0 0 1 3 3 29949 320
0x00007aca1fc071c0 0x0000000827fad1c0 0 1 0 0 1 3 3 29949 328
0x00007aca1fc07240 0x0000000827fad240 0 0 1 0 1 3 3 29949 320
0x00007aca1fc072c0 0x0000000827fad2c0 0 0 1 0 1 3 3 29949 328
0x00007aca1fc07340 0x0000000827fad340 0 1 1 0 1 3 3 29949 320
0x00007aca1fc073c0 0x0000000827fad3c0 0 1 1 0 1 3 3 29949 328
0x00007aca1fc07440 0x0000000827fad440 0 0 0 0 1 3 3 29949 336
0x00007aca1fc074c0 0x0000000827fad4c0 0 0 0 0 1 3 3 29949 344
0x00007aca1fc07540 0x0000000827fad540 0 1 0 0 1 3 3 29949 336
0x00007aca1fc075c0 0x0000000827fad5c0 0 1 0 0 1 3 3 29949 344
0x00007aca1fc07640 0x0000000827fad640 0 0 1 0 1 3 3 29949 336
0x00007aca1fc076c0 0x0000000827fad6c0 0 0 1 0 1 3 3 29949 344
0x00007aca1fc07740 0x0000000827fad740 0 1 1 0 1 3 3 29949 336
0x00007aca1fc077c0 0x0000000827fad7c0 0 1 1 0 1 3 3 29949 344
0x00007aca1fc07840 0x0000000827fad840 0 0 0 0 1 3 3 29949 352
0x00007aca1fc078c0 0x0000000827fad8c0 0 0 0 0 1 3 3 29949 360
0x00007aca1fc07940 0x0000000827fad940 0 1 0 0 1 3 3 29949 352
0x00007aca1fc079c0 0x0000000827fad9c0 0 1 0 0 1 3 3 29949 360
0x00007aca1fc07a40 0x0000000827fada40 0 0 1 0 1 3 3 29949 352
0x00007aca1fc07ac0 0x0000000827fadac0 0 0 1 0 1 3 3 29949 360
0x00007aca1fc07b40 0x0000000827fadb40 0 1 1 0 1 3 3 29949 352
0x00007aca1fc07bc0 0x0000000827fadbc0 0 1 1 0 1 3 3 29949 360
0x00007aca1fc07c40 0x0000000827fadc40 0 0 0 0 1 3 3 29949 368
0x00007aca1fc07cc0 0x0000000827fadcc0 0 0 0 0 1 3 3 29949 376
0x00007aca1fc07d40 0x0000000827fadd40 0 1 0 0 1 3 3 29949 368
0x00007aca1fc07dc0 0x0000000827faddc0 0 1 0 0 1 3 3 29949 376
0x00007aca1fc07e40 0x0000000827fade40 0 0 1 0 1 3 3 29949 368
0x00007aca1fc07ec0 0x0000000827fadec0 0 0 1 0 1 3 3 29949 376
0x00007aca1fc07f40 0x0000000827fadf40 0 1 1 0 1 3 3 29949 368
0x00007aca1fc07fc0 0x0000000827fadfc0 0 1 1 0 1 3 3 29949 376
0x00007aca1fc09040 0x00000007b2762040 0 0 0 0 0 3 3 30275 128
0x00007aca1fc090c0 0x00000007b27620c0 0 0 0 0 0 3 3 30275 136
0x00007aca1fc09140 0x00000007b2762140 0 1 0 0 0 3 3 30275 128
0x00007aca1fc091c0 0x00000007b27621c0 0 1 0 0 0 3 3 30275 136
0x00007aca1fc09240 0x00000007b2762240 0 0 1 0 0 3 3 30275 128
0x00007aca1fc092c0 0x00000007b27622c0 0 0 1 0 0 3 3 30275 136
0x00007aca1fc09340 0x00000007b2762340 0 1 1 0 0 3 3 30275 128
0x00007aca1fc093c0 0x00000007b27623c0 0 1 1 0 0 3 3 30275 136
0x00007aca1fc09440 0x00000007b2762440 0 0 0 0 0 3 3 30275 144
0x00007aca1fc094c0 0x00000007b27624c0 0 0 0 0 0 3 3 30275 152
0x00007aca1fc09540 0x00000007b2762540 0 1 0 0 0 3 3 30275 144
0x00007aca1fc095c0 0x00000007b27625c0 0 1 0 0 0 3 3 30275 152
0x00007aca1fc09640 0x00000007b2762640 0 0 1 0 0 3 3 30275 144
0x00007aca1fc096c0 0x00000007b27626c0 0 0 1 0 0 3 3 30275 152
0x00007aca1fc09740 0x00000007b2762740 0 1 1 0 0 3 3 30275 144
0x00007aca1fc097c0 0x00000007b27627c0 0 1 1 0 0 3 3 30275 152
0x00007aca1fc09840 0x00000007b2762840 0 0 0 0 0 3 3 30275 160
0x00007aca1fc098c0 0x00000007b27628c0 0 0 0 0 0 3 3 30275 168
0x00007aca1fc09940 0x00000007b2762940 0 1 0 0 0 3 3 30275 160
0x00007aca1fc099c0 0x00000007b27629c0 0 1 0 0 0 3 3 30275 168
0x00007aca1fc09a40 0x00000007b2762a40 0 0 1 0 0 3 3 30275 160
0x00007aca1fc09ac0 0x00000007b2762ac0 0 0 1 0 0 3 3 30275 168
0x00007aca1fc09b40 0x00000007b2762b40 0 1 1 0 0 3 3 30275 160
0x00007aca1fc09bc0 0x00000007b2762bc0 0 1 1 0 0 3 3 30275 168
0x00007aca1fc09c40 0x00000007b2762c40 0 0 0 0 0 3 3 30275 176
0x00007aca1fc09cc0 0x00000007b2762cc0 0 0 0 0 0 3 3 30275 184
0x00007aca1fc09d40 0x00000007b2762d40 0 1 0 0 0 3 3 30275 176
0x00007aca1fc09dc0 0x00000007b2762dc0 0 1 0 0 0 3 3 30275 184
0x00007aca1fc09e40 0x00000007b2762e40 0 0 1 0 0 3 3 30275 176
0x00007aca1fc09ec0 0x00000007b2762ec0 0 0 1 0 0 3 3 30275 184
0x00007aca1fc09f40 0x00000007b2762f40 0 1 1 0 0 3 3 30275 176
0x00007aca1fc09fc0 0x00000007b2762fc0 0 1 1 0 0 3 3 30275 184
0x00007aca1fc0a040 0x0000000cb47a5040 0 0 0 0 0 3 3 50821 320
0x00007aca1fc0a0c0 0x0000000cb47a50c0 0 0 0 0 0 3 3 50821 328
0x00007aca1fc0a140 0x0000000cb47a5140 0 1 0 0 0 3 3 50821 320
0x00007aca1fc0a1c0 0x0000000cb47a51c0 0 1 0 0 0 3 3 50821 328
0x00007aca1fc0a240 0x0000000cb47a5240 0 0 1 0 0 3 3 50821 320
0x00007aca1fc0a2c0 0x0000000cb47a52c0 0 0 1 0 0 3 3 50821 328
0x00007aca1fc0a340 0x0000000cb47a5340 0 1 1 0 0 3 3 50821 320
0x00007aca1fc0a3c0 0x0000000cb47a53c0 0 1 1 0 0 3 3 50821 328
0x00007aca1fc0a440 0x0000000cb47a5440 0 0 0 0 0 3 3 50821 336
0x00007aca1fc0a4c0 0x0000000cb47a54c0 0 0 0 0 0 3 3 50821 344
0x00007aca1fc0a540 0x0000000cb47a5540 0 1 0 0 0 3 3 50821 336
0x00007aca1fc0a5c0 0x0000000cb47a55c0 0 1 0 0 0 3 3 50821 344
0x00007aca1fc0a640 0x0000000cb47a5640 0 0 1 0 0 3 3 50821 336
0x00007aca1fc0a6c0 0x0000000cb47a56c0 0 0 1 0 0 3 3 50821 344
0x00007aca1fc0a740 0x0000000cb47a5740 0 1 1 0 0 3 3 50821 336
0x00007aca1fc0a7c0 0x0000000cb47a57c0 0 1 1 0 0 3 3 50821 344
0x00007aca1fc0a840 0x0000000cb47a5840 0 0 0 0 0 3 3 50821 352
0x00007aca1fc0a8c0 0x0000000cb47a58c0 0 0 0 0 0 3 3 50821 360
0x00007aca1fc0a940 0x0000000cb47a5940 0 1 0 0 0 3 3 50821 352
0x00007aca1fc0a9c0 0x0000000cb47a59c0 0 1 0 0 0 3 3 50821 360
0x00007aca1fc0aa40 0x0000000cb47a5a40 0 0 1 0 0 3 3 50821 352
0x00007aca1fc0aac0 0x0000000cb47a5ac0 0 0 1 0 0 3 3 50821 360
0x00007aca1fc0ab40 0x0000000cb47a5b40 0 1 1 0 0 3 3 50821 352
0x00007aca1fc0abc0 0x0000000cb47a5bc0 0 1 1 0 0 3 3 50821 360
0x00007aca1fc0ac40 0x0000000cb47a5c40 0 0 0 0 0 3 3 50821 368
0x00007aca1fc0acc0 0x0000000cb47a5cc0 0 0 0 0 0 3 3 50821 376
0x00007aca1fc0ad40 0x0000000cb47a5d40 0 1 0 0 0 3 3 50821 368
0x00007aca1fc0adc0 0x0000000cb47a5dc0 0 1 0 0 0 3 3 50821 376
0x00007aca1fc0ae40 0x0000000cb47a5e40 0 0 1 0 0 3 3 50821 368
0x00007aca1fc0aec0 0x0000000cb47a5ec0 0 0 1 0 0 3 3 50821 376
0x00007aca1fc0af40 0x0000000cb47a5f40 0 1 1 0 0 3 3 50821 368
0x00007aca1fc0afc0 0x0000000cb47a5fc0 0 1 1 0 0 3 3 50821 376
0x00007aca1fc16040 0x0000000996788040 0 0 0 0 1 3 3 37572 0
0x00007aca1fc160c0 0x00000009967880c0 0 0 0 0 1 3 3 37572 8
0x00007aca1fc16140 0x0000000996788140 0 1 0 0 1 3 3 37572 0
0x00007aca1fc161c0 0x00000009967881c0 0 1 0 0 1 3 3 37572 8
0x00007aca1fc16240 0x0000000996788240 0 0 1 0 1 3 3 37572 0
0x00007aca1fc162c0 0x00000009967882c0 0 0 1 0 1 3 3 37572 8
0x00007aca1fc16340 0x0000000996788340 0 1 1 0 1 3 3 37572 0
0x00007aca1fc163c0 0x00000009967883c0 0 1 1 0 1 3 3 37572 8
0x00007aca1fc16440 0x0000000996788440 0 0 0 0 1 3 3 37572 16
0x00007aca1fc164c0 0x00000009967884c0 0 0 0 0 1 3 3 37572 24
0x00007aca1fc16540 0x0000000996788540 0 1 0 0 1 3 3 37572 16
0x00007aca1fc165c0 0x00000009967885c0 0 1 0 0 1 3 3 37572 24
0x00007aca1fc16640 0x0000000996788640 0 0 1 0 1 3 3 37572 16
0x00007aca1fc166c0 0x00000009967886c0 0 0 1 0 1 3 3 37572 24
0x00007aca1fc16740 0x0000000996788740 0 1 1 0 1 3 3 37572 16
0x00007aca1fc167c0 0x00000009967887c0 0 1 1 0 1 3 3 37572 24
0x00007aca1fc16840 0x0000000996788840 0 0 0 0 1 3 3 37572 32
0x00007aca1fc168c0 0x00000009967888c0 0 0 0 0 1 3 3 37572 40
0x00007aca1fc16940 0x0000000996788940 0 1 0 0 1 3 3 37572 32
0x00007aca1fc169c0 0x00000009967889c0 0 1 0 0 1 3 3 37572 40
0x00007aca1fc16a40 0x0000000996788a40 0 0 1 0 1 3 3 37572 32
0x00007aca1fc16ac0 0x0000000996788ac0 0 0 1 0 1 3 3 37572 40
0x00007aca1fc16b40 0x0000000996788b40 0 1 1 0 1 3 3 37572 32
0x00007aca1fc16bc0 0x0000000996788bc0 0 1 1 0 1 3 3 37572 40
0x00007aca1fc16c40 0x0000000996788c40 0 0 0 0 1 3 3 37572 48
0x00007aca1fc16cc0 0x0000000996788cc0 0 0 0 0 1 3 3 37572 56
0x00007aca1fc16d40 0x0000000996788d40 0 1 0 0 1 3 3 37572 48
0x00007aca1fc16dc0 0x0000000996788dc0 0 1 0 0 1 3 3 37572 56
0x00007aca1fc16e40 0x0000000996788e40 0 0 1 0 1 3 3 37572 48
0x00007aca1fc16ec0 0x0000000996788ec0 0 0 1 0 1 3 3 37572 56
0x00007aca1fc16f40 0x0000000996788f40 0 1 1 0 1 3 3 37572 48
0x00007aca1fc16fc0 0x0000000996788fc0 0 1 1 0 1 3 3 37572 56
0x00007aca1fc17040 0x00000007f7f14040 0 0 0 0 0 3 3 32488 768
0x00007aca1fc170c0 0x00000007f7f140c0 0 0 0 0 0 3 3 32488 776
0x00007aca1fc17140 0x00000007f7f14140 0 1 0 0 0 3 3 32488 768
0x00007aca1fc171c0 0x00000007f7f141c0 0 1 0 0 0 3 3 32488 776
0x00007aca1fc17240 0x00000007f7f14240 0 0 1 0 0 3 3 32488 768
0x00007aca1fc172c0 0x00000007f7f142c0 0 0 1 0 0 3 3 32488 776
0x00007aca1fc17340 0x00000007f7f14340 0 1 1 0 0 3 3 32488 768
0x00007aca1fc173c0 0x00000007f7f143c0 0 1 1 0 0 3 3 32488 776
0x00007aca1fc17440 0x00000007f7f14440 0 0 0 0 0 3 3 32488 784
0x00007aca1fc174c0 0x00000007f7f144c0 0 0 0 0 0 3 3 32488 792
0x00007aca1fc17540 0x00000007f7f14540 0 1 0 0 0 3 3 32488 784
0x00007aca1fc175c0 0x00000007f7f145c0 0 1 0 0 0 3 3 32488 792
0x00007aca1fc17640 0x00000007f7f14640 0 0 1 0 0 3 3 32488 784
0x00007aca1fc176c0 0x00000007f7f146c0 0 0 1 0 0 3 3 32488 792
0x00007aca1fc17740 0x00000007f7f14740 0 1 1 0 0 3 3 32488 784
0x00007aca1fc177c0 0x00000007f7f147c0 0 1 1 0 0 3 3 32488 792
0x00007aca1fc17840 0x00000007f7f14840 0 0 0 0 0 3 3 32488 800
0x00007aca1fc178c0 0x00000007f7f148c0 0 0 0 0 0 3 3 32488 808
0x00007aca1fc17940 0x00000007f7f14940 0 1 0 0 0 3 3 32488 800
0x00007aca1fc179c0 0x00000007f7f149c0 0 1 0 0 0 3 3 32488 808
0x00007aca1fc17a40 0x00000007f7f14a40 0 0 1 0 0 3 3 32488 800
0x00007aca1fc17ac0 0x00000007f7f14ac0 0 0 1 0 0 3 3 32488 808
0x00007aca1fc17b40 0x00000007f7f14b40 0 1 1 0 0 3 3 32488 800
0x00007aca1fc17bc0 0x00000007f7f14bc0 0 1 1 0 0 3 3 32488 808
0x00007aca1fc17c40 0x00000007f7f14c40 0 0 0 0 0 3 3 32488 816
0x00007aca1fc17cc0 0x00000007f7f14cc0 0 0 0 0 0 3 3 32488 824
0x00007aca1fc17d40 0x00000007f7f14d40 0 1 0 0 0 3 3 32488 816
0x00007aca1fc17dc0 0x00000007f7f14dc0 0 1 0 0 0 3 3 32488 824
0x00007aca1fc17e40 0x00000007f7f14e40 0 0 1 0 0 3 3 32488 816
0x00007aca1fc17ec0 0x00000007f7f14ec0 0 0 1 0 0 3 3 32488 824
0x00007aca1fc17f40 0x00000007f7f14f40 0 1 1 0 0 3 3 32488 816
0x00007aca1fc17fc0 0x00000007f7f14fc0 0 1 1 0 0 3 3 32488 824
0x00007aca1fc1b040 0x0000000cbef54040 0 0 0 0 0 3 3 51146 768
0x00007aca1fc1b0c0 0x0000000cbef540c0 0 0 0 0 0 3 3 51146 776
0x00007aca1fc1b140 0x0000000cbef54140 0 1 0 0 0 3 3 51146 768
0x00007aca1fc1b1c0 0x0000000cbef541c0 0 1 0 0 0 3 3 51146 776
0x00007aca1fc1b240 0x0000000cbef54240 0 0 1 0 0 3 3 51146 768
0x00007aca1fc1b2c0 0x0000000cbef542c0 0 0 1 0 0 3 3 51146 776
0x00007aca1fc1b340 0x0000000cbef54340 0 1 1 0 0 3 3 51146 768
0x00007aca1fc1b3c0 0x0000000cbef543c0 0 1 1 0 0 3 3 51146 776
0x00007aca1fc1b440 0x0000000cbef54440 0 0 0 0 0 3 3 51146 784
0x00007aca1fc1b4c0 0x0000000cbef544c0 0 0 0 0 0 3 3 51146 792
0x00007aca1fc1b540 0x0000000cbef54540 0 1 0 0 0 3 3 51146 784
0x00007aca1fc1b5c0 0x0000000cbef545c0 0 1 0 0 0 3 3 51146 792
0x00007aca1fc1b640 0x0000000cbef54640 0 0 1 0 0 3 3 51146 784
0x00007aca1fc1b6c0 0x0000000cbef546c0 0 0 1 0 0 3 3 51146 792
0x00007aca1fc1b740 0x0000000cbef54740 0 1 1 0 0 3 3 51146 784
0x00007aca1fc1b7c0 0x0000000cbef547c0 0 1 1 0 0 3 3 51146 792
0x00007aca1fc1b840 0x0000000cbef54840 0 0 0 0 0 3 3 51146 800
0x00007aca1fc1b8c0 0x0000000cbef548c0 0 0 0 0 0 3 3 51146 808
0x00007aca1fc1b940 0x0000000cbef54940 0 1 0 0 0 3 3 51146 800
0x00007aca1fc1b9c0 0x0000000cbef549c0 0 1 0 0 0 3 3 51146 808
0x00007aca1fc1ba40 0x0000000cbef54a40 0 0 1 0 0 3 3 51146 800
0x00007aca1fc1bac0 0x0000000cbef54ac0 0 0 1 0 0 3 3 51146 808
0x00007aca1fc1bb40 0x0000000cbef54b40 0 1 1 0 0 3 3 51146 800
0x00007aca1fc1bbc0 0x0000000cbef54bc0 0 1 1 0 0 3 3 51146 808
0x00007aca1fc1bc40 0x0000000cbef54c40 0 0 0 0 0 3 3 51146 816
0x00007aca1fc1bcc0 0x0000000cbef54cc0 0 0 0 0 0 3 3 51146 824
0x00007aca1fc1bd40 0x0000000cbef54d40 0 1 0 0 0 3 3 51146 816
0x00007aca1fc1bdc0 0x0000000cbef54dc0 0 1 0 0 0 3 3 51146 824
0x00007aca1fc1be40 0x0000000cbef54e40 0 0 1 0 0 3 3 51146 816
0x00007aca1fc1bec0 0x0000000cbef54ec0 0 0 1 0 0 3 3 51146 824
0x00007aca1fc1bf40 0x0000000cbef54f40 0 1 1 0 0 3 3 51146 816
0x00007aca1fc1bfc0 0x0000000cbef54fc0 0 1 1 0 0 3 3 51146 824
0x00007aca1fc1e040 0x0000000a8efec040 0 0 0 0 1 3 3 41423 256
0x00007aca1fc1e0c0 0x0000000a8efec0c0 0 0 0 0 1 3 3 41423 264
0x00007aca1fc1e140 0x0000000a8efec140 0 1 0 0 1 3 3 41423 256
0x00007aca1fc1e1c0 0x0000000a8efec1c0 0 1 0 0 1 3 3 41423 264
0x00007aca1fc1e240 0x0000000a8efec240 0 0 1 0 1 3 3 41423 256
0x00007aca1fc1e2c0 0x0000000a8efec2c0 0 0 1 0 1 3 3 41423 264
0x00007aca1fc1e340 0x0000000a8efec340 0 1 1 0 1 3 3 41423 256
0x00007aca1fc1e3c0 0x0000000a8efec3c0 0 1 1 0 1 3 3 41423 264
0x00007aca1fc1e440 0x0000000a8efec440 0 0 0 0 1 3 3 41423 272
0x00007aca1fc1e4c0 0x0000000a8efec4c0 0 0 0 0 1 3 3 41423 280
0x00007aca1fc1e540 0x0000000a8efec540 0 1 0 0 1 3 3 41423 272
0x00007aca1fc1e5c0 0x0000000a8efec5c0 0 1 0 0 1 3 3 41423 280
0x00007aca1fc1e640 0x0000000a8efec640 0 0 1 0 1 3 3 41423 272
0x00007aca1fc1e6c0 0x0000000a8efec6c0 0 0 1 0 1 3 3 41423 280
0x00007aca1fc1e740 0x0000000a8efec740 0 1 1 0 1 3 3 41423 272
0x00007aca1fc1e7c0 0x0000000a8efec7c0 0 1 1 0 1 3 3 41423 280
0x00007aca1fc1e840 0x0000000a8efec840 0 0 0 0 1 3 3 41423 288
0x00007aca1fc1e8c0 0x0000000a8efec8c0 0 0 0 0 1 3 3 41423 296
0x00007aca1fc1e940 0x0000000a8efec940 0 1 0 0 1 3 3 41423 288
0x00007aca1fc1e9c0 0x0000000a8efec9c0 0 1 0 0 1 3 3 41423 296
0x00007aca1fc1ea40 0x0000000a8efeca40 0 0 1 0 1 3 3 41423 288
0x00007aca1fc1eac0 0x0000000a8efecac0 0 0 1 0 1 3 3 41423 296
0x00007aca1fc1eb40 0x0000000a8efecb40 0 1 1 0 1 3 3 41423 288
0x00007aca1fc1ebc0 0x0000000a8efecbc0 0 1 1 0 1 3 3 41423 296
0x00007aca1fc1ec40 0x0000000a8efecc40 0 0 0 0 1 3 3 41423 304
0x00007aca1fc1ecc0 0x0000000a8efeccc0 0 0 0 0 1 3 3 41423 312
0x00007aca1fc1ed40 0x0000000a8efecd40 0 1 0 0 1 3 3 41423 304
0x00007aca1fc1edc0 0x0000000a8efecdc0 0 1 0 0 1 3 3 41423 312
0x00007aca1fc1ee40 0x0000000a8efece40 0 0 1 0 1 3 3 41423 304
0x00007aca1fc1eec0 0x0000000a8efecec0 0 0 1 0 1 3 3 41423 312
0x00007aca1fc1ef40 0x0000000a8efecf40 0 1 1 0 1 3 3 41423 304
0x00007aca1fc1efc0 0x0000000a8efecfc0 0 1 1 0 1 3 3 41423 312
0x00007aca1fc24040 0x0000000c53ff7040 0 0 0 0 0 3 3 47743 960
0x00007aca1fc240c0 0x0000000c53ff70c0 0 0 0 0 0 3 3 47743 968
0x00007aca1fc24140 0x0000000c53ff7140 0 1 0 0 0 3 3 47743 960
0x00007aca1fc241c0 0x0000000c53ff71c0 0 1 0 0 0 3 3 47743 968
0x00007aca1fc24240 0x0000000c53ff7240 0 0 1 0 0 3 3 47743 960
0x00007aca1fc242c0 0x0000000c53ff72c0 0 0 1 0 0 3 3 47743 968
0x00007aca1fc24340 0x0000000c53ff7340 0 1 1 0 0 3 3 47743 960
0x00007aca1fc243c0 0x0000000c53ff73c0 0 1 1 0 0 3 3 47743 968
0x00007aca1fc24440 0x0000000c53ff7440 0 0 0 0 0 3 3 47743 976
0x00007aca1fc244c0 0x0000000c53ff74c0 0 0 0 0 0 3 3 47743 984
0x00007aca1fc24540 0x0000000c53ff7540 0 1 0 0 0 3 3 47743 976
0x00007aca1fc245c0 0x0000000c53ff75c0 0 1 0 0 0 3 3 47743 984
0x00007aca1fc24640 0x0000000c53ff7640 0 0 1 0 0 3 3 47743 976
0x00007aca1fc246c0 0x0000000c53ff76c0 0 0 1 0 0 3 3 47743 984
0x00007aca1fc24740 0x0000000c53ff7740 0 1 1 0 0 3 3 47743 976
0x00007aca1fc247c0 0x0000000c53ff77c0 0 1 1 0 0 3 3 47743 984
0x00007aca1fc24840 0x0000000c53ff7840 0 0 0 0 0 3 3 47743 992
0x00007aca1fc248c0 0x0000000c53ff78c0 0 0 0 0 0 3 3 47743 1000
0x00007aca1fc24940 0x0000000c53ff7940 0 1 0 0 0 3 3 47743 992
0x00007aca1fc249c0 0x0000000c53ff79c0 0 1 0 0 0 3 3 47743 1000
0x00007aca1fc24a40 0x0000000c53ff7a40 0 0 1 0 0 3 3 47743 992
0x00007aca1fc24ac0 0x0000000c53ff7ac0 0 0 1 0 0 3 3 47743 1000
0x00007aca1fc24b40 0x0000000c53ff7b40 0 1 1 0 0 3 3 47743 992
0x00007aca1fc24bc0 0x0000000c53ff7bc0 0 1 1 0 0 3 3 47743 1000
0x00007aca1fc24c40 0x0000000c53ff7c40 0 0 0 0 0 3 3 47743 1008
0x00007aca1fc24cc0 0x0000000c53ff7cc0 0 0 0 0 0 3 3 47743 1016
0x00007aca1fc24d40 0x0000000c53ff7d40 0 1 0 0 0 3 3 47743 1008
0x00007aca1fc24dc0 0x0000000c53ff7dc0 0 1 0 0 0 3 3 47743 1016
0x00007aca1fc24e40 0x0000000c53ff7e40 0 0 1 0 0 3 3 47743 1008
0x00007aca1fc24ec0 0x0000000c53ff7ec0 0 0 1 0 0 3 3 47743 1016
0x00007aca1fc24f40 0x0000000c53ff7f40 0 1 1 0 0 3 3 47743 1008
0x00007aca1fc24fc0 0x0000000c53ff7fc0 0 1 1 0 0 3 3 47743 1016
0x00007aca1fc4c040 0x0000000c10fd1040 0 0 0 0 0 3 3 45598 576
0x00007aca1fc4c0c0 0x0000000c10fd10c0 0 0 0 0 0 3 3 45598 584
0x00007aca1fc4c140 0x0000000c10fd1140 0 1 0 0 0 3 3 45598 576
0x00007aca1fc4c1c0 0x0000000c10fd11c0 0 1 0 0 0 3 3 45598 584
0x00007aca1fc4c240 0x0000000c10fd1240 0 0 1 0 0 3 3 45598 576
0x00007aca1fc4c2c0 0x0000000c10fd12c0 0 0 1 0 0 3 3 45598 584
0x00007aca1fc4c340 0x0000000c10fd1340 0 1 1 0 0 3 3 45598 576
0x00007aca1fc4c3c0 0x0000000c10fd13c0 0 1 1 0 0 3 3 45598 584
0x00007aca1fc4c440 0x0000000c10fd1440 0 0 0 0 0 3 3 45598 592
0x00007aca1fc4c4c0 0x0000000c10fd14c0 0 0 0 0 0 3 3 45598 600
0x00007aca1fc4c540 0x0000000c10fd1540 0 1 0 0 0 3 3 45598 592
0x00007aca1fc4c5c0 0x0000000c10fd15c0 0 1 0 0 0 3 3 45598 600
0x00007aca1fc4c640 0x0000000c10fd1640 0 0 1 0 0 3 3 45598 592
0x00007aca1fc4c6c0 0x0000000c10fd16c0 0 0 1 0 0 3 3 45598 600
0x00007aca1fc4c740 0x0000000c10fd1740 0 1 1 0 0 3 3 45598 592
0x00007aca1fc4c7c0 0x0000000c10fd17c0 0 1 1 0 0 3 3 45598 600
0x00007aca1fc4c840 0x0000000c10fd1840 0 0 0 0 0 3 3 45598 608
0x00007aca1fc4c8c0 0x0000000c10fd18c0 0 0 0 0 0 3 3 45598 616
0x00007aca1fc4c940 0x0000000c10fd1940 0 1 0 0 0 3 3 45598 608
0x00007aca1fc4c9c0 0x0000000c10fd19c0 0 1 0 0 0 3 3 45598 616
0x00007aca1fc4ca40 0x0000000c10fd1a40 0 0 1 0 0 3 3 45598 608
0x00007aca1fc4cac0 0x0000000c10fd1ac0 0 0 1 0 0 3 3 45598 616
0x00007aca1fc4cb40 0x0000000c10fd1b40 0 1 1 0 0 3 3 45598 608
0x00007aca1fc4cbc0 0x0000000c10fd1bc0 0 1 1 0 0 3 3 45598 616
0x00007aca1fc4cc40 0x0000000c10fd1c40 0 0 0 0 0 3 3 45598 624
0x00007aca1fc4ccc0 0x0000000c10fd1cc0 0 0 0 0 0 3 3 45598 632
0x00007aca1fc4cd40 0x0000000c10fd1d40 0 1 0 0 0 3 3 45598 624
0x00007aca1fc4cdc0 0x0000000c10fd1dc0 0 1 0 0 0 3 3 45598 632
0x00007aca1fc4ce40 0x0000000c10fd1e40 0 0 1 0 0 3 3 45598 624
0x00007aca1fc4cec0 0x0000000c10fd1ec0 0 0 1 0 0 3 3 45598 632
0x00007aca1fc4cf40 0x0000000c10fd1f40 0 1 1 0 0 3 3 45598 624
0x00007aca1fc4cfc0 0x0000000c10fd1fc0 0 1 1 0 0 3 3 45598 632
0x00007aca1fc52040 0x0000000dccfee040 0 0 0 0 1 3 3 55695 384
0x00007aca1fc520c0 0x0000000dccfee0c0 0 0 0 0 1 3 3 55695 392
0x00007aca1fc52140 0x0000000dccfee140 0 1 0 0 1 3 3 55695 384
0x00007aca1fc521c0 0x0000000dccfee1c0 0 1 0 0 1 3 3 55695 392
0x00007aca1fc52240 0x0000000dccfee240 0 0 1 0 1 3 3 55695 384
0x00007aca1fc522c0 0x0000000dccfee2c0 0 0 1 0 1 3 3 55695 392
0x00007aca1fc52340 0x0000000dccfee340 0 1 1 0 1 3 3 55695 384
0x00007aca1fc523c0 0x0000000dccfee3c0 0 1 1 0 1 3 3 55695 392
0x00007aca1fc52440 0x0000000dccfee440 0 0 0 0 1 3 3 55695 400
0x00007aca1fc524c0 0x0000000dccfee4c0 0 0 0 0 1 3 3 55695 408
0x00007aca1fc52540 0x0000000dccfee540 0 1 0 0 1 3 3 55695 400
0x00007aca1fc525c0 0x0000000dccfee5c0 0 1 0 0 1 3 3 55695 408
0x00007aca1fc52640 0x0000000dccfee640 0 0 1 0 1 3 3 55695 400
0x00007aca1fc526c0 0x0000000dccfee6c0 0 0 1 0 1 3 3 55695 408
0x00007aca1fc52740 0x0000000dccfee740 0 1 1 0 1 3 3 55695 400
0x00007aca1fc527c0 0x0000000dccfee7c0 0 1 1 0 1 3 3 55695 408
0x00007aca1fc52840 0x0000000dccfee840 0 0 0 0 1 3 3 55695 416
0x00007aca1fc528c0 0x0000000dccfee8c0 0 0 0 0 1 3 3 55695 424
0x00007aca1fc52940 0x0000000dccfee940 0 1 0 0 1 3 3 55695 416
0x00007aca1fc529c0 0x0000000dccfee9c0 0 1 0 0 1 3 3 55695 424
0x00007aca1fc52a40 0x0000000dccfeea40 0 0 1 0 1 3 3 55695 416
0x00007aca1fc52ac0 0x0000000dccfeeac0 0 0 1 0 1 3 3 55695 424
0x00007aca1fc52b40 0x0000000dccfeeb40 0 1 1 0 1 3 3 55695 416
0x00007aca1fc52bc0 0x0000000dccfeebc0 0 1 1 0 1 3 3 55695 424
0x00007aca1fc52c40 0x0000000dccfeec40 0 0 0 0 1 3 3 55695 432
0x00007aca1fc52cc0 0x0000000dccfeecc0 0 0 0 0 1 3 3 55695 440
0x00007aca1fc52d40 0x0000000dccfeed40 0 1 0 0 1 3 3 55695 432
0x00007aca1fc52dc0 0x0000000dccfeedc0 0 1 0 0 1 3 3 55695 440
0x00007aca1fc52e40 0x0000000dccfeee40 0 0 1 0 1 3 3 55695 432
0x00007aca1fc52ec0 0x0000000dccfeeec0 0 0 1 0 1 3 3 55695 440
0x00007aca1fc52f40 0x0000000dccfeef40 0 1 1 0 1 3 3 55695 432
0x00007aca1fc52fc0 0x0000000dccfeefc0 0 1 1 0 1 3 3 55695 440
0x00007aca1fc58040 0x0000000cc8fec040 0 0 0 0 1 3 3 51471 256
0x00007aca1fc580c0 0x0000000cc8fec0c0 0 0 0 0 1 3 3 51471 264
0x00007aca1fc58140 0x0000000cc8fec140 0 1 0 0 1 3 3 51471 256
0x00007aca1fc581c0 0x0000000cc8fec1c0 0 1 0 0 1 3 3 51471 264
0x00007aca1fc58240 0x0000000cc8fec240 0 0 1 0 1 3 3 51471 256
0x00007aca1fc582c0 0x0000000cc8fec2c0 0 0 1 0 1 3 3 51471 264
0x00007aca1fc58340 0x0000000cc8fec340 0 1 1 0 1 3 3 51471 256
0x00007aca1fc583c0 0x0000000cc8fec3c0 0 1 1 0 1 3 3 51471 264
0x00007aca1fc58440 0x0000000cc8fec440 0 0 0 0 1 3 3 51471 272
0x00007aca1fc584c0 0x0000000cc8fec4c0 0 0 0 0 1 3 3 51471 280
0x00007aca1fc58540 0x0000000cc8fec540 0 1 0 0 1 3 3 51471 272
0x00007aca1fc585c0 0x0000000cc8fec5c0 0 1 0 0 1 3 3 51471 280
0x00007aca1fc58640 0x0000000cc8fec640 0 0 1 0 1 3 3 51471 272
0x00007aca1fc586c0 0x0000000cc8fec6c0 0 0 1 0 1 3 3 51471 280
0x00007aca1fc58740 0x0000000cc8fec740 0 1 1 0 1 3 3 51471 272
0x00007aca1fc587c0 0x0000000cc8fec7c0 0 1 1 0 1 3 3 51471 280
0x00007aca1fc58840 0x0000000cc8fec840 0 0 0 0 1 3 3 51471 288
0x00007aca1fc588c0 0x0000000cc8fec8c0 0 0 0 0 1 3 3 51471 296
0x00007aca1fc58940 0x0000000cc8fec940 0 1 0 0 1 3 3 51471 288
0x00007aca1fc589c0 0x0000000cc8fec9c0 0 1 0 0 1 3 3 51471 296
0x00007aca1fc58a40 0x0000000cc8feca40 0 0 1 0 1 3 3 51471 288
0x00007aca1fc58ac0 0x0000000cc8fecac0 0 0 1 0 1 3 3 51471 296
0x00007aca1fc58b40 0x0000000cc8fecb40 0 1 1 0 1 3 3 51471 288
0x00007aca1fc58bc0 0x0000000cc8fecbc0 0 1 1 0 1 3 3 51471 296
0x00007aca1fc58c40 0x0000000cc8fecc40 0 0 0 0 1 3 3 51471 304
0x00007aca1fc58cc0 0x0000000cc8feccc0 0 0 0 0 1 3 3 51471 312
0x00007aca1fc58d40 0x0000000cc8fecd40 0 1 0 0 1 3 3 51471 304
0x00007aca1fc58dc0 0x0000000cc8fecdc0 0 1 0 0 1 3 3 51471 312
0x00007aca1fc58e40 0x0000000cc8fece40 0 0 1 0 1 3 3 51471 304
0x00007aca1fc58ec0 0x0000000cc8fecec0 0 0 1 0 1 3 3 51471 312
0x00007aca1fc58f40 0x0000000cc8fecf40 0 1 1 0 1 3 3 51471 304
0x00007aca1fc58fc0 0x0000000cc8fecfc0 0 1 1 0 1 3 3 51471 312
0x00007aca1fc59040 0x0000000ba6fe5040 0 0 0 0 0 3 3 46287 320
0x00007aca1fc590c0 0x0000000ba6fe50c0 0 0 0 0 0 3 3 46287 328
0x00007aca1fc59140 0x0000000ba6fe5140 0 1 0 0 0 3 3 46287 320
0x00007aca1fc591c0 0x0000000ba6fe51c0 0 1 0 0 0 3 3 46287 328
0x00007aca1fc59240 0x0000000ba6fe5240 0 0 1 0 0 3 3 46287 320
0x00007aca1fc592c0 0x0000000ba6fe52c0 0 0 1 0 0 3 3 46287 328
0x00007aca1fc59340 0x0000000ba6fe5340 0 1 1 0 0 3 3 46287 320
0x00007aca1fc593c0 0x0000000ba6fe53c0 0 1 1 0 0 3 3 46287 328
0x00007aca1fc59440 0x0000000ba6fe5440 0 0 0 0 0 3 3 46287 336
0x00007aca1fc594c0 0x0000000ba6fe54c0 0 0 0 0 0 3 3 46287 344
0x00007aca1fc59540 0x0000000ba6fe5540 0 1 0 0 0 3 3 46287 336
0x00007aca1fc595c0 0x0000000ba6fe55c0 0 1 0 0 0 3 3 46287 344
0x00007aca1fc59640 0x0000000ba6fe5640 0 0 1 0 0 3 3 46287 336
0x00007aca1fc596c0 0x0000000ba6fe56c0 0 0 1 0 0 3 3 46287 344
0x00007aca1fc59740 0x0000000ba6fe5740 0 1 1 0 0 3 3 46287 336
0x00007aca1fc597c0 0x0000000ba6fe57c0 0 1 1 0 0 3 3 46287 344
0x00007aca1fc59840 0x0000000ba6fe5840 0 0 0 0 0 3 3 46287 352
0x00007aca1fc598c0 0x0000000ba6fe58c0 0 0 0 0 0 3 3 46287 360
0x00007aca1fc59940 0x0000000ba6fe5940 0 1 0 0 0 3 3 46287 352
0x00007aca1fc599c0 0x0000000ba6fe59c0 0 1 0 0 0 3 3 46287 360
0x00007aca1fc59a40 0x0000000ba6fe5a40 0 0 1 0 0 3 3 46287 352
0x00007aca1fc59ac0 0x0000000ba6fe5ac0 0 0 1 0 0 3 3 46287 360
0x00007aca1fc59b40 0x0000000ba6fe5b40 0 1 1 0 0 3 3 46287 352
0x00007aca1fc59bc0 0x0000000ba6fe5bc0 0 1 1 0 0 3 3 46287 360
0x00007aca1fc59c40 0x0000000ba6fe5c40 0 0 0 0 0 3 3 46287 368
0x00007aca1fc59cc0 0x0000000ba6fe5cc0 0 0 0 0 0 3 3 46287 376
0x00007aca1fc59d40 0x0000000ba6fe5d40 0 1 0 0 0 3 3 46287 368
0x00007aca1fc59dc0 0x0000000ba6fe5dc0 0 1 0 0 0 3 3 46287 376
0x00007aca1fc59e40 0x0000000ba6fe5e40 0 0 1 0 0 3 3 46287 368
0x00007aca1fc59ec0 0x0000000ba6fe5ec0 0 0 1 0 0 3 3 46287 376
0x00007aca1fc59f40 0x0000000ba6fe5f40 0 1 1 0 0 3 3 46287 368
0x00007aca1fc59fc0 0x0000000ba6fe5fc0 0 1 1 0 0 3 3 46287 376
0x00007aca1fc5f040 0x0000000b5c7d8040 0 0 0 0 1 3 3 43926 512
0x00007aca1fc5f0c0 0x0000000b5c7d80c0 0 0 0 0 1 3 3 43926 520
0x00007aca1fc5f140 0x0000000b5c7d8140 0 1 0 0 1 3 3 43926 512
0x00007aca1fc5f1c0 0x0000000b5c7d81c0 0 1 0 0 1 3 3 43926 520
0x00007aca1fc5f240 0x0000000b5c7d8240 0 0 1 0 1 3 3 43926 512
0x00007aca1fc5f2c0 0x0000000b5c7d82c0 0 0 1 0 1 3 3 43926 520
0x00007aca1fc5f340 0x0000000b5c7d8340 0 1 1 0 1 3 3 43926 512
0x00007aca1fc5f3c0 0x0000000b5c7d83c0 0 1 1 0 1 3 3 43926 520
0x00007aca1fc5f440 0x0000000b5c7d8440 0 0 0 0 1 3 3 43926 528
0x00007aca1fc5f4c0 0x0000000b5c7d84c0 0 0 0 0 1 3 3 43926 536
0x00007aca1fc5f540 0x0000000b5c7d8540 0 1 0 0 1 3 3 43926 528
0x00007aca1fc5f5c0 0x0000000b5c7d85c0 0 1 0 0 1 3 3 43926 536
0x00007aca1fc5f640 0x0000000b5c7d8640 0 0 1 0 1 3 3 43926 528
0x00007aca1fc5f6c0 0x0000000b5c7d86c0 0 0 1 0 1 3 3 43926 536
0x00007aca1fc5f740 0x0000000b5c7d8740 0 1 1 0 1 3 3 43926 528
0x00007aca1fc5f7c0 0x0000000b5c7d87c0 0 1 1 0 1 3 3 43926 536
0x00007aca1fc5f840 0x0000000b5c7d8840 0 0 0 0 1 3 3 43926 544
0x00007aca1fc5f8c0 0x0000000b5c7d88c0 0 0 0 0 1 3 3 43926 552
0x00007aca1fc5f940 0x0000000b5c7d8940 0 1 0 0 1 3 3 43926 544
0x00007aca1fc5f9c0 0x0000000b5c7d89c0 0 1 0 0 1 3 3 43926 552
0x00007aca1fc5fa40 0x0000000b5c7d8a40 0 0 1 0 1 3 3 43926 544
0x00007aca1fc5fac0 0x0000000b5c7d8ac0 0 0 1 0 1 3 3 43926 552
0x00007aca1fc5fb40 0x0000000b5c7d8b40 0 1 1 0 1 3 3 43926 544
0x00007aca1fc5fbc0 0x0000000b5c7d8bc0 0 1 1 0 1 3 3 43926 552
0x00007aca1fc5fc40 0x0000000b5c7d8c40 0 0 0 0 1 3 3 43926 560
0x00007aca1fc5fcc0 0x0000000b5c7d8cc0 0 0 0 0 1 3 3 43926 568
0x00007aca1fc5fd40 0x0000000b5c7d8d40 0 1 0 0 1 3 3 43926 560
0x00007aca1fc5fdc0 0x0000000b5c7d8dc0 0 1 0 0 1 3 3 43926 568
0x00007aca1fc5fe40 0x0000000b5c7d8e40 0 0 1 0 1 3 3 43926 560
0x00007aca1fc5fec0 0x0000000b5c7d8ec0 0 0 1 0 1 3 3 43926 568
0x00007aca1fc5ff40 0x0000000b5c7d8f40 0 1 1 0 1 3 3 43926 560
0x00007aca1fc5ffc0 0x0000000b5c7d8fc0 0 1 1 0 1 3 3 43926 568
0x00007aca1fc60040 0x0000000edcf0c040 0 0 0 0 1 3 3 60296 256
0x00007aca1fc600c0 0x0000000edcf0c0c0 0 0 0 0 1 3 3 60296 264
0x00007aca1fc60140 0x0000000edcf0c140 0 1 0 0 1 3 3 60296 256
0x00007aca1fc601c0 0x0000000edcf0c1c0 0 1 0 0 1 3 3 60296 264
0x00007aca1fc60240 0x0000000edcf0c240 0 0 1 0 1 3 3 60296 256
0x00007aca1fc602c0 0x0000000edcf0c2c0 0 0 1 0 1 3 3 60296 264
0x00007aca1fc60340 0x0000000edcf0c340 0 1 1 0 1 3 3 60296 256
0x00007aca1fc603c0 0x0000000edcf0c3c0 0 1 1 0 1 3 3 60296 264
0x00007aca1fc60440 0x0000000edcf0c440 0 0 0 0 1 3 3 60296 272
0x00007aca1fc604c0 0x0000000edcf0c4c0 0 0 0 0 1 3 3 60296 280
0x00007aca1fc60540 0x0000000edcf0c540 0 1 0 0 1 3 3 60296 272
0x00007aca1fc605c0 0x0000000edcf0c5c0 0 1 0 0 1 3 3 60296 280
0x00007aca1fc60640 0x0000000edcf0c640 0 0 1 0 1 3 3 60296 272
0x00007aca1fc606c0 0x0000000edcf0c6c0 0 0 1 0 1 3 3 60296 280
0x00007aca1fc60740 0x0000000edcf0c740 0 1 1 0 1 3 3 60296 272
0x00007aca1fc607c0 0x0000000edcf0c7c0 0 1 1 0 1 3 3 60296 280
0x00007aca1fc60840 0x0000000edcf0c840 0 0 0 0 1 3 3 60296 288
0x00007aca1fc608c0 0x0000000edcf0c8c0 0 0 0 0 1 3 3 60296 296
0x00007aca1fc60940 0x0000000edcf0c940 0 1 0 0 1 3 3 60296 288
0x00007aca1fc609c0 0x0000000edcf0c9c0 0 1 0 0 1 3 3 60296 296
0x00007aca1fc60a40 0x0000000edcf0ca40 0 0 1 0 1 3 3 60296 288
0x00007aca1fc60ac0 0x0000000edcf0cac0 0 0 1 0 1 3 3 60296 296
0x00007aca1fc60b40 0x0000000edcf0cb40 0 1 1 0 1 3 3 60296 288
0x00007aca1fc60bc0 0x0000000edcf0cbc0 0 1 1 0 1 3 3 60296 296
0x00007aca1fc60c40 0x0000000edcf0cc40 0 0 0 0 1 3 3 60296 304
0x00007aca1fc60cc0 0x0000000edcf0ccc0 0 0 0 0 1 3 3 60296 312
0x00007aca1fc60d40 0x0000000edcf0cd40 0 1 0 0 1 3 3 60296 304
0x00007aca1fc60dc0 0x0000000edcf0cdc0 0 1 0 0 1 3 3 60296 312
0x00007aca1fc60e40 0x0000000edcf0ce40 0 0 1 0 1 3 3 60296 304
0x00007aca1fc60ec0 0x0000000edcf0cec0 0 0 1 0 1 3 3 60296 312
0x00007aca1fc60f40 0x0000000edcf0cf40 0 1 1 0 1 3 3 60296 304
0x00007aca1fc60fc0 0x0000000edcf0cfc0 0 1 1 0 1 3 3 60296 312
0x00007aca1fc62040 0x0000000b47f8b040 0 0 0 0 1 3 3 43260 192
0x00007aca1fc620c0 0x0000000b47f8b0c0 0 0 0 0 1 3 3 43260 200
0x00007aca1fc62140 0x0000000b47f8b140 0 1 0 0 1 3 3 43260 192
0x00007aca1fc621c0 0x0000000b47f8b1c0 0 1 0 0 1 3 3 43260 200
0x00007aca1fc62240 0x0000000b47f8b240 0 0 1 0 1 3 3 43260 192
0x00007aca1fc622c0 0x0000000b47f8b2c0 0 0 1 0 1 3 3 43260 200
0x00007aca1fc62340 0x0000000b47f8b340 0 1 1 0 1 3 3 43260 192
0x00007aca1fc623c0 0x0000000b47f8b3c0 0 1 1 0 1 3 3 43260 200
0x00007aca1fc62440 0x0000000b47f8b440 0 0 0 0 1 3 3 43260 208
0x00007aca1fc624c0 0x0000000b47f8b4c0 0 0 0 0 1 3 3 43260 216
0x00007aca1fc62540 0x0000000b47f8b540 0 1 0 0 1 3 3 43260 208
0x00007aca1fc625c0 0x0000000b47f8b5c0 0 1 0 0 1 3 3 43260 216
0x00007aca1fc62640 0x0000000b47f8b640 0 0 1 0 1 3 3 43260 208
0x00007aca1fc626c0 0x0000000b47f8b6c0 0 0 1 0 1 3 3 43260 216
0x00007aca1fc62740 0x0000000b47f8b740 0 1 1 0 1 3 3 43260 208
0x00007aca1fc627c0 0x0000000b47f8b7c0 0 1 1 0 1 3 3 43260 216
0x00007aca1fc62840 0x0000000b47f8b840 0 0 0 0 1 3 3 43260 224
0x00007aca1fc628c0 0x0000000b47f8b8c0 0 0 0 0 1 3 3 43260 232
0x00007aca1fc62940 0x0000000b47f8b940 0 1 0 0 1 3 3 43260 224
0x00007aca1fc629c0 0x0000000b47f8b9c0 0 1 0 0 1 3 3 43260 232
0x00007aca1fc62a40 0x0000000b47f8ba40 0 0 1 0 1 3 3 43260 224
0x00007aca1fc62ac0 0x0000000b47f8bac0 0 0 1 0 1 3 3 43260 232
0x00007aca1fc62b40 0x0000000b47f8bb40 0 1 1 0 1 3 3 43260 224
0x00007aca1fc62bc0 0x0000000b47f8bbc0 0 1 1 0 1 3 3 43260 232
0x00007aca1fc62c40 0x0000000b47f8bc40 0 0 0 0 1 3 3 43260 240
0x00007aca1fc62cc0 0x0000000b47f8bcc0 0 0 0 0 1 3 3 43260 248
0x00007aca1fc62d40 0x0000000b47f8bd40 0 1 0 0 1 3 3 43260 240
0x00007aca1fc62dc0 0x0000000b47f8bdc0 0 1 0 0 1 3 3 43260 248
0x00007aca1fc62e40 0x0000000b47f8be40 0 0 1 0 1 3 3 43260 240
0x00007aca1fc62ec0 0x0000000b47f8bec0 0 0 1 0 1 3 3 43260 248
0x00007aca1fc62f40 0x0000000b47f8bf40 0 1 1 0 1 3 3 43260 240
0x00007aca1fc62fc0 0x0000000b47f8bfc0 0 1 1 0 1 3 3 43260 248
0x00007aca1fc6c040 0x00000004cffbc040 0 0 0 0 1 3 3 18925 768
0x00007aca1fc6c0c0 0x00000004cffbc0c0 0 0 0 0 1 3 3 18925 776
0x00007aca1fc6c140 0x00000004cffbc140 0 1 0 0 1 3 3 18925 768
0x00007aca1fc6c1c0 0x00000004cffbc1c0 0 1 0 0 1 3 3 18925 776
0x00007aca1fc6c240 0x00000004cffbc240 0 0 1 0 1 3 3 18925 768
0x00007aca1fc6c2c0 0x00000004cffbc2c0 0 0 1 0 1 3 3 18925 776
0x00007aca1fc6c340 0x00000004cffbc340 0 1 1 0 1 3 3 18925 768
0x00007aca1fc6c3c0 0x00000004cffbc3c0 0 1 1 0 1 3 3 18925 776
0x00007aca1fc6c440 0x00000004cffbc440 0 0 0 0 1 3 3 18925 784
0x00007aca1fc6c4c0 0x00000004cffbc4c0 0 0 0 0 1 3 3 18925 792
0x00007aca1fc6c540 0x00000004cffbc540 0 1 0 0 1 3 3 18925 784
0x00007aca1fc6c5c0 0x00000004cffbc5c0 0 1 0 0 1 3 3 18925 792
0x00007aca1fc6c640 0x00000004cffbc640 0 0 1 0 1 3 3 18925 784
0x00007aca1fc6c6c0 0x00000004cffbc6c0 0 0 1 0 1 3 3 18925 792
0x00007aca1fc6c740 0x00000004cffbc740 0 1 1 0 1 3 3 18925 784
0x00007aca1fc6c7c0 0x00000004cffbc7c0 0 1 1 0 1 3 3 18925 792
0x00007aca1fc6c840 0x00000004cffbc840 0 0 0 0 1 3 3 18925 800
0x00007aca1fc6c8c0 0x00000004cffbc8c0 0 0 0 0 1 3 3 18925 808
0x00007aca1fc6c940 0x00000004cffbc940 0 1 0 0 1 3 3 18925 800
0x00007aca1fc6c9c0 0x00000004cffbc9c0 0 1 0 0 1 3 3 18925 808
0x00007aca1fc6ca40 0x00000004cffbca40 0 0 1 0 1 3 3 18925 800
0x00007aca1fc6cac0 0x00000004cffbcac0 0 0 1 0 1 3 3 18925 808
0x00007aca1fc6cb40 0x00000004cffbcb40 0 1 1 0 1 3 3 18925 800
0x00007aca1fc6cbc0 0x00000004cffbcbc0 0 1 1 0 1 3 3 18925 808
0x00007aca1fc6cc40 0x00000004cffbcc40 0 0 0 0 1 3 3 18925 816
0x00007aca1fc6ccc0 0x00000004cffbccc0 0 0 0 0 1 3 3 18925 824
0x00007aca1fc6cd40 0x00000004cffbcd40 0 1 0 0 1 3 3 18925 816
0x00007aca1fc6cdc0 0x00000004cffbcdc0 0 1 0 0 1 3 3 18925 824
0x00007aca1fc6ce40 0x00000004cffbce40 0 0 1 0 1 3 3 18925 816
0x00007aca1fc6cec0 0x00000004cffbcec0 0 0 1 0 1 3 3 18925 824
0x00007aca1fc6cf40 0x00000004cffbcf40 0 1 1 0 1 3 3 18925 816
0x00007aca1fc6cfc0 0x00000004cffbcfc0 0 1 1 0 1 3 3 18925 824
0x00007aca1fc74040 0x00000005e5f08040 0 0 0 0 1 3 3 23720 0
0x00007aca1fc740c0 0x00000005e5f080c0 0 0 0 0 1 3 3 23720 8
0x00007aca1fc74140 0x00000005e5f08140 0 1 0 0 1 3 3 23720 0
0x00007aca1fc741c0 0x00000005e5f081c0 0 1 0 0 1 3 3 23720 8
0x00007aca1fc74240 0x00000005e5f08240 0 0 1 0 1 3 3 23720 0
0x00007aca1fc742c0 0x00000005e5f082c0 0 0 1 0 1 3 3 23720 8
0x00007aca1fc74340 0x00000005e5f08340 0 1 1 0 1 3 3 23720 0
0x00007aca1fc743c0 0x00000005e5f083c0 0 1 1 0 1 3 3 23720 8
0x00007aca1fc74440 0x00000005e5f08440 0 0 0 0 1 3 3 23720 16
0x00007aca1fc744c0 0x00000005e5f084c0 0 0 0 0 1 3 3 23720 24
0x00007aca1fc74540 0x00000005e5f08540 0 1 0 0 1 3 3 23720 16
0x00007aca1fc745c0 0x00000005e5f085c0 0 1 0 0 1 3 3 23720 24
0x00007aca1fc74640 0x00000005e5f08640 0 0 1 0 1 3 3 23720 16
0x00007aca1fc746c0 0x00000005e5f086c0 0 0 1 0 1 3 3 23720 24
0x00007aca1fc74740 0x00000005e5f08740 0 1 1 0 1 3 3 23720 16
0x00007aca1fc747c0 0x00000005e5f087c0 0 1 1 0 1 3 3 23720 24
0x00007aca1fc74840 0x00000005e5f08840 0 0 0 0 1 3 3 23720 32
0x00007aca1fc748c0 0x00000005e5f088c0 0 0 0 0 1 3 3 23720 40
0x00007aca1fc74940 0x00000005e5f08940 0 1 0 0 1 3 3 23720 32
0x00007aca1fc749c0 0x00000005e5f089c0 0 1 0 0 1 3 3 23720 40
0x00007aca1fc74a40 0x00000005e5f08a40 0 0 1 0 1 3 3 23720 32
0x00007aca1fc74ac0 0x00000005e5f08ac0 0 0 1 0 1 3 3 23720 40
0x00007aca1fc74b40 0x00000005e5f08b40 0 1 1 0 1 3 3 23720 32
0x00007aca1fc74bc0 0x00000005e5f08bc0 0 1 1 0 1 3 3 23720 40
0x00007aca1fc74c40 0x00000005e5f08c40 0 0 0 0 1 3 3 23720 48
0x00007aca1fc74cc0 0x00000005e5f08cc0 0 0 0 0 1 3 3 23720 56
0x00007aca1fc74d40 0x00000005e5f08d40 0 1 0 0 1 3 3 23720 48
0x00007aca1fc74dc0 0x00000005e5f08dc0 0 1 0 0 1 3 3 23720 56
0x00007aca1fc74e40 0x00000005e5f08e40 0 0 1 0 1 3 3 23720 48
0x00007aca1fc74ec0 0x00000005e5f08ec0 0 0 1 0 1 3 3 23720 56
0x00007aca1fc74f40 0x00000005e5f08f40 0 1 1 0 1 3 3 23720 48
0x00007aca1fc74fc0 0x00000005e5f08fc0 0 1 1 0 1 3 3 23720 56
0x00007aca1fc7c040 0x00000002377a9040 0 0 0 0 1 3 3 5877 64
0x00007aca1fc7c0c0 0x00000002377a90c0 0 0 0 0 1 3 3 5877 72
0x00007aca1fc7c140 0x00000002377a9140 0 1 0 0 1 3 3 5877 64
0x00007aca1fc7c1c0 0x00000002377a91c0 0 1 0 0 1 3 3 5877 72
0x00007aca1fc7c240 0x00000002377a9240 0 0 1 0 1 3 3 5877 64
0x00007aca1fc7c2c0 0x00000002377a92c0 0 0 1 0 1 3 3 5877 72
0x00007aca1fc7c340 0x00000002377a9340 0 1 1 0 1 3 3 5877 64
0x00007aca1fc7c3c0 0x00000002377a93c0 0 1 1 0 1 3 3 5877 72
0x00007aca1fc7c440 0x00000002377a9440 0 0 0 0 1 3 3 5877 80
0x00007aca1fc7c4c0 0x00000002377a94c0 0 0 0 0 1 3 3 5877 88
0x00007aca1fc7c540 0x00000002377a9540 0 1 0 0 1 3 3 5877 80
0x00007aca1fc7c5c0 0x00000002377a95c0 0 1 0 0 1 3 3 5877 88
0x00007aca1fc7c640 0x00000002377a9640 0 0 1 0 1 3 3 5877 80
0x00007aca1fc7c6c0 0x00000002377a96c0 0 0 1 0 1 3 3 5877 88
0x00007aca1fc7c740 0x00000002377a9740 0 1 1 0 1 3 3 5877 80
0x00007aca1fc7c7c0 0x00000002377a97c0 0 1 1 0 1 3 3 5877 88
0x00007aca1fc7c840 0x00000002377a9840 0 0 0 0 1 3 3 5877 96
0x00007aca1fc7c8c0 0x00000002377a98c0 0 0 0 0 1 3 3 5877 104
0x00007aca1fc7c940 0x00000002377a9940 0 1 0 0 1 3 3 5877 96
0x00007aca1fc7c9c0 0x00000002377a99c0 0 1 0 0 1 3 3 5877 104
0x00007aca1fc7ca40 0x00000002377a9a40 0 0 1 0 1 3 3 5877 96
0x00007aca1fc7cac0 0x00000002377a9ac0 0 0 1 0 1 3 3 5877 104
0x00007aca1fc7cb40 0x00000002377a9b40 0 1 1 0 1 3 3 5877 96
0x00007aca1fc7cbc0 0x00000002377a9bc0 0 1 1 0 1 3 3 5877 104
0x00007aca1fc7cc40 0x00000002377a9c40 0 0 0 0 1 3 3 5877 112
0x00007aca1fc7ccc0 0x00000002377a9cc0 0 0 0 0 1 3 3 5877 120
0x00007aca1fc7cd40 0x00000002377a9d40 0 1 0 0 1 3 3 5877 112
0x00007aca1fc7cdc0 0x00000002377a9dc0 0 1 0 0 1 3 3 5877 120
0x00007aca1fc7ce40 0x00000002377a9e40 0 0 1 0 1 3 3 5877 112
0x00007aca1fc7cec0 0x00000002377a9ec0 0 0 1 0 1 3 3 5877 120
0x00007aca1fc7cf40 0x00000002377a9f40 0 1 1 0 1 3 3 5877 112
0x00007aca1fc7cfc0 0x00000002377a9fc0 0 1 1 0 1 3 3 5877 120
0x00007aca1fcba040 0x00000004aa7b3040 0 0 0 0 0 3 3 17733 704
0x00007aca1fcba0c0 0x00000004aa7b30c0 0 0 0 0 0 3 3 17733 712
0x00007aca1fcba140 0x00000004aa7b3140 0 1 0 0 0 3 3 17733 704
0x00007aca1fcba1c0 0x00000004aa7b31c0 0 1 0 0 0 3 3 17733 712
0x00007aca1fcba240 0x00000004aa7b3240 0 0 1 0 0 3 3 17733 704
0x00007aca1fcba2c0 0x00000004aa7b32c0 0 0 1 0 0 3 3 17733 712
0x00007aca1fcba340 0x00000004aa7b3340 0 1 1 0 0 3 3 17733 704
0x00007aca1fcba3c0 0x00000004aa7b33c0 0 1 1 0 0 3 3 17733 712
0x00007aca1fcba440 0x00000004aa7b3440 0 0 0 0 0 3 3 17733 720
0x00007aca1fcba4c0 0x00000004aa7b34c0 0 0 0 0 0 3 3 17733 728
0x00007aca1fcba540 0x00000004aa7b3540 0 1 0 0 0 3 3 17733 720
0x00007aca1fcba5c0 0x00000004aa7b35c0 0 1 0 0 0 3 3 17733 728
0x00007aca1fcba640 0x00000004aa7b3640 0 0 1 0 0 3 3 17733 720
0x00007aca1fcba6c0 0x00000004aa7b36c0 0 0 1 0 0 3 3 17733 728
0x00007aca1fcba740 0x00000004aa7b3740 0 1 1 0 0 3 3 17733 720
0x00007aca1fcba7c0 0x00000004aa7b37c0 0 1 1 0 0 3 3 17733 728
0x00007aca1fcba840 0x00000004aa7b3840 0 0 0 0 0 3 3 17733 736
0x00007aca1fcba8c0 0x00000004aa7b38c0 0 0 0 0 0 3 3 17733 744
0x00007aca1fcba940 0x00000004aa7b3940 0 1 0 0 0 3 3 17733 736
0x00007aca1fcba9c0 0x00000004aa7b39c0 0 1 0 0 0 3 3 17733 744
0x00007aca1fcbaa40 0x00000004aa7b3a40 0 0 1 0 0 3 3 17733 736
0x00007aca1fcbaac0 0x00000004aa7b3ac0 0 0 1 0 0 3 3 17733 744
0x00007aca1fcbab40 0x00000004aa7b3b40 0 1 1 0 0 3 3 17733 736
0x00007aca1fcbabc0 0x00000004aa7b3bc0 0 1 1 0 0 3 3 17733 744
0x00007aca1fcbac40 0x00000004aa7b3c40 0 0 0 0 0 3 3 17733 752
0x00007aca1fcbacc0 0x00000004aa7b3cc0 0 0 0 0 0 3 3 17733 760
0x00007aca1fcbad40 0x00000004aa7b3d40 0 1 0 0 0 3 3 17733 752
0x00007aca1fcbadc0 0x00000004aa7b3dc0 0 1 0 0 0 3 3 17733 760
0x00007aca1fcbae40 0x00000004aa7b3e40 0 0 1 0 0 3 3 17733 752
0x00007aca1fcbaec0 0x00000004aa7b3ec0 0 0 1 0 0 3 3 17733 760
0x00007aca1fcbaf40 0x00000004aa7b3f40 0 1 1 0 0 3 3 17733 752
0x00007aca1fcbafc0 0x00000004aa7b3fc0 0 1 1 0 0 3 3 17733 760
0x00007aca1fcc0040 0x0000000f21758040 0 0 0 0 1 3 3 58418 512
0x00007aca1fcc00c0 0x0000000f217580c0 0 0 0 0 1 3 3 58418 520
0x00007aca1fcc0140 0x0000000f21758140 0 1 0 0 1 3 3 58418 512
0x00007aca1fcc01c0 0x0000000f217581c0 0 1 0 0 1 3 3 58418 520
0x00007aca1fcc0240 0x0000000f21758240 0 0 1 0 1 3 3 58418 512
0x00007aca1fcc02c0 0x0000000f217582c0 0 0 1 0 1 3 3 58418 520
0x00007aca1fcc0340 0x0000000f21758340 0 1 1 0 1 3 3 58418 512
0x00007aca1fcc03c0 0x0000000f217583c0 0 1 1 0 1 3 3 58418 520
0x00007aca1fcc0440 0x0000000f21758440 0 0 0 0 1 3 3 58418 528
0x00007aca1fcc04c0 0x0000000f217584c0 0 0 0 0 1 3 3 58418 536
0x00007aca1fcc0540 0x0000000f21758540 0 1 0 0 1 3 3 58418 528
0x00007aca1fcc05c0 0x0000000f217585c0 0 1 0 0 1 3 3 58418 536
0x00007aca1fcc0640 0x0000000f21758640 0 0 1 0 1 3 3 58418 528
0x00007aca1fcc06c0 0x0000000f217586c0 0 0 1 0 1 3 3 58418 536
0x00007aca1fcc0740 0x0000000f21758740 0 1 1 0 1 3 3 58418 528
0x00007aca1fcc07c0 0x0000000f217587c0 0 1 1 0 1 3 3 58418 536
0x00007aca1fcc0840 0x0000000f21758840 0 0 0 0 1 3 3 58418 544
0x00007aca1fcc08c0 0x0000000f217588c0 0 0 0 0 1 3 3 58418 552
0x00007aca1fcc0940 0x0000000f21758940 0 1 0 0 1 3 3 58418 544
0x00007aca1fcc09c0 0x0000000f217589c0 0 1 0 0 1 3 3 58418 552
0x00007aca1fcc0a40 0x0000000f21758a40 0 0 1 0 1 3 3 58418 544
0x00007aca1fcc0ac0 0x0000000f21758ac0 0 0 1 0 1 3 3 58418 552
0x00007aca1fcc0b40 0x0000000f21758b40 0 1 1 0 1 3 3 58418 544
0x00007aca1fcc0bc0 0x0000000f21758bc0 0 1 1 0 1 3 3 58418 552
0x00007aca1fcc0c40 0x0000000f21758c40 0 0 0 0 1 3 3 58418 560
0x00007aca1fcc0cc0 0x0000000f21758cc0 0 0 0 0 1 3 3 58418 568
0x00007aca1fcc0d40 0x0000000f21758d40 0 1 0 0 1 3 3 58418 560
0x00007aca1fcc0dc0 0x0000000f21758dc0 0 1 0 0 1 3 3 58418 568
0x00007aca1fcc0e40 0x0000000f21758e40 0 0 1 0 1 3 3 58418 560
0x00007aca1fcc0ec0 0x0000000f21758ec0 0 0 1 0 1 3 3 58418 568
0x00007aca1fcc0f40 0x0000000f21758f40 0 1 1 0 1 3 3 58418 560
0x00007aca1fcc0fc0 0x0000000f21758fc0 0 1 1 0 1 3 3 58418 568
0x00007aca1fcc4040 0x000000026870e040 0 0 0 0 1 3 3 7440 384
0x00007aca1fcc40c0 0x000000026870e0c0 0 0 0 0 1 3 3 7440 392
0x00007aca1fcc4140 0x000000026870e140 0 1 0 0 1 3 3 7440 384
0x00007aca1fcc41c0 0x000000026870e1c0 0 1 0 0 1 3 3 7440 392
0x00007aca1fcc4240 0x000000026870e240 0 0 1 0 1 3 3 7440 384
0x00007aca1fcc42c0 0x000000026870e2c0 0 0 1 0 1 3 3 7440 392
0x00007aca1fcc4340 0x000000026870e340 0 1 1 0 1 3 3 7440 384
0x00007aca1fcc43c0 0x000000026870e3c0 0 1 1 0 1 3 3 7440 392
0x00007aca1fcc4440 0x000000026870e440 0 0 0 0 1 3 3 7440 400
0x00007aca1fcc44c0 0x000000026870e4c0 0 0 0 0 1 3 3 7440 408
0x00007aca1fcc4540 0x000000026870e540 0 1 0 0 1 3 3 7440 400
0x00007aca1fcc45c0 0x000000026870e5c0 0 1 0 0 1 3 3 7440 408
0x00007aca1fcc4640 0x000000026870e640 0 0 1 0 1 3 3 7440 400
0x00007aca1fcc46c0 0x000000026870e6c0 0 0 1 0 1 3 3 7440 408
0x00007aca1fcc4740 0x000000026870e740 0 1 1 0 1 3 3 7440 400
0x00007aca1fcc47c0 0x000000026870e7c0 0 1 1 0 1 3 3 7440 408
0x00007aca1fcc4840 0x000000026870e840 0 0 0 0 1 3 3 7440 416
0x00007aca1fcc48c0 0x000000026870e8c0 0 0 0 0 1 3 3 7440 424
0x00007aca1fcc4940 0x000000026870e940 0 1 0 0 1 3 3 7440 416
0x00007aca1fcc49c0 0x000000026870e9c0 0 1 0 0 1 3 3 7440 424
0x00007aca1fcc4a40 0x000000026870ea40 0 0 1 0 1 3 3 7440 416
0x00007aca1fcc4ac0 0x000000026870eac0 0 0 1 0 1 3 3 7440 424
0x00007aca1fcc4b40 0x000000026870eb40 0 1 1 0 1 3 3 7440 416
0x00007aca1fcc4bc0 0x000000026870ebc0 0 1 1 0 1 3 3 7440 424
0x00007aca1fcc4c40 0x000000026870ec40 0 0 0 0 1 3 3 7440 432
0x00007aca1fcc4cc0 0x000000026870ecc0 0 0 0 0 1 3 3 7440 440
0x00007aca1fcc4d40 0x000000026870ed40 0 1 0 0 1 3 3 7440 432
0x00007aca1fcc4dc0 0x000000026870edc0 0 1 0 0 1 3 3 7440 440
0x00007aca1fcc4e40 0x000000026870ee40 0 0 1 0 1 3 3 7440 432
0x00007aca1fcc4ec0 0x000000026870eec0 0 0 1 0 1 3 3 7440 440
0x00007aca1fcc4f40 0x000000026870ef40 0 1 1 0 1 3 3 7440 432
0x00007aca1fcc4fc0 0x000000026870efc0 0 1 1 0 1 3 3 7440 440
0x00007aca1fcca040 0x0000000e337fe040 0 0 0 0 1 3 3 54903 896
0x00007aca1fcca0c0 0x0000000e337fe0c0 0 0 0 0 1 3 3 54903 904
0x00007aca1fcca140 0x0000000e337fe140 0 1 0 0 1 3 3 54903 896
0x00007aca1fcca1c0 0x0000000e337fe1c0 0 1 0 0 1 3 3 54903 904
0x00007aca1fcca240 0x0000000e337fe240 0 0 1 0 1 3 3 54903 896
0x00007aca1fcca2c0 0x0000000e337fe2c0 0 0 1 0 1 3 3 54903 904
0x00007aca1fcca340 0x0000000e337fe340 0 1 1 0 1 3 3 54903 896
0x00007aca1fcca3c0 0x0000000e337fe3c0 0 1 1 0 1 3 3 54903 904
0x00007aca1fcca440 0x0000000e337fe440 0 0 0 0 1 3 3 54903 912
0x00007aca1fcca4c0 0x0000000e337fe4c0 0 0 0 0 1 3 3 54903 920
0x00007aca1fcca540 0x0000000e337fe540 0 1 0 0 1 3 3 54903 912
0x00007aca1fcca5c0 0x0000000e337fe5c0 0 1 0 0 1 3 3 54903 920
0x00007aca1fcca640 0x0000000e337fe640 0 0 1 0 1 3 3 54903 912
0x00007aca1fcca6c0 0x0000000e337fe6c0 0 0 1 0 1 3 3 54903 920
0x00007aca1fcca740 0x0000000e337fe740 0 1 1 0 1 3 3 54903 912
0x00007aca1fcca7c0 0x0000000e337fe7c0 0 1 1 0 1 3 3 54903 920
0x00007aca1fcca840 0x0000000e337fe840 0 0 0 0 1 3 3 54903 928
0x00007aca1fcca8c0 0x0000000e337fe8c0 0 0 0 0 1 3 3 54903 936
0x00007aca1fcca940 0x0000000e337fe940 0 1 0 0 1 3 3 54903 928
0x00007aca1fcca9c0 0x0000000e337fe9c0 0 1 0 0 1 3 3 54903 936
0x00007aca1fccaa40 0x0000000e337fea40 0 0 1 0 1 3 3 54903 928
0x00007aca1fccaac0 0x0000000e337feac0 0 0 1 0 1 3 3 54903 936
0x00007aca1fccab40 0x0000000e337feb40 0 1 1 0 1 3 3 54903 928
0x00007aca1fccabc0 0x0000000e337febc0 0 1 1 0 1 3 3 54903 936
0x00007aca1fccac40 0x0000000e337fec40 0 0 0 0 1 3 3 54903 944
0x00007aca1fccacc0 0x0000000e337fecc0 0 0 0 0 1 3 3 54903 952
0x00007aca1fccad40 0x0000000e337fed40 0 1 0 0 1 3 3 54903 944
0x00007aca1fccadc0 0x0000000e337fedc0 0 1 0 0 1 3 3 54903 952
0x00007aca1fccae40 0x0000000e337fee40 0 0 1 0 1 3 3 54903 944
0x00007aca1fccaec0 0x0000000e337feec0 0 0 1 0 1 3 3 54903 952
0x00007aca1fccaf40 0x0000000e337fef40 0 1 1 0 1 3 3 54903 944
0x00007aca1fccafc0 0x0000000e337fefc0 0 1 1 0 1 3 3 54903 952
0x00007aca1fccb040 0x0000000bfbf6c040 0 0 0 0 1 3 3 49003 256
0x00007aca1fccb0c0 0x0000000bfbf6c0c0 0 0 0 0 1 3 3 49003 264
0x00007aca1fccb140 0x0000000bfbf6c140 0 1 0 0 1 3 3 49003 256
0x00007aca1fccb1c0 0x0000000bfbf6c1c0 0 1 0 0 1 3 3 49003 264
0x00007aca1fccb240 0x0000000bfbf6c240 0 0 1 0 1 3 3 49003 256
0x00007aca1fccb2c0 0x0000000bfbf6c2c0 0 0 1 0 1 3 3 49003 264
0x00007aca1fccb340 0x0000000bfbf6c340 0 1 1 0 1 3 3 49003 256
0x00007aca1fccb3c0 0x0000000bfbf6c3c0 0 1 1 0 1 3 3 49003 264
0x00007aca1fccb440 0x0000000bfbf6c440 0 0 0 0 1 3 3 49003 272
0x00007aca1fccb4c0 0x0000000bfbf6c4c0 0 0 0 0 1 3 3 49003 280
0x00007aca1fccb540 0x0000000bfbf6c540 0 1 0 0 1 3 3 49003 272
0x00007aca1fccb5c0 0x0000000bfbf6c5c0 0 1 0 0 1 3 3 49003 280
0x00007aca1fccb640 0x0000000bfbf6c640 0 0 1 0 1 3 3 49003 272
0x00007aca1fccb6c0 0x0000000bfbf6c6c0 0 0 1 0 1 3 3 49003 280
0x00007aca1fccb740 0x0000000bfbf6c740 0 1 1 0 1 3 3 49003 272
0x00007aca1fccb7c0 0x0000000bfbf6c7c0 0 1 1 0 1 3 3 49003 280
0x00007aca1fccb840 0x0000000bfbf6c840 0 0 0 0 1 3 3 49003 288
0x00007aca1fccb8c0 0x0000000bfbf6c8c0 0 0 0 0 1 3 3 49003 296
0x00007aca1fccb940 0x0000000bfbf6c940 0 1 0 0 1 3 3 49003 288
0x00007aca1fccb9c0 0x0000000bfbf6c9c0 0 1 0 0 1 3 3 49003 296
0x00007aca1fccba40 0x0000000bfbf6ca40 0 0 1 0 1 3 3 49003 288
0x00007aca1fccbac0 0x0000000bfbf6cac0 0 0 1 0 1 3 3 49003 296
0x00007aca1fccbb40 0x0000000bfbf6cb40 0 1 1 0 1 3 3 49003 288
0x00007aca1fccbbc0 0x0000000bfbf6cbc0 0 1 1 0 1 3 3 49003 296
0x00007aca1fccbc40 0x0000000bfbf6cc40 0 0 0 0 1 3 3 49003 304
0x00007aca1fccbcc0 0x0000000bfbf6ccc0 0 0 0 0 1 3 3 49003 312
0x00007aca1fccbd40 0x0000000bfbf6cd40 0 1 0 0 1 3 3 49003 304
0x00007aca1fccbdc0 0x0000000bfbf6cdc0 0 1 0 0 1 3 3 49003 312
0x00007aca1fccbe40 0x0000000bfbf6ce40 0 0 1 0 1 3 3 49003 304
0x00007aca1fccbec0 0x0000000bfbf6cec0 0 0 1 0 1 3 3 49003 312
0x00007aca1fccbf40 0x0000000bfbf6cf40 0 1 1 0 1 3 3 49003 304
0x00007aca1fccbfc0 0x0000000bfbf6cfc0 0 1 1 0 1 3 3 49003 312
0x00007aca1fcdd040 0x000000025ff09040 0 0 0 0 1 3 3 7160 64
0x00007aca1fcdd0c0 0x000000025ff090c0 0 0 0 0 1 3 3 7160 72
0x00007aca1fcdd140 0x000000025ff09140 0 1 0 0 1 3 3 7160 64
0x00007aca1fcdd1c0 0x000000025ff091c0 0 1 0 0 1 3 3 7160 72
0x00007aca1fcdd240 0x000000025ff09240 0 0 1 0 1 3 3 7160 64
0x00007aca1fcdd2c0 0x000000025ff092c0 0 0 1 0 1 3 3 7160 72
0x00007aca1fcdd340 0x000000025ff09340 0 1 1 0 1 3 3 7160 64
0x00007aca1fcdd3c0 0x000000025ff093c0 0 1 1 0 1 3 3 7160 72
0x00007aca1fcdd440 0x000000025ff09440 0 0 0 0 1 3 3 7160 80
0x00007aca1fcdd4c0 0x000000025ff094c0 0 0 0 0 1 3 3 7160 88
0x00007aca1fcdd540 0x000000025ff09540 0 1 0 0 1 3 3 7160 80
0x00007aca1fcdd5c0 0x000000025ff095c0 0 1 0 0 1 3 3 7160 88
0x00007aca1fcdd640 0x000000025ff09640 0 0 1 0 1 3 3 7160 80
0x00007aca1fcdd6c0 0x000000025ff096c0 0 0 1 0 1 3 3 7160 88
0x00007aca1fcdd740 0x000000025ff09740 0 1 1 0 1 3 3 7160 80
0x00007aca1fcdd7c0 0x000000025ff097c0 0 1 1 0 1 3 3 7160 88
0x00007aca1fcdd840 0x000000025ff09840 0 0 0 0 1 3 3 7160 96
0x00007aca1fcdd8c0 0x000000025ff098c0 0 0 0 0 1 3 3 7160 104
0x00007aca1fcdd940 0x000000025ff09940 0 1 0 0 1 3 3 7160 96
0x00007aca1fcdd9c0 0x000000025ff099c0 0 1 0 0 1 3 3 7160 104
0x00007aca1fcdda40 0x000000025ff09a40 0 0 1 0 1 3 3 7160 96
0x00007aca1fcddac0 0x000000025ff09ac0 0 0 1 0 1 3 3 7160 104
0x00007aca1fcddb40 0x000000025ff09b40 0 1 1 0 1 3 3 7160 96
0x00007aca1fcddbc0 0x000000025ff09bc0 0 1 1 0 1 3 3 7160 104
0x00007aca1fcddc40 0x000000025ff09c40 0 0 0 0 1 3 3 7160 112
0x00007aca1fcddcc0 0x000000025ff09cc0 0 0 0 0 1 3 3 7160 120
0x00007aca1fcddd40 0x000000025ff09d40 0 1 0 0 1 3 3 7160 112
0x00007aca1fcdddc0 0x000000025ff09dc0 0 1 0 0 1 3 3 7160 120
0x00007aca1fcdde40 0x000000025ff09e40 0 0 1 0 1 3 3 7160 112
0x00007aca1fcddec0 0x000000025ff09ec0 0 0 1 0 1 3 3 7160 120
0x00007aca1fcddf40 0x000000025ff09f40 0 1 1 0 1 3 3 7160 112
0x00007aca1fcddfc0 0x000000025ff09fc0 0 1 1 0 1 3 3 7160 120
0x00007aca1fce2040 0x0000000669fe6040 0 0 0 0 0 3 3 23871 384
0x00007aca1fce20c0 0x0000000669fe60c0 0 0 0 0 0 3 3 23871 392
0x00007aca1fce2140 0x0000000669fe6140 0 1 0 0 0 3 3 23871 384
0x00007aca1fce21c0 0x0000000669fe61c0 0 1 0 0 0 3 3 23871 392
0x00007aca1fce2240 0x0000000669fe6240 0 0 1 0 0 3 3 23871 384
0x00007aca1fce22c0 0x0000000669fe62c0 0 0 1 0 0 3 3 23871 392
0x00007aca1fce2340 0x0000000669fe6340 0 1 1 0 0 3 3 23871 384
0x00007aca1fce23c0 0x0000000669fe63c0 0 1 1 0 0 3 3 23871 392
0x00007aca1fce2440 0x0000000669fe6440 0 0 0 0 0 3 3 23871 400
0x00007aca1fce24c0 0x0000000669fe64c0 0 0 0 0 0 3 3 23871 408
0x00007aca1fce2540 0x0000000669fe6540 0 1 0 0 0 3 3 23871 400
0x00007aca1fce25c0 0x0000000669fe65c0 0 1 0 0 0 3 3 23871 408
0x00007aca1fce2640 0x0000000669fe6640 0 0 1 0 0 3 3 23871 400
0x00007aca1fce26c0 0x0000000669fe66c0 0 0 1 0 0 3 3 23871 408
0x00007aca1fce2740 0x0000000669fe6740 0 1 1 0 0 3 3 23871 400
0x00007aca1fce27c0 0x0000000669fe67c0 0 1 1 0 0 3 3 23871 408
0x00007aca1fce2840 0x0000000669fe6840 0 0 0 0 0 3 3 23871 416
0x00007aca1fce28c0 0x0000000669fe68c0 0 0 0 0 0 3 3 23871 424
0x00007aca1fce2940 0x0000000669fe6940 0 1 0 0 0 3 3 23871 416
0x00007aca1fce29c0 0x0000000669fe69c0 0 1 0 0 0 3 3 23871 424
0x00007aca1fce2a40 0x0000000669fe6a40 0 0 1 0 0 3 3 23871 416
0x00007aca1fce2ac0 0x0000000669fe6ac0 0 0 1 0 0 3 3 23871 424
0x00007aca1fce2b40 0x0000000669fe6b40 0 1 1 0 0 3 3 23871 416
0x00007aca1fce2bc0 0x0000000669fe6bc0 0 1 1 0 0 3 3 23871 424
0x00007aca1fce2c40 0x0000000669fe6c40 0 0 0 0 0 3 3 23871 432
0x00007aca1fce2cc0 0x0000000669fe6cc0 0 0 0 0 0 3 3 23871 440
0x00007aca1fce2d40 0x0000000669fe6d40 0 1 0 0 0 3 3 23871 432
0x00007aca1fce2dc0 0x0000000669fe6dc0 0 1 0 0 0 3 3 23871 440
0x00007aca1fce2e40 0x0000000669fe6e40 0 0 1 0 0 3 3 23871 432
0x00007aca1fce2ec0 0x0000000669fe6ec0 0 0 1 0 0 3 3 23871 440
0x00007aca1fce2f40 0x0000000669fe6f40 0 1 1 0 0 3 3 23871 432
0x00007aca1fce2fc0 0x0000000669fe6fc0 0 1 1 0 0 3 3 23871 440
0x00007aca1fce4040 0x0000000dd6729040 0 0 0 0 1 3 3 56001 64
0x00007aca1fce40c0 0x0000000dd67290c0 0 0 0 0 1 3 3 56001 72
0x00007aca1fce4140 0x0000000dd6729140 0 1 0 0 1 3 3 56001 64
0x00007aca1fce41c0 0x0000000dd67291c0 0 1 0 0 1 3 3 56001 72
0x00007aca1fce4240 0x0000000dd6729240 0 0 1 0 1 3 3 56001 64
0x00007aca1fce42c0 0x0000000dd67292c0 0 0 1 0 1 3 3 56001 72
0x00007aca1fce4340 0x0000000dd6729340 0 1 1 0 1 3 3 56001 64
0x00007aca1fce43c0 0x0000000dd67293c0 0 1 1 0 1 3 3 56001 72
0x00007aca1fce4440 0x0000000dd6729440 0 0 0 0 1 3 3 56001 80
0x00007aca1fce44c0 0x0000000dd67294c0 0 0 0 0 1 3 3 56001 88
0x00007aca1fce4540 0x0000000dd6729540 0 1 0 0 1 3 3 56001 80
0x00007aca1fce45c0 0x0000000dd67295c0 0 1 0 0 1 3 3 56001 88
0x00007aca1fce4640 0x0000000dd6729640 0 0 1 0 1 3 3 56001 80
0x00007aca1fce46c0 0x0000000dd67296c0 0 0 1 0 1 3 3 56001 88
0x00007aca1fce4740 0x0000000dd6729740 0 1 1 0 1 3 3 56001 80
0x00007aca1fce47c0 0x0000000dd67297c0 0 1 1 0 1 3 3 56001 88
0x00007aca1fce4840 0x0000000dd6729840 0 0 0 0 1 3 3 56001 96
0x00007aca1fce48c0 0x0000000dd67298c0 0 0 0 0 1 3 3 56001 104
0x00007aca1fce4940 0x0000000dd6729940 0 1 0 0 1 3 3 56001 96
0x00007aca1fce49c0 0x0000000dd67299c0 0 1 0 0 1 3 3 56001 104
0x00007aca1fce4a40 0x0000000dd6729a40 0 0 1 0 1 3 3 56001 96
0x00007aca1fce4ac0 0x0000000dd6729ac0 0 0 1 0 1 3 3 56001 104
0x00007aca1fce4b40 0x0000000dd6729b40 0 1 1 0 1 3 3 56001 96
0x00007aca1fce4bc0 0x0000000dd6729bc0 0 1 1 0 1 3 3 56001 104
0x00007aca1fce4c40 0x0000000dd6729c40 0 0 0 0 1 3 3 56001 112
0x00007aca1fce4cc0 0x0000000dd6729cc0 0 0 0 0 1 3 3 56001 120
0x00007aca1fce4d40 0x0000000dd6729d40 0 1 0 0 1 3 3 56001 112
0x00007aca1fce4dc0 0x0000000dd6729dc0 0 1 0 0 1 3 3 56001 120
0x00007aca1fce4e40 0x0000000dd6729e40 0 0 1 0 1 3 3 56001 112
0x00007aca1fce4ec0 0x0000000dd6729ec0 0 0 1 0 1 3 3 56001 120
0x00007aca1fce4f40 0x0000000dd6729f40 0 1 1 0 1 3 3 56001 112
0x00007aca1fce4fc0 0x0000000dd6729fc0 0 1 1 0 1 3 3 56001 120
0x00007aca1fce5040 0x0000000dd672b040 0 0 0 0 1 3 3 56001 192
0x00007aca1fce50c0 0x0000000dd672b0c0 0 0 0 0 1 3 3 56001 200
0x00007aca1fce5140 0x0000000dd672b140 0 1 0 0 1 3 3 56001 192
0x00007aca1fce51c0 0x0000000dd672b1c0 0 1 0 0 1 3 3 56001 200
0x00007aca1fce5240 0x0000000dd672b240 0 0 1 0 1 3 3 56001 192
0x00007aca1fce52c0 0x0000000dd672b2c0 0 0 1 0 1 3 3 56001 200
0x00007aca1fce5340 0x0000000dd672b340 0 1 1 0 1 3 3 56001 192
0x00007aca1fce53c0 0x0000000dd672b3c0 0 1 1 0 1 3 3 56001 200
0x00007aca1fce5440 0x0000000dd672b440 0 0 0 0 1 3 3 56001 208
0x00007aca1fce54c0 0x0000000dd672b4c0 0 0 0 0 1 3 3 56001 216
0x00007aca1fce5540 0x0000000dd672b540 0 1 0 0 1 3 3 56001 208
0x00007aca1fce55c0 0x0000000dd672b5c0 0 1 0 0 1 3 3 56001 216
0x00007aca1fce5640 0x0000000dd672b640 0 0 1 0 1 3 3 56001 208
0x00007aca1fce56c0 0x0000000dd672b6c0 0 0 1 0 1 3 3 56001 216
0x00007aca1fce5740 0x0000000dd672b740 0 1 1 0 1 3 3 56001 208
0x00007aca1fce57c0 0x0000000dd672b7c0 0 1 1 0 1 3 3 56001 216
0x00007aca1fce5840 0x0000000dd672b840 0 0 0 0 1 3 3 56001 224
0x00007aca1fce58c0 0x0000000dd672b8c0 0 0 0 0 1 3 3 56001 232
0x00007aca1fce5940 0x0000000dd672b940 0 1 0 0 1 3 3 56001 224
0x00007aca1fce59c0 0x0000000dd672b9c0 0 1 0 0 1 3 3 56001 232
0x00007aca1fce5a40 0x0000000dd672ba40 0 0 1 0 1 3 3 56001 224
0x00007aca1fce5ac0 0x0000000dd672bac0 0 0 1 0 1 3 3 56001 232
0x00007aca1fce5b40 0x0000000dd672bb40 0 1 1 0 1 3 3 56001 224
0x00007aca1fce5bc0 0x0000000dd672bbc0 0 1 1 0 1 3 3 56001 232
0x00007aca1fce5c40 0x0000000dd672bc40 0 0 0 0 1 3 3 56001 240
0x00007aca1fce5cc0 0x0000000dd672bcc0 0 0 0 0 1 3 3 56001 248
0x00007aca1fce5d40 0x0000000dd672bd40 0 1 0 0 1 3 3 56001 240
0x00007aca1fce5dc0 0x0000000dd672bdc0 0 1 0 0 1 3 3 56001 248
0x00007aca1fce5e40 0x0000000dd672be40 0 0 1 0 1 3 3 56001 240
0x00007aca1fce5ec0 0x0000000dd672bec0 0 0 1 0 1 3 3 56001 248
0x00007aca1fce5f40 0x0000000dd672bf40 0 1 1 0 1 3 3 56001 240
0x00007aca1fce5fc0 0x0000000dd672bfc0 0 1 1 0 1 3 3 56001 248
0x00007aca1fce6040 0x0000000dd672d040 0 0 0 0 1 3 3 56001 320
0x00007aca1fce60c0 0x0000000dd672d0c0 0 0 0 0 1 3 3 56001 328
0x00007aca1fce6140 0x0000000dd672d140 0 1 0 0 1 3 3 56001 320
0x00007aca1fce61c0 0x0000000dd672d1c0 0 1 0 0 1 3 3 56001 328
0x00007aca1fce6240 0x0000000dd672d240 0 0 1 0 1 3 3 56001 320
0x00007aca1fce62c0 0x0000000dd672d2c0 0 0 1 0 1 3 3 56001 328
0x00007aca1fce6340 0x0000000dd672d340 0 1 1 0 1 3 3 56001 320
0x00007aca1fce63c0 0x0000000dd672d3c0 0 1 1 0 1 3 3 56001 328
0x00007aca1fce6440 0x0000000dd672d440 0 0 0 0 1 3 3 56001 336
0x00007aca1fce64c0 0x0000000dd672d4c0 0 0 0 0 1 3 3 56001 344
0x00007aca1fce6540 0x0000000dd672d540 0 1 0 0 1 3 3 56001 336
0x00007aca1fce65c0 0x0000000dd672d5c0 0 1 0 0 1 3 3 56001 344
0x00007aca1fce6640 0x0000000dd672d640 0 0 1 0 1 3 3 56001 336
0x00007aca1fce66c0 0x0000000dd672d6c0 0 0 1 0 1 3 3 56001 344
0x00007aca1fce6740 0x0000000dd672d740 0 1 1 0 1 3 3 56001 336
0x00007aca1fce67c0 0x0000000dd672d7c0 0 1 1 0 1 3 3 56001 344
0x00007aca1fce6840 0x0000000dd672d840 0 0 0 0 1 3 3 56001 352
0x00007aca1fce68c0 0x0000000dd672d8c0 0 0 0 0 1 3 3 56001 360
0x00007aca1fce6940 0x0000000dd672d940 0 1 0 0 1 3 3 56001 352
0x00007aca1fce69c0 0x0000000dd672d9c0 0 1 0 0 1 3 3 56001 360
0x00007aca1fce6a40 0x0000000dd672da40 0 0 1 0 1 3 3 56001 352
0x00007aca1fce6ac0 0x0000000dd672dac0 0 0 1 0 1 3 3 56001 360
0x00007aca1fce6b40 0x0000000dd672db40 0 1 1 0 1 3 3 56001 352
0x00007aca1fce6bc0 0x0000000dd672dbc0 0 1 1 0 1 3 3 56001 360
0x00007aca1fce6c40 0x0000000dd672dc40 0 0 0 0 1 3 3 56001 368
0x00007aca1fce6cc0 0x0000000dd672dcc0 0 0 0 0 1 3 3 56001 376
0x00007aca1fce6d40 0x0000000dd672dd40 0 1 0 0 1 3 3 56001 368
0x00007aca1fce6dc0 0x0000000dd672ddc0 0 1 0 0 1 3 3 56001 376
0x00007aca1fce6e40 0x0000000dd672de40 0 0 1 0 1 3 3 56001 368
0x00007aca1fce6ec0 0x0000000dd672dec0 0 0 1 0 1 3 3 56001 376
0x00007aca1fce6f40 0x0000000dd672df40 0 1 1 0 1 3 3 56001 368
0x00007aca1fce6fc0 0x0000000dd672dfc0 0 1 1 0 1 3 3 56001 376
0x00007aca1fce7040 0x0000000dd672e040 0 0 0 0 1 3 3 56001 384
0x00007aca1fce70c0 0x0000000dd672e0c0 0 0 0 0 1 3 3 56001 392
0x00007aca1fce7140 0x0000000dd672e140 0 1 0 0 1 3 3 56001 384
0x00007aca1fce71c0 0x0000000dd672e1c0 0 1 0 0 1 3 3 56001 392
0x00007aca1fce7240 0x0000000dd672e240 0 0 1 0 1 3 3 56001 384
0x00007aca1fce72c0 0x0000000dd672e2c0 0 0 1 0 1 3 3 56001 392
0x00007aca1fce7340 0x0000000dd672e340 0 1 1 0 1 3 3 56001 384
0x00007aca1fce73c0 0x0000000dd672e3c0 0 1 1 0 1 3 3 56001 392
0x00007aca1fce7440 0x0000000dd672e440 0 0 0 0 1 3 3 56001 400
0x00007aca1fce74c0 0x0000000dd672e4c0 0 0 0 0 1 3 3 56001 408
0x00007aca1fce7540 0x0000000dd672e540 0 1 0 0 1 3 3 56001 400
0x00007aca1fce75c0 0x0000000dd672e5c0 0 1 0 0 1 3 3 56001 408
0x00007aca1fce7640 0x0000000dd672e640 0 0 1 0 1 3 3 56001 400
0x00007aca1fce76c0 0x0000000dd672e6c0 0 0 1 0 1 3 3 56001 408
0x00007aca1fce7740 0x0000000dd672e740 0 1 1 0 1 3 3 56001 400
0x00007aca1fce77c0 0x0000000dd672e7c0 0 1 1 0 1 3 3 56001 408
0x00007aca1fce7840 0x0000000dd672e840 0 0 0 0 1 3 3 56001 416
0x00007aca1fce78c0 0x0000000dd672e8c0 0 0 0 0 1 3 3 56001 424
0x00007aca1fce7940 0x0000000dd672e940 0 1 0 0 1 3 3 56001 416
0x00007aca1fce79c0 0x0000000dd672e9c0 0 1 0 0 1 3 3 56001 424
0x00007aca1fce7a40 0x0000000dd672ea40 0 0 1 0 1 3 3 56001 416
0x00007aca1fce7ac0 0x0000000dd672eac0 0 0 1 0 1 3 3 56001 424
0x00007aca1fce7b40 0x0000000dd672eb40 0 1 1 0 1 3 3 56001 416
0x00007aca1fce7bc0 0x0000000dd672ebc0 0 1 1 0 1 3 3 56001 424
0x00007aca1fce7c40 0x0000000dd672ec40 0 0 0 0 1 3 3 56001 432
0x00007aca1fce7cc0 0x0000000dd672ecc0 0 0 0 0 1 3 3 56001 440
0x00007aca1fce7d40 0x0000000dd672ed40 0 1 0 0 1 3 3 56001 432
0x00007aca1fce7dc0 0x0000000dd672edc0 0 1 0 0 1 3 3 56001 440
0x00007aca1fce7e40 0x0000000dd672ee40 0 0 1 0 1 3 3 56001 432
0x00007aca1fce7ec0 0x0000000dd672eec0 0 0 1 0 1 3 3 56001 440
0x00007aca1fce7f40 0x0000000dd672ef40 0 1 1 0 1 3 3 56001 432
0x00007aca1fce7fc0 0x0000000dd672efc0 0 1 1 0 1 3 3 56001 440
0x00007aca1fce8040 0x0000000eb6787040 0 0 0 0 0 3 3 59076 448
0x00007aca1fce80c0 0x0000000eb67870c0 0 0 0 0 0 3 3 59076 456
0x00007aca1fce8140 0x0000000eb6787140 0 1 0 0 0 3 3 59076 448
0x00007aca1fce81c0 0x0000000eb67871c0 0 1 0 0 0 3 3 59076 456
0x00007aca1fce8240 0x0000000eb6787240 0 0 1 0 0 3 3 59076 448
0x00007aca1fce82c0 0x0000000eb67872c0 0 0 1 0 0 3 3 59076 456
0x00007aca1fce8340 0x0000000eb6787340 0 1 1 0 0 3 3 59076 448
0x00007aca1fce83c0 0x0000000eb67873c0 0 1 1 0 0 3 3 59076 456
0x00007aca1fce8440 0x0000000eb6787440 0 0 0 0 0 3 3 59076 464
0x00007aca1fce84c0 0x0000000eb67874c0 0 0 0 0 0 3 3 59076 472
0x00007aca1fce8540 0x0000000eb6787540 0 1 0 0 0 3 3 59076 464
0x00007aca1fce85c0 0x0000000eb67875c0 0 1 0 0 0 3 3 59076 472
0x00007aca1fce8640 0x0000000eb6787640 0 0 1 0 0 3 3 59076 464
0x00007aca1fce86c0 0x0000000eb67876c0 0 0 1 0 0 3 3 59076 472
0x00007aca1fce8740 0x0000000eb6787740 0 1 1 0 0 3 3 59076 464
0x00007aca1fce87c0 0x0000000eb67877c0 0 1 1 0 0 3 3 59076 472
0x00007aca1fce8840 0x0000000eb6787840 0 0 0 0 0 3 3 59076 480
0x00007aca1fce88c0 0x0000000eb67878c0 0 0 0 0 0 3 3 59076 488
0x00007aca1fce8940 0x0000000eb6787940 0 1 0 0 0 3 3 59076 480
0x00007aca1fce89c0 0x0000000eb67879c0 0 1 0 0 0 3 3 59076 488
0x00007aca1fce8a40 0x0000000eb6787a40 0 0 1 0 0 3 3 59076 480
0x00007aca1fce8ac0 0x0000000eb6787ac0 0 0 1 0 0 3 3 59076 488
0x00007aca1fce8b40 0x0000000eb6787b40 0 1 1 0 0 3 3 59076 480
0x00007aca1fce8bc0 0x0000000eb6787bc0 0 1 1 0 0 3 3 59076 488
0x00007aca1fce8c40 0x0000000eb6787c40 0 0 0 0 0 3 3 59076 496
0x00007aca1fce8cc0 0x0000000eb6787cc0 0 0 0 0 0 3 3 59076 504
0x00007aca1fce8d40 0x0000000eb6787d40 0 1 0 0 0 3 3 59076 496
0x00007aca1fce8dc0 0x0000000eb6787dc0 0 1 0 0 0 3 3 59076 504
0x00007aca1fce8e40 0x0000000eb6787e40 0 0 1 0 0 3 3 59076 496
0x00007aca1fce8ec0 0x0000000eb6787ec0 0 0 1 0 0 3 3 59076 504
0x00007aca1fce8f40 0x0000000eb6787f40 0 1 1 0 0 3 3 59076 496
0x00007aca1fce8fc0 0x0000000eb6787fc0 0 1 1 0 0 3 3 59076 504
0x00007aca1fd05040 0x000000060ffc8040 0 0 0 0 1 3 3 20990 0
0x00007aca1fd050c0 0x000000060ffc80c0 0 0 0 0 1 3 3 20990 8
0x00007aca1fd05140 0x000000060ffc8140 0 1 0 0 1 3 3 20990 0
0x00007aca1fd051c0 0x000000060ffc81c0 0 1 0 0 1 3 3 20990 8
0x00007aca1fd05240 0x000000060ffc8240 0 0 1 0 1 3 3 20990 0
0x00007aca1fd052c0 0x000000060ffc82c0 0 0 1 0 1 3 3 20990 8
0x00007aca1fd05340 0x000000060ffc8340 0 1 1 0 1 3 3 20990 0
0x00007aca1fd053c0 0x000000060ffc83c0 0 1 1 0 1 3 3 20990 8
0x00007aca1fd05440 0x000000060ffc8440 0 0 0 0 1 3 3 20990 16
0x00007aca1fd054c0 0x000000060ffc84c0 0 0 0 0 1 3 3 20990 24
0x00007aca1fd05540 0x000000060ffc8540 0 1 0 0 1 3 3 20990 16
0x00007aca1fd055c0 0x000000060ffc85c0 0 1 0 0 1 3 3 20990 24
0x00007aca1fd05640 0x000000060ffc8640 0 0 1 0 1 3 3 20990 16
0x00007aca1fd056c0 0x000000060ffc86c0 0 0 1 0 1 3 3 20990 24
0x00007aca1fd05740 0x000000060ffc8740 0 1 1 0 1 3 3 20990 16
0x00007aca1fd057c0 0x000000060ffc87c0 0 1 1 0 1 3 3 20990 24
0x00007aca1fd05840 0x000000060ffc8840 0 0 0 0 1 3 3 20990 32
0x00007aca1fd058c0 0x000000060ffc88c0 0 0 0 0 1 3 3 20990 40
0x00007aca1fd05940 0x000000060ffc8940 0 1 0 0 1 3 3 20990 32
0x00007aca1fd059c0 0x000000060ffc89c0 0 1 0 0 1 3 3 20990 40
0x00007aca1fd05a40 0x000000060ffc8a40 0 0 1 0 1 3 3 20990 32
0x00007aca1fd05ac0 0x000000060ffc8ac0 0 0 1 0 1 3 3 20990 40
0x00007aca1fd05b40 0x000000060ffc8b40 0 1 1 0 1 3 3 20990 32
0x00007aca1fd05bc0 0x000000060ffc8bc0 0 1 1 0 1 3 3 20990 40
0x00007aca1fd05c40 0x000000060ffc8c40 0 0 0 0 1 3 3 20990 48
0x00007aca1fd05cc0 0x000000060ffc8cc0 0 0 0 0 1 3 3 20990 56
0x00007aca1fd05d40 0x000000060ffc8d40 0 1 0 0 1 3 3 20990 48
0x00007aca1fd05dc0 0x000000060ffc8dc0 0 1 0 0 1 3 3 20990 56
0x00007aca1fd05e40 0x000000060ffc8e40 0 0 1 0 1 3 3 20990 48
0x00007aca1fd05ec0 0x000000060ffc8ec0 0 0 1 0 1 3 3 20990 56
0x00007aca1fd05f40 0x000000060ffc8f40 0 1 1 0 1 3 3 20990 48
0x00007aca1fd05fc0 0x000000060ffc8fc0 0 1 1 0 1 3 3 20990 56
0x00007aca1fd12040 0x0000000c4fffc040 0 0 0 0 1 3 3 47615 768
0x00007aca1fd120c0 0x0000000c4fffc0c0 0 0 0 0 1 3 3 47615 776
0x00007aca1fd12140 0x0000000c4fffc140 0 1 0 0 1 3 3 47615 768
0x00007aca1fd121c0 0x0000000c4fffc1c0 0 1 0 0 1 3 3 47615 776
0x00007aca1fd12240 0x0000000c4fffc240 0 0 1 0 1 3 3 47615 768
0x00007aca1fd122c0 0x0000000c4fffc2c0 0 0 1 0 1 3 3 47615 776
0x00007aca1fd12340 0x0000000c4fffc340 0 1 1 0 1 3 3 47615 768
0x00007aca1fd123c0 0x0000000c4fffc3c0 0 1 1 0 1 3 3 47615 776
0x00007aca1fd12440 0x0000000c4fffc440 0 0 0 0 1 3 3 47615 784
0x00007aca1fd124c0 0x0000000c4fffc4c0 0 0 0 0 1 3 3 47615 792
0x00007aca1fd12540 0x0000000c4fffc540 0 1 0 0 1 3 3 47615 784
0x00007aca1fd125c0 0x0000000c4fffc5c0 0 1 0 0 1 3 3 47615 792
0x00007aca1fd12640 0x0000000c4fffc640 0 0 1 0 1 3 3 47615 784
0x00007aca1fd126c0 0x0000000c4fffc6c0 0 0 1 0 1 3 3 47615 792
0x00007aca1fd12740 0x0000000c4fffc740 0 1 1 0 1 3 3 47615 784
0x00007aca1fd127c0 0x0000000c4fffc7c0 0 1 1 0 1 3 3 47615 792
0x00007aca1fd12840 0x0000000c4fffc840 0 0 0 0 1 3 3 47615 800
0x00007aca1fd128c0 0x0000000c4fffc8c0 0 0 0 0 1 3 3 47615 808
0x00007aca1fd12940 0x0000000c4fffc940 0 1 0 0 1 3 3 47615 800
0x00007aca1fd129c0 0x0000000c4fffc9c0 0 1 0 0 1 3 3 47615 808
0x00007aca1fd12a40 0x0000000c4fffca40 0 0 1 0 1 3 3 47615 800
0x00007aca1fd12ac0 0x0000000c4fffcac0 0 0 1 0 1 3 3 47615 808
0x00007aca1fd12b40 0x0000000c4fffcb40 0 1 1 0 1 3 3 47615 800
0x00007aca1fd12bc0 0x0000000c4fffcbc0 0 1 1 0 1 3 3 47615 808
0x00007aca1fd12c40 0x0000000c4fffcc40 0 0 0 0 1 3 3 47615 816
0x00007aca1fd12cc0 0x0000000c4fffccc0 0 0 0 0 1 3 3 47615 824
0x00007aca1fd12d40 0x0000000c4fffcd40 0 1 0 0 1 3 3 47615 816
0x00007aca1fd12dc0 0x0000000c4fffcdc0 0 1 0 0 1 3 3 47615 824
0x00007aca1fd12e40 0x0000000c4fffce40 0 0 1 0 1 3 3 47615 816
0x00007aca1fd12ec0 0x0000000c4fffcec0 0 0 1 0 1 3 3 47615 824
0x00007aca1fd12f40 0x0000000c4fffcf40 0 1 1 0 1 3 3 47615 816
0x00007aca1fd12fc0 0x0000000c4fffcfc0 0 1 1 0 1 3 3 47615 824
0x00007aca1fd18040 0x00000008a17e9040 0 0 0 0 1 3 3 33831 64
0x00007aca1fd180c0 0x00000008a17e90c0 0 0 0 0 1 3 3 33831 72
0x00007aca1fd18140 0x00000008a17e9140 0 1 0 0 1 3 3 33831 64
0x00007aca1fd181c0 0x00000008a17e91c0 0 1 0 0 1 3 3 33831 72
0x00007aca1fd18240 0x00000008a17e9240 0 0 1 0 1 3 3 33831 64
0x00007aca1fd182c0 0x00000008a17e92c0 0 0 1 0 1 3 3 33831 72
0x00007aca1fd18340 0x00000008a17e9340 0 1 1 0 1 3 3 33831 64
0x00007aca1fd183c0 0x00000008a17e93c0 0 1 1 0 1 3 3 33831 72
0x00007aca1fd18440 0x00000008a17e9440 0 0 0 0 1 3 3 33831 80
0x00007aca1fd184c0 0x00000008a17e94c0 0 0 0 0 1 3 3 33831 88
0x00007aca1fd18540 0x00000008a17e9540 0 1 0 0 1 3 3 33831 80
0x00007aca1fd185c0 0x00000008a17e95c0 0 1 0 0 1 3 3 33831 88
0x00007aca1fd18640 0x00000008a17e9640 0 0 1 0 1 3 3 33831 80
0x00007aca1fd186c0 0x00000008a17e96c0 0 0 1 0 1 3 3 33831 88
0x00007aca1fd18740 0x00000008a17e9740 0 1 1 0 1 3 3 33831 80
0x00007aca1fd187c0 0x00000008a17e97c0 0 1 1 0 1 3 3 33831 88
0x00007aca1fd18840 0x00000008a17e9840 0 0 0 0 1 3 3 33831 96
0x00007aca1fd188c0 0x00000008a17e98c0 0 0 0 0 1 3 3 33831 104
0x00007aca1fd18940 0x00000008a17e9940 0 1 0 0 1 3 3 33831 96
0x00007aca1fd189c0 0x00000008a17e99c0 0 1 0 0 1 3 3 33831 104
0x00007aca1fd18a40 0x00000008a17e9a40 0 0 1 0 1 3 3 33831 96
0x00007aca1fd18ac0 0x00000008a17e9ac0 0 0 1 0 1 3 3 33831 104
0x00007aca1fd18b40 0x00000008a17e9b40 0 1 1 0 1 3 3 33831 96
0x00007aca1fd18bc0 0x00000008a17e9bc0 0 1 1 0 1 3 3 33831 104
0x00007aca1fd18c40 0x00000008a17e9c40 0 0 0 0 1 3 3 33831 112
0x00007aca1fd18cc0 0x00000008a17e9cc0 0 0 0 0 1 3 3 33831 120
0x00007aca1fd18d40 0x00000008a17e9d40 0 1 0 0 1 3 3 33831 112
0x00007aca1fd18dc0 0x00000008a17e9dc0 0 1 0 0 1 3 3 33831 120
0x00007aca1fd18e40 0x00000008a17e9e40 0 0 1 0 1 3 3 33831 112
0x00007aca1fd18ec0 0x00000008a17e9ec0 0 0 1 0 1 3 3 33831 120
0x00007aca1fd18f40 0x00000008a17e9f40 0 1 1 0 1 3 3 33831 112
0x00007aca1fd18fc0 0x00000008a17e9fc0 0 1 1 0 1 3 3 33831 120
0x00007aca1fd25040 0x0000000bcb7f4040 0 0 0 0 0 3 3 47463 768
0x00007aca1fd250c0 0x0000000bcb7f40c0 0 0 0 0 0 3 3 47463 776
0x00007aca1fd25140 0x0000000bcb7f4140 0 1 0 0 0 3 3 47463 768
0x00007aca1fd251c0 0x0000000bcb7f41c0 0 1 0 0 0 3 3 47463 776
0x00007aca1fd25240 0x0000000bcb7f4240 0 0 1 0 0 3 3 47463 768
0x00007aca1fd252c0 0x0000000bcb7f42c0 0 0 1 0 0 3 3 47463 776
0x00007aca1fd25340 0x0000000bcb7f4340 0 1 1 0 0 3 3 47463 768
0x00007aca1fd253c0 0x0000000bcb7f43c0 0 1 1 0 0 3 3 47463 776
0x00007aca1fd25440 0x0000000bcb7f4440 0 0 0 0 0 3 3 47463 784
0x00007aca1fd254c0 0x0000000bcb7f44c0 0 0 0 0 0 3 3 47463 792
0x00007aca1fd25540 0x0000000bcb7f4540 0 1 0 0 0 3 3 47463 784
0x00007aca1fd255c0 0x0000000bcb7f45c0 0 1 0 0 0 3 3 47463 792
0x00007aca1fd25640 0x0000000bcb7f4640 0 0 1 0 0 3 3 47463 784
0x00007aca1fd256c0 0x0000000bcb7f46c0 0 0 1 0 0 3 3 47463 792
0x00007aca1fd25740 0x0000000bcb7f4740 0 1 1 0 0 3 3 47463 784
0x00007aca1fd257c0 0x0000000bcb7f47c0 0 1 1 0 0 3 3 47463 792
0x00007aca1fd25840 0x0000000bcb7f4840 0 0 0 0 0 3 3 47463 800
0x00007aca1fd258c0 0x0000000bcb7f48c0 0 0 0 0 0 3 3 47463 808
0x00007aca1fd25940 0x0000000bcb7f4940 0 1 0 0 0 3 3 47463 800
0x00007aca1fd259c0 0x0000000bcb7f49c0 0 1 0 0 0 3 3 47463 808
0x00007aca1fd25a40 0x0000000bcb7f4a40 0 0 1 0 0 3 3 47463 800
0x00007aca1fd25ac0 0x0000000bcb7f4ac0 0 0 1 0 0 3 3 47463 808
0x00007aca1fd25b40 0x0000000bcb7f4b40 0 1 1 0 0 3 3 47463 800
0x00007aca1fd25bc0 0x0000000bcb7f4bc0 0 1 1 0 0 3 3 47463 808
0x00007aca1fd25c40 0x0000000bcb7f4c40 0 0 0 0 0 3 3 47463 816
0x00007aca1fd25cc0 0x0000000bcb7f4cc0 0 0 0 0 0 3 3 47463 824
0x00007aca1fd25d40 0x0000000bcb7f4d40 0 1 0 0 0 3 3 47463 816
0x00007aca1fd25dc0 0x0000000bcb7f4dc0 0 1 0 0 0 3 3 47463 824
0x00007aca1fd25e40 0x0000000bcb7f4e40 0 0 1 0 0 3 3 47463 816
0x00007aca1fd25ec0 0x0000000bcb7f4ec0 0 0 1 0 0 3 3 47463 824
0x00007aca1fd25f40 0x0000000bcb7f4f40 0 1 1 0 0 3 3 47463 816
0x00007aca1fd25fc0 0x0000000bcb7f4fc0 0 1 1 0 0 3 3 47463 824
0x00007aca1fd27040 0x00000008e9727040 0 0 0 0 0 3 3 36129 448
0x00007aca1fd270c0 0x00000008e97270c0 0 0 0 0 0 3 3 36129 456
0x00007aca1fd27140 0x00000008e9727140 0 1 0 0 0 3 3 36129 448
0x00007aca1fd271c0 0x00000008e97271c0 0 1 0 0 0 3 3 36129 456
0x00007aca1fd27240 0x00000008e9727240 0 0 1 0 0 3 3 36129 448
0x00007aca1fd272c0 0x00000008e97272c0 0 0 1 0 0 3 3 36129 456
0x00007aca1fd27340 0x00000008e9727340 0 1 1 0 0 3 3 36129 448
0x00007aca1fd273c0 0x00000008e97273c0 0 1 1 0 0 3 3 36129 456
0x00007aca1fd27440 0x00000008e9727440 0 0 0 0 0 3 3 36129 464
0x00007aca1fd274c0 0x00000008e97274c0 0 0 0 0 0 3 3 36129 472
0x00007aca1fd27540 0x00000008e9727540 0 1 0 0 0 3 3 36129 464
0x00007aca1fd275c0 0x00000008e97275c0 0 1 0 0 0 3 3 36129 472
0x00007aca1fd27640 0x00000008e9727640 0 0 1 0 0 3 3 36129 464
0x00007aca1fd276c0 0x00000008e97276c0 0 0 1 0 0 3 3 36129 472
0x00007aca1fd27740 0x00000008e9727740 0 1 1 0 0 3 3 36129 464
0x00007aca1fd277c0 0x00000008e97277c0 0 1 1 0 0 3 3 36129 472
0x00007aca1fd27840 0x00000008e9727840 0 0 0 0 0 3 3 36129 480
0x00007aca1fd278c0 0x00000008e97278c0 0 0 0 0 0 3 3 36129 488
0x00007aca1fd27940 0x00000008e9727940 0 1 0 0 0 3 3 36129 480
0x00007aca1fd279c0 0x00000008e97279c0 0 1 0 0 0 3 3 36129 488
0x00007aca1fd27a40 0x00000008e9727a40 0 0 1 0 0 3 3 36129 480
0x00007aca1fd27ac0 0x00000008e9727ac0 0 0 1 0 0 3 3 36129 488
0x00007aca1fd27b40 0x00000008e9727b40 0 1 1 0 0 3 3 36129 480
0x00007aca1fd27bc0 0x00000008e9727bc0 0 1 1 0 0 3 3 36129 488
0x00007aca1fd27c40 0x00000008e9727c40 0 0 0 0 0 3 3 36129 496
0x00007aca1fd27cc0 0x00000008e9727cc0 0 0 0 0 0 3 3 36129 504
0x00007aca1fd27d40 0x00000008e9727d40 0 1 0 0 0 3 3 36129 496
0x00007aca1fd27dc0 0x00000008e9727dc0 0 1 0 0 0 3 3 36129 504
0x00007aca1fd27e40 0x00000008e9727e40 0 0 1 0 0 3 3 36129 496
0x00007aca1fd27ec0 0x00000008e9727ec0 0 0 1 0 0 3 3 36129 504
0x00007aca1fd27f40 0x00000008e9727f40 0 1 1 0 0 3 3 36129 496
0x00007aca1fd27fc0 0x00000008e9727fc0 0 1 1 0 0 3 3 36129 504
0x00007aca1fd2b040 0x0000000bfbf60040 0 0 0 0 0 3 3 49003 0
0x00007aca1fd2b0c0 0x0000000bfbf600c0 0 0 0 0 0 3 3 49003 8
0x00007aca1fd2b140 0x0000000bfbf60140 0 1 0 0 0 3 3 49003 0
0x00007aca1fd2b1c0 0x0000000bfbf601c0 0 1 0 0 0 3 3 49003 8
0x00007aca1fd2b240 0x0000000bfbf60240 0 0 1 0 0 3 3 49003 0
0x00007aca1fd2b2c0 0x0000000bfbf602c0 0 0 1 0 0 3 3 49003 8
0x00007aca1fd2b340 0x0000000bfbf60340 0 1 1 0 0 3 3 49003 0
0x00007aca1fd2b3c0 0x0000000bfbf603c0 0 1 1 0 0 3 3 49003 8
0x00007aca1fd2b440 0x0000000bfbf60440 0 0 0 0 0 3 3 49003 16
0x00007aca1fd2b4c0 0x0000000bfbf604c0 0 0 0 0 0 3 3 49003 24
0x00007aca1fd2b540 0x0000000bfbf60540 0 1 0 0 0 3 3 49003 16
0x00007aca1fd2b5c0 0x0000000bfbf605c0 0 1 0 0 0 3 3 49003 24
0x00007aca1fd2b640 0x0000000bfbf60640 0 0 1 0 0 3 3 49003 16
0x00007aca1fd2b6c0 0x0000000bfbf606c0 0 0 1 0 0 3 3 49003 24
0x00007aca1fd2b740 0x0000000bfbf60740 0 1 1 0 0 3 3 49003 16
0x00007aca1fd2b7c0 0x0000000bfbf607c0 0 1 1 0 0 3 3 49003 24
0x00007aca1fd2b840 0x0000000bfbf60840 0 0 0 0 0 3 3 49003 32
0x00007aca1fd2b8c0 0x0000000bfbf608c0 0 0 0 0 0 3 3 49003 40
0x00007aca1fd2b940 0x0000000bfbf60940 0 1 0 0 0 3 3 49003 32
0x00007aca1fd2b9c0 0x0000000bfbf609c0 0 1 0 0 0 3 3 49003 40
0x00007aca1fd2ba40 0x0000000bfbf60a40 0 0 1 0 0 3 3 49003 32
0x00007aca1fd2bac0 0x0000000bfbf60ac0 0 0 1 0 0 3 3 49003 40
0x00007aca1fd2bb40 0x0000000bfbf60b40 0 1 1 0 0 3 3 49003 32
0x00007aca1fd2bbc0 0x0000000bfbf60bc0 0 1 1 0 0 3 3 49003 40
0x00007aca1fd2bc40 0x0000000bfbf60c40 0 0 0 0 0 3 3 49003 48
0x00007aca1fd2bcc0 0x0000000bfbf60cc0 0 0 0 0 0 3 3 49003 56
0x00007aca1fd2bd40 0x0000000bfbf60d40 0 1 0 0 0 3 3 49003 48
0x00007aca1fd2bdc0 0x0000000bfbf60dc0 0 1 0 0 0 3 3 49003 56
0x00007aca1fd2be40 0x0000000bfbf60e40 0 0 1 0 0 3 3 49003 48
0x00007aca1fd2bec0 0x0000000bfbf60ec0 0 0 1 0 0 3 3 49003 56
0x00007aca1fd2bf40 0x0000000bfbf60f40 0 1 1 0 0 3 3 49003 48
0x00007aca1fd2bfc0 0x0000000bfbf60fc0 0 1 1 0 0 3 3 49003 56
0x00007aca1fd3f040 0x0000000eaf794040 0 0 0 0 0 3 3 58852 768
0x00007aca1fd3f0c0 0x0000000eaf7940c0 0 0 0 0 0 3 3 58852 776
0x00007aca1fd3f140 0x0000000eaf794140 0 1 0 0 0 3 3 58852 768
0x00007aca1fd3f1c0 0x0000000eaf7941c0 0 1 0 0 0 3 3 58852 776
0x00007aca1fd3f240 0x0000000eaf794240 0 0 1 0 0 3 3 58852 768
0x00007aca1fd3f2c0 0x0000000eaf7942c0 0 0 1 0 0 3 3 58852 776
0x00007aca1fd3f340 0x0000000eaf794340 0 1 1 0 0 3 3 58852 768
0x00007aca1fd3f3c0 0x0000000eaf7943c0 0 1 1 0 0 3 3 58852 776
0x00007aca1fd3f440 0x0000000eaf794440 0 0 0 0 0 3 3 58852 784
0x00007aca1fd3f4c0 0x0000000eaf7944c0 0 0 0 0 0 3 3 58852 792
0x00007aca1fd3f540 0x0000000eaf794540 0 1 0 0 0 3 3 58852 784
0x00007aca1fd3f5c0 0x0000000eaf7945c0 0 1 0 0 0 3 3 58852 792
0x00007aca1fd3f640 0x0000000eaf794640 0 0 1 0 0 3 3 58852 784
0x00007aca1fd3f6c0 0x0000000eaf7946c0 0 0 1 0 0 3 3 58852 792
0x00007aca1fd3f740 0x0000000eaf794740 0 1 1 0 0 3 3 58852 784
0x00007aca1fd3f7c0 0x0000000eaf7947c0 0 1 1 0 0 3 3 58852 792
0x00007aca1fd3f840 0x0000000eaf794840 0 0 0 0 0 3 3 58852 800
0x00007aca1fd3f8c0 0x0000000eaf7948c0 0 0 0 0 0 3 3 58852 808
0x00007aca1fd3f940 0x0000000eaf794940 0 1 0 0 0 3 3 58852 800
0x00007aca1fd3f9c0 0x0000000eaf7949c0 0 1 0 0 0 3 3 58852 808
0x00007aca1fd3fa40 0x0000000eaf794a40 0 0 1 0 0 3 3 58852 800
0x00007aca1fd3fac0 0x0000000eaf794ac0 0 0 1 0 0 3 3 58852 808
0x00007aca1fd3fb40 0x0000000eaf794b40 0 1 1 0 0 3 3 58852 800
0x00007aca1fd3fbc0 0x0000000eaf794bc0 0 1 1 0 0 3 3 58852 808
0x00007aca1fd3fc40 0x0000000eaf794c40 0 0 0 0 0 3 3 58852 816
0x00007aca1fd3fcc0 0x0000000eaf794cc0 0 0 0 0 0 3 3 58852 824
0x00007aca1fd3fd40 0x0000000eaf794d40 0 1 0 0 0 3 3 58852 816
0x00007aca1fd3fdc0 0x0000000eaf794dc0 0 1 0 0 0 3 3 58852 824
0x00007aca1fd3fe40 0x0000000eaf794e40 0 0 1 0 0 3 3 58852 816
0x00007aca1fd3fec0 0x0000000eaf794ec0 0 0 1 0 0 3 3 58852 824
0x00007aca1fd3ff40 0x0000000eaf794f40 0 1 1 0 0 3 3 58852 816
0x00007aca1fd3ffc0 0x0000000eaf794fc0 0 1 1 0 0 3 3 58852 824
0x00007aca1fd40040 0x0000000ede790040 0 0 0 0 0 3 3 60356 512
0x00007aca1fd400c0 0x0000000ede7900c0 0 0 0 0 0 3 3 60356 520
0x00007aca1fd40140 0x0000000ede790140 0 1 0 0 0 3 3 60356 512
0x00007aca1fd401c0 0x0000000ede7901c0 0 1 0 0 0 3 3 60356 520
0x00007aca1fd40240 0x0000000ede790240 0 0 1 0 0 3 3 60356 512
0x00007aca1fd402c0 0x0000000ede7902c0 0 0 1 0 0 3 3 60356 520
0x00007aca1fd40340 0x0000000ede790340 0 1 1 0 0 3 3 60356 512
0x00007aca1fd403c0 0x0000000ede7903c0 0 1 1 0 0 3 3 60356 520
0x00007aca1fd40440 0x0000000ede790440 0 0 0 0 0 3 3 60356 528
0x00007aca1fd404c0 0x0000000ede7904c0 0 0 0 0 0 3 3 60356 536
0x00007aca1fd40540 0x0000000ede790540 0 1 0 0 0 3 3 60356 528
0x00007aca1fd405c0 0x0000000ede7905c0 0 1 0 0 0 3 3 60356 536
0x00007aca1fd40640 0x0000000ede790640 0 0 1 0 0 3 3 60356 528
0x00007aca1fd406c0 0x0000000ede7906c0 0 0 1 0 0 3 3 60356 536
0x00007aca1fd40740 0x0000000ede790740 0 1 1 0 0 3 3 60356 528
0x00007aca1fd407c0 0x0000000ede7907c0 0 1 1 0 0 3 3 60356 536
0x00007aca1fd40840 0x0000000ede790840 0 0 0 0 0 3 3 60356 544
0x00007aca1fd408c0 0x0000000ede7908c0 0 0 0 0 0 3 3 60356 552
0x00007aca1fd40940 0x0000000ede790940 0 1 0 0 0 3 3 60356 544
0x00007aca1fd409c0 0x0000000ede7909c0 0 1 0 0 0 3 3 60356 552
0x00007aca1fd40a40 0x0000000ede790a40 0 0 1 0 0 3 3 60356 544
0x00007aca1fd40ac0 0x0000000ede790ac0 0 0 1 0 0 3 3 60356 552
0x00007aca1fd40b40 0x0000000ede790b40 0 1 1 0 0 3 3 60356 544
0x00007aca1fd40bc0 0x0000000ede790bc0 0 1 1 0 0 3 3 60356 552
0x00007aca1fd40c40 0x0000000ede790c40 0 0 0 0 0 3 3 60356 560
0x00007aca1fd40cc0 0x0000000ede790cc0 0 0 0 0 0 3 3 60356 568
0x00007aca1fd40d40 0x0000000ede790d40 0 1 0 0 0 3 3 60356 560
0x00007aca1fd40dc0 0x0000000ede790dc0 0 1 0 0 0 3 3 60356 568
0x00007aca1fd40e40 0x0000000ede790e40 0 0 1 0 0 3 3 60356 560
0x00007aca1fd40ec0 0x0000000ede790ec0 0 0 1 0 0 3 3 60356 568
0x00007aca1fd40f40 0x0000000ede790f40 0 1 1 0 0 3 3 60356 560
0x00007aca1fd40fc0 0x0000000ede790fc0 0 1 1 0 0 3 3 60356 568
0x00007aca1fd45040 0x00000008eaff3040 0 0 0 0 0 3 3 36175 704
0x00007aca1fd450c0 0x00000008eaff30c0 0 0 0 0 0 3 3 36175 712
0x00007aca1fd45140 0x00000008eaff3140 0 1 0 0 0 3 3 36175 704
0x00007aca1fd451c0 0x00000008eaff31c0 0 1 0 0 0 3 3 36175 712
0x00007aca1fd45240 0x00000008eaff3240 0 0 1 0 0 3 3 36175 704
0x00007aca1fd452c0 0x00000008eaff32c0 0 0 1 0 0 3 3 36175 712
0x00007aca1fd45340 0x00000008eaff3340 0 1 1 0 0 3 3 36175 704
0x00007aca1fd453c0 0x00000008eaff33c0 0 1 1 0 0 3 3 36175 712
0x00007aca1fd45440 0x00000008eaff3440 0 0 0 0 0 3 3 36175 720
0x00007aca1fd454c0 0x00000008eaff34c0 0 0 0 0 0 3 3 36175 728
0x00007aca1fd45540 0x00000008eaff3540 0 1 0 0 0 3 3 36175 720
0x00007aca1fd455c0 0x00000008eaff35c0 0 1 0 0 0 3 3 36175 728
0x00007aca1fd45640 0x00000008eaff3640 0 0 1 0 0 3 3 36175 720
0x00007aca1fd456c0 0x00000008eaff36c0 0 0 1 0 0 3 3 36175 728
0x00007aca1fd45740 0x00000008eaff3740 0 1 1 0 0 3 3 36175 720
0x00007aca1fd457c0 0x00000008eaff37c0 0 1 1 0 0 3 3 36175 728
0x00007aca1fd45840 0x00000008eaff3840 0 0 0 0 0 3 3 36175 736
0x00007aca1fd458c0 0x00000008eaff38c0 0 0 0 0 0 3 3 36175 744
0x00007aca1fd45940 0x00000008eaff3940 0 1 0 0 0 3 3 36175 736
0x00007aca1fd459c0 0x00000008eaff39c0 0 1 0 0 0 3 3 36175 744
0x00007aca1fd45a40 0x00000008eaff3a40 0 0 1 0 0 3 3 36175 736
0x00007aca1fd45ac0 0x00000008eaff3ac0 0 0 1 0 0 3 3 36175 744
0x00007aca1fd45b40 0x00000008eaff3b40 0 1 1 0 0 3 3 36175 736
0x00007aca1fd45bc0 0x00000008eaff3bc0 0 1 1 0 0 3 3 36175 744
0x00007aca1fd45c40 0x00000008eaff3c40 0 0 0 0 0 3 3 36175 752
0x00007aca1fd45cc0 0x00000008eaff3cc0 0 0 0 0 0 3 3 36175 760
0x00007aca1fd45d40 0x00000008eaff3d40 0 1 0 0 0 3 3 36175 752
0x00007aca1fd45dc0 0x00000008eaff3dc0 0 1 0 0 0 3 3 36175 760
0x00007aca1fd45e40 0x00000008eaff3e40 0 0 1 0 0 3 3 36175 752
0x00007aca1fd45ec0 0x00000008eaff3ec0 0 0 1 0 0 3 3 36175 760
0x00007aca1fd45f40 0x00000008eaff3f40 0 1 1 0 0 3 3 36175 752
0x00007aca1fd45fc0 0x00000008eaff3fc0 0 1 1 0 0 3 3 36175 760
0x00007aca1fd47040 0x000000086e782040 0 0 0 0 0 3 3 32212 128
0x00007aca1fd470c0 0x000000086e7820c0 0 0 0 0 0 3 3 32212 136
0x00007aca1fd47140 0x000000086e782140 0 1 0 0 0 3 3 32212 128
0x00007aca1fd471c0 0x000000086e7821c0 0 1 0 0 0 3 3 32212 136
0x00007aca1fd47240 0x000000086e782240 0 0 1 0 0 3 3 32212 128
0x00007aca1fd472c0 0x000000086e7822c0 0 0 1 0 0 3 3 32212 136
0x00007aca1fd47340 0x000000086e782340 0 1 1 0 0 3 3 32212 128
0x00007aca1fd473c0 0x000000086e7823c0 0 1 1 0 0 3 3 32212 136
0x00007aca1fd47440 0x000000086e782440 0 0 0 0 0 3 3 32212 144
0x00007aca1fd474c0 0x000000086e7824c0 0 0 0 0 0 3 3 32212 152
0x00007aca1fd47540 0x000000086e782540 0 1 0 0 0 3 3 32212 144
0x00007aca1fd475c0 0x000000086e7825c0 0 1 0 0 0 3 3 32212 152
0x00007aca1fd47640 0x000000086e782640 0 0 1 0 0 3 3 32212 144
0x00007aca1fd476c0 0x000000086e7826c0 0 0 1 0 0 3 3 32212 152
0x00007aca1fd47740 0x000000086e782740 0 1 1 0 0 3 3 32212 144
0x00007aca1fd477c0 0x000000086e7827c0 0 1 1 0 0 3 3 32212 152
0x00007aca1fd47840 0x000000086e782840 0 0 0 0 0 3 3 32212 160
0x00007aca1fd478c0 0x000000086e7828c0 0 0 0 0 0 3 3 32212 168
0x00007aca1fd47940 0x000000086e782940 0 1 0 0 0 3 3 32212 160
0x00007aca1fd479c0 0x000000086e7829c0 0 1 0 0 0 3 3 32212 168
0x00007aca1fd47a40 0x000000086e782a40 0 0 1 0 0 3 3 32212 160
0x00007aca1fd47ac0 0x000000086e782ac0 0 0 1 0 0 3 3 32212 168
0x00007aca1fd47b40 0x000000086e782b40 0 1 1 0 0 3 3 32212 160
0x00007aca1fd47bc0 0x000000086e782bc0 0 1 1 0 0 3 3 32212 168
0x00007aca1fd47c40 0x000000086e782c40 0 0 0 0 0 3 3 32212 176
0x00007aca1fd47cc0 0x000000086e782cc0 0 0 0 0 0 3 3 32212 184
0x00007aca1fd47d40 0x000000086e782d40 0 1 0 0 0 3 3 32212 176
0x00007aca1fd47dc0 0x000000086e782dc0 0 1 0 0 0 3 3 32212 184
0x00007aca1fd47e40 0x000000086e782e40 0 0 1 0 0 3 3 32212 176
0x00007aca1fd47ec0 0x000000086e782ec0 0 0 1 0 0 3 3 32212 184
0x00007aca1fd47f40 0x000000086e782f40 0 1 1 0 0 3 3 32212 176
0x00007aca1fd47fc0 0x000000086e782fc0 0 1 1 0 0 3 3 32212 184
0x00007aca1fd48040 0x0000000da47c1040 0 0 0 0 0 3 3 54406 64
0x00007aca1fd480c0 0x0000000da47c10c0 0 0 0 0 0 3 3 54406 72
0x00007aca1fd48140 0x0000000da47c1140 0 1 0 0 0 3 3 54406 64
0x00007aca1fd481c0 0x0000000da47c11c0 0 1 0 0 0 3 3 54406 72
0x00007aca1fd48240 0x0000000da47c1240 0 0 1 0 0 3 3 54406 64
0x00007aca1fd482c0 0x0000000da47c12c0 0 0 1 0 0 3 3 54406 72
0x00007aca1fd48340 0x0000000da47c1340 0 1 1 0 0 3 3 54406 64
0x00007aca1fd483c0 0x0000000da47c13c0 0 1 1 0 0 3 3 54406 72
0x00007aca1fd48440 0x0000000da47c1440 0 0 0 0 0 3 3 54406 80
0x00007aca1fd484c0 0x0000000da47c14c0 0 0 0 0 0 3 3 54406 88
0x00007aca1fd48540 0x0000000da47c1540 0 1 0 0 0 3 3 54406 80
0x00007aca1fd485c0 0x0000000da47c15c0 0 1 0 0 0 3 3 54406 88
0x00007aca1fd48640 0x0000000da47c1640 0 0 1 0 0 3 3 54406 80
0x00007aca1fd486c0 0x0000000da47c16c0 0 0 1 0 0 3 3 54406 88
0x00007aca1fd48740 0x0000000da47c1740 0 1 1 0 0 3 3 54406 80
0x00007aca1fd487c0 0x0000000da47c17c0 0 1 1 0 0 3 3 54406 88
0x00007aca1fd48840 0x0000000da47c1840 0 0 0 0 0 3 3 54406 96
0x00007aca1fd488c0 0x0000000da47c18c0 0 0 0 0 0 3 3 54406 104
0x00007aca1fd48940 0x0000000da47c1940 0 1 0 0 0 3 3 54406 96
0x00007aca1fd489c0 0x0000000da47c19c0 0 1 0 0 0 3 3 54406 104
0x00007aca1fd48a40 0x0000000da47c1a40 0 0 1 0 0 3 3 54406 96
0x00007aca1fd48ac0 0x0000000da47c1ac0 0 0 1 0 0 3 3 54406 104
0x00007aca1fd48b40 0x0000000da47c1b40 0 1 1 0 0 3 3 54406 96
0x00007aca1fd48bc0 0x0000000da47c1bc0 0 1 1 0 0 3 3 54406 104
0x00007aca1fd48c40 0x0000000da47c1c40 0 0 0 0 0 3 3 54406 112
0x00007aca1fd48cc0 0x0000000da47c1cc0 0 0 0 0 0 3 3 54406 120
0x00007aca1fd48d40 0x0000000da47c1d40 0 1 0 0 0 3 3 54406 112
0x00007aca1fd48dc0 0x0000000da47c1dc0 0 1 0 0 0 3 3 54406 120
0x00007aca1fd48e40 0x0000000da47c1e40 0 0 1 0 0 3 3 54406 112
0x00007aca1fd48ec0 0x0000000da47c1ec0 0 0 1 0 0 3 3 54406 120
0x00007aca1fd48f40 0x0000000da47c1f40 0 1 1 0 0 3 3 54406 112
0x00007aca1fd48fc0 0x0000000da47c1fc0 0 1 1 0 0 3 3 54406 120
0x00007aca1fd4e040 0x0000000ec7fdf040 0 0 0 0 1 3 3 59630 960
0x00007aca1fd4e0c0 0x0000000ec7fdf0c0 0 0 0 0 1 3 3 59630 968
0x00007aca1fd4e140 0x0000000ec7fdf140 0 1 0 0 1 3 3 59630 960
0x00007aca1fd4e1c0 0x0000000ec7fdf1c0 0 1 0 0 1 3 3 59630 968
0x00007aca1fd4e240 0x0000000ec7fdf240 0 0 1 0 1 3 3 59630 960
0x00007aca1fd4e2c0 0x0000000ec7fdf2c0 0 0 1 0 1 3 3 59630 968
0x00007aca1fd4e340 0x0000000ec7fdf340 0 1 1 0 1 3 3 59630 960
0x00007aca1fd4e3c0 0x0000000ec7fdf3c0 0 1 1 0 1 3 3 59630 968
0x00007aca1fd4e440 0x0000000ec7fdf440 0 0 0 0 1 3 3 59630 976
0x00007aca1fd4e4c0 0x0000000ec7fdf4c0 0 0 0 0 1 3 3 59630 984
0x00007aca1fd4e540 0x0000000ec7fdf540 0 1 0 0 1 3 3 59630 976
0x00007aca1fd4e5c0 0x0000000ec7fdf5c0 0 1 0 0 1 3 3 59630 984
0x00007aca1fd4e640 0x0000000ec7fdf640 0 0 1 0 1 3 3 59630 976
0x00007aca1fd4e6c0 0x0000000ec7fdf6c0 0 0 1 0 1 3 3 59630 984
0x00007aca1fd4e740 0x0000000ec7fdf740 0 1 1 0 1 3 3 59630 976
0x00007aca1fd4e7c0 0x0000000ec7fdf7c0 0 1 1 0 1 3 3 59630 984
0x00007aca1fd4e840 0x0000000ec7fdf840 0 0 0 0 1 3 3 59630 992
0x00007aca1fd4e8c0 0x0000000ec7fdf8c0 0 0 0 0 1 3 3 59630 1000
0x00007aca1fd4e940 0x0000000ec7fdf940 0 1 0 0 1 3 3 59630 992
0x00007aca1fd4e9c0 0x0000000ec7fdf9c0 0 1 0 0 1 3 3 59630 1000
0x00007aca1fd4ea40 0x0000000ec7fdfa40 0 0 1 0 1 3 3 59630 992
0x00007aca1fd4eac0 0x0000000ec7fdfac0 0 0 1 0 1 3 3 59630 1000
0x00007aca1fd4eb40 0x0000000ec7fdfb40 0 1 1 0 1 3 3 59630 992
0x00007aca1fd4ebc0 0x0000000ec7fdfbc0 0 1 1 0 1 3 3 59630 1000
0x00007aca1fd4ec40 0x0000000ec7fdfc40 0 0 0 0 1 3 3 59630 1008
0x00007aca1fd4ecc0 0x0000000ec7fdfcc0 0 0 0 0 1 3 3 59630 1016
0x00007aca1fd4ed40 0x0000000ec7fdfd40 0 1 0 0 1 3 3 59630 1008
0x00007aca1fd4edc0 0x0000000ec7fdfdc0 0 1 0 0 1 3 3 59630 1016
0x00007aca1fd4ee40 0x0000000ec7fdfe40 0 0 1 0 1 3 3 59630 1008
0x00007aca1fd4eec0 0x0000000ec7fdfec0 0 0 1 0 1 3 3 59630 1016
0x00007aca1fd4ef40 0x0000000ec7fdff40 0 1 1 0 1 3 3 59630 1008
0x00007aca1fd4efc0 0x0000000ec7fdffc0 0 1 1 0 1 3 3 59630 1016
0x00007aca1fd4f040 0x0000000eb678e040 0 0 0 0 1 3 3 59076 384
0x00007aca1fd4f0c0 0x0000000eb678e0c0 0 0 0 0 1 3 3 59076 392
0x00007aca1fd4f140 0x0000000eb678e140 0 1 0 0 1 3 3 59076 384
0x00007aca1fd4f1c0 0x0000000eb678e1c0 0 1 0 0 1 3 3 59076 392
0x00007aca1fd4f240 0x0000000eb678e240 0 0 1 0 1 3 3 59076 384
0x00007aca1fd4f2c0 0x0000000eb678e2c0 0 0 1 0 1 3 3 59076 392
0x00007aca1fd4f340 0x0000000eb678e340 0 1 1 0 1 3 3 59076 384
0x00007aca1fd4f3c0 0x0000000eb678e3c0 0 1 1 0 1 3 3 59076 392
0x00007aca1fd4f440 0x0000000eb678e440 0 0 0 0 1 3 3 59076 400
0x00007aca1fd4f4c0 0x0000000eb678e4c0 0 0 0 0 1 3 3 59076 408
0x00007aca1fd4f540 0x0000000eb678e540 0 1 0 0 1 3 3 59076 400
0x00007aca1fd4f5c0 0x0000000eb678e5c0 0 1 0 0 1 3 3 59076 408
0x00007aca1fd4f640 0x0000000eb678e640 0 0 1 0 1 3 3 59076 400
0x00007aca1fd4f6c0 0x0000000eb678e6c0 0 0 1 0 1 3 3 59076 408
0x00007aca1fd4f740 0x0000000eb678e740 0 1 1 0 1 3 3 59076 400
0x00007aca1fd4f7c0 0x0000000eb678e7c0 0 1 1 0 1 3 3 59076 408
0x00007aca1fd4f840 0x0000000eb678e840 0 0 0 0 1 3 3 59076 416
0x00007aca1fd4f8c0 0x0000000eb678e8c0 0 0 0 0 1 3 3 59076 424
0x00007aca1fd4f940 0x0000000eb678e940 0 1 0 0 1 3 3 59076 416
0x00007aca1fd4f9c0 0x0000000eb678e9c0 0 1 0 0 1 3 3 59076 424
0x00007aca1fd4fa40 0x0000000eb678ea40 0 0 1 0 1 3 3 59076 416
0x00007aca1fd4fac0 0x0000000eb678eac0 0 0 1 0 1 3 3 59076 424
0x00007aca1fd4fb40 0x0000000eb678eb40 0 1 1 0 1 3 3 59076 416
0x00007aca1fd4fbc0 0x0000000eb678ebc0 0 1 1 0 1 3 3 59076 424
0x00007aca1fd4fc40 0x0000000eb678ec40 0 0 0 0 1 3 3 59076 432
0x00007aca1fd4fcc0 0x0000000eb678ecc0 0 0 0 0 1 3 3 59076 440
0x00007aca1fd4fd40 0x0000000eb678ed40 0 1 0 0 1 3 3 59076 432
0x00007aca1fd4fdc0 0x0000000eb678edc0 0 1 0 0 1 3 3 59076 440
0x00007aca1fd4fe40 0x0000000eb678ee40 0 0 1 0 1 3 3 59076 432
0x00007aca1fd4fec0 0x0000000eb678eec0 0 0 1 0 1 3 3 59076 440
0x00007aca1fd4ff40 0x0000000eb678ef40 0 1 1 0 1 3 3 59076 432
0x00007aca1fd4ffc0 0x0000000eb678efc0 0 1 1 0 1 3 3 59076 440
0x00007aca1fd65040 0x0000000efaf8f040 0 0 0 0 1 3 3 61260 448
0x00007aca1fd650c0 0x0000000efaf8f0c0 0 0 0 0 1 3 3 61260 456
0x00007aca1fd65140 0x0000000efaf8f140 0 1 0 0 1 3 3 61260 448
0x00007aca1fd651c0 0x0000000efaf8f1c0 0 1 0 0 1 3 3 61260 456
0x00007aca1fd65240 0x0000000efaf8f240 0 0 1 0 1 3 3 61260 448
0x00007aca1fd652c0 0x0000000efaf8f2c0 0 0 1 0 1 3 3 61260 456
0x00007aca1fd65340 0x0000000efaf8f340 0 1 1 0 1 3 3 61260 448
0x00007aca1fd653c0 0x0000000efaf8f3c0 0 1 1 0 1 3 3 61260 456
0x00007aca1fd65440 0x0000000efaf8f440 0 0 0 0 1 3 3 61260 464
0x00007aca1fd654c0 0x0000000efaf8f4c0 0 0 0 0 1 3 3 61260 472
0x00007aca1fd65540 0x0000000efaf8f540 0 1 0 0 1 3 3 61260 464
0x00007aca1fd655c0 0x0000000efaf8f5c0 0 1 0 0 1 3 3 61260 472
0x00007aca1fd65640 0x0000000efaf8f640 0 0 1 0 1 3 3 61260 464
0x00007aca1fd656c0 0x0000000efaf8f6c0 0 0 1 0 1 3 3 61260 472
0x00007aca1fd65740 0x0000000efaf8f740 0 1 1 0 1 3 3 61260 464
0x00007aca1fd657c0 0x0000000efaf8f7c0 0 1 1 0 1 3 3 61260 472
0x00007aca1fd65840 0x0000000efaf8f840 0 0 0 0 1 3 3 61260 480
0x00007aca1fd658c0 0x0000000efaf8f8c0 0 0 0 0 1 3 3 61260 488
0x00007aca1fd65940 0x0000000efaf8f940 0 1 0 0 1 3 3 61260 480
0x00007aca1fd659c0 0x0000000efaf8f9c0 0 1 0 0 1 3 3 61260 488
0x00007aca1fd65a40 0x0000000efaf8fa40 0 0 1 0 1 3 3 61260 480
0x00007aca1fd65ac0 0x0000000efaf8fac0 0 0 1 0 1 3 3 61260 488
0x00007aca1fd65b40 0x0000000efaf8fb40 0 1 1 0 1 3 3 61260 480
0x00007aca1fd65bc0 0x0000000efaf8fbc0 0 1 1 0 1 3 3 61260 488
0x00007aca1fd65c40 0x0000000efaf8fc40 0 0 0 0 1 3 3 61260 496
0x00007aca1fd65cc0 0x0000000efaf8fcc0 0 0 0 0 1 3 3 61260 504
0x00007aca1fd65d40 0x0000000efaf8fd40 0 1 0 0 1 3 3 61260 496
0x00007aca1fd65dc0 0x0000000efaf8fdc0 0 1 0 0 1 3 3 61260 504
0x00007aca1fd65e40 0x0000000efaf8fe40 0 0 1 0 1 3 3 61260 496
0x00007aca1fd65ec0 0x0000000efaf8fec0 0 0 1 0 1 3 3 61260 504
0x00007aca1fd65f40 0x0000000efaf8ff40 0 1 1 0 1 3 3 61260 496
0x00007aca1fd65fc0 0x0000000efaf8ffc0 0 1 1 0 1 3 3 61260 504
0x00007aca1fd68040 0x00000007ed7c2040 0 0 0 0 0 3 3 32166 128
0x00007aca1fd680c0 0x00000007ed7c20c0 0 0 0 0 0 3 3 32166 136
0x00007aca1fd68140 0x00000007ed7c2140 0 1 0 0 0 3 3 32166 128
0x00007aca1fd681c0 0x00000007ed7c21c0 0 1 0 0 0 3 3 32166 136
0x00007aca1fd68240 0x00000007ed7c2240 0 0 1 0 0 3 3 32166 128
0x00007aca1fd682c0 0x00000007ed7c22c0 0 0 1 0 0 3 3 32166 136
0x00007aca1fd68340 0x00000007ed7c2340 0 1 1 0 0 3 3 32166 128
0x00007aca1fd683c0 0x00000007ed7c23c0 0 1 1 0 0 3 3 32166 136
0x00007aca1fd68440 0x00000007ed7c2440 0 0 0 0 0 3 3 32166 144
0x00007aca1fd684c0 0x00000007ed7c24c0 0 0 0 0 0 3 3 32166 152
0x00007aca1fd68540 0x00000007ed7c2540 0 1 0 0 0 3 3 32166 144
0x00007aca1fd685c0 0x00000007ed7c25c0 0 1 0 0 0 3 3 32166 152
0x00007aca1fd68640 0x00000007ed7c2640 0 0 1 0 0 3 3 32166 144
0x00007aca1fd686c0 0x00000007ed7c26c0 0 0 1 0 0 3 3 32166 152
0x00007aca1fd68740 0x00000007ed7c2740 0 1 1 0 0 3 3 32166 144
0x00007aca1fd687c0 0x00000007ed7c27c0 0 1 1 0 0 3 3 32166 152
0x00007aca1fd68840 0x00000007ed7c2840 0 0 0 0 0 3 3 32166 160
0x00007aca1fd688c0 0x00000007ed7c28c0 0 0 0 0 0 3 3 32166 168
0x00007aca1fd68940 0x00000007ed7c2940 0 1 0 0 0 3 3 32166 160
0x00007aca1fd689c0 0x00000007ed7c29c0 0 1 0 0 0 3 3 32166 168
0x00007aca1fd68a40 0x00000007ed7c2a40 0 0 1 0 0 3 3 32166 160
0x00007aca1fd68ac0 0x00000007ed7c2ac0 0 0 1 0 0 3 3 32166 168
0x00007aca1fd68b40 0x00000007ed7c2b40 0 1 1 0 0 3 3 32166 160
0x00007aca1fd68bc0 0x00000007ed7c2bc0 0 1 1 0 0 3 3 32166 168
0x00007aca1fd68c40 0x00000007ed7c2c40 0 0 0 0 0 3 3 32166 176
0x00007aca1fd68cc0 0x00000007ed7c2cc0 0 0 0 0 0 3 3 32166 184
0x00007aca1fd68d40 0x00000007ed7c2d40 0 1 0 0 0 3 3 32166 176
0x00007aca1fd68dc0 0x00000007ed7c2dc0 0 1 0 0 0 3 3 32166 184
0x00007aca1fd68e40 0x00000007ed7c2e40 0 0 1 0 0 3 3 32166 176
0x00007aca1fd68ec0 0x00000007ed7c2ec0 0 0 1 0 0 3 3 32166 184
0x00007aca1fd68f40 0x00000007ed7c2f40 0 1 1 0 0 3 3 32166 176
0x00007aca1fd68fc0 0x00000007ed7c2fc0 0 1 1 0 0 3 3 32166 184
0x00007aca1fd6a040 0x0000000154f96040 0 0 0 0 0 3 3 2716 896
0x00007aca1fd6a0c0 0x0000000154f960c0 0 0 0 0 0 3 3 2716 904
0x00007aca1fd6a140 0x0000000154f96140 0 1 0 0 0 3 3 2716 896
0x00007aca1fd6a1c0 0x0000000154f961c0 0 1 0 0 0 3 3 2716 904
0x00007aca1fd6a240 0x0000000154f96240 0 0 1 0 0 3 3 2716 896
0x00007aca1fd6a2c0 0x0000000154f962c0 0 0 1 0 0 3 3 2716 904
0x00007aca1fd6a340 0x0000000154f96340 0 1 1 0 0 3 3 2716 896
0x00007aca1fd6a3c0 0x0000000154f963c0 0 1 1 0 0 3 3 2716 904
0x00007aca1fd6a440 0x0000000154f96440 0 0 0 0 0 3 3 2716 912
0x00007aca1fd6a4c0 0x0000000154f964c0 0 0 0 0 0 3 3 2716 920
0x00007aca1fd6a540 0x0000000154f96540 0 1 0 0 0 3 3 2716 912
0x00007aca1fd6a5c0 0x0000000154f965c0 0 1 0 0 0 3 3 2716 920
0x00007aca1fd6a640 0x0000000154f96640 0 0 1 0 0 3 3 2716 912
0x00007aca1fd6a6c0 0x0000000154f966c0 0 0 1 0 0 3 3 2716 920
0x00007aca1fd6a740 0x0000000154f96740 0 1 1 0 0 3 3 2716 912
0x00007aca1fd6a7c0 0x0000000154f967c0 0 1 1 0 0 3 3 2716 920
0x00007aca1fd6a840 0x0000000154f96840 0 0 0 0 0 3 3 2716 928
0x00007aca1fd6a8c0 0x0000000154f968c0 0 0 0 0 0 3 3 2716 936
0x00007aca1fd6a940 0x0000000154f96940 0 1 0 0 0 3 3 2716 928
0x00007aca1fd6a9c0 0x0000000154f969c0 0 1 0 0 0 3 3 2716 936
0x00007aca1fd6aa40 0x0000000154f96a40 0 0 1 0 0 3 3 2716 928
0x00007aca1fd6aac0 0x0000000154f96ac0 0 0 1 0 0 3 3 2716 936
0x00007aca1fd6ab40 0x0000000154f96b40 0 1 1 0 0 3 3 2716 928
0x00007aca1fd6abc0 0x0000000154f96bc0 0 1 1 0 0 3 3 2716 936
0x00007aca1fd6ac40 0x0000000154f96c40 0 0 0 0 0 3 3 2716 944
0x00007aca1fd6acc0 0x0000000154f96cc0 0 0 0 0 0 3 3 2716 952
0x00007aca1fd6ad40 0x0000000154f96d40 0 1 0 0 0 3 3 2716 944
0x00007aca1fd6adc0 0x0000000154f96dc0 0 1 0 0 0 3 3 2716 952
0x00007aca1fd6ae40 0x0000000154f96e40 0 0 1 0 0 3 3 2716 944
0x00007aca1fd6aec0 0x0000000154f96ec0 0 0 1 0 0 3 3 2716 952
0x00007aca1fd6af40 0x0000000154f96f40 0 1 1 0 0 3 3 2716 944
0x00007aca1fd6afc0 0x0000000154f96fc0 0 1 1 0 0 3 3 2716 952
0x00007aca1fd71040 0x000000081af27040 0 0 0 0 0 3 3 29529 448
0x00007aca1fd710c0 0x000000081af270c0 0 0 0 0 0 3 3 29529 456
0x00007aca1fd71140 0x000000081af27140 0 1 0 0 0 3 3 29529 448
0x00007aca1fd711c0 0x000000081af271c0 0 1 0 0 0 3 3 29529 456
0x00007aca1fd71240 0x000000081af27240 0 0 1 0 0 3 3 29529 448
0x00007aca1fd712c0 0x000000081af272c0 0 0 1 0 0 3 3 29529 456
0x00007aca1fd71340 0x000000081af27340 0 1 1 0 0 3 3 29529 448
0x00007aca1fd713c0 0x000000081af273c0 0 1 1 0 0 3 3 29529 456
0x00007aca1fd71440 0x000000081af27440 0 0 0 0 0 3 3 29529 464
0x00007aca1fd714c0 0x000000081af274c0 0 0 0 0 0 3 3 29529 472
0x00007aca1fd71540 0x000000081af27540 0 1 0 0 0 3 3 29529 464
0x00007aca1fd715c0 0x000000081af275c0 0 1 0 0 0 3 3 29529 472
0x00007aca1fd71640 0x000000081af27640 0 0 1 0 0 3 3 29529 464
0x00007aca1fd716c0 0x000000081af276c0 0 0 1 0 0 3 3 29529 472
0x00007aca1fd71740 0x000000081af27740 0 1 1 0 0 3 3 29529 464
0x00007aca1fd717c0 0x000000081af277c0 0 1 1 0 0 3 3 29529 472
0x00007aca1fd71840 0x000000081af27840 0 0 0 0 0 3 3 29529 480
0x00007aca1fd718c0 0x000000081af278c0 0 0 0 0 0 3 3 29529 488
0x00007aca1fd71940 0x000000081af27940 0 1 0 0 0 3 3 29529 480
0x00007aca1fd719c0 0x000000081af279c0 0 1 0 0 0 3 3 29529 488
0x00007aca1fd71a40 0x000000081af27a40 0 0 1 0 0 3 3 29529 480
0x00007aca1fd71ac0 0x000000081af27ac0 0 0 1 0 0 3 3 29529 488
0x00007aca1fd71b40 0x000000081af27b40 0 1 1 0 0 3 3 29529 480
0x00007aca1fd71bc0 0x000000081af27bc0 0 1 1 0 0 3 3 29529 488
0x00007aca1fd71c40 0x000000081af27c40 0 0 0 0 0 3 3 29529 496
0x00007aca1fd71cc0 0x000000081af27cc0 0 0 0 0 0 3 3 29529 504
0x00007aca1fd71d40 0x000000081af27d40 0 1 0 0 0 3 3 29529 496
0x00007aca1fd71dc0 0x000000081af27dc0 0 1 0 0 0 3 3 29529 504
0x00007aca1fd71e40 0x000000081af27e40 0 0 1 0 0 3 3 29529 496
0x00007aca1fd71ec0 0x000000081af27ec0 0 0 1 0 0 3 3 29529 504
0x00007aca1fd71f40 0x000000081af27f40 0 1 1 0 0 3 3 29529 496
0x00007aca1fd71fc0 0x000000081af27fc0 0 1 1 0 0 3 3 29529 504
0x00007aca1fd80040 0x0000000254f20040 0 0 0 0 0 3 3 6809 0
0x00007aca1fd800c0 0x0000000254f200c0 0 0 0 0 0 3 3 6809 8
0x00007aca1fd80140 0x0000000254f20140 0 1 0 0 0 3 3 6809 0
0x00007aca1fd801c0 0x0000000254f201c0 0 1 0 0 0 3 3 6809 8
0x00007aca1fd80240 0x0000000254f20240 0 0 1 0 0 3 3 6809 0
0x00007aca1fd802c0 0x0000000254f202c0 0 0 1 0 0 3 3 6809 8
0x00007aca1fd80340 0x0000000254f20340 0 1 1 0 0 3 3 6809 0
0x00007aca1fd803c0 0x0000000254f203c0 0 1 1 0 0 3 3 6809 8
0x00007aca1fd80440 0x0000000254f20440 0 0 0 0 0 3 3 6809 16
0x00007aca1fd804c0 0x0000000254f204c0 0 0 0 0 0 3 3 6809 24
0x00007aca1fd80540 0x0000000254f20540 0 1 0 0 0 3 3 6809 16
0x00007aca1fd805c0 0x0000000254f205c0 0 1 0 0 0 3 3 6809 24
0x00007aca1fd80640 0x0000000254f20640 0 0 1 0 0 3 3 6809 16
0x00007aca1fd806c0 0x0000000254f206c0 0 0 1 0 0 3 3 6809 24
0x00007aca1fd80740 0x0000000254f20740 0 1 1 0 0 3 3 6809 16
0x00007aca1fd807c0 0x0000000254f207c0 0 1 1 0 0 3 3 6809 24
0x00007aca1fd80840 0x0000000254f20840 0 0 0 0 0 3 3 6809 32
0x00007aca1fd808c0 0x0000000254f208c0 0 0 0 0 0 3 3 6809 40
0x00007aca1fd80940 0x0000000254f20940 0 1 0 0 0 3 3 6809 32
0x00007aca1fd809c0 0x0000000254f209c0 0 1 0 0 0 3 3 6809 40
0x00007aca1fd80a40 0x0000000254f20a40 0 0 1 0 0 3 3 6809 32
0x00007aca1fd80ac0 0x0000000254f20ac0 0 0 1 0 0 3 3 6809 40
0x00007aca1fd80b40 0x0000000254f20b40 0 1 1 0 0 3 3 6809 32
0x00007aca1fd80bc0 0x0000000254f20bc0 0 1 1 0 0 3 3 6809 40
0x00007aca1fd80c40 0x0000000254f20c40 0 0 0 0 0 3 3 6809 48
0x00007aca1fd80cc0 0x0000000254f20cc0 0 0 0 0 0 3 3 6809 56
0x00007aca1fd80d40 0x0000000254f20d40 0 1 0 0 0 3 3 6809 48
0x00007aca1fd80dc0 0x0000000254f20dc0 0 1 0 0 0 3 3 6809 56
0x00007aca1fd80e40 0x0000000254f20e40 0 0 1 0 0 3 3 6809 48
0x00007aca1fd80ec0 0x0000000254f20ec0 0 0 1 0 0 3 3 6809 56
0x00007aca1fd80f40 0x0000000254f20f40 0 1 1 0 0 3 3 6809 48
0x00007aca1fd80fc0 0x0000000254f20fc0 0 1 1 0 0 3 3 6809 56
0x00007aca1fd81040 0x0000000efaf8d040 0 0 0 0 1 3 3 61260 320
0x00007aca1fd810c0 0x0000000efaf8d0c0 0 0 0 0 1 3 3 61260 328
0x00007aca1fd81140 0x0000000efaf8d140 0 1 0 0 1 3 3 61260 320
0x00007aca1fd811c0 0x0000000efaf8d1c0 0 1 0 0 1 3 3 61260 328
0x00007aca1fd81240 0x0000000efaf8d240 0 0 1 0 1 3 3 61260 320
0x00007aca1fd812c0 0x0000000efaf8d2c0 0 0 1 0 1 3 3 61260 328
0x00007aca1fd81340 0x0000000efaf8d340 0 1 1 0 1 3 3 61260 320
0x00007aca1fd813c0 0x0000000efaf8d3c0 0 1 1 0 1 3 3 61260 328
0x00007aca1fd81440 0x0000000efaf8d440 0 0 0 0 1 3 3 61260 336
0x00007aca1fd814c0 0x0000000efaf8d4c0 0 0 0 0 1 3 3 61260 344
0x00007aca1fd81540 0x0000000efaf8d540 0 1 0 0 1 3 3 61260 336
0x00007aca1fd815c0 0x0000000efaf8d5c0 0 1 0 0 1 3 3 61260 344
0x00007aca1fd81640 0x0000000efaf8d640 0 0 1 0 1 3 3 61260 336
0x00007aca1fd816c0 0x0000000efaf8d6c0 0 0 1 0 1 3 3 61260 344
0x00007aca1fd81740 0x0000000efaf8d740 0 1 1 0 1 3 3 61260 336
0x00007aca1fd817c0 0x0000000efaf8d7c0 0 1 1 0 1 3 3 61260 344
0x00007aca1fd81840 0x0000000efaf8d840 0 0 0 0 1 3 3 61260 352
0x00007aca1fd818c0 0x0000000efaf8d8c0 0 0 0 0 1 3 3 61260 360
0x00007aca1fd81940 0x0000000efaf8d940 0 1 0 0 1 3 3 61260 352
0x00007aca1fd819c0 0x0000000efaf8d9c0 0 1 0 0 1 3 3 61260 360
0x00007aca1fd81a40 0x0000000efaf8da40 0 0 1 0 1 3 3 61260 352
0x00007aca1fd81ac0 0x0000000efaf8dac0 0 0 1 0 1 3 3 61260 360
0x00007aca1fd81b40 0x0000000efaf8db40 0 1 1 0 1 3 3 61260 352
0x00007aca1fd81bc0 0x0000000efaf8dbc0 0 1 1 0 1 3 3 61260 360
0x00007aca1fd81c40 0x0000000efaf8dc40 0 0 0 0 1 3 3 61260 368
0x00007aca1fd81cc0 0x0000000efaf8dcc0 0 0 0 0 1 3 3 61260 376
0x00007aca1fd81d40 0x0000000efaf8dd40 0 1 0 0 1 3 3 61260 368
0x00007aca1fd81dc0 0x0000000efaf8ddc0 0 1 0 0 1 3 3 61260 376
0x00007aca1fd81e40 0x0000000efaf8de40 0 0 1 0 1 3 3 61260 368
0x00007aca1fd81ec0 0x0000000efaf8dec0 0 0 1 0 1 3 3 61260 376
0x00007aca1fd81f40 0x0000000efaf8df40 0 1 1 0 1 3 3 61260 368
0x00007aca1fd81fc0 0x0000000efaf8dfc0 0 1 1 0 1 3 3 61260 376
0x00007aca1fd8f040 0x0000000e9f7af040 0 0 0 0 1 3 3 58341 448
0x00007aca1fd8f0c0 0x0000000e9f7af0c0 0 0 0 0 1 3 3 58341 456
0x00007aca1fd8f140 0x0000000e9f7af140 0 1 0 0 1 3 3 58341 448
0x00007aca1fd8f1c0 0x0000000e9f7af1c0 0 1 0 0 1 3 3 58341 456
0x00007aca1fd8f240 0x0000000e9f7af240 0 0 1 0 1 3 3 58341 448
0x00007aca1fd8f2c0 0x0000000e9f7af2c0 0 0 1 0 1 3 3 58341 456
0x00007aca1fd8f340 0x0000000e9f7af340 0 1 1 0 1 3 3 58341 448
0x00007aca1fd8f3c0 0x0000000e9f7af3c0 0 1 1 0 1 3 3 58341 456
0x00007aca1fd8f440 0x0000000e9f7af440 0 0 0 0 1 3 3 58341 464
0x00007aca1fd8f4c0 0x0000000e9f7af4c0 0 0 0 0 1 3 3 58341 472
0x00007aca1fd8f540 0x0000000e9f7af540 0 1 0 0 1 3 3 58341 464
0x00007aca1fd8f5c0 0x0000000e9f7af5c0 0 1 0 0 1 3 3 58341 472
0x00007aca1fd8f640 0x0000000e9f7af640 0 0 1 0 1 3 3 58341 464
0x00007aca1fd8f6c0 0x0000000e9f7af6c0 0 0 1 0 1 3 3 58341 472
0x00007aca1fd8f740 0x0000000e9f7af740 0 1 1 0 1 3 3 58341 464
0x00007aca1fd8f7c0 0x0000000e9f7af7c0 0 1 1 0 1 3 3 58341 472
0x00007aca1fd8f840 0x0000000e9f7af840 0 0 0 0 1 3 3 58341 480
0x00007aca1fd8f8c0 0x0000000e9f7af8c0 0 0 0 0 1 3 3 58341 488
0x00007aca1fd8f940 0x0000000e9f7af940 0 1 0 0 1 3 3 58341 480
0x00007aca1fd8f9c0 0x0000000e9f7af9c0 0 1 0 0 1 3 3 58341 488
0x00007aca1fd8fa40 0x0000000e9f7afa40 0 0 1 0 1 3 3 58341 480
0x00007aca1fd8fac0 0x0000000e9f7afac0 0 0 1 0 1 3 3 58341 488
0x00007aca1fd8fb40 0x0000000e9f7afb40 0 1 1 0 1 3 3 58341 480
0x00007aca1fd8fbc0 0x0000000e9f7afbc0 0 1 1 0 1 3 3 58341 488
0x00007aca1fd8fc40 0x0000000e9f7afc40 0 0 0 0 1 3 3 58341 496
0x00007aca1fd8fcc0 0x0000000e9f7afcc0 0 0 0 0 1 3 3 58341 504
0x00007aca1fd8fd40 0x0000000e9f7afd40 0 1 0 0 1 3 3 58341 496
0x00007aca1fd8fdc0 0x0000000e9f7afdc0 0 1 0 0 1 3 3 58341 504
0x00007aca1fd8fe40 0x0000000e9f7afe40 0 0 1 0 1 3 3 58341 496
0x00007aca1fd8fec0 0x0000000e9f7afec0 0 0 1 0 1 3 3 58341 504
0x00007aca1fd8ff40 0x0000000e9f7aff40 0 1 1 0 1 3 3 58341 496
0x00007aca1fd8ffc0 0x0000000e9f7affc0 0 1 1 0 1 3 3 58341 504
0x00007aca1fd92040 0x0000000e7affa040 0 0 0 0 1 3 3 57183 640
0x00007aca1fd920c0 0x0000000e7affa0c0 0 0 0 0 1 3 3 57183 648
0x00007aca1fd92140 0x0000000e7affa140 0 1 0 0 1 3 3 57183 640
0x00007aca1fd921c0 0x0000000e7affa1c0 0 1 0 0 1 3 3 57183 648
0x00007aca1fd92240 0x0000000e7affa240 0 0 1 0 1 3 3 57183 640
0x00007aca1fd922c0 0x0000000e7affa2c0 0 0 1 0 1 3 3 57183 648
0x00007aca1fd92340 0x0000000e7affa340 0 1 1 0 1 3 3 57183 640
0x00007aca1fd923c0 0x0000000e7affa3c0 0 1 1 0 1 3 3 57183 648
0x00007aca1fd92440 0x0000000e7affa440 0 0 0 0 1 3 3 57183 656
0x00007aca1fd924c0 0x0000000e7affa4c0 0 0 0 0 1 3 3 57183 664
0x00007aca1fd92540 0x0000000e7affa540 0 1 0 0 1 3 3 57183 656
0x00007aca1fd925c0 0x0000000e7affa5c0 0 1 0 0 1 3 3 57183 664
0x00007aca1fd92640 0x0000000e7affa640 0 0 1 0 1 3 3 57183 656
0x00007aca1fd926c0 0x0000000e7affa6c0 0 0 1 0 1 3 3 57183 664
0x00007aca1fd92740 0x0000000e7affa740 0 1 1 0 1 3 3 57183 656
0x00007aca1fd927c0 0x0000000e7affa7c0 0 1 1 0 1 3 3 57183 664
0x00007aca1fd92840 0x0000000e7affa840 0 0 0 0 1 3 3 57183 672
0x00007aca1fd928c0 0x0000000e7affa8c0 0 0 0 0 1 3 3 57183 680
0x00007aca1fd92940 0x0000000e7affa940 0 1 0 0 1 3 3 57183 672
0x00007aca1fd929c0 0x0000000e7affa9c0 0 1 0 0 1 3 3 57183 680
0x00007aca1fd92a40 0x0000000e7affaa40 0 0 1 0 1 3 3 57183 672
0x00007aca1fd92ac0 0x0000000e7affaac0 0 0 1 0 1 3 3 57183 680
0x00007aca1fd92b40 0x0000000e7affab40 0 1 1 0 1 3 3 57183 672
0x00007aca1fd92bc0 0x0000000e7affabc0 0 1 1 0 1 3 3 57183 680
0x00007aca1fd92c40 0x0000000e7affac40 0 0 0 0 1 3 3 57183 688
0x00007aca1fd92cc0 0x0000000e7affacc0 0 0 0 0 1 3 3 57183 696
0x00007aca1fd92d40 0x0000000e7affad40 0 1 0 0 1 3 3 57183 688
0x00007aca1fd92dc0 0x0000000e7affadc0 0 1 0 0 1 3 3 57183 696
0x00007aca1fd92e40 0x0000000e7affae40 0 0 1 0 1 3 3 57183 688
0x00007aca1fd92ec0 0x0000000e7affaec0 0 0 1 0 1 3 3 57183 696
0x00007aca1fd92f40 0x0000000e7affaf40 0 1 1 0 1 3 3 57183 688
0x00007aca1fd92fc0 0x0000000e7affafc0 0 1 1 0 1 3 3 57183 696
0x00007aca1fd9d040 0x000000096379f040 0 0 0 0 1 3 3 35956 960
0x00007aca1fd9d0c0 0x000000096379f0c0 0 0 0 0 1 3 3 35956 968
0x00007aca1fd9d140 0x000000096379f140 0 1 0 0 1 3 3 35956 960
0x00007aca1fd9d1c0 0x000000096379f1c0 0 1 0 0 1 3 3 35956 968
0x00007aca1fd9d240 0x000000096379f240 0 0 1 0 1 3 3 35956 960
0x00007aca1fd9d2c0 0x000000096379f2c0 0 0 1 0 1 3 3 35956 968
0x00007aca1fd9d340 0x000000096379f340 0 1 1 0 1 3 3 35956 960
0x00007aca1fd9d3c0 0x000000096379f3c0 0 1 1 0 1 3 3 35956 968
0x00007aca1fd9d440 0x000000096379f440 0 0 0 0 1 3 3 35956 976
0x00007aca1fd9d4c0 0x000000096379f4c0 0 0 0 0 1 3 3 35956 984
0x00007aca1fd9d540 0x000000096379f540 0 1 0 0 1 3 3 35956 976
0x00007aca1fd9d5c0 0x000000096379f5c0 0 1 0 0 1 3 3 35956 984
0x00007aca1fd9d640 0x000000096379f640 0 0 1 0 1 3 3 35956 976
0x00007aca1fd9d6c0 0x000000096379f6c0 0 0 1 0 1 3 3 35956 984
0x00007aca1fd9d740 0x000000096379f740 0 1 1 0 1 3 3 35956 976
0x00007aca1fd9d7c0 0x000000096379f7c0 0 1 1 0 1 3 3 35956 984
0x00007aca1fd9d840 0x000000096379f840 0 0 0 0 1 3 3 35956 992
0x00007aca1fd9d8c0 0x000000096379f8c0 0 0 0 0 1 3 3 35956 1000
0x00007aca1fd9d940 0x000000096379f940 0 1 0 0 1 3 3 35956 992
0x00007aca1fd9d9c0 0x000000096379f9c0 0 1 0 0 1 3 3 35956 1000
0x00007aca1fd9da40 0x000000096379fa40 0 0 1 0 1 3 3 35956 992
0x00007aca1fd9dac0 0x000000096379fac0 0 0 1 0 1 3 3 35956 1000
0x00007aca1fd9db40 0x000000096379fb40 0 1 1 0 1 3 3 35956 992
0x00007aca1fd9dbc0 0x000000096379fbc0 0 1 1 0 1 3 3 35956 1000
0x00007aca1fd9dc40 0x000000096379fc40 0 0 0 0 1 3 3 35956 1008
0x00007aca1fd9dcc0 0x000000096379fcc0 0 0 0 0 1 3 3 35956 1016
0x00007aca1fd9dd40 0x000000096379fd40 0 1 0 0 1 3 3 35956 1008
0x00007aca1fd9ddc0 0x000000096379fdc0 0 1 0 0 1 3 3 35956 1016
0x00007aca1fd9de40 0x000000096379fe40 0 0 1 0 1 3 3 35956 1008
0x00007aca1fd9dec0 0x000000096379fec0 0 0 1 0 1 3 3 35956 1016
0x00007aca1fd9df40 0x000000096379ff40 0 1 1 0 1 3 3 35956 1008
0x00007aca1fd9dfc0 0x000000096379ffc0 0 1 1 0 1 3 3 35956 1016
0x00007aca1fda7040 0x0000000e7aff6040 0 0 0 0 0 3 3 57183 896
0x00007aca1fda70c0 0x0000000e7aff60c0 0 0 0 0 0 3 3 57183 904
0x00007aca1fda7140 0x0000000e7aff6140 0 1 0 0 0 3 3 57183 896
0x00007aca1fda71c0 0x0000000e7aff61c0 0 1 0 0 0 3 3 57183 904
0x00007aca1fda7240 0x0000000e7aff6240 0 0 1 0 0 3 3 57183 896
0x00007aca1fda72c0 0x0000000e7aff62c0 0 0 1 0 0 3 3 57183 904
0x00007aca1fda7340 0x0000000e7aff6340 0 1 1 0 0 3 3 57183 896
0x00007aca1fda73c0 0x0000000e7aff63c0 0 1 1 0 0 3 3 57183 904
0x00007aca1fda7440 0x0000000e7aff6440 0 0 0 0 0 3 3 57183 912
0x00007aca1fda74c0 0x0000000e7aff64c0 0 0 0 0 0 3 3 57183 920
0x00007aca1fda7540 0x0000000e7aff6540 0 1 0 0 0 3 3 57183 912
0x00007aca1fda75c0 0x0000000e7aff65c0 0 1 0 0 0 3 3 57183 920
0x00007aca1fda7640 0x0000000e7aff6640 0 0 1 0 0 3 3 57183 912
0x00007aca1fda76c0 0x0000000e7aff66c0 0 0 1 0 0 3 3 57183 920
0x00007aca1fda7740 0x0000000e7aff6740 0 1 1 0 0 3 3 57183 912
0x00007aca1fda77c0 0x0000000e7aff67c0 0 1 1 0 0 3 3 57183 920
0x00007aca1fda7840 0x0000000e7aff6840 0 0 0 0 0 3 3 57183 928
0x00007aca1fda78c0 0x0000000e7aff68c0 0 0 0 0 0 3 3 57183 936
0x00007aca1fda7940 0x0000000e7aff6940 0 1 0 0 0 3 3 57183 928
0x00007aca1fda79c0 0x0000000e7aff69c0 0 1 0 0 0 3 3 57183 936
0x00007aca1fda7a40 0x0000000e7aff6a40 0 0 1 0 0 3 3 57183 928
0x00007aca1fda7ac0 0x0000000e7aff6ac0 0 0 1 0 0 3 3 57183 936
0x00007aca1fda7b40 0x0000000e7aff6b40 0 1 1 0 0 3 3 57183 928
0x00007aca1fda7bc0 0x0000000e7aff6bc0 0 1 1 0 0 3 3 57183 936
0x00007aca1fda7c40 0x0000000e7aff6c40 0 0 0 0 0 3 3 57183 944
0x00007aca1fda7cc0 0x0000000e7aff6cc0 0 0 0 0 0 3 3 57183 952
0x00007aca1fda7d40 0x0000000e7aff6d40 0 1 0 0 0 3 3 57183 944
0x00007aca1fda7dc0 0x0000000e7aff6dc0 0 1 0 0 0 3 3 57183 952
0x00007aca1fda7e40 0x0000000e7aff6e40 0 0 1 0 0 3 3 57183 944
0x00007aca1fda7ec0 0x0000000e7aff6ec0 0 0 1 0 0 3 3 57183 952
0x00007aca1fda7f40 0x0000000e7aff6f40 0 1 1 0 0 3 3 57183 944
0x00007aca1fda7fc0 0x0000000e7aff6fc0 0 1 1 0 0 3 3 57183 952
0x00007aca1fdb9040 0x0000000a90f54040 0 0 0 0 0 3 3 41482 768
0x00007aca1fdb90c0 0x0000000a90f540c0 0 0 0 0 0 3 3 41482 776
0x00007aca1fdb9140 0x0000000a90f54140 0 1 0 0 0 3 3 41482 768
0x00007aca1fdb91c0 0x0000000a90f541c0 0 1 0 0 0 3 3 41482 776
0x00007aca1fdb9240 0x0000000a90f54240 0 0 1 0 0 3 3 41482 768
0x00007aca1fdb92c0 0x0000000a90f542c0 0 0 1 0 0 3 3 41482 776
0x00007aca1fdb9340 0x0000000a90f54340 0 1 1 0 0 3 3 41482 768
0x00007aca1fdb93c0 0x0000000a90f543c0 0 1 1 0 0 3 3 41482 776
0x00007aca1fdb9440 0x0000000a90f54440 0 0 0 0 0 3 3 41482 784
0x00007aca1fdb94c0 0x0000000a90f544c0 0 0 0 0 0 3 3 41482 792
0x00007aca1fdb9540 0x0000000a90f54540 0 1 0 0 0 3 3 41482 784
0x00007aca1fdb95c0 0x0000000a90f545c0 0 1 0 0 0 3 3 41482 792
0x00007aca1fdb9640 0x0000000a90f54640 0 0 1 0 0 3 3 41482 784
0x00007aca1fdb96c0 0x0000000a90f546c0 0 0 1 0 0 3 3 41482 792
0x00007aca1fdb9740 0x0000000a90f54740 0 1 1 0 0 3 3 41482 784
0x00007aca1fdb97c0 0x0000000a90f547c0 0 1 1 0 0 3 3 41482 792
0x00007aca1fdb9840 0x0000000a90f54840 0 0 0 0 0 3 3 41482 800
0x00007aca1fdb98c0 0x0000000a90f548c0 0 0 0 0 0 3 3 41482 808
0x00007aca1fdb9940 0x0000000a90f54940 0 1 0 0 0 3 3 41482 800
0x00007aca1fdb99c0 0x0000000a90f549c0 0 1 0 0 0 3 3 41482 808
0x00007aca1fdb9a40 0x0000000a90f54a40 0 0 1 0 0 3 3 41482 800
0x00007aca1fdb9ac0 0x0000000a90f54ac0 0 0 1 0 0 3 3 41482 808
0x00007aca1fdb9b40 0x0000000a90f54b40 0 1 1 0 0 3 3 41482 800
0x00007aca1fdb9bc0 0x0000000a90f54bc0 0 1 1 0 0 3 3 41482 808
0x00007aca1fdb9c40 0x0000000a90f54c40 0 0 0 0 0 3 3 41482 816
0x00007aca1fdb9cc0 0x0000000a90f54cc0 0 0 0 0 0 3 3 41482 824
0x00007aca1fdb9d40 0x0000000a90f54d40 0 1 0 0 0 3 3 41482 816
0x00007aca1fdb9dc0 0x0000000a90f54dc0 0 1 0 0 0 3 3 41482 824
0x00007aca1fdb9e40 0x0000000a90f54e40 0 0 1 0 0 3 3 41482 816
0x00007aca1fdb9ec0 0x0000000a90f54ec0 0 0 1 0 0 3 3 41482 824
0x00007aca1fdb9f40 0x0000000a90f54f40 0 1 1 0 0 3 3 41482 816
0x00007aca1fdb9fc0 0x0000000a90f54fc0 0 1 1 0 0 3 3 41482 824
0x00007aca1fdc2040 0x0000000b26fc8040 0 0 0 0 1 3 3 42206 0
0x00007aca1fdc20c0 0x0000000b26fc80c0 0 0 0 0 1 3 3 42206 8
0x00007aca1fdc2140 0x0000000b26fc8140 0 1 0 0 1 3 3 42206 0
0x00007aca1fdc21c0 0x0000000b26fc81c0 0 1 0 0 1 3 3 42206 8
0x00007aca1fdc2240 0x0000000b26fc8240 0 0 1 0 1 3 3 42206 0
0x00007aca1fdc22c0 0x0000000b26fc82c0 0 0 1 0 1 3 3 42206 8
0x00007aca1fdc2340 0x0000000b26fc8340 0 1 1 0 1 3 3 42206 0
0x00007aca1fdc23c0 0x0000000b26fc83c0 0 1 1 0 1 3 3 42206 8
0x00007aca1fdc2440 0x0000000b26fc8440 0 0 0 0 1 3 3 42206 16
0x00007aca1fdc24c0 0x0000000b26fc84c0 0 0 0 0 1 3 3 42206 24
0x00007aca1fdc2540 0x0000000b26fc8540 0 1 0 0 1 3 3 42206 16
0x00007aca1fdc25c0 0x0000000b26fc85c0 0 1 0 0 1 3 3 42206 24
0x00007aca1fdc2640 0x0000000b26fc8640 0 0 1 0 1 3 3 42206 16
0x00007aca1fdc26c0 0x0000000b26fc86c0 0 0 1 0 1 3 3 42206 24
0x00007aca1fdc2740 0x0000000b26fc8740 0 1 1 0 1 3 3 42206 16
0x00007aca1fdc27c0 0x0000000b26fc87c0 0 1 1 0 1 3 3 42206 24
0x00007aca1fdc2840 0x0000000b26fc8840 0 0 0 0 1 3 3 42206 32
0x00007aca1fdc28c0 0x0000000b26fc88c0 0 0 0 0 1 3 3 42206 40
0x00007aca1fdc2940 0x0000000b26fc8940 0 1 0 0 1 3 3 42206 32
0x00007aca1fdc29c0 0x0000000b26fc89c0 0 1 0 0 1 3 3 42206 40
0x00007aca1fdc2a40 0x0000000b26fc8a40 0 0 1 0 1 3 3 42206 32
0x00007aca1fdc2ac0 0x0000000b26fc8ac0 0 0 1 0 1 3 3 42206 40
0x00007aca1fdc2b40 0x0000000b26fc8b40 0 1 1 0 1 3 3 42206 32
0x00007aca1fdc2bc0 0x0000000b26fc8bc0 0 1 1 0 1 3 3 42206 40
0x00007aca1fdc2c40 0x0000000b26fc8c40 0 0 0 0 1 3 3 42206 48
0x00007aca1fdc2cc0 0x0000000b26fc8cc0 0 0 0 0 1 3 3 42206 56
0x00007aca1fdc2d40 0x0000000b26fc8d40 0 1 0 0 1 3 3 42206 48
0x00007aca1fdc2dc0 0x0000000b26fc8dc0 0 1 0 0 1 3 3 42206 56
0x00007aca1fdc2e40 0x0000000b26fc8e40 0 0 1 0 1 3 3 42206 48
0x00007aca1fdc2ec0 0x0000000b26fc8ec0 0 0 1 0 1 3 3 42206 56
0x00007aca1fdc2f40 0x0000000b26fc8f40 0 1 1 0 1 3 3 42206 48
0x00007aca1fdc2fc0 0x0000000b26fc8fc0 0 1 1 0 1 3 3 42206 56
0x00007aca1fdd1040 0x0000000473f2d040 0 0 0 0 1 3 3 15993 320
0x00007aca1fdd10c0 0x0000000473f2d0c0 0 0 0 0 1 3 3 15993 328
0x00007aca1fdd1140 0x0000000473f2d140 0 1 0 0 1 3 3 15993 320
0x00007aca1fdd11c0 0x0000000473f2d1c0 0 1 0 0 1 3 3 15993 328
0x00007aca1fdd1240 0x0000000473f2d240 0 0 1 0 1 3 3 15993 320
0x00007aca1fdd12c0 0x0000000473f2d2c0 0 0 1 0 1 3 3 15993 328
0x00007aca1fdd1340 0x0000000473f2d340 0 1 1 0 1 3 3 15993 320
0x00007aca1fdd13c0 0x0000000473f2d3c0 0 1 1 0 1 3 3 15993 328
0x00007aca1fdd1440 0x0000000473f2d440 0 0 0 0 1 3 3 15993 336
0x00007aca1fdd14c0 0x0000000473f2d4c0 0 0 0 0 1 3 3 15993 344
0x00007aca1fdd1540 0x0000000473f2d540 0 1 0 0 1 3 3 15993 336
0x00007aca1fdd15c0 0x0000000473f2d5c0 0 1 0 0 1 3 3 15993 344
0x00007aca1fdd1640 0x0000000473f2d640 0 0 1 0 1 3 3 15993 336
0x00007aca1fdd16c0 0x0000000473f2d6c0 0 0 1 0 1 3 3 15993 344
0x00007aca1fdd1740 0x0000000473f2d740 0 1 1 0 1 3 3 15993 336
0x00007aca1fdd17c0 0x0000000473f2d7c0 0 1 1 0 1 3 3 15993 344
0x00007aca1fdd1840 0x0000000473f2d840 0 0 0 0 1 3 3 15993 352
0x00007aca1fdd18c0 0x0000000473f2d8c0 0 0 0 0 1 3 3 15993 360
0x00007aca1fdd1940 0x0000000473f2d940 0 1 0 0 1 3 3 15993 352
0x00007aca1fdd19c0 0x0000000473f2d9c0 0 1 0 0 1 3 3 15993 360
0x00007aca1fdd1a40 0x0000000473f2da40 0 0 1 0 1 3 3 15993 352
0x00007aca1fdd1ac0 0x0000000473f2dac0 0 0 1 0 1 3 3 15993 360
0x00007aca1fdd1b40 0x0000000473f2db40 0 1 1 0 1 3 3 15993 352
0x00007aca1fdd1bc0 0x0000000473f2dbc0 0 1 1 0 1 3 3 15993 360
0x00007aca1fdd1c40 0x0000000473f2dc40 0 0 0 0 1 3 3 15993 368
0x00007aca1fdd1cc0 0x0000000473f2dcc0 0 0 0 0 1 3 3 15993 376
0x00007aca1fdd1d40 0x0000000473f2dd40 0 1 0 0 1 3 3 15993 368
0x00007aca1fdd1dc0 0x0000000473f2ddc0 0 1 0 0 1 3 3 15993 376
0x00007aca1fdd1e40 0x0000000473f2de40 0 0 1 0 1 3 3 15993 368
0x00007aca1fdd1ec0 0x0000000473f2dec0 0 0 1 0 1 3 3 15993 376
0x00007aca1fdd1f40 0x0000000473f2df40 0 1 1 0 1 3 3 15993 368
0x00007aca1fdd1fc0 0x0000000473f2dfc0 0 1 1 0 1 3 3 15993 376
0x00007aca1fddc040 0x0000000e7aff8040 0 0 0 0 1 3 3 57183 512
0x00007aca1fddc0c0 0x0000000e7aff80c0 0 0 0 0 1 3 3 57183 520
0x00007aca1fddc140 0x0000000e7aff8140 0 1 0 0 1 3 3 57183 512
0x00007aca1fddc1c0 0x0000000e7aff81c0 0 1 0 0 1 3 3 57183 520
0x00007aca1fddc240 0x0000000e7aff8240 0 0 1 0 1 3 3 57183 512
0x00007aca1fddc2c0 0x0000000e7aff82c0 0 0 1 0 1 3 3 57183 520
0x00007aca1fddc340 0x0000000e7aff8340 0 1 1 0 1 3 3 57183 512
0x00007aca1fddc3c0 0x0000000e7aff83c0 0 1 1 0 1 3 3 57183 520
0x00007aca1fddc440 0x0000000e7aff8440 0 0 0 0 1 3 3 57183 528
0x00007aca1fddc4c0 0x0000000e7aff84c0 0 0 0 0 1 3 3 57183 536
0x00007aca1fddc540 0x0000000e7aff8540 0 1 0 0 1 3 3 57183 528
0x00007aca1fddc5c0 0x0000000e7aff85c0 0 1 0 0 1 3 3 57183 536
0x00007aca1fddc640 0x0000000e7aff8640 0 0 1 0 1 3 3 57183 528
0x00007aca1fddc6c0 0x0000000e7aff86c0 0 0 1 0 1 3 3 57183 536
0x00007aca1fddc740 0x0000000e7aff8740 0 1 1 0 1 3 3 57183 528
0x00007aca1fddc7c0 0x0000000e7aff87c0 0 1 1 0 1 3 3 57183 536
0x00007aca1fddc840 0x0000000e7aff8840 0 0 0 0 1 3 3 57183 544
0x00007aca1fddc8c0 0x0000000e7aff88c0 0 0 0 0 1 3 3 57183 552
0x00007aca1fddc940 0x0000000e7aff8940 0 1 0 0 1 3 3 57183 544
0x00007aca1fddc9c0 0x0000000e7aff89c0 0 1 0 0 1 3 3 57183 552
0x00007aca1fddca40 0x0000000e7aff8a40 0 0 1 0 1 3 3 57183 544
0x00007aca1fddcac0 0x0000000e7aff8ac0 0 0 1 0 1 3 3 57183 552
0x00007aca1fddcb40 0x0000000e7aff8b40 0 1 1 0 1 3 3 57183 544
0x00007aca1fddcbc0 0x0000000e7aff8bc0 0 1 1 0 1 3 3 57183 552
0x00007aca1fddcc40 0x0000000e7aff8c40 0 0 0 0 1 3 3 57183 560
0x00007aca1fddccc0 0x0000000e7aff8cc0 0 0 0 0 1 3 3 57183 568
0x00007aca1fddcd40 0x0000000e7aff8d40 0 1 0 0 1 3 3 57183 560
0x00007aca1fddcdc0 0x0000000e7aff8dc0 0 1 0 0 1 3 3 57183 568
0x00007aca1fddce40 0x0000000e7aff8e40 0 0 1 0 1 3 3 57183 560
0x00007aca1fddcec0 0x0000000e7aff8ec0 0 0 1 0 1 3 3 57183 568
0x00007aca1fddcf40 0x0000000e7aff8f40 0 1 1 0 1 3 3 57183 560
0x00007aca1fddcfc0 0x0000000e7aff8fc0 0 1 1 0 1 3 3 57183 568
0x00007aca1fdea040 0x00000009d179b040 0 0 0 0 1 3 3 39460 704
0x00007aca1fdea0c0 0x00000009d179b0c0 0 0 0 0 1 3 3 39460 712
0x00007aca1fdea140 0x00000009d179b140 0 1 0 0 1 3 3 39460 704
0x00007aca1fdea1c0 0x00000009d179b1c0 0 1 0 0 1 3 3 39460 712
0x00007aca1fdea240 0x00000009d179b240 0 0 1 0 1 3 3 39460 704
0x00007aca1fdea2c0 0x00000009d179b2c0 0 0 1 0 1 3 3 39460 712
0x00007aca1fdea340 0x00000009d179b340 0 1 1 0 1 3 3 39460 704
0x00007aca1fdea3c0 0x00000009d179b3c0 0 1 1 0 1 3 3 39460 712
0x00007aca1fdea440 0x00000009d179b440 0 0 0 0 1 3 3 39460 720
0x00007aca1fdea4c0 0x00000009d179b4c0 0 0 0 0 1 3 3 39460 728
0x00007aca1fdea540 0x00000009d179b540 0 1 0 0 1 3 3 39460 720
0x00007aca1fdea5c0 0x00000009d179b5c0 0 1 0 0 1 3 3 39460 728
0x00007aca1fdea640 0x00000009d179b640 0 0 1 0 1 3 3 39460 720
0x00007aca1fdea6c0 0x00000009d179b6c0 0 0 1 0 1 3 3 39460 728
0x00007aca1fdea740 0x00000009d179b740 0 1 1 0 1 3 3 39460 720
0x00007aca1fdea7c0 0x00000009d179b7c0 0 1 1 0 1 3 3 39460 728
0x00007aca1fdea840 0x00000009d179b840 0 0 0 0 1 3 3 39460 736
0x00007aca1fdea8c0 0x00000009d179b8c0 0 0 0 0 1 3 3 39460 744
0x00007aca1fdea940 0x00000009d179b940 0 1 0 0 1 3 3 39460 736
0x00007aca1fdea9c0 0x00000009d179b9c0 0 1 0 0 1 3 3 39460 744
0x00007aca1fdeaa40 0x00000009d179ba40 0 0 1 0 1 3 3 39460 736
0x00007aca1fdeaac0 0x00000009d179bac0 0 0 1 0 1 3 3 39460 744
0x00007aca1fdeab40 0x00000009d179bb40 0 1 1 0 1 3 3 39460 736
0x00007aca1fdeabc0 0x00000009d179bbc0 0 1 1 0 1 3 3 39460 744
0x00007aca1fdeac40 0x00000009d179bc40 0 0 0 0 1 3 3 39460 752
0x00007aca1fdeacc0 0x00000009d179bcc0 0 0 0 0 1 3 3 39460 760
0x00007aca1fdead40 0x00000009d179bd40 0 1 0 0 1 3 3 39460 752
0x00007aca1fdeadc0 0x00000009d179bdc0 0 1 0 0 1 3 3 39460 760
0x00007aca1fdeae40 0x00000009d179be40 0 0 1 0 1 3 3 39460 752
0x00007aca1fdeaec0 0x00000009d179bec0 0 0 1 0 1 3 3 39460 760
0x00007aca1fdeaf40 0x00000009d179bf40 0 1 1 0 1 3 3 39460 752
0x00007aca1fdeafc0 0x00000009d179bfc0 0 1 1 0 1 3 3 39460 760
0x00007aca1fdeb040 0x0000000efaf80040 0 0 0 0 0 3 3 61260 0
0x00007aca1fdeb0c0 0x0000000efaf800c0 0 0 0 0 0 3 3 61260 8
0x00007aca1fdeb140 0x0000000efaf80140 0 1 0 0 0 3 3 61260 0
0x00007aca1fdeb1c0 0x0000000efaf801c0 0 1 0 0 0 3 3 61260 8
0x00007aca1fdeb240 0x0000000efaf80240 0 0 1 0 0 3 3 61260 0
0x00007aca1fdeb2c0 0x0000000efaf802c0 0 0 1 0 0 3 3 61260 8
0x00007aca1fdeb340 0x0000000efaf80340 0 1 1 0 0 3 3 61260 0
0x00007aca1fdeb3c0 0x0000000efaf803c0 0 1 1 0 0 3 3 61260 8
0x00007aca1fdeb440 0x0000000efaf80440 0 0 0 0 0 3 3 61260 16
0x00007aca1fdeb4c0 0x0000000efaf804c0 0 0 0 0 0 3 3 61260 24
0x00007aca1fdeb540 0x0000000efaf80540 0 1 0 0 0 3 3 61260 16
0x00007aca1fdeb5c0 0x0000000efaf805c0 0 1 0 0 0 3 3 61260 24
0x00007aca1fdeb640 0x0000000efaf80640 0 0 1 0 0 3 3 61260 16
0x00007aca1fdeb6c0 0x0000000efaf806c0 0 0 1 0 0 3 3 61260 24
0x00007aca1fdeb740 0x0000000efaf80740 0 1 1 0 0 3 3 61260 16
0x00007aca1fdeb7c0 0x0000000efaf807c0 0 1 1 0 0 3 3 61260 24
0x00007aca1fdeb840 0x0000000efaf80840 0 0 0 0 0 3 3 61260 32
0x00007aca1fdeb8c0 0x0000000efaf808c0 0 0 0 0 0 3 3 61260 40
0x00007aca1fdeb940 0x0000000efaf80940 0 1 0 0 0 3 3 61260 32
0x00007aca1fdeb9c0 0x0000000efaf809c0 0 1 0 0 0 3 3 61260 40
0x00007aca1fdeba40 0x0000000efaf80a40 0 0 1 0 0 3 3 61260 32
0x00007aca1fdebac0 0x0000000efaf80ac0 0 0 1 0 0 3 3 61260 40
0x00007aca1fdebb40 0x0000000efaf80b40 0 1 1 0 0 3 3 61260 32
0x00007aca1fdebbc0 0x0000000efaf80bc0 0 1 1 0 0 3 3 61260 40
0x00007aca1fdebc40 0x0000000efaf80c40 0 0 0 0 0 3 3 61260 48
0x00007aca1fdebcc0 0x0000000efaf80cc0 0 0 0 0 0 3 3 61260 56
0x00007aca1fdebd40 0x0000000efaf80d40 0 1 0 0 0 3 3 61260 48
0x00007aca1fdebdc0 0x0000000efaf80dc0 0 1 0 0 0 3 3 61260 56
0x00007aca1fdebe40 0x0000000efaf80e40 0 0 1 0 0 3 3 61260 48
0x00007aca1fdebec0 0x0000000efaf80ec0 0 0 1 0 0 3 3 61260 56
0x00007aca1fdebf40 0x0000000efaf80f40 0 1 1 0 0 3 3 61260 48
0x00007aca1fdebfc0 0x0000000efaf80fc0 0 1 1 0 0 3 3 61260 56
0x00007aca1fdee040 0x0000000efaf89040 0 0 0 0 1 3 3 61260 64
0x00007aca1fdee0c0 0x0000000efaf890c0 0 0 0 0 1 3 3 61260 72
0x00007aca1fdee140 0x0000000efaf89140 0 1 0 0 1 3 3 61260 64
0x00007aca1fdee1c0 0x0000000efaf891c0 0 1 0 0 1 3 3 61260 72
0x00007aca1fdee240 0x0000000efaf89240 0 0 1 0 1 3 3 61260 64
0x00007aca1fdee2c0 0x0000000efaf892c0 0 0 1 0 1 3 3 61260 72
0x00007aca1fdee340 0x0000000efaf89340 0 1 1 0 1 3 3 61260 64
0x00007aca1fdee3c0 0x0000000efaf893c0 0 1 1 0 1 3 3 61260 72
0x00007aca1fdee440 0x0000000efaf89440 0 0 0 0 1 3 3 61260 80
0x00007aca1fdee4c0 0x0000000efaf894c0 0 0 0 0 1 3 3 61260 88
0x00007aca1fdee540 0x0000000efaf89540 0 1 0 0 1 3 3 61260 80
0x00007aca1fdee5c0 0x0000000efaf895c0 0 1 0 0 1 3 3 61260 88
0x00007aca1fdee640 0x0000000efaf89640 0 0 1 0 1 3 3 61260 80
0x00007aca1fdee6c0 0x0000000efaf896c0 0 0 1 0 1 3 3 61260 88
0x00007aca1fdee740 0x0000000efaf89740 0 1 1 0 1 3 3 61260 80
0x00007aca1fdee7c0 0x0000000efaf897c0 0 1 1 0 1 3 3 61260 88
0x00007aca1fdee840 0x0000000efaf89840 0 0 0 0 1 3 3 61260 96
0x00007aca1fdee8c0 0x0000000efaf898c0 0 0 0 0 1 3 3 61260 104
0x00007aca1fdee940 0x0000000efaf89940 0 1 0 0 1 3 3 61260 96
0x00007aca1fdee9c0 0x0000000efaf899c0 0 1 0 0 1 3 3 61260 104
0x00007aca1fdeea40 0x0000000efaf89a40 0 0 1 0 1 3 3 61260 96
0x00007aca1fdeeac0 0x0000000efaf89ac0 0 0 1 0 1 3 3 61260 104
0x00007aca1fdeeb40 0x0000000efaf89b40 0 1 1 0 1 3 3 61260 96
0x00007aca1fdeebc0 0x0000000efaf89bc0 0 1 1 0 1 3 3 61260 104
0x00007aca1fdeec40 0x0000000efaf89c40 0 0 0 0 1 3 3 61260 112
0x00007aca1fdeecc0 0x0000000efaf89cc0 0 0 0 0 1 3 3 61260 120
0x00007aca1fdeed40 0x0000000efaf89d40 0 1 0 0 1 3 3 61260 112
0x00007aca1fdeedc0 0x0000000efaf89dc0 0 1 0 0 1 3 3 61260 120
0x00007aca1fdeee40 0x0000000efaf89e40 0 0 1 0 1 3 3 61260 112
0x00007aca1fdeeec0 0x0000000efaf89ec0 0 0 1 0 1 3 3 61260 120
0x00007aca1fdeef40 0x0000000efaf89f40 0 1 1 0 1 3 3 61260 112
0x00007aca1fdeefc0 0x0000000efaf89fc0 0 1 1 0 1 3 3 61260 120
0x00007aca1fdf6040 0x000000086ffd6040 0 0 0 0 0 3 3 32254 896
0x00007aca1fdf60c0 0x000000086ffd60c0 0 0 0 0 0 3 3 32254 904
0x00007aca1fdf6140 0x000000086ffd6140 0 1 0 0 0 3 3 32254 896
0x00007aca1fdf61c0 0x000000086ffd61c0 0 1 0 0 0 3 3 32254 904
0x00007aca1fdf6240 0x000000086ffd6240 0 0 1 0 0 3 3 32254 896
0x00007aca1fdf62c0 0x000000086ffd62c0 0 0 1 0 0 3 3 32254 904
0x00007aca1fdf6340 0x000000086ffd6340 0 1 1 0 0 3 3 32254 896
0x00007aca1fdf63c0 0x000000086ffd63c0 0 1 1 0 0 3 3 32254 904
0x00007aca1fdf6440 0x000000086ffd6440 0 0 0 0 0 3 3 32254 912
0x00007aca1fdf64c0 0x000000086ffd64c0 0 0 0 0 0 3 3 32254 920
0x00007aca1fdf6540 0x000000086ffd6540 0 1 0 0 0 3 3 32254 912
0x00007aca1fdf65c0 0x000000086ffd65c0 0 1 0 0 0 3 3 32254 920
0x00007aca1fdf6640 0x000000086ffd6640 0 0 1 0 0 3 3 32254 912
0x00007aca1fdf66c0 0x000000086ffd66c0 0 0 1 0 0 3 3 32254 920
0x00007aca1fdf6740 0x000000086ffd6740 0 1 1 0 0 3 3 32254 912
0x00007aca1fdf67c0 0x000000086ffd67c0 0 1 1 0 0 3 3 32254 920
0x00007aca1fdf6840 0x000000086ffd6840 0 0 0 0 0 3 3 32254 928
0x00007aca1fdf68c0 0x000000086ffd68c0 0 0 0 0 0 3 3 32254 936
0x00007aca1fdf6940 0x000000086ffd6940 0 1 0 0 0 3 3 32254 928
0x00007aca1fdf69c0 0x000000086ffd69c0 0 1 0 0 0 3 3 32254 936
0x00007aca1fdf6a40 0x000000086ffd6a40 0 0 1 0 0 3 3 32254 928
0x00007aca1fdf6ac0 0x000000086ffd6ac0 0 0 1 0 0 3 3 32254 936
0x00007aca1fdf6b40 0x000000086ffd6b40 0 1 1 0 0 3 3 32254 928
0x00007aca1fdf6bc0 0x000000086ffd6bc0 0 1 1 0 0 3 3 32254 936
0x00007aca1fdf6c40 0x000000086ffd6c40 0 0 0 0 0 3 3 32254 944
0x00007aca1fdf6cc0 0x000000086ffd6cc0 0 0 0 0 0 3 3 32254 952
0x00007aca1fdf6d40 0x000000086ffd6d40 0 1 0 0 0 3 3 32254 944
0x00007aca1fdf6dc0 0x000000086ffd6dc0 0 1 0 0 0 3 3 32254 952
0x00007aca1fdf6e40 0x000000086ffd6e40 0 0 1 0 0 3 3 32254 944
0x00007aca1fdf6ec0 0x000000086ffd6ec0 0 0 1 0 0 3 3 32254 952
0x00007aca1fdf6f40 0x000000086ffd6f40 0 1 1 0 0 3 3 32254 944
0x00007aca1fdf6fc0 0x000000086ffd6fc0 0 1 1 0 0 3 3 32254 952
0x00007aca1fdfa040 0x000000097dfd5040 0 0 0 0 0 3 3 36798 832
0x00007aca1fdfa0c0 0x000000097dfd50c0 0 0 0 0 0 3 3 36798 840
0x00007aca1fdfa140 0x000000097dfd5140 0 1 0 0 0 3 3 36798 832
0x00007aca1fdfa1c0 0x000000097dfd51c0 0 1 0 0 0 3 3 36798 840
0x00007aca1fdfa240 0x000000097dfd5240 0 0 1 0 0 3 3 36798 832
0x00007aca1fdfa2c0 0x000000097dfd52c0 0 0 1 0 0 3 3 36798 840
0x00007aca1fdfa340 0x000000097dfd5340 0 1 1 0 0 3 3 36798 832
0x00007aca1fdfa3c0 0x000000097dfd53c0 0 1 1 0 0 3 3 36798 840
0x00007aca1fdfa440 0x000000097dfd5440 0 0 0 0 0 3 3 36798 848
0x00007aca1fdfa4c0 0x000000097dfd54c0 0 0 0 0 0 3 3 36798 856
0x00007aca1fdfa540 0x000000097dfd5540 0 1 0 0 0 3 3 36798 848
0x00007aca1fdfa5c0 0x000000097dfd55c0 0 1 0 0 0 3 3 36798 856
0x00007aca1fdfa640 0x000000097dfd5640 0 0 1 0 0 3 3 36798 848
0x00007aca1fdfa6c0 0x000000097dfd56c0 0 0 1 0 0 3 3 36798 856
0x00007aca1fdfa740 0x000000097dfd5740 0 1 1 0 0 3 3 36798 848
0x00007aca1fdfa7c0 0x000000097dfd57c0 0 1 1 0 0 3 3 36798 856
0x00007aca1fdfa840 0x000000097dfd5840 0 0 0 0 0 3 3 36798 864
0x00007aca1fdfa8c0 0x000000097dfd58c0 0 0 0 0 0 3 3 36798 872
0x00007aca1fdfa940 0x000000097dfd5940 0 1 0 0 0 3 3 36798 864
0x00007aca1fdfa9c0 0x000000097dfd59c0 0 1 0 0 0 3 3 36798 872
0x00007aca1fdfaa40 0x000000097dfd5a40 0 0 1 0 0 3 3 36798 864
0x00007aca1fdfaac0 0x000000097dfd5ac0 0 0 1 0 0 3 3 36798 872
0x00007aca1fdfab40 0x000000097dfd5b40 0 1 1 0 0 3 3 36798 864
0x00007aca1fdfabc0 0x000000097dfd5bc0 0 1 1 0 0 3 3 36798 872
0x00007aca1fdfac40 0x000000097dfd5c40 0 0 0 0 0 3 3 36798 880
0x00007aca1fdfacc0 0x000000097dfd5cc0 0 0 0 0 0 3 3 36798 888
0x00007aca1fdfad40 0x000000097dfd5d40 0 1 0 0 0 3 3 36798 880
0x00007aca1fdfadc0 0x000000097dfd5dc0 0 1 0 0 0 3 3 36798 888
0x00007aca1fdfae40 0x000000097dfd5e40 0 0 1 0 0 3 3 36798 880
0x00007aca1fdfaec0 0x000000097dfd5ec0 0 0 1 0 0 3 3 36798 888
0x00007aca1fdfaf40 0x000000097dfd5f40 0 1 1 0 0 3 3 36798 880
0x00007aca1fdfafc0 0x000000097dfd5fc0 0 1 1 0 0 3 3 36798 888
0x00007aca1fe00040 0x0000000cf9f7e040 0 0 0 0 1 3 3 53035 896
0x00007aca1fe000c0 0x0000000cf9f7e0c0 0 0 0 0 1 3 3 53035 904
0x00007aca1fe00140 0x0000000cf9f7e140 0 1 0 0 1 3 3 53035 896
0x00007aca1fe001c0 0x0000000cf9f7e1c0 0 1 0 0 1 3 3 53035 904
0x00007aca1fe00240 0x0000000cf9f7e240 0 0 1 0 1 3 3 53035 896
0x00007aca1fe002c0 0x0000000cf9f7e2c0 0 0 1 0 1 3 3 53035 904
0x00007aca1fe00340 0x0000000cf9f7e340 0 1 1 0 1 3 3 53035 896
0x00007aca1fe003c0 0x0000000cf9f7e3c0 0 1 1 0 1 3 3 53035 904
0x00007aca1fe00440 0x0000000cf9f7e440 0 0 0 0 1 3 3 53035 912
0x00007aca1fe004c0 0x0000000cf9f7e4c0 0 0 0 0 1 3 3 53035 920
0x00007aca1fe00540 0x0000000cf9f7e540 0 1 0 0 1 3 3 53035 912
0x00007aca1fe005c0 0x0000000cf9f7e5c0 0 1 0 0 1 3 3 53035 920
0x00007aca1fe00640 0x0000000cf9f7e640 0 0 1 0 1 3 3 53035 912
0x00007aca1fe006c0 0x0000000cf9f7e6c0 0 0 1 0 1 3 3 53035 920
0x00007aca1fe00740 0x0000000cf9f7e740 0 1 1 0 1 3 3 53035 912
0x00007aca1fe007c0 0x0000000cf9f7e7c0 0 1 1 0 1 3 3 53035 920
0x00007aca1fe00840 0x0000000cf9f7e840 0 0 0 0 1 3 3 53035 928
0x00007aca1fe008c0 0x0000000cf9f7e8c0 0 0 0 0 1 3 3 53035 936
0x00007aca1fe00940 0x0000000cf9f7e940 0 1 0 0 1 3 3 53035 928
0x00007aca1fe009c0 0x0000000cf9f7e9c0 0 1 0 0 1 3 3 53035 936
0x00007aca1fe00a40 0x0000000cf9f7ea40 0 0 1 0 1 3 3 53035 928
0x00007aca1fe00ac0 0x0000000cf9f7eac0 0 0 1 0 1 3 3 53035 936
0x00007aca1fe00b40 0x0000000cf9f7eb40 0 1 1 0 1 3 3 53035 928
0x00007aca1fe00bc0 0x0000000cf9f7ebc0 0 1 1 0 1 3 3 53035 936
0x00007aca1fe00c40 0x0000000cf9f7ec40 0 0 0 0 1 3 3 53035 944
0x00007aca1fe00cc0 0x0000000cf9f7ecc0 0 0 0 0 1 3 3 53035 952
0x00007aca1fe00d40 0x0000000cf9f7ed40 0 1 0 0 1 3 3 53035 944
0x00007aca1fe00dc0 0x0000000cf9f7edc0 0 1 0 0 1 3 3 53035 952
0x00007aca1fe00e40 0x0000000cf9f7ee40 0 0 1 0 1 3 3 53035 944
0x00007aca1fe00ec0 0x0000000cf9f7eec0 0 0 1 0 1 3 3 53035 952
0x00007aca1fe00f40 0x0000000cf9f7ef40 0 1 1 0 1 3 3 53035 944
0x00007aca1fe00fc0 0x0000000cf9f7efc0 0 1 1 0 1 3 3 53035 952
0x00007aca1fe02040 0x000000087b78e040 0 0 0 0 1 3 3 32628 384
0x00007aca1fe020c0 0x000000087b78e0c0 0 0 0 0 1 3 3 32628 392
0x00007aca1fe02140 0x000000087b78e140 0 1 0 0 1 3 3 32628 384
0x00007aca1fe021c0 0x000000087b78e1c0 0 1 0 0 1 3 3 32628 392
0x00007aca1fe02240 0x000000087b78e240 0 0 1 0 1 3 3 32628 384
0x00007aca1fe022c0 0x000000087b78e2c0 0 0 1 0 1 3 3 32628 392
0x00007aca1fe02340 0x000000087b78e340 0 1 1 0 1 3 3 32628 384
0x00007aca1fe023c0 0x000000087b78e3c0 0 1 1 0 1 3 3 32628 392
0x00007aca1fe02440 0x000000087b78e440 0 0 0 0 1 3 3 32628 400
0x00007aca1fe024c0 0x000000087b78e4c0 0 0 0 0 1 3 3 32628 408
0x00007aca1fe02540 0x000000087b78e540 0 1 0 0 1 3 3 32628 400
0x00007aca1fe025c0 0x000000087b78e5c0 0 1 0 0 1 3 3 32628 408
0x00007aca1fe02640 0x000000087b78e640 0 0 1 0 1 3 3 32628 400
0x00007aca1fe026c0 0x000000087b78e6c0 0 0 1 0 1 3 3 32628 408
0x00007aca1fe02740 0x000000087b78e740 0 1 1 0 1 3 3 32628 400
0x00007aca1fe027c0 0x000000087b78e7c0 0 1 1 0 1 3 3 32628 408
0x00007aca1fe02840 0x000000087b78e840 0 0 0 0 1 3 3 32628 416
0x00007aca1fe028c0 0x000000087b78e8c0 0 0 0 0 1 3 3 32628 424
0x00007aca1fe02940 0x000000087b78e940 0 1 0 0 1 3 3 32628 416
0x00007aca1fe029c0 0x000000087b78e9c0 0 1 0 0 1 3 3 32628 424
0x00007aca1fe02a40 0x000000087b78ea40 0 0 1 0 1 3 3 32628 416
0x00007aca1fe02ac0 0x000000087b78eac0 0 0 1 0 1 3 3 32628 424
0x00007aca1fe02b40 0x000000087b78eb40 0 1 1 0 1 3 3 32628 416
0x00007aca1fe02bc0 0x000000087b78ebc0 0 1 1 0 1 3 3 32628 424
0x00007aca1fe02c40 0x000000087b78ec40 0 0 0 0 1 3 3 32628 432
0x00007aca1fe02cc0 0x000000087b78ecc0 0 0 0 0 1 3 3 32628 440
0x00007aca1fe02d40 0x000000087b78ed40 0 1 0 0 1 3 3 32628 432
0x00007aca1fe02dc0 0x000000087b78edc0 0 1 0 0 1 3 3 32628 440
0x00007aca1fe02e40 0x000000087b78ee40 0 0 1 0 1 3 3 32628 432
0x00007aca1fe02ec0 0x000000087b78eec0 0 0 1 0 1 3 3 32628 440
0x00007aca1fe02f40 0x000000087b78ef40 0 1 1 0 1 3 3 32628 432
0x00007aca1fe02fc0 0x000000087b78efc0 0 1 1 0 1 3 3 32628 440
0x00007aca1fe0b040 0x0000000b4ffcc040 0 0 0 0 1 3 3 43518 256
0x00007aca1fe0b0c0 0x0000000b4ffcc0c0 0 0 0 0 1 3 3 43518 264
0x00007aca1fe0b140 0x0000000b4ffcc140 0 1 0 0 1 3 3 43518 256
0x00007aca1fe0b1c0 0x0000000b4ffcc1c0 0 1 0 0 1 3 3 43518 264
0x00007aca1fe0b240 0x0000000b4ffcc240 0 0 1 0 1 3 3 43518 256
0x00007aca1fe0b2c0 0x0000000b4ffcc2c0 0 0 1 0 1 3 3 43518 264
0x00007aca1fe0b340 0x0000000b4ffcc340 0 1 1 0 1 3 3 43518 256
0x00007aca1fe0b3c0 0x0000000b4ffcc3c0 0 1 1 0 1 3 3 43518 264
0x00007aca1fe0b440 0x0000000b4ffcc440 0 0 0 0 1 3 3 43518 272
0x00007aca1fe0b4c0 0x0000000b4ffcc4c0 0 0 0 0 1 3 3 43518 280
0x00007aca1fe0b540 0x0000000b4ffcc540 0 1 0 0 1 3 3 43518 272
0x00007aca1fe0b5c0 0x0000000b4ffcc5c0 0 1 0 0 1 3 3 43518 280
0x00007aca1fe0b640 0x0000000b4ffcc640 0 0 1 0 1 3 3 43518 272
0x00007aca1fe0b6c0 0x0000000b4ffcc6c0 0 0 1 0 1 3 3 43518 280
0x00007aca1fe0b740 0x0000000b4ffcc740 0 1 1 0 1 3 3 43518 272
0x00007aca1fe0b7c0 0x0000000b4ffcc7c0 0 1 1 0 1 3 3 43518 280
0x00007aca1fe0b840 0x0000000b4ffcc840 0 0 0 0 1 3 3 43518 288
0x00007aca1fe0b8c0 0x0000000b4ffcc8c0 0 0 0 0 1 3 3 43518 296
0x00007aca1fe0b940 0x0000000b4ffcc940 0 1 0 0 1 3 3 43518 288
0x00007aca1fe0b9c0 0x0000000b4ffcc9c0 0 1 0 0 1 3 3 43518 296
0x00007aca1fe0ba40 0x0000000b4ffcca40 0 0 1 0 1 3 3 43518 288
0x00007aca1fe0bac0 0x0000000b4ffccac0 0 0 1 0 1 3 3 43518 296
0x00007aca1fe0bb40 0x0000000b4ffccb40 0 1 1 0 1 3 3 43518 288
0x00007aca1fe0bbc0 0x0000000b4ffccbc0 0 1 1 0 1 3 3 43518 296
0x00007aca1fe0bc40 0x0000000b4ffccc40 0 0 0 0 1 3 3 43518 304
0x00007aca1fe0bcc0 0x0000000b4ffcccc0 0 0 0 0 1 3 3 43518 312
0x00007aca1fe0bd40 0x0000000b4ffccd40 0 1 0 0 1 3 3 43518 304
0x00007aca1fe0bdc0 0x0000000b4ffccdc0 0 1 0 0 1 3 3 43518 312
0x00007aca1fe0be40 0x0000000b4ffcce40 0 0 1 0 1 3 3 43518 304
0x00007aca1fe0bec0 0x0000000b4ffccec0 0 0 1 0 1 3 3 43518 312
0x00007aca1fe0bf40 0x0000000b4ffccf40 0 1 1 0 1 3 3 43518 304
0x00007aca1fe0bfc0 0x0000000b4ffccfc0 0 1 1 0 1 3 3 43518 312
0x00007aca1fe1e040 0x0000000bea7ec040 0 0 0 0 1 3 3 48455 256
0x00007aca1fe1e0c0 0x0000000bea7ec0c0 0 0 0 0 1 3 3 48455 264
0x00007aca1fe1e140 0x0000000bea7ec140 0 1 0 0 1 3 3 48455 256
0x00007aca1fe1e1c0 0x0000000bea7ec1c0 0 1 0 0 1 3 3 48455 264
0x00007aca1fe1e240 0x0000000bea7ec240 0 0 1 0 1 3 3 48455 256
0x00007aca1fe1e2c0 0x0000000bea7ec2c0 0 0 1 0 1 3 3 48455 264
0x00007aca1fe1e340 0x0000000bea7ec340 0 1 1 0 1 3 3 48455 256
0x00007aca1fe1e3c0 0x0000000bea7ec3c0 0 1 1 0 1 3 3 48455 264
0x00007aca1fe1e440 0x0000000bea7ec440 0 0 0 0 1 3 3 48455 272
0x00007aca1fe1e4c0 0x0000000bea7ec4c0 0 0 0 0 1 3 3 48455 280
0x00007aca1fe1e540 0x0000000bea7ec540 0 1 0 0 1 3 3 48455 272
0x00007aca1fe1e5c0 0x0000000bea7ec5c0 0 1 0 0 1 3 3 48455 280
0x00007aca1fe1e640 0x0000000bea7ec640 0 0 1 0 1 3 3 48455 272
0x00007aca1fe1e6c0 0x0000000bea7ec6c0 0 0 1 0 1 3 3 48455 280
0x00007aca1fe1e740 0x0000000bea7ec740 0 1 1 0 1 3 3 48455 272
0x00007aca1fe1e7c0 0x0000000bea7ec7c0 0 1 1 0 1 3 3 48455 280
0x00007aca1fe1e840 0x0000000bea7ec840 0 0 0 0 1 3 3 48455 288
0x00007aca1fe1e8c0 0x0000000bea7ec8c0 0 0 0 0 1 3 3 48455 296
0x00007aca1fe1e940 0x0000000bea7ec940 0 1 0 0 1 3 3 48455 288
0x00007aca1fe1e9c0 0x0000000bea7ec9c0 0 1 0 0 1 3 3 48455 296
0x00007aca1fe1ea40 0x0000000bea7eca40 0 0 1 0 1 3 3 48455 288
0x00007aca1fe1eac0 0x0000000bea7ecac0 0 0 1 0 1 3 3 48455 296
0x00007aca1fe1eb40 0x0000000bea7ecb40 0 1 1 0 1 3 3 48455 288
0x00007aca1fe1ebc0 0x0000000bea7ecbc0 0 1 1 0 1 3 3 48455 296
0x00007aca1fe1ec40 0x0000000bea7ecc40 0 0 0 0 1 3 3 48455 304
0x00007aca1fe1ecc0 0x0000000bea7eccc0 0 0 0 0 1 3 3 48455 312
0x00007aca1fe1ed40 0x0000000bea7ecd40 0 1 0 0 1 3 3 48455 304
0x00007aca1fe1edc0 0x0000000bea7ecdc0 0 1 0 0 1 3 3 48455 312
0x00007aca1fe1ee40 0x0000000bea7ece40 0 0 1 0 1 3 3 48455 304
0x00007aca1fe1eec0 0x0000000bea7ecec0 0 0 1 0 1 3 3 48455 312
0x00007aca1fe1ef40 0x0000000bea7ecf40 0 1 1 0 1 3 3 48455 304
0x00007aca1fe1efc0 0x0000000bea7ecfc0 0 1 1 0 1 3 3 48455 312
0x00007aca1fe1f040 0x0000000f00ffa040 0 0 0 0 1 3 3 57375 640
0x00007aca1fe1f0c0 0x0000000f00ffa0c0 0 0 0 0 1 3 3 57375 648
0x00007aca1fe1f140 0x0000000f00ffa140 0 1 0 0 1 3 3 57375 640
0x00007aca1fe1f1c0 0x0000000f00ffa1c0 0 1 0 0 1 3 3 57375 648
0x00007aca1fe1f240 0x0000000f00ffa240 0 0 1 0 1 3 3 57375 640
0x00007aca1fe1f2c0 0x0000000f00ffa2c0 0 0 1 0 1 3 3 57375 648
0x00007aca1fe1f340 0x0000000f00ffa340 0 1 1 0 1 3 3 57375 640
0x00007aca1fe1f3c0 0x0000000f00ffa3c0 0 1 1 0 1 3 3 57375 648
0x00007aca1fe1f440 0x0000000f00ffa440 0 0 0 0 1 3 3 57375 656
0x00007aca1fe1f4c0 0x0000000f00ffa4c0 0 0 0 0 1 3 3 57375 664
0x00007aca1fe1f540 0x0000000f00ffa540 0 1 0 0 1 3 3 57375 656
0x00007aca1fe1f5c0 0x0000000f00ffa5c0 0 1 0 0 1 3 3 57375 664
0x00007aca1fe1f640 0x0000000f00ffa640 0 0 1 0 1 3 3 57375 656
0x00007aca1fe1f6c0 0x0000000f00ffa6c0 0 0 1 0 1 3 3 57375 664
0x00007aca1fe1f740 0x0000000f00ffa740 0 1 1 0 1 3 3 57375 656
0x00007aca1fe1f7c0 0x0000000f00ffa7c0 0 1 1 0 1 3 3 57375 664
0x00007aca1fe1f840 0x0000000f00ffa840 0 0 0 0 1 3 3 57375 672
0x00007aca1fe1f8c0 0x0000000f00ffa8c0 0 0 0 0 1 3 3 57375 680
0x00007aca1fe1f940 0x0000000f00ffa940 0 1 0 0 1 3 3 57375 672
0x00007aca1fe1f9c0 0x0000000f00ffa9c0 0 1 0 0 1 3 3 57375 680
0x00007aca1fe1fa40 0x0000000f00ffaa40 0 0 1 0 1 3 3 57375 672
0x00007aca1fe1fac0 0x0000000f00ffaac0 0 0 1 0 1 3 3 57375 680
0x00007aca1fe1fb40 0x0000000f00ffab40 0 1 1 0 1 3 3 57375 672
0x00007aca1fe1fbc0 0x0000000f00ffabc0 0 1 1 0 1 3 3 57375 680
0x00007aca1fe1fc40 0x0000000f00ffac40 0 0 0 0 1 3 3 57375 688
0x00007aca1fe1fcc0 0x0000000f00ffacc0 0 0 0 0 1 3 3 57375 696
0x00007aca1fe1fd40 0x0000000f00ffad40 0 1 0 0 1 3 3 57375 688
0x00007aca1fe1fdc0 0x0000000f00ffadc0 0 1 0 0 1 3 3 57375 696
0x00007aca1fe1fe40 0x0000000f00ffae40 0 0 1 0 1 3 3 57375 688
0x00007aca1fe1fec0 0x0000000f00ffaec0 0 0 1 0 1 3 3 57375 696
0x00007aca1fe1ff40 0x0000000f00ffaf40 0 1 1 0 1 3 3 57375 688
0x00007aca1fe1ffc0 0x0000000f00ffafc0 0 1 1 0 1 3 3 57375 696
0x00007aca1fe24040 0x0000000e85fd1040 0 0 0 0 0 3 3 57518 576
0x00007aca1fe240c0 0x0000000e85fd10c0 0 0 0 0 0 3 3 57518 584
0x00007aca1fe24140 0x0000000e85fd1140 0 1 0 0 0 3 3 57518 576
0x00007aca1fe241c0 0x0000000e85fd11c0 0 1 0 0 0 3 3 57518 584
0x00007aca1fe24240 0x0000000e85fd1240 0 0 1 0 0 3 3 57518 576
0x00007aca1fe242c0 0x0000000e85fd12c0 0 0 1 0 0 3 3 57518 584
0x00007aca1fe24340 0x0000000e85fd1340 0 1 1 0 0 3 3 57518 576
0x00007aca1fe243c0 0x0000000e85fd13c0 0 1 1 0 0 3 3 57518 584
0x00007aca1fe24440 0x0000000e85fd1440 0 0 0 0 0 3 3 57518 592
0x00007aca1fe244c0 0x0000000e85fd14c0 0 0 0 0 0 3 3 57518 600
0x00007aca1fe24540 0x0000000e85fd1540 0 1 0 0 0 3 3 57518 592
0x00007aca1fe245c0 0x0000000e85fd15c0 0 1 0 0 0 3 3 57518 600
0x00007aca1fe24640 0x0000000e85fd1640 0 0 1 0 0 3 3 57518 592
0x00007aca1fe246c0 0x0000000e85fd16c0 0 0 1 0 0 3 3 57518 600
0x00007aca1fe24740 0x0000000e85fd1740 0 1 1 0 0 3 3 57518 592
0x00007aca1fe247c0 0x0000000e85fd17c0 0 1 1 0 0 3 3 57518 600
0x00007aca1fe24840 0x0000000e85fd1840 0 0 0 0 0 3 3 57518 608
0x00007aca1fe248c0 0x0000000e85fd18c0 0 0 0 0 0 3 3 57518 616
0x00007aca1fe24940 0x0000000e85fd1940 0 1 0 0 0 3 3 57518 608
0x00007aca1fe249c0 0x0000000e85fd19c0 0 1 0 0 0 3 3 57518 616
0x00007aca1fe24a40 0x0000000e85fd1a40 0 0 1 0 0 3 3 57518 608
0x00007aca1fe24ac0 0x0000000e85fd1ac0 0 0 1 0 0 3 3 57518 616
0x00007aca1fe24b40 0x0000000e85fd1b40 0 1 1 0 0 3 3 57518 608
0x00007aca1fe24bc0 0x0000000e85fd1bc0 0 1 1 0 0 3 3 57518 616
0x00007aca1fe24c40 0x0000000e85fd1c40 0 0 0 0 0 3 3 57518 624
0x00007aca1fe24cc0 0x0000000e85fd1cc0 0 0 0 0 0 3 3 57518 632
0x00007aca1fe24d40 0x0000000e85fd1d40 0 1 0 0 0 3 3 57518 624
0x00007aca1fe24dc0 0x0000000e85fd1dc0 0 1 0 0 0 3 3 57518 632
0x00007aca1fe24e40 0x0000000e85fd1e40 0 0 1 0 0 3 3 57518 624
0x00007aca1fe24ec0 0x0000000e85fd1ec0 0 0 1 0 0 3 3 57518 632
0x00007aca1fe24f40 0x0000000e85fd1f40 0 1 1 0 0 3 3 57518 624
0x00007aca1fe24fc0 0x0000000e85fd1fc0 0 1 1 0 0 3 3 57518 632
0x00007aca1fe31040 0x0000000a05f7c040 0 0 0 0 1 3 3 37051 768
0x00007aca1fe310c0 0x0000000a05f7c0c0 0 0 0 0 1 3 3 37051 776
0x00007aca1fe31140 0x0000000a05f7c140 0 1 0 0 1 3 3 37051 768
0x00007aca1fe311c0 0x0000000a05f7c1c0 0 1 0 0 1 3 3 37051 776
0x00007aca1fe31240 0x0000000a05f7c240 0 0 1 0 1 3 3 37051 768
0x00007aca1fe312c0 0x0000000a05f7c2c0 0 0 1 0 1 3 3 37051 776
0x00007aca1fe31340 0x0000000a05f7c340 0 1 1 0 1 3 3 37051 768
0x00007aca1fe313c0 0x0000000a05f7c3c0 0 1 1 0 1 3 3 37051 776
0x00007aca1fe31440 0x0000000a05f7c440 0 0 0 0 1 3 3 37051 784
0x00007aca1fe314c0 0x0000000a05f7c4c0 0 0 0 0 1 3 3 37051 792
0x00007aca1fe31540 0x0000000a05f7c540 0 1 0 0 1 3 3 37051 784
0x00007aca1fe315c0 0x0000000a05f7c5c0 0 1 0 0 1 3 3 37051 792
0x00007aca1fe31640 0x0000000a05f7c640 0 0 1 0 1 3 3 37051 784
0x00007aca1fe316c0 0x0000000a05f7c6c0 0 0 1 0 1 3 3 37051 792
0x00007aca1fe31740 0x0000000a05f7c740 0 1 1 0 1 3 3 37051 784
0x00007aca1fe317c0 0x0000000a05f7c7c0 0 1 1 0 1 3 3 37051 792
0x00007aca1fe31840 0x0000000a05f7c840 0 0 0 0 1 3 3 37051 800
0x00007aca1fe318c0 0x0000000a05f7c8c0 0 0 0 0 1 3 3 37051 808
0x00007aca1fe31940 0x0000000a05f7c940 0 1 0 0 1 3 3 37051 800
0x00007aca1fe319c0 0x0000000a05f7c9c0 0 1 0 0 1 3 3 37051 808
0x00007aca1fe31a40 0x0000000a05f7ca40 0 0 1 0 1 3 3 37051 800
0x00007aca1fe31ac0 0x0000000a05f7cac0 0 0 1 0 1 3 3 37051 808
0x00007aca1fe31b40 0x0000000a05f7cb40 0 1 1 0 1 3 3 37051 800
0x00007aca1fe31bc0 0x0000000a05f7cbc0 0 1 1 0 1 3 3 37051 808
0x00007aca1fe31c40 0x0000000a05f7cc40 0 0 0 0 1 3 3 37051 816
0x00007aca1fe31cc0 0x0000000a05f7ccc0 0 0 0 0 1 3 3 37051 824
0x00007aca1fe31d40 0x0000000a05f7cd40 0 1 0 0 1 3 3 37051 816
0x00007aca1fe31dc0 0x0000000a05f7cdc0 0 1 0 0 1 3 3 37051 824
0x00007aca1fe31e40 0x0000000a05f7ce40 0 0 1 0 1 3 3 37051 816
0x00007aca1fe31ec0 0x0000000a05f7cec0 0 0 1 0 1 3 3 37051 824
0x00007aca1fe31f40 0x0000000a05f7cf40 0 1 1 0 1 3 3 37051 816
0x00007aca1fe31fc0 0x0000000a05f7cfc0 0 1 1 0 1 3 3 37051 824
0x00007aca1fe37040 0x0000000ddbfc8040 0 0 0 0 1 3 3 56174 0
0x00007aca1fe370c0 0x0000000ddbfc80c0 0 0 0 0 1 3 3 56174 8
0x00007aca1fe37140 0x0000000ddbfc8140 0 1 0 0 1 3 3 56174 0
0x00007aca1fe371c0 0x0000000ddbfc81c0 0 1 0 0 1 3 3 56174 8
0x00007aca1fe37240 0x0000000ddbfc8240 0 0 1 0 1 3 3 56174 0
0x00007aca1fe372c0 0x0000000ddbfc82c0 0 0 1 0 1 3 3 56174 8
0x00007aca1fe37340 0x0000000ddbfc8340 0 1 1 0 1 3 3 56174 0
0x00007aca1fe373c0 0x0000000ddbfc83c0 0 1 1 0 1 3 3 56174 8
0x00007aca1fe37440 0x0000000ddbfc8440 0 0 0 0 1 3 3 56174 16
0x00007aca1fe374c0 0x0000000ddbfc84c0 0 0 0 0 1 3 3 56174 24
0x00007aca1fe37540 0x0000000ddbfc8540 0 1 0 0 1 3 3 56174 16
0x00007aca1fe375c0 0x0000000ddbfc85c0 0 1 0 0 1 3 3 56174 24
0x00007aca1fe37640 0x0000000ddbfc8640 0 0 1 0 1 3 3 56174 16
0x00007aca1fe376c0 0x0000000ddbfc86c0 0 0 1 0 1 3 3 56174 24
0x00007aca1fe37740 0x0000000ddbfc8740 0 1 1 0 1 3 3 56174 16
0x00007aca1fe377c0 0x0000000ddbfc87c0 0 1 1 0 1 3 3 56174 24
0x00007aca1fe37840 0x0000000ddbfc8840 0 0 0 0 1 3 3 56174 32
0x00007aca1fe378c0 0x0000000ddbfc88c0 0 0 0 0 1 3 3 56174 40
0x00007aca1fe37940 0x0000000ddbfc8940 0 1 0 0 1 3 3 56174 32
0x00007aca1fe379c0 0x0000000ddbfc89c0 0 1 0 0 1 3 3 56174 40
0x00007aca1fe37a40 0x0000000ddbfc8a40 0 0 1 0 1 3 3 56174 32
0x00007aca1fe37ac0 0x0000000ddbfc8ac0 0 0 1 0 1 3 3 56174 40
0x00007aca1fe37b40 0x0000000ddbfc8b40 0 1 1 0 1 3 3 56174 32
0x00007aca1fe37bc0 0x0000000ddbfc8bc0 0 1 1 0 1 3 3 56174 40
0x00007aca1fe37c40 0x0000000ddbfc8c40 0 0 0 0 1 3 3 56174 48
0x00007aca1fe37cc0 0x0000000ddbfc8cc0 0 0 0 0 1 3 3 56174 56
0x00007aca1fe37d40 0x0000000ddbfc8d40 0 1 0 0 1 3 3 56174 48
0x00007aca1fe37dc0 0x0000000ddbfc8dc0 0 1 0 0 1 3 3 56174 56
0x00007aca1fe37e40 0x0000000ddbfc8e40 0 0 1 0 1 3 3 56174 48
0x00007aca1fe37ec0 0x0000000ddbfc8ec0 0 0 1 0 1 3 3 56174 56
0x00007aca1fe37f40 0x0000000ddbfc8f40 0 1 1 0 1 3 3 56174 48
0x00007aca1fe37fc0 0x0000000ddbfc8fc0 0 1 1 0 1 3 3 56174 56
0x00007aca1fe54040 0x0000000903794040 0 0 0 0 0 3 3 32884 768
0x00007aca1fe540c0 0x00000009037940c0 0 0 0 0 0 3 3 32884 776
0x00007aca1fe54140 0x0000000903794140 0 1 0 0 0 3 3 32884 768
0x00007aca1fe541c0 0x00000009037941c0 0 1 0 0 0 3 3 32884 776
0x00007aca1fe54240 0x0000000903794240 0 0 1 0 0 3 3 32884 768
0x00007aca1fe542c0 0x00000009037942c0 0 0 1 0 0 3 3 32884 776
0x00007aca1fe54340 0x0000000903794340 0 1 1 0 0 3 3 32884 768
0x00007aca1fe543c0 0x00000009037943c0 0 1 1 0 0 3 3 32884 776
0x00007aca1fe54440 0x0000000903794440 0 0 0 0 0 3 3 32884 784
0x00007aca1fe544c0 0x00000009037944c0 0 0 0 0 0 3 3 32884 792
0x00007aca1fe54540 0x0000000903794540 0 1 0 0 0 3 3 32884 784
0x00007aca1fe545c0 0x00000009037945c0 0 1 0 0 0 3 3 32884 792
0x00007aca1fe54640 0x0000000903794640 0 0 1 0 0 3 3 32884 784
0x00007aca1fe546c0 0x00000009037946c0 0 0 1 0 0 3 3 32884 792
0x00007aca1fe54740 0x0000000903794740 0 1 1 0 0 3 3 32884 784
0x00007aca1fe547c0 0x00000009037947c0 0 1 1 0 0 3 3 32884 792
0x00007aca1fe54840 0x0000000903794840 0 0 0 0 0 3 3 32884 800
0x00007aca1fe548c0 0x00000009037948c0 0 0 0 0 0 3 3 32884 808
0x00007aca1fe54940 0x0000000903794940 0 1 0 0 0 3 3 32884 800
0x00007aca1fe549c0 0x00000009037949c0 0 1 0 0 0 3 3 32884 808
0x00007aca1fe54a40 0x0000000903794a40 0 0 1 0 0 3 3 32884 800
0x00007aca1fe54ac0 0x0000000903794ac0 0 0 1 0 0 3 3 32884 808
0x00007aca1fe54b40 0x0000000903794b40 0 1 1 0 0 3 3 32884 800
0x00007aca1fe54bc0 0x0000000903794bc0 0 1 1 0 0 3 3 32884 808
0x00007aca1fe54c40 0x0000000903794c40 0 0 0 0 0 3 3 32884 816
0x00007aca1fe54cc0 0x0000000903794cc0 0 0 0 0 0 3 3 32884 824
0x00007aca1fe54d40 0x0000000903794d40 0 1 0 0 0 3 3 32884 816
0x00007aca1fe54dc0 0x0000000903794dc0 0 1 0 0 0 3 3 32884 824
0x00007aca1fe54e40 0x0000000903794e40 0 0 1 0 0 3 3 32884 816
0x00007aca1fe54ec0 0x0000000903794ec0 0 0 1 0 0 3 3 32884 824
0x00007aca1fe54f40 0x0000000903794f40 0 1 1 0 0 3 3 32884 816
0x00007aca1fe54fc0 0x0000000903794fc0 0 1 1 0 0 3 3 32884 824
0x00007aca1fe5b040 0x0000000e1cff8040 0 0 0 0 1 3 3 54175 512
0x00007aca1fe5b0c0 0x0000000e1cff80c0 0 0 0 0 1 3 3 54175 520
0x00007aca1fe5b140 0x0000000e1cff8140 0 1 0 0 1 3 3 54175 512
0x00007aca1fe5b1c0 0x0000000e1cff81c0 0 1 0 0 1 3 3 54175 520
0x00007aca1fe5b240 0x0000000e1cff8240 0 0 1 0 1 3 3 54175 512
0x00007aca1fe5b2c0 0x0000000e1cff82c0 0 0 1 0 1 3 3 54175 520
0x00007aca1fe5b340 0x0000000e1cff8340 0 1 1 0 1 3 3 54175 512
0x00007aca1fe5b3c0 0x0000000e1cff83c0 0 1 1 0 1 3 3 54175 520
0x00007aca1fe5b440 0x0000000e1cff8440 0 0 0 0 1 3 3 54175 528
0x00007aca1fe5b4c0 0x0000000e1cff84c0 0 0 0 0 1 3 3 54175 536
0x00007aca1fe5b540 0x0000000e1cff8540 0 1 0 0 1 3 3 54175 528
0x00007aca1fe5b5c0 0x0000000e1cff85c0 0 1 0 0 1 3 3 54175 536
0x00007aca1fe5b640 0x0000000e1cff8640 0 0 1 0 1 3 3 54175 528
0x00007aca1fe5b6c0 0x0000000e1cff86c0 0 0 1 0 1 3 3 54175 536
0x00007aca1fe5b740 0x0000000e1cff8740 0 1 1 0 1 3 3 54175 528
0x00007aca1fe5b7c0 0x0000000e1cff87c0 0 1 1 0 1 3 3 54175 536
0x00007aca1fe5b840 0x0000000e1cff8840 0 0 0 0 1 3 3 54175 544
0x00007aca1fe5b8c0 0x0000000e1cff88c0 0 0 0 0 1 3 3 54175 552
0x00007aca1fe5b940 0x0000000e1cff8940 0 1 0 0 1 3 3 54175 544
0x00007aca1fe5b9c0 0x0000000e1cff89c0 0 1 0 0 1 3 3 54175 552
0x00007aca1fe5ba40 0x0000000e1cff8a40 0 0 1 0 1 3 3 54175 544
0x00007aca1fe5bac0 0x0000000e1cff8ac0 0 0 1 0 1 3 3 54175 552
0x00007aca1fe5bb40 0x0000000e1cff8b40 0 1 1 0 1 3 3 54175 544
0x00007aca1fe5bbc0 0x0000000e1cff8bc0 0 1 1 0 1 3 3 54175 552
0x00007aca1fe5bc40 0x0000000e1cff8c40 0 0 0 0 1 3 3 54175 560
0x00007aca1fe5bcc0 0x0000000e1cff8cc0 0 0 0 0 1 3 3 54175 568
0x00007aca1fe5bd40 0x0000000e1cff8d40 0 1 0 0 1 3 3 54175 560
0x00007aca1fe5bdc0 0x0000000e1cff8dc0 0 1 0 0 1 3 3 54175 568
0x00007aca1fe5be40 0x0000000e1cff8e40 0 0 1 0 1 3 3 54175 560
0x00007aca1fe5bec0 0x0000000e1cff8ec0 0 0 1 0 1 3 3 54175 568
0x00007aca1fe5bf40 0x0000000e1cff8f40 0 1 1 0 1 3 3 54175 560
0x00007aca1fe5bfc0 0x0000000e1cff8fc0 0 1 1 0 1 3 3 54175 568
0x00007aca1fe5e040 0x0000000c81fa1040 0 0 0 0 0 3 3 49197 64
0x00007aca1fe5e0c0 0x0000000c81fa10c0 0 0 0 0 0 3 3 49197 72
0x00007aca1fe5e140 0x0000000c81fa1140 0 1 0 0 0 3 3 49197 64
0x00007aca1fe5e1c0 0x0000000c81fa11c0 0 1 0 0 0 3 3 49197 72
0x00007aca1fe5e240 0x0000000c81fa1240 0 0 1 0 0 3 3 49197 64
0x00007aca1fe5e2c0 0x0000000c81fa12c0 0 0 1 0 0 3 3 49197 72
0x00007aca1fe5e340 0x0000000c81fa1340 0 1 1 0 0 3 3 49197 64
0x00007aca1fe5e3c0 0x0000000c81fa13c0 0 1 1 0 0 3 3 49197 72
0x00007aca1fe5e440 0x0000000c81fa1440 0 0 0 0 0 3 3 49197 80
0x00007aca1fe5e4c0 0x0000000c81fa14c0 0 0 0 0 0 3 3 49197 88
0x00007aca1fe5e540 0x0000000c81fa1540 0 1 0 0 0 3 3 49197 80
0x00007aca1fe5e5c0 0x0000000c81fa15c0 0 1 0 0 0 3 3 49197 88
0x00007aca1fe5e640 0x0000000c81fa1640 0 0 1 0 0 3 3 49197 80
0x00007aca1fe5e6c0 0x0000000c81fa16c0 0 0 1 0 0 3 3 49197 88
0x00007aca1fe5e740 0x0000000c81fa1740 0 1 1 0 0 3 3 49197 80
0x00007aca1fe5e7c0 0x0000000c81fa17c0 0 1 1 0 0 3 3 49197 88
0x00007aca1fe5e840 0x0000000c81fa1840 0 0 0 0 0 3 3 49197 96
0x00007aca1fe5e8c0 0x0000000c81fa18c0 0 0 0 0 0 3 3 49197 104
0x00007aca1fe5e940 0x0000000c81fa1940 0 1 0 0 0 3 3 49197 96
0x00007aca1fe5e9c0 0x0000000c81fa19c0 0 1 0 0 0 3 3 49197 104
0x00007aca1fe5ea40 0x0000000c81fa1a40 0 0 1 0 0 3 3 49197 96
0x00007aca1fe5eac0 0x0000000c81fa1ac0 0 0 1 0 0 3 3 49197 104
0x00007aca1fe5eb40 0x0000000c81fa1b40 0 1 1 0 0 3 3 49197 96
0x00007aca1fe5ebc0 0x0000000c81fa1bc0 0 1 1 0 0 3 3 49197 104
0x00007aca1fe5ec40 0x0000000c81fa1c40 0 0 0 0 0 3 3 49197 112
0x00007aca1fe5ecc0 0x0000000c81fa1cc0 0 0 0 0 0 3 3 49197 120
0x00007aca1fe5ed40 0x0000000c81fa1d40 0 1 0 0 0 3 3 49197 112
0x00007aca1fe5edc0 0x0000000c81fa1dc0 0 1 0 0 0 3 3 49197 120
0x00007aca1fe5ee40 0x0000000c81fa1e40 0 0 1 0 0 3 3 49197 112
0x00007aca1fe5eec0 0x0000000c81fa1ec0 0 0 1 0 0 3 3 49197 120
0x00007aca1fe5ef40 0x0000000c81fa1f40 0 1 1 0 0 3 3 49197 112
0x00007aca1fe5efc0 0x0000000c81fa1fc0 0 1 1 0 0 3 3 49197 120
0x00007aca1fe67040 0x000000090df23040 0 0 0 0 0 3 3 33209 192
0x00007aca1fe670c0 0x000000090df230c0 0 0 0 0 0 3 3 33209 200
0x00007aca1fe67140 0x000000090df23140 0 1 0 0 0 3 3 33209 192
0x00007aca1fe671c0 0x000000090df231c0 0 1 0 0 0 3 3 33209 200
0x00007aca1fe67240 0x000000090df23240 0 0 1 0 0 3 3 33209 192
0x00007aca1fe672c0 0x000000090df232c0 0 0 1 0 0 3 3 33209 200
0x00007aca1fe67340 0x000000090df23340 0 1 1 0 0 3 3 33209 192
0x00007aca1fe673c0 0x000000090df233c0 0 1 1 0 0 3 3 33209 200
0x00007aca1fe67440 0x000000090df23440 0 0 0 0 0 3 3 33209 208
0x00007aca1fe674c0 0x000000090df234c0 0 0 0 0 0 3 3 33209 216
0x00007aca1fe67540 0x000000090df23540 0 1 0 0 0 3 3 33209 208
0x00007aca1fe675c0 0x000000090df235c0 0 1 0 0 0 3 3 33209 216
0x00007aca1fe67640 0x000000090df23640 0 0 1 0 0 3 3 33209 208
0x00007aca1fe676c0 0x000000090df236c0 0 0 1 0 0 3 3 33209 216
0x00007aca1fe67740 0x000000090df23740 0 1 1 0 0 3 3 33209 208
0x00007aca1fe677c0 0x000000090df237c0 0 1 1 0 0 3 3 33209 216
0x00007aca1fe67840 0x000000090df23840 0 0 0 0 0 3 3 33209 224
0x00007aca1fe678c0 0x000000090df238c0 0 0 0 0 0 3 3 33209 232
0x00007aca1fe67940 0x000000090df23940 0 1 0 0 0 3 3 33209 224
0x00007aca1fe679c0 0x000000090df239c0 0 1 0 0 0 3 3 33209 232
0x00007aca1fe67a40 0x000000090df23a40 0 0 1 0 0 3 3 33209 224
0x00007aca1fe67ac0 0x000000090df23ac0 0 0 1 0 0 3 3 33209 232
0x00007aca1fe67b40 0x000000090df23b40 0 1 1 0 0 3 3 33209 224
0x00007aca1fe67bc0 0x000000090df23bc0 0 1 1 0 0 3 3 33209 232
0x00007aca1fe67c40 0x000000090df23c40 0 0 0 0 0 3 3 33209 240
0x00007aca1fe67cc0 0x000000090df23cc0 0 0 0 0 0 3 3 33209 248
0x00007aca1fe67d40 0x000000090df23d40 0 1 0 0 0 3 3 33209 240
0x00007aca1fe67dc0 0x000000090df23dc0 0 1 0 0 0 3 3 33209 248
0x00007aca1fe67e40 0x000000090df23e40 0 0 1 0 0 3 3 33209 240
0x00007aca1fe67ec0 0x000000090df23ec0 0 0 1 0 0 3 3 33209 248
0x00007aca1fe67f40 0x000000090df23f40 0 1 1 0 0 3 3 33209 240
0x00007aca1fe67fc0 0x000000090df23fc0 0 1 1 0 0 3 3 33209 248
0x00007aca1fe6a040 0x0000000252f0e040 0 0 0 0 1 3 3 6744 384
0x00007aca1fe6a0c0 0x0000000252f0e0c0 0 0 0 0 1 3 3 6744 392
0x00007aca1fe6a140 0x0000000252f0e140 0 1 0 0 1 3 3 6744 384
0x00007aca1fe6a1c0 0x0000000252f0e1c0 0 1 0 0 1 3 3 6744 392
0x00007aca1fe6a240 0x0000000252f0e240 0 0 1 0 1 3 3 6744 384
0x00007aca1fe6a2c0 0x0000000252f0e2c0 0 0 1 0 1 3 3 6744 392
0x00007aca1fe6a340 0x0000000252f0e340 0 1 1 0 1 3 3 6744 384
0x00007aca1fe6a3c0 0x0000000252f0e3c0 0 1 1 0 1 3 3 6744 392
0x00007aca1fe6a440 0x0000000252f0e440 0 0 0 0 1 3 3 6744 400
0x00007aca1fe6a4c0 0x0000000252f0e4c0 0 0 0 0 1 3 3 6744 408
0x00007aca1fe6a540 0x0000000252f0e540 0 1 0 0 1 3 3 6744 400
0x00007aca1fe6a5c0 0x0000000252f0e5c0 0 1 0 0 1 3 3 6744 408
0x00007aca1fe6a640 0x0000000252f0e640 0 0 1 0 1 3 3 6744 400
0x00007aca1fe6a6c0 0x0000000252f0e6c0 0 0 1 0 1 3 3 6744 408
0x00007aca1fe6a740 0x0000000252f0e740 0 1 1 0 1 3 3 6744 400
0x00007aca1fe6a7c0 0x0000000252f0e7c0 0 1 1 0 1 3 3 6744 408
0x00007aca1fe6a840 0x0000000252f0e840 0 0 0 0 1 3 3 6744 416
0x00007aca1fe6a8c0 0x0000000252f0e8c0 0 0 0 0 1 3 3 6744 424
0x00007aca1fe6a940 0x0000000252f0e940 0 1 0 0 1 3 3 6744 416
0x00007aca1fe6a9c0 0x0000000252f0e9c0 0 1 0 0 1 3 3 6744 424
0x00007aca1fe6aa40 0x0000000252f0ea40 0 0 1 0 1 3 3 6744 416
0x00007aca1fe6aac0 0x0000000252f0eac0 0 0 1 0 1 3 3 6744 424
0x00007aca1fe6ab40 0x0000000252f0eb40 0 1 1 0 1 3 3 6744 416
0x00007aca1fe6abc0 0x0000000252f0ebc0 0 1 1 0 1 3 3 6744 424
0x00007aca1fe6ac40 0x0000000252f0ec40 0 0 0 0 1 3 3 6744 432
0x00007aca1fe6acc0 0x0000000252f0ecc0 0 0 0 0 1 3 3 6744 440
0x00007aca1fe6ad40 0x0000000252f0ed40 0 1 0 0 1 3 3 6744 432
0x00007aca1fe6adc0 0x0000000252f0edc0 0 1 0 0 1 3 3 6744 440
0x00007aca1fe6ae40 0x0000000252f0ee40 0 0 1 0 1 3 3 6744 432
0x00007aca1fe6aec0 0x0000000252f0eec0 0 0 1 0 1 3 3 6744 440
0x00007aca1fe6af40 0x0000000252f0ef40 0 1 1 0 1 3 3 6744 432
0x00007aca1fe6afc0 0x0000000252f0efc0 0 1 1 0 1 3 3 6744 440
0x00007aca1fe6c040 0x00000008eef08040 0 0 0 0 1 3 3 36296 0
0x00007aca1fe6c0c0 0x00000008eef080c0 0 0 0 0 1 3 3 36296 8
0x00007aca1fe6c140 0x00000008eef08140 0 1 0 0 1 3 3 36296 0
0x00007aca1fe6c1c0 0x00000008eef081c0 0 1 0 0 1 3 3 36296 8
0x00007aca1fe6c240 0x00000008eef08240 0 0 1 0 1 3 3 36296 0
0x00007aca1fe6c2c0 0x00000008eef082c0 0 0 1 0 1 3 3 36296 8
0x00007aca1fe6c340 0x00000008eef08340 0 1 1 0 1 3 3 36296 0
0x00007aca1fe6c3c0 0x00000008eef083c0 0 1 1 0 1 3 3 36296 8
0x00007aca1fe6c440 0x00000008eef08440 0 0 0 0 1 3 3 36296 16
0x00007aca1fe6c4c0 0x00000008eef084c0 0 0 0 0 1 3 3 36296 24
0x00007aca1fe6c540 0x00000008eef08540 0 1 0 0 1 3 3 36296 16
0x00007aca1fe6c5c0 0x00000008eef085c0 0 1 0 0 1 3 3 36296 24
0x00007aca1fe6c640 0x00000008eef08640 0 0 1 0 1 3 3 36296 16
0x00007aca1fe6c6c0 0x00000008eef086c0 0 0 1 0 1 3 3 36296 24
0x00007aca1fe6c740 0x00000008eef08740 0 1 1 0 1 3 3 36296 16
0x00007aca1fe6c7c0 0x00000008eef087c0 0 1 1 0 1 3 3 36296 24
0x00007aca1fe6c840 0x00000008eef08840 0 0 0 0 1 3 3 36296 32
0x00007aca1fe6c8c0 0x00000008eef088c0 0 0 0 0 1 3 3 36296 40
0x00007aca1fe6c940 0x00000008eef08940 0 1 0 0 1 3 3 36296 32
0x00007aca1fe6c9c0 0x00000008eef089c0 0 1 0 0 1 3 3 36296 40
0x00007aca1fe6ca40 0x00000008eef08a40 0 0 1 0 1 3 3 36296 32
0x00007aca1fe6cac0 0x00000008eef08ac0 0 0 1 0 1 3 3 36296 40
0x00007aca1fe6cb40 0x00000008eef08b40 0 1 1 0 1 3 3 36296 32
0x00007aca1fe6cbc0 0x00000008eef08bc0 0 1 1 0 1 3 3 36296 40
0x00007aca1fe6cc40 0x00000008eef08c40 0 0 0 0 1 3 3 36296 48
0x00007aca1fe6ccc0 0x00000008eef08cc0 0 0 0 0 1 3 3 36296 56
0x00007aca1fe6cd40 0x00000008eef08d40 0 1 0 0 1 3 3 36296 48
0x00007aca1fe6cdc0 0x00000008eef08dc0 0 1 0 0 1 3 3 36296 56
0x00007aca1fe6ce40 0x00000008eef08e40 0 0 1 0 1 3 3 36296 48
0x00007aca1fe6cec0 0x00000008eef08ec0 0 0 1 0 1 3 3 36296 56
0x00007aca1fe6cf40 0x00000008eef08f40 0 1 1 0 1 3 3 36296 48
0x00007aca1fe6cfc0 0x00000008eef08fc0 0 1 1 0 1 3 3 36296 56
0x00007aca1fe6f040 0x0000000efaf07040 0 0 0 0 0 3 3 61256 448
0x00007aca1fe6f0c0 0x0000000efaf070c0 0 0 0 0 0 3 3 61256 456
0x00007aca1fe6f140 0x0000000efaf07140 0 1 0 0 0 3 3 61256 448
0x00007aca1fe6f1c0 0x0000000efaf071c0 0 1 0 0 0 3 3 61256 456
0x00007aca1fe6f240 0x0000000efaf07240 0 0 1 0 0 3 3 61256 448
0x00007aca1fe6f2c0 0x0000000efaf072c0 0 0 1 0 0 3 3 61256 456
0x00007aca1fe6f340 0x0000000efaf07340 0 1 1 0 0 3 3 61256 448
0x00007aca1fe6f3c0 0x0000000efaf073c0 0 1 1 0 0 3 3 61256 456
0x00007aca1fe6f440 0x0000000efaf07440 0 0 0 0 0 3 3 61256 464
0x00007aca1fe6f4c0 0x0000000efaf074c0 0 0 0 0 0 3 3 61256 472
0x00007aca1fe6f540 0x0000000efaf07540 0 1 0 0 0 3 3 61256 464
0x00007aca1fe6f5c0 0x0000000efaf075c0 0 1 0 0 0 3 3 61256 472
0x00007aca1fe6f640 0x0000000efaf07640 0 0 1 0 0 3 3 61256 464
0x00007aca1fe6f6c0 0x0000000efaf076c0 0 0 1 0 0 3 3 61256 472
0x00007aca1fe6f740 0x0000000efaf07740 0 1 1 0 0 3 3 61256 464
0x00007aca1fe6f7c0 0x0000000efaf077c0 0 1 1 0 0 3 3 61256 472
0x00007aca1fe6f840 0x0000000efaf07840 0 0 0 0 0 3 3 61256 480
0x00007aca1fe6f8c0 0x0000000efaf078c0 0 0 0 0 0 3 3 61256 488
0x00007aca1fe6f940 0x0000000efaf07940 0 1 0 0 0 3 3 61256 480
0x00007aca1fe6f9c0 0x0000000efaf079c0 0 1 0 0 0 3 3 61256 488
0x00007aca1fe6fa40 0x0000000efaf07a40 0 0 1 0 0 3 3 61256 480
0x00007aca1fe6fac0 0x0000000efaf07ac0 0 0 1 0 0 3 3 61256 488
0x00007aca1fe6fb40 0x0000000efaf07b40 0 1 1 0 0 3 3 61256 480
0x00007aca1fe6fbc0 0x0000000efaf07bc0 0 1 1 0 0 3 3 61256 488
0x00007aca1fe6fc40 0x0000000efaf07c40 0 0 0 0 0 3 3 61256 496
0x00007aca1fe6fcc0 0x0000000efaf07cc0 0 0 0 0 0 3 3 61256 504
0x00007aca1fe6fd40 0x0000000efaf07d40 0 1 0 0 0 3 3 61256 496
0x00007aca1fe6fdc0 0x0000000efaf07dc0 0 1 0 0 0 3 3 61256 504
0x00007aca1fe6fe40 0x0000000efaf07e40 0 0 1 0 0 3 3 61256 496
0x00007aca1fe6fec0 0x0000000efaf07ec0 0 0 1 0 0 3 3 61256 504
0x00007aca1fe6ff40 0x0000000efaf07f40 0 1 1 0 0 3 3 61256 496
0x00007aca1fe6ffc0 0x0000000efaf07fc0 0 1 1 0 0 3 3 61256 504
0x00007aca1fe77040 0x000000024f7d6040 0 0 0 0 0 3 3 6646 896
0x00007aca1fe770c0 0x000000024f7d60c0 0 0 0 0 0 3 3 6646 904
0x00007aca1fe77140 0x000000024f7d6140 0 1 0 0 0 3 3 6646 896
0x00007aca1fe771c0 0x000000024f7d61c0 0 1 0 0 0 3 3 6646 904
0x00007aca1fe77240 0x000000024f7d6240 0 0 1 0 0 3 3 6646 896
0x00007aca1fe772c0 0x000000024f7d62c0 0 0 1 0 0 3 3 6646 904
0x00007aca1fe77340 0x000000024f7d6340 0 1 1 0 0 3 3 6646 896
0x00007aca1fe773c0 0x000000024f7d63c0 0 1 1 0 0 3 3 6646 904
0x00007aca1fe77440 0x000000024f7d6440 0 0 0 0 0 3 3 6646 912
0x00007aca1fe774c0 0x000000024f7d64c0 0 0 0 0 0 3 3 6646 920
0x00007aca1fe77540 0x000000024f7d6540 0 1 0 0 0 3 3 6646 912
0x00007aca1fe775c0 0x000000024f7d65c0 0 1 0 0 0 3 3 6646 920
0x00007aca1fe77640 0x000000024f7d6640 0 0 1 0 0 3 3 6646 912
0x00007aca1fe776c0 0x000000024f7d66c0 0 0 1 0 0 3 3 6646 920
0x00007aca1fe77740 0x000000024f7d6740 0 1 1 0 0 3 3 6646 912
0x00007aca1fe777c0 0x000000024f7d67c0 0 1 1 0 0 3 3 6646 920
0x00007aca1fe77840 0x000000024f7d6840 0 0 0 0 0 3 3 6646 928
0x00007aca1fe778c0 0x000000024f7d68c0 0 0 0 0 0 3 3 6646 936
0x00007aca1fe77940 0x000000024f7d6940 0 1 0 0 0 3 3 6646 928
0x00007aca1fe779c0 0x000000024f7d69c0 0 1 0 0 0 3 3 6646 936
0x00007aca1fe77a40 0x000000024f7d6a40 0 0 1 0 0 3 3 6646 928
0x00007aca1fe77ac0 0x000000024f7d6ac0 0 0 1 0 0 3 3 6646 936
0x00007aca1fe77b40 0x000000024f7d6b40 0 1 1 0 0 3 3 6646 928
0x00007aca1fe77bc0 0x000000024f7d6bc0 0 1 1 0 0 3 3 6646 936
0x00007aca1fe77c40 0x000000024f7d6c40 0 0 0 0 0 3 3 6646 944
0x00007aca1fe77cc0 0x000000024f7d6cc0 0 0 0 0 0 3 3 6646 952
0x00007aca1fe77d40 0x000000024f7d6d40 0 1 0 0 0 3 3 6646 944
0x00007aca1fe77dc0 0x000000024f7d6dc0 0 1 0 0 0 3 3 6646 952
0x00007aca1fe77e40 0x000000024f7d6e40 0 0 1 0 0 3 3 6646 944
0x00007aca1fe77ec0 0x000000024f7d6ec0 0 0 1 0 0 3 3 6646 952
0x00007aca1fe77f40 0x000000024f7d6f40 0 1 1 0 0 3 3 6646 944
0x00007aca1fe77fc0 0x000000024f7d6fc0 0 1 1 0 0 3 3 6646 952
0x00007aca1fe82040 0x0000000ee9720040 0 0 0 0 0 3 3 60705 0
0x00007aca1fe820c0 0x0000000ee97200c0 0 0 0 0 0 3 3 60705 8
0x00007aca1fe82140 0x0000000ee9720140 0 1 0 0 0 3 3 60705 0
0x00007aca1fe821c0 0x0000000ee97201c0 0 1 0 0 0 3 3 60705 8
0x00007aca1fe82240 0x0000000ee9720240 0 0 1 0 0 3 3 60705 0
0x00007aca1fe822c0 0x0000000ee97202c0 0 0 1 0 0 3 3 60705 8
0x00007aca1fe82340 0x0000000ee9720340 0 1 1 0 0 3 3 60705 0
0x00007aca1fe823c0 0x0000000ee97203c0 0 1 1 0 0 3 3 60705 8
0x00007aca1fe82440 0x0000000ee9720440 0 0 0 0 0 3 3 60705 16
0x00007aca1fe824c0 0x0000000ee97204c0 0 0 0 0 0 3 3 60705 24
0x00007aca1fe82540 0x0000000ee9720540 0 1 0 0 0 3 3 60705 16
0x00007aca1fe825c0 0x0000000ee97205c0 0 1 0 0 0 3 3 60705 24
0x00007aca1fe82640 0x0000000ee9720640 0 0 1 0 0 3 3 60705 16
0x00007aca1fe826c0 0x0000000ee97206c0 0 0 1 0 0 3 3 60705 24
0x00007aca1fe82740 0x0000000ee9720740 0 1 1 0 0 3 3 60705 16
0x00007aca1fe827c0 0x0000000ee97207c0 0 1 1 0 0 3 3 60705 24
0x00007aca1fe82840 0x0000000ee9720840 0 0 0 0 0 3 3 60705 32
0x00007aca1fe828c0 0x0000000ee97208c0 0 0 0 0 0 3 3 60705 40
0x00007aca1fe82940 0x0000000ee9720940 0 1 0 0 0 3 3 60705 32
0x00007aca1fe829c0 0x0000000ee97209c0 0 1 0 0 0 3 3 60705 40
0x00007aca1fe82a40 0x0000000ee9720a40 0 0 1 0 0 3 3 60705 32
0x00007aca1fe82ac0 0x0000000ee9720ac0 0 0 1 0 0 3 3 60705 40
0x00007aca1fe82b40 0x0000000ee9720b40 0 1 1 0 0 3 3 60705 32
0x00007aca1fe82bc0 0x0000000ee9720bc0 0 1 1 0 0 3 3 60705 40
0x00007aca1fe82c40 0x0000000ee9720c40 0 0 0 0 0 3 3 60705 48
0x00007aca1fe82cc0 0x0000000ee9720cc0 0 0 0 0 0 3 3 60705 56
0x00007aca1fe82d40 0x0000000ee9720d40 0 1 0 0 0 3 3 60705 48
0x00007aca1fe82dc0 0x0000000ee9720dc0 0 1 0 0 0 3 3 60705 56
0x00007aca1fe82e40 0x0000000ee9720e40 0 0 1 0 0 3 3 60705 48
0x00007aca1fe82ec0 0x0000000ee9720ec0 0 0 1 0 0 3 3 60705 56
0x00007aca1fe82f40 0x0000000ee9720f40 0 1 1 0 0 3 3 60705 48
0x00007aca1fe82fc0 0x0000000ee9720fc0 0 1 1 0 0 3 3 60705 56
0x00007aca1fe89040 0x00000004d5760040 0 0 0 0 0 3 3 19107 0
0x00007aca1fe890c0 0x00000004d57600c0 0 0 0 0 0 3 3 19107 8
0x00007aca1fe89140 0x00000004d5760140 0 1 0 0 0 3 3 19107 0
0x00007aca1fe891c0 0x00000004d57601c0 0 1 0 0 0 3 3 19107 8
0x00007aca1fe89240 0x00000004d5760240 0 0 1 0 0 3 3 19107 0
0x00007aca1fe892c0 0x00000004d57602c0 0 0 1 0 0 3 3 19107 8
0x00007aca1fe89340 0x00000004d5760340 0 1 1 0 0 3 3 19107 0
0x00007aca1fe893c0 0x00000004d57603c0 0 1 1 0 0 3 3 19107 8
0x00007aca1fe89440 0x00000004d5760440 0 0 0 0 0 3 3 19107 16
0x00007aca1fe894c0 0x00000004d57604c0 0 0 0 0 0 3 3 19107 24
0x00007aca1fe89540 0x00000004d5760540 0 1 0 0 0 3 3 19107 16
0x00007aca1fe895c0 0x00000004d57605c0 0 1 0 0 0 3 3 19107 24
0x00007aca1fe89640 0x00000004d5760640 0 0 1 0 0 3 3 19107 16
0x00007aca1fe896c0 0x00000004d57606c0 0 0 1 0 0 3 3 19107 24
0x00007aca1fe89740 0x00000004d5760740 0 1 1 0 0 3 3 19107 16
0x00007aca1fe897c0 0x00000004d57607c0 0 1 1 0 0 3 3 19107 24
0x00007aca1fe89840 0x00000004d5760840 0 0 0 0 0 3 3 19107 32
0x00007aca1fe898c0 0x00000004d57608c0 0 0 0 0 0 3 3 19107 40
0x00007aca1fe89940 0x00000004d5760940 0 1 0 0 0 3 3 19107 32
0x00007aca1fe899c0 0x00000004d57609c0 0 1 0 0 0 3 3 19107 40
0x00007aca1fe89a40 0x00000004d5760a40 0 0 1 0 0 3 3 19107 32
0x00007aca1fe89ac0 0x00000004d5760ac0 0 0 1 0 0 3 3 19107 40
0x00007aca1fe89b40 0x00000004d5760b40 0 1 1 0 0 3 3 19107 32
0x00007aca1fe89bc0 0x00000004d5760bc0 0 1 1 0 0 3 3 19107 40
0x00007aca1fe89c40 0x00000004d5760c40 0 0 0 0 0 3 3 19107 48
0x00007aca1fe89cc0 0x00000004d5760cc0 0 0 0 0 0 3 3 19107 56
0x00007aca1fe89d40 0x00000004d5760d40 0 1 0 0 0 3 3 19107 48
0x00007aca1fe89dc0 0x00000004d5760dc0 0 1 0 0 0 3 3 19107 56
0x00007aca1fe89e40 0x00000004d5760e40 0 0 1 0 0 3 3 19107 48
0x00007aca1fe89ec0 0x00000004d5760ec0 0 0 1 0 0 3 3 19107 56
0x00007aca1fe89f40 0x00000004d5760f40 0 1 1 0 0 3 3 19107 48
0x00007aca1fe89fc0 0x00000004d5760fc0 0 1 1 0 0 3 3 19107 56
0x00007aca1fe8b040 0x0000000de472c040 0 0 0 0 1 3 3 56449 256
0x00007aca1fe8b0c0 0x0000000de472c0c0 0 0 0 0 1 3 3 56449 264
0x00007aca1fe8b140 0x0000000de472c140 0 1 0 0 1 3 3 56449 256
0x00007aca1fe8b1c0 0x0000000de472c1c0 0 1 0 0 1 3 3 56449 264
0x00007aca1fe8b240 0x0000000de472c240 0 0 1 0 1 3 3 56449 256
0x00007aca1fe8b2c0 0x0000000de472c2c0 0 0 1 0 1 3 3 56449 264
0x00007aca1fe8b340 0x0000000de472c340 0 1 1 0 1 3 3 56449 256
0x00007aca1fe8b3c0 0x0000000de472c3c0 0 1 1 0 1 3 3 56449 264
0x00007aca1fe8b440 0x0000000de472c440 0 0 0 0 1 3 3 56449 272
0x00007aca1fe8b4c0 0x0000000de472c4c0 0 0 0 0 1 3 3 56449 280
0x00007aca1fe8b540 0x0000000de472c540 0 1 0 0 1 3 3 56449 272
0x00007aca1fe8b5c0 0x0000000de472c5c0 0 1 0 0 1 3 3 56449 280
0x00007aca1fe8b640 0x0000000de472c640 0 0 1 0 1 3 3 56449 272
0x00007aca1fe8b6c0 0x0000000de472c6c0 0 0 1 0 1 3 3 56449 280
0x00007aca1fe8b740 0x0000000de472c740 0 1 1 0 1 3 3 56449 272
0x00007aca1fe8b7c0 0x0000000de472c7c0 0 1 1 0 1 3 3 56449 280
0x00007aca1fe8b840 0x0000000de472c840 0 0 0 0 1 3 3 56449 288
0x00007aca1fe8b8c0 0x0000000de472c8c0 0 0 0 0 1 3 3 56449 296
0x00007aca1fe8b940 0x0000000de472c940 0 1 0 0 1 3 3 56449 288
0x00007aca1fe8b9c0 0x0000000de472c9c0 0 1 0 0 1 3 3 56449 296
0x00007aca1fe8ba40 0x0000000de472ca40 0 0 1 0 1 3 3 56449 288
0x00007aca1fe8bac0 0x0000000de472cac0 0 0 1 0 1 3 3 56449 296
0x00007aca1fe8bb40 0x0000000de472cb40 0 1 1 0 1 3 3 56449 288
0x00007aca1fe8bbc0 0x0000000de472cbc0 0 1 1 0 1 3 3 56449 296
0x00007aca1fe8bc40 0x0000000de472cc40 0 0 0 0 1 3 3 56449 304
0x00007aca1fe8bcc0 0x0000000de472ccc0 0 0 0 0 1 3 3 56449 312
0x00007aca1fe8bd40 0x0000000de472cd40 0 1 0 0 1 3 3 56449 304
0x00007aca1fe8bdc0 0x0000000de472cdc0 0 1 0 0 1 3 3 56449 312
0x00007aca1fe8be40 0x0000000de472ce40 0 0 1 0 1 3 3 56449 304
0x00007aca1fe8bec0 0x0000000de472cec0 0 0 1 0 1 3 3 56449 312
0x00007aca1fe8bf40 0x0000000de472cf40 0 1 1 0 1 3 3 56449 304
0x00007aca1fe8bfc0 0x0000000de472cfc0 0 1 1 0 1 3 3 56449 312
0x00007aca1fe94040 0x0000000e977c9040 0 0 0 0 1 3 3 58086 64
0x00007aca1fe940c0 0x0000000e977c90c0 0 0 0 0 1 3 3 58086 72
0x00007aca1fe94140 0x0000000e977c9140 0 1 0 0 1 3 3 58086 64
0x00007aca1fe941c0 0x0000000e977c91c0 0 1 0 0 1 3 3 58086 72
0x00007aca1fe94240 0x0000000e977c9240 0 0 1 0 1 3 3 58086 64
0x00007aca1fe942c0 0x0000000e977c92c0 0 0 1 0 1 3 3 58086 72
0x00007aca1fe94340 0x0000000e977c9340 0 1 1 0 1 3 3 58086 64
0x00007aca1fe943c0 0x0000000e977c93c0 0 1 1 0 1 3 3 58086 72
0x00007aca1fe94440 0x0000000e977c9440 0 0 0 0 1 3 3 58086 80
0x00007aca1fe944c0 0x0000000e977c94c0 0 0 0 0 1 3 3 58086 88
0x00007aca1fe94540 0x0000000e977c9540 0 1 0 0 1 3 3 58086 80
0x00007aca1fe945c0 0x0000000e977c95c0 0 1 0 0 1 3 3 58086 88
0x00007aca1fe94640 0x0000000e977c9640 0 0 1 0 1 3 3 58086 80
0x00007aca1fe946c0 0x0000000e977c96c0 0 0 1 0 1 3 3 58086 88
0x00007aca1fe94740 0x0000000e977c9740 0 1 1 0 1 3 3 58086 80
0x00007aca1fe947c0 0x0000000e977c97c0 0 1 1 0 1 3 3 58086 88
0x00007aca1fe94840 0x0000000e977c9840 0 0 0 0 1 3 3 58086 96
0x00007aca1fe948c0 0x0000000e977c98c0 0 0 0 0 1 3 3 58086 104
0x00007aca1fe94940 0x0000000e977c9940 0 1 0 0 1 3 3 58086 96
0x00007aca1fe949c0 0x0000000e977c99c0 0 1 0 0 1 3 3 58086 104
0x00007aca1fe94a40 0x0000000e977c9a40 0 0 1 0 1 3 3 58086 96
0x00007aca1fe94ac0 0x0000000e977c9ac0 0 0 1 0 1 3 3 58086 104
0x00007aca1fe94b40 0x0000000e977c9b40 0 1 1 0 1 3 3 58086 96
0x00007aca1fe94bc0 0x0000000e977c9bc0 0 1 1 0 1 3 3 58086 104
0x00007aca1fe94c40 0x0000000e977c9c40 0 0 0 0 1 3 3 58086 112
0x00007aca1fe94cc0 0x0000000e977c9cc0 0 0 0 0 1 3 3 58086 120
0x00007aca1fe94d40 0x0000000e977c9d40 0 1 0 0 1 3 3 58086 112
0x00007aca1fe94dc0 0x0000000e977c9dc0 0 1 0 0 1 3 3 58086 120
0x00007aca1fe94e40 0x0000000e977c9e40 0 0 1 0 1 3 3 58086 112
0x00007aca1fe94ec0 0x0000000e977c9ec0 0 0 1 0 1 3 3 58086 120
0x00007aca1fe94f40 0x0000000e977c9f40 0 1 1 0 1 3 3 58086 112
0x00007aca1fe94fc0 0x0000000e977c9fc0 0 1 1 0 1 3 3 58086 120
0x00007aca1fe95040 0x0000000ed0736040 0 0 0 0 0 3 3 59905 896
0x00007aca1fe950c0 0x0000000ed07360c0 0 0 0 0 0 3 3 59905 904
0x00007aca1fe95140 0x0000000ed0736140 0 1 0 0 0 3 3 59905 896
0x00007aca1fe951c0 0x0000000ed07361c0 0 1 0 0 0 3 3 59905 904
0x00007aca1fe95240 0x0000000ed0736240 0 0 1 0 0 3 3 59905 896
0x00007aca1fe952c0 0x0000000ed07362c0 0 0 1 0 0 3 3 59905 904
0x00007aca1fe95340 0x0000000ed0736340 0 1 1 0 0 3 3 59905 896
0x00007aca1fe953c0 0x0000000ed07363c0 0 1 1 0 0 3 3 59905 904
0x00007aca1fe95440 0x0000000ed0736440 0 0 0 0 0 3 3 59905 912
0x00007aca1fe954c0 0x0000000ed07364c0 0 0 0 0 0 3 3 59905 920
0x00007aca1fe95540 0x0000000ed0736540 0 1 0 0 0 3 3 59905 912
0x00007aca1fe955c0 0x0000000ed07365c0 0 1 0 0 0 3 3 59905 920
0x00007aca1fe95640 0x0000000ed0736640 0 0 1 0 0 3 3 59905 912
0x00007aca1fe956c0 0x0000000ed07366c0 0 0 1 0 0 3 3 59905 920
0x00007aca1fe95740 0x0000000ed0736740 0 1 1 0 0 3 3 59905 912
0x00007aca1fe957c0 0x0000000ed07367c0 0 1 1 0 0 3 3 59905 920
0x00007aca1fe95840 0x0000000ed0736840 0 0 0 0 0 3 3 59905 928
0x00007aca1fe958c0 0x0000000ed07368c0 0 0 0 0 0 3 3 59905 936
0x00007aca1fe95940 0x0000000ed0736940 0 1 0 0 0 3 3 59905 928
0x00007aca1fe959c0 0x0000000ed07369c0 0 1 0 0 0 3 3 59905 936
0x00007aca1fe95a40 0x0000000ed0736a40 0 0 1 0 0 3 3 59905 928
0x00007aca1fe95ac0 0x0000000ed0736ac0 0 0 1 0 0 3 3 59905 936
0x00007aca1fe95b40 0x0000000ed0736b40 0 1 1 0 0 3 3 59905 928
0x00007aca1fe95bc0 0x0000000ed0736bc0 0 1 1 0 0 3 3 59905 936
0x00007aca1fe95c40 0x0000000ed0736c40 0 0 0 0 0 3 3 59905 944
0x00007aca1fe95cc0 0x0000000ed0736cc0 0 0 0 0 0 3 3 59905 952
0x00007aca1fe95d40 0x0000000ed0736d40 0 1 0 0 0 3 3 59905 944
0x00007aca1fe95dc0 0x0000000ed0736dc0 0 1 0 0 0 3 3 59905 952
0x00007aca1fe95e40 0x0000000ed0736e40 0 0 1 0 0 3 3 59905 944
0x00007aca1fe95ec0 0x0000000ed0736ec0 0 0 1 0 0 3 3 59905 952
0x00007aca1fe95f40 0x0000000ed0736f40 0 1 1 0 0 3 3 59905 944
0x00007aca1fe95fc0 0x0000000ed0736fc0 0 1 1 0 0 3 3 59905 952
0x00007aca1fe99040 0x0000000ee9777040 0 0 0 0 0 3 3 60707 960
0x00007aca1fe990c0 0x0000000ee97770c0 0 0 0 0 0 3 3 60707 968
0x00007aca1fe99140 0x0000000ee9777140 0 1 0 0 0 3 3 60707 960
0x00007aca1fe991c0 0x0000000ee97771c0 0 1 0 0 0 3 3 60707 968
0x00007aca1fe99240 0x0000000ee9777240 0 0 1 0 0 3 3 60707 960
0x00007aca1fe992c0 0x0000000ee97772c0 0 0 1 0 0 3 3 60707 968
0x00007aca1fe99340 0x0000000ee9777340 0 1 1 0 0 3 3 60707 960
0x00007aca1fe993c0 0x0000000ee97773c0 0 1 1 0 0 3 3 60707 968
0x00007aca1fe99440 0x0000000ee9777440 0 0 0 0 0 3 3 60707 976
0x00007aca1fe994c0 0x0000000ee97774c0 0 0 0 0 0 3 3 60707 984
0x00007aca1fe99540 0x0000000ee9777540 0 1 0 0 0 3 3 60707 976
0x00007aca1fe995c0 0x0000000ee97775c0 0 1 0 0 0 3 3 60707 984
0x00007aca1fe99640 0x0000000ee9777640 0 0 1 0 0 3 3 60707 976
0x00007aca1fe996c0 0x0000000ee97776c0 0 0 1 0 0 3 3 60707 984
0x00007aca1fe99740 0x0000000ee9777740 0 1 1 0 0 3 3 60707 976
0x00007aca1fe997c0 0x0000000ee97777c0 0 1 1 0 0 3 3 60707 984
0x00007aca1fe99840 0x0000000ee9777840 0 0 0 0 0 3 3 60707 992
0x00007aca1fe998c0 0x0000000ee97778c0 0 0 0 0 0 3 3 60707 1000
0x00007aca1fe99940 0x0000000ee9777940 0 1 0 0 0 3 3 60707 992
0x00007aca1fe999c0 0x0000000ee97779c0 0 1 0 0 0 3 3 60707 1000
0x00007aca1fe99a40 0x0000000ee9777a40 0 0 1 0 0 3 3 60707 992
0x00007aca1fe99ac0 0x0000000ee9777ac0 0 0 1 0 0 3 3 60707 1000
0x00007aca1fe99b40 0x0000000ee9777b40 0 1 1 0 0 3 3 60707 992
0x00007aca1fe99bc0 0x0000000ee9777bc0 0 1 1 0 0 3 3 60707 1000
0x00007aca1fe99c40 0x0000000ee9777c40 0 0 0 0 0 3 3 60707 1008
0x00007aca1fe99cc0 0x0000000ee9777cc0 0 0 0 0 0 3 3 60707 1016
0x00007aca1fe99d40 0x0000000ee9777d40 0 1 0 0 0 3 3 60707 1008
0x00007aca1fe99dc0 0x0000000ee9777dc0 0 1 0 0 0 3 3 60707 1016
0x00007aca1fe99e40 0x0000000ee9777e40 0 0 1 0 0 3 3 60707 1008
0x00007aca1fe99ec0 0x0000000ee9777ec0 0 0 1 0 0 3 3 60707 1016
0x00007aca1fe99f40 0x0000000ee9777f40 0 1 1 0 0 3 3 60707 1008
0x00007aca1fe99fc0 0x0000000ee9777fc0 0 1 1 0 0 3 3 60707 1016
0x00007aca1fe9c040 0x0000000d81f09040 0 0 0 0 1 3 3 53288 64
0x00007aca1fe9c0c0 0x0000000d81f090c0 0 0 0 0 1 3 3 53288 72
0x00007aca1fe9c140 0x0000000d81f09140 0 1 0 0 1 3 3 53288 64
0x00007aca1fe9c1c0 0x0000000d81f091c0 0 1 0 0 1 3 3 53288 72
0x00007aca1fe9c240 0x0000000d81f09240 0 0 1 0 1 3 3 53288 64
0x00007aca1fe9c2c0 0x0000000d81f092c0 0 0 1 0 1 3 3 53288 72
0x00007aca1fe9c340 0x0000000d81f09340 0 1 1 0 1 3 3 53288 64
0x00007aca1fe9c3c0 0x0000000d81f093c0 0 1 1 0 1 3 3 53288 72
0x00007aca1fe9c440 0x0000000d81f09440 0 0 0 0 1 3 3 53288 80
0x00007aca1fe9c4c0 0x0000000d81f094c0 0 0 0 0 1 3 3 53288 88
0x00007aca1fe9c540 0x0000000d81f09540 0 1 0 0 1 3 3 53288 80
0x00007aca1fe9c5c0 0x0000000d81f095c0 0 1 0 0 1 3 3 53288 88
0x00007aca1fe9c640 0x0000000d81f09640 0 0 1 0 1 3 3 53288 80
0x00007aca1fe9c6c0 0x0000000d81f096c0 0 0 1 0 1 3 3 53288 88
0x00007aca1fe9c740 0x0000000d81f09740 0 1 1 0 1 3 3 53288 80
0x00007aca1fe9c7c0 0x0000000d81f097c0 0 1 1 0 1 3 3 53288 88
0x00007aca1fe9c840 0x0000000d81f09840 0 0 0 0 1 3 3 53288 96
0x00007aca1fe9c8c0 0x0000000d81f098c0 0 0 0 0 1 3 3 53288 104
0x00007aca1fe9c940 0x0000000d81f09940 0 1 0 0 1 3 3 53288 96
0x00007aca1fe9c9c0 0x0000000d81f099c0 0 1 0 0 1 3 3 53288 104
0x00007aca1fe9ca40 0x0000000d81f09a40 0 0 1 0 1 3 3 53288 96
0x00007aca1fe9cac0 0x0000000d81f09ac0 0 0 1 0 1 3 3 53288 104
0x00007aca1fe9cb40 0x0000000d81f09b40 0 1 1 0 1 3 3 53288 96
0x00007aca1fe9cbc0 0x0000000d81f09bc0 0 1 1 0 1 3 3 53288 104
0x00007aca1fe9cc40 0x0000000d81f09c40 0 0 0 0 1 3 3 53288 112
0x00007aca1fe9ccc0 0x0000000d81f09cc0 0 0 0 0 1 3 3 53288 120
0x00007aca1fe9cd40 0x0000000d81f09d40 0 1 0 0 1 3 3 53288 112
0x00007aca1fe9cdc0 0x0000000d81f09dc0 0 1 0 0 1 3 3 53288 120
0x00007aca1fe9ce40 0x0000000d81f09e40 0 0 1 0 1 3 3 53288 112
0x00007aca1fe9cec0 0x0000000d81f09ec0 0 0 1 0 1 3 3 53288 120
0x00007aca1fe9cf40 0x0000000d81f09f40 0 1 1 0 1 3 3 53288 112
0x00007aca1fe9cfc0 0x0000000d81f09fc0 0 1 1 0 1 3 3 53288 120
0x00007aca1fea6040 0x0000000b8ff3e040 0 0 0 0 1 3 3 45545 896
0x00007aca1fea60c0 0x0000000b8ff3e0c0 0 0 0 0 1 3 3 45545 904
0x00007aca1fea6140 0x0000000b8ff3e140 0 1 0 0 1 3 3 45545 896
0x00007aca1fea61c0 0x0000000b8ff3e1c0 0 1 0 0 1 3 3 45545 904
0x00007aca1fea6240 0x0000000b8ff3e240 0 0 1 0 1 3 3 45545 896
0x00007aca1fea62c0 0x0000000b8ff3e2c0 0 0 1 0 1 3 3 45545 904
0x00007aca1fea6340 0x0000000b8ff3e340 0 1 1 0 1 3 3 45545 896
0x00007aca1fea63c0 0x0000000b8ff3e3c0 0 1 1 0 1 3 3 45545 904
0x00007aca1fea6440 0x0000000b8ff3e440 0 0 0 0 1 3 3 45545 912
0x00007aca1fea64c0 0x0000000b8ff3e4c0 0 0 0 0 1 3 3 45545 920
0x00007aca1fea6540 0x0000000b8ff3e540 0 1 0 0 1 3 3 45545 912
0x00007aca1fea65c0 0x0000000b8ff3e5c0 0 1 0 0 1 3 3 45545 920
0x00007aca1fea6640 0x0000000b8ff3e640 0 0 1 0 1 3 3 45545 912
0x00007aca1fea66c0 0x0000000b8ff3e6c0 0 0 1 0 1 3 3 45545 920
0x00007aca1fea6740 0x0000000b8ff3e740 0 1 1 0 1 3 3 45545 912
0x00007aca1fea67c0 0x0000000b8ff3e7c0 0 1 1 0 1 3 3 45545 920
0x00007aca1fea6840 0x0000000b8ff3e840 0 0 0 0 1 3 3 45545 928
0x00007aca1fea68c0 0x0000000b8ff3e8c0 0 0 0 0 1 3 3 45545 936
0x00007aca1fea6940 0x0000000b8ff3e940 0 1 0 0 1 3 3 45545 928
0x00007aca1fea69c0 0x0000000b8ff3e9c0 0 1 0 0 1 3 3 45545 936
0x00007aca1fea6a40 0x0000000b8ff3ea40 0 0 1 0 1 3 3 45545 928
0x00007aca1fea6ac0 0x0000000b8ff3eac0 0 0 1 0 1 3 3 45545 936
0x00007aca1fea6b40 0x0000000b8ff3eb40 0 1 1 0 1 3 3 45545 928
0x00007aca1fea6bc0 0x0000000b8ff3ebc0 0 1 1 0 1 3 3 45545 936
0x00007aca1fea6c40 0x0000000b8ff3ec40 0 0 0 0 1 3 3 45545 944
0x00007aca1fea6cc0 0x0000000b8ff3ecc0 0 0 0 0 1 3 3 45545 952
0x00007aca1fea6d40 0x0000000b8ff3ed40 0 1 0 0 1 3 3 45545 944
0x00007aca1fea6dc0 0x0000000b8ff3edc0 0 1 0 0 1 3 3 45545 952
0x00007aca1fea6e40 0x0000000b8ff3ee40 0 0 1 0 1 3 3 45545 944
0x00007aca1fea6ec0 0x0000000b8ff3eec0 0 0 1 0 1 3 3 45545 952
0x00007aca1fea6f40 0x0000000b8ff3ef40 0 1 1 0 1 3 3 45545 944
0x00007aca1fea6fc0 0x0000000b8ff3efc0 0 1 1 0 1 3 3 45545 952
0x00007aca1fec6040 0x0000000ee9733040 0 0 0 0 0 3 3 60705 704
0x00007aca1fec60c0 0x0000000ee97330c0 0 0 0 0 0 3 3 60705 712
0x00007aca1fec6140 0x0000000ee9733140 0 1 0 0 0 3 3 60705 704
0x00007aca1fec61c0 0x0000000ee97331c0 0 1 0 0 0 3 3 60705 712
0x00007aca1fec6240 0x0000000ee9733240 0 0 1 0 0 3 3 60705 704
0x00007aca1fec62c0 0x0000000ee97332c0 0 0 1 0 0 3 3 60705 712
0x00007aca1fec6340 0x0000000ee9733340 0 1 1 0 0 3 3 60705 704
0x00007aca1fec63c0 0x0000000ee97333c0 0 1 1 0 0 3 3 60705 712
0x00007aca1fec6440 0x0000000ee9733440 0 0 0 0 0 3 3 60705 720
0x00007aca1fec64c0 0x0000000ee97334c0 0 0 0 0 0 3 3 60705 728
0x00007aca1fec6540 0x0000000ee9733540 0 1 0 0 0 3 3 60705 720
0x00007aca1fec65c0 0x0000000ee97335c0 0 1 0 0 0 3 3 60705 728
0x00007aca1fec6640 0x0000000ee9733640 0 0 1 0 0 3 3 60705 720
0x00007aca1fec66c0 0x0000000ee97336c0 0 0 1 0 0 3 3 60705 728
0x00007aca1fec6740 0x0000000ee9733740 0 1 1 0 0 3 3 60705 720
0x00007aca1fec67c0 0x0000000ee97337c0 0 1 1 0 0 3 3 60705 728
0x00007aca1fec6840 0x0000000ee9733840 0 0 0 0 0 3 3 60705 736
0x00007aca1fec68c0 0x0000000ee97338c0 0 0 0 0 0 3 3 60705 744
0x00007aca1fec6940 0x0000000ee9733940 0 1 0 0 0 3 3 60705 736
0x00007aca1fec69c0 0x0000000ee97339c0 0 1 0 0 0 3 3 60705 744
0x00007aca1fec6a40 0x0000000ee9733a40 0 0 1 0 0 3 3 60705 736
0x00007aca1fec6ac0 0x0000000ee9733ac0 0 0 1 0 0 3 3 60705 744
0x00007aca1fec6b40 0x0000000ee9733b40 0 1 1 0 0 3 3 60705 736
0x00007aca1fec6bc0 0x0000000ee9733bc0 0 1 1 0 0 3 3 60705 744
0x00007aca1fec6c40 0x0000000ee9733c40 0 0 0 0 0 3 3 60705 752
0x00007aca1fec6cc0 0x0000000ee9733cc0 0 0 0 0 0 3 3 60705 760
0x00007aca1fec6d40 0x0000000ee9733d40 0 1 0 0 0 3 3 60705 752
0x00007aca1fec6dc0 0x0000000ee9733dc0 0 1 0 0 0 3 3 60705 760
0x00007aca1fec6e40 0x0000000ee9733e40 0 0 1 0 0 3 3 60705 752
0x00007aca1fec6ec0 0x0000000ee9733ec0 0 0 1 0 0 3 3 60705 760
0x00007aca1fec6f40 0x0000000ee9733f40 0 1 1 0 0 3 3 60705 752
0x00007aca1fec6fc0 0x0000000ee9733fc0 0 1 1 0 0 3 3 60705 760
0x00007aca1fec7040 0x0000000ee972d040 0 0 0 0 1 3 3 60705 320
0x00007aca1fec70c0 0x0000000ee972d0c0 0 0 0 0 1 3 3 60705 328
0x00007aca1fec7140 0x0000000ee972d140 0 1 0 0 1 3 3 60705 320
0x00007aca1fec71c0 0x0000000ee972d1c0 0 1 0 0 1 3 3 60705 328
0x00007aca1fec7240 0x0000000ee972d240 0 0 1 0 1 3 3 60705 320
0x00007aca1fec72c0 0x0000000ee972d2c0 0 0 1 0 1 3 3 60705 328
0x00007aca1fec7340 0x0000000ee972d340 0 1 1 0 1 3 3 60705 320
0x00007aca1fec73c0 0x0000000ee972d3c0 0 1 1 0 1 3 3 60705 328
0x00007aca1fec7440 0x0000000ee972d440 0 0 0 0 1 3 3 60705 336
0x00007aca1fec74c0 0x0000000ee972d4c0 0 0 0 0 1 3 3 60705 344
0x00007aca1fec7540 0x0000000ee972d540 0 1 0 0 1 3 3 60705 336
0x00007aca1fec75c0 0x0000000ee972d5c0 0 1 0 0 1 3 3 60705 344
0x00007aca1fec7640 0x0000000ee972d640 0 0 1 0 1 3 3 60705 336
0x00007aca1fec76c0 0x0000000ee972d6c0 0 0 1 0 1 3 3 60705 344
0x00007aca1fec7740 0x0000000ee972d740 0 1 1 0 1 3 3 60705 336
0x00007aca1fec77c0 0x0000000ee972d7c0 0 1 1 0 1 3 3 60705 344
0x00007aca1fec7840 0x0000000ee972d840 0 0 0 0 1 3 3 60705 352
0x00007aca1fec78c0 0x0000000ee972d8c0 0 0 0 0 1 3 3 60705 360
0x00007aca1fec7940 0x0000000ee972d940 0 1 0 0 1 3 3 60705 352
0x00007aca1fec79c0 0x0000000ee972d9c0 0 1 0 0 1 3 3 60705 360
0x00007aca1fec7a40 0x0000000ee972da40 0 0 1 0 1 3 3 60705 352
0x00007aca1fec7ac0 0x0000000ee972dac0 0 0 1 0 1 3 3 60705 360
0x00007aca1fec7b40 0x0000000ee972db40 0 1 1 0 1 3 3 60705 352
0x00007aca1fec7bc0 0x0000000ee972dbc0 0 1 1 0 1 3 3 60705 360
0x00007aca1fec7c40 0x0000000ee972dc40 0 0 0 0 1 3 3 60705 368
0x00007aca1fec7cc0 0x0000000ee972dcc0 0 0 0 0 1 3 3 60705 376
0x00007aca1fec7d40 0x0000000ee972dd40 0 1 0 0 1 3 3 60705 368
0x00007aca1fec7dc0 0x0000000ee972ddc0 0 1 0 0 1 3 3 60705 376
0x00007aca1fec7e40 0x0000000ee972de40 0 0 1 0 1 3 3 60705 368
0x00007aca1fec7ec0 0x0000000ee972dec0 0 0 1 0 1 3 3 60705 376
0x00007aca1fec7f40 0x0000000ee972df40 0 1 1 0 1 3 3 60705 368
0x00007aca1fec7fc0 0x0000000ee972dfc0 0 1 1 0 1 3 3 60705 376
0x00007aca1fecf040 0x0000000ee97b0040 0 0 0 0 0 3 3 60709 512
0x00007aca1fecf0c0 0x0000000ee97b00c0 0 0 0 0 0 3 3 60709 520
0x00007aca1fecf140 0x0000000ee97b0140 0 1 0 0 0 3 3 60709 512
0x00007aca1fecf1c0 0x0000000ee97b01c0 0 1 0 0 0 3 3 60709 520
0x00007aca1fecf240 0x0000000ee97b0240 0 0 1 0 0 3 3 60709 512
0x00007aca1fecf2c0 0x0000000ee97b02c0 0 0 1 0 0 3 3 60709 520
0x00007aca1fecf340 0x0000000ee97b0340 0 1 1 0 0 3 3 60709 512
0x00007aca1fecf3c0 0x0000000ee97b03c0 0 1 1 0 0 3 3 60709 520
0x00007aca1fecf440 0x0000000ee97b0440 0 0 0 0 0 3 3 60709 528
0x00007aca1fecf4c0 0x0000000ee97b04c0 0 0 0 0 0 3 3 60709 536
0x00007aca1fecf540 0x0000000ee97b0540 0 1 0 0 0 3 3 60709 528
0x00007aca1fecf5c0 0x0000000ee97b05c0 0 1 0 0 0 3 3 60709 536
0x00007aca1fecf640 0x0000000ee97b0640 0 0 1 0 0 3 3 60709 528
0x00007aca1fecf6c0 0x0000000ee97b06c0 0 0 1 0 0 3 3 60709 536
0x00007aca1fecf740 0x0000000ee97b0740 0 1 1 0 0 3 3 60709 528
0x00007aca1fecf7c0 0x0000000ee97b07c0 0 1 1 0 0 3 3 60709 536
0x00007aca1fecf840 0x0000000ee97b0840 0 0 0 0 0 3 3 60709 544
0x00007aca1fecf8c0 0x0000000ee97b08c0 0 0 0 0 0 3 3 60709 552
0x00007aca1fecf940 0x0000000ee97b0940 0 1 0 0 0 3 3 60709 544
0x00007aca1fecf9c0 0x0000000ee97b09c0 0 1 0 0 0 3 3 60709 552
0x00007aca1fecfa40 0x0000000ee97b0a40 0 0 1 0 0 3 3 60709 544
0x00007aca1fecfac0 0x0000000ee97b0ac0 0 0 1 0 0 3 3 60709 552
0x00007aca1fecfb40 0x0000000ee97b0b40 0 1 1 0 0 3 3 60709 544
0x00007aca1fecfbc0 0x0000000ee97b0bc0 0 1 1 0 0 3 3 60709 552
0x00007aca1fecfc40 0x0000000ee97b0c40 0 0 0 0 0 3 3 60709 560
0x00007aca1fecfcc0 0x0000000ee97b0cc0 0 0 0 0 0 3 3 60709 568
0x00007aca1fecfd40 0x0000000ee97b0d40 0 1 0 0 0 3 3 60709 560
0x00007aca1fecfdc0 0x0000000ee97b0dc0 0 1 0 0 0 3 3 60709 568
0x00007aca1fecfe40 0x0000000ee97b0e40 0 0 1 0 0 3 3 60709 560
0x00007aca1fecfec0 0x0000000ee97b0ec0 0 0 1 0 0 3 3 60709 568
0x00007aca1fecff40 0x0000000ee97b0f40 0 1 1 0 0 3 3 60709 560
0x00007aca1fecffc0 0x0000000ee97b0fc0 0 1 1 0 0 3 3 60709 568
0x00007aca1fed4040 0x0000000efafca040 0 0 0 0 1 3 3 61262 128
0x00007aca1fed40c0 0x0000000efafca0c0 0 0 0 0 1 3 3 61262 136
0x00007aca1fed4140 0x0000000efafca140 0 1 0 0 1 3 3 61262 128
0x00007aca1fed41c0 0x0000000efafca1c0 0 1 0 0 1 3 3 61262 136
0x00007aca1fed4240 0x0000000efafca240 0 0 1 0 1 3 3 61262 128
0x00007aca1fed42c0 0x0000000efafca2c0 0 0 1 0 1 3 3 61262 136
0x00007aca1fed4340 0x0000000efafca340 0 1 1 0 1 3 3 61262 128
0x00007aca1fed43c0 0x0000000efafca3c0 0 1 1 0 1 3 3 61262 136
0x00007aca1fed4440 0x0000000efafca440 0 0 0 0 1 3 3 61262 144
0x00007aca1fed44c0 0x0000000efafca4c0 0 0 0 0 1 3 3 61262 152
0x00007aca1fed4540 0x0000000efafca540 0 1 0 0 1 3 3 61262 144
0x00007aca1fed45c0 0x0000000efafca5c0 0 1 0 0 1 3 3 61262 152
0x00007aca1fed4640 0x0000000efafca640 0 0 1 0 1 3 3 61262 144
0x00007aca1fed46c0 0x0000000efafca6c0 0 0 1 0 1 3 3 61262 152
0x00007aca1fed4740 0x0000000efafca740 0 1 1 0 1 3 3 61262 144
0x00007aca1fed47c0 0x0000000efafca7c0 0 1 1 0 1 3 3 61262 152
0x00007aca1fed4840 0x0000000efafca840 0 0 0 0 1 3 3 61262 160
0x00007aca1fed48c0 0x0000000efafca8c0 0 0 0 0 1 3 3 61262 168
0x00007aca1fed4940 0x0000000efafca940 0 1 0 0 1 3 3 61262 160
0x00007aca1fed49c0 0x0000000efafca9c0 0 1 0 0 1 3 3 61262 168
0x00007aca1fed4a40 0x0000000efafcaa40 0 0 1 0 1 3 3 61262 160
0x00007aca1fed4ac0 0x0000000efafcaac0 0 0 1 0 1 3 3 61262 168
0x00007aca1fed4b40 0x0000000efafcab40 0 1 1 0 1 3 3 61262 160
0x00007aca1fed4bc0 0x0000000efafcabc0 0 1 1 0 1 3 3 61262 168
0x00007aca1fed4c40 0x0000000efafcac40 0 0 0 0 1 3 3 61262 176
0x00007aca1fed4cc0 0x0000000efafcacc0 0 0 0 0 1 3 3 61262 184
0x00007aca1fed4d40 0x0000000efafcad40 0 1 0 0 1 3 3 61262 176
0x00007aca1fed4dc0 0x0000000efafcadc0 0 1 0 0 1 3 3 61262 184
0x00007aca1fed4e40 0x0000000efafcae40 0 0 1 0 1 3 3 61262 176
0x00007aca1fed4ec0 0x0000000efafcaec0 0 0 1 0 1 3 3 61262 184
0x00007aca1fed4f40 0x0000000efafcaf40 0 1 1 0 1 3 3 61262 176
0x00007aca1fed4fc0 0x0000000efafcafc0 0 1 1 0 1 3 3 61262 184
0x00007aca1fed5040 0x0000000efaf01040 0 0 0 0 0 3 3 61256 64
0x00007aca1fed50c0 0x0000000efaf010c0 0 0 0 0 0 3 3 61256 72
0x00007aca1fed5140 0x0000000efaf01140 0 1 0 0 0 3 3 61256 64
0x00007aca1fed51c0 0x0000000efaf011c0 0 1 0 0 0 3 3 61256 72
0x00007aca1fed5240 0x0000000efaf01240 0 0 1 0 0 3 3 61256 64
0x00007aca1fed52c0 0x0000000efaf012c0 0 0 1 0 0 3 3 61256 72
0x00007aca1fed5340 0x0000000efaf01340 0 1 1 0 0 3 3 61256 64
0x00007aca1fed53c0 0x0000000efaf013c0 0 1 1 0 0 3 3 61256 72
0x00007aca1fed5440 0x0000000efaf01440 0 0 0 0 0 3 3 61256 80
0x00007aca1fed54c0 0x0000000efaf014c0 0 0 0 0 0 3 3 61256 88
0x00007aca1fed5540 0x0000000efaf01540 0 1 0 0 0 3 3 61256 80
0x00007aca1fed55c0 0x0000000efaf015c0 0 1 0 0 0 3 3 61256 88
0x00007aca1fed5640 0x0000000efaf01640 0 0 1 0 0 3 3 61256 80
0x00007aca1fed56c0 0x0000000efaf016c0 0 0 1 0 0 3 3 61256 88
0x00007aca1fed5740 0x0000000efaf01740 0 1 1 0 0 3 3 61256 80
0x00007aca1fed57c0 0x0000000efaf017c0 0 1 1 0 0 3 3 61256 88
0x00007aca1fed5840 0x0000000efaf01840 0 0 0 0 0 3 3 61256 96
0x00007aca1fed58c0 0x0000000efaf018c0 0 0 0 0 0 3 3 61256 104
0x00007aca1fed5940 0x0000000efaf01940 0 1 0 0 0 3 3 61256 96
0x00007aca1fed59c0 0x0000000efaf019c0 0 1 0 0 0 3 3 61256 104
0x00007aca1fed5a40 0x0000000efaf01a40 0 0 1 0 0 3 3 61256 96
0x00007aca1fed5ac0 0x0000000efaf01ac0 0 0 1 0 0 3 3 61256 104
0x00007aca1fed5b40 0x0000000efaf01b40 0 1 1 0 0 3 3 61256 96
0x00007aca1fed5bc0 0x0000000efaf01bc0 0 1 1 0 0 3 3 61256 104
0x00007aca1fed5c40 0x0000000efaf01c40 0 0 0 0 0 3 3 61256 112
0x00007aca1fed5cc0 0x0000000efaf01cc0 0 0 0 0 0 3 3 61256 120
0x00007aca1fed5d40 0x0000000efaf01d40 0 1 0 0 0 3 3 61256 112
0x00007aca1fed5dc0 0x0000000efaf01dc0 0 1 0 0 0 3 3 61256 120
0x00007aca1fed5e40 0x0000000efaf01e40 0 0 1 0 0 3 3 61256 112
0x00007aca1fed5ec0 0x0000000efaf01ec0 0 0 1 0 0 3 3 61256 120
0x00007aca1fed5f40 0x0000000efaf01f40 0 1 1 0 0 3 3 61256 112
0x00007aca1fed5fc0 0x0000000efaf01fc0 0 1 1 0 0 3 3 61256 120
0x00007aca1fed9040 0x0000000ee97a3040 0 0 0 0 0 3 3 60709 192
0x00007aca1fed90c0 0x0000000ee97a30c0 0 0 0 0 0 3 3 60709 200
0x00007aca1fed9140 0x0000000ee97a3140 0 1 0 0 0 3 3 60709 192
0x00007aca1fed91c0 0x0000000ee97a31c0 0 1 0 0 0 3 3 60709 200
0x00007aca1fed9240 0x0000000ee97a3240 0 0 1 0 0 3 3 60709 192
0x00007aca1fed92c0 0x0000000ee97a32c0 0 0 1 0 0 3 3 60709 200
0x00007aca1fed9340 0x0000000ee97a3340 0 1 1 0 0 3 3 60709 192
0x00007aca1fed93c0 0x0000000ee97a33c0 0 1 1 0 0 3 3 60709 200
0x00007aca1fed9440 0x0000000ee97a3440 0 0 0 0 0 3 3 60709 208
0x00007aca1fed94c0 0x0000000ee97a34c0 0 0 0 0 0 3 3 60709 216
0x00007aca1fed9540 0x0000000ee97a3540 0 1 0 0 0 3 3 60709 208
0x00007aca1fed95c0 0x0000000ee97a35c0 0 1 0 0 0 3 3 60709 216
0x00007aca1fed9640 0x0000000ee97a3640 0 0 1 0 0 3 3 60709 208
0x00007aca1fed96c0 0x0000000ee97a36c0 0 0 1 0 0 3 3 60709 216
0x00007aca1fed9740 0x0000000ee97a3740 0 1 1 0 0 3 3 60709 208
0x00007aca1fed97c0 0x0000000ee97a37c0 0 1 1 0 0 3 3 60709 216
0x00007aca1fed9840 0x0000000ee97a3840 0 0 0 0 0 3 3 60709 224
0x00007aca1fed98c0 0x0000000ee97a38c0 0 0 0 0 0 3 3 60709 232
0x00007aca1fed9940 0x0000000ee97a3940 0 1 0 0 0 3 3 60709 224
0x00007aca1fed99c0 0x0000000ee97a39c0 0 1 0 0 0 3 3 60709 232
0x00007aca1fed9a40 0x0000000ee97a3a40 0 0 1 0 0 3 3 60709 224
0x00007aca1fed9ac0 0x0000000ee97a3ac0 0 0 1 0 0 3 3 60709 232
0x00007aca1fed9b40 0x0000000ee97a3b40 0 1 1 0 0 3 3 60709 224
0x00007aca1fed9bc0 0x0000000ee97a3bc0 0 1 1 0 0 3 3 60709 232
0x00007aca1fed9c40 0x0000000ee97a3c40 0 0 0 0 0 3 3 60709 240
0x00007aca1fed9cc0 0x0000000ee97a3cc0 0 0 0 0 0 3 3 60709 248
0x00007aca1fed9d40 0x0000000ee97a3d40 0 1 0 0 0 3 3 60709 240
0x00007aca1fed9dc0 0x0000000ee97a3dc0 0 1 0 0 0 3 3 60709 248
0x00007aca1fed9e40 0x0000000ee97a3e40 0 0 1 0 0 3 3 60709 240
0x00007aca1fed9ec0 0x0000000ee97a3ec0 0 0 1 0 0 3 3 60709 248
0x00007aca1fed9f40 0x0000000ee97a3f40 0 1 1 0 0 3 3 60709 240
0x00007aca1fed9fc0 0x0000000ee97a3fc0 0 1 1 0 0 3 3 60709 248
0x00007aca1feda040 0x0000000ee9700040 0 0 0 0 0 3 3 60704 0
0x00007aca1feda0c0 0x0000000ee97000c0 0 0 0 0 0 3 3 60704 8
0x00007aca1feda140 0x0000000ee9700140 0 1 0 0 0 3 3 60704 0
0x00007aca1feda1c0 0x0000000ee97001c0 0 1 0 0 0 3 3 60704 8
0x00007aca1feda240 0x0000000ee9700240 0 0 1 0 0 3 3 60704 0
0x00007aca1feda2c0 0x0000000ee97002c0 0 0 1 0 0 3 3 60704 8
0x00007aca1feda340 0x0000000ee9700340 0 1 1 0 0 3 3 60704 0
0x00007aca1feda3c0 0x0000000ee97003c0 0 1 1 0 0 3 3 60704 8
0x00007aca1feda440 0x0000000ee9700440 0 0 0 0 0 3 3 60704 16
0x00007aca1feda4c0 0x0000000ee97004c0 0 0 0 0 0 3 3 60704 24
0x00007aca1feda540 0x0000000ee9700540 0 1 0 0 0 3 3 60704 16
0x00007aca1feda5c0 0x0000000ee97005c0 0 1 0 0 0 3 3 60704 24
0x00007aca1feda640 0x0000000ee9700640 0 0 1 0 0 3 3 60704 16
0x00007aca1feda6c0 0x0000000ee97006c0 0 0 1 0 0 3 3 60704 24
0x00007aca1feda740 0x0000000ee9700740 0 1 1 0 0 3 3 60704 16
0x00007aca1feda7c0 0x0000000ee97007c0 0 1 1 0 0 3 3 60704 24
0x00007aca1feda840 0x0000000ee9700840 0 0 0 0 0 3 3 60704 32
0x00007aca1feda8c0 0x0000000ee97008c0 0 0 0 0 0 3 3 60704 40
0x00007aca1feda940 0x0000000ee9700940 0 1 0 0 0 3 3 60704 32
0x00007aca1feda9c0 0x0000000ee97009c0 0 1 0 0 0 3 3 60704 40
0x00007aca1fedaa40 0x0000000ee9700a40 0 0 1 0 0 3 3 60704 32
0x00007aca1fedaac0 0x0000000ee9700ac0 0 0 1 0 0 3 3 60704 40
0x00007aca1fedab40 0x0000000ee9700b40 0 1 1 0 0 3 3 60704 32
0x00007aca1fedabc0 0x0000000ee9700bc0 0 1 1 0 0 3 3 60704 40
0x00007aca1fedac40 0x0000000ee9700c40 0 0 0 0 0 3 3 60704 48
0x00007aca1fedacc0 0x0000000ee9700cc0 0 0 0 0 0 3 3 60704 56
0x00007aca1fedad40 0x0000000ee9700d40 0 1 0 0 0 3 3 60704 48
0x00007aca1fedadc0 0x0000000ee9700dc0 0 1 0 0 0 3 3 60704 56
0x00007aca1fedae40 0x0000000ee9700e40 0 0 1 0 0 3 3 60704 48
0x00007aca1fedaec0 0x0000000ee9700ec0 0 0 1 0 0 3 3 60704 56
0x00007aca1fedaf40 0x0000000ee9700f40 0 1 1 0 0 3 3 60704 48
0x00007aca1fedafc0 0x0000000ee9700fc0 0 1 1 0 0 3 3 60704 56
0x00007aca1fedc040 0x0000000ee9744040 0 0 0 0 0 3 3 60706 256
0x00007aca1fedc0c0 0x0000000ee97440c0 0 0 0 0 0 3 3 60706 264
0x00007aca1fedc140 0x0000000ee9744140 0 1 0 0 0 3 3 60706 256
0x00007aca1fedc1c0 0x0000000ee97441c0 0 1 0 0 0 3 3 60706 264
0x00007aca1fedc240 0x0000000ee9744240 0 0 1 0 0 3 3 60706 256
0x00007aca1fedc2c0 0x0000000ee97442c0 0 0 1 0 0 3 3 60706 264
0x00007aca1fedc340 0x0000000ee9744340 0 1 1 0 0 3 3 60706 256
0x00007aca1fedc3c0 0x0000000ee97443c0 0 1 1 0 0 3 3 60706 264
0x00007aca1fedc440 0x0000000ee9744440 0 0 0 0 0 3 3 60706 272
0x00007aca1fedc4c0 0x0000000ee97444c0 0 0 0 0 0 3 3 60706 280
0x00007aca1fedc540 0x0000000ee9744540 0 1 0 0 0 3 3 60706 272
0x00007aca1fedc5c0 0x0000000ee97445c0 0 1 0 0 0 3 3 60706 280
0x00007aca1fedc640 0x0000000ee9744640 0 0 1 0 0 3 3 60706 272
0x00007aca1fedc6c0 0x0000000ee97446c0 0 0 1 0 0 3 3 60706 280
0x00007aca1fedc740 0x0000000ee9744740 0 1 1 0 0 3 3 60706 272
0x00007aca1fedc7c0 0x0000000ee97447c0 0 1 1 0 0 3 3 60706 280
0x00007aca1fedc840 0x0000000ee9744840 0 0 0 0 0 3 3 60706 288
0x00007aca1fedc8c0 0x0000000ee97448c0 0 0 0 0 0 3 3 60706 296
0x00007aca1fedc940 0x0000000ee9744940 0 1 0 0 0 3 3 60706 288
0x00007aca1fedc9c0 0x0000000ee97449c0 0 1 0 0 0 3 3 60706 296
0x00007aca1fedca40 0x0000000ee9744a40 0 0 1 0 0 3 3 60706 288
0x00007aca1fedcac0 0x0000000ee9744ac0 0 0 1 0 0 3 3 60706 296
0x00007aca1fedcb40 0x0000000ee9744b40 0 1 1 0 0 3 3 60706 288
0x00007aca1fedcbc0 0x0000000ee9744bc0 0 1 1 0 0 3 3 60706 296
0x00007aca1fedcc40 0x0000000ee9744c40 0 0 0 0 0 3 3 60706 304
0x00007aca1fedccc0 0x0000000ee9744cc0 0 0 0 0 0 3 3 60706 312
0x00007aca1fedcd40 0x0000000ee9744d40 0 1 0 0 0 3 3 60706 304
0x00007aca1fedcdc0 0x0000000ee9744dc0 0 1 0 0 0 3 3 60706 312
0x00007aca1fedce40 0x0000000ee9744e40 0 0 1 0 0 3 3 60706 304
0x00007aca1fedcec0 0x0000000ee9744ec0 0 0 1 0 0 3 3 60706 312
0x00007aca1fedcf40 0x0000000ee9744f40 0 1 1 0 0 3 3 60706 304
0x00007aca1fedcfc0 0x0000000ee9744fc0 0 1 1 0 0 3 3 60706 312
0x00007aca1fedf040 0x0000000ee9723040 0 0 0 0 0 3 3 60705 192
0x00007aca1fedf0c0 0x0000000ee97230c0 0 0 0 0 0 3 3 60705 200
0x00007aca1fedf140 0x0000000ee9723140 0 1 0 0 0 3 3 60705 192
0x00007aca1fedf1c0 0x0000000ee97231c0 0 1 0 0 0 3 3 60705 200
0x00007aca1fedf240 0x0000000ee9723240 0 0 1 0 0 3 3 60705 192
0x00007aca1fedf2c0 0x0000000ee97232c0 0 0 1 0 0 3 3 60705 200
0x00007aca1fedf340 0x0000000ee9723340 0 1 1 0 0 3 3 60705 192
0x00007aca1fedf3c0 0x0000000ee97233c0 0 1 1 0 0 3 3 60705 200
0x00007aca1fedf440 0x0000000ee9723440 0 0 0 0 0 3 3 60705 208
0x00007aca1fedf4c0 0x0000000ee97234c0 0 0 0 0 0 3 3 60705 216
0x00007aca1fedf540 0x0000000ee9723540 0 1 0 0 0 3 3 60705 208
0x00007aca1fedf5c0 0x0000000ee97235c0 0 1 0 0 0 3 3 60705 216
0x00007aca1fedf640 0x0000000ee9723640 0 0 1 0 0 3 3 60705 208
0x00007aca1fedf6c0 0x0000000ee97236c0 0 0 1 0 0 3 3 60705 216
0x00007aca1fedf740 0x0000000ee9723740 0 1 1 0 0 3 3 60705 208
0x00007aca1fedf7c0 0x0000000ee97237c0 0 1 1 0 0 3 3 60705 216
0x00007aca1fedf840 0x0000000ee9723840 0 0 0 0 0 3 3 60705 224
0x00007aca1fedf8c0 0x0000000ee97238c0 0 0 0 0 0 3 3 60705 232
0x00007aca1fedf940 0x0000000ee9723940 0 1 0 0 0 3 3 60705 224
0x00007aca1fedf9c0 0x0000000ee97239c0 0 1 0 0 0 3 3 60705 232
0x00007aca1fedfa40 0x0000000ee9723a40 0 0 1 0 0 3 3 60705 224
0x00007aca1fedfac0 0x0000000ee9723ac0 0 0 1 0 0 3 3 60705 232
0x00007aca1fedfb40 0x0000000ee9723b40 0 1 1 0 0 3 3 60705 224
0x00007aca1fedfbc0 0x0000000ee9723bc0 0 1 1 0 0 3 3 60705 232
0x00007aca1fedfc40 0x0000000ee9723c40 0 0 0 0 0 3 3 60705 240
0x00007aca1fedfcc0 0x0000000ee9723cc0 0 0 0 0 0 3 3 60705 248
0x00007aca1fedfd40 0x0000000ee9723d40 0 1 0 0 0 3 3 60705 240
0x00007aca1fedfdc0 0x0000000ee9723dc0 0 1 0 0 0 3 3 60705 248
0x00007aca1fedfe40 0x0000000ee9723e40 0 0 1 0 0 3 3 60705 240
0x00007aca1fedfec0 0x0000000ee9723ec0 0 0 1 0 0 3 3 60705 248
0x00007aca1fedff40 0x0000000ee9723f40 0 1 1 0 0 3 3 60705 240
0x00007aca1fedffc0 0x0000000ee9723fc0 0 1 1 0 0 3 3 60705 248
0x00007aca1feea040 0x0000000ee978d040 0 0 0 0 1 3 3 60708 320
0x00007aca1feea0c0 0x0000000ee978d0c0 0 0 0 0 1 3 3 60708 328
0x00007aca1feea140 0x0000000ee978d140 0 1 0 0 1 3 3 60708 320
0x00007aca1feea1c0 0x0000000ee978d1c0 0 1 0 0 1 3 3 60708 328
0x00007aca1feea240 0x0000000ee978d240 0 0 1 0 1 3 3 60708 320
0x00007aca1feea2c0 0x0000000ee978d2c0 0 0 1 0 1 3 3 60708 328
0x00007aca1feea340 0x0000000ee978d340 0 1 1 0 1 3 3 60708 320
0x00007aca1feea3c0 0x0000000ee978d3c0 0 1 1 0 1 3 3 60708 328
0x00007aca1feea440 0x0000000ee978d440 0 0 0 0 1 3 3 60708 336
0x00007aca1feea4c0 0x0000000ee978d4c0 0 0 0 0 1 3 3 60708 344
0x00007aca1feea540 0x0000000ee978d540 0 1 0 0 1 3 3 60708 336
0x00007aca1feea5c0 0x0000000ee978d5c0 0 1 0 0 1 3 3 60708 344
0x00007aca1feea640 0x0000000ee978d640 0 0 1 0 1 3 3 60708 336
0x00007aca1feea6c0 0x0000000ee978d6c0 0 0 1 0 1 3 3 60708 344
0x00007aca1feea740 0x0000000ee978d740 0 1 1 0 1 3 3 60708 336
0x00007aca1feea7c0 0x0000000ee978d7c0 0 1 1 0 1 3 3 60708 344
0x00007aca1feea840 0x0000000ee978d840 0 0 0 0 1 3 3 60708 352
0x00007aca1feea8c0 0x0000000ee978d8c0 0 0 0 0 1 3 3 60708 360
0x00007aca1feea940 0x0000000ee978d940 0 1 0 0 1 3 3 60708 352
0x00007aca1feea9c0 0x0000000ee978d9c0 0 1 0 0 1 3 3 60708 360
0x00007aca1feeaa40 0x0000000ee978da40 0 0 1 0 1 3 3 60708 352
0x00007aca1feeaac0 0x0000000ee978dac0 0 0 1 0 1 3 3 60708 360
0x00007aca1feeab40 0x0000000ee978db40 0 1 1 0 1 3 3 60708 352
0x00007aca1feeabc0 0x0000000ee978dbc0 0 1 1 0 1 3 3 60708 360
0x00007aca1feeac40 0x0000000ee978dc40 0 0 0 0 1 3 3 60708 368
0x00007aca1feeacc0 0x0000000ee978dcc0 0 0 0 0 1 3 3 60708 376
0x00007aca1feead40 0x0000000ee978dd40 0 1 0 0 1 3 3 60708 368
0x00007aca1feeadc0 0x0000000ee978ddc0 0 1 0 0 1 3 3 60708 376
0x00007aca1feeae40 0x0000000ee978de40 0 0 1 0 1 3 3 60708 368
0x00007aca1feeaec0 0x0000000ee978dec0 0 0 1 0 1 3 3 60708 376
0x00007aca1feeaf40 0x0000000ee978df40 0 1 1 0 1 3 3 60708 368
0x00007aca1feeafc0 0x0000000ee978dfc0 0 1 1 0 1 3 3 60708 376
0x00007aca1feed040 0x0000000bdf726040 0 0 0 0 0 3 3 48097 384
0x00007aca1feed0c0 0x0000000bdf7260c0 0 0 0 0 0 3 3 48097 392
0x00007aca1feed140 0x0000000bdf726140 0 1 0 0 0 3 3 48097 384
0x00007aca1feed1c0 0x0000000bdf7261c0 0 1 0 0 0 3 3 48097 392
0x00007aca1feed240 0x0000000bdf726240 0 0 1 0 0 3 3 48097 384
0x00007aca1feed2c0 0x0000000bdf7262c0 0 0 1 0 0 3 3 48097 392
0x00007aca1feed340 0x0000000bdf726340 0 1 1 0 0 3 3 48097 384
0x00007aca1feed3c0 0x0000000bdf7263c0 0 1 1 0 0 3 3 48097 392
0x00007aca1feed440 0x0000000bdf726440 0 0 0 0 0 3 3 48097 400
0x00007aca1feed4c0 0x0000000bdf7264c0 0 0 0 0 0 3 3 48097 408
0x00007aca1feed540 0x0000000bdf726540 0 1 0 0 0 3 3 48097 400
0x00007aca1feed5c0 0x0000000bdf7265c0 0 1 0 0 0 3 3 48097 408
0x00007aca1feed640 0x0000000bdf726640 0 0 1 0 0 3 3 48097 400
0x00007aca1feed6c0 0x0000000bdf7266c0 0 0 1 0 0 3 3 48097 408
0x00007aca1feed740 0x0000000bdf726740 0 1 1 0 0 3 3 48097 400
0x00007aca1feed7c0 0x0000000bdf7267c0 0 1 1 0 0 3 3 48097 408
0x00007aca1feed840 0x0000000bdf726840 0 0 0 0 0 3 3 48097 416
0x00007aca1feed8c0 0x0000000bdf7268c0 0 0 0 0 0 3 3 48097 424
0x00007aca1feed940 0x0000000bdf726940 0 1 0 0 0 3 3 48097 416
0x00007aca1feed9c0 0x0000000bdf7269c0 0 1 0 0 0 3 3 48097 424
0x00007aca1feeda40 0x0000000bdf726a40 0 0 1 0 0 3 3 48097 416
0x00007aca1feedac0 0x0000000bdf726ac0 0 0 1 0 0 3 3 48097 424
0x00007aca1feedb40 0x0000000bdf726b40 0 1 1 0 0 3 3 48097 416
0x00007aca1feedbc0 0x0000000bdf726bc0 0 1 1 0 0 3 3 48097 424
0x00007aca1feedc40 0x0000000bdf726c40 0 0 0 0 0 3 3 48097 432
0x00007aca1feedcc0 0x0000000bdf726cc0 0 0 0 0 0 3 3 48097 440
0x00007aca1feedd40 0x0000000bdf726d40 0 1 0 0 0 3 3 48097 432
0x00007aca1feeddc0 0x0000000bdf726dc0 0 1 0 0 0 3 3 48097 440
0x00007aca1feede40 0x0000000bdf726e40 0 0 1 0 0 3 3 48097 432
0x00007aca1feedec0 0x0000000bdf726ec0 0 0 1 0 0 3 3 48097 440
0x00007aca1feedf40 0x0000000bdf726f40 0 1 1 0 0 3 3 48097 432
0x00007aca1feedfc0 0x0000000bdf726fc0 0 1 1 0 0 3 3 48097 440
0x00007aca1feef040 0x0000000ee976f040 0 0 0 0 1 3 3 60707 448
0x00007aca1feef0c0 0x0000000ee976f0c0 0 0 0 0 1 3 3 60707 456
0x00007aca1feef140 0x0000000ee976f140 0 1 0 0 1 3 3 60707 448
0x00007aca1feef1c0 0x0000000ee976f1c0 0 1 0 0 1 3 3 60707 456
0x00007aca1feef240 0x0000000ee976f240 0 0 1 0 1 3 3 60707 448
0x00007aca1feef2c0 0x0000000ee976f2c0 0 0 1 0 1 3 3 60707 456
0x00007aca1feef340 0x0000000ee976f340 0 1 1 0 1 3 3 60707 448
0x00007aca1feef3c0 0x0000000ee976f3c0 0 1 1 0 1 3 3 60707 456
0x00007aca1feef440 0x0000000ee976f440 0 0 0 0 1 3 3 60707 464
0x00007aca1feef4c0 0x0000000ee976f4c0 0 0 0 0 1 3 3 60707 472
0x00007aca1feef540 0x0000000ee976f540 0 1 0 0 1 3 3 60707 464
0x00007aca1feef5c0 0x0000000ee976f5c0 0 1 0 0 1 3 3 60707 472
0x00007aca1feef640 0x0000000ee976f640 0 0 1 0 1 3 3 60707 464
0x00007aca1feef6c0 0x0000000ee976f6c0 0 0 1 0 1 3 3 60707 472
0x00007aca1feef740 0x0000000ee976f740 0 1 1 0 1 3 3 60707 464
0x00007aca1feef7c0 0x0000000ee976f7c0 0 1 1 0 1 3 3 60707 472
0x00007aca1feef840 0x0000000ee976f840 0 0 0 0 1 3 3 60707 480
0x00007aca1feef8c0 0x0000000ee976f8c0 0 0 0 0 1 3 3 60707 488
0x00007aca1feef940 0x0000000ee976f940 0 1 0 0 1 3 3 60707 480
0x00007aca1feef9c0 0x0000000ee976f9c0 0 1 0 0 1 3 3 60707 488
0x00007aca1feefa40 0x0000000ee976fa40 0 0 1 0 1 3 3 60707 480
0x00007aca1feefac0 0x0000000ee976fac0 0 0 1 0 1 3 3 60707 488
0x00007aca1feefb40 0x0000000ee976fb40 0 1 1 0 1 3 3 60707 480
0x00007aca1feefbc0 0x0000000ee976fbc0 0 1 1 0 1 3 3 60707 488
0x00007aca1feefc40 0x0000000ee976fc40 0 0 0 0 1 3 3 60707 496
0x00007aca1feefcc0 0x0000000ee976fcc0 0 0 0 0 1 3 3 60707 504
0x00007aca1feefd40 0x0000000ee976fd40 0 1 0 0 1 3 3 60707 496
0x00007aca1feefdc0 0x0000000ee976fdc0 0 1 0 0 1 3 3 60707 504
0x00007aca1feefe40 0x0000000ee976fe40 0 0 1 0 1 3 3 60707 496
0x00007aca1feefec0 0x0000000ee976fec0 0 0 1 0 1 3 3 60707 504
0x00007aca1feeff40 0x0000000ee976ff40 0 1 1 0 1 3 3 60707 496
0x00007aca1feeffc0 0x0000000ee976ffc0 0 1 1 0 1 3 3 60707 504
0x00007aca1fef0040 0x000000073ff69040 0 0 0 0 1 3 3 26619 64
0x00007aca1fef00c0 0x000000073ff690c0 0 0 0 0 1 3 3 26619 72
0x00007aca1fef0140 0x000000073ff69140 0 1 0 0 1 3 3 26619 64
0x00007aca1fef01c0 0x000000073ff691c0 0 1 0 0 1 3 3 26619 72
0x00007aca1fef0240 0x000000073ff69240 0 0 1 0 1 3 3 26619 64
0x00007aca1fef02c0 0x000000073ff692c0 0 0 1 0 1 3 3 26619 72
0x00007aca1fef0340 0x000000073ff69340 0 1 1 0 1 3 3 26619 64
0x00007aca1fef03c0 0x000000073ff693c0 0 1 1 0 1 3 3 26619 72
0x00007aca1fef0440 0x000000073ff69440 0 0 0 0 1 3 3 26619 80
0x00007aca1fef04c0 0x000000073ff694c0 0 0 0 0 1 3 3 26619 88
0x00007aca1fef0540 0x000000073ff69540 0 1 0 0 1 3 3 26619 80
0x00007aca1fef05c0 0x000000073ff695c0 0 1 0 0 1 3 3 26619 88
0x00007aca1fef0640 0x000000073ff69640 0 0 1 0 1 3 3 26619 80
0x00007aca1fef06c0 0x000000073ff696c0 0 0 1 0 1 3 3 26619 88
0x00007aca1fef0740 0x000000073ff69740 0 1 1 0 1 3 3 26619 80
0x00007aca1fef07c0 0x000000073ff697c0 0 1 1 0 1 3 3 26619 88
0x00007aca1fef0840 0x000000073ff69840 0 0 0 0 1 3 3 26619 96
0x00007aca1fef08c0 0x000000073ff698c0 0 0 0 0 1 3 3 26619 104
0x00007aca1fef0940 0x000000073ff69940 0 1 0 0 1 3 3 26619 96
0x00007aca1fef09c0 0x000000073ff699c0 0 1 0 0 1 3 3 26619 104
0x00007aca1fef0a40 0x000000073ff69a40 0 0 1 0 1 3 3 26619 96
0x00007aca1fef0ac0 0x000000073ff69ac0 0 0 1 0 1 3 3 26619 104
0x00007aca1fef0b40 0x000000073ff69b40 0 1 1 0 1 3 3 26619 96
0x00007aca1fef0bc0 0x000000073ff69bc0 0 1 1 0 1 3 3 26619 104
0x00007aca1fef0c40 0x000000073ff69c40 0 0 0 0 1 3 3 26619 112
0x00007aca1fef0cc0 0x000000073ff69cc0 0 0 0 0 1 3 3 26619 120
0x00007aca1fef0d40 0x000000073ff69d40 0 1 0 0 1 3 3 26619 112
0x00007aca1fef0dc0 0x000000073ff69dc0 0 1 0 0 1 3 3 26619 120
0x00007aca1fef0e40 0x000000073ff69e40 0 0 1 0 1 3 3 26619 112
0x00007aca1fef0ec0 0x000000073ff69ec0 0 0 1 0 1 3 3 26619 120
0x00007aca1fef0f40 0x000000073ff69f40 0 1 1 0 1 3 3 26619 112
0x00007aca1fef0fc0 0x000000073ff69fc0 0 1 1 0 1 3 3 26619 120
0x00007aca1fef7040 0x00000004007ef040 0 0 0 0 1 3 3 12311 448
0x00007aca1fef70c0 0x00000004007ef0c0 0 0 0 0 1 3 3 12311 456
0x00007aca1fef7140 0x00000004007ef140 0 1 0 0 1 3 3 12311 448
0x00007aca1fef71c0 0x00000004007ef1c0 0 1 0 0 1 3 3 12311 456
0x00007aca1fef7240 0x00000004007ef240 0 0 1 0 1 3 3 12311 448
0x00007aca1fef72c0 0x00000004007ef2c0 0 0 1 0 1 3 3 12311 456
0x00007aca1fef7340 0x00000004007ef340 0 1 1 0 1 3 3 12311 448
0x00007aca1fef73c0 0x00000004007ef3c0 0 1 1 0 1 3 3 12311 456
0x00007aca1fef7440 0x00000004007ef440 0 0 0 0 1 3 3 12311 464
0x00007aca1fef74c0 0x00000004007ef4c0 0 0 0 0 1 3 3 12311 472
0x00007aca1fef7540 0x00000004007ef540 0 1 0 0 1 3 3 12311 464
0x00007aca1fef75c0 0x00000004007ef5c0 0 1 0 0 1 3 3 12311 472
0x00007aca1fef7640 0x00000004007ef640 0 0 1 0 1 3 3 12311 464
0x00007aca1fef76c0 0x00000004007ef6c0 0 0 1 0 1 3 3 12311 472
0x00007aca1fef7740 0x00000004007ef740 0 1 1 0 1 3 3 12311 464
0x00007aca1fef77c0 0x00000004007ef7c0 0 1 1 0 1 3 3 12311 472
0x00007aca1fef7840 0x00000004007ef840 0 0 0 0 1 3 3 12311 480
0x00007aca1fef78c0 0x00000004007ef8c0 0 0 0 0 1 3 3 12311 488
0x00007aca1fef7940 0x00000004007ef940 0 1 0 0 1 3 3 12311 480
0x00007aca1fef79c0 0x00000004007ef9c0 0 1 0 0 1 3 3 12311 488
0x00007aca1fef7a40 0x00000004007efa40 0 0 1 0 1 3 3 12311 480
0x00007aca1fef7ac0 0x00000004007efac0 0 0 1 0 1 3 3 12311 488
0x00007aca1fef7b40 0x00000004007efb40 0 1 1 0 1 3 3 12311 480
0x00007aca1fef7bc0 0x00000004007efbc0 0 1 1 0 1 3 3 12311 488
0x00007aca1fef7c40 0x00000004007efc40 0 0 0 0 1 3 3 12311 496
0x00007aca1fef7cc0 0x00000004007efcc0 0 0 0 0 1 3 3 12311 504
0x00007aca1fef7d40 0x00000004007efd40 0 1 0 0 1 3 3 12311 496
0x00007aca1fef7dc0 0x00000004007efdc0 0 1 0 0 1 3 3 12311 504
0x00007aca1fef7e40 0x00000004007efe40 0 0 1 0 1 3 3 12311 496
0x00007aca1fef7ec0 0x00000004007efec0 0 0 1 0 1 3 3 12311 504
0x00007aca1fef7f40 0x00000004007eff40 0 1 1 0 1 3 3 12311 496
0x00007aca1fef7fc0 0x00000004007effc0 0 1 1 0 1 3 3 12311 504
0x00007aca1ff05040 0x0000000198f64040 0 0 0 0 0 3 3 4875 256
0x00007aca1ff050c0 0x0000000198f640c0 0 0 0 0 0 3 3 4875 264
0x00007aca1ff05140 0x0000000198f64140 0 1 0 0 0 3 3 4875 256
0x00007aca1ff051c0 0x0000000198f641c0 0 1 0 0 0 3 3 4875 264
0x00007aca1ff05240 0x0000000198f64240 0 0 1 0 0 3 3 4875 256
0x00007aca1ff052c0 0x0000000198f642c0 0 0 1 0 0 3 3 4875 264
0x00007aca1ff05340 0x0000000198f64340 0 1 1 0 0 3 3 4875 256
0x00007aca1ff053c0 0x0000000198f643c0 0 1 1 0 0 3 3 4875 264
0x00007aca1ff05440 0x0000000198f64440 0 0 0 0 0 3 3 4875 272
0x00007aca1ff054c0 0x0000000198f644c0 0 0 0 0 0 3 3 4875 280
0x00007aca1ff05540 0x0000000198f64540 0 1 0 0 0 3 3 4875 272
0x00007aca1ff055c0 0x0000000198f645c0 0 1 0 0 0 3 3 4875 280
0x00007aca1ff05640 0x0000000198f64640 0 0 1 0 0 3 3 4875 272
0x00007aca1ff056c0 0x0000000198f646c0 0 0 1 0 0 3 3 4875 280
0x00007aca1ff05740 0x0000000198f64740 0 1 1 0 0 3 3 4875 272
0x00007aca1ff057c0 0x0000000198f647c0 0 1 1 0 0 3 3 4875 280
0x00007aca1ff05840 0x0000000198f64840 0 0 0 0 0 3 3 4875 288
0x00007aca1ff058c0 0x0000000198f648c0 0 0 0 0 0 3 3 4875 296
0x00007aca1ff05940 0x0000000198f64940 0 1 0 0 0 3 3 4875 288
0x00007aca1ff059c0 0x0000000198f649c0 0 1 0 0 0 3 3 4875 296
0x00007aca1ff05a40 0x0000000198f64a40 0 0 1 0 0 3 3 4875 288
0x00007aca1ff05ac0 0x0000000198f64ac0 0 0 1 0 0 3 3 4875 296
0x00007aca1ff05b40 0x0000000198f64b40 0 1 1 0 0 3 3 4875 288
0x00007aca1ff05bc0 0x0000000198f64bc0 0 1 1 0 0 3 3 4875 296
0x00007aca1ff05c40 0x0000000198f64c40 0 0 0 0 0 3 3 4875 304
0x00007aca1ff05cc0 0x0000000198f64cc0 0 0 0 0 0 3 3 4875 312
0x00007aca1ff05d40 0x0000000198f64d40 0 1 0 0 0 3 3 4875 304
0x00007aca1ff05dc0 0x0000000198f64dc0 0 1 0 0 0 3 3 4875 312
0x00007aca1ff05e40 0x0000000198f64e40 0 0 1 0 0 3 3 4875 304
0x00007aca1ff05ec0 0x0000000198f64ec0 0 0 1 0 0 3 3 4875 312
0x00007aca1ff05f40 0x0000000198f64f40 0 1 1 0 0 3 3 4875 304
0x00007aca1ff05fc0 0x0000000198f64fc0 0 1 1 0 0 3 3 4875 312
0x00007aca1ff0b040 0x0000000ed179b040 0 0 0 0 1 3 3 59940 704
0x00007aca1ff0b0c0 0x0000000ed179b0c0 0 0 0 0 1 3 3 59940 712
0x00007aca1ff0b140 0x0000000ed179b140 0 1 0 0 1 3 3 59940 704
0x00007aca1ff0b1c0 0x0000000ed179b1c0 0 1 0 0 1 3 3 59940 712
0x00007aca1ff0b240 0x0000000ed179b240 0 0 1 0 1 3 3 59940 704
0x00007aca1ff0b2c0 0x0000000ed179b2c0 0 0 1 0 1 3 3 59940 712
0x00007aca1ff0b340 0x0000000ed179b340 0 1 1 0 1 3 3 59940 704
0x00007aca1ff0b3c0 0x0000000ed179b3c0 0 1 1 0 1 3 3 59940 712
0x00007aca1ff0b440 0x0000000ed179b440 0 0 0 0 1 3 3 59940 720
0x00007aca1ff0b4c0 0x0000000ed179b4c0 0 0 0 0 1 3 3 59940 728
0x00007aca1ff0b540 0x0000000ed179b540 0 1 0 0 1 3 3 59940 720
0x00007aca1ff0b5c0 0x0000000ed179b5c0 0 1 0 0 1 3 3 59940 728
0x00007aca1ff0b640 0x0000000ed179b640 0 0 1 0 1 3 3 59940 720
0x00007aca1ff0b6c0 0x0000000ed179b6c0 0 0 1 0 1 3 3 59940 728
0x00007aca1ff0b740 0x0000000ed179b740 0 1 1 0 1 3 3 59940 720
0x00007aca1ff0b7c0 0x0000000ed179b7c0 0 1 1 0 1 3 3 59940 728
0x00007aca1ff0b840 0x0000000ed179b840 0 0 0 0 1 3 3 59940 736
0x00007aca1ff0b8c0 0x0000000ed179b8c0 0 0 0 0 1 3 3 59940 744
0x00007aca1ff0b940 0x0000000ed179b940 0 1 0 0 1 3 3 59940 736
0x00007aca1ff0b9c0 0x0000000ed179b9c0 0 1 0 0 1 3 3 59940 744
0x00007aca1ff0ba40 0x0000000ed179ba40 0 0 1 0 1 3 3 59940 736
0x00007aca1ff0bac0 0x0000000ed179bac0 0 0 1 0 1 3 3 59940 744
0x00007aca1ff0bb40 0x0000000ed179bb40 0 1 1 0 1 3 3 59940 736
0x00007aca1ff0bbc0 0x0000000ed179bbc0 0 1 1 0 1 3 3 59940 744
0x00007aca1ff0bc40 0x0000000ed179bc40 0 0 0 0 1 3 3 59940 752
0x00007aca1ff0bcc0 0x0000000ed179bcc0 0 0 0 0 1 3 3 59940 760
0x00007aca1ff0bd40 0x0000000ed179bd40 0 1 0 0 1 3 3 59940 752
0x00007aca1ff0bdc0 0x0000000ed179bdc0 0 1 0 0 1 3 3 59940 760
0x00007aca1ff0be40 0x0000000ed179be40 0 0 1 0 1 3 3 59940 752
0x00007aca1ff0bec0 0x0000000ed179bec0 0 0 1 0 1 3 3 59940 760
0x00007aca1ff0bf40 0x0000000ed179bf40 0 1 1 0 1 3 3 59940 752
0x00007aca1ff0bfc0 0x0000000ed179bfc0 0 1 1 0 1 3 3 59940 760
0x00007aca1ff0d040 0x0000000daff9d040 0 0 0 0 1 3 3 54764 832
0x00007aca1ff0d0c0 0x0000000daff9d0c0 0 0 0 0 1 3 3 54764 840
0x00007aca1ff0d140 0x0000000daff9d140 0 1 0 0 1 3 3 54764 832
0x00007aca1ff0d1c0 0x0000000daff9d1c0 0 1 0 0 1 3 3 54764 840
0x00007aca1ff0d240 0x0000000daff9d240 0 0 1 0 1 3 3 54764 832
0x00007aca1ff0d2c0 0x0000000daff9d2c0 0 0 1 0 1 3 3 54764 840
0x00007aca1ff0d340 0x0000000daff9d340 0 1 1 0 1 3 3 54764 832
0x00007aca1ff0d3c0 0x0000000daff9d3c0 0 1 1 0 1 3 3 54764 840
0x00007aca1ff0d440 0x0000000daff9d440 0 0 0 0 1 3 3 54764 848
0x00007aca1ff0d4c0 0x0000000daff9d4c0 0 0 0 0 1 3 3 54764 856
0x00007aca1ff0d540 0x0000000daff9d540 0 1 0 0 1 3 3 54764 848
0x00007aca1ff0d5c0 0x0000000daff9d5c0 0 1 0 0 1 3 3 54764 856
0x00007aca1ff0d640 0x0000000daff9d640 0 0 1 0 1 3 3 54764 848
0x00007aca1ff0d6c0 0x0000000daff9d6c0 0 0 1 0 1 3 3 54764 856
0x00007aca1ff0d740 0x0000000daff9d740 0 1 1 0 1 3 3 54764 848
0x00007aca1ff0d7c0 0x0000000daff9d7c0 0 1 1 0 1 3 3 54764 856
0x00007aca1ff0d840 0x0000000daff9d840 0 0 0 0 1 3 3 54764 864
0x00007aca1ff0d8c0 0x0000000daff9d8c0 0 0 0 0 1 3 3 54764 872
0x00007aca1ff0d940 0x0000000daff9d940 0 1 0 0 1 3 3 54764 864
0x00007aca1ff0d9c0 0x0000000daff9d9c0 0 1 0 0 1 3 3 54764 872
0x00007aca1ff0da40 0x0000000daff9da40 0 0 1 0 1 3 3 54764 864
0x00007aca1ff0dac0 0x0000000daff9dac0 0 0 1 0 1 3 3 54764 872
0x00007aca1ff0db40 0x0000000daff9db40 0 1 1 0 1 3 3 54764 864
0x00007aca1ff0dbc0 0x0000000daff9dbc0 0 1 1 0 1 3 3 54764 872
0x00007aca1ff0dc40 0x0000000daff9dc40 0 0 0 0 1 3 3 54764 880
0x00007aca1ff0dcc0 0x0000000daff9dcc0 0 0 0 0 1 3 3 54764 888
0x00007aca1ff0dd40 0x0000000daff9dd40 0 1 0 0 1 3 3 54764 880
0x00007aca1ff0ddc0 0x0000000daff9ddc0 0 1 0 0 1 3 3 54764 888
0x00007aca1ff0de40 0x0000000daff9de40 0 0 1 0 1 3 3 54764 880
0x00007aca1ff0dec0 0x0000000daff9dec0 0 0 1 0 1 3 3 54764 888
0x00007aca1ff0df40 0x0000000daff9df40 0 1 1 0 1 3 3 54764 880
0x00007aca1ff0dfc0 0x0000000daff9dfc0 0 1 1 0 1 3 3 54764 888
0x00007aca1ff15040 0x0000000e767d6040 0 0 0 0 0 3 3 57046 896
0x00007aca1ff150c0 0x0000000e767d60c0 0 0 0 0 0 3 3 57046 904
0x00007aca1ff15140 0x0000000e767d6140 0 1 0 0 0 3 3 57046 896
0x00007aca1ff151c0 0x0000000e767d61c0 0 1 0 0 0 3 3 57046 904
0x00007aca1ff15240 0x0000000e767d6240 0 0 1 0 0 3 3 57046 896
0x00007aca1ff152c0 0x0000000e767d62c0 0 0 1 0 0 3 3 57046 904
0x00007aca1ff15340 0x0000000e767d6340 0 1 1 0 0 3 3 57046 896
0x00007aca1ff153c0 0x0000000e767d63c0 0 1 1 0 0 3 3 57046 904
0x00007aca1ff15440 0x0000000e767d6440 0 0 0 0 0 3 3 57046 912
0x00007aca1ff154c0 0x0000000e767d64c0 0 0 0 0 0 3 3 57046 920
0x00007aca1ff15540 0x0000000e767d6540 0 1 0 0 0 3 3 57046 912
0x00007aca1ff155c0 0x0000000e767d65c0 0 1 0 0 0 3 3 57046 920
0x00007aca1ff15640 0x0000000e767d6640 0 0 1 0 0 3 3 57046 912
0x00007aca1ff156c0 0x0000000e767d66c0 0 0 1 0 0 3 3 57046 920
0x00007aca1ff15740 0x0000000e767d6740 0 1 1 0 0 3 3 57046 912
0x00007aca1ff157c0 0x0000000e767d67c0 0 1 1 0 0 3 3 57046 920
0x00007aca1ff15840 0x0000000e767d6840 0 0 0 0 0 3 3 57046 928
0x00007aca1ff158c0 0x0000000e767d68c0 0 0 0 0 0 3 3 57046 936
0x00007aca1ff15940 0x0000000e767d6940 0 1 0 0 0 3 3 57046 928
0x00007aca1ff159c0 0x0000000e767d69c0 0 1 0 0 0 3 3 57046 936
0x00007aca1ff15a40 0x0000000e767d6a40 0 0 1 0 0 3 3 57046 928
0x00007aca1ff15ac0 0x0000000e767d6ac0 0 0 1 0 0 3 3 57046 936
0x00007aca1ff15b40 0x0000000e767d6b40 0 1 1 0 0 3 3 57046 928
0x00007aca1ff15bc0 0x0000000e767d6bc0 0 1 1 0 0 3 3 57046 936
0x00007aca1ff15c40 0x0000000e767d6c40 0 0 0 0 0 3 3 57046 944
0x00007aca1ff15cc0 0x0000000e767d6cc0 0 0 0 0 0 3 3 57046 952
0x00007aca1ff15d40 0x0000000e767d6d40 0 1 0 0 0 3 3 57046 944
0x00007aca1ff15dc0 0x0000000e767d6dc0 0 1 0 0 0 3 3 57046 952
0x00007aca1ff15e40 0x0000000e767d6e40 0 0 1 0 0 3 3 57046 944
0x00007aca1ff15ec0 0x0000000e767d6ec0 0 0 1 0 0 3 3 57046 952
0x00007aca1ff15f40 0x0000000e767d6f40 0 1 1 0 0 3 3 57046 944
0x00007aca1ff15fc0 0x0000000e767d6fc0 0 1 1 0 0 3 3 57046 952
0x00007aca1ff17040 0x00000005f87bd040 0 0 0 0 1 3 3 24325 832
0x00007aca1ff170c0 0x00000005f87bd0c0 0 0 0 0 1 3 3 24325 840
0x00007aca1ff17140 0x00000005f87bd140 0 1 0 0 1 3 3 24325 832
0x00007aca1ff171c0 0x00000005f87bd1c0 0 1 0 0 1 3 3 24325 840
0x00007aca1ff17240 0x00000005f87bd240 0 0 1 0 1 3 3 24325 832
0x00007aca1ff172c0 0x00000005f87bd2c0 0 0 1 0 1 3 3 24325 840
0x00007aca1ff17340 0x00000005f87bd340 0 1 1 0 1 3 3 24325 832
0x00007aca1ff173c0 0x00000005f87bd3c0 0 1 1 0 1 3 3 24325 840
0x00007aca1ff17440 0x00000005f87bd440 0 0 0 0 1 3 3 24325 848
0x00007aca1ff174c0 0x00000005f87bd4c0 0 0 0 0 1 3 3 24325 856
0x00007aca1ff17540 0x00000005f87bd540 0 1 0 0 1 3 3 24325 848
0x00007aca1ff175c0 0x00000005f87bd5c0 0 1 0 0 1 3 3 24325 856
0x00007aca1ff17640 0x00000005f87bd640 0 0 1 0 1 3 3 24325 848
0x00007aca1ff176c0 0x00000005f87bd6c0 0 0 1 0 1 3 3 24325 856
0x00007aca1ff17740 0x00000005f87bd740 0 1 1 0 1 3 3 24325 848
0x00007aca1ff177c0 0x00000005f87bd7c0 0 1 1 0 1 3 3 24325 856
0x00007aca1ff17840 0x00000005f87bd840 0 0 0 0 1 3 3 24325 864
0x00007aca1ff178c0 0x00000005f87bd8c0 0 0 0 0 1 3 3 24325 872
0x00007aca1ff17940 0x00000005f87bd940 0 1 0 0 1 3 3 24325 864
0x00007aca1ff179c0 0x00000005f87bd9c0 0 1 0 0 1 3 3 24325 872
0x00007aca1ff17a40 0x00000005f87bda40 0 0 1 0 1 3 3 24325 864
0x00007aca1ff17ac0 0x00000005f87bdac0 0 0 1 0 1 3 3 24325 872
0x00007aca1ff17b40 0x00000005f87bdb40 0 1 1 0 1 3 3 24325 864
0x00007aca1ff17bc0 0x00000005f87bdbc0 0 1 1 0 1 3 3 24325 872
0x00007aca1ff17c40 0x00000005f87bdc40 0 0 0 0 1 3 3 24325 880
0x00007aca1ff17cc0 0x00000005f87bdcc0 0 0 0 0 1 3 3 24325 888
0x00007aca1ff17d40 0x00000005f87bdd40 0 1 0 0 1 3 3 24325 880
0x00007aca1ff17dc0 0x00000005f87bddc0 0 1 0 0 1 3 3 24325 888
0x00007aca1ff17e40 0x00000005f87bde40 0 0 1 0 1 3 3 24325 880
0x00007aca1ff17ec0 0x00000005f87bdec0 0 0 1 0 1 3 3 24325 888
0x00007aca1ff17f40 0x00000005f87bdf40 0 1 1 0 1 3 3 24325 880
0x00007aca1ff17fc0 0x00000005f87bdfc0 0 1 1 0 1 3 3 24325 888
0x00007aca1ff1a040 0x00000008fa735040 0 0 0 0 0 3 3 36673 832
0x00007aca1ff1a0c0 0x00000008fa7350c0 0 0 0 0 0 3 3 36673 840
0x00007aca1ff1a140 0x00000008fa735140 0 1 0 0 0 3 3 36673 832
0x00007aca1ff1a1c0 0x00000008fa7351c0 0 1 0 0 0 3 3 36673 840
0x00007aca1ff1a240 0x00000008fa735240 0 0 1 0 0 3 3 36673 832
0x00007aca1ff1a2c0 0x00000008fa7352c0 0 0 1 0 0 3 3 36673 840
0x00007aca1ff1a340 0x00000008fa735340 0 1 1 0 0 3 3 36673 832
0x00007aca1ff1a3c0 0x00000008fa7353c0 0 1 1 0 0 3 3 36673 840
0x00007aca1ff1a440 0x00000008fa735440 0 0 0 0 0 3 3 36673 848
0x00007aca1ff1a4c0 0x00000008fa7354c0 0 0 0 0 0 3 3 36673 856
0x00007aca1ff1a540 0x00000008fa735540 0 1 0 0 0 3 3 36673 848
0x00007aca1ff1a5c0 0x00000008fa7355c0 0 1 0 0 0 3 3 36673 856
0x00007aca1ff1a640 0x00000008fa735640 0 0 1 0 0 3 3 36673 848
0x00007aca1ff1a6c0 0x00000008fa7356c0 0 0 1 0 0 3 3 36673 856
0x00007aca1ff1a740 0x00000008fa735740 0 1 1 0 0 3 3 36673 848
0x00007aca1ff1a7c0 0x00000008fa7357c0 0 1 1 0 0 3 3 36673 856
0x00007aca1ff1a840 0x00000008fa735840 0 0 0 0 0 3 3 36673 864
0x00007aca1ff1a8c0 0x00000008fa7358c0 0 0 0 0 0 3 3 36673 872
0x00007aca1ff1a940 0x00000008fa735940 0 1 0 0 0 3 3 36673 864
0x00007aca1ff1a9c0 0x00000008fa7359c0 0 1 0 0 0 3 3 36673 872
0x00007aca1ff1aa40 0x00000008fa735a40 0 0 1 0 0 3 3 36673 864
0x00007aca1ff1aac0 0x00000008fa735ac0 0 0 1 0 0 3 3 36673 872
0x00007aca1ff1ab40 0x00000008fa735b40 0 1 1 0 0 3 3 36673 864
0x00007aca1ff1abc0 0x00000008fa735bc0 0 1 1 0 0 3 3 36673 872
0x00007aca1ff1ac40 0x00000008fa735c40 0 0 0 0 0 3 3 36673 880
0x00007aca1ff1acc0 0x00000008fa735cc0 0 0 0 0 0 3 3 36673 888
0x00007aca1ff1ad40 0x00000008fa735d40 0 1 0 0 0 3 3 36673 880
0x00007aca1ff1adc0 0x00000008fa735dc0 0 1 0 0 0 3 3 36673 888
0x00007aca1ff1ae40 0x00000008fa735e40 0 0 1 0 0 3 3 36673 880
0x00007aca1ff1aec0 0x00000008fa735ec0 0 0 1 0 0 3 3 36673 888
0x00007aca1ff1af40 0x00000008fa735f40 0 1 1 0 0 3 3 36673 880
0x00007aca1ff1afc0 0x00000008fa735fc0 0 1 1 0 0 3 3 36673 888
0x00007aca1ff1c040 0x0000000dfe7a6040 0 0 0 0 0 3 3 57285 384
0x00007aca1ff1c0c0 0x0000000dfe7a60c0 0 0 0 0 0 3 3 57285 392
0x00007aca1ff1c140 0x0000000dfe7a6140 0 1 0 0 0 3 3 57285 384
0x00007aca1ff1c1c0 0x0000000dfe7a61c0 0 1 0 0 0 3 3 57285 392
0x00007aca1ff1c240 0x0000000dfe7a6240 0 0 1 0 0 3 3 57285 384
0x00007aca1ff1c2c0 0x0000000dfe7a62c0 0 0 1 0 0 3 3 57285 392
0x00007aca1ff1c340 0x0000000dfe7a6340 0 1 1 0 0 3 3 57285 384
0x00007aca1ff1c3c0 0x0000000dfe7a63c0 0 1 1 0 0 3 3 57285 392
0x00007aca1ff1c440 0x0000000dfe7a6440 0 0 0 0 0 3 3 57285 400
0x00007aca1ff1c4c0 0x0000000dfe7a64c0 0 0 0 0 0 3 3 57285 408
0x00007aca1ff1c540 0x0000000dfe7a6540 0 1 0 0 0 3 3 57285 400
0x00007aca1ff1c5c0 0x0000000dfe7a65c0 0 1 0 0 0 3 3 57285 408
0x00007aca1ff1c640 0x0000000dfe7a6640 0 0 1 0 0 3 3 57285 400
0x00007aca1ff1c6c0 0x0000000dfe7a66c0 0 0 1 0 0 3 3 57285 408
0x00007aca1ff1c740 0x0000000dfe7a6740 0 1 1 0 0 3 3 57285 400
0x00007aca1ff1c7c0 0x0000000dfe7a67c0 0 1 1 0 0 3 3 57285 408
0x00007aca1ff1c840 0x0000000dfe7a6840 0 0 0 0 0 3 3 57285 416
0x00007aca1ff1c8c0 0x0000000dfe7a68c0 0 0 0 0 0 3 3 57285 424
0x00007aca1ff1c940 0x0000000dfe7a6940 0 1 0 0 0 3 3 57285 416
0x00007aca1ff1c9c0 0x0000000dfe7a69c0 0 1 0 0 0 3 3 57285 424
0x00007aca1ff1ca40 0x0000000dfe7a6a40 0 0 1 0 0 3 3 57285 416
0x00007aca1ff1cac0 0x0000000dfe7a6ac0 0 0 1 0 0 3 3 57285 424
0x00007aca1ff1cb40 0x0000000dfe7a6b40 0 1 1 0 0 3 3 57285 416
0x00007aca1ff1cbc0 0x0000000dfe7a6bc0 0 1 1 0 0 3 3 57285 424
0x00007aca1ff1cc40 0x0000000dfe7a6c40 0 0 0 0 0 3 3 57285 432
0x00007aca1ff1ccc0 0x0000000dfe7a6cc0 0 0 0 0 0 3 3 57285 440
0x00007aca1ff1cd40 0x0000000dfe7a6d40 0 1 0 0 0 3 3 57285 432
0x00007aca1ff1cdc0 0x0000000dfe7a6dc0 0 1 0 0 0 3 3 57285 440
0x00007aca1ff1ce40 0x0000000dfe7a6e40 0 0 1 0 0 3 3 57285 432
0x00007aca1ff1cec0 0x0000000dfe7a6ec0 0 0 1 0 0 3 3 57285 440
0x00007aca1ff1cf40 0x0000000dfe7a6f40 0 1 1 0 0 3 3 57285 432
0x00007aca1ff1cfc0 0x0000000dfe7a6fc0 0 1 1 0 0 3 3 57285 440
0x00007aca1ff2b040 0x0000000264fdd040 0 0 0 0 1 3 3 7326 832
0x00007aca1ff2b0c0 0x0000000264fdd0c0 0 0 0 0 1 3 3 7326 840
0x00007aca1ff2b140 0x0000000264fdd140 0 1 0 0 1 3 3 7326 832
0x00007aca1ff2b1c0 0x0000000264fdd1c0 0 1 0 0 1 3 3 7326 840
0x00007aca1ff2b240 0x0000000264fdd240 0 0 1 0 1 3 3 7326 832
0x00007aca1ff2b2c0 0x0000000264fdd2c0 0 0 1 0 1 3 3 7326 840
0x00007aca1ff2b340 0x0000000264fdd340 0 1 1 0 1 3 3 7326 832
0x00007aca1ff2b3c0 0x0000000264fdd3c0 0 1 1 0 1 3 3 7326 840
0x00007aca1ff2b440 0x0000000264fdd440 0 0 0 0 1 3 3 7326 848
0x00007aca1ff2b4c0 0x0000000264fdd4c0 0 0 0 0 1 3 3 7326 856
0x00007aca1ff2b540 0x0000000264fdd540 0 1 0 0 1 3 3 7326 848
0x00007aca1ff2b5c0 0x0000000264fdd5c0 0 1 0 0 1 3 3 7326 856
0x00007aca1ff2b640 0x0000000264fdd640 0 0 1 0 1 3 3 7326 848
0x00007aca1ff2b6c0 0x0000000264fdd6c0 0 0 1 0 1 3 3 7326 856
0x00007aca1ff2b740 0x0000000264fdd740 0 1 1 0 1 3 3 7326 848
0x00007aca1ff2b7c0 0x0000000264fdd7c0 0 1 1 0 1 3 3 7326 856
0x00007aca1ff2b840 0x0000000264fdd840 0 0 0 0 1 3 3 7326 864
0x00007aca1ff2b8c0 0x0000000264fdd8c0 0 0 0 0 1 3 3 7326 872
0x00007aca1ff2b940 0x0000000264fdd940 0 1 0 0 1 3 3 7326 864
0x00007aca1ff2b9c0 0x0000000264fdd9c0 0 1 0 0 1 3 3 7326 872
0x00007aca1ff2ba40 0x0000000264fdda40 0 0 1 0 1 3 3 7326 864
0x00007aca1ff2bac0 0x0000000264fddac0 0 0 1 0 1 3 3 7326 872
0x00007aca1ff2bb40 0x0000000264fddb40 0 1 1 0 1 3 3 7326 864
0x00007aca1ff2bbc0 0x0000000264fddbc0 0 1 1 0 1 3 3 7326 872
0x00007aca1ff2bc40 0x0000000264fddc40 0 0 0 0 1 3 3 7326 880
0x00007aca1ff2bcc0 0x0000000264fddcc0 0 0 0 0 1 3 3 7326 888
0x00007aca1ff2bd40 0x0000000264fddd40 0 1 0 0 1 3 3 7326 880
0x00007aca1ff2bdc0 0x0000000264fdddc0 0 1 0 0 1 3 3 7326 888
0x00007aca1ff2be40 0x0000000264fdde40 0 0 1 0 1 3 3 7326 880
0x00007aca1ff2bec0 0x0000000264fddec0 0 0 1 0 1 3 3 7326 888
0x00007aca1ff2bf40 0x0000000264fddf40 0 1 1 0 1 3 3 7326 880
0x00007aca1ff2bfc0 0x0000000264fddfc0 0 1 1 0 1 3 3 7326 888
0x00007aca1ff2d040 0x0000000ab97c0040 0 0 0 0 0 3 3 42790 0
0x00007aca1ff2d0c0 0x0000000ab97c00c0 0 0 0 0 0 3 3 42790 8
0x00007aca1ff2d140 0x0000000ab97c0140 0 1 0 0 0 3 3 42790 0
0x00007aca1ff2d1c0 0x0000000ab97c01c0 0 1 0 0 0 3 3 42790 8
0x00007aca1ff2d240 0x0000000ab97c0240 0 0 1 0 0 3 3 42790 0
0x00007aca1ff2d2c0 0x0000000ab97c02c0 0 0 1 0 0 3 3 42790 8
0x00007aca1ff2d340 0x0000000ab97c0340 0 1 1 0 0 3 3 42790 0
0x00007aca1ff2d3c0 0x0000000ab97c03c0 0 1 1 0 0 3 3 42790 8
0x00007aca1ff2d440 0x0000000ab97c0440 0 0 0 0 0 3 3 42790 16
0x00007aca1ff2d4c0 0x0000000ab97c04c0 0 0 0 0 0 3 3 42790 24
0x00007aca1ff2d540 0x0000000ab97c0540 0 1 0 0 0 3 3 42790 16
0x00007aca1ff2d5c0 0x0000000ab97c05c0 0 1 0 0 0 3 3 42790 24
0x00007aca1ff2d640 0x0000000ab97c0640 0 0 1 0 0 3 3 42790 16
0x00007aca1ff2d6c0 0x0000000ab97c06c0 0 0 1 0 0 3 3 42790 24
0x00007aca1ff2d740 0x0000000ab97c0740 0 1 1 0 0 3 3 42790 16
0x00007aca1ff2d7c0 0x0000000ab97c07c0 0 1 1 0 0 3 3 42790 24
0x00007aca1ff2d840 0x0000000ab97c0840 0 0 0 0 0 3 3 42790 32
0x00007aca1ff2d8c0 0x0000000ab97c08c0 0 0 0 0 0 3 3 42790 40
0x00007aca1ff2d940 0x0000000ab97c0940 0 1 0 0 0 3 3 42790 32
0x00007aca1ff2d9c0 0x0000000ab97c09c0 0 1 0 0 0 3 3 42790 40
0x00007aca1ff2da40 0x0000000ab97c0a40 0 0 1 0 0 3 3 42790 32
0x00007aca1ff2dac0 0x0000000ab97c0ac0 0 0 1 0 0 3 3 42790 40
0x00007aca1ff2db40 0x0000000ab97c0b40 0 1 1 0 0 3 3 42790 32
0x00007aca1ff2dbc0 0x0000000ab97c0bc0 0 1 1 0 0 3 3 42790 40
0x00007aca1ff2dc40 0x0000000ab97c0c40 0 0 0 0 0 3 3 42790 48
0x00007aca1ff2dcc0 0x0000000ab97c0cc0 0 0 0 0 0 3 3 42790 56
0x00007aca1ff2dd40 0x0000000ab97c0d40 0 1 0 0 0 3 3 42790 48
0x00007aca1ff2ddc0 0x0000000ab97c0dc0 0 1 0 0 0 3 3 42790 56
0x00007aca1ff2de40 0x0000000ab97c0e40 0 0 1 0 0 3 3 42790 48
0x00007aca1ff2dec0 0x0000000ab97c0ec0 0 0 1 0 0 3 3 42790 56
0x00007aca1ff2df40 0x0000000ab97c0f40 0 1 1 0 0 3 3 42790 48
0x00007aca1ff2dfc0 0x0000000ab97c0fc0 0 1 1 0 0 3 3 42790 56
0x00007aca1ff32040 0x0000000735717040 0 0 0 0 0 3 3 26288 960
0x00007aca1ff320c0 0x00000007357170c0 0 0 0 0 0 3 3 26288 968
0x00007aca1ff32140 0x0000000735717140 0 1 0 0 0 3 3 26288 960
0x00007aca1ff321c0 0x00000007357171c0 0 1 0 0 0 3 3 26288 968
0x00007aca1ff32240 0x0000000735717240 0 0 1 0 0 3 3 26288 960
0x00007aca1ff322c0 0x00000007357172c0 0 0 1 0 0 3 3 26288 968
0x00007aca1ff32340 0x0000000735717340 0 1 1 0 0 3 3 26288 960
0x00007aca1ff323c0 0x00000007357173c0 0 1 1 0 0 3 3 26288 968
0x00007aca1ff32440 0x0000000735717440 0 0 0 0 0 3 3 26288 976
0x00007aca1ff324c0 0x00000007357174c0 0 0 0 0 0 3 3 26288 984
0x00007aca1ff32540 0x0000000735717540 0 1 0 0 0 3 3 26288 976
0x00007aca1ff325c0 0x00000007357175c0 0 1 0 0 0 3 3 26288 984
0x00007aca1ff32640 0x0000000735717640 0 0 1 0 0 3 3 26288 976
0x00007aca1ff326c0 0x00000007357176c0 0 0 1 0 0 3 3 26288 984
0x00007aca1ff32740 0x0000000735717740 0 1 1 0 0 3 3 26288 976
0x00007aca1ff327c0 0x00000007357177c0 0 1 1 0 0 3 3 26288 984
0x00007aca1ff32840 0x0000000735717840 0 0 0 0 0 3 3 26288 992
0x00007aca1ff328c0 0x00000007357178c0 0 0 0 0 0 3 3 26288 1000
0x00007aca1ff32940 0x0000000735717940 0 1 0 0 0 3 3 26288 992
0x00007aca1ff329c0 0x00000007357179c0 0 1 0 0 0 3 3 26288 1000
0x00007aca1ff32a40 0x0000000735717a40 0 0 1 0 0 3 3 26288 992
0x00007aca1ff32ac0 0x0000000735717ac0 0 0 1 0 0 3 3 26288 1000
0x00007aca1ff32b40 0x0000000735717b40 0 1 1 0 0 3 3 26288 992
0x00007aca1ff32bc0 0x0000000735717bc0 0 1 1 0 0 3 3 26288 1000
0x00007aca1ff32c40 0x0000000735717c40 0 0 0 0 0 3 3 26288 1008
0x00007aca1ff32cc0 0x0000000735717cc0 0 0 0 0 0 3 3 26288 1016
0x00007aca1ff32d40 0x0000000735717d40 0 1 0 0 0 3 3 26288 1008
0x00007aca1ff32dc0 0x0000000735717dc0 0 1 0 0 0 3 3 26288 1016
0x00007aca1ff32e40 0x0000000735717e40 0 0 1 0 0 3 3 26288 1008
0x00007aca1ff32ec0 0x0000000735717ec0 0 0 1 0 0 3 3 26288 1016
0x00007aca1ff32f40 0x0000000735717f40 0 1 1 0 0 3 3 26288 1008
0x00007aca1ff32fc0 0x0000000735717fc0 0 1 1 0 0 3 3 26288 1016
0x00007aca1ff35040 0x0000000b267f1040 0 0 0 0 0 3 3 42199 576
0x00007aca1ff350c0 0x0000000b267f10c0 0 0 0 0 0 3 3 42199 584
0x00007aca1ff35140 0x0000000b267f1140 0 1 0 0 0 3 3 42199 576
0x00007aca1ff351c0 0x0000000b267f11c0 0 1 0 0 0 3 3 42199 584
0x00007aca1ff35240 0x0000000b267f1240 0 0 1 0 0 3 3 42199 576
0x00007aca1ff352c0 0x0000000b267f12c0 0 0 1 0 0 3 3 42199 584
0x00007aca1ff35340 0x0000000b267f1340 0 1 1 0 0 3 3 42199 576
0x00007aca1ff353c0 0x0000000b267f13c0 0 1 1 0 0 3 3 42199 584
0x00007aca1ff35440 0x0000000b267f1440 0 0 0 0 0 3 3 42199 592
0x00007aca1ff354c0 0x0000000b267f14c0 0 0 0 0 0 3 3 42199 600
0x00007aca1ff35540 0x0000000b267f1540 0 1 0 0 0 3 3 42199 592
0x00007aca1ff355c0 0x0000000b267f15c0 0 1 0 0 0 3 3 42199 600
0x00007aca1ff35640 0x0000000b267f1640 0 0 1 0 0 3 3 42199 592
0x00007aca1ff356c0 0x0000000b267f16c0 0 0 1 0 0 3 3 42199 600
0x00007aca1ff35740 0x0000000b267f1740 0 1 1 0 0 3 3 42199 592
0x00007aca1ff357c0 0x0000000b267f17c0 0 1 1 0 0 3 3 42199 600
0x00007aca1ff35840 0x0000000b267f1840 0 0 0 0 0 3 3 42199 608
0x00007aca1ff358c0 0x0000000b267f18c0 0 0 0 0 0 3 3 42199 616
0x00007aca1ff35940 0x0000000b267f1940 0 1 0 0 0 3 3 42199 608
0x00007aca1ff359c0 0x0000000b267f19c0 0 1 0 0 0 3 3 42199 616
0x00007aca1ff35a40 0x0000000b267f1a40 0 0 1 0 0 3 3 42199 608
0x00007aca1ff35ac0 0x0000000b267f1ac0 0 0 1 0 0 3 3 42199 616
0x00007aca1ff35b40 0x0000000b267f1b40 0 1 1 0 0 3 3 42199 608
0x00007aca1ff35bc0 0x0000000b267f1bc0 0 1 1 0 0 3 3 42199 616
0x00007aca1ff35c40 0x0000000b267f1c40 0 0 0 0 0 3 3 42199 624
0x00007aca1ff35cc0 0x0000000b267f1cc0 0 0 0 0 0 3 3 42199 632
0x00007aca1ff35d40 0x0000000b267f1d40 0 1 0 0 0 3 3 42199 624
0x00007aca1ff35dc0 0x0000000b267f1dc0 0 1 0 0 0 3 3 42199 632
0x00007aca1ff35e40 0x0000000b267f1e40 0 0 1 0 0 3 3 42199 624
0x00007aca1ff35ec0 0x0000000b267f1ec0 0 0 1 0 0 3 3 42199 632
0x00007aca1ff35f40 0x0000000b267f1f40 0 1 1 0 0 3 3 42199 624
0x00007aca1ff35fc0 0x0000000b267f1fc0 0 1 1 0 0 3 3 42199 632
0x00007aca1ff3b040 0x0000000f26fe4040 0 0 0 0 0 3 3 58591 256
0x00007aca1ff3b0c0 0x0000000f26fe40c0 0 0 0 0 0 3 3 58591 264
0x00007aca1ff3b140 0x0000000f26fe4140 0 1 0 0 0 3 3 58591 256
0x00007aca1ff3b1c0 0x0000000f26fe41c0 0 1 0 0 0 3 3 58591 264
0x00007aca1ff3b240 0x0000000f26fe4240 0 0 1 0 0 3 3 58591 256
0x00007aca1ff3b2c0 0x0000000f26fe42c0 0 0 1 0 0 3 3 58591 264
0x00007aca1ff3b340 0x0000000f26fe4340 0 1 1 0 0 3 3 58591 256
0x00007aca1ff3b3c0 0x0000000f26fe43c0 0 1 1 0 0 3 3 58591 264
0x00007aca1ff3b440 0x0000000f26fe4440 0 0 0 0 0 3 3 58591 272
0x00007aca1ff3b4c0 0x0000000f26fe44c0 0 0 0 0 0 3 3 58591 280
0x00007aca1ff3b540 0x0000000f26fe4540 0 1 0 0 0 3 3 58591 272
0x00007aca1ff3b5c0 0x0000000f26fe45c0 0 1 0 0 0 3 3 58591 280
0x00007aca1ff3b640 0x0000000f26fe4640 0 0 1 0 0 3 3 58591 272
0x00007aca1ff3b6c0 0x0000000f26fe46c0 0 0 1 0 0 3 3 58591 280
0x00007aca1ff3b740 0x0000000f26fe4740 0 1 1 0 0 3 3 58591 272
0x00007aca1ff3b7c0 0x0000000f26fe47c0 0 1 1 0 0 3 3 58591 280
0x00007aca1ff3b840 0x0000000f26fe4840 0 0 0 0 0 3 3 58591 288
0x00007aca1ff3b8c0 0x0000000f26fe48c0 0 0 0 0 0 3 3 58591 296
0x00007aca1ff3b940 0x0000000f26fe4940 0 1 0 0 0 3 3 58591 288
0x00007aca1ff3b9c0 0x0000000f26fe49c0 0 1 0 0 0 3 3 58591 296
0x00007aca1ff3ba40 0x0000000f26fe4a40 0 0 1 0 0 3 3 58591 288
0x00007aca1ff3bac0 0x0000000f26fe4ac0 0 0 1 0 0 3 3 58591 296
0x00007aca1ff3bb40 0x0000000f26fe4b40 0 1 1 0 0 3 3 58591 288
0x00007aca1ff3bbc0 0x0000000f26fe4bc0 0 1 1 0 0 3 3 58591 296
0x00007aca1ff3bc40 0x0000000f26fe4c40 0 0 0 0 0 3 3 58591 304
0x00007aca1ff3bcc0 0x0000000f26fe4cc0 0 0 0 0 0 3 3 58591 312
0x00007aca1ff3bd40 0x0000000f26fe4d40 0 1 0 0 0 3 3 58591 304
0x00007aca1ff3bdc0 0x0000000f26fe4dc0 0 1 0 0 0 3 3 58591 312
0x00007aca1ff3be40 0x0000000f26fe4e40 0 0 1 0 0 3 3 58591 304
0x00007aca1ff3bec0 0x0000000f26fe4ec0 0 0 1 0 0 3 3 58591 312
0x00007aca1ff3bf40 0x0000000f26fe4f40 0 1 1 0 0 3 3 58591 304
0x00007aca1ff3bfc0 0x0000000f26fe4fc0 0 1 1 0 0 3 3 58591 312
0x00007aca1ff54040 0x0000000abf7a0040 0 0 0 0 0 3 3 42981 0
0x00007aca1ff540c0 0x0000000abf7a00c0 0 0 0 0 0 3 3 42981 8
0x00007aca1ff54140 0x0000000abf7a0140 0 1 0 0 0 3 3 42981 0
0x00007aca1ff541c0 0x0000000abf7a01c0 0 1 0 0 0 3 3 42981 8
0x00007aca1ff54240 0x0000000abf7a0240 0 0 1 0 0 3 3 42981 0
0x00007aca1ff542c0 0x0000000abf7a02c0 0 0 1 0 0 3 3 42981 8
0x00007aca1ff54340 0x0000000abf7a0340 0 1 1 0 0 3 3 42981 0
0x00007aca1ff543c0 0x0000000abf7a03c0 0 1 1 0 0 3 3 42981 8
0x00007aca1ff54440 0x0000000abf7a0440 0 0 0 0 0 3 3 42981 16
0x00007aca1ff544c0 0x0000000abf7a04c0 0 0 0 0 0 3 3 42981 24
0x00007aca1ff54540 0x0000000abf7a0540 0 1 0 0 0 3 3 42981 16
0x00007aca1ff545c0 0x0000000abf7a05c0 0 1 0 0 0 3 3 42981 24
0x00007aca1ff54640 0x0000000abf7a0640 0 0 1 0 0 3 3 42981 16
0x00007aca1ff546c0 0x0000000abf7a06c0 0 0 1 0 0 3 3 42981 24
0x00007aca1ff54740 0x0000000abf7a0740 0 1 1 0 0 3 3 42981 16
0x00007aca1ff547c0 0x0000000abf7a07c0 0 1 1 0 0 3 3 42981 24
0x00007aca1ff54840 0x0000000abf7a0840 0 0 0 0 0 3 3 42981 32
0x00007aca1ff548c0 0x0000000abf7a08c0 0 0 0 0 0 3 3 42981 40
0x00007aca1ff54940 0x0000000abf7a0940 0 1 0 0 0 3 3 42981 32
0x00007aca1ff549c0 0x0000000abf7a09c0 0 1 0 0 0 3 3 42981 40
0x00007aca1ff54a40 0x0000000abf7a0a40 0 0 1 0 0 3 3 42981 32
0x00007aca1ff54ac0 0x0000000abf7a0ac0 0 0 1 0 0 3 3 42981 40
0x00007aca1ff54b40 0x0000000abf7a0b40 0 1 1 0 0 3 3 42981 32
0x00007aca1ff54bc0 0x0000000abf7a0bc0 0 1 1 0 0 3 3 42981 40
0x00007aca1ff54c40 0x0000000abf7a0c40 0 0 0 0 0 3 3 42981 48
0x00007aca1ff54cc0 0x0000000abf7a0cc0 0 0 0 0 0 3 3 42981 56
0x00007aca1ff54d40 0x0000000abf7a0d40 0 1 0 0 0 3 3 42981 48
0x00007aca1ff54dc0 0x0000000abf7a0dc0 0 1 0 0 0 3 3 42981 56
0x00007aca1ff54e40 0x0000000abf7a0e40 0 0 1 0 0 3 3 42981 48
0x00007aca1ff54ec0 0x0000000abf7a0ec0 0 0 1 0 0 3 3 42981 56
0x00007aca1ff54f40 0x0000000abf7a0f40 0 1 1 0 0 3 3 42981 48
0x00007aca1ff54fc0 0x0000000abf7a0fc0 0 1 1 0 0 3 3 42981 56
0x00007aca1ff5b040 0x0000000f26fe9040 0 0 0 0 1 3 3 58591 64
0x00007aca1ff5b0c0 0x0000000f26fe90c0 0 0 0 0 1 3 3 58591 72
0x00007aca1ff5b140 0x0000000f26fe9140 0 1 0 0 1 3 3 58591 64
0x00007aca1ff5b1c0 0x0000000f26fe91c0 0 1 0 0 1 3 3 58591 72
0x00007aca1ff5b240 0x0000000f26fe9240 0 0 1 0 1 3 3 58591 64
0x00007aca1ff5b2c0 0x0000000f26fe92c0 0 0 1 0 1 3 3 58591 72
0x00007aca1ff5b340 0x0000000f26fe9340 0 1 1 0 1 3 3 58591 64
0x00007aca1ff5b3c0 0x0000000f26fe93c0 0 1 1 0 1 3 3 58591 72
0x00007aca1ff5b440 0x0000000f26fe9440 0 0 0 0 1 3 3 58591 80
0x00007aca1ff5b4c0 0x0000000f26fe94c0 0 0 0 0 1 3 3 58591 88
0x00007aca1ff5b540 0x0000000f26fe9540 0 1 0 0 1 3 3 58591 80
0x00007aca1ff5b5c0 0x0000000f26fe95c0 0 1 0 0 1 3 3 58591 88
0x00007aca1ff5b640 0x0000000f26fe9640 0 0 1 0 1 3 3 58591 80
0x00007aca1ff5b6c0 0x0000000f26fe96c0 0 0 1 0 1 3 3 58591 88
0x00007aca1ff5b740 0x0000000f26fe9740 0 1 1 0 1 3 3 58591 80
0x00007aca1ff5b7c0 0x0000000f26fe97c0 0 1 1 0 1 3 3 58591 88
0x00007aca1ff5b840 0x0000000f26fe9840 0 0 0 0 1 3 3 58591 96
0x00007aca1ff5b8c0 0x0000000f26fe98c0 0 0 0 0 1 3 3 58591 104
0x00007aca1ff5b940 0x0000000f26fe9940 0 1 0 0 1 3 3 58591 96
0x00007aca1ff5b9c0 0x0000000f26fe99c0 0 1 0 0 1 3 3 58591 104
0x00007aca1ff5ba40 0x0000000f26fe9a40 0 0 1 0 1 3 3 58591 96
0x00007aca1ff5bac0 0x0000000f26fe9ac0 0 0 1 0 1 3 3 58591 104
0x00007aca1ff5bb40 0x0000000f26fe9b40 0 1 1 0 1 3 3 58591 96
0x00007aca1ff5bbc0 0x0000000f26fe9bc0 0 1 1 0 1 3 3 58591 104
0x00007aca1ff5bc40 0x0000000f26fe9c40 0 0 0 0 1 3 3 58591 112
0x00007aca1ff5bcc0 0x0000000f26fe9cc0 0 0 0 0 1 3 3 58591 120
0x00007aca1ff5bd40 0x0000000f26fe9d40 0 1 0 0 1 3 3 58591 112
0x00007aca1ff5bdc0 0x0000000f26fe9dc0 0 1 0 0 1 3 3 58591 120
0x00007aca1ff5be40 0x0000000f26fe9e40 0 0 1 0 1 3 3 58591 112
0x00007aca1ff5bec0 0x0000000f26fe9ec0 0 0 1 0 1 3 3 58591 120
0x00007aca1ff5bf40 0x0000000f26fe9f40 0 1 1 0 1 3 3 58591 112
0x00007aca1ff5bfc0 0x0000000f26fe9fc0 0 1 1 0 1 3 3 58591 120
0x00007aca1ff5e040 0x00000001aef4b040 0 0 0 0 1 3 3 5578 192
0x00007aca1ff5e0c0 0x00000001aef4b0c0 0 0 0 0 1 3 3 5578 200
0x00007aca1ff5e140 0x00000001aef4b140 0 1 0 0 1 3 3 5578 192
0x00007aca1ff5e1c0 0x00000001aef4b1c0 0 1 0 0 1 3 3 5578 200
0x00007aca1ff5e240 0x00000001aef4b240 0 0 1 0 1 3 3 5578 192
0x00007aca1ff5e2c0 0x00000001aef4b2c0 0 0 1 0 1 3 3 5578 200
0x00007aca1ff5e340 0x00000001aef4b340 0 1 1 0 1 3 3 5578 192
0x00007aca1ff5e3c0 0x00000001aef4b3c0 0 1 1 0 1 3 3 5578 200
0x00007aca1ff5e440 0x00000001aef4b440 0 0 0 0 1 3 3 5578 208
0x00007aca1ff5e4c0 0x00000001aef4b4c0 0 0 0 0 1 3 3 5578 216
0x00007aca1ff5e540 0x00000001aef4b540 0 1 0 0 1 3 3 5578 208
0x00007aca1ff5e5c0 0x00000001aef4b5c0 0 1 0 0 1 3 3 5578 216
0x00007aca1ff5e640 0x00000001aef4b640 0 0 1 0 1 3 3 5578 208
0x00007aca1ff5e6c0 0x00000001aef4b6c0 0 0 1 0 1 3 3 5578 216
0x00007aca1ff5e740 0x00000001aef4b740 0 1 1 0 1 3 3 5578 208
0x00007aca1ff5e7c0 0x00000001aef4b7c0 0 1 1 0 1 3 3 5578 216
0x00007aca1ff5e840 0x00000001aef4b840 0 0 0 0 1 3 3 5578 224
0x00007aca1ff5e8c0 0x00000001aef4b8c0 0 0 0 0 1 3 3 5578 232
0x00007aca1ff5e940 0x00000001aef4b940 0 1 0 0 1 3 3 5578 224
0x00007aca1ff5e9c0 0x00000001aef4b9c0 0 1 0 0 1 3 3 5578 232
0x00007aca1ff5ea40 0x00000001aef4ba40 0 0 1 0 1 3 3 5578 224
0x00007aca1ff5eac0 0x00000001aef4bac0 0 0 1 0 1 3 3 5578 232
0x00007aca1ff5eb40 0x00000001aef4bb40 0 1 1 0 1 3 3 5578 224
0x00007aca1ff5ebc0 0x00000001aef4bbc0 0 1 1 0 1 3 3 5578 232
0x00007aca1ff5ec40 0x00000001aef4bc40 0 0 0 0 1 3 3 5578 240
0x00007aca1ff5ecc0 0x00000001aef4bcc0 0 0 0 0 1 3 3 5578 248
0x00007aca1ff5ed40 0x00000001aef4bd40 0 1 0 0 1 3 3 5578 240
0x00007aca1ff5edc0 0x00000001aef4bdc0 0 1 0 0 1 3 3 5578 248
0x00007aca1ff5ee40 0x00000001aef4be40 0 0 1 0 1 3 3 5578 240
0x00007aca1ff5eec0 0x00000001aef4bec0 0 0 1 0 1 3 3 5578 248
0x00007aca1ff5ef40 0x00000001aef4bf40 0 1 1 0 1 3 3 5578 240
0x00007aca1ff5efc0 0x00000001aef4bfc0 0 1 1 0 1 3 3 5578 248
0x00007aca1ff6f040 0x0000000aa3722040 0 0 0 0 0 3 3 42081 128
0x00007aca1ff6f0c0 0x0000000aa37220c0 0 0 0 0 0 3 3 42081 136
0x00007aca1ff6f140 0x0000000aa3722140 0 1 0 0 0 3 3 42081 128
0x00007aca1ff6f1c0 0x0000000aa37221c0 0 1 0 0 0 3 3 42081 136
0x00007aca1ff6f240 0x0000000aa3722240 0 0 1 0 0 3 3 42081 128
0x00007aca1ff6f2c0 0x0000000aa37222c0 0 0 1 0 0 3 3 42081 136
0x00007aca1ff6f340 0x0000000aa3722340 0 1 1 0 0 3 3 42081 128
0x00007aca1ff6f3c0 0x0000000aa37223c0 0 1 1 0 0 3 3 42081 136
0x00007aca1ff6f440 0x0000000aa3722440 0 0 0 0 0 3 3 42081 144
0x00007aca1ff6f4c0 0x0000000aa37224c0 0 0 0 0 0 3 3 42081 152
0x00007aca1ff6f540 0x0000000aa3722540 0 1 0 0 0 3 3 42081 144
0x00007aca1ff6f5c0 0x0000000aa37225c0 0 1 0 0 0 3 3 42081 152
0x00007aca1ff6f640 0x0000000aa3722640 0 0 1 0 0 3 3 42081 144
0x00007aca1ff6f6c0 0x0000000aa37226c0 0 0 1 0 0 3 3 42081 152
0x00007aca1ff6f740 0x0000000aa3722740 0 1 1 0 0 3 3 42081 144
0x00007aca1ff6f7c0 0x0000000aa37227c0 0 1 1 0 0 3 3 42081 152
0x00007aca1ff6f840 0x0000000aa3722840 0 0 0 0 0 3 3 42081 160
0x00007aca1ff6f8c0 0x0000000aa37228c0 0 0 0 0 0 3 3 42081 168
0x00007aca1ff6f940 0x0000000aa3722940 0 1 0 0 0 3 3 42081 160
0x00007aca1ff6f9c0 0x0000000aa37229c0 0 1 0 0 0 3 3 42081 168
0x00007aca1ff6fa40 0x0000000aa3722a40 0 0 1 0 0 3 3 42081 160
0x00007aca1ff6fac0 0x0000000aa3722ac0 0 0 1 0 0 3 3 42081 168
0x00007aca1ff6fb40 0x0000000aa3722b40 0 1 1 0 0 3 3 42081 160
0x00007aca1ff6fbc0 0x0000000aa3722bc0 0 1 1 0 0 3 3 42081 168
0x00007aca1ff6fc40 0x0000000aa3722c40 0 0 0 0 0 3 3 42081 176
0x00007aca1ff6fcc0 0x0000000aa3722cc0 0 0 0 0 0 3 3 42081 184
0x00007aca1ff6fd40 0x0000000aa3722d40 0 1 0 0 0 3 3 42081 176
0x00007aca1ff6fdc0 0x0000000aa3722dc0 0 1 0 0 0 3 3 42081 184
0x00007aca1ff6fe40 0x0000000aa3722e40 0 0 1 0 0 3 3 42081 176
0x00007aca1ff6fec0 0x0000000aa3722ec0 0 0 1 0 0 3 3 42081 184
0x00007aca1ff6ff40 0x0000000aa3722f40 0 1 1 0 0 3 3 42081 176
0x00007aca1ff6ffc0 0x0000000aa3722fc0 0 1 1 0 0 3 3 42081 184
0x00007aca1ff80040 0x0000000781f80040 0 0 0 0 0 3 3 28716 0
0x00007aca1ff800c0 0x0000000781f800c0 0 0 0 0 0 3 3 28716 8
0x00007aca1ff80140 0x0000000781f80140 0 1 0 0 0 3 3 28716 0
0x00007aca1ff801c0 0x0000000781f801c0 0 1 0 0 0 3 3 28716 8
0x00007aca1ff80240 0x0000000781f80240 0 0 1 0 0 3 3 28716 0
0x00007aca1ff802c0 0x0000000781f802c0 0 0 1 0 0 3 3 28716 8
0x00007aca1ff80340 0x0000000781f80340 0 1 1 0 0 3 3 28716 0
0x00007aca1ff803c0 0x0000000781f803c0 0 1 1 0 0 3 3 28716 8
0x00007aca1ff80440 0x0000000781f80440 0 0 0 0 0 3 3 28716 16
0x00007aca1ff804c0 0x0000000781f804c0 0 0 0 0 0 3 3 28716 24
0x00007aca1ff80540 0x0000000781f80540 0 1 0 0 0 3 3 28716 16
0x00007aca1ff805c0 0x0000000781f805c0 0 1 0 0 0 3 3 28716 24
0x00007aca1ff80640 0x0000000781f80640 0 0 1 0 0 3 3 28716 16
0x00007aca1ff806c0 0x0000000781f806c0 0 0 1 0 0 3 3 28716 24
0x00007aca1ff80740 0x0000000781f80740 0 1 1 0 0 3 3 28716 16
0x00007aca1ff807c0 0x0000000781f807c0 0 1 1 0 0 3 3 28716 24
0x00007aca1ff80840 0x0000000781f80840 0 0 0 0 0 3 3 28716 32
0x00007aca1ff808c0 0x0000000781f808c0 0 0 0 0 0 3 3 28716 40
0x00007aca1ff80940 0x0000000781f80940 0 1 0 0 0 3 3 28716 32
0x00007aca1ff809c0 0x0000000781f809c0 0 1 0 0 0 3 3 28716 40
0x00007aca1ff80a40 0x0000000781f80a40 0 0 1 0 0 3 3 28716 32
0x00007aca1ff80ac0 0x0000000781f80ac0 0 0 1 0 0 3 3 28716 40
0x00007aca1ff80b40 0x0000000781f80b40 0 1 1 0 0 3 3 28716 32
0x00007aca1ff80bc0 0x0000000781f80bc0 0 1 1 0 0 3 3 28716 40
0x00007aca1ff80c40 0x0000000781f80c40 0 0 0 0 0 3 3 28716 48
0x00007aca1ff80cc0 0x0000000781f80cc0 0 0 0 0 0 3 3 28716 56
0x00007aca1ff80d40 0x0000000781f80d40 0 1 0 0 0 3 3 28716 48
0x00007aca1ff80dc0 0x0000000781f80dc0 0 1 0 0 0 3 3 28716 56
0x00007aca1ff80e40 0x0000000781f80e40 0 0 1 0 0 3 3 28716 48
0x00007aca1ff80ec0 0x0000000781f80ec0 0 0 1 0 0 3 3 28716 56
0x00007aca1ff80f40 0x0000000781f80f40 0 1 1 0 0 3 3 28716 48
0x00007aca1ff80fc0 0x0000000781f80fc0 0 1 1 0 0 3 3 28716 56
0x00007aca1ff83040 0x0000000a997f9040 0 0 0 0 1 3 3 41767 576
0x00007aca1ff830c0 0x0000000a997f90c0 0 0 0 0 1 3 3 41767 584
0x00007aca1ff83140 0x0000000a997f9140 0 1 0 0 1 3 3 41767 576
0x00007aca1ff831c0 0x0000000a997f91c0 0 1 0 0 1 3 3 41767 584
0x00007aca1ff83240 0x0000000a997f9240 0 0 1 0 1 3 3 41767 576
0x00007aca1ff832c0 0x0000000a997f92c0 0 0 1 0 1 3 3 41767 584
0x00007aca1ff83340 0x0000000a997f9340 0 1 1 0 1 3 3 41767 576
0x00007aca1ff833c0 0x0000000a997f93c0 0 1 1 0 1 3 3 41767 584
0x00007aca1ff83440 0x0000000a997f9440 0 0 0 0 1 3 3 41767 592
0x00007aca1ff834c0 0x0000000a997f94c0 0 0 0 0 1 3 3 41767 600
0x00007aca1ff83540 0x0000000a997f9540 0 1 0 0 1 3 3 41767 592
0x00007aca1ff835c0 0x0000000a997f95c0 0 1 0 0 1 3 3 41767 600
0x00007aca1ff83640 0x0000000a997f9640 0 0 1 0 1 3 3 41767 592
0x00007aca1ff836c0 0x0000000a997f96c0 0 0 1 0 1 3 3 41767 600
0x00007aca1ff83740 0x0000000a997f9740 0 1 1 0 1 3 3 41767 592
0x00007aca1ff837c0 0x0000000a997f97c0 0 1 1 0 1 3 3 41767 600
0x00007aca1ff83840 0x0000000a997f9840 0 0 0 0 1 3 3 41767 608
0x00007aca1ff838c0 0x0000000a997f98c0 0 0 0 0 1 3 3 41767 616
0x00007aca1ff83940 0x0000000a997f9940 0 1 0 0 1 3 3 41767 608
0x00007aca1ff839c0 0x0000000a997f99c0 0 1 0 0 1 3 3 41767 616
0x00007aca1ff83a40 0x0000000a997f9a40 0 0 1 0 1 3 3 41767 608
0x00007aca1ff83ac0 0x0000000a997f9ac0 0 0 1 0 1 3 3 41767 616
0x00007aca1ff83b40 0x0000000a997f9b40 0 1 1 0 1 3 3 41767 608
0x00007aca1ff83bc0 0x0000000a997f9bc0 0 1 1 0 1 3 3 41767 616
0x00007aca1ff83c40 0x0000000a997f9c40 0 0 0 0 1 3 3 41767 624
0x00007aca1ff83cc0 0x0000000a997f9cc0 0 0 0 0 1 3 3 41767 632
0x00007aca1ff83d40 0x0000000a997f9d40 0 1 0 0 1 3 3 41767 624
0x00007aca1ff83dc0 0x0000000a997f9dc0 0 1 0 0 1 3 3 41767 632
0x00007aca1ff83e40 0x0000000a997f9e40 0 0 1 0 1 3 3 41767 624
0x00007aca1ff83ec0 0x0000000a997f9ec0 0 0 1 0 1 3 3 41767 632
0x00007aca1ff83f40 0x0000000a997f9f40 0 1 1 0 1 3 3 41767 624
0x00007aca1ff83fc0 0x0000000a997f9fc0 0 1 1 0 1 3 3 41767 632
0x00007aca1ff84040 0x0000000a567f5040 0 0 0 0 0 3 3 39639 832
0x00007aca1ff840c0 0x0000000a567f50c0 0 0 0 0 0 3 3 39639 840
0x00007aca1ff84140 0x0000000a567f5140 0 1 0 0 0 3 3 39639 832
0x00007aca1ff841c0 0x0000000a567f51c0 0 1 0 0 0 3 3 39639 840
0x00007aca1ff84240 0x0000000a567f5240 0 0 1 0 0 3 3 39639 832
0x00007aca1ff842c0 0x0000000a567f52c0 0 0 1 0 0 3 3 39639 840
0x00007aca1ff84340 0x0000000a567f5340 0 1 1 0 0 3 3 39639 832
0x00007aca1ff843c0 0x0000000a567f53c0 0 1 1 0 0 3 3 39639 840
0x00007aca1ff84440 0x0000000a567f5440 0 0 0 0 0 3 3 39639 848
0x00007aca1ff844c0 0x0000000a567f54c0 0 0 0 0 0 3 3 39639 856
0x00007aca1ff84540 0x0000000a567f5540 0 1 0 0 0 3 3 39639 848
0x00007aca1ff845c0 0x0000000a567f55c0 0 1 0 0 0 3 3 39639 856
0x00007aca1ff84640 0x0000000a567f5640 0 0 1 0 0 3 3 39639 848
0x00007aca1ff846c0 0x0000000a567f56c0 0 0 1 0 0 3 3 39639 856
0x00007aca1ff84740 0x0000000a567f5740 0 1 1 0 0 3 3 39639 848
0x00007aca1ff847c0 0x0000000a567f57c0 0 1 1 0 0 3 3 39639 856
0x00007aca1ff84840 0x0000000a567f5840 0 0 0 0 0 3 3 39639 864
0x00007aca1ff848c0 0x0000000a567f58c0 0 0 0 0 0 3 3 39639 872
0x00007aca1ff84940 0x0000000a567f5940 0 1 0 0 0 3 3 39639 864
0x00007aca1ff849c0 0x0000000a567f59c0 0 1 0 0 0 3 3 39639 872
0x00007aca1ff84a40 0x0000000a567f5a40 0 0 1 0 0 3 3 39639 864
0x00007aca1ff84ac0 0x0000000a567f5ac0 0 0 1 0 0 3 3 39639 872
0x00007aca1ff84b40 0x0000000a567f5b40 0 1 1 0 0 3 3 39639 864
0x00007aca1ff84bc0 0x0000000a567f5bc0 0 1 1 0 0 3 3 39639 872
0x00007aca1ff84c40 0x0000000a567f5c40 0 0 0 0 0 3 3 39639 880
0x00007aca1ff84cc0 0x0000000a567f5cc0 0 0 0 0 0 3 3 39639 888
0x00007aca1ff84d40 0x0000000a567f5d40 0 1 0 0 0 3 3 39639 880
0x00007aca1ff84dc0 0x0000000a567f5dc0 0 1 0 0 0 3 3 39639 888
0x00007aca1ff84e40 0x0000000a567f5e40 0 0 1 0 0 3 3 39639 880
0x00007aca1ff84ec0 0x0000000a567f5ec0 0 0 1 0 0 3 3 39639 888
0x00007aca1ff84f40 0x0000000a567f5f40 0 1 1 0 0 3 3 39639 880
0x00007aca1ff84fc0 0x0000000a567f5fc0 0 1 1 0 0 3 3 39639 888
0x00007aca1ff8f040 0x000000067c7eb040 0 0 0 0 1 3 3 24471 192
0x00007aca1ff8f0c0 0x000000067c7eb0c0 0 0 0 0 1 3 3 24471 200
0x00007aca1ff8f140 0x000000067c7eb140 0 1 0 0 1 3 3 24471 192
0x00007aca1ff8f1c0 0x000000067c7eb1c0 0 1 0 0 1 3 3 24471 200
0x00007aca1ff8f240 0x000000067c7eb240 0 0 1 0 1 3 3 24471 192
0x00007aca1ff8f2c0 0x000000067c7eb2c0 0 0 1 0 1 3 3 24471 200
0x00007aca1ff8f340 0x000000067c7eb340 0 1 1 0 1 3 3 24471 192
0x00007aca1ff8f3c0 0x000000067c7eb3c0 0 1 1 0 1 3 3 24471 200
0x00007aca1ff8f440 0x000000067c7eb440 0 0 0 0 1 3 3 24471 208
0x00007aca1ff8f4c0 0x000000067c7eb4c0 0 0 0 0 1 3 3 24471 216
0x00007aca1ff8f540 0x000000067c7eb540 0 1 0 0 1 3 3 24471 208
0x00007aca1ff8f5c0 0x000000067c7eb5c0 0 1 0 0 1 3 3 24471 216
0x00007aca1ff8f640 0x000000067c7eb640 0 0 1 0 1 3 3 24471 208
0x00007aca1ff8f6c0 0x000000067c7eb6c0 0 0 1 0 1 3 3 24471 216
0x00007aca1ff8f740 0x000000067c7eb740 0 1 1 0 1 3 3 24471 208
0x00007aca1ff8f7c0 0x000000067c7eb7c0 0 1 1 0 1 3 3 24471 216
0x00007aca1ff8f840 0x000000067c7eb840 0 0 0 0 1 3 3 24471 224
0x00007aca1ff8f8c0 0x000000067c7eb8c0 0 0 0 0 1 3 3 24471 232
0x00007aca1ff8f940 0x000000067c7eb940 0 1 0 0 1 3 3 24471 224
0x00007aca1ff8f9c0 0x000000067c7eb9c0 0 1 0 0 1 3 3 24471 232
0x00007aca1ff8fa40 0x000000067c7eba40 0 0 1 0 1 3 3 24471 224
0x00007aca1ff8fac0 0x000000067c7ebac0 0 0 1 0 1 3 3 24471 232
0x00007aca1ff8fb40 0x000000067c7ebb40 0 1 1 0 1 3 3 24471 224
0x00007aca1ff8fbc0 0x000000067c7ebbc0 0 1 1 0 1 3 3 24471 232
0x00007aca1ff8fc40 0x000000067c7ebc40 0 0 0 0 1 3 3 24471 240
0x00007aca1ff8fcc0 0x000000067c7ebcc0 0 0 0 0 1 3 3 24471 248
0x00007aca1ff8fd40 0x000000067c7ebd40 0 1 0 0 1 3 3 24471 240
0x00007aca1ff8fdc0 0x000000067c7ebdc0 0 1 0 0 1 3 3 24471 248
0x00007aca1ff8fe40 0x000000067c7ebe40 0 0 1 0 1 3 3 24471 240
0x00007aca1ff8fec0 0x000000067c7ebec0 0 0 1 0 1 3 3 24471 248
0x00007aca1ff8ff40 0x000000067c7ebf40 0 1 1 0 1 3 3 24471 240
0x00007aca1ff8ffc0 0x000000067c7ebfc0 0 1 1 0 1 3 3 24471 248
0x00007aca1ff91040 0x0000000d83770040 0 0 0 0 0 3 3 53347 512
0x00007aca1ff910c0 0x0000000d837700c0 0 0 0 0 0 3 3 53347 520
0x00007aca1ff91140 0x0000000d83770140 0 1 0 0 0 3 3 53347 512
0x00007aca1ff911c0 0x0000000d837701c0 0 1 0 0 0 3 3 53347 520
0x00007aca1ff91240 0x0000000d83770240 0 0 1 0 0 3 3 53347 512
0x00007aca1ff912c0 0x0000000d837702c0 0 0 1 0 0 3 3 53347 520
0x00007aca1ff91340 0x0000000d83770340 0 1 1 0 0 3 3 53347 512
0x00007aca1ff913c0 0x0000000d837703c0 0 1 1 0 0 3 3 53347 520
0x00007aca1ff91440 0x0000000d83770440 0 0 0 0 0 3 3 53347 528
0x00007aca1ff914c0 0x0000000d837704c0 0 0 0 0 0 3 3 53347 536
0x00007aca1ff91540 0x0000000d83770540 0 1 0 0 0 3 3 53347 528
0x00007aca1ff915c0 0x0000000d837705c0 0 1 0 0 0 3 3 53347 536
0x00007aca1ff91640 0x0000000d83770640 0 0 1 0 0 3 3 53347 528
0x00007aca1ff916c0 0x0000000d837706c0 0 0 1 0 0 3 3 53347 536
0x00007aca1ff91740 0x0000000d83770740 0 1 1 0 0 3 3 53347 528
0x00007aca1ff917c0 0x0000000d837707c0 0 1 1 0 0 3 3 53347 536
0x00007aca1ff91840 0x0000000d83770840 0 0 0 0 0 3 3 53347 544
0x00007aca1ff918c0 0x0000000d837708c0 0 0 0 0 0 3 3 53347 552
0x00007aca1ff91940 0x0000000d83770940 0 1 0 0 0 3 3 53347 544
0x00007aca1ff919c0 0x0000000d837709c0 0 1 0 0 0 3 3 53347 552
0x00007aca1ff91a40 0x0000000d83770a40 0 0 1 0 0 3 3 53347 544
0x00007aca1ff91ac0 0x0000000d83770ac0 0 0 1 0 0 3 3 53347 552
0x00007aca1ff91b40 0x0000000d83770b40 0 1 1 0 0 3 3 53347 544
0x00007aca1ff91bc0 0x0000000d83770bc0 0 1 1 0 0 3 3 53347 552
0x00007aca1ff91c40 0x0000000d83770c40 0 0 0 0 0 3 3 53347 560
0x00007aca1ff91cc0 0x0000000d83770cc0 0 0 0 0 0 3 3 53347 568
0x00007aca1ff91d40 0x0000000d83770d40 0 1 0 0 0 3 3 53347 560
0x00007aca1ff91dc0 0x0000000d83770dc0 0 1 0 0 0 3 3 53347 568
0x00007aca1ff91e40 0x0000000d83770e40 0 0 1 0 0 3 3 53347 560
0x00007aca1ff91ec0 0x0000000d83770ec0 0 0 1 0 0 3 3 53347 568
0x00007aca1ff91f40 0x0000000d83770f40 0 1 1 0 0 3 3 53347 560
0x00007aca1ff91fc0 0x0000000d83770fc0 0 1 1 0 0 3 3 53347 568
0x00007aca1ff9c040 0x000000093cfaf040 0 0 0 0 1 3 3 34717 448
0x00007aca1ff9c0c0 0x000000093cfaf0c0 0 0 0 0 1 3 3 34717 456
0x00007aca1ff9c140 0x000000093cfaf140 0 1 0 0 1 3 3 34717 448
0x00007aca1ff9c1c0 0x000000093cfaf1c0 0 1 0 0 1 3 3 34717 456
0x00007aca1ff9c240 0x000000093cfaf240 0 0 1 0 1 3 3 34717 448
0x00007aca1ff9c2c0 0x000000093cfaf2c0 0 0 1 0 1 3 3 34717 456
0x00007aca1ff9c340 0x000000093cfaf340 0 1 1 0 1 3 3 34717 448
0x00007aca1ff9c3c0 0x000000093cfaf3c0 0 1 1 0 1 3 3 34717 456
0x00007aca1ff9c440 0x000000093cfaf440 0 0 0 0 1 3 3 34717 464
0x00007aca1ff9c4c0 0x000000093cfaf4c0 0 0 0 0 1 3 3 34717 472
0x00007aca1ff9c540 0x000000093cfaf540 0 1 0 0 1 3 3 34717 464
0x00007aca1ff9c5c0 0x000000093cfaf5c0 0 1 0 0 1 3 3 34717 472
0x00007aca1ff9c640 0x000000093cfaf640 0 0 1 0 1 3 3 34717 464
0x00007aca1ff9c6c0 0x000000093cfaf6c0 0 0 1 0 1 3 3 34717 472
0x00007aca1ff9c740 0x000000093cfaf740 0 1 1 0 1 3 3 34717 464
0x00007aca1ff9c7c0 0x000000093cfaf7c0 0 1 1 0 1 3 3 34717 472
0x00007aca1ff9c840 0x000000093cfaf840 0 0 0 0 1 3 3 34717 480
0x00007aca1ff9c8c0 0x000000093cfaf8c0 0 0 0 0 1 3 3 34717 488
0x00007aca1ff9c940 0x000000093cfaf940 0 1 0 0 1 3 3 34717 480
0x00007aca1ff9c9c0 0x000000093cfaf9c0 0 1 0 0 1 3 3 34717 488
0x00007aca1ff9ca40 0x000000093cfafa40 0 0 1 0 1 3 3 34717 480
0x00007aca1ff9cac0 0x000000093cfafac0 0 0 1 0 1 3 3 34717 488
0x00007aca1ff9cb40 0x000000093cfafb40 0 1 1 0 1 3 3 34717 480
0x00007aca1ff9cbc0 0x000000093cfafbc0 0 1 1 0 1 3 3 34717 488
0x00007aca1ff9cc40 0x000000093cfafc40 0 0 0 0 1 3 3 34717 496
0x00007aca1ff9ccc0 0x000000093cfafcc0 0 0 0 0 1 3 3 34717 504
0x00007aca1ff9cd40 0x000000093cfafd40 0 1 0 0 1 3 3 34717 496
0x00007aca1ff9cdc0 0x000000093cfafdc0 0 1 0 0 1 3 3 34717 504
0x00007aca1ff9ce40 0x000000093cfafe40 0 0 1 0 1 3 3 34717 496
0x00007aca1ff9cec0 0x000000093cfafec0 0 0 1 0 1 3 3 34717 504
0x00007aca1ff9cf40 0x000000093cfaff40 0 1 1 0 1 3 3 34717 496
0x00007aca1ff9cfc0 0x000000093cfaffc0 0 1 1 0 1 3 3 34717 504
0x00007aca1ffa6040 0x0000000ede716040 0 0 0 0 0 3 3 60352 896
0x00007aca1ffa60c0 0x0000000ede7160c0 0 0 0 0 0 3 3 60352 904
0x00007aca1ffa6140 0x0000000ede716140 0 1 0 0 0 3 3 60352 896
0x00007aca1ffa61c0 0x0000000ede7161c0 0 1 0 0 0 3 3 60352 904
0x00007aca1ffa6240 0x0000000ede716240 0 0 1 0 0 3 3 60352 896
0x00007aca1ffa62c0 0x0000000ede7162c0 0 0 1 0 0 3 3 60352 904
0x00007aca1ffa6340 0x0000000ede716340 0 1 1 0 0 3 3 60352 896
0x00007aca1ffa63c0 0x0000000ede7163c0 0 1 1 0 0 3 3 60352 904
0x00007aca1ffa6440 0x0000000ede716440 0 0 0 0 0 3 3 60352 912
0x00007aca1ffa64c0 0x0000000ede7164c0 0 0 0 0 0 3 3 60352 920
0x00007aca1ffa6540 0x0000000ede716540 0 1 0 0 0 3 3 60352 912
0x00007aca1ffa65c0 0x0000000ede7165c0 0 1 0 0 0 3 3 60352 920
0x00007aca1ffa6640 0x0000000ede716640 0 0 1 0 0 3 3 60352 912
0x00007aca1ffa66c0 0x0000000ede7166c0 0 0 1 0 0 3 3 60352 920
0x00007aca1ffa6740 0x0000000ede716740 0 1 1 0 0 3 3 60352 912
0x00007aca1ffa67c0 0x0000000ede7167c0 0 1 1 0 0 3 3 60352 920
0x00007aca1ffa6840 0x0000000ede716840 0 0 0 0 0 3 3 60352 928
0x00007aca1ffa68c0 0x0000000ede7168c0 0 0 0 0 0 3 3 60352 936
0x00007aca1ffa6940 0x0000000ede716940 0 1 0 0 0 3 3 60352 928
0x00007aca1ffa69c0 0x0000000ede7169c0 0 1 0 0 0 3 3 60352 936
0x00007aca1ffa6a40 0x0000000ede716a40 0 0 1 0 0 3 3 60352 928
0x00007aca1ffa6ac0 0x0000000ede716ac0 0 0 1 0 0 3 3 60352 936
0x00007aca1ffa6b40 0x0000000ede716b40 0 1 1 0 0 3 3 60352 928
0x00007aca1ffa6bc0 0x0000000ede716bc0 0 1 1 0 0 3 3 60352 936
0x00007aca1ffa6c40 0x0000000ede716c40 0 0 0 0 0 3 3 60352 944
0x00007aca1ffa6cc0 0x0000000ede716cc0 0 0 0 0 0 3 3 60352 952
0x00007aca1ffa6d40 0x0000000ede716d40 0 1 0 0 0 3 3 60352 944
0x00007aca1ffa6dc0 0x0000000ede716dc0 0 1 0 0 0 3 3 60352 952
0x00007aca1ffa6e40 0x0000000ede716e40 0 0 1 0 0 3 3 60352 944
0x00007aca1ffa6ec0 0x0000000ede716ec0 0 0 1 0 0 3 3 60352 952
0x00007aca1ffa6f40 0x0000000ede716f40 0 1 1 0 0 3 3 60352 944
0x00007aca1ffa6fc0 0x0000000ede716fc0 0 1 1 0 0 3 3 60352 952
0x00007aca1ffab040 0x0000000c0af6a040 0 0 0 0 1 3 3 45403 128
0x00007aca1ffab0c0 0x0000000c0af6a0c0 0 0 0 0 1 3 3 45403 136
0x00007aca1ffab140 0x0000000c0af6a140 0 1 0 0 1 3 3 45403 128
0x00007aca1ffab1c0 0x0000000c0af6a1c0 0 1 0 0 1 3 3 45403 136
0x00007aca1ffab240 0x0000000c0af6a240 0 0 1 0 1 3 3 45403 128
0x00007aca1ffab2c0 0x0000000c0af6a2c0 0 0 1 0 1 3 3 45403 136
0x00007aca1ffab340 0x0000000c0af6a340 0 1 1 0 1 3 3 45403 128
0x00007aca1ffab3c0 0x0000000c0af6a3c0 0 1 1 0 1 3 3 45403 136
0x00007aca1ffab440 0x0000000c0af6a440 0 0 0 0 1 3 3 45403 144
0x00007aca1ffab4c0 0x0000000c0af6a4c0 0 0 0 0 1 3 3 45403 152
0x00007aca1ffab540 0x0000000c0af6a540 0 1 0 0 1 3 3 45403 144
0x00007aca1ffab5c0 0x0000000c0af6a5c0 0 1 0 0 1 3 3 45403 152
0x00007aca1ffab640 0x0000000c0af6a640 0 0 1 0 1 3 3 45403 144
0x00007aca1ffab6c0 0x0000000c0af6a6c0 0 0 1 0 1 3 3 45403 152
0x00007aca1ffab740 0x0000000c0af6a740 0 1 1 0 1 3 3 45403 144
0x00007aca1ffab7c0 0x0000000c0af6a7c0 0 1 1 0 1 3 3 45403 152
0x00007aca1ffab840 0x0000000c0af6a840 0 0 0 0 1 3 3 45403 160
0x00007aca1ffab8c0 0x0000000c0af6a8c0 0 0 0 0 1 3 3 45403 168
0x00007aca1ffab940 0x0000000c0af6a940 0 1 0 0 1 3 3 45403 160
0x00007aca1ffab9c0 0x0000000c0af6a9c0 0 1 0 0 1 3 3 45403 168
0x00007aca1ffaba40 0x0000000c0af6aa40 0 0 1 0 1 3 3 45403 160
0x00007aca1ffabac0 0x0000000c0af6aac0 0 0 1 0 1 3 3 45403 168
0x00007aca1ffabb40 0x0000000c0af6ab40 0 1 1 0 1 3 3 45403 160
0x00007aca1ffabbc0 0x0000000c0af6abc0 0 1 1 0 1 3 3 45403 168
0x00007aca1ffabc40 0x0000000c0af6ac40 0 0 0 0 1 3 3 45403 176
0x00007aca1ffabcc0 0x0000000c0af6acc0 0 0 0 0 1 3 3 45403 184
0x00007aca1ffabd40 0x0000000c0af6ad40 0 1 0 0 1 3 3 45403 176
0x00007aca1ffabdc0 0x0000000c0af6adc0 0 1 0 0 1 3 3 45403 184
0x00007aca1ffabe40 0x0000000c0af6ae40 0 0 1 0 1 3 3 45403 176
0x00007aca1ffabec0 0x0000000c0af6aec0 0 0 1 0 1 3 3 45403 184
0x00007aca1ffabf40 0x0000000c0af6af40 0 1 1 0 1 3 3 45403 176
0x00007aca1ffabfc0 0x0000000c0af6afc0 0 1 1 0 1 3 3 45403 184
0x00007aca1ffb5040 0x0000000b70722040 0 0 0 0 0 3 3 44561 128
0x00007aca1ffb50c0 0x0000000b707220c0 0 0 0 0 0 3 3 44561 136
0x00007aca1ffb5140 0x0000000b70722140 0 1 0 0 0 3 3 44561 128
0x00007aca1ffb51c0 0x0000000b707221c0 0 1 0 0 0 3 3 44561 136
0x00007aca1ffb5240 0x0000000b70722240 0 0 1 0 0 3 3 44561 128
0x00007aca1ffb52c0 0x0000000b707222c0 0 0 1 0 0 3 3 44561 136
0x00007aca1ffb5340 0x0000000b70722340 0 1 1 0 0 3 3 44561 128
0x00007aca1ffb53c0 0x0000000b707223c0 0 1 1 0 0 3 3 44561 136
0x00007aca1ffb5440 0x0000000b70722440 0 0 0 0 0 3 3 44561 144
0x00007aca1ffb54c0 0x0000000b707224c0 0 0 0 0 0 3 3 44561 152
0x00007aca1ffb5540 0x0000000b70722540 0 1 0 0 0 3 3 44561 144
0x00007aca1ffb55c0 0x0000000b707225c0 0 1 0 0 0 3 3 44561 152
0x00007aca1ffb5640 0x0000000b70722640 0 0 1 0 0 3 3 44561 144
0x00007aca1ffb56c0 0x0000000b707226c0 0 0 1 0 0 3 3 44561 152
0x00007aca1ffb5740 0x0000000b70722740 0 1 1 0 0 3 3 44561 144
0x00007aca1ffb57c0 0x0000000b707227c0 0 1 1 0 0 3 3 44561 152
0x00007aca1ffb5840 0x0000000b70722840 0 0 0 0 0 3 3 44561 160
0x00007aca1ffb58c0 0x0000000b707228c0 0 0 0 0 0 3 3 44561 168
0x00007aca1ffb5940 0x0000000b70722940 0 1 0 0 0 3 3 44561 160
0x00007aca1ffb59c0 0x0000000b707229c0 0 1 0 0 0 3 3 44561 168
0x00007aca1ffb5a40 0x0000000b70722a40 0 0 1 0 0 3 3 44561 160
0x00007aca1ffb5ac0 0x0000000b70722ac0 0 0 1 0 0 3 3 44561 168
0x00007aca1ffb5b40 0x0000000b70722b40 0 1 1 0 0 3 3 44561 160
0x00007aca1ffb5bc0 0x0000000b70722bc0 0 1 1 0 0 3 3 44561 168
0x00007aca1ffb5c40 0x0000000b70722c40 0 0 0 0 0 3 3 44561 176
0x00007aca1ffb5cc0 0x0000000b70722cc0 0 0 0 0 0 3 3 44561 184
0x00007aca1ffb5d40 0x0000000b70722d40 0 1 0 0 0 3 3 44561 176
0x00007aca1ffb5dc0 0x0000000b70722dc0 0 1 0 0 0 3 3 44561 184
0x00007aca1ffb5e40 0x0000000b70722e40 0 0 1 0 0 3 3 44561 176
0x00007aca1ffb5ec0 0x0000000b70722ec0 0 0 1 0 0 3 3 44561 184
0x00007aca1ffb5f40 0x0000000b70722f40 0 1 1 0 0 3 3 44561 176
0x00007aca1ffb5fc0 0x0000000b70722fc0 0 1 1 0 0 3 3 44561 184
0x00007aca1ffb6040 0x00000009d9f86040 0 0 0 0 0 3 3 39724 384
0x00007aca1ffb60c0 0x00000009d9f860c0 0 0 0 0 0 3 3 39724 392
0x00007aca1ffb6140 0x00000009d9f86140 0 1 0 0 0 3 3 39724 384
0x00007aca1ffb61c0 0x00000009d9f861c0 0 1 0 0 0 3 3 39724 392
0x00007aca1ffb6240 0x00000009d9f86240 0 0 1 0 0 3 3 39724 384
0x00007aca1ffb62c0 0x00000009d9f862c0 0 0 1 0 0 3 3 39724 392
0x00007aca1ffb6340 0x00000009d9f86340 0 1 1 0 0 3 3 39724 384
0x00007aca1ffb63c0 0x00000009d9f863c0 0 1 1 0 0 3 3 39724 392
0x00007aca1ffb6440 0x00000009d9f86440 0 0 0 0 0 3 3 39724 400
0x00007aca1ffb64c0 0x00000009d9f864c0 0 0 0 0 0 3 3 39724 408
0x00007aca1ffb6540 0x00000009d9f86540 0 1 0 0 0 3 3 39724 400
0x00007aca1ffb65c0 0x00000009d9f865c0 0 1 0 0 0 3 3 39724 408
0x00007aca1ffb6640 0x00000009d9f86640 0 0 1 0 0 3 3 39724 400
0x00007aca1ffb66c0 0x00000009d9f866c0 0 0 1 0 0 3 3 39724 408
0x00007aca1ffb6740 0x00000009d9f86740 0 1 1 0 0 3 3 39724 400
0x00007aca1ffb67c0 0x00000009d9f867c0 0 1 1 0 0 3 3 39724 408
0x00007aca1ffb6840 0x00000009d9f86840 0 0 0 0 0 3 3 39724 416
0x00007aca1ffb68c0 0x00000009d9f868c0 0 0 0 0 0 3 3 39724 424
0x00007aca1ffb6940 0x00000009d9f86940 0 1 0 0 0 3 3 39724 416
0x00007aca1ffb69c0 0x00000009d9f869c0 0 1 0 0 0 3 3 39724 424
0x00007aca1ffb6a40 0x00000009d9f86a40 0 0 1 0 0 3 3 39724 416
0x00007aca1ffb6ac0 0x00000009d9f86ac0 0 0 1 0 0 3 3 39724 424
0x00007aca1ffb6b40 0x00000009d9f86b40 0 1 1 0 0 3 3 39724 416
0x00007aca1ffb6bc0 0x00000009d9f86bc0 0 1 1 0 0 3 3 39724 424
0x00007aca1ffb6c40 0x00000009d9f86c40 0 0 0 0 0 3 3 39724 432
0x00007aca1ffb6cc0 0x00000009d9f86cc0 0 0 0 0 0 3 3 39724 440
0x00007aca1ffb6d40 0x00000009d9f86d40 0 1 0 0 0 3 3 39724 432
0x00007aca1ffb6dc0 0x00000009d9f86dc0 0 1 0 0 0 3 3 39724 440
0x00007aca1ffb6e40 0x00000009d9f86e40 0 0 1 0 0 3 3 39724 432
0x00007aca1ffb6ec0 0x00000009d9f86ec0 0 0 1 0 0 3 3 39724 440
0x00007aca1ffb6f40 0x00000009d9f86f40 0 1 1 0 0 3 3 39724 432
0x00007aca1ffb6fc0 0x00000009d9f86fc0 0 1 1 0 0 3 3 39724 440
0x00007aca1ffde040 0x0000000df3f8a040 0 0 0 0 1 3 3 56940 128
0x00007aca1ffde0c0 0x0000000df3f8a0c0 0 0 0 0 1 3 3 56940 136
0x00007aca1ffde140 0x0000000df3f8a140 0 1 0 0 1 3 3 56940 128
0x00007aca1ffde1c0 0x0000000df3f8a1c0 0 1 0 0 1 3 3 56940 136
0x00007aca1ffde240 0x0000000df3f8a240 0 0 1 0 1 3 3 56940 128
0x00007aca1ffde2c0 0x0000000df3f8a2c0 0 0 1 0 1 3 3 56940 136
0x00007aca1ffde340 0x0000000df3f8a340 0 1 1 0 1 3 3 56940 128
0x00007aca1ffde3c0 0x0000000df3f8a3c0 0 1 1 0 1 3 3 56940 136
0x00007aca1ffde440 0x0000000df3f8a440 0 0 0 0 1 3 3 56940 144
0x00007aca1ffde4c0 0x0000000df3f8a4c0 0 0 0 0 1 3 3 56940 152
0x00007aca1ffde540 0x0000000df3f8a540 0 1 0 0 1 3 3 56940 144
0x00007aca1ffde5c0 0x0000000df3f8a5c0 0 1 0 0 1 3 3 56940 152
0x00007aca1ffde640 0x0000000df3f8a640 0 0 1 0 1 3 3 56940 144
0x00007aca1ffde6c0 0x0000000df3f8a6c0 0 0 1 0 1 3 3 56940 152
0x00007aca1ffde740 0x0000000df3f8a740 0 1 1 0 1 3 3 56940 144
0x00007aca1ffde7c0 0x0000000df3f8a7c0 0 1 1 0 1 3 3 56940 152
0x00007aca1ffde840 0x0000000df3f8a840 0 0 0 0 1 3 3 56940 160
0x00007aca1ffde8c0 0x0000000df3f8a8c0 0 0 0 0 1 3 3 56940 168
0x00007aca1ffde940 0x0000000df3f8a940 0 1 0 0 1 3 3 56940 160
0x00007aca1ffde9c0 0x0000000df3f8a9c0 0 1 0 0 1 3 3 56940 168
0x00007aca1ffdea40 0x0000000df3f8aa40 0 0 1 0 1 3 3 56940 160
0x00007aca1ffdeac0 0x0000000df3f8aac0 0 0 1 0 1 3 3 56940 168
0x00007aca1ffdeb40 0x0000000df3f8ab40 0 1 1 0 1 3 3 56940 160
0x00007aca1ffdebc0 0x0000000df3f8abc0 0 1 1 0 1 3 3 56940 168
0x00007aca1ffdec40 0x0000000df3f8ac40 0 0 0 0 1 3 3 56940 176
0x00007aca1ffdecc0 0x0000000df3f8acc0 0 0 0 0 1 3 3 56940 184
0x00007aca1ffded40 0x0000000df3f8ad40 0 1 0 0 1 3 3 56940 176
0x00007aca1ffdedc0 0x0000000df3f8adc0 0 1 0 0 1 3 3 56940 184
0x00007aca1ffdee40 0x0000000df3f8ae40 0 0 1 0 1 3 3 56940 176
0x00007aca1ffdeec0 0x0000000df3f8aec0 0 0 1 0 1 3 3 56940 184
0x00007aca1ffdef40 0x0000000df3f8af40 0 1 1 0 1 3 3 56940 176
0x00007aca1ffdefc0 0x0000000df3f8afc0 0 1 1 0 1 3 3 56940 184
0x00007aca1ffdf040 0x0000000b1c77e040 0 0 0 0 1 3 3 41875 896
0x00007aca1ffdf0c0 0x0000000b1c77e0c0 0 0 0 0 1 3 3 41875 904
0x00007aca1ffdf140 0x0000000b1c77e140 0 1 0 0 1 3 3 41875 896
0x00007aca1ffdf1c0 0x0000000b1c77e1c0 0 1 0 0 1 3 3 41875 904
0x00007aca1ffdf240 0x0000000b1c77e240 0 0 1 0 1 3 3 41875 896
0x00007aca1ffdf2c0 0x0000000b1c77e2c0 0 0 1 0 1 3 3 41875 904
0x00007aca1ffdf340 0x0000000b1c77e340 0 1 1 0 1 3 3 41875 896
0x00007aca1ffdf3c0 0x0000000b1c77e3c0 0 1 1 0 1 3 3 41875 904
0x00007aca1ffdf440 0x0000000b1c77e440 0 0 0 0 1 3 3 41875 912
0x00007aca1ffdf4c0 0x0000000b1c77e4c0 0 0 0 0 1 3 3 41875 920
0x00007aca1ffdf540 0x0000000b1c77e540 0 1 0 0 1 3 3 41875 912
0x00007aca1ffdf5c0 0x0000000b1c77e5c0 0 1 0 0 1 3 3 41875 920
0x00007aca1ffdf640 0x0000000b1c77e640 0 0 1 0 1 3 3 41875 912
0x00007aca1ffdf6c0 0x0000000b1c77e6c0 0 0 1 0 1 3 3 41875 920
0x00007aca1ffdf740 0x0000000b1c77e740 0 1 1 0 1 3 3 41875 912
0x00007aca1ffdf7c0 0x0000000b1c77e7c0 0 1 1 0 1 3 3 41875 920
0x00007aca1ffdf840 0x0000000b1c77e840 0 0 0 0 1 3 3 41875 928
0x00007aca1ffdf8c0 0x0000000b1c77e8c0 0 0 0 0 1 3 3 41875 936
0x00007aca1ffdf940 0x0000000b1c77e940 0 1 0 0 1 3 3 41875 928
0x00007aca1ffdf9c0 0x0000000b1c77e9c0 0 1 0 0 1 3 3 41875 936
0x00007aca1ffdfa40 0x0000000b1c77ea40 0 0 1 0 1 3 3 41875 928
0x00007aca1ffdfac0 0x0000000b1c77eac0 0 0 1 0 1 3 3 41875 936
0x00007aca1ffdfb40 0x0000000b1c77eb40 0 1 1 0 1 3 3 41875 928
0x00007aca1ffdfbc0 0x0000000b1c77ebc0 0 1 1 0 1 3 3 41875 936
0x00007aca1ffdfc40 0x0000000b1c77ec40 0 0 0 0 1 3 3 41875 944
0x00007aca1ffdfcc0 0x0000000b1c77ecc0 0 0 0 0 1 3 3 41875 952
0x00007aca1ffdfd40 0x0000000b1c77ed40 0 1 0 0 1 3 3 41875 944
0x00007aca1ffdfdc0 0x0000000b1c77edc0 0 1 0 0 1 3 3 41875 952
0x00007aca1ffdfe40 0x0000000b1c77ee40 0 0 1 0 1 3 3 41875 944
0x00007aca1ffdfec0 0x0000000b1c77eec0 0 0 1 0 1 3 3 41875 952
0x00007aca1ffdff40 0x0000000b1c77ef40 0 1 1 0 1 3 3 41875 944
0x00007aca1ffdffc0 0x0000000b1c77efc0 0 1 1 0 1 3 3 41875 952
0x00007aca1ffe2040 0x0000000b1c77d040 0 0 0 0 1 3 3 41875 832
0x00007aca1ffe20c0 0x0000000b1c77d0c0 0 0 0 0 1 3 3 41875 840
0x00007aca1ffe2140 0x0000000b1c77d140 0 1 0 0 1 3 3 41875 832
0x00007aca1ffe21c0 0x0000000b1c77d1c0 0 1 0 0 1 3 3 41875 840
0x00007aca1ffe2240 0x0000000b1c77d240 0 0 1 0 1 3 3 41875 832
0x00007aca1ffe22c0 0x0000000b1c77d2c0 0 0 1 0 1 3 3 41875 840
0x00007aca1ffe2340 0x0000000b1c77d340 0 1 1 0 1 3 3 41875 832
0x00007aca1ffe23c0 0x0000000b1c77d3c0 0 1 1 0 1 3 3 41875 840
0x00007aca1ffe2440 0x0000000b1c77d440 0 0 0 0 1 3 3 41875 848
0x00007aca1ffe24c0 0x0000000b1c77d4c0 0 0 0 0 1 3 3 41875 856
0x00007aca1ffe2540 0x0000000b1c77d540 0 1 0 0 1 3 3 41875 848
0x00007aca1ffe25c0 0x0000000b1c77d5c0 0 1 0 0 1 3 3 41875 856
0x00007aca1ffe2640 0x0000000b1c77d640 0 0 1 0 1 3 3 41875 848
0x00007aca1ffe26c0 0x0000000b1c77d6c0 0 0 1 0 1 3 3 41875 856
0x00007aca1ffe2740 0x0000000b1c77d740 0 1 1 0 1 3 3 41875 848
0x00007aca1ffe27c0 0x0000000b1c77d7c0 0 1 1 0 1 3 3 41875 856
0x00007aca1ffe2840 0x0000000b1c77d840 0 0 0 0 1 3 3 41875 864
0x00007aca1ffe28c0 0x0000000b1c77d8c0 0 0 0 0 1 3 3 41875 872
0x00007aca1ffe2940 0x0000000b1c77d940 0 1 0 0 1 3 3 41875 864
0x00007aca1ffe29c0 0x0000000b1c77d9c0 0 1 0 0 1 3 3 41875 872
0x00007aca1ffe2a40 0x0000000b1c77da40 0 0 1 0 1 3 3 41875 864
0x00007aca1ffe2ac0 0x0000000b1c77dac0 0 0 1 0 1 3 3 41875 872
0x00007aca1ffe2b40 0x0000000b1c77db40 0 1 1 0 1 3 3 41875 864
0x00007aca1ffe2bc0 0x0000000b1c77dbc0 0 1 1 0 1 3 3 41875 872
0x00007aca1ffe2c40 0x0000000b1c77dc40 0 0 0 0 1 3 3 41875 880
0x00007aca1ffe2cc0 0x0000000b1c77dcc0 0 0 0 0 1 3 3 41875 888
0x00007aca1ffe2d40 0x0000000b1c77dd40 0 1 0 0 1 3 3 41875 880
0x00007aca1ffe2dc0 0x0000000b1c77ddc0 0 1 0 0 1 3 3 41875 888
0x00007aca1ffe2e40 0x0000000b1c77de40 0 0 1 0 1 3 3 41875 880
0x00007aca1ffe2ec0 0x0000000b1c77dec0 0 0 1 0 1 3 3 41875 888
0x00007aca1ffe2f40 0x0000000b1c77df40 0 1 1 0 1 3 3 41875 880
0x00007aca1ffe2fc0 0x0000000b1c77dfc0 0 1 1 0 1 3 3 41875 888
0x00007aca1ffe5040 0x0000000df3f88040 0 0 0 0 1 3 3 56940 0
0x00007aca1ffe50c0 0x0000000df3f880c0 0 0 0 0 1 3 3 56940 8
0x00007aca1ffe5140 0x0000000df3f88140 0 1 0 0 1 3 3 56940 0
0x00007aca1ffe51c0 0x0000000df3f881c0 0 1 0 0 1 3 3 56940 8
0x00007aca1ffe5240 0x0000000df3f88240 0 0 1 0 1 3 3 56940 0
0x00007aca1ffe52c0 0x0000000df3f882c0 0 0 1 0 1 3 3 56940 8
0x00007aca1ffe5340 0x0000000df3f88340 0 1 1 0 1 3 3 56940 0
0x00007aca1ffe53c0 0x0000000df3f883c0 0 1 1 0 1 3 3 56940 8
0x00007aca1ffe5440 0x0000000df3f88440 0 0 0 0 1 3 3 56940 16
0x00007aca1ffe54c0 0x0000000df3f884c0 0 0 0 0 1 3 3 56940 24
0x00007aca1ffe5540 0x0000000df3f88540 0 1 0 0 1 3 3 56940 16
0x00007aca1ffe55c0 0x0000000df3f885c0 0 1 0 0 1 3 3 56940 24
0x00007aca1ffe5640 0x0000000df3f88640 0 0 1 0 1 3 3 56940 16
0x00007aca1ffe56c0 0x0000000df3f886c0 0 0 1 0 1 3 3 56940 24
0x00007aca1ffe5740 0x0000000df3f88740 0 1 1 0 1 3 3 56940 16
0x00007aca1ffe57c0 0x0000000df3f887c0 0 1 1 0 1 3 3 56940 24
0x00007aca1ffe5840 0x0000000df3f88840 0 0 0 0 1 3 3 56940 32
0x00007aca1ffe58c0 0x0000000df3f888c0 0 0 0 0 1 3 3 56940 40
0x00007aca1ffe5940 0x0000000df3f88940 0 1 0 0 1 3 3 56940 32
0x00007aca1ffe59c0 0x0000000df3f889c0 0 1 0 0 1 3 3 56940 40
0x00007aca1ffe5a40 0x0000000df3f88a40 0 0 1 0 1 3 3 56940 32
0x00007aca1ffe5ac0 0x0000000df3f88ac0 0 0 1 0 1 3 3 56940 40
0x00007aca1ffe5b40 0x0000000df3f88b40 0 1 1 0 1 3 3 56940 32
0x00007aca1ffe5bc0 0x0000000df3f88bc0 0 1 1 0 1 3 3 56940 40
0x00007aca1ffe5c40 0x0000000df3f88c40 0 0 0 0 1 3 3 56940 48
0x00007aca1ffe5cc0 0x0000000df3f88cc0 0 0 0 0 1 3 3 56940 56
0x00007aca1ffe5d40 0x0000000df3f88d40 0 1 0 0 1 3 3 56940 48
0x00007aca1ffe5dc0 0x0000000df3f88dc0 0 1 0 0 1 3 3 56940 56
0x00007aca1ffe5e40 0x0000000df3f88e40 0 0 1 0 1 3 3 56940 48
0x00007aca1ffe5ec0 0x0000000df3f88ec0 0 0 1 0 1 3 3 56940 56
0x00007aca1ffe5f40 0x0000000df3f88f40 0 1 1 0 1 3 3 56940 48
0x00007aca1ffe5fc0 0x0000000df3f88fc0 0 1 1 0 1 3 3 56940 56
0x00007aca1ffe6040 0x00000004a2ff0040 0 0 0 0 0 3 3 17487 512
0x00007aca1ffe60c0 0x00000004a2ff00c0 0 0 0 0 0 3 3 17487 520
0x00007aca1ffe6140 0x00000004a2ff0140 0 1 0 0 0 3 3 17487 512
0x00007aca1ffe61c0 0x00000004a2ff01c0 0 1 0 0 0 3 3 17487 520
0x00007aca1ffe6240 0x00000004a2ff0240 0 0 1 0 0 3 3 17487 512
0x00007aca1ffe62c0 0x00000004a2ff02c0 0 0 1 0 0 3 3 17487 520
0x00007aca1ffe6340 0x00000004a2ff0340 0 1 1 0 0 3 3 17487 512
0x00007aca1ffe63c0 0x00000004a2ff03c0 0 1 1 0 0 3 3 17487 520
0x00007aca1ffe6440 0x00000004a2ff0440 0 0 0 0 0 3 3 17487 528
0x00007aca1ffe64c0 0x00000004a2ff04c0 0 0 0 0 0 3 3 17487 536
0x00007aca1ffe6540 0x00000004a2ff0540 0 1 0 0 0 3 3 17487 528
0x00007aca1ffe65c0 0x00000004a2ff05c0 0 1 0 0 0 3 3 17487 536
0x00007aca1ffe6640 0x00000004a2ff0640 0 0 1 0 0 3 3 17487 528
0x00007aca1ffe66c0 0x00000004a2ff06c0 0 0 1 0 0 3 3 17487 536
0x00007aca1ffe6740 0x00000004a2ff0740 0 1 1 0 0 3 3 17487 528
0x00007aca1ffe67c0 0x00000004a2ff07c0 0 1 1 0 0 3 3 17487 536
0x00007aca1ffe6840 0x00000004a2ff0840 0 0 0 0 0 3 3 17487 544
0x00007aca1ffe68c0 0x00000004a2ff08c0 0 0 0 0 0 3 3 17487 552
0x00007aca1ffe6940 0x00000004a2ff0940 0 1 0 0 0 3 3 17487 544
0x00007aca1ffe69c0 0x00000004a2ff09c0 0 1 0 0 0 3 3 17487 552
0x00007aca1ffe6a40 0x00000004a2ff0a40 0 0 1 0 0 3 3 17487 544
0x00007aca1ffe6ac0 0x00000004a2ff0ac0 0 0 1 0 0 3 3 17487 552
0x00007aca1ffe6b40 0x00000004a2ff0b40 0 1 1 0 0 3 3 17487 544
0x00007aca1ffe6bc0 0x00000004a2ff0bc0 0 1 1 0 0 3 3 17487 552
0x00007aca1ffe6c40 0x00000004a2ff0c40 0 0 0 0 0 3 3 17487 560
0x00007aca1ffe6cc0 0x00000004a2ff0cc0 0 0 0 0 0 3 3 17487 568
0x00007aca1ffe6d40 0x00000004a2ff0d40 0 1 0 0 0 3 3 17487 560
0x00007aca1ffe6dc0 0x00000004a2ff0dc0 0 1 0 0 0 3 3 17487 568
0x00007aca1ffe6e40 0x00000004a2ff0e40 0 0 1 0 0 3 3 17487 560
0x00007aca1ffe6ec0 0x00000004a2ff0ec0 0 0 1 0 0 3 3 17487 568
0x00007aca1ffe6f40 0x00000004a2ff0f40 0 1 1 0 0 3 3 17487 560
0x00007aca1ffe6fc0 0x00000004a2ff0fc0 0 1 1 0 0 3 3 17487 568
0x00007aca1ffeb040 0x0000000966f2c040 0 0 0 0 1 3 3 36057 256
0x00007aca1ffeb0c0 0x0000000966f2c0c0 0 0 0 0 1 3 3 36057 264
0x00007aca1ffeb140 0x0000000966f2c140 0 1 0 0 1 3 3 36057 256
0x00007aca1ffeb1c0 0x0000000966f2c1c0 0 1 0 0 1 3 3 36057 264
0x00007aca1ffeb240 0x0000000966f2c240 0 0 1 0 1 3 3 36057 256
0x00007aca1ffeb2c0 0x0000000966f2c2c0 0 0 1 0 1 3 3 36057 264
0x00007aca1ffeb340 0x0000000966f2c340 0 1 1 0 1 3 3 36057 256
0x00007aca1ffeb3c0 0x0000000966f2c3c0 0 1 1 0 1 3 3 36057 264
0x00007aca1ffeb440 0x0000000966f2c440 0 0 0 0 1 3 3 36057 272
0x00007aca1ffeb4c0 0x0000000966f2c4c0 0 0 0 0 1 3 3 36057 280
0x00007aca1ffeb540 0x0000000966f2c540 0 1 0 0 1 3 3 36057 272
0x00007aca1ffeb5c0 0x0000000966f2c5c0 0 1 0 0 1 3 3 36057 280
0x00007aca1ffeb640 0x0000000966f2c640 0 0 1 0 1 3 3 36057 272
0x00007aca1ffeb6c0 0x0000000966f2c6c0 0 0 1 0 1 3 3 36057 280
0x00007aca1ffeb740 0x0000000966f2c740 0 1 1 0 1 3 3 36057 272
0x00007aca1ffeb7c0 0x0000000966f2c7c0 0 1 1 0 1 3 3 36057 280
0x00007aca1ffeb840 0x0000000966f2c840 0 0 0 0 1 3 3 36057 288
0x00007aca1ffeb8c0 0x0000000966f2c8c0 0 0 0 0 1 3 3 36057 296
0x00007aca1ffeb940 0x0000000966f2c940 0 1 0 0 1 3 3 36057 288
0x00007aca1ffeb9c0 0x0000000966f2c9c0 0 1 0 0 1 3 3 36057 296
0x00007aca1ffeba40 0x0000000966f2ca40 0 0 1 0 1 3 3 36057 288
0x00007aca1ffebac0 0x0000000966f2cac0 0 0 1 0 1 3 3 36057 296
0x00007aca1ffebb40 0x0000000966f2cb40 0 1 1 0 1 3 3 36057 288
0x00007aca1ffebbc0 0x0000000966f2cbc0 0 1 1 0 1 3 3 36057 296
0x00007aca1ffebc40 0x0000000966f2cc40 0 0 0 0 1 3 3 36057 304
0x00007aca1ffebcc0 0x0000000966f2ccc0 0 0 0 0 1 3 3 36057 312
0x00007aca1ffebd40 0x0000000966f2cd40 0 1 0 0 1 3 3 36057 304
0x00007aca1ffebdc0 0x0000000966f2cdc0 0 1 0 0 1 3 3 36057 312
0x00007aca1ffebe40 0x0000000966f2ce40 0 0 1 0 1 3 3 36057 304
0x00007aca1ffebec0 0x0000000966f2cec0 0 0 1 0 1 3 3 36057 312
0x00007aca1ffebf40 0x0000000966f2cf40 0 1 1 0 1 3 3 36057 304
0x00007aca1ffebfc0 0x0000000966f2cfc0 0 1 1 0 1 3 3 36057 312
0x00007aca1fff1040 0x000000082df1d040 0 0 0 0 1 3 3 30136 832
0x00007aca1fff10c0 0x000000082df1d0c0 0 0 0 0 1 3 3 30136 840
0x00007aca1fff1140 0x000000082df1d140 0 1 0 0 1 3 3 30136 832
0x00007aca1fff11c0 0x000000082df1d1c0 0 1 0 0 1 3 3 30136 840
0x00007aca1fff1240 0x000000082df1d240 0 0 1 0 1 3 3 30136 832
0x00007aca1fff12c0 0x000000082df1d2c0 0 0 1 0 1 3 3 30136 840
0x00007aca1fff1340 0x000000082df1d340 0 1 1 0 1 3 3 30136 832
0x00007aca1fff13c0 0x000000082df1d3c0 0 1 1 0 1 3 3 30136 840
0x00007aca1fff1440 0x000000082df1d440 0 0 0 0 1 3 3 30136 848
0x00007aca1fff14c0 0x000000082df1d4c0 0 0 0 0 1 3 3 30136 856
0x00007aca1fff1540 0x000000082df1d540 0 1 0 0 1 3 3 30136 848
0x00007aca1fff15c0 0x000000082df1d5c0 0 1 0 0 1 3 3 30136 856
0x00007aca1fff1640 0x000000082df1d640 0 0 1 0 1 3 3 30136 848
0x00007aca1fff16c0 0x000000082df1d6c0 0 0 1 0 1 3 3 30136 856
0x00007aca1fff1740 0x000000082df1d740 0 1 1 0 1 3 3 30136 848
0x00007aca1fff17c0 0x000000082df1d7c0 0 1 1 0 1 3 3 30136 856
0x00007aca1fff1840 0x000000082df1d840 0 0 0 0 1 3 3 30136 864
0x00007aca1fff18c0 0x000000082df1d8c0 0 0 0 0 1 3 3 30136 872
0x00007aca1fff1940 0x000000082df1d940 0 1 0 0 1 3 3 30136 864
0x00007aca1fff19c0 0x000000082df1d9c0 0 1 0 0 1 3 3 30136 872
0x00007aca1fff1a40 0x000000082df1da40 0 0 1 0 1 3 3 30136 864
0x00007aca1fff1ac0 0x000000082df1dac0 0 0 1 0 1 3 3 30136 872
0x00007aca1fff1b40 0x000000082df1db40 0 1 1 0 1 3 3 30136 864
0x00007aca1fff1bc0 0x000000082df1dbc0 0 1 1 0 1 3 3 30136 872
0x00007aca1fff1c40 0x000000082df1dc40 0 0 0 0 1 3 3 30136 880
0x00007aca1fff1cc0 0x000000082df1dcc0 0 0 0 0 1 3 3 30136 888
0x00007aca1fff1d40 0x000000082df1dd40 0 1 0 0 1 3 3 30136 880
0x00007aca1fff1dc0 0x000000082df1ddc0 0 1 0 0 1 3 3 30136 888
0x00007aca1fff1e40 0x000000082df1de40 0 0 1 0 1 3 3 30136 880
0x00007aca1fff1ec0 0x000000082df1dec0 0 0 1 0 1 3 3 30136 888
0x00007aca1fff1f40 0x000000082df1df40 0 1 1 0 1 3 3 30136 880
0x00007aca1fff1fc0 0x000000082df1dfc0 0 1 1 0 1 3 3 30136 888
0x00007aca1fff6040 0x0000000e74ff7040 0 0 0 0 0 3 3 56991 960
0x00007aca1fff60c0 0x0000000e74ff70c0 0 0 0 0 0 3 3 56991 968
0x00007aca1fff6140 0x0000000e74ff7140 0 1 0 0 0 3 3 56991 960
0x00007aca1fff61c0 0x0000000e74ff71c0 0 1 0 0 0 3 3 56991 968
0x00007aca1fff6240 0x0000000e74ff7240 0 0 1 0 0 3 3 56991 960
0x00007aca1fff62c0 0x0000000e74ff72c0 0 0 1 0 0 3 3 56991 968
0x00007aca1fff6340 0x0000000e74ff7340 0 1 1 0 0 3 3 56991 960
0x00007aca1fff63c0 0x0000000e74ff73c0 0 1 1 0 0 3 3 56991 968
0x00007aca1fff6440 0x0000000e74ff7440 0 0 0 0 0 3 3 56991 976
0x00007aca1fff64c0 0x0000000e74ff74c0 0 0 0 0 0 3 3 56991 984
0x00007aca1fff6540 0x0000000e74ff7540 0 1 0 0 0 3 3 56991 976
0x00007aca1fff65c0 0x0000000e74ff75c0 0 1 0 0 0 3 3 56991 984
0x00007aca1fff6640 0x0000000e74ff7640 0 0 1 0 0 3 3 56991 976
0x00007aca1fff66c0 0x0000000e74ff76c0 0 0 1 0 0 3 3 56991 984
0x00007aca1fff6740 0x0000000e74ff7740 0 1 1 0 0 3 3 56991 976
0x00007aca1fff67c0 0x0000000e74ff77c0 0 1 1 0 0 3 3 56991 984
0x00007aca1fff6840 0x0000000e74ff7840 0 0 0 0 0 3 3 56991 992
0x00007aca1fff68c0 0x0000000e74ff78c0 0 0 0 0 0 3 3 56991 1000
0x00007aca1fff6940 0x0000000e74ff7940 0 1 0 0 0 3 3 56991 992
0x00007aca1fff69c0 0x0000000e74ff79c0 0 1 0 0 0 3 3 56991 1000
0x00007aca1fff6a40 0x0000000e74ff7a40 0 0 1 0 0 3 3 56991 992
0x00007aca1fff6ac0 0x0000000e74ff7ac0 0 0 1 0 0 3 3 56991 1000
0x00007aca1fff6b40 0x0000000e74ff7b40 0 1 1 0 0 3 3 56991 992
0x00007aca1fff6bc0 0x0000000e74ff7bc0 0 1 1 0 0 3 3 56991 1000
0x00007aca1fff6c40 0x0000000e74ff7c40 0 0 0 0 0 3 3 56991 1008
0x00007aca1fff6cc0 0x0000000e74ff7cc0 0 0 0 0 0 3 3 56991 1016
0x00007aca1fff6d40 0x0000000e74ff7d40 0 1 0 0 0 3 3 56991 1008
0x00007aca1fff6dc0 0x0000000e74ff7dc0 0 1 0 0 0 3 3 56991 1016
0x00007aca1fff6e40 0x0000000e74ff7e40 0 0 1 0 0 3 3 56991 1008
0x00007aca1fff6ec0 0x0000000e74ff7ec0 0 0 1 0 0 3 3 56991 1016
0x00007aca1fff6f40 0x0000000e74ff7f40 0 1 1 0 0 3 3 56991 1008
0x00007aca1fff6fc0 0x0000000e74ff7fc0 0 1 1 0 0 3 3 56991 1016
0x00007aca20006040 0x000000096374e040 0 0 0 0 1 3 3 35954 384
0x00007aca200060c0 0x000000096374e0c0 0 0 0 0 1 3 3 35954 392
0x00007aca20006140 0x000000096374e140 0 1 0 0 1 3 3 35954 384
0x00007aca200061c0 0x000000096374e1c0 0 1 0 0 1 3 3 35954 392
0x00007aca20006240 0x000000096374e240 0 0 1 0 1 3 3 35954 384
0x00007aca200062c0 0x000000096374e2c0 0 0 1 0 1 3 3 35954 392
0x00007aca20006340 0x000000096374e340 0 1 1 0 1 3 3 35954 384
0x00007aca200063c0 0x000000096374e3c0 0 1 1 0 1 3 3 35954 392
0x00007aca20006440 0x000000096374e440 0 0 0 0 1 3 3 35954 400
0x00007aca200064c0 0x000000096374e4c0 0 0 0 0 1 3 3 35954 408
0x00007aca20006540 0x000000096374e540 0 1 0 0 1 3 3 35954 400
0x00007aca200065c0 0x000000096374e5c0 0 1 0 0 1 3 3 35954 408
0x00007aca20006640 0x000000096374e640 0 0 1 0 1 3 3 35954 400
0x00007aca200066c0 0x000000096374e6c0 0 0 1 0 1 3 3 35954 408
0x00007aca20006740 0x000000096374e740 0 1 1 0 1 3 3 35954 400
0x00007aca200067c0 0x000000096374e7c0 0 1 1 0 1 3 3 35954 408
0x00007aca20006840 0x000000096374e840 0 0 0 0 1 3 3 35954 416
0x00007aca200068c0 0x000000096374e8c0 0 0 0 0 1 3 3 35954 424
0x00007aca20006940 0x000000096374e940 0 1 0 0 1 3 3 35954 416
0x00007aca200069c0 0x000000096374e9c0 0 1 0 0 1 3 3 35954 424
0x00007aca20006a40 0x000000096374ea40 0 0 1 0 1 3 3 35954 416
0x00007aca20006ac0 0x000000096374eac0 0 0 1 0 1 3 3 35954 424
0x00007aca20006b40 0x000000096374eb40 0 1 1 0 1 3 3 35954 416
0x00007aca20006bc0 0x000000096374ebc0 0 1 1 0 1 3 3 35954 424
0x00007aca20006c40 0x000000096374ec40 0 0 0 0 1 3 3 35954 432
0x00007aca20006cc0 0x000000096374ecc0 0 0 0 0 1 3 3 35954 440
0x00007aca20006d40 0x000000096374ed40 0 1 0 0 1 3 3 35954 432
0x00007aca20006dc0 0x000000096374edc0 0 1 0 0 1 3 3 35954 440
0x00007aca20006e40 0x000000096374ee40 0 0 1 0 1 3 3 35954 432
0x00007aca20006ec0 0x000000096374eec0 0 0 1 0 1 3 3 35954 440
0x00007aca20006f40 0x000000096374ef40 0 1 1 0 1 3 3 35954 432
0x00007aca20006fc0 0x000000096374efc0 0 1 1 0 1 3 3 35954 440
0x00007aca2000c040 0x00000009b17bc040 0 0 0 0 1 3 3 38437 768
0x00007aca2000c0c0 0x00000009b17bc0c0 0 0 0 0 1 3 3 38437 776
0x00007aca2000c140 0x00000009b17bc140 0 1 0 0 1 3 3 38437 768
0x00007aca2000c1c0 0x00000009b17bc1c0 0 1 0 0 1 3 3 38437 776
0x00007aca2000c240 0x00000009b17bc240 0 0 1 0 1 3 3 38437 768
0x00007aca2000c2c0 0x00000009b17bc2c0 0 0 1 0 1 3 3 38437 776
0x00007aca2000c340 0x00000009b17bc340 0 1 1 0 1 3 3 38437 768
0x00007aca2000c3c0 0x00000009b17bc3c0 0 1 1 0 1 3 3 38437 776
0x00007aca2000c440 0x00000009b17bc440 0 0 0 0 1 3 3 38437 784
0x00007aca2000c4c0 0x00000009b17bc4c0 0 0 0 0 1 3 3 38437 792
0x00007aca2000c540 0x00000009b17bc540 0 1 0 0 1 3 3 38437 784
0x00007aca2000c5c0 0x00000009b17bc5c0 0 1 0 0 1 3 3 38437 792
0x00007aca2000c640 0x00000009b17bc640 0 0 1 0 1 3 3 38437 784
0x00007aca2000c6c0 0x00000009b17bc6c0 0 0 1 0 1 3 3 38437 792
0x00007aca2000c740 0x00000009b17bc740 0 1 1 0 1 3 3 38437 784
0x00007aca2000c7c0 0x00000009b17bc7c0 0 1 1 0 1 3 3 38437 792
0x00007aca2000c840 0x00000009b17bc840 0 0 0 0 1 3 3 38437 800
0x00007aca2000c8c0 0x00000009b17bc8c0 0 0 0 0 1 3 3 38437 808
0x00007aca2000c940 0x00000009b17bc940 0 1 0 0 1 3 3 38437 800
0x00007aca2000c9c0 0x00000009b17bc9c0 0 1 0 0 1 3 3 38437 808
0x00007aca2000ca40 0x00000009b17bca40 0 0 1 0 1 3 3 38437 800
0x00007aca2000cac0 0x00000009b17bcac0 0 0 1 0 1 3 3 38437 808
0x00007aca2000cb40 0x00000009b17bcb40 0 1 1 0 1 3 3 38437 800
0x00007aca2000cbc0 0x00000009b17bcbc0 0 1 1 0 1 3 3 38437 808
0x00007aca2000cc40 0x00000009b17bcc40 0 0 0 0 1 3 3 38437 816
0x00007aca2000ccc0 0x00000009b17bccc0 0 0 0 0 1 3 3 38437 824
0x00007aca2000cd40 0x00000009b17bcd40 0 1 0 0 1 3 3 38437 816
0x00007aca2000cdc0 0x00000009b17bcdc0 0 1 0 0 1 3 3 38437 824
0x00007aca2000ce40 0x00000009b17bce40 0 0 1 0 1 3 3 38437 816
0x00007aca2000cec0 0x00000009b17bcec0 0 0 1 0 1 3 3 38437 824
0x00007aca2000cf40 0x00000009b17bcf40 0 1 1 0 1 3 3 38437 816
0x00007aca2000cfc0 0x00000009b17bcfc0 0 1 1 0 1 3 3 38437 824
0x00007aca2000d040 0x0000000e98790040 0 0 0 0 0 3 3 58116 512
0x00007aca2000d0c0 0x0000000e987900c0 0 0 0 0 0 3 3 58116 520
0x00007aca2000d140 0x0000000e98790140 0 1 0 0 0 3 3 58116 512
0x00007aca2000d1c0 0x0000000e987901c0 0 1 0 0 0 3 3 58116 520
0x00007aca2000d240 0x0000000e98790240 0 0 1 0 0 3 3 58116 512
0x00007aca2000d2c0 0x0000000e987902c0 0 0 1 0 0 3 3 58116 520
0x00007aca2000d340 0x0000000e98790340 0 1 1 0 0 3 3 58116 512
0x00007aca2000d3c0 0x0000000e987903c0 0 1 1 0 0 3 3 58116 520
0x00007aca2000d440 0x0000000e98790440 0 0 0 0 0 3 3 58116 528
0x00007aca2000d4c0 0x0000000e987904c0 0 0 0 0 0 3 3 58116 536
0x00007aca2000d540 0x0000000e98790540 0 1 0 0 0 3 3 58116 528
0x00007aca2000d5c0 0x0000000e987905c0 0 1 0 0 0 3 3 58116 536
0x00007aca2000d640 0x0000000e98790640 0 0 1 0 0 3 3 58116 528
0x00007aca2000d6c0 0x0000000e987906c0 0 0 1 0 0 3 3 58116 536
0x00007aca2000d740 0x0000000e98790740 0 1 1 0 0 3 3 58116 528
0x00007aca2000d7c0 0x0000000e987907c0 0 1 1 0 0 3 3 58116 536
0x00007aca2000d840 0x0000000e98790840 0 0 0 0 0 3 3 58116 544
0x00007aca2000d8c0 0x0000000e987908c0 0 0 0 0 0 3 3 58116 552
0x00007aca2000d940 0x0000000e98790940 0 1 0 0 0 3 3 58116 544
0x00007aca2000d9c0 0x0000000e987909c0 0 1 0 0 0 3 3 58116 552
0x00007aca2000da40 0x0000000e98790a40 0 0 1 0 0 3 3 58116 544
0x00007aca2000dac0 0x0000000e98790ac0 0 0 1 0 0 3 3 58116 552
0x00007aca2000db40 0x0000000e98790b40 0 1 1 0 0 3 3 58116 544
0x00007aca2000dbc0 0x0000000e98790bc0 0 1 1 0 0 3 3 58116 552
0x00007aca2000dc40 0x0000000e98790c40 0 0 0 0 0 3 3 58116 560
0x00007aca2000dcc0 0x0000000e98790cc0 0 0 0 0 0 3 3 58116 568
0x00007aca2000dd40 0x0000000e98790d40 0 1 0 0 0 3 3 58116 560
0x00007aca2000ddc0 0x0000000e98790dc0 0 1 0 0 0 3 3 58116 568
0x00007aca2000de40 0x0000000e98790e40 0 0 1 0 0 3 3 58116 560
0x00007aca2000dec0 0x0000000e98790ec0 0 0 1 0 0 3 3 58116 568
0x00007aca2000df40 0x0000000e98790f40 0 1 1 0 0 3 3 58116 560
0x00007aca2000dfc0 0x0000000e98790fc0 0 1 1 0 0 3 3 58116 568
0x00007aca20027040 0x0000000d76ff8040 0 0 0 0 1 3 3 52959 512
0x00007aca200270c0 0x0000000d76ff80c0 0 0 0 0 1 3 3 52959 520
0x00007aca20027140 0x0000000d76ff8140 0 1 0 0 1 3 3 52959 512
0x00007aca200271c0 0x0000000d76ff81c0 0 1 0 0 1 3 3 52959 520
0x00007aca20027240 0x0000000d76ff8240 0 0 1 0 1 3 3 52959 512
0x00007aca200272c0 0x0000000d76ff82c0 0 0 1 0 1 3 3 52959 520
0x00007aca20027340 0x0000000d76ff8340 0 1 1 0 1 3 3 52959 512
0x00007aca200273c0 0x0000000d76ff83c0 0 1 1 0 1 3 3 52959 520
0x00007aca20027440 0x0000000d76ff8440 0 0 0 0 1 3 3 52959 528
0x00007aca200274c0 0x0000000d76ff84c0 0 0 0 0 1 3 3 52959 536
0x00007aca20027540 0x0000000d76ff8540 0 1 0 0 1 3 3 52959 528
0x00007aca200275c0 0x0000000d76ff85c0 0 1 0 0 1 3 3 52959 536
0x00007aca20027640 0x0000000d76ff8640 0 0 1 0 1 3 3 52959 528
0x00007aca200276c0 0x0000000d76ff86c0 0 0 1 0 1 3 3 52959 536
0x00007aca20027740 0x0000000d76ff8740 0 1 1 0 1 3 3 52959 528
0x00007aca200277c0 0x0000000d76ff87c0 0 1 1 0 1 3 3 52959 536
0x00007aca20027840 0x0000000d76ff8840 0 0 0 0 1 3 3 52959 544
0x00007aca200278c0 0x0000000d76ff88c0 0 0 0 0 1 3 3 52959 552
0x00007aca20027940 0x0000000d76ff8940 0 1 0 0 1 3 3 52959 544
0x00007aca200279c0 0x0000000d76ff89c0 0 1 0 0 1 3 3 52959 552
0x00007aca20027a40 0x0000000d76ff8a40 0 0 1 0 1 3 3 52959 544
0x00007aca20027ac0 0x0000000d76ff8ac0 0 0 1 0 1 3 3 52959 552
0x00007aca20027b40 0x0000000d76ff8b40 0 1 1 0 1 3 3 52959 544
0x00007aca20027bc0 0x0000000d76ff8bc0 0 1 1 0 1 3 3 52959 552
0x00007aca20027c40 0x0000000d76ff8c40 0 0 0 0 1 3 3 52959 560
0x00007aca20027cc0 0x0000000d76ff8cc0 0 0 0 0 1 3 3 52959 568
0x00007aca20027d40 0x0000000d76ff8d40 0 1 0 0 1 3 3 52959 560
0x00007aca20027dc0 0x0000000d76ff8dc0 0 1 0 0 1 3 3 52959 568
0x00007aca20027e40 0x0000000d76ff8e40 0 0 1 0 1 3 3 52959 560
0x00007aca20027ec0 0x0000000d76ff8ec0 0 0 1 0 1 3 3 52959 568
0x00007aca20027f40 0x0000000d76ff8f40 0 1 1 0 1 3 3 52959 560
0x00007aca20027fc0 0x0000000d76ff8fc0 0 1 1 0 1 3 3 52959 568
0x00007aca20029040 0x0000000e9a76f040 0 0 0 0 1 3 3 58179 448
0x00007aca200290c0 0x0000000e9a76f0c0 0 0 0 0 1 3 3 58179 456
0x00007aca20029140 0x0000000e9a76f140 0 1 0 0 1 3 3 58179 448
0x00007aca200291c0 0x0000000e9a76f1c0 0 1 0 0 1 3 3 58179 456
0x00007aca20029240 0x0000000e9a76f240 0 0 1 0 1 3 3 58179 448
0x00007aca200292c0 0x0000000e9a76f2c0 0 0 1 0 1 3 3 58179 456
0x00007aca20029340 0x0000000e9a76f340 0 1 1 0 1 3 3 58179 448
0x00007aca200293c0 0x0000000e9a76f3c0 0 1 1 0 1 3 3 58179 456
0x00007aca20029440 0x0000000e9a76f440 0 0 0 0 1 3 3 58179 464
0x00007aca200294c0 0x0000000e9a76f4c0 0 0 0 0 1 3 3 58179 472
0x00007aca20029540 0x0000000e9a76f540 0 1 0 0 1 3 3 58179 464
0x00007aca200295c0 0x0000000e9a76f5c0 0 1 0 0 1 3 3 58179 472
0x00007aca20029640 0x0000000e9a76f640 0 0 1 0 1 3 3 58179 464
0x00007aca200296c0 0x0000000e9a76f6c0 0 0 1 0 1 3 3 58179 472
0x00007aca20029740 0x0000000e9a76f740 0 1 1 0 1 3 3 58179 464
0x00007aca200297c0 0x0000000e9a76f7c0 0 1 1 0 1 3 3 58179 472
0x00007aca20029840 0x0000000e9a76f840 0 0 0 0 1 3 3 58179 480
0x00007aca200298c0 0x0000000e9a76f8c0 0 0 0 0 1 3 3 58179 488
0x00007aca20029940 0x0000000e9a76f940 0 1 0 0 1 3 3 58179 480
0x00007aca200299c0 0x0000000e9a76f9c0 0 1 0 0 1 3 3 58179 488
0x00007aca20029a40 0x0000000e9a76fa40 0 0 1 0 1 3 3 58179 480
0x00007aca20029ac0 0x0000000e9a76fac0 0 0 1 0 1 3 3 58179 488
0x00007aca20029b40 0x0000000e9a76fb40 0 1 1 0 1 3 3 58179 480
0x00007aca20029bc0 0x0000000e9a76fbc0 0 1 1 0 1 3 3 58179 488
0x00007aca20029c40 0x0000000e9a76fc40 0 0 0 0 1 3 3 58179 496
0x00007aca20029cc0 0x0000000e9a76fcc0 0 0 0 0 1 3 3 58179 504
0x00007aca20029d40 0x0000000e9a76fd40 0 1 0 0 1 3 3 58179 496
0x00007aca20029dc0 0x0000000e9a76fdc0 0 1 0 0 1 3 3 58179 504
0x00007aca20029e40 0x0000000e9a76fe40 0 0 1 0 1 3 3 58179 496
0x00007aca20029ec0 0x0000000e9a76fec0 0 0 1 0 1 3 3 58179 504
0x00007aca20029f40 0x0000000e9a76ff40 0 1 1 0 1 3 3 58179 496
0x00007aca20029fc0 0x0000000e9a76ffc0 0 1 1 0 1 3 3 58179 504
0x00007aca2002b040 0x0000000e9a76c040 0 0 0 0 1 3 3 58179 256
0x00007aca2002b0c0 0x0000000e9a76c0c0 0 0 0 0 1 3 3 58179 264
0x00007aca2002b140 0x0000000e9a76c140 0 1 0 0 1 3 3 58179 256
0x00007aca2002b1c0 0x0000000e9a76c1c0 0 1 0 0 1 3 3 58179 264
0x00007aca2002b240 0x0000000e9a76c240 0 0 1 0 1 3 3 58179 256
0x00007aca2002b2c0 0x0000000e9a76c2c0 0 0 1 0 1 3 3 58179 264
0x00007aca2002b340 0x0000000e9a76c340 0 1 1 0 1 3 3 58179 256
0x00007aca2002b3c0 0x0000000e9a76c3c0 0 1 1 0 1 3 3 58179 264
0x00007aca2002b440 0x0000000e9a76c440 0 0 0 0 1 3 3 58179 272
0x00007aca2002b4c0 0x0000000e9a76c4c0 0 0 0 0 1 3 3 58179 280
0x00007aca2002b540 0x0000000e9a76c540 0 1 0 0 1 3 3 58179 272
0x00007aca2002b5c0 0x0000000e9a76c5c0 0 1 0 0 1 3 3 58179 280
0x00007aca2002b640 0x0000000e9a76c640 0 0 1 0 1 3 3 58179 272
0x00007aca2002b6c0 0x0000000e9a76c6c0 0 0 1 0 1 3 3 58179 280
0x00007aca2002b740 0x0000000e9a76c740 0 1 1 0 1 3 3 58179 272
0x00007aca2002b7c0 0x0000000e9a76c7c0 0 1 1 0 1 3 3 58179 280
0x00007aca2002b840 0x0000000e9a76c840 0 0 0 0 1 3 3 58179 288
0x00007aca2002b8c0 0x0000000e9a76c8c0 0 0 0 0 1 3 3 58179 296
0x00007aca2002b940 0x0000000e9a76c940 0 1 0 0 1 3 3 58179 288
0x00007aca2002b9c0 0x0000000e9a76c9c0 0 1 0 0 1 3 3 58179 296
0x00007aca2002ba40 0x0000000e9a76ca40 0 0 1 0 1 3 3 58179 288
0x00007aca2002bac0 0x0000000e9a76cac0 0 0 1 0 1 3 3 58179 296
0x00007aca2002bb40 0x0000000e9a76cb40 0 1 1 0 1 3 3 58179 288
0x00007aca2002bbc0 0x0000000e9a76cbc0 0 1 1 0 1 3 3 58179 296
0x00007aca2002bc40 0x0000000e9a76cc40 0 0 0 0 1 3 3 58179 304
0x00007aca2002bcc0 0x0000000e9a76ccc0 0 0 0 0 1 3 3 58179 312
0x00007aca2002bd40 0x0000000e9a76cd40 0 1 0 0 1 3 3 58179 304
0x00007aca2002bdc0 0x0000000e9a76cdc0 0 1 0 0 1 3 3 58179 312
0x00007aca2002be40 0x0000000e9a76ce40 0 0 1 0 1 3 3 58179 304
0x00007aca2002bec0 0x0000000e9a76cec0 0 0 1 0 1 3 3 58179 312
0x00007aca2002bf40 0x0000000e9a76cf40 0 1 1 0 1 3 3 58179 304
0x00007aca2002bfc0 0x0000000e9a76cfc0 0 1 1 0 1 3 3 58179 312
0x00007aca20040040 0x000000076d7e1040 0 0 0 0 0 3 3 28087 64
0x00007aca200400c0 0x000000076d7e10c0 0 0 0 0 0 3 3 28087 72
0x00007aca20040140 0x000000076d7e1140 0 1 0 0 0 3 3 28087 64
0x00007aca200401c0 0x000000076d7e11c0 0 1 0 0 0 3 3 28087 72
0x00007aca20040240 0x000000076d7e1240 0 0 1 0 0 3 3 28087 64
0x00007aca200402c0 0x000000076d7e12c0 0 0 1 0 0 3 3 28087 72
0x00007aca20040340 0x000000076d7e1340 0 1 1 0 0 3 3 28087 64
0x00007aca200403c0 0x000000076d7e13c0 0 1 1 0 0 3 3 28087 72
0x00007aca20040440 0x000000076d7e1440 0 0 0 0 0 3 3 28087 80
0x00007aca200404c0 0x000000076d7e14c0 0 0 0 0 0 3 3 28087 88
0x00007aca20040540 0x000000076d7e1540 0 1 0 0 0 3 3 28087 80
0x00007aca200405c0 0x000000076d7e15c0 0 1 0 0 0 3 3 28087 88
0x00007aca20040640 0x000000076d7e1640 0 0 1 0 0 3 3 28087 80
0x00007aca200406c0 0x000000076d7e16c0 0 0 1 0 0 3 3 28087 88
0x00007aca20040740 0x000000076d7e1740 0 1 1 0 0 3 3 28087 80
0x00007aca200407c0 0x000000076d7e17c0 0 1 1 0 0 3 3 28087 88
0x00007aca20040840 0x000000076d7e1840 0 0 0 0 0 3 3 28087 96
0x00007aca200408c0 0x000000076d7e18c0 0 0 0 0 0 3 3 28087 104
0x00007aca20040940 0x000000076d7e1940 0 1 0 0 0 3 3 28087 96
0x00007aca200409c0 0x000000076d7e19c0 0 1 0 0 0 3 3 28087 104
0x00007aca20040a40 0x000000076d7e1a40 0 0 1 0 0 3 3 28087 96
0x00007aca20040ac0 0x000000076d7e1ac0 0 0 1 0 0 3 3 28087 104
0x00007aca20040b40 0x000000076d7e1b40 0 1 1 0 0 3 3 28087 96
0x00007aca20040bc0 0x000000076d7e1bc0 0 1 1 0 0 3 3 28087 104
0x00007aca20040c40 0x000000076d7e1c40 0 0 0 0 0 3 3 28087 112
0x00007aca20040cc0 0x000000076d7e1cc0 0 0 0 0 0 3 3 28087 120
0x00007aca20040d40 0x000000076d7e1d40 0 1 0 0 0 3 3 28087 112
0x00007aca20040dc0 0x000000076d7e1dc0 0 1 0 0 0 3 3 28087 120
0x00007aca20040e40 0x000000076d7e1e40 0 0 1 0 0 3 3 28087 112
0x00007aca20040ec0 0x000000076d7e1ec0 0 0 1 0 0 3 3 28087 120
0x00007aca20040f40 0x000000076d7e1f40 0 1 1 0 0 3 3 28087 112
0x00007aca20040fc0 0x000000076d7e1fc0 0 1 1 0 0 3 3 28087 120
0x00007aca20049040 0x00000008e47db040 0 0 0 0 1 3 3 35974 704
0x00007aca200490c0 0x00000008e47db0c0 0 0 0 0 1 3 3 35974 712
0x00007aca20049140 0x00000008e47db140 0 1 0 0 1 3 3 35974 704
0x00007aca200491c0 0x00000008e47db1c0 0 1 0 0 1 3 3 35974 712
0x00007aca20049240 0x00000008e47db240 0 0 1 0 1 3 3 35974 704
0x00007aca200492c0 0x00000008e47db2c0 0 0 1 0 1 3 3 35974 712
0x00007aca20049340 0x00000008e47db340 0 1 1 0 1 3 3 35974 704
0x00007aca200493c0 0x00000008e47db3c0 0 1 1 0 1 3 3 35974 712
0x00007aca20049440 0x00000008e47db440 0 0 0 0 1 3 3 35974 720
0x00007aca200494c0 0x00000008e47db4c0 0 0 0 0 1 3 3 35974 728
0x00007aca20049540 0x00000008e47db540 0 1 0 0 1 3 3 35974 720
0x00007aca200495c0 0x00000008e47db5c0 0 1 0 0 1 3 3 35974 728
0x00007aca20049640 0x00000008e47db640 0 0 1 0 1 3 3 35974 720
0x00007aca200496c0 0x00000008e47db6c0 0 0 1 0 1 3 3 35974 728
0x00007aca20049740 0x00000008e47db740 0 1 1 0 1 3 3 35974 720
0x00007aca200497c0 0x00000008e47db7c0 0 1 1 0 1 3 3 35974 728
0x00007aca20049840 0x00000008e47db840 0 0 0 0 1 3 3 35974 736
0x00007aca200498c0 0x00000008e47db8c0 0 0 0 0 1 3 3 35974 744
0x00007aca20049940 0x00000008e47db940 0 1 0 0 1 3 3 35974 736
0x00007aca200499c0 0x00000008e47db9c0 0 1 0 0 1 3 3 35974 744
0x00007aca20049a40 0x00000008e47dba40 0 0 1 0 1 3 3 35974 736
0x00007aca20049ac0 0x00000008e47dbac0 0 0 1 0 1 3 3 35974 744
0x00007aca20049b40 0x00000008e47dbb40 0 1 1 0 1 3 3 35974 736
0x00007aca20049bc0 0x00000008e47dbbc0 0 1 1 0 1 3 3 35974 744
0x00007aca20049c40 0x00000008e47dbc40 0 0 0 0 1 3 3 35974 752
0x00007aca20049cc0 0x00000008e47dbcc0 0 0 0 0 1 3 3 35974 760
0x00007aca20049d40 0x00000008e47dbd40 0 1 0 0 1 3 3 35974 752
0x00007aca20049dc0 0x00000008e47dbdc0 0 1 0 0 1 3 3 35974 760
0x00007aca20049e40 0x00000008e47dbe40 0 0 1 0 1 3 3 35974 752
0x00007aca20049ec0 0x00000008e47dbec0 0 0 1 0 1 3 3 35974 760
0x00007aca20049f40 0x00000008e47dbf40 0 1 1 0 1 3 3 35974 752
0x00007aca20049fc0 0x00000008e47dbfc0 0 1 1 0 1 3 3 35974 760
0x00007aca2004f040 0x0000000714754040 0 0 0 0 0 3 3 25234 768
0x00007aca2004f0c0 0x00000007147540c0 0 0 0 0 0 3 3 25234 776
0x00007aca2004f140 0x0000000714754140 0 1 0 0 0 3 3 25234 768
0x00007aca2004f1c0 0x00000007147541c0 0 1 0 0 0 3 3 25234 776
0x00007aca2004f240 0x0000000714754240 0 0 1 0 0 3 3 25234 768
0x00007aca2004f2c0 0x00000007147542c0 0 0 1 0 0 3 3 25234 776
0x00007aca2004f340 0x0000000714754340 0 1 1 0 0 3 3 25234 768
0x00007aca2004f3c0 0x00000007147543c0 0 1 1 0 0 3 3 25234 776
0x00007aca2004f440 0x0000000714754440 0 0 0 0 0 3 3 25234 784
0x00007aca2004f4c0 0x00000007147544c0 0 0 0 0 0 3 3 25234 792
0x00007aca2004f540 0x0000000714754540 0 1 0 0 0 3 3 25234 784
0x00007aca2004f5c0 0x00000007147545c0 0 1 0 0 0 3 3 25234 792
0x00007aca2004f640 0x0000000714754640 0 0 1 0 0 3 3 25234 784
0x00007aca2004f6c0 0x00000007147546c0 0 0 1 0 0 3 3 25234 792
0x00007aca2004f740 0x0000000714754740 0 1 1 0 0 3 3 25234 784
0x00007aca2004f7c0 0x00000007147547c0 0 1 1 0 0 3 3 25234 792
0x00007aca2004f840 0x0000000714754840 0 0 0 0 0 3 3 25234 800
0x00007aca2004f8c0 0x00000007147548c0 0 0 0 0 0 3 3 25234 808
0x00007aca2004f940 0x0000000714754940 0 1 0 0 0 3 3 25234 800
0x00007aca2004f9c0 0x00000007147549c0 0 1 0 0 0 3 3 25234 808
0x00007aca2004fa40 0x0000000714754a40 0 0 1 0 0 3 3 25234 800
0x00007aca2004fac0 0x0000000714754ac0 0 0 1 0 0 3 3 25234 808
0x00007aca2004fb40 0x0000000714754b40 0 1 1 0 0 3 3 25234 800
0x00007aca2004fbc0 0x0000000714754bc0 0 1 1 0 0 3 3 25234 808
0x00007aca2004fc40 0x0000000714754c40 0 0 0 0 0 3 3 25234 816
0x00007aca2004fcc0 0x0000000714754cc0 0 0 0 0 0 3 3 25234 824
0x00007aca2004fd40 0x0000000714754d40 0 1 0 0 0 3 3 25234 816
0x00007aca2004fdc0 0x0000000714754dc0 0 1 0 0 0 3 3 25234 824
0x00007aca2004fe40 0x0000000714754e40 0 0 1 0 0 3 3 25234 816
0x00007aca2004fec0 0x0000000714754ec0 0 0 1 0 0 3 3 25234 824
0x00007aca2004ff40 0x0000000714754f40 0 1 1 0 0 3 3 25234 816
0x00007aca2004ffc0 0x0000000714754fc0 0 1 1 0 0 3 3 25234 824
0x00007aca20056040 0x0000000ab77d4040 0 0 0 0 0 3 3 42726 768
0x00007aca200560c0 0x0000000ab77d40c0 0 0 0 0 0 3 3 42726 776
0x00007aca20056140 0x0000000ab77d4140 0 1 0 0 0 3 3 42726 768
0x00007aca200561c0 0x0000000ab77d41c0 0 1 0 0 0 3 3 42726 776
0x00007aca20056240 0x0000000ab77d4240 0 0 1 0 0 3 3 42726 768
0x00007aca200562c0 0x0000000ab77d42c0 0 0 1 0 0 3 3 42726 776
0x00007aca20056340 0x0000000ab77d4340 0 1 1 0 0 3 3 42726 768
0x00007aca200563c0 0x0000000ab77d43c0 0 1 1 0 0 3 3 42726 776
0x00007aca20056440 0x0000000ab77d4440 0 0 0 0 0 3 3 42726 784
0x00007aca200564c0 0x0000000ab77d44c0 0 0 0 0 0 3 3 42726 792
0x00007aca20056540 0x0000000ab77d4540 0 1 0 0 0 3 3 42726 784
0x00007aca200565c0 0x0000000ab77d45c0 0 1 0 0 0 3 3 42726 792
0x00007aca20056640 0x0000000ab77d4640 0 0 1 0 0 3 3 42726 784
0x00007aca200566c0 0x0000000ab77d46c0 0 0 1 0 0 3 3 42726 792
0x00007aca20056740 0x0000000ab77d4740 0 1 1 0 0 3 3 42726 784
0x00007aca200567c0 0x0000000ab77d47c0 0 1 1 0 0 3 3 42726 792
0x00007aca20056840 0x0000000ab77d4840 0 0 0 0 0 3 3 42726 800
0x00007aca200568c0 0x0000000ab77d48c0 0 0 0 0 0 3 3 42726 808
0x00007aca20056940 0x0000000ab77d4940 0 1 0 0 0 3 3 42726 800
0x00007aca200569c0 0x0000000ab77d49c0 0 1 0 0 0 3 3 42726 808
0x00007aca20056a40 0x0000000ab77d4a40 0 0 1 0 0 3 3 42726 800
0x00007aca20056ac0 0x0000000ab77d4ac0 0 0 1 0 0 3 3 42726 808
0x00007aca20056b40 0x0000000ab77d4b40 0 1 1 0 0 3 3 42726 800
0x00007aca20056bc0 0x0000000ab77d4bc0 0 1 1 0 0 3 3 42726 808
0x00007aca20056c40 0x0000000ab77d4c40 0 0 0 0 0 3 3 42726 816
0x00007aca20056cc0 0x0000000ab77d4cc0 0 0 0 0 0 3 3 42726 824
0x00007aca20056d40 0x0000000ab77d4d40 0 1 0 0 0 3 3 42726 816
0x00007aca20056dc0 0x0000000ab77d4dc0 0 1 0 0 0 3 3 42726 824
0x00007aca20056e40 0x0000000ab77d4e40 0 0 1 0 0 3 3 42726 816
0x00007aca20056ec0 0x0000000ab77d4ec0 0 0 1 0 0 3 3 42726 824
0x00007aca20056f40 0x0000000ab77d4f40 0 1 1 0 0 3 3 42726 816
0x00007aca20056fc0 0x0000000ab77d4fc0 0 1 1 0 0 3 3 42726 824
0x00007aca20057040 0x0000000234f76040 0 0 0 0 0 3 3 5787 896
0x00007aca200570c0 0x0000000234f760c0 0 0 0 0 0 3 3 5787 904
0x00007aca20057140 0x0000000234f76140 0 1 0 0 0 3 3 5787 896
0x00007aca200571c0 0x0000000234f761c0 0 1 0 0 0 3 3 5787 904
0x00007aca20057240 0x0000000234f76240 0 0 1 0 0 3 3 5787 896
0x00007aca200572c0 0x0000000234f762c0 0 0 1 0 0 3 3 5787 904
0x00007aca20057340 0x0000000234f76340 0 1 1 0 0 3 3 5787 896
0x00007aca200573c0 0x0000000234f763c0 0 1 1 0 0 3 3 5787 904
0x00007aca20057440 0x0000000234f76440 0 0 0 0 0 3 3 5787 912
0x00007aca200574c0 0x0000000234f764c0 0 0 0 0 0 3 3 5787 920
0x00007aca20057540 0x0000000234f76540 0 1 0 0 0 3 3 5787 912
0x00007aca200575c0 0x0000000234f765c0 0 1 0 0 0 3 3 5787 920
0x00007aca20057640 0x0000000234f76640 0 0 1 0 0 3 3 5787 912
0x00007aca200576c0 0x0000000234f766c0 0 0 1 0 0 3 3 5787 920
0x00007aca20057740 0x0000000234f76740 0 1 1 0 0 3 3 5787 912
0x00007aca200577c0 0x0000000234f767c0 0 1 1 0 0 3 3 5787 920
0x00007aca20057840 0x0000000234f76840 0 0 0 0 0 3 3 5787 928
0x00007aca200578c0 0x0000000234f768c0 0 0 0 0 0 3 3 5787 936
0x00007aca20057940 0x0000000234f76940 0 1 0 0 0 3 3 5787 928
0x00007aca200579c0 0x0000000234f769c0 0 1 0 0 0 3 3 5787 936
0x00007aca20057a40 0x0000000234f76a40 0 0 1 0 0 3 3 5787 928
0x00007aca20057ac0 0x0000000234f76ac0 0 0 1 0 0 3 3 5787 936
0x00007aca20057b40 0x0000000234f76b40 0 1 1 0 0 3 3 5787 928
0x00007aca20057bc0 0x0000000234f76bc0 0 1 1 0 0 3 3 5787 936
0x00007aca20057c40 0x0000000234f76c40 0 0 0 0 0 3 3 5787 944
0x00007aca20057cc0 0x0000000234f76cc0 0 0 0 0 0 3 3 5787 952
0x00007aca20057d40 0x0000000234f76d40 0 1 0 0 0 3 3 5787 944
0x00007aca20057dc0 0x0000000234f76dc0 0 1 0 0 0 3 3 5787 952
0x00007aca20057e40 0x0000000234f76e40 0 0 1 0 0 3 3 5787 944
0x00007aca20057ec0 0x0000000234f76ec0 0 0 1 0 0 3 3 5787 952
0x00007aca20057f40 0x0000000234f76f40 0 1 1 0 0 3 3 5787 944
0x00007aca20057fc0 0x0000000234f76fc0 0 1 1 0 0 3 3 5787 952
0x00007aca20061040 0x00000003a1f99040 0 0 0 0 1 3 3 13356 576
0x00007aca200610c0 0x00000003a1f990c0 0 0 0 0 1 3 3 13356 584
0x00007aca20061140 0x00000003a1f99140 0 1 0 0 1 3 3 13356 576
0x00007aca200611c0 0x00000003a1f991c0 0 1 0 0 1 3 3 13356 584
0x00007aca20061240 0x00000003a1f99240 0 0 1 0 1 3 3 13356 576
0x00007aca200612c0 0x00000003a1f992c0 0 0 1 0 1 3 3 13356 584
0x00007aca20061340 0x00000003a1f99340 0 1 1 0 1 3 3 13356 576
0x00007aca200613c0 0x00000003a1f993c0 0 1 1 0 1 3 3 13356 584
0x00007aca20061440 0x00000003a1f99440 0 0 0 0 1 3 3 13356 592
0x00007aca200614c0 0x00000003a1f994c0 0 0 0 0 1 3 3 13356 600
0x00007aca20061540 0x00000003a1f99540 0 1 0 0 1 3 3 13356 592
0x00007aca200615c0 0x00000003a1f995c0 0 1 0 0 1 3 3 13356 600
0x00007aca20061640 0x00000003a1f99640 0 0 1 0 1 3 3 13356 592
0x00007aca200616c0 0x00000003a1f996c0 0 0 1 0 1 3 3 13356 600
0x00007aca20061740 0x00000003a1f99740 0 1 1 0 1 3 3 13356 592
0x00007aca200617c0 0x00000003a1f997c0 0 1 1 0 1 3 3 13356 600
0x00007aca20061840 0x00000003a1f99840 0 0 0 0 1 3 3 13356 608
0x00007aca200618c0 0x00000003a1f998c0 0 0 0 0 1 3 3 13356 616
0x00007aca20061940 0x00000003a1f99940 0 1 0 0 1 3 3 13356 608
0x00007aca200619c0 0x00000003a1f999c0 0 1 0 0 1 3 3 13356 616
0x00007aca20061a40 0x00000003a1f99a40 0 0 1 0 1 3 3 13356 608
0x00007aca20061ac0 0x00000003a1f99ac0 0 0 1 0 1 3 3 13356 616
0x00007aca20061b40 0x00000003a1f99b40 0 1 1 0 1 3 3 13356 608
0x00007aca20061bc0 0x00000003a1f99bc0 0 1 1 0 1 3 3 13356 616
0x00007aca20061c40 0x00000003a1f99c40 0 0 0 0 1 3 3 13356 624
0x00007aca20061cc0 0x00000003a1f99cc0 0 0 0 0 1 3 3 13356 632
0x00007aca20061d40 0x00000003a1f99d40 0 1 0 0 1 3 3 13356 624
0x00007aca20061dc0 0x00000003a1f99dc0 0 1 0 0 1 3 3 13356 632
0x00007aca20061e40 0x00000003a1f99e40 0 0 1 0 1 3 3 13356 624
0x00007aca20061ec0 0x00000003a1f99ec0 0 0 1 0 1 3 3 13356 632
0x00007aca20061f40 0x00000003a1f99f40 0 1 1 0 1 3 3 13356 624
0x00007aca20061fc0 0x00000003a1f99fc0 0 1 1 0 1 3 3 13356 632
0x00007aca20065040 0x0000000daffff040 0 0 0 0 1 3 3 54767 960
0x00007aca200650c0 0x0000000daffff0c0 0 0 0 0 1 3 3 54767 968
0x00007aca20065140 0x0000000daffff140 0 1 0 0 1 3 3 54767 960
0x00007aca200651c0 0x0000000daffff1c0 0 1 0 0 1 3 3 54767 968
0x00007aca20065240 0x0000000daffff240 0 0 1 0 1 3 3 54767 960
0x00007aca200652c0 0x0000000daffff2c0 0 0 1 0 1 3 3 54767 968
0x00007aca20065340 0x0000000daffff340 0 1 1 0 1 3 3 54767 960
0x00007aca200653c0 0x0000000daffff3c0 0 1 1 0 1 3 3 54767 968
0x00007aca20065440 0x0000000daffff440 0 0 0 0 1 3 3 54767 976
0x00007aca200654c0 0x0000000daffff4c0 0 0 0 0 1 3 3 54767 984
0x00007aca20065540 0x0000000daffff540 0 1 0 0 1 3 3 54767 976
0x00007aca200655c0 0x0000000daffff5c0 0 1 0 0 1 3 3 54767 984
0x00007aca20065640 0x0000000daffff640 0 0 1 0 1 3 3 54767 976
0x00007aca200656c0 0x0000000daffff6c0 0 0 1 0 1 3 3 54767 984
0x00007aca20065740 0x0000000daffff740 0 1 1 0 1 3 3 54767 976
0x00007aca200657c0 0x0000000daffff7c0 0 1 1 0 1 3 3 54767 984
0x00007aca20065840 0x0000000daffff840 0 0 0 0 1 3 3 54767 992
0x00007aca200658c0 0x0000000daffff8c0 0 0 0 0 1 3 3 54767 1000
0x00007aca20065940 0x0000000daffff940 0 1 0 0 1 3 3 54767 992
0x00007aca200659c0 0x0000000daffff9c0 0 1 0 0 1 3 3 54767 1000
0x00007aca20065a40 0x0000000daffffa40 0 0 1 0 1 3 3 54767 992
0x00007aca20065ac0 0x0000000daffffac0 0 0 1 0 1 3 3 54767 1000
0x00007aca20065b40 0x0000000daffffb40 0 1 1 0 1 3 3 54767 992
0x00007aca20065bc0 0x0000000daffffbc0 0 1 1 0 1 3 3 54767 1000
0x00007aca20065c40 0x0000000daffffc40 0 0 0 0 1 3 3 54767 1008
0x00007aca20065cc0 0x0000000daffffcc0 0 0 0 0 1 3 3 54767 1016
0x00007aca20065d40 0x0000000daffffd40 0 1 0 0 1 3 3 54767 1008
0x00007aca20065dc0 0x0000000daffffdc0 0 1 0 0 1 3 3 54767 1016
0x00007aca20065e40 0x0000000daffffe40 0 0 1 0 1 3 3 54767 1008
0x00007aca20065ec0 0x0000000daffffec0 0 0 1 0 1 3 3 54767 1016
0x00007aca20065f40 0x0000000dafffff40 0 1 1 0 1 3 3 54767 1008
0x00007aca20065fc0 0x0000000dafffffc0 0 1 1 0 1 3 3 54767 1016
0x00007aca2006a040 0x00000007b4ffd040 0 0 0 0 1 3 3 30351 832
0x00007aca2006a0c0 0x00000007b4ffd0c0 0 0 0 0 1 3 3 30351 840
0x00007aca2006a140 0x00000007b4ffd140 0 1 0 0 1 3 3 30351 832
0x00007aca2006a1c0 0x00000007b4ffd1c0 0 1 0 0 1 3 3 30351 840
0x00007aca2006a240 0x00000007b4ffd240 0 0 1 0 1 3 3 30351 832
0x00007aca2006a2c0 0x00000007b4ffd2c0 0 0 1 0 1 3 3 30351 840
0x00007aca2006a340 0x00000007b4ffd340 0 1 1 0 1 3 3 30351 832
0x00007aca2006a3c0 0x00000007b4ffd3c0 0 1 1 0 1 3 3 30351 840
0x00007aca2006a440 0x00000007b4ffd440 0 0 0 0 1 3 3 30351 848
0x00007aca2006a4c0 0x00000007b4ffd4c0 0 0 0 0 1 3 3 30351 856
0x00007aca2006a540 0x00000007b4ffd540 0 1 0 0 1 3 3 30351 848
0x00007aca2006a5c0 0x00000007b4ffd5c0 0 1 0 0 1 3 3 30351 856
0x00007aca2006a640 0x00000007b4ffd640 0 0 1 0 1 3 3 30351 848
0x00007aca2006a6c0 0x00000007b4ffd6c0 0 0 1 0 1 3 3 30351 856
0x00007aca2006a740 0x00000007b4ffd740 0 1 1 0 1 3 3 30351 848
0x00007aca2006a7c0 0x00000007b4ffd7c0 0 1 1 0 1 3 3 30351 856
0x00007aca2006a840 0x00000007b4ffd840 0 0 0 0 1 3 3 30351 864
0x00007aca2006a8c0 0x00000007b4ffd8c0 0 0 0 0 1 3 3 30351 872
0x00007aca2006a940 0x00000007b4ffd940 0 1 0 0 1 3 3 30351 864
0x00007aca2006a9c0 0x00000007b4ffd9c0 0 1 0 0 1 3 3 30351 872
0x00007aca2006aa40 0x00000007b4ffda40 0 0 1 0 1 3 3 30351 864
0x00007aca2006aac0 0x00000007b4ffdac0 0 0 1 0 1 3 3 30351 872
0x00007aca2006ab40 0x00000007b4ffdb40 0 1 1 0 1 3 3 30351 864
0x00007aca2006abc0 0x00000007b4ffdbc0 0 1 1 0 1 3 3 30351 872
0x00007aca2006ac40 0x00000007b4ffdc40 0 0 0 0 1 3 3 30351 880
0x00007aca2006acc0 0x00000007b4ffdcc0 0 0 0 0 1 3 3 30351 888
0x00007aca2006ad40 0x00000007b4ffdd40 0 1 0 0 1 3 3 30351 880
0x00007aca2006adc0 0x00000007b4ffddc0 0 1 0 0 1 3 3 30351 888
0x00007aca2006ae40 0x00000007b4ffde40 0 0 1 0 1 3 3 30351 880
0x00007aca2006aec0 0x00000007b4ffdec0 0 0 1 0 1 3 3 30351 888
0x00007aca2006af40 0x00000007b4ffdf40 0 1 1 0 1 3 3 30351 880
0x00007aca2006afc0 0x00000007b4ffdfc0 0 1 1 0 1 3 3 30351 888
0x00007aca2006d040 0x0000000ec4776040 0 0 0 0 0 3 3 59523 896
0x00007aca2006d0c0 0x0000000ec47760c0 0 0 0 0 0 3 3 59523 904
0x00007aca2006d140 0x0000000ec4776140 0 1 0 0 0 3 3 59523 896
0x00007aca2006d1c0 0x0000000ec47761c0 0 1 0 0 0 3 3 59523 904
0x00007aca2006d240 0x0000000ec4776240 0 0 1 0 0 3 3 59523 896
0x00007aca2006d2c0 0x0000000ec47762c0 0 0 1 0 0 3 3 59523 904
0x00007aca2006d340 0x0000000ec4776340 0 1 1 0 0 3 3 59523 896
0x00007aca2006d3c0 0x0000000ec47763c0 0 1 1 0 0 3 3 59523 904
0x00007aca2006d440 0x0000000ec4776440 0 0 0 0 0 3 3 59523 912
0x00007aca2006d4c0 0x0000000ec47764c0 0 0 0 0 0 3 3 59523 920
0x00007aca2006d540 0x0000000ec4776540 0 1 0 0 0 3 3 59523 912
0x00007aca2006d5c0 0x0000000ec47765c0 0 1 0 0 0 3 3 59523 920
0x00007aca2006d640 0x0000000ec4776640 0 0 1 0 0 3 3 59523 912
0x00007aca2006d6c0 0x0000000ec47766c0 0 0 1 0 0 3 3 59523 920
0x00007aca2006d740 0x0000000ec4776740 0 1 1 0 0 3 3 59523 912
0x00007aca2006d7c0 0x0000000ec47767c0 0 1 1 0 0 3 3 59523 920
0x00007aca2006d840 0x0000000ec4776840 0 0 0 0 0 3 3 59523 928
0x00007aca2006d8c0 0x0000000ec47768c0 0 0 0 0 0 3 3 59523 936
0x00007aca2006d940 0x0000000ec4776940 0 1 0 0 0 3 3 59523 928
0x00007aca2006d9c0 0x0000000ec47769c0 0 1 0 0 0 3 3 59523 936
0x00007aca2006da40 0x0000000ec4776a40 0 0 1 0 0 3 3 59523 928
0x00007aca2006dac0 0x0000000ec4776ac0 0 0 1 0 0 3 3 59523 936
0x00007aca2006db40 0x0000000ec4776b40 0 1 1 0 0 3 3 59523 928
0x00007aca2006dbc0 0x0000000ec4776bc0 0 1 1 0 0 3 3 59523 936
0x00007aca2006dc40 0x0000000ec4776c40 0 0 0 0 0 3 3 59523 944
0x00007aca2006dcc0 0x0000000ec4776cc0 0 0 0 0 0 3 3 59523 952
0x00007aca2006dd40 0x0000000ec4776d40 0 1 0 0 0 3 3 59523 944
0x00007aca2006ddc0 0x0000000ec4776dc0 0 1 0 0 0 3 3 59523 952
0x00007aca2006de40 0x0000000ec4776e40 0 0 1 0 0 3 3 59523 944
0x00007aca2006dec0 0x0000000ec4776ec0 0 0 1 0 0 3 3 59523 952
0x00007aca2006df40 0x0000000ec4776f40 0 1 1 0 0 3 3 59523 944
0x00007aca2006dfc0 0x0000000ec4776fc0 0 1 1 0 0 3 3 59523 952
0x00007aca2006e040 0x0000000805704040 0 0 0 0 0 3 3 28848 256
0x00007aca2006e0c0 0x00000008057040c0 0 0 0 0 0 3 3 28848 264
0x00007aca2006e140 0x0000000805704140 0 1 0 0 0 3 3 28848 256
0x00007aca2006e1c0 0x00000008057041c0 0 1 0 0 0 3 3 28848 264
0x00007aca2006e240 0x0000000805704240 0 0 1 0 0 3 3 28848 256
0x00007aca2006e2c0 0x00000008057042c0 0 0 1 0 0 3 3 28848 264
0x00007aca2006e340 0x0000000805704340 0 1 1 0 0 3 3 28848 256
0x00007aca2006e3c0 0x00000008057043c0 0 1 1 0 0 3 3 28848 264
0x00007aca2006e440 0x0000000805704440 0 0 0 0 0 3 3 28848 272
0x00007aca2006e4c0 0x00000008057044c0 0 0 0 0 0 3 3 28848 280
0x00007aca2006e540 0x0000000805704540 0 1 0 0 0 3 3 28848 272
0x00007aca2006e5c0 0x00000008057045c0 0 1 0 0 0 3 3 28848 280
0x00007aca2006e640 0x0000000805704640 0 0 1 0 0 3 3 28848 272
0x00007aca2006e6c0 0x00000008057046c0 0 0 1 0 0 3 3 28848 280
0x00007aca2006e740 0x0000000805704740 0 1 1 0 0 3 3 28848 272
0x00007aca2006e7c0 0x00000008057047c0 0 1 1 0 0 3 3 28848 280
0x00007aca2006e840 0x0000000805704840 0 0 0 0 0 3 3 28848 288
0x00007aca2006e8c0 0x00000008057048c0 0 0 0 0 0 3 3 28848 296
0x00007aca2006e940 0x0000000805704940 0 1 0 0 0 3 3 28848 288
0x00007aca2006e9c0 0x00000008057049c0 0 1 0 0 0 3 3 28848 296
0x00007aca2006ea40 0x0000000805704a40 0 0 1 0 0 3 3 28848 288
0x00007aca2006eac0 0x0000000805704ac0 0 0 1 0 0 3 3 28848 296
0x00007aca2006eb40 0x0000000805704b40 0 1 1 0 0 3 3 28848 288
0x00007aca2006ebc0 0x0000000805704bc0 0 1 1 0 0 3 3 28848 296
0x00007aca2006ec40 0x0000000805704c40 0 0 0 0 0 3 3 28848 304
0x00007aca2006ecc0 0x0000000805704cc0 0 0 0 0 0 3 3 28848 312
0x00007aca2006ed40 0x0000000805704d40 0 1 0 0 0 3 3 28848 304
0x00007aca2006edc0 0x0000000805704dc0 0 1 0 0 0 3 3 28848 312
0x00007aca2006ee40 0x0000000805704e40 0 0 1 0 0 3 3 28848 304
0x00007aca2006eec0 0x0000000805704ec0 0 0 1 0 0 3 3 28848 312
0x00007aca2006ef40 0x0000000805704f40 0 1 1 0 0 3 3 28848 304
0x00007aca2006efc0 0x0000000805704fc0 0 1 1 0 0 3 3 28848 312
0x00007aca20070040 0x0000000dafffd040 0 0 0 0 1 3 3 54767 832
0x00007aca200700c0 0x0000000dafffd0c0 0 0 0 0 1 3 3 54767 840
0x00007aca20070140 0x0000000dafffd140 0 1 0 0 1 3 3 54767 832
0x00007aca200701c0 0x0000000dafffd1c0 0 1 0 0 1 3 3 54767 840
0x00007aca20070240 0x0000000dafffd240 0 0 1 0 1 3 3 54767 832
0x00007aca200702c0 0x0000000dafffd2c0 0 0 1 0 1 3 3 54767 840
0x00007aca20070340 0x0000000dafffd340 0 1 1 0 1 3 3 54767 832
0x00007aca200703c0 0x0000000dafffd3c0 0 1 1 0 1 3 3 54767 840
0x00007aca20070440 0x0000000dafffd440 0 0 0 0 1 3 3 54767 848
0x00007aca200704c0 0x0000000dafffd4c0 0 0 0 0 1 3 3 54767 856
0x00007aca20070540 0x0000000dafffd540 0 1 0 0 1 3 3 54767 848
0x00007aca200705c0 0x0000000dafffd5c0 0 1 0 0 1 3 3 54767 856
0x00007aca20070640 0x0000000dafffd640 0 0 1 0 1 3 3 54767 848
0x00007aca200706c0 0x0000000dafffd6c0 0 0 1 0 1 3 3 54767 856
0x00007aca20070740 0x0000000dafffd740 0 1 1 0 1 3 3 54767 848
0x00007aca200707c0 0x0000000dafffd7c0 0 1 1 0 1 3 3 54767 856
0x00007aca20070840 0x0000000dafffd840 0 0 0 0 1 3 3 54767 864
0x00007aca200708c0 0x0000000dafffd8c0 0 0 0 0 1 3 3 54767 872
0x00007aca20070940 0x0000000dafffd940 0 1 0 0 1 3 3 54767 864
0x00007aca200709c0 0x0000000dafffd9c0 0 1 0 0 1 3 3 54767 872
0x00007aca20070a40 0x0000000dafffda40 0 0 1 0 1 3 3 54767 864
0x00007aca20070ac0 0x0000000dafffdac0 0 0 1 0 1 3 3 54767 872
0x00007aca20070b40 0x0000000dafffdb40 0 1 1 0 1 3 3 54767 864
0x00007aca20070bc0 0x0000000dafffdbc0 0 1 1 0 1 3 3 54767 872
0x00007aca20070c40 0x0000000dafffdc40 0 0 0 0 1 3 3 54767 880
0x00007aca20070cc0 0x0000000dafffdcc0 0 0 0 0 1 3 3 54767 888
0x00007aca20070d40 0x0000000dafffdd40 0 1 0 0 1 3 3 54767 880
0x00007aca20070dc0 0x0000000dafffddc0 0 1 0 0 1 3 3 54767 888
0x00007aca20070e40 0x0000000dafffde40 0 0 1 0 1 3 3 54767 880
0x00007aca20070ec0 0x0000000dafffdec0 0 0 1 0 1 3 3 54767 888
0x00007aca20070f40 0x0000000dafffdf40 0 1 1 0 1 3 3 54767 880
0x00007aca20070fc0 0x0000000dafffdfc0 0 1 1 0 1 3 3 54767 888
0x00007aca20087040 0x0000000df07ec040 0 0 0 0 1 3 3 56839 256
0x00007aca200870c0 0x0000000df07ec0c0 0 0 0 0 1 3 3 56839 264
0x00007aca20087140 0x0000000df07ec140 0 1 0 0 1 3 3 56839 256
0x00007aca200871c0 0x0000000df07ec1c0 0 1 0 0 1 3 3 56839 264
0x00007aca20087240 0x0000000df07ec240 0 0 1 0 1 3 3 56839 256
0x00007aca200872c0 0x0000000df07ec2c0 0 0 1 0 1 3 3 56839 264
0x00007aca20087340 0x0000000df07ec340 0 1 1 0 1 3 3 56839 256
0x00007aca200873c0 0x0000000df07ec3c0 0 1 1 0 1 3 3 56839 264
0x00007aca20087440 0x0000000df07ec440 0 0 0 0 1 3 3 56839 272
0x00007aca200874c0 0x0000000df07ec4c0 0 0 0 0 1 3 3 56839 280
0x00007aca20087540 0x0000000df07ec540 0 1 0 0 1 3 3 56839 272
0x00007aca200875c0 0x0000000df07ec5c0 0 1 0 0 1 3 3 56839 280
0x00007aca20087640 0x0000000df07ec640 0 0 1 0 1 3 3 56839 272
0x00007aca200876c0 0x0000000df07ec6c0 0 0 1 0 1 3 3 56839 280
0x00007aca20087740 0x0000000df07ec740 0 1 1 0 1 3 3 56839 272
0x00007aca200877c0 0x0000000df07ec7c0 0 1 1 0 1 3 3 56839 280
0x00007aca20087840 0x0000000df07ec840 0 0 0 0 1 3 3 56839 288
0x00007aca200878c0 0x0000000df07ec8c0 0 0 0 0 1 3 3 56839 296
0x00007aca20087940 0x0000000df07ec940 0 1 0 0 1 3 3 56839 288
0x00007aca200879c0 0x0000000df07ec9c0 0 1 0 0 1 3 3 56839 296
0x00007aca20087a40 0x0000000df07eca40 0 0 1 0 1 3 3 56839 288
0x00007aca20087ac0 0x0000000df07ecac0 0 0 1 0 1 3 3 56839 296
0x00007aca20087b40 0x0000000df07ecb40 0 1 1 0 1 3 3 56839 288
0x00007aca20087bc0 0x0000000df07ecbc0 0 1 1 0 1 3 3 56839 296
0x00007aca20087c40 0x0000000df07ecc40 0 0 0 0 1 3 3 56839 304
0x00007aca20087cc0 0x0000000df07eccc0 0 0 0 0 1 3 3 56839 312
0x00007aca20087d40 0x0000000df07ecd40 0 1 0 0 1 3 3 56839 304
0x00007aca20087dc0 0x0000000df07ecdc0 0 1 0 0 1 3 3 56839 312
0x00007aca20087e40 0x0000000df07ece40 0 0 1 0 1 3 3 56839 304
0x00007aca20087ec0 0x0000000df07ecec0 0 0 1 0 1 3 3 56839 312
0x00007aca20087f40 0x0000000df07ecf40 0 1 1 0 1 3 3 56839 304
0x00007aca20087fc0 0x0000000df07ecfc0 0 1 1 0 1 3 3 56839 312
0x00007aca2008b040 0x0000000e3e71f040 0 0 0 0 1 3 3 55248 960
0x00007aca2008b0c0 0x0000000e3e71f0c0 0 0 0 0 1 3 3 55248 968
0x00007aca2008b140 0x0000000e3e71f140 0 1 0 0 1 3 3 55248 960
0x00007aca2008b1c0 0x0000000e3e71f1c0 0 1 0 0 1 3 3 55248 968
0x00007aca2008b240 0x0000000e3e71f240 0 0 1 0 1 3 3 55248 960
0x00007aca2008b2c0 0x0000000e3e71f2c0 0 0 1 0 1 3 3 55248 968
0x00007aca2008b340 0x0000000e3e71f340 0 1 1 0 1 3 3 55248 960
0x00007aca2008b3c0 0x0000000e3e71f3c0 0 1 1 0 1 3 3 55248 968
0x00007aca2008b440 0x0000000e3e71f440 0 0 0 0 1 3 3 55248 976
0x00007aca2008b4c0 0x0000000e3e71f4c0 0 0 0 0 1 3 3 55248 984
0x00007aca2008b540 0x0000000e3e71f540 0 1 0 0 1 3 3 55248 976
0x00007aca2008b5c0 0x0000000e3e71f5c0 0 1 0 0 1 3 3 55248 984
0x00007aca2008b640 0x0000000e3e71f640 0 0 1 0 1 3 3 55248 976
0x00007aca2008b6c0 0x0000000e3e71f6c0 0 0 1 0 1 3 3 55248 984
0x00007aca2008b740 0x0000000e3e71f740 0 1 1 0 1 3 3 55248 976
0x00007aca2008b7c0 0x0000000e3e71f7c0 0 1 1 0 1 3 3 55248 984
0x00007aca2008b840 0x0000000e3e71f840 0 0 0 0 1 3 3 55248 992
0x00007aca2008b8c0 0x0000000e3e71f8c0 0 0 0 0 1 3 3 55248 1000
0x00007aca2008b940 0x0000000e3e71f940 0 1 0 0 1 3 3 55248 992
0x00007aca2008b9c0 0x0000000e3e71f9c0 0 1 0 0 1 3 3 55248 1000
0x00007aca2008ba40 0x0000000e3e71fa40 0 0 1 0 1 3 3 55248 992
0x00007aca2008bac0 0x0000000e3e71fac0 0 0 1 0 1 3 3 55248 1000
0x00007aca2008bb40 0x0000000e3e71fb40 0 1 1 0 1 3 3 55248 992
0x00007aca2008bbc0 0x0000000e3e71fbc0 0 1 1 0 1 3 3 55248 1000
0x00007aca2008bc40 0x0000000e3e71fc40 0 0 0 0 1 3 3 55248 1008
0x00007aca2008bcc0 0x0000000e3e71fcc0 0 0 0 0 1 3 3 55248 1016
0x00007aca2008bd40 0x0000000e3e71fd40 0 1 0 0 1 3 3 55248 1008
0x00007aca2008bdc0 0x0000000e3e71fdc0 0 1 0 0 1 3 3 55248 1016
0x00007aca2008be40 0x0000000e3e71fe40 0 0 1 0 1 3 3 55248 1008
0x00007aca2008bec0 0x0000000e3e71fec0 0 0 1 0 1 3 3 55248 1016
0x00007aca2008bf40 0x0000000e3e71ff40 0 1 1 0 1 3 3 55248 1008
0x00007aca2008bfc0 0x0000000e3e71ffc0 0 1 1 0 1 3 3 55248 1016
0x00007aca2008c040 0x0000000e70fd2040 0 0 0 0 0 3 3 56862 640
0x00007aca2008c0c0 0x0000000e70fd20c0 0 0 0 0 0 3 3 56862 648
0x00007aca2008c140 0x0000000e70fd2140 0 1 0 0 0 3 3 56862 640
0x00007aca2008c1c0 0x0000000e70fd21c0 0 1 0 0 0 3 3 56862 648
0x00007aca2008c240 0x0000000e70fd2240 0 0 1 0 0 3 3 56862 640
0x00007aca2008c2c0 0x0000000e70fd22c0 0 0 1 0 0 3 3 56862 648
0x00007aca2008c340 0x0000000e70fd2340 0 1 1 0 0 3 3 56862 640
0x00007aca2008c3c0 0x0000000e70fd23c0 0 1 1 0 0 3 3 56862 648
0x00007aca2008c440 0x0000000e70fd2440 0 0 0 0 0 3 3 56862 656
0x00007aca2008c4c0 0x0000000e70fd24c0 0 0 0 0 0 3 3 56862 664
0x00007aca2008c540 0x0000000e70fd2540 0 1 0 0 0 3 3 56862 656
0x00007aca2008c5c0 0x0000000e70fd25c0 0 1 0 0 0 3 3 56862 664
0x00007aca2008c640 0x0000000e70fd2640 0 0 1 0 0 3 3 56862 656
0x00007aca2008c6c0 0x0000000e70fd26c0 0 0 1 0 0 3 3 56862 664
0x00007aca2008c740 0x0000000e70fd2740 0 1 1 0 0 3 3 56862 656
0x00007aca2008c7c0 0x0000000e70fd27c0 0 1 1 0 0 3 3 56862 664
0x00007aca2008c840 0x0000000e70fd2840 0 0 0 0 0 3 3 56862 672
0x00007aca2008c8c0 0x0000000e70fd28c0 0 0 0 0 0 3 3 56862 680
0x00007aca2008c940 0x0000000e70fd2940 0 1 0 0 0 3 3 56862 672
0x00007aca2008c9c0 0x0000000e70fd29c0 0 1 0 0 0 3 3 56862 680
0x00007aca2008ca40 0x0000000e70fd2a40 0 0 1 0 0 3 3 56862 672
0x00007aca2008cac0 0x0000000e70fd2ac0 0 0 1 0 0 3 3 56862 680
0x00007aca2008cb40 0x0000000e70fd2b40 0 1 1 0 0 3 3 56862 672
0x00007aca2008cbc0 0x0000000e70fd2bc0 0 1 1 0 0 3 3 56862 680
0x00007aca2008cc40 0x0000000e70fd2c40 0 0 0 0 0 3 3 56862 688
0x00007aca2008ccc0 0x0000000e70fd2cc0 0 0 0 0 0 3 3 56862 696
0x00007aca2008cd40 0x0000000e70fd2d40 0 1 0 0 0 3 3 56862 688
0x00007aca2008cdc0 0x0000000e70fd2dc0 0 1 0 0 0 3 3 56862 696
0x00007aca2008ce40 0x0000000e70fd2e40 0 0 1 0 0 3 3 56862 688
0x00007aca2008cec0 0x0000000e70fd2ec0 0 0 1 0 0 3 3 56862 696
0x00007aca2008cf40 0x0000000e70fd2f40 0 1 1 0 0 3 3 56862 688
0x00007aca2008cfc0 0x0000000e70fd2fc0 0 1 1 0 0 3 3 56862 696
0x00007aca2009a040 0x00000006b97e0040 0 0 0 0 0 3 3 26407 0
0x00007aca2009a0c0 0x00000006b97e00c0 0 0 0 0 0 3 3 26407 8
0x00007aca2009a140 0x00000006b97e0140 0 1 0 0 0 3 3 26407 0
0x00007aca2009a1c0 0x00000006b97e01c0 0 1 0 0 0 3 3 26407 8
0x00007aca2009a240 0x00000006b97e0240 0 0 1 0 0 3 3 26407 0
0x00007aca2009a2c0 0x00000006b97e02c0 0 0 1 0 0 3 3 26407 8
0x00007aca2009a340 0x00000006b97e0340 0 1 1 0 0 3 3 26407 0
0x00007aca2009a3c0 0x00000006b97e03c0 0 1 1 0 0 3 3 26407 8
0x00007aca2009a440 0x00000006b97e0440 0 0 0 0 0 3 3 26407 16
0x00007aca2009a4c0 0x00000006b97e04c0 0 0 0 0 0 3 3 26407 24
0x00007aca2009a540 0x00000006b97e0540 0 1 0 0 0 3 3 26407 16
0x00007aca2009a5c0 0x00000006b97e05c0 0 1 0 0 0 3 3 26407 24
0x00007aca2009a640 0x00000006b97e0640 0 0 1 0 0 3 3 26407 16
0x00007aca2009a6c0 0x00000006b97e06c0 0 0 1 0 0 3 3 26407 24
0x00007aca2009a740 0x00000006b97e0740 0 1 1 0 0 3 3 26407 16
0x00007aca2009a7c0 0x00000006b97e07c0 0 1 1 0 0 3 3 26407 24
0x00007aca2009a840 0x00000006b97e0840 0 0 0 0 0 3 3 26407 32
0x00007aca2009a8c0 0x00000006b97e08c0 0 0 0 0 0 3 3 26407 40
0x00007aca2009a940 0x00000006b97e0940 0 1 0 0 0 3 3 26407 32
0x00007aca2009a9c0 0x00000006b97e09c0 0 1 0 0 0 3 3 26407 40
0x00007aca2009aa40 0x00000006b97e0a40 0 0 1 0 0 3 3 26407 32
0x00007aca2009aac0 0x00000006b97e0ac0 0 0 1 0 0 3 3 26407 40
0x00007aca2009ab40 0x00000006b97e0b40 0 1 1 0 0 3 3 26407 32
0x00007aca2009abc0 0x00000006b97e0bc0 0 1 1 0 0 3 3 26407 40
0x00007aca2009ac40 0x00000006b97e0c40 0 0 0 0 0 3 3 26407 48
0x00007aca2009acc0 0x00000006b97e0cc0 0 0 0 0 0 3 3 26407 56
0x00007aca2009ad40 0x00000006b97e0d40 0 1 0 0 0 3 3 26407 48
0x00007aca2009adc0 0x00000006b97e0dc0 0 1 0 0 0 3 3 26407 56
0x00007aca2009ae40 0x00000006b97e0e40 0 0 1 0 0 3 3 26407 48
0x00007aca2009aec0 0x00000006b97e0ec0 0 0 1 0 0 3 3 26407 56
0x00007aca2009af40 0x00000006b97e0f40 0 1 1 0 0 3 3 26407 48
0x00007aca2009afc0 0x00000006b97e0fc0 0 1 1 0 0 3 3 26407 56
0x00007aca200a7040 0x000000058d759040 0 0 0 0 1 3 3 20898 576
0x00007aca200a70c0 0x000000058d7590c0 0 0 0 0 1 3 3 20898 584
0x00007aca200a7140 0x000000058d759140 0 1 0 0 1 3 3 20898 576
0x00007aca200a71c0 0x000000058d7591c0 0 1 0 0 1 3 3 20898 584
0x00007aca200a7240 0x000000058d759240 0 0 1 0 1 3 3 20898 576
0x00007aca200a72c0 0x000000058d7592c0 0 0 1 0 1 3 3 20898 584
0x00007aca200a7340 0x000000058d759340 0 1 1 0 1 3 3 20898 576
0x00007aca200a73c0 0x000000058d7593c0 0 1 1 0 1 3 3 20898 584
0x00007aca200a7440 0x000000058d759440 0 0 0 0 1 3 3 20898 592
0x00007aca200a74c0 0x000000058d7594c0 0 0 0 0 1 3 3 20898 600
0x00007aca200a7540 0x000000058d759540 0 1 0 0 1 3 3 20898 592
0x00007aca200a75c0 0x000000058d7595c0 0 1 0 0 1 3 3 20898 600
0x00007aca200a7640 0x000000058d759640 0 0 1 0 1 3 3 20898 592
0x00007aca200a76c0 0x000000058d7596c0 0 0 1 0 1 3 3 20898 600
0x00007aca200a7740 0x000000058d759740 0 1 1 0 1 3 3 20898 592
0x00007aca200a77c0 0x000000058d7597c0 0 1 1 0 1 3 3 20898 600
0x00007aca200a7840 0x000000058d759840 0 0 0 0 1 3 3 20898 608
0x00007aca200a78c0 0x000000058d7598c0 0 0 0 0 1 3 3 20898 616
0x00007aca200a7940 0x000000058d759940 0 1 0 0 1 3 3 20898 608
0x00007aca200a79c0 0x000000058d7599c0 0 1 0 0 1 3 3 20898 616
0x00007aca200a7a40 0x000000058d759a40 0 0 1 0 1 3 3 20898 608
0x00007aca200a7ac0 0x000000058d759ac0 0 0 1 0 1 3 3 20898 616
0x00007aca200a7b40 0x000000058d759b40 0 1 1 0 1 3 3 20898 608
0x00007aca200a7bc0 0x000000058d759bc0 0 1 1 0 1 3 3 20898 616
0x00007aca200a7c40 0x000000058d759c40 0 0 0 0 1 3 3 20898 624
0x00007aca200a7cc0 0x000000058d759cc0 0 0 0 0 1 3 3 20898 632
0x00007aca200a7d40 0x000000058d759d40 0 1 0 0 1 3 3 20898 624
0x00007aca200a7dc0 0x000000058d759dc0 0 1 0 0 1 3 3 20898 632
0x00007aca200a7e40 0x000000058d759e40 0 0 1 0 1 3 3 20898 624
0x00007aca200a7ec0 0x000000058d759ec0 0 0 1 0 1 3 3 20898 632
0x00007aca200a7f40 0x000000058d759f40 0 1 1 0 1 3 3 20898 624
0x00007aca200a7fc0 0x000000058d759fc0 0 1 1 0 1 3 3 20898 632
0x00007aca200b2040 0x0000000c0b7f8040 0 0 0 0 1 3 3 45431 512
0x00007aca200b20c0 0x0000000c0b7f80c0 0 0 0 0 1 3 3 45431 520
0x00007aca200b2140 0x0000000c0b7f8140 0 1 0 0 1 3 3 45431 512
0x00007aca200b21c0 0x0000000c0b7f81c0 0 1 0 0 1 3 3 45431 520
0x00007aca200b2240 0x0000000c0b7f8240 0 0 1 0 1 3 3 45431 512
0x00007aca200b22c0 0x0000000c0b7f82c0 0 0 1 0 1 3 3 45431 520
0x00007aca200b2340 0x0000000c0b7f8340 0 1 1 0 1 3 3 45431 512
0x00007aca200b23c0 0x0000000c0b7f83c0 0 1 1 0 1 3 3 45431 520
0x00007aca200b2440 0x0000000c0b7f8440 0 0 0 0 1 3 3 45431 528
0x00007aca200b24c0 0x0000000c0b7f84c0 0 0 0 0 1 3 3 45431 536
0x00007aca200b2540 0x0000000c0b7f8540 0 1 0 0 1 3 3 45431 528
0x00007aca200b25c0 0x0000000c0b7f85c0 0 1 0 0 1 3 3 45431 536
0x00007aca200b2640 0x0000000c0b7f8640 0 0 1 0 1 3 3 45431 528
0x00007aca200b26c0 0x0000000c0b7f86c0 0 0 1 0 1 3 3 45431 536
0x00007aca200b2740 0x0000000c0b7f8740 0 1 1 0 1 3 3 45431 528
0x00007aca200b27c0 0x0000000c0b7f87c0 0 1 1 0 1 3 3 45431 536
0x00007aca200b2840 0x0000000c0b7f8840 0 0 0 0 1 3 3 45431 544
0x00007aca200b28c0 0x0000000c0b7f88c0 0 0 0 0 1 3 3 45431 552
0x00007aca200b2940 0x0000000c0b7f8940 0 1 0 0 1 3 3 45431 544
0x00007aca200b29c0 0x0000000c0b7f89c0 0 1 0 0 1 3 3 45431 552
0x00007aca200b2a40 0x0000000c0b7f8a40 0 0 1 0 1 3 3 45431 544
0x00007aca200b2ac0 0x0000000c0b7f8ac0 0 0 1 0 1 3 3 45431 552
0x00007aca200b2b40 0x0000000c0b7f8b40 0 1 1 0 1 3 3 45431 544
0x00007aca200b2bc0 0x0000000c0b7f8bc0 0 1 1 0 1 3 3 45431 552
0x00007aca200b2c40 0x0000000c0b7f8c40 0 0 0 0 1 3 3 45431 560
0x00007aca200b2cc0 0x0000000c0b7f8cc0 0 0 0 0 1 3 3 45431 568
0x00007aca200b2d40 0x0000000c0b7f8d40 0 1 0 0 1 3 3 45431 560
0x00007aca200b2dc0 0x0000000c0b7f8dc0 0 1 0 0 1 3 3 45431 568
0x00007aca200b2e40 0x0000000c0b7f8e40 0 0 1 0 1 3 3 45431 560
0x00007aca200b2ec0 0x0000000c0b7f8ec0 0 0 1 0 1 3 3 45431 568
0x00007aca200b2f40 0x0000000c0b7f8f40 0 1 1 0 1 3 3 45431 560
0x00007aca200b2fc0 0x0000000c0b7f8fc0 0 1 1 0 1 3 3 45431 568
0x00007aca200b4040 0x0000000e06f61040 0 0 0 0 0 3 3 53467 64
0x00007aca200b40c0 0x0000000e06f610c0 0 0 0 0 0 3 3 53467 72
0x00007aca200b4140 0x0000000e06f61140 0 1 0 0 0 3 3 53467 64
0x00007aca200b41c0 0x0000000e06f611c0 0 1 0 0 0 3 3 53467 72
0x00007aca200b4240 0x0000000e06f61240 0 0 1 0 0 3 3 53467 64
0x00007aca200b42c0 0x0000000e06f612c0 0 0 1 0 0 3 3 53467 72
0x00007aca200b4340 0x0000000e06f61340 0 1 1 0 0 3 3 53467 64
0x00007aca200b43c0 0x0000000e06f613c0 0 1 1 0 0 3 3 53467 72
0x00007aca200b4440 0x0000000e06f61440 0 0 0 0 0 3 3 53467 80
0x00007aca200b44c0 0x0000000e06f614c0 0 0 0 0 0 3 3 53467 88
0x00007aca200b4540 0x0000000e06f61540 0 1 0 0 0 3 3 53467 80
0x00007aca200b45c0 0x0000000e06f615c0 0 1 0 0 0 3 3 53467 88
0x00007aca200b4640 0x0000000e06f61640 0 0 1 0 0 3 3 53467 80
0x00007aca200b46c0 0x0000000e06f616c0 0 0 1 0 0 3 3 53467 88
0x00007aca200b4740 0x0000000e06f61740 0 1 1 0 0 3 3 53467 80
0x00007aca200b47c0 0x0000000e06f617c0 0 1 1 0 0 3 3 53467 88
0x00007aca200b4840 0x0000000e06f61840 0 0 0 0 0 3 3 53467 96
0x00007aca200b48c0 0x0000000e06f618c0 0 0 0 0 0 3 3 53467 104
0x00007aca200b4940 0x0000000e06f61940 0 1 0 0 0 3 3 53467 96
0x00007aca200b49c0 0x0000000e06f619c0 0 1 0 0 0 3 3 53467 104
0x00007aca200b4a40 0x0000000e06f61a40 0 0 1 0 0 3 3 53467 96
0x00007aca200b4ac0 0x0000000e06f61ac0 0 0 1 0 0 3 3 53467 104
0x00007aca200b4b40 0x0000000e06f61b40 0 1 1 0 0 3 3 53467 96
0x00007aca200b4bc0 0x0000000e06f61bc0 0 1 1 0 0 3 3 53467 104
0x00007aca200b4c40 0x0000000e06f61c40 0 0 0 0 0 3 3 53467 112
0x00007aca200b4cc0 0x0000000e06f61cc0 0 0 0 0 0 3 3 53467 120
0x00007aca200b4d40 0x0000000e06f61d40 0 1 0 0 0 3 3 53467 112
0x00007aca200b4dc0 0x0000000e06f61dc0 0 1 0 0 0 3 3 53467 120
0x00007aca200b4e40 0x0000000e06f61e40 0 0 1 0 0 3 3 53467 112
0x00007aca200b4ec0 0x0000000e06f61ec0 0 0 1 0 0 3 3 53467 120
0x00007aca200b4f40 0x0000000e06f61f40 0 1 1 0 0 3 3 53467 112
0x00007aca200b4fc0 0x0000000e06f61fc0 0 1 1 0 0 3 3 53467 120
0x00007aca200bc040 0x0000000e50f8c040 0 0 0 0 1 3 3 55836 256
0x00007aca200bc0c0 0x0000000e50f8c0c0 0 0 0 0 1 3 3 55836 264
0x00007aca200bc140 0x0000000e50f8c140 0 1 0 0 1 3 3 55836 256
0x00007aca200bc1c0 0x0000000e50f8c1c0 0 1 0 0 1 3 3 55836 264
0x00007aca200bc240 0x0000000e50f8c240 0 0 1 0 1 3 3 55836 256
0x00007aca200bc2c0 0x0000000e50f8c2c0 0 0 1 0 1 3 3 55836 264
0x00007aca200bc340 0x0000000e50f8c340 0 1 1 0 1 3 3 55836 256
0x00007aca200bc3c0 0x0000000e50f8c3c0 0 1 1 0 1 3 3 55836 264
0x00007aca200bc440 0x0000000e50f8c440 0 0 0 0 1 3 3 55836 272
0x00007aca200bc4c0 0x0000000e50f8c4c0 0 0 0 0 1 3 3 55836 280
0x00007aca200bc540 0x0000000e50f8c540 0 1 0 0 1 3 3 55836 272
0x00007aca200bc5c0 0x0000000e50f8c5c0 0 1 0 0 1 3 3 55836 280
0x00007aca200bc640 0x0000000e50f8c640 0 0 1 0 1 3 3 55836 272
0x00007aca200bc6c0 0x0000000e50f8c6c0 0 0 1 0 1 3 3 55836 280
0x00007aca200bc740 0x0000000e50f8c740 0 1 1 0 1 3 3 55836 272
0x00007aca200bc7c0 0x0000000e50f8c7c0 0 1 1 0 1 3 3 55836 280
0x00007aca200bc840 0x0000000e50f8c840 0 0 0 0 1 3 3 55836 288
0x00007aca200bc8c0 0x0000000e50f8c8c0 0 0 0 0 1 3 3 55836 296
0x00007aca200bc940 0x0000000e50f8c940 0 1 0 0 1 3 3 55836 288
0x00007aca200bc9c0 0x0000000e50f8c9c0 0 1 0 0 1 3 3 55836 296
0x00007aca200bca40 0x0000000e50f8ca40 0 0 1 0 1 3 3 55836 288
0x00007aca200bcac0 0x0000000e50f8cac0 0 0 1 0 1 3 3 55836 296
0x00007aca200bcb40 0x0000000e50f8cb40 0 1 1 0 1 3 3 55836 288
0x00007aca200bcbc0 0x0000000e50f8cbc0 0 1 1 0 1 3 3 55836 296
0x00007aca200bcc40 0x0000000e50f8cc40 0 0 0 0 1 3 3 55836 304
0x00007aca200bccc0 0x0000000e50f8ccc0 0 0 0 0 1 3 3 55836 312
0x00007aca200bcd40 0x0000000e50f8cd40 0 1 0 0 1 3 3 55836 304
0x00007aca200bcdc0 0x0000000e50f8cdc0 0 1 0 0 1 3 3 55836 312
0x00007aca200bce40 0x0000000e50f8ce40 0 0 1 0 1 3 3 55836 304
0x00007aca200bcec0 0x0000000e50f8cec0 0 0 1 0 1 3 3 55836 312
0x00007aca200bcf40 0x0000000e50f8cf40 0 1 1 0 1 3 3 55836 304
0x00007aca200bcfc0 0x0000000e50f8cfc0 0 1 1 0 1 3 3 55836 312
0x00007aca200c0040 0x000000048ef83040 0 0 0 0 0 3 3 16844 192
0x00007aca200c00c0 0x000000048ef830c0 0 0 0 0 0 3 3 16844 200
0x00007aca200c0140 0x000000048ef83140 0 1 0 0 0 3 3 16844 192
0x00007aca200c01c0 0x000000048ef831c0 0 1 0 0 0 3 3 16844 200
0x00007aca200c0240 0x000000048ef83240 0 0 1 0 0 3 3 16844 192
0x00007aca200c02c0 0x000000048ef832c0 0 0 1 0 0 3 3 16844 200
0x00007aca200c0340 0x000000048ef83340 0 1 1 0 0 3 3 16844 192
0x00007aca200c03c0 0x000000048ef833c0 0 1 1 0 0 3 3 16844 200
0x00007aca200c0440 0x000000048ef83440 0 0 0 0 0 3 3 16844 208
0x00007aca200c04c0 0x000000048ef834c0 0 0 0 0 0 3 3 16844 216
0x00007aca200c0540 0x000000048ef83540 0 1 0 0 0 3 3 16844 208
0x00007aca200c05c0 0x000000048ef835c0 0 1 0 0 0 3 3 16844 216
0x00007aca200c0640 0x000000048ef83640 0 0 1 0 0 3 3 16844 208
0x00007aca200c06c0 0x000000048ef836c0 0 0 1 0 0 3 3 16844 216
0x00007aca200c0740 0x000000048ef83740 0 1 1 0 0 3 3 16844 208
0x00007aca200c07c0 0x000000048ef837c0 0 1 1 0 0 3 3 16844 216
0x00007aca200c0840 0x000000048ef83840 0 0 0 0 0 3 3 16844 224
0x00007aca200c08c0 0x000000048ef838c0 0 0 0 0 0 3 3 16844 232
0x00007aca200c0940 0x000000048ef83940 0 1 0 0 0 3 3 16844 224
0x00007aca200c09c0 0x000000048ef839c0 0 1 0 0 0 3 3 16844 232
0x00007aca200c0a40 0x000000048ef83a40 0 0 1 0 0 3 3 16844 224
0x00007aca200c0ac0 0x000000048ef83ac0 0 0 1 0 0 3 3 16844 232
0x00007aca200c0b40 0x000000048ef83b40 0 1 1 0 0 3 3 16844 224
0x00007aca200c0bc0 0x000000048ef83bc0 0 1 1 0 0 3 3 16844 232
0x00007aca200c0c40 0x000000048ef83c40 0 0 0 0 0 3 3 16844 240
0x00007aca200c0cc0 0x000000048ef83cc0 0 0 0 0 0 3 3 16844 248
0x00007aca200c0d40 0x000000048ef83d40 0 1 0 0 0 3 3 16844 240
0x00007aca200c0dc0 0x000000048ef83dc0 0 1 0 0 0 3 3 16844 248
0x00007aca200c0e40 0x000000048ef83e40 0 0 1 0 0 3 3 16844 240
0x00007aca200c0ec0 0x000000048ef83ec0 0 0 1 0 0 3 3 16844 248
0x00007aca200c0f40 0x000000048ef83f40 0 1 1 0 0 3 3 16844 240
0x00007aca200c0fc0 0x000000048ef83fc0 0 1 1 0 0 3 3 16844 248
0x00007aca200c6040 0x00000001bb7f7040 0 0 0 0 0 3 3 5991 960
0x00007aca200c60c0 0x00000001bb7f70c0 0 0 0 0 0 3 3 5991 968
0x00007aca200c6140 0x00000001bb7f7140 0 1 0 0 0 3 3 5991 960
0x00007aca200c61c0 0x00000001bb7f71c0 0 1 0 0 0 3 3 5991 968
0x00007aca200c6240 0x00000001bb7f7240 0 0 1 0 0 3 3 5991 960
0x00007aca200c62c0 0x00000001bb7f72c0 0 0 1 0 0 3 3 5991 968
0x00007aca200c6340 0x00000001bb7f7340 0 1 1 0 0 3 3 5991 960
0x00007aca200c63c0 0x00000001bb7f73c0 0 1 1 0 0 3 3 5991 968
0x00007aca200c6440 0x00000001bb7f7440 0 0 0 0 0 3 3 5991 976
0x00007aca200c64c0 0x00000001bb7f74c0 0 0 0 0 0 3 3 5991 984
0x00007aca200c6540 0x00000001bb7f7540 0 1 0 0 0 3 3 5991 976
0x00007aca200c65c0 0x00000001bb7f75c0 0 1 0 0 0 3 3 5991 984
0x00007aca200c6640 0x00000001bb7f7640 0 0 1 0 0 3 3 5991 976
0x00007aca200c66c0 0x00000001bb7f76c0 0 0 1 0 0 3 3 5991 984
0x00007aca200c6740 0x00000001bb7f7740 0 1 1 0 0 3 3 5991 976
0x00007aca200c67c0 0x00000001bb7f77c0 0 1 1 0 0 3 3 5991 984
0x00007aca200c6840 0x00000001bb7f7840 0 0 0 0 0 3 3 5991 992
0x00007aca200c68c0 0x00000001bb7f78c0 0 0 0 0 0 3 3 5991 1000
0x00007aca200c6940 0x00000001bb7f7940 0 1 0 0 0 3 3 5991 992
0x00007aca200c69c0 0x00000001bb7f79c0 0 1 0 0 0 3 3 5991 1000
0x00007aca200c6a40 0x00000001bb7f7a40 0 0 1 0 0 3 3 5991 992
0x00007aca200c6ac0 0x00000001bb7f7ac0 0 0 1 0 0 3 3 5991 1000
0x00007aca200c6b40 0x00000001bb7f7b40 0 1 1 0 0 3 3 5991 992
0x00007aca200c6bc0 0x00000001bb7f7bc0 0 1 1 0 0 3 3 5991 1000
0x00007aca200c6c40 0x00000001bb7f7c40 0 0 0 0 0 3 3 5991 1008
0x00007aca200c6cc0 0x00000001bb7f7cc0 0 0 0 0 0 3 3 5991 1016
0x00007aca200c6d40 0x00000001bb7f7d40 0 1 0 0 0 3 3 5991 1008
0x00007aca200c6dc0 0x00000001bb7f7dc0 0 1 0 0 0 3 3 5991 1016
0x00007aca200c6e40 0x00000001bb7f7e40 0 0 1 0 0 3 3 5991 1008
0x00007aca200c6ec0 0x00000001bb7f7ec0 0 0 1 0 0 3 3 5991 1016
0x00007aca200c6f40 0x00000001bb7f7f40 0 1 1 0 0 3 3 5991 1008
0x00007aca200c6fc0 0x00000001bb7f7fc0 0 1 1 0 0 3 3 5991 1016
0x00007aca200cd040 0x0000000731f5d040 0 0 0 0 1 3 3 26170 832
0x00007aca200cd0c0 0x0000000731f5d0c0 0 0 0 0 1 3 3 26170 840
0x00007aca200cd140 0x0000000731f5d140 0 1 0 0 1 3 3 26170 832
0x00007aca200cd1c0 0x0000000731f5d1c0 0 1 0 0 1 3 3 26170 840
0x00007aca200cd240 0x0000000731f5d240 0 0 1 0 1 3 3 26170 832
0x00007aca200cd2c0 0x0000000731f5d2c0 0 0 1 0 1 3 3 26170 840
0x00007aca200cd340 0x0000000731f5d340 0 1 1 0 1 3 3 26170 832
0x00007aca200cd3c0 0x0000000731f5d3c0 0 1 1 0 1 3 3 26170 840
0x00007aca200cd440 0x0000000731f5d440 0 0 0 0 1 3 3 26170 848
0x00007aca200cd4c0 0x0000000731f5d4c0 0 0 0 0 1 3 3 26170 856
0x00007aca200cd540 0x0000000731f5d540 0 1 0 0 1 3 3 26170 848
0x00007aca200cd5c0 0x0000000731f5d5c0 0 1 0 0 1 3 3 26170 856
0x00007aca200cd640 0x0000000731f5d640 0 0 1 0 1 3 3 26170 848
0x00007aca200cd6c0 0x0000000731f5d6c0 0 0 1 0 1 3 3 26170 856
0x00007aca200cd740 0x0000000731f5d740 0 1 1 0 1 3 3 26170 848
0x00007aca200cd7c0 0x0000000731f5d7c0 0 1 1 0 1 3 3 26170 856
0x00007aca200cd840 0x0000000731f5d840 0 0 0 0 1 3 3 26170 864
0x00007aca200cd8c0 0x0000000731f5d8c0 0 0 0 0 1 3 3 26170 872
0x00007aca200cd940 0x0000000731f5d940 0 1 0 0 1 3 3 26170 864
0x00007aca200cd9c0 0x0000000731f5d9c0 0 1 0 0 1 3 3 26170 872
0x00007aca200cda40 0x0000000731f5da40 0 0 1 0 1 3 3 26170 864
0x00007aca200cdac0 0x0000000731f5dac0 0 0 1 0 1 3 3 26170 872
0x00007aca200cdb40 0x0000000731f5db40 0 1 1 0 1 3 3 26170 864
0x00007aca200cdbc0 0x0000000731f5dbc0 0 1 1 0 1 3 3 26170 872
0x00007aca200cdc40 0x0000000731f5dc40 0 0 0 0 1 3 3 26170 880
0x00007aca200cdcc0 0x0000000731f5dcc0 0 0 0 0 1 3 3 26170 888
0x00007aca200cdd40 0x0000000731f5dd40 0 1 0 0 1 3 3 26170 880
0x00007aca200cddc0 0x0000000731f5ddc0 0 1 0 0 1 3 3 26170 888
0x00007aca200cde40 0x0000000731f5de40 0 0 1 0 1 3 3 26170 880
0x00007aca200cdec0 0x0000000731f5dec0 0 0 1 0 1 3 3 26170 888
0x00007aca200cdf40 0x0000000731f5df40 0 1 1 0 1 3 3 26170 880
0x00007aca200cdfc0 0x0000000731f5dfc0 0 1 1 0 1 3 3 26170 888
0x00007aca200d1040 0x0000000604f7d040 0 0 0 0 1 3 3 20635 832
0x00007aca200d10c0 0x0000000604f7d0c0 0 0 0 0 1 3 3 20635 840
0x00007aca200d1140 0x0000000604f7d140 0 1 0 0 1 3 3 20635 832
0x00007aca200d11c0 0x0000000604f7d1c0 0 1 0 0 1 3 3 20635 840
0x00007aca200d1240 0x0000000604f7d240 0 0 1 0 1 3 3 20635 832
0x00007aca200d12c0 0x0000000604f7d2c0 0 0 1 0 1 3 3 20635 840
0x00007aca200d1340 0x0000000604f7d340 0 1 1 0 1 3 3 20635 832
0x00007aca200d13c0 0x0000000604f7d3c0 0 1 1 0 1 3 3 20635 840
0x00007aca200d1440 0x0000000604f7d440 0 0 0 0 1 3 3 20635 848
0x00007aca200d14c0 0x0000000604f7d4c0 0 0 0 0 1 3 3 20635 856
0x00007aca200d1540 0x0000000604f7d540 0 1 0 0 1 3 3 20635 848
0x00007aca200d15c0 0x0000000604f7d5c0 0 1 0 0 1 3 3 20635 856
0x00007aca200d1640 0x0000000604f7d640 0 0 1 0 1 3 3 20635 848
0x00007aca200d16c0 0x0000000604f7d6c0 0 0 1 0 1 3 3 20635 856
0x00007aca200d1740 0x0000000604f7d740 0 1 1 0 1 3 3 20635 848
0x00007aca200d17c0 0x0000000604f7d7c0 0 1 1 0 1 3 3 20635 856
0x00007aca200d1840 0x0000000604f7d840 0 0 0 0 1 3 3 20635 864
0x00007aca200d18c0 0x0000000604f7d8c0 0 0 0 0 1 3 3 20635 872
0x00007aca200d1940 0x0000000604f7d940 0 1 0 0 1 3 3 20635 864
0x00007aca200d19c0 0x0000000604f7d9c0 0 1 0 0 1 3 3 20635 872
0x00007aca200d1a40 0x0000000604f7da40 0 0 1 0 1 3 3 20635 864
0x00007aca200d1ac0 0x0000000604f7dac0 0 0 1 0 1 3 3 20635 872
0x00007aca200d1b40 0x0000000604f7db40 0 1 1 0 1 3 3 20635 864
0x00007aca200d1bc0 0x0000000604f7dbc0 0 1 1 0 1 3 3 20635 872
0x00007aca200d1c40 0x0000000604f7dc40 0 0 0 0 1 3 3 20635 880
0x00007aca200d1cc0 0x0000000604f7dcc0 0 0 0 0 1 3 3 20635 888
0x00007aca200d1d40 0x0000000604f7dd40 0 1 0 0 1 3 3 20635 880
0x00007aca200d1dc0 0x0000000604f7ddc0 0 1 0 0 1 3 3 20635 888
0x00007aca200d1e40 0x0000000604f7de40 0 0 1 0 1 3 3 20635 880
0x00007aca200d1ec0 0x0000000604f7dec0 0 0 1 0 1 3 3 20635 888
0x00007aca200d1f40 0x0000000604f7df40 0 1 1 0 1 3 3 20635 880
0x00007aca200d1fc0 0x0000000604f7dfc0 0 1 1 0 1 3 3 20635 888
0x00007aca200d5040 0x0000000bf8f0e040 0 0 0 0 1 3 3 48904 384
0x00007aca200d50c0 0x0000000bf8f0e0c0 0 0 0 0 1 3 3 48904 392
0x00007aca200d5140 0x0000000bf8f0e140 0 1 0 0 1 3 3 48904 384
0x00007aca200d51c0 0x0000000bf8f0e1c0 0 1 0 0 1 3 3 48904 392
0x00007aca200d5240 0x0000000bf8f0e240 0 0 1 0 1 3 3 48904 384
0x00007aca200d52c0 0x0000000bf8f0e2c0 0 0 1 0 1 3 3 48904 392
0x00007aca200d5340 0x0000000bf8f0e340 0 1 1 0 1 3 3 48904 384
0x00007aca200d53c0 0x0000000bf8f0e3c0 0 1 1 0 1 3 3 48904 392
0x00007aca200d5440 0x0000000bf8f0e440 0 0 0 0 1 3 3 48904 400
0x00007aca200d54c0 0x0000000bf8f0e4c0 0 0 0 0 1 3 3 48904 408
0x00007aca200d5540 0x0000000bf8f0e540 0 1 0 0 1 3 3 48904 400
0x00007aca200d55c0 0x0000000bf8f0e5c0 0 1 0 0 1 3 3 48904 408
0x00007aca200d5640 0x0000000bf8f0e640 0 0 1 0 1 3 3 48904 400
0x00007aca200d56c0 0x0000000bf8f0e6c0 0 0 1 0 1 3 3 48904 408
0x00007aca200d5740 0x0000000bf8f0e740 0 1 1 0 1 3 3 48904 400
0x00007aca200d57c0 0x0000000bf8f0e7c0 0 1 1 0 1 3 3 48904 408
0x00007aca200d5840 0x0000000bf8f0e840 0 0 0 0 1 3 3 48904 416
0x00007aca200d58c0 0x0000000bf8f0e8c0 0 0 0 0 1 3 3 48904 424
0x00007aca200d5940 0x0000000bf8f0e940 0 1 0 0 1 3 3 48904 416
0x00007aca200d59c0 0x0000000bf8f0e9c0 0 1 0 0 1 3 3 48904 424
0x00007aca200d5a40 0x0000000bf8f0ea40 0 0 1 0 1 3 3 48904 416
0x00007aca200d5ac0 0x0000000bf8f0eac0 0 0 1 0 1 3 3 48904 424
0x00007aca200d5b40 0x0000000bf8f0eb40 0 1 1 0 1 3 3 48904 416
0x00007aca200d5bc0 0x0000000bf8f0ebc0 0 1 1 0 1 3 3 48904 424
0x00007aca200d5c40 0x0000000bf8f0ec40 0 0 0 0 1 3 3 48904 432
0x00007aca200d5cc0 0x0000000bf8f0ecc0 0 0 0 0 1 3 3 48904 440
0x00007aca200d5d40 0x0000000bf8f0ed40 0 1 0 0 1 3 3 48904 432
0x00007aca200d5dc0 0x0000000bf8f0edc0 0 1 0 0 1 3 3 48904 440
0x00007aca200d5e40 0x0000000bf8f0ee40 0 0 1 0 1 3 3 48904 432
0x00007aca200d5ec0 0x0000000bf8f0eec0 0 0 1 0 1 3 3 48904 440
0x00007aca200d5f40 0x0000000bf8f0ef40 0 1 1 0 1 3 3 48904 432
0x00007aca200d5fc0 0x0000000bf8f0efc0 0 1 1 0 1 3 3 48904 440
0x00007aca200da040 0x0000000c7473d040 0 0 0 0 1 3 3 48785 832
0x00007aca200da0c0 0x0000000c7473d0c0 0 0 0 0 1 3 3 48785 840
0x00007aca200da140 0x0000000c7473d140 0 1 0 0 1 3 3 48785 832
0x00007aca200da1c0 0x0000000c7473d1c0 0 1 0 0 1 3 3 48785 840
0x00007aca200da240 0x0000000c7473d240 0 0 1 0 1 3 3 48785 832
0x00007aca200da2c0 0x0000000c7473d2c0 0 0 1 0 1 3 3 48785 840
0x00007aca200da340 0x0000000c7473d340 0 1 1 0 1 3 3 48785 832
0x00007aca200da3c0 0x0000000c7473d3c0 0 1 1 0 1 3 3 48785 840
0x00007aca200da440 0x0000000c7473d440 0 0 0 0 1 3 3 48785 848
0x00007aca200da4c0 0x0000000c7473d4c0 0 0 0 0 1 3 3 48785 856
0x00007aca200da540 0x0000000c7473d540 0 1 0 0 1 3 3 48785 848
0x00007aca200da5c0 0x0000000c7473d5c0 0 1 0 0 1 3 3 48785 856
0x00007aca200da640 0x0000000c7473d640 0 0 1 0 1 3 3 48785 848
0x00007aca200da6c0 0x0000000c7473d6c0 0 0 1 0 1 3 3 48785 856
0x00007aca200da740 0x0000000c7473d740 0 1 1 0 1 3 3 48785 848
0x00007aca200da7c0 0x0000000c7473d7c0 0 1 1 0 1 3 3 48785 856
0x00007aca200da840 0x0000000c7473d840 0 0 0 0 1 3 3 48785 864
0x00007aca200da8c0 0x0000000c7473d8c0 0 0 0 0 1 3 3 48785 872
0x00007aca200da940 0x0000000c7473d940 0 1 0 0 1 3 3 48785 864
0x00007aca200da9c0 0x0000000c7473d9c0 0 1 0 0 1 3 3 48785 872
0x00007aca200daa40 0x0000000c7473da40 0 0 1 0 1 3 3 48785 864
0x00007aca200daac0 0x0000000c7473dac0 0 0 1 0 1 3 3 48785 872
0x00007aca200dab40 0x0000000c7473db40 0 1 1 0 1 3 3 48785 864
0x00007aca200dabc0 0x0000000c7473dbc0 0 1 1 0 1 3 3 48785 872
0x00007aca200dac40 0x0000000c7473dc40 0 0 0 0 1 3 3 48785 880
0x00007aca200dacc0 0x0000000c7473dcc0 0 0 0 0 1 3 3 48785 888
0x00007aca200dad40 0x0000000c7473dd40 0 1 0 0 1 3 3 48785 880
0x00007aca200dadc0 0x0000000c7473ddc0 0 1 0 0 1 3 3 48785 888
0x00007aca200dae40 0x0000000c7473de40 0 0 1 0 1 3 3 48785 880
0x00007aca200daec0 0x0000000c7473dec0 0 0 1 0 1 3 3 48785 888
0x00007aca200daf40 0x0000000c7473df40 0 1 1 0 1 3 3 48785 880
0x00007aca200dafc0 0x0000000c7473dfc0 0 1 1 0 1 3 3 48785 888
0x00007aca200e8040 0x0000000bfbfe9040 0 0 0 0 1 3 3 49007 64
0x00007aca200e80c0 0x0000000bfbfe90c0 0 0 0 0 1 3 3 49007 72
0x00007aca200e8140 0x0000000bfbfe9140 0 1 0 0 1 3 3 49007 64
0x00007aca200e81c0 0x0000000bfbfe91c0 0 1 0 0 1 3 3 49007 72
0x00007aca200e8240 0x0000000bfbfe9240 0 0 1 0 1 3 3 49007 64
0x00007aca200e82c0 0x0000000bfbfe92c0 0 0 1 0 1 3 3 49007 72
0x00007aca200e8340 0x0000000bfbfe9340 0 1 1 0 1 3 3 49007 64
0x00007aca200e83c0 0x0000000bfbfe93c0 0 1 1 0 1 3 3 49007 72
0x00007aca200e8440 0x0000000bfbfe9440 0 0 0 0 1 3 3 49007 80
0x00007aca200e84c0 0x0000000bfbfe94c0 0 0 0 0 1 3 3 49007 88
0x00007aca200e8540 0x0000000bfbfe9540 0 1 0 0 1 3 3 49007 80
0x00007aca200e85c0 0x0000000bfbfe95c0 0 1 0 0 1 3 3 49007 88
0x00007aca200e8640 0x0000000bfbfe9640 0 0 1 0 1 3 3 49007 80
0x00007aca200e86c0 0x0000000bfbfe96c0 0 0 1 0 1 3 3 49007 88
0x00007aca200e8740 0x0000000bfbfe9740 0 1 1 0 1 3 3 49007 80
0x00007aca200e87c0 0x0000000bfbfe97c0 0 1 1 0 1 3 3 49007 88
0x00007aca200e8840 0x0000000bfbfe9840 0 0 0 0 1 3 3 49007 96
0x00007aca200e88c0 0x0000000bfbfe98c0 0 0 0 0 1 3 3 49007 104
0x00007aca200e8940 0x0000000bfbfe9940 0 1 0 0 1 3 3 49007 96
0x00007aca200e89c0 0x0000000bfbfe99c0 0 1 0 0 1 3 3 49007 104
0x00007aca200e8a40 0x0000000bfbfe9a40 0 0 1 0 1 3 3 49007 96
0x00007aca200e8ac0 0x0000000bfbfe9ac0 0 0 1 0 1 3 3 49007 104
0x00007aca200e8b40 0x0000000bfbfe9b40 0 1 1 0 1 3 3 49007 96
0x00007aca200e8bc0 0x0000000bfbfe9bc0 0 1 1 0 1 3 3 49007 104
0x00007aca200e8c40 0x0000000bfbfe9c40 0 0 0 0 1 3 3 49007 112
0x00007aca200e8cc0 0x0000000bfbfe9cc0 0 0 0 0 1 3 3 49007 120
0x00007aca200e8d40 0x0000000bfbfe9d40 0 1 0 0 1 3 3 49007 112
0x00007aca200e8dc0 0x0000000bfbfe9dc0 0 1 0 0 1 3 3 49007 120
0x00007aca200e8e40 0x0000000bfbfe9e40 0 0 1 0 1 3 3 49007 112
0x00007aca200e8ec0 0x0000000bfbfe9ec0 0 0 1 0 1 3 3 49007 120
0x00007aca200e8f40 0x0000000bfbfe9f40 0 1 1 0 1 3 3 49007 112
0x00007aca200e8fc0 0x0000000bfbfe9fc0 0 1 1 0 1 3 3 49007 120
0x00007aca200ed040 0x00000003c47de040 0 0 0 0 1 3 3 14470 896
0x00007aca200ed0c0 0x00000003c47de0c0 0 0 0 0 1 3 3 14470 904
0x00007aca200ed140 0x00000003c47de140 0 1 0 0 1 3 3 14470 896
0x00007aca200ed1c0 0x00000003c47de1c0 0 1 0 0 1 3 3 14470 904
0x00007aca200ed240 0x00000003c47de240 0 0 1 0 1 3 3 14470 896
0x00007aca200ed2c0 0x00000003c47de2c0 0 0 1 0 1 3 3 14470 904
0x00007aca200ed340 0x00000003c47de340 0 1 1 0 1 3 3 14470 896
0x00007aca200ed3c0 0x00000003c47de3c0 0 1 1 0 1 3 3 14470 904
0x00007aca200ed440 0x00000003c47de440 0 0 0 0 1 3 3 14470 912
0x00007aca200ed4c0 0x00000003c47de4c0 0 0 0 0 1 3 3 14470 920
0x00007aca200ed540 0x00000003c47de540 0 1 0 0 1 3 3 14470 912
0x00007aca200ed5c0 0x00000003c47de5c0 0 1 0 0 1 3 3 14470 920
0x00007aca200ed640 0x00000003c47de640 0 0 1 0 1 3 3 14470 912
0x00007aca200ed6c0 0x00000003c47de6c0 0 0 1 0 1 3 3 14470 920
0x00007aca200ed740 0x00000003c47de740 0 1 1 0 1 3 3 14470 912
0x00007aca200ed7c0 0x00000003c47de7c0 0 1 1 0 1 3 3 14470 920
0x00007aca200ed840 0x00000003c47de840 0 0 0 0 1 3 3 14470 928
0x00007aca200ed8c0 0x00000003c47de8c0 0 0 0 0 1 3 3 14470 936
0x00007aca200ed940 0x00000003c47de940 0 1 0 0 1 3 3 14470 928
0x00007aca200ed9c0 0x00000003c47de9c0 0 1 0 0 1 3 3 14470 936
0x00007aca200eda40 0x00000003c47dea40 0 0 1 0 1 3 3 14470 928
0x00007aca200edac0 0x00000003c47deac0 0 0 1 0 1 3 3 14470 936
0x00007aca200edb40 0x00000003c47deb40 0 1 1 0 1 3 3 14470 928
0x00007aca200edbc0 0x00000003c47debc0 0 1 1 0 1 3 3 14470 936
0x00007aca200edc40 0x00000003c47dec40 0 0 0 0 1 3 3 14470 944
0x00007aca200edcc0 0x00000003c47decc0 0 0 0 0 1 3 3 14470 952
0x00007aca200edd40 0x00000003c47ded40 0 1 0 0 1 3 3 14470 944
0x00007aca200eddc0 0x00000003c47dedc0 0 1 0 0 1 3 3 14470 952
0x00007aca200ede40 0x00000003c47dee40 0 0 1 0 1 3 3 14470 944
0x00007aca200edec0 0x00000003c47deec0 0 0 1 0 1 3 3 14470 952
0x00007aca200edf40 0x00000003c47def40 0 1 1 0 1 3 3 14470 944
0x00007aca200edfc0 0x00000003c47defc0 0 1 1 0 1 3 3 14470 952
0x00007aca200ef040 0x0000000230786040 0 0 0 0 0 3 3 5652 384
0x00007aca200ef0c0 0x00000002307860c0 0 0 0 0 0 3 3 5652 392
0x00007aca200ef140 0x0000000230786140 0 1 0 0 0 3 3 5652 384
0x00007aca200ef1c0 0x00000002307861c0 0 1 0 0 0 3 3 5652 392
0x00007aca200ef240 0x0000000230786240 0 0 1 0 0 3 3 5652 384
0x00007aca200ef2c0 0x00000002307862c0 0 0 1 0 0 3 3 5652 392
0x00007aca200ef340 0x0000000230786340 0 1 1 0 0 3 3 5652 384
0x00007aca200ef3c0 0x00000002307863c0 0 1 1 0 0 3 3 5652 392
0x00007aca200ef440 0x0000000230786440 0 0 0 0 0 3 3 5652 400
0x00007aca200ef4c0 0x00000002307864c0 0 0 0 0 0 3 3 5652 408
0x00007aca200ef540 0x0000000230786540 0 1 0 0 0 3 3 5652 400
0x00007aca200ef5c0 0x00000002307865c0 0 1 0 0 0 3 3 5652 408
0x00007aca200ef640 0x0000000230786640 0 0 1 0 0 3 3 5652 400
0x00007aca200ef6c0 0x00000002307866c0 0 0 1 0 0 3 3 5652 408
0x00007aca200ef740 0x0000000230786740 0 1 1 0 0 3 3 5652 400
0x00007aca200ef7c0 0x00000002307867c0 0 1 1 0 0 3 3 5652 408
0x00007aca200ef840 0x0000000230786840 0 0 0 0 0 3 3 5652 416
0x00007aca200ef8c0 0x00000002307868c0 0 0 0 0 0 3 3 5652 424
0x00007aca200ef940 0x0000000230786940 0 1 0 0 0 3 3 5652 416
0x00007aca200ef9c0 0x00000002307869c0 0 1 0 0 0 3 3 5652 424
0x00007aca200efa40 0x0000000230786a40 0 0 1 0 0 3 3 5652 416
0x00007aca200efac0 0x0000000230786ac0 0 0 1 0 0 3 3 5652 424
0x00007aca200efb40 0x0000000230786b40 0 1 1 0 0 3 3 5652 416
0x00007aca200efbc0 0x0000000230786bc0 0 1 1 0 0 3 3 5652 424
0x00007aca200efc40 0x0000000230786c40 0 0 0 0 0 3 3 5652 432
0x00007aca200efcc0 0x0000000230786cc0 0 0 0 0 0 3 3 5652 440
0x00007aca200efd40 0x0000000230786d40 0 1 0 0 0 3 3 5652 432
0x00007aca200efdc0 0x0000000230786dc0 0 1 0 0 0 3 3 5652 440
0x00007aca200efe40 0x0000000230786e40 0 0 1 0 0 3 3 5652 432
0x00007aca200efec0 0x0000000230786ec0 0 0 1 0 0 3 3 5652 440
0x00007aca200eff40 0x0000000230786f40 0 1 1 0 0 3 3 5652 432
0x00007aca200effc0 0x0000000230786fc0 0 1 1 0 0 3 3 5652 440
0x00007aca200f0040 0x00000005337be040 0 0 0 0 1 3 3 18037 896
0x00007aca200f00c0 0x00000005337be0c0 0 0 0 0 1 3 3 18037 904
0x00007aca200f0140 0x00000005337be140 0 1 0 0 1 3 3 18037 896
0x00007aca200f01c0 0x00000005337be1c0 0 1 0 0 1 3 3 18037 904
0x00007aca200f0240 0x00000005337be240 0 0 1 0 1 3 3 18037 896
0x00007aca200f02c0 0x00000005337be2c0 0 0 1 0 1 3 3 18037 904
0x00007aca200f0340 0x00000005337be340 0 1 1 0 1 3 3 18037 896
0x00007aca200f03c0 0x00000005337be3c0 0 1 1 0 1 3 3 18037 904
0x00007aca200f0440 0x00000005337be440 0 0 0 0 1 3 3 18037 912
0x00007aca200f04c0 0x00000005337be4c0 0 0 0 0 1 3 3 18037 920
0x00007aca200f0540 0x00000005337be540 0 1 0 0 1 3 3 18037 912
0x00007aca200f05c0 0x00000005337be5c0 0 1 0 0 1 3 3 18037 920
0x00007aca200f0640 0x00000005337be640 0 0 1 0 1 3 3 18037 912
0x00007aca200f06c0 0x00000005337be6c0 0 0 1 0 1 3 3 18037 920
0x00007aca200f0740 0x00000005337be740 0 1 1 0 1 3 3 18037 912
0x00007aca200f07c0 0x00000005337be7c0 0 1 1 0 1 3 3 18037 920
0x00007aca200f0840 0x00000005337be840 0 0 0 0 1 3 3 18037 928
0x00007aca200f08c0 0x00000005337be8c0 0 0 0 0 1 3 3 18037 936
0x00007aca200f0940 0x00000005337be940 0 1 0 0 1 3 3 18037 928
0x00007aca200f09c0 0x00000005337be9c0 0 1 0 0 1 3 3 18037 936
0x00007aca200f0a40 0x00000005337bea40 0 0 1 0 1 3 3 18037 928
0x00007aca200f0ac0 0x00000005337beac0 0 0 1 0 1 3 3 18037 936
0x00007aca200f0b40 0x00000005337beb40 0 1 1 0 1 3 3 18037 928
0x00007aca200f0bc0 0x00000005337bebc0 0 1 1 0 1 3 3 18037 936
0x00007aca200f0c40 0x00000005337bec40 0 0 0 0 1 3 3 18037 944
0x00007aca200f0cc0 0x00000005337becc0 0 0 0 0 1 3 3 18037 952
0x00007aca200f0d40 0x00000005337bed40 0 1 0 0 1 3 3 18037 944
0x00007aca200f0dc0 0x00000005337bedc0 0 1 0 0 1 3 3 18037 952
0x00007aca200f0e40 0x00000005337bee40 0 0 1 0 1 3 3 18037 944
0x00007aca200f0ec0 0x00000005337beec0 0 0 1 0 1 3 3 18037 952
0x00007aca200f0f40 0x00000005337bef40 0 1 1 0 1 3 3 18037 944
0x00007aca200f0fc0 0x00000005337befc0 0 1 1 0 1 3 3 18037 952
0x00007aca200f4040 0x0000000ea6711040 0 0 0 0 0 3 3 58560 576
0x00007aca200f40c0 0x0000000ea67110c0 0 0 0 0 0 3 3 58560 584
0x00007aca200f4140 0x0000000ea6711140 0 1 0 0 0 3 3 58560 576
0x00007aca200f41c0 0x0000000ea67111c0 0 1 0 0 0 3 3 58560 584
0x00007aca200f4240 0x0000000ea6711240 0 0 1 0 0 3 3 58560 576
0x00007aca200f42c0 0x0000000ea67112c0 0 0 1 0 0 3 3 58560 584
0x00007aca200f4340 0x0000000ea6711340 0 1 1 0 0 3 3 58560 576
0x00007aca200f43c0 0x0000000ea67113c0 0 1 1 0 0 3 3 58560 584
0x00007aca200f4440 0x0000000ea6711440 0 0 0 0 0 3 3 58560 592
0x00007aca200f44c0 0x0000000ea67114c0 0 0 0 0 0 3 3 58560 600
0x00007aca200f4540 0x0000000ea6711540 0 1 0 0 0 3 3 58560 592
0x00007aca200f45c0 0x0000000ea67115c0 0 1 0 0 0 3 3 58560 600
0x00007aca200f4640 0x0000000ea6711640 0 0 1 0 0 3 3 58560 592
0x00007aca200f46c0 0x0000000ea67116c0 0 0 1 0 0 3 3 58560 600
0x00007aca200f4740 0x0000000ea6711740 0 1 1 0 0 3 3 58560 592
0x00007aca200f47c0 0x0000000ea67117c0 0 1 1 0 0 3 3 58560 600
0x00007aca200f4840 0x0000000ea6711840 0 0 0 0 0 3 3 58560 608
0x00007aca200f48c0 0x0000000ea67118c0 0 0 0 0 0 3 3 58560 616
0x00007aca200f4940 0x0000000ea6711940 0 1 0 0 0 3 3 58560 608
0x00007aca200f49c0 0x0000000ea67119c0 0 1 0 0 0 3 3 58560 616
0x00007aca200f4a40 0x0000000ea6711a40 0 0 1 0 0 3 3 58560 608
0x00007aca200f4ac0 0x0000000ea6711ac0 0 0 1 0 0 3 3 58560 616
0x00007aca200f4b40 0x0000000ea6711b40 0 1 1 0 0 3 3 58560 608
0x00007aca200f4bc0 0x0000000ea6711bc0 0 1 1 0 0 3 3 58560 616
0x00007aca200f4c40 0x0000000ea6711c40 0 0 0 0 0 3 3 58560 624
0x00007aca200f4cc0 0x0000000ea6711cc0 0 0 0 0 0 3 3 58560 632
0x00007aca200f4d40 0x0000000ea6711d40 0 1 0 0 0 3 3 58560 624
0x00007aca200f4dc0 0x0000000ea6711dc0 0 1 0 0 0 3 3 58560 632
0x00007aca200f4e40 0x0000000ea6711e40 0 0 1 0 0 3 3 58560 624
0x00007aca200f4ec0 0x0000000ea6711ec0 0 0 1 0 0 3 3 58560 632
0x00007aca200f4f40 0x0000000ea6711f40 0 1 1 0 0 3 3 58560 624
0x00007aca200f4fc0 0x0000000ea6711fc0 0 1 1 0 0 3 3 58560 632
0x00007aca20108040 0x000000063272d040 0 0 0 0 1 3 3 22097 320
0x00007aca201080c0 0x000000063272d0c0 0 0 0 0 1 3 3 22097 328
0x00007aca20108140 0x000000063272d140 0 1 0 0 1 3 3 22097 320
0x00007aca201081c0 0x000000063272d1c0 0 1 0 0 1 3 3 22097 328
0x00007aca20108240 0x000000063272d240 0 0 1 0 1 3 3 22097 320
0x00007aca201082c0 0x000000063272d2c0 0 0 1 0 1 3 3 22097 328
0x00007aca20108340 0x000000063272d340 0 1 1 0 1 3 3 22097 320
0x00007aca201083c0 0x000000063272d3c0 0 1 1 0 1 3 3 22097 328
0x00007aca20108440 0x000000063272d440 0 0 0 0 1 3 3 22097 336
0x00007aca201084c0 0x000000063272d4c0 0 0 0 0 1 3 3 22097 344
0x00007aca20108540 0x000000063272d540 0 1 0 0 1 3 3 22097 336
0x00007aca201085c0 0x000000063272d5c0 0 1 0 0 1 3 3 22097 344
0x00007aca20108640 0x000000063272d640 0 0 1 0 1 3 3 22097 336
0x00007aca201086c0 0x000000063272d6c0 0 0 1 0 1 3 3 22097 344
0x00007aca20108740 0x000000063272d740 0 1 1 0 1 3 3 22097 336
0x00007aca201087c0 0x000000063272d7c0 0 1 1 0 1 3 3 22097 344
0x00007aca20108840 0x000000063272d840 0 0 0 0 1 3 3 22097 352
0x00007aca201088c0 0x000000063272d8c0 0 0 0 0 1 3 3 22097 360
0x00007aca20108940 0x000000063272d940 0 1 0 0 1 3 3 22097 352
0x00007aca201089c0 0x000000063272d9c0 0 1 0 0 1 3 3 22097 360
0x00007aca20108a40 0x000000063272da40 0 0 1 0 1 3 3 22097 352
0x00007aca20108ac0 0x000000063272dac0 0 0 1 0 1 3 3 22097 360
0x00007aca20108b40 0x000000063272db40 0 1 1 0 1 3 3 22097 352
0x00007aca20108bc0 0x000000063272dbc0 0 1 1 0 1 3 3 22097 360
0x00007aca20108c40 0x000000063272dc40 0 0 0 0 1 3 3 22097 368
0x00007aca20108cc0 0x000000063272dcc0 0 0 0 0 1 3 3 22097 376
0x00007aca20108d40 0x000000063272dd40 0 1 0 0 1 3 3 22097 368
0x00007aca20108dc0 0x000000063272ddc0 0 1 0 0 1 3 3 22097 376
0x00007aca20108e40 0x000000063272de40 0 0 1 0 1 3 3 22097 368
0x00007aca20108ec0 0x000000063272dec0 0 0 1 0 1 3 3 22097 376
0x00007aca20108f40 0x000000063272df40 0 1 1 0 1 3 3 22097 368
0x00007aca20108fc0 0x000000063272dfc0 0 1 1 0 1 3 3 22097 376
0x00007aca2011c040 0x00000006eaf58040 0 0 0 0 1 3 3 27978 512
0x00007aca2011c0c0 0x00000006eaf580c0 0 0 0 0 1 3 3 27978 520
0x00007aca2011c140 0x00000006eaf58140 0 1 0 0 1 3 3 27978 512
0x00007aca2011c1c0 0x00000006eaf581c0 0 1 0 0 1 3 3 27978 520
0x00007aca2011c240 0x00000006eaf58240 0 0 1 0 1 3 3 27978 512
0x00007aca2011c2c0 0x00000006eaf582c0 0 0 1 0 1 3 3 27978 520
0x00007aca2011c340 0x00000006eaf58340 0 1 1 0 1 3 3 27978 512
0x00007aca2011c3c0 0x00000006eaf583c0 0 1 1 0 1 3 3 27978 520
0x00007aca2011c440 0x00000006eaf58440 0 0 0 0 1 3 3 27978 528
0x00007aca2011c4c0 0x00000006eaf584c0 0 0 0 0 1 3 3 27978 536
0x00007aca2011c540 0x00000006eaf58540 0 1 0 0 1 3 3 27978 528
0x00007aca2011c5c0 0x00000006eaf585c0 0 1 0 0 1 3 3 27978 536
0x00007aca2011c640 0x00000006eaf58640 0 0 1 0 1 3 3 27978 528
0x00007aca2011c6c0 0x00000006eaf586c0 0 0 1 0 1 3 3 27978 536
0x00007aca2011c740 0x00000006eaf58740 0 1 1 0 1 3 3 27978 528
0x00007aca2011c7c0 0x00000006eaf587c0 0 1 1 0 1 3 3 27978 536
0x00007aca2011c840 0x00000006eaf58840 0 0 0 0 1 3 3 27978 544
0x00007aca2011c8c0 0x00000006eaf588c0 0 0 0 0 1 3 3 27978 552
0x00007aca2011c940 0x00000006eaf58940 0 1 0 0 1 3 3 27978 544
0x00007aca2011c9c0 0x00000006eaf589c0 0 1 0 0 1 3 3 27978 552
0x00007aca2011ca40 0x00000006eaf58a40 0 0 1 0 1 3 3 27978 544
0x00007aca2011cac0 0x00000006eaf58ac0 0 0 1 0 1 3 3 27978 552
0x00007aca2011cb40 0x00000006eaf58b40 0 1 1 0 1 3 3 27978 544
0x00007aca2011cbc0 0x00000006eaf58bc0 0 1 1 0 1 3 3 27978 552
0x00007aca2011cc40 0x00000006eaf58c40 0 0 0 0 1 3 3 27978 560
0x00007aca2011ccc0 0x00000006eaf58cc0 0 0 0 0 1 3 3 27978 568
0x00007aca2011cd40 0x00000006eaf58d40 0 1 0 0 1 3 3 27978 560
0x00007aca2011cdc0 0x00000006eaf58dc0 0 1 0 0 1 3 3 27978 568
0x00007aca2011ce40 0x00000006eaf58e40 0 0 1 0 1 3 3 27978 560
0x00007aca2011cec0 0x00000006eaf58ec0 0 0 1 0 1 3 3 27978 568
0x00007aca2011cf40 0x00000006eaf58f40 0 1 1 0 1 3 3 27978 560
0x00007aca2011cfc0 0x00000006eaf58fc0 0 1 1 0 1 3 3 27978 568
0x00007aca20121040 0x000000085ff8d040 0 0 0 0 1 3 3 31740 320
0x00007aca201210c0 0x000000085ff8d0c0 0 0 0 0 1 3 3 31740 328
0x00007aca20121140 0x000000085ff8d140 0 1 0 0 1 3 3 31740 320
0x00007aca201211c0 0x000000085ff8d1c0 0 1 0 0 1 3 3 31740 328
0x00007aca20121240 0x000000085ff8d240 0 0 1 0 1 3 3 31740 320
0x00007aca201212c0 0x000000085ff8d2c0 0 0 1 0 1 3 3 31740 328
0x00007aca20121340 0x000000085ff8d340 0 1 1 0 1 3 3 31740 320
0x00007aca201213c0 0x000000085ff8d3c0 0 1 1 0 1 3 3 31740 328
0x00007aca20121440 0x000000085ff8d440 0 0 0 0 1 3 3 31740 336
0x00007aca201214c0 0x000000085ff8d4c0 0 0 0 0 1 3 3 31740 344
0x00007aca20121540 0x000000085ff8d540 0 1 0 0 1 3 3 31740 336
0x00007aca201215c0 0x000000085ff8d5c0 0 1 0 0 1 3 3 31740 344
0x00007aca20121640 0x000000085ff8d640 0 0 1 0 1 3 3 31740 336
0x00007aca201216c0 0x000000085ff8d6c0 0 0 1 0 1 3 3 31740 344
0x00007aca20121740 0x000000085ff8d740 0 1 1 0 1 3 3 31740 336
0x00007aca201217c0 0x000000085ff8d7c0 0 1 1 0 1 3 3 31740 344
0x00007aca20121840 0x000000085ff8d840 0 0 0 0 1 3 3 31740 352
0x00007aca201218c0 0x000000085ff8d8c0 0 0 0 0 1 3 3 31740 360
0x00007aca20121940 0x000000085ff8d940 0 1 0 0 1 3 3 31740 352
0x00007aca201219c0 0x000000085ff8d9c0 0 1 0 0 1 3 3 31740 360
0x00007aca20121a40 0x000000085ff8da40 0 0 1 0 1 3 3 31740 352
0x00007aca20121ac0 0x000000085ff8dac0 0 0 1 0 1 3 3 31740 360
0x00007aca20121b40 0x000000085ff8db40 0 1 1 0 1 3 3 31740 352
0x00007aca20121bc0 0x000000085ff8dbc0 0 1 1 0 1 3 3 31740 360
0x00007aca20121c40 0x000000085ff8dc40 0 0 0 0 1 3 3 31740 368
0x00007aca20121cc0 0x000000085ff8dcc0 0 0 0 0 1 3 3 31740 376
0x00007aca20121d40 0x000000085ff8dd40 0 1 0 0 1 3 3 31740 368
0x00007aca20121dc0 0x000000085ff8ddc0 0 1 0 0 1 3 3 31740 376
0x00007aca20121e40 0x000000085ff8de40 0 0 1 0 1 3 3 31740 368
0x00007aca20121ec0 0x000000085ff8dec0 0 0 1 0 1 3 3 31740 376
0x00007aca20121f40 0x000000085ff8df40 0 1 1 0 1 3 3 31740 368
0x00007aca20121fc0 0x000000085ff8dfc0 0 1 1 0 1 3 3 31740 376
0x00007aca2012a040 0x0000000216718040 0 0 0 0 1 3 3 4816 512
0x00007aca2012a0c0 0x00000002167180c0 0 0 0 0 1 3 3 4816 520
0x00007aca2012a140 0x0000000216718140 0 1 0 0 1 3 3 4816 512
0x00007aca2012a1c0 0x00000002167181c0 0 1 0 0 1 3 3 4816 520
0x00007aca2012a240 0x0000000216718240 0 0 1 0 1 3 3 4816 512
0x00007aca2012a2c0 0x00000002167182c0 0 0 1 0 1 3 3 4816 520
0x00007aca2012a340 0x0000000216718340 0 1 1 0 1 3 3 4816 512
0x00007aca2012a3c0 0x00000002167183c0 0 1 1 0 1 3 3 4816 520
0x00007aca2012a440 0x0000000216718440 0 0 0 0 1 3 3 4816 528
0x00007aca2012a4c0 0x00000002167184c0 0 0 0 0 1 3 3 4816 536
0x00007aca2012a540 0x0000000216718540 0 1 0 0 1 3 3 4816 528
0x00007aca2012a5c0 0x00000002167185c0 0 1 0 0 1 3 3 4816 536
0x00007aca2012a640 0x0000000216718640 0 0 1 0 1 3 3 4816 528
0x00007aca2012a6c0 0x00000002167186c0 0 0 1 0 1 3 3 4816 536
0x00007aca2012a740 0x0000000216718740 0 1 1 0 1 3 3 4816 528
0x00007aca2012a7c0 0x00000002167187c0 0 1 1 0 1 3 3 4816 536
0x00007aca2012a840 0x0000000216718840 0 0 0 0 1 3 3 4816 544
0x00007aca2012a8c0 0x00000002167188c0 0 0 0 0 1 3 3 4816 552
0x00007aca2012a940 0x0000000216718940 0 1 0 0 1 3 3 4816 544
0x00007aca2012a9c0 0x00000002167189c0 0 1 0 0 1 3 3 4816 552
0x00007aca2012aa40 0x0000000216718a40 0 0 1 0 1 3 3 4816 544
0x00007aca2012aac0 0x0000000216718ac0 0 0 1 0 1 3 3 4816 552
0x00007aca2012ab40 0x0000000216718b40 0 1 1 0 1 3 3 4816 544
0x00007aca2012abc0 0x0000000216718bc0 0 1 1 0 1 3 3 4816 552
0x00007aca2012ac40 0x0000000216718c40 0 0 0 0 1 3 3 4816 560
0x00007aca2012acc0 0x0000000216718cc0 0 0 0 0 1 3 3 4816 568
0x00007aca2012ad40 0x0000000216718d40 0 1 0 0 1 3 3 4816 560
0x00007aca2012adc0 0x0000000216718dc0 0 1 0 0 1 3 3 4816 568
0x00007aca2012ae40 0x0000000216718e40 0 0 1 0 1 3 3 4816 560
0x00007aca2012aec0 0x0000000216718ec0 0 0 1 0 1 3 3 4816 568
0x00007aca2012af40 0x0000000216718f40 0 1 1 0 1 3 3 4816 560
0x00007aca2012afc0 0x0000000216718fc0 0 1 1 0 1 3 3 4816 568
0x00007aca20136040 0x000000088bf2a040 0 0 0 0 1 3 3 33129 128
0x00007aca201360c0 0x000000088bf2a0c0 0 0 0 0 1 3 3 33129 136
0x00007aca20136140 0x000000088bf2a140 0 1 0 0 1 3 3 33129 128
0x00007aca201361c0 0x000000088bf2a1c0 0 1 0 0 1 3 3 33129 136
0x00007aca20136240 0x000000088bf2a240 0 0 1 0 1 3 3 33129 128
0x00007aca201362c0 0x000000088bf2a2c0 0 0 1 0 1 3 3 33129 136
0x00007aca20136340 0x000000088bf2a340 0 1 1 0 1 3 3 33129 128
0x00007aca201363c0 0x000000088bf2a3c0 0 1 1 0 1 3 3 33129 136
0x00007aca20136440 0x000000088bf2a440 0 0 0 0 1 3 3 33129 144
0x00007aca201364c0 0x000000088bf2a4c0 0 0 0 0 1 3 3 33129 152
0x00007aca20136540 0x000000088bf2a540 0 1 0 0 1 3 3 33129 144
0x00007aca201365c0 0x000000088bf2a5c0 0 1 0 0 1 3 3 33129 152
0x00007aca20136640 0x000000088bf2a640 0 0 1 0 1 3 3 33129 144
0x00007aca201366c0 0x000000088bf2a6c0 0 0 1 0 1 3 3 33129 152
0x00007aca20136740 0x000000088bf2a740 0 1 1 0 1 3 3 33129 144
0x00007aca201367c0 0x000000088bf2a7c0 0 1 1 0 1 3 3 33129 152
0x00007aca20136840 0x000000088bf2a840 0 0 0 0 1 3 3 33129 160
0x00007aca201368c0 0x000000088bf2a8c0 0 0 0 0 1 3 3 33129 168
0x00007aca20136940 0x000000088bf2a940 0 1 0 0 1 3 3 33129 160
0x00007aca201369c0 0x000000088bf2a9c0 0 1 0 0 1 3 3 33129 168
0x00007aca20136a40 0x000000088bf2aa40 0 0 1 0 1 3 3 33129 160
0x00007aca20136ac0 0x000000088bf2aac0 0 0 1 0 1 3 3 33129 168
0x00007aca20136b40 0x000000088bf2ab40 0 1 1 0 1 3 3 33129 160
0x00007aca20136bc0 0x000000088bf2abc0 0 1 1 0 1 3 3 33129 168
0x00007aca20136c40 0x000000088bf2ac40 0 0 0 0 1 3 3 33129 176
0x00007aca20136cc0 0x000000088bf2acc0 0 0 0 0 1 3 3 33129 184
0x00007aca20136d40 0x000000088bf2ad40 0 1 0 0 1 3 3 33129 176
0x00007aca20136dc0 0x000000088bf2adc0 0 1 0 0 1 3 3 33129 184
0x00007aca20136e40 0x000000088bf2ae40 0 0 1 0 1 3 3 33129 176
0x00007aca20136ec0 0x000000088bf2aec0 0 0 1 0 1 3 3 33129 184
0x00007aca20136f40 0x000000088bf2af40 0 1 1 0 1 3 3 33129 176
0x00007aca20136fc0 0x000000088bf2afc0 0 1 1 0 1 3 3 33129 184
0x00007aca20138040 0x0000000a867ae040 0 0 0 0 1 3 3 41157 384
0x00007aca201380c0 0x0000000a867ae0c0 0 0 0 0 1 3 3 41157 392
0x00007aca20138140 0x0000000a867ae140 0 1 0 0 1 3 3 41157 384
0x00007aca201381c0 0x0000000a867ae1c0 0 1 0 0 1 3 3 41157 392
0x00007aca20138240 0x0000000a867ae240 0 0 1 0 1 3 3 41157 384
0x00007aca201382c0 0x0000000a867ae2c0 0 0 1 0 1 3 3 41157 392
0x00007aca20138340 0x0000000a867ae340 0 1 1 0 1 3 3 41157 384
0x00007aca201383c0 0x0000000a867ae3c0 0 1 1 0 1 3 3 41157 392
0x00007aca20138440 0x0000000a867ae440 0 0 0 0 1 3 3 41157 400
0x00007aca201384c0 0x0000000a867ae4c0 0 0 0 0 1 3 3 41157 408
0x00007aca20138540 0x0000000a867ae540 0 1 0 0 1 3 3 41157 400
0x00007aca201385c0 0x0000000a867ae5c0 0 1 0 0 1 3 3 41157 408
0x00007aca20138640 0x0000000a867ae640 0 0 1 0 1 3 3 41157 400
0x00007aca201386c0 0x0000000a867ae6c0 0 0 1 0 1 3 3 41157 408
0x00007aca20138740 0x0000000a867ae740 0 1 1 0 1 3 3 41157 400
0x00007aca201387c0 0x0000000a867ae7c0 0 1 1 0 1 3 3 41157 408
0x00007aca20138840 0x0000000a867ae840 0 0 0 0 1 3 3 41157 416
0x00007aca201388c0 0x0000000a867ae8c0 0 0 0 0 1 3 3 41157 424
0x00007aca20138940 0x0000000a867ae940 0 1 0 0 1 3 3 41157 416
0x00007aca201389c0 0x0000000a867ae9c0 0 1 0 0 1 3 3 41157 424
0x00007aca20138a40 0x0000000a867aea40 0 0 1 0 1 3 3 41157 416
0x00007aca20138ac0 0x0000000a867aeac0 0 0 1 0 1 3 3 41157 424
0x00007aca20138b40 0x0000000a867aeb40 0 1 1 0 1 3 3 41157 416
0x00007aca20138bc0 0x0000000a867aebc0 0 1 1 0 1 3 3 41157 424
0x00007aca20138c40 0x0000000a867aec40 0 0 0 0 1 3 3 41157 432
0x00007aca20138cc0 0x0000000a867aecc0 0 0 0 0 1 3 3 41157 440
0x00007aca20138d40 0x0000000a867aed40 0 1 0 0 1 3 3 41157 432
0x00007aca20138dc0 0x0000000a867aedc0 0 1 0 0 1 3 3 41157 440
0x00007aca20138e40 0x0000000a867aee40 0 0 1 0 1 3 3 41157 432
0x00007aca20138ec0 0x0000000a867aeec0 0 0 1 0 1 3 3 41157 440
0x00007aca20138f40 0x0000000a867aef40 0 1 1 0 1 3 3 41157 432
0x00007aca20138fc0 0x0000000a867aefc0 0 1 1 0 1 3 3 41157 440
0x00007aca20144040 0x00000008eb713040 0 0 0 0 0 3 3 36192 704
0x00007aca201440c0 0x00000008eb7130c0 0 0 0 0 0 3 3 36192 712
0x00007aca20144140 0x00000008eb713140 0 1 0 0 0 3 3 36192 704
0x00007aca201441c0 0x00000008eb7131c0 0 1 0 0 0 3 3 36192 712
0x00007aca20144240 0x00000008eb713240 0 0 1 0 0 3 3 36192 704
0x00007aca201442c0 0x00000008eb7132c0 0 0 1 0 0 3 3 36192 712
0x00007aca20144340 0x00000008eb713340 0 1 1 0 0 3 3 36192 704
0x00007aca201443c0 0x00000008eb7133c0 0 1 1 0 0 3 3 36192 712
0x00007aca20144440 0x00000008eb713440 0 0 0 0 0 3 3 36192 720
0x00007aca201444c0 0x00000008eb7134c0 0 0 0 0 0 3 3 36192 728
0x00007aca20144540 0x00000008eb713540 0 1 0 0 0 3 3 36192 720
0x00007aca201445c0 0x00000008eb7135c0 0 1 0 0 0 3 3 36192 728
0x00007aca20144640 0x00000008eb713640 0 0 1 0 0 3 3 36192 720
0x00007aca201446c0 0x00000008eb7136c0 0 0 1 0 0 3 3 36192 728
0x00007aca20144740 0x00000008eb713740 0 1 1 0 0 3 3 36192 720
0x00007aca201447c0 0x00000008eb7137c0 0 1 1 0 0 3 3 36192 728
0x00007aca20144840 0x00000008eb713840 0 0 0 0 0 3 3 36192 736
0x00007aca201448c0 0x00000008eb7138c0 0 0 0 0 0 3 3 36192 744
0x00007aca20144940 0x00000008eb713940 0 1 0 0 0 3 3 36192 736
0x00007aca201449c0 0x00000008eb7139c0 0 1 0 0 0 3 3 36192 744
0x00007aca20144a40 0x00000008eb713a40 0 0 1 0 0 3 3 36192 736
0x00007aca20144ac0 0x00000008eb713ac0 0 0 1 0 0 3 3 36192 744
0x00007aca20144b40 0x00000008eb713b40 0 1 1 0 0 3 3 36192 736
0x00007aca20144bc0 0x00000008eb713bc0 0 1 1 0 0 3 3 36192 744
0x00007aca20144c40 0x00000008eb713c40 0 0 0 0 0 3 3 36192 752
0x00007aca20144cc0 0x00000008eb713cc0 0 0 0 0 0 3 3 36192 760
0x00007aca20144d40 0x00000008eb713d40 0 1 0 0 0 3 3 36192 752
0x00007aca20144dc0 0x00000008eb713dc0 0 1 0 0 0 3 3 36192 760
0x00007aca20144e40 0x00000008eb713e40 0 0 1 0 0 3 3 36192 752
0x00007aca20144ec0 0x00000008eb713ec0 0 0 1 0 0 3 3 36192 760
0x00007aca20144f40 0x00000008eb713f40 0 1 1 0 0 3 3 36192 752
0x00007aca20144fc0 0x00000008eb713fc0 0 1 1 0 0 3 3 36192 760
0x00007aca20146040 0x00000007917dd040 0 0 0 0 1 3 3 29222 832
0x00007aca201460c0 0x00000007917dd0c0 0 0 0 0 1 3 3 29222 840
0x00007aca20146140 0x00000007917dd140 0 1 0 0 1 3 3 29222 832
0x00007aca201461c0 0x00000007917dd1c0 0 1 0 0 1 3 3 29222 840
0x00007aca20146240 0x00000007917dd240 0 0 1 0 1 3 3 29222 832
0x00007aca201462c0 0x00000007917dd2c0 0 0 1 0 1 3 3 29222 840
0x00007aca20146340 0x00000007917dd340 0 1 1 0 1 3 3 29222 832
0x00007aca201463c0 0x00000007917dd3c0 0 1 1 0 1 3 3 29222 840
0x00007aca20146440 0x00000007917dd440 0 0 0 0 1 3 3 29222 848
0x00007aca201464c0 0x00000007917dd4c0 0 0 0 0 1 3 3 29222 856
0x00007aca20146540 0x00000007917dd540 0 1 0 0 1 3 3 29222 848
0x00007aca201465c0 0x00000007917dd5c0 0 1 0 0 1 3 3 29222 856
0x00007aca20146640 0x00000007917dd640 0 0 1 0 1 3 3 29222 848
0x00007aca201466c0 0x00000007917dd6c0 0 0 1 0 1 3 3 29222 856
0x00007aca20146740 0x00000007917dd740 0 1 1 0 1 3 3 29222 848
0x00007aca201467c0 0x00000007917dd7c0 0 1 1 0 1 3 3 29222 856
0x00007aca20146840 0x00000007917dd840 0 0 0 0 1 3 3 29222 864
0x00007aca201468c0 0x00000007917dd8c0 0 0 0 0 1 3 3 29222 872
0x00007aca20146940 0x00000007917dd940 0 1 0 0 1 3 3 29222 864
0x00007aca201469c0 0x00000007917dd9c0 0 1 0 0 1 3 3 29222 872
0x00007aca20146a40 0x00000007917dda40 0 0 1 0 1 3 3 29222 864
0x00007aca20146ac0 0x00000007917ddac0 0 0 1 0 1 3 3 29222 872
0x00007aca20146b40 0x00000007917ddb40 0 1 1 0 1 3 3 29222 864
0x00007aca20146bc0 0x00000007917ddbc0 0 1 1 0 1 3 3 29222 872
0x00007aca20146c40 0x00000007917ddc40 0 0 0 0 1 3 3 29222 880
0x00007aca20146cc0 0x00000007917ddcc0 0 0 0 0 1 3 3 29222 888
0x00007aca20146d40 0x00000007917ddd40 0 1 0 0 1 3 3 29222 880
0x00007aca20146dc0 0x00000007917dddc0 0 1 0 0 1 3 3 29222 888
0x00007aca20146e40 0x00000007917dde40 0 0 1 0 1 3 3 29222 880
0x00007aca20146ec0 0x00000007917ddec0 0 0 1 0 1 3 3 29222 888
0x00007aca20146f40 0x00000007917ddf40 0 1 1 0 1 3 3 29222 880
0x00007aca20146fc0 0x00000007917ddfc0 0 1 1 0 1 3 3 29222 888
0x00007aca2014f040 0x0000000c87ff3040 0 0 0 0 0 3 3 49391 704
0x00007aca2014f0c0 0x0000000c87ff30c0 0 0 0 0 0 3 3 49391 712
0x00007aca2014f140 0x0000000c87ff3140 0 1 0 0 0 3 3 49391 704
0x00007aca2014f1c0 0x0000000c87ff31c0 0 1 0 0 0 3 3 49391 712
0x00007aca2014f240 0x0000000c87ff3240 0 0 1 0 0 3 3 49391 704
0x00007aca2014f2c0 0x0000000c87ff32c0 0 0 1 0 0 3 3 49391 712
0x00007aca2014f340 0x0000000c87ff3340 0 1 1 0 0 3 3 49391 704
0x00007aca2014f3c0 0x0000000c87ff33c0 0 1 1 0 0 3 3 49391 712
0x00007aca2014f440 0x0000000c87ff3440 0 0 0 0 0 3 3 49391 720
0x00007aca2014f4c0 0x0000000c87ff34c0 0 0 0 0 0 3 3 49391 728
0x00007aca2014f540 0x0000000c87ff3540 0 1 0 0 0 3 3 49391 720
0x00007aca2014f5c0 0x0000000c87ff35c0 0 1 0 0 0 3 3 49391 728
0x00007aca2014f640 0x0000000c87ff3640 0 0 1 0 0 3 3 49391 720
0x00007aca2014f6c0 0x0000000c87ff36c0 0 0 1 0 0 3 3 49391 728
0x00007aca2014f740 0x0000000c87ff3740 0 1 1 0 0 3 3 49391 720
0x00007aca2014f7c0 0x0000000c87ff37c0 0 1 1 0 0 3 3 49391 728
0x00007aca2014f840 0x0000000c87ff3840 0 0 0 0 0 3 3 49391 736
0x00007aca2014f8c0 0x0000000c87ff38c0 0 0 0 0 0 3 3 49391 744
0x00007aca2014f940 0x0000000c87ff3940 0 1 0 0 0 3 3 49391 736
0x00007aca2014f9c0 0x0000000c87ff39c0 0 1 0 0 0 3 3 49391 744
0x00007aca2014fa40 0x0000000c87ff3a40 0 0 1 0 0 3 3 49391 736
0x00007aca2014fac0 0x0000000c87ff3ac0 0 0 1 0 0 3 3 49391 744
0x00007aca2014fb40 0x0000000c87ff3b40 0 1 1 0 0 3 3 49391 736
0x00007aca2014fbc0 0x0000000c87ff3bc0 0 1 1 0 0 3 3 49391 744
0x00007aca2014fc40 0x0000000c87ff3c40 0 0 0 0 0 3 3 49391 752
0x00007aca2014fcc0 0x0000000c87ff3cc0 0 0 0 0 0 3 3 49391 760
0x00007aca2014fd40 0x0000000c87ff3d40 0 1 0 0 0 3 3 49391 752
0x00007aca2014fdc0 0x0000000c87ff3dc0 0 1 0 0 0 3 3 49391 760
0x00007aca2014fe40 0x0000000c87ff3e40 0 0 1 0 0 3 3 49391 752
0x00007aca2014fec0 0x0000000c87ff3ec0 0 0 1 0 0 3 3 49391 760
0x00007aca2014ff40 0x0000000c87ff3f40 0 1 1 0 0 3 3 49391 752
0x00007aca2014ffc0 0x0000000c87ff3fc0 0 1 1 0 0 3 3 49391 760
0x00007aca2015a040 0x0000000ae2ffd040 0 0 0 0 1 3 3 44111 832
0x00007aca2015a0c0 0x0000000ae2ffd0c0 0 0 0 0 1 3 3 44111 840
0x00007aca2015a140 0x0000000ae2ffd140 0 1 0 0 1 3 3 44111 832
0x00007aca2015a1c0 0x0000000ae2ffd1c0 0 1 0 0 1 3 3 44111 840
0x00007aca2015a240 0x0000000ae2ffd240 0 0 1 0 1 3 3 44111 832
0x00007aca2015a2c0 0x0000000ae2ffd2c0 0 0 1 0 1 3 3 44111 840
0x00007aca2015a340 0x0000000ae2ffd340 0 1 1 0 1 3 3 44111 832
0x00007aca2015a3c0 0x0000000ae2ffd3c0 0 1 1 0 1 3 3 44111 840
0x00007aca2015a440 0x0000000ae2ffd440 0 0 0 0 1 3 3 44111 848
0x00007aca2015a4c0 0x0000000ae2ffd4c0 0 0 0 0 1 3 3 44111 856
0x00007aca2015a540 0x0000000ae2ffd540 0 1 0 0 1 3 3 44111 848
0x00007aca2015a5c0 0x0000000ae2ffd5c0 0 1 0 0 1 3 3 44111 856
0x00007aca2015a640 0x0000000ae2ffd640 0 0 1 0 1 3 3 44111 848
0x00007aca2015a6c0 0x0000000ae2ffd6c0 0 0 1 0 1 3 3 44111 856
0x00007aca2015a740 0x0000000ae2ffd740 0 1 1 0 1 3 3 44111 848
0x00007aca2015a7c0 0x0000000ae2ffd7c0 0 1 1 0 1 3 3 44111 856
0x00007aca2015a840 0x0000000ae2ffd840 0 0 0 0 1 3 3 44111 864
0x00007aca2015a8c0 0x0000000ae2ffd8c0 0 0 0 0 1 3 3 44111 872
0x00007aca2015a940 0x0000000ae2ffd940 0 1 0 0 1 3 3 44111 864
0x00007aca2015a9c0 0x0000000ae2ffd9c0 0 1 0 0 1 3 3 44111 872
0x00007aca2015aa40 0x0000000ae2ffda40 0 0 1 0 1 3 3 44111 864
0x00007aca2015aac0 0x0000000ae2ffdac0 0 0 1 0 1 3 3 44111 872
0x00007aca2015ab40 0x0000000ae2ffdb40 0 1 1 0 1 3 3 44111 864
0x00007aca2015abc0 0x0000000ae2ffdbc0 0 1 1 0 1 3 3 44111 872
0x00007aca2015ac40 0x0000000ae2ffdc40 0 0 0 0 1 3 3 44111 880
0x00007aca2015acc0 0x0000000ae2ffdcc0 0 0 0 0 1 3 3 44111 888
0x00007aca2015ad40 0x0000000ae2ffdd40 0 1 0 0 1 3 3 44111 880
0x00007aca2015adc0 0x0000000ae2ffddc0 0 1 0 0 1 3 3 44111 888
0x00007aca2015ae40 0x0000000ae2ffde40 0 0 1 0 1 3 3 44111 880
0x00007aca2015aec0 0x0000000ae2ffdec0 0 0 1 0 1 3 3 44111 888
0x00007aca2015af40 0x0000000ae2ffdf40 0 1 1 0 1 3 3 44111 880
0x00007aca2015afc0 0x0000000ae2ffdfc0 0 1 1 0 1 3 3 44111 888
0x00007aca20161040 0x000000018a7a4040 0 0 0 0 0 3 3 4421 256
0x00007aca201610c0 0x000000018a7a40c0 0 0 0 0 0 3 3 4421 264
0x00007aca20161140 0x000000018a7a4140 0 1 0 0 0 3 3 4421 256
0x00007aca201611c0 0x000000018a7a41c0 0 1 0 0 0 3 3 4421 264
0x00007aca20161240 0x000000018a7a4240 0 0 1 0 0 3 3 4421 256
0x00007aca201612c0 0x000000018a7a42c0 0 0 1 0 0 3 3 4421 264
0x00007aca20161340 0x000000018a7a4340 0 1 1 0 0 3 3 4421 256
0x00007aca201613c0 0x000000018a7a43c0 0 1 1 0 0 3 3 4421 264
0x00007aca20161440 0x000000018a7a4440 0 0 0 0 0 3 3 4421 272
0x00007aca201614c0 0x000000018a7a44c0 0 0 0 0 0 3 3 4421 280
0x00007aca20161540 0x000000018a7a4540 0 1 0 0 0 3 3 4421 272
0x00007aca201615c0 0x000000018a7a45c0 0 1 0 0 0 3 3 4421 280
0x00007aca20161640 0x000000018a7a4640 0 0 1 0 0 3 3 4421 272
0x00007aca201616c0 0x000000018a7a46c0 0 0 1 0 0 3 3 4421 280
0x00007aca20161740 0x000000018a7a4740 0 1 1 0 0 3 3 4421 272
0x00007aca201617c0 0x000000018a7a47c0 0 1 1 0 0 3 3 4421 280
0x00007aca20161840 0x000000018a7a4840 0 0 0 0 0 3 3 4421 288
0x00007aca201618c0 0x000000018a7a48c0 0 0 0 0 0 3 3 4421 296
0x00007aca20161940 0x000000018a7a4940 0 1 0 0 0 3 3 4421 288
0x00007aca201619c0 0x000000018a7a49c0 0 1 0 0 0 3 3 4421 296
0x00007aca20161a40 0x000000018a7a4a40 0 0 1 0 0 3 3 4421 288
0x00007aca20161ac0 0x000000018a7a4ac0 0 0 1 0 0 3 3 4421 296
0x00007aca20161b40 0x000000018a7a4b40 0 1 1 0 0 3 3 4421 288
0x00007aca20161bc0 0x000000018a7a4bc0 0 1 1 0 0 3 3 4421 296
0x00007aca20161c40 0x000000018a7a4c40 0 0 0 0 0 3 3 4421 304
0x00007aca20161cc0 0x000000018a7a4cc0 0 0 0 0 0 3 3 4421 312
0x00007aca20161d40 0x000000018a7a4d40 0 1 0 0 0 3 3 4421 304
0x00007aca20161dc0 0x000000018a7a4dc0 0 1 0 0 0 3 3 4421 312
0x00007aca20161e40 0x000000018a7a4e40 0 0 1 0 0 3 3 4421 304
0x00007aca20161ec0 0x000000018a7a4ec0 0 0 1 0 0 3 3 4421 312
0x00007aca20161f40 0x000000018a7a4f40 0 1 1 0 0 3 3 4421 304
0x00007aca20161fc0 0x000000018a7a4fc0 0 1 1 0 0 3 3 4421 312
0x00007aca20164040 0x0000000c24fad040 0 0 0 0 1 3 3 46237 320
0x00007aca201640c0 0x0000000c24fad0c0 0 0 0 0 1 3 3 46237 328
0x00007aca20164140 0x0000000c24fad140 0 1 0 0 1 3 3 46237 320
0x00007aca201641c0 0x0000000c24fad1c0 0 1 0 0 1 3 3 46237 328
0x00007aca20164240 0x0000000c24fad240 0 0 1 0 1 3 3 46237 320
0x00007aca201642c0 0x0000000c24fad2c0 0 0 1 0 1 3 3 46237 328
0x00007aca20164340 0x0000000c24fad340 0 1 1 0 1 3 3 46237 320
0x00007aca201643c0 0x0000000c24fad3c0 0 1 1 0 1 3 3 46237 328
0x00007aca20164440 0x0000000c24fad440 0 0 0 0 1 3 3 46237 336
0x00007aca201644c0 0x0000000c24fad4c0 0 0 0 0 1 3 3 46237 344
0x00007aca20164540 0x0000000c24fad540 0 1 0 0 1 3 3 46237 336
0x00007aca201645c0 0x0000000c24fad5c0 0 1 0 0 1 3 3 46237 344
0x00007aca20164640 0x0000000c24fad640 0 0 1 0 1 3 3 46237 336
0x00007aca201646c0 0x0000000c24fad6c0 0 0 1 0 1 3 3 46237 344
0x00007aca20164740 0x0000000c24fad740 0 1 1 0 1 3 3 46237 336
0x00007aca201647c0 0x0000000c24fad7c0 0 1 1 0 1 3 3 46237 344
0x00007aca20164840 0x0000000c24fad840 0 0 0 0 1 3 3 46237 352
0x00007aca201648c0 0x0000000c24fad8c0 0 0 0 0 1 3 3 46237 360
0x00007aca20164940 0x0000000c24fad940 0 1 0 0 1 3 3 46237 352
0x00007aca201649c0 0x0000000c24fad9c0 0 1 0 0 1 3 3 46237 360
0x00007aca20164a40 0x0000000c24fada40 0 0 1 0 1 3 3 46237 352
0x00007aca20164ac0 0x0000000c24fadac0 0 0 1 0 1 3 3 46237 360
0x00007aca20164b40 0x0000000c24fadb40 0 1 1 0 1 3 3 46237 352
0x00007aca20164bc0 0x0000000c24fadbc0 0 1 1 0 1 3 3 46237 360
0x00007aca20164c40 0x0000000c24fadc40 0 0 0 0 1 3 3 46237 368
0x00007aca20164cc0 0x0000000c24fadcc0 0 0 0 0 1 3 3 46237 376
0x00007aca20164d40 0x0000000c24fadd40 0 1 0 0 1 3 3 46237 368
0x00007aca20164dc0 0x0000000c24faddc0 0 1 0 0 1 3 3 46237 376
0x00007aca20164e40 0x0000000c24fade40 0 0 1 0 1 3 3 46237 368
0x00007aca20164ec0 0x0000000c24fadec0 0 0 1 0 1 3 3 46237 376
0x00007aca20164f40 0x0000000c24fadf40 0 1 1 0 1 3 3 46237 368
0x00007aca20164fc0 0x0000000c24fadfc0 0 1 1 0 1 3 3 46237 376
0x00007aca20170040 0x00000009da707040 0 0 0 0 0 3 3 39744 448
0x00007aca201700c0 0x00000009da7070c0 0 0 0 0 0 3 3 39744 456
0x00007aca20170140 0x00000009da707140 0 1 0 0 0 3 3 39744 448
0x00007aca201701c0 0x00000009da7071c0 0 1 0 0 0 3 3 39744 456
0x00007aca20170240 0x00000009da707240 0 0 1 0 0 3 3 39744 448
0x00007aca201702c0 0x00000009da7072c0 0 0 1 0 0 3 3 39744 456
0x00007aca20170340 0x00000009da707340 0 1 1 0 0 3 3 39744 448
0x00007aca201703c0 0x00000009da7073c0 0 1 1 0 0 3 3 39744 456
0x00007aca20170440 0x00000009da707440 0 0 0 0 0 3 3 39744 464
0x00007aca201704c0 0x00000009da7074c0 0 0 0 0 0 3 3 39744 472
0x00007aca20170540 0x00000009da707540 0 1 0 0 0 3 3 39744 464
0x00007aca201705c0 0x00000009da7075c0 0 1 0 0 0 3 3 39744 472
0x00007aca20170640 0x00000009da707640 0 0 1 0 0 3 3 39744 464
0x00007aca201706c0 0x00000009da7076c0 0 0 1 0 0 3 3 39744 472
0x00007aca20170740 0x00000009da707740 0 1 1 0 0 3 3 39744 464
0x00007aca201707c0 0x00000009da7077c0 0 1 1 0 0 3 3 39744 472
0x00007aca20170840 0x00000009da707840 0 0 0 0 0 3 3 39744 480
0x00007aca201708c0 0x00000009da7078c0 0 0 0 0 0 3 3 39744 488
0x00007aca20170940 0x00000009da707940 0 1 0 0 0 3 3 39744 480
0x00007aca201709c0 0x00000009da7079c0 0 1 0 0 0 3 3 39744 488
0x00007aca20170a40 0x00000009da707a40 0 0 1 0 0 3 3 39744 480
0x00007aca20170ac0 0x00000009da707ac0 0 0 1 0 0 3 3 39744 488
0x00007aca20170b40 0x00000009da707b40 0 1 1 0 0 3 3 39744 480
0x00007aca20170bc0 0x00000009da707bc0 0 1 1 0 0 3 3 39744 488
0x00007aca20170c40 0x00000009da707c40 0 0 0 0 0 3 3 39744 496
0x00007aca20170cc0 0x00000009da707cc0 0 0 0 0 0 3 3 39744 504
0x00007aca20170d40 0x00000009da707d40 0 1 0 0 0 3 3 39744 496
0x00007aca20170dc0 0x00000009da707dc0 0 1 0 0 0 3 3 39744 504
0x00007aca20170e40 0x00000009da707e40 0 0 1 0 0 3 3 39744 496
0x00007aca20170ec0 0x00000009da707ec0 0 0 1 0 0 3 3 39744 504
0x00007aca20170f40 0x00000009da707f40 0 1 1 0 0 3 3 39744 496
0x00007aca20170fc0 0x00000009da707fc0 0 1 1 0 0 3 3 39744 504
0x00007aca2017f040 0x00000009b275f040 0 0 0 0 1 3 3 38466 960
0x00007aca2017f0c0 0x00000009b275f0c0 0 0 0 0 1 3 3 38466 968
0x00007aca2017f140 0x00000009b275f140 0 1 0 0 1 3 3 38466 960
0x00007aca2017f1c0 0x00000009b275f1c0 0 1 0 0 1 3 3 38466 968
0x00007aca2017f240 0x00000009b275f240 0 0 1 0 1 3 3 38466 960
0x00007aca2017f2c0 0x00000009b275f2c0 0 0 1 0 1 3 3 38466 968
0x00007aca2017f340 0x00000009b275f340 0 1 1 0 1 3 3 38466 960
0x00007aca2017f3c0 0x00000009b275f3c0 0 1 1 0 1 3 3 38466 968
0x00007aca2017f440 0x00000009b275f440 0 0 0 0 1 3 3 38466 976
0x00007aca2017f4c0 0x00000009b275f4c0 0 0 0 0 1 3 3 38466 984
0x00007aca2017f540 0x00000009b275f540 0 1 0 0 1 3 3 38466 976
0x00007aca2017f5c0 0x00000009b275f5c0 0 1 0 0 1 3 3 38466 984
0x00007aca2017f640 0x00000009b275f640 0 0 1 0 1 3 3 38466 976
0x00007aca2017f6c0 0x00000009b275f6c0 0 0 1 0 1 3 3 38466 984
0x00007aca2017f740 0x00000009b275f740 0 1 1 0 1 3 3 38466 976
0x00007aca2017f7c0 0x00000009b275f7c0 0 1 1 0 1 3 3 38466 984
0x00007aca2017f840 0x00000009b275f840 0 0 0 0 1 3 3 38466 992
0x00007aca2017f8c0 0x00000009b275f8c0 0 0 0 0 1 3 3 38466 1000
0x00007aca2017f940 0x00000009b275f940 0 1 0 0 1 3 3 38466 992
0x00007aca2017f9c0 0x00000009b275f9c0 0 1 0 0 1 3 3 38466 1000
0x00007aca2017fa40 0x00000009b275fa40 0 0 1 0 1 3 3 38466 992
0x00007aca2017fac0 0x00000009b275fac0 0 0 1 0 1 3 3 38466 1000
0x00007aca2017fb40 0x00000009b275fb40 0 1 1 0 1 3 3 38466 992
0x00007aca2017fbc0 0x00000009b275fbc0 0 1 1 0 1 3 3 38466 1000
0x00007aca2017fc40 0x00000009b275fc40 0 0 0 0 1 3 3 38466 1008
0x00007aca2017fcc0 0x00000009b275fcc0 0 0 0 0 1 3 3 38466 1016
0x00007aca2017fd40 0x00000009b275fd40 0 1 0 0 1 3 3 38466 1008
0x00007aca2017fdc0 0x00000009b275fdc0 0 1 0 0 1 3 3 38466 1016
0x00007aca2017fe40 0x00000009b275fe40 0 0 1 0 1 3 3 38466 1008
0x00007aca2017fec0 0x00000009b275fec0 0 0 1 0 1 3 3 38466 1016
0x00007aca2017ff40 0x00000009b275ff40 0 1 1 0 1 3 3 38466 1008
0x00007aca2017ffc0 0x00000009b275ffc0 0 1 1 0 1 3 3 38466 1016
0x00007aca20180040 0x0000000bf8fd9040 0 0 0 0 1 3 3 48910 576
0x00007aca201800c0 0x0000000bf8fd90c0 0 0 0 0 1 3 3 48910 584
0x00007aca20180140 0x0000000bf8fd9140 0 1 0 0 1 3 3 48910 576
0x00007aca201801c0 0x0000000bf8fd91c0 0 1 0 0 1 3 3 48910 584
0x00007aca20180240 0x0000000bf8fd9240 0 0 1 0 1 3 3 48910 576
0x00007aca201802c0 0x0000000bf8fd92c0 0 0 1 0 1 3 3 48910 584
0x00007aca20180340 0x0000000bf8fd9340 0 1 1 0 1 3 3 48910 576
0x00007aca201803c0 0x0000000bf8fd93c0 0 1 1 0 1 3 3 48910 584
0x00007aca20180440 0x0000000bf8fd9440 0 0 0 0 1 3 3 48910 592
0x00007aca201804c0 0x0000000bf8fd94c0 0 0 0 0 1 3 3 48910 600
0x00007aca20180540 0x0000000bf8fd9540 0 1 0 0 1 3 3 48910 592
0x00007aca201805c0 0x0000000bf8fd95c0 0 1 0 0 1 3 3 48910 600
0x00007aca20180640 0x0000000bf8fd9640 0 0 1 0 1 3 3 48910 592
0x00007aca201806c0 0x0000000bf8fd96c0 0 0 1 0 1 3 3 48910 600
0x00007aca20180740 0x0000000bf8fd9740 0 1 1 0 1 3 3 48910 592
0x00007aca201807c0 0x0000000bf8fd97c0 0 1 1 0 1 3 3 48910 600
0x00007aca20180840 0x0000000bf8fd9840 0 0 0 0 1 3 3 48910 608
0x00007aca201808c0 0x0000000bf8fd98c0 0 0 0 0 1 3 3 48910 616
0x00007aca20180940 0x0000000bf8fd9940 0 1 0 0 1 3 3 48910 608
0x00007aca201809c0 0x0000000bf8fd99c0 0 1 0 0 1 3 3 48910 616
0x00007aca20180a40 0x0000000bf8fd9a40 0 0 1 0 1 3 3 48910 608
0x00007aca20180ac0 0x0000000bf8fd9ac0 0 0 1 0 1 3 3 48910 616
0x00007aca20180b40 0x0000000bf8fd9b40 0 1 1 0 1 3 3 48910 608
0x00007aca20180bc0 0x0000000bf8fd9bc0 0 1 1 0 1 3 3 48910 616
0x00007aca20180c40 0x0000000bf8fd9c40 0 0 0 0 1 3 3 48910 624
0x00007aca20180cc0 0x0000000bf8fd9cc0 0 0 0 0 1 3 3 48910 632
0x00007aca20180d40 0x0000000bf8fd9d40 0 1 0 0 1 3 3 48910 624
0x00007aca20180dc0 0x0000000bf8fd9dc0 0 1 0 0 1 3 3 48910 632
0x00007aca20180e40 0x0000000bf8fd9e40 0 0 1 0 1 3 3 48910 624
0x00007aca20180ec0 0x0000000bf8fd9ec0 0 0 1 0 1 3 3 48910 632
0x00007aca20180f40 0x0000000bf8fd9f40 0 1 1 0 1 3 3 48910 624
0x00007aca20180fc0 0x0000000bf8fd9fc0 0 1 1 0 1 3 3 48910 632
0x00007aca2018c040 0x0000000a99f3b040 0 0 0 0 1 3 3 41769 704
0x00007aca2018c0c0 0x0000000a99f3b0c0 0 0 0 0 1 3 3 41769 712
0x00007aca2018c140 0x0000000a99f3b140 0 1 0 0 1 3 3 41769 704
0x00007aca2018c1c0 0x0000000a99f3b1c0 0 1 0 0 1 3 3 41769 712
0x00007aca2018c240 0x0000000a99f3b240 0 0 1 0 1 3 3 41769 704
0x00007aca2018c2c0 0x0000000a99f3b2c0 0 0 1 0 1 3 3 41769 712
0x00007aca2018c340 0x0000000a99f3b340 0 1 1 0 1 3 3 41769 704
0x00007aca2018c3c0 0x0000000a99f3b3c0 0 1 1 0 1 3 3 41769 712
0x00007aca2018c440 0x0000000a99f3b440 0 0 0 0 1 3 3 41769 720
0x00007aca2018c4c0 0x0000000a99f3b4c0 0 0 0 0 1 3 3 41769 728
0x00007aca2018c540 0x0000000a99f3b540 0 1 0 0 1 3 3 41769 720
0x00007aca2018c5c0 0x0000000a99f3b5c0 0 1 0 0 1 3 3 41769 728
0x00007aca2018c640 0x0000000a99f3b640 0 0 1 0 1 3 3 41769 720
0x00007aca2018c6c0 0x0000000a99f3b6c0 0 0 1 0 1 3 3 41769 728
0x00007aca2018c740 0x0000000a99f3b740 0 1 1 0 1 3 3 41769 720
0x00007aca2018c7c0 0x0000000a99f3b7c0 0 1 1 0 1 3 3 41769 728
0x00007aca2018c840 0x0000000a99f3b840 0 0 0 0 1 3 3 41769 736
0x00007aca2018c8c0 0x0000000a99f3b8c0 0 0 0 0 1 3 3 41769 744
0x00007aca2018c940 0x0000000a99f3b940 0 1 0 0 1 3 3 41769 736
0x00007aca2018c9c0 0x0000000a99f3b9c0 0 1 0 0 1 3 3 41769 744
0x00007aca2018ca40 0x0000000a99f3ba40 0 0 1 0 1 3 3 41769 736
0x00007aca2018cac0 0x0000000a99f3bac0 0 0 1 0 1 3 3 41769 744
0x00007aca2018cb40 0x0000000a99f3bb40 0 1 1 0 1 3 3 41769 736
0x00007aca2018cbc0 0x0000000a99f3bbc0 0 1 1 0 1 3 3 41769 744
0x00007aca2018cc40 0x0000000a99f3bc40 0 0 0 0 1 3 3 41769 752
0x00007aca2018ccc0 0x0000000a99f3bcc0 0 0 0 0 1 3 3 41769 760
0x00007aca2018cd40 0x0000000a99f3bd40 0 1 0 0 1 3 3 41769 752
0x00007aca2018cdc0 0x0000000a99f3bdc0 0 1 0 0 1 3 3 41769 760
0x00007aca2018ce40 0x0000000a99f3be40 0 0 1 0 1 3 3 41769 752
0x00007aca2018cec0 0x0000000a99f3bec0 0 0 1 0 1 3 3 41769 760
0x00007aca2018cf40 0x0000000a99f3bf40 0 1 1 0 1 3 3 41769 752
0x00007aca2018cfc0 0x0000000a99f3bfc0 0 1 1 0 1 3 3 41769 760
0x00007aca2019e040 0x000000022a7b2040 0 0 0 0 0 3 3 5461 640
0x00007aca2019e0c0 0x000000022a7b20c0 0 0 0 0 0 3 3 5461 648
0x00007aca2019e140 0x000000022a7b2140 0 1 0 0 0 3 3 5461 640
0x00007aca2019e1c0 0x000000022a7b21c0 0 1 0 0 0 3 3 5461 648
0x00007aca2019e240 0x000000022a7b2240 0 0 1 0 0 3 3 5461 640
0x00007aca2019e2c0 0x000000022a7b22c0 0 0 1 0 0 3 3 5461 648
0x00007aca2019e340 0x000000022a7b2340 0 1 1 0 0 3 3 5461 640
0x00007aca2019e3c0 0x000000022a7b23c0 0 1 1 0 0 3 3 5461 648
0x00007aca2019e440 0x000000022a7b2440 0 0 0 0 0 3 3 5461 656
0x00007aca2019e4c0 0x000000022a7b24c0 0 0 0 0 0 3 3 5461 664
0x00007aca2019e540 0x000000022a7b2540 0 1 0 0 0 3 3 5461 656
0x00007aca2019e5c0 0x000000022a7b25c0 0 1 0 0 0 3 3 5461 664
0x00007aca2019e640 0x000000022a7b2640 0 0 1 0 0 3 3 5461 656
0x00007aca2019e6c0 0x000000022a7b26c0 0 0 1 0 0 3 3 5461 664
0x00007aca2019e740 0x000000022a7b2740 0 1 1 0 0 3 3 5461 656
0x00007aca2019e7c0 0x000000022a7b27c0 0 1 1 0 0 3 3 5461 664
0x00007aca2019e840 0x000000022a7b2840 0 0 0 0 0 3 3 5461 672
0x00007aca2019e8c0 0x000000022a7b28c0 0 0 0 0 0 3 3 5461 680
0x00007aca2019e940 0x000000022a7b2940 0 1 0 0 0 3 3 5461 672
0x00007aca2019e9c0 0x000000022a7b29c0 0 1 0 0 0 3 3 5461 680
0x00007aca2019ea40 0x000000022a7b2a40 0 0 1 0 0 3 3 5461 672
0x00007aca2019eac0 0x000000022a7b2ac0 0 0 1 0 0 3 3 5461 680
0x00007aca2019eb40 0x000000022a7b2b40 0 1 1 0 0 3 3 5461 672
0x00007aca2019ebc0 0x000000022a7b2bc0 0 1 1 0 0 3 3 5461 680
0x00007aca2019ec40 0x000000022a7b2c40 0 0 0 0 0 3 3 5461 688
0x00007aca2019ecc0 0x000000022a7b2cc0 0 0 0 0 0 3 3 5461 696
0x00007aca2019ed40 0x000000022a7b2d40 0 1 0 0 0 3 3 5461 688
0x00007aca2019edc0 0x000000022a7b2dc0 0 1 0 0 0 3 3 5461 696
0x00007aca2019ee40 0x000000022a7b2e40 0 0 1 0 0 3 3 5461 688
0x00007aca2019eec0 0x000000022a7b2ec0 0 0 1 0 0 3 3 5461 696
0x00007aca2019ef40 0x000000022a7b2f40 0 1 1 0 0 3 3 5461 688
0x00007aca2019efc0 0x000000022a7b2fc0 0 1 1 0 0 3 3 5461 696
0x00007aca201a9040 0x0000000d55752040 0 0 0 0 0 3 3 51890 640
0x00007aca201a90c0 0x0000000d557520c0 0 0 0 0 0 3 3 51890 648
0x00007aca201a9140 0x0000000d55752140 0 1 0 0 0 3 3 51890 640
0x00007aca201a91c0 0x0000000d557521c0 0 1 0 0 0 3 3 51890 648
0x00007aca201a9240 0x0000000d55752240 0 0 1 0 0 3 3 51890 640
0x00007aca201a92c0 0x0000000d557522c0 0 0 1 0 0 3 3 51890 648
0x00007aca201a9340 0x0000000d55752340 0 1 1 0 0 3 3 51890 640
0x00007aca201a93c0 0x0000000d557523c0 0 1 1 0 0 3 3 51890 648
0x00007aca201a9440 0x0000000d55752440 0 0 0 0 0 3 3 51890 656
0x00007aca201a94c0 0x0000000d557524c0 0 0 0 0 0 3 3 51890 664
0x00007aca201a9540 0x0000000d55752540 0 1 0 0 0 3 3 51890 656
0x00007aca201a95c0 0x0000000d557525c0 0 1 0 0 0 3 3 51890 664
0x00007aca201a9640 0x0000000d55752640 0 0 1 0 0 3 3 51890 656
0x00007aca201a96c0 0x0000000d557526c0 0 0 1 0 0 3 3 51890 664
0x00007aca201a9740 0x0000000d55752740 0 1 1 0 0 3 3 51890 656
0x00007aca201a97c0 0x0000000d557527c0 0 1 1 0 0 3 3 51890 664
0x00007aca201a9840 0x0000000d55752840 0 0 0 0 0 3 3 51890 672
0x00007aca201a98c0 0x0000000d557528c0 0 0 0 0 0 3 3 51890 680
0x00007aca201a9940 0x0000000d55752940 0 1 0 0 0 3 3 51890 672
0x00007aca201a99c0 0x0000000d557529c0 0 1 0 0 0 3 3 51890 680
0x00007aca201a9a40 0x0000000d55752a40 0 0 1 0 0 3 3 51890 672
0x00007aca201a9ac0 0x0000000d55752ac0 0 0 1 0 0 3 3 51890 680
0x00007aca201a9b40 0x0000000d55752b40 0 1 1 0 0 3 3 51890 672
0x00007aca201a9bc0 0x0000000d55752bc0 0 1 1 0 0 3 3 51890 680
0x00007aca201a9c40 0x0000000d55752c40 0 0 0 0 0 3 3 51890 688
0x00007aca201a9cc0 0x0000000d55752cc0 0 0 0 0 0 3 3 51890 696
0x00007aca201a9d40 0x0000000d55752d40 0 1 0 0 0 3 3 51890 688
0x00007aca201a9dc0 0x0000000d55752dc0 0 1 0 0 0 3 3 51890 696
0x00007aca201a9e40 0x0000000d55752e40 0 0 1 0 0 3 3 51890 688
0x00007aca201a9ec0 0x0000000d55752ec0 0 0 1 0 0 3 3 51890 696
0x00007aca201a9f40 0x0000000d55752f40 0 1 1 0 0 3 3 51890 688
0x00007aca201a9fc0 0x0000000d55752fc0 0 1 1 0 0 3 3 51890 696
0x00007aca201b2040 0x00000007fb76f040 0 0 0 0 1 3 3 32611 448
0x00007aca201b20c0 0x00000007fb76f0c0 0 0 0 0 1 3 3 32611 456
0x00007aca201b2140 0x00000007fb76f140 0 1 0 0 1 3 3 32611 448
0x00007aca201b21c0 0x00000007fb76f1c0 0 1 0 0 1 3 3 32611 456
0x00007aca201b2240 0x00000007fb76f240 0 0 1 0 1 3 3 32611 448
0x00007aca201b22c0 0x00000007fb76f2c0 0 0 1 0 1 3 3 32611 456
0x00007aca201b2340 0x00000007fb76f340 0 1 1 0 1 3 3 32611 448
0x00007aca201b23c0 0x00000007fb76f3c0 0 1 1 0 1 3 3 32611 456
0x00007aca201b2440 0x00000007fb76f440 0 0 0 0 1 3 3 32611 464
0x00007aca201b24c0 0x00000007fb76f4c0 0 0 0 0 1 3 3 32611 472
0x00007aca201b2540 0x00000007fb76f540 0 1 0 0 1 3 3 32611 464
0x00007aca201b25c0 0x00000007fb76f5c0 0 1 0 0 1 3 3 32611 472
0x00007aca201b2640 0x00000007fb76f640 0 0 1 0 1 3 3 32611 464
0x00007aca201b26c0 0x00000007fb76f6c0 0 0 1 0 1 3 3 32611 472
0x00007aca201b2740 0x00000007fb76f740 0 1 1 0 1 3 3 32611 464
0x00007aca201b27c0 0x00000007fb76f7c0 0 1 1 0 1 3 3 32611 472
0x00007aca201b2840 0x00000007fb76f840 0 0 0 0 1 3 3 32611 480
0x00007aca201b28c0 0x00000007fb76f8c0 0 0 0 0 1 3 3 32611 488
0x00007aca201b2940 0x00000007fb76f940 0 1 0 0 1 3 3 32611 480
0x00007aca201b29c0 0x00000007fb76f9c0 0 1 0 0 1 3 3 32611 488
0x00007aca201b2a40 0x00000007fb76fa40 0 0 1 0 1 3 3 32611 480
0x00007aca201b2ac0 0x00000007fb76fac0 0 0 1 0 1 3 3 32611 488
0x00007aca201b2b40 0x00000007fb76fb40 0 1 1 0 1 3 3 32611 480
0x00007aca201b2bc0 0x00000007fb76fbc0 0 1 1 0 1 3 3 32611 488
0x00007aca201b2c40 0x00000007fb76fc40 0 0 0 0 1 3 3 32611 496
0x00007aca201b2cc0 0x00000007fb76fcc0 0 0 0 0 1 3 3 32611 504
0x00007aca201b2d40 0x00000007fb76fd40 0 1 0 0 1 3 3 32611 496
0x00007aca201b2dc0 0x00000007fb76fdc0 0 1 0 0 1 3 3 32611 504
0x00007aca201b2e40 0x00000007fb76fe40 0 0 1 0 1 3 3 32611 496
0x00007aca201b2ec0 0x00000007fb76fec0 0 0 1 0 1 3 3 32611 504
0x00007aca201b2f40 0x00000007fb76ff40 0 1 1 0 1 3 3 32611 496
0x00007aca201b2fc0 0x00000007fb76ffc0 0 1 1 0 1 3 3 32611 504
0x00007aca201b5040 0x0000000b85f1f040 0 0 0 0 1 3 3 45224 960
0x00007aca201b50c0 0x0000000b85f1f0c0 0 0 0 0 1 3 3 45224 968
0x00007aca201b5140 0x0000000b85f1f140 0 1 0 0 1 3 3 45224 960
0x00007aca201b51c0 0x0000000b85f1f1c0 0 1 0 0 1 3 3 45224 968
0x00007aca201b5240 0x0000000b85f1f240 0 0 1 0 1 3 3 45224 960
0x00007aca201b52c0 0x0000000b85f1f2c0 0 0 1 0 1 3 3 45224 968
0x00007aca201b5340 0x0000000b85f1f340 0 1 1 0 1 3 3 45224 960
0x00007aca201b53c0 0x0000000b85f1f3c0 0 1 1 0 1 3 3 45224 968
0x00007aca201b5440 0x0000000b85f1f440 0 0 0 0 1 3 3 45224 976
0x00007aca201b54c0 0x0000000b85f1f4c0 0 0 0 0 1 3 3 45224 984
0x00007aca201b5540 0x0000000b85f1f540 0 1 0 0 1 3 3 45224 976
0x00007aca201b55c0 0x0000000b85f1f5c0 0 1 0 0 1 3 3 45224 984
0x00007aca201b5640 0x0000000b85f1f640 0 0 1 0 1 3 3 45224 976
0x00007aca201b56c0 0x0000000b85f1f6c0 0 0 1 0 1 3 3 45224 984
0x00007aca201b5740 0x0000000b85f1f740 0 1 1 0 1 3 3 45224 976
0x00007aca201b57c0 0x0000000b85f1f7c0 0 1 1 0 1 3 3 45224 984
0x00007aca201b5840 0x0000000b85f1f840 0 0 0 0 1 3 3 45224 992
0x00007aca201b58c0 0x0000000b85f1f8c0 0 0 0 0 1 3 3 45224 1000
0x00007aca201b5940 0x0000000b85f1f940 0 1 0 0 1 3 3 45224 992
0x00007aca201b59c0 0x0000000b85f1f9c0 0 1 0 0 1 3 3 45224 1000
0x00007aca201b5a40 0x0000000b85f1fa40 0 0 1 0 1 3 3 45224 992
0x00007aca201b5ac0 0x0000000b85f1fac0 0 0 1 0 1 3 3 45224 1000
0x00007aca201b5b40 0x0000000b85f1fb40 0 1 1 0 1 3 3 45224 992
0x00007aca201b5bc0 0x0000000b85f1fbc0 0 1 1 0 1 3 3 45224 1000
0x00007aca201b5c40 0x0000000b85f1fc40 0 0 0 0 1 3 3 45224 1008
0x00007aca201b5cc0 0x0000000b85f1fcc0 0 0 0 0 1 3 3 45224 1016
0x00007aca201b5d40 0x0000000b85f1fd40 0 1 0 0 1 3 3 45224 1008
0x00007aca201b5dc0 0x0000000b85f1fdc0 0 1 0 0 1 3 3 45224 1016
0x00007aca201b5e40 0x0000000b85f1fe40 0 0 1 0 1 3 3 45224 1008
0x00007aca201b5ec0 0x0000000b85f1fec0 0 0 1 0 1 3 3 45224 1016
0x00007aca201b5f40 0x0000000b85f1ff40 0 1 1 0 1 3 3 45224 1008
0x00007aca201b5fc0 0x0000000b85f1ffc0 0 1 1 0 1 3 3 45224 1016
0x00007aca201b7040 0x00000003c47dc040 0 0 0 0 1 3 3 14470 768
0x00007aca201b70c0 0x00000003c47dc0c0 0 0 0 0 1 3 3 14470 776
0x00007aca201b7140 0x00000003c47dc140 0 1 0 0 1 3 3 14470 768
0x00007aca201b71c0 0x00000003c47dc1c0 0 1 0 0 1 3 3 14470 776
0x00007aca201b7240 0x00000003c47dc240 0 0 1 0 1 3 3 14470 768
0x00007aca201b72c0 0x00000003c47dc2c0 0 0 1 0 1 3 3 14470 776
0x00007aca201b7340 0x00000003c47dc340 0 1 1 0 1 3 3 14470 768
0x00007aca201b73c0 0x00000003c47dc3c0 0 1 1 0 1 3 3 14470 776
0x00007aca201b7440 0x00000003c47dc440 0 0 0 0 1 3 3 14470 784
0x00007aca201b74c0 0x00000003c47dc4c0 0 0 0 0 1 3 3 14470 792
0x00007aca201b7540 0x00000003c47dc540 0 1 0 0 1 3 3 14470 784
0x00007aca201b75c0 0x00000003c47dc5c0 0 1 0 0 1 3 3 14470 792
0x00007aca201b7640 0x00000003c47dc640 0 0 1 0 1 3 3 14470 784
0x00007aca201b76c0 0x00000003c47dc6c0 0 0 1 0 1 3 3 14470 792
0x00007aca201b7740 0x00000003c47dc740 0 1 1 0 1 3 3 14470 784
0x00007aca201b77c0 0x00000003c47dc7c0 0 1 1 0 1 3 3 14470 792
0x00007aca201b7840 0x00000003c47dc840 0 0 0 0 1 3 3 14470 800
0x00007aca201b78c0 0x00000003c47dc8c0 0 0 0 0 1 3 3 14470 808
0x00007aca201b7940 0x00000003c47dc940 0 1 0 0 1 3 3 14470 800
0x00007aca201b79c0 0x00000003c47dc9c0 0 1 0 0 1 3 3 14470 808
0x00007aca201b7a40 0x00000003c47dca40 0 0 1 0 1 3 3 14470 800
0x00007aca201b7ac0 0x00000003c47dcac0 0 0 1 0 1 3 3 14470 808
0x00007aca201b7b40 0x00000003c47dcb40 0 1 1 0 1 3 3 14470 800
0x00007aca201b7bc0 0x00000003c47dcbc0 0 1 1 0 1 3 3 14470 808
0x00007aca201b7c40 0x00000003c47dcc40 0 0 0 0 1 3 3 14470 816
0x00007aca201b7cc0 0x00000003c47dccc0 0 0 0 0 1 3 3 14470 824
0x00007aca201b7d40 0x00000003c47dcd40 0 1 0 0 1 3 3 14470 816
0x00007aca201b7dc0 0x00000003c47dcdc0 0 1 0 0 1 3 3 14470 824
0x00007aca201b7e40 0x00000003c47dce40 0 0 1 0 1 3 3 14470 816
0x00007aca201b7ec0 0x00000003c47dcec0 0 0 1 0 1 3 3 14470 824
0x00007aca201b7f40 0x00000003c47dcf40 0 1 1 0 1 3 3 14470 816
0x00007aca201b7fc0 0x00000003c47dcfc0 0 1 1 0 1 3 3 14470 824
0x00007aca201ba040 0x0000000ea17e7040 0 0 0 0 0 3 3 58407 448
0x00007aca201ba0c0 0x0000000ea17e70c0 0 0 0 0 0 3 3 58407 456
0x00007aca201ba140 0x0000000ea17e7140 0 1 0 0 0 3 3 58407 448
0x00007aca201ba1c0 0x0000000ea17e71c0 0 1 0 0 0 3 3 58407 456
0x00007aca201ba240 0x0000000ea17e7240 0 0 1 0 0 3 3 58407 448
0x00007aca201ba2c0 0x0000000ea17e72c0 0 0 1 0 0 3 3 58407 456
0x00007aca201ba340 0x0000000ea17e7340 0 1 1 0 0 3 3 58407 448
0x00007aca201ba3c0 0x0000000ea17e73c0 0 1 1 0 0 3 3 58407 456
0x00007aca201ba440 0x0000000ea17e7440 0 0 0 0 0 3 3 58407 464
0x00007aca201ba4c0 0x0000000ea17e74c0 0 0 0 0 0 3 3 58407 472
0x00007aca201ba540 0x0000000ea17e7540 0 1 0 0 0 3 3 58407 464
0x00007aca201ba5c0 0x0000000ea17e75c0 0 1 0 0 0 3 3 58407 472
0x00007aca201ba640 0x0000000ea17e7640 0 0 1 0 0 3 3 58407 464
0x00007aca201ba6c0 0x0000000ea17e76c0 0 0 1 0 0 3 3 58407 472
0x00007aca201ba740 0x0000000ea17e7740 0 1 1 0 0 3 3 58407 464
0x00007aca201ba7c0 0x0000000ea17e77c0 0 1 1 0 0 3 3 58407 472
0x00007aca201ba840 0x0000000ea17e7840 0 0 0 0 0 3 3 58407 480
0x00007aca201ba8c0 0x0000000ea17e78c0 0 0 0 0 0 3 3 58407 488
0x00007aca201ba940 0x0000000ea17e7940 0 1 0 0 0 3 3 58407 480
0x00007aca201ba9c0 0x0000000ea17e79c0 0 1 0 0 0 3 3 58407 488
0x00007aca201baa40 0x0000000ea17e7a40 0 0 1 0 0 3 3 58407 480
0x00007aca201baac0 0x0000000ea17e7ac0 0 0 1 0 0 3 3 58407 488
0x00007aca201bab40 0x0000000ea17e7b40 0 1 1 0 0 3 3 58407 480
0x00007aca201babc0 0x0000000ea17e7bc0 0 1 1 0 0 3 3 58407 488
0x00007aca201bac40 0x0000000ea17e7c40 0 0 0 0 0 3 3 58407 496
0x00007aca201bacc0 0x0000000ea17e7cc0 0 0 0 0 0 3 3 58407 504
0x00007aca201bad40 0x0000000ea17e7d40 0 1 0 0 0 3 3 58407 496
0x00007aca201badc0 0x0000000ea17e7dc0 0 1 0 0 0 3 3 58407 504
0x00007aca201bae40 0x0000000ea17e7e40 0 0 1 0 0 3 3 58407 496
0x00007aca201baec0 0x0000000ea17e7ec0 0 0 1 0 0 3 3 58407 504
0x00007aca201baf40 0x0000000ea17e7f40 0 1 1 0 0 3 3 58407 496
0x00007aca201bafc0 0x0000000ea17e7fc0 0 1 1 0 0 3 3 58407 504
0x00007aca201cc040 0x0000000f08791040 0 0 0 0 0 3 3 57620 576
0x00007aca201cc0c0 0x0000000f087910c0 0 0 0 0 0 3 3 57620 584
0x00007aca201cc140 0x0000000f08791140 0 1 0 0 0 3 3 57620 576
0x00007aca201cc1c0 0x0000000f087911c0 0 1 0 0 0 3 3 57620 584
0x00007aca201cc240 0x0000000f08791240 0 0 1 0 0 3 3 57620 576
0x00007aca201cc2c0 0x0000000f087912c0 0 0 1 0 0 3 3 57620 584
0x00007aca201cc340 0x0000000f08791340 0 1 1 0 0 3 3 57620 576
0x00007aca201cc3c0 0x0000000f087913c0 0 1 1 0 0 3 3 57620 584
0x00007aca201cc440 0x0000000f08791440 0 0 0 0 0 3 3 57620 592
0x00007aca201cc4c0 0x0000000f087914c0 0 0 0 0 0 3 3 57620 600
0x00007aca201cc540 0x0000000f08791540 0 1 0 0 0 3 3 57620 592
0x00007aca201cc5c0 0x0000000f087915c0 0 1 0 0 0 3 3 57620 600
0x00007aca201cc640 0x0000000f08791640 0 0 1 0 0 3 3 57620 592
0x00007aca201cc6c0 0x0000000f087916c0 0 0 1 0 0 3 3 57620 600
0x00007aca201cc740 0x0000000f08791740 0 1 1 0 0 3 3 57620 592
0x00007aca201cc7c0 0x0000000f087917c0 0 1 1 0 0 3 3 57620 600
0x00007aca201cc840 0x0000000f08791840 0 0 0 0 0 3 3 57620 608
0x00007aca201cc8c0 0x0000000f087918c0 0 0 0 0 0 3 3 57620 616
0x00007aca201cc940 0x0000000f08791940 0 1 0 0 0 3 3 57620 608
0x00007aca201cc9c0 0x0000000f087919c0 0 1 0 0 0 3 3 57620 616
0x00007aca201cca40 0x0000000f08791a40 0 0 1 0 0 3 3 57620 608
0x00007aca201ccac0 0x0000000f08791ac0 0 0 1 0 0 3 3 57620 616
0x00007aca201ccb40 0x0000000f08791b40 0 1 1 0 0 3 3 57620 608
0x00007aca201ccbc0 0x0000000f08791bc0 0 1 1 0 0 3 3 57620 616
0x00007aca201ccc40 0x0000000f08791c40 0 0 0 0 0 3 3 57620 624
0x00007aca201cccc0 0x0000000f08791cc0 0 0 0 0 0 3 3 57620 632
0x00007aca201ccd40 0x0000000f08791d40 0 1 0 0 0 3 3 57620 624
0x00007aca201ccdc0 0x0000000f08791dc0 0 1 0 0 0 3 3 57620 632
0x00007aca201cce40 0x0000000f08791e40 0 0 1 0 0 3 3 57620 624
0x00007aca201ccec0 0x0000000f08791ec0 0 0 1 0 0 3 3 57620 632
0x00007aca201ccf40 0x0000000f08791f40 0 1 1 0 0 3 3 57620 624
0x00007aca201ccfc0 0x0000000f08791fc0 0 1 1 0 0 3 3 57620 632
0x00007aca201d1040 0x00000004a4705040 0 0 0 0 0 3 3 17536 320
0x00007aca201d10c0 0x00000004a47050c0 0 0 0 0 0 3 3 17536 328
0x00007aca201d1140 0x00000004a4705140 0 1 0 0 0 3 3 17536 320
0x00007aca201d11c0 0x00000004a47051c0 0 1 0 0 0 3 3 17536 328
0x00007aca201d1240 0x00000004a4705240 0 0 1 0 0 3 3 17536 320
0x00007aca201d12c0 0x00000004a47052c0 0 0 1 0 0 3 3 17536 328
0x00007aca201d1340 0x00000004a4705340 0 1 1 0 0 3 3 17536 320
0x00007aca201d13c0 0x00000004a47053c0 0 1 1 0 0 3 3 17536 328
0x00007aca201d1440 0x00000004a4705440 0 0 0 0 0 3 3 17536 336
0x00007aca201d14c0 0x00000004a47054c0 0 0 0 0 0 3 3 17536 344
0x00007aca201d1540 0x00000004a4705540 0 1 0 0 0 3 3 17536 336
0x00007aca201d15c0 0x00000004a47055c0 0 1 0 0 0 3 3 17536 344
0x00007aca201d1640 0x00000004a4705640 0 0 1 0 0 3 3 17536 336
0x00007aca201d16c0 0x00000004a47056c0 0 0 1 0 0 3 3 17536 344
0x00007aca201d1740 0x00000004a4705740 0 1 1 0 0 3 3 17536 336
0x00007aca201d17c0 0x00000004a47057c0 0 1 1 0 0 3 3 17536 344
0x00007aca201d1840 0x00000004a4705840 0 0 0 0 0 3 3 17536 352
0x00007aca201d18c0 0x00000004a47058c0 0 0 0 0 0 3 3 17536 360
0x00007aca201d1940 0x00000004a4705940 0 1 0 0 0 3 3 17536 352
0x00007aca201d19c0 0x00000004a47059c0 0 1 0 0 0 3 3 17536 360
0x00007aca201d1a40 0x00000004a4705a40 0 0 1 0 0 3 3 17536 352
0x00007aca201d1ac0 0x00000004a4705ac0 0 0 1 0 0 3 3 17536 360
0x00007aca201d1b40 0x00000004a4705b40 0 1 1 0 0 3 3 17536 352
0x00007aca201d1bc0 0x00000004a4705bc0 0 1 1 0 0 3 3 17536 360
0x00007aca201d1c40 0x00000004a4705c40 0 0 0 0 0 3 3 17536 368
0x00007aca201d1cc0 0x00000004a4705cc0 0 0 0 0 0 3 3 17536 376
0x00007aca201d1d40 0x00000004a4705d40 0 1 0 0 0 3 3 17536 368
0x00007aca201d1dc0 0x00000004a4705dc0 0 1 0 0 0 3 3 17536 376
0x00007aca201d1e40 0x00000004a4705e40 0 0 1 0 0 3 3 17536 368
0x00007aca201d1ec0 0x00000004a4705ec0 0 0 1 0 0 3 3 17536 376
0x00007aca201d1f40 0x00000004a4705f40 0 1 1 0 0 3 3 17536 368
0x00007aca201d1fc0 0x00000004a4705fc0 0 1 1 0 0 3 3 17536 376
0x00007aca201d5040 0x00000004f3798040 0 0 0 0 1 3 3 20068 512
0x00007aca201d50c0 0x00000004f37980c0 0 0 0 0 1 3 3 20068 520
0x00007aca201d5140 0x00000004f3798140 0 1 0 0 1 3 3 20068 512
0x00007aca201d51c0 0x00000004f37981c0 0 1 0 0 1 3 3 20068 520
0x00007aca201d5240 0x00000004f3798240 0 0 1 0 1 3 3 20068 512
0x00007aca201d52c0 0x00000004f37982c0 0 0 1 0 1 3 3 20068 520
0x00007aca201d5340 0x00000004f3798340 0 1 1 0 1 3 3 20068 512
0x00007aca201d53c0 0x00000004f37983c0 0 1 1 0 1 3 3 20068 520
0x00007aca201d5440 0x00000004f3798440 0 0 0 0 1 3 3 20068 528
0x00007aca201d54c0 0x00000004f37984c0 0 0 0 0 1 3 3 20068 536
0x00007aca201d5540 0x00000004f3798540 0 1 0 0 1 3 3 20068 528
0x00007aca201d55c0 0x00000004f37985c0 0 1 0 0 1 3 3 20068 536
0x00007aca201d5640 0x00000004f3798640 0 0 1 0 1 3 3 20068 528
0x00007aca201d56c0 0x00000004f37986c0 0 0 1 0 1 3 3 20068 536
0x00007aca201d5740 0x00000004f3798740 0 1 1 0 1 3 3 20068 528
0x00007aca201d57c0 0x00000004f37987c0 0 1 1 0 1 3 3 20068 536
0x00007aca201d5840 0x00000004f3798840 0 0 0 0 1 3 3 20068 544
0x00007aca201d58c0 0x00000004f37988c0 0 0 0 0 1 3 3 20068 552
0x00007aca201d5940 0x00000004f3798940 0 1 0 0 1 3 3 20068 544
0x00007aca201d59c0 0x00000004f37989c0 0 1 0 0 1 3 3 20068 552
0x00007aca201d5a40 0x00000004f3798a40 0 0 1 0 1 3 3 20068 544
0x00007aca201d5ac0 0x00000004f3798ac0 0 0 1 0 1 3 3 20068 552
0x00007aca201d5b40 0x00000004f3798b40 0 1 1 0 1 3 3 20068 544
0x00007aca201d5bc0 0x00000004f3798bc0 0 1 1 0 1 3 3 20068 552
0x00007aca201d5c40 0x00000004f3798c40 0 0 0 0 1 3 3 20068 560
0x00007aca201d5cc0 0x00000004f3798cc0 0 0 0 0 1 3 3 20068 568
0x00007aca201d5d40 0x00000004f3798d40 0 1 0 0 1 3 3 20068 560
0x00007aca201d5dc0 0x00000004f3798dc0 0 1 0 0 1 3 3 20068 568
0x00007aca201d5e40 0x00000004f3798e40 0 0 1 0 1 3 3 20068 560
0x00007aca201d5ec0 0x00000004f3798ec0 0 0 1 0 1 3 3 20068 568
0x00007aca201d5f40 0x00000004f3798f40 0 1 1 0 1 3 3 20068 560
0x00007aca201d5fc0 0x00000004f3798fc0 0 1 1 0 1 3 3 20068 568
0x00007aca201dd040 0x0000000cf2711040 0 0 0 0 0 3 3 52800 576
0x00007aca201dd0c0 0x0000000cf27110c0 0 0 0 0 0 3 3 52800 584
0x00007aca201dd140 0x0000000cf2711140 0 1 0 0 0 3 3 52800 576
0x00007aca201dd1c0 0x0000000cf27111c0 0 1 0 0 0 3 3 52800 584
0x00007aca201dd240 0x0000000cf2711240 0 0 1 0 0 3 3 52800 576
0x00007aca201dd2c0 0x0000000cf27112c0 0 0 1 0 0 3 3 52800 584
0x00007aca201dd340 0x0000000cf2711340 0 1 1 0 0 3 3 52800 576
0x00007aca201dd3c0 0x0000000cf27113c0 0 1 1 0 0 3 3 52800 584
0x00007aca201dd440 0x0000000cf2711440 0 0 0 0 0 3 3 52800 592
0x00007aca201dd4c0 0x0000000cf27114c0 0 0 0 0 0 3 3 52800 600
0x00007aca201dd540 0x0000000cf2711540 0 1 0 0 0 3 3 52800 592
0x00007aca201dd5c0 0x0000000cf27115c0 0 1 0 0 0 3 3 52800 600
0x00007aca201dd640 0x0000000cf2711640 0 0 1 0 0 3 3 52800 592
0x00007aca201dd6c0 0x0000000cf27116c0 0 0 1 0 0 3 3 52800 600
0x00007aca201dd740 0x0000000cf2711740 0 1 1 0 0 3 3 52800 592
0x00007aca201dd7c0 0x0000000cf27117c0 0 1 1 0 0 3 3 52800 600
0x00007aca201dd840 0x0000000cf2711840 0 0 0 0 0 3 3 52800 608
0x00007aca201dd8c0 0x0000000cf27118c0 0 0 0 0 0 3 3 52800 616
0x00007aca201dd940 0x0000000cf2711940 0 1 0 0 0 3 3 52800 608
0x00007aca201dd9c0 0x0000000cf27119c0 0 1 0 0 0 3 3 52800 616
0x00007aca201dda40 0x0000000cf2711a40 0 0 1 0 0 3 3 52800 608
0x00007aca201ddac0 0x0000000cf2711ac0 0 0 1 0 0 3 3 52800 616
0x00007aca201ddb40 0x0000000cf2711b40 0 1 1 0 0 3 3 52800 608
0x00007aca201ddbc0 0x0000000cf2711bc0 0 1 1 0 0 3 3 52800 616
0x00007aca201ddc40 0x0000000cf2711c40 0 0 0 0 0 3 3 52800 624
0x00007aca201ddcc0 0x0000000cf2711cc0 0 0 0 0 0 3 3 52800 632
0x00007aca201ddd40 0x0000000cf2711d40 0 1 0 0 0 3 3 52800 624
0x00007aca201dddc0 0x0000000cf2711dc0 0 1 0 0 0 3 3 52800 632
0x00007aca201dde40 0x0000000cf2711e40 0 0 1 0 0 3 3 52800 624
0x00007aca201ddec0 0x0000000cf2711ec0 0 0 1 0 0 3 3 52800 632
0x00007aca201ddf40 0x0000000cf2711f40 0 1 1 0 0 3 3 52800 624
0x00007aca201ddfc0 0x0000000cf2711fc0 0 1 1 0 0 3 3 52800 632
0x00007aca201ed040 0x0000000244712040 0 0 0 0 0 3 3 6288 640
0x00007aca201ed0c0 0x00000002447120c0 0 0 0 0 0 3 3 6288 648
0x00007aca201ed140 0x0000000244712140 0 1 0 0 0 3 3 6288 640
0x00007aca201ed1c0 0x00000002447121c0 0 1 0 0 0 3 3 6288 648
0x00007aca201ed240 0x0000000244712240 0 0 1 0 0 3 3 6288 640
0x00007aca201ed2c0 0x00000002447122c0 0 0 1 0 0 3 3 6288 648
0x00007aca201ed340 0x0000000244712340 0 1 1 0 0 3 3 6288 640
0x00007aca201ed3c0 0x00000002447123c0 0 1 1 0 0 3 3 6288 648
0x00007aca201ed440 0x0000000244712440 0 0 0 0 0 3 3 6288 656
0x00007aca201ed4c0 0x00000002447124c0 0 0 0 0 0 3 3 6288 664
0x00007aca201ed540 0x0000000244712540 0 1 0 0 0 3 3 6288 656
0x00007aca201ed5c0 0x00000002447125c0 0 1 0 0 0 3 3 6288 664
0x00007aca201ed640 0x0000000244712640 0 0 1 0 0 3 3 6288 656
0x00007aca201ed6c0 0x00000002447126c0 0 0 1 0 0 3 3 6288 664
0x00007aca201ed740 0x0000000244712740 0 1 1 0 0 3 3 6288 656
0x00007aca201ed7c0 0x00000002447127c0 0 1 1 0 0 3 3 6288 664
0x00007aca201ed840 0x0000000244712840 0 0 0 0 0 3 3 6288 672
0x00007aca201ed8c0 0x00000002447128c0 0 0 0 0 0 3 3 6288 680
0x00007aca201ed940 0x0000000244712940 0 1 0 0 0 3 3 6288 672
0x00007aca201ed9c0 0x00000002447129c0 0 1 0 0 0 3 3 6288 680
0x00007aca201eda40 0x0000000244712a40 0 0 1 0 0 3 3 6288 672
0x00007aca201edac0 0x0000000244712ac0 0 0 1 0 0 3 3 6288 680
0x00007aca201edb40 0x0000000244712b40 0 1 1 0 0 3 3 6288 672
0x00007aca201edbc0 0x0000000244712bc0 0 1 1 0 0 3 3 6288 680
0x00007aca201edc40 0x0000000244712c40 0 0 0 0 0 3 3 6288 688
0x00007aca201edcc0 0x0000000244712cc0 0 0 0 0 0 3 3 6288 696
0x00007aca201edd40 0x0000000244712d40 0 1 0 0 0 3 3 6288 688
0x00007aca201eddc0 0x0000000244712dc0 0 1 0 0 0 3 3 6288 696
0x00007aca201ede40 0x0000000244712e40 0 0 1 0 0 3 3 6288 688
0x00007aca201edec0 0x0000000244712ec0 0 0 1 0 0 3 3 6288 696
0x00007aca201edf40 0x0000000244712f40 0 1 1 0 0 3 3 6288 688
0x00007aca201edfc0 0x0000000244712fc0 0 1 1 0 0 3 3 6288 696
0x00007aca201ee040 0x0000000865f18040 0 0 0 0 1 3 3 31928 512
0x00007aca201ee0c0 0x0000000865f180c0 0 0 0 0 1 3 3 31928 520
0x00007aca201ee140 0x0000000865f18140 0 1 0 0 1 3 3 31928 512
0x00007aca201ee1c0 0x0000000865f181c0 0 1 0 0 1 3 3 31928 520
0x00007aca201ee240 0x0000000865f18240 0 0 1 0 1 3 3 31928 512
0x00007aca201ee2c0 0x0000000865f182c0 0 0 1 0 1 3 3 31928 520
0x00007aca201ee340 0x0000000865f18340 0 1 1 0 1 3 3 31928 512
0x00007aca201ee3c0 0x0000000865f183c0 0 1 1 0 1 3 3 31928 520
0x00007aca201ee440 0x0000000865f18440 0 0 0 0 1 3 3 31928 528
0x00007aca201ee4c0 0x0000000865f184c0 0 0 0 0 1 3 3 31928 536
0x00007aca201ee540 0x0000000865f18540 0 1 0 0 1 3 3 31928 528
0x00007aca201ee5c0 0x0000000865f185c0 0 1 0 0 1 3 3 31928 536
0x00007aca201ee640 0x0000000865f18640 0 0 1 0 1 3 3 31928 528
0x00007aca201ee6c0 0x0000000865f186c0 0 0 1 0 1 3 3 31928 536
0x00007aca201ee740 0x0000000865f18740 0 1 1 0 1 3 3 31928 528
0x00007aca201ee7c0 0x0000000865f187c0 0 1 1 0 1 3 3 31928 536
0x00007aca201ee840 0x0000000865f18840 0 0 0 0 1 3 3 31928 544
0x00007aca201ee8c0 0x0000000865f188c0 0 0 0 0 1 3 3 31928 552
0x00007aca201ee940 0x0000000865f18940 0 1 0 0 1 3 3 31928 544
0x00007aca201ee9c0 0x0000000865f189c0 0 1 0 0 1 3 3 31928 552
0x00007aca201eea40 0x0000000865f18a40 0 0 1 0 1 3 3 31928 544
0x00007aca201eeac0 0x0000000865f18ac0 0 0 1 0 1 3 3 31928 552
0x00007aca201eeb40 0x0000000865f18b40 0 1 1 0 1 3 3 31928 544
0x00007aca201eebc0 0x0000000865f18bc0 0 1 1 0 1 3 3 31928 552
0x00007aca201eec40 0x0000000865f18c40 0 0 0 0 1 3 3 31928 560
0x00007aca201eecc0 0x0000000865f18cc0 0 0 0 0 1 3 3 31928 568
0x00007aca201eed40 0x0000000865f18d40 0 1 0 0 1 3 3 31928 560
0x00007aca201eedc0 0x0000000865f18dc0 0 1 0 0 1 3 3 31928 568
0x00007aca201eee40 0x0000000865f18e40 0 0 1 0 1 3 3 31928 560
0x00007aca201eeec0 0x0000000865f18ec0 0 0 1 0 1 3 3 31928 568
0x00007aca201eef40 0x0000000865f18f40 0 1 1 0 1 3 3 31928 560
0x00007aca201eefc0 0x0000000865f18fc0 0 1 1 0 1 3 3 31928 568
0x00007aca201f2040 0x0000000cb57c6040 0 0 0 0 0 3 3 50854 384
0x00007aca201f20c0 0x0000000cb57c60c0 0 0 0 0 0 3 3 50854 392
0x00007aca201f2140 0x0000000cb57c6140 0 1 0 0 0 3 3 50854 384
0x00007aca201f21c0 0x0000000cb57c61c0 0 1 0 0 0 3 3 50854 392
0x00007aca201f2240 0x0000000cb57c6240 0 0 1 0 0 3 3 50854 384
0x00007aca201f22c0 0x0000000cb57c62c0 0 0 1 0 0 3 3 50854 392
0x00007aca201f2340 0x0000000cb57c6340 0 1 1 0 0 3 3 50854 384
0x00007aca201f23c0 0x0000000cb57c63c0 0 1 1 0 0 3 3 50854 392
0x00007aca201f2440 0x0000000cb57c6440 0 0 0 0 0 3 3 50854 400
0x00007aca201f24c0 0x0000000cb57c64c0 0 0 0 0 0 3 3 50854 408
0x00007aca201f2540 0x0000000cb57c6540 0 1 0 0 0 3 3 50854 400
0x00007aca201f25c0 0x0000000cb57c65c0 0 1 0 0 0 3 3 50854 408
0x00007aca201f2640 0x0000000cb57c6640 0 0 1 0 0 3 3 50854 400
0x00007aca201f26c0 0x0000000cb57c66c0 0 0 1 0 0 3 3 50854 408
0x00007aca201f2740 0x0000000cb57c6740 0 1 1 0 0 3 3 50854 400
0x00007aca201f27c0 0x0000000cb57c67c0 0 1 1 0 0 3 3 50854 408
0x00007aca201f2840 0x0000000cb57c6840 0 0 0 0 0 3 3 50854 416
0x00007aca201f28c0 0x0000000cb57c68c0 0 0 0 0 0 3 3 50854 424
0x00007aca201f2940 0x0000000cb57c6940 0 1 0 0 0 3 3 50854 416
0x00007aca201f29c0 0x0000000cb57c69c0 0 1 0 0 0 3 3 50854 424
0x00007aca201f2a40 0x0000000cb57c6a40 0 0 1 0 0 3 3 50854 416
0x00007aca201f2ac0 0x0000000cb57c6ac0 0 0 1 0 0 3 3 50854 424
0x00007aca201f2b40 0x0000000cb57c6b40 0 1 1 0 0 3 3 50854 416
0x00007aca201f2bc0 0x0000000cb57c6bc0 0 1 1 0 0 3 3 50854 424
0x00007aca201f2c40 0x0000000cb57c6c40 0 0 0 0 0 3 3 50854 432
0x00007aca201f2cc0 0x0000000cb57c6cc0 0 0 0 0 0 3 3 50854 440
0x00007aca201f2d40 0x0000000cb57c6d40 0 1 0 0 0 3 3 50854 432
0x00007aca201f2dc0 0x0000000cb57c6dc0 0 1 0 0 0 3 3 50854 440
0x00007aca201f2e40 0x0000000cb57c6e40 0 0 1 0 0 3 3 50854 432
0x00007aca201f2ec0 0x0000000cb57c6ec0 0 0 1 0 0 3 3 50854 440
0x00007aca201f2f40 0x0000000cb57c6f40 0 1 1 0 0 3 3 50854 432
0x00007aca201f2fc0 0x0000000cb57c6fc0 0 1 1 0 0 3 3 50854 440
0x00007aca201f3040 0x0000000e377f2040 0 0 0 0 0 3 3 55031 640
0x00007aca201f30c0 0x0000000e377f20c0 0 0 0 0 0 3 3 55031 648
0x00007aca201f3140 0x0000000e377f2140 0 1 0 0 0 3 3 55031 640
0x00007aca201f31c0 0x0000000e377f21c0 0 1 0 0 0 3 3 55031 648
0x00007aca201f3240 0x0000000e377f2240 0 0 1 0 0 3 3 55031 640
0x00007aca201f32c0 0x0000000e377f22c0 0 0 1 0 0 3 3 55031 648
0x00007aca201f3340 0x0000000e377f2340 0 1 1 0 0 3 3 55031 640
0x00007aca201f33c0 0x0000000e377f23c0 0 1 1 0 0 3 3 55031 648
0x00007aca201f3440 0x0000000e377f2440 0 0 0 0 0 3 3 55031 656
0x00007aca201f34c0 0x0000000e377f24c0 0 0 0 0 0 3 3 55031 664
0x00007aca201f3540 0x0000000e377f2540 0 1 0 0 0 3 3 55031 656
0x00007aca201f35c0 0x0000000e377f25c0 0 1 0 0 0 3 3 55031 664
0x00007aca201f3640 0x0000000e377f2640 0 0 1 0 0 3 3 55031 656
0x00007aca201f36c0 0x0000000e377f26c0 0 0 1 0 0 3 3 55031 664
0x00007aca201f3740 0x0000000e377f2740 0 1 1 0 0 3 3 55031 656
0x00007aca201f37c0 0x0000000e377f27c0 0 1 1 0 0 3 3 55031 664
0x00007aca201f3840 0x0000000e377f2840 0 0 0 0 0 3 3 55031 672
0x00007aca201f38c0 0x0000000e377f28c0 0 0 0 0 0 3 3 55031 680
0x00007aca201f3940 0x0000000e377f2940 0 1 0 0 0 3 3 55031 672
0x00007aca201f39c0 0x0000000e377f29c0 0 1 0 0 0 3 3 55031 680
0x00007aca201f3a40 0x0000000e377f2a40 0 0 1 0 0 3 3 55031 672
0x00007aca201f3ac0 0x0000000e377f2ac0 0 0 1 0 0 3 3 55031 680
0x00007aca201f3b40 0x0000000e377f2b40 0 1 1 0 0 3 3 55031 672
0x00007aca201f3bc0 0x0000000e377f2bc0 0 1 1 0 0 3 3 55031 680
0x00007aca201f3c40 0x0000000e377f2c40 0 0 0 0 0 3 3 55031 688
0x00007aca201f3cc0 0x0000000e377f2cc0 0 0 0 0 0 3 3 55031 696
0x00007aca201f3d40 0x0000000e377f2d40 0 1 0 0 0 3 3 55031 688
0x00007aca201f3dc0 0x0000000e377f2dc0 0 1 0 0 0 3 3 55031 696
0x00007aca201f3e40 0x0000000e377f2e40 0 0 1 0 0 3 3 55031 688
0x00007aca201f3ec0 0x0000000e377f2ec0 0 0 1 0 0 3 3 55031 696
0x00007aca201f3f40 0x0000000e377f2f40 0 1 1 0 0 3 3 55031 688
0x00007aca201f3fc0 0x0000000e377f2fc0 0 1 1 0 0 3 3 55031 696
0x00007aca201f4040 0x0000000efcfd8040 0 0 0 0 1 3 3 61326 512
0x00007aca201f40c0 0x0000000efcfd80c0 0 0 0 0 1 3 3 61326 520
0x00007aca201f4140 0x0000000efcfd8140 0 1 0 0 1 3 3 61326 512
0x00007aca201f41c0 0x0000000efcfd81c0 0 1 0 0 1 3 3 61326 520
0x00007aca201f4240 0x0000000efcfd8240 0 0 1 0 1 3 3 61326 512
0x00007aca201f42c0 0x0000000efcfd82c0 0 0 1 0 1 3 3 61326 520
0x00007aca201f4340 0x0000000efcfd8340 0 1 1 0 1 3 3 61326 512
0x00007aca201f43c0 0x0000000efcfd83c0 0 1 1 0 1 3 3 61326 520
0x00007aca201f4440 0x0000000efcfd8440 0 0 0 0 1 3 3 61326 528
0x00007aca201f44c0 0x0000000efcfd84c0 0 0 0 0 1 3 3 61326 536
0x00007aca201f4540 0x0000000efcfd8540 0 1 0 0 1 3 3 61326 528
0x00007aca201f45c0 0x0000000efcfd85c0 0 1 0 0 1 3 3 61326 536
0x00007aca201f4640 0x0000000efcfd8640 0 0 1 0 1 3 3 61326 528
0x00007aca201f46c0 0x0000000efcfd86c0 0 0 1 0 1 3 3 61326 536
0x00007aca201f4740 0x0000000efcfd8740 0 1 1 0 1 3 3 61326 528
0x00007aca201f47c0 0x0000000efcfd87c0 0 1 1 0 1 3 3 61326 536
0x00007aca201f4840 0x0000000efcfd8840 0 0 0 0 1 3 3 61326 544
0x00007aca201f48c0 0x0000000efcfd88c0 0 0 0 0 1 3 3 61326 552
0x00007aca201f4940 0x0000000efcfd8940 0 1 0 0 1 3 3 61326 544
0x00007aca201f49c0 0x0000000efcfd89c0 0 1 0 0 1 3 3 61326 552
0x00007aca201f4a40 0x0000000efcfd8a40 0 0 1 0 1 3 3 61326 544
0x00007aca201f4ac0 0x0000000efcfd8ac0 0 0 1 0 1 3 3 61326 552
0x00007aca201f4b40 0x0000000efcfd8b40 0 1 1 0 1 3 3 61326 544
0x00007aca201f4bc0 0x0000000efcfd8bc0 0 1 1 0 1 3 3 61326 552
0x00007aca201f4c40 0x0000000efcfd8c40 0 0 0 0 1 3 3 61326 560
0x00007aca201f4cc0 0x0000000efcfd8cc0 0 0 0 0 1 3 3 61326 568
0x00007aca201f4d40 0x0000000efcfd8d40 0 1 0 0 1 3 3 61326 560
0x00007aca201f4dc0 0x0000000efcfd8dc0 0 1 0 0 1 3 3 61326 568
0x00007aca201f4e40 0x0000000efcfd8e40 0 0 1 0 1 3 3 61326 560
0x00007aca201f4ec0 0x0000000efcfd8ec0 0 0 1 0 1 3 3 61326 568
0x00007aca201f4f40 0x0000000efcfd8f40 0 1 1 0 1 3 3 61326 560
0x00007aca201f4fc0 0x0000000efcfd8fc0 0 1 1 0 1 3 3 61326 568
0x00007aca20205040 0x0000000ae6708040 0 0 0 0 1 3 3 44224 0
0x00007aca202050c0 0x0000000ae67080c0 0 0 0 0 1 3 3 44224 8
0x00007aca20205140 0x0000000ae6708140 0 1 0 0 1 3 3 44224 0
0x00007aca202051c0 0x0000000ae67081c0 0 1 0 0 1 3 3 44224 8
0x00007aca20205240 0x0000000ae6708240 0 0 1 0 1 3 3 44224 0
0x00007aca202052c0 0x0000000ae67082c0 0 0 1 0 1 3 3 44224 8
0x00007aca20205340 0x0000000ae6708340 0 1 1 0 1 3 3 44224 0
0x00007aca202053c0 0x0000000ae67083c0 0 1 1 0 1 3 3 44224 8
0x00007aca20205440 0x0000000ae6708440 0 0 0 0 1 3 3 44224 16
0x00007aca202054c0 0x0000000ae67084c0 0 0 0 0 1 3 3 44224 24
0x00007aca20205540 0x0000000ae6708540 0 1 0 0 1 3 3 44224 16
0x00007aca202055c0 0x0000000ae67085c0 0 1 0 0 1 3 3 44224 24
0x00007aca20205640 0x0000000ae6708640 0 0 1 0 1 3 3 44224 16
0x00007aca202056c0 0x0000000ae67086c0 0 0 1 0 1 3 3 44224 24
0x00007aca20205740 0x0000000ae6708740 0 1 1 0 1 3 3 44224 16
0x00007aca202057c0 0x0000000ae67087c0 0 1 1 0 1 3 3 44224 24
0x00007aca20205840 0x0000000ae6708840 0 0 0 0 1 3 3 44224 32
0x00007aca202058c0 0x0000000ae67088c0 0 0 0 0 1 3 3 44224 40
0x00007aca20205940 0x0000000ae6708940 0 1 0 0 1 3 3 44224 32
0x00007aca202059c0 0x0000000ae67089c0 0 1 0 0 1 3 3 44224 40
0x00007aca20205a40 0x0000000ae6708a40 0 0 1 0 1 3 3 44224 32
0x00007aca20205ac0 0x0000000ae6708ac0 0 0 1 0 1 3 3 44224 40
0x00007aca20205b40 0x0000000ae6708b40 0 1 1 0 1 3 3 44224 32
0x00007aca20205bc0 0x0000000ae6708bc0 0 1 1 0 1 3 3 44224 40
0x00007aca20205c40 0x0000000ae6708c40 0 0 0 0 1 3 3 44224 48
0x00007aca20205cc0 0x0000000ae6708cc0 0 0 0 0 1 3 3 44224 56
0x00007aca20205d40 0x0000000ae6708d40 0 1 0 0 1 3 3 44224 48
0x00007aca20205dc0 0x0000000ae6708dc0 0 1 0 0 1 3 3 44224 56
0x00007aca20205e40 0x0000000ae6708e40 0 0 1 0 1 3 3 44224 48
0x00007aca20205ec0 0x0000000ae6708ec0 0 0 1 0 1 3 3 44224 56
0x00007aca20205f40 0x0000000ae6708f40 0 1 1 0 1 3 3 44224 48
0x00007aca20205fc0 0x0000000ae6708fc0 0 1 1 0 1 3 3 44224 56
0x00007aca20208040 0x0000000c69f3b040 0 0 0 0 1 3 3 48441 704
0x00007aca202080c0 0x0000000c69f3b0c0 0 0 0 0 1 3 3 48441 712
0x00007aca20208140 0x0000000c69f3b140 0 1 0 0 1 3 3 48441 704
0x00007aca202081c0 0x0000000c69f3b1c0 0 1 0 0 1 3 3 48441 712
0x00007aca20208240 0x0000000c69f3b240 0 0 1 0 1 3 3 48441 704
0x00007aca202082c0 0x0000000c69f3b2c0 0 0 1 0 1 3 3 48441 712
0x00007aca20208340 0x0000000c69f3b340 0 1 1 0 1 3 3 48441 704
0x00007aca202083c0 0x0000000c69f3b3c0 0 1 1 0 1 3 3 48441 712
0x00007aca20208440 0x0000000c69f3b440 0 0 0 0 1 3 3 48441 720
0x00007aca202084c0 0x0000000c69f3b4c0 0 0 0 0 1 3 3 48441 728
0x00007aca20208540 0x0000000c69f3b540 0 1 0 0 1 3 3 48441 720
0x00007aca202085c0 0x0000000c69f3b5c0 0 1 0 0 1 3 3 48441 728
0x00007aca20208640 0x0000000c69f3b640 0 0 1 0 1 3 3 48441 720
0x00007aca202086c0 0x0000000c69f3b6c0 0 0 1 0 1 3 3 48441 728
0x00007aca20208740 0x0000000c69f3b740 0 1 1 0 1 3 3 48441 720
0x00007aca202087c0 0x0000000c69f3b7c0 0 1 1 0 1 3 3 48441 728
0x00007aca20208840 0x0000000c69f3b840 0 0 0 0 1 3 3 48441 736
0x00007aca202088c0 0x0000000c69f3b8c0 0 0 0 0 1 3 3 48441 744
0x00007aca20208940 0x0000000c69f3b940 0 1 0 0 1 3 3 48441 736
0x00007aca202089c0 0x0000000c69f3b9c0 0 1 0 0 1 3 3 48441 744
0x00007aca20208a40 0x0000000c69f3ba40 0 0 1 0 1 3 3 48441 736
0x00007aca20208ac0 0x0000000c69f3bac0 0 0 1 0 1 3 3 48441 744
0x00007aca20208b40 0x0000000c69f3bb40 0 1 1 0 1 3 3 48441 736
0x00007aca20208bc0 0x0000000c69f3bbc0 0 1 1 0 1 3 3 48441 744
0x00007aca20208c40 0x0000000c69f3bc40 0 0 0 0 1 3 3 48441 752
0x00007aca20208cc0 0x0000000c69f3bcc0 0 0 0 0 1 3 3 48441 760
0x00007aca20208d40 0x0000000c69f3bd40 0 1 0 0 1 3 3 48441 752
0x00007aca20208dc0 0x0000000c69f3bdc0 0 1 0 0 1 3 3 48441 760
0x00007aca20208e40 0x0000000c69f3be40 0 0 1 0 1 3 3 48441 752
0x00007aca20208ec0 0x0000000c69f3bec0 0 0 1 0 1 3 3 48441 760
0x00007aca20208f40 0x0000000c69f3bf40 0 1 1 0 1 3 3 48441 752
0x00007aca20208fc0 0x0000000c69f3bfc0 0 1 1 0 1 3 3 48441 760
0x00007aca2020b040 0x0000000d08718040 0 0 0 0 1 3 3 49424 512
0x00007aca2020b0c0 0x0000000d087180c0 0 0 0 0 1 3 3 49424 520
0x00007aca2020b140 0x0000000d08718140 0 1 0 0 1 3 3 49424 512
0x00007aca2020b1c0 0x0000000d087181c0 0 1 0 0 1 3 3 49424 520
0x00007aca2020b240 0x0000000d08718240 0 0 1 0 1 3 3 49424 512
0x00007aca2020b2c0 0x0000000d087182c0 0 0 1 0 1 3 3 49424 520
0x00007aca2020b340 0x0000000d08718340 0 1 1 0 1 3 3 49424 512
0x00007aca2020b3c0 0x0000000d087183c0 0 1 1 0 1 3 3 49424 520
0x00007aca2020b440 0x0000000d08718440 0 0 0 0 1 3 3 49424 528
0x00007aca2020b4c0 0x0000000d087184c0 0 0 0 0 1 3 3 49424 536
0x00007aca2020b540 0x0000000d08718540 0 1 0 0 1 3 3 49424 528
0x00007aca2020b5c0 0x0000000d087185c0 0 1 0 0 1 3 3 49424 536
0x00007aca2020b640 0x0000000d08718640 0 0 1 0 1 3 3 49424 528
0x00007aca2020b6c0 0x0000000d087186c0 0 0 1 0 1 3 3 49424 536
0x00007aca2020b740 0x0000000d08718740 0 1 1 0 1 3 3 49424 528
0x00007aca2020b7c0 0x0000000d087187c0 0 1 1 0 1 3 3 49424 536
0x00007aca2020b840 0x0000000d08718840 0 0 0 0 1 3 3 49424 544
0x00007aca2020b8c0 0x0000000d087188c0 0 0 0 0 1 3 3 49424 552
0x00007aca2020b940 0x0000000d08718940 0 1 0 0 1 3 3 49424 544
0x00007aca2020b9c0 0x0000000d087189c0 0 1 0 0 1 3 3 49424 552
0x00007aca2020ba40 0x0000000d08718a40 0 0 1 0 1 3 3 49424 544
0x00007aca2020bac0 0x0000000d08718ac0 0 0 1 0 1 3 3 49424 552
0x00007aca2020bb40 0x0000000d08718b40 0 1 1 0 1 3 3 49424 544
0x00007aca2020bbc0 0x0000000d08718bc0 0 1 1 0 1 3 3 49424 552
0x00007aca2020bc40 0x0000000d08718c40 0 0 0 0 1 3 3 49424 560
0x00007aca2020bcc0 0x0000000d08718cc0 0 0 0 0 1 3 3 49424 568
0x00007aca2020bd40 0x0000000d08718d40 0 1 0 0 1 3 3 49424 560
0x00007aca2020bdc0 0x0000000d08718dc0 0 1 0 0 1 3 3 49424 568
0x00007aca2020be40 0x0000000d08718e40 0 0 1 0 1 3 3 49424 560
0x00007aca2020bec0 0x0000000d08718ec0 0 0 1 0 1 3 3 49424 568
0x00007aca2020bf40 0x0000000d08718f40 0 1 1 0 1 3 3 49424 560
0x00007aca2020bfc0 0x0000000d08718fc0 0 1 1 0 1 3 3 49424 568
