# bank_id=10 (bg=2 ba=2) n=4128
# Columns: VA PA s imc ch dimm rank bg ba row col
0x00007d762f603000 0x0000000c295f2000 0 0 0 0 0 2 2 46391 640
0x00007d762f603080 0x0000000c295f2080 0 0 0 0 0 2 2 46391 648
0x00007d762f603100 0x0000000c295f2100 0 1 0 0 0 2 2 46391 640
0x00007d762f603180 0x0000000c295f2180 0 1 0 0 0 2 2 46391 648
0x00007d762f603200 0x0000000c295f2200 0 0 1 0 0 2 2 46391 640
0x00007d762f603280 0x0000000c295f2280 0 0 1 0 0 2 2 46391 648
0x00007d762f603300 0x0000000c295f2300 0 1 1 0 0 2 2 46391 640
0x00007d762f603380 0x0000000c295f2380 0 1 1 0 0 2 2 46391 648
0x00007d762f603400 0x0000000c295f2400 0 0 0 0 0 2 2 46391 656
0x00007d762f603480 0x0000000c295f2480 0 0 0 0 0 2 2 46391 664
0x00007d762f603500 0x0000000c295f2500 0 1 0 0 0 2 2 46391 656
0x00007d762f603580 0x0000000c295f2580 0 1 0 0 0 2 2 46391 664
0x00007d762f603600 0x0000000c295f2600 0 0 1 0 0 2 2 46391 656
0x00007d762f603680 0x0000000c295f2680 0 0 1 0 0 2 2 46391 664
0x00007d762f603700 0x0000000c295f2700 0 1 1 0 0 2 2 46391 656
0x00007d762f603780 0x0000000c295f2780 0 1 1 0 0 2 2 46391 664
0x00007d762f603800 0x0000000c295f2800 0 0 0 0 0 2 2 46391 672
0x00007d762f603880 0x0000000c295f2880 0 0 0 0 0 2 2 46391 680
0x00007d762f603900 0x0000000c295f2900 0 1 0 0 0 2 2 46391 672
0x00007d762f603980 0x0000000c295f2980 0 1 0 0 0 2 2 46391 680
0x00007d762f603a00 0x0000000c295f2a00 0 0 1 0 0 2 2 46391 672
0x00007d762f603a80 0x0000000c295f2a80 0 0 1 0 0 2 2 46391 680
0x00007d762f603b00 0x0000000c295f2b00 0 1 1 0 0 2 2 46391 672
0x00007d762f603b80 0x0000000c295f2b80 0 1 1 0 0 2 2 46391 680
0x00007d762f603c00 0x0000000c295f2c00 0 0 0 0 0 2 2 46391 688
0x00007d762f603c80 0x0000000c295f2c80 0 0 0 0 0 2 2 46391 696
0x00007d762f603d00 0x0000000c295f2d00 0 1 0 0 0 2 2 46391 688
0x00007d762f603d80 0x0000000c295f2d80 0 1 0 0 0 2 2 46391 696
0x00007d762f603e00 0x0000000c295f2e00 0 0 1 0 0 2 2 46391 688
0x00007d762f603e80 0x0000000c295f2e80 0 0 1 0 0 2 2 46391 696
0x00007d762f603f00 0x0000000c295f2f00 0 1 1 0 0 2 2 46391 688
0x00007d762f603f80 0x0000000c295f2f80 0 1 1 0 0 2 2 46391 696
0x00007d762f61d000 0x0000000a08d10000 0 0 0 0 0 2 2 37144 512
0x00007d762f61d080 0x0000000a08d10080 0 0 0 0 0 2 2 37144 520
0x00007d762f61d100 0x0000000a08d10100 0 1 0 0 0 2 2 37144 512
0x00007d762f61d180 0x0000000a08d10180 0 1 0 0 0 2 2 37144 520
0x00007d762f61d200 0x0000000a08d10200 0 0 1 0 0 2 2 37144 512
0x00007d762f61d280 0x0000000a08d10280 0 0 1 0 0 2 2 37144 520
0x00007d762f61d300 0x0000000a08d10300 0 1 1 0 0 2 2 37144 512
0x00007d762f61d380 0x0000000a08d10380 0 1 1 0 0 2 2 37144 520
0x00007d762f61d400 0x0000000a08d10400 0 0 0 0 0 2 2 37144 528
0x00007d762f61d480 0x0000000a08d10480 0 0 0 0 0 2 2 37144 536
0x00007d762f61d500 0x0000000a08d10500 0 1 0 0 0 2 2 37144 528
0x00007d762f61d580 0x0000000a08d10580 0 1 0 0 0 2 2 37144 536
0x00007d762f61d600 0x0000000a08d10600 0 0 1 0 0 2 2 37144 528
0x00007d762f61d680 0x0000000a08d10680 0 0 1 0 0 2 2 37144 536
0x00007d762f61d700 0x0000000a08d10700 0 1 1 0 0 2 2 37144 528
0x00007d762f61d780 0x0000000a08d10780 0 1 1 0 0 2 2 37144 536
0x00007d762f61d800 0x0000000a08d10800 0 0 0 0 0 2 2 37144 544
0x00007d762f61d880 0x0000000a08d10880 0 0 0 0 0 2 2 37144 552
0x00007d762f61d900 0x0000000a08d10900 0 1 0 0 0 2 2 37144 544
0x00007d762f61d980 0x0000000a08d10980 0 1 0 0 0 2 2 37144 552
0x00007d762f61da00 0x0000000a08d10a00 0 0 1 0 0 2 2 37144 544
0x00007d762f61da80 0x0000000a08d10a80 0 0 1 0 0 2 2 37144 552
0x00007d762f61db00 0x0000000a08d10b00 0 1 1 0 0 2 2 37144 544
0x00007d762f61db80 0x0000000a08d10b80 0 1 1 0 0 2 2 37144 552
0x00007d762f61dc00 0x0000000a08d10c00 0 0 0 0 0 2 2 37144 560
0x00007d762f61dc80 0x0000000a08d10c80 0 0 0 0 0 2 2 37144 568
0x00007d762f61dd00 0x0000000a08d10d00 0 1 0 0 0 2 2 37144 560
0x00007d762f61dd80 0x0000000a08d10d80 0 1 0 0 0 2 2 37144 568
0x00007d762f61de00 0x0000000a08d10e00 0 0 1 0 0 2 2 37144 560
0x00007d762f61de80 0x0000000a08d10e80 0 0 1 0 0 2 2 37144 568
0x00007d762f61df00 0x0000000a08d10f00 0 1 1 0 0 2 2 37144 560
0x00007d762f61df80 0x0000000a08d10f80 0 1 1 0 0 2 2 37144 568
0x00007d762f622000 0x0000000204586000 0 0 0 0 0 2 2 4244 384
0x00007d762f622080 0x0000000204586080 0 0 0 0 0 2 2 4244 392
0x00007d762f622100 0x0000000204586100 0 1 0 0 0 2 2 4244 384
0x00007d762f622180 0x0000000204586180 0 1 0 0 0 2 2 4244 392
0x00007d762f622200 0x0000000204586200 0 0 1 0 0 2 2 4244 384
0x00007d762f622280 0x0000000204586280 0 0 1 0 0 2 2 4244 392
0x00007d762f622300 0x0000000204586300 0 1 1 0 0 2 2 4244 384
0x00007d762f622380 0x0000000204586380 0 1 1 0 0 2 2 4244 392
0x00007d762f622400 0x0000000204586400 0 0 0 0 0 2 2 4244 400
0x00007d762f622480 0x0000000204586480 0 0 0 0 0 2 2 4244 408
0x00007d762f622500 0x0000000204586500 0 1 0 0 0 2 2 4244 400
0x00007d762f622580 0x0000000204586580 0 1 0 0 0 2 2 4244 408
0x00007d762f622600 0x0000000204586600 0 0 1 0 0 2 2 4244 400
0x00007d762f622680 0x0000000204586680 0 0 1 0 0 2 2 4244 408
0x00007d762f622700 0x0000000204586700 0 1 1 0 0 2 2 4244 400
0x00007d762f622780 0x0000000204586780 0 1 1 0 0 2 2 4244 408
0x00007d762f622800 0x0000000204586800 0 0 0 0 0 2 2 4244 416
0x00007d762f622880 0x0000000204586880 0 0 0 0 0 2 2 4244 424
0x00007d762f622900 0x0000000204586900 0 1 0 0 0 2 2 4244 416
0x00007d762f622980 0x0000000204586980 0 1 0 0 0 2 2 4244 424
0x00007d762f622a00 0x0000000204586a00 0 0 1 0 0 2 2 4244 416
0x00007d762f622a80 0x0000000204586a80 0 0 1 0 0 2 2 4244 424
0x00007d762f622b00 0x0000000204586b00 0 1 1 0 0 2 2 4244 416
0x00007d762f622b80 0x0000000204586b80 0 1 1 0 0 2 2 4244 424
0x00007d762f622c00 0x0000000204586c00 0 0 0 0 0 2 2 4244 432
0x00007d762f622c80 0x0000000204586c80 0 0 0 0 0 2 2 4244 440
0x00007d762f622d00 0x0000000204586d00 0 1 0 0 0 2 2 4244 432
0x00007d762f622d80 0x0000000204586d80 0 1 0 0 0 2 2 4244 440
0x00007d762f622e00 0x0000000204586e00 0 0 1 0 0 2 2 4244 432
0x00007d762f622e80 0x0000000204586e80 0 0 1 0 0 2 2 4244 440
0x00007d762f622f00 0x0000000204586f00 0 1 1 0 0 2 2 4244 432
0x00007d762f622f80 0x0000000204586f80 0 1 1 0 0 2 2 4244 440
0x00007d762f627000 0x0000000e815d3000 0 0 0 0 0 2 2 57382 704
0x00007d762f627080 0x0000000e815d3080 0 0 0 0 0 2 2 57382 712
0x00007d762f627100 0x0000000e815d3100 0 1 0 0 0 2 2 57382 704
0x00007d762f627180 0x0000000e815d3180 0 1 0 0 0 2 2 57382 712
0x00007d762f627200 0x0000000e815d3200 0 0 1 0 0 2 2 57382 704
0x00007d762f627280 0x0000000e815d3280 0 0 1 0 0 2 2 57382 712
0x00007d762f627300 0x0000000e815d3300 0 1 1 0 0 2 2 57382 704
0x00007d762f627380 0x0000000e815d3380 0 1 1 0 0 2 2 57382 712
0x00007d762f627400 0x0000000e815d3400 0 0 0 0 0 2 2 57382 720
0x00007d762f627480 0x0000000e815d3480 0 0 0 0 0 2 2 57382 728
0x00007d762f627500 0x0000000e815d3500 0 1 0 0 0 2 2 57382 720
0x00007d762f627580 0x0000000e815d3580 0 1 0 0 0 2 2 57382 728
0x00007d762f627600 0x0000000e815d3600 0 0 1 0 0 2 2 57382 720
0x00007d762f627680 0x0000000e815d3680 0 0 1 0 0 2 2 57382 728
0x00007d762f627700 0x0000000e815d3700 0 1 1 0 0 2 2 57382 720
0x00007d762f627780 0x0000000e815d3780 0 1 1 0 0 2 2 57382 728
0x00007d762f627800 0x0000000e815d3800 0 0 0 0 0 2 2 57382 736
0x00007d762f627880 0x0000000e815d3880 0 0 0 0 0 2 2 57382 744
0x00007d762f627900 0x0000000e815d3900 0 1 0 0 0 2 2 57382 736
0x00007d762f627980 0x0000000e815d3980 0 1 0 0 0 2 2 57382 744
0x00007d762f627a00 0x0000000e815d3a00 0 0 1 0 0 2 2 57382 736
0x00007d762f627a80 0x0000000e815d3a80 0 0 1 0 0 2 2 57382 744
0x00007d762f627b00 0x0000000e815d3b00 0 1 1 0 0 2 2 57382 736
0x00007d762f627b80 0x0000000e815d3b80 0 1 1 0 0 2 2 57382 744
0x00007d762f627c00 0x0000000e815d3c00 0 0 0 0 0 2 2 57382 752
0x00007d762f627c80 0x0000000e815d3c80 0 0 0 0 0 2 2 57382 760
0x00007d762f627d00 0x0000000e815d3d00 0 1 0 0 0 2 2 57382 752
0x00007d762f627d80 0x0000000e815d3d80 0 1 0 0 0 2 2 57382 760
0x00007d762f627e00 0x0000000e815d3e00 0 0 1 0 0 2 2 57382 752
0x00007d762f627e80 0x0000000e815d3e80 0 0 1 0 0 2 2 57382 760
0x00007d762f627f00 0x0000000e815d3f00 0 1 1 0 0 2 2 57382 752
0x00007d762f627f80 0x0000000e815d3f80 0 1 1 0 0 2 2 57382 760
0x00007d762f62d000 0x0000000625d23000 0 0 0 0 0 2 2 21689 192
0x00007d762f62d080 0x0000000625d23080 0 0 0 0 0 2 2 21689 200
0x00007d762f62d100 0x0000000625d23100 0 1 0 0 0 2 2 21689 192
0x00007d762f62d180 0x0000000625d23180 0 1 0 0 0 2 2 21689 200
0x00007d762f62d200 0x0000000625d23200 0 0 1 0 0 2 2 21689 192
0x00007d762f62d280 0x0000000625d23280 0 0 1 0 0 2 2 21689 200
0x00007d762f62d300 0x0000000625d23300 0 1 1 0 0 2 2 21689 192
0x00007d762f62d380 0x0000000625d23380 0 1 1 0 0 2 2 21689 200
0x00007d762f62d400 0x0000000625d23400 0 0 0 0 0 2 2 21689 208
0x00007d762f62d480 0x0000000625d23480 0 0 0 0 0 2 2 21689 216
0x00007d762f62d500 0x0000000625d23500 0 1 0 0 0 2 2 21689 208
0x00007d762f62d580 0x0000000625d23580 0 1 0 0 0 2 2 21689 216
0x00007d762f62d600 0x0000000625d23600 0 0 1 0 0 2 2 21689 208
0x00007d762f62d680 0x0000000625d23680 0 0 1 0 0 2 2 21689 216
0x00007d762f62d700 0x0000000625d23700 0 1 1 0 0 2 2 21689 208
0x00007d762f62d780 0x0000000625d23780 0 1 1 0 0 2 2 21689 216
0x00007d762f62d800 0x0000000625d23800 0 0 0 0 0 2 2 21689 224
0x00007d762f62d880 0x0000000625d23880 0 0 0 0 0 2 2 21689 232
0x00007d762f62d900 0x0000000625d23900 0 1 0 0 0 2 2 21689 224
0x00007d762f62d980 0x0000000625d23980 0 1 0 0 0 2 2 21689 232
0x00007d762f62da00 0x0000000625d23a00 0 0 1 0 0 2 2 21689 224
0x00007d762f62da80 0x0000000625d23a80 0 0 1 0 0 2 2 21689 232
0x00007d762f62db00 0x0000000625d23b00 0 1 1 0 0 2 2 21689 224
0x00007d762f62db80 0x0000000625d23b80 0 1 1 0 0 2 2 21689 232
0x00007d762f62dc00 0x0000000625d23c00 0 0 0 0 0 2 2 21689 240
0x00007d762f62dc80 0x0000000625d23c80 0 0 0 0 0 2 2 21689 248
0x00007d762f62dd00 0x0000000625d23d00 0 1 0 0 0 2 2 21689 240
0x00007d762f62dd80 0x0000000625d23d80 0 1 0 0 0 2 2 21689 248
0x00007d762f62de00 0x0000000625d23e00 0 0 1 0 0 2 2 21689 240
0x00007d762f62de80 0x0000000625d23e80 0 0 1 0 0 2 2 21689 248
0x00007d762f62df00 0x0000000625d23f00 0 1 1 0 0 2 2 21689 240
0x00007d762f62df80 0x0000000625d23f80 0 1 1 0 0 2 2 21689 248
0x00007d762f62e000 0x0000000625d26000 0 0 0 0 0 2 2 21689 384
0x00007d762f62e080 0x0000000625d26080 0 0 0 0 0 2 2 21689 392
0x00007d762f62e100 0x0000000625d26100 0 1 0 0 0 2 2 21689 384
0x00007d762f62e180 0x0000000625d26180 0 1 0 0 0 2 2 21689 392
0x00007d762f62e200 0x0000000625d26200 0 0 1 0 0 2 2 21689 384
0x00007d762f62e280 0x0000000625d26280 0 0 1 0 0 2 2 21689 392
0x00007d762f62e300 0x0000000625d26300 0 1 1 0 0 2 2 21689 384
0x00007d762f62e380 0x0000000625d26380 0 1 1 0 0 2 2 21689 392
0x00007d762f62e400 0x0000000625d26400 0 0 0 0 0 2 2 21689 400
0x00007d762f62e480 0x0000000625d26480 0 0 0 0 0 2 2 21689 408
0x00007d762f62e500 0x0000000625d26500 0 1 0 0 0 2 2 21689 400
0x00007d762f62e580 0x0000000625d26580 0 1 0 0 0 2 2 21689 408
0x00007d762f62e600 0x0000000625d26600 0 0 1 0 0 2 2 21689 400
0x00007d762f62e680 0x0000000625d26680 0 0 1 0 0 2 2 21689 408
0x00007d762f62e700 0x0000000625d26700 0 1 1 0 0 2 2 21689 400
0x00007d762f62e780 0x0000000625d26780 0 1 1 0 0 2 2 21689 408
0x00007d762f62e800 0x0000000625d26800 0 0 0 0 0 2 2 21689 416
0x00007d762f62e880 0x0000000625d26880 0 0 0 0 0 2 2 21689 424
0x00007d762f62e900 0x0000000625d26900 0 1 0 0 0 2 2 21689 416
0x00007d762f62e980 0x0000000625d26980 0 1 0 0 0 2 2 21689 424
0x00007d762f62ea00 0x0000000625d26a00 0 0 1 0 0 2 2 21689 416
0x00007d762f62ea80 0x0000000625d26a80 0 0 1 0 0 2 2 21689 424
0x00007d762f62eb00 0x0000000625d26b00 0 1 1 0 0 2 2 21689 416
0x00007d762f62eb80 0x0000000625d26b80 0 1 1 0 0 2 2 21689 424
0x00007d762f62ec00 0x0000000625d26c00 0 0 0 0 0 2 2 21689 432
0x00007d762f62ec80 0x0000000625d26c80 0 0 0 0 0 2 2 21689 440
0x00007d762f62ed00 0x0000000625d26d00 0 1 0 0 0 2 2 21689 432
0x00007d762f62ed80 0x0000000625d26d80 0 1 0 0 0 2 2 21689 440
0x00007d762f62ee00 0x0000000625d26e00 0 0 1 0 0 2 2 21689 432
0x00007d762f62ee80 0x0000000625d26e80 0 0 1 0 0 2 2 21689 440
0x00007d762f62ef00 0x0000000625d26f00 0 1 1 0 0 2 2 21689 432
0x00007d762f62ef80 0x0000000625d26f80 0 1 1 0 0 2 2 21689 440
0x00007d762f630000 0x0000000204580000 0 0 0 0 0 2 2 4244 0
0x00007d762f630080 0x0000000204580080 0 0 0 0 0 2 2 4244 8
0x00007d762f630100 0x0000000204580100 0 1 0 0 0 2 2 4244 0
0x00007d762f630180 0x0000000204580180 0 1 0 0 0 2 2 4244 8
0x00007d762f630200 0x0000000204580200 0 0 1 0 0 2 2 4244 0
0x00007d762f630280 0x0000000204580280 0 0 1 0 0 2 2 4244 8
0x00007d762f630300 0x0000000204580300 0 1 1 0 0 2 2 4244 0
0x00007d762f630380 0x0000000204580380 0 1 1 0 0 2 2 4244 8
0x00007d762f630400 0x0000000204580400 0 0 0 0 0 2 2 4244 16
0x00007d762f630480 0x0000000204580480 0 0 0 0 0 2 2 4244 24
0x00007d762f630500 0x0000000204580500 0 1 0 0 0 2 2 4244 16
0x00007d762f630580 0x0000000204580580 0 1 0 0 0 2 2 4244 24
0x00007d762f630600 0x0000000204580600 0 0 1 0 0 2 2 4244 16
0x00007d762f630680 0x0000000204580680 0 0 1 0 0 2 2 4244 24
0x00007d762f630700 0x0000000204580700 0 1 1 0 0 2 2 4244 16
0x00007d762f630780 0x0000000204580780 0 1 1 0 0 2 2 4244 24
0x00007d762f630800 0x0000000204580800 0 0 0 0 0 2 2 4244 32
0x00007d762f630880 0x0000000204580880 0 0 0 0 0 2 2 4244 40
0x00007d762f630900 0x0000000204580900 0 1 0 0 0 2 2 4244 32
0x00007d762f630980 0x0000000204580980 0 1 0 0 0 2 2 4244 40
0x00007d762f630a00 0x0000000204580a00 0 0 1 0 0 2 2 4244 32
0x00007d762f630a80 0x0000000204580a80 0 0 1 0 0 2 2 4244 40
0x00007d762f630b00 0x0000000204580b00 0 1 1 0 0 2 2 4244 32
0x00007d762f630b80 0x0000000204580b80 0 1 1 0 0 2 2 4244 40
0x00007d762f630c00 0x0000000204580c00 0 0 0 0 0 2 2 4244 48
0x00007d762f630c80 0x0000000204580c80 0 0 0 0 0 2 2 4244 56
0x00007d762f630d00 0x0000000204580d00 0 1 0 0 0 2 2 4244 48
0x00007d762f630d80 0x0000000204580d80 0 1 0 0 0 2 2 4244 56
0x00007d762f630e00 0x0000000204580e00 0 0 1 0 0 2 2 4244 48
0x00007d762f630e80 0x0000000204580e80 0 0 1 0 0 2 2 4244 56
0x00007d762f630f00 0x0000000204580f00 0 1 1 0 0 2 2 4244 48
0x00007d762f630f80 0x0000000204580f80 0 1 1 0 0 2 2 4244 56
0x00007d762f631000 0x0000000a08d1d000 0 0 0 0 1 2 2 37144 832
0x00007d762f631080 0x0000000a08d1d080 0 0 0 0 1 2 2 37144 840
0x00007d762f631100 0x0000000a08d1d100 0 1 0 0 1 2 2 37144 832
0x00007d762f631180 0x0000000a08d1d180 0 1 0 0 1 2 2 37144 840
0x00007d762f631200 0x0000000a08d1d200 0 0 1 0 1 2 2 37144 832
0x00007d762f631280 0x0000000a08d1d280 0 0 1 0 1 2 2 37144 840
0x00007d762f631300 0x0000000a08d1d300 0 1 1 0 1 2 2 37144 832
0x00007d762f631380 0x0000000a08d1d380 0 1 1 0 1 2 2 37144 840
0x00007d762f631400 0x0000000a08d1d400 0 0 0 0 1 2 2 37144 848
0x00007d762f631480 0x0000000a08d1d480 0 0 0 0 1 2 2 37144 856
0x00007d762f631500 0x0000000a08d1d500 0 1 0 0 1 2 2 37144 848
0x00007d762f631580 0x0000000a08d1d580 0 1 0 0 1 2 2 37144 856
0x00007d762f631600 0x0000000a08d1d600 0 0 1 0 1 2 2 37144 848
0x00007d762f631680 0x0000000a08d1d680 0 0 1 0 1 2 2 37144 856
0x00007d762f631700 0x0000000a08d1d700 0 1 1 0 1 2 2 37144 848
0x00007d762f631780 0x0000000a08d1d780 0 1 1 0 1 2 2 37144 856
0x00007d762f631800 0x0000000a08d1d800 0 0 0 0 1 2 2 37144 864
0x00007d762f631880 0x0000000a08d1d880 0 0 0 0 1 2 2 37144 872
0x00007d762f631900 0x0000000a08d1d900 0 1 0 0 1 2 2 37144 864
0x00007d762f631980 0x0000000a08d1d980 0 1 0 0 1 2 2 37144 872
0x00007d762f631a00 0x0000000a08d1da00 0 0 1 0 1 2 2 37144 864
0x00007d762f631a80 0x0000000a08d1da80 0 0 1 0 1 2 2 37144 872
0x00007d762f631b00 0x0000000a08d1db00 0 1 1 0 1 2 2 37144 864
0x00007d762f631b80 0x0000000a08d1db80 0 1 1 0 1 2 2 37144 872
0x00007d762f631c00 0x0000000a08d1dc00 0 0 0 0 1 2 2 37144 880
0x00007d762f631c80 0x0000000a08d1dc80 0 0 0 0 1 2 2 37144 888
0x00007d762f631d00 0x0000000a08d1dd00 0 1 0 0 1 2 2 37144 880
0x00007d762f631d80 0x0000000a08d1dd80 0 1 0 0 1 2 2 37144 888
0x00007d762f631e00 0x0000000a08d1de00 0 0 1 0 1 2 2 37144 880
0x00007d762f631e80 0x0000000a08d1de80 0 0 1 0 1 2 2 37144 888
0x00007d762f631f00 0x0000000a08d1df00 0 1 1 0 1 2 2 37144 880
0x00007d762f631f80 0x0000000a08d1df80 0 1 1 0 1 2 2 37144 888
0x00007d762f634000 0x0000000204582000 0 0 0 0 0 2 2 4244 128
0x00007d762f634080 0x0000000204582080 0 0 0 0 0 2 2 4244 136
0x00007d762f634100 0x0000000204582100 0 1 0 0 0 2 2 4244 128
0x00007d762f634180 0x0000000204582180 0 1 0 0 0 2 2 4244 136
0x00007d762f634200 0x0000000204582200 0 0 1 0 0 2 2 4244 128
0x00007d762f634280 0x0000000204582280 0 0 1 0 0 2 2 4244 136
0x00007d762f634300 0x0000000204582300 0 1 1 0 0 2 2 4244 128
0x00007d762f634380 0x0000000204582380 0 1 1 0 0 2 2 4244 136
0x00007d762f634400 0x0000000204582400 0 0 0 0 0 2 2 4244 144
0x00007d762f634480 0x0000000204582480 0 0 0 0 0 2 2 4244 152
0x00007d762f634500 0x0000000204582500 0 1 0 0 0 2 2 4244 144
0x00007d762f634580 0x0000000204582580 0 1 0 0 0 2 2 4244 152
0x00007d762f634600 0x0000000204582600 0 0 1 0 0 2 2 4244 144
0x00007d762f634680 0x0000000204582680 0 0 1 0 0 2 2 4244 152
0x00007d762f634700 0x0000000204582700 0 1 1 0 0 2 2 4244 144
0x00007d762f634780 0x0000000204582780 0 1 1 0 0 2 2 4244 152
0x00007d762f634800 0x0000000204582800 0 0 0 0 0 2 2 4244 160
0x00007d762f634880 0x0000000204582880 0 0 0 0 0 2 2 4244 168
0x00007d762f634900 0x0000000204582900 0 1 0 0 0 2 2 4244 160
0x00007d762f634980 0x0000000204582980 0 1 0 0 0 2 2 4244 168
0x00007d762f634a00 0x0000000204582a00 0 0 1 0 0 2 2 4244 160
0x00007d762f634a80 0x0000000204582a80 0 0 1 0 0 2 2 4244 168
0x00007d762f634b00 0x0000000204582b00 0 1 1 0 0 2 2 4244 160
0x00007d762f634b80 0x0000000204582b80 0 1 1 0 0 2 2 4244 168
0x00007d762f634c00 0x0000000204582c00 0 0 0 0 0 2 2 4244 176
0x00007d762f634c80 0x0000000204582c80 0 0 0 0 0 2 2 4244 184
0x00007d762f634d00 0x0000000204582d00 0 1 0 0 0 2 2 4244 176
0x00007d762f634d80 0x0000000204582d80 0 1 0 0 0 2 2 4244 184
0x00007d762f634e00 0x0000000204582e00 0 0 1 0 0 2 2 4244 176
0x00007d762f634e80 0x0000000204582e80 0 0 1 0 0 2 2 4244 184
0x00007d762f634f00 0x0000000204582f00 0 1 1 0 0 2 2 4244 176
0x00007d762f634f80 0x0000000204582f80 0 1 1 0 0 2 2 4244 184
0x00007d762f635000 0x0000000a08d14000 0 0 0 0 0 2 2 37144 768
0x00007d762f635080 0x0000000a08d14080 0 0 0 0 0 2 2 37144 776
0x00007d762f635100 0x0000000a08d14100 0 1 0 0 0 2 2 37144 768
0x00007d762f635180 0x0000000a08d14180 0 1 0 0 0 2 2 37144 776
0x00007d762f635200 0x0000000a08d14200 0 0 1 0 0 2 2 37144 768
0x00007d762f635280 0x0000000a08d14280 0 0 1 0 0 2 2 37144 776
0x00007d762f635300 0x0000000a08d14300 0 1 1 0 0 2 2 37144 768
0x00007d762f635380 0x0000000a08d14380 0 1 1 0 0 2 2 37144 776
0x00007d762f635400 0x0000000a08d14400 0 0 0 0 0 2 2 37144 784
0x00007d762f635480 0x0000000a08d14480 0 0 0 0 0 2 2 37144 792
0x00007d762f635500 0x0000000a08d14500 0 1 0 0 0 2 2 37144 784
0x00007d762f635580 0x0000000a08d14580 0 1 0 0 0 2 2 37144 792
0x00007d762f635600 0x0000000a08d14600 0 0 1 0 0 2 2 37144 784
0x00007d762f635680 0x0000000a08d14680 0 0 1 0 0 2 2 37144 792
0x00007d762f635700 0x0000000a08d14700 0 1 1 0 0 2 2 37144 784
0x00007d762f635780 0x0000000a08d14780 0 1 1 0 0 2 2 37144 792
0x00007d762f635800 0x0000000a08d14800 0 0 0 0 0 2 2 37144 800
0x00007d762f635880 0x0000000a08d14880 0 0 0 0 0 2 2 37144 808
0x00007d762f635900 0x0000000a08d14900 0 1 0 0 0 2 2 37144 800
0x00007d762f635980 0x0000000a08d14980 0 1 0 0 0 2 2 37144 808
0x00007d762f635a00 0x0000000a08d14a00 0 0 1 0 0 2 2 37144 800
0x00007d762f635a80 0x0000000a08d14a80 0 0 1 0 0 2 2 37144 808
0x00007d762f635b00 0x0000000a08d14b00 0 1 1 0 0 2 2 37144 800
0x00007d762f635b80 0x0000000a08d14b80 0 1 1 0 0 2 2 37144 808
0x00007d762f635c00 0x0000000a08d14c00 0 0 0 0 0 2 2 37144 816
0x00007d762f635c80 0x0000000a08d14c80 0 0 0 0 0 2 2 37144 824
0x00007d762f635d00 0x0000000a08d14d00 0 1 0 0 0 2 2 37144 816
0x00007d762f635d80 0x0000000a08d14d80 0 1 0 0 0 2 2 37144 824
0x00007d762f635e00 0x0000000a08d14e00 0 0 1 0 0 2 2 37144 816
0x00007d762f635e80 0x0000000a08d14e80 0 0 1 0 0 2 2 37144 824
0x00007d762f635f00 0x0000000a08d14f00 0 1 1 0 0 2 2 37144 816
0x00007d762f635f80 0x0000000a08d14f80 0 1 1 0 0 2 2 37144 824
0x00007d762f638000 0x0000000625d2d000 0 0 0 0 1 2 2 21689 320
0x00007d762f638080 0x0000000625d2d080 0 0 0 0 1 2 2 21689 328
0x00007d762f638100 0x0000000625d2d100 0 1 0 0 1 2 2 21689 320
0x00007d762f638180 0x0000000625d2d180 0 1 0 0 1 2 2 21689 328
0x00007d762f638200 0x0000000625d2d200 0 0 1 0 1 2 2 21689 320
0x00007d762f638280 0x0000000625d2d280 0 0 1 0 1 2 2 21689 328
0x00007d762f638300 0x0000000625d2d300 0 1 1 0 1 2 2 21689 320
0x00007d762f638380 0x0000000625d2d380 0 1 1 0 1 2 2 21689 328
0x00007d762f638400 0x0000000625d2d400 0 0 0 0 1 2 2 21689 336
0x00007d762f638480 0x0000000625d2d480 0 0 0 0 1 2 2 21689 344
0x00007d762f638500 0x0000000625d2d500 0 1 0 0 1 2 2 21689 336
0x00007d762f638580 0x0000000625d2d580 0 1 0 0 1 2 2 21689 344
0x00007d762f638600 0x0000000625d2d600 0 0 1 0 1 2 2 21689 336
0x00007d762f638680 0x0000000625d2d680 0 0 1 0 1 2 2 21689 344
0x00007d762f638700 0x0000000625d2d700 0 1 1 0 1 2 2 21689 336
0x00007d762f638780 0x0000000625d2d780 0 1 1 0 1 2 2 21689 344
0x00007d762f638800 0x0000000625d2d800 0 0 0 0 1 2 2 21689 352
0x00007d762f638880 0x0000000625d2d880 0 0 0 0 1 2 2 21689 360
0x00007d762f638900 0x0000000625d2d900 0 1 0 0 1 2 2 21689 352
0x00007d762f638980 0x0000000625d2d980 0 1 0 0 1 2 2 21689 360
0x00007d762f638a00 0x0000000625d2da00 0 0 1 0 1 2 2 21689 352
0x00007d762f638a80 0x0000000625d2da80 0 0 1 0 1 2 2 21689 360
0x00007d762f638b00 0x0000000625d2db00 0 1 1 0 1 2 2 21689 352
0x00007d762f638b80 0x0000000625d2db80 0 1 1 0 1 2 2 21689 360
0x00007d762f638c00 0x0000000625d2dc00 0 0 0 0 1 2 2 21689 368
0x00007d762f638c80 0x0000000625d2dc80 0 0 0 0 1 2 2 21689 376
0x00007d762f638d00 0x0000000625d2dd00 0 1 0 0 1 2 2 21689 368
0x00007d762f638d80 0x0000000625d2dd80 0 1 0 0 1 2 2 21689 376
0x00007d762f638e00 0x0000000625d2de00 0 0 1 0 1 2 2 21689 368
0x00007d762f638e80 0x0000000625d2de80 0 0 1 0 1 2 2 21689 376
0x00007d762f638f00 0x0000000625d2df00 0 1 1 0 1 2 2 21689 368
0x00007d762f638f80 0x0000000625d2df80 0 1 1 0 1 2 2 21689 376
0x00007d762f639000 0x0000000a08d18000 0 0 0 0 1 2 2 37144 512
0x00007d762f639080 0x0000000a08d18080 0 0 0 0 1 2 2 37144 520
0x00007d762f639100 0x0000000a08d18100 0 1 0 0 1 2 2 37144 512
0x00007d762f639180 0x0000000a08d18180 0 1 0 0 1 2 2 37144 520
0x00007d762f639200 0x0000000a08d18200 0 0 1 0 1 2 2 37144 512
0x00007d762f639280 0x0000000a08d18280 0 0 1 0 1 2 2 37144 520
0x00007d762f639300 0x0000000a08d18300 0 1 1 0 1 2 2 37144 512
0x00007d762f639380 0x0000000a08d18380 0 1 1 0 1 2 2 37144 520
0x00007d762f639400 0x0000000a08d18400 0 0 0 0 1 2 2 37144 528
0x00007d762f639480 0x0000000a08d18480 0 0 0 0 1 2 2 37144 536
0x00007d762f639500 0x0000000a08d18500 0 1 0 0 1 2 2 37144 528
0x00007d762f639580 0x0000000a08d18580 0 1 0 0 1 2 2 37144 536
0x00007d762f639600 0x0000000a08d18600 0 0 1 0 1 2 2 37144 528
0x00007d762f639680 0x0000000a08d18680 0 0 1 0 1 2 2 37144 536
0x00007d762f639700 0x0000000a08d18700 0 1 1 0 1 2 2 37144 528
0x00007d762f639780 0x0000000a08d18780 0 1 1 0 1 2 2 37144 536
0x00007d762f639800 0x0000000a08d18800 0 0 0 0 1 2 2 37144 544
0x00007d762f639880 0x0000000a08d18880 0 0 0 0 1 2 2 37144 552
0x00007d762f639900 0x0000000a08d18900 0 1 0 0 1 2 2 37144 544
0x00007d762f639980 0x0000000a08d18980 0 1 0 0 1 2 2 37144 552
0x00007d762f639a00 0x0000000a08d18a00 0 0 1 0 1 2 2 37144 544
0x00007d762f639a80 0x0000000a08d18a80 0 0 1 0 1 2 2 37144 552
0x00007d762f639b00 0x0000000a08d18b00 0 1 1 0 1 2 2 37144 544
0x00007d762f639b80 0x0000000a08d18b80 0 1 1 0 1 2 2 37144 552
0x00007d762f639c00 0x0000000a08d18c00 0 0 0 0 1 2 2 37144 560
0x00007d762f639c80 0x0000000a08d18c80 0 0 0 0 1 2 2 37144 568
0x00007d762f639d00 0x0000000a08d18d00 0 1 0 0 1 2 2 37144 560
0x00007d762f639d80 0x0000000a08d18d80 0 1 0 0 1 2 2 37144 568
0x00007d762f639e00 0x0000000a08d18e00 0 0 1 0 1 2 2 37144 560
0x00007d762f639e80 0x0000000a08d18e80 0 0 1 0 1 2 2 37144 568
0x00007d762f639f00 0x0000000a08d18f00 0 1 1 0 1 2 2 37144 560
0x00007d762f639f80 0x0000000a08d18f80 0 1 1 0 1 2 2 37144 568
0x00007d762f63c000 0x0000000a08d1b000 0 0 0 0 1 2 2 37144 704
0x00007d762f63c080 0x0000000a08d1b080 0 0 0 0 1 2 2 37144 712
0x00007d762f63c100 0x0000000a08d1b100 0 1 0 0 1 2 2 37144 704
0x00007d762f63c180 0x0000000a08d1b180 0 1 0 0 1 2 2 37144 712
0x00007d762f63c200 0x0000000a08d1b200 0 0 1 0 1 2 2 37144 704
0x00007d762f63c280 0x0000000a08d1b280 0 0 1 0 1 2 2 37144 712
0x00007d762f63c300 0x0000000a08d1b300 0 1 1 0 1 2 2 37144 704
0x00007d762f63c380 0x0000000a08d1b380 0 1 1 0 1 2 2 37144 712
0x00007d762f63c400 0x0000000a08d1b400 0 0 0 0 1 2 2 37144 720
0x00007d762f63c480 0x0000000a08d1b480 0 0 0 0 1 2 2 37144 728
0x00007d762f63c500 0x0000000a08d1b500 0 1 0 0 1 2 2 37144 720
0x00007d762f63c580 0x0000000a08d1b580 0 1 0 0 1 2 2 37144 728
0x00007d762f63c600 0x0000000a08d1b600 0 0 1 0 1 2 2 37144 720
0x00007d762f63c680 0x0000000a08d1b680 0 0 1 0 1 2 2 37144 728
0x00007d762f63c700 0x0000000a08d1b700 0 1 1 0 1 2 2 37144 720
0x00007d762f63c780 0x0000000a08d1b780 0 1 1 0 1 2 2 37144 728
0x00007d762f63c800 0x0000000a08d1b800 0 0 0 0 1 2 2 37144 736
0x00007d762f63c880 0x0000000a08d1b880 0 0 0 0 1 2 2 37144 744
0x00007d762f63c900 0x0000000a08d1b900 0 1 0 0 1 2 2 37144 736
0x00007d762f63c980 0x0000000a08d1b980 0 1 0 0 1 2 2 37144 744
0x00007d762f63ca00 0x0000000a08d1ba00 0 0 1 0 1 2 2 37144 736
0x00007d762f63ca80 0x0000000a08d1ba80 0 0 1 0 1 2 2 37144 744
0x00007d762f63cb00 0x0000000a08d1bb00 0 1 1 0 1 2 2 37144 736
0x00007d762f63cb80 0x0000000a08d1bb80 0 1 1 0 1 2 2 37144 744
0x00007d762f63cc00 0x0000000a08d1bc00 0 0 0 0 1 2 2 37144 752
0x00007d762f63cc80 0x0000000a08d1bc80 0 0 0 0 1 2 2 37144 760
0x00007d762f63cd00 0x0000000a08d1bd00 0 1 0 0 1 2 2 37144 752
0x00007d762f63cd80 0x0000000a08d1bd80 0 1 0 0 1 2 2 37144 760
0x00007d762f63ce00 0x0000000a08d1be00 0 0 1 0 1 2 2 37144 752
0x00007d762f63ce80 0x0000000a08d1be80 0 0 1 0 1 2 2 37144 760
0x00007d762f63cf00 0x0000000a08d1bf00 0 1 1 0 1 2 2 37144 752
0x00007d762f63cf80 0x0000000a08d1bf80 0 1 1 0 1 2 2 37144 760
0x00007d762f63e000 0x0000000625d22000 0 0 0 0 0 2 2 21689 128
0x00007d762f63e080 0x0000000625d22080 0 0 0 0 0 2 2 21689 136
0x00007d762f63e100 0x0000000625d22100 0 1 0 0 0 2 2 21689 128
0x00007d762f63e180 0x0000000625d22180 0 1 0 0 0 2 2 21689 136
0x00007d762f63e200 0x0000000625d22200 0 0 1 0 0 2 2 21689 128
0x00007d762f63e280 0x0000000625d22280 0 0 1 0 0 2 2 21689 136
0x00007d762f63e300 0x0000000625d22300 0 1 1 0 0 2 2 21689 128
0x00007d762f63e380 0x0000000625d22380 0 1 1 0 0 2 2 21689 136
0x00007d762f63e400 0x0000000625d22400 0 0 0 0 0 2 2 21689 144
0x00007d762f63e480 0x0000000625d22480 0 0 0 0 0 2 2 21689 152
0x00007d762f63e500 0x0000000625d22500 0 1 0 0 0 2 2 21689 144
0x00007d762f63e580 0x0000000625d22580 0 1 0 0 0 2 2 21689 152
0x00007d762f63e600 0x0000000625d22600 0 0 1 0 0 2 2 21689 144
0x00007d762f63e680 0x0000000625d22680 0 0 1 0 0 2 2 21689 152
0x00007d762f63e700 0x0000000625d22700 0 1 1 0 0 2 2 21689 144
0x00007d762f63e780 0x0000000625d22780 0 1 1 0 0 2 2 21689 152
0x00007d762f63e800 0x0000000625d22800 0 0 0 0 0 2 2 21689 160
0x00007d762f63e880 0x0000000625d22880 0 0 0 0 0 2 2 21689 168
0x00007d762f63e900 0x0000000625d22900 0 1 0 0 0 2 2 21689 160
0x00007d762f63e980 0x0000000625d22980 0 1 0 0 0 2 2 21689 168
0x00007d762f63ea00 0x0000000625d22a00 0 0 1 0 0 2 2 21689 160
0x00007d762f63ea80 0x0000000625d22a80 0 0 1 0 0 2 2 21689 168
0x00007d762f63eb00 0x0000000625d22b00 0 1 1 0 0 2 2 21689 160
0x00007d762f63eb80 0x0000000625d22b80 0 1 1 0 0 2 2 21689 168
0x00007d762f63ec00 0x0000000625d22c00 0 0 0 0 0 2 2 21689 176
0x00007d762f63ec80 0x0000000625d22c80 0 0 0 0 0 2 2 21689 184
0x00007d762f63ed00 0x0000000625d22d00 0 1 0 0 0 2 2 21689 176
0x00007d762f63ed80 0x0000000625d22d80 0 1 0 0 0 2 2 21689 184
0x00007d762f63ee00 0x0000000625d22e00 0 0 1 0 0 2 2 21689 176
0x00007d762f63ee80 0x0000000625d22e80 0 0 1 0 0 2 2 21689 184
0x00007d762f63ef00 0x0000000625d22f00 0 1 1 0 0 2 2 21689 176
0x00007d762f63ef80 0x0000000625d22f80 0 1 1 0 0 2 2 21689 184
0x00007d762f648000 0x0000000b8c548000 0 0 0 0 1 2 2 45442 0
0x00007d762f648080 0x0000000b8c548080 0 0 0 0 1 2 2 45442 8
0x00007d762f648100 0x0000000b8c548100 0 1 0 0 1 2 2 45442 0
0x00007d762f648180 0x0000000b8c548180 0 1 0 0 1 2 2 45442 8
0x00007d762f648200 0x0000000b8c548200 0 0 1 0 1 2 2 45442 0
0x00007d762f648280 0x0000000b8c548280 0 0 1 0 1 2 2 45442 8
0x00007d762f648300 0x0000000b8c548300 0 1 1 0 1 2 2 45442 0
0x00007d762f648380 0x0000000b8c548380 0 1 1 0 1 2 2 45442 8
0x00007d762f648400 0x0000000b8c548400 0 0 0 0 1 2 2 45442 16
0x00007d762f648480 0x0000000b8c548480 0 0 0 0 1 2 2 45442 24
0x00007d762f648500 0x0000000b8c548500 0 1 0 0 1 2 2 45442 16
0x00007d762f648580 0x0000000b8c548580 0 1 0 0 1 2 2 45442 24
0x00007d762f648600 0x0000000b8c548600 0 0 1 0 1 2 2 45442 16
0x00007d762f648680 0x0000000b8c548680 0 0 1 0 1 2 2 45442 24
0x00007d762f648700 0x0000000b8c548700 0 1 1 0 1 2 2 45442 16
0x00007d762f648780 0x0000000b8c548780 0 1 1 0 1 2 2 45442 24
0x00007d762f648800 0x0000000b8c548800 0 0 0 0 1 2 2 45442 32
0x00007d762f648880 0x0000000b8c548880 0 0 0 0 1 2 2 45442 40
0x00007d762f648900 0x0000000b8c548900 0 1 0 0 1 2 2 45442 32
0x00007d762f648980 0x0000000b8c548980 0 1 0 0 1 2 2 45442 40
0x00007d762f648a00 0x0000000b8c548a00 0 0 1 0 1 2 2 45442 32
0x00007d762f648a80 0x0000000b8c548a80 0 0 1 0 1 2 2 45442 40
0x00007d762f648b00 0x0000000b8c548b00 0 1 1 0 1 2 2 45442 32
0x00007d762f648b80 0x0000000b8c548b80 0 1 1 0 1 2 2 45442 40
0x00007d762f648c00 0x0000000b8c548c00 0 0 0 0 1 2 2 45442 48
0x00007d762f648c80 0x0000000b8c548c80 0 0 0 0 1 2 2 45442 56
0x00007d762f648d00 0x0000000b8c548d00 0 1 0 0 1 2 2 45442 48
0x00007d762f648d80 0x0000000b8c548d80 0 1 0 0 1 2 2 45442 56
0x00007d762f648e00 0x0000000b8c548e00 0 0 1 0 1 2 2 45442 48
0x00007d762f648e80 0x0000000b8c548e80 0 0 1 0 1 2 2 45442 56
0x00007d762f648f00 0x0000000b8c548f00 0 1 1 0 1 2 2 45442 48
0x00007d762f648f80 0x0000000b8c548f80 0 1 1 0 1 2 2 45442 56
0x00007d762f659000 0x00000006b7575000 0 0 0 0 0 2 2 26339 832
0x00007d762f659080 0x00000006b7575080 0 0 0 0 0 2 2 26339 840
0x00007d762f659100 0x00000006b7575100 0 1 0 0 0 2 2 26339 832
0x00007d762f659180 0x00000006b7575180 0 1 0 0 0 2 2 26339 840
0x00007d762f659200 0x00000006b7575200 0 0 1 0 0 2 2 26339 832
0x00007d762f659280 0x00000006b7575280 0 0 1 0 0 2 2 26339 840
0x00007d762f659300 0x00000006b7575300 0 1 1 0 0 2 2 26339 832
0x00007d762f659380 0x00000006b7575380 0 1 1 0 0 2 2 26339 840
0x00007d762f659400 0x00000006b7575400 0 0 0 0 0 2 2 26339 848
0x00007d762f659480 0x00000006b7575480 0 0 0 0 0 2 2 26339 856
0x00007d762f659500 0x00000006b7575500 0 1 0 0 0 2 2 26339 848
0x00007d762f659580 0x00000006b7575580 0 1 0 0 0 2 2 26339 856
0x00007d762f659600 0x00000006b7575600 0 0 1 0 0 2 2 26339 848
0x00007d762f659680 0x00000006b7575680 0 0 1 0 0 2 2 26339 856
0x00007d762f659700 0x00000006b7575700 0 1 1 0 0 2 2 26339 848
0x00007d762f659780 0x00000006b7575780 0 1 1 0 0 2 2 26339 856
0x00007d762f659800 0x00000006b7575800 0 0 0 0 0 2 2 26339 864
0x00007d762f659880 0x00000006b7575880 0 0 0 0 0 2 2 26339 872
0x00007d762f659900 0x00000006b7575900 0 1 0 0 0 2 2 26339 864
0x00007d762f659980 0x00000006b7575980 0 1 0 0 0 2 2 26339 872
0x00007d762f659a00 0x00000006b7575a00 0 0 1 0 0 2 2 26339 864
0x00007d762f659a80 0x00000006b7575a80 0 0 1 0 0 2 2 26339 872
0x00007d762f659b00 0x00000006b7575b00 0 1 1 0 0 2 2 26339 864
0x00007d762f659b80 0x00000006b7575b80 0 1 1 0 0 2 2 26339 872
0x00007d762f659c00 0x00000006b7575c00 0 0 0 0 0 2 2 26339 880
0x00007d762f659c80 0x00000006b7575c80 0 0 0 0 0 2 2 26339 888
0x00007d762f659d00 0x00000006b7575d00 0 1 0 0 0 2 2 26339 880
0x00007d762f659d80 0x00000006b7575d80 0 1 0 0 0 2 2 26339 888
0x00007d762f659e00 0x00000006b7575e00 0 0 1 0 0 2 2 26339 880
0x00007d762f659e80 0x00000006b7575e80 0 0 1 0 0 2 2 26339 888
0x00007d762f659f00 0x00000006b7575f00 0 1 1 0 0 2 2 26339 880
0x00007d762f659f80 0x00000006b7575f80 0 1 1 0 0 2 2 26339 888
0x00007d762f662000 0x0000000b24d39000 0 0 0 0 1 2 2 42137 576
0x00007d762f662080 0x0000000b24d39080 0 0 0 0 1 2 2 42137 584
0x00007d762f662100 0x0000000b24d39100 0 1 0 0 1 2 2 42137 576
0x00007d762f662180 0x0000000b24d39180 0 1 0 0 1 2 2 42137 584
0x00007d762f662200 0x0000000b24d39200 0 0 1 0 1 2 2 42137 576
0x00007d762f662280 0x0000000b24d39280 0 0 1 0 1 2 2 42137 584
0x00007d762f662300 0x0000000b24d39300 0 1 1 0 1 2 2 42137 576
0x00007d762f662380 0x0000000b24d39380 0 1 1 0 1 2 2 42137 584
0x00007d762f662400 0x0000000b24d39400 0 0 0 0 1 2 2 42137 592
0x00007d762f662480 0x0000000b24d39480 0 0 0 0 1 2 2 42137 600
0x00007d762f662500 0x0000000b24d39500 0 1 0 0 1 2 2 42137 592
0x00007d762f662580 0x0000000b24d39580 0 1 0 0 1 2 2 42137 600
0x00007d762f662600 0x0000000b24d39600 0 0 1 0 1 2 2 42137 592
0x00007d762f662680 0x0000000b24d39680 0 0 1 0 1 2 2 42137 600
0x00007d762f662700 0x0000000b24d39700 0 1 1 0 1 2 2 42137 592
0x00007d762f662780 0x0000000b24d39780 0 1 1 0 1 2 2 42137 600
0x00007d762f662800 0x0000000b24d39800 0 0 0 0 1 2 2 42137 608
0x00007d762f662880 0x0000000b24d39880 0 0 0 0 1 2 2 42137 616
0x00007d762f662900 0x0000000b24d39900 0 1 0 0 1 2 2 42137 608
0x00007d762f662980 0x0000000b24d39980 0 1 0 0 1 2 2 42137 616
0x00007d762f662a00 0x0000000b24d39a00 0 0 1 0 1 2 2 42137 608
0x00007d762f662a80 0x0000000b24d39a80 0 0 1 0 1 2 2 42137 616
0x00007d762f662b00 0x0000000b24d39b00 0 1 1 0 1 2 2 42137 608
0x00007d762f662b80 0x0000000b24d39b80 0 1 1 0 1 2 2 42137 616
0x00007d762f662c00 0x0000000b24d39c00 0 0 0 0 1 2 2 42137 624
0x00007d762f662c80 0x0000000b24d39c80 0 0 0 0 1 2 2 42137 632
0x00007d762f662d00 0x0000000b24d39d00 0 1 0 0 1 2 2 42137 624
0x00007d762f662d80 0x0000000b24d39d80 0 1 0 0 1 2 2 42137 632
0x00007d762f662e00 0x0000000b24d39e00 0 0 1 0 1 2 2 42137 624
0x00007d762f662e80 0x0000000b24d39e80 0 0 1 0 1 2 2 42137 632
0x00007d762f662f00 0x0000000b24d39f00 0 1 1 0 1 2 2 42137 624
0x00007d762f662f80 0x0000000b24d39f80 0 1 1 0 1 2 2 42137 632
0x00007d762f663000 0x0000000b24d35000 0 0 0 0 0 2 2 42137 832
0x00007d762f663080 0x0000000b24d35080 0 0 0 0 0 2 2 42137 840
0x00007d762f663100 0x0000000b24d35100 0 1 0 0 0 2 2 42137 832
0x00007d762f663180 0x0000000b24d35180 0 1 0 0 0 2 2 42137 840
0x00007d762f663200 0x0000000b24d35200 0 0 1 0 0 2 2 42137 832
0x00007d762f663280 0x0000000b24d35280 0 0 1 0 0 2 2 42137 840
0x00007d762f663300 0x0000000b24d35300 0 1 1 0 0 2 2 42137 832
0x00007d762f663380 0x0000000b24d35380 0 1 1 0 0 2 2 42137 840
0x00007d762f663400 0x0000000b24d35400 0 0 0 0 0 2 2 42137 848
0x00007d762f663480 0x0000000b24d35480 0 0 0 0 0 2 2 42137 856
0x00007d762f663500 0x0000000b24d35500 0 1 0 0 0 2 2 42137 848
0x00007d762f663580 0x0000000b24d35580 0 1 0 0 0 2 2 42137 856
0x00007d762f663600 0x0000000b24d35600 0 0 1 0 0 2 2 42137 848
0x00007d762f663680 0x0000000b24d35680 0 0 1 0 0 2 2 42137 856
0x00007d762f663700 0x0000000b24d35700 0 1 1 0 0 2 2 42137 848
0x00007d762f663780 0x0000000b24d35780 0 1 1 0 0 2 2 42137 856
0x00007d762f663800 0x0000000b24d35800 0 0 0 0 0 2 2 42137 864
0x00007d762f663880 0x0000000b24d35880 0 0 0 0 0 2 2 42137 872
0x00007d762f663900 0x0000000b24d35900 0 1 0 0 0 2 2 42137 864
0x00007d762f663980 0x0000000b24d35980 0 1 0 0 0 2 2 42137 872
0x00007d762f663a00 0x0000000b24d35a00 0 0 1 0 0 2 2 42137 864
0x00007d762f663a80 0x0000000b24d35a80 0 0 1 0 0 2 2 42137 872
0x00007d762f663b00 0x0000000b24d35b00 0 1 1 0 0 2 2 42137 864
0x00007d762f663b80 0x0000000b24d35b80 0 1 1 0 0 2 2 42137 872
0x00007d762f663c00 0x0000000b24d35c00 0 0 0 0 0 2 2 42137 880
0x00007d762f663c80 0x0000000b24d35c80 0 0 0 0 0 2 2 42137 888
0x00007d762f663d00 0x0000000b24d35d00 0 1 0 0 0 2 2 42137 880
0x00007d762f663d80 0x0000000b24d35d80 0 1 0 0 0 2 2 42137 888
0x00007d762f663e00 0x0000000b24d35e00 0 0 1 0 0 2 2 42137 880
0x00007d762f663e80 0x0000000b24d35e80 0 0 1 0 0 2 2 42137 888
0x00007d762f663f00 0x0000000b24d35f00 0 1 1 0 0 2 2 42137 880
0x00007d762f663f80 0x0000000b24d35f80 0 1 1 0 0 2 2 42137 888
0x00007d762f664000 0x0000000b24d31000 0 0 0 0 0 2 2 42137 576
0x00007d762f664080 0x0000000b24d31080 0 0 0 0 0 2 2 42137 584
0x00007d762f664100 0x0000000b24d31100 0 1 0 0 0 2 2 42137 576
0x00007d762f664180 0x0000000b24d31180 0 1 0 0 0 2 2 42137 584
0x00007d762f664200 0x0000000b24d31200 0 0 1 0 0 2 2 42137 576
0x00007d762f664280 0x0000000b24d31280 0 0 1 0 0 2 2 42137 584
0x00007d762f664300 0x0000000b24d31300 0 1 1 0 0 2 2 42137 576
0x00007d762f664380 0x0000000b24d31380 0 1 1 0 0 2 2 42137 584
0x00007d762f664400 0x0000000b24d31400 0 0 0 0 0 2 2 42137 592
0x00007d762f664480 0x0000000b24d31480 0 0 0 0 0 2 2 42137 600
0x00007d762f664500 0x0000000b24d31500 0 1 0 0 0 2 2 42137 592
0x00007d762f664580 0x0000000b24d31580 0 1 0 0 0 2 2 42137 600
0x00007d762f664600 0x0000000b24d31600 0 0 1 0 0 2 2 42137 592
0x00007d762f664680 0x0000000b24d31680 0 0 1 0 0 2 2 42137 600
0x00007d762f664700 0x0000000b24d31700 0 1 1 0 0 2 2 42137 592
0x00007d762f664780 0x0000000b24d31780 0 1 1 0 0 2 2 42137 600
0x00007d762f664800 0x0000000b24d31800 0 0 0 0 0 2 2 42137 608
0x00007d762f664880 0x0000000b24d31880 0 0 0 0 0 2 2 42137 616
0x00007d762f664900 0x0000000b24d31900 0 1 0 0 0 2 2 42137 608
0x00007d762f664980 0x0000000b24d31980 0 1 0 0 0 2 2 42137 616
0x00007d762f664a00 0x0000000b24d31a00 0 0 1 0 0 2 2 42137 608
0x00007d762f664a80 0x0000000b24d31a80 0 0 1 0 0 2 2 42137 616
0x00007d762f664b00 0x0000000b24d31b00 0 1 1 0 0 2 2 42137 608
0x00007d762f664b80 0x0000000b24d31b80 0 1 1 0 0 2 2 42137 616
0x00007d762f664c00 0x0000000b24d31c00 0 0 0 0 0 2 2 42137 624
0x00007d762f664c80 0x0000000b24d31c80 0 0 0 0 0 2 2 42137 632
0x00007d762f664d00 0x0000000b24d31d00 0 1 0 0 0 2 2 42137 624
0x00007d762f664d80 0x0000000b24d31d80 0 1 0 0 0 2 2 42137 632
0x00007d762f664e00 0x0000000b24d31e00 0 0 1 0 0 2 2 42137 624
0x00007d762f664e80 0x0000000b24d31e80 0 0 1 0 0 2 2 42137 632
0x00007d762f664f00 0x0000000b24d31f00 0 1 1 0 0 2 2 42137 624
0x00007d762f664f80 0x0000000b24d31f80 0 1 1 0 0 2 2 42137 632
0x00007d762f667000 0x000000020458d000 0 0 0 0 1 2 2 4244 320
0x00007d762f667080 0x000000020458d080 0 0 0 0 1 2 2 4244 328
0x00007d762f667100 0x000000020458d100 0 1 0 0 1 2 2 4244 320
0x00007d762f667180 0x000000020458d180 0 1 0 0 1 2 2 4244 328
0x00007d762f667200 0x000000020458d200 0 0 1 0 1 2 2 4244 320
0x00007d762f667280 0x000000020458d280 0 0 1 0 1 2 2 4244 328
0x00007d762f667300 0x000000020458d300 0 1 1 0 1 2 2 4244 320
0x00007d762f667380 0x000000020458d380 0 1 1 0 1 2 2 4244 328
0x00007d762f667400 0x000000020458d400 0 0 0 0 1 2 2 4244 336
0x00007d762f667480 0x000000020458d480 0 0 0 0 1 2 2 4244 344
0x00007d762f667500 0x000000020458d500 0 1 0 0 1 2 2 4244 336
0x00007d762f667580 0x000000020458d580 0 1 0 0 1 2 2 4244 344
0x00007d762f667600 0x000000020458d600 0 0 1 0 1 2 2 4244 336
0x00007d762f667680 0x000000020458d680 0 0 1 0 1 2 2 4244 344
0x00007d762f667700 0x000000020458d700 0 1 1 0 1 2 2 4244 336
0x00007d762f667780 0x000000020458d780 0 1 1 0 1 2 2 4244 344
0x00007d762f667800 0x000000020458d800 0 0 0 0 1 2 2 4244 352
0x00007d762f667880 0x000000020458d880 0 0 0 0 1 2 2 4244 360
0x00007d762f667900 0x000000020458d900 0 1 0 0 1 2 2 4244 352
0x00007d762f667980 0x000000020458d980 0 1 0 0 1 2 2 4244 360
0x00007d762f667a00 0x000000020458da00 0 0 1 0 1 2 2 4244 352
0x00007d762f667a80 0x000000020458da80 0 0 1 0 1 2 2 4244 360
0x00007d762f667b00 0x000000020458db00 0 1 1 0 1 2 2 4244 352
0x00007d762f667b80 0x000000020458db80 0 1 1 0 1 2 2 4244 360
0x00007d762f667c00 0x000000020458dc00 0 0 0 0 1 2 2 4244 368
0x00007d762f667c80 0x000000020458dc80 0 0 0 0 1 2 2 4244 376
0x00007d762f667d00 0x000000020458dd00 0 1 0 0 1 2 2 4244 368
0x00007d762f667d80 0x000000020458dd80 0 1 0 0 1 2 2 4244 376
0x00007d762f667e00 0x000000020458de00 0 0 1 0 1 2 2 4244 368
0x00007d762f667e80 0x000000020458de80 0 0 1 0 1 2 2 4244 376
0x00007d762f667f00 0x000000020458df00 0 1 1 0 1 2 2 4244 368
0x00007d762f667f80 0x000000020458df80 0 1 1 0 1 2 2 4244 376
0x00007d762f669000 0x0000000269d1f000 0 0 0 0 1 2 2 7480 960
0x00007d762f669080 0x0000000269d1f080 0 0 0 0 1 2 2 7480 968
0x00007d762f669100 0x0000000269d1f100 0 1 0 0 1 2 2 7480 960
0x00007d762f669180 0x0000000269d1f180 0 1 0 0 1 2 2 7480 968
0x00007d762f669200 0x0000000269d1f200 0 0 1 0 1 2 2 7480 960
0x00007d762f669280 0x0000000269d1f280 0 0 1 0 1 2 2 7480 968
0x00007d762f669300 0x0000000269d1f300 0 1 1 0 1 2 2 7480 960
0x00007d762f669380 0x0000000269d1f380 0 1 1 0 1 2 2 7480 968
0x00007d762f669400 0x0000000269d1f400 0 0 0 0 1 2 2 7480 976
0x00007d762f669480 0x0000000269d1f480 0 0 0 0 1 2 2 7480 984
0x00007d762f669500 0x0000000269d1f500 0 1 0 0 1 2 2 7480 976
0x00007d762f669580 0x0000000269d1f580 0 1 0 0 1 2 2 7480 984
0x00007d762f669600 0x0000000269d1f600 0 0 1 0 1 2 2 7480 976
0x00007d762f669680 0x0000000269d1f680 0 0 1 0 1 2 2 7480 984
0x00007d762f669700 0x0000000269d1f700 0 1 1 0 1 2 2 7480 976
0x00007d762f669780 0x0000000269d1f780 0 1 1 0 1 2 2 7480 984
0x00007d762f669800 0x0000000269d1f800 0 0 0 0 1 2 2 7480 992
0x00007d762f669880 0x0000000269d1f880 0 0 0 0 1 2 2 7480 1000
0x00007d762f669900 0x0000000269d1f900 0 1 0 0 1 2 2 7480 992
0x00007d762f669980 0x0000000269d1f980 0 1 0 0 1 2 2 7480 1000
0x00007d762f669a00 0x0000000269d1fa00 0 0 1 0 1 2 2 7480 992
0x00007d762f669a80 0x0000000269d1fa80 0 0 1 0 1 2 2 7480 1000
0x00007d762f669b00 0x0000000269d1fb00 0 1 1 0 1 2 2 7480 992
0x00007d762f669b80 0x0000000269d1fb80 0 1 1 0 1 2 2 7480 1000
0x00007d762f669c00 0x0000000269d1fc00 0 0 0 0 1 2 2 7480 1008
0x00007d762f669c80 0x0000000269d1fc80 0 0 0 0 1 2 2 7480 1016
0x00007d762f669d00 0x0000000269d1fd00 0 1 0 0 1 2 2 7480 1008
0x00007d762f669d80 0x0000000269d1fd80 0 1 0 0 1 2 2 7480 1016
0x00007d762f669e00 0x0000000269d1fe00 0 0 1 0 1 2 2 7480 1008
0x00007d762f669e80 0x0000000269d1fe80 0 0 1 0 1 2 2 7480 1016
0x00007d762f669f00 0x0000000269d1ff00 0 1 1 0 1 2 2 7480 1008
0x00007d762f669f80 0x0000000269d1ff80 0 1 1 0 1 2 2 7480 1016
0x00007d762f66a000 0x00000006b757f000 0 0 0 0 1 2 2 26339 960
0x00007d762f66a080 0x00000006b757f080 0 0 0 0 1 2 2 26339 968
0x00007d762f66a100 0x00000006b757f100 0 1 0 0 1 2 2 26339 960
0x00007d762f66a180 0x00000006b757f180 0 1 0 0 1 2 2 26339 968
0x00007d762f66a200 0x00000006b757f200 0 0 1 0 1 2 2 26339 960
0x00007d762f66a280 0x00000006b757f280 0 0 1 0 1 2 2 26339 968
0x00007d762f66a300 0x00000006b757f300 0 1 1 0 1 2 2 26339 960
0x00007d762f66a380 0x00000006b757f380 0 1 1 0 1 2 2 26339 968
0x00007d762f66a400 0x00000006b757f400 0 0 0 0 1 2 2 26339 976
0x00007d762f66a480 0x00000006b757f480 0 0 0 0 1 2 2 26339 984
0x00007d762f66a500 0x00000006b757f500 0 1 0 0 1 2 2 26339 976
0x00007d762f66a580 0x00000006b757f580 0 1 0 0 1 2 2 26339 984
0x00007d762f66a600 0x00000006b757f600 0 0 1 0 1 2 2 26339 976
0x00007d762f66a680 0x00000006b757f680 0 0 1 0 1 2 2 26339 984
0x00007d762f66a700 0x00000006b757f700 0 1 1 0 1 2 2 26339 976
0x00007d762f66a780 0x00000006b757f780 0 1 1 0 1 2 2 26339 984
0x00007d762f66a800 0x00000006b757f800 0 0 0 0 1 2 2 26339 992
0x00007d762f66a880 0x00000006b757f880 0 0 0 0 1 2 2 26339 1000
0x00007d762f66a900 0x00000006b757f900 0 1 0 0 1 2 2 26339 992
0x00007d762f66a980 0x00000006b757f980 0 1 0 0 1 2 2 26339 1000
0x00007d762f66aa00 0x00000006b757fa00 0 0 1 0 1 2 2 26339 992
0x00007d762f66aa80 0x00000006b757fa80 0 0 1 0 1 2 2 26339 1000
0x00007d762f66ab00 0x00000006b757fb00 0 1 1 0 1 2 2 26339 992
0x00007d762f66ab80 0x00000006b757fb80 0 1 1 0 1 2 2 26339 1000
0x00007d762f66ac00 0x00000006b757fc00 0 0 0 0 1 2 2 26339 1008
0x00007d762f66ac80 0x00000006b757fc80 0 0 0 0 1 2 2 26339 1016
0x00007d762f66ad00 0x00000006b757fd00 0 1 0 0 1 2 2 26339 1008
0x00007d762f66ad80 0x00000006b757fd80 0 1 0 0 1 2 2 26339 1016
0x00007d762f66ae00 0x00000006b757fe00 0 0 1 0 1 2 2 26339 1008
0x00007d762f66ae80 0x00000006b757fe80 0 0 1 0 1 2 2 26339 1016
0x00007d762f66af00 0x00000006b757ff00 0 1 1 0 1 2 2 26339 1008
0x00007d762f66af80 0x00000006b757ff80 0 1 1 0 1 2 2 26339 1016
0x00007d762f66b000 0x0000000b24d3d000 0 0 0 0 1 2 2 42137 832
0x00007d762f66b080 0x0000000b24d3d080 0 0 0 0 1 2 2 42137 840
0x00007d762f66b100 0x0000000b24d3d100 0 1 0 0 1 2 2 42137 832
0x00007d762f66b180 0x0000000b24d3d180 0 1 0 0 1 2 2 42137 840
0x00007d762f66b200 0x0000000b24d3d200 0 0 1 0 1 2 2 42137 832
0x00007d762f66b280 0x0000000b24d3d280 0 0 1 0 1 2 2 42137 840
0x00007d762f66b300 0x0000000b24d3d300 0 1 1 0 1 2 2 42137 832
0x00007d762f66b380 0x0000000b24d3d380 0 1 1 0 1 2 2 42137 840
0x00007d762f66b400 0x0000000b24d3d400 0 0 0 0 1 2 2 42137 848
0x00007d762f66b480 0x0000000b24d3d480 0 0 0 0 1 2 2 42137 856
0x00007d762f66b500 0x0000000b24d3d500 0 1 0 0 1 2 2 42137 848
0x00007d762f66b580 0x0000000b24d3d580 0 1 0 0 1 2 2 42137 856
0x00007d762f66b600 0x0000000b24d3d600 0 0 1 0 1 2 2 42137 848
0x00007d762f66b680 0x0000000b24d3d680 0 0 1 0 1 2 2 42137 856
0x00007d762f66b700 0x0000000b24d3d700 0 1 1 0 1 2 2 42137 848
0x00007d762f66b780 0x0000000b24d3d780 0 1 1 0 1 2 2 42137 856
0x00007d762f66b800 0x0000000b24d3d800 0 0 0 0 1 2 2 42137 864
0x00007d762f66b880 0x0000000b24d3d880 0 0 0 0 1 2 2 42137 872
0x00007d762f66b900 0x0000000b24d3d900 0 1 0 0 1 2 2 42137 864
0x00007d762f66b980 0x0000000b24d3d980 0 1 0 0 1 2 2 42137 872
0x00007d762f66ba00 0x0000000b24d3da00 0 0 1 0 1 2 2 42137 864
0x00007d762f66ba80 0x0000000b24d3da80 0 0 1 0 1 2 2 42137 872
0x00007d762f66bb00 0x0000000b24d3db00 0 1 1 0 1 2 2 42137 864
0x00007d762f66bb80 0x0000000b24d3db80 0 1 1 0 1 2 2 42137 872
0x00007d762f66bc00 0x0000000b24d3dc00 0 0 0 0 1 2 2 42137 880
0x00007d762f66bc80 0x0000000b24d3dc80 0 0 0 0 1 2 2 42137 888
0x00007d762f66bd00 0x0000000b24d3dd00 0 1 0 0 1 2 2 42137 880
0x00007d762f66bd80 0x0000000b24d3dd80 0 1 0 0 1 2 2 42137 888
0x00007d762f66be00 0x0000000b24d3de00 0 0 1 0 1 2 2 42137 880
0x00007d762f66be80 0x0000000b24d3de80 0 0 1 0 1 2 2 42137 888
0x00007d762f66bf00 0x0000000b24d3df00 0 1 1 0 1 2 2 42137 880
0x00007d762f66bf80 0x0000000b24d3df80 0 1 1 0 1 2 2 42137 888
0x00007d762f671000 0x0000000625d21000 0 0 0 0 0 2 2 21689 64
0x00007d762f671080 0x0000000625d21080 0 0 0 0 0 2 2 21689 72
0x00007d762f671100 0x0000000625d21100 0 1 0 0 0 2 2 21689 64
0x00007d762f671180 0x0000000625d21180 0 1 0 0 0 2 2 21689 72
0x00007d762f671200 0x0000000625d21200 0 0 1 0 0 2 2 21689 64
0x00007d762f671280 0x0000000625d21280 0 0 1 0 0 2 2 21689 72
0x00007d762f671300 0x0000000625d21300 0 1 1 0 0 2 2 21689 64
0x00007d762f671380 0x0000000625d21380 0 1 1 0 0 2 2 21689 72
0x00007d762f671400 0x0000000625d21400 0 0 0 0 0 2 2 21689 80
0x00007d762f671480 0x0000000625d21480 0 0 0 0 0 2 2 21689 88
0x00007d762f671500 0x0000000625d21500 0 1 0 0 0 2 2 21689 80
0x00007d762f671580 0x0000000625d21580 0 1 0 0 0 2 2 21689 88
0x00007d762f671600 0x0000000625d21600 0 0 1 0 0 2 2 21689 80
0x00007d762f671680 0x0000000625d21680 0 0 1 0 0 2 2 21689 88
0x00007d762f671700 0x0000000625d21700 0 1 1 0 0 2 2 21689 80
0x00007d762f671780 0x0000000625d21780 0 1 1 0 0 2 2 21689 88
0x00007d762f671800 0x0000000625d21800 0 0 0 0 0 2 2 21689 96
0x00007d762f671880 0x0000000625d21880 0 0 0 0 0 2 2 21689 104
0x00007d762f671900 0x0000000625d21900 0 1 0 0 0 2 2 21689 96
0x00007d762f671980 0x0000000625d21980 0 1 0 0 0 2 2 21689 104
0x00007d762f671a00 0x0000000625d21a00 0 0 1 0 0 2 2 21689 96
0x00007d762f671a80 0x0000000625d21a80 0 0 1 0 0 2 2 21689 104
0x00007d762f671b00 0x0000000625d21b00 0 1 1 0 0 2 2 21689 96
0x00007d762f671b80 0x0000000625d21b80 0 1 1 0 0 2 2 21689 104
0x00007d762f671c00 0x0000000625d21c00 0 0 0 0 0 2 2 21689 112
0x00007d762f671c80 0x0000000625d21c80 0 0 0 0 0 2 2 21689 120
0x00007d762f671d00 0x0000000625d21d00 0 1 0 0 0 2 2 21689 112
0x00007d762f671d80 0x0000000625d21d80 0 1 0 0 0 2 2 21689 120
0x00007d762f671e00 0x0000000625d21e00 0 0 1 0 0 2 2 21689 112
0x00007d762f671e80 0x0000000625d21e80 0 0 1 0 0 2 2 21689 120
0x00007d762f671f00 0x0000000625d21f00 0 1 1 0 0 2 2 21689 112
0x00007d762f671f80 0x0000000625d21f80 0 1 1 0 0 2 2 21689 120
0x00007d762f672000 0x0000000625d20000 0 0 0 0 0 2 2 21689 0
0x00007d762f672080 0x0000000625d20080 0 0 0 0 0 2 2 21689 8
0x00007d762f672100 0x0000000625d20100 0 1 0 0 0 2 2 21689 0
0x00007d762f672180 0x0000000625d20180 0 1 0 0 0 2 2 21689 8
0x00007d762f672200 0x0000000625d20200 0 0 1 0 0 2 2 21689 0
0x00007d762f672280 0x0000000625d20280 0 0 1 0 0 2 2 21689 8
0x00007d762f672300 0x0000000625d20300 0 1 1 0 0 2 2 21689 0
0x00007d762f672380 0x0000000625d20380 0 1 1 0 0 2 2 21689 8
0x00007d762f672400 0x0000000625d20400 0 0 0 0 0 2 2 21689 16
0x00007d762f672480 0x0000000625d20480 0 0 0 0 0 2 2 21689 24
0x00007d762f672500 0x0000000625d20500 0 1 0 0 0 2 2 21689 16
0x00007d762f672580 0x0000000625d20580 0 1 0 0 0 2 2 21689 24
0x00007d762f672600 0x0000000625d20600 0 0 1 0 0 2 2 21689 16
0x00007d762f672680 0x0000000625d20680 0 0 1 0 0 2 2 21689 24
0x00007d762f672700 0x0000000625d20700 0 1 1 0 0 2 2 21689 16
0x00007d762f672780 0x0000000625d20780 0 1 1 0 0 2 2 21689 24
0x00007d762f672800 0x0000000625d20800 0 0 0 0 0 2 2 21689 32
0x00007d762f672880 0x0000000625d20880 0 0 0 0 0 2 2 21689 40
0x00007d762f672900 0x0000000625d20900 0 1 0 0 0 2 2 21689 32
0x00007d762f672980 0x0000000625d20980 0 1 0 0 0 2 2 21689 40
0x00007d762f672a00 0x0000000625d20a00 0 0 1 0 0 2 2 21689 32
0x00007d762f672a80 0x0000000625d20a80 0 0 1 0 0 2 2 21689 40
0x00007d762f672b00 0x0000000625d20b00 0 1 1 0 0 2 2 21689 32
0x00007d762f672b80 0x0000000625d20b80 0 1 1 0 0 2 2 21689 40
0x00007d762f672c00 0x0000000625d20c00 0 0 0 0 0 2 2 21689 48
0x00007d762f672c80 0x0000000625d20c80 0 0 0 0 0 2 2 21689 56
0x00007d762f672d00 0x0000000625d20d00 0 1 0 0 0 2 2 21689 48
0x00007d762f672d80 0x0000000625d20d80 0 1 0 0 0 2 2 21689 56
0x00007d762f672e00 0x0000000625d20e00 0 0 1 0 0 2 2 21689 48
0x00007d762f672e80 0x0000000625d20e80 0 0 1 0 0 2 2 21689 56
0x00007d762f672f00 0x0000000625d20f00 0 1 1 0 0 2 2 21689 48
0x00007d762f672f80 0x0000000625d20f80 0 1 1 0 0 2 2 21689 56
0x00007d762f674000 0x0000000625d2e000 0 0 0 0 1 2 2 21689 384
0x00007d762f674080 0x0000000625d2e080 0 0 0 0 1 2 2 21689 392
0x00007d762f674100 0x0000000625d2e100 0 1 0 0 1 2 2 21689 384
0x00007d762f674180 0x0000000625d2e180 0 1 0 0 1 2 2 21689 392
0x00007d762f674200 0x0000000625d2e200 0 0 1 0 1 2 2 21689 384
0x00007d762f674280 0x0000000625d2e280 0 0 1 0 1 2 2 21689 392
0x00007d762f674300 0x0000000625d2e300 0 1 1 0 1 2 2 21689 384
0x00007d762f674380 0x0000000625d2e380 0 1 1 0 1 2 2 21689 392
0x00007d762f674400 0x0000000625d2e400 0 0 0 0 1 2 2 21689 400
0x00007d762f674480 0x0000000625d2e480 0 0 0 0 1 2 2 21689 408
0x00007d762f674500 0x0000000625d2e500 0 1 0 0 1 2 2 21689 400
0x00007d762f674580 0x0000000625d2e580 0 1 0 0 1 2 2 21689 408
0x00007d762f674600 0x0000000625d2e600 0 0 1 0 1 2 2 21689 400
0x00007d762f674680 0x0000000625d2e680 0 0 1 0 1 2 2 21689 408
0x00007d762f674700 0x0000000625d2e700 0 1 1 0 1 2 2 21689 400
0x00007d762f674780 0x0000000625d2e780 0 1 1 0 1 2 2 21689 408
0x00007d762f674800 0x0000000625d2e800 0 0 0 0 1 2 2 21689 416
0x00007d762f674880 0x0000000625d2e880 0 0 0 0 1 2 2 21689 424
0x00007d762f674900 0x0000000625d2e900 0 1 0 0 1 2 2 21689 416
0x00007d762f674980 0x0000000625d2e980 0 1 0 0 1 2 2 21689 424
0x00007d762f674a00 0x0000000625d2ea00 0 0 1 0 1 2 2 21689 416
0x00007d762f674a80 0x0000000625d2ea80 0 0 1 0 1 2 2 21689 424
0x00007d762f674b00 0x0000000625d2eb00 0 1 1 0 1 2 2 21689 416
0x00007d762f674b80 0x0000000625d2eb80 0 1 1 0 1 2 2 21689 424
0x00007d762f674c00 0x0000000625d2ec00 0 0 0 0 1 2 2 21689 432
0x00007d762f674c80 0x0000000625d2ec80 0 0 0 0 1 2 2 21689 440
0x00007d762f674d00 0x0000000625d2ed00 0 1 0 0 1 2 2 21689 432
0x00007d762f674d80 0x0000000625d2ed80 0 1 0 0 1 2 2 21689 440
0x00007d762f674e00 0x0000000625d2ee00 0 0 1 0 1 2 2 21689 432
0x00007d762f674e80 0x0000000625d2ee80 0 0 1 0 1 2 2 21689 440
0x00007d762f674f00 0x0000000625d2ef00 0 1 1 0 1 2 2 21689 432
0x00007d762f674f80 0x0000000625d2ef80 0 1 1 0 1 2 2 21689 440
0x00007d762f675000 0x0000000204583000 0 0 0 0 0 2 2 4244 192
0x00007d762f675080 0x0000000204583080 0 0 0 0 0 2 2 4244 200
0x00007d762f675100 0x0000000204583100 0 1 0 0 0 2 2 4244 192
0x00007d762f675180 0x0000000204583180 0 1 0 0 0 2 2 4244 200
0x00007d762f675200 0x0000000204583200 0 0 1 0 0 2 2 4244 192
0x00007d762f675280 0x0000000204583280 0 0 1 0 0 2 2 4244 200
0x00007d762f675300 0x0000000204583300 0 1 1 0 0 2 2 4244 192
0x00007d762f675380 0x0000000204583380 0 1 1 0 0 2 2 4244 200
0x00007d762f675400 0x0000000204583400 0 0 0 0 0 2 2 4244 208
0x00007d762f675480 0x0000000204583480 0 0 0 0 0 2 2 4244 216
0x00007d762f675500 0x0000000204583500 0 1 0 0 0 2 2 4244 208
0x00007d762f675580 0x0000000204583580 0 1 0 0 0 2 2 4244 216
0x00007d762f675600 0x0000000204583600 0 0 1 0 0 2 2 4244 208
0x00007d762f675680 0x0000000204583680 0 0 1 0 0 2 2 4244 216
0x00007d762f675700 0x0000000204583700 0 1 1 0 0 2 2 4244 208
0x00007d762f675780 0x0000000204583780 0 1 1 0 0 2 2 4244 216
0x00007d762f675800 0x0000000204583800 0 0 0 0 0 2 2 4244 224
0x00007d762f675880 0x0000000204583880 0 0 0 0 0 2 2 4244 232
0x00007d762f675900 0x0000000204583900 0 1 0 0 0 2 2 4244 224
0x00007d762f675980 0x0000000204583980 0 1 0 0 0 2 2 4244 232
0x00007d762f675a00 0x0000000204583a00 0 0 1 0 0 2 2 4244 224
0x00007d762f675a80 0x0000000204583a80 0 0 1 0 0 2 2 4244 232
0x00007d762f675b00 0x0000000204583b00 0 1 1 0 0 2 2 4244 224
0x00007d762f675b80 0x0000000204583b80 0 1 1 0 0 2 2 4244 232
0x00007d762f675c00 0x0000000204583c00 0 0 0 0 0 2 2 4244 240
0x00007d762f675c80 0x0000000204583c80 0 0 0 0 0 2 2 4244 248
0x00007d762f675d00 0x0000000204583d00 0 1 0 0 0 2 2 4244 240
0x00007d762f675d80 0x0000000204583d80 0 1 0 0 0 2 2 4244 248
0x00007d762f675e00 0x0000000204583e00 0 0 1 0 0 2 2 4244 240
0x00007d762f675e80 0x0000000204583e80 0 0 1 0 0 2 2 4244 248
0x00007d762f675f00 0x0000000204583f00 0 1 1 0 0 2 2 4244 240
0x00007d762f675f80 0x0000000204583f80 0 1 1 0 0 2 2 4244 248
0x00007d762f677000 0x0000000c295f0000 0 0 0 0 0 2 2 46391 512
0x00007d762f677080 0x0000000c295f0080 0 0 0 0 0 2 2 46391 520
0x00007d762f677100 0x0000000c295f0100 0 1 0 0 0 2 2 46391 512
0x00007d762f677180 0x0000000c295f0180 0 1 0 0 0 2 2 46391 520
0x00007d762f677200 0x0000000c295f0200 0 0 1 0 0 2 2 46391 512
0x00007d762f677280 0x0000000c295f0280 0 0 1 0 0 2 2 46391 520
0x00007d762f677300 0x0000000c295f0300 0 1 1 0 0 2 2 46391 512
0x00007d762f677380 0x0000000c295f0380 0 1 1 0 0 2 2 46391 520
0x00007d762f677400 0x0000000c295f0400 0 0 0 0 0 2 2 46391 528
0x00007d762f677480 0x0000000c295f0480 0 0 0 0 0 2 2 46391 536
0x00007d762f677500 0x0000000c295f0500 0 1 0 0 0 2 2 46391 528
0x00007d762f677580 0x0000000c295f0580 0 1 0 0 0 2 2 46391 536
0x00007d762f677600 0x0000000c295f0600 0 0 1 0 0 2 2 46391 528
0x00007d762f677680 0x0000000c295f0680 0 0 1 0 0 2 2 46391 536
0x00007d762f677700 0x0000000c295f0700 0 1 1 0 0 2 2 46391 528
0x00007d762f677780 0x0000000c295f0780 0 1 1 0 0 2 2 46391 536
0x00007d762f677800 0x0000000c295f0800 0 0 0 0 0 2 2 46391 544
0x00007d762f677880 0x0000000c295f0880 0 0 0 0 0 2 2 46391 552
0x00007d762f677900 0x0000000c295f0900 0 1 0 0 0 2 2 46391 544
0x00007d762f677980 0x0000000c295f0980 0 1 0 0 0 2 2 46391 552
0x00007d762f677a00 0x0000000c295f0a00 0 0 1 0 0 2 2 46391 544
0x00007d762f677a80 0x0000000c295f0a80 0 0 1 0 0 2 2 46391 552
0x00007d762f677b00 0x0000000c295f0b00 0 1 1 0 0 2 2 46391 544
0x00007d762f677b80 0x0000000c295f0b80 0 1 1 0 0 2 2 46391 552
0x00007d762f677c00 0x0000000c295f0c00 0 0 0 0 0 2 2 46391 560
0x00007d762f677c80 0x0000000c295f0c80 0 0 0 0 0 2 2 46391 568
0x00007d762f677d00 0x0000000c295f0d00 0 1 0 0 0 2 2 46391 560
0x00007d762f677d80 0x0000000c295f0d80 0 1 0 0 0 2 2 46391 568
0x00007d762f677e00 0x0000000c295f0e00 0 0 1 0 0 2 2 46391 560
0x00007d762f677e80 0x0000000c295f0e80 0 0 1 0 0 2 2 46391 568
0x00007d762f677f00 0x0000000c295f0f00 0 1 1 0 0 2 2 46391 560
0x00007d762f677f80 0x0000000c295f0f80 0 1 1 0 0 2 2 46391 568
0x00007d762f689000 0x0000000b8c54a000 0 0 0 0 1 2 2 45442 128
0x00007d762f689080 0x0000000b8c54a080 0 0 0 0 1 2 2 45442 136
0x00007d762f689100 0x0000000b8c54a100 0 1 0 0 1 2 2 45442 128
0x00007d762f689180 0x0000000b8c54a180 0 1 0 0 1 2 2 45442 136
0x00007d762f689200 0x0000000b8c54a200 0 0 1 0 1 2 2 45442 128
0x00007d762f689280 0x0000000b8c54a280 0 0 1 0 1 2 2 45442 136
0x00007d762f689300 0x0000000b8c54a300 0 1 1 0 1 2 2 45442 128
0x00007d762f689380 0x0000000b8c54a380 0 1 1 0 1 2 2 45442 136
0x00007d762f689400 0x0000000b8c54a400 0 0 0 0 1 2 2 45442 144
0x00007d762f689480 0x0000000b8c54a480 0 0 0 0 1 2 2 45442 152
0x00007d762f689500 0x0000000b8c54a500 0 1 0 0 1 2 2 45442 144
0x00007d762f689580 0x0000000b8c54a580 0 1 0 0 1 2 2 45442 152
0x00007d762f689600 0x0000000b8c54a600 0 0 1 0 1 2 2 45442 144
0x00007d762f689680 0x0000000b8c54a680 0 0 1 0 1 2 2 45442 152
0x00007d762f689700 0x0000000b8c54a700 0 1 1 0 1 2 2 45442 144
0x00007d762f689780 0x0000000b8c54a780 0 1 1 0 1 2 2 45442 152
0x00007d762f689800 0x0000000b8c54a800 0 0 0 0 1 2 2 45442 160
0x00007d762f689880 0x0000000b8c54a880 0 0 0 0 1 2 2 45442 168
0x00007d762f689900 0x0000000b8c54a900 0 1 0 0 1 2 2 45442 160
0x00007d762f689980 0x0000000b8c54a980 0 1 0 0 1 2 2 45442 168
0x00007d762f689a00 0x0000000b8c54aa00 0 0 1 0 1 2 2 45442 160
0x00007d762f689a80 0x0000000b8c54aa80 0 0 1 0 1 2 2 45442 168
0x00007d762f689b00 0x0000000b8c54ab00 0 1 1 0 1 2 2 45442 160
0x00007d762f689b80 0x0000000b8c54ab80 0 1 1 0 1 2 2 45442 168
0x00007d762f689c00 0x0000000b8c54ac00 0 0 0 0 1 2 2 45442 176
0x00007d762f689c80 0x0000000b8c54ac80 0 0 0 0 1 2 2 45442 184
0x00007d762f689d00 0x0000000b8c54ad00 0 1 0 0 1 2 2 45442 176
0x00007d762f689d80 0x0000000b8c54ad80 0 1 0 0 1 2 2 45442 184
0x00007d762f689e00 0x0000000b8c54ae00 0 0 1 0 1 2 2 45442 176
0x00007d762f689e80 0x0000000b8c54ae80 0 0 1 0 1 2 2 45442 184
0x00007d762f689f00 0x0000000b8c54af00 0 1 1 0 1 2 2 45442 176
0x00007d762f689f80 0x0000000b8c54af80 0 1 1 0 1 2 2 45442 184
0x00007d762f696000 0x0000000441d8c000 0 0 0 0 1 2 2 14396 256
0x00007d762f696080 0x0000000441d8c080 0 0 0 0 1 2 2 14396 264
0x00007d762f696100 0x0000000441d8c100 0 1 0 0 1 2 2 14396 256
0x00007d762f696180 0x0000000441d8c180 0 1 0 0 1 2 2 14396 264
0x00007d762f696200 0x0000000441d8c200 0 0 1 0 1 2 2 14396 256
0x00007d762f696280 0x0000000441d8c280 0 0 1 0 1 2 2 14396 264
0x00007d762f696300 0x0000000441d8c300 0 1 1 0 1 2 2 14396 256
0x00007d762f696380 0x0000000441d8c380 0 1 1 0 1 2 2 14396 264
0x00007d762f696400 0x0000000441d8c400 0 0 0 0 1 2 2 14396 272
0x00007d762f696480 0x0000000441d8c480 0 0 0 0 1 2 2 14396 280
0x00007d762f696500 0x0000000441d8c500 0 1 0 0 1 2 2 14396 272
0x00007d762f696580 0x0000000441d8c580 0 1 0 0 1 2 2 14396 280
0x00007d762f696600 0x0000000441d8c600 0 0 1 0 1 2 2 14396 272
0x00007d762f696680 0x0000000441d8c680 0 0 1 0 1 2 2 14396 280
0x00007d762f696700 0x0000000441d8c700 0 1 1 0 1 2 2 14396 272
0x00007d762f696780 0x0000000441d8c780 0 1 1 0 1 2 2 14396 280
0x00007d762f696800 0x0000000441d8c800 0 0 0 0 1 2 2 14396 288
0x00007d762f696880 0x0000000441d8c880 0 0 0 0 1 2 2 14396 296
0x00007d762f696900 0x0000000441d8c900 0 1 0 0 1 2 2 14396 288
0x00007d762f696980 0x0000000441d8c980 0 1 0 0 1 2 2 14396 296
0x00007d762f696a00 0x0000000441d8ca00 0 0 1 0 1 2 2 14396 288
0x00007d762f696a80 0x0000000441d8ca80 0 0 1 0 1 2 2 14396 296
0x00007d762f696b00 0x0000000441d8cb00 0 1 1 0 1 2 2 14396 288
0x00007d762f696b80 0x0000000441d8cb80 0 1 1 0 1 2 2 14396 296
0x00007d762f696c00 0x0000000441d8cc00 0 0 0 0 1 2 2 14396 304
0x00007d762f696c80 0x0000000441d8cc80 0 0 0 0 1 2 2 14396 312
0x00007d762f696d00 0x0000000441d8cd00 0 1 0 0 1 2 2 14396 304
0x00007d762f696d80 0x0000000441d8cd80 0 1 0 0 1 2 2 14396 312
0x00007d762f696e00 0x0000000441d8ce00 0 0 1 0 1 2 2 14396 304
0x00007d762f696e80 0x0000000441d8ce80 0 0 1 0 1 2 2 14396 312
0x00007d762f696f00 0x0000000441d8cf00 0 1 1 0 1 2 2 14396 304
0x00007d762f696f80 0x0000000441d8cf80 0 1 1 0 1 2 2 14396 312
0x00007d762f698000 0x0000000b24d3f000 0 0 0 0 1 2 2 42137 960
0x00007d762f698080 0x0000000b24d3f080 0 0 0 0 1 2 2 42137 968
0x00007d762f698100 0x0000000b24d3f100 0 1 0 0 1 2 2 42137 960
0x00007d762f698180 0x0000000b24d3f180 0 1 0 0 1 2 2 42137 968
0x00007d762f698200 0x0000000b24d3f200 0 0 1 0 1 2 2 42137 960
0x00007d762f698280 0x0000000b24d3f280 0 0 1 0 1 2 2 42137 968
0x00007d762f698300 0x0000000b24d3f300 0 1 1 0 1 2 2 42137 960
0x00007d762f698380 0x0000000b24d3f380 0 1 1 0 1 2 2 42137 968
0x00007d762f698400 0x0000000b24d3f400 0 0 0 0 1 2 2 42137 976
0x00007d762f698480 0x0000000b24d3f480 0 0 0 0 1 2 2 42137 984
0x00007d762f698500 0x0000000b24d3f500 0 1 0 0 1 2 2 42137 976
0x00007d762f698580 0x0000000b24d3f580 0 1 0 0 1 2 2 42137 984
0x00007d762f698600 0x0000000b24d3f600 0 0 1 0 1 2 2 42137 976
0x00007d762f698680 0x0000000b24d3f680 0 0 1 0 1 2 2 42137 984
0x00007d762f698700 0x0000000b24d3f700 0 1 1 0 1 2 2 42137 976
0x00007d762f698780 0x0000000b24d3f780 0 1 1 0 1 2 2 42137 984
0x00007d762f698800 0x0000000b24d3f800 0 0 0 0 1 2 2 42137 992
0x00007d762f698880 0x0000000b24d3f880 0 0 0 0 1 2 2 42137 1000
0x00007d762f698900 0x0000000b24d3f900 0 1 0 0 1 2 2 42137 992
0x00007d762f698980 0x0000000b24d3f980 0 1 0 0 1 2 2 42137 1000
0x00007d762f698a00 0x0000000b24d3fa00 0 0 1 0 1 2 2 42137 992
0x00007d762f698a80 0x0000000b24d3fa80 0 0 1 0 1 2 2 42137 1000
0x00007d762f698b00 0x0000000b24d3fb00 0 1 1 0 1 2 2 42137 992
0x00007d762f698b80 0x0000000b24d3fb80 0 1 1 0 1 2 2 42137 1000
0x00007d762f698c00 0x0000000b24d3fc00 0 0 0 0 1 2 2 42137 1008
0x00007d762f698c80 0x0000000b24d3fc80 0 0 0 0 1 2 2 42137 1016
0x00007d762f698d00 0x0000000b24d3fd00 0 1 0 0 1 2 2 42137 1008
0x00007d762f698d80 0x0000000b24d3fd80 0 1 0 0 1 2 2 42137 1016
0x00007d762f698e00 0x0000000b24d3fe00 0 0 1 0 1 2 2 42137 1008
0x00007d762f698e80 0x0000000b24d3fe80 0 0 1 0 1 2 2 42137 1016
0x00007d762f698f00 0x0000000b24d3ff00 0 1 1 0 1 2 2 42137 1008
0x00007d762f698f80 0x0000000b24d3ff80 0 1 1 0 1 2 2 42137 1016
0x00007d762f6a6000 0x0000000e815dd000 0 0 0 0 1 2 2 57382 832
0x00007d762f6a6080 0x0000000e815dd080 0 0 0 0 1 2 2 57382 840
0x00007d762f6a6100 0x0000000e815dd100 0 1 0 0 1 2 2 57382 832
0x00007d762f6a6180 0x0000000e815dd180 0 1 0 0 1 2 2 57382 840
0x00007d762f6a6200 0x0000000e815dd200 0 0 1 0 1 2 2 57382 832
0x00007d762f6a6280 0x0000000e815dd280 0 0 1 0 1 2 2 57382 840
0x00007d762f6a6300 0x0000000e815dd300 0 1 1 0 1 2 2 57382 832
0x00007d762f6a6380 0x0000000e815dd380 0 1 1 0 1 2 2 57382 840
0x00007d762f6a6400 0x0000000e815dd400 0 0 0 0 1 2 2 57382 848
0x00007d762f6a6480 0x0000000e815dd480 0 0 0 0 1 2 2 57382 856
0x00007d762f6a6500 0x0000000e815dd500 0 1 0 0 1 2 2 57382 848
0x00007d762f6a6580 0x0000000e815dd580 0 1 0 0 1 2 2 57382 856
0x00007d762f6a6600 0x0000000e815dd600 0 0 1 0 1 2 2 57382 848
0x00007d762f6a6680 0x0000000e815dd680 0 0 1 0 1 2 2 57382 856
0x00007d762f6a6700 0x0000000e815dd700 0 1 1 0 1 2 2 57382 848
0x00007d762f6a6780 0x0000000e815dd780 0 1 1 0 1 2 2 57382 856
0x00007d762f6a6800 0x0000000e815dd800 0 0 0 0 1 2 2 57382 864
0x00007d762f6a6880 0x0000000e815dd880 0 0 0 0 1 2 2 57382 872
0x00007d762f6a6900 0x0000000e815dd900 0 1 0 0 1 2 2 57382 864
0x00007d762f6a6980 0x0000000e815dd980 0 1 0 0 1 2 2 57382 872
0x00007d762f6a6a00 0x0000000e815dda00 0 0 1 0 1 2 2 57382 864
0x00007d762f6a6a80 0x0000000e815dda80 0 0 1 0 1 2 2 57382 872
0x00007d762f6a6b00 0x0000000e815ddb00 0 1 1 0 1 2 2 57382 864
0x00007d762f6a6b80 0x0000000e815ddb80 0 1 1 0 1 2 2 57382 872
0x00007d762f6a6c00 0x0000000e815ddc00 0 0 0 0 1 2 2 57382 880
0x00007d762f6a6c80 0x0000000e815ddc80 0 0 0 0 1 2 2 57382 888
0x00007d762f6a6d00 0x0000000e815ddd00 0 1 0 0 1 2 2 57382 880
0x00007d762f6a6d80 0x0000000e815ddd80 0 1 0 0 1 2 2 57382 888
0x00007d762f6a6e00 0x0000000e815dde00 0 0 1 0 1 2 2 57382 880
0x00007d762f6a6e80 0x0000000e815dde80 0 0 1 0 1 2 2 57382 888
0x00007d762f6a6f00 0x0000000e815ddf00 0 1 1 0 1 2 2 57382 880
0x00007d762f6a6f80 0x0000000e815ddf80 0 1 1 0 1 2 2 57382 888
0x00007d762f6a9000 0x0000000441d89000 0 0 0 0 1 2 2 14396 64
0x00007d762f6a9080 0x0000000441d89080 0 0 0 0 1 2 2 14396 72
0x00007d762f6a9100 0x0000000441d89100 0 1 0 0 1 2 2 14396 64
0x00007d762f6a9180 0x0000000441d89180 0 1 0 0 1 2 2 14396 72
0x00007d762f6a9200 0x0000000441d89200 0 0 1 0 1 2 2 14396 64
0x00007d762f6a9280 0x0000000441d89280 0 0 1 0 1 2 2 14396 72
0x00007d762f6a9300 0x0000000441d89300 0 1 1 0 1 2 2 14396 64
0x00007d762f6a9380 0x0000000441d89380 0 1 1 0 1 2 2 14396 72
0x00007d762f6a9400 0x0000000441d89400 0 0 0 0 1 2 2 14396 80
0x00007d762f6a9480 0x0000000441d89480 0 0 0 0 1 2 2 14396 88
0x00007d762f6a9500 0x0000000441d89500 0 1 0 0 1 2 2 14396 80
0x00007d762f6a9580 0x0000000441d89580 0 1 0 0 1 2 2 14396 88
0x00007d762f6a9600 0x0000000441d89600 0 0 1 0 1 2 2 14396 80
0x00007d762f6a9680 0x0000000441d89680 0 0 1 0 1 2 2 14396 88
0x00007d762f6a9700 0x0000000441d89700 0 1 1 0 1 2 2 14396 80
0x00007d762f6a9780 0x0000000441d89780 0 1 1 0 1 2 2 14396 88
0x00007d762f6a9800 0x0000000441d89800 0 0 0 0 1 2 2 14396 96
0x00007d762f6a9880 0x0000000441d89880 0 0 0 0 1 2 2 14396 104
0x00007d762f6a9900 0x0000000441d89900 0 1 0 0 1 2 2 14396 96
0x00007d762f6a9980 0x0000000441d89980 0 1 0 0 1 2 2 14396 104
0x00007d762f6a9a00 0x0000000441d89a00 0 0 1 0 1 2 2 14396 96
0x00007d762f6a9a80 0x0000000441d89a80 0 0 1 0 1 2 2 14396 104
0x00007d762f6a9b00 0x0000000441d89b00 0 1 1 0 1 2 2 14396 96
0x00007d762f6a9b80 0x0000000441d89b80 0 1 1 0 1 2 2 14396 104
0x00007d762f6a9c00 0x0000000441d89c00 0 0 0 0 1 2 2 14396 112
0x00007d762f6a9c80 0x0000000441d89c80 0 0 0 0 1 2 2 14396 120
0x00007d762f6a9d00 0x0000000441d89d00 0 1 0 0 1 2 2 14396 112
0x00007d762f6a9d80 0x0000000441d89d80 0 1 0 0 1 2 2 14396 120
0x00007d762f6a9e00 0x0000000441d89e00 0 0 1 0 1 2 2 14396 112
0x00007d762f6a9e80 0x0000000441d89e80 0 0 1 0 1 2 2 14396 120
0x00007d762f6a9f00 0x0000000441d89f00 0 1 1 0 1 2 2 14396 112
0x00007d762f6a9f80 0x0000000441d89f80 0 1 1 0 1 2 2 14396 120
0x00007d762f6ab000 0x0000000e815db000 0 0 0 0 1 2 2 57382 704
0x00007d762f6ab080 0x0000000e815db080 0 0 0 0 1 2 2 57382 712
0x00007d762f6ab100 0x0000000e815db100 0 1 0 0 1 2 2 57382 704
0x00007d762f6ab180 0x0000000e815db180 0 1 0 0 1 2 2 57382 712
0x00007d762f6ab200 0x0000000e815db200 0 0 1 0 1 2 2 57382 704
0x00007d762f6ab280 0x0000000e815db280 0 0 1 0 1 2 2 57382 712
0x00007d762f6ab300 0x0000000e815db300 0 1 1 0 1 2 2 57382 704
0x00007d762f6ab380 0x0000000e815db380 0 1 1 0 1 2 2 57382 712
0x00007d762f6ab400 0x0000000e815db400 0 0 0 0 1 2 2 57382 720
0x00007d762f6ab480 0x0000000e815db480 0 0 0 0 1 2 2 57382 728
0x00007d762f6ab500 0x0000000e815db500 0 1 0 0 1 2 2 57382 720
0x00007d762f6ab580 0x0000000e815db580 0 1 0 0 1 2 2 57382 728
0x00007d762f6ab600 0x0000000e815db600 0 0 1 0 1 2 2 57382 720
0x00007d762f6ab680 0x0000000e815db680 0 0 1 0 1 2 2 57382 728
0x00007d762f6ab700 0x0000000e815db700 0 1 1 0 1 2 2 57382 720
0x00007d762f6ab780 0x0000000e815db780 0 1 1 0 1 2 2 57382 728
0x00007d762f6ab800 0x0000000e815db800 0 0 0 0 1 2 2 57382 736
0x00007d762f6ab880 0x0000000e815db880 0 0 0 0 1 2 2 57382 744
0x00007d762f6ab900 0x0000000e815db900 0 1 0 0 1 2 2 57382 736
0x00007d762f6ab980 0x0000000e815db980 0 1 0 0 1 2 2 57382 744
0x00007d762f6aba00 0x0000000e815dba00 0 0 1 0 1 2 2 57382 736
0x00007d762f6aba80 0x0000000e815dba80 0 0 1 0 1 2 2 57382 744
0x00007d762f6abb00 0x0000000e815dbb00 0 1 1 0 1 2 2 57382 736
0x00007d762f6abb80 0x0000000e815dbb80 0 1 1 0 1 2 2 57382 744
0x00007d762f6abc00 0x0000000e815dbc00 0 0 0 0 1 2 2 57382 752
0x00007d762f6abc80 0x0000000e815dbc80 0 0 0 0 1 2 2 57382 760
0x00007d762f6abd00 0x0000000e815dbd00 0 1 0 0 1 2 2 57382 752
0x00007d762f6abd80 0x0000000e815dbd80 0 1 0 0 1 2 2 57382 760
0x00007d762f6abe00 0x0000000e815dbe00 0 0 1 0 1 2 2 57382 752
0x00007d762f6abe80 0x0000000e815dbe80 0 0 1 0 1 2 2 57382 760
0x00007d762f6abf00 0x0000000e815dbf00 0 1 1 0 1 2 2 57382 752
0x00007d762f6abf80 0x0000000e815dbf80 0 1 1 0 1 2 2 57382 760
0x00007d762f6ae000 0x0000000990535000 0 0 0 0 0 2 2 37377 832
0x00007d762f6ae080 0x0000000990535080 0 0 0 0 0 2 2 37377 840
0x00007d762f6ae100 0x0000000990535100 0 1 0 0 0 2 2 37377 832
0x00007d762f6ae180 0x0000000990535180 0 1 0 0 0 2 2 37377 840
0x00007d762f6ae200 0x0000000990535200 0 0 1 0 0 2 2 37377 832
0x00007d762f6ae280 0x0000000990535280 0 0 1 0 0 2 2 37377 840
0x00007d762f6ae300 0x0000000990535300 0 1 1 0 0 2 2 37377 832
0x00007d762f6ae380 0x0000000990535380 0 1 1 0 0 2 2 37377 840
0x00007d762f6ae400 0x0000000990535400 0 0 0 0 0 2 2 37377 848
0x00007d762f6ae480 0x0000000990535480 0 0 0 0 0 2 2 37377 856
0x00007d762f6ae500 0x0000000990535500 0 1 0 0 0 2 2 37377 848
0x00007d762f6ae580 0x0000000990535580 0 1 0 0 0 2 2 37377 856
0x00007d762f6ae600 0x0000000990535600 0 0 1 0 0 2 2 37377 848
0x00007d762f6ae680 0x0000000990535680 0 0 1 0 0 2 2 37377 856
0x00007d762f6ae700 0x0000000990535700 0 1 1 0 0 2 2 37377 848
0x00007d762f6ae780 0x0000000990535780 0 1 1 0 0 2 2 37377 856
0x00007d762f6ae800 0x0000000990535800 0 0 0 0 0 2 2 37377 864
0x00007d762f6ae880 0x0000000990535880 0 0 0 0 0 2 2 37377 872
0x00007d762f6ae900 0x0000000990535900 0 1 0 0 0 2 2 37377 864
0x00007d762f6ae980 0x0000000990535980 0 1 0 0 0 2 2 37377 872
0x00007d762f6aea00 0x0000000990535a00 0 0 1 0 0 2 2 37377 864
0x00007d762f6aea80 0x0000000990535a80 0 0 1 0 0 2 2 37377 872
0x00007d762f6aeb00 0x0000000990535b00 0 1 1 0 0 2 2 37377 864
0x00007d762f6aeb80 0x0000000990535b80 0 1 1 0 0 2 2 37377 872
0x00007d762f6aec00 0x0000000990535c00 0 0 0 0 0 2 2 37377 880
0x00007d762f6aec80 0x0000000990535c80 0 0 0 0 0 2 2 37377 888
0x00007d762f6aed00 0x0000000990535d00 0 1 0 0 0 2 2 37377 880
0x00007d762f6aed80 0x0000000990535d80 0 1 0 0 0 2 2 37377 888
0x00007d762f6aee00 0x0000000990535e00 0 0 1 0 0 2 2 37377 880
0x00007d762f6aee80 0x0000000990535e80 0 0 1 0 0 2 2 37377 888
0x00007d762f6aef00 0x0000000990535f00 0 1 1 0 0 2 2 37377 880
0x00007d762f6aef80 0x0000000990535f80 0 1 1 0 0 2 2 37377 888
0x00007d762f6b0000 0x000000099053a000 0 0 0 0 1 2 2 37377 640
0x00007d762f6b0080 0x000000099053a080 0 0 0 0 1 2 2 37377 648
0x00007d762f6b0100 0x000000099053a100 0 1 0 0 1 2 2 37377 640
0x00007d762f6b0180 0x000000099053a180 0 1 0 0 1 2 2 37377 648
0x00007d762f6b0200 0x000000099053a200 0 0 1 0 1 2 2 37377 640
0x00007d762f6b0280 0x000000099053a280 0 0 1 0 1 2 2 37377 648
0x00007d762f6b0300 0x000000099053a300 0 1 1 0 1 2 2 37377 640
0x00007d762f6b0380 0x000000099053a380 0 1 1 0 1 2 2 37377 648
0x00007d762f6b0400 0x000000099053a400 0 0 0 0 1 2 2 37377 656
0x00007d762f6b0480 0x000000099053a480 0 0 0 0 1 2 2 37377 664
0x00007d762f6b0500 0x000000099053a500 0 1 0 0 1 2 2 37377 656
0x00007d762f6b0580 0x000000099053a580 0 1 0 0 1 2 2 37377 664
0x00007d762f6b0600 0x000000099053a600 0 0 1 0 1 2 2 37377 656
0x00007d762f6b0680 0x000000099053a680 0 0 1 0 1 2 2 37377 664
0x00007d762f6b0700 0x000000099053a700 0 1 1 0 1 2 2 37377 656
0x00007d762f6b0780 0x000000099053a780 0 1 1 0 1 2 2 37377 664
0x00007d762f6b0800 0x000000099053a800 0 0 0 0 1 2 2 37377 672
0x00007d762f6b0880 0x000000099053a880 0 0 0 0 1 2 2 37377 680
0x00007d762f6b0900 0x000000099053a900 0 1 0 0 1 2 2 37377 672
0x00007d762f6b0980 0x000000099053a980 0 1 0 0 1 2 2 37377 680
0x00007d762f6b0a00 0x000000099053aa00 0 0 1 0 1 2 2 37377 672
0x00007d762f6b0a80 0x000000099053aa80 0 0 1 0 1 2 2 37377 680
0x00007d762f6b0b00 0x000000099053ab00 0 1 1 0 1 2 2 37377 672
0x00007d762f6b0b80 0x000000099053ab80 0 1 1 0 1 2 2 37377 680
0x00007d762f6b0c00 0x000000099053ac00 0 0 0 0 1 2 2 37377 688
0x00007d762f6b0c80 0x000000099053ac80 0 0 0 0 1 2 2 37377 696
0x00007d762f6b0d00 0x000000099053ad00 0 1 0 0 1 2 2 37377 688
0x00007d762f6b0d80 0x000000099053ad80 0 1 0 0 1 2 2 37377 696
0x00007d762f6b0e00 0x000000099053ae00 0 0 1 0 1 2 2 37377 688
0x00007d762f6b0e80 0x000000099053ae80 0 0 1 0 1 2 2 37377 696
0x00007d762f6b0f00 0x000000099053af00 0 1 1 0 1 2 2 37377 688
0x00007d762f6b0f80 0x000000099053af80 0 1 1 0 1 2 2 37377 696
0x00007d762f6b5000 0x000000026751f000 0 0 0 0 1 2 2 7408 960
0x00007d762f6b5080 0x000000026751f080 0 0 0 0 1 2 2 7408 968
0x00007d762f6b5100 0x000000026751f100 0 1 0 0 1 2 2 7408 960
0x00007d762f6b5180 0x000000026751f180 0 1 0 0 1 2 2 7408 968
0x00007d762f6b5200 0x000000026751f200 0 0 1 0 1 2 2 7408 960
0x00007d762f6b5280 0x000000026751f280 0 0 1 0 1 2 2 7408 968
0x00007d762f6b5300 0x000000026751f300 0 1 1 0 1 2 2 7408 960
0x00007d762f6b5380 0x000000026751f380 0 1 1 0 1 2 2 7408 968
0x00007d762f6b5400 0x000000026751f400 0 0 0 0 1 2 2 7408 976
0x00007d762f6b5480 0x000000026751f480 0 0 0 0 1 2 2 7408 984
0x00007d762f6b5500 0x000000026751f500 0 1 0 0 1 2 2 7408 976
0x00007d762f6b5580 0x000000026751f580 0 1 0 0 1 2 2 7408 984
0x00007d762f6b5600 0x000000026751f600 0 0 1 0 1 2 2 7408 976
0x00007d762f6b5680 0x000000026751f680 0 0 1 0 1 2 2 7408 984
0x00007d762f6b5700 0x000000026751f700 0 1 1 0 1 2 2 7408 976
0x00007d762f6b5780 0x000000026751f780 0 1 1 0 1 2 2 7408 984
0x00007d762f6b5800 0x000000026751f800 0 0 0 0 1 2 2 7408 992
0x00007d762f6b5880 0x000000026751f880 0 0 0 0 1 2 2 7408 1000
0x00007d762f6b5900 0x000000026751f900 0 1 0 0 1 2 2 7408 992
0x00007d762f6b5980 0x000000026751f980 0 1 0 0 1 2 2 7408 1000
0x00007d762f6b5a00 0x000000026751fa00 0 0 1 0 1 2 2 7408 992
0x00007d762f6b5a80 0x000000026751fa80 0 0 1 0 1 2 2 7408 1000
0x00007d762f6b5b00 0x000000026751fb00 0 1 1 0 1 2 2 7408 992
0x00007d762f6b5b80 0x000000026751fb80 0 1 1 0 1 2 2 7408 1000
0x00007d762f6b5c00 0x000000026751fc00 0 0 0 0 1 2 2 7408 1008
0x00007d762f6b5c80 0x000000026751fc80 0 0 0 0 1 2 2 7408 1016
0x00007d762f6b5d00 0x000000026751fd00 0 1 0 0 1 2 2 7408 1008
0x00007d762f6b5d80 0x000000026751fd80 0 1 0 0 1 2 2 7408 1016
0x00007d762f6b5e00 0x000000026751fe00 0 0 1 0 1 2 2 7408 1008
0x00007d762f6b5e80 0x000000026751fe80 0 0 1 0 1 2 2 7408 1016
0x00007d762f6b5f00 0x000000026751ff00 0 1 1 0 1 2 2 7408 1008
0x00007d762f6b5f80 0x000000026751ff80 0 1 1 0 1 2 2 7408 1016
0x00007d762f6b8000 0x0000000441d8e000 0 0 0 0 1 2 2 14396 384
0x00007d762f6b8080 0x0000000441d8e080 0 0 0 0 1 2 2 14396 392
0x00007d762f6b8100 0x0000000441d8e100 0 1 0 0 1 2 2 14396 384
0x00007d762f6b8180 0x0000000441d8e180 0 1 0 0 1 2 2 14396 392
0x00007d762f6b8200 0x0000000441d8e200 0 0 1 0 1 2 2 14396 384
0x00007d762f6b8280 0x0000000441d8e280 0 0 1 0 1 2 2 14396 392
0x00007d762f6b8300 0x0000000441d8e300 0 1 1 0 1 2 2 14396 384
0x00007d762f6b8380 0x0000000441d8e380 0 1 1 0 1 2 2 14396 392
0x00007d762f6b8400 0x0000000441d8e400 0 0 0 0 1 2 2 14396 400
0x00007d762f6b8480 0x0000000441d8e480 0 0 0 0 1 2 2 14396 408
0x00007d762f6b8500 0x0000000441d8e500 0 1 0 0 1 2 2 14396 400
0x00007d762f6b8580 0x0000000441d8e580 0 1 0 0 1 2 2 14396 408
0x00007d762f6b8600 0x0000000441d8e600 0 0 1 0 1 2 2 14396 400
0x00007d762f6b8680 0x0000000441d8e680 0 0 1 0 1 2 2 14396 408
0x00007d762f6b8700 0x0000000441d8e700 0 1 1 0 1 2 2 14396 400
0x00007d762f6b8780 0x0000000441d8e780 0 1 1 0 1 2 2 14396 408
0x00007d762f6b8800 0x0000000441d8e800 0 0 0 0 1 2 2 14396 416
0x00007d762f6b8880 0x0000000441d8e880 0 0 0 0 1 2 2 14396 424
0x00007d762f6b8900 0x0000000441d8e900 0 1 0 0 1 2 2 14396 416
0x00007d762f6b8980 0x0000000441d8e980 0 1 0 0 1 2 2 14396 424
0x00007d762f6b8a00 0x0000000441d8ea00 0 0 1 0 1 2 2 14396 416
0x00007d762f6b8a80 0x0000000441d8ea80 0 0 1 0 1 2 2 14396 424
0x00007d762f6b8b00 0x0000000441d8eb00 0 1 1 0 1 2 2 14396 416
0x00007d762f6b8b80 0x0000000441d8eb80 0 1 1 0 1 2 2 14396 424
0x00007d762f6b8c00 0x0000000441d8ec00 0 0 0 0 1 2 2 14396 432
0x00007d762f6b8c80 0x0000000441d8ec80 0 0 0 0 1 2 2 14396 440
0x00007d762f6b8d00 0x0000000441d8ed00 0 1 0 0 1 2 2 14396 432
0x00007d762f6b8d80 0x0000000441d8ed80 0 1 0 0 1 2 2 14396 440
0x00007d762f6b8e00 0x0000000441d8ee00 0 0 1 0 1 2 2 14396 432
0x00007d762f6b8e80 0x0000000441d8ee80 0 0 1 0 1 2 2 14396 440
0x00007d762f6b8f00 0x0000000441d8ef00 0 1 1 0 1 2 2 14396 432
0x00007d762f6b8f80 0x0000000441d8ef80 0 1 1 0 1 2 2 14396 440
0x00007d762f6b9000 0x00000005a6d08000 0 0 0 0 1 2 2 21704 0
0x00007d762f6b9080 0x00000005a6d08080 0 0 0 0 1 2 2 21704 8
0x00007d762f6b9100 0x00000005a6d08100 0 1 0 0 1 2 2 21704 0
0x00007d762f6b9180 0x00000005a6d08180 0 1 0 0 1 2 2 21704 8
0x00007d762f6b9200 0x00000005a6d08200 0 0 1 0 1 2 2 21704 0
0x00007d762f6b9280 0x00000005a6d08280 0 0 1 0 1 2 2 21704 8
0x00007d762f6b9300 0x00000005a6d08300 0 1 1 0 1 2 2 21704 0
0x00007d762f6b9380 0x00000005a6d08380 0 1 1 0 1 2 2 21704 8
0x00007d762f6b9400 0x00000005a6d08400 0 0 0 0 1 2 2 21704 16
0x00007d762f6b9480 0x00000005a6d08480 0 0 0 0 1 2 2 21704 24
0x00007d762f6b9500 0x00000005a6d08500 0 1 0 0 1 2 2 21704 16
0x00007d762f6b9580 0x00000005a6d08580 0 1 0 0 1 2 2 21704 24
0x00007d762f6b9600 0x00000005a6d08600 0 0 1 0 1 2 2 21704 16
0x00007d762f6b9680 0x00000005a6d08680 0 0 1 0 1 2 2 21704 24
0x00007d762f6b9700 0x00000005a6d08700 0 1 1 0 1 2 2 21704 16
0x00007d762f6b9780 0x00000005a6d08780 0 1 1 0 1 2 2 21704 24
0x00007d762f6b9800 0x00000005a6d08800 0 0 0 0 1 2 2 21704 32
0x00007d762f6b9880 0x00000005a6d08880 0 0 0 0 1 2 2 21704 40
0x00007d762f6b9900 0x00000005a6d08900 0 1 0 0 1 2 2 21704 32
0x00007d762f6b9980 0x00000005a6d08980 0 1 0 0 1 2 2 21704 40
0x00007d762f6b9a00 0x00000005a6d08a00 0 0 1 0 1 2 2 21704 32
0x00007d762f6b9a80 0x00000005a6d08a80 0 0 1 0 1 2 2 21704 40
0x00007d762f6b9b00 0x00000005a6d08b00 0 1 1 0 1 2 2 21704 32
0x00007d762f6b9b80 0x00000005a6d08b80 0 1 1 0 1 2 2 21704 40
0x00007d762f6b9c00 0x00000005a6d08c00 0 0 0 0 1 2 2 21704 48
0x00007d762f6b9c80 0x00000005a6d08c80 0 0 0 0 1 2 2 21704 56
0x00007d762f6b9d00 0x00000005a6d08d00 0 1 0 0 1 2 2 21704 48
0x00007d762f6b9d80 0x00000005a6d08d80 0 1 0 0 1 2 2 21704 56
0x00007d762f6b9e00 0x00000005a6d08e00 0 0 1 0 1 2 2 21704 48
0x00007d762f6b9e80 0x00000005a6d08e80 0 0 1 0 1 2 2 21704 56
0x00007d762f6b9f00 0x00000005a6d08f00 0 1 1 0 1 2 2 21704 48
0x00007d762f6b9f80 0x00000005a6d08f80 0 1 1 0 1 2 2 21704 56
0x00007d762f6bc000 0x00000005a6d03000 0 0 0 0 0 2 2 21704 192
0x00007d762f6bc080 0x00000005a6d03080 0 0 0 0 0 2 2 21704 200
0x00007d762f6bc100 0x00000005a6d03100 0 1 0 0 0 2 2 21704 192
0x00007d762f6bc180 0x00000005a6d03180 0 1 0 0 0 2 2 21704 200
0x00007d762f6bc200 0x00000005a6d03200 0 0 1 0 0 2 2 21704 192
0x00007d762f6bc280 0x00000005a6d03280 0 0 1 0 0 2 2 21704 200
0x00007d762f6bc300 0x00000005a6d03300 0 1 1 0 0 2 2 21704 192
0x00007d762f6bc380 0x00000005a6d03380 0 1 1 0 0 2 2 21704 200
0x00007d762f6bc400 0x00000005a6d03400 0 0 0 0 0 2 2 21704 208
0x00007d762f6bc480 0x00000005a6d03480 0 0 0 0 0 2 2 21704 216
0x00007d762f6bc500 0x00000005a6d03500 0 1 0 0 0 2 2 21704 208
0x00007d762f6bc580 0x00000005a6d03580 0 1 0 0 0 2 2 21704 216
0x00007d762f6bc600 0x00000005a6d03600 0 0 1 0 0 2 2 21704 208
0x00007d762f6bc680 0x00000005a6d03680 0 0 1 0 0 2 2 21704 216
0x00007d762f6bc700 0x00000005a6d03700 0 1 1 0 0 2 2 21704 208
0x00007d762f6bc780 0x00000005a6d03780 0 1 1 0 0 2 2 21704 216
0x00007d762f6bc800 0x00000005a6d03800 0 0 0 0 0 2 2 21704 224
0x00007d762f6bc880 0x00000005a6d03880 0 0 0 0 0 2 2 21704 232
0x00007d762f6bc900 0x00000005a6d03900 0 1 0 0 0 2 2 21704 224
0x00007d762f6bc980 0x00000005a6d03980 0 1 0 0 0 2 2 21704 232
0x00007d762f6bca00 0x00000005a6d03a00 0 0 1 0 0 2 2 21704 224
0x00007d762f6bca80 0x00000005a6d03a80 0 0 1 0 0 2 2 21704 232
0x00007d762f6bcb00 0x00000005a6d03b00 0 1 1 0 0 2 2 21704 224
0x00007d762f6bcb80 0x00000005a6d03b80 0 1 1 0 0 2 2 21704 232
0x00007d762f6bcc00 0x00000005a6d03c00 0 0 0 0 0 2 2 21704 240
0x00007d762f6bcc80 0x00000005a6d03c80 0 0 0 0 0 2 2 21704 248
0x00007d762f6bcd00 0x00000005a6d03d00 0 1 0 0 0 2 2 21704 240
0x00007d762f6bcd80 0x00000005a6d03d80 0 1 0 0 0 2 2 21704 248
0x00007d762f6bce00 0x00000005a6d03e00 0 0 1 0 0 2 2 21704 240
0x00007d762f6bce80 0x00000005a6d03e80 0 0 1 0 0 2 2 21704 248
0x00007d762f6bcf00 0x00000005a6d03f00 0 1 1 0 0 2 2 21704 240
0x00007d762f6bcf80 0x00000005a6d03f80 0 1 1 0 0 2 2 21704 248
0x00007d762f6c1000 0x000000029b5dc000 0 0 0 0 1 2 2 9062 768
0x00007d762f6c1080 0x000000029b5dc080 0 0 0 0 1 2 2 9062 776
0x00007d762f6c1100 0x000000029b5dc100 0 1 0 0 1 2 2 9062 768
0x00007d762f6c1180 0x000000029b5dc180 0 1 0 0 1 2 2 9062 776
0x00007d762f6c1200 0x000000029b5dc200 0 0 1 0 1 2 2 9062 768
0x00007d762f6c1280 0x000000029b5dc280 0 0 1 0 1 2 2 9062 776
0x00007d762f6c1300 0x000000029b5dc300 0 1 1 0 1 2 2 9062 768
0x00007d762f6c1380 0x000000029b5dc380 0 1 1 0 1 2 2 9062 776
0x00007d762f6c1400 0x000000029b5dc400 0 0 0 0 1 2 2 9062 784
0x00007d762f6c1480 0x000000029b5dc480 0 0 0 0 1 2 2 9062 792
0x00007d762f6c1500 0x000000029b5dc500 0 1 0 0 1 2 2 9062 784
0x00007d762f6c1580 0x000000029b5dc580 0 1 0 0 1 2 2 9062 792
0x00007d762f6c1600 0x000000029b5dc600 0 0 1 0 1 2 2 9062 784
0x00007d762f6c1680 0x000000029b5dc680 0 0 1 0 1 2 2 9062 792
0x00007d762f6c1700 0x000000029b5dc700 0 1 1 0 1 2 2 9062 784
0x00007d762f6c1780 0x000000029b5dc780 0 1 1 0 1 2 2 9062 792
0x00007d762f6c1800 0x000000029b5dc800 0 0 0 0 1 2 2 9062 800
0x00007d762f6c1880 0x000000029b5dc880 0 0 0 0 1 2 2 9062 808
0x00007d762f6c1900 0x000000029b5dc900 0 1 0 0 1 2 2 9062 800
0x00007d762f6c1980 0x000000029b5dc980 0 1 0 0 1 2 2 9062 808
0x00007d762f6c1a00 0x000000029b5dca00 0 0 1 0 1 2 2 9062 800
0x00007d762f6c1a80 0x000000029b5dca80 0 0 1 0 1 2 2 9062 808
0x00007d762f6c1b00 0x000000029b5dcb00 0 1 1 0 1 2 2 9062 800
0x00007d762f6c1b80 0x000000029b5dcb80 0 1 1 0 1 2 2 9062 808
0x00007d762f6c1c00 0x000000029b5dcc00 0 0 0 0 1 2 2 9062 816
0x00007d762f6c1c80 0x000000029b5dcc80 0 0 0 0 1 2 2 9062 824
0x00007d762f6c1d00 0x000000029b5dcd00 0 1 0 0 1 2 2 9062 816
0x00007d762f6c1d80 0x000000029b5dcd80 0 1 0 0 1 2 2 9062 824
0x00007d762f6c1e00 0x000000029b5dce00 0 0 1 0 1 2 2 9062 816
0x00007d762f6c1e80 0x000000029b5dce80 0 0 1 0 1 2 2 9062 824
0x00007d762f6c1f00 0x000000029b5dcf00 0 1 1 0 1 2 2 9062 816
0x00007d762f6c1f80 0x000000029b5dcf80 0 1 1 0 1 2 2 9062 824
0x00007d762f6c4000 0x000000029b5d0000 0 0 0 0 0 2 2 9062 512
0x00007d762f6c4080 0x000000029b5d0080 0 0 0 0 0 2 2 9062 520
0x00007d762f6c4100 0x000000029b5d0100 0 1 0 0 0 2 2 9062 512
0x00007d762f6c4180 0x000000029b5d0180 0 1 0 0 0 2 2 9062 520
0x00007d762f6c4200 0x000000029b5d0200 0 0 1 0 0 2 2 9062 512
0x00007d762f6c4280 0x000000029b5d0280 0 0 1 0 0 2 2 9062 520
0x00007d762f6c4300 0x000000029b5d0300 0 1 1 0 0 2 2 9062 512
0x00007d762f6c4380 0x000000029b5d0380 0 1 1 0 0 2 2 9062 520
0x00007d762f6c4400 0x000000029b5d0400 0 0 0 0 0 2 2 9062 528
0x00007d762f6c4480 0x000000029b5d0480 0 0 0 0 0 2 2 9062 536
0x00007d762f6c4500 0x000000029b5d0500 0 1 0 0 0 2 2 9062 528
0x00007d762f6c4580 0x000000029b5d0580 0 1 0 0 0 2 2 9062 536
0x00007d762f6c4600 0x000000029b5d0600 0 0 1 0 0 2 2 9062 528
0x00007d762f6c4680 0x000000029b5d0680 0 0 1 0 0 2 2 9062 536
0x00007d762f6c4700 0x000000029b5d0700 0 1 1 0 0 2 2 9062 528
0x00007d762f6c4780 0x000000029b5d0780 0 1 1 0 0 2 2 9062 536
0x00007d762f6c4800 0x000000029b5d0800 0 0 0 0 0 2 2 9062 544
0x00007d762f6c4880 0x000000029b5d0880 0 0 0 0 0 2 2 9062 552
0x00007d762f6c4900 0x000000029b5d0900 0 1 0 0 0 2 2 9062 544
0x00007d762f6c4980 0x000000029b5d0980 0 1 0 0 0 2 2 9062 552
0x00007d762f6c4a00 0x000000029b5d0a00 0 0 1 0 0 2 2 9062 544
0x00007d762f6c4a80 0x000000029b5d0a80 0 0 1 0 0 2 2 9062 552
0x00007d762f6c4b00 0x000000029b5d0b00 0 1 1 0 0 2 2 9062 544
0x00007d762f6c4b80 0x000000029b5d0b80 0 1 1 0 0 2 2 9062 552
0x00007d762f6c4c00 0x000000029b5d0c00 0 0 0 0 0 2 2 9062 560
0x00007d762f6c4c80 0x000000029b5d0c80 0 0 0 0 0 2 2 9062 568
0x00007d762f6c4d00 0x000000029b5d0d00 0 1 0 0 0 2 2 9062 560
0x00007d762f6c4d80 0x000000029b5d0d80 0 1 0 0 0 2 2 9062 568
0x00007d762f6c4e00 0x000000029b5d0e00 0 0 1 0 0 2 2 9062 560
0x00007d762f6c4e80 0x000000029b5d0e80 0 0 1 0 0 2 2 9062 568
0x00007d762f6c4f00 0x000000029b5d0f00 0 1 1 0 0 2 2 9062 560
0x00007d762f6c4f80 0x000000029b5d0f80 0 1 1 0 0 2 2 9062 568
0x00007d762f6cd000 0x000000029b5d8000 0 0 0 0 1 2 2 9062 512
0x00007d762f6cd080 0x000000029b5d8080 0 0 0 0 1 2 2 9062 520
0x00007d762f6cd100 0x000000029b5d8100 0 1 0 0 1 2 2 9062 512
0x00007d762f6cd180 0x000000029b5d8180 0 1 0 0 1 2 2 9062 520
0x00007d762f6cd200 0x000000029b5d8200 0 0 1 0 1 2 2 9062 512
0x00007d762f6cd280 0x000000029b5d8280 0 0 1 0 1 2 2 9062 520
0x00007d762f6cd300 0x000000029b5d8300 0 1 1 0 1 2 2 9062 512
0x00007d762f6cd380 0x000000029b5d8380 0 1 1 0 1 2 2 9062 520
0x00007d762f6cd400 0x000000029b5d8400 0 0 0 0 1 2 2 9062 528
0x00007d762f6cd480 0x000000029b5d8480 0 0 0 0 1 2 2 9062 536
0x00007d762f6cd500 0x000000029b5d8500 0 1 0 0 1 2 2 9062 528
0x00007d762f6cd580 0x000000029b5d8580 0 1 0 0 1 2 2 9062 536
0x00007d762f6cd600 0x000000029b5d8600 0 0 1 0 1 2 2 9062 528
0x00007d762f6cd680 0x000000029b5d8680 0 0 1 0 1 2 2 9062 536
0x00007d762f6cd700 0x000000029b5d8700 0 1 1 0 1 2 2 9062 528
0x00007d762f6cd780 0x000000029b5d8780 0 1 1 0 1 2 2 9062 536
0x00007d762f6cd800 0x000000029b5d8800 0 0 0 0 1 2 2 9062 544
0x00007d762f6cd880 0x000000029b5d8880 0 0 0 0 1 2 2 9062 552
0x00007d762f6cd900 0x000000029b5d8900 0 1 0 0 1 2 2 9062 544
0x00007d762f6cd980 0x000000029b5d8980 0 1 0 0 1 2 2 9062 552
0x00007d762f6cda00 0x000000029b5d8a00 0 0 1 0 1 2 2 9062 544
0x00007d762f6cda80 0x000000029b5d8a80 0 0 1 0 1 2 2 9062 552
0x00007d762f6cdb00 0x000000029b5d8b00 0 1 1 0 1 2 2 9062 544
0x00007d762f6cdb80 0x000000029b5d8b80 0 1 1 0 1 2 2 9062 552
0x00007d762f6cdc00 0x000000029b5d8c00 0 0 0 0 1 2 2 9062 560
0x00007d762f6cdc80 0x000000029b5d8c80 0 0 0 0 1 2 2 9062 568
0x00007d762f6cdd00 0x000000029b5d8d00 0 1 0 0 1 2 2 9062 560
0x00007d762f6cdd80 0x000000029b5d8d80 0 1 0 0 1 2 2 9062 568
0x00007d762f6cde00 0x000000029b5d8e00 0 0 1 0 1 2 2 9062 560
0x00007d762f6cde80 0x000000029b5d8e80 0 0 1 0 1 2 2 9062 568
0x00007d762f6cdf00 0x000000029b5d8f00 0 1 1 0 1 2 2 9062 560
0x00007d762f6cdf80 0x000000029b5d8f80 0 1 1 0 1 2 2 9062 568
0x00007d762f6ce000 0x0000000267514000 0 0 0 0 0 2 2 7408 768
0x00007d762f6ce080 0x0000000267514080 0 0 0 0 0 2 2 7408 776
0x00007d762f6ce100 0x0000000267514100 0 1 0 0 0 2 2 7408 768
0x00007d762f6ce180 0x0000000267514180 0 1 0 0 0 2 2 7408 776
0x00007d762f6ce200 0x0000000267514200 0 0 1 0 0 2 2 7408 768
0x00007d762f6ce280 0x0000000267514280 0 0 1 0 0 2 2 7408 776
0x00007d762f6ce300 0x0000000267514300 0 1 1 0 0 2 2 7408 768
0x00007d762f6ce380 0x0000000267514380 0 1 1 0 0 2 2 7408 776
0x00007d762f6ce400 0x0000000267514400 0 0 0 0 0 2 2 7408 784
0x00007d762f6ce480 0x0000000267514480 0 0 0 0 0 2 2 7408 792
0x00007d762f6ce500 0x0000000267514500 0 1 0 0 0 2 2 7408 784
0x00007d762f6ce580 0x0000000267514580 0 1 0 0 0 2 2 7408 792
0x00007d762f6ce600 0x0000000267514600 0 0 1 0 0 2 2 7408 784
0x00007d762f6ce680 0x0000000267514680 0 0 1 0 0 2 2 7408 792
0x00007d762f6ce700 0x0000000267514700 0 1 1 0 0 2 2 7408 784
0x00007d762f6ce780 0x0000000267514780 0 1 1 0 0 2 2 7408 792
0x00007d762f6ce800 0x0000000267514800 0 0 0 0 0 2 2 7408 800
0x00007d762f6ce880 0x0000000267514880 0 0 0 0 0 2 2 7408 808
0x00007d762f6ce900 0x0000000267514900 0 1 0 0 0 2 2 7408 800
0x00007d762f6ce980 0x0000000267514980 0 1 0 0 0 2 2 7408 808
0x00007d762f6cea00 0x0000000267514a00 0 0 1 0 0 2 2 7408 800
0x00007d762f6cea80 0x0000000267514a80 0 0 1 0 0 2 2 7408 808
0x00007d762f6ceb00 0x0000000267514b00 0 1 1 0 0 2 2 7408 800
0x00007d762f6ceb80 0x0000000267514b80 0 1 1 0 0 2 2 7408 808
0x00007d762f6cec00 0x0000000267514c00 0 0 0 0 0 2 2 7408 816
0x00007d762f6cec80 0x0000000267514c80 0 0 0 0 0 2 2 7408 824
0x00007d762f6ced00 0x0000000267514d00 0 1 0 0 0 2 2 7408 816
0x00007d762f6ced80 0x0000000267514d80 0 1 0 0 0 2 2 7408 824
0x00007d762f6cee00 0x0000000267514e00 0 0 1 0 0 2 2 7408 816
0x00007d762f6cee80 0x0000000267514e80 0 0 1 0 0 2 2 7408 824
0x00007d762f6cef00 0x0000000267514f00 0 1 1 0 0 2 2 7408 816
0x00007d762f6cef80 0x0000000267514f80 0 1 1 0 0 2 2 7408 824
0x00007d762f6d1000 0x00000006b7578000 0 0 0 0 1 2 2 26339 512
0x00007d762f6d1080 0x00000006b7578080 0 0 0 0 1 2 2 26339 520
0x00007d762f6d1100 0x00000006b7578100 0 1 0 0 1 2 2 26339 512
0x00007d762f6d1180 0x00000006b7578180 0 1 0 0 1 2 2 26339 520
0x00007d762f6d1200 0x00000006b7578200 0 0 1 0 1 2 2 26339 512
0x00007d762f6d1280 0x00000006b7578280 0 0 1 0 1 2 2 26339 520
0x00007d762f6d1300 0x00000006b7578300 0 1 1 0 1 2 2 26339 512
0x00007d762f6d1380 0x00000006b7578380 0 1 1 0 1 2 2 26339 520
0x00007d762f6d1400 0x00000006b7578400 0 0 0 0 1 2 2 26339 528
0x00007d762f6d1480 0x00000006b7578480 0 0 0 0 1 2 2 26339 536
0x00007d762f6d1500 0x00000006b7578500 0 1 0 0 1 2 2 26339 528
0x00007d762f6d1580 0x00000006b7578580 0 1 0 0 1 2 2 26339 536
0x00007d762f6d1600 0x00000006b7578600 0 0 1 0 1 2 2 26339 528
0x00007d762f6d1680 0x00000006b7578680 0 0 1 0 1 2 2 26339 536
0x00007d762f6d1700 0x00000006b7578700 0 1 1 0 1 2 2 26339 528
0x00007d762f6d1780 0x00000006b7578780 0 1 1 0 1 2 2 26339 536
0x00007d762f6d1800 0x00000006b7578800 0 0 0 0 1 2 2 26339 544
0x00007d762f6d1880 0x00000006b7578880 0 0 0 0 1 2 2 26339 552
0x00007d762f6d1900 0x00000006b7578900 0 1 0 0 1 2 2 26339 544
0x00007d762f6d1980 0x00000006b7578980 0 1 0 0 1 2 2 26339 552
0x00007d762f6d1a00 0x00000006b7578a00 0 0 1 0 1 2 2 26339 544
0x00007d762f6d1a80 0x00000006b7578a80 0 0 1 0 1 2 2 26339 552
0x00007d762f6d1b00 0x00000006b7578b00 0 1 1 0 1 2 2 26339 544
0x00007d762f6d1b80 0x00000006b7578b80 0 1 1 0 1 2 2 26339 552
0x00007d762f6d1c00 0x00000006b7578c00 0 0 0 0 1 2 2 26339 560
0x00007d762f6d1c80 0x00000006b7578c80 0 0 0 0 1 2 2 26339 568
0x00007d762f6d1d00 0x00000006b7578d00 0 1 0 0 1 2 2 26339 560
0x00007d762f6d1d80 0x00000006b7578d80 0 1 0 0 1 2 2 26339 568
0x00007d762f6d1e00 0x00000006b7578e00 0 0 1 0 1 2 2 26339 560
0x00007d762f6d1e80 0x00000006b7578e80 0 0 1 0 1 2 2 26339 568
0x00007d762f6d1f00 0x00000006b7578f00 0 1 1 0 1 2 2 26339 560
0x00007d762f6d1f80 0x00000006b7578f80 0 1 1 0 1 2 2 26339 568
0x00007d762f6dc000 0x00000006b7571000 0 0 0 0 0 2 2 26339 576
0x00007d762f6dc080 0x00000006b7571080 0 0 0 0 0 2 2 26339 584
0x00007d762f6dc100 0x00000006b7571100 0 1 0 0 0 2 2 26339 576
0x00007d762f6dc180 0x00000006b7571180 0 1 0 0 0 2 2 26339 584
0x00007d762f6dc200 0x00000006b7571200 0 0 1 0 0 2 2 26339 576
0x00007d762f6dc280 0x00000006b7571280 0 0 1 0 0 2 2 26339 584
0x00007d762f6dc300 0x00000006b7571300 0 1 1 0 0 2 2 26339 576
0x00007d762f6dc380 0x00000006b7571380 0 1 1 0 0 2 2 26339 584
0x00007d762f6dc400 0x00000006b7571400 0 0 0 0 0 2 2 26339 592
0x00007d762f6dc480 0x00000006b7571480 0 0 0 0 0 2 2 26339 600
0x00007d762f6dc500 0x00000006b7571500 0 1 0 0 0 2 2 26339 592
0x00007d762f6dc580 0x00000006b7571580 0 1 0 0 0 2 2 26339 600
0x00007d762f6dc600 0x00000006b7571600 0 0 1 0 0 2 2 26339 592
0x00007d762f6dc680 0x00000006b7571680 0 0 1 0 0 2 2 26339 600
0x00007d762f6dc700 0x00000006b7571700 0 1 1 0 0 2 2 26339 592
0x00007d762f6dc780 0x00000006b7571780 0 1 1 0 0 2 2 26339 600
0x00007d762f6dc800 0x00000006b7571800 0 0 0 0 0 2 2 26339 608
0x00007d762f6dc880 0x00000006b7571880 0 0 0 0 0 2 2 26339 616
0x00007d762f6dc900 0x00000006b7571900 0 1 0 0 0 2 2 26339 608
0x00007d762f6dc980 0x00000006b7571980 0 1 0 0 0 2 2 26339 616
0x00007d762f6dca00 0x00000006b7571a00 0 0 1 0 0 2 2 26339 608
0x00007d762f6dca80 0x00000006b7571a80 0 0 1 0 0 2 2 26339 616
0x00007d762f6dcb00 0x00000006b7571b00 0 1 1 0 0 2 2 26339 608
0x00007d762f6dcb80 0x00000006b7571b80 0 1 1 0 0 2 2 26339 616
0x00007d762f6dcc00 0x00000006b7571c00 0 0 0 0 0 2 2 26339 624
0x00007d762f6dcc80 0x00000006b7571c80 0 0 0 0 0 2 2 26339 632
0x00007d762f6dcd00 0x00000006b7571d00 0 1 0 0 0 2 2 26339 624
0x00007d762f6dcd80 0x00000006b7571d80 0 1 0 0 0 2 2 26339 632
0x00007d762f6dce00 0x00000006b7571e00 0 0 1 0 0 2 2 26339 624
0x00007d762f6dce80 0x00000006b7571e80 0 0 1 0 0 2 2 26339 632
0x00007d762f6dcf00 0x00000006b7571f00 0 1 1 0 0 2 2 26339 624
0x00007d762f6dcf80 0x00000006b7571f80 0 1 1 0 0 2 2 26339 632
0x00007d762f6e6000 0x000000029b5d7000 0 0 0 0 0 2 2 9062 960
0x00007d762f6e6080 0x000000029b5d7080 0 0 0 0 0 2 2 9062 968
0x00007d762f6e6100 0x000000029b5d7100 0 1 0 0 0 2 2 9062 960
0x00007d762f6e6180 0x000000029b5d7180 0 1 0 0 0 2 2 9062 968
0x00007d762f6e6200 0x000000029b5d7200 0 0 1 0 0 2 2 9062 960
0x00007d762f6e6280 0x000000029b5d7280 0 0 1 0 0 2 2 9062 968
0x00007d762f6e6300 0x000000029b5d7300 0 1 1 0 0 2 2 9062 960
0x00007d762f6e6380 0x000000029b5d7380 0 1 1 0 0 2 2 9062 968
0x00007d762f6e6400 0x000000029b5d7400 0 0 0 0 0 2 2 9062 976
0x00007d762f6e6480 0x000000029b5d7480 0 0 0 0 0 2 2 9062 984
0x00007d762f6e6500 0x000000029b5d7500 0 1 0 0 0 2 2 9062 976
0x00007d762f6e6580 0x000000029b5d7580 0 1 0 0 0 2 2 9062 984
0x00007d762f6e6600 0x000000029b5d7600 0 0 1 0 0 2 2 9062 976
0x00007d762f6e6680 0x000000029b5d7680 0 0 1 0 0 2 2 9062 984
0x00007d762f6e6700 0x000000029b5d7700 0 1 1 0 0 2 2 9062 976
0x00007d762f6e6780 0x000000029b5d7780 0 1 1 0 0 2 2 9062 984
0x00007d762f6e6800 0x000000029b5d7800 0 0 0 0 0 2 2 9062 992
0x00007d762f6e6880 0x000000029b5d7880 0 0 0 0 0 2 2 9062 1000
0x00007d762f6e6900 0x000000029b5d7900 0 1 0 0 0 2 2 9062 992
0x00007d762f6e6980 0x000000029b5d7980 0 1 0 0 0 2 2 9062 1000
0x00007d762f6e6a00 0x000000029b5d7a00 0 0 1 0 0 2 2 9062 992
0x00007d762f6e6a80 0x000000029b5d7a80 0 0 1 0 0 2 2 9062 1000
0x00007d762f6e6b00 0x000000029b5d7b00 0 1 1 0 0 2 2 9062 992
0x00007d762f6e6b80 0x000000029b5d7b80 0 1 1 0 0 2 2 9062 1000
0x00007d762f6e6c00 0x000000029b5d7c00 0 0 0 0 0 2 2 9062 1008
0x00007d762f6e6c80 0x000000029b5d7c80 0 0 0 0 0 2 2 9062 1016
0x00007d762f6e6d00 0x000000029b5d7d00 0 1 0 0 0 2 2 9062 1008
0x00007d762f6e6d80 0x000000029b5d7d80 0 1 0 0 0 2 2 9062 1016
0x00007d762f6e6e00 0x000000029b5d7e00 0 0 1 0 0 2 2 9062 1008
0x00007d762f6e6e80 0x000000029b5d7e80 0 0 1 0 0 2 2 9062 1016
0x00007d762f6e6f00 0x000000029b5d7f00 0 1 1 0 0 2 2 9062 1008
0x00007d762f6e6f80 0x000000029b5d7f80 0 1 1 0 0 2 2 9062 1016
0x00007d762f6ef000 0x0000000e815d5000 0 0 0 0 0 2 2 57382 832
0x00007d762f6ef080 0x0000000e815d5080 0 0 0 0 0 2 2 57382 840
0x00007d762f6ef100 0x0000000e815d5100 0 1 0 0 0 2 2 57382 832
0x00007d762f6ef180 0x0000000e815d5180 0 1 0 0 0 2 2 57382 840
0x00007d762f6ef200 0x0000000e815d5200 0 0 1 0 0 2 2 57382 832
0x00007d762f6ef280 0x0000000e815d5280 0 0 1 0 0 2 2 57382 840
0x00007d762f6ef300 0x0000000e815d5300 0 1 1 0 0 2 2 57382 832
0x00007d762f6ef380 0x0000000e815d5380 0 1 1 0 0 2 2 57382 840
0x00007d762f6ef400 0x0000000e815d5400 0 0 0 0 0 2 2 57382 848
0x00007d762f6ef480 0x0000000e815d5480 0 0 0 0 0 2 2 57382 856
0x00007d762f6ef500 0x0000000e815d5500 0 1 0 0 0 2 2 57382 848
0x00007d762f6ef580 0x0000000e815d5580 0 1 0 0 0 2 2 57382 856
0x00007d762f6ef600 0x0000000e815d5600 0 0 1 0 0 2 2 57382 848
0x00007d762f6ef680 0x0000000e815d5680 0 0 1 0 0 2 2 57382 856
0x00007d762f6ef700 0x0000000e815d5700 0 1 1 0 0 2 2 57382 848
0x00007d762f6ef780 0x0000000e815d5780 0 1 1 0 0 2 2 57382 856
0x00007d762f6ef800 0x0000000e815d5800 0 0 0 0 0 2 2 57382 864
0x00007d762f6ef880 0x0000000e815d5880 0 0 0 0 0 2 2 57382 872
0x00007d762f6ef900 0x0000000e815d5900 0 1 0 0 0 2 2 57382 864
0x00007d762f6ef980 0x0000000e815d5980 0 1 0 0 0 2 2 57382 872
0x00007d762f6efa00 0x0000000e815d5a00 0 0 1 0 0 2 2 57382 864
0x00007d762f6efa80 0x0000000e815d5a80 0 0 1 0 0 2 2 57382 872
0x00007d762f6efb00 0x0000000e815d5b00 0 1 1 0 0 2 2 57382 864
0x00007d762f6efb80 0x0000000e815d5b80 0 1 1 0 0 2 2 57382 872
0x00007d762f6efc00 0x0000000e815d5c00 0 0 0 0 0 2 2 57382 880
0x00007d762f6efc80 0x0000000e815d5c80 0 0 0 0 0 2 2 57382 888
0x00007d762f6efd00 0x0000000e815d5d00 0 1 0 0 0 2 2 57382 880
0x00007d762f6efd80 0x0000000e815d5d80 0 1 0 0 0 2 2 57382 888
0x00007d762f6efe00 0x0000000e815d5e00 0 0 1 0 0 2 2 57382 880
0x00007d762f6efe80 0x0000000e815d5e80 0 0 1 0 0 2 2 57382 888
0x00007d762f6eff00 0x0000000e815d5f00 0 1 1 0 0 2 2 57382 880
0x00007d762f6eff80 0x0000000e815d5f80 0 1 1 0 0 2 2 57382 888
0x00007d762f6f5000 0x000000029b5d6000 0 0 0 0 0 2 2 9062 896
0x00007d762f6f5080 0x000000029b5d6080 0 0 0 0 0 2 2 9062 904
0x00007d762f6f5100 0x000000029b5d6100 0 1 0 0 0 2 2 9062 896
0x00007d762f6f5180 0x000000029b5d6180 0 1 0 0 0 2 2 9062 904
0x00007d762f6f5200 0x000000029b5d6200 0 0 1 0 0 2 2 9062 896
0x00007d762f6f5280 0x000000029b5d6280 0 0 1 0 0 2 2 9062 904
0x00007d762f6f5300 0x000000029b5d6300 0 1 1 0 0 2 2 9062 896
0x00007d762f6f5380 0x000000029b5d6380 0 1 1 0 0 2 2 9062 904
0x00007d762f6f5400 0x000000029b5d6400 0 0 0 0 0 2 2 9062 912
0x00007d762f6f5480 0x000000029b5d6480 0 0 0 0 0 2 2 9062 920
0x00007d762f6f5500 0x000000029b5d6500 0 1 0 0 0 2 2 9062 912
0x00007d762f6f5580 0x000000029b5d6580 0 1 0 0 0 2 2 9062 920
0x00007d762f6f5600 0x000000029b5d6600 0 0 1 0 0 2 2 9062 912
0x00007d762f6f5680 0x000000029b5d6680 0 0 1 0 0 2 2 9062 920
0x00007d762f6f5700 0x000000029b5d6700 0 1 1 0 0 2 2 9062 912
0x00007d762f6f5780 0x000000029b5d6780 0 1 1 0 0 2 2 9062 920
0x00007d762f6f5800 0x000000029b5d6800 0 0 0 0 0 2 2 9062 928
0x00007d762f6f5880 0x000000029b5d6880 0 0 0 0 0 2 2 9062 936
0x00007d762f6f5900 0x000000029b5d6900 0 1 0 0 0 2 2 9062 928
0x00007d762f6f5980 0x000000029b5d6980 0 1 0 0 0 2 2 9062 936
0x00007d762f6f5a00 0x000000029b5d6a00 0 0 1 0 0 2 2 9062 928
0x00007d762f6f5a80 0x000000029b5d6a80 0 0 1 0 0 2 2 9062 936
0x00007d762f6f5b00 0x000000029b5d6b00 0 1 1 0 0 2 2 9062 928
0x00007d762f6f5b80 0x000000029b5d6b80 0 1 1 0 0 2 2 9062 936
0x00007d762f6f5c00 0x000000029b5d6c00 0 0 0 0 0 2 2 9062 944
0x00007d762f6f5c80 0x000000029b5d6c80 0 0 0 0 0 2 2 9062 952
0x00007d762f6f5d00 0x000000029b5d6d00 0 1 0 0 0 2 2 9062 944
0x00007d762f6f5d80 0x000000029b5d6d80 0 1 0 0 0 2 2 9062 952
0x00007d762f6f5e00 0x000000029b5d6e00 0 0 1 0 0 2 2 9062 944
0x00007d762f6f5e80 0x000000029b5d6e80 0 0 1 0 0 2 2 9062 952
0x00007d762f6f5f00 0x000000029b5d6f00 0 1 1 0 0 2 2 9062 944
0x00007d762f6f5f80 0x000000029b5d6f80 0 1 1 0 0 2 2 9062 952
0x00007d762f6f7000 0x000000029b5d1000 0 0 0 0 0 2 2 9062 576
0x00007d762f6f7080 0x000000029b5d1080 0 0 0 0 0 2 2 9062 584
0x00007d762f6f7100 0x000000029b5d1100 0 1 0 0 0 2 2 9062 576
0x00007d762f6f7180 0x000000029b5d1180 0 1 0 0 0 2 2 9062 584
0x00007d762f6f7200 0x000000029b5d1200 0 0 1 0 0 2 2 9062 576
0x00007d762f6f7280 0x000000029b5d1280 0 0 1 0 0 2 2 9062 584
0x00007d762f6f7300 0x000000029b5d1300 0 1 1 0 0 2 2 9062 576
0x00007d762f6f7380 0x000000029b5d1380 0 1 1 0 0 2 2 9062 584
0x00007d762f6f7400 0x000000029b5d1400 0 0 0 0 0 2 2 9062 592
0x00007d762f6f7480 0x000000029b5d1480 0 0 0 0 0 2 2 9062 600
0x00007d762f6f7500 0x000000029b5d1500 0 1 0 0 0 2 2 9062 592
0x00007d762f6f7580 0x000000029b5d1580 0 1 0 0 0 2 2 9062 600
0x00007d762f6f7600 0x000000029b5d1600 0 0 1 0 0 2 2 9062 592
0x00007d762f6f7680 0x000000029b5d1680 0 0 1 0 0 2 2 9062 600
0x00007d762f6f7700 0x000000029b5d1700 0 1 1 0 0 2 2 9062 592
0x00007d762f6f7780 0x000000029b5d1780 0 1 1 0 0 2 2 9062 600
0x00007d762f6f7800 0x000000029b5d1800 0 0 0 0 0 2 2 9062 608
0x00007d762f6f7880 0x000000029b5d1880 0 0 0 0 0 2 2 9062 616
0x00007d762f6f7900 0x000000029b5d1900 0 1 0 0 0 2 2 9062 608
0x00007d762f6f7980 0x000000029b5d1980 0 1 0 0 0 2 2 9062 616
0x00007d762f6f7a00 0x000000029b5d1a00 0 0 1 0 0 2 2 9062 608
0x00007d762f6f7a80 0x000000029b5d1a80 0 0 1 0 0 2 2 9062 616
0x00007d762f6f7b00 0x000000029b5d1b00 0 1 1 0 0 2 2 9062 608
0x00007d762f6f7b80 0x000000029b5d1b80 0 1 1 0 0 2 2 9062 616
0x00007d762f6f7c00 0x000000029b5d1c00 0 0 0 0 0 2 2 9062 624
0x00007d762f6f7c80 0x000000029b5d1c80 0 0 0 0 0 2 2 9062 632
0x00007d762f6f7d00 0x000000029b5d1d00 0 1 0 0 0 2 2 9062 624
0x00007d762f6f7d80 0x000000029b5d1d80 0 1 0 0 0 2 2 9062 632
0x00007d762f6f7e00 0x000000029b5d1e00 0 0 1 0 0 2 2 9062 624
0x00007d762f6f7e80 0x000000029b5d1e80 0 0 1 0 0 2 2 9062 632
0x00007d762f6f7f00 0x000000029b5d1f00 0 1 1 0 0 2 2 9062 624
0x00007d762f6f7f80 0x000000029b5d1f80 0 1 1 0 0 2 2 9062 632
0x00007d762f701000 0x0000000204588000 0 0 0 0 1 2 2 4244 0
0x00007d762f701080 0x0000000204588080 0 0 0 0 1 2 2 4244 8
0x00007d762f701100 0x0000000204588100 0 1 0 0 1 2 2 4244 0
0x00007d762f701180 0x0000000204588180 0 1 0 0 1 2 2 4244 8
0x00007d762f701200 0x0000000204588200 0 0 1 0 1 2 2 4244 0
0x00007d762f701280 0x0000000204588280 0 0 1 0 1 2 2 4244 8
0x00007d762f701300 0x0000000204588300 0 1 1 0 1 2 2 4244 0
0x00007d762f701380 0x0000000204588380 0 1 1 0 1 2 2 4244 8
0x00007d762f701400 0x0000000204588400 0 0 0 0 1 2 2 4244 16
0x00007d762f701480 0x0000000204588480 0 0 0 0 1 2 2 4244 24
0x00007d762f701500 0x0000000204588500 0 1 0 0 1 2 2 4244 16
0x00007d762f701580 0x0000000204588580 0 1 0 0 1 2 2 4244 24
0x00007d762f701600 0x0000000204588600 0 0 1 0 1 2 2 4244 16
0x00007d762f701680 0x0000000204588680 0 0 1 0 1 2 2 4244 24
0x00007d762f701700 0x0000000204588700 0 1 1 0 1 2 2 4244 16
0x00007d762f701780 0x0000000204588780 0 1 1 0 1 2 2 4244 24
0x00007d762f701800 0x0000000204588800 0 0 0 0 1 2 2 4244 32
0x00007d762f701880 0x0000000204588880 0 0 0 0 1 2 2 4244 40
0x00007d762f701900 0x0000000204588900 0 1 0 0 1 2 2 4244 32
0x00007d762f701980 0x0000000204588980 0 1 0 0 1 2 2 4244 40
0x00007d762f701a00 0x0000000204588a00 0 0 1 0 1 2 2 4244 32
0x00007d762f701a80 0x0000000204588a80 0 0 1 0 1 2 2 4244 40
0x00007d762f701b00 0x0000000204588b00 0 1 1 0 1 2 2 4244 32
0x00007d762f701b80 0x0000000204588b80 0 1 1 0 1 2 2 4244 40
0x00007d762f701c00 0x0000000204588c00 0 0 0 0 1 2 2 4244 48
0x00007d762f701c80 0x0000000204588c80 0 0 0 0 1 2 2 4244 56
0x00007d762f701d00 0x0000000204588d00 0 1 0 0 1 2 2 4244 48
0x00007d762f701d80 0x0000000204588d80 0 1 0 0 1 2 2 4244 56
0x00007d762f701e00 0x0000000204588e00 0 0 1 0 1 2 2 4244 48
0x00007d762f701e80 0x0000000204588e80 0 0 1 0 1 2 2 4244 56
0x00007d762f701f00 0x0000000204588f00 0 1 1 0 1 2 2 4244 48
0x00007d762f701f80 0x0000000204588f80 0 1 1 0 1 2 2 4244 56
0x00007d762f70f000 0x000000029b5de000 0 0 0 0 1 2 2 9062 896
0x00007d762f70f080 0x000000029b5de080 0 0 0 0 1 2 2 9062 904
0x00007d762f70f100 0x000000029b5de100 0 1 0 0 1 2 2 9062 896
0x00007d762f70f180 0x000000029b5de180 0 1 0 0 1 2 2 9062 904
0x00007d762f70f200 0x000000029b5de200 0 0 1 0 1 2 2 9062 896
0x00007d762f70f280 0x000000029b5de280 0 0 1 0 1 2 2 9062 904
0x00007d762f70f300 0x000000029b5de300 0 1 1 0 1 2 2 9062 896
0x00007d762f70f380 0x000000029b5de380 0 1 1 0 1 2 2 9062 904
0x00007d762f70f400 0x000000029b5de400 0 0 0 0 1 2 2 9062 912
0x00007d762f70f480 0x000000029b5de480 0 0 0 0 1 2 2 9062 920
0x00007d762f70f500 0x000000029b5de500 0 1 0 0 1 2 2 9062 912
0x00007d762f70f580 0x000000029b5de580 0 1 0 0 1 2 2 9062 920
0x00007d762f70f600 0x000000029b5de600 0 0 1 0 1 2 2 9062 912
0x00007d762f70f680 0x000000029b5de680 0 0 1 0 1 2 2 9062 920
0x00007d762f70f700 0x000000029b5de700 0 1 1 0 1 2 2 9062 912
0x00007d762f70f780 0x000000029b5de780 0 1 1 0 1 2 2 9062 920
0x00007d762f70f800 0x000000029b5de800 0 0 0 0 1 2 2 9062 928
0x00007d762f70f880 0x000000029b5de880 0 0 0 0 1 2 2 9062 936
0x00007d762f70f900 0x000000029b5de900 0 1 0 0 1 2 2 9062 928
0x00007d762f70f980 0x000000029b5de980 0 1 0 0 1 2 2 9062 936
0x00007d762f70fa00 0x000000029b5dea00 0 0 1 0 1 2 2 9062 928
0x00007d762f70fa80 0x000000029b5dea80 0 0 1 0 1 2 2 9062 936
0x00007d762f70fb00 0x000000029b5deb00 0 1 1 0 1 2 2 9062 928
0x00007d762f70fb80 0x000000029b5deb80 0 1 1 0 1 2 2 9062 936
0x00007d762f70fc00 0x000000029b5dec00 0 0 0 0 1 2 2 9062 944
0x00007d762f70fc80 0x000000029b5dec80 0 0 0 0 1 2 2 9062 952
0x00007d762f70fd00 0x000000029b5ded00 0 1 0 0 1 2 2 9062 944
0x00007d762f70fd80 0x000000029b5ded80 0 1 0 0 1 2 2 9062 952
0x00007d762f70fe00 0x000000029b5dee00 0 0 1 0 1 2 2 9062 944
0x00007d762f70fe80 0x000000029b5dee80 0 0 1 0 1 2 2 9062 952
0x00007d762f70ff00 0x000000029b5def00 0 1 1 0 1 2 2 9062 944
0x00007d762f70ff80 0x000000029b5def80 0 1 1 0 1 2 2 9062 952
0x00007d762f711000 0x0000000204587000 0 0 0 0 0 2 2 4244 448
0x00007d762f711080 0x0000000204587080 0 0 0 0 0 2 2 4244 456
0x00007d762f711100 0x0000000204587100 0 1 0 0 0 2 2 4244 448
0x00007d762f711180 0x0000000204587180 0 1 0 0 0 2 2 4244 456
0x00007d762f711200 0x0000000204587200 0 0 1 0 0 2 2 4244 448
0x00007d762f711280 0x0000000204587280 0 0 1 0 0 2 2 4244 456
0x00007d762f711300 0x0000000204587300 0 1 1 0 0 2 2 4244 448
0x00007d762f711380 0x0000000204587380 0 1 1 0 0 2 2 4244 456
0x00007d762f711400 0x0000000204587400 0 0 0 0 0 2 2 4244 464
0x00007d762f711480 0x0000000204587480 0 0 0 0 0 2 2 4244 472
0x00007d762f711500 0x0000000204587500 0 1 0 0 0 2 2 4244 464
0x00007d762f711580 0x0000000204587580 0 1 0 0 0 2 2 4244 472
0x00007d762f711600 0x0000000204587600 0 0 1 0 0 2 2 4244 464
0x00007d762f711680 0x0000000204587680 0 0 1 0 0 2 2 4244 472
0x00007d762f711700 0x0000000204587700 0 1 1 0 0 2 2 4244 464
0x00007d762f711780 0x0000000204587780 0 1 1 0 0 2 2 4244 472
0x00007d762f711800 0x0000000204587800 0 0 0 0 0 2 2 4244 480
0x00007d762f711880 0x0000000204587880 0 0 0 0 0 2 2 4244 488
0x00007d762f711900 0x0000000204587900 0 1 0 0 0 2 2 4244 480
0x00007d762f711980 0x0000000204587980 0 1 0 0 0 2 2 4244 488
0x00007d762f711a00 0x0000000204587a00 0 0 1 0 0 2 2 4244 480
0x00007d762f711a80 0x0000000204587a80 0 0 1 0 0 2 2 4244 488
0x00007d762f711b00 0x0000000204587b00 0 1 1 0 0 2 2 4244 480
0x00007d762f711b80 0x0000000204587b80 0 1 1 0 0 2 2 4244 488
0x00007d762f711c00 0x0000000204587c00 0 0 0 0 0 2 2 4244 496
0x00007d762f711c80 0x0000000204587c80 0 0 0 0 0 2 2 4244 504
0x00007d762f711d00 0x0000000204587d00 0 1 0 0 0 2 2 4244 496
0x00007d762f711d80 0x0000000204587d80 0 1 0 0 0 2 2 4244 504
0x00007d762f711e00 0x0000000204587e00 0 0 1 0 0 2 2 4244 496
0x00007d762f711e80 0x0000000204587e80 0 0 1 0 0 2 2 4244 504
0x00007d762f711f00 0x0000000204587f00 0 1 1 0 0 2 2 4244 496
0x00007d762f711f80 0x0000000204587f80 0 1 1 0 0 2 2 4244 504
0x00007d762f718000 0x0000000990537000 0 0 0 0 0 2 2 37377 960
0x00007d762f718080 0x0000000990537080 0 0 0 0 0 2 2 37377 968
0x00007d762f718100 0x0000000990537100 0 1 0 0 0 2 2 37377 960
0x00007d762f718180 0x0000000990537180 0 1 0 0 0 2 2 37377 968
0x00007d762f718200 0x0000000990537200 0 0 1 0 0 2 2 37377 960
0x00007d762f718280 0x0000000990537280 0 0 1 0 0 2 2 37377 968
0x00007d762f718300 0x0000000990537300 0 1 1 0 0 2 2 37377 960
0x00007d762f718380 0x0000000990537380 0 1 1 0 0 2 2 37377 968
0x00007d762f718400 0x0000000990537400 0 0 0 0 0 2 2 37377 976
0x00007d762f718480 0x0000000990537480 0 0 0 0 0 2 2 37377 984
0x00007d762f718500 0x0000000990537500 0 1 0 0 0 2 2 37377 976
0x00007d762f718580 0x0000000990537580 0 1 0 0 0 2 2 37377 984
0x00007d762f718600 0x0000000990537600 0 0 1 0 0 2 2 37377 976
0x00007d762f718680 0x0000000990537680 0 0 1 0 0 2 2 37377 984
0x00007d762f718700 0x0000000990537700 0 1 1 0 0 2 2 37377 976
0x00007d762f718780 0x0000000990537780 0 1 1 0 0 2 2 37377 984
0x00007d762f718800 0x0000000990537800 0 0 0 0 0 2 2 37377 992
0x00007d762f718880 0x0000000990537880 0 0 0 0 0 2 2 37377 1000
0x00007d762f718900 0x0000000990537900 0 1 0 0 0 2 2 37377 992
0x00007d762f718980 0x0000000990537980 0 1 0 0 0 2 2 37377 1000
0x00007d762f718a00 0x0000000990537a00 0 0 1 0 0 2 2 37377 992
0x00007d762f718a80 0x0000000990537a80 0 0 1 0 0 2 2 37377 1000
0x00007d762f718b00 0x0000000990537b00 0 1 1 0 0 2 2 37377 992
0x00007d762f718b80 0x0000000990537b80 0 1 1 0 0 2 2 37377 1000
0x00007d762f718c00 0x0000000990537c00 0 0 0 0 0 2 2 37377 1008
0x00007d762f718c80 0x0000000990537c80 0 0 0 0 0 2 2 37377 1016
0x00007d762f718d00 0x0000000990537d00 0 1 0 0 0 2 2 37377 1008
0x00007d762f718d80 0x0000000990537d80 0 1 0 0 0 2 2 37377 1016
0x00007d762f718e00 0x0000000990537e00 0 0 1 0 0 2 2 37377 1008
0x00007d762f718e80 0x0000000990537e80 0 0 1 0 0 2 2 37377 1016
0x00007d762f718f00 0x0000000990537f00 0 1 1 0 0 2 2 37377 1008
0x00007d762f718f80 0x0000000990537f80 0 1 1 0 0 2 2 37377 1016
0x00007d762f71a000 0x0000000441d80000 0 0 0 0 0 2 2 14396 0
0x00007d762f71a080 0x0000000441d80080 0 0 0 0 0 2 2 14396 8
0x00007d762f71a100 0x0000000441d80100 0 1 0 0 0 2 2 14396 0
0x00007d762f71a180 0x0000000441d80180 0 1 0 0 0 2 2 14396 8
0x00007d762f71a200 0x0000000441d80200 0 0 1 0 0 2 2 14396 0
0x00007d762f71a280 0x0000000441d80280 0 0 1 0 0 2 2 14396 8
0x00007d762f71a300 0x0000000441d80300 0 1 1 0 0 2 2 14396 0
0x00007d762f71a380 0x0000000441d80380 0 1 1 0 0 2 2 14396 8
0x00007d762f71a400 0x0000000441d80400 0 0 0 0 0 2 2 14396 16
0x00007d762f71a480 0x0000000441d80480 0 0 0 0 0 2 2 14396 24
0x00007d762f71a500 0x0000000441d80500 0 1 0 0 0 2 2 14396 16
0x00007d762f71a580 0x0000000441d80580 0 1 0 0 0 2 2 14396 24
0x00007d762f71a600 0x0000000441d80600 0 0 1 0 0 2 2 14396 16
0x00007d762f71a680 0x0000000441d80680 0 0 1 0 0 2 2 14396 24
0x00007d762f71a700 0x0000000441d80700 0 1 1 0 0 2 2 14396 16
0x00007d762f71a780 0x0000000441d80780 0 1 1 0 0 2 2 14396 24
0x00007d762f71a800 0x0000000441d80800 0 0 0 0 0 2 2 14396 32
0x00007d762f71a880 0x0000000441d80880 0 0 0 0 0 2 2 14396 40
0x00007d762f71a900 0x0000000441d80900 0 1 0 0 0 2 2 14396 32
0x00007d762f71a980 0x0000000441d80980 0 1 0 0 0 2 2 14396 40
0x00007d762f71aa00 0x0000000441d80a00 0 0 1 0 0 2 2 14396 32
0x00007d762f71aa80 0x0000000441d80a80 0 0 1 0 0 2 2 14396 40
0x00007d762f71ab00 0x0000000441d80b00 0 1 1 0 0 2 2 14396 32
0x00007d762f71ab80 0x0000000441d80b80 0 1 1 0 0 2 2 14396 40
0x00007d762f71ac00 0x0000000441d80c00 0 0 0 0 0 2 2 14396 48
0x00007d762f71ac80 0x0000000441d80c80 0 0 0 0 0 2 2 14396 56
0x00007d762f71ad00 0x0000000441d80d00 0 1 0 0 0 2 2 14396 48
0x00007d762f71ad80 0x0000000441d80d80 0 1 0 0 0 2 2 14396 56
0x00007d762f71ae00 0x0000000441d80e00 0 0 1 0 0 2 2 14396 48
0x00007d762f71ae80 0x0000000441d80e80 0 0 1 0 0 2 2 14396 56
0x00007d762f71af00 0x0000000441d80f00 0 1 1 0 0 2 2 14396 48
0x00007d762f71af80 0x0000000441d80f80 0 1 1 0 0 2 2 14396 56
0x00007d762f71e000 0x0000000441d8d000 0 0 0 0 1 2 2 14396 320
0x00007d762f71e080 0x0000000441d8d080 0 0 0 0 1 2 2 14396 328
0x00007d762f71e100 0x0000000441d8d100 0 1 0 0 1 2 2 14396 320
0x00007d762f71e180 0x0000000441d8d180 0 1 0 0 1 2 2 14396 328
0x00007d762f71e200 0x0000000441d8d200 0 0 1 0 1 2 2 14396 320
0x00007d762f71e280 0x0000000441d8d280 0 0 1 0 1 2 2 14396 328
0x00007d762f71e300 0x0000000441d8d300 0 1 1 0 1 2 2 14396 320
0x00007d762f71e380 0x0000000441d8d380 0 1 1 0 1 2 2 14396 328
0x00007d762f71e400 0x0000000441d8d400 0 0 0 0 1 2 2 14396 336
0x00007d762f71e480 0x0000000441d8d480 0 0 0 0 1 2 2 14396 344
0x00007d762f71e500 0x0000000441d8d500 0 1 0 0 1 2 2 14396 336
0x00007d762f71e580 0x0000000441d8d580 0 1 0 0 1 2 2 14396 344
0x00007d762f71e600 0x0000000441d8d600 0 0 1 0 1 2 2 14396 336
0x00007d762f71e680 0x0000000441d8d680 0 0 1 0 1 2 2 14396 344
0x00007d762f71e700 0x0000000441d8d700 0 1 1 0 1 2 2 14396 336
0x00007d762f71e780 0x0000000441d8d780 0 1 1 0 1 2 2 14396 344
0x00007d762f71e800 0x0000000441d8d800 0 0 0 0 1 2 2 14396 352
0x00007d762f71e880 0x0000000441d8d880 0 0 0 0 1 2 2 14396 360
0x00007d762f71e900 0x0000000441d8d900 0 1 0 0 1 2 2 14396 352
0x00007d762f71e980 0x0000000441d8d980 0 1 0 0 1 2 2 14396 360
0x00007d762f71ea00 0x0000000441d8da00 0 0 1 0 1 2 2 14396 352
0x00007d762f71ea80 0x0000000441d8da80 0 0 1 0 1 2 2 14396 360
0x00007d762f71eb00 0x0000000441d8db00 0 1 1 0 1 2 2 14396 352
0x00007d762f71eb80 0x0000000441d8db80 0 1 1 0 1 2 2 14396 360
0x00007d762f71ec00 0x0000000441d8dc00 0 0 0 0 1 2 2 14396 368
0x00007d762f71ec80 0x0000000441d8dc80 0 0 0 0 1 2 2 14396 376
0x00007d762f71ed00 0x0000000441d8dd00 0 1 0 0 1 2 2 14396 368
0x00007d762f71ed80 0x0000000441d8dd80 0 1 0 0 1 2 2 14396 376
0x00007d762f71ee00 0x0000000441d8de00 0 0 1 0 1 2 2 14396 368
0x00007d762f71ee80 0x0000000441d8de80 0 0 1 0 1 2 2 14396 376
0x00007d762f71ef00 0x0000000441d8df00 0 1 1 0 1 2 2 14396 368
0x00007d762f71ef80 0x0000000441d8df80 0 1 1 0 1 2 2 14396 376
0x00007d762f727000 0x0000000c295f9000 0 0 0 0 1 2 2 46391 576
0x00007d762f727080 0x0000000c295f9080 0 0 0 0 1 2 2 46391 584
0x00007d762f727100 0x0000000c295f9100 0 1 0 0 1 2 2 46391 576
0x00007d762f727180 0x0000000c295f9180 0 1 0 0 1 2 2 46391 584
0x00007d762f727200 0x0000000c295f9200 0 0 1 0 1 2 2 46391 576
0x00007d762f727280 0x0000000c295f9280 0 0 1 0 1 2 2 46391 584
0x00007d762f727300 0x0000000c295f9300 0 1 1 0 1 2 2 46391 576
0x00007d762f727380 0x0000000c295f9380 0 1 1 0 1 2 2 46391 584
0x00007d762f727400 0x0000000c295f9400 0 0 0 0 1 2 2 46391 592
0x00007d762f727480 0x0000000c295f9480 0 0 0 0 1 2 2 46391 600
0x00007d762f727500 0x0000000c295f9500 0 1 0 0 1 2 2 46391 592
0x00007d762f727580 0x0000000c295f9580 0 1 0 0 1 2 2 46391 600
0x00007d762f727600 0x0000000c295f9600 0 0 1 0 1 2 2 46391 592
0x00007d762f727680 0x0000000c295f9680 0 0 1 0 1 2 2 46391 600
0x00007d762f727700 0x0000000c295f9700 0 1 1 0 1 2 2 46391 592
0x00007d762f727780 0x0000000c295f9780 0 1 1 0 1 2 2 46391 600
0x00007d762f727800 0x0000000c295f9800 0 0 0 0 1 2 2 46391 608
0x00007d762f727880 0x0000000c295f9880 0 0 0 0 1 2 2 46391 616
0x00007d762f727900 0x0000000c295f9900 0 1 0 0 1 2 2 46391 608
0x00007d762f727980 0x0000000c295f9980 0 1 0 0 1 2 2 46391 616
0x00007d762f727a00 0x0000000c295f9a00 0 0 1 0 1 2 2 46391 608
0x00007d762f727a80 0x0000000c295f9a80 0 0 1 0 1 2 2 46391 616
0x00007d762f727b00 0x0000000c295f9b00 0 1 1 0 1 2 2 46391 608
0x00007d762f727b80 0x0000000c295f9b80 0 1 1 0 1 2 2 46391 616
0x00007d762f727c00 0x0000000c295f9c00 0 0 0 0 1 2 2 46391 624
0x00007d762f727c80 0x0000000c295f9c80 0 0 0 0 1 2 2 46391 632
0x00007d762f727d00 0x0000000c295f9d00 0 1 0 0 1 2 2 46391 624
0x00007d762f727d80 0x0000000c295f9d80 0 1 0 0 1 2 2 46391 632
0x00007d762f727e00 0x0000000c295f9e00 0 0 1 0 1 2 2 46391 624
0x00007d762f727e80 0x0000000c295f9e80 0 0 1 0 1 2 2 46391 632
0x00007d762f727f00 0x0000000c295f9f00 0 1 1 0 1 2 2 46391 624
0x00007d762f727f80 0x0000000c295f9f80 0 1 1 0 1 2 2 46391 632
0x00007d762f72b000 0x0000000c295f1000 0 0 0 0 0 2 2 46391 576
0x00007d762f72b080 0x0000000c295f1080 0 0 0 0 0 2 2 46391 584
0x00007d762f72b100 0x0000000c295f1100 0 1 0 0 0 2 2 46391 576
0x00007d762f72b180 0x0000000c295f1180 0 1 0 0 0 2 2 46391 584
0x00007d762f72b200 0x0000000c295f1200 0 0 1 0 0 2 2 46391 576
0x00007d762f72b280 0x0000000c295f1280 0 0 1 0 0 2 2 46391 584
0x00007d762f72b300 0x0000000c295f1300 0 1 1 0 0 2 2 46391 576
0x00007d762f72b380 0x0000000c295f1380 0 1 1 0 0 2 2 46391 584
0x00007d762f72b400 0x0000000c295f1400 0 0 0 0 0 2 2 46391 592
0x00007d762f72b480 0x0000000c295f1480 0 0 0 0 0 2 2 46391 600
0x00007d762f72b500 0x0000000c295f1500 0 1 0 0 0 2 2 46391 592
0x00007d762f72b580 0x0000000c295f1580 0 1 0 0 0 2 2 46391 600
0x00007d762f72b600 0x0000000c295f1600 0 0 1 0 0 2 2 46391 592
0x00007d762f72b680 0x0000000c295f1680 0 0 1 0 0 2 2 46391 600
0x00007d762f72b700 0x0000000c295f1700 0 1 1 0 0 2 2 46391 592
0x00007d762f72b780 0x0000000c295f1780 0 1 1 0 0 2 2 46391 600
0x00007d762f72b800 0x0000000c295f1800 0 0 0 0 0 2 2 46391 608
0x00007d762f72b880 0x0000000c295f1880 0 0 0 0 0 2 2 46391 616
0x00007d762f72b900 0x0000000c295f1900 0 1 0 0 0 2 2 46391 608
0x00007d762f72b980 0x0000000c295f1980 0 1 0 0 0 2 2 46391 616
0x00007d762f72ba00 0x0000000c295f1a00 0 0 1 0 0 2 2 46391 608
0x00007d762f72ba80 0x0000000c295f1a80 0 0 1 0 0 2 2 46391 616
0x00007d762f72bb00 0x0000000c295f1b00 0 1 1 0 0 2 2 46391 608
0x00007d762f72bb80 0x0000000c295f1b80 0 1 1 0 0 2 2 46391 616
0x00007d762f72bc00 0x0000000c295f1c00 0 0 0 0 0 2 2 46391 624
0x00007d762f72bc80 0x0000000c295f1c80 0 0 0 0 0 2 2 46391 632
0x00007d762f72bd00 0x0000000c295f1d00 0 1 0 0 0 2 2 46391 624
0x00007d762f72bd80 0x0000000c295f1d80 0 1 0 0 0 2 2 46391 632
0x00007d762f72be00 0x0000000c295f1e00 0 0 1 0 0 2 2 46391 624
0x00007d762f72be80 0x0000000c295f1e80 0 0 1 0 0 2 2 46391 632
0x00007d762f72bf00 0x0000000c295f1f00 0 1 1 0 0 2 2 46391 624
0x00007d762f72bf80 0x0000000c295f1f80 0 1 1 0 0 2 2 46391 632
0x00007d762f734000 0x0000000b8c54e000 0 0 0 0 1 2 2 45442 384
0x00007d762f734080 0x0000000b8c54e080 0 0 0 0 1 2 2 45442 392
0x00007d762f734100 0x0000000b8c54e100 0 1 0 0 1 2 2 45442 384
0x00007d762f734180 0x0000000b8c54e180 0 1 0 0 1 2 2 45442 392
0x00007d762f734200 0x0000000b8c54e200 0 0 1 0 1 2 2 45442 384
0x00007d762f734280 0x0000000b8c54e280 0 0 1 0 1 2 2 45442 392
0x00007d762f734300 0x0000000b8c54e300 0 1 1 0 1 2 2 45442 384
0x00007d762f734380 0x0000000b8c54e380 0 1 1 0 1 2 2 45442 392
0x00007d762f734400 0x0000000b8c54e400 0 0 0 0 1 2 2 45442 400
0x00007d762f734480 0x0000000b8c54e480 0 0 0 0 1 2 2 45442 408
0x00007d762f734500 0x0000000b8c54e500 0 1 0 0 1 2 2 45442 400
0x00007d762f734580 0x0000000b8c54e580 0 1 0 0 1 2 2 45442 408
0x00007d762f734600 0x0000000b8c54e600 0 0 1 0 1 2 2 45442 400
0x00007d762f734680 0x0000000b8c54e680 0 0 1 0 1 2 2 45442 408
0x00007d762f734700 0x0000000b8c54e700 0 1 1 0 1 2 2 45442 400
0x00007d762f734780 0x0000000b8c54e780 0 1 1 0 1 2 2 45442 408
0x00007d762f734800 0x0000000b8c54e800 0 0 0 0 1 2 2 45442 416
0x00007d762f734880 0x0000000b8c54e880 0 0 0 0 1 2 2 45442 424
0x00007d762f734900 0x0000000b8c54e900 0 1 0 0 1 2 2 45442 416
0x00007d762f734980 0x0000000b8c54e980 0 1 0 0 1 2 2 45442 424
0x00007d762f734a00 0x0000000b8c54ea00 0 0 1 0 1 2 2 45442 416
0x00007d762f734a80 0x0000000b8c54ea80 0 0 1 0 1 2 2 45442 424
0x00007d762f734b00 0x0000000b8c54eb00 0 1 1 0 1 2 2 45442 416
0x00007d762f734b80 0x0000000b8c54eb80 0 1 1 0 1 2 2 45442 424
0x00007d762f734c00 0x0000000b8c54ec00 0 0 0 0 1 2 2 45442 432
0x00007d762f734c80 0x0000000b8c54ec80 0 0 0 0 1 2 2 45442 440
0x00007d762f734d00 0x0000000b8c54ed00 0 1 0 0 1 2 2 45442 432
0x00007d762f734d80 0x0000000b8c54ed80 0 1 0 0 1 2 2 45442 440
0x00007d762f734e00 0x0000000b8c54ee00 0 0 1 0 1 2 2 45442 432
0x00007d762f734e80 0x0000000b8c54ee80 0 0 1 0 1 2 2 45442 440
0x00007d762f734f00 0x0000000b8c54ef00 0 1 1 0 1 2 2 45442 432
0x00007d762f734f80 0x0000000b8c54ef80 0 1 1 0 1 2 2 45442 440
0x00007d762f748000 0x00000005a6d02000 0 0 0 0 0 2 2 21704 128
0x00007d762f748080 0x00000005a6d02080 0 0 0 0 0 2 2 21704 136
0x00007d762f748100 0x00000005a6d02100 0 1 0 0 0 2 2 21704 128
0x00007d762f748180 0x00000005a6d02180 0 1 0 0 0 2 2 21704 136
0x00007d762f748200 0x00000005a6d02200 0 0 1 0 0 2 2 21704 128
0x00007d762f748280 0x00000005a6d02280 0 0 1 0 0 2 2 21704 136
0x00007d762f748300 0x00000005a6d02300 0 1 1 0 0 2 2 21704 128
0x00007d762f748380 0x00000005a6d02380 0 1 1 0 0 2 2 21704 136
0x00007d762f748400 0x00000005a6d02400 0 0 0 0 0 2 2 21704 144
0x00007d762f748480 0x00000005a6d02480 0 0 0 0 0 2 2 21704 152
0x00007d762f748500 0x00000005a6d02500 0 1 0 0 0 2 2 21704 144
0x00007d762f748580 0x00000005a6d02580 0 1 0 0 0 2 2 21704 152
0x00007d762f748600 0x00000005a6d02600 0 0 1 0 0 2 2 21704 144
0x00007d762f748680 0x00000005a6d02680 0 0 1 0 0 2 2 21704 152
0x00007d762f748700 0x00000005a6d02700 0 1 1 0 0 2 2 21704 144
0x00007d762f748780 0x00000005a6d02780 0 1 1 0 0 2 2 21704 152
0x00007d762f748800 0x00000005a6d02800 0 0 0 0 0 2 2 21704 160
0x00007d762f748880 0x00000005a6d02880 0 0 0 0 0 2 2 21704 168
0x00007d762f748900 0x00000005a6d02900 0 1 0 0 0 2 2 21704 160
0x00007d762f748980 0x00000005a6d02980 0 1 0 0 0 2 2 21704 168
0x00007d762f748a00 0x00000005a6d02a00 0 0 1 0 0 2 2 21704 160
0x00007d762f748a80 0x00000005a6d02a80 0 0 1 0 0 2 2 21704 168
0x00007d762f748b00 0x00000005a6d02b00 0 1 1 0 0 2 2 21704 160
0x00007d762f748b80 0x00000005a6d02b80 0 1 1 0 0 2 2 21704 168
0x00007d762f748c00 0x00000005a6d02c00 0 0 0 0 0 2 2 21704 176
0x00007d762f748c80 0x00000005a6d02c80 0 0 0 0 0 2 2 21704 184
0x00007d762f748d00 0x00000005a6d02d00 0 1 0 0 0 2 2 21704 176
0x00007d762f748d80 0x00000005a6d02d80 0 1 0 0 0 2 2 21704 184
0x00007d762f748e00 0x00000005a6d02e00 0 0 1 0 0 2 2 21704 176
0x00007d762f748e80 0x00000005a6d02e80 0 0 1 0 0 2 2 21704 184
0x00007d762f748f00 0x00000005a6d02f00 0 1 1 0 0 2 2 21704 176
0x00007d762f748f80 0x00000005a6d02f80 0 1 1 0 0 2 2 21704 184
0x00007d762f74d000 0x0000000a08d16000 0 0 0 0 0 2 2 37144 896
0x00007d762f74d080 0x0000000a08d16080 0 0 0 0 0 2 2 37144 904
0x00007d762f74d100 0x0000000a08d16100 0 1 0 0 0 2 2 37144 896
0x00007d762f74d180 0x0000000a08d16180 0 1 0 0 0 2 2 37144 904
0x00007d762f74d200 0x0000000a08d16200 0 0 1 0 0 2 2 37144 896
0x00007d762f74d280 0x0000000a08d16280 0 0 1 0 0 2 2 37144 904
0x00007d762f74d300 0x0000000a08d16300 0 1 1 0 0 2 2 37144 896
0x00007d762f74d380 0x0000000a08d16380 0 1 1 0 0 2 2 37144 904
0x00007d762f74d400 0x0000000a08d16400 0 0 0 0 0 2 2 37144 912
0x00007d762f74d480 0x0000000a08d16480 0 0 0 0 0 2 2 37144 920
0x00007d762f74d500 0x0000000a08d16500 0 1 0 0 0 2 2 37144 912
0x00007d762f74d580 0x0000000a08d16580 0 1 0 0 0 2 2 37144 920
0x00007d762f74d600 0x0000000a08d16600 0 0 1 0 0 2 2 37144 912
0x00007d762f74d680 0x0000000a08d16680 0 0 1 0 0 2 2 37144 920
0x00007d762f74d700 0x0000000a08d16700 0 1 1 0 0 2 2 37144 912
0x00007d762f74d780 0x0000000a08d16780 0 1 1 0 0 2 2 37144 920
0x00007d762f74d800 0x0000000a08d16800 0 0 0 0 0 2 2 37144 928
0x00007d762f74d880 0x0000000a08d16880 0 0 0 0 0 2 2 37144 936
0x00007d762f74d900 0x0000000a08d16900 0 1 0 0 0 2 2 37144 928
0x00007d762f74d980 0x0000000a08d16980 0 1 0 0 0 2 2 37144 936
0x00007d762f74da00 0x0000000a08d16a00 0 0 1 0 0 2 2 37144 928
0x00007d762f74da80 0x0000000a08d16a80 0 0 1 0 0 2 2 37144 936
0x00007d762f74db00 0x0000000a08d16b00 0 1 1 0 0 2 2 37144 928
0x00007d762f74db80 0x0000000a08d16b80 0 1 1 0 0 2 2 37144 936
0x00007d762f74dc00 0x0000000a08d16c00 0 0 0 0 0 2 2 37144 944
0x00007d762f74dc80 0x0000000a08d16c80 0 0 0 0 0 2 2 37144 952
0x00007d762f74dd00 0x0000000a08d16d00 0 1 0 0 0 2 2 37144 944
0x00007d762f74dd80 0x0000000a08d16d80 0 1 0 0 0 2 2 37144 952
0x00007d762f74de00 0x0000000a08d16e00 0 0 1 0 0 2 2 37144 944
0x00007d762f74de80 0x0000000a08d16e80 0 0 1 0 0 2 2 37144 952
0x00007d762f74df00 0x0000000a08d16f00 0 1 1 0 0 2 2 37144 944
0x00007d762f74df80 0x0000000a08d16f80 0 1 1 0 0 2 2 37144 952
0x00007d762f751000 0x0000000625d27000 0 0 0 0 0 2 2 21689 448
0x00007d762f751080 0x0000000625d27080 0 0 0 0 0 2 2 21689 456
0x00007d762f751100 0x0000000625d27100 0 1 0 0 0 2 2 21689 448
0x00007d762f751180 0x0000000625d27180 0 1 0 0 0 2 2 21689 456
0x00007d762f751200 0x0000000625d27200 0 0 1 0 0 2 2 21689 448
0x00007d762f751280 0x0000000625d27280 0 0 1 0 0 2 2 21689 456
0x00007d762f751300 0x0000000625d27300 0 1 1 0 0 2 2 21689 448
0x00007d762f751380 0x0000000625d27380 0 1 1 0 0 2 2 21689 456
0x00007d762f751400 0x0000000625d27400 0 0 0 0 0 2 2 21689 464
0x00007d762f751480 0x0000000625d27480 0 0 0 0 0 2 2 21689 472
0x00007d762f751500 0x0000000625d27500 0 1 0 0 0 2 2 21689 464
0x00007d762f751580 0x0000000625d27580 0 1 0 0 0 2 2 21689 472
0x00007d762f751600 0x0000000625d27600 0 0 1 0 0 2 2 21689 464
0x00007d762f751680 0x0000000625d27680 0 0 1 0 0 2 2 21689 472
0x00007d762f751700 0x0000000625d27700 0 1 1 0 0 2 2 21689 464
0x00007d762f751780 0x0000000625d27780 0 1 1 0 0 2 2 21689 472
0x00007d762f751800 0x0000000625d27800 0 0 0 0 0 2 2 21689 480
0x00007d762f751880 0x0000000625d27880 0 0 0 0 0 2 2 21689 488
0x00007d762f751900 0x0000000625d27900 0 1 0 0 0 2 2 21689 480
0x00007d762f751980 0x0000000625d27980 0 1 0 0 0 2 2 21689 488
0x00007d762f751a00 0x0000000625d27a00 0 0 1 0 0 2 2 21689 480
0x00007d762f751a80 0x0000000625d27a80 0 0 1 0 0 2 2 21689 488
0x00007d762f751b00 0x0000000625d27b00 0 1 1 0 0 2 2 21689 480
0x00007d762f751b80 0x0000000625d27b80 0 1 1 0 0 2 2 21689 488
0x00007d762f751c00 0x0000000625d27c00 0 0 0 0 0 2 2 21689 496
0x00007d762f751c80 0x0000000625d27c80 0 0 0 0 0 2 2 21689 504
0x00007d762f751d00 0x0000000625d27d00 0 1 0 0 0 2 2 21689 496
0x00007d762f751d80 0x0000000625d27d80 0 1 0 0 0 2 2 21689 504
0x00007d762f751e00 0x0000000625d27e00 0 0 1 0 0 2 2 21689 496
0x00007d762f751e80 0x0000000625d27e80 0 0 1 0 0 2 2 21689 504
0x00007d762f751f00 0x0000000625d27f00 0 1 1 0 0 2 2 21689 496
0x00007d762f751f80 0x0000000625d27f80 0 1 1 0 0 2 2 21689 504
0x00007d762f758000 0x000000020458a000 0 0 0 0 1 2 2 4244 128
0x00007d762f758080 0x000000020458a080 0 0 0 0 1 2 2 4244 136
0x00007d762f758100 0x000000020458a100 0 1 0 0 1 2 2 4244 128
0x00007d762f758180 0x000000020458a180 0 1 0 0 1 2 2 4244 136
0x00007d762f758200 0x000000020458a200 0 0 1 0 1 2 2 4244 128
0x00007d762f758280 0x000000020458a280 0 0 1 0 1 2 2 4244 136
0x00007d762f758300 0x000000020458a300 0 1 1 0 1 2 2 4244 128
0x00007d762f758380 0x000000020458a380 0 1 1 0 1 2 2 4244 136
0x00007d762f758400 0x000000020458a400 0 0 0 0 1 2 2 4244 144
0x00007d762f758480 0x000000020458a480 0 0 0 0 1 2 2 4244 152
0x00007d762f758500 0x000000020458a500 0 1 0 0 1 2 2 4244 144
0x00007d762f758580 0x000000020458a580 0 1 0 0 1 2 2 4244 152
0x00007d762f758600 0x000000020458a600 0 0 1 0 1 2 2 4244 144
0x00007d762f758680 0x000000020458a680 0 0 1 0 1 2 2 4244 152
0x00007d762f758700 0x000000020458a700 0 1 1 0 1 2 2 4244 144
0x00007d762f758780 0x000000020458a780 0 1 1 0 1 2 2 4244 152
0x00007d762f758800 0x000000020458a800 0 0 0 0 1 2 2 4244 160
0x00007d762f758880 0x000000020458a880 0 0 0 0 1 2 2 4244 168
0x00007d762f758900 0x000000020458a900 0 1 0 0 1 2 2 4244 160
0x00007d762f758980 0x000000020458a980 0 1 0 0 1 2 2 4244 168
0x00007d762f758a00 0x000000020458aa00 0 0 1 0 1 2 2 4244 160
0x00007d762f758a80 0x000000020458aa80 0 0 1 0 1 2 2 4244 168
0x00007d762f758b00 0x000000020458ab00 0 1 1 0 1 2 2 4244 160
0x00007d762f758b80 0x000000020458ab80 0 1 1 0 1 2 2 4244 168
0x00007d762f758c00 0x000000020458ac00 0 0 0 0 1 2 2 4244 176
0x00007d762f758c80 0x000000020458ac80 0 0 0 0 1 2 2 4244 184
0x00007d762f758d00 0x000000020458ad00 0 1 0 0 1 2 2 4244 176
0x00007d762f758d80 0x000000020458ad80 0 1 0 0 1 2 2 4244 184
0x00007d762f758e00 0x000000020458ae00 0 0 1 0 1 2 2 4244 176
0x00007d762f758e80 0x000000020458ae80 0 0 1 0 1 2 2 4244 184
0x00007d762f758f00 0x000000020458af00 0 1 1 0 1 2 2 4244 176
0x00007d762f758f80 0x000000020458af80 0 1 1 0 1 2 2 4244 184
0x00007d762f759000 0x0000000441d84000 0 0 0 0 0 2 2 14396 256
0x00007d762f759080 0x0000000441d84080 0 0 0 0 0 2 2 14396 264
0x00007d762f759100 0x0000000441d84100 0 1 0 0 0 2 2 14396 256
0x00007d762f759180 0x0000000441d84180 0 1 0 0 0 2 2 14396 264
0x00007d762f759200 0x0000000441d84200 0 0 1 0 0 2 2 14396 256
0x00007d762f759280 0x0000000441d84280 0 0 1 0 0 2 2 14396 264
0x00007d762f759300 0x0000000441d84300 0 1 1 0 0 2 2 14396 256
0x00007d762f759380 0x0000000441d84380 0 1 1 0 0 2 2 14396 264
0x00007d762f759400 0x0000000441d84400 0 0 0 0 0 2 2 14396 272
0x00007d762f759480 0x0000000441d84480 0 0 0 0 0 2 2 14396 280
0x00007d762f759500 0x0000000441d84500 0 1 0 0 0 2 2 14396 272
0x00007d762f759580 0x0000000441d84580 0 1 0 0 0 2 2 14396 280
0x00007d762f759600 0x0000000441d84600 0 0 1 0 0 2 2 14396 272
0x00007d762f759680 0x0000000441d84680 0 0 1 0 0 2 2 14396 280
0x00007d762f759700 0x0000000441d84700 0 1 1 0 0 2 2 14396 272
0x00007d762f759780 0x0000000441d84780 0 1 1 0 0 2 2 14396 280
0x00007d762f759800 0x0000000441d84800 0 0 0 0 0 2 2 14396 288
0x00007d762f759880 0x0000000441d84880 0 0 0 0 0 2 2 14396 296
0x00007d762f759900 0x0000000441d84900 0 1 0 0 0 2 2 14396 288
0x00007d762f759980 0x0000000441d84980 0 1 0 0 0 2 2 14396 296
0x00007d762f759a00 0x0000000441d84a00 0 0 1 0 0 2 2 14396 288
0x00007d762f759a80 0x0000000441d84a80 0 0 1 0 0 2 2 14396 296
0x00007d762f759b00 0x0000000441d84b00 0 1 1 0 0 2 2 14396 288
0x00007d762f759b80 0x0000000441d84b80 0 1 1 0 0 2 2 14396 296
0x00007d762f759c00 0x0000000441d84c00 0 0 0 0 0 2 2 14396 304
0x00007d762f759c80 0x0000000441d84c80 0 0 0 0 0 2 2 14396 312
0x00007d762f759d00 0x0000000441d84d00 0 1 0 0 0 2 2 14396 304
0x00007d762f759d80 0x0000000441d84d80 0 1 0 0 0 2 2 14396 312
0x00007d762f759e00 0x0000000441d84e00 0 0 1 0 0 2 2 14396 304
0x00007d762f759e80 0x0000000441d84e80 0 0 1 0 0 2 2 14396 312
0x00007d762f759f00 0x0000000441d84f00 0 1 1 0 0 2 2 14396 304
0x00007d762f759f80 0x0000000441d84f80 0 1 1 0 0 2 2 14396 312
0x00007d762f75a000 0x0000000990531000 0 0 0 0 0 2 2 37377 576
0x00007d762f75a080 0x0000000990531080 0 0 0 0 0 2 2 37377 584
0x00007d762f75a100 0x0000000990531100 0 1 0 0 0 2 2 37377 576
0x00007d762f75a180 0x0000000990531180 0 1 0 0 0 2 2 37377 584
0x00007d762f75a200 0x0000000990531200 0 0 1 0 0 2 2 37377 576
0x00007d762f75a280 0x0000000990531280 0 0 1 0 0 2 2 37377 584
0x00007d762f75a300 0x0000000990531300 0 1 1 0 0 2 2 37377 576
0x00007d762f75a380 0x0000000990531380 0 1 1 0 0 2 2 37377 584
0x00007d762f75a400 0x0000000990531400 0 0 0 0 0 2 2 37377 592
0x00007d762f75a480 0x0000000990531480 0 0 0 0 0 2 2 37377 600
0x00007d762f75a500 0x0000000990531500 0 1 0 0 0 2 2 37377 592
0x00007d762f75a580 0x0000000990531580 0 1 0 0 0 2 2 37377 600
0x00007d762f75a600 0x0000000990531600 0 0 1 0 0 2 2 37377 592
0x00007d762f75a680 0x0000000990531680 0 0 1 0 0 2 2 37377 600
0x00007d762f75a700 0x0000000990531700 0 1 1 0 0 2 2 37377 592
0x00007d762f75a780 0x0000000990531780 0 1 1 0 0 2 2 37377 600
0x00007d762f75a800 0x0000000990531800 0 0 0 0 0 2 2 37377 608
0x00007d762f75a880 0x0000000990531880 0 0 0 0 0 2 2 37377 616
0x00007d762f75a900 0x0000000990531900 0 1 0 0 0 2 2 37377 608
0x00007d762f75a980 0x0000000990531980 0 1 0 0 0 2 2 37377 616
0x00007d762f75aa00 0x0000000990531a00 0 0 1 0 0 2 2 37377 608
0x00007d762f75aa80 0x0000000990531a80 0 0 1 0 0 2 2 37377 616
0x00007d762f75ab00 0x0000000990531b00 0 1 1 0 0 2 2 37377 608
0x00007d762f75ab80 0x0000000990531b80 0 1 1 0 0 2 2 37377 616
0x00007d762f75ac00 0x0000000990531c00 0 0 0 0 0 2 2 37377 624
0x00007d762f75ac80 0x0000000990531c80 0 0 0 0 0 2 2 37377 632
0x00007d762f75ad00 0x0000000990531d00 0 1 0 0 0 2 2 37377 624
0x00007d762f75ad80 0x0000000990531d80 0 1 0 0 0 2 2 37377 632
0x00007d762f75ae00 0x0000000990531e00 0 0 1 0 0 2 2 37377 624
0x00007d762f75ae80 0x0000000990531e80 0 0 1 0 0 2 2 37377 632
0x00007d762f75af00 0x0000000990531f00 0 1 1 0 0 2 2 37377 624
0x00007d762f75af80 0x0000000990531f80 0 1 1 0 0 2 2 37377 632
0x00007d762f75c000 0x00000006b757e000 0 0 0 0 1 2 2 26339 896
0x00007d762f75c080 0x00000006b757e080 0 0 0 0 1 2 2 26339 904
0x00007d762f75c100 0x00000006b757e100 0 1 0 0 1 2 2 26339 896
0x00007d762f75c180 0x00000006b757e180 0 1 0 0 1 2 2 26339 904
0x00007d762f75c200 0x00000006b757e200 0 0 1 0 1 2 2 26339 896
0x00007d762f75c280 0x00000006b757e280 0 0 1 0 1 2 2 26339 904
0x00007d762f75c300 0x00000006b757e300 0 1 1 0 1 2 2 26339 896
0x00007d762f75c380 0x00000006b757e380 0 1 1 0 1 2 2 26339 904
0x00007d762f75c400 0x00000006b757e400 0 0 0 0 1 2 2 26339 912
0x00007d762f75c480 0x00000006b757e480 0 0 0 0 1 2 2 26339 920
0x00007d762f75c500 0x00000006b757e500 0 1 0 0 1 2 2 26339 912
0x00007d762f75c580 0x00000006b757e580 0 1 0 0 1 2 2 26339 920
0x00007d762f75c600 0x00000006b757e600 0 0 1 0 1 2 2 26339 912
0x00007d762f75c680 0x00000006b757e680 0 0 1 0 1 2 2 26339 920
0x00007d762f75c700 0x00000006b757e700 0 1 1 0 1 2 2 26339 912
0x00007d762f75c780 0x00000006b757e780 0 1 1 0 1 2 2 26339 920
0x00007d762f75c800 0x00000006b757e800 0 0 0 0 1 2 2 26339 928
0x00007d762f75c880 0x00000006b757e880 0 0 0 0 1 2 2 26339 936
0x00007d762f75c900 0x00000006b757e900 0 1 0 0 1 2 2 26339 928
0x00007d762f75c980 0x00000006b757e980 0 1 0 0 1 2 2 26339 936
0x00007d762f75ca00 0x00000006b757ea00 0 0 1 0 1 2 2 26339 928
0x00007d762f75ca80 0x00000006b757ea80 0 0 1 0 1 2 2 26339 936
0x00007d762f75cb00 0x00000006b757eb00 0 1 1 0 1 2 2 26339 928
0x00007d762f75cb80 0x00000006b757eb80 0 1 1 0 1 2 2 26339 936
0x00007d762f75cc00 0x00000006b757ec00 0 0 0 0 1 2 2 26339 944
0x00007d762f75cc80 0x00000006b757ec80 0 0 0 0 1 2 2 26339 952
0x00007d762f75cd00 0x00000006b757ed00 0 1 0 0 1 2 2 26339 944
0x00007d762f75cd80 0x00000006b757ed80 0 1 0 0 1 2 2 26339 952
0x00007d762f75ce00 0x00000006b757ee00 0 0 1 0 1 2 2 26339 944
0x00007d762f75ce80 0x00000006b757ee80 0 0 1 0 1 2 2 26339 952
0x00007d762f75cf00 0x00000006b757ef00 0 1 1 0 1 2 2 26339 944
0x00007d762f75cf80 0x00000006b757ef80 0 1 1 0 1 2 2 26339 952
0x00007d762f75d000 0x0000000269d1c000 0 0 0 0 1 2 2 7480 768
0x00007d762f75d080 0x0000000269d1c080 0 0 0 0 1 2 2 7480 776
0x00007d762f75d100 0x0000000269d1c100 0 1 0 0 1 2 2 7480 768
0x00007d762f75d180 0x0000000269d1c180 0 1 0 0 1 2 2 7480 776
0x00007d762f75d200 0x0000000269d1c200 0 0 1 0 1 2 2 7480 768
0x00007d762f75d280 0x0000000269d1c280 0 0 1 0 1 2 2 7480 776
0x00007d762f75d300 0x0000000269d1c300 0 1 1 0 1 2 2 7480 768
0x00007d762f75d380 0x0000000269d1c380 0 1 1 0 1 2 2 7480 776
0x00007d762f75d400 0x0000000269d1c400 0 0 0 0 1 2 2 7480 784
0x00007d762f75d480 0x0000000269d1c480 0 0 0 0 1 2 2 7480 792
0x00007d762f75d500 0x0000000269d1c500 0 1 0 0 1 2 2 7480 784
0x00007d762f75d580 0x0000000269d1c580 0 1 0 0 1 2 2 7480 792
0x00007d762f75d600 0x0000000269d1c600 0 0 1 0 1 2 2 7480 784
0x00007d762f75d680 0x0000000269d1c680 0 0 1 0 1 2 2 7480 792
0x00007d762f75d700 0x0000000269d1c700 0 1 1 0 1 2 2 7480 784
0x00007d762f75d780 0x0000000269d1c780 0 1 1 0 1 2 2 7480 792
0x00007d762f75d800 0x0000000269d1c800 0 0 0 0 1 2 2 7480 800
0x00007d762f75d880 0x0000000269d1c880 0 0 0 0 1 2 2 7480 808
0x00007d762f75d900 0x0000000269d1c900 0 1 0 0 1 2 2 7480 800
0x00007d762f75d980 0x0000000269d1c980 0 1 0 0 1 2 2 7480 808
0x00007d762f75da00 0x0000000269d1ca00 0 0 1 0 1 2 2 7480 800
0x00007d762f75da80 0x0000000269d1ca80 0 0 1 0 1 2 2 7480 808
0x00007d762f75db00 0x0000000269d1cb00 0 1 1 0 1 2 2 7480 800
0x00007d762f75db80 0x0000000269d1cb80 0 1 1 0 1 2 2 7480 808
0x00007d762f75dc00 0x0000000269d1cc00 0 0 0 0 1 2 2 7480 816
0x00007d762f75dc80 0x0000000269d1cc80 0 0 0 0 1 2 2 7480 824
0x00007d762f75dd00 0x0000000269d1cd00 0 1 0 0 1 2 2 7480 816
0x00007d762f75dd80 0x0000000269d1cd80 0 1 0 0 1 2 2 7480 824
0x00007d762f75de00 0x0000000269d1ce00 0 0 1 0 1 2 2 7480 816
0x00007d762f75de80 0x0000000269d1ce80 0 0 1 0 1 2 2 7480 824
0x00007d762f75df00 0x0000000269d1cf00 0 1 1 0 1 2 2 7480 816
0x00007d762f75df80 0x0000000269d1cf80 0 1 1 0 1 2 2 7480 824
0x00007d762f767000 0x0000000b8c541000 0 0 0 0 0 2 2 45442 64
0x00007d762f767080 0x0000000b8c541080 0 0 0 0 0 2 2 45442 72
0x00007d762f767100 0x0000000b8c541100 0 1 0 0 0 2 2 45442 64
0x00007d762f767180 0x0000000b8c541180 0 1 0 0 0 2 2 45442 72
0x00007d762f767200 0x0000000b8c541200 0 0 1 0 0 2 2 45442 64
0x00007d762f767280 0x0000000b8c541280 0 0 1 0 0 2 2 45442 72
0x00007d762f767300 0x0000000b8c541300 0 1 1 0 0 2 2 45442 64
0x00007d762f767380 0x0000000b8c541380 0 1 1 0 0 2 2 45442 72
0x00007d762f767400 0x0000000b8c541400 0 0 0 0 0 2 2 45442 80
0x00007d762f767480 0x0000000b8c541480 0 0 0 0 0 2 2 45442 88
0x00007d762f767500 0x0000000b8c541500 0 1 0 0 0 2 2 45442 80
0x00007d762f767580 0x0000000b8c541580 0 1 0 0 0 2 2 45442 88
0x00007d762f767600 0x0000000b8c541600 0 0 1 0 0 2 2 45442 80
0x00007d762f767680 0x0000000b8c541680 0 0 1 0 0 2 2 45442 88
0x00007d762f767700 0x0000000b8c541700 0 1 1 0 0 2 2 45442 80
0x00007d762f767780 0x0000000b8c541780 0 1 1 0 0 2 2 45442 88
0x00007d762f767800 0x0000000b8c541800 0 0 0 0 0 2 2 45442 96
0x00007d762f767880 0x0000000b8c541880 0 0 0 0 0 2 2 45442 104
0x00007d762f767900 0x0000000b8c541900 0 1 0 0 0 2 2 45442 96
0x00007d762f767980 0x0000000b8c541980 0 1 0 0 0 2 2 45442 104
0x00007d762f767a00 0x0000000b8c541a00 0 0 1 0 0 2 2 45442 96
0x00007d762f767a80 0x0000000b8c541a80 0 0 1 0 0 2 2 45442 104
0x00007d762f767b00 0x0000000b8c541b00 0 1 1 0 0 2 2 45442 96
0x00007d762f767b80 0x0000000b8c541b80 0 1 1 0 0 2 2 45442 104
0x00007d762f767c00 0x0000000b8c541c00 0 0 0 0 0 2 2 45442 112
0x00007d762f767c80 0x0000000b8c541c80 0 0 0 0 0 2 2 45442 120
0x00007d762f767d00 0x0000000b8c541d00 0 1 0 0 0 2 2 45442 112
0x00007d762f767d80 0x0000000b8c541d80 0 1 0 0 0 2 2 45442 120
0x00007d762f767e00 0x0000000b8c541e00 0 0 1 0 0 2 2 45442 112
0x00007d762f767e80 0x0000000b8c541e80 0 0 1 0 0 2 2 45442 120
0x00007d762f767f00 0x0000000b8c541f00 0 1 1 0 0 2 2 45442 112
0x00007d762f767f80 0x0000000b8c541f80 0 1 1 0 0 2 2 45442 120
0x00007d762f76d000 0x00000006b757a000 0 0 0 0 1 2 2 26339 640
0x00007d762f76d080 0x00000006b757a080 0 0 0 0 1 2 2 26339 648
0x00007d762f76d100 0x00000006b757a100 0 1 0 0 1 2 2 26339 640
0x00007d762f76d180 0x00000006b757a180 0 1 0 0 1 2 2 26339 648
0x00007d762f76d200 0x00000006b757a200 0 0 1 0 1 2 2 26339 640
0x00007d762f76d280 0x00000006b757a280 0 0 1 0 1 2 2 26339 648
0x00007d762f76d300 0x00000006b757a300 0 1 1 0 1 2 2 26339 640
0x00007d762f76d380 0x00000006b757a380 0 1 1 0 1 2 2 26339 648
0x00007d762f76d400 0x00000006b757a400 0 0 0 0 1 2 2 26339 656
0x00007d762f76d480 0x00000006b757a480 0 0 0 0 1 2 2 26339 664
0x00007d762f76d500 0x00000006b757a500 0 1 0 0 1 2 2 26339 656
0x00007d762f76d580 0x00000006b757a580 0 1 0 0 1 2 2 26339 664
0x00007d762f76d600 0x00000006b757a600 0 0 1 0 1 2 2 26339 656
0x00007d762f76d680 0x00000006b757a680 0 0 1 0 1 2 2 26339 664
0x00007d762f76d700 0x00000006b757a700 0 1 1 0 1 2 2 26339 656
0x00007d762f76d780 0x00000006b757a780 0 1 1 0 1 2 2 26339 664
0x00007d762f76d800 0x00000006b757a800 0 0 0 0 1 2 2 26339 672
0x00007d762f76d880 0x00000006b757a880 0 0 0 0 1 2 2 26339 680
0x00007d762f76d900 0x00000006b757a900 0 1 0 0 1 2 2 26339 672
0x00007d762f76d980 0x00000006b757a980 0 1 0 0 1 2 2 26339 680
0x00007d762f76da00 0x00000006b757aa00 0 0 1 0 1 2 2 26339 672
0x00007d762f76da80 0x00000006b757aa80 0 0 1 0 1 2 2 26339 680
0x00007d762f76db00 0x00000006b757ab00 0 1 1 0 1 2 2 26339 672
0x00007d762f76db80 0x00000006b757ab80 0 1 1 0 1 2 2 26339 680
0x00007d762f76dc00 0x00000006b757ac00 0 0 0 0 1 2 2 26339 688
0x00007d762f76dc80 0x00000006b757ac80 0 0 0 0 1 2 2 26339 696
0x00007d762f76dd00 0x00000006b757ad00 0 1 0 0 1 2 2 26339 688
0x00007d762f76dd80 0x00000006b757ad80 0 1 0 0 1 2 2 26339 696
0x00007d762f76de00 0x00000006b757ae00 0 0 1 0 1 2 2 26339 688
0x00007d762f76de80 0x00000006b757ae80 0 0 1 0 1 2 2 26339 696
0x00007d762f76df00 0x00000006b757af00 0 1 1 0 1 2 2 26339 688
0x00007d762f76df80 0x00000006b757af80 0 1 1 0 1 2 2 26339 696
0x00007d762f77c000 0x0000000a08d1f000 0 0 0 0 1 2 2 37144 960
0x00007d762f77c080 0x0000000a08d1f080 0 0 0 0 1 2 2 37144 968
0x00007d762f77c100 0x0000000a08d1f100 0 1 0 0 1 2 2 37144 960
0x00007d762f77c180 0x0000000a08d1f180 0 1 0 0 1 2 2 37144 968
0x00007d762f77c200 0x0000000a08d1f200 0 0 1 0 1 2 2 37144 960
0x00007d762f77c280 0x0000000a08d1f280 0 0 1 0 1 2 2 37144 968
0x00007d762f77c300 0x0000000a08d1f300 0 1 1 0 1 2 2 37144 960
0x00007d762f77c380 0x0000000a08d1f380 0 1 1 0 1 2 2 37144 968
0x00007d762f77c400 0x0000000a08d1f400 0 0 0 0 1 2 2 37144 976
0x00007d762f77c480 0x0000000a08d1f480 0 0 0 0 1 2 2 37144 984
0x00007d762f77c500 0x0000000a08d1f500 0 1 0 0 1 2 2 37144 976
0x00007d762f77c580 0x0000000a08d1f580 0 1 0 0 1 2 2 37144 984
0x00007d762f77c600 0x0000000a08d1f600 0 0 1 0 1 2 2 37144 976
0x00007d762f77c680 0x0000000a08d1f680 0 0 1 0 1 2 2 37144 984
0x00007d762f77c700 0x0000000a08d1f700 0 1 1 0 1 2 2 37144 976
0x00007d762f77c780 0x0000000a08d1f780 0 1 1 0 1 2 2 37144 984
0x00007d762f77c800 0x0000000a08d1f800 0 0 0 0 1 2 2 37144 992
0x00007d762f77c880 0x0000000a08d1f880 0 0 0 0 1 2 2 37144 1000
0x00007d762f77c900 0x0000000a08d1f900 0 1 0 0 1 2 2 37144 992
0x00007d762f77c980 0x0000000a08d1f980 0 1 0 0 1 2 2 37144 1000
0x00007d762f77ca00 0x0000000a08d1fa00 0 0 1 0 1 2 2 37144 992
0x00007d762f77ca80 0x0000000a08d1fa80 0 0 1 0 1 2 2 37144 1000
0x00007d762f77cb00 0x0000000a08d1fb00 0 1 1 0 1 2 2 37144 992
0x00007d762f77cb80 0x0000000a08d1fb80 0 1 1 0 1 2 2 37144 1000
0x00007d762f77cc00 0x0000000a08d1fc00 0 0 0 0 1 2 2 37144 1008
0x00007d762f77cc80 0x0000000a08d1fc80 0 0 0 0 1 2 2 37144 1016
0x00007d762f77cd00 0x0000000a08d1fd00 0 1 0 0 1 2 2 37144 1008
0x00007d762f77cd80 0x0000000a08d1fd80 0 1 0 0 1 2 2 37144 1016
0x00007d762f77ce00 0x0000000a08d1fe00 0 0 1 0 1 2 2 37144 1008
0x00007d762f77ce80 0x0000000a08d1fe80 0 0 1 0 1 2 2 37144 1016
0x00007d762f77cf00 0x0000000a08d1ff00 0 1 1 0 1 2 2 37144 1008
0x00007d762f77cf80 0x0000000a08d1ff80 0 1 1 0 1 2 2 37144 1016
0x00007d762f784000 0x0000000269d12000 0 0 0 0 0 2 2 7480 640
0x00007d762f784080 0x0000000269d12080 0 0 0 0 0 2 2 7480 648
0x00007d762f784100 0x0000000269d12100 0 1 0 0 0 2 2 7480 640
0x00007d762f784180 0x0000000269d12180 0 1 0 0 0 2 2 7480 648
0x00007d762f784200 0x0000000269d12200 0 0 1 0 0 2 2 7480 640
0x00007d762f784280 0x0000000269d12280 0 0 1 0 0 2 2 7480 648
0x00007d762f784300 0x0000000269d12300 0 1 1 0 0 2 2 7480 640
0x00007d762f784380 0x0000000269d12380 0 1 1 0 0 2 2 7480 648
0x00007d762f784400 0x0000000269d12400 0 0 0 0 0 2 2 7480 656
0x00007d762f784480 0x0000000269d12480 0 0 0 0 0 2 2 7480 664
0x00007d762f784500 0x0000000269d12500 0 1 0 0 0 2 2 7480 656
0x00007d762f784580 0x0000000269d12580 0 1 0 0 0 2 2 7480 664
0x00007d762f784600 0x0000000269d12600 0 0 1 0 0 2 2 7480 656
0x00007d762f784680 0x0000000269d12680 0 0 1 0 0 2 2 7480 664
0x00007d762f784700 0x0000000269d12700 0 1 1 0 0 2 2 7480 656
0x00007d762f784780 0x0000000269d12780 0 1 1 0 0 2 2 7480 664
0x00007d762f784800 0x0000000269d12800 0 0 0 0 0 2 2 7480 672
0x00007d762f784880 0x0000000269d12880 0 0 0 0 0 2 2 7480 680
0x00007d762f784900 0x0000000269d12900 0 1 0 0 0 2 2 7480 672
0x00007d762f784980 0x0000000269d12980 0 1 0 0 0 2 2 7480 680
0x00007d762f784a00 0x0000000269d12a00 0 0 1 0 0 2 2 7480 672
0x00007d762f784a80 0x0000000269d12a80 0 0 1 0 0 2 2 7480 680
0x00007d762f784b00 0x0000000269d12b00 0 1 1 0 0 2 2 7480 672
0x00007d762f784b80 0x0000000269d12b80 0 1 1 0 0 2 2 7480 680
0x00007d762f784c00 0x0000000269d12c00 0 0 0 0 0 2 2 7480 688
0x00007d762f784c80 0x0000000269d12c80 0 0 0 0 0 2 2 7480 696
0x00007d762f784d00 0x0000000269d12d00 0 1 0 0 0 2 2 7480 688
0x00007d762f784d80 0x0000000269d12d80 0 1 0 0 0 2 2 7480 696
0x00007d762f784e00 0x0000000269d12e00 0 0 1 0 0 2 2 7480 688
0x00007d762f784e80 0x0000000269d12e80 0 0 1 0 0 2 2 7480 696
0x00007d762f784f00 0x0000000269d12f00 0 1 1 0 0 2 2 7480 688
0x00007d762f784f80 0x0000000269d12f80 0 1 1 0 0 2 2 7480 696
0x00007d762f786000 0x0000000269d14000 0 0 0 0 0 2 2 7480 768
0x00007d762f786080 0x0000000269d14080 0 0 0 0 0 2 2 7480 776
0x00007d762f786100 0x0000000269d14100 0 1 0 0 0 2 2 7480 768
0x00007d762f786180 0x0000000269d14180 0 1 0 0 0 2 2 7480 776
0x00007d762f786200 0x0000000269d14200 0 0 1 0 0 2 2 7480 768
0x00007d762f786280 0x0000000269d14280 0 0 1 0 0 2 2 7480 776
0x00007d762f786300 0x0000000269d14300 0 1 1 0 0 2 2 7480 768
0x00007d762f786380 0x0000000269d14380 0 1 1 0 0 2 2 7480 776
0x00007d762f786400 0x0000000269d14400 0 0 0 0 0 2 2 7480 784
0x00007d762f786480 0x0000000269d14480 0 0 0 0 0 2 2 7480 792
0x00007d762f786500 0x0000000269d14500 0 1 0 0 0 2 2 7480 784
0x00007d762f786580 0x0000000269d14580 0 1 0 0 0 2 2 7480 792
0x00007d762f786600 0x0000000269d14600 0 0 1 0 0 2 2 7480 784
0x00007d762f786680 0x0000000269d14680 0 0 1 0 0 2 2 7480 792
0x00007d762f786700 0x0000000269d14700 0 1 1 0 0 2 2 7480 784
0x00007d762f786780 0x0000000269d14780 0 1 1 0 0 2 2 7480 792
0x00007d762f786800 0x0000000269d14800 0 0 0 0 0 2 2 7480 800
0x00007d762f786880 0x0000000269d14880 0 0 0 0 0 2 2 7480 808
0x00007d762f786900 0x0000000269d14900 0 1 0 0 0 2 2 7480 800
0x00007d762f786980 0x0000000269d14980 0 1 0 0 0 2 2 7480 808
0x00007d762f786a00 0x0000000269d14a00 0 0 1 0 0 2 2 7480 800
0x00007d762f786a80 0x0000000269d14a80 0 0 1 0 0 2 2 7480 808
0x00007d762f786b00 0x0000000269d14b00 0 1 1 0 0 2 2 7480 800
0x00007d762f786b80 0x0000000269d14b80 0 1 1 0 0 2 2 7480 808
0x00007d762f786c00 0x0000000269d14c00 0 0 0 0 0 2 2 7480 816
0x00007d762f786c80 0x0000000269d14c80 0 0 0 0 0 2 2 7480 824
0x00007d762f786d00 0x0000000269d14d00 0 1 0 0 0 2 2 7480 816
0x00007d762f786d80 0x0000000269d14d80 0 1 0 0 0 2 2 7480 824
0x00007d762f786e00 0x0000000269d14e00 0 0 1 0 0 2 2 7480 816
0x00007d762f786e80 0x0000000269d14e80 0 0 1 0 0 2 2 7480 824
0x00007d762f786f00 0x0000000269d14f00 0 1 1 0 0 2 2 7480 816
0x00007d762f786f80 0x0000000269d14f80 0 1 1 0 0 2 2 7480 824
0x00007d762f78c000 0x000000029b5df000 0 0 0 0 1 2 2 9062 960
0x00007d762f78c080 0x000000029b5df080 0 0 0 0 1 2 2 9062 968
0x00007d762f78c100 0x000000029b5df100 0 1 0 0 1 2 2 9062 960
0x00007d762f78c180 0x000000029b5df180 0 1 0 0 1 2 2 9062 968
0x00007d762f78c200 0x000000029b5df200 0 0 1 0 1 2 2 9062 960
0x00007d762f78c280 0x000000029b5df280 0 0 1 0 1 2 2 9062 968
0x00007d762f78c300 0x000000029b5df300 0 1 1 0 1 2 2 9062 960
0x00007d762f78c380 0x000000029b5df380 0 1 1 0 1 2 2 9062 968
0x00007d762f78c400 0x000000029b5df400 0 0 0 0 1 2 2 9062 976
0x00007d762f78c480 0x000000029b5df480 0 0 0 0 1 2 2 9062 984
0x00007d762f78c500 0x000000029b5df500 0 1 0 0 1 2 2 9062 976
0x00007d762f78c580 0x000000029b5df580 0 1 0 0 1 2 2 9062 984
0x00007d762f78c600 0x000000029b5df600 0 0 1 0 1 2 2 9062 976
0x00007d762f78c680 0x000000029b5df680 0 0 1 0 1 2 2 9062 984
0x00007d762f78c700 0x000000029b5df700 0 1 1 0 1 2 2 9062 976
0x00007d762f78c780 0x000000029b5df780 0 1 1 0 1 2 2 9062 984
0x00007d762f78c800 0x000000029b5df800 0 0 0 0 1 2 2 9062 992
0x00007d762f78c880 0x000000029b5df880 0 0 0 0 1 2 2 9062 1000
0x00007d762f78c900 0x000000029b5df900 0 1 0 0 1 2 2 9062 992
0x00007d762f78c980 0x000000029b5df980 0 1 0 0 1 2 2 9062 1000
0x00007d762f78ca00 0x000000029b5dfa00 0 0 1 0 1 2 2 9062 992
0x00007d762f78ca80 0x000000029b5dfa80 0 0 1 0 1 2 2 9062 1000
0x00007d762f78cb00 0x000000029b5dfb00 0 1 1 0 1 2 2 9062 992
0x00007d762f78cb80 0x000000029b5dfb80 0 1 1 0 1 2 2 9062 1000
0x00007d762f78cc00 0x000000029b5dfc00 0 0 0 0 1 2 2 9062 1008
0x00007d762f78cc80 0x000000029b5dfc80 0 0 0 0 1 2 2 9062 1016
0x00007d762f78cd00 0x000000029b5dfd00 0 1 0 0 1 2 2 9062 1008
0x00007d762f78cd80 0x000000029b5dfd80 0 1 0 0 1 2 2 9062 1016
0x00007d762f78ce00 0x000000029b5dfe00 0 0 1 0 1 2 2 9062 1008
0x00007d762f78ce80 0x000000029b5dfe80 0 0 1 0 1 2 2 9062 1016
0x00007d762f78cf00 0x000000029b5dff00 0 1 1 0 1 2 2 9062 1008
0x00007d762f78cf80 0x000000029b5dff80 0 1 1 0 1 2 2 9062 1016
0x00007d762f78d000 0x0000000267510000 0 0 0 0 0 2 2 7408 512
0x00007d762f78d080 0x0000000267510080 0 0 0 0 0 2 2 7408 520
0x00007d762f78d100 0x0000000267510100 0 1 0 0 0 2 2 7408 512
0x00007d762f78d180 0x0000000267510180 0 1 0 0 0 2 2 7408 520
0x00007d762f78d200 0x0000000267510200 0 0 1 0 0 2 2 7408 512
0x00007d762f78d280 0x0000000267510280 0 0 1 0 0 2 2 7408 520
0x00007d762f78d300 0x0000000267510300 0 1 1 0 0 2 2 7408 512
0x00007d762f78d380 0x0000000267510380 0 1 1 0 0 2 2 7408 520
0x00007d762f78d400 0x0000000267510400 0 0 0 0 0 2 2 7408 528
0x00007d762f78d480 0x0000000267510480 0 0 0 0 0 2 2 7408 536
0x00007d762f78d500 0x0000000267510500 0 1 0 0 0 2 2 7408 528
0x00007d762f78d580 0x0000000267510580 0 1 0 0 0 2 2 7408 536
0x00007d762f78d600 0x0000000267510600 0 0 1 0 0 2 2 7408 528
0x00007d762f78d680 0x0000000267510680 0 0 1 0 0 2 2 7408 536
0x00007d762f78d700 0x0000000267510700 0 1 1 0 0 2 2 7408 528
0x00007d762f78d780 0x0000000267510780 0 1 1 0 0 2 2 7408 536
0x00007d762f78d800 0x0000000267510800 0 0 0 0 0 2 2 7408 544
0x00007d762f78d880 0x0000000267510880 0 0 0 0 0 2 2 7408 552
0x00007d762f78d900 0x0000000267510900 0 1 0 0 0 2 2 7408 544
0x00007d762f78d980 0x0000000267510980 0 1 0 0 0 2 2 7408 552
0x00007d762f78da00 0x0000000267510a00 0 0 1 0 0 2 2 7408 544
0x00007d762f78da80 0x0000000267510a80 0 0 1 0 0 2 2 7408 552
0x00007d762f78db00 0x0000000267510b00 0 1 1 0 0 2 2 7408 544
0x00007d762f78db80 0x0000000267510b80 0 1 1 0 0 2 2 7408 552
0x00007d762f78dc00 0x0000000267510c00 0 0 0 0 0 2 2 7408 560
0x00007d762f78dc80 0x0000000267510c80 0 0 0 0 0 2 2 7408 568
0x00007d762f78dd00 0x0000000267510d00 0 1 0 0 0 2 2 7408 560
0x00007d762f78dd80 0x0000000267510d80 0 1 0 0 0 2 2 7408 568
0x00007d762f78de00 0x0000000267510e00 0 0 1 0 0 2 2 7408 560
0x00007d762f78de80 0x0000000267510e80 0 0 1 0 0 2 2 7408 568
0x00007d762f78df00 0x0000000267510f00 0 1 1 0 0 2 2 7408 560
0x00007d762f78df80 0x0000000267510f80 0 1 1 0 0 2 2 7408 568
0x00007d762f791000 0x0000000b24d36000 0 0 0 0 0 2 2 42137 896
0x00007d762f791080 0x0000000b24d36080 0 0 0 0 0 2 2 42137 904
0x00007d762f791100 0x0000000b24d36100 0 1 0 0 0 2 2 42137 896
0x00007d762f791180 0x0000000b24d36180 0 1 0 0 0 2 2 42137 904
0x00007d762f791200 0x0000000b24d36200 0 0 1 0 0 2 2 42137 896
0x00007d762f791280 0x0000000b24d36280 0 0 1 0 0 2 2 42137 904
0x00007d762f791300 0x0000000b24d36300 0 1 1 0 0 2 2 42137 896
0x00007d762f791380 0x0000000b24d36380 0 1 1 0 0 2 2 42137 904
0x00007d762f791400 0x0000000b24d36400 0 0 0 0 0 2 2 42137 912
0x00007d762f791480 0x0000000b24d36480 0 0 0 0 0 2 2 42137 920
0x00007d762f791500 0x0000000b24d36500 0 1 0 0 0 2 2 42137 912
0x00007d762f791580 0x0000000b24d36580 0 1 0 0 0 2 2 42137 920
0x00007d762f791600 0x0000000b24d36600 0 0 1 0 0 2 2 42137 912
0x00007d762f791680 0x0000000b24d36680 0 0 1 0 0 2 2 42137 920
0x00007d762f791700 0x0000000b24d36700 0 1 1 0 0 2 2 42137 912
0x00007d762f791780 0x0000000b24d36780 0 1 1 0 0 2 2 42137 920
0x00007d762f791800 0x0000000b24d36800 0 0 0 0 0 2 2 42137 928
0x00007d762f791880 0x0000000b24d36880 0 0 0 0 0 2 2 42137 936
0x00007d762f791900 0x0000000b24d36900 0 1 0 0 0 2 2 42137 928
0x00007d762f791980 0x0000000b24d36980 0 1 0 0 0 2 2 42137 936
0x00007d762f791a00 0x0000000b24d36a00 0 0 1 0 0 2 2 42137 928
0x00007d762f791a80 0x0000000b24d36a80 0 0 1 0 0 2 2 42137 936
0x00007d762f791b00 0x0000000b24d36b00 0 1 1 0 0 2 2 42137 928
0x00007d762f791b80 0x0000000b24d36b80 0 1 1 0 0 2 2 42137 936
0x00007d762f791c00 0x0000000b24d36c00 0 0 0 0 0 2 2 42137 944
0x00007d762f791c80 0x0000000b24d36c80 0 0 0 0 0 2 2 42137 952
0x00007d762f791d00 0x0000000b24d36d00 0 1 0 0 0 2 2 42137 944
0x00007d762f791d80 0x0000000b24d36d80 0 1 0 0 0 2 2 42137 952
0x00007d762f791e00 0x0000000b24d36e00 0 0 1 0 0 2 2 42137 944
0x00007d762f791e80 0x0000000b24d36e80 0 0 1 0 0 2 2 42137 952
0x00007d762f791f00 0x0000000b24d36f00 0 1 1 0 0 2 2 42137 944
0x00007d762f791f80 0x0000000b24d36f80 0 1 1 0 0 2 2 42137 952
0x00007d762f79a000 0x00000005a6d01000 0 0 0 0 0 2 2 21704 64
0x00007d762f79a080 0x00000005a6d01080 0 0 0 0 0 2 2 21704 72
0x00007d762f79a100 0x00000005a6d01100 0 1 0 0 0 2 2 21704 64
0x00007d762f79a180 0x00000005a6d01180 0 1 0 0 0 2 2 21704 72
0x00007d762f79a200 0x00000005a6d01200 0 0 1 0 0 2 2 21704 64
0x00007d762f79a280 0x00000005a6d01280 0 0 1 0 0 2 2 21704 72
0x00007d762f79a300 0x00000005a6d01300 0 1 1 0 0 2 2 21704 64
0x00007d762f79a380 0x00000005a6d01380 0 1 1 0 0 2 2 21704 72
0x00007d762f79a400 0x00000005a6d01400 0 0 0 0 0 2 2 21704 80
0x00007d762f79a480 0x00000005a6d01480 0 0 0 0 0 2 2 21704 88
0x00007d762f79a500 0x00000005a6d01500 0 1 0 0 0 2 2 21704 80
0x00007d762f79a580 0x00000005a6d01580 0 1 0 0 0 2 2 21704 88
0x00007d762f79a600 0x00000005a6d01600 0 0 1 0 0 2 2 21704 80
0x00007d762f79a680 0x00000005a6d01680 0 0 1 0 0 2 2 21704 88
0x00007d762f79a700 0x00000005a6d01700 0 1 1 0 0 2 2 21704 80
0x00007d762f79a780 0x00000005a6d01780 0 1 1 0 0 2 2 21704 88
0x00007d762f79a800 0x00000005a6d01800 0 0 0 0 0 2 2 21704 96
0x00007d762f79a880 0x00000005a6d01880 0 0 0 0 0 2 2 21704 104
0x00007d762f79a900 0x00000005a6d01900 0 1 0 0 0 2 2 21704 96
0x00007d762f79a980 0x00000005a6d01980 0 1 0 0 0 2 2 21704 104
0x00007d762f79aa00 0x00000005a6d01a00 0 0 1 0 0 2 2 21704 96
0x00007d762f79aa80 0x00000005a6d01a80 0 0 1 0 0 2 2 21704 104
0x00007d762f79ab00 0x00000005a6d01b00 0 1 1 0 0 2 2 21704 96
0x00007d762f79ab80 0x00000005a6d01b80 0 1 1 0 0 2 2 21704 104
0x00007d762f79ac00 0x00000005a6d01c00 0 0 0 0 0 2 2 21704 112
0x00007d762f79ac80 0x00000005a6d01c80 0 0 0 0 0 2 2 21704 120
0x00007d762f79ad00 0x00000005a6d01d00 0 1 0 0 0 2 2 21704 112
0x00007d762f79ad80 0x00000005a6d01d80 0 1 0 0 0 2 2 21704 120
0x00007d762f79ae00 0x00000005a6d01e00 0 0 1 0 0 2 2 21704 112
0x00007d762f79ae80 0x00000005a6d01e80 0 0 1 0 0 2 2 21704 120
0x00007d762f79af00 0x00000005a6d01f00 0 1 1 0 0 2 2 21704 112
0x00007d762f79af80 0x00000005a6d01f80 0 1 1 0 0 2 2 21704 120
0x00007d762f7af000 0x0000000625d2b000 0 0 0 0 1 2 2 21689 192
0x00007d762f7af080 0x0000000625d2b080 0 0 0 0 1 2 2 21689 200
0x00007d762f7af100 0x0000000625d2b100 0 1 0 0 1 2 2 21689 192
0x00007d762f7af180 0x0000000625d2b180 0 1 0 0 1 2 2 21689 200
0x00007d762f7af200 0x0000000625d2b200 0 0 1 0 1 2 2 21689 192
0x00007d762f7af280 0x0000000625d2b280 0 0 1 0 1 2 2 21689 200
0x00007d762f7af300 0x0000000625d2b300 0 1 1 0 1 2 2 21689 192
0x00007d762f7af380 0x0000000625d2b380 0 1 1 0 1 2 2 21689 200
0x00007d762f7af400 0x0000000625d2b400 0 0 0 0 1 2 2 21689 208
0x00007d762f7af480 0x0000000625d2b480 0 0 0 0 1 2 2 21689 216
0x00007d762f7af500 0x0000000625d2b500 0 1 0 0 1 2 2 21689 208
0x00007d762f7af580 0x0000000625d2b580 0 1 0 0 1 2 2 21689 216
0x00007d762f7af600 0x0000000625d2b600 0 0 1 0 1 2 2 21689 208
0x00007d762f7af680 0x0000000625d2b680 0 0 1 0 1 2 2 21689 216
0x00007d762f7af700 0x0000000625d2b700 0 1 1 0 1 2 2 21689 208
0x00007d762f7af780 0x0000000625d2b780 0 1 1 0 1 2 2 21689 216
0x00007d762f7af800 0x0000000625d2b800 0 0 0 0 1 2 2 21689 224
0x00007d762f7af880 0x0000000625d2b880 0 0 0 0 1 2 2 21689 232
0x00007d762f7af900 0x0000000625d2b900 0 1 0 0 1 2 2 21689 224
0x00007d762f7af980 0x0000000625d2b980 0 1 0 0 1 2 2 21689 232
0x00007d762f7afa00 0x0000000625d2ba00 0 0 1 0 1 2 2 21689 224
0x00007d762f7afa80 0x0000000625d2ba80 0 0 1 0 1 2 2 21689 232
0x00007d762f7afb00 0x0000000625d2bb00 0 1 1 0 1 2 2 21689 224
0x00007d762f7afb80 0x0000000625d2bb80 0 1 1 0 1 2 2 21689 232
0x00007d762f7afc00 0x0000000625d2bc00 0 0 0 0 1 2 2 21689 240
0x00007d762f7afc80 0x0000000625d2bc80 0 0 0 0 1 2 2 21689 248
0x00007d762f7afd00 0x0000000625d2bd00 0 1 0 0 1 2 2 21689 240
0x00007d762f7afd80 0x0000000625d2bd80 0 1 0 0 1 2 2 21689 248
0x00007d762f7afe00 0x0000000625d2be00 0 0 1 0 1 2 2 21689 240
0x00007d762f7afe80 0x0000000625d2be80 0 0 1 0 1 2 2 21689 248
0x00007d762f7aff00 0x0000000625d2bf00 0 1 1 0 1 2 2 21689 240
0x00007d762f7aff80 0x0000000625d2bf80 0 1 1 0 1 2 2 21689 248
0x00007d762f7b0000 0x0000000625d24000 0 0 0 0 0 2 2 21689 256
0x00007d762f7b0080 0x0000000625d24080 0 0 0 0 0 2 2 21689 264
0x00007d762f7b0100 0x0000000625d24100 0 1 0 0 0 2 2 21689 256
0x00007d762f7b0180 0x0000000625d24180 0 1 0 0 0 2 2 21689 264
0x00007d762f7b0200 0x0000000625d24200 0 0 1 0 0 2 2 21689 256
0x00007d762f7b0280 0x0000000625d24280 0 0 1 0 0 2 2 21689 264
0x00007d762f7b0300 0x0000000625d24300 0 1 1 0 0 2 2 21689 256
0x00007d762f7b0380 0x0000000625d24380 0 1 1 0 0 2 2 21689 264
0x00007d762f7b0400 0x0000000625d24400 0 0 0 0 0 2 2 21689 272
0x00007d762f7b0480 0x0000000625d24480 0 0 0 0 0 2 2 21689 280
0x00007d762f7b0500 0x0000000625d24500 0 1 0 0 0 2 2 21689 272
0x00007d762f7b0580 0x0000000625d24580 0 1 0 0 0 2 2 21689 280
0x00007d762f7b0600 0x0000000625d24600 0 0 1 0 0 2 2 21689 272
0x00007d762f7b0680 0x0000000625d24680 0 0 1 0 0 2 2 21689 280
0x00007d762f7b0700 0x0000000625d24700 0 1 1 0 0 2 2 21689 272
0x00007d762f7b0780 0x0000000625d24780 0 1 1 0 0 2 2 21689 280
0x00007d762f7b0800 0x0000000625d24800 0 0 0 0 0 2 2 21689 288
0x00007d762f7b0880 0x0000000625d24880 0 0 0 0 0 2 2 21689 296
0x00007d762f7b0900 0x0000000625d24900 0 1 0 0 0 2 2 21689 288
0x00007d762f7b0980 0x0000000625d24980 0 1 0 0 0 2 2 21689 296
0x00007d762f7b0a00 0x0000000625d24a00 0 0 1 0 0 2 2 21689 288
0x00007d762f7b0a80 0x0000000625d24a80 0 0 1 0 0 2 2 21689 296
0x00007d762f7b0b00 0x0000000625d24b00 0 1 1 0 0 2 2 21689 288
0x00007d762f7b0b80 0x0000000625d24b80 0 1 1 0 0 2 2 21689 296
0x00007d762f7b0c00 0x0000000625d24c00 0 0 0 0 0 2 2 21689 304
0x00007d762f7b0c80 0x0000000625d24c80 0 0 0 0 0 2 2 21689 312
0x00007d762f7b0d00 0x0000000625d24d00 0 1 0 0 0 2 2 21689 304
0x00007d762f7b0d80 0x0000000625d24d80 0 1 0 0 0 2 2 21689 312
0x00007d762f7b0e00 0x0000000625d24e00 0 0 1 0 0 2 2 21689 304
0x00007d762f7b0e80 0x0000000625d24e80 0 0 1 0 0 2 2 21689 312
0x00007d762f7b0f00 0x0000000625d24f00 0 1 1 0 0 2 2 21689 304
0x00007d762f7b0f80 0x0000000625d24f80 0 1 1 0 0 2 2 21689 312
0x00007d762f7c4000 0x0000000441d85000 0 0 0 0 0 2 2 14396 320
0x00007d762f7c4080 0x0000000441d85080 0 0 0 0 0 2 2 14396 328
0x00007d762f7c4100 0x0000000441d85100 0 1 0 0 0 2 2 14396 320
0x00007d762f7c4180 0x0000000441d85180 0 1 0 0 0 2 2 14396 328
0x00007d762f7c4200 0x0000000441d85200 0 0 1 0 0 2 2 14396 320
0x00007d762f7c4280 0x0000000441d85280 0 0 1 0 0 2 2 14396 328
0x00007d762f7c4300 0x0000000441d85300 0 1 1 0 0 2 2 14396 320
0x00007d762f7c4380 0x0000000441d85380 0 1 1 0 0 2 2 14396 328
0x00007d762f7c4400 0x0000000441d85400 0 0 0 0 0 2 2 14396 336
0x00007d762f7c4480 0x0000000441d85480 0 0 0 0 0 2 2 14396 344
0x00007d762f7c4500 0x0000000441d85500 0 1 0 0 0 2 2 14396 336
0x00007d762f7c4580 0x0000000441d85580 0 1 0 0 0 2 2 14396 344
0x00007d762f7c4600 0x0000000441d85600 0 0 1 0 0 2 2 14396 336
0x00007d762f7c4680 0x0000000441d85680 0 0 1 0 0 2 2 14396 344
0x00007d762f7c4700 0x0000000441d85700 0 1 1 0 0 2 2 14396 336
0x00007d762f7c4780 0x0000000441d85780 0 1 1 0 0 2 2 14396 344
0x00007d762f7c4800 0x0000000441d85800 0 0 0 0 0 2 2 14396 352
0x00007d762f7c4880 0x0000000441d85880 0 0 0 0 0 2 2 14396 360
0x00007d762f7c4900 0x0000000441d85900 0 1 0 0 0 2 2 14396 352
0x00007d762f7c4980 0x0000000441d85980 0 1 0 0 0 2 2 14396 360
0x00007d762f7c4a00 0x0000000441d85a00 0 0 1 0 0 2 2 14396 352
0x00007d762f7c4a80 0x0000000441d85a80 0 0 1 0 0 2 2 14396 360
0x00007d762f7c4b00 0x0000000441d85b00 0 1 1 0 0 2 2 14396 352
0x00007d762f7c4b80 0x0000000441d85b80 0 1 1 0 0 2 2 14396 360
0x00007d762f7c4c00 0x0000000441d85c00 0 0 0 0 0 2 2 14396 368
0x00007d762f7c4c80 0x0000000441d85c80 0 0 0 0 0 2 2 14396 376
0x00007d762f7c4d00 0x0000000441d85d00 0 1 0 0 0 2 2 14396 368
0x00007d762f7c4d80 0x0000000441d85d80 0 1 0 0 0 2 2 14396 376
0x00007d762f7c4e00 0x0000000441d85e00 0 0 1 0 0 2 2 14396 368
0x00007d762f7c4e80 0x0000000441d85e80 0 0 1 0 0 2 2 14396 376
0x00007d762f7c4f00 0x0000000441d85f00 0 1 1 0 0 2 2 14396 368
0x00007d762f7c4f80 0x0000000441d85f80 0 1 1 0 0 2 2 14396 376
0x00007d762f7d4000 0x0000000269d13000 0 0 0 0 0 2 2 7480 704
0x00007d762f7d4080 0x0000000269d13080 0 0 0 0 0 2 2 7480 712
0x00007d762f7d4100 0x0000000269d13100 0 1 0 0 0 2 2 7480 704
0x00007d762f7d4180 0x0000000269d13180 0 1 0 0 0 2 2 7480 712
0x00007d762f7d4200 0x0000000269d13200 0 0 1 0 0 2 2 7480 704
0x00007d762f7d4280 0x0000000269d13280 0 0 1 0 0 2 2 7480 712
0x00007d762f7d4300 0x0000000269d13300 0 1 1 0 0 2 2 7480 704
0x00007d762f7d4380 0x0000000269d13380 0 1 1 0 0 2 2 7480 712
0x00007d762f7d4400 0x0000000269d13400 0 0 0 0 0 2 2 7480 720
0x00007d762f7d4480 0x0000000269d13480 0 0 0 0 0 2 2 7480 728
0x00007d762f7d4500 0x0000000269d13500 0 1 0 0 0 2 2 7480 720
0x00007d762f7d4580 0x0000000269d13580 0 1 0 0 0 2 2 7480 728
0x00007d762f7d4600 0x0000000269d13600 0 0 1 0 0 2 2 7480 720
0x00007d762f7d4680 0x0000000269d13680 0 0 1 0 0 2 2 7480 728
0x00007d762f7d4700 0x0000000269d13700 0 1 1 0 0 2 2 7480 720
0x00007d762f7d4780 0x0000000269d13780 0 1 1 0 0 2 2 7480 728
0x00007d762f7d4800 0x0000000269d13800 0 0 0 0 0 2 2 7480 736
0x00007d762f7d4880 0x0000000269d13880 0 0 0 0 0 2 2 7480 744
0x00007d762f7d4900 0x0000000269d13900 0 1 0 0 0 2 2 7480 736
0x00007d762f7d4980 0x0000000269d13980 0 1 0 0 0 2 2 7480 744
0x00007d762f7d4a00 0x0000000269d13a00 0 0 1 0 0 2 2 7480 736
0x00007d762f7d4a80 0x0000000269d13a80 0 0 1 0 0 2 2 7480 744
0x00007d762f7d4b00 0x0000000269d13b00 0 1 1 0 0 2 2 7480 736
0x00007d762f7d4b80 0x0000000269d13b80 0 1 1 0 0 2 2 7480 744
0x00007d762f7d4c00 0x0000000269d13c00 0 0 0 0 0 2 2 7480 752
0x00007d762f7d4c80 0x0000000269d13c80 0 0 0 0 0 2 2 7480 760
0x00007d762f7d4d00 0x0000000269d13d00 0 1 0 0 0 2 2 7480 752
0x00007d762f7d4d80 0x0000000269d13d80 0 1 0 0 0 2 2 7480 760
0x00007d762f7d4e00 0x0000000269d13e00 0 0 1 0 0 2 2 7480 752
0x00007d762f7d4e80 0x0000000269d13e80 0 0 1 0 0 2 2 7480 760
0x00007d762f7d4f00 0x0000000269d13f00 0 1 1 0 0 2 2 7480 752
0x00007d762f7d4f80 0x0000000269d13f80 0 1 1 0 0 2 2 7480 760
0x00007d762f7dd000 0x0000000625d28000 0 0 0 0 1 2 2 21689 0
0x00007d762f7dd080 0x0000000625d28080 0 0 0 0 1 2 2 21689 8
0x00007d762f7dd100 0x0000000625d28100 0 1 0 0 1 2 2 21689 0
0x00007d762f7dd180 0x0000000625d28180 0 1 0 0 1 2 2 21689 8
0x00007d762f7dd200 0x0000000625d28200 0 0 1 0 1 2 2 21689 0
0x00007d762f7dd280 0x0000000625d28280 0 0 1 0 1 2 2 21689 8
0x00007d762f7dd300 0x0000000625d28300 0 1 1 0 1 2 2 21689 0
0x00007d762f7dd380 0x0000000625d28380 0 1 1 0 1 2 2 21689 8
0x00007d762f7dd400 0x0000000625d28400 0 0 0 0 1 2 2 21689 16
0x00007d762f7dd480 0x0000000625d28480 0 0 0 0 1 2 2 21689 24
0x00007d762f7dd500 0x0000000625d28500 0 1 0 0 1 2 2 21689 16
0x00007d762f7dd580 0x0000000625d28580 0 1 0 0 1 2 2 21689 24
0x00007d762f7dd600 0x0000000625d28600 0 0 1 0 1 2 2 21689 16
0x00007d762f7dd680 0x0000000625d28680 0 0 1 0 1 2 2 21689 24
0x00007d762f7dd700 0x0000000625d28700 0 1 1 0 1 2 2 21689 16
0x00007d762f7dd780 0x0000000625d28780 0 1 1 0 1 2 2 21689 24
0x00007d762f7dd800 0x0000000625d28800 0 0 0 0 1 2 2 21689 32
0x00007d762f7dd880 0x0000000625d28880 0 0 0 0 1 2 2 21689 40
0x00007d762f7dd900 0x0000000625d28900 0 1 0 0 1 2 2 21689 32
0x00007d762f7dd980 0x0000000625d28980 0 1 0 0 1 2 2 21689 40
0x00007d762f7dda00 0x0000000625d28a00 0 0 1 0 1 2 2 21689 32
0x00007d762f7dda80 0x0000000625d28a80 0 0 1 0 1 2 2 21689 40
0x00007d762f7ddb00 0x0000000625d28b00 0 1 1 0 1 2 2 21689 32
0x00007d762f7ddb80 0x0000000625d28b80 0 1 1 0 1 2 2 21689 40
0x00007d762f7ddc00 0x0000000625d28c00 0 0 0 0 1 2 2 21689 48
0x00007d762f7ddc80 0x0000000625d28c80 0 0 0 0 1 2 2 21689 56
0x00007d762f7ddd00 0x0000000625d28d00 0 1 0 0 1 2 2 21689 48
0x00007d762f7ddd80 0x0000000625d28d80 0 1 0 0 1 2 2 21689 56
0x00007d762f7dde00 0x0000000625d28e00 0 0 1 0 1 2 2 21689 48
0x00007d762f7dde80 0x0000000625d28e80 0 0 1 0 1 2 2 21689 56
0x00007d762f7ddf00 0x0000000625d28f00 0 1 1 0 1 2 2 21689 48
0x00007d762f7ddf80 0x0000000625d28f80 0 1 1 0 1 2 2 21689 56
0x00007d762f7e4000 0x0000000b8c547000 0 0 0 0 0 2 2 45442 448
0x00007d762f7e4080 0x0000000b8c547080 0 0 0 0 0 2 2 45442 456
0x00007d762f7e4100 0x0000000b8c547100 0 1 0 0 0 2 2 45442 448
0x00007d762f7e4180 0x0000000b8c547180 0 1 0 0 0 2 2 45442 456
0x00007d762f7e4200 0x0000000b8c547200 0 0 1 0 0 2 2 45442 448
0x00007d762f7e4280 0x0000000b8c547280 0 0 1 0 0 2 2 45442 456
0x00007d762f7e4300 0x0000000b8c547300 0 1 1 0 0 2 2 45442 448
0x00007d762f7e4380 0x0000000b8c547380 0 1 1 0 0 2 2 45442 456
0x00007d762f7e4400 0x0000000b8c547400 0 0 0 0 0 2 2 45442 464
0x00007d762f7e4480 0x0000000b8c547480 0 0 0 0 0 2 2 45442 472
0x00007d762f7e4500 0x0000000b8c547500 0 1 0 0 0 2 2 45442 464
0x00007d762f7e4580 0x0000000b8c547580 0 1 0 0 0 2 2 45442 472
0x00007d762f7e4600 0x0000000b8c547600 0 0 1 0 0 2 2 45442 464
0x00007d762f7e4680 0x0000000b8c547680 0 0 1 0 0 2 2 45442 472
0x00007d762f7e4700 0x0000000b8c547700 0 1 1 0 0 2 2 45442 464
0x00007d762f7e4780 0x0000000b8c547780 0 1 1 0 0 2 2 45442 472
0x00007d762f7e4800 0x0000000b8c547800 0 0 0 0 0 2 2 45442 480
0x00007d762f7e4880 0x0000000b8c547880 0 0 0 0 0 2 2 45442 488
0x00007d762f7e4900 0x0000000b8c547900 0 1 0 0 0 2 2 45442 480
0x00007d762f7e4980 0x0000000b8c547980 0 1 0 0 0 2 2 45442 488
0x00007d762f7e4a00 0x0000000b8c547a00 0 0 1 0 0 2 2 45442 480
0x00007d762f7e4a80 0x0000000b8c547a80 0 0 1 0 0 2 2 45442 488
0x00007d762f7e4b00 0x0000000b8c547b00 0 1 1 0 0 2 2 45442 480
0x00007d762f7e4b80 0x0000000b8c547b80 0 1 1 0 0 2 2 45442 488
0x00007d762f7e4c00 0x0000000b8c547c00 0 0 0 0 0 2 2 45442 496
0x00007d762f7e4c80 0x0000000b8c547c80 0 0 0 0 0 2 2 45442 504
0x00007d762f7e4d00 0x0000000b8c547d00 0 1 0 0 0 2 2 45442 496
0x00007d762f7e4d80 0x0000000b8c547d80 0 1 0 0 0 2 2 45442 504
0x00007d762f7e4e00 0x0000000b8c547e00 0 0 1 0 0 2 2 45442 496
0x00007d762f7e4e80 0x0000000b8c547e80 0 0 1 0 0 2 2 45442 504
0x00007d762f7e4f00 0x0000000b8c547f00 0 1 1 0 0 2 2 45442 496
0x00007d762f7e4f80 0x0000000b8c547f80 0 1 1 0 0 2 2 45442 504
0x00007d762f7ec000 0x0000000441d81000 0 0 0 0 0 2 2 14396 64
0x00007d762f7ec080 0x0000000441d81080 0 0 0 0 0 2 2 14396 72
0x00007d762f7ec100 0x0000000441d81100 0 1 0 0 0 2 2 14396 64
0x00007d762f7ec180 0x0000000441d81180 0 1 0 0 0 2 2 14396 72
0x00007d762f7ec200 0x0000000441d81200 0 0 1 0 0 2 2 14396 64
0x00007d762f7ec280 0x0000000441d81280 0 0 1 0 0 2 2 14396 72
0x00007d762f7ec300 0x0000000441d81300 0 1 1 0 0 2 2 14396 64
0x00007d762f7ec380 0x0000000441d81380 0 1 1 0 0 2 2 14396 72
0x00007d762f7ec400 0x0000000441d81400 0 0 0 0 0 2 2 14396 80
0x00007d762f7ec480 0x0000000441d81480 0 0 0 0 0 2 2 14396 88
0x00007d762f7ec500 0x0000000441d81500 0 1 0 0 0 2 2 14396 80
0x00007d762f7ec580 0x0000000441d81580 0 1 0 0 0 2 2 14396 88
0x00007d762f7ec600 0x0000000441d81600 0 0 1 0 0 2 2 14396 80
0x00007d762f7ec680 0x0000000441d81680 0 0 1 0 0 2 2 14396 88
0x00007d762f7ec700 0x0000000441d81700 0 1 1 0 0 2 2 14396 80
0x00007d762f7ec780 0x0000000441d81780 0 1 1 0 0 2 2 14396 88
0x00007d762f7ec800 0x0000000441d81800 0 0 0 0 0 2 2 14396 96
0x00007d762f7ec880 0x0000000441d81880 0 0 0 0 0 2 2 14396 104
0x00007d762f7ec900 0x0000000441d81900 0 1 0 0 0 2 2 14396 96
0x00007d762f7ec980 0x0000000441d81980 0 1 0 0 0 2 2 14396 104
0x00007d762f7eca00 0x0000000441d81a00 0 0 1 0 0 2 2 14396 96
0x00007d762f7eca80 0x0000000441d81a80 0 0 1 0 0 2 2 14396 104
0x00007d762f7ecb00 0x0000000441d81b00 0 1 1 0 0 2 2 14396 96
0x00007d762f7ecb80 0x0000000441d81b80 0 1 1 0 0 2 2 14396 104
0x00007d762f7ecc00 0x0000000441d81c00 0 0 0 0 0 2 2 14396 112
0x00007d762f7ecc80 0x0000000441d81c80 0 0 0 0 0 2 2 14396 120
0x00007d762f7ecd00 0x0000000441d81d00 0 1 0 0 0 2 2 14396 112
0x00007d762f7ecd80 0x0000000441d81d80 0 1 0 0 0 2 2 14396 120
0x00007d762f7ece00 0x0000000441d81e00 0 0 1 0 0 2 2 14396 112
0x00007d762f7ece80 0x0000000441d81e80 0 0 1 0 0 2 2 14396 120
0x00007d762f7ecf00 0x0000000441d81f00 0 1 1 0 0 2 2 14396 112
0x00007d762f7ecf80 0x0000000441d81f80 0 1 1 0 0 2 2 14396 120
0x00007d762f7f3000 0x0000000269d16000 0 0 0 0 0 2 2 7480 896
0x00007d762f7f3080 0x0000000269d16080 0 0 0 0 0 2 2 7480 904
0x00007d762f7f3100 0x0000000269d16100 0 1 0 0 0 2 2 7480 896
0x00007d762f7f3180 0x0000000269d16180 0 1 0 0 0 2 2 7480 904
0x00007d762f7f3200 0x0000000269d16200 0 0 1 0 0 2 2 7480 896
0x00007d762f7f3280 0x0000000269d16280 0 0 1 0 0 2 2 7480 904
0x00007d762f7f3300 0x0000000269d16300 0 1 1 0 0 2 2 7480 896
0x00007d762f7f3380 0x0000000269d16380 0 1 1 0 0 2 2 7480 904
0x00007d762f7f3400 0x0000000269d16400 0 0 0 0 0 2 2 7480 912
0x00007d762f7f3480 0x0000000269d16480 0 0 0 0 0 2 2 7480 920
0x00007d762f7f3500 0x0000000269d16500 0 1 0 0 0 2 2 7480 912
0x00007d762f7f3580 0x0000000269d16580 0 1 0 0 0 2 2 7480 920
0x00007d762f7f3600 0x0000000269d16600 0 0 1 0 0 2 2 7480 912
0x00007d762f7f3680 0x0000000269d16680 0 0 1 0 0 2 2 7480 920
0x00007d762f7f3700 0x0000000269d16700 0 1 1 0 0 2 2 7480 912
0x00007d762f7f3780 0x0000000269d16780 0 1 1 0 0 2 2 7480 920
0x00007d762f7f3800 0x0000000269d16800 0 0 0 0 0 2 2 7480 928
0x00007d762f7f3880 0x0000000269d16880 0 0 0 0 0 2 2 7480 936
0x00007d762f7f3900 0x0000000269d16900 0 1 0 0 0 2 2 7480 928
0x00007d762f7f3980 0x0000000269d16980 0 1 0 0 0 2 2 7480 936
0x00007d762f7f3a00 0x0000000269d16a00 0 0 1 0 0 2 2 7480 928
0x00007d762f7f3a80 0x0000000269d16a80 0 0 1 0 0 2 2 7480 936
0x00007d762f7f3b00 0x0000000269d16b00 0 1 1 0 0 2 2 7480 928
0x00007d762f7f3b80 0x0000000269d16b80 0 1 1 0 0 2 2 7480 936
0x00007d762f7f3c00 0x0000000269d16c00 0 0 0 0 0 2 2 7480 944
0x00007d762f7f3c80 0x0000000269d16c80 0 0 0 0 0 2 2 7480 952
0x00007d762f7f3d00 0x0000000269d16d00 0 1 0 0 0 2 2 7480 944
0x00007d762f7f3d80 0x0000000269d16d80 0 1 0 0 0 2 2 7480 952
0x00007d762f7f3e00 0x0000000269d16e00 0 0 1 0 0 2 2 7480 944
0x00007d762f7f3e80 0x0000000269d16e80 0 0 1 0 0 2 2 7480 952
0x00007d762f7f3f00 0x0000000269d16f00 0 1 1 0 0 2 2 7480 944
0x00007d762f7f3f80 0x0000000269d16f80 0 1 1 0 0 2 2 7480 952
0x00007d762f7fa000 0x0000000a08d1a000 0 0 0 0 1 2 2 37144 640
0x00007d762f7fa080 0x0000000a08d1a080 0 0 0 0 1 2 2 37144 648
0x00007d762f7fa100 0x0000000a08d1a100 0 1 0 0 1 2 2 37144 640
0x00007d762f7fa180 0x0000000a08d1a180 0 1 0 0 1 2 2 37144 648
0x00007d762f7fa200 0x0000000a08d1a200 0 0 1 0 1 2 2 37144 640
0x00007d762f7fa280 0x0000000a08d1a280 0 0 1 0 1 2 2 37144 648
0x00007d762f7fa300 0x0000000a08d1a300 0 1 1 0 1 2 2 37144 640
0x00007d762f7fa380 0x0000000a08d1a380 0 1 1 0 1 2 2 37144 648
0x00007d762f7fa400 0x0000000a08d1a400 0 0 0 0 1 2 2 37144 656
0x00007d762f7fa480 0x0000000a08d1a480 0 0 0 0 1 2 2 37144 664
0x00007d762f7fa500 0x0000000a08d1a500 0 1 0 0 1 2 2 37144 656
0x00007d762f7fa580 0x0000000a08d1a580 0 1 0 0 1 2 2 37144 664
0x00007d762f7fa600 0x0000000a08d1a600 0 0 1 0 1 2 2 37144 656
0x00007d762f7fa680 0x0000000a08d1a680 0 0 1 0 1 2 2 37144 664
0x00007d762f7fa700 0x0000000a08d1a700 0 1 1 0 1 2 2 37144 656
0x00007d762f7fa780 0x0000000a08d1a780 0 1 1 0 1 2 2 37144 664
0x00007d762f7fa800 0x0000000a08d1a800 0 0 0 0 1 2 2 37144 672
0x00007d762f7fa880 0x0000000a08d1a880 0 0 0 0 1 2 2 37144 680
0x00007d762f7fa900 0x0000000a08d1a900 0 1 0 0 1 2 2 37144 672
0x00007d762f7fa980 0x0000000a08d1a980 0 1 0 0 1 2 2 37144 680
0x00007d762f7faa00 0x0000000a08d1aa00 0 0 1 0 1 2 2 37144 672
0x00007d762f7faa80 0x0000000a08d1aa80 0 0 1 0 1 2 2 37144 680
0x00007d762f7fab00 0x0000000a08d1ab00 0 1 1 0 1 2 2 37144 672
0x00007d762f7fab80 0x0000000a08d1ab80 0 1 1 0 1 2 2 37144 680
0x00007d762f7fac00 0x0000000a08d1ac00 0 0 0 0 1 2 2 37144 688
0x00007d762f7fac80 0x0000000a08d1ac80 0 0 0 0 1 2 2 37144 696
0x00007d762f7fad00 0x0000000a08d1ad00 0 1 0 0 1 2 2 37144 688
0x00007d762f7fad80 0x0000000a08d1ad80 0 1 0 0 1 2 2 37144 696
0x00007d762f7fae00 0x0000000a08d1ae00 0 0 1 0 1 2 2 37144 688
0x00007d762f7fae80 0x0000000a08d1ae80 0 0 1 0 1 2 2 37144 696
0x00007d762f7faf00 0x0000000a08d1af00 0 1 1 0 1 2 2 37144 688
0x00007d762f7faf80 0x0000000a08d1af80 0 1 1 0 1 2 2 37144 696
0x00007d762f7fe000 0x0000000b8c543000 0 0 0 0 0 2 2 45442 192
0x00007d762f7fe080 0x0000000b8c543080 0 0 0 0 0 2 2 45442 200
0x00007d762f7fe100 0x0000000b8c543100 0 1 0 0 0 2 2 45442 192
0x00007d762f7fe180 0x0000000b8c543180 0 1 0 0 0 2 2 45442 200
0x00007d762f7fe200 0x0000000b8c543200 0 0 1 0 0 2 2 45442 192
0x00007d762f7fe280 0x0000000b8c543280 0 0 1 0 0 2 2 45442 200
0x00007d762f7fe300 0x0000000b8c543300 0 1 1 0 0 2 2 45442 192
0x00007d762f7fe380 0x0000000b8c543380 0 1 1 0 0 2 2 45442 200
0x00007d762f7fe400 0x0000000b8c543400 0 0 0 0 0 2 2 45442 208
0x00007d762f7fe480 0x0000000b8c543480 0 0 0 0 0 2 2 45442 216
0x00007d762f7fe500 0x0000000b8c543500 0 1 0 0 0 2 2 45442 208
0x00007d762f7fe580 0x0000000b8c543580 0 1 0 0 0 2 2 45442 216
0x00007d762f7fe600 0x0000000b8c543600 0 0 1 0 0 2 2 45442 208
0x00007d762f7fe680 0x0000000b8c543680 0 0 1 0 0 2 2 45442 216
0x00007d762f7fe700 0x0000000b8c543700 0 1 1 0 0 2 2 45442 208
0x00007d762f7fe780 0x0000000b8c543780 0 1 1 0 0 2 2 45442 216
0x00007d762f7fe800 0x0000000b8c543800 0 0 0 0 0 2 2 45442 224
0x00007d762f7fe880 0x0000000b8c543880 0 0 0 0 0 2 2 45442 232
0x00007d762f7fe900 0x0000000b8c543900 0 1 0 0 0 2 2 45442 224
0x00007d762f7fe980 0x0000000b8c543980 0 1 0 0 0 2 2 45442 232
0x00007d762f7fea00 0x0000000b8c543a00 0 0 1 0 0 2 2 45442 224
0x00007d762f7fea80 0x0000000b8c543a80 0 0 1 0 0 2 2 45442 232
0x00007d762f7feb00 0x0000000b8c543b00 0 1 1 0 0 2 2 45442 224
0x00007d762f7feb80 0x0000000b8c543b80 0 1 1 0 0 2 2 45442 232
0x00007d762f7fec00 0x0000000b8c543c00 0 0 0 0 0 2 2 45442 240
0x00007d762f7fec80 0x0000000b8c543c80 0 0 0 0 0 2 2 45442 248
0x00007d762f7fed00 0x0000000b8c543d00 0 1 0 0 0 2 2 45442 240
0x00007d762f7fed80 0x0000000b8c543d80 0 1 0 0 0 2 2 45442 248
0x00007d762f7fee00 0x0000000b8c543e00 0 0 1 0 0 2 2 45442 240
0x00007d762f7fee80 0x0000000b8c543e80 0 0 1 0 0 2 2 45442 248
0x00007d762f7fef00 0x0000000b8c543f00 0 1 1 0 0 2 2 45442 240
0x00007d762f7fef80 0x0000000b8c543f80 0 1 1 0 0 2 2 45442 248
0x00007d762f80b000 0x0000000a08d13000 0 0 0 0 0 2 2 37144 704
0x00007d762f80b080 0x0000000a08d13080 0 0 0 0 0 2 2 37144 712
0x00007d762f80b100 0x0000000a08d13100 0 1 0 0 0 2 2 37144 704
0x00007d762f80b180 0x0000000a08d13180 0 1 0 0 0 2 2 37144 712
0x00007d762f80b200 0x0000000a08d13200 0 0 1 0 0 2 2 37144 704
0x00007d762f80b280 0x0000000a08d13280 0 0 1 0 0 2 2 37144 712
0x00007d762f80b300 0x0000000a08d13300 0 1 1 0 0 2 2 37144 704
0x00007d762f80b380 0x0000000a08d13380 0 1 1 0 0 2 2 37144 712
0x00007d762f80b400 0x0000000a08d13400 0 0 0 0 0 2 2 37144 720
0x00007d762f80b480 0x0000000a08d13480 0 0 0 0 0 2 2 37144 728
0x00007d762f80b500 0x0000000a08d13500 0 1 0 0 0 2 2 37144 720
0x00007d762f80b580 0x0000000a08d13580 0 1 0 0 0 2 2 37144 728
0x00007d762f80b600 0x0000000a08d13600 0 0 1 0 0 2 2 37144 720
0x00007d762f80b680 0x0000000a08d13680 0 0 1 0 0 2 2 37144 728
0x00007d762f80b700 0x0000000a08d13700 0 1 1 0 0 2 2 37144 720
0x00007d762f80b780 0x0000000a08d13780 0 1 1 0 0 2 2 37144 728
0x00007d762f80b800 0x0000000a08d13800 0 0 0 0 0 2 2 37144 736
0x00007d762f80b880 0x0000000a08d13880 0 0 0 0 0 2 2 37144 744
0x00007d762f80b900 0x0000000a08d13900 0 1 0 0 0 2 2 37144 736
0x00007d762f80b980 0x0000000a08d13980 0 1 0 0 0 2 2 37144 744
0x00007d762f80ba00 0x0000000a08d13a00 0 0 1 0 0 2 2 37144 736
0x00007d762f80ba80 0x0000000a08d13a80 0 0 1 0 0 2 2 37144 744
0x00007d762f80bb00 0x0000000a08d13b00 0 1 1 0 0 2 2 37144 736
0x00007d762f80bb80 0x0000000a08d13b80 0 1 1 0 0 2 2 37144 744
0x00007d762f80bc00 0x0000000a08d13c00 0 0 0 0 0 2 2 37144 752
0x00007d762f80bc80 0x0000000a08d13c80 0 0 0 0 0 2 2 37144 760
0x00007d762f80bd00 0x0000000a08d13d00 0 1 0 0 0 2 2 37144 752
0x00007d762f80bd80 0x0000000a08d13d80 0 1 0 0 0 2 2 37144 760
0x00007d762f80be00 0x0000000a08d13e00 0 0 1 0 0 2 2 37144 752
0x00007d762f80be80 0x0000000a08d13e80 0 0 1 0 0 2 2 37144 760
0x00007d762f80bf00 0x0000000a08d13f00 0 1 1 0 0 2 2 37144 752
0x00007d762f80bf80 0x0000000a08d13f80 0 1 1 0 0 2 2 37144 760
0x00007d762f80c000 0x0000000a08d17000 0 0 0 0 0 2 2 37144 960
0x00007d762f80c080 0x0000000a08d17080 0 0 0 0 0 2 2 37144 968
0x00007d762f80c100 0x0000000a08d17100 0 1 0 0 0 2 2 37144 960
0x00007d762f80c180 0x0000000a08d17180 0 1 0 0 0 2 2 37144 968
0x00007d762f80c200 0x0000000a08d17200 0 0 1 0 0 2 2 37144 960
0x00007d762f80c280 0x0000000a08d17280 0 0 1 0 0 2 2 37144 968
0x00007d762f80c300 0x0000000a08d17300 0 1 1 0 0 2 2 37144 960
0x00007d762f80c380 0x0000000a08d17380 0 1 1 0 0 2 2 37144 968
0x00007d762f80c400 0x0000000a08d17400 0 0 0 0 0 2 2 37144 976
0x00007d762f80c480 0x0000000a08d17480 0 0 0 0 0 2 2 37144 984
0x00007d762f80c500 0x0000000a08d17500 0 1 0 0 0 2 2 37144 976
0x00007d762f80c580 0x0000000a08d17580 0 1 0 0 0 2 2 37144 984
0x00007d762f80c600 0x0000000a08d17600 0 0 1 0 0 2 2 37144 976
0x00007d762f80c680 0x0000000a08d17680 0 0 1 0 0 2 2 37144 984
0x00007d762f80c700 0x0000000a08d17700 0 1 1 0 0 2 2 37144 976
0x00007d762f80c780 0x0000000a08d17780 0 1 1 0 0 2 2 37144 984
0x00007d762f80c800 0x0000000a08d17800 0 0 0 0 0 2 2 37144 992
0x00007d762f80c880 0x0000000a08d17880 0 0 0 0 0 2 2 37144 1000
0x00007d762f80c900 0x0000000a08d17900 0 1 0 0 0 2 2 37144 992
0x00007d762f80c980 0x0000000a08d17980 0 1 0 0 0 2 2 37144 1000
0x00007d762f80ca00 0x0000000a08d17a00 0 0 1 0 0 2 2 37144 992
0x00007d762f80ca80 0x0000000a08d17a80 0 0 1 0 0 2 2 37144 1000
0x00007d762f80cb00 0x0000000a08d17b00 0 1 1 0 0 2 2 37144 992
0x00007d762f80cb80 0x0000000a08d17b80 0 1 1 0 0 2 2 37144 1000
0x00007d762f80cc00 0x0000000a08d17c00 0 0 0 0 0 2 2 37144 1008
0x00007d762f80cc80 0x0000000a08d17c80 0 0 0 0 0 2 2 37144 1016
0x00007d762f80cd00 0x0000000a08d17d00 0 1 0 0 0 2 2 37144 1008
0x00007d762f80cd80 0x0000000a08d17d80 0 1 0 0 0 2 2 37144 1016
0x00007d762f80ce00 0x0000000a08d17e00 0 0 1 0 0 2 2 37144 1008
0x00007d762f80ce80 0x0000000a08d17e80 0 0 1 0 0 2 2 37144 1016
0x00007d762f80cf00 0x0000000a08d17f00 0 1 1 0 0 2 2 37144 1008
0x00007d762f80cf80 0x0000000a08d17f80 0 1 1 0 0 2 2 37144 1016
0x00007d762f814000 0x0000000441d83000 0 0 0 0 0 2 2 14396 192
0x00007d762f814080 0x0000000441d83080 0 0 0 0 0 2 2 14396 200
0x00007d762f814100 0x0000000441d83100 0 1 0 0 0 2 2 14396 192
0x00007d762f814180 0x0000000441d83180 0 1 0 0 0 2 2 14396 200
0x00007d762f814200 0x0000000441d83200 0 0 1 0 0 2 2 14396 192
0x00007d762f814280 0x0000000441d83280 0 0 1 0 0 2 2 14396 200
0x00007d762f814300 0x0000000441d83300 0 1 1 0 0 2 2 14396 192
0x00007d762f814380 0x0000000441d83380 0 1 1 0 0 2 2 14396 200
0x00007d762f814400 0x0000000441d83400 0 0 0 0 0 2 2 14396 208
0x00007d762f814480 0x0000000441d83480 0 0 0 0 0 2 2 14396 216
0x00007d762f814500 0x0000000441d83500 0 1 0 0 0 2 2 14396 208
0x00007d762f814580 0x0000000441d83580 0 1 0 0 0 2 2 14396 216
0x00007d762f814600 0x0000000441d83600 0 0 1 0 0 2 2 14396 208
0x00007d762f814680 0x0000000441d83680 0 0 1 0 0 2 2 14396 216
0x00007d762f814700 0x0000000441d83700 0 1 1 0 0 2 2 14396 208
0x00007d762f814780 0x0000000441d83780 0 1 1 0 0 2 2 14396 216
0x00007d762f814800 0x0000000441d83800 0 0 0 0 0 2 2 14396 224
0x00007d762f814880 0x0000000441d83880 0 0 0 0 0 2 2 14396 232
0x00007d762f814900 0x0000000441d83900 0 1 0 0 0 2 2 14396 224
0x00007d762f814980 0x0000000441d83980 0 1 0 0 0 2 2 14396 232
0x00007d762f814a00 0x0000000441d83a00 0 0 1 0 0 2 2 14396 224
0x00007d762f814a80 0x0000000441d83a80 0 0 1 0 0 2 2 14396 232
0x00007d762f814b00 0x0000000441d83b00 0 1 1 0 0 2 2 14396 224
0x00007d762f814b80 0x0000000441d83b80 0 1 1 0 0 2 2 14396 232
0x00007d762f814c00 0x0000000441d83c00 0 0 0 0 0 2 2 14396 240
0x00007d762f814c80 0x0000000441d83c80 0 0 0 0 0 2 2 14396 248
0x00007d762f814d00 0x0000000441d83d00 0 1 0 0 0 2 2 14396 240
0x00007d762f814d80 0x0000000441d83d80 0 1 0 0 0 2 2 14396 248
0x00007d762f814e00 0x0000000441d83e00 0 0 1 0 0 2 2 14396 240
0x00007d762f814e80 0x0000000441d83e80 0 0 1 0 0 2 2 14396 248
0x00007d762f814f00 0x0000000441d83f00 0 1 1 0 0 2 2 14396 240
0x00007d762f814f80 0x0000000441d83f80 0 1 1 0 0 2 2 14396 248
0x00007d762f832000 0x0000000441d86000 0 0 0 0 0 2 2 14396 384
0x00007d762f832080 0x0000000441d86080 0 0 0 0 0 2 2 14396 392
0x00007d762f832100 0x0000000441d86100 0 1 0 0 0 2 2 14396 384
0x00007d762f832180 0x0000000441d86180 0 1 0 0 0 2 2 14396 392
0x00007d762f832200 0x0000000441d86200 0 0 1 0 0 2 2 14396 384
0x00007d762f832280 0x0000000441d86280 0 0 1 0 0 2 2 14396 392
0x00007d762f832300 0x0000000441d86300 0 1 1 0 0 2 2 14396 384
0x00007d762f832380 0x0000000441d86380 0 1 1 0 0 2 2 14396 392
0x00007d762f832400 0x0000000441d86400 0 0 0 0 0 2 2 14396 400
0x00007d762f832480 0x0000000441d86480 0 0 0 0 0 2 2 14396 408
0x00007d762f832500 0x0000000441d86500 0 1 0 0 0 2 2 14396 400
0x00007d762f832580 0x0000000441d86580 0 1 0 0 0 2 2 14396 408
0x00007d762f832600 0x0000000441d86600 0 0 1 0 0 2 2 14396 400
0x00007d762f832680 0x0000000441d86680 0 0 1 0 0 2 2 14396 408
0x00007d762f832700 0x0000000441d86700 0 1 1 0 0 2 2 14396 400
0x00007d762f832780 0x0000000441d86780 0 1 1 0 0 2 2 14396 408
0x00007d762f832800 0x0000000441d86800 0 0 0 0 0 2 2 14396 416
0x00007d762f832880 0x0000000441d86880 0 0 0 0 0 2 2 14396 424
0x00007d762f832900 0x0000000441d86900 0 1 0 0 0 2 2 14396 416
0x00007d762f832980 0x0000000441d86980 0 1 0 0 0 2 2 14396 424
0x00007d762f832a00 0x0000000441d86a00 0 0 1 0 0 2 2 14396 416
0x00007d762f832a80 0x0000000441d86a80 0 0 1 0 0 2 2 14396 424
0x00007d762f832b00 0x0000000441d86b00 0 1 1 0 0 2 2 14396 416
0x00007d762f832b80 0x0000000441d86b80 0 1 1 0 0 2 2 14396 424
0x00007d762f832c00 0x0000000441d86c00 0 0 0 0 0 2 2 14396 432
0x00007d762f832c80 0x0000000441d86c80 0 0 0 0 0 2 2 14396 440
0x00007d762f832d00 0x0000000441d86d00 0 1 0 0 0 2 2 14396 432
0x00007d762f832d80 0x0000000441d86d80 0 1 0 0 0 2 2 14396 440
0x00007d762f832e00 0x0000000441d86e00 0 0 1 0 0 2 2 14396 432
0x00007d762f832e80 0x0000000441d86e80 0 0 1 0 0 2 2 14396 440
0x00007d762f832f00 0x0000000441d86f00 0 1 1 0 0 2 2 14396 432
0x00007d762f832f80 0x0000000441d86f80 0 1 1 0 0 2 2 14396 440
0x00007d762f83b000 0x000000029b5d5000 0 0 0 0 0 2 2 9062 832
0x00007d762f83b080 0x000000029b5d5080 0 0 0 0 0 2 2 9062 840
0x00007d762f83b100 0x000000029b5d5100 0 1 0 0 0 2 2 9062 832
0x00007d762f83b180 0x000000029b5d5180 0 1 0 0 0 2 2 9062 840
0x00007d762f83b200 0x000000029b5d5200 0 0 1 0 0 2 2 9062 832
0x00007d762f83b280 0x000000029b5d5280 0 0 1 0 0 2 2 9062 840
0x00007d762f83b300 0x000000029b5d5300 0 1 1 0 0 2 2 9062 832
0x00007d762f83b380 0x000000029b5d5380 0 1 1 0 0 2 2 9062 840
0x00007d762f83b400 0x000000029b5d5400 0 0 0 0 0 2 2 9062 848
0x00007d762f83b480 0x000000029b5d5480 0 0 0 0 0 2 2 9062 856
0x00007d762f83b500 0x000000029b5d5500 0 1 0 0 0 2 2 9062 848
0x00007d762f83b580 0x000000029b5d5580 0 1 0 0 0 2 2 9062 856
0x00007d762f83b600 0x000000029b5d5600 0 0 1 0 0 2 2 9062 848
0x00007d762f83b680 0x000000029b5d5680 0 0 1 0 0 2 2 9062 856
0x00007d762f83b700 0x000000029b5d5700 0 1 1 0 0 2 2 9062 848
0x00007d762f83b780 0x000000029b5d5780 0 1 1 0 0 2 2 9062 856
0x00007d762f83b800 0x000000029b5d5800 0 0 0 0 0 2 2 9062 864
0x00007d762f83b880 0x000000029b5d5880 0 0 0 0 0 2 2 9062 872
0x00007d762f83b900 0x000000029b5d5900 0 1 0 0 0 2 2 9062 864
0x00007d762f83b980 0x000000029b5d5980 0 1 0 0 0 2 2 9062 872
0x00007d762f83ba00 0x000000029b5d5a00 0 0 1 0 0 2 2 9062 864
0x00007d762f83ba80 0x000000029b5d5a80 0 0 1 0 0 2 2 9062 872
0x00007d762f83bb00 0x000000029b5d5b00 0 1 1 0 0 2 2 9062 864
0x00007d762f83bb80 0x000000029b5d5b80 0 1 1 0 0 2 2 9062 872
0x00007d762f83bc00 0x000000029b5d5c00 0 0 0 0 0 2 2 9062 880
0x00007d762f83bc80 0x000000029b5d5c80 0 0 0 0 0 2 2 9062 888
0x00007d762f83bd00 0x000000029b5d5d00 0 1 0 0 0 2 2 9062 880
0x00007d762f83bd80 0x000000029b5d5d80 0 1 0 0 0 2 2 9062 888
0x00007d762f83be00 0x000000029b5d5e00 0 0 1 0 0 2 2 9062 880
0x00007d762f83be80 0x000000029b5d5e80 0 0 1 0 0 2 2 9062 888
0x00007d762f83bf00 0x000000029b5d5f00 0 1 1 0 0 2 2 9062 880
0x00007d762f83bf80 0x000000029b5d5f80 0 1 1 0 0 2 2 9062 888
0x00007d762f83c000 0x0000000269d17000 0 0 0 0 0 2 2 7480 960
0x00007d762f83c080 0x0000000269d17080 0 0 0 0 0 2 2 7480 968
0x00007d762f83c100 0x0000000269d17100 0 1 0 0 0 2 2 7480 960
0x00007d762f83c180 0x0000000269d17180 0 1 0 0 0 2 2 7480 968
0x00007d762f83c200 0x0000000269d17200 0 0 1 0 0 2 2 7480 960
0x00007d762f83c280 0x0000000269d17280 0 0 1 0 0 2 2 7480 968
0x00007d762f83c300 0x0000000269d17300 0 1 1 0 0 2 2 7480 960
0x00007d762f83c380 0x0000000269d17380 0 1 1 0 0 2 2 7480 968
0x00007d762f83c400 0x0000000269d17400 0 0 0 0 0 2 2 7480 976
0x00007d762f83c480 0x0000000269d17480 0 0 0 0 0 2 2 7480 984
0x00007d762f83c500 0x0000000269d17500 0 1 0 0 0 2 2 7480 976
0x00007d762f83c580 0x0000000269d17580 0 1 0 0 0 2 2 7480 984
0x00007d762f83c600 0x0000000269d17600 0 0 1 0 0 2 2 7480 976
0x00007d762f83c680 0x0000000269d17680 0 0 1 0 0 2 2 7480 984
0x00007d762f83c700 0x0000000269d17700 0 1 1 0 0 2 2 7480 976
0x00007d762f83c780 0x0000000269d17780 0 1 1 0 0 2 2 7480 984
0x00007d762f83c800 0x0000000269d17800 0 0 0 0 0 2 2 7480 992
0x00007d762f83c880 0x0000000269d17880 0 0 0 0 0 2 2 7480 1000
0x00007d762f83c900 0x0000000269d17900 0 1 0 0 0 2 2 7480 992
0x00007d762f83c980 0x0000000269d17980 0 1 0 0 0 2 2 7480 1000
0x00007d762f83ca00 0x0000000269d17a00 0 0 1 0 0 2 2 7480 992
0x00007d762f83ca80 0x0000000269d17a80 0 0 1 0 0 2 2 7480 1000
0x00007d762f83cb00 0x0000000269d17b00 0 1 1 0 0 2 2 7480 992
0x00007d762f83cb80 0x0000000269d17b80 0 1 1 0 0 2 2 7480 1000
0x00007d762f83cc00 0x0000000269d17c00 0 0 0 0 0 2 2 7480 1008
0x00007d762f83cc80 0x0000000269d17c80 0 0 0 0 0 2 2 7480 1016
0x00007d762f83cd00 0x0000000269d17d00 0 1 0 0 0 2 2 7480 1008
0x00007d762f83cd80 0x0000000269d17d80 0 1 0 0 0 2 2 7480 1016
0x00007d762f83ce00 0x0000000269d17e00 0 0 1 0 0 2 2 7480 1008
0x00007d762f83ce80 0x0000000269d17e80 0 0 1 0 0 2 2 7480 1016
0x00007d762f83cf00 0x0000000269d17f00 0 1 1 0 0 2 2 7480 1008
0x00007d762f83cf80 0x0000000269d17f80 0 1 1 0 0 2 2 7480 1016
0x00007d762f83e000 0x00000006b757c000 0 0 0 0 1 2 2 26339 768
0x00007d762f83e080 0x00000006b757c080 0 0 0 0 1 2 2 26339 776
0x00007d762f83e100 0x00000006b757c100 0 1 0 0 1 2 2 26339 768
0x00007d762f83e180 0x00000006b757c180 0 1 0 0 1 2 2 26339 776
0x00007d762f83e200 0x00000006b757c200 0 0 1 0 1 2 2 26339 768
0x00007d762f83e280 0x00000006b757c280 0 0 1 0 1 2 2 26339 776
0x00007d762f83e300 0x00000006b757c300 0 1 1 0 1 2 2 26339 768
0x00007d762f83e380 0x00000006b757c380 0 1 1 0 1 2 2 26339 776
0x00007d762f83e400 0x00000006b757c400 0 0 0 0 1 2 2 26339 784
0x00007d762f83e480 0x00000006b757c480 0 0 0 0 1 2 2 26339 792
0x00007d762f83e500 0x00000006b757c500 0 1 0 0 1 2 2 26339 784
0x00007d762f83e580 0x00000006b757c580 0 1 0 0 1 2 2 26339 792
0x00007d762f83e600 0x00000006b757c600 0 0 1 0 1 2 2 26339 784
0x00007d762f83e680 0x00000006b757c680 0 0 1 0 1 2 2 26339 792
0x00007d762f83e700 0x00000006b757c700 0 1 1 0 1 2 2 26339 784
0x00007d762f83e780 0x00000006b757c780 0 1 1 0 1 2 2 26339 792
0x00007d762f83e800 0x00000006b757c800 0 0 0 0 1 2 2 26339 800
0x00007d762f83e880 0x00000006b757c880 0 0 0 0 1 2 2 26339 808
0x00007d762f83e900 0x00000006b757c900 0 1 0 0 1 2 2 26339 800
0x00007d762f83e980 0x00000006b757c980 0 1 0 0 1 2 2 26339 808
0x00007d762f83ea00 0x00000006b757ca00 0 0 1 0 1 2 2 26339 800
0x00007d762f83ea80 0x00000006b757ca80 0 0 1 0 1 2 2 26339 808
0x00007d762f83eb00 0x00000006b757cb00 0 1 1 0 1 2 2 26339 800
0x00007d762f83eb80 0x00000006b757cb80 0 1 1 0 1 2 2 26339 808
0x00007d762f83ec00 0x00000006b757cc00 0 0 0 0 1 2 2 26339 816
0x00007d762f83ec80 0x00000006b757cc80 0 0 0 0 1 2 2 26339 824
0x00007d762f83ed00 0x00000006b757cd00 0 1 0 0 1 2 2 26339 816
0x00007d762f83ed80 0x00000006b757cd80 0 1 0 0 1 2 2 26339 824
0x00007d762f83ee00 0x00000006b757ce00 0 0 1 0 1 2 2 26339 816
0x00007d762f83ee80 0x00000006b757ce80 0 0 1 0 1 2 2 26339 824
0x00007d762f83ef00 0x00000006b757cf00 0 1 1 0 1 2 2 26339 816
0x00007d762f83ef80 0x00000006b757cf80 0 1 1 0 1 2 2 26339 824
0x00007d762f842000 0x0000000e815d6000 0 0 0 0 0 2 2 57382 896
0x00007d762f842080 0x0000000e815d6080 0 0 0 0 0 2 2 57382 904
0x00007d762f842100 0x0000000e815d6100 0 1 0 0 0 2 2 57382 896
0x00007d762f842180 0x0000000e815d6180 0 1 0 0 0 2 2 57382 904
0x00007d762f842200 0x0000000e815d6200 0 0 1 0 0 2 2 57382 896
0x00007d762f842280 0x0000000e815d6280 0 0 1 0 0 2 2 57382 904
0x00007d762f842300 0x0000000e815d6300 0 1 1 0 0 2 2 57382 896
0x00007d762f842380 0x0000000e815d6380 0 1 1 0 0 2 2 57382 904
0x00007d762f842400 0x0000000e815d6400 0 0 0 0 0 2 2 57382 912
0x00007d762f842480 0x0000000e815d6480 0 0 0 0 0 2 2 57382 920
0x00007d762f842500 0x0000000e815d6500 0 1 0 0 0 2 2 57382 912
0x00007d762f842580 0x0000000e815d6580 0 1 0 0 0 2 2 57382 920
0x00007d762f842600 0x0000000e815d6600 0 0 1 0 0 2 2 57382 912
0x00007d762f842680 0x0000000e815d6680 0 0 1 0 0 2 2 57382 920
0x00007d762f842700 0x0000000e815d6700 0 1 1 0 0 2 2 57382 912
0x00007d762f842780 0x0000000e815d6780 0 1 1 0 0 2 2 57382 920
0x00007d762f842800 0x0000000e815d6800 0 0 0 0 0 2 2 57382 928
0x00007d762f842880 0x0000000e815d6880 0 0 0 0 0 2 2 57382 936
0x00007d762f842900 0x0000000e815d6900 0 1 0 0 0 2 2 57382 928
0x00007d762f842980 0x0000000e815d6980 0 1 0 0 0 2 2 57382 936
0x00007d762f842a00 0x0000000e815d6a00 0 0 1 0 0 2 2 57382 928
0x00007d762f842a80 0x0000000e815d6a80 0 0 1 0 0 2 2 57382 936
0x00007d762f842b00 0x0000000e815d6b00 0 1 1 0 0 2 2 57382 928
0x00007d762f842b80 0x0000000e815d6b80 0 1 1 0 0 2 2 57382 936
0x00007d762f842c00 0x0000000e815d6c00 0 0 0 0 0 2 2 57382 944
0x00007d762f842c80 0x0000000e815d6c80 0 0 0 0 0 2 2 57382 952
0x00007d762f842d00 0x0000000e815d6d00 0 1 0 0 0 2 2 57382 944
0x00007d762f842d80 0x0000000e815d6d80 0 1 0 0 0 2 2 57382 952
0x00007d762f842e00 0x0000000e815d6e00 0 0 1 0 0 2 2 57382 944
0x00007d762f842e80 0x0000000e815d6e80 0 0 1 0 0 2 2 57382 952
0x00007d762f842f00 0x0000000e815d6f00 0 1 1 0 0 2 2 57382 944
0x00007d762f842f80 0x0000000e815d6f80 0 1 1 0 0 2 2 57382 952
0x00007d762f849000 0x000000029b5dd000 0 0 0 0 1 2 2 9062 832
0x00007d762f849080 0x000000029b5dd080 0 0 0 0 1 2 2 9062 840
0x00007d762f849100 0x000000029b5dd100 0 1 0 0 1 2 2 9062 832
0x00007d762f849180 0x000000029b5dd180 0 1 0 0 1 2 2 9062 840
0x00007d762f849200 0x000000029b5dd200 0 0 1 0 1 2 2 9062 832
0x00007d762f849280 0x000000029b5dd280 0 0 1 0 1 2 2 9062 840
0x00007d762f849300 0x000000029b5dd300 0 1 1 0 1 2 2 9062 832
0x00007d762f849380 0x000000029b5dd380 0 1 1 0 1 2 2 9062 840
0x00007d762f849400 0x000000029b5dd400 0 0 0 0 1 2 2 9062 848
0x00007d762f849480 0x000000029b5dd480 0 0 0 0 1 2 2 9062 856
0x00007d762f849500 0x000000029b5dd500 0 1 0 0 1 2 2 9062 848
0x00007d762f849580 0x000000029b5dd580 0 1 0 0 1 2 2 9062 856
0x00007d762f849600 0x000000029b5dd600 0 0 1 0 1 2 2 9062 848
0x00007d762f849680 0x000000029b5dd680 0 0 1 0 1 2 2 9062 856
0x00007d762f849700 0x000000029b5dd700 0 1 1 0 1 2 2 9062 848
0x00007d762f849780 0x000000029b5dd780 0 1 1 0 1 2 2 9062 856
0x00007d762f849800 0x000000029b5dd800 0 0 0 0 1 2 2 9062 864
0x00007d762f849880 0x000000029b5dd880 0 0 0 0 1 2 2 9062 872
0x00007d762f849900 0x000000029b5dd900 0 1 0 0 1 2 2 9062 864
0x00007d762f849980 0x000000029b5dd980 0 1 0 0 1 2 2 9062 872
0x00007d762f849a00 0x000000029b5dda00 0 0 1 0 1 2 2 9062 864
0x00007d762f849a80 0x000000029b5dda80 0 0 1 0 1 2 2 9062 872
0x00007d762f849b00 0x000000029b5ddb00 0 1 1 0 1 2 2 9062 864
0x00007d762f849b80 0x000000029b5ddb80 0 1 1 0 1 2 2 9062 872
0x00007d762f849c00 0x000000029b5ddc00 0 0 0 0 1 2 2 9062 880
0x00007d762f849c80 0x000000029b5ddc80 0 0 0 0 1 2 2 9062 888
0x00007d762f849d00 0x000000029b5ddd00 0 1 0 0 1 2 2 9062 880
0x00007d762f849d80 0x000000029b5ddd80 0 1 0 0 1 2 2 9062 888
0x00007d762f849e00 0x000000029b5dde00 0 0 1 0 1 2 2 9062 880
0x00007d762f849e80 0x000000029b5dde80 0 0 1 0 1 2 2 9062 888
0x00007d762f849f00 0x000000029b5ddf00 0 1 1 0 1 2 2 9062 880
0x00007d762f849f80 0x000000029b5ddf80 0 1 1 0 1 2 2 9062 888
0x00007d762f855000 0x000000099053f000 0 0 0 0 1 2 2 37377 960
0x00007d762f855080 0x000000099053f080 0 0 0 0 1 2 2 37377 968
0x00007d762f855100 0x000000099053f100 0 1 0 0 1 2 2 37377 960
0x00007d762f855180 0x000000099053f180 0 1 0 0 1 2 2 37377 968
0x00007d762f855200 0x000000099053f200 0 0 1 0 1 2 2 37377 960
0x00007d762f855280 0x000000099053f280 0 0 1 0 1 2 2 37377 968
0x00007d762f855300 0x000000099053f300 0 1 1 0 1 2 2 37377 960
0x00007d762f855380 0x000000099053f380 0 1 1 0 1 2 2 37377 968
0x00007d762f855400 0x000000099053f400 0 0 0 0 1 2 2 37377 976
0x00007d762f855480 0x000000099053f480 0 0 0 0 1 2 2 37377 984
0x00007d762f855500 0x000000099053f500 0 1 0 0 1 2 2 37377 976
0x00007d762f855580 0x000000099053f580 0 1 0 0 1 2 2 37377 984
0x00007d762f855600 0x000000099053f600 0 0 1 0 1 2 2 37377 976
0x00007d762f855680 0x000000099053f680 0 0 1 0 1 2 2 37377 984
0x00007d762f855700 0x000000099053f700 0 1 1 0 1 2 2 37377 976
0x00007d762f855780 0x000000099053f780 0 1 1 0 1 2 2 37377 984
0x00007d762f855800 0x000000099053f800 0 0 0 0 1 2 2 37377 992
0x00007d762f855880 0x000000099053f880 0 0 0 0 1 2 2 37377 1000
0x00007d762f855900 0x000000099053f900 0 1 0 0 1 2 2 37377 992
0x00007d762f855980 0x000000099053f980 0 1 0 0 1 2 2 37377 1000
0x00007d762f855a00 0x000000099053fa00 0 0 1 0 1 2 2 37377 992
0x00007d762f855a80 0x000000099053fa80 0 0 1 0 1 2 2 37377 1000
0x00007d762f855b00 0x000000099053fb00 0 1 1 0 1 2 2 37377 992
0x00007d762f855b80 0x000000099053fb80 0 1 1 0 1 2 2 37377 1000
0x00007d762f855c00 0x000000099053fc00 0 0 0 0 1 2 2 37377 1008
0x00007d762f855c80 0x000000099053fc80 0 0 0 0 1 2 2 37377 1016
0x00007d762f855d00 0x000000099053fd00 0 1 0 0 1 2 2 37377 1008
0x00007d762f855d80 0x000000099053fd80 0 1 0 0 1 2 2 37377 1016
0x00007d762f855e00 0x000000099053fe00 0 0 1 0 1 2 2 37377 1008
0x00007d762f855e80 0x000000099053fe80 0 0 1 0 1 2 2 37377 1016
0x00007d762f855f00 0x000000099053ff00 0 1 1 0 1 2 2 37377 1008
0x00007d762f855f80 0x000000099053ff80 0 1 1 0 1 2 2 37377 1016
0x00007d762f861000 0x0000000267511000 0 0 0 0 0 2 2 7408 576
0x00007d762f861080 0x0000000267511080 0 0 0 0 0 2 2 7408 584
0x00007d762f861100 0x0000000267511100 0 1 0 0 0 2 2 7408 576
0x00007d762f861180 0x0000000267511180 0 1 0 0 0 2 2 7408 584
0x00007d762f861200 0x0000000267511200 0 0 1 0 0 2 2 7408 576
0x00007d762f861280 0x0000000267511280 0 0 1 0 0 2 2 7408 584
0x00007d762f861300 0x0000000267511300 0 1 1 0 0 2 2 7408 576
0x00007d762f861380 0x0000000267511380 0 1 1 0 0 2 2 7408 584
0x00007d762f861400 0x0000000267511400 0 0 0 0 0 2 2 7408 592
0x00007d762f861480 0x0000000267511480 0 0 0 0 0 2 2 7408 600
0x00007d762f861500 0x0000000267511500 0 1 0 0 0 2 2 7408 592
0x00007d762f861580 0x0000000267511580 0 1 0 0 0 2 2 7408 600
0x00007d762f861600 0x0000000267511600 0 0 1 0 0 2 2 7408 592
0x00007d762f861680 0x0000000267511680 0 0 1 0 0 2 2 7408 600
0x00007d762f861700 0x0000000267511700 0 1 1 0 0 2 2 7408 592
0x00007d762f861780 0x0000000267511780 0 1 1 0 0 2 2 7408 600
0x00007d762f861800 0x0000000267511800 0 0 0 0 0 2 2 7408 608
0x00007d762f861880 0x0000000267511880 0 0 0 0 0 2 2 7408 616
0x00007d762f861900 0x0000000267511900 0 1 0 0 0 2 2 7408 608
0x00007d762f861980 0x0000000267511980 0 1 0 0 0 2 2 7408 616
0x00007d762f861a00 0x0000000267511a00 0 0 1 0 0 2 2 7408 608
0x00007d762f861a80 0x0000000267511a80 0 0 1 0 0 2 2 7408 616
0x00007d762f861b00 0x0000000267511b00 0 1 1 0 0 2 2 7408 608
0x00007d762f861b80 0x0000000267511b80 0 1 1 0 0 2 2 7408 616
0x00007d762f861c00 0x0000000267511c00 0 0 0 0 0 2 2 7408 624
0x00007d762f861c80 0x0000000267511c80 0 0 0 0 0 2 2 7408 632
0x00007d762f861d00 0x0000000267511d00 0 1 0 0 0 2 2 7408 624
0x00007d762f861d80 0x0000000267511d80 0 1 0 0 0 2 2 7408 632
0x00007d762f861e00 0x0000000267511e00 0 0 1 0 0 2 2 7408 624
0x00007d762f861e80 0x0000000267511e80 0 0 1 0 0 2 2 7408 632
0x00007d762f861f00 0x0000000267511f00 0 1 1 0 0 2 2 7408 624
0x00007d762f861f80 0x0000000267511f80 0 1 1 0 0 2 2 7408 632
0x00007d762f863000 0x0000000441d8b000 0 0 0 0 1 2 2 14396 192
0x00007d762f863080 0x0000000441d8b080 0 0 0 0 1 2 2 14396 200
0x00007d762f863100 0x0000000441d8b100 0 1 0 0 1 2 2 14396 192
0x00007d762f863180 0x0000000441d8b180 0 1 0 0 1 2 2 14396 200
0x00007d762f863200 0x0000000441d8b200 0 0 1 0 1 2 2 14396 192
0x00007d762f863280 0x0000000441d8b280 0 0 1 0 1 2 2 14396 200
0x00007d762f863300 0x0000000441d8b300 0 1 1 0 1 2 2 14396 192
0x00007d762f863380 0x0000000441d8b380 0 1 1 0 1 2 2 14396 200
0x00007d762f863400 0x0000000441d8b400 0 0 0 0 1 2 2 14396 208
0x00007d762f863480 0x0000000441d8b480 0 0 0 0 1 2 2 14396 216
0x00007d762f863500 0x0000000441d8b500 0 1 0 0 1 2 2 14396 208
0x00007d762f863580 0x0000000441d8b580 0 1 0 0 1 2 2 14396 216
0x00007d762f863600 0x0000000441d8b600 0 0 1 0 1 2 2 14396 208
0x00007d762f863680 0x0000000441d8b680 0 0 1 0 1 2 2 14396 216
0x00007d762f863700 0x0000000441d8b700 0 1 1 0 1 2 2 14396 208
0x00007d762f863780 0x0000000441d8b780 0 1 1 0 1 2 2 14396 216
0x00007d762f863800 0x0000000441d8b800 0 0 0 0 1 2 2 14396 224
0x00007d762f863880 0x0000000441d8b880 0 0 0 0 1 2 2 14396 232
0x00007d762f863900 0x0000000441d8b900 0 1 0 0 1 2 2 14396 224
0x00007d762f863980 0x0000000441d8b980 0 1 0 0 1 2 2 14396 232
0x00007d762f863a00 0x0000000441d8ba00 0 0 1 0 1 2 2 14396 224
0x00007d762f863a80 0x0000000441d8ba80 0 0 1 0 1 2 2 14396 232
0x00007d762f863b00 0x0000000441d8bb00 0 1 1 0 1 2 2 14396 224
0x00007d762f863b80 0x0000000441d8bb80 0 1 1 0 1 2 2 14396 232
0x00007d762f863c00 0x0000000441d8bc00 0 0 0 0 1 2 2 14396 240
0x00007d762f863c80 0x0000000441d8bc80 0 0 0 0 1 2 2 14396 248
0x00007d762f863d00 0x0000000441d8bd00 0 1 0 0 1 2 2 14396 240
0x00007d762f863d80 0x0000000441d8bd80 0 1 0 0 1 2 2 14396 248
0x00007d762f863e00 0x0000000441d8be00 0 0 1 0 1 2 2 14396 240
0x00007d762f863e80 0x0000000441d8be80 0 0 1 0 1 2 2 14396 248
0x00007d762f863f00 0x0000000441d8bf00 0 1 1 0 1 2 2 14396 240
0x00007d762f863f80 0x0000000441d8bf80 0 1 1 0 1 2 2 14396 248
0x00007d762f865000 0x0000000b24d3a000 0 0 0 0 1 2 2 42137 640
0x00007d762f865080 0x0000000b24d3a080 0 0 0 0 1 2 2 42137 648
0x00007d762f865100 0x0000000b24d3a100 0 1 0 0 1 2 2 42137 640
0x00007d762f865180 0x0000000b24d3a180 0 1 0 0 1 2 2 42137 648
0x00007d762f865200 0x0000000b24d3a200 0 0 1 0 1 2 2 42137 640
0x00007d762f865280 0x0000000b24d3a280 0 0 1 0 1 2 2 42137 648
0x00007d762f865300 0x0000000b24d3a300 0 1 1 0 1 2 2 42137 640
0x00007d762f865380 0x0000000b24d3a380 0 1 1 0 1 2 2 42137 648
0x00007d762f865400 0x0000000b24d3a400 0 0 0 0 1 2 2 42137 656
0x00007d762f865480 0x0000000b24d3a480 0 0 0 0 1 2 2 42137 664
0x00007d762f865500 0x0000000b24d3a500 0 1 0 0 1 2 2 42137 656
0x00007d762f865580 0x0000000b24d3a580 0 1 0 0 1 2 2 42137 664
0x00007d762f865600 0x0000000b24d3a600 0 0 1 0 1 2 2 42137 656
0x00007d762f865680 0x0000000b24d3a680 0 0 1 0 1 2 2 42137 664
0x00007d762f865700 0x0000000b24d3a700 0 1 1 0 1 2 2 42137 656
0x00007d762f865780 0x0000000b24d3a780 0 1 1 0 1 2 2 42137 664
0x00007d762f865800 0x0000000b24d3a800 0 0 0 0 1 2 2 42137 672
0x00007d762f865880 0x0000000b24d3a880 0 0 0 0 1 2 2 42137 680
0x00007d762f865900 0x0000000b24d3a900 0 1 0 0 1 2 2 42137 672
0x00007d762f865980 0x0000000b24d3a980 0 1 0 0 1 2 2 42137 680
0x00007d762f865a00 0x0000000b24d3aa00 0 0 1 0 1 2 2 42137 672
0x00007d762f865a80 0x0000000b24d3aa80 0 0 1 0 1 2 2 42137 680
0x00007d762f865b00 0x0000000b24d3ab00 0 1 1 0 1 2 2 42137 672
0x00007d762f865b80 0x0000000b24d3ab80 0 1 1 0 1 2 2 42137 680
0x00007d762f865c00 0x0000000b24d3ac00 0 0 0 0 1 2 2 42137 688
0x00007d762f865c80 0x0000000b24d3ac80 0 0 0 0 1 2 2 42137 696
0x00007d762f865d00 0x0000000b24d3ad00 0 1 0 0 1 2 2 42137 688
0x00007d762f865d80 0x0000000b24d3ad80 0 1 0 0 1 2 2 42137 696
0x00007d762f865e00 0x0000000b24d3ae00 0 0 1 0 1 2 2 42137 688
0x00007d762f865e80 0x0000000b24d3ae80 0 0 1 0 1 2 2 42137 696
0x00007d762f865f00 0x0000000b24d3af00 0 1 1 0 1 2 2 42137 688
0x00007d762f865f80 0x0000000b24d3af80 0 1 1 0 1 2 2 42137 696
0x00007d762f86b000 0x0000000204589000 0 0 0 0 1 2 2 4244 64
0x00007d762f86b080 0x0000000204589080 0 0 0 0 1 2 2 4244 72
0x00007d762f86b100 0x0000000204589100 0 1 0 0 1 2 2 4244 64
0x00007d762f86b180 0x0000000204589180 0 1 0 0 1 2 2 4244 72
0x00007d762f86b200 0x0000000204589200 0 0 1 0 1 2 2 4244 64
0x00007d762f86b280 0x0000000204589280 0 0 1 0 1 2 2 4244 72
0x00007d762f86b300 0x0000000204589300 0 1 1 0 1 2 2 4244 64
0x00007d762f86b380 0x0000000204589380 0 1 1 0 1 2 2 4244 72
0x00007d762f86b400 0x0000000204589400 0 0 0 0 1 2 2 4244 80
0x00007d762f86b480 0x0000000204589480 0 0 0 0 1 2 2 4244 88
0x00007d762f86b500 0x0000000204589500 0 1 0 0 1 2 2 4244 80
0x00007d762f86b580 0x0000000204589580 0 1 0 0 1 2 2 4244 88
0x00007d762f86b600 0x0000000204589600 0 0 1 0 1 2 2 4244 80
0x00007d762f86b680 0x0000000204589680 0 0 1 0 1 2 2 4244 88
0x00007d762f86b700 0x0000000204589700 0 1 1 0 1 2 2 4244 80
0x00007d762f86b780 0x0000000204589780 0 1 1 0 1 2 2 4244 88
0x00007d762f86b800 0x0000000204589800 0 0 0 0 1 2 2 4244 96
0x00007d762f86b880 0x0000000204589880 0 0 0 0 1 2 2 4244 104
0x00007d762f86b900 0x0000000204589900 0 1 0 0 1 2 2 4244 96
0x00007d762f86b980 0x0000000204589980 0 1 0 0 1 2 2 4244 104
0x00007d762f86ba00 0x0000000204589a00 0 0 1 0 1 2 2 4244 96
0x00007d762f86ba80 0x0000000204589a80 0 0 1 0 1 2 2 4244 104
0x00007d762f86bb00 0x0000000204589b00 0 1 1 0 1 2 2 4244 96
0x00007d762f86bb80 0x0000000204589b80 0 1 1 0 1 2 2 4244 104
0x00007d762f86bc00 0x0000000204589c00 0 0 0 0 1 2 2 4244 112
0x00007d762f86bc80 0x0000000204589c80 0 0 0 0 1 2 2 4244 120
0x00007d762f86bd00 0x0000000204589d00 0 1 0 0 1 2 2 4244 112
0x00007d762f86bd80 0x0000000204589d80 0 1 0 0 1 2 2 4244 120
0x00007d762f86be00 0x0000000204589e00 0 0 1 0 1 2 2 4244 112
0x00007d762f86be80 0x0000000204589e80 0 0 1 0 1 2 2 4244 120
0x00007d762f86bf00 0x0000000204589f00 0 1 1 0 1 2 2 4244 112
0x00007d762f86bf80 0x0000000204589f80 0 1 1 0 1 2 2 4244 120
0x00007d762f86c000 0x0000000b24d3e000 0 0 0 0 1 2 2 42137 896
0x00007d762f86c080 0x0000000b24d3e080 0 0 0 0 1 2 2 42137 904
0x00007d762f86c100 0x0000000b24d3e100 0 1 0 0 1 2 2 42137 896
0x00007d762f86c180 0x0000000b24d3e180 0 1 0 0 1 2 2 42137 904
0x00007d762f86c200 0x0000000b24d3e200 0 0 1 0 1 2 2 42137 896
0x00007d762f86c280 0x0000000b24d3e280 0 0 1 0 1 2 2 42137 904
0x00007d762f86c300 0x0000000b24d3e300 0 1 1 0 1 2 2 42137 896
0x00007d762f86c380 0x0000000b24d3e380 0 1 1 0 1 2 2 42137 904
0x00007d762f86c400 0x0000000b24d3e400 0 0 0 0 1 2 2 42137 912
0x00007d762f86c480 0x0000000b24d3e480 0 0 0 0 1 2 2 42137 920
0x00007d762f86c500 0x0000000b24d3e500 0 1 0 0 1 2 2 42137 912
0x00007d762f86c580 0x0000000b24d3e580 0 1 0 0 1 2 2 42137 920
0x00007d762f86c600 0x0000000b24d3e600 0 0 1 0 1 2 2 42137 912
0x00007d762f86c680 0x0000000b24d3e680 0 0 1 0 1 2 2 42137 920
0x00007d762f86c700 0x0000000b24d3e700 0 1 1 0 1 2 2 42137 912
0x00007d762f86c780 0x0000000b24d3e780 0 1 1 0 1 2 2 42137 920
0x00007d762f86c800 0x0000000b24d3e800 0 0 0 0 1 2 2 42137 928
0x00007d762f86c880 0x0000000b24d3e880 0 0 0 0 1 2 2 42137 936
0x00007d762f86c900 0x0000000b24d3e900 0 1 0 0 1 2 2 42137 928
0x00007d762f86c980 0x0000000b24d3e980 0 1 0 0 1 2 2 42137 936
0x00007d762f86ca00 0x0000000b24d3ea00 0 0 1 0 1 2 2 42137 928
0x00007d762f86ca80 0x0000000b24d3ea80 0 0 1 0 1 2 2 42137 936
0x00007d762f86cb00 0x0000000b24d3eb00 0 1 1 0 1 2 2 42137 928
0x00007d762f86cb80 0x0000000b24d3eb80 0 1 1 0 1 2 2 42137 936
0x00007d762f86cc00 0x0000000b24d3ec00 0 0 0 0 1 2 2 42137 944
0x00007d762f86cc80 0x0000000b24d3ec80 0 0 0 0 1 2 2 42137 952
0x00007d762f86cd00 0x0000000b24d3ed00 0 1 0 0 1 2 2 42137 944
0x00007d762f86cd80 0x0000000b24d3ed80 0 1 0 0 1 2 2 42137 952
0x00007d762f86ce00 0x0000000b24d3ee00 0 0 1 0 1 2 2 42137 944
0x00007d762f86ce80 0x0000000b24d3ee80 0 0 1 0 1 2 2 42137 952
0x00007d762f86cf00 0x0000000b24d3ef00 0 1 1 0 1 2 2 42137 944
0x00007d762f86cf80 0x0000000b24d3ef80 0 1 1 0 1 2 2 42137 952
0x00007d762f874000 0x0000000b24d33000 0 0 0 0 0 2 2 42137 704
0x00007d762f874080 0x0000000b24d33080 0 0 0 0 0 2 2 42137 712
0x00007d762f874100 0x0000000b24d33100 0 1 0 0 0 2 2 42137 704
0x00007d762f874180 0x0000000b24d33180 0 1 0 0 0 2 2 42137 712
0x00007d762f874200 0x0000000b24d33200 0 0 1 0 0 2 2 42137 704
0x00007d762f874280 0x0000000b24d33280 0 0 1 0 0 2 2 42137 712
0x00007d762f874300 0x0000000b24d33300 0 1 1 0 0 2 2 42137 704
0x00007d762f874380 0x0000000b24d33380 0 1 1 0 0 2 2 42137 712
0x00007d762f874400 0x0000000b24d33400 0 0 0 0 0 2 2 42137 720
0x00007d762f874480 0x0000000b24d33480 0 0 0 0 0 2 2 42137 728
0x00007d762f874500 0x0000000b24d33500 0 1 0 0 0 2 2 42137 720
0x00007d762f874580 0x0000000b24d33580 0 1 0 0 0 2 2 42137 728
0x00007d762f874600 0x0000000b24d33600 0 0 1 0 0 2 2 42137 720
0x00007d762f874680 0x0000000b24d33680 0 0 1 0 0 2 2 42137 728
0x00007d762f874700 0x0000000b24d33700 0 1 1 0 0 2 2 42137 720
0x00007d762f874780 0x0000000b24d33780 0 1 1 0 0 2 2 42137 728
0x00007d762f874800 0x0000000b24d33800 0 0 0 0 0 2 2 42137 736
0x00007d762f874880 0x0000000b24d33880 0 0 0 0 0 2 2 42137 744
0x00007d762f874900 0x0000000b24d33900 0 1 0 0 0 2 2 42137 736
0x00007d762f874980 0x0000000b24d33980 0 1 0 0 0 2 2 42137 744
0x00007d762f874a00 0x0000000b24d33a00 0 0 1 0 0 2 2 42137 736
0x00007d762f874a80 0x0000000b24d33a80 0 0 1 0 0 2 2 42137 744
0x00007d762f874b00 0x0000000b24d33b00 0 1 1 0 0 2 2 42137 736
0x00007d762f874b80 0x0000000b24d33b80 0 1 1 0 0 2 2 42137 744
0x00007d762f874c00 0x0000000b24d33c00 0 0 0 0 0 2 2 42137 752
0x00007d762f874c80 0x0000000b24d33c80 0 0 0 0 0 2 2 42137 760
0x00007d762f874d00 0x0000000b24d33d00 0 1 0 0 0 2 2 42137 752
0x00007d762f874d80 0x0000000b24d33d80 0 1 0 0 0 2 2 42137 760
0x00007d762f874e00 0x0000000b24d33e00 0 0 1 0 0 2 2 42137 752
0x00007d762f874e80 0x0000000b24d33e80 0 0 1 0 0 2 2 42137 760
0x00007d762f874f00 0x0000000b24d33f00 0 1 1 0 0 2 2 42137 752
0x00007d762f874f80 0x0000000b24d33f80 0 1 1 0 0 2 2 42137 760
0x00007d762f87a000 0x0000000b24d38000 0 0 0 0 1 2 2 42137 512
0x00007d762f87a080 0x0000000b24d38080 0 0 0 0 1 2 2 42137 520
0x00007d762f87a100 0x0000000b24d38100 0 1 0 0 1 2 2 42137 512
0x00007d762f87a180 0x0000000b24d38180 0 1 0 0 1 2 2 42137 520
0x00007d762f87a200 0x0000000b24d38200 0 0 1 0 1 2 2 42137 512
0x00007d762f87a280 0x0000000b24d38280 0 0 1 0 1 2 2 42137 520
0x00007d762f87a300 0x0000000b24d38300 0 1 1 0 1 2 2 42137 512
0x00007d762f87a380 0x0000000b24d38380 0 1 1 0 1 2 2 42137 520
0x00007d762f87a400 0x0000000b24d38400 0 0 0 0 1 2 2 42137 528
0x00007d762f87a480 0x0000000b24d38480 0 0 0 0 1 2 2 42137 536
0x00007d762f87a500 0x0000000b24d38500 0 1 0 0 1 2 2 42137 528
0x00007d762f87a580 0x0000000b24d38580 0 1 0 0 1 2 2 42137 536
0x00007d762f87a600 0x0000000b24d38600 0 0 1 0 1 2 2 42137 528
0x00007d762f87a680 0x0000000b24d38680 0 0 1 0 1 2 2 42137 536
0x00007d762f87a700 0x0000000b24d38700 0 1 1 0 1 2 2 42137 528
0x00007d762f87a780 0x0000000b24d38780 0 1 1 0 1 2 2 42137 536
0x00007d762f87a800 0x0000000b24d38800 0 0 0 0 1 2 2 42137 544
0x00007d762f87a880 0x0000000b24d38880 0 0 0 0 1 2 2 42137 552
0x00007d762f87a900 0x0000000b24d38900 0 1 0 0 1 2 2 42137 544
0x00007d762f87a980 0x0000000b24d38980 0 1 0 0 1 2 2 42137 552
0x00007d762f87aa00 0x0000000b24d38a00 0 0 1 0 1 2 2 42137 544
0x00007d762f87aa80 0x0000000b24d38a80 0 0 1 0 1 2 2 42137 552
0x00007d762f87ab00 0x0000000b24d38b00 0 1 1 0 1 2 2 42137 544
0x00007d762f87ab80 0x0000000b24d38b80 0 1 1 0 1 2 2 42137 552
0x00007d762f87ac00 0x0000000b24d38c00 0 0 0 0 1 2 2 42137 560
0x00007d762f87ac80 0x0000000b24d38c80 0 0 0 0 1 2 2 42137 568
0x00007d762f87ad00 0x0000000b24d38d00 0 1 0 0 1 2 2 42137 560
0x00007d762f87ad80 0x0000000b24d38d80 0 1 0 0 1 2 2 42137 568
0x00007d762f87ae00 0x0000000b24d38e00 0 0 1 0 1 2 2 42137 560
0x00007d762f87ae80 0x0000000b24d38e80 0 0 1 0 1 2 2 42137 568
0x00007d762f87af00 0x0000000b24d38f00 0 1 1 0 1 2 2 42137 560
0x00007d762f87af80 0x0000000b24d38f80 0 1 1 0 1 2 2 42137 568
0x00007d762f889000 0x00000005a6d06000 0 0 0 0 0 2 2 21704 384
0x00007d762f889080 0x00000005a6d06080 0 0 0 0 0 2 2 21704 392
0x00007d762f889100 0x00000005a6d06100 0 1 0 0 0 2 2 21704 384
0x00007d762f889180 0x00000005a6d06180 0 1 0 0 0 2 2 21704 392
0x00007d762f889200 0x00000005a6d06200 0 0 1 0 0 2 2 21704 384
0x00007d762f889280 0x00000005a6d06280 0 0 1 0 0 2 2 21704 392
0x00007d762f889300 0x00000005a6d06300 0 1 1 0 0 2 2 21704 384
0x00007d762f889380 0x00000005a6d06380 0 1 1 0 0 2 2 21704 392
0x00007d762f889400 0x00000005a6d06400 0 0 0 0 0 2 2 21704 400
0x00007d762f889480 0x00000005a6d06480 0 0 0 0 0 2 2 21704 408
0x00007d762f889500 0x00000005a6d06500 0 1 0 0 0 2 2 21704 400
0x00007d762f889580 0x00000005a6d06580 0 1 0 0 0 2 2 21704 408
0x00007d762f889600 0x00000005a6d06600 0 0 1 0 0 2 2 21704 400
0x00007d762f889680 0x00000005a6d06680 0 0 1 0 0 2 2 21704 408
0x00007d762f889700 0x00000005a6d06700 0 1 1 0 0 2 2 21704 400
0x00007d762f889780 0x00000005a6d06780 0 1 1 0 0 2 2 21704 408
0x00007d762f889800 0x00000005a6d06800 0 0 0 0 0 2 2 21704 416
0x00007d762f889880 0x00000005a6d06880 0 0 0 0 0 2 2 21704 424
0x00007d762f889900 0x00000005a6d06900 0 1 0 0 0 2 2 21704 416
0x00007d762f889980 0x00000005a6d06980 0 1 0 0 0 2 2 21704 424
0x00007d762f889a00 0x00000005a6d06a00 0 0 1 0 0 2 2 21704 416
0x00007d762f889a80 0x00000005a6d06a80 0 0 1 0 0 2 2 21704 424
0x00007d762f889b00 0x00000005a6d06b00 0 1 1 0 0 2 2 21704 416
0x00007d762f889b80 0x00000005a6d06b80 0 1 1 0 0 2 2 21704 424
0x00007d762f889c00 0x00000005a6d06c00 0 0 0 0 0 2 2 21704 432
0x00007d762f889c80 0x00000005a6d06c80 0 0 0 0 0 2 2 21704 440
0x00007d762f889d00 0x00000005a6d06d00 0 1 0 0 0 2 2 21704 432
0x00007d762f889d80 0x00000005a6d06d80 0 1 0 0 0 2 2 21704 440
0x00007d762f889e00 0x00000005a6d06e00 0 0 1 0 0 2 2 21704 432
0x00007d762f889e80 0x00000005a6d06e80 0 0 1 0 0 2 2 21704 440
0x00007d762f889f00 0x00000005a6d06f00 0 1 1 0 0 2 2 21704 432
0x00007d762f889f80 0x00000005a6d06f80 0 1 1 0 0 2 2 21704 440
0x00007d762f88c000 0x0000000b8c54b000 0 0 0 0 1 2 2 45442 192
0x00007d762f88c080 0x0000000b8c54b080 0 0 0 0 1 2 2 45442 200
0x00007d762f88c100 0x0000000b8c54b100 0 1 0 0 1 2 2 45442 192
0x00007d762f88c180 0x0000000b8c54b180 0 1 0 0 1 2 2 45442 200
0x00007d762f88c200 0x0000000b8c54b200 0 0 1 0 1 2 2 45442 192
0x00007d762f88c280 0x0000000b8c54b280 0 0 1 0 1 2 2 45442 200
0x00007d762f88c300 0x0000000b8c54b300 0 1 1 0 1 2 2 45442 192
0x00007d762f88c380 0x0000000b8c54b380 0 1 1 0 1 2 2 45442 200
0x00007d762f88c400 0x0000000b8c54b400 0 0 0 0 1 2 2 45442 208
0x00007d762f88c480 0x0000000b8c54b480 0 0 0 0 1 2 2 45442 216
0x00007d762f88c500 0x0000000b8c54b500 0 1 0 0 1 2 2 45442 208
0x00007d762f88c580 0x0000000b8c54b580 0 1 0 0 1 2 2 45442 216
0x00007d762f88c600 0x0000000b8c54b600 0 0 1 0 1 2 2 45442 208
0x00007d762f88c680 0x0000000b8c54b680 0 0 1 0 1 2 2 45442 216
0x00007d762f88c700 0x0000000b8c54b700 0 1 1 0 1 2 2 45442 208
0x00007d762f88c780 0x0000000b8c54b780 0 1 1 0 1 2 2 45442 216
0x00007d762f88c800 0x0000000b8c54b800 0 0 0 0 1 2 2 45442 224
0x00007d762f88c880 0x0000000b8c54b880 0 0 0 0 1 2 2 45442 232
0x00007d762f88c900 0x0000000b8c54b900 0 1 0 0 1 2 2 45442 224
0x00007d762f88c980 0x0000000b8c54b980 0 1 0 0 1 2 2 45442 232
0x00007d762f88ca00 0x0000000b8c54ba00 0 0 1 0 1 2 2 45442 224
0x00007d762f88ca80 0x0000000b8c54ba80 0 0 1 0 1 2 2 45442 232
0x00007d762f88cb00 0x0000000b8c54bb00 0 1 1 0 1 2 2 45442 224
0x00007d762f88cb80 0x0000000b8c54bb80 0 1 1 0 1 2 2 45442 232
0x00007d762f88cc00 0x0000000b8c54bc00 0 0 0 0 1 2 2 45442 240
0x00007d762f88cc80 0x0000000b8c54bc80 0 0 0 0 1 2 2 45442 248
0x00007d762f88cd00 0x0000000b8c54bd00 0 1 0 0 1 2 2 45442 240
0x00007d762f88cd80 0x0000000b8c54bd80 0 1 0 0 1 2 2 45442 248
0x00007d762f88ce00 0x0000000b8c54be00 0 0 1 0 1 2 2 45442 240
0x00007d762f88ce80 0x0000000b8c54be80 0 0 1 0 1 2 2 45442 248
0x00007d762f88cf00 0x0000000b8c54bf00 0 1 1 0 1 2 2 45442 240
0x00007d762f88cf80 0x0000000b8c54bf80 0 1 1 0 1 2 2 45442 248
0x00007d762f88f000 0x0000000990539000 0 0 0 0 1 2 2 37377 576
0x00007d762f88f080 0x0000000990539080 0 0 0 0 1 2 2 37377 584
0x00007d762f88f100 0x0000000990539100 0 1 0 0 1 2 2 37377 576
0x00007d762f88f180 0x0000000990539180 0 1 0 0 1 2 2 37377 584
0x00007d762f88f200 0x0000000990539200 0 0 1 0 1 2 2 37377 576
0x00007d762f88f280 0x0000000990539280 0 0 1 0 1 2 2 37377 584
0x00007d762f88f300 0x0000000990539300 0 1 1 0 1 2 2 37377 576
0x00007d762f88f380 0x0000000990539380 0 1 1 0 1 2 2 37377 584
0x00007d762f88f400 0x0000000990539400 0 0 0 0 1 2 2 37377 592
0x00007d762f88f480 0x0000000990539480 0 0 0 0 1 2 2 37377 600
0x00007d762f88f500 0x0000000990539500 0 1 0 0 1 2 2 37377 592
0x00007d762f88f580 0x0000000990539580 0 1 0 0 1 2 2 37377 600
0x00007d762f88f600 0x0000000990539600 0 0 1 0 1 2 2 37377 592
0x00007d762f88f680 0x0000000990539680 0 0 1 0 1 2 2 37377 600
0x00007d762f88f700 0x0000000990539700 0 1 1 0 1 2 2 37377 592
0x00007d762f88f780 0x0000000990539780 0 1 1 0 1 2 2 37377 600
0x00007d762f88f800 0x0000000990539800 0 0 0 0 1 2 2 37377 608
0x00007d762f88f880 0x0000000990539880 0 0 0 0 1 2 2 37377 616
0x00007d762f88f900 0x0000000990539900 0 1 0 0 1 2 2 37377 608
0x00007d762f88f980 0x0000000990539980 0 1 0 0 1 2 2 37377 616
0x00007d762f88fa00 0x0000000990539a00 0 0 1 0 1 2 2 37377 608
0x00007d762f88fa80 0x0000000990539a80 0 0 1 0 1 2 2 37377 616
0x00007d762f88fb00 0x0000000990539b00 0 1 1 0 1 2 2 37377 608
0x00007d762f88fb80 0x0000000990539b80 0 1 1 0 1 2 2 37377 616
0x00007d762f88fc00 0x0000000990539c00 0 0 0 0 1 2 2 37377 624
0x00007d762f88fc80 0x0000000990539c80 0 0 0 0 1 2 2 37377 632
0x00007d762f88fd00 0x0000000990539d00 0 1 0 0 1 2 2 37377 624
0x00007d762f88fd80 0x0000000990539d80 0 1 0 0 1 2 2 37377 632
0x00007d762f88fe00 0x0000000990539e00 0 0 1 0 1 2 2 37377 624
0x00007d762f88fe80 0x0000000990539e80 0 0 1 0 1 2 2 37377 632
0x00007d762f88ff00 0x0000000990539f00 0 1 1 0 1 2 2 37377 624
0x00007d762f88ff80 0x0000000990539f80 0 1 1 0 1 2 2 37377 632
0x00007d762f895000 0x0000000e815da000 0 0 0 0 1 2 2 57382 640
0x00007d762f895080 0x0000000e815da080 0 0 0 0 1 2 2 57382 648
0x00007d762f895100 0x0000000e815da100 0 1 0 0 1 2 2 57382 640
0x00007d762f895180 0x0000000e815da180 0 1 0 0 1 2 2 57382 648
0x00007d762f895200 0x0000000e815da200 0 0 1 0 1 2 2 57382 640
0x00007d762f895280 0x0000000e815da280 0 0 1 0 1 2 2 57382 648
0x00007d762f895300 0x0000000e815da300 0 1 1 0 1 2 2 57382 640
0x00007d762f895380 0x0000000e815da380 0 1 1 0 1 2 2 57382 648
0x00007d762f895400 0x0000000e815da400 0 0 0 0 1 2 2 57382 656
0x00007d762f895480 0x0000000e815da480 0 0 0 0 1 2 2 57382 664
0x00007d762f895500 0x0000000e815da500 0 1 0 0 1 2 2 57382 656
0x00007d762f895580 0x0000000e815da580 0 1 0 0 1 2 2 57382 664
0x00007d762f895600 0x0000000e815da600 0 0 1 0 1 2 2 57382 656
0x00007d762f895680 0x0000000e815da680 0 0 1 0 1 2 2 57382 664
0x00007d762f895700 0x0000000e815da700 0 1 1 0 1 2 2 57382 656
0x00007d762f895780 0x0000000e815da780 0 1 1 0 1 2 2 57382 664
0x00007d762f895800 0x0000000e815da800 0 0 0 0 1 2 2 57382 672
0x00007d762f895880 0x0000000e815da880 0 0 0 0 1 2 2 57382 680
0x00007d762f895900 0x0000000e815da900 0 1 0 0 1 2 2 57382 672
0x00007d762f895980 0x0000000e815da980 0 1 0 0 1 2 2 57382 680
0x00007d762f895a00 0x0000000e815daa00 0 0 1 0 1 2 2 57382 672
0x00007d762f895a80 0x0000000e815daa80 0 0 1 0 1 2 2 57382 680
0x00007d762f895b00 0x0000000e815dab00 0 1 1 0 1 2 2 57382 672
0x00007d762f895b80 0x0000000e815dab80 0 1 1 0 1 2 2 57382 680
0x00007d762f895c00 0x0000000e815dac00 0 0 0 0 1 2 2 57382 688
0x00007d762f895c80 0x0000000e815dac80 0 0 0 0 1 2 2 57382 696
0x00007d762f895d00 0x0000000e815dad00 0 1 0 0 1 2 2 57382 688
0x00007d762f895d80 0x0000000e815dad80 0 1 0 0 1 2 2 57382 696
0x00007d762f895e00 0x0000000e815dae00 0 0 1 0 1 2 2 57382 688
0x00007d762f895e80 0x0000000e815dae80 0 0 1 0 1 2 2 57382 696
0x00007d762f895f00 0x0000000e815daf00 0 1 1 0 1 2 2 57382 688
0x00007d762f895f80 0x0000000e815daf80 0 1 1 0 1 2 2 57382 696
0x00007d762f8a0000 0x00000005a6d04000 0 0 0 0 0 2 2 21704 256
0x00007d762f8a0080 0x00000005a6d04080 0 0 0 0 0 2 2 21704 264
0x00007d762f8a0100 0x00000005a6d04100 0 1 0 0 0 2 2 21704 256
0x00007d762f8a0180 0x00000005a6d04180 0 1 0 0 0 2 2 21704 264
0x00007d762f8a0200 0x00000005a6d04200 0 0 1 0 0 2 2 21704 256
0x00007d762f8a0280 0x00000005a6d04280 0 0 1 0 0 2 2 21704 264
0x00007d762f8a0300 0x00000005a6d04300 0 1 1 0 0 2 2 21704 256
0x00007d762f8a0380 0x00000005a6d04380 0 1 1 0 0 2 2 21704 264
0x00007d762f8a0400 0x00000005a6d04400 0 0 0 0 0 2 2 21704 272
0x00007d762f8a0480 0x00000005a6d04480 0 0 0 0 0 2 2 21704 280
0x00007d762f8a0500 0x00000005a6d04500 0 1 0 0 0 2 2 21704 272
0x00007d762f8a0580 0x00000005a6d04580 0 1 0 0 0 2 2 21704 280
0x00007d762f8a0600 0x00000005a6d04600 0 0 1 0 0 2 2 21704 272
0x00007d762f8a0680 0x00000005a6d04680 0 0 1 0 0 2 2 21704 280
0x00007d762f8a0700 0x00000005a6d04700 0 1 1 0 0 2 2 21704 272
0x00007d762f8a0780 0x00000005a6d04780 0 1 1 0 0 2 2 21704 280
0x00007d762f8a0800 0x00000005a6d04800 0 0 0 0 0 2 2 21704 288
0x00007d762f8a0880 0x00000005a6d04880 0 0 0 0 0 2 2 21704 296
0x00007d762f8a0900 0x00000005a6d04900 0 1 0 0 0 2 2 21704 288
0x00007d762f8a0980 0x00000005a6d04980 0 1 0 0 0 2 2 21704 296
0x00007d762f8a0a00 0x00000005a6d04a00 0 0 1 0 0 2 2 21704 288
0x00007d762f8a0a80 0x00000005a6d04a80 0 0 1 0 0 2 2 21704 296
0x00007d762f8a0b00 0x00000005a6d04b00 0 1 1 0 0 2 2 21704 288
0x00007d762f8a0b80 0x00000005a6d04b80 0 1 1 0 0 2 2 21704 296
0x00007d762f8a0c00 0x00000005a6d04c00 0 0 0 0 0 2 2 21704 304
0x00007d762f8a0c80 0x00000005a6d04c80 0 0 0 0 0 2 2 21704 312
0x00007d762f8a0d00 0x00000005a6d04d00 0 1 0 0 0 2 2 21704 304
0x00007d762f8a0d80 0x00000005a6d04d80 0 1 0 0 0 2 2 21704 312
0x00007d762f8a0e00 0x00000005a6d04e00 0 0 1 0 0 2 2 21704 304
0x00007d762f8a0e80 0x00000005a6d04e80 0 0 1 0 0 2 2 21704 312
0x00007d762f8a0f00 0x00000005a6d04f00 0 1 1 0 0 2 2 21704 304
0x00007d762f8a0f80 0x00000005a6d04f80 0 1 1 0 0 2 2 21704 312
0x00007d762f8a2000 0x0000000990538000 0 0 0 0 1 2 2 37377 512
0x00007d762f8a2080 0x0000000990538080 0 0 0 0 1 2 2 37377 520
0x00007d762f8a2100 0x0000000990538100 0 1 0 0 1 2 2 37377 512
0x00007d762f8a2180 0x0000000990538180 0 1 0 0 1 2 2 37377 520
0x00007d762f8a2200 0x0000000990538200 0 0 1 0 1 2 2 37377 512
0x00007d762f8a2280 0x0000000990538280 0 0 1 0 1 2 2 37377 520
0x00007d762f8a2300 0x0000000990538300 0 1 1 0 1 2 2 37377 512
0x00007d762f8a2380 0x0000000990538380 0 1 1 0 1 2 2 37377 520
0x00007d762f8a2400 0x0000000990538400 0 0 0 0 1 2 2 37377 528
0x00007d762f8a2480 0x0000000990538480 0 0 0 0 1 2 2 37377 536
0x00007d762f8a2500 0x0000000990538500 0 1 0 0 1 2 2 37377 528
0x00007d762f8a2580 0x0000000990538580 0 1 0 0 1 2 2 37377 536
0x00007d762f8a2600 0x0000000990538600 0 0 1 0 1 2 2 37377 528
0x00007d762f8a2680 0x0000000990538680 0 0 1 0 1 2 2 37377 536
0x00007d762f8a2700 0x0000000990538700 0 1 1 0 1 2 2 37377 528
0x00007d762f8a2780 0x0000000990538780 0 1 1 0 1 2 2 37377 536
0x00007d762f8a2800 0x0000000990538800 0 0 0 0 1 2 2 37377 544
0x00007d762f8a2880 0x0000000990538880 0 0 0 0 1 2 2 37377 552
0x00007d762f8a2900 0x0000000990538900 0 1 0 0 1 2 2 37377 544
0x00007d762f8a2980 0x0000000990538980 0 1 0 0 1 2 2 37377 552
0x00007d762f8a2a00 0x0000000990538a00 0 0 1 0 1 2 2 37377 544
0x00007d762f8a2a80 0x0000000990538a80 0 0 1 0 1 2 2 37377 552
0x00007d762f8a2b00 0x0000000990538b00 0 1 1 0 1 2 2 37377 544
0x00007d762f8a2b80 0x0000000990538b80 0 1 1 0 1 2 2 37377 552
0x00007d762f8a2c00 0x0000000990538c00 0 0 0 0 1 2 2 37377 560
0x00007d762f8a2c80 0x0000000990538c80 0 0 0 0 1 2 2 37377 568
0x00007d762f8a2d00 0x0000000990538d00 0 1 0 0 1 2 2 37377 560
0x00007d762f8a2d80 0x0000000990538d80 0 1 0 0 1 2 2 37377 568
0x00007d762f8a2e00 0x0000000990538e00 0 0 1 0 1 2 2 37377 560
0x00007d762f8a2e80 0x0000000990538e80 0 0 1 0 1 2 2 37377 568
0x00007d762f8a2f00 0x0000000990538f00 0 1 1 0 1 2 2 37377 560
0x00007d762f8a2f80 0x0000000990538f80 0 1 1 0 1 2 2 37377 568
0x00007d762f8a5000 0x0000000269d15000 0 0 0 0 0 2 2 7480 832
0x00007d762f8a5080 0x0000000269d15080 0 0 0 0 0 2 2 7480 840
0x00007d762f8a5100 0x0000000269d15100 0 1 0 0 0 2 2 7480 832
0x00007d762f8a5180 0x0000000269d15180 0 1 0 0 0 2 2 7480 840
0x00007d762f8a5200 0x0000000269d15200 0 0 1 0 0 2 2 7480 832
0x00007d762f8a5280 0x0000000269d15280 0 0 1 0 0 2 2 7480 840
0x00007d762f8a5300 0x0000000269d15300 0 1 1 0 0 2 2 7480 832
0x00007d762f8a5380 0x0000000269d15380 0 1 1 0 0 2 2 7480 840
0x00007d762f8a5400 0x0000000269d15400 0 0 0 0 0 2 2 7480 848
0x00007d762f8a5480 0x0000000269d15480 0 0 0 0 0 2 2 7480 856
0x00007d762f8a5500 0x0000000269d15500 0 1 0 0 0 2 2 7480 848
0x00007d762f8a5580 0x0000000269d15580 0 1 0 0 0 2 2 7480 856
0x00007d762f8a5600 0x0000000269d15600 0 0 1 0 0 2 2 7480 848
0x00007d762f8a5680 0x0000000269d15680 0 0 1 0 0 2 2 7480 856
0x00007d762f8a5700 0x0000000269d15700 0 1 1 0 0 2 2 7480 848
0x00007d762f8a5780 0x0000000269d15780 0 1 1 0 0 2 2 7480 856
0x00007d762f8a5800 0x0000000269d15800 0 0 0 0 0 2 2 7480 864
0x00007d762f8a5880 0x0000000269d15880 0 0 0 0 0 2 2 7480 872
0x00007d762f8a5900 0x0000000269d15900 0 1 0 0 0 2 2 7480 864
0x00007d762f8a5980 0x0000000269d15980 0 1 0 0 0 2 2 7480 872
0x00007d762f8a5a00 0x0000000269d15a00 0 0 1 0 0 2 2 7480 864
0x00007d762f8a5a80 0x0000000269d15a80 0 0 1 0 0 2 2 7480 872
0x00007d762f8a5b00 0x0000000269d15b00 0 1 1 0 0 2 2 7480 864
0x00007d762f8a5b80 0x0000000269d15b80 0 1 1 0 0 2 2 7480 872
0x00007d762f8a5c00 0x0000000269d15c00 0 0 0 0 0 2 2 7480 880
0x00007d762f8a5c80 0x0000000269d15c80 0 0 0 0 0 2 2 7480 888
0x00007d762f8a5d00 0x0000000269d15d00 0 1 0 0 0 2 2 7480 880
0x00007d762f8a5d80 0x0000000269d15d80 0 1 0 0 0 2 2 7480 888
0x00007d762f8a5e00 0x0000000269d15e00 0 0 1 0 0 2 2 7480 880
0x00007d762f8a5e80 0x0000000269d15e80 0 0 1 0 0 2 2 7480 888
0x00007d762f8a5f00 0x0000000269d15f00 0 1 1 0 0 2 2 7480 880
0x00007d762f8a5f80 0x0000000269d15f80 0 1 1 0 0 2 2 7480 888
0x00007d762f8ac000 0x0000000c295fc000 0 0 0 0 1 2 2 46391 768
0x00007d762f8ac080 0x0000000c295fc080 0 0 0 0 1 2 2 46391 776
0x00007d762f8ac100 0x0000000c295fc100 0 1 0 0 1 2 2 46391 768
0x00007d762f8ac180 0x0000000c295fc180 0 1 0 0 1 2 2 46391 776
0x00007d762f8ac200 0x0000000c295fc200 0 0 1 0 1 2 2 46391 768
0x00007d762f8ac280 0x0000000c295fc280 0 0 1 0 1 2 2 46391 776
0x00007d762f8ac300 0x0000000c295fc300 0 1 1 0 1 2 2 46391 768
0x00007d762f8ac380 0x0000000c295fc380 0 1 1 0 1 2 2 46391 776
0x00007d762f8ac400 0x0000000c295fc400 0 0 0 0 1 2 2 46391 784
0x00007d762f8ac480 0x0000000c295fc480 0 0 0 0 1 2 2 46391 792
0x00007d762f8ac500 0x0000000c295fc500 0 1 0 0 1 2 2 46391 784
0x00007d762f8ac580 0x0000000c295fc580 0 1 0 0 1 2 2 46391 792
0x00007d762f8ac600 0x0000000c295fc600 0 0 1 0 1 2 2 46391 784
0x00007d762f8ac680 0x0000000c295fc680 0 0 1 0 1 2 2 46391 792
0x00007d762f8ac700 0x0000000c295fc700 0 1 1 0 1 2 2 46391 784
0x00007d762f8ac780 0x0000000c295fc780 0 1 1 0 1 2 2 46391 792
0x00007d762f8ac800 0x0000000c295fc800 0 0 0 0 1 2 2 46391 800
0x00007d762f8ac880 0x0000000c295fc880 0 0 0 0 1 2 2 46391 808
0x00007d762f8ac900 0x0000000c295fc900 0 1 0 0 1 2 2 46391 800
0x00007d762f8ac980 0x0000000c295fc980 0 1 0 0 1 2 2 46391 808
0x00007d762f8aca00 0x0000000c295fca00 0 0 1 0 1 2 2 46391 800
0x00007d762f8aca80 0x0000000c295fca80 0 0 1 0 1 2 2 46391 808
0x00007d762f8acb00 0x0000000c295fcb00 0 1 1 0 1 2 2 46391 800
0x00007d762f8acb80 0x0000000c295fcb80 0 1 1 0 1 2 2 46391 808
0x00007d762f8acc00 0x0000000c295fcc00 0 0 0 0 1 2 2 46391 816
0x00007d762f8acc80 0x0000000c295fcc80 0 0 0 0 1 2 2 46391 824
0x00007d762f8acd00 0x0000000c295fcd00 0 1 0 0 1 2 2 46391 816
0x00007d762f8acd80 0x0000000c295fcd80 0 1 0 0 1 2 2 46391 824
0x00007d762f8ace00 0x0000000c295fce00 0 0 1 0 1 2 2 46391 816
0x00007d762f8ace80 0x0000000c295fce80 0 0 1 0 1 2 2 46391 824
0x00007d762f8acf00 0x0000000c295fcf00 0 1 1 0 1 2 2 46391 816
0x00007d762f8acf80 0x0000000c295fcf80 0 1 1 0 1 2 2 46391 824
0x00007d762f8af000 0x00000005a6d05000 0 0 0 0 0 2 2 21704 320
0x00007d762f8af080 0x00000005a6d05080 0 0 0 0 0 2 2 21704 328
0x00007d762f8af100 0x00000005a6d05100 0 1 0 0 0 2 2 21704 320
0x00007d762f8af180 0x00000005a6d05180 0 1 0 0 0 2 2 21704 328
0x00007d762f8af200 0x00000005a6d05200 0 0 1 0 0 2 2 21704 320
0x00007d762f8af280 0x00000005a6d05280 0 0 1 0 0 2 2 21704 328
0x00007d762f8af300 0x00000005a6d05300 0 1 1 0 0 2 2 21704 320
0x00007d762f8af380 0x00000005a6d05380 0 1 1 0 0 2 2 21704 328
0x00007d762f8af400 0x00000005a6d05400 0 0 0 0 0 2 2 21704 336
0x00007d762f8af480 0x00000005a6d05480 0 0 0 0 0 2 2 21704 344
0x00007d762f8af500 0x00000005a6d05500 0 1 0 0 0 2 2 21704 336
0x00007d762f8af580 0x00000005a6d05580 0 1 0 0 0 2 2 21704 344
0x00007d762f8af600 0x00000005a6d05600 0 0 1 0 0 2 2 21704 336
0x00007d762f8af680 0x00000005a6d05680 0 0 1 0 0 2 2 21704 344
0x00007d762f8af700 0x00000005a6d05700 0 1 1 0 0 2 2 21704 336
0x00007d762f8af780 0x00000005a6d05780 0 1 1 0 0 2 2 21704 344
0x00007d762f8af800 0x00000005a6d05800 0 0 0 0 0 2 2 21704 352
0x00007d762f8af880 0x00000005a6d05880 0 0 0 0 0 2 2 21704 360
0x00007d762f8af900 0x00000005a6d05900 0 1 0 0 0 2 2 21704 352
0x00007d762f8af980 0x00000005a6d05980 0 1 0 0 0 2 2 21704 360
0x00007d762f8afa00 0x00000005a6d05a00 0 0 1 0 0 2 2 21704 352
0x00007d762f8afa80 0x00000005a6d05a80 0 0 1 0 0 2 2 21704 360
0x00007d762f8afb00 0x00000005a6d05b00 0 1 1 0 0 2 2 21704 352
0x00007d762f8afb80 0x00000005a6d05b80 0 1 1 0 0 2 2 21704 360
0x00007d762f8afc00 0x00000005a6d05c00 0 0 0 0 0 2 2 21704 368
0x00007d762f8afc80 0x00000005a6d05c80 0 0 0 0 0 2 2 21704 376
0x00007d762f8afd00 0x00000005a6d05d00 0 1 0 0 0 2 2 21704 368
0x00007d762f8afd80 0x00000005a6d05d80 0 1 0 0 0 2 2 21704 376
0x00007d762f8afe00 0x00000005a6d05e00 0 0 1 0 0 2 2 21704 368
0x00007d762f8afe80 0x00000005a6d05e80 0 0 1 0 0 2 2 21704 376
0x00007d762f8aff00 0x00000005a6d05f00 0 1 1 0 0 2 2 21704 368
0x00007d762f8aff80 0x00000005a6d05f80 0 1 1 0 0 2 2 21704 376
0x00007d762f8b0000 0x0000000990534000 0 0 0 0 0 2 2 37377 768
0x00007d762f8b0080 0x0000000990534080 0 0 0 0 0 2 2 37377 776
0x00007d762f8b0100 0x0000000990534100 0 1 0 0 0 2 2 37377 768
0x00007d762f8b0180 0x0000000990534180 0 1 0 0 0 2 2 37377 776
0x00007d762f8b0200 0x0000000990534200 0 0 1 0 0 2 2 37377 768
0x00007d762f8b0280 0x0000000990534280 0 0 1 0 0 2 2 37377 776
0x00007d762f8b0300 0x0000000990534300 0 1 1 0 0 2 2 37377 768
0x00007d762f8b0380 0x0000000990534380 0 1 1 0 0 2 2 37377 776
0x00007d762f8b0400 0x0000000990534400 0 0 0 0 0 2 2 37377 784
0x00007d762f8b0480 0x0000000990534480 0 0 0 0 0 2 2 37377 792
0x00007d762f8b0500 0x0000000990534500 0 1 0 0 0 2 2 37377 784
0x00007d762f8b0580 0x0000000990534580 0 1 0 0 0 2 2 37377 792
0x00007d762f8b0600 0x0000000990534600 0 0 1 0 0 2 2 37377 784
0x00007d762f8b0680 0x0000000990534680 0 0 1 0 0 2 2 37377 792
0x00007d762f8b0700 0x0000000990534700 0 1 1 0 0 2 2 37377 784
0x00007d762f8b0780 0x0000000990534780 0 1 1 0 0 2 2 37377 792
0x00007d762f8b0800 0x0000000990534800 0 0 0 0 0 2 2 37377 800
0x00007d762f8b0880 0x0000000990534880 0 0 0 0 0 2 2 37377 808
0x00007d762f8b0900 0x0000000990534900 0 1 0 0 0 2 2 37377 800
0x00007d762f8b0980 0x0000000990534980 0 1 0 0 0 2 2 37377 808
0x00007d762f8b0a00 0x0000000990534a00 0 0 1 0 0 2 2 37377 800
0x00007d762f8b0a80 0x0000000990534a80 0 0 1 0 0 2 2 37377 808
0x00007d762f8b0b00 0x0000000990534b00 0 1 1 0 0 2 2 37377 800
0x00007d762f8b0b80 0x0000000990534b80 0 1 1 0 0 2 2 37377 808
0x00007d762f8b0c00 0x0000000990534c00 0 0 0 0 0 2 2 37377 816
0x00007d762f8b0c80 0x0000000990534c80 0 0 0 0 0 2 2 37377 824
0x00007d762f8b0d00 0x0000000990534d00 0 1 0 0 0 2 2 37377 816
0x00007d762f8b0d80 0x0000000990534d80 0 1 0 0 0 2 2 37377 824
0x00007d762f8b0e00 0x0000000990534e00 0 0 1 0 0 2 2 37377 816
0x00007d762f8b0e80 0x0000000990534e80 0 0 1 0 0 2 2 37377 824
0x00007d762f8b0f00 0x0000000990534f00 0 1 1 0 0 2 2 37377 816
0x00007d762f8b0f80 0x0000000990534f80 0 1 1 0 0 2 2 37377 824
0x00007d762f8b3000 0x0000000204585000 0 0 0 0 0 2 2 4244 320
0x00007d762f8b3080 0x0000000204585080 0 0 0 0 0 2 2 4244 328
0x00007d762f8b3100 0x0000000204585100 0 1 0 0 0 2 2 4244 320
0x00007d762f8b3180 0x0000000204585180 0 1 0 0 0 2 2 4244 328
0x00007d762f8b3200 0x0000000204585200 0 0 1 0 0 2 2 4244 320
0x00007d762f8b3280 0x0000000204585280 0 0 1 0 0 2 2 4244 328
0x00007d762f8b3300 0x0000000204585300 0 1 1 0 0 2 2 4244 320
0x00007d762f8b3380 0x0000000204585380 0 1 1 0 0 2 2 4244 328
0x00007d762f8b3400 0x0000000204585400 0 0 0 0 0 2 2 4244 336
0x00007d762f8b3480 0x0000000204585480 0 0 0 0 0 2 2 4244 344
0x00007d762f8b3500 0x0000000204585500 0 1 0 0 0 2 2 4244 336
0x00007d762f8b3580 0x0000000204585580 0 1 0 0 0 2 2 4244 344
0x00007d762f8b3600 0x0000000204585600 0 0 1 0 0 2 2 4244 336
0x00007d762f8b3680 0x0000000204585680 0 0 1 0 0 2 2 4244 344
0x00007d762f8b3700 0x0000000204585700 0 1 1 0 0 2 2 4244 336
0x00007d762f8b3780 0x0000000204585780 0 1 1 0 0 2 2 4244 344
0x00007d762f8b3800 0x0000000204585800 0 0 0 0 0 2 2 4244 352
0x00007d762f8b3880 0x0000000204585880 0 0 0 0 0 2 2 4244 360
0x00007d762f8b3900 0x0000000204585900 0 1 0 0 0 2 2 4244 352
0x00007d762f8b3980 0x0000000204585980 0 1 0 0 0 2 2 4244 360
0x00007d762f8b3a00 0x0000000204585a00 0 0 1 0 0 2 2 4244 352
0x00007d762f8b3a80 0x0000000204585a80 0 0 1 0 0 2 2 4244 360
0x00007d762f8b3b00 0x0000000204585b00 0 1 1 0 0 2 2 4244 352
0x00007d762f8b3b80 0x0000000204585b80 0 1 1 0 0 2 2 4244 360
0x00007d762f8b3c00 0x0000000204585c00 0 0 0 0 0 2 2 4244 368
0x00007d762f8b3c80 0x0000000204585c80 0 0 0 0 0 2 2 4244 376
0x00007d762f8b3d00 0x0000000204585d00 0 1 0 0 0 2 2 4244 368
0x00007d762f8b3d80 0x0000000204585d80 0 1 0 0 0 2 2 4244 376
0x00007d762f8b3e00 0x0000000204585e00 0 0 1 0 0 2 2 4244 368
0x00007d762f8b3e80 0x0000000204585e80 0 0 1 0 0 2 2 4244 376
0x00007d762f8b3f00 0x0000000204585f00 0 1 1 0 0 2 2 4244 368
0x00007d762f8b3f80 0x0000000204585f80 0 1 1 0 0 2 2 4244 376
0x00007d762f8b5000 0x0000000c295fd000 0 0 0 0 1 2 2 46391 832
0x00007d762f8b5080 0x0000000c295fd080 0 0 0 0 1 2 2 46391 840
0x00007d762f8b5100 0x0000000c295fd100 0 1 0 0 1 2 2 46391 832
0x00007d762f8b5180 0x0000000c295fd180 0 1 0 0 1 2 2 46391 840
0x00007d762f8b5200 0x0000000c295fd200 0 0 1 0 1 2 2 46391 832
0x00007d762f8b5280 0x0000000c295fd280 0 0 1 0 1 2 2 46391 840
0x00007d762f8b5300 0x0000000c295fd300 0 1 1 0 1 2 2 46391 832
0x00007d762f8b5380 0x0000000c295fd380 0 1 1 0 1 2 2 46391 840
0x00007d762f8b5400 0x0000000c295fd400 0 0 0 0 1 2 2 46391 848
0x00007d762f8b5480 0x0000000c295fd480 0 0 0 0 1 2 2 46391 856
0x00007d762f8b5500 0x0000000c295fd500 0 1 0 0 1 2 2 46391 848
0x00007d762f8b5580 0x0000000c295fd580 0 1 0 0 1 2 2 46391 856
0x00007d762f8b5600 0x0000000c295fd600 0 0 1 0 1 2 2 46391 848
0x00007d762f8b5680 0x0000000c295fd680 0 0 1 0 1 2 2 46391 856
0x00007d762f8b5700 0x0000000c295fd700 0 1 1 0 1 2 2 46391 848
0x00007d762f8b5780 0x0000000c295fd780 0 1 1 0 1 2 2 46391 856
0x00007d762f8b5800 0x0000000c295fd800 0 0 0 0 1 2 2 46391 864
0x00007d762f8b5880 0x0000000c295fd880 0 0 0 0 1 2 2 46391 872
0x00007d762f8b5900 0x0000000c295fd900 0 1 0 0 1 2 2 46391 864
0x00007d762f8b5980 0x0000000c295fd980 0 1 0 0 1 2 2 46391 872
0x00007d762f8b5a00 0x0000000c295fda00 0 0 1 0 1 2 2 46391 864
0x00007d762f8b5a80 0x0000000c295fda80 0 0 1 0 1 2 2 46391 872
0x00007d762f8b5b00 0x0000000c295fdb00 0 1 1 0 1 2 2 46391 864
0x00007d762f8b5b80 0x0000000c295fdb80 0 1 1 0 1 2 2 46391 872
0x00007d762f8b5c00 0x0000000c295fdc00 0 0 0 0 1 2 2 46391 880
0x00007d762f8b5c80 0x0000000c295fdc80 0 0 0 0 1 2 2 46391 888
0x00007d762f8b5d00 0x0000000c295fdd00 0 1 0 0 1 2 2 46391 880
0x00007d762f8b5d80 0x0000000c295fdd80 0 1 0 0 1 2 2 46391 888
0x00007d762f8b5e00 0x0000000c295fde00 0 0 1 0 1 2 2 46391 880
0x00007d762f8b5e80 0x0000000c295fde80 0 0 1 0 1 2 2 46391 888
0x00007d762f8b5f00 0x0000000c295fdf00 0 1 1 0 1 2 2 46391 880
0x00007d762f8b5f80 0x0000000c295fdf80 0 1 1 0 1 2 2 46391 888
0x00007d762f8c2000 0x00000006b7573000 0 0 0 0 0 2 2 26339 704
0x00007d762f8c2080 0x00000006b7573080 0 0 0 0 0 2 2 26339 712
0x00007d762f8c2100 0x00000006b7573100 0 1 0 0 0 2 2 26339 704
0x00007d762f8c2180 0x00000006b7573180 0 1 0 0 0 2 2 26339 712
0x00007d762f8c2200 0x00000006b7573200 0 0 1 0 0 2 2 26339 704
0x00007d762f8c2280 0x00000006b7573280 0 0 1 0 0 2 2 26339 712
0x00007d762f8c2300 0x00000006b7573300 0 1 1 0 0 2 2 26339 704
0x00007d762f8c2380 0x00000006b7573380 0 1 1 0 0 2 2 26339 712
0x00007d762f8c2400 0x00000006b7573400 0 0 0 0 0 2 2 26339 720
0x00007d762f8c2480 0x00000006b7573480 0 0 0 0 0 2 2 26339 728
0x00007d762f8c2500 0x00000006b7573500 0 1 0 0 0 2 2 26339 720
0x00007d762f8c2580 0x00000006b7573580 0 1 0 0 0 2 2 26339 728
0x00007d762f8c2600 0x00000006b7573600 0 0 1 0 0 2 2 26339 720
0x00007d762f8c2680 0x00000006b7573680 0 0 1 0 0 2 2 26339 728
0x00007d762f8c2700 0x00000006b7573700 0 1 1 0 0 2 2 26339 720
0x00007d762f8c2780 0x00000006b7573780 0 1 1 0 0 2 2 26339 728
0x00007d762f8c2800 0x00000006b7573800 0 0 0 0 0 2 2 26339 736
0x00007d762f8c2880 0x00000006b7573880 0 0 0 0 0 2 2 26339 744
0x00007d762f8c2900 0x00000006b7573900 0 1 0 0 0 2 2 26339 736
0x00007d762f8c2980 0x00000006b7573980 0 1 0 0 0 2 2 26339 744
0x00007d762f8c2a00 0x00000006b7573a00 0 0 1 0 0 2 2 26339 736
0x00007d762f8c2a80 0x00000006b7573a80 0 0 1 0 0 2 2 26339 744
0x00007d762f8c2b00 0x00000006b7573b00 0 1 1 0 0 2 2 26339 736
0x00007d762f8c2b80 0x00000006b7573b80 0 1 1 0 0 2 2 26339 744
0x00007d762f8c2c00 0x00000006b7573c00 0 0 0 0 0 2 2 26339 752
0x00007d762f8c2c80 0x00000006b7573c80 0 0 0 0 0 2 2 26339 760
0x00007d762f8c2d00 0x00000006b7573d00 0 1 0 0 0 2 2 26339 752
0x00007d762f8c2d80 0x00000006b7573d80 0 1 0 0 0 2 2 26339 760
0x00007d762f8c2e00 0x00000006b7573e00 0 0 1 0 0 2 2 26339 752
0x00007d762f8c2e80 0x00000006b7573e80 0 0 1 0 0 2 2 26339 760
0x00007d762f8c2f00 0x00000006b7573f00 0 1 1 0 0 2 2 26339 752
0x00007d762f8c2f80 0x00000006b7573f80 0 1 1 0 0 2 2 26339 760
0x00007d762f8c4000 0x00000006b7570000 0 0 0 0 0 2 2 26339 512
0x00007d762f8c4080 0x00000006b7570080 0 0 0 0 0 2 2 26339 520
0x00007d762f8c4100 0x00000006b7570100 0 1 0 0 0 2 2 26339 512
0x00007d762f8c4180 0x00000006b7570180 0 1 0 0 0 2 2 26339 520
0x00007d762f8c4200 0x00000006b7570200 0 0 1 0 0 2 2 26339 512
0x00007d762f8c4280 0x00000006b7570280 0 0 1 0 0 2 2 26339 520
0x00007d762f8c4300 0x00000006b7570300 0 1 1 0 0 2 2 26339 512
0x00007d762f8c4380 0x00000006b7570380 0 1 1 0 0 2 2 26339 520
0x00007d762f8c4400 0x00000006b7570400 0 0 0 0 0 2 2 26339 528
0x00007d762f8c4480 0x00000006b7570480 0 0 0 0 0 2 2 26339 536
0x00007d762f8c4500 0x00000006b7570500 0 1 0 0 0 2 2 26339 528
0x00007d762f8c4580 0x00000006b7570580 0 1 0 0 0 2 2 26339 536
0x00007d762f8c4600 0x00000006b7570600 0 0 1 0 0 2 2 26339 528
0x00007d762f8c4680 0x00000006b7570680 0 0 1 0 0 2 2 26339 536
0x00007d762f8c4700 0x00000006b7570700 0 1 1 0 0 2 2 26339 528
0x00007d762f8c4780 0x00000006b7570780 0 1 1 0 0 2 2 26339 536
0x00007d762f8c4800 0x00000006b7570800 0 0 0 0 0 2 2 26339 544
0x00007d762f8c4880 0x00000006b7570880 0 0 0 0 0 2 2 26339 552
0x00007d762f8c4900 0x00000006b7570900 0 1 0 0 0 2 2 26339 544
0x00007d762f8c4980 0x00000006b7570980 0 1 0 0 0 2 2 26339 552
0x00007d762f8c4a00 0x00000006b7570a00 0 0 1 0 0 2 2 26339 544
0x00007d762f8c4a80 0x00000006b7570a80 0 0 1 0 0 2 2 26339 552
0x00007d762f8c4b00 0x00000006b7570b00 0 1 1 0 0 2 2 26339 544
0x00007d762f8c4b80 0x00000006b7570b80 0 1 1 0 0 2 2 26339 552
0x00007d762f8c4c00 0x00000006b7570c00 0 0 0 0 0 2 2 26339 560
0x00007d762f8c4c80 0x00000006b7570c80 0 0 0 0 0 2 2 26339 568
0x00007d762f8c4d00 0x00000006b7570d00 0 1 0 0 0 2 2 26339 560
0x00007d762f8c4d80 0x00000006b7570d80 0 1 0 0 0 2 2 26339 568
0x00007d762f8c4e00 0x00000006b7570e00 0 0 1 0 0 2 2 26339 560
0x00007d762f8c4e80 0x00000006b7570e80 0 0 1 0 0 2 2 26339 568
0x00007d762f8c4f00 0x00000006b7570f00 0 1 1 0 0 2 2 26339 560
0x00007d762f8c4f80 0x00000006b7570f80 0 1 1 0 0 2 2 26339 568
0x00007d762f8c8000 0x0000000c295fa000 0 0 0 0 1 2 2 46391 640
0x00007d762f8c8080 0x0000000c295fa080 0 0 0 0 1 2 2 46391 648
0x00007d762f8c8100 0x0000000c295fa100 0 1 0 0 1 2 2 46391 640
0x00007d762f8c8180 0x0000000c295fa180 0 1 0 0 1 2 2 46391 648
0x00007d762f8c8200 0x0000000c295fa200 0 0 1 0 1 2 2 46391 640
0x00007d762f8c8280 0x0000000c295fa280 0 0 1 0 1 2 2 46391 648
0x00007d762f8c8300 0x0000000c295fa300 0 1 1 0 1 2 2 46391 640
0x00007d762f8c8380 0x0000000c295fa380 0 1 1 0 1 2 2 46391 648
0x00007d762f8c8400 0x0000000c295fa400 0 0 0 0 1 2 2 46391 656
0x00007d762f8c8480 0x0000000c295fa480 0 0 0 0 1 2 2 46391 664
0x00007d762f8c8500 0x0000000c295fa500 0 1 0 0 1 2 2 46391 656
0x00007d762f8c8580 0x0000000c295fa580 0 1 0 0 1 2 2 46391 664
0x00007d762f8c8600 0x0000000c295fa600 0 0 1 0 1 2 2 46391 656
0x00007d762f8c8680 0x0000000c295fa680 0 0 1 0 1 2 2 46391 664
0x00007d762f8c8700 0x0000000c295fa700 0 1 1 0 1 2 2 46391 656
0x00007d762f8c8780 0x0000000c295fa780 0 1 1 0 1 2 2 46391 664
0x00007d762f8c8800 0x0000000c295fa800 0 0 0 0 1 2 2 46391 672
0x00007d762f8c8880 0x0000000c295fa880 0 0 0 0 1 2 2 46391 680
0x00007d762f8c8900 0x0000000c295fa900 0 1 0 0 1 2 2 46391 672
0x00007d762f8c8980 0x0000000c295fa980 0 1 0 0 1 2 2 46391 680
0x00007d762f8c8a00 0x0000000c295faa00 0 0 1 0 1 2 2 46391 672
0x00007d762f8c8a80 0x0000000c295faa80 0 0 1 0 1 2 2 46391 680
0x00007d762f8c8b00 0x0000000c295fab00 0 1 1 0 1 2 2 46391 672
0x00007d762f8c8b80 0x0000000c295fab80 0 1 1 0 1 2 2 46391 680
0x00007d762f8c8c00 0x0000000c295fac00 0 0 0 0 1 2 2 46391 688
0x00007d762f8c8c80 0x0000000c295fac80 0 0 0 0 1 2 2 46391 696
0x00007d762f8c8d00 0x0000000c295fad00 0 1 0 0 1 2 2 46391 688
0x00007d762f8c8d80 0x0000000c295fad80 0 1 0 0 1 2 2 46391 696
0x00007d762f8c8e00 0x0000000c295fae00 0 0 1 0 1 2 2 46391 688
0x00007d762f8c8e80 0x0000000c295fae80 0 0 1 0 1 2 2 46391 696
0x00007d762f8c8f00 0x0000000c295faf00 0 1 1 0 1 2 2 46391 688
0x00007d762f8c8f80 0x0000000c295faf80 0 1 1 0 1 2 2 46391 696
0x00007d762f8d0000 0x00000006b757d000 0 0 0 0 1 2 2 26339 832
0x00007d762f8d0080 0x00000006b757d080 0 0 0 0 1 2 2 26339 840
0x00007d762f8d0100 0x00000006b757d100 0 1 0 0 1 2 2 26339 832
0x00007d762f8d0180 0x00000006b757d180 0 1 0 0 1 2 2 26339 840
0x00007d762f8d0200 0x00000006b757d200 0 0 1 0 1 2 2 26339 832
0x00007d762f8d0280 0x00000006b757d280 0 0 1 0 1 2 2 26339 840
0x00007d762f8d0300 0x00000006b757d300 0 1 1 0 1 2 2 26339 832
0x00007d762f8d0380 0x00000006b757d380 0 1 1 0 1 2 2 26339 840
0x00007d762f8d0400 0x00000006b757d400 0 0 0 0 1 2 2 26339 848
0x00007d762f8d0480 0x00000006b757d480 0 0 0 0 1 2 2 26339 856
0x00007d762f8d0500 0x00000006b757d500 0 1 0 0 1 2 2 26339 848
0x00007d762f8d0580 0x00000006b757d580 0 1 0 0 1 2 2 26339 856
0x00007d762f8d0600 0x00000006b757d600 0 0 1 0 1 2 2 26339 848
0x00007d762f8d0680 0x00000006b757d680 0 0 1 0 1 2 2 26339 856
0x00007d762f8d0700 0x00000006b757d700 0 1 1 0 1 2 2 26339 848
0x00007d762f8d0780 0x00000006b757d780 0 1 1 0 1 2 2 26339 856
0x00007d762f8d0800 0x00000006b757d800 0 0 0 0 1 2 2 26339 864
0x00007d762f8d0880 0x00000006b757d880 0 0 0 0 1 2 2 26339 872
0x00007d762f8d0900 0x00000006b757d900 0 1 0 0 1 2 2 26339 864
0x00007d762f8d0980 0x00000006b757d980 0 1 0 0 1 2 2 26339 872
0x00007d762f8d0a00 0x00000006b757da00 0 0 1 0 1 2 2 26339 864
0x00007d762f8d0a80 0x00000006b757da80 0 0 1 0 1 2 2 26339 872
0x00007d762f8d0b00 0x00000006b757db00 0 1 1 0 1 2 2 26339 864
0x00007d762f8d0b80 0x00000006b757db80 0 1 1 0 1 2 2 26339 872
0x00007d762f8d0c00 0x00000006b757dc00 0 0 0 0 1 2 2 26339 880
0x00007d762f8d0c80 0x00000006b757dc80 0 0 0 0 1 2 2 26339 888
0x00007d762f8d0d00 0x00000006b757dd00 0 1 0 0 1 2 2 26339 880
0x00007d762f8d0d80 0x00000006b757dd80 0 1 0 0 1 2 2 26339 888
0x00007d762f8d0e00 0x00000006b757de00 0 0 1 0 1 2 2 26339 880
0x00007d762f8d0e80 0x00000006b757de80 0 0 1 0 1 2 2 26339 888
0x00007d762f8d0f00 0x00000006b757df00 0 1 1 0 1 2 2 26339 880
0x00007d762f8d0f80 0x00000006b757df80 0 1 1 0 1 2 2 26339 888
0x00007d762f8d3000 0x00000006b7577000 0 0 0 0 0 2 2 26339 960
0x00007d762f8d3080 0x00000006b7577080 0 0 0 0 0 2 2 26339 968
0x00007d762f8d3100 0x00000006b7577100 0 1 0 0 0 2 2 26339 960
0x00007d762f8d3180 0x00000006b7577180 0 1 0 0 0 2 2 26339 968
0x00007d762f8d3200 0x00000006b7577200 0 0 1 0 0 2 2 26339 960
0x00007d762f8d3280 0x00000006b7577280 0 0 1 0 0 2 2 26339 968
0x00007d762f8d3300 0x00000006b7577300 0 1 1 0 0 2 2 26339 960
0x00007d762f8d3380 0x00000006b7577380 0 1 1 0 0 2 2 26339 968
0x00007d762f8d3400 0x00000006b7577400 0 0 0 0 0 2 2 26339 976
0x00007d762f8d3480 0x00000006b7577480 0 0 0 0 0 2 2 26339 984
0x00007d762f8d3500 0x00000006b7577500 0 1 0 0 0 2 2 26339 976
0x00007d762f8d3580 0x00000006b7577580 0 1 0 0 0 2 2 26339 984
0x00007d762f8d3600 0x00000006b7577600 0 0 1 0 0 2 2 26339 976
0x00007d762f8d3680 0x00000006b7577680 0 0 1 0 0 2 2 26339 984
0x00007d762f8d3700 0x00000006b7577700 0 1 1 0 0 2 2 26339 976
0x00007d762f8d3780 0x00000006b7577780 0 1 1 0 0 2 2 26339 984
0x00007d762f8d3800 0x00000006b7577800 0 0 0 0 0 2 2 26339 992
0x00007d762f8d3880 0x00000006b7577880 0 0 0 0 0 2 2 26339 1000
0x00007d762f8d3900 0x00000006b7577900 0 1 0 0 0 2 2 26339 992
0x00007d762f8d3980 0x00000006b7577980 0 1 0 0 0 2 2 26339 1000
0x00007d762f8d3a00 0x00000006b7577a00 0 0 1 0 0 2 2 26339 992
0x00007d762f8d3a80 0x00000006b7577a80 0 0 1 0 0 2 2 26339 1000
0x00007d762f8d3b00 0x00000006b7577b00 0 1 1 0 0 2 2 26339 992
0x00007d762f8d3b80 0x00000006b7577b80 0 1 1 0 0 2 2 26339 1000
0x00007d762f8d3c00 0x00000006b7577c00 0 0 0 0 0 2 2 26339 1008
0x00007d762f8d3c80 0x00000006b7577c80 0 0 0 0 0 2 2 26339 1016
0x00007d762f8d3d00 0x00000006b7577d00 0 1 0 0 0 2 2 26339 1008
0x00007d762f8d3d80 0x00000006b7577d80 0 1 0 0 0 2 2 26339 1016
0x00007d762f8d3e00 0x00000006b7577e00 0 0 1 0 0 2 2 26339 1008
0x00007d762f8d3e80 0x00000006b7577e80 0 0 1 0 0 2 2 26339 1016
0x00007d762f8d3f00 0x00000006b7577f00 0 1 1 0 0 2 2 26339 1008
0x00007d762f8d3f80 0x00000006b7577f80 0 1 1 0 0 2 2 26339 1016
0x00007d762f8ea000 0x0000000b24d3b000 0 0 0 0 1 2 2 42137 704
0x00007d762f8ea080 0x0000000b24d3b080 0 0 0 0 1 2 2 42137 712
0x00007d762f8ea100 0x0000000b24d3b100 0 1 0 0 1 2 2 42137 704
0x00007d762f8ea180 0x0000000b24d3b180 0 1 0 0 1 2 2 42137 712
0x00007d762f8ea200 0x0000000b24d3b200 0 0 1 0 1 2 2 42137 704
0x00007d762f8ea280 0x0000000b24d3b280 0 0 1 0 1 2 2 42137 712
0x00007d762f8ea300 0x0000000b24d3b300 0 1 1 0 1 2 2 42137 704
0x00007d762f8ea380 0x0000000b24d3b380 0 1 1 0 1 2 2 42137 712
0x00007d762f8ea400 0x0000000b24d3b400 0 0 0 0 1 2 2 42137 720
0x00007d762f8ea480 0x0000000b24d3b480 0 0 0 0 1 2 2 42137 728
0x00007d762f8ea500 0x0000000b24d3b500 0 1 0 0 1 2 2 42137 720
0x00007d762f8ea580 0x0000000b24d3b580 0 1 0 0 1 2 2 42137 728
0x00007d762f8ea600 0x0000000b24d3b600 0 0 1 0 1 2 2 42137 720
0x00007d762f8ea680 0x0000000b24d3b680 0 0 1 0 1 2 2 42137 728
0x00007d762f8ea700 0x0000000b24d3b700 0 1 1 0 1 2 2 42137 720
0x00007d762f8ea780 0x0000000b24d3b780 0 1 1 0 1 2 2 42137 728
0x00007d762f8ea800 0x0000000b24d3b800 0 0 0 0 1 2 2 42137 736
0x00007d762f8ea880 0x0000000b24d3b880 0 0 0 0 1 2 2 42137 744
0x00007d762f8ea900 0x0000000b24d3b900 0 1 0 0 1 2 2 42137 736
0x00007d762f8ea980 0x0000000b24d3b980 0 1 0 0 1 2 2 42137 744
0x00007d762f8eaa00 0x0000000b24d3ba00 0 0 1 0 1 2 2 42137 736
0x00007d762f8eaa80 0x0000000b24d3ba80 0 0 1 0 1 2 2 42137 744
0x00007d762f8eab00 0x0000000b24d3bb00 0 1 1 0 1 2 2 42137 736
0x00007d762f8eab80 0x0000000b24d3bb80 0 1 1 0 1 2 2 42137 744
0x00007d762f8eac00 0x0000000b24d3bc00 0 0 0 0 1 2 2 42137 752
0x00007d762f8eac80 0x0000000b24d3bc80 0 0 0 0 1 2 2 42137 760
0x00007d762f8ead00 0x0000000b24d3bd00 0 1 0 0 1 2 2 42137 752
0x00007d762f8ead80 0x0000000b24d3bd80 0 1 0 0 1 2 2 42137 760
0x00007d762f8eae00 0x0000000b24d3be00 0 0 1 0 1 2 2 42137 752
0x00007d762f8eae80 0x0000000b24d3be80 0 0 1 0 1 2 2 42137 760
0x00007d762f8eaf00 0x0000000b24d3bf00 0 1 1 0 1 2 2 42137 752
0x00007d762f8eaf80 0x0000000b24d3bf80 0 1 1 0 1 2 2 42137 760
0x00007d762f8eb000 0x0000000269d19000 0 0 0 0 1 2 2 7480 576
0x00007d762f8eb080 0x0000000269d19080 0 0 0 0 1 2 2 7480 584
0x00007d762f8eb100 0x0000000269d19100 0 1 0 0 1 2 2 7480 576
0x00007d762f8eb180 0x0000000269d19180 0 1 0 0 1 2 2 7480 584
0x00007d762f8eb200 0x0000000269d19200 0 0 1 0 1 2 2 7480 576
0x00007d762f8eb280 0x0000000269d19280 0 0 1 0 1 2 2 7480 584
0x00007d762f8eb300 0x0000000269d19300 0 1 1 0 1 2 2 7480 576
0x00007d762f8eb380 0x0000000269d19380 0 1 1 0 1 2 2 7480 584
0x00007d762f8eb400 0x0000000269d19400 0 0 0 0 1 2 2 7480 592
0x00007d762f8eb480 0x0000000269d19480 0 0 0 0 1 2 2 7480 600
0x00007d762f8eb500 0x0000000269d19500 0 1 0 0 1 2 2 7480 592
0x00007d762f8eb580 0x0000000269d19580 0 1 0 0 1 2 2 7480 600
0x00007d762f8eb600 0x0000000269d19600 0 0 1 0 1 2 2 7480 592
0x00007d762f8eb680 0x0000000269d19680 0 0 1 0 1 2 2 7480 600
0x00007d762f8eb700 0x0000000269d19700 0 1 1 0 1 2 2 7480 592
0x00007d762f8eb780 0x0000000269d19780 0 1 1 0 1 2 2 7480 600
0x00007d762f8eb800 0x0000000269d19800 0 0 0 0 1 2 2 7480 608
0x00007d762f8eb880 0x0000000269d19880 0 0 0 0 1 2 2 7480 616
0x00007d762f8eb900 0x0000000269d19900 0 1 0 0 1 2 2 7480 608
0x00007d762f8eb980 0x0000000269d19980 0 1 0 0 1 2 2 7480 616
0x00007d762f8eba00 0x0000000269d19a00 0 0 1 0 1 2 2 7480 608
0x00007d762f8eba80 0x0000000269d19a80 0 0 1 0 1 2 2 7480 616
0x00007d762f8ebb00 0x0000000269d19b00 0 1 1 0 1 2 2 7480 608
0x00007d762f8ebb80 0x0000000269d19b80 0 1 1 0 1 2 2 7480 616
0x00007d762f8ebc00 0x0000000269d19c00 0 0 0 0 1 2 2 7480 624
0x00007d762f8ebc80 0x0000000269d19c80 0 0 0 0 1 2 2 7480 632
0x00007d762f8ebd00 0x0000000269d19d00 0 1 0 0 1 2 2 7480 624
0x00007d762f8ebd80 0x0000000269d19d80 0 1 0 0 1 2 2 7480 632
0x00007d762f8ebe00 0x0000000269d19e00 0 0 1 0 1 2 2 7480 624
0x00007d762f8ebe80 0x0000000269d19e80 0 0 1 0 1 2 2 7480 632
0x00007d762f8ebf00 0x0000000269d19f00 0 1 1 0 1 2 2 7480 624
0x00007d762f8ebf80 0x0000000269d19f80 0 1 1 0 1 2 2 7480 632
0x00007d762f8ef000 0x0000000b8c546000 0 0 0 0 0 2 2 45442 384
0x00007d762f8ef080 0x0000000b8c546080 0 0 0 0 0 2 2 45442 392
0x00007d762f8ef100 0x0000000b8c546100 0 1 0 0 0 2 2 45442 384
0x00007d762f8ef180 0x0000000b8c546180 0 1 0 0 0 2 2 45442 392
0x00007d762f8ef200 0x0000000b8c546200 0 0 1 0 0 2 2 45442 384
0x00007d762f8ef280 0x0000000b8c546280 0 0 1 0 0 2 2 45442 392
0x00007d762f8ef300 0x0000000b8c546300 0 1 1 0 0 2 2 45442 384
0x00007d762f8ef380 0x0000000b8c546380 0 1 1 0 0 2 2 45442 392
0x00007d762f8ef400 0x0000000b8c546400 0 0 0 0 0 2 2 45442 400
0x00007d762f8ef480 0x0000000b8c546480 0 0 0 0 0 2 2 45442 408
0x00007d762f8ef500 0x0000000b8c546500 0 1 0 0 0 2 2 45442 400
0x00007d762f8ef580 0x0000000b8c546580 0 1 0 0 0 2 2 45442 408
0x00007d762f8ef600 0x0000000b8c546600 0 0 1 0 0 2 2 45442 400
0x00007d762f8ef680 0x0000000b8c546680 0 0 1 0 0 2 2 45442 408
0x00007d762f8ef700 0x0000000b8c546700 0 1 1 0 0 2 2 45442 400
0x00007d762f8ef780 0x0000000b8c546780 0 1 1 0 0 2 2 45442 408
0x00007d762f8ef800 0x0000000b8c546800 0 0 0 0 0 2 2 45442 416
0x00007d762f8ef880 0x0000000b8c546880 0 0 0 0 0 2 2 45442 424
0x00007d762f8ef900 0x0000000b8c546900 0 1 0 0 0 2 2 45442 416
0x00007d762f8ef980 0x0000000b8c546980 0 1 0 0 0 2 2 45442 424
0x00007d762f8efa00 0x0000000b8c546a00 0 0 1 0 0 2 2 45442 416
0x00007d762f8efa80 0x0000000b8c546a80 0 0 1 0 0 2 2 45442 424
0x00007d762f8efb00 0x0000000b8c546b00 0 1 1 0 0 2 2 45442 416
0x00007d762f8efb80 0x0000000b8c546b80 0 1 1 0 0 2 2 45442 424
0x00007d762f8efc00 0x0000000b8c546c00 0 0 0 0 0 2 2 45442 432
0x00007d762f8efc80 0x0000000b8c546c80 0 0 0 0 0 2 2 45442 440
0x00007d762f8efd00 0x0000000b8c546d00 0 1 0 0 0 2 2 45442 432
0x00007d762f8efd80 0x0000000b8c546d80 0 1 0 0 0 2 2 45442 440
0x00007d762f8efe00 0x0000000b8c546e00 0 0 1 0 0 2 2 45442 432
0x00007d762f8efe80 0x0000000b8c546e80 0 0 1 0 0 2 2 45442 440
0x00007d762f8eff00 0x0000000b8c546f00 0 1 1 0 0 2 2 45442 432
0x00007d762f8eff80 0x0000000b8c546f80 0 1 1 0 0 2 2 45442 440
0x00007d762f8f1000 0x0000000a08d12000 0 0 0 0 0 2 2 37144 640
0x00007d762f8f1080 0x0000000a08d12080 0 0 0 0 0 2 2 37144 648
0x00007d762f8f1100 0x0000000a08d12100 0 1 0 0 0 2 2 37144 640
0x00007d762f8f1180 0x0000000a08d12180 0 1 0 0 0 2 2 37144 648
0x00007d762f8f1200 0x0000000a08d12200 0 0 1 0 0 2 2 37144 640
0x00007d762f8f1280 0x0000000a08d12280 0 0 1 0 0 2 2 37144 648
0x00007d762f8f1300 0x0000000a08d12300 0 1 1 0 0 2 2 37144 640
0x00007d762f8f1380 0x0000000a08d12380 0 1 1 0 0 2 2 37144 648
0x00007d762f8f1400 0x0000000a08d12400 0 0 0 0 0 2 2 37144 656
0x00007d762f8f1480 0x0000000a08d12480 0 0 0 0 0 2 2 37144 664
0x00007d762f8f1500 0x0000000a08d12500 0 1 0 0 0 2 2 37144 656
0x00007d762f8f1580 0x0000000a08d12580 0 1 0 0 0 2 2 37144 664
0x00007d762f8f1600 0x0000000a08d12600 0 0 1 0 0 2 2 37144 656
0x00007d762f8f1680 0x0000000a08d12680 0 0 1 0 0 2 2 37144 664
0x00007d762f8f1700 0x0000000a08d12700 0 1 1 0 0 2 2 37144 656
0x00007d762f8f1780 0x0000000a08d12780 0 1 1 0 0 2 2 37144 664
0x00007d762f8f1800 0x0000000a08d12800 0 0 0 0 0 2 2 37144 672
0x00007d762f8f1880 0x0000000a08d12880 0 0 0 0 0 2 2 37144 680
0x00007d762f8f1900 0x0000000a08d12900 0 1 0 0 0 2 2 37144 672
0x00007d762f8f1980 0x0000000a08d12980 0 1 0 0 0 2 2 37144 680
0x00007d762f8f1a00 0x0000000a08d12a00 0 0 1 0 0 2 2 37144 672
0x00007d762f8f1a80 0x0000000a08d12a80 0 0 1 0 0 2 2 37144 680
0x00007d762f8f1b00 0x0000000a08d12b00 0 1 1 0 0 2 2 37144 672
0x00007d762f8f1b80 0x0000000a08d12b80 0 1 1 0 0 2 2 37144 680
0x00007d762f8f1c00 0x0000000a08d12c00 0 0 0 0 0 2 2 37144 688
0x00007d762f8f1c80 0x0000000a08d12c80 0 0 0 0 0 2 2 37144 696
0x00007d762f8f1d00 0x0000000a08d12d00 0 1 0 0 0 2 2 37144 688
0x00007d762f8f1d80 0x0000000a08d12d80 0 1 0 0 0 2 2 37144 696
0x00007d762f8f1e00 0x0000000a08d12e00 0 0 1 0 0 2 2 37144 688
0x00007d762f8f1e80 0x0000000a08d12e80 0 0 1 0 0 2 2 37144 696
0x00007d762f8f1f00 0x0000000a08d12f00 0 1 1 0 0 2 2 37144 688
0x00007d762f8f1f80 0x0000000a08d12f80 0 1 1 0 0 2 2 37144 696
0x00007d762f8f6000 0x000000020458e000 0 0 0 0 1 2 2 4244 384
0x00007d762f8f6080 0x000000020458e080 0 0 0 0 1 2 2 4244 392
0x00007d762f8f6100 0x000000020458e100 0 1 0 0 1 2 2 4244 384
0x00007d762f8f6180 0x000000020458e180 0 1 0 0 1 2 2 4244 392
0x00007d762f8f6200 0x000000020458e200 0 0 1 0 1 2 2 4244 384
0x00007d762f8f6280 0x000000020458e280 0 0 1 0 1 2 2 4244 392
0x00007d762f8f6300 0x000000020458e300 0 1 1 0 1 2 2 4244 384
0x00007d762f8f6380 0x000000020458e380 0 1 1 0 1 2 2 4244 392
0x00007d762f8f6400 0x000000020458e400 0 0 0 0 1 2 2 4244 400
0x00007d762f8f6480 0x000000020458e480 0 0 0 0 1 2 2 4244 408
0x00007d762f8f6500 0x000000020458e500 0 1 0 0 1 2 2 4244 400
0x00007d762f8f6580 0x000000020458e580 0 1 0 0 1 2 2 4244 408
0x00007d762f8f6600 0x000000020458e600 0 0 1 0 1 2 2 4244 400
0x00007d762f8f6680 0x000000020458e680 0 0 1 0 1 2 2 4244 408
0x00007d762f8f6700 0x000000020458e700 0 1 1 0 1 2 2 4244 400
0x00007d762f8f6780 0x000000020458e780 0 1 1 0 1 2 2 4244 408
0x00007d762f8f6800 0x000000020458e800 0 0 0 0 1 2 2 4244 416
0x00007d762f8f6880 0x000000020458e880 0 0 0 0 1 2 2 4244 424
0x00007d762f8f6900 0x000000020458e900 0 1 0 0 1 2 2 4244 416
0x00007d762f8f6980 0x000000020458e980 0 1 0 0 1 2 2 4244 424
0x00007d762f8f6a00 0x000000020458ea00 0 0 1 0 1 2 2 4244 416
0x00007d762f8f6a80 0x000000020458ea80 0 0 1 0 1 2 2 4244 424
0x00007d762f8f6b00 0x000000020458eb00 0 1 1 0 1 2 2 4244 416
0x00007d762f8f6b80 0x000000020458eb80 0 1 1 0 1 2 2 4244 424
0x00007d762f8f6c00 0x000000020458ec00 0 0 0 0 1 2 2 4244 432
0x00007d762f8f6c80 0x000000020458ec80 0 0 0 0 1 2 2 4244 440
0x00007d762f8f6d00 0x000000020458ed00 0 1 0 0 1 2 2 4244 432
0x00007d762f8f6d80 0x000000020458ed80 0 1 0 0 1 2 2 4244 440
0x00007d762f8f6e00 0x000000020458ee00 0 0 1 0 1 2 2 4244 432
0x00007d762f8f6e80 0x000000020458ee80 0 0 1 0 1 2 2 4244 440
0x00007d762f8f6f00 0x000000020458ef00 0 1 1 0 1 2 2 4244 432
0x00007d762f8f6f80 0x000000020458ef80 0 1 1 0 1 2 2 4244 440
0x00007d762f8fd000 0x0000000b24d34000 0 0 0 0 0 2 2 42137 768
0x00007d762f8fd080 0x0000000b24d34080 0 0 0 0 0 2 2 42137 776
0x00007d762f8fd100 0x0000000b24d34100 0 1 0 0 0 2 2 42137 768
0x00007d762f8fd180 0x0000000b24d34180 0 1 0 0 0 2 2 42137 776
0x00007d762f8fd200 0x0000000b24d34200 0 0 1 0 0 2 2 42137 768
0x00007d762f8fd280 0x0000000b24d34280 0 0 1 0 0 2 2 42137 776
0x00007d762f8fd300 0x0000000b24d34300 0 1 1 0 0 2 2 42137 768
0x00007d762f8fd380 0x0000000b24d34380 0 1 1 0 0 2 2 42137 776
0x00007d762f8fd400 0x0000000b24d34400 0 0 0 0 0 2 2 42137 784
0x00007d762f8fd480 0x0000000b24d34480 0 0 0 0 0 2 2 42137 792
0x00007d762f8fd500 0x0000000b24d34500 0 1 0 0 0 2 2 42137 784
0x00007d762f8fd580 0x0000000b24d34580 0 1 0 0 0 2 2 42137 792
0x00007d762f8fd600 0x0000000b24d34600 0 0 1 0 0 2 2 42137 784
0x00007d762f8fd680 0x0000000b24d34680 0 0 1 0 0 2 2 42137 792
0x00007d762f8fd700 0x0000000b24d34700 0 1 1 0 0 2 2 42137 784
0x00007d762f8fd780 0x0000000b24d34780 0 1 1 0 0 2 2 42137 792
0x00007d762f8fd800 0x0000000b24d34800 0 0 0 0 0 2 2 42137 800
0x00007d762f8fd880 0x0000000b24d34880 0 0 0 0 0 2 2 42137 808
0x00007d762f8fd900 0x0000000b24d34900 0 1 0 0 0 2 2 42137 800
0x00007d762f8fd980 0x0000000b24d34980 0 1 0 0 0 2 2 42137 808
0x00007d762f8fda00 0x0000000b24d34a00 0 0 1 0 0 2 2 42137 800
0x00007d762f8fda80 0x0000000b24d34a80 0 0 1 0 0 2 2 42137 808
0x00007d762f8fdb00 0x0000000b24d34b00 0 1 1 0 0 2 2 42137 800
0x00007d762f8fdb80 0x0000000b24d34b80 0 1 1 0 0 2 2 42137 808
0x00007d762f8fdc00 0x0000000b24d34c00 0 0 0 0 0 2 2 42137 816
0x00007d762f8fdc80 0x0000000b24d34c80 0 0 0 0 0 2 2 42137 824
0x00007d762f8fdd00 0x0000000b24d34d00 0 1 0 0 0 2 2 42137 816
0x00007d762f8fdd80 0x0000000b24d34d80 0 1 0 0 0 2 2 42137 824
0x00007d762f8fde00 0x0000000b24d34e00 0 0 1 0 0 2 2 42137 816
0x00007d762f8fde80 0x0000000b24d34e80 0 0 1 0 0 2 2 42137 824
0x00007d762f8fdf00 0x0000000b24d34f00 0 1 1 0 0 2 2 42137 816
0x00007d762f8fdf80 0x0000000b24d34f80 0 1 1 0 0 2 2 42137 824
0x00007d762f901000 0x0000000b8c540000 0 0 0 0 0 2 2 45442 0
0x00007d762f901080 0x0000000b8c540080 0 0 0 0 0 2 2 45442 8
0x00007d762f901100 0x0000000b8c540100 0 1 0 0 0 2 2 45442 0
0x00007d762f901180 0x0000000b8c540180 0 1 0 0 0 2 2 45442 8
0x00007d762f901200 0x0000000b8c540200 0 0 1 0 0 2 2 45442 0
0x00007d762f901280 0x0000000b8c540280 0 0 1 0 0 2 2 45442 8
0x00007d762f901300 0x0000000b8c540300 0 1 1 0 0 2 2 45442 0
0x00007d762f901380 0x0000000b8c540380 0 1 1 0 0 2 2 45442 8
0x00007d762f901400 0x0000000b8c540400 0 0 0 0 0 2 2 45442 16
0x00007d762f901480 0x0000000b8c540480 0 0 0 0 0 2 2 45442 24
0x00007d762f901500 0x0000000b8c540500 0 1 0 0 0 2 2 45442 16
0x00007d762f901580 0x0000000b8c540580 0 1 0 0 0 2 2 45442 24
0x00007d762f901600 0x0000000b8c540600 0 0 1 0 0 2 2 45442 16
0x00007d762f901680 0x0000000b8c540680 0 0 1 0 0 2 2 45442 24
0x00007d762f901700 0x0000000b8c540700 0 1 1 0 0 2 2 45442 16
0x00007d762f901780 0x0000000b8c540780 0 1 1 0 0 2 2 45442 24
0x00007d762f901800 0x0000000b8c540800 0 0 0 0 0 2 2 45442 32
0x00007d762f901880 0x0000000b8c540880 0 0 0 0 0 2 2 45442 40
0x00007d762f901900 0x0000000b8c540900 0 1 0 0 0 2 2 45442 32
0x00007d762f901980 0x0000000b8c540980 0 1 0 0 0 2 2 45442 40
0x00007d762f901a00 0x0000000b8c540a00 0 0 1 0 0 2 2 45442 32
0x00007d762f901a80 0x0000000b8c540a80 0 0 1 0 0 2 2 45442 40
0x00007d762f901b00 0x0000000b8c540b00 0 1 1 0 0 2 2 45442 32
0x00007d762f901b80 0x0000000b8c540b80 0 1 1 0 0 2 2 45442 40
0x00007d762f901c00 0x0000000b8c540c00 0 0 0 0 0 2 2 45442 48
0x00007d762f901c80 0x0000000b8c540c80 0 0 0 0 0 2 2 45442 56
0x00007d762f901d00 0x0000000b8c540d00 0 1 0 0 0 2 2 45442 48
0x00007d762f901d80 0x0000000b8c540d80 0 1 0 0 0 2 2 45442 56
0x00007d762f901e00 0x0000000b8c540e00 0 0 1 0 0 2 2 45442 48
0x00007d762f901e80 0x0000000b8c540e80 0 0 1 0 0 2 2 45442 56
0x00007d762f901f00 0x0000000b8c540f00 0 1 1 0 0 2 2 45442 48
0x00007d762f901f80 0x0000000b8c540f80 0 1 1 0 0 2 2 45442 56
0x00007d762f908000 0x0000000204581000 0 0 0 0 0 2 2 4244 64
0x00007d762f908080 0x0000000204581080 0 0 0 0 0 2 2 4244 72
0x00007d762f908100 0x0000000204581100 0 1 0 0 0 2 2 4244 64
0x00007d762f908180 0x0000000204581180 0 1 0 0 0 2 2 4244 72
0x00007d762f908200 0x0000000204581200 0 0 1 0 0 2 2 4244 64
0x00007d762f908280 0x0000000204581280 0 0 1 0 0 2 2 4244 72
0x00007d762f908300 0x0000000204581300 0 1 1 0 0 2 2 4244 64
0x00007d762f908380 0x0000000204581380 0 1 1 0 0 2 2 4244 72
0x00007d762f908400 0x0000000204581400 0 0 0 0 0 2 2 4244 80
0x00007d762f908480 0x0000000204581480 0 0 0 0 0 2 2 4244 88
0x00007d762f908500 0x0000000204581500 0 1 0 0 0 2 2 4244 80
0x00007d762f908580 0x0000000204581580 0 1 0 0 0 2 2 4244 88
0x00007d762f908600 0x0000000204581600 0 0 1 0 0 2 2 4244 80
0x00007d762f908680 0x0000000204581680 0 0 1 0 0 2 2 4244 88
0x00007d762f908700 0x0000000204581700 0 1 1 0 0 2 2 4244 80
0x00007d762f908780 0x0000000204581780 0 1 1 0 0 2 2 4244 88
0x00007d762f908800 0x0000000204581800 0 0 0 0 0 2 2 4244 96
0x00007d762f908880 0x0000000204581880 0 0 0 0 0 2 2 4244 104
0x00007d762f908900 0x0000000204581900 0 1 0 0 0 2 2 4244 96
0x00007d762f908980 0x0000000204581980 0 1 0 0 0 2 2 4244 104
0x00007d762f908a00 0x0000000204581a00 0 0 1 0 0 2 2 4244 96
0x00007d762f908a80 0x0000000204581a80 0 0 1 0 0 2 2 4244 104
0x00007d762f908b00 0x0000000204581b00 0 1 1 0 0 2 2 4244 96
0x00007d762f908b80 0x0000000204581b80 0 1 1 0 0 2 2 4244 104
0x00007d762f908c00 0x0000000204581c00 0 0 0 0 0 2 2 4244 112
0x00007d762f908c80 0x0000000204581c80 0 0 0 0 0 2 2 4244 120
0x00007d762f908d00 0x0000000204581d00 0 1 0 0 0 2 2 4244 112
0x00007d762f908d80 0x0000000204581d80 0 1 0 0 0 2 2 4244 120
0x00007d762f908e00 0x0000000204581e00 0 0 1 0 0 2 2 4244 112
0x00007d762f908e80 0x0000000204581e80 0 0 1 0 0 2 2 4244 120
0x00007d762f908f00 0x0000000204581f00 0 1 1 0 0 2 2 4244 112
0x00007d762f908f80 0x0000000204581f80 0 1 1 0 0 2 2 4244 120
0x00007d762f90a000 0x000000029bdb0000 0 0 0 0 0 2 2 9069 512
0x00007d762f90a080 0x000000029bdb0080 0 0 0 0 0 2 2 9069 520
0x00007d762f90a100 0x000000029bdb0100 0 1 0 0 0 2 2 9069 512
0x00007d762f90a180 0x000000029bdb0180 0 1 0 0 0 2 2 9069 520
0x00007d762f90a200 0x000000029bdb0200 0 0 1 0 0 2 2 9069 512
0x00007d762f90a280 0x000000029bdb0280 0 0 1 0 0 2 2 9069 520
0x00007d762f90a300 0x000000029bdb0300 0 1 1 0 0 2 2 9069 512
0x00007d762f90a380 0x000000029bdb0380 0 1 1 0 0 2 2 9069 520
0x00007d762f90a400 0x000000029bdb0400 0 0 0 0 0 2 2 9069 528
0x00007d762f90a480 0x000000029bdb0480 0 0 0 0 0 2 2 9069 536
0x00007d762f90a500 0x000000029bdb0500 0 1 0 0 0 2 2 9069 528
0x00007d762f90a580 0x000000029bdb0580 0 1 0 0 0 2 2 9069 536
0x00007d762f90a600 0x000000029bdb0600 0 0 1 0 0 2 2 9069 528
0x00007d762f90a680 0x000000029bdb0680 0 0 1 0 0 2 2 9069 536
0x00007d762f90a700 0x000000029bdb0700 0 1 1 0 0 2 2 9069 528
0x00007d762f90a780 0x000000029bdb0780 0 1 1 0 0 2 2 9069 536
0x00007d762f90a800 0x000000029bdb0800 0 0 0 0 0 2 2 9069 544
0x00007d762f90a880 0x000000029bdb0880 0 0 0 0 0 2 2 9069 552
0x00007d762f90a900 0x000000029bdb0900 0 1 0 0 0 2 2 9069 544
0x00007d762f90a980 0x000000029bdb0980 0 1 0 0 0 2 2 9069 552
0x00007d762f90aa00 0x000000029bdb0a00 0 0 1 0 0 2 2 9069 544
0x00007d762f90aa80 0x000000029bdb0a80 0 0 1 0 0 2 2 9069 552
0x00007d762f90ab00 0x000000029bdb0b00 0 1 1 0 0 2 2 9069 544
0x00007d762f90ab80 0x000000029bdb0b80 0 1 1 0 0 2 2 9069 552
0x00007d762f90ac00 0x000000029bdb0c00 0 0 0 0 0 2 2 9069 560
0x00007d762f90ac80 0x000000029bdb0c80 0 0 0 0 0 2 2 9069 568
0x00007d762f90ad00 0x000000029bdb0d00 0 1 0 0 0 2 2 9069 560
0x00007d762f90ad80 0x000000029bdb0d80 0 1 0 0 0 2 2 9069 568
0x00007d762f90ae00 0x000000029bdb0e00 0 0 1 0 0 2 2 9069 560
0x00007d762f90ae80 0x000000029bdb0e80 0 0 1 0 0 2 2 9069 568
0x00007d762f90af00 0x000000029bdb0f00 0 1 1 0 0 2 2 9069 560
0x00007d762f90af80 0x000000029bdb0f80 0 1 1 0 0 2 2 9069 568
