# bank_id=3 (bg=0 ba=3) n=4288
# Columns: VA PA s imc ch dimm rank bg ba row col
0x00007d762f604000 0x0000000b89663000 0 0 0 0 0 0 3 45347 192
0x00007d762f604080 0x0000000b89663080 0 0 0 0 0 0 3 45347 200
0x00007d762f604100 0x0000000b89663100 0 1 0 0 0 0 3 45347 192
0x00007d762f604180 0x0000000b89663180 0 1 0 0 0 0 3 45347 200
0x00007d762f604200 0x0000000b89663200 0 0 1 0 0 0 3 45347 192
0x00007d762f604280 0x0000000b89663280 0 0 1 0 0 0 3 45347 200
0x00007d762f604300 0x0000000b89663300 0 1 1 0 0 0 3 45347 192
0x00007d762f604380 0x0000000b89663380 0 1 1 0 0 0 3 45347 200
0x00007d762f604400 0x0000000b89663400 0 0 0 0 0 0 3 45347 208
0x00007d762f604480 0x0000000b89663480 0 0 0 0 0 0 3 45347 216
0x00007d762f604500 0x0000000b89663500 0 1 0 0 0 0 3 45347 208
0x00007d762f604580 0x0000000b89663580 0 1 0 0 0 0 3 45347 216
0x00007d762f604600 0x0000000b89663600 0 0 1 0 0 0 3 45347 208
0x00007d762f604680 0x0000000b89663680 0 0 1 0 0 0 3 45347 216
0x00007d762f604700 0x0000000b89663700 0 1 1 0 0 0 3 45347 208
0x00007d762f604780 0x0000000b89663780 0 1 1 0 0 0 3 45347 216
0x00007d762f604800 0x0000000b89663800 0 0 0 0 0 0 3 45347 224
0x00007d762f604880 0x0000000b89663880 0 0 0 0 0 0 3 45347 232
0x00007d762f604900 0x0000000b89663900 0 1 0 0 0 0 3 45347 224
0x00007d762f604980 0x0000000b89663980 0 1 0 0 0 0 3 45347 232
0x00007d762f604a00 0x0000000b89663a00 0 0 1 0 0 0 3 45347 224
0x00007d762f604a80 0x0000000b89663a80 0 0 1 0 0 0 3 45347 232
0x00007d762f604b00 0x0000000b89663b00 0 1 1 0 0 0 3 45347 224
0x00007d762f604b80 0x0000000b89663b80 0 1 1 0 0 0 3 45347 232
0x00007d762f604c00 0x0000000b89663c00 0 0 0 0 0 0 3 45347 240
0x00007d762f604c80 0x0000000b89663c80 0 0 0 0 0 0 3 45347 248
0x00007d762f604d00 0x0000000b89663d00 0 1 0 0 0 0 3 45347 240
0x00007d762f604d80 0x0000000b89663d80 0 1 0 0 0 0 3 45347 248
0x00007d762f604e00 0x0000000b89663e00 0 0 1 0 0 0 3 45347 240
0x00007d762f604e80 0x0000000b89663e80 0 0 1 0 0 0 3 45347 248
0x00007d762f604f00 0x0000000b89663f00 0 1 1 0 0 0 3 45347 240
0x00007d762f604f80 0x0000000b89663f80 0 1 1 0 0 0 3 45347 248
0x00007d762f606000 0x00000006a061f000 0 0 0 0 1 0 3 25600 960
0x00007d762f606080 0x00000006a061f080 0 0 0 0 1 0 3 25600 968
0x00007d762f606100 0x00000006a061f100 0 1 0 0 1 0 3 25600 960
0x00007d762f606180 0x00000006a061f180 0 1 0 0 1 0 3 25600 968
0x00007d762f606200 0x00000006a061f200 0 0 1 0 1 0 3 25600 960
0x00007d762f606280 0x00000006a061f280 0 0 1 0 1 0 3 25600 968
0x00007d762f606300 0x00000006a061f300 0 1 1 0 1 0 3 25600 960
0x00007d762f606380 0x00000006a061f380 0 1 1 0 1 0 3 25600 968
0x00007d762f606400 0x00000006a061f400 0 0 0 0 1 0 3 25600 976
0x00007d762f606480 0x00000006a061f480 0 0 0 0 1 0 3 25600 984
0x00007d762f606500 0x00000006a061f500 0 1 0 0 1 0 3 25600 976
0x00007d762f606580 0x00000006a061f580 0 1 0 0 1 0 3 25600 984
0x00007d762f606600 0x00000006a061f600 0 0 1 0 1 0 3 25600 976
0x00007d762f606680 0x00000006a061f680 0 0 1 0 1 0 3 25600 984
0x00007d762f606700 0x00000006a061f700 0 1 1 0 1 0 3 25600 976
0x00007d762f606780 0x00000006a061f780 0 1 1 0 1 0 3 25600 984
0x00007d762f606800 0x00000006a061f800 0 0 0 0 1 0 3 25600 992
0x00007d762f606880 0x00000006a061f880 0 0 0 0 1 0 3 25600 1000
0x00007d762f606900 0x00000006a061f900 0 1 0 0 1 0 3 25600 992
0x00007d762f606980 0x00000006a061f980 0 1 0 0 1 0 3 25600 1000
0x00007d762f606a00 0x00000006a061fa00 0 0 1 0 1 0 3 25600 992
0x00007d762f606a80 0x00000006a061fa80 0 0 1 0 1 0 3 25600 1000
0x00007d762f606b00 0x00000006a061fb00 0 1 1 0 1 0 3 25600 992
0x00007d762f606b80 0x00000006a061fb80 0 1 1 0 1 0 3 25600 1000
0x00007d762f606c00 0x00000006a061fc00 0 0 0 0 1 0 3 25600 1008
0x00007d762f606c80 0x00000006a061fc80 0 0 0 0 1 0 3 25600 1016
0x00007d762f606d00 0x00000006a061fd00 0 1 0 0 1 0 3 25600 1008
0x00007d762f606d80 0x00000006a061fd80 0 1 0 0 1 0 3 25600 1016
0x00007d762f606e00 0x00000006a061fe00 0 0 1 0 1 0 3 25600 1008
0x00007d762f606e80 0x00000006a061fe80 0 0 1 0 1 0 3 25600 1016
0x00007d762f606f00 0x00000006a061ff00 0 1 1 0 1 0 3 25600 1008
0x00007d762f606f80 0x00000006a061ff80 0 1 1 0 1 0 3 25600 1016
0x00007d762f60d000 0x00000007fb6e1000 0 0 0 0 0 0 3 32615 64
0x00007d762f60d080 0x00000007fb6e1080 0 0 0 0 0 0 3 32615 72
0x00007d762f60d100 0x00000007fb6e1100 0 1 0 0 0 0 3 32615 64
0x00007d762f60d180 0x00000007fb6e1180 0 1 0 0 0 0 3 32615 72
0x00007d762f60d200 0x00000007fb6e1200 0 0 1 0 0 0 3 32615 64
0x00007d762f60d280 0x00000007fb6e1280 0 0 1 0 0 0 3 32615 72
0x00007d762f60d300 0x00000007fb6e1300 0 1 1 0 0 0 3 32615 64
0x00007d762f60d380 0x00000007fb6e1380 0 1 1 0 0 0 3 32615 72
0x00007d762f60d400 0x00000007fb6e1400 0 0 0 0 0 0 3 32615 80
0x00007d762f60d480 0x00000007fb6e1480 0 0 0 0 0 0 3 32615 88
0x00007d762f60d500 0x00000007fb6e1500 0 1 0 0 0 0 3 32615 80
0x00007d762f60d580 0x00000007fb6e1580 0 1 0 0 0 0 3 32615 88
0x00007d762f60d600 0x00000007fb6e1600 0 0 1 0 0 0 3 32615 80
0x00007d762f60d680 0x00000007fb6e1680 0 0 1 0 0 0 3 32615 88
0x00007d762f60d700 0x00000007fb6e1700 0 1 1 0 0 0 3 32615 80
0x00007d762f60d780 0x00000007fb6e1780 0 1 1 0 0 0 3 32615 88
0x00007d762f60d800 0x00000007fb6e1800 0 0 0 0 0 0 3 32615 96
0x00007d762f60d880 0x00000007fb6e1880 0 0 0 0 0 0 3 32615 104
0x00007d762f60d900 0x00000007fb6e1900 0 1 0 0 0 0 3 32615 96
0x00007d762f60d980 0x00000007fb6e1980 0 1 0 0 0 0 3 32615 104
0x00007d762f60da00 0x00000007fb6e1a00 0 0 1 0 0 0 3 32615 96
0x00007d762f60da80 0x00000007fb6e1a80 0 0 1 0 0 0 3 32615 104
0x00007d762f60db00 0x00000007fb6e1b00 0 1 1 0 0 0 3 32615 96
0x00007d762f60db80 0x00000007fb6e1b80 0 1 1 0 0 0 3 32615 104
0x00007d762f60dc00 0x00000007fb6e1c00 0 0 0 0 0 0 3 32615 112
0x00007d762f60dc80 0x00000007fb6e1c80 0 0 0 0 0 0 3 32615 120
0x00007d762f60dd00 0x00000007fb6e1d00 0 1 0 0 0 0 3 32615 112
0x00007d762f60dd80 0x00000007fb6e1d80 0 1 0 0 0 0 3 32615 120
0x00007d762f60de00 0x00000007fb6e1e00 0 0 1 0 0 0 3 32615 112
0x00007d762f60de80 0x00000007fb6e1e80 0 0 1 0 0 0 3 32615 120
0x00007d762f60df00 0x00000007fb6e1f00 0 1 1 0 0 0 3 32615 112
0x00007d762f60df80 0x00000007fb6e1f80 0 1 1 0 0 0 3 32615 120
0x00007d762f610000 0x000000091562f000 0 0 0 0 1 0 3 33457 448
0x00007d762f610080 0x000000091562f080 0 0 0 0 1 0 3 33457 456
0x00007d762f610100 0x000000091562f100 0 1 0 0 1 0 3 33457 448
0x00007d762f610180 0x000000091562f180 0 1 0 0 1 0 3 33457 456
0x00007d762f610200 0x000000091562f200 0 0 1 0 1 0 3 33457 448
0x00007d762f610280 0x000000091562f280 0 0 1 0 1 0 3 33457 456
0x00007d762f610300 0x000000091562f300 0 1 1 0 1 0 3 33457 448
0x00007d762f610380 0x000000091562f380 0 1 1 0 1 0 3 33457 456
0x00007d762f610400 0x000000091562f400 0 0 0 0 1 0 3 33457 464
0x00007d762f610480 0x000000091562f480 0 0 0 0 1 0 3 33457 472
0x00007d762f610500 0x000000091562f500 0 1 0 0 1 0 3 33457 464
0x00007d762f610580 0x000000091562f580 0 1 0 0 1 0 3 33457 472
0x00007d762f610600 0x000000091562f600 0 0 1 0 1 0 3 33457 464
0x00007d762f610680 0x000000091562f680 0 0 1 0 1 0 3 33457 472
0x00007d762f610700 0x000000091562f700 0 1 1 0 1 0 3 33457 464
0x00007d762f610780 0x000000091562f780 0 1 1 0 1 0 3 33457 472
0x00007d762f610800 0x000000091562f800 0 0 0 0 1 0 3 33457 480
0x00007d762f610880 0x000000091562f880 0 0 0 0 1 0 3 33457 488
0x00007d762f610900 0x000000091562f900 0 1 0 0 1 0 3 33457 480
0x00007d762f610980 0x000000091562f980 0 1 0 0 1 0 3 33457 488
0x00007d762f610a00 0x000000091562fa00 0 0 1 0 1 0 3 33457 480
0x00007d762f610a80 0x000000091562fa80 0 0 1 0 1 0 3 33457 488
0x00007d762f610b00 0x000000091562fb00 0 1 1 0 1 0 3 33457 480
0x00007d762f610b80 0x000000091562fb80 0 1 1 0 1 0 3 33457 488
0x00007d762f610c00 0x000000091562fc00 0 0 0 0 1 0 3 33457 496
0x00007d762f610c80 0x000000091562fc80 0 0 0 0 1 0 3 33457 504
0x00007d762f610d00 0x000000091562fd00 0 1 0 0 1 0 3 33457 496
0x00007d762f610d80 0x000000091562fd80 0 1 0 0 1 0 3 33457 504
0x00007d762f610e00 0x000000091562fe00 0 0 1 0 1 0 3 33457 496
0x00007d762f610e80 0x000000091562fe80 0 0 1 0 1 0 3 33457 504
0x00007d762f610f00 0x000000091562ff00 0 1 1 0 1 0 3 33457 496
0x00007d762f610f80 0x000000091562ff80 0 1 1 0 1 0 3 33457 504
0x00007d762f612000 0x000000091562b000 0 0 0 0 1 0 3 33457 192
0x00007d762f612080 0x000000091562b080 0 0 0 0 1 0 3 33457 200
0x00007d762f612100 0x000000091562b100 0 1 0 0 1 0 3 33457 192
0x00007d762f612180 0x000000091562b180 0 1 0 0 1 0 3 33457 200
0x00007d762f612200 0x000000091562b200 0 0 1 0 1 0 3 33457 192
0x00007d762f612280 0x000000091562b280 0 0 1 0 1 0 3 33457 200
0x00007d762f612300 0x000000091562b300 0 1 1 0 1 0 3 33457 192
0x00007d762f612380 0x000000091562b380 0 1 1 0 1 0 3 33457 200
0x00007d762f612400 0x000000091562b400 0 0 0 0 1 0 3 33457 208
0x00007d762f612480 0x000000091562b480 0 0 0 0 1 0 3 33457 216
0x00007d762f612500 0x000000091562b500 0 1 0 0 1 0 3 33457 208
0x00007d762f612580 0x000000091562b580 0 1 0 0 1 0 3 33457 216
0x00007d762f612600 0x000000091562b600 0 0 1 0 1 0 3 33457 208
0x00007d762f612680 0x000000091562b680 0 0 1 0 1 0 3 33457 216
0x00007d762f612700 0x000000091562b700 0 1 1 0 1 0 3 33457 208
0x00007d762f612780 0x000000091562b780 0 1 1 0 1 0 3 33457 216
0x00007d762f612800 0x000000091562b800 0 0 0 0 1 0 3 33457 224
0x00007d762f612880 0x000000091562b880 0 0 0 0 1 0 3 33457 232
0x00007d762f612900 0x000000091562b900 0 1 0 0 1 0 3 33457 224
0x00007d762f612980 0x000000091562b980 0 1 0 0 1 0 3 33457 232
0x00007d762f612a00 0x000000091562ba00 0 0 1 0 1 0 3 33457 224
0x00007d762f612a80 0x000000091562ba80 0 0 1 0 1 0 3 33457 232
0x00007d762f612b00 0x000000091562bb00 0 1 1 0 1 0 3 33457 224
0x00007d762f612b80 0x000000091562bb80 0 1 1 0 1 0 3 33457 232
0x00007d762f612c00 0x000000091562bc00 0 0 0 0 1 0 3 33457 240
0x00007d762f612c80 0x000000091562bc80 0 0 0 0 1 0 3 33457 248
0x00007d762f612d00 0x000000091562bd00 0 1 0 0 1 0 3 33457 240
0x00007d762f612d80 0x000000091562bd80 0 1 0 0 1 0 3 33457 248
0x00007d762f612e00 0x000000091562be00 0 0 1 0 1 0 3 33457 240
0x00007d762f612e80 0x000000091562be80 0 0 1 0 1 0 3 33457 248
0x00007d762f612f00 0x000000091562bf00 0 1 1 0 1 0 3 33457 240
0x00007d762f612f80 0x000000091562bf80 0 1 1 0 1 0 3 33457 248
0x00007d762f616000 0x00000009bf68b000 0 0 0 0 1 0 3 38884 192
0x00007d762f616080 0x00000009bf68b080 0 0 0 0 1 0 3 38884 200
0x00007d762f616100 0x00000009bf68b100 0 1 0 0 1 0 3 38884 192
0x00007d762f616180 0x00000009bf68b180 0 1 0 0 1 0 3 38884 200
0x00007d762f616200 0x00000009bf68b200 0 0 1 0 1 0 3 38884 192
0x00007d762f616280 0x00000009bf68b280 0 0 1 0 1 0 3 38884 200
0x00007d762f616300 0x00000009bf68b300 0 1 1 0 1 0 3 38884 192
0x00007d762f616380 0x00000009bf68b380 0 1 1 0 1 0 3 38884 200
0x00007d762f616400 0x00000009bf68b400 0 0 0 0 1 0 3 38884 208
0x00007d762f616480 0x00000009bf68b480 0 0 0 0 1 0 3 38884 216
0x00007d762f616500 0x00000009bf68b500 0 1 0 0 1 0 3 38884 208
0x00007d762f616580 0x00000009bf68b580 0 1 0 0 1 0 3 38884 216
0x00007d762f616600 0x00000009bf68b600 0 0 1 0 1 0 3 38884 208
0x00007d762f616680 0x00000009bf68b680 0 0 1 0 1 0 3 38884 216
0x00007d762f616700 0x00000009bf68b700 0 1 1 0 1 0 3 38884 208
0x00007d762f616780 0x00000009bf68b780 0 1 1 0 1 0 3 38884 216
0x00007d762f616800 0x00000009bf68b800 0 0 0 0 1 0 3 38884 224
0x00007d762f616880 0x00000009bf68b880 0 0 0 0 1 0 3 38884 232
0x00007d762f616900 0x00000009bf68b900 0 1 0 0 1 0 3 38884 224
0x00007d762f616980 0x00000009bf68b980 0 1 0 0 1 0 3 38884 232
0x00007d762f616a00 0x00000009bf68ba00 0 0 1 0 1 0 3 38884 224
0x00007d762f616a80 0x00000009bf68ba80 0 0 1 0 1 0 3 38884 232
0x00007d762f616b00 0x00000009bf68bb00 0 1 1 0 1 0 3 38884 224
0x00007d762f616b80 0x00000009bf68bb80 0 1 1 0 1 0 3 38884 232
0x00007d762f616c00 0x00000009bf68bc00 0 0 0 0 1 0 3 38884 240
0x00007d762f616c80 0x00000009bf68bc80 0 0 0 0 1 0 3 38884 248
0x00007d762f616d00 0x00000009bf68bd00 0 1 0 0 1 0 3 38884 240
0x00007d762f616d80 0x00000009bf68bd80 0 1 0 0 1 0 3 38884 248
0x00007d762f616e00 0x00000009bf68be00 0 0 1 0 1 0 3 38884 240
0x00007d762f616e80 0x00000009bf68be80 0 0 1 0 1 0 3 38884 248
0x00007d762f616f00 0x00000009bf68bf00 0 1 1 0 1 0 3 38884 240
0x00007d762f616f80 0x00000009bf68bf80 0 1 1 0 1 0 3 38884 248
0x00007d762f618000 0x0000000565e4b000 0 0 0 0 1 0 3 19642 192
0x00007d762f618080 0x0000000565e4b080 0 0 0 0 1 0 3 19642 200
0x00007d762f618100 0x0000000565e4b100 0 1 0 0 1 0 3 19642 192
0x00007d762f618180 0x0000000565e4b180 0 1 0 0 1 0 3 19642 200
0x00007d762f618200 0x0000000565e4b200 0 0 1 0 1 0 3 19642 192
0x00007d762f618280 0x0000000565e4b280 0 0 1 0 1 0 3 19642 200
0x00007d762f618300 0x0000000565e4b300 0 1 1 0 1 0 3 19642 192
0x00007d762f618380 0x0000000565e4b380 0 1 1 0 1 0 3 19642 200
0x00007d762f618400 0x0000000565e4b400 0 0 0 0 1 0 3 19642 208
0x00007d762f618480 0x0000000565e4b480 0 0 0 0 1 0 3 19642 216
0x00007d762f618500 0x0000000565e4b500 0 1 0 0 1 0 3 19642 208
0x00007d762f618580 0x0000000565e4b580 0 1 0 0 1 0 3 19642 216
0x00007d762f618600 0x0000000565e4b600 0 0 1 0 1 0 3 19642 208
0x00007d762f618680 0x0000000565e4b680 0 0 1 0 1 0 3 19642 216
0x00007d762f618700 0x0000000565e4b700 0 1 1 0 1 0 3 19642 208
0x00007d762f618780 0x0000000565e4b780 0 1 1 0 1 0 3 19642 216
0x00007d762f618800 0x0000000565e4b800 0 0 0 0 1 0 3 19642 224
0x00007d762f618880 0x0000000565e4b880 0 0 0 0 1 0 3 19642 232
0x00007d762f618900 0x0000000565e4b900 0 1 0 0 1 0 3 19642 224
0x00007d762f618980 0x0000000565e4b980 0 1 0 0 1 0 3 19642 232
0x00007d762f618a00 0x0000000565e4ba00 0 0 1 0 1 0 3 19642 224
0x00007d762f618a80 0x0000000565e4ba80 0 0 1 0 1 0 3 19642 232
0x00007d762f618b00 0x0000000565e4bb00 0 1 1 0 1 0 3 19642 224
0x00007d762f618b80 0x0000000565e4bb80 0 1 1 0 1 0 3 19642 232
0x00007d762f618c00 0x0000000565e4bc00 0 0 0 0 1 0 3 19642 240
0x00007d762f618c80 0x0000000565e4bc80 0 0 0 0 1 0 3 19642 248
0x00007d762f618d00 0x0000000565e4bd00 0 1 0 0 1 0 3 19642 240
0x00007d762f618d80 0x0000000565e4bd80 0 1 0 0 1 0 3 19642 248
0x00007d762f618e00 0x0000000565e4be00 0 0 1 0 1 0 3 19642 240
0x00007d762f618e80 0x0000000565e4be80 0 0 1 0 1 0 3 19642 248
0x00007d762f618f00 0x0000000565e4bf00 0 1 1 0 1 0 3 19642 240
0x00007d762f618f80 0x0000000565e4bf80 0 1 1 0 1 0 3 19642 248
0x00007d762f61a000 0x0000000c64623000 0 0 0 0 0 0 3 48273 192
0x00007d762f61a080 0x0000000c64623080 0 0 0 0 0 0 3 48273 200
0x00007d762f61a100 0x0000000c64623100 0 1 0 0 0 0 3 48273 192
0x00007d762f61a180 0x0000000c64623180 0 1 0 0 0 0 3 48273 200
0x00007d762f61a200 0x0000000c64623200 0 0 1 0 0 0 3 48273 192
0x00007d762f61a280 0x0000000c64623280 0 0 1 0 0 0 3 48273 200
0x00007d762f61a300 0x0000000c64623300 0 1 1 0 0 0 3 48273 192
0x00007d762f61a380 0x0000000c64623380 0 1 1 0 0 0 3 48273 200
0x00007d762f61a400 0x0000000c64623400 0 0 0 0 0 0 3 48273 208
0x00007d762f61a480 0x0000000c64623480 0 0 0 0 0 0 3 48273 216
0x00007d762f61a500 0x0000000c64623500 0 1 0 0 0 0 3 48273 208
0x00007d762f61a580 0x0000000c64623580 0 1 0 0 0 0 3 48273 216
0x00007d762f61a600 0x0000000c64623600 0 0 1 0 0 0 3 48273 208
0x00007d762f61a680 0x0000000c64623680 0 0 1 0 0 0 3 48273 216
0x00007d762f61a700 0x0000000c64623700 0 1 1 0 0 0 3 48273 208
0x00007d762f61a780 0x0000000c64623780 0 1 1 0 0 0 3 48273 216
0x00007d762f61a800 0x0000000c64623800 0 0 0 0 0 0 3 48273 224
0x00007d762f61a880 0x0000000c64623880 0 0 0 0 0 0 3 48273 232
0x00007d762f61a900 0x0000000c64623900 0 1 0 0 0 0 3 48273 224
0x00007d762f61a980 0x0000000c64623980 0 1 0 0 0 0 3 48273 232
0x00007d762f61aa00 0x0000000c64623a00 0 0 1 0 0 0 3 48273 224
0x00007d762f61aa80 0x0000000c64623a80 0 0 1 0 0 0 3 48273 232
0x00007d762f61ab00 0x0000000c64623b00 0 1 1 0 0 0 3 48273 224
0x00007d762f61ab80 0x0000000c64623b80 0 1 1 0 0 0 3 48273 232
0x00007d762f61ac00 0x0000000c64623c00 0 0 0 0 0 0 3 48273 240
0x00007d762f61ac80 0x0000000c64623c80 0 0 0 0 0 0 3 48273 248
0x00007d762f61ad00 0x0000000c64623d00 0 1 0 0 0 0 3 48273 240
0x00007d762f61ad80 0x0000000c64623d80 0 1 0 0 0 0 3 48273 248
0x00007d762f61ae00 0x0000000c64623e00 0 0 1 0 0 0 3 48273 240
0x00007d762f61ae80 0x0000000c64623e80 0 0 1 0 0 0 3 48273 248
0x00007d762f61af00 0x0000000c64623f00 0 1 1 0 0 0 3 48273 240
0x00007d762f61af80 0x0000000c64623f80 0 1 1 0 0 0 3 48273 248
0x00007d762f620000 0x00000007fb6e2000 0 0 0 0 0 0 3 32615 128
0x00007d762f620080 0x00000007fb6e2080 0 0 0 0 0 0 3 32615 136
0x00007d762f620100 0x00000007fb6e2100 0 1 0 0 0 0 3 32615 128
0x00007d762f620180 0x00000007fb6e2180 0 1 0 0 0 0 3 32615 136
0x00007d762f620200 0x00000007fb6e2200 0 0 1 0 0 0 3 32615 128
0x00007d762f620280 0x00000007fb6e2280 0 0 1 0 0 0 3 32615 136
0x00007d762f620300 0x00000007fb6e2300 0 1 1 0 0 0 3 32615 128
0x00007d762f620380 0x00000007fb6e2380 0 1 1 0 0 0 3 32615 136
0x00007d762f620400 0x00000007fb6e2400 0 0 0 0 0 0 3 32615 144
0x00007d762f620480 0x00000007fb6e2480 0 0 0 0 0 0 3 32615 152
0x00007d762f620500 0x00000007fb6e2500 0 1 0 0 0 0 3 32615 144
0x00007d762f620580 0x00000007fb6e2580 0 1 0 0 0 0 3 32615 152
0x00007d762f620600 0x00000007fb6e2600 0 0 1 0 0 0 3 32615 144
0x00007d762f620680 0x00000007fb6e2680 0 0 1 0 0 0 3 32615 152
0x00007d762f620700 0x00000007fb6e2700 0 1 1 0 0 0 3 32615 144
0x00007d762f620780 0x00000007fb6e2780 0 1 1 0 0 0 3 32615 152
0x00007d762f620800 0x00000007fb6e2800 0 0 0 0 0 0 3 32615 160
0x00007d762f620880 0x00000007fb6e2880 0 0 0 0 0 0 3 32615 168
0x00007d762f620900 0x00000007fb6e2900 0 1 0 0 0 0 3 32615 160
0x00007d762f620980 0x00000007fb6e2980 0 1 0 0 0 0 3 32615 168
0x00007d762f620a00 0x00000007fb6e2a00 0 0 1 0 0 0 3 32615 160
0x00007d762f620a80 0x00000007fb6e2a80 0 0 1 0 0 0 3 32615 168
0x00007d762f620b00 0x00000007fb6e2b00 0 1 1 0 0 0 3 32615 160
0x00007d762f620b80 0x00000007fb6e2b80 0 1 1 0 0 0 3 32615 168
0x00007d762f620c00 0x00000007fb6e2c00 0 0 0 0 0 0 3 32615 176
0x00007d762f620c80 0x00000007fb6e2c80 0 0 0 0 0 0 3 32615 184
0x00007d762f620d00 0x00000007fb6e2d00 0 1 0 0 0 0 3 32615 176
0x00007d762f620d80 0x00000007fb6e2d80 0 1 0 0 0 0 3 32615 184
0x00007d762f620e00 0x00000007fb6e2e00 0 0 1 0 0 0 3 32615 176
0x00007d762f620e80 0x00000007fb6e2e80 0 0 1 0 0 0 3 32615 184
0x00007d762f620f00 0x00000007fb6e2f00 0 1 1 0 0 0 3 32615 176
0x00007d762f620f80 0x00000007fb6e2f80 0 1 1 0 0 0 3 32615 184
0x00007d762f621000 0x0000000b8966b000 0 0 0 0 1 0 3 45347 192
0x00007d762f621080 0x0000000b8966b080 0 0 0 0 1 0 3 45347 200
0x00007d762f621100 0x0000000b8966b100 0 1 0 0 1 0 3 45347 192
0x00007d762f621180 0x0000000b8966b180 0 1 0 0 1 0 3 45347 200
0x00007d762f621200 0x0000000b8966b200 0 0 1 0 1 0 3 45347 192
0x00007d762f621280 0x0000000b8966b280 0 0 1 0 1 0 3 45347 200
0x00007d762f621300 0x0000000b8966b300 0 1 1 0 1 0 3 45347 192
0x00007d762f621380 0x0000000b8966b380 0 1 1 0 1 0 3 45347 200
0x00007d762f621400 0x0000000b8966b400 0 0 0 0 1 0 3 45347 208
0x00007d762f621480 0x0000000b8966b480 0 0 0 0 1 0 3 45347 216
0x00007d762f621500 0x0000000b8966b500 0 1 0 0 1 0 3 45347 208
0x00007d762f621580 0x0000000b8966b580 0 1 0 0 1 0 3 45347 216
0x00007d762f621600 0x0000000b8966b600 0 0 1 0 1 0 3 45347 208
0x00007d762f621680 0x0000000b8966b680 0 0 1 0 1 0 3 45347 216
0x00007d762f621700 0x0000000b8966b700 0 1 1 0 1 0 3 45347 208
0x00007d762f621780 0x0000000b8966b780 0 1 1 0 1 0 3 45347 216
0x00007d762f621800 0x0000000b8966b800 0 0 0 0 1 0 3 45347 224
0x00007d762f621880 0x0000000b8966b880 0 0 0 0 1 0 3 45347 232
0x00007d762f621900 0x0000000b8966b900 0 1 0 0 1 0 3 45347 224
0x00007d762f621980 0x0000000b8966b980 0 1 0 0 1 0 3 45347 232
0x00007d762f621a00 0x0000000b8966ba00 0 0 1 0 1 0 3 45347 224
0x00007d762f621a80 0x0000000b8966ba80 0 0 1 0 1 0 3 45347 232
0x00007d762f621b00 0x0000000b8966bb00 0 1 1 0 1 0 3 45347 224
0x00007d762f621b80 0x0000000b8966bb80 0 1 1 0 1 0 3 45347 232
0x00007d762f621c00 0x0000000b8966bc00 0 0 0 0 1 0 3 45347 240
0x00007d762f621c80 0x0000000b8966bc80 0 0 0 0 1 0 3 45347 248
0x00007d762f621d00 0x0000000b8966bd00 0 1 0 0 1 0 3 45347 240
0x00007d762f621d80 0x0000000b8966bd80 0 1 0 0 1 0 3 45347 248
0x00007d762f621e00 0x0000000b8966be00 0 0 1 0 1 0 3 45347 240
0x00007d762f621e80 0x0000000b8966be80 0 0 1 0 1 0 3 45347 248
0x00007d762f621f00 0x0000000b8966bf00 0 1 1 0 1 0 3 45347 240
0x00007d762f621f80 0x0000000b8966bf80 0 1 1 0 1 0 3 45347 248
0x00007d762f623000 0x0000000c6462c000 0 0 0 0 1 0 3 48273 256
0x00007d762f623080 0x0000000c6462c080 0 0 0 0 1 0 3 48273 264
0x00007d762f623100 0x0000000c6462c100 0 1 0 0 1 0 3 48273 256
0x00007d762f623180 0x0000000c6462c180 0 1 0 0 1 0 3 48273 264
0x00007d762f623200 0x0000000c6462c200 0 0 1 0 1 0 3 48273 256
0x00007d762f623280 0x0000000c6462c280 0 0 1 0 1 0 3 48273 264
0x00007d762f623300 0x0000000c6462c300 0 1 1 0 1 0 3 48273 256
0x00007d762f623380 0x0000000c6462c380 0 1 1 0 1 0 3 48273 264
0x00007d762f623400 0x0000000c6462c400 0 0 0 0 1 0 3 48273 272
0x00007d762f623480 0x0000000c6462c480 0 0 0 0 1 0 3 48273 280
0x00007d762f623500 0x0000000c6462c500 0 1 0 0 1 0 3 48273 272
0x00007d762f623580 0x0000000c6462c580 0 1 0 0 1 0 3 48273 280
0x00007d762f623600 0x0000000c6462c600 0 0 1 0 1 0 3 48273 272
0x00007d762f623680 0x0000000c6462c680 0 0 1 0 1 0 3 48273 280
0x00007d762f623700 0x0000000c6462c700 0 1 1 0 1 0 3 48273 272
0x00007d762f623780 0x0000000c6462c780 0 1 1 0 1 0 3 48273 280
0x00007d762f623800 0x0000000c6462c800 0 0 0 0 1 0 3 48273 288
0x00007d762f623880 0x0000000c6462c880 0 0 0 0 1 0 3 48273 296
0x00007d762f623900 0x0000000c6462c900 0 1 0 0 1 0 3 48273 288
0x00007d762f623980 0x0000000c6462c980 0 1 0 0 1 0 3 48273 296
0x00007d762f623a00 0x0000000c6462ca00 0 0 1 0 1 0 3 48273 288
0x00007d762f623a80 0x0000000c6462ca80 0 0 1 0 1 0 3 48273 296
0x00007d762f623b00 0x0000000c6462cb00 0 1 1 0 1 0 3 48273 288
0x00007d762f623b80 0x0000000c6462cb80 0 1 1 0 1 0 3 48273 296
0x00007d762f623c00 0x0000000c6462cc00 0 0 0 0 1 0 3 48273 304
0x00007d762f623c80 0x0000000c6462cc80 0 0 0 0 1 0 3 48273 312
0x00007d762f623d00 0x0000000c6462cd00 0 1 0 0 1 0 3 48273 304
0x00007d762f623d80 0x0000000c6462cd80 0 1 0 0 1 0 3 48273 312
0x00007d762f623e00 0x0000000c6462ce00 0 0 1 0 1 0 3 48273 304
0x00007d762f623e80 0x0000000c6462ce80 0 0 1 0 1 0 3 48273 312
0x00007d762f623f00 0x0000000c6462cf00 0 1 1 0 1 0 3 48273 304
0x00007d762f623f80 0x0000000c6462cf80 0 1 1 0 1 0 3 48273 312
0x00007d762f625000 0x00000004466c9000 0 0 0 0 1 0 3 14550 64
0x00007d762f625080 0x00000004466c9080 0 0 0 0 1 0 3 14550 72
0x00007d762f625100 0x00000004466c9100 0 1 0 0 1 0 3 14550 64
0x00007d762f625180 0x00000004466c9180 0 1 0 0 1 0 3 14550 72
0x00007d762f625200 0x00000004466c9200 0 0 1 0 1 0 3 14550 64
0x00007d762f625280 0x00000004466c9280 0 0 1 0 1 0 3 14550 72
0x00007d762f625300 0x00000004466c9300 0 1 1 0 1 0 3 14550 64
0x00007d762f625380 0x00000004466c9380 0 1 1 0 1 0 3 14550 72
0x00007d762f625400 0x00000004466c9400 0 0 0 0 1 0 3 14550 80
0x00007d762f625480 0x00000004466c9480 0 0 0 0 1 0 3 14550 88
0x00007d762f625500 0x00000004466c9500 0 1 0 0 1 0 3 14550 80
0x00007d762f625580 0x00000004466c9580 0 1 0 0 1 0 3 14550 88
0x00007d762f625600 0x00000004466c9600 0 0 1 0 1 0 3 14550 80
0x00007d762f625680 0x00000004466c9680 0 0 1 0 1 0 3 14550 88
0x00007d762f625700 0x00000004466c9700 0 1 1 0 1 0 3 14550 80
0x00007d762f625780 0x00000004466c9780 0 1 1 0 1 0 3 14550 88
0x00007d762f625800 0x00000004466c9800 0 0 0 0 1 0 3 14550 96
0x00007d762f625880 0x00000004466c9880 0 0 0 0 1 0 3 14550 104
0x00007d762f625900 0x00000004466c9900 0 1 0 0 1 0 3 14550 96
0x00007d762f625980 0x00000004466c9980 0 1 0 0 1 0 3 14550 104
0x00007d762f625a00 0x00000004466c9a00 0 0 1 0 1 0 3 14550 96
0x00007d762f625a80 0x00000004466c9a80 0 0 1 0 1 0 3 14550 104
0x00007d762f625b00 0x00000004466c9b00 0 1 1 0 1 0 3 14550 96
0x00007d762f625b80 0x00000004466c9b80 0 1 1 0 1 0 3 14550 104
0x00007d762f625c00 0x00000004466c9c00 0 0 0 0 1 0 3 14550 112
0x00007d762f625c80 0x00000004466c9c80 0 0 0 0 1 0 3 14550 120
0x00007d762f625d00 0x00000004466c9d00 0 1 0 0 1 0 3 14550 112
0x00007d762f625d80 0x00000004466c9d80 0 1 0 0 1 0 3 14550 120
0x00007d762f625e00 0x00000004466c9e00 0 0 1 0 1 0 3 14550 112
0x00007d762f625e80 0x00000004466c9e80 0 0 1 0 1 0 3 14550 120
0x00007d762f625f00 0x00000004466c9f00 0 1 1 0 1 0 3 14550 112
0x00007d762f625f80 0x00000004466c9f80 0 1 1 0 1 0 3 14550 120
0x00007d762f636000 0x0000000b3b6c3000 0 0 0 0 0 0 3 42870 192
0x00007d762f636080 0x0000000b3b6c3080 0 0 0 0 0 0 3 42870 200
0x00007d762f636100 0x0000000b3b6c3100 0 1 0 0 0 0 3 42870 192
0x00007d762f636180 0x0000000b3b6c3180 0 1 0 0 0 0 3 42870 200
0x00007d762f636200 0x0000000b3b6c3200 0 0 1 0 0 0 3 42870 192
0x00007d762f636280 0x0000000b3b6c3280 0 0 1 0 0 0 3 42870 200
0x00007d762f636300 0x0000000b3b6c3300 0 1 1 0 0 0 3 42870 192
0x00007d762f636380 0x0000000b3b6c3380 0 1 1 0 0 0 3 42870 200
0x00007d762f636400 0x0000000b3b6c3400 0 0 0 0 0 0 3 42870 208
0x00007d762f636480 0x0000000b3b6c3480 0 0 0 0 0 0 3 42870 216
0x00007d762f636500 0x0000000b3b6c3500 0 1 0 0 0 0 3 42870 208
0x00007d762f636580 0x0000000b3b6c3580 0 1 0 0 0 0 3 42870 216
0x00007d762f636600 0x0000000b3b6c3600 0 0 1 0 0 0 3 42870 208
0x00007d762f636680 0x0000000b3b6c3680 0 0 1 0 0 0 3 42870 216
0x00007d762f636700 0x0000000b3b6c3700 0 1 1 0 0 0 3 42870 208
0x00007d762f636780 0x0000000b3b6c3780 0 1 1 0 0 0 3 42870 216
0x00007d762f636800 0x0000000b3b6c3800 0 0 0 0 0 0 3 42870 224
0x00007d762f636880 0x0000000b3b6c3880 0 0 0 0 0 0 3 42870 232
0x00007d762f636900 0x0000000b3b6c3900 0 1 0 0 0 0 3 42870 224
0x00007d762f636980 0x0000000b3b6c3980 0 1 0 0 0 0 3 42870 232
0x00007d762f636a00 0x0000000b3b6c3a00 0 0 1 0 0 0 3 42870 224
0x00007d762f636a80 0x0000000b3b6c3a80 0 0 1 0 0 0 3 42870 232
0x00007d762f636b00 0x0000000b3b6c3b00 0 1 1 0 0 0 3 42870 224
0x00007d762f636b80 0x0000000b3b6c3b80 0 1 1 0 0 0 3 42870 232
0x00007d762f636c00 0x0000000b3b6c3c00 0 0 0 0 0 0 3 42870 240
0x00007d762f636c80 0x0000000b3b6c3c80 0 0 0 0 0 0 3 42870 248
0x00007d762f636d00 0x0000000b3b6c3d00 0 1 0 0 0 0 3 42870 240
0x00007d762f636d80 0x0000000b3b6c3d80 0 1 0 0 0 0 3 42870 248
0x00007d762f636e00 0x0000000b3b6c3e00 0 0 1 0 0 0 3 42870 240
0x00007d762f636e80 0x0000000b3b6c3e80 0 0 1 0 0 0 3 42870 248
0x00007d762f636f00 0x0000000b3b6c3f00 0 1 1 0 0 0 3 42870 240
0x00007d762f636f80 0x0000000b3b6c3f80 0 1 1 0 0 0 3 42870 248
0x00007d762f63d000 0x0000000b3b6c0000 0 0 0 0 0 0 3 42870 0
0x00007d762f63d080 0x0000000b3b6c0080 0 0 0 0 0 0 3 42870 8
0x00007d762f63d100 0x0000000b3b6c0100 0 1 0 0 0 0 3 42870 0
0x00007d762f63d180 0x0000000b3b6c0180 0 1 0 0 0 0 3 42870 8
0x00007d762f63d200 0x0000000b3b6c0200 0 0 1 0 0 0 3 42870 0
0x00007d762f63d280 0x0000000b3b6c0280 0 0 1 0 0 0 3 42870 8
0x00007d762f63d300 0x0000000b3b6c0300 0 1 1 0 0 0 3 42870 0
0x00007d762f63d380 0x0000000b3b6c0380 0 1 1 0 0 0 3 42870 8
0x00007d762f63d400 0x0000000b3b6c0400 0 0 0 0 0 0 3 42870 16
0x00007d762f63d480 0x0000000b3b6c0480 0 0 0 0 0 0 3 42870 24
0x00007d762f63d500 0x0000000b3b6c0500 0 1 0 0 0 0 3 42870 16
0x00007d762f63d580 0x0000000b3b6c0580 0 1 0 0 0 0 3 42870 24
0x00007d762f63d600 0x0000000b3b6c0600 0 0 1 0 0 0 3 42870 16
0x00007d762f63d680 0x0000000b3b6c0680 0 0 1 0 0 0 3 42870 24
0x00007d762f63d700 0x0000000b3b6c0700 0 1 1 0 0 0 3 42870 16
0x00007d762f63d780 0x0000000b3b6c0780 0 1 1 0 0 0 3 42870 24
0x00007d762f63d800 0x0000000b3b6c0800 0 0 0 0 0 0 3 42870 32
0x00007d762f63d880 0x0000000b3b6c0880 0 0 0 0 0 0 3 42870 40
0x00007d762f63d900 0x0000000b3b6c0900 0 1 0 0 0 0 3 42870 32
0x00007d762f63d980 0x0000000b3b6c0980 0 1 0 0 0 0 3 42870 40
0x00007d762f63da00 0x0000000b3b6c0a00 0 0 1 0 0 0 3 42870 32
0x00007d762f63da80 0x0000000b3b6c0a80 0 0 1 0 0 0 3 42870 40
0x00007d762f63db00 0x0000000b3b6c0b00 0 1 1 0 0 0 3 42870 32
0x00007d762f63db80 0x0000000b3b6c0b80 0 1 1 0 0 0 3 42870 40
0x00007d762f63dc00 0x0000000b3b6c0c00 0 0 0 0 0 0 3 42870 48
0x00007d762f63dc80 0x0000000b3b6c0c80 0 0 0 0 0 0 3 42870 56
0x00007d762f63dd00 0x0000000b3b6c0d00 0 1 0 0 0 0 3 42870 48
0x00007d762f63dd80 0x0000000b3b6c0d80 0 1 0 0 0 0 3 42870 56
0x00007d762f63de00 0x0000000b3b6c0e00 0 0 1 0 0 0 3 42870 48
0x00007d762f63de80 0x0000000b3b6c0e80 0 0 1 0 0 0 3 42870 56
0x00007d762f63df00 0x0000000b3b6c0f00 0 1 1 0 0 0 3 42870 48
0x00007d762f63df80 0x0000000b3b6c0f80 0 1 1 0 0 0 3 42870 56
0x00007d762f647000 0x0000000915621000 0 0 0 0 0 0 3 33457 64
0x00007d762f647080 0x0000000915621080 0 0 0 0 0 0 3 33457 72
0x00007d762f647100 0x0000000915621100 0 1 0 0 0 0 3 33457 64
0x00007d762f647180 0x0000000915621180 0 1 0 0 0 0 3 33457 72
0x00007d762f647200 0x0000000915621200 0 0 1 0 0 0 3 33457 64
0x00007d762f647280 0x0000000915621280 0 0 1 0 0 0 3 33457 72
0x00007d762f647300 0x0000000915621300 0 1 1 0 0 0 3 33457 64
0x00007d762f647380 0x0000000915621380 0 1 1 0 0 0 3 33457 72
0x00007d762f647400 0x0000000915621400 0 0 0 0 0 0 3 33457 80
0x00007d762f647480 0x0000000915621480 0 0 0 0 0 0 3 33457 88
0x00007d762f647500 0x0000000915621500 0 1 0 0 0 0 3 33457 80
0x00007d762f647580 0x0000000915621580 0 1 0 0 0 0 3 33457 88
0x00007d762f647600 0x0000000915621600 0 0 1 0 0 0 3 33457 80
0x00007d762f647680 0x0000000915621680 0 0 1 0 0 0 3 33457 88
0x00007d762f647700 0x0000000915621700 0 1 1 0 0 0 3 33457 80
0x00007d762f647780 0x0000000915621780 0 1 1 0 0 0 3 33457 88
0x00007d762f647800 0x0000000915621800 0 0 0 0 0 0 3 33457 96
0x00007d762f647880 0x0000000915621880 0 0 0 0 0 0 3 33457 104
0x00007d762f647900 0x0000000915621900 0 1 0 0 0 0 3 33457 96
0x00007d762f647980 0x0000000915621980 0 1 0 0 0 0 3 33457 104
0x00007d762f647a00 0x0000000915621a00 0 0 1 0 0 0 3 33457 96
0x00007d762f647a80 0x0000000915621a80 0 0 1 0 0 0 3 33457 104
0x00007d762f647b00 0x0000000915621b00 0 1 1 0 0 0 3 33457 96
0x00007d762f647b80 0x0000000915621b80 0 1 1 0 0 0 3 33457 104
0x00007d762f647c00 0x0000000915621c00 0 0 0 0 0 0 3 33457 112
0x00007d762f647c80 0x0000000915621c80 0 0 0 0 0 0 3 33457 120
0x00007d762f647d00 0x0000000915621d00 0 1 0 0 0 0 3 33457 112
0x00007d762f647d80 0x0000000915621d80 0 1 0 0 0 0 3 33457 120
0x00007d762f647e00 0x0000000915621e00 0 0 1 0 0 0 3 33457 112
0x00007d762f647e80 0x0000000915621e80 0 0 1 0 0 0 3 33457 120
0x00007d762f647f00 0x0000000915621f00 0 1 1 0 0 0 3 33457 112
0x00007d762f647f80 0x0000000915621f80 0 1 1 0 0 0 3 33457 120
0x00007d762f649000 0x0000000222ea7000 0 0 0 0 0 0 3 5213 448
0x00007d762f649080 0x0000000222ea7080 0 0 0 0 0 0 3 5213 456
0x00007d762f649100 0x0000000222ea7100 0 1 0 0 0 0 3 5213 448
0x00007d762f649180 0x0000000222ea7180 0 1 0 0 0 0 3 5213 456
0x00007d762f649200 0x0000000222ea7200 0 0 1 0 0 0 3 5213 448
0x00007d762f649280 0x0000000222ea7280 0 0 1 0 0 0 3 5213 456
0x00007d762f649300 0x0000000222ea7300 0 1 1 0 0 0 3 5213 448
0x00007d762f649380 0x0000000222ea7380 0 1 1 0 0 0 3 5213 456
0x00007d762f649400 0x0000000222ea7400 0 0 0 0 0 0 3 5213 464
0x00007d762f649480 0x0000000222ea7480 0 0 0 0 0 0 3 5213 472
0x00007d762f649500 0x0000000222ea7500 0 1 0 0 0 0 3 5213 464
0x00007d762f649580 0x0000000222ea7580 0 1 0 0 0 0 3 5213 472
0x00007d762f649600 0x0000000222ea7600 0 0 1 0 0 0 3 5213 464
0x00007d762f649680 0x0000000222ea7680 0 0 1 0 0 0 3 5213 472
0x00007d762f649700 0x0000000222ea7700 0 1 1 0 0 0 3 5213 464
0x00007d762f649780 0x0000000222ea7780 0 1 1 0 0 0 3 5213 472
0x00007d762f649800 0x0000000222ea7800 0 0 0 0 0 0 3 5213 480
0x00007d762f649880 0x0000000222ea7880 0 0 0 0 0 0 3 5213 488
0x00007d762f649900 0x0000000222ea7900 0 1 0 0 0 0 3 5213 480
0x00007d762f649980 0x0000000222ea7980 0 1 0 0 0 0 3 5213 488
0x00007d762f649a00 0x0000000222ea7a00 0 0 1 0 0 0 3 5213 480
0x00007d762f649a80 0x0000000222ea7a80 0 0 1 0 0 0 3 5213 488
0x00007d762f649b00 0x0000000222ea7b00 0 1 1 0 0 0 3 5213 480
0x00007d762f649b80 0x0000000222ea7b80 0 1 1 0 0 0 3 5213 488
0x00007d762f649c00 0x0000000222ea7c00 0 0 0 0 0 0 3 5213 496
0x00007d762f649c80 0x0000000222ea7c80 0 0 0 0 0 0 3 5213 504
0x00007d762f649d00 0x0000000222ea7d00 0 1 0 0 0 0 3 5213 496
0x00007d762f649d80 0x0000000222ea7d80 0 1 0 0 0 0 3 5213 504
0x00007d762f649e00 0x0000000222ea7e00 0 0 1 0 0 0 3 5213 496
0x00007d762f649e80 0x0000000222ea7e80 0 0 1 0 0 0 3 5213 504
0x00007d762f649f00 0x0000000222ea7f00 0 1 1 0 0 0 3 5213 496
0x00007d762f649f80 0x0000000222ea7f80 0 1 1 0 0 0 3 5213 504
0x00007d762f64d000 0x0000000beb61a000 0 0 0 0 1 0 3 48480 640
0x00007d762f64d080 0x0000000beb61a080 0 0 0 0 1 0 3 48480 648
0x00007d762f64d100 0x0000000beb61a100 0 1 0 0 1 0 3 48480 640
0x00007d762f64d180 0x0000000beb61a180 0 1 0 0 1 0 3 48480 648
0x00007d762f64d200 0x0000000beb61a200 0 0 1 0 1 0 3 48480 640
0x00007d762f64d280 0x0000000beb61a280 0 0 1 0 1 0 3 48480 648
0x00007d762f64d300 0x0000000beb61a300 0 1 1 0 1 0 3 48480 640
0x00007d762f64d380 0x0000000beb61a380 0 1 1 0 1 0 3 48480 648
0x00007d762f64d400 0x0000000beb61a400 0 0 0 0 1 0 3 48480 656
0x00007d762f64d480 0x0000000beb61a480 0 0 0 0 1 0 3 48480 664
0x00007d762f64d500 0x0000000beb61a500 0 1 0 0 1 0 3 48480 656
0x00007d762f64d580 0x0000000beb61a580 0 1 0 0 1 0 3 48480 664
0x00007d762f64d600 0x0000000beb61a600 0 0 1 0 1 0 3 48480 656
0x00007d762f64d680 0x0000000beb61a680 0 0 1 0 1 0 3 48480 664
0x00007d762f64d700 0x0000000beb61a700 0 1 1 0 1 0 3 48480 656
0x00007d762f64d780 0x0000000beb61a780 0 1 1 0 1 0 3 48480 664
0x00007d762f64d800 0x0000000beb61a800 0 0 0 0 1 0 3 48480 672
0x00007d762f64d880 0x0000000beb61a880 0 0 0 0 1 0 3 48480 680
0x00007d762f64d900 0x0000000beb61a900 0 1 0 0 1 0 3 48480 672
0x00007d762f64d980 0x0000000beb61a980 0 1 0 0 1 0 3 48480 680
0x00007d762f64da00 0x0000000beb61aa00 0 0 1 0 1 0 3 48480 672
0x00007d762f64da80 0x0000000beb61aa80 0 0 1 0 1 0 3 48480 680
0x00007d762f64db00 0x0000000beb61ab00 0 1 1 0 1 0 3 48480 672
0x00007d762f64db80 0x0000000beb61ab80 0 1 1 0 1 0 3 48480 680
0x00007d762f64dc00 0x0000000beb61ac00 0 0 0 0 1 0 3 48480 688
0x00007d762f64dc80 0x0000000beb61ac80 0 0 0 0 1 0 3 48480 696
0x00007d762f64dd00 0x0000000beb61ad00 0 1 0 0 1 0 3 48480 688
0x00007d762f64dd80 0x0000000beb61ad80 0 1 0 0 1 0 3 48480 696
0x00007d762f64de00 0x0000000beb61ae00 0 0 1 0 1 0 3 48480 688
0x00007d762f64de80 0x0000000beb61ae80 0 0 1 0 1 0 3 48480 696
0x00007d762f64df00 0x0000000beb61af00 0 1 1 0 1 0 3 48480 688
0x00007d762f64df80 0x0000000beb61af80 0 1 1 0 1 0 3 48480 696
0x00007d762f655000 0x00000004466c5000 0 0 0 0 0 0 3 14550 320
0x00007d762f655080 0x00000004466c5080 0 0 0 0 0 0 3 14550 328
0x00007d762f655100 0x00000004466c5100 0 1 0 0 0 0 3 14550 320
0x00007d762f655180 0x00000004466c5180 0 1 0 0 0 0 3 14550 328
0x00007d762f655200 0x00000004466c5200 0 0 1 0 0 0 3 14550 320
0x00007d762f655280 0x00000004466c5280 0 0 1 0 0 0 3 14550 328
0x00007d762f655300 0x00000004466c5300 0 1 1 0 0 0 3 14550 320
0x00007d762f655380 0x00000004466c5380 0 1 1 0 0 0 3 14550 328
0x00007d762f655400 0x00000004466c5400 0 0 0 0 0 0 3 14550 336
0x00007d762f655480 0x00000004466c5480 0 0 0 0 0 0 3 14550 344
0x00007d762f655500 0x00000004466c5500 0 1 0 0 0 0 3 14550 336
0x00007d762f655580 0x00000004466c5580 0 1 0 0 0 0 3 14550 344
0x00007d762f655600 0x00000004466c5600 0 0 1 0 0 0 3 14550 336
0x00007d762f655680 0x00000004466c5680 0 0 1 0 0 0 3 14550 344
0x00007d762f655700 0x00000004466c5700 0 1 1 0 0 0 3 14550 336
0x00007d762f655780 0x00000004466c5780 0 1 1 0 0 0 3 14550 344
0x00007d762f655800 0x00000004466c5800 0 0 0 0 0 0 3 14550 352
0x00007d762f655880 0x00000004466c5880 0 0 0 0 0 0 3 14550 360
0x00007d762f655900 0x00000004466c5900 0 1 0 0 0 0 3 14550 352
0x00007d762f655980 0x00000004466c5980 0 1 0 0 0 0 3 14550 360
0x00007d762f655a00 0x00000004466c5a00 0 0 1 0 0 0 3 14550 352
0x00007d762f655a80 0x00000004466c5a80 0 0 1 0 0 0 3 14550 360
0x00007d762f655b00 0x00000004466c5b00 0 1 1 0 0 0 3 14550 352
0x00007d762f655b80 0x00000004466c5b80 0 1 1 0 0 0 3 14550 360
0x00007d762f655c00 0x00000004466c5c00 0 0 0 0 0 0 3 14550 368
0x00007d762f655c80 0x00000004466c5c80 0 0 0 0 0 0 3 14550 376
0x00007d762f655d00 0x00000004466c5d00 0 1 0 0 0 0 3 14550 368
0x00007d762f655d80 0x00000004466c5d80 0 1 0 0 0 0 3 14550 376
0x00007d762f655e00 0x00000004466c5e00 0 0 1 0 0 0 3 14550 368
0x00007d762f655e80 0x00000004466c5e80 0 0 1 0 0 0 3 14550 376
0x00007d762f655f00 0x00000004466c5f00 0 1 1 0 0 0 3 14550 368
0x00007d762f655f80 0x00000004466c5f80 0 1 1 0 0 0 3 14550 376
0x00007d762f65d000 0x00000004466cd000 0 0 0 0 1 0 3 14550 320
0x00007d762f65d080 0x00000004466cd080 0 0 0 0 1 0 3 14550 328
0x00007d762f65d100 0x00000004466cd100 0 1 0 0 1 0 3 14550 320
0x00007d762f65d180 0x00000004466cd180 0 1 0 0 1 0 3 14550 328
0x00007d762f65d200 0x00000004466cd200 0 0 1 0 1 0 3 14550 320
0x00007d762f65d280 0x00000004466cd280 0 0 1 0 1 0 3 14550 328
0x00007d762f65d300 0x00000004466cd300 0 1 1 0 1 0 3 14550 320
0x00007d762f65d380 0x00000004466cd380 0 1 1 0 1 0 3 14550 328
0x00007d762f65d400 0x00000004466cd400 0 0 0 0 1 0 3 14550 336
0x00007d762f65d480 0x00000004466cd480 0 0 0 0 1 0 3 14550 344
0x00007d762f65d500 0x00000004466cd500 0 1 0 0 1 0 3 14550 336
0x00007d762f65d580 0x00000004466cd580 0 1 0 0 1 0 3 14550 344
0x00007d762f65d600 0x00000004466cd600 0 0 1 0 1 0 3 14550 336
0x00007d762f65d680 0x00000004466cd680 0 0 1 0 1 0 3 14550 344
0x00007d762f65d700 0x00000004466cd700 0 1 1 0 1 0 3 14550 336
0x00007d762f65d780 0x00000004466cd780 0 1 1 0 1 0 3 14550 344
0x00007d762f65d800 0x00000004466cd800 0 0 0 0 1 0 3 14550 352
0x00007d762f65d880 0x00000004466cd880 0 0 0 0 1 0 3 14550 360
0x00007d762f65d900 0x00000004466cd900 0 1 0 0 1 0 3 14550 352
0x00007d762f65d980 0x00000004466cd980 0 1 0 0 1 0 3 14550 360
0x00007d762f65da00 0x00000004466cda00 0 0 1 0 1 0 3 14550 352
0x00007d762f65da80 0x00000004466cda80 0 0 1 0 1 0 3 14550 360
0x00007d762f65db00 0x00000004466cdb00 0 1 1 0 1 0 3 14550 352
0x00007d762f65db80 0x00000004466cdb80 0 1 1 0 1 0 3 14550 360
0x00007d762f65dc00 0x00000004466cdc00 0 0 0 0 1 0 3 14550 368
0x00007d762f65dc80 0x00000004466cdc80 0 0 0 0 1 0 3 14550 376
0x00007d762f65dd00 0x00000004466cdd00 0 1 0 0 1 0 3 14550 368
0x00007d762f65dd80 0x00000004466cdd80 0 1 0 0 1 0 3 14550 376
0x00007d762f65de00 0x00000004466cde00 0 0 1 0 1 0 3 14550 368
0x00007d762f65de80 0x00000004466cde80 0 0 1 0 1 0 3 14550 376
0x00007d762f65df00 0x00000004466cdf00 0 1 1 0 1 0 3 14550 368
0x00007d762f65df80 0x00000004466cdf80 0 1 1 0 1 0 3 14550 376
0x00007d762f66c000 0x000000029b654000 0 0 0 0 0 0 3 9058 768
0x00007d762f66c080 0x000000029b654080 0 0 0 0 0 0 3 9058 776
0x00007d762f66c100 0x000000029b654100 0 1 0 0 0 0 3 9058 768
0x00007d762f66c180 0x000000029b654180 0 1 0 0 0 0 3 9058 776
0x00007d762f66c200 0x000000029b654200 0 0 1 0 0 0 3 9058 768
0x00007d762f66c280 0x000000029b654280 0 0 1 0 0 0 3 9058 776
0x00007d762f66c300 0x000000029b654300 0 1 1 0 0 0 3 9058 768
0x00007d762f66c380 0x000000029b654380 0 1 1 0 0 0 3 9058 776
0x00007d762f66c400 0x000000029b654400 0 0 0 0 0 0 3 9058 784
0x00007d762f66c480 0x000000029b654480 0 0 0 0 0 0 3 9058 792
0x00007d762f66c500 0x000000029b654500 0 1 0 0 0 0 3 9058 784
0x00007d762f66c580 0x000000029b654580 0 1 0 0 0 0 3 9058 792
0x00007d762f66c600 0x000000029b654600 0 0 1 0 0 0 3 9058 784
0x00007d762f66c680 0x000000029b654680 0 0 1 0 0 0 3 9058 792
0x00007d762f66c700 0x000000029b654700 0 1 1 0 0 0 3 9058 784
0x00007d762f66c780 0x000000029b654780 0 1 1 0 0 0 3 9058 792
0x00007d762f66c800 0x000000029b654800 0 0 0 0 0 0 3 9058 800
0x00007d762f66c880 0x000000029b654880 0 0 0 0 0 0 3 9058 808
0x00007d762f66c900 0x000000029b654900 0 1 0 0 0 0 3 9058 800
0x00007d762f66c980 0x000000029b654980 0 1 0 0 0 0 3 9058 808
0x00007d762f66ca00 0x000000029b654a00 0 0 1 0 0 0 3 9058 800
0x00007d762f66ca80 0x000000029b654a80 0 0 1 0 0 0 3 9058 808
0x00007d762f66cb00 0x000000029b654b00 0 1 1 0 0 0 3 9058 800
0x00007d762f66cb80 0x000000029b654b80 0 1 1 0 0 0 3 9058 808
0x00007d762f66cc00 0x000000029b654c00 0 0 0 0 0 0 3 9058 816
0x00007d762f66cc80 0x000000029b654c80 0 0 0 0 0 0 3 9058 824
0x00007d762f66cd00 0x000000029b654d00 0 1 0 0 0 0 3 9058 816
0x00007d762f66cd80 0x000000029b654d80 0 1 0 0 0 0 3 9058 824
0x00007d762f66ce00 0x000000029b654e00 0 0 1 0 0 0 3 9058 816
0x00007d762f66ce80 0x000000029b654e80 0 0 1 0 0 0 3 9058 824
0x00007d762f66cf00 0x000000029b654f00 0 1 1 0 0 0 3 9058 816
0x00007d762f66cf80 0x000000029b654f80 0 1 1 0 0 0 3 9058 824
0x00007d762f66e000 0x000000029b65c000 0 0 0 0 1 0 3 9058 768
0x00007d762f66e080 0x000000029b65c080 0 0 0 0 1 0 3 9058 776
0x00007d762f66e100 0x000000029b65c100 0 1 0 0 1 0 3 9058 768
0x00007d762f66e180 0x000000029b65c180 0 1 0 0 1 0 3 9058 776
0x00007d762f66e200 0x000000029b65c200 0 0 1 0 1 0 3 9058 768
0x00007d762f66e280 0x000000029b65c280 0 0 1 0 1 0 3 9058 776
0x00007d762f66e300 0x000000029b65c300 0 1 1 0 1 0 3 9058 768
0x00007d762f66e380 0x000000029b65c380 0 1 1 0 1 0 3 9058 776
0x00007d762f66e400 0x000000029b65c400 0 0 0 0 1 0 3 9058 784
0x00007d762f66e480 0x000000029b65c480 0 0 0 0 1 0 3 9058 792
0x00007d762f66e500 0x000000029b65c500 0 1 0 0 1 0 3 9058 784
0x00007d762f66e580 0x000000029b65c580 0 1 0 0 1 0 3 9058 792
0x00007d762f66e600 0x000000029b65c600 0 0 1 0 1 0 3 9058 784
0x00007d762f66e680 0x000000029b65c680 0 0 1 0 1 0 3 9058 792
0x00007d762f66e700 0x000000029b65c700 0 1 1 0 1 0 3 9058 784
0x00007d762f66e780 0x000000029b65c780 0 1 1 0 1 0 3 9058 792
0x00007d762f66e800 0x000000029b65c800 0 0 0 0 1 0 3 9058 800
0x00007d762f66e880 0x000000029b65c880 0 0 0 0 1 0 3 9058 808
0x00007d762f66e900 0x000000029b65c900 0 1 0 0 1 0 3 9058 800
0x00007d762f66e980 0x000000029b65c980 0 1 0 0 1 0 3 9058 808
0x00007d762f66ea00 0x000000029b65ca00 0 0 1 0 1 0 3 9058 800
0x00007d762f66ea80 0x000000029b65ca80 0 0 1 0 1 0 3 9058 808
0x00007d762f66eb00 0x000000029b65cb00 0 1 1 0 1 0 3 9058 800
0x00007d762f66eb80 0x000000029b65cb80 0 1 1 0 1 0 3 9058 808
0x00007d762f66ec00 0x000000029b65cc00 0 0 0 0 1 0 3 9058 816
0x00007d762f66ec80 0x000000029b65cc80 0 0 0 0 1 0 3 9058 824
0x00007d762f66ed00 0x000000029b65cd00 0 1 0 0 1 0 3 9058 816
0x00007d762f66ed80 0x000000029b65cd80 0 1 0 0 1 0 3 9058 824
0x00007d762f66ee00 0x000000029b65ce00 0 0 1 0 1 0 3 9058 816
0x00007d762f66ee80 0x000000029b65ce80 0 0 1 0 1 0 3 9058 824
0x00007d762f66ef00 0x000000029b65cf00 0 1 1 0 1 0 3 9058 816
0x00007d762f66ef80 0x000000029b65cf80 0 1 1 0 1 0 3 9058 824
0x00007d762f66f000 0x0000000b3b6c5000 0 0 0 0 0 0 3 42870 320
0x00007d762f66f080 0x0000000b3b6c5080 0 0 0 0 0 0 3 42870 328
0x00007d762f66f100 0x0000000b3b6c5100 0 1 0 0 0 0 3 42870 320
0x00007d762f66f180 0x0000000b3b6c5180 0 1 0 0 0 0 3 42870 328
0x00007d762f66f200 0x0000000b3b6c5200 0 0 1 0 0 0 3 42870 320
0x00007d762f66f280 0x0000000b3b6c5280 0 0 1 0 0 0 3 42870 328
0x00007d762f66f300 0x0000000b3b6c5300 0 1 1 0 0 0 3 42870 320
0x00007d762f66f380 0x0000000b3b6c5380 0 1 1 0 0 0 3 42870 328
0x00007d762f66f400 0x0000000b3b6c5400 0 0 0 0 0 0 3 42870 336
0x00007d762f66f480 0x0000000b3b6c5480 0 0 0 0 0 0 3 42870 344
0x00007d762f66f500 0x0000000b3b6c5500 0 1 0 0 0 0 3 42870 336
0x00007d762f66f580 0x0000000b3b6c5580 0 1 0 0 0 0 3 42870 344
0x00007d762f66f600 0x0000000b3b6c5600 0 0 1 0 0 0 3 42870 336
0x00007d762f66f680 0x0000000b3b6c5680 0 0 1 0 0 0 3 42870 344
0x00007d762f66f700 0x0000000b3b6c5700 0 1 1 0 0 0 3 42870 336
0x00007d762f66f780 0x0000000b3b6c5780 0 1 1 0 0 0 3 42870 344
0x00007d762f66f800 0x0000000b3b6c5800 0 0 0 0 0 0 3 42870 352
0x00007d762f66f880 0x0000000b3b6c5880 0 0 0 0 0 0 3 42870 360
0x00007d762f66f900 0x0000000b3b6c5900 0 1 0 0 0 0 3 42870 352
0x00007d762f66f980 0x0000000b3b6c5980 0 1 0 0 0 0 3 42870 360
0x00007d762f66fa00 0x0000000b3b6c5a00 0 0 1 0 0 0 3 42870 352
0x00007d762f66fa80 0x0000000b3b6c5a80 0 0 1 0 0 0 3 42870 360
0x00007d762f66fb00 0x0000000b3b6c5b00 0 1 1 0 0 0 3 42870 352
0x00007d762f66fb80 0x0000000b3b6c5b80 0 1 1 0 0 0 3 42870 360
0x00007d762f66fc00 0x0000000b3b6c5c00 0 0 0 0 0 0 3 42870 368
0x00007d762f66fc80 0x0000000b3b6c5c80 0 0 0 0 0 0 3 42870 376
0x00007d762f66fd00 0x0000000b3b6c5d00 0 1 0 0 0 0 3 42870 368
0x00007d762f66fd80 0x0000000b3b6c5d80 0 1 0 0 0 0 3 42870 376
0x00007d762f66fe00 0x0000000b3b6c5e00 0 0 1 0 0 0 3 42870 368
0x00007d762f66fe80 0x0000000b3b6c5e80 0 0 1 0 0 0 3 42870 376
0x00007d762f66ff00 0x0000000b3b6c5f00 0 1 1 0 0 0 3 42870 368
0x00007d762f66ff80 0x0000000b3b6c5f80 0 1 1 0 0 0 3 42870 376
0x00007d762f676000 0x00000006a0615000 0 0 0 0 0 0 3 25600 832
0x00007d762f676080 0x00000006a0615080 0 0 0 0 0 0 3 25600 840
0x00007d762f676100 0x00000006a0615100 0 1 0 0 0 0 3 25600 832
0x00007d762f676180 0x00000006a0615180 0 1 0 0 0 0 3 25600 840
0x00007d762f676200 0x00000006a0615200 0 0 1 0 0 0 3 25600 832
0x00007d762f676280 0x00000006a0615280 0 0 1 0 0 0 3 25600 840
0x00007d762f676300 0x00000006a0615300 0 1 1 0 0 0 3 25600 832
0x00007d762f676380 0x00000006a0615380 0 1 1 0 0 0 3 25600 840
0x00007d762f676400 0x00000006a0615400 0 0 0 0 0 0 3 25600 848
0x00007d762f676480 0x00000006a0615480 0 0 0 0 0 0 3 25600 856
0x00007d762f676500 0x00000006a0615500 0 1 0 0 0 0 3 25600 848
0x00007d762f676580 0x00000006a0615580 0 1 0 0 0 0 3 25600 856
0x00007d762f676600 0x00000006a0615600 0 0 1 0 0 0 3 25600 848
0x00007d762f676680 0x00000006a0615680 0 0 1 0 0 0 3 25600 856
0x00007d762f676700 0x00000006a0615700 0 1 1 0 0 0 3 25600 848
0x00007d762f676780 0x00000006a0615780 0 1 1 0 0 0 3 25600 856
0x00007d762f676800 0x00000006a0615800 0 0 0 0 0 0 3 25600 864
0x00007d762f676880 0x00000006a0615880 0 0 0 0 0 0 3 25600 872
0x00007d762f676900 0x00000006a0615900 0 1 0 0 0 0 3 25600 864
0x00007d762f676980 0x00000006a0615980 0 1 0 0 0 0 3 25600 872
0x00007d762f676a00 0x00000006a0615a00 0 0 1 0 0 0 3 25600 864
0x00007d762f676a80 0x00000006a0615a80 0 0 1 0 0 0 3 25600 872
0x00007d762f676b00 0x00000006a0615b00 0 1 1 0 0 0 3 25600 864
0x00007d762f676b80 0x00000006a0615b80 0 1 1 0 0 0 3 25600 872
0x00007d762f676c00 0x00000006a0615c00 0 0 0 0 0 0 3 25600 880
0x00007d762f676c80 0x00000006a0615c80 0 0 0 0 0 0 3 25600 888
0x00007d762f676d00 0x00000006a0615d00 0 1 0 0 0 0 3 25600 880
0x00007d762f676d80 0x00000006a0615d80 0 1 0 0 0 0 3 25600 888
0x00007d762f676e00 0x00000006a0615e00 0 0 1 0 0 0 3 25600 880
0x00007d762f676e80 0x00000006a0615e80 0 0 1 0 0 0 3 25600 888
0x00007d762f676f00 0x00000006a0615f00 0 1 1 0 0 0 3 25600 880
0x00007d762f676f80 0x00000006a0615f80 0 1 1 0 0 0 3 25600 888
0x00007d762f67a000 0x00000007fb6e8000 0 0 0 0 1 0 3 32615 0
0x00007d762f67a080 0x00000007fb6e8080 0 0 0 0 1 0 3 32615 8
0x00007d762f67a100 0x00000007fb6e8100 0 1 0 0 1 0 3 32615 0
0x00007d762f67a180 0x00000007fb6e8180 0 1 0 0 1 0 3 32615 8
0x00007d762f67a200 0x00000007fb6e8200 0 0 1 0 1 0 3 32615 0
0x00007d762f67a280 0x00000007fb6e8280 0 0 1 0 1 0 3 32615 8
0x00007d762f67a300 0x00000007fb6e8300 0 1 1 0 1 0 3 32615 0
0x00007d762f67a380 0x00000007fb6e8380 0 1 1 0 1 0 3 32615 8
0x00007d762f67a400 0x00000007fb6e8400 0 0 0 0 1 0 3 32615 16
0x00007d762f67a480 0x00000007fb6e8480 0 0 0 0 1 0 3 32615 24
0x00007d762f67a500 0x00000007fb6e8500 0 1 0 0 1 0 3 32615 16
0x00007d762f67a580 0x00000007fb6e8580 0 1 0 0 1 0 3 32615 24
0x00007d762f67a600 0x00000007fb6e8600 0 0 1 0 1 0 3 32615 16
0x00007d762f67a680 0x00000007fb6e8680 0 0 1 0 1 0 3 32615 24
0x00007d762f67a700 0x00000007fb6e8700 0 1 1 0 1 0 3 32615 16
0x00007d762f67a780 0x00000007fb6e8780 0 1 1 0 1 0 3 32615 24
0x00007d762f67a800 0x00000007fb6e8800 0 0 0 0 1 0 3 32615 32
0x00007d762f67a880 0x00000007fb6e8880 0 0 0 0 1 0 3 32615 40
0x00007d762f67a900 0x00000007fb6e8900 0 1 0 0 1 0 3 32615 32
0x00007d762f67a980 0x00000007fb6e8980 0 1 0 0 1 0 3 32615 40
0x00007d762f67aa00 0x00000007fb6e8a00 0 0 1 0 1 0 3 32615 32
0x00007d762f67aa80 0x00000007fb6e8a80 0 0 1 0 1 0 3 32615 40
0x00007d762f67ab00 0x00000007fb6e8b00 0 1 1 0 1 0 3 32615 32
0x00007d762f67ab80 0x00000007fb6e8b80 0 1 1 0 1 0 3 32615 40
0x00007d762f67ac00 0x00000007fb6e8c00 0 0 0 0 1 0 3 32615 48
0x00007d762f67ac80 0x00000007fb6e8c80 0 0 0 0 1 0 3 32615 56
0x00007d762f67ad00 0x00000007fb6e8d00 0 1 0 0 1 0 3 32615 48
0x00007d762f67ad80 0x00000007fb6e8d80 0 1 0 0 1 0 3 32615 56
0x00007d762f67ae00 0x00000007fb6e8e00 0 0 1 0 1 0 3 32615 48
0x00007d762f67ae80 0x00000007fb6e8e80 0 0 1 0 1 0 3 32615 56
0x00007d762f67af00 0x00000007fb6e8f00 0 1 1 0 1 0 3 32615 48
0x00007d762f67af80 0x00000007fb6e8f80 0 1 1 0 1 0 3 32615 56
0x00007d762f690000 0x00000007fb6e9000 0 0 0 0 1 0 3 32615 64
0x00007d762f690080 0x00000007fb6e9080 0 0 0 0 1 0 3 32615 72
0x00007d762f690100 0x00000007fb6e9100 0 1 0 0 1 0 3 32615 64
0x00007d762f690180 0x00000007fb6e9180 0 1 0 0 1 0 3 32615 72
0x00007d762f690200 0x00000007fb6e9200 0 0 1 0 1 0 3 32615 64
0x00007d762f690280 0x00000007fb6e9280 0 0 1 0 1 0 3 32615 72
0x00007d762f690300 0x00000007fb6e9300 0 1 1 0 1 0 3 32615 64
0x00007d762f690380 0x00000007fb6e9380 0 1 1 0 1 0 3 32615 72
0x00007d762f690400 0x00000007fb6e9400 0 0 0 0 1 0 3 32615 80
0x00007d762f690480 0x00000007fb6e9480 0 0 0 0 1 0 3 32615 88
0x00007d762f690500 0x00000007fb6e9500 0 1 0 0 1 0 3 32615 80
0x00007d762f690580 0x00000007fb6e9580 0 1 0 0 1 0 3 32615 88
0x00007d762f690600 0x00000007fb6e9600 0 0 1 0 1 0 3 32615 80
0x00007d762f690680 0x00000007fb6e9680 0 0 1 0 1 0 3 32615 88
0x00007d762f690700 0x00000007fb6e9700 0 1 1 0 1 0 3 32615 80
0x00007d762f690780 0x00000007fb6e9780 0 1 1 0 1 0 3 32615 88
0x00007d762f690800 0x00000007fb6e9800 0 0 0 0 1 0 3 32615 96
0x00007d762f690880 0x00000007fb6e9880 0 0 0 0 1 0 3 32615 104
0x00007d762f690900 0x00000007fb6e9900 0 1 0 0 1 0 3 32615 96
0x00007d762f690980 0x00000007fb6e9980 0 1 0 0 1 0 3 32615 104
0x00007d762f690a00 0x00000007fb6e9a00 0 0 1 0 1 0 3 32615 96
0x00007d762f690a80 0x00000007fb6e9a80 0 0 1 0 1 0 3 32615 104
0x00007d762f690b00 0x00000007fb6e9b00 0 1 1 0 1 0 3 32615 96
0x00007d762f690b80 0x00000007fb6e9b80 0 1 1 0 1 0 3 32615 104
0x00007d762f690c00 0x00000007fb6e9c00 0 0 0 0 1 0 3 32615 112
0x00007d762f690c80 0x00000007fb6e9c80 0 0 0 0 1 0 3 32615 120
0x00007d762f690d00 0x00000007fb6e9d00 0 1 0 0 1 0 3 32615 112
0x00007d762f690d80 0x00000007fb6e9d80 0 1 0 0 1 0 3 32615 120
0x00007d762f690e00 0x00000007fb6e9e00 0 0 1 0 1 0 3 32615 112
0x00007d762f690e80 0x00000007fb6e9e80 0 0 1 0 1 0 3 32615 120
0x00007d762f690f00 0x00000007fb6e9f00 0 1 1 0 1 0 3 32615 112
0x00007d762f690f80 0x00000007fb6e9f80 0 1 1 0 1 0 3 32615 120
0x00007d762f692000 0x00000009bf68e000 0 0 0 0 1 0 3 38884 384
0x00007d762f692080 0x00000009bf68e080 0 0 0 0 1 0 3 38884 392
0x00007d762f692100 0x00000009bf68e100 0 1 0 0 1 0 3 38884 384
0x00007d762f692180 0x00000009bf68e180 0 1 0 0 1 0 3 38884 392
0x00007d762f692200 0x00000009bf68e200 0 0 1 0 1 0 3 38884 384
0x00007d762f692280 0x00000009bf68e280 0 0 1 0 1 0 3 38884 392
0x00007d762f692300 0x00000009bf68e300 0 1 1 0 1 0 3 38884 384
0x00007d762f692380 0x00000009bf68e380 0 1 1 0 1 0 3 38884 392
0x00007d762f692400 0x00000009bf68e400 0 0 0 0 1 0 3 38884 400
0x00007d762f692480 0x00000009bf68e480 0 0 0 0 1 0 3 38884 408
0x00007d762f692500 0x00000009bf68e500 0 1 0 0 1 0 3 38884 400
0x00007d762f692580 0x00000009bf68e580 0 1 0 0 1 0 3 38884 408
0x00007d762f692600 0x00000009bf68e600 0 0 1 0 1 0 3 38884 400
0x00007d762f692680 0x00000009bf68e680 0 0 1 0 1 0 3 38884 408
0x00007d762f692700 0x00000009bf68e700 0 1 1 0 1 0 3 38884 400
0x00007d762f692780 0x00000009bf68e780 0 1 1 0 1 0 3 38884 408
0x00007d762f692800 0x00000009bf68e800 0 0 0 0 1 0 3 38884 416
0x00007d762f692880 0x00000009bf68e880 0 0 0 0 1 0 3 38884 424
0x00007d762f692900 0x00000009bf68e900 0 1 0 0 1 0 3 38884 416
0x00007d762f692980 0x00000009bf68e980 0 1 0 0 1 0 3 38884 424
0x00007d762f692a00 0x00000009bf68ea00 0 0 1 0 1 0 3 38884 416
0x00007d762f692a80 0x00000009bf68ea80 0 0 1 0 1 0 3 38884 424
0x00007d762f692b00 0x00000009bf68eb00 0 1 1 0 1 0 3 38884 416
0x00007d762f692b80 0x00000009bf68eb80 0 1 1 0 1 0 3 38884 424
0x00007d762f692c00 0x00000009bf68ec00 0 0 0 0 1 0 3 38884 432
0x00007d762f692c80 0x00000009bf68ec80 0 0 0 0 1 0 3 38884 440
0x00007d762f692d00 0x00000009bf68ed00 0 1 0 0 1 0 3 38884 432
0x00007d762f692d80 0x00000009bf68ed80 0 1 0 0 1 0 3 38884 440
0x00007d762f692e00 0x00000009bf68ee00 0 0 1 0 1 0 3 38884 432
0x00007d762f692e80 0x00000009bf68ee80 0 0 1 0 1 0 3 38884 440
0x00007d762f692f00 0x00000009bf68ef00 0 1 1 0 1 0 3 38884 432
0x00007d762f692f80 0x00000009bf68ef80 0 1 1 0 1 0 3 38884 440
0x00007d762f694000 0x00000009bf68d000 0 0 0 0 1 0 3 38884 320
0x00007d762f694080 0x00000009bf68d080 0 0 0 0 1 0 3 38884 328
0x00007d762f694100 0x00000009bf68d100 0 1 0 0 1 0 3 38884 320
0x00007d762f694180 0x00000009bf68d180 0 1 0 0 1 0 3 38884 328
0x00007d762f694200 0x00000009bf68d200 0 0 1 0 1 0 3 38884 320
0x00007d762f694280 0x00000009bf68d280 0 0 1 0 1 0 3 38884 328
0x00007d762f694300 0x00000009bf68d300 0 1 1 0 1 0 3 38884 320
0x00007d762f694380 0x00000009bf68d380 0 1 1 0 1 0 3 38884 328
0x00007d762f694400 0x00000009bf68d400 0 0 0 0 1 0 3 38884 336
0x00007d762f694480 0x00000009bf68d480 0 0 0 0 1 0 3 38884 344
0x00007d762f694500 0x00000009bf68d500 0 1 0 0 1 0 3 38884 336
0x00007d762f694580 0x00000009bf68d580 0 1 0 0 1 0 3 38884 344
0x00007d762f694600 0x00000009bf68d600 0 0 1 0 1 0 3 38884 336
0x00007d762f694680 0x00000009bf68d680 0 0 1 0 1 0 3 38884 344
0x00007d762f694700 0x00000009bf68d700 0 1 1 0 1 0 3 38884 336
0x00007d762f694780 0x00000009bf68d780 0 1 1 0 1 0 3 38884 344
0x00007d762f694800 0x00000009bf68d800 0 0 0 0 1 0 3 38884 352
0x00007d762f694880 0x00000009bf68d880 0 0 0 0 1 0 3 38884 360
0x00007d762f694900 0x00000009bf68d900 0 1 0 0 1 0 3 38884 352
0x00007d762f694980 0x00000009bf68d980 0 1 0 0 1 0 3 38884 360
0x00007d762f694a00 0x00000009bf68da00 0 0 1 0 1 0 3 38884 352
0x00007d762f694a80 0x00000009bf68da80 0 0 1 0 1 0 3 38884 360
0x00007d762f694b00 0x00000009bf68db00 0 1 1 0 1 0 3 38884 352
0x00007d762f694b80 0x00000009bf68db80 0 1 1 0 1 0 3 38884 360
0x00007d762f694c00 0x00000009bf68dc00 0 0 0 0 1 0 3 38884 368
0x00007d762f694c80 0x00000009bf68dc80 0 0 0 0 1 0 3 38884 376
0x00007d762f694d00 0x00000009bf68dd00 0 1 0 0 1 0 3 38884 368
0x00007d762f694d80 0x00000009bf68dd80 0 1 0 0 1 0 3 38884 376
0x00007d762f694e00 0x00000009bf68de00 0 0 1 0 1 0 3 38884 368
0x00007d762f694e80 0x00000009bf68de80 0 0 1 0 1 0 3 38884 376
0x00007d762f694f00 0x00000009bf68df00 0 1 1 0 1 0 3 38884 368
0x00007d762f694f80 0x00000009bf68df80 0 1 1 0 1 0 3 38884 376
0x00007d762f699000 0x0000000beb61b000 0 0 0 0 1 0 3 48480 704
0x00007d762f699080 0x0000000beb61b080 0 0 0 0 1 0 3 48480 712
0x00007d762f699100 0x0000000beb61b100 0 1 0 0 1 0 3 48480 704
0x00007d762f699180 0x0000000beb61b180 0 1 0 0 1 0 3 48480 712
0x00007d762f699200 0x0000000beb61b200 0 0 1 0 1 0 3 48480 704
0x00007d762f699280 0x0000000beb61b280 0 0 1 0 1 0 3 48480 712
0x00007d762f699300 0x0000000beb61b300 0 1 1 0 1 0 3 48480 704
0x00007d762f699380 0x0000000beb61b380 0 1 1 0 1 0 3 48480 712
0x00007d762f699400 0x0000000beb61b400 0 0 0 0 1 0 3 48480 720
0x00007d762f699480 0x0000000beb61b480 0 0 0 0 1 0 3 48480 728
0x00007d762f699500 0x0000000beb61b500 0 1 0 0 1 0 3 48480 720
0x00007d762f699580 0x0000000beb61b580 0 1 0 0 1 0 3 48480 728
0x00007d762f699600 0x0000000beb61b600 0 0 1 0 1 0 3 48480 720
0x00007d762f699680 0x0000000beb61b680 0 0 1 0 1 0 3 48480 728
0x00007d762f699700 0x0000000beb61b700 0 1 1 0 1 0 3 48480 720
0x00007d762f699780 0x0000000beb61b780 0 1 1 0 1 0 3 48480 728
0x00007d762f699800 0x0000000beb61b800 0 0 0 0 1 0 3 48480 736
0x00007d762f699880 0x0000000beb61b880 0 0 0 0 1 0 3 48480 744
0x00007d762f699900 0x0000000beb61b900 0 1 0 0 1 0 3 48480 736
0x00007d762f699980 0x0000000beb61b980 0 1 0 0 1 0 3 48480 744
0x00007d762f699a00 0x0000000beb61ba00 0 0 1 0 1 0 3 48480 736
0x00007d762f699a80 0x0000000beb61ba80 0 0 1 0 1 0 3 48480 744
0x00007d762f699b00 0x0000000beb61bb00 0 1 1 0 1 0 3 48480 736
0x00007d762f699b80 0x0000000beb61bb80 0 1 1 0 1 0 3 48480 744
0x00007d762f699c00 0x0000000beb61bc00 0 0 0 0 1 0 3 48480 752
0x00007d762f699c80 0x0000000beb61bc80 0 0 0 0 1 0 3 48480 760
0x00007d762f699d00 0x0000000beb61bd00 0 1 0 0 1 0 3 48480 752
0x00007d762f699d80 0x0000000beb61bd80 0 1 0 0 1 0 3 48480 760
0x00007d762f699e00 0x0000000beb61be00 0 0 1 0 1 0 3 48480 752
0x00007d762f699e80 0x0000000beb61be80 0 0 1 0 1 0 3 48480 760
0x00007d762f699f00 0x0000000beb61bf00 0 1 1 0 1 0 3 48480 752
0x00007d762f699f80 0x0000000beb61bf80 0 1 1 0 1 0 3 48480 760
0x00007d762f69e000 0x000000091562e000 0 0 0 0 1 0 3 33457 384
0x00007d762f69e080 0x000000091562e080 0 0 0 0 1 0 3 33457 392
0x00007d762f69e100 0x000000091562e100 0 1 0 0 1 0 3 33457 384
0x00007d762f69e180 0x000000091562e180 0 1 0 0 1 0 3 33457 392
0x00007d762f69e200 0x000000091562e200 0 0 1 0 1 0 3 33457 384
0x00007d762f69e280 0x000000091562e280 0 0 1 0 1 0 3 33457 392
0x00007d762f69e300 0x000000091562e300 0 1 1 0 1 0 3 33457 384
0x00007d762f69e380 0x000000091562e380 0 1 1 0 1 0 3 33457 392
0x00007d762f69e400 0x000000091562e400 0 0 0 0 1 0 3 33457 400
0x00007d762f69e480 0x000000091562e480 0 0 0 0 1 0 3 33457 408
0x00007d762f69e500 0x000000091562e500 0 1 0 0 1 0 3 33457 400
0x00007d762f69e580 0x000000091562e580 0 1 0 0 1 0 3 33457 408
0x00007d762f69e600 0x000000091562e600 0 0 1 0 1 0 3 33457 400
0x00007d762f69e680 0x000000091562e680 0 0 1 0 1 0 3 33457 408
0x00007d762f69e700 0x000000091562e700 0 1 1 0 1 0 3 33457 400
0x00007d762f69e780 0x000000091562e780 0 1 1 0 1 0 3 33457 408
0x00007d762f69e800 0x000000091562e800 0 0 0 0 1 0 3 33457 416
0x00007d762f69e880 0x000000091562e880 0 0 0 0 1 0 3 33457 424
0x00007d762f69e900 0x000000091562e900 0 1 0 0 1 0 3 33457 416
0x00007d762f69e980 0x000000091562e980 0 1 0 0 1 0 3 33457 424
0x00007d762f69ea00 0x000000091562ea00 0 0 1 0 1 0 3 33457 416
0x00007d762f69ea80 0x000000091562ea80 0 0 1 0 1 0 3 33457 424
0x00007d762f69eb00 0x000000091562eb00 0 1 1 0 1 0 3 33457 416
0x00007d762f69eb80 0x000000091562eb80 0 1 1 0 1 0 3 33457 424
0x00007d762f69ec00 0x000000091562ec00 0 0 0 0 1 0 3 33457 432
0x00007d762f69ec80 0x000000091562ec80 0 0 0 0 1 0 3 33457 440
0x00007d762f69ed00 0x000000091562ed00 0 1 0 0 1 0 3 33457 432
0x00007d762f69ed80 0x000000091562ed80 0 1 0 0 1 0 3 33457 440
0x00007d762f69ee00 0x000000091562ee00 0 0 1 0 1 0 3 33457 432
0x00007d762f69ee80 0x000000091562ee80 0 0 1 0 1 0 3 33457 440
0x00007d762f69ef00 0x000000091562ef00 0 1 1 0 1 0 3 33457 432
0x00007d762f69ef80 0x000000091562ef80 0 1 1 0 1 0 3 33457 440
0x00007d762f6a3000 0x0000000beb61d000 0 0 0 0 1 0 3 48480 832
0x00007d762f6a3080 0x0000000beb61d080 0 0 0 0 1 0 3 48480 840
0x00007d762f6a3100 0x0000000beb61d100 0 1 0 0 1 0 3 48480 832
0x00007d762f6a3180 0x0000000beb61d180 0 1 0 0 1 0 3 48480 840
0x00007d762f6a3200 0x0000000beb61d200 0 0 1 0 1 0 3 48480 832
0x00007d762f6a3280 0x0000000beb61d280 0 0 1 0 1 0 3 48480 840
0x00007d762f6a3300 0x0000000beb61d300 0 1 1 0 1 0 3 48480 832
0x00007d762f6a3380 0x0000000beb61d380 0 1 1 0 1 0 3 48480 840
0x00007d762f6a3400 0x0000000beb61d400 0 0 0 0 1 0 3 48480 848
0x00007d762f6a3480 0x0000000beb61d480 0 0 0 0 1 0 3 48480 856
0x00007d762f6a3500 0x0000000beb61d500 0 1 0 0 1 0 3 48480 848
0x00007d762f6a3580 0x0000000beb61d580 0 1 0 0 1 0 3 48480 856
0x00007d762f6a3600 0x0000000beb61d600 0 0 1 0 1 0 3 48480 848
0x00007d762f6a3680 0x0000000beb61d680 0 0 1 0 1 0 3 48480 856
0x00007d762f6a3700 0x0000000beb61d700 0 1 1 0 1 0 3 48480 848
0x00007d762f6a3780 0x0000000beb61d780 0 1 1 0 1 0 3 48480 856
0x00007d762f6a3800 0x0000000beb61d800 0 0 0 0 1 0 3 48480 864
0x00007d762f6a3880 0x0000000beb61d880 0 0 0 0 1 0 3 48480 872
0x00007d762f6a3900 0x0000000beb61d900 0 1 0 0 1 0 3 48480 864
0x00007d762f6a3980 0x0000000beb61d980 0 1 0 0 1 0 3 48480 872
0x00007d762f6a3a00 0x0000000beb61da00 0 0 1 0 1 0 3 48480 864
0x00007d762f6a3a80 0x0000000beb61da80 0 0 1 0 1 0 3 48480 872
0x00007d762f6a3b00 0x0000000beb61db00 0 1 1 0 1 0 3 48480 864
0x00007d762f6a3b80 0x0000000beb61db80 0 1 1 0 1 0 3 48480 872
0x00007d762f6a3c00 0x0000000beb61dc00 0 0 0 0 1 0 3 48480 880
0x00007d762f6a3c80 0x0000000beb61dc80 0 0 0 0 1 0 3 48480 888
0x00007d762f6a3d00 0x0000000beb61dd00 0 1 0 0 1 0 3 48480 880
0x00007d762f6a3d80 0x0000000beb61dd80 0 1 0 0 1 0 3 48480 888
0x00007d762f6a3e00 0x0000000beb61de00 0 0 1 0 1 0 3 48480 880
0x00007d762f6a3e80 0x0000000beb61de80 0 0 1 0 1 0 3 48480 888
0x00007d762f6a3f00 0x0000000beb61df00 0 1 1 0 1 0 3 48480 880
0x00007d762f6a3f80 0x0000000beb61df80 0 1 1 0 1 0 3 48480 888
0x00007d762f6a7000 0x0000000beb61c000 0 0 0 0 1 0 3 48480 768
0x00007d762f6a7080 0x0000000beb61c080 0 0 0 0 1 0 3 48480 776
0x00007d762f6a7100 0x0000000beb61c100 0 1 0 0 1 0 3 48480 768
0x00007d762f6a7180 0x0000000beb61c180 0 1 0 0 1 0 3 48480 776
0x00007d762f6a7200 0x0000000beb61c200 0 0 1 0 1 0 3 48480 768
0x00007d762f6a7280 0x0000000beb61c280 0 0 1 0 1 0 3 48480 776
0x00007d762f6a7300 0x0000000beb61c300 0 1 1 0 1 0 3 48480 768
0x00007d762f6a7380 0x0000000beb61c380 0 1 1 0 1 0 3 48480 776
0x00007d762f6a7400 0x0000000beb61c400 0 0 0 0 1 0 3 48480 784
0x00007d762f6a7480 0x0000000beb61c480 0 0 0 0 1 0 3 48480 792
0x00007d762f6a7500 0x0000000beb61c500 0 1 0 0 1 0 3 48480 784
0x00007d762f6a7580 0x0000000beb61c580 0 1 0 0 1 0 3 48480 792
0x00007d762f6a7600 0x0000000beb61c600 0 0 1 0 1 0 3 48480 784
0x00007d762f6a7680 0x0000000beb61c680 0 0 1 0 1 0 3 48480 792
0x00007d762f6a7700 0x0000000beb61c700 0 1 1 0 1 0 3 48480 784
0x00007d762f6a7780 0x0000000beb61c780 0 1 1 0 1 0 3 48480 792
0x00007d762f6a7800 0x0000000beb61c800 0 0 0 0 1 0 3 48480 800
0x00007d762f6a7880 0x0000000beb61c880 0 0 0 0 1 0 3 48480 808
0x00007d762f6a7900 0x0000000beb61c900 0 1 0 0 1 0 3 48480 800
0x00007d762f6a7980 0x0000000beb61c980 0 1 0 0 1 0 3 48480 808
0x00007d762f6a7a00 0x0000000beb61ca00 0 0 1 0 1 0 3 48480 800
0x00007d762f6a7a80 0x0000000beb61ca80 0 0 1 0 1 0 3 48480 808
0x00007d762f6a7b00 0x0000000beb61cb00 0 1 1 0 1 0 3 48480 800
0x00007d762f6a7b80 0x0000000beb61cb80 0 1 1 0 1 0 3 48480 808
0x00007d762f6a7c00 0x0000000beb61cc00 0 0 0 0 1 0 3 48480 816
0x00007d762f6a7c80 0x0000000beb61cc80 0 0 0 0 1 0 3 48480 824
0x00007d762f6a7d00 0x0000000beb61cd00 0 1 0 0 1 0 3 48480 816
0x00007d762f6a7d80 0x0000000beb61cd80 0 1 0 0 1 0 3 48480 824
0x00007d762f6a7e00 0x0000000beb61ce00 0 0 1 0 1 0 3 48480 816
0x00007d762f6a7e80 0x0000000beb61ce80 0 0 1 0 1 0 3 48480 824
0x00007d762f6a7f00 0x0000000beb61cf00 0 1 1 0 1 0 3 48480 816
0x00007d762f6a7f80 0x0000000beb61cf80 0 1 1 0 1 0 3 48480 824
0x00007d762f6ac000 0x0000000beb61e000 0 0 0 0 1 0 3 48480 896
0x00007d762f6ac080 0x0000000beb61e080 0 0 0 0 1 0 3 48480 904
0x00007d762f6ac100 0x0000000beb61e100 0 1 0 0 1 0 3 48480 896
0x00007d762f6ac180 0x0000000beb61e180 0 1 0 0 1 0 3 48480 904
0x00007d762f6ac200 0x0000000beb61e200 0 0 1 0 1 0 3 48480 896
0x00007d762f6ac280 0x0000000beb61e280 0 0 1 0 1 0 3 48480 904
0x00007d762f6ac300 0x0000000beb61e300 0 1 1 0 1 0 3 48480 896
0x00007d762f6ac380 0x0000000beb61e380 0 1 1 0 1 0 3 48480 904
0x00007d762f6ac400 0x0000000beb61e400 0 0 0 0 1 0 3 48480 912
0x00007d762f6ac480 0x0000000beb61e480 0 0 0 0 1 0 3 48480 920
0x00007d762f6ac500 0x0000000beb61e500 0 1 0 0 1 0 3 48480 912
0x00007d762f6ac580 0x0000000beb61e580 0 1 0 0 1 0 3 48480 920
0x00007d762f6ac600 0x0000000beb61e600 0 0 1 0 1 0 3 48480 912
0x00007d762f6ac680 0x0000000beb61e680 0 0 1 0 1 0 3 48480 920
0x00007d762f6ac700 0x0000000beb61e700 0 1 1 0 1 0 3 48480 912
0x00007d762f6ac780 0x0000000beb61e780 0 1 1 0 1 0 3 48480 920
0x00007d762f6ac800 0x0000000beb61e800 0 0 0 0 1 0 3 48480 928
0x00007d762f6ac880 0x0000000beb61e880 0 0 0 0 1 0 3 48480 936
0x00007d762f6ac900 0x0000000beb61e900 0 1 0 0 1 0 3 48480 928
0x00007d762f6ac980 0x0000000beb61e980 0 1 0 0 1 0 3 48480 936
0x00007d762f6aca00 0x0000000beb61ea00 0 0 1 0 1 0 3 48480 928
0x00007d762f6aca80 0x0000000beb61ea80 0 0 1 0 1 0 3 48480 936
0x00007d762f6acb00 0x0000000beb61eb00 0 1 1 0 1 0 3 48480 928
0x00007d762f6acb80 0x0000000beb61eb80 0 1 1 0 1 0 3 48480 936
0x00007d762f6acc00 0x0000000beb61ec00 0 0 0 0 1 0 3 48480 944
0x00007d762f6acc80 0x0000000beb61ec80 0 0 0 0 1 0 3 48480 952
0x00007d762f6acd00 0x0000000beb61ed00 0 1 0 0 1 0 3 48480 944
0x00007d762f6acd80 0x0000000beb61ed80 0 1 0 0 1 0 3 48480 952
0x00007d762f6ace00 0x0000000beb61ee00 0 0 1 0 1 0 3 48480 944
0x00007d762f6ace80 0x0000000beb61ee80 0 0 1 0 1 0 3 48480 952
0x00007d762f6acf00 0x0000000beb61ef00 0 1 1 0 1 0 3 48480 944
0x00007d762f6acf80 0x0000000beb61ef80 0 1 1 0 1 0 3 48480 952
0x00007d762f6ba000 0x000000029b658000 0 0 0 0 1 0 3 9058 512
0x00007d762f6ba080 0x000000029b658080 0 0 0 0 1 0 3 9058 520
0x00007d762f6ba100 0x000000029b658100 0 1 0 0 1 0 3 9058 512
0x00007d762f6ba180 0x000000029b658180 0 1 0 0 1 0 3 9058 520
0x00007d762f6ba200 0x000000029b658200 0 0 1 0 1 0 3 9058 512
0x00007d762f6ba280 0x000000029b658280 0 0 1 0 1 0 3 9058 520
0x00007d762f6ba300 0x000000029b658300 0 1 1 0 1 0 3 9058 512
0x00007d762f6ba380 0x000000029b658380 0 1 1 0 1 0 3 9058 520
0x00007d762f6ba400 0x000000029b658400 0 0 0 0 1 0 3 9058 528
0x00007d762f6ba480 0x000000029b658480 0 0 0 0 1 0 3 9058 536
0x00007d762f6ba500 0x000000029b658500 0 1 0 0 1 0 3 9058 528
0x00007d762f6ba580 0x000000029b658580 0 1 0 0 1 0 3 9058 536
0x00007d762f6ba600 0x000000029b658600 0 0 1 0 1 0 3 9058 528
0x00007d762f6ba680 0x000000029b658680 0 0 1 0 1 0 3 9058 536
0x00007d762f6ba700 0x000000029b658700 0 1 1 0 1 0 3 9058 528
0x00007d762f6ba780 0x000000029b658780 0 1 1 0 1 0 3 9058 536
0x00007d762f6ba800 0x000000029b658800 0 0 0 0 1 0 3 9058 544
0x00007d762f6ba880 0x000000029b658880 0 0 0 0 1 0 3 9058 552
0x00007d762f6ba900 0x000000029b658900 0 1 0 0 1 0 3 9058 544
0x00007d762f6ba980 0x000000029b658980 0 1 0 0 1 0 3 9058 552
0x00007d762f6baa00 0x000000029b658a00 0 0 1 0 1 0 3 9058 544
0x00007d762f6baa80 0x000000029b658a80 0 0 1 0 1 0 3 9058 552
0x00007d762f6bab00 0x000000029b658b00 0 1 1 0 1 0 3 9058 544
0x00007d762f6bab80 0x000000029b658b80 0 1 1 0 1 0 3 9058 552
0x00007d762f6bac00 0x000000029b658c00 0 0 0 0 1 0 3 9058 560
0x00007d762f6bac80 0x000000029b658c80 0 0 0 0 1 0 3 9058 568
0x00007d762f6bad00 0x000000029b658d00 0 1 0 0 1 0 3 9058 560
0x00007d762f6bad80 0x000000029b658d80 0 1 0 0 1 0 3 9058 568
0x00007d762f6bae00 0x000000029b658e00 0 0 1 0 1 0 3 9058 560
0x00007d762f6bae80 0x000000029b658e80 0 0 1 0 1 0 3 9058 568
0x00007d762f6baf00 0x000000029b658f00 0 1 1 0 1 0 3 9058 560
0x00007d762f6baf80 0x000000029b658f80 0 1 1 0 1 0 3 9058 568
0x00007d762f6bb000 0x0000000c6462f000 0 0 0 0 1 0 3 48273 448
0x00007d762f6bb080 0x0000000c6462f080 0 0 0 0 1 0 3 48273 456
0x00007d762f6bb100 0x0000000c6462f100 0 1 0 0 1 0 3 48273 448
0x00007d762f6bb180 0x0000000c6462f180 0 1 0 0 1 0 3 48273 456
0x00007d762f6bb200 0x0000000c6462f200 0 0 1 0 1 0 3 48273 448
0x00007d762f6bb280 0x0000000c6462f280 0 0 1 0 1 0 3 48273 456
0x00007d762f6bb300 0x0000000c6462f300 0 1 1 0 1 0 3 48273 448
0x00007d762f6bb380 0x0000000c6462f380 0 1 1 0 1 0 3 48273 456
0x00007d762f6bb400 0x0000000c6462f400 0 0 0 0 1 0 3 48273 464
0x00007d762f6bb480 0x0000000c6462f480 0 0 0 0 1 0 3 48273 472
0x00007d762f6bb500 0x0000000c6462f500 0 1 0 0 1 0 3 48273 464
0x00007d762f6bb580 0x0000000c6462f580 0 1 0 0 1 0 3 48273 472
0x00007d762f6bb600 0x0000000c6462f600 0 0 1 0 1 0 3 48273 464
0x00007d762f6bb680 0x0000000c6462f680 0 0 1 0 1 0 3 48273 472
0x00007d762f6bb700 0x0000000c6462f700 0 1 1 0 1 0 3 48273 464
0x00007d762f6bb780 0x0000000c6462f780 0 1 1 0 1 0 3 48273 472
0x00007d762f6bb800 0x0000000c6462f800 0 0 0 0 1 0 3 48273 480
0x00007d762f6bb880 0x0000000c6462f880 0 0 0 0 1 0 3 48273 488
0x00007d762f6bb900 0x0000000c6462f900 0 1 0 0 1 0 3 48273 480
0x00007d762f6bb980 0x0000000c6462f980 0 1 0 0 1 0 3 48273 488
0x00007d762f6bba00 0x0000000c6462fa00 0 0 1 0 1 0 3 48273 480
0x00007d762f6bba80 0x0000000c6462fa80 0 0 1 0 1 0 3 48273 488
0x00007d762f6bbb00 0x0000000c6462fb00 0 1 1 0 1 0 3 48273 480
0x00007d762f6bbb80 0x0000000c6462fb80 0 1 1 0 1 0 3 48273 488
0x00007d762f6bbc00 0x0000000c6462fc00 0 0 0 0 1 0 3 48273 496
0x00007d762f6bbc80 0x0000000c6462fc80 0 0 0 0 1 0 3 48273 504
0x00007d762f6bbd00 0x0000000c6462fd00 0 1 0 0 1 0 3 48273 496
0x00007d762f6bbd80 0x0000000c6462fd80 0 1 0 0 1 0 3 48273 504
0x00007d762f6bbe00 0x0000000c6462fe00 0 0 1 0 1 0 3 48273 496
0x00007d762f6bbe80 0x0000000c6462fe80 0 0 1 0 1 0 3 48273 504
0x00007d762f6bbf00 0x0000000c6462ff00 0 1 1 0 1 0 3 48273 496
0x00007d762f6bbf80 0x0000000c6462ff80 0 1 1 0 1 0 3 48273 504
0x00007d762f6bd000 0x000000029b618000 0 0 0 0 1 0 3 9056 512
0x00007d762f6bd080 0x000000029b618080 0 0 0 0 1 0 3 9056 520
0x00007d762f6bd100 0x000000029b618100 0 1 0 0 1 0 3 9056 512
0x00007d762f6bd180 0x000000029b618180 0 1 0 0 1 0 3 9056 520
0x00007d762f6bd200 0x000000029b618200 0 0 1 0 1 0 3 9056 512
0x00007d762f6bd280 0x000000029b618280 0 0 1 0 1 0 3 9056 520
0x00007d762f6bd300 0x000000029b618300 0 1 1 0 1 0 3 9056 512
0x00007d762f6bd380 0x000000029b618380 0 1 1 0 1 0 3 9056 520
0x00007d762f6bd400 0x000000029b618400 0 0 0 0 1 0 3 9056 528
0x00007d762f6bd480 0x000000029b618480 0 0 0 0 1 0 3 9056 536
0x00007d762f6bd500 0x000000029b618500 0 1 0 0 1 0 3 9056 528
0x00007d762f6bd580 0x000000029b618580 0 1 0 0 1 0 3 9056 536
0x00007d762f6bd600 0x000000029b618600 0 0 1 0 1 0 3 9056 528
0x00007d762f6bd680 0x000000029b618680 0 0 1 0 1 0 3 9056 536
0x00007d762f6bd700 0x000000029b618700 0 1 1 0 1 0 3 9056 528
0x00007d762f6bd780 0x000000029b618780 0 1 1 0 1 0 3 9056 536
0x00007d762f6bd800 0x000000029b618800 0 0 0 0 1 0 3 9056 544
0x00007d762f6bd880 0x000000029b618880 0 0 0 0 1 0 3 9056 552
0x00007d762f6bd900 0x000000029b618900 0 1 0 0 1 0 3 9056 544
0x00007d762f6bd980 0x000000029b618980 0 1 0 0 1 0 3 9056 552
0x00007d762f6bda00 0x000000029b618a00 0 0 1 0 1 0 3 9056 544
0x00007d762f6bda80 0x000000029b618a80 0 0 1 0 1 0 3 9056 552
0x00007d762f6bdb00 0x000000029b618b00 0 1 1 0 1 0 3 9056 544
0x00007d762f6bdb80 0x000000029b618b80 0 1 1 0 1 0 3 9056 552
0x00007d762f6bdc00 0x000000029b618c00 0 0 0 0 1 0 3 9056 560
0x00007d762f6bdc80 0x000000029b618c80 0 0 0 0 1 0 3 9056 568
0x00007d762f6bdd00 0x000000029b618d00 0 1 0 0 1 0 3 9056 560
0x00007d762f6bdd80 0x000000029b618d80 0 1 0 0 1 0 3 9056 568
0x00007d762f6bde00 0x000000029b618e00 0 0 1 0 1 0 3 9056 560
0x00007d762f6bde80 0x000000029b618e80 0 0 1 0 1 0 3 9056 568
0x00007d762f6bdf00 0x000000029b618f00 0 1 1 0 1 0 3 9056 560
0x00007d762f6bdf80 0x000000029b618f80 0 1 1 0 1 0 3 9056 568
0x00007d762f6be000 0x000000029b610000 0 0 0 0 0 0 3 9056 512
0x00007d762f6be080 0x000000029b610080 0 0 0 0 0 0 3 9056 520
0x00007d762f6be100 0x000000029b610100 0 1 0 0 0 0 3 9056 512
0x00007d762f6be180 0x000000029b610180 0 1 0 0 0 0 3 9056 520
0x00007d762f6be200 0x000000029b610200 0 0 1 0 0 0 3 9056 512
0x00007d762f6be280 0x000000029b610280 0 0 1 0 0 0 3 9056 520
0x00007d762f6be300 0x000000029b610300 0 1 1 0 0 0 3 9056 512
0x00007d762f6be380 0x000000029b610380 0 1 1 0 0 0 3 9056 520
0x00007d762f6be400 0x000000029b610400 0 0 0 0 0 0 3 9056 528
0x00007d762f6be480 0x000000029b610480 0 0 0 0 0 0 3 9056 536
0x00007d762f6be500 0x000000029b610500 0 1 0 0 0 0 3 9056 528
0x00007d762f6be580 0x000000029b610580 0 1 0 0 0 0 3 9056 536
0x00007d762f6be600 0x000000029b610600 0 0 1 0 0 0 3 9056 528
0x00007d762f6be680 0x000000029b610680 0 0 1 0 0 0 3 9056 536
0x00007d762f6be700 0x000000029b610700 0 1 1 0 0 0 3 9056 528
0x00007d762f6be780 0x000000029b610780 0 1 1 0 0 0 3 9056 536
0x00007d762f6be800 0x000000029b610800 0 0 0 0 0 0 3 9056 544
0x00007d762f6be880 0x000000029b610880 0 0 0 0 0 0 3 9056 552
0x00007d762f6be900 0x000000029b610900 0 1 0 0 0 0 3 9056 544
0x00007d762f6be980 0x000000029b610980 0 1 0 0 0 0 3 9056 552
0x00007d762f6bea00 0x000000029b610a00 0 0 1 0 0 0 3 9056 544
0x00007d762f6bea80 0x000000029b610a80 0 0 1 0 0 0 3 9056 552
0x00007d762f6beb00 0x000000029b610b00 0 1 1 0 0 0 3 9056 544
0x00007d762f6beb80 0x000000029b610b80 0 1 1 0 0 0 3 9056 552
0x00007d762f6bec00 0x000000029b610c00 0 0 0 0 0 0 3 9056 560
0x00007d762f6bec80 0x000000029b610c80 0 0 0 0 0 0 3 9056 568
0x00007d762f6bed00 0x000000029b610d00 0 1 0 0 0 0 3 9056 560
0x00007d762f6bed80 0x000000029b610d80 0 1 0 0 0 0 3 9056 568
0x00007d762f6bee00 0x000000029b610e00 0 0 1 0 0 0 3 9056 560
0x00007d762f6bee80 0x000000029b610e80 0 0 1 0 0 0 3 9056 568
0x00007d762f6bef00 0x000000029b610f00 0 1 1 0 0 0 3 9056 560
0x00007d762f6bef80 0x000000029b610f80 0 1 1 0 0 0 3 9056 568
0x00007d762f6c0000 0x0000000bceeec000 0 0 0 0 1 0 3 47567 256
0x00007d762f6c0080 0x0000000bceeec080 0 0 0 0 1 0 3 47567 264
0x00007d762f6c0100 0x0000000bceeec100 0 1 0 0 1 0 3 47567 256
0x00007d762f6c0180 0x0000000bceeec180 0 1 0 0 1 0 3 47567 264
0x00007d762f6c0200 0x0000000bceeec200 0 0 1 0 1 0 3 47567 256
0x00007d762f6c0280 0x0000000bceeec280 0 0 1 0 1 0 3 47567 264
0x00007d762f6c0300 0x0000000bceeec300 0 1 1 0 1 0 3 47567 256
0x00007d762f6c0380 0x0000000bceeec380 0 1 1 0 1 0 3 47567 264
0x00007d762f6c0400 0x0000000bceeec400 0 0 0 0 1 0 3 47567 272
0x00007d762f6c0480 0x0000000bceeec480 0 0 0 0 1 0 3 47567 280
0x00007d762f6c0500 0x0000000bceeec500 0 1 0 0 1 0 3 47567 272
0x00007d762f6c0580 0x0000000bceeec580 0 1 0 0 1 0 3 47567 280
0x00007d762f6c0600 0x0000000bceeec600 0 0 1 0 1 0 3 47567 272
0x00007d762f6c0680 0x0000000bceeec680 0 0 1 0 1 0 3 47567 280
0x00007d762f6c0700 0x0000000bceeec700 0 1 1 0 1 0 3 47567 272
0x00007d762f6c0780 0x0000000bceeec780 0 1 1 0 1 0 3 47567 280
0x00007d762f6c0800 0x0000000bceeec800 0 0 0 0 1 0 3 47567 288
0x00007d762f6c0880 0x0000000bceeec880 0 0 0 0 1 0 3 47567 296
0x00007d762f6c0900 0x0000000bceeec900 0 1 0 0 1 0 3 47567 288
0x00007d762f6c0980 0x0000000bceeec980 0 1 0 0 1 0 3 47567 296
0x00007d762f6c0a00 0x0000000bceeeca00 0 0 1 0 1 0 3 47567 288
0x00007d762f6c0a80 0x0000000bceeeca80 0 0 1 0 1 0 3 47567 296
0x00007d762f6c0b00 0x0000000bceeecb00 0 1 1 0 1 0 3 47567 288
0x00007d762f6c0b80 0x0000000bceeecb80 0 1 1 0 1 0 3 47567 296
0x00007d762f6c0c00 0x0000000bceeecc00 0 0 0 0 1 0 3 47567 304
0x00007d762f6c0c80 0x0000000bceeecc80 0 0 0 0 1 0 3 47567 312
0x00007d762f6c0d00 0x0000000bceeecd00 0 1 0 0 1 0 3 47567 304
0x00007d762f6c0d80 0x0000000bceeecd80 0 1 0 0 1 0 3 47567 312
0x00007d762f6c0e00 0x0000000bceeece00 0 0 1 0 1 0 3 47567 304
0x00007d762f6c0e80 0x0000000bceeece80 0 0 1 0 1 0 3 47567 312
0x00007d762f6c0f00 0x0000000bceeecf00 0 1 1 0 1 0 3 47567 304
0x00007d762f6c0f80 0x0000000bceeecf80 0 1 1 0 1 0 3 47567 312
0x00007d762f6c2000 0x0000000915624000 0 0 0 0 0 0 3 33457 256
0x00007d762f6c2080 0x0000000915624080 0 0 0 0 0 0 3 33457 264
0x00007d762f6c2100 0x0000000915624100 0 1 0 0 0 0 3 33457 256
0x00007d762f6c2180 0x0000000915624180 0 1 0 0 0 0 3 33457 264
0x00007d762f6c2200 0x0000000915624200 0 0 1 0 0 0 3 33457 256
0x00007d762f6c2280 0x0000000915624280 0 0 1 0 0 0 3 33457 264
0x00007d762f6c2300 0x0000000915624300 0 1 1 0 0 0 3 33457 256
0x00007d762f6c2380 0x0000000915624380 0 1 1 0 0 0 3 33457 264
0x00007d762f6c2400 0x0000000915624400 0 0 0 0 0 0 3 33457 272
0x00007d762f6c2480 0x0000000915624480 0 0 0 0 0 0 3 33457 280
0x00007d762f6c2500 0x0000000915624500 0 1 0 0 0 0 3 33457 272
0x00007d762f6c2580 0x0000000915624580 0 1 0 0 0 0 3 33457 280
0x00007d762f6c2600 0x0000000915624600 0 0 1 0 0 0 3 33457 272
0x00007d762f6c2680 0x0000000915624680 0 0 1 0 0 0 3 33457 280
0x00007d762f6c2700 0x0000000915624700 0 1 1 0 0 0 3 33457 272
0x00007d762f6c2780 0x0000000915624780 0 1 1 0 0 0 3 33457 280
0x00007d762f6c2800 0x0000000915624800 0 0 0 0 0 0 3 33457 288
0x00007d762f6c2880 0x0000000915624880 0 0 0 0 0 0 3 33457 296
0x00007d762f6c2900 0x0000000915624900 0 1 0 0 0 0 3 33457 288
0x00007d762f6c2980 0x0000000915624980 0 1 0 0 0 0 3 33457 296
0x00007d762f6c2a00 0x0000000915624a00 0 0 1 0 0 0 3 33457 288
0x00007d762f6c2a80 0x0000000915624a80 0 0 1 0 0 0 3 33457 296
0x00007d762f6c2b00 0x0000000915624b00 0 1 1 0 0 0 3 33457 288
0x00007d762f6c2b80 0x0000000915624b80 0 1 1 0 0 0 3 33457 296
0x00007d762f6c2c00 0x0000000915624c00 0 0 0 0 0 0 3 33457 304
0x00007d762f6c2c80 0x0000000915624c80 0 0 0 0 0 0 3 33457 312
0x00007d762f6c2d00 0x0000000915624d00 0 1 0 0 0 0 3 33457 304
0x00007d762f6c2d80 0x0000000915624d80 0 1 0 0 0 0 3 33457 312
0x00007d762f6c2e00 0x0000000915624e00 0 0 1 0 0 0 3 33457 304
0x00007d762f6c2e80 0x0000000915624e80 0 0 1 0 0 0 3 33457 312
0x00007d762f6c2f00 0x0000000915624f00 0 1 1 0 0 0 3 33457 304
0x00007d762f6c2f80 0x0000000915624f80 0 1 1 0 0 0 3 33457 312
0x00007d762f6c3000 0x000000029b613000 0 0 0 0 0 0 3 9056 704
0x00007d762f6c3080 0x000000029b613080 0 0 0 0 0 0 3 9056 712
0x00007d762f6c3100 0x000000029b613100 0 1 0 0 0 0 3 9056 704
0x00007d762f6c3180 0x000000029b613180 0 1 0 0 0 0 3 9056 712
0x00007d762f6c3200 0x000000029b613200 0 0 1 0 0 0 3 9056 704
0x00007d762f6c3280 0x000000029b613280 0 0 1 0 0 0 3 9056 712
0x00007d762f6c3300 0x000000029b613300 0 1 1 0 0 0 3 9056 704
0x00007d762f6c3380 0x000000029b613380 0 1 1 0 0 0 3 9056 712
0x00007d762f6c3400 0x000000029b613400 0 0 0 0 0 0 3 9056 720
0x00007d762f6c3480 0x000000029b613480 0 0 0 0 0 0 3 9056 728
0x00007d762f6c3500 0x000000029b613500 0 1 0 0 0 0 3 9056 720
0x00007d762f6c3580 0x000000029b613580 0 1 0 0 0 0 3 9056 728
0x00007d762f6c3600 0x000000029b613600 0 0 1 0 0 0 3 9056 720
0x00007d762f6c3680 0x000000029b613680 0 0 1 0 0 0 3 9056 728
0x00007d762f6c3700 0x000000029b613700 0 1 1 0 0 0 3 9056 720
0x00007d762f6c3780 0x000000029b613780 0 1 1 0 0 0 3 9056 728
0x00007d762f6c3800 0x000000029b613800 0 0 0 0 0 0 3 9056 736
0x00007d762f6c3880 0x000000029b613880 0 0 0 0 0 0 3 9056 744
0x00007d762f6c3900 0x000000029b613900 0 1 0 0 0 0 3 9056 736
0x00007d762f6c3980 0x000000029b613980 0 1 0 0 0 0 3 9056 744
0x00007d762f6c3a00 0x000000029b613a00 0 0 1 0 0 0 3 9056 736
0x00007d762f6c3a80 0x000000029b613a80 0 0 1 0 0 0 3 9056 744
0x00007d762f6c3b00 0x000000029b613b00 0 1 1 0 0 0 3 9056 736
0x00007d762f6c3b80 0x000000029b613b80 0 1 1 0 0 0 3 9056 744
0x00007d762f6c3c00 0x000000029b613c00 0 0 0 0 0 0 3 9056 752
0x00007d762f6c3c80 0x000000029b613c80 0 0 0 0 0 0 3 9056 760
0x00007d762f6c3d00 0x000000029b613d00 0 1 0 0 0 0 3 9056 752
0x00007d762f6c3d80 0x000000029b613d80 0 1 0 0 0 0 3 9056 760
0x00007d762f6c3e00 0x000000029b613e00 0 0 1 0 0 0 3 9056 752
0x00007d762f6c3e80 0x000000029b613e80 0 0 1 0 0 0 3 9056 760
0x00007d762f6c3f00 0x000000029b613f00 0 1 1 0 0 0 3 9056 752
0x00007d762f6c3f80 0x000000029b613f80 0 1 1 0 0 0 3 9056 760
0x00007d762f6c5000 0x000000029b612000 0 0 0 0 0 0 3 9056 640
0x00007d762f6c5080 0x000000029b612080 0 0 0 0 0 0 3 9056 648
0x00007d762f6c5100 0x000000029b612100 0 1 0 0 0 0 3 9056 640
0x00007d762f6c5180 0x000000029b612180 0 1 0 0 0 0 3 9056 648
0x00007d762f6c5200 0x000000029b612200 0 0 1 0 0 0 3 9056 640
0x00007d762f6c5280 0x000000029b612280 0 0 1 0 0 0 3 9056 648
0x00007d762f6c5300 0x000000029b612300 0 1 1 0 0 0 3 9056 640
0x00007d762f6c5380 0x000000029b612380 0 1 1 0 0 0 3 9056 648
0x00007d762f6c5400 0x000000029b612400 0 0 0 0 0 0 3 9056 656
0x00007d762f6c5480 0x000000029b612480 0 0 0 0 0 0 3 9056 664
0x00007d762f6c5500 0x000000029b612500 0 1 0 0 0 0 3 9056 656
0x00007d762f6c5580 0x000000029b612580 0 1 0 0 0 0 3 9056 664
0x00007d762f6c5600 0x000000029b612600 0 0 1 0 0 0 3 9056 656
0x00007d762f6c5680 0x000000029b612680 0 0 1 0 0 0 3 9056 664
0x00007d762f6c5700 0x000000029b612700 0 1 1 0 0 0 3 9056 656
0x00007d762f6c5780 0x000000029b612780 0 1 1 0 0 0 3 9056 664
0x00007d762f6c5800 0x000000029b612800 0 0 0 0 0 0 3 9056 672
0x00007d762f6c5880 0x000000029b612880 0 0 0 0 0 0 3 9056 680
0x00007d762f6c5900 0x000000029b612900 0 1 0 0 0 0 3 9056 672
0x00007d762f6c5980 0x000000029b612980 0 1 0 0 0 0 3 9056 680
0x00007d762f6c5a00 0x000000029b612a00 0 0 1 0 0 0 3 9056 672
0x00007d762f6c5a80 0x000000029b612a80 0 0 1 0 0 0 3 9056 680
0x00007d762f6c5b00 0x000000029b612b00 0 1 1 0 0 0 3 9056 672
0x00007d762f6c5b80 0x000000029b612b80 0 1 1 0 0 0 3 9056 680
0x00007d762f6c5c00 0x000000029b612c00 0 0 0 0 0 0 3 9056 688
0x00007d762f6c5c80 0x000000029b612c80 0 0 0 0 0 0 3 9056 696
0x00007d762f6c5d00 0x000000029b612d00 0 1 0 0 0 0 3 9056 688
0x00007d762f6c5d80 0x000000029b612d80 0 1 0 0 0 0 3 9056 696
0x00007d762f6c5e00 0x000000029b612e00 0 0 1 0 0 0 3 9056 688
0x00007d762f6c5e80 0x000000029b612e80 0 0 1 0 0 0 3 9056 696
0x00007d762f6c5f00 0x000000029b612f00 0 1 1 0 0 0 3 9056 688
0x00007d762f6c5f80 0x000000029b612f80 0 1 1 0 0 0 3 9056 696
0x00007d762f6c8000 0x00000009bf68c000 0 0 0 0 1 0 3 38884 256
0x00007d762f6c8080 0x00000009bf68c080 0 0 0 0 1 0 3 38884 264
0x00007d762f6c8100 0x00000009bf68c100 0 1 0 0 1 0 3 38884 256
0x00007d762f6c8180 0x00000009bf68c180 0 1 0 0 1 0 3 38884 264
0x00007d762f6c8200 0x00000009bf68c200 0 0 1 0 1 0 3 38884 256
0x00007d762f6c8280 0x00000009bf68c280 0 0 1 0 1 0 3 38884 264
0x00007d762f6c8300 0x00000009bf68c300 0 1 1 0 1 0 3 38884 256
0x00007d762f6c8380 0x00000009bf68c380 0 1 1 0 1 0 3 38884 264
0x00007d762f6c8400 0x00000009bf68c400 0 0 0 0 1 0 3 38884 272
0x00007d762f6c8480 0x00000009bf68c480 0 0 0 0 1 0 3 38884 280
0x00007d762f6c8500 0x00000009bf68c500 0 1 0 0 1 0 3 38884 272
0x00007d762f6c8580 0x00000009bf68c580 0 1 0 0 1 0 3 38884 280
0x00007d762f6c8600 0x00000009bf68c600 0 0 1 0 1 0 3 38884 272
0x00007d762f6c8680 0x00000009bf68c680 0 0 1 0 1 0 3 38884 280
0x00007d762f6c8700 0x00000009bf68c700 0 1 1 0 1 0 3 38884 272
0x00007d762f6c8780 0x00000009bf68c780 0 1 1 0 1 0 3 38884 280
0x00007d762f6c8800 0x00000009bf68c800 0 0 0 0 1 0 3 38884 288
0x00007d762f6c8880 0x00000009bf68c880 0 0 0 0 1 0 3 38884 296
0x00007d762f6c8900 0x00000009bf68c900 0 1 0 0 1 0 3 38884 288
0x00007d762f6c8980 0x00000009bf68c980 0 1 0 0 1 0 3 38884 296
0x00007d762f6c8a00 0x00000009bf68ca00 0 0 1 0 1 0 3 38884 288
0x00007d762f6c8a80 0x00000009bf68ca80 0 0 1 0 1 0 3 38884 296
0x00007d762f6c8b00 0x00000009bf68cb00 0 1 1 0 1 0 3 38884 288
0x00007d762f6c8b80 0x00000009bf68cb80 0 1 1 0 1 0 3 38884 296
0x00007d762f6c8c00 0x00000009bf68cc00 0 0 0 0 1 0 3 38884 304
0x00007d762f6c8c80 0x00000009bf68cc80 0 0 0 0 1 0 3 38884 312
0x00007d762f6c8d00 0x00000009bf68cd00 0 1 0 0 1 0 3 38884 304
0x00007d762f6c8d80 0x00000009bf68cd80 0 1 0 0 1 0 3 38884 312
0x00007d762f6c8e00 0x00000009bf68ce00 0 0 1 0 1 0 3 38884 304
0x00007d762f6c8e80 0x00000009bf68ce80 0 0 1 0 1 0 3 38884 312
0x00007d762f6c8f00 0x00000009bf68cf00 0 1 1 0 1 0 3 38884 304
0x00007d762f6c8f80 0x00000009bf68cf80 0 1 1 0 1 0 3 38884 312
0x00007d762f6ca000 0x0000000222ea4000 0 0 0 0 0 0 3 5213 256
0x00007d762f6ca080 0x0000000222ea4080 0 0 0 0 0 0 3 5213 264
0x00007d762f6ca100 0x0000000222ea4100 0 1 0 0 0 0 3 5213 256
0x00007d762f6ca180 0x0000000222ea4180 0 1 0 0 0 0 3 5213 264
0x00007d762f6ca200 0x0000000222ea4200 0 0 1 0 0 0 3 5213 256
0x00007d762f6ca280 0x0000000222ea4280 0 0 1 0 0 0 3 5213 264
0x00007d762f6ca300 0x0000000222ea4300 0 1 1 0 0 0 3 5213 256
0x00007d762f6ca380 0x0000000222ea4380 0 1 1 0 0 0 3 5213 264
0x00007d762f6ca400 0x0000000222ea4400 0 0 0 0 0 0 3 5213 272
0x00007d762f6ca480 0x0000000222ea4480 0 0 0 0 0 0 3 5213 280
0x00007d762f6ca500 0x0000000222ea4500 0 1 0 0 0 0 3 5213 272
0x00007d762f6ca580 0x0000000222ea4580 0 1 0 0 0 0 3 5213 280
0x00007d762f6ca600 0x0000000222ea4600 0 0 1 0 0 0 3 5213 272
0x00007d762f6ca680 0x0000000222ea4680 0 0 1 0 0 0 3 5213 280
0x00007d762f6ca700 0x0000000222ea4700 0 1 1 0 0 0 3 5213 272
0x00007d762f6ca780 0x0000000222ea4780 0 1 1 0 0 0 3 5213 280
0x00007d762f6ca800 0x0000000222ea4800 0 0 0 0 0 0 3 5213 288
0x00007d762f6ca880 0x0000000222ea4880 0 0 0 0 0 0 3 5213 296
0x00007d762f6ca900 0x0000000222ea4900 0 1 0 0 0 0 3 5213 288
0x00007d762f6ca980 0x0000000222ea4980 0 1 0 0 0 0 3 5213 296
0x00007d762f6caa00 0x0000000222ea4a00 0 0 1 0 0 0 3 5213 288
0x00007d762f6caa80 0x0000000222ea4a80 0 0 1 0 0 0 3 5213 296
0x00007d762f6cab00 0x0000000222ea4b00 0 1 1 0 0 0 3 5213 288
0x00007d762f6cab80 0x0000000222ea4b80 0 1 1 0 0 0 3 5213 296
0x00007d762f6cac00 0x0000000222ea4c00 0 0 0 0 0 0 3 5213 304
0x00007d762f6cac80 0x0000000222ea4c80 0 0 0 0 0 0 3 5213 312
0x00007d762f6cad00 0x0000000222ea4d00 0 1 0 0 0 0 3 5213 304
0x00007d762f6cad80 0x0000000222ea4d80 0 1 0 0 0 0 3 5213 312
0x00007d762f6cae00 0x0000000222ea4e00 0 0 1 0 0 0 3 5213 304
0x00007d762f6cae80 0x0000000222ea4e80 0 0 1 0 0 0 3 5213 312
0x00007d762f6caf00 0x0000000222ea4f00 0 1 1 0 0 0 3 5213 304
0x00007d762f6caf80 0x0000000222ea4f80 0 1 1 0 0 0 3 5213 312
0x00007d762f6cb000 0x000000029b616000 0 0 0 0 0 0 3 9056 896
0x00007d762f6cb080 0x000000029b616080 0 0 0 0 0 0 3 9056 904
0x00007d762f6cb100 0x000000029b616100 0 1 0 0 0 0 3 9056 896
0x00007d762f6cb180 0x000000029b616180 0 1 0 0 0 0 3 9056 904
0x00007d762f6cb200 0x000000029b616200 0 0 1 0 0 0 3 9056 896
0x00007d762f6cb280 0x000000029b616280 0 0 1 0 0 0 3 9056 904
0x00007d762f6cb300 0x000000029b616300 0 1 1 0 0 0 3 9056 896
0x00007d762f6cb380 0x000000029b616380 0 1 1 0 0 0 3 9056 904
0x00007d762f6cb400 0x000000029b616400 0 0 0 0 0 0 3 9056 912
0x00007d762f6cb480 0x000000029b616480 0 0 0 0 0 0 3 9056 920
0x00007d762f6cb500 0x000000029b616500 0 1 0 0 0 0 3 9056 912
0x00007d762f6cb580 0x000000029b616580 0 1 0 0 0 0 3 9056 920
0x00007d762f6cb600 0x000000029b616600 0 0 1 0 0 0 3 9056 912
0x00007d762f6cb680 0x000000029b616680 0 0 1 0 0 0 3 9056 920
0x00007d762f6cb700 0x000000029b616700 0 1 1 0 0 0 3 9056 912
0x00007d762f6cb780 0x000000029b616780 0 1 1 0 0 0 3 9056 920
0x00007d762f6cb800 0x000000029b616800 0 0 0 0 0 0 3 9056 928
0x00007d762f6cb880 0x000000029b616880 0 0 0 0 0 0 3 9056 936
0x00007d762f6cb900 0x000000029b616900 0 1 0 0 0 0 3 9056 928
0x00007d762f6cb980 0x000000029b616980 0 1 0 0 0 0 3 9056 936
0x00007d762f6cba00 0x000000029b616a00 0 0 1 0 0 0 3 9056 928
0x00007d762f6cba80 0x000000029b616a80 0 0 1 0 0 0 3 9056 936
0x00007d762f6cbb00 0x000000029b616b00 0 1 1 0 0 0 3 9056 928
0x00007d762f6cbb80 0x000000029b616b80 0 1 1 0 0 0 3 9056 936
0x00007d762f6cbc00 0x000000029b616c00 0 0 0 0 0 0 3 9056 944
0x00007d762f6cbc80 0x000000029b616c80 0 0 0 0 0 0 3 9056 952
0x00007d762f6cbd00 0x000000029b616d00 0 1 0 0 0 0 3 9056 944
0x00007d762f6cbd80 0x000000029b616d80 0 1 0 0 0 0 3 9056 952
0x00007d762f6cbe00 0x000000029b616e00 0 0 1 0 0 0 3 9056 944
0x00007d762f6cbe80 0x000000029b616e80 0 0 1 0 0 0 3 9056 952
0x00007d762f6cbf00 0x000000029b616f00 0 1 1 0 0 0 3 9056 944
0x00007d762f6cbf80 0x000000029b616f80 0 1 1 0 0 0 3 9056 952
0x00007d762f6d8000 0x0000000b89665000 0 0 0 0 0 0 3 45347 320
0x00007d762f6d8080 0x0000000b89665080 0 0 0 0 0 0 3 45347 328
0x00007d762f6d8100 0x0000000b89665100 0 1 0 0 0 0 3 45347 320
0x00007d762f6d8180 0x0000000b89665180 0 1 0 0 0 0 3 45347 328
0x00007d762f6d8200 0x0000000b89665200 0 0 1 0 0 0 3 45347 320
0x00007d762f6d8280 0x0000000b89665280 0 0 1 0 0 0 3 45347 328
0x00007d762f6d8300 0x0000000b89665300 0 1 1 0 0 0 3 45347 320
0x00007d762f6d8380 0x0000000b89665380 0 1 1 0 0 0 3 45347 328
0x00007d762f6d8400 0x0000000b89665400 0 0 0 0 0 0 3 45347 336
0x00007d762f6d8480 0x0000000b89665480 0 0 0 0 0 0 3 45347 344
0x00007d762f6d8500 0x0000000b89665500 0 1 0 0 0 0 3 45347 336
0x00007d762f6d8580 0x0000000b89665580 0 1 0 0 0 0 3 45347 344
0x00007d762f6d8600 0x0000000b89665600 0 0 1 0 0 0 3 45347 336
0x00007d762f6d8680 0x0000000b89665680 0 0 1 0 0 0 3 45347 344
0x00007d762f6d8700 0x0000000b89665700 0 1 1 0 0 0 3 45347 336
0x00007d762f6d8780 0x0000000b89665780 0 1 1 0 0 0 3 45347 344
0x00007d762f6d8800 0x0000000b89665800 0 0 0 0 0 0 3 45347 352
0x00007d762f6d8880 0x0000000b89665880 0 0 0 0 0 0 3 45347 360
0x00007d762f6d8900 0x0000000b89665900 0 1 0 0 0 0 3 45347 352
0x00007d762f6d8980 0x0000000b89665980 0 1 0 0 0 0 3 45347 360
0x00007d762f6d8a00 0x0000000b89665a00 0 0 1 0 0 0 3 45347 352
0x00007d762f6d8a80 0x0000000b89665a80 0 0 1 0 0 0 3 45347 360
0x00007d762f6d8b00 0x0000000b89665b00 0 1 1 0 0 0 3 45347 352
0x00007d762f6d8b80 0x0000000b89665b80 0 1 1 0 0 0 3 45347 360
0x00007d762f6d8c00 0x0000000b89665c00 0 0 0 0 0 0 3 45347 368
0x00007d762f6d8c80 0x0000000b89665c80 0 0 0 0 0 0 3 45347 376
0x00007d762f6d8d00 0x0000000b89665d00 0 1 0 0 0 0 3 45347 368
0x00007d762f6d8d80 0x0000000b89665d80 0 1 0 0 0 0 3 45347 376
0x00007d762f6d8e00 0x0000000b89665e00 0 0 1 0 0 0 3 45347 368
0x00007d762f6d8e80 0x0000000b89665e80 0 0 1 0 0 0 3 45347 376
0x00007d762f6d8f00 0x0000000b89665f00 0 1 1 0 0 0 3 45347 368
0x00007d762f6d8f80 0x0000000b89665f80 0 1 1 0 0 0 3 45347 376
0x00007d762f6db000 0x0000000b89669000 0 0 0 0 1 0 3 45347 64
0x00007d762f6db080 0x0000000b89669080 0 0 0 0 1 0 3 45347 72
0x00007d762f6db100 0x0000000b89669100 0 1 0 0 1 0 3 45347 64
0x00007d762f6db180 0x0000000b89669180 0 1 0 0 1 0 3 45347 72
0x00007d762f6db200 0x0000000b89669200 0 0 1 0 1 0 3 45347 64
0x00007d762f6db280 0x0000000b89669280 0 0 1 0 1 0 3 45347 72
0x00007d762f6db300 0x0000000b89669300 0 1 1 0 1 0 3 45347 64
0x00007d762f6db380 0x0000000b89669380 0 1 1 0 1 0 3 45347 72
0x00007d762f6db400 0x0000000b89669400 0 0 0 0 1 0 3 45347 80
0x00007d762f6db480 0x0000000b89669480 0 0 0 0 1 0 3 45347 88
0x00007d762f6db500 0x0000000b89669500 0 1 0 0 1 0 3 45347 80
0x00007d762f6db580 0x0000000b89669580 0 1 0 0 1 0 3 45347 88
0x00007d762f6db600 0x0000000b89669600 0 0 1 0 1 0 3 45347 80
0x00007d762f6db680 0x0000000b89669680 0 0 1 0 1 0 3 45347 88
0x00007d762f6db700 0x0000000b89669700 0 1 1 0 1 0 3 45347 80
0x00007d762f6db780 0x0000000b89669780 0 1 1 0 1 0 3 45347 88
0x00007d762f6db800 0x0000000b89669800 0 0 0 0 1 0 3 45347 96
0x00007d762f6db880 0x0000000b89669880 0 0 0 0 1 0 3 45347 104
0x00007d762f6db900 0x0000000b89669900 0 1 0 0 1 0 3 45347 96
0x00007d762f6db980 0x0000000b89669980 0 1 0 0 1 0 3 45347 104
0x00007d762f6dba00 0x0000000b89669a00 0 0 1 0 1 0 3 45347 96
0x00007d762f6dba80 0x0000000b89669a80 0 0 1 0 1 0 3 45347 104
0x00007d762f6dbb00 0x0000000b89669b00 0 1 1 0 1 0 3 45347 96
0x00007d762f6dbb80 0x0000000b89669b80 0 1 1 0 1 0 3 45347 104
0x00007d762f6dbc00 0x0000000b89669c00 0 0 0 0 1 0 3 45347 112
0x00007d762f6dbc80 0x0000000b89669c80 0 0 0 0 1 0 3 45347 120
0x00007d762f6dbd00 0x0000000b89669d00 0 1 0 0 1 0 3 45347 112
0x00007d762f6dbd80 0x0000000b89669d80 0 1 0 0 1 0 3 45347 120
0x00007d762f6dbe00 0x0000000b89669e00 0 0 1 0 1 0 3 45347 112
0x00007d762f6dbe80 0x0000000b89669e80 0 0 1 0 1 0 3 45347 120
0x00007d762f6dbf00 0x0000000b89669f00 0 1 1 0 1 0 3 45347 112
0x00007d762f6dbf80 0x0000000b89669f80 0 1 1 0 1 0 3 45347 120
0x00007d762f6e1000 0x0000000565e4e000 0 0 0 0 1 0 3 19642 384
0x00007d762f6e1080 0x0000000565e4e080 0 0 0 0 1 0 3 19642 392
0x00007d762f6e1100 0x0000000565e4e100 0 1 0 0 1 0 3 19642 384
0x00007d762f6e1180 0x0000000565e4e180 0 1 0 0 1 0 3 19642 392
0x00007d762f6e1200 0x0000000565e4e200 0 0 1 0 1 0 3 19642 384
0x00007d762f6e1280 0x0000000565e4e280 0 0 1 0 1 0 3 19642 392
0x00007d762f6e1300 0x0000000565e4e300 0 1 1 0 1 0 3 19642 384
0x00007d762f6e1380 0x0000000565e4e380 0 1 1 0 1 0 3 19642 392
0x00007d762f6e1400 0x0000000565e4e400 0 0 0 0 1 0 3 19642 400
0x00007d762f6e1480 0x0000000565e4e480 0 0 0 0 1 0 3 19642 408
0x00007d762f6e1500 0x0000000565e4e500 0 1 0 0 1 0 3 19642 400
0x00007d762f6e1580 0x0000000565e4e580 0 1 0 0 1 0 3 19642 408
0x00007d762f6e1600 0x0000000565e4e600 0 0 1 0 1 0 3 19642 400
0x00007d762f6e1680 0x0000000565e4e680 0 0 1 0 1 0 3 19642 408
0x00007d762f6e1700 0x0000000565e4e700 0 1 1 0 1 0 3 19642 400
0x00007d762f6e1780 0x0000000565e4e780 0 1 1 0 1 0 3 19642 408
0x00007d762f6e1800 0x0000000565e4e800 0 0 0 0 1 0 3 19642 416
0x00007d762f6e1880 0x0000000565e4e880 0 0 0 0 1 0 3 19642 424
0x00007d762f6e1900 0x0000000565e4e900 0 1 0 0 1 0 3 19642 416
0x00007d762f6e1980 0x0000000565e4e980 0 1 0 0 1 0 3 19642 424
0x00007d762f6e1a00 0x0000000565e4ea00 0 0 1 0 1 0 3 19642 416
0x00007d762f6e1a80 0x0000000565e4ea80 0 0 1 0 1 0 3 19642 424
0x00007d762f6e1b00 0x0000000565e4eb00 0 1 1 0 1 0 3 19642 416
0x00007d762f6e1b80 0x0000000565e4eb80 0 1 1 0 1 0 3 19642 424
0x00007d762f6e1c00 0x0000000565e4ec00 0 0 0 0 1 0 3 19642 432
0x00007d762f6e1c80 0x0000000565e4ec80 0 0 0 0 1 0 3 19642 440
0x00007d762f6e1d00 0x0000000565e4ed00 0 1 0 0 1 0 3 19642 432
0x00007d762f6e1d80 0x0000000565e4ed80 0 1 0 0 1 0 3 19642 440
0x00007d762f6e1e00 0x0000000565e4ee00 0 0 1 0 1 0 3 19642 432
0x00007d762f6e1e80 0x0000000565e4ee80 0 0 1 0 1 0 3 19642 440
0x00007d762f6e1f00 0x0000000565e4ef00 0 1 1 0 1 0 3 19642 432
0x00007d762f6e1f80 0x0000000565e4ef80 0 1 1 0 1 0 3 19642 440
0x00007d762f6e3000 0x000000029b615000 0 0 0 0 0 0 3 9056 832
0x00007d762f6e3080 0x000000029b615080 0 0 0 0 0 0 3 9056 840
0x00007d762f6e3100 0x000000029b615100 0 1 0 0 0 0 3 9056 832
0x00007d762f6e3180 0x000000029b615180 0 1 0 0 0 0 3 9056 840
0x00007d762f6e3200 0x000000029b615200 0 0 1 0 0 0 3 9056 832
0x00007d762f6e3280 0x000000029b615280 0 0 1 0 0 0 3 9056 840
0x00007d762f6e3300 0x000000029b615300 0 1 1 0 0 0 3 9056 832
0x00007d762f6e3380 0x000000029b615380 0 1 1 0 0 0 3 9056 840
0x00007d762f6e3400 0x000000029b615400 0 0 0 0 0 0 3 9056 848
0x00007d762f6e3480 0x000000029b615480 0 0 0 0 0 0 3 9056 856
0x00007d762f6e3500 0x000000029b615500 0 1 0 0 0 0 3 9056 848
0x00007d762f6e3580 0x000000029b615580 0 1 0 0 0 0 3 9056 856
0x00007d762f6e3600 0x000000029b615600 0 0 1 0 0 0 3 9056 848
0x00007d762f6e3680 0x000000029b615680 0 0 1 0 0 0 3 9056 856
0x00007d762f6e3700 0x000000029b615700 0 1 1 0 0 0 3 9056 848
0x00007d762f6e3780 0x000000029b615780 0 1 1 0 0 0 3 9056 856
0x00007d762f6e3800 0x000000029b615800 0 0 0 0 0 0 3 9056 864
0x00007d762f6e3880 0x000000029b615880 0 0 0 0 0 0 3 9056 872
0x00007d762f6e3900 0x000000029b615900 0 1 0 0 0 0 3 9056 864
0x00007d762f6e3980 0x000000029b615980 0 1 0 0 0 0 3 9056 872
0x00007d762f6e3a00 0x000000029b615a00 0 0 1 0 0 0 3 9056 864
0x00007d762f6e3a80 0x000000029b615a80 0 0 1 0 0 0 3 9056 872
0x00007d762f6e3b00 0x000000029b615b00 0 1 1 0 0 0 3 9056 864
0x00007d762f6e3b80 0x000000029b615b80 0 1 1 0 0 0 3 9056 872
0x00007d762f6e3c00 0x000000029b615c00 0 0 0 0 0 0 3 9056 880
0x00007d762f6e3c80 0x000000029b615c80 0 0 0 0 0 0 3 9056 888
0x00007d762f6e3d00 0x000000029b615d00 0 1 0 0 0 0 3 9056 880
0x00007d762f6e3d80 0x000000029b615d80 0 1 0 0 0 0 3 9056 888
0x00007d762f6e3e00 0x000000029b615e00 0 0 1 0 0 0 3 9056 880
0x00007d762f6e3e80 0x000000029b615e80 0 0 1 0 0 0 3 9056 888
0x00007d762f6e3f00 0x000000029b615f00 0 1 1 0 0 0 3 9056 880
0x00007d762f6e3f80 0x000000029b615f80 0 1 1 0 0 0 3 9056 888
0x00007d762f6e4000 0x0000000b89668000 0 0 0 0 1 0 3 45347 0
0x00007d762f6e4080 0x0000000b89668080 0 0 0 0 1 0 3 45347 8
0x00007d762f6e4100 0x0000000b89668100 0 1 0 0 1 0 3 45347 0
0x00007d762f6e4180 0x0000000b89668180 0 1 0 0 1 0 3 45347 8
0x00007d762f6e4200 0x0000000b89668200 0 0 1 0 1 0 3 45347 0
0x00007d762f6e4280 0x0000000b89668280 0 0 1 0 1 0 3 45347 8
0x00007d762f6e4300 0x0000000b89668300 0 1 1 0 1 0 3 45347 0
0x00007d762f6e4380 0x0000000b89668380 0 1 1 0 1 0 3 45347 8
0x00007d762f6e4400 0x0000000b89668400 0 0 0 0 1 0 3 45347 16
0x00007d762f6e4480 0x0000000b89668480 0 0 0 0 1 0 3 45347 24
0x00007d762f6e4500 0x0000000b89668500 0 1 0 0 1 0 3 45347 16
0x00007d762f6e4580 0x0000000b89668580 0 1 0 0 1 0 3 45347 24
0x00007d762f6e4600 0x0000000b89668600 0 0 1 0 1 0 3 45347 16
0x00007d762f6e4680 0x0000000b89668680 0 0 1 0 1 0 3 45347 24
0x00007d762f6e4700 0x0000000b89668700 0 1 1 0 1 0 3 45347 16
0x00007d762f6e4780 0x0000000b89668780 0 1 1 0 1 0 3 45347 24
0x00007d762f6e4800 0x0000000b89668800 0 0 0 0 1 0 3 45347 32
0x00007d762f6e4880 0x0000000b89668880 0 0 0 0 1 0 3 45347 40
0x00007d762f6e4900 0x0000000b89668900 0 1 0 0 1 0 3 45347 32
0x00007d762f6e4980 0x0000000b89668980 0 1 0 0 1 0 3 45347 40
0x00007d762f6e4a00 0x0000000b89668a00 0 0 1 0 1 0 3 45347 32
0x00007d762f6e4a80 0x0000000b89668a80 0 0 1 0 1 0 3 45347 40
0x00007d762f6e4b00 0x0000000b89668b00 0 1 1 0 1 0 3 45347 32
0x00007d762f6e4b80 0x0000000b89668b80 0 1 1 0 1 0 3 45347 40
0x00007d762f6e4c00 0x0000000b89668c00 0 0 0 0 1 0 3 45347 48
0x00007d762f6e4c80 0x0000000b89668c80 0 0 0 0 1 0 3 45347 56
0x00007d762f6e4d00 0x0000000b89668d00 0 1 0 0 1 0 3 45347 48
0x00007d762f6e4d80 0x0000000b89668d80 0 1 0 0 1 0 3 45347 56
0x00007d762f6e4e00 0x0000000b89668e00 0 0 1 0 1 0 3 45347 48
0x00007d762f6e4e80 0x0000000b89668e80 0 0 1 0 1 0 3 45347 56
0x00007d762f6e4f00 0x0000000b89668f00 0 1 1 0 1 0 3 45347 48
0x00007d762f6e4f80 0x0000000b89668f80 0 1 1 0 1 0 3 45347 56
0x00007d762f6e5000 0x00000004466c2000 0 0 0 0 0 0 3 14550 128
0x00007d762f6e5080 0x00000004466c2080 0 0 0 0 0 0 3 14550 136
0x00007d762f6e5100 0x00000004466c2100 0 1 0 0 0 0 3 14550 128
0x00007d762f6e5180 0x00000004466c2180 0 1 0 0 0 0 3 14550 136
0x00007d762f6e5200 0x00000004466c2200 0 0 1 0 0 0 3 14550 128
0x00007d762f6e5280 0x00000004466c2280 0 0 1 0 0 0 3 14550 136
0x00007d762f6e5300 0x00000004466c2300 0 1 1 0 0 0 3 14550 128
0x00007d762f6e5380 0x00000004466c2380 0 1 1 0 0 0 3 14550 136
0x00007d762f6e5400 0x00000004466c2400 0 0 0 0 0 0 3 14550 144
0x00007d762f6e5480 0x00000004466c2480 0 0 0 0 0 0 3 14550 152
0x00007d762f6e5500 0x00000004466c2500 0 1 0 0 0 0 3 14550 144
0x00007d762f6e5580 0x00000004466c2580 0 1 0 0 0 0 3 14550 152
0x00007d762f6e5600 0x00000004466c2600 0 0 1 0 0 0 3 14550 144
0x00007d762f6e5680 0x00000004466c2680 0 0 1 0 0 0 3 14550 152
0x00007d762f6e5700 0x00000004466c2700 0 1 1 0 0 0 3 14550 144
0x00007d762f6e5780 0x00000004466c2780 0 1 1 0 0 0 3 14550 152
0x00007d762f6e5800 0x00000004466c2800 0 0 0 0 0 0 3 14550 160
0x00007d762f6e5880 0x00000004466c2880 0 0 0 0 0 0 3 14550 168
0x00007d762f6e5900 0x00000004466c2900 0 1 0 0 0 0 3 14550 160
0x00007d762f6e5980 0x00000004466c2980 0 1 0 0 0 0 3 14550 168
0x00007d762f6e5a00 0x00000004466c2a00 0 0 1 0 0 0 3 14550 160
0x00007d762f6e5a80 0x00000004466c2a80 0 0 1 0 0 0 3 14550 168
0x00007d762f6e5b00 0x00000004466c2b00 0 1 1 0 0 0 3 14550 160
0x00007d762f6e5b80 0x00000004466c2b80 0 1 1 0 0 0 3 14550 168
0x00007d762f6e5c00 0x00000004466c2c00 0 0 0 0 0 0 3 14550 176
0x00007d762f6e5c80 0x00000004466c2c80 0 0 0 0 0 0 3 14550 184
0x00007d762f6e5d00 0x00000004466c2d00 0 1 0 0 0 0 3 14550 176
0x00007d762f6e5d80 0x00000004466c2d80 0 1 0 0 0 0 3 14550 184
0x00007d762f6e5e00 0x00000004466c2e00 0 0 1 0 0 0 3 14550 176
0x00007d762f6e5e80 0x00000004466c2e80 0 0 1 0 0 0 3 14550 184
0x00007d762f6e5f00 0x00000004466c2f00 0 1 1 0 0 0 3 14550 176
0x00007d762f6e5f80 0x00000004466c2f80 0 1 1 0 0 0 3 14550 184
0x00007d762f6e7000 0x0000000565e47000 0 0 0 0 0 0 3 19642 448
0x00007d762f6e7080 0x0000000565e47080 0 0 0 0 0 0 3 19642 456
0x00007d762f6e7100 0x0000000565e47100 0 1 0 0 0 0 3 19642 448
0x00007d762f6e7180 0x0000000565e47180 0 1 0 0 0 0 3 19642 456
0x00007d762f6e7200 0x0000000565e47200 0 0 1 0 0 0 3 19642 448
0x00007d762f6e7280 0x0000000565e47280 0 0 1 0 0 0 3 19642 456
0x00007d762f6e7300 0x0000000565e47300 0 1 1 0 0 0 3 19642 448
0x00007d762f6e7380 0x0000000565e47380 0 1 1 0 0 0 3 19642 456
0x00007d762f6e7400 0x0000000565e47400 0 0 0 0 0 0 3 19642 464
0x00007d762f6e7480 0x0000000565e47480 0 0 0 0 0 0 3 19642 472
0x00007d762f6e7500 0x0000000565e47500 0 1 0 0 0 0 3 19642 464
0x00007d762f6e7580 0x0000000565e47580 0 1 0 0 0 0 3 19642 472
0x00007d762f6e7600 0x0000000565e47600 0 0 1 0 0 0 3 19642 464
0x00007d762f6e7680 0x0000000565e47680 0 0 1 0 0 0 3 19642 472
0x00007d762f6e7700 0x0000000565e47700 0 1 1 0 0 0 3 19642 464
0x00007d762f6e7780 0x0000000565e47780 0 1 1 0 0 0 3 19642 472
0x00007d762f6e7800 0x0000000565e47800 0 0 0 0 0 0 3 19642 480
0x00007d762f6e7880 0x0000000565e47880 0 0 0 0 0 0 3 19642 488
0x00007d762f6e7900 0x0000000565e47900 0 1 0 0 0 0 3 19642 480
0x00007d762f6e7980 0x0000000565e47980 0 1 0 0 0 0 3 19642 488
0x00007d762f6e7a00 0x0000000565e47a00 0 0 1 0 0 0 3 19642 480
0x00007d762f6e7a80 0x0000000565e47a80 0 0 1 0 0 0 3 19642 488
0x00007d762f6e7b00 0x0000000565e47b00 0 1 1 0 0 0 3 19642 480
0x00007d762f6e7b80 0x0000000565e47b80 0 1 1 0 0 0 3 19642 488
0x00007d762f6e7c00 0x0000000565e47c00 0 0 0 0 0 0 3 19642 496
0x00007d762f6e7c80 0x0000000565e47c80 0 0 0 0 0 0 3 19642 504
0x00007d762f6e7d00 0x0000000565e47d00 0 1 0 0 0 0 3 19642 496
0x00007d762f6e7d80 0x0000000565e47d80 0 1 0 0 0 0 3 19642 504
0x00007d762f6e7e00 0x0000000565e47e00 0 0 1 0 0 0 3 19642 496
0x00007d762f6e7e80 0x0000000565e47e80 0 0 1 0 0 0 3 19642 504
0x00007d762f6e7f00 0x0000000565e47f00 0 1 1 0 0 0 3 19642 496
0x00007d762f6e7f80 0x0000000565e47f80 0 1 1 0 0 0 3 19642 504
0x00007d762f6e8000 0x0000000565e48000 0 0 0 0 1 0 3 19642 0
0x00007d762f6e8080 0x0000000565e48080 0 0 0 0 1 0 3 19642 8
0x00007d762f6e8100 0x0000000565e48100 0 1 0 0 1 0 3 19642 0
0x00007d762f6e8180 0x0000000565e48180 0 1 0 0 1 0 3 19642 8
0x00007d762f6e8200 0x0000000565e48200 0 0 1 0 1 0 3 19642 0
0x00007d762f6e8280 0x0000000565e48280 0 0 1 0 1 0 3 19642 8
0x00007d762f6e8300 0x0000000565e48300 0 1 1 0 1 0 3 19642 0
0x00007d762f6e8380 0x0000000565e48380 0 1 1 0 1 0 3 19642 8
0x00007d762f6e8400 0x0000000565e48400 0 0 0 0 1 0 3 19642 16
0x00007d762f6e8480 0x0000000565e48480 0 0 0 0 1 0 3 19642 24
0x00007d762f6e8500 0x0000000565e48500 0 1 0 0 1 0 3 19642 16
0x00007d762f6e8580 0x0000000565e48580 0 1 0 0 1 0 3 19642 24
0x00007d762f6e8600 0x0000000565e48600 0 0 1 0 1 0 3 19642 16
0x00007d762f6e8680 0x0000000565e48680 0 0 1 0 1 0 3 19642 24
0x00007d762f6e8700 0x0000000565e48700 0 1 1 0 1 0 3 19642 16
0x00007d762f6e8780 0x0000000565e48780 0 1 1 0 1 0 3 19642 24
0x00007d762f6e8800 0x0000000565e48800 0 0 0 0 1 0 3 19642 32
0x00007d762f6e8880 0x0000000565e48880 0 0 0 0 1 0 3 19642 40
0x00007d762f6e8900 0x0000000565e48900 0 1 0 0 1 0 3 19642 32
0x00007d762f6e8980 0x0000000565e48980 0 1 0 0 1 0 3 19642 40
0x00007d762f6e8a00 0x0000000565e48a00 0 0 1 0 1 0 3 19642 32
0x00007d762f6e8a80 0x0000000565e48a80 0 0 1 0 1 0 3 19642 40
0x00007d762f6e8b00 0x0000000565e48b00 0 1 1 0 1 0 3 19642 32
0x00007d762f6e8b80 0x0000000565e48b80 0 1 1 0 1 0 3 19642 40
0x00007d762f6e8c00 0x0000000565e48c00 0 0 0 0 1 0 3 19642 48
0x00007d762f6e8c80 0x0000000565e48c80 0 0 0 0 1 0 3 19642 56
0x00007d762f6e8d00 0x0000000565e48d00 0 1 0 0 1 0 3 19642 48
0x00007d762f6e8d80 0x0000000565e48d80 0 1 0 0 1 0 3 19642 56
0x00007d762f6e8e00 0x0000000565e48e00 0 0 1 0 1 0 3 19642 48
0x00007d762f6e8e80 0x0000000565e48e80 0 0 1 0 1 0 3 19642 56
0x00007d762f6e8f00 0x0000000565e48f00 0 1 1 0 1 0 3 19642 48
0x00007d762f6e8f80 0x0000000565e48f80 0 1 1 0 1 0 3 19642 56
0x00007d762f6e9000 0x0000000565e4c000 0 0 0 0 1 0 3 19642 256
0x00007d762f6e9080 0x0000000565e4c080 0 0 0 0 1 0 3 19642 264
0x00007d762f6e9100 0x0000000565e4c100 0 1 0 0 1 0 3 19642 256
0x00007d762f6e9180 0x0000000565e4c180 0 1 0 0 1 0 3 19642 264
0x00007d762f6e9200 0x0000000565e4c200 0 0 1 0 1 0 3 19642 256
0x00007d762f6e9280 0x0000000565e4c280 0 0 1 0 1 0 3 19642 264
0x00007d762f6e9300 0x0000000565e4c300 0 1 1 0 1 0 3 19642 256
0x00007d762f6e9380 0x0000000565e4c380 0 1 1 0 1 0 3 19642 264
0x00007d762f6e9400 0x0000000565e4c400 0 0 0 0 1 0 3 19642 272
0x00007d762f6e9480 0x0000000565e4c480 0 0 0 0 1 0 3 19642 280
0x00007d762f6e9500 0x0000000565e4c500 0 1 0 0 1 0 3 19642 272
0x00007d762f6e9580 0x0000000565e4c580 0 1 0 0 1 0 3 19642 280
0x00007d762f6e9600 0x0000000565e4c600 0 0 1 0 1 0 3 19642 272
0x00007d762f6e9680 0x0000000565e4c680 0 0 1 0 1 0 3 19642 280
0x00007d762f6e9700 0x0000000565e4c700 0 1 1 0 1 0 3 19642 272
0x00007d762f6e9780 0x0000000565e4c780 0 1 1 0 1 0 3 19642 280
0x00007d762f6e9800 0x0000000565e4c800 0 0 0 0 1 0 3 19642 288
0x00007d762f6e9880 0x0000000565e4c880 0 0 0 0 1 0 3 19642 296
0x00007d762f6e9900 0x0000000565e4c900 0 1 0 0 1 0 3 19642 288
0x00007d762f6e9980 0x0000000565e4c980 0 1 0 0 1 0 3 19642 296
0x00007d762f6e9a00 0x0000000565e4ca00 0 0 1 0 1 0 3 19642 288
0x00007d762f6e9a80 0x0000000565e4ca80 0 0 1 0 1 0 3 19642 296
0x00007d762f6e9b00 0x0000000565e4cb00 0 1 1 0 1 0 3 19642 288
0x00007d762f6e9b80 0x0000000565e4cb80 0 1 1 0 1 0 3 19642 296
0x00007d762f6e9c00 0x0000000565e4cc00 0 0 0 0 1 0 3 19642 304
0x00007d762f6e9c80 0x0000000565e4cc80 0 0 0 0 1 0 3 19642 312
0x00007d762f6e9d00 0x0000000565e4cd00 0 1 0 0 1 0 3 19642 304
0x00007d762f6e9d80 0x0000000565e4cd80 0 1 0 0 1 0 3 19642 312
0x00007d762f6e9e00 0x0000000565e4ce00 0 0 1 0 1 0 3 19642 304
0x00007d762f6e9e80 0x0000000565e4ce80 0 0 1 0 1 0 3 19642 312
0x00007d762f6e9f00 0x0000000565e4cf00 0 1 1 0 1 0 3 19642 304
0x00007d762f6e9f80 0x0000000565e4cf80 0 1 1 0 1 0 3 19642 312
0x00007d762f6ea000 0x00000006a0613000 0 0 0 0 0 0 3 25600 704
0x00007d762f6ea080 0x00000006a0613080 0 0 0 0 0 0 3 25600 712
0x00007d762f6ea100 0x00000006a0613100 0 1 0 0 0 0 3 25600 704
0x00007d762f6ea180 0x00000006a0613180 0 1 0 0 0 0 3 25600 712
0x00007d762f6ea200 0x00000006a0613200 0 0 1 0 0 0 3 25600 704
0x00007d762f6ea280 0x00000006a0613280 0 0 1 0 0 0 3 25600 712
0x00007d762f6ea300 0x00000006a0613300 0 1 1 0 0 0 3 25600 704
0x00007d762f6ea380 0x00000006a0613380 0 1 1 0 0 0 3 25600 712
0x00007d762f6ea400 0x00000006a0613400 0 0 0 0 0 0 3 25600 720
0x00007d762f6ea480 0x00000006a0613480 0 0 0 0 0 0 3 25600 728
0x00007d762f6ea500 0x00000006a0613500 0 1 0 0 0 0 3 25600 720
0x00007d762f6ea580 0x00000006a0613580 0 1 0 0 0 0 3 25600 728
0x00007d762f6ea600 0x00000006a0613600 0 0 1 0 0 0 3 25600 720
0x00007d762f6ea680 0x00000006a0613680 0 0 1 0 0 0 3 25600 728
0x00007d762f6ea700 0x00000006a0613700 0 1 1 0 0 0 3 25600 720
0x00007d762f6ea780 0x00000006a0613780 0 1 1 0 0 0 3 25600 728
0x00007d762f6ea800 0x00000006a0613800 0 0 0 0 0 0 3 25600 736
0x00007d762f6ea880 0x00000006a0613880 0 0 0 0 0 0 3 25600 744
0x00007d762f6ea900 0x00000006a0613900 0 1 0 0 0 0 3 25600 736
0x00007d762f6ea980 0x00000006a0613980 0 1 0 0 0 0 3 25600 744
0x00007d762f6eaa00 0x00000006a0613a00 0 0 1 0 0 0 3 25600 736
0x00007d762f6eaa80 0x00000006a0613a80 0 0 1 0 0 0 3 25600 744
0x00007d762f6eab00 0x00000006a0613b00 0 1 1 0 0 0 3 25600 736
0x00007d762f6eab80 0x00000006a0613b80 0 1 1 0 0 0 3 25600 744
0x00007d762f6eac00 0x00000006a0613c00 0 0 0 0 0 0 3 25600 752
0x00007d762f6eac80 0x00000006a0613c80 0 0 0 0 0 0 3 25600 760
0x00007d762f6ead00 0x00000006a0613d00 0 1 0 0 0 0 3 25600 752
0x00007d762f6ead80 0x00000006a0613d80 0 1 0 0 0 0 3 25600 760
0x00007d762f6eae00 0x00000006a0613e00 0 0 1 0 0 0 3 25600 752
0x00007d762f6eae80 0x00000006a0613e80 0 0 1 0 0 0 3 25600 760
0x00007d762f6eaf00 0x00000006a0613f00 0 1 1 0 0 0 3 25600 752
0x00007d762f6eaf80 0x00000006a0613f80 0 1 1 0 0 0 3 25600 760
0x00007d762f6eb000 0x0000000565e4a000 0 0 0 0 1 0 3 19642 128
0x00007d762f6eb080 0x0000000565e4a080 0 0 0 0 1 0 3 19642 136
0x00007d762f6eb100 0x0000000565e4a100 0 1 0 0 1 0 3 19642 128
0x00007d762f6eb180 0x0000000565e4a180 0 1 0 0 1 0 3 19642 136
0x00007d762f6eb200 0x0000000565e4a200 0 0 1 0 1 0 3 19642 128
0x00007d762f6eb280 0x0000000565e4a280 0 0 1 0 1 0 3 19642 136
0x00007d762f6eb300 0x0000000565e4a300 0 1 1 0 1 0 3 19642 128
0x00007d762f6eb380 0x0000000565e4a380 0 1 1 0 1 0 3 19642 136
0x00007d762f6eb400 0x0000000565e4a400 0 0 0 0 1 0 3 19642 144
0x00007d762f6eb480 0x0000000565e4a480 0 0 0 0 1 0 3 19642 152
0x00007d762f6eb500 0x0000000565e4a500 0 1 0 0 1 0 3 19642 144
0x00007d762f6eb580 0x0000000565e4a580 0 1 0 0 1 0 3 19642 152
0x00007d762f6eb600 0x0000000565e4a600 0 0 1 0 1 0 3 19642 144
0x00007d762f6eb680 0x0000000565e4a680 0 0 1 0 1 0 3 19642 152
0x00007d762f6eb700 0x0000000565e4a700 0 1 1 0 1 0 3 19642 144
0x00007d762f6eb780 0x0000000565e4a780 0 1 1 0 1 0 3 19642 152
0x00007d762f6eb800 0x0000000565e4a800 0 0 0 0 1 0 3 19642 160
0x00007d762f6eb880 0x0000000565e4a880 0 0 0 0 1 0 3 19642 168
0x00007d762f6eb900 0x0000000565e4a900 0 1 0 0 1 0 3 19642 160
0x00007d762f6eb980 0x0000000565e4a980 0 1 0 0 1 0 3 19642 168
0x00007d762f6eba00 0x0000000565e4aa00 0 0 1 0 1 0 3 19642 160
0x00007d762f6eba80 0x0000000565e4aa80 0 0 1 0 1 0 3 19642 168
0x00007d762f6ebb00 0x0000000565e4ab00 0 1 1 0 1 0 3 19642 160
0x00007d762f6ebb80 0x0000000565e4ab80 0 1 1 0 1 0 3 19642 168
0x00007d762f6ebc00 0x0000000565e4ac00 0 0 0 0 1 0 3 19642 176
0x00007d762f6ebc80 0x0000000565e4ac80 0 0 0 0 1 0 3 19642 184
0x00007d762f6ebd00 0x0000000565e4ad00 0 1 0 0 1 0 3 19642 176
0x00007d762f6ebd80 0x0000000565e4ad80 0 1 0 0 1 0 3 19642 184
0x00007d762f6ebe00 0x0000000565e4ae00 0 0 1 0 1 0 3 19642 176
0x00007d762f6ebe80 0x0000000565e4ae80 0 0 1 0 1 0 3 19642 184
0x00007d762f6ebf00 0x0000000565e4af00 0 1 1 0 1 0 3 19642 176
0x00007d762f6ebf80 0x0000000565e4af80 0 1 1 0 1 0 3 19642 184
0x00007d762f6ec000 0x00000006a0618000 0 0 0 0 1 0 3 25600 512
0x00007d762f6ec080 0x00000006a0618080 0 0 0 0 1 0 3 25600 520
0x00007d762f6ec100 0x00000006a0618100 0 1 0 0 1 0 3 25600 512
0x00007d762f6ec180 0x00000006a0618180 0 1 0 0 1 0 3 25600 520
0x00007d762f6ec200 0x00000006a0618200 0 0 1 0 1 0 3 25600 512
0x00007d762f6ec280 0x00000006a0618280 0 0 1 0 1 0 3 25600 520
0x00007d762f6ec300 0x00000006a0618300 0 1 1 0 1 0 3 25600 512
0x00007d762f6ec380 0x00000006a0618380 0 1 1 0 1 0 3 25600 520
0x00007d762f6ec400 0x00000006a0618400 0 0 0 0 1 0 3 25600 528
0x00007d762f6ec480 0x00000006a0618480 0 0 0 0 1 0 3 25600 536
0x00007d762f6ec500 0x00000006a0618500 0 1 0 0 1 0 3 25600 528
0x00007d762f6ec580 0x00000006a0618580 0 1 0 0 1 0 3 25600 536
0x00007d762f6ec600 0x00000006a0618600 0 0 1 0 1 0 3 25600 528
0x00007d762f6ec680 0x00000006a0618680 0 0 1 0 1 0 3 25600 536
0x00007d762f6ec700 0x00000006a0618700 0 1 1 0 1 0 3 25600 528
0x00007d762f6ec780 0x00000006a0618780 0 1 1 0 1 0 3 25600 536
0x00007d762f6ec800 0x00000006a0618800 0 0 0 0 1 0 3 25600 544
0x00007d762f6ec880 0x00000006a0618880 0 0 0 0 1 0 3 25600 552
0x00007d762f6ec900 0x00000006a0618900 0 1 0 0 1 0 3 25600 544
0x00007d762f6ec980 0x00000006a0618980 0 1 0 0 1 0 3 25600 552
0x00007d762f6eca00 0x00000006a0618a00 0 0 1 0 1 0 3 25600 544
0x00007d762f6eca80 0x00000006a0618a80 0 0 1 0 1 0 3 25600 552
0x00007d762f6ecb00 0x00000006a0618b00 0 1 1 0 1 0 3 25600 544
0x00007d762f6ecb80 0x00000006a0618b80 0 1 1 0 1 0 3 25600 552
0x00007d762f6ecc00 0x00000006a0618c00 0 0 0 0 1 0 3 25600 560
0x00007d762f6ecc80 0x00000006a0618c80 0 0 0 0 1 0 3 25600 568
0x00007d762f6ecd00 0x00000006a0618d00 0 1 0 0 1 0 3 25600 560
0x00007d762f6ecd80 0x00000006a0618d80 0 1 0 0 1 0 3 25600 568
0x00007d762f6ece00 0x00000006a0618e00 0 0 1 0 1 0 3 25600 560
0x00007d762f6ece80 0x00000006a0618e80 0 0 1 0 1 0 3 25600 568
0x00007d762f6ecf00 0x00000006a0618f00 0 1 1 0 1 0 3 25600 560
0x00007d762f6ecf80 0x00000006a0618f80 0 1 1 0 1 0 3 25600 568
0x00007d762f6f0000 0x0000000b8966e000 0 0 0 0 1 0 3 45347 384
0x00007d762f6f0080 0x0000000b8966e080 0 0 0 0 1 0 3 45347 392
0x00007d762f6f0100 0x0000000b8966e100 0 1 0 0 1 0 3 45347 384
0x00007d762f6f0180 0x0000000b8966e180 0 1 0 0 1 0 3 45347 392
0x00007d762f6f0200 0x0000000b8966e200 0 0 1 0 1 0 3 45347 384
0x00007d762f6f0280 0x0000000b8966e280 0 0 1 0 1 0 3 45347 392
0x00007d762f6f0300 0x0000000b8966e300 0 1 1 0 1 0 3 45347 384
0x00007d762f6f0380 0x0000000b8966e380 0 1 1 0 1 0 3 45347 392
0x00007d762f6f0400 0x0000000b8966e400 0 0 0 0 1 0 3 45347 400
0x00007d762f6f0480 0x0000000b8966e480 0 0 0 0 1 0 3 45347 408
0x00007d762f6f0500 0x0000000b8966e500 0 1 0 0 1 0 3 45347 400
0x00007d762f6f0580 0x0000000b8966e580 0 1 0 0 1 0 3 45347 408
0x00007d762f6f0600 0x0000000b8966e600 0 0 1 0 1 0 3 45347 400
0x00007d762f6f0680 0x0000000b8966e680 0 0 1 0 1 0 3 45347 408
0x00007d762f6f0700 0x0000000b8966e700 0 1 1 0 1 0 3 45347 400
0x00007d762f6f0780 0x0000000b8966e780 0 1 1 0 1 0 3 45347 408
0x00007d762f6f0800 0x0000000b8966e800 0 0 0 0 1 0 3 45347 416
0x00007d762f6f0880 0x0000000b8966e880 0 0 0 0 1 0 3 45347 424
0x00007d762f6f0900 0x0000000b8966e900 0 1 0 0 1 0 3 45347 416
0x00007d762f6f0980 0x0000000b8966e980 0 1 0 0 1 0 3 45347 424
0x00007d762f6f0a00 0x0000000b8966ea00 0 0 1 0 1 0 3 45347 416
0x00007d762f6f0a80 0x0000000b8966ea80 0 0 1 0 1 0 3 45347 424
0x00007d762f6f0b00 0x0000000b8966eb00 0 1 1 0 1 0 3 45347 416
0x00007d762f6f0b80 0x0000000b8966eb80 0 1 1 0 1 0 3 45347 424
0x00007d762f6f0c00 0x0000000b8966ec00 0 0 0 0 1 0 3 45347 432
0x00007d762f6f0c80 0x0000000b8966ec80 0 0 0 0 1 0 3 45347 440
0x00007d762f6f0d00 0x0000000b8966ed00 0 1 0 0 1 0 3 45347 432
0x00007d762f6f0d80 0x0000000b8966ed80 0 1 0 0 1 0 3 45347 440
0x00007d762f6f0e00 0x0000000b8966ee00 0 0 1 0 1 0 3 45347 432
0x00007d762f6f0e80 0x0000000b8966ee80 0 0 1 0 1 0 3 45347 440
0x00007d762f6f0f00 0x0000000b8966ef00 0 1 1 0 1 0 3 45347 432
0x00007d762f6f0f80 0x0000000b8966ef80 0 1 1 0 1 0 3 45347 440
0x00007d762f6f3000 0x000000029b65b000 0 0 0 0 1 0 3 9058 704
0x00007d762f6f3080 0x000000029b65b080 0 0 0 0 1 0 3 9058 712
0x00007d762f6f3100 0x000000029b65b100 0 1 0 0 1 0 3 9058 704
0x00007d762f6f3180 0x000000029b65b180 0 1 0 0 1 0 3 9058 712
0x00007d762f6f3200 0x000000029b65b200 0 0 1 0 1 0 3 9058 704
0x00007d762f6f3280 0x000000029b65b280 0 0 1 0 1 0 3 9058 712
0x00007d762f6f3300 0x000000029b65b300 0 1 1 0 1 0 3 9058 704
0x00007d762f6f3380 0x000000029b65b380 0 1 1 0 1 0 3 9058 712
0x00007d762f6f3400 0x000000029b65b400 0 0 0 0 1 0 3 9058 720
0x00007d762f6f3480 0x000000029b65b480 0 0 0 0 1 0 3 9058 728
0x00007d762f6f3500 0x000000029b65b500 0 1 0 0 1 0 3 9058 720
0x00007d762f6f3580 0x000000029b65b580 0 1 0 0 1 0 3 9058 728
0x00007d762f6f3600 0x000000029b65b600 0 0 1 0 1 0 3 9058 720
0x00007d762f6f3680 0x000000029b65b680 0 0 1 0 1 0 3 9058 728
0x00007d762f6f3700 0x000000029b65b700 0 1 1 0 1 0 3 9058 720
0x00007d762f6f3780 0x000000029b65b780 0 1 1 0 1 0 3 9058 728
0x00007d762f6f3800 0x000000029b65b800 0 0 0 0 1 0 3 9058 736
0x00007d762f6f3880 0x000000029b65b880 0 0 0 0 1 0 3 9058 744
0x00007d762f6f3900 0x000000029b65b900 0 1 0 0 1 0 3 9058 736
0x00007d762f6f3980 0x000000029b65b980 0 1 0 0 1 0 3 9058 744
0x00007d762f6f3a00 0x000000029b65ba00 0 0 1 0 1 0 3 9058 736
0x00007d762f6f3a80 0x000000029b65ba80 0 0 1 0 1 0 3 9058 744
0x00007d762f6f3b00 0x000000029b65bb00 0 1 1 0 1 0 3 9058 736
0x00007d762f6f3b80 0x000000029b65bb80 0 1 1 0 1 0 3 9058 744
0x00007d762f6f3c00 0x000000029b65bc00 0 0 0 0 1 0 3 9058 752
0x00007d762f6f3c80 0x000000029b65bc80 0 0 0 0 1 0 3 9058 760
0x00007d762f6f3d00 0x000000029b65bd00 0 1 0 0 1 0 3 9058 752
0x00007d762f6f3d80 0x000000029b65bd80 0 1 0 0 1 0 3 9058 760
0x00007d762f6f3e00 0x000000029b65be00 0 0 1 0 1 0 3 9058 752
0x00007d762f6f3e80 0x000000029b65be80 0 0 1 0 1 0 3 9058 760
0x00007d762f6f3f00 0x000000029b65bf00 0 1 1 0 1 0 3 9058 752
0x00007d762f6f3f80 0x000000029b65bf80 0 1 1 0 1 0 3 9058 760
0x00007d762f6f4000 0x000000029b617000 0 0 0 0 0 0 3 9056 960
0x00007d762f6f4080 0x000000029b617080 0 0 0 0 0 0 3 9056 968
0x00007d762f6f4100 0x000000029b617100 0 1 0 0 0 0 3 9056 960
0x00007d762f6f4180 0x000000029b617180 0 1 0 0 0 0 3 9056 968
0x00007d762f6f4200 0x000000029b617200 0 0 1 0 0 0 3 9056 960
0x00007d762f6f4280 0x000000029b617280 0 0 1 0 0 0 3 9056 968
0x00007d762f6f4300 0x000000029b617300 0 1 1 0 0 0 3 9056 960
0x00007d762f6f4380 0x000000029b617380 0 1 1 0 0 0 3 9056 968
0x00007d762f6f4400 0x000000029b617400 0 0 0 0 0 0 3 9056 976
0x00007d762f6f4480 0x000000029b617480 0 0 0 0 0 0 3 9056 984
0x00007d762f6f4500 0x000000029b617500 0 1 0 0 0 0 3 9056 976
0x00007d762f6f4580 0x000000029b617580 0 1 0 0 0 0 3 9056 984
0x00007d762f6f4600 0x000000029b617600 0 0 1 0 0 0 3 9056 976
0x00007d762f6f4680 0x000000029b617680 0 0 1 0 0 0 3 9056 984
0x00007d762f6f4700 0x000000029b617700 0 1 1 0 0 0 3 9056 976
0x00007d762f6f4780 0x000000029b617780 0 1 1 0 0 0 3 9056 984
0x00007d762f6f4800 0x000000029b617800 0 0 0 0 0 0 3 9056 992
0x00007d762f6f4880 0x000000029b617880 0 0 0 0 0 0 3 9056 1000
0x00007d762f6f4900 0x000000029b617900 0 1 0 0 0 0 3 9056 992
0x00007d762f6f4980 0x000000029b617980 0 1 0 0 0 0 3 9056 1000
0x00007d762f6f4a00 0x000000029b617a00 0 0 1 0 0 0 3 9056 992
0x00007d762f6f4a80 0x000000029b617a80 0 0 1 0 0 0 3 9056 1000
0x00007d762f6f4b00 0x000000029b617b00 0 1 1 0 0 0 3 9056 992
0x00007d762f6f4b80 0x000000029b617b80 0 1 1 0 0 0 3 9056 1000
0x00007d762f6f4c00 0x000000029b617c00 0 0 0 0 0 0 3 9056 1008
0x00007d762f6f4c80 0x000000029b617c80 0 0 0 0 0 0 3 9056 1016
0x00007d762f6f4d00 0x000000029b617d00 0 1 0 0 0 0 3 9056 1008
0x00007d762f6f4d80 0x000000029b617d80 0 1 0 0 0 0 3 9056 1016
0x00007d762f6f4e00 0x000000029b617e00 0 0 1 0 0 0 3 9056 1008
0x00007d762f6f4e80 0x000000029b617e80 0 0 1 0 0 0 3 9056 1016
0x00007d762f6f4f00 0x000000029b617f00 0 1 1 0 0 0 3 9056 1008
0x00007d762f6f4f80 0x000000029b617f80 0 1 1 0 0 0 3 9056 1016
0x00007d762f6f8000 0x00000006a061b000 0 0 0 0 1 0 3 25600 704
0x00007d762f6f8080 0x00000006a061b080 0 0 0 0 1 0 3 25600 712
0x00007d762f6f8100 0x00000006a061b100 0 1 0 0 1 0 3 25600 704
0x00007d762f6f8180 0x00000006a061b180 0 1 0 0 1 0 3 25600 712
0x00007d762f6f8200 0x00000006a061b200 0 0 1 0 1 0 3 25600 704
0x00007d762f6f8280 0x00000006a061b280 0 0 1 0 1 0 3 25600 712
0x00007d762f6f8300 0x00000006a061b300 0 1 1 0 1 0 3 25600 704
0x00007d762f6f8380 0x00000006a061b380 0 1 1 0 1 0 3 25600 712
0x00007d762f6f8400 0x00000006a061b400 0 0 0 0 1 0 3 25600 720
0x00007d762f6f8480 0x00000006a061b480 0 0 0 0 1 0 3 25600 728
0x00007d762f6f8500 0x00000006a061b500 0 1 0 0 1 0 3 25600 720
0x00007d762f6f8580 0x00000006a061b580 0 1 0 0 1 0 3 25600 728
0x00007d762f6f8600 0x00000006a061b600 0 0 1 0 1 0 3 25600 720
0x00007d762f6f8680 0x00000006a061b680 0 0 1 0 1 0 3 25600 728
0x00007d762f6f8700 0x00000006a061b700 0 1 1 0 1 0 3 25600 720
0x00007d762f6f8780 0x00000006a061b780 0 1 1 0 1 0 3 25600 728
0x00007d762f6f8800 0x00000006a061b800 0 0 0 0 1 0 3 25600 736
0x00007d762f6f8880 0x00000006a061b880 0 0 0 0 1 0 3 25600 744
0x00007d762f6f8900 0x00000006a061b900 0 1 0 0 1 0 3 25600 736
0x00007d762f6f8980 0x00000006a061b980 0 1 0 0 1 0 3 25600 744
0x00007d762f6f8a00 0x00000006a061ba00 0 0 1 0 1 0 3 25600 736
0x00007d762f6f8a80 0x00000006a061ba80 0 0 1 0 1 0 3 25600 744
0x00007d762f6f8b00 0x00000006a061bb00 0 1 1 0 1 0 3 25600 736
0x00007d762f6f8b80 0x00000006a061bb80 0 1 1 0 1 0 3 25600 744
0x00007d762f6f8c00 0x00000006a061bc00 0 0 0 0 1 0 3 25600 752
0x00007d762f6f8c80 0x00000006a061bc80 0 0 0 0 1 0 3 25600 760
0x00007d762f6f8d00 0x00000006a061bd00 0 1 0 0 1 0 3 25600 752
0x00007d762f6f8d80 0x00000006a061bd80 0 1 0 0 1 0 3 25600 760
0x00007d762f6f8e00 0x00000006a061be00 0 0 1 0 1 0 3 25600 752
0x00007d762f6f8e80 0x00000006a061be80 0 0 1 0 1 0 3 25600 760
0x00007d762f6f8f00 0x00000006a061bf00 0 1 1 0 1 0 3 25600 752
0x00007d762f6f8f80 0x00000006a061bf80 0 1 1 0 1 0 3 25600 760
0x00007d762f70e000 0x00000004466cf000 0 0 0 0 1 0 3 14550 448
0x00007d762f70e080 0x00000004466cf080 0 0 0 0 1 0 3 14550 456
0x00007d762f70e100 0x00000004466cf100 0 1 0 0 1 0 3 14550 448
0x00007d762f70e180 0x00000004466cf180 0 1 0 0 1 0 3 14550 456
0x00007d762f70e200 0x00000004466cf200 0 0 1 0 1 0 3 14550 448
0x00007d762f70e280 0x00000004466cf280 0 0 1 0 1 0 3 14550 456
0x00007d762f70e300 0x00000004466cf300 0 1 1 0 1 0 3 14550 448
0x00007d762f70e380 0x00000004466cf380 0 1 1 0 1 0 3 14550 456
0x00007d762f70e400 0x00000004466cf400 0 0 0 0 1 0 3 14550 464
0x00007d762f70e480 0x00000004466cf480 0 0 0 0 1 0 3 14550 472
0x00007d762f70e500 0x00000004466cf500 0 1 0 0 1 0 3 14550 464
0x00007d762f70e580 0x00000004466cf580 0 1 0 0 1 0 3 14550 472
0x00007d762f70e600 0x00000004466cf600 0 0 1 0 1 0 3 14550 464
0x00007d762f70e680 0x00000004466cf680 0 0 1 0 1 0 3 14550 472
0x00007d762f70e700 0x00000004466cf700 0 1 1 0 1 0 3 14550 464
0x00007d762f70e780 0x00000004466cf780 0 1 1 0 1 0 3 14550 472
0x00007d762f70e800 0x00000004466cf800 0 0 0 0 1 0 3 14550 480
0x00007d762f70e880 0x00000004466cf880 0 0 0 0 1 0 3 14550 488
0x00007d762f70e900 0x00000004466cf900 0 1 0 0 1 0 3 14550 480
0x00007d762f70e980 0x00000004466cf980 0 1 0 0 1 0 3 14550 488
0x00007d762f70ea00 0x00000004466cfa00 0 0 1 0 1 0 3 14550 480
0x00007d762f70ea80 0x00000004466cfa80 0 0 1 0 1 0 3 14550 488
0x00007d762f70eb00 0x00000004466cfb00 0 1 1 0 1 0 3 14550 480
0x00007d762f70eb80 0x00000004466cfb80 0 1 1 0 1 0 3 14550 488
0x00007d762f70ec00 0x00000004466cfc00 0 0 0 0 1 0 3 14550 496
0x00007d762f70ec80 0x00000004466cfc80 0 0 0 0 1 0 3 14550 504
0x00007d762f70ed00 0x00000004466cfd00 0 1 0 0 1 0 3 14550 496
0x00007d762f70ed80 0x00000004466cfd80 0 1 0 0 1 0 3 14550 504
0x00007d762f70ee00 0x00000004466cfe00 0 0 1 0 1 0 3 14550 496
0x00007d762f70ee80 0x00000004466cfe80 0 0 1 0 1 0 3 14550 504
0x00007d762f70ef00 0x00000004466cff00 0 1 1 0 1 0 3 14550 496
0x00007d762f70ef80 0x00000004466cff80 0 1 1 0 1 0 3 14550 504
0x00007d762f714000 0x00000007fb6e5000 0 0 0 0 0 0 3 32615 320
0x00007d762f714080 0x00000007fb6e5080 0 0 0 0 0 0 3 32615 328
0x00007d762f714100 0x00000007fb6e5100 0 1 0 0 0 0 3 32615 320
0x00007d762f714180 0x00000007fb6e5180 0 1 0 0 0 0 3 32615 328
0x00007d762f714200 0x00000007fb6e5200 0 0 1 0 0 0 3 32615 320
0x00007d762f714280 0x00000007fb6e5280 0 0 1 0 0 0 3 32615 328
0x00007d762f714300 0x00000007fb6e5300 0 1 1 0 0 0 3 32615 320
0x00007d762f714380 0x00000007fb6e5380 0 1 1 0 0 0 3 32615 328
0x00007d762f714400 0x00000007fb6e5400 0 0 0 0 0 0 3 32615 336
0x00007d762f714480 0x00000007fb6e5480 0 0 0 0 0 0 3 32615 344
0x00007d762f714500 0x00000007fb6e5500 0 1 0 0 0 0 3 32615 336
0x00007d762f714580 0x00000007fb6e5580 0 1 0 0 0 0 3 32615 344
0x00007d762f714600 0x00000007fb6e5600 0 0 1 0 0 0 3 32615 336
0x00007d762f714680 0x00000007fb6e5680 0 0 1 0 0 0 3 32615 344
0x00007d762f714700 0x00000007fb6e5700 0 1 1 0 0 0 3 32615 336
0x00007d762f714780 0x00000007fb6e5780 0 1 1 0 0 0 3 32615 344
0x00007d762f714800 0x00000007fb6e5800 0 0 0 0 0 0 3 32615 352
0x00007d762f714880 0x00000007fb6e5880 0 0 0 0 0 0 3 32615 360
0x00007d762f714900 0x00000007fb6e5900 0 1 0 0 0 0 3 32615 352
0x00007d762f714980 0x00000007fb6e5980 0 1 0 0 0 0 3 32615 360
0x00007d762f714a00 0x00000007fb6e5a00 0 0 1 0 0 0 3 32615 352
0x00007d762f714a80 0x00000007fb6e5a80 0 0 1 0 0 0 3 32615 360
0x00007d762f714b00 0x00000007fb6e5b00 0 1 1 0 0 0 3 32615 352
0x00007d762f714b80 0x00000007fb6e5b80 0 1 1 0 0 0 3 32615 360
0x00007d762f714c00 0x00000007fb6e5c00 0 0 0 0 0 0 3 32615 368
0x00007d762f714c80 0x00000007fb6e5c80 0 0 0 0 0 0 3 32615 376
0x00007d762f714d00 0x00000007fb6e5d00 0 1 0 0 0 0 3 32615 368
0x00007d762f714d80 0x00000007fb6e5d80 0 1 0 0 0 0 3 32615 376
0x00007d762f714e00 0x00000007fb6e5e00 0 0 1 0 0 0 3 32615 368
0x00007d762f714e80 0x00000007fb6e5e80 0 0 1 0 0 0 3 32615 376
0x00007d762f714f00 0x00000007fb6e5f00 0 1 1 0 0 0 3 32615 368
0x00007d762f714f80 0x00000007fb6e5f80 0 1 1 0 0 0 3 32615 376
0x00007d762f719000 0x00000005c8604000 0 0 0 0 0 0 3 22784 256
0x00007d762f719080 0x00000005c8604080 0 0 0 0 0 0 3 22784 264
0x00007d762f719100 0x00000005c8604100 0 1 0 0 0 0 3 22784 256
0x00007d762f719180 0x00000005c8604180 0 1 0 0 0 0 3 22784 264
0x00007d762f719200 0x00000005c8604200 0 0 1 0 0 0 3 22784 256
0x00007d762f719280 0x00000005c8604280 0 0 1 0 0 0 3 22784 264
0x00007d762f719300 0x00000005c8604300 0 1 1 0 0 0 3 22784 256
0x00007d762f719380 0x00000005c8604380 0 1 1 0 0 0 3 22784 264
0x00007d762f719400 0x00000005c8604400 0 0 0 0 0 0 3 22784 272
0x00007d762f719480 0x00000005c8604480 0 0 0 0 0 0 3 22784 280
0x00007d762f719500 0x00000005c8604500 0 1 0 0 0 0 3 22784 272
0x00007d762f719580 0x00000005c8604580 0 1 0 0 0 0 3 22784 280
0x00007d762f719600 0x00000005c8604600 0 0 1 0 0 0 3 22784 272
0x00007d762f719680 0x00000005c8604680 0 0 1 0 0 0 3 22784 280
0x00007d762f719700 0x00000005c8604700 0 1 1 0 0 0 3 22784 272
0x00007d762f719780 0x00000005c8604780 0 1 1 0 0 0 3 22784 280
0x00007d762f719800 0x00000005c8604800 0 0 0 0 0 0 3 22784 288
0x00007d762f719880 0x00000005c8604880 0 0 0 0 0 0 3 22784 296
0x00007d762f719900 0x00000005c8604900 0 1 0 0 0 0 3 22784 288
0x00007d762f719980 0x00000005c8604980 0 1 0 0 0 0 3 22784 296
0x00007d762f719a00 0x00000005c8604a00 0 0 1 0 0 0 3 22784 288
0x00007d762f719a80 0x00000005c8604a80 0 0 1 0 0 0 3 22784 296
0x00007d762f719b00 0x00000005c8604b00 0 1 1 0 0 0 3 22784 288
0x00007d762f719b80 0x00000005c8604b80 0 1 1 0 0 0 3 22784 296
0x00007d762f719c00 0x00000005c8604c00 0 0 0 0 0 0 3 22784 304
0x00007d762f719c80 0x00000005c8604c80 0 0 0 0 0 0 3 22784 312
0x00007d762f719d00 0x00000005c8604d00 0 1 0 0 0 0 3 22784 304
0x00007d762f719d80 0x00000005c8604d80 0 1 0 0 0 0 3 22784 312
0x00007d762f719e00 0x00000005c8604e00 0 0 1 0 0 0 3 22784 304
0x00007d762f719e80 0x00000005c8604e80 0 0 1 0 0 0 3 22784 312
0x00007d762f719f00 0x00000005c8604f00 0 1 1 0 0 0 3 22784 304
0x00007d762f719f80 0x00000005c8604f80 0 1 1 0 0 0 3 22784 312
0x00007d762f71b000 0x0000000915629000 0 0 0 0 1 0 3 33457 64
0x00007d762f71b080 0x0000000915629080 0 0 0 0 1 0 3 33457 72
0x00007d762f71b100 0x0000000915629100 0 1 0 0 1 0 3 33457 64
0x00007d762f71b180 0x0000000915629180 0 1 0 0 1 0 3 33457 72
0x00007d762f71b200 0x0000000915629200 0 0 1 0 1 0 3 33457 64
0x00007d762f71b280 0x0000000915629280 0 0 1 0 1 0 3 33457 72
0x00007d762f71b300 0x0000000915629300 0 1 1 0 1 0 3 33457 64
0x00007d762f71b380 0x0000000915629380 0 1 1 0 1 0 3 33457 72
0x00007d762f71b400 0x0000000915629400 0 0 0 0 1 0 3 33457 80
0x00007d762f71b480 0x0000000915629480 0 0 0 0 1 0 3 33457 88
0x00007d762f71b500 0x0000000915629500 0 1 0 0 1 0 3 33457 80
0x00007d762f71b580 0x0000000915629580 0 1 0 0 1 0 3 33457 88
0x00007d762f71b600 0x0000000915629600 0 0 1 0 1 0 3 33457 80
0x00007d762f71b680 0x0000000915629680 0 0 1 0 1 0 3 33457 88
0x00007d762f71b700 0x0000000915629700 0 1 1 0 1 0 3 33457 80
0x00007d762f71b780 0x0000000915629780 0 1 1 0 1 0 3 33457 88
0x00007d762f71b800 0x0000000915629800 0 0 0 0 1 0 3 33457 96
0x00007d762f71b880 0x0000000915629880 0 0 0 0 1 0 3 33457 104
0x00007d762f71b900 0x0000000915629900 0 1 0 0 1 0 3 33457 96
0x00007d762f71b980 0x0000000915629980 0 1 0 0 1 0 3 33457 104
0x00007d762f71ba00 0x0000000915629a00 0 0 1 0 1 0 3 33457 96
0x00007d762f71ba80 0x0000000915629a80 0 0 1 0 1 0 3 33457 104
0x00007d762f71bb00 0x0000000915629b00 0 1 1 0 1 0 3 33457 96
0x00007d762f71bb80 0x0000000915629b80 0 1 1 0 1 0 3 33457 104
0x00007d762f71bc00 0x0000000915629c00 0 0 0 0 1 0 3 33457 112
0x00007d762f71bc80 0x0000000915629c80 0 0 0 0 1 0 3 33457 120
0x00007d762f71bd00 0x0000000915629d00 0 1 0 0 1 0 3 33457 112
0x00007d762f71bd80 0x0000000915629d80 0 1 0 0 1 0 3 33457 120
0x00007d762f71be00 0x0000000915629e00 0 0 1 0 1 0 3 33457 112
0x00007d762f71be80 0x0000000915629e80 0 0 1 0 1 0 3 33457 120
0x00007d762f71bf00 0x0000000915629f00 0 1 1 0 1 0 3 33457 112
0x00007d762f71bf80 0x0000000915629f80 0 1 1 0 1 0 3 33457 120
0x00007d762f721000 0x0000000c64628000 0 0 0 0 1 0 3 48273 0
0x00007d762f721080 0x0000000c64628080 0 0 0 0 1 0 3 48273 8
0x00007d762f721100 0x0000000c64628100 0 1 0 0 1 0 3 48273 0
0x00007d762f721180 0x0000000c64628180 0 1 0 0 1 0 3 48273 8
0x00007d762f721200 0x0000000c64628200 0 0 1 0 1 0 3 48273 0
0x00007d762f721280 0x0000000c64628280 0 0 1 0 1 0 3 48273 8
0x00007d762f721300 0x0000000c64628300 0 1 1 0 1 0 3 48273 0
0x00007d762f721380 0x0000000c64628380 0 1 1 0 1 0 3 48273 8
0x00007d762f721400 0x0000000c64628400 0 0 0 0 1 0 3 48273 16
0x00007d762f721480 0x0000000c64628480 0 0 0 0 1 0 3 48273 24
0x00007d762f721500 0x0000000c64628500 0 1 0 0 1 0 3 48273 16
0x00007d762f721580 0x0000000c64628580 0 1 0 0 1 0 3 48273 24
0x00007d762f721600 0x0000000c64628600 0 0 1 0 1 0 3 48273 16
0x00007d762f721680 0x0000000c64628680 0 0 1 0 1 0 3 48273 24
0x00007d762f721700 0x0000000c64628700 0 1 1 0 1 0 3 48273 16
0x00007d762f721780 0x0000000c64628780 0 1 1 0 1 0 3 48273 24
0x00007d762f721800 0x0000000c64628800 0 0 0 0 1 0 3 48273 32
0x00007d762f721880 0x0000000c64628880 0 0 0 0 1 0 3 48273 40
0x00007d762f721900 0x0000000c64628900 0 1 0 0 1 0 3 48273 32
0x00007d762f721980 0x0000000c64628980 0 1 0 0 1 0 3 48273 40
0x00007d762f721a00 0x0000000c64628a00 0 0 1 0 1 0 3 48273 32
0x00007d762f721a80 0x0000000c64628a80 0 0 1 0 1 0 3 48273 40
0x00007d762f721b00 0x0000000c64628b00 0 1 1 0 1 0 3 48273 32
0x00007d762f721b80 0x0000000c64628b80 0 1 1 0 1 0 3 48273 40
0x00007d762f721c00 0x0000000c64628c00 0 0 0 0 1 0 3 48273 48
0x00007d762f721c80 0x0000000c64628c80 0 0 0 0 1 0 3 48273 56
0x00007d762f721d00 0x0000000c64628d00 0 1 0 0 1 0 3 48273 48
0x00007d762f721d80 0x0000000c64628d80 0 1 0 0 1 0 3 48273 56
0x00007d762f721e00 0x0000000c64628e00 0 0 1 0 1 0 3 48273 48
0x00007d762f721e80 0x0000000c64628e80 0 0 1 0 1 0 3 48273 56
0x00007d762f721f00 0x0000000c64628f00 0 1 1 0 1 0 3 48273 48
0x00007d762f721f80 0x0000000c64628f80 0 1 1 0 1 0 3 48273 56
0x00007d762f722000 0x0000000915628000 0 0 0 0 1 0 3 33457 0
0x00007d762f722080 0x0000000915628080 0 0 0 0 1 0 3 33457 8
0x00007d762f722100 0x0000000915628100 0 1 0 0 1 0 3 33457 0
0x00007d762f722180 0x0000000915628180 0 1 0 0 1 0 3 33457 8
0x00007d762f722200 0x0000000915628200 0 0 1 0 1 0 3 33457 0
0x00007d762f722280 0x0000000915628280 0 0 1 0 1 0 3 33457 8
0x00007d762f722300 0x0000000915628300 0 1 1 0 1 0 3 33457 0
0x00007d762f722380 0x0000000915628380 0 1 1 0 1 0 3 33457 8
0x00007d762f722400 0x0000000915628400 0 0 0 0 1 0 3 33457 16
0x00007d762f722480 0x0000000915628480 0 0 0 0 1 0 3 33457 24
0x00007d762f722500 0x0000000915628500 0 1 0 0 1 0 3 33457 16
0x00007d762f722580 0x0000000915628580 0 1 0 0 1 0 3 33457 24
0x00007d762f722600 0x0000000915628600 0 0 1 0 1 0 3 33457 16
0x00007d762f722680 0x0000000915628680 0 0 1 0 1 0 3 33457 24
0x00007d762f722700 0x0000000915628700 0 1 1 0 1 0 3 33457 16
0x00007d762f722780 0x0000000915628780 0 1 1 0 1 0 3 33457 24
0x00007d762f722800 0x0000000915628800 0 0 0 0 1 0 3 33457 32
0x00007d762f722880 0x0000000915628880 0 0 0 0 1 0 3 33457 40
0x00007d762f722900 0x0000000915628900 0 1 0 0 1 0 3 33457 32
0x00007d762f722980 0x0000000915628980 0 1 0 0 1 0 3 33457 40
0x00007d762f722a00 0x0000000915628a00 0 0 1 0 1 0 3 33457 32
0x00007d762f722a80 0x0000000915628a80 0 0 1 0 1 0 3 33457 40
0x00007d762f722b00 0x0000000915628b00 0 1 1 0 1 0 3 33457 32
0x00007d762f722b80 0x0000000915628b80 0 1 1 0 1 0 3 33457 40
0x00007d762f722c00 0x0000000915628c00 0 0 0 0 1 0 3 33457 48
0x00007d762f722c80 0x0000000915628c80 0 0 0 0 1 0 3 33457 56
0x00007d762f722d00 0x0000000915628d00 0 1 0 0 1 0 3 33457 48
0x00007d762f722d80 0x0000000915628d80 0 1 0 0 1 0 3 33457 56
0x00007d762f722e00 0x0000000915628e00 0 0 1 0 1 0 3 33457 48
0x00007d762f722e80 0x0000000915628e80 0 0 1 0 1 0 3 33457 56
0x00007d762f722f00 0x0000000915628f00 0 1 1 0 1 0 3 33457 48
0x00007d762f722f80 0x0000000915628f80 0 1 1 0 1 0 3 33457 56
0x00007d762f735000 0x0000000c64626000 0 0 0 0 0 0 3 48273 384
0x00007d762f735080 0x0000000c64626080 0 0 0 0 0 0 3 48273 392
0x00007d762f735100 0x0000000c64626100 0 1 0 0 0 0 3 48273 384
0x00007d762f735180 0x0000000c64626180 0 1 0 0 0 0 3 48273 392
0x00007d762f735200 0x0000000c64626200 0 0 1 0 0 0 3 48273 384
0x00007d762f735280 0x0000000c64626280 0 0 1 0 0 0 3 48273 392
0x00007d762f735300 0x0000000c64626300 0 1 1 0 0 0 3 48273 384
0x00007d762f735380 0x0000000c64626380 0 1 1 0 0 0 3 48273 392
0x00007d762f735400 0x0000000c64626400 0 0 0 0 0 0 3 48273 400
0x00007d762f735480 0x0000000c64626480 0 0 0 0 0 0 3 48273 408
0x00007d762f735500 0x0000000c64626500 0 1 0 0 0 0 3 48273 400
0x00007d762f735580 0x0000000c64626580 0 1 0 0 0 0 3 48273 408
0x00007d762f735600 0x0000000c64626600 0 0 1 0 0 0 3 48273 400
0x00007d762f735680 0x0000000c64626680 0 0 1 0 0 0 3 48273 408
0x00007d762f735700 0x0000000c64626700 0 1 1 0 0 0 3 48273 400
0x00007d762f735780 0x0000000c64626780 0 1 1 0 0 0 3 48273 408
0x00007d762f735800 0x0000000c64626800 0 0 0 0 0 0 3 48273 416
0x00007d762f735880 0x0000000c64626880 0 0 0 0 0 0 3 48273 424
0x00007d762f735900 0x0000000c64626900 0 1 0 0 0 0 3 48273 416
0x00007d762f735980 0x0000000c64626980 0 1 0 0 0 0 3 48273 424
0x00007d762f735a00 0x0000000c64626a00 0 0 1 0 0 0 3 48273 416
0x00007d762f735a80 0x0000000c64626a80 0 0 1 0 0 0 3 48273 424
0x00007d762f735b00 0x0000000c64626b00 0 1 1 0 0 0 3 48273 416
0x00007d762f735b80 0x0000000c64626b80 0 1 1 0 0 0 3 48273 424
0x00007d762f735c00 0x0000000c64626c00 0 0 0 0 0 0 3 48273 432
0x00007d762f735c80 0x0000000c64626c80 0 0 0 0 0 0 3 48273 440
0x00007d762f735d00 0x0000000c64626d00 0 1 0 0 0 0 3 48273 432
0x00007d762f735d80 0x0000000c64626d80 0 1 0 0 0 0 3 48273 440
0x00007d762f735e00 0x0000000c64626e00 0 0 1 0 0 0 3 48273 432
0x00007d762f735e80 0x0000000c64626e80 0 0 1 0 0 0 3 48273 440
0x00007d762f735f00 0x0000000c64626f00 0 1 1 0 0 0 3 48273 432
0x00007d762f735f80 0x0000000c64626f80 0 1 1 0 0 0 3 48273 440
0x00007d762f738000 0x0000000b3b6c8000 0 0 0 0 1 0 3 42870 0
0x00007d762f738080 0x0000000b3b6c8080 0 0 0 0 1 0 3 42870 8
0x00007d762f738100 0x0000000b3b6c8100 0 1 0 0 1 0 3 42870 0
0x00007d762f738180 0x0000000b3b6c8180 0 1 0 0 1 0 3 42870 8
0x00007d762f738200 0x0000000b3b6c8200 0 0 1 0 1 0 3 42870 0
0x00007d762f738280 0x0000000b3b6c8280 0 0 1 0 1 0 3 42870 8
0x00007d762f738300 0x0000000b3b6c8300 0 1 1 0 1 0 3 42870 0
0x00007d762f738380 0x0000000b3b6c8380 0 1 1 0 1 0 3 42870 8
0x00007d762f738400 0x0000000b3b6c8400 0 0 0 0 1 0 3 42870 16
0x00007d762f738480 0x0000000b3b6c8480 0 0 0 0 1 0 3 42870 24
0x00007d762f738500 0x0000000b3b6c8500 0 1 0 0 1 0 3 42870 16
0x00007d762f738580 0x0000000b3b6c8580 0 1 0 0 1 0 3 42870 24
0x00007d762f738600 0x0000000b3b6c8600 0 0 1 0 1 0 3 42870 16
0x00007d762f738680 0x0000000b3b6c8680 0 0 1 0 1 0 3 42870 24
0x00007d762f738700 0x0000000b3b6c8700 0 1 1 0 1 0 3 42870 16
0x00007d762f738780 0x0000000b3b6c8780 0 1 1 0 1 0 3 42870 24
0x00007d762f738800 0x0000000b3b6c8800 0 0 0 0 1 0 3 42870 32
0x00007d762f738880 0x0000000b3b6c8880 0 0 0 0 1 0 3 42870 40
0x00007d762f738900 0x0000000b3b6c8900 0 1 0 0 1 0 3 42870 32
0x00007d762f738980 0x0000000b3b6c8980 0 1 0 0 1 0 3 42870 40
0x00007d762f738a00 0x0000000b3b6c8a00 0 0 1 0 1 0 3 42870 32
0x00007d762f738a80 0x0000000b3b6c8a80 0 0 1 0 1 0 3 42870 40
0x00007d762f738b00 0x0000000b3b6c8b00 0 1 1 0 1 0 3 42870 32
0x00007d762f738b80 0x0000000b3b6c8b80 0 1 1 0 1 0 3 42870 40
0x00007d762f738c00 0x0000000b3b6c8c00 0 0 0 0 1 0 3 42870 48
0x00007d762f738c80 0x0000000b3b6c8c80 0 0 0 0 1 0 3 42870 56
0x00007d762f738d00 0x0000000b3b6c8d00 0 1 0 0 1 0 3 42870 48
0x00007d762f738d80 0x0000000b3b6c8d80 0 1 0 0 1 0 3 42870 56
0x00007d762f738e00 0x0000000b3b6c8e00 0 0 1 0 1 0 3 42870 48
0x00007d762f738e80 0x0000000b3b6c8e80 0 0 1 0 1 0 3 42870 56
0x00007d762f738f00 0x0000000b3b6c8f00 0 1 1 0 1 0 3 42870 48
0x00007d762f738f80 0x0000000b3b6c8f80 0 1 1 0 1 0 3 42870 56
0x00007d762f73d000 0x000000091562a000 0 0 0 0 1 0 3 33457 128
0x00007d762f73d080 0x000000091562a080 0 0 0 0 1 0 3 33457 136
0x00007d762f73d100 0x000000091562a100 0 1 0 0 1 0 3 33457 128
0x00007d762f73d180 0x000000091562a180 0 1 0 0 1 0 3 33457 136
0x00007d762f73d200 0x000000091562a200 0 0 1 0 1 0 3 33457 128
0x00007d762f73d280 0x000000091562a280 0 0 1 0 1 0 3 33457 136
0x00007d762f73d300 0x000000091562a300 0 1 1 0 1 0 3 33457 128
0x00007d762f73d380 0x000000091562a380 0 1 1 0 1 0 3 33457 136
0x00007d762f73d400 0x000000091562a400 0 0 0 0 1 0 3 33457 144
0x00007d762f73d480 0x000000091562a480 0 0 0 0 1 0 3 33457 152
0x00007d762f73d500 0x000000091562a500 0 1 0 0 1 0 3 33457 144
0x00007d762f73d580 0x000000091562a580 0 1 0 0 1 0 3 33457 152
0x00007d762f73d600 0x000000091562a600 0 0 1 0 1 0 3 33457 144
0x00007d762f73d680 0x000000091562a680 0 0 1 0 1 0 3 33457 152
0x00007d762f73d700 0x000000091562a700 0 1 1 0 1 0 3 33457 144
0x00007d762f73d780 0x000000091562a780 0 1 1 0 1 0 3 33457 152
0x00007d762f73d800 0x000000091562a800 0 0 0 0 1 0 3 33457 160
0x00007d762f73d880 0x000000091562a880 0 0 0 0 1 0 3 33457 168
0x00007d762f73d900 0x000000091562a900 0 1 0 0 1 0 3 33457 160
0x00007d762f73d980 0x000000091562a980 0 1 0 0 1 0 3 33457 168
0x00007d762f73da00 0x000000091562aa00 0 0 1 0 1 0 3 33457 160
0x00007d762f73da80 0x000000091562aa80 0 0 1 0 1 0 3 33457 168
0x00007d762f73db00 0x000000091562ab00 0 1 1 0 1 0 3 33457 160
0x00007d762f73db80 0x000000091562ab80 0 1 1 0 1 0 3 33457 168
0x00007d762f73dc00 0x000000091562ac00 0 0 0 0 1 0 3 33457 176
0x00007d762f73dc80 0x000000091562ac80 0 0 0 0 1 0 3 33457 184
0x00007d762f73dd00 0x000000091562ad00 0 1 0 0 1 0 3 33457 176
0x00007d762f73dd80 0x000000091562ad80 0 1 0 0 1 0 3 33457 184
0x00007d762f73de00 0x000000091562ae00 0 0 1 0 1 0 3 33457 176
0x00007d762f73de80 0x000000091562ae80 0 0 1 0 1 0 3 33457 184
0x00007d762f73df00 0x000000091562af00 0 1 1 0 1 0 3 33457 176
0x00007d762f73df80 0x000000091562af80 0 1 1 0 1 0 3 33457 184
0x00007d762f740000 0x0000000c64625000 0 0 0 0 0 0 3 48273 320
0x00007d762f740080 0x0000000c64625080 0 0 0 0 0 0 3 48273 328
0x00007d762f740100 0x0000000c64625100 0 1 0 0 0 0 3 48273 320
0x00007d762f740180 0x0000000c64625180 0 1 0 0 0 0 3 48273 328
0x00007d762f740200 0x0000000c64625200 0 0 1 0 0 0 3 48273 320
0x00007d762f740280 0x0000000c64625280 0 0 1 0 0 0 3 48273 328
0x00007d762f740300 0x0000000c64625300 0 1 1 0 0 0 3 48273 320
0x00007d762f740380 0x0000000c64625380 0 1 1 0 0 0 3 48273 328
0x00007d762f740400 0x0000000c64625400 0 0 0 0 0 0 3 48273 336
0x00007d762f740480 0x0000000c64625480 0 0 0 0 0 0 3 48273 344
0x00007d762f740500 0x0000000c64625500 0 1 0 0 0 0 3 48273 336
0x00007d762f740580 0x0000000c64625580 0 1 0 0 0 0 3 48273 344
0x00007d762f740600 0x0000000c64625600 0 0 1 0 0 0 3 48273 336
0x00007d762f740680 0x0000000c64625680 0 0 1 0 0 0 3 48273 344
0x00007d762f740700 0x0000000c64625700 0 1 1 0 0 0 3 48273 336
0x00007d762f740780 0x0000000c64625780 0 1 1 0 0 0 3 48273 344
0x00007d762f740800 0x0000000c64625800 0 0 0 0 0 0 3 48273 352
0x00007d762f740880 0x0000000c64625880 0 0 0 0 0 0 3 48273 360
0x00007d762f740900 0x0000000c64625900 0 1 0 0 0 0 3 48273 352
0x00007d762f740980 0x0000000c64625980 0 1 0 0 0 0 3 48273 360
0x00007d762f740a00 0x0000000c64625a00 0 0 1 0 0 0 3 48273 352
0x00007d762f740a80 0x0000000c64625a80 0 0 1 0 0 0 3 48273 360
0x00007d762f740b00 0x0000000c64625b00 0 1 1 0 0 0 3 48273 352
0x00007d762f740b80 0x0000000c64625b80 0 1 1 0 0 0 3 48273 360
0x00007d762f740c00 0x0000000c64625c00 0 0 0 0 0 0 3 48273 368
0x00007d762f740c80 0x0000000c64625c80 0 0 0 0 0 0 3 48273 376
0x00007d762f740d00 0x0000000c64625d00 0 1 0 0 0 0 3 48273 368
0x00007d762f740d80 0x0000000c64625d80 0 1 0 0 0 0 3 48273 376
0x00007d762f740e00 0x0000000c64625e00 0 0 1 0 0 0 3 48273 368
0x00007d762f740e80 0x0000000c64625e80 0 0 1 0 0 0 3 48273 376
0x00007d762f740f00 0x0000000c64625f00 0 1 1 0 0 0 3 48273 368
0x00007d762f740f80 0x0000000c64625f80 0 1 1 0 0 0 3 48273 376
0x00007d762f742000 0x0000000c64624000 0 0 0 0 0 0 3 48273 256
0x00007d762f742080 0x0000000c64624080 0 0 0 0 0 0 3 48273 264
0x00007d762f742100 0x0000000c64624100 0 1 0 0 0 0 3 48273 256
0x00007d762f742180 0x0000000c64624180 0 1 0 0 0 0 3 48273 264
0x00007d762f742200 0x0000000c64624200 0 0 1 0 0 0 3 48273 256
0x00007d762f742280 0x0000000c64624280 0 0 1 0 0 0 3 48273 264
0x00007d762f742300 0x0000000c64624300 0 1 1 0 0 0 3 48273 256
0x00007d762f742380 0x0000000c64624380 0 1 1 0 0 0 3 48273 264
0x00007d762f742400 0x0000000c64624400 0 0 0 0 0 0 3 48273 272
0x00007d762f742480 0x0000000c64624480 0 0 0 0 0 0 3 48273 280
0x00007d762f742500 0x0000000c64624500 0 1 0 0 0 0 3 48273 272
0x00007d762f742580 0x0000000c64624580 0 1 0 0 0 0 3 48273 280
0x00007d762f742600 0x0000000c64624600 0 0 1 0 0 0 3 48273 272
0x00007d762f742680 0x0000000c64624680 0 0 1 0 0 0 3 48273 280
0x00007d762f742700 0x0000000c64624700 0 1 1 0 0 0 3 48273 272
0x00007d762f742780 0x0000000c64624780 0 1 1 0 0 0 3 48273 280
0x00007d762f742800 0x0000000c64624800 0 0 0 0 0 0 3 48273 288
0x00007d762f742880 0x0000000c64624880 0 0 0 0 0 0 3 48273 296
0x00007d762f742900 0x0000000c64624900 0 1 0 0 0 0 3 48273 288
0x00007d762f742980 0x0000000c64624980 0 1 0 0 0 0 3 48273 296
0x00007d762f742a00 0x0000000c64624a00 0 0 1 0 0 0 3 48273 288
0x00007d762f742a80 0x0000000c64624a80 0 0 1 0 0 0 3 48273 296
0x00007d762f742b00 0x0000000c64624b00 0 1 1 0 0 0 3 48273 288
0x00007d762f742b80 0x0000000c64624b80 0 1 1 0 0 0 3 48273 296
0x00007d762f742c00 0x0000000c64624c00 0 0 0 0 0 0 3 48273 304
0x00007d762f742c80 0x0000000c64624c80 0 0 0 0 0 0 3 48273 312
0x00007d762f742d00 0x0000000c64624d00 0 1 0 0 0 0 3 48273 304
0x00007d762f742d80 0x0000000c64624d80 0 1 0 0 0 0 3 48273 312
0x00007d762f742e00 0x0000000c64624e00 0 0 1 0 0 0 3 48273 304
0x00007d762f742e80 0x0000000c64624e80 0 0 1 0 0 0 3 48273 312
0x00007d762f742f00 0x0000000c64624f00 0 1 1 0 0 0 3 48273 304
0x00007d762f742f80 0x0000000c64624f80 0 1 1 0 0 0 3 48273 312
0x00007d762f750000 0x0000000b3b6c1000 0 0 0 0 0 0 3 42870 64
0x00007d762f750080 0x0000000b3b6c1080 0 0 0 0 0 0 3 42870 72
0x00007d762f750100 0x0000000b3b6c1100 0 1 0 0 0 0 3 42870 64
0x00007d762f750180 0x0000000b3b6c1180 0 1 0 0 0 0 3 42870 72
0x00007d762f750200 0x0000000b3b6c1200 0 0 1 0 0 0 3 42870 64
0x00007d762f750280 0x0000000b3b6c1280 0 0 1 0 0 0 3 42870 72
0x00007d762f750300 0x0000000b3b6c1300 0 1 1 0 0 0 3 42870 64
0x00007d762f750380 0x0000000b3b6c1380 0 1 1 0 0 0 3 42870 72
0x00007d762f750400 0x0000000b3b6c1400 0 0 0 0 0 0 3 42870 80
0x00007d762f750480 0x0000000b3b6c1480 0 0 0 0 0 0 3 42870 88
0x00007d762f750500 0x0000000b3b6c1500 0 1 0 0 0 0 3 42870 80
0x00007d762f750580 0x0000000b3b6c1580 0 1 0 0 0 0 3 42870 88
0x00007d762f750600 0x0000000b3b6c1600 0 0 1 0 0 0 3 42870 80
0x00007d762f750680 0x0000000b3b6c1680 0 0 1 0 0 0 3 42870 88
0x00007d762f750700 0x0000000b3b6c1700 0 1 1 0 0 0 3 42870 80
0x00007d762f750780 0x0000000b3b6c1780 0 1 1 0 0 0 3 42870 88
0x00007d762f750800 0x0000000b3b6c1800 0 0 0 0 0 0 3 42870 96
0x00007d762f750880 0x0000000b3b6c1880 0 0 0 0 0 0 3 42870 104
0x00007d762f750900 0x0000000b3b6c1900 0 1 0 0 0 0 3 42870 96
0x00007d762f750980 0x0000000b3b6c1980 0 1 0 0 0 0 3 42870 104
0x00007d762f750a00 0x0000000b3b6c1a00 0 0 1 0 0 0 3 42870 96
0x00007d762f750a80 0x0000000b3b6c1a80 0 0 1 0 0 0 3 42870 104
0x00007d762f750b00 0x0000000b3b6c1b00 0 1 1 0 0 0 3 42870 96
0x00007d762f750b80 0x0000000b3b6c1b80 0 1 1 0 0 0 3 42870 104
0x00007d762f750c00 0x0000000b3b6c1c00 0 0 0 0 0 0 3 42870 112
0x00007d762f750c80 0x0000000b3b6c1c80 0 0 0 0 0 0 3 42870 120
0x00007d762f750d00 0x0000000b3b6c1d00 0 1 0 0 0 0 3 42870 112
0x00007d762f750d80 0x0000000b3b6c1d80 0 1 0 0 0 0 3 42870 120
0x00007d762f750e00 0x0000000b3b6c1e00 0 0 1 0 0 0 3 42870 112
0x00007d762f750e80 0x0000000b3b6c1e80 0 0 1 0 0 0 3 42870 120
0x00007d762f750f00 0x0000000b3b6c1f00 0 1 1 0 0 0 3 42870 112
0x00007d762f750f80 0x0000000b3b6c1f80 0 1 1 0 0 0 3 42870 120
0x00007d762f752000 0x0000000b3b6cd000 0 0 0 0 1 0 3 42870 320
0x00007d762f752080 0x0000000b3b6cd080 0 0 0 0 1 0 3 42870 328
0x00007d762f752100 0x0000000b3b6cd100 0 1 0 0 1 0 3 42870 320
0x00007d762f752180 0x0000000b3b6cd180 0 1 0 0 1 0 3 42870 328
0x00007d762f752200 0x0000000b3b6cd200 0 0 1 0 1 0 3 42870 320
0x00007d762f752280 0x0000000b3b6cd280 0 0 1 0 1 0 3 42870 328
0x00007d762f752300 0x0000000b3b6cd300 0 1 1 0 1 0 3 42870 320
0x00007d762f752380 0x0000000b3b6cd380 0 1 1 0 1 0 3 42870 328
0x00007d762f752400 0x0000000b3b6cd400 0 0 0 0 1 0 3 42870 336
0x00007d762f752480 0x0000000b3b6cd480 0 0 0 0 1 0 3 42870 344
0x00007d762f752500 0x0000000b3b6cd500 0 1 0 0 1 0 3 42870 336
0x00007d762f752580 0x0000000b3b6cd580 0 1 0 0 1 0 3 42870 344
0x00007d762f752600 0x0000000b3b6cd600 0 0 1 0 1 0 3 42870 336
0x00007d762f752680 0x0000000b3b6cd680 0 0 1 0 1 0 3 42870 344
0x00007d762f752700 0x0000000b3b6cd700 0 1 1 0 1 0 3 42870 336
0x00007d762f752780 0x0000000b3b6cd780 0 1 1 0 1 0 3 42870 344
0x00007d762f752800 0x0000000b3b6cd800 0 0 0 0 1 0 3 42870 352
0x00007d762f752880 0x0000000b3b6cd880 0 0 0 0 1 0 3 42870 360
0x00007d762f752900 0x0000000b3b6cd900 0 1 0 0 1 0 3 42870 352
0x00007d762f752980 0x0000000b3b6cd980 0 1 0 0 1 0 3 42870 360
0x00007d762f752a00 0x0000000b3b6cda00 0 0 1 0 1 0 3 42870 352
0x00007d762f752a80 0x0000000b3b6cda80 0 0 1 0 1 0 3 42870 360
0x00007d762f752b00 0x0000000b3b6cdb00 0 1 1 0 1 0 3 42870 352
0x00007d762f752b80 0x0000000b3b6cdb80 0 1 1 0 1 0 3 42870 360
0x00007d762f752c00 0x0000000b3b6cdc00 0 0 0 0 1 0 3 42870 368
0x00007d762f752c80 0x0000000b3b6cdc80 0 0 0 0 1 0 3 42870 376
0x00007d762f752d00 0x0000000b3b6cdd00 0 1 0 0 1 0 3 42870 368
0x00007d762f752d80 0x0000000b3b6cdd80 0 1 0 0 1 0 3 42870 376
0x00007d762f752e00 0x0000000b3b6cde00 0 0 1 0 1 0 3 42870 368
0x00007d762f752e80 0x0000000b3b6cde80 0 0 1 0 1 0 3 42870 376
0x00007d762f752f00 0x0000000b3b6cdf00 0 1 1 0 1 0 3 42870 368
0x00007d762f752f80 0x0000000b3b6cdf80 0 1 1 0 1 0 3 42870 376
0x00007d762f755000 0x0000000b3b6ca000 0 0 0 0 1 0 3 42870 128
0x00007d762f755080 0x0000000b3b6ca080 0 0 0 0 1 0 3 42870 136
0x00007d762f755100 0x0000000b3b6ca100 0 1 0 0 1 0 3 42870 128
0x00007d762f755180 0x0000000b3b6ca180 0 1 0 0 1 0 3 42870 136
0x00007d762f755200 0x0000000b3b6ca200 0 0 1 0 1 0 3 42870 128
0x00007d762f755280 0x0000000b3b6ca280 0 0 1 0 1 0 3 42870 136
0x00007d762f755300 0x0000000b3b6ca300 0 1 1 0 1 0 3 42870 128
0x00007d762f755380 0x0000000b3b6ca380 0 1 1 0 1 0 3 42870 136
0x00007d762f755400 0x0000000b3b6ca400 0 0 0 0 1 0 3 42870 144
0x00007d762f755480 0x0000000b3b6ca480 0 0 0 0 1 0 3 42870 152
0x00007d762f755500 0x0000000b3b6ca500 0 1 0 0 1 0 3 42870 144
0x00007d762f755580 0x0000000b3b6ca580 0 1 0 0 1 0 3 42870 152
0x00007d762f755600 0x0000000b3b6ca600 0 0 1 0 1 0 3 42870 144
0x00007d762f755680 0x0000000b3b6ca680 0 0 1 0 1 0 3 42870 152
0x00007d762f755700 0x0000000b3b6ca700 0 1 1 0 1 0 3 42870 144
0x00007d762f755780 0x0000000b3b6ca780 0 1 1 0 1 0 3 42870 152
0x00007d762f755800 0x0000000b3b6ca800 0 0 0 0 1 0 3 42870 160
0x00007d762f755880 0x0000000b3b6ca880 0 0 0 0 1 0 3 42870 168
0x00007d762f755900 0x0000000b3b6ca900 0 1 0 0 1 0 3 42870 160
0x00007d762f755980 0x0000000b3b6ca980 0 1 0 0 1 0 3 42870 168
0x00007d762f755a00 0x0000000b3b6caa00 0 0 1 0 1 0 3 42870 160
0x00007d762f755a80 0x0000000b3b6caa80 0 0 1 0 1 0 3 42870 168
0x00007d762f755b00 0x0000000b3b6cab00 0 1 1 0 1 0 3 42870 160
0x00007d762f755b80 0x0000000b3b6cab80 0 1 1 0 1 0 3 42870 168
0x00007d762f755c00 0x0000000b3b6cac00 0 0 0 0 1 0 3 42870 176
0x00007d762f755c80 0x0000000b3b6cac80 0 0 0 0 1 0 3 42870 184
0x00007d762f755d00 0x0000000b3b6cad00 0 1 0 0 1 0 3 42870 176
0x00007d762f755d80 0x0000000b3b6cad80 0 1 0 0 1 0 3 42870 184
0x00007d762f755e00 0x0000000b3b6cae00 0 0 1 0 1 0 3 42870 176
0x00007d762f755e80 0x0000000b3b6cae80 0 0 1 0 1 0 3 42870 184
0x00007d762f755f00 0x0000000b3b6caf00 0 1 1 0 1 0 3 42870 176
0x00007d762f755f80 0x0000000b3b6caf80 0 1 1 0 1 0 3 42870 184
0x00007d762f766000 0x0000000bceee6000 0 0 0 0 0 0 3 47567 384
0x00007d762f766080 0x0000000bceee6080 0 0 0 0 0 0 3 47567 392
0x00007d762f766100 0x0000000bceee6100 0 1 0 0 0 0 3 47567 384
0x00007d762f766180 0x0000000bceee6180 0 1 0 0 0 0 3 47567 392
0x00007d762f766200 0x0000000bceee6200 0 0 1 0 0 0 3 47567 384
0x00007d762f766280 0x0000000bceee6280 0 0 1 0 0 0 3 47567 392
0x00007d762f766300 0x0000000bceee6300 0 1 1 0 0 0 3 47567 384
0x00007d762f766380 0x0000000bceee6380 0 1 1 0 0 0 3 47567 392
0x00007d762f766400 0x0000000bceee6400 0 0 0 0 0 0 3 47567 400
0x00007d762f766480 0x0000000bceee6480 0 0 0 0 0 0 3 47567 408
0x00007d762f766500 0x0000000bceee6500 0 1 0 0 0 0 3 47567 400
0x00007d762f766580 0x0000000bceee6580 0 1 0 0 0 0 3 47567 408
0x00007d762f766600 0x0000000bceee6600 0 0 1 0 0 0 3 47567 400
0x00007d762f766680 0x0000000bceee6680 0 0 1 0 0 0 3 47567 408
0x00007d762f766700 0x0000000bceee6700 0 1 1 0 0 0 3 47567 400
0x00007d762f766780 0x0000000bceee6780 0 1 1 0 0 0 3 47567 408
0x00007d762f766800 0x0000000bceee6800 0 0 0 0 0 0 3 47567 416
0x00007d762f766880 0x0000000bceee6880 0 0 0 0 0 0 3 47567 424
0x00007d762f766900 0x0000000bceee6900 0 1 0 0 0 0 3 47567 416
0x00007d762f766980 0x0000000bceee6980 0 1 0 0 0 0 3 47567 424
0x00007d762f766a00 0x0000000bceee6a00 0 0 1 0 0 0 3 47567 416
0x00007d762f766a80 0x0000000bceee6a80 0 0 1 0 0 0 3 47567 424
0x00007d762f766b00 0x0000000bceee6b00 0 1 1 0 0 0 3 47567 416
0x00007d762f766b80 0x0000000bceee6b80 0 1 1 0 0 0 3 47567 424
0x00007d762f766c00 0x0000000bceee6c00 0 0 0 0 0 0 3 47567 432
0x00007d762f766c80 0x0000000bceee6c80 0 0 0 0 0 0 3 47567 440
0x00007d762f766d00 0x0000000bceee6d00 0 1 0 0 0 0 3 47567 432
0x00007d762f766d80 0x0000000bceee6d80 0 1 0 0 0 0 3 47567 440
0x00007d762f766e00 0x0000000bceee6e00 0 0 1 0 0 0 3 47567 432
0x00007d762f766e80 0x0000000bceee6e80 0 0 1 0 0 0 3 47567 440
0x00007d762f766f00 0x0000000bceee6f00 0 1 1 0 0 0 3 47567 432
0x00007d762f766f80 0x0000000bceee6f80 0 1 1 0 0 0 3 47567 440
0x00007d762f76a000 0x00000007fb6e4000 0 0 0 0 0 0 3 32615 256
0x00007d762f76a080 0x00000007fb6e4080 0 0 0 0 0 0 3 32615 264
0x00007d762f76a100 0x00000007fb6e4100 0 1 0 0 0 0 3 32615 256
0x00007d762f76a180 0x00000007fb6e4180 0 1 0 0 0 0 3 32615 264
0x00007d762f76a200 0x00000007fb6e4200 0 0 1 0 0 0 3 32615 256
0x00007d762f76a280 0x00000007fb6e4280 0 0 1 0 0 0 3 32615 264
0x00007d762f76a300 0x00000007fb6e4300 0 1 1 0 0 0 3 32615 256
0x00007d762f76a380 0x00000007fb6e4380 0 1 1 0 0 0 3 32615 264
0x00007d762f76a400 0x00000007fb6e4400 0 0 0 0 0 0 3 32615 272
0x00007d762f76a480 0x00000007fb6e4480 0 0 0 0 0 0 3 32615 280
0x00007d762f76a500 0x00000007fb6e4500 0 1 0 0 0 0 3 32615 272
0x00007d762f76a580 0x00000007fb6e4580 0 1 0 0 0 0 3 32615 280
0x00007d762f76a600 0x00000007fb6e4600 0 0 1 0 0 0 3 32615 272
0x00007d762f76a680 0x00000007fb6e4680 0 0 1 0 0 0 3 32615 280
0x00007d762f76a700 0x00000007fb6e4700 0 1 1 0 0 0 3 32615 272
0x00007d762f76a780 0x00000007fb6e4780 0 1 1 0 0 0 3 32615 280
0x00007d762f76a800 0x00000007fb6e4800 0 0 0 0 0 0 3 32615 288
0x00007d762f76a880 0x00000007fb6e4880 0 0 0 0 0 0 3 32615 296
0x00007d762f76a900 0x00000007fb6e4900 0 1 0 0 0 0 3 32615 288
0x00007d762f76a980 0x00000007fb6e4980 0 1 0 0 0 0 3 32615 296
0x00007d762f76aa00 0x00000007fb6e4a00 0 0 1 0 0 0 3 32615 288
0x00007d762f76aa80 0x00000007fb6e4a80 0 0 1 0 0 0 3 32615 296
0x00007d762f76ab00 0x00000007fb6e4b00 0 1 1 0 0 0 3 32615 288
0x00007d762f76ab80 0x00000007fb6e4b80 0 1 1 0 0 0 3 32615 296
0x00007d762f76ac00 0x00000007fb6e4c00 0 0 0 0 0 0 3 32615 304
0x00007d762f76ac80 0x00000007fb6e4c80 0 0 0 0 0 0 3 32615 312
0x00007d762f76ad00 0x00000007fb6e4d00 0 1 0 0 0 0 3 32615 304
0x00007d762f76ad80 0x00000007fb6e4d80 0 1 0 0 0 0 3 32615 312
0x00007d762f76ae00 0x00000007fb6e4e00 0 0 1 0 0 0 3 32615 304
0x00007d762f76ae80 0x00000007fb6e4e80 0 0 1 0 0 0 3 32615 312
0x00007d762f76af00 0x00000007fb6e4f00 0 1 1 0 0 0 3 32615 304
0x00007d762f76af80 0x00000007fb6e4f80 0 1 1 0 0 0 3 32615 312
0x00007d762f76b000 0x0000000915625000 0 0 0 0 0 0 3 33457 320
0x00007d762f76b080 0x0000000915625080 0 0 0 0 0 0 3 33457 328
0x00007d762f76b100 0x0000000915625100 0 1 0 0 0 0 3 33457 320
0x00007d762f76b180 0x0000000915625180 0 1 0 0 0 0 3 33457 328
0x00007d762f76b200 0x0000000915625200 0 0 1 0 0 0 3 33457 320
0x00007d762f76b280 0x0000000915625280 0 0 1 0 0 0 3 33457 328
0x00007d762f76b300 0x0000000915625300 0 1 1 0 0 0 3 33457 320
0x00007d762f76b380 0x0000000915625380 0 1 1 0 0 0 3 33457 328
0x00007d762f76b400 0x0000000915625400 0 0 0 0 0 0 3 33457 336
0x00007d762f76b480 0x0000000915625480 0 0 0 0 0 0 3 33457 344
0x00007d762f76b500 0x0000000915625500 0 1 0 0 0 0 3 33457 336
0x00007d762f76b580 0x0000000915625580 0 1 0 0 0 0 3 33457 344
0x00007d762f76b600 0x0000000915625600 0 0 1 0 0 0 3 33457 336
0x00007d762f76b680 0x0000000915625680 0 0 1 0 0 0 3 33457 344
0x00007d762f76b700 0x0000000915625700 0 1 1 0 0 0 3 33457 336
0x00007d762f76b780 0x0000000915625780 0 1 1 0 0 0 3 33457 344
0x00007d762f76b800 0x0000000915625800 0 0 0 0 0 0 3 33457 352
0x00007d762f76b880 0x0000000915625880 0 0 0 0 0 0 3 33457 360
0x00007d762f76b900 0x0000000915625900 0 1 0 0 0 0 3 33457 352
0x00007d762f76b980 0x0000000915625980 0 1 0 0 0 0 3 33457 360
0x00007d762f76ba00 0x0000000915625a00 0 0 1 0 0 0 3 33457 352
0x00007d762f76ba80 0x0000000915625a80 0 0 1 0 0 0 3 33457 360
0x00007d762f76bb00 0x0000000915625b00 0 1 1 0 0 0 3 33457 352
0x00007d762f76bb80 0x0000000915625b80 0 1 1 0 0 0 3 33457 360
0x00007d762f76bc00 0x0000000915625c00 0 0 0 0 0 0 3 33457 368
0x00007d762f76bc80 0x0000000915625c80 0 0 0 0 0 0 3 33457 376
0x00007d762f76bd00 0x0000000915625d00 0 1 0 0 0 0 3 33457 368
0x00007d762f76bd80 0x0000000915625d80 0 1 0 0 0 0 3 33457 376
0x00007d762f76be00 0x0000000915625e00 0 0 1 0 0 0 3 33457 368
0x00007d762f76be80 0x0000000915625e80 0 0 1 0 0 0 3 33457 376
0x00007d762f76bf00 0x0000000915625f00 0 1 1 0 0 0 3 33457 368
0x00007d762f76bf80 0x0000000915625f80 0 1 1 0 0 0 3 33457 376
0x00007d762f770000 0x0000000bceeef000 0 0 0 0 1 0 3 47567 448
0x00007d762f770080 0x0000000bceeef080 0 0 0 0 1 0 3 47567 456
0x00007d762f770100 0x0000000bceeef100 0 1 0 0 1 0 3 47567 448
0x00007d762f770180 0x0000000bceeef180 0 1 0 0 1 0 3 47567 456
0x00007d762f770200 0x0000000bceeef200 0 0 1 0 1 0 3 47567 448
0x00007d762f770280 0x0000000bceeef280 0 0 1 0 1 0 3 47567 456
0x00007d762f770300 0x0000000bceeef300 0 1 1 0 1 0 3 47567 448
0x00007d762f770380 0x0000000bceeef380 0 1 1 0 1 0 3 47567 456
0x00007d762f770400 0x0000000bceeef400 0 0 0 0 1 0 3 47567 464
0x00007d762f770480 0x0000000bceeef480 0 0 0 0 1 0 3 47567 472
0x00007d762f770500 0x0000000bceeef500 0 1 0 0 1 0 3 47567 464
0x00007d762f770580 0x0000000bceeef580 0 1 0 0 1 0 3 47567 472
0x00007d762f770600 0x0000000bceeef600 0 0 1 0 1 0 3 47567 464
0x00007d762f770680 0x0000000bceeef680 0 0 1 0 1 0 3 47567 472
0x00007d762f770700 0x0000000bceeef700 0 1 1 0 1 0 3 47567 464
0x00007d762f770780 0x0000000bceeef780 0 1 1 0 1 0 3 47567 472
0x00007d762f770800 0x0000000bceeef800 0 0 0 0 1 0 3 47567 480
0x00007d762f770880 0x0000000bceeef880 0 0 0 0 1 0 3 47567 488
0x00007d762f770900 0x0000000bceeef900 0 1 0 0 1 0 3 47567 480
0x00007d762f770980 0x0000000bceeef980 0 1 0 0 1 0 3 47567 488
0x00007d762f770a00 0x0000000bceeefa00 0 0 1 0 1 0 3 47567 480
0x00007d762f770a80 0x0000000bceeefa80 0 0 1 0 1 0 3 47567 488
0x00007d762f770b00 0x0000000bceeefb00 0 1 1 0 1 0 3 47567 480
0x00007d762f770b80 0x0000000bceeefb80 0 1 1 0 1 0 3 47567 488
0x00007d762f770c00 0x0000000bceeefc00 0 0 0 0 1 0 3 47567 496
0x00007d762f770c80 0x0000000bceeefc80 0 0 0 0 1 0 3 47567 504
0x00007d762f770d00 0x0000000bceeefd00 0 1 0 0 1 0 3 47567 496
0x00007d762f770d80 0x0000000bceeefd80 0 1 0 0 1 0 3 47567 504
0x00007d762f770e00 0x0000000bceeefe00 0 0 1 0 1 0 3 47567 496
0x00007d762f770e80 0x0000000bceeefe80 0 0 1 0 1 0 3 47567 504
0x00007d762f770f00 0x0000000bceeeff00 0 1 1 0 1 0 3 47567 496
0x00007d762f770f80 0x0000000bceeeff80 0 1 1 0 1 0 3 47567 504
0x00007d762f774000 0x0000000b89660000 0 0 0 0 0 0 3 45347 0
0x00007d762f774080 0x0000000b89660080 0 0 0 0 0 0 3 45347 8
0x00007d762f774100 0x0000000b89660100 0 1 0 0 0 0 3 45347 0
0x00007d762f774180 0x0000000b89660180 0 1 0 0 0 0 3 45347 8
0x00007d762f774200 0x0000000b89660200 0 0 1 0 0 0 3 45347 0
0x00007d762f774280 0x0000000b89660280 0 0 1 0 0 0 3 45347 8
0x00007d762f774300 0x0000000b89660300 0 1 1 0 0 0 3 45347 0
0x00007d762f774380 0x0000000b89660380 0 1 1 0 0 0 3 45347 8
0x00007d762f774400 0x0000000b89660400 0 0 0 0 0 0 3 45347 16
0x00007d762f774480 0x0000000b89660480 0 0 0 0 0 0 3 45347 24
0x00007d762f774500 0x0000000b89660500 0 1 0 0 0 0 3 45347 16
0x00007d762f774580 0x0000000b89660580 0 1 0 0 0 0 3 45347 24
0x00007d762f774600 0x0000000b89660600 0 0 1 0 0 0 3 45347 16
0x00007d762f774680 0x0000000b89660680 0 0 1 0 0 0 3 45347 24
0x00007d762f774700 0x0000000b89660700 0 1 1 0 0 0 3 45347 16
0x00007d762f774780 0x0000000b89660780 0 1 1 0 0 0 3 45347 24
0x00007d762f774800 0x0000000b89660800 0 0 0 0 0 0 3 45347 32
0x00007d762f774880 0x0000000b89660880 0 0 0 0 0 0 3 45347 40
0x00007d762f774900 0x0000000b89660900 0 1 0 0 0 0 3 45347 32
0x00007d762f774980 0x0000000b89660980 0 1 0 0 0 0 3 45347 40
0x00007d762f774a00 0x0000000b89660a00 0 0 1 0 0 0 3 45347 32
0x00007d762f774a80 0x0000000b89660a80 0 0 1 0 0 0 3 45347 40
0x00007d762f774b00 0x0000000b89660b00 0 1 1 0 0 0 3 45347 32
0x00007d762f774b80 0x0000000b89660b80 0 1 1 0 0 0 3 45347 40
0x00007d762f774c00 0x0000000b89660c00 0 0 0 0 0 0 3 45347 48
0x00007d762f774c80 0x0000000b89660c80 0 0 0 0 0 0 3 45347 56
0x00007d762f774d00 0x0000000b89660d00 0 1 0 0 0 0 3 45347 48
0x00007d762f774d80 0x0000000b89660d80 0 1 0 0 0 0 3 45347 56
0x00007d762f774e00 0x0000000b89660e00 0 0 1 0 0 0 3 45347 48
0x00007d762f774e80 0x0000000b89660e80 0 0 1 0 0 0 3 45347 56
0x00007d762f774f00 0x0000000b89660f00 0 1 1 0 0 0 3 45347 48
0x00007d762f774f80 0x0000000b89660f80 0 1 1 0 0 0 3 45347 56
0x00007d762f77a000 0x000000029b650000 0 0 0 0 0 0 3 9058 512
0x00007d762f77a080 0x000000029b650080 0 0 0 0 0 0 3 9058 520
0x00007d762f77a100 0x000000029b650100 0 1 0 0 0 0 3 9058 512
0x00007d762f77a180 0x000000029b650180 0 1 0 0 0 0 3 9058 520
0x00007d762f77a200 0x000000029b650200 0 0 1 0 0 0 3 9058 512
0x00007d762f77a280 0x000000029b650280 0 0 1 0 0 0 3 9058 520
0x00007d762f77a300 0x000000029b650300 0 1 1 0 0 0 3 9058 512
0x00007d762f77a380 0x000000029b650380 0 1 1 0 0 0 3 9058 520
0x00007d762f77a400 0x000000029b650400 0 0 0 0 0 0 3 9058 528
0x00007d762f77a480 0x000000029b650480 0 0 0 0 0 0 3 9058 536
0x00007d762f77a500 0x000000029b650500 0 1 0 0 0 0 3 9058 528
0x00007d762f77a580 0x000000029b650580 0 1 0 0 0 0 3 9058 536
0x00007d762f77a600 0x000000029b650600 0 0 1 0 0 0 3 9058 528
0x00007d762f77a680 0x000000029b650680 0 0 1 0 0 0 3 9058 536
0x00007d762f77a700 0x000000029b650700 0 1 1 0 0 0 3 9058 528
0x00007d762f77a780 0x000000029b650780 0 1 1 0 0 0 3 9058 536
0x00007d762f77a800 0x000000029b650800 0 0 0 0 0 0 3 9058 544
0x00007d762f77a880 0x000000029b650880 0 0 0 0 0 0 3 9058 552
0x00007d762f77a900 0x000000029b650900 0 1 0 0 0 0 3 9058 544
0x00007d762f77a980 0x000000029b650980 0 1 0 0 0 0 3 9058 552
0x00007d762f77aa00 0x000000029b650a00 0 0 1 0 0 0 3 9058 544
0x00007d762f77aa80 0x000000029b650a80 0 0 1 0 0 0 3 9058 552
0x00007d762f77ab00 0x000000029b650b00 0 1 1 0 0 0 3 9058 544
0x00007d762f77ab80 0x000000029b650b80 0 1 1 0 0 0 3 9058 552
0x00007d762f77ac00 0x000000029b650c00 0 0 0 0 0 0 3 9058 560
0x00007d762f77ac80 0x000000029b650c80 0 0 0 0 0 0 3 9058 568
0x00007d762f77ad00 0x000000029b650d00 0 1 0 0 0 0 3 9058 560
0x00007d762f77ad80 0x000000029b650d80 0 1 0 0 0 0 3 9058 568
0x00007d762f77ae00 0x000000029b650e00 0 0 1 0 0 0 3 9058 560
0x00007d762f77ae80 0x000000029b650e80 0 0 1 0 0 0 3 9058 568
0x00007d762f77af00 0x000000029b650f00 0 1 1 0 0 0 3 9058 560
0x00007d762f77af80 0x000000029b650f80 0 1 1 0 0 0 3 9058 568
0x00007d762f77b000 0x0000000beb61f000 0 0 0 0 1 0 3 48480 960
0x00007d762f77b080 0x0000000beb61f080 0 0 0 0 1 0 3 48480 968
0x00007d762f77b100 0x0000000beb61f100 0 1 0 0 1 0 3 48480 960
0x00007d762f77b180 0x0000000beb61f180 0 1 0 0 1 0 3 48480 968
0x00007d762f77b200 0x0000000beb61f200 0 0 1 0 1 0 3 48480 960
0x00007d762f77b280 0x0000000beb61f280 0 0 1 0 1 0 3 48480 968
0x00007d762f77b300 0x0000000beb61f300 0 1 1 0 1 0 3 48480 960
0x00007d762f77b380 0x0000000beb61f380 0 1 1 0 1 0 3 48480 968
0x00007d762f77b400 0x0000000beb61f400 0 0 0 0 1 0 3 48480 976
0x00007d762f77b480 0x0000000beb61f480 0 0 0 0 1 0 3 48480 984
0x00007d762f77b500 0x0000000beb61f500 0 1 0 0 1 0 3 48480 976
0x00007d762f77b580 0x0000000beb61f580 0 1 0 0 1 0 3 48480 984
0x00007d762f77b600 0x0000000beb61f600 0 0 1 0 1 0 3 48480 976
0x00007d762f77b680 0x0000000beb61f680 0 0 1 0 1 0 3 48480 984
0x00007d762f77b700 0x0000000beb61f700 0 1 1 0 1 0 3 48480 976
0x00007d762f77b780 0x0000000beb61f780 0 1 1 0 1 0 3 48480 984
0x00007d762f77b800 0x0000000beb61f800 0 0 0 0 1 0 3 48480 992
0x00007d762f77b880 0x0000000beb61f880 0 0 0 0 1 0 3 48480 1000
0x00007d762f77b900 0x0000000beb61f900 0 1 0 0 1 0 3 48480 992
0x00007d762f77b980 0x0000000beb61f980 0 1 0 0 1 0 3 48480 1000
0x00007d762f77ba00 0x0000000beb61fa00 0 0 1 0 1 0 3 48480 992
0x00007d762f77ba80 0x0000000beb61fa80 0 0 1 0 1 0 3 48480 1000
0x00007d762f77bb00 0x0000000beb61fb00 0 1 1 0 1 0 3 48480 992
0x00007d762f77bb80 0x0000000beb61fb80 0 1 1 0 1 0 3 48480 1000
0x00007d762f77bc00 0x0000000beb61fc00 0 0 0 0 1 0 3 48480 1008
0x00007d762f77bc80 0x0000000beb61fc80 0 0 0 0 1 0 3 48480 1016
0x00007d762f77bd00 0x0000000beb61fd00 0 1 0 0 1 0 3 48480 1008
0x00007d762f77bd80 0x0000000beb61fd80 0 1 0 0 1 0 3 48480 1016
0x00007d762f77be00 0x0000000beb61fe00 0 0 1 0 1 0 3 48480 1008
0x00007d762f77be80 0x0000000beb61fe80 0 0 1 0 1 0 3 48480 1016
0x00007d762f77bf00 0x0000000beb61ff00 0 1 1 0 1 0 3 48480 1008
0x00007d762f77bf80 0x0000000beb61ff80 0 1 1 0 1 0 3 48480 1016
0x00007d762f78e000 0x0000000beb614000 0 0 0 0 0 0 3 48480 768
0x00007d762f78e080 0x0000000beb614080 0 0 0 0 0 0 3 48480 776
0x00007d762f78e100 0x0000000beb614100 0 1 0 0 0 0 3 48480 768
0x00007d762f78e180 0x0000000beb614180 0 1 0 0 0 0 3 48480 776
0x00007d762f78e200 0x0000000beb614200 0 0 1 0 0 0 3 48480 768
0x00007d762f78e280 0x0000000beb614280 0 0 1 0 0 0 3 48480 776
0x00007d762f78e300 0x0000000beb614300 0 1 1 0 0 0 3 48480 768
0x00007d762f78e380 0x0000000beb614380 0 1 1 0 0 0 3 48480 776
0x00007d762f78e400 0x0000000beb614400 0 0 0 0 0 0 3 48480 784
0x00007d762f78e480 0x0000000beb614480 0 0 0 0 0 0 3 48480 792
0x00007d762f78e500 0x0000000beb614500 0 1 0 0 0 0 3 48480 784
0x00007d762f78e580 0x0000000beb614580 0 1 0 0 0 0 3 48480 792
0x00007d762f78e600 0x0000000beb614600 0 0 1 0 0 0 3 48480 784
0x00007d762f78e680 0x0000000beb614680 0 0 1 0 0 0 3 48480 792
0x00007d762f78e700 0x0000000beb614700 0 1 1 0 0 0 3 48480 784
0x00007d762f78e780 0x0000000beb614780 0 1 1 0 0 0 3 48480 792
0x00007d762f78e800 0x0000000beb614800 0 0 0 0 0 0 3 48480 800
0x00007d762f78e880 0x0000000beb614880 0 0 0 0 0 0 3 48480 808
0x00007d762f78e900 0x0000000beb614900 0 1 0 0 0 0 3 48480 800
0x00007d762f78e980 0x0000000beb614980 0 1 0 0 0 0 3 48480 808
0x00007d762f78ea00 0x0000000beb614a00 0 0 1 0 0 0 3 48480 800
0x00007d762f78ea80 0x0000000beb614a80 0 0 1 0 0 0 3 48480 808
0x00007d762f78eb00 0x0000000beb614b00 0 1 1 0 0 0 3 48480 800
0x00007d762f78eb80 0x0000000beb614b80 0 1 1 0 0 0 3 48480 808
0x00007d762f78ec00 0x0000000beb614c00 0 0 0 0 0 0 3 48480 816
0x00007d762f78ec80 0x0000000beb614c80 0 0 0 0 0 0 3 48480 824
0x00007d762f78ed00 0x0000000beb614d00 0 1 0 0 0 0 3 48480 816
0x00007d762f78ed80 0x0000000beb614d80 0 1 0 0 0 0 3 48480 824
0x00007d762f78ee00 0x0000000beb614e00 0 0 1 0 0 0 3 48480 816
0x00007d762f78ee80 0x0000000beb614e80 0 0 1 0 0 0 3 48480 824
0x00007d762f78ef00 0x0000000beb614f00 0 1 1 0 0 0 3 48480 816
0x00007d762f78ef80 0x0000000beb614f80 0 1 1 0 0 0 3 48480 824
0x00007d762f792000 0x000000029b652000 0 0 0 0 0 0 3 9058 640
0x00007d762f792080 0x000000029b652080 0 0 0 0 0 0 3 9058 648
0x00007d762f792100 0x000000029b652100 0 1 0 0 0 0 3 9058 640
0x00007d762f792180 0x000000029b652180 0 1 0 0 0 0 3 9058 648
0x00007d762f792200 0x000000029b652200 0 0 1 0 0 0 3 9058 640
0x00007d762f792280 0x000000029b652280 0 0 1 0 0 0 3 9058 648
0x00007d762f792300 0x000000029b652300 0 1 1 0 0 0 3 9058 640
0x00007d762f792380 0x000000029b652380 0 1 1 0 0 0 3 9058 648
0x00007d762f792400 0x000000029b652400 0 0 0 0 0 0 3 9058 656
0x00007d762f792480 0x000000029b652480 0 0 0 0 0 0 3 9058 664
0x00007d762f792500 0x000000029b652500 0 1 0 0 0 0 3 9058 656
0x00007d762f792580 0x000000029b652580 0 1 0 0 0 0 3 9058 664
0x00007d762f792600 0x000000029b652600 0 0 1 0 0 0 3 9058 656
0x00007d762f792680 0x000000029b652680 0 0 1 0 0 0 3 9058 664
0x00007d762f792700 0x000000029b652700 0 1 1 0 0 0 3 9058 656
0x00007d762f792780 0x000000029b652780 0 1 1 0 0 0 3 9058 664
0x00007d762f792800 0x000000029b652800 0 0 0 0 0 0 3 9058 672
0x00007d762f792880 0x000000029b652880 0 0 0 0 0 0 3 9058 680
0x00007d762f792900 0x000000029b652900 0 1 0 0 0 0 3 9058 672
0x00007d762f792980 0x000000029b652980 0 1 0 0 0 0 3 9058 680
0x00007d762f792a00 0x000000029b652a00 0 0 1 0 0 0 3 9058 672
0x00007d762f792a80 0x000000029b652a80 0 0 1 0 0 0 3 9058 680
0x00007d762f792b00 0x000000029b652b00 0 1 1 0 0 0 3 9058 672
0x00007d762f792b80 0x000000029b652b80 0 1 1 0 0 0 3 9058 680
0x00007d762f792c00 0x000000029b652c00 0 0 0 0 0 0 3 9058 688
0x00007d762f792c80 0x000000029b652c80 0 0 0 0 0 0 3 9058 696
0x00007d762f792d00 0x000000029b652d00 0 1 0 0 0 0 3 9058 688
0x00007d762f792d80 0x000000029b652d80 0 1 0 0 0 0 3 9058 696
0x00007d762f792e00 0x000000029b652e00 0 0 1 0 0 0 3 9058 688
0x00007d762f792e80 0x000000029b652e80 0 0 1 0 0 0 3 9058 696
0x00007d762f792f00 0x000000029b652f00 0 1 1 0 0 0 3 9058 688
0x00007d762f792f80 0x000000029b652f80 0 1 1 0 0 0 3 9058 696
0x00007d762f795000 0x00000007fb6e0000 0 0 0 0 0 0 3 32615 0
0x00007d762f795080 0x00000007fb6e0080 0 0 0 0 0 0 3 32615 8
0x00007d762f795100 0x00000007fb6e0100 0 1 0 0 0 0 3 32615 0
0x00007d762f795180 0x00000007fb6e0180 0 1 0 0 0 0 3 32615 8
0x00007d762f795200 0x00000007fb6e0200 0 0 1 0 0 0 3 32615 0
0x00007d762f795280 0x00000007fb6e0280 0 0 1 0 0 0 3 32615 8
0x00007d762f795300 0x00000007fb6e0300 0 1 1 0 0 0 3 32615 0
0x00007d762f795380 0x00000007fb6e0380 0 1 1 0 0 0 3 32615 8
0x00007d762f795400 0x00000007fb6e0400 0 0 0 0 0 0 3 32615 16
0x00007d762f795480 0x00000007fb6e0480 0 0 0 0 0 0 3 32615 24
0x00007d762f795500 0x00000007fb6e0500 0 1 0 0 0 0 3 32615 16
0x00007d762f795580 0x00000007fb6e0580 0 1 0 0 0 0 3 32615 24
0x00007d762f795600 0x00000007fb6e0600 0 0 1 0 0 0 3 32615 16
0x00007d762f795680 0x00000007fb6e0680 0 0 1 0 0 0 3 32615 24
0x00007d762f795700 0x00000007fb6e0700 0 1 1 0 0 0 3 32615 16
0x00007d762f795780 0x00000007fb6e0780 0 1 1 0 0 0 3 32615 24
0x00007d762f795800 0x00000007fb6e0800 0 0 0 0 0 0 3 32615 32
0x00007d762f795880 0x00000007fb6e0880 0 0 0 0 0 0 3 32615 40
0x00007d762f795900 0x00000007fb6e0900 0 1 0 0 0 0 3 32615 32
0x00007d762f795980 0x00000007fb6e0980 0 1 0 0 0 0 3 32615 40
0x00007d762f795a00 0x00000007fb6e0a00 0 0 1 0 0 0 3 32615 32
0x00007d762f795a80 0x00000007fb6e0a80 0 0 1 0 0 0 3 32615 40
0x00007d762f795b00 0x00000007fb6e0b00 0 1 1 0 0 0 3 32615 32
0x00007d762f795b80 0x00000007fb6e0b80 0 1 1 0 0 0 3 32615 40
0x00007d762f795c00 0x00000007fb6e0c00 0 0 0 0 0 0 3 32615 48
0x00007d762f795c80 0x00000007fb6e0c80 0 0 0 0 0 0 3 32615 56
0x00007d762f795d00 0x00000007fb6e0d00 0 1 0 0 0 0 3 32615 48
0x00007d762f795d80 0x00000007fb6e0d80 0 1 0 0 0 0 3 32615 56
0x00007d762f795e00 0x00000007fb6e0e00 0 0 1 0 0 0 3 32615 48
0x00007d762f795e80 0x00000007fb6e0e80 0 0 1 0 0 0 3 32615 56
0x00007d762f795f00 0x00000007fb6e0f00 0 1 1 0 0 0 3 32615 48
0x00007d762f795f80 0x00000007fb6e0f80 0 1 1 0 0 0 3 32615 56
0x00007d762f796000 0x0000000bceee8000 0 0 0 0 1 0 3 47567 0
0x00007d762f796080 0x0000000bceee8080 0 0 0 0 1 0 3 47567 8
0x00007d762f796100 0x0000000bceee8100 0 1 0 0 1 0 3 47567 0
0x00007d762f796180 0x0000000bceee8180 0 1 0 0 1 0 3 47567 8
0x00007d762f796200 0x0000000bceee8200 0 0 1 0 1 0 3 47567 0
0x00007d762f796280 0x0000000bceee8280 0 0 1 0 1 0 3 47567 8
0x00007d762f796300 0x0000000bceee8300 0 1 1 0 1 0 3 47567 0
0x00007d762f796380 0x0000000bceee8380 0 1 1 0 1 0 3 47567 8
0x00007d762f796400 0x0000000bceee8400 0 0 0 0 1 0 3 47567 16
0x00007d762f796480 0x0000000bceee8480 0 0 0 0 1 0 3 47567 24
0x00007d762f796500 0x0000000bceee8500 0 1 0 0 1 0 3 47567 16
0x00007d762f796580 0x0000000bceee8580 0 1 0 0 1 0 3 47567 24
0x00007d762f796600 0x0000000bceee8600 0 0 1 0 1 0 3 47567 16
0x00007d762f796680 0x0000000bceee8680 0 0 1 0 1 0 3 47567 24
0x00007d762f796700 0x0000000bceee8700 0 1 1 0 1 0 3 47567 16
0x00007d762f796780 0x0000000bceee8780 0 1 1 0 1 0 3 47567 24
0x00007d762f796800 0x0000000bceee8800 0 0 0 0 1 0 3 47567 32
0x00007d762f796880 0x0000000bceee8880 0 0 0 0 1 0 3 47567 40
0x00007d762f796900 0x0000000bceee8900 0 1 0 0 1 0 3 47567 32
0x00007d762f796980 0x0000000bceee8980 0 1 0 0 1 0 3 47567 40
0x00007d762f796a00 0x0000000bceee8a00 0 0 1 0 1 0 3 47567 32
0x00007d762f796a80 0x0000000bceee8a80 0 0 1 0 1 0 3 47567 40
0x00007d762f796b00 0x0000000bceee8b00 0 1 1 0 1 0 3 47567 32
0x00007d762f796b80 0x0000000bceee8b80 0 1 1 0 1 0 3 47567 40
0x00007d762f796c00 0x0000000bceee8c00 0 0 0 0 1 0 3 47567 48
0x00007d762f796c80 0x0000000bceee8c80 0 0 0 0 1 0 3 47567 56
0x00007d762f796d00 0x0000000bceee8d00 0 1 0 0 1 0 3 47567 48
0x00007d762f796d80 0x0000000bceee8d80 0 1 0 0 1 0 3 47567 56
0x00007d762f796e00 0x0000000bceee8e00 0 0 1 0 1 0 3 47567 48
0x00007d762f796e80 0x0000000bceee8e80 0 0 1 0 1 0 3 47567 56
0x00007d762f796f00 0x0000000bceee8f00 0 1 1 0 1 0 3 47567 48
0x00007d762f796f80 0x0000000bceee8f80 0 1 1 0 1 0 3 47567 56
0x00007d762f799000 0x000000029b65e000 0 0 0 0 1 0 3 9058 896
0x00007d762f799080 0x000000029b65e080 0 0 0 0 1 0 3 9058 904
0x00007d762f799100 0x000000029b65e100 0 1 0 0 1 0 3 9058 896
0x00007d762f799180 0x000000029b65e180 0 1 0 0 1 0 3 9058 904
0x00007d762f799200 0x000000029b65e200 0 0 1 0 1 0 3 9058 896
0x00007d762f799280 0x000000029b65e280 0 0 1 0 1 0 3 9058 904
0x00007d762f799300 0x000000029b65e300 0 1 1 0 1 0 3 9058 896
0x00007d762f799380 0x000000029b65e380 0 1 1 0 1 0 3 9058 904
0x00007d762f799400 0x000000029b65e400 0 0 0 0 1 0 3 9058 912
0x00007d762f799480 0x000000029b65e480 0 0 0 0 1 0 3 9058 920
0x00007d762f799500 0x000000029b65e500 0 1 0 0 1 0 3 9058 912
0x00007d762f799580 0x000000029b65e580 0 1 0 0 1 0 3 9058 920
0x00007d762f799600 0x000000029b65e600 0 0 1 0 1 0 3 9058 912
0x00007d762f799680 0x000000029b65e680 0 0 1 0 1 0 3 9058 920
0x00007d762f799700 0x000000029b65e700 0 1 1 0 1 0 3 9058 912
0x00007d762f799780 0x000000029b65e780 0 1 1 0 1 0 3 9058 920
0x00007d762f799800 0x000000029b65e800 0 0 0 0 1 0 3 9058 928
0x00007d762f799880 0x000000029b65e880 0 0 0 0 1 0 3 9058 936
0x00007d762f799900 0x000000029b65e900 0 1 0 0 1 0 3 9058 928
0x00007d762f799980 0x000000029b65e980 0 1 0 0 1 0 3 9058 936
0x00007d762f799a00 0x000000029b65ea00 0 0 1 0 1 0 3 9058 928
0x00007d762f799a80 0x000000029b65ea80 0 0 1 0 1 0 3 9058 936
0x00007d762f799b00 0x000000029b65eb00 0 1 1 0 1 0 3 9058 928
0x00007d762f799b80 0x000000029b65eb80 0 1 1 0 1 0 3 9058 936
0x00007d762f799c00 0x000000029b65ec00 0 0 0 0 1 0 3 9058 944
0x00007d762f799c80 0x000000029b65ec80 0 0 0 0 1 0 3 9058 952
0x00007d762f799d00 0x000000029b65ed00 0 1 0 0 1 0 3 9058 944
0x00007d762f799d80 0x000000029b65ed80 0 1 0 0 1 0 3 9058 952
0x00007d762f799e00 0x000000029b65ee00 0 0 1 0 1 0 3 9058 944
0x00007d762f799e80 0x000000029b65ee80 0 0 1 0 1 0 3 9058 952
0x00007d762f799f00 0x000000029b65ef00 0 1 1 0 1 0 3 9058 944
0x00007d762f799f80 0x000000029b65ef80 0 1 1 0 1 0 3 9058 952
0x00007d762f79d000 0x00000004466c1000 0 0 0 0 0 0 3 14550 64
0x00007d762f79d080 0x00000004466c1080 0 0 0 0 0 0 3 14550 72
0x00007d762f79d100 0x00000004466c1100 0 1 0 0 0 0 3 14550 64
0x00007d762f79d180 0x00000004466c1180 0 1 0 0 0 0 3 14550 72
0x00007d762f79d200 0x00000004466c1200 0 0 1 0 0 0 3 14550 64
0x00007d762f79d280 0x00000004466c1280 0 0 1 0 0 0 3 14550 72
0x00007d762f79d300 0x00000004466c1300 0 1 1 0 0 0 3 14550 64
0x00007d762f79d380 0x00000004466c1380 0 1 1 0 0 0 3 14550 72
0x00007d762f79d400 0x00000004466c1400 0 0 0 0 0 0 3 14550 80
0x00007d762f79d480 0x00000004466c1480 0 0 0 0 0 0 3 14550 88
0x00007d762f79d500 0x00000004466c1500 0 1 0 0 0 0 3 14550 80
0x00007d762f79d580 0x00000004466c1580 0 1 0 0 0 0 3 14550 88
0x00007d762f79d600 0x00000004466c1600 0 0 1 0 0 0 3 14550 80
0x00007d762f79d680 0x00000004466c1680 0 0 1 0 0 0 3 14550 88
0x00007d762f79d700 0x00000004466c1700 0 1 1 0 0 0 3 14550 80
0x00007d762f79d780 0x00000004466c1780 0 1 1 0 0 0 3 14550 88
0x00007d762f79d800 0x00000004466c1800 0 0 0 0 0 0 3 14550 96
0x00007d762f79d880 0x00000004466c1880 0 0 0 0 0 0 3 14550 104
0x00007d762f79d900 0x00000004466c1900 0 1 0 0 0 0 3 14550 96
0x00007d762f79d980 0x00000004466c1980 0 1 0 0 0 0 3 14550 104
0x00007d762f79da00 0x00000004466c1a00 0 0 1 0 0 0 3 14550 96
0x00007d762f79da80 0x00000004466c1a80 0 0 1 0 0 0 3 14550 104
0x00007d762f79db00 0x00000004466c1b00 0 1 1 0 0 0 3 14550 96
0x00007d762f79db80 0x00000004466c1b80 0 1 1 0 0 0 3 14550 104
0x00007d762f79dc00 0x00000004466c1c00 0 0 0 0 0 0 3 14550 112
0x00007d762f79dc80 0x00000004466c1c80 0 0 0 0 0 0 3 14550 120
0x00007d762f79dd00 0x00000004466c1d00 0 1 0 0 0 0 3 14550 112
0x00007d762f79dd80 0x00000004466c1d80 0 1 0 0 0 0 3 14550 120
0x00007d762f79de00 0x00000004466c1e00 0 0 1 0 0 0 3 14550 112
0x00007d762f79de80 0x00000004466c1e80 0 0 1 0 0 0 3 14550 120
0x00007d762f79df00 0x00000004466c1f00 0 1 1 0 0 0 3 14550 112
0x00007d762f79df80 0x00000004466c1f80 0 1 1 0 0 0 3 14550 120
0x00007d762f7a1000 0x000000029b614000 0 0 0 0 0 0 3 9056 768
0x00007d762f7a1080 0x000000029b614080 0 0 0 0 0 0 3 9056 776
0x00007d762f7a1100 0x000000029b614100 0 1 0 0 0 0 3 9056 768
0x00007d762f7a1180 0x000000029b614180 0 1 0 0 0 0 3 9056 776
0x00007d762f7a1200 0x000000029b614200 0 0 1 0 0 0 3 9056 768
0x00007d762f7a1280 0x000000029b614280 0 0 1 0 0 0 3 9056 776
0x00007d762f7a1300 0x000000029b614300 0 1 1 0 0 0 3 9056 768
0x00007d762f7a1380 0x000000029b614380 0 1 1 0 0 0 3 9056 776
0x00007d762f7a1400 0x000000029b614400 0 0 0 0 0 0 3 9056 784
0x00007d762f7a1480 0x000000029b614480 0 0 0 0 0 0 3 9056 792
0x00007d762f7a1500 0x000000029b614500 0 1 0 0 0 0 3 9056 784
0x00007d762f7a1580 0x000000029b614580 0 1 0 0 0 0 3 9056 792
0x00007d762f7a1600 0x000000029b614600 0 0 1 0 0 0 3 9056 784
0x00007d762f7a1680 0x000000029b614680 0 0 1 0 0 0 3 9056 792
0x00007d762f7a1700 0x000000029b614700 0 1 1 0 0 0 3 9056 784
0x00007d762f7a1780 0x000000029b614780 0 1 1 0 0 0 3 9056 792
0x00007d762f7a1800 0x000000029b614800 0 0 0 0 0 0 3 9056 800
0x00007d762f7a1880 0x000000029b614880 0 0 0 0 0 0 3 9056 808
0x00007d762f7a1900 0x000000029b614900 0 1 0 0 0 0 3 9056 800
0x00007d762f7a1980 0x000000029b614980 0 1 0 0 0 0 3 9056 808
0x00007d762f7a1a00 0x000000029b614a00 0 0 1 0 0 0 3 9056 800
0x00007d762f7a1a80 0x000000029b614a80 0 0 1 0 0 0 3 9056 808
0x00007d762f7a1b00 0x000000029b614b00 0 1 1 0 0 0 3 9056 800
0x00007d762f7a1b80 0x000000029b614b80 0 1 1 0 0 0 3 9056 808
0x00007d762f7a1c00 0x000000029b614c00 0 0 0 0 0 0 3 9056 816
0x00007d762f7a1c80 0x000000029b614c80 0 0 0 0 0 0 3 9056 824
0x00007d762f7a1d00 0x000000029b614d00 0 1 0 0 0 0 3 9056 816
0x00007d762f7a1d80 0x000000029b614d80 0 1 0 0 0 0 3 9056 824
0x00007d762f7a1e00 0x000000029b614e00 0 0 1 0 0 0 3 9056 816
0x00007d762f7a1e80 0x000000029b614e80 0 0 1 0 0 0 3 9056 824
0x00007d762f7a1f00 0x000000029b614f00 0 1 1 0 0 0 3 9056 816
0x00007d762f7a1f80 0x000000029b614f80 0 1 1 0 0 0 3 9056 824
0x00007d762f7ac000 0x0000000beb618000 0 0 0 0 1 0 3 48480 512
0x00007d762f7ac080 0x0000000beb618080 0 0 0 0 1 0 3 48480 520
0x00007d762f7ac100 0x0000000beb618100 0 1 0 0 1 0 3 48480 512
0x00007d762f7ac180 0x0000000beb618180 0 1 0 0 1 0 3 48480 520
0x00007d762f7ac200 0x0000000beb618200 0 0 1 0 1 0 3 48480 512
0x00007d762f7ac280 0x0000000beb618280 0 0 1 0 1 0 3 48480 520
0x00007d762f7ac300 0x0000000beb618300 0 1 1 0 1 0 3 48480 512
0x00007d762f7ac380 0x0000000beb618380 0 1 1 0 1 0 3 48480 520
0x00007d762f7ac400 0x0000000beb618400 0 0 0 0 1 0 3 48480 528
0x00007d762f7ac480 0x0000000beb618480 0 0 0 0 1 0 3 48480 536
0x00007d762f7ac500 0x0000000beb618500 0 1 0 0 1 0 3 48480 528
0x00007d762f7ac580 0x0000000beb618580 0 1 0 0 1 0 3 48480 536
0x00007d762f7ac600 0x0000000beb618600 0 0 1 0 1 0 3 48480 528
0x00007d762f7ac680 0x0000000beb618680 0 0 1 0 1 0 3 48480 536
0x00007d762f7ac700 0x0000000beb618700 0 1 1 0 1 0 3 48480 528
0x00007d762f7ac780 0x0000000beb618780 0 1 1 0 1 0 3 48480 536
0x00007d762f7ac800 0x0000000beb618800 0 0 0 0 1 0 3 48480 544
0x00007d762f7ac880 0x0000000beb618880 0 0 0 0 1 0 3 48480 552
0x00007d762f7ac900 0x0000000beb618900 0 1 0 0 1 0 3 48480 544
0x00007d762f7ac980 0x0000000beb618980 0 1 0 0 1 0 3 48480 552
0x00007d762f7aca00 0x0000000beb618a00 0 0 1 0 1 0 3 48480 544
0x00007d762f7aca80 0x0000000beb618a80 0 0 1 0 1 0 3 48480 552
0x00007d762f7acb00 0x0000000beb618b00 0 1 1 0 1 0 3 48480 544
0x00007d762f7acb80 0x0000000beb618b80 0 1 1 0 1 0 3 48480 552
0x00007d762f7acc00 0x0000000beb618c00 0 0 0 0 1 0 3 48480 560
0x00007d762f7acc80 0x0000000beb618c80 0 0 0 0 1 0 3 48480 568
0x00007d762f7acd00 0x0000000beb618d00 0 1 0 0 1 0 3 48480 560
0x00007d762f7acd80 0x0000000beb618d80 0 1 0 0 1 0 3 48480 568
0x00007d762f7ace00 0x0000000beb618e00 0 0 1 0 1 0 3 48480 560
0x00007d762f7ace80 0x0000000beb618e80 0 0 1 0 1 0 3 48480 568
0x00007d762f7acf00 0x0000000beb618f00 0 1 1 0 1 0 3 48480 560
0x00007d762f7acf80 0x0000000beb618f80 0 1 1 0 1 0 3 48480 568
0x00007d762f7b9000 0x0000000565e46000 0 0 0 0 0 0 3 19642 384
0x00007d762f7b9080 0x0000000565e46080 0 0 0 0 0 0 3 19642 392
0x00007d762f7b9100 0x0000000565e46100 0 1 0 0 0 0 3 19642 384
0x00007d762f7b9180 0x0000000565e46180 0 1 0 0 0 0 3 19642 392
0x00007d762f7b9200 0x0000000565e46200 0 0 1 0 0 0 3 19642 384
0x00007d762f7b9280 0x0000000565e46280 0 0 1 0 0 0 3 19642 392
0x00007d762f7b9300 0x0000000565e46300 0 1 1 0 0 0 3 19642 384
0x00007d762f7b9380 0x0000000565e46380 0 1 1 0 0 0 3 19642 392
0x00007d762f7b9400 0x0000000565e46400 0 0 0 0 0 0 3 19642 400
0x00007d762f7b9480 0x0000000565e46480 0 0 0 0 0 0 3 19642 408
0x00007d762f7b9500 0x0000000565e46500 0 1 0 0 0 0 3 19642 400
0x00007d762f7b9580 0x0000000565e46580 0 1 0 0 0 0 3 19642 408
0x00007d762f7b9600 0x0000000565e46600 0 0 1 0 0 0 3 19642 400
0x00007d762f7b9680 0x0000000565e46680 0 0 1 0 0 0 3 19642 408
0x00007d762f7b9700 0x0000000565e46700 0 1 1 0 0 0 3 19642 400
0x00007d762f7b9780 0x0000000565e46780 0 1 1 0 0 0 3 19642 408
0x00007d762f7b9800 0x0000000565e46800 0 0 0 0 0 0 3 19642 416
0x00007d762f7b9880 0x0000000565e46880 0 0 0 0 0 0 3 19642 424
0x00007d762f7b9900 0x0000000565e46900 0 1 0 0 0 0 3 19642 416
0x00007d762f7b9980 0x0000000565e46980 0 1 0 0 0 0 3 19642 424
0x00007d762f7b9a00 0x0000000565e46a00 0 0 1 0 0 0 3 19642 416
0x00007d762f7b9a80 0x0000000565e46a80 0 0 1 0 0 0 3 19642 424
0x00007d762f7b9b00 0x0000000565e46b00 0 1 1 0 0 0 3 19642 416
0x00007d762f7b9b80 0x0000000565e46b80 0 1 1 0 0 0 3 19642 424
0x00007d762f7b9c00 0x0000000565e46c00 0 0 0 0 0 0 3 19642 432
0x00007d762f7b9c80 0x0000000565e46c80 0 0 0 0 0 0 3 19642 440
0x00007d762f7b9d00 0x0000000565e46d00 0 1 0 0 0 0 3 19642 432
0x00007d762f7b9d80 0x0000000565e46d80 0 1 0 0 0 0 3 19642 440
0x00007d762f7b9e00 0x0000000565e46e00 0 0 1 0 0 0 3 19642 432
0x00007d762f7b9e80 0x0000000565e46e80 0 0 1 0 0 0 3 19642 440
0x00007d762f7b9f00 0x0000000565e46f00 0 1 1 0 0 0 3 19642 432
0x00007d762f7b9f80 0x0000000565e46f80 0 1 1 0 0 0 3 19642 440
0x00007d762f7c3000 0x0000000b3b6ce000 0 0 0 0 1 0 3 42870 384
0x00007d762f7c3080 0x0000000b3b6ce080 0 0 0 0 1 0 3 42870 392
0x00007d762f7c3100 0x0000000b3b6ce100 0 1 0 0 1 0 3 42870 384
0x00007d762f7c3180 0x0000000b3b6ce180 0 1 0 0 1 0 3 42870 392
0x00007d762f7c3200 0x0000000b3b6ce200 0 0 1 0 1 0 3 42870 384
0x00007d762f7c3280 0x0000000b3b6ce280 0 0 1 0 1 0 3 42870 392
0x00007d762f7c3300 0x0000000b3b6ce300 0 1 1 0 1 0 3 42870 384
0x00007d762f7c3380 0x0000000b3b6ce380 0 1 1 0 1 0 3 42870 392
0x00007d762f7c3400 0x0000000b3b6ce400 0 0 0 0 1 0 3 42870 400
0x00007d762f7c3480 0x0000000b3b6ce480 0 0 0 0 1 0 3 42870 408
0x00007d762f7c3500 0x0000000b3b6ce500 0 1 0 0 1 0 3 42870 400
0x00007d762f7c3580 0x0000000b3b6ce580 0 1 0 0 1 0 3 42870 408
0x00007d762f7c3600 0x0000000b3b6ce600 0 0 1 0 1 0 3 42870 400
0x00007d762f7c3680 0x0000000b3b6ce680 0 0 1 0 1 0 3 42870 408
0x00007d762f7c3700 0x0000000b3b6ce700 0 1 1 0 1 0 3 42870 400
0x00007d762f7c3780 0x0000000b3b6ce780 0 1 1 0 1 0 3 42870 408
0x00007d762f7c3800 0x0000000b3b6ce800 0 0 0 0 1 0 3 42870 416
0x00007d762f7c3880 0x0000000b3b6ce880 0 0 0 0 1 0 3 42870 424
0x00007d762f7c3900 0x0000000b3b6ce900 0 1 0 0 1 0 3 42870 416
0x00007d762f7c3980 0x0000000b3b6ce980 0 1 0 0 1 0 3 42870 424
0x00007d762f7c3a00 0x0000000b3b6cea00 0 0 1 0 1 0 3 42870 416
0x00007d762f7c3a80 0x0000000b3b6cea80 0 0 1 0 1 0 3 42870 424
0x00007d762f7c3b00 0x0000000b3b6ceb00 0 1 1 0 1 0 3 42870 416
0x00007d762f7c3b80 0x0000000b3b6ceb80 0 1 1 0 1 0 3 42870 424
0x00007d762f7c3c00 0x0000000b3b6cec00 0 0 0 0 1 0 3 42870 432
0x00007d762f7c3c80 0x0000000b3b6cec80 0 0 0 0 1 0 3 42870 440
0x00007d762f7c3d00 0x0000000b3b6ced00 0 1 0 0 1 0 3 42870 432
0x00007d762f7c3d80 0x0000000b3b6ced80 0 1 0 0 1 0 3 42870 440
0x00007d762f7c3e00 0x0000000b3b6cee00 0 0 1 0 1 0 3 42870 432
0x00007d762f7c3e80 0x0000000b3b6cee80 0 0 1 0 1 0 3 42870 440
0x00007d762f7c3f00 0x0000000b3b6cef00 0 1 1 0 1 0 3 42870 432
0x00007d762f7c3f80 0x0000000b3b6cef80 0 1 1 0 1 0 3 42870 440
0x00007d762f7ca000 0x0000000565e41000 0 0 0 0 0 0 3 19642 64
0x00007d762f7ca080 0x0000000565e41080 0 0 0 0 0 0 3 19642 72
0x00007d762f7ca100 0x0000000565e41100 0 1 0 0 0 0 3 19642 64
0x00007d762f7ca180 0x0000000565e41180 0 1 0 0 0 0 3 19642 72
0x00007d762f7ca200 0x0000000565e41200 0 0 1 0 0 0 3 19642 64
0x00007d762f7ca280 0x0000000565e41280 0 0 1 0 0 0 3 19642 72
0x00007d762f7ca300 0x0000000565e41300 0 1 1 0 0 0 3 19642 64
0x00007d762f7ca380 0x0000000565e41380 0 1 1 0 0 0 3 19642 72
0x00007d762f7ca400 0x0000000565e41400 0 0 0 0 0 0 3 19642 80
0x00007d762f7ca480 0x0000000565e41480 0 0 0 0 0 0 3 19642 88
0x00007d762f7ca500 0x0000000565e41500 0 1 0 0 0 0 3 19642 80
0x00007d762f7ca580 0x0000000565e41580 0 1 0 0 0 0 3 19642 88
0x00007d762f7ca600 0x0000000565e41600 0 0 1 0 0 0 3 19642 80
0x00007d762f7ca680 0x0000000565e41680 0 0 1 0 0 0 3 19642 88
0x00007d762f7ca700 0x0000000565e41700 0 1 1 0 0 0 3 19642 80
0x00007d762f7ca780 0x0000000565e41780 0 1 1 0 0 0 3 19642 88
0x00007d762f7ca800 0x0000000565e41800 0 0 0 0 0 0 3 19642 96
0x00007d762f7ca880 0x0000000565e41880 0 0 0 0 0 0 3 19642 104
0x00007d762f7ca900 0x0000000565e41900 0 1 0 0 0 0 3 19642 96
0x00007d762f7ca980 0x0000000565e41980 0 1 0 0 0 0 3 19642 104
0x00007d762f7caa00 0x0000000565e41a00 0 0 1 0 0 0 3 19642 96
0x00007d762f7caa80 0x0000000565e41a80 0 0 1 0 0 0 3 19642 104
0x00007d762f7cab00 0x0000000565e41b00 0 1 1 0 0 0 3 19642 96
0x00007d762f7cab80 0x0000000565e41b80 0 1 1 0 0 0 3 19642 104
0x00007d762f7cac00 0x0000000565e41c00 0 0 0 0 0 0 3 19642 112
0x00007d762f7cac80 0x0000000565e41c80 0 0 0 0 0 0 3 19642 120
0x00007d762f7cad00 0x0000000565e41d00 0 1 0 0 0 0 3 19642 112
0x00007d762f7cad80 0x0000000565e41d80 0 1 0 0 0 0 3 19642 120
0x00007d762f7cae00 0x0000000565e41e00 0 0 1 0 0 0 3 19642 112
0x00007d762f7cae80 0x0000000565e41e80 0 0 1 0 0 0 3 19642 120
0x00007d762f7caf00 0x0000000565e41f00 0 1 1 0 0 0 3 19642 112
0x00007d762f7caf80 0x0000000565e41f80 0 1 1 0 0 0 3 19642 120
0x00007d762f7ce000 0x0000000b3b6c4000 0 0 0 0 0 0 3 42870 256
0x00007d762f7ce080 0x0000000b3b6c4080 0 0 0 0 0 0 3 42870 264
0x00007d762f7ce100 0x0000000b3b6c4100 0 1 0 0 0 0 3 42870 256
0x00007d762f7ce180 0x0000000b3b6c4180 0 1 0 0 0 0 3 42870 264
0x00007d762f7ce200 0x0000000b3b6c4200 0 0 1 0 0 0 3 42870 256
0x00007d762f7ce280 0x0000000b3b6c4280 0 0 1 0 0 0 3 42870 264
0x00007d762f7ce300 0x0000000b3b6c4300 0 1 1 0 0 0 3 42870 256
0x00007d762f7ce380 0x0000000b3b6c4380 0 1 1 0 0 0 3 42870 264
0x00007d762f7ce400 0x0000000b3b6c4400 0 0 0 0 0 0 3 42870 272
0x00007d762f7ce480 0x0000000b3b6c4480 0 0 0 0 0 0 3 42870 280
0x00007d762f7ce500 0x0000000b3b6c4500 0 1 0 0 0 0 3 42870 272
0x00007d762f7ce580 0x0000000b3b6c4580 0 1 0 0 0 0 3 42870 280
0x00007d762f7ce600 0x0000000b3b6c4600 0 0 1 0 0 0 3 42870 272
0x00007d762f7ce680 0x0000000b3b6c4680 0 0 1 0 0 0 3 42870 280
0x00007d762f7ce700 0x0000000b3b6c4700 0 1 1 0 0 0 3 42870 272
0x00007d762f7ce780 0x0000000b3b6c4780 0 1 1 0 0 0 3 42870 280
0x00007d762f7ce800 0x0000000b3b6c4800 0 0 0 0 0 0 3 42870 288
0x00007d762f7ce880 0x0000000b3b6c4880 0 0 0 0 0 0 3 42870 296
0x00007d762f7ce900 0x0000000b3b6c4900 0 1 0 0 0 0 3 42870 288
0x00007d762f7ce980 0x0000000b3b6c4980 0 1 0 0 0 0 3 42870 296
0x00007d762f7cea00 0x0000000b3b6c4a00 0 0 1 0 0 0 3 42870 288
0x00007d762f7cea80 0x0000000b3b6c4a80 0 0 1 0 0 0 3 42870 296
0x00007d762f7ceb00 0x0000000b3b6c4b00 0 1 1 0 0 0 3 42870 288
0x00007d762f7ceb80 0x0000000b3b6c4b80 0 1 1 0 0 0 3 42870 296
0x00007d762f7cec00 0x0000000b3b6c4c00 0 0 0 0 0 0 3 42870 304
0x00007d762f7cec80 0x0000000b3b6c4c80 0 0 0 0 0 0 3 42870 312
0x00007d762f7ced00 0x0000000b3b6c4d00 0 1 0 0 0 0 3 42870 304
0x00007d762f7ced80 0x0000000b3b6c4d80 0 1 0 0 0 0 3 42870 312
0x00007d762f7cee00 0x0000000b3b6c4e00 0 0 1 0 0 0 3 42870 304
0x00007d762f7cee80 0x0000000b3b6c4e80 0 0 1 0 0 0 3 42870 312
0x00007d762f7cef00 0x0000000b3b6c4f00 0 1 1 0 0 0 3 42870 304
0x00007d762f7cef80 0x0000000b3b6c4f80 0 1 1 0 0 0 3 42870 312
0x00007d762f7d0000 0x000000091562c000 0 0 0 0 1 0 3 33457 256
0x00007d762f7d0080 0x000000091562c080 0 0 0 0 1 0 3 33457 264
0x00007d762f7d0100 0x000000091562c100 0 1 0 0 1 0 3 33457 256
0x00007d762f7d0180 0x000000091562c180 0 1 0 0 1 0 3 33457 264
0x00007d762f7d0200 0x000000091562c200 0 0 1 0 1 0 3 33457 256
0x00007d762f7d0280 0x000000091562c280 0 0 1 0 1 0 3 33457 264
0x00007d762f7d0300 0x000000091562c300 0 1 1 0 1 0 3 33457 256
0x00007d762f7d0380 0x000000091562c380 0 1 1 0 1 0 3 33457 264
0x00007d762f7d0400 0x000000091562c400 0 0 0 0 1 0 3 33457 272
0x00007d762f7d0480 0x000000091562c480 0 0 0 0 1 0 3 33457 280
0x00007d762f7d0500 0x000000091562c500 0 1 0 0 1 0 3 33457 272
0x00007d762f7d0580 0x000000091562c580 0 1 0 0 1 0 3 33457 280
0x00007d762f7d0600 0x000000091562c600 0 0 1 0 1 0 3 33457 272
0x00007d762f7d0680 0x000000091562c680 0 0 1 0 1 0 3 33457 280
0x00007d762f7d0700 0x000000091562c700 0 1 1 0 1 0 3 33457 272
0x00007d762f7d0780 0x000000091562c780 0 1 1 0 1 0 3 33457 280
0x00007d762f7d0800 0x000000091562c800 0 0 0 0 1 0 3 33457 288
0x00007d762f7d0880 0x000000091562c880 0 0 0 0 1 0 3 33457 296
0x00007d762f7d0900 0x000000091562c900 0 1 0 0 1 0 3 33457 288
0x00007d762f7d0980 0x000000091562c980 0 1 0 0 1 0 3 33457 296
0x00007d762f7d0a00 0x000000091562ca00 0 0 1 0 1 0 3 33457 288
0x00007d762f7d0a80 0x000000091562ca80 0 0 1 0 1 0 3 33457 296
0x00007d762f7d0b00 0x000000091562cb00 0 1 1 0 1 0 3 33457 288
0x00007d762f7d0b80 0x000000091562cb80 0 1 1 0 1 0 3 33457 296
0x00007d762f7d0c00 0x000000091562cc00 0 0 0 0 1 0 3 33457 304
0x00007d762f7d0c80 0x000000091562cc80 0 0 0 0 1 0 3 33457 312
0x00007d762f7d0d00 0x000000091562cd00 0 1 0 0 1 0 3 33457 304
0x00007d762f7d0d80 0x000000091562cd80 0 1 0 0 1 0 3 33457 312
0x00007d762f7d0e00 0x000000091562ce00 0 0 1 0 1 0 3 33457 304
0x00007d762f7d0e80 0x000000091562ce80 0 0 1 0 1 0 3 33457 312
0x00007d762f7d0f00 0x000000091562cf00 0 1 1 0 1 0 3 33457 304
0x00007d762f7d0f80 0x000000091562cf80 0 1 1 0 1 0 3 33457 312
0x00007d762f7d2000 0x0000000565e44000 0 0 0 0 0 0 3 19642 256
0x00007d762f7d2080 0x0000000565e44080 0 0 0 0 0 0 3 19642 264
0x00007d762f7d2100 0x0000000565e44100 0 1 0 0 0 0 3 19642 256
0x00007d762f7d2180 0x0000000565e44180 0 1 0 0 0 0 3 19642 264
0x00007d762f7d2200 0x0000000565e44200 0 0 1 0 0 0 3 19642 256
0x00007d762f7d2280 0x0000000565e44280 0 0 1 0 0 0 3 19642 264
0x00007d762f7d2300 0x0000000565e44300 0 1 1 0 0 0 3 19642 256
0x00007d762f7d2380 0x0000000565e44380 0 1 1 0 0 0 3 19642 264
0x00007d762f7d2400 0x0000000565e44400 0 0 0 0 0 0 3 19642 272
0x00007d762f7d2480 0x0000000565e44480 0 0 0 0 0 0 3 19642 280
0x00007d762f7d2500 0x0000000565e44500 0 1 0 0 0 0 3 19642 272
0x00007d762f7d2580 0x0000000565e44580 0 1 0 0 0 0 3 19642 280
0x00007d762f7d2600 0x0000000565e44600 0 0 1 0 0 0 3 19642 272
0x00007d762f7d2680 0x0000000565e44680 0 0 1 0 0 0 3 19642 280
0x00007d762f7d2700 0x0000000565e44700 0 1 1 0 0 0 3 19642 272
0x00007d762f7d2780 0x0000000565e44780 0 1 1 0 0 0 3 19642 280
0x00007d762f7d2800 0x0000000565e44800 0 0 0 0 0 0 3 19642 288
0x00007d762f7d2880 0x0000000565e44880 0 0 0 0 0 0 3 19642 296
0x00007d762f7d2900 0x0000000565e44900 0 1 0 0 0 0 3 19642 288
0x00007d762f7d2980 0x0000000565e44980 0 1 0 0 0 0 3 19642 296
0x00007d762f7d2a00 0x0000000565e44a00 0 0 1 0 0 0 3 19642 288
0x00007d762f7d2a80 0x0000000565e44a80 0 0 1 0 0 0 3 19642 296
0x00007d762f7d2b00 0x0000000565e44b00 0 1 1 0 0 0 3 19642 288
0x00007d762f7d2b80 0x0000000565e44b80 0 1 1 0 0 0 3 19642 296
0x00007d762f7d2c00 0x0000000565e44c00 0 0 0 0 0 0 3 19642 304
0x00007d762f7d2c80 0x0000000565e44c80 0 0 0 0 0 0 3 19642 312
0x00007d762f7d2d00 0x0000000565e44d00 0 1 0 0 0 0 3 19642 304
0x00007d762f7d2d80 0x0000000565e44d80 0 1 0 0 0 0 3 19642 312
0x00007d762f7d2e00 0x0000000565e44e00 0 0 1 0 0 0 3 19642 304
0x00007d762f7d2e80 0x0000000565e44e80 0 0 1 0 0 0 3 19642 312
0x00007d762f7d2f00 0x0000000565e44f00 0 1 1 0 0 0 3 19642 304
0x00007d762f7d2f80 0x0000000565e44f80 0 1 1 0 0 0 3 19642 312
0x00007d762f7d7000 0x0000000beb610000 0 0 0 0 0 0 3 48480 512
0x00007d762f7d7080 0x0000000beb610080 0 0 0 0 0 0 3 48480 520
0x00007d762f7d7100 0x0000000beb610100 0 1 0 0 0 0 3 48480 512
0x00007d762f7d7180 0x0000000beb610180 0 1 0 0 0 0 3 48480 520
0x00007d762f7d7200 0x0000000beb610200 0 0 1 0 0 0 3 48480 512
0x00007d762f7d7280 0x0000000beb610280 0 0 1 0 0 0 3 48480 520
0x00007d762f7d7300 0x0000000beb610300 0 1 1 0 0 0 3 48480 512
0x00007d762f7d7380 0x0000000beb610380 0 1 1 0 0 0 3 48480 520
0x00007d762f7d7400 0x0000000beb610400 0 0 0 0 0 0 3 48480 528
0x00007d762f7d7480 0x0000000beb610480 0 0 0 0 0 0 3 48480 536
0x00007d762f7d7500 0x0000000beb610500 0 1 0 0 0 0 3 48480 528
0x00007d762f7d7580 0x0000000beb610580 0 1 0 0 0 0 3 48480 536
0x00007d762f7d7600 0x0000000beb610600 0 0 1 0 0 0 3 48480 528
0x00007d762f7d7680 0x0000000beb610680 0 0 1 0 0 0 3 48480 536
0x00007d762f7d7700 0x0000000beb610700 0 1 1 0 0 0 3 48480 528
0x00007d762f7d7780 0x0000000beb610780 0 1 1 0 0 0 3 48480 536
0x00007d762f7d7800 0x0000000beb610800 0 0 0 0 0 0 3 48480 544
0x00007d762f7d7880 0x0000000beb610880 0 0 0 0 0 0 3 48480 552
0x00007d762f7d7900 0x0000000beb610900 0 1 0 0 0 0 3 48480 544
0x00007d762f7d7980 0x0000000beb610980 0 1 0 0 0 0 3 48480 552
0x00007d762f7d7a00 0x0000000beb610a00 0 0 1 0 0 0 3 48480 544
0x00007d762f7d7a80 0x0000000beb610a80 0 0 1 0 0 0 3 48480 552
0x00007d762f7d7b00 0x0000000beb610b00 0 1 1 0 0 0 3 48480 544
0x00007d762f7d7b80 0x0000000beb610b80 0 1 1 0 0 0 3 48480 552
0x00007d762f7d7c00 0x0000000beb610c00 0 0 0 0 0 0 3 48480 560
0x00007d762f7d7c80 0x0000000beb610c80 0 0 0 0 0 0 3 48480 568
0x00007d762f7d7d00 0x0000000beb610d00 0 1 0 0 0 0 3 48480 560
0x00007d762f7d7d80 0x0000000beb610d80 0 1 0 0 0 0 3 48480 568
0x00007d762f7d7e00 0x0000000beb610e00 0 0 1 0 0 0 3 48480 560
0x00007d762f7d7e80 0x0000000beb610e80 0 0 1 0 0 0 3 48480 568
0x00007d762f7d7f00 0x0000000beb610f00 0 1 1 0 0 0 3 48480 560
0x00007d762f7d7f80 0x0000000beb610f80 0 1 1 0 0 0 3 48480 568
0x00007d762f7d8000 0x0000000beb612000 0 0 0 0 0 0 3 48480 640
0x00007d762f7d8080 0x0000000beb612080 0 0 0 0 0 0 3 48480 648
0x00007d762f7d8100 0x0000000beb612100 0 1 0 0 0 0 3 48480 640
0x00007d762f7d8180 0x0000000beb612180 0 1 0 0 0 0 3 48480 648
0x00007d762f7d8200 0x0000000beb612200 0 0 1 0 0 0 3 48480 640
0x00007d762f7d8280 0x0000000beb612280 0 0 1 0 0 0 3 48480 648
0x00007d762f7d8300 0x0000000beb612300 0 1 1 0 0 0 3 48480 640
0x00007d762f7d8380 0x0000000beb612380 0 1 1 0 0 0 3 48480 648
0x00007d762f7d8400 0x0000000beb612400 0 0 0 0 0 0 3 48480 656
0x00007d762f7d8480 0x0000000beb612480 0 0 0 0 0 0 3 48480 664
0x00007d762f7d8500 0x0000000beb612500 0 1 0 0 0 0 3 48480 656
0x00007d762f7d8580 0x0000000beb612580 0 1 0 0 0 0 3 48480 664
0x00007d762f7d8600 0x0000000beb612600 0 0 1 0 0 0 3 48480 656
0x00007d762f7d8680 0x0000000beb612680 0 0 1 0 0 0 3 48480 664
0x00007d762f7d8700 0x0000000beb612700 0 1 1 0 0 0 3 48480 656
0x00007d762f7d8780 0x0000000beb612780 0 1 1 0 0 0 3 48480 664
0x00007d762f7d8800 0x0000000beb612800 0 0 0 0 0 0 3 48480 672
0x00007d762f7d8880 0x0000000beb612880 0 0 0 0 0 0 3 48480 680
0x00007d762f7d8900 0x0000000beb612900 0 1 0 0 0 0 3 48480 672
0x00007d762f7d8980 0x0000000beb612980 0 1 0 0 0 0 3 48480 680
0x00007d762f7d8a00 0x0000000beb612a00 0 0 1 0 0 0 3 48480 672
0x00007d762f7d8a80 0x0000000beb612a80 0 0 1 0 0 0 3 48480 680
0x00007d762f7d8b00 0x0000000beb612b00 0 1 1 0 0 0 3 48480 672
0x00007d762f7d8b80 0x0000000beb612b80 0 1 1 0 0 0 3 48480 680
0x00007d762f7d8c00 0x0000000beb612c00 0 0 0 0 0 0 3 48480 688
0x00007d762f7d8c80 0x0000000beb612c80 0 0 0 0 0 0 3 48480 696
0x00007d762f7d8d00 0x0000000beb612d00 0 1 0 0 0 0 3 48480 688
0x00007d762f7d8d80 0x0000000beb612d80 0 1 0 0 0 0 3 48480 696
0x00007d762f7d8e00 0x0000000beb612e00 0 0 1 0 0 0 3 48480 688
0x00007d762f7d8e80 0x0000000beb612e80 0 0 1 0 0 0 3 48480 696
0x00007d762f7d8f00 0x0000000beb612f00 0 1 1 0 0 0 3 48480 688
0x00007d762f7d8f80 0x0000000beb612f80 0 1 1 0 0 0 3 48480 696
0x00007d762f7da000 0x00000007fb6ee000 0 0 0 0 1 0 3 32615 384
0x00007d762f7da080 0x00000007fb6ee080 0 0 0 0 1 0 3 32615 392
0x00007d762f7da100 0x00000007fb6ee100 0 1 0 0 1 0 3 32615 384
0x00007d762f7da180 0x00000007fb6ee180 0 1 0 0 1 0 3 32615 392
0x00007d762f7da200 0x00000007fb6ee200 0 0 1 0 1 0 3 32615 384
0x00007d762f7da280 0x00000007fb6ee280 0 0 1 0 1 0 3 32615 392
0x00007d762f7da300 0x00000007fb6ee300 0 1 1 0 1 0 3 32615 384
0x00007d762f7da380 0x00000007fb6ee380 0 1 1 0 1 0 3 32615 392
0x00007d762f7da400 0x00000007fb6ee400 0 0 0 0 1 0 3 32615 400
0x00007d762f7da480 0x00000007fb6ee480 0 0 0 0 1 0 3 32615 408
0x00007d762f7da500 0x00000007fb6ee500 0 1 0 0 1 0 3 32615 400
0x00007d762f7da580 0x00000007fb6ee580 0 1 0 0 1 0 3 32615 408
0x00007d762f7da600 0x00000007fb6ee600 0 0 1 0 1 0 3 32615 400
0x00007d762f7da680 0x00000007fb6ee680 0 0 1 0 1 0 3 32615 408
0x00007d762f7da700 0x00000007fb6ee700 0 1 1 0 1 0 3 32615 400
0x00007d762f7da780 0x00000007fb6ee780 0 1 1 0 1 0 3 32615 408
0x00007d762f7da800 0x00000007fb6ee800 0 0 0 0 1 0 3 32615 416
0x00007d762f7da880 0x00000007fb6ee880 0 0 0 0 1 0 3 32615 424
0x00007d762f7da900 0x00000007fb6ee900 0 1 0 0 1 0 3 32615 416
0x00007d762f7da980 0x00000007fb6ee980 0 1 0 0 1 0 3 32615 424
0x00007d762f7daa00 0x00000007fb6eea00 0 0 1 0 1 0 3 32615 416
0x00007d762f7daa80 0x00000007fb6eea80 0 0 1 0 1 0 3 32615 424
0x00007d762f7dab00 0x00000007fb6eeb00 0 1 1 0 1 0 3 32615 416
0x00007d762f7dab80 0x00000007fb6eeb80 0 1 1 0 1 0 3 32615 424
0x00007d762f7dac00 0x00000007fb6eec00 0 0 0 0 1 0 3 32615 432
0x00007d762f7dac80 0x00000007fb6eec80 0 0 0 0 1 0 3 32615 440
0x00007d762f7dad00 0x00000007fb6eed00 0 1 0 0 1 0 3 32615 432
0x00007d762f7dad80 0x00000007fb6eed80 0 1 0 0 1 0 3 32615 440
0x00007d762f7dae00 0x00000007fb6eee00 0 0 1 0 1 0 3 32615 432
0x00007d762f7dae80 0x00000007fb6eee80 0 0 1 0 1 0 3 32615 440
0x00007d762f7daf00 0x00000007fb6eef00 0 1 1 0 1 0 3 32615 432
0x00007d762f7daf80 0x00000007fb6eef80 0 1 1 0 1 0 3 32615 440
0x00007d762f7e5000 0x00000007fb6e7000 0 0 0 0 0 0 3 32615 448
0x00007d762f7e5080 0x00000007fb6e7080 0 0 0 0 0 0 3 32615 456
0x00007d762f7e5100 0x00000007fb6e7100 0 1 0 0 0 0 3 32615 448
0x00007d762f7e5180 0x00000007fb6e7180 0 1 0 0 0 0 3 32615 456
0x00007d762f7e5200 0x00000007fb6e7200 0 0 1 0 0 0 3 32615 448
0x00007d762f7e5280 0x00000007fb6e7280 0 0 1 0 0 0 3 32615 456
0x00007d762f7e5300 0x00000007fb6e7300 0 1 1 0 0 0 3 32615 448
0x00007d762f7e5380 0x00000007fb6e7380 0 1 1 0 0 0 3 32615 456
0x00007d762f7e5400 0x00000007fb6e7400 0 0 0 0 0 0 3 32615 464
0x00007d762f7e5480 0x00000007fb6e7480 0 0 0 0 0 0 3 32615 472
0x00007d762f7e5500 0x00000007fb6e7500 0 1 0 0 0 0 3 32615 464
0x00007d762f7e5580 0x00000007fb6e7580 0 1 0 0 0 0 3 32615 472
0x00007d762f7e5600 0x00000007fb6e7600 0 0 1 0 0 0 3 32615 464
0x00007d762f7e5680 0x00000007fb6e7680 0 0 1 0 0 0 3 32615 472
0x00007d762f7e5700 0x00000007fb6e7700 0 1 1 0 0 0 3 32615 464
0x00007d762f7e5780 0x00000007fb6e7780 0 1 1 0 0 0 3 32615 472
0x00007d762f7e5800 0x00000007fb6e7800 0 0 0 0 0 0 3 32615 480
0x00007d762f7e5880 0x00000007fb6e7880 0 0 0 0 0 0 3 32615 488
0x00007d762f7e5900 0x00000007fb6e7900 0 1 0 0 0 0 3 32615 480
0x00007d762f7e5980 0x00000007fb6e7980 0 1 0 0 0 0 3 32615 488
0x00007d762f7e5a00 0x00000007fb6e7a00 0 0 1 0 0 0 3 32615 480
0x00007d762f7e5a80 0x00000007fb6e7a80 0 0 1 0 0 0 3 32615 488
0x00007d762f7e5b00 0x00000007fb6e7b00 0 1 1 0 0 0 3 32615 480
0x00007d762f7e5b80 0x00000007fb6e7b80 0 1 1 0 0 0 3 32615 488
0x00007d762f7e5c00 0x00000007fb6e7c00 0 0 0 0 0 0 3 32615 496
0x00007d762f7e5c80 0x00000007fb6e7c80 0 0 0 0 0 0 3 32615 504
0x00007d762f7e5d00 0x00000007fb6e7d00 0 1 0 0 0 0 3 32615 496
0x00007d762f7e5d80 0x00000007fb6e7d80 0 1 0 0 0 0 3 32615 504
0x00007d762f7e5e00 0x00000007fb6e7e00 0 0 1 0 0 0 3 32615 496
0x00007d762f7e5e80 0x00000007fb6e7e80 0 0 1 0 0 0 3 32615 504
0x00007d762f7e5f00 0x00000007fb6e7f00 0 1 1 0 0 0 3 32615 496
0x00007d762f7e5f80 0x00000007fb6e7f80 0 1 1 0 0 0 3 32615 504
0x00007d762f7ee000 0x0000000222eae000 0 0 0 0 1 0 3 5213 384
0x00007d762f7ee080 0x0000000222eae080 0 0 0 0 1 0 3 5213 392
0x00007d762f7ee100 0x0000000222eae100 0 1 0 0 1 0 3 5213 384
0x00007d762f7ee180 0x0000000222eae180 0 1 0 0 1 0 3 5213 392
0x00007d762f7ee200 0x0000000222eae200 0 0 1 0 1 0 3 5213 384
0x00007d762f7ee280 0x0000000222eae280 0 0 1 0 1 0 3 5213 392
0x00007d762f7ee300 0x0000000222eae300 0 1 1 0 1 0 3 5213 384
0x00007d762f7ee380 0x0000000222eae380 0 1 1 0 1 0 3 5213 392
0x00007d762f7ee400 0x0000000222eae400 0 0 0 0 1 0 3 5213 400
0x00007d762f7ee480 0x0000000222eae480 0 0 0 0 1 0 3 5213 408
0x00007d762f7ee500 0x0000000222eae500 0 1 0 0 1 0 3 5213 400
0x00007d762f7ee580 0x0000000222eae580 0 1 0 0 1 0 3 5213 408
0x00007d762f7ee600 0x0000000222eae600 0 0 1 0 1 0 3 5213 400
0x00007d762f7ee680 0x0000000222eae680 0 0 1 0 1 0 3 5213 408
0x00007d762f7ee700 0x0000000222eae700 0 1 1 0 1 0 3 5213 400
0x00007d762f7ee780 0x0000000222eae780 0 1 1 0 1 0 3 5213 408
0x00007d762f7ee800 0x0000000222eae800 0 0 0 0 1 0 3 5213 416
0x00007d762f7ee880 0x0000000222eae880 0 0 0 0 1 0 3 5213 424
0x00007d762f7ee900 0x0000000222eae900 0 1 0 0 1 0 3 5213 416
0x00007d762f7ee980 0x0000000222eae980 0 1 0 0 1 0 3 5213 424
0x00007d762f7eea00 0x0000000222eaea00 0 0 1 0 1 0 3 5213 416
0x00007d762f7eea80 0x0000000222eaea80 0 0 1 0 1 0 3 5213 424
0x00007d762f7eeb00 0x0000000222eaeb00 0 1 1 0 1 0 3 5213 416
0x00007d762f7eeb80 0x0000000222eaeb80 0 1 1 0 1 0 3 5213 424
0x00007d762f7eec00 0x0000000222eaec00 0 0 0 0 1 0 3 5213 432
0x00007d762f7eec80 0x0000000222eaec80 0 0 0 0 1 0 3 5213 440
0x00007d762f7eed00 0x0000000222eaed00 0 1 0 0 1 0 3 5213 432
0x00007d762f7eed80 0x0000000222eaed80 0 1 0 0 1 0 3 5213 440
0x00007d762f7eee00 0x0000000222eaee00 0 0 1 0 1 0 3 5213 432
0x00007d762f7eee80 0x0000000222eaee80 0 0 1 0 1 0 3 5213 440
0x00007d762f7eef00 0x0000000222eaef00 0 1 1 0 1 0 3 5213 432
0x00007d762f7eef80 0x0000000222eaef80 0 1 1 0 1 0 3 5213 440
0x00007d762f7ef000 0x00000005c8601000 0 0 0 0 0 0 3 22784 64
0x00007d762f7ef080 0x00000005c8601080 0 0 0 0 0 0 3 22784 72
0x00007d762f7ef100 0x00000005c8601100 0 1 0 0 0 0 3 22784 64
0x00007d762f7ef180 0x00000005c8601180 0 1 0 0 0 0 3 22784 72
0x00007d762f7ef200 0x00000005c8601200 0 0 1 0 0 0 3 22784 64
0x00007d762f7ef280 0x00000005c8601280 0 0 1 0 0 0 3 22784 72
0x00007d762f7ef300 0x00000005c8601300 0 1 1 0 0 0 3 22784 64
0x00007d762f7ef380 0x00000005c8601380 0 1 1 0 0 0 3 22784 72
0x00007d762f7ef400 0x00000005c8601400 0 0 0 0 0 0 3 22784 80
0x00007d762f7ef480 0x00000005c8601480 0 0 0 0 0 0 3 22784 88
0x00007d762f7ef500 0x00000005c8601500 0 1 0 0 0 0 3 22784 80
0x00007d762f7ef580 0x00000005c8601580 0 1 0 0 0 0 3 22784 88
0x00007d762f7ef600 0x00000005c8601600 0 0 1 0 0 0 3 22784 80
0x00007d762f7ef680 0x00000005c8601680 0 0 1 0 0 0 3 22784 88
0x00007d762f7ef700 0x00000005c8601700 0 1 1 0 0 0 3 22784 80
0x00007d762f7ef780 0x00000005c8601780 0 1 1 0 0 0 3 22784 88
0x00007d762f7ef800 0x00000005c8601800 0 0 0 0 0 0 3 22784 96
0x00007d762f7ef880 0x00000005c8601880 0 0 0 0 0 0 3 22784 104
0x00007d762f7ef900 0x00000005c8601900 0 1 0 0 0 0 3 22784 96
0x00007d762f7ef980 0x00000005c8601980 0 1 0 0 0 0 3 22784 104
0x00007d762f7efa00 0x00000005c8601a00 0 0 1 0 0 0 3 22784 96
0x00007d762f7efa80 0x00000005c8601a80 0 0 1 0 0 0 3 22784 104
0x00007d762f7efb00 0x00000005c8601b00 0 1 1 0 0 0 3 22784 96
0x00007d762f7efb80 0x00000005c8601b80 0 1 1 0 0 0 3 22784 104
0x00007d762f7efc00 0x00000005c8601c00 0 0 0 0 0 0 3 22784 112
0x00007d762f7efc80 0x00000005c8601c80 0 0 0 0 0 0 3 22784 120
0x00007d762f7efd00 0x00000005c8601d00 0 1 0 0 0 0 3 22784 112
0x00007d762f7efd80 0x00000005c8601d80 0 1 0 0 0 0 3 22784 120
0x00007d762f7efe00 0x00000005c8601e00 0 0 1 0 0 0 3 22784 112
0x00007d762f7efe80 0x00000005c8601e80 0 0 1 0 0 0 3 22784 120
0x00007d762f7eff00 0x00000005c8601f00 0 1 1 0 0 0 3 22784 112
0x00007d762f7eff80 0x00000005c8601f80 0 1 1 0 0 0 3 22784 120
0x00007d762f7f0000 0x00000007fb6ed000 0 0 0 0 1 0 3 32615 320
0x00007d762f7f0080 0x00000007fb6ed080 0 0 0 0 1 0 3 32615 328
0x00007d762f7f0100 0x00000007fb6ed100 0 1 0 0 1 0 3 32615 320
0x00007d762f7f0180 0x00000007fb6ed180 0 1 0 0 1 0 3 32615 328
0x00007d762f7f0200 0x00000007fb6ed200 0 0 1 0 1 0 3 32615 320
0x00007d762f7f0280 0x00000007fb6ed280 0 0 1 0 1 0 3 32615 328
0x00007d762f7f0300 0x00000007fb6ed300 0 1 1 0 1 0 3 32615 320
0x00007d762f7f0380 0x00000007fb6ed380 0 1 1 0 1 0 3 32615 328
0x00007d762f7f0400 0x00000007fb6ed400 0 0 0 0 1 0 3 32615 336
0x00007d762f7f0480 0x00000007fb6ed480 0 0 0 0 1 0 3 32615 344
0x00007d762f7f0500 0x00000007fb6ed500 0 1 0 0 1 0 3 32615 336
0x00007d762f7f0580 0x00000007fb6ed580 0 1 0 0 1 0 3 32615 344
0x00007d762f7f0600 0x00000007fb6ed600 0 0 1 0 1 0 3 32615 336
0x00007d762f7f0680 0x00000007fb6ed680 0 0 1 0 1 0 3 32615 344
0x00007d762f7f0700 0x00000007fb6ed700 0 1 1 0 1 0 3 32615 336
0x00007d762f7f0780 0x00000007fb6ed780 0 1 1 0 1 0 3 32615 344
0x00007d762f7f0800 0x00000007fb6ed800 0 0 0 0 1 0 3 32615 352
0x00007d762f7f0880 0x00000007fb6ed880 0 0 0 0 1 0 3 32615 360
0x00007d762f7f0900 0x00000007fb6ed900 0 1 0 0 1 0 3 32615 352
0x00007d762f7f0980 0x00000007fb6ed980 0 1 0 0 1 0 3 32615 360
0x00007d762f7f0a00 0x00000007fb6eda00 0 0 1 0 1 0 3 32615 352
0x00007d762f7f0a80 0x00000007fb6eda80 0 0 1 0 1 0 3 32615 360
0x00007d762f7f0b00 0x00000007fb6edb00 0 1 1 0 1 0 3 32615 352
0x00007d762f7f0b80 0x00000007fb6edb80 0 1 1 0 1 0 3 32615 360
0x00007d762f7f0c00 0x00000007fb6edc00 0 0 0 0 1 0 3 32615 368
0x00007d762f7f0c80 0x00000007fb6edc80 0 0 0 0 1 0 3 32615 376
0x00007d762f7f0d00 0x00000007fb6edd00 0 1 0 0 1 0 3 32615 368
0x00007d762f7f0d80 0x00000007fb6edd80 0 1 0 0 1 0 3 32615 376
0x00007d762f7f0e00 0x00000007fb6ede00 0 0 1 0 1 0 3 32615 368
0x00007d762f7f0e80 0x00000007fb6ede80 0 0 1 0 1 0 3 32615 376
0x00007d762f7f0f00 0x00000007fb6edf00 0 1 1 0 1 0 3 32615 368
0x00007d762f7f0f80 0x00000007fb6edf80 0 1 1 0 1 0 3 32615 376
0x00007d762f7f4000 0x0000000bceee4000 0 0 0 0 0 0 3 47567 256
0x00007d762f7f4080 0x0000000bceee4080 0 0 0 0 0 0 3 47567 264
0x00007d762f7f4100 0x0000000bceee4100 0 1 0 0 0 0 3 47567 256
0x00007d762f7f4180 0x0000000bceee4180 0 1 0 0 0 0 3 47567 264
0x00007d762f7f4200 0x0000000bceee4200 0 0 1 0 0 0 3 47567 256
0x00007d762f7f4280 0x0000000bceee4280 0 0 1 0 0 0 3 47567 264
0x00007d762f7f4300 0x0000000bceee4300 0 1 1 0 0 0 3 47567 256
0x00007d762f7f4380 0x0000000bceee4380 0 1 1 0 0 0 3 47567 264
0x00007d762f7f4400 0x0000000bceee4400 0 0 0 0 0 0 3 47567 272
0x00007d762f7f4480 0x0000000bceee4480 0 0 0 0 0 0 3 47567 280
0x00007d762f7f4500 0x0000000bceee4500 0 1 0 0 0 0 3 47567 272
0x00007d762f7f4580 0x0000000bceee4580 0 1 0 0 0 0 3 47567 280
0x00007d762f7f4600 0x0000000bceee4600 0 0 1 0 0 0 3 47567 272
0x00007d762f7f4680 0x0000000bceee4680 0 0 1 0 0 0 3 47567 280
0x00007d762f7f4700 0x0000000bceee4700 0 1 1 0 0 0 3 47567 272
0x00007d762f7f4780 0x0000000bceee4780 0 1 1 0 0 0 3 47567 280
0x00007d762f7f4800 0x0000000bceee4800 0 0 0 0 0 0 3 47567 288
0x00007d762f7f4880 0x0000000bceee4880 0 0 0 0 0 0 3 47567 296
0x00007d762f7f4900 0x0000000bceee4900 0 1 0 0 0 0 3 47567 288
0x00007d762f7f4980 0x0000000bceee4980 0 1 0 0 0 0 3 47567 296
0x00007d762f7f4a00 0x0000000bceee4a00 0 0 1 0 0 0 3 47567 288
0x00007d762f7f4a80 0x0000000bceee4a80 0 0 1 0 0 0 3 47567 296
0x00007d762f7f4b00 0x0000000bceee4b00 0 1 1 0 0 0 3 47567 288
0x00007d762f7f4b80 0x0000000bceee4b80 0 1 1 0 0 0 3 47567 296
0x00007d762f7f4c00 0x0000000bceee4c00 0 0 0 0 0 0 3 47567 304
0x00007d762f7f4c80 0x0000000bceee4c80 0 0 0 0 0 0 3 47567 312
0x00007d762f7f4d00 0x0000000bceee4d00 0 1 0 0 0 0 3 47567 304
0x00007d762f7f4d80 0x0000000bceee4d80 0 1 0 0 0 0 3 47567 312
0x00007d762f7f4e00 0x0000000bceee4e00 0 0 1 0 0 0 3 47567 304
0x00007d762f7f4e80 0x0000000bceee4e80 0 0 1 0 0 0 3 47567 312
0x00007d762f7f4f00 0x0000000bceee4f00 0 1 1 0 0 0 3 47567 304
0x00007d762f7f4f80 0x0000000bceee4f80 0 1 1 0 0 0 3 47567 312
0x00007d762f7fb000 0x0000000b3b6c9000 0 0 0 0 1 0 3 42870 64
0x00007d762f7fb080 0x0000000b3b6c9080 0 0 0 0 1 0 3 42870 72
0x00007d762f7fb100 0x0000000b3b6c9100 0 1 0 0 1 0 3 42870 64
0x00007d762f7fb180 0x0000000b3b6c9180 0 1 0 0 1 0 3 42870 72
0x00007d762f7fb200 0x0000000b3b6c9200 0 0 1 0 1 0 3 42870 64
0x00007d762f7fb280 0x0000000b3b6c9280 0 0 1 0 1 0 3 42870 72
0x00007d762f7fb300 0x0000000b3b6c9300 0 1 1 0 1 0 3 42870 64
0x00007d762f7fb380 0x0000000b3b6c9380 0 1 1 0 1 0 3 42870 72
0x00007d762f7fb400 0x0000000b3b6c9400 0 0 0 0 1 0 3 42870 80
0x00007d762f7fb480 0x0000000b3b6c9480 0 0 0 0 1 0 3 42870 88
0x00007d762f7fb500 0x0000000b3b6c9500 0 1 0 0 1 0 3 42870 80
0x00007d762f7fb580 0x0000000b3b6c9580 0 1 0 0 1 0 3 42870 88
0x00007d762f7fb600 0x0000000b3b6c9600 0 0 1 0 1 0 3 42870 80
0x00007d762f7fb680 0x0000000b3b6c9680 0 0 1 0 1 0 3 42870 88
0x00007d762f7fb700 0x0000000b3b6c9700 0 1 1 0 1 0 3 42870 80
0x00007d762f7fb780 0x0000000b3b6c9780 0 1 1 0 1 0 3 42870 88
0x00007d762f7fb800 0x0000000b3b6c9800 0 0 0 0 1 0 3 42870 96
0x00007d762f7fb880 0x0000000b3b6c9880 0 0 0 0 1 0 3 42870 104
0x00007d762f7fb900 0x0000000b3b6c9900 0 1 0 0 1 0 3 42870 96
0x00007d762f7fb980 0x0000000b3b6c9980 0 1 0 0 1 0 3 42870 104
0x00007d762f7fba00 0x0000000b3b6c9a00 0 0 1 0 1 0 3 42870 96
0x00007d762f7fba80 0x0000000b3b6c9a80 0 0 1 0 1 0 3 42870 104
0x00007d762f7fbb00 0x0000000b3b6c9b00 0 1 1 0 1 0 3 42870 96
0x00007d762f7fbb80 0x0000000b3b6c9b80 0 1 1 0 1 0 3 42870 104
0x00007d762f7fbc00 0x0000000b3b6c9c00 0 0 0 0 1 0 3 42870 112
0x00007d762f7fbc80 0x0000000b3b6c9c80 0 0 0 0 1 0 3 42870 120
0x00007d762f7fbd00 0x0000000b3b6c9d00 0 1 0 0 1 0 3 42870 112
0x00007d762f7fbd80 0x0000000b3b6c9d80 0 1 0 0 1 0 3 42870 120
0x00007d762f7fbe00 0x0000000b3b6c9e00 0 0 1 0 1 0 3 42870 112
0x00007d762f7fbe80 0x0000000b3b6c9e80 0 0 1 0 1 0 3 42870 120
0x00007d762f7fbf00 0x0000000b3b6c9f00 0 1 1 0 1 0 3 42870 112
0x00007d762f7fbf80 0x0000000b3b6c9f80 0 1 1 0 1 0 3 42870 120
0x00007d762f802000 0x0000000beb619000 0 0 0 0 1 0 3 48480 576
0x00007d762f802080 0x0000000beb619080 0 0 0 0 1 0 3 48480 584
0x00007d762f802100 0x0000000beb619100 0 1 0 0 1 0 3 48480 576
0x00007d762f802180 0x0000000beb619180 0 1 0 0 1 0 3 48480 584
0x00007d762f802200 0x0000000beb619200 0 0 1 0 1 0 3 48480 576
0x00007d762f802280 0x0000000beb619280 0 0 1 0 1 0 3 48480 584
0x00007d762f802300 0x0000000beb619300 0 1 1 0 1 0 3 48480 576
0x00007d762f802380 0x0000000beb619380 0 1 1 0 1 0 3 48480 584
0x00007d762f802400 0x0000000beb619400 0 0 0 0 1 0 3 48480 592
0x00007d762f802480 0x0000000beb619480 0 0 0 0 1 0 3 48480 600
0x00007d762f802500 0x0000000beb619500 0 1 0 0 1 0 3 48480 592
0x00007d762f802580 0x0000000beb619580 0 1 0 0 1 0 3 48480 600
0x00007d762f802600 0x0000000beb619600 0 0 1 0 1 0 3 48480 592
0x00007d762f802680 0x0000000beb619680 0 0 1 0 1 0 3 48480 600
0x00007d762f802700 0x0000000beb619700 0 1 1 0 1 0 3 48480 592
0x00007d762f802780 0x0000000beb619780 0 1 1 0 1 0 3 48480 600
0x00007d762f802800 0x0000000beb619800 0 0 0 0 1 0 3 48480 608
0x00007d762f802880 0x0000000beb619880 0 0 0 0 1 0 3 48480 616
0x00007d762f802900 0x0000000beb619900 0 1 0 0 1 0 3 48480 608
0x00007d762f802980 0x0000000beb619980 0 1 0 0 1 0 3 48480 616
0x00007d762f802a00 0x0000000beb619a00 0 0 1 0 1 0 3 48480 608
0x00007d762f802a80 0x0000000beb619a80 0 0 1 0 1 0 3 48480 616
0x00007d762f802b00 0x0000000beb619b00 0 1 1 0 1 0 3 48480 608
0x00007d762f802b80 0x0000000beb619b80 0 1 1 0 1 0 3 48480 616
0x00007d762f802c00 0x0000000beb619c00 0 0 0 0 1 0 3 48480 624
0x00007d762f802c80 0x0000000beb619c80 0 0 0 0 1 0 3 48480 632
0x00007d762f802d00 0x0000000beb619d00 0 1 0 0 1 0 3 48480 624
0x00007d762f802d80 0x0000000beb619d80 0 1 0 0 1 0 3 48480 632
0x00007d762f802e00 0x0000000beb619e00 0 0 1 0 1 0 3 48480 624
0x00007d762f802e80 0x0000000beb619e80 0 0 1 0 1 0 3 48480 632
0x00007d762f802f00 0x0000000beb619f00 0 1 1 0 1 0 3 48480 624
0x00007d762f802f80 0x0000000beb619f80 0 1 1 0 1 0 3 48480 632
0x00007d762f80a000 0x0000000b3b6c7000 0 0 0 0 0 0 3 42870 448
0x00007d762f80a080 0x0000000b3b6c7080 0 0 0 0 0 0 3 42870 456
0x00007d762f80a100 0x0000000b3b6c7100 0 1 0 0 0 0 3 42870 448
0x00007d762f80a180 0x0000000b3b6c7180 0 1 0 0 0 0 3 42870 456
0x00007d762f80a200 0x0000000b3b6c7200 0 0 1 0 0 0 3 42870 448
0x00007d762f80a280 0x0000000b3b6c7280 0 0 1 0 0 0 3 42870 456
0x00007d762f80a300 0x0000000b3b6c7300 0 1 1 0 0 0 3 42870 448
0x00007d762f80a380 0x0000000b3b6c7380 0 1 1 0 0 0 3 42870 456
0x00007d762f80a400 0x0000000b3b6c7400 0 0 0 0 0 0 3 42870 464
0x00007d762f80a480 0x0000000b3b6c7480 0 0 0 0 0 0 3 42870 472
0x00007d762f80a500 0x0000000b3b6c7500 0 1 0 0 0 0 3 42870 464
0x00007d762f80a580 0x0000000b3b6c7580 0 1 0 0 0 0 3 42870 472
0x00007d762f80a600 0x0000000b3b6c7600 0 0 1 0 0 0 3 42870 464
0x00007d762f80a680 0x0000000b3b6c7680 0 0 1 0 0 0 3 42870 472
0x00007d762f80a700 0x0000000b3b6c7700 0 1 1 0 0 0 3 42870 464
0x00007d762f80a780 0x0000000b3b6c7780 0 1 1 0 0 0 3 42870 472
0x00007d762f80a800 0x0000000b3b6c7800 0 0 0 0 0 0 3 42870 480
0x00007d762f80a880 0x0000000b3b6c7880 0 0 0 0 0 0 3 42870 488
0x00007d762f80a900 0x0000000b3b6c7900 0 1 0 0 0 0 3 42870 480
0x00007d762f80a980 0x0000000b3b6c7980 0 1 0 0 0 0 3 42870 488
0x00007d762f80aa00 0x0000000b3b6c7a00 0 0 1 0 0 0 3 42870 480
0x00007d762f80aa80 0x0000000b3b6c7a80 0 0 1 0 0 0 3 42870 488
0x00007d762f80ab00 0x0000000b3b6c7b00 0 1 1 0 0 0 3 42870 480
0x00007d762f80ab80 0x0000000b3b6c7b80 0 1 1 0 0 0 3 42870 488
0x00007d762f80ac00 0x0000000b3b6c7c00 0 0 0 0 0 0 3 42870 496
0x00007d762f80ac80 0x0000000b3b6c7c80 0 0 0 0 0 0 3 42870 504
0x00007d762f80ad00 0x0000000b3b6c7d00 0 1 0 0 0 0 3 42870 496
0x00007d762f80ad80 0x0000000b3b6c7d80 0 1 0 0 0 0 3 42870 504
0x00007d762f80ae00 0x0000000b3b6c7e00 0 0 1 0 0 0 3 42870 496
0x00007d762f80ae80 0x0000000b3b6c7e80 0 0 1 0 0 0 3 42870 504
0x00007d762f80af00 0x0000000b3b6c7f00 0 1 1 0 0 0 3 42870 496
0x00007d762f80af80 0x0000000b3b6c7f80 0 1 1 0 0 0 3 42870 504
0x00007d762f818000 0x0000000915627000 0 0 0 0 0 0 3 33457 448
0x00007d762f818080 0x0000000915627080 0 0 0 0 0 0 3 33457 456
0x00007d762f818100 0x0000000915627100 0 1 0 0 0 0 3 33457 448
0x00007d762f818180 0x0000000915627180 0 1 0 0 0 0 3 33457 456
0x00007d762f818200 0x0000000915627200 0 0 1 0 0 0 3 33457 448
0x00007d762f818280 0x0000000915627280 0 0 1 0 0 0 3 33457 456
0x00007d762f818300 0x0000000915627300 0 1 1 0 0 0 3 33457 448
0x00007d762f818380 0x0000000915627380 0 1 1 0 0 0 3 33457 456
0x00007d762f818400 0x0000000915627400 0 0 0 0 0 0 3 33457 464
0x00007d762f818480 0x0000000915627480 0 0 0 0 0 0 3 33457 472
0x00007d762f818500 0x0000000915627500 0 1 0 0 0 0 3 33457 464
0x00007d762f818580 0x0000000915627580 0 1 0 0 0 0 3 33457 472
0x00007d762f818600 0x0000000915627600 0 0 1 0 0 0 3 33457 464
0x00007d762f818680 0x0000000915627680 0 0 1 0 0 0 3 33457 472
0x00007d762f818700 0x0000000915627700 0 1 1 0 0 0 3 33457 464
0x00007d762f818780 0x0000000915627780 0 1 1 0 0 0 3 33457 472
0x00007d762f818800 0x0000000915627800 0 0 0 0 0 0 3 33457 480
0x00007d762f818880 0x0000000915627880 0 0 0 0 0 0 3 33457 488
0x00007d762f818900 0x0000000915627900 0 1 0 0 0 0 3 33457 480
0x00007d762f818980 0x0000000915627980 0 1 0 0 0 0 3 33457 488
0x00007d762f818a00 0x0000000915627a00 0 0 1 0 0 0 3 33457 480
0x00007d762f818a80 0x0000000915627a80 0 0 1 0 0 0 3 33457 488
0x00007d762f818b00 0x0000000915627b00 0 1 1 0 0 0 3 33457 480
0x00007d762f818b80 0x0000000915627b80 0 1 1 0 0 0 3 33457 488
0x00007d762f818c00 0x0000000915627c00 0 0 0 0 0 0 3 33457 496
0x00007d762f818c80 0x0000000915627c80 0 0 0 0 0 0 3 33457 504
0x00007d762f818d00 0x0000000915627d00 0 1 0 0 0 0 3 33457 496
0x00007d762f818d80 0x0000000915627d80 0 1 0 0 0 0 3 33457 504
0x00007d762f818e00 0x0000000915627e00 0 0 1 0 0 0 3 33457 496
0x00007d762f818e80 0x0000000915627e80 0 0 1 0 0 0 3 33457 504
0x00007d762f818f00 0x0000000915627f00 0 1 1 0 0 0 3 33457 496
0x00007d762f818f80 0x0000000915627f80 0 1 1 0 0 0 3 33457 504
0x00007d762f822000 0x0000000222eaf000 0 0 0 0 1 0 3 5213 448
0x00007d762f822080 0x0000000222eaf080 0 0 0 0 1 0 3 5213 456
0x00007d762f822100 0x0000000222eaf100 0 1 0 0 1 0 3 5213 448
0x00007d762f822180 0x0000000222eaf180 0 1 0 0 1 0 3 5213 456
0x00007d762f822200 0x0000000222eaf200 0 0 1 0 1 0 3 5213 448
0x00007d762f822280 0x0000000222eaf280 0 0 1 0 1 0 3 5213 456
0x00007d762f822300 0x0000000222eaf300 0 1 1 0 1 0 3 5213 448
0x00007d762f822380 0x0000000222eaf380 0 1 1 0 1 0 3 5213 456
0x00007d762f822400 0x0000000222eaf400 0 0 0 0 1 0 3 5213 464
0x00007d762f822480 0x0000000222eaf480 0 0 0 0 1 0 3 5213 472
0x00007d762f822500 0x0000000222eaf500 0 1 0 0 1 0 3 5213 464
0x00007d762f822580 0x0000000222eaf580 0 1 0 0 1 0 3 5213 472
0x00007d762f822600 0x0000000222eaf600 0 0 1 0 1 0 3 5213 464
0x00007d762f822680 0x0000000222eaf680 0 0 1 0 1 0 3 5213 472
0x00007d762f822700 0x0000000222eaf700 0 1 1 0 1 0 3 5213 464
0x00007d762f822780 0x0000000222eaf780 0 1 1 0 1 0 3 5213 472
0x00007d762f822800 0x0000000222eaf800 0 0 0 0 1 0 3 5213 480
0x00007d762f822880 0x0000000222eaf880 0 0 0 0 1 0 3 5213 488
0x00007d762f822900 0x0000000222eaf900 0 1 0 0 1 0 3 5213 480
0x00007d762f822980 0x0000000222eaf980 0 1 0 0 1 0 3 5213 488
0x00007d762f822a00 0x0000000222eafa00 0 0 1 0 1 0 3 5213 480
0x00007d762f822a80 0x0000000222eafa80 0 0 1 0 1 0 3 5213 488
0x00007d762f822b00 0x0000000222eafb00 0 1 1 0 1 0 3 5213 480
0x00007d762f822b80 0x0000000222eafb80 0 1 1 0 1 0 3 5213 488
0x00007d762f822c00 0x0000000222eafc00 0 0 0 0 1 0 3 5213 496
0x00007d762f822c80 0x0000000222eafc80 0 0 0 0 1 0 3 5213 504
0x00007d762f822d00 0x0000000222eafd00 0 1 0 0 1 0 3 5213 496
0x00007d762f822d80 0x0000000222eafd80 0 1 0 0 1 0 3 5213 504
0x00007d762f822e00 0x0000000222eafe00 0 0 1 0 1 0 3 5213 496
0x00007d762f822e80 0x0000000222eafe80 0 0 1 0 1 0 3 5213 504
0x00007d762f822f00 0x0000000222eaff00 0 1 1 0 1 0 3 5213 496
0x00007d762f822f80 0x0000000222eaff80 0 1 1 0 1 0 3 5213 504
0x00007d762f823000 0x00000009bf689000 0 0 0 0 1 0 3 38884 64
0x00007d762f823080 0x00000009bf689080 0 0 0 0 1 0 3 38884 72
0x00007d762f823100 0x00000009bf689100 0 1 0 0 1 0 3 38884 64
0x00007d762f823180 0x00000009bf689180 0 1 0 0 1 0 3 38884 72
0x00007d762f823200 0x00000009bf689200 0 0 1 0 1 0 3 38884 64
0x00007d762f823280 0x00000009bf689280 0 0 1 0 1 0 3 38884 72
0x00007d762f823300 0x00000009bf689300 0 1 1 0 1 0 3 38884 64
0x00007d762f823380 0x00000009bf689380 0 1 1 0 1 0 3 38884 72
0x00007d762f823400 0x00000009bf689400 0 0 0 0 1 0 3 38884 80
0x00007d762f823480 0x00000009bf689480 0 0 0 0 1 0 3 38884 88
0x00007d762f823500 0x00000009bf689500 0 1 0 0 1 0 3 38884 80
0x00007d762f823580 0x00000009bf689580 0 1 0 0 1 0 3 38884 88
0x00007d762f823600 0x00000009bf689600 0 0 1 0 1 0 3 38884 80
0x00007d762f823680 0x00000009bf689680 0 0 1 0 1 0 3 38884 88
0x00007d762f823700 0x00000009bf689700 0 1 1 0 1 0 3 38884 80
0x00007d762f823780 0x00000009bf689780 0 1 1 0 1 0 3 38884 88
0x00007d762f823800 0x00000009bf689800 0 0 0 0 1 0 3 38884 96
0x00007d762f823880 0x00000009bf689880 0 0 0 0 1 0 3 38884 104
0x00007d762f823900 0x00000009bf689900 0 1 0 0 1 0 3 38884 96
0x00007d762f823980 0x00000009bf689980 0 1 0 0 1 0 3 38884 104
0x00007d762f823a00 0x00000009bf689a00 0 0 1 0 1 0 3 38884 96
0x00007d762f823a80 0x00000009bf689a80 0 0 1 0 1 0 3 38884 104
0x00007d762f823b00 0x00000009bf689b00 0 1 1 0 1 0 3 38884 96
0x00007d762f823b80 0x00000009bf689b80 0 1 1 0 1 0 3 38884 104
0x00007d762f823c00 0x00000009bf689c00 0 0 0 0 1 0 3 38884 112
0x00007d762f823c80 0x00000009bf689c80 0 0 0 0 1 0 3 38884 120
0x00007d762f823d00 0x00000009bf689d00 0 1 0 0 1 0 3 38884 112
0x00007d762f823d80 0x00000009bf689d80 0 1 0 0 1 0 3 38884 120
0x00007d762f823e00 0x00000009bf689e00 0 0 1 0 1 0 3 38884 112
0x00007d762f823e80 0x00000009bf689e80 0 0 1 0 1 0 3 38884 120
0x00007d762f823f00 0x00000009bf689f00 0 1 1 0 1 0 3 38884 112
0x00007d762f823f80 0x00000009bf689f80 0 1 1 0 1 0 3 38884 120
0x00007d762f82a000 0x0000000b89661000 0 0 0 0 0 0 3 45347 64
0x00007d762f82a080 0x0000000b89661080 0 0 0 0 0 0 3 45347 72
0x00007d762f82a100 0x0000000b89661100 0 1 0 0 0 0 3 45347 64
0x00007d762f82a180 0x0000000b89661180 0 1 0 0 0 0 3 45347 72
0x00007d762f82a200 0x0000000b89661200 0 0 1 0 0 0 3 45347 64
0x00007d762f82a280 0x0000000b89661280 0 0 1 0 0 0 3 45347 72
0x00007d762f82a300 0x0000000b89661300 0 1 1 0 0 0 3 45347 64
0x00007d762f82a380 0x0000000b89661380 0 1 1 0 0 0 3 45347 72
0x00007d762f82a400 0x0000000b89661400 0 0 0 0 0 0 3 45347 80
0x00007d762f82a480 0x0000000b89661480 0 0 0 0 0 0 3 45347 88
0x00007d762f82a500 0x0000000b89661500 0 1 0 0 0 0 3 45347 80
0x00007d762f82a580 0x0000000b89661580 0 1 0 0 0 0 3 45347 88
0x00007d762f82a600 0x0000000b89661600 0 0 1 0 0 0 3 45347 80
0x00007d762f82a680 0x0000000b89661680 0 0 1 0 0 0 3 45347 88
0x00007d762f82a700 0x0000000b89661700 0 1 1 0 0 0 3 45347 80
0x00007d762f82a780 0x0000000b89661780 0 1 1 0 0 0 3 45347 88
0x00007d762f82a800 0x0000000b89661800 0 0 0 0 0 0 3 45347 96
0x00007d762f82a880 0x0000000b89661880 0 0 0 0 0 0 3 45347 104
0x00007d762f82a900 0x0000000b89661900 0 1 0 0 0 0 3 45347 96
0x00007d762f82a980 0x0000000b89661980 0 1 0 0 0 0 3 45347 104
0x00007d762f82aa00 0x0000000b89661a00 0 0 1 0 0 0 3 45347 96
0x00007d762f82aa80 0x0000000b89661a80 0 0 1 0 0 0 3 45347 104
0x00007d762f82ab00 0x0000000b89661b00 0 1 1 0 0 0 3 45347 96
0x00007d762f82ab80 0x0000000b89661b80 0 1 1 0 0 0 3 45347 104
0x00007d762f82ac00 0x0000000b89661c00 0 0 0 0 0 0 3 45347 112
0x00007d762f82ac80 0x0000000b89661c80 0 0 0 0 0 0 3 45347 120
0x00007d762f82ad00 0x0000000b89661d00 0 1 0 0 0 0 3 45347 112
0x00007d762f82ad80 0x0000000b89661d80 0 1 0 0 0 0 3 45347 120
0x00007d762f82ae00 0x0000000b89661e00 0 0 1 0 0 0 3 45347 112
0x00007d762f82ae80 0x0000000b89661e80 0 0 1 0 0 0 3 45347 120
0x00007d762f82af00 0x0000000b89661f00 0 1 1 0 0 0 3 45347 112
0x00007d762f82af80 0x0000000b89661f80 0 1 1 0 0 0 3 45347 120
0x00007d762f82b000 0x0000000bceee9000 0 0 0 0 1 0 3 47567 64
0x00007d762f82b080 0x0000000bceee9080 0 0 0 0 1 0 3 47567 72
0x00007d762f82b100 0x0000000bceee9100 0 1 0 0 1 0 3 47567 64
0x00007d762f82b180 0x0000000bceee9180 0 1 0 0 1 0 3 47567 72
0x00007d762f82b200 0x0000000bceee9200 0 0 1 0 1 0 3 47567 64
0x00007d762f82b280 0x0000000bceee9280 0 0 1 0 1 0 3 47567 72
0x00007d762f82b300 0x0000000bceee9300 0 1 1 0 1 0 3 47567 64
0x00007d762f82b380 0x0000000bceee9380 0 1 1 0 1 0 3 47567 72
0x00007d762f82b400 0x0000000bceee9400 0 0 0 0 1 0 3 47567 80
0x00007d762f82b480 0x0000000bceee9480 0 0 0 0 1 0 3 47567 88
0x00007d762f82b500 0x0000000bceee9500 0 1 0 0 1 0 3 47567 80
0x00007d762f82b580 0x0000000bceee9580 0 1 0 0 1 0 3 47567 88
0x00007d762f82b600 0x0000000bceee9600 0 0 1 0 1 0 3 47567 80
0x00007d762f82b680 0x0000000bceee9680 0 0 1 0 1 0 3 47567 88
0x00007d762f82b700 0x0000000bceee9700 0 1 1 0 1 0 3 47567 80
0x00007d762f82b780 0x0000000bceee9780 0 1 1 0 1 0 3 47567 88
0x00007d762f82b800 0x0000000bceee9800 0 0 0 0 1 0 3 47567 96
0x00007d762f82b880 0x0000000bceee9880 0 0 0 0 1 0 3 47567 104
0x00007d762f82b900 0x0000000bceee9900 0 1 0 0 1 0 3 47567 96
0x00007d762f82b980 0x0000000bceee9980 0 1 0 0 1 0 3 47567 104
0x00007d762f82ba00 0x0000000bceee9a00 0 0 1 0 1 0 3 47567 96
0x00007d762f82ba80 0x0000000bceee9a80 0 0 1 0 1 0 3 47567 104
0x00007d762f82bb00 0x0000000bceee9b00 0 1 1 0 1 0 3 47567 96
0x00007d762f82bb80 0x0000000bceee9b80 0 1 1 0 1 0 3 47567 104
0x00007d762f82bc00 0x0000000bceee9c00 0 0 0 0 1 0 3 47567 112
0x00007d762f82bc80 0x0000000bceee9c80 0 0 0 0 1 0 3 47567 120
0x00007d762f82bd00 0x0000000bceee9d00 0 1 0 0 1 0 3 47567 112
0x00007d762f82bd80 0x0000000bceee9d80 0 1 0 0 1 0 3 47567 120
0x00007d762f82be00 0x0000000bceee9e00 0 0 1 0 1 0 3 47567 112
0x00007d762f82be80 0x0000000bceee9e80 0 0 1 0 1 0 3 47567 120
0x00007d762f82bf00 0x0000000bceee9f00 0 1 1 0 1 0 3 47567 112
0x00007d762f82bf80 0x0000000bceee9f80 0 1 1 0 1 0 3 47567 120
0x00007d762f82c000 0x0000000bceeee000 0 0 0 0 1 0 3 47567 384
0x00007d762f82c080 0x0000000bceeee080 0 0 0 0 1 0 3 47567 392
0x00007d762f82c100 0x0000000bceeee100 0 1 0 0 1 0 3 47567 384
0x00007d762f82c180 0x0000000bceeee180 0 1 0 0 1 0 3 47567 392
0x00007d762f82c200 0x0000000bceeee200 0 0 1 0 1 0 3 47567 384
0x00007d762f82c280 0x0000000bceeee280 0 0 1 0 1 0 3 47567 392
0x00007d762f82c300 0x0000000bceeee300 0 1 1 0 1 0 3 47567 384
0x00007d762f82c380 0x0000000bceeee380 0 1 1 0 1 0 3 47567 392
0x00007d762f82c400 0x0000000bceeee400 0 0 0 0 1 0 3 47567 400
0x00007d762f82c480 0x0000000bceeee480 0 0 0 0 1 0 3 47567 408
0x00007d762f82c500 0x0000000bceeee500 0 1 0 0 1 0 3 47567 400
0x00007d762f82c580 0x0000000bceeee580 0 1 0 0 1 0 3 47567 408
0x00007d762f82c600 0x0000000bceeee600 0 0 1 0 1 0 3 47567 400
0x00007d762f82c680 0x0000000bceeee680 0 0 1 0 1 0 3 47567 408
0x00007d762f82c700 0x0000000bceeee700 0 1 1 0 1 0 3 47567 400
0x00007d762f82c780 0x0000000bceeee780 0 1 1 0 1 0 3 47567 408
0x00007d762f82c800 0x0000000bceeee800 0 0 0 0 1 0 3 47567 416
0x00007d762f82c880 0x0000000bceeee880 0 0 0 0 1 0 3 47567 424
0x00007d762f82c900 0x0000000bceeee900 0 1 0 0 1 0 3 47567 416
0x00007d762f82c980 0x0000000bceeee980 0 1 0 0 1 0 3 47567 424
0x00007d762f82ca00 0x0000000bceeeea00 0 0 1 0 1 0 3 47567 416
0x00007d762f82ca80 0x0000000bceeeea80 0 0 1 0 1 0 3 47567 424
0x00007d762f82cb00 0x0000000bceeeeb00 0 1 1 0 1 0 3 47567 416
0x00007d762f82cb80 0x0000000bceeeeb80 0 1 1 0 1 0 3 47567 424
0x00007d762f82cc00 0x0000000bceeeec00 0 0 0 0 1 0 3 47567 432
0x00007d762f82cc80 0x0000000bceeeec80 0 0 0 0 1 0 3 47567 440
0x00007d762f82cd00 0x0000000bceeeed00 0 1 0 0 1 0 3 47567 432
0x00007d762f82cd80 0x0000000bceeeed80 0 1 0 0 1 0 3 47567 440
0x00007d762f82ce00 0x0000000bceeeee00 0 0 1 0 1 0 3 47567 432
0x00007d762f82ce80 0x0000000bceeeee80 0 0 1 0 1 0 3 47567 440
0x00007d762f82cf00 0x0000000bceeeef00 0 1 1 0 1 0 3 47567 432
0x00007d762f82cf80 0x0000000bceeeef80 0 1 1 0 1 0 3 47567 440
0x00007d762f830000 0x00000009bf68a000 0 0 0 0 1 0 3 38884 128
0x00007d762f830080 0x00000009bf68a080 0 0 0 0 1 0 3 38884 136
0x00007d762f830100 0x00000009bf68a100 0 1 0 0 1 0 3 38884 128
0x00007d762f830180 0x00000009bf68a180 0 1 0 0 1 0 3 38884 136
0x00007d762f830200 0x00000009bf68a200 0 0 1 0 1 0 3 38884 128
0x00007d762f830280 0x00000009bf68a280 0 0 1 0 1 0 3 38884 136
0x00007d762f830300 0x00000009bf68a300 0 1 1 0 1 0 3 38884 128
0x00007d762f830380 0x00000009bf68a380 0 1 1 0 1 0 3 38884 136
0x00007d762f830400 0x00000009bf68a400 0 0 0 0 1 0 3 38884 144
0x00007d762f830480 0x00000009bf68a480 0 0 0 0 1 0 3 38884 152
0x00007d762f830500 0x00000009bf68a500 0 1 0 0 1 0 3 38884 144
0x00007d762f830580 0x00000009bf68a580 0 1 0 0 1 0 3 38884 152
0x00007d762f830600 0x00000009bf68a600 0 0 1 0 1 0 3 38884 144
0x00007d762f830680 0x00000009bf68a680 0 0 1 0 1 0 3 38884 152
0x00007d762f830700 0x00000009bf68a700 0 1 1 0 1 0 3 38884 144
0x00007d762f830780 0x00000009bf68a780 0 1 1 0 1 0 3 38884 152
0x00007d762f830800 0x00000009bf68a800 0 0 0 0 1 0 3 38884 160
0x00007d762f830880 0x00000009bf68a880 0 0 0 0 1 0 3 38884 168
0x00007d762f830900 0x00000009bf68a900 0 1 0 0 1 0 3 38884 160
0x00007d762f830980 0x00000009bf68a980 0 1 0 0 1 0 3 38884 168
0x00007d762f830a00 0x00000009bf68aa00 0 0 1 0 1 0 3 38884 160
0x00007d762f830a80 0x00000009bf68aa80 0 0 1 0 1 0 3 38884 168
0x00007d762f830b00 0x00000009bf68ab00 0 1 1 0 1 0 3 38884 160
0x00007d762f830b80 0x00000009bf68ab80 0 1 1 0 1 0 3 38884 168
0x00007d762f830c00 0x00000009bf68ac00 0 0 0 0 1 0 3 38884 176
0x00007d762f830c80 0x00000009bf68ac80 0 0 0 0 1 0 3 38884 184
0x00007d762f830d00 0x00000009bf68ad00 0 1 0 0 1 0 3 38884 176
0x00007d762f830d80 0x00000009bf68ad80 0 1 0 0 1 0 3 38884 184
0x00007d762f830e00 0x00000009bf68ae00 0 0 1 0 1 0 3 38884 176
0x00007d762f830e80 0x00000009bf68ae80 0 0 1 0 1 0 3 38884 184
0x00007d762f830f00 0x00000009bf68af00 0 1 1 0 1 0 3 38884 176
0x00007d762f830f80 0x00000009bf68af80 0 1 1 0 1 0 3 38884 184
0x00007d762f836000 0x0000000c64620000 0 0 0 0 0 0 3 48273 0
0x00007d762f836080 0x0000000c64620080 0 0 0 0 0 0 3 48273 8
0x00007d762f836100 0x0000000c64620100 0 1 0 0 0 0 3 48273 0
0x00007d762f836180 0x0000000c64620180 0 1 0 0 0 0 3 48273 8
0x00007d762f836200 0x0000000c64620200 0 0 1 0 0 0 3 48273 0
0x00007d762f836280 0x0000000c64620280 0 0 1 0 0 0 3 48273 8
0x00007d762f836300 0x0000000c64620300 0 1 1 0 0 0 3 48273 0
0x00007d762f836380 0x0000000c64620380 0 1 1 0 0 0 3 48273 8
0x00007d762f836400 0x0000000c64620400 0 0 0 0 0 0 3 48273 16
0x00007d762f836480 0x0000000c64620480 0 0 0 0 0 0 3 48273 24
0x00007d762f836500 0x0000000c64620500 0 1 0 0 0 0 3 48273 16
0x00007d762f836580 0x0000000c64620580 0 1 0 0 0 0 3 48273 24
0x00007d762f836600 0x0000000c64620600 0 0 1 0 0 0 3 48273 16
0x00007d762f836680 0x0000000c64620680 0 0 1 0 0 0 3 48273 24
0x00007d762f836700 0x0000000c64620700 0 1 1 0 0 0 3 48273 16
0x00007d762f836780 0x0000000c64620780 0 1 1 0 0 0 3 48273 24
0x00007d762f836800 0x0000000c64620800 0 0 0 0 0 0 3 48273 32
0x00007d762f836880 0x0000000c64620880 0 0 0 0 0 0 3 48273 40
0x00007d762f836900 0x0000000c64620900 0 1 0 0 0 0 3 48273 32
0x00007d762f836980 0x0000000c64620980 0 1 0 0 0 0 3 48273 40
0x00007d762f836a00 0x0000000c64620a00 0 0 1 0 0 0 3 48273 32
0x00007d762f836a80 0x0000000c64620a80 0 0 1 0 0 0 3 48273 40
0x00007d762f836b00 0x0000000c64620b00 0 1 1 0 0 0 3 48273 32
0x00007d762f836b80 0x0000000c64620b80 0 1 1 0 0 0 3 48273 40
0x00007d762f836c00 0x0000000c64620c00 0 0 0 0 0 0 3 48273 48
0x00007d762f836c80 0x0000000c64620c80 0 0 0 0 0 0 3 48273 56
0x00007d762f836d00 0x0000000c64620d00 0 1 0 0 0 0 3 48273 48
0x00007d762f836d80 0x0000000c64620d80 0 1 0 0 0 0 3 48273 56
0x00007d762f836e00 0x0000000c64620e00 0 0 1 0 0 0 3 48273 48
0x00007d762f836e80 0x0000000c64620e80 0 0 1 0 0 0 3 48273 56
0x00007d762f836f00 0x0000000c64620f00 0 1 1 0 0 0 3 48273 48
0x00007d762f836f80 0x0000000c64620f80 0 1 1 0 0 0 3 48273 56
0x00007d762f83f000 0x0000000b8966a000 0 0 0 0 1 0 3 45347 128
0x00007d762f83f080 0x0000000b8966a080 0 0 0 0 1 0 3 45347 136
0x00007d762f83f100 0x0000000b8966a100 0 1 0 0 1 0 3 45347 128
0x00007d762f83f180 0x0000000b8966a180 0 1 0 0 1 0 3 45347 136
0x00007d762f83f200 0x0000000b8966a200 0 0 1 0 1 0 3 45347 128
0x00007d762f83f280 0x0000000b8966a280 0 0 1 0 1 0 3 45347 136
0x00007d762f83f300 0x0000000b8966a300 0 1 1 0 1 0 3 45347 128
0x00007d762f83f380 0x0000000b8966a380 0 1 1 0 1 0 3 45347 136
0x00007d762f83f400 0x0000000b8966a400 0 0 0 0 1 0 3 45347 144
0x00007d762f83f480 0x0000000b8966a480 0 0 0 0 1 0 3 45347 152
0x00007d762f83f500 0x0000000b8966a500 0 1 0 0 1 0 3 45347 144
0x00007d762f83f580 0x0000000b8966a580 0 1 0 0 1 0 3 45347 152
0x00007d762f83f600 0x0000000b8966a600 0 0 1 0 1 0 3 45347 144
0x00007d762f83f680 0x0000000b8966a680 0 0 1 0 1 0 3 45347 152
0x00007d762f83f700 0x0000000b8966a700 0 1 1 0 1 0 3 45347 144
0x00007d762f83f780 0x0000000b8966a780 0 1 1 0 1 0 3 45347 152
0x00007d762f83f800 0x0000000b8966a800 0 0 0 0 1 0 3 45347 160
0x00007d762f83f880 0x0000000b8966a880 0 0 0 0 1 0 3 45347 168
0x00007d762f83f900 0x0000000b8966a900 0 1 0 0 1 0 3 45347 160
0x00007d762f83f980 0x0000000b8966a980 0 1 0 0 1 0 3 45347 168
0x00007d762f83fa00 0x0000000b8966aa00 0 0 1 0 1 0 3 45347 160
0x00007d762f83fa80 0x0000000b8966aa80 0 0 1 0 1 0 3 45347 168
0x00007d762f83fb00 0x0000000b8966ab00 0 1 1 0 1 0 3 45347 160
0x00007d762f83fb80 0x0000000b8966ab80 0 1 1 0 1 0 3 45347 168
0x00007d762f83fc00 0x0000000b8966ac00 0 0 0 0 1 0 3 45347 176
0x00007d762f83fc80 0x0000000b8966ac80 0 0 0 0 1 0 3 45347 184
0x00007d762f83fd00 0x0000000b8966ad00 0 1 0 0 1 0 3 45347 176
0x00007d762f83fd80 0x0000000b8966ad80 0 1 0 0 1 0 3 45347 184
0x00007d762f83fe00 0x0000000b8966ae00 0 0 1 0 1 0 3 45347 176
0x00007d762f83fe80 0x0000000b8966ae80 0 0 1 0 1 0 3 45347 184
0x00007d762f83ff00 0x0000000b8966af00 0 1 1 0 1 0 3 45347 176
0x00007d762f83ff80 0x0000000b8966af80 0 1 1 0 1 0 3 45347 184
0x00007d762f840000 0x0000000565e45000 0 0 0 0 0 0 3 19642 320
0x00007d762f840080 0x0000000565e45080 0 0 0 0 0 0 3 19642 328
0x00007d762f840100 0x0000000565e45100 0 1 0 0 0 0 3 19642 320
0x00007d762f840180 0x0000000565e45180 0 1 0 0 0 0 3 19642 328
0x00007d762f840200 0x0000000565e45200 0 0 1 0 0 0 3 19642 320
0x00007d762f840280 0x0000000565e45280 0 0 1 0 0 0 3 19642 328
0x00007d762f840300 0x0000000565e45300 0 1 1 0 0 0 3 19642 320
0x00007d762f840380 0x0000000565e45380 0 1 1 0 0 0 3 19642 328
0x00007d762f840400 0x0000000565e45400 0 0 0 0 0 0 3 19642 336
0x00007d762f840480 0x0000000565e45480 0 0 0 0 0 0 3 19642 344
0x00007d762f840500 0x0000000565e45500 0 1 0 0 0 0 3 19642 336
0x00007d762f840580 0x0000000565e45580 0 1 0 0 0 0 3 19642 344
0x00007d762f840600 0x0000000565e45600 0 0 1 0 0 0 3 19642 336
0x00007d762f840680 0x0000000565e45680 0 0 1 0 0 0 3 19642 344
0x00007d762f840700 0x0000000565e45700 0 1 1 0 0 0 3 19642 336
0x00007d762f840780 0x0000000565e45780 0 1 1 0 0 0 3 19642 344
0x00007d762f840800 0x0000000565e45800 0 0 0 0 0 0 3 19642 352
0x00007d762f840880 0x0000000565e45880 0 0 0 0 0 0 3 19642 360
0x00007d762f840900 0x0000000565e45900 0 1 0 0 0 0 3 19642 352
0x00007d762f840980 0x0000000565e45980 0 1 0 0 0 0 3 19642 360
0x00007d762f840a00 0x0000000565e45a00 0 0 1 0 0 0 3 19642 352
0x00007d762f840a80 0x0000000565e45a80 0 0 1 0 0 0 3 19642 360
0x00007d762f840b00 0x0000000565e45b00 0 1 1 0 0 0 3 19642 352
0x00007d762f840b80 0x0000000565e45b80 0 1 1 0 0 0 3 19642 360
0x00007d762f840c00 0x0000000565e45c00 0 0 0 0 0 0 3 19642 368
0x00007d762f840c80 0x0000000565e45c80 0 0 0 0 0 0 3 19642 376
0x00007d762f840d00 0x0000000565e45d00 0 1 0 0 0 0 3 19642 368
0x00007d762f840d80 0x0000000565e45d80 0 1 0 0 0 0 3 19642 376
0x00007d762f840e00 0x0000000565e45e00 0 0 1 0 0 0 3 19642 368
0x00007d762f840e80 0x0000000565e45e80 0 0 1 0 0 0 3 19642 376
0x00007d762f840f00 0x0000000565e45f00 0 1 1 0 0 0 3 19642 368
0x00007d762f840f80 0x0000000565e45f80 0 1 1 0 0 0 3 19642 376
0x00007d762f843000 0x00000007fb6e6000 0 0 0 0 0 0 3 32615 384
0x00007d762f843080 0x00000007fb6e6080 0 0 0 0 0 0 3 32615 392
0x00007d762f843100 0x00000007fb6e6100 0 1 0 0 0 0 3 32615 384
0x00007d762f843180 0x00000007fb6e6180 0 1 0 0 0 0 3 32615 392
0x00007d762f843200 0x00000007fb6e6200 0 0 1 0 0 0 3 32615 384
0x00007d762f843280 0x00000007fb6e6280 0 0 1 0 0 0 3 32615 392
0x00007d762f843300 0x00000007fb6e6300 0 1 1 0 0 0 3 32615 384
0x00007d762f843380 0x00000007fb6e6380 0 1 1 0 0 0 3 32615 392
0x00007d762f843400 0x00000007fb6e6400 0 0 0 0 0 0 3 32615 400
0x00007d762f843480 0x00000007fb6e6480 0 0 0 0 0 0 3 32615 408
0x00007d762f843500 0x00000007fb6e6500 0 1 0 0 0 0 3 32615 400
0x00007d762f843580 0x00000007fb6e6580 0 1 0 0 0 0 3 32615 408
0x00007d762f843600 0x00000007fb6e6600 0 0 1 0 0 0 3 32615 400
0x00007d762f843680 0x00000007fb6e6680 0 0 1 0 0 0 3 32615 408
0x00007d762f843700 0x00000007fb6e6700 0 1 1 0 0 0 3 32615 400
0x00007d762f843780 0x00000007fb6e6780 0 1 1 0 0 0 3 32615 408
0x00007d762f843800 0x00000007fb6e6800 0 0 0 0 0 0 3 32615 416
0x00007d762f843880 0x00000007fb6e6880 0 0 0 0 0 0 3 32615 424
0x00007d762f843900 0x00000007fb6e6900 0 1 0 0 0 0 3 32615 416
0x00007d762f843980 0x00000007fb6e6980 0 1 0 0 0 0 3 32615 424
0x00007d762f843a00 0x00000007fb6e6a00 0 0 1 0 0 0 3 32615 416
0x00007d762f843a80 0x00000007fb6e6a80 0 0 1 0 0 0 3 32615 424
0x00007d762f843b00 0x00000007fb6e6b00 0 1 1 0 0 0 3 32615 416
0x00007d762f843b80 0x00000007fb6e6b80 0 1 1 0 0 0 3 32615 424
0x00007d762f843c00 0x00000007fb6e6c00 0 0 0 0 0 0 3 32615 432
0x00007d762f843c80 0x00000007fb6e6c80 0 0 0 0 0 0 3 32615 440
0x00007d762f843d00 0x00000007fb6e6d00 0 1 0 0 0 0 3 32615 432
0x00007d762f843d80 0x00000007fb6e6d80 0 1 0 0 0 0 3 32615 440
0x00007d762f843e00 0x00000007fb6e6e00 0 0 1 0 0 0 3 32615 432
0x00007d762f843e80 0x00000007fb6e6e80 0 0 1 0 0 0 3 32615 440
0x00007d762f843f00 0x00000007fb6e6f00 0 1 1 0 0 0 3 32615 432
0x00007d762f843f80 0x00000007fb6e6f80 0 1 1 0 0 0 3 32615 440
0x00007d762f84a000 0x00000004466c8000 0 0 0 0 1 0 3 14550 0
0x00007d762f84a080 0x00000004466c8080 0 0 0 0 1 0 3 14550 8
0x00007d762f84a100 0x00000004466c8100 0 1 0 0 1 0 3 14550 0
0x00007d762f84a180 0x00000004466c8180 0 1 0 0 1 0 3 14550 8
0x00007d762f84a200 0x00000004466c8200 0 0 1 0 1 0 3 14550 0
0x00007d762f84a280 0x00000004466c8280 0 0 1 0 1 0 3 14550 8
0x00007d762f84a300 0x00000004466c8300 0 1 1 0 1 0 3 14550 0
0x00007d762f84a380 0x00000004466c8380 0 1 1 0 1 0 3 14550 8
0x00007d762f84a400 0x00000004466c8400 0 0 0 0 1 0 3 14550 16
0x00007d762f84a480 0x00000004466c8480 0 0 0 0 1 0 3 14550 24
0x00007d762f84a500 0x00000004466c8500 0 1 0 0 1 0 3 14550 16
0x00007d762f84a580 0x00000004466c8580 0 1 0 0 1 0 3 14550 24
0x00007d762f84a600 0x00000004466c8600 0 0 1 0 1 0 3 14550 16
0x00007d762f84a680 0x00000004466c8680 0 0 1 0 1 0 3 14550 24
0x00007d762f84a700 0x00000004466c8700 0 1 1 0 1 0 3 14550 16
0x00007d762f84a780 0x00000004466c8780 0 1 1 0 1 0 3 14550 24
0x00007d762f84a800 0x00000004466c8800 0 0 0 0 1 0 3 14550 32
0x00007d762f84a880 0x00000004466c8880 0 0 0 0 1 0 3 14550 40
0x00007d762f84a900 0x00000004466c8900 0 1 0 0 1 0 3 14550 32
0x00007d762f84a980 0x00000004466c8980 0 1 0 0 1 0 3 14550 40
0x00007d762f84aa00 0x00000004466c8a00 0 0 1 0 1 0 3 14550 32
0x00007d762f84aa80 0x00000004466c8a80 0 0 1 0 1 0 3 14550 40
0x00007d762f84ab00 0x00000004466c8b00 0 1 1 0 1 0 3 14550 32
0x00007d762f84ab80 0x00000004466c8b80 0 1 1 0 1 0 3 14550 40
0x00007d762f84ac00 0x00000004466c8c00 0 0 0 0 1 0 3 14550 48
0x00007d762f84ac80 0x00000004466c8c80 0 0 0 0 1 0 3 14550 56
0x00007d762f84ad00 0x00000004466c8d00 0 1 0 0 1 0 3 14550 48
0x00007d762f84ad80 0x00000004466c8d80 0 1 0 0 1 0 3 14550 56
0x00007d762f84ae00 0x00000004466c8e00 0 0 1 0 1 0 3 14550 48
0x00007d762f84ae80 0x00000004466c8e80 0 0 1 0 1 0 3 14550 56
0x00007d762f84af00 0x00000004466c8f00 0 1 1 0 1 0 3 14550 48
0x00007d762f84af80 0x00000004466c8f80 0 1 1 0 1 0 3 14550 56
0x00007d762f858000 0x0000000915626000 0 0 0 0 0 0 3 33457 384
0x00007d762f858080 0x0000000915626080 0 0 0 0 0 0 3 33457 392
0x00007d762f858100 0x0000000915626100 0 1 0 0 0 0 3 33457 384
0x00007d762f858180 0x0000000915626180 0 1 0 0 0 0 3 33457 392
0x00007d762f858200 0x0000000915626200 0 0 1 0 0 0 3 33457 384
0x00007d762f858280 0x0000000915626280 0 0 1 0 0 0 3 33457 392
0x00007d762f858300 0x0000000915626300 0 1 1 0 0 0 3 33457 384
0x00007d762f858380 0x0000000915626380 0 1 1 0 0 0 3 33457 392
0x00007d762f858400 0x0000000915626400 0 0 0 0 0 0 3 33457 400
0x00007d762f858480 0x0000000915626480 0 0 0 0 0 0 3 33457 408
0x00007d762f858500 0x0000000915626500 0 1 0 0 0 0 3 33457 400
0x00007d762f858580 0x0000000915626580 0 1 0 0 0 0 3 33457 408
0x00007d762f858600 0x0000000915626600 0 0 1 0 0 0 3 33457 400
0x00007d762f858680 0x0000000915626680 0 0 1 0 0 0 3 33457 408
0x00007d762f858700 0x0000000915626700 0 1 1 0 0 0 3 33457 400
0x00007d762f858780 0x0000000915626780 0 1 1 0 0 0 3 33457 408
0x00007d762f858800 0x0000000915626800 0 0 0 0 0 0 3 33457 416
0x00007d762f858880 0x0000000915626880 0 0 0 0 0 0 3 33457 424
0x00007d762f858900 0x0000000915626900 0 1 0 0 0 0 3 33457 416
0x00007d762f858980 0x0000000915626980 0 1 0 0 0 0 3 33457 424
0x00007d762f858a00 0x0000000915626a00 0 0 1 0 0 0 3 33457 416
0x00007d762f858a80 0x0000000915626a80 0 0 1 0 0 0 3 33457 424
0x00007d762f858b00 0x0000000915626b00 0 1 1 0 0 0 3 33457 416
0x00007d762f858b80 0x0000000915626b80 0 1 1 0 0 0 3 33457 424
0x00007d762f858c00 0x0000000915626c00 0 0 0 0 0 0 3 33457 432
0x00007d762f858c80 0x0000000915626c80 0 0 0 0 0 0 3 33457 440
0x00007d762f858d00 0x0000000915626d00 0 1 0 0 0 0 3 33457 432
0x00007d762f858d80 0x0000000915626d80 0 1 0 0 0 0 3 33457 440
0x00007d762f858e00 0x0000000915626e00 0 0 1 0 0 0 3 33457 432
0x00007d762f858e80 0x0000000915626e80 0 0 1 0 0 0 3 33457 440
0x00007d762f858f00 0x0000000915626f00 0 1 1 0 0 0 3 33457 432
0x00007d762f858f80 0x0000000915626f80 0 1 1 0 0 0 3 33457 440
0x00007d762f85b000 0x000000029b653000 0 0 0 0 0 0 3 9058 704
0x00007d762f85b080 0x000000029b653080 0 0 0 0 0 0 3 9058 712
0x00007d762f85b100 0x000000029b653100 0 1 0 0 0 0 3 9058 704
0x00007d762f85b180 0x000000029b653180 0 1 0 0 0 0 3 9058 712
0x00007d762f85b200 0x000000029b653200 0 0 1 0 0 0 3 9058 704
0x00007d762f85b280 0x000000029b653280 0 0 1 0 0 0 3 9058 712
0x00007d762f85b300 0x000000029b653300 0 1 1 0 0 0 3 9058 704
0x00007d762f85b380 0x000000029b653380 0 1 1 0 0 0 3 9058 712
0x00007d762f85b400 0x000000029b653400 0 0 0 0 0 0 3 9058 720
0x00007d762f85b480 0x000000029b653480 0 0 0 0 0 0 3 9058 728
0x00007d762f85b500 0x000000029b653500 0 1 0 0 0 0 3 9058 720
0x00007d762f85b580 0x000000029b653580 0 1 0 0 0 0 3 9058 728
0x00007d762f85b600 0x000000029b653600 0 0 1 0 0 0 3 9058 720
0x00007d762f85b680 0x000000029b653680 0 0 1 0 0 0 3 9058 728
0x00007d762f85b700 0x000000029b653700 0 1 1 0 0 0 3 9058 720
0x00007d762f85b780 0x000000029b653780 0 1 1 0 0 0 3 9058 728
0x00007d762f85b800 0x000000029b653800 0 0 0 0 0 0 3 9058 736
0x00007d762f85b880 0x000000029b653880 0 0 0 0 0 0 3 9058 744
0x00007d762f85b900 0x000000029b653900 0 1 0 0 0 0 3 9058 736
0x00007d762f85b980 0x000000029b653980 0 1 0 0 0 0 3 9058 744
0x00007d762f85ba00 0x000000029b653a00 0 0 1 0 0 0 3 9058 736
0x00007d762f85ba80 0x000000029b653a80 0 0 1 0 0 0 3 9058 744
0x00007d762f85bb00 0x000000029b653b00 0 1 1 0 0 0 3 9058 736
0x00007d762f85bb80 0x000000029b653b80 0 1 1 0 0 0 3 9058 744
0x00007d762f85bc00 0x000000029b653c00 0 0 0 0 0 0 3 9058 752
0x00007d762f85bc80 0x000000029b653c80 0 0 0 0 0 0 3 9058 760
0x00007d762f85bd00 0x000000029b653d00 0 1 0 0 0 0 3 9058 752
0x00007d762f85bd80 0x000000029b653d80 0 1 0 0 0 0 3 9058 760
0x00007d762f85be00 0x000000029b653e00 0 0 1 0 0 0 3 9058 752
0x00007d762f85be80 0x000000029b653e80 0 0 1 0 0 0 3 9058 760
0x00007d762f85bf00 0x000000029b653f00 0 1 1 0 0 0 3 9058 752
0x00007d762f85bf80 0x000000029b653f80 0 1 1 0 0 0 3 9058 760
0x00007d762f864000 0x0000000222eaa000 0 0 0 0 1 0 3 5213 128
0x00007d762f864080 0x0000000222eaa080 0 0 0 0 1 0 3 5213 136
0x00007d762f864100 0x0000000222eaa100 0 1 0 0 1 0 3 5213 128
0x00007d762f864180 0x0000000222eaa180 0 1 0 0 1 0 3 5213 136
0x00007d762f864200 0x0000000222eaa200 0 0 1 0 1 0 3 5213 128
0x00007d762f864280 0x0000000222eaa280 0 0 1 0 1 0 3 5213 136
0x00007d762f864300 0x0000000222eaa300 0 1 1 0 1 0 3 5213 128
0x00007d762f864380 0x0000000222eaa380 0 1 1 0 1 0 3 5213 136
0x00007d762f864400 0x0000000222eaa400 0 0 0 0 1 0 3 5213 144
0x00007d762f864480 0x0000000222eaa480 0 0 0 0 1 0 3 5213 152
0x00007d762f864500 0x0000000222eaa500 0 1 0 0 1 0 3 5213 144
0x00007d762f864580 0x0000000222eaa580 0 1 0 0 1 0 3 5213 152
0x00007d762f864600 0x0000000222eaa600 0 0 1 0 1 0 3 5213 144
0x00007d762f864680 0x0000000222eaa680 0 0 1 0 1 0 3 5213 152
0x00007d762f864700 0x0000000222eaa700 0 1 1 0 1 0 3 5213 144
0x00007d762f864780 0x0000000222eaa780 0 1 1 0 1 0 3 5213 152
0x00007d762f864800 0x0000000222eaa800 0 0 0 0 1 0 3 5213 160
0x00007d762f864880 0x0000000222eaa880 0 0 0 0 1 0 3 5213 168
0x00007d762f864900 0x0000000222eaa900 0 1 0 0 1 0 3 5213 160
0x00007d762f864980 0x0000000222eaa980 0 1 0 0 1 0 3 5213 168
0x00007d762f864a00 0x0000000222eaaa00 0 0 1 0 1 0 3 5213 160
0x00007d762f864a80 0x0000000222eaaa80 0 0 1 0 1 0 3 5213 168
0x00007d762f864b00 0x0000000222eaab00 0 1 1 0 1 0 3 5213 160
0x00007d762f864b80 0x0000000222eaab80 0 1 1 0 1 0 3 5213 168
0x00007d762f864c00 0x0000000222eaac00 0 0 0 0 1 0 3 5213 176
0x00007d762f864c80 0x0000000222eaac80 0 0 0 0 1 0 3 5213 184
0x00007d762f864d00 0x0000000222eaad00 0 1 0 0 1 0 3 5213 176
0x00007d762f864d80 0x0000000222eaad80 0 1 0 0 1 0 3 5213 184
0x00007d762f864e00 0x0000000222eaae00 0 0 1 0 1 0 3 5213 176
0x00007d762f864e80 0x0000000222eaae80 0 0 1 0 1 0 3 5213 184
0x00007d762f864f00 0x0000000222eaaf00 0 1 1 0 1 0 3 5213 176
0x00007d762f864f80 0x0000000222eaaf80 0 1 1 0 1 0 3 5213 184
0x00007d762f86f000 0x0000000bceeeb000 0 0 0 0 1 0 3 47567 192
0x00007d762f86f080 0x0000000bceeeb080 0 0 0 0 1 0 3 47567 200
0x00007d762f86f100 0x0000000bceeeb100 0 1 0 0 1 0 3 47567 192
0x00007d762f86f180 0x0000000bceeeb180 0 1 0 0 1 0 3 47567 200
0x00007d762f86f200 0x0000000bceeeb200 0 0 1 0 1 0 3 47567 192
0x00007d762f86f280 0x0000000bceeeb280 0 0 1 0 1 0 3 47567 200
0x00007d762f86f300 0x0000000bceeeb300 0 1 1 0 1 0 3 47567 192
0x00007d762f86f380 0x0000000bceeeb380 0 1 1 0 1 0 3 47567 200
0x00007d762f86f400 0x0000000bceeeb400 0 0 0 0 1 0 3 47567 208
0x00007d762f86f480 0x0000000bceeeb480 0 0 0 0 1 0 3 47567 216
0x00007d762f86f500 0x0000000bceeeb500 0 1 0 0 1 0 3 47567 208
0x00007d762f86f580 0x0000000bceeeb580 0 1 0 0 1 0 3 47567 216
0x00007d762f86f600 0x0000000bceeeb600 0 0 1 0 1 0 3 47567 208
0x00007d762f86f680 0x0000000bceeeb680 0 0 1 0 1 0 3 47567 216
0x00007d762f86f700 0x0000000bceeeb700 0 1 1 0 1 0 3 47567 208
0x00007d762f86f780 0x0000000bceeeb780 0 1 1 0 1 0 3 47567 216
0x00007d762f86f800 0x0000000bceeeb800 0 0 0 0 1 0 3 47567 224
0x00007d762f86f880 0x0000000bceeeb880 0 0 0 0 1 0 3 47567 232
0x00007d762f86f900 0x0000000bceeeb900 0 1 0 0 1 0 3 47567 224
0x00007d762f86f980 0x0000000bceeeb980 0 1 0 0 1 0 3 47567 232
0x00007d762f86fa00 0x0000000bceeeba00 0 0 1 0 1 0 3 47567 224
0x00007d762f86fa80 0x0000000bceeeba80 0 0 1 0 1 0 3 47567 232
0x00007d762f86fb00 0x0000000bceeebb00 0 1 1 0 1 0 3 47567 224
0x00007d762f86fb80 0x0000000bceeebb80 0 1 1 0 1 0 3 47567 232
0x00007d762f86fc00 0x0000000bceeebc00 0 0 0 0 1 0 3 47567 240
0x00007d762f86fc80 0x0000000bceeebc80 0 0 0 0 1 0 3 47567 248
0x00007d762f86fd00 0x0000000bceeebd00 0 1 0 0 1 0 3 47567 240
0x00007d762f86fd80 0x0000000bceeebd80 0 1 0 0 1 0 3 47567 248
0x00007d762f86fe00 0x0000000bceeebe00 0 0 1 0 1 0 3 47567 240
0x00007d762f86fe80 0x0000000bceeebe80 0 0 1 0 1 0 3 47567 248
0x00007d762f86ff00 0x0000000bceeebf00 0 1 1 0 1 0 3 47567 240
0x00007d762f86ff80 0x0000000bceeebf80 0 1 1 0 1 0 3 47567 248
0x00007d762f87d000 0x00000009bf685000 0 0 0 0 0 0 3 38884 320
0x00007d762f87d080 0x00000009bf685080 0 0 0 0 0 0 3 38884 328
0x00007d762f87d100 0x00000009bf685100 0 1 0 0 0 0 3 38884 320
0x00007d762f87d180 0x00000009bf685180 0 1 0 0 0 0 3 38884 328
0x00007d762f87d200 0x00000009bf685200 0 0 1 0 0 0 3 38884 320
0x00007d762f87d280 0x00000009bf685280 0 0 1 0 0 0 3 38884 328
0x00007d762f87d300 0x00000009bf685300 0 1 1 0 0 0 3 38884 320
0x00007d762f87d380 0x00000009bf685380 0 1 1 0 0 0 3 38884 328
0x00007d762f87d400 0x00000009bf685400 0 0 0 0 0 0 3 38884 336
0x00007d762f87d480 0x00000009bf685480 0 0 0 0 0 0 3 38884 344
0x00007d762f87d500 0x00000009bf685500 0 1 0 0 0 0 3 38884 336
0x00007d762f87d580 0x00000009bf685580 0 1 0 0 0 0 3 38884 344
0x00007d762f87d600 0x00000009bf685600 0 0 1 0 0 0 3 38884 336
0x00007d762f87d680 0x00000009bf685680 0 0 1 0 0 0 3 38884 344
0x00007d762f87d700 0x00000009bf685700 0 1 1 0 0 0 3 38884 336
0x00007d762f87d780 0x00000009bf685780 0 1 1 0 0 0 3 38884 344
0x00007d762f87d800 0x00000009bf685800 0 0 0 0 0 0 3 38884 352
0x00007d762f87d880 0x00000009bf685880 0 0 0 0 0 0 3 38884 360
0x00007d762f87d900 0x00000009bf685900 0 1 0 0 0 0 3 38884 352
0x00007d762f87d980 0x00000009bf685980 0 1 0 0 0 0 3 38884 360
0x00007d762f87da00 0x00000009bf685a00 0 0 1 0 0 0 3 38884 352
0x00007d762f87da80 0x00000009bf685a80 0 0 1 0 0 0 3 38884 360
0x00007d762f87db00 0x00000009bf685b00 0 1 1 0 0 0 3 38884 352
0x00007d762f87db80 0x00000009bf685b80 0 1 1 0 0 0 3 38884 360
0x00007d762f87dc00 0x00000009bf685c00 0 0 0 0 0 0 3 38884 368
0x00007d762f87dc80 0x00000009bf685c80 0 0 0 0 0 0 3 38884 376
0x00007d762f87dd00 0x00000009bf685d00 0 1 0 0 0 0 3 38884 368
0x00007d762f87dd80 0x00000009bf685d80 0 1 0 0 0 0 3 38884 376
0x00007d762f87de00 0x00000009bf685e00 0 0 1 0 0 0 3 38884 368
0x00007d762f87de80 0x00000009bf685e80 0 0 1 0 0 0 3 38884 376
0x00007d762f87df00 0x00000009bf685f00 0 1 1 0 0 0 3 38884 368
0x00007d762f87df80 0x00000009bf685f80 0 1 1 0 0 0 3 38884 376
0x00007d762f888000 0x0000000c6462b000 0 0 0 0 1 0 3 48273 192
0x00007d762f888080 0x0000000c6462b080 0 0 0 0 1 0 3 48273 200
0x00007d762f888100 0x0000000c6462b100 0 1 0 0 1 0 3 48273 192
0x00007d762f888180 0x0000000c6462b180 0 1 0 0 1 0 3 48273 200
0x00007d762f888200 0x0000000c6462b200 0 0 1 0 1 0 3 48273 192
0x00007d762f888280 0x0000000c6462b280 0 0 1 0 1 0 3 48273 200
0x00007d762f888300 0x0000000c6462b300 0 1 1 0 1 0 3 48273 192
0x00007d762f888380 0x0000000c6462b380 0 1 1 0 1 0 3 48273 200
0x00007d762f888400 0x0000000c6462b400 0 0 0 0 1 0 3 48273 208
0x00007d762f888480 0x0000000c6462b480 0 0 0 0 1 0 3 48273 216
0x00007d762f888500 0x0000000c6462b500 0 1 0 0 1 0 3 48273 208
0x00007d762f888580 0x0000000c6462b580 0 1 0 0 1 0 3 48273 216
0x00007d762f888600 0x0000000c6462b600 0 0 1 0 1 0 3 48273 208
0x00007d762f888680 0x0000000c6462b680 0 0 1 0 1 0 3 48273 216
0x00007d762f888700 0x0000000c6462b700 0 1 1 0 1 0 3 48273 208
0x00007d762f888780 0x0000000c6462b780 0 1 1 0 1 0 3 48273 216
0x00007d762f888800 0x0000000c6462b800 0 0 0 0 1 0 3 48273 224
0x00007d762f888880 0x0000000c6462b880 0 0 0 0 1 0 3 48273 232
0x00007d762f888900 0x0000000c6462b900 0 1 0 0 1 0 3 48273 224
0x00007d762f888980 0x0000000c6462b980 0 1 0 0 1 0 3 48273 232
0x00007d762f888a00 0x0000000c6462ba00 0 0 1 0 1 0 3 48273 224
0x00007d762f888a80 0x0000000c6462ba80 0 0 1 0 1 0 3 48273 232
0x00007d762f888b00 0x0000000c6462bb00 0 1 1 0 1 0 3 48273 224
0x00007d762f888b80 0x0000000c6462bb80 0 1 1 0 1 0 3 48273 232
0x00007d762f888c00 0x0000000c6462bc00 0 0 0 0 1 0 3 48273 240
0x00007d762f888c80 0x0000000c6462bc80 0 0 0 0 1 0 3 48273 248
0x00007d762f888d00 0x0000000c6462bd00 0 1 0 0 1 0 3 48273 240
0x00007d762f888d80 0x0000000c6462bd80 0 1 0 0 1 0 3 48273 248
0x00007d762f888e00 0x0000000c6462be00 0 0 1 0 1 0 3 48273 240
0x00007d762f888e80 0x0000000c6462be80 0 0 1 0 1 0 3 48273 248
0x00007d762f888f00 0x0000000c6462bf00 0 1 1 0 1 0 3 48273 240
0x00007d762f888f80 0x0000000c6462bf80 0 1 1 0 1 0 3 48273 248
0x00007d762f88e000 0x0000000bceee1000 0 0 0 0 0 0 3 47567 64
0x00007d762f88e080 0x0000000bceee1080 0 0 0 0 0 0 3 47567 72
0x00007d762f88e100 0x0000000bceee1100 0 1 0 0 0 0 3 47567 64
0x00007d762f88e180 0x0000000bceee1180 0 1 0 0 0 0 3 47567 72
0x00007d762f88e200 0x0000000bceee1200 0 0 1 0 0 0 3 47567 64
0x00007d762f88e280 0x0000000bceee1280 0 0 1 0 0 0 3 47567 72
0x00007d762f88e300 0x0000000bceee1300 0 1 1 0 0 0 3 47567 64
0x00007d762f88e380 0x0000000bceee1380 0 1 1 0 0 0 3 47567 72
0x00007d762f88e400 0x0000000bceee1400 0 0 0 0 0 0 3 47567 80
0x00007d762f88e480 0x0000000bceee1480 0 0 0 0 0 0 3 47567 88
0x00007d762f88e500 0x0000000bceee1500 0 1 0 0 0 0 3 47567 80
0x00007d762f88e580 0x0000000bceee1580 0 1 0 0 0 0 3 47567 88
0x00007d762f88e600 0x0000000bceee1600 0 0 1 0 0 0 3 47567 80
0x00007d762f88e680 0x0000000bceee1680 0 0 1 0 0 0 3 47567 88
0x00007d762f88e700 0x0000000bceee1700 0 1 1 0 0 0 3 47567 80
0x00007d762f88e780 0x0000000bceee1780 0 1 1 0 0 0 3 47567 88
0x00007d762f88e800 0x0000000bceee1800 0 0 0 0 0 0 3 47567 96
0x00007d762f88e880 0x0000000bceee1880 0 0 0 0 0 0 3 47567 104
0x00007d762f88e900 0x0000000bceee1900 0 1 0 0 0 0 3 47567 96
0x00007d762f88e980 0x0000000bceee1980 0 1 0 0 0 0 3 47567 104
0x00007d762f88ea00 0x0000000bceee1a00 0 0 1 0 0 0 3 47567 96
0x00007d762f88ea80 0x0000000bceee1a80 0 0 1 0 0 0 3 47567 104
0x00007d762f88eb00 0x0000000bceee1b00 0 1 1 0 0 0 3 47567 96
0x00007d762f88eb80 0x0000000bceee1b80 0 1 1 0 0 0 3 47567 104
0x00007d762f88ec00 0x0000000bceee1c00 0 0 0 0 0 0 3 47567 112
0x00007d762f88ec80 0x0000000bceee1c80 0 0 0 0 0 0 3 47567 120
0x00007d762f88ed00 0x0000000bceee1d00 0 1 0 0 0 0 3 47567 112
0x00007d762f88ed80 0x0000000bceee1d80 0 1 0 0 0 0 3 47567 120
0x00007d762f88ee00 0x0000000bceee1e00 0 0 1 0 0 0 3 47567 112
0x00007d762f88ee80 0x0000000bceee1e80 0 0 1 0 0 0 3 47567 120
0x00007d762f88ef00 0x0000000bceee1f00 0 1 1 0 0 0 3 47567 112
0x00007d762f88ef80 0x0000000bceee1f80 0 1 1 0 0 0 3 47567 120
0x00007d762f898000 0x00000006a061c000 0 0 0 0 1 0 3 25600 768
0x00007d762f898080 0x00000006a061c080 0 0 0 0 1 0 3 25600 776
0x00007d762f898100 0x00000006a061c100 0 1 0 0 1 0 3 25600 768
0x00007d762f898180 0x00000006a061c180 0 1 0 0 1 0 3 25600 776
0x00007d762f898200 0x00000006a061c200 0 0 1 0 1 0 3 25600 768
0x00007d762f898280 0x00000006a061c280 0 0 1 0 1 0 3 25600 776
0x00007d762f898300 0x00000006a061c300 0 1 1 0 1 0 3 25600 768
0x00007d762f898380 0x00000006a061c380 0 1 1 0 1 0 3 25600 776
0x00007d762f898400 0x00000006a061c400 0 0 0 0 1 0 3 25600 784
0x00007d762f898480 0x00000006a061c480 0 0 0 0 1 0 3 25600 792
0x00007d762f898500 0x00000006a061c500 0 1 0 0 1 0 3 25600 784
0x00007d762f898580 0x00000006a061c580 0 1 0 0 1 0 3 25600 792
0x00007d762f898600 0x00000006a061c600 0 0 1 0 1 0 3 25600 784
0x00007d762f898680 0x00000006a061c680 0 0 1 0 1 0 3 25600 792
0x00007d762f898700 0x00000006a061c700 0 1 1 0 1 0 3 25600 784
0x00007d762f898780 0x00000006a061c780 0 1 1 0 1 0 3 25600 792
0x00007d762f898800 0x00000006a061c800 0 0 0 0 1 0 3 25600 800
0x00007d762f898880 0x00000006a061c880 0 0 0 0 1 0 3 25600 808
0x00007d762f898900 0x00000006a061c900 0 1 0 0 1 0 3 25600 800
0x00007d762f898980 0x00000006a061c980 0 1 0 0 1 0 3 25600 808
0x00007d762f898a00 0x00000006a061ca00 0 0 1 0 1 0 3 25600 800
0x00007d762f898a80 0x00000006a061ca80 0 0 1 0 1 0 3 25600 808
0x00007d762f898b00 0x00000006a061cb00 0 1 1 0 1 0 3 25600 800
0x00007d762f898b80 0x00000006a061cb80 0 1 1 0 1 0 3 25600 808
0x00007d762f898c00 0x00000006a061cc00 0 0 0 0 1 0 3 25600 816
0x00007d762f898c80 0x00000006a061cc80 0 0 0 0 1 0 3 25600 824
0x00007d762f898d00 0x00000006a061cd00 0 1 0 0 1 0 3 25600 816
0x00007d762f898d80 0x00000006a061cd80 0 1 0 0 1 0 3 25600 824
0x00007d762f898e00 0x00000006a061ce00 0 0 1 0 1 0 3 25600 816
0x00007d762f898e80 0x00000006a061ce80 0 0 1 0 1 0 3 25600 824
0x00007d762f898f00 0x00000006a061cf00 0 1 1 0 1 0 3 25600 816
0x00007d762f898f80 0x00000006a061cf80 0 1 1 0 1 0 3 25600 824
0x00007d762f89b000 0x0000000222ea9000 0 0 0 0 1 0 3 5213 64
0x00007d762f89b080 0x0000000222ea9080 0 0 0 0 1 0 3 5213 72
0x00007d762f89b100 0x0000000222ea9100 0 1 0 0 1 0 3 5213 64
0x00007d762f89b180 0x0000000222ea9180 0 1 0 0 1 0 3 5213 72
0x00007d762f89b200 0x0000000222ea9200 0 0 1 0 1 0 3 5213 64
0x00007d762f89b280 0x0000000222ea9280 0 0 1 0 1 0 3 5213 72
0x00007d762f89b300 0x0000000222ea9300 0 1 1 0 1 0 3 5213 64
0x00007d762f89b380 0x0000000222ea9380 0 1 1 0 1 0 3 5213 72
0x00007d762f89b400 0x0000000222ea9400 0 0 0 0 1 0 3 5213 80
0x00007d762f89b480 0x0000000222ea9480 0 0 0 0 1 0 3 5213 88
0x00007d762f89b500 0x0000000222ea9500 0 1 0 0 1 0 3 5213 80
0x00007d762f89b580 0x0000000222ea9580 0 1 0 0 1 0 3 5213 88
0x00007d762f89b600 0x0000000222ea9600 0 0 1 0 1 0 3 5213 80
0x00007d762f89b680 0x0000000222ea9680 0 0 1 0 1 0 3 5213 88
0x00007d762f89b700 0x0000000222ea9700 0 1 1 0 1 0 3 5213 80
0x00007d762f89b780 0x0000000222ea9780 0 1 1 0 1 0 3 5213 88
0x00007d762f89b800 0x0000000222ea9800 0 0 0 0 1 0 3 5213 96
0x00007d762f89b880 0x0000000222ea9880 0 0 0 0 1 0 3 5213 104
0x00007d762f89b900 0x0000000222ea9900 0 1 0 0 1 0 3 5213 96
0x00007d762f89b980 0x0000000222ea9980 0 1 0 0 1 0 3 5213 104
0x00007d762f89ba00 0x0000000222ea9a00 0 0 1 0 1 0 3 5213 96
0x00007d762f89ba80 0x0000000222ea9a80 0 0 1 0 1 0 3 5213 104
0x00007d762f89bb00 0x0000000222ea9b00 0 1 1 0 1 0 3 5213 96
0x00007d762f89bb80 0x0000000222ea9b80 0 1 1 0 1 0 3 5213 104
0x00007d762f89bc00 0x0000000222ea9c00 0 0 0 0 1 0 3 5213 112
0x00007d762f89bc80 0x0000000222ea9c80 0 0 0 0 1 0 3 5213 120
0x00007d762f89bd00 0x0000000222ea9d00 0 1 0 0 1 0 3 5213 112
0x00007d762f89bd80 0x0000000222ea9d80 0 1 0 0 1 0 3 5213 120
0x00007d762f89be00 0x0000000222ea9e00 0 0 1 0 1 0 3 5213 112
0x00007d762f89be80 0x0000000222ea9e80 0 0 1 0 1 0 3 5213 120
0x00007d762f89bf00 0x0000000222ea9f00 0 1 1 0 1 0 3 5213 112
0x00007d762f89bf80 0x0000000222ea9f80 0 1 1 0 1 0 3 5213 120
0x00007d762f8a9000 0x000000029b656000 0 0 0 0 0 0 3 9058 896
0x00007d762f8a9080 0x000000029b656080 0 0 0 0 0 0 3 9058 904
0x00007d762f8a9100 0x000000029b656100 0 1 0 0 0 0 3 9058 896
0x00007d762f8a9180 0x000000029b656180 0 1 0 0 0 0 3 9058 904
0x00007d762f8a9200 0x000000029b656200 0 0 1 0 0 0 3 9058 896
0x00007d762f8a9280 0x000000029b656280 0 0 1 0 0 0 3 9058 904
0x00007d762f8a9300 0x000000029b656300 0 1 1 0 0 0 3 9058 896
0x00007d762f8a9380 0x000000029b656380 0 1 1 0 0 0 3 9058 904
0x00007d762f8a9400 0x000000029b656400 0 0 0 0 0 0 3 9058 912
0x00007d762f8a9480 0x000000029b656480 0 0 0 0 0 0 3 9058 920
0x00007d762f8a9500 0x000000029b656500 0 1 0 0 0 0 3 9058 912
0x00007d762f8a9580 0x000000029b656580 0 1 0 0 0 0 3 9058 920
0x00007d762f8a9600 0x000000029b656600 0 0 1 0 0 0 3 9058 912
0x00007d762f8a9680 0x000000029b656680 0 0 1 0 0 0 3 9058 920
0x00007d762f8a9700 0x000000029b656700 0 1 1 0 0 0 3 9058 912
0x00007d762f8a9780 0x000000029b656780 0 1 1 0 0 0 3 9058 920
0x00007d762f8a9800 0x000000029b656800 0 0 0 0 0 0 3 9058 928
0x00007d762f8a9880 0x000000029b656880 0 0 0 0 0 0 3 9058 936
0x00007d762f8a9900 0x000000029b656900 0 1 0 0 0 0 3 9058 928
0x00007d762f8a9980 0x000000029b656980 0 1 0 0 0 0 3 9058 936
0x00007d762f8a9a00 0x000000029b656a00 0 0 1 0 0 0 3 9058 928
0x00007d762f8a9a80 0x000000029b656a80 0 0 1 0 0 0 3 9058 936
0x00007d762f8a9b00 0x000000029b656b00 0 1 1 0 0 0 3 9058 928
0x00007d762f8a9b80 0x000000029b656b80 0 1 1 0 0 0 3 9058 936
0x00007d762f8a9c00 0x000000029b656c00 0 0 0 0 0 0 3 9058 944
0x00007d762f8a9c80 0x000000029b656c80 0 0 0 0 0 0 3 9058 952
0x00007d762f8a9d00 0x000000029b656d00 0 1 0 0 0 0 3 9058 944
0x00007d762f8a9d80 0x000000029b656d80 0 1 0 0 0 0 3 9058 952
0x00007d762f8a9e00 0x000000029b656e00 0 0 1 0 0 0 3 9058 944
0x00007d762f8a9e80 0x000000029b656e80 0 0 1 0 0 0 3 9058 952
0x00007d762f8a9f00 0x000000029b656f00 0 1 1 0 0 0 3 9058 944
0x00007d762f8a9f80 0x000000029b656f80 0 1 1 0 0 0 3 9058 952
0x00007d762f8aa000 0x000000029b65d000 0 0 0 0 1 0 3 9058 832
0x00007d762f8aa080 0x000000029b65d080 0 0 0 0 1 0 3 9058 840
0x00007d762f8aa100 0x000000029b65d100 0 1 0 0 1 0 3 9058 832
0x00007d762f8aa180 0x000000029b65d180 0 1 0 0 1 0 3 9058 840
0x00007d762f8aa200 0x000000029b65d200 0 0 1 0 1 0 3 9058 832
0x00007d762f8aa280 0x000000029b65d280 0 0 1 0 1 0 3 9058 840
0x00007d762f8aa300 0x000000029b65d300 0 1 1 0 1 0 3 9058 832
0x00007d762f8aa380 0x000000029b65d380 0 1 1 0 1 0 3 9058 840
0x00007d762f8aa400 0x000000029b65d400 0 0 0 0 1 0 3 9058 848
0x00007d762f8aa480 0x000000029b65d480 0 0 0 0 1 0 3 9058 856
0x00007d762f8aa500 0x000000029b65d500 0 1 0 0 1 0 3 9058 848
0x00007d762f8aa580 0x000000029b65d580 0 1 0 0 1 0 3 9058 856
0x00007d762f8aa600 0x000000029b65d600 0 0 1 0 1 0 3 9058 848
0x00007d762f8aa680 0x000000029b65d680 0 0 1 0 1 0 3 9058 856
0x00007d762f8aa700 0x000000029b65d700 0 1 1 0 1 0 3 9058 848
0x00007d762f8aa780 0x000000029b65d780 0 1 1 0 1 0 3 9058 856
0x00007d762f8aa800 0x000000029b65d800 0 0 0 0 1 0 3 9058 864
0x00007d762f8aa880 0x000000029b65d880 0 0 0 0 1 0 3 9058 872
0x00007d762f8aa900 0x000000029b65d900 0 1 0 0 1 0 3 9058 864
0x00007d762f8aa980 0x000000029b65d980 0 1 0 0 1 0 3 9058 872
0x00007d762f8aaa00 0x000000029b65da00 0 0 1 0 1 0 3 9058 864
0x00007d762f8aaa80 0x000000029b65da80 0 0 1 0 1 0 3 9058 872
0x00007d762f8aab00 0x000000029b65db00 0 1 1 0 1 0 3 9058 864
0x00007d762f8aab80 0x000000029b65db80 0 1 1 0 1 0 3 9058 872
0x00007d762f8aac00 0x000000029b65dc00 0 0 0 0 1 0 3 9058 880
0x00007d762f8aac80 0x000000029b65dc80 0 0 0 0 1 0 3 9058 888
0x00007d762f8aad00 0x000000029b65dd00 0 1 0 0 1 0 3 9058 880
0x00007d762f8aad80 0x000000029b65dd80 0 1 0 0 1 0 3 9058 888
0x00007d762f8aae00 0x000000029b65de00 0 0 1 0 1 0 3 9058 880
0x00007d762f8aae80 0x000000029b65de80 0 0 1 0 1 0 3 9058 888
0x00007d762f8aaf00 0x000000029b65df00 0 1 1 0 1 0 3 9058 880
0x00007d762f8aaf80 0x000000029b65df80 0 1 1 0 1 0 3 9058 888
0x00007d762f8bf000 0x000000029b61d000 0 0 0 0 1 0 3 9056 832
0x00007d762f8bf080 0x000000029b61d080 0 0 0 0 1 0 3 9056 840
0x00007d762f8bf100 0x000000029b61d100 0 1 0 0 1 0 3 9056 832
0x00007d762f8bf180 0x000000029b61d180 0 1 0 0 1 0 3 9056 840
0x00007d762f8bf200 0x000000029b61d200 0 0 1 0 1 0 3 9056 832
0x00007d762f8bf280 0x000000029b61d280 0 0 1 0 1 0 3 9056 840
0x00007d762f8bf300 0x000000029b61d300 0 1 1 0 1 0 3 9056 832
0x00007d762f8bf380 0x000000029b61d380 0 1 1 0 1 0 3 9056 840
0x00007d762f8bf400 0x000000029b61d400 0 0 0 0 1 0 3 9056 848
0x00007d762f8bf480 0x000000029b61d480 0 0 0 0 1 0 3 9056 856
0x00007d762f8bf500 0x000000029b61d500 0 1 0 0 1 0 3 9056 848
0x00007d762f8bf580 0x000000029b61d580 0 1 0 0 1 0 3 9056 856
0x00007d762f8bf600 0x000000029b61d600 0 0 1 0 1 0 3 9056 848
0x00007d762f8bf680 0x000000029b61d680 0 0 1 0 1 0 3 9056 856
0x00007d762f8bf700 0x000000029b61d700 0 1 1 0 1 0 3 9056 848
0x00007d762f8bf780 0x000000029b61d780 0 1 1 0 1 0 3 9056 856
0x00007d762f8bf800 0x000000029b61d800 0 0 0 0 1 0 3 9056 864
0x00007d762f8bf880 0x000000029b61d880 0 0 0 0 1 0 3 9056 872
0x00007d762f8bf900 0x000000029b61d900 0 1 0 0 1 0 3 9056 864
0x00007d762f8bf980 0x000000029b61d980 0 1 0 0 1 0 3 9056 872
0x00007d762f8bfa00 0x000000029b61da00 0 0 1 0 1 0 3 9056 864
0x00007d762f8bfa80 0x000000029b61da80 0 0 1 0 1 0 3 9056 872
0x00007d762f8bfb00 0x000000029b61db00 0 1 1 0 1 0 3 9056 864
0x00007d762f8bfb80 0x000000029b61db80 0 1 1 0 1 0 3 9056 872
0x00007d762f8bfc00 0x000000029b61dc00 0 0 0 0 1 0 3 9056 880
0x00007d762f8bfc80 0x000000029b61dc80 0 0 0 0 1 0 3 9056 888
0x00007d762f8bfd00 0x000000029b61dd00 0 1 0 0 1 0 3 9056 880
0x00007d762f8bfd80 0x000000029b61dd80 0 1 0 0 1 0 3 9056 888
0x00007d762f8bfe00 0x000000029b61de00 0 0 1 0 1 0 3 9056 880
0x00007d762f8bfe80 0x000000029b61de80 0 0 1 0 1 0 3 9056 888
0x00007d762f8bff00 0x000000029b61df00 0 1 1 0 1 0 3 9056 880
0x00007d762f8bff80 0x000000029b61df80 0 1 1 0 1 0 3 9056 888
0x00007d762f8c6000 0x0000000bceee0000 0 0 0 0 0 0 3 47567 0
0x00007d762f8c6080 0x0000000bceee0080 0 0 0 0 0 0 3 47567 8
0x00007d762f8c6100 0x0000000bceee0100 0 1 0 0 0 0 3 47567 0
0x00007d762f8c6180 0x0000000bceee0180 0 1 0 0 0 0 3 47567 8
0x00007d762f8c6200 0x0000000bceee0200 0 0 1 0 0 0 3 47567 0
0x00007d762f8c6280 0x0000000bceee0280 0 0 1 0 0 0 3 47567 8
0x00007d762f8c6300 0x0000000bceee0300 0 1 1 0 0 0 3 47567 0
0x00007d762f8c6380 0x0000000bceee0380 0 1 1 0 0 0 3 47567 8
0x00007d762f8c6400 0x0000000bceee0400 0 0 0 0 0 0 3 47567 16
0x00007d762f8c6480 0x0000000bceee0480 0 0 0 0 0 0 3 47567 24
0x00007d762f8c6500 0x0000000bceee0500 0 1 0 0 0 0 3 47567 16
0x00007d762f8c6580 0x0000000bceee0580 0 1 0 0 0 0 3 47567 24
0x00007d762f8c6600 0x0000000bceee0600 0 0 1 0 0 0 3 47567 16
0x00007d762f8c6680 0x0000000bceee0680 0 0 1 0 0 0 3 47567 24
0x00007d762f8c6700 0x0000000bceee0700 0 1 1 0 0 0 3 47567 16
0x00007d762f8c6780 0x0000000bceee0780 0 1 1 0 0 0 3 47567 24
0x00007d762f8c6800 0x0000000bceee0800 0 0 0 0 0 0 3 47567 32
0x00007d762f8c6880 0x0000000bceee0880 0 0 0 0 0 0 3 47567 40
0x00007d762f8c6900 0x0000000bceee0900 0 1 0 0 0 0 3 47567 32
0x00007d762f8c6980 0x0000000bceee0980 0 1 0 0 0 0 3 47567 40
0x00007d762f8c6a00 0x0000000bceee0a00 0 0 1 0 0 0 3 47567 32
0x00007d762f8c6a80 0x0000000bceee0a80 0 0 1 0 0 0 3 47567 40
0x00007d762f8c6b00 0x0000000bceee0b00 0 1 1 0 0 0 3 47567 32
0x00007d762f8c6b80 0x0000000bceee0b80 0 1 1 0 0 0 3 47567 40
0x00007d762f8c6c00 0x0000000bceee0c00 0 0 0 0 0 0 3 47567 48
0x00007d762f8c6c80 0x0000000bceee0c80 0 0 0 0 0 0 3 47567 56
0x00007d762f8c6d00 0x0000000bceee0d00 0 1 0 0 0 0 3 47567 48
0x00007d762f8c6d80 0x0000000bceee0d80 0 1 0 0 0 0 3 47567 56
0x00007d762f8c6e00 0x0000000bceee0e00 0 0 1 0 0 0 3 47567 48
0x00007d762f8c6e80 0x0000000bceee0e80 0 0 1 0 0 0 3 47567 56
0x00007d762f8c6f00 0x0000000bceee0f00 0 1 1 0 0 0 3 47567 48
0x00007d762f8c6f80 0x0000000bceee0f80 0 1 1 0 0 0 3 47567 56
0x00007d762f8d6000 0x000000029b655000 0 0 0 0 0 0 3 9058 832
0x00007d762f8d6080 0x000000029b655080 0 0 0 0 0 0 3 9058 840
0x00007d762f8d6100 0x000000029b655100 0 1 0 0 0 0 3 9058 832
0x00007d762f8d6180 0x000000029b655180 0 1 0 0 0 0 3 9058 840
0x00007d762f8d6200 0x000000029b655200 0 0 1 0 0 0 3 9058 832
0x00007d762f8d6280 0x000000029b655280 0 0 1 0 0 0 3 9058 840
0x00007d762f8d6300 0x000000029b655300 0 1 1 0 0 0 3 9058 832
0x00007d762f8d6380 0x000000029b655380 0 1 1 0 0 0 3 9058 840
0x00007d762f8d6400 0x000000029b655400 0 0 0 0 0 0 3 9058 848
0x00007d762f8d6480 0x000000029b655480 0 0 0 0 0 0 3 9058 856
0x00007d762f8d6500 0x000000029b655500 0 1 0 0 0 0 3 9058 848
0x00007d762f8d6580 0x000000029b655580 0 1 0 0 0 0 3 9058 856
0x00007d762f8d6600 0x000000029b655600 0 0 1 0 0 0 3 9058 848
0x00007d762f8d6680 0x000000029b655680 0 0 1 0 0 0 3 9058 856
0x00007d762f8d6700 0x000000029b655700 0 1 1 0 0 0 3 9058 848
0x00007d762f8d6780 0x000000029b655780 0 1 1 0 0 0 3 9058 856
0x00007d762f8d6800 0x000000029b655800 0 0 0 0 0 0 3 9058 864
0x00007d762f8d6880 0x000000029b655880 0 0 0 0 0 0 3 9058 872
0x00007d762f8d6900 0x000000029b655900 0 1 0 0 0 0 3 9058 864
0x00007d762f8d6980 0x000000029b655980 0 1 0 0 0 0 3 9058 872
0x00007d762f8d6a00 0x000000029b655a00 0 0 1 0 0 0 3 9058 864
0x00007d762f8d6a80 0x000000029b655a80 0 0 1 0 0 0 3 9058 872
0x00007d762f8d6b00 0x000000029b655b00 0 1 1 0 0 0 3 9058 864
0x00007d762f8d6b80 0x000000029b655b80 0 1 1 0 0 0 3 9058 872
0x00007d762f8d6c00 0x000000029b655c00 0 0 0 0 0 0 3 9058 880
0x00007d762f8d6c80 0x000000029b655c80 0 0 0 0 0 0 3 9058 888
0x00007d762f8d6d00 0x000000029b655d00 0 1 0 0 0 0 3 9058 880
0x00007d762f8d6d80 0x000000029b655d80 0 1 0 0 0 0 3 9058 888
0x00007d762f8d6e00 0x000000029b655e00 0 0 1 0 0 0 3 9058 880
0x00007d762f8d6e80 0x000000029b655e80 0 0 1 0 0 0 3 9058 888
0x00007d762f8d6f00 0x000000029b655f00 0 1 1 0 0 0 3 9058 880
0x00007d762f8d6f80 0x000000029b655f80 0 1 1 0 0 0 3 9058 888
0x00007d762f8d7000 0x0000000bceeea000 0 0 0 0 1 0 3 47567 128
0x00007d762f8d7080 0x0000000bceeea080 0 0 0 0 1 0 3 47567 136
0x00007d762f8d7100 0x0000000bceeea100 0 1 0 0 1 0 3 47567 128
0x00007d762f8d7180 0x0000000bceeea180 0 1 0 0 1 0 3 47567 136
0x00007d762f8d7200 0x0000000bceeea200 0 0 1 0 1 0 3 47567 128
0x00007d762f8d7280 0x0000000bceeea280 0 0 1 0 1 0 3 47567 136
0x00007d762f8d7300 0x0000000bceeea300 0 1 1 0 1 0 3 47567 128
0x00007d762f8d7380 0x0000000bceeea380 0 1 1 0 1 0 3 47567 136
0x00007d762f8d7400 0x0000000bceeea400 0 0 0 0 1 0 3 47567 144
0x00007d762f8d7480 0x0000000bceeea480 0 0 0 0 1 0 3 47567 152
0x00007d762f8d7500 0x0000000bceeea500 0 1 0 0 1 0 3 47567 144
0x00007d762f8d7580 0x0000000bceeea580 0 1 0 0 1 0 3 47567 152
0x00007d762f8d7600 0x0000000bceeea600 0 0 1 0 1 0 3 47567 144
0x00007d762f8d7680 0x0000000bceeea680 0 0 1 0 1 0 3 47567 152
0x00007d762f8d7700 0x0000000bceeea700 0 1 1 0 1 0 3 47567 144
0x00007d762f8d7780 0x0000000bceeea780 0 1 1 0 1 0 3 47567 152
0x00007d762f8d7800 0x0000000bceeea800 0 0 0 0 1 0 3 47567 160
0x00007d762f8d7880 0x0000000bceeea880 0 0 0 0 1 0 3 47567 168
0x00007d762f8d7900 0x0000000bceeea900 0 1 0 0 1 0 3 47567 160
0x00007d762f8d7980 0x0000000bceeea980 0 1 0 0 1 0 3 47567 168
0x00007d762f8d7a00 0x0000000bceeeaa00 0 0 1 0 1 0 3 47567 160
0x00007d762f8d7a80 0x0000000bceeeaa80 0 0 1 0 1 0 3 47567 168
0x00007d762f8d7b00 0x0000000bceeeab00 0 1 1 0 1 0 3 47567 160
0x00007d762f8d7b80 0x0000000bceeeab80 0 1 1 0 1 0 3 47567 168
0x00007d762f8d7c00 0x0000000bceeeac00 0 0 0 0 1 0 3 47567 176
0x00007d762f8d7c80 0x0000000bceeeac80 0 0 0 0 1 0 3 47567 184
0x00007d762f8d7d00 0x0000000bceeead00 0 1 0 0 1 0 3 47567 176
0x00007d762f8d7d80 0x0000000bceeead80 0 1 0 0 1 0 3 47567 184
0x00007d762f8d7e00 0x0000000bceeeae00 0 0 1 0 1 0 3 47567 176
0x00007d762f8d7e80 0x0000000bceeeae80 0 0 1 0 1 0 3 47567 184
0x00007d762f8d7f00 0x0000000bceeeaf00 0 1 1 0 1 0 3 47567 176
0x00007d762f8d7f80 0x0000000bceeeaf80 0 1 1 0 1 0 3 47567 184
0x00007d762f8de000 0x00000005c8608000 0 0 0 0 1 0 3 22784 0
0x00007d762f8de080 0x00000005c8608080 0 0 0 0 1 0 3 22784 8
0x00007d762f8de100 0x00000005c8608100 0 1 0 0 1 0 3 22784 0
0x00007d762f8de180 0x00000005c8608180 0 1 0 0 1 0 3 22784 8
0x00007d762f8de200 0x00000005c8608200 0 0 1 0 1 0 3 22784 0
0x00007d762f8de280 0x00000005c8608280 0 0 1 0 1 0 3 22784 8
0x00007d762f8de300 0x00000005c8608300 0 1 1 0 1 0 3 22784 0
0x00007d762f8de380 0x00000005c8608380 0 1 1 0 1 0 3 22784 8
0x00007d762f8de400 0x00000005c8608400 0 0 0 0 1 0 3 22784 16
0x00007d762f8de480 0x00000005c8608480 0 0 0 0 1 0 3 22784 24
0x00007d762f8de500 0x00000005c8608500 0 1 0 0 1 0 3 22784 16
0x00007d762f8de580 0x00000005c8608580 0 1 0 0 1 0 3 22784 24
0x00007d762f8de600 0x00000005c8608600 0 0 1 0 1 0 3 22784 16
0x00007d762f8de680 0x00000005c8608680 0 0 1 0 1 0 3 22784 24
0x00007d762f8de700 0x00000005c8608700 0 1 1 0 1 0 3 22784 16
0x00007d762f8de780 0x00000005c8608780 0 1 1 0 1 0 3 22784 24
0x00007d762f8de800 0x00000005c8608800 0 0 0 0 1 0 3 22784 32
0x00007d762f8de880 0x00000005c8608880 0 0 0 0 1 0 3 22784 40
0x00007d762f8de900 0x00000005c8608900 0 1 0 0 1 0 3 22784 32
0x00007d762f8de980 0x00000005c8608980 0 1 0 0 1 0 3 22784 40
0x00007d762f8dea00 0x00000005c8608a00 0 0 1 0 1 0 3 22784 32
0x00007d762f8dea80 0x00000005c8608a80 0 0 1 0 1 0 3 22784 40
0x00007d762f8deb00 0x00000005c8608b00 0 1 1 0 1 0 3 22784 32
0x00007d762f8deb80 0x00000005c8608b80 0 1 1 0 1 0 3 22784 40
0x00007d762f8dec00 0x00000005c8608c00 0 0 0 0 1 0 3 22784 48
0x00007d762f8dec80 0x00000005c8608c80 0 0 0 0 1 0 3 22784 56
0x00007d762f8ded00 0x00000005c8608d00 0 1 0 0 1 0 3 22784 48
0x00007d762f8ded80 0x00000005c8608d80 0 1 0 0 1 0 3 22784 56
0x00007d762f8dee00 0x00000005c8608e00 0 0 1 0 1 0 3 22784 48
0x00007d762f8dee80 0x00000005c8608e80 0 0 1 0 1 0 3 22784 56
0x00007d762f8def00 0x00000005c8608f00 0 1 1 0 1 0 3 22784 48
0x00007d762f8def80 0x00000005c8608f80 0 1 1 0 1 0 3 22784 56
0x00007d762f905000 0x0000000ef0ea2000 0 0 0 0 0 0 3 60941 128
0x00007d762f905080 0x0000000ef0ea2080 0 0 0 0 0 0 3 60941 136
0x00007d762f905100 0x0000000ef0ea2100 0 1 0 0 0 0 3 60941 128
0x00007d762f905180 0x0000000ef0ea2180 0 1 0 0 0 0 3 60941 136
0x00007d762f905200 0x0000000ef0ea2200 0 0 1 0 0 0 3 60941 128
0x00007d762f905280 0x0000000ef0ea2280 0 0 1 0 0 0 3 60941 136
0x00007d762f905300 0x0000000ef0ea2300 0 1 1 0 0 0 3 60941 128
0x00007d762f905380 0x0000000ef0ea2380 0 1 1 0 0 0 3 60941 136
0x00007d762f905400 0x0000000ef0ea2400 0 0 0 0 0 0 3 60941 144
0x00007d762f905480 0x0000000ef0ea2480 0 0 0 0 0 0 3 60941 152
0x00007d762f905500 0x0000000ef0ea2500 0 1 0 0 0 0 3 60941 144
0x00007d762f905580 0x0000000ef0ea2580 0 1 0 0 0 0 3 60941 152
0x00007d762f905600 0x0000000ef0ea2600 0 0 1 0 0 0 3 60941 144
0x00007d762f905680 0x0000000ef0ea2680 0 0 1 0 0 0 3 60941 152
0x00007d762f905700 0x0000000ef0ea2700 0 1 1 0 0 0 3 60941 144
0x00007d762f905780 0x0000000ef0ea2780 0 1 1 0 0 0 3 60941 152
0x00007d762f905800 0x0000000ef0ea2800 0 0 0 0 0 0 3 60941 160
0x00007d762f905880 0x0000000ef0ea2880 0 0 0 0 0 0 3 60941 168
0x00007d762f905900 0x0000000ef0ea2900 0 1 0 0 0 0 3 60941 160
0x00007d762f905980 0x0000000ef0ea2980 0 1 0 0 0 0 3 60941 168
0x00007d762f905a00 0x0000000ef0ea2a00 0 0 1 0 0 0 3 60941 160
0x00007d762f905a80 0x0000000ef0ea2a80 0 0 1 0 0 0 3 60941 168
0x00007d762f905b00 0x0000000ef0ea2b00 0 1 1 0 0 0 3 60941 160
0x00007d762f905b80 0x0000000ef0ea2b80 0 1 1 0 0 0 3 60941 168
0x00007d762f905c00 0x0000000ef0ea2c00 0 0 0 0 0 0 3 60941 176
0x00007d762f905c80 0x0000000ef0ea2c80 0 0 0 0 0 0 3 60941 184
0x00007d762f905d00 0x0000000ef0ea2d00 0 1 0 0 0 0 3 60941 176
0x00007d762f905d80 0x0000000ef0ea2d80 0 1 0 0 0 0 3 60941 184
0x00007d762f905e00 0x0000000ef0ea2e00 0 0 1 0 0 0 3 60941 176
0x00007d762f905e80 0x0000000ef0ea2e80 0 0 1 0 0 0 3 60941 184
0x00007d762f905f00 0x0000000ef0ea2f00 0 1 1 0 0 0 3 60941 176
0x00007d762f905f80 0x0000000ef0ea2f80 0 1 1 0 0 0 3 60941 184
