# bank_id=0 (bg=0 ba=0) n=3368
# Columns: VA PA s imc ch dimm rank bg ba row col
0x00007d762f601000 0x0000000dec8a3000 0 0 0 0 0 0 0 56717 192
0x00007d762f601080 0x0000000dec8a3080 0 0 0 0 0 0 0 56717 200
0x00007d762f601100 0x0000000dec8a3100 0 1 0 0 0 0 0 56717 192
0x00007d762f601180 0x0000000dec8a3180 0 1 0 0 0 0 0 56717 200
0x00007d762f601200 0x0000000dec8a3200 0 0 1 0 0 0 0 56717 192
0x00007d762f601280 0x0000000dec8a3280 0 0 1 0 0 0 0 56717 200
0x00007d762f601300 0x0000000dec8a3300 0 1 1 0 0 0 0 56717 192
0x00007d762f601380 0x0000000dec8a3380 0 1 1 0 0 0 0 56717 200
0x00007d762f601400 0x0000000dec8a3400 0 0 0 0 0 0 0 56717 208
0x00007d762f601480 0x0000000dec8a3480 0 0 0 0 0 0 0 56717 216
0x00007d762f601500 0x0000000dec8a3500 0 1 0 0 0 0 0 56717 208
0x00007d762f601580 0x0000000dec8a3580 0 1 0 0 0 0 0 56717 216
0x00007d762f601600 0x0000000dec8a3600 0 0 1 0 0 0 0 56717 208
0x00007d762f601680 0x0000000dec8a3680 0 0 1 0 0 0 0 56717 216
0x00007d762f601700 0x0000000dec8a3700 0 1 1 0 0 0 0 56717 208
0x00007d762f601780 0x0000000dec8a3780 0 1 1 0 0 0 0 56717 216
0x00007d762f601800 0x0000000dec8a3800 0 0 0 0 0 0 0 56717 224
0x00007d762f601880 0x0000000dec8a3880 0 0 0 0 0 0 0 56717 232
0x00007d762f601900 0x0000000dec8a3900 0 1 0 0 0 0 0 56717 224
0x00007d762f601980 0x0000000dec8a3980 0 1 0 0 0 0 0 56717 232
0x00007d762f601a00 0x0000000dec8a3a00 0 0 1 0 0 0 0 56717 224
0x00007d762f601a80 0x0000000dec8a3a80 0 0 1 0 0 0 0 56717 232
0x00007d762f601b00 0x0000000dec8a3b00 0 1 1 0 0 0 0 56717 224
0x00007d762f601b80 0x0000000dec8a3b80 0 1 1 0 0 0 0 56717 232
0x00007d762f601c00 0x0000000dec8a3c00 0 0 0 0 0 0 0 56717 240
0x00007d762f601c80 0x0000000dec8a3c80 0 0 0 0 0 0 0 56717 248
0x00007d762f601d00 0x0000000dec8a3d00 0 1 0 0 0 0 0 56717 240
0x00007d762f601d80 0x0000000dec8a3d80 0 1 0 0 0 0 0 56717 248
0x00007d762f601e00 0x0000000dec8a3e00 0 0 1 0 0 0 0 56717 240
0x00007d762f601e80 0x0000000dec8a3e80 0 0 1 0 0 0 0 56717 248
0x00007d762f601f00 0x0000000dec8a3f00 0 1 1 0 0 0 0 56717 240
0x00007d762f601f80 0x0000000dec8a3f80 0 1 1 0 0 0 0 56717 248
0x00007d762f60c000 0x00000005b109f000 0 0 0 0 1 0 0 22052 960
0x00007d762f60c080 0x00000005b109f080 0 0 0 0 1 0 0 22052 968
0x00007d762f60c100 0x00000005b109f100 0 1 0 0 1 0 0 22052 960
0x00007d762f60c180 0x00000005b109f180 0 1 0 0 1 0 0 22052 968
0x00007d762f60c200 0x00000005b109f200 0 0 1 0 1 0 0 22052 960
0x00007d762f60c280 0x00000005b109f280 0 0 1 0 1 0 0 22052 968
0x00007d762f60c300 0x00000005b109f300 0 1 1 0 1 0 0 22052 960
0x00007d762f60c380 0x00000005b109f380 0 1 1 0 1 0 0 22052 968
0x00007d762f60c400 0x00000005b109f400 0 0 0 0 1 0 0 22052 976
0x00007d762f60c480 0x00000005b109f480 0 0 0 0 1 0 0 22052 984
0x00007d762f60c500 0x00000005b109f500 0 1 0 0 1 0 0 22052 976
0x00007d762f60c580 0x00000005b109f580 0 1 0 0 1 0 0 22052 984
0x00007d762f60c600 0x00000005b109f600 0 0 1 0 1 0 0 22052 976
0x00007d762f60c680 0x00000005b109f680 0 0 1 0 1 0 0 22052 984
0x00007d762f60c700 0x00000005b109f700 0 1 1 0 1 0 0 22052 976
0x00007d762f60c780 0x00000005b109f780 0 1 1 0 1 0 0 22052 984
0x00007d762f60c800 0x00000005b109f800 0 0 0 0 1 0 0 22052 992
0x00007d762f60c880 0x00000005b109f880 0 0 0 0 1 0 0 22052 1000
0x00007d762f60c900 0x00000005b109f900 0 1 0 0 1 0 0 22052 992
0x00007d762f60c980 0x00000005b109f980 0 1 0 0 1 0 0 22052 1000
0x00007d762f60ca00 0x00000005b109fa00 0 0 1 0 1 0 0 22052 992
0x00007d762f60ca80 0x00000005b109fa80 0 0 1 0 1 0 0 22052 1000
0x00007d762f60cb00 0x00000005b109fb00 0 1 1 0 1 0 0 22052 992
0x00007d762f60cb80 0x00000005b109fb80 0 1 1 0 1 0 0 22052 1000
0x00007d762f60cc00 0x00000005b109fc00 0 0 0 0 1 0 0 22052 1008
0x00007d762f60cc80 0x00000005b109fc80 0 0 0 0 1 0 0 22052 1016
0x00007d762f60cd00 0x00000005b109fd00 0 1 0 0 1 0 0 22052 1008
0x00007d762f60cd80 0x00000005b109fd80 0 1 0 0 1 0 0 22052 1016
0x00007d762f60ce00 0x00000005b109fe00 0 0 1 0 1 0 0 22052 1008
0x00007d762f60ce80 0x00000005b109fe80 0 0 1 0 1 0 0 22052 1016
0x00007d762f60cf00 0x00000005b109ff00 0 1 1 0 1 0 0 22052 1008
0x00007d762f60cf80 0x00000005b109ff80 0 1 1 0 1 0 0 22052 1016
0x00007d762f60f000 0x0000000dec8a1000 0 0 0 0 0 0 0 56717 64
0x00007d762f60f080 0x0000000dec8a1080 0 0 0 0 0 0 0 56717 72
0x00007d762f60f100 0x0000000dec8a1100 0 1 0 0 0 0 0 56717 64
0x00007d762f60f180 0x0000000dec8a1180 0 1 0 0 0 0 0 56717 72
0x00007d762f60f200 0x0000000dec8a1200 0 0 1 0 0 0 0 56717 64
0x00007d762f60f280 0x0000000dec8a1280 0 0 1 0 0 0 0 56717 72
0x00007d762f60f300 0x0000000dec8a1300 0 1 1 0 0 0 0 56717 64
0x00007d762f60f380 0x0000000dec8a1380 0 1 1 0 0 0 0 56717 72
0x00007d762f60f400 0x0000000dec8a1400 0 0 0 0 0 0 0 56717 80
0x00007d762f60f480 0x0000000dec8a1480 0 0 0 0 0 0 0 56717 88
0x00007d762f60f500 0x0000000dec8a1500 0 1 0 0 0 0 0 56717 80
0x00007d762f60f580 0x0000000dec8a1580 0 1 0 0 0 0 0 56717 88
0x00007d762f60f600 0x0000000dec8a1600 0 0 1 0 0 0 0 56717 80
0x00007d762f60f680 0x0000000dec8a1680 0 0 1 0 0 0 0 56717 88
0x00007d762f60f700 0x0000000dec8a1700 0 1 1 0 0 0 0 56717 80
0x00007d762f60f780 0x0000000dec8a1780 0 1 1 0 0 0 0 56717 88
0x00007d762f60f800 0x0000000dec8a1800 0 0 0 0 0 0 0 56717 96
0x00007d762f60f880 0x0000000dec8a1880 0 0 0 0 0 0 0 56717 104
0x00007d762f60f900 0x0000000dec8a1900 0 1 0 0 0 0 0 56717 96
0x00007d762f60f980 0x0000000dec8a1980 0 1 0 0 0 0 0 56717 104
0x00007d762f60fa00 0x0000000dec8a1a00 0 0 1 0 0 0 0 56717 96
0x00007d762f60fa80 0x0000000dec8a1a80 0 0 1 0 0 0 0 56717 104
0x00007d762f60fb00 0x0000000dec8a1b00 0 1 1 0 0 0 0 56717 96
0x00007d762f60fb80 0x0000000dec8a1b80 0 1 1 0 0 0 0 56717 104
0x00007d762f60fc00 0x0000000dec8a1c00 0 0 0 0 0 0 0 56717 112
0x00007d762f60fc80 0x0000000dec8a1c80 0 0 0 0 0 0 0 56717 120
0x00007d762f60fd00 0x0000000dec8a1d00 0 1 0 0 0 0 0 56717 112
0x00007d762f60fd80 0x0000000dec8a1d80 0 1 0 0 0 0 0 56717 120
0x00007d762f60fe00 0x0000000dec8a1e00 0 0 1 0 0 0 0 56717 112
0x00007d762f60fe80 0x0000000dec8a1e80 0 0 1 0 0 0 0 56717 120
0x00007d762f60ff00 0x0000000dec8a1f00 0 1 1 0 0 0 0 56717 112
0x00007d762f60ff80 0x0000000dec8a1f80 0 1 1 0 0 0 0 56717 120
0x00007d762f611000 0x0000000c8e047000 0 0 0 0 0 0 0 49602 448
0x00007d762f611080 0x0000000c8e047080 0 0 0 0 0 0 0 49602 456
0x00007d762f611100 0x0000000c8e047100 0 1 0 0 0 0 0 49602 448
0x00007d762f611180 0x0000000c8e047180 0 1 0 0 0 0 0 49602 456
0x00007d762f611200 0x0000000c8e047200 0 0 1 0 0 0 0 49602 448
0x00007d762f611280 0x0000000c8e047280 0 0 1 0 0 0 0 49602 456
0x00007d762f611300 0x0000000c8e047300 0 1 1 0 0 0 0 49602 448
0x00007d762f611380 0x0000000c8e047380 0 1 1 0 0 0 0 49602 456
0x00007d762f611400 0x0000000c8e047400 0 0 0 0 0 0 0 49602 464
0x00007d762f611480 0x0000000c8e047480 0 0 0 0 0 0 0 49602 472
0x00007d762f611500 0x0000000c8e047500 0 1 0 0 0 0 0 49602 464
0x00007d762f611580 0x0000000c8e047580 0 1 0 0 0 0 0 49602 472
0x00007d762f611600 0x0000000c8e047600 0 0 1 0 0 0 0 49602 464
0x00007d762f611680 0x0000000c8e047680 0 0 1 0 0 0 0 49602 472
0x00007d762f611700 0x0000000c8e047700 0 1 1 0 0 0 0 49602 464
0x00007d762f611780 0x0000000c8e047780 0 1 1 0 0 0 0 49602 472
0x00007d762f611800 0x0000000c8e047800 0 0 0 0 0 0 0 49602 480
0x00007d762f611880 0x0000000c8e047880 0 0 0 0 0 0 0 49602 488
0x00007d762f611900 0x0000000c8e047900 0 1 0 0 0 0 0 49602 480
0x00007d762f611980 0x0000000c8e047980 0 1 0 0 0 0 0 49602 488
0x00007d762f611a00 0x0000000c8e047a00 0 0 1 0 0 0 0 49602 480
0x00007d762f611a80 0x0000000c8e047a80 0 0 1 0 0 0 0 49602 488
0x00007d762f611b00 0x0000000c8e047b00 0 1 1 0 0 0 0 49602 480
0x00007d762f611b80 0x0000000c8e047b80 0 1 1 0 0 0 0 49602 488
0x00007d762f611c00 0x0000000c8e047c00 0 0 0 0 0 0 0 49602 496
0x00007d762f611c80 0x0000000c8e047c80 0 0 0 0 0 0 0 49602 504
0x00007d762f611d00 0x0000000c8e047d00 0 1 0 0 0 0 0 49602 496
0x00007d762f611d80 0x0000000c8e047d80 0 1 0 0 0 0 0 49602 504
0x00007d762f611e00 0x0000000c8e047e00 0 0 1 0 0 0 0 49602 496
0x00007d762f611e80 0x0000000c8e047e80 0 0 1 0 0 0 0 49602 504
0x00007d762f611f00 0x0000000c8e047f00 0 1 1 0 0 0 0 49602 496
0x00007d762f611f80 0x0000000c8e047f80 0 1 1 0 0 0 0 49602 504
0x00007d762f613000 0x00000005f60a3000 0 0 0 0 0 0 0 24261 192
0x00007d762f613080 0x00000005f60a3080 0 0 0 0 0 0 0 24261 200
0x00007d762f613100 0x00000005f60a3100 0 1 0 0 0 0 0 24261 192
0x00007d762f613180 0x00000005f60a3180 0 1 0 0 0 0 0 24261 200
0x00007d762f613200 0x00000005f60a3200 0 0 1 0 0 0 0 24261 192
0x00007d762f613280 0x00000005f60a3280 0 0 1 0 0 0 0 24261 200
0x00007d762f613300 0x00000005f60a3300 0 1 1 0 0 0 0 24261 192
0x00007d762f613380 0x00000005f60a3380 0 1 1 0 0 0 0 24261 200
0x00007d762f613400 0x00000005f60a3400 0 0 0 0 0 0 0 24261 208
0x00007d762f613480 0x00000005f60a3480 0 0 0 0 0 0 0 24261 216
0x00007d762f613500 0x00000005f60a3500 0 1 0 0 0 0 0 24261 208
0x00007d762f613580 0x00000005f60a3580 0 1 0 0 0 0 0 24261 216
0x00007d762f613600 0x00000005f60a3600 0 0 1 0 0 0 0 24261 208
0x00007d762f613680 0x00000005f60a3680 0 0 1 0 0 0 0 24261 216
0x00007d762f613700 0x00000005f60a3700 0 1 1 0 0 0 0 24261 208
0x00007d762f613780 0x00000005f60a3780 0 1 1 0 0 0 0 24261 216
0x00007d762f613800 0x00000005f60a3800 0 0 0 0 0 0 0 24261 224
0x00007d762f613880 0x00000005f60a3880 0 0 0 0 0 0 0 24261 232
0x00007d762f613900 0x00000005f60a3900 0 1 0 0 0 0 0 24261 224
0x00007d762f613980 0x00000005f60a3980 0 1 0 0 0 0 0 24261 232
0x00007d762f613a00 0x00000005f60a3a00 0 0 1 0 0 0 0 24261 224
0x00007d762f613a80 0x00000005f60a3a80 0 0 1 0 0 0 0 24261 232
0x00007d762f613b00 0x00000005f60a3b00 0 1 1 0 0 0 0 24261 224
0x00007d762f613b80 0x00000005f60a3b80 0 1 1 0 0 0 0 24261 232
0x00007d762f613c00 0x00000005f60a3c00 0 0 0 0 0 0 0 24261 240
0x00007d762f613c80 0x00000005f60a3c80 0 0 0 0 0 0 0 24261 248
0x00007d762f613d00 0x00000005f60a3d00 0 1 0 0 0 0 0 24261 240
0x00007d762f613d80 0x00000005f60a3d80 0 1 0 0 0 0 0 24261 248
0x00007d762f613e00 0x00000005f60a3e00 0 0 1 0 0 0 0 24261 240
0x00007d762f613e80 0x00000005f60a3e80 0 0 1 0 0 0 0 24261 248
0x00007d762f613f00 0x00000005f60a3f00 0 1 1 0 0 0 0 24261 240
0x00007d762f613f80 0x00000005f60a3f80 0 1 1 0 0 0 0 24261 248
0x00007d762f619000 0x00000005bf865000 0 0 0 0 0 0 0 22507 320
0x00007d762f619080 0x00000005bf865080 0 0 0 0 0 0 0 22507 328
0x00007d762f619100 0x00000005bf865100 0 1 0 0 0 0 0 22507 320
0x00007d762f619180 0x00000005bf865180 0 1 0 0 0 0 0 22507 328
0x00007d762f619200 0x00000005bf865200 0 0 1 0 0 0 0 22507 320
0x00007d762f619280 0x00000005bf865280 0 0 1 0 0 0 0 22507 328
0x00007d762f619300 0x00000005bf865300 0 1 1 0 0 0 0 22507 320
0x00007d762f619380 0x00000005bf865380 0 1 1 0 0 0 0 22507 328
0x00007d762f619400 0x00000005bf865400 0 0 0 0 0 0 0 22507 336
0x00007d762f619480 0x00000005bf865480 0 0 0 0 0 0 0 22507 344
0x00007d762f619500 0x00000005bf865500 0 1 0 0 0 0 0 22507 336
0x00007d762f619580 0x00000005bf865580 0 1 0 0 0 0 0 22507 344
0x00007d762f619600 0x00000005bf865600 0 0 1 0 0 0 0 22507 336
0x00007d762f619680 0x00000005bf865680 0 0 1 0 0 0 0 22507 344
0x00007d762f619700 0x00000005bf865700 0 1 1 0 0 0 0 22507 336
0x00007d762f619780 0x00000005bf865780 0 1 1 0 0 0 0 22507 344
0x00007d762f619800 0x00000005bf865800 0 0 0 0 0 0 0 22507 352
0x00007d762f619880 0x00000005bf865880 0 0 0 0 0 0 0 22507 360
0x00007d762f619900 0x00000005bf865900 0 1 0 0 0 0 0 22507 352
0x00007d762f619980 0x00000005bf865980 0 1 0 0 0 0 0 22507 360
0x00007d762f619a00 0x00000005bf865a00 0 0 1 0 0 0 0 22507 352
0x00007d762f619a80 0x00000005bf865a80 0 0 1 0 0 0 0 22507 360
0x00007d762f619b00 0x00000005bf865b00 0 1 1 0 0 0 0 22507 352
0x00007d762f619b80 0x00000005bf865b80 0 1 1 0 0 0 0 22507 360
0x00007d762f619c00 0x00000005bf865c00 0 0 0 0 0 0 0 22507 368
0x00007d762f619c80 0x00000005bf865c80 0 0 0 0 0 0 0 22507 376
0x00007d762f619d00 0x00000005bf865d00 0 1 0 0 0 0 0 22507 368
0x00007d762f619d80 0x00000005bf865d80 0 1 0 0 0 0 0 22507 376
0x00007d762f619e00 0x00000005bf865e00 0 0 1 0 0 0 0 22507 368
0x00007d762f619e80 0x00000005bf865e80 0 0 1 0 0 0 0 22507 376
0x00007d762f619f00 0x00000005bf865f00 0 1 1 0 0 0 0 22507 368
0x00007d762f619f80 0x00000005bf865f80 0 1 1 0 0 0 0 22507 376
0x00007d762f61b000 0x0000000c8e04c000 0 0 0 0 1 0 0 49602 256
0x00007d762f61b080 0x0000000c8e04c080 0 0 0 0 1 0 0 49602 264
0x00007d762f61b100 0x0000000c8e04c100 0 1 0 0 1 0 0 49602 256
0x00007d762f61b180 0x0000000c8e04c180 0 1 0 0 1 0 0 49602 264
0x00007d762f61b200 0x0000000c8e04c200 0 0 1 0 1 0 0 49602 256
0x00007d762f61b280 0x0000000c8e04c280 0 0 1 0 1 0 0 49602 264
0x00007d762f61b300 0x0000000c8e04c300 0 1 1 0 1 0 0 49602 256
0x00007d762f61b380 0x0000000c8e04c380 0 1 1 0 1 0 0 49602 264
0x00007d762f61b400 0x0000000c8e04c400 0 0 0 0 1 0 0 49602 272
0x00007d762f61b480 0x0000000c8e04c480 0 0 0 0 1 0 0 49602 280
0x00007d762f61b500 0x0000000c8e04c500 0 1 0 0 1 0 0 49602 272
0x00007d762f61b580 0x0000000c8e04c580 0 1 0 0 1 0 0 49602 280
0x00007d762f61b600 0x0000000c8e04c600 0 0 1 0 1 0 0 49602 272
0x00007d762f61b680 0x0000000c8e04c680 0 0 1 0 1 0 0 49602 280
0x00007d762f61b700 0x0000000c8e04c700 0 1 1 0 1 0 0 49602 272
0x00007d762f61b780 0x0000000c8e04c780 0 1 1 0 1 0 0 49602 280
0x00007d762f61b800 0x0000000c8e04c800 0 0 0 0 1 0 0 49602 288
0x00007d762f61b880 0x0000000c8e04c880 0 0 0 0 1 0 0 49602 296
0x00007d762f61b900 0x0000000c8e04c900 0 1 0 0 1 0 0 49602 288
0x00007d762f61b980 0x0000000c8e04c980 0 1 0 0 1 0 0 49602 296
0x00007d762f61ba00 0x0000000c8e04ca00 0 0 1 0 1 0 0 49602 288
0x00007d762f61ba80 0x0000000c8e04ca80 0 0 1 0 1 0 0 49602 296
0x00007d762f61bb00 0x0000000c8e04cb00 0 1 1 0 1 0 0 49602 288
0x00007d762f61bb80 0x0000000c8e04cb80 0 1 1 0 1 0 0 49602 296
0x00007d762f61bc00 0x0000000c8e04cc00 0 0 0 0 1 0 0 49602 304
0x00007d762f61bc80 0x0000000c8e04cc80 0 0 0 0 1 0 0 49602 312
0x00007d762f61bd00 0x0000000c8e04cd00 0 1 0 0 1 0 0 49602 304
0x00007d762f61bd80 0x0000000c8e04cd80 0 1 0 0 1 0 0 49602 312
0x00007d762f61be00 0x0000000c8e04ce00 0 0 1 0 1 0 0 49602 304
0x00007d762f61be80 0x0000000c8e04ce80 0 0 1 0 1 0 0 49602 312
0x00007d762f61bf00 0x0000000c8e04cf00 0 1 1 0 1 0 0 49602 304
0x00007d762f61bf80 0x0000000c8e04cf80 0 1 1 0 1 0 0 49602 312
0x00007d762f61f000 0x0000000bc4834000 0 0 0 0 0 0 0 47241 768
0x00007d762f61f080 0x0000000bc4834080 0 0 0 0 0 0 0 47241 776
0x00007d762f61f100 0x0000000bc4834100 0 1 0 0 0 0 0 47241 768
0x00007d762f61f180 0x0000000bc4834180 0 1 0 0 0 0 0 47241 776
0x00007d762f61f200 0x0000000bc4834200 0 0 1 0 0 0 0 47241 768
0x00007d762f61f280 0x0000000bc4834280 0 0 1 0 0 0 0 47241 776
0x00007d762f61f300 0x0000000bc4834300 0 1 1 0 0 0 0 47241 768
0x00007d762f61f380 0x0000000bc4834380 0 1 1 0 0 0 0 47241 776
0x00007d762f61f400 0x0000000bc4834400 0 0 0 0 0 0 0 47241 784
0x00007d762f61f480 0x0000000bc4834480 0 0 0 0 0 0 0 47241 792
0x00007d762f61f500 0x0000000bc4834500 0 1 0 0 0 0 0 47241 784
0x00007d762f61f580 0x0000000bc4834580 0 1 0 0 0 0 0 47241 792
0x00007d762f61f600 0x0000000bc4834600 0 0 1 0 0 0 0 47241 784
0x00007d762f61f680 0x0000000bc4834680 0 0 1 0 0 0 0 47241 792
0x00007d762f61f700 0x0000000bc4834700 0 1 1 0 0 0 0 47241 784
0x00007d762f61f780 0x0000000bc4834780 0 1 1 0 0 0 0 47241 792
0x00007d762f61f800 0x0000000bc4834800 0 0 0 0 0 0 0 47241 800
0x00007d762f61f880 0x0000000bc4834880 0 0 0 0 0 0 0 47241 808
0x00007d762f61f900 0x0000000bc4834900 0 1 0 0 0 0 0 47241 800
0x00007d762f61f980 0x0000000bc4834980 0 1 0 0 0 0 0 47241 808
0x00007d762f61fa00 0x0000000bc4834a00 0 0 1 0 0 0 0 47241 800
0x00007d762f61fa80 0x0000000bc4834a80 0 0 1 0 0 0 0 47241 808
0x00007d762f61fb00 0x0000000bc4834b00 0 1 1 0 0 0 0 47241 800
0x00007d762f61fb80 0x0000000bc4834b80 0 1 1 0 0 0 0 47241 808
0x00007d762f61fc00 0x0000000bc4834c00 0 0 0 0 0 0 0 47241 816
0x00007d762f61fc80 0x0000000bc4834c80 0 0 0 0 0 0 0 47241 824
0x00007d762f61fd00 0x0000000bc4834d00 0 1 0 0 0 0 0 47241 816
0x00007d762f61fd80 0x0000000bc4834d80 0 1 0 0 0 0 0 47241 824
0x00007d762f61fe00 0x0000000bc4834e00 0 0 1 0 0 0 0 47241 816
0x00007d762f61fe80 0x0000000bc4834e80 0 0 1 0 0 0 0 47241 824
0x00007d762f61ff00 0x0000000bc4834f00 0 1 1 0 0 0 0 47241 816
0x00007d762f61ff80 0x0000000bc4834f80 0 1 1 0 0 0 0 47241 824
0x00007d762f626000 0x00000005b1092000 0 0 0 0 0 0 0 22052 640
0x00007d762f626080 0x00000005b1092080 0 0 0 0 0 0 0 22052 648
0x00007d762f626100 0x00000005b1092100 0 1 0 0 0 0 0 22052 640
0x00007d762f626180 0x00000005b1092180 0 1 0 0 0 0 0 22052 648
0x00007d762f626200 0x00000005b1092200 0 0 1 0 0 0 0 22052 640
0x00007d762f626280 0x00000005b1092280 0 0 1 0 0 0 0 22052 648
0x00007d762f626300 0x00000005b1092300 0 1 1 0 0 0 0 22052 640
0x00007d762f626380 0x00000005b1092380 0 1 1 0 0 0 0 22052 648
0x00007d762f626400 0x00000005b1092400 0 0 0 0 0 0 0 22052 656
0x00007d762f626480 0x00000005b1092480 0 0 0 0 0 0 0 22052 664
0x00007d762f626500 0x00000005b1092500 0 1 0 0 0 0 0 22052 656
0x00007d762f626580 0x00000005b1092580 0 1 0 0 0 0 0 22052 664
0x00007d762f626600 0x00000005b1092600 0 0 1 0 0 0 0 22052 656
0x00007d762f626680 0x00000005b1092680 0 0 1 0 0 0 0 22052 664
0x00007d762f626700 0x00000005b1092700 0 1 1 0 0 0 0 22052 656
0x00007d762f626780 0x00000005b1092780 0 1 1 0 0 0 0 22052 664
0x00007d762f626800 0x00000005b1092800 0 0 0 0 0 0 0 22052 672
0x00007d762f626880 0x00000005b1092880 0 0 0 0 0 0 0 22052 680
0x00007d762f626900 0x00000005b1092900 0 1 0 0 0 0 0 22052 672
0x00007d762f626980 0x00000005b1092980 0 1 0 0 0 0 0 22052 680
0x00007d762f626a00 0x00000005b1092a00 0 0 1 0 0 0 0 22052 672
0x00007d762f626a80 0x00000005b1092a80 0 0 1 0 0 0 0 22052 680
0x00007d762f626b00 0x00000005b1092b00 0 1 1 0 0 0 0 22052 672
0x00007d762f626b80 0x00000005b1092b80 0 1 1 0 0 0 0 22052 680
0x00007d762f626c00 0x00000005b1092c00 0 0 0 0 0 0 0 22052 688
0x00007d762f626c80 0x00000005b1092c80 0 0 0 0 0 0 0 22052 696
0x00007d762f626d00 0x00000005b1092d00 0 1 0 0 0 0 0 22052 688
0x00007d762f626d80 0x00000005b1092d80 0 1 0 0 0 0 0 22052 696
0x00007d762f626e00 0x00000005b1092e00 0 0 1 0 0 0 0 22052 688
0x00007d762f626e80 0x00000005b1092e80 0 0 1 0 0 0 0 22052 696
0x00007d762f626f00 0x00000005b1092f00 0 1 1 0 0 0 0 22052 688
0x00007d762f626f80 0x00000005b1092f80 0 1 1 0 0 0 0 22052 696
0x00007d762f62b000 0x00000009048ed000 0 0 0 0 1 0 0 32927 320
0x00007d762f62b080 0x00000009048ed080 0 0 0 0 1 0 0 32927 328
0x00007d762f62b100 0x00000009048ed100 0 1 0 0 1 0 0 32927 320
0x00007d762f62b180 0x00000009048ed180 0 1 0 0 1 0 0 32927 328
0x00007d762f62b200 0x00000009048ed200 0 0 1 0 1 0 0 32927 320
0x00007d762f62b280 0x00000009048ed280 0 0 1 0 1 0 0 32927 328
0x00007d762f62b300 0x00000009048ed300 0 1 1 0 1 0 0 32927 320
0x00007d762f62b380 0x00000009048ed380 0 1 1 0 1 0 0 32927 328
0x00007d762f62b400 0x00000009048ed400 0 0 0 0 1 0 0 32927 336
0x00007d762f62b480 0x00000009048ed480 0 0 0 0 1 0 0 32927 344
0x00007d762f62b500 0x00000009048ed500 0 1 0 0 1 0 0 32927 336
0x00007d762f62b580 0x00000009048ed580 0 1 0 0 1 0 0 32927 344
0x00007d762f62b600 0x00000009048ed600 0 0 1 0 1 0 0 32927 336
0x00007d762f62b680 0x00000009048ed680 0 0 1 0 1 0 0 32927 344
0x00007d762f62b700 0x00000009048ed700 0 1 1 0 1 0 0 32927 336
0x00007d762f62b780 0x00000009048ed780 0 1 1 0 1 0 0 32927 344
0x00007d762f62b800 0x00000009048ed800 0 0 0 0 1 0 0 32927 352
0x00007d762f62b880 0x00000009048ed880 0 0 0 0 1 0 0 32927 360
0x00007d762f62b900 0x00000009048ed900 0 1 0 0 1 0 0 32927 352
0x00007d762f62b980 0x00000009048ed980 0 1 0 0 1 0 0 32927 360
0x00007d762f62ba00 0x00000009048eda00 0 0 1 0 1 0 0 32927 352
0x00007d762f62ba80 0x00000009048eda80 0 0 1 0 1 0 0 32927 360
0x00007d762f62bb00 0x00000009048edb00 0 1 1 0 1 0 0 32927 352
0x00007d762f62bb80 0x00000009048edb80 0 1 1 0 1 0 0 32927 360
0x00007d762f62bc00 0x00000009048edc00 0 0 0 0 1 0 0 32927 368
0x00007d762f62bc80 0x00000009048edc80 0 0 0 0 1 0 0 32927 376
0x00007d762f62bd00 0x00000009048edd00 0 1 0 0 1 0 0 32927 368
0x00007d762f62bd80 0x00000009048edd80 0 1 0 0 1 0 0 32927 376
0x00007d762f62be00 0x00000009048ede00 0 0 1 0 1 0 0 32927 368
0x00007d762f62be80 0x00000009048ede80 0 0 1 0 1 0 0 32927 376
0x00007d762f62bf00 0x00000009048edf00 0 1 1 0 1 0 0 32927 368
0x00007d762f62bf80 0x00000009048edf80 0 1 1 0 1 0 0 32927 376
0x00007d762f62c000 0x00000009048e8000 0 0 0 0 1 0 0 32927 0
0x00007d762f62c080 0x00000009048e8080 0 0 0 0 1 0 0 32927 8
0x00007d762f62c100 0x00000009048e8100 0 1 0 0 1 0 0 32927 0
0x00007d762f62c180 0x00000009048e8180 0 1 0 0 1 0 0 32927 8
0x00007d762f62c200 0x00000009048e8200 0 0 1 0 1 0 0 32927 0
0x00007d762f62c280 0x00000009048e8280 0 0 1 0 1 0 0 32927 8
0x00007d762f62c300 0x00000009048e8300 0 1 1 0 1 0 0 32927 0
0x00007d762f62c380 0x00000009048e8380 0 1 1 0 1 0 0 32927 8
0x00007d762f62c400 0x00000009048e8400 0 0 0 0 1 0 0 32927 16
0x00007d762f62c480 0x00000009048e8480 0 0 0 0 1 0 0 32927 24
0x00007d762f62c500 0x00000009048e8500 0 1 0 0 1 0 0 32927 16
0x00007d762f62c580 0x00000009048e8580 0 1 0 0 1 0 0 32927 24
0x00007d762f62c600 0x00000009048e8600 0 0 1 0 1 0 0 32927 16
0x00007d762f62c680 0x00000009048e8680 0 0 1 0 1 0 0 32927 24
0x00007d762f62c700 0x00000009048e8700 0 1 1 0 1 0 0 32927 16
0x00007d762f62c780 0x00000009048e8780 0 1 1 0 1 0 0 32927 24
0x00007d762f62c800 0x00000009048e8800 0 0 0 0 1 0 0 32927 32
0x00007d762f62c880 0x00000009048e8880 0 0 0 0 1 0 0 32927 40
0x00007d762f62c900 0x00000009048e8900 0 1 0 0 1 0 0 32927 32
0x00007d762f62c980 0x00000009048e8980 0 1 0 0 1 0 0 32927 40
0x00007d762f62ca00 0x00000009048e8a00 0 0 1 0 1 0 0 32927 32
0x00007d762f62ca80 0x00000009048e8a80 0 0 1 0 1 0 0 32927 40
0x00007d762f62cb00 0x00000009048e8b00 0 1 1 0 1 0 0 32927 32
0x00007d762f62cb80 0x00000009048e8b80 0 1 1 0 1 0 0 32927 40
0x00007d762f62cc00 0x00000009048e8c00 0 0 0 0 1 0 0 32927 48
0x00007d762f62cc80 0x00000009048e8c80 0 0 0 0 1 0 0 32927 56
0x00007d762f62cd00 0x00000009048e8d00 0 1 0 0 1 0 0 32927 48
0x00007d762f62cd80 0x00000009048e8d80 0 1 0 0 1 0 0 32927 56
0x00007d762f62ce00 0x00000009048e8e00 0 0 1 0 1 0 0 32927 48
0x00007d762f62ce80 0x00000009048e8e80 0 0 1 0 1 0 0 32927 56
0x00007d762f62cf00 0x00000009048e8f00 0 1 1 0 1 0 0 32927 48
0x00007d762f62cf80 0x00000009048e8f80 0 1 1 0 1 0 0 32927 56
0x00007d762f633000 0x0000000dec8a9000 0 0 0 0 1 0 0 56717 64
0x00007d762f633080 0x0000000dec8a9080 0 0 0 0 1 0 0 56717 72
0x00007d762f633100 0x0000000dec8a9100 0 1 0 0 1 0 0 56717 64
0x00007d762f633180 0x0000000dec8a9180 0 1 0 0 1 0 0 56717 72
0x00007d762f633200 0x0000000dec8a9200 0 0 1 0 1 0 0 56717 64
0x00007d762f633280 0x0000000dec8a9280 0 0 1 0 1 0 0 56717 72
0x00007d762f633300 0x0000000dec8a9300 0 1 1 0 1 0 0 56717 64
0x00007d762f633380 0x0000000dec8a9380 0 1 1 0 1 0 0 56717 72
0x00007d762f633400 0x0000000dec8a9400 0 0 0 0 1 0 0 56717 80
0x00007d762f633480 0x0000000dec8a9480 0 0 0 0 1 0 0 56717 88
0x00007d762f633500 0x0000000dec8a9500 0 1 0 0 1 0 0 56717 80
0x00007d762f633580 0x0000000dec8a9580 0 1 0 0 1 0 0 56717 88
0x00007d762f633600 0x0000000dec8a9600 0 0 1 0 1 0 0 56717 80
0x00007d762f633680 0x0000000dec8a9680 0 0 1 0 1 0 0 56717 88
0x00007d762f633700 0x0000000dec8a9700 0 1 1 0 1 0 0 56717 80
0x00007d762f633780 0x0000000dec8a9780 0 1 1 0 1 0 0 56717 88
0x00007d762f633800 0x0000000dec8a9800 0 0 0 0 1 0 0 56717 96
0x00007d762f633880 0x0000000dec8a9880 0 0 0 0 1 0 0 56717 104
0x00007d762f633900 0x0000000dec8a9900 0 1 0 0 1 0 0 56717 96
0x00007d762f633980 0x0000000dec8a9980 0 1 0 0 1 0 0 56717 104
0x00007d762f633a00 0x0000000dec8a9a00 0 0 1 0 1 0 0 56717 96
0x00007d762f633a80 0x0000000dec8a9a80 0 0 1 0 1 0 0 56717 104
0x00007d762f633b00 0x0000000dec8a9b00 0 1 1 0 1 0 0 56717 96
0x00007d762f633b80 0x0000000dec8a9b80 0 1 1 0 1 0 0 56717 104
0x00007d762f633c00 0x0000000dec8a9c00 0 0 0 0 1 0 0 56717 112
0x00007d762f633c80 0x0000000dec8a9c80 0 0 0 0 1 0 0 56717 120
0x00007d762f633d00 0x0000000dec8a9d00 0 1 0 0 1 0 0 56717 112
0x00007d762f633d80 0x0000000dec8a9d80 0 1 0 0 1 0 0 56717 120
0x00007d762f633e00 0x0000000dec8a9e00 0 0 1 0 1 0 0 56717 112
0x00007d762f633e80 0x0000000dec8a9e80 0 0 1 0 1 0 0 56717 120
0x00007d762f633f00 0x0000000dec8a9f00 0 1 1 0 1 0 0 56717 112
0x00007d762f633f80 0x0000000dec8a9f80 0 1 1 0 1 0 0 56717 120
0x00007d762f63f000 0x0000000c8e04d000 0 0 0 0 1 0 0 49602 320
0x00007d762f63f080 0x0000000c8e04d080 0 0 0 0 1 0 0 49602 328
0x00007d762f63f100 0x0000000c8e04d100 0 1 0 0 1 0 0 49602 320
0x00007d762f63f180 0x0000000c8e04d180 0 1 0 0 1 0 0 49602 328
0x00007d762f63f200 0x0000000c8e04d200 0 0 1 0 1 0 0 49602 320
0x00007d762f63f280 0x0000000c8e04d280 0 0 1 0 1 0 0 49602 328
0x00007d762f63f300 0x0000000c8e04d300 0 1 1 0 1 0 0 49602 320
0x00007d762f63f380 0x0000000c8e04d380 0 1 1 0 1 0 0 49602 328
0x00007d762f63f400 0x0000000c8e04d400 0 0 0 0 1 0 0 49602 336
0x00007d762f63f480 0x0000000c8e04d480 0 0 0 0 1 0 0 49602 344
0x00007d762f63f500 0x0000000c8e04d500 0 1 0 0 1 0 0 49602 336
0x00007d762f63f580 0x0000000c8e04d580 0 1 0 0 1 0 0 49602 344
0x00007d762f63f600 0x0000000c8e04d600 0 0 1 0 1 0 0 49602 336
0x00007d762f63f680 0x0000000c8e04d680 0 0 1 0 1 0 0 49602 344
0x00007d762f63f700 0x0000000c8e04d700 0 1 1 0 1 0 0 49602 336
0x00007d762f63f780 0x0000000c8e04d780 0 1 1 0 1 0 0 49602 344
0x00007d762f63f800 0x0000000c8e04d800 0 0 0 0 1 0 0 49602 352
0x00007d762f63f880 0x0000000c8e04d880 0 0 0 0 1 0 0 49602 360
0x00007d762f63f900 0x0000000c8e04d900 0 1 0 0 1 0 0 49602 352
0x00007d762f63f980 0x0000000c8e04d980 0 1 0 0 1 0 0 49602 360
0x00007d762f63fa00 0x0000000c8e04da00 0 0 1 0 1 0 0 49602 352
0x00007d762f63fa80 0x0000000c8e04da80 0 0 1 0 1 0 0 49602 360
0x00007d762f63fb00 0x0000000c8e04db00 0 1 1 0 1 0 0 49602 352
0x00007d762f63fb80 0x0000000c8e04db80 0 1 1 0 1 0 0 49602 360
0x00007d762f63fc00 0x0000000c8e04dc00 0 0 0 0 1 0 0 49602 368
0x00007d762f63fc80 0x0000000c8e04dc80 0 0 0 0 1 0 0 49602 376
0x00007d762f63fd00 0x0000000c8e04dd00 0 1 0 0 1 0 0 49602 368
0x00007d762f63fd80 0x0000000c8e04dd80 0 1 0 0 1 0 0 49602 376
0x00007d762f63fe00 0x0000000c8e04de00 0 0 1 0 1 0 0 49602 368
0x00007d762f63fe80 0x0000000c8e04de80 0 0 1 0 1 0 0 49602 376
0x00007d762f63ff00 0x0000000c8e04df00 0 1 1 0 1 0 0 49602 368
0x00007d762f63ff80 0x0000000c8e04df80 0 1 1 0 1 0 0 49602 376
0x00007d762f640000 0x0000000c8e04f000 0 0 0 0 1 0 0 49602 448
0x00007d762f640080 0x0000000c8e04f080 0 0 0 0 1 0 0 49602 456
0x00007d762f640100 0x0000000c8e04f100 0 1 0 0 1 0 0 49602 448
0x00007d762f640180 0x0000000c8e04f180 0 1 0 0 1 0 0 49602 456
0x00007d762f640200 0x0000000c8e04f200 0 0 1 0 1 0 0 49602 448
0x00007d762f640280 0x0000000c8e04f280 0 0 1 0 1 0 0 49602 456
0x00007d762f640300 0x0000000c8e04f300 0 1 1 0 1 0 0 49602 448
0x00007d762f640380 0x0000000c8e04f380 0 1 1 0 1 0 0 49602 456
0x00007d762f640400 0x0000000c8e04f400 0 0 0 0 1 0 0 49602 464
0x00007d762f640480 0x0000000c8e04f480 0 0 0 0 1 0 0 49602 472
0x00007d762f640500 0x0000000c8e04f500 0 1 0 0 1 0 0 49602 464
0x00007d762f640580 0x0000000c8e04f580 0 1 0 0 1 0 0 49602 472
0x00007d762f640600 0x0000000c8e04f600 0 0 1 0 1 0 0 49602 464
0x00007d762f640680 0x0000000c8e04f680 0 0 1 0 1 0 0 49602 472
0x00007d762f640700 0x0000000c8e04f700 0 1 1 0 1 0 0 49602 464
0x00007d762f640780 0x0000000c8e04f780 0 1 1 0 1 0 0 49602 472
0x00007d762f640800 0x0000000c8e04f800 0 0 0 0 1 0 0 49602 480
0x00007d762f640880 0x0000000c8e04f880 0 0 0 0 1 0 0 49602 488
0x00007d762f640900 0x0000000c8e04f900 0 1 0 0 1 0 0 49602 480
0x00007d762f640980 0x0000000c8e04f980 0 1 0 0 1 0 0 49602 488
0x00007d762f640a00 0x0000000c8e04fa00 0 0 1 0 1 0 0 49602 480
0x00007d762f640a80 0x0000000c8e04fa80 0 0 1 0 1 0 0 49602 488
0x00007d762f640b00 0x0000000c8e04fb00 0 1 1 0 1 0 0 49602 480
0x00007d762f640b80 0x0000000c8e04fb80 0 1 1 0 1 0 0 49602 488
0x00007d762f640c00 0x0000000c8e04fc00 0 0 0 0 1 0 0 49602 496
0x00007d762f640c80 0x0000000c8e04fc80 0 0 0 0 1 0 0 49602 504
0x00007d762f640d00 0x0000000c8e04fd00 0 1 0 0 1 0 0 49602 496
0x00007d762f640d80 0x0000000c8e04fd80 0 1 0 0 1 0 0 49602 504
0x00007d762f640e00 0x0000000c8e04fe00 0 0 1 0 1 0 0 49602 496
0x00007d762f640e80 0x0000000c8e04fe80 0 0 1 0 1 0 0 49602 504
0x00007d762f640f00 0x0000000c8e04ff00 0 1 1 0 1 0 0 49602 496
0x00007d762f640f80 0x0000000c8e04ff80 0 1 1 0 1 0 0 49602 504
0x00007d762f643000 0x00000005b1093000 0 0 0 0 0 0 0 22052 704
0x00007d762f643080 0x00000005b1093080 0 0 0 0 0 0 0 22052 712
0x00007d762f643100 0x00000005b1093100 0 1 0 0 0 0 0 22052 704
0x00007d762f643180 0x00000005b1093180 0 1 0 0 0 0 0 22052 712
0x00007d762f643200 0x00000005b1093200 0 0 1 0 0 0 0 22052 704
0x00007d762f643280 0x00000005b1093280 0 0 1 0 0 0 0 22052 712
0x00007d762f643300 0x00000005b1093300 0 1 1 0 0 0 0 22052 704
0x00007d762f643380 0x00000005b1093380 0 1 1 0 0 0 0 22052 712
0x00007d762f643400 0x00000005b1093400 0 0 0 0 0 0 0 22052 720
0x00007d762f643480 0x00000005b1093480 0 0 0 0 0 0 0 22052 728
0x00007d762f643500 0x00000005b1093500 0 1 0 0 0 0 0 22052 720
0x00007d762f643580 0x00000005b1093580 0 1 0 0 0 0 0 22052 728
0x00007d762f643600 0x00000005b1093600 0 0 1 0 0 0 0 22052 720
0x00007d762f643680 0x00000005b1093680 0 0 1 0 0 0 0 22052 728
0x00007d762f643700 0x00000005b1093700 0 1 1 0 0 0 0 22052 720
0x00007d762f643780 0x00000005b1093780 0 1 1 0 0 0 0 22052 728
0x00007d762f643800 0x00000005b1093800 0 0 0 0 0 0 0 22052 736
0x00007d762f643880 0x00000005b1093880 0 0 0 0 0 0 0 22052 744
0x00007d762f643900 0x00000005b1093900 0 1 0 0 0 0 0 22052 736
0x00007d762f643980 0x00000005b1093980 0 1 0 0 0 0 0 22052 744
0x00007d762f643a00 0x00000005b1093a00 0 0 1 0 0 0 0 22052 736
0x00007d762f643a80 0x00000005b1093a80 0 0 1 0 0 0 0 22052 744
0x00007d762f643b00 0x00000005b1093b00 0 1 1 0 0 0 0 22052 736
0x00007d762f643b80 0x00000005b1093b80 0 1 1 0 0 0 0 22052 744
0x00007d762f643c00 0x00000005b1093c00 0 0 0 0 0 0 0 22052 752
0x00007d762f643c80 0x00000005b1093c80 0 0 0 0 0 0 0 22052 760
0x00007d762f643d00 0x00000005b1093d00 0 1 0 0 0 0 0 22052 752
0x00007d762f643d80 0x00000005b1093d80 0 1 0 0 0 0 0 22052 760
0x00007d762f643e00 0x00000005b1093e00 0 0 1 0 0 0 0 22052 752
0x00007d762f643e80 0x00000005b1093e80 0 0 1 0 0 0 0 22052 760
0x00007d762f643f00 0x00000005b1093f00 0 1 1 0 0 0 0 22052 752
0x00007d762f643f80 0x00000005b1093f80 0 1 1 0 0 0 0 22052 760
0x00007d762f64f000 0x0000000373898000 0 0 0 0 1 0 0 11900 512
0x00007d762f64f080 0x0000000373898080 0 0 0 0 1 0 0 11900 520
0x00007d762f64f100 0x0000000373898100 0 1 0 0 1 0 0 11900 512
0x00007d762f64f180 0x0000000373898180 0 1 0 0 1 0 0 11900 520
0x00007d762f64f200 0x0000000373898200 0 0 1 0 1 0 0 11900 512
0x00007d762f64f280 0x0000000373898280 0 0 1 0 1 0 0 11900 520
0x00007d762f64f300 0x0000000373898300 0 1 1 0 1 0 0 11900 512
0x00007d762f64f380 0x0000000373898380 0 1 1 0 1 0 0 11900 520
0x00007d762f64f400 0x0000000373898400 0 0 0 0 1 0 0 11900 528
0x00007d762f64f480 0x0000000373898480 0 0 0 0 1 0 0 11900 536
0x00007d762f64f500 0x0000000373898500 0 1 0 0 1 0 0 11900 528
0x00007d762f64f580 0x0000000373898580 0 1 0 0 1 0 0 11900 536
0x00007d762f64f600 0x0000000373898600 0 0 1 0 1 0 0 11900 528
0x00007d762f64f680 0x0000000373898680 0 0 1 0 1 0 0 11900 536
0x00007d762f64f700 0x0000000373898700 0 1 1 0 1 0 0 11900 528
0x00007d762f64f780 0x0000000373898780 0 1 1 0 1 0 0 11900 536
0x00007d762f64f800 0x0000000373898800 0 0 0 0 1 0 0 11900 544
0x00007d762f64f880 0x0000000373898880 0 0 0 0 1 0 0 11900 552
0x00007d762f64f900 0x0000000373898900 0 1 0 0 1 0 0 11900 544
0x00007d762f64f980 0x0000000373898980 0 1 0 0 1 0 0 11900 552
0x00007d762f64fa00 0x0000000373898a00 0 0 1 0 1 0 0 11900 544
0x00007d762f64fa80 0x0000000373898a80 0 0 1 0 1 0 0 11900 552
0x00007d762f64fb00 0x0000000373898b00 0 1 1 0 1 0 0 11900 544
0x00007d762f64fb80 0x0000000373898b80 0 1 1 0 1 0 0 11900 552
0x00007d762f64fc00 0x0000000373898c00 0 0 0 0 1 0 0 11900 560
0x00007d762f64fc80 0x0000000373898c80 0 0 0 0 1 0 0 11900 568
0x00007d762f64fd00 0x0000000373898d00 0 1 0 0 1 0 0 11900 560
0x00007d762f64fd80 0x0000000373898d80 0 1 0 0 1 0 0 11900 568
0x00007d762f64fe00 0x0000000373898e00 0 0 1 0 1 0 0 11900 560
0x00007d762f64fe80 0x0000000373898e80 0 0 1 0 1 0 0 11900 568
0x00007d762f64ff00 0x0000000373898f00 0 1 1 0 1 0 0 11900 560
0x00007d762f64ff80 0x0000000373898f80 0 1 1 0 1 0 0 11900 568
0x00007d762f650000 0x0000000c8e048000 0 0 0 0 1 0 0 49602 0
0x00007d762f650080 0x0000000c8e048080 0 0 0 0 1 0 0 49602 8
0x00007d762f650100 0x0000000c8e048100 0 1 0 0 1 0 0 49602 0
0x00007d762f650180 0x0000000c8e048180 0 1 0 0 1 0 0 49602 8
0x00007d762f650200 0x0000000c8e048200 0 0 1 0 1 0 0 49602 0
0x00007d762f650280 0x0000000c8e048280 0 0 1 0 1 0 0 49602 8
0x00007d762f650300 0x0000000c8e048300 0 1 1 0 1 0 0 49602 0
0x00007d762f650380 0x0000000c8e048380 0 1 1 0 1 0 0 49602 8
0x00007d762f650400 0x0000000c8e048400 0 0 0 0 1 0 0 49602 16
0x00007d762f650480 0x0000000c8e048480 0 0 0 0 1 0 0 49602 24
0x00007d762f650500 0x0000000c8e048500 0 1 0 0 1 0 0 49602 16
0x00007d762f650580 0x0000000c8e048580 0 1 0 0 1 0 0 49602 24
0x00007d762f650600 0x0000000c8e048600 0 0 1 0 1 0 0 49602 16
0x00007d762f650680 0x0000000c8e048680 0 0 1 0 1 0 0 49602 24
0x00007d762f650700 0x0000000c8e048700 0 1 1 0 1 0 0 49602 16
0x00007d762f650780 0x0000000c8e048780 0 1 1 0 1 0 0 49602 24
0x00007d762f650800 0x0000000c8e048800 0 0 0 0 1 0 0 49602 32
0x00007d762f650880 0x0000000c8e048880 0 0 0 0 1 0 0 49602 40
0x00007d762f650900 0x0000000c8e048900 0 1 0 0 1 0 0 49602 32
0x00007d762f650980 0x0000000c8e048980 0 1 0 0 1 0 0 49602 40
0x00007d762f650a00 0x0000000c8e048a00 0 0 1 0 1 0 0 49602 32
0x00007d762f650a80 0x0000000c8e048a80 0 0 1 0 1 0 0 49602 40
0x00007d762f650b00 0x0000000c8e048b00 0 1 1 0 1 0 0 49602 32
0x00007d762f650b80 0x0000000c8e048b80 0 1 1 0 1 0 0 49602 40
0x00007d762f650c00 0x0000000c8e048c00 0 0 0 0 1 0 0 49602 48
0x00007d762f650c80 0x0000000c8e048c80 0 0 0 0 1 0 0 49602 56
0x00007d762f650d00 0x0000000c8e048d00 0 1 0 0 1 0 0 49602 48
0x00007d762f650d80 0x0000000c8e048d80 0 1 0 0 1 0 0 49602 56
0x00007d762f650e00 0x0000000c8e048e00 0 0 1 0 1 0 0 49602 48
0x00007d762f650e80 0x0000000c8e048e80 0 0 1 0 1 0 0 49602 56
0x00007d762f650f00 0x0000000c8e048f00 0 1 1 0 1 0 0 49602 48
0x00007d762f650f80 0x0000000c8e048f80 0 1 1 0 1 0 0 49602 56
0x00007d762f65a000 0x0000000b1d8ab000 0 0 0 0 1 0 0 41917 192
0x00007d762f65a080 0x0000000b1d8ab080 0 0 0 0 1 0 0 41917 200
0x00007d762f65a100 0x0000000b1d8ab100 0 1 0 0 1 0 0 41917 192
0x00007d762f65a180 0x0000000b1d8ab180 0 1 0 0 1 0 0 41917 200
0x00007d762f65a200 0x0000000b1d8ab200 0 0 1 0 1 0 0 41917 192
0x00007d762f65a280 0x0000000b1d8ab280 0 0 1 0 1 0 0 41917 200
0x00007d762f65a300 0x0000000b1d8ab300 0 1 1 0 1 0 0 41917 192
0x00007d762f65a380 0x0000000b1d8ab380 0 1 1 0 1 0 0 41917 200
0x00007d762f65a400 0x0000000b1d8ab400 0 0 0 0 1 0 0 41917 208
0x00007d762f65a480 0x0000000b1d8ab480 0 0 0 0 1 0 0 41917 216
0x00007d762f65a500 0x0000000b1d8ab500 0 1 0 0 1 0 0 41917 208
0x00007d762f65a580 0x0000000b1d8ab580 0 1 0 0 1 0 0 41917 216
0x00007d762f65a600 0x0000000b1d8ab600 0 0 1 0 1 0 0 41917 208
0x00007d762f65a680 0x0000000b1d8ab680 0 0 1 0 1 0 0 41917 216
0x00007d762f65a700 0x0000000b1d8ab700 0 1 1 0 1 0 0 41917 208
0x00007d762f65a780 0x0000000b1d8ab780 0 1 1 0 1 0 0 41917 216
0x00007d762f65a800 0x0000000b1d8ab800 0 0 0 0 1 0 0 41917 224
0x00007d762f65a880 0x0000000b1d8ab880 0 0 0 0 1 0 0 41917 232
0x00007d762f65a900 0x0000000b1d8ab900 0 1 0 0 1 0 0 41917 224
0x00007d762f65a980 0x0000000b1d8ab980 0 1 0 0 1 0 0 41917 232
0x00007d762f65aa00 0x0000000b1d8aba00 0 0 1 0 1 0 0 41917 224
0x00007d762f65aa80 0x0000000b1d8aba80 0 0 1 0 1 0 0 41917 232
0x00007d762f65ab00 0x0000000b1d8abb00 0 1 1 0 1 0 0 41917 224
0x00007d762f65ab80 0x0000000b1d8abb80 0 1 1 0 1 0 0 41917 232
0x00007d762f65ac00 0x0000000b1d8abc00 0 0 0 0 1 0 0 41917 240
0x00007d762f65ac80 0x0000000b1d8abc80 0 0 0 0 1 0 0 41917 248
0x00007d762f65ad00 0x0000000b1d8abd00 0 1 0 0 1 0 0 41917 240
0x00007d762f65ad80 0x0000000b1d8abd80 0 1 0 0 1 0 0 41917 248
0x00007d762f65ae00 0x0000000b1d8abe00 0 0 1 0 1 0 0 41917 240
0x00007d762f65ae80 0x0000000b1d8abe80 0 0 1 0 1 0 0 41917 248
0x00007d762f65af00 0x0000000b1d8abf00 0 1 1 0 1 0 0 41917 240
0x00007d762f65af80 0x0000000b1d8abf80 0 1 1 0 1 0 0 41917 248
0x00007d762f670000 0x0000000dec8af000 0 0 0 0 1 0 0 56717 448
0x00007d762f670080 0x0000000dec8af080 0 0 0 0 1 0 0 56717 456
0x00007d762f670100 0x0000000dec8af100 0 1 0 0 1 0 0 56717 448
0x00007d762f670180 0x0000000dec8af180 0 1 0 0 1 0 0 56717 456
0x00007d762f670200 0x0000000dec8af200 0 0 1 0 1 0 0 56717 448
0x00007d762f670280 0x0000000dec8af280 0 0 1 0 1 0 0 56717 456
0x00007d762f670300 0x0000000dec8af300 0 1 1 0 1 0 0 56717 448
0x00007d762f670380 0x0000000dec8af380 0 1 1 0 1 0 0 56717 456
0x00007d762f670400 0x0000000dec8af400 0 0 0 0 1 0 0 56717 464
0x00007d762f670480 0x0000000dec8af480 0 0 0 0 1 0 0 56717 472
0x00007d762f670500 0x0000000dec8af500 0 1 0 0 1 0 0 56717 464
0x00007d762f670580 0x0000000dec8af580 0 1 0 0 1 0 0 56717 472
0x00007d762f670600 0x0000000dec8af600 0 0 1 0 1 0 0 56717 464
0x00007d762f670680 0x0000000dec8af680 0 0 1 0 1 0 0 56717 472
0x00007d762f670700 0x0000000dec8af700 0 1 1 0 1 0 0 56717 464
0x00007d762f670780 0x0000000dec8af780 0 1 1 0 1 0 0 56717 472
0x00007d762f670800 0x0000000dec8af800 0 0 0 0 1 0 0 56717 480
0x00007d762f670880 0x0000000dec8af880 0 0 0 0 1 0 0 56717 488
0x00007d762f670900 0x0000000dec8af900 0 1 0 0 1 0 0 56717 480
0x00007d762f670980 0x0000000dec8af980 0 1 0 0 1 0 0 56717 488
0x00007d762f670a00 0x0000000dec8afa00 0 0 1 0 1 0 0 56717 480
0x00007d762f670a80 0x0000000dec8afa80 0 0 1 0 1 0 0 56717 488
0x00007d762f670b00 0x0000000dec8afb00 0 1 1 0 1 0 0 56717 480
0x00007d762f670b80 0x0000000dec8afb80 0 1 1 0 1 0 0 56717 488
0x00007d762f670c00 0x0000000dec8afc00 0 0 0 0 1 0 0 56717 496
0x00007d762f670c80 0x0000000dec8afc80 0 0 0 0 1 0 0 56717 504
0x00007d762f670d00 0x0000000dec8afd00 0 1 0 0 1 0 0 56717 496
0x00007d762f670d80 0x0000000dec8afd80 0 1 0 0 1 0 0 56717 504
0x00007d762f670e00 0x0000000dec8afe00 0 0 1 0 1 0 0 56717 496
0x00007d762f670e80 0x0000000dec8afe80 0 0 1 0 1 0 0 56717 504
0x00007d762f670f00 0x0000000dec8aff00 0 1 1 0 1 0 0 56717 496
0x00007d762f670f80 0x0000000dec8aff80 0 1 1 0 1 0 0 56717 504
0x00007d762f678000 0x0000000373894000 0 0 0 0 0 0 0 11900 768
0x00007d762f678080 0x0000000373894080 0 0 0 0 0 0 0 11900 776
0x00007d762f678100 0x0000000373894100 0 1 0 0 0 0 0 11900 768
0x00007d762f678180 0x0000000373894180 0 1 0 0 0 0 0 11900 776
0x00007d762f678200 0x0000000373894200 0 0 1 0 0 0 0 11900 768
0x00007d762f678280 0x0000000373894280 0 0 1 0 0 0 0 11900 776
0x00007d762f678300 0x0000000373894300 0 1 1 0 0 0 0 11900 768
0x00007d762f678380 0x0000000373894380 0 1 1 0 0 0 0 11900 776
0x00007d762f678400 0x0000000373894400 0 0 0 0 0 0 0 11900 784
0x00007d762f678480 0x0000000373894480 0 0 0 0 0 0 0 11900 792
0x00007d762f678500 0x0000000373894500 0 1 0 0 0 0 0 11900 784
0x00007d762f678580 0x0000000373894580 0 1 0 0 0 0 0 11900 792
0x00007d762f678600 0x0000000373894600 0 0 1 0 0 0 0 11900 784
0x00007d762f678680 0x0000000373894680 0 0 1 0 0 0 0 11900 792
0x00007d762f678700 0x0000000373894700 0 1 1 0 0 0 0 11900 784
0x00007d762f678780 0x0000000373894780 0 1 1 0 0 0 0 11900 792
0x00007d762f678800 0x0000000373894800 0 0 0 0 0 0 0 11900 800
0x00007d762f678880 0x0000000373894880 0 0 0 0 0 0 0 11900 808
0x00007d762f678900 0x0000000373894900 0 1 0 0 0 0 0 11900 800
0x00007d762f678980 0x0000000373894980 0 1 0 0 0 0 0 11900 808
0x00007d762f678a00 0x0000000373894a00 0 0 1 0 0 0 0 11900 800
0x00007d762f678a80 0x0000000373894a80 0 0 1 0 0 0 0 11900 808
0x00007d762f678b00 0x0000000373894b00 0 1 1 0 0 0 0 11900 800
0x00007d762f678b80 0x0000000373894b80 0 1 1 0 0 0 0 11900 808
0x00007d762f678c00 0x0000000373894c00 0 0 0 0 0 0 0 11900 816
0x00007d762f678c80 0x0000000373894c80 0 0 0 0 0 0 0 11900 824
0x00007d762f678d00 0x0000000373894d00 0 1 0 0 0 0 0 11900 816
0x00007d762f678d80 0x0000000373894d80 0 1 0 0 0 0 0 11900 824
0x00007d762f678e00 0x0000000373894e00 0 0 1 0 0 0 0 11900 816
0x00007d762f678e80 0x0000000373894e80 0 0 1 0 0 0 0 11900 824
0x00007d762f678f00 0x0000000373894f00 0 1 1 0 0 0 0 11900 816
0x00007d762f678f80 0x0000000373894f80 0 1 1 0 0 0 0 11900 824
0x00007d762f679000 0x0000000dec8a0000 0 0 0 0 0 0 0 56717 0
0x00007d762f679080 0x0000000dec8a0080 0 0 0 0 0 0 0 56717 8
0x00007d762f679100 0x0000000dec8a0100 0 1 0 0 0 0 0 56717 0
0x00007d762f679180 0x0000000dec8a0180 0 1 0 0 0 0 0 56717 8
0x00007d762f679200 0x0000000dec8a0200 0 0 1 0 0 0 0 56717 0
0x00007d762f679280 0x0000000dec8a0280 0 0 1 0 0 0 0 56717 8
0x00007d762f679300 0x0000000dec8a0300 0 1 1 0 0 0 0 56717 0
0x00007d762f679380 0x0000000dec8a0380 0 1 1 0 0 0 0 56717 8
0x00007d762f679400 0x0000000dec8a0400 0 0 0 0 0 0 0 56717 16
0x00007d762f679480 0x0000000dec8a0480 0 0 0 0 0 0 0 56717 24
0x00007d762f679500 0x0000000dec8a0500 0 1 0 0 0 0 0 56717 16
0x00007d762f679580 0x0000000dec8a0580 0 1 0 0 0 0 0 56717 24
0x00007d762f679600 0x0000000dec8a0600 0 0 1 0 0 0 0 56717 16
0x00007d762f679680 0x0000000dec8a0680 0 0 1 0 0 0 0 56717 24
0x00007d762f679700 0x0000000dec8a0700 0 1 1 0 0 0 0 56717 16
0x00007d762f679780 0x0000000dec8a0780 0 1 1 0 0 0 0 56717 24
0x00007d762f679800 0x0000000dec8a0800 0 0 0 0 0 0 0 56717 32
0x00007d762f679880 0x0000000dec8a0880 0 0 0 0 0 0 0 56717 40
0x00007d762f679900 0x0000000dec8a0900 0 1 0 0 0 0 0 56717 32
0x00007d762f679980 0x0000000dec8a0980 0 1 0 0 0 0 0 56717 40
0x00007d762f679a00 0x0000000dec8a0a00 0 0 1 0 0 0 0 56717 32
0x00007d762f679a80 0x0000000dec8a0a80 0 0 1 0 0 0 0 56717 40
0x00007d762f679b00 0x0000000dec8a0b00 0 1 1 0 0 0 0 56717 32
0x00007d762f679b80 0x0000000dec8a0b80 0 1 1 0 0 0 0 56717 40
0x00007d762f679c00 0x0000000dec8a0c00 0 0 0 0 0 0 0 56717 48
0x00007d762f679c80 0x0000000dec8a0c80 0 0 0 0 0 0 0 56717 56
0x00007d762f679d00 0x0000000dec8a0d00 0 1 0 0 0 0 0 56717 48
0x00007d762f679d80 0x0000000dec8a0d80 0 1 0 0 0 0 0 56717 56
0x00007d762f679e00 0x0000000dec8a0e00 0 0 1 0 0 0 0 56717 48
0x00007d762f679e80 0x0000000dec8a0e80 0 0 1 0 0 0 0 56717 56
0x00007d762f679f00 0x0000000dec8a0f00 0 1 1 0 0 0 0 56717 48
0x00007d762f679f80 0x0000000dec8a0f80 0 1 1 0 0 0 0 56717 56
0x00007d762f686000 0x0000000bc4836000 0 0 0 0 0 0 0 47241 896
0x00007d762f686080 0x0000000bc4836080 0 0 0 0 0 0 0 47241 904
0x00007d762f686100 0x0000000bc4836100 0 1 0 0 0 0 0 47241 896
0x00007d762f686180 0x0000000bc4836180 0 1 0 0 0 0 0 47241 904
0x00007d762f686200 0x0000000bc4836200 0 0 1 0 0 0 0 47241 896
0x00007d762f686280 0x0000000bc4836280 0 0 1 0 0 0 0 47241 904
0x00007d762f686300 0x0000000bc4836300 0 1 1 0 0 0 0 47241 896
0x00007d762f686380 0x0000000bc4836380 0 1 1 0 0 0 0 47241 904
0x00007d762f686400 0x0000000bc4836400 0 0 0 0 0 0 0 47241 912
0x00007d762f686480 0x0000000bc4836480 0 0 0 0 0 0 0 47241 920
0x00007d762f686500 0x0000000bc4836500 0 1 0 0 0 0 0 47241 912
0x00007d762f686580 0x0000000bc4836580 0 1 0 0 0 0 0 47241 920
0x00007d762f686600 0x0000000bc4836600 0 0 1 0 0 0 0 47241 912
0x00007d762f686680 0x0000000bc4836680 0 0 1 0 0 0 0 47241 920
0x00007d762f686700 0x0000000bc4836700 0 1 1 0 0 0 0 47241 912
0x00007d762f686780 0x0000000bc4836780 0 1 1 0 0 0 0 47241 920
0x00007d762f686800 0x0000000bc4836800 0 0 0 0 0 0 0 47241 928
0x00007d762f686880 0x0000000bc4836880 0 0 0 0 0 0 0 47241 936
0x00007d762f686900 0x0000000bc4836900 0 1 0 0 0 0 0 47241 928
0x00007d762f686980 0x0000000bc4836980 0 1 0 0 0 0 0 47241 936
0x00007d762f686a00 0x0000000bc4836a00 0 0 1 0 0 0 0 47241 928
0x00007d762f686a80 0x0000000bc4836a80 0 0 1 0 0 0 0 47241 936
0x00007d762f686b00 0x0000000bc4836b00 0 1 1 0 0 0 0 47241 928
0x00007d762f686b80 0x0000000bc4836b80 0 1 1 0 0 0 0 47241 936
0x00007d762f686c00 0x0000000bc4836c00 0 0 0 0 0 0 0 47241 944
0x00007d762f686c80 0x0000000bc4836c80 0 0 0 0 0 0 0 47241 952
0x00007d762f686d00 0x0000000bc4836d00 0 1 0 0 0 0 0 47241 944
0x00007d762f686d80 0x0000000bc4836d80 0 1 0 0 0 0 0 47241 952
0x00007d762f686e00 0x0000000bc4836e00 0 0 1 0 0 0 0 47241 944
0x00007d762f686e80 0x0000000bc4836e80 0 0 1 0 0 0 0 47241 952
0x00007d762f686f00 0x0000000bc4836f00 0 1 1 0 0 0 0 47241 944
0x00007d762f686f80 0x0000000bc4836f80 0 1 1 0 0 0 0 47241 952
0x00007d762f687000 0x00000009048e9000 0 0 0 0 1 0 0 32927 64
0x00007d762f687080 0x00000009048e9080 0 0 0 0 1 0 0 32927 72
0x00007d762f687100 0x00000009048e9100 0 1 0 0 1 0 0 32927 64
0x00007d762f687180 0x00000009048e9180 0 1 0 0 1 0 0 32927 72
0x00007d762f687200 0x00000009048e9200 0 0 1 0 1 0 0 32927 64
0x00007d762f687280 0x00000009048e9280 0 0 1 0 1 0 0 32927 72
0x00007d762f687300 0x00000009048e9300 0 1 1 0 1 0 0 32927 64
0x00007d762f687380 0x00000009048e9380 0 1 1 0 1 0 0 32927 72
0x00007d762f687400 0x00000009048e9400 0 0 0 0 1 0 0 32927 80
0x00007d762f687480 0x00000009048e9480 0 0 0 0 1 0 0 32927 88
0x00007d762f687500 0x00000009048e9500 0 1 0 0 1 0 0 32927 80
0x00007d762f687580 0x00000009048e9580 0 1 0 0 1 0 0 32927 88
0x00007d762f687600 0x00000009048e9600 0 0 1 0 1 0 0 32927 80
0x00007d762f687680 0x00000009048e9680 0 0 1 0 1 0 0 32927 88
0x00007d762f687700 0x00000009048e9700 0 1 1 0 1 0 0 32927 80
0x00007d762f687780 0x00000009048e9780 0 1 1 0 1 0 0 32927 88
0x00007d762f687800 0x00000009048e9800 0 0 0 0 1 0 0 32927 96
0x00007d762f687880 0x00000009048e9880 0 0 0 0 1 0 0 32927 104
0x00007d762f687900 0x00000009048e9900 0 1 0 0 1 0 0 32927 96
0x00007d762f687980 0x00000009048e9980 0 1 0 0 1 0 0 32927 104
0x00007d762f687a00 0x00000009048e9a00 0 0 1 0 1 0 0 32927 96
0x00007d762f687a80 0x00000009048e9a80 0 0 1 0 1 0 0 32927 104
0x00007d762f687b00 0x00000009048e9b00 0 1 1 0 1 0 0 32927 96
0x00007d762f687b80 0x00000009048e9b80 0 1 1 0 1 0 0 32927 104
0x00007d762f687c00 0x00000009048e9c00 0 0 0 0 1 0 0 32927 112
0x00007d762f687c80 0x00000009048e9c80 0 0 0 0 1 0 0 32927 120
0x00007d762f687d00 0x00000009048e9d00 0 1 0 0 1 0 0 32927 112
0x00007d762f687d80 0x00000009048e9d80 0 1 0 0 1 0 0 32927 120
0x00007d762f687e00 0x00000009048e9e00 0 0 1 0 1 0 0 32927 112
0x00007d762f687e80 0x00000009048e9e80 0 0 1 0 1 0 0 32927 120
0x00007d762f687f00 0x00000009048e9f00 0 1 1 0 1 0 0 32927 112
0x00007d762f687f80 0x00000009048e9f80 0 1 1 0 1 0 0 32927 120
0x00007d762f693000 0x0000000dec8a6000 0 0 0 0 0 0 0 56717 384
0x00007d762f693080 0x0000000dec8a6080 0 0 0 0 0 0 0 56717 392
0x00007d762f693100 0x0000000dec8a6100 0 1 0 0 0 0 0 56717 384
0x00007d762f693180 0x0000000dec8a6180 0 1 0 0 0 0 0 56717 392
0x00007d762f693200 0x0000000dec8a6200 0 0 1 0 0 0 0 56717 384
0x00007d762f693280 0x0000000dec8a6280 0 0 1 0 0 0 0 56717 392
0x00007d762f693300 0x0000000dec8a6300 0 1 1 0 0 0 0 56717 384
0x00007d762f693380 0x0000000dec8a6380 0 1 1 0 0 0 0 56717 392
0x00007d762f693400 0x0000000dec8a6400 0 0 0 0 0 0 0 56717 400
0x00007d762f693480 0x0000000dec8a6480 0 0 0 0 0 0 0 56717 408
0x00007d762f693500 0x0000000dec8a6500 0 1 0 0 0 0 0 56717 400
0x00007d762f693580 0x0000000dec8a6580 0 1 0 0 0 0 0 56717 408
0x00007d762f693600 0x0000000dec8a6600 0 0 1 0 0 0 0 56717 400
0x00007d762f693680 0x0000000dec8a6680 0 0 1 0 0 0 0 56717 408
0x00007d762f693700 0x0000000dec8a6700 0 1 1 0 0 0 0 56717 400
0x00007d762f693780 0x0000000dec8a6780 0 1 1 0 0 0 0 56717 408
0x00007d762f693800 0x0000000dec8a6800 0 0 0 0 0 0 0 56717 416
0x00007d762f693880 0x0000000dec8a6880 0 0 0 0 0 0 0 56717 424
0x00007d762f693900 0x0000000dec8a6900 0 1 0 0 0 0 0 56717 416
0x00007d762f693980 0x0000000dec8a6980 0 1 0 0 0 0 0 56717 424
0x00007d762f693a00 0x0000000dec8a6a00 0 0 1 0 0 0 0 56717 416
0x00007d762f693a80 0x0000000dec8a6a80 0 0 1 0 0 0 0 56717 424
0x00007d762f693b00 0x0000000dec8a6b00 0 1 1 0 0 0 0 56717 416
0x00007d762f693b80 0x0000000dec8a6b80 0 1 1 0 0 0 0 56717 424
0x00007d762f693c00 0x0000000dec8a6c00 0 0 0 0 0 0 0 56717 432
0x00007d762f693c80 0x0000000dec8a6c80 0 0 0 0 0 0 0 56717 440
0x00007d762f693d00 0x0000000dec8a6d00 0 1 0 0 0 0 0 56717 432
0x00007d762f693d80 0x0000000dec8a6d80 0 1 0 0 0 0 0 56717 440
0x00007d762f693e00 0x0000000dec8a6e00 0 0 1 0 0 0 0 56717 432
0x00007d762f693e80 0x0000000dec8a6e80 0 0 1 0 0 0 0 56717 440
0x00007d762f693f00 0x0000000dec8a6f00 0 1 1 0 0 0 0 56717 432
0x00007d762f693f80 0x0000000dec8a6f80 0 1 1 0 0 0 0 56717 440
0x00007d762f6a0000 0x0000000dec8a7000 0 0 0 0 0 0 0 56717 448
0x00007d762f6a0080 0x0000000dec8a7080 0 0 0 0 0 0 0 56717 456
0x00007d762f6a0100 0x0000000dec8a7100 0 1 0 0 0 0 0 56717 448
0x00007d762f6a0180 0x0000000dec8a7180 0 1 0 0 0 0 0 56717 456
0x00007d762f6a0200 0x0000000dec8a7200 0 0 1 0 0 0 0 56717 448
0x00007d762f6a0280 0x0000000dec8a7280 0 0 1 0 0 0 0 56717 456
0x00007d762f6a0300 0x0000000dec8a7300 0 1 1 0 0 0 0 56717 448
0x00007d762f6a0380 0x0000000dec8a7380 0 1 1 0 0 0 0 56717 456
0x00007d762f6a0400 0x0000000dec8a7400 0 0 0 0 0 0 0 56717 464
0x00007d762f6a0480 0x0000000dec8a7480 0 0 0 0 0 0 0 56717 472
0x00007d762f6a0500 0x0000000dec8a7500 0 1 0 0 0 0 0 56717 464
0x00007d762f6a0580 0x0000000dec8a7580 0 1 0 0 0 0 0 56717 472
0x00007d762f6a0600 0x0000000dec8a7600 0 0 1 0 0 0 0 56717 464
0x00007d762f6a0680 0x0000000dec8a7680 0 0 1 0 0 0 0 56717 472
0x00007d762f6a0700 0x0000000dec8a7700 0 1 1 0 0 0 0 56717 464
0x00007d762f6a0780 0x0000000dec8a7780 0 1 1 0 0 0 0 56717 472
0x00007d762f6a0800 0x0000000dec8a7800 0 0 0 0 0 0 0 56717 480
0x00007d762f6a0880 0x0000000dec8a7880 0 0 0 0 0 0 0 56717 488
0x00007d762f6a0900 0x0000000dec8a7900 0 1 0 0 0 0 0 56717 480
0x00007d762f6a0980 0x0000000dec8a7980 0 1 0 0 0 0 0 56717 488
0x00007d762f6a0a00 0x0000000dec8a7a00 0 0 1 0 0 0 0 56717 480
0x00007d762f6a0a80 0x0000000dec8a7a80 0 0 1 0 0 0 0 56717 488
0x00007d762f6a0b00 0x0000000dec8a7b00 0 1 1 0 0 0 0 56717 480
0x00007d762f6a0b80 0x0000000dec8a7b80 0 1 1 0 0 0 0 56717 488
0x00007d762f6a0c00 0x0000000dec8a7c00 0 0 0 0 0 0 0 56717 496
0x00007d762f6a0c80 0x0000000dec8a7c80 0 0 0 0 0 0 0 56717 504
0x00007d762f6a0d00 0x0000000dec8a7d00 0 1 0 0 0 0 0 56717 496
0x00007d762f6a0d80 0x0000000dec8a7d80 0 1 0 0 0 0 0 56717 504
0x00007d762f6a0e00 0x0000000dec8a7e00 0 0 1 0 0 0 0 56717 496
0x00007d762f6a0e80 0x0000000dec8a7e80 0 0 1 0 0 0 0 56717 504
0x00007d762f6a0f00 0x0000000dec8a7f00 0 1 1 0 0 0 0 56717 496
0x00007d762f6a0f80 0x0000000dec8a7f80 0 1 1 0 0 0 0 56717 504
0x00007d762f6a4000 0x00000005b109b000 0 0 0 0 1 0 0 22052 704
0x00007d762f6a4080 0x00000005b109b080 0 0 0 0 1 0 0 22052 712
0x00007d762f6a4100 0x00000005b109b100 0 1 0 0 1 0 0 22052 704
0x00007d762f6a4180 0x00000005b109b180 0 1 0 0 1 0 0 22052 712
0x00007d762f6a4200 0x00000005b109b200 0 0 1 0 1 0 0 22052 704
0x00007d762f6a4280 0x00000005b109b280 0 0 1 0 1 0 0 22052 712
0x00007d762f6a4300 0x00000005b109b300 0 1 1 0 1 0 0 22052 704
0x00007d762f6a4380 0x00000005b109b380 0 1 1 0 1 0 0 22052 712
0x00007d762f6a4400 0x00000005b109b400 0 0 0 0 1 0 0 22052 720
0x00007d762f6a4480 0x00000005b109b480 0 0 0 0 1 0 0 22052 728
0x00007d762f6a4500 0x00000005b109b500 0 1 0 0 1 0 0 22052 720
0x00007d762f6a4580 0x00000005b109b580 0 1 0 0 1 0 0 22052 728
0x00007d762f6a4600 0x00000005b109b600 0 0 1 0 1 0 0 22052 720
0x00007d762f6a4680 0x00000005b109b680 0 0 1 0 1 0 0 22052 728
0x00007d762f6a4700 0x00000005b109b700 0 1 1 0 1 0 0 22052 720
0x00007d762f6a4780 0x00000005b109b780 0 1 1 0 1 0 0 22052 728
0x00007d762f6a4800 0x00000005b109b800 0 0 0 0 1 0 0 22052 736
0x00007d762f6a4880 0x00000005b109b880 0 0 0 0 1 0 0 22052 744
0x00007d762f6a4900 0x00000005b109b900 0 1 0 0 1 0 0 22052 736
0x00007d762f6a4980 0x00000005b109b980 0 1 0 0 1 0 0 22052 744
0x00007d762f6a4a00 0x00000005b109ba00 0 0 1 0 1 0 0 22052 736
0x00007d762f6a4a80 0x00000005b109ba80 0 0 1 0 1 0 0 22052 744
0x00007d762f6a4b00 0x00000005b109bb00 0 1 1 0 1 0 0 22052 736
0x00007d762f6a4b80 0x00000005b109bb80 0 1 1 0 1 0 0 22052 744
0x00007d762f6a4c00 0x00000005b109bc00 0 0 0 0 1 0 0 22052 752
0x00007d762f6a4c80 0x00000005b109bc80 0 0 0 0 1 0 0 22052 760
0x00007d762f6a4d00 0x00000005b109bd00 0 1 0 0 1 0 0 22052 752
0x00007d762f6a4d80 0x00000005b109bd80 0 1 0 0 1 0 0 22052 760
0x00007d762f6a4e00 0x00000005b109be00 0 0 1 0 1 0 0 22052 752
0x00007d762f6a4e80 0x00000005b109be80 0 0 1 0 1 0 0 22052 760
0x00007d762f6a4f00 0x00000005b109bf00 0 1 1 0 1 0 0 22052 752
0x00007d762f6a4f80 0x00000005b109bf80 0 1 1 0 1 0 0 22052 760
0x00007d762f6b2000 0x0000000582819000 0 0 0 0 1 0 0 20552 576
0x00007d762f6b2080 0x0000000582819080 0 0 0 0 1 0 0 20552 584
0x00007d762f6b2100 0x0000000582819100 0 1 0 0 1 0 0 20552 576
0x00007d762f6b2180 0x0000000582819180 0 1 0 0 1 0 0 20552 584
0x00007d762f6b2200 0x0000000582819200 0 0 1 0 1 0 0 20552 576
0x00007d762f6b2280 0x0000000582819280 0 0 1 0 1 0 0 20552 584
0x00007d762f6b2300 0x0000000582819300 0 1 1 0 1 0 0 20552 576
0x00007d762f6b2380 0x0000000582819380 0 1 1 0 1 0 0 20552 584
0x00007d762f6b2400 0x0000000582819400 0 0 0 0 1 0 0 20552 592
0x00007d762f6b2480 0x0000000582819480 0 0 0 0 1 0 0 20552 600
0x00007d762f6b2500 0x0000000582819500 0 1 0 0 1 0 0 20552 592
0x00007d762f6b2580 0x0000000582819580 0 1 0 0 1 0 0 20552 600
0x00007d762f6b2600 0x0000000582819600 0 0 1 0 1 0 0 20552 592
0x00007d762f6b2680 0x0000000582819680 0 0 1 0 1 0 0 20552 600
0x00007d762f6b2700 0x0000000582819700 0 1 1 0 1 0 0 20552 592
0x00007d762f6b2780 0x0000000582819780 0 1 1 0 1 0 0 20552 600
0x00007d762f6b2800 0x0000000582819800 0 0 0 0 1 0 0 20552 608
0x00007d762f6b2880 0x0000000582819880 0 0 0 0 1 0 0 20552 616
0x00007d762f6b2900 0x0000000582819900 0 1 0 0 1 0 0 20552 608
0x00007d762f6b2980 0x0000000582819980 0 1 0 0 1 0 0 20552 616
0x00007d762f6b2a00 0x0000000582819a00 0 0 1 0 1 0 0 20552 608
0x00007d762f6b2a80 0x0000000582819a80 0 0 1 0 1 0 0 20552 616
0x00007d762f6b2b00 0x0000000582819b00 0 1 1 0 1 0 0 20552 608
0x00007d762f6b2b80 0x0000000582819b80 0 1 1 0 1 0 0 20552 616
0x00007d762f6b2c00 0x0000000582819c00 0 0 0 0 1 0 0 20552 624
0x00007d762f6b2c80 0x0000000582819c80 0 0 0 0 1 0 0 20552 632
0x00007d762f6b2d00 0x0000000582819d00 0 1 0 0 1 0 0 20552 624
0x00007d762f6b2d80 0x0000000582819d80 0 1 0 0 1 0 0 20552 632
0x00007d762f6b2e00 0x0000000582819e00 0 0 1 0 1 0 0 20552 624
0x00007d762f6b2e80 0x0000000582819e80 0 0 1 0 1 0 0 20552 632
0x00007d762f6b2f00 0x0000000582819f00 0 1 1 0 1 0 0 20552 624
0x00007d762f6b2f80 0x0000000582819f80 0 1 1 0 1 0 0 20552 632
0x00007d762f6b3000 0x00000005bf860000 0 0 0 0 0 0 0 22507 0
0x00007d762f6b3080 0x00000005bf860080 0 0 0 0 0 0 0 22507 8
0x00007d762f6b3100 0x00000005bf860100 0 1 0 0 0 0 0 22507 0
0x00007d762f6b3180 0x00000005bf860180 0 1 0 0 0 0 0 22507 8
0x00007d762f6b3200 0x00000005bf860200 0 0 1 0 0 0 0 22507 0
0x00007d762f6b3280 0x00000005bf860280 0 0 1 0 0 0 0 22507 8
0x00007d762f6b3300 0x00000005bf860300 0 1 1 0 0 0 0 22507 0
0x00007d762f6b3380 0x00000005bf860380 0 1 1 0 0 0 0 22507 8
0x00007d762f6b3400 0x00000005bf860400 0 0 0 0 0 0 0 22507 16
0x00007d762f6b3480 0x00000005bf860480 0 0 0 0 0 0 0 22507 24
0x00007d762f6b3500 0x00000005bf860500 0 1 0 0 0 0 0 22507 16
0x00007d762f6b3580 0x00000005bf860580 0 1 0 0 0 0 0 22507 24
0x00007d762f6b3600 0x00000005bf860600 0 0 1 0 0 0 0 22507 16
0x00007d762f6b3680 0x00000005bf860680 0 0 1 0 0 0 0 22507 24
0x00007d762f6b3700 0x00000005bf860700 0 1 1 0 0 0 0 22507 16
0x00007d762f6b3780 0x00000005bf860780 0 1 1 0 0 0 0 22507 24
0x00007d762f6b3800 0x00000005bf860800 0 0 0 0 0 0 0 22507 32
0x00007d762f6b3880 0x00000005bf860880 0 0 0 0 0 0 0 22507 40
0x00007d762f6b3900 0x00000005bf860900 0 1 0 0 0 0 0 22507 32
0x00007d762f6b3980 0x00000005bf860980 0 1 0 0 0 0 0 22507 40
0x00007d762f6b3a00 0x00000005bf860a00 0 0 1 0 0 0 0 22507 32
0x00007d762f6b3a80 0x00000005bf860a80 0 0 1 0 0 0 0 22507 40
0x00007d762f6b3b00 0x00000005bf860b00 0 1 1 0 0 0 0 22507 32
0x00007d762f6b3b80 0x00000005bf860b80 0 1 1 0 0 0 0 22507 40
0x00007d762f6b3c00 0x00000005bf860c00 0 0 0 0 0 0 0 22507 48
0x00007d762f6b3c80 0x00000005bf860c80 0 0 0 0 0 0 0 22507 56
0x00007d762f6b3d00 0x00000005bf860d00 0 1 0 0 0 0 0 22507 48
0x00007d762f6b3d80 0x00000005bf860d80 0 1 0 0 0 0 0 22507 56
0x00007d762f6b3e00 0x00000005bf860e00 0 0 1 0 0 0 0 22507 48
0x00007d762f6b3e80 0x00000005bf860e80 0 0 1 0 0 0 0 22507 56
0x00007d762f6b3f00 0x00000005bf860f00 0 1 1 0 0 0 0 22507 48
0x00007d762f6b3f80 0x00000005bf860f80 0 1 1 0 0 0 0 22507 56
0x00007d762f6b7000 0x0000000582816000 0 0 0 0 0 0 0 20552 896
0x00007d762f6b7080 0x0000000582816080 0 0 0 0 0 0 0 20552 904
0x00007d762f6b7100 0x0000000582816100 0 1 0 0 0 0 0 20552 896
0x00007d762f6b7180 0x0000000582816180 0 1 0 0 0 0 0 20552 904
0x00007d762f6b7200 0x0000000582816200 0 0 1 0 0 0 0 20552 896
0x00007d762f6b7280 0x0000000582816280 0 0 1 0 0 0 0 20552 904
0x00007d762f6b7300 0x0000000582816300 0 1 1 0 0 0 0 20552 896
0x00007d762f6b7380 0x0000000582816380 0 1 1 0 0 0 0 20552 904
0x00007d762f6b7400 0x0000000582816400 0 0 0 0 0 0 0 20552 912
0x00007d762f6b7480 0x0000000582816480 0 0 0 0 0 0 0 20552 920
0x00007d762f6b7500 0x0000000582816500 0 1 0 0 0 0 0 20552 912
0x00007d762f6b7580 0x0000000582816580 0 1 0 0 0 0 0 20552 920
0x00007d762f6b7600 0x0000000582816600 0 0 1 0 0 0 0 20552 912
0x00007d762f6b7680 0x0000000582816680 0 0 1 0 0 0 0 20552 920
0x00007d762f6b7700 0x0000000582816700 0 1 1 0 0 0 0 20552 912
0x00007d762f6b7780 0x0000000582816780 0 1 1 0 0 0 0 20552 920
0x00007d762f6b7800 0x0000000582816800 0 0 0 0 0 0 0 20552 928
0x00007d762f6b7880 0x0000000582816880 0 0 0 0 0 0 0 20552 936
0x00007d762f6b7900 0x0000000582816900 0 1 0 0 0 0 0 20552 928
0x00007d762f6b7980 0x0000000582816980 0 1 0 0 0 0 0 20552 936
0x00007d762f6b7a00 0x0000000582816a00 0 0 1 0 0 0 0 20552 928
0x00007d762f6b7a80 0x0000000582816a80 0 0 1 0 0 0 0 20552 936
0x00007d762f6b7b00 0x0000000582816b00 0 1 1 0 0 0 0 20552 928
0x00007d762f6b7b80 0x0000000582816b80 0 1 1 0 0 0 0 20552 936
0x00007d762f6b7c00 0x0000000582816c00 0 0 0 0 0 0 0 20552 944
0x00007d762f6b7c80 0x0000000582816c80 0 0 0 0 0 0 0 20552 952
0x00007d762f6b7d00 0x0000000582816d00 0 1 0 0 0 0 0 20552 944
0x00007d762f6b7d80 0x0000000582816d80 0 1 0 0 0 0 0 20552 952
0x00007d762f6b7e00 0x0000000582816e00 0 0 1 0 0 0 0 20552 944
0x00007d762f6b7e80 0x0000000582816e80 0 0 1 0 0 0 0 20552 952
0x00007d762f6b7f00 0x0000000582816f00 0 1 1 0 0 0 0 20552 944
0x00007d762f6b7f80 0x0000000582816f80 0 1 1 0 0 0 0 20552 952
0x00007d762f6c6000 0x00000005f60aa000 0 0 0 0 1 0 0 24261 128
0x00007d762f6c6080 0x00000005f60aa080 0 0 0 0 1 0 0 24261 136
0x00007d762f6c6100 0x00000005f60aa100 0 1 0 0 1 0 0 24261 128
0x00007d762f6c6180 0x00000005f60aa180 0 1 0 0 1 0 0 24261 136
0x00007d762f6c6200 0x00000005f60aa200 0 0 1 0 1 0 0 24261 128
0x00007d762f6c6280 0x00000005f60aa280 0 0 1 0 1 0 0 24261 136
0x00007d762f6c6300 0x00000005f60aa300 0 1 1 0 1 0 0 24261 128
0x00007d762f6c6380 0x00000005f60aa380 0 1 1 0 1 0 0 24261 136
0x00007d762f6c6400 0x00000005f60aa400 0 0 0 0 1 0 0 24261 144
0x00007d762f6c6480 0x00000005f60aa480 0 0 0 0 1 0 0 24261 152
0x00007d762f6c6500 0x00000005f60aa500 0 1 0 0 1 0 0 24261 144
0x00007d762f6c6580 0x00000005f60aa580 0 1 0 0 1 0 0 24261 152
0x00007d762f6c6600 0x00000005f60aa600 0 0 1 0 1 0 0 24261 144
0x00007d762f6c6680 0x00000005f60aa680 0 0 1 0 1 0 0 24261 152
0x00007d762f6c6700 0x00000005f60aa700 0 1 1 0 1 0 0 24261 144
0x00007d762f6c6780 0x00000005f60aa780 0 1 1 0 1 0 0 24261 152
0x00007d762f6c6800 0x00000005f60aa800 0 0 0 0 1 0 0 24261 160
0x00007d762f6c6880 0x00000005f60aa880 0 0 0 0 1 0 0 24261 168
0x00007d762f6c6900 0x00000005f60aa900 0 1 0 0 1 0 0 24261 160
0x00007d762f6c6980 0x00000005f60aa980 0 1 0 0 1 0 0 24261 168
0x00007d762f6c6a00 0x00000005f60aaa00 0 0 1 0 1 0 0 24261 160
0x00007d762f6c6a80 0x00000005f60aaa80 0 0 1 0 1 0 0 24261 168
0x00007d762f6c6b00 0x00000005f60aab00 0 1 1 0 1 0 0 24261 160
0x00007d762f6c6b80 0x00000005f60aab80 0 1 1 0 1 0 0 24261 168
0x00007d762f6c6c00 0x00000005f60aac00 0 0 0 0 1 0 0 24261 176
0x00007d762f6c6c80 0x00000005f60aac80 0 0 0 0 1 0 0 24261 184
0x00007d762f6c6d00 0x00000005f60aad00 0 1 0 0 1 0 0 24261 176
0x00007d762f6c6d80 0x00000005f60aad80 0 1 0 0 1 0 0 24261 184
0x00007d762f6c6e00 0x00000005f60aae00 0 0 1 0 1 0 0 24261 176
0x00007d762f6c6e80 0x00000005f60aae80 0 0 1 0 1 0 0 24261 184
0x00007d762f6c6f00 0x00000005f60aaf00 0 1 1 0 1 0 0 24261 176
0x00007d762f6c6f80 0x00000005f60aaf80 0 1 1 0 1 0 0 24261 184
0x00007d762f6c9000 0x00000005f60a8000 0 0 0 0 1 0 0 24261 0
0x00007d762f6c9080 0x00000005f60a8080 0 0 0 0 1 0 0 24261 8
0x00007d762f6c9100 0x00000005f60a8100 0 1 0 0 1 0 0 24261 0
0x00007d762f6c9180 0x00000005f60a8180 0 1 0 0 1 0 0 24261 8
0x00007d762f6c9200 0x00000005f60a8200 0 0 1 0 1 0 0 24261 0
0x00007d762f6c9280 0x00000005f60a8280 0 0 1 0 1 0 0 24261 8
0x00007d762f6c9300 0x00000005f60a8300 0 1 1 0 1 0 0 24261 0
0x00007d762f6c9380 0x00000005f60a8380 0 1 1 0 1 0 0 24261 8
0x00007d762f6c9400 0x00000005f60a8400 0 0 0 0 1 0 0 24261 16
0x00007d762f6c9480 0x00000005f60a8480 0 0 0 0 1 0 0 24261 24
0x00007d762f6c9500 0x00000005f60a8500 0 1 0 0 1 0 0 24261 16
0x00007d762f6c9580 0x00000005f60a8580 0 1 0 0 1 0 0 24261 24
0x00007d762f6c9600 0x00000005f60a8600 0 0 1 0 1 0 0 24261 16
0x00007d762f6c9680 0x00000005f60a8680 0 0 1 0 1 0 0 24261 24
0x00007d762f6c9700 0x00000005f60a8700 0 1 1 0 1 0 0 24261 16
0x00007d762f6c9780 0x00000005f60a8780 0 1 1 0 1 0 0 24261 24
0x00007d762f6c9800 0x00000005f60a8800 0 0 0 0 1 0 0 24261 32
0x00007d762f6c9880 0x00000005f60a8880 0 0 0 0 1 0 0 24261 40
0x00007d762f6c9900 0x00000005f60a8900 0 1 0 0 1 0 0 24261 32
0x00007d762f6c9980 0x00000005f60a8980 0 1 0 0 1 0 0 24261 40
0x00007d762f6c9a00 0x00000005f60a8a00 0 0 1 0 1 0 0 24261 32
0x00007d762f6c9a80 0x00000005f60a8a80 0 0 1 0 1 0 0 24261 40
0x00007d762f6c9b00 0x00000005f60a8b00 0 1 1 0 1 0 0 24261 32
0x00007d762f6c9b80 0x00000005f60a8b80 0 1 1 0 1 0 0 24261 40
0x00007d762f6c9c00 0x00000005f60a8c00 0 0 0 0 1 0 0 24261 48
0x00007d762f6c9c80 0x00000005f60a8c80 0 0 0 0 1 0 0 24261 56
0x00007d762f6c9d00 0x00000005f60a8d00 0 1 0 0 1 0 0 24261 48
0x00007d762f6c9d80 0x00000005f60a8d80 0 1 0 0 1 0 0 24261 56
0x00007d762f6c9e00 0x00000005f60a8e00 0 0 1 0 1 0 0 24261 48
0x00007d762f6c9e80 0x00000005f60a8e80 0 0 1 0 1 0 0 24261 56
0x00007d762f6c9f00 0x00000005f60a8f00 0 1 1 0 1 0 0 24261 48
0x00007d762f6c9f80 0x00000005f60a8f80 0 1 1 0 1 0 0 24261 56
0x00007d762f6da000 0x0000000c8e040000 0 0 0 0 0 0 0 49602 0
0x00007d762f6da080 0x0000000c8e040080 0 0 0 0 0 0 0 49602 8
0x00007d762f6da100 0x0000000c8e040100 0 1 0 0 0 0 0 49602 0
0x00007d762f6da180 0x0000000c8e040180 0 1 0 0 0 0 0 49602 8
0x00007d762f6da200 0x0000000c8e040200 0 0 1 0 0 0 0 49602 0
0x00007d762f6da280 0x0000000c8e040280 0 0 1 0 0 0 0 49602 8
0x00007d762f6da300 0x0000000c8e040300 0 1 1 0 0 0 0 49602 0
0x00007d762f6da380 0x0000000c8e040380 0 1 1 0 0 0 0 49602 8
0x00007d762f6da400 0x0000000c8e040400 0 0 0 0 0 0 0 49602 16
0x00007d762f6da480 0x0000000c8e040480 0 0 0 0 0 0 0 49602 24
0x00007d762f6da500 0x0000000c8e040500 0 1 0 0 0 0 0 49602 16
0x00007d762f6da580 0x0000000c8e040580 0 1 0 0 0 0 0 49602 24
0x00007d762f6da600 0x0000000c8e040600 0 0 1 0 0 0 0 49602 16
0x00007d762f6da680 0x0000000c8e040680 0 0 1 0 0 0 0 49602 24
0x00007d762f6da700 0x0000000c8e040700 0 1 1 0 0 0 0 49602 16
0x00007d762f6da780 0x0000000c8e040780 0 1 1 0 0 0 0 49602 24
0x00007d762f6da800 0x0000000c8e040800 0 0 0 0 0 0 0 49602 32
0x00007d762f6da880 0x0000000c8e040880 0 0 0 0 0 0 0 49602 40
0x00007d762f6da900 0x0000000c8e040900 0 1 0 0 0 0 0 49602 32
0x00007d762f6da980 0x0000000c8e040980 0 1 0 0 0 0 0 49602 40
0x00007d762f6daa00 0x0000000c8e040a00 0 0 1 0 0 0 0 49602 32
0x00007d762f6daa80 0x0000000c8e040a80 0 0 1 0 0 0 0 49602 40
0x00007d762f6dab00 0x0000000c8e040b00 0 1 1 0 0 0 0 49602 32
0x00007d762f6dab80 0x0000000c8e040b80 0 1 1 0 0 0 0 49602 40
0x00007d762f6dac00 0x0000000c8e040c00 0 0 0 0 0 0 0 49602 48
0x00007d762f6dac80 0x0000000c8e040c80 0 0 0 0 0 0 0 49602 56
0x00007d762f6dad00 0x0000000c8e040d00 0 1 0 0 0 0 0 49602 48
0x00007d762f6dad80 0x0000000c8e040d80 0 1 0 0 0 0 0 49602 56
0x00007d762f6dae00 0x0000000c8e040e00 0 0 1 0 0 0 0 49602 48
0x00007d762f6dae80 0x0000000c8e040e80 0 0 1 0 0 0 0 49602 56
0x00007d762f6daf00 0x0000000c8e040f00 0 1 1 0 0 0 0 49602 48
0x00007d762f6daf80 0x0000000c8e040f80 0 1 1 0 0 0 0 49602 56
0x00007d762f6fa000 0x00000009048e1000 0 0 0 0 0 0 0 32927 64
0x00007d762f6fa080 0x00000009048e1080 0 0 0 0 0 0 0 32927 72
0x00007d762f6fa100 0x00000009048e1100 0 1 0 0 0 0 0 32927 64
0x00007d762f6fa180 0x00000009048e1180 0 1 0 0 0 0 0 32927 72
0x00007d762f6fa200 0x00000009048e1200 0 0 1 0 0 0 0 32927 64
0x00007d762f6fa280 0x00000009048e1280 0 0 1 0 0 0 0 32927 72
0x00007d762f6fa300 0x00000009048e1300 0 1 1 0 0 0 0 32927 64
0x00007d762f6fa380 0x00000009048e1380 0 1 1 0 0 0 0 32927 72
0x00007d762f6fa400 0x00000009048e1400 0 0 0 0 0 0 0 32927 80
0x00007d762f6fa480 0x00000009048e1480 0 0 0 0 0 0 0 32927 88
0x00007d762f6fa500 0x00000009048e1500 0 1 0 0 0 0 0 32927 80
0x00007d762f6fa580 0x00000009048e1580 0 1 0 0 0 0 0 32927 88
0x00007d762f6fa600 0x00000009048e1600 0 0 1 0 0 0 0 32927 80
0x00007d762f6fa680 0x00000009048e1680 0 0 1 0 0 0 0 32927 88
0x00007d762f6fa700 0x00000009048e1700 0 1 1 0 0 0 0 32927 80
0x00007d762f6fa780 0x00000009048e1780 0 1 1 0 0 0 0 32927 88
0x00007d762f6fa800 0x00000009048e1800 0 0 0 0 0 0 0 32927 96
0x00007d762f6fa880 0x00000009048e1880 0 0 0 0 0 0 0 32927 104
0x00007d762f6fa900 0x00000009048e1900 0 1 0 0 0 0 0 32927 96
0x00007d762f6fa980 0x00000009048e1980 0 1 0 0 0 0 0 32927 104
0x00007d762f6faa00 0x00000009048e1a00 0 0 1 0 0 0 0 32927 96
0x00007d762f6faa80 0x00000009048e1a80 0 0 1 0 0 0 0 32927 104
0x00007d762f6fab00 0x00000009048e1b00 0 1 1 0 0 0 0 32927 96
0x00007d762f6fab80 0x00000009048e1b80 0 1 1 0 0 0 0 32927 104
0x00007d762f6fac00 0x00000009048e1c00 0 0 0 0 0 0 0 32927 112
0x00007d762f6fac80 0x00000009048e1c80 0 0 0 0 0 0 0 32927 120
0x00007d762f6fad00 0x00000009048e1d00 0 1 0 0 0 0 0 32927 112
0x00007d762f6fad80 0x00000009048e1d80 0 1 0 0 0 0 0 32927 120
0x00007d762f6fae00 0x00000009048e1e00 0 0 1 0 0 0 0 32927 112
0x00007d762f6fae80 0x00000009048e1e80 0 0 1 0 0 0 0 32927 120
0x00007d762f6faf00 0x00000009048e1f00 0 1 1 0 0 0 0 32927 112
0x00007d762f6faf80 0x00000009048e1f80 0 1 1 0 0 0 0 32927 120
0x00007d762f70a000 0x00000009048ef000 0 0 0 0 1 0 0 32927 448
0x00007d762f70a080 0x00000009048ef080 0 0 0 0 1 0 0 32927 456
0x00007d762f70a100 0x00000009048ef100 0 1 0 0 1 0 0 32927 448
0x00007d762f70a180 0x00000009048ef180 0 1 0 0 1 0 0 32927 456
0x00007d762f70a200 0x00000009048ef200 0 0 1 0 1 0 0 32927 448
0x00007d762f70a280 0x00000009048ef280 0 0 1 0 1 0 0 32927 456
0x00007d762f70a300 0x00000009048ef300 0 1 1 0 1 0 0 32927 448
0x00007d762f70a380 0x00000009048ef380 0 1 1 0 1 0 0 32927 456
0x00007d762f70a400 0x00000009048ef400 0 0 0 0 1 0 0 32927 464
0x00007d762f70a480 0x00000009048ef480 0 0 0 0 1 0 0 32927 472
0x00007d762f70a500 0x00000009048ef500 0 1 0 0 1 0 0 32927 464
0x00007d762f70a580 0x00000009048ef580 0 1 0 0 1 0 0 32927 472
0x00007d762f70a600 0x00000009048ef600 0 0 1 0 1 0 0 32927 464
0x00007d762f70a680 0x00000009048ef680 0 0 1 0 1 0 0 32927 472
0x00007d762f70a700 0x00000009048ef700 0 1 1 0 1 0 0 32927 464
0x00007d762f70a780 0x00000009048ef780 0 1 1 0 1 0 0 32927 472
0x00007d762f70a800 0x00000009048ef800 0 0 0 0 1 0 0 32927 480
0x00007d762f70a880 0x00000009048ef880 0 0 0 0 1 0 0 32927 488
0x00007d762f70a900 0x00000009048ef900 0 1 0 0 1 0 0 32927 480
0x00007d762f70a980 0x00000009048ef980 0 1 0 0 1 0 0 32927 488
0x00007d762f70aa00 0x00000009048efa00 0 0 1 0 1 0 0 32927 480
0x00007d762f70aa80 0x00000009048efa80 0 0 1 0 1 0 0 32927 488
0x00007d762f70ab00 0x00000009048efb00 0 1 1 0 1 0 0 32927 480
0x00007d762f70ab80 0x00000009048efb80 0 1 1 0 1 0 0 32927 488
0x00007d762f70ac00 0x00000009048efc00 0 0 0 0 1 0 0 32927 496
0x00007d762f70ac80 0x00000009048efc80 0 0 0 0 1 0 0 32927 504
0x00007d762f70ad00 0x00000009048efd00 0 1 0 0 1 0 0 32927 496
0x00007d762f70ad80 0x00000009048efd80 0 1 0 0 1 0 0 32927 504
0x00007d762f70ae00 0x00000009048efe00 0 0 1 0 1 0 0 32927 496
0x00007d762f70ae80 0x00000009048efe80 0 0 1 0 1 0 0 32927 504
0x00007d762f70af00 0x00000009048eff00 0 1 1 0 1 0 0 32927 496
0x00007d762f70af80 0x00000009048eff80 0 1 1 0 1 0 0 32927 504
0x00007d762f70b000 0x00000005f60a5000 0 0 0 0 0 0 0 24261 320
0x00007d762f70b080 0x00000005f60a5080 0 0 0 0 0 0 0 24261 328
0x00007d762f70b100 0x00000005f60a5100 0 1 0 0 0 0 0 24261 320
0x00007d762f70b180 0x00000005f60a5180 0 1 0 0 0 0 0 24261 328
0x00007d762f70b200 0x00000005f60a5200 0 0 1 0 0 0 0 24261 320
0x00007d762f70b280 0x00000005f60a5280 0 0 1 0 0 0 0 24261 328
0x00007d762f70b300 0x00000005f60a5300 0 1 1 0 0 0 0 24261 320
0x00007d762f70b380 0x00000005f60a5380 0 1 1 0 0 0 0 24261 328
0x00007d762f70b400 0x00000005f60a5400 0 0 0 0 0 0 0 24261 336
0x00007d762f70b480 0x00000005f60a5480 0 0 0 0 0 0 0 24261 344
0x00007d762f70b500 0x00000005f60a5500 0 1 0 0 0 0 0 24261 336
0x00007d762f70b580 0x00000005f60a5580 0 1 0 0 0 0 0 24261 344
0x00007d762f70b600 0x00000005f60a5600 0 0 1 0 0 0 0 24261 336
0x00007d762f70b680 0x00000005f60a5680 0 0 1 0 0 0 0 24261 344
0x00007d762f70b700 0x00000005f60a5700 0 1 1 0 0 0 0 24261 336
0x00007d762f70b780 0x00000005f60a5780 0 1 1 0 0 0 0 24261 344
0x00007d762f70b800 0x00000005f60a5800 0 0 0 0 0 0 0 24261 352
0x00007d762f70b880 0x00000005f60a5880 0 0 0 0 0 0 0 24261 360
0x00007d762f70b900 0x00000005f60a5900 0 1 0 0 0 0 0 24261 352
0x00007d762f70b980 0x00000005f60a5980 0 1 0 0 0 0 0 24261 360
0x00007d762f70ba00 0x00000005f60a5a00 0 0 1 0 0 0 0 24261 352
0x00007d762f70ba80 0x00000005f60a5a80 0 0 1 0 0 0 0 24261 360
0x00007d762f70bb00 0x00000005f60a5b00 0 1 1 0 0 0 0 24261 352
0x00007d762f70bb80 0x00000005f60a5b80 0 1 1 0 0 0 0 24261 360
0x00007d762f70bc00 0x00000005f60a5c00 0 0 0 0 0 0 0 24261 368
0x00007d762f70bc80 0x00000005f60a5c80 0 0 0 0 0 0 0 24261 376
0x00007d762f70bd00 0x00000005f60a5d00 0 1 0 0 0 0 0 24261 368
0x00007d762f70bd80 0x00000005f60a5d80 0 1 0 0 0 0 0 24261 376
0x00007d762f70be00 0x00000005f60a5e00 0 0 1 0 0 0 0 24261 368
0x00007d762f70be80 0x00000005f60a5e80 0 0 1 0 0 0 0 24261 376
0x00007d762f70bf00 0x00000005f60a5f00 0 1 1 0 0 0 0 24261 368
0x00007d762f70bf80 0x00000005f60a5f80 0 1 1 0 0 0 0 24261 376
0x00007d762f717000 0x0000000373892000 0 0 0 0 0 0 0 11900 640
0x00007d762f717080 0x0000000373892080 0 0 0 0 0 0 0 11900 648
0x00007d762f717100 0x0000000373892100 0 1 0 0 0 0 0 11900 640
0x00007d762f717180 0x0000000373892180 0 1 0 0 0 0 0 11900 648
0x00007d762f717200 0x0000000373892200 0 0 1 0 0 0 0 11900 640
0x00007d762f717280 0x0000000373892280 0 0 1 0 0 0 0 11900 648
0x00007d762f717300 0x0000000373892300 0 1 1 0 0 0 0 11900 640
0x00007d762f717380 0x0000000373892380 0 1 1 0 0 0 0 11900 648
0x00007d762f717400 0x0000000373892400 0 0 0 0 0 0 0 11900 656
0x00007d762f717480 0x0000000373892480 0 0 0 0 0 0 0 11900 664
0x00007d762f717500 0x0000000373892500 0 1 0 0 0 0 0 11900 656
0x00007d762f717580 0x0000000373892580 0 1 0 0 0 0 0 11900 664
0x00007d762f717600 0x0000000373892600 0 0 1 0 0 0 0 11900 656
0x00007d762f717680 0x0000000373892680 0 0 1 0 0 0 0 11900 664
0x00007d762f717700 0x0000000373892700 0 1 1 0 0 0 0 11900 656
0x00007d762f717780 0x0000000373892780 0 1 1 0 0 0 0 11900 664
0x00007d762f717800 0x0000000373892800 0 0 0 0 0 0 0 11900 672
0x00007d762f717880 0x0000000373892880 0 0 0 0 0 0 0 11900 680
0x00007d762f717900 0x0000000373892900 0 1 0 0 0 0 0 11900 672
0x00007d762f717980 0x0000000373892980 0 1 0 0 0 0 0 11900 680
0x00007d762f717a00 0x0000000373892a00 0 0 1 0 0 0 0 11900 672
0x00007d762f717a80 0x0000000373892a80 0 0 1 0 0 0 0 11900 680
0x00007d762f717b00 0x0000000373892b00 0 1 1 0 0 0 0 11900 672
0x00007d762f717b80 0x0000000373892b80 0 1 1 0 0 0 0 11900 680
0x00007d762f717c00 0x0000000373892c00 0 0 0 0 0 0 0 11900 688
0x00007d762f717c80 0x0000000373892c80 0 0 0 0 0 0 0 11900 696
0x00007d762f717d00 0x0000000373892d00 0 1 0 0 0 0 0 11900 688
0x00007d762f717d80 0x0000000373892d80 0 1 0 0 0 0 0 11900 696
0x00007d762f717e00 0x0000000373892e00 0 0 1 0 0 0 0 11900 688
0x00007d762f717e80 0x0000000373892e80 0 0 1 0 0 0 0 11900 696
0x00007d762f717f00 0x0000000373892f00 0 1 1 0 0 0 0 11900 688
0x00007d762f717f80 0x0000000373892f80 0 1 1 0 0 0 0 11900 696
0x00007d762f725000 0x00000009048ee000 0 0 0 0 1 0 0 32927 384
0x00007d762f725080 0x00000009048ee080 0 0 0 0 1 0 0 32927 392
0x00007d762f725100 0x00000009048ee100 0 1 0 0 1 0 0 32927 384
0x00007d762f725180 0x00000009048ee180 0 1 0 0 1 0 0 32927 392
0x00007d762f725200 0x00000009048ee200 0 0 1 0 1 0 0 32927 384
0x00007d762f725280 0x00000009048ee280 0 0 1 0 1 0 0 32927 392
0x00007d762f725300 0x00000009048ee300 0 1 1 0 1 0 0 32927 384
0x00007d762f725380 0x00000009048ee380 0 1 1 0 1 0 0 32927 392
0x00007d762f725400 0x00000009048ee400 0 0 0 0 1 0 0 32927 400
0x00007d762f725480 0x00000009048ee480 0 0 0 0 1 0 0 32927 408
0x00007d762f725500 0x00000009048ee500 0 1 0 0 1 0 0 32927 400
0x00007d762f725580 0x00000009048ee580 0 1 0 0 1 0 0 32927 408
0x00007d762f725600 0x00000009048ee600 0 0 1 0 1 0 0 32927 400
0x00007d762f725680 0x00000009048ee680 0 0 1 0 1 0 0 32927 408
0x00007d762f725700 0x00000009048ee700 0 1 1 0 1 0 0 32927 400
0x00007d762f725780 0x00000009048ee780 0 1 1 0 1 0 0 32927 408
0x00007d762f725800 0x00000009048ee800 0 0 0 0 1 0 0 32927 416
0x00007d762f725880 0x00000009048ee880 0 0 0 0 1 0 0 32927 424
0x00007d762f725900 0x00000009048ee900 0 1 0 0 1 0 0 32927 416
0x00007d762f725980 0x00000009048ee980 0 1 0 0 1 0 0 32927 424
0x00007d762f725a00 0x00000009048eea00 0 0 1 0 1 0 0 32927 416
0x00007d762f725a80 0x00000009048eea80 0 0 1 0 1 0 0 32927 424
0x00007d762f725b00 0x00000009048eeb00 0 1 1 0 1 0 0 32927 416
0x00007d762f725b80 0x00000009048eeb80 0 1 1 0 1 0 0 32927 424
0x00007d762f725c00 0x00000009048eec00 0 0 0 0 1 0 0 32927 432
0x00007d762f725c80 0x00000009048eec80 0 0 0 0 1 0 0 32927 440
0x00007d762f725d00 0x00000009048eed00 0 1 0 0 1 0 0 32927 432
0x00007d762f725d80 0x00000009048eed80 0 1 0 0 1 0 0 32927 440
0x00007d762f725e00 0x00000009048eee00 0 0 1 0 1 0 0 32927 432
0x00007d762f725e80 0x00000009048eee80 0 0 1 0 1 0 0 32927 440
0x00007d762f725f00 0x00000009048eef00 0 1 1 0 1 0 0 32927 432
0x00007d762f725f80 0x00000009048eef80 0 1 1 0 1 0 0 32927 440
0x00007d762f72c000 0x0000000a7f03f000 0 0 0 0 1 0 0 40945 960
0x00007d762f72c080 0x0000000a7f03f080 0 0 0 0 1 0 0 40945 968
0x00007d762f72c100 0x0000000a7f03f100 0 1 0 0 1 0 0 40945 960
0x00007d762f72c180 0x0000000a7f03f180 0 1 0 0 1 0 0 40945 968
0x00007d762f72c200 0x0000000a7f03f200 0 0 1 0 1 0 0 40945 960
0x00007d762f72c280 0x0000000a7f03f280 0 0 1 0 1 0 0 40945 968
0x00007d762f72c300 0x0000000a7f03f300 0 1 1 0 1 0 0 40945 960
0x00007d762f72c380 0x0000000a7f03f380 0 1 1 0 1 0 0 40945 968
0x00007d762f72c400 0x0000000a7f03f400 0 0 0 0 1 0 0 40945 976
0x00007d762f72c480 0x0000000a7f03f480 0 0 0 0 1 0 0 40945 984
0x00007d762f72c500 0x0000000a7f03f500 0 1 0 0 1 0 0 40945 976
0x00007d762f72c580 0x0000000a7f03f580 0 1 0 0 1 0 0 40945 984
0x00007d762f72c600 0x0000000a7f03f600 0 0 1 0 1 0 0 40945 976
0x00007d762f72c680 0x0000000a7f03f680 0 0 1 0 1 0 0 40945 984
0x00007d762f72c700 0x0000000a7f03f700 0 1 1 0 1 0 0 40945 976
0x00007d762f72c780 0x0000000a7f03f780 0 1 1 0 1 0 0 40945 984
0x00007d762f72c800 0x0000000a7f03f800 0 0 0 0 1 0 0 40945 992
0x00007d762f72c880 0x0000000a7f03f880 0 0 0 0 1 0 0 40945 1000
0x00007d762f72c900 0x0000000a7f03f900 0 1 0 0 1 0 0 40945 992
0x00007d762f72c980 0x0000000a7f03f980 0 1 0 0 1 0 0 40945 1000
0x00007d762f72ca00 0x0000000a7f03fa00 0 0 1 0 1 0 0 40945 992
0x00007d762f72ca80 0x0000000a7f03fa80 0 0 1 0 1 0 0 40945 1000
0x00007d762f72cb00 0x0000000a7f03fb00 0 1 1 0 1 0 0 40945 992
0x00007d762f72cb80 0x0000000a7f03fb80 0 1 1 0 1 0 0 40945 1000
0x00007d762f72cc00 0x0000000a7f03fc00 0 0 0 0 1 0 0 40945 1008
0x00007d762f72cc80 0x0000000a7f03fc80 0 0 0 0 1 0 0 40945 1016
0x00007d762f72cd00 0x0000000a7f03fd00 0 1 0 0 1 0 0 40945 1008
0x00007d762f72cd80 0x0000000a7f03fd80 0 1 0 0 1 0 0 40945 1016
0x00007d762f72ce00 0x0000000a7f03fe00 0 0 1 0 1 0 0 40945 1008
0x00007d762f72ce80 0x0000000a7f03fe80 0 0 1 0 1 0 0 40945 1016
0x00007d762f72cf00 0x0000000a7f03ff00 0 1 1 0 1 0 0 40945 1008
0x00007d762f72cf80 0x0000000a7f03ff80 0 1 1 0 1 0 0 40945 1016
0x00007d762f731000 0x0000000c8e042000 0 0 0 0 0 0 0 49602 128
0x00007d762f731080 0x0000000c8e042080 0 0 0 0 0 0 0 49602 136
0x00007d762f731100 0x0000000c8e042100 0 1 0 0 0 0 0 49602 128
0x00007d762f731180 0x0000000c8e042180 0 1 0 0 0 0 0 49602 136
0x00007d762f731200 0x0000000c8e042200 0 0 1 0 0 0 0 49602 128
0x00007d762f731280 0x0000000c8e042280 0 0 1 0 0 0 0 49602 136
0x00007d762f731300 0x0000000c8e042300 0 1 1 0 0 0 0 49602 128
0x00007d762f731380 0x0000000c8e042380 0 1 1 0 0 0 0 49602 136
0x00007d762f731400 0x0000000c8e042400 0 0 0 0 0 0 0 49602 144
0x00007d762f731480 0x0000000c8e042480 0 0 0 0 0 0 0 49602 152
0x00007d762f731500 0x0000000c8e042500 0 1 0 0 0 0 0 49602 144
0x00007d762f731580 0x0000000c8e042580 0 1 0 0 0 0 0 49602 152
0x00007d762f731600 0x0000000c8e042600 0 0 1 0 0 0 0 49602 144
0x00007d762f731680 0x0000000c8e042680 0 0 1 0 0 0 0 49602 152
0x00007d762f731700 0x0000000c8e042700 0 1 1 0 0 0 0 49602 144
0x00007d762f731780 0x0000000c8e042780 0 1 1 0 0 0 0 49602 152
0x00007d762f731800 0x0000000c8e042800 0 0 0 0 0 0 0 49602 160
0x00007d762f731880 0x0000000c8e042880 0 0 0 0 0 0 0 49602 168
0x00007d762f731900 0x0000000c8e042900 0 1 0 0 0 0 0 49602 160
0x00007d762f731980 0x0000000c8e042980 0 1 0 0 0 0 0 49602 168
0x00007d762f731a00 0x0000000c8e042a00 0 0 1 0 0 0 0 49602 160
0x00007d762f731a80 0x0000000c8e042a80 0 0 1 0 0 0 0 49602 168
0x00007d762f731b00 0x0000000c8e042b00 0 1 1 0 0 0 0 49602 160
0x00007d762f731b80 0x0000000c8e042b80 0 1 1 0 0 0 0 49602 168
0x00007d762f731c00 0x0000000c8e042c00 0 0 0 0 0 0 0 49602 176
0x00007d762f731c80 0x0000000c8e042c80 0 0 0 0 0 0 0 49602 184
0x00007d762f731d00 0x0000000c8e042d00 0 1 0 0 0 0 0 49602 176
0x00007d762f731d80 0x0000000c8e042d80 0 1 0 0 0 0 0 49602 184
0x00007d762f731e00 0x0000000c8e042e00 0 0 1 0 0 0 0 49602 176
0x00007d762f731e80 0x0000000c8e042e80 0 0 1 0 0 0 0 49602 184
0x00007d762f731f00 0x0000000c8e042f00 0 1 1 0 0 0 0 49602 176
0x00007d762f731f80 0x0000000c8e042f80 0 1 1 0 0 0 0 49602 184
0x00007d762f736000 0x0000000c8e04b000 0 0 0 0 1 0 0 49602 192
0x00007d762f736080 0x0000000c8e04b080 0 0 0 0 1 0 0 49602 200
0x00007d762f736100 0x0000000c8e04b100 0 1 0 0 1 0 0 49602 192
0x00007d762f736180 0x0000000c8e04b180 0 1 0 0 1 0 0 49602 200
0x00007d762f736200 0x0000000c8e04b200 0 0 1 0 1 0 0 49602 192
0x00007d762f736280 0x0000000c8e04b280 0 0 1 0 1 0 0 49602 200
0x00007d762f736300 0x0000000c8e04b300 0 1 1 0 1 0 0 49602 192
0x00007d762f736380 0x0000000c8e04b380 0 1 1 0 1 0 0 49602 200
0x00007d762f736400 0x0000000c8e04b400 0 0 0 0 1 0 0 49602 208
0x00007d762f736480 0x0000000c8e04b480 0 0 0 0 1 0 0 49602 216
0x00007d762f736500 0x0000000c8e04b500 0 1 0 0 1 0 0 49602 208
0x00007d762f736580 0x0000000c8e04b580 0 1 0 0 1 0 0 49602 216
0x00007d762f736600 0x0000000c8e04b600 0 0 1 0 1 0 0 49602 208
0x00007d762f736680 0x0000000c8e04b680 0 0 1 0 1 0 0 49602 216
0x00007d762f736700 0x0000000c8e04b700 0 1 1 0 1 0 0 49602 208
0x00007d762f736780 0x0000000c8e04b780 0 1 1 0 1 0 0 49602 216
0x00007d762f736800 0x0000000c8e04b800 0 0 0 0 1 0 0 49602 224
0x00007d762f736880 0x0000000c8e04b880 0 0 0 0 1 0 0 49602 232
0x00007d762f736900 0x0000000c8e04b900 0 1 0 0 1 0 0 49602 224
0x00007d762f736980 0x0000000c8e04b980 0 1 0 0 1 0 0 49602 232
0x00007d762f736a00 0x0000000c8e04ba00 0 0 1 0 1 0 0 49602 224
0x00007d762f736a80 0x0000000c8e04ba80 0 0 1 0 1 0 0 49602 232
0x00007d762f736b00 0x0000000c8e04bb00 0 1 1 0 1 0 0 49602 224
0x00007d762f736b80 0x0000000c8e04bb80 0 1 1 0 1 0 0 49602 232
0x00007d762f736c00 0x0000000c8e04bc00 0 0 0 0 1 0 0 49602 240
0x00007d762f736c80 0x0000000c8e04bc80 0 0 0 0 1 0 0 49602 248
0x00007d762f736d00 0x0000000c8e04bd00 0 1 0 0 1 0 0 49602 240
0x00007d762f736d80 0x0000000c8e04bd80 0 1 0 0 1 0 0 49602 248
0x00007d762f736e00 0x0000000c8e04be00 0 0 1 0 1 0 0 49602 240
0x00007d762f736e80 0x0000000c8e04be80 0 0 1 0 1 0 0 49602 248
0x00007d762f736f00 0x0000000c8e04bf00 0 1 1 0 1 0 0 49602 240
0x00007d762f736f80 0x0000000c8e04bf80 0 1 1 0 1 0 0 49602 248
0x00007d762f73a000 0x000000037389a000 0 0 0 0 1 0 0 11900 640
0x00007d762f73a080 0x000000037389a080 0 0 0 0 1 0 0 11900 648
0x00007d762f73a100 0x000000037389a100 0 1 0 0 1 0 0 11900 640
0x00007d762f73a180 0x000000037389a180 0 1 0 0 1 0 0 11900 648
0x00007d762f73a200 0x000000037389a200 0 0 1 0 1 0 0 11900 640
0x00007d762f73a280 0x000000037389a280 0 0 1 0 1 0 0 11900 648
0x00007d762f73a300 0x000000037389a300 0 1 1 0 1 0 0 11900 640
0x00007d762f73a380 0x000000037389a380 0 1 1 0 1 0 0 11900 648
0x00007d762f73a400 0x000000037389a400 0 0 0 0 1 0 0 11900 656
0x00007d762f73a480 0x000000037389a480 0 0 0 0 1 0 0 11900 664
0x00007d762f73a500 0x000000037389a500 0 1 0 0 1 0 0 11900 656
0x00007d762f73a580 0x000000037389a580 0 1 0 0 1 0 0 11900 664
0x00007d762f73a600 0x000000037389a600 0 0 1 0 1 0 0 11900 656
0x00007d762f73a680 0x000000037389a680 0 0 1 0 1 0 0 11900 664
0x00007d762f73a700 0x000000037389a700 0 1 1 0 1 0 0 11900 656
0x00007d762f73a780 0x000000037389a780 0 1 1 0 1 0 0 11900 664
0x00007d762f73a800 0x000000037389a800 0 0 0 0 1 0 0 11900 672
0x00007d762f73a880 0x000000037389a880 0 0 0 0 1 0 0 11900 680
0x00007d762f73a900 0x000000037389a900 0 1 0 0 1 0 0 11900 672
0x00007d762f73a980 0x000000037389a980 0 1 0 0 1 0 0 11900 680
0x00007d762f73aa00 0x000000037389aa00 0 0 1 0 1 0 0 11900 672
0x00007d762f73aa80 0x000000037389aa80 0 0 1 0 1 0 0 11900 680
0x00007d762f73ab00 0x000000037389ab00 0 1 1 0 1 0 0 11900 672
0x00007d762f73ab80 0x000000037389ab80 0 1 1 0 1 0 0 11900 680
0x00007d762f73ac00 0x000000037389ac00 0 0 0 0 1 0 0 11900 688
0x00007d762f73ac80 0x000000037389ac80 0 0 0 0 1 0 0 11900 696
0x00007d762f73ad00 0x000000037389ad00 0 1 0 0 1 0 0 11900 688
0x00007d762f73ad80 0x000000037389ad80 0 1 0 0 1 0 0 11900 696
0x00007d762f73ae00 0x000000037389ae00 0 0 1 0 1 0 0 11900 688
0x00007d762f73ae80 0x000000037389ae80 0 0 1 0 1 0 0 11900 696
0x00007d762f73af00 0x000000037389af00 0 1 1 0 1 0 0 11900 688
0x00007d762f73af80 0x000000037389af80 0 1 1 0 1 0 0 11900 696
0x00007d762f73c000 0x0000000b1d8a7000 0 0 0 0 0 0 0 41917 448
0x00007d762f73c080 0x0000000b1d8a7080 0 0 0 0 0 0 0 41917 456
0x00007d762f73c100 0x0000000b1d8a7100 0 1 0 0 0 0 0 41917 448
0x00007d762f73c180 0x0000000b1d8a7180 0 1 0 0 0 0 0 41917 456
0x00007d762f73c200 0x0000000b1d8a7200 0 0 1 0 0 0 0 41917 448
0x00007d762f73c280 0x0000000b1d8a7280 0 0 1 0 0 0 0 41917 456
0x00007d762f73c300 0x0000000b1d8a7300 0 1 1 0 0 0 0 41917 448
0x00007d762f73c380 0x0000000b1d8a7380 0 1 1 0 0 0 0 41917 456
0x00007d762f73c400 0x0000000b1d8a7400 0 0 0 0 0 0 0 41917 464
0x00007d762f73c480 0x0000000b1d8a7480 0 0 0 0 0 0 0 41917 472
0x00007d762f73c500 0x0000000b1d8a7500 0 1 0 0 0 0 0 41917 464
0x00007d762f73c580 0x0000000b1d8a7580 0 1 0 0 0 0 0 41917 472
0x00007d762f73c600 0x0000000b1d8a7600 0 0 1 0 0 0 0 41917 464
0x00007d762f73c680 0x0000000b1d8a7680 0 0 1 0 0 0 0 41917 472
0x00007d762f73c700 0x0000000b1d8a7700 0 1 1 0 0 0 0 41917 464
0x00007d762f73c780 0x0000000b1d8a7780 0 1 1 0 0 0 0 41917 472
0x00007d762f73c800 0x0000000b1d8a7800 0 0 0 0 0 0 0 41917 480
0x00007d762f73c880 0x0000000b1d8a7880 0 0 0 0 0 0 0 41917 488
0x00007d762f73c900 0x0000000b1d8a7900 0 1 0 0 0 0 0 41917 480
0x00007d762f73c980 0x0000000b1d8a7980 0 1 0 0 0 0 0 41917 488
0x00007d762f73ca00 0x0000000b1d8a7a00 0 0 1 0 0 0 0 41917 480
0x00007d762f73ca80 0x0000000b1d8a7a80 0 0 1 0 0 0 0 41917 488
0x00007d762f73cb00 0x0000000b1d8a7b00 0 1 1 0 0 0 0 41917 480
0x00007d762f73cb80 0x0000000b1d8a7b80 0 1 1 0 0 0 0 41917 488
0x00007d762f73cc00 0x0000000b1d8a7c00 0 0 0 0 0 0 0 41917 496
0x00007d762f73cc80 0x0000000b1d8a7c80 0 0 0 0 0 0 0 41917 504
0x00007d762f73cd00 0x0000000b1d8a7d00 0 1 0 0 0 0 0 41917 496
0x00007d762f73cd80 0x0000000b1d8a7d80 0 1 0 0 0 0 0 41917 504
0x00007d762f73ce00 0x0000000b1d8a7e00 0 0 1 0 0 0 0 41917 496
0x00007d762f73ce80 0x0000000b1d8a7e80 0 0 1 0 0 0 0 41917 504
0x00007d762f73cf00 0x0000000b1d8a7f00 0 1 1 0 0 0 0 41917 496
0x00007d762f73cf80 0x0000000b1d8a7f80 0 1 1 0 0 0 0 41917 504
0x00007d762f741000 0x0000000373897000 0 0 0 0 0 0 0 11900 960
0x00007d762f741080 0x0000000373897080 0 0 0 0 0 0 0 11900 968
0x00007d762f741100 0x0000000373897100 0 1 0 0 0 0 0 11900 960
0x00007d762f741180 0x0000000373897180 0 1 0 0 0 0 0 11900 968
0x00007d762f741200 0x0000000373897200 0 0 1 0 0 0 0 11900 960
0x00007d762f741280 0x0000000373897280 0 0 1 0 0 0 0 11900 968
0x00007d762f741300 0x0000000373897300 0 1 1 0 0 0 0 11900 960
0x00007d762f741380 0x0000000373897380 0 1 1 0 0 0 0 11900 968
0x00007d762f741400 0x0000000373897400 0 0 0 0 0 0 0 11900 976
0x00007d762f741480 0x0000000373897480 0 0 0 0 0 0 0 11900 984
0x00007d762f741500 0x0000000373897500 0 1 0 0 0 0 0 11900 976
0x00007d762f741580 0x0000000373897580 0 1 0 0 0 0 0 11900 984
0x00007d762f741600 0x0000000373897600 0 0 1 0 0 0 0 11900 976
0x00007d762f741680 0x0000000373897680 0 0 1 0 0 0 0 11900 984
0x00007d762f741700 0x0000000373897700 0 1 1 0 0 0 0 11900 976
0x00007d762f741780 0x0000000373897780 0 1 1 0 0 0 0 11900 984
0x00007d762f741800 0x0000000373897800 0 0 0 0 0 0 0 11900 992
0x00007d762f741880 0x0000000373897880 0 0 0 0 0 0 0 11900 1000
0x00007d762f741900 0x0000000373897900 0 1 0 0 0 0 0 11900 992
0x00007d762f741980 0x0000000373897980 0 1 0 0 0 0 0 11900 1000
0x00007d762f741a00 0x0000000373897a00 0 0 1 0 0 0 0 11900 992
0x00007d762f741a80 0x0000000373897a80 0 0 1 0 0 0 0 11900 1000
0x00007d762f741b00 0x0000000373897b00 0 1 1 0 0 0 0 11900 992
0x00007d762f741b80 0x0000000373897b80 0 1 1 0 0 0 0 11900 1000
0x00007d762f741c00 0x0000000373897c00 0 0 0 0 0 0 0 11900 1008
0x00007d762f741c80 0x0000000373897c80 0 0 0 0 0 0 0 11900 1016
0x00007d762f741d00 0x0000000373897d00 0 1 0 0 0 0 0 11900 1008
0x00007d762f741d80 0x0000000373897d80 0 1 0 0 0 0 0 11900 1016
0x00007d762f741e00 0x0000000373897e00 0 0 1 0 0 0 0 11900 1008
0x00007d762f741e80 0x0000000373897e80 0 0 1 0 0 0 0 11900 1016
0x00007d762f741f00 0x0000000373897f00 0 1 1 0 0 0 0 11900 1008
0x00007d762f741f80 0x0000000373897f80 0 1 1 0 0 0 0 11900 1016
0x00007d762f745000 0x00000005f60ac000 0 0 0 0 1 0 0 24261 256
0x00007d762f745080 0x00000005f60ac080 0 0 0 0 1 0 0 24261 264
0x00007d762f745100 0x00000005f60ac100 0 1 0 0 1 0 0 24261 256
0x00007d762f745180 0x00000005f60ac180 0 1 0 0 1 0 0 24261 264
0x00007d762f745200 0x00000005f60ac200 0 0 1 0 1 0 0 24261 256
0x00007d762f745280 0x00000005f60ac280 0 0 1 0 1 0 0 24261 264
0x00007d762f745300 0x00000005f60ac300 0 1 1 0 1 0 0 24261 256
0x00007d762f745380 0x00000005f60ac380 0 1 1 0 1 0 0 24261 264
0x00007d762f745400 0x00000005f60ac400 0 0 0 0 1 0 0 24261 272
0x00007d762f745480 0x00000005f60ac480 0 0 0 0 1 0 0 24261 280
0x00007d762f745500 0x00000005f60ac500 0 1 0 0 1 0 0 24261 272
0x00007d762f745580 0x00000005f60ac580 0 1 0 0 1 0 0 24261 280
0x00007d762f745600 0x00000005f60ac600 0 0 1 0 1 0 0 24261 272
0x00007d762f745680 0x00000005f60ac680 0 0 1 0 1 0 0 24261 280
0x00007d762f745700 0x00000005f60ac700 0 1 1 0 1 0 0 24261 272
0x00007d762f745780 0x00000005f60ac780 0 1 1 0 1 0 0 24261 280
0x00007d762f745800 0x00000005f60ac800 0 0 0 0 1 0 0 24261 288
0x00007d762f745880 0x00000005f60ac880 0 0 0 0 1 0 0 24261 296
0x00007d762f745900 0x00000005f60ac900 0 1 0 0 1 0 0 24261 288
0x00007d762f745980 0x00000005f60ac980 0 1 0 0 1 0 0 24261 296
0x00007d762f745a00 0x00000005f60aca00 0 0 1 0 1 0 0 24261 288
0x00007d762f745a80 0x00000005f60aca80 0 0 1 0 1 0 0 24261 296
0x00007d762f745b00 0x00000005f60acb00 0 1 1 0 1 0 0 24261 288
0x00007d762f745b80 0x00000005f60acb80 0 1 1 0 1 0 0 24261 296
0x00007d762f745c00 0x00000005f60acc00 0 0 0 0 1 0 0 24261 304
0x00007d762f745c80 0x00000005f60acc80 0 0 0 0 1 0 0 24261 312
0x00007d762f745d00 0x00000005f60acd00 0 1 0 0 1 0 0 24261 304
0x00007d762f745d80 0x00000005f60acd80 0 1 0 0 1 0 0 24261 312
0x00007d762f745e00 0x00000005f60ace00 0 0 1 0 1 0 0 24261 304
0x00007d762f745e80 0x00000005f60ace80 0 0 1 0 1 0 0 24261 312
0x00007d762f745f00 0x00000005f60acf00 0 1 1 0 1 0 0 24261 304
0x00007d762f745f80 0x00000005f60acf80 0 1 1 0 1 0 0 24261 312
0x00007d762f749000 0x0000000c8e041000 0 0 0 0 0 0 0 49602 64
0x00007d762f749080 0x0000000c8e041080 0 0 0 0 0 0 0 49602 72
0x00007d762f749100 0x0000000c8e041100 0 1 0 0 0 0 0 49602 64
0x00007d762f749180 0x0000000c8e041180 0 1 0 0 0 0 0 49602 72
0x00007d762f749200 0x0000000c8e041200 0 0 1 0 0 0 0 49602 64
0x00007d762f749280 0x0000000c8e041280 0 0 1 0 0 0 0 49602 72
0x00007d762f749300 0x0000000c8e041300 0 1 1 0 0 0 0 49602 64
0x00007d762f749380 0x0000000c8e041380 0 1 1 0 0 0 0 49602 72
0x00007d762f749400 0x0000000c8e041400 0 0 0 0 0 0 0 49602 80
0x00007d762f749480 0x0000000c8e041480 0 0 0 0 0 0 0 49602 88
0x00007d762f749500 0x0000000c8e041500 0 1 0 0 0 0 0 49602 80
0x00007d762f749580 0x0000000c8e041580 0 1 0 0 0 0 0 49602 88
0x00007d762f749600 0x0000000c8e041600 0 0 1 0 0 0 0 49602 80
0x00007d762f749680 0x0000000c8e041680 0 0 1 0 0 0 0 49602 88
0x00007d762f749700 0x0000000c8e041700 0 1 1 0 0 0 0 49602 80
0x00007d762f749780 0x0000000c8e041780 0 1 1 0 0 0 0 49602 88
0x00007d762f749800 0x0000000c8e041800 0 0 0 0 0 0 0 49602 96
0x00007d762f749880 0x0000000c8e041880 0 0 0 0 0 0 0 49602 104
0x00007d762f749900 0x0000000c8e041900 0 1 0 0 0 0 0 49602 96
0x00007d762f749980 0x0000000c8e041980 0 1 0 0 0 0 0 49602 104
0x00007d762f749a00 0x0000000c8e041a00 0 0 1 0 0 0 0 49602 96
0x00007d762f749a80 0x0000000c8e041a80 0 0 1 0 0 0 0 49602 104
0x00007d762f749b00 0x0000000c8e041b00 0 1 1 0 0 0 0 49602 96
0x00007d762f749b80 0x0000000c8e041b80 0 1 1 0 0 0 0 49602 104
0x00007d762f749c00 0x0000000c8e041c00 0 0 0 0 0 0 0 49602 112
0x00007d762f749c80 0x0000000c8e041c80 0 0 0 0 0 0 0 49602 120
0x00007d762f749d00 0x0000000c8e041d00 0 1 0 0 0 0 0 49602 112
0x00007d762f749d80 0x0000000c8e041d80 0 1 0 0 0 0 0 49602 120
0x00007d762f749e00 0x0000000c8e041e00 0 0 1 0 0 0 0 49602 112
0x00007d762f749e80 0x0000000c8e041e80 0 0 1 0 0 0 0 49602 120
0x00007d762f749f00 0x0000000c8e041f00 0 1 1 0 0 0 0 49602 112
0x00007d762f749f80 0x0000000c8e041f80 0 1 1 0 0 0 0 49602 120
0x00007d762f74e000 0x00000005b1091000 0 0 0 0 0 0 0 22052 576
0x00007d762f74e080 0x00000005b1091080 0 0 0 0 0 0 0 22052 584
0x00007d762f74e100 0x00000005b1091100 0 1 0 0 0 0 0 22052 576
0x00007d762f74e180 0x00000005b1091180 0 1 0 0 0 0 0 22052 584
0x00007d762f74e200 0x00000005b1091200 0 0 1 0 0 0 0 22052 576
0x00007d762f74e280 0x00000005b1091280 0 0 1 0 0 0 0 22052 584
0x00007d762f74e300 0x00000005b1091300 0 1 1 0 0 0 0 22052 576
0x00007d762f74e380 0x00000005b1091380 0 1 1 0 0 0 0 22052 584
0x00007d762f74e400 0x00000005b1091400 0 0 0 0 0 0 0 22052 592
0x00007d762f74e480 0x00000005b1091480 0 0 0 0 0 0 0 22052 600
0x00007d762f74e500 0x00000005b1091500 0 1 0 0 0 0 0 22052 592
0x00007d762f74e580 0x00000005b1091580 0 1 0 0 0 0 0 22052 600
0x00007d762f74e600 0x00000005b1091600 0 0 1 0 0 0 0 22052 592
0x00007d762f74e680 0x00000005b1091680 0 0 1 0 0 0 0 22052 600
0x00007d762f74e700 0x00000005b1091700 0 1 1 0 0 0 0 22052 592
0x00007d762f74e780 0x00000005b1091780 0 1 1 0 0 0 0 22052 600
0x00007d762f74e800 0x00000005b1091800 0 0 0 0 0 0 0 22052 608
0x00007d762f74e880 0x00000005b1091880 0 0 0 0 0 0 0 22052 616
0x00007d762f74e900 0x00000005b1091900 0 1 0 0 0 0 0 22052 608
0x00007d762f74e980 0x00000005b1091980 0 1 0 0 0 0 0 22052 616
0x00007d762f74ea00 0x00000005b1091a00 0 0 1 0 0 0 0 22052 608
0x00007d762f74ea80 0x00000005b1091a80 0 0 1 0 0 0 0 22052 616
0x00007d762f74eb00 0x00000005b1091b00 0 1 1 0 0 0 0 22052 608
0x00007d762f74eb80 0x00000005b1091b80 0 1 1 0 0 0 0 22052 616
0x00007d762f74ec00 0x00000005b1091c00 0 0 0 0 0 0 0 22052 624
0x00007d762f74ec80 0x00000005b1091c80 0 0 0 0 0 0 0 22052 632
0x00007d762f74ed00 0x00000005b1091d00 0 1 0 0 0 0 0 22052 624
0x00007d762f74ed80 0x00000005b1091d80 0 1 0 0 0 0 0 22052 632
0x00007d762f74ee00 0x00000005b1091e00 0 0 1 0 0 0 0 22052 624
0x00007d762f74ee80 0x00000005b1091e80 0 0 1 0 0 0 0 22052 632
0x00007d762f74ef00 0x00000005b1091f00 0 1 1 0 0 0 0 22052 624
0x00007d762f74ef80 0x00000005b1091f80 0 1 1 0 0 0 0 22052 632
0x00007d762f776000 0x00000005f60a0000 0 0 0 0 0 0 0 24261 0
0x00007d762f776080 0x00000005f60a0080 0 0 0 0 0 0 0 24261 8
0x00007d762f776100 0x00000005f60a0100 0 1 0 0 0 0 0 24261 0
0x00007d762f776180 0x00000005f60a0180 0 1 0 0 0 0 0 24261 8
0x00007d762f776200 0x00000005f60a0200 0 0 1 0 0 0 0 24261 0
0x00007d762f776280 0x00000005f60a0280 0 0 1 0 0 0 0 24261 8
0x00007d762f776300 0x00000005f60a0300 0 1 1 0 0 0 0 24261 0
0x00007d762f776380 0x00000005f60a0380 0 1 1 0 0 0 0 24261 8
0x00007d762f776400 0x00000005f60a0400 0 0 0 0 0 0 0 24261 16
0x00007d762f776480 0x00000005f60a0480 0 0 0 0 0 0 0 24261 24
0x00007d762f776500 0x00000005f60a0500 0 1 0 0 0 0 0 24261 16
0x00007d762f776580 0x00000005f60a0580 0 1 0 0 0 0 0 24261 24
0x00007d762f776600 0x00000005f60a0600 0 0 1 0 0 0 0 24261 16
0x00007d762f776680 0x00000005f60a0680 0 0 1 0 0 0 0 24261 24
0x00007d762f776700 0x00000005f60a0700 0 1 1 0 0 0 0 24261 16
0x00007d762f776780 0x00000005f60a0780 0 1 1 0 0 0 0 24261 24
0x00007d762f776800 0x00000005f60a0800 0 0 0 0 0 0 0 24261 32
0x00007d762f776880 0x00000005f60a0880 0 0 0 0 0 0 0 24261 40
0x00007d762f776900 0x00000005f60a0900 0 1 0 0 0 0 0 24261 32
0x00007d762f776980 0x00000005f60a0980 0 1 0 0 0 0 0 24261 40
0x00007d762f776a00 0x00000005f60a0a00 0 0 1 0 0 0 0 24261 32
0x00007d762f776a80 0x00000005f60a0a80 0 0 1 0 0 0 0 24261 40
0x00007d762f776b00 0x00000005f60a0b00 0 1 1 0 0 0 0 24261 32
0x00007d762f776b80 0x00000005f60a0b80 0 1 1 0 0 0 0 24261 40
0x00007d762f776c00 0x00000005f60a0c00 0 0 0 0 0 0 0 24261 48
0x00007d762f776c80 0x00000005f60a0c80 0 0 0 0 0 0 0 24261 56
0x00007d762f776d00 0x00000005f60a0d00 0 1 0 0 0 0 0 24261 48
0x00007d762f776d80 0x00000005f60a0d80 0 1 0 0 0 0 0 24261 56
0x00007d762f776e00 0x00000005f60a0e00 0 0 1 0 0 0 0 24261 48
0x00007d762f776e80 0x00000005f60a0e80 0 0 1 0 0 0 0 24261 56
0x00007d762f776f00 0x00000005f60a0f00 0 1 1 0 0 0 0 24261 48
0x00007d762f776f80 0x00000005f60a0f80 0 1 1 0 0 0 0 24261 56
0x00007d762f778000 0x0000000bc4837000 0 0 0 0 0 0 0 47241 960
0x00007d762f778080 0x0000000bc4837080 0 0 0 0 0 0 0 47241 968
0x00007d762f778100 0x0000000bc4837100 0 1 0 0 0 0 0 47241 960
0x00007d762f778180 0x0000000bc4837180 0 1 0 0 0 0 0 47241 968
0x00007d762f778200 0x0000000bc4837200 0 0 1 0 0 0 0 47241 960
0x00007d762f778280 0x0000000bc4837280 0 0 1 0 0 0 0 47241 968
0x00007d762f778300 0x0000000bc4837300 0 1 1 0 0 0 0 47241 960
0x00007d762f778380 0x0000000bc4837380 0 1 1 0 0 0 0 47241 968
0x00007d762f778400 0x0000000bc4837400 0 0 0 0 0 0 0 47241 976
0x00007d762f778480 0x0000000bc4837480 0 0 0 0 0 0 0 47241 984
0x00007d762f778500 0x0000000bc4837500 0 1 0 0 0 0 0 47241 976
0x00007d762f778580 0x0000000bc4837580 0 1 0 0 0 0 0 47241 984
0x00007d762f778600 0x0000000bc4837600 0 0 1 0 0 0 0 47241 976
0x00007d762f778680 0x0000000bc4837680 0 0 1 0 0 0 0 47241 984
0x00007d762f778700 0x0000000bc4837700 0 1 1 0 0 0 0 47241 976
0x00007d762f778780 0x0000000bc4837780 0 1 1 0 0 0 0 47241 984
0x00007d762f778800 0x0000000bc4837800 0 0 0 0 0 0 0 47241 992
0x00007d762f778880 0x0000000bc4837880 0 0 0 0 0 0 0 47241 1000
0x00007d762f778900 0x0000000bc4837900 0 1 0 0 0 0 0 47241 992
0x00007d762f778980 0x0000000bc4837980 0 1 0 0 0 0 0 47241 1000
0x00007d762f778a00 0x0000000bc4837a00 0 0 1 0 0 0 0 47241 992
0x00007d762f778a80 0x0000000bc4837a80 0 0 1 0 0 0 0 47241 1000
0x00007d762f778b00 0x0000000bc4837b00 0 1 1 0 0 0 0 47241 992
0x00007d762f778b80 0x0000000bc4837b80 0 1 1 0 0 0 0 47241 1000
0x00007d762f778c00 0x0000000bc4837c00 0 0 0 0 0 0 0 47241 1008
0x00007d762f778c80 0x0000000bc4837c80 0 0 0 0 0 0 0 47241 1016
0x00007d762f778d00 0x0000000bc4837d00 0 1 0 0 0 0 0 47241 1008
0x00007d762f778d80 0x0000000bc4837d80 0 1 0 0 0 0 0 47241 1016
0x00007d762f778e00 0x0000000bc4837e00 0 0 1 0 0 0 0 47241 1008
0x00007d762f778e80 0x0000000bc4837e80 0 0 1 0 0 0 0 47241 1016
0x00007d762f778f00 0x0000000bc4837f00 0 1 1 0 0 0 0 47241 1008
0x00007d762f778f80 0x0000000bc4837f80 0 1 1 0 0 0 0 47241 1016
0x00007d762f781000 0x00000005f60a1000 0 0 0 0 0 0 0 24261 64
0x00007d762f781080 0x00000005f60a1080 0 0 0 0 0 0 0 24261 72
0x00007d762f781100 0x00000005f60a1100 0 1 0 0 0 0 0 24261 64
0x00007d762f781180 0x00000005f60a1180 0 1 0 0 0 0 0 24261 72
0x00007d762f781200 0x00000005f60a1200 0 0 1 0 0 0 0 24261 64
0x00007d762f781280 0x00000005f60a1280 0 0 1 0 0 0 0 24261 72
0x00007d762f781300 0x00000005f60a1300 0 1 1 0 0 0 0 24261 64
0x00007d762f781380 0x00000005f60a1380 0 1 1 0 0 0 0 24261 72
0x00007d762f781400 0x00000005f60a1400 0 0 0 0 0 0 0 24261 80
0x00007d762f781480 0x00000005f60a1480 0 0 0 0 0 0 0 24261 88
0x00007d762f781500 0x00000005f60a1500 0 1 0 0 0 0 0 24261 80
0x00007d762f781580 0x00000005f60a1580 0 1 0 0 0 0 0 24261 88
0x00007d762f781600 0x00000005f60a1600 0 0 1 0 0 0 0 24261 80
0x00007d762f781680 0x00000005f60a1680 0 0 1 0 0 0 0 24261 88
0x00007d762f781700 0x00000005f60a1700 0 1 1 0 0 0 0 24261 80
0x00007d762f781780 0x00000005f60a1780 0 1 1 0 0 0 0 24261 88
0x00007d762f781800 0x00000005f60a1800 0 0 0 0 0 0 0 24261 96
0x00007d762f781880 0x00000005f60a1880 0 0 0 0 0 0 0 24261 104
0x00007d762f781900 0x00000005f60a1900 0 1 0 0 0 0 0 24261 96
0x00007d762f781980 0x00000005f60a1980 0 1 0 0 0 0 0 24261 104
0x00007d762f781a00 0x00000005f60a1a00 0 0 1 0 0 0 0 24261 96
0x00007d762f781a80 0x00000005f60a1a80 0 0 1 0 0 0 0 24261 104
0x00007d762f781b00 0x00000005f60a1b00 0 1 1 0 0 0 0 24261 96
0x00007d762f781b80 0x00000005f60a1b80 0 1 1 0 0 0 0 24261 104
0x00007d762f781c00 0x00000005f60a1c00 0 0 0 0 0 0 0 24261 112
0x00007d762f781c80 0x00000005f60a1c80 0 0 0 0 0 0 0 24261 120
0x00007d762f781d00 0x00000005f60a1d00 0 1 0 0 0 0 0 24261 112
0x00007d762f781d80 0x00000005f60a1d80 0 1 0 0 0 0 0 24261 120
0x00007d762f781e00 0x00000005f60a1e00 0 0 1 0 0 0 0 24261 112
0x00007d762f781e80 0x00000005f60a1e80 0 0 1 0 0 0 0 24261 120
0x00007d762f781f00 0x00000005f60a1f00 0 1 1 0 0 0 0 24261 112
0x00007d762f781f80 0x00000005f60a1f80 0 1 1 0 0 0 0 24261 120
0x00007d762f783000 0x00000005f60a9000 0 0 0 0 1 0 0 24261 64
0x00007d762f783080 0x00000005f60a9080 0 0 0 0 1 0 0 24261 72
0x00007d762f783100 0x00000005f60a9100 0 1 0 0 1 0 0 24261 64
0x00007d762f783180 0x00000005f60a9180 0 1 0 0 1 0 0 24261 72
0x00007d762f783200 0x00000005f60a9200 0 0 1 0 1 0 0 24261 64
0x00007d762f783280 0x00000005f60a9280 0 0 1 0 1 0 0 24261 72
0x00007d762f783300 0x00000005f60a9300 0 1 1 0 1 0 0 24261 64
0x00007d762f783380 0x00000005f60a9380 0 1 1 0 1 0 0 24261 72
0x00007d762f783400 0x00000005f60a9400 0 0 0 0 1 0 0 24261 80
0x00007d762f783480 0x00000005f60a9480 0 0 0 0 1 0 0 24261 88
0x00007d762f783500 0x00000005f60a9500 0 1 0 0 1 0 0 24261 80
0x00007d762f783580 0x00000005f60a9580 0 1 0 0 1 0 0 24261 88
0x00007d762f783600 0x00000005f60a9600 0 0 1 0 1 0 0 24261 80
0x00007d762f783680 0x00000005f60a9680 0 0 1 0 1 0 0 24261 88
0x00007d762f783700 0x00000005f60a9700 0 1 1 0 1 0 0 24261 80
0x00007d762f783780 0x00000005f60a9780 0 1 1 0 1 0 0 24261 88
0x00007d762f783800 0x00000005f60a9800 0 0 0 0 1 0 0 24261 96
0x00007d762f783880 0x00000005f60a9880 0 0 0 0 1 0 0 24261 104
0x00007d762f783900 0x00000005f60a9900 0 1 0 0 1 0 0 24261 96
0x00007d762f783980 0x00000005f60a9980 0 1 0 0 1 0 0 24261 104
0x00007d762f783a00 0x00000005f60a9a00 0 0 1 0 1 0 0 24261 96
0x00007d762f783a80 0x00000005f60a9a80 0 0 1 0 1 0 0 24261 104
0x00007d762f783b00 0x00000005f60a9b00 0 1 1 0 1 0 0 24261 96
0x00007d762f783b80 0x00000005f60a9b80 0 1 1 0 1 0 0 24261 104
0x00007d762f783c00 0x00000005f60a9c00 0 0 0 0 1 0 0 24261 112
0x00007d762f783c80 0x00000005f60a9c80 0 0 0 0 1 0 0 24261 120
0x00007d762f783d00 0x00000005f60a9d00 0 1 0 0 1 0 0 24261 112
0x00007d762f783d80 0x00000005f60a9d80 0 1 0 0 1 0 0 24261 120
0x00007d762f783e00 0x00000005f60a9e00 0 0 1 0 1 0 0 24261 112
0x00007d762f783e80 0x00000005f60a9e80 0 0 1 0 1 0 0 24261 120
0x00007d762f783f00 0x00000005f60a9f00 0 1 1 0 1 0 0 24261 112
0x00007d762f783f80 0x00000005f60a9f80 0 1 1 0 1 0 0 24261 120
0x00007d762f785000 0x00000005f60a6000 0 0 0 0 0 0 0 24261 384
0x00007d762f785080 0x00000005f60a6080 0 0 0 0 0 0 0 24261 392
0x00007d762f785100 0x00000005f60a6100 0 1 0 0 0 0 0 24261 384
0x00007d762f785180 0x00000005f60a6180 0 1 0 0 0 0 0 24261 392
0x00007d762f785200 0x00000005f60a6200 0 0 1 0 0 0 0 24261 384
0x00007d762f785280 0x00000005f60a6280 0 0 1 0 0 0 0 24261 392
0x00007d762f785300 0x00000005f60a6300 0 1 1 0 0 0 0 24261 384
0x00007d762f785380 0x00000005f60a6380 0 1 1 0 0 0 0 24261 392
0x00007d762f785400 0x00000005f60a6400 0 0 0 0 0 0 0 24261 400
0x00007d762f785480 0x00000005f60a6480 0 0 0 0 0 0 0 24261 408
0x00007d762f785500 0x00000005f60a6500 0 1 0 0 0 0 0 24261 400
0x00007d762f785580 0x00000005f60a6580 0 1 0 0 0 0 0 24261 408
0x00007d762f785600 0x00000005f60a6600 0 0 1 0 0 0 0 24261 400
0x00007d762f785680 0x00000005f60a6680 0 0 1 0 0 0 0 24261 408
0x00007d762f785700 0x00000005f60a6700 0 1 1 0 0 0 0 24261 400
0x00007d762f785780 0x00000005f60a6780 0 1 1 0 0 0 0 24261 408
0x00007d762f785800 0x00000005f60a6800 0 0 0 0 0 0 0 24261 416
0x00007d762f785880 0x00000005f60a6880 0 0 0 0 0 0 0 24261 424
0x00007d762f785900 0x00000005f60a6900 0 1 0 0 0 0 0 24261 416
0x00007d762f785980 0x00000005f60a6980 0 1 0 0 0 0 0 24261 424
0x00007d762f785a00 0x00000005f60a6a00 0 0 1 0 0 0 0 24261 416
0x00007d762f785a80 0x00000005f60a6a80 0 0 1 0 0 0 0 24261 424
0x00007d762f785b00 0x00000005f60a6b00 0 1 1 0 0 0 0 24261 416
0x00007d762f785b80 0x00000005f60a6b80 0 1 1 0 0 0 0 24261 424
0x00007d762f785c00 0x00000005f60a6c00 0 0 0 0 0 0 0 24261 432
0x00007d762f785c80 0x00000005f60a6c80 0 0 0 0 0 0 0 24261 440
0x00007d762f785d00 0x00000005f60a6d00 0 1 0 0 0 0 0 24261 432
0x00007d762f785d80 0x00000005f60a6d80 0 1 0 0 0 0 0 24261 440
0x00007d762f785e00 0x00000005f60a6e00 0 0 1 0 0 0 0 24261 432
0x00007d762f785e80 0x00000005f60a6e80 0 0 1 0 0 0 0 24261 440
0x00007d762f785f00 0x00000005f60a6f00 0 1 1 0 0 0 0 24261 432
0x00007d762f785f80 0x00000005f60a6f80 0 1 1 0 0 0 0 24261 440
0x00007d762f78a000 0x0000000bc4838000 0 0 0 0 1 0 0 47241 512
0x00007d762f78a080 0x0000000bc4838080 0 0 0 0 1 0 0 47241 520
0x00007d762f78a100 0x0000000bc4838100 0 1 0 0 1 0 0 47241 512
0x00007d762f78a180 0x0000000bc4838180 0 1 0 0 1 0 0 47241 520
0x00007d762f78a200 0x0000000bc4838200 0 0 1 0 1 0 0 47241 512
0x00007d762f78a280 0x0000000bc4838280 0 0 1 0 1 0 0 47241 520
0x00007d762f78a300 0x0000000bc4838300 0 1 1 0 1 0 0 47241 512
0x00007d762f78a380 0x0000000bc4838380 0 1 1 0 1 0 0 47241 520
0x00007d762f78a400 0x0000000bc4838400 0 0 0 0 1 0 0 47241 528
0x00007d762f78a480 0x0000000bc4838480 0 0 0 0 1 0 0 47241 536
0x00007d762f78a500 0x0000000bc4838500 0 1 0 0 1 0 0 47241 528
0x00007d762f78a580 0x0000000bc4838580 0 1 0 0 1 0 0 47241 536
0x00007d762f78a600 0x0000000bc4838600 0 0 1 0 1 0 0 47241 528
0x00007d762f78a680 0x0000000bc4838680 0 0 1 0 1 0 0 47241 536
0x00007d762f78a700 0x0000000bc4838700 0 1 1 0 1 0 0 47241 528
0x00007d762f78a780 0x0000000bc4838780 0 1 1 0 1 0 0 47241 536
0x00007d762f78a800 0x0000000bc4838800 0 0 0 0 1 0 0 47241 544
0x00007d762f78a880 0x0000000bc4838880 0 0 0 0 1 0 0 47241 552
0x00007d762f78a900 0x0000000bc4838900 0 1 0 0 1 0 0 47241 544
0x00007d762f78a980 0x0000000bc4838980 0 1 0 0 1 0 0 47241 552
0x00007d762f78aa00 0x0000000bc4838a00 0 0 1 0 1 0 0 47241 544
0x00007d762f78aa80 0x0000000bc4838a80 0 0 1 0 1 0 0 47241 552
0x00007d762f78ab00 0x0000000bc4838b00 0 1 1 0 1 0 0 47241 544
0x00007d762f78ab80 0x0000000bc4838b80 0 1 1 0 1 0 0 47241 552
0x00007d762f78ac00 0x0000000bc4838c00 0 0 0 0 1 0 0 47241 560
0x00007d762f78ac80 0x0000000bc4838c80 0 0 0 0 1 0 0 47241 568
0x00007d762f78ad00 0x0000000bc4838d00 0 1 0 0 1 0 0 47241 560
0x00007d762f78ad80 0x0000000bc4838d80 0 1 0 0 1 0 0 47241 568
0x00007d762f78ae00 0x0000000bc4838e00 0 0 1 0 1 0 0 47241 560
0x00007d762f78ae80 0x0000000bc4838e80 0 0 1 0 1 0 0 47241 568
0x00007d762f78af00 0x0000000bc4838f00 0 1 1 0 1 0 0 47241 560
0x00007d762f78af80 0x0000000bc4838f80 0 1 1 0 1 0 0 47241 568
0x00007d762f79c000 0x0000000c8e046000 0 0 0 0 0 0 0 49602 384
0x00007d762f79c080 0x0000000c8e046080 0 0 0 0 0 0 0 49602 392
0x00007d762f79c100 0x0000000c8e046100 0 1 0 0 0 0 0 49602 384
0x00007d762f79c180 0x0000000c8e046180 0 1 0 0 0 0 0 49602 392
0x00007d762f79c200 0x0000000c8e046200 0 0 1 0 0 0 0 49602 384
0x00007d762f79c280 0x0000000c8e046280 0 0 1 0 0 0 0 49602 392
0x00007d762f79c300 0x0000000c8e046300 0 1 1 0 0 0 0 49602 384
0x00007d762f79c380 0x0000000c8e046380 0 1 1 0 0 0 0 49602 392
0x00007d762f79c400 0x0000000c8e046400 0 0 0 0 0 0 0 49602 400
0x00007d762f79c480 0x0000000c8e046480 0 0 0 0 0 0 0 49602 408
0x00007d762f79c500 0x0000000c8e046500 0 1 0 0 0 0 0 49602 400
0x00007d762f79c580 0x0000000c8e046580 0 1 0 0 0 0 0 49602 408
0x00007d762f79c600 0x0000000c8e046600 0 0 1 0 0 0 0 49602 400
0x00007d762f79c680 0x0000000c8e046680 0 0 1 0 0 0 0 49602 408
0x00007d762f79c700 0x0000000c8e046700 0 1 1 0 0 0 0 49602 400
0x00007d762f79c780 0x0000000c8e046780 0 1 1 0 0 0 0 49602 408
0x00007d762f79c800 0x0000000c8e046800 0 0 0 0 0 0 0 49602 416
0x00007d762f79c880 0x0000000c8e046880 0 0 0 0 0 0 0 49602 424
0x00007d762f79c900 0x0000000c8e046900 0 1 0 0 0 0 0 49602 416
0x00007d762f79c980 0x0000000c8e046980 0 1 0 0 0 0 0 49602 424
0x00007d762f79ca00 0x0000000c8e046a00 0 0 1 0 0 0 0 49602 416
0x00007d762f79ca80 0x0000000c8e046a80 0 0 1 0 0 0 0 49602 424
0x00007d762f79cb00 0x0000000c8e046b00 0 1 1 0 0 0 0 49602 416
0x00007d762f79cb80 0x0000000c8e046b80 0 1 1 0 0 0 0 49602 424
0x00007d762f79cc00 0x0000000c8e046c00 0 0 0 0 0 0 0 49602 432
0x00007d762f79cc80 0x0000000c8e046c80 0 0 0 0 0 0 0 49602 440
0x00007d762f79cd00 0x0000000c8e046d00 0 1 0 0 0 0 0 49602 432
0x00007d762f79cd80 0x0000000c8e046d80 0 1 0 0 0 0 0 49602 440
0x00007d762f79ce00 0x0000000c8e046e00 0 0 1 0 0 0 0 49602 432
0x00007d762f79ce80 0x0000000c8e046e80 0 0 1 0 0 0 0 49602 440
0x00007d762f79cf00 0x0000000c8e046f00 0 1 1 0 0 0 0 49602 432
0x00007d762f79cf80 0x0000000c8e046f80 0 1 1 0 0 0 0 49602 440
0x00007d762f79e000 0x0000000c8e043000 0 0 0 0 0 0 0 49602 192
0x00007d762f79e080 0x0000000c8e043080 0 0 0 0 0 0 0 49602 200
0x00007d762f79e100 0x0000000c8e043100 0 1 0 0 0 0 0 49602 192
0x00007d762f79e180 0x0000000c8e043180 0 1 0 0 0 0 0 49602 200
0x00007d762f79e200 0x0000000c8e043200 0 0 1 0 0 0 0 49602 192
0x00007d762f79e280 0x0000000c8e043280 0 0 1 0 0 0 0 49602 200
0x00007d762f79e300 0x0000000c8e043300 0 1 1 0 0 0 0 49602 192
0x00007d762f79e380 0x0000000c8e043380 0 1 1 0 0 0 0 49602 200
0x00007d762f79e400 0x0000000c8e043400 0 0 0 0 0 0 0 49602 208
0x00007d762f79e480 0x0000000c8e043480 0 0 0 0 0 0 0 49602 216
0x00007d762f79e500 0x0000000c8e043500 0 1 0 0 0 0 0 49602 208
0x00007d762f79e580 0x0000000c8e043580 0 1 0 0 0 0 0 49602 216
0x00007d762f79e600 0x0000000c8e043600 0 0 1 0 0 0 0 49602 208
0x00007d762f79e680 0x0000000c8e043680 0 0 1 0 0 0 0 49602 216
0x00007d762f79e700 0x0000000c8e043700 0 1 1 0 0 0 0 49602 208
0x00007d762f79e780 0x0000000c8e043780 0 1 1 0 0 0 0 49602 216
0x00007d762f79e800 0x0000000c8e043800 0 0 0 0 0 0 0 49602 224
0x00007d762f79e880 0x0000000c8e043880 0 0 0 0 0 0 0 49602 232
0x00007d762f79e900 0x0000000c8e043900 0 1 0 0 0 0 0 49602 224
0x00007d762f79e980 0x0000000c8e043980 0 1 0 0 0 0 0 49602 232
0x00007d762f79ea00 0x0000000c8e043a00 0 0 1 0 0 0 0 49602 224
0x00007d762f79ea80 0x0000000c8e043a80 0 0 1 0 0 0 0 49602 232
0x00007d762f79eb00 0x0000000c8e043b00 0 1 1 0 0 0 0 49602 224
0x00007d762f79eb80 0x0000000c8e043b80 0 1 1 0 0 0 0 49602 232
0x00007d762f79ec00 0x0000000c8e043c00 0 0 0 0 0 0 0 49602 240
0x00007d762f79ec80 0x0000000c8e043c80 0 0 0 0 0 0 0 49602 248
0x00007d762f79ed00 0x0000000c8e043d00 0 1 0 0 0 0 0 49602 240
0x00007d762f79ed80 0x0000000c8e043d80 0 1 0 0 0 0 0 49602 248
0x00007d762f79ee00 0x0000000c8e043e00 0 0 1 0 0 0 0 49602 240
0x00007d762f79ee80 0x0000000c8e043e80 0 0 1 0 0 0 0 49602 248
0x00007d762f79ef00 0x0000000c8e043f00 0 1 1 0 0 0 0 49602 240
0x00007d762f79ef80 0x0000000c8e043f80 0 1 1 0 0 0 0 49602 248
0x00007d762f79f000 0x0000000c8e045000 0 0 0 0 0 0 0 49602 320
0x00007d762f79f080 0x0000000c8e045080 0 0 0 0 0 0 0 49602 328
0x00007d762f79f100 0x0000000c8e045100 0 1 0 0 0 0 0 49602 320
0x00007d762f79f180 0x0000000c8e045180 0 1 0 0 0 0 0 49602 328
0x00007d762f79f200 0x0000000c8e045200 0 0 1 0 0 0 0 49602 320
0x00007d762f79f280 0x0000000c8e045280 0 0 1 0 0 0 0 49602 328
0x00007d762f79f300 0x0000000c8e045300 0 1 1 0 0 0 0 49602 320
0x00007d762f79f380 0x0000000c8e045380 0 1 1 0 0 0 0 49602 328
0x00007d762f79f400 0x0000000c8e045400 0 0 0 0 0 0 0 49602 336
0x00007d762f79f480 0x0000000c8e045480 0 0 0 0 0 0 0 49602 344
0x00007d762f79f500 0x0000000c8e045500 0 1 0 0 0 0 0 49602 336
0x00007d762f79f580 0x0000000c8e045580 0 1 0 0 0 0 0 49602 344
0x00007d762f79f600 0x0000000c8e045600 0 0 1 0 0 0 0 49602 336
0x00007d762f79f680 0x0000000c8e045680 0 0 1 0 0 0 0 49602 344
0x00007d762f79f700 0x0000000c8e045700 0 1 1 0 0 0 0 49602 336
0x00007d762f79f780 0x0000000c8e045780 0 1 1 0 0 0 0 49602 344
0x00007d762f79f800 0x0000000c8e045800 0 0 0 0 0 0 0 49602 352
0x00007d762f79f880 0x0000000c8e045880 0 0 0 0 0 0 0 49602 360
0x00007d762f79f900 0x0000000c8e045900 0 1 0 0 0 0 0 49602 352
0x00007d762f79f980 0x0000000c8e045980 0 1 0 0 0 0 0 49602 360
0x00007d762f79fa00 0x0000000c8e045a00 0 0 1 0 0 0 0 49602 352
0x00007d762f79fa80 0x0000000c8e045a80 0 0 1 0 0 0 0 49602 360
0x00007d762f79fb00 0x0000000c8e045b00 0 1 1 0 0 0 0 49602 352
0x00007d762f79fb80 0x0000000c8e045b80 0 1 1 0 0 0 0 49602 360
0x00007d762f79fc00 0x0000000c8e045c00 0 0 0 0 0 0 0 49602 368
0x00007d762f79fc80 0x0000000c8e045c80 0 0 0 0 0 0 0 49602 376
0x00007d762f79fd00 0x0000000c8e045d00 0 1 0 0 0 0 0 49602 368
0x00007d762f79fd80 0x0000000c8e045d80 0 1 0 0 0 0 0 49602 376
0x00007d762f79fe00 0x0000000c8e045e00 0 0 1 0 0 0 0 49602 368
0x00007d762f79fe80 0x0000000c8e045e80 0 0 1 0 0 0 0 49602 376
0x00007d762f79ff00 0x0000000c8e045f00 0 1 1 0 0 0 0 49602 368
0x00007d762f79ff80 0x0000000c8e045f80 0 1 1 0 0 0 0 49602 376
0x00007d762f7a3000 0x00000009048e3000 0 0 0 0 0 0 0 32927 192
0x00007d762f7a3080 0x00000009048e3080 0 0 0 0 0 0 0 32927 200
0x00007d762f7a3100 0x00000009048e3100 0 1 0 0 0 0 0 32927 192
0x00007d762f7a3180 0x00000009048e3180 0 1 0 0 0 0 0 32927 200
0x00007d762f7a3200 0x00000009048e3200 0 0 1 0 0 0 0 32927 192
0x00007d762f7a3280 0x00000009048e3280 0 0 1 0 0 0 0 32927 200
0x00007d762f7a3300 0x00000009048e3300 0 1 1 0 0 0 0 32927 192
0x00007d762f7a3380 0x00000009048e3380 0 1 1 0 0 0 0 32927 200
0x00007d762f7a3400 0x00000009048e3400 0 0 0 0 0 0 0 32927 208
0x00007d762f7a3480 0x00000009048e3480 0 0 0 0 0 0 0 32927 216
0x00007d762f7a3500 0x00000009048e3500 0 1 0 0 0 0 0 32927 208
0x00007d762f7a3580 0x00000009048e3580 0 1 0 0 0 0 0 32927 216
0x00007d762f7a3600 0x00000009048e3600 0 0 1 0 0 0 0 32927 208
0x00007d762f7a3680 0x00000009048e3680 0 0 1 0 0 0 0 32927 216
0x00007d762f7a3700 0x00000009048e3700 0 1 1 0 0 0 0 32927 208
0x00007d762f7a3780 0x00000009048e3780 0 1 1 0 0 0 0 32927 216
0x00007d762f7a3800 0x00000009048e3800 0 0 0 0 0 0 0 32927 224
0x00007d762f7a3880 0x00000009048e3880 0 0 0 0 0 0 0 32927 232
0x00007d762f7a3900 0x00000009048e3900 0 1 0 0 0 0 0 32927 224
0x00007d762f7a3980 0x00000009048e3980 0 1 0 0 0 0 0 32927 232
0x00007d762f7a3a00 0x00000009048e3a00 0 0 1 0 0 0 0 32927 224
0x00007d762f7a3a80 0x00000009048e3a80 0 0 1 0 0 0 0 32927 232
0x00007d762f7a3b00 0x00000009048e3b00 0 1 1 0 0 0 0 32927 224
0x00007d762f7a3b80 0x00000009048e3b80 0 1 1 0 0 0 0 32927 232
0x00007d762f7a3c00 0x00000009048e3c00 0 0 0 0 0 0 0 32927 240
0x00007d762f7a3c80 0x00000009048e3c80 0 0 0 0 0 0 0 32927 248
0x00007d762f7a3d00 0x00000009048e3d00 0 1 0 0 0 0 0 32927 240
0x00007d762f7a3d80 0x00000009048e3d80 0 1 0 0 0 0 0 32927 248
0x00007d762f7a3e00 0x00000009048e3e00 0 0 1 0 0 0 0 32927 240
0x00007d762f7a3e80 0x00000009048e3e80 0 0 1 0 0 0 0 32927 248
0x00007d762f7a3f00 0x00000009048e3f00 0 1 1 0 0 0 0 32927 240
0x00007d762f7a3f80 0x00000009048e3f80 0 1 1 0 0 0 0 32927 248
0x00007d762f7a6000 0x0000000dec8aa000 0 0 0 0 1 0 0 56717 128
0x00007d762f7a6080 0x0000000dec8aa080 0 0 0 0 1 0 0 56717 136
0x00007d762f7a6100 0x0000000dec8aa100 0 1 0 0 1 0 0 56717 128
0x00007d762f7a6180 0x0000000dec8aa180 0 1 0 0 1 0 0 56717 136
0x00007d762f7a6200 0x0000000dec8aa200 0 0 1 0 1 0 0 56717 128
0x00007d762f7a6280 0x0000000dec8aa280 0 0 1 0 1 0 0 56717 136
0x00007d762f7a6300 0x0000000dec8aa300 0 1 1 0 1 0 0 56717 128
0x00007d762f7a6380 0x0000000dec8aa380 0 1 1 0 1 0 0 56717 136
0x00007d762f7a6400 0x0000000dec8aa400 0 0 0 0 1 0 0 56717 144
0x00007d762f7a6480 0x0000000dec8aa480 0 0 0 0 1 0 0 56717 152
0x00007d762f7a6500 0x0000000dec8aa500 0 1 0 0 1 0 0 56717 144
0x00007d762f7a6580 0x0000000dec8aa580 0 1 0 0 1 0 0 56717 152
0x00007d762f7a6600 0x0000000dec8aa600 0 0 1 0 1 0 0 56717 144
0x00007d762f7a6680 0x0000000dec8aa680 0 0 1 0 1 0 0 56717 152
0x00007d762f7a6700 0x0000000dec8aa700 0 1 1 0 1 0 0 56717 144
0x00007d762f7a6780 0x0000000dec8aa780 0 1 1 0 1 0 0 56717 152
0x00007d762f7a6800 0x0000000dec8aa800 0 0 0 0 1 0 0 56717 160
0x00007d762f7a6880 0x0000000dec8aa880 0 0 0 0 1 0 0 56717 168
0x00007d762f7a6900 0x0000000dec8aa900 0 1 0 0 1 0 0 56717 160
0x00007d762f7a6980 0x0000000dec8aa980 0 1 0 0 1 0 0 56717 168
0x00007d762f7a6a00 0x0000000dec8aaa00 0 0 1 0 1 0 0 56717 160
0x00007d762f7a6a80 0x0000000dec8aaa80 0 0 1 0 1 0 0 56717 168
0x00007d762f7a6b00 0x0000000dec8aab00 0 1 1 0 1 0 0 56717 160
0x00007d762f7a6b80 0x0000000dec8aab80 0 1 1 0 1 0 0 56717 168
0x00007d762f7a6c00 0x0000000dec8aac00 0 0 0 0 1 0 0 56717 176
0x00007d762f7a6c80 0x0000000dec8aac80 0 0 0 0 1 0 0 56717 184
0x00007d762f7a6d00 0x0000000dec8aad00 0 1 0 0 1 0 0 56717 176
0x00007d762f7a6d80 0x0000000dec8aad80 0 1 0 0 1 0 0 56717 184
0x00007d762f7a6e00 0x0000000dec8aae00 0 0 1 0 1 0 0 56717 176
0x00007d762f7a6e80 0x0000000dec8aae80 0 0 1 0 1 0 0 56717 184
0x00007d762f7a6f00 0x0000000dec8aaf00 0 1 1 0 1 0 0 56717 176
0x00007d762f7a6f80 0x0000000dec8aaf80 0 1 1 0 1 0 0 56717 184
0x00007d762f7a8000 0x00000009048e2000 0 0 0 0 0 0 0 32927 128
0x00007d762f7a8080 0x00000009048e2080 0 0 0 0 0 0 0 32927 136
0x00007d762f7a8100 0x00000009048e2100 0 1 0 0 0 0 0 32927 128
0x00007d762f7a8180 0x00000009048e2180 0 1 0 0 0 0 0 32927 136
0x00007d762f7a8200 0x00000009048e2200 0 0 1 0 0 0 0 32927 128
0x00007d762f7a8280 0x00000009048e2280 0 0 1 0 0 0 0 32927 136
0x00007d762f7a8300 0x00000009048e2300 0 1 1 0 0 0 0 32927 128
0x00007d762f7a8380 0x00000009048e2380 0 1 1 0 0 0 0 32927 136
0x00007d762f7a8400 0x00000009048e2400 0 0 0 0 0 0 0 32927 144
0x00007d762f7a8480 0x00000009048e2480 0 0 0 0 0 0 0 32927 152
0x00007d762f7a8500 0x00000009048e2500 0 1 0 0 0 0 0 32927 144
0x00007d762f7a8580 0x00000009048e2580 0 1 0 0 0 0 0 32927 152
0x00007d762f7a8600 0x00000009048e2600 0 0 1 0 0 0 0 32927 144
0x00007d762f7a8680 0x00000009048e2680 0 0 1 0 0 0 0 32927 152
0x00007d762f7a8700 0x00000009048e2700 0 1 1 0 0 0 0 32927 144
0x00007d762f7a8780 0x00000009048e2780 0 1 1 0 0 0 0 32927 152
0x00007d762f7a8800 0x00000009048e2800 0 0 0 0 0 0 0 32927 160
0x00007d762f7a8880 0x00000009048e2880 0 0 0 0 0 0 0 32927 168
0x00007d762f7a8900 0x00000009048e2900 0 1 0 0 0 0 0 32927 160
0x00007d762f7a8980 0x00000009048e2980 0 1 0 0 0 0 0 32927 168
0x00007d762f7a8a00 0x00000009048e2a00 0 0 1 0 0 0 0 32927 160
0x00007d762f7a8a80 0x00000009048e2a80 0 0 1 0 0 0 0 32927 168
0x00007d762f7a8b00 0x00000009048e2b00 0 1 1 0 0 0 0 32927 160
0x00007d762f7a8b80 0x00000009048e2b80 0 1 1 0 0 0 0 32927 168
0x00007d762f7a8c00 0x00000009048e2c00 0 0 0 0 0 0 0 32927 176
0x00007d762f7a8c80 0x00000009048e2c80 0 0 0 0 0 0 0 32927 184
0x00007d762f7a8d00 0x00000009048e2d00 0 1 0 0 0 0 0 32927 176
0x00007d762f7a8d80 0x00000009048e2d80 0 1 0 0 0 0 0 32927 184
0x00007d762f7a8e00 0x00000009048e2e00 0 0 1 0 0 0 0 32927 176
0x00007d762f7a8e80 0x00000009048e2e80 0 0 1 0 0 0 0 32927 184
0x00007d762f7a8f00 0x00000009048e2f00 0 1 1 0 0 0 0 32927 176
0x00007d762f7a8f80 0x00000009048e2f80 0 1 1 0 0 0 0 32927 184
0x00007d762f7a9000 0x0000000b1d8a0000 0 0 0 0 0 0 0 41917 0
0x00007d762f7a9080 0x0000000b1d8a0080 0 0 0 0 0 0 0 41917 8
0x00007d762f7a9100 0x0000000b1d8a0100 0 1 0 0 0 0 0 41917 0
0x00007d762f7a9180 0x0000000b1d8a0180 0 1 0 0 0 0 0 41917 8
0x00007d762f7a9200 0x0000000b1d8a0200 0 0 1 0 0 0 0 41917 0
0x00007d762f7a9280 0x0000000b1d8a0280 0 0 1 0 0 0 0 41917 8
0x00007d762f7a9300 0x0000000b1d8a0300 0 1 1 0 0 0 0 41917 0
0x00007d762f7a9380 0x0000000b1d8a0380 0 1 1 0 0 0 0 41917 8
0x00007d762f7a9400 0x0000000b1d8a0400 0 0 0 0 0 0 0 41917 16
0x00007d762f7a9480 0x0000000b1d8a0480 0 0 0 0 0 0 0 41917 24
0x00007d762f7a9500 0x0000000b1d8a0500 0 1 0 0 0 0 0 41917 16
0x00007d762f7a9580 0x0000000b1d8a0580 0 1 0 0 0 0 0 41917 24
0x00007d762f7a9600 0x0000000b1d8a0600 0 0 1 0 0 0 0 41917 16
0x00007d762f7a9680 0x0000000b1d8a0680 0 0 1 0 0 0 0 41917 24
0x00007d762f7a9700 0x0000000b1d8a0700 0 1 1 0 0 0 0 41917 16
0x00007d762f7a9780 0x0000000b1d8a0780 0 1 1 0 0 0 0 41917 24
0x00007d762f7a9800 0x0000000b1d8a0800 0 0 0 0 0 0 0 41917 32
0x00007d762f7a9880 0x0000000b1d8a0880 0 0 0 0 0 0 0 41917 40
0x00007d762f7a9900 0x0000000b1d8a0900 0 1 0 0 0 0 0 41917 32
0x00007d762f7a9980 0x0000000b1d8a0980 0 1 0 0 0 0 0 41917 40
0x00007d762f7a9a00 0x0000000b1d8a0a00 0 0 1 0 0 0 0 41917 32
0x00007d762f7a9a80 0x0000000b1d8a0a80 0 0 1 0 0 0 0 41917 40
0x00007d762f7a9b00 0x0000000b1d8a0b00 0 1 1 0 0 0 0 41917 32
0x00007d762f7a9b80 0x0000000b1d8a0b80 0 1 1 0 0 0 0 41917 40
0x00007d762f7a9c00 0x0000000b1d8a0c00 0 0 0 0 0 0 0 41917 48
0x00007d762f7a9c80 0x0000000b1d8a0c80 0 0 0 0 0 0 0 41917 56
0x00007d762f7a9d00 0x0000000b1d8a0d00 0 1 0 0 0 0 0 41917 48
0x00007d762f7a9d80 0x0000000b1d8a0d80 0 1 0 0 0 0 0 41917 56
0x00007d762f7a9e00 0x0000000b1d8a0e00 0 0 1 0 0 0 0 41917 48
0x00007d762f7a9e80 0x0000000b1d8a0e80 0 0 1 0 0 0 0 41917 56
0x00007d762f7a9f00 0x0000000b1d8a0f00 0 1 1 0 0 0 0 41917 48
0x00007d762f7a9f80 0x0000000b1d8a0f80 0 1 1 0 0 0 0 41917 56
0x00007d762f7ab000 0x00000009048e0000 0 0 0 0 0 0 0 32927 0
0x00007d762f7ab080 0x00000009048e0080 0 0 0 0 0 0 0 32927 8
0x00007d762f7ab100 0x00000009048e0100 0 1 0 0 0 0 0 32927 0
0x00007d762f7ab180 0x00000009048e0180 0 1 0 0 0 0 0 32927 8
0x00007d762f7ab200 0x00000009048e0200 0 0 1 0 0 0 0 32927 0
0x00007d762f7ab280 0x00000009048e0280 0 0 1 0 0 0 0 32927 8
0x00007d762f7ab300 0x00000009048e0300 0 1 1 0 0 0 0 32927 0
0x00007d762f7ab380 0x00000009048e0380 0 1 1 0 0 0 0 32927 8
0x00007d762f7ab400 0x00000009048e0400 0 0 0 0 0 0 0 32927 16
0x00007d762f7ab480 0x00000009048e0480 0 0 0 0 0 0 0 32927 24
0x00007d762f7ab500 0x00000009048e0500 0 1 0 0 0 0 0 32927 16
0x00007d762f7ab580 0x00000009048e0580 0 1 0 0 0 0 0 32927 24
0x00007d762f7ab600 0x00000009048e0600 0 0 1 0 0 0 0 32927 16
0x00007d762f7ab680 0x00000009048e0680 0 0 1 0 0 0 0 32927 24
0x00007d762f7ab700 0x00000009048e0700 0 1 1 0 0 0 0 32927 16
0x00007d762f7ab780 0x00000009048e0780 0 1 1 0 0 0 0 32927 24
0x00007d762f7ab800 0x00000009048e0800 0 0 0 0 0 0 0 32927 32
0x00007d762f7ab880 0x00000009048e0880 0 0 0 0 0 0 0 32927 40
0x00007d762f7ab900 0x00000009048e0900 0 1 0 0 0 0 0 32927 32
0x00007d762f7ab980 0x00000009048e0980 0 1 0 0 0 0 0 32927 40
0x00007d762f7aba00 0x00000009048e0a00 0 0 1 0 0 0 0 32927 32
0x00007d762f7aba80 0x00000009048e0a80 0 0 1 0 0 0 0 32927 40
0x00007d762f7abb00 0x00000009048e0b00 0 1 1 0 0 0 0 32927 32
0x00007d762f7abb80 0x00000009048e0b80 0 1 1 0 0 0 0 32927 40
0x00007d762f7abc00 0x00000009048e0c00 0 0 0 0 0 0 0 32927 48
0x00007d762f7abc80 0x00000009048e0c80 0 0 0 0 0 0 0 32927 56
0x00007d762f7abd00 0x00000009048e0d00 0 1 0 0 0 0 0 32927 48
0x00007d762f7abd80 0x00000009048e0d80 0 1 0 0 0 0 0 32927 56
0x00007d762f7abe00 0x00000009048e0e00 0 0 1 0 0 0 0 32927 48
0x00007d762f7abe80 0x00000009048e0e80 0 0 1 0 0 0 0 32927 56
0x00007d762f7abf00 0x00000009048e0f00 0 1 1 0 0 0 0 32927 48
0x00007d762f7abf80 0x00000009048e0f80 0 1 1 0 0 0 0 32927 56
0x00007d762f7ae000 0x0000000a7f034000 0 0 0 0 0 0 0 40945 768
0x00007d762f7ae080 0x0000000a7f034080 0 0 0 0 0 0 0 40945 776
0x00007d762f7ae100 0x0000000a7f034100 0 1 0 0 0 0 0 40945 768
0x00007d762f7ae180 0x0000000a7f034180 0 1 0 0 0 0 0 40945 776
0x00007d762f7ae200 0x0000000a7f034200 0 0 1 0 0 0 0 40945 768
0x00007d762f7ae280 0x0000000a7f034280 0 0 1 0 0 0 0 40945 776
0x00007d762f7ae300 0x0000000a7f034300 0 1 1 0 0 0 0 40945 768
0x00007d762f7ae380 0x0000000a7f034380 0 1 1 0 0 0 0 40945 776
0x00007d762f7ae400 0x0000000a7f034400 0 0 0 0 0 0 0 40945 784
0x00007d762f7ae480 0x0000000a7f034480 0 0 0 0 0 0 0 40945 792
0x00007d762f7ae500 0x0000000a7f034500 0 1 0 0 0 0 0 40945 784
0x00007d762f7ae580 0x0000000a7f034580 0 1 0 0 0 0 0 40945 792
0x00007d762f7ae600 0x0000000a7f034600 0 0 1 0 0 0 0 40945 784
0x00007d762f7ae680 0x0000000a7f034680 0 0 1 0 0 0 0 40945 792
0x00007d762f7ae700 0x0000000a7f034700 0 1 1 0 0 0 0 40945 784
0x00007d762f7ae780 0x0000000a7f034780 0 1 1 0 0 0 0 40945 792
0x00007d762f7ae800 0x0000000a7f034800 0 0 0 0 0 0 0 40945 800
0x00007d762f7ae880 0x0000000a7f034880 0 0 0 0 0 0 0 40945 808
0x00007d762f7ae900 0x0000000a7f034900 0 1 0 0 0 0 0 40945 800
0x00007d762f7ae980 0x0000000a7f034980 0 1 0 0 0 0 0 40945 808
0x00007d762f7aea00 0x0000000a7f034a00 0 0 1 0 0 0 0 40945 800
0x00007d762f7aea80 0x0000000a7f034a80 0 0 1 0 0 0 0 40945 808
0x00007d762f7aeb00 0x0000000a7f034b00 0 1 1 0 0 0 0 40945 800
0x00007d762f7aeb80 0x0000000a7f034b80 0 1 1 0 0 0 0 40945 808
0x00007d762f7aec00 0x0000000a7f034c00 0 0 0 0 0 0 0 40945 816
0x00007d762f7aec80 0x0000000a7f034c80 0 0 0 0 0 0 0 40945 824
0x00007d762f7aed00 0x0000000a7f034d00 0 1 0 0 0 0 0 40945 816
0x00007d762f7aed80 0x0000000a7f034d80 0 1 0 0 0 0 0 40945 824
0x00007d762f7aee00 0x0000000a7f034e00 0 0 1 0 0 0 0 40945 816
0x00007d762f7aee80 0x0000000a7f034e80 0 0 1 0 0 0 0 40945 824
0x00007d762f7aef00 0x0000000a7f034f00 0 1 1 0 0 0 0 40945 816
0x00007d762f7aef80 0x0000000a7f034f80 0 1 1 0 0 0 0 40945 824
0x00007d762f7b3000 0x0000000c8e044000 0 0 0 0 0 0 0 49602 256
0x00007d762f7b3080 0x0000000c8e044080 0 0 0 0 0 0 0 49602 264
0x00007d762f7b3100 0x0000000c8e044100 0 1 0 0 0 0 0 49602 256
0x00007d762f7b3180 0x0000000c8e044180 0 1 0 0 0 0 0 49602 264
0x00007d762f7b3200 0x0000000c8e044200 0 0 1 0 0 0 0 49602 256
0x00007d762f7b3280 0x0000000c8e044280 0 0 1 0 0 0 0 49602 264
0x00007d762f7b3300 0x0000000c8e044300 0 1 1 0 0 0 0 49602 256
0x00007d762f7b3380 0x0000000c8e044380 0 1 1 0 0 0 0 49602 264
0x00007d762f7b3400 0x0000000c8e044400 0 0 0 0 0 0 0 49602 272
0x00007d762f7b3480 0x0000000c8e044480 0 0 0 0 0 0 0 49602 280
0x00007d762f7b3500 0x0000000c8e044500 0 1 0 0 0 0 0 49602 272
0x00007d762f7b3580 0x0000000c8e044580 0 1 0 0 0 0 0 49602 280
0x00007d762f7b3600 0x0000000c8e044600 0 0 1 0 0 0 0 49602 272
0x00007d762f7b3680 0x0000000c8e044680 0 0 1 0 0 0 0 49602 280
0x00007d762f7b3700 0x0000000c8e044700 0 1 1 0 0 0 0 49602 272
0x00007d762f7b3780 0x0000000c8e044780 0 1 1 0 0 0 0 49602 280
0x00007d762f7b3800 0x0000000c8e044800 0 0 0 0 0 0 0 49602 288
0x00007d762f7b3880 0x0000000c8e044880 0 0 0 0 0 0 0 49602 296
0x00007d762f7b3900 0x0000000c8e044900 0 1 0 0 0 0 0 49602 288
0x00007d762f7b3980 0x0000000c8e044980 0 1 0 0 0 0 0 49602 296
0x00007d762f7b3a00 0x0000000c8e044a00 0 0 1 0 0 0 0 49602 288
0x00007d762f7b3a80 0x0000000c8e044a80 0 0 1 0 0 0 0 49602 296
0x00007d762f7b3b00 0x0000000c8e044b00 0 1 1 0 0 0 0 49602 288
0x00007d762f7b3b80 0x0000000c8e044b80 0 1 1 0 0 0 0 49602 296
0x00007d762f7b3c00 0x0000000c8e044c00 0 0 0 0 0 0 0 49602 304
0x00007d762f7b3c80 0x0000000c8e044c80 0 0 0 0 0 0 0 49602 312
0x00007d762f7b3d00 0x0000000c8e044d00 0 1 0 0 0 0 0 49602 304
0x00007d762f7b3d80 0x0000000c8e044d80 0 1 0 0 0 0 0 49602 312
0x00007d762f7b3e00 0x0000000c8e044e00 0 0 1 0 0 0 0 49602 304
0x00007d762f7b3e80 0x0000000c8e044e80 0 0 1 0 0 0 0 49602 312
0x00007d762f7b3f00 0x0000000c8e044f00 0 1 1 0 0 0 0 49602 304
0x00007d762f7b3f80 0x0000000c8e044f80 0 1 1 0 0 0 0 49602 312
0x00007d762f7b7000 0x0000000dec8ab000 0 0 0 0 1 0 0 56717 192
0x00007d762f7b7080 0x0000000dec8ab080 0 0 0 0 1 0 0 56717 200
0x00007d762f7b7100 0x0000000dec8ab100 0 1 0 0 1 0 0 56717 192
0x00007d762f7b7180 0x0000000dec8ab180 0 1 0 0 1 0 0 56717 200
0x00007d762f7b7200 0x0000000dec8ab200 0 0 1 0 1 0 0 56717 192
0x00007d762f7b7280 0x0000000dec8ab280 0 0 1 0 1 0 0 56717 200
0x00007d762f7b7300 0x0000000dec8ab300 0 1 1 0 1 0 0 56717 192
0x00007d762f7b7380 0x0000000dec8ab380 0 1 1 0 1 0 0 56717 200
0x00007d762f7b7400 0x0000000dec8ab400 0 0 0 0 1 0 0 56717 208
0x00007d762f7b7480 0x0000000dec8ab480 0 0 0 0 1 0 0 56717 216
0x00007d762f7b7500 0x0000000dec8ab500 0 1 0 0 1 0 0 56717 208
0x00007d762f7b7580 0x0000000dec8ab580 0 1 0 0 1 0 0 56717 216
0x00007d762f7b7600 0x0000000dec8ab600 0 0 1 0 1 0 0 56717 208
0x00007d762f7b7680 0x0000000dec8ab680 0 0 1 0 1 0 0 56717 216
0x00007d762f7b7700 0x0000000dec8ab700 0 1 1 0 1 0 0 56717 208
0x00007d762f7b7780 0x0000000dec8ab780 0 1 1 0 1 0 0 56717 216
0x00007d762f7b7800 0x0000000dec8ab800 0 0 0 0 1 0 0 56717 224
0x00007d762f7b7880 0x0000000dec8ab880 0 0 0 0 1 0 0 56717 232
0x00007d762f7b7900 0x0000000dec8ab900 0 1 0 0 1 0 0 56717 224
0x00007d762f7b7980 0x0000000dec8ab980 0 1 0 0 1 0 0 56717 232
0x00007d762f7b7a00 0x0000000dec8aba00 0 0 1 0 1 0 0 56717 224
0x00007d762f7b7a80 0x0000000dec8aba80 0 0 1 0 1 0 0 56717 232
0x00007d762f7b7b00 0x0000000dec8abb00 0 1 1 0 1 0 0 56717 224
0x00007d762f7b7b80 0x0000000dec8abb80 0 1 1 0 1 0 0 56717 232
0x00007d762f7b7c00 0x0000000dec8abc00 0 0 0 0 1 0 0 56717 240
0x00007d762f7b7c80 0x0000000dec8abc80 0 0 0 0 1 0 0 56717 248
0x00007d762f7b7d00 0x0000000dec8abd00 0 1 0 0 1 0 0 56717 240
0x00007d762f7b7d80 0x0000000dec8abd80 0 1 0 0 1 0 0 56717 248
0x00007d762f7b7e00 0x0000000dec8abe00 0 0 1 0 1 0 0 56717 240
0x00007d762f7b7e80 0x0000000dec8abe80 0 0 1 0 1 0 0 56717 248
0x00007d762f7b7f00 0x0000000dec8abf00 0 1 1 0 1 0 0 56717 240
0x00007d762f7b7f80 0x0000000dec8abf80 0 1 1 0 1 0 0 56717 248
0x00007d762f7bc000 0x0000000a7f038000 0 0 0 0 1 0 0 40945 512
0x00007d762f7bc080 0x0000000a7f038080 0 0 0 0 1 0 0 40945 520
0x00007d762f7bc100 0x0000000a7f038100 0 1 0 0 1 0 0 40945 512
0x00007d762f7bc180 0x0000000a7f038180 0 1 0 0 1 0 0 40945 520
0x00007d762f7bc200 0x0000000a7f038200 0 0 1 0 1 0 0 40945 512
0x00007d762f7bc280 0x0000000a7f038280 0 0 1 0 1 0 0 40945 520
0x00007d762f7bc300 0x0000000a7f038300 0 1 1 0 1 0 0 40945 512
0x00007d762f7bc380 0x0000000a7f038380 0 1 1 0 1 0 0 40945 520
0x00007d762f7bc400 0x0000000a7f038400 0 0 0 0 1 0 0 40945 528
0x00007d762f7bc480 0x0000000a7f038480 0 0 0 0 1 0 0 40945 536
0x00007d762f7bc500 0x0000000a7f038500 0 1 0 0 1 0 0 40945 528
0x00007d762f7bc580 0x0000000a7f038580 0 1 0 0 1 0 0 40945 536
0x00007d762f7bc600 0x0000000a7f038600 0 0 1 0 1 0 0 40945 528
0x00007d762f7bc680 0x0000000a7f038680 0 0 1 0 1 0 0 40945 536
0x00007d762f7bc700 0x0000000a7f038700 0 1 1 0 1 0 0 40945 528
0x00007d762f7bc780 0x0000000a7f038780 0 1 1 0 1 0 0 40945 536
0x00007d762f7bc800 0x0000000a7f038800 0 0 0 0 1 0 0 40945 544
0x00007d762f7bc880 0x0000000a7f038880 0 0 0 0 1 0 0 40945 552
0x00007d762f7bc900 0x0000000a7f038900 0 1 0 0 1 0 0 40945 544
0x00007d762f7bc980 0x0000000a7f038980 0 1 0 0 1 0 0 40945 552
0x00007d762f7bca00 0x0000000a7f038a00 0 0 1 0 1 0 0 40945 544
0x00007d762f7bca80 0x0000000a7f038a80 0 0 1 0 1 0 0 40945 552
0x00007d762f7bcb00 0x0000000a7f038b00 0 1 1 0 1 0 0 40945 544
0x00007d762f7bcb80 0x0000000a7f038b80 0 1 1 0 1 0 0 40945 552
0x00007d762f7bcc00 0x0000000a7f038c00 0 0 0 0 1 0 0 40945 560
0x00007d762f7bcc80 0x0000000a7f038c80 0 0 0 0 1 0 0 40945 568
0x00007d762f7bcd00 0x0000000a7f038d00 0 1 0 0 1 0 0 40945 560
0x00007d762f7bcd80 0x0000000a7f038d80 0 1 0 0 1 0 0 40945 568
0x00007d762f7bce00 0x0000000a7f038e00 0 0 1 0 1 0 0 40945 560
0x00007d762f7bce80 0x0000000a7f038e80 0 0 1 0 1 0 0 40945 568
0x00007d762f7bcf00 0x0000000a7f038f00 0 1 1 0 1 0 0 40945 560
0x00007d762f7bcf80 0x0000000a7f038f80 0 1 1 0 1 0 0 40945 568
0x00007d762f7bf000 0x0000000a7f031000 0 0 0 0 0 0 0 40945 576
0x00007d762f7bf080 0x0000000a7f031080 0 0 0 0 0 0 0 40945 584
0x00007d762f7bf100 0x0000000a7f031100 0 1 0 0 0 0 0 40945 576
0x00007d762f7bf180 0x0000000a7f031180 0 1 0 0 0 0 0 40945 584
0x00007d762f7bf200 0x0000000a7f031200 0 0 1 0 0 0 0 40945 576
0x00007d762f7bf280 0x0000000a7f031280 0 0 1 0 0 0 0 40945 584
0x00007d762f7bf300 0x0000000a7f031300 0 1 1 0 0 0 0 40945 576
0x00007d762f7bf380 0x0000000a7f031380 0 1 1 0 0 0 0 40945 584
0x00007d762f7bf400 0x0000000a7f031400 0 0 0 0 0 0 0 40945 592
0x00007d762f7bf480 0x0000000a7f031480 0 0 0 0 0 0 0 40945 600
0x00007d762f7bf500 0x0000000a7f031500 0 1 0 0 0 0 0 40945 592
0x00007d762f7bf580 0x0000000a7f031580 0 1 0 0 0 0 0 40945 600
0x00007d762f7bf600 0x0000000a7f031600 0 0 1 0 0 0 0 40945 592
0x00007d762f7bf680 0x0000000a7f031680 0 0 1 0 0 0 0 40945 600
0x00007d762f7bf700 0x0000000a7f031700 0 1 1 0 0 0 0 40945 592
0x00007d762f7bf780 0x0000000a7f031780 0 1 1 0 0 0 0 40945 600
0x00007d762f7bf800 0x0000000a7f031800 0 0 0 0 0 0 0 40945 608
0x00007d762f7bf880 0x0000000a7f031880 0 0 0 0 0 0 0 40945 616
0x00007d762f7bf900 0x0000000a7f031900 0 1 0 0 0 0 0 40945 608
0x00007d762f7bf980 0x0000000a7f031980 0 1 0 0 0 0 0 40945 616
0x00007d762f7bfa00 0x0000000a7f031a00 0 0 1 0 0 0 0 40945 608
0x00007d762f7bfa80 0x0000000a7f031a80 0 0 1 0 0 0 0 40945 616
0x00007d762f7bfb00 0x0000000a7f031b00 0 1 1 0 0 0 0 40945 608
0x00007d762f7bfb80 0x0000000a7f031b80 0 1 1 0 0 0 0 40945 616
0x00007d762f7bfc00 0x0000000a7f031c00 0 0 0 0 0 0 0 40945 624
0x00007d762f7bfc80 0x0000000a7f031c80 0 0 0 0 0 0 0 40945 632
0x00007d762f7bfd00 0x0000000a7f031d00 0 1 0 0 0 0 0 40945 624
0x00007d762f7bfd80 0x0000000a7f031d80 0 1 0 0 0 0 0 40945 632
0x00007d762f7bfe00 0x0000000a7f031e00 0 0 1 0 0 0 0 40945 624
0x00007d762f7bfe80 0x0000000a7f031e80 0 0 1 0 0 0 0 40945 632
0x00007d762f7bff00 0x0000000a7f031f00 0 1 1 0 0 0 0 40945 624
0x00007d762f7bff80 0x0000000a7f031f80 0 1 1 0 0 0 0 40945 632
0x00007d762f7d3000 0x0000000a7f03c000 0 0 0 0 1 0 0 40945 768
0x00007d762f7d3080 0x0000000a7f03c080 0 0 0 0 1 0 0 40945 776
0x00007d762f7d3100 0x0000000a7f03c100 0 1 0 0 1 0 0 40945 768
0x00007d762f7d3180 0x0000000a7f03c180 0 1 0 0 1 0 0 40945 776
0x00007d762f7d3200 0x0000000a7f03c200 0 0 1 0 1 0 0 40945 768
0x00007d762f7d3280 0x0000000a7f03c280 0 0 1 0 1 0 0 40945 776
0x00007d762f7d3300 0x0000000a7f03c300 0 1 1 0 1 0 0 40945 768
0x00007d762f7d3380 0x0000000a7f03c380 0 1 1 0 1 0 0 40945 776
0x00007d762f7d3400 0x0000000a7f03c400 0 0 0 0 1 0 0 40945 784
0x00007d762f7d3480 0x0000000a7f03c480 0 0 0 0 1 0 0 40945 792
0x00007d762f7d3500 0x0000000a7f03c500 0 1 0 0 1 0 0 40945 784
0x00007d762f7d3580 0x0000000a7f03c580 0 1 0 0 1 0 0 40945 792
0x00007d762f7d3600 0x0000000a7f03c600 0 0 1 0 1 0 0 40945 784
0x00007d762f7d3680 0x0000000a7f03c680 0 0 1 0 1 0 0 40945 792
0x00007d762f7d3700 0x0000000a7f03c700 0 1 1 0 1 0 0 40945 784
0x00007d762f7d3780 0x0000000a7f03c780 0 1 1 0 1 0 0 40945 792
0x00007d762f7d3800 0x0000000a7f03c800 0 0 0 0 1 0 0 40945 800
0x00007d762f7d3880 0x0000000a7f03c880 0 0 0 0 1 0 0 40945 808
0x00007d762f7d3900 0x0000000a7f03c900 0 1 0 0 1 0 0 40945 800
0x00007d762f7d3980 0x0000000a7f03c980 0 1 0 0 1 0 0 40945 808
0x00007d762f7d3a00 0x0000000a7f03ca00 0 0 1 0 1 0 0 40945 800
0x00007d762f7d3a80 0x0000000a7f03ca80 0 0 1 0 1 0 0 40945 808
0x00007d762f7d3b00 0x0000000a7f03cb00 0 1 1 0 1 0 0 40945 800
0x00007d762f7d3b80 0x0000000a7f03cb80 0 1 1 0 1 0 0 40945 808
0x00007d762f7d3c00 0x0000000a7f03cc00 0 0 0 0 1 0 0 40945 816
0x00007d762f7d3c80 0x0000000a7f03cc80 0 0 0 0 1 0 0 40945 824
0x00007d762f7d3d00 0x0000000a7f03cd00 0 1 0 0 1 0 0 40945 816
0x00007d762f7d3d80 0x0000000a7f03cd80 0 1 0 0 1 0 0 40945 824
0x00007d762f7d3e00 0x0000000a7f03ce00 0 0 1 0 1 0 0 40945 816
0x00007d762f7d3e80 0x0000000a7f03ce80 0 0 1 0 1 0 0 40945 824
0x00007d762f7d3f00 0x0000000a7f03cf00 0 1 1 0 1 0 0 40945 816
0x00007d762f7d3f80 0x0000000a7f03cf80 0 1 1 0 1 0 0 40945 824
0x00007d762f7db000 0x00000005bf86f000 0 0 0 0 1 0 0 22507 448
0x00007d762f7db080 0x00000005bf86f080 0 0 0 0 1 0 0 22507 456
0x00007d762f7db100 0x00000005bf86f100 0 1 0 0 1 0 0 22507 448
0x00007d762f7db180 0x00000005bf86f180 0 1 0 0 1 0 0 22507 456
0x00007d762f7db200 0x00000005bf86f200 0 0 1 0 1 0 0 22507 448
0x00007d762f7db280 0x00000005bf86f280 0 0 1 0 1 0 0 22507 456
0x00007d762f7db300 0x00000005bf86f300 0 1 1 0 1 0 0 22507 448
0x00007d762f7db380 0x00000005bf86f380 0 1 1 0 1 0 0 22507 456
0x00007d762f7db400 0x00000005bf86f400 0 0 0 0 1 0 0 22507 464
0x00007d762f7db480 0x00000005bf86f480 0 0 0 0 1 0 0 22507 472
0x00007d762f7db500 0x00000005bf86f500 0 1 0 0 1 0 0 22507 464
0x00007d762f7db580 0x00000005bf86f580 0 1 0 0 1 0 0 22507 472
0x00007d762f7db600 0x00000005bf86f600 0 0 1 0 1 0 0 22507 464
0x00007d762f7db680 0x00000005bf86f680 0 0 1 0 1 0 0 22507 472
0x00007d762f7db700 0x00000005bf86f700 0 1 1 0 1 0 0 22507 464
0x00007d762f7db780 0x00000005bf86f780 0 1 1 0 1 0 0 22507 472
0x00007d762f7db800 0x00000005bf86f800 0 0 0 0 1 0 0 22507 480
0x00007d762f7db880 0x00000005bf86f880 0 0 0 0 1 0 0 22507 488
0x00007d762f7db900 0x00000005bf86f900 0 1 0 0 1 0 0 22507 480
0x00007d762f7db980 0x00000005bf86f980 0 1 0 0 1 0 0 22507 488
0x00007d762f7dba00 0x00000005bf86fa00 0 0 1 0 1 0 0 22507 480
0x00007d762f7dba80 0x00000005bf86fa80 0 0 1 0 1 0 0 22507 488
0x00007d762f7dbb00 0x00000005bf86fb00 0 1 1 0 1 0 0 22507 480
0x00007d762f7dbb80 0x00000005bf86fb80 0 1 1 0 1 0 0 22507 488
0x00007d762f7dbc00 0x00000005bf86fc00 0 0 0 0 1 0 0 22507 496
0x00007d762f7dbc80 0x00000005bf86fc80 0 0 0 0 1 0 0 22507 504
0x00007d762f7dbd00 0x00000005bf86fd00 0 1 0 0 1 0 0 22507 496
0x00007d762f7dbd80 0x00000005bf86fd80 0 1 0 0 1 0 0 22507 504
0x00007d762f7dbe00 0x00000005bf86fe00 0 0 1 0 1 0 0 22507 496
0x00007d762f7dbe80 0x00000005bf86fe80 0 0 1 0 1 0 0 22507 504
0x00007d762f7dbf00 0x00000005bf86ff00 0 1 1 0 1 0 0 22507 496
0x00007d762f7dbf80 0x00000005bf86ff80 0 1 1 0 1 0 0 22507 504
0x00007d762f7de000 0x00000005b1090000 0 0 0 0 0 0 0 22052 512
0x00007d762f7de080 0x00000005b1090080 0 0 0 0 0 0 0 22052 520
0x00007d762f7de100 0x00000005b1090100 0 1 0 0 0 0 0 22052 512
0x00007d762f7de180 0x00000005b1090180 0 1 0 0 0 0 0 22052 520
0x00007d762f7de200 0x00000005b1090200 0 0 1 0 0 0 0 22052 512
0x00007d762f7de280 0x00000005b1090280 0 0 1 0 0 0 0 22052 520
0x00007d762f7de300 0x00000005b1090300 0 1 1 0 0 0 0 22052 512
0x00007d762f7de380 0x00000005b1090380 0 1 1 0 0 0 0 22052 520
0x00007d762f7de400 0x00000005b1090400 0 0 0 0 0 0 0 22052 528
0x00007d762f7de480 0x00000005b1090480 0 0 0 0 0 0 0 22052 536
0x00007d762f7de500 0x00000005b1090500 0 1 0 0 0 0 0 22052 528
0x00007d762f7de580 0x00000005b1090580 0 1 0 0 0 0 0 22052 536
0x00007d762f7de600 0x00000005b1090600 0 0 1 0 0 0 0 22052 528
0x00007d762f7de680 0x00000005b1090680 0 0 1 0 0 0 0 22052 536
0x00007d762f7de700 0x00000005b1090700 0 1 1 0 0 0 0 22052 528
0x00007d762f7de780 0x00000005b1090780 0 1 1 0 0 0 0 22052 536
0x00007d762f7de800 0x00000005b1090800 0 0 0 0 0 0 0 22052 544
0x00007d762f7de880 0x00000005b1090880 0 0 0 0 0 0 0 22052 552
0x00007d762f7de900 0x00000005b1090900 0 1 0 0 0 0 0 22052 544
0x00007d762f7de980 0x00000005b1090980 0 1 0 0 0 0 0 22052 552
0x00007d762f7dea00 0x00000005b1090a00 0 0 1 0 0 0 0 22052 544
0x00007d762f7dea80 0x00000005b1090a80 0 0 1 0 0 0 0 22052 552
0x00007d762f7deb00 0x00000005b1090b00 0 1 1 0 0 0 0 22052 544
0x00007d762f7deb80 0x00000005b1090b80 0 1 1 0 0 0 0 22052 552
0x00007d762f7dec00 0x00000005b1090c00 0 0 0 0 0 0 0 22052 560
0x00007d762f7dec80 0x00000005b1090c80 0 0 0 0 0 0 0 22052 568
0x00007d762f7ded00 0x00000005b1090d00 0 1 0 0 0 0 0 22052 560
0x00007d762f7ded80 0x00000005b1090d80 0 1 0 0 0 0 0 22052 568
0x00007d762f7dee00 0x00000005b1090e00 0 0 1 0 0 0 0 22052 560
0x00007d762f7dee80 0x00000005b1090e80 0 0 1 0 0 0 0 22052 568
0x00007d762f7def00 0x00000005b1090f00 0 1 1 0 0 0 0 22052 560
0x00007d762f7def80 0x00000005b1090f80 0 1 1 0 0 0 0 22052 568
0x00007d762f7eb000 0x00000005bf864000 0 0 0 0 0 0 0 22507 256
0x00007d762f7eb080 0x00000005bf864080 0 0 0 0 0 0 0 22507 264
0x00007d762f7eb100 0x00000005bf864100 0 1 0 0 0 0 0 22507 256
0x00007d762f7eb180 0x00000005bf864180 0 1 0 0 0 0 0 22507 264
0x00007d762f7eb200 0x00000005bf864200 0 0 1 0 0 0 0 22507 256
0x00007d762f7eb280 0x00000005bf864280 0 0 1 0 0 0 0 22507 264
0x00007d762f7eb300 0x00000005bf864300 0 1 1 0 0 0 0 22507 256
0x00007d762f7eb380 0x00000005bf864380 0 1 1 0 0 0 0 22507 264
0x00007d762f7eb400 0x00000005bf864400 0 0 0 0 0 0 0 22507 272
0x00007d762f7eb480 0x00000005bf864480 0 0 0 0 0 0 0 22507 280
0x00007d762f7eb500 0x00000005bf864500 0 1 0 0 0 0 0 22507 272
0x00007d762f7eb580 0x00000005bf864580 0 1 0 0 0 0 0 22507 280
0x00007d762f7eb600 0x00000005bf864600 0 0 1 0 0 0 0 22507 272
0x00007d762f7eb680 0x00000005bf864680 0 0 1 0 0 0 0 22507 280
0x00007d762f7eb700 0x00000005bf864700 0 1 1 0 0 0 0 22507 272
0x00007d762f7eb780 0x00000005bf864780 0 1 1 0 0 0 0 22507 280
0x00007d762f7eb800 0x00000005bf864800 0 0 0 0 0 0 0 22507 288
0x00007d762f7eb880 0x00000005bf864880 0 0 0 0 0 0 0 22507 296
0x00007d762f7eb900 0x00000005bf864900 0 1 0 0 0 0 0 22507 288
0x00007d762f7eb980 0x00000005bf864980 0 1 0 0 0 0 0 22507 296
0x00007d762f7eba00 0x00000005bf864a00 0 0 1 0 0 0 0 22507 288
0x00007d762f7eba80 0x00000005bf864a80 0 0 1 0 0 0 0 22507 296
0x00007d762f7ebb00 0x00000005bf864b00 0 1 1 0 0 0 0 22507 288
0x00007d762f7ebb80 0x00000005bf864b80 0 1 1 0 0 0 0 22507 296
0x00007d762f7ebc00 0x00000005bf864c00 0 0 0 0 0 0 0 22507 304
0x00007d762f7ebc80 0x00000005bf864c80 0 0 0 0 0 0 0 22507 312
0x00007d762f7ebd00 0x00000005bf864d00 0 1 0 0 0 0 0 22507 304
0x00007d762f7ebd80 0x00000005bf864d80 0 1 0 0 0 0 0 22507 312
0x00007d762f7ebe00 0x00000005bf864e00 0 0 1 0 0 0 0 22507 304
0x00007d762f7ebe80 0x00000005bf864e80 0 0 1 0 0 0 0 22507 312
0x00007d762f7ebf00 0x00000005bf864f00 0 1 1 0 0 0 0 22507 304
0x00007d762f7ebf80 0x00000005bf864f80 0 1 1 0 0 0 0 22507 312
0x00007d762f7f5000 0x0000000b1d8a6000 0 0 0 0 0 0 0 41917 384
0x00007d762f7f5080 0x0000000b1d8a6080 0 0 0 0 0 0 0 41917 392
0x00007d762f7f5100 0x0000000b1d8a6100 0 1 0 0 0 0 0 41917 384
0x00007d762f7f5180 0x0000000b1d8a6180 0 1 0 0 0 0 0 41917 392
0x00007d762f7f5200 0x0000000b1d8a6200 0 0 1 0 0 0 0 41917 384
0x00007d762f7f5280 0x0000000b1d8a6280 0 0 1 0 0 0 0 41917 392
0x00007d762f7f5300 0x0000000b1d8a6300 0 1 1 0 0 0 0 41917 384
0x00007d762f7f5380 0x0000000b1d8a6380 0 1 1 0 0 0 0 41917 392
0x00007d762f7f5400 0x0000000b1d8a6400 0 0 0 0 0 0 0 41917 400
0x00007d762f7f5480 0x0000000b1d8a6480 0 0 0 0 0 0 0 41917 408
0x00007d762f7f5500 0x0000000b1d8a6500 0 1 0 0 0 0 0 41917 400
0x00007d762f7f5580 0x0000000b1d8a6580 0 1 0 0 0 0 0 41917 408
0x00007d762f7f5600 0x0000000b1d8a6600 0 0 1 0 0 0 0 41917 400
0x00007d762f7f5680 0x0000000b1d8a6680 0 0 1 0 0 0 0 41917 408
0x00007d762f7f5700 0x0000000b1d8a6700 0 1 1 0 0 0 0 41917 400
0x00007d762f7f5780 0x0000000b1d8a6780 0 1 1 0 0 0 0 41917 408
0x00007d762f7f5800 0x0000000b1d8a6800 0 0 0 0 0 0 0 41917 416
0x00007d762f7f5880 0x0000000b1d8a6880 0 0 0 0 0 0 0 41917 424
0x00007d762f7f5900 0x0000000b1d8a6900 0 1 0 0 0 0 0 41917 416
0x00007d762f7f5980 0x0000000b1d8a6980 0 1 0 0 0 0 0 41917 424
0x00007d762f7f5a00 0x0000000b1d8a6a00 0 0 1 0 0 0 0 41917 416
0x00007d762f7f5a80 0x0000000b1d8a6a80 0 0 1 0 0 0 0 41917 424
0x00007d762f7f5b00 0x0000000b1d8a6b00 0 1 1 0 0 0 0 41917 416
0x00007d762f7f5b80 0x0000000b1d8a6b80 0 1 1 0 0 0 0 41917 424
0x00007d762f7f5c00 0x0000000b1d8a6c00 0 0 0 0 0 0 0 41917 432
0x00007d762f7f5c80 0x0000000b1d8a6c80 0 0 0 0 0 0 0 41917 440
0x00007d762f7f5d00 0x0000000b1d8a6d00 0 1 0 0 0 0 0 41917 432
0x00007d762f7f5d80 0x0000000b1d8a6d80 0 1 0 0 0 0 0 41917 440
0x00007d762f7f5e00 0x0000000b1d8a6e00 0 0 1 0 0 0 0 41917 432
0x00007d762f7f5e80 0x0000000b1d8a6e80 0 0 1 0 0 0 0 41917 440
0x00007d762f7f5f00 0x0000000b1d8a6f00 0 1 1 0 0 0 0 41917 432
0x00007d762f7f5f80 0x0000000b1d8a6f80 0 1 1 0 0 0 0 41917 440
0x00007d762f7f7000 0x0000000dec8a4000 0 0 0 0 0 0 0 56717 256
0x00007d762f7f7080 0x0000000dec8a4080 0 0 0 0 0 0 0 56717 264
0x00007d762f7f7100 0x0000000dec8a4100 0 1 0 0 0 0 0 56717 256
0x00007d762f7f7180 0x0000000dec8a4180 0 1 0 0 0 0 0 56717 264
0x00007d762f7f7200 0x0000000dec8a4200 0 0 1 0 0 0 0 56717 256
0x00007d762f7f7280 0x0000000dec8a4280 0 0 1 0 0 0 0 56717 264
0x00007d762f7f7300 0x0000000dec8a4300 0 1 1 0 0 0 0 56717 256
0x00007d762f7f7380 0x0000000dec8a4380 0 1 1 0 0 0 0 56717 264
0x00007d762f7f7400 0x0000000dec8a4400 0 0 0 0 0 0 0 56717 272
0x00007d762f7f7480 0x0000000dec8a4480 0 0 0 0 0 0 0 56717 280
0x00007d762f7f7500 0x0000000dec8a4500 0 1 0 0 0 0 0 56717 272
0x00007d762f7f7580 0x0000000dec8a4580 0 1 0 0 0 0 0 56717 280
0x00007d762f7f7600 0x0000000dec8a4600 0 0 1 0 0 0 0 56717 272
0x00007d762f7f7680 0x0000000dec8a4680 0 0 1 0 0 0 0 56717 280
0x00007d762f7f7700 0x0000000dec8a4700 0 1 1 0 0 0 0 56717 272
0x00007d762f7f7780 0x0000000dec8a4780 0 1 1 0 0 0 0 56717 280
0x00007d762f7f7800 0x0000000dec8a4800 0 0 0 0 0 0 0 56717 288
0x00007d762f7f7880 0x0000000dec8a4880 0 0 0 0 0 0 0 56717 296
0x00007d762f7f7900 0x0000000dec8a4900 0 1 0 0 0 0 0 56717 288
0x00007d762f7f7980 0x0000000dec8a4980 0 1 0 0 0 0 0 56717 296
0x00007d762f7f7a00 0x0000000dec8a4a00 0 0 1 0 0 0 0 56717 288
0x00007d762f7f7a80 0x0000000dec8a4a80 0 0 1 0 0 0 0 56717 296
0x00007d762f7f7b00 0x0000000dec8a4b00 0 1 1 0 0 0 0 56717 288
0x00007d762f7f7b80 0x0000000dec8a4b80 0 1 1 0 0 0 0 56717 296
0x00007d762f7f7c00 0x0000000dec8a4c00 0 0 0 0 0 0 0 56717 304
0x00007d762f7f7c80 0x0000000dec8a4c80 0 0 0 0 0 0 0 56717 312
0x00007d762f7f7d00 0x0000000dec8a4d00 0 1 0 0 0 0 0 56717 304
0x00007d762f7f7d80 0x0000000dec8a4d80 0 1 0 0 0 0 0 56717 312
0x00007d762f7f7e00 0x0000000dec8a4e00 0 0 1 0 0 0 0 56717 304
0x00007d762f7f7e80 0x0000000dec8a4e80 0 0 1 0 0 0 0 56717 312
0x00007d762f7f7f00 0x0000000dec8a4f00 0 1 1 0 0 0 0 56717 304
0x00007d762f7f7f80 0x0000000dec8a4f80 0 1 1 0 0 0 0 56717 312
0x00007d762f801000 0x00000005bf86a000 0 0 0 0 1 0 0 22507 128
0x00007d762f801080 0x00000005bf86a080 0 0 0 0 1 0 0 22507 136
0x00007d762f801100 0x00000005bf86a100 0 1 0 0 1 0 0 22507 128
0x00007d762f801180 0x00000005bf86a180 0 1 0 0 1 0 0 22507 136
0x00007d762f801200 0x00000005bf86a200 0 0 1 0 1 0 0 22507 128
0x00007d762f801280 0x00000005bf86a280 0 0 1 0 1 0 0 22507 136
0x00007d762f801300 0x00000005bf86a300 0 1 1 0 1 0 0 22507 128
0x00007d762f801380 0x00000005bf86a380 0 1 1 0 1 0 0 22507 136
0x00007d762f801400 0x00000005bf86a400 0 0 0 0 1 0 0 22507 144
0x00007d762f801480 0x00000005bf86a480 0 0 0 0 1 0 0 22507 152
0x00007d762f801500 0x00000005bf86a500 0 1 0 0 1 0 0 22507 144
0x00007d762f801580 0x00000005bf86a580 0 1 0 0 1 0 0 22507 152
0x00007d762f801600 0x00000005bf86a600 0 0 1 0 1 0 0 22507 144
0x00007d762f801680 0x00000005bf86a680 0 0 1 0 1 0 0 22507 152
0x00007d762f801700 0x00000005bf86a700 0 1 1 0 1 0 0 22507 144
0x00007d762f801780 0x00000005bf86a780 0 1 1 0 1 0 0 22507 152
0x00007d762f801800 0x00000005bf86a800 0 0 0 0 1 0 0 22507 160
0x00007d762f801880 0x00000005bf86a880 0 0 0 0 1 0 0 22507 168
0x00007d762f801900 0x00000005bf86a900 0 1 0 0 1 0 0 22507 160
0x00007d762f801980 0x00000005bf86a980 0 1 0 0 1 0 0 22507 168
0x00007d762f801a00 0x00000005bf86aa00 0 0 1 0 1 0 0 22507 160
0x00007d762f801a80 0x00000005bf86aa80 0 0 1 0 1 0 0 22507 168
0x00007d762f801b00 0x00000005bf86ab00 0 1 1 0 1 0 0 22507 160
0x00007d762f801b80 0x00000005bf86ab80 0 1 1 0 1 0 0 22507 168
0x00007d762f801c00 0x00000005bf86ac00 0 0 0 0 1 0 0 22507 176
0x00007d762f801c80 0x00000005bf86ac80 0 0 0 0 1 0 0 22507 184
0x00007d762f801d00 0x00000005bf86ad00 0 1 0 0 1 0 0 22507 176
0x00007d762f801d80 0x00000005bf86ad80 0 1 0 0 1 0 0 22507 184
0x00007d762f801e00 0x00000005bf86ae00 0 0 1 0 1 0 0 22507 176
0x00007d762f801e80 0x00000005bf86ae80 0 0 1 0 1 0 0 22507 184
0x00007d762f801f00 0x00000005bf86af00 0 1 1 0 1 0 0 22507 176
0x00007d762f801f80 0x00000005bf86af80 0 1 1 0 1 0 0 22507 184
0x00007d762f809000 0x000000058281e000 0 0 0 0 1 0 0 20552 896
0x00007d762f809080 0x000000058281e080 0 0 0 0 1 0 0 20552 904
0x00007d762f809100 0x000000058281e100 0 1 0 0 1 0 0 20552 896
0x00007d762f809180 0x000000058281e180 0 1 0 0 1 0 0 20552 904
0x00007d762f809200 0x000000058281e200 0 0 1 0 1 0 0 20552 896
0x00007d762f809280 0x000000058281e280 0 0 1 0 1 0 0 20552 904
0x00007d762f809300 0x000000058281e300 0 1 1 0 1 0 0 20552 896
0x00007d762f809380 0x000000058281e380 0 1 1 0 1 0 0 20552 904
0x00007d762f809400 0x000000058281e400 0 0 0 0 1 0 0 20552 912
0x00007d762f809480 0x000000058281e480 0 0 0 0 1 0 0 20552 920
0x00007d762f809500 0x000000058281e500 0 1 0 0 1 0 0 20552 912
0x00007d762f809580 0x000000058281e580 0 1 0 0 1 0 0 20552 920
0x00007d762f809600 0x000000058281e600 0 0 1 0 1 0 0 20552 912
0x00007d762f809680 0x000000058281e680 0 0 1 0 1 0 0 20552 920
0x00007d762f809700 0x000000058281e700 0 1 1 0 1 0 0 20552 912
0x00007d762f809780 0x000000058281e780 0 1 1 0 1 0 0 20552 920
0x00007d762f809800 0x000000058281e800 0 0 0 0 1 0 0 20552 928
0x00007d762f809880 0x000000058281e880 0 0 0 0 1 0 0 20552 936
0x00007d762f809900 0x000000058281e900 0 1 0 0 1 0 0 20552 928
0x00007d762f809980 0x000000058281e980 0 1 0 0 1 0 0 20552 936
0x00007d762f809a00 0x000000058281ea00 0 0 1 0 1 0 0 20552 928
0x00007d762f809a80 0x000000058281ea80 0 0 1 0 1 0 0 20552 936
0x00007d762f809b00 0x000000058281eb00 0 1 1 0 1 0 0 20552 928
0x00007d762f809b80 0x000000058281eb80 0 1 1 0 1 0 0 20552 936
0x00007d762f809c00 0x000000058281ec00 0 0 0 0 1 0 0 20552 944
0x00007d762f809c80 0x000000058281ec80 0 0 0 0 1 0 0 20552 952
0x00007d762f809d00 0x000000058281ed00 0 1 0 0 1 0 0 20552 944
0x00007d762f809d80 0x000000058281ed80 0 1 0 0 1 0 0 20552 952
0x00007d762f809e00 0x000000058281ee00 0 0 1 0 1 0 0 20552 944
0x00007d762f809e80 0x000000058281ee80 0 0 1 0 1 0 0 20552 952
0x00007d762f809f00 0x000000058281ef00 0 1 1 0 1 0 0 20552 944
0x00007d762f809f80 0x000000058281ef80 0 1 1 0 1 0 0 20552 952
0x00007d762f80d000 0x00000005b1094000 0 0 0 0 0 0 0 22052 768
0x00007d762f80d080 0x00000005b1094080 0 0 0 0 0 0 0 22052 776
0x00007d762f80d100 0x00000005b1094100 0 1 0 0 0 0 0 22052 768
0x00007d762f80d180 0x00000005b1094180 0 1 0 0 0 0 0 22052 776
0x00007d762f80d200 0x00000005b1094200 0 0 1 0 0 0 0 22052 768
0x00007d762f80d280 0x00000005b1094280 0 0 1 0 0 0 0 22052 776
0x00007d762f80d300 0x00000005b1094300 0 1 1 0 0 0 0 22052 768
0x00007d762f80d380 0x00000005b1094380 0 1 1 0 0 0 0 22052 776
0x00007d762f80d400 0x00000005b1094400 0 0 0 0 0 0 0 22052 784
0x00007d762f80d480 0x00000005b1094480 0 0 0 0 0 0 0 22052 792
0x00007d762f80d500 0x00000005b1094500 0 1 0 0 0 0 0 22052 784
0x00007d762f80d580 0x00000005b1094580 0 1 0 0 0 0 0 22052 792
0x00007d762f80d600 0x00000005b1094600 0 0 1 0 0 0 0 22052 784
0x00007d762f80d680 0x00000005b1094680 0 0 1 0 0 0 0 22052 792
0x00007d762f80d700 0x00000005b1094700 0 1 1 0 0 0 0 22052 784
0x00007d762f80d780 0x00000005b1094780 0 1 1 0 0 0 0 22052 792
0x00007d762f80d800 0x00000005b1094800 0 0 0 0 0 0 0 22052 800
0x00007d762f80d880 0x00000005b1094880 0 0 0 0 0 0 0 22052 808
0x00007d762f80d900 0x00000005b1094900 0 1 0 0 0 0 0 22052 800
0x00007d762f80d980 0x00000005b1094980 0 1 0 0 0 0 0 22052 808
0x00007d762f80da00 0x00000005b1094a00 0 0 1 0 0 0 0 22052 800
0x00007d762f80da80 0x00000005b1094a80 0 0 1 0 0 0 0 22052 808
0x00007d762f80db00 0x00000005b1094b00 0 1 1 0 0 0 0 22052 800
0x00007d762f80db80 0x00000005b1094b80 0 1 1 0 0 0 0 22052 808
0x00007d762f80dc00 0x00000005b1094c00 0 0 0 0 0 0 0 22052 816
0x00007d762f80dc80 0x00000005b1094c80 0 0 0 0 0 0 0 22052 824
0x00007d762f80dd00 0x00000005b1094d00 0 1 0 0 0 0 0 22052 816
0x00007d762f80dd80 0x00000005b1094d80 0 1 0 0 0 0 0 22052 824
0x00007d762f80de00 0x00000005b1094e00 0 0 1 0 0 0 0 22052 816
0x00007d762f80de80 0x00000005b1094e80 0 0 1 0 0 0 0 22052 824
0x00007d762f80df00 0x00000005b1094f00 0 1 1 0 0 0 0 22052 816
0x00007d762f80df80 0x00000005b1094f80 0 1 1 0 0 0 0 22052 824
0x00007d762f817000 0x0000000b1d8a9000 0 0 0 0 1 0 0 41917 64
0x00007d762f817080 0x0000000b1d8a9080 0 0 0 0 1 0 0 41917 72
0x00007d762f817100 0x0000000b1d8a9100 0 1 0 0 1 0 0 41917 64
0x00007d762f817180 0x0000000b1d8a9180 0 1 0 0 1 0 0 41917 72
0x00007d762f817200 0x0000000b1d8a9200 0 0 1 0 1 0 0 41917 64
0x00007d762f817280 0x0000000b1d8a9280 0 0 1 0 1 0 0 41917 72
0x00007d762f817300 0x0000000b1d8a9300 0 1 1 0 1 0 0 41917 64
0x00007d762f817380 0x0000000b1d8a9380 0 1 1 0 1 0 0 41917 72
0x00007d762f817400 0x0000000b1d8a9400 0 0 0 0 1 0 0 41917 80
0x00007d762f817480 0x0000000b1d8a9480 0 0 0 0 1 0 0 41917 88
0x00007d762f817500 0x0000000b1d8a9500 0 1 0 0 1 0 0 41917 80
0x00007d762f817580 0x0000000b1d8a9580 0 1 0 0 1 0 0 41917 88
0x00007d762f817600 0x0000000b1d8a9600 0 0 1 0 1 0 0 41917 80
0x00007d762f817680 0x0000000b1d8a9680 0 0 1 0 1 0 0 41917 88
0x00007d762f817700 0x0000000b1d8a9700 0 1 1 0 1 0 0 41917 80
0x00007d762f817780 0x0000000b1d8a9780 0 1 1 0 1 0 0 41917 88
0x00007d762f817800 0x0000000b1d8a9800 0 0 0 0 1 0 0 41917 96
0x00007d762f817880 0x0000000b1d8a9880 0 0 0 0 1 0 0 41917 104
0x00007d762f817900 0x0000000b1d8a9900 0 1 0 0 1 0 0 41917 96
0x00007d762f817980 0x0000000b1d8a9980 0 1 0 0 1 0 0 41917 104
0x00007d762f817a00 0x0000000b1d8a9a00 0 0 1 0 1 0 0 41917 96
0x00007d762f817a80 0x0000000b1d8a9a80 0 0 1 0 1 0 0 41917 104
0x00007d762f817b00 0x0000000b1d8a9b00 0 1 1 0 1 0 0 41917 96
0x00007d762f817b80 0x0000000b1d8a9b80 0 1 1 0 1 0 0 41917 104
0x00007d762f817c00 0x0000000b1d8a9c00 0 0 0 0 1 0 0 41917 112
0x00007d762f817c80 0x0000000b1d8a9c80 0 0 0 0 1 0 0 41917 120
0x00007d762f817d00 0x0000000b1d8a9d00 0 1 0 0 1 0 0 41917 112
0x00007d762f817d80 0x0000000b1d8a9d80 0 1 0 0 1 0 0 41917 120
0x00007d762f817e00 0x0000000b1d8a9e00 0 0 1 0 1 0 0 41917 112
0x00007d762f817e80 0x0000000b1d8a9e80 0 0 1 0 1 0 0 41917 120
0x00007d762f817f00 0x0000000b1d8a9f00 0 1 1 0 1 0 0 41917 112
0x00007d762f817f80 0x0000000b1d8a9f80 0 1 1 0 1 0 0 41917 120
0x00007d762f81b000 0x0000000a7f030000 0 0 0 0 0 0 0 40945 512
0x00007d762f81b080 0x0000000a7f030080 0 0 0 0 0 0 0 40945 520
0x00007d762f81b100 0x0000000a7f030100 0 1 0 0 0 0 0 40945 512
0x00007d762f81b180 0x0000000a7f030180 0 1 0 0 0 0 0 40945 520
0x00007d762f81b200 0x0000000a7f030200 0 0 1 0 0 0 0 40945 512
0x00007d762f81b280 0x0000000a7f030280 0 0 1 0 0 0 0 40945 520
0x00007d762f81b300 0x0000000a7f030300 0 1 1 0 0 0 0 40945 512
0x00007d762f81b380 0x0000000a7f030380 0 1 1 0 0 0 0 40945 520
0x00007d762f81b400 0x0000000a7f030400 0 0 0 0 0 0 0 40945 528
0x00007d762f81b480 0x0000000a7f030480 0 0 0 0 0 0 0 40945 536
0x00007d762f81b500 0x0000000a7f030500 0 1 0 0 0 0 0 40945 528
0x00007d762f81b580 0x0000000a7f030580 0 1 0 0 0 0 0 40945 536
0x00007d762f81b600 0x0000000a7f030600 0 0 1 0 0 0 0 40945 528
0x00007d762f81b680 0x0000000a7f030680 0 0 1 0 0 0 0 40945 536
0x00007d762f81b700 0x0000000a7f030700 0 1 1 0 0 0 0 40945 528
0x00007d762f81b780 0x0000000a7f030780 0 1 1 0 0 0 0 40945 536
0x00007d762f81b800 0x0000000a7f030800 0 0 0 0 0 0 0 40945 544
0x00007d762f81b880 0x0000000a7f030880 0 0 0 0 0 0 0 40945 552
0x00007d762f81b900 0x0000000a7f030900 0 1 0 0 0 0 0 40945 544
0x00007d762f81b980 0x0000000a7f030980 0 1 0 0 0 0 0 40945 552
0x00007d762f81ba00 0x0000000a7f030a00 0 0 1 0 0 0 0 40945 544
0x00007d762f81ba80 0x0000000a7f030a80 0 0 1 0 0 0 0 40945 552
0x00007d762f81bb00 0x0000000a7f030b00 0 1 1 0 0 0 0 40945 544
0x00007d762f81bb80 0x0000000a7f030b80 0 1 1 0 0 0 0 40945 552
0x00007d762f81bc00 0x0000000a7f030c00 0 0 0 0 0 0 0 40945 560
0x00007d762f81bc80 0x0000000a7f030c80 0 0 0 0 0 0 0 40945 568
0x00007d762f81bd00 0x0000000a7f030d00 0 1 0 0 0 0 0 40945 560
0x00007d762f81bd80 0x0000000a7f030d80 0 1 0 0 0 0 0 40945 568
0x00007d762f81be00 0x0000000a7f030e00 0 0 1 0 0 0 0 40945 560
0x00007d762f81be80 0x0000000a7f030e80 0 0 1 0 0 0 0 40945 568
0x00007d762f81bf00 0x0000000a7f030f00 0 1 1 0 0 0 0 40945 560
0x00007d762f81bf80 0x0000000a7f030f80 0 1 1 0 0 0 0 40945 568
0x00007d762f81e000 0x0000000bc483f000 0 0 0 0 1 0 0 47241 960
0x00007d762f81e080 0x0000000bc483f080 0 0 0 0 1 0 0 47241 968
0x00007d762f81e100 0x0000000bc483f100 0 1 0 0 1 0 0 47241 960
0x00007d762f81e180 0x0000000bc483f180 0 1 0 0 1 0 0 47241 968
0x00007d762f81e200 0x0000000bc483f200 0 0 1 0 1 0 0 47241 960
0x00007d762f81e280 0x0000000bc483f280 0 0 1 0 1 0 0 47241 968
0x00007d762f81e300 0x0000000bc483f300 0 1 1 0 1 0 0 47241 960
0x00007d762f81e380 0x0000000bc483f380 0 1 1 0 1 0 0 47241 968
0x00007d762f81e400 0x0000000bc483f400 0 0 0 0 1 0 0 47241 976
0x00007d762f81e480 0x0000000bc483f480 0 0 0 0 1 0 0 47241 984
0x00007d762f81e500 0x0000000bc483f500 0 1 0 0 1 0 0 47241 976
0x00007d762f81e580 0x0000000bc483f580 0 1 0 0 1 0 0 47241 984
0x00007d762f81e600 0x0000000bc483f600 0 0 1 0 1 0 0 47241 976
0x00007d762f81e680 0x0000000bc483f680 0 0 1 0 1 0 0 47241 984
0x00007d762f81e700 0x0000000bc483f700 0 1 1 0 1 0 0 47241 976
0x00007d762f81e780 0x0000000bc483f780 0 1 1 0 1 0 0 47241 984
0x00007d762f81e800 0x0000000bc483f800 0 0 0 0 1 0 0 47241 992
0x00007d762f81e880 0x0000000bc483f880 0 0 0 0 1 0 0 47241 1000
0x00007d762f81e900 0x0000000bc483f900 0 1 0 0 1 0 0 47241 992
0x00007d762f81e980 0x0000000bc483f980 0 1 0 0 1 0 0 47241 1000
0x00007d762f81ea00 0x0000000bc483fa00 0 0 1 0 1 0 0 47241 992
0x00007d762f81ea80 0x0000000bc483fa80 0 0 1 0 1 0 0 47241 1000
0x00007d762f81eb00 0x0000000bc483fb00 0 1 1 0 1 0 0 47241 992
0x00007d762f81eb80 0x0000000bc483fb80 0 1 1 0 1 0 0 47241 1000
0x00007d762f81ec00 0x0000000bc483fc00 0 0 0 0 1 0 0 47241 1008
0x00007d762f81ec80 0x0000000bc483fc80 0 0 0 0 1 0 0 47241 1016
0x00007d762f81ed00 0x0000000bc483fd00 0 1 0 0 1 0 0 47241 1008
0x00007d762f81ed80 0x0000000bc483fd80 0 1 0 0 1 0 0 47241 1016
0x00007d762f81ee00 0x0000000bc483fe00 0 0 1 0 1 0 0 47241 1008
0x00007d762f81ee80 0x0000000bc483fe80 0 0 1 0 1 0 0 47241 1016
0x00007d762f81ef00 0x0000000bc483ff00 0 1 1 0 1 0 0 47241 1008
0x00007d762f81ef80 0x0000000bc483ff80 0 1 1 0 1 0 0 47241 1016
0x00007d762f827000 0x000000037389f000 0 0 0 0 1 0 0 11900 960
0x00007d762f827080 0x000000037389f080 0 0 0 0 1 0 0 11900 968
0x00007d762f827100 0x000000037389f100 0 1 0 0 1 0 0 11900 960
0x00007d762f827180 0x000000037389f180 0 1 0 0 1 0 0 11900 968
0x00007d762f827200 0x000000037389f200 0 0 1 0 1 0 0 11900 960
0x00007d762f827280 0x000000037389f280 0 0 1 0 1 0 0 11900 968
0x00007d762f827300 0x000000037389f300 0 1 1 0 1 0 0 11900 960
0x00007d762f827380 0x000000037389f380 0 1 1 0 1 0 0 11900 968
0x00007d762f827400 0x000000037389f400 0 0 0 0 1 0 0 11900 976
0x00007d762f827480 0x000000037389f480 0 0 0 0 1 0 0 11900 984
0x00007d762f827500 0x000000037389f500 0 1 0 0 1 0 0 11900 976
0x00007d762f827580 0x000000037389f580 0 1 0 0 1 0 0 11900 984
0x00007d762f827600 0x000000037389f600 0 0 1 0 1 0 0 11900 976
0x00007d762f827680 0x000000037389f680 0 0 1 0 1 0 0 11900 984
0x00007d762f827700 0x000000037389f700 0 1 1 0 1 0 0 11900 976
0x00007d762f827780 0x000000037389f780 0 1 1 0 1 0 0 11900 984
0x00007d762f827800 0x000000037389f800 0 0 0 0 1 0 0 11900 992
0x00007d762f827880 0x000000037389f880 0 0 0 0 1 0 0 11900 1000
0x00007d762f827900 0x000000037389f900 0 1 0 0 1 0 0 11900 992
0x00007d762f827980 0x000000037389f980 0 1 0 0 1 0 0 11900 1000
0x00007d762f827a00 0x000000037389fa00 0 0 1 0 1 0 0 11900 992
0x00007d762f827a80 0x000000037389fa80 0 0 1 0 1 0 0 11900 1000
0x00007d762f827b00 0x000000037389fb00 0 1 1 0 1 0 0 11900 992
0x00007d762f827b80 0x000000037389fb80 0 1 1 0 1 0 0 11900 1000
0x00007d762f827c00 0x000000037389fc00 0 0 0 0 1 0 0 11900 1008
0x00007d762f827c80 0x000000037389fc80 0 0 0 0 1 0 0 11900 1016
0x00007d762f827d00 0x000000037389fd00 0 1 0 0 1 0 0 11900 1008
0x00007d762f827d80 0x000000037389fd80 0 1 0 0 1 0 0 11900 1016
0x00007d762f827e00 0x000000037389fe00 0 0 1 0 1 0 0 11900 1008
0x00007d762f827e80 0x000000037389fe80 0 0 1 0 1 0 0 11900 1016
0x00007d762f827f00 0x000000037389ff00 0 1 1 0 1 0 0 11900 1008
0x00007d762f827f80 0x000000037389ff80 0 1 1 0 1 0 0 11900 1016
0x00007d762f82e000 0x00000005f60ad000 0 0 0 0 1 0 0 24261 320
0x00007d762f82e080 0x00000005f60ad080 0 0 0 0 1 0 0 24261 328
0x00007d762f82e100 0x00000005f60ad100 0 1 0 0 1 0 0 24261 320
0x00007d762f82e180 0x00000005f60ad180 0 1 0 0 1 0 0 24261 328
0x00007d762f82e200 0x00000005f60ad200 0 0 1 0 1 0 0 24261 320
0x00007d762f82e280 0x00000005f60ad280 0 0 1 0 1 0 0 24261 328
0x00007d762f82e300 0x00000005f60ad300 0 1 1 0 1 0 0 24261 320
0x00007d762f82e380 0x00000005f60ad380 0 1 1 0 1 0 0 24261 328
0x00007d762f82e400 0x00000005f60ad400 0 0 0 0 1 0 0 24261 336
0x00007d762f82e480 0x00000005f60ad480 0 0 0 0 1 0 0 24261 344
0x00007d762f82e500 0x00000005f60ad500 0 1 0 0 1 0 0 24261 336
0x00007d762f82e580 0x00000005f60ad580 0 1 0 0 1 0 0 24261 344
0x00007d762f82e600 0x00000005f60ad600 0 0 1 0 1 0 0 24261 336
0x00007d762f82e680 0x00000005f60ad680 0 0 1 0 1 0 0 24261 344
0x00007d762f82e700 0x00000005f60ad700 0 1 1 0 1 0 0 24261 336
0x00007d762f82e780 0x00000005f60ad780 0 1 1 0 1 0 0 24261 344
0x00007d762f82e800 0x00000005f60ad800 0 0 0 0 1 0 0 24261 352
0x00007d762f82e880 0x00000005f60ad880 0 0 0 0 1 0 0 24261 360
0x00007d762f82e900 0x00000005f60ad900 0 1 0 0 1 0 0 24261 352
0x00007d762f82e980 0x00000005f60ad980 0 1 0 0 1 0 0 24261 360
0x00007d762f82ea00 0x00000005f60ada00 0 0 1 0 1 0 0 24261 352
0x00007d762f82ea80 0x00000005f60ada80 0 0 1 0 1 0 0 24261 360
0x00007d762f82eb00 0x00000005f60adb00 0 1 1 0 1 0 0 24261 352
0x00007d762f82eb80 0x00000005f60adb80 0 1 1 0 1 0 0 24261 360
0x00007d762f82ec00 0x00000005f60adc00 0 0 0 0 1 0 0 24261 368
0x00007d762f82ec80 0x00000005f60adc80 0 0 0 0 1 0 0 24261 376
0x00007d762f82ed00 0x00000005f60add00 0 1 0 0 1 0 0 24261 368
0x00007d762f82ed80 0x00000005f60add80 0 1 0 0 1 0 0 24261 376
0x00007d762f82ee00 0x00000005f60ade00 0 0 1 0 1 0 0 24261 368
0x00007d762f82ee80 0x00000005f60ade80 0 0 1 0 1 0 0 24261 376
0x00007d762f82ef00 0x00000005f60adf00 0 1 1 0 1 0 0 24261 368
0x00007d762f82ef80 0x00000005f60adf80 0 1 1 0 1 0 0 24261 376
0x00007d762f835000 0x000000037389b000 0 0 0 0 1 0 0 11900 704
0x00007d762f835080 0x000000037389b080 0 0 0 0 1 0 0 11900 712
0x00007d762f835100 0x000000037389b100 0 1 0 0 1 0 0 11900 704
0x00007d762f835180 0x000000037389b180 0 1 0 0 1 0 0 11900 712
0x00007d762f835200 0x000000037389b200 0 0 1 0 1 0 0 11900 704
0x00007d762f835280 0x000000037389b280 0 0 1 0 1 0 0 11900 712
0x00007d762f835300 0x000000037389b300 0 1 1 0 1 0 0 11900 704
0x00007d762f835380 0x000000037389b380 0 1 1 0 1 0 0 11900 712
0x00007d762f835400 0x000000037389b400 0 0 0 0 1 0 0 11900 720
0x00007d762f835480 0x000000037389b480 0 0 0 0 1 0 0 11900 728
0x00007d762f835500 0x000000037389b500 0 1 0 0 1 0 0 11900 720
0x00007d762f835580 0x000000037389b580 0 1 0 0 1 0 0 11900 728
0x00007d762f835600 0x000000037389b600 0 0 1 0 1 0 0 11900 720
0x00007d762f835680 0x000000037389b680 0 0 1 0 1 0 0 11900 728
0x00007d762f835700 0x000000037389b700 0 1 1 0 1 0 0 11900 720
0x00007d762f835780 0x000000037389b780 0 1 1 0 1 0 0 11900 728
0x00007d762f835800 0x000000037389b800 0 0 0 0 1 0 0 11900 736
0x00007d762f835880 0x000000037389b880 0 0 0 0 1 0 0 11900 744
0x00007d762f835900 0x000000037389b900 0 1 0 0 1 0 0 11900 736
0x00007d762f835980 0x000000037389b980 0 1 0 0 1 0 0 11900 744
0x00007d762f835a00 0x000000037389ba00 0 0 1 0 1 0 0 11900 736
0x00007d762f835a80 0x000000037389ba80 0 0 1 0 1 0 0 11900 744
0x00007d762f835b00 0x000000037389bb00 0 1 1 0 1 0 0 11900 736
0x00007d762f835b80 0x000000037389bb80 0 1 1 0 1 0 0 11900 744
0x00007d762f835c00 0x000000037389bc00 0 0 0 0 1 0 0 11900 752
0x00007d762f835c80 0x000000037389bc80 0 0 0 0 1 0 0 11900 760
0x00007d762f835d00 0x000000037389bd00 0 1 0 0 1 0 0 11900 752
0x00007d762f835d80 0x000000037389bd80 0 1 0 0 1 0 0 11900 760
0x00007d762f835e00 0x000000037389be00 0 0 1 0 1 0 0 11900 752
0x00007d762f835e80 0x000000037389be80 0 0 1 0 1 0 0 11900 760
0x00007d762f835f00 0x000000037389bf00 0 1 1 0 1 0 0 11900 752
0x00007d762f835f80 0x000000037389bf80 0 1 1 0 1 0 0 11900 760
0x00007d762f846000 0x0000000bc483a000 0 0 0 0 1 0 0 47241 640
0x00007d762f846080 0x0000000bc483a080 0 0 0 0 1 0 0 47241 648
0x00007d762f846100 0x0000000bc483a100 0 1 0 0 1 0 0 47241 640
0x00007d762f846180 0x0000000bc483a180 0 1 0 0 1 0 0 47241 648
0x00007d762f846200 0x0000000bc483a200 0 0 1 0 1 0 0 47241 640
0x00007d762f846280 0x0000000bc483a280 0 0 1 0 1 0 0 47241 648
0x00007d762f846300 0x0000000bc483a300 0 1 1 0 1 0 0 47241 640
0x00007d762f846380 0x0000000bc483a380 0 1 1 0 1 0 0 47241 648
0x00007d762f846400 0x0000000bc483a400 0 0 0 0 1 0 0 47241 656
0x00007d762f846480 0x0000000bc483a480 0 0 0 0 1 0 0 47241 664
0x00007d762f846500 0x0000000bc483a500 0 1 0 0 1 0 0 47241 656
0x00007d762f846580 0x0000000bc483a580 0 1 0 0 1 0 0 47241 664
0x00007d762f846600 0x0000000bc483a600 0 0 1 0 1 0 0 47241 656
0x00007d762f846680 0x0000000bc483a680 0 0 1 0 1 0 0 47241 664
0x00007d762f846700 0x0000000bc483a700 0 1 1 0 1 0 0 47241 656
0x00007d762f846780 0x0000000bc483a780 0 1 1 0 1 0 0 47241 664
0x00007d762f846800 0x0000000bc483a800 0 0 0 0 1 0 0 47241 672
0x00007d762f846880 0x0000000bc483a880 0 0 0 0 1 0 0 47241 680
0x00007d762f846900 0x0000000bc483a900 0 1 0 0 1 0 0 47241 672
0x00007d762f846980 0x0000000bc483a980 0 1 0 0 1 0 0 47241 680
0x00007d762f846a00 0x0000000bc483aa00 0 0 1 0 1 0 0 47241 672
0x00007d762f846a80 0x0000000bc483aa80 0 0 1 0 1 0 0 47241 680
0x00007d762f846b00 0x0000000bc483ab00 0 1 1 0 1 0 0 47241 672
0x00007d762f846b80 0x0000000bc483ab80 0 1 1 0 1 0 0 47241 680
0x00007d762f846c00 0x0000000bc483ac00 0 0 0 0 1 0 0 47241 688
0x00007d762f846c80 0x0000000bc483ac80 0 0 0 0 1 0 0 47241 696
0x00007d762f846d00 0x0000000bc483ad00 0 1 0 0 1 0 0 47241 688
0x00007d762f846d80 0x0000000bc483ad80 0 1 0 0 1 0 0 47241 696
0x00007d762f846e00 0x0000000bc483ae00 0 0 1 0 1 0 0 47241 688
0x00007d762f846e80 0x0000000bc483ae80 0 0 1 0 1 0 0 47241 696
0x00007d762f846f00 0x0000000bc483af00 0 1 1 0 1 0 0 47241 688
0x00007d762f846f80 0x0000000bc483af80 0 1 1 0 1 0 0 47241 696
0x00007d762f851000 0x0000000b1d8a4000 0 0 0 0 0 0 0 41917 256
0x00007d762f851080 0x0000000b1d8a4080 0 0 0 0 0 0 0 41917 264
0x00007d762f851100 0x0000000b1d8a4100 0 1 0 0 0 0 0 41917 256
0x00007d762f851180 0x0000000b1d8a4180 0 1 0 0 0 0 0 41917 264
0x00007d762f851200 0x0000000b1d8a4200 0 0 1 0 0 0 0 41917 256
0x00007d762f851280 0x0000000b1d8a4280 0 0 1 0 0 0 0 41917 264
0x00007d762f851300 0x0000000b1d8a4300 0 1 1 0 0 0 0 41917 256
0x00007d762f851380 0x0000000b1d8a4380 0 1 1 0 0 0 0 41917 264
0x00007d762f851400 0x0000000b1d8a4400 0 0 0 0 0 0 0 41917 272
0x00007d762f851480 0x0000000b1d8a4480 0 0 0 0 0 0 0 41917 280
0x00007d762f851500 0x0000000b1d8a4500 0 1 0 0 0 0 0 41917 272
0x00007d762f851580 0x0000000b1d8a4580 0 1 0 0 0 0 0 41917 280
0x00007d762f851600 0x0000000b1d8a4600 0 0 1 0 0 0 0 41917 272
0x00007d762f851680 0x0000000b1d8a4680 0 0 1 0 0 0 0 41917 280
0x00007d762f851700 0x0000000b1d8a4700 0 1 1 0 0 0 0 41917 272
0x00007d762f851780 0x0000000b1d8a4780 0 1 1 0 0 0 0 41917 280
0x00007d762f851800 0x0000000b1d8a4800 0 0 0 0 0 0 0 41917 288
0x00007d762f851880 0x0000000b1d8a4880 0 0 0 0 0 0 0 41917 296
0x00007d762f851900 0x0000000b1d8a4900 0 1 0 0 0 0 0 41917 288
0x00007d762f851980 0x0000000b1d8a4980 0 1 0 0 0 0 0 41917 296
0x00007d762f851a00 0x0000000b1d8a4a00 0 0 1 0 0 0 0 41917 288
0x00007d762f851a80 0x0000000b1d8a4a80 0 0 1 0 0 0 0 41917 296
0x00007d762f851b00 0x0000000b1d8a4b00 0 1 1 0 0 0 0 41917 288
0x00007d762f851b80 0x0000000b1d8a4b80 0 1 1 0 0 0 0 41917 296
0x00007d762f851c00 0x0000000b1d8a4c00 0 0 0 0 0 0 0 41917 304
0x00007d762f851c80 0x0000000b1d8a4c80 0 0 0 0 0 0 0 41917 312
0x00007d762f851d00 0x0000000b1d8a4d00 0 1 0 0 0 0 0 41917 304
0x00007d762f851d80 0x0000000b1d8a4d80 0 1 0 0 0 0 0 41917 312
0x00007d762f851e00 0x0000000b1d8a4e00 0 0 1 0 0 0 0 41917 304
0x00007d762f851e80 0x0000000b1d8a4e80 0 0 1 0 0 0 0 41917 312
0x00007d762f851f00 0x0000000b1d8a4f00 0 1 1 0 0 0 0 41917 304
0x00007d762f851f80 0x0000000b1d8a4f80 0 1 1 0 0 0 0 41917 312
0x00007d762f852000 0x00000005bf86d000 0 0 0 0 1 0 0 22507 320
0x00007d762f852080 0x00000005bf86d080 0 0 0 0 1 0 0 22507 328
0x00007d762f852100 0x00000005bf86d100 0 1 0 0 1 0 0 22507 320
0x00007d762f852180 0x00000005bf86d180 0 1 0 0 1 0 0 22507 328
0x00007d762f852200 0x00000005bf86d200 0 0 1 0 1 0 0 22507 320
0x00007d762f852280 0x00000005bf86d280 0 0 1 0 1 0 0 22507 328
0x00007d762f852300 0x00000005bf86d300 0 1 1 0 1 0 0 22507 320
0x00007d762f852380 0x00000005bf86d380 0 1 1 0 1 0 0 22507 328
0x00007d762f852400 0x00000005bf86d400 0 0 0 0 1 0 0 22507 336
0x00007d762f852480 0x00000005bf86d480 0 0 0 0 1 0 0 22507 344
0x00007d762f852500 0x00000005bf86d500 0 1 0 0 1 0 0 22507 336
0x00007d762f852580 0x00000005bf86d580 0 1 0 0 1 0 0 22507 344
0x00007d762f852600 0x00000005bf86d600 0 0 1 0 1 0 0 22507 336
0x00007d762f852680 0x00000005bf86d680 0 0 1 0 1 0 0 22507 344
0x00007d762f852700 0x00000005bf86d700 0 1 1 0 1 0 0 22507 336
0x00007d762f852780 0x00000005bf86d780 0 1 1 0 1 0 0 22507 344
0x00007d762f852800 0x00000005bf86d800 0 0 0 0 1 0 0 22507 352
0x00007d762f852880 0x00000005bf86d880 0 0 0 0 1 0 0 22507 360
0x00007d762f852900 0x00000005bf86d900 0 1 0 0 1 0 0 22507 352
0x00007d762f852980 0x00000005bf86d980 0 1 0 0 1 0 0 22507 360
0x00007d762f852a00 0x00000005bf86da00 0 0 1 0 1 0 0 22507 352
0x00007d762f852a80 0x00000005bf86da80 0 0 1 0 1 0 0 22507 360
0x00007d762f852b00 0x00000005bf86db00 0 1 1 0 1 0 0 22507 352
0x00007d762f852b80 0x00000005bf86db80 0 1 1 0 1 0 0 22507 360
0x00007d762f852c00 0x00000005bf86dc00 0 0 0 0 1 0 0 22507 368
0x00007d762f852c80 0x00000005bf86dc80 0 0 0 0 1 0 0 22507 376
0x00007d762f852d00 0x00000005bf86dd00 0 1 0 0 1 0 0 22507 368
0x00007d762f852d80 0x00000005bf86dd80 0 1 0 0 1 0 0 22507 376
0x00007d762f852e00 0x00000005bf86de00 0 0 1 0 1 0 0 22507 368
0x00007d762f852e80 0x00000005bf86de80 0 0 1 0 1 0 0 22507 376
0x00007d762f852f00 0x00000005bf86df00 0 1 1 0 1 0 0 22507 368
0x00007d762f852f80 0x00000005bf86df80 0 1 1 0 1 0 0 22507 376
0x00007d762f85a000 0x00000005bf861000 0 0 0 0 0 0 0 22507 64
0x00007d762f85a080 0x00000005bf861080 0 0 0 0 0 0 0 22507 72
0x00007d762f85a100 0x00000005bf861100 0 1 0 0 0 0 0 22507 64
0x00007d762f85a180 0x00000005bf861180 0 1 0 0 0 0 0 22507 72
0x00007d762f85a200 0x00000005bf861200 0 0 1 0 0 0 0 22507 64
0x00007d762f85a280 0x00000005bf861280 0 0 1 0 0 0 0 22507 72
0x00007d762f85a300 0x00000005bf861300 0 1 1 0 0 0 0 22507 64
0x00007d762f85a380 0x00000005bf861380 0 1 1 0 0 0 0 22507 72
0x00007d762f85a400 0x00000005bf861400 0 0 0 0 0 0 0 22507 80
0x00007d762f85a480 0x00000005bf861480 0 0 0 0 0 0 0 22507 88
0x00007d762f85a500 0x00000005bf861500 0 1 0 0 0 0 0 22507 80
0x00007d762f85a580 0x00000005bf861580 0 1 0 0 0 0 0 22507 88
0x00007d762f85a600 0x00000005bf861600 0 0 1 0 0 0 0 22507 80
0x00007d762f85a680 0x00000005bf861680 0 0 1 0 0 0 0 22507 88
0x00007d762f85a700 0x00000005bf861700 0 1 1 0 0 0 0 22507 80
0x00007d762f85a780 0x00000005bf861780 0 1 1 0 0 0 0 22507 88
0x00007d762f85a800 0x00000005bf861800 0 0 0 0 0 0 0 22507 96
0x00007d762f85a880 0x00000005bf861880 0 0 0 0 0 0 0 22507 104
0x00007d762f85a900 0x00000005bf861900 0 1 0 0 0 0 0 22507 96
0x00007d762f85a980 0x00000005bf861980 0 1 0 0 0 0 0 22507 104
0x00007d762f85aa00 0x00000005bf861a00 0 0 1 0 0 0 0 22507 96
0x00007d762f85aa80 0x00000005bf861a80 0 0 1 0 0 0 0 22507 104
0x00007d762f85ab00 0x00000005bf861b00 0 1 1 0 0 0 0 22507 96
0x00007d762f85ab80 0x00000005bf861b80 0 1 1 0 0 0 0 22507 104
0x00007d762f85ac00 0x00000005bf861c00 0 0 0 0 0 0 0 22507 112
0x00007d762f85ac80 0x00000005bf861c80 0 0 0 0 0 0 0 22507 120
0x00007d762f85ad00 0x00000005bf861d00 0 1 0 0 0 0 0 22507 112
0x00007d762f85ad80 0x00000005bf861d80 0 1 0 0 0 0 0 22507 120
0x00007d762f85ae00 0x00000005bf861e00 0 0 1 0 0 0 0 22507 112
0x00007d762f85ae80 0x00000005bf861e80 0 0 1 0 0 0 0 22507 120
0x00007d762f85af00 0x00000005bf861f00 0 1 1 0 0 0 0 22507 112
0x00007d762f85af80 0x00000005bf861f80 0 1 1 0 0 0 0 22507 120
0x00007d762f85d000 0x00000005f60a4000 0 0 0 0 0 0 0 24261 256
0x00007d762f85d080 0x00000005f60a4080 0 0 0 0 0 0 0 24261 264
0x00007d762f85d100 0x00000005f60a4100 0 1 0 0 0 0 0 24261 256
0x00007d762f85d180 0x00000005f60a4180 0 1 0 0 0 0 0 24261 264
0x00007d762f85d200 0x00000005f60a4200 0 0 1 0 0 0 0 24261 256
0x00007d762f85d280 0x00000005f60a4280 0 0 1 0 0 0 0 24261 264
0x00007d762f85d300 0x00000005f60a4300 0 1 1 0 0 0 0 24261 256
0x00007d762f85d380 0x00000005f60a4380 0 1 1 0 0 0 0 24261 264
0x00007d762f85d400 0x00000005f60a4400 0 0 0 0 0 0 0 24261 272
0x00007d762f85d480 0x00000005f60a4480 0 0 0 0 0 0 0 24261 280
0x00007d762f85d500 0x00000005f60a4500 0 1 0 0 0 0 0 24261 272
0x00007d762f85d580 0x00000005f60a4580 0 1 0 0 0 0 0 24261 280
0x00007d762f85d600 0x00000005f60a4600 0 0 1 0 0 0 0 24261 272
0x00007d762f85d680 0x00000005f60a4680 0 0 1 0 0 0 0 24261 280
0x00007d762f85d700 0x00000005f60a4700 0 1 1 0 0 0 0 24261 272
0x00007d762f85d780 0x00000005f60a4780 0 1 1 0 0 0 0 24261 280
0x00007d762f85d800 0x00000005f60a4800 0 0 0 0 0 0 0 24261 288
0x00007d762f85d880 0x00000005f60a4880 0 0 0 0 0 0 0 24261 296
0x00007d762f85d900 0x00000005f60a4900 0 1 0 0 0 0 0 24261 288
0x00007d762f85d980 0x00000005f60a4980 0 1 0 0 0 0 0 24261 296
0x00007d762f85da00 0x00000005f60a4a00 0 0 1 0 0 0 0 24261 288
0x00007d762f85da80 0x00000005f60a4a80 0 0 1 0 0 0 0 24261 296
0x00007d762f85db00 0x00000005f60a4b00 0 1 1 0 0 0 0 24261 288
0x00007d762f85db80 0x00000005f60a4b80 0 1 1 0 0 0 0 24261 296
0x00007d762f85dc00 0x00000005f60a4c00 0 0 0 0 0 0 0 24261 304
0x00007d762f85dc80 0x00000005f60a4c80 0 0 0 0 0 0 0 24261 312
0x00007d762f85dd00 0x00000005f60a4d00 0 1 0 0 0 0 0 24261 304
0x00007d762f85dd80 0x00000005f60a4d80 0 1 0 0 0 0 0 24261 312
0x00007d762f85de00 0x00000005f60a4e00 0 0 1 0 0 0 0 24261 304
0x00007d762f85de80 0x00000005f60a4e80 0 0 1 0 0 0 0 24261 312
0x00007d762f85df00 0x00000005f60a4f00 0 1 1 0 0 0 0 24261 304
0x00007d762f85df80 0x00000005f60a4f80 0 1 1 0 0 0 0 24261 312
0x00007d762f86a000 0x0000000a7f03e000 0 0 0 0 1 0 0 40945 896
0x00007d762f86a080 0x0000000a7f03e080 0 0 0 0 1 0 0 40945 904
0x00007d762f86a100 0x0000000a7f03e100 0 1 0 0 1 0 0 40945 896
0x00007d762f86a180 0x0000000a7f03e180 0 1 0 0 1 0 0 40945 904
0x00007d762f86a200 0x0000000a7f03e200 0 0 1 0 1 0 0 40945 896
0x00007d762f86a280 0x0000000a7f03e280 0 0 1 0 1 0 0 40945 904
0x00007d762f86a300 0x0000000a7f03e300 0 1 1 0 1 0 0 40945 896
0x00007d762f86a380 0x0000000a7f03e380 0 1 1 0 1 0 0 40945 904
0x00007d762f86a400 0x0000000a7f03e400 0 0 0 0 1 0 0 40945 912
0x00007d762f86a480 0x0000000a7f03e480 0 0 0 0 1 0 0 40945 920
0x00007d762f86a500 0x0000000a7f03e500 0 1 0 0 1 0 0 40945 912
0x00007d762f86a580 0x0000000a7f03e580 0 1 0 0 1 0 0 40945 920
0x00007d762f86a600 0x0000000a7f03e600 0 0 1 0 1 0 0 40945 912
0x00007d762f86a680 0x0000000a7f03e680 0 0 1 0 1 0 0 40945 920
0x00007d762f86a700 0x0000000a7f03e700 0 1 1 0 1 0 0 40945 912
0x00007d762f86a780 0x0000000a7f03e780 0 1 1 0 1 0 0 40945 920
0x00007d762f86a800 0x0000000a7f03e800 0 0 0 0 1 0 0 40945 928
0x00007d762f86a880 0x0000000a7f03e880 0 0 0 0 1 0 0 40945 936
0x00007d762f86a900 0x0000000a7f03e900 0 1 0 0 1 0 0 40945 928
0x00007d762f86a980 0x0000000a7f03e980 0 1 0 0 1 0 0 40945 936
0x00007d762f86aa00 0x0000000a7f03ea00 0 0 1 0 1 0 0 40945 928
0x00007d762f86aa80 0x0000000a7f03ea80 0 0 1 0 1 0 0 40945 936
0x00007d762f86ab00 0x0000000a7f03eb00 0 1 1 0 1 0 0 40945 928
0x00007d762f86ab80 0x0000000a7f03eb80 0 1 1 0 1 0 0 40945 936
0x00007d762f86ac00 0x0000000a7f03ec00 0 0 0 0 1 0 0 40945 944
0x00007d762f86ac80 0x0000000a7f03ec80 0 0 0 0 1 0 0 40945 952
0x00007d762f86ad00 0x0000000a7f03ed00 0 1 0 0 1 0 0 40945 944
0x00007d762f86ad80 0x0000000a7f03ed80 0 1 0 0 1 0 0 40945 952
0x00007d762f86ae00 0x0000000a7f03ee00 0 0 1 0 1 0 0 40945 944
0x00007d762f86ae80 0x0000000a7f03ee80 0 0 1 0 1 0 0 40945 952
0x00007d762f86af00 0x0000000a7f03ef00 0 1 1 0 1 0 0 40945 944
0x00007d762f86af80 0x0000000a7f03ef80 0 1 1 0 1 0 0 40945 952
0x00007d762f86d000 0x00000005f60ab000 0 0 0 0 1 0 0 24261 192
0x00007d762f86d080 0x00000005f60ab080 0 0 0 0 1 0 0 24261 200
0x00007d762f86d100 0x00000005f60ab100 0 1 0 0 1 0 0 24261 192
0x00007d762f86d180 0x00000005f60ab180 0 1 0 0 1 0 0 24261 200
0x00007d762f86d200 0x00000005f60ab200 0 0 1 0 1 0 0 24261 192
0x00007d762f86d280 0x00000005f60ab280 0 0 1 0 1 0 0 24261 200
0x00007d762f86d300 0x00000005f60ab300 0 1 1 0 1 0 0 24261 192
0x00007d762f86d380 0x00000005f60ab380 0 1 1 0 1 0 0 24261 200
0x00007d762f86d400 0x00000005f60ab400 0 0 0 0 1 0 0 24261 208
0x00007d762f86d480 0x00000005f60ab480 0 0 0 0 1 0 0 24261 216
0x00007d762f86d500 0x00000005f60ab500 0 1 0 0 1 0 0 24261 208
0x00007d762f86d580 0x00000005f60ab580 0 1 0 0 1 0 0 24261 216
0x00007d762f86d600 0x00000005f60ab600 0 0 1 0 1 0 0 24261 208
0x00007d762f86d680 0x00000005f60ab680 0 0 1 0 1 0 0 24261 216
0x00007d762f86d700 0x00000005f60ab700 0 1 1 0 1 0 0 24261 208
0x00007d762f86d780 0x00000005f60ab780 0 1 1 0 1 0 0 24261 216
0x00007d762f86d800 0x00000005f60ab800 0 0 0 0 1 0 0 24261 224
0x00007d762f86d880 0x00000005f60ab880 0 0 0 0 1 0 0 24261 232
0x00007d762f86d900 0x00000005f60ab900 0 1 0 0 1 0 0 24261 224
0x00007d762f86d980 0x00000005f60ab980 0 1 0 0 1 0 0 24261 232
0x00007d762f86da00 0x00000005f60aba00 0 0 1 0 1 0 0 24261 224
0x00007d762f86da80 0x00000005f60aba80 0 0 1 0 1 0 0 24261 232
0x00007d762f86db00 0x00000005f60abb00 0 1 1 0 1 0 0 24261 224
0x00007d762f86db80 0x00000005f60abb80 0 1 1 0 1 0 0 24261 232
0x00007d762f86dc00 0x00000005f60abc00 0 0 0 0 1 0 0 24261 240
0x00007d762f86dc80 0x00000005f60abc80 0 0 0 0 1 0 0 24261 248
0x00007d762f86dd00 0x00000005f60abd00 0 1 0 0 1 0 0 24261 240
0x00007d762f86dd80 0x00000005f60abd80 0 1 0 0 1 0 0 24261 248
0x00007d762f86de00 0x00000005f60abe00 0 0 1 0 1 0 0 24261 240
0x00007d762f86de80 0x00000005f60abe80 0 0 1 0 1 0 0 24261 248
0x00007d762f86df00 0x00000005f60abf00 0 1 1 0 1 0 0 24261 240
0x00007d762f86df80 0x00000005f60abf80 0 1 1 0 1 0 0 24261 248
0x00007d762f870000 0x00000005f60a7000 0 0 0 0 0 0 0 24261 448
0x00007d762f870080 0x00000005f60a7080 0 0 0 0 0 0 0 24261 456
0x00007d762f870100 0x00000005f60a7100 0 1 0 0 0 0 0 24261 448
0x00007d762f870180 0x00000005f60a7180 0 1 0 0 0 0 0 24261 456
0x00007d762f870200 0x00000005f60a7200 0 0 1 0 0 0 0 24261 448
0x00007d762f870280 0x00000005f60a7280 0 0 1 0 0 0 0 24261 456
0x00007d762f870300 0x00000005f60a7300 0 1 1 0 0 0 0 24261 448
0x00007d762f870380 0x00000005f60a7380 0 1 1 0 0 0 0 24261 456
0x00007d762f870400 0x00000005f60a7400 0 0 0 0 0 0 0 24261 464
0x00007d762f870480 0x00000005f60a7480 0 0 0 0 0 0 0 24261 472
0x00007d762f870500 0x00000005f60a7500 0 1 0 0 0 0 0 24261 464
0x00007d762f870580 0x00000005f60a7580 0 1 0 0 0 0 0 24261 472
0x00007d762f870600 0x00000005f60a7600 0 0 1 0 0 0 0 24261 464
0x00007d762f870680 0x00000005f60a7680 0 0 1 0 0 0 0 24261 472
0x00007d762f870700 0x00000005f60a7700 0 1 1 0 0 0 0 24261 464
0x00007d762f870780 0x00000005f60a7780 0 1 1 0 0 0 0 24261 472
0x00007d762f870800 0x00000005f60a7800 0 0 0 0 0 0 0 24261 480
0x00007d762f870880 0x00000005f60a7880 0 0 0 0 0 0 0 24261 488
0x00007d762f870900 0x00000005f60a7900 0 1 0 0 0 0 0 24261 480
0x00007d762f870980 0x00000005f60a7980 0 1 0 0 0 0 0 24261 488
0x00007d762f870a00 0x00000005f60a7a00 0 0 1 0 0 0 0 24261 480
0x00007d762f870a80 0x00000005f60a7a80 0 0 1 0 0 0 0 24261 488
0x00007d762f870b00 0x00000005f60a7b00 0 1 1 0 0 0 0 24261 480
0x00007d762f870b80 0x00000005f60a7b80 0 1 1 0 0 0 0 24261 488
0x00007d762f870c00 0x00000005f60a7c00 0 0 0 0 0 0 0 24261 496
0x00007d762f870c80 0x00000005f60a7c80 0 0 0 0 0 0 0 24261 504
0x00007d762f870d00 0x00000005f60a7d00 0 1 0 0 0 0 0 24261 496
0x00007d762f870d80 0x00000005f60a7d80 0 1 0 0 0 0 0 24261 504
0x00007d762f870e00 0x00000005f60a7e00 0 0 1 0 0 0 0 24261 496
0x00007d762f870e80 0x00000005f60a7e80 0 0 1 0 0 0 0 24261 504
0x00007d762f870f00 0x00000005f60a7f00 0 1 1 0 0 0 0 24261 496
0x00007d762f870f80 0x00000005f60a7f80 0 1 1 0 0 0 0 24261 504
0x00007d762f875000 0x0000000582817000 0 0 0 0 0 0 0 20552 960
0x00007d762f875080 0x0000000582817080 0 0 0 0 0 0 0 20552 968
0x00007d762f875100 0x0000000582817100 0 1 0 0 0 0 0 20552 960
0x00007d762f875180 0x0000000582817180 0 1 0 0 0 0 0 20552 968
0x00007d762f875200 0x0000000582817200 0 0 1 0 0 0 0 20552 960
0x00007d762f875280 0x0000000582817280 0 0 1 0 0 0 0 20552 968
0x00007d762f875300 0x0000000582817300 0 1 1 0 0 0 0 20552 960
0x00007d762f875380 0x0000000582817380 0 1 1 0 0 0 0 20552 968
0x00007d762f875400 0x0000000582817400 0 0 0 0 0 0 0 20552 976
0x00007d762f875480 0x0000000582817480 0 0 0 0 0 0 0 20552 984
0x00007d762f875500 0x0000000582817500 0 1 0 0 0 0 0 20552 976
0x00007d762f875580 0x0000000582817580 0 1 0 0 0 0 0 20552 984
0x00007d762f875600 0x0000000582817600 0 0 1 0 0 0 0 20552 976
0x00007d762f875680 0x0000000582817680 0 0 1 0 0 0 0 20552 984
0x00007d762f875700 0x0000000582817700 0 1 1 0 0 0 0 20552 976
0x00007d762f875780 0x0000000582817780 0 1 1 0 0 0 0 20552 984
0x00007d762f875800 0x0000000582817800 0 0 0 0 0 0 0 20552 992
0x00007d762f875880 0x0000000582817880 0 0 0 0 0 0 0 20552 1000
0x00007d762f875900 0x0000000582817900 0 1 0 0 0 0 0 20552 992
0x00007d762f875980 0x0000000582817980 0 1 0 0 0 0 0 20552 1000
0x00007d762f875a00 0x0000000582817a00 0 0 1 0 0 0 0 20552 992
0x00007d762f875a80 0x0000000582817a80 0 0 1 0 0 0 0 20552 1000
0x00007d762f875b00 0x0000000582817b00 0 1 1 0 0 0 0 20552 992
0x00007d762f875b80 0x0000000582817b80 0 1 1 0 0 0 0 20552 1000
0x00007d762f875c00 0x0000000582817c00 0 0 0 0 0 0 0 20552 1008
0x00007d762f875c80 0x0000000582817c80 0 0 0 0 0 0 0 20552 1016
0x00007d762f875d00 0x0000000582817d00 0 1 0 0 0 0 0 20552 1008
0x00007d762f875d80 0x0000000582817d80 0 1 0 0 0 0 0 20552 1016
0x00007d762f875e00 0x0000000582817e00 0 0 1 0 0 0 0 20552 1008
0x00007d762f875e80 0x0000000582817e80 0 0 1 0 0 0 0 20552 1016
0x00007d762f875f00 0x0000000582817f00 0 1 1 0 0 0 0 20552 1008
0x00007d762f875f80 0x0000000582817f80 0 1 1 0 0 0 0 20552 1016
0x00007d762f880000 0x000000058281c000 0 0 0 0 1 0 0 20552 768
0x00007d762f880080 0x000000058281c080 0 0 0 0 1 0 0 20552 776
0x00007d762f880100 0x000000058281c100 0 1 0 0 1 0 0 20552 768
0x00007d762f880180 0x000000058281c180 0 1 0 0 1 0 0 20552 776
0x00007d762f880200 0x000000058281c200 0 0 1 0 1 0 0 20552 768
0x00007d762f880280 0x000000058281c280 0 0 1 0 1 0 0 20552 776
0x00007d762f880300 0x000000058281c300 0 1 1 0 1 0 0 20552 768
0x00007d762f880380 0x000000058281c380 0 1 1 0 1 0 0 20552 776
0x00007d762f880400 0x000000058281c400 0 0 0 0 1 0 0 20552 784
0x00007d762f880480 0x000000058281c480 0 0 0 0 1 0 0 20552 792
0x00007d762f880500 0x000000058281c500 0 1 0 0 1 0 0 20552 784
0x00007d762f880580 0x000000058281c580 0 1 0 0 1 0 0 20552 792
0x00007d762f880600 0x000000058281c600 0 0 1 0 1 0 0 20552 784
0x00007d762f880680 0x000000058281c680 0 0 1 0 1 0 0 20552 792
0x00007d762f880700 0x000000058281c700 0 1 1 0 1 0 0 20552 784
0x00007d762f880780 0x000000058281c780 0 1 1 0 1 0 0 20552 792
0x00007d762f880800 0x000000058281c800 0 0 0 0 1 0 0 20552 800
0x00007d762f880880 0x000000058281c880 0 0 0 0 1 0 0 20552 808
0x00007d762f880900 0x000000058281c900 0 1 0 0 1 0 0 20552 800
0x00007d762f880980 0x000000058281c980 0 1 0 0 1 0 0 20552 808
0x00007d762f880a00 0x000000058281ca00 0 0 1 0 1 0 0 20552 800
0x00007d762f880a80 0x000000058281ca80 0 0 1 0 1 0 0 20552 808
0x00007d762f880b00 0x000000058281cb00 0 1 1 0 1 0 0 20552 800
0x00007d762f880b80 0x000000058281cb80 0 1 1 0 1 0 0 20552 808
0x00007d762f880c00 0x000000058281cc00 0 0 0 0 1 0 0 20552 816
0x00007d762f880c80 0x000000058281cc80 0 0 0 0 1 0 0 20552 824
0x00007d762f880d00 0x000000058281cd00 0 1 0 0 1 0 0 20552 816
0x00007d762f880d80 0x000000058281cd80 0 1 0 0 1 0 0 20552 824
0x00007d762f880e00 0x000000058281ce00 0 0 1 0 1 0 0 20552 816
0x00007d762f880e80 0x000000058281ce80 0 0 1 0 1 0 0 20552 824
0x00007d762f880f00 0x000000058281cf00 0 1 1 0 1 0 0 20552 816
0x00007d762f880f80 0x000000058281cf80 0 1 1 0 1 0 0 20552 824
0x00007d762f886000 0x0000000582814000 0 0 0 0 0 0 0 20552 768
0x00007d762f886080 0x0000000582814080 0 0 0 0 0 0 0 20552 776
0x00007d762f886100 0x0000000582814100 0 1 0 0 0 0 0 20552 768
0x00007d762f886180 0x0000000582814180 0 1 0 0 0 0 0 20552 776
0x00007d762f886200 0x0000000582814200 0 0 1 0 0 0 0 20552 768
0x00007d762f886280 0x0000000582814280 0 0 1 0 0 0 0 20552 776
0x00007d762f886300 0x0000000582814300 0 1 1 0 0 0 0 20552 768
0x00007d762f886380 0x0000000582814380 0 1 1 0 0 0 0 20552 776
0x00007d762f886400 0x0000000582814400 0 0 0 0 0 0 0 20552 784
0x00007d762f886480 0x0000000582814480 0 0 0 0 0 0 0 20552 792
0x00007d762f886500 0x0000000582814500 0 1 0 0 0 0 0 20552 784
0x00007d762f886580 0x0000000582814580 0 1 0 0 0 0 0 20552 792
0x00007d762f886600 0x0000000582814600 0 0 1 0 0 0 0 20552 784
0x00007d762f886680 0x0000000582814680 0 0 1 0 0 0 0 20552 792
0x00007d762f886700 0x0000000582814700 0 1 1 0 0 0 0 20552 784
0x00007d762f886780 0x0000000582814780 0 1 1 0 0 0 0 20552 792
0x00007d762f886800 0x0000000582814800 0 0 0 0 0 0 0 20552 800
0x00007d762f886880 0x0000000582814880 0 0 0 0 0 0 0 20552 808
0x00007d762f886900 0x0000000582814900 0 1 0 0 0 0 0 20552 800
0x00007d762f886980 0x0000000582814980 0 1 0 0 0 0 0 20552 808
0x00007d762f886a00 0x0000000582814a00 0 0 1 0 0 0 0 20552 800
0x00007d762f886a80 0x0000000582814a80 0 0 1 0 0 0 0 20552 808
0x00007d762f886b00 0x0000000582814b00 0 1 1 0 0 0 0 20552 800
0x00007d762f886b80 0x0000000582814b80 0 1 1 0 0 0 0 20552 808
0x00007d762f886c00 0x0000000582814c00 0 0 0 0 0 0 0 20552 816
0x00007d762f886c80 0x0000000582814c80 0 0 0 0 0 0 0 20552 824
0x00007d762f886d00 0x0000000582814d00 0 1 0 0 0 0 0 20552 816
0x00007d762f886d80 0x0000000582814d80 0 1 0 0 0 0 0 20552 824
0x00007d762f886e00 0x0000000582814e00 0 0 1 0 0 0 0 20552 816
0x00007d762f886e80 0x0000000582814e80 0 0 1 0 0 0 0 20552 824
0x00007d762f886f00 0x0000000582814f00 0 1 1 0 0 0 0 20552 816
0x00007d762f886f80 0x0000000582814f80 0 1 1 0 0 0 0 20552 824
0x00007d762f88b000 0x00000005bf863000 0 0 0 0 0 0 0 22507 192
0x00007d762f88b080 0x00000005bf863080 0 0 0 0 0 0 0 22507 200
0x00007d762f88b100 0x00000005bf863100 0 1 0 0 0 0 0 22507 192
0x00007d762f88b180 0x00000005bf863180 0 1 0 0 0 0 0 22507 200
0x00007d762f88b200 0x00000005bf863200 0 0 1 0 0 0 0 22507 192
0x00007d762f88b280 0x00000005bf863280 0 0 1 0 0 0 0 22507 200
0x00007d762f88b300 0x00000005bf863300 0 1 1 0 0 0 0 22507 192
0x00007d762f88b380 0x00000005bf863380 0 1 1 0 0 0 0 22507 200
0x00007d762f88b400 0x00000005bf863400 0 0 0 0 0 0 0 22507 208
0x00007d762f88b480 0x00000005bf863480 0 0 0 0 0 0 0 22507 216
0x00007d762f88b500 0x00000005bf863500 0 1 0 0 0 0 0 22507 208
0x00007d762f88b580 0x00000005bf863580 0 1 0 0 0 0 0 22507 216
0x00007d762f88b600 0x00000005bf863600 0 0 1 0 0 0 0 22507 208
0x00007d762f88b680 0x00000005bf863680 0 0 1 0 0 0 0 22507 216
0x00007d762f88b700 0x00000005bf863700 0 1 1 0 0 0 0 22507 208
0x00007d762f88b780 0x00000005bf863780 0 1 1 0 0 0 0 22507 216
0x00007d762f88b800 0x00000005bf863800 0 0 0 0 0 0 0 22507 224
0x00007d762f88b880 0x00000005bf863880 0 0 0 0 0 0 0 22507 232
0x00007d762f88b900 0x00000005bf863900 0 1 0 0 0 0 0 22507 224
0x00007d762f88b980 0x00000005bf863980 0 1 0 0 0 0 0 22507 232
0x00007d762f88ba00 0x00000005bf863a00 0 0 1 0 0 0 0 22507 224
0x00007d762f88ba80 0x00000005bf863a80 0 0 1 0 0 0 0 22507 232
0x00007d762f88bb00 0x00000005bf863b00 0 1 1 0 0 0 0 22507 224
0x00007d762f88bb80 0x00000005bf863b80 0 1 1 0 0 0 0 22507 232
0x00007d762f88bc00 0x00000005bf863c00 0 0 0 0 0 0 0 22507 240
0x00007d762f88bc80 0x00000005bf863c80 0 0 0 0 0 0 0 22507 248
0x00007d762f88bd00 0x00000005bf863d00 0 1 0 0 0 0 0 22507 240
0x00007d762f88bd80 0x00000005bf863d80 0 1 0 0 0 0 0 22507 248
0x00007d762f88be00 0x00000005bf863e00 0 0 1 0 0 0 0 22507 240
0x00007d762f88be80 0x00000005bf863e80 0 0 1 0 0 0 0 22507 248
0x00007d762f88bf00 0x00000005bf863f00 0 1 1 0 0 0 0 22507 240
0x00007d762f88bf80 0x00000005bf863f80 0 1 1 0 0 0 0 22507 248
0x00007d762f891000 0x00000005f60ae000 0 0 0 0 1 0 0 24261 384
0x00007d762f891080 0x00000005f60ae080 0 0 0 0 1 0 0 24261 392
0x00007d762f891100 0x00000005f60ae100 0 1 0 0 1 0 0 24261 384
0x00007d762f891180 0x00000005f60ae180 0 1 0 0 1 0 0 24261 392
0x00007d762f891200 0x00000005f60ae200 0 0 1 0 1 0 0 24261 384
0x00007d762f891280 0x00000005f60ae280 0 0 1 0 1 0 0 24261 392
0x00007d762f891300 0x00000005f60ae300 0 1 1 0 1 0 0 24261 384
0x00007d762f891380 0x00000005f60ae380 0 1 1 0 1 0 0 24261 392
0x00007d762f891400 0x00000005f60ae400 0 0 0 0 1 0 0 24261 400
0x00007d762f891480 0x00000005f60ae480 0 0 0 0 1 0 0 24261 408
0x00007d762f891500 0x00000005f60ae500 0 1 0 0 1 0 0 24261 400
0x00007d762f891580 0x00000005f60ae580 0 1 0 0 1 0 0 24261 408
0x00007d762f891600 0x00000005f60ae600 0 0 1 0 1 0 0 24261 400
0x00007d762f891680 0x00000005f60ae680 0 0 1 0 1 0 0 24261 408
0x00007d762f891700 0x00000005f60ae700 0 1 1 0 1 0 0 24261 400
0x00007d762f891780 0x00000005f60ae780 0 1 1 0 1 0 0 24261 408
0x00007d762f891800 0x00000005f60ae800 0 0 0 0 1 0 0 24261 416
0x00007d762f891880 0x00000005f60ae880 0 0 0 0 1 0 0 24261 424
0x00007d762f891900 0x00000005f60ae900 0 1 0 0 1 0 0 24261 416
0x00007d762f891980 0x00000005f60ae980 0 1 0 0 1 0 0 24261 424
0x00007d762f891a00 0x00000005f60aea00 0 0 1 0 1 0 0 24261 416
0x00007d762f891a80 0x00000005f60aea80 0 0 1 0 1 0 0 24261 424
0x00007d762f891b00 0x00000005f60aeb00 0 1 1 0 1 0 0 24261 416
0x00007d762f891b80 0x00000005f60aeb80 0 1 1 0 1 0 0 24261 424
0x00007d762f891c00 0x00000005f60aec00 0 0 0 0 1 0 0 24261 432
0x00007d762f891c80 0x00000005f60aec80 0 0 0 0 1 0 0 24261 440
0x00007d762f891d00 0x00000005f60aed00 0 1 0 0 1 0 0 24261 432
0x00007d762f891d80 0x00000005f60aed80 0 1 0 0 1 0 0 24261 440
0x00007d762f891e00 0x00000005f60aee00 0 0 1 0 1 0 0 24261 432
0x00007d762f891e80 0x00000005f60aee80 0 0 1 0 1 0 0 24261 440
0x00007d762f891f00 0x00000005f60aef00 0 1 1 0 1 0 0 24261 432
0x00007d762f891f80 0x00000005f60aef80 0 1 1 0 1 0 0 24261 440
0x00007d762f8a4000 0x0000000b1d8a1000 0 0 0 0 0 0 0 41917 64
0x00007d762f8a4080 0x0000000b1d8a1080 0 0 0 0 0 0 0 41917 72
0x00007d762f8a4100 0x0000000b1d8a1100 0 1 0 0 0 0 0 41917 64
0x00007d762f8a4180 0x0000000b1d8a1180 0 1 0 0 0 0 0 41917 72
0x00007d762f8a4200 0x0000000b1d8a1200 0 0 1 0 0 0 0 41917 64
0x00007d762f8a4280 0x0000000b1d8a1280 0 0 1 0 0 0 0 41917 72
0x00007d762f8a4300 0x0000000b1d8a1300 0 1 1 0 0 0 0 41917 64
0x00007d762f8a4380 0x0000000b1d8a1380 0 1 1 0 0 0 0 41917 72
0x00007d762f8a4400 0x0000000b1d8a1400 0 0 0 0 0 0 0 41917 80
0x00007d762f8a4480 0x0000000b1d8a1480 0 0 0 0 0 0 0 41917 88
0x00007d762f8a4500 0x0000000b1d8a1500 0 1 0 0 0 0 0 41917 80
0x00007d762f8a4580 0x0000000b1d8a1580 0 1 0 0 0 0 0 41917 88
0x00007d762f8a4600 0x0000000b1d8a1600 0 0 1 0 0 0 0 41917 80
0x00007d762f8a4680 0x0000000b1d8a1680 0 0 1 0 0 0 0 41917 88
0x00007d762f8a4700 0x0000000b1d8a1700 0 1 1 0 0 0 0 41917 80
0x00007d762f8a4780 0x0000000b1d8a1780 0 1 1 0 0 0 0 41917 88
0x00007d762f8a4800 0x0000000b1d8a1800 0 0 0 0 0 0 0 41917 96
0x00007d762f8a4880 0x0000000b1d8a1880 0 0 0 0 0 0 0 41917 104
0x00007d762f8a4900 0x0000000b1d8a1900 0 1 0 0 0 0 0 41917 96
0x00007d762f8a4980 0x0000000b1d8a1980 0 1 0 0 0 0 0 41917 104
0x00007d762f8a4a00 0x0000000b1d8a1a00 0 0 1 0 0 0 0 41917 96
0x00007d762f8a4a80 0x0000000b1d8a1a80 0 0 1 0 0 0 0 41917 104
0x00007d762f8a4b00 0x0000000b1d8a1b00 0 1 1 0 0 0 0 41917 96
0x00007d762f8a4b80 0x0000000b1d8a1b80 0 1 1 0 0 0 0 41917 104
0x00007d762f8a4c00 0x0000000b1d8a1c00 0 0 0 0 0 0 0 41917 112
0x00007d762f8a4c80 0x0000000b1d8a1c80 0 0 0 0 0 0 0 41917 120
0x00007d762f8a4d00 0x0000000b1d8a1d00 0 1 0 0 0 0 0 41917 112
0x00007d762f8a4d80 0x0000000b1d8a1d80 0 1 0 0 0 0 0 41917 120
0x00007d762f8a4e00 0x0000000b1d8a1e00 0 0 1 0 0 0 0 41917 112
0x00007d762f8a4e80 0x0000000b1d8a1e80 0 0 1 0 0 0 0 41917 120
0x00007d762f8a4f00 0x0000000b1d8a1f00 0 1 1 0 0 0 0 41917 112
0x00007d762f8a4f80 0x0000000b1d8a1f80 0 1 1 0 0 0 0 41917 120
0x00007d762f8ab000 0x0000000dec8a8000 0 0 0 0 1 0 0 56717 0
0x00007d762f8ab080 0x0000000dec8a8080 0 0 0 0 1 0 0 56717 8
0x00007d762f8ab100 0x0000000dec8a8100 0 1 0 0 1 0 0 56717 0
0x00007d762f8ab180 0x0000000dec8a8180 0 1 0 0 1 0 0 56717 8
0x00007d762f8ab200 0x0000000dec8a8200 0 0 1 0 1 0 0 56717 0
0x00007d762f8ab280 0x0000000dec8a8280 0 0 1 0 1 0 0 56717 8
0x00007d762f8ab300 0x0000000dec8a8300 0 1 1 0 1 0 0 56717 0
0x00007d762f8ab380 0x0000000dec8a8380 0 1 1 0 1 0 0 56717 8
0x00007d762f8ab400 0x0000000dec8a8400 0 0 0 0 1 0 0 56717 16
0x00007d762f8ab480 0x0000000dec8a8480 0 0 0 0 1 0 0 56717 24
0x00007d762f8ab500 0x0000000dec8a8500 0 1 0 0 1 0 0 56717 16
0x00007d762f8ab580 0x0000000dec8a8580 0 1 0 0 1 0 0 56717 24
0x00007d762f8ab600 0x0000000dec8a8600 0 0 1 0 1 0 0 56717 16
0x00007d762f8ab680 0x0000000dec8a8680 0 0 1 0 1 0 0 56717 24
0x00007d762f8ab700 0x0000000dec8a8700 0 1 1 0 1 0 0 56717 16
0x00007d762f8ab780 0x0000000dec8a8780 0 1 1 0 1 0 0 56717 24
0x00007d762f8ab800 0x0000000dec8a8800 0 0 0 0 1 0 0 56717 32
0x00007d762f8ab880 0x0000000dec8a8880 0 0 0 0 1 0 0 56717 40
0x00007d762f8ab900 0x0000000dec8a8900 0 1 0 0 1 0 0 56717 32
0x00007d762f8ab980 0x0000000dec8a8980 0 1 0 0 1 0 0 56717 40
0x00007d762f8aba00 0x0000000dec8a8a00 0 0 1 0 1 0 0 56717 32
0x00007d762f8aba80 0x0000000dec8a8a80 0 0 1 0 1 0 0 56717 40
0x00007d762f8abb00 0x0000000dec8a8b00 0 1 1 0 1 0 0 56717 32
0x00007d762f8abb80 0x0000000dec8a8b80 0 1 1 0 1 0 0 56717 40
0x00007d762f8abc00 0x0000000dec8a8c00 0 0 0 0 1 0 0 56717 48
0x00007d762f8abc80 0x0000000dec8a8c80 0 0 0 0 1 0 0 56717 56
0x00007d762f8abd00 0x0000000dec8a8d00 0 1 0 0 1 0 0 56717 48
0x00007d762f8abd80 0x0000000dec8a8d80 0 1 0 0 1 0 0 56717 56
0x00007d762f8abe00 0x0000000dec8a8e00 0 0 1 0 1 0 0 56717 48
0x00007d762f8abe80 0x0000000dec8a8e80 0 0 1 0 1 0 0 56717 56
0x00007d762f8abf00 0x0000000dec8a8f00 0 1 1 0 1 0 0 56717 48
0x00007d762f8abf80 0x0000000dec8a8f80 0 1 1 0 1 0 0 56717 56
0x00007d762f8b2000 0x000000058281a000 0 0 0 0 1 0 0 20552 640
0x00007d762f8b2080 0x000000058281a080 0 0 0 0 1 0 0 20552 648
0x00007d762f8b2100 0x000000058281a100 0 1 0 0 1 0 0 20552 640
0x00007d762f8b2180 0x000000058281a180 0 1 0 0 1 0 0 20552 648
0x00007d762f8b2200 0x000000058281a200 0 0 1 0 1 0 0 20552 640
0x00007d762f8b2280 0x000000058281a280 0 0 1 0 1 0 0 20552 648
0x00007d762f8b2300 0x000000058281a300 0 1 1 0 1 0 0 20552 640
0x00007d762f8b2380 0x000000058281a380 0 1 1 0 1 0 0 20552 648
0x00007d762f8b2400 0x000000058281a400 0 0 0 0 1 0 0 20552 656
0x00007d762f8b2480 0x000000058281a480 0 0 0 0 1 0 0 20552 664
0x00007d762f8b2500 0x000000058281a500 0 1 0 0 1 0 0 20552 656
0x00007d762f8b2580 0x000000058281a580 0 1 0 0 1 0 0 20552 664
0x00007d762f8b2600 0x000000058281a600 0 0 1 0 1 0 0 20552 656
0x00007d762f8b2680 0x000000058281a680 0 0 1 0 1 0 0 20552 664
0x00007d762f8b2700 0x000000058281a700 0 1 1 0 1 0 0 20552 656
0x00007d762f8b2780 0x000000058281a780 0 1 1 0 1 0 0 20552 664
0x00007d762f8b2800 0x000000058281a800 0 0 0 0 1 0 0 20552 672
0x00007d762f8b2880 0x000000058281a880 0 0 0 0 1 0 0 20552 680
0x00007d762f8b2900 0x000000058281a900 0 1 0 0 1 0 0 20552 672
0x00007d762f8b2980 0x000000058281a980 0 1 0 0 1 0 0 20552 680
0x00007d762f8b2a00 0x000000058281aa00 0 0 1 0 1 0 0 20552 672
0x00007d762f8b2a80 0x000000058281aa80 0 0 1 0 1 0 0 20552 680
0x00007d762f8b2b00 0x000000058281ab00 0 1 1 0 1 0 0 20552 672
0x00007d762f8b2b80 0x000000058281ab80 0 1 1 0 1 0 0 20552 680
0x00007d762f8b2c00 0x000000058281ac00 0 0 0 0 1 0 0 20552 688
0x00007d762f8b2c80 0x000000058281ac80 0 0 0 0 1 0 0 20552 696
0x00007d762f8b2d00 0x000000058281ad00 0 1 0 0 1 0 0 20552 688
0x00007d762f8b2d80 0x000000058281ad80 0 1 0 0 1 0 0 20552 696
0x00007d762f8b2e00 0x000000058281ae00 0 0 1 0 1 0 0 20552 688
0x00007d762f8b2e80 0x000000058281ae80 0 0 1 0 1 0 0 20552 696
0x00007d762f8b2f00 0x000000058281af00 0 1 1 0 1 0 0 20552 688
0x00007d762f8b2f80 0x000000058281af80 0 1 1 0 1 0 0 20552 696
0x00007d762f8c3000 0x0000000dec8a5000 0 0 0 0 0 0 0 56717 320
0x00007d762f8c3080 0x0000000dec8a5080 0 0 0 0 0 0 0 56717 328
0x00007d762f8c3100 0x0000000dec8a5100 0 1 0 0 0 0 0 56717 320
0x00007d762f8c3180 0x0000000dec8a5180 0 1 0 0 0 0 0 56717 328
0x00007d762f8c3200 0x0000000dec8a5200 0 0 1 0 0 0 0 56717 320
0x00007d762f8c3280 0x0000000dec8a5280 0 0 1 0 0 0 0 56717 328
0x00007d762f8c3300 0x0000000dec8a5300 0 1 1 0 0 0 0 56717 320
0x00007d762f8c3380 0x0000000dec8a5380 0 1 1 0 0 0 0 56717 328
0x00007d762f8c3400 0x0000000dec8a5400 0 0 0 0 0 0 0 56717 336
0x00007d762f8c3480 0x0000000dec8a5480 0 0 0 0 0 0 0 56717 344
0x00007d762f8c3500 0x0000000dec8a5500 0 1 0 0 0 0 0 56717 336
0x00007d762f8c3580 0x0000000dec8a5580 0 1 0 0 0 0 0 56717 344
0x00007d762f8c3600 0x0000000dec8a5600 0 0 1 0 0 0 0 56717 336
0x00007d762f8c3680 0x0000000dec8a5680 0 0 1 0 0 0 0 56717 344
0x00007d762f8c3700 0x0000000dec8a5700 0 1 1 0 0 0 0 56717 336
0x00007d762f8c3780 0x0000000dec8a5780 0 1 1 0 0 0 0 56717 344
0x00007d762f8c3800 0x0000000dec8a5800 0 0 0 0 0 0 0 56717 352
0x00007d762f8c3880 0x0000000dec8a5880 0 0 0 0 0 0 0 56717 360
0x00007d762f8c3900 0x0000000dec8a5900 0 1 0 0 0 0 0 56717 352
0x00007d762f8c3980 0x0000000dec8a5980 0 1 0 0 0 0 0 56717 360
0x00007d762f8c3a00 0x0000000dec8a5a00 0 0 1 0 0 0 0 56717 352
0x00007d762f8c3a80 0x0000000dec8a5a80 0 0 1 0 0 0 0 56717 360
0x00007d762f8c3b00 0x0000000dec8a5b00 0 1 1 0 0 0 0 56717 352
0x00007d762f8c3b80 0x0000000dec8a5b80 0 1 1 0 0 0 0 56717 360
0x00007d762f8c3c00 0x0000000dec8a5c00 0 0 0 0 0 0 0 56717 368
0x00007d762f8c3c80 0x0000000dec8a5c80 0 0 0 0 0 0 0 56717 376
0x00007d762f8c3d00 0x0000000dec8a5d00 0 1 0 0 0 0 0 56717 368
0x00007d762f8c3d80 0x0000000dec8a5d80 0 1 0 0 0 0 0 56717 376
0x00007d762f8c3e00 0x0000000dec8a5e00 0 0 1 0 0 0 0 56717 368
0x00007d762f8c3e80 0x0000000dec8a5e80 0 0 1 0 0 0 0 56717 376
0x00007d762f8c3f00 0x0000000dec8a5f00 0 1 1 0 0 0 0 56717 368
0x00007d762f8c3f80 0x0000000dec8a5f80 0 1 1 0 0 0 0 56717 376
0x00007d762f8ce000 0x000000058281f000 0 0 0 0 1 0 0 20552 960
0x00007d762f8ce080 0x000000058281f080 0 0 0 0 1 0 0 20552 968
0x00007d762f8ce100 0x000000058281f100 0 1 0 0 1 0 0 20552 960
0x00007d762f8ce180 0x000000058281f180 0 1 0 0 1 0 0 20552 968
0x00007d762f8ce200 0x000000058281f200 0 0 1 0 1 0 0 20552 960
0x00007d762f8ce280 0x000000058281f280 0 0 1 0 1 0 0 20552 968
0x00007d762f8ce300 0x000000058281f300 0 1 1 0 1 0 0 20552 960
0x00007d762f8ce380 0x000000058281f380 0 1 1 0 1 0 0 20552 968
0x00007d762f8ce400 0x000000058281f400 0 0 0 0 1 0 0 20552 976
0x00007d762f8ce480 0x000000058281f480 0 0 0 0 1 0 0 20552 984
0x00007d762f8ce500 0x000000058281f500 0 1 0 0 1 0 0 20552 976
0x00007d762f8ce580 0x000000058281f580 0 1 0 0 1 0 0 20552 984
0x00007d762f8ce600 0x000000058281f600 0 0 1 0 1 0 0 20552 976
0x00007d762f8ce680 0x000000058281f680 0 0 1 0 1 0 0 20552 984
0x00007d762f8ce700 0x000000058281f700 0 1 1 0 1 0 0 20552 976
0x00007d762f8ce780 0x000000058281f780 0 1 1 0 1 0 0 20552 984
0x00007d762f8ce800 0x000000058281f800 0 0 0 0 1 0 0 20552 992
0x00007d762f8ce880 0x000000058281f880 0 0 0 0 1 0 0 20552 1000
0x00007d762f8ce900 0x000000058281f900 0 1 0 0 1 0 0 20552 992
0x00007d762f8ce980 0x000000058281f980 0 1 0 0 1 0 0 20552 1000
0x00007d762f8cea00 0x000000058281fa00 0 0 1 0 1 0 0 20552 992
0x00007d762f8cea80 0x000000058281fa80 0 0 1 0 1 0 0 20552 1000
0x00007d762f8ceb00 0x000000058281fb00 0 1 1 0 1 0 0 20552 992
0x00007d762f8ceb80 0x000000058281fb80 0 1 1 0 1 0 0 20552 1000
0x00007d762f8cec00 0x000000058281fc00 0 0 0 0 1 0 0 20552 1008
0x00007d762f8cec80 0x000000058281fc80 0 0 0 0 1 0 0 20552 1016
0x00007d762f8ced00 0x000000058281fd00 0 1 0 0 1 0 0 20552 1008
0x00007d762f8ced80 0x000000058281fd80 0 1 0 0 1 0 0 20552 1016
0x00007d762f8cee00 0x000000058281fe00 0 0 1 0 1 0 0 20552 1008
0x00007d762f8cee80 0x000000058281fe80 0 0 1 0 1 0 0 20552 1016
0x00007d762f8cef00 0x000000058281ff00 0 1 1 0 1 0 0 20552 1008
0x00007d762f8cef80 0x000000058281ff80 0 1 1 0 1 0 0 20552 1016
0x00007d762f8d4000 0x0000000bc483b000 0 0 0 0 1 0 0 47241 704
0x00007d762f8d4080 0x0000000bc483b080 0 0 0 0 1 0 0 47241 712
0x00007d762f8d4100 0x0000000bc483b100 0 1 0 0 1 0 0 47241 704
0x00007d762f8d4180 0x0000000bc483b180 0 1 0 0 1 0 0 47241 712
0x00007d762f8d4200 0x0000000bc483b200 0 0 1 0 1 0 0 47241 704
0x00007d762f8d4280 0x0000000bc483b280 0 0 1 0 1 0 0 47241 712
0x00007d762f8d4300 0x0000000bc483b300 0 1 1 0 1 0 0 47241 704
0x00007d762f8d4380 0x0000000bc483b380 0 1 1 0 1 0 0 47241 712
0x00007d762f8d4400 0x0000000bc483b400 0 0 0 0 1 0 0 47241 720
0x00007d762f8d4480 0x0000000bc483b480 0 0 0 0 1 0 0 47241 728
0x00007d762f8d4500 0x0000000bc483b500 0 1 0 0 1 0 0 47241 720
0x00007d762f8d4580 0x0000000bc483b580 0 1 0 0 1 0 0 47241 728
0x00007d762f8d4600 0x0000000bc483b600 0 0 1 0 1 0 0 47241 720
0x00007d762f8d4680 0x0000000bc483b680 0 0 1 0 1 0 0 47241 728
0x00007d762f8d4700 0x0000000bc483b700 0 1 1 0 1 0 0 47241 720
0x00007d762f8d4780 0x0000000bc483b780 0 1 1 0 1 0 0 47241 728
0x00007d762f8d4800 0x0000000bc483b800 0 0 0 0 1 0 0 47241 736
0x00007d762f8d4880 0x0000000bc483b880 0 0 0 0 1 0 0 47241 744
0x00007d762f8d4900 0x0000000bc483b900 0 1 0 0 1 0 0 47241 736
0x00007d762f8d4980 0x0000000bc483b980 0 1 0 0 1 0 0 47241 744
0x00007d762f8d4a00 0x0000000bc483ba00 0 0 1 0 1 0 0 47241 736
0x00007d762f8d4a80 0x0000000bc483ba80 0 0 1 0 1 0 0 47241 744
0x00007d762f8d4b00 0x0000000bc483bb00 0 1 1 0 1 0 0 47241 736
0x00007d762f8d4b80 0x0000000bc483bb80 0 1 1 0 1 0 0 47241 744
0x00007d762f8d4c00 0x0000000bc483bc00 0 0 0 0 1 0 0 47241 752
0x00007d762f8d4c80 0x0000000bc483bc80 0 0 0 0 1 0 0 47241 760
0x00007d762f8d4d00 0x0000000bc483bd00 0 1 0 0 1 0 0 47241 752
0x00007d762f8d4d80 0x0000000bc483bd80 0 1 0 0 1 0 0 47241 760
0x00007d762f8d4e00 0x0000000bc483be00 0 0 1 0 1 0 0 47241 752
0x00007d762f8d4e80 0x0000000bc483be80 0 0 1 0 1 0 0 47241 760
0x00007d762f8d4f00 0x0000000bc483bf00 0 1 1 0 1 0 0 47241 752
0x00007d762f8d4f80 0x0000000bc483bf80 0 1 1 0 1 0 0 47241 760
0x00007d762f8da000 0x00000005bf869000 0 0 0 0 1 0 0 22507 64
0x00007d762f8da080 0x00000005bf869080 0 0 0 0 1 0 0 22507 72
0x00007d762f8da100 0x00000005bf869100 0 1 0 0 1 0 0 22507 64
0x00007d762f8da180 0x00000005bf869180 0 1 0 0 1 0 0 22507 72
0x00007d762f8da200 0x00000005bf869200 0 0 1 0 1 0 0 22507 64
0x00007d762f8da280 0x00000005bf869280 0 0 1 0 1 0 0 22507 72
0x00007d762f8da300 0x00000005bf869300 0 1 1 0 1 0 0 22507 64
0x00007d762f8da380 0x00000005bf869380 0 1 1 0 1 0 0 22507 72
0x00007d762f8da400 0x00000005bf869400 0 0 0 0 1 0 0 22507 80
0x00007d762f8da480 0x00000005bf869480 0 0 0 0 1 0 0 22507 88
0x00007d762f8da500 0x00000005bf869500 0 1 0 0 1 0 0 22507 80
0x00007d762f8da580 0x00000005bf869580 0 1 0 0 1 0 0 22507 88
0x00007d762f8da600 0x00000005bf869600 0 0 1 0 1 0 0 22507 80
0x00007d762f8da680 0x00000005bf869680 0 0 1 0 1 0 0 22507 88
0x00007d762f8da700 0x00000005bf869700 0 1 1 0 1 0 0 22507 80
0x00007d762f8da780 0x00000005bf869780 0 1 1 0 1 0 0 22507 88
0x00007d762f8da800 0x00000005bf869800 0 0 0 0 1 0 0 22507 96
0x00007d762f8da880 0x00000005bf869880 0 0 0 0 1 0 0 22507 104
0x00007d762f8da900 0x00000005bf869900 0 1 0 0 1 0 0 22507 96
0x00007d762f8da980 0x00000005bf869980 0 1 0 0 1 0 0 22507 104
0x00007d762f8daa00 0x00000005bf869a00 0 0 1 0 1 0 0 22507 96
0x00007d762f8daa80 0x00000005bf869a80 0 0 1 0 1 0 0 22507 104
0x00007d762f8dab00 0x00000005bf869b00 0 1 1 0 1 0 0 22507 96
0x00007d762f8dab80 0x00000005bf869b80 0 1 1 0 1 0 0 22507 104
0x00007d762f8dac00 0x00000005bf869c00 0 0 0 0 1 0 0 22507 112
0x00007d762f8dac80 0x00000005bf869c80 0 0 0 0 1 0 0 22507 120
0x00007d762f8dad00 0x00000005bf869d00 0 1 0 0 1 0 0 22507 112
0x00007d762f8dad80 0x00000005bf869d80 0 1 0 0 1 0 0 22507 120
0x00007d762f8dae00 0x00000005bf869e00 0 0 1 0 1 0 0 22507 112
0x00007d762f8dae80 0x00000005bf869e80 0 0 1 0 1 0 0 22507 120
0x00007d762f8daf00 0x00000005bf869f00 0 1 1 0 1 0 0 22507 112
0x00007d762f8daf80 0x00000005bf869f80 0 1 1 0 1 0 0 22507 120
0x00007d762f8db000 0x00000005f60a2000 0 0 0 0 0 0 0 24261 128
0x00007d762f8db080 0x00000005f60a2080 0 0 0 0 0 0 0 24261 136
0x00007d762f8db100 0x00000005f60a2100 0 1 0 0 0 0 0 24261 128
0x00007d762f8db180 0x00000005f60a2180 0 1 0 0 0 0 0 24261 136
0x00007d762f8db200 0x00000005f60a2200 0 0 1 0 0 0 0 24261 128
0x00007d762f8db280 0x00000005f60a2280 0 0 1 0 0 0 0 24261 136
0x00007d762f8db300 0x00000005f60a2300 0 1 1 0 0 0 0 24261 128
0x00007d762f8db380 0x00000005f60a2380 0 1 1 0 0 0 0 24261 136
0x00007d762f8db400 0x00000005f60a2400 0 0 0 0 0 0 0 24261 144
0x00007d762f8db480 0x00000005f60a2480 0 0 0 0 0 0 0 24261 152
0x00007d762f8db500 0x00000005f60a2500 0 1 0 0 0 0 0 24261 144
0x00007d762f8db580 0x00000005f60a2580 0 1 0 0 0 0 0 24261 152
0x00007d762f8db600 0x00000005f60a2600 0 0 1 0 0 0 0 24261 144
0x00007d762f8db680 0x00000005f60a2680 0 0 1 0 0 0 0 24261 152
0x00007d762f8db700 0x00000005f60a2700 0 1 1 0 0 0 0 24261 144
0x00007d762f8db780 0x00000005f60a2780 0 1 1 0 0 0 0 24261 152
0x00007d762f8db800 0x00000005f60a2800 0 0 0 0 0 0 0 24261 160
0x00007d762f8db880 0x00000005f60a2880 0 0 0 0 0 0 0 24261 168
0x00007d762f8db900 0x00000005f60a2900 0 1 0 0 0 0 0 24261 160
0x00007d762f8db980 0x00000005f60a2980 0 1 0 0 0 0 0 24261 168
0x00007d762f8dba00 0x00000005f60a2a00 0 0 1 0 0 0 0 24261 160
0x00007d762f8dba80 0x00000005f60a2a80 0 0 1 0 0 0 0 24261 168
0x00007d762f8dbb00 0x00000005f60a2b00 0 1 1 0 0 0 0 24261 160
0x00007d762f8dbb80 0x00000005f60a2b80 0 1 1 0 0 0 0 24261 168
0x00007d762f8dbc00 0x00000005f60a2c00 0 0 0 0 0 0 0 24261 176
0x00007d762f8dbc80 0x00000005f60a2c80 0 0 0 0 0 0 0 24261 184
0x00007d762f8dbd00 0x00000005f60a2d00 0 1 0 0 0 0 0 24261 176
0x00007d762f8dbd80 0x00000005f60a2d80 0 1 0 0 0 0 0 24261 184
0x00007d762f8dbe00 0x00000005f60a2e00 0 0 1 0 0 0 0 24261 176
0x00007d762f8dbe80 0x00000005f60a2e80 0 0 1 0 0 0 0 24261 184
0x00007d762f8dbf00 0x00000005f60a2f00 0 1 1 0 0 0 0 24261 176
0x00007d762f8dbf80 0x00000005f60a2f80 0 1 1 0 0 0 0 24261 184
0x00007d762f8e4000 0x00000009048e4000 0 0 0 0 0 0 0 32927 256
0x00007d762f8e4080 0x00000009048e4080 0 0 0 0 0 0 0 32927 264
0x00007d762f8e4100 0x00000009048e4100 0 1 0 0 0 0 0 32927 256
0x00007d762f8e4180 0x00000009048e4180 0 1 0 0 0 0 0 32927 264
0x00007d762f8e4200 0x00000009048e4200 0 0 1 0 0 0 0 32927 256
0x00007d762f8e4280 0x00000009048e4280 0 0 1 0 0 0 0 32927 264
0x00007d762f8e4300 0x00000009048e4300 0 1 1 0 0 0 0 32927 256
0x00007d762f8e4380 0x00000009048e4380 0 1 1 0 0 0 0 32927 264
0x00007d762f8e4400 0x00000009048e4400 0 0 0 0 0 0 0 32927 272
0x00007d762f8e4480 0x00000009048e4480 0 0 0 0 0 0 0 32927 280
0x00007d762f8e4500 0x00000009048e4500 0 1 0 0 0 0 0 32927 272
0x00007d762f8e4580 0x00000009048e4580 0 1 0 0 0 0 0 32927 280
0x00007d762f8e4600 0x00000009048e4600 0 0 1 0 0 0 0 32927 272
0x00007d762f8e4680 0x00000009048e4680 0 0 1 0 0 0 0 32927 280
0x00007d762f8e4700 0x00000009048e4700 0 1 1 0 0 0 0 32927 272
0x00007d762f8e4780 0x00000009048e4780 0 1 1 0 0 0 0 32927 280
0x00007d762f8e4800 0x00000009048e4800 0 0 0 0 0 0 0 32927 288
0x00007d762f8e4880 0x00000009048e4880 0 0 0 0 0 0 0 32927 296
0x00007d762f8e4900 0x00000009048e4900 0 1 0 0 0 0 0 32927 288
0x00007d762f8e4980 0x00000009048e4980 0 1 0 0 0 0 0 32927 296
0x00007d762f8e4a00 0x00000009048e4a00 0 0 1 0 0 0 0 32927 288
0x00007d762f8e4a80 0x00000009048e4a80 0 0 1 0 0 0 0 32927 296
0x00007d762f8e4b00 0x00000009048e4b00 0 1 1 0 0 0 0 32927 288
0x00007d762f8e4b80 0x00000009048e4b80 0 1 1 0 0 0 0 32927 296
0x00007d762f8e4c00 0x00000009048e4c00 0 0 0 0 0 0 0 32927 304
0x00007d762f8e4c80 0x00000009048e4c80 0 0 0 0 0 0 0 32927 312
0x00007d762f8e4d00 0x00000009048e4d00 0 1 0 0 0 0 0 32927 304
0x00007d762f8e4d80 0x00000009048e4d80 0 1 0 0 0 0 0 32927 312
0x00007d762f8e4e00 0x00000009048e4e00 0 0 1 0 0 0 0 32927 304
0x00007d762f8e4e80 0x00000009048e4e80 0 0 1 0 0 0 0 32927 312
0x00007d762f8e4f00 0x00000009048e4f00 0 1 1 0 0 0 0 32927 304
0x00007d762f8e4f80 0x00000009048e4f80 0 1 1 0 0 0 0 32927 312
0x00007d762f8ed000 0x0000000582812000 0 0 0 0 0 0 0 20552 640
0x00007d762f8ed080 0x0000000582812080 0 0 0 0 0 0 0 20552 648
0x00007d762f8ed100 0x0000000582812100 0 1 0 0 0 0 0 20552 640
0x00007d762f8ed180 0x0000000582812180 0 1 0 0 0 0 0 20552 648
0x00007d762f8ed200 0x0000000582812200 0 0 1 0 0 0 0 20552 640
0x00007d762f8ed280 0x0000000582812280 0 0 1 0 0 0 0 20552 648
0x00007d762f8ed300 0x0000000582812300 0 1 1 0 0 0 0 20552 640
0x00007d762f8ed380 0x0000000582812380 0 1 1 0 0 0 0 20552 648
0x00007d762f8ed400 0x0000000582812400 0 0 0 0 0 0 0 20552 656
0x00007d762f8ed480 0x0000000582812480 0 0 0 0 0 0 0 20552 664
0x00007d762f8ed500 0x0000000582812500 0 1 0 0 0 0 0 20552 656
0x00007d762f8ed580 0x0000000582812580 0 1 0 0 0 0 0 20552 664
0x00007d762f8ed600 0x0000000582812600 0 0 1 0 0 0 0 20552 656
0x00007d762f8ed680 0x0000000582812680 0 0 1 0 0 0 0 20552 664
0x00007d762f8ed700 0x0000000582812700 0 1 1 0 0 0 0 20552 656
0x00007d762f8ed780 0x0000000582812780 0 1 1 0 0 0 0 20552 664
0x00007d762f8ed800 0x0000000582812800 0 0 0 0 0 0 0 20552 672
0x00007d762f8ed880 0x0000000582812880 0 0 0 0 0 0 0 20552 680
0x00007d762f8ed900 0x0000000582812900 0 1 0 0 0 0 0 20552 672
0x00007d762f8ed980 0x0000000582812980 0 1 0 0 0 0 0 20552 680
0x00007d762f8eda00 0x0000000582812a00 0 0 1 0 0 0 0 20552 672
0x00007d762f8eda80 0x0000000582812a80 0 0 1 0 0 0 0 20552 680
0x00007d762f8edb00 0x0000000582812b00 0 1 1 0 0 0 0 20552 672
0x00007d762f8edb80 0x0000000582812b80 0 1 1 0 0 0 0 20552 680
0x00007d762f8edc00 0x0000000582812c00 0 0 0 0 0 0 0 20552 688
0x00007d762f8edc80 0x0000000582812c80 0 0 0 0 0 0 0 20552 696
0x00007d762f8edd00 0x0000000582812d00 0 1 0 0 0 0 0 20552 688
0x00007d762f8edd80 0x0000000582812d80 0 1 0 0 0 0 0 20552 696
0x00007d762f8ede00 0x0000000582812e00 0 0 1 0 0 0 0 20552 688
0x00007d762f8ede80 0x0000000582812e80 0 0 1 0 0 0 0 20552 696
0x00007d762f8edf00 0x0000000582812f00 0 1 1 0 0 0 0 20552 688
0x00007d762f8edf80 0x0000000582812f80 0 1 1 0 0 0 0 20552 696
0x00007d762f8f7000 0x00000009048e6000 0 0 0 0 0 0 0 32927 384
0x00007d762f8f7080 0x00000009048e6080 0 0 0 0 0 0 0 32927 392
0x00007d762f8f7100 0x00000009048e6100 0 1 0 0 0 0 0 32927 384
0x00007d762f8f7180 0x00000009048e6180 0 1 0 0 0 0 0 32927 392
0x00007d762f8f7200 0x00000009048e6200 0 0 1 0 0 0 0 32927 384
0x00007d762f8f7280 0x00000009048e6280 0 0 1 0 0 0 0 32927 392
0x00007d762f8f7300 0x00000009048e6300 0 1 1 0 0 0 0 32927 384
0x00007d762f8f7380 0x00000009048e6380 0 1 1 0 0 0 0 32927 392
0x00007d762f8f7400 0x00000009048e6400 0 0 0 0 0 0 0 32927 400
0x00007d762f8f7480 0x00000009048e6480 0 0 0 0 0 0 0 32927 408
0x00007d762f8f7500 0x00000009048e6500 0 1 0 0 0 0 0 32927 400
0x00007d762f8f7580 0x00000009048e6580 0 1 0 0 0 0 0 32927 408
0x00007d762f8f7600 0x00000009048e6600 0 0 1 0 0 0 0 32927 400
0x00007d762f8f7680 0x00000009048e6680 0 0 1 0 0 0 0 32927 408
0x00007d762f8f7700 0x00000009048e6700 0 1 1 0 0 0 0 32927 400
0x00007d762f8f7780 0x00000009048e6780 0 1 1 0 0 0 0 32927 408
0x00007d762f8f7800 0x00000009048e6800 0 0 0 0 0 0 0 32927 416
0x00007d762f8f7880 0x00000009048e6880 0 0 0 0 0 0 0 32927 424
0x00007d762f8f7900 0x00000009048e6900 0 1 0 0 0 0 0 32927 416
0x00007d762f8f7980 0x00000009048e6980 0 1 0 0 0 0 0 32927 424
0x00007d762f8f7a00 0x00000009048e6a00 0 0 1 0 0 0 0 32927 416
0x00007d762f8f7a80 0x00000009048e6a80 0 0 1 0 0 0 0 32927 424
0x00007d762f8f7b00 0x00000009048e6b00 0 1 1 0 0 0 0 32927 416
0x00007d762f8f7b80 0x00000009048e6b80 0 1 1 0 0 0 0 32927 424
0x00007d762f8f7c00 0x00000009048e6c00 0 0 0 0 0 0 0 32927 432
0x00007d762f8f7c80 0x00000009048e6c80 0 0 0 0 0 0 0 32927 440
0x00007d762f8f7d00 0x00000009048e6d00 0 1 0 0 0 0 0 32927 432
0x00007d762f8f7d80 0x00000009048e6d80 0 1 0 0 0 0 0 32927 440
0x00007d762f8f7e00 0x00000009048e6e00 0 0 1 0 0 0 0 32927 432
0x00007d762f8f7e80 0x00000009048e6e80 0 0 1 0 0 0 0 32927 440
0x00007d762f8f7f00 0x00000009048e6f00 0 1 1 0 0 0 0 32927 432
0x00007d762f8f7f80 0x00000009048e6f80 0 1 1 0 0 0 0 32927 440
0x00007d762f8ff000 0x000000058281d000 0 0 0 0 1 0 0 20552 832
0x00007d762f8ff080 0x000000058281d080 0 0 0 0 1 0 0 20552 840
0x00007d762f8ff100 0x000000058281d100 0 1 0 0 1 0 0 20552 832
0x00007d762f8ff180 0x000000058281d180 0 1 0 0 1 0 0 20552 840
0x00007d762f8ff200 0x000000058281d200 0 0 1 0 1 0 0 20552 832
0x00007d762f8ff280 0x000000058281d280 0 0 1 0 1 0 0 20552 840
0x00007d762f8ff300 0x000000058281d300 0 1 1 0 1 0 0 20552 832
0x00007d762f8ff380 0x000000058281d380 0 1 1 0 1 0 0 20552 840
0x00007d762f8ff400 0x000000058281d400 0 0 0 0 1 0 0 20552 848
0x00007d762f8ff480 0x000000058281d480 0 0 0 0 1 0 0 20552 856
0x00007d762f8ff500 0x000000058281d500 0 1 0 0 1 0 0 20552 848
0x00007d762f8ff580 0x000000058281d580 0 1 0 0 1 0 0 20552 856
0x00007d762f8ff600 0x000000058281d600 0 0 1 0 1 0 0 20552 848
0x00007d762f8ff680 0x000000058281d680 0 0 1 0 1 0 0 20552 856
0x00007d762f8ff700 0x000000058281d700 0 1 1 0 1 0 0 20552 848
0x00007d762f8ff780 0x000000058281d780 0 1 1 0 1 0 0 20552 856
0x00007d762f8ff800 0x000000058281d800 0 0 0 0 1 0 0 20552 864
0x00007d762f8ff880 0x000000058281d880 0 0 0 0 1 0 0 20552 872
0x00007d762f8ff900 0x000000058281d900 0 1 0 0 1 0 0 20552 864
0x00007d762f8ff980 0x000000058281d980 0 1 0 0 1 0 0 20552 872
0x00007d762f8ffa00 0x000000058281da00 0 0 1 0 1 0 0 20552 864
0x00007d762f8ffa80 0x000000058281da80 0 0 1 0 1 0 0 20552 872
0x00007d762f8ffb00 0x000000058281db00 0 1 1 0 1 0 0 20552 864
0x00007d762f8ffb80 0x000000058281db80 0 1 1 0 1 0 0 20552 872
0x00007d762f8ffc00 0x000000058281dc00 0 0 0 0 1 0 0 20552 880
0x00007d762f8ffc80 0x000000058281dc80 0 0 0 0 1 0 0 20552 888
0x00007d762f8ffd00 0x000000058281dd00 0 1 0 0 1 0 0 20552 880
0x00007d762f8ffd80 0x000000058281dd80 0 1 0 0 1 0 0 20552 888
0x00007d762f8ffe00 0x000000058281de00 0 0 1 0 1 0 0 20552 880
0x00007d762f8ffe80 0x000000058281de80 0 0 1 0 1 0 0 20552 888
0x00007d762f8fff00 0x000000058281df00 0 1 1 0 1 0 0 20552 880
0x00007d762f8fff80 0x000000058281df80 0 1 1 0 1 0 0 20552 888
0x00007d762f90c000 0x0000000e058c6000 0 0 0 0 0 0 0 53438 384
0x00007d762f90c080 0x0000000e058c6080 0 0 0 0 0 0 0 53438 392
0x00007d762f90c100 0x0000000e058c6100 0 1 0 0 0 0 0 53438 384
0x00007d762f90c180 0x0000000e058c6180 0 1 0 0 0 0 0 53438 392
0x00007d762f90c200 0x0000000e058c6200 0 0 1 0 0 0 0 53438 384
0x00007d762f90c280 0x0000000e058c6280 0 0 1 0 0 0 0 53438 392
0x00007d762f90c300 0x0000000e058c6300 0 1 1 0 0 0 0 53438 384
0x00007d762f90c380 0x0000000e058c6380 0 1 1 0 0 0 0 53438 392
